t,x,y,z,qw,qx,qy,qz,s1_x,s1_y,s1_z,s1_qw,s1_qx,s1_qy,s1_qz,s2_x,s2_y,s2_z,s2_qw,s2_qx,s2_qy,s2_qz,s3_x,s3_y,s3_z,s3_qw,s3_qx,s3_qy,s3_qz
0.007,-0.01547,-0.01321,0.12960,-0.40775,-0.19129,-0.22540,0.86391,NaN,NaN,NaN,NaN,NaN,NaN,NaN,NaN,NaN,NaN,NaN,NaN,NaN,NaN,NaN,NaN,NaN,NaN,NaN,NaN,NaN,
0.032,-0.01547,-0.01320,0.12960,-0.40774,-0.19131,-0.22540,0.86391,NaN,NaN,NaN,NaN,NaN,NaN,NaN,NaN,NaN,NaN,NaN,NaN,NaN,NaN,NaN,NaN,NaN,NaN,NaN,NaN,NaN,
0.057,-0.01546,-0.01321,0.12959,-0.40776,-0.19130,-0.22539,0.86391,NaN,NaN,NaN,NaN,NaN,NaN,NaN,NaN,NaN,NaN,NaN,NaN,NaN,NaN,NaN,NaN,NaN,NaN,NaN,NaN,NaN,
0.082,-0.01546,-0.01321,0.12960,-0.40775,-0.19127,-0.22542,0.86391,NaN,NaN,NaN,NaN,NaN,NaN,NaN,NaN,NaN,NaN,NaN,NaN,NaN,NaN,NaN,NaN,NaN,NaN,NaN,NaN,NaN,
0.107,-0.01546,-0.01321,0.12960,-0.40776,-0.19128,-0.22541,0.86391,NaN,NaN,NaN,NaN,NaN,NaN,NaN,NaN,NaN,NaN,NaN,NaN,NaN,NaN,NaN,NaN,NaN,NaN,NaN,NaN,NaN,
0.132,-0.01546,-0.01321,0.12960,-0.40777,-0.19128,-0.22540,0.86391,NaN,NaN,NaN,NaN,NaN,NaN,NaN,NaN,NaN,NaN,NaN,NaN,NaN,NaN,NaN,NaN,NaN,NaN,NaN,NaN,NaN,
0.157,-0.01546,-0.01321,0.12960,-0.40778,-0.19127,-0.22539,0.86391,NaN,NaN,NaN,NaN,NaN,NaN,NaN,NaN,NaN,NaN,NaN,NaN,NaN,NaN,NaN,NaN,NaN,NaN,NaN,NaN,NaN,
0.182,-0.01546,-0.01321,0.12960,-0.40777,-0.19128,-0.22539,0.86391,NaN,NaN,NaN,NaN,NaN,NaN,NaN,NaN,NaN,NaN,NaN,NaN,NaN,NaN,NaN,NaN,NaN,NaN,NaN,NaN,NaN,
0.207,-0.01546,-0.01321,0.12960,-0.40778,-0.19129,-0.22537,0.86391,NaN,NaN,NaN,NaN,NaN,NaN,NaN,NaN,NaN,NaN,NaN,NaN,NaN,NaN,NaN,NaN,NaN,NaN,NaN,NaN,NaN,
0.232,-0.01546,-0.01321,0.12960,-0.40778,-0.19129,-0.22537,0.86391,NaN,NaN,NaN,NaN,NaN,NaN,NaN,NaN,NaN,NaN,NaN,NaN,NaN,NaN,NaN,NaN,NaN,NaN,NaN,NaN,NaN,
0.257,-0.01546,-0.01321,0.12960,-0.40778,-0.19129,-0.22536,0.86391,NaN,NaN,NaN,NaN,NaN,NaN,NaN,NaN,NaN,NaN,NaN,NaN,NaN,NaN,NaN,NaN,NaN,NaN,NaN,NaN,NaN,
0.282,-0.01546,-0.01321,0.12960,-0.40778,-0.19129,-0.22537,0.86391,NaN,NaN,NaN,NaN,NaN,NaN,NaN,NaN,NaN,NaN,NaN,NaN,NaN,NaN,NaN,NaN,NaN,NaN,NaN,NaN,NaN,
0.307,-0.01546,-0.01321,0.12960,-0.40777,-0.19130,-0.22537,0.86391,NaN,NaN,NaN,NaN,NaN,NaN,NaN,NaN,NaN,NaN,NaN,NaN,NaN,NaN,NaN,NaN,NaN,NaN,NaN,NaN,NaN,
0.332,-0.01546,-0.01320,0.12960,-0.40778,-0.19131,-0.22535,0.86391,NaN,NaN,NaN,NaN,NaN,NaN,NaN,NaN,NaN,NaN,NaN,NaN,NaN,NaN,NaN,NaN,NaN,NaN,NaN,NaN,NaN,
0.357,-0.01546,-0.01321,0.12960,-0.40778,-0.19130,-0.22535,0.86391,NaN,NaN,NaN,NaN,NaN,NaN,NaN,NaN,NaN,NaN,NaN,NaN,NaN,NaN,NaN,NaN,NaN,NaN,NaN,NaN,NaN,
0.382,-0.01546,-0.01321,0.12960,-0.40778,-0.19131,-0.22535,0.86391,NaN,NaN,NaN,NaN,NaN,NaN,NaN,NaN,NaN,NaN,NaN,NaN,NaN,NaN,NaN,NaN,NaN,NaN,NaN,NaN,NaN,
0.407,-0.01546,-0.01321,0.12960,-0.40777,-0.19131,-0.22535,0.86391,NaN,NaN,NaN,NaN,NaN,NaN,NaN,NaN,NaN,NaN,NaN,NaN,NaN,NaN,NaN,NaN,NaN,NaN,NaN,NaN,NaN,
0.432,-0.01545,-0.01321,0.12960,-0.40779,-0.19130,-0.22534,0.86390,NaN,NaN,NaN,NaN,NaN,NaN,NaN,NaN,NaN,NaN,NaN,NaN,NaN,NaN,NaN,NaN,NaN,NaN,NaN,NaN,NaN,
0.457,-0.01546,-0.01321,0.12960,-0.40778,-0.19129,-0.22536,0.86390,NaN,NaN,NaN,NaN,NaN,NaN,NaN,NaN,NaN,NaN,NaN,NaN,NaN,NaN,NaN,NaN,NaN,NaN,NaN,NaN,NaN,
0.482,-0.01546,-0.01321,0.12960,-0.40778,-0.19131,-0.22535,0.86391,NaN,NaN,NaN,NaN,NaN,NaN,NaN,NaN,NaN,NaN,NaN,NaN,NaN,NaN,NaN,NaN,NaN,NaN,NaN,NaN,NaN,
0.507,-0.01546,-0.01321,0.12959,-0.40777,-0.19131,-0.22536,0.86391,NaN,NaN,NaN,NaN,NaN,NaN,NaN,NaN,NaN,NaN,NaN,NaN,NaN,NaN,NaN,NaN,NaN,NaN,NaN,NaN,NaN,
0.532,-0.01546,-0.01322,0.12959,-0.40779,-0.19131,-0.22535,0.86390,NaN,NaN,NaN,NaN,NaN,NaN,NaN,NaN,NaN,NaN,NaN,NaN,NaN,NaN,NaN,NaN,NaN,NaN,NaN,NaN,NaN,
0.557,-0.01546,-0.01321,0.12960,-0.40777,-0.19131,-0.22536,0.86391,NaN,NaN,NaN,NaN,NaN,NaN,NaN,NaN,NaN,NaN,NaN,NaN,NaN,NaN,NaN,NaN,NaN,NaN,NaN,NaN,NaN,
0.582,-0.01547,-0.01321,0.12959,-0.40778,-0.19132,-0.22534,0.86391,NaN,NaN,NaN,NaN,NaN,NaN,NaN,NaN,NaN,NaN,NaN,NaN,NaN,NaN,NaN,NaN,NaN,NaN,NaN,NaN,NaN,
0.607,-0.01547,-0.01321,0.12959,-0.40777,-0.19132,-0.22535,0.86391,NaN,NaN,NaN,NaN,NaN,NaN,NaN,NaN,NaN,NaN,NaN,NaN,NaN,NaN,NaN,NaN,NaN,NaN,NaN,NaN,NaN,
0.632,-0.01547,-0.01321,0.12959,-0.40777,-0.19133,-0.22534,0.86391,NaN,NaN,NaN,NaN,NaN,NaN,NaN,NaN,NaN,NaN,NaN,NaN,NaN,NaN,NaN,NaN,NaN,NaN,NaN,NaN,NaN,
0.657,-0.01547,-0.01321,0.12959,-0.40776,-0.19134,-0.22535,0.86391,NaN,NaN,NaN,NaN,NaN,NaN,NaN,NaN,NaN,NaN,NaN,NaN,NaN,NaN,NaN,NaN,NaN,NaN,NaN,NaN,NaN,
0.682,-0.01548,-0.01321,0.12959,-0.40777,-0.19134,-0.22534,0.86391,NaN,NaN,NaN,NaN,NaN,NaN,NaN,NaN,NaN,NaN,NaN,NaN,NaN,NaN,NaN,NaN,NaN,NaN,NaN,NaN,NaN,
0.707,-0.01548,-0.01320,0.12959,-0.40776,-0.19134,-0.22534,0.86391,NaN,NaN,NaN,NaN,NaN,NaN,NaN,NaN,NaN,NaN,NaN,NaN,NaN,NaN,NaN,NaN,NaN,NaN,NaN,NaN,NaN,
0.732,-0.01548,-0.01320,0.12959,-0.40777,-0.19135,-0.22533,0.86391,NaN,NaN,NaN,NaN,NaN,NaN,NaN,NaN,NaN,NaN,NaN,NaN,NaN,NaN,NaN,NaN,NaN,NaN,NaN,NaN,NaN,
0.757,-0.01548,-0.01320,0.12959,-0.40776,-0.19134,-0.22534,0.86391,NaN,NaN,NaN,NaN,NaN,NaN,NaN,NaN,NaN,NaN,NaN,NaN,NaN,NaN,NaN,NaN,NaN,NaN,NaN,NaN,NaN,
0.782,-0.01548,-0.01320,0.12959,-0.40777,-0.19135,-0.22533,0.86391,NaN,NaN,NaN,NaN,NaN,NaN,NaN,NaN,NaN,NaN,NaN,NaN,NaN,NaN,NaN,NaN,NaN,NaN,NaN,NaN,NaN,
0.807,-0.01548,-0.01320,0.12959,-0.40777,-0.19135,-0.22533,0.86391,NaN,NaN,NaN,NaN,NaN,NaN,NaN,NaN,NaN,NaN,NaN,NaN,NaN,NaN,NaN,NaN,NaN,NaN,NaN,NaN,NaN,
0.832,-0.01548,-0.01320,0.12959,-0.40777,-0.19135,-0.22533,0.86391,NaN,NaN,NaN,NaN,NaN,NaN,NaN,NaN,NaN,NaN,NaN,NaN,NaN,NaN,NaN,NaN,NaN,NaN,NaN,NaN,NaN,
0.857,-0.01548,-0.01320,0.12959,-0.40776,-0.19135,-0.22533,0.86391,NaN,NaN,NaN,NaN,NaN,NaN,NaN,NaN,NaN,NaN,NaN,NaN,NaN,NaN,NaN,NaN,NaN,NaN,NaN,NaN,NaN,
0.882,-0.01548,-0.01320,0.12959,-0.40776,-0.19134,-0.22535,0.86391,NaN,NaN,NaN,NaN,NaN,NaN,NaN,NaN,NaN,NaN,NaN,NaN,NaN,NaN,NaN,NaN,NaN,NaN,NaN,NaN,NaN,
0.907,-0.01548,-0.01320,0.12959,-0.40776,-0.19134,-0.22535,0.86391,NaN,NaN,NaN,NaN,NaN,NaN,NaN,NaN,NaN,NaN,NaN,NaN,NaN,NaN,NaN,NaN,NaN,NaN,NaN,NaN,NaN,
0.932,-0.01548,-0.01320,0.12959,-0.40776,-0.19134,-0.22535,0.86391,NaN,NaN,NaN,NaN,NaN,NaN,NaN,NaN,NaN,NaN,NaN,NaN,NaN,NaN,NaN,NaN,NaN,NaN,NaN,NaN,NaN,
0.957,-0.01548,-0.01320,0.12959,-0.40776,-0.19133,-0.22535,0.86391,NaN,NaN,NaN,NaN,NaN,NaN,NaN,NaN,NaN,NaN,NaN,NaN,NaN,NaN,NaN,NaN,NaN,NaN,NaN,NaN,NaN,
0.982,-0.01548,-0.01320,0.12959,-0.40775,-0.19133,-0.22537,0.86391,NaN,NaN,NaN,NaN,NaN,NaN,NaN,NaN,NaN,NaN,NaN,NaN,NaN,NaN,NaN,NaN,NaN,NaN,NaN,NaN,NaN,
1.007,-0.01547,-0.01320,0.12959,-0.40776,-0.19133,-0.22536,0.86391,NaN,NaN,NaN,NaN,NaN,NaN,NaN,NaN,NaN,NaN,NaN,NaN,NaN,NaN,NaN,NaN,NaN,NaN,NaN,NaN,NaN,
1.032,-0.01547,-0.01320,0.12959,-0.40774,-0.19131,-0.22539,0.86391,NaN,NaN,NaN,NaN,NaN,NaN,NaN,NaN,NaN,NaN,NaN,NaN,NaN,NaN,NaN,NaN,NaN,NaN,NaN,NaN,NaN,
1.057,-0.01547,-0.01320,0.12959,-0.40775,-0.19131,-0.22539,0.86391,NaN,NaN,NaN,NaN,NaN,NaN,NaN,NaN,NaN,NaN,NaN,NaN,NaN,NaN,NaN,NaN,NaN,NaN,NaN,NaN,NaN,
1.082,-0.01547,-0.01321,0.12959,-0.40774,-0.19130,-0.22541,0.86391,NaN,NaN,NaN,NaN,NaN,NaN,NaN,NaN,NaN,NaN,NaN,NaN,NaN,NaN,NaN,NaN,NaN,NaN,NaN,NaN,NaN,
1.107,-0.01548,-0.01321,0.12959,-0.40774,-0.19129,-0.22541,0.86391,NaN,NaN,NaN,NaN,NaN,NaN,NaN,NaN,NaN,NaN,NaN,NaN,NaN,NaN,NaN,NaN,NaN,NaN,NaN,NaN,NaN,
1.132,-0.01547,-0.01321,0.12959,-0.40773,-0.19129,-0.22542,0.86391,NaN,NaN,NaN,NaN,NaN,NaN,NaN,NaN,NaN,NaN,NaN,NaN,NaN,NaN,NaN,NaN,NaN,NaN,NaN,NaN,NaN,
1.157,-0.01547,-0.01321,0.12959,-0.40775,-0.19128,-0.22542,0.86391,NaN,NaN,NaN,NaN,NaN,NaN,NaN,NaN,NaN,NaN,NaN,NaN,NaN,NaN,NaN,NaN,NaN,NaN,NaN,NaN,NaN,
1.182,-0.01547,-0.01321,0.12960,-0.40774,-0.19128,-0.22543,0.86391,NaN,NaN,NaN,NaN,NaN,NaN,NaN,NaN,NaN,NaN,NaN,NaN,NaN,NaN,NaN,NaN,NaN,NaN,NaN,NaN,NaN,
1.207,-0.01547,-0.01322,0.12959,-0.40774,-0.19127,-0.22544,0.86391,NaN,NaN,NaN,NaN,NaN,NaN,NaN,NaN,NaN,NaN,NaN,NaN,NaN,NaN,NaN,NaN,NaN,NaN,NaN,NaN,NaN,
1.232,-0.01547,-0.01322,0.12960,-0.40775,-0.19125,-0.22544,0.86391,NaN,NaN,NaN,NaN,NaN,NaN,NaN,NaN,NaN,NaN,NaN,NaN,NaN,NaN,NaN,NaN,NaN,NaN,NaN,NaN,NaN,
1.257,-0.01547,-0.01322,0.12960,-0.40776,-0.19124,-0.22544,0.86391,NaN,NaN,NaN,NaN,NaN,NaN,NaN,NaN,NaN,NaN,NaN,NaN,NaN,NaN,NaN,NaN,NaN,NaN,NaN,NaN,NaN,
1.282,-0.01547,-0.01322,0.12960,-0.40775,-0.19124,-0.22545,0.86391,NaN,NaN,NaN,NaN,NaN,NaN,NaN,NaN,NaN,NaN,NaN,NaN,NaN,NaN,NaN,NaN,NaN,NaN,NaN,NaN,NaN,
1.307,-0.01547,-0.01322,0.12960,-0.40777,-0.19124,-0.22544,0.86391,NaN,NaN,NaN,NaN,NaN,NaN,NaN,NaN,NaN,NaN,NaN,NaN,NaN,NaN,NaN,NaN,NaN,NaN,NaN,NaN,NaN,
1.332,-0.01546,-0.01322,0.12960,-0.40776,-0.19124,-0.22544,0.86391,NaN,NaN,NaN,NaN,NaN,NaN,NaN,NaN,NaN,NaN,NaN,NaN,NaN,NaN,NaN,NaN,NaN,NaN,NaN,NaN,NaN,
1.357,-0.01546,-0.01322,0.12960,-0.40777,-0.19124,-0.22543,0.86390,NaN,NaN,NaN,NaN,NaN,NaN,NaN,NaN,NaN,NaN,NaN,NaN,NaN,NaN,NaN,NaN,NaN,NaN,NaN,NaN,NaN,
1.382,-0.01546,-0.01322,0.12960,-0.40778,-0.19123,-0.22543,0.86390,NaN,NaN,NaN,NaN,NaN,NaN,NaN,NaN,NaN,NaN,NaN,NaN,NaN,NaN,NaN,NaN,NaN,NaN,NaN,NaN,NaN,
1.407,-0.01546,-0.01322,0.12960,-0.40778,-0.19124,-0.22542,0.86390,NaN,NaN,NaN,NaN,NaN,NaN,NaN,NaN,NaN,NaN,NaN,NaN,NaN,NaN,NaN,NaN,NaN,NaN,NaN,NaN,NaN,
1.432,-0.01546,-0.01321,0.12960,-0.40778,-0.19125,-0.22541,0.86390,NaN,NaN,NaN,NaN,NaN,NaN,NaN,NaN,NaN,NaN,NaN,NaN,NaN,NaN,NaN,NaN,NaN,NaN,NaN,NaN,NaN,
1.457,-0.01546,-0.01322,0.12959,-0.40780,-0.19124,-0.22539,0.86390,NaN,NaN,NaN,NaN,NaN,NaN,NaN,NaN,NaN,NaN,NaN,NaN,NaN,NaN,NaN,NaN,NaN,NaN,NaN,NaN,NaN,
1.482,-0.01546,-0.01322,0.12960,-0.40780,-0.19124,-0.22540,0.86390,NaN,NaN,NaN,NaN,NaN,NaN,NaN,NaN,NaN,NaN,NaN,NaN,NaN,NaN,NaN,NaN,NaN,NaN,NaN,NaN,NaN,
1.507,-0.01546,-0.01321,0.12960,-0.40779,-0.19126,-0.22539,0.86390,NaN,NaN,NaN,NaN,NaN,NaN,NaN,NaN,NaN,NaN,NaN,NaN,NaN,NaN,NaN,NaN,NaN,NaN,NaN,NaN,NaN,
1.532,-0.01546,-0.01321,0.12959,-0.40780,-0.19127,-0.22537,0.86390,NaN,NaN,NaN,NaN,NaN,NaN,NaN,NaN,NaN,NaN,NaN,NaN,NaN,NaN,NaN,NaN,NaN,NaN,NaN,NaN,NaN,
1.557,-0.01545,-0.01322,0.12959,-0.40780,-0.19125,-0.22538,0.86390,NaN,NaN,NaN,NaN,NaN,NaN,NaN,NaN,NaN,NaN,NaN,NaN,NaN,NaN,NaN,NaN,NaN,NaN,NaN,NaN,NaN,
1.582,-0.01546,-0.01322,0.12960,-0.40780,-0.19125,-0.22538,0.86390,NaN,NaN,NaN,NaN,NaN,NaN,NaN,NaN,NaN,NaN,NaN,NaN,NaN,NaN,NaN,NaN,NaN,NaN,NaN,NaN,NaN,
1.607,-0.01546,-0.01321,0.12960,-0.40779,-0.19127,-0.22538,0.86390,NaN,NaN,NaN,NaN,NaN,NaN,NaN,NaN,NaN,NaN,NaN,NaN,NaN,NaN,NaN,NaN,NaN,NaN,NaN,NaN,NaN,
1.632,-0.01545,-0.01321,0.12959,-0.40781,-0.19127,-0.22536,0.86390,NaN,NaN,NaN,NaN,NaN,NaN,NaN,NaN,NaN,NaN,NaN,NaN,NaN,NaN,NaN,NaN,NaN,NaN,NaN,NaN,NaN,
1.657,-0.01545,-0.01322,0.12959,-0.40782,-0.19125,-0.22537,0.86390,NaN,NaN,NaN,NaN,NaN,NaN,NaN,NaN,NaN,NaN,NaN,NaN,NaN,NaN,NaN,NaN,NaN,NaN,NaN,NaN,NaN,
1.682,-0.01546,-0.01322,0.12959,-0.40781,-0.19126,-0.22536,0.86390,NaN,NaN,NaN,NaN,NaN,NaN,NaN,NaN,NaN,NaN,NaN,NaN,NaN,NaN,NaN,NaN,NaN,NaN,NaN,NaN,NaN,
1.707,-0.01546,-0.01321,0.12959,-0.40780,-0.19127,-0.22537,0.86390,NaN,NaN,NaN,NaN,NaN,NaN,NaN,NaN,NaN,NaN,NaN,NaN,NaN,NaN,NaN,NaN,NaN,NaN,NaN,NaN,NaN,
1.732,-0.01546,-0.01321,0.12959,-0.40780,-0.19129,-0.22535,0.86390,NaN,NaN,NaN,NaN,NaN,NaN,NaN,NaN,NaN,NaN,NaN,NaN,NaN,NaN,NaN,NaN,NaN,NaN,NaN,NaN,NaN,
1.757,-0.01546,-0.01321,0.12958,-0.40781,-0.19128,-0.22535,0.86390,NaN,NaN,NaN,NaN,NaN,NaN,NaN,NaN,NaN,NaN,NaN,NaN,NaN,NaN,NaN,NaN,NaN,NaN,NaN,NaN,NaN,
1.782,-0.01547,-0.01321,0.12959,-0.40781,-0.19128,-0.22535,0.86390,NaN,NaN,NaN,NaN,NaN,NaN,NaN,NaN,NaN,NaN,NaN,NaN,NaN,NaN,NaN,NaN,NaN,NaN,NaN,NaN,NaN,
1.807,-0.01547,-0.01320,0.12959,-0.40779,-0.19129,-0.22535,0.86390,NaN,NaN,NaN,NaN,NaN,NaN,NaN,NaN,NaN,NaN,NaN,NaN,NaN,NaN,NaN,NaN,NaN,NaN,NaN,NaN,NaN,
1.832,-0.01547,-0.01321,0.12958,-0.40779,-0.19130,-0.22534,0.86390,NaN,NaN,NaN,NaN,NaN,NaN,NaN,NaN,NaN,NaN,NaN,NaN,NaN,NaN,NaN,NaN,NaN,NaN,NaN,NaN,NaN,
1.857,-0.01546,-0.01321,0.12958,-0.40781,-0.19129,-0.22534,0.86390,NaN,NaN,NaN,NaN,NaN,NaN,NaN,NaN,NaN,NaN,NaN,NaN,NaN,NaN,NaN,NaN,NaN,NaN,NaN,NaN,NaN,
1.882,-0.01547,-0.01321,0.12958,-0.40780,-0.19130,-0.22534,0.86390,NaN,NaN,NaN,NaN,NaN,NaN,NaN,NaN,NaN,NaN,NaN,NaN,NaN,NaN,NaN,NaN,NaN,NaN,NaN,NaN,NaN,
1.907,-0.01547,-0.01320,0.12958,-0.40778,-0.19132,-0.22534,0.86391,NaN,NaN,NaN,NaN,NaN,NaN,NaN,NaN,NaN,NaN,NaN,NaN,NaN,NaN,NaN,NaN,NaN,NaN,NaN,NaN,NaN,
1.932,-0.01547,-0.01321,0.12958,-0.40779,-0.19131,-0.22534,0.86390,NaN,NaN,NaN,NaN,NaN,NaN,NaN,NaN,NaN,NaN,NaN,NaN,NaN,NaN,NaN,NaN,NaN,NaN,NaN,NaN,NaN,
1.957,-0.01547,-0.01321,0.12958,-0.40779,-0.19130,-0.22535,0.86390,NaN,NaN,NaN,NaN,NaN,NaN,NaN,NaN,NaN,NaN,NaN,NaN,NaN,NaN,NaN,NaN,NaN,NaN,NaN,NaN,NaN,
1.982,-0.01547,-0.01321,0.12958,-0.40777,-0.19130,-0.22537,0.86391,NaN,NaN,NaN,NaN,NaN,NaN,NaN,NaN,NaN,NaN,NaN,NaN,NaN,NaN,NaN,NaN,NaN,NaN,NaN,NaN,NaN,
2.007,-0.01547,-0.01321,0.12958,-0.40776,-0.19131,-0.22537,0.86391,NaN,NaN,NaN,NaN,NaN,NaN,NaN,NaN,NaN,NaN,NaN,NaN,NaN,NaN,NaN,NaN,NaN,NaN,NaN,NaN,NaN,
2.032,-0.01547,-0.01321,0.12958,-0.40776,-0.19131,-0.22537,0.86391,NaN,NaN,NaN,NaN,NaN,NaN,NaN,NaN,NaN,NaN,NaN,NaN,NaN,NaN,NaN,NaN,NaN,NaN,NaN,NaN,NaN,
2.057,-0.01547,-0.01321,0.12959,-0.40775,-0.19130,-0.22539,0.86391,NaN,NaN,NaN,NaN,NaN,NaN,NaN,NaN,NaN,NaN,NaN,NaN,NaN,NaN,NaN,NaN,NaN,NaN,NaN,NaN,NaN,
2.082,-0.01548,-0.01321,0.12959,-0.40774,-0.19131,-0.22540,0.86391,NaN,NaN,NaN,NaN,NaN,NaN,NaN,NaN,NaN,NaN,NaN,NaN,NaN,NaN,NaN,NaN,NaN,NaN,NaN,NaN,NaN,
2.107,-0.01547,-0.01321,0.12959,-0.40774,-0.19131,-0.22540,0.86391,NaN,NaN,NaN,NaN,NaN,NaN,NaN,NaN,NaN,NaN,NaN,NaN,NaN,NaN,NaN,NaN,NaN,NaN,NaN,NaN,NaN,
2.132,-0.01547,-0.01322,0.12959,-0.40774,-0.19130,-0.22541,0.86391,NaN,NaN,NaN,NaN,NaN,NaN,NaN,NaN,NaN,NaN,NaN,NaN,NaN,NaN,NaN,NaN,NaN,NaN,NaN,NaN,NaN,
2.157,-0.01548,-0.01321,0.12959,-0.40774,-0.19130,-0.22541,0.86391,NaN,NaN,NaN,NaN,NaN,NaN,NaN,NaN,NaN,NaN,NaN,NaN,NaN,NaN,NaN,NaN,NaN,NaN,NaN,NaN,NaN,
2.182,-0.01548,-0.01321,0.12959,-0.40772,-0.19132,-0.22541,0.86391,NaN,NaN,NaN,NaN,NaN,NaN,NaN,NaN,NaN,NaN,NaN,NaN,NaN,NaN,NaN,NaN,NaN,NaN,NaN,NaN,NaN,
2.207,-0.01548,-0.01321,0.12959,-0.40773,-0.19131,-0.22542,0.86391,NaN,NaN,NaN,NaN,NaN,NaN,NaN,NaN,NaN,NaN,NaN,NaN,NaN,NaN,NaN,NaN,NaN,NaN,NaN,NaN,NaN,
2.232,-0.01548,-0.01321,0.12959,-0.40772,-0.19131,-0.22543,0.86392,NaN,NaN,NaN,NaN,NaN,NaN,NaN,NaN,NaN,NaN,NaN,NaN,NaN,NaN,NaN,NaN,NaN,NaN,NaN,NaN,NaN,
2.257,-0.01548,-0.01321,0.12959,-0.40772,-0.19131,-0.22542,0.86391,NaN,NaN,NaN,NaN,NaN,NaN,NaN,NaN,NaN,NaN,NaN,NaN,NaN,NaN,NaN,NaN,NaN,NaN,NaN,NaN,NaN,
2.282,-0.01548,-0.01321,0.12959,-0.40772,-0.19130,-0.22544,0.86392,NaN,NaN,NaN,NaN,NaN,NaN,NaN,NaN,NaN,NaN,NaN,NaN,NaN,NaN,NaN,NaN,NaN,NaN,NaN,NaN,NaN,
2.307,-0.01548,-0.01321,0.12959,-0.40772,-0.19130,-0.22543,0.86391,NaN,NaN,NaN,NaN,NaN,NaN,NaN,NaN,NaN,NaN,NaN,NaN,NaN,NaN,NaN,NaN,NaN,NaN,NaN,NaN,NaN,
2.332,-0.01548,-0.01321,0.12959,-0.40771,-0.19130,-0.22545,0.86392,NaN,NaN,NaN,NaN,NaN,NaN,NaN,NaN,NaN,NaN,NaN,NaN,NaN,NaN,NaN,NaN,NaN,NaN,NaN,NaN,NaN,
2.357,-0.01548,-0.01321,0.12960,-0.40771,-0.19129,-0.22546,0.86392,NaN,NaN,NaN,NaN,NaN,NaN,NaN,NaN,NaN,NaN,NaN,NaN,NaN,NaN,NaN,NaN,NaN,NaN,NaN,NaN,NaN,
2.382,-0.01548,-0.01321,0.12960,-0.40771,-0.19129,-0.22545,0.86392,NaN,NaN,NaN,NaN,NaN,NaN,NaN,NaN,NaN,NaN,NaN,NaN,NaN,NaN,NaN,NaN,NaN,NaN,NaN,NaN,NaN,
2.407,-0.01548,-0.01321,0.12960,-0.40772,-0.19129,-0.22545,0.86391,NaN,NaN,NaN,NaN,NaN,NaN,NaN,NaN,NaN,NaN,NaN,NaN,NaN,NaN,NaN,NaN,NaN,NaN,NaN,NaN,NaN,
2.432,-0.01548,-0.01321,0.12960,-0.40771,-0.19127,-0.22547,0.86391,NaN,NaN,NaN,NaN,NaN,NaN,NaN,NaN,NaN,NaN,NaN,NaN,NaN,NaN,NaN,NaN,NaN,NaN,NaN,NaN,NaN,
2.457,-0.01548,-0.01322,0.12960,-0.40772,-0.19127,-0.22546,0.86391,NaN,NaN,NaN,NaN,NaN,NaN,NaN,NaN,NaN,NaN,NaN,NaN,NaN,NaN,NaN,NaN,NaN,NaN,NaN,NaN,NaN,
2.482,-0.01547,-0.01322,0.12960,-0.40773,-0.19126,-0.22545,0.86391,NaN,NaN,NaN,NaN,NaN,NaN,NaN,NaN,NaN,NaN,NaN,NaN,NaN,NaN,NaN,NaN,NaN,NaN,NaN,NaN,NaN,
2.507,-0.01547,-0.01322,0.12960,-0.40773,-0.19127,-0.22545,0.86391,NaN,NaN,NaN,NaN,NaN,NaN,NaN,NaN,NaN,NaN,NaN,NaN,NaN,NaN,NaN,NaN,NaN,NaN,NaN,NaN,NaN,
2.532,-0.01547,-0.01322,0.12960,-0.40775,-0.19126,-0.22544,0.86391,NaN,NaN,NaN,NaN,NaN,NaN,NaN,NaN,NaN,NaN,NaN,NaN,NaN,NaN,NaN,NaN,NaN,NaN,NaN,NaN,NaN,
2.557,-0.01547,-0.01322,0.12960,-0.40776,-0.19126,-0.22543,0.86391,NaN,NaN,NaN,NaN,NaN,NaN,NaN,NaN,NaN,NaN,NaN,NaN,NaN,NaN,NaN,NaN,NaN,NaN,NaN,NaN,NaN,
2.582,-0.01547,-0.01321,0.12960,-0.40777,-0.19127,-0.22541,0.86391,NaN,NaN,NaN,NaN,NaN,NaN,NaN,NaN,NaN,NaN,NaN,NaN,NaN,NaN,NaN,NaN,NaN,NaN,NaN,NaN,NaN,
2.607,-0.01547,-0.01321,0.12960,-0.40776,-0.19127,-0.22541,0.86391,NaN,NaN,NaN,NaN,NaN,NaN,NaN,NaN,NaN,NaN,NaN,NaN,NaN,NaN,NaN,NaN,NaN,NaN,NaN,NaN,NaN,
2.632,-0.01547,-0.01321,0.12960,-0.40776,-0.19127,-0.22542,0.86391,NaN,NaN,NaN,NaN,NaN,NaN,NaN,NaN,NaN,NaN,NaN,NaN,NaN,NaN,NaN,NaN,NaN,NaN,NaN,NaN,NaN,
2.657,-0.01547,-0.01322,0.12960,-0.40775,-0.19127,-0.22543,0.86391,NaN,NaN,NaN,NaN,NaN,NaN,NaN,NaN,NaN,NaN,NaN,NaN,NaN,NaN,NaN,NaN,NaN,NaN,NaN,NaN,NaN,
2.682,-0.01547,-0.01321,0.12960,-0.40776,-0.19128,-0.22541,0.86391,NaN,NaN,NaN,NaN,NaN,NaN,NaN,NaN,NaN,NaN,NaN,NaN,NaN,NaN,NaN,NaN,NaN,NaN,NaN,NaN,NaN,
2.707,-0.01546,-0.01322,0.12960,-0.40776,-0.19127,-0.22542,0.86391,NaN,NaN,NaN,NaN,NaN,NaN,NaN,NaN,NaN,NaN,NaN,NaN,NaN,NaN,NaN,NaN,NaN,NaN,NaN,NaN,NaN,
2.732,-0.01546,-0.01321,0.12960,-0.40776,-0.19128,-0.22541,0.86391,NaN,NaN,NaN,NaN,NaN,NaN,NaN,NaN,NaN,NaN,NaN,NaN,NaN,NaN,NaN,NaN,NaN,NaN,NaN,NaN,NaN,
2.757,-0.01546,-0.01322,0.12960,-0.40776,-0.19127,-0.22541,0.86391,NaN,NaN,NaN,NaN,NaN,NaN,NaN,NaN,NaN,NaN,NaN,NaN,NaN,NaN,NaN,NaN,NaN,NaN,NaN,NaN,NaN,
2.782,-0.01546,-0.01322,0.12960,-0.40776,-0.19128,-0.22540,0.86391,NaN,NaN,NaN,NaN,NaN,NaN,NaN,NaN,NaN,NaN,NaN,NaN,NaN,NaN,NaN,NaN,NaN,NaN,NaN,NaN,NaN,
2.807,-0.01546,-0.01321,0.12959,-0.40776,-0.19129,-0.22540,0.86391,NaN,NaN,NaN,NaN,NaN,NaN,NaN,NaN,NaN,NaN,NaN,NaN,NaN,NaN,NaN,NaN,NaN,NaN,NaN,NaN,NaN,
2.832,-0.01546,-0.01322,0.12959,-0.40777,-0.19129,-0.22539,0.86391,NaN,NaN,NaN,NaN,NaN,NaN,NaN,NaN,NaN,NaN,NaN,NaN,NaN,NaN,NaN,NaN,NaN,NaN,NaN,NaN,NaN,
2.857,-0.01546,-0.01322,0.12959,-0.40777,-0.19128,-0.22539,0.86391,NaN,NaN,NaN,NaN,NaN,NaN,NaN,NaN,NaN,NaN,NaN,NaN,NaN,NaN,NaN,NaN,NaN,NaN,NaN,NaN,NaN,
2.882,-0.01546,-0.01321,0.12959,-0.40778,-0.19130,-0.22537,0.86391,NaN,NaN,NaN,NaN,NaN,NaN,NaN,NaN,NaN,NaN,NaN,NaN,NaN,NaN,NaN,NaN,NaN,NaN,NaN,NaN,NaN,
2.907,-0.01546,-0.01321,0.12959,-0.40779,-0.19129,-0.22536,0.86390,NaN,NaN,NaN,NaN,NaN,NaN,NaN,NaN,NaN,NaN,NaN,NaN,NaN,NaN,NaN,NaN,NaN,NaN,NaN,NaN,NaN,
2.932,-0.01546,-0.01321,0.12959,-0.40781,-0.19128,-0.22534,0.86390,NaN,NaN,NaN,NaN,NaN,NaN,NaN,NaN,NaN,NaN,NaN,NaN,NaN,NaN,NaN,NaN,NaN,NaN,NaN,NaN,NaN,
2.957,-0.01546,-0.01321,0.12959,-0.40781,-0.19130,-0.22532,0.86390,NaN,NaN,NaN,NaN,NaN,NaN,NaN,NaN,NaN,NaN,NaN,NaN,NaN,NaN,NaN,NaN,NaN,NaN,NaN,NaN,NaN,
2.982,-0.01546,-0.01321,0.12958,-0.40781,-0.19130,-0.22532,0.86390,NaN,NaN,NaN,NaN,NaN,NaN,NaN,NaN,NaN,NaN,NaN,NaN,NaN,NaN,NaN,NaN,NaN,NaN,NaN,NaN,NaN,
3.007,-0.01546,-0.01321,0.12958,-0.40781,-0.19129,-0.22533,0.86390,NaN,NaN,NaN,NaN,NaN,NaN,NaN,NaN,NaN,NaN,NaN,NaN,NaN,NaN,NaN,NaN,NaN,NaN,NaN,NaN,NaN,
3.032,-0.01546,-0.01320,0.12958,-0.40780,-0.19131,-0.22533,0.86390,NaN,NaN,NaN,NaN,NaN,NaN,NaN,NaN,NaN,NaN,NaN,NaN,NaN,NaN,NaN,NaN,NaN,NaN,NaN,NaN,NaN,
3.057,-0.01546,-0.01321,0.12958,-0.40780,-0.19131,-0.22532,0.86390,NaN,NaN,NaN,NaN,NaN,NaN,NaN,NaN,NaN,NaN,NaN,NaN,NaN,NaN,NaN,NaN,NaN,NaN,NaN,NaN,NaN,
3.082,-0.01546,-0.01321,0.12958,-0.40781,-0.19129,-0.22534,0.86390,NaN,NaN,NaN,NaN,NaN,NaN,NaN,NaN,NaN,NaN,NaN,NaN,NaN,NaN,NaN,NaN,NaN,NaN,NaN,NaN,NaN,
3.107,-0.01546,-0.01321,0.12959,-0.40781,-0.19129,-0.22534,0.86390,NaN,NaN,NaN,NaN,NaN,NaN,NaN,NaN,NaN,NaN,NaN,NaN,NaN,NaN,NaN,NaN,NaN,NaN,NaN,NaN,NaN,
3.132,-0.01546,-0.01321,0.12959,-0.40780,-0.19129,-0.22534,0.86390,NaN,NaN,NaN,NaN,NaN,NaN,NaN,NaN,NaN,NaN,NaN,NaN,NaN,NaN,NaN,NaN,NaN,NaN,NaN,NaN,NaN,
3.157,-0.01546,-0.01321,0.12959,-0.40779,-0.19129,-0.22536,0.86390,NaN,NaN,NaN,NaN,NaN,NaN,NaN,NaN,NaN,NaN,NaN,NaN,NaN,NaN,NaN,NaN,NaN,NaN,NaN,NaN,NaN,
3.182,-0.01547,-0.01321,0.12959,-0.40778,-0.19129,-0.22537,0.86391,NaN,NaN,NaN,NaN,NaN,NaN,NaN,NaN,NaN,NaN,NaN,NaN,NaN,NaN,NaN,NaN,NaN,NaN,NaN,NaN,NaN,
3.207,-0.01547,-0.01321,0.12959,-0.40778,-0.19128,-0.22538,0.86391,NaN,NaN,NaN,NaN,NaN,NaN,NaN,NaN,NaN,NaN,NaN,NaN,NaN,NaN,NaN,NaN,NaN,NaN,NaN,NaN,NaN,
3.232,-0.01547,-0.01321,0.12959,-0.40777,-0.19128,-0.22539,0.86391,NaN,NaN,NaN,NaN,NaN,NaN,NaN,NaN,NaN,NaN,NaN,NaN,NaN,NaN,NaN,NaN,NaN,NaN,NaN,NaN,NaN,
3.257,-0.01547,-0.01321,0.12959,-0.40777,-0.19128,-0.22539,0.86391,NaN,NaN,NaN,NaN,NaN,NaN,NaN,NaN,NaN,NaN,NaN,NaN,NaN,NaN,NaN,NaN,NaN,NaN,NaN,NaN,NaN,
3.282,-0.01547,-0.01322,0.12959,-0.40776,-0.19127,-0.22541,0.86391,NaN,NaN,NaN,NaN,NaN,NaN,NaN,NaN,NaN,NaN,NaN,NaN,NaN,NaN,NaN,NaN,NaN,NaN,NaN,NaN,NaN,
3.307,-0.01547,-0.01322,0.12960,-0.40777,-0.19126,-0.22541,0.86391,NaN,NaN,NaN,NaN,NaN,NaN,NaN,NaN,NaN,NaN,NaN,NaN,NaN,NaN,NaN,NaN,NaN,NaN,NaN,NaN,NaN,
3.332,-0.01547,-0.01321,0.12960,-0.40776,-0.19127,-0.22541,0.86391,NaN,NaN,NaN,NaN,NaN,NaN,NaN,NaN,NaN,NaN,NaN,NaN,NaN,NaN,NaN,NaN,NaN,NaN,NaN,NaN,NaN,
3.357,-0.01548,-0.01321,0.12960,-0.40776,-0.19127,-0.22542,0.86391,NaN,NaN,NaN,NaN,NaN,NaN,NaN,NaN,NaN,NaN,NaN,NaN,NaN,NaN,NaN,NaN,NaN,NaN,NaN,NaN,NaN,
3.382,-0.01548,-0.01321,0.12959,-0.40775,-0.19129,-0.22541,0.86391,NaN,NaN,NaN,NaN,NaN,NaN,NaN,NaN,NaN,NaN,NaN,NaN,NaN,NaN,NaN,NaN,NaN,NaN,NaN,NaN,NaN,
3.407,-0.01548,-0.01321,0.12960,-0.40775,-0.19128,-0.22541,0.86391,NaN,NaN,NaN,NaN,NaN,NaN,NaN,NaN,NaN,NaN,NaN,NaN,NaN,NaN,NaN,NaN,NaN,NaN,NaN,NaN,NaN,
3.432,-0.01548,-0.01321,0.12960,-0.40774,-0.19129,-0.22543,0.86391,NaN,NaN,NaN,NaN,NaN,NaN,NaN,NaN,NaN,NaN,NaN,NaN,NaN,NaN,NaN,NaN,NaN,NaN,NaN,NaN,NaN,
3.457,-0.01548,-0.01321,0.12959,-0.40773,-0.19130,-0.22541,0.86391,NaN,NaN,NaN,NaN,NaN,NaN,NaN,NaN,NaN,NaN,NaN,NaN,NaN,NaN,NaN,NaN,NaN,NaN,NaN,NaN,NaN,
3.482,-0.01547,-0.01321,0.12959,-0.40774,-0.19129,-0.22541,0.86391,NaN,NaN,NaN,NaN,NaN,NaN,NaN,NaN,NaN,NaN,NaN,NaN,NaN,NaN,NaN,NaN,NaN,NaN,NaN,NaN,NaN,
3.507,-0.01548,-0.01321,0.12959,-0.40772,-0.19130,-0.22542,0.86391,NaN,NaN,NaN,NaN,NaN,NaN,NaN,NaN,NaN,NaN,NaN,NaN,NaN,NaN,NaN,NaN,NaN,NaN,NaN,NaN,NaN,
3.532,-0.01547,-0.01320,0.12959,-0.40772,-0.19133,-0.22541,0.86392,NaN,NaN,NaN,NaN,NaN,NaN,NaN,NaN,NaN,NaN,NaN,NaN,NaN,NaN,NaN,NaN,NaN,NaN,NaN,NaN,NaN,
3.557,-0.01547,-0.01320,0.12958,-0.40773,-0.19133,-0.22539,0.86391,NaN,NaN,NaN,NaN,NaN,NaN,NaN,NaN,NaN,NaN,NaN,NaN,NaN,NaN,NaN,NaN,NaN,NaN,NaN,NaN,NaN,
3.582,-0.01547,-0.01320,0.12959,-0.40773,-0.19133,-0.22540,0.86391,NaN,NaN,NaN,NaN,NaN,NaN,NaN,NaN,NaN,NaN,NaN,NaN,NaN,NaN,NaN,NaN,NaN,NaN,NaN,NaN,NaN,
3.607,-0.01547,-0.01320,0.12959,-0.40773,-0.19134,-0.22538,0.86391,NaN,NaN,NaN,NaN,NaN,NaN,NaN,NaN,NaN,NaN,NaN,NaN,NaN,NaN,NaN,NaN,NaN,NaN,NaN,NaN,NaN,
3.632,-0.01547,-0.01320,0.12959,-0.40773,-0.19133,-0.22538,0.86391,NaN,NaN,NaN,NaN,NaN,NaN,NaN,NaN,NaN,NaN,NaN,NaN,NaN,NaN,NaN,NaN,NaN,NaN,NaN,NaN,NaN,
3.657,-0.01547,-0.01320,0.12958,-0.40773,-0.19134,-0.22537,0.86391,NaN,NaN,NaN,NaN,NaN,NaN,NaN,NaN,NaN,NaN,NaN,NaN,NaN,NaN,NaN,NaN,NaN,NaN,NaN,NaN,NaN,
3.682,-0.01547,-0.01320,0.12958,-0.40774,-0.19133,-0.22538,0.86391,NaN,NaN,NaN,NaN,NaN,NaN,NaN,NaN,NaN,NaN,NaN,NaN,NaN,NaN,NaN,NaN,NaN,NaN,NaN,NaN,NaN,
3.707,-0.01547,-0.01320,0.12959,-0.40775,-0.19132,-0.22538,0.86391,NaN,NaN,NaN,NaN,NaN,NaN,NaN,NaN,NaN,NaN,NaN,NaN,NaN,NaN,NaN,NaN,NaN,NaN,NaN,NaN,NaN,
3.732,-0.01547,-0.01319,0.12959,-0.40774,-0.19133,-0.22538,0.86391,NaN,NaN,NaN,NaN,NaN,NaN,NaN,NaN,NaN,NaN,NaN,NaN,NaN,NaN,NaN,NaN,NaN,NaN,NaN,NaN,NaN,
3.757,-0.01546,-0.01320,0.12959,-0.40776,-0.19132,-0.22536,0.86391,NaN,NaN,NaN,NaN,NaN,NaN,NaN,NaN,NaN,NaN,NaN,NaN,NaN,NaN,NaN,NaN,NaN,NaN,NaN,NaN,NaN,
3.782,-0.01547,-0.01320,0.12959,-0.40776,-0.19130,-0.22538,0.86391,NaN,NaN,NaN,NaN,NaN,NaN,NaN,NaN,NaN,NaN,NaN,NaN,NaN,NaN,NaN,NaN,NaN,NaN,NaN,NaN,NaN,
3.807,-0.01547,-0.01320,0.12960,-0.40775,-0.19131,-0.22539,0.86391,NaN,NaN,NaN,NaN,NaN,NaN,NaN,NaN,NaN,NaN,NaN,NaN,NaN,NaN,NaN,NaN,NaN,NaN,NaN,NaN,NaN,
3.832,-0.01547,-0.01320,0.12960,-0.40775,-0.19131,-0.22539,0.86391,NaN,NaN,NaN,NaN,NaN,NaN,NaN,NaN,NaN,NaN,NaN,NaN,NaN,NaN,NaN,NaN,NaN,NaN,NaN,NaN,NaN,
3.857,-0.01547,-0.01320,0.12959,-0.40775,-0.19131,-0.22538,0.86391,NaN,NaN,NaN,NaN,NaN,NaN,NaN,NaN,NaN,NaN,NaN,NaN,NaN,NaN,NaN,NaN,NaN,NaN,NaN,NaN,NaN,
3.882,-0.01547,-0.01320,0.12960,-0.40776,-0.19130,-0.22539,0.86391,NaN,NaN,NaN,NaN,NaN,NaN,NaN,NaN,NaN,NaN,NaN,NaN,NaN,NaN,NaN,NaN,NaN,NaN,NaN,NaN,NaN,
3.907,-0.01547,-0.01320,0.12960,-0.40776,-0.19129,-0.22539,0.86391,NaN,NaN,NaN,NaN,NaN,NaN,NaN,NaN,NaN,NaN,NaN,NaN,NaN,NaN,NaN,NaN,NaN,NaN,NaN,NaN,NaN,
3.932,-0.01547,-0.01320,0.12960,-0.40776,-0.19129,-0.22539,0.86391,NaN,NaN,NaN,NaN,NaN,NaN,NaN,NaN,NaN,NaN,NaN,NaN,NaN,NaN,NaN,NaN,NaN,NaN,NaN,NaN,NaN,
3.957,-0.01547,-0.01320,0.12960,-0.40776,-0.19130,-0.22538,0.86391,NaN,NaN,NaN,NaN,NaN,NaN,NaN,NaN,NaN,NaN,NaN,NaN,NaN,NaN,NaN,NaN,NaN,NaN,NaN,NaN,NaN,
3.982,-0.01547,-0.01321,0.12959,-0.40777,-0.19129,-0.22538,0.86391,NaN,NaN,NaN,NaN,NaN,NaN,NaN,NaN,NaN,NaN,NaN,NaN,NaN,NaN,NaN,NaN,NaN,NaN,NaN,NaN,NaN,
4.007,-0.01547,-0.01320,0.12960,-0.40777,-0.19129,-0.22538,0.86391,NaN,NaN,NaN,NaN,NaN,NaN,NaN,NaN,NaN,NaN,NaN,NaN,NaN,NaN,NaN,NaN,NaN,NaN,NaN,NaN,NaN,
4.032,-0.01547,-0.01320,0.12959,-0.40778,-0.19132,-0.22535,0.86391,NaN,NaN,NaN,NaN,NaN,NaN,NaN,NaN,NaN,NaN,NaN,NaN,NaN,NaN,NaN,NaN,NaN,NaN,NaN,NaN,NaN,
4.057,-0.01547,-0.01321,0.12959,-0.40780,-0.19130,-0.22534,0.86390,NaN,NaN,NaN,NaN,NaN,NaN,NaN,NaN,NaN,NaN,NaN,NaN,NaN,NaN,NaN,NaN,NaN,NaN,NaN,NaN,NaN,
4.082,-0.01547,-0.01320,0.12959,-0.40779,-0.19131,-0.22534,0.86390,NaN,NaN,NaN,NaN,NaN,NaN,NaN,NaN,NaN,NaN,NaN,NaN,NaN,NaN,NaN,NaN,NaN,NaN,NaN,NaN,NaN,
4.107,-0.01547,-0.01320,0.12959,-0.40779,-0.19132,-0.22533,0.86391,NaN,NaN,NaN,NaN,NaN,NaN,NaN,NaN,NaN,NaN,NaN,NaN,NaN,NaN,NaN,NaN,NaN,NaN,NaN,NaN,NaN,
4.132,-0.01547,-0.01320,0.12959,-0.40780,-0.19130,-0.22534,0.86390,NaN,NaN,NaN,NaN,NaN,NaN,NaN,NaN,NaN,NaN,NaN,NaN,NaN,NaN,NaN,NaN,NaN,NaN,NaN,NaN,NaN,
4.157,-0.01547,-0.01320,0.12959,-0.40778,-0.19132,-0.22534,0.86391,NaN,NaN,NaN,NaN,NaN,NaN,NaN,NaN,NaN,NaN,NaN,NaN,NaN,NaN,NaN,NaN,NaN,NaN,NaN,NaN,NaN,
4.182,-0.01547,-0.01319,0.12959,-0.40779,-0.19133,-0.22532,0.86391,NaN,NaN,NaN,NaN,NaN,NaN,NaN,NaN,NaN,NaN,NaN,NaN,NaN,NaN,NaN,NaN,NaN,NaN,NaN,NaN,NaN,
4.208,-0.01547,-0.01320,0.12959,-0.40779,-0.19131,-0.22533,0.86390,NaN,NaN,NaN,NaN,NaN,NaN,NaN,NaN,NaN,NaN,NaN,NaN,NaN,NaN,NaN,NaN,NaN,NaN,NaN,NaN,NaN,
4.232,-0.01547,-0.01319,0.12959,-0.40779,-0.19133,-0.22532,0.86391,NaN,NaN,NaN,NaN,NaN,NaN,NaN,NaN,NaN,NaN,NaN,NaN,NaN,NaN,NaN,NaN,NaN,NaN,NaN,NaN,NaN,
4.257,-0.01547,-0.01320,0.12959,-0.40778,-0.19133,-0.22534,0.86391,NaN,NaN,NaN,NaN,NaN,NaN,NaN,NaN,NaN,NaN,NaN,NaN,NaN,NaN,NaN,NaN,NaN,NaN,NaN,NaN,NaN,
4.282,-0.01547,-0.01320,0.12959,-0.40778,-0.19131,-0.22535,0.86391,NaN,NaN,NaN,NaN,NaN,NaN,NaN,NaN,NaN,NaN,NaN,NaN,NaN,NaN,NaN,NaN,NaN,NaN,NaN,NaN,NaN,
4.307,-0.01547,-0.01320,0.12959,-0.40776,-0.19133,-0.22535,0.86391,NaN,NaN,NaN,NaN,NaN,NaN,NaN,NaN,NaN,NaN,NaN,NaN,NaN,NaN,NaN,NaN,NaN,NaN,NaN,NaN,NaN,
4.332,-0.01547,-0.01320,0.12959,-0.40777,-0.19131,-0.22536,0.86391,NaN,NaN,NaN,NaN,NaN,NaN,NaN,NaN,NaN,NaN,NaN,NaN,NaN,NaN,NaN,NaN,NaN,NaN,NaN,NaN,NaN,
4.357,-0.01547,-0.01320,0.12959,-0.40777,-0.19130,-0.22538,0.86391,NaN,NaN,NaN,NaN,NaN,NaN,NaN,NaN,NaN,NaN,NaN,NaN,NaN,NaN,NaN,NaN,NaN,NaN,NaN,NaN,NaN,
4.382,-0.01547,-0.01320,0.12959,-0.40776,-0.19132,-0.22536,0.86391,NaN,NaN,NaN,NaN,NaN,NaN,NaN,NaN,NaN,NaN,NaN,NaN,NaN,NaN,NaN,NaN,NaN,NaN,NaN,NaN,NaN,
4.407,-0.01546,-0.01321,0.12959,-0.40777,-0.19130,-0.22536,0.86391,NaN,NaN,NaN,NaN,NaN,NaN,NaN,NaN,NaN,NaN,NaN,NaN,NaN,NaN,NaN,NaN,NaN,NaN,NaN,NaN,NaN,
4.432,-0.01547,-0.01321,0.12959,-0.40777,-0.19130,-0.22538,0.86391,NaN,NaN,NaN,NaN,NaN,NaN,NaN,NaN,NaN,NaN,NaN,NaN,NaN,NaN,NaN,NaN,NaN,NaN,NaN,NaN,NaN,
4.457,-0.01547,-0.01320,0.12959,-0.40775,-0.19131,-0.22539,0.86391,NaN,NaN,NaN,NaN,NaN,NaN,NaN,NaN,NaN,NaN,NaN,NaN,NaN,NaN,NaN,NaN,NaN,NaN,NaN,NaN,NaN,
4.482,-0.01547,-0.01321,0.12959,-0.40775,-0.19130,-0.22540,0.86391,NaN,NaN,NaN,NaN,NaN,NaN,NaN,NaN,NaN,NaN,NaN,NaN,NaN,NaN,NaN,NaN,NaN,NaN,NaN,NaN,NaN,
4.507,-0.01547,-0.01321,0.12959,-0.40775,-0.19129,-0.22541,0.86391,NaN,NaN,NaN,NaN,NaN,NaN,NaN,NaN,NaN,NaN,NaN,NaN,NaN,NaN,NaN,NaN,NaN,NaN,NaN,NaN,NaN,
4.532,-0.01547,-0.01321,0.12959,-0.40774,-0.19129,-0.22542,0.86391,NaN,NaN,NaN,NaN,NaN,NaN,NaN,NaN,NaN,NaN,NaN,NaN,NaN,NaN,NaN,NaN,NaN,NaN,NaN,NaN,NaN,
4.557,-0.01547,-0.01321,0.12959,-0.40774,-0.19129,-0.22542,0.86391,NaN,NaN,NaN,NaN,NaN,NaN,NaN,NaN,NaN,NaN,NaN,NaN,NaN,NaN,NaN,NaN,NaN,NaN,NaN,NaN,NaN,
4.582,-0.01547,-0.01321,0.12959,-0.40774,-0.19129,-0.22542,0.86391,NaN,NaN,NaN,NaN,NaN,NaN,NaN,NaN,NaN,NaN,NaN,NaN,NaN,NaN,NaN,NaN,NaN,NaN,NaN,NaN,NaN,
4.607,-0.01547,-0.01321,0.12960,-0.40773,-0.19128,-0.22544,0.86391,NaN,NaN,NaN,NaN,NaN,NaN,NaN,NaN,NaN,NaN,NaN,NaN,NaN,NaN,NaN,NaN,NaN,NaN,NaN,NaN,NaN,
4.632,-0.01547,-0.01322,0.12960,-0.40773,-0.19127,-0.22545,0.86391,NaN,NaN,NaN,NaN,NaN,NaN,NaN,NaN,NaN,NaN,NaN,NaN,NaN,NaN,NaN,NaN,NaN,NaN,NaN,NaN,NaN,
4.657,-0.01547,-0.01322,0.12960,-0.40773,-0.19127,-0.22545,0.86391,NaN,NaN,NaN,NaN,NaN,NaN,NaN,NaN,NaN,NaN,NaN,NaN,NaN,NaN,NaN,NaN,NaN,NaN,NaN,NaN,NaN,
4.682,-0.01547,-0.01322,0.12960,-0.40772,-0.19127,-0.22547,0.86391,NaN,NaN,NaN,NaN,NaN,NaN,NaN,NaN,NaN,NaN,NaN,NaN,NaN,NaN,NaN,NaN,NaN,NaN,NaN,NaN,NaN,
4.707,-0.01546,-0.01322,0.12960,-0.40772,-0.19126,-0.22546,0.86391,NaN,NaN,NaN,NaN,NaN,NaN,NaN,NaN,NaN,NaN,NaN,NaN,NaN,NaN,NaN,NaN,NaN,NaN,NaN,NaN,NaN,
4.732,-0.01547,-0.01322,0.12960,-0.40772,-0.19126,-0.22547,0.86391,NaN,NaN,NaN,NaN,NaN,NaN,NaN,NaN,NaN,NaN,NaN,NaN,NaN,NaN,NaN,NaN,NaN,NaN,NaN,NaN,NaN,
4.757,-0.01547,-0.01322,0.12960,-0.40771,-0.19127,-0.22547,0.86392,NaN,NaN,NaN,NaN,NaN,NaN,NaN,NaN,NaN,NaN,NaN,NaN,NaN,NaN,NaN,NaN,NaN,NaN,NaN,NaN,NaN,
4.782,-0.01546,-0.01322,0.12960,-0.40771,-0.19127,-0.22546,0.86391,NaN,NaN,NaN,NaN,NaN,NaN,NaN,NaN,NaN,NaN,NaN,NaN,NaN,NaN,NaN,NaN,NaN,NaN,NaN,NaN,NaN,
4.807,-0.01546,-0.01322,0.12960,-0.40772,-0.19126,-0.22547,0.86391,NaN,NaN,NaN,NaN,NaN,NaN,NaN,NaN,NaN,NaN,NaN,NaN,NaN,NaN,NaN,NaN,NaN,NaN,NaN,NaN,NaN,
4.832,-0.01546,-0.01322,0.12960,-0.40772,-0.19126,-0.22547,0.86391,NaN,NaN,NaN,NaN,NaN,NaN,NaN,NaN,NaN,NaN,NaN,NaN,NaN,NaN,NaN,NaN,NaN,NaN,NaN,NaN,NaN,
4.857,-0.01546,-0.01321,0.12960,-0.40773,-0.19129,-0.22544,0.86391,NaN,NaN,NaN,NaN,NaN,NaN,NaN,NaN,NaN,NaN,NaN,NaN,NaN,NaN,NaN,NaN,NaN,NaN,NaN,NaN,NaN,
4.882,-0.01546,-0.01322,0.12960,-0.40774,-0.19127,-0.22544,0.86391,NaN,NaN,NaN,NaN,NaN,NaN,NaN,NaN,NaN,NaN,NaN,NaN,NaN,NaN,NaN,NaN,NaN,NaN,NaN,NaN,NaN,
4.907,-0.01546,-0.01321,0.12960,-0.40774,-0.19128,-0.22542,0.86391,NaN,NaN,NaN,NaN,NaN,NaN,NaN,NaN,NaN,NaN,NaN,NaN,NaN,NaN,NaN,NaN,NaN,NaN,NaN,NaN,NaN,
4.932,-0.01546,-0.01321,0.12959,-0.40775,-0.19130,-0.22539,0.86391,NaN,NaN,NaN,NaN,NaN,NaN,NaN,NaN,NaN,NaN,NaN,NaN,NaN,NaN,NaN,NaN,NaN,NaN,NaN,NaN,NaN,
4.957,-0.01546,-0.01321,0.12959,-0.40778,-0.19129,-0.22538,0.86391,NaN,NaN,NaN,NaN,NaN,NaN,NaN,NaN,NaN,NaN,NaN,NaN,NaN,NaN,NaN,NaN,NaN,NaN,NaN,NaN,NaN,
4.982,-0.01546,-0.01320,0.12960,-0.40777,-0.19129,-0.22538,0.86391,NaN,NaN,NaN,NaN,NaN,NaN,NaN,NaN,NaN,NaN,NaN,NaN,NaN,NaN,NaN,NaN,NaN,NaN,NaN,NaN,NaN,
5.007,-0.01546,-0.01320,0.12959,-0.40777,-0.19131,-0.22536,0.86391,NaN,NaN,NaN,NaN,NaN,NaN,NaN,NaN,NaN,NaN,NaN,NaN,NaN,NaN,NaN,NaN,NaN,NaN,NaN,NaN,NaN,
5.032,-0.01546,-0.01321,0.12959,-0.40779,-0.19130,-0.22535,0.86390,NaN,NaN,NaN,NaN,NaN,NaN,NaN,NaN,NaN,NaN,NaN,NaN,NaN,NaN,NaN,NaN,NaN,NaN,NaN,NaN,NaN,
5.057,-0.01546,-0.01320,0.12959,-0.40780,-0.19130,-0.22534,0.86390,NaN,NaN,NaN,NaN,NaN,NaN,NaN,NaN,NaN,NaN,NaN,NaN,NaN,NaN,NaN,NaN,NaN,NaN,NaN,NaN,NaN,
5.082,-0.01546,-0.01320,0.12959,-0.40779,-0.19131,-0.22534,0.86390,NaN,NaN,NaN,NaN,NaN,NaN,NaN,NaN,NaN,NaN,NaN,NaN,NaN,NaN,NaN,NaN,NaN,NaN,NaN,NaN,NaN,
5.107,-0.01546,-0.01320,0.12959,-0.40779,-0.19131,-0.22533,0.86390,NaN,NaN,NaN,NaN,NaN,NaN,NaN,NaN,NaN,NaN,NaN,NaN,NaN,NaN,NaN,NaN,NaN,NaN,NaN,NaN,NaN,
5.132,-0.01546,-0.01320,0.12959,-0.40779,-0.19131,-0.22533,0.86390,NaN,NaN,NaN,NaN,NaN,NaN,NaN,NaN,NaN,NaN,NaN,NaN,NaN,NaN,NaN,NaN,NaN,NaN,NaN,NaN,NaN,
5.157,-0.01546,-0.01320,0.12959,-0.40781,-0.19130,-0.22533,0.86390,NaN,NaN,NaN,NaN,NaN,NaN,NaN,NaN,NaN,NaN,NaN,NaN,NaN,NaN,NaN,NaN,NaN,NaN,NaN,NaN,NaN,
5.182,-0.01547,-0.01321,0.12959,-0.40780,-0.19129,-0.22534,0.86390,NaN,NaN,NaN,NaN,NaN,NaN,NaN,NaN,NaN,NaN,NaN,NaN,NaN,NaN,NaN,NaN,NaN,NaN,NaN,NaN,NaN,
5.207,-0.01547,-0.01320,0.12959,-0.40780,-0.19131,-0.22533,0.86390,NaN,NaN,NaN,NaN,NaN,NaN,NaN,NaN,NaN,NaN,NaN,NaN,NaN,NaN,NaN,NaN,NaN,NaN,NaN,NaN,NaN,
5.232,-0.01547,-0.01321,0.12959,-0.40780,-0.19130,-0.22533,0.86390,NaN,NaN,NaN,NaN,NaN,NaN,NaN,NaN,NaN,NaN,NaN,NaN,NaN,NaN,NaN,NaN,NaN,NaN,NaN,NaN,NaN,
5.257,-0.01547,-0.01321,0.12959,-0.40781,-0.19130,-0.22532,0.86390,NaN,NaN,NaN,NaN,NaN,NaN,NaN,NaN,NaN,NaN,NaN,NaN,NaN,NaN,NaN,NaN,NaN,NaN,NaN,NaN,NaN,
5.282,-0.01548,-0.01320,0.12959,-0.40780,-0.19131,-0.22532,0.86390,NaN,NaN,NaN,NaN,NaN,NaN,NaN,NaN,NaN,NaN,NaN,NaN,NaN,NaN,NaN,NaN,NaN,NaN,NaN,NaN,NaN,
5.307,-0.01547,-0.01320,0.12959,-0.40781,-0.19132,-0.22531,0.86390,NaN,NaN,NaN,NaN,NaN,NaN,NaN,NaN,NaN,NaN,NaN,NaN,NaN,NaN,NaN,NaN,NaN,NaN,NaN,NaN,NaN,
5.332,-0.01547,-0.01321,0.12959,-0.40782,-0.19130,-0.22531,0.86390,NaN,NaN,NaN,NaN,NaN,NaN,NaN,NaN,NaN,NaN,NaN,NaN,NaN,NaN,NaN,NaN,NaN,NaN,NaN,NaN,NaN,
5.357,-0.01547,-0.01321,0.12959,-0.40781,-0.19130,-0.22532,0.86390,NaN,NaN,NaN,NaN,NaN,NaN,NaN,NaN,NaN,NaN,NaN,NaN,NaN,NaN,NaN,NaN,NaN,NaN,NaN,NaN,NaN,
5.382,-0.01548,-0.01320,0.12959,-0.40779,-0.19132,-0.22533,0.86390,NaN,NaN,NaN,NaN,NaN,NaN,NaN,NaN,NaN,NaN,NaN,NaN,NaN,NaN,NaN,NaN,NaN,NaN,NaN,NaN,NaN,
5.407,-0.01547,-0.01319,0.12958,-0.40778,-0.19134,-0.22532,0.86391,NaN,NaN,NaN,NaN,NaN,NaN,NaN,NaN,NaN,NaN,NaN,NaN,NaN,NaN,NaN,NaN,NaN,NaN,NaN,NaN,NaN,
5.432,-0.01547,-0.01319,0.12958,-0.40779,-0.19134,-0.22531,0.86391,NaN,NaN,NaN,NaN,NaN,NaN,NaN,NaN,NaN,NaN,NaN,NaN,NaN,NaN,NaN,NaN,NaN,NaN,NaN,NaN,NaN,
5.457,-0.01547,-0.01320,0.12958,-0.40778,-0.19133,-0.22533,0.86391,NaN,NaN,NaN,NaN,NaN,NaN,NaN,NaN,NaN,NaN,NaN,NaN,NaN,NaN,NaN,NaN,NaN,NaN,NaN,NaN,NaN,
5.482,-0.01547,-0.01320,0.12959,-0.40777,-0.19134,-0.22534,0.86391,NaN,NaN,NaN,NaN,NaN,NaN,NaN,NaN,NaN,NaN,NaN,NaN,NaN,NaN,NaN,NaN,NaN,NaN,NaN,NaN,NaN,
5.507,-0.01547,-0.01320,0.12959,-0.40775,-0.19135,-0.22535,0.86391,NaN,NaN,NaN,NaN,NaN,NaN,NaN,NaN,NaN,NaN,NaN,NaN,NaN,NaN,NaN,NaN,NaN,NaN,NaN,NaN,NaN,
5.532,-0.01547,-0.01320,0.12959,-0.40774,-0.19133,-0.22537,0.86391,NaN,NaN,NaN,NaN,NaN,NaN,NaN,NaN,NaN,NaN,NaN,NaN,NaN,NaN,NaN,NaN,NaN,NaN,NaN,NaN,NaN,
5.557,-0.01547,-0.01320,0.12959,-0.40774,-0.19133,-0.22538,0.86391,NaN,NaN,NaN,NaN,NaN,NaN,NaN,NaN,NaN,NaN,NaN,NaN,NaN,NaN,NaN,NaN,NaN,NaN,NaN,NaN,NaN,
5.582,-0.01548,-0.01320,0.12959,-0.40772,-0.19133,-0.22540,0.86392,NaN,NaN,NaN,NaN,NaN,NaN,NaN,NaN,NaN,NaN,NaN,NaN,NaN,NaN,NaN,NaN,NaN,NaN,NaN,NaN,NaN,
5.607,-0.01548,-0.01320,0.12959,-0.40772,-0.19134,-0.22540,0.86392,NaN,NaN,NaN,NaN,NaN,NaN,NaN,NaN,NaN,NaN,NaN,NaN,NaN,NaN,NaN,NaN,NaN,NaN,NaN,NaN,NaN,
5.632,-0.01547,-0.01320,0.12959,-0.40773,-0.19134,-0.22539,0.86391,NaN,NaN,NaN,NaN,NaN,NaN,NaN,NaN,NaN,NaN,NaN,NaN,NaN,NaN,NaN,NaN,NaN,NaN,NaN,NaN,NaN,
5.657,-0.01547,-0.01321,0.12959,-0.40774,-0.19131,-0.22540,0.86391,NaN,NaN,NaN,NaN,NaN,NaN,NaN,NaN,NaN,NaN,NaN,NaN,NaN,NaN,NaN,NaN,NaN,NaN,NaN,NaN,NaN,
5.682,-0.01548,-0.01321,0.12960,-0.40772,-0.19130,-0.22543,0.86391,NaN,NaN,NaN,NaN,NaN,NaN,NaN,NaN,NaN,NaN,NaN,NaN,NaN,NaN,NaN,NaN,NaN,NaN,NaN,NaN,NaN,
5.707,-0.01548,-0.01320,0.12960,-0.40772,-0.19132,-0.22542,0.86392,NaN,NaN,NaN,NaN,NaN,NaN,NaN,NaN,NaN,NaN,NaN,NaN,NaN,NaN,NaN,NaN,NaN,NaN,NaN,NaN,NaN,
5.732,-0.01547,-0.01320,0.12959,-0.40774,-0.19132,-0.22539,0.86391,NaN,NaN,NaN,NaN,NaN,NaN,NaN,NaN,NaN,NaN,NaN,NaN,NaN,NaN,NaN,NaN,NaN,NaN,NaN,NaN,NaN,
5.757,-0.01547,-0.01321,0.12959,-0.40775,-0.19129,-0.22540,0.86391,NaN,NaN,NaN,NaN,NaN,NaN,NaN,NaN,NaN,NaN,NaN,NaN,NaN,NaN,NaN,NaN,NaN,NaN,NaN,NaN,NaN,
5.782,-0.01547,-0.01320,0.12960,-0.40776,-0.19128,-0.22540,0.86391,NaN,NaN,NaN,NaN,NaN,NaN,NaN,NaN,NaN,NaN,NaN,NaN,NaN,NaN,NaN,NaN,NaN,NaN,NaN,NaN,NaN,
5.807,-0.01547,-0.01320,0.12960,-0.40773,-0.19129,-0.22543,0.86391,NaN,NaN,NaN,NaN,NaN,NaN,NaN,NaN,NaN,NaN,NaN,NaN,NaN,NaN,NaN,NaN,NaN,NaN,NaN,NaN,NaN,
5.832,-0.01547,-0.01320,0.12960,-0.40775,-0.19129,-0.22541,0.86391,NaN,NaN,NaN,NaN,NaN,NaN,NaN,NaN,NaN,NaN,NaN,NaN,NaN,NaN,NaN,NaN,NaN,NaN,NaN,NaN,NaN,
5.857,-0.01546,-0.01321,0.12960,-0.40776,-0.19125,-0.22543,0.86391,NaN,NaN,NaN,NaN,NaN,NaN,NaN,NaN,NaN,NaN,NaN,NaN,NaN,NaN,NaN,NaN,NaN,NaN,NaN,NaN,NaN,
5.882,-0.01547,-0.01321,0.12961,-0.40776,-0.19125,-0.22543,0.86391,NaN,NaN,NaN,NaN,NaN,NaN,NaN,NaN,NaN,NaN,NaN,NaN,NaN,NaN,NaN,NaN,NaN,NaN,NaN,NaN,NaN,
5.907,-0.01546,-0.01321,0.12961,-0.40775,-0.19126,-0.22544,0.86391,NaN,NaN,NaN,NaN,NaN,NaN,NaN,NaN,NaN,NaN,NaN,NaN,NaN,NaN,NaN,NaN,NaN,NaN,NaN,NaN,NaN,
5.932,-0.01546,-0.01322,0.12960,-0.40777,-0.19125,-0.22542,0.86391,NaN,NaN,NaN,NaN,NaN,NaN,NaN,NaN,NaN,NaN,NaN,NaN,NaN,NaN,NaN,NaN,NaN,NaN,NaN,NaN,NaN,
5.957,-0.01546,-0.01322,0.12960,-0.40777,-0.19123,-0.22544,0.86391,NaN,NaN,NaN,NaN,NaN,NaN,NaN,NaN,NaN,NaN,NaN,NaN,NaN,NaN,NaN,NaN,NaN,NaN,NaN,NaN,NaN,
5.982,-0.01546,-0.01322,0.12960,-0.40777,-0.19124,-0.22543,0.86391,NaN,NaN,NaN,NaN,NaN,NaN,NaN,NaN,NaN,NaN,NaN,NaN,NaN,NaN,NaN,NaN,NaN,NaN,NaN,NaN,NaN,
6.007,-0.01546,-0.01322,0.12960,-0.40777,-0.19124,-0.22543,0.86391,NaN,NaN,NaN,NaN,NaN,NaN,NaN,NaN,NaN,NaN,NaN,NaN,NaN,NaN,NaN,NaN,NaN,NaN,NaN,NaN,NaN,
6.032,-0.01546,-0.01322,0.12960,-0.40778,-0.19124,-0.22542,0.86390,NaN,NaN,NaN,NaN,NaN,NaN,NaN,NaN,NaN,NaN,NaN,NaN,NaN,NaN,NaN,NaN,NaN,NaN,NaN,NaN,NaN,
6.057,-0.01546,-0.01321,0.12960,-0.40778,-0.19125,-0.22541,0.86390,NaN,NaN,NaN,NaN,NaN,NaN,NaN,NaN,NaN,NaN,NaN,NaN,NaN,NaN,NaN,NaN,NaN,NaN,NaN,NaN,NaN,
6.082,-0.01546,-0.01321,0.12959,-0.40779,-0.19126,-0.22538,0.86390,NaN,NaN,NaN,NaN,NaN,NaN,NaN,NaN,NaN,NaN,NaN,NaN,NaN,NaN,NaN,NaN,NaN,NaN,NaN,NaN,NaN,
6.107,-0.01546,-0.01321,0.12959,-0.40779,-0.19128,-0.22537,0.86390,NaN,NaN,NaN,NaN,NaN,NaN,NaN,NaN,NaN,NaN,NaN,NaN,NaN,NaN,NaN,NaN,NaN,NaN,NaN,NaN,NaN,
6.132,-0.01546,-0.01321,0.12959,-0.40779,-0.19128,-0.22537,0.86390,NaN,NaN,NaN,NaN,NaN,NaN,NaN,NaN,NaN,NaN,NaN,NaN,NaN,NaN,NaN,NaN,NaN,NaN,NaN,NaN,NaN,
6.157,-0.01546,-0.01321,0.12958,-0.40780,-0.19129,-0.22535,0.86390,NaN,NaN,NaN,NaN,NaN,NaN,NaN,NaN,NaN,NaN,NaN,NaN,NaN,NaN,NaN,NaN,NaN,NaN,NaN,NaN,NaN,
6.182,-0.01546,-0.01320,0.12958,-0.40779,-0.19130,-0.22534,0.86390,NaN,NaN,NaN,NaN,NaN,NaN,NaN,NaN,NaN,NaN,NaN,NaN,NaN,NaN,NaN,NaN,NaN,NaN,NaN,NaN,NaN,
6.207,-0.01546,-0.01320,0.12958,-0.40778,-0.19132,-0.22534,0.86391,NaN,NaN,NaN,NaN,NaN,NaN,NaN,NaN,NaN,NaN,NaN,NaN,NaN,NaN,NaN,NaN,NaN,NaN,NaN,NaN,NaN,
6.232,-0.01545,-0.01321,0.12958,-0.40780,-0.19131,-0.22533,0.86390,NaN,NaN,NaN,NaN,NaN,NaN,NaN,NaN,NaN,NaN,NaN,NaN,NaN,NaN,NaN,NaN,NaN,NaN,NaN,NaN,NaN,
6.257,-0.01546,-0.01320,0.12958,-0.40780,-0.19131,-0.22532,0.86390,NaN,NaN,NaN,NaN,NaN,NaN,NaN,NaN,NaN,NaN,NaN,NaN,NaN,NaN,NaN,NaN,NaN,NaN,NaN,NaN,NaN,
6.282,-0.01546,-0.01320,0.12957,-0.40779,-0.19132,-0.22533,0.86391,NaN,NaN,NaN,NaN,NaN,NaN,NaN,NaN,NaN,NaN,NaN,NaN,NaN,NaN,NaN,NaN,NaN,NaN,NaN,NaN,NaN,
6.307,-0.01545,-0.01321,0.12957,-0.40780,-0.19131,-0.22532,0.86390,NaN,NaN,NaN,NaN,NaN,NaN,NaN,NaN,NaN,NaN,NaN,NaN,NaN,NaN,NaN,NaN,NaN,NaN,NaN,NaN,NaN,
6.332,-0.01546,-0.01321,0.12958,-0.40779,-0.19130,-0.22535,0.86390,NaN,NaN,NaN,NaN,NaN,NaN,NaN,NaN,NaN,NaN,NaN,NaN,NaN,NaN,NaN,NaN,NaN,NaN,NaN,NaN,NaN,
6.357,-0.01546,-0.01320,0.12958,-0.40779,-0.19131,-0.22534,0.86390,NaN,NaN,NaN,NaN,NaN,NaN,NaN,NaN,NaN,NaN,NaN,NaN,NaN,NaN,NaN,NaN,NaN,NaN,NaN,NaN,NaN,
6.382,-0.01546,-0.01321,0.12958,-0.40779,-0.19131,-0.22534,0.86390,NaN,NaN,NaN,NaN,NaN,NaN,NaN,NaN,NaN,NaN,NaN,NaN,NaN,NaN,NaN,NaN,NaN,NaN,NaN,NaN,NaN,
6.407,-0.01546,-0.01321,0.12958,-0.40780,-0.19130,-0.22534,0.86390,NaN,NaN,NaN,NaN,NaN,NaN,NaN,NaN,NaN,NaN,NaN,NaN,NaN,NaN,NaN,NaN,NaN,NaN,NaN,NaN,NaN,
6.432,-0.01546,-0.01321,0.12958,-0.40779,-0.19129,-0.22535,0.86390,NaN,NaN,NaN,NaN,NaN,NaN,NaN,NaN,NaN,NaN,NaN,NaN,NaN,NaN,NaN,NaN,NaN,NaN,NaN,NaN,NaN,
6.457,-0.01546,-0.01321,0.12958,-0.40781,-0.19128,-0.22534,0.86390,NaN,NaN,NaN,NaN,NaN,NaN,NaN,NaN,NaN,NaN,NaN,NaN,NaN,NaN,NaN,NaN,NaN,NaN,NaN,NaN,NaN,
6.482,-0.01546,-0.01321,0.12959,-0.40780,-0.19128,-0.22535,0.86390,NaN,NaN,NaN,NaN,NaN,NaN,NaN,NaN,NaN,NaN,NaN,NaN,NaN,NaN,NaN,NaN,NaN,NaN,NaN,NaN,NaN,
6.507,-0.01547,-0.01321,0.12958,-0.40781,-0.19128,-0.22535,0.86390,NaN,NaN,NaN,NaN,NaN,NaN,NaN,NaN,NaN,NaN,NaN,NaN,NaN,NaN,NaN,NaN,NaN,NaN,NaN,NaN,NaN,
6.532,-0.01547,-0.01321,0.12959,-0.40779,-0.19128,-0.22536,0.86390,NaN,NaN,NaN,NaN,NaN,NaN,NaN,NaN,NaN,NaN,NaN,NaN,NaN,NaN,NaN,NaN,NaN,NaN,NaN,NaN,NaN,
6.557,-0.01547,-0.01321,0.12959,-0.40780,-0.19128,-0.22536,0.86390,NaN,NaN,NaN,NaN,NaN,NaN,NaN,NaN,NaN,NaN,NaN,NaN,NaN,NaN,NaN,NaN,NaN,NaN,NaN,NaN,NaN,
6.582,-0.01547,-0.01321,0.12959,-0.40778,-0.19129,-0.22537,0.86390,NaN,NaN,NaN,NaN,NaN,NaN,NaN,NaN,NaN,NaN,NaN,NaN,NaN,NaN,NaN,NaN,NaN,NaN,NaN,NaN,NaN,
6.607,-0.01547,-0.01321,0.12959,-0.40778,-0.19129,-0.22537,0.86390,NaN,NaN,NaN,NaN,NaN,NaN,NaN,NaN,NaN,NaN,NaN,NaN,NaN,NaN,NaN,NaN,NaN,NaN,NaN,NaN,NaN,
6.632,-0.01547,-0.01321,0.12960,-0.40777,-0.19128,-0.22539,0.86391,NaN,NaN,NaN,NaN,NaN,NaN,NaN,NaN,NaN,NaN,NaN,NaN,NaN,NaN,NaN,NaN,NaN,NaN,NaN,NaN,NaN,
6.657,-0.01547,-0.01321,0.12960,-0.40778,-0.19128,-0.22538,0.86391,NaN,NaN,NaN,NaN,NaN,NaN,NaN,NaN,NaN,NaN,NaN,NaN,NaN,NaN,NaN,NaN,NaN,NaN,NaN,NaN,NaN,
6.682,-0.01547,-0.01321,0.12960,-0.40776,-0.19129,-0.22540,0.86391,NaN,NaN,NaN,NaN,NaN,NaN,NaN,NaN,NaN,NaN,NaN,NaN,NaN,NaN,NaN,NaN,NaN,NaN,NaN,NaN,NaN,
6.707,-0.01548,-0.01321,0.12960,-0.40775,-0.19129,-0.22541,0.86391,NaN,NaN,NaN,NaN,NaN,NaN,NaN,NaN,NaN,NaN,NaN,NaN,NaN,NaN,NaN,NaN,NaN,NaN,NaN,NaN,NaN,
6.732,-0.01548,-0.01320,0.12960,-0.40774,-0.19129,-0.22542,0.86391,NaN,NaN,NaN,NaN,NaN,NaN,NaN,NaN,NaN,NaN,NaN,NaN,NaN,NaN,NaN,NaN,NaN,NaN,NaN,NaN,NaN,
6.757,-0.01547,-0.01320,0.12960,-0.40774,-0.19129,-0.22542,0.86391,NaN,NaN,NaN,NaN,NaN,NaN,NaN,NaN,NaN,NaN,NaN,NaN,NaN,NaN,NaN,NaN,NaN,NaN,NaN,NaN,NaN,
6.782,-0.01548,-0.01320,0.12960,-0.40775,-0.19127,-0.22542,0.86391,NaN,NaN,NaN,NaN,NaN,NaN,NaN,NaN,NaN,NaN,NaN,NaN,NaN,NaN,NaN,NaN,NaN,NaN,NaN,NaN,NaN,
6.807,-0.01548,-0.01320,0.12960,-0.40774,-0.19129,-0.22541,0.86391,NaN,NaN,NaN,NaN,NaN,NaN,NaN,NaN,NaN,NaN,NaN,NaN,NaN,NaN,NaN,NaN,NaN,NaN,NaN,NaN,NaN,
6.832,-0.01547,-0.01320,0.12960,-0.40776,-0.19130,-0.22539,0.86391,NaN,NaN,NaN,NaN,NaN,NaN,NaN,NaN,NaN,NaN,NaN,NaN,NaN,NaN,NaN,NaN,NaN,NaN,NaN,NaN,NaN,
6.857,-0.01547,-0.01320,0.12960,-0.40776,-0.19128,-0.22541,0.86391,NaN,NaN,NaN,NaN,NaN,NaN,NaN,NaN,NaN,NaN,NaN,NaN,NaN,NaN,NaN,NaN,NaN,NaN,NaN,NaN,NaN,
6.882,-0.01547,-0.01320,0.12960,-0.40775,-0.19129,-0.22541,0.86391,NaN,NaN,NaN,NaN,NaN,NaN,NaN,NaN,NaN,NaN,NaN,NaN,NaN,NaN,NaN,NaN,NaN,NaN,NaN,NaN,NaN,
6.907,-0.01547,-0.01320,0.12960,-0.40774,-0.19130,-0.22541,0.86391,NaN,NaN,NaN,NaN,NaN,NaN,NaN,NaN,NaN,NaN,NaN,NaN,NaN,NaN,NaN,NaN,NaN,NaN,NaN,NaN,NaN,
6.932,-0.01547,-0.01320,0.12960,-0.40775,-0.19129,-0.22540,0.86391,NaN,NaN,NaN,NaN,NaN,NaN,NaN,NaN,NaN,NaN,NaN,NaN,NaN,NaN,NaN,NaN,NaN,NaN,NaN,NaN,NaN,
6.957,-0.01547,-0.01320,0.12960,-0.40774,-0.19130,-0.22541,0.86391,NaN,NaN,NaN,NaN,NaN,NaN,NaN,NaN,NaN,NaN,NaN,NaN,NaN,NaN,NaN,NaN,NaN,NaN,NaN,NaN,NaN,
6.982,-0.01547,-0.01320,0.12959,-0.40774,-0.19129,-0.22542,0.86391,NaN,NaN,NaN,NaN,NaN,NaN,NaN,NaN,NaN,NaN,NaN,NaN,NaN,NaN,NaN,NaN,NaN,NaN,NaN,NaN,NaN,
7.007,-0.01547,-0.01320,0.12960,-0.40773,-0.19129,-0.22543,0.86391,NaN,NaN,NaN,NaN,NaN,NaN,NaN,NaN,NaN,NaN,NaN,NaN,NaN,NaN,NaN,NaN,NaN,NaN,NaN,NaN,NaN,
7.032,-0.01547,-0.01320,0.12960,-0.40772,-0.19130,-0.22543,0.86391,NaN,NaN,NaN,NaN,NaN,NaN,NaN,NaN,NaN,NaN,NaN,NaN,NaN,NaN,NaN,NaN,NaN,NaN,NaN,NaN,NaN,
7.057,-0.01547,-0.01320,0.12960,-0.40772,-0.19129,-0.22544,0.86392,NaN,NaN,NaN,NaN,NaN,NaN,NaN,NaN,NaN,NaN,NaN,NaN,NaN,NaN,NaN,NaN,NaN,NaN,NaN,NaN,NaN,
7.082,-0.01547,-0.01321,0.12960,-0.40771,-0.19128,-0.22546,0.86391,NaN,NaN,NaN,NaN,NaN,NaN,NaN,NaN,NaN,NaN,NaN,NaN,NaN,NaN,NaN,NaN,NaN,NaN,NaN,NaN,NaN,
7.107,-0.01547,-0.01321,0.12960,-0.40771,-0.19128,-0.22547,0.86392,NaN,NaN,NaN,NaN,NaN,NaN,NaN,NaN,NaN,NaN,NaN,NaN,NaN,NaN,NaN,NaN,NaN,NaN,NaN,NaN,NaN,
7.132,-0.01547,-0.01321,0.12960,-0.40772,-0.19126,-0.22547,0.86391,NaN,NaN,NaN,NaN,NaN,NaN,NaN,NaN,NaN,NaN,NaN,NaN,NaN,NaN,NaN,NaN,NaN,NaN,NaN,NaN,NaN,
7.157,-0.01547,-0.01321,0.12960,-0.40772,-0.19127,-0.22547,0.86391,NaN,NaN,NaN,NaN,NaN,NaN,NaN,NaN,NaN,NaN,NaN,NaN,NaN,NaN,NaN,NaN,NaN,NaN,NaN,NaN,NaN,
7.182,-0.01547,-0.01322,0.12960,-0.40771,-0.19127,-0.22547,0.86392,NaN,NaN,NaN,NaN,NaN,NaN,NaN,NaN,NaN,NaN,NaN,NaN,NaN,NaN,NaN,NaN,NaN,NaN,NaN,NaN,NaN,
7.207,-0.01547,-0.01322,0.12961,-0.40767,-0.19131,-0.22548,0.86392,NaN,NaN,NaN,NaN,NaN,NaN,NaN,NaN,NaN,NaN,NaN,NaN,NaN,NaN,NaN,NaN,NaN,NaN,NaN,NaN,NaN,
7.232,-0.01558,-0.01319,0.12956,-0.40658,-0.19254,-0.22564,0.86412,NaN,NaN,NaN,NaN,NaN,NaN,NaN,NaN,NaN,NaN,NaN,NaN,NaN,NaN,NaN,NaN,NaN,NaN,NaN,NaN,NaN,
7.257,-0.01559,-0.01362,0.12975,-0.39892,-0.19782,-0.22988,0.86538,NaN,NaN,NaN,NaN,NaN,NaN,NaN,NaN,NaN,NaN,NaN,NaN,NaN,NaN,NaN,NaN,NaN,NaN,NaN,NaN,NaN,
7.282,-0.01556,-0.01337,0.12926,-0.39364,-0.20679,-0.22765,0.86629,NaN,NaN,NaN,NaN,NaN,NaN,NaN,NaN,NaN,NaN,NaN,NaN,NaN,NaN,NaN,NaN,NaN,NaN,NaN,NaN,NaN,
7.307,-0.01637,-0.01301,0.12910,-0.38731,-0.22084,-0.22161,0.86724,NaN,NaN,NaN,NaN,NaN,NaN,NaN,NaN,NaN,NaN,NaN,NaN,NaN,NaN,NaN,NaN,NaN,NaN,NaN,NaN,NaN,
7.332,-0.01770,-0.01238,0.12862,-0.38122,-0.23768,-0.21225,0.86783,NaN,NaN,NaN,NaN,NaN,NaN,NaN,NaN,NaN,NaN,NaN,NaN,NaN,NaN,NaN,NaN,NaN,NaN,NaN,NaN,NaN,
7.357,-0.01826,-0.01190,0.12845,-0.38013,-0.24668,-0.20445,0.86767,NaN,NaN,NaN,NaN,NaN,NaN,NaN,NaN,NaN,NaN,NaN,NaN,NaN,NaN,NaN,NaN,NaN,NaN,NaN,NaN,NaN,
7.382,-0.01825,-0.01127,0.12851,-0.38301,-0.25047,-0.19704,0.86703,NaN,NaN,NaN,NaN,NaN,NaN,NaN,NaN,NaN,NaN,NaN,NaN,NaN,NaN,NaN,NaN,NaN,NaN,NaN,NaN,NaN,
7.407,-0.01868,-0.01050,0.12837,-0.38433,-0.25644,-0.18922,0.86644,NaN,NaN,NaN,NaN,NaN,NaN,NaN,NaN,NaN,NaN,NaN,NaN,NaN,NaN,NaN,NaN,NaN,NaN,NaN,NaN,NaN,
7.432,-0.01893,-0.00971,0.12829,-0.38760,-0.26187,-0.17944,0.86544,NaN,NaN,NaN,NaN,NaN,NaN,NaN,NaN,NaN,NaN,NaN,NaN,NaN,NaN,NaN,NaN,NaN,NaN,NaN,NaN,NaN,
7.457,-0.01912,-0.00906,0.12818,-0.39021,-0.26720,-0.17047,0.86445,NaN,NaN,NaN,NaN,NaN,NaN,NaN,NaN,NaN,NaN,NaN,NaN,NaN,NaN,NaN,NaN,NaN,NaN,NaN,NaN,NaN,
7.482,-0.01930,-0.00829,0.12813,-0.39403,-0.27092,-0.16158,0.86327,NaN,NaN,NaN,NaN,NaN,NaN,NaN,NaN,NaN,NaN,NaN,NaN,NaN,NaN,NaN,NaN,NaN,NaN,NaN,NaN,NaN,
7.507,-0.01952,-0.00762,0.12817,-0.39682,-0.27517,-0.15336,0.86215,NaN,NaN,NaN,NaN,NaN,NaN,NaN,NaN,NaN,NaN,NaN,NaN,NaN,NaN,NaN,NaN,NaN,NaN,NaN,NaN,NaN,
7.532,-0.01986,-0.00698,0.12813,-0.39889,-0.28167,-0.14346,0.86079,NaN,NaN,NaN,NaN,NaN,NaN,NaN,NaN,NaN,NaN,NaN,NaN,NaN,NaN,NaN,NaN,NaN,NaN,NaN,NaN,NaN,
7.557,-0.02028,-0.00628,0.12783,-0.40063,-0.28894,-0.13299,0.85926,NaN,NaN,NaN,NaN,NaN,NaN,NaN,NaN,NaN,NaN,NaN,NaN,NaN,NaN,NaN,NaN,NaN,NaN,NaN,NaN,NaN,
7.582,-0.02034,-0.00575,0.12812,-0.40467,-0.29181,-0.12433,0.85769,NaN,NaN,NaN,NaN,NaN,NaN,NaN,NaN,NaN,NaN,NaN,NaN,NaN,NaN,NaN,NaN,NaN,NaN,NaN,NaN,NaN,
7.607,-0.02056,-0.00516,0.12833,-0.40754,-0.29596,-0.11567,0.85612,NaN,NaN,NaN,NaN,NaN,NaN,NaN,NaN,NaN,NaN,NaN,NaN,NaN,NaN,NaN,NaN,NaN,NaN,NaN,NaN,NaN,
7.632,-0.02091,-0.00462,0.12810,-0.40789,-0.30209,-0.10802,0.85481,NaN,NaN,NaN,NaN,NaN,NaN,NaN,NaN,NaN,NaN,NaN,NaN,NaN,NaN,NaN,NaN,NaN,NaN,NaN,NaN,NaN,
7.657,-0.02099,-0.00432,0.12829,-0.41102,-0.30371,-0.10180,0.85350,NaN,NaN,NaN,NaN,NaN,NaN,NaN,NaN,NaN,NaN,NaN,NaN,NaN,NaN,NaN,NaN,NaN,NaN,NaN,NaN,NaN,
7.682,-0.02155,-0.00373,0.12783,-0.40981,-0.30737,-0.09911,0.85309,NaN,NaN,NaN,NaN,NaN,NaN,NaN,NaN,NaN,NaN,NaN,NaN,NaN,NaN,NaN,NaN,NaN,NaN,NaN,NaN,NaN,
7.707,-0.02099,-0.00391,0.12851,-0.41345,-0.30245,-0.09995,0.85299,NaN,NaN,NaN,NaN,NaN,NaN,NaN,NaN,NaN,NaN,NaN,NaN,NaN,NaN,NaN,NaN,NaN,NaN,NaN,NaN,NaN,
7.732,-0.02114,-0.00380,0.12852,-0.41300,-0.30311,-0.09979,0.85300,NaN,NaN,NaN,NaN,NaN,NaN,NaN,NaN,NaN,NaN,NaN,NaN,NaN,NaN,NaN,NaN,NaN,NaN,NaN,NaN,NaN,
7.757,-0.02093,-0.00360,0.12885,-0.41492,-0.30323,-0.09698,0.85234,NaN,NaN,NaN,NaN,NaN,NaN,NaN,NaN,NaN,NaN,NaN,NaN,NaN,NaN,NaN,NaN,NaN,NaN,NaN,NaN,NaN,
7.782,-0.02109,-0.00334,0.12890,-0.41563,-0.30345,-0.09573,0.85206,NaN,NaN,NaN,NaN,NaN,NaN,NaN,NaN,NaN,NaN,NaN,NaN,NaN,NaN,NaN,NaN,NaN,NaN,NaN,NaN,NaN,
7.807,-0.02102,-0.00347,0.12909,-0.41423,-0.30293,-0.09829,0.85263,NaN,NaN,NaN,NaN,NaN,NaN,NaN,NaN,NaN,NaN,NaN,NaN,NaN,NaN,NaN,NaN,NaN,NaN,NaN,NaN,NaN,
7.832,-0.02112,-0.00358,0.12905,-0.41219,-0.30379,-0.10009,0.85311,NaN,NaN,NaN,NaN,NaN,NaN,NaN,NaN,NaN,NaN,NaN,NaN,NaN,NaN,NaN,NaN,NaN,NaN,NaN,NaN,NaN,
7.857,-0.02108,-0.00361,0.12917,-0.41231,-0.30348,-0.10029,0.85313,NaN,NaN,NaN,NaN,NaN,NaN,NaN,NaN,NaN,NaN,NaN,NaN,NaN,NaN,NaN,NaN,NaN,NaN,NaN,NaN,NaN,
7.882,-0.02105,-0.00360,0.12912,-0.41216,-0.30372,-0.10021,0.85313,NaN,NaN,NaN,NaN,NaN,NaN,NaN,NaN,NaN,NaN,NaN,NaN,NaN,NaN,NaN,NaN,NaN,NaN,NaN,NaN,NaN,
7.907,-0.02110,-0.00354,0.12911,-0.41235,-0.30380,-0.09986,0.85305,NaN,NaN,NaN,NaN,NaN,NaN,NaN,NaN,NaN,NaN,NaN,NaN,NaN,NaN,NaN,NaN,NaN,NaN,NaN,NaN,NaN,
7.932,-0.02111,-0.00351,0.12913,-0.41229,-0.30381,-0.09993,0.85307,NaN,NaN,NaN,NaN,NaN,NaN,NaN,NaN,NaN,NaN,NaN,NaN,NaN,NaN,NaN,NaN,NaN,NaN,NaN,NaN,NaN,
7.958,-0.02111,-0.00357,0.12906,-0.41194,-0.30383,-0.10040,0.85318,NaN,NaN,NaN,NaN,NaN,NaN,NaN,NaN,NaN,NaN,NaN,NaN,NaN,NaN,NaN,NaN,NaN,NaN,NaN,NaN,NaN,
7.982,-0.02111,-0.00377,0.12897,-0.41121,-0.30309,-0.10228,0.85357,NaN,NaN,NaN,NaN,NaN,NaN,NaN,NaN,NaN,NaN,NaN,NaN,NaN,NaN,NaN,NaN,NaN,NaN,NaN,NaN,NaN,
8.007,-0.02105,-0.00394,0.12876,-0.40986,-0.30288,-0.10438,0.85404,NaN,NaN,NaN,NaN,NaN,NaN,NaN,NaN,NaN,NaN,NaN,NaN,NaN,NaN,NaN,NaN,NaN,NaN,NaN,NaN,NaN,
8.032,-0.02117,-0.00402,0.12876,-0.40887,-0.30226,-0.10647,0.85447,NaN,NaN,NaN,NaN,NaN,NaN,NaN,NaN,NaN,NaN,NaN,NaN,NaN,NaN,NaN,NaN,NaN,NaN,NaN,NaN,NaN,
8.057,-0.02118,-0.00411,0.12863,-0.40745,-0.30192,-0.10881,0.85498,NaN,NaN,NaN,NaN,NaN,NaN,NaN,NaN,NaN,NaN,NaN,NaN,NaN,NaN,NaN,NaN,NaN,NaN,NaN,NaN,NaN,
8.082,-0.02108,-0.00446,0.12848,-0.40579,-0.30000,-0.11334,0.85586,NaN,NaN,NaN,NaN,NaN,NaN,NaN,NaN,NaN,NaN,NaN,NaN,NaN,NaN,NaN,NaN,NaN,NaN,NaN,NaN,NaN,
8.107,-0.02072,-0.00478,0.12844,-0.40556,-0.29650,-0.11772,0.85659,NaN,NaN,NaN,NaN,NaN,NaN,NaN,NaN,NaN,NaN,NaN,NaN,NaN,NaN,NaN,NaN,NaN,NaN,NaN,NaN,NaN,
8.132,-0.02059,-0.00506,0.12824,-0.40451,-0.29452,-0.12142,0.85725,NaN,NaN,NaN,NaN,NaN,NaN,NaN,NaN,NaN,NaN,NaN,NaN,NaN,NaN,NaN,NaN,NaN,NaN,NaN,NaN,NaN,
8.157,-0.02048,-0.00526,0.12815,-0.40374,-0.29220,-0.12512,0.85788,NaN,NaN,NaN,NaN,NaN,NaN,NaN,NaN,NaN,NaN,NaN,NaN,NaN,NaN,NaN,NaN,NaN,NaN,NaN,NaN,NaN,
8.182,-0.02026,-0.00554,0.12804,-0.40336,-0.28832,-0.13006,0.85863,NaN,NaN,NaN,NaN,NaN,NaN,NaN,NaN,NaN,NaN,NaN,NaN,NaN,NaN,NaN,NaN,NaN,NaN,NaN,NaN,NaN,
8.207,-0.01992,-0.00591,0.12798,-0.40342,-0.28396,-0.13492,0.85931,NaN,NaN,NaN,NaN,NaN,NaN,NaN,NaN,NaN,NaN,NaN,NaN,NaN,NaN,NaN,NaN,NaN,NaN,NaN,NaN,NaN,
8.232,-0.01976,-0.00617,0.12785,-0.40296,-0.28130,-0.13854,0.85983,NaN,NaN,NaN,NaN,NaN,NaN,NaN,NaN,NaN,NaN,NaN,NaN,NaN,NaN,NaN,NaN,NaN,NaN,NaN,NaN,NaN,
8.257,-0.01962,-0.00628,0.12793,-0.40292,-0.27927,-0.14085,0.86013,NaN,NaN,NaN,NaN,NaN,NaN,NaN,NaN,NaN,NaN,NaN,NaN,NaN,NaN,NaN,NaN,NaN,NaN,NaN,NaN,NaN,
8.282,-0.01958,-0.00644,0.12784,-0.40162,-0.27813,-0.14383,0.86062,NaN,NaN,NaN,NaN,NaN,NaN,NaN,NaN,NaN,NaN,NaN,NaN,NaN,NaN,NaN,NaN,NaN,NaN,NaN,NaN,NaN,
8.307,-0.01934,-0.00666,0.12782,-0.40258,-0.27438,-0.14674,0.86088,NaN,NaN,NaN,NaN,NaN,NaN,NaN,NaN,NaN,NaN,NaN,NaN,NaN,NaN,NaN,NaN,NaN,NaN,NaN,NaN,NaN,
8.332,-0.01918,-0.00674,0.12791,-0.40309,-0.27172,-0.14900,0.86109,NaN,NaN,NaN,NaN,NaN,NaN,NaN,NaN,NaN,NaN,NaN,NaN,NaN,NaN,NaN,NaN,NaN,NaN,NaN,NaN,NaN,
8.357,-0.01910,-0.00685,0.12777,-0.40287,-0.27087,-0.15023,0.86126,NaN,NaN,NaN,NaN,NaN,NaN,NaN,NaN,NaN,NaN,NaN,NaN,NaN,NaN,NaN,NaN,NaN,NaN,NaN,NaN,NaN,
8.382,-0.01906,-0.00696,0.12783,-0.40293,-0.26996,-0.15114,0.86135,NaN,NaN,NaN,NaN,NaN,NaN,NaN,NaN,NaN,NaN,NaN,NaN,NaN,NaN,NaN,NaN,NaN,NaN,NaN,NaN,NaN,
8.407,-0.01901,-0.00704,0.12772,-0.40259,-0.26954,-0.15204,0.86148,NaN,NaN,NaN,NaN,NaN,NaN,NaN,NaN,NaN,NaN,NaN,NaN,NaN,NaN,NaN,NaN,NaN,NaN,NaN,NaN,NaN,
8.432,-0.01898,-0.00726,0.12772,-0.40218,-0.26583,-0.15663,0.86201,NaN,NaN,NaN,NaN,NaN,NaN,NaN,NaN,NaN,NaN,NaN,NaN,NaN,NaN,NaN,NaN,NaN,NaN,NaN,NaN,NaN,
8.457,-0.01862,-0.00775,0.12791,-0.40326,-0.25772,-0.16398,0.86260,NaN,NaN,NaN,NaN,NaN,NaN,NaN,NaN,NaN,NaN,NaN,NaN,NaN,NaN,NaN,NaN,NaN,NaN,NaN,NaN,NaN,
8.482,-0.01819,-0.00813,0.12804,-0.40463,-0.24895,-0.17155,0.86306,NaN,NaN,NaN,NaN,NaN,NaN,NaN,NaN,NaN,NaN,NaN,NaN,NaN,NaN,NaN,NaN,NaN,NaN,NaN,NaN,NaN,
8.507,-0.01776,-0.00867,0.12802,-0.40608,-0.23976,-0.17931,0.86340,NaN,NaN,NaN,NaN,NaN,NaN,NaN,NaN,NaN,NaN,NaN,NaN,NaN,NaN,NaN,NaN,NaN,NaN,NaN,NaN,NaN,
8.532,-0.01708,-0.00927,0.12854,-0.40879,-0.22907,-0.18688,0.86342,NaN,NaN,NaN,NaN,NaN,NaN,NaN,NaN,NaN,NaN,NaN,NaN,NaN,NaN,NaN,NaN,NaN,NaN,NaN,NaN,NaN,
8.557,-0.01666,-0.00968,0.12854,-0.41219,-0.21993,-0.19186,0.86309,NaN,NaN,NaN,NaN,NaN,NaN,NaN,NaN,NaN,NaN,NaN,NaN,NaN,NaN,NaN,NaN,NaN,NaN,NaN,NaN,NaN,
8.582,-0.01636,-0.01009,0.12877,-0.41452,-0.21188,-0.19699,0.86283,NaN,NaN,NaN,NaN,NaN,NaN,NaN,NaN,NaN,NaN,NaN,NaN,NaN,NaN,NaN,NaN,NaN,NaN,NaN,NaN,NaN,
8.607,-0.01603,-0.01037,0.12904,-0.41682,-0.20501,-0.20091,0.86248,NaN,NaN,NaN,NaN,NaN,NaN,NaN,NaN,NaN,NaN,NaN,NaN,NaN,NaN,NaN,NaN,NaN,NaN,NaN,NaN,NaN,
8.632,-0.01578,-0.01062,0.12923,-0.41919,-0.19897,-0.20386,0.86205,NaN,NaN,NaN,NaN,NaN,NaN,NaN,NaN,NaN,NaN,NaN,NaN,NaN,NaN,NaN,NaN,NaN,NaN,NaN,NaN,NaN,
8.657,-0.01565,-0.01084,0.12950,-0.42142,-0.19297,-0.20690,0.86160,NaN,NaN,NaN,NaN,NaN,NaN,NaN,NaN,NaN,NaN,NaN,NaN,NaN,NaN,NaN,NaN,NaN,NaN,NaN,NaN,NaN,
8.682,-0.01538,-0.01139,0.12982,-0.42184,-0.18689,-0.21224,0.86144,NaN,NaN,NaN,NaN,NaN,NaN,NaN,NaN,NaN,NaN,NaN,NaN,NaN,NaN,NaN,NaN,NaN,NaN,NaN,NaN,NaN,
8.718,-0.01538,-0.01139,0.12982,-0.42184,-0.18689,-0.21224,0.86144,NaN,NaN,NaN,NaN,NaN,NaN,NaN,NaN,NaN,NaN,NaN,NaN,NaN,NaN,NaN,NaN,NaN,NaN,NaN,NaN,NaN,
8.732,-0.01515,-0.01159,0.13001,-0.42407,-0.18247,-0.21368,0.86094,NaN,NaN,NaN,NaN,NaN,NaN,NaN,NaN,NaN,NaN,NaN,NaN,NaN,NaN,NaN,NaN,NaN,NaN,NaN,NaN,NaN,
8.757,-0.01496,-0.01177,0.13018,-0.42592,-0.17867,-0.21498,0.86049,NaN,NaN,NaN,NaN,NaN,NaN,NaN,NaN,NaN,NaN,NaN,NaN,NaN,NaN,NaN,NaN,NaN,NaN,NaN,NaN,NaN,
8.782,-0.01493,-0.01191,0.13041,-0.42722,-0.17584,-0.21605,0.86017,NaN,NaN,NaN,NaN,NaN,NaN,NaN,NaN,NaN,NaN,NaN,NaN,NaN,NaN,NaN,NaN,NaN,NaN,NaN,NaN,NaN,
8.807,-0.01495,-0.01195,0.13062,-0.42785,-0.17420,-0.21680,0.86000,NaN,NaN,NaN,NaN,NaN,NaN,NaN,NaN,NaN,NaN,NaN,NaN,NaN,NaN,NaN,NaN,NaN,NaN,NaN,NaN,NaN,
8.832,-0.01501,-0.01200,0.13083,-0.42861,-0.17288,-0.21711,0.85981,NaN,NaN,NaN,NaN,NaN,NaN,NaN,NaN,NaN,NaN,NaN,NaN,NaN,NaN,NaN,NaN,NaN,NaN,NaN,NaN,NaN,
8.857,-0.01491,-0.01210,0.13084,-0.42784,-0.17308,-0.21788,0.85996,NaN,NaN,NaN,NaN,NaN,NaN,NaN,NaN,NaN,NaN,NaN,NaN,NaN,NaN,NaN,NaN,NaN,NaN,NaN,NaN,NaN,
8.882,-0.01513,-0.01267,0.13075,-0.41979,-0.17821,-0.22302,0.86155,NaN,NaN,NaN,NaN,NaN,NaN,NaN,NaN,NaN,NaN,NaN,NaN,NaN,NaN,NaN,NaN,NaN,NaN,NaN,NaN,NaN,
8.907,-0.01504,-0.01300,0.13072,-0.41828,-0.17858,-0.22453,0.86182,NaN,NaN,NaN,NaN,NaN,NaN,NaN,NaN,NaN,NaN,NaN,NaN,NaN,NaN,NaN,NaN,NaN,NaN,NaN,NaN,NaN,
8.932,-0.01501,-0.01320,0.13069,-0.41616,-0.17959,-0.22619,0.86221,NaN,NaN,NaN,NaN,NaN,NaN,NaN,NaN,NaN,NaN,NaN,NaN,NaN,NaN,NaN,NaN,NaN,NaN,NaN,NaN,NaN,
8.957,-0.01507,-0.01318,0.13065,-0.41557,-0.18030,-0.22624,0.86233,NaN,NaN,NaN,NaN,NaN,NaN,NaN,NaN,NaN,NaN,NaN,NaN,NaN,NaN,NaN,NaN,NaN,NaN,NaN,NaN,NaN,
8.982,-0.01507,-0.01310,0.13049,-0.41599,-0.18100,-0.22508,0.86229,NaN,NaN,NaN,NaN,NaN,NaN,NaN,NaN,NaN,NaN,NaN,NaN,NaN,NaN,NaN,NaN,NaN,NaN,NaN,NaN,NaN,
9.007,-0.01506,-0.01304,0.13043,-0.41717,-0.18073,-0.22388,0.86208,NaN,NaN,NaN,NaN,NaN,NaN,NaN,NaN,NaN,NaN,NaN,NaN,NaN,NaN,NaN,NaN,NaN,NaN,NaN,NaN,NaN,
9.032,-0.01505,-0.01294,0.13047,-0.41846,-0.18024,-0.22275,0.86185,NaN,NaN,NaN,NaN,NaN,NaN,NaN,NaN,NaN,NaN,NaN,NaN,NaN,NaN,NaN,NaN,NaN,NaN,NaN,NaN,NaN,
9.057,-0.01500,-0.01294,0.13036,-0.41961,-0.18006,-0.22151,0.86165,NaN,NaN,NaN,NaN,NaN,NaN,NaN,NaN,NaN,NaN,NaN,NaN,NaN,NaN,NaN,NaN,NaN,NaN,NaN,NaN,NaN,
9.082,-0.01498,-0.01287,0.13013,-0.41977,-0.18100,-0.22041,0.86165,NaN,NaN,NaN,NaN,NaN,NaN,NaN,NaN,NaN,NaN,NaN,NaN,NaN,NaN,NaN,NaN,NaN,NaN,NaN,NaN,NaN,
9.107,-0.01509,-0.01277,0.13003,-0.42045,-0.18104,-0.21954,0.86154,NaN,NaN,NaN,NaN,NaN,NaN,NaN,NaN,NaN,NaN,NaN,NaN,NaN,NaN,NaN,NaN,NaN,NaN,NaN,NaN,NaN,
9.132,-0.01495,-0.01271,0.12998,-0.42098,-0.18117,-0.21876,0.86145,NaN,NaN,NaN,NaN,NaN,NaN,NaN,NaN,NaN,NaN,NaN,NaN,NaN,NaN,NaN,NaN,NaN,NaN,NaN,NaN,NaN,
9.157,-0.01495,-0.01260,0.12978,-0.42262,-0.18093,-0.21695,0.86116,NaN,NaN,NaN,NaN,NaN,NaN,NaN,NaN,NaN,NaN,NaN,NaN,NaN,NaN,NaN,NaN,NaN,NaN,NaN,NaN,NaN,
9.182,-0.01492,-0.01254,0.12957,-0.42401,-0.18084,-0.21531,0.86090,NaN,NaN,NaN,NaN,NaN,NaN,NaN,NaN,NaN,NaN,NaN,NaN,NaN,NaN,NaN,NaN,NaN,NaN,NaN,NaN,NaN,
9.207,-0.01490,-0.01238,0.12954,-0.42607,-0.17996,-0.21357,0.86050,NaN,NaN,NaN,NaN,NaN,NaN,NaN,NaN,NaN,NaN,NaN,NaN,NaN,NaN,NaN,NaN,NaN,NaN,NaN,NaN,NaN,
9.232,-0.01499,-0.01230,0.12935,-0.42687,-0.18016,-0.21239,0.86036,NaN,NaN,NaN,NaN,NaN,NaN,NaN,NaN,NaN,NaN,NaN,NaN,NaN,NaN,NaN,NaN,NaN,NaN,NaN,NaN,NaN,
9.257,-0.01503,-0.01230,0.12934,-0.42819,-0.17940,-0.21145,0.86009,NaN,NaN,NaN,NaN,NaN,NaN,NaN,NaN,NaN,NaN,NaN,NaN,NaN,NaN,NaN,NaN,NaN,NaN,NaN,NaN,NaN,
9.282,-0.01496,-0.01231,0.12940,-0.42925,-0.17877,-0.21072,0.85987,NaN,NaN,NaN,NaN,NaN,NaN,NaN,NaN,NaN,NaN,NaN,NaN,NaN,NaN,NaN,NaN,NaN,NaN,NaN,NaN,NaN,
9.307,-0.01498,-0.01229,0.12926,-0.42932,-0.17951,-0.20993,0.85988,NaN,NaN,NaN,NaN,NaN,NaN,NaN,NaN,NaN,NaN,NaN,NaN,NaN,NaN,NaN,NaN,NaN,NaN,NaN,NaN,NaN,
9.332,-0.01491,-0.01215,0.12928,-0.43110,-0.17874,-0.20843,0.85951,NaN,NaN,NaN,NaN,NaN,NaN,NaN,NaN,NaN,NaN,NaN,NaN,NaN,NaN,NaN,NaN,NaN,NaN,NaN,NaN,NaN,
9.357,-0.01494,-0.01213,0.12931,-0.43134,-0.17877,-0.20810,0.85947,NaN,NaN,NaN,NaN,NaN,NaN,NaN,NaN,NaN,NaN,NaN,NaN,NaN,NaN,NaN,NaN,NaN,NaN,NaN,NaN,NaN,
9.382,-0.01492,-0.01209,0.12924,-0.43240,-0.17839,-0.20711,0.85925,NaN,NaN,NaN,NaN,NaN,NaN,NaN,NaN,NaN,NaN,NaN,NaN,NaN,NaN,NaN,NaN,NaN,NaN,NaN,NaN,NaN,
9.407,-0.01493,-0.01218,0.12920,-0.43266,-0.17832,-0.20686,0.85920,NaN,NaN,NaN,NaN,NaN,NaN,NaN,NaN,NaN,NaN,NaN,NaN,NaN,NaN,NaN,NaN,NaN,NaN,NaN,NaN,NaN,
9.432,-0.01495,-0.01215,0.12927,-0.43287,-0.17836,-0.20655,0.85916,NaN,NaN,NaN,NaN,NaN,NaN,NaN,NaN,NaN,NaN,NaN,NaN,NaN,NaN,NaN,NaN,NaN,NaN,NaN,NaN,NaN,
9.457,-0.01502,-0.01213,0.12935,-0.43312,-0.17822,-0.20637,0.85910,NaN,NaN,NaN,NaN,NaN,NaN,NaN,NaN,NaN,NaN,NaN,NaN,NaN,NaN,NaN,NaN,NaN,NaN,NaN,NaN,NaN,
9.482,-0.01504,-0.01217,0.12955,-0.43326,-0.17779,-0.20661,0.85907,NaN,NaN,NaN,NaN,NaN,NaN,NaN,NaN,NaN,NaN,NaN,NaN,NaN,NaN,NaN,NaN,NaN,NaN,NaN,NaN,NaN,
9.507,-0.01503,-0.01219,0.12966,-0.43373,-0.17739,-0.20639,0.85896,NaN,NaN,NaN,NaN,NaN,NaN,NaN,NaN,NaN,NaN,NaN,NaN,NaN,NaN,NaN,NaN,NaN,NaN,NaN,NaN,NaN,
9.532,-0.01496,-0.01218,0.12987,-0.43436,-0.17673,-0.20622,0.85882,NaN,NaN,NaN,NaN,NaN,NaN,NaN,NaN,NaN,NaN,NaN,NaN,NaN,NaN,NaN,NaN,NaN,NaN,NaN,NaN,NaN,
9.557,-0.01497,-0.01221,0.12980,-0.43465,-0.17671,-0.20588,0.85876,NaN,NaN,NaN,NaN,NaN,NaN,NaN,NaN,NaN,NaN,NaN,NaN,NaN,NaN,NaN,NaN,NaN,NaN,NaN,NaN,NaN,
9.582,-0.01496,-0.01238,0.12993,-0.43491,-0.17493,-0.20724,0.85866,NaN,NaN,NaN,NaN,NaN,NaN,NaN,NaN,NaN,NaN,NaN,NaN,NaN,NaN,NaN,NaN,NaN,NaN,NaN,NaN,NaN,
9.607,-0.01456,-0.01248,0.13000,-0.43617,-0.17174,-0.20868,0.85832,NaN,NaN,NaN,NaN,NaN,NaN,NaN,NaN,NaN,NaN,NaN,NaN,NaN,NaN,NaN,NaN,NaN,NaN,NaN,NaN,NaN,
9.632,-0.01444,-0.01256,0.13023,-0.43689,-0.16948,-0.20990,0.85810,NaN,NaN,NaN,NaN,NaN,NaN,NaN,NaN,NaN,NaN,NaN,NaN,NaN,NaN,NaN,NaN,NaN,NaN,NaN,NaN,NaN,
9.657,-0.01443,-0.01255,0.13037,-0.43723,-0.16879,-0.21012,0.85801,NaN,NaN,NaN,NaN,NaN,NaN,NaN,NaN,NaN,NaN,NaN,NaN,NaN,NaN,NaN,NaN,NaN,NaN,NaN,NaN,NaN,
9.682,-0.01447,-0.01252,0.13056,-0.43808,-0.16789,-0.20990,0.85781,NaN,NaN,NaN,NaN,NaN,NaN,NaN,NaN,NaN,NaN,NaN,NaN,NaN,NaN,NaN,NaN,NaN,NaN,NaN,NaN,NaN,
9.707,-0.01444,-0.01258,0.13056,-0.43862,-0.16745,-0.20963,0.85769,NaN,NaN,NaN,NaN,NaN,NaN,NaN,NaN,NaN,NaN,NaN,NaN,NaN,NaN,NaN,NaN,NaN,NaN,NaN,NaN,NaN,
9.732,-0.01443,-0.01264,0.13067,-0.43936,-0.16628,-0.20979,0.85749,NaN,NaN,NaN,NaN,NaN,NaN,NaN,NaN,NaN,NaN,NaN,NaN,NaN,NaN,NaN,NaN,NaN,NaN,NaN,NaN,NaN,
9.757,-0.01437,-0.01272,0.13066,-0.43971,-0.16521,-0.21036,0.85738,NaN,NaN,NaN,NaN,NaN,NaN,NaN,NaN,NaN,NaN,NaN,NaN,NaN,NaN,NaN,NaN,NaN,NaN,NaN,NaN,NaN,
9.782,-0.01422,-0.01282,0.13077,-0.44072,-0.16263,-0.21151,0.85708,NaN,NaN,NaN,NaN,NaN,NaN,NaN,NaN,NaN,NaN,NaN,NaN,NaN,NaN,NaN,NaN,NaN,NaN,NaN,NaN,NaN,
9.807,-0.01396,-0.01294,0.13077,-0.44250,-0.15958,-0.21209,0.85659,NaN,NaN,NaN,NaN,NaN,NaN,NaN,NaN,NaN,NaN,NaN,NaN,NaN,NaN,NaN,NaN,NaN,NaN,NaN,NaN,NaN,
9.832,-0.01379,-0.01308,0.13074,-0.44296,-0.15798,-0.21301,0.85642,NaN,NaN,NaN,NaN,NaN,NaN,NaN,NaN,NaN,NaN,NaN,NaN,NaN,NaN,NaN,NaN,NaN,NaN,NaN,NaN,NaN,
9.857,-0.01368,-0.01312,0.13069,-0.44274,-0.15754,-0.21370,0.85644,NaN,NaN,NaN,NaN,NaN,NaN,NaN,NaN,NaN,NaN,NaN,NaN,NaN,NaN,NaN,NaN,NaN,NaN,NaN,NaN,NaN,
9.882,-0.01374,-0.01325,0.13076,-0.44088,-0.15847,-0.21519,0.85686,NaN,NaN,NaN,NaN,NaN,NaN,NaN,NaN,NaN,NaN,NaN,NaN,NaN,NaN,NaN,NaN,NaN,NaN,NaN,NaN,NaN,
9.907,-0.01374,-0.01334,0.13059,-0.44027,-0.15942,-0.21507,0.85702,NaN,NaN,NaN,NaN,NaN,NaN,NaN,NaN,NaN,NaN,NaN,NaN,NaN,NaN,NaN,NaN,NaN,NaN,NaN,NaN,NaN,
9.932,-0.01372,-0.01338,0.13055,-0.44020,-0.15974,-0.21487,0.85705,NaN,NaN,NaN,NaN,NaN,NaN,NaN,NaN,NaN,NaN,NaN,NaN,NaN,NaN,NaN,NaN,NaN,NaN,NaN,NaN,NaN,
9.957,-0.01360,-0.01354,0.13043,-0.43868,-0.16088,-0.21571,0.85741,NaN,NaN,NaN,NaN,NaN,NaN,NaN,NaN,NaN,NaN,NaN,NaN,NaN,NaN,NaN,NaN,NaN,NaN,NaN,NaN,NaN,
9.982,-0.01350,-0.01375,0.13027,-0.43665,-0.16118,-0.21799,0.85781,NaN,NaN,NaN,NaN,NaN,NaN,NaN,NaN,NaN,NaN,NaN,NaN,NaN,NaN,NaN,NaN,NaN,NaN,NaN,NaN,NaN,
10.007,-0.01328,-0.01382,0.13019,-0.43725,-0.15877,-0.21947,0.85758,NaN,NaN,NaN,NaN,NaN,NaN,NaN,NaN,NaN,NaN,NaN,NaN,NaN,NaN,NaN,NaN,NaN,NaN,NaN,NaN,NaN,
10.032,-0.01294,-0.01381,0.13017,-0.43782,-0.15744,-0.22000,0.85740,NaN,NaN,NaN,NaN,NaN,NaN,NaN,NaN,NaN,NaN,NaN,NaN,NaN,NaN,NaN,NaN,NaN,NaN,NaN,NaN,NaN,
10.057,-0.01294,-0.01387,0.13002,-0.43820,-0.15752,-0.21944,0.85733,NaN,NaN,NaN,NaN,NaN,NaN,NaN,NaN,NaN,NaN,NaN,NaN,NaN,NaN,NaN,NaN,NaN,NaN,NaN,NaN,NaN,
10.082,-0.01288,-0.01380,0.12993,-0.43991,-0.15680,-0.21796,0.85696,NaN,NaN,NaN,NaN,NaN,NaN,NaN,NaN,NaN,NaN,NaN,NaN,NaN,NaN,NaN,NaN,NaN,NaN,NaN,NaN,NaN,
10.107,-0.01292,-0.01390,0.12976,-0.43944,-0.15712,-0.21825,0.85707,NaN,NaN,NaN,NaN,NaN,NaN,NaN,NaN,NaN,NaN,NaN,NaN,NaN,NaN,NaN,NaN,NaN,NaN,NaN,NaN,NaN,
10.132,-0.01273,-0.01409,0.12977,-0.43804,-0.15685,-0.22026,0.85732,NaN,NaN,NaN,NaN,NaN,NaN,NaN,NaN,NaN,NaN,NaN,NaN,NaN,NaN,NaN,NaN,NaN,NaN,NaN,NaN,NaN,
10.157,-0.01262,-0.01409,0.12969,-0.43740,-0.15712,-0.22081,0.85746,NaN,NaN,NaN,NaN,NaN,NaN,NaN,NaN,NaN,NaN,NaN,NaN,NaN,NaN,NaN,NaN,NaN,NaN,NaN,NaN,NaN,
10.182,-0.01268,-0.01407,0.12968,-0.43688,-0.15789,-0.22076,0.85760,NaN,NaN,NaN,NaN,NaN,NaN,NaN,NaN,NaN,NaN,NaN,NaN,NaN,NaN,NaN,NaN,NaN,NaN,NaN,NaN,NaN,
10.207,-0.01255,-0.01407,0.12962,-0.43708,-0.15819,-0.22022,0.85758,NaN,NaN,NaN,NaN,NaN,NaN,NaN,NaN,NaN,NaN,NaN,NaN,NaN,NaN,NaN,NaN,NaN,NaN,NaN,NaN,NaN,
10.232,-0.01260,-0.01414,0.12938,-0.43574,-0.15996,-0.22026,0.85792,NaN,NaN,NaN,NaN,NaN,NaN,NaN,NaN,NaN,NaN,NaN,NaN,NaN,NaN,NaN,NaN,NaN,NaN,NaN,NaN,NaN,
10.257,-0.01262,-0.01417,0.12946,-0.43528,-0.16035,-0.22048,0.85803,NaN,NaN,NaN,NaN,NaN,NaN,NaN,NaN,NaN,NaN,NaN,NaN,NaN,NaN,NaN,NaN,NaN,NaN,NaN,NaN,NaN,
10.282,-0.01263,-0.01421,0.12954,-0.43427,-0.16103,-0.22111,0.85825,NaN,NaN,NaN,NaN,NaN,NaN,NaN,NaN,NaN,NaN,NaN,NaN,NaN,NaN,NaN,NaN,NaN,NaN,NaN,NaN,NaN,
10.307,-0.01271,-0.01437,0.12949,-0.43185,-0.16295,-0.22234,0.85879,NaN,NaN,NaN,NaN,NaN,NaN,NaN,NaN,NaN,NaN,NaN,NaN,NaN,NaN,NaN,NaN,NaN,NaN,NaN,NaN,NaN,
10.332,-0.01271,-0.01446,0.12926,-0.43032,-0.16479,-0.22254,0.85915,NaN,NaN,NaN,NaN,NaN,NaN,NaN,NaN,NaN,NaN,NaN,NaN,NaN,NaN,NaN,NaN,NaN,NaN,NaN,NaN,NaN,
10.357,-0.01266,-0.01464,0.12935,-0.42875,-0.16581,-0.22354,0.85948,NaN,NaN,NaN,NaN,NaN,NaN,NaN,NaN,NaN,NaN,NaN,NaN,NaN,NaN,NaN,NaN,NaN,NaN,NaN,NaN,NaN,
10.382,-0.01266,-0.01459,0.12928,-0.42879,-0.16629,-0.22304,0.85950,NaN,NaN,NaN,NaN,NaN,NaN,NaN,NaN,NaN,NaN,NaN,NaN,NaN,NaN,NaN,NaN,NaN,NaN,NaN,NaN,NaN,
10.407,-0.01265,-0.01459,0.12950,-0.42899,-0.16572,-0.22333,0.85944,NaN,NaN,NaN,NaN,NaN,NaN,NaN,NaN,NaN,NaN,NaN,NaN,NaN,NaN,NaN,NaN,NaN,NaN,NaN,NaN,NaN,
10.432,-0.01255,-0.01458,0.12960,-0.42977,-0.16425,-0.22372,0.85922,NaN,NaN,NaN,NaN,NaN,NaN,NaN,NaN,NaN,NaN,NaN,NaN,NaN,NaN,NaN,NaN,NaN,NaN,NaN,NaN,NaN,
10.457,-0.01231,-0.01478,0.12971,-0.42954,-0.16256,-0.22557,0.85918,NaN,NaN,NaN,NaN,NaN,NaN,NaN,NaN,NaN,NaN,NaN,NaN,NaN,NaN,NaN,NaN,NaN,NaN,NaN,NaN,NaN,
10.482,-0.01220,-0.01504,0.12965,-0.42687,-0.16380,-0.22772,0.85970,NaN,NaN,NaN,NaN,NaN,NaN,NaN,NaN,NaN,NaN,NaN,NaN,NaN,NaN,NaN,NaN,NaN,NaN,NaN,NaN,NaN,
10.507,-0.01219,-0.01519,0.12977,-0.42515,-0.16476,-0.22896,0.86004,NaN,NaN,NaN,NaN,NaN,NaN,NaN,NaN,NaN,NaN,NaN,NaN,NaN,NaN,NaN,NaN,NaN,NaN,NaN,NaN,NaN,
10.532,-0.01226,-0.01518,0.12993,-0.42432,-0.16536,-0.22944,0.86022,NaN,NaN,NaN,NaN,NaN,NaN,NaN,NaN,NaN,NaN,NaN,NaN,NaN,NaN,NaN,NaN,NaN,NaN,NaN,NaN,NaN,
10.557,-0.01227,-0.01522,0.13009,-0.42411,-0.16532,-0.22972,0.86025,NaN,NaN,NaN,NaN,NaN,NaN,NaN,NaN,NaN,NaN,NaN,NaN,NaN,NaN,NaN,NaN,NaN,NaN,NaN,NaN,NaN,
10.582,-0.01225,-0.01524,0.13010,-0.42381,-0.16550,-0.22993,0.86031,NaN,NaN,NaN,NaN,NaN,NaN,NaN,NaN,NaN,NaN,NaN,NaN,NaN,NaN,NaN,NaN,NaN,NaN,NaN,NaN,NaN,
10.607,-0.01223,-0.01525,0.13013,-0.42423,-0.16509,-0.22979,0.86022,NaN,NaN,NaN,NaN,NaN,NaN,NaN,NaN,NaN,NaN,NaN,NaN,NaN,NaN,NaN,NaN,NaN,NaN,NaN,NaN,NaN,
10.632,-0.01222,-0.01522,0.13016,-0.42427,-0.16497,-0.22986,0.86020,NaN,NaN,NaN,NaN,NaN,NaN,NaN,NaN,NaN,NaN,NaN,NaN,NaN,NaN,NaN,NaN,NaN,NaN,NaN,NaN,NaN,
10.657,-0.01224,-0.01521,0.13014,-0.42415,-0.16504,-0.22993,0.86023,NaN,NaN,NaN,NaN,NaN,NaN,NaN,NaN,NaN,NaN,NaN,NaN,NaN,NaN,NaN,NaN,NaN,NaN,NaN,NaN,NaN,
10.682,-0.01225,-0.01520,0.13013,-0.42425,-0.16500,-0.22985,0.86021,NaN,NaN,NaN,NaN,NaN,NaN,NaN,NaN,NaN,NaN,NaN,NaN,NaN,NaN,NaN,NaN,NaN,NaN,NaN,NaN,NaN,
10.707,-0.01222,-0.01527,0.13008,-0.42437,-0.16498,-0.22972,0.86019,NaN,NaN,NaN,NaN,NaN,NaN,NaN,NaN,NaN,NaN,NaN,NaN,NaN,NaN,NaN,NaN,NaN,NaN,NaN,NaN,NaN,
10.732,-0.01226,-0.01523,0.13008,-0.42426,-0.16512,-0.22972,0.86021,NaN,NaN,NaN,NaN,NaN,NaN,NaN,NaN,NaN,NaN,NaN,NaN,NaN,NaN,NaN,NaN,NaN,NaN,NaN,NaN,NaN,
10.757,-0.01225,-0.01523,0.13012,-0.42423,-0.16509,-0.22979,0.86021,NaN,NaN,NaN,NaN,NaN,NaN,NaN,NaN,NaN,NaN,NaN,NaN,NaN,NaN,NaN,NaN,NaN,NaN,NaN,NaN,NaN,
10.782,-0.01224,-0.01523,0.13013,-0.42425,-0.16504,-0.22982,0.86021,NaN,NaN,NaN,NaN,NaN,NaN,NaN,NaN,NaN,NaN,NaN,NaN,NaN,NaN,NaN,NaN,NaN,NaN,NaN,NaN,NaN,
10.807,-0.01223,-0.01522,0.13014,-0.42429,-0.16498,-0.22982,0.86020,NaN,NaN,NaN,NaN,NaN,NaN,NaN,NaN,NaN,NaN,NaN,NaN,NaN,NaN,NaN,NaN,NaN,NaN,NaN,NaN,NaN,
10.832,-0.01224,-0.01522,0.13014,-0.42432,-0.16495,-0.22981,0.86019,NaN,NaN,NaN,NaN,NaN,NaN,NaN,NaN,NaN,NaN,NaN,NaN,NaN,NaN,NaN,NaN,NaN,NaN,NaN,NaN,NaN,
10.857,-0.01224,-0.01522,0.13014,-0.42430,-0.16497,-0.22982,0.86020,NaN,NaN,NaN,NaN,NaN,NaN,NaN,NaN,NaN,NaN,NaN,NaN,NaN,NaN,NaN,NaN,NaN,NaN,NaN,NaN,NaN,
10.882,-0.01224,-0.01522,0.13013,-0.42429,-0.16500,-0.22981,0.86020,NaN,NaN,NaN,NaN,NaN,NaN,NaN,NaN,NaN,NaN,NaN,NaN,NaN,NaN,NaN,NaN,NaN,NaN,NaN,NaN,NaN,
10.907,-0.01224,-0.01522,0.13013,-0.42428,-0.16500,-0.22980,0.86020,NaN,NaN,NaN,NaN,NaN,NaN,NaN,NaN,NaN,NaN,NaN,NaN,NaN,NaN,NaN,NaN,NaN,NaN,NaN,NaN,NaN,
10.932,-0.01225,-0.01522,0.13013,-0.42429,-0.16501,-0.22979,0.86020,NaN,NaN,NaN,NaN,NaN,NaN,NaN,NaN,NaN,NaN,NaN,NaN,NaN,NaN,NaN,NaN,NaN,NaN,NaN,NaN,NaN,
10.957,-0.01225,-0.01522,0.13013,-0.42427,-0.16503,-0.22979,0.86020,NaN,NaN,NaN,NaN,NaN,NaN,NaN,NaN,NaN,NaN,NaN,NaN,NaN,NaN,NaN,NaN,NaN,NaN,NaN,NaN,NaN,
10.982,-0.01225,-0.01522,0.13012,-0.42427,-0.16506,-0.22977,0.86021,NaN,NaN,NaN,NaN,NaN,NaN,NaN,NaN,NaN,NaN,NaN,NaN,NaN,NaN,NaN,NaN,NaN,NaN,NaN,NaN,NaN,
11.007,-0.01225,-0.01521,0.13012,-0.42425,-0.16509,-0.22977,0.86021,NaN,NaN,NaN,NaN,NaN,NaN,NaN,NaN,NaN,NaN,NaN,NaN,NaN,NaN,NaN,NaN,NaN,NaN,NaN,NaN,NaN,
11.032,-0.01225,-0.01521,0.13012,-0.42424,-0.16513,-0.22974,0.86022,NaN,NaN,NaN,NaN,NaN,NaN,NaN,NaN,NaN,NaN,NaN,NaN,NaN,NaN,NaN,NaN,NaN,NaN,NaN,NaN,NaN,
11.057,-0.01225,-0.01521,0.13012,-0.42422,-0.16515,-0.22974,0.86022,NaN,NaN,NaN,NaN,NaN,NaN,NaN,NaN,NaN,NaN,NaN,NaN,NaN,NaN,NaN,NaN,NaN,NaN,NaN,NaN,NaN,
11.082,-0.01222,-0.01523,0.13006,-0.42404,-0.16558,-0.22957,0.86027,NaN,NaN,NaN,NaN,NaN,NaN,NaN,NaN,NaN,NaN,NaN,NaN,NaN,NaN,NaN,NaN,NaN,NaN,NaN,NaN,NaN,
11.107,-0.01223,-0.01533,0.13013,-0.42136,-0.16727,-0.23129,0.86080,NaN,NaN,NaN,NaN,NaN,NaN,NaN,NaN,NaN,NaN,NaN,NaN,NaN,NaN,NaN,NaN,NaN,NaN,NaN,NaN,NaN,
11.132,-0.01232,-0.01543,0.13009,-0.41834,-0.16935,-0.23307,0.86139,NaN,NaN,NaN,NaN,NaN,NaN,NaN,NaN,NaN,NaN,NaN,NaN,NaN,NaN,NaN,NaN,NaN,NaN,NaN,NaN,NaN,
11.157,-0.01234,-0.01553,0.13014,-0.41647,-0.17040,-0.23438,0.86173,NaN,NaN,NaN,NaN,NaN,NaN,NaN,NaN,NaN,NaN,NaN,NaN,NaN,NaN,NaN,NaN,NaN,NaN,NaN,NaN,NaN,
11.182,-0.01231,-0.01558,0.13017,-0.41592,-0.17074,-0.23473,0.86183,NaN,NaN,NaN,NaN,NaN,NaN,NaN,NaN,NaN,NaN,NaN,NaN,NaN,NaN,NaN,NaN,NaN,NaN,NaN,NaN,NaN,
11.207,-0.01230,-0.01560,0.13022,-0.41551,-0.17085,-0.23513,0.86190,NaN,NaN,NaN,NaN,NaN,NaN,NaN,NaN,NaN,NaN,NaN,NaN,NaN,NaN,NaN,NaN,NaN,NaN,NaN,NaN,NaN,
11.232,-0.01227,-0.01565,0.13030,-0.41486,-0.17089,-0.23588,0.86200,NaN,NaN,NaN,NaN,NaN,NaN,NaN,NaN,NaN,NaN,NaN,NaN,NaN,NaN,NaN,NaN,NaN,NaN,NaN,NaN,NaN,
11.257,-0.01229,-0.01567,0.13034,-0.41375,-0.17144,-0.23672,0.86220,NaN,NaN,NaN,NaN,NaN,NaN,NaN,NaN,NaN,NaN,NaN,NaN,NaN,NaN,NaN,NaN,NaN,NaN,NaN,NaN,NaN,
11.282,-0.01237,-0.01573,0.13034,-0.41269,-0.17210,-0.23740,0.86239,NaN,NaN,NaN,NaN,NaN,NaN,NaN,NaN,NaN,NaN,NaN,NaN,NaN,NaN,NaN,NaN,NaN,NaN,NaN,NaN,NaN,
11.307,-0.01240,-0.01595,0.13042,-0.41146,-0.17230,-0.23870,0.86258,NaN,NaN,NaN,NaN,NaN,NaN,NaN,NaN,NaN,NaN,NaN,NaN,NaN,NaN,NaN,NaN,NaN,NaN,NaN,NaN,NaN,
11.332,-0.01237,-0.01636,0.13047,-0.40809,-0.17359,-0.24158,0.86312,NaN,NaN,NaN,NaN,NaN,NaN,NaN,NaN,NaN,NaN,NaN,NaN,NaN,NaN,NaN,NaN,NaN,NaN,NaN,NaN,NaN,
11.357,-0.01245,-0.01663,0.13033,-0.40451,-0.17561,-0.24399,0.86371,NaN,NaN,NaN,NaN,NaN,NaN,NaN,NaN,NaN,NaN,NaN,NaN,NaN,NaN,NaN,NaN,NaN,NaN,NaN,NaN,NaN,
11.382,-0.01251,-0.01685,0.13040,-0.40173,-0.17674,-0.24627,0.86413,NaN,NaN,NaN,NaN,NaN,NaN,NaN,NaN,NaN,NaN,NaN,NaN,NaN,NaN,NaN,NaN,NaN,NaN,NaN,NaN,NaN,
11.407,-0.01246,-0.01710,0.13040,-0.39833,-0.17796,-0.24919,0.86462,NaN,NaN,NaN,NaN,NaN,NaN,NaN,NaN,NaN,NaN,NaN,NaN,NaN,NaN,NaN,NaN,NaN,NaN,NaN,NaN,NaN,
11.432,-0.01228,-0.01727,0.13033,-0.39748,-0.17721,-0.25089,0.86467,NaN,NaN,NaN,NaN,NaN,NaN,NaN,NaN,NaN,NaN,NaN,NaN,NaN,NaN,NaN,NaN,NaN,NaN,NaN,NaN,NaN,
11.457,-0.01199,-0.01747,0.13053,-0.39716,-0.17511,-0.25319,0.86458,NaN,NaN,NaN,NaN,NaN,NaN,NaN,NaN,NaN,NaN,NaN,NaN,NaN,NaN,NaN,NaN,NaN,NaN,NaN,NaN,NaN,
11.482,-0.01189,-0.01763,0.13038,-0.39556,-0.17509,-0.25510,0.86476,NaN,NaN,NaN,NaN,NaN,NaN,NaN,NaN,NaN,NaN,NaN,NaN,NaN,NaN,NaN,NaN,NaN,NaN,NaN,NaN,NaN,
11.507,-0.01198,-0.01777,0.13025,-0.39404,-0.17536,-0.25662,0.86494,NaN,NaN,NaN,NaN,NaN,NaN,NaN,NaN,NaN,NaN,NaN,NaN,NaN,NaN,NaN,NaN,NaN,NaN,NaN,NaN,NaN,
11.532,-0.01177,-0.01794,0.13035,-0.39401,-0.17387,-0.25802,0.86484,NaN,NaN,NaN,NaN,NaN,NaN,NaN,NaN,NaN,NaN,NaN,NaN,NaN,NaN,NaN,NaN,NaN,NaN,NaN,NaN,NaN,
11.557,-0.01162,-0.01805,0.13026,-0.39423,-0.17245,-0.25906,0.86472,NaN,NaN,NaN,NaN,NaN,NaN,NaN,NaN,NaN,NaN,NaN,NaN,NaN,NaN,NaN,NaN,NaN,NaN,NaN,NaN,NaN,
11.582,-0.01145,-0.01816,0.13034,-0.39457,-0.17051,-0.26041,0.86454,NaN,NaN,NaN,NaN,NaN,NaN,NaN,NaN,NaN,NaN,NaN,NaN,NaN,NaN,NaN,NaN,NaN,NaN,NaN,NaN,NaN,
11.607,-0.01132,-0.01820,0.13033,-0.39450,-0.16877,-0.26206,0.86441,NaN,NaN,NaN,NaN,NaN,NaN,NaN,NaN,NaN,NaN,NaN,NaN,NaN,NaN,NaN,NaN,NaN,NaN,NaN,NaN,NaN,
11.632,-0.01111,-0.01828,0.13039,-0.39541,-0.16600,-0.26348,0.86410,NaN,NaN,NaN,NaN,NaN,NaN,NaN,NaN,NaN,NaN,NaN,NaN,NaN,NaN,NaN,NaN,NaN,NaN,NaN,NaN,NaN,
11.657,-0.01089,-0.01837,0.13039,-0.39618,-0.16386,-0.26452,0.86384,NaN,NaN,NaN,NaN,NaN,NaN,NaN,NaN,NaN,NaN,NaN,NaN,NaN,NaN,NaN,NaN,NaN,NaN,NaN,NaN,NaN,
11.682,-0.01074,-0.01844,0.13029,-0.39702,-0.16198,-0.26521,0.86360,NaN,NaN,NaN,NaN,NaN,NaN,NaN,NaN,NaN,NaN,NaN,NaN,NaN,NaN,NaN,NaN,NaN,NaN,NaN,NaN,NaN,
11.707,-0.01051,-0.01847,0.13027,-0.39807,-0.16007,-0.26568,0.86332,NaN,NaN,NaN,NaN,NaN,NaN,NaN,NaN,NaN,NaN,NaN,NaN,NaN,NaN,NaN,NaN,NaN,NaN,NaN,NaN,NaN,
11.732,-0.01043,-0.01850,0.13018,-0.39930,-0.15831,-0.26582,0.86304,NaN,NaN,NaN,NaN,NaN,NaN,NaN,NaN,NaN,NaN,NaN,NaN,NaN,NaN,NaN,NaN,NaN,NaN,NaN,NaN,NaN,
11.757,-0.01031,-0.01851,0.13011,-0.40034,-0.15644,-0.26626,0.86276,NaN,NaN,NaN,NaN,NaN,NaN,NaN,NaN,NaN,NaN,NaN,NaN,NaN,NaN,NaN,NaN,NaN,NaN,NaN,NaN,NaN,
11.782,-0.01016,-0.01852,0.13012,-0.40202,-0.15398,-0.26647,0.86236,NaN,NaN,NaN,NaN,NaN,NaN,NaN,NaN,NaN,NaN,NaN,NaN,NaN,NaN,NaN,NaN,NaN,NaN,NaN,NaN,NaN,
11.807,-0.01002,-0.01855,0.13008,-0.40303,-0.15206,-0.26698,0.86207,NaN,NaN,NaN,NaN,NaN,NaN,NaN,NaN,NaN,NaN,NaN,NaN,NaN,NaN,NaN,NaN,NaN,NaN,NaN,NaN,NaN,
11.832,-0.00986,-0.01852,0.13014,-0.40433,-0.14985,-0.26741,0.86171,NaN,NaN,NaN,NaN,NaN,NaN,NaN,NaN,NaN,NaN,NaN,NaN,NaN,NaN,NaN,NaN,NaN,NaN,NaN,NaN,NaN,
11.857,-0.00974,-0.01846,0.12999,-0.40527,-0.14873,-0.26729,0.86150,NaN,NaN,NaN,NaN,NaN,NaN,NaN,NaN,NaN,NaN,NaN,NaN,NaN,NaN,NaN,NaN,NaN,NaN,NaN,NaN,NaN,
11.882,-0.00962,-0.01839,0.12981,-0.40741,-0.14674,-0.26653,0.86107,NaN,NaN,NaN,NaN,NaN,NaN,NaN,NaN,NaN,NaN,NaN,NaN,NaN,NaN,NaN,NaN,NaN,NaN,NaN,NaN,NaN,
11.907,-0.00948,-0.01841,0.12970,-0.40936,-0.14439,-0.26630,0.86062,NaN,NaN,NaN,NaN,NaN,NaN,NaN,NaN,NaN,NaN,NaN,NaN,NaN,NaN,NaN,NaN,NaN,NaN,NaN,NaN,NaN,
11.932,-0.00928,-0.01830,0.12978,-0.41200,-0.14135,-0.26585,0.86000,NaN,NaN,NaN,NaN,NaN,NaN,NaN,NaN,NaN,NaN,NaN,NaN,NaN,NaN,NaN,NaN,NaN,NaN,NaN,NaN,NaN,
11.957,-0.00931,-0.01833,0.12963,-0.41231,-0.14063,-0.26611,0.85989,NaN,NaN,NaN,NaN,NaN,NaN,NaN,NaN,NaN,NaN,NaN,NaN,NaN,NaN,NaN,NaN,NaN,NaN,NaN,NaN,NaN,
11.982,-0.00922,-0.01829,0.12968,-0.41395,-0.13878,-0.26579,0.85950,NaN,NaN,NaN,NaN,NaN,NaN,NaN,NaN,NaN,NaN,NaN,NaN,NaN,NaN,NaN,NaN,NaN,NaN,NaN,NaN,NaN,
12.007,-0.00902,-0.01825,0.12959,-0.41617,-0.13643,-0.26521,0.85898,NaN,NaN,NaN,NaN,NaN,NaN,NaN,NaN,NaN,NaN,NaN,NaN,NaN,NaN,NaN,NaN,NaN,NaN,NaN,NaN,NaN,
12.032,-0.00887,-0.01819,0.12960,-0.41814,-0.13406,-0.26493,0.85849,NaN,NaN,NaN,NaN,NaN,NaN,NaN,NaN,NaN,NaN,NaN,NaN,NaN,NaN,NaN,NaN,NaN,NaN,NaN,NaN,NaN,
12.057,-0.00881,-0.01820,0.12963,-0.41919,-0.13262,-0.26494,0.85820,NaN,NaN,NaN,NaN,NaN,NaN,NaN,NaN,NaN,NaN,NaN,NaN,NaN,NaN,NaN,NaN,NaN,NaN,NaN,NaN,NaN,
12.082,-0.00871,-0.01813,0.12973,-0.42070,-0.13080,-0.26472,0.85780,NaN,NaN,NaN,NaN,NaN,NaN,NaN,NaN,NaN,NaN,NaN,NaN,NaN,NaN,NaN,NaN,NaN,NaN,NaN,NaN,NaN,
12.107,-0.00870,-0.01814,0.12968,-0.42096,-0.13002,-0.26508,0.85768,NaN,NaN,NaN,NaN,NaN,NaN,NaN,NaN,NaN,NaN,NaN,NaN,NaN,NaN,NaN,NaN,NaN,NaN,NaN,NaN,NaN,
12.132,-0.00863,-0.01816,0.12967,-0.42169,-0.12900,-0.26509,0.85747,NaN,NaN,NaN,NaN,NaN,NaN,NaN,NaN,NaN,NaN,NaN,NaN,NaN,NaN,NaN,NaN,NaN,NaN,NaN,NaN,NaN,
12.157,-0.00860,-0.01816,0.12967,-0.42281,-0.12802,-0.26460,0.85722,NaN,NaN,NaN,NaN,NaN,NaN,NaN,NaN,NaN,NaN,NaN,NaN,NaN,NaN,NaN,NaN,NaN,NaN,NaN,NaN,NaN,
12.182,-0.00859,-0.01812,0.12974,-0.42434,-0.12678,-0.26385,0.85688,NaN,NaN,NaN,NaN,NaN,NaN,NaN,NaN,NaN,NaN,NaN,NaN,NaN,NaN,NaN,NaN,NaN,NaN,NaN,NaN,NaN,
12.207,-0.00858,-0.01810,0.12986,-0.42521,-0.12575,-0.26369,0.85665,NaN,NaN,NaN,NaN,NaN,NaN,NaN,NaN,NaN,NaN,NaN,NaN,NaN,NaN,NaN,NaN,NaN,NaN,NaN,NaN,NaN,
12.232,-0.00858,-0.01807,0.12996,-0.42582,-0.12488,-0.26372,0.85647,NaN,NaN,NaN,NaN,NaN,NaN,NaN,NaN,NaN,NaN,NaN,NaN,NaN,NaN,NaN,NaN,NaN,NaN,NaN,NaN,NaN,
12.257,-0.00854,-0.01803,0.13001,-0.42687,-0.12378,-0.26341,0.85620,NaN,NaN,NaN,NaN,NaN,NaN,NaN,NaN,NaN,NaN,NaN,NaN,NaN,NaN,NaN,NaN,NaN,NaN,NaN,NaN,NaN,
12.282,-0.00842,-0.01802,0.13013,-0.42811,-0.12230,-0.26319,0.85586,NaN,NaN,NaN,NaN,NaN,NaN,NaN,NaN,NaN,NaN,NaN,NaN,NaN,NaN,NaN,NaN,NaN,NaN,NaN,NaN,NaN,
12.307,-0.00837,-0.01808,0.13021,-0.42837,-0.12164,-0.26346,0.85574,NaN,NaN,NaN,NaN,NaN,NaN,NaN,NaN,NaN,NaN,NaN,NaN,NaN,NaN,NaN,NaN,NaN,NaN,NaN,NaN,NaN,
12.332,-0.00838,-0.01811,0.13022,-0.42817,-0.12177,-0.26358,0.85578,NaN,NaN,NaN,NaN,NaN,NaN,NaN,NaN,NaN,NaN,NaN,NaN,NaN,NaN,NaN,NaN,NaN,NaN,NaN,NaN,NaN,
12.357,-0.00841,-0.01810,0.13028,-0.42821,-0.12162,-0.26366,0.85576,NaN,NaN,NaN,NaN,NaN,NaN,NaN,NaN,NaN,NaN,NaN,NaN,NaN,NaN,NaN,NaN,NaN,NaN,NaN,NaN,NaN,
12.382,-0.00845,-0.01814,0.13037,-0.42808,-0.12146,-0.26395,0.85576,NaN,NaN,NaN,NaN,NaN,NaN,NaN,NaN,NaN,NaN,NaN,NaN,NaN,NaN,NaN,NaN,NaN,NaN,NaN,NaN,NaN,
12.407,-0.00846,-0.01818,0.13044,-0.42820,-0.12117,-0.26406,0.85571,NaN,NaN,NaN,NaN,NaN,NaN,NaN,NaN,NaN,NaN,NaN,NaN,NaN,NaN,NaN,NaN,NaN,NaN,NaN,NaN,NaN,
12.432,-0.00842,-0.01817,0.13050,-0.42849,-0.12079,-0.26403,0.85562,NaN,NaN,NaN,NaN,NaN,NaN,NaN,NaN,NaN,NaN,NaN,NaN,NaN,NaN,NaN,NaN,NaN,NaN,NaN,NaN,NaN,
12.457,-0.00842,-0.01816,0.13049,-0.42851,-0.12072,-0.26408,0.85561,NaN,NaN,NaN,NaN,NaN,NaN,NaN,NaN,NaN,NaN,NaN,NaN,NaN,NaN,NaN,NaN,NaN,NaN,NaN,NaN,NaN,
12.482,-0.00841,-0.01811,0.13033,-0.42824,-0.12147,-0.26376,0.85574,NaN,NaN,NaN,NaN,NaN,NaN,NaN,NaN,NaN,NaN,NaN,NaN,NaN,NaN,NaN,NaN,NaN,NaN,NaN,NaN,NaN,
12.507,-0.00844,-0.01810,0.13052,-0.42868,-0.12059,-0.26399,0.85557,NaN,NaN,NaN,NaN,NaN,NaN,NaN,NaN,NaN,NaN,NaN,NaN,NaN,NaN,NaN,NaN,NaN,NaN,NaN,NaN,NaN,
12.532,-0.00839,-0.01811,0.13049,-0.42960,-0.12003,-0.26336,0.85538,NaN,NaN,NaN,NaN,NaN,NaN,NaN,NaN,NaN,NaN,NaN,NaN,NaN,NaN,NaN,NaN,NaN,NaN,NaN,NaN,NaN,
12.557,-0.00839,-0.01812,0.13045,-0.43062,-0.11909,-0.26294,0.85513,NaN,NaN,NaN,NaN,NaN,NaN,NaN,NaN,NaN,NaN,NaN,NaN,NaN,NaN,NaN,NaN,NaN,NaN,NaN,NaN,NaN,
12.582,-0.00829,-0.01811,0.13048,-0.43152,-0.11757,-0.26317,0.85482,NaN,NaN,NaN,NaN,NaN,NaN,NaN,NaN,NaN,NaN,NaN,NaN,NaN,NaN,NaN,NaN,NaN,NaN,NaN,NaN,NaN,
12.607,-0.00818,-0.01813,0.13047,-0.43230,-0.11612,-0.26346,0.85453,NaN,NaN,NaN,NaN,NaN,NaN,NaN,NaN,NaN,NaN,NaN,NaN,NaN,NaN,NaN,NaN,NaN,NaN,NaN,NaN,NaN,
12.632,-0.00805,-0.01814,0.13040,-0.43331,-0.11492,-0.26328,0.85424,NaN,NaN,NaN,NaN,NaN,NaN,NaN,NaN,NaN,NaN,NaN,NaN,NaN,NaN,NaN,NaN,NaN,NaN,NaN,NaN,NaN,
12.657,-0.00785,-0.01815,0.13040,-0.43413,-0.11323,-0.26372,0.85391,NaN,NaN,NaN,NaN,NaN,NaN,NaN,NaN,NaN,NaN,NaN,NaN,NaN,NaN,NaN,NaN,NaN,NaN,NaN,NaN,NaN,
12.682,-0.00767,-0.01814,0.13037,-0.43497,-0.11134,-0.26432,0.85355,NaN,NaN,NaN,NaN,NaN,NaN,NaN,NaN,NaN,NaN,NaN,NaN,NaN,NaN,NaN,NaN,NaN,NaN,NaN,NaN,NaN,
12.707,-0.00754,-0.01816,0.13034,-0.43544,-0.10987,-0.26500,0.85329,NaN,NaN,NaN,NaN,NaN,NaN,NaN,NaN,NaN,NaN,NaN,NaN,NaN,NaN,NaN,NaN,NaN,NaN,NaN,NaN,NaN,
12.732,-0.00737,-0.01824,0.13025,-0.43561,-0.10875,-0.26574,0.85311,NaN,NaN,NaN,NaN,NaN,NaN,NaN,NaN,NaN,NaN,NaN,NaN,NaN,NaN,NaN,NaN,NaN,NaN,NaN,NaN,NaN,
12.757,-0.00723,-0.01832,0.13020,-0.43548,-0.10798,-0.26654,0.85303,NaN,NaN,NaN,NaN,NaN,NaN,NaN,NaN,NaN,NaN,NaN,NaN,NaN,NaN,NaN,NaN,NaN,NaN,NaN,NaN,NaN,
12.782,-0.00721,-0.01840,0.13019,-0.43509,-0.10773,-0.26723,0.85304,NaN,NaN,NaN,NaN,NaN,NaN,NaN,NaN,NaN,NaN,NaN,NaN,NaN,NaN,NaN,NaN,NaN,NaN,NaN,NaN,NaN,
12.807,-0.00713,-0.01844,0.13012,-0.43521,-0.10677,-0.26789,0.85289,NaN,NaN,NaN,NaN,NaN,NaN,NaN,NaN,NaN,NaN,NaN,NaN,NaN,NaN,NaN,NaN,NaN,NaN,NaN,NaN,NaN,
12.832,-0.00685,-0.01848,0.13015,-0.43666,-0.10426,-0.26825,0.85235,NaN,NaN,NaN,NaN,NaN,NaN,NaN,NaN,NaN,NaN,NaN,NaN,NaN,NaN,NaN,NaN,NaN,NaN,NaN,NaN,NaN,
12.857,-0.00671,-0.01849,0.13014,-0.43746,-0.10266,-0.26863,0.85201,NaN,NaN,NaN,NaN,NaN,NaN,NaN,NaN,NaN,NaN,NaN,NaN,NaN,NaN,NaN,NaN,NaN,NaN,NaN,NaN,NaN,
12.882,-0.00659,-0.01851,0.13014,-0.43760,-0.10162,-0.26934,0.85184,NaN,NaN,NaN,NaN,NaN,NaN,NaN,NaN,NaN,NaN,NaN,NaN,NaN,NaN,NaN,NaN,NaN,NaN,NaN,NaN,NaN,
12.907,-0.00650,-0.01850,0.13011,-0.43779,-0.10081,-0.26978,0.85170,NaN,NaN,NaN,NaN,NaN,NaN,NaN,NaN,NaN,NaN,NaN,NaN,NaN,NaN,NaN,NaN,NaN,NaN,NaN,NaN,NaN,
12.932,-0.00641,-0.01853,0.13006,-0.43822,-0.10011,-0.26985,0.85154,NaN,NaN,NaN,NaN,NaN,NaN,NaN,NaN,NaN,NaN,NaN,NaN,NaN,NaN,NaN,NaN,NaN,NaN,NaN,NaN,NaN,
12.957,-0.00632,-0.01858,0.13003,-0.43860,-0.09944,-0.26996,0.85139,NaN,NaN,NaN,NaN,NaN,NaN,NaN,NaN,NaN,NaN,NaN,NaN,NaN,NaN,NaN,NaN,NaN,NaN,NaN,NaN,NaN,
12.982,-0.00623,-0.01862,0.13003,-0.43894,-0.09828,-0.27051,0.85117,NaN,NaN,NaN,NaN,NaN,NaN,NaN,NaN,NaN,NaN,NaN,NaN,NaN,NaN,NaN,NaN,NaN,NaN,NaN,NaN,NaN,
13.007,-0.00618,-0.01862,0.13007,-0.43920,-0.09719,-0.27110,0.85097,NaN,NaN,NaN,NaN,NaN,NaN,NaN,NaN,NaN,NaN,NaN,NaN,NaN,NaN,NaN,NaN,NaN,NaN,NaN,NaN,NaN,
13.032,-0.00614,-0.01863,0.13007,-0.43936,-0.09680,-0.27124,0.85089,NaN,NaN,NaN,NaN,NaN,NaN,NaN,NaN,NaN,NaN,NaN,NaN,NaN,NaN,NaN,NaN,NaN,NaN,NaN,NaN,NaN,
13.057,-0.00609,-0.01865,0.13007,-0.43954,-0.09656,-0.27122,0.85083,NaN,NaN,NaN,NaN,NaN,NaN,NaN,NaN,NaN,NaN,NaN,NaN,NaN,NaN,NaN,NaN,NaN,NaN,NaN,NaN,NaN,
13.082,-0.00603,-0.01866,0.13009,-0.43961,-0.09647,-0.27122,0.85081,NaN,NaN,NaN,NaN,NaN,NaN,NaN,NaN,NaN,NaN,NaN,NaN,NaN,NaN,NaN,NaN,NaN,NaN,NaN,NaN,NaN,
13.107,-0.00601,-0.01865,0.13012,-0.43889,-0.09679,-0.27181,0.85095,NaN,NaN,NaN,NaN,NaN,NaN,NaN,NaN,NaN,NaN,NaN,NaN,NaN,NaN,NaN,NaN,NaN,NaN,NaN,NaN,NaN,
13.132,-0.00603,-0.01869,0.13013,-0.43785,-0.09739,-0.27256,0.85118,NaN,NaN,NaN,NaN,NaN,NaN,NaN,NaN,NaN,NaN,NaN,NaN,NaN,NaN,NaN,NaN,NaN,NaN,NaN,NaN,NaN,
13.157,-0.00599,-0.01875,0.13017,-0.43741,-0.09745,-0.27303,0.85125,NaN,NaN,NaN,NaN,NaN,NaN,NaN,NaN,NaN,NaN,NaN,NaN,NaN,NaN,NaN,NaN,NaN,NaN,NaN,NaN,NaN,
13.182,-0.00593,-0.01886,0.13017,-0.43823,-0.09663,-0.27274,0.85102,NaN,NaN,NaN,NaN,NaN,NaN,NaN,NaN,NaN,NaN,NaN,NaN,NaN,NaN,NaN,NaN,NaN,NaN,NaN,NaN,NaN,
13.207,-0.00569,-0.01887,0.13022,-0.44102,-0.09317,-0.27225,0.85012,NaN,NaN,NaN,NaN,NaN,NaN,NaN,NaN,NaN,NaN,NaN,NaN,NaN,NaN,NaN,NaN,NaN,NaN,NaN,NaN,NaN,
13.232,-0.00531,-0.01887,0.13035,-0.44310,-0.08922,-0.27301,0.84922,NaN,NaN,NaN,NaN,NaN,NaN,NaN,NaN,NaN,NaN,NaN,NaN,NaN,NaN,NaN,NaN,NaN,NaN,NaN,NaN,NaN,
13.257,-0.00518,-0.01892,0.13044,-0.44355,-0.08772,-0.27370,0.84892,NaN,NaN,NaN,NaN,NaN,NaN,NaN,NaN,NaN,NaN,NaN,NaN,NaN,NaN,NaN,NaN,NaN,NaN,NaN,NaN,NaN,
13.282,-0.00513,-0.01893,0.13043,-0.44415,-0.08716,-0.27343,0.84874,NaN,NaN,NaN,NaN,NaN,NaN,NaN,NaN,NaN,NaN,NaN,NaN,NaN,NaN,NaN,NaN,NaN,NaN,NaN,NaN,NaN,
13.307,-0.00503,-0.01891,0.13048,-0.44496,-0.08612,-0.27332,0.84846,NaN,NaN,NaN,NaN,NaN,NaN,NaN,NaN,NaN,NaN,NaN,NaN,NaN,NaN,NaN,NaN,NaN,NaN,NaN,NaN,NaN,
13.332,-0.00498,-0.01888,0.13047,-0.44552,-0.08543,-0.27321,0.84828,NaN,NaN,NaN,NaN,NaN,NaN,NaN,NaN,NaN,NaN,NaN,NaN,NaN,NaN,NaN,NaN,NaN,NaN,NaN,NaN,NaN,
13.357,-0.00492,-0.01888,0.13049,-0.44579,-0.08495,-0.27327,0.84816,NaN,NaN,NaN,NaN,NaN,NaN,NaN,NaN,NaN,NaN,NaN,NaN,NaN,NaN,NaN,NaN,NaN,NaN,NaN,NaN,NaN,
13.382,-0.00489,-0.01890,0.13050,-0.44640,-0.08452,-0.27289,0.84801,NaN,NaN,NaN,NaN,NaN,NaN,NaN,NaN,NaN,NaN,NaN,NaN,NaN,NaN,NaN,NaN,NaN,NaN,NaN,NaN,NaN,
13.407,-0.00485,-0.01893,0.13052,-0.44794,-0.08293,-0.27232,0.84753,NaN,NaN,NaN,NaN,NaN,NaN,NaN,NaN,NaN,NaN,NaN,NaN,NaN,NaN,NaN,NaN,NaN,NaN,NaN,NaN,NaN,
13.432,-0.00460,-0.01896,0.13065,-0.44953,-0.08023,-0.27262,0.84686,NaN,NaN,NaN,NaN,NaN,NaN,NaN,NaN,NaN,NaN,NaN,NaN,NaN,NaN,NaN,NaN,NaN,NaN,NaN,NaN,NaN,
13.457,-0.00435,-0.01899,0.13074,-0.44930,-0.07927,-0.27367,0.84673,NaN,NaN,NaN,NaN,NaN,NaN,NaN,NaN,NaN,NaN,NaN,NaN,NaN,NaN,NaN,NaN,NaN,NaN,NaN,NaN,NaN,
13.482,-0.00440,-0.01912,0.13045,-0.44550,-0.08243,-0.27568,0.84778,NaN,NaN,NaN,NaN,NaN,NaN,NaN,NaN,NaN,NaN,NaN,NaN,NaN,NaN,NaN,NaN,NaN,NaN,NaN,NaN,NaN,
13.507,-0.00445,-0.01969,0.13039,-0.43544,-0.08874,-0.28254,0.85011,NaN,NaN,NaN,NaN,NaN,NaN,NaN,NaN,NaN,NaN,NaN,NaN,NaN,NaN,NaN,NaN,NaN,NaN,NaN,NaN,NaN,
13.532,-0.00440,-0.01982,0.13044,-0.43180,-0.09078,-0.28518,0.85087,NaN,NaN,NaN,NaN,NaN,NaN,NaN,NaN,NaN,NaN,NaN,NaN,NaN,NaN,NaN,NaN,NaN,NaN,NaN,NaN,NaN,
13.557,-0.00444,-0.01993,0.13034,-0.42934,-0.09270,-0.28651,0.85146,NaN,NaN,NaN,NaN,NaN,NaN,NaN,NaN,NaN,NaN,NaN,NaN,NaN,NaN,NaN,NaN,NaN,NaN,NaN,NaN,NaN,
13.582,-0.00438,-0.01998,0.13017,-0.42803,-0.09407,-0.28693,0.85183,NaN,NaN,NaN,NaN,NaN,NaN,NaN,NaN,NaN,NaN,NaN,NaN,NaN,NaN,NaN,NaN,NaN,NaN,NaN,NaN,NaN,
13.607,-0.00435,-0.02006,0.13002,-0.42629,-0.09566,-0.28767,0.85228,NaN,NaN,NaN,NaN,NaN,NaN,NaN,NaN,NaN,NaN,NaN,NaN,NaN,NaN,NaN,NaN,NaN,NaN,NaN,NaN,NaN,
13.632,-0.00442,-0.02007,0.12998,-0.42579,-0.09625,-0.28777,0.85242,NaN,NaN,NaN,NaN,NaN,NaN,NaN,NaN,NaN,NaN,NaN,NaN,NaN,NaN,NaN,NaN,NaN,NaN,NaN,NaN,NaN,
13.657,-0.00444,-0.02001,0.12993,-0.42526,-0.09681,-0.28793,0.85257,NaN,NaN,NaN,NaN,NaN,NaN,NaN,NaN,NaN,NaN,NaN,NaN,NaN,NaN,NaN,NaN,NaN,NaN,NaN,NaN,NaN,
13.682,-0.00445,-0.02001,0.12988,-0.42500,-0.09710,-0.28800,0.85264,NaN,NaN,NaN,NaN,NaN,NaN,NaN,NaN,NaN,NaN,NaN,NaN,NaN,NaN,NaN,NaN,NaN,NaN,NaN,NaN,NaN,
13.707,-0.00438,-0.02005,0.12979,-0.42397,-0.09795,-0.28850,0.85289,NaN,NaN,NaN,NaN,NaN,NaN,NaN,NaN,NaN,NaN,NaN,NaN,NaN,NaN,NaN,NaN,NaN,NaN,NaN,NaN,NaN,
13.732,-0.00436,-0.02007,0.12969,-0.42359,-0.09843,-0.28856,0.85301,NaN,NaN,NaN,NaN,NaN,NaN,NaN,NaN,NaN,NaN,NaN,NaN,NaN,NaN,NaN,NaN,NaN,NaN,NaN,NaN,NaN,
13.757,-0.00436,-0.02004,0.12958,-0.42323,-0.09902,-0.28849,0.85314,NaN,NaN,NaN,NaN,NaN,NaN,NaN,NaN,NaN,NaN,NaN,NaN,NaN,NaN,NaN,NaN,NaN,NaN,NaN,NaN,NaN,
13.782,-0.00442,-0.02002,0.12956,-0.42262,-0.09933,-0.28895,0.85325,NaN,NaN,NaN,NaN,NaN,NaN,NaN,NaN,NaN,NaN,NaN,NaN,NaN,NaN,NaN,NaN,NaN,NaN,NaN,NaN,NaN,
13.807,-0.00440,-0.02000,0.12951,-0.42243,-0.09943,-0.28910,0.85328,NaN,NaN,NaN,NaN,NaN,NaN,NaN,NaN,NaN,NaN,NaN,NaN,NaN,NaN,NaN,NaN,NaN,NaN,NaN,NaN,NaN,
13.832,-0.00439,-0.02005,0.12951,-0.42269,-0.09921,-0.28897,0.85322,NaN,NaN,NaN,NaN,NaN,NaN,NaN,NaN,NaN,NaN,NaN,NaN,NaN,NaN,NaN,NaN,NaN,NaN,NaN,NaN,NaN,
13.857,-0.00437,-0.02004,0.12952,-0.42278,-0.09918,-0.28889,0.85321,NaN,NaN,NaN,NaN,NaN,NaN,NaN,NaN,NaN,NaN,NaN,NaN,NaN,NaN,NaN,NaN,NaN,NaN,NaN,NaN,NaN,
13.882,-0.00440,-0.02002,0.12954,-0.42275,-0.09910,-0.28899,0.85320,NaN,NaN,NaN,NaN,NaN,NaN,NaN,NaN,NaN,NaN,NaN,NaN,NaN,NaN,NaN,NaN,NaN,NaN,NaN,NaN,NaN,
13.907,-0.00440,-0.01999,0.12957,-0.42266,-0.09908,-0.28912,0.85320,NaN,NaN,NaN,NaN,NaN,NaN,NaN,NaN,NaN,NaN,NaN,NaN,NaN,NaN,NaN,NaN,NaN,NaN,NaN,NaN,NaN,
13.932,-0.00439,-0.02003,0.12957,-0.42288,-0.09904,-0.28889,0.85317,NaN,NaN,NaN,NaN,NaN,NaN,NaN,NaN,NaN,NaN,NaN,NaN,NaN,NaN,NaN,NaN,NaN,NaN,NaN,NaN,NaN,
13.957,-0.00437,-0.02002,0.12955,-0.42284,-0.09908,-0.28891,0.85318,NaN,NaN,NaN,NaN,NaN,NaN,NaN,NaN,NaN,NaN,NaN,NaN,NaN,NaN,NaN,NaN,NaN,NaN,NaN,NaN,NaN,
13.982,-0.00433,-0.01997,0.12953,-0.42365,-0.09847,-0.28846,0.85300,NaN,NaN,NaN,NaN,NaN,NaN,NaN,NaN,NaN,NaN,NaN,NaN,NaN,NaN,NaN,NaN,NaN,NaN,NaN,NaN,NaN,
14.007,-0.00437,-0.01990,0.12953,-0.42498,-0.09778,-0.28747,0.85276,NaN,NaN,NaN,NaN,NaN,NaN,NaN,NaN,NaN,NaN,NaN,NaN,NaN,NaN,NaN,NaN,NaN,NaN,NaN,NaN,NaN,
14.032,-0.00434,-0.01986,0.12950,-0.42632,-0.09677,-0.28673,0.85245,NaN,NaN,NaN,NaN,NaN,NaN,NaN,NaN,NaN,NaN,NaN,NaN,NaN,NaN,NaN,NaN,NaN,NaN,NaN,NaN,NaN,
14.057,-0.00420,-0.01988,0.12962,-0.42803,-0.09434,-0.28671,0.85187,NaN,NaN,NaN,NaN,NaN,NaN,NaN,NaN,NaN,NaN,NaN,NaN,NaN,NaN,NaN,NaN,NaN,NaN,NaN,NaN,NaN,
14.082,-0.00403,-0.01993,0.12974,-0.42899,-0.09251,-0.28706,0.85147,NaN,NaN,NaN,NaN,NaN,NaN,NaN,NaN,NaN,NaN,NaN,NaN,NaN,NaN,NaN,NaN,NaN,NaN,NaN,NaN,NaN,
14.107,-0.00394,-0.02001,0.12985,-0.42910,-0.09146,-0.28780,0.85128,NaN,NaN,NaN,NaN,NaN,NaN,NaN,NaN,NaN,NaN,NaN,NaN,NaN,NaN,NaN,NaN,NaN,NaN,NaN,NaN,NaN,
14.132,-0.00385,-0.02002,0.12998,-0.43018,-0.08968,-0.28797,0.85087,NaN,NaN,NaN,NaN,NaN,NaN,NaN,NaN,NaN,NaN,NaN,NaN,NaN,NaN,NaN,NaN,NaN,NaN,NaN,NaN,NaN,
14.157,-0.00365,-0.01998,0.13011,-0.43160,-0.08750,-0.28808,0.85034,NaN,NaN,NaN,NaN,NaN,NaN,NaN,NaN,NaN,NaN,NaN,NaN,NaN,NaN,NaN,NaN,NaN,NaN,NaN,NaN,NaN,
14.182,-0.00362,-0.02003,0.13012,-0.43252,-0.08619,-0.28805,0.85001,NaN,NaN,NaN,NaN,NaN,NaN,NaN,NaN,NaN,NaN,NaN,NaN,NaN,NaN,NaN,NaN,NaN,NaN,NaN,NaN,NaN,
14.207,-0.00343,-0.02006,0.13026,-0.43363,-0.08416,-0.28839,0.84954,NaN,NaN,NaN,NaN,NaN,NaN,NaN,NaN,NaN,NaN,NaN,NaN,NaN,NaN,NaN,NaN,NaN,NaN,NaN,NaN,NaN,
14.232,-0.00333,-0.02013,0.13035,-0.43506,-0.08215,-0.28831,0.84903,NaN,NaN,NaN,NaN,NaN,NaN,NaN,NaN,NaN,NaN,NaN,NaN,NaN,NaN,NaN,NaN,NaN,NaN,NaN,NaN,NaN,
14.257,-0.00320,-0.02017,0.13060,-0.43563,-0.08044,-0.28902,0.84866,NaN,NaN,NaN,NaN,NaN,NaN,NaN,NaN,NaN,NaN,NaN,NaN,NaN,NaN,NaN,NaN,NaN,NaN,NaN,NaN,NaN,
14.282,-0.00314,-0.02017,0.13062,-0.43660,-0.07911,-0.28894,0.84831,NaN,NaN,NaN,NaN,NaN,NaN,NaN,NaN,NaN,NaN,NaN,NaN,NaN,NaN,NaN,NaN,NaN,NaN,NaN,NaN,NaN,
14.307,-0.00302,-0.02017,0.13070,-0.43807,-0.07716,-0.28877,0.84779,NaN,NaN,NaN,NaN,NaN,NaN,NaN,NaN,NaN,NaN,NaN,NaN,NaN,NaN,NaN,NaN,NaN,NaN,NaN,NaN,NaN,
14.332,-0.00283,-0.02018,0.13082,-0.43964,-0.07492,-0.28871,0.84720,NaN,NaN,NaN,NaN,NaN,NaN,NaN,NaN,NaN,NaN,NaN,NaN,NaN,NaN,NaN,NaN,NaN,NaN,NaN,NaN,NaN,
14.357,-0.00261,-0.02014,0.13092,-0.44070,-0.07271,-0.28921,0.84667,NaN,NaN,NaN,NaN,NaN,NaN,NaN,NaN,NaN,NaN,NaN,NaN,NaN,NaN,NaN,NaN,NaN,NaN,NaN,NaN,NaN,
14.382,-0.00249,-0.02019,0.13099,-0.44133,-0.07123,-0.28963,0.84632,NaN,NaN,NaN,NaN,NaN,NaN,NaN,NaN,NaN,NaN,NaN,NaN,NaN,NaN,NaN,NaN,NaN,NaN,NaN,NaN,NaN,
14.407,-0.00240,-0.02025,0.13099,-0.44175,-0.07032,-0.28987,0.84610,NaN,NaN,NaN,NaN,NaN,NaN,NaN,NaN,NaN,NaN,NaN,NaN,NaN,NaN,NaN,NaN,NaN,NaN,NaN,NaN,NaN,
14.432,-0.00219,-0.02027,0.13100,-0.44262,-0.06849,-0.29029,0.84565,NaN,NaN,NaN,NaN,NaN,NaN,NaN,NaN,NaN,NaN,NaN,NaN,NaN,NaN,NaN,NaN,NaN,NaN,NaN,NaN,NaN,
14.457,-0.00200,-0.02026,0.13102,-0.44381,-0.06626,-0.29065,0.84509,NaN,NaN,NaN,NaN,NaN,NaN,NaN,NaN,NaN,NaN,NaN,NaN,NaN,NaN,NaN,NaN,NaN,NaN,NaN,NaN,NaN,
14.482,-0.00192,-0.02024,0.13102,-0.44438,-0.06493,-0.29101,0.84476,NaN,NaN,NaN,NaN,NaN,NaN,NaN,NaN,NaN,NaN,NaN,NaN,NaN,NaN,NaN,NaN,NaN,NaN,NaN,NaN,NaN,
14.507,-0.00186,-0.02025,0.13099,-0.44494,-0.06407,-0.29102,0.84453,NaN,NaN,NaN,NaN,NaN,NaN,NaN,NaN,NaN,NaN,NaN,NaN,NaN,NaN,NaN,NaN,NaN,NaN,NaN,NaN,NaN,
14.532,-0.00167,-0.02013,0.13081,-0.44646,-0.06279,-0.29023,0.84409,NaN,NaN,NaN,NaN,NaN,NaN,NaN,NaN,NaN,NaN,NaN,NaN,NaN,NaN,NaN,NaN,NaN,NaN,NaN,NaN,NaN,
14.557,-0.00147,-0.02013,0.13072,-0.44767,-0.06102,-0.29019,0.84360,NaN,NaN,NaN,NaN,NaN,NaN,NaN,NaN,NaN,NaN,NaN,NaN,NaN,NaN,NaN,NaN,NaN,NaN,NaN,NaN,NaN,
14.582,-0.00129,-0.02009,0.13067,-0.44892,-0.05908,-0.29022,0.84306,NaN,NaN,NaN,NaN,NaN,NaN,NaN,NaN,NaN,NaN,NaN,NaN,NaN,NaN,NaN,NaN,NaN,NaN,NaN,NaN,NaN,
14.607,-0.00110,-0.01999,0.13059,-0.45058,-0.05682,-0.29000,0.84240,NaN,NaN,NaN,NaN,NaN,NaN,NaN,NaN,NaN,NaN,NaN,NaN,NaN,NaN,NaN,NaN,NaN,NaN,NaN,NaN,NaN,
14.632,-0.00094,-0.01995,0.13049,-0.45157,-0.05533,-0.28999,0.84198,NaN,NaN,NaN,NaN,NaN,NaN,NaN,NaN,NaN,NaN,NaN,NaN,NaN,NaN,NaN,NaN,NaN,NaN,NaN,NaN,NaN,
14.657,-0.00087,-0.01993,0.13035,-0.45256,-0.05427,-0.28964,0.84164,NaN,NaN,NaN,NaN,NaN,NaN,NaN,NaN,NaN,NaN,NaN,NaN,NaN,NaN,NaN,NaN,NaN,NaN,NaN,NaN,NaN,
14.682,-0.00069,-0.01989,0.13030,-0.45385,-0.05238,-0.28957,0.84109,NaN,NaN,NaN,NaN,NaN,NaN,NaN,NaN,NaN,NaN,NaN,NaN,NaN,NaN,NaN,NaN,NaN,NaN,NaN,NaN,NaN,
14.707,-0.00063,-0.01989,0.13023,-0.45477,-0.05126,-0.28934,0.84074,NaN,NaN,NaN,NaN,NaN,NaN,NaN,NaN,NaN,NaN,NaN,NaN,NaN,NaN,NaN,NaN,NaN,NaN,NaN,NaN,NaN,
14.732,-0.00049,-0.01980,0.13014,-0.45556,-0.05019,-0.28922,0.84041,NaN,NaN,NaN,NaN,NaN,NaN,NaN,NaN,NaN,NaN,NaN,NaN,NaN,NaN,NaN,NaN,NaN,NaN,NaN,NaN,NaN,
14.757,-0.00035,-0.01976,0.13005,-0.45620,-0.04902,-0.28935,0.84009,NaN,NaN,NaN,NaN,NaN,NaN,NaN,NaN,NaN,NaN,NaN,NaN,NaN,NaN,NaN,NaN,NaN,NaN,NaN,NaN,NaN,
14.782,-0.00024,-0.01972,0.13000,-0.45674,-0.04824,-0.28932,0.83986,NaN,NaN,NaN,NaN,NaN,NaN,NaN,NaN,NaN,NaN,NaN,NaN,NaN,NaN,NaN,NaN,NaN,NaN,NaN,NaN,NaN,
14.807,-0.00018,-0.01972,0.12994,-0.45700,-0.04815,-0.28908,0.83980,NaN,NaN,NaN,NaN,NaN,NaN,NaN,NaN,NaN,NaN,NaN,NaN,NaN,NaN,NaN,NaN,NaN,NaN,NaN,NaN,NaN,
14.832,-0.00023,-0.01975,0.12994,-0.45682,-0.04845,-0.28906,0.83989,NaN,NaN,NaN,NaN,NaN,NaN,NaN,NaN,NaN,NaN,NaN,NaN,NaN,NaN,NaN,NaN,NaN,NaN,NaN,NaN,NaN,
14.857,-0.00014,-0.01995,0.13001,-0.45291,-0.05019,-0.29238,0.84075,NaN,NaN,NaN,NaN,NaN,NaN,NaN,NaN,NaN,NaN,NaN,NaN,NaN,NaN,NaN,NaN,NaN,NaN,NaN,NaN,NaN,
14.882,-0.00027,-0.02009,0.12970,-0.44954,-0.05334,-0.29395,0.84182,NaN,NaN,NaN,NaN,NaN,NaN,NaN,NaN,NaN,NaN,NaN,NaN,NaN,NaN,NaN,NaN,NaN,NaN,NaN,NaN,NaN,
14.907,-0.00021,-0.02016,0.12966,-0.44854,-0.05392,-0.29468,0.84206,NaN,NaN,NaN,NaN,NaN,NaN,NaN,NaN,NaN,NaN,NaN,NaN,NaN,NaN,NaN,NaN,NaN,NaN,NaN,NaN,NaN,
14.932,-0.00022,-0.02015,0.12961,-0.44817,-0.05434,-0.29479,0.84219,NaN,NaN,NaN,NaN,NaN,NaN,NaN,NaN,NaN,NaN,NaN,NaN,NaN,NaN,NaN,NaN,NaN,NaN,NaN,NaN,NaN,
14.957,-0.00023,-0.02011,0.12965,-0.44805,-0.05444,-0.29487,0.84223,NaN,NaN,NaN,NaN,NaN,NaN,NaN,NaN,NaN,NaN,NaN,NaN,NaN,NaN,NaN,NaN,NaN,NaN,NaN,NaN,NaN,
14.982,-0.00024,-0.02011,0.12953,-0.44907,-0.05494,-0.29326,0.84221,NaN,NaN,NaN,NaN,NaN,NaN,NaN,NaN,NaN,NaN,NaN,NaN,NaN,NaN,NaN,NaN,NaN,NaN,NaN,NaN,NaN,
15.007,-0.00010,-0.02016,0.12954,-0.44802,-0.05556,-0.29402,0.84246,NaN,NaN,NaN,NaN,NaN,NaN,NaN,NaN,NaN,NaN,NaN,NaN,NaN,NaN,NaN,NaN,NaN,NaN,NaN,NaN,NaN,
15.032,0.00016,-0.02025,0.12959,-0.44663,-0.05492,-0.29617,0.84249,NaN,NaN,NaN,NaN,NaN,NaN,NaN,NaN,NaN,NaN,NaN,NaN,NaN,NaN,NaN,NaN,NaN,NaN,NaN,NaN,NaN,
15.057,0.00017,-0.02029,0.12956,-0.44632,-0.05473,-0.29668,0.84249,NaN,NaN,NaN,NaN,NaN,NaN,NaN,NaN,NaN,NaN,NaN,NaN,NaN,NaN,NaN,NaN,NaN,NaN,NaN,NaN,NaN,
15.082,0.00021,-0.02027,0.12959,-0.44668,-0.05408,-0.29676,0.84231,NaN,NaN,NaN,NaN,NaN,NaN,NaN,NaN,NaN,NaN,NaN,NaN,NaN,NaN,NaN,NaN,NaN,NaN,NaN,NaN,NaN,
15.107,0.00031,-0.02030,0.12953,-0.44709,-0.05355,-0.29668,0.84215,NaN,NaN,NaN,NaN,NaN,NaN,NaN,NaN,NaN,NaN,NaN,NaN,NaN,NaN,NaN,NaN,NaN,NaN,NaN,NaN,NaN,
15.132,0.00029,-0.02027,0.12966,-0.44727,-0.05317,-0.29677,0.84205,NaN,NaN,NaN,NaN,NaN,NaN,NaN,NaN,NaN,NaN,NaN,NaN,NaN,NaN,NaN,NaN,NaN,NaN,NaN,NaN,NaN,
15.157,0.00032,-0.02024,0.12964,-0.44758,-0.05311,-0.29644,0.84201,NaN,NaN,NaN,NaN,NaN,NaN,NaN,NaN,NaN,NaN,NaN,NaN,NaN,NaN,NaN,NaN,NaN,NaN,NaN,NaN,NaN,
15.182,0.00035,-0.02020,0.12965,-0.44778,-0.05296,-0.29632,0.84195,NaN,NaN,NaN,NaN,NaN,NaN,NaN,NaN,NaN,NaN,NaN,NaN,NaN,NaN,NaN,NaN,NaN,NaN,NaN,NaN,NaN,
15.207,0.00037,-0.02020,0.12964,-0.44786,-0.05286,-0.29631,0.84192,NaN,NaN,NaN,NaN,NaN,NaN,NaN,NaN,NaN,NaN,NaN,NaN,NaN,NaN,NaN,NaN,NaN,NaN,NaN,NaN,NaN,
15.232,0.00033,-0.02015,0.12970,-0.44869,-0.05238,-0.29569,0.84172,NaN,NaN,NaN,NaN,NaN,NaN,NaN,NaN,NaN,NaN,NaN,NaN,NaN,NaN,NaN,NaN,NaN,NaN,NaN,NaN,NaN,
15.257,0.00039,-0.02016,0.12977,-0.44984,-0.05122,-0.29523,0.84134,NaN,NaN,NaN,NaN,NaN,NaN,NaN,NaN,NaN,NaN,NaN,NaN,NaN,NaN,NaN,NaN,NaN,NaN,NaN,NaN,NaN,
15.282,0.00047,-0.02013,0.12984,-0.45113,-0.04957,-0.29498,0.84084,NaN,NaN,NaN,NaN,NaN,NaN,NaN,NaN,NaN,NaN,NaN,NaN,NaN,NaN,NaN,NaN,NaN,NaN,NaN,NaN,NaN,
15.307,0.00058,-0.02013,0.12996,-0.45227,-0.04768,-0.29508,0.84030,NaN,NaN,NaN,NaN,NaN,NaN,NaN,NaN,NaN,NaN,NaN,NaN,NaN,NaN,NaN,NaN,NaN,NaN,NaN,NaN,NaN,
15.332,0.00066,-0.02012,0.13004,-0.45320,-0.04654,-0.29485,0.83995,NaN,NaN,NaN,NaN,NaN,NaN,NaN,NaN,NaN,NaN,NaN,NaN,NaN,NaN,NaN,NaN,NaN,NaN,NaN,NaN,NaN,
15.357,0.00072,-0.02004,0.13011,-0.45476,-0.04506,-0.29413,0.83944,NaN,NaN,NaN,NaN,NaN,NaN,NaN,NaN,NaN,NaN,NaN,NaN,NaN,NaN,NaN,NaN,NaN,NaN,NaN,NaN,NaN,
15.382,0.00081,-0.01999,0.13026,-0.45582,-0.04351,-0.29405,0.83897,NaN,NaN,NaN,NaN,NaN,NaN,NaN,NaN,NaN,NaN,NaN,NaN,NaN,NaN,NaN,NaN,NaN,NaN,NaN,NaN,NaN,
15.407,0.00081,-0.02000,0.13029,-0.45627,-0.04314,-0.29380,0.83883,NaN,NaN,NaN,NaN,NaN,NaN,NaN,NaN,NaN,NaN,NaN,NaN,NaN,NaN,NaN,NaN,NaN,NaN,NaN,NaN,NaN,
15.432,0.00084,-0.02006,0.13037,-0.45648,-0.04283,-0.29378,0.83874,NaN,NaN,NaN,NaN,NaN,NaN,NaN,NaN,NaN,NaN,NaN,NaN,NaN,NaN,NaN,NaN,NaN,NaN,NaN,NaN,NaN,
15.457,0.00083,-0.02006,0.13045,-0.45644,-0.04274,-0.29390,0.83872,NaN,NaN,NaN,NaN,NaN,NaN,NaN,NaN,NaN,NaN,NaN,NaN,NaN,NaN,NaN,NaN,NaN,NaN,NaN,NaN,NaN,
15.482,0.00080,-0.02005,0.13053,-0.45659,-0.04253,-0.29388,0.83866,NaN,NaN,NaN,NaN,NaN,NaN,NaN,NaN,NaN,NaN,NaN,NaN,NaN,NaN,NaN,NaN,NaN,NaN,NaN,NaN,NaN,
15.507,0.00081,-0.02005,0.13057,-0.45694,-0.04228,-0.29366,0.83856,NaN,NaN,NaN,NaN,NaN,NaN,NaN,NaN,NaN,NaN,NaN,NaN,NaN,NaN,NaN,NaN,NaN,NaN,NaN,NaN,NaN,
15.532,0.00084,-0.02006,0.13059,-0.45713,-0.04201,-0.29364,0.83848,NaN,NaN,NaN,NaN,NaN,NaN,NaN,NaN,NaN,NaN,NaN,NaN,NaN,NaN,NaN,NaN,NaN,NaN,NaN,NaN,NaN,
15.557,0.00085,-0.02006,0.13059,-0.45728,-0.04169,-0.29370,0.83839,NaN,NaN,NaN,NaN,NaN,NaN,NaN,NaN,NaN,NaN,NaN,NaN,NaN,NaN,NaN,NaN,NaN,NaN,NaN,NaN,NaN,
15.582,0.00089,-0.02003,0.13059,-0.45733,-0.04143,-0.29384,0.83833,NaN,NaN,NaN,NaN,NaN,NaN,NaN,NaN,NaN,NaN,NaN,NaN,NaN,NaN,NaN,NaN,NaN,NaN,NaN,NaN,NaN,
15.607,0.00089,-0.02003,0.13061,-0.45751,-0.04107,-0.29390,0.83823,NaN,NaN,NaN,NaN,NaN,NaN,NaN,NaN,NaN,NaN,NaN,NaN,NaN,NaN,NaN,NaN,NaN,NaN,NaN,NaN,NaN,
15.632,0.00096,-0.02002,0.13059,-0.45789,-0.04056,-0.29383,0.83807,NaN,NaN,NaN,NaN,NaN,NaN,NaN,NaN,NaN,NaN,NaN,NaN,NaN,NaN,NaN,NaN,NaN,NaN,NaN,NaN,NaN,
15.657,0.00103,-0.01997,0.13058,-0.45861,-0.03982,-0.29354,0.83781,NaN,NaN,NaN,NaN,NaN,NaN,NaN,NaN,NaN,NaN,NaN,NaN,NaN,NaN,NaN,NaN,NaN,NaN,NaN,NaN,NaN,
15.682,0.00108,-0.01988,0.13064,-0.46117,-0.03805,-0.29183,0.83709,NaN,NaN,NaN,NaN,NaN,NaN,NaN,NaN,NaN,NaN,NaN,NaN,NaN,NaN,NaN,NaN,NaN,NaN,NaN,NaN,NaN,
15.707,0.00130,-0.01968,0.13058,-0.46465,-0.03467,-0.29022,0.83587,NaN,NaN,NaN,NaN,NaN,NaN,NaN,NaN,NaN,NaN,NaN,NaN,NaN,NaN,NaN,NaN,NaN,NaN,NaN,NaN,NaN,
15.732,0.00180,-0.01972,0.13060,-0.46549,-0.03111,-0.29190,0.83495,NaN,NaN,NaN,NaN,NaN,NaN,NaN,NaN,NaN,NaN,NaN,NaN,NaN,NaN,NaN,NaN,NaN,NaN,NaN,NaN,NaN,
15.757,0.00205,-0.01975,0.13058,-0.46555,-0.02967,-0.29291,0.83462,NaN,NaN,NaN,NaN,NaN,NaN,NaN,NaN,NaN,NaN,NaN,NaN,NaN,NaN,NaN,NaN,NaN,NaN,NaN,NaN,NaN,
15.782,0.00213,-0.01974,0.13053,-0.46492,-0.02967,-0.29367,0.83470,NaN,NaN,NaN,NaN,NaN,NaN,NaN,NaN,NaN,NaN,NaN,NaN,NaN,NaN,NaN,NaN,NaN,NaN,NaN,NaN,NaN,
15.807,0.00224,-0.01979,0.13050,-0.46430,-0.02939,-0.29463,0.83472,NaN,NaN,NaN,NaN,NaN,NaN,NaN,NaN,NaN,NaN,NaN,NaN,NaN,NaN,NaN,NaN,NaN,NaN,NaN,NaN,NaN,
15.832,0.00243,-0.01980,0.13046,-0.46456,-0.02827,-0.29516,0.83443,NaN,NaN,NaN,NaN,NaN,NaN,NaN,NaN,NaN,NaN,NaN,NaN,NaN,NaN,NaN,NaN,NaN,NaN,NaN,NaN,NaN,
15.857,0.00260,-0.01985,0.13042,-0.46472,-0.02732,-0.29567,0.83419,NaN,NaN,NaN,NaN,NaN,NaN,NaN,NaN,NaN,NaN,NaN,NaN,NaN,NaN,NaN,NaN,NaN,NaN,NaN,NaN,NaN,
15.882,0.00271,-0.01984,0.13040,-0.46462,-0.02686,-0.29614,0.83409,NaN,NaN,NaN,NaN,NaN,NaN,NaN,NaN,NaN,NaN,NaN,NaN,NaN,NaN,NaN,NaN,NaN,NaN,NaN,NaN,NaN,
15.907,0.00273,-0.01984,0.13036,-0.46465,-0.02629,-0.29653,0.83395,NaN,NaN,NaN,NaN,NaN,NaN,NaN,NaN,NaN,NaN,NaN,NaN,NaN,NaN,NaN,NaN,NaN,NaN,NaN,NaN,NaN,
15.932,0.00286,-0.01983,0.13030,-0.46532,-0.02521,-0.29653,0.83361,NaN,NaN,NaN,NaN,NaN,NaN,NaN,NaN,NaN,NaN,NaN,NaN,NaN,NaN,NaN,NaN,NaN,NaN,NaN,NaN,NaN,
15.957,0.00306,-0.01980,0.13027,-0.46658,-0.02352,-0.29628,0.83305,NaN,NaN,NaN,NaN,NaN,NaN,NaN,NaN,NaN,NaN,NaN,NaN,NaN,NaN,NaN,NaN,NaN,NaN,NaN,NaN,NaN,
15.982,0.00319,-0.01974,0.13018,-0.46720,-0.02237,-0.29640,0.83269,NaN,NaN,NaN,NaN,NaN,NaN,NaN,NaN,NaN,NaN,NaN,NaN,NaN,NaN,NaN,NaN,NaN,NaN,NaN,NaN,NaN,
16.007,0.00328,-0.01972,0.13022,-0.46779,-0.02102,-0.29670,0.83229,NaN,NaN,NaN,NaN,NaN,NaN,NaN,NaN,NaN,NaN,NaN,NaN,NaN,NaN,NaN,NaN,NaN,NaN,NaN,NaN,NaN,
16.032,0.00334,-0.01965,0.13017,-0.46855,-0.02053,-0.29615,0.83207,NaN,NaN,NaN,NaN,NaN,NaN,NaN,NaN,NaN,NaN,NaN,NaN,NaN,NaN,NaN,NaN,NaN,NaN,NaN,NaN,NaN,
16.057,0.00341,-0.01961,0.13009,-0.46961,-0.01964,-0.29553,0.83171,NaN,NaN,NaN,NaN,NaN,NaN,NaN,NaN,NaN,NaN,NaN,NaN,NaN,NaN,NaN,NaN,NaN,NaN,NaN,NaN,NaN,
16.082,0.00358,-0.01960,0.13005,-0.47020,-0.01824,-0.29586,0.83129,NaN,NaN,NaN,NaN,NaN,NaN,NaN,NaN,NaN,NaN,NaN,NaN,NaN,NaN,NaN,NaN,NaN,NaN,NaN,NaN,NaN,
16.107,0.00370,-0.01952,0.13000,-0.47107,-0.01697,-0.29575,0.83087,NaN,NaN,NaN,NaN,NaN,NaN,NaN,NaN,NaN,NaN,NaN,NaN,NaN,NaN,NaN,NaN,NaN,NaN,NaN,NaN,NaN,
16.132,0.00373,-0.01948,0.12999,-0.47133,-0.01663,-0.29570,0.83074,NaN,NaN,NaN,NaN,NaN,NaN,NaN,NaN,NaN,NaN,NaN,NaN,NaN,NaN,NaN,NaN,NaN,NaN,NaN,NaN,NaN,
16.157,0.00372,-0.01947,0.12997,-0.47155,-0.01654,-0.29549,0.83069,NaN,NaN,NaN,NaN,NaN,NaN,NaN,NaN,NaN,NaN,NaN,NaN,NaN,NaN,NaN,NaN,NaN,NaN,NaN,NaN,NaN,
16.182,0.00374,-0.01948,0.12996,-0.47171,-0.01648,-0.29535,0.83066,NaN,NaN,NaN,NaN,NaN,NaN,NaN,NaN,NaN,NaN,NaN,NaN,NaN,NaN,NaN,NaN,NaN,NaN,NaN,NaN,NaN,
16.207,0.00376,-0.01948,0.12998,-0.47163,-0.01649,-0.29544,0.83067,NaN,NaN,NaN,NaN,NaN,NaN,NaN,NaN,NaN,NaN,NaN,NaN,NaN,NaN,NaN,NaN,NaN,NaN,NaN,NaN,NaN,
16.232,0.00373,-0.01949,0.12998,-0.47154,-0.01664,-0.29543,0.83072,NaN,NaN,NaN,NaN,NaN,NaN,NaN,NaN,NaN,NaN,NaN,NaN,NaN,NaN,NaN,NaN,NaN,NaN,NaN,NaN,NaN,
16.257,0.00373,-0.01948,0.12999,-0.47153,-0.01672,-0.29538,0.83074,NaN,NaN,NaN,NaN,NaN,NaN,NaN,NaN,NaN,NaN,NaN,NaN,NaN,NaN,NaN,NaN,NaN,NaN,NaN,NaN,NaN,
16.282,0.00376,-0.01949,0.13000,-0.47162,-0.01676,-0.29525,0.83074,NaN,NaN,NaN,NaN,NaN,NaN,NaN,NaN,NaN,NaN,NaN,NaN,NaN,NaN,NaN,NaN,NaN,NaN,NaN,NaN,NaN,
16.307,0.00377,-0.01950,0.12999,-0.47181,-0.01675,-0.29503,0.83071,NaN,NaN,NaN,NaN,NaN,NaN,NaN,NaN,NaN,NaN,NaN,NaN,NaN,NaN,NaN,NaN,NaN,NaN,NaN,NaN,NaN,
16.332,0.00375,-0.01948,0.12998,-0.47179,-0.01688,-0.29495,0.83074,NaN,NaN,NaN,NaN,NaN,NaN,NaN,NaN,NaN,NaN,NaN,NaN,NaN,NaN,NaN,NaN,NaN,NaN,NaN,NaN,NaN,
16.357,0.00374,-0.01948,0.13004,-0.47227,-0.01654,-0.29462,0.83059,NaN,NaN,NaN,NaN,NaN,NaN,NaN,NaN,NaN,NaN,NaN,NaN,NaN,NaN,NaN,NaN,NaN,NaN,NaN,NaN,NaN,
16.382,0.00385,-0.01940,0.13002,-0.47333,-0.01549,-0.29412,0.83019,NaN,NaN,NaN,NaN,NaN,NaN,NaN,NaN,NaN,NaN,NaN,NaN,NaN,NaN,NaN,NaN,NaN,NaN,NaN,NaN,NaN,
16.407,0.00413,-0.01937,0.13003,-0.47494,-0.01296,-0.29404,0.82934,NaN,NaN,NaN,NaN,NaN,NaN,NaN,NaN,NaN,NaN,NaN,NaN,NaN,NaN,NaN,NaN,NaN,NaN,NaN,NaN,NaN,
16.432,0.00433,-0.01932,0.13009,-0.47613,-0.01087,-0.29415,0.82865,NaN,NaN,NaN,NaN,NaN,NaN,NaN,NaN,NaN,NaN,NaN,NaN,NaN,NaN,NaN,NaN,NaN,NaN,NaN,NaN,NaN,
16.457,0.00438,-0.01927,0.13010,-0.47655,-0.00984,-0.29438,0.82833,NaN,NaN,NaN,NaN,NaN,NaN,NaN,NaN,NaN,NaN,NaN,NaN,NaN,NaN,NaN,NaN,NaN,NaN,NaN,NaN,NaN,
16.482,0.00448,-0.01928,0.13010,-0.47701,-0.00909,-0.29439,0.82808,NaN,NaN,NaN,NaN,NaN,NaN,NaN,NaN,NaN,NaN,NaN,NaN,NaN,NaN,NaN,NaN,NaN,NaN,NaN,NaN,NaN,
16.507,0.00452,-0.01925,0.13007,-0.47731,-0.00907,-0.29403,0.82803,NaN,NaN,NaN,NaN,NaN,NaN,NaN,NaN,NaN,NaN,NaN,NaN,NaN,NaN,NaN,NaN,NaN,NaN,NaN,NaN,NaN,
16.532,0.00445,-0.01926,0.12992,-0.47636,-0.01031,-0.29427,0.82848,NaN,NaN,NaN,NaN,NaN,NaN,NaN,NaN,NaN,NaN,NaN,NaN,NaN,NaN,NaN,NaN,NaN,NaN,NaN,NaN,NaN,
16.557,0.00444,-0.01958,0.12994,-0.47072,-0.01355,-0.29870,0.83007,NaN,NaN,NaN,NaN,NaN,NaN,NaN,NaN,NaN,NaN,NaN,NaN,NaN,NaN,NaN,NaN,NaN,NaN,NaN,NaN,NaN,
16.582,0.00440,-0.01983,0.12992,-0.46632,-0.01640,-0.30187,0.83136,NaN,NaN,NaN,NaN,NaN,NaN,NaN,NaN,NaN,NaN,NaN,NaN,NaN,NaN,NaN,NaN,NaN,NaN,NaN,NaN,NaN,
16.607,0.00446,-0.01994,0.12995,-0.46507,-0.01698,-0.30293,0.83166,NaN,NaN,NaN,NaN,NaN,NaN,NaN,NaN,NaN,NaN,NaN,NaN,NaN,NaN,NaN,NaN,NaN,NaN,NaN,NaN,NaN,
16.632,0.00444,-0.02000,0.12995,-0.46390,-0.01785,-0.30369,0.83202,NaN,NaN,NaN,NaN,NaN,NaN,NaN,NaN,NaN,NaN,NaN,NaN,NaN,NaN,NaN,NaN,NaN,NaN,NaN,NaN,NaN,
16.657,0.00443,-0.02001,0.12994,-0.46302,-0.01858,-0.30419,0.83231,NaN,NaN,NaN,NaN,NaN,NaN,NaN,NaN,NaN,NaN,NaN,NaN,NaN,NaN,NaN,NaN,NaN,NaN,NaN,NaN,NaN,
16.682,0.00441,-0.02006,0.12999,-0.46260,-0.01892,-0.30444,0.83244,NaN,NaN,NaN,NaN,NaN,NaN,NaN,NaN,NaN,NaN,NaN,NaN,NaN,NaN,NaN,NaN,NaN,NaN,NaN,NaN,NaN,
16.707,0.00447,-0.02013,0.13005,-0.46177,-0.01935,-0.30511,0.83265,NaN,NaN,NaN,NaN,NaN,NaN,NaN,NaN,NaN,NaN,NaN,NaN,NaN,NaN,NaN,NaN,NaN,NaN,NaN,NaN,NaN,
16.732,0.00440,-0.02017,0.13008,-0.46129,-0.02000,-0.30521,0.83286,NaN,NaN,NaN,NaN,NaN,NaN,NaN,NaN,NaN,NaN,NaN,NaN,NaN,NaN,NaN,NaN,NaN,NaN,NaN,NaN,NaN,
16.757,0.00439,-0.02015,0.13015,-0.46099,-0.02052,-0.30517,0.83303,NaN,NaN,NaN,NaN,NaN,NaN,NaN,NaN,NaN,NaN,NaN,NaN,NaN,NaN,NaN,NaN,NaN,NaN,NaN,NaN,NaN,
16.782,0.00437,-0.02021,0.13020,-0.46041,-0.02126,-0.30531,0.83328,NaN,NaN,NaN,NaN,NaN,NaN,NaN,NaN,NaN,NaN,NaN,NaN,NaN,NaN,NaN,NaN,NaN,NaN,NaN,NaN,NaN,
16.807,0.00441,-0.02020,0.13031,-0.46090,-0.02109,-0.30486,0.83318,NaN,NaN,NaN,NaN,NaN,NaN,NaN,NaN,NaN,NaN,NaN,NaN,NaN,NaN,NaN,NaN,NaN,NaN,NaN,NaN,NaN,
16.832,0.00445,-0.02015,0.13040,-0.46223,-0.02035,-0.30382,0.83284,NaN,NaN,NaN,NaN,NaN,NaN,NaN,NaN,NaN,NaN,NaN,NaN,NaN,NaN,NaN,NaN,NaN,NaN,NaN,NaN,NaN,
16.857,0.00462,-0.02000,0.13039,-0.46361,-0.01866,-0.30343,0.83225,NaN,NaN,NaN,NaN,NaN,NaN,NaN,NaN,NaN,NaN,NaN,NaN,NaN,NaN,NaN,NaN,NaN,NaN,NaN,NaN,NaN,
16.882,0.00518,-0.01995,0.13056,-0.46487,-0.01449,-0.30499,0.83106,NaN,NaN,NaN,NaN,NaN,NaN,NaN,NaN,NaN,NaN,NaN,NaN,NaN,NaN,NaN,NaN,NaN,NaN,NaN,NaN,NaN,
16.907,0.00534,-0.02000,0.13047,-0.46485,-0.01365,-0.30563,0.83085,NaN,NaN,NaN,NaN,NaN,NaN,NaN,NaN,NaN,NaN,NaN,NaN,NaN,NaN,NaN,NaN,NaN,NaN,NaN,NaN,NaN,
16.932,0.00553,-0.01995,0.13051,-0.46615,-0.01164,-0.30555,0.83019,NaN,NaN,NaN,NaN,NaN,NaN,NaN,NaN,NaN,NaN,NaN,NaN,NaN,NaN,NaN,NaN,NaN,NaN,NaN,NaN,NaN,
16.957,0.00570,-0.01991,0.13059,-0.46762,-0.00967,-0.30523,0.82950,NaN,NaN,NaN,NaN,NaN,NaN,NaN,NaN,NaN,NaN,NaN,NaN,NaN,NaN,NaN,NaN,NaN,NaN,NaN,NaN,NaN,
16.982,0.00575,-0.01992,0.13069,-0.46880,-0.00813,-0.30495,0.82896,NaN,NaN,NaN,NaN,NaN,NaN,NaN,NaN,NaN,NaN,NaN,NaN,NaN,NaN,NaN,NaN,NaN,NaN,NaN,NaN,NaN,
17.007,0.00597,-0.01979,0.13071,-0.47017,-0.00616,-0.30475,0.82827,NaN,NaN,NaN,NaN,NaN,NaN,NaN,NaN,NaN,NaN,NaN,NaN,NaN,NaN,NaN,NaN,NaN,NaN,NaN,NaN,NaN,
17.032,0.00605,-0.01986,0.13074,-0.47002,-0.00569,-0.30526,0.82817,NaN,NaN,NaN,NaN,NaN,NaN,NaN,NaN,NaN,NaN,NaN,NaN,NaN,NaN,NaN,NaN,NaN,NaN,NaN,NaN,NaN,
17.057,0.00619,-0.01982,0.13077,-0.47085,-0.00502,-0.30476,0.82789,NaN,NaN,NaN,NaN,NaN,NaN,NaN,NaN,NaN,NaN,NaN,NaN,NaN,NaN,NaN,NaN,NaN,NaN,NaN,NaN,NaN,
17.082,0.00637,-0.01973,0.13071,-0.47166,-0.00355,-0.30484,0.82740,NaN,NaN,NaN,NaN,NaN,NaN,NaN,NaN,NaN,NaN,NaN,NaN,NaN,NaN,NaN,NaN,NaN,NaN,NaN,NaN,NaN,
17.107,0.00675,-0.01963,0.13067,-0.47378,0.00019,-0.30500,0.82614,NaN,NaN,NaN,NaN,NaN,NaN,NaN,NaN,NaN,NaN,NaN,NaN,NaN,NaN,NaN,NaN,NaN,NaN,NaN,NaN,NaN,
17.132,0.00706,-0.01947,0.13065,-0.47609,0.00367,-0.30472,0.82491,NaN,NaN,NaN,NaN,NaN,NaN,NaN,NaN,NaN,NaN,NaN,NaN,NaN,NaN,NaN,NaN,NaN,NaN,NaN,NaN,NaN,
17.157,0.00715,-0.01940,0.13061,-0.47756,0.00572,-0.30443,0.82416,NaN,NaN,NaN,NaN,NaN,NaN,NaN,NaN,NaN,NaN,NaN,NaN,NaN,NaN,NaN,NaN,NaN,NaN,NaN,NaN,NaN,
17.182,0.00734,-0.01932,0.13053,-0.47896,0.00752,-0.30402,0.82348,NaN,NaN,NaN,NaN,NaN,NaN,NaN,NaN,NaN,NaN,NaN,NaN,NaN,NaN,NaN,NaN,NaN,NaN,NaN,NaN,NaN,
17.207,0.00754,-0.01922,0.13042,-0.48062,0.00938,-0.30334,0.82274,NaN,NaN,NaN,NaN,NaN,NaN,NaN,NaN,NaN,NaN,NaN,NaN,NaN,NaN,NaN,NaN,NaN,NaN,NaN,NaN,NaN,
17.236,0.00767,-0.01911,0.13036,-0.48191,0.01107,-0.30298,0.82210,NaN,NaN,NaN,NaN,NaN,NaN,NaN,NaN,NaN,NaN,NaN,NaN,NaN,NaN,NaN,NaN,NaN,NaN,NaN,NaN,NaN,
17.257,0.00767,-0.01911,0.13036,-0.48191,0.01107,-0.30298,0.82210,NaN,NaN,NaN,NaN,NaN,NaN,NaN,NaN,NaN,NaN,NaN,NaN,NaN,NaN,NaN,NaN,NaN,NaN,NaN,NaN,NaN,
17.282,0.00797,-0.01884,0.13021,-0.48512,0.01466,-0.30163,0.82064,NaN,NaN,NaN,NaN,NaN,NaN,NaN,NaN,NaN,NaN,NaN,NaN,NaN,NaN,NaN,NaN,NaN,NaN,NaN,NaN,NaN,
17.307,0.00808,-0.01876,0.13020,-0.48624,0.01619,-0.30136,0.82006,NaN,NaN,NaN,NaN,NaN,NaN,NaN,NaN,NaN,NaN,NaN,NaN,NaN,NaN,NaN,NaN,NaN,NaN,NaN,NaN,NaN,
17.332,0.00814,-0.01879,0.13018,-0.48655,0.01667,-0.30132,0.81988,NaN,NaN,NaN,NaN,NaN,NaN,NaN,NaN,NaN,NaN,NaN,NaN,NaN,NaN,NaN,NaN,NaN,NaN,NaN,NaN,NaN,
17.357,0.00817,-0.01882,0.13013,-0.48694,0.01694,-0.30104,0.81974,NaN,NaN,NaN,NaN,NaN,NaN,NaN,NaN,NaN,NaN,NaN,NaN,NaN,NaN,NaN,NaN,NaN,NaN,NaN,NaN,NaN,
17.382,0.00827,-0.01880,0.13010,-0.48663,0.01712,-0.30153,0.81974,NaN,NaN,NaN,NaN,NaN,NaN,NaN,NaN,NaN,NaN,NaN,NaN,NaN,NaN,NaN,NaN,NaN,NaN,NaN,NaN,NaN,
17.407,0.00823,-0.01884,0.13000,-0.48579,0.01684,-0.30236,0.81994,NaN,NaN,NaN,NaN,NaN,NaN,NaN,NaN,NaN,NaN,NaN,NaN,NaN,NaN,NaN,NaN,NaN,NaN,NaN,NaN,NaN,
17.432,0.00829,-0.01882,0.12987,-0.48511,0.01659,-0.30301,0.82011,NaN,NaN,NaN,NaN,NaN,NaN,NaN,NaN,NaN,NaN,NaN,NaN,NaN,NaN,NaN,NaN,NaN,NaN,NaN,NaN,NaN,
17.457,0.00831,-0.01884,0.12974,-0.48448,0.01608,-0.30342,0.82034,NaN,NaN,NaN,NaN,NaN,NaN,NaN,NaN,NaN,NaN,NaN,NaN,NaN,NaN,NaN,NaN,NaN,NaN,NaN,NaN,NaN,
17.482,0.00832,-0.01879,0.12958,-0.48459,0.01585,-0.30311,0.82039,NaN,NaN,NaN,NaN,NaN,NaN,NaN,NaN,NaN,NaN,NaN,NaN,NaN,NaN,NaN,NaN,NaN,NaN,NaN,NaN,NaN,
17.507,0.00836,-0.01868,0.12945,-0.48600,0.01567,-0.30128,0.82024,NaN,NaN,NaN,NaN,NaN,NaN,NaN,NaN,NaN,NaN,NaN,NaN,NaN,NaN,NaN,NaN,NaN,NaN,NaN,NaN,NaN,
17.532,0.00849,-0.01837,0.12947,-0.48825,0.01732,-0.29972,0.81944,NaN,NaN,NaN,NaN,NaN,NaN,NaN,NaN,NaN,NaN,NaN,NaN,NaN,NaN,NaN,NaN,NaN,NaN,NaN,NaN,NaN,
17.557,0.00871,-0.01836,0.12954,-0.48908,0.02007,-0.30064,0.81854,NaN,NaN,NaN,NaN,NaN,NaN,NaN,NaN,NaN,NaN,NaN,NaN,NaN,NaN,NaN,NaN,NaN,NaN,NaN,NaN,NaN,
17.582,0.00886,-0.01818,0.12933,-0.49010,0.02079,-0.29991,0.81819,NaN,NaN,NaN,NaN,NaN,NaN,NaN,NaN,NaN,NaN,NaN,NaN,NaN,NaN,NaN,NaN,NaN,NaN,NaN,NaN,NaN,
17.607,0.00887,-0.01812,0.12926,-0.49047,0.02132,-0.29982,0.81798,NaN,NaN,NaN,NaN,NaN,NaN,NaN,NaN,NaN,NaN,NaN,NaN,NaN,NaN,NaN,NaN,NaN,NaN,NaN,NaN,NaN,
17.632,0.00880,-0.01803,0.12922,-0.49092,0.02166,-0.29950,0.81782,NaN,NaN,NaN,NaN,NaN,NaN,NaN,NaN,NaN,NaN,NaN,NaN,NaN,NaN,NaN,NaN,NaN,NaN,NaN,NaN,NaN,
17.657,0.00885,-0.01790,0.12925,-0.49146,0.02215,-0.29920,0.81760,NaN,NaN,NaN,NaN,NaN,NaN,NaN,NaN,NaN,NaN,NaN,NaN,NaN,NaN,NaN,NaN,NaN,NaN,NaN,NaN,NaN,
17.682,0.00888,-0.01786,0.12919,-0.49227,0.02255,-0.29849,0.81735,NaN,NaN,NaN,NaN,NaN,NaN,NaN,NaN,NaN,NaN,NaN,NaN,NaN,NaN,NaN,NaN,NaN,NaN,NaN,NaN,NaN,
17.707,0.00898,-0.01772,0.12921,-0.49343,0.02343,-0.29769,0.81692,NaN,NaN,NaN,NaN,NaN,NaN,NaN,NaN,NaN,NaN,NaN,NaN,NaN,NaN,NaN,NaN,NaN,NaN,NaN,NaN,NaN,
17.732,0.00898,-0.01763,0.12922,-0.49400,0.02418,-0.29751,0.81662,NaN,NaN,NaN,NaN,NaN,NaN,NaN,NaN,NaN,NaN,NaN,NaN,NaN,NaN,NaN,NaN,NaN,NaN,NaN,NaN,NaN,
17.757,0.00899,-0.01758,0.12925,-0.49403,0.02447,-0.29768,0.81653,NaN,NaN,NaN,NaN,NaN,NaN,NaN,NaN,NaN,NaN,NaN,NaN,NaN,NaN,NaN,NaN,NaN,NaN,NaN,NaN,NaN,
17.782,0.00909,-0.01751,0.12920,-0.49402,0.02484,-0.29794,0.81643,NaN,NaN,NaN,NaN,NaN,NaN,NaN,NaN,NaN,NaN,NaN,NaN,NaN,NaN,NaN,NaN,NaN,NaN,NaN,NaN,NaN,
17.807,0.00903,-0.01747,0.12926,-0.49543,0.02617,-0.29714,0.81582,NaN,NaN,NaN,NaN,NaN,NaN,NaN,NaN,NaN,NaN,NaN,NaN,NaN,NaN,NaN,NaN,NaN,NaN,NaN,NaN,NaN,
17.832,0.00909,-0.01753,0.12932,-0.49616,0.02679,-0.29668,0.81553,NaN,NaN,NaN,NaN,NaN,NaN,NaN,NaN,NaN,NaN,NaN,NaN,NaN,NaN,NaN,NaN,NaN,NaN,NaN,NaN,NaN,
17.857,0.00916,-0.01750,0.12943,-0.49577,0.02678,-0.29716,0.81560,NaN,NaN,NaN,NaN,NaN,NaN,NaN,NaN,NaN,NaN,NaN,NaN,NaN,NaN,NaN,NaN,NaN,NaN,NaN,NaN,NaN,
17.882,0.00908,-0.01749,0.12951,-0.49567,0.02667,-0.29720,0.81564,NaN,NaN,NaN,NaN,NaN,NaN,NaN,NaN,NaN,NaN,NaN,NaN,NaN,NaN,NaN,NaN,NaN,NaN,NaN,NaN,NaN,
17.907,0.00903,-0.01750,0.12973,-0.49571,0.02747,-0.29771,0.81541,NaN,NaN,NaN,NaN,NaN,NaN,NaN,NaN,NaN,NaN,NaN,NaN,NaN,NaN,NaN,NaN,NaN,NaN,NaN,NaN,NaN,
17.932,0.00910,-0.01751,0.12941,-0.49517,0.02609,-0.29742,0.81589,NaN,NaN,NaN,NaN,NaN,NaN,NaN,NaN,NaN,NaN,NaN,NaN,NaN,NaN,NaN,NaN,NaN,NaN,NaN,NaN,NaN,
17.957,0.00911,-0.01746,0.12946,-0.49541,0.02629,-0.29726,0.81579,NaN,NaN,NaN,NaN,NaN,NaN,NaN,NaN,NaN,NaN,NaN,NaN,NaN,NaN,NaN,NaN,NaN,NaN,NaN,NaN,NaN,
17.982,0.00917,-0.01736,0.12984,-0.49627,0.02696,-0.29666,0.81546,NaN,NaN,NaN,NaN,NaN,NaN,NaN,NaN,NaN,NaN,NaN,NaN,NaN,NaN,NaN,NaN,NaN,NaN,NaN,NaN,NaN,
18.007,0.00909,-0.01749,0.13003,-0.49536,0.02688,-0.29773,0.81563,NaN,NaN,NaN,NaN,NaN,NaN,NaN,NaN,NaN,NaN,NaN,NaN,NaN,NaN,NaN,NaN,NaN,NaN,NaN,NaN,NaN,
18.032,0.00903,-0.01752,0.13017,-0.49500,0.02692,-0.29819,0.81568,NaN,NaN,NaN,NaN,NaN,NaN,NaN,NaN,NaN,NaN,NaN,NaN,NaN,NaN,NaN,NaN,NaN,NaN,NaN,NaN,NaN,
18.057,0.00898,-0.01757,0.13034,-0.49451,0.02681,-0.29872,0.81579,NaN,NaN,NaN,NaN,NaN,NaN,NaN,NaN,NaN,NaN,NaN,NaN,NaN,NaN,NaN,NaN,NaN,NaN,NaN,NaN,NaN,
18.082,0.00902,-0.01759,0.13038,-0.49466,0.02688,-0.29858,0.81574,NaN,NaN,NaN,NaN,NaN,NaN,NaN,NaN,NaN,NaN,NaN,NaN,NaN,NaN,NaN,NaN,NaN,NaN,NaN,NaN,NaN,
18.107,0.00905,-0.01755,0.13049,-0.49433,0.02657,-0.29877,0.81588,NaN,NaN,NaN,NaN,NaN,NaN,NaN,NaN,NaN,NaN,NaN,NaN,NaN,NaN,NaN,NaN,NaN,NaN,NaN,NaN,NaN,
18.132,0.00907,-0.01757,0.13054,-0.49394,0.02624,-0.29902,0.81604,NaN,NaN,NaN,NaN,NaN,NaN,NaN,NaN,NaN,NaN,NaN,NaN,NaN,NaN,NaN,NaN,NaN,NaN,NaN,NaN,NaN,
18.157,0.00903,-0.01754,0.13066,-0.49343,0.02580,-0.29933,0.81625,NaN,NaN,NaN,NaN,NaN,NaN,NaN,NaN,NaN,NaN,NaN,NaN,NaN,NaN,NaN,NaN,NaN,NaN,NaN,NaN,NaN,
18.182,0.00900,-0.01760,0.13072,-0.49307,0.02544,-0.29952,0.81641,NaN,NaN,NaN,NaN,NaN,NaN,NaN,NaN,NaN,NaN,NaN,NaN,NaN,NaN,NaN,NaN,NaN,NaN,NaN,NaN,NaN,
18.207,0.00895,-0.01763,0.13078,-0.49310,0.02563,-0.29962,0.81635,NaN,NaN,NaN,NaN,NaN,NaN,NaN,NaN,NaN,NaN,NaN,NaN,NaN,NaN,NaN,NaN,NaN,NaN,NaN,NaN,NaN,
18.232,0.00907,-0.01759,0.13072,-0.49334,0.02548,-0.29923,0.81635,NaN,NaN,NaN,NaN,NaN,NaN,NaN,NaN,NaN,NaN,NaN,NaN,NaN,NaN,NaN,NaN,NaN,NaN,NaN,NaN,NaN,
18.257,0.00905,-0.01759,0.13075,-0.49343,0.02557,-0.29917,0.81631,NaN,NaN,NaN,NaN,NaN,NaN,NaN,NaN,NaN,NaN,NaN,NaN,NaN,NaN,NaN,NaN,NaN,NaN,NaN,NaN,NaN,
18.282,0.00901,-0.01754,0.13073,-0.49344,0.02561,-0.29919,0.81630,NaN,NaN,NaN,NaN,NaN,NaN,NaN,NaN,NaN,NaN,NaN,NaN,NaN,NaN,NaN,NaN,NaN,NaN,NaN,NaN,NaN,
18.307,0.00902,-0.01756,0.13063,-0.49361,0.02564,-0.29900,0.81627,NaN,NaN,NaN,NaN,NaN,NaN,NaN,NaN,NaN,NaN,NaN,NaN,NaN,NaN,NaN,NaN,NaN,NaN,NaN,NaN,NaN,
18.332,0.00901,-0.01757,0.13066,-0.49331,0.02542,-0.29922,0.81637,NaN,NaN,NaN,NaN,NaN,NaN,NaN,NaN,NaN,NaN,NaN,NaN,NaN,NaN,NaN,NaN,NaN,NaN,NaN,NaN,NaN,
18.357,0.00901,-0.01759,0.13067,-0.49289,0.02518,-0.29956,0.81651,NaN,NaN,NaN,NaN,NaN,NaN,NaN,NaN,NaN,NaN,NaN,NaN,NaN,NaN,NaN,NaN,NaN,NaN,NaN,NaN,NaN,
18.382,0.00901,-0.01762,0.13069,-0.49241,0.02499,-0.30002,0.81664,NaN,NaN,NaN,NaN,NaN,NaN,NaN,NaN,NaN,NaN,NaN,NaN,NaN,NaN,NaN,NaN,NaN,NaN,NaN,NaN,NaN,
18.407,0.00905,-0.01759,0.13070,-0.49243,0.02510,-0.30008,0.81660,NaN,NaN,NaN,NaN,NaN,NaN,NaN,NaN,NaN,NaN,NaN,NaN,NaN,NaN,NaN,NaN,NaN,NaN,NaN,NaN,NaN,
18.432,0.00916,-0.01724,0.13055,-0.49473,0.02590,-0.29781,0.81601,NaN,NaN,NaN,NaN,NaN,NaN,NaN,NaN,NaN,NaN,NaN,NaN,NaN,NaN,NaN,NaN,NaN,NaN,NaN,NaN,NaN,
18.457,0.00934,-0.01705,0.13039,-0.49715,0.02794,-0.29626,0.81504,NaN,NaN,NaN,NaN,NaN,NaN,NaN,NaN,NaN,NaN,NaN,NaN,NaN,NaN,NaN,NaN,NaN,NaN,NaN,NaN,NaN,
18.482,0.00944,-0.01693,0.13018,-0.49905,0.02964,-0.29511,0.81423,NaN,NaN,NaN,NaN,NaN,NaN,NaN,NaN,NaN,NaN,NaN,NaN,NaN,NaN,NaN,NaN,NaN,NaN,NaN,NaN,NaN,
18.507,0.00966,-0.01698,0.13015,-0.49782,0.03030,-0.29708,0.81425,NaN,NaN,NaN,NaN,NaN,NaN,NaN,NaN,NaN,NaN,NaN,NaN,NaN,NaN,NaN,NaN,NaN,NaN,NaN,NaN,NaN,
18.532,0.00960,-0.01697,0.12991,-0.49510,0.02686,-0.29804,0.81568,NaN,NaN,NaN,NaN,NaN,NaN,NaN,NaN,NaN,NaN,NaN,NaN,NaN,NaN,NaN,NaN,NaN,NaN,NaN,NaN,NaN,
18.557,0.00957,-0.01701,0.13003,-0.49449,0.02687,-0.29878,0.81577,NaN,NaN,NaN,NaN,NaN,NaN,NaN,NaN,NaN,NaN,NaN,NaN,NaN,NaN,NaN,NaN,NaN,NaN,NaN,NaN,NaN,
18.582,0.00965,-0.01705,0.13017,-0.49414,0.02727,-0.29949,0.81571,NaN,NaN,NaN,NaN,NaN,NaN,NaN,NaN,NaN,NaN,NaN,NaN,NaN,NaN,NaN,NaN,NaN,NaN,NaN,NaN,NaN,
18.607,0.00975,-0.01698,0.13005,-0.49486,0.02758,-0.29882,0.81551,NaN,NaN,NaN,NaN,NaN,NaN,NaN,NaN,NaN,NaN,NaN,NaN,NaN,NaN,NaN,NaN,NaN,NaN,NaN,NaN,NaN,
18.632,0.00997,-0.01692,0.12995,-0.49542,0.02900,-0.29913,0.81501,NaN,NaN,NaN,NaN,NaN,NaN,NaN,NaN,NaN,NaN,NaN,NaN,NaN,NaN,NaN,NaN,NaN,NaN,NaN,NaN,NaN,
18.657,0.01005,-0.01705,0.12996,-0.49496,0.02952,-0.30005,0.81493,NaN,NaN,NaN,NaN,NaN,NaN,NaN,NaN,NaN,NaN,NaN,NaN,NaN,NaN,NaN,NaN,NaN,NaN,NaN,NaN,NaN,
18.682,0.01011,-0.01699,0.12996,-0.49512,0.02967,-0.29996,0.81486,NaN,NaN,NaN,NaN,NaN,NaN,NaN,NaN,NaN,NaN,NaN,NaN,NaN,NaN,NaN,NaN,NaN,NaN,NaN,NaN,NaN,
18.707,0.01015,-0.01710,0.13009,-0.49445,0.02980,-0.30086,0.81493,NaN,NaN,NaN,NaN,NaN,NaN,NaN,NaN,NaN,NaN,NaN,NaN,NaN,NaN,NaN,NaN,NaN,NaN,NaN,NaN,NaN,
18.732,0.01023,-0.01722,0.13018,-0.49378,0.02971,-0.30162,0.81506,NaN,NaN,NaN,NaN,NaN,NaN,NaN,NaN,NaN,NaN,NaN,NaN,NaN,NaN,NaN,NaN,NaN,NaN,NaN,NaN,NaN,
18.757,0.01023,-0.01728,0.13028,-0.49311,0.02963,-0.30238,0.81519,NaN,NaN,NaN,NaN,NaN,NaN,NaN,NaN,NaN,NaN,NaN,NaN,NaN,NaN,NaN,NaN,NaN,NaN,NaN,NaN,NaN,
18.782,0.01041,-0.01723,0.13035,-0.49319,0.03038,-0.30280,0.81495,NaN,NaN,NaN,NaN,NaN,NaN,NaN,NaN,NaN,NaN,NaN,NaN,NaN,NaN,NaN,NaN,NaN,NaN,NaN,NaN,NaN,
18.807,0.01046,-0.01716,0.13030,-0.49388,0.03028,-0.30189,0.81488,NaN,NaN,NaN,NaN,NaN,NaN,NaN,NaN,NaN,NaN,NaN,NaN,NaN,NaN,NaN,NaN,NaN,NaN,NaN,NaN,NaN,
18.832,0.01058,-0.01725,0.13051,-0.49417,0.03180,-0.30259,0.81439,NaN,NaN,NaN,NaN,NaN,NaN,NaN,NaN,NaN,NaN,NaN,NaN,NaN,NaN,NaN,NaN,NaN,NaN,NaN,NaN,NaN,
18.857,0.01060,-0.01731,0.13059,-0.49409,0.03198,-0.30280,0.81435,NaN,NaN,NaN,NaN,NaN,NaN,NaN,NaN,NaN,NaN,NaN,NaN,NaN,NaN,NaN,NaN,NaN,NaN,NaN,NaN,NaN,
18.882,0.01067,-0.01727,0.13059,-0.49469,0.03242,-0.30238,0.81413,NaN,NaN,NaN,NaN,NaN,NaN,NaN,NaN,NaN,NaN,NaN,NaN,NaN,NaN,NaN,NaN,NaN,NaN,NaN,NaN,NaN,
18.907,0.01086,-0.01729,0.13073,-0.49554,0.03447,-0.30275,0.81339,NaN,NaN,NaN,NaN,NaN,NaN,NaN,NaN,NaN,NaN,NaN,NaN,NaN,NaN,NaN,NaN,NaN,NaN,NaN,NaN,NaN,
18.932,0.01101,-0.01745,0.13098,-0.49610,0.03681,-0.30366,0.81260,NaN,NaN,NaN,NaN,NaN,NaN,NaN,NaN,NaN,NaN,NaN,NaN,NaN,NaN,NaN,NaN,NaN,NaN,NaN,NaN,NaN,
18.957,0.01107,-0.01740,0.13084,-0.49565,0.03571,-0.30347,0.81300,NaN,NaN,NaN,NaN,NaN,NaN,NaN,NaN,NaN,NaN,NaN,NaN,NaN,NaN,NaN,NaN,NaN,NaN,NaN,NaN,NaN,
18.982,0.01114,-0.01732,0.13085,-0.49606,0.03635,-0.30341,0.81274,NaN,NaN,NaN,NaN,NaN,NaN,NaN,NaN,NaN,NaN,NaN,NaN,NaN,NaN,NaN,NaN,NaN,NaN,NaN,NaN,NaN,
19.007,0.01125,-0.01727,0.13090,-0.49689,0.03769,-0.30330,0.81221,NaN,NaN,NaN,NaN,NaN,NaN,NaN,NaN,NaN,NaN,NaN,NaN,NaN,NaN,NaN,NaN,NaN,NaN,NaN,NaN,NaN,
19.032,0.01143,-0.01713,0.13086,-0.49793,0.03930,-0.30313,0.81156,NaN,NaN,NaN,NaN,NaN,NaN,NaN,NaN,NaN,NaN,NaN,NaN,NaN,NaN,NaN,NaN,NaN,NaN,NaN,NaN,NaN,
19.057,0.01166,-0.01700,0.13074,-0.49909,0.04075,-0.30270,0.81094,NaN,NaN,NaN,NaN,NaN,NaN,NaN,NaN,NaN,NaN,NaN,NaN,NaN,NaN,NaN,NaN,NaN,NaN,NaN,NaN,NaN,
19.082,0.01181,-0.01703,0.13081,-0.49977,0.04234,-0.30294,0.81035,NaN,NaN,NaN,NaN,NaN,NaN,NaN,NaN,NaN,NaN,NaN,NaN,NaN,NaN,NaN,NaN,NaN,NaN,NaN,NaN,NaN,
19.107,0.01185,-0.01699,0.13080,-0.49982,0.04215,-0.30275,0.81040,NaN,NaN,NaN,NaN,NaN,NaN,NaN,NaN,NaN,NaN,NaN,NaN,NaN,NaN,NaN,NaN,NaN,NaN,NaN,NaN,NaN,
19.132,0.01188,-0.01691,0.13072,0.50012,-0.04197,0.30227,-0.81041,NaN,NaN,NaN,NaN,NaN,NaN,NaN,NaN,NaN,NaN,NaN,NaN,NaN,NaN,NaN,NaN,NaN,NaN,NaN,NaN,NaN,
19.157,0.01206,-0.01689,0.13062,0.50061,-0.04288,0.30228,-0.81005,NaN,NaN,NaN,NaN,NaN,NaN,NaN,NaN,NaN,NaN,NaN,NaN,NaN,NaN,NaN,NaN,NaN,NaN,NaN,NaN,NaN,
19.182,0.01230,-0.01670,0.13049,0.50223,-0.04569,0.30219,-0.80892,NaN,NaN,NaN,NaN,NaN,NaN,NaN,NaN,NaN,NaN,NaN,NaN,NaN,NaN,NaN,NaN,NaN,NaN,NaN,NaN,NaN,
19.207,0.01257,-0.01660,0.13049,0.50390,-0.04917,0.30248,-0.80757,NaN,NaN,NaN,NaN,NaN,NaN,NaN,NaN,NaN,NaN,NaN,NaN,NaN,NaN,NaN,NaN,NaN,NaN,NaN,NaN,NaN,
19.232,0.01270,-0.01644,0.13035,0.50546,-0.05056,0.30150,-0.80688,NaN,NaN,NaN,NaN,NaN,NaN,NaN,NaN,NaN,NaN,NaN,NaN,NaN,NaN,NaN,NaN,NaN,NaN,NaN,NaN,NaN,
19.257,0.01296,-0.01630,0.13020,0.50657,-0.05214,0.30119,-0.80620,NaN,NaN,NaN,NaN,NaN,NaN,NaN,NaN,NaN,NaN,NaN,NaN,NaN,NaN,NaN,NaN,NaN,NaN,NaN,NaN,NaN,
19.282,0.01301,-0.01631,0.13013,0.50603,-0.05215,0.30186,-0.80628,NaN,NaN,NaN,NaN,NaN,NaN,NaN,NaN,NaN,NaN,NaN,NaN,NaN,NaN,NaN,NaN,NaN,NaN,NaN,NaN,NaN,
19.307,0.01304,-0.01619,0.12994,0.50555,-0.05120,0.30182,-0.80666,NaN,NaN,NaN,NaN,NaN,NaN,NaN,NaN,NaN,NaN,NaN,NaN,NaN,NaN,NaN,NaN,NaN,NaN,NaN,NaN,NaN,
19.332,0.01312,-0.01607,0.12990,0.50693,-0.05302,0.30133,-0.80586,NaN,NaN,NaN,NaN,NaN,NaN,NaN,NaN,NaN,NaN,NaN,NaN,NaN,NaN,NaN,NaN,NaN,NaN,NaN,NaN,NaN,
19.357,0.01328,-0.01603,0.12985,0.50847,-0.05521,0.30089,-0.80491,NaN,NaN,NaN,NaN,NaN,NaN,NaN,NaN,NaN,NaN,NaN,NaN,NaN,NaN,NaN,NaN,NaN,NaN,NaN,NaN,NaN,
19.382,0.01343,-0.01585,0.12970,0.50984,-0.05660,0.30012,-0.80423,NaN,NaN,NaN,NaN,NaN,NaN,NaN,NaN,NaN,NaN,NaN,NaN,NaN,NaN,NaN,NaN,NaN,NaN,NaN,NaN,NaN,
19.407,0.01349,-0.01570,0.12966,0.51097,-0.05810,0.29972,-0.80355,NaN,NaN,NaN,NaN,NaN,NaN,NaN,NaN,NaN,NaN,NaN,NaN,NaN,NaN,NaN,NaN,NaN,NaN,NaN,NaN,NaN,
19.432,0.01359,-0.01569,0.12966,0.51150,-0.05889,0.29959,-0.80321,NaN,NaN,NaN,NaN,NaN,NaN,NaN,NaN,NaN,NaN,NaN,NaN,NaN,NaN,NaN,NaN,NaN,NaN,NaN,NaN,NaN,
19.457,0.01364,-0.01568,0.12965,0.51170,-0.05893,0.29936,-0.80316,NaN,NaN,NaN,NaN,NaN,NaN,NaN,NaN,NaN,NaN,NaN,NaN,NaN,NaN,NaN,NaN,NaN,NaN,NaN,NaN,NaN,
19.482,0.01357,-0.01574,0.12966,0.51193,-0.05941,0.29940,-0.80297,NaN,NaN,NaN,NaN,NaN,NaN,NaN,NaN,NaN,NaN,NaN,NaN,NaN,NaN,NaN,NaN,NaN,NaN,NaN,NaN,NaN,
19.507,0.01360,-0.01560,0.12950,0.51231,-0.05889,0.29858,-0.80307,NaN,NaN,NaN,NaN,NaN,NaN,NaN,NaN,NaN,NaN,NaN,NaN,NaN,NaN,NaN,NaN,NaN,NaN,NaN,NaN,NaN,
19.532,0.01369,-0.01555,0.12954,0.51320,-0.06029,0.29841,-0.80246,NaN,NaN,NaN,NaN,NaN,NaN,NaN,NaN,NaN,NaN,NaN,NaN,NaN,NaN,NaN,NaN,NaN,NaN,NaN,NaN,NaN,
19.557,0.01378,-0.01537,0.12959,0.51566,-0.06206,0.29652,-0.80145,NaN,NaN,NaN,NaN,NaN,NaN,NaN,NaN,NaN,NaN,NaN,NaN,NaN,NaN,NaN,NaN,NaN,NaN,NaN,NaN,NaN,
19.582,0.01403,-0.01490,0.12950,0.51798,-0.06479,0.29543,-0.80014,NaN,NaN,NaN,NaN,NaN,NaN,NaN,NaN,NaN,NaN,NaN,NaN,NaN,NaN,NaN,NaN,NaN,NaN,NaN,NaN,NaN,
19.607,0.01455,-0.01473,0.12937,0.51936,-0.06905,0.29650,-0.79849,NaN,NaN,NaN,NaN,NaN,NaN,NaN,NaN,NaN,NaN,NaN,NaN,NaN,NaN,NaN,NaN,NaN,NaN,NaN,NaN,NaN,
19.632,0.01469,-0.01459,0.12932,0.51983,-0.07013,0.29662,-0.79805,NaN,NaN,NaN,NaN,NaN,NaN,NaN,NaN,NaN,NaN,NaN,NaN,NaN,NaN,NaN,NaN,NaN,NaN,NaN,NaN,NaN,
19.657,0.01468,-0.01455,0.12930,0.52100,-0.07108,0.29577,-0.79751,NaN,NaN,NaN,NaN,NaN,NaN,NaN,NaN,NaN,NaN,NaN,NaN,NaN,NaN,NaN,NaN,NaN,NaN,NaN,NaN,NaN,
19.682,0.01467,-0.01444,0.12929,0.52213,-0.07196,0.29493,-0.79701,NaN,NaN,NaN,NaN,NaN,NaN,NaN,NaN,NaN,NaN,NaN,NaN,NaN,NaN,NaN,NaN,NaN,NaN,NaN,NaN,NaN,
19.707,0.01465,-0.01427,0.12934,0.52369,-0.07322,0.29380,-0.79629,NaN,NaN,NaN,NaN,NaN,NaN,NaN,NaN,NaN,NaN,NaN,NaN,NaN,NaN,NaN,NaN,NaN,NaN,NaN,NaN,NaN,
19.732,0.01463,-0.01416,0.12936,0.52483,-0.07408,0.29291,-0.79578,NaN,NaN,NaN,NaN,NaN,NaN,NaN,NaN,NaN,NaN,NaN,NaN,NaN,NaN,NaN,NaN,NaN,NaN,NaN,NaN,NaN,
19.757,0.01468,-0.01404,0.12934,0.52484,-0.07436,0.29309,-0.79569,NaN,NaN,NaN,NaN,NaN,NaN,NaN,NaN,NaN,NaN,NaN,NaN,NaN,NaN,NaN,NaN,NaN,NaN,NaN,NaN,NaN,
19.782,0.01467,-0.01390,0.12932,0.52566,-0.07486,0.29237,-0.79536,NaN,NaN,NaN,NaN,NaN,NaN,NaN,NaN,NaN,NaN,NaN,NaN,NaN,NaN,NaN,NaN,NaN,NaN,NaN,NaN,NaN,
19.807,0.01473,-0.01385,0.12933,0.52629,-0.07591,0.29226,-0.79488,NaN,NaN,NaN,NaN,NaN,NaN,NaN,NaN,NaN,NaN,NaN,NaN,NaN,NaN,NaN,NaN,NaN,NaN,NaN,NaN,NaN,
19.832,0.01473,-0.01376,0.12928,0.52601,-0.07592,0.29262,-0.79494,NaN,NaN,NaN,NaN,NaN,NaN,NaN,NaN,NaN,NaN,NaN,NaN,NaN,NaN,NaN,NaN,NaN,NaN,NaN,NaN,NaN,
19.857,0.01473,-0.01376,0.12916,0.52616,-0.07560,0.29223,-0.79501,NaN,NaN,NaN,NaN,NaN,NaN,NaN,NaN,NaN,NaN,NaN,NaN,NaN,NaN,NaN,NaN,NaN,NaN,NaN,NaN,NaN,
19.882,0.01476,-0.01366,0.12916,0.52656,-0.07626,0.29215,-0.79471,NaN,NaN,NaN,NaN,NaN,NaN,NaN,NaN,NaN,NaN,NaN,NaN,NaN,NaN,NaN,NaN,NaN,NaN,NaN,NaN,NaN,
19.907,0.01477,-0.01357,0.12911,0.52667,-0.07636,0.29207,-0.79466,NaN,NaN,NaN,NaN,NaN,NaN,NaN,NaN,NaN,NaN,NaN,NaN,NaN,NaN,NaN,NaN,NaN,NaN,NaN,NaN,NaN,
19.932,0.01474,-0.01359,0.12922,0.52704,-0.07734,0.29225,-0.79426,NaN,NaN,NaN,NaN,NaN,NaN,NaN,NaN,NaN,NaN,NaN,NaN,NaN,NaN,NaN,NaN,NaN,NaN,NaN,NaN,NaN,
19.957,0.01464,-0.01361,0.12924,0.52772,-0.07817,0.29192,-0.79384,NaN,NaN,NaN,NaN,NaN,NaN,NaN,NaN,NaN,NaN,NaN,NaN,NaN,NaN,NaN,NaN,NaN,NaN,NaN,NaN,NaN,
19.982,0.01481,-0.01339,0.12910,0.52839,-0.07786,0.29087,-0.79381,NaN,NaN,NaN,NaN,NaN,NaN,NaN,NaN,NaN,NaN,NaN,NaN,NaN,NaN,NaN,NaN,NaN,NaN,NaN,NaN,NaN,
20.007,0.01481,-0.01335,0.12917,0.52915,-0.07895,0.29061,-0.79329,NaN,NaN,NaN,NaN,NaN,NaN,NaN,NaN,NaN,NaN,NaN,NaN,NaN,NaN,NaN,NaN,NaN,NaN,NaN,NaN,NaN,
20.032,0.01479,-0.01338,0.12920,0.52923,-0.07946,0.29084,-0.79310,NaN,NaN,NaN,NaN,NaN,NaN,NaN,NaN,NaN,NaN,NaN,NaN,NaN,NaN,NaN,NaN,NaN,NaN,NaN,NaN,NaN,
20.057,0.01480,-0.01337,0.12935,0.52947,-0.08085,0.29143,-0.79258,NaN,NaN,NaN,NaN,NaN,NaN,NaN,NaN,NaN,NaN,NaN,NaN,NaN,NaN,NaN,NaN,NaN,NaN,NaN,NaN,NaN,
20.082,0.01474,-0.01329,0.12936,0.52939,-0.08020,0.29111,-0.79282,NaN,NaN,NaN,NaN,NaN,NaN,NaN,NaN,NaN,NaN,NaN,NaN,NaN,NaN,NaN,NaN,NaN,NaN,NaN,NaN,NaN,
20.107,0.01476,-0.01336,0.12950,0.52951,-0.08080,0.29135,-0.79259,NaN,NaN,NaN,NaN,NaN,NaN,NaN,NaN,NaN,NaN,NaN,NaN,NaN,NaN,NaN,NaN,NaN,NaN,NaN,NaN,NaN,
20.132,0.01474,-0.01336,0.12953,0.52957,-0.08050,0.29108,-0.79268,NaN,NaN,NaN,NaN,NaN,NaN,NaN,NaN,NaN,NaN,NaN,NaN,NaN,NaN,NaN,NaN,NaN,NaN,NaN,NaN,NaN,
20.157,0.01478,-0.01334,0.12962,0.52933,-0.08054,0.29141,-0.79272,NaN,NaN,NaN,NaN,NaN,NaN,NaN,NaN,NaN,NaN,NaN,NaN,NaN,NaN,NaN,NaN,NaN,NaN,NaN,NaN,NaN,
20.182,0.01480,-0.01338,0.12969,0.52913,-0.08035,0.29155,-0.79282,NaN,NaN,NaN,NaN,NaN,NaN,NaN,NaN,NaN,NaN,NaN,NaN,NaN,NaN,NaN,NaN,NaN,NaN,NaN,NaN,NaN,
20.208,0.01472,-0.01350,0.12984,0.52891,-0.08068,0.29204,-0.79275,NaN,NaN,NaN,NaN,NaN,NaN,NaN,NaN,NaN,NaN,NaN,NaN,NaN,NaN,NaN,NaN,NaN,NaN,NaN,NaN,NaN,
20.232,0.01472,-0.01350,0.12998,0.52835,-0.08092,0.29289,-0.79278,NaN,NaN,NaN,NaN,NaN,NaN,NaN,NaN,NaN,NaN,NaN,NaN,NaN,NaN,NaN,NaN,NaN,NaN,NaN,NaN,NaN,
20.257,0.01476,-0.01348,0.13003,0.52761,-0.08016,0.29334,-0.79319,NaN,NaN,NaN,NaN,NaN,NaN,NaN,NaN,NaN,NaN,NaN,NaN,NaN,NaN,NaN,NaN,NaN,NaN,NaN,NaN,NaN,
20.282,0.01471,-0.01361,0.13015,0.52656,-0.07971,0.29437,-0.79355,NaN,NaN,NaN,NaN,NaN,NaN,NaN,NaN,NaN,NaN,NaN,NaN,NaN,NaN,NaN,NaN,NaN,NaN,NaN,NaN,NaN,
20.307,0.01469,-0.01366,0.13018,0.52577,-0.07882,0.29480,-0.79401,NaN,NaN,NaN,NaN,NaN,NaN,NaN,NaN,NaN,NaN,NaN,NaN,NaN,NaN,NaN,NaN,NaN,NaN,NaN,NaN,NaN,
20.332,0.01460,-0.01378,0.13031,0.52521,-0.07852,0.29532,-0.79422,NaN,NaN,NaN,NaN,NaN,NaN,NaN,NaN,NaN,NaN,NaN,NaN,NaN,NaN,NaN,NaN,NaN,NaN,NaN,NaN,NaN,
20.357,0.01469,-0.01380,0.13039,0.52467,-0.07845,0.29594,-0.79434,NaN,NaN,NaN,NaN,NaN,NaN,NaN,NaN,NaN,NaN,NaN,NaN,NaN,NaN,NaN,NaN,NaN,NaN,NaN,NaN,NaN,
20.382,0.01467,-0.01374,0.13037,0.52434,-0.07753,0.29576,-0.79472,NaN,NaN,NaN,NaN,NaN,NaN,NaN,NaN,NaN,NaN,NaN,NaN,NaN,NaN,NaN,NaN,NaN,NaN,NaN,NaN,NaN,
20.407,0.01467,-0.01376,0.13040,0.52439,-0.07758,0.29574,-0.79469,NaN,NaN,NaN,NaN,NaN,NaN,NaN,NaN,NaN,NaN,NaN,NaN,NaN,NaN,NaN,NaN,NaN,NaN,NaN,NaN,NaN,
20.432,0.01467,-0.01373,0.13045,0.52430,-0.07773,0.29594,-0.79466,NaN,NaN,NaN,NaN,NaN,NaN,NaN,NaN,NaN,NaN,NaN,NaN,NaN,NaN,NaN,NaN,NaN,NaN,NaN,NaN,NaN,
20.457,0.01475,-0.01373,0.13044,0.52418,-0.07753,0.29597,-0.79475,NaN,NaN,NaN,NaN,NaN,NaN,NaN,NaN,NaN,NaN,NaN,NaN,NaN,NaN,NaN,NaN,NaN,NaN,NaN,NaN,NaN,
20.482,0.01472,-0.01372,0.13044,0.52419,-0.07760,0.29600,-0.79473,NaN,NaN,NaN,NaN,NaN,NaN,NaN,NaN,NaN,NaN,NaN,NaN,NaN,NaN,NaN,NaN,NaN,NaN,NaN,NaN,NaN,
20.507,0.01474,-0.01370,0.13038,0.52451,-0.07767,0.29564,-0.79464,NaN,NaN,NaN,NaN,NaN,NaN,NaN,NaN,NaN,NaN,NaN,NaN,NaN,NaN,NaN,NaN,NaN,NaN,NaN,NaN,NaN,
20.532,0.01470,-0.01372,0.13035,0.52455,-0.07760,0.29555,-0.79466,NaN,NaN,NaN,NaN,NaN,NaN,NaN,NaN,NaN,NaN,NaN,NaN,NaN,NaN,NaN,NaN,NaN,NaN,NaN,NaN,NaN,
20.557,0.01469,-0.01374,0.13037,0.52438,-0.07750,0.29570,-0.79472,NaN,NaN,NaN,NaN,NaN,NaN,NaN,NaN,NaN,NaN,NaN,NaN,NaN,NaN,NaN,NaN,NaN,NaN,NaN,NaN,NaN,
20.582,0.01469,-0.01375,0.13038,0.52407,-0.07736,0.29599,-0.79483,NaN,NaN,NaN,NaN,NaN,NaN,NaN,NaN,NaN,NaN,NaN,NaN,NaN,NaN,NaN,NaN,NaN,NaN,NaN,NaN,NaN,
20.607,0.01468,-0.01377,0.13039,0.52392,-0.07744,0.29624,-0.79483,NaN,NaN,NaN,NaN,NaN,NaN,NaN,NaN,NaN,NaN,NaN,NaN,NaN,NaN,NaN,NaN,NaN,NaN,NaN,NaN,NaN,
20.632,0.01482,-0.01352,0.13015,0.52400,-0.07705,0.29588,-0.79495,NaN,NaN,NaN,NaN,NaN,NaN,NaN,NaN,NaN,NaN,NaN,NaN,NaN,NaN,NaN,NaN,NaN,NaN,NaN,NaN,NaN,
20.657,0.01472,-0.01315,0.13021,0.52825,-0.07949,0.29211,-0.79329,NaN,NaN,NaN,NaN,NaN,NaN,NaN,NaN,NaN,NaN,NaN,NaN,NaN,NaN,NaN,NaN,NaN,NaN,NaN,NaN,NaN,
20.682,0.01477,-0.01296,0.13019,0.53080,-0.08121,0.28998,-0.79219,NaN,NaN,NaN,NaN,NaN,NaN,NaN,NaN,NaN,NaN,NaN,NaN,NaN,NaN,NaN,NaN,NaN,NaN,NaN,NaN,NaN,
20.707,0.01476,-0.01273,0.12997,0.53223,-0.08119,0.28815,-0.79190,NaN,NaN,NaN,NaN,NaN,NaN,NaN,NaN,NaN,NaN,NaN,NaN,NaN,NaN,NaN,NaN,NaN,NaN,NaN,NaN,NaN,
20.732,0.01483,-0.01260,0.12984,0.53371,-0.08170,0.28660,-0.79142,NaN,NaN,NaN,NaN,NaN,NaN,NaN,NaN,NaN,NaN,NaN,NaN,NaN,NaN,NaN,NaN,NaN,NaN,NaN,NaN,NaN,
20.757,0.01490,-0.01256,0.12985,0.53280,-0.08066,0.28708,-0.79196,NaN,NaN,NaN,NaN,NaN,NaN,NaN,NaN,NaN,NaN,NaN,NaN,NaN,NaN,NaN,NaN,NaN,NaN,NaN,NaN,NaN,
20.782,0.01475,-0.01258,0.12990,0.53256,-0.08036,0.28719,-0.79211,NaN,NaN,NaN,NaN,NaN,NaN,NaN,NaN,NaN,NaN,NaN,NaN,NaN,NaN,NaN,NaN,NaN,NaN,NaN,NaN,NaN,
20.807,0.01477,-0.01262,0.13000,0.53224,-0.08041,0.28763,-0.79216,NaN,NaN,NaN,NaN,NaN,NaN,NaN,NaN,NaN,NaN,NaN,NaN,NaN,NaN,NaN,NaN,NaN,NaN,NaN,NaN,NaN,
20.832,0.01477,-0.01260,0.12995,0.53219,-0.07982,0.28731,-0.79237,NaN,NaN,NaN,NaN,NaN,NaN,NaN,NaN,NaN,NaN,NaN,NaN,NaN,NaN,NaN,NaN,NaN,NaN,NaN,NaN,NaN,
20.857,0.01491,-0.01249,0.12993,0.53237,-0.08002,0.28721,-0.79227,NaN,NaN,NaN,NaN,NaN,NaN,NaN,NaN,NaN,NaN,NaN,NaN,NaN,NaN,NaN,NaN,NaN,NaN,NaN,NaN,NaN,
20.882,0.01505,-0.01239,0.12981,0.53353,-0.08148,0.28669,-0.79153,NaN,NaN,NaN,NaN,NaN,NaN,NaN,NaN,NaN,NaN,NaN,NaN,NaN,NaN,NaN,NaN,NaN,NaN,NaN,NaN,NaN,
20.907,0.01521,-0.01232,0.12987,0.53465,-0.08370,0.28668,-0.79054,NaN,NaN,NaN,NaN,NaN,NaN,NaN,NaN,NaN,NaN,NaN,NaN,NaN,NaN,NaN,NaN,NaN,NaN,NaN,NaN,NaN,
20.932,0.01527,-0.01227,0.12999,0.53497,-0.08455,0.28682,-0.79018,NaN,NaN,NaN,NaN,NaN,NaN,NaN,NaN,NaN,NaN,NaN,NaN,NaN,NaN,NaN,NaN,NaN,NaN,NaN,NaN,NaN,
20.957,0.01534,-0.01226,0.13002,0.53572,-0.08557,0.28652,-0.78967,NaN,NaN,NaN,NaN,NaN,NaN,NaN,NaN,NaN,NaN,NaN,NaN,NaN,NaN,NaN,NaN,NaN,NaN,NaN,NaN,NaN,
20.982,0.01541,-0.01221,0.13014,0.53657,-0.08685,0.28625,-0.78906,NaN,NaN,NaN,NaN,NaN,NaN,NaN,NaN,NaN,NaN,NaN,NaN,NaN,NaN,NaN,NaN,NaN,NaN,NaN,NaN,NaN,
21.007,0.01560,-0.01206,0.13024,0.53745,-0.08827,0.28603,-0.78838,NaN,NaN,NaN,NaN,NaN,NaN,NaN,NaN,NaN,NaN,NaN,NaN,NaN,NaN,NaN,NaN,NaN,NaN,NaN,NaN,NaN,
21.032,0.01570,-0.01198,0.13032,0.53802,-0.08906,0.28581,-0.78798,NaN,NaN,NaN,NaN,NaN,NaN,NaN,NaN,NaN,NaN,NaN,NaN,NaN,NaN,NaN,NaN,NaN,NaN,NaN,NaN,NaN,
21.057,0.01588,-0.01194,0.13045,0.53882,-0.09046,0.28568,-0.78732,NaN,NaN,NaN,NaN,NaN,NaN,NaN,NaN,NaN,NaN,NaN,NaN,NaN,NaN,NaN,NaN,NaN,NaN,NaN,NaN,NaN,
21.082,0.01606,-0.01190,0.13049,0.53920,-0.09093,0.28549,-0.78707,NaN,NaN,NaN,NaN,NaN,NaN,NaN,NaN,NaN,NaN,NaN,NaN,NaN,NaN,NaN,NaN,NaN,NaN,NaN,NaN,NaN,
21.107,0.01608,-0.01193,0.13061,0.53904,-0.09171,0.28619,-0.78684,NaN,NaN,NaN,NaN,NaN,NaN,NaN,NaN,NaN,NaN,NaN,NaN,NaN,NaN,NaN,NaN,NaN,NaN,NaN,NaN,NaN,
21.132,0.01616,-0.01193,0.13073,0.53952,-0.09296,0.28638,-0.78630,NaN,NaN,NaN,NaN,NaN,NaN,NaN,NaN,NaN,NaN,NaN,NaN,NaN,NaN,NaN,NaN,NaN,NaN,NaN,NaN,NaN,
21.157,0.01623,-0.01195,0.13082,0.53976,-0.09351,0.28641,-0.78605,NaN,NaN,NaN,NaN,NaN,NaN,NaN,NaN,NaN,NaN,NaN,NaN,NaN,NaN,NaN,NaN,NaN,NaN,NaN,NaN,NaN,
21.182,0.01633,-0.01181,0.13080,0.54026,-0.09368,0.28588,-0.78589,NaN,NaN,NaN,NaN,NaN,NaN,NaN,NaN,NaN,NaN,NaN,NaN,NaN,NaN,NaN,NaN,NaN,NaN,NaN,NaN,NaN,
21.209,0.01650,-0.01177,0.13086,0.54095,-0.09484,0.28573,-0.78533,NaN,NaN,NaN,NaN,NaN,NaN,NaN,NaN,NaN,NaN,NaN,NaN,NaN,NaN,NaN,NaN,NaN,NaN,NaN,NaN,NaN,
21.232,0.01651,-0.01177,0.13087,0.54178,-0.09599,0.28539,-0.78474,NaN,NaN,NaN,NaN,NaN,NaN,NaN,NaN,NaN,NaN,NaN,NaN,NaN,NaN,NaN,NaN,NaN,NaN,NaN,NaN,NaN,
21.257,0.01656,-0.01166,0.13091,0.54234,-0.09719,0.28543,-0.78419,NaN,NaN,NaN,NaN,NaN,NaN,NaN,NaN,NaN,NaN,NaN,NaN,NaN,NaN,NaN,NaN,NaN,NaN,NaN,NaN,NaN,
21.282,0.01671,-0.01149,0.13087,0.54311,-0.09766,0.28473,-0.78385,NaN,NaN,NaN,NaN,NaN,NaN,NaN,NaN,NaN,NaN,NaN,NaN,NaN,NaN,NaN,NaN,NaN,NaN,NaN,NaN,NaN,
21.307,0.01680,-0.01141,0.13079,0.54366,-0.09825,0.28439,-0.78352,NaN,NaN,NaN,NaN,NaN,NaN,NaN,NaN,NaN,NaN,NaN,NaN,NaN,NaN,NaN,NaN,NaN,NaN,NaN,NaN,NaN,
21.332,0.01685,-0.01148,0.13071,0.54392,-0.09924,0.28468,-0.78311,NaN,NaN,NaN,NaN,NaN,NaN,NaN,NaN,NaN,NaN,NaN,NaN,NaN,NaN,NaN,NaN,NaN,NaN,NaN,NaN,NaN,
21.357,0.01694,-0.01136,0.13061,0.54385,-0.09901,0.28462,-0.78321,NaN,NaN,NaN,NaN,NaN,NaN,NaN,NaN,NaN,NaN,NaN,NaN,NaN,NaN,NaN,NaN,NaN,NaN,NaN,NaN,NaN,
21.382,0.01698,-0.01129,0.13050,0.54466,-0.09968,0.28400,-0.78278,NaN,NaN,NaN,NaN,NaN,NaN,NaN,NaN,NaN,NaN,NaN,NaN,NaN,NaN,NaN,NaN,NaN,NaN,NaN,NaN,NaN,
21.407,0.01701,-0.01120,0.13042,0.54592,-0.10079,0.28307,-0.78210,NaN,NaN,NaN,NaN,NaN,NaN,NaN,NaN,NaN,NaN,NaN,NaN,NaN,NaN,NaN,NaN,NaN,NaN,NaN,NaN,NaN,
21.432,0.01706,-0.01113,0.13038,0.54691,-0.10212,0.28263,-0.78140,NaN,NaN,NaN,NaN,NaN,NaN,NaN,NaN,NaN,NaN,NaN,NaN,NaN,NaN,NaN,NaN,NaN,NaN,NaN,NaN,NaN,
21.457,0.01718,-0.01084,0.13021,0.54805,-0.10276,0.28154,-0.78091,NaN,NaN,NaN,NaN,NaN,NaN,NaN,NaN,NaN,NaN,NaN,NaN,NaN,NaN,NaN,NaN,NaN,NaN,NaN,NaN,NaN,
21.482,0.01730,-0.01085,0.13018,0.54860,-0.10484,0.28214,-0.78003,NaN,NaN,NaN,NaN,NaN,NaN,NaN,NaN,NaN,NaN,NaN,NaN,NaN,NaN,NaN,NaN,NaN,NaN,NaN,NaN,NaN,
21.507,0.01727,-0.01083,0.13004,0.54809,-0.10434,0.28248,-0.78033,NaN,NaN,NaN,NaN,NaN,NaN,NaN,NaN,NaN,NaN,NaN,NaN,NaN,NaN,NaN,NaN,NaN,NaN,NaN,NaN,NaN,
21.532,0.01742,-0.01073,0.12985,0.54823,-0.10386,0.28201,-0.78047,NaN,NaN,NaN,NaN,NaN,NaN,NaN,NaN,NaN,NaN,NaN,NaN,NaN,NaN,NaN,NaN,NaN,NaN,NaN,NaN,NaN,
21.557,0.01740,-0.01069,0.12975,0.54927,-0.10504,0.28139,-0.77980,NaN,NaN,NaN,NaN,NaN,NaN,NaN,NaN,NaN,NaN,NaN,NaN,NaN,NaN,NaN,NaN,NaN,NaN,NaN,NaN,NaN,
21.582,0.01743,-0.01060,0.12968,0.55035,-0.10642,0.28084,-0.77905,NaN,NaN,NaN,NaN,NaN,NaN,NaN,NaN,NaN,NaN,NaN,NaN,NaN,NaN,NaN,NaN,NaN,NaN,NaN,NaN,NaN,
21.607,0.01756,-0.01038,0.12950,0.55139,-0.10682,0.27974,-0.77865,NaN,NaN,NaN,NaN,NaN,NaN,NaN,NaN,NaN,NaN,NaN,NaN,NaN,NaN,NaN,NaN,NaN,NaN,NaN,NaN,NaN,
21.632,0.01757,-0.01032,0.12942,0.55236,-0.10772,0.27903,-0.77810,NaN,NaN,NaN,NaN,NaN,NaN,NaN,NaN,NaN,NaN,NaN,NaN,NaN,NaN,NaN,NaN,NaN,NaN,NaN,NaN,NaN,
21.657,0.01765,-0.01023,0.12940,0.55323,-0.10875,0.27855,-0.77751,NaN,NaN,NaN,NaN,NaN,NaN,NaN,NaN,NaN,NaN,NaN,NaN,NaN,NaN,NaN,NaN,NaN,NaN,NaN,NaN,NaN,
21.682,0.01771,-0.01021,0.12946,0.55325,-0.10935,0.27889,-0.77729,NaN,NaN,NaN,NaN,NaN,NaN,NaN,NaN,NaN,NaN,NaN,NaN,NaN,NaN,NaN,NaN,NaN,NaN,NaN,NaN,NaN,
21.707,0.01770,-0.01017,0.12942,0.55320,-0.10903,0.27876,-0.77742,NaN,NaN,NaN,NaN,NaN,NaN,NaN,NaN,NaN,NaN,NaN,NaN,NaN,NaN,NaN,NaN,NaN,NaN,NaN,NaN,NaN,
21.732,0.01770,-0.01017,0.12940,0.55334,-0.10886,0.27847,-0.77744,NaN,NaN,NaN,NaN,NaN,NaN,NaN,NaN,NaN,NaN,NaN,NaN,NaN,NaN,NaN,NaN,NaN,NaN,NaN,NaN,NaN,
21.757,0.01773,-0.01017,0.12937,0.55378,-0.10901,0.27799,-0.77728,NaN,NaN,NaN,NaN,NaN,NaN,NaN,NaN,NaN,NaN,NaN,NaN,NaN,NaN,NaN,NaN,NaN,NaN,NaN,NaN,NaN,
21.782,0.01770,-0.01017,0.12944,0.55403,-0.10949,0.27796,-0.77705,NaN,NaN,NaN,NaN,NaN,NaN,NaN,NaN,NaN,NaN,NaN,NaN,NaN,NaN,NaN,NaN,NaN,NaN,NaN,NaN,NaN,
21.807,0.01767,-0.01013,0.12946,0.55438,-0.10987,0.27774,-0.77682,NaN,NaN,NaN,NaN,NaN,NaN,NaN,NaN,NaN,NaN,NaN,NaN,NaN,NaN,NaN,NaN,NaN,NaN,NaN,NaN,NaN,
21.832,0.01778,-0.01002,0.12942,0.55500,-0.11048,0.27730,-0.77645,NaN,NaN,NaN,NaN,NaN,NaN,NaN,NaN,NaN,NaN,NaN,NaN,NaN,NaN,NaN,NaN,NaN,NaN,NaN,NaN,NaN,
21.857,0.01784,-0.00983,0.12957,0.55923,-0.11436,0.27414,-0.77397,NaN,NaN,NaN,NaN,NaN,NaN,NaN,NaN,NaN,NaN,NaN,NaN,NaN,NaN,NaN,NaN,NaN,NaN,NaN,NaN,NaN,
21.882,0.01824,-0.00893,0.12965,0.56403,-0.11892,0.27060,-0.77104,NaN,NaN,NaN,NaN,NaN,NaN,NaN,NaN,NaN,NaN,NaN,NaN,NaN,NaN,NaN,NaN,NaN,NaN,NaN,NaN,NaN,
21.907,0.01852,-0.00912,0.12985,0.56372,-0.12288,0.27344,-0.76965,NaN,NaN,NaN,NaN,NaN,NaN,NaN,NaN,NaN,NaN,NaN,NaN,NaN,NaN,NaN,NaN,NaN,NaN,NaN,NaN,NaN,
21.932,0.01857,-0.00930,0.12972,0.55897,-0.11804,0.27675,-0.77268,NaN,NaN,NaN,NaN,NaN,NaN,NaN,NaN,NaN,NaN,NaN,NaN,NaN,NaN,NaN,NaN,NaN,NaN,NaN,NaN,NaN,
21.957,0.01855,-0.00912,0.12975,0.55825,-0.11714,0.27714,-0.77319,NaN,NaN,NaN,NaN,NaN,NaN,NaN,NaN,NaN,NaN,NaN,NaN,NaN,NaN,NaN,NaN,NaN,NaN,NaN,NaN,NaN,
21.982,0.01858,-0.00898,0.12988,0.55946,-0.11818,0.27619,-0.77250,NaN,NaN,NaN,NaN,NaN,NaN,NaN,NaN,NaN,NaN,NaN,NaN,NaN,NaN,NaN,NaN,NaN,NaN,NaN,NaN,NaN,
22.007,0.01859,-0.00876,0.12993,0.56104,-0.11865,0.27439,-0.77192,NaN,NaN,NaN,NaN,NaN,NaN,NaN,NaN,NaN,NaN,NaN,NaN,NaN,NaN,NaN,NaN,NaN,NaN,NaN,NaN,NaN,
22.032,0.01856,-0.00875,0.13008,0.56192,-0.11992,0.27401,-0.77122,NaN,NaN,NaN,NaN,NaN,NaN,NaN,NaN,NaN,NaN,NaN,NaN,NaN,NaN,NaN,NaN,NaN,NaN,NaN,NaN,NaN,
22.057,0.01857,-0.00868,0.13010,0.56225,-0.11998,0.27361,-0.77112,NaN,NaN,NaN,NaN,NaN,NaN,NaN,NaN,NaN,NaN,NaN,NaN,NaN,NaN,NaN,NaN,NaN,NaN,NaN,NaN,NaN,
22.082,0.01863,-0.00851,0.13013,0.56342,-0.12116,0.27278,-0.77037,NaN,NaN,NaN,NaN,NaN,NaN,NaN,NaN,NaN,NaN,NaN,NaN,NaN,NaN,NaN,NaN,NaN,NaN,NaN,NaN,NaN,
22.107,0.01865,-0.00837,0.13017,0.56442,-0.12254,0.27230,-0.76959,NaN,NaN,NaN,NaN,NaN,NaN,NaN,NaN,NaN,NaN,NaN,NaN,NaN,NaN,NaN,NaN,NaN,NaN,NaN,NaN,NaN,
22.132,0.01862,-0.00830,0.13018,0.56470,-0.12276,0.27206,-0.76943,NaN,NaN,NaN,NaN,NaN,NaN,NaN,NaN,NaN,NaN,NaN,NaN,NaN,NaN,NaN,NaN,NaN,NaN,NaN,NaN,NaN,
22.157,0.01862,-0.00829,0.13015,0.56499,-0.12286,0.27173,-0.76932,NaN,NaN,NaN,NaN,NaN,NaN,NaN,NaN,NaN,NaN,NaN,NaN,NaN,NaN,NaN,NaN,NaN,NaN,NaN,NaN,NaN,
22.182,0.01865,-0.00824,0.13018,0.56567,-0.12382,0.27142,-0.76878,NaN,NaN,NaN,NaN,NaN,NaN,NaN,NaN,NaN,NaN,NaN,NaN,NaN,NaN,NaN,NaN,NaN,NaN,NaN,NaN,NaN,
22.207,0.01863,-0.00816,0.13007,0.56639,-0.12425,0.27073,-0.76842,NaN,NaN,NaN,NaN,NaN,NaN,NaN,NaN,NaN,NaN,NaN,NaN,NaN,NaN,NaN,NaN,NaN,NaN,NaN,NaN,NaN,
22.232,0.01860,-0.00816,0.13007,0.56670,-0.12549,0.27106,-0.76787,NaN,NaN,NaN,NaN,NaN,NaN,NaN,NaN,NaN,NaN,NaN,NaN,NaN,NaN,NaN,NaN,NaN,NaN,NaN,NaN,NaN,
22.257,0.01864,-0.00801,0.13000,0.56707,-0.12574,0.27072,-0.76768,NaN,NaN,NaN,NaN,NaN,NaN,NaN,NaN,NaN,NaN,NaN,NaN,NaN,NaN,NaN,NaN,NaN,NaN,NaN,NaN,NaN,
22.282,0.01862,-0.00798,0.12986,0.56740,-0.12588,0.27037,-0.76754,NaN,NaN,NaN,NaN,NaN,NaN,NaN,NaN,NaN,NaN,NaN,NaN,NaN,NaN,NaN,NaN,NaN,NaN,NaN,NaN,NaN,
22.307,0.01862,-0.00786,0.12977,0.56828,-0.12700,0.26988,-0.76688,NaN,NaN,NaN,NaN,NaN,NaN,NaN,NaN,NaN,NaN,NaN,NaN,NaN,NaN,NaN,NaN,NaN,NaN,NaN,NaN,NaN,
22.332,0.01869,-0.00776,0.12970,0.56823,-0.12722,0.27008,-0.76681,NaN,NaN,NaN,NaN,NaN,NaN,NaN,NaN,NaN,NaN,NaN,NaN,NaN,NaN,NaN,NaN,NaN,NaN,NaN,NaN,NaN,
22.357,0.01865,-0.00778,0.12957,0.56793,-0.12689,0.27028,-0.76701,NaN,NaN,NaN,NaN,NaN,NaN,NaN,NaN,NaN,NaN,NaN,NaN,NaN,NaN,NaN,NaN,NaN,NaN,NaN,NaN,NaN,
22.382,0.01859,-0.00777,0.12952,0.56893,-0.12789,0.26955,-0.76636,NaN,NaN,NaN,NaN,NaN,NaN,NaN,NaN,NaN,NaN,NaN,NaN,NaN,NaN,NaN,NaN,NaN,NaN,NaN,NaN,NaN,
22.407,0.01870,-0.00763,0.12944,0.56986,-0.12883,0.26887,-0.76575,NaN,NaN,NaN,NaN,NaN,NaN,NaN,NaN,NaN,NaN,NaN,NaN,NaN,NaN,NaN,NaN,NaN,NaN,NaN,NaN,NaN,
22.432,0.01873,-0.00759,0.12933,0.56976,-0.12862,0.26888,-0.76586,NaN,NaN,NaN,NaN,NaN,NaN,NaN,NaN,NaN,NaN,NaN,NaN,NaN,NaN,NaN,NaN,NaN,NaN,NaN,NaN,NaN,
22.457,0.01868,-0.00764,0.12929,0.56953,-0.12853,0.26913,-0.76595,NaN,NaN,NaN,NaN,NaN,NaN,NaN,NaN,NaN,NaN,NaN,NaN,NaN,NaN,NaN,NaN,NaN,NaN,NaN,NaN,NaN,
22.482,0.01865,-0.00765,0.12935,0.56968,-0.12907,0.26926,-0.76571,NaN,NaN,NaN,NaN,NaN,NaN,NaN,NaN,NaN,NaN,NaN,NaN,NaN,NaN,NaN,NaN,NaN,NaN,NaN,NaN,NaN,
22.507,0.01869,-0.00751,0.12930,0.56957,-0.12813,0.26884,-0.76609,NaN,NaN,NaN,NaN,NaN,NaN,NaN,NaN,NaN,NaN,NaN,NaN,NaN,NaN,NaN,NaN,NaN,NaN,NaN,NaN,NaN,
22.532,0.01860,-0.00761,0.12937,0.56906,-0.12815,0.26953,-0.76623,NaN,NaN,NaN,NaN,NaN,NaN,NaN,NaN,NaN,NaN,NaN,NaN,NaN,NaN,NaN,NaN,NaN,NaN,NaN,NaN,NaN,
22.557,0.01859,-0.00762,0.12937,0.56859,-0.12773,0.26990,-0.76651,NaN,NaN,NaN,NaN,NaN,NaN,NaN,NaN,NaN,NaN,NaN,NaN,NaN,NaN,NaN,NaN,NaN,NaN,NaN,NaN,NaN,
22.582,0.01859,-0.00758,0.12934,0.56874,-0.12727,0.26942,-0.76665,NaN,NaN,NaN,NaN,NaN,NaN,NaN,NaN,NaN,NaN,NaN,NaN,NaN,NaN,NaN,NaN,NaN,NaN,NaN,NaN,NaN,
22.607,0.01857,-0.00756,0.12939,0.56899,-0.12730,0.26911,-0.76657,NaN,NaN,NaN,NaN,NaN,NaN,NaN,NaN,NaN,NaN,NaN,NaN,NaN,NaN,NaN,NaN,NaN,NaN,NaN,NaN,NaN,
22.632,0.01855,-0.00749,0.12944,0.56910,-0.12691,0.26872,-0.76669,NaN,NaN,NaN,NaN,NaN,NaN,NaN,NaN,NaN,NaN,NaN,NaN,NaN,NaN,NaN,NaN,NaN,NaN,NaN,NaN,NaN,
22.657,0.01851,-0.00758,0.12961,0.56896,-0.12747,0.26925,-0.76651,NaN,NaN,NaN,NaN,NaN,NaN,NaN,NaN,NaN,NaN,NaN,NaN,NaN,NaN,NaN,NaN,NaN,NaN,NaN,NaN,NaN,
22.682,0.01849,-0.00753,0.12966,0.56872,-0.12680,0.26917,-0.76683,NaN,NaN,NaN,NaN,NaN,NaN,NaN,NaN,NaN,NaN,NaN,NaN,NaN,NaN,NaN,NaN,NaN,NaN,NaN,NaN,NaN,
22.707,0.01852,-0.00746,0.12974,0.56908,-0.12695,0.26878,-0.76668,NaN,NaN,NaN,NaN,NaN,NaN,NaN,NaN,NaN,NaN,NaN,NaN,NaN,NaN,NaN,NaN,NaN,NaN,NaN,NaN,NaN,
22.732,0.01854,-0.00741,0.12985,0.56955,-0.12732,0.26837,-0.76641,NaN,NaN,NaN,NaN,NaN,NaN,NaN,NaN,NaN,NaN,NaN,NaN,NaN,NaN,NaN,NaN,NaN,NaN,NaN,NaN,NaN,
22.757,0.01854,-0.00739,0.12998,0.57000,-0.12753,0.26789,-0.76620,NaN,NaN,NaN,NaN,NaN,NaN,NaN,NaN,NaN,NaN,NaN,NaN,NaN,NaN,NaN,NaN,NaN,NaN,NaN,NaN,NaN,
22.782,0.01855,-0.00728,0.13009,0.56996,-0.12727,0.26779,-0.76631,NaN,NaN,NaN,NaN,NaN,NaN,NaN,NaN,NaN,NaN,NaN,NaN,NaN,NaN,NaN,NaN,NaN,NaN,NaN,NaN,NaN,
22.807,0.01853,-0.00725,0.13020,0.56988,-0.12707,0.26778,-0.76641,NaN,NaN,NaN,NaN,NaN,NaN,NaN,NaN,NaN,NaN,NaN,NaN,NaN,NaN,NaN,NaN,NaN,NaN,NaN,NaN,NaN,
22.832,0.01853,-0.00722,0.13032,0.56988,-0.12707,0.26777,-0.76641,NaN,NaN,NaN,NaN,NaN,NaN,NaN,NaN,NaN,NaN,NaN,NaN,NaN,NaN,NaN,NaN,NaN,NaN,NaN,NaN,NaN,
22.857,0.01846,-0.00722,0.13042,0.56974,-0.12673,0.26776,-0.76658,NaN,NaN,NaN,NaN,NaN,NaN,NaN,NaN,NaN,NaN,NaN,NaN,NaN,NaN,NaN,NaN,NaN,NaN,NaN,NaN,NaN,
22.882,0.01846,-0.00713,0.13050,0.57046,-0.12733,0.26716,-0.76615,NaN,NaN,NaN,NaN,NaN,NaN,NaN,NaN,NaN,NaN,NaN,NaN,NaN,NaN,NaN,NaN,NaN,NaN,NaN,NaN,NaN,
22.907,0.01848,-0.00704,0.13049,0.57136,-0.12772,0.26619,-0.76576,NaN,NaN,NaN,NaN,NaN,NaN,NaN,NaN,NaN,NaN,NaN,NaN,NaN,NaN,NaN,NaN,NaN,NaN,NaN,NaN,NaN,
22.932,0.01848,-0.00699,0.13055,0.57207,-0.12857,0.26574,-0.76523,NaN,NaN,NaN,NaN,NaN,NaN,NaN,NaN,NaN,NaN,NaN,NaN,NaN,NaN,NaN,NaN,NaN,NaN,NaN,NaN,NaN,
22.957,0.01852,-0.00692,0.13051,0.57234,-0.12863,0.26542,-0.76514,NaN,NaN,NaN,NaN,NaN,NaN,NaN,NaN,NaN,NaN,NaN,NaN,NaN,NaN,NaN,NaN,NaN,NaN,NaN,NaN,NaN,
22.982,0.01848,-0.00691,0.13052,0.57234,-0.12887,0.26556,-0.76504,NaN,NaN,NaN,NaN,NaN,NaN,NaN,NaN,NaN,NaN,NaN,NaN,NaN,NaN,NaN,NaN,NaN,NaN,NaN,NaN,NaN,
23.007,0.01851,-0.00683,0.13052,0.57248,-0.12901,0.26546,-0.76495,NaN,NaN,NaN,NaN,NaN,NaN,NaN,NaN,NaN,NaN,NaN,NaN,NaN,NaN,NaN,NaN,NaN,NaN,NaN,NaN,NaN,
23.032,0.01855,-0.00678,0.13047,0.57260,-0.12869,0.26510,-0.76504,NaN,NaN,NaN,NaN,NaN,NaN,NaN,NaN,NaN,NaN,NaN,NaN,NaN,NaN,NaN,NaN,NaN,NaN,NaN,NaN,NaN,
23.057,0.01852,-0.00680,0.13049,0.57287,-0.12916,0.26503,-0.76479,NaN,NaN,NaN,NaN,NaN,NaN,NaN,NaN,NaN,NaN,NaN,NaN,NaN,NaN,NaN,NaN,NaN,NaN,NaN,NaN,NaN,
23.082,0.01847,-0.00683,0.13052,0.57330,-0.12983,0.26485,-0.76441,NaN,NaN,NaN,NaN,NaN,NaN,NaN,NaN,NaN,NaN,NaN,NaN,NaN,NaN,NaN,NaN,NaN,NaN,NaN,NaN,NaN,
23.107,0.01845,-0.00653,0.13053,0.57648,-0.13199,0.26187,-0.76268,NaN,NaN,NaN,NaN,NaN,NaN,NaN,NaN,NaN,NaN,NaN,NaN,NaN,NaN,NaN,NaN,NaN,NaN,NaN,NaN,NaN,
23.132,0.01857,-0.00575,0.13051,0.58152,-0.13579,0.25731,-0.75973,NaN,NaN,NaN,NaN,NaN,NaN,NaN,NaN,NaN,NaN,NaN,NaN,NaN,NaN,NaN,NaN,NaN,NaN,NaN,NaN,NaN,
23.157,0.01860,-0.00563,0.13044,0.58246,-0.13648,0.25644,-0.75918,NaN,NaN,NaN,NaN,NaN,NaN,NaN,NaN,NaN,NaN,NaN,NaN,NaN,NaN,NaN,NaN,NaN,NaN,NaN,NaN,NaN,
23.182,0.01861,-0.00557,0.13031,0.58196,-0.13490,0.25617,-0.75993,NaN,NaN,NaN,NaN,NaN,NaN,NaN,NaN,NaN,NaN,NaN,NaN,NaN,NaN,NaN,NaN,NaN,NaN,NaN,NaN,NaN,
23.207,0.01859,-0.00543,0.13033,0.58288,-0.13566,0.25537,-0.75936,NaN,NaN,NaN,NaN,NaN,NaN,NaN,NaN,NaN,NaN,NaN,NaN,NaN,NaN,NaN,NaN,NaN,NaN,NaN,NaN,NaN,
23.232,0.01855,-0.00534,0.13042,0.58345,-0.13698,0.25539,-0.75868,NaN,NaN,NaN,NaN,NaN,NaN,NaN,NaN,NaN,NaN,NaN,NaN,NaN,NaN,NaN,NaN,NaN,NaN,NaN,NaN,NaN,
23.257,0.01867,-0.00512,0.13031,0.58454,-0.13770,0.25433,-0.75807,NaN,NaN,NaN,NaN,NaN,NaN,NaN,NaN,NaN,NaN,NaN,NaN,NaN,NaN,NaN,NaN,NaN,NaN,NaN,NaN,NaN,
23.282,0.01878,-0.00500,0.13027,0.58536,-0.13872,0.25381,-0.75742,NaN,NaN,NaN,NaN,NaN,NaN,NaN,NaN,NaN,NaN,NaN,NaN,NaN,NaN,NaN,NaN,NaN,NaN,NaN,NaN,NaN,
23.307,0.01883,-0.00493,0.13029,0.58554,-0.13900,0.25373,-0.75726,NaN,NaN,NaN,NaN,NaN,NaN,NaN,NaN,NaN,NaN,NaN,NaN,NaN,NaN,NaN,NaN,NaN,NaN,NaN,NaN,NaN,
23.332,0.01895,-0.00478,0.13025,0.58652,-0.13955,0.25272,-0.75674,NaN,NaN,NaN,NaN,NaN,NaN,NaN,NaN,NaN,NaN,NaN,NaN,NaN,NaN,NaN,NaN,NaN,NaN,NaN,NaN,NaN,
23.357,0.01901,-0.00476,0.13020,0.58700,-0.14008,0.25237,-0.75639,NaN,NaN,NaN,NaN,NaN,NaN,NaN,NaN,NaN,NaN,NaN,NaN,NaN,NaN,NaN,NaN,NaN,NaN,NaN,NaN,NaN,
23.382,0.01897,-0.00477,0.13027,0.58719,-0.14094,0.25263,-0.75600,NaN,NaN,NaN,NaN,NaN,NaN,NaN,NaN,NaN,NaN,NaN,NaN,NaN,NaN,NaN,NaN,NaN,NaN,NaN,NaN,NaN,
23.407,0.01897,-0.00475,0.13029,0.58732,-0.14075,0.25233,-0.75602,NaN,NaN,NaN,NaN,NaN,NaN,NaN,NaN,NaN,NaN,NaN,NaN,NaN,NaN,NaN,NaN,NaN,NaN,NaN,NaN,NaN,
23.432,0.01894,-0.00472,0.13032,0.58798,-0.14127,0.25173,-0.75561,NaN,NaN,NaN,NaN,NaN,NaN,NaN,NaN,NaN,NaN,NaN,NaN,NaN,NaN,NaN,NaN,NaN,NaN,NaN,NaN,NaN,
23.457,0.01908,-0.00451,0.13032,0.58809,-0.14157,0.25177,-0.75547,NaN,NaN,NaN,NaN,NaN,NaN,NaN,NaN,NaN,NaN,NaN,NaN,NaN,NaN,NaN,NaN,NaN,NaN,NaN,NaN,NaN,
23.482,0.01919,-0.00459,0.13034,0.58801,-0.14229,0.25229,-0.75521,NaN,NaN,NaN,NaN,NaN,NaN,NaN,NaN,NaN,NaN,NaN,NaN,NaN,NaN,NaN,NaN,NaN,NaN,NaN,NaN,NaN,
23.507,0.01928,-0.00464,0.13032,0.58779,-0.14160,0.25219,-0.75555,NaN,NaN,NaN,NaN,NaN,NaN,NaN,NaN,NaN,NaN,NaN,NaN,NaN,NaN,NaN,NaN,NaN,NaN,NaN,NaN,NaN,
23.532,0.01910,-0.00472,0.13031,0.58747,-0.14128,0.25244,-0.75577,NaN,NaN,NaN,NaN,NaN,NaN,NaN,NaN,NaN,NaN,NaN,NaN,NaN,NaN,NaN,NaN,NaN,NaN,NaN,NaN,NaN,
23.557,0.01915,-0.00471,0.13031,0.58761,-0.14148,0.25237,-0.75565,NaN,NaN,NaN,NaN,NaN,NaN,NaN,NaN,NaN,NaN,NaN,NaN,NaN,NaN,NaN,NaN,NaN,NaN,NaN,NaN,NaN,
23.582,0.01937,-0.00474,0.13044,0.58726,-0.14233,0.25336,-0.75543,NaN,NaN,NaN,NaN,NaN,NaN,NaN,NaN,NaN,NaN,NaN,NaN,NaN,NaN,NaN,NaN,NaN,NaN,NaN,NaN,NaN,
23.608,0.01939,-0.00478,0.13051,0.58682,-0.14243,0.25402,-0.75553,NaN,NaN,NaN,NaN,NaN,NaN,NaN,NaN,NaN,NaN,NaN,NaN,NaN,NaN,NaN,NaN,NaN,NaN,NaN,NaN,NaN,
23.632,0.01944,-0.00480,0.13055,0.58650,-0.14214,0.25429,-0.75575,NaN,NaN,NaN,NaN,NaN,NaN,NaN,NaN,NaN,NaN,NaN,NaN,NaN,NaN,NaN,NaN,NaN,NaN,NaN,NaN,NaN,
23.657,0.01947,-0.00477,0.13045,0.58688,-0.14142,0.25334,-0.75590,NaN,NaN,NaN,NaN,NaN,NaN,NaN,NaN,NaN,NaN,NaN,NaN,NaN,NaN,NaN,NaN,NaN,NaN,NaN,NaN,NaN,
23.682,0.01939,-0.00470,0.13040,0.58729,-0.14188,0.25305,-0.75560,NaN,NaN,NaN,NaN,NaN,NaN,NaN,NaN,NaN,NaN,NaN,NaN,NaN,NaN,NaN,NaN,NaN,NaN,NaN,NaN,NaN,
23.707,0.01942,-0.00469,0.13041,0.58718,-0.14177,0.25313,-0.75568,NaN,NaN,NaN,NaN,NaN,NaN,NaN,NaN,NaN,NaN,NaN,NaN,NaN,NaN,NaN,NaN,NaN,NaN,NaN,NaN,NaN,
23.732,0.01947,-0.00472,0.13047,0.58719,-0.14229,0.25343,-0.75547,NaN,NaN,NaN,NaN,NaN,NaN,NaN,NaN,NaN,NaN,NaN,NaN,NaN,NaN,NaN,NaN,NaN,NaN,NaN,NaN,NaN,
23.757,0.01947,-0.00472,0.13047,0.58719,-0.14229,0.25343,-0.75547,NaN,NaN,NaN,NaN,NaN,NaN,NaN,NaN,NaN,NaN,NaN,NaN,NaN,NaN,NaN,NaN,NaN,NaN,NaN,NaN,NaN,
23.782,0.01959,-0.00462,0.13049,0.58821,-0.14369,0.25286,-0.75460,NaN,NaN,NaN,NaN,NaN,NaN,NaN,NaN,NaN,NaN,NaN,NaN,NaN,NaN,NaN,NaN,NaN,NaN,NaN,NaN,NaN,
23.807,0.01971,-0.00431,0.13032,0.58969,-0.14425,0.25115,-0.75391,NaN,NaN,NaN,NaN,NaN,NaN,NaN,NaN,NaN,NaN,NaN,NaN,NaN,NaN,NaN,NaN,NaN,NaN,NaN,NaN,NaN,
23.832,0.01971,-0.00431,0.13032,0.58969,-0.14425,0.25115,-0.75391,NaN,NaN,NaN,NaN,NaN,NaN,NaN,NaN,NaN,NaN,NaN,NaN,NaN,NaN,NaN,NaN,NaN,NaN,NaN,NaN,NaN,
23.857,0.01978,-0.00408,0.13017,0.59086,-0.14575,0.25043,-0.75295,NaN,NaN,NaN,NaN,NaN,NaN,NaN,NaN,NaN,NaN,NaN,NaN,NaN,NaN,NaN,NaN,NaN,NaN,NaN,NaN,NaN,
23.882,0.01983,-0.00396,0.13009,0.59156,-0.14636,0.24982,-0.75248,NaN,NaN,NaN,NaN,NaN,NaN,NaN,NaN,NaN,NaN,NaN,NaN,NaN,NaN,NaN,NaN,NaN,NaN,NaN,NaN,NaN,
23.907,0.01983,-0.00396,0.13009,0.59156,-0.14636,0.24982,-0.75248,NaN,NaN,NaN,NaN,NaN,NaN,NaN,NaN,NaN,NaN,NaN,NaN,NaN,NaN,NaN,NaN,NaN,NaN,NaN,NaN,NaN,
23.932,0.01987,-0.00379,0.12997,0.59224,-0.14668,0.24905,-0.75214,NaN,NaN,NaN,NaN,NaN,NaN,NaN,NaN,NaN,NaN,NaN,NaN,NaN,NaN,NaN,NaN,NaN,NaN,NaN,NaN,NaN,
23.957,0.01993,-0.00357,0.12984,0.59286,-0.14656,0.24812,-0.75198,NaN,NaN,NaN,NaN,NaN,NaN,NaN,NaN,NaN,NaN,NaN,NaN,NaN,NaN,NaN,NaN,NaN,NaN,NaN,NaN,NaN,
23.982,0.01994,-0.00347,0.12983,0.59332,-0.14737,0.24797,-0.75151,NaN,NaN,NaN,NaN,NaN,NaN,NaN,NaN,NaN,NaN,NaN,NaN,NaN,NaN,NaN,NaN,NaN,NaN,NaN,NaN,NaN,
24.007,0.01997,-0.00338,0.12975,0.59392,-0.14776,0.24735,-0.75116,NaN,NaN,NaN,NaN,NaN,NaN,NaN,NaN,NaN,NaN,NaN,NaN,NaN,NaN,NaN,NaN,NaN,NaN,NaN,NaN,NaN,
24.032,0.01997,-0.00338,0.12975,0.59392,-0.14776,0.24735,-0.75116,NaN,NaN,NaN,NaN,NaN,NaN,NaN,NaN,NaN,NaN,NaN,NaN,NaN,NaN,NaN,NaN,NaN,NaN,NaN,NaN,NaN,
24.057,0.01995,-0.00326,0.12968,0.59608,-0.15003,0.24569,-0.74955,NaN,NaN,NaN,NaN,NaN,NaN,NaN,NaN,NaN,NaN,NaN,NaN,NaN,NaN,NaN,NaN,NaN,NaN,NaN,NaN,NaN,
24.082,0.02004,-0.00313,0.12965,0.59655,-0.15051,0.24532,-0.74920,NaN,NaN,NaN,NaN,NaN,NaN,NaN,NaN,NaN,NaN,NaN,NaN,NaN,NaN,NaN,NaN,NaN,NaN,NaN,NaN,NaN,
24.107,0.02007,-0.00307,0.12965,0.59674,-0.15099,0.24533,-0.74894,NaN,NaN,NaN,NaN,NaN,NaN,NaN,NaN,NaN,NaN,NaN,NaN,NaN,NaN,NaN,NaN,NaN,NaN,NaN,NaN,NaN,
24.132,0.02007,-0.00307,0.12963,0.59688,-0.15114,0.24523,-0.74884,NaN,NaN,NaN,NaN,NaN,NaN,NaN,NaN,NaN,NaN,NaN,NaN,NaN,NaN,NaN,NaN,NaN,NaN,NaN,NaN,NaN,
24.157,0.02012,-0.00306,0.12960,0.59704,-0.15127,0.24507,-0.74873,NaN,NaN,NaN,NaN,NaN,NaN,NaN,NaN,NaN,NaN,NaN,NaN,NaN,NaN,NaN,NaN,NaN,NaN,NaN,NaN,NaN,
24.182,0.02012,-0.00306,0.12960,0.59704,-0.15127,0.24507,-0.74873,NaN,NaN,NaN,NaN,NaN,NaN,NaN,NaN,NaN,NaN,NaN,NaN,NaN,NaN,NaN,NaN,NaN,NaN,NaN,NaN,NaN,
24.207,0.02014,-0.00286,0.12963,0.59778,-0.15189,0.24441,-0.74823,NaN,NaN,NaN,NaN,NaN,NaN,NaN,NaN,NaN,NaN,NaN,NaN,NaN,NaN,NaN,NaN,NaN,NaN,NaN,NaN,NaN,
24.232,0.02012,-0.00263,0.12966,0.59987,-0.15374,0.24255,-0.74679,NaN,NaN,NaN,NaN,NaN,NaN,NaN,NaN,NaN,NaN,NaN,NaN,NaN,NaN,NaN,NaN,NaN,NaN,NaN,NaN,NaN,
24.257,0.02012,-0.00263,0.12966,0.59987,-0.15374,0.24255,-0.74679,NaN,NaN,NaN,NaN,NaN,NaN,NaN,NaN,NaN,NaN,NaN,NaN,NaN,NaN,NaN,NaN,NaN,NaN,NaN,NaN,NaN,
24.282,0.02022,-0.00200,0.12965,0.60508,-0.15842,0.23793,-0.74308,NaN,NaN,NaN,NaN,NaN,NaN,NaN,NaN,NaN,NaN,NaN,NaN,NaN,NaN,NaN,NaN,NaN,NaN,NaN,NaN,NaN,
24.307,0.02032,-0.00157,0.12974,0.60873,-0.16215,0.23491,-0.74025,NaN,NaN,NaN,NaN,NaN,NaN,NaN,NaN,NaN,NaN,NaN,NaN,NaN,NaN,NaN,NaN,NaN,NaN,NaN,NaN,NaN,
24.332,0.02046,-0.00123,0.12983,0.61090,-0.16394,0.23284,-0.73873,NaN,NaN,NaN,NaN,NaN,NaN,NaN,NaN,NaN,NaN,NaN,NaN,NaN,NaN,NaN,NaN,NaN,NaN,NaN,NaN,NaN,
24.357,0.02067,-0.00105,0.12985,0.60970,-0.16267,0.23383,-0.73968,NaN,NaN,NaN,NaN,NaN,NaN,NaN,NaN,NaN,NaN,NaN,NaN,NaN,NaN,NaN,NaN,NaN,NaN,NaN,NaN,NaN,
24.382,0.02051,-0.00136,0.13005,0.60683,-0.16092,0.23689,-0.74144,NaN,NaN,NaN,NaN,NaN,NaN,NaN,NaN,NaN,NaN,NaN,NaN,NaN,NaN,NaN,NaN,NaN,NaN,NaN,NaN,NaN,
24.407,0.02051,-0.00136,0.13005,0.60683,-0.16092,0.23689,-0.74144,NaN,NaN,NaN,NaN,NaN,NaN,NaN,NaN,NaN,NaN,NaN,NaN,NaN,NaN,NaN,NaN,NaN,NaN,NaN,NaN,NaN,
24.432,0.02037,-0.00141,0.13005,0.60602,-0.15982,0.23741,-0.74218,NaN,NaN,NaN,NaN,NaN,NaN,NaN,NaN,NaN,NaN,NaN,NaN,NaN,NaN,NaN,NaN,NaN,NaN,NaN,NaN,NaN,
24.457,0.02047,-0.00126,0.13006,0.60585,-0.15993,0.23772,-0.74220,NaN,NaN,NaN,NaN,NaN,NaN,NaN,NaN,NaN,NaN,NaN,NaN,NaN,NaN,NaN,NaN,NaN,NaN,NaN,NaN,NaN,
24.482,0.02049,-0.00123,0.13003,0.60614,-0.16012,0.23741,-0.74202,NaN,NaN,NaN,NaN,NaN,NaN,NaN,NaN,NaN,NaN,NaN,NaN,NaN,NaN,NaN,NaN,NaN,NaN,NaN,NaN,NaN,
24.507,0.02046,-0.00123,0.13000,0.60668,-0.16075,0.23702,-0.74157,NaN,NaN,NaN,NaN,NaN,NaN,NaN,NaN,NaN,NaN,NaN,NaN,NaN,NaN,NaN,NaN,NaN,NaN,NaN,NaN,NaN,
24.532,0.02046,-0.00111,0.13002,0.60725,-0.16154,0.23667,-0.74104,NaN,NaN,NaN,NaN,NaN,NaN,NaN,NaN,NaN,NaN,NaN,NaN,NaN,NaN,NaN,NaN,NaN,NaN,NaN,NaN,NaN,
24.557,0.02045,-0.00101,0.13009,0.60787,-0.16299,0.23663,-0.74023,NaN,NaN,NaN,NaN,NaN,NaN,NaN,NaN,NaN,NaN,NaN,NaN,NaN,NaN,NaN,NaN,NaN,NaN,NaN,NaN,NaN,
24.582,0.02039,-0.00098,0.13000,0.60839,-0.16330,0.23605,-0.73991,NaN,NaN,NaN,NaN,NaN,NaN,NaN,NaN,NaN,NaN,NaN,NaN,NaN,NaN,NaN,NaN,NaN,NaN,NaN,NaN,NaN,
24.607,0.02043,-0.00090,0.12986,0.60859,-0.16348,0.23587,-0.73977,NaN,NaN,NaN,NaN,NaN,NaN,NaN,NaN,NaN,NaN,NaN,NaN,NaN,NaN,NaN,NaN,NaN,NaN,NaN,NaN,NaN,
24.632,0.02039,-0.00096,0.12987,0.60893,-0.16477,0.23614,-0.73912,NaN,NaN,NaN,NaN,NaN,NaN,NaN,NaN,NaN,NaN,NaN,NaN,NaN,NaN,NaN,NaN,NaN,NaN,NaN,NaN,NaN,
24.657,0.02043,-0.00085,0.12978,0.60953,-0.16536,0.23562,-0.73865,NaN,NaN,NaN,NaN,NaN,NaN,NaN,NaN,NaN,NaN,NaN,NaN,NaN,NaN,NaN,NaN,NaN,NaN,NaN,NaN,NaN,
24.682,0.02050,-0.00077,0.12961,0.60958,-0.16494,0.23531,-0.73881,NaN,NaN,NaN,NaN,NaN,NaN,NaN,NaN,NaN,NaN,NaN,NaN,NaN,NaN,NaN,NaN,NaN,NaN,NaN,NaN,NaN,
24.707,0.02047,-0.00073,0.12951,0.60959,-0.16496,0.23531,-0.73880,NaN,NaN,NaN,NaN,NaN,NaN,NaN,NaN,NaN,NaN,NaN,NaN,NaN,NaN,NaN,NaN,NaN,NaN,NaN,NaN,NaN,
24.732,0.02047,-0.00077,0.12950,0.61000,-0.16638,0.23554,-0.73806,NaN,NaN,NaN,NaN,NaN,NaN,NaN,NaN,NaN,NaN,NaN,NaN,NaN,NaN,NaN,NaN,NaN,NaN,NaN,NaN,NaN,
24.757,0.02047,-0.00065,0.12939,0.61040,-0.16658,0.23507,-0.73783,NaN,NaN,NaN,NaN,NaN,NaN,NaN,NaN,NaN,NaN,NaN,NaN,NaN,NaN,NaN,NaN,NaN,NaN,NaN,NaN,NaN,
24.782,0.02040,-0.00066,0.12945,0.61094,-0.16840,0.23535,-0.73689,NaN,NaN,NaN,NaN,NaN,NaN,NaN,NaN,NaN,NaN,NaN,NaN,NaN,NaN,NaN,NaN,NaN,NaN,NaN,NaN,NaN,
24.807,0.02052,-0.00050,0.12932,0.61099,-0.16802,0.23506,-0.73702,NaN,NaN,NaN,NaN,NaN,NaN,NaN,NaN,NaN,NaN,NaN,NaN,NaN,NaN,NaN,NaN,NaN,NaN,NaN,NaN,NaN,
24.832,0.02050,-0.00049,0.12924,0.61139,-0.16849,0.23476,-0.73669,NaN,NaN,NaN,NaN,NaN,NaN,NaN,NaN,NaN,NaN,NaN,NaN,NaN,NaN,NaN,NaN,NaN,NaN,NaN,NaN,NaN,
24.857,0.02044,-0.00051,0.12925,0.61153,-0.16890,0.23480,-0.73646,NaN,NaN,NaN,NaN,NaN,NaN,NaN,NaN,NaN,NaN,NaN,NaN,NaN,NaN,NaN,NaN,NaN,NaN,NaN,NaN,NaN,
24.882,0.02052,-0.00042,0.12924,0.61158,-0.16875,0.23463,-0.73650,NaN,NaN,NaN,NaN,NaN,NaN,NaN,NaN,NaN,NaN,NaN,NaN,NaN,NaN,NaN,NaN,NaN,NaN,NaN,NaN,NaN,
24.907,0.02054,-0.00039,0.12922,0.61202,-0.16915,0.23424,-0.73618,NaN,NaN,NaN,NaN,NaN,NaN,NaN,NaN,NaN,NaN,NaN,NaN,NaN,NaN,NaN,NaN,NaN,NaN,NaN,NaN,NaN,
24.932,0.02047,-0.00038,0.12924,0.61237,-0.16981,0.23411,-0.73577,NaN,NaN,NaN,NaN,NaN,NaN,NaN,NaN,NaN,NaN,NaN,NaN,NaN,NaN,NaN,NaN,NaN,NaN,NaN,NaN,NaN,
24.957,0.02039,-0.00038,0.12930,0.61273,-0.17078,0.23414,-0.73523,NaN,NaN,NaN,NaN,NaN,NaN,NaN,NaN,NaN,NaN,NaN,NaN,NaN,NaN,NaN,NaN,NaN,NaN,NaN,NaN,NaN,
24.982,0.02044,-0.00027,0.12929,0.61350,-0.17146,0.23344,-0.73466,NaN,NaN,NaN,NaN,NaN,NaN,NaN,NaN,NaN,NaN,NaN,NaN,NaN,NaN,NaN,NaN,NaN,NaN,NaN,NaN,NaN,
25.007,0.02049,-0.00017,0.12931,0.61372,-0.17131,0.23302,-0.73464,NaN,NaN,NaN,NaN,NaN,NaN,NaN,NaN,NaN,NaN,NaN,NaN,NaN,NaN,NaN,NaN,NaN,NaN,NaN,NaN,NaN,
25.032,0.02047,-0.00034,0.12930,0.61254,-0.17014,0.23406,-0.73557,NaN,NaN,NaN,NaN,NaN,NaN,NaN,NaN,NaN,NaN,NaN,NaN,NaN,NaN,NaN,NaN,NaN,NaN,NaN,NaN,NaN,
25.057,0.02047,-0.00029,0.12931,0.61285,-0.17035,0.23372,-0.73537,NaN,NaN,NaN,NaN,NaN,NaN,NaN,NaN,NaN,NaN,NaN,NaN,NaN,NaN,NaN,NaN,NaN,NaN,NaN,NaN,NaN,
25.082,0.02044,-0.00002,0.12950,0.61478,-0.17209,0.23195,-0.73392,NaN,NaN,NaN,NaN,NaN,NaN,NaN,NaN,NaN,NaN,NaN,NaN,NaN,NaN,NaN,NaN,NaN,NaN,NaN,NaN,NaN,
25.107,0.02049,0.00008,0.12954,0.61514,-0.17253,0.23167,-0.73359,NaN,NaN,NaN,NaN,NaN,NaN,NaN,NaN,NaN,NaN,NaN,NaN,NaN,NaN,NaN,NaN,NaN,NaN,NaN,NaN,NaN,
25.132,0.02037,0.00003,0.12963,0.61557,-0.17296,0.23130,-0.73325,NaN,NaN,NaN,NaN,NaN,NaN,NaN,NaN,NaN,NaN,NaN,NaN,NaN,NaN,NaN,NaN,NaN,NaN,NaN,NaN,NaN,
25.157,0.02036,0.00002,0.12987,0.61563,-0.17447,0.23207,-0.73260,NaN,NaN,NaN,NaN,NaN,NaN,NaN,NaN,NaN,NaN,NaN,NaN,NaN,NaN,NaN,NaN,NaN,NaN,NaN,NaN,NaN,
25.182,0.02038,0.00011,0.12977,0.61563,-0.17305,0.23127,-0.73319,NaN,NaN,NaN,NaN,NaN,NaN,NaN,NaN,NaN,NaN,NaN,NaN,NaN,NaN,NaN,NaN,NaN,NaN,NaN,NaN,NaN,
25.207,0.02029,0.00019,0.12995,0.61682,-0.17509,0.23069,-0.73188,NaN,NaN,NaN,NaN,NaN,NaN,NaN,NaN,NaN,NaN,NaN,NaN,NaN,NaN,NaN,NaN,NaN,NaN,NaN,NaN,NaN,
25.232,0.02046,0.00045,0.13003,0.61752,-0.17611,0.23027,-0.73118,NaN,NaN,NaN,NaN,NaN,NaN,NaN,NaN,NaN,NaN,NaN,NaN,NaN,NaN,NaN,NaN,NaN,NaN,NaN,NaN,NaN,
25.257,0.02048,0.00050,0.12992,0.61765,-0.17508,0.22949,-0.73157,NaN,NaN,NaN,NaN,NaN,NaN,NaN,NaN,NaN,NaN,NaN,NaN,NaN,NaN,NaN,NaN,NaN,NaN,NaN,NaN,NaN,
25.282,0.02038,0.00049,0.13002,0.61791,-0.17603,0.22966,-0.73107,NaN,NaN,NaN,NaN,NaN,NaN,NaN,NaN,NaN,NaN,NaN,NaN,NaN,NaN,NaN,NaN,NaN,NaN,NaN,NaN,NaN,
25.307,0.02035,0.00068,0.13007,0.61851,-0.17694,0.22930,-0.73045,NaN,NaN,NaN,NaN,NaN,NaN,NaN,NaN,NaN,NaN,NaN,NaN,NaN,NaN,NaN,NaN,NaN,NaN,NaN,NaN,NaN,
25.332,0.02042,0.00082,0.13004,0.61915,-0.17729,0.22857,-0.73006,NaN,NaN,NaN,NaN,NaN,NaN,NaN,NaN,NaN,NaN,NaN,NaN,NaN,NaN,NaN,NaN,NaN,NaN,NaN,NaN,NaN,
25.357,0.02040,0.00084,0.13001,0.61949,-0.17741,0.22814,-0.72987,NaN,NaN,NaN,NaN,NaN,NaN,NaN,NaN,NaN,NaN,NaN,NaN,NaN,NaN,NaN,NaN,NaN,NaN,NaN,NaN,NaN,
25.382,0.02035,0.00089,0.13005,0.61976,-0.17813,0.22815,-0.72946,NaN,NaN,NaN,NaN,NaN,NaN,NaN,NaN,NaN,NaN,NaN,NaN,NaN,NaN,NaN,NaN,NaN,NaN,NaN,NaN,NaN,
25.407,0.02038,0.00103,0.13003,0.62051,-0.17855,0.22729,-0.72899,NaN,NaN,NaN,NaN,NaN,NaN,NaN,NaN,NaN,NaN,NaN,NaN,NaN,NaN,NaN,NaN,NaN,NaN,NaN,NaN,NaN,
25.432,0.02032,0.00120,0.13004,0.62159,-0.17949,0.22626,-0.72816,NaN,NaN,NaN,NaN,NaN,NaN,NaN,NaN,NaN,NaN,NaN,NaN,NaN,NaN,NaN,NaN,NaN,NaN,NaN,NaN,NaN,
25.457,0.02031,0.00133,0.12995,0.62246,-0.18026,0.22542,-0.72749,NaN,NaN,NaN,NaN,NaN,NaN,NaN,NaN,NaN,NaN,NaN,NaN,NaN,NaN,NaN,NaN,NaN,NaN,NaN,NaN,NaN,
25.482,0.02031,0.00138,0.12983,0.62312,-0.18045,0.22456,-0.72714,NaN,NaN,NaN,NaN,NaN,NaN,NaN,NaN,NaN,NaN,NaN,NaN,NaN,NaN,NaN,NaN,NaN,NaN,NaN,NaN,NaN,
25.507,0.02029,0.00147,0.12979,0.62377,-0.18128,0.22408,-0.72653,NaN,NaN,NaN,NaN,NaN,NaN,NaN,NaN,NaN,NaN,NaN,NaN,NaN,NaN,NaN,NaN,NaN,NaN,NaN,NaN,NaN,
25.532,0.02027,0.00162,0.12975,0.62451,-0.18230,0.22357,-0.72579,NaN,NaN,NaN,NaN,NaN,NaN,NaN,NaN,NaN,NaN,NaN,NaN,NaN,NaN,NaN,NaN,NaN,NaN,NaN,NaN,NaN,
25.557,0.02031,0.00177,0.12969,0.62523,-0.18296,0.22287,-0.72522,NaN,NaN,NaN,NaN,NaN,NaN,NaN,NaN,NaN,NaN,NaN,NaN,NaN,NaN,NaN,NaN,NaN,NaN,NaN,NaN,NaN,
25.582,0.02022,0.00187,0.12960,0.62630,-0.18396,0.22185,-0.72435,NaN,NaN,NaN,NaN,NaN,NaN,NaN,NaN,NaN,NaN,NaN,NaN,NaN,NaN,NaN,NaN,NaN,NaN,NaN,NaN,NaN,
25.607,0.02016,0.00195,0.12967,0.62716,-0.18580,0.22162,-0.72321,NaN,NaN,NaN,NaN,NaN,NaN,NaN,NaN,NaN,NaN,NaN,NaN,NaN,NaN,NaN,NaN,NaN,NaN,NaN,NaN,NaN,
25.632,0.02023,0.00204,0.12948,0.62746,-0.18519,0.22084,-0.72335,NaN,NaN,NaN,NaN,NaN,NaN,NaN,NaN,NaN,NaN,NaN,NaN,NaN,NaN,NaN,NaN,NaN,NaN,NaN,NaN,NaN,
25.657,0.02015,0.00218,0.12946,0.62787,-0.18525,0.22026,-0.72315,NaN,NaN,NaN,NaN,NaN,NaN,NaN,NaN,NaN,NaN,NaN,NaN,NaN,NaN,NaN,NaN,NaN,NaN,NaN,NaN,NaN,
25.682,0.02017,0.00222,0.12949,0.62879,-0.18649,0.21960,-0.72224,NaN,NaN,NaN,NaN,NaN,NaN,NaN,NaN,NaN,NaN,NaN,NaN,NaN,NaN,NaN,NaN,NaN,NaN,NaN,NaN,NaN,
25.707,0.02018,0.00234,0.12950,0.62958,-0.18736,0.21890,-0.72153,NaN,NaN,NaN,NaN,NaN,NaN,NaN,NaN,NaN,NaN,NaN,NaN,NaN,NaN,NaN,NaN,NaN,NaN,NaN,NaN,NaN,
25.732,0.02007,0.00248,0.12954,0.63058,-0.18843,0.21802,-0.72065,NaN,NaN,NaN,NaN,NaN,NaN,NaN,NaN,NaN,NaN,NaN,NaN,NaN,NaN,NaN,NaN,NaN,NaN,NaN,NaN,NaN,
25.757,0.02012,0.00268,0.12953,0.63167,-0.18956,0.21703,-0.71970,NaN,NaN,NaN,NaN,NaN,NaN,NaN,NaN,NaN,NaN,NaN,NaN,NaN,NaN,NaN,NaN,NaN,NaN,NaN,NaN,NaN,
25.782,0.02017,0.00281,0.12953,0.63251,-0.19037,0.21623,-0.71898,NaN,NaN,NaN,NaN,NaN,NaN,NaN,NaN,NaN,NaN,NaN,NaN,NaN,NaN,NaN,NaN,NaN,NaN,NaN,NaN,NaN,
25.807,0.02015,0.00290,0.12942,0.63321,-0.19032,0.21514,-0.71870,NaN,NaN,NaN,NaN,NaN,NaN,NaN,NaN,NaN,NaN,NaN,NaN,NaN,NaN,NaN,NaN,NaN,NaN,NaN,NaN,NaN,
25.832,0.02001,0.00279,0.12956,0.63378,-0.19184,0.21514,-0.71780,NaN,NaN,NaN,NaN,NaN,NaN,NaN,NaN,NaN,NaN,NaN,NaN,NaN,NaN,NaN,NaN,NaN,NaN,NaN,NaN,NaN,
25.857,0.02007,0.00287,0.12955,0.63426,-0.19168,0.21434,-0.71766,NaN,NaN,NaN,NaN,NaN,NaN,NaN,NaN,NaN,NaN,NaN,NaN,NaN,NaN,NaN,NaN,NaN,NaN,NaN,NaN,NaN,
25.882,0.02004,0.00296,0.12974,0.63455,-0.19276,0.21450,-0.71706,NaN,NaN,NaN,NaN,NaN,NaN,NaN,NaN,NaN,NaN,NaN,NaN,NaN,NaN,NaN,NaN,NaN,NaN,NaN,NaN,NaN,
25.907,0.02011,0.00312,0.12977,0.63517,-0.19298,0.21369,-0.71670,NaN,NaN,NaN,NaN,NaN,NaN,NaN,NaN,NaN,NaN,NaN,NaN,NaN,NaN,NaN,NaN,NaN,NaN,NaN,NaN,NaN,
25.932,0.02011,0.00320,0.12976,0.63560,-0.19312,0.21312,-0.71645,NaN,NaN,NaN,NaN,NaN,NaN,NaN,NaN,NaN,NaN,NaN,NaN,NaN,NaN,NaN,NaN,NaN,NaN,NaN,NaN,NaN,
25.957,0.02006,0.00312,0.12981,0.63583,-0.19415,0.21333,-0.71590,NaN,NaN,NaN,NaN,NaN,NaN,NaN,NaN,NaN,NaN,NaN,NaN,NaN,NaN,NaN,NaN,NaN,NaN,NaN,NaN,NaN,
25.982,0.02003,0.00305,0.12980,0.63595,-0.19416,0.21317,-0.71584,NaN,NaN,NaN,NaN,NaN,NaN,NaN,NaN,NaN,NaN,NaN,NaN,NaN,NaN,NaN,NaN,NaN,NaN,NaN,NaN,NaN,
26.007,0.02003,0.00307,0.12979,0.63598,-0.19390,0.21298,-0.71594,NaN,NaN,NaN,NaN,NaN,NaN,NaN,NaN,NaN,NaN,NaN,NaN,NaN,NaN,NaN,NaN,NaN,NaN,NaN,NaN,NaN,
26.032,0.02007,0.00308,0.12970,0.63512,-0.19279,0.21365,-0.71680,NaN,NaN,NaN,NaN,NaN,NaN,NaN,NaN,NaN,NaN,NaN,NaN,NaN,NaN,NaN,NaN,NaN,NaN,NaN,NaN,NaN,
26.057,0.02007,0.00312,0.12973,0.63539,-0.19304,0.21340,-0.71657,NaN,NaN,NaN,NaN,NaN,NaN,NaN,NaN,NaN,NaN,NaN,NaN,NaN,NaN,NaN,NaN,NaN,NaN,NaN,NaN,NaN,
26.082,0.02006,0.00314,0.12976,0.63561,-0.19333,0.21323,-0.71635,NaN,NaN,NaN,NaN,NaN,NaN,NaN,NaN,NaN,NaN,NaN,NaN,NaN,NaN,NaN,NaN,NaN,NaN,NaN,NaN,NaN,
26.107,0.02006,0.00316,0.12979,0.63579,-0.19364,0.21312,-0.71614,NaN,NaN,NaN,NaN,NaN,NaN,NaN,NaN,NaN,NaN,NaN,NaN,NaN,NaN,NaN,NaN,NaN,NaN,NaN,NaN,NaN,
26.132,0.02004,0.00315,0.12980,0.63595,-0.19387,0.21301,-0.71597,NaN,NaN,NaN,NaN,NaN,NaN,NaN,NaN,NaN,NaN,NaN,NaN,NaN,NaN,NaN,NaN,NaN,NaN,NaN,NaN,NaN,
26.157,0.02002,0.00314,0.12981,0.63602,-0.19401,0.21298,-0.71587,NaN,NaN,NaN,NaN,NaN,NaN,NaN,NaN,NaN,NaN,NaN,NaN,NaN,NaN,NaN,NaN,NaN,NaN,NaN,NaN,NaN,
26.182,0.02002,0.00314,0.12981,0.63607,-0.19401,0.21291,-0.71585,NaN,NaN,NaN,NaN,NaN,NaN,NaN,NaN,NaN,NaN,NaN,NaN,NaN,NaN,NaN,NaN,NaN,NaN,NaN,NaN,NaN,
26.207,0.02002,0.00315,0.12981,0.63613,-0.19402,0.21282,-0.71582,NaN,NaN,NaN,NaN,NaN,NaN,NaN,NaN,NaN,NaN,NaN,NaN,NaN,NaN,NaN,NaN,NaN,NaN,NaN,NaN,NaN,
26.232,0.02001,0.00317,0.12982,0.63620,-0.19411,0.21277,-0.71575,NaN,NaN,NaN,NaN,NaN,NaN,NaN,NaN,NaN,NaN,NaN,NaN,NaN,NaN,NaN,NaN,NaN,NaN,NaN,NaN,NaN,
26.257,0.02000,0.00318,0.12982,0.63626,-0.19419,0.21272,-0.71569,NaN,NaN,NaN,NaN,NaN,NaN,NaN,NaN,NaN,NaN,NaN,NaN,NaN,NaN,NaN,NaN,NaN,NaN,NaN,NaN,NaN,
26.282,0.02000,0.00319,0.12982,0.63636,-0.19423,0.21259,-0.71563,NaN,NaN,NaN,NaN,NaN,NaN,NaN,NaN,NaN,NaN,NaN,NaN,NaN,NaN,NaN,NaN,NaN,NaN,NaN,NaN,NaN,
26.307,0.02001,0.00321,0.12982,0.63646,-0.19434,0.21250,-0.71554,NaN,NaN,NaN,NaN,NaN,NaN,NaN,NaN,NaN,NaN,NaN,NaN,NaN,NaN,NaN,NaN,NaN,NaN,NaN,NaN,NaN,
26.332,0.02000,0.00322,0.12983,0.63659,-0.19447,0.21238,-0.71542,NaN,NaN,NaN,NaN,NaN,NaN,NaN,NaN,NaN,NaN,NaN,NaN,NaN,NaN,NaN,NaN,NaN,NaN,NaN,NaN,NaN,
26.357,0.02000,0.00325,0.12982,0.63669,-0.19447,0.21224,-0.71538,NaN,NaN,NaN,NaN,NaN,NaN,NaN,NaN,NaN,NaN,NaN,NaN,NaN,NaN,NaN,NaN,NaN,NaN,NaN,NaN,NaN,
26.382,0.02000,0.00327,0.12980,0.63671,-0.19427,0.21209,-0.71546,NaN,NaN,NaN,NaN,NaN,NaN,NaN,NaN,NaN,NaN,NaN,NaN,NaN,NaN,NaN,NaN,NaN,NaN,NaN,NaN,NaN,
26.407,0.01999,0.00330,0.12980,0.63676,-0.19423,0.21199,-0.71545,NaN,NaN,NaN,NaN,NaN,NaN,NaN,NaN,NaN,NaN,NaN,NaN,NaN,NaN,NaN,NaN,NaN,NaN,NaN,NaN,NaN,
26.432,0.01997,0.00336,0.12981,0.63689,-0.19429,0.21182,-0.71537,NaN,NaN,NaN,NaN,NaN,NaN,NaN,NaN,NaN,NaN,NaN,NaN,NaN,NaN,NaN,NaN,NaN,NaN,NaN,NaN,NaN,
26.457,0.01996,0.00341,0.12980,0.63703,-0.19427,0.21160,-0.71531,NaN,NaN,NaN,NaN,NaN,NaN,NaN,NaN,NaN,NaN,NaN,NaN,NaN,NaN,NaN,NaN,NaN,NaN,NaN,NaN,NaN,
26.482,0.01984,0.00373,0.12971,0.63853,-0.19469,0.20958,-0.71446,NaN,NaN,NaN,NaN,NaN,NaN,NaN,NaN,NaN,NaN,NaN,NaN,NaN,NaN,NaN,NaN,NaN,NaN,NaN,NaN,NaN,
26.507,0.01984,0.00401,0.12965,0.63997,-0.19550,0.20785,-0.71346,NaN,NaN,NaN,NaN,NaN,NaN,NaN,NaN,NaN,NaN,NaN,NaN,NaN,NaN,NaN,NaN,NaN,NaN,NaN,NaN,NaN,
26.532,0.01977,0.00421,0.12965,0.64134,-0.19694,0.20655,-0.71220,NaN,NaN,NaN,NaN,NaN,NaN,NaN,NaN,NaN,NaN,NaN,NaN,NaN,NaN,NaN,NaN,NaN,NaN,NaN,NaN,NaN,
26.557,0.01972,0.00437,0.12959,0.64259,-0.19795,0.20521,-0.71119,NaN,NaN,NaN,NaN,NaN,NaN,NaN,NaN,NaN,NaN,NaN,NaN,NaN,NaN,NaN,NaN,NaN,NaN,NaN,NaN,NaN,
26.582,0.01968,0.00456,0.12955,0.64425,-0.19945,0.20350,-0.70975,NaN,NaN,NaN,NaN,NaN,NaN,NaN,NaN,NaN,NaN,NaN,NaN,NaN,NaN,NaN,NaN,NaN,NaN,NaN,NaN,NaN,
26.607,0.01967,0.00484,0.12951,0.64567,-0.20056,0.20193,-0.70860,NaN,NaN,NaN,NaN,NaN,NaN,NaN,NaN,NaN,NaN,NaN,NaN,NaN,NaN,NaN,NaN,NaN,NaN,NaN,NaN,NaN,
26.632,0.01961,0.00506,0.12954,0.64706,-0.20198,0.20057,-0.70731,NaN,NaN,NaN,NaN,NaN,NaN,NaN,NaN,NaN,NaN,NaN,NaN,NaN,NaN,NaN,NaN,NaN,NaN,NaN,NaN,NaN,
26.657,0.01959,0.00536,0.12949,0.64919,-0.20350,0.19812,-0.70561,NaN,NaN,NaN,NaN,NaN,NaN,NaN,NaN,NaN,NaN,NaN,NaN,NaN,NaN,NaN,NaN,NaN,NaN,NaN,NaN,NaN,
26.682,0.01962,0.00570,0.12947,0.65132,-0.20561,0.19597,-0.70364,NaN,NaN,NaN,NaN,NaN,NaN,NaN,NaN,NaN,NaN,NaN,NaN,NaN,NaN,NaN,NaN,NaN,NaN,NaN,NaN,NaN,
26.707,0.01961,0.00589,0.12948,0.65279,-0.20707,0.19447,-0.70226,NaN,NaN,NaN,NaN,NaN,NaN,NaN,NaN,NaN,NaN,NaN,NaN,NaN,NaN,NaN,NaN,NaN,NaN,NaN,NaN,NaN,
26.732,0.01954,0.00605,0.12948,0.65409,-0.20835,0.19314,-0.70104,NaN,NaN,NaN,NaN,NaN,NaN,NaN,NaN,NaN,NaN,NaN,NaN,NaN,NaN,NaN,NaN,NaN,NaN,NaN,NaN,NaN,
26.757,0.01948,0.00625,0.12951,0.65533,-0.20962,0.19189,-0.69984,NaN,NaN,NaN,NaN,NaN,NaN,NaN,NaN,NaN,NaN,NaN,NaN,NaN,NaN,NaN,NaN,NaN,NaN,NaN,NaN,NaN,
26.782,0.01949,0.00636,0.12946,0.65642,-0.21026,0.19053,-0.69900,NaN,NaN,NaN,NaN,NaN,NaN,NaN,NaN,NaN,NaN,NaN,NaN,NaN,NaN,NaN,NaN,NaN,NaN,NaN,NaN,NaN,
26.807,0.01946,0.00650,0.12944,0.65717,-0.21071,0.18958,-0.69842,NaN,NaN,NaN,NaN,NaN,NaN,NaN,NaN,NaN,NaN,NaN,NaN,NaN,NaN,NaN,NaN,NaN,NaN,NaN,NaN,NaN,
26.832,0.01933,0.00650,0.12949,0.65793,-0.21155,0.18885,-0.69765,NaN,NaN,NaN,NaN,NaN,NaN,NaN,NaN,NaN,NaN,NaN,NaN,NaN,NaN,NaN,NaN,NaN,NaN,NaN,NaN,NaN,
26.857,0.01924,0.00652,0.12958,0.65852,-0.21226,0.18830,-0.69702,NaN,NaN,NaN,NaN,NaN,NaN,NaN,NaN,NaN,NaN,NaN,NaN,NaN,NaN,NaN,NaN,NaN,NaN,NaN,NaN,NaN,
26.882,0.01930,0.00663,0.12957,0.65873,-0.21201,0.18783,-0.69703,NaN,NaN,NaN,NaN,NaN,NaN,NaN,NaN,NaN,NaN,NaN,NaN,NaN,NaN,NaN,NaN,NaN,NaN,NaN,NaN,NaN,
26.907,0.01929,0.00659,0.12955,0.65874,-0.21191,0.18776,-0.69707,NaN,NaN,NaN,NaN,NaN,NaN,NaN,NaN,NaN,NaN,NaN,NaN,NaN,NaN,NaN,NaN,NaN,NaN,NaN,NaN,NaN,
26.932,0.01934,0.00657,0.12949,0.65792,-0.21046,0.18827,-0.69814,NaN,NaN,NaN,NaN,NaN,NaN,NaN,NaN,NaN,NaN,NaN,NaN,NaN,NaN,NaN,NaN,NaN,NaN,NaN,NaN,NaN,
26.957,0.01928,0.00641,0.12959,0.65569,-0.20829,0.19061,-0.70026,NaN,NaN,NaN,NaN,NaN,NaN,NaN,NaN,NaN,NaN,NaN,NaN,NaN,NaN,NaN,NaN,NaN,NaN,NaN,NaN,NaN,
26.982,0.01924,0.00622,0.12971,0.65314,-0.20517,0.19289,-0.70292,NaN,NaN,NaN,NaN,NaN,NaN,NaN,NaN,NaN,NaN,NaN,NaN,NaN,NaN,NaN,NaN,NaN,NaN,NaN,NaN,NaN,
27.007,0.01917,0.00611,0.12976,0.65164,-0.20231,0.19367,-0.70493,NaN,NaN,NaN,NaN,NaN,NaN,NaN,NaN,NaN,NaN,NaN,NaN,NaN,NaN,NaN,NaN,NaN,NaN,NaN,NaN,NaN,
27.032,0.01912,0.00602,0.12980,0.65107,-0.20144,0.19408,-0.70559,NaN,NaN,NaN,NaN,NaN,NaN,NaN,NaN,NaN,NaN,NaN,NaN,NaN,NaN,NaN,NaN,NaN,NaN,NaN,NaN,NaN,
27.057,0.01915,0.00599,0.12986,0.65062,-0.20092,0.19449,-0.70604,NaN,NaN,NaN,NaN,NaN,NaN,NaN,NaN,NaN,NaN,NaN,NaN,NaN,NaN,NaN,NaN,NaN,NaN,NaN,NaN,NaN,
27.082,0.01917,0.00597,0.12988,0.65048,-0.20039,0.19442,-0.70635,NaN,NaN,NaN,NaN,NaN,NaN,NaN,NaN,NaN,NaN,NaN,NaN,NaN,NaN,NaN,NaN,NaN,NaN,NaN,NaN,NaN,
27.107,0.01919,0.00603,0.12990,0.65013,-0.19974,0.19461,-0.70680,NaN,NaN,NaN,NaN,NaN,NaN,NaN,NaN,NaN,NaN,NaN,NaN,NaN,NaN,NaN,NaN,NaN,NaN,NaN,NaN,NaN,
27.132,0.01919,0.00604,0.12999,0.64972,-0.19950,0.19510,-0.70710,NaN,NaN,NaN,NaN,NaN,NaN,NaN,NaN,NaN,NaN,NaN,NaN,NaN,NaN,NaN,NaN,NaN,NaN,NaN,NaN,NaN,
27.157,0.01915,0.00597,0.13006,0.64979,-0.19989,0.19522,-0.70690,NaN,NaN,NaN,NaN,NaN,NaN,NaN,NaN,NaN,NaN,NaN,NaN,NaN,NaN,NaN,NaN,NaN,NaN,NaN,NaN,NaN,
27.182,0.01917,0.00609,0.13006,0.64985,-0.19975,0.19505,-0.70694,NaN,NaN,NaN,NaN,NaN,NaN,NaN,NaN,NaN,NaN,NaN,NaN,NaN,NaN,NaN,NaN,NaN,NaN,NaN,NaN,NaN,
27.207,0.01917,0.00613,0.13005,0.65019,-0.19979,0.19454,-0.70675,NaN,NaN,NaN,NaN,NaN,NaN,NaN,NaN,NaN,NaN,NaN,NaN,NaN,NaN,NaN,NaN,NaN,NaN,NaN,NaN,NaN,
27.232,0.01912,0.00614,0.13003,0.65080,-0.20010,0.19377,-0.70632,NaN,NaN,NaN,NaN,NaN,NaN,NaN,NaN,NaN,NaN,NaN,NaN,NaN,NaN,NaN,NaN,NaN,NaN,NaN,NaN,NaN,
27.257,0.01912,0.00628,0.13005,0.65181,-0.20140,0.19291,-0.70524,NaN,NaN,NaN,NaN,NaN,NaN,NaN,NaN,NaN,NaN,NaN,NaN,NaN,NaN,NaN,NaN,NaN,NaN,NaN,NaN,NaN,
27.282,0.01913,0.00656,0.13003,0.65358,-0.20331,0.19119,-0.70352,NaN,NaN,NaN,NaN,NaN,NaN,NaN,NaN,NaN,NaN,NaN,NaN,NaN,NaN,NaN,NaN,NaN,NaN,NaN,NaN,NaN,
27.307,0.01906,0.00678,0.13008,0.65546,-0.20546,0.18943,-0.70162,NaN,NaN,NaN,NaN,NaN,NaN,NaN,NaN,NaN,NaN,NaN,NaN,NaN,NaN,NaN,NaN,NaN,NaN,NaN,NaN,NaN,
27.332,0.01904,0.00699,0.13006,0.65675,-0.20615,0.18777,-0.70066,NaN,NaN,NaN,NaN,NaN,NaN,NaN,NaN,NaN,NaN,NaN,NaN,NaN,NaN,NaN,NaN,NaN,NaN,NaN,NaN,NaN,
27.357,0.01898,0.00705,0.13007,0.65808,-0.20711,0.18620,-0.69954,NaN,NaN,NaN,NaN,NaN,NaN,NaN,NaN,NaN,NaN,NaN,NaN,NaN,NaN,NaN,NaN,NaN,NaN,NaN,NaN,NaN,
27.382,0.01895,0.00718,0.13004,0.65909,-0.20768,0.18492,-0.69877,NaN,NaN,NaN,NaN,NaN,NaN,NaN,NaN,NaN,NaN,NaN,NaN,NaN,NaN,NaN,NaN,NaN,NaN,NaN,NaN,NaN,
27.407,0.01889,0.00734,0.13007,0.65989,-0.20867,0.18419,-0.69791,NaN,NaN,NaN,NaN,NaN,NaN,NaN,NaN,NaN,NaN,NaN,NaN,NaN,NaN,NaN,NaN,NaN,NaN,NaN,NaN,NaN,
27.432,0.01894,0.00752,0.13005,0.66072,-0.20959,0.18337,-0.69706,NaN,NaN,NaN,NaN,NaN,NaN,NaN,NaN,NaN,NaN,NaN,NaN,NaN,NaN,NaN,NaN,NaN,NaN,NaN,NaN,NaN,
27.457,0.01890,0.00766,0.12996,0.66226,-0.21057,0.18145,-0.69580,NaN,NaN,NaN,NaN,NaN,NaN,NaN,NaN,NaN,NaN,NaN,NaN,NaN,NaN,NaN,NaN,NaN,NaN,NaN,NaN,NaN,
27.482,0.01889,0.00787,0.13000,0.66337,-0.21142,0.18014,-0.69483,NaN,NaN,NaN,NaN,NaN,NaN,NaN,NaN,NaN,NaN,NaN,NaN,NaN,NaN,NaN,NaN,NaN,NaN,NaN,NaN,NaN,
27.507,0.01879,0.00786,0.12998,0.66394,-0.21178,0.17942,-0.69436,NaN,NaN,NaN,NaN,NaN,NaN,NaN,NaN,NaN,NaN,NaN,NaN,NaN,NaN,NaN,NaN,NaN,NaN,NaN,NaN,NaN,
27.532,0.01884,0.00789,0.13001,0.66236,-0.21010,0.18104,-0.69597,NaN,NaN,NaN,NaN,NaN,NaN,NaN,NaN,NaN,NaN,NaN,NaN,NaN,NaN,NaN,NaN,NaN,NaN,NaN,NaN,NaN,
27.557,0.01864,0.00762,0.13001,0.66032,-0.20684,0.18250,-0.69849,NaN,NaN,NaN,NaN,NaN,NaN,NaN,NaN,NaN,NaN,NaN,NaN,NaN,NaN,NaN,NaN,NaN,NaN,NaN,NaN,NaN,
27.582,0.01856,0.00758,0.12995,0.65909,-0.20349,0.18263,-0.70060,NaN,NaN,NaN,NaN,NaN,NaN,NaN,NaN,NaN,NaN,NaN,NaN,NaN,NaN,NaN,NaN,NaN,NaN,NaN,NaN,NaN,
27.607,0.01857,0.00764,0.12987,0.65886,-0.20299,0.18271,-0.70094,NaN,NaN,NaN,NaN,NaN,NaN,NaN,NaN,NaN,NaN,NaN,NaN,NaN,NaN,NaN,NaN,NaN,NaN,NaN,NaN,NaN,
27.632,0.01856,0.00769,0.12981,0.65905,-0.20355,0.18271,-0.70060,NaN,NaN,NaN,NaN,NaN,NaN,NaN,NaN,NaN,NaN,NaN,NaN,NaN,NaN,NaN,NaN,NaN,NaN,NaN,NaN,NaN,
27.657,0.01860,0.00779,0.12977,0.65910,-0.20372,0.18274,-0.70050,NaN,NaN,NaN,NaN,NaN,NaN,NaN,NaN,NaN,NaN,NaN,NaN,NaN,NaN,NaN,NaN,NaN,NaN,NaN,NaN,NaN,
27.682,0.01861,0.00783,0.12970,0.65916,-0.20375,0.18265,-0.70045,NaN,NaN,NaN,NaN,NaN,NaN,NaN,NaN,NaN,NaN,NaN,NaN,NaN,NaN,NaN,NaN,NaN,NaN,NaN,NaN,NaN,
27.707,0.01856,0.00783,0.12963,0.65943,-0.20366,0.18218,-0.70035,NaN,NaN,NaN,NaN,NaN,NaN,NaN,NaN,NaN,NaN,NaN,NaN,NaN,NaN,NaN,NaN,NaN,NaN,NaN,NaN,NaN,
27.732,0.01838,0.00775,0.12963,0.66022,-0.20452,0.18139,-0.69956,NaN,NaN,NaN,NaN,NaN,NaN,NaN,NaN,NaN,NaN,NaN,NaN,NaN,NaN,NaN,NaN,NaN,NaN,NaN,NaN,NaN,
27.757,0.01845,0.00805,0.12956,0.66093,-0.20434,0.18017,-0.69926,NaN,NaN,NaN,NaN,NaN,NaN,NaN,NaN,NaN,NaN,NaN,NaN,NaN,NaN,NaN,NaN,NaN,NaN,NaN,NaN,NaN,
27.782,0.01828,0.00809,0.12963,0.66251,-0.20603,0.17856,-0.69767,NaN,NaN,NaN,NaN,NaN,NaN,NaN,NaN,NaN,NaN,NaN,NaN,NaN,NaN,NaN,NaN,NaN,NaN,NaN,NaN,NaN,
27.807,0.01816,0.00825,0.12964,0.66373,-0.20554,0.17635,-0.69722,NaN,NaN,NaN,NaN,NaN,NaN,NaN,NaN,NaN,NaN,NaN,NaN,NaN,NaN,NaN,NaN,NaN,NaN,NaN,NaN,NaN,
27.832,0.01811,0.00838,0.12958,0.66463,-0.20533,0.17479,-0.69682,NaN,NaN,NaN,NaN,NaN,NaN,NaN,NaN,NaN,NaN,NaN,NaN,NaN,NaN,NaN,NaN,NaN,NaN,NaN,NaN,NaN,
27.857,0.01808,0.00849,0.12959,0.66562,-0.20663,0.17390,-0.69571,NaN,NaN,NaN,NaN,NaN,NaN,NaN,NaN,NaN,NaN,NaN,NaN,NaN,NaN,NaN,NaN,NaN,NaN,NaN,NaN,NaN,
27.882,0.01807,0.00865,0.12958,0.66649,-0.20767,0.17308,-0.69477,NaN,NaN,NaN,NaN,NaN,NaN,NaN,NaN,NaN,NaN,NaN,NaN,NaN,NaN,NaN,NaN,NaN,NaN,NaN,NaN,NaN,
27.907,0.01800,0.00874,0.12964,0.66730,-0.20911,0.17256,-0.69369,NaN,NaN,NaN,NaN,NaN,NaN,NaN,NaN,NaN,NaN,NaN,NaN,NaN,NaN,NaN,NaN,NaN,NaN,NaN,NaN,NaN,
27.932,0.01799,0.00893,0.12962,0.66831,-0.21019,0.17152,-0.69265,NaN,NaN,NaN,NaN,NaN,NaN,NaN,NaN,NaN,NaN,NaN,NaN,NaN,NaN,NaN,NaN,NaN,NaN,NaN,NaN,NaN,
27.957,0.01790,0.00899,0.12963,0.66948,-0.21133,0.17025,-0.69149,NaN,NaN,NaN,NaN,NaN,NaN,NaN,NaN,NaN,NaN,NaN,NaN,NaN,NaN,NaN,NaN,NaN,NaN,NaN,NaN,NaN,
27.982,0.01790,0.00909,0.12963,0.67009,-0.21188,0.16955,-0.69090,NaN,NaN,NaN,NaN,NaN,NaN,NaN,NaN,NaN,NaN,NaN,NaN,NaN,NaN,NaN,NaN,NaN,NaN,NaN,NaN,NaN,
28.007,0.01792,0.00921,0.12959,0.67062,-0.21221,0.16887,-0.69045,NaN,NaN,NaN,NaN,NaN,NaN,NaN,NaN,NaN,NaN,NaN,NaN,NaN,NaN,NaN,NaN,NaN,NaN,NaN,NaN,NaN,
28.032,0.01788,0.00932,0.12963,0.67111,-0.21298,0.16849,-0.68983,NaN,NaN,NaN,NaN,NaN,NaN,NaN,NaN,NaN,NaN,NaN,NaN,NaN,NaN,NaN,NaN,NaN,NaN,NaN,NaN,NaN,
28.057,0.01787,0.00933,0.12956,0.67086,-0.21183,0.16827,-0.69048,NaN,NaN,NaN,NaN,NaN,NaN,NaN,NaN,NaN,NaN,NaN,NaN,NaN,NaN,NaN,NaN,NaN,NaN,NaN,NaN,NaN,
28.082,0.01780,0.00919,0.12973,0.66881,-0.20833,0.16969,-0.69318,NaN,NaN,NaN,NaN,NaN,NaN,NaN,NaN,NaN,NaN,NaN,NaN,NaN,NaN,NaN,NaN,NaN,NaN,NaN,NaN,NaN,
28.107,0.01762,0.00893,0.12995,0.66740,-0.20522,0.17025,-0.69532,NaN,NaN,NaN,NaN,NaN,NaN,NaN,NaN,NaN,NaN,NaN,NaN,NaN,NaN,NaN,NaN,NaN,NaN,NaN,NaN,NaN,
28.132,0.01753,0.00896,0.12996,0.66661,-0.20209,0.16979,-0.69711,NaN,NaN,NaN,NaN,NaN,NaN,NaN,NaN,NaN,NaN,NaN,NaN,NaN,NaN,NaN,NaN,NaN,NaN,NaN,NaN,NaN,
28.157,0.01748,0.00894,0.13003,0.66662,-0.20198,0.16971,-0.69715,NaN,NaN,NaN,NaN,NaN,NaN,NaN,NaN,NaN,NaN,NaN,NaN,NaN,NaN,NaN,NaN,NaN,NaN,NaN,NaN,NaN,
28.182,0.01744,0.00903,0.13014,0.66698,-0.20275,0.16956,-0.69662,NaN,NaN,NaN,NaN,NaN,NaN,NaN,NaN,NaN,NaN,NaN,NaN,NaN,NaN,NaN,NaN,NaN,NaN,NaN,NaN,NaN,
28.207,0.01752,0.00919,0.13023,0.66739,-0.20361,0.16938,-0.69602,NaN,NaN,NaN,NaN,NaN,NaN,NaN,NaN,NaN,NaN,NaN,NaN,NaN,NaN,NaN,NaN,NaN,NaN,NaN,NaN,NaN,
28.232,0.01748,0.00920,0.13025,0.66801,-0.20395,0.16857,-0.69553,NaN,NaN,NaN,NaN,NaN,NaN,NaN,NaN,NaN,NaN,NaN,NaN,NaN,NaN,NaN,NaN,NaN,NaN,NaN,NaN,NaN,
28.257,0.01744,0.00926,0.13032,0.66857,-0.20476,0.16810,-0.69486,NaN,NaN,NaN,NaN,NaN,NaN,NaN,NaN,NaN,NaN,NaN,NaN,NaN,NaN,NaN,NaN,NaN,NaN,NaN,NaN,NaN,
28.282,0.01735,0.00941,0.13033,0.66967,-0.20595,0.16697,-0.69372,NaN,NaN,NaN,NaN,NaN,NaN,NaN,NaN,NaN,NaN,NaN,NaN,NaN,NaN,NaN,NaN,NaN,NaN,NaN,NaN,NaN,
28.307,0.01742,0.00968,0.13033,0.67071,-0.20734,0.16604,-0.69252,NaN,NaN,NaN,NaN,NaN,NaN,NaN,NaN,NaN,NaN,NaN,NaN,NaN,NaN,NaN,NaN,NaN,NaN,NaN,NaN,NaN,
28.332,0.01742,0.00978,0.13031,0.67119,-0.20758,0.16540,-0.69214,NaN,NaN,NaN,NaN,NaN,NaN,NaN,NaN,NaN,NaN,NaN,NaN,NaN,NaN,NaN,NaN,NaN,NaN,NaN,NaN,NaN,
28.357,0.01742,0.00977,0.13028,0.67162,-0.20795,0.16489,-0.69173,NaN,NaN,NaN,NaN,NaN,NaN,NaN,NaN,NaN,NaN,NaN,NaN,NaN,NaN,NaN,NaN,NaN,NaN,NaN,NaN,NaN,
28.382,0.01742,0.00980,0.13032,0.67194,-0.20871,0.16478,-0.69122,NaN,NaN,NaN,NaN,NaN,NaN,NaN,NaN,NaN,NaN,NaN,NaN,NaN,NaN,NaN,NaN,NaN,NaN,NaN,NaN,NaN,
28.407,0.01733,0.00982,0.13036,0.67255,-0.20970,0.16434,-0.69043,NaN,NaN,NaN,NaN,NaN,NaN,NaN,NaN,NaN,NaN,NaN,NaN,NaN,NaN,NaN,NaN,NaN,NaN,NaN,NaN,NaN,
28.432,0.01728,0.00991,0.13037,0.67357,-0.21089,0.16331,-0.68931,NaN,NaN,NaN,NaN,NaN,NaN,NaN,NaN,NaN,NaN,NaN,NaN,NaN,NaN,NaN,NaN,NaN,NaN,NaN,NaN,NaN,
28.457,0.01698,0.01018,0.13038,0.67621,-0.21377,0.16054,-0.68650,NaN,NaN,NaN,NaN,NaN,NaN,NaN,NaN,NaN,NaN,NaN,NaN,NaN,NaN,NaN,NaN,NaN,NaN,NaN,NaN,NaN,
28.482,0.01720,0.01088,0.13020,0.67907,-0.21625,0.15715,-0.68367,NaN,NaN,NaN,NaN,NaN,NaN,NaN,NaN,NaN,NaN,NaN,NaN,NaN,NaN,NaN,NaN,NaN,NaN,NaN,NaN,NaN,
28.507,0.01700,0.01101,0.13007,0.67909,-0.21391,0.15583,-0.68469,NaN,NaN,NaN,NaN,NaN,NaN,NaN,NaN,NaN,NaN,NaN,NaN,NaN,NaN,NaN,NaN,NaN,NaN,NaN,NaN,NaN,
28.532,0.01680,0.01090,0.13005,0.67905,-0.21363,0.15573,-0.68483,NaN,NaN,NaN,NaN,NaN,NaN,NaN,NaN,NaN,NaN,NaN,NaN,NaN,NaN,NaN,NaN,NaN,NaN,NaN,NaN,NaN,
28.557,0.01690,0.01114,0.12993,0.67970,-0.21402,0.15486,-0.68426,NaN,NaN,NaN,NaN,NaN,NaN,NaN,NaN,NaN,NaN,NaN,NaN,NaN,NaN,NaN,NaN,NaN,NaN,NaN,NaN,NaN,
28.582,0.01671,0.01109,0.12993,0.68048,-0.21496,0.15408,-0.68338,NaN,NaN,NaN,NaN,NaN,NaN,NaN,NaN,NaN,NaN,NaN,NaN,NaN,NaN,NaN,NaN,NaN,NaN,NaN,NaN,NaN,
28.607,0.01667,0.01120,0.12990,0.68086,-0.21513,0.15353,-0.68306,NaN,NaN,NaN,NaN,NaN,NaN,NaN,NaN,NaN,NaN,NaN,NaN,NaN,NaN,NaN,NaN,NaN,NaN,NaN,NaN,NaN,
28.632,0.01670,0.01135,0.12979,0.68120,-0.21474,0.15275,-0.68302,NaN,NaN,NaN,NaN,NaN,NaN,NaN,NaN,NaN,NaN,NaN,NaN,NaN,NaN,NaN,NaN,NaN,NaN,NaN,NaN,NaN,
28.657,0.01677,0.01142,0.12969,0.68084,-0.21390,0.15290,-0.68361,NaN,NaN,NaN,NaN,NaN,NaN,NaN,NaN,NaN,NaN,NaN,NaN,NaN,NaN,NaN,NaN,NaN,NaN,NaN,NaN,NaN,
28.682,0.01645,0.01115,0.12979,0.68021,-0.21305,0.15349,-0.68438,NaN,NaN,NaN,NaN,NaN,NaN,NaN,NaN,NaN,NaN,NaN,NaN,NaN,NaN,NaN,NaN,NaN,NaN,NaN,NaN,NaN,
28.707,0.01632,0.01104,0.12977,0.67932,-0.21040,0.15352,-0.68607,NaN,NaN,NaN,NaN,NaN,NaN,NaN,NaN,NaN,NaN,NaN,NaN,NaN,NaN,NaN,NaN,NaN,NaN,NaN,NaN,NaN,
28.732,0.01645,0.01111,0.12971,0.67890,-0.20930,0.15360,-0.68680,NaN,NaN,NaN,NaN,NaN,NaN,NaN,NaN,NaN,NaN,NaN,NaN,NaN,NaN,NaN,NaN,NaN,NaN,NaN,NaN,NaN,
28.757,0.01655,0.01122,0.12983,0.67871,-0.20975,0.15418,-0.68673,NaN,NaN,NaN,NaN,NaN,NaN,NaN,NaN,NaN,NaN,NaN,NaN,NaN,NaN,NaN,NaN,NaN,NaN,NaN,NaN,NaN,
28.782,0.01662,0.01131,0.12980,0.67878,-0.20978,0.15406,-0.68667,NaN,NaN,NaN,NaN,NaN,NaN,NaN,NaN,NaN,NaN,NaN,NaN,NaN,NaN,NaN,NaN,NaN,NaN,NaN,NaN,NaN,
28.807,0.01655,0.01123,0.12965,0.67865,-0.20836,0.15349,-0.68736,NaN,NaN,NaN,NaN,NaN,NaN,NaN,NaN,NaN,NaN,NaN,NaN,NaN,NaN,NaN,NaN,NaN,NaN,NaN,NaN,NaN,
28.832,0.01649,0.01113,0.12973,0.67797,-0.20753,0.15417,-0.68813,NaN,NaN,NaN,NaN,NaN,NaN,NaN,NaN,NaN,NaN,NaN,NaN,NaN,NaN,NaN,NaN,NaN,NaN,NaN,NaN,NaN,
28.857,0.01655,0.01110,0.12987,0.67712,-0.20700,0.15529,-0.68888,NaN,NaN,NaN,NaN,NaN,NaN,NaN,NaN,NaN,NaN,NaN,NaN,NaN,NaN,NaN,NaN,NaN,NaN,NaN,NaN,NaN,
28.882,0.01655,0.01113,0.12987,0.67650,-0.20548,0.15546,-0.68989,NaN,NaN,NaN,NaN,NaN,NaN,NaN,NaN,NaN,NaN,NaN,NaN,NaN,NaN,NaN,NaN,NaN,NaN,NaN,NaN,NaN,
28.907,0.01644,0.01111,0.13000,0.67655,-0.20550,0.15539,-0.68986,NaN,NaN,NaN,NaN,NaN,NaN,NaN,NaN,NaN,NaN,NaN,NaN,NaN,NaN,NaN,NaN,NaN,NaN,NaN,NaN,NaN,
28.932,0.01637,0.01112,0.13013,0.67691,-0.20609,0.15513,-0.68939,NaN,NaN,NaN,NaN,NaN,NaN,NaN,NaN,NaN,NaN,NaN,NaN,NaN,NaN,NaN,NaN,NaN,NaN,NaN,NaN,NaN,
28.957,0.01637,0.01119,0.13014,0.67670,-0.20493,0.15482,-0.69001,NaN,NaN,NaN,NaN,NaN,NaN,NaN,NaN,NaN,NaN,NaN,NaN,NaN,NaN,NaN,NaN,NaN,NaN,NaN,NaN,NaN,
28.982,0.01640,0.01119,0.13018,0.67637,-0.20428,0.15500,-0.69048,NaN,NaN,NaN,NaN,NaN,NaN,NaN,NaN,NaN,NaN,NaN,NaN,NaN,NaN,NaN,NaN,NaN,NaN,NaN,NaN,NaN,
29.007,0.01626,0.01115,0.13031,0.67661,-0.20453,0.15475,-0.69023,NaN,NaN,NaN,NaN,NaN,NaN,NaN,NaN,NaN,NaN,NaN,NaN,NaN,NaN,NaN,NaN,NaN,NaN,NaN,NaN,NaN,
29.032,0.01631,0.01129,0.13033,0.67699,-0.20441,0.15405,-0.69005,NaN,NaN,NaN,NaN,NaN,NaN,NaN,NaN,NaN,NaN,NaN,NaN,NaN,NaN,NaN,NaN,NaN,NaN,NaN,NaN,NaN,
29.057,0.01629,0.01135,0.13031,0.67714,-0.20436,0.15377,-0.68998,NaN,NaN,NaN,NaN,NaN,NaN,NaN,NaN,NaN,NaN,NaN,NaN,NaN,NaN,NaN,NaN,NaN,NaN,NaN,NaN,NaN,
29.082,0.01625,0.01134,0.13035,0.67712,-0.20452,0.15390,-0.68993,NaN,NaN,NaN,NaN,NaN,NaN,NaN,NaN,NaN,NaN,NaN,NaN,NaN,NaN,NaN,NaN,NaN,NaN,NaN,NaN,NaN,
29.107,0.01628,0.01140,0.13032,0.67713,-0.20438,0.15379,-0.68998,NaN,NaN,NaN,NaN,NaN,NaN,NaN,NaN,NaN,NaN,NaN,NaN,NaN,NaN,NaN,NaN,NaN,NaN,NaN,NaN,NaN,
29.132,0.01625,0.01142,0.13031,0.67711,-0.20424,0.15376,-0.69005,NaN,NaN,NaN,NaN,NaN,NaN,NaN,NaN,NaN,NaN,NaN,NaN,NaN,NaN,NaN,NaN,NaN,NaN,NaN,NaN,NaN,
29.157,0.01627,0.01143,0.13030,0.67737,-0.20446,0.15345,-0.68980,NaN,NaN,NaN,NaN,NaN,NaN,NaN,NaN,NaN,NaN,NaN,NaN,NaN,NaN,NaN,NaN,NaN,NaN,NaN,NaN,NaN,
29.182,0.01592,0.01129,0.13041,0.67870,-0.20671,0.15248,-0.68803,NaN,NaN,NaN,NaN,NaN,NaN,NaN,NaN,NaN,NaN,NaN,NaN,NaN,NaN,NaN,NaN,NaN,NaN,NaN,NaN,NaN,
29.207,0.01629,0.01186,0.13018,0.68041,-0.20817,0.15043,-0.68635,NaN,NaN,NaN,NaN,NaN,NaN,NaN,NaN,NaN,NaN,NaN,NaN,NaN,NaN,NaN,NaN,NaN,NaN,NaN,NaN,NaN,
29.232,0.01601,0.01193,0.13025,0.68216,-0.21034,0.14871,-0.68433,NaN,NaN,NaN,NaN,NaN,NaN,NaN,NaN,NaN,NaN,NaN,NaN,NaN,NaN,NaN,NaN,NaN,NaN,NaN,NaN,NaN,
29.257,0.01610,0.01230,0.13013,0.68357,-0.21108,0.14673,-0.68312,NaN,NaN,NaN,NaN,NaN,NaN,NaN,NaN,NaN,NaN,NaN,NaN,NaN,NaN,NaN,NaN,NaN,NaN,NaN,NaN,NaN,
29.282,0.01593,0.01232,0.13004,0.68469,-0.21219,0.14545,-0.68192,NaN,NaN,NaN,NaN,NaN,NaN,NaN,NaN,NaN,NaN,NaN,NaN,NaN,NaN,NaN,NaN,NaN,NaN,NaN,NaN,NaN,
29.307,0.01592,0.01237,0.13006,0.68545,-0.21357,0.14493,-0.68084,NaN,NaN,NaN,NaN,NaN,NaN,NaN,NaN,NaN,NaN,NaN,NaN,NaN,NaN,NaN,NaN,NaN,NaN,NaN,NaN,NaN,
29.332,0.01599,0.01264,0.12990,0.68667,-0.21412,0.14316,-0.67981,NaN,NaN,NaN,NaN,NaN,NaN,NaN,NaN,NaN,NaN,NaN,NaN,NaN,NaN,NaN,NaN,NaN,NaN,NaN,NaN,NaN,
29.357,0.01581,0.01268,0.12994,0.68758,-0.21468,0.14191,-0.67897,NaN,NaN,NaN,NaN,NaN,NaN,NaN,NaN,NaN,NaN,NaN,NaN,NaN,NaN,NaN,NaN,NaN,NaN,NaN,NaN,NaN,
29.382,0.01576,0.01275,0.12998,0.68805,-0.21532,0.14146,-0.67839,NaN,NaN,NaN,NaN,NaN,NaN,NaN,NaN,NaN,NaN,NaN,NaN,NaN,NaN,NaN,NaN,NaN,NaN,NaN,NaN,NaN,
29.407,0.01562,0.01269,0.13001,0.68860,-0.21604,0.14092,-0.67772,NaN,NaN,NaN,NaN,NaN,NaN,NaN,NaN,NaN,NaN,NaN,NaN,NaN,NaN,NaN,NaN,NaN,NaN,NaN,NaN,NaN,
29.432,0.01565,0.01284,0.12988,0.68963,-0.21685,0.13958,-0.67668,NaN,NaN,NaN,NaN,NaN,NaN,NaN,NaN,NaN,NaN,NaN,NaN,NaN,NaN,NaN,NaN,NaN,NaN,NaN,NaN,NaN,
29.457,0.01553,0.01297,0.12984,0.69096,-0.21852,0.13821,-0.67507,NaN,NaN,NaN,NaN,NaN,NaN,NaN,NaN,NaN,NaN,NaN,NaN,NaN,NaN,NaN,NaN,NaN,NaN,NaN,NaN,NaN,
29.482,0.01563,0.01328,0.12983,0.69155,-0.21901,0.13746,-0.67446,NaN,NaN,NaN,NaN,NaN,NaN,NaN,NaN,NaN,NaN,NaN,NaN,NaN,NaN,NaN,NaN,NaN,NaN,NaN,NaN,NaN,
29.507,0.01560,0.01332,0.12971,0.69228,-0.21963,0.13656,-0.67370,NaN,NaN,NaN,NaN,NaN,NaN,NaN,NaN,NaN,NaN,NaN,NaN,NaN,NaN,NaN,NaN,NaN,NaN,NaN,NaN,NaN,
29.532,0.01538,0.01313,0.12966,0.69206,-0.21878,0.13647,-0.67422,NaN,NaN,NaN,NaN,NaN,NaN,NaN,NaN,NaN,NaN,NaN,NaN,NaN,NaN,NaN,NaN,NaN,NaN,NaN,NaN,NaN,
29.557,0.01531,0.01304,0.12959,0.69159,-0.21767,0.13666,-0.67502,NaN,NaN,NaN,NaN,NaN,NaN,NaN,NaN,NaN,NaN,NaN,NaN,NaN,NaN,NaN,NaN,NaN,NaN,NaN,NaN,NaN,
29.582,0.01537,0.01305,0.12965,0.69132,-0.21797,0.13728,-0.67507,NaN,NaN,NaN,NaN,NaN,NaN,NaN,NaN,NaN,NaN,NaN,NaN,NaN,NaN,NaN,NaN,NaN,NaN,NaN,NaN,NaN,
29.607,0.01540,0.01310,0.12955,0.69146,-0.21734,0.13671,-0.67525,NaN,NaN,NaN,NaN,NaN,NaN,NaN,NaN,NaN,NaN,NaN,NaN,NaN,NaN,NaN,NaN,NaN,NaN,NaN,NaN,NaN,
29.632,0.01534,0.01309,0.12959,0.69158,-0.21758,0.13663,-0.67506,NaN,NaN,NaN,NaN,NaN,NaN,NaN,NaN,NaN,NaN,NaN,NaN,NaN,NaN,NaN,NaN,NaN,NaN,NaN,NaN,NaN,
29.657,0.01540,0.01308,0.12971,0.69152,-0.21831,0.13714,-0.67479,NaN,NaN,NaN,NaN,NaN,NaN,NaN,NaN,NaN,NaN,NaN,NaN,NaN,NaN,NaN,NaN,NaN,NaN,NaN,NaN,NaN,
29.682,0.01539,0.01312,0.12966,0.69166,-0.21815,0.13680,-0.67476,NaN,NaN,NaN,NaN,NaN,NaN,NaN,NaN,NaN,NaN,NaN,NaN,NaN,NaN,NaN,NaN,NaN,NaN,NaN,NaN,NaN,
29.707,0.01537,0.01313,0.12963,0.69176,-0.21809,0.13660,-0.67472,NaN,NaN,NaN,NaN,NaN,NaN,NaN,NaN,NaN,NaN,NaN,NaN,NaN,NaN,NaN,NaN,NaN,NaN,NaN,NaN,NaN,
29.732,0.01533,0.01312,0.12959,0.69182,-0.21784,0.13636,-0.67479,NaN,NaN,NaN,NaN,NaN,NaN,NaN,NaN,NaN,NaN,NaN,NaN,NaN,NaN,NaN,NaN,NaN,NaN,NaN,NaN,NaN,
29.757,0.01532,0.01314,0.12957,0.69190,-0.21775,0.13618,-0.67477,NaN,NaN,NaN,NaN,NaN,NaN,NaN,NaN,NaN,NaN,NaN,NaN,NaN,NaN,NaN,NaN,NaN,NaN,NaN,NaN,NaN,
29.782,0.01522,0.01335,0.12952,0.69335,-0.21914,0.13443,-0.67318,NaN,NaN,NaN,NaN,NaN,NaN,NaN,NaN,NaN,NaN,NaN,NaN,NaN,NaN,NaN,NaN,NaN,NaN,NaN,NaN,NaN,
29.807,0.01522,0.01335,0.12952,0.69335,-0.21914,0.13443,-0.67318,NaN,NaN,NaN,NaN,NaN,NaN,NaN,NaN,NaN,NaN,NaN,NaN,NaN,NaN,NaN,NaN,NaN,NaN,NaN,NaN,NaN,
29.832,0.01531,0.01355,0.12949,0.69454,-0.22060,0.13315,-0.67173,NaN,NaN,NaN,NaN,NaN,NaN,NaN,NaN,NaN,NaN,NaN,NaN,NaN,NaN,NaN,NaN,NaN,NaN,NaN,NaN,NaN,
29.857,0.01518,0.01364,0.12953,0.69573,-0.22240,0.13205,-0.67012,NaN,NaN,NaN,NaN,NaN,NaN,NaN,NaN,NaN,NaN,NaN,NaN,NaN,NaN,NaN,NaN,NaN,NaN,NaN,NaN,NaN,
29.882,0.01513,0.01386,0.12950,0.69718,-0.22401,0.13039,-0.66840,NaN,NaN,NaN,NaN,NaN,NaN,NaN,NaN,NaN,NaN,NaN,NaN,NaN,NaN,NaN,NaN,NaN,NaN,NaN,NaN,NaN,
29.907,0.01512,0.01405,0.12950,0.69825,-0.22499,0.12905,-0.66722,NaN,NaN,NaN,NaN,NaN,NaN,NaN,NaN,NaN,NaN,NaN,NaN,NaN,NaN,NaN,NaN,NaN,NaN,NaN,NaN,NaN,
29.932,0.01495,0.01411,0.12947,0.69939,-0.22576,0.12746,-0.66606,NaN,NaN,NaN,NaN,NaN,NaN,NaN,NaN,NaN,NaN,NaN,NaN,NaN,NaN,NaN,NaN,NaN,NaN,NaN,NaN,NaN,
29.957,0.01487,0.01432,0.12938,0.70107,-0.22714,0.12524,-0.66425,NaN,NaN,NaN,NaN,NaN,NaN,NaN,NaN,NaN,NaN,NaN,NaN,NaN,NaN,NaN,NaN,NaN,NaN,NaN,NaN,NaN,
29.982,0.01461,0.01451,0.12942,0.70311,-0.22932,0.12278,-0.66180,NaN,NaN,NaN,NaN,NaN,NaN,NaN,NaN,NaN,NaN,NaN,NaN,NaN,NaN,NaN,NaN,NaN,NaN,NaN,NaN,NaN,
30.007,0.01450,0.01493,0.12934,0.70611,-0.23225,0.11897,-0.65827,NaN,NaN,NaN,NaN,NaN,NaN,NaN,NaN,NaN,NaN,NaN,NaN,NaN,NaN,NaN,NaN,NaN,NaN,NaN,NaN,NaN,
30.032,0.01437,0.01528,0.12942,0.70864,-0.23472,0.11572,-0.65524,NaN,NaN,NaN,NaN,NaN,NaN,NaN,NaN,NaN,NaN,NaN,NaN,NaN,NaN,NaN,NaN,NaN,NaN,NaN,NaN,NaN,
30.057,0.01436,0.01558,0.12951,0.71008,-0.23663,0.11412,-0.65328,NaN,NaN,NaN,NaN,NaN,NaN,NaN,NaN,NaN,NaN,NaN,NaN,NaN,NaN,NaN,NaN,NaN,NaN,NaN,NaN,NaN,
30.082,0.01461,0.01577,0.12950,0.70931,-0.23497,0.11464,-0.65462,NaN,NaN,NaN,NaN,NaN,NaN,NaN,NaN,NaN,NaN,NaN,NaN,NaN,NaN,NaN,NaN,NaN,NaN,NaN,NaN,NaN,
30.107,0.01409,0.01537,0.12960,0.70901,-0.23405,0.11469,-0.65527,NaN,NaN,NaN,NaN,NaN,NaN,NaN,NaN,NaN,NaN,NaN,NaN,NaN,NaN,NaN,NaN,NaN,NaN,NaN,NaN,NaN,
30.132,0.01413,0.01550,0.12954,0.70936,-0.23372,0.11388,-0.65515,NaN,NaN,NaN,NaN,NaN,NaN,NaN,NaN,NaN,NaN,NaN,NaN,NaN,NaN,NaN,NaN,NaN,NaN,NaN,NaN,NaN,
30.157,0.01400,0.01545,0.12953,0.70948,-0.23338,0.11347,-0.65520,NaN,NaN,NaN,NaN,NaN,NaN,NaN,NaN,NaN,NaN,NaN,NaN,NaN,NaN,NaN,NaN,NaN,NaN,NaN,NaN,NaN,
30.182,0.01400,0.01547,0.12951,0.70944,-0.23312,0.11340,-0.65535,NaN,NaN,NaN,NaN,NaN,NaN,NaN,NaN,NaN,NaN,NaN,NaN,NaN,NaN,NaN,NaN,NaN,NaN,NaN,NaN,NaN,
30.207,0.01393,0.01539,0.12957,0.70887,-0.23277,0.11425,-0.65594,NaN,NaN,NaN,NaN,NaN,NaN,NaN,NaN,NaN,NaN,NaN,NaN,NaN,NaN,NaN,NaN,NaN,NaN,NaN,NaN,NaN,
30.232,0.01419,0.01522,0.12983,0.70402,-0.22635,0.11953,-0.66244,NaN,NaN,NaN,NaN,NaN,NaN,NaN,NaN,NaN,NaN,NaN,NaN,NaN,NaN,NaN,NaN,NaN,NaN,NaN,NaN,NaN,
30.257,0.01351,0.01430,0.13040,0.69887,-0.21628,0.12314,-0.67055,NaN,NaN,NaN,NaN,NaN,NaN,NaN,NaN,NaN,NaN,NaN,NaN,NaN,NaN,NaN,NaN,NaN,NaN,NaN,NaN,NaN,
30.282,0.01340,0.01429,0.13009,0.69632,-0.20618,0.12193,-0.67658,NaN,NaN,NaN,NaN,NaN,NaN,NaN,NaN,NaN,NaN,NaN,NaN,NaN,NaN,NaN,NaN,NaN,NaN,NaN,NaN,NaN,
30.307,0.01324,0.01422,0.13025,0.69580,-0.20596,0.12271,-0.67704,NaN,NaN,NaN,NaN,NaN,NaN,NaN,NaN,NaN,NaN,NaN,NaN,NaN,NaN,NaN,NaN,NaN,NaN,NaN,NaN,NaN,
30.332,0.01313,0.01401,0.13044,0.69401,-0.20373,0.12457,-0.67921,NaN,NaN,NaN,NaN,NaN,NaN,NaN,NaN,NaN,NaN,NaN,NaN,NaN,NaN,NaN,NaN,NaN,NaN,NaN,NaN,NaN,
30.357,0.01315,0.01373,0.13046,0.69108,-0.19872,0.12678,-0.68326,NaN,NaN,NaN,NaN,NaN,NaN,NaN,NaN,NaN,NaN,NaN,NaN,NaN,NaN,NaN,NaN,NaN,NaN,NaN,NaN,NaN,
30.382,0.01320,0.01363,0.13057,0.68900,-0.19563,0.12857,-0.68591,NaN,NaN,NaN,NaN,NaN,NaN,NaN,NaN,NaN,NaN,NaN,NaN,NaN,NaN,NaN,NaN,NaN,NaN,NaN,NaN,NaN,
30.407,0.01325,0.01360,0.13064,0.68812,-0.19391,0.12908,-0.68719,NaN,NaN,NaN,NaN,NaN,NaN,NaN,NaN,NaN,NaN,NaN,NaN,NaN,NaN,NaN,NaN,NaN,NaN,NaN,NaN,NaN,
30.432,0.01318,0.01356,0.13087,0.68690,-0.19259,0.13041,-0.68853,NaN,NaN,NaN,NaN,NaN,NaN,NaN,NaN,NaN,NaN,NaN,NaN,NaN,NaN,NaN,NaN,NaN,NaN,NaN,NaN,NaN,
30.457,0.01328,0.01364,0.13072,0.68679,-0.19117,0.12977,-0.68916,NaN,NaN,NaN,NaN,NaN,NaN,NaN,NaN,NaN,NaN,NaN,NaN,NaN,NaN,NaN,NaN,NaN,NaN,NaN,NaN,NaN,
30.482,0.01302,0.01340,0.13102,0.68630,-0.19153,0.13083,-0.68934,NaN,NaN,NaN,NaN,NaN,NaN,NaN,NaN,NaN,NaN,NaN,NaN,NaN,NaN,NaN,NaN,NaN,NaN,NaN,NaN,NaN,
30.507,0.01351,0.01373,0.13105,0.68562,-0.19095,0.13165,-0.69002,NaN,NaN,NaN,NaN,NaN,NaN,NaN,NaN,NaN,NaN,NaN,NaN,NaN,NaN,NaN,NaN,NaN,NaN,NaN,NaN,NaN,
30.532,0.01347,0.01366,0.13104,0.68505,-0.18935,0.13167,-0.69102,NaN,NaN,NaN,NaN,NaN,NaN,NaN,NaN,NaN,NaN,NaN,NaN,NaN,NaN,NaN,NaN,NaN,NaN,NaN,NaN,NaN,
30.557,0.01314,0.01328,0.13128,0.68302,-0.18637,0.13337,-0.69351,NaN,NaN,NaN,NaN,NaN,NaN,NaN,NaN,NaN,NaN,NaN,NaN,NaN,NaN,NaN,NaN,NaN,NaN,NaN,NaN,NaN,
30.582,0.01310,0.01316,0.13126,0.68164,-0.18403,0.13433,-0.69531,NaN,NaN,NaN,NaN,NaN,NaN,NaN,NaN,NaN,NaN,NaN,NaN,NaN,NaN,NaN,NaN,NaN,NaN,NaN,NaN,NaN,
30.607,0.01308,0.01326,0.13133,0.68187,-0.18469,0.13432,-0.69491,NaN,NaN,NaN,NaN,NaN,NaN,NaN,NaN,NaN,NaN,NaN,NaN,NaN,NaN,NaN,NaN,NaN,NaN,NaN,NaN,NaN,
30.632,0.01325,0.01342,0.13125,0.68239,-0.18507,0.13367,-0.69442,NaN,NaN,NaN,NaN,NaN,NaN,NaN,NaN,NaN,NaN,NaN,NaN,NaN,NaN,NaN,NaN,NaN,NaN,NaN,NaN,NaN,
30.657,0.01308,0.01339,0.13129,0.68239,-0.18437,0.13325,-0.69469,NaN,NaN,NaN,NaN,NaN,NaN,NaN,NaN,NaN,NaN,NaN,NaN,NaN,NaN,NaN,NaN,NaN,NaN,NaN,NaN,NaN,
30.682,0.01323,0.01325,0.13151,0.68162,-0.18468,0.13475,-0.69508,NaN,NaN,NaN,NaN,NaN,NaN,NaN,NaN,NaN,NaN,NaN,NaN,NaN,NaN,NaN,NaN,NaN,NaN,NaN,NaN,NaN,
30.707,0.01325,0.01303,0.13162,0.67977,-0.18235,0.13649,-0.69716,NaN,NaN,NaN,NaN,NaN,NaN,NaN,NaN,NaN,NaN,NaN,NaN,NaN,NaN,NaN,NaN,NaN,NaN,NaN,NaN,NaN,
30.732,0.01355,0.01300,0.13152,0.67855,-0.17999,0.13713,-0.69883,NaN,NaN,NaN,NaN,NaN,NaN,NaN,NaN,NaN,NaN,NaN,NaN,NaN,NaN,NaN,NaN,NaN,NaN,NaN,NaN,NaN,
30.757,0.01342,0.01276,0.13161,0.67724,-0.17761,0.13790,-0.70056,NaN,NaN,NaN,NaN,NaN,NaN,NaN,NaN,NaN,NaN,NaN,NaN,NaN,NaN,NaN,NaN,NaN,NaN,NaN,NaN,NaN,
30.782,0.01313,0.01252,0.13174,0.67643,-0.17646,0.13857,-0.70150,NaN,NaN,NaN,NaN,NaN,NaN,NaN,NaN,NaN,NaN,NaN,NaN,NaN,NaN,NaN,NaN,NaN,NaN,NaN,NaN,NaN,
30.807,0.01320,0.01239,0.13186,0.67583,-0.17584,0.13919,-0.70211,NaN,NaN,NaN,NaN,NaN,NaN,NaN,NaN,NaN,NaN,NaN,NaN,NaN,NaN,NaN,NaN,NaN,NaN,NaN,NaN,NaN,
30.832,0.01334,0.01226,0.13183,0.67429,-0.17287,0.13996,-0.70417,NaN,NaN,NaN,NaN,NaN,NaN,NaN,NaN,NaN,NaN,NaN,NaN,NaN,NaN,NaN,NaN,NaN,NaN,NaN,NaN,NaN,
30.857,0.01334,0.01197,0.13205,0.67210,-0.17058,0.14222,-0.70637,NaN,NaN,NaN,NaN,NaN,NaN,NaN,NaN,NaN,NaN,NaN,NaN,NaN,NaN,NaN,NaN,NaN,NaN,NaN,NaN,NaN,
30.882,0.01359,0.01178,0.13191,0.66998,-0.16685,0.14343,-0.70902,NaN,NaN,NaN,NaN,NaN,NaN,NaN,NaN,NaN,NaN,NaN,NaN,NaN,NaN,NaN,NaN,NaN,NaN,NaN,NaN,NaN,
30.907,0.01335,0.01129,0.13228,0.66729,-0.16468,0.14656,-0.71143,NaN,NaN,NaN,NaN,NaN,NaN,NaN,NaN,NaN,NaN,NaN,NaN,NaN,NaN,NaN,NaN,NaN,NaN,NaN,NaN,NaN,
30.932,0.01343,0.01114,0.13205,0.66569,-0.16102,0.14689,-0.71368,NaN,NaN,NaN,NaN,NaN,NaN,NaN,NaN,NaN,NaN,NaN,NaN,NaN,NaN,NaN,NaN,NaN,NaN,NaN,NaN,NaN,
30.957,0.01341,0.01060,0.13233,0.66168,-0.15728,0.15112,-0.71736,NaN,NaN,NaN,NaN,NaN,NaN,NaN,NaN,NaN,NaN,NaN,NaN,NaN,NaN,NaN,NaN,NaN,NaN,NaN,NaN,NaN,
30.982,0.01349,0.01023,0.13223,0.65791,-0.15227,0.15409,-0.72127,NaN,NaN,NaN,NaN,NaN,NaN,NaN,NaN,NaN,NaN,NaN,NaN,NaN,NaN,NaN,NaN,NaN,NaN,NaN,NaN,NaN,
31.007,0.01334,0.00994,0.13232,0.65798,-0.15322,0.15458,-0.72089,NaN,NaN,NaN,NaN,NaN,NaN,NaN,NaN,NaN,NaN,NaN,NaN,NaN,NaN,NaN,NaN,NaN,NaN,NaN,NaN,NaN,
31.032,0.01404,0.01028,0.13231,0.65945,-0.15753,0.15492,-0.71855,NaN,NaN,NaN,NaN,NaN,NaN,NaN,NaN,NaN,NaN,NaN,NaN,NaN,NaN,NaN,NaN,NaN,NaN,NaN,NaN,NaN,
31.057,0.01437,0.01046,0.13219,0.66090,-0.16115,0.15483,-0.71643,NaN,NaN,NaN,NaN,NaN,NaN,NaN,NaN,NaN,NaN,NaN,NaN,NaN,NaN,NaN,NaN,NaN,NaN,NaN,NaN,NaN,
31.082,0.01456,0.01059,0.13193,0.66259,-0.16449,0.15416,-0.71425,NaN,NaN,NaN,NaN,NaN,NaN,NaN,NaN,NaN,NaN,NaN,NaN,NaN,NaN,NaN,NaN,NaN,NaN,NaN,NaN,NaN,
31.107,0.01495,0.01060,0.13199,0.66373,-0.16913,0.15516,-0.71189,NaN,NaN,NaN,NaN,NaN,NaN,NaN,NaN,NaN,NaN,NaN,NaN,NaN,NaN,NaN,NaN,NaN,NaN,NaN,NaN,NaN,
31.132,0.01519,0.01069,0.13199,0.66613,-0.17393,0.15415,-0.70870,NaN,NaN,NaN,NaN,NaN,NaN,NaN,NaN,NaN,NaN,NaN,NaN,NaN,NaN,NaN,NaN,NaN,NaN,NaN,NaN,NaN,
31.157,0.01564,0.01130,0.13177,0.67009,-0.17931,0.15089,-0.70432,NaN,NaN,NaN,NaN,NaN,NaN,NaN,NaN,NaN,NaN,NaN,NaN,NaN,NaN,NaN,NaN,NaN,NaN,NaN,NaN,NaN,
31.182,0.01504,0.01106,0.13170,0.67222,-0.18111,0.14843,-0.70234,NaN,NaN,NaN,NaN,NaN,NaN,NaN,NaN,NaN,NaN,NaN,NaN,NaN,NaN,NaN,NaN,NaN,NaN,NaN,NaN,NaN,
31.207,0.01493,0.01094,0.13171,0.67419,-0.18494,0.14744,-0.69966,NaN,NaN,NaN,NaN,NaN,NaN,NaN,NaN,NaN,NaN,NaN,NaN,NaN,NaN,NaN,NaN,NaN,NaN,NaN,NaN,NaN,
31.232,0.01625,0.01171,0.13132,0.67673,-0.19116,0.14687,-0.69565,NaN,NaN,NaN,NaN,NaN,NaN,NaN,NaN,NaN,NaN,NaN,NaN,NaN,NaN,NaN,NaN,NaN,NaN,NaN,NaN,NaN,
31.257,0.01605,0.01159,0.13119,0.68112,-0.19956,0.14436,-0.68950,NaN,NaN,NaN,NaN,NaN,NaN,NaN,NaN,NaN,NaN,NaN,NaN,NaN,NaN,NaN,NaN,NaN,NaN,NaN,NaN,NaN,
31.282,0.01585,0.01168,0.13129,0.68493,-0.20676,0.14200,-0.68407,NaN,NaN,NaN,NaN,NaN,NaN,NaN,NaN,NaN,NaN,NaN,NaN,NaN,NaN,NaN,NaN,NaN,NaN,NaN,NaN,NaN,
31.307,0.01624,0.01199,0.13104,0.68526,-0.20585,0.14093,-0.68424,NaN,NaN,NaN,NaN,NaN,NaN,NaN,NaN,NaN,NaN,NaN,NaN,NaN,NaN,NaN,NaN,NaN,NaN,NaN,NaN,NaN,
31.332,0.01633,0.01186,0.13104,0.68405,-0.20414,0.14200,-0.68574,NaN,NaN,NaN,NaN,NaN,NaN,NaN,NaN,NaN,NaN,NaN,NaN,NaN,NaN,NaN,NaN,NaN,NaN,NaN,NaN,NaN,
31.357,0.01658,0.01147,0.13130,0.68044,-0.20224,0.14704,-0.68882,NaN,NaN,NaN,NaN,NaN,NaN,NaN,NaN,NaN,NaN,NaN,NaN,NaN,NaN,NaN,NaN,NaN,NaN,NaN,NaN,NaN,
31.382,0.01697,0.01116,0.13063,0.67684,-0.19783,0.15055,-0.69288,NaN,NaN,NaN,NaN,NaN,NaN,NaN,NaN,NaN,NaN,NaN,NaN,NaN,NaN,NaN,NaN,NaN,NaN,NaN,NaN,NaN,
31.407,0.01692,0.01050,0.13059,0.67468,-0.19942,0.15506,-0.69354,NaN,NaN,NaN,NaN,NaN,NaN,NaN,NaN,NaN,NaN,NaN,NaN,NaN,NaN,NaN,NaN,NaN,NaN,NaN,NaN,NaN,
31.432,0.01748,0.01043,0.13040,0.67150,-0.19729,0.15910,-0.69631,NaN,NaN,NaN,NaN,NaN,NaN,NaN,NaN,NaN,NaN,NaN,NaN,NaN,NaN,NaN,NaN,NaN,NaN,NaN,NaN,NaN,
31.457,0.01775,0.01002,0.13025,0.66856,-0.19408,0.16208,-0.69935,NaN,NaN,NaN,NaN,NaN,NaN,NaN,NaN,NaN,NaN,NaN,NaN,NaN,NaN,NaN,NaN,NaN,NaN,NaN,NaN,NaN,
31.483,0.01770,0.00949,0.13041,0.66556,-0.19229,0.16594,-0.70180,NaN,NaN,NaN,NaN,NaN,NaN,NaN,NaN,NaN,NaN,NaN,NaN,NaN,NaN,NaN,NaN,NaN,NaN,NaN,NaN,NaN,
31.507,0.01785,0.00917,0.13013,0.66257,-0.18874,0.16873,-0.70492,NaN,NaN,NaN,NaN,NaN,NaN,NaN,NaN,NaN,NaN,NaN,NaN,NaN,NaN,NaN,NaN,NaN,NaN,NaN,NaN,NaN,
31.532,0.01785,0.00917,0.13013,0.66257,-0.18874,0.16873,-0.70492,NaN,NaN,NaN,NaN,NaN,NaN,NaN,NaN,NaN,NaN,NaN,NaN,NaN,NaN,NaN,NaN,NaN,NaN,NaN,NaN,NaN,
31.557,0.01824,0.00863,0.13000,0.65771,-0.18625,0.17506,-0.70857,NaN,NaN,NaN,NaN,NaN,NaN,NaN,NaN,NaN,NaN,NaN,NaN,NaN,NaN,NaN,NaN,NaN,NaN,NaN,NaN,NaN,
31.582,0.01826,0.00869,0.13016,0.65800,-0.18828,0.17578,-0.70759,NaN,NaN,NaN,NaN,NaN,NaN,NaN,NaN,NaN,NaN,NaN,NaN,NaN,NaN,NaN,NaN,NaN,NaN,NaN,NaN,NaN,
31.607,0.01799,0.00956,0.12940,0.66943,-0.19645,0.16202,-0.69787,NaN,NaN,NaN,NaN,NaN,NaN,NaN,NaN,NaN,NaN,NaN,NaN,NaN,NaN,NaN,NaN,NaN,NaN,NaN,NaN,NaN,
31.632,0.01857,0.01129,0.12918,0.68140,-0.21075,0.15021,-0.68463,NaN,NaN,NaN,NaN,NaN,NaN,NaN,NaN,NaN,NaN,NaN,NaN,NaN,NaN,NaN,NaN,NaN,NaN,NaN,NaN,NaN,
31.657,0.01765,0.01114,0.12950,0.68825,-0.22166,0.14459,-0.67548,NaN,NaN,NaN,NaN,NaN,NaN,NaN,NaN,NaN,NaN,NaN,NaN,NaN,NaN,NaN,NaN,NaN,NaN,NaN,NaN,NaN,
31.682,0.01824,0.01237,0.12931,0.69387,-0.22852,0.13860,-0.66866,NaN,NaN,NaN,NaN,NaN,NaN,NaN,NaN,NaN,NaN,NaN,NaN,NaN,NaN,NaN,NaN,NaN,NaN,NaN,NaN,NaN,
31.707,0.01826,0.01309,0.12885,0.70060,-0.23498,0.13026,-0.66104,NaN,NaN,NaN,NaN,NaN,NaN,NaN,NaN,NaN,NaN,NaN,NaN,NaN,NaN,NaN,NaN,NaN,NaN,NaN,NaN,NaN,
31.732,0.01786,0.01321,0.12878,0.70439,-0.23954,0.12591,-0.65620,NaN,NaN,NaN,NaN,NaN,NaN,NaN,NaN,NaN,NaN,NaN,NaN,NaN,NaN,NaN,NaN,NaN,NaN,NaN,NaN,NaN,
31.757,0.01706,0.01280,0.12902,0.70686,-0.24345,0.12351,-0.65255,NaN,NaN,NaN,NaN,NaN,NaN,NaN,NaN,NaN,NaN,NaN,NaN,NaN,NaN,NaN,NaN,NaN,NaN,NaN,NaN,NaN,
31.782,0.01706,0.01280,0.12902,0.70686,-0.24345,0.12351,-0.65255,NaN,NaN,NaN,NaN,NaN,NaN,NaN,NaN,NaN,NaN,NaN,NaN,NaN,NaN,NaN,NaN,NaN,NaN,NaN,NaN,NaN,
31.807,0.01752,0.01324,0.12873,0.70889,-0.24490,0.12060,-0.65035,NaN,NaN,NaN,NaN,NaN,NaN,NaN,NaN,NaN,NaN,NaN,NaN,NaN,NaN,NaN,NaN,NaN,NaN,NaN,NaN,NaN,
31.832,0.01771,0.01330,0.12861,0.70864,-0.24427,0.12073,-0.65083,NaN,NaN,NaN,NaN,NaN,NaN,NaN,NaN,NaN,NaN,NaN,NaN,NaN,NaN,NaN,NaN,NaN,NaN,NaN,NaN,NaN,
31.857,0.01770,0.01308,0.12854,0.70781,-0.24258,0.12136,-0.65225,NaN,NaN,NaN,NaN,NaN,NaN,NaN,NaN,NaN,NaN,NaN,NaN,NaN,NaN,NaN,NaN,NaN,NaN,NaN,NaN,NaN,
31.882,0.01784,0.01280,0.12863,0.70614,-0.24093,0.12350,-0.65427,NaN,NaN,NaN,NaN,NaN,NaN,NaN,NaN,NaN,NaN,NaN,NaN,NaN,NaN,NaN,NaN,NaN,NaN,NaN,NaN,NaN,
31.907,0.01788,0.01226,0.12881,0.70311,-0.23826,0.12751,-0.65773,NaN,NaN,NaN,NaN,NaN,NaN,NaN,NaN,NaN,NaN,NaN,NaN,NaN,NaN,NaN,NaN,NaN,NaN,NaN,NaN,NaN,
31.932,0.01856,0.01200,0.12880,0.69860,-0.23587,0.13423,-0.66204,NaN,NaN,NaN,NaN,NaN,NaN,NaN,NaN,NaN,NaN,NaN,NaN,NaN,NaN,NaN,NaN,NaN,NaN,NaN,NaN,NaN,
31.957,0.01900,0.01160,0.12836,0.69424,-0.23338,0.14053,-0.66619,NaN,NaN,NaN,NaN,NaN,NaN,NaN,NaN,NaN,NaN,NaN,NaN,NaN,NaN,NaN,NaN,NaN,NaN,NaN,NaN,NaN,
31.982,0.01867,0.01034,0.12880,0.69041,-0.23390,0.14739,-0.66850,NaN,NaN,NaN,NaN,NaN,NaN,NaN,NaN,NaN,NaN,NaN,NaN,NaN,NaN,NaN,NaN,NaN,NaN,NaN,NaN,NaN,
32.007,0.01929,0.01013,0.12867,0.68554,-0.22698,0.15205,-0.67483,NaN,NaN,NaN,NaN,NaN,NaN,NaN,NaN,NaN,NaN,NaN,NaN,NaN,NaN,NaN,NaN,NaN,NaN,NaN,NaN,NaN,
32.032,0.01928,0.00933,0.12879,0.68045,-0.22178,0.15783,-0.68036,NaN,NaN,NaN,NaN,NaN,NaN,NaN,NaN,NaN,NaN,NaN,NaN,NaN,NaN,NaN,NaN,NaN,NaN,NaN,NaN,NaN,
32.057,0.01962,0.00868,0.12907,0.67535,-0.21935,0.16498,-0.68452,NaN,NaN,NaN,NaN,NaN,NaN,NaN,NaN,NaN,NaN,NaN,NaN,NaN,NaN,NaN,NaN,NaN,NaN,NaN,NaN,NaN,
32.082,0.02013,0.00830,0.12922,0.66955,-0.21541,0.17234,-0.68964,NaN,NaN,NaN,NaN,NaN,NaN,NaN,NaN,NaN,NaN,NaN,NaN,NaN,NaN,NaN,NaN,NaN,NaN,NaN,NaN,NaN,
32.107,0.02033,0.00771,0.12923,0.66469,-0.21063,0.17760,-0.69447,NaN,NaN,NaN,NaN,NaN,NaN,NaN,NaN,NaN,NaN,NaN,NaN,NaN,NaN,NaN,NaN,NaN,NaN,NaN,NaN,NaN,
32.132,0.02033,0.00771,0.12923,0.66469,-0.21063,0.17760,-0.69447,NaN,NaN,NaN,NaN,NaN,NaN,NaN,NaN,NaN,NaN,NaN,NaN,NaN,NaN,NaN,NaN,NaN,NaN,NaN,NaN,NaN,
32.157,0.02021,0.00602,0.12935,0.65254,-0.19709,0.18939,-0.70674,NaN,NaN,NaN,NaN,NaN,NaN,NaN,NaN,NaN,NaN,NaN,NaN,NaN,NaN,NaN,NaN,NaN,NaN,NaN,NaN,NaN,
32.182,0.02016,0.00525,0.12948,0.64738,-0.19261,0.19490,-0.71121,NaN,NaN,NaN,NaN,NaN,NaN,NaN,NaN,NaN,NaN,NaN,NaN,NaN,NaN,NaN,NaN,NaN,NaN,NaN,NaN,NaN,
32.207,0.02017,0.00513,0.12944,0.64490,-0.19012,0.19732,-0.71346,NaN,NaN,NaN,NaN,NaN,NaN,NaN,NaN,NaN,NaN,NaN,NaN,NaN,NaN,NaN,NaN,NaN,NaN,NaN,NaN,NaN,
32.232,0.02013,0.00505,0.12948,0.64437,-0.19049,0.19834,-0.71355,NaN,NaN,NaN,NaN,NaN,NaN,NaN,NaN,NaN,NaN,NaN,NaN,NaN,NaN,NaN,NaN,NaN,NaN,NaN,NaN,NaN,
32.257,0.02038,0.00528,0.12938,0.64507,-0.19135,0.19775,-0.71285,NaN,NaN,NaN,NaN,NaN,NaN,NaN,NaN,NaN,NaN,NaN,NaN,NaN,NaN,NaN,NaN,NaN,NaN,NaN,NaN,NaN,
32.282,0.02034,0.00524,0.12928,0.64606,-0.19223,0.19672,-0.71201,NaN,NaN,NaN,NaN,NaN,NaN,NaN,NaN,NaN,NaN,NaN,NaN,NaN,NaN,NaN,NaN,NaN,NaN,NaN,NaN,NaN,
32.307,0.02031,0.00521,0.12940,0.64603,-0.19373,0.19761,-0.71138,NaN,NaN,NaN,NaN,NaN,NaN,NaN,NaN,NaN,NaN,NaN,NaN,NaN,NaN,NaN,NaN,NaN,NaN,NaN,NaN,NaN,
32.332,0.02033,0.00529,0.12918,0.64641,-0.19352,0.19690,-0.71129,NaN,NaN,NaN,NaN,NaN,NaN,NaN,NaN,NaN,NaN,NaN,NaN,NaN,NaN,NaN,NaN,NaN,NaN,NaN,NaN,NaN,
32.357,0.02036,0.00548,0.12911,0.64725,-0.19537,0.19664,-0.71009,NaN,NaN,NaN,NaN,NaN,NaN,NaN,NaN,NaN,NaN,NaN,NaN,NaN,NaN,NaN,NaN,NaN,NaN,NaN,NaN,NaN,
32.382,0.02042,0.00583,0.12904,0.65059,-0.20068,0.19441,-0.70617,NaN,NaN,NaN,NaN,NaN,NaN,NaN,NaN,NaN,NaN,NaN,NaN,NaN,NaN,NaN,NaN,NaN,NaN,NaN,NaN,NaN,
32.407,0.02044,0.00636,0.12875,0.65512,-0.20523,0.18984,-0.70190,NaN,NaN,NaN,NaN,NaN,NaN,NaN,NaN,NaN,NaN,NaN,NaN,NaN,NaN,NaN,NaN,NaN,NaN,NaN,NaN,NaN,
32.432,0.02024,0.00669,0.12862,0.65929,-0.21049,0.18612,-0.69742,NaN,NaN,NaN,NaN,NaN,NaN,NaN,NaN,NaN,NaN,NaN,NaN,NaN,NaN,NaN,NaN,NaN,NaN,NaN,NaN,NaN,
32.457,0.02032,0.00732,0.12850,0.66293,-0.21458,0.18254,-0.69365,NaN,NaN,NaN,NaN,NaN,NaN,NaN,NaN,NaN,NaN,NaN,NaN,NaN,NaN,NaN,NaN,NaN,NaN,NaN,NaN,NaN,
32.482,0.02007,0.00762,0.12855,0.66829,-0.22248,0.17815,-0.68714,NaN,NaN,NaN,NaN,NaN,NaN,NaN,NaN,NaN,NaN,NaN,NaN,NaN,NaN,NaN,NaN,NaN,NaN,NaN,NaN,NaN,
32.507,0.02024,0.00853,0.12834,0.67322,-0.22828,0.17318,-0.68167,NaN,NaN,NaN,NaN,NaN,NaN,NaN,NaN,NaN,NaN,NaN,NaN,NaN,NaN,NaN,NaN,NaN,NaN,NaN,NaN,NaN,
32.532,0.02025,0.00902,0.12829,0.67659,-0.23364,0.17043,-0.67719,NaN,NaN,NaN,NaN,NaN,NaN,NaN,NaN,NaN,NaN,NaN,NaN,NaN,NaN,NaN,NaN,NaN,NaN,NaN,NaN,NaN,
32.557,0.02016,0.00935,0.12811,0.67956,-0.23673,0.16711,-0.67396,NaN,NaN,NaN,NaN,NaN,NaN,NaN,NaN,NaN,NaN,NaN,NaN,NaN,NaN,NaN,NaN,NaN,NaN,NaN,NaN,NaN,
32.582,0.02005,0.00956,0.12814,0.68157,-0.23943,0.16515,-0.67147,NaN,NaN,NaN,NaN,NaN,NaN,NaN,NaN,NaN,NaN,NaN,NaN,NaN,NaN,NaN,NaN,NaN,NaN,NaN,NaN,NaN,
32.607,0.01995,0.00966,0.12803,0.68312,-0.24027,0.16299,-0.67012,NaN,NaN,NaN,NaN,NaN,NaN,NaN,NaN,NaN,NaN,NaN,NaN,NaN,NaN,NaN,NaN,NaN,NaN,NaN,NaN,NaN,
32.632,0.01985,0.00983,0.12808,0.68455,-0.24216,0.16156,-0.66832,NaN,NaN,NaN,NaN,NaN,NaN,NaN,NaN,NaN,NaN,NaN,NaN,NaN,NaN,NaN,NaN,NaN,NaN,NaN,NaN,NaN,
32.657,0.01995,0.01014,0.12788,0.68579,-0.24171,0.15925,-0.66777,NaN,NaN,NaN,NaN,NaN,NaN,NaN,NaN,NaN,NaN,NaN,NaN,NaN,NaN,NaN,NaN,NaN,NaN,NaN,NaN,NaN,
32.682,0.01974,0.01006,0.12794,0.68611,-0.24152,0.15861,-0.66766,NaN,NaN,NaN,NaN,NaN,NaN,NaN,NaN,NaN,NaN,NaN,NaN,NaN,NaN,NaN,NaN,NaN,NaN,NaN,NaN,NaN,
32.707,0.01946,0.00992,0.12786,0.68645,-0.24101,0.15778,-0.66769,NaN,NaN,NaN,NaN,NaN,NaN,NaN,NaN,NaN,NaN,NaN,NaN,NaN,NaN,NaN,NaN,NaN,NaN,NaN,NaN,NaN,
32.732,0.01952,0.00994,0.12799,0.68636,-0.24164,0.15824,-0.66744,NaN,NaN,NaN,NaN,NaN,NaN,NaN,NaN,NaN,NaN,NaN,NaN,NaN,NaN,NaN,NaN,NaN,NaN,NaN,NaN,NaN,
32.757,0.01968,0.00998,0.12801,0.68557,-0.24039,0.15895,-0.66854,NaN,NaN,NaN,NaN,NaN,NaN,NaN,NaN,NaN,NaN,NaN,NaN,NaN,NaN,NaN,NaN,NaN,NaN,NaN,NaN,NaN,
32.782,0.01951,0.00958,0.12819,0.68440,-0.24003,0.16073,-0.66944,NaN,NaN,NaN,NaN,NaN,NaN,NaN,NaN,NaN,NaN,NaN,NaN,NaN,NaN,NaN,NaN,NaN,NaN,NaN,NaN,NaN,
32.807,0.01969,0.00942,0.12803,0.68239,-0.23621,0.16215,-0.67251,NaN,NaN,NaN,NaN,NaN,NaN,NaN,NaN,NaN,NaN,NaN,NaN,NaN,NaN,NaN,NaN,NaN,NaN,NaN,NaN,NaN,
32.832,0.01954,0.00885,0.12833,0.67926,-0.23381,0.16611,-0.67553,NaN,NaN,NaN,NaN,NaN,NaN,NaN,NaN,NaN,NaN,NaN,NaN,NaN,NaN,NaN,NaN,NaN,NaN,NaN,NaN,NaN,
32.857,0.01957,0.00838,0.12828,0.67624,-0.22890,0.16856,-0.67963,NaN,NaN,NaN,NaN,NaN,NaN,NaN,NaN,NaN,NaN,NaN,NaN,NaN,NaN,NaN,NaN,NaN,NaN,NaN,NaN,NaN,
32.882,0.01953,0.00785,0.12859,0.67302,-0.22638,0.17252,-0.68267,NaN,NaN,NaN,NaN,NaN,NaN,NaN,NaN,NaN,NaN,NaN,NaN,NaN,NaN,NaN,NaN,NaN,NaN,NaN,NaN,NaN,
32.907,0.01958,0.00742,0.12865,0.66964,-0.22231,0.17587,-0.68646,NaN,NaN,NaN,NaN,NaN,NaN,NaN,NaN,NaN,NaN,NaN,NaN,NaN,NaN,NaN,NaN,NaN,NaN,NaN,NaN,NaN,
32.932,0.01941,0.00685,0.12869,0.66661,-0.21816,0.17857,-0.69004,NaN,NaN,NaN,NaN,NaN,NaN,NaN,NaN,NaN,NaN,NaN,NaN,NaN,NaN,NaN,NaN,NaN,NaN,NaN,NaN,NaN,
32.957,0.01952,0.00643,0.12897,0.66326,-0.21540,0.18246,-0.69311,NaN,NaN,NaN,NaN,NaN,NaN,NaN,NaN,NaN,NaN,NaN,NaN,NaN,NaN,NaN,NaN,NaN,NaN,NaN,NaN,NaN,
32.982,0.01974,0.00611,0.12904,0.66016,-0.21126,0.18517,-0.69662,NaN,NaN,NaN,NaN,NaN,NaN,NaN,NaN,NaN,NaN,NaN,NaN,NaN,NaN,NaN,NaN,NaN,NaN,NaN,NaN,NaN,
33.007,0.01964,0.00564,0.12926,0.65719,-0.20830,0.18826,-0.69948,NaN,NaN,NaN,NaN,NaN,NaN,NaN,NaN,NaN,NaN,NaN,NaN,NaN,NaN,NaN,NaN,NaN,NaN,NaN,NaN,NaN,
33.032,0.01964,0.00524,0.12933,0.65411,-0.20501,0.19130,-0.70251,NaN,NaN,NaN,NaN,NaN,NaN,NaN,NaN,NaN,NaN,NaN,NaN,NaN,NaN,NaN,NaN,NaN,NaN,NaN,NaN,NaN,
33.057,0.01968,0.00486,0.12941,0.65084,-0.20145,0.19445,-0.70571,NaN,NaN,NaN,NaN,NaN,NaN,NaN,NaN,NaN,NaN,NaN,NaN,NaN,NaN,NaN,NaN,NaN,NaN,NaN,NaN,NaN,
33.082,0.01976,0.00453,0.12964,0.64792,-0.19938,0.19783,-0.70803,NaN,NaN,NaN,NaN,NaN,NaN,NaN,NaN,NaN,NaN,NaN,NaN,NaN,NaN,NaN,NaN,NaN,NaN,NaN,NaN,NaN,
33.107,0.01964,0.00426,0.12972,0.64652,-0.19725,0.19881,-0.70963,NaN,NaN,NaN,NaN,NaN,NaN,NaN,NaN,NaN,NaN,NaN,NaN,NaN,NaN,NaN,NaN,NaN,NaN,NaN,NaN,NaN,
33.132,0.01957,0.00415,0.13010,0.64600,-0.19829,0.20018,-0.70943,NaN,NaN,NaN,NaN,NaN,NaN,NaN,NaN,NaN,NaN,NaN,NaN,NaN,NaN,NaN,NaN,NaN,NaN,NaN,NaN,NaN,
33.157,0.01971,0.00425,0.12992,0.64624,-0.19721,0.19922,-0.70978,NaN,NaN,NaN,NaN,NaN,NaN,NaN,NaN,NaN,NaN,NaN,NaN,NaN,NaN,NaN,NaN,NaN,NaN,NaN,NaN,NaN,
33.182,0.01964,0.00410,0.13001,0.64626,-0.19748,0.19934,-0.70966,NaN,NaN,NaN,NaN,NaN,NaN,NaN,NaN,NaN,NaN,NaN,NaN,NaN,NaN,NaN,NaN,NaN,NaN,NaN,NaN,NaN,
33.207,0.01954,0.00394,0.13006,0.64648,-0.19808,0.19933,-0.70929,NaN,NaN,NaN,NaN,NaN,NaN,NaN,NaN,NaN,NaN,NaN,NaN,NaN,NaN,NaN,NaN,NaN,NaN,NaN,NaN,NaN,
33.232,0.01955,0.00399,0.13014,0.64643,-0.19843,0.19960,-0.70916,NaN,NaN,NaN,NaN,NaN,NaN,NaN,NaN,NaN,NaN,NaN,NaN,NaN,NaN,NaN,NaN,NaN,NaN,NaN,NaN,NaN,
33.257,0.01957,0.00410,0.13019,0.64612,-0.19844,0.20008,-0.70931,NaN,NaN,NaN,NaN,NaN,NaN,NaN,NaN,NaN,NaN,NaN,NaN,NaN,NaN,NaN,NaN,NaN,NaN,NaN,NaN,NaN,
33.282,0.01964,0.00415,0.13020,0.64648,-0.19943,0.20008,-0.70871,NaN,NaN,NaN,NaN,NaN,NaN,NaN,NaN,NaN,NaN,NaN,NaN,NaN,NaN,NaN,NaN,NaN,NaN,NaN,NaN,NaN,
33.307,0.01958,0.00413,0.13018,0.64734,-0.20038,0.19927,-0.70788,NaN,NaN,NaN,NaN,NaN,NaN,NaN,NaN,NaN,NaN,NaN,NaN,NaN,NaN,NaN,NaN,NaN,NaN,NaN,NaN,NaN,
33.332,0.01973,0.00441,0.13012,0.64872,-0.20196,0.19800,-0.70652,NaN,NaN,NaN,NaN,NaN,NaN,NaN,NaN,NaN,NaN,NaN,NaN,NaN,NaN,NaN,NaN,NaN,NaN,NaN,NaN,NaN,
33.357,0.01966,0.00461,0.13012,0.65011,-0.20324,0.19656,-0.70528,NaN,NaN,NaN,NaN,NaN,NaN,NaN,NaN,NaN,NaN,NaN,NaN,NaN,NaN,NaN,NaN,NaN,NaN,NaN,NaN,NaN,
33.382,0.01961,0.00475,0.13014,0.65145,-0.20473,0.19529,-0.70396,NaN,NaN,NaN,NaN,NaN,NaN,NaN,NaN,NaN,NaN,NaN,NaN,NaN,NaN,NaN,NaN,NaN,NaN,NaN,NaN,NaN,
33.407,0.01968,0.00486,0.13009,0.65245,-0.20574,0.19427,-0.70302,NaN,NaN,NaN,NaN,NaN,NaN,NaN,NaN,NaN,NaN,NaN,NaN,NaN,NaN,NaN,NaN,NaN,NaN,NaN,NaN,NaN,
33.432,0.01973,0.00496,0.13003,0.65316,-0.20653,0.19361,-0.70231,NaN,NaN,NaN,NaN,NaN,NaN,NaN,NaN,NaN,NaN,NaN,NaN,NaN,NaN,NaN,NaN,NaN,NaN,NaN,NaN,NaN,
33.457,0.01957,0.00493,0.13000,0.65447,-0.20835,0.19255,-0.70084,NaN,NaN,NaN,NaN,NaN,NaN,NaN,NaN,NaN,NaN,NaN,NaN,NaN,NaN,NaN,NaN,NaN,NaN,NaN,NaN,NaN,
33.482,0.01963,0.00517,0.12997,0.65526,-0.20942,0.19189,-0.69997,NaN,NaN,NaN,NaN,NaN,NaN,NaN,NaN,NaN,NaN,NaN,NaN,NaN,NaN,NaN,NaN,NaN,NaN,NaN,NaN,NaN,
33.507,0.01960,0.00525,0.12986,0.65606,-0.21009,0.19098,-0.69926,NaN,NaN,NaN,NaN,NaN,NaN,NaN,NaN,NaN,NaN,NaN,NaN,NaN,NaN,NaN,NaN,NaN,NaN,NaN,NaN,NaN,
33.532,0.01962,0.00541,0.12972,0.65726,-0.21108,0.18963,-0.69821,NaN,NaN,NaN,NaN,NaN,NaN,NaN,NaN,NaN,NaN,NaN,NaN,NaN,NaN,NaN,NaN,NaN,NaN,NaN,NaN,NaN,
33.557,0.01961,0.00547,0.12968,0.65831,-0.21287,0.18894,-0.69686,NaN,NaN,NaN,NaN,NaN,NaN,NaN,NaN,NaN,NaN,NaN,NaN,NaN,NaN,NaN,NaN,NaN,NaN,NaN,NaN,NaN,
33.582,0.01959,0.00551,0.12971,0.65905,-0.21462,0.18871,-0.69568,NaN,NaN,NaN,NaN,NaN,NaN,NaN,NaN,NaN,NaN,NaN,NaN,NaN,NaN,NaN,NaN,NaN,NaN,NaN,NaN,NaN,
33.607,0.01968,0.00567,0.12954,0.65944,-0.21421,0.18788,-0.69567,NaN,NaN,NaN,NaN,NaN,NaN,NaN,NaN,NaN,NaN,NaN,NaN,NaN,NaN,NaN,NaN,NaN,NaN,NaN,NaN,NaN,
33.632,0.01963,0.00566,0.12954,0.65955,-0.21475,0.18799,-0.69536,NaN,NaN,NaN,NaN,NaN,NaN,NaN,NaN,NaN,NaN,NaN,NaN,NaN,NaN,NaN,NaN,NaN,NaN,NaN,NaN,NaN,
33.657,0.01965,0.00568,0.12945,0.65968,-0.21476,0.18780,-0.69530,NaN,NaN,NaN,NaN,NaN,NaN,NaN,NaN,NaN,NaN,NaN,NaN,NaN,NaN,NaN,NaN,NaN,NaN,NaN,NaN,NaN,
33.682,0.01964,0.00566,0.12941,0.65986,-0.21490,0.18759,-0.69514,NaN,NaN,NaN,NaN,NaN,NaN,NaN,NaN,NaN,NaN,NaN,NaN,NaN,NaN,NaN,NaN,NaN,NaN,NaN,NaN,NaN,
33.707,0.01968,0.00570,0.12942,0.65994,-0.21509,0.18757,-0.69501,NaN,NaN,NaN,NaN,NaN,NaN,NaN,NaN,NaN,NaN,NaN,NaN,NaN,NaN,NaN,NaN,NaN,NaN,NaN,NaN,NaN,
33.732,0.01970,0.00571,0.12942,0.65981,-0.21488,0.18765,-0.69517,NaN,NaN,NaN,NaN,NaN,NaN,NaN,NaN,NaN,NaN,NaN,NaN,NaN,NaN,NaN,NaN,NaN,NaN,NaN,NaN,NaN,
33.757,0.01966,0.00571,0.12943,0.65950,-0.21436,0.18786,-0.69557,NaN,NaN,NaN,NaN,NaN,NaN,NaN,NaN,NaN,NaN,NaN,NaN,NaN,NaN,NaN,NaN,NaN,NaN,NaN,NaN,NaN,
33.782,0.01967,0.00566,0.12944,0.65913,-0.21415,0.18835,-0.69586,NaN,NaN,NaN,NaN,NaN,NaN,NaN,NaN,NaN,NaN,NaN,NaN,NaN,NaN,NaN,NaN,NaN,NaN,NaN,NaN,NaN,
33.807,0.01963,0.00562,0.12950,0.65950,-0.21492,0.18817,-0.69532,NaN,NaN,NaN,NaN,NaN,NaN,NaN,NaN,NaN,NaN,NaN,NaN,NaN,NaN,NaN,NaN,NaN,NaN,NaN,NaN,NaN,
33.832,0.01964,0.00559,0.12946,0.65930,-0.21454,0.18827,-0.69559,NaN,NaN,NaN,NaN,NaN,NaN,NaN,NaN,NaN,NaN,NaN,NaN,NaN,NaN,NaN,NaN,NaN,NaN,NaN,NaN,NaN,
33.857,0.01965,0.00520,0.12944,0.65674,-0.21188,0.19089,-0.69811,NaN,NaN,NaN,NaN,NaN,NaN,NaN,NaN,NaN,NaN,NaN,NaN,NaN,NaN,NaN,NaN,NaN,NaN,NaN,NaN,NaN,
33.882,0.01965,0.00499,0.12952,0.65481,-0.21013,0.19297,-0.69988,NaN,NaN,NaN,NaN,NaN,NaN,NaN,NaN,NaN,NaN,NaN,NaN,NaN,NaN,NaN,NaN,NaN,NaN,NaN,NaN,NaN,
33.907,0.01968,0.00468,0.12952,0.65214,-0.20711,0.19550,-0.70256,NaN,NaN,NaN,NaN,NaN,NaN,NaN,NaN,NaN,NaN,NaN,NaN,NaN,NaN,NaN,NaN,NaN,NaN,NaN,NaN,NaN,
33.932,0.01966,0.00433,0.12954,0.64957,-0.20464,0.19815,-0.70492,NaN,NaN,NaN,NaN,NaN,NaN,NaN,NaN,NaN,NaN,NaN,NaN,NaN,NaN,NaN,NaN,NaN,NaN,NaN,NaN,NaN,
33.957,0.01971,0.00413,0.12954,0.64760,-0.20264,0.20010,-0.70676,NaN,NaN,NaN,NaN,NaN,NaN,NaN,NaN,NaN,NaN,NaN,NaN,NaN,NaN,NaN,NaN,NaN,NaN,NaN,NaN,NaN,
33.982,0.01968,0.00388,0.12953,0.64704,-0.20172,0.20047,-0.70743,NaN,NaN,NaN,NaN,NaN,NaN,NaN,NaN,NaN,NaN,NaN,NaN,NaN,NaN,NaN,NaN,NaN,NaN,NaN,NaN,NaN,
34.007,0.01966,0.00372,0.12968,0.64627,-0.20151,0.20153,-0.70789,NaN,NaN,NaN,NaN,NaN,NaN,NaN,NaN,NaN,NaN,NaN,NaN,NaN,NaN,NaN,NaN,NaN,NaN,NaN,NaN,NaN,
34.032,0.01967,0.00340,0.12975,0.64438,-0.19940,0.20327,-0.70971,NaN,NaN,NaN,NaN,NaN,NaN,NaN,NaN,NaN,NaN,NaN,NaN,NaN,NaN,NaN,NaN,NaN,NaN,NaN,NaN,NaN,
34.057,0.01970,0.00306,0.12985,0.64270,-0.19791,0.20502,-0.71115,NaN,NaN,NaN,NaN,NaN,NaN,NaN,NaN,NaN,NaN,NaN,NaN,NaN,NaN,NaN,NaN,NaN,NaN,NaN,NaN,NaN,
34.082,0.01973,0.00285,0.12991,0.64139,-0.19641,0.20618,-0.71241,NaN,NaN,NaN,NaN,NaN,NaN,NaN,NaN,NaN,NaN,NaN,NaN,NaN,NaN,NaN,NaN,NaN,NaN,NaN,NaN,NaN,
34.107,0.01976,0.00278,0.12996,0.64016,-0.19481,0.20717,-0.71367,NaN,NaN,NaN,NaN,NaN,NaN,NaN,NaN,NaN,NaN,NaN,NaN,NaN,NaN,NaN,NaN,NaN,NaN,NaN,NaN,NaN,
34.132,0.01972,0.00260,0.13007,0.63915,-0.19402,0.20827,-0.71447,NaN,NaN,NaN,NaN,NaN,NaN,NaN,NaN,NaN,NaN,NaN,NaN,NaN,NaN,NaN,NaN,NaN,NaN,NaN,NaN,NaN,
34.157,0.01972,0.00239,0.13017,0.63818,-0.19315,0.20926,-0.71529,NaN,NaN,NaN,NaN,NaN,NaN,NaN,NaN,NaN,NaN,NaN,NaN,NaN,NaN,NaN,NaN,NaN,NaN,NaN,NaN,NaN,
34.182,0.01969,0.00218,0.13030,0.63703,-0.19232,0.21052,-0.71616,NaN,NaN,NaN,NaN,NaN,NaN,NaN,NaN,NaN,NaN,NaN,NaN,NaN,NaN,NaN,NaN,NaN,NaN,NaN,NaN,NaN,
34.207,0.01969,0.00203,0.13032,0.63609,-0.19094,0.21117,-0.71717,NaN,NaN,NaN,NaN,NaN,NaN,NaN,NaN,NaN,NaN,NaN,NaN,NaN,NaN,NaN,NaN,NaN,NaN,NaN,NaN,NaN,
34.232,0.01973,0.00191,0.13040,0.63544,-0.19029,0.21179,-0.71774,NaN,NaN,NaN,NaN,NaN,NaN,NaN,NaN,NaN,NaN,NaN,NaN,NaN,NaN,NaN,NaN,NaN,NaN,NaN,NaN,NaN,
34.257,0.01973,0.00188,0.13049,0.63484,-0.18976,0.21240,-0.71823,NaN,NaN,NaN,NaN,NaN,NaN,NaN,NaN,NaN,NaN,NaN,NaN,NaN,NaN,NaN,NaN,NaN,NaN,NaN,NaN,NaN,
34.282,0.01972,0.00182,0.13051,0.63445,-0.18941,0.21279,-0.71856,NaN,NaN,NaN,NaN,NaN,NaN,NaN,NaN,NaN,NaN,NaN,NaN,NaN,NaN,NaN,NaN,NaN,NaN,NaN,NaN,NaN,
34.307,0.01970,0.00181,0.13052,0.63424,-0.18934,0.21306,-0.71867,NaN,NaN,NaN,NaN,NaN,NaN,NaN,NaN,NaN,NaN,NaN,NaN,NaN,NaN,NaN,NaN,NaN,NaN,NaN,NaN,NaN,
34.332,0.01971,0.00179,0.13049,0.63407,-0.18892,0.21309,-0.71893,NaN,NaN,NaN,NaN,NaN,NaN,NaN,NaN,NaN,NaN,NaN,NaN,NaN,NaN,NaN,NaN,NaN,NaN,NaN,NaN,NaN,
34.357,0.01974,0.00177,0.13044,0.63371,-0.18830,0.21327,-0.71935,NaN,NaN,NaN,NaN,NaN,NaN,NaN,NaN,NaN,NaN,NaN,NaN,NaN,NaN,NaN,NaN,NaN,NaN,NaN,NaN,NaN,
34.382,0.01970,0.00162,0.13050,0.63351,-0.18875,0.21383,-0.71925,NaN,NaN,NaN,NaN,NaN,NaN,NaN,NaN,NaN,NaN,NaN,NaN,NaN,NaN,NaN,NaN,NaN,NaN,NaN,NaN,NaN,
34.407,0.01969,0.00141,0.13037,0.63150,-0.18625,0.21543,-0.72118,NaN,NaN,NaN,NaN,NaN,NaN,NaN,NaN,NaN,NaN,NaN,NaN,NaN,NaN,NaN,NaN,NaN,NaN,NaN,NaN,NaN,
34.432,0.01946,0.00074,0.13055,0.62891,-0.18542,0.21881,-0.72264,NaN,NaN,NaN,NaN,NaN,NaN,NaN,NaN,NaN,NaN,NaN,NaN,NaN,NaN,NaN,NaN,NaN,NaN,NaN,NaN,NaN,
34.457,0.01982,0.00083,0.13035,0.62798,-0.18446,0.21965,-0.72344,NaN,NaN,NaN,NaN,NaN,NaN,NaN,NaN,NaN,NaN,NaN,NaN,NaN,NaN,NaN,NaN,NaN,NaN,NaN,NaN,NaN,
34.482,0.01975,0.00061,0.13022,0.62782,-0.18411,0.21969,-0.72365,NaN,NaN,NaN,NaN,NaN,NaN,NaN,NaN,NaN,NaN,NaN,NaN,NaN,NaN,NaN,NaN,NaN,NaN,NaN,NaN,NaN,
34.507,0.01975,0.00058,0.13022,0.62743,-0.18398,0.22020,-0.72387,NaN,NaN,NaN,NaN,NaN,NaN,NaN,NaN,NaN,NaN,NaN,NaN,NaN,NaN,NaN,NaN,NaN,NaN,NaN,NaN,NaN,
34.532,0.01980,0.00067,0.13007,0.62703,-0.18287,0.22017,-0.72452,NaN,NaN,NaN,NaN,NaN,NaN,NaN,NaN,NaN,NaN,NaN,NaN,NaN,NaN,NaN,NaN,NaN,NaN,NaN,NaN,NaN,
34.557,0.01979,0.00065,0.13003,0.62696,-0.18320,0.22046,-0.72440,NaN,NaN,NaN,NaN,NaN,NaN,NaN,NaN,NaN,NaN,NaN,NaN,NaN,NaN,NaN,NaN,NaN,NaN,NaN,NaN,NaN,
34.582,0.01974,0.00051,0.12993,0.62723,-0.18312,0.22001,-0.72432,NaN,NaN,NaN,NaN,NaN,NaN,NaN,NaN,NaN,NaN,NaN,NaN,NaN,NaN,NaN,NaN,NaN,NaN,NaN,NaN,NaN,
34.607,0.01980,0.00054,0.12987,0.62774,-0.18340,0.21941,-0.72399,NaN,NaN,NaN,NaN,NaN,NaN,NaN,NaN,NaN,NaN,NaN,NaN,NaN,NaN,NaN,NaN,NaN,NaN,NaN,NaN,NaN,
34.632,0.01981,0.00062,0.12995,0.62805,-0.18442,0.21953,-0.72343,NaN,NaN,NaN,NaN,NaN,NaN,NaN,NaN,NaN,NaN,NaN,NaN,NaN,NaN,NaN,NaN,NaN,NaN,NaN,NaN,NaN,
34.657,0.01987,0.00076,0.12980,0.62828,-0.18351,0.21867,-0.72372,NaN,NaN,NaN,NaN,NaN,NaN,NaN,NaN,NaN,NaN,NaN,NaN,NaN,NaN,NaN,NaN,NaN,NaN,NaN,NaN,NaN,
34.682,0.01981,0.00067,0.12984,0.62886,-0.18425,0.21823,-0.72316,NaN,NaN,NaN,NaN,NaN,NaN,NaN,NaN,NaN,NaN,NaN,NaN,NaN,NaN,NaN,NaN,NaN,NaN,NaN,NaN,NaN,
34.707,0.01975,0.00062,0.12988,0.62947,-0.18513,0.21783,-0.72253,NaN,NaN,NaN,NaN,NaN,NaN,NaN,NaN,NaN,NaN,NaN,NaN,NaN,NaN,NaN,NaN,NaN,NaN,NaN,NaN,NaN,
34.732,0.01977,0.00062,0.12997,0.62816,-0.18429,0.21929,-0.72344,NaN,NaN,NaN,NaN,NaN,NaN,NaN,NaN,NaN,NaN,NaN,NaN,NaN,NaN,NaN,NaN,NaN,NaN,NaN,NaN,NaN,
34.757,0.01977,0.00065,0.12993,0.62837,-0.18425,0.21897,-0.72337,NaN,NaN,NaN,NaN,NaN,NaN,NaN,NaN,NaN,NaN,NaN,NaN,NaN,NaN,NaN,NaN,NaN,NaN,NaN,NaN,NaN,
34.782,0.01978,0.00067,0.12990,0.62868,-0.18433,0.21854,-0.72320,NaN,NaN,NaN,NaN,NaN,NaN,NaN,NaN,NaN,NaN,NaN,NaN,NaN,NaN,NaN,NaN,NaN,NaN,NaN,NaN,NaN,
34.807,0.01978,0.00071,0.12989,0.62909,-0.18450,0.21804,-0.72296,NaN,NaN,NaN,NaN,NaN,NaN,NaN,NaN,NaN,NaN,NaN,NaN,NaN,NaN,NaN,NaN,NaN,NaN,NaN,NaN,NaN,
34.832,0.01979,0.00076,0.12988,0.62947,-0.18463,0.21755,-0.72274,NaN,NaN,NaN,NaN,NaN,NaN,NaN,NaN,NaN,NaN,NaN,NaN,NaN,NaN,NaN,NaN,NaN,NaN,NaN,NaN,NaN,
34.857,0.01979,0.00080,0.12987,0.62988,-0.18478,0.21702,-0.72250,NaN,NaN,NaN,NaN,NaN,NaN,NaN,NaN,NaN,NaN,NaN,NaN,NaN,NaN,NaN,NaN,NaN,NaN,NaN,NaN,NaN,
34.882,0.01972,0.00086,0.13005,0.63250,-0.18695,0.21433,-0.72045,NaN,NaN,NaN,NaN,NaN,NaN,NaN,NaN,NaN,NaN,NaN,NaN,NaN,NaN,NaN,NaN,NaN,NaN,NaN,NaN,NaN,
34.907,0.01974,0.00093,0.13017,0.63261,-0.18720,0.21431,-0.72030,NaN,NaN,NaN,NaN,NaN,NaN,NaN,NaN,NaN,NaN,NaN,NaN,NaN,NaN,NaN,NaN,NaN,NaN,NaN,NaN,NaN,
34.932,0.01975,0.00098,0.13012,0.63273,-0.18616,0.21354,-0.72069,NaN,NaN,NaN,NaN,NaN,NaN,NaN,NaN,NaN,NaN,NaN,NaN,NaN,NaN,NaN,NaN,NaN,NaN,NaN,NaN,NaN,
34.957,0.01975,0.00088,0.13021,0.63283,-0.18642,0.21354,-0.72054,NaN,NaN,NaN,NaN,NaN,NaN,NaN,NaN,NaN,NaN,NaN,NaN,NaN,NaN,NaN,NaN,NaN,NaN,NaN,NaN,NaN,
34.982,0.01973,0.00083,0.13022,0.63264,-0.18590,0.21353,-0.72084,NaN,NaN,NaN,NaN,NaN,NaN,NaN,NaN,NaN,NaN,NaN,NaN,NaN,NaN,NaN,NaN,NaN,NaN,NaN,NaN,NaN,
35.007,0.01969,0.00076,0.13035,0.63242,-0.18607,0.21395,-0.72086,NaN,NaN,NaN,NaN,NaN,NaN,NaN,NaN,NaN,NaN,NaN,NaN,NaN,NaN,NaN,NaN,NaN,NaN,NaN,NaN,NaN,
35.032,0.01974,0.00076,0.13042,0.63197,-0.18548,0.21430,-0.72131,NaN,NaN,NaN,NaN,NaN,NaN,NaN,NaN,NaN,NaN,NaN,NaN,NaN,NaN,NaN,NaN,NaN,NaN,NaN,NaN,NaN,
35.057,0.01978,0.00069,0.13041,0.63159,-0.18465,0.21440,-0.72183,NaN,NaN,NaN,NaN,NaN,NaN,NaN,NaN,NaN,NaN,NaN,NaN,NaN,NaN,NaN,NaN,NaN,NaN,NaN,NaN,NaN,
35.082,0.01968,0.00052,0.13054,0.63099,-0.18477,0.21536,-0.72203,NaN,NaN,NaN,NaN,NaN,NaN,NaN,NaN,NaN,NaN,NaN,NaN,NaN,NaN,NaN,NaN,NaN,NaN,NaN,NaN,NaN,
35.107,0.01968,0.00046,0.13061,0.63083,-0.18493,0.21569,-0.72203,NaN,NaN,NaN,NaN,NaN,NaN,NaN,NaN,NaN,NaN,NaN,NaN,NaN,NaN,NaN,NaN,NaN,NaN,NaN,NaN,NaN,
35.132,0.01972,0.00046,0.13062,0.63102,-0.18511,0.21550,-0.72188,NaN,NaN,NaN,NaN,NaN,NaN,NaN,NaN,NaN,NaN,NaN,NaN,NaN,NaN,NaN,NaN,NaN,NaN,NaN,NaN,NaN,
35.157,0.01981,0.00045,0.13054,0.63028,-0.18367,0.21580,-0.72280,NaN,NaN,NaN,NaN,NaN,NaN,NaN,NaN,NaN,NaN,NaN,NaN,NaN,NaN,NaN,NaN,NaN,NaN,NaN,NaN,NaN,
35.182,0.01975,0.00021,0.13055,0.62919,-0.18272,0.21689,-0.72367,NaN,NaN,NaN,NaN,NaN,NaN,NaN,NaN,NaN,NaN,NaN,NaN,NaN,NaN,NaN,NaN,NaN,NaN,NaN,NaN,NaN,
35.207,0.01968,0.00000,0.13057,0.62830,-0.18211,0.21785,-0.72430,NaN,NaN,NaN,NaN,NaN,NaN,NaN,NaN,NaN,NaN,NaN,NaN,NaN,NaN,NaN,NaN,NaN,NaN,NaN,NaN,NaN,
35.232,0.01977,-0.00009,0.13051,0.62760,-0.18102,0.21829,-0.72505,NaN,NaN,NaN,NaN,NaN,NaN,NaN,NaN,NaN,NaN,NaN,NaN,NaN,NaN,NaN,NaN,NaN,NaN,NaN,NaN,NaN,
35.257,0.01980,-0.00015,0.13051,0.62683,-0.18015,0.21893,-0.72574,NaN,NaN,NaN,NaN,NaN,NaN,NaN,NaN,NaN,NaN,NaN,NaN,NaN,NaN,NaN,NaN,NaN,NaN,NaN,NaN,NaN,
35.282,0.01981,-0.00026,0.13041,0.62665,-0.17971,0.21894,-0.72600,NaN,NaN,NaN,NaN,NaN,NaN,NaN,NaN,NaN,NaN,NaN,NaN,NaN,NaN,NaN,NaN,NaN,NaN,NaN,NaN,NaN,
35.307,0.01985,-0.00024,0.13036,0.62668,-0.18005,0.21909,-0.72584,NaN,NaN,NaN,NaN,NaN,NaN,NaN,NaN,NaN,NaN,NaN,NaN,NaN,NaN,NaN,NaN,NaN,NaN,NaN,NaN,NaN,
35.332,0.01976,-0.00048,0.13032,0.62583,-0.17967,0.22014,-0.72636,NaN,NaN,NaN,NaN,NaN,NaN,NaN,NaN,NaN,NaN,NaN,NaN,NaN,NaN,NaN,NaN,NaN,NaN,NaN,NaN,NaN,
35.357,0.01978,-0.00064,0.13022,0.62448,-0.17818,0.22128,-0.72754,NaN,NaN,NaN,NaN,NaN,NaN,NaN,NaN,NaN,NaN,NaN,NaN,NaN,NaN,NaN,NaN,NaN,NaN,NaN,NaN,NaN,
35.382,0.01978,-0.00088,0.13018,0.62313,-0.17738,0.22280,-0.72842,NaN,NaN,NaN,NaN,NaN,NaN,NaN,NaN,NaN,NaN,NaN,NaN,NaN,NaN,NaN,NaN,NaN,NaN,NaN,NaN,NaN,
35.407,0.01983,-0.00097,0.13008,0.62226,-0.17635,0.22349,-0.72921,NaN,NaN,NaN,NaN,NaN,NaN,NaN,NaN,NaN,NaN,NaN,NaN,NaN,NaN,NaN,NaN,NaN,NaN,NaN,NaN,NaN,
35.432,0.01981,-0.00118,0.13001,0.62150,-0.17569,0.22423,-0.72979,NaN,NaN,NaN,NaN,NaN,NaN,NaN,NaN,NaN,NaN,NaN,NaN,NaN,NaN,NaN,NaN,NaN,NaN,NaN,NaN,NaN,
35.457,0.01981,-0.00133,0.12989,0.62063,-0.17477,0.22498,-0.73052,NaN,NaN,NaN,NaN,NaN,NaN,NaN,NaN,NaN,NaN,NaN,NaN,NaN,NaN,NaN,NaN,NaN,NaN,NaN,NaN,NaN,
35.482,0.01981,-0.00142,0.12990,0.61982,-0.17440,0.22596,-0.73100,NaN,NaN,NaN,NaN,NaN,NaN,NaN,NaN,NaN,NaN,NaN,NaN,NaN,NaN,NaN,NaN,NaN,NaN,NaN,NaN,NaN,
35.507,0.01980,-0.00158,0.12987,0.61924,-0.17394,0.22654,-0.73142,NaN,NaN,NaN,NaN,NaN,NaN,NaN,NaN,NaN,NaN,NaN,NaN,NaN,NaN,NaN,NaN,NaN,NaN,NaN,NaN,NaN,
35.532,0.01977,-0.00171,0.12984,0.61874,-0.17351,0.22702,-0.73179,NaN,NaN,NaN,NaN,NaN,NaN,NaN,NaN,NaN,NaN,NaN,NaN,NaN,NaN,NaN,NaN,NaN,NaN,NaN,NaN,NaN,
35.557,0.01973,-0.00190,0.12982,0.61809,-0.17287,0.22759,-0.73231,NaN,NaN,NaN,NaN,NaN,NaN,NaN,NaN,NaN,NaN,NaN,NaN,NaN,NaN,NaN,NaN,NaN,NaN,NaN,NaN,NaN,
35.582,0.01974,-0.00209,0.12979,0.61733,-0.17207,0.22823,-0.73294,NaN,NaN,NaN,NaN,NaN,NaN,NaN,NaN,NaN,NaN,NaN,NaN,NaN,NaN,NaN,NaN,NaN,NaN,NaN,NaN,NaN,
35.607,0.01977,-0.00219,0.12976,0.61671,-0.17126,0.22867,-0.73352,NaN,NaN,NaN,NaN,NaN,NaN,NaN,NaN,NaN,NaN,NaN,NaN,NaN,NaN,NaN,NaN,NaN,NaN,NaN,NaN,NaN,
35.632,0.01979,-0.00217,0.12978,0.61628,-0.17085,0.22907,-0.73385,NaN,NaN,NaN,NaN,NaN,NaN,NaN,NaN,NaN,NaN,NaN,NaN,NaN,NaN,NaN,NaN,NaN,NaN,NaN,NaN,NaN,
35.657,0.01979,-0.00221,0.12976,0.61606,-0.17065,0.22927,-0.73402,NaN,NaN,NaN,NaN,NaN,NaN,NaN,NaN,NaN,NaN,NaN,NaN,NaN,NaN,NaN,NaN,NaN,NaN,NaN,NaN,NaN,
35.682,0.01979,-0.00223,0.12980,0.61588,-0.17070,0.22955,-0.73407,NaN,NaN,NaN,NaN,NaN,NaN,NaN,NaN,NaN,NaN,NaN,NaN,NaN,NaN,NaN,NaN,NaN,NaN,NaN,NaN,NaN,
35.707,0.01983,-0.00226,0.12983,0.61569,-0.17022,0.22955,-0.73434,NaN,NaN,NaN,NaN,NaN,NaN,NaN,NaN,NaN,NaN,NaN,NaN,NaN,NaN,NaN,NaN,NaN,NaN,NaN,NaN,NaN,
35.732,0.01979,-0.00234,0.12993,0.61543,-0.17026,0.22995,-0.73442,NaN,NaN,NaN,NaN,NaN,NaN,NaN,NaN,NaN,NaN,NaN,NaN,NaN,NaN,NaN,NaN,NaN,NaN,NaN,NaN,NaN,
35.757,0.01976,-0.00242,0.13002,0.61512,-0.17001,0.23027,-0.73465,NaN,NaN,NaN,NaN,NaN,NaN,NaN,NaN,NaN,NaN,NaN,NaN,NaN,NaN,NaN,NaN,NaN,NaN,NaN,NaN,NaN,
35.782,0.01983,-0.00239,0.13005,0.61508,-0.16958,0.23008,-0.73484,NaN,NaN,NaN,NaN,NaN,NaN,NaN,NaN,NaN,NaN,NaN,NaN,NaN,NaN,NaN,NaN,NaN,NaN,NaN,NaN,NaN,
35.807,0.01980,-0.00240,0.13012,0.61512,-0.16947,0.22995,-0.73487,NaN,NaN,NaN,NaN,NaN,NaN,NaN,NaN,NaN,NaN,NaN,NaN,NaN,NaN,NaN,NaN,NaN,NaN,NaN,NaN,NaN,
35.832,0.01975,-0.00246,0.13022,0.61541,-0.16984,0.22975,-0.73460,NaN,NaN,NaN,NaN,NaN,NaN,NaN,NaN,NaN,NaN,NaN,NaN,NaN,NaN,NaN,NaN,NaN,NaN,NaN,NaN,NaN,
35.857,0.01975,-0.00239,0.13025,0.61539,-0.16926,0.22944,-0.73485,NaN,NaN,NaN,NaN,NaN,NaN,NaN,NaN,NaN,NaN,NaN,NaN,NaN,NaN,NaN,NaN,NaN,NaN,NaN,NaN,NaN,
35.882,0.01974,-0.00244,0.13035,0.61531,-0.16939,0.22963,-0.73483,NaN,NaN,NaN,NaN,NaN,NaN,NaN,NaN,NaN,NaN,NaN,NaN,NaN,NaN,NaN,NaN,NaN,NaN,NaN,NaN,NaN,
35.907,0.01979,-0.00242,0.13032,0.61516,-0.16863,0.22941,-0.73519,NaN,NaN,NaN,NaN,NaN,NaN,NaN,NaN,NaN,NaN,NaN,NaN,NaN,NaN,NaN,NaN,NaN,NaN,NaN,NaN,NaN,
35.932,0.01980,-0.00243,0.13036,0.61498,-0.16860,0.22965,-0.73528,NaN,NaN,NaN,NaN,NaN,NaN,NaN,NaN,NaN,NaN,NaN,NaN,NaN,NaN,NaN,NaN,NaN,NaN,NaN,NaN,NaN,
35.957,0.01974,-0.00252,0.13039,0.61453,-0.16861,0.23031,-0.73545,NaN,NaN,NaN,NaN,NaN,NaN,NaN,NaN,NaN,NaN,NaN,NaN,NaN,NaN,NaN,NaN,NaN,NaN,NaN,NaN,NaN,
35.982,0.01975,-0.00279,0.13035,0.61308,-0.16736,0.23169,-0.73651,NaN,NaN,NaN,NaN,NaN,NaN,NaN,NaN,NaN,NaN,NaN,NaN,NaN,NaN,NaN,NaN,NaN,NaN,NaN,NaN,NaN,
36.007,0.01974,-0.00298,0.13031,0.61212,-0.16648,0.23256,-0.73723,NaN,NaN,NaN,NaN,NaN,NaN,NaN,NaN,NaN,NaN,NaN,NaN,NaN,NaN,NaN,NaN,NaN,NaN,NaN,NaN,NaN,
36.032,0.01981,-0.00295,0.13030,0.61201,-0.16630,0.23260,-0.73734,NaN,NaN,NaN,NaN,NaN,NaN,NaN,NaN,NaN,NaN,NaN,NaN,NaN,NaN,NaN,NaN,NaN,NaN,NaN,NaN,NaN,
36.057,0.01975,-0.00308,0.13033,0.61176,-0.16634,0.23300,-0.73743,NaN,NaN,NaN,NaN,NaN,NaN,NaN,NaN,NaN,NaN,NaN,NaN,NaN,NaN,NaN,NaN,NaN,NaN,NaN,NaN,NaN,
36.082,0.01974,-0.00312,0.13027,0.61136,-0.16596,0.23334,-0.73773,NaN,NaN,NaN,NaN,NaN,NaN,NaN,NaN,NaN,NaN,NaN,NaN,NaN,NaN,NaN,NaN,NaN,NaN,NaN,NaN,NaN,
36.107,0.01975,-0.00328,0.13027,0.61104,-0.16631,0.23400,-0.73771,NaN,NaN,NaN,NaN,NaN,NaN,NaN,NaN,NaN,NaN,NaN,NaN,NaN,NaN,NaN,NaN,NaN,NaN,NaN,NaN,NaN,
36.132,0.01975,-0.00337,0.13015,0.61065,-0.16585,0.23429,-0.73804,NaN,NaN,NaN,NaN,NaN,NaN,NaN,NaN,NaN,NaN,NaN,NaN,NaN,NaN,NaN,NaN,NaN,NaN,NaN,NaN,NaN,
36.157,0.01975,-0.00347,0.13011,0.61035,-0.16579,0.23469,-0.73818,NaN,NaN,NaN,NaN,NaN,NaN,NaN,NaN,NaN,NaN,NaN,NaN,NaN,NaN,NaN,NaN,NaN,NaN,NaN,NaN,NaN,
36.182,0.01982,-0.00353,0.12997,0.60988,-0.16503,0.23493,-0.73866,NaN,NaN,NaN,NaN,NaN,NaN,NaN,NaN,NaN,NaN,NaN,NaN,NaN,NaN,NaN,NaN,NaN,NaN,NaN,NaN,NaN,
36.207,0.01984,-0.00361,0.12992,0.60937,-0.16481,0.23553,-0.73894,NaN,NaN,NaN,NaN,NaN,NaN,NaN,NaN,NaN,NaN,NaN,NaN,NaN,NaN,NaN,NaN,NaN,NaN,NaN,NaN,NaN,
36.232,0.01986,-0.00364,0.12979,0.60818,-0.16329,0.23635,-0.73999,NaN,NaN,NaN,NaN,NaN,NaN,NaN,NaN,NaN,NaN,NaN,NaN,NaN,NaN,NaN,NaN,NaN,NaN,NaN,NaN,NaN,
36.257,0.01979,-0.00384,0.12972,0.60675,-0.16234,0.23783,-0.74090,NaN,NaN,NaN,NaN,NaN,NaN,NaN,NaN,NaN,NaN,NaN,NaN,NaN,NaN,NaN,NaN,NaN,NaN,NaN,NaN,NaN,
36.282,0.01979,-0.00400,0.12969,0.60562,-0.16189,0.23919,-0.74149,NaN,NaN,NaN,NaN,NaN,NaN,NaN,NaN,NaN,NaN,NaN,NaN,NaN,NaN,NaN,NaN,NaN,NaN,NaN,NaN,NaN,
36.307,0.01976,-0.00419,0.12961,0.60482,-0.16113,0.23988,-0.74208,NaN,NaN,NaN,NaN,NaN,NaN,NaN,NaN,NaN,NaN,NaN,NaN,NaN,NaN,NaN,NaN,NaN,NaN,NaN,NaN,NaN,
36.332,0.01980,-0.00421,0.12955,0.60419,-0.16052,0.24042,-0.74255,NaN,NaN,NaN,NaN,NaN,NaN,NaN,NaN,NaN,NaN,NaN,NaN,NaN,NaN,NaN,NaN,NaN,NaN,NaN,NaN,NaN,
36.357,0.01981,-0.00428,0.12955,0.60393,-0.16043,0.24074,-0.74268,NaN,NaN,NaN,NaN,NaN,NaN,NaN,NaN,NaN,NaN,NaN,NaN,NaN,NaN,NaN,NaN,NaN,NaN,NaN,NaN,NaN,
36.382,0.01985,-0.00426,0.12955,0.60382,-0.16041,0.24088,-0.74273,NaN,NaN,NaN,NaN,NaN,NaN,NaN,NaN,NaN,NaN,NaN,NaN,NaN,NaN,NaN,NaN,NaN,NaN,NaN,NaN,NaN,
36.407,0.01983,-0.00423,0.12955,0.60360,-0.16013,0.24103,-0.74292,NaN,NaN,NaN,NaN,NaN,NaN,NaN,NaN,NaN,NaN,NaN,NaN,NaN,NaN,NaN,NaN,NaN,NaN,NaN,NaN,NaN,
36.432,0.01980,-0.00425,0.12955,0.60353,-0.16002,0.24106,-0.74299,NaN,NaN,NaN,NaN,NaN,NaN,NaN,NaN,NaN,NaN,NaN,NaN,NaN,NaN,NaN,NaN,NaN,NaN,NaN,NaN,NaN,
36.457,0.01978,-0.00433,0.12958,0.60360,-0.16026,0.24111,-0.74287,NaN,NaN,NaN,NaN,NaN,NaN,NaN,NaN,NaN,NaN,NaN,NaN,NaN,NaN,NaN,NaN,NaN,NaN,NaN,NaN,NaN,
36.482,0.01980,-0.00425,0.12958,0.60414,-0.16057,0.24052,-0.74255,NaN,NaN,NaN,NaN,NaN,NaN,NaN,NaN,NaN,NaN,NaN,NaN,NaN,NaN,NaN,NaN,NaN,NaN,NaN,NaN,NaN,
36.507,0.01980,-0.00428,0.12956,0.60385,-0.16027,0.24076,-0.74277,NaN,NaN,NaN,NaN,NaN,NaN,NaN,NaN,NaN,NaN,NaN,NaN,NaN,NaN,NaN,NaN,NaN,NaN,NaN,NaN,NaN,
36.532,0.01981,-0.00429,0.12954,0.60363,-0.15998,0.24089,-0.74297,NaN,NaN,NaN,NaN,NaN,NaN,NaN,NaN,NaN,NaN,NaN,NaN,NaN,NaN,NaN,NaN,NaN,NaN,NaN,NaN,NaN,
36.557,0.01982,-0.00428,0.12954,0.60350,-0.15977,0.24096,-0.74310,NaN,NaN,NaN,NaN,NaN,NaN,NaN,NaN,NaN,NaN,NaN,NaN,NaN,NaN,NaN,NaN,NaN,NaN,NaN,NaN,NaN,
36.582,0.01988,-0.00439,0.12953,0.60240,-0.15838,0.24171,-0.74405,NaN,NaN,NaN,NaN,NaN,NaN,NaN,NaN,NaN,NaN,NaN,NaN,NaN,NaN,NaN,NaN,NaN,NaN,NaN,NaN,NaN,
36.607,0.01974,-0.00495,0.12974,0.60027,-0.15760,0.24426,-0.74510,NaN,NaN,NaN,NaN,NaN,NaN,NaN,NaN,NaN,NaN,NaN,NaN,NaN,NaN,NaN,NaN,NaN,NaN,NaN,NaN,NaN,
36.632,0.01975,-0.00503,0.12977,0.59842,-0.15577,0.24578,-0.74647,NaN,NaN,NaN,NaN,NaN,NaN,NaN,NaN,NaN,NaN,NaN,NaN,NaN,NaN,NaN,NaN,NaN,NaN,NaN,NaN,NaN,
36.657,0.01980,-0.00508,0.12984,0.59732,-0.15464,0.24666,-0.74730,NaN,NaN,NaN,NaN,NaN,NaN,NaN,NaN,NaN,NaN,NaN,NaN,NaN,NaN,NaN,NaN,NaN,NaN,NaN,NaN,NaN,
36.682,0.01975,-0.00527,0.12995,0.59638,-0.15395,0.24758,-0.74789,NaN,NaN,NaN,NaN,NaN,NaN,NaN,NaN,NaN,NaN,NaN,NaN,NaN,NaN,NaN,NaN,NaN,NaN,NaN,NaN,NaN,
36.707,0.01963,-0.00544,0.13023,0.59756,-0.15585,0.24703,-0.74673,NaN,NaN,NaN,NaN,NaN,NaN,NaN,NaN,NaN,NaN,NaN,NaN,NaN,NaN,NaN,NaN,NaN,NaN,NaN,NaN,NaN,
36.732,0.01977,-0.00510,0.13011,0.59946,-0.15671,0.24488,-0.74574,NaN,NaN,NaN,NaN,NaN,NaN,NaN,NaN,NaN,NaN,NaN,NaN,NaN,NaN,NaN,NaN,NaN,NaN,NaN,NaN,NaN,
36.757,0.01973,-0.00512,0.13019,0.59962,-0.15794,0.24536,-0.74519,NaN,NaN,NaN,NaN,NaN,NaN,NaN,NaN,NaN,NaN,NaN,NaN,NaN,NaN,NaN,NaN,NaN,NaN,NaN,NaN,NaN,
36.782,0.01974,-0.00516,0.13021,0.59951,-0.15819,0.24566,-0.74513,NaN,NaN,NaN,NaN,NaN,NaN,NaN,NaN,NaN,NaN,NaN,NaN,NaN,NaN,NaN,NaN,NaN,NaN,NaN,NaN,NaN,
36.807,0.01980,-0.00518,0.13014,0.59968,-0.15821,0.24544,-0.74506,NaN,NaN,NaN,NaN,NaN,NaN,NaN,NaN,NaN,NaN,NaN,NaN,NaN,NaN,NaN,NaN,NaN,NaN,NaN,NaN,NaN,
36.832,0.01976,-0.00529,0.13018,0.59954,-0.15875,0.24595,-0.74489,NaN,NaN,NaN,NaN,NaN,NaN,NaN,NaN,NaN,NaN,NaN,NaN,NaN,NaN,NaN,NaN,NaN,NaN,NaN,NaN,NaN,
36.857,0.01979,-0.00528,0.13015,0.59917,-0.15847,0.24630,-0.74513,NaN,NaN,NaN,NaN,NaN,NaN,NaN,NaN,NaN,NaN,NaN,NaN,NaN,NaN,NaN,NaN,NaN,NaN,NaN,NaN,NaN,
36.882,0.01975,-0.00524,0.13012,0.59930,-0.15849,0.24614,-0.74508,NaN,NaN,NaN,NaN,NaN,NaN,NaN,NaN,NaN,NaN,NaN,NaN,NaN,NaN,NaN,NaN,NaN,NaN,NaN,NaN,NaN,
36.907,0.01972,-0.00522,0.13014,0.60004,-0.15971,0.24580,-0.74433,NaN,NaN,NaN,NaN,NaN,NaN,NaN,NaN,NaN,NaN,NaN,NaN,NaN,NaN,NaN,NaN,NaN,NaN,NaN,NaN,NaN,
36.932,0.01972,-0.00516,0.13008,0.60093,-0.16083,0.24520,-0.74357,NaN,NaN,NaN,NaN,NaN,NaN,NaN,NaN,NaN,NaN,NaN,NaN,NaN,NaN,NaN,NaN,NaN,NaN,NaN,NaN,NaN,
36.957,0.01974,-0.00518,0.13002,0.60096,-0.16135,0.24545,-0.74334,NaN,NaN,NaN,NaN,NaN,NaN,NaN,NaN,NaN,NaN,NaN,NaN,NaN,NaN,NaN,NaN,NaN,NaN,NaN,NaN,NaN,
36.982,0.01980,-0.00515,0.12984,0.60011,-0.16022,0.24600,-0.74410,NaN,NaN,NaN,NaN,NaN,NaN,NaN,NaN,NaN,NaN,NaN,NaN,NaN,NaN,NaN,NaN,NaN,NaN,NaN,NaN,NaN,
37.007,0.01965,-0.00536,0.12985,0.59949,-0.15990,0.24668,-0.74444,NaN,NaN,NaN,NaN,NaN,NaN,NaN,NaN,NaN,NaN,NaN,NaN,NaN,NaN,NaN,NaN,NaN,NaN,NaN,NaN,NaN,
37.032,0.01950,-0.00531,0.12977,0.59846,-0.15678,0.24632,-0.74605,NaN,NaN,NaN,NaN,NaN,NaN,NaN,NaN,NaN,NaN,NaN,NaN,NaN,NaN,NaN,NaN,NaN,NaN,NaN,NaN,NaN,
37.057,0.01938,-0.00544,0.12969,0.59811,-0.15639,0.24657,-0.74633,NaN,NaN,NaN,NaN,NaN,NaN,NaN,NaN,NaN,NaN,NaN,NaN,NaN,NaN,NaN,NaN,NaN,NaN,NaN,NaN,NaN,
37.082,0.01929,-0.00573,0.12964,0.59754,-0.15620,0.24727,-0.74660,NaN,NaN,NaN,NaN,NaN,NaN,NaN,NaN,NaN,NaN,NaN,NaN,NaN,NaN,NaN,NaN,NaN,NaN,NaN,NaN,NaN,
37.107,0.01922,-0.00585,0.12958,0.59641,-0.15455,0.24788,-0.74764,NaN,NaN,NaN,NaN,NaN,NaN,NaN,NaN,NaN,NaN,NaN,NaN,NaN,NaN,NaN,NaN,NaN,NaN,NaN,NaN,NaN,
37.132,0.01916,-0.00597,0.12947,0.59491,-0.15238,0.24870,-0.74900,NaN,NaN,NaN,NaN,NaN,NaN,NaN,NaN,NaN,NaN,NaN,NaN,NaN,NaN,NaN,NaN,NaN,NaN,NaN,NaN,NaN,
37.157,0.01904,-0.00616,0.12951,0.59398,-0.15131,0.24938,-0.74974,NaN,NaN,NaN,NaN,NaN,NaN,NaN,NaN,NaN,NaN,NaN,NaN,NaN,NaN,NaN,NaN,NaN,NaN,NaN,NaN,NaN,
37.182,0.01894,-0.00620,0.12943,0.59312,-0.14983,0.24970,-0.75061,NaN,NaN,NaN,NaN,NaN,NaN,NaN,NaN,NaN,NaN,NaN,NaN,NaN,NaN,NaN,NaN,NaN,NaN,NaN,NaN,NaN,
37.207,0.01895,-0.00633,0.12937,0.59176,-0.14876,0.25095,-0.75147,NaN,NaN,NaN,NaN,NaN,NaN,NaN,NaN,NaN,NaN,NaN,NaN,NaN,NaN,NaN,NaN,NaN,NaN,NaN,NaN,NaN,
37.232,0.01885,-0.00664,0.12938,0.59056,-0.14764,0.25195,-0.75231,NaN,NaN,NaN,NaN,NaN,NaN,NaN,NaN,NaN,NaN,NaN,NaN,NaN,NaN,NaN,NaN,NaN,NaN,NaN,NaN,NaN,
37.257,0.01866,-0.00681,0.12945,0.58893,-0.14521,0.25276,-0.75378,NaN,NaN,NaN,NaN,NaN,NaN,NaN,NaN,NaN,NaN,NaN,NaN,NaN,NaN,NaN,NaN,NaN,NaN,NaN,NaN,NaN,
37.282,0.01854,-0.00699,0.12937,0.58817,-0.14337,0.25273,-0.75474,NaN,NaN,NaN,NaN,NaN,NaN,NaN,NaN,NaN,NaN,NaN,NaN,NaN,NaN,NaN,NaN,NaN,NaN,NaN,NaN,NaN,
37.307,0.01845,-0.00713,0.12943,0.58784,-0.14336,0.25317,-0.75485,NaN,NaN,NaN,NaN,NaN,NaN,NaN,NaN,NaN,NaN,NaN,NaN,NaN,NaN,NaN,NaN,NaN,NaN,NaN,NaN,NaN,
37.332,0.01839,-0.00718,0.12948,0.58710,-0.14235,0.25359,-0.75547,NaN,NaN,NaN,NaN,NaN,NaN,NaN,NaN,NaN,NaN,NaN,NaN,NaN,NaN,NaN,NaN,NaN,NaN,NaN,NaN,NaN,
37.357,0.01838,-0.00726,0.12952,0.58621,-0.14151,0.25432,-0.75608,NaN,NaN,NaN,NaN,NaN,NaN,NaN,NaN,NaN,NaN,NaN,NaN,NaN,NaN,NaN,NaN,NaN,NaN,NaN,NaN,NaN,
37.382,0.01839,-0.00743,0.12959,0.58526,-0.14101,0.25532,-0.75657,NaN,NaN,NaN,NaN,NaN,NaN,NaN,NaN,NaN,NaN,NaN,NaN,NaN,NaN,NaN,NaN,NaN,NaN,NaN,NaN,NaN,
37.407,0.01838,-0.00748,0.12964,0.58442,-0.14020,0.25598,-0.75714,NaN,NaN,NaN,NaN,NaN,NaN,NaN,NaN,NaN,NaN,NaN,NaN,NaN,NaN,NaN,NaN,NaN,NaN,NaN,NaN,NaN,
37.432,0.01837,-0.00759,0.12968,0.58318,-0.13909,0.25702,-0.75795,NaN,NaN,NaN,NaN,NaN,NaN,NaN,NaN,NaN,NaN,NaN,NaN,NaN,NaN,NaN,NaN,NaN,NaN,NaN,NaN,NaN,
37.457,0.01821,-0.00787,0.12990,0.58224,-0.13854,0.25797,-0.75845,NaN,NaN,NaN,NaN,NaN,NaN,NaN,NaN,NaN,NaN,NaN,NaN,NaN,NaN,NaN,NaN,NaN,NaN,NaN,NaN,NaN,
37.482,0.01807,-0.00788,0.12994,0.58148,-0.13655,0.25782,-0.75945,NaN,NaN,NaN,NaN,NaN,NaN,NaN,NaN,NaN,NaN,NaN,NaN,NaN,NaN,NaN,NaN,NaN,NaN,NaN,NaN,NaN,
37.507,0.01807,-0.00786,0.12995,0.58109,-0.13587,0.25794,-0.75983,NaN,NaN,NaN,NaN,NaN,NaN,NaN,NaN,NaN,NaN,NaN,NaN,NaN,NaN,NaN,NaN,NaN,NaN,NaN,NaN,NaN,
37.532,0.01811,-0.00788,0.12995,0.58106,-0.13585,0.25798,-0.75984,NaN,NaN,NaN,NaN,NaN,NaN,NaN,NaN,NaN,NaN,NaN,NaN,NaN,NaN,NaN,NaN,NaN,NaN,NaN,NaN,NaN,
37.557,0.01810,-0.00791,0.13000,0.58108,-0.13622,0.25817,-0.75970,NaN,NaN,NaN,NaN,NaN,NaN,NaN,NaN,NaN,NaN,NaN,NaN,NaN,NaN,NaN,NaN,NaN,NaN,NaN,NaN,NaN,
37.582,0.01807,-0.00795,0.13006,0.58232,-0.13719,0.25707,-0.75895,NaN,NaN,NaN,NaN,NaN,NaN,NaN,NaN,NaN,NaN,NaN,NaN,NaN,NaN,NaN,NaN,NaN,NaN,NaN,NaN,NaN,
37.607,0.01808,-0.00784,0.13020,0.58374,-0.13835,0.25581,-0.75807,NaN,NaN,NaN,NaN,NaN,NaN,NaN,NaN,NaN,NaN,NaN,NaN,NaN,NaN,NaN,NaN,NaN,NaN,NaN,NaN,NaN,
37.632,0.01810,-0.00781,0.13030,0.58404,-0.13869,0.25560,-0.75784,NaN,NaN,NaN,NaN,NaN,NaN,NaN,NaN,NaN,NaN,NaN,NaN,NaN,NaN,NaN,NaN,NaN,NaN,NaN,NaN,NaN,
37.657,0.01806,-0.00785,0.13035,0.58407,-0.13873,0.25558,-0.75782,NaN,NaN,NaN,NaN,NaN,NaN,NaN,NaN,NaN,NaN,NaN,NaN,NaN,NaN,NaN,NaN,NaN,NaN,NaN,NaN,NaN,
37.682,0.01807,-0.00783,0.13043,0.58392,-0.13859,0.25571,-0.75792,NaN,NaN,NaN,NaN,NaN,NaN,NaN,NaN,NaN,NaN,NaN,NaN,NaN,NaN,NaN,NaN,NaN,NaN,NaN,NaN,NaN,
37.707,0.01802,-0.00790,0.13057,0.58420,-0.13928,0.25574,-0.75757,NaN,NaN,NaN,NaN,NaN,NaN,NaN,NaN,NaN,NaN,NaN,NaN,NaN,NaN,NaN,NaN,NaN,NaN,NaN,NaN,NaN,
37.732,0.01801,-0.00794,0.13046,0.58367,-0.13818,0.25581,-0.75816,NaN,NaN,NaN,NaN,NaN,NaN,NaN,NaN,NaN,NaN,NaN,NaN,NaN,NaN,NaN,NaN,NaN,NaN,NaN,NaN,NaN,
37.757,0.01802,-0.00816,0.13046,0.58163,-0.13666,0.25769,-0.75936,NaN,NaN,NaN,NaN,NaN,NaN,NaN,NaN,NaN,NaN,NaN,NaN,NaN,NaN,NaN,NaN,NaN,NaN,NaN,NaN,NaN,
37.782,0.01782,-0.00853,0.13064,0.58085,-0.13646,0.25863,-0.75967,NaN,NaN,NaN,NaN,NaN,NaN,NaN,NaN,NaN,NaN,NaN,NaN,NaN,NaN,NaN,NaN,NaN,NaN,NaN,NaN,NaN,
37.807,0.01771,-0.00851,0.13054,0.58076,-0.13430,0.25745,-0.76053,NaN,NaN,NaN,NaN,NaN,NaN,NaN,NaN,NaN,NaN,NaN,NaN,NaN,NaN,NaN,NaN,NaN,NaN,NaN,NaN,NaN,
37.832,0.01771,-0.00858,0.13053,0.58055,-0.13424,0.25770,-0.76061,NaN,NaN,NaN,NaN,NaN,NaN,NaN,NaN,NaN,NaN,NaN,NaN,NaN,NaN,NaN,NaN,NaN,NaN,NaN,NaN,NaN,
37.857,0.01773,-0.00860,0.13051,0.58100,-0.13431,0.25713,-0.76045,NaN,NaN,NaN,NaN,NaN,NaN,NaN,NaN,NaN,NaN,NaN,NaN,NaN,NaN,NaN,NaN,NaN,NaN,NaN,NaN,NaN,
37.882,0.01773,-0.00862,0.13048,0.58101,-0.13419,0.25704,-0.76049,NaN,NaN,NaN,NaN,NaN,NaN,NaN,NaN,NaN,NaN,NaN,NaN,NaN,NaN,NaN,NaN,NaN,NaN,NaN,NaN,NaN,
37.907,0.01768,-0.00873,0.13048,0.58050,-0.13427,0.25779,-0.76062,NaN,NaN,NaN,NaN,NaN,NaN,NaN,NaN,NaN,NaN,NaN,NaN,NaN,NaN,NaN,NaN,NaN,NaN,NaN,NaN,NaN,
37.932,0.01765,-0.00890,0.13037,0.58035,-0.13424,0.25797,-0.76067,NaN,NaN,NaN,NaN,NaN,NaN,NaN,NaN,NaN,NaN,NaN,NaN,NaN,NaN,NaN,NaN,NaN,NaN,NaN,NaN,NaN,
37.957,0.01761,-0.00891,0.13031,0.58040,-0.13401,0.25776,-0.76075,NaN,NaN,NaN,NaN,NaN,NaN,NaN,NaN,NaN,NaN,NaN,NaN,NaN,NaN,NaN,NaN,NaN,NaN,NaN,NaN,NaN,
37.982,0.01769,-0.00864,0.13042,0.58055,-0.13398,0.25755,-0.76071,NaN,NaN,NaN,NaN,NaN,NaN,NaN,NaN,NaN,NaN,NaN,NaN,NaN,NaN,NaN,NaN,NaN,NaN,NaN,NaN,NaN,
38.007,0.01763,-0.00877,0.13043,0.58067,-0.13427,0.25755,-0.76057,NaN,NaN,NaN,NaN,NaN,NaN,NaN,NaN,NaN,NaN,NaN,NaN,NaN,NaN,NaN,NaN,NaN,NaN,NaN,NaN,NaN,
38.032,0.01762,-0.00884,0.13039,0.58053,-0.13420,0.25770,-0.76063,NaN,NaN,NaN,NaN,NaN,NaN,NaN,NaN,NaN,NaN,NaN,NaN,NaN,NaN,NaN,NaN,NaN,NaN,NaN,NaN,NaN,
38.057,0.01760,-0.00889,0.13035,0.58047,-0.13408,0.25772,-0.76070,NaN,NaN,NaN,NaN,NaN,NaN,NaN,NaN,NaN,NaN,NaN,NaN,NaN,NaN,NaN,NaN,NaN,NaN,NaN,NaN,NaN,
38.082,0.01765,-0.00914,0.12997,0.57927,-0.13224,0.25824,-0.76176,NaN,NaN,NaN,NaN,NaN,NaN,NaN,NaN,NaN,NaN,NaN,NaN,NaN,NaN,NaN,NaN,NaN,NaN,NaN,NaN,NaN,
38.107,0.01763,-0.00924,0.12983,0.57825,-0.13088,0.25880,-0.76257,NaN,NaN,NaN,NaN,NaN,NaN,NaN,NaN,NaN,NaN,NaN,NaN,NaN,NaN,NaN,NaN,NaN,NaN,NaN,NaN,NaN,
38.132,0.01755,-0.00934,0.12987,0.57817,-0.13171,0.25941,-0.76228,NaN,NaN,NaN,NaN,NaN,NaN,NaN,NaN,NaN,NaN,NaN,NaN,NaN,NaN,NaN,NaN,NaN,NaN,NaN,NaN,NaN,
38.157,0.01749,-0.00942,0.12979,0.57828,-0.13092,0.25878,-0.76255,NaN,NaN,NaN,NaN,NaN,NaN,NaN,NaN,NaN,NaN,NaN,NaN,NaN,NaN,NaN,NaN,NaN,NaN,NaN,NaN,NaN,
38.182,0.01731,-0.00960,0.12983,0.57739,-0.12958,0.25917,-0.76332,NaN,NaN,NaN,NaN,NaN,NaN,NaN,NaN,NaN,NaN,NaN,NaN,NaN,NaN,NaN,NaN,NaN,NaN,NaN,NaN,NaN,
38.207,0.01733,-0.00955,0.12963,0.57681,-0.12780,0.25889,-0.76416,NaN,NaN,NaN,NaN,NaN,NaN,NaN,NaN,NaN,NaN,NaN,NaN,NaN,NaN,NaN,NaN,NaN,NaN,NaN,NaN,NaN,
38.232,0.01725,-0.00988,0.12967,0.57564,-0.12764,0.26037,-0.76456,NaN,NaN,NaN,NaN,NaN,NaN,NaN,NaN,NaN,NaN,NaN,NaN,NaN,NaN,NaN,NaN,NaN,NaN,NaN,NaN,NaN,
38.257,0.01712,-0.01016,0.12966,0.57418,-0.12583,0.26123,-0.76566,NaN,NaN,NaN,NaN,NaN,NaN,NaN,NaN,NaN,NaN,NaN,NaN,NaN,NaN,NaN,NaN,NaN,NaN,NaN,NaN,NaN,
38.282,0.01709,-0.01018,0.12962,0.57340,-0.12410,0.26123,-0.76653,NaN,NaN,NaN,NaN,NaN,NaN,NaN,NaN,NaN,NaN,NaN,NaN,NaN,NaN,NaN,NaN,NaN,NaN,NaN,NaN,NaN,
38.307,0.01703,-0.01032,0.12962,0.57278,-0.12380,0.26189,-0.76682,NaN,NaN,NaN,NaN,NaN,NaN,NaN,NaN,NaN,NaN,NaN,NaN,NaN,NaN,NaN,NaN,NaN,NaN,NaN,NaN,NaN,
38.332,0.01697,-0.01036,0.12963,0.57205,-0.12300,0.26238,-0.76733,NaN,NaN,NaN,NaN,NaN,NaN,NaN,NaN,NaN,NaN,NaN,NaN,NaN,NaN,NaN,NaN,NaN,NaN,NaN,NaN,NaN,
38.357,0.01693,-0.01040,0.12964,0.57238,-0.12302,0.26194,-0.76722,NaN,NaN,NaN,NaN,NaN,NaN,NaN,NaN,NaN,NaN,NaN,NaN,NaN,NaN,NaN,NaN,NaN,NaN,NaN,NaN,NaN,
38.382,0.01696,-0.01037,0.12973,0.57347,-0.12377,0.26094,-0.76663,NaN,NaN,NaN,NaN,NaN,NaN,NaN,NaN,NaN,NaN,NaN,NaN,NaN,NaN,NaN,NaN,NaN,NaN,NaN,NaN,NaN,
38.407,0.01694,-0.01033,0.12981,0.57382,-0.12384,0.26051,-0.76651,NaN,NaN,NaN,NaN,NaN,NaN,NaN,NaN,NaN,NaN,NaN,NaN,NaN,NaN,NaN,NaN,NaN,NaN,NaN,NaN,NaN,
38.432,0.01699,-0.01040,0.12990,0.57326,-0.12376,0.26121,-0.76670,NaN,NaN,NaN,NaN,NaN,NaN,NaN,NaN,NaN,NaN,NaN,NaN,NaN,NaN,NaN,NaN,NaN,NaN,NaN,NaN,NaN,
38.457,0.01702,-0.01048,0.12997,0.57302,-0.12349,0.26137,-0.76687,NaN,NaN,NaN,NaN,NaN,NaN,NaN,NaN,NaN,NaN,NaN,NaN,NaN,NaN,NaN,NaN,NaN,NaN,NaN,NaN,NaN,
38.482,0.01697,-0.01061,0.13002,0.57290,-0.12325,0.26138,-0.76699,NaN,NaN,NaN,NaN,NaN,NaN,NaN,NaN,NaN,NaN,NaN,NaN,NaN,NaN,NaN,NaN,NaN,NaN,NaN,NaN,NaN,
38.507,0.01695,-0.01067,0.13009,0.57285,-0.12298,0.26128,-0.76710,NaN,NaN,NaN,NaN,NaN,NaN,NaN,NaN,NaN,NaN,NaN,NaN,NaN,NaN,NaN,NaN,NaN,NaN,NaN,NaN,NaN,
38.532,0.01696,-0.01073,0.13019,0.57294,-0.12301,0.26118,-0.76707,NaN,NaN,NaN,NaN,NaN,NaN,NaN,NaN,NaN,NaN,NaN,NaN,NaN,NaN,NaN,NaN,NaN,NaN,NaN,NaN,NaN,
38.557,0.01690,-0.01081,0.13031,0.57269,-0.12296,0.26149,-0.76716,NaN,NaN,NaN,NaN,NaN,NaN,NaN,NaN,NaN,NaN,NaN,NaN,NaN,NaN,NaN,NaN,NaN,NaN,NaN,NaN,NaN,
38.582,0.01681,-0.01094,0.13039,0.57192,-0.12252,0.26225,-0.76754,NaN,NaN,NaN,NaN,NaN,NaN,NaN,NaN,NaN,NaN,NaN,NaN,NaN,NaN,NaN,NaN,NaN,NaN,NaN,NaN,NaN,
38.607,0.01683,-0.01120,0.13042,0.56998,-0.12161,0.26431,-0.76842,NaN,NaN,NaN,NaN,NaN,NaN,NaN,NaN,NaN,NaN,NaN,NaN,NaN,NaN,NaN,NaN,NaN,NaN,NaN,NaN,NaN,
38.632,0.01682,-0.01137,0.13041,0.56931,-0.12139,0.26507,-0.76869,NaN,NaN,NaN,NaN,NaN,NaN,NaN,NaN,NaN,NaN,NaN,NaN,NaN,NaN,NaN,NaN,NaN,NaN,NaN,NaN,NaN,
38.657,0.01692,-0.01131,0.13037,0.57014,-0.12163,0.26411,-0.76837,NaN,NaN,NaN,NaN,NaN,NaN,NaN,NaN,NaN,NaN,NaN,NaN,NaN,NaN,NaN,NaN,NaN,NaN,NaN,NaN,NaN,
38.682,0.01689,-0.01133,0.13030,0.56990,-0.12085,0.26395,-0.76873,NaN,NaN,NaN,NaN,NaN,NaN,NaN,NaN,NaN,NaN,NaN,NaN,NaN,NaN,NaN,NaN,NaN,NaN,NaN,NaN,NaN,
38.707,0.01664,-0.01175,0.13046,0.56883,-0.12022,0.26499,-0.76926,NaN,NaN,NaN,NaN,NaN,NaN,NaN,NaN,NaN,NaN,NaN,NaN,NaN,NaN,NaN,NaN,NaN,NaN,NaN,NaN,NaN,
38.732,0.01653,-0.01171,0.13040,0.56825,-0.11850,0.26471,-0.77005,NaN,NaN,NaN,NaN,NaN,NaN,NaN,NaN,NaN,NaN,NaN,NaN,NaN,NaN,NaN,NaN,NaN,NaN,NaN,NaN,NaN,
38.757,0.01651,-0.01176,0.13034,0.56825,-0.11832,0.26461,-0.77012,NaN,NaN,NaN,NaN,NaN,NaN,NaN,NaN,NaN,NaN,NaN,NaN,NaN,NaN,NaN,NaN,NaN,NaN,NaN,NaN,NaN,
38.782,0.01636,-0.01178,0.13033,0.56900,-0.11880,0.26389,-0.76973,NaN,NaN,NaN,NaN,NaN,NaN,NaN,NaN,NaN,NaN,NaN,NaN,NaN,NaN,NaN,NaN,NaN,NaN,NaN,NaN,NaN,
38.807,0.01633,-0.01187,0.13020,0.56965,-0.11869,0.26294,-0.76959,NaN,NaN,NaN,NaN,NaN,NaN,NaN,NaN,NaN,NaN,NaN,NaN,NaN,NaN,NaN,NaN,NaN,NaN,NaN,NaN,NaN,
38.832,0.01638,-0.01178,0.13010,0.56930,-0.11784,0.26289,-0.77000,NaN,NaN,NaN,NaN,NaN,NaN,NaN,NaN,NaN,NaN,NaN,NaN,NaN,NaN,NaN,NaN,NaN,NaN,NaN,NaN,NaN,
38.857,0.01637,-0.01187,0.13012,0.56937,-0.11898,0.26351,-0.76956,NaN,NaN,NaN,NaN,NaN,NaN,NaN,NaN,NaN,NaN,NaN,NaN,NaN,NaN,NaN,NaN,NaN,NaN,NaN,NaN,NaN,
38.882,0.01630,-0.01183,0.12995,0.56973,-0.11860,0.26279,-0.76960,NaN,NaN,NaN,NaN,NaN,NaN,NaN,NaN,NaN,NaN,NaN,NaN,NaN,NaN,NaN,NaN,NaN,NaN,NaN,NaN,NaN,
38.907,0.01637,-0.01180,0.12988,0.57005,-0.11914,0.26269,-0.76931,NaN,NaN,NaN,NaN,NaN,NaN,NaN,NaN,NaN,NaN,NaN,NaN,NaN,NaN,NaN,NaN,NaN,NaN,NaN,NaN,NaN,
38.932,0.01640,-0.01174,0.12986,0.57129,-0.12024,0.26170,-0.76856,NaN,NaN,NaN,NaN,NaN,NaN,NaN,NaN,NaN,NaN,NaN,NaN,NaN,NaN,NaN,NaN,NaN,NaN,NaN,NaN,NaN,
38.957,0.01640,-0.01159,0.12976,0.57257,-0.12048,0.26012,-0.76811,NaN,NaN,NaN,NaN,NaN,NaN,NaN,NaN,NaN,NaN,NaN,NaN,NaN,NaN,NaN,NaN,NaN,NaN,NaN,NaN,NaN,
38.982,0.01637,-0.01163,0.12979,0.57345,-0.12164,0.25965,-0.76742,NaN,NaN,NaN,NaN,NaN,NaN,NaN,NaN,NaN,NaN,NaN,NaN,NaN,NaN,NaN,NaN,NaN,NaN,NaN,NaN,NaN,
39.007,0.01636,-0.01147,0.12976,0.57431,-0.12184,0.25861,-0.76710,NaN,NaN,NaN,NaN,NaN,NaN,NaN,NaN,NaN,NaN,NaN,NaN,NaN,NaN,NaN,NaN,NaN,NaN,NaN,NaN,NaN,
39.032,0.01642,-0.01138,0.12972,0.57485,-0.12188,0.25790,-0.76693,NaN,NaN,NaN,NaN,NaN,NaN,NaN,NaN,NaN,NaN,NaN,NaN,NaN,NaN,NaN,NaN,NaN,NaN,NaN,NaN,NaN,
39.057,0.01643,-0.01139,0.12975,0.57529,-0.12230,0.25756,-0.76664,NaN,NaN,NaN,NaN,NaN,NaN,NaN,NaN,NaN,NaN,NaN,NaN,NaN,NaN,NaN,NaN,NaN,NaN,NaN,NaN,NaN,
39.082,0.01643,-0.01139,0.12977,0.57586,-0.12267,0.25702,-0.76634,NaN,NaN,NaN,NaN,NaN,NaN,NaN,NaN,NaN,NaN,NaN,NaN,NaN,NaN,NaN,NaN,NaN,NaN,NaN,NaN,NaN,
39.107,0.01642,-0.01138,0.12979,0.57614,-0.12292,0.25679,-0.76616,NaN,NaN,NaN,NaN,NaN,NaN,NaN,NaN,NaN,NaN,NaN,NaN,NaN,NaN,NaN,NaN,NaN,NaN,NaN,NaN,NaN,
39.132,0.01644,-0.01132,0.12976,0.57589,-0.12253,0.25689,-0.76638,NaN,NaN,NaN,NaN,NaN,NaN,NaN,NaN,NaN,NaN,NaN,NaN,NaN,NaN,NaN,NaN,NaN,NaN,NaN,NaN,NaN,
39.157,0.01640,-0.01145,0.12980,0.57485,-0.12230,0.25816,-0.76678,NaN,NaN,NaN,NaN,NaN,NaN,NaN,NaN,NaN,NaN,NaN,NaN,NaN,NaN,NaN,NaN,NaN,NaN,NaN,NaN,NaN,
39.182,0.01641,-0.01142,0.12978,0.57519,-0.12238,0.25775,-0.76665,NaN,NaN,NaN,NaN,NaN,NaN,NaN,NaN,NaN,NaN,NaN,NaN,NaN,NaN,NaN,NaN,NaN,NaN,NaN,NaN,NaN,
39.207,0.01641,-0.01139,0.12976,0.57547,-0.12243,0.25740,-0.76654,NaN,NaN,NaN,NaN,NaN,NaN,NaN,NaN,NaN,NaN,NaN,NaN,NaN,NaN,NaN,NaN,NaN,NaN,NaN,NaN,NaN,
39.232,0.01642,-0.01137,0.12975,0.57563,-0.12242,0.25718,-0.76650,NaN,NaN,NaN,NaN,NaN,NaN,NaN,NaN,NaN,NaN,NaN,NaN,NaN,NaN,NaN,NaN,NaN,NaN,NaN,NaN,NaN,
39.257,0.01642,-0.01138,0.12975,0.57575,-0.12244,0.25703,-0.76646,NaN,NaN,NaN,NaN,NaN,NaN,NaN,NaN,NaN,NaN,NaN,NaN,NaN,NaN,NaN,NaN,NaN,NaN,NaN,NaN,NaN,
39.282,0.01641,-0.01139,0.12975,0.57579,-0.12241,0.25695,-0.76645,NaN,NaN,NaN,NaN,NaN,NaN,NaN,NaN,NaN,NaN,NaN,NaN,NaN,NaN,NaN,NaN,NaN,NaN,NaN,NaN,NaN,
39.307,0.01641,-0.01140,0.12975,0.57582,-0.12241,0.25692,-0.76645,NaN,NaN,NaN,NaN,NaN,NaN,NaN,NaN,NaN,NaN,NaN,NaN,NaN,NaN,NaN,NaN,NaN,NaN,NaN,NaN,NaN,
39.332,0.01641,-0.01141,0.12976,0.57574,-0.12236,0.25699,-0.76649,NaN,NaN,NaN,NaN,NaN,NaN,NaN,NaN,NaN,NaN,NaN,NaN,NaN,NaN,NaN,NaN,NaN,NaN,NaN,NaN,NaN,
39.357,0.01641,-0.01142,0.12975,0.57567,-0.12225,0.25702,-0.76655,NaN,NaN,NaN,NaN,NaN,NaN,NaN,NaN,NaN,NaN,NaN,NaN,NaN,NaN,NaN,NaN,NaN,NaN,NaN,NaN,NaN,
39.382,0.01640,-0.01143,0.12976,0.57561,-0.12223,0.25708,-0.76658,NaN,NaN,NaN,NaN,NaN,NaN,NaN,NaN,NaN,NaN,NaN,NaN,NaN,NaN,NaN,NaN,NaN,NaN,NaN,NaN,NaN,
39.407,0.01640,-0.01144,0.12975,0.57550,-0.12202,0.25710,-0.76669,NaN,NaN,NaN,NaN,NaN,NaN,NaN,NaN,NaN,NaN,NaN,NaN,NaN,NaN,NaN,NaN,NaN,NaN,NaN,NaN,NaN,
39.432,0.01642,-0.01153,0.12965,0.57252,-0.11945,0.25955,-0.76849,NaN,NaN,NaN,NaN,NaN,NaN,NaN,NaN,NaN,NaN,NaN,NaN,NaN,NaN,NaN,NaN,NaN,NaN,NaN,NaN,NaN,
39.457,0.01646,-0.01199,0.12955,0.56849,-0.11675,0.26331,-0.77062,NaN,NaN,NaN,NaN,NaN,NaN,NaN,NaN,NaN,NaN,NaN,NaN,NaN,NaN,NaN,NaN,NaN,NaN,NaN,NaN,NaN,
39.482,0.01609,-0.01266,0.12974,0.56534,-0.11522,0.26657,-0.77204,NaN,NaN,NaN,NaN,NaN,NaN,NaN,NaN,NaN,NaN,NaN,NaN,NaN,NaN,NaN,NaN,NaN,NaN,NaN,NaN,NaN,
39.507,0.01586,-0.01288,0.12968,0.56210,-0.11094,0.26822,-0.77446,NaN,NaN,NaN,NaN,NaN,NaN,NaN,NaN,NaN,NaN,NaN,NaN,NaN,NaN,NaN,NaN,NaN,NaN,NaN,NaN,NaN,
39.532,0.01572,-0.01309,0.12960,0.55962,-0.10775,0.26951,-0.77626,NaN,NaN,NaN,NaN,NaN,NaN,NaN,NaN,NaN,NaN,NaN,NaN,NaN,NaN,NaN,NaN,NaN,NaN,NaN,NaN,NaN,
39.557,0.01565,-0.01330,0.12947,0.55737,-0.10531,0.27095,-0.77771,NaN,NaN,NaN,NaN,NaN,NaN,NaN,NaN,NaN,NaN,NaN,NaN,NaN,NaN,NaN,NaN,NaN,NaN,NaN,NaN,NaN,
39.582,0.01541,-0.01357,0.12945,0.55501,-0.10279,0.27248,-0.77920,NaN,NaN,NaN,NaN,NaN,NaN,NaN,NaN,NaN,NaN,NaN,NaN,NaN,NaN,NaN,NaN,NaN,NaN,NaN,NaN,NaN,
39.607,0.01512,-0.01386,0.12944,0.55252,-0.09991,0.27392,-0.78084,NaN,NaN,NaN,NaN,NaN,NaN,NaN,NaN,NaN,NaN,NaN,NaN,NaN,NaN,NaN,NaN,NaN,NaN,NaN,NaN,NaN,
39.632,0.01487,-0.01412,0.12939,0.55003,-0.09684,0.27524,-0.78252,NaN,NaN,NaN,NaN,NaN,NaN,NaN,NaN,NaN,NaN,NaN,NaN,NaN,NaN,NaN,NaN,NaN,NaN,NaN,NaN,NaN,
39.657,0.01460,-0.01432,0.12934,0.54779,-0.09422,0.27649,-0.78397,NaN,NaN,NaN,NaN,NaN,NaN,NaN,NaN,NaN,NaN,NaN,NaN,NaN,NaN,NaN,NaN,NaN,NaN,NaN,NaN,NaN,
39.682,0.01448,-0.01450,0.12932,0.54642,-0.09215,0.27694,-0.78500,NaN,NaN,NaN,NaN,NaN,NaN,NaN,NaN,NaN,NaN,NaN,NaN,NaN,NaN,NaN,NaN,NaN,NaN,NaN,NaN,NaN,
39.707,0.01430,-0.01455,0.12936,0.54583,-0.09085,0.27688,-0.78559,NaN,NaN,NaN,NaN,NaN,NaN,NaN,NaN,NaN,NaN,NaN,NaN,NaN,NaN,NaN,NaN,NaN,NaN,NaN,NaN,NaN,
39.732,0.01430,-0.01458,0.12930,0.54469,-0.08930,0.27737,-0.78639,NaN,NaN,NaN,NaN,NaN,NaN,NaN,NaN,NaN,NaN,NaN,NaN,NaN,NaN,NaN,NaN,NaN,NaN,NaN,NaN,NaN,
39.757,0.01422,-0.01466,0.12929,0.54412,-0.08830,0.27747,-0.78686,NaN,NaN,NaN,NaN,NaN,NaN,NaN,NaN,NaN,NaN,NaN,NaN,NaN,NaN,NaN,NaN,NaN,NaN,NaN,NaN,NaN,
39.782,0.01403,-0.01468,0.12933,0.54404,-0.08737,0.27697,-0.78720,NaN,NaN,NaN,NaN,NaN,NaN,NaN,NaN,NaN,NaN,NaN,NaN,NaN,NaN,NaN,NaN,NaN,NaN,NaN,NaN,NaN,
39.807,0.01389,-0.01473,0.12937,0.54398,-0.08695,0.27677,-0.78735,NaN,NaN,NaN,NaN,NaN,NaN,NaN,NaN,NaN,NaN,NaN,NaN,NaN,NaN,NaN,NaN,NaN,NaN,NaN,NaN,NaN,
39.832,0.01382,-0.01476,0.12940,0.54383,-0.08687,0.27692,-0.78741,NaN,NaN,NaN,NaN,NaN,NaN,NaN,NaN,NaN,NaN,NaN,NaN,NaN,NaN,NaN,NaN,NaN,NaN,NaN,NaN,NaN,
39.857,0.01382,-0.01473,0.12940,0.54379,-0.08668,0.27684,-0.78749,NaN,NaN,NaN,NaN,NaN,NaN,NaN,NaN,NaN,NaN,NaN,NaN,NaN,NaN,NaN,NaN,NaN,NaN,NaN,NaN,NaN,
39.882,0.01379,-0.01475,0.12944,0.54391,-0.08696,0.27687,-0.78736,NaN,NaN,NaN,NaN,NaN,NaN,NaN,NaN,NaN,NaN,NaN,NaN,NaN,NaN,NaN,NaN,NaN,NaN,NaN,NaN,NaN,
39.907,0.01388,-0.01468,0.12944,0.54410,-0.08713,0.27672,-0.78726,NaN,NaN,NaN,NaN,NaN,NaN,NaN,NaN,NaN,NaN,NaN,NaN,NaN,NaN,NaN,NaN,NaN,NaN,NaN,NaN,NaN,
39.932,0.01390,-0.01450,0.12950,0.54701,-0.08881,0.27403,-0.78600,NaN,NaN,NaN,NaN,NaN,NaN,NaN,NaN,NaN,NaN,NaN,NaN,NaN,NaN,NaN,NaN,NaN,NaN,NaN,NaN,NaN,
39.957,0.01407,-0.01407,0.12964,0.55106,-0.09197,0.27077,-0.78394,NaN,NaN,NaN,NaN,NaN,NaN,NaN,NaN,NaN,NaN,NaN,NaN,NaN,NaN,NaN,NaN,NaN,NaN,NaN,NaN,NaN,
39.982,0.01392,-0.01405,0.12983,0.55423,-0.09457,0.26826,-0.78225,NaN,NaN,NaN,NaN,NaN,NaN,NaN,NaN,NaN,NaN,NaN,NaN,NaN,NaN,NaN,NaN,NaN,NaN,NaN,NaN,NaN,
40.007,0.01387,-0.01401,0.12991,0.55588,-0.09488,0.26628,-0.78172,NaN,NaN,NaN,NaN,NaN,NaN,NaN,NaN,NaN,NaN,NaN,NaN,NaN,NaN,NaN,NaN,NaN,NaN,NaN,NaN,NaN,
40.032,0.01367,-0.01407,0.13015,0.55750,-0.09671,0.26532,-0.78067,NaN,NaN,NaN,NaN,NaN,NaN,NaN,NaN,NaN,NaN,NaN,NaN,NaN,NaN,NaN,NaN,NaN,NaN,NaN,NaN,NaN,
40.057,0.01362,-0.01401,0.13025,0.55929,-0.09729,0.26331,-0.78000,NaN,NaN,NaN,NaN,NaN,NaN,NaN,NaN,NaN,NaN,NaN,NaN,NaN,NaN,NaN,NaN,NaN,NaN,NaN,NaN,NaN,
40.082,0.01368,-0.01381,0.13036,0.56177,-0.09862,0.26086,-0.77887,NaN,NaN,NaN,NaN,NaN,NaN,NaN,NaN,NaN,NaN,NaN,NaN,NaN,NaN,NaN,NaN,NaN,NaN,NaN,NaN,NaN,
40.107,0.01370,-0.01367,0.13053,0.56351,-0.09996,0.25939,-0.77793,NaN,NaN,NaN,NaN,NaN,NaN,NaN,NaN,NaN,NaN,NaN,NaN,NaN,NaN,NaN,NaN,NaN,NaN,NaN,NaN,NaN,
40.132,0.01365,-0.01373,0.13073,0.56421,-0.10111,0.25918,-0.77735,NaN,NaN,NaN,NaN,NaN,NaN,NaN,NaN,NaN,NaN,NaN,NaN,NaN,NaN,NaN,NaN,NaN,NaN,NaN,NaN,NaN,
40.157,0.01367,-0.01368,0.13078,0.56482,-0.10115,0.25839,-0.77716,NaN,NaN,NaN,NaN,NaN,NaN,NaN,NaN,NaN,NaN,NaN,NaN,NaN,NaN,NaN,NaN,NaN,NaN,NaN,NaN,NaN,
40.182,0.01365,-0.01367,0.13085,0.56493,-0.10124,0.25830,-0.77710,NaN,NaN,NaN,NaN,NaN,NaN,NaN,NaN,NaN,NaN,NaN,NaN,NaN,NaN,NaN,NaN,NaN,NaN,NaN,NaN,NaN,
40.207,0.01365,-0.01376,0.13084,0.56494,-0.10132,0.25834,-0.77707,NaN,NaN,NaN,NaN,NaN,NaN,NaN,NaN,NaN,NaN,NaN,NaN,NaN,NaN,NaN,NaN,NaN,NaN,NaN,NaN,NaN,
40.232,0.01366,-0.01371,0.13079,0.56505,-0.10110,0.25806,-0.77711,NaN,NaN,NaN,NaN,NaN,NaN,NaN,NaN,NaN,NaN,NaN,NaN,NaN,NaN,NaN,NaN,NaN,NaN,NaN,NaN,NaN,
40.257,0.01356,-0.01376,0.13085,0.56533,-0.10162,0.25801,-0.77686,NaN,NaN,NaN,NaN,NaN,NaN,NaN,NaN,NaN,NaN,NaN,NaN,NaN,NaN,NaN,NaN,NaN,NaN,NaN,NaN,NaN,
40.282,0.01360,-0.01370,0.13081,0.56525,-0.10133,0.25793,-0.77698,NaN,NaN,NaN,NaN,NaN,NaN,NaN,NaN,NaN,NaN,NaN,NaN,NaN,NaN,NaN,NaN,NaN,NaN,NaN,NaN,NaN,
40.307,0.01366,-0.01367,0.13073,0.56467,-0.10079,0.25837,-0.77733,NaN,NaN,NaN,NaN,NaN,NaN,NaN,NaN,NaN,NaN,NaN,NaN,NaN,NaN,NaN,NaN,NaN,NaN,NaN,NaN,NaN,
40.332,0.01363,-0.01371,0.13077,0.56481,-0.10100,0.25831,-0.77722,NaN,NaN,NaN,NaN,NaN,NaN,NaN,NaN,NaN,NaN,NaN,NaN,NaN,NaN,NaN,NaN,NaN,NaN,NaN,NaN,NaN,
40.357,0.01361,-0.01373,0.13078,0.56474,-0.10090,0.25833,-0.77727,NaN,NaN,NaN,NaN,NaN,NaN,NaN,NaN,NaN,NaN,NaN,NaN,NaN,NaN,NaN,NaN,NaN,NaN,NaN,NaN,NaN,
40.382,0.01358,-0.01375,0.13077,0.56446,-0.10050,0.25847,-0.77748,NaN,NaN,NaN,NaN,NaN,NaN,NaN,NaN,NaN,NaN,NaN,NaN,NaN,NaN,NaN,NaN,NaN,NaN,NaN,NaN,NaN,
40.407,0.01339,-0.01409,0.13058,0.55948,-0.09631,0.26242,-0.78028,NaN,NaN,NaN,NaN,NaN,NaN,NaN,NaN,NaN,NaN,NaN,NaN,NaN,NaN,NaN,NaN,NaN,NaN,NaN,NaN,NaN,
40.432,0.01316,-0.01460,0.13060,0.55685,-0.09434,0.26465,-0.78165,NaN,NaN,NaN,NaN,NaN,NaN,NaN,NaN,NaN,NaN,NaN,NaN,NaN,NaN,NaN,NaN,NaN,NaN,NaN,NaN,NaN,
40.457,0.01295,-0.01470,0.13056,0.55510,-0.09132,0.26502,-0.78313,NaN,NaN,NaN,NaN,NaN,NaN,NaN,NaN,NaN,NaN,NaN,NaN,NaN,NaN,NaN,NaN,NaN,NaN,NaN,NaN,NaN,
40.482,0.01280,-0.01495,0.13043,0.55288,-0.08885,0.26636,-0.78453,NaN,NaN,NaN,NaN,NaN,NaN,NaN,NaN,NaN,NaN,NaN,NaN,NaN,NaN,NaN,NaN,NaN,NaN,NaN,NaN,NaN,
40.507,0.01272,-0.01523,0.13026,0.54888,-0.08547,0.26941,-0.78667,NaN,NaN,NaN,NaN,NaN,NaN,NaN,NaN,NaN,NaN,NaN,NaN,NaN,NaN,NaN,NaN,NaN,NaN,NaN,NaN,NaN,
40.532,0.01266,-0.01555,0.13007,0.54345,-0.08101,0.27360,-0.78946,NaN,NaN,NaN,NaN,NaN,NaN,NaN,NaN,NaN,NaN,NaN,NaN,NaN,NaN,NaN,NaN,NaN,NaN,NaN,NaN,NaN,
40.557,0.01248,-0.01588,0.13002,0.53977,-0.07849,0.27672,-0.79115,NaN,NaN,NaN,NaN,NaN,NaN,NaN,NaN,NaN,NaN,NaN,NaN,NaN,NaN,NaN,NaN,NaN,NaN,NaN,NaN,NaN,
40.582,0.01244,-0.01602,0.12976,0.53561,-0.07426,0.27931,-0.79347,NaN,NaN,NaN,NaN,NaN,NaN,NaN,NaN,NaN,NaN,NaN,NaN,NaN,NaN,NaN,NaN,NaN,NaN,NaN,NaN,NaN,
40.607,0.01237,-0.01632,0.12959,0.53075,-0.07060,0.28312,-0.79572,NaN,NaN,NaN,NaN,NaN,NaN,NaN,NaN,NaN,NaN,NaN,NaN,NaN,NaN,NaN,NaN,NaN,NaN,NaN,NaN,NaN,
40.632,0.01231,-0.01653,0.12945,0.52857,-0.06925,0.28502,-0.79661,NaN,NaN,NaN,NaN,NaN,NaN,NaN,NaN,NaN,NaN,NaN,NaN,NaN,NaN,NaN,NaN,NaN,NaN,NaN,NaN,NaN,
40.657,0.01225,-0.01663,0.12932,0.52708,-0.06796,0.28605,-0.79733,NaN,NaN,NaN,NaN,NaN,NaN,NaN,NaN,NaN,NaN,NaN,NaN,NaN,NaN,NaN,NaN,NaN,NaN,NaN,NaN,NaN,
40.682,0.01207,-0.01673,0.12924,0.52595,-0.06586,0.28610,-0.79824,NaN,NaN,NaN,NaN,NaN,NaN,NaN,NaN,NaN,NaN,NaN,NaN,NaN,NaN,NaN,NaN,NaN,NaN,NaN,NaN,NaN,
40.707,0.01181,-0.01662,0.12910,0.52501,-0.06257,0.28511,-0.79948,NaN,NaN,NaN,NaN,NaN,NaN,NaN,NaN,NaN,NaN,NaN,NaN,NaN,NaN,NaN,NaN,NaN,NaN,NaN,NaN,NaN,
40.732,0.01185,-0.01669,0.12904,0.52564,-0.06347,0.28490,-0.79906,NaN,NaN,NaN,NaN,NaN,NaN,NaN,NaN,NaN,NaN,NaN,NaN,NaN,NaN,NaN,NaN,NaN,NaN,NaN,NaN,NaN,
40.757,0.01192,-0.01649,0.12891,0.52638,-0.06359,0.28404,-0.79888,NaN,NaN,NaN,NaN,NaN,NaN,NaN,NaN,NaN,NaN,NaN,NaN,NaN,NaN,NaN,NaN,NaN,NaN,NaN,NaN,NaN,
40.782,0.01184,-0.01642,0.12903,0.52820,-0.06522,0.28281,-0.79798,NaN,NaN,NaN,NaN,NaN,NaN,NaN,NaN,NaN,NaN,NaN,NaN,NaN,NaN,NaN,NaN,NaN,NaN,NaN,NaN,NaN,
40.807,0.01183,-0.01636,0.12910,0.52921,-0.06576,0.28188,-0.79759,NaN,NaN,NaN,NaN,NaN,NaN,NaN,NaN,NaN,NaN,NaN,NaN,NaN,NaN,NaN,NaN,NaN,NaN,NaN,NaN,NaN,
40.832,0.01181,-0.01634,0.12920,0.52999,-0.06609,0.28111,-0.79732,NaN,NaN,NaN,NaN,NaN,NaN,NaN,NaN,NaN,NaN,NaN,NaN,NaN,NaN,NaN,NaN,NaN,NaN,NaN,NaN,NaN,
40.857,0.01184,-0.01631,0.12925,0.53126,-0.06650,0.27975,-0.79692,NaN,NaN,NaN,NaN,NaN,NaN,NaN,NaN,NaN,NaN,NaN,NaN,NaN,NaN,NaN,NaN,NaN,NaN,NaN,NaN,NaN,
40.882,0.01179,-0.01635,0.12943,0.53212,-0.06752,0.27932,-0.79641,NaN,NaN,NaN,NaN,NaN,NaN,NaN,NaN,NaN,NaN,NaN,NaN,NaN,NaN,NaN,NaN,NaN,NaN,NaN,NaN,NaN,
40.907,0.01174,-0.01624,0.12942,0.53332,-0.06746,0.27775,-0.79616,NaN,NaN,NaN,NaN,NaN,NaN,NaN,NaN,NaN,NaN,NaN,NaN,NaN,NaN,NaN,NaN,NaN,NaN,NaN,NaN,NaN,
40.932,0.01183,-0.01600,0.12966,0.53505,-0.06887,0.27646,-0.79533,NaN,NaN,NaN,NaN,NaN,NaN,NaN,NaN,NaN,NaN,NaN,NaN,NaN,NaN,NaN,NaN,NaN,NaN,NaN,NaN,NaN,
40.957,0.01181,-0.01598,0.12981,0.53672,-0.07003,0.27508,-0.79458,NaN,NaN,NaN,NaN,NaN,NaN,NaN,NaN,NaN,NaN,NaN,NaN,NaN,NaN,NaN,NaN,NaN,NaN,NaN,NaN,NaN,
40.982,0.01189,-0.01600,0.12993,0.53794,-0.07102,0.27417,-0.79399,NaN,NaN,NaN,NaN,NaN,NaN,NaN,NaN,NaN,NaN,NaN,NaN,NaN,NaN,NaN,NaN,NaN,NaN,NaN,NaN,NaN,
41.007,0.01187,-0.01592,0.13006,0.53879,-0.07182,0.27359,-0.79353,NaN,NaN,NaN,NaN,NaN,NaN,NaN,NaN,NaN,NaN,NaN,NaN,NaN,NaN,NaN,NaN,NaN,NaN,NaN,NaN,NaN,
41.032,0.01186,-0.01600,0.13004,0.53831,-0.07152,0.27402,-0.79374,NaN,NaN,NaN,NaN,NaN,NaN,NaN,NaN,NaN,NaN,NaN,NaN,NaN,NaN,NaN,NaN,NaN,NaN,NaN,NaN,NaN,
41.057,0.01184,-0.01601,0.13006,0.53817,-0.07162,0.27426,-0.79374,NaN,NaN,NaN,NaN,NaN,NaN,NaN,NaN,NaN,NaN,NaN,NaN,NaN,NaN,NaN,NaN,NaN,NaN,NaN,NaN,NaN,
41.082,0.01179,-0.01601,0.13006,0.53821,-0.07132,0.27401,-0.79383,NaN,NaN,NaN,NaN,NaN,NaN,NaN,NaN,NaN,NaN,NaN,NaN,NaN,NaN,NaN,NaN,NaN,NaN,NaN,NaN,NaN,
41.107,0.01180,-0.01599,0.13005,0.53896,-0.07147,0.27314,-0.79361,NaN,NaN,NaN,NaN,NaN,NaN,NaN,NaN,NaN,NaN,NaN,NaN,NaN,NaN,NaN,NaN,NaN,NaN,NaN,NaN,NaN,
41.132,0.01183,-0.01592,0.13023,0.54036,-0.07301,0.27235,-0.79279,NaN,NaN,NaN,NaN,NaN,NaN,NaN,NaN,NaN,NaN,NaN,NaN,NaN,NaN,NaN,NaN,NaN,NaN,NaN,NaN,NaN,
41.157,0.01186,-0.01594,0.13002,0.53862,-0.07147,0.27358,-0.79369,NaN,NaN,NaN,NaN,NaN,NaN,NaN,NaN,NaN,NaN,NaN,NaN,NaN,NaN,NaN,NaN,NaN,NaN,NaN,NaN,NaN,
41.182,0.01185,-0.01596,0.13007,0.53904,-0.07180,0.27325,-0.79348,NaN,NaN,NaN,NaN,NaN,NaN,NaN,NaN,NaN,NaN,NaN,NaN,NaN,NaN,NaN,NaN,NaN,NaN,NaN,NaN,NaN,
41.207,0.01184,-0.01597,0.13010,0.53913,-0.07186,0.27318,-0.79344,NaN,NaN,NaN,NaN,NaN,NaN,NaN,NaN,NaN,NaN,NaN,NaN,NaN,NaN,NaN,NaN,NaN,NaN,NaN,NaN,NaN,
41.232,0.01182,-0.01600,0.13012,0.53892,-0.07173,0.27337,-0.79353,NaN,NaN,NaN,NaN,NaN,NaN,NaN,NaN,NaN,NaN,NaN,NaN,NaN,NaN,NaN,NaN,NaN,NaN,NaN,NaN,NaN,
41.257,0.01184,-0.01627,0.13020,0.53653,-0.07048,0.27563,-0.79448,NaN,NaN,NaN,NaN,NaN,NaN,NaN,NaN,NaN,NaN,NaN,NaN,NaN,NaN,NaN,NaN,NaN,NaN,NaN,NaN,NaN,
41.282,0.01177,-0.01637,0.13026,0.53604,-0.07040,0.27620,-0.79462,NaN,NaN,NaN,NaN,NaN,NaN,NaN,NaN,NaN,NaN,NaN,NaN,NaN,NaN,NaN,NaN,NaN,NaN,NaN,NaN,NaN,
41.307,0.01173,-0.01642,0.13031,0.53573,-0.07030,0.27654,-0.79472,NaN,NaN,NaN,NaN,NaN,NaN,NaN,NaN,NaN,NaN,NaN,NaN,NaN,NaN,NaN,NaN,NaN,NaN,NaN,NaN,NaN,
41.332,0.01177,-0.01633,0.13027,0.53626,-0.07063,0.27607,-0.79449,NaN,NaN,NaN,NaN,NaN,NaN,NaN,NaN,NaN,NaN,NaN,NaN,NaN,NaN,NaN,NaN,NaN,NaN,NaN,NaN,NaN,
41.357,0.01172,-0.01624,0.13025,0.53781,-0.07213,0.27507,-0.79366,NaN,NaN,NaN,NaN,NaN,NaN,NaN,NaN,NaN,NaN,NaN,NaN,NaN,NaN,NaN,NaN,NaN,NaN,NaN,NaN,NaN,
41.382,0.01177,-0.01635,0.13023,0.53745,-0.07280,0.27598,-0.79353,NaN,NaN,NaN,NaN,NaN,NaN,NaN,NaN,NaN,NaN,NaN,NaN,NaN,NaN,NaN,NaN,NaN,NaN,NaN,NaN,NaN,
41.407,0.01177,-0.01639,0.13010,0.53665,-0.07211,0.27655,-0.79393,NaN,NaN,NaN,NaN,NaN,NaN,NaN,NaN,NaN,NaN,NaN,NaN,NaN,NaN,NaN,NaN,NaN,NaN,NaN,NaN,NaN,
41.432,0.01182,-0.01632,0.13000,0.53661,-0.07195,0.27650,-0.79399,NaN,NaN,NaN,NaN,NaN,NaN,NaN,NaN,NaN,NaN,NaN,NaN,NaN,NaN,NaN,NaN,NaN,NaN,NaN,NaN,NaN,
41.457,0.01183,-0.01631,0.12990,0.53632,-0.07174,0.27673,-0.79413,NaN,NaN,NaN,NaN,NaN,NaN,NaN,NaN,NaN,NaN,NaN,NaN,NaN,NaN,NaN,NaN,NaN,NaN,NaN,NaN,NaN,
41.482,0.01175,-0.01632,0.12979,0.53565,-0.07138,0.27736,-0.79439,NaN,NaN,NaN,NaN,NaN,NaN,NaN,NaN,NaN,NaN,NaN,NaN,NaN,NaN,NaN,NaN,NaN,NaN,NaN,NaN,NaN,
41.507,0.01176,-0.01643,0.12969,0.53422,-0.07079,0.27881,-0.79490,NaN,NaN,NaN,NaN,NaN,NaN,NaN,NaN,NaN,NaN,NaN,NaN,NaN,NaN,NaN,NaN,NaN,NaN,NaN,NaN,NaN,
41.532,0.01174,-0.01646,0.12957,0.53370,-0.07054,0.27931,-0.79509,NaN,NaN,NaN,NaN,NaN,NaN,NaN,NaN,NaN,NaN,NaN,NaN,NaN,NaN,NaN,NaN,NaN,NaN,NaN,NaN,NaN,
41.557,0.01177,-0.01643,0.12942,0.53327,-0.07022,0.27965,-0.79529,NaN,NaN,NaN,NaN,NaN,NaN,NaN,NaN,NaN,NaN,NaN,NaN,NaN,NaN,NaN,NaN,NaN,NaN,NaN,NaN,NaN,
41.582,0.01185,-0.01646,0.12931,0.53236,-0.06982,0.28055,-0.79562,NaN,NaN,NaN,NaN,NaN,NaN,NaN,NaN,NaN,NaN,NaN,NaN,NaN,NaN,NaN,NaN,NaN,NaN,NaN,NaN,NaN,
41.607,0.01181,-0.01656,0.12923,0.53076,-0.06894,0.28202,-0.79625,NaN,NaN,NaN,NaN,NaN,NaN,NaN,NaN,NaN,NaN,NaN,NaN,NaN,NaN,NaN,NaN,NaN,NaN,NaN,NaN,NaN,
41.632,0.01171,-0.01661,0.12900,0.52892,-0.06594,0.28237,-0.79760,NaN,NaN,NaN,NaN,NaN,NaN,NaN,NaN,NaN,NaN,NaN,NaN,NaN,NaN,NaN,NaN,NaN,NaN,NaN,NaN,NaN,
41.657,0.01117,-0.01700,0.12917,0.52543,-0.06136,0.28376,-0.79978,NaN,NaN,NaN,NaN,NaN,NaN,NaN,NaN,NaN,NaN,NaN,NaN,NaN,NaN,NaN,NaN,NaN,NaN,NaN,NaN,NaN,
41.682,0.01069,-0.01705,0.12886,0.52164,-0.05441,0.28389,-0.80271,NaN,NaN,NaN,NaN,NaN,NaN,NaN,NaN,NaN,NaN,NaN,NaN,NaN,NaN,NaN,NaN,NaN,NaN,NaN,NaN,NaN,
41.707,0.01059,-0.01722,0.12878,0.51977,-0.05260,0.28502,-0.80364,NaN,NaN,NaN,NaN,NaN,NaN,NaN,NaN,NaN,NaN,NaN,NaN,NaN,NaN,NaN,NaN,NaN,NaN,NaN,NaN,NaN,
41.732,0.01032,-0.01742,0.12889,0.51894,-0.05157,0.28537,-0.80412,NaN,NaN,NaN,NaN,NaN,NaN,NaN,NaN,NaN,NaN,NaN,NaN,NaN,NaN,NaN,NaN,NaN,NaN,NaN,NaN,NaN,
41.757,0.01014,-0.01749,0.12882,0.51687,-0.04878,0.28609,-0.80537,NaN,NaN,NaN,NaN,NaN,NaN,NaN,NaN,NaN,NaN,NaN,NaN,NaN,NaN,NaN,NaN,NaN,NaN,NaN,NaN,NaN,
41.782,0.00990,-0.01767,0.12874,0.51444,-0.04575,0.28708,-0.80675,NaN,NaN,NaN,NaN,NaN,NaN,NaN,NaN,NaN,NaN,NaN,NaN,NaN,NaN,NaN,NaN,NaN,NaN,NaN,NaN,NaN,
41.807,0.00978,-0.01780,0.12880,0.51270,-0.04408,0.28811,-0.80758,NaN,NaN,NaN,NaN,NaN,NaN,NaN,NaN,NaN,NaN,NaN,NaN,NaN,NaN,NaN,NaN,NaN,NaN,NaN,NaN,NaN,
41.832,0.00958,-0.01795,0.12878,0.51066,-0.04130,0.28877,-0.80879,NaN,NaN,NaN,NaN,NaN,NaN,NaN,NaN,NaN,NaN,NaN,NaN,NaN,NaN,NaN,NaN,NaN,NaN,NaN,NaN,NaN,
41.857,0.00927,-0.01815,0.12872,0.50648,-0.03634,0.29057,-0.81101,NaN,NaN,NaN,NaN,NaN,NaN,NaN,NaN,NaN,NaN,NaN,NaN,NaN,NaN,NaN,NaN,NaN,NaN,NaN,NaN,NaN,
41.882,0.00875,-0.01846,0.12877,0.50350,-0.03205,0.29128,-0.81278,NaN,NaN,NaN,NaN,NaN,NaN,NaN,NaN,NaN,NaN,NaN,NaN,NaN,NaN,NaN,NaN,NaN,NaN,NaN,NaN,NaN,
41.907,0.00853,-0.01848,0.12890,0.50355,-0.03080,0.29036,-0.81313,NaN,NaN,NaN,NaN,NaN,NaN,NaN,NaN,NaN,NaN,NaN,NaN,NaN,NaN,NaN,NaN,NaN,NaN,NaN,NaN,NaN,
41.932,0.00844,-0.01843,0.12898,0.50386,-0.03014,0.28951,-0.81326,NaN,NaN,NaN,NaN,NaN,NaN,NaN,NaN,NaN,NaN,NaN,NaN,NaN,NaN,NaN,NaN,NaN,NaN,NaN,NaN,NaN,
41.957,0.00832,-0.01850,0.12908,0.50374,-0.02953,0.28924,-0.81346,NaN,NaN,NaN,NaN,NaN,NaN,NaN,NaN,NaN,NaN,NaN,NaN,NaN,NaN,NaN,NaN,NaN,NaN,NaN,NaN,NaN,
41.982,0.00828,-0.01864,0.12926,0.50263,-0.02934,0.29048,-0.81371,NaN,NaN,NaN,NaN,NaN,NaN,NaN,NaN,NaN,NaN,NaN,NaN,NaN,NaN,NaN,NaN,NaN,NaN,NaN,NaN,NaN,
42.007,0.00821,-0.01873,0.12925,0.50087,-0.02737,0.29129,-0.81458,NaN,NaN,NaN,NaN,NaN,NaN,NaN,NaN,NaN,NaN,NaN,NaN,NaN,NaN,NaN,NaN,NaN,NaN,NaN,NaN,NaN,
42.032,0.00800,-0.01881,0.12931,-0.49967,0.02556,-0.29150,0.81529,NaN,NaN,NaN,NaN,NaN,NaN,NaN,NaN,NaN,NaN,NaN,NaN,NaN,NaN,NaN,NaN,NaN,NaN,NaN,NaN,NaN,
42.057,0.00793,-0.01878,0.12937,-0.49958,0.02509,-0.29129,0.81544,NaN,NaN,NaN,NaN,NaN,NaN,NaN,NaN,NaN,NaN,NaN,NaN,NaN,NaN,NaN,NaN,NaN,NaN,NaN,NaN,NaN,
42.082,0.00789,-0.01862,0.12939,0.50191,-0.02591,0.28897,-0.81481,NaN,NaN,NaN,NaN,NaN,NaN,NaN,NaN,NaN,NaN,NaN,NaN,NaN,NaN,NaN,NaN,NaN,NaN,NaN,NaN,NaN,
42.107,0.00790,-0.01838,0.12966,0.50635,-0.02917,0.28574,-0.81309,NaN,NaN,NaN,NaN,NaN,NaN,NaN,NaN,NaN,NaN,NaN,NaN,NaN,NaN,NaN,NaN,NaN,NaN,NaN,NaN,NaN,
42.132,0.00789,-0.01827,0.12986,0.50840,-0.03039,0.28403,-0.81236,NaN,NaN,NaN,NaN,NaN,NaN,NaN,NaN,NaN,NaN,NaN,NaN,NaN,NaN,NaN,NaN,NaN,NaN,NaN,NaN,NaN,
42.157,0.00787,-0.01825,0.12997,0.50956,-0.03109,0.28307,-0.81195,NaN,NaN,NaN,NaN,NaN,NaN,NaN,NaN,NaN,NaN,NaN,NaN,NaN,NaN,NaN,NaN,NaN,NaN,NaN,NaN,NaN,
42.182,0.00791,-0.01819,0.13011,0.51049,-0.03165,0.28228,-0.81161,NaN,NaN,NaN,NaN,NaN,NaN,NaN,NaN,NaN,NaN,NaN,NaN,NaN,NaN,NaN,NaN,NaN,NaN,NaN,NaN,NaN,
42.207,0.00789,-0.01827,0.13034,0.51156,-0.03278,0.28173,-0.81109,NaN,NaN,NaN,NaN,NaN,NaN,NaN,NaN,NaN,NaN,NaN,NaN,NaN,NaN,NaN,NaN,NaN,NaN,NaN,NaN,NaN,
42.232,0.00787,-0.01818,0.13053,0.51324,-0.03420,0.28061,-0.81036,NaN,NaN,NaN,NaN,NaN,NaN,NaN,NaN,NaN,NaN,NaN,NaN,NaN,NaN,NaN,NaN,NaN,NaN,NaN,NaN,NaN,
42.257,0.00790,-0.01814,0.13073,0.51373,-0.03575,0.28107,-0.80982,NaN,NaN,NaN,NaN,NaN,NaN,NaN,NaN,NaN,NaN,NaN,NaN,NaN,NaN,NaN,NaN,NaN,NaN,NaN,NaN,NaN,
42.282,0.00789,-0.01810,0.13078,0.51439,-0.03707,0.28115,-0.80931,NaN,NaN,NaN,NaN,NaN,NaN,NaN,NaN,NaN,NaN,NaN,NaN,NaN,NaN,NaN,NaN,NaN,NaN,NaN,NaN,NaN,
42.307,0.00791,-0.01794,0.13072,0.51741,-0.03850,0.27834,-0.80829,NaN,NaN,NaN,NaN,NaN,NaN,NaN,NaN,NaN,NaN,NaN,NaN,NaN,NaN,NaN,NaN,NaN,NaN,NaN,NaN,NaN,
42.332,0.00782,-0.01788,0.13095,0.52067,-0.04089,0.27585,-0.80693,NaN,NaN,NaN,NaN,NaN,NaN,NaN,NaN,NaN,NaN,NaN,NaN,NaN,NaN,NaN,NaN,NaN,NaN,NaN,NaN,NaN,
42.357,0.00786,-0.01779,0.13097,0.52162,-0.04095,0.27468,-0.80671,NaN,NaN,NaN,NaN,NaN,NaN,NaN,NaN,NaN,NaN,NaN,NaN,NaN,NaN,NaN,NaN,NaN,NaN,NaN,NaN,NaN,
42.382,0.00781,-0.01779,0.13101,0.52224,-0.04141,0.27422,-0.80645,NaN,NaN,NaN,NaN,NaN,NaN,NaN,NaN,NaN,NaN,NaN,NaN,NaN,NaN,NaN,NaN,NaN,NaN,NaN,NaN,NaN,
42.407,0.00777,-0.01770,0.13104,0.52271,-0.04173,0.27384,-0.80626,NaN,NaN,NaN,NaN,NaN,NaN,NaN,NaN,NaN,NaN,NaN,NaN,NaN,NaN,NaN,NaN,NaN,NaN,NaN,NaN,NaN,
42.432,0.00782,-0.01766,0.13109,0.52300,-0.04222,0.27380,-0.80605,NaN,NaN,NaN,NaN,NaN,NaN,NaN,NaN,NaN,NaN,NaN,NaN,NaN,NaN,NaN,NaN,NaN,NaN,NaN,NaN,NaN,
42.457,0.00787,-0.01755,0.13096,0.52351,-0.04189,0.27293,-0.80604,NaN,NaN,NaN,NaN,NaN,NaN,NaN,NaN,NaN,NaN,NaN,NaN,NaN,NaN,NaN,NaN,NaN,NaN,NaN,NaN,NaN,
42.482,0.00792,-0.01754,0.13093,0.52383,-0.04232,0.27281,-0.80585,NaN,NaN,NaN,NaN,NaN,NaN,NaN,NaN,NaN,NaN,NaN,NaN,NaN,NaN,NaN,NaN,NaN,NaN,NaN,NaN,NaN,
42.507,0.00791,-0.01752,0.13083,0.52395,-0.04231,0.27265,-0.80582,NaN,NaN,NaN,NaN,NaN,NaN,NaN,NaN,NaN,NaN,NaN,NaN,NaN,NaN,NaN,NaN,NaN,NaN,NaN,NaN,NaN,
42.532,0.00789,-0.01757,0.13071,0.52414,-0.04198,0.27218,-0.80587,NaN,NaN,NaN,NaN,NaN,NaN,NaN,NaN,NaN,NaN,NaN,NaN,NaN,NaN,NaN,NaN,NaN,NaN,NaN,NaN,NaN,
42.557,0.00793,-0.01754,0.13068,0.52408,-0.04191,0.27221,-0.80591,NaN,NaN,NaN,NaN,NaN,NaN,NaN,NaN,NaN,NaN,NaN,NaN,NaN,NaN,NaN,NaN,NaN,NaN,NaN,NaN,NaN,
42.582,0.00787,-0.01762,0.13092,0.52347,-0.04218,0.27317,-0.80596,NaN,NaN,NaN,NaN,NaN,NaN,NaN,NaN,NaN,NaN,NaN,NaN,NaN,NaN,NaN,NaN,NaN,NaN,NaN,NaN,NaN,
42.607,0.00787,-0.01761,0.13088,0.52364,-0.04224,0.27300,-0.80591,NaN,NaN,NaN,NaN,NaN,NaN,NaN,NaN,NaN,NaN,NaN,NaN,NaN,NaN,NaN,NaN,NaN,NaN,NaN,NaN,NaN,
42.632,0.00785,-0.01762,0.13082,0.52351,-0.04203,0.27302,-0.80600,NaN,NaN,NaN,NaN,NaN,NaN,NaN,NaN,NaN,NaN,NaN,NaN,NaN,NaN,NaN,NaN,NaN,NaN,NaN,NaN,NaN,
42.657,0.00792,-0.01798,0.13044,0.51788,-0.03869,0.27787,-0.80814,NaN,NaN,NaN,NaN,NaN,NaN,NaN,NaN,NaN,NaN,NaN,NaN,NaN,NaN,NaN,NaN,NaN,NaN,NaN,NaN,NaN,
42.682,0.00787,-0.01837,0.13015,0.51114,-0.03427,0.28329,-0.81074,NaN,NaN,NaN,NaN,NaN,NaN,NaN,NaN,NaN,NaN,NaN,NaN,NaN,NaN,NaN,NaN,NaN,NaN,NaN,NaN,NaN,
42.707,0.00778,-0.01858,0.12984,0.50673,-0.03041,0.28613,-0.81267,NaN,NaN,NaN,NaN,NaN,NaN,NaN,NaN,NaN,NaN,NaN,NaN,NaN,NaN,NaN,NaN,NaN,NaN,NaN,NaN,NaN,
42.732,0.00763,-0.01874,0.12977,0.50513,-0.02835,0.28668,-0.81354,NaN,NaN,NaN,NaN,NaN,NaN,NaN,NaN,NaN,NaN,NaN,NaN,NaN,NaN,NaN,NaN,NaN,NaN,NaN,NaN,NaN,
42.757,0.00751,-0.01883,0.12964,0.50325,-0.02627,0.28756,-0.81447,NaN,NaN,NaN,NaN,NaN,NaN,NaN,NaN,NaN,NaN,NaN,NaN,NaN,NaN,NaN,NaN,NaN,NaN,NaN,NaN,NaN,
42.782,0.00736,-0.01900,0.12952,0.50063,-0.02426,0.28940,-0.81549,NaN,NaN,NaN,NaN,NaN,NaN,NaN,NaN,NaN,NaN,NaN,NaN,NaN,NaN,NaN,NaN,NaN,NaN,NaN,NaN,NaN,
42.807,0.00732,-0.01901,0.12934,-0.49841,0.02168,-0.29033,0.81660,NaN,NaN,NaN,NaN,NaN,NaN,NaN,NaN,NaN,NaN,NaN,NaN,NaN,NaN,NaN,NaN,NaN,NaN,NaN,NaN,NaN,
42.832,0.00723,-0.01921,0.12925,-0.49559,0.01904,-0.29195,0.81780,NaN,NaN,NaN,NaN,NaN,NaN,NaN,NaN,NaN,NaN,NaN,NaN,NaN,NaN,NaN,NaN,NaN,NaN,NaN,NaN,NaN,
42.857,0.00709,-0.01926,0.12899,-0.49335,0.01576,-0.29238,0.81907,NaN,NaN,NaN,NaN,NaN,NaN,NaN,NaN,NaN,NaN,NaN,NaN,NaN,NaN,NaN,NaN,NaN,NaN,NaN,NaN,NaN,
42.882,0.00708,-0.01936,0.12898,-0.49215,0.01512,-0.29340,0.81944,NaN,NaN,NaN,NaN,NaN,NaN,NaN,NaN,NaN,NaN,NaN,NaN,NaN,NaN,NaN,NaN,NaN,NaN,NaN,NaN,NaN,
42.907,0.00705,-0.01943,0.12894,-0.49107,0.01449,-0.29427,0.81978,NaN,NaN,NaN,NaN,NaN,NaN,NaN,NaN,NaN,NaN,NaN,NaN,NaN,NaN,NaN,NaN,NaN,NaN,NaN,NaN,NaN,
42.932,0.00707,-0.01948,0.12886,-0.48985,0.01339,-0.29499,0.82028,NaN,NaN,NaN,NaN,NaN,NaN,NaN,NaN,NaN,NaN,NaN,NaN,NaN,NaN,NaN,NaN,NaN,NaN,NaN,NaN,NaN,
42.957,0.00696,-0.01956,0.12884,-0.48922,0.01282,-0.29534,0.82053,NaN,NaN,NaN,NaN,NaN,NaN,NaN,NaN,NaN,NaN,NaN,NaN,NaN,NaN,NaN,NaN,NaN,NaN,NaN,NaN,NaN,
42.982,0.00687,-0.01955,0.12885,-0.48912,0.01212,-0.29497,0.82073,NaN,NaN,NaN,NaN,NaN,NaN,NaN,NaN,NaN,NaN,NaN,NaN,NaN,NaN,NaN,NaN,NaN,NaN,NaN,NaN,NaN,
43.007,0.00684,-0.01947,0.12890,-0.48929,0.01180,-0.29453,0.82080,NaN,NaN,NaN,NaN,NaN,NaN,NaN,NaN,NaN,NaN,NaN,NaN,NaN,NaN,NaN,NaN,NaN,NaN,NaN,NaN,NaN,
43.032,0.00677,-0.01949,0.12893,-0.48919,0.01137,-0.29435,0.82093,NaN,NaN,NaN,NaN,NaN,NaN,NaN,NaN,NaN,NaN,NaN,NaN,NaN,NaN,NaN,NaN,NaN,NaN,NaN,NaN,NaN,
43.057,0.00680,-0.01955,0.12906,-0.48875,0.01144,-0.29494,0.82098,NaN,NaN,NaN,NaN,NaN,NaN,NaN,NaN,NaN,NaN,NaN,NaN,NaN,NaN,NaN,NaN,NaN,NaN,NaN,NaN,NaN,
43.082,0.00680,-0.01966,0.12910,-0.48768,0.01076,-0.29576,0.82133,NaN,NaN,NaN,NaN,NaN,NaN,NaN,NaN,NaN,NaN,NaN,NaN,NaN,NaN,NaN,NaN,NaN,NaN,NaN,NaN,NaN,
43.107,0.00674,-0.01978,0.12916,-0.48520,0.00863,-0.29725,0.82228,NaN,NaN,NaN,NaN,NaN,NaN,NaN,NaN,NaN,NaN,NaN,NaN,NaN,NaN,NaN,NaN,NaN,NaN,NaN,NaN,NaN,
43.132,0.00633,-0.01993,0.12923,-0.48297,0.00534,-0.29761,0.82349,NaN,NaN,NaN,NaN,NaN,NaN,NaN,NaN,NaN,NaN,NaN,NaN,NaN,NaN,NaN,NaN,NaN,NaN,NaN,NaN,NaN,
43.157,0.00613,-0.01995,0.12934,-0.48242,0.00394,-0.29727,0.82394,NaN,NaN,NaN,NaN,NaN,NaN,NaN,NaN,NaN,NaN,NaN,NaN,NaN,NaN,NaN,NaN,NaN,NaN,NaN,NaN,NaN,
43.182,0.00603,-0.01997,0.12935,-0.48219,0.00311,-0.29697,0.82419,NaN,NaN,NaN,NaN,NaN,NaN,NaN,NaN,NaN,NaN,NaN,NaN,NaN,NaN,NaN,NaN,NaN,NaN,NaN,NaN,NaN,
43.207,0.00603,-0.02003,0.12955,-0.48165,0.00357,-0.29794,0.82415,NaN,NaN,NaN,NaN,NaN,NaN,NaN,NaN,NaN,NaN,NaN,NaN,NaN,NaN,NaN,NaN,NaN,NaN,NaN,NaN,NaN,
43.232,0.00603,-0.02009,0.12955,-0.48154,0.00355,-0.29806,0.82417,NaN,NaN,NaN,NaN,NaN,NaN,NaN,NaN,NaN,NaN,NaN,NaN,NaN,NaN,NaN,NaN,NaN,NaN,NaN,NaN,NaN,
43.257,0.00601,-0.02007,0.12976,-0.48167,0.00393,-0.29818,0.82406,NaN,NaN,NaN,NaN,NaN,NaN,NaN,NaN,NaN,NaN,NaN,NaN,NaN,NaN,NaN,NaN,NaN,NaN,NaN,NaN,NaN,
43.282,0.00577,-0.02008,0.12993,-0.48313,0.00395,-0.29643,0.82384,NaN,NaN,NaN,NaN,NaN,NaN,NaN,NaN,NaN,NaN,NaN,NaN,NaN,NaN,NaN,NaN,NaN,NaN,NaN,NaN,NaN,
43.307,0.00567,-0.01989,0.13003,-0.48527,0.00430,-0.29406,0.82342,NaN,NaN,NaN,NaN,NaN,NaN,NaN,NaN,NaN,NaN,NaN,NaN,NaN,NaN,NaN,NaN,NaN,NaN,NaN,NaN,NaN,
43.332,0.00555,-0.01986,0.13012,-0.48498,0.00347,-0.29383,0.82368,NaN,NaN,NaN,NaN,NaN,NaN,NaN,NaN,NaN,NaN,NaN,NaN,NaN,NaN,NaN,NaN,NaN,NaN,NaN,NaN,NaN,
43.357,0.00537,-0.01993,0.13012,-0.48360,0.00185,-0.29433,0.82431,NaN,NaN,NaN,NaN,NaN,NaN,NaN,NaN,NaN,NaN,NaN,NaN,NaN,NaN,NaN,NaN,NaN,NaN,NaN,NaN,NaN,
43.382,0.00527,-0.02000,0.13015,-0.48334,0.00133,-0.29427,0.82449,NaN,NaN,NaN,NaN,NaN,NaN,NaN,NaN,NaN,NaN,NaN,NaN,NaN,NaN,NaN,NaN,NaN,NaN,NaN,NaN,NaN,
43.407,0.00525,-0.02006,0.13019,-0.48351,0.00133,-0.29407,0.82446,NaN,NaN,NaN,NaN,NaN,NaN,NaN,NaN,NaN,NaN,NaN,NaN,NaN,NaN,NaN,NaN,NaN,NaN,NaN,NaN,NaN,
43.432,0.00516,-0.02007,0.13013,-0.48334,0.00079,-0.29389,0.82463,NaN,NaN,NaN,NaN,NaN,NaN,NaN,NaN,NaN,NaN,NaN,NaN,NaN,NaN,NaN,NaN,NaN,NaN,NaN,NaN,NaN,
43.457,0.00519,-0.02001,0.13014,-0.48321,0.00082,-0.29406,0.82464,NaN,NaN,NaN,NaN,NaN,NaN,NaN,NaN,NaN,NaN,NaN,NaN,NaN,NaN,NaN,NaN,NaN,NaN,NaN,NaN,NaN,
43.482,0.00516,-0.02000,0.13018,-0.48294,0.00090,-0.29445,0.82466,NaN,NaN,NaN,NaN,NaN,NaN,NaN,NaN,NaN,NaN,NaN,NaN,NaN,NaN,NaN,NaN,NaN,NaN,NaN,NaN,NaN,
43.507,0.00518,-0.02001,0.13016,-0.48298,0.00090,-0.29441,0.82465,NaN,NaN,NaN,NaN,NaN,NaN,NaN,NaN,NaN,NaN,NaN,NaN,NaN,NaN,NaN,NaN,NaN,NaN,NaN,NaN,NaN,
43.532,0.00518,-0.01985,0.13000,-0.48560,0.00170,-0.29180,0.82404,NaN,NaN,NaN,NaN,NaN,NaN,NaN,NaN,NaN,NaN,NaN,NaN,NaN,NaN,NaN,NaN,NaN,NaN,NaN,NaN,NaN,
43.557,0.00528,-0.01935,0.13018,-0.49294,0.00721,-0.28676,0.82142,NaN,NaN,NaN,NaN,NaN,NaN,NaN,NaN,NaN,NaN,NaN,NaN,NaN,NaN,NaN,NaN,NaN,NaN,NaN,NaN,NaN,
43.582,0.00528,-0.01918,0.13030,-0.49713,0.01091,-0.28424,0.81972,NaN,NaN,NaN,NaN,NaN,NaN,NaN,NaN,NaN,NaN,NaN,NaN,NaN,NaN,NaN,NaN,NaN,NaN,NaN,NaN,NaN,
43.607,0.00521,-0.01902,0.13023,-0.49926,0.01208,-0.28244,0.81904,NaN,NaN,NaN,NaN,NaN,NaN,NaN,NaN,NaN,NaN,NaN,NaN,NaN,NaN,NaN,NaN,NaN,NaN,NaN,NaN,NaN,
43.632,0.00509,-0.01882,0.13020,0.50036,-0.01159,0.28072,-0.81897,NaN,NaN,NaN,NaN,NaN,NaN,NaN,NaN,NaN,NaN,NaN,NaN,NaN,NaN,NaN,NaN,NaN,NaN,NaN,NaN,NaN,
43.657,0.00493,-0.01876,0.13014,0.50175,-0.01156,0.27896,-0.81872,NaN,NaN,NaN,NaN,NaN,NaN,NaN,NaN,NaN,NaN,NaN,NaN,NaN,NaN,NaN,NaN,NaN,NaN,NaN,NaN,NaN,
43.682,0.00492,-0.01862,0.13006,0.50304,-0.01198,0.27764,-0.81836,NaN,NaN,NaN,NaN,NaN,NaN,NaN,NaN,NaN,NaN,NaN,NaN,NaN,NaN,NaN,NaN,NaN,NaN,NaN,NaN,NaN,
43.707,0.00498,-0.01861,0.13003,0.50330,-0.01235,0.27759,-0.81822,NaN,NaN,NaN,NaN,NaN,NaN,NaN,NaN,NaN,NaN,NaN,NaN,NaN,NaN,NaN,NaN,NaN,NaN,NaN,NaN,NaN,
43.732,0.00499,-0.01849,0.12992,0.50414,-0.01258,0.27670,-0.81800,NaN,NaN,NaN,NaN,NaN,NaN,NaN,NaN,NaN,NaN,NaN,NaN,NaN,NaN,NaN,NaN,NaN,NaN,NaN,NaN,NaN,
43.757,0.00485,-0.01848,0.12988,0.50430,-0.01205,0.27612,-0.81811,NaN,NaN,NaN,NaN,NaN,NaN,NaN,NaN,NaN,NaN,NaN,NaN,NaN,NaN,NaN,NaN,NaN,NaN,NaN,NaN,NaN,
43.782,0.00468,-0.01849,0.12984,0.50466,-0.01131,0.27512,-0.81823,NaN,NaN,NaN,NaN,NaN,NaN,NaN,NaN,NaN,NaN,NaN,NaN,NaN,NaN,NaN,NaN,NaN,NaN,NaN,NaN,NaN,
43.807,0.00457,-0.01841,0.12973,0.50430,-0.01017,0.27475,-0.81859,NaN,NaN,NaN,NaN,NaN,NaN,NaN,NaN,NaN,NaN,NaN,NaN,NaN,NaN,NaN,NaN,NaN,NaN,NaN,NaN,NaN,
43.832,0.00448,-0.01849,0.12966,0.50388,-0.00991,0.27508,-0.81874,NaN,NaN,NaN,NaN,NaN,NaN,NaN,NaN,NaN,NaN,NaN,NaN,NaN,NaN,NaN,NaN,NaN,NaN,NaN,NaN,NaN,
43.857,0.00447,-0.01843,0.12950,0.50218,-0.00856,0.27625,-0.81941,NaN,NaN,NaN,NaN,NaN,NaN,NaN,NaN,NaN,NaN,NaN,NaN,NaN,NaN,NaN,NaN,NaN,NaN,NaN,NaN,NaN,
43.882,0.00424,-0.01857,0.12947,0.50117,-0.00618,0.27578,-0.82020,NaN,NaN,NaN,NaN,NaN,NaN,NaN,NaN,NaN,NaN,NaN,NaN,NaN,NaN,NaN,NaN,NaN,NaN,NaN,NaN,NaN,
43.907,0.00361,-0.01854,0.12947,0.50061,-0.00188,0.27333,-0.82139,NaN,NaN,NaN,NaN,NaN,NaN,NaN,NaN,NaN,NaN,NaN,NaN,NaN,NaN,NaN,NaN,NaN,NaN,NaN,NaN,NaN,
43.932,0.00336,-0.01847,0.12938,-0.49940,-0.00114,-0.27263,0.82236,NaN,NaN,NaN,NaN,NaN,NaN,NaN,NaN,NaN,NaN,NaN,NaN,NaN,NaN,NaN,NaN,NaN,NaN,NaN,NaN,NaN,
43.957,0.00316,-0.01852,0.12932,-0.49739,-0.00384,-0.27314,0.82339,NaN,NaN,NaN,NaN,NaN,NaN,NaN,NaN,NaN,NaN,NaN,NaN,NaN,NaN,NaN,NaN,NaN,NaN,NaN,NaN,NaN,
43.982,0.00308,-0.01854,0.12931,-0.49606,-0.00545,-0.27362,0.82403,NaN,NaN,NaN,NaN,NaN,NaN,NaN,NaN,NaN,NaN,NaN,NaN,NaN,NaN,NaN,NaN,NaN,NaN,NaN,NaN,NaN,
44.007,0.00282,-0.01868,0.12926,-0.49391,-0.00823,-0.27424,0.82509,NaN,NaN,NaN,NaN,NaN,NaN,NaN,NaN,NaN,NaN,NaN,NaN,NaN,NaN,NaN,NaN,NaN,NaN,NaN,NaN,NaN,
44.032,0.00269,-0.01883,0.12928,-0.49199,-0.01031,-0.27508,0.82593,NaN,NaN,NaN,NaN,NaN,NaN,NaN,NaN,NaN,NaN,NaN,NaN,NaN,NaN,NaN,NaN,NaN,NaN,NaN,NaN,NaN,
44.057,0.00247,-0.01892,0.12930,-0.48982,-0.01257,-0.27610,0.82685,NaN,NaN,NaN,NaN,NaN,NaN,NaN,NaN,NaN,NaN,NaN,NaN,NaN,NaN,NaN,NaN,NaN,NaN,NaN,NaN,NaN,
44.082,0.00244,-0.01896,0.12939,-0.48819,-0.01389,-0.27713,0.82745,NaN,NaN,NaN,NaN,NaN,NaN,NaN,NaN,NaN,NaN,NaN,NaN,NaN,NaN,NaN,NaN,NaN,NaN,NaN,NaN,NaN,
44.107,0.00242,-0.01898,0.12940,-0.48681,-0.01580,-0.27741,0.82814,NaN,NaN,NaN,NaN,NaN,NaN,NaN,NaN,NaN,NaN,NaN,NaN,NaN,NaN,NaN,NaN,NaN,NaN,NaN,NaN,NaN,
44.132,0.00236,-0.01904,0.12947,-0.48500,-0.01787,-0.27809,0.82893,NaN,NaN,NaN,NaN,NaN,NaN,NaN,NaN,NaN,NaN,NaN,NaN,NaN,NaN,NaN,NaN,NaN,NaN,NaN,NaN,NaN,
44.157,0.00225,-0.01911,0.12953,-0.48322,-0.01939,-0.27915,0.82958,NaN,NaN,NaN,NaN,NaN,NaN,NaN,NaN,NaN,NaN,NaN,NaN,NaN,NaN,NaN,NaN,NaN,NaN,NaN,NaN,NaN,
44.182,0.00218,-0.01918,0.12967,-0.48245,-0.01965,-0.27990,0.82977,NaN,NaN,NaN,NaN,NaN,NaN,NaN,NaN,NaN,NaN,NaN,NaN,NaN,NaN,NaN,NaN,NaN,NaN,NaN,NaN,NaN,
44.207,0.00209,-0.01925,0.12973,-0.48170,-0.02091,-0.27987,0.83018,NaN,NaN,NaN,NaN,NaN,NaN,NaN,NaN,NaN,NaN,NaN,NaN,NaN,NaN,NaN,NaN,NaN,NaN,NaN,NaN,NaN,
44.232,0.00188,-0.01923,0.12982,-0.48080,-0.02291,-0.27947,0.83078,NaN,NaN,NaN,NaN,NaN,NaN,NaN,NaN,NaN,NaN,NaN,NaN,NaN,NaN,NaN,NaN,NaN,NaN,NaN,NaN,NaN,
44.257,0.00167,-0.01933,0.12996,-0.48011,-0.02406,-0.27946,0.83116,NaN,NaN,NaN,NaN,NaN,NaN,NaN,NaN,NaN,NaN,NaN,NaN,NaN,NaN,NaN,NaN,NaN,NaN,NaN,NaN,NaN,
44.282,0.00171,-0.01941,0.13012,-0.47951,-0.02432,-0.28000,0.83131,NaN,NaN,NaN,NaN,NaN,NaN,NaN,NaN,NaN,NaN,NaN,NaN,NaN,NaN,NaN,NaN,NaN,NaN,NaN,NaN,NaN,
44.307,0.00160,-0.01945,0.13022,-0.47880,-0.02525,-0.28017,0.83164,NaN,NaN,NaN,NaN,NaN,NaN,NaN,NaN,NaN,NaN,NaN,NaN,NaN,NaN,NaN,NaN,NaN,NaN,NaN,NaN,NaN,
44.332,0.00155,-0.01946,0.13032,-0.47790,-0.02630,-0.28047,0.83202,NaN,NaN,NaN,NaN,NaN,NaN,NaN,NaN,NaN,NaN,NaN,NaN,NaN,NaN,NaN,NaN,NaN,NaN,NaN,NaN,NaN,
44.357,0.00145,-0.01948,0.13043,-0.47762,-0.02683,-0.28041,0.83218,NaN,NaN,NaN,NaN,NaN,NaN,NaN,NaN,NaN,NaN,NaN,NaN,NaN,NaN,NaN,NaN,NaN,NaN,NaN,NaN,NaN,
44.382,0.00145,-0.01951,0.13052,-0.47731,-0.02702,-0.28064,0.83228,NaN,NaN,NaN,NaN,NaN,NaN,NaN,NaN,NaN,NaN,NaN,NaN,NaN,NaN,NaN,NaN,NaN,NaN,NaN,NaN,NaN,
44.407,0.00145,-0.01946,0.13050,-0.47703,-0.02767,-0.28050,0.83246,NaN,NaN,NaN,NaN,NaN,NaN,NaN,NaN,NaN,NaN,NaN,NaN,NaN,NaN,NaN,NaN,NaN,NaN,NaN,NaN,NaN,
44.432,0.00139,-0.01951,0.13059,-0.47687,-0.02764,-0.28073,0.83248,NaN,NaN,NaN,NaN,NaN,NaN,NaN,NaN,NaN,NaN,NaN,NaN,NaN,NaN,NaN,NaN,NaN,NaN,NaN,NaN,NaN,
44.457,0.00127,-0.01954,0.13054,-0.47678,-0.02851,-0.28016,0.83269,NaN,NaN,NaN,NaN,NaN,NaN,NaN,NaN,NaN,NaN,NaN,NaN,NaN,NaN,NaN,NaN,NaN,NaN,NaN,NaN,NaN,
44.482,0.00127,-0.01951,0.13058,-0.47654,-0.02897,-0.28012,0.83283,NaN,NaN,NaN,NaN,NaN,NaN,NaN,NaN,NaN,NaN,NaN,NaN,NaN,NaN,NaN,NaN,NaN,NaN,NaN,NaN,NaN,
44.507,0.00127,-0.01951,0.13058,-0.47654,-0.02897,-0.28012,0.83283,NaN,NaN,NaN,NaN,NaN,NaN,NaN,NaN,NaN,NaN,NaN,NaN,NaN,NaN,NaN,NaN,NaN,NaN,NaN,NaN,NaN,
44.532,0.00120,-0.01949,0.13056,-0.47658,-0.02911,-0.27995,0.83286,NaN,NaN,NaN,NaN,NaN,NaN,NaN,NaN,NaN,NaN,NaN,NaN,NaN,NaN,NaN,NaN,NaN,NaN,NaN,NaN,NaN,
44.557,0.00119,-0.01951,0.13057,-0.47648,-0.02902,-0.28015,0.83285,NaN,NaN,NaN,NaN,NaN,NaN,NaN,NaN,NaN,NaN,NaN,NaN,NaN,NaN,NaN,NaN,NaN,NaN,NaN,NaN,NaN,
44.582,0.00121,-0.01951,0.13054,-0.47648,-0.02905,-0.28013,0.83286,NaN,NaN,NaN,NaN,NaN,NaN,NaN,NaN,NaN,NaN,NaN,NaN,NaN,NaN,NaN,NaN,NaN,NaN,NaN,NaN,NaN,
44.607,0.00124,-0.01953,0.13055,-0.47649,-0.02893,-0.28020,0.83283,NaN,NaN,NaN,NaN,NaN,NaN,NaN,NaN,NaN,NaN,NaN,NaN,NaN,NaN,NaN,NaN,NaN,NaN,NaN,NaN,NaN,
44.632,0.00123,-0.01953,0.13052,-0.47655,-0.02905,-0.28004,0.83285,NaN,NaN,NaN,NaN,NaN,NaN,NaN,NaN,NaN,NaN,NaN,NaN,NaN,NaN,NaN,NaN,NaN,NaN,NaN,NaN,NaN,
44.657,0.00121,-0.01953,0.13052,-0.47647,-0.02915,-0.28007,0.83288,NaN,NaN,NaN,NaN,NaN,NaN,NaN,NaN,NaN,NaN,NaN,NaN,NaN,NaN,NaN,NaN,NaN,NaN,NaN,NaN,NaN,
44.682,0.00111,-0.01956,0.13044,-0.47590,-0.02993,-0.28017,0.83315,NaN,NaN,NaN,NaN,NaN,NaN,NaN,NaN,NaN,NaN,NaN,NaN,NaN,NaN,NaN,NaN,NaN,NaN,NaN,NaN,NaN,
44.707,0.00113,-0.01977,0.13048,-0.47078,-0.03302,-0.28405,0.83462,NaN,NaN,NaN,NaN,NaN,NaN,NaN,NaN,NaN,NaN,NaN,NaN,NaN,NaN,NaN,NaN,NaN,NaN,NaN,NaN,NaN,
44.732,0.00087,-0.02011,0.13021,-0.46468,-0.03901,-0.28687,0.83681,NaN,NaN,NaN,NaN,NaN,NaN,NaN,NaN,NaN,NaN,NaN,NaN,NaN,NaN,NaN,NaN,NaN,NaN,NaN,NaN,NaN,
44.757,0.00061,-0.02023,0.13002,-0.46071,-0.04369,-0.28806,0.83837,NaN,NaN,NaN,NaN,NaN,NaN,NaN,NaN,NaN,NaN,NaN,NaN,NaN,NaN,NaN,NaN,NaN,NaN,NaN,NaN,NaN,
44.782,0.00060,-0.02033,0.12989,-0.45816,-0.04593,-0.28940,0.83918,NaN,NaN,NaN,NaN,NaN,NaN,NaN,NaN,NaN,NaN,NaN,NaN,NaN,NaN,NaN,NaN,NaN,NaN,NaN,NaN,NaN,
44.807,0.00050,-0.02039,0.12976,-0.45623,-0.04789,-0.29019,0.83985,NaN,NaN,NaN,NaN,NaN,NaN,NaN,NaN,NaN,NaN,NaN,NaN,NaN,NaN,NaN,NaN,NaN,NaN,NaN,NaN,NaN,
44.832,0.00040,-0.02047,0.12967,-0.45405,-0.05028,-0.29095,0.84063,NaN,NaN,NaN,NaN,NaN,NaN,NaN,NaN,NaN,NaN,NaN,NaN,NaN,NaN,NaN,NaN,NaN,NaN,NaN,NaN,NaN,
44.857,0.00021,-0.02050,0.12949,-0.45226,-0.05273,-0.29119,0.84136,NaN,NaN,NaN,NaN,NaN,NaN,NaN,NaN,NaN,NaN,NaN,NaN,NaN,NaN,NaN,NaN,NaN,NaN,NaN,NaN,NaN,
44.882,0.00020,-0.02053,0.12942,-0.45111,-0.05358,-0.29190,0.84168,NaN,NaN,NaN,NaN,NaN,NaN,NaN,NaN,NaN,NaN,NaN,NaN,NaN,NaN,NaN,NaN,NaN,NaN,NaN,NaN,NaN,
44.907,0.00020,-0.02057,0.12930,-0.45014,-0.05430,-0.29248,0.84195,NaN,NaN,NaN,NaN,NaN,NaN,NaN,NaN,NaN,NaN,NaN,NaN,NaN,NaN,NaN,NaN,NaN,NaN,NaN,NaN,NaN,
44.932,0.00020,-0.02057,0.12925,-0.44985,-0.05487,-0.29239,0.84210,NaN,NaN,NaN,NaN,NaN,NaN,NaN,NaN,NaN,NaN,NaN,NaN,NaN,NaN,NaN,NaN,NaN,NaN,NaN,NaN,NaN,
44.957,0.00016,-0.02058,0.12924,-0.44942,-0.05574,-0.29223,0.84233,NaN,NaN,NaN,NaN,NaN,NaN,NaN,NaN,NaN,NaN,NaN,NaN,NaN,NaN,NaN,NaN,NaN,NaN,NaN,NaN,NaN,
44.982,0.00009,-0.02054,0.12924,-0.44942,-0.05637,-0.29174,0.84246,NaN,NaN,NaN,NaN,NaN,NaN,NaN,NaN,NaN,NaN,NaN,NaN,NaN,NaN,NaN,NaN,NaN,NaN,NaN,NaN,NaN,
45.007,-0.00001,-0.02055,0.12926,-0.44900,-0.05667,-0.29200,0.84257,NaN,NaN,NaN,NaN,NaN,NaN,NaN,NaN,NaN,NaN,NaN,NaN,NaN,NaN,NaN,NaN,NaN,NaN,NaN,NaN,NaN,
45.032,-0.00003,-0.02053,0.12924,-0.44863,-0.05677,-0.29237,0.84263,NaN,NaN,NaN,NaN,NaN,NaN,NaN,NaN,NaN,NaN,NaN,NaN,NaN,NaN,NaN,NaN,NaN,NaN,NaN,NaN,NaN,
45.057,-0.00006,-0.02051,0.12915,-0.44873,-0.05700,-0.29207,0.84267,NaN,NaN,NaN,NaN,NaN,NaN,NaN,NaN,NaN,NaN,NaN,NaN,NaN,NaN,NaN,NaN,NaN,NaN,NaN,NaN,NaN,
45.082,-0.00004,-0.02051,0.12903,-0.44880,-0.05737,-0.29169,0.84273,NaN,NaN,NaN,NaN,NaN,NaN,NaN,NaN,NaN,NaN,NaN,NaN,NaN,NaN,NaN,NaN,NaN,NaN,NaN,NaN,NaN,
45.107,-0.00009,-0.02053,0.12901,-0.44912,-0.05709,-0.29153,0.84264,NaN,NaN,NaN,NaN,NaN,NaN,NaN,NaN,NaN,NaN,NaN,NaN,NaN,NaN,NaN,NaN,NaN,NaN,NaN,NaN,NaN,
45.132,-0.00007,-0.02049,0.12908,-0.44982,-0.05649,-0.29117,0.84243,NaN,NaN,NaN,NaN,NaN,NaN,NaN,NaN,NaN,NaN,NaN,NaN,NaN,NaN,NaN,NaN,NaN,NaN,NaN,NaN,NaN,
45.157,-0.00012,-0.02050,0.12921,-0.45044,-0.05596,-0.29085,0.84225,NaN,NaN,NaN,NaN,NaN,NaN,NaN,NaN,NaN,NaN,NaN,NaN,NaN,NaN,NaN,NaN,NaN,NaN,NaN,NaN,NaN,
45.182,-0.00007,-0.02044,0.12933,-0.45150,-0.05505,-0.29028,0.84193,NaN,NaN,NaN,NaN,NaN,NaN,NaN,NaN,NaN,NaN,NaN,NaN,NaN,NaN,NaN,NaN,NaN,NaN,NaN,NaN,NaN,
45.207,-0.00009,-0.02047,0.12942,-0.45224,-0.05440,-0.28991,0.84171,NaN,NaN,NaN,NaN,NaN,NaN,NaN,NaN,NaN,NaN,NaN,NaN,NaN,NaN,NaN,NaN,NaN,NaN,NaN,NaN,NaN,
45.232,-0.00007,-0.02048,0.12950,-0.45265,-0.05402,-0.28972,0.84158,NaN,NaN,NaN,NaN,NaN,NaN,NaN,NaN,NaN,NaN,NaN,NaN,NaN,NaN,NaN,NaN,NaN,NaN,NaN,NaN,NaN,
45.257,-0.00006,-0.02052,0.12956,-0.45301,-0.05367,-0.28957,0.84146,NaN,NaN,NaN,NaN,NaN,NaN,NaN,NaN,NaN,NaN,NaN,NaN,NaN,NaN,NaN,NaN,NaN,NaN,NaN,NaN,NaN,
45.282,-0.00007,-0.02057,0.12965,-0.45294,-0.05356,-0.28972,0.84145,NaN,NaN,NaN,NaN,NaN,NaN,NaN,NaN,NaN,NaN,NaN,NaN,NaN,NaN,NaN,NaN,NaN,NaN,NaN,NaN,NaN,
45.307,-0.00014,-0.02059,0.12971,-0.45305,-0.05365,-0.28954,0.84145,NaN,NaN,NaN,NaN,NaN,NaN,NaN,NaN,NaN,NaN,NaN,NaN,NaN,NaN,NaN,NaN,NaN,NaN,NaN,NaN,NaN,
45.332,-0.00012,-0.02058,0.12990,-0.45374,-0.05284,-0.28935,0.84120,NaN,NaN,NaN,NaN,NaN,NaN,NaN,NaN,NaN,NaN,NaN,NaN,NaN,NaN,NaN,NaN,NaN,NaN,NaN,NaN,NaN,
45.357,-0.00015,-0.02059,0.12996,-0.45395,-0.05285,-0.28908,0.84117,NaN,NaN,NaN,NaN,NaN,NaN,NaN,NaN,NaN,NaN,NaN,NaN,NaN,NaN,NaN,NaN,NaN,NaN,NaN,NaN,NaN,
45.382,-0.00017,-0.02062,0.13012,-0.45407,-0.05240,-0.28928,0.84107,NaN,NaN,NaN,NaN,NaN,NaN,NaN,NaN,NaN,NaN,NaN,NaN,NaN,NaN,NaN,NaN,NaN,NaN,NaN,NaN,NaN,
45.407,-0.00015,-0.02064,0.13014,-0.45404,-0.05240,-0.28933,0.84107,NaN,NaN,NaN,NaN,NaN,NaN,NaN,NaN,NaN,NaN,NaN,NaN,NaN,NaN,NaN,NaN,NaN,NaN,NaN,NaN,NaN,
45.432,-0.00010,-0.02066,0.13012,-0.45399,-0.05241,-0.28938,0.84108,NaN,NaN,NaN,NaN,NaN,NaN,NaN,NaN,NaN,NaN,NaN,NaN,NaN,NaN,NaN,NaN,NaN,NaN,NaN,NaN,NaN,
45.457,-0.00011,-0.02069,0.13008,-0.45387,-0.05258,-0.28939,0.84113,NaN,NaN,NaN,NaN,NaN,NaN,NaN,NaN,NaN,NaN,NaN,NaN,NaN,NaN,NaN,NaN,NaN,NaN,NaN,NaN,NaN,
45.482,-0.00015,-0.02075,0.13008,-0.45217,-0.05300,-0.29109,0.84143,NaN,NaN,NaN,NaN,NaN,NaN,NaN,NaN,NaN,NaN,NaN,NaN,NaN,NaN,NaN,NaN,NaN,NaN,NaN,NaN,NaN,
45.507,-0.00025,-0.02090,0.12998,-0.44848,-0.05517,-0.29379,0.84233,NaN,NaN,NaN,NaN,NaN,NaN,NaN,NaN,NaN,NaN,NaN,NaN,NaN,NaN,NaN,NaN,NaN,NaN,NaN,NaN,NaN,
45.532,-0.00067,-0.02111,0.13011,-0.44473,-0.05976,-0.29465,0.84370,NaN,NaN,NaN,NaN,NaN,NaN,NaN,NaN,NaN,NaN,NaN,NaN,NaN,NaN,NaN,NaN,NaN,NaN,NaN,NaN,NaN,
45.557,-0.00133,-0.02112,0.13012,-0.44227,-0.06507,-0.29339,0.84503,NaN,NaN,NaN,NaN,NaN,NaN,NaN,NaN,NaN,NaN,NaN,NaN,NaN,NaN,NaN,NaN,NaN,NaN,NaN,NaN,NaN,
45.582,-0.00167,-0.02091,0.12977,-0.44637,-0.06491,-0.28867,0.84452,NaN,NaN,NaN,NaN,NaN,NaN,NaN,NaN,NaN,NaN,NaN,NaN,NaN,NaN,NaN,NaN,NaN,NaN,NaN,NaN,NaN,
45.607,-0.00118,-0.02022,0.13036,-0.45669,-0.05630,-0.28310,0.84150,NaN,NaN,NaN,NaN,NaN,NaN,NaN,NaN,NaN,NaN,NaN,NaN,NaN,NaN,NaN,NaN,NaN,NaN,NaN,NaN,NaN,
45.632,-0.00114,-0.02001,0.13049,-0.46058,-0.05295,-0.28103,0.84029,NaN,NaN,NaN,NaN,NaN,NaN,NaN,NaN,NaN,NaN,NaN,NaN,NaN,NaN,NaN,NaN,NaN,NaN,NaN,NaN,NaN,
45.657,-0.00114,-0.01980,0.13034,-0.46263,-0.05243,-0.27896,0.83988,NaN,NaN,NaN,NaN,NaN,NaN,NaN,NaN,NaN,NaN,NaN,NaN,NaN,NaN,NaN,NaN,NaN,NaN,NaN,NaN,NaN,
45.682,-0.00136,-0.01960,0.13030,-0.46455,-0.05248,-0.27659,0.83961,NaN,NaN,NaN,NaN,NaN,NaN,NaN,NaN,NaN,NaN,NaN,NaN,NaN,NaN,NaN,NaN,NaN,NaN,NaN,NaN,NaN,
45.707,-0.00154,-0.01945,0.13025,-0.46546,-0.05311,-0.27499,0.83959,NaN,NaN,NaN,NaN,NaN,NaN,NaN,NaN,NaN,NaN,NaN,NaN,NaN,NaN,NaN,NaN,NaN,NaN,NaN,NaN,NaN,
45.732,-0.00170,-0.01938,0.13022,-0.46577,-0.05402,-0.27389,0.83972,NaN,NaN,NaN,NaN,NaN,NaN,NaN,NaN,NaN,NaN,NaN,NaN,NaN,NaN,NaN,NaN,NaN,NaN,NaN,NaN,NaN,
45.757,-0.00167,-0.01931,0.13014,-0.46660,-0.05427,-0.27268,0.83963,NaN,NaN,NaN,NaN,NaN,NaN,NaN,NaN,NaN,NaN,NaN,NaN,NaN,NaN,NaN,NaN,NaN,NaN,NaN,NaN,NaN,
45.782,-0.00168,-0.01922,0.13007,-0.46732,-0.05408,-0.27194,0.83948,NaN,NaN,NaN,NaN,NaN,NaN,NaN,NaN,NaN,NaN,NaN,NaN,NaN,NaN,NaN,NaN,NaN,NaN,NaN,NaN,NaN,
45.807,-0.00165,-0.01918,0.13000,-0.46754,-0.05402,-0.27171,0.83944,NaN,NaN,NaN,NaN,NaN,NaN,NaN,NaN,NaN,NaN,NaN,NaN,NaN,NaN,NaN,NaN,NaN,NaN,NaN,NaN,NaN,
45.832,-0.00172,-0.01909,0.12991,-0.46783,-0.05420,-0.27122,0.83943,NaN,NaN,NaN,NaN,NaN,NaN,NaN,NaN,NaN,NaN,NaN,NaN,NaN,NaN,NaN,NaN,NaN,NaN,NaN,NaN,NaN,
45.857,-0.00178,-0.01897,0.12985,-0.46868,-0.05370,-0.27057,0.83919,NaN,NaN,NaN,NaN,NaN,NaN,NaN,NaN,NaN,NaN,NaN,NaN,NaN,NaN,NaN,NaN,NaN,NaN,NaN,NaN,NaN,
45.882,-0.00193,-0.01894,0.12977,-0.46918,-0.05469,-0.26917,0.83930,NaN,NaN,NaN,NaN,NaN,NaN,NaN,NaN,NaN,NaN,NaN,NaN,NaN,NaN,NaN,NaN,NaN,NaN,NaN,NaN,NaN,
45.907,-0.00232,-0.01887,0.12964,-0.46855,-0.05830,-0.26709,0.84008,NaN,NaN,NaN,NaN,NaN,NaN,NaN,NaN,NaN,NaN,NaN,NaN,NaN,NaN,NaN,NaN,NaN,NaN,NaN,NaN,NaN,
45.932,-0.00247,-0.01880,0.12957,-0.46831,-0.05991,-0.26609,0.84041,NaN,NaN,NaN,NaN,NaN,NaN,NaN,NaN,NaN,NaN,NaN,NaN,NaN,NaN,NaN,NaN,NaN,NaN,NaN,NaN,NaN,
45.957,-0.00245,-0.01877,0.12964,-0.46806,-0.05995,-0.26638,0.84046,NaN,NaN,NaN,NaN,NaN,NaN,NaN,NaN,NaN,NaN,NaN,NaN,NaN,NaN,NaN,NaN,NaN,NaN,NaN,NaN,NaN,
45.982,-0.00255,-0.01865,0.12951,-0.46794,-0.06112,-0.26557,0.84069,NaN,NaN,NaN,NaN,NaN,NaN,NaN,NaN,NaN,NaN,NaN,NaN,NaN,NaN,NaN,NaN,NaN,NaN,NaN,NaN,NaN,
46.007,-0.00263,-0.01865,0.12952,-0.46722,-0.06220,-0.26561,0.84101,NaN,NaN,NaN,NaN,NaN,NaN,NaN,NaN,NaN,NaN,NaN,NaN,NaN,NaN,NaN,NaN,NaN,NaN,NaN,NaN,NaN,
46.032,-0.00268,-0.01860,0.12944,-0.46702,-0.06320,-0.26505,0.84122,NaN,NaN,NaN,NaN,NaN,NaN,NaN,NaN,NaN,NaN,NaN,NaN,NaN,NaN,NaN,NaN,NaN,NaN,NaN,NaN,NaN,
46.057,-0.00271,-0.01857,0.12943,-0.46638,-0.06413,-0.26509,0.84149,NaN,NaN,NaN,NaN,NaN,NaN,NaN,NaN,NaN,NaN,NaN,NaN,NaN,NaN,NaN,NaN,NaN,NaN,NaN,NaN,NaN,
46.082,-0.00280,-0.01863,0.12941,-0.46546,-0.06550,-0.26512,0.84188,NaN,NaN,NaN,NaN,NaN,NaN,NaN,NaN,NaN,NaN,NaN,NaN,NaN,NaN,NaN,NaN,NaN,NaN,NaN,NaN,NaN,
46.107,-0.00290,-0.01869,0.12936,-0.46405,-0.06742,-0.26530,0.84245,NaN,NaN,NaN,NaN,NaN,NaN,NaN,NaN,NaN,NaN,NaN,NaN,NaN,NaN,NaN,NaN,NaN,NaN,NaN,NaN,NaN,
46.132,-0.00300,-0.01872,0.12943,-0.46293,-0.06877,-0.26559,0.84287,NaN,NaN,NaN,NaN,NaN,NaN,NaN,NaN,NaN,NaN,NaN,NaN,NaN,NaN,NaN,NaN,NaN,NaN,NaN,NaN,NaN,
46.157,-0.00320,-0.01878,0.12958,-0.46176,-0.06984,-0.26616,0.84324,NaN,NaN,NaN,NaN,NaN,NaN,NaN,NaN,NaN,NaN,NaN,NaN,NaN,NaN,NaN,NaN,NaN,NaN,NaN,NaN,NaN,
46.182,-0.00318,-0.01888,0.12965,-0.46002,-0.07115,-0.26724,0.84374,NaN,NaN,NaN,NaN,NaN,NaN,NaN,NaN,NaN,NaN,NaN,NaN,NaN,NaN,NaN,NaN,NaN,NaN,NaN,NaN,NaN,
46.207,-0.00326,-0.01892,0.12960,-0.45835,-0.07318,-0.26764,0.84435,NaN,NaN,NaN,NaN,NaN,NaN,NaN,NaN,NaN,NaN,NaN,NaN,NaN,NaN,NaN,NaN,NaN,NaN,NaN,NaN,NaN,
46.232,-0.00331,-0.01894,0.12973,-0.45792,-0.07396,-0.26752,0.84455,NaN,NaN,NaN,NaN,NaN,NaN,NaN,NaN,NaN,NaN,NaN,NaN,NaN,NaN,NaN,NaN,NaN,NaN,NaN,NaN,NaN,
46.257,-0.00347,-0.01898,0.12989,-0.45715,-0.07488,-0.26771,0.84483,NaN,NaN,NaN,NaN,NaN,NaN,NaN,NaN,NaN,NaN,NaN,NaN,NaN,NaN,NaN,NaN,NaN,NaN,NaN,NaN,NaN,
46.282,-0.00350,-0.01903,0.12992,-0.45573,-0.07625,-0.26834,0.84528,NaN,NaN,NaN,NaN,NaN,NaN,NaN,NaN,NaN,NaN,NaN,NaN,NaN,NaN,NaN,NaN,NaN,NaN,NaN,NaN,NaN,
46.307,-0.00358,-0.01916,0.12996,-0.45362,-0.07823,-0.26929,0.84593,NaN,NaN,NaN,NaN,NaN,NaN,NaN,NaN,NaN,NaN,NaN,NaN,NaN,NaN,NaN,NaN,NaN,NaN,NaN,NaN,NaN,
46.332,-0.00366,-0.01923,0.13012,-0.45216,-0.07955,-0.26999,0.84636,NaN,NaN,NaN,NaN,NaN,NaN,NaN,NaN,NaN,NaN,NaN,NaN,NaN,NaN,NaN,NaN,NaN,NaN,NaN,NaN,NaN,
46.357,-0.00380,-0.01932,0.13018,-0.44974,-0.08167,-0.27119,0.84707,NaN,NaN,NaN,NaN,NaN,NaN,NaN,NaN,NaN,NaN,NaN,NaN,NaN,NaN,NaN,NaN,NaN,NaN,NaN,NaN,NaN,
46.382,-0.00395,-0.01943,0.13024,-0.44759,-0.08394,-0.27192,0.84774,NaN,NaN,NaN,NaN,NaN,NaN,NaN,NaN,NaN,NaN,NaN,NaN,NaN,NaN,NaN,NaN,NaN,NaN,NaN,NaN,NaN,
46.407,-0.00406,-0.01948,0.13020,-0.44608,-0.08620,-0.27190,0.84832,NaN,NaN,NaN,NaN,NaN,NaN,NaN,NaN,NaN,NaN,NaN,NaN,NaN,NaN,NaN,NaN,NaN,NaN,NaN,NaN,NaN,
46.432,-0.00423,-0.01955,0.13031,-0.44438,-0.08805,-0.27244,0.84886,NaN,NaN,NaN,NaN,NaN,NaN,NaN,NaN,NaN,NaN,NaN,NaN,NaN,NaN,NaN,NaN,NaN,NaN,NaN,NaN,NaN,
46.457,-0.00430,-0.01957,0.13030,-0.44337,-0.08927,-0.27265,0.84919,NaN,NaN,NaN,NaN,NaN,NaN,NaN,NaN,NaN,NaN,NaN,NaN,NaN,NaN,NaN,NaN,NaN,NaN,NaN,NaN,NaN,
46.482,-0.00433,-0.01960,0.13035,-0.44186,-0.09066,-0.27331,0.84961,NaN,NaN,NaN,NaN,NaN,NaN,NaN,NaN,NaN,NaN,NaN,NaN,NaN,NaN,NaN,NaN,NaN,NaN,NaN,NaN,NaN,
46.507,-0.00446,-0.01963,0.13024,-0.44018,-0.09287,-0.27351,0.85018,NaN,NaN,NaN,NaN,NaN,NaN,NaN,NaN,NaN,NaN,NaN,NaN,NaN,NaN,NaN,NaN,NaN,NaN,NaN,NaN,NaN,
46.532,-0.00456,-0.01960,0.13025,-0.43939,-0.09402,-0.27350,0.85046,NaN,NaN,NaN,NaN,NaN,NaN,NaN,NaN,NaN,NaN,NaN,NaN,NaN,NaN,NaN,NaN,NaN,NaN,NaN,NaN,NaN,
46.557,-0.00461,-0.01961,0.13028,-0.43822,-0.09537,-0.27379,0.85083,NaN,NaN,NaN,NaN,NaN,NaN,NaN,NaN,NaN,NaN,NaN,NaN,NaN,NaN,NaN,NaN,NaN,NaN,NaN,NaN,NaN,
46.582,-0.00474,-0.01967,0.13024,-0.43659,-0.09730,-0.27414,0.85133,NaN,NaN,NaN,NaN,NaN,NaN,NaN,NaN,NaN,NaN,NaN,NaN,NaN,NaN,NaN,NaN,NaN,NaN,NaN,NaN,NaN,
46.607,-0.00485,-0.01970,0.13018,-0.43530,-0.09910,-0.27419,0.85177,NaN,NaN,NaN,NaN,NaN,NaN,NaN,NaN,NaN,NaN,NaN,NaN,NaN,NaN,NaN,NaN,NaN,NaN,NaN,NaN,NaN,
46.632,-0.00496,-0.01973,0.13000,-0.43394,-0.10128,-0.27401,0.85227,NaN,NaN,NaN,NaN,NaN,NaN,NaN,NaN,NaN,NaN,NaN,NaN,NaN,NaN,NaN,NaN,NaN,NaN,NaN,NaN,NaN,
46.657,-0.00504,-0.01975,0.12998,-0.43274,-0.10284,-0.27413,0.85265,NaN,NaN,NaN,NaN,NaN,NaN,NaN,NaN,NaN,NaN,NaN,NaN,NaN,NaN,NaN,NaN,NaN,NaN,NaN,NaN,NaN,
46.682,-0.00512,-0.01970,0.12986,-0.43196,-0.10417,-0.27394,0.85294,NaN,NaN,NaN,NaN,NaN,NaN,NaN,NaN,NaN,NaN,NaN,NaN,NaN,NaN,NaN,NaN,NaN,NaN,NaN,NaN,NaN,
46.707,-0.00516,-0.01967,0.12980,-0.43132,-0.10493,-0.27408,0.85313,NaN,NaN,NaN,NaN,NaN,NaN,NaN,NaN,NaN,NaN,NaN,NaN,NaN,NaN,NaN,NaN,NaN,NaN,NaN,NaN,NaN,
46.732,-0.00516,-0.01960,0.12973,-0.43141,-0.10553,-0.27347,0.85321,NaN,NaN,NaN,NaN,NaN,NaN,NaN,NaN,NaN,NaN,NaN,NaN,NaN,NaN,NaN,NaN,NaN,NaN,NaN,NaN,NaN,
46.757,-0.00532,-0.01954,0.12963,-0.43136,-0.10669,-0.27255,0.85338,NaN,NaN,NaN,NaN,NaN,NaN,NaN,NaN,NaN,NaN,NaN,NaN,NaN,NaN,NaN,NaN,NaN,NaN,NaN,NaN,NaN,
46.782,-0.00540,-0.01950,0.12960,-0.43099,-0.10750,-0.27232,0.85354,NaN,NaN,NaN,NaN,NaN,NaN,NaN,NaN,NaN,NaN,NaN,NaN,NaN,NaN,NaN,NaN,NaN,NaN,NaN,NaN,NaN,
46.807,-0.00543,-0.01952,0.12950,-0.43063,-0.10822,-0.27215,0.85369,NaN,NaN,NaN,NaN,NaN,NaN,NaN,NaN,NaN,NaN,NaN,NaN,NaN,NaN,NaN,NaN,NaN,NaN,NaN,NaN,NaN,
46.832,-0.00543,-0.01951,0.12943,-0.43081,-0.10845,-0.27173,0.85370,NaN,NaN,NaN,NaN,NaN,NaN,NaN,NaN,NaN,NaN,NaN,NaN,NaN,NaN,NaN,NaN,NaN,NaN,NaN,NaN,NaN,
46.857,-0.00543,-0.01950,0.12944,-0.43072,-0.10844,-0.27185,0.85371,NaN,NaN,NaN,NaN,NaN,NaN,NaN,NaN,NaN,NaN,NaN,NaN,NaN,NaN,NaN,NaN,NaN,NaN,NaN,NaN,NaN,
46.882,-0.00545,-0.01945,0.12944,-0.43050,-0.10860,-0.27197,0.85376,NaN,NaN,NaN,NaN,NaN,NaN,NaN,NaN,NaN,NaN,NaN,NaN,NaN,NaN,NaN,NaN,NaN,NaN,NaN,NaN,NaN,
46.907,-0.00548,-0.01945,0.12945,-0.43012,-0.10885,-0.27222,0.85384,NaN,NaN,NaN,NaN,NaN,NaN,NaN,NaN,NaN,NaN,NaN,NaN,NaN,NaN,NaN,NaN,NaN,NaN,NaN,NaN,NaN,
46.932,-0.00549,-0.01947,0.12942,-0.42962,-0.10995,-0.27190,0.85406,NaN,NaN,NaN,NaN,NaN,NaN,NaN,NaN,NaN,NaN,NaN,NaN,NaN,NaN,NaN,NaN,NaN,NaN,NaN,NaN,NaN,
46.957,-0.00574,-0.01945,0.12940,-0.42850,-0.11236,-0.27119,0.85453,NaN,NaN,NaN,NaN,NaN,NaN,NaN,NaN,NaN,NaN,NaN,NaN,NaN,NaN,NaN,NaN,NaN,NaN,NaN,NaN,NaN,
46.982,-0.00604,-0.01936,0.12936,-0.42736,-0.11490,-0.27040,0.85501,NaN,NaN,NaN,NaN,NaN,NaN,NaN,NaN,NaN,NaN,NaN,NaN,NaN,NaN,NaN,NaN,NaN,NaN,NaN,NaN,NaN,
47.007,-0.00621,-0.01938,0.12946,-0.42654,-0.11644,-0.27008,0.85532,NaN,NaN,NaN,NaN,NaN,NaN,NaN,NaN,NaN,NaN,NaN,NaN,NaN,NaN,NaN,NaN,NaN,NaN,NaN,NaN,NaN,
47.032,-0.00629,-0.01940,0.12947,-0.42590,-0.11776,-0.26971,0.85557,NaN,NaN,NaN,NaN,NaN,NaN,NaN,NaN,NaN,NaN,NaN,NaN,NaN,NaN,NaN,NaN,NaN,NaN,NaN,NaN,NaN,
47.057,-0.00640,-0.01940,0.12956,-0.42519,-0.11877,-0.26970,0.85579,NaN,NaN,NaN,NaN,NaN,NaN,NaN,NaN,NaN,NaN,NaN,NaN,NaN,NaN,NaN,NaN,NaN,NaN,NaN,NaN,NaN,
47.082,-0.00655,-0.01936,0.12960,-0.42405,-0.12064,-0.26946,0.85616,NaN,NaN,NaN,NaN,NaN,NaN,NaN,NaN,NaN,NaN,NaN,NaN,NaN,NaN,NaN,NaN,NaN,NaN,NaN,NaN,NaN,
47.107,-0.00676,-0.01936,0.12967,-0.42276,-0.12253,-0.26937,0.85656,NaN,NaN,NaN,NaN,NaN,NaN,NaN,NaN,NaN,NaN,NaN,NaN,NaN,NaN,NaN,NaN,NaN,NaN,NaN,NaN,NaN,
47.132,-0.00682,-0.01937,0.12975,-0.42238,-0.12353,-0.26897,0.85673,NaN,NaN,NaN,NaN,NaN,NaN,NaN,NaN,NaN,NaN,NaN,NaN,NaN,NaN,NaN,NaN,NaN,NaN,NaN,NaN,NaN,
47.157,-0.00697,-0.01939,0.12981,-0.42162,-0.12496,-0.26865,0.85700,NaN,NaN,NaN,NaN,NaN,NaN,NaN,NaN,NaN,NaN,NaN,NaN,NaN,NaN,NaN,NaN,NaN,NaN,NaN,NaN,NaN,
47.182,-0.00717,-0.01941,0.12985,-0.42032,-0.12677,-0.26864,0.85738,NaN,NaN,NaN,NaN,NaN,NaN,NaN,NaN,NaN,NaN,NaN,NaN,NaN,NaN,NaN,NaN,NaN,NaN,NaN,NaN,NaN,
47.207,-0.00728,-0.01937,0.12986,-0.42014,-0.12722,-0.26846,0.85745,NaN,NaN,NaN,NaN,NaN,NaN,NaN,NaN,NaN,NaN,NaN,NaN,NaN,NaN,NaN,NaN,NaN,NaN,NaN,NaN,NaN,
47.232,-0.00727,-0.01937,0.12991,-0.42034,-0.12685,-0.26854,0.85738,NaN,NaN,NaN,NaN,NaN,NaN,NaN,NaN,NaN,NaN,NaN,NaN,NaN,NaN,NaN,NaN,NaN,NaN,NaN,NaN,NaN,
47.257,-0.00725,-0.01938,0.12988,-0.42061,-0.12673,-0.26833,0.85734,NaN,NaN,NaN,NaN,NaN,NaN,NaN,NaN,NaN,NaN,NaN,NaN,NaN,NaN,NaN,NaN,NaN,NaN,NaN,NaN,NaN,
47.282,-0.00722,-0.01936,0.12987,-0.42051,-0.12675,-0.26843,0.85735,NaN,NaN,NaN,NaN,NaN,NaN,NaN,NaN,NaN,NaN,NaN,NaN,NaN,NaN,NaN,NaN,NaN,NaN,NaN,NaN,NaN,
47.307,-0.00721,-0.01933,0.12989,-0.42071,-0.12644,-0.26846,0.85729,NaN,NaN,NaN,NaN,NaN,NaN,NaN,NaN,NaN,NaN,NaN,NaN,NaN,NaN,NaN,NaN,NaN,NaN,NaN,NaN,NaN,
47.332,-0.00725,-0.01925,0.12993,-0.42199,-0.12543,-0.26781,0.85701,NaN,NaN,NaN,NaN,NaN,NaN,NaN,NaN,NaN,NaN,NaN,NaN,NaN,NaN,NaN,NaN,NaN,NaN,NaN,NaN,NaN,
47.357,-0.00722,-0.01920,0.12998,-0.42386,-0.12412,-0.26671,0.85662,NaN,NaN,NaN,NaN,NaN,NaN,NaN,NaN,NaN,NaN,NaN,NaN,NaN,NaN,NaN,NaN,NaN,NaN,NaN,NaN,NaN,
47.382,-0.00722,-0.01920,0.13004,-0.42562,-0.12277,-0.26577,0.85624,NaN,NaN,NaN,NaN,NaN,NaN,NaN,NaN,NaN,NaN,NaN,NaN,NaN,NaN,NaN,NaN,NaN,NaN,NaN,NaN,NaN,
47.407,-0.00719,-0.01914,0.13012,-0.42689,-0.12160,-0.26526,0.85593,NaN,NaN,NaN,NaN,NaN,NaN,NaN,NaN,NaN,NaN,NaN,NaN,NaN,NaN,NaN,NaN,NaN,NaN,NaN,NaN,NaN,
47.432,-0.00736,-0.01887,0.13005,-0.42921,-0.12056,-0.26337,0.85550,NaN,NaN,NaN,NaN,NaN,NaN,NaN,NaN,NaN,NaN,NaN,NaN,NaN,NaN,NaN,NaN,NaN,NaN,NaN,NaN,NaN,
47.457,-0.00738,-0.01865,0.13029,-0.43205,-0.11905,-0.26125,0.85493,NaN,NaN,NaN,NaN,NaN,NaN,NaN,NaN,NaN,NaN,NaN,NaN,NaN,NaN,NaN,NaN,NaN,NaN,NaN,NaN,NaN,
47.482,-0.00751,-0.01860,0.13023,-0.43296,-0.11959,-0.25970,0.85487,NaN,NaN,NaN,NaN,NaN,NaN,NaN,NaN,NaN,NaN,NaN,NaN,NaN,NaN,NaN,NaN,NaN,NaN,NaN,NaN,NaN,
47.507,-0.00752,-0.01855,0.13023,-0.43371,-0.11930,-0.25904,0.85473,NaN,NaN,NaN,NaN,NaN,NaN,NaN,NaN,NaN,NaN,NaN,NaN,NaN,NaN,NaN,NaN,NaN,NaN,NaN,NaN,NaN,
47.532,-0.00752,-0.01852,0.13022,-0.43409,-0.11905,-0.25879,0.85464,NaN,NaN,NaN,NaN,NaN,NaN,NaN,NaN,NaN,NaN,NaN,NaN,NaN,NaN,NaN,NaN,NaN,NaN,NaN,NaN,NaN,
47.557,-0.00760,-0.01843,0.13023,-0.43485,-0.11877,-0.25812,0.85450,NaN,NaN,NaN,NaN,NaN,NaN,NaN,NaN,NaN,NaN,NaN,NaN,NaN,NaN,NaN,NaN,NaN,NaN,NaN,NaN,NaN,
47.582,-0.00760,-0.01838,0.13031,-0.43494,-0.11883,-0.25795,0.85450,NaN,NaN,NaN,NaN,NaN,NaN,NaN,NaN,NaN,NaN,NaN,NaN,NaN,NaN,NaN,NaN,NaN,NaN,NaN,NaN,NaN,
47.607,-0.00771,-0.01842,0.13016,-0.43437,-0.12012,-0.25754,0.85473,NaN,NaN,NaN,NaN,NaN,NaN,NaN,NaN,NaN,NaN,NaN,NaN,NaN,NaN,NaN,NaN,NaN,NaN,NaN,NaN,NaN,
47.632,-0.00773,-0.01843,0.13015,-0.43442,-0.12045,-0.25720,0.85476,NaN,NaN,NaN,NaN,NaN,NaN,NaN,NaN,NaN,NaN,NaN,NaN,NaN,NaN,NaN,NaN,NaN,NaN,NaN,NaN,NaN,
47.657,-0.00772,-0.01844,0.13015,-0.43414,-0.12067,-0.25735,0.85483,NaN,NaN,NaN,NaN,NaN,NaN,NaN,NaN,NaN,NaN,NaN,NaN,NaN,NaN,NaN,NaN,NaN,NaN,NaN,NaN,NaN,
47.682,-0.00774,-0.01844,0.13020,-0.43406,-0.12064,-0.25746,0.85484,NaN,NaN,NaN,NaN,NaN,NaN,NaN,NaN,NaN,NaN,NaN,NaN,NaN,NaN,NaN,NaN,NaN,NaN,NaN,NaN,NaN,
47.707,-0.00775,-0.01843,0.13021,-0.43382,-0.12090,-0.25754,0.85490,NaN,NaN,NaN,NaN,NaN,NaN,NaN,NaN,NaN,NaN,NaN,NaN,NaN,NaN,NaN,NaN,NaN,NaN,NaN,NaN,NaN,
47.732,-0.00778,-0.01838,0.13017,-0.43375,-0.12133,-0.25725,0.85496,NaN,NaN,NaN,NaN,NaN,NaN,NaN,NaN,NaN,NaN,NaN,NaN,NaN,NaN,NaN,NaN,NaN,NaN,NaN,NaN,NaN,
47.757,-0.00783,-0.01842,0.13018,-0.43321,-0.12190,-0.25741,0.85511,NaN,NaN,NaN,NaN,NaN,NaN,NaN,NaN,NaN,NaN,NaN,NaN,NaN,NaN,NaN,NaN,NaN,NaN,NaN,NaN,NaN,
47.782,-0.00787,-0.01837,0.13010,-0.43390,-0.12182,-0.25664,0.85500,NaN,NaN,NaN,NaN,NaN,NaN,NaN,NaN,NaN,NaN,NaN,NaN,NaN,NaN,NaN,NaN,NaN,NaN,NaN,NaN,NaN,
47.807,-0.00784,-0.01830,0.13003,-0.43515,-0.12114,-0.25572,0.85474,NaN,NaN,NaN,NaN,NaN,NaN,NaN,NaN,NaN,NaN,NaN,NaN,NaN,NaN,NaN,NaN,NaN,NaN,NaN,NaN,NaN,
47.832,-0.00783,-0.01831,0.13002,-0.43552,-0.12092,-0.25546,0.85466,NaN,NaN,NaN,NaN,NaN,NaN,NaN,NaN,NaN,NaN,NaN,NaN,NaN,NaN,NaN,NaN,NaN,NaN,NaN,NaN,NaN,
47.857,-0.00784,-0.01829,0.13000,-0.43564,-0.12094,-0.25530,0.85464,NaN,NaN,NaN,NaN,NaN,NaN,NaN,NaN,NaN,NaN,NaN,NaN,NaN,NaN,NaN,NaN,NaN,NaN,NaN,NaN,NaN,
47.882,-0.00784,-0.01827,0.12994,-0.43551,-0.12119,-0.25524,0.85469,NaN,NaN,NaN,NaN,NaN,NaN,NaN,NaN,NaN,NaN,NaN,NaN,NaN,NaN,NaN,NaN,NaN,NaN,NaN,NaN,NaN,
47.907,-0.00786,-0.01823,0.12996,-0.43500,-0.12149,-0.25559,0.85480,NaN,NaN,NaN,NaN,NaN,NaN,NaN,NaN,NaN,NaN,NaN,NaN,NaN,NaN,NaN,NaN,NaN,NaN,NaN,NaN,NaN,
47.932,-0.00790,-0.01793,0.12992,-0.43681,-0.12185,-0.25309,0.85457,NaN,NaN,NaN,NaN,NaN,NaN,NaN,NaN,NaN,NaN,NaN,NaN,NaN,NaN,NaN,NaN,NaN,NaN,NaN,NaN,NaN,
47.957,-0.00829,-0.01780,0.12980,-0.43682,-0.12484,-0.25048,0.85491,NaN,NaN,NaN,NaN,NaN,NaN,NaN,NaN,NaN,NaN,NaN,NaN,NaN,NaN,NaN,NaN,NaN,NaN,NaN,NaN,NaN,
47.982,-0.00845,-0.01770,0.12969,-0.43653,-0.12700,-0.24895,0.85518,NaN,NaN,NaN,NaN,NaN,NaN,NaN,NaN,NaN,NaN,NaN,NaN,NaN,NaN,NaN,NaN,NaN,NaN,NaN,NaN,NaN,
48.007,-0.00846,-0.01764,0.12968,-0.43718,-0.12712,-0.24805,0.85509,NaN,NaN,NaN,NaN,NaN,NaN,NaN,NaN,NaN,NaN,NaN,NaN,NaN,NaN,NaN,NaN,NaN,NaN,NaN,NaN,NaN,
48.032,-0.00853,-0.01755,0.12963,-0.43782,-0.12753,-0.24691,0.85503,NaN,NaN,NaN,NaN,NaN,NaN,NaN,NaN,NaN,NaN,NaN,NaN,NaN,NaN,NaN,NaN,NaN,NaN,NaN,NaN,NaN,
48.057,-0.00865,-0.01740,0.12961,-0.43870,-0.12795,-0.24547,0.85494,NaN,NaN,NaN,NaN,NaN,NaN,NaN,NaN,NaN,NaN,NaN,NaN,NaN,NaN,NaN,NaN,NaN,NaN,NaN,NaN,NaN,
48.082,-0.00879,-0.01735,0.12956,-0.43783,-0.12975,-0.24495,0.85526,NaN,NaN,NaN,NaN,NaN,NaN,NaN,NaN,NaN,NaN,NaN,NaN,NaN,NaN,NaN,NaN,NaN,NaN,NaN,NaN,NaN,
48.107,-0.00889,-0.01727,0.12957,-0.43724,-0.13147,-0.24416,0.85553,NaN,NaN,NaN,NaN,NaN,NaN,NaN,NaN,NaN,NaN,NaN,NaN,NaN,NaN,NaN,NaN,NaN,NaN,NaN,NaN,NaN,
48.132,-0.00903,-0.01721,0.12954,-0.43692,-0.13316,-0.24307,0.85574,NaN,NaN,NaN,NaN,NaN,NaN,NaN,NaN,NaN,NaN,NaN,NaN,NaN,NaN,NaN,NaN,NaN,NaN,NaN,NaN,NaN,
48.157,-0.00913,-0.01713,0.12951,-0.43765,-0.13378,-0.24162,0.85568,NaN,NaN,NaN,NaN,NaN,NaN,NaN,NaN,NaN,NaN,NaN,NaN,NaN,NaN,NaN,NaN,NaN,NaN,NaN,NaN,NaN,
48.182,-0.00914,-0.01704,0.12955,-0.43903,-0.13333,-0.24031,0.85541,NaN,NaN,NaN,NaN,NaN,NaN,NaN,NaN,NaN,NaN,NaN,NaN,NaN,NaN,NaN,NaN,NaN,NaN,NaN,NaN,NaN,
48.207,-0.00914,-0.01696,0.12957,-0.43973,-0.13329,-0.23949,0.85529,NaN,NaN,NaN,NaN,NaN,NaN,NaN,NaN,NaN,NaN,NaN,NaN,NaN,NaN,NaN,NaN,NaN,NaN,NaN,NaN,NaN,
48.232,-0.00923,-0.01690,0.12961,-0.43998,-0.13382,-0.23871,0.85529,NaN,NaN,NaN,NaN,NaN,NaN,NaN,NaN,NaN,NaN,NaN,NaN,NaN,NaN,NaN,NaN,NaN,NaN,NaN,NaN,NaN,
48.257,-0.00933,-0.01688,0.12971,-0.43976,-0.13460,-0.23829,0.85540,NaN,NaN,NaN,NaN,NaN,NaN,NaN,NaN,NaN,NaN,NaN,NaN,NaN,NaN,NaN,NaN,NaN,NaN,NaN,NaN,NaN,
48.282,-0.00942,-0.01684,0.12976,-0.43975,-0.13493,-0.23800,0.85543,NaN,NaN,NaN,NaN,NaN,NaN,NaN,NaN,NaN,NaN,NaN,NaN,NaN,NaN,NaN,NaN,NaN,NaN,NaN,NaN,NaN,
48.307,-0.00946,-0.01682,0.12991,-0.43953,-0.13516,-0.23807,0.85549,NaN,NaN,NaN,NaN,NaN,NaN,NaN,NaN,NaN,NaN,NaN,NaN,NaN,NaN,NaN,NaN,NaN,NaN,NaN,NaN,NaN,
48.332,-0.00956,-0.01685,0.13000,-0.43907,-0.13599,-0.23791,0.85564,NaN,NaN,NaN,NaN,NaN,NaN,NaN,NaN,NaN,NaN,NaN,NaN,NaN,NaN,NaN,NaN,NaN,NaN,NaN,NaN,NaN,
48.357,-0.00960,-0.01682,0.13009,-0.43925,-0.13641,-0.23730,0.85565,NaN,NaN,NaN,NaN,NaN,NaN,NaN,NaN,NaN,NaN,NaN,NaN,NaN,NaN,NaN,NaN,NaN,NaN,NaN,NaN,NaN,
48.382,-0.00952,-0.01680,0.13012,-0.43927,-0.13677,-0.23696,0.85568,NaN,NaN,NaN,NaN,NaN,NaN,NaN,NaN,NaN,NaN,NaN,NaN,NaN,NaN,NaN,NaN,NaN,NaN,NaN,NaN,NaN,
48.407,-0.00961,-0.01683,0.13020,-0.43899,-0.13738,-0.23676,0.85578,NaN,NaN,NaN,NaN,NaN,NaN,NaN,NaN,NaN,NaN,NaN,NaN,NaN,NaN,NaN,NaN,NaN,NaN,NaN,NaN,NaN,
48.432,-0.00969,-0.01684,0.13030,-0.43839,-0.13831,-0.23668,0.85596,NaN,NaN,NaN,NaN,NaN,NaN,NaN,NaN,NaN,NaN,NaN,NaN,NaN,NaN,NaN,NaN,NaN,NaN,NaN,NaN,NaN,
48.457,-0.00979,-0.01683,0.13035,-0.43793,-0.13916,-0.23648,0.85611,NaN,NaN,NaN,NaN,NaN,NaN,NaN,NaN,NaN,NaN,NaN,NaN,NaN,NaN,NaN,NaN,NaN,NaN,NaN,NaN,NaN,
48.482,-0.00993,-0.01684,0.13042,-0.43699,-0.14016,-0.23675,0.85636,NaN,NaN,NaN,NaN,NaN,NaN,NaN,NaN,NaN,NaN,NaN,NaN,NaN,NaN,NaN,NaN,NaN,NaN,NaN,NaN,NaN,
48.507,-0.00997,-0.01687,0.13043,-0.43628,-0.14081,-0.23703,0.85653,NaN,NaN,NaN,NaN,NaN,NaN,NaN,NaN,NaN,NaN,NaN,NaN,NaN,NaN,NaN,NaN,NaN,NaN,NaN,NaN,NaN,
48.532,-0.00993,-0.01693,0.13042,-0.43559,-0.14174,-0.23705,0.85672,NaN,NaN,NaN,NaN,NaN,NaN,NaN,NaN,NaN,NaN,NaN,NaN,NaN,NaN,NaN,NaN,NaN,NaN,NaN,NaN,NaN,
48.557,-0.00995,-0.01693,0.13040,-0.43484,-0.14303,-0.23683,0.85695,NaN,NaN,NaN,NaN,NaN,NaN,NaN,NaN,NaN,NaN,NaN,NaN,NaN,NaN,NaN,NaN,NaN,NaN,NaN,NaN,NaN,
48.582,-0.01011,-0.01688,0.13036,-0.43462,-0.14384,-0.23637,0.85706,NaN,NaN,NaN,NaN,NaN,NaN,NaN,NaN,NaN,NaN,NaN,NaN,NaN,NaN,NaN,NaN,NaN,NaN,NaN,NaN,NaN,
48.607,-0.01016,-0.01685,0.13042,-0.43439,-0.14412,-0.23640,0.85712,NaN,NaN,NaN,NaN,NaN,NaN,NaN,NaN,NaN,NaN,NaN,NaN,NaN,NaN,NaN,NaN,NaN,NaN,NaN,NaN,NaN,
48.632,-0.01012,-0.01686,0.13039,-0.43408,-0.14444,-0.23650,0.85720,NaN,NaN,NaN,NaN,NaN,NaN,NaN,NaN,NaN,NaN,NaN,NaN,NaN,NaN,NaN,NaN,NaN,NaN,NaN,NaN,NaN,
48.657,-0.01016,-0.01691,0.13026,-0.43285,-0.14573,-0.23685,0.85750,NaN,NaN,NaN,NaN,NaN,NaN,NaN,NaN,NaN,NaN,NaN,NaN,NaN,NaN,NaN,NaN,NaN,NaN,NaN,NaN,NaN,
48.682,-0.01017,-0.01697,0.13012,-0.43143,-0.14743,-0.23706,0.85787,NaN,NaN,NaN,NaN,NaN,NaN,NaN,NaN,NaN,NaN,NaN,NaN,NaN,NaN,NaN,NaN,NaN,NaN,NaN,NaN,NaN,
48.707,-0.01026,-0.01697,0.13002,-0.42949,-0.14969,-0.23741,0.85835,NaN,NaN,NaN,NaN,NaN,NaN,NaN,NaN,NaN,NaN,NaN,NaN,NaN,NaN,NaN,NaN,NaN,NaN,NaN,NaN,NaN,
48.732,-0.01044,-0.01701,0.12999,-0.42705,-0.15228,-0.23805,0.85894,NaN,NaN,NaN,NaN,NaN,NaN,NaN,NaN,NaN,NaN,NaN,NaN,NaN,NaN,NaN,NaN,NaN,NaN,NaN,NaN,NaN,
48.757,-0.01051,-0.01698,0.12987,-0.42551,-0.15461,-0.23782,0.85935,NaN,NaN,NaN,NaN,NaN,NaN,NaN,NaN,NaN,NaN,NaN,NaN,NaN,NaN,NaN,NaN,NaN,NaN,NaN,NaN,NaN,
48.782,-0.01059,-0.01694,0.12974,-0.42470,-0.15614,-0.23743,0.85958,NaN,NaN,NaN,NaN,NaN,NaN,NaN,NaN,NaN,NaN,NaN,NaN,NaN,NaN,NaN,NaN,NaN,NaN,NaN,NaN,NaN,
48.807,-0.01059,-0.01697,0.12965,-0.42400,-0.15700,-0.23749,0.85975,NaN,NaN,NaN,NaN,NaN,NaN,NaN,NaN,NaN,NaN,NaN,NaN,NaN,NaN,NaN,NaN,NaN,NaN,NaN,NaN,NaN,
48.832,-0.01059,-0.01698,0.12949,-0.42306,-0.15835,-0.23741,0.85999,NaN,NaN,NaN,NaN,NaN,NaN,NaN,NaN,NaN,NaN,NaN,NaN,NaN,NaN,NaN,NaN,NaN,NaN,NaN,NaN,NaN,
48.857,-0.01065,-0.01700,0.12946,-0.42185,-0.15978,-0.23758,0.86027,NaN,NaN,NaN,NaN,NaN,NaN,NaN,NaN,NaN,NaN,NaN,NaN,NaN,NaN,NaN,NaN,NaN,NaN,NaN,NaN,NaN,
48.882,-0.01074,-0.01696,0.12933,-0.42087,-0.16137,-0.23733,0.86053,NaN,NaN,NaN,NaN,NaN,NaN,NaN,NaN,NaN,NaN,NaN,NaN,NaN,NaN,NaN,NaN,NaN,NaN,NaN,NaN,NaN,
48.907,-0.01081,-0.01695,0.12932,-0.42016,-0.16244,-0.23721,0.86070,NaN,NaN,NaN,NaN,NaN,NaN,NaN,NaN,NaN,NaN,NaN,NaN,NaN,NaN,NaN,NaN,NaN,NaN,NaN,NaN,NaN,
48.932,-0.01090,-0.01690,0.12931,-0.41945,-0.16365,-0.23697,0.86089,NaN,NaN,NaN,NaN,NaN,NaN,NaN,NaN,NaN,NaN,NaN,NaN,NaN,NaN,NaN,NaN,NaN,NaN,NaN,NaN,NaN,
48.957,-0.01096,-0.01688,0.12931,-0.41904,-0.16466,-0.23653,0.86101,NaN,NaN,NaN,NaN,NaN,NaN,NaN,NaN,NaN,NaN,NaN,NaN,NaN,NaN,NaN,NaN,NaN,NaN,NaN,NaN,NaN,
48.982,-0.01106,-0.01684,0.12929,-0.41828,-0.16639,-0.23588,0.86123,NaN,NaN,NaN,NaN,NaN,NaN,NaN,NaN,NaN,NaN,NaN,NaN,NaN,NaN,NaN,NaN,NaN,NaN,NaN,NaN,NaN,
49.007,-0.01119,-0.01678,0.12928,-0.41758,-0.16829,-0.23497,0.86145,NaN,NaN,NaN,NaN,NaN,NaN,NaN,NaN,NaN,NaN,NaN,NaN,NaN,NaN,NaN,NaN,NaN,NaN,NaN,NaN,NaN,
49.032,-0.01137,-0.01667,0.12924,-0.41695,-0.17067,-0.23353,0.86167,NaN,NaN,NaN,NaN,NaN,NaN,NaN,NaN,NaN,NaN,NaN,NaN,NaN,NaN,NaN,NaN,NaN,NaN,NaN,NaN,NaN,
49.057,-0.01166,-0.01653,0.12920,-0.41560,-0.17351,-0.23256,0.86203,NaN,NaN,NaN,NaN,NaN,NaN,NaN,NaN,NaN,NaN,NaN,NaN,NaN,NaN,NaN,NaN,NaN,NaN,NaN,NaN,NaN,
49.082,-0.01189,-0.01647,0.12923,-0.41417,-0.17612,-0.23187,0.86237,NaN,NaN,NaN,NaN,NaN,NaN,NaN,NaN,NaN,NaN,NaN,NaN,NaN,NaN,NaN,NaN,NaN,NaN,NaN,NaN,NaN,
49.107,-0.01212,-0.01642,0.12924,-0.41326,-0.17852,-0.23073,0.86262,NaN,NaN,NaN,NaN,NaN,NaN,NaN,NaN,NaN,NaN,NaN,NaN,NaN,NaN,NaN,NaN,NaN,NaN,NaN,NaN,NaN,
49.132,-0.01220,-0.01635,0.12921,-0.41278,-0.18014,-0.22980,0.86276,NaN,NaN,NaN,NaN,NaN,NaN,NaN,NaN,NaN,NaN,NaN,NaN,NaN,NaN,NaN,NaN,NaN,NaN,NaN,NaN,NaN,
49.157,-0.01227,-0.01627,0.12927,-0.41284,-0.18119,-0.22874,0.86279,NaN,NaN,NaN,NaN,NaN,NaN,NaN,NaN,NaN,NaN,NaN,NaN,NaN,NaN,NaN,NaN,NaN,NaN,NaN,NaN,NaN,
49.182,-0.01244,-0.01615,0.12944,-0.41183,-0.18414,-0.22719,0.86306,NaN,NaN,NaN,NaN,NaN,NaN,NaN,NaN,NaN,NaN,NaN,NaN,NaN,NaN,NaN,NaN,NaN,NaN,NaN,NaN,NaN,
49.207,-0.01291,-0.01577,0.12937,-0.41462,-0.18449,-0.22346,0.86263,NaN,NaN,NaN,NaN,NaN,NaN,NaN,NaN,NaN,NaN,NaN,NaN,NaN,NaN,NaN,NaN,NaN,NaN,NaN,NaN,NaN,
49.232,-0.01292,-0.01563,0.12954,-0.41654,-0.18306,-0.22245,0.86226,NaN,NaN,NaN,NaN,NaN,NaN,NaN,NaN,NaN,NaN,NaN,NaN,NaN,NaN,NaN,NaN,NaN,NaN,NaN,NaN,NaN,
49.257,-0.01294,-0.01553,0.12960,-0.41819,-0.18192,-0.22149,0.86195,NaN,NaN,NaN,NaN,NaN,NaN,NaN,NaN,NaN,NaN,NaN,NaN,NaN,NaN,NaN,NaN,NaN,NaN,NaN,NaN,NaN,
49.282,-0.01292,-0.01552,0.12974,-0.42014,-0.18024,-0.22067,0.86157,NaN,NaN,NaN,NaN,NaN,NaN,NaN,NaN,NaN,NaN,NaN,NaN,NaN,NaN,NaN,NaN,NaN,NaN,NaN,NaN,NaN,
49.307,-0.01284,-0.01546,0.12992,-0.42230,-0.17854,-0.21962,0.86114,NaN,NaN,NaN,NaN,NaN,NaN,NaN,NaN,NaN,NaN,NaN,NaN,NaN,NaN,NaN,NaN,NaN,NaN,NaN,NaN,NaN,
49.332,-0.01288,-0.01541,0.13000,-0.42290,-0.17785,-0.21951,0.86101,NaN,NaN,NaN,NaN,NaN,NaN,NaN,NaN,NaN,NaN,NaN,NaN,NaN,NaN,NaN,NaN,NaN,NaN,NaN,NaN,NaN,
49.357,-0.01294,-0.01542,0.13009,-0.42254,-0.17775,-0.22006,0.86107,NaN,NaN,NaN,NaN,NaN,NaN,NaN,NaN,NaN,NaN,NaN,NaN,NaN,NaN,NaN,NaN,NaN,NaN,NaN,NaN,NaN,
49.382,-0.01291,-0.01545,0.13023,-0.42230,-0.17753,-0.22055,0.86110,NaN,NaN,NaN,NaN,NaN,NaN,NaN,NaN,NaN,NaN,NaN,NaN,NaN,NaN,NaN,NaN,NaN,NaN,NaN,NaN,NaN,
49.407,-0.01289,-0.01544,0.13028,-0.42269,-0.17739,-0.22021,0.86103,NaN,NaN,NaN,NaN,NaN,NaN,NaN,NaN,NaN,NaN,NaN,NaN,NaN,NaN,NaN,NaN,NaN,NaN,NaN,NaN,NaN,
49.432,-0.01301,-0.01549,0.13030,-0.42241,-0.17786,-0.22011,0.86110,NaN,NaN,NaN,NaN,NaN,NaN,NaN,NaN,NaN,NaN,NaN,NaN,NaN,NaN,NaN,NaN,NaN,NaN,NaN,NaN,NaN,
49.457,-0.01298,-0.01537,0.13054,-0.42260,-0.17836,-0.21941,0.86108,NaN,NaN,NaN,NaN,NaN,NaN,NaN,NaN,NaN,NaN,NaN,NaN,NaN,NaN,NaN,NaN,NaN,NaN,NaN,NaN,NaN,
49.482,-0.01336,-0.01513,0.13052,-0.42381,-0.17978,-0.21656,0.86091,NaN,NaN,NaN,NaN,NaN,NaN,NaN,NaN,NaN,NaN,NaN,NaN,NaN,NaN,NaN,NaN,NaN,NaN,NaN,NaN,NaN,
49.507,-0.01362,-0.01499,0.13054,-0.42356,-0.18178,-0.21497,0.86101,NaN,NaN,NaN,NaN,NaN,NaN,NaN,NaN,NaN,NaN,NaN,NaN,NaN,NaN,NaN,NaN,NaN,NaN,NaN,NaN,NaN,
49.532,-0.01372,-0.01498,0.13057,-0.42330,-0.18260,-0.21452,0.86108,NaN,NaN,NaN,NaN,NaN,NaN,NaN,NaN,NaN,NaN,NaN,NaN,NaN,NaN,NaN,NaN,NaN,NaN,NaN,NaN,NaN,
49.557,-0.01379,-0.01492,0.13059,-0.42342,-0.18284,-0.21413,0.86106,NaN,NaN,NaN,NaN,NaN,NaN,NaN,NaN,NaN,NaN,NaN,NaN,NaN,NaN,NaN,NaN,NaN,NaN,NaN,NaN,NaN,
49.582,-0.01374,-0.01491,0.13060,-0.42352,-0.18266,-0.21418,0.86104,NaN,NaN,NaN,NaN,NaN,NaN,NaN,NaN,NaN,NaN,NaN,NaN,NaN,NaN,NaN,NaN,NaN,NaN,NaN,NaN,NaN,
49.607,-0.01372,-0.01489,0.13054,-0.42367,-0.18259,-0.21407,0.86101,NaN,NaN,NaN,NaN,NaN,NaN,NaN,NaN,NaN,NaN,NaN,NaN,NaN,NaN,NaN,NaN,NaN,NaN,NaN,NaN,NaN,
49.632,-0.01370,-0.01492,0.13053,-0.42376,-0.18244,-0.21409,0.86099,NaN,NaN,NaN,NaN,NaN,NaN,NaN,NaN,NaN,NaN,NaN,NaN,NaN,NaN,NaN,NaN,NaN,NaN,NaN,NaN,NaN,
49.657,-0.01367,-0.01488,0.13040,-0.42382,-0.18275,-0.21372,0.86099,NaN,NaN,NaN,NaN,NaN,NaN,NaN,NaN,NaN,NaN,NaN,NaN,NaN,NaN,NaN,NaN,NaN,NaN,NaN,NaN,NaN,
49.682,-0.01366,-0.01488,0.13030,-0.42389,-0.18291,-0.21349,0.86098,NaN,NaN,NaN,NaN,NaN,NaN,NaN,NaN,NaN,NaN,NaN,NaN,NaN,NaN,NaN,NaN,NaN,NaN,NaN,NaN,NaN,
49.707,-0.01368,-0.01483,0.13019,-0.42383,-0.18315,-0.21333,0.86100,NaN,NaN,NaN,NaN,NaN,NaN,NaN,NaN,NaN,NaN,NaN,NaN,NaN,NaN,NaN,NaN,NaN,NaN,NaN,NaN,NaN,
49.732,-0.01373,-0.01479,0.13016,-0.42392,-0.18314,-0.21323,0.86098,NaN,NaN,NaN,NaN,NaN,NaN,NaN,NaN,NaN,NaN,NaN,NaN,NaN,NaN,NaN,NaN,NaN,NaN,NaN,NaN,NaN,
49.757,-0.01373,-0.01473,0.13007,-0.42397,-0.18341,-0.21290,0.86098,NaN,NaN,NaN,NaN,NaN,NaN,NaN,NaN,NaN,NaN,NaN,NaN,NaN,NaN,NaN,NaN,NaN,NaN,NaN,NaN,NaN,
49.782,-0.01371,-0.01470,0.12995,-0.42413,-0.18353,-0.21259,0.86095,NaN,NaN,NaN,NaN,NaN,NaN,NaN,NaN,NaN,NaN,NaN,NaN,NaN,NaN,NaN,NaN,NaN,NaN,NaN,NaN,NaN,
49.807,-0.01369,-0.01471,0.12987,-0.42382,-0.18382,-0.21270,0.86101,NaN,NaN,NaN,NaN,NaN,NaN,NaN,NaN,NaN,NaN,NaN,NaN,NaN,NaN,NaN,NaN,NaN,NaN,NaN,NaN,NaN,
49.832,-0.01366,-0.01477,0.12982,-0.42340,-0.18401,-0.21305,0.86109,NaN,NaN,NaN,NaN,NaN,NaN,NaN,NaN,NaN,NaN,NaN,NaN,NaN,NaN,NaN,NaN,NaN,NaN,NaN,NaN,NaN,
49.857,-0.01365,-0.01475,0.12965,-0.42332,-0.18444,-0.21273,0.86112,NaN,NaN,NaN,NaN,NaN,NaN,NaN,NaN,NaN,NaN,NaN,NaN,NaN,NaN,NaN,NaN,NaN,NaN,NaN,NaN,NaN,
49.882,-0.01362,-0.01472,0.12951,-0.42335,-0.18477,-0.21238,0.86112,NaN,NaN,NaN,NaN,NaN,NaN,NaN,NaN,NaN,NaN,NaN,NaN,NaN,NaN,NaN,NaN,NaN,NaN,NaN,NaN,NaN,
49.907,-0.01362,-0.01468,0.12945,-0.42325,-0.18502,-0.21227,0.86114,NaN,NaN,NaN,NaN,NaN,NaN,NaN,NaN,NaN,NaN,NaN,NaN,NaN,NaN,NaN,NaN,NaN,NaN,NaN,NaN,NaN,
49.932,-0.01367,-0.01463,0.12942,-0.42341,-0.18504,-0.21205,0.86112,NaN,NaN,NaN,NaN,NaN,NaN,NaN,NaN,NaN,NaN,NaN,NaN,NaN,NaN,NaN,NaN,NaN,NaN,NaN,NaN,NaN,
49.957,-0.01369,-0.01461,0.12940,-0.42338,-0.18507,-0.21205,0.86112,NaN,NaN,NaN,NaN,NaN,NaN,NaN,NaN,NaN,NaN,NaN,NaN,NaN,NaN,NaN,NaN,NaN,NaN,NaN,NaN,NaN,
49.982,-0.01365,-0.01469,0.12963,-0.42354,-0.18446,-0.21244,0.86108,NaN,NaN,NaN,NaN,NaN,NaN,NaN,NaN,NaN,NaN,NaN,NaN,NaN,NaN,NaN,NaN,NaN,NaN,NaN,NaN,NaN,
50.007,-0.01366,-0.01468,0.12956,-0.42346,-0.18465,-0.21236,0.86110,NaN,NaN,NaN,NaN,NaN,NaN,NaN,NaN,NaN,NaN,NaN,NaN,NaN,NaN,NaN,NaN,NaN,NaN,NaN,NaN,NaN,
50.032,-0.01365,-0.01468,0.12951,-0.42338,-0.18483,-0.21229,0.86112,NaN,NaN,NaN,NaN,NaN,NaN,NaN,NaN,NaN,NaN,NaN,NaN,NaN,NaN,NaN,NaN,NaN,NaN,NaN,NaN,NaN,
50.057,-0.01365,-0.01466,0.12947,-0.42336,-0.18498,-0.21217,0.86112,NaN,NaN,NaN,NaN,NaN,NaN,NaN,NaN,NaN,NaN,NaN,NaN,NaN,NaN,NaN,NaN,NaN,NaN,NaN,NaN,NaN,
50.082,-0.01365,-0.01465,0.12944,-0.42337,-0.18508,-0.21206,0.86112,NaN,NaN,NaN,NaN,NaN,NaN,NaN,NaN,NaN,NaN,NaN,NaN,NaN,NaN,NaN,NaN,NaN,NaN,NaN,NaN,NaN,
50.107,-0.01366,-0.01464,0.12944,-0.42340,-0.18508,-0.21202,0.86112,NaN,NaN,NaN,NaN,NaN,NaN,NaN,NaN,NaN,NaN,NaN,NaN,NaN,NaN,NaN,NaN,NaN,NaN,NaN,NaN,NaN,
50.132,-0.01366,-0.01464,0.12945,-0.42345,-0.18505,-0.21198,0.86111,NaN,NaN,NaN,NaN,NaN,NaN,NaN,NaN,NaN,NaN,NaN,NaN,NaN,NaN,NaN,NaN,NaN,NaN,NaN,NaN,NaN,
50.157,-0.01366,-0.01465,0.12947,-0.42351,-0.18496,-0.21201,0.86110,NaN,NaN,NaN,NaN,NaN,NaN,NaN,NaN,NaN,NaN,NaN,NaN,NaN,NaN,NaN,NaN,NaN,NaN,NaN,NaN,NaN,
50.182,-0.01367,-0.01466,0.12952,-0.42357,-0.18481,-0.21206,0.86108,NaN,NaN,NaN,NaN,NaN,NaN,NaN,NaN,NaN,NaN,NaN,NaN,NaN,NaN,NaN,NaN,NaN,NaN,NaN,NaN,NaN,
50.207,-0.01371,-0.01458,0.12997,-0.42439,-0.18403,-0.21179,0.86091,NaN,NaN,NaN,NaN,NaN,NaN,NaN,NaN,NaN,NaN,NaN,NaN,NaN,NaN,NaN,NaN,NaN,NaN,NaN,NaN,NaN,
50.232,-0.01400,-0.01440,0.12996,-0.42271,-0.18827,-0.20983,0.86130,NaN,NaN,NaN,NaN,NaN,NaN,NaN,NaN,NaN,NaN,NaN,NaN,NaN,NaN,NaN,NaN,NaN,NaN,NaN,NaN,NaN,
50.257,-0.01444,-0.01429,0.12992,-0.42121,-0.19267,-0.20745,0.86164,NaN,NaN,NaN,NaN,NaN,NaN,NaN,NaN,NaN,NaN,NaN,NaN,NaN,NaN,NaN,NaN,NaN,NaN,NaN,NaN,NaN,
50.282,-0.01453,-0.01418,0.12999,-0.42100,-0.19444,-0.20599,0.86169,NaN,NaN,NaN,NaN,NaN,NaN,NaN,NaN,NaN,NaN,NaN,NaN,NaN,NaN,NaN,NaN,NaN,NaN,NaN,NaN,NaN,
50.307,-0.01461,-0.01410,0.13008,-0.42054,-0.19578,-0.20528,0.86179,NaN,NaN,NaN,NaN,NaN,NaN,NaN,NaN,NaN,NaN,NaN,NaN,NaN,NaN,NaN,NaN,NaN,NaN,NaN,NaN,NaN,
50.332,-0.01479,-0.01401,0.13026,-0.41990,-0.19757,-0.20434,0.86192,NaN,NaN,NaN,NaN,NaN,NaN,NaN,NaN,NaN,NaN,NaN,NaN,NaN,NaN,NaN,NaN,NaN,NaN,NaN,NaN,NaN,
50.357,-0.01505,-0.01393,0.13026,-0.41895,-0.20008,-0.20307,0.86210,NaN,NaN,NaN,NaN,NaN,NaN,NaN,NaN,NaN,NaN,NaN,NaN,NaN,NaN,NaN,NaN,NaN,NaN,NaN,NaN,NaN,
50.382,-0.01517,-0.01389,0.13039,-0.41866,-0.20170,-0.20185,0.86215,NaN,NaN,NaN,NaN,NaN,NaN,NaN,NaN,NaN,NaN,NaN,NaN,NaN,NaN,NaN,NaN,NaN,NaN,NaN,NaN,NaN,
50.407,-0.01535,-0.01390,0.13056,-0.41842,-0.20276,-0.20111,0.86219,NaN,NaN,NaN,NaN,NaN,NaN,NaN,NaN,NaN,NaN,NaN,NaN,NaN,NaN,NaN,NaN,NaN,NaN,NaN,NaN,NaN,
50.432,-0.01524,-0.01353,0.13081,-0.42493,-0.19852,-0.19707,0.86093,NaN,NaN,NaN,NaN,NaN,NaN,NaN,NaN,NaN,NaN,NaN,NaN,NaN,NaN,NaN,NaN,NaN,NaN,NaN,NaN,NaN,
50.457,-0.01537,-0.01323,0.13078,-0.42797,-0.19697,-0.19472,0.86031,NaN,NaN,NaN,NaN,NaN,NaN,NaN,NaN,NaN,NaN,NaN,NaN,NaN,NaN,NaN,NaN,NaN,NaN,NaN,NaN,NaN,
50.482,-0.01538,-0.01307,0.13080,-0.43004,-0.19582,-0.19321,0.85988,NaN,NaN,NaN,NaN,NaN,NaN,NaN,NaN,NaN,NaN,NaN,NaN,NaN,NaN,NaN,NaN,NaN,NaN,NaN,NaN,NaN,
50.507,-0.01532,-0.01301,0.13070,-0.43138,-0.19526,-0.19205,0.85959,NaN,NaN,NaN,NaN,NaN,NaN,NaN,NaN,NaN,NaN,NaN,NaN,NaN,NaN,NaN,NaN,NaN,NaN,NaN,NaN,NaN,
50.532,-0.01532,-0.01297,0.13067,-0.43264,-0.19446,-0.19123,0.85933,NaN,NaN,NaN,NaN,NaN,NaN,NaN,NaN,NaN,NaN,NaN,NaN,NaN,NaN,NaN,NaN,NaN,NaN,NaN,NaN,NaN,
50.557,-0.01533,-0.01293,0.13057,-0.43323,-0.19429,-0.19064,0.85920,NaN,NaN,NaN,NaN,NaN,NaN,NaN,NaN,NaN,NaN,NaN,NaN,NaN,NaN,NaN,NaN,NaN,NaN,NaN,NaN,NaN,
50.582,-0.01536,-0.01288,0.13050,-0.43364,-0.19408,-0.19031,0.85911,NaN,NaN,NaN,NaN,NaN,NaN,NaN,NaN,NaN,NaN,NaN,NaN,NaN,NaN,NaN,NaN,NaN,NaN,NaN,NaN,NaN,
50.607,-0.01537,-0.01280,0.13047,-0.43479,-0.19346,-0.18945,0.85886,NaN,NaN,NaN,NaN,NaN,NaN,NaN,NaN,NaN,NaN,NaN,NaN,NaN,NaN,NaN,NaN,NaN,NaN,NaN,NaN,NaN,
50.632,-0.01535,-0.01271,0.13042,-0.43541,-0.19334,-0.18878,0.85872,NaN,NaN,NaN,NaN,NaN,NaN,NaN,NaN,NaN,NaN,NaN,NaN,NaN,NaN,NaN,NaN,NaN,NaN,NaN,NaN,NaN,
50.657,-0.01533,-0.01269,0.13031,-0.43555,-0.19369,-0.18824,0.85869,NaN,NaN,NaN,NaN,NaN,NaN,NaN,NaN,NaN,NaN,NaN,NaN,NaN,NaN,NaN,NaN,NaN,NaN,NaN,NaN,NaN,
50.682,-0.01528,-0.01266,0.13022,-0.43604,-0.19367,-0.18763,0.85858,NaN,NaN,NaN,NaN,NaN,NaN,NaN,NaN,NaN,NaN,NaN,NaN,NaN,NaN,NaN,NaN,NaN,NaN,NaN,NaN,NaN,
50.707,-0.01527,-0.01264,0.13005,-0.43537,-0.19470,-0.18748,0.85872,NaN,NaN,NaN,NaN,NaN,NaN,NaN,NaN,NaN,NaN,NaN,NaN,NaN,NaN,NaN,NaN,NaN,NaN,NaN,NaN,NaN,
50.732,-0.01523,-0.01262,0.12993,-0.43512,-0.19538,-0.18713,0.85877,NaN,NaN,NaN,NaN,NaN,NaN,NaN,NaN,NaN,NaN,NaN,NaN,NaN,NaN,NaN,NaN,NaN,NaN,NaN,NaN,NaN,
50.758,-0.01522,-0.01259,0.12969,-0.43471,-0.19649,-0.18656,0.85884,NaN,NaN,NaN,NaN,NaN,NaN,NaN,NaN,NaN,NaN,NaN,NaN,NaN,NaN,NaN,NaN,NaN,NaN,NaN,NaN,NaN,
50.782,-0.01531,-0.01260,0.12967,-0.43399,-0.19725,-0.18673,0.85900,NaN,NaN,NaN,NaN,NaN,NaN,NaN,NaN,NaN,NaN,NaN,NaN,NaN,NaN,NaN,NaN,NaN,NaN,NaN,NaN,NaN,
50.807,-0.01531,-0.01251,0.12957,-0.43397,-0.19787,-0.18615,0.85899,NaN,NaN,NaN,NaN,NaN,NaN,NaN,NaN,NaN,NaN,NaN,NaN,NaN,NaN,NaN,NaN,NaN,NaN,NaN,NaN,NaN,
50.832,-0.01531,-0.01248,0.12956,-0.43390,-0.19820,-0.18590,0.85900,NaN,NaN,NaN,NaN,NaN,NaN,NaN,NaN,NaN,NaN,NaN,NaN,NaN,NaN,NaN,NaN,NaN,NaN,NaN,NaN,NaN,
50.857,-0.01525,-0.01248,0.12947,-0.43370,-0.19878,-0.18559,0.85904,NaN,NaN,NaN,NaN,NaN,NaN,NaN,NaN,NaN,NaN,NaN,NaN,NaN,NaN,NaN,NaN,NaN,NaN,NaN,NaN,NaN,
50.882,-0.01518,-0.01248,0.12939,-0.43367,-0.19916,-0.18525,0.85904,NaN,NaN,NaN,NaN,NaN,NaN,NaN,NaN,NaN,NaN,NaN,NaN,NaN,NaN,NaN,NaN,NaN,NaN,NaN,NaN,NaN,
50.907,-0.01517,-0.01247,0.12933,-0.43348,-0.19959,-0.18506,0.85907,NaN,NaN,NaN,NaN,NaN,NaN,NaN,NaN,NaN,NaN,NaN,NaN,NaN,NaN,NaN,NaN,NaN,NaN,NaN,NaN,NaN,
50.932,-0.01522,-0.01246,0.12927,-0.43309,-0.20007,-0.18509,0.85915,NaN,NaN,NaN,NaN,NaN,NaN,NaN,NaN,NaN,NaN,NaN,NaN,NaN,NaN,NaN,NaN,NaN,NaN,NaN,NaN,NaN,
50.957,-0.01506,-0.01234,0.12946,-0.43390,-0.20028,-0.18384,0.85897,NaN,NaN,NaN,NaN,NaN,NaN,NaN,NaN,NaN,NaN,NaN,NaN,NaN,NaN,NaN,NaN,NaN,NaN,NaN,NaN,NaN,
50.982,-0.01542,-0.01184,0.12933,-0.43651,-0.20077,-0.17996,0.85835,NaN,NaN,NaN,NaN,NaN,NaN,NaN,NaN,NaN,NaN,NaN,NaN,NaN,NaN,NaN,NaN,NaN,NaN,NaN,NaN,NaN,
51.007,-0.01539,-0.01162,0.12963,-0.43988,-0.19889,-0.17746,0.85759,NaN,NaN,NaN,NaN,NaN,NaN,NaN,NaN,NaN,NaN,NaN,NaN,NaN,NaN,NaN,NaN,NaN,NaN,NaN,NaN,NaN,
51.032,-0.01534,-0.01156,0.12956,-0.44040,-0.19938,-0.17628,0.85745,NaN,NaN,NaN,NaN,NaN,NaN,NaN,NaN,NaN,NaN,NaN,NaN,NaN,NaN,NaN,NaN,NaN,NaN,NaN,NaN,NaN,
51.057,-0.01540,-0.01149,0.12968,-0.44097,-0.19976,-0.17515,0.85730,NaN,NaN,NaN,NaN,NaN,NaN,NaN,NaN,NaN,NaN,NaN,NaN,NaN,NaN,NaN,NaN,NaN,NaN,NaN,NaN,NaN,
51.082,-0.01551,-0.01139,0.12976,-0.44091,-0.20095,-0.17404,0.85728,NaN,NaN,NaN,NaN,NaN,NaN,NaN,NaN,NaN,NaN,NaN,NaN,NaN,NaN,NaN,NaN,NaN,NaN,NaN,NaN,NaN,
51.107,-0.01563,-0.01132,0.12982,-0.44042,-0.20212,-0.17350,0.85736,NaN,NaN,NaN,NaN,NaN,NaN,NaN,NaN,NaN,NaN,NaN,NaN,NaN,NaN,NaN,NaN,NaN,NaN,NaN,NaN,NaN,
51.132,-0.01564,-0.01126,0.12982,-0.44044,-0.20255,-0.17305,0.85735,NaN,NaN,NaN,NaN,NaN,NaN,NaN,NaN,NaN,NaN,NaN,NaN,NaN,NaN,NaN,NaN,NaN,NaN,NaN,NaN,NaN,
51.157,-0.01573,-0.01119,0.12985,-0.44025,-0.20323,-0.17261,0.85737,NaN,NaN,NaN,NaN,NaN,NaN,NaN,NaN,NaN,NaN,NaN,NaN,NaN,NaN,NaN,NaN,NaN,NaN,NaN,NaN,NaN,
51.182,-0.01584,-0.01112,0.12979,-0.43975,-0.20472,-0.17176,0.85744,NaN,NaN,NaN,NaN,NaN,NaN,NaN,NaN,NaN,NaN,NaN,NaN,NaN,NaN,NaN,NaN,NaN,NaN,NaN,NaN,NaN,
51.207,-0.01591,-0.01110,0.12982,-0.43961,-0.20536,-0.17130,0.85746,NaN,NaN,NaN,NaN,NaN,NaN,NaN,NaN,NaN,NaN,NaN,NaN,NaN,NaN,NaN,NaN,NaN,NaN,NaN,NaN,NaN,
51.232,-0.01591,-0.01109,0.12987,-0.43975,-0.20544,-0.17103,0.85742,NaN,NaN,NaN,NaN,NaN,NaN,NaN,NaN,NaN,NaN,NaN,NaN,NaN,NaN,NaN,NaN,NaN,NaN,NaN,NaN,NaN,
51.257,-0.01592,-0.01103,0.12987,-0.43996,-0.20586,-0.17032,0.85735,NaN,NaN,NaN,NaN,NaN,NaN,NaN,NaN,NaN,NaN,NaN,NaN,NaN,NaN,NaN,NaN,NaN,NaN,NaN,NaN,NaN,
51.282,-0.01596,-0.01096,0.12987,-0.43981,-0.20701,-0.16935,0.85734,NaN,NaN,NaN,NaN,NaN,NaN,NaN,NaN,NaN,NaN,NaN,NaN,NaN,NaN,NaN,NaN,NaN,NaN,NaN,NaN,NaN,
51.307,-0.01604,-0.01087,0.12987,-0.43970,-0.20832,-0.16816,0.85731,NaN,NaN,NaN,NaN,NaN,NaN,NaN,NaN,NaN,NaN,NaN,NaN,NaN,NaN,NaN,NaN,NaN,NaN,NaN,NaN,NaN,
51.332,-0.01614,-0.01072,0.12986,-0.43955,-0.21017,-0.16647,0.85727,NaN,NaN,NaN,NaN,NaN,NaN,NaN,NaN,NaN,NaN,NaN,NaN,NaN,NaN,NaN,NaN,NaN,NaN,NaN,NaN,NaN,
51.357,-0.01635,-0.01064,0.12986,-0.43881,-0.21226,-0.16530,0.85736,NaN,NaN,NaN,NaN,NaN,NaN,NaN,NaN,NaN,NaN,NaN,NaN,NaN,NaN,NaN,NaN,NaN,NaN,NaN,NaN,NaN,
51.382,-0.01645,-0.01061,0.12991,-0.43823,-0.21345,-0.16484,0.85745,NaN,NaN,NaN,NaN,NaN,NaN,NaN,NaN,NaN,NaN,NaN,NaN,NaN,NaN,NaN,NaN,NaN,NaN,NaN,NaN,NaN,
51.407,-0.01653,-0.01063,0.12992,-0.43766,-0.21439,-0.16464,0.85755,NaN,NaN,NaN,NaN,NaN,NaN,NaN,NaN,NaN,NaN,NaN,NaN,NaN,NaN,NaN,NaN,NaN,NaN,NaN,NaN,NaN,
51.432,-0.01656,-0.01066,0.12991,-0.43753,-0.21487,-0.16432,0.85755,NaN,NaN,NaN,NaN,NaN,NaN,NaN,NaN,NaN,NaN,NaN,NaN,NaN,NaN,NaN,NaN,NaN,NaN,NaN,NaN,NaN,
51.457,-0.01654,-0.01065,0.12989,-0.43768,-0.21510,-0.16387,0.85750,NaN,NaN,NaN,NaN,NaN,NaN,NaN,NaN,NaN,NaN,NaN,NaN,NaN,NaN,NaN,NaN,NaN,NaN,NaN,NaN,NaN,
51.482,-0.01652,-0.01055,0.12999,-0.43805,-0.21560,-0.16288,0.85738,NaN,NaN,NaN,NaN,NaN,NaN,NaN,NaN,NaN,NaN,NaN,NaN,NaN,NaN,NaN,NaN,NaN,NaN,NaN,NaN,NaN,
51.507,-0.01668,-0.01039,0.13001,-0.43751,-0.21756,-0.16157,0.85741,NaN,NaN,NaN,NaN,NaN,NaN,NaN,NaN,NaN,NaN,NaN,NaN,NaN,NaN,NaN,NaN,NaN,NaN,NaN,NaN,NaN,
51.532,-0.01681,-0.01031,0.12997,-0.43677,-0.21928,-0.16075,0.85750,NaN,NaN,NaN,NaN,NaN,NaN,NaN,NaN,NaN,NaN,NaN,NaN,NaN,NaN,NaN,NaN,NaN,NaN,NaN,NaN,NaN,
51.557,-0.01685,-0.01034,0.12999,-0.43616,-0.22014,-0.16067,0.85760,NaN,NaN,NaN,NaN,NaN,NaN,NaN,NaN,NaN,NaN,NaN,NaN,NaN,NaN,NaN,NaN,NaN,NaN,NaN,NaN,NaN,
51.582,-0.01690,-0.01038,0.12992,-0.43565,-0.22115,-0.16030,0.85767,NaN,NaN,NaN,NaN,NaN,NaN,NaN,NaN,NaN,NaN,NaN,NaN,NaN,NaN,NaN,NaN,NaN,NaN,NaN,NaN,NaN,
51.607,-0.01693,-0.01036,0.12992,-0.43566,-0.22175,-0.15967,0.85763,NaN,NaN,NaN,NaN,NaN,NaN,NaN,NaN,NaN,NaN,NaN,NaN,NaN,NaN,NaN,NaN,NaN,NaN,NaN,NaN,NaN,
51.632,-0.01700,-0.01033,0.12996,-0.43557,-0.22211,-0.15941,0.85763,NaN,NaN,NaN,NaN,NaN,NaN,NaN,NaN,NaN,NaN,NaN,NaN,NaN,NaN,NaN,NaN,NaN,NaN,NaN,NaN,NaN,
51.657,-0.01703,-0.01030,0.13002,-0.43568,-0.22209,-0.15928,0.85761,NaN,NaN,NaN,NaN,NaN,NaN,NaN,NaN,NaN,NaN,NaN,NaN,NaN,NaN,NaN,NaN,NaN,NaN,NaN,NaN,NaN,
51.682,-0.01699,-0.01030,0.13003,-0.43575,-0.22224,-0.15903,0.85758,NaN,NaN,NaN,NaN,NaN,NaN,NaN,NaN,NaN,NaN,NaN,NaN,NaN,NaN,NaN,NaN,NaN,NaN,NaN,NaN,NaN,
51.707,-0.01696,-0.01027,0.13000,-0.43585,-0.22255,-0.15858,0.85753,NaN,NaN,NaN,NaN,NaN,NaN,NaN,NaN,NaN,NaN,NaN,NaN,NaN,NaN,NaN,NaN,NaN,NaN,NaN,NaN,NaN,
51.732,-0.01699,-0.01018,0.13002,-0.43596,-0.22320,-0.15775,0.85746,NaN,NaN,NaN,NaN,NaN,NaN,NaN,NaN,NaN,NaN,NaN,NaN,NaN,NaN,NaN,NaN,NaN,NaN,NaN,NaN,NaN,
51.757,-0.01715,-0.01009,0.12997,-0.43549,-0.22476,-0.15675,0.85747,NaN,NaN,NaN,NaN,NaN,NaN,NaN,NaN,NaN,NaN,NaN,NaN,NaN,NaN,NaN,NaN,NaN,NaN,NaN,NaN,NaN,
51.782,-0.01721,-0.01005,0.12999,-0.43549,-0.22541,-0.15608,0.85743,NaN,NaN,NaN,NaN,NaN,NaN,NaN,NaN,NaN,NaN,NaN,NaN,NaN,NaN,NaN,NaN,NaN,NaN,NaN,NaN,NaN,
51.807,-0.01720,-0.01003,0.12996,-0.43574,-0.22559,-0.15555,0.85735,NaN,NaN,NaN,NaN,NaN,NaN,NaN,NaN,NaN,NaN,NaN,NaN,NaN,NaN,NaN,NaN,NaN,NaN,NaN,NaN,NaN,
51.832,-0.01718,-0.01004,0.12995,-0.43591,-0.22593,-0.15497,0.85728,NaN,NaN,NaN,NaN,NaN,NaN,NaN,NaN,NaN,NaN,NaN,NaN,NaN,NaN,NaN,NaN,NaN,NaN,NaN,NaN,NaN,
51.857,-0.01726,-0.00996,0.12995,-0.43584,-0.22701,-0.15392,0.85722,NaN,NaN,NaN,NaN,NaN,NaN,NaN,NaN,NaN,NaN,NaN,NaN,NaN,NaN,NaN,NaN,NaN,NaN,NaN,NaN,NaN,
51.882,-0.01740,-0.00988,0.12997,-0.43565,-0.22798,-0.15315,0.85719,NaN,NaN,NaN,NaN,NaN,NaN,NaN,NaN,NaN,NaN,NaN,NaN,NaN,NaN,NaN,NaN,NaN,NaN,NaN,NaN,NaN,
51.907,-0.01741,-0.00980,0.13007,-0.43594,-0.22828,-0.15244,0.85709,NaN,NaN,NaN,NaN,NaN,NaN,NaN,NaN,NaN,NaN,NaN,NaN,NaN,NaN,NaN,NaN,NaN,NaN,NaN,NaN,NaN,
51.932,-0.01749,-0.00973,0.12999,-0.43583,-0.22975,-0.15105,0.85700,NaN,NaN,NaN,NaN,NaN,NaN,NaN,NaN,NaN,NaN,NaN,NaN,NaN,NaN,NaN,NaN,NaN,NaN,NaN,NaN,NaN,
51.957,-0.01755,-0.00963,0.12992,-0.43584,-0.23143,-0.14926,0.85686,NaN,NaN,NaN,NaN,NaN,NaN,NaN,NaN,NaN,NaN,NaN,NaN,NaN,NaN,NaN,NaN,NaN,NaN,NaN,NaN,NaN,
51.982,-0.01764,-0.00952,0.12986,-0.43584,-0.23283,-0.14777,0.85674,NaN,NaN,NaN,NaN,NaN,NaN,NaN,NaN,NaN,NaN,NaN,NaN,NaN,NaN,NaN,NaN,NaN,NaN,NaN,NaN,NaN,
52.007,-0.01773,-0.00938,0.12992,-0.43599,-0.23368,-0.14665,0.85662,NaN,NaN,NaN,NaN,NaN,NaN,NaN,NaN,NaN,NaN,NaN,NaN,NaN,NaN,NaN,NaN,NaN,NaN,NaN,NaN,NaN,
52.032,-0.01785,-0.00933,0.12991,-0.43585,-0.23487,-0.14557,0.85655,NaN,NaN,NaN,NaN,NaN,NaN,NaN,NaN,NaN,NaN,NaN,NaN,NaN,NaN,NaN,NaN,NaN,NaN,NaN,NaN,NaN,
52.057,-0.01786,-0.00929,0.12985,-0.43624,-0.23550,-0.14437,0.85638,NaN,NaN,NaN,NaN,NaN,NaN,NaN,NaN,NaN,NaN,NaN,NaN,NaN,NaN,NaN,NaN,NaN,NaN,NaN,NaN,NaN,
52.082,-0.01787,-0.00919,0.12987,-0.43657,-0.23622,-0.14316,0.85622,NaN,NaN,NaN,NaN,NaN,NaN,NaN,NaN,NaN,NaN,NaN,NaN,NaN,NaN,NaN,NaN,NaN,NaN,NaN,NaN,NaN,
52.107,-0.01799,-0.00903,0.12993,-0.43654,-0.23766,-0.14166,0.85609,NaN,NaN,NaN,NaN,NaN,NaN,NaN,NaN,NaN,NaN,NaN,NaN,NaN,NaN,NaN,NaN,NaN,NaN,NaN,NaN,NaN,
52.132,-0.01812,-0.00891,0.12990,-0.43641,-0.23924,-0.14013,0.85596,NaN,NaN,NaN,NaN,NaN,NaN,NaN,NaN,NaN,NaN,NaN,NaN,NaN,NaN,NaN,NaN,NaN,NaN,NaN,NaN,NaN,
52.157,-0.01812,-0.00887,0.12985,-0.43672,-0.23991,-0.13899,0.85581,NaN,NaN,NaN,NaN,NaN,NaN,NaN,NaN,NaN,NaN,NaN,NaN,NaN,NaN,NaN,NaN,NaN,NaN,NaN,NaN,NaN,
52.182,-0.01809,-0.00885,0.12984,-0.43704,-0.24028,-0.13815,0.85567,NaN,NaN,NaN,NaN,NaN,NaN,NaN,NaN,NaN,NaN,NaN,NaN,NaN,NaN,NaN,NaN,NaN,NaN,NaN,NaN,NaN,
52.207,-0.01819,-0.00874,0.12987,-0.43707,-0.24128,-0.13702,0.85556,NaN,NaN,NaN,NaN,NaN,NaN,NaN,NaN,NaN,NaN,NaN,NaN,NaN,NaN,NaN,NaN,NaN,NaN,NaN,NaN,NaN,
52.232,-0.01837,-0.00865,0.12981,-0.43660,-0.24283,-0.13598,0.85552,NaN,NaN,NaN,NaN,NaN,NaN,NaN,NaN,NaN,NaN,NaN,NaN,NaN,NaN,NaN,NaN,NaN,NaN,NaN,NaN,NaN,
52.257,-0.01837,-0.00861,0.12986,-0.43699,-0.24300,-0.13528,0.85539,NaN,NaN,NaN,NaN,NaN,NaN,NaN,NaN,NaN,NaN,NaN,NaN,NaN,NaN,NaN,NaN,NaN,NaN,NaN,NaN,NaN,
52.282,-0.01835,-0.00857,0.12980,-0.43741,-0.24333,-0.13433,0.85523,NaN,NaN,NaN,NaN,NaN,NaN,NaN,NaN,NaN,NaN,NaN,NaN,NaN,NaN,NaN,NaN,NaN,NaN,NaN,NaN,NaN,
52.307,-0.01838,-0.00856,0.12981,-0.43751,-0.24382,-0.13368,0.85514,NaN,NaN,NaN,NaN,NaN,NaN,NaN,NaN,NaN,NaN,NaN,NaN,NaN,NaN,NaN,NaN,NaN,NaN,NaN,NaN,NaN,
52.332,-0.01847,-0.00848,0.12981,-0.43729,-0.24485,-0.13285,0.85509,NaN,NaN,NaN,NaN,NaN,NaN,NaN,NaN,NaN,NaN,NaN,NaN,NaN,NaN,NaN,NaN,NaN,NaN,NaN,NaN,NaN,
52.357,-0.01851,-0.00835,0.12987,-0.43763,-0.24535,-0.13184,0.85493,NaN,NaN,NaN,NaN,NaN,NaN,NaN,NaN,NaN,NaN,NaN,NaN,NaN,NaN,NaN,NaN,NaN,NaN,NaN,NaN,NaN,
52.382,-0.01858,-0.00826,0.12982,-0.43746,-0.24652,-0.13078,0.85484,NaN,NaN,NaN,NaN,NaN,NaN,NaN,NaN,NaN,NaN,NaN,NaN,NaN,NaN,NaN,NaN,NaN,NaN,NaN,NaN,NaN,
52.407,-0.01858,-0.00824,0.12986,-0.43768,-0.24696,-0.13001,0.85472,NaN,NaN,NaN,NaN,NaN,NaN,NaN,NaN,NaN,NaN,NaN,NaN,NaN,NaN,NaN,NaN,NaN,NaN,NaN,NaN,NaN,
52.432,-0.01861,-0.00819,0.12980,-0.43794,-0.24755,-0.12900,0.85457,NaN,NaN,NaN,NaN,NaN,NaN,NaN,NaN,NaN,NaN,NaN,NaN,NaN,NaN,NaN,NaN,NaN,NaN,NaN,NaN,NaN,
52.457,-0.01868,-0.00813,0.12974,-0.43793,-0.24859,-0.12787,0.85444,NaN,NaN,NaN,NaN,NaN,NaN,NaN,NaN,NaN,NaN,NaN,NaN,NaN,NaN,NaN,NaN,NaN,NaN,NaN,NaN,NaN,
52.482,-0.01877,-0.00802,0.12981,-0.43814,-0.24920,-0.12690,0.85430,NaN,NaN,NaN,NaN,NaN,NaN,NaN,NaN,NaN,NaN,NaN,NaN,NaN,NaN,NaN,NaN,NaN,NaN,NaN,NaN,NaN,
52.507,-0.01883,-0.00798,0.12982,-0.43825,-0.24982,-0.12608,0.85419,NaN,NaN,NaN,NaN,NaN,NaN,NaN,NaN,NaN,NaN,NaN,NaN,NaN,NaN,NaN,NaN,NaN,NaN,NaN,NaN,NaN,
52.532,-0.01883,-0.00793,0.12977,-0.43842,-0.25060,-0.12499,0.85403,NaN,NaN,NaN,NaN,NaN,NaN,NaN,NaN,NaN,NaN,NaN,NaN,NaN,NaN,NaN,NaN,NaN,NaN,NaN,NaN,NaN,
52.557,-0.01885,-0.00786,0.12984,-0.43866,-0.25105,-0.12415,0.85390,NaN,NaN,NaN,NaN,NaN,NaN,NaN,NaN,NaN,NaN,NaN,NaN,NaN,NaN,NaN,NaN,NaN,NaN,NaN,NaN,NaN,
52.582,-0.01892,-0.00774,0.12985,-0.43872,-0.25180,-0.12324,0.85378,NaN,NaN,NaN,NaN,NaN,NaN,NaN,NaN,NaN,NaN,NaN,NaN,NaN,NaN,NaN,NaN,NaN,NaN,NaN,NaN,NaN,
52.607,-0.01899,-0.00770,0.12983,-0.43857,-0.25280,-0.12233,0.85369,NaN,NaN,NaN,NaN,NaN,NaN,NaN,NaN,NaN,NaN,NaN,NaN,NaN,NaN,NaN,NaN,NaN,NaN,NaN,NaN,NaN,
52.632,-0.01892,-0.00760,0.12984,-0.43900,-0.25370,-0.12073,0.85343,NaN,NaN,NaN,NaN,NaN,NaN,NaN,NaN,NaN,NaN,NaN,NaN,NaN,NaN,NaN,NaN,NaN,NaN,NaN,NaN,NaN,
52.657,-0.01910,-0.00740,0.12978,-0.43975,-0.25390,-0.11948,0.85316,NaN,NaN,NaN,NaN,NaN,NaN,NaN,NaN,NaN,NaN,NaN,NaN,NaN,NaN,NaN,NaN,NaN,NaN,NaN,NaN,NaN,
52.682,-0.01920,-0.00730,0.12990,-0.44045,-0.25284,-0.11968,0.85308,NaN,NaN,NaN,NaN,NaN,NaN,NaN,NaN,NaN,NaN,NaN,NaN,NaN,NaN,NaN,NaN,NaN,NaN,NaN,NaN,NaN,
52.707,-0.01914,-0.00729,0.13000,-0.44152,-0.25178,-0.11939,0.85288,NaN,NaN,NaN,NaN,NaN,NaN,NaN,NaN,NaN,NaN,NaN,NaN,NaN,NaN,NaN,NaN,NaN,NaN,NaN,NaN,NaN,
52.732,-0.01907,-0.00720,0.13006,-0.44308,-0.25102,-0.11807,0.85248,NaN,NaN,NaN,NaN,NaN,NaN,NaN,NaN,NaN,NaN,NaN,NaN,NaN,NaN,NaN,NaN,NaN,NaN,NaN,NaN,NaN,
52.757,-0.01909,-0.00694,0.13018,-0.44463,-0.25086,-0.11610,0.85199,NaN,NaN,NaN,NaN,NaN,NaN,NaN,NaN,NaN,NaN,NaN,NaN,NaN,NaN,NaN,NaN,NaN,NaN,NaN,NaN,NaN,
52.782,-0.01913,-0.00670,0.13020,-0.44674,-0.24985,-0.11428,0.85143,NaN,NaN,NaN,NaN,NaN,NaN,NaN,NaN,NaN,NaN,NaN,NaN,NaN,NaN,NaN,NaN,NaN,NaN,NaN,NaN,NaN,
52.807,-0.01905,-0.00662,0.13027,-0.44863,-0.24836,-0.11330,0.85101,NaN,NaN,NaN,NaN,NaN,NaN,NaN,NaN,NaN,NaN,NaN,NaN,NaN,NaN,NaN,NaN,NaN,NaN,NaN,NaN,NaN,
52.832,-0.01912,-0.00653,0.13032,-0.44901,-0.24802,-0.11315,0.85093,NaN,NaN,NaN,NaN,NaN,NaN,NaN,NaN,NaN,NaN,NaN,NaN,NaN,NaN,NaN,NaN,NaN,NaN,NaN,NaN,NaN,
52.857,-0.01913,-0.00646,0.13034,-0.44975,-0.24735,-0.11285,0.85077,NaN,NaN,NaN,NaN,NaN,NaN,NaN,NaN,NaN,NaN,NaN,NaN,NaN,NaN,NaN,NaN,NaN,NaN,NaN,NaN,NaN,
52.882,-0.01909,-0.00643,0.13033,-0.45071,-0.24665,-0.11228,0.85054,NaN,NaN,NaN,NaN,NaN,NaN,NaN,NaN,NaN,NaN,NaN,NaN,NaN,NaN,NaN,NaN,NaN,NaN,NaN,NaN,NaN,
52.907,-0.01911,-0.00629,0.13038,-0.45124,-0.24667,-0.11152,0.85035,NaN,NaN,NaN,NaN,NaN,NaN,NaN,NaN,NaN,NaN,NaN,NaN,NaN,NaN,NaN,NaN,NaN,NaN,NaN,NaN,NaN,
52.932,-0.01912,-0.00620,0.13041,-0.45177,-0.24659,-0.11087,0.85018,NaN,NaN,NaN,NaN,NaN,NaN,NaN,NaN,NaN,NaN,NaN,NaN,NaN,NaN,NaN,NaN,NaN,NaN,NaN,NaN,NaN,
52.957,-0.01910,-0.00618,0.13036,-0.45208,-0.24659,-0.11043,0.85007,NaN,NaN,NaN,NaN,NaN,NaN,NaN,NaN,NaN,NaN,NaN,NaN,NaN,NaN,NaN,NaN,NaN,NaN,NaN,NaN,NaN,
52.982,-0.01903,-0.00609,0.13030,-0.45300,-0.24634,-0.10942,0.84979,NaN,NaN,NaN,NaN,NaN,NaN,NaN,NaN,NaN,NaN,NaN,NaN,NaN,NaN,NaN,NaN,NaN,NaN,NaN,NaN,NaN,
53.007,-0.01907,-0.00600,0.13024,-0.45322,-0.24666,-0.10874,0.84966,NaN,NaN,NaN,NaN,NaN,NaN,NaN,NaN,NaN,NaN,NaN,NaN,NaN,NaN,NaN,NaN,NaN,NaN,NaN,NaN,NaN,
53.032,-0.01907,-0.00599,0.13014,-0.45339,-0.24680,-0.10834,0.84958,NaN,NaN,NaN,NaN,NaN,NaN,NaN,NaN,NaN,NaN,NaN,NaN,NaN,NaN,NaN,NaN,NaN,NaN,NaN,NaN,NaN,
53.057,-0.01904,-0.00602,0.13005,-0.45351,-0.24674,-0.10823,0.84955,NaN,NaN,NaN,NaN,NaN,NaN,NaN,NaN,NaN,NaN,NaN,NaN,NaN,NaN,NaN,NaN,NaN,NaN,NaN,NaN,NaN,
53.082,-0.01905,-0.00599,0.12995,-0.45360,-0.24692,-0.10791,0.84949,NaN,NaN,NaN,NaN,NaN,NaN,NaN,NaN,NaN,NaN,NaN,NaN,NaN,NaN,NaN,NaN,NaN,NaN,NaN,NaN,NaN,
53.107,-0.01907,-0.00592,0.12993,-0.45383,-0.24705,-0.10744,0.84939,NaN,NaN,NaN,NaN,NaN,NaN,NaN,NaN,NaN,NaN,NaN,NaN,NaN,NaN,NaN,NaN,NaN,NaN,NaN,NaN,NaN,
53.132,-0.01908,-0.00586,0.12987,-0.45408,-0.24724,-0.10688,0.84927,NaN,NaN,NaN,NaN,NaN,NaN,NaN,NaN,NaN,NaN,NaN,NaN,NaN,NaN,NaN,NaN,NaN,NaN,NaN,NaN,NaN,
53.157,-0.01905,-0.00584,0.12978,-0.45426,-0.24739,-0.10645,0.84919,NaN,NaN,NaN,NaN,NaN,NaN,NaN,NaN,NaN,NaN,NaN,NaN,NaN,NaN,NaN,NaN,NaN,NaN,NaN,NaN,NaN,
53.182,-0.01899,-0.00586,0.12969,-0.45436,-0.24760,-0.10607,0.84912,NaN,NaN,NaN,NaN,NaN,NaN,NaN,NaN,NaN,NaN,NaN,NaN,NaN,NaN,NaN,NaN,NaN,NaN,NaN,NaN,NaN,
53.207,-0.01900,-0.00582,0.12963,-0.45427,-0.24794,-0.10581,0.84910,NaN,NaN,NaN,NaN,NaN,NaN,NaN,NaN,NaN,NaN,NaN,NaN,NaN,NaN,NaN,NaN,NaN,NaN,NaN,NaN,NaN,
53.233,-0.01902,-0.00577,0.12963,-0.45425,-0.24814,-0.10561,0.84907,NaN,NaN,NaN,NaN,NaN,NaN,NaN,NaN,NaN,NaN,NaN,NaN,NaN,NaN,NaN,NaN,NaN,NaN,NaN,NaN,NaN,
53.257,-0.01906,-0.00579,0.12964,-0.45424,-0.24817,-0.10560,0.84908,NaN,NaN,NaN,NaN,NaN,NaN,NaN,NaN,NaN,NaN,NaN,NaN,NaN,NaN,NaN,NaN,NaN,NaN,NaN,NaN,NaN,
53.282,-0.01904,-0.00580,0.12964,-0.45436,-0.24821,-0.10538,0.84903,NaN,NaN,NaN,NaN,NaN,NaN,NaN,NaN,NaN,NaN,NaN,NaN,NaN,NaN,NaN,NaN,NaN,NaN,NaN,NaN,NaN,
53.307,-0.01902,-0.00582,0.12960,-0.45441,-0.24831,-0.10519,0.84899,NaN,NaN,NaN,NaN,NaN,NaN,NaN,NaN,NaN,NaN,NaN,NaN,NaN,NaN,NaN,NaN,NaN,NaN,NaN,NaN,NaN,
53.332,-0.01900,-0.00581,0.12962,-0.45451,-0.24833,-0.10504,0.84895,NaN,NaN,NaN,NaN,NaN,NaN,NaN,NaN,NaN,NaN,NaN,NaN,NaN,NaN,NaN,NaN,NaN,NaN,NaN,NaN,NaN,
53.357,-0.01905,-0.00577,0.12969,-0.45453,-0.24834,-0.10498,0.84894,NaN,NaN,NaN,NaN,NaN,NaN,NaN,NaN,NaN,NaN,NaN,NaN,NaN,NaN,NaN,NaN,NaN,NaN,NaN,NaN,NaN,
53.382,-0.01904,-0.00578,0.12977,-0.45443,-0.24832,-0.10516,0.84898,NaN,NaN,NaN,NaN,NaN,NaN,NaN,NaN,NaN,NaN,NaN,NaN,NaN,NaN,NaN,NaN,NaN,NaN,NaN,NaN,NaN,
53.407,-0.01901,-0.00578,0.12977,-0.45440,-0.24826,-0.10526,0.84900,NaN,NaN,NaN,NaN,NaN,NaN,NaN,NaN,NaN,NaN,NaN,NaN,NaN,NaN,NaN,NaN,NaN,NaN,NaN,NaN,NaN,
53.432,-0.01903,-0.00579,0.12969,-0.45435,-0.24823,-0.10537,0.84903,NaN,NaN,NaN,NaN,NaN,NaN,NaN,NaN,NaN,NaN,NaN,NaN,NaN,NaN,NaN,NaN,NaN,NaN,NaN,NaN,NaN,
53.457,-0.01900,-0.00578,0.12989,-0.45460,-0.24830,-0.10494,0.84893,NaN,NaN,NaN,NaN,NaN,NaN,NaN,NaN,NaN,NaN,NaN,NaN,NaN,NaN,NaN,NaN,NaN,NaN,NaN,NaN,NaN,
53.482,-0.01907,-0.00559,0.12994,-0.45531,-0.24866,-0.10352,0.84861,NaN,NaN,NaN,NaN,NaN,NaN,NaN,NaN,NaN,NaN,NaN,NaN,NaN,NaN,NaN,NaN,NaN,NaN,NaN,NaN,NaN,
53.507,-0.01905,-0.00535,0.13010,-0.45653,-0.24976,-0.10054,0.84799,NaN,NaN,NaN,NaN,NaN,NaN,NaN,NaN,NaN,NaN,NaN,NaN,NaN,NaN,NaN,NaN,NaN,NaN,NaN,NaN,NaN,
53.532,-0.01934,-0.00513,0.13008,-0.45626,-0.25304,-0.09719,0.84756,NaN,NaN,NaN,NaN,NaN,NaN,NaN,NaN,NaN,NaN,NaN,NaN,NaN,NaN,NaN,NaN,NaN,NaN,NaN,NaN,NaN,
53.557,-0.01946,-0.00504,0.13014,-0.45659,-0.25400,-0.09562,0.84727,NaN,NaN,NaN,NaN,NaN,NaN,NaN,NaN,NaN,NaN,NaN,NaN,NaN,NaN,NaN,NaN,NaN,NaN,NaN,NaN,NaN,
53.582,-0.01940,-0.00493,0.13025,-0.45721,-0.25448,-0.09417,0.84695,NaN,NaN,NaN,NaN,NaN,NaN,NaN,NaN,NaN,NaN,NaN,NaN,NaN,NaN,NaN,NaN,NaN,NaN,NaN,NaN,NaN,
53.607,-0.01955,-0.00480,0.13037,-0.45735,-0.25559,-0.09269,0.84670,NaN,NaN,NaN,NaN,NaN,NaN,NaN,NaN,NaN,NaN,NaN,NaN,NaN,NaN,NaN,NaN,NaN,NaN,NaN,NaN,NaN,
53.632,-0.01963,-0.00464,0.13052,-0.45769,-0.25655,-0.09110,0.84640,NaN,NaN,NaN,NaN,NaN,NaN,NaN,NaN,NaN,NaN,NaN,NaN,NaN,NaN,NaN,NaN,NaN,NaN,NaN,NaN,NaN,
53.657,-0.01973,-0.00453,0.13064,-0.45784,-0.25772,-0.08954,0.84614,NaN,NaN,NaN,NaN,NaN,NaN,NaN,NaN,NaN,NaN,NaN,NaN,NaN,NaN,NaN,NaN,NaN,NaN,NaN,NaN,NaN,
53.682,-0.01977,-0.00451,0.13073,-0.45789,-0.25876,-0.08826,0.84593,NaN,NaN,NaN,NaN,NaN,NaN,NaN,NaN,NaN,NaN,NaN,NaN,NaN,NaN,NaN,NaN,NaN,NaN,NaN,NaN,NaN,
53.707,-0.01987,-0.00431,0.13067,-0.46089,-0.25648,-0.08654,0.84517,NaN,NaN,NaN,NaN,NaN,NaN,NaN,NaN,NaN,NaN,NaN,NaN,NaN,NaN,NaN,NaN,NaN,NaN,NaN,NaN,NaN,
53.732,-0.01991,-0.00426,0.13067,-0.46193,-0.25562,-0.08601,0.84491,NaN,NaN,NaN,NaN,NaN,NaN,NaN,NaN,NaN,NaN,NaN,NaN,NaN,NaN,NaN,NaN,NaN,NaN,NaN,NaN,NaN,
53.757,-0.01989,-0.00417,0.13068,-0.46272,-0.25527,-0.08528,0.84467,NaN,NaN,NaN,NaN,NaN,NaN,NaN,NaN,NaN,NaN,NaN,NaN,NaN,NaN,NaN,NaN,NaN,NaN,NaN,NaN,NaN,
53.782,-0.01991,-0.00410,0.13066,-0.46314,-0.25525,-0.08469,0.84450,NaN,NaN,NaN,NaN,NaN,NaN,NaN,NaN,NaN,NaN,NaN,NaN,NaN,NaN,NaN,NaN,NaN,NaN,NaN,NaN,NaN,
53.807,-0.01987,-0.00402,0.13056,-0.46392,-0.25552,-0.08322,0.84413,NaN,NaN,NaN,NaN,NaN,NaN,NaN,NaN,NaN,NaN,NaN,NaN,NaN,NaN,NaN,NaN,NaN,NaN,NaN,NaN,NaN,
53.832,-0.01987,-0.00402,0.13056,-0.46392,-0.25552,-0.08322,0.84413,NaN,NaN,NaN,NaN,NaN,NaN,NaN,NaN,NaN,NaN,NaN,NaN,NaN,NaN,NaN,NaN,NaN,NaN,NaN,NaN,NaN,
53.857,-0.01985,-0.00398,0.13042,-0.46436,-0.25597,-0.08206,0.84387,NaN,NaN,NaN,NaN,NaN,NaN,NaN,NaN,NaN,NaN,NaN,NaN,NaN,NaN,NaN,NaN,NaN,NaN,NaN,NaN,NaN,
53.882,-0.01985,-0.00395,0.13024,-0.46457,-0.25657,-0.08104,0.84367,NaN,NaN,NaN,NaN,NaN,NaN,NaN,NaN,NaN,NaN,NaN,NaN,NaN,NaN,NaN,NaN,NaN,NaN,NaN,NaN,NaN,
53.907,-0.01980,-0.00393,0.13016,-0.46522,-0.25667,-0.07999,0.84339,NaN,NaN,NaN,NaN,NaN,NaN,NaN,NaN,NaN,NaN,NaN,NaN,NaN,NaN,NaN,NaN,NaN,NaN,NaN,NaN,NaN,
53.932,-0.01984,-0.00390,0.12999,-0.46512,-0.25761,-0.07902,0.84324,NaN,NaN,NaN,NaN,NaN,NaN,NaN,NaN,NaN,NaN,NaN,NaN,NaN,NaN,NaN,NaN,NaN,NaN,NaN,NaN,NaN,
53.957,-0.01978,-0.00385,0.12990,-0.46555,-0.25834,-0.07754,0.84292,NaN,NaN,NaN,NaN,NaN,NaN,NaN,NaN,NaN,NaN,NaN,NaN,NaN,NaN,NaN,NaN,NaN,NaN,NaN,NaN,NaN,
53.982,-0.01986,-0.00352,0.12973,-0.46734,-0.25971,-0.07326,0.84189,NaN,NaN,NaN,NaN,NaN,NaN,NaN,NaN,NaN,NaN,NaN,NaN,NaN,NaN,NaN,NaN,NaN,NaN,NaN,NaN,NaN,
54.007,-0.01983,-0.00338,0.12966,-0.46838,-0.26000,-0.07139,0.84138,NaN,NaN,NaN,NaN,NaN,NaN,NaN,NaN,NaN,NaN,NaN,NaN,NaN,NaN,NaN,NaN,NaN,NaN,NaN,NaN,NaN,
54.032,-0.01983,-0.00338,0.12966,-0.46838,-0.26000,-0.07139,0.84138,NaN,NaN,NaN,NaN,NaN,NaN,NaN,NaN,NaN,NaN,NaN,NaN,NaN,NaN,NaN,NaN,NaN,NaN,NaN,NaN,NaN,
54.057,-0.01974,-0.00322,0.12948,-0.47030,-0.26012,-0.06837,0.84052,NaN,NaN,NaN,NaN,NaN,NaN,NaN,NaN,NaN,NaN,NaN,NaN,NaN,NaN,NaN,NaN,NaN,NaN,NaN,NaN,NaN,
54.082,-0.01974,-0.00322,0.12948,-0.47030,-0.26012,-0.06837,0.84052,NaN,NaN,NaN,NaN,NaN,NaN,NaN,NaN,NaN,NaN,NaN,NaN,NaN,NaN,NaN,NaN,NaN,NaN,NaN,NaN,NaN,
54.107,-0.01975,-0.00318,0.12935,-0.47093,-0.26052,-0.06695,0.84016,NaN,NaN,NaN,NaN,NaN,NaN,NaN,NaN,NaN,NaN,NaN,NaN,NaN,NaN,NaN,NaN,NaN,NaN,NaN,NaN,NaN,
54.132,-0.01971,-0.00318,0.12937,-0.47151,-0.26044,-0.06617,0.83992,NaN,NaN,NaN,NaN,NaN,NaN,NaN,NaN,NaN,NaN,NaN,NaN,NaN,NaN,NaN,NaN,NaN,NaN,NaN,NaN,NaN,
54.157,-0.01974,-0.00307,0.12937,-0.47210,-0.26098,-0.06465,0.83954,NaN,NaN,NaN,NaN,NaN,NaN,NaN,NaN,NaN,NaN,NaN,NaN,NaN,NaN,NaN,NaN,NaN,NaN,NaN,NaN,NaN,
54.182,-0.01970,-0.00294,0.12946,-0.47315,-0.26104,-0.06299,0.83906,NaN,NaN,NaN,NaN,NaN,NaN,NaN,NaN,NaN,NaN,NaN,NaN,NaN,NaN,NaN,NaN,NaN,NaN,NaN,NaN,NaN,
54.207,-0.01972,-0.00275,0.12946,-0.47409,-0.26149,-0.06104,0.83853,NaN,NaN,NaN,NaN,NaN,NaN,NaN,NaN,NaN,NaN,NaN,NaN,NaN,NaN,NaN,NaN,NaN,NaN,NaN,NaN,NaN,
54.232,-0.01972,-0.00275,0.12946,-0.47409,-0.26149,-0.06104,0.83853,NaN,NaN,NaN,NaN,NaN,NaN,NaN,NaN,NaN,NaN,NaN,NaN,NaN,NaN,NaN,NaN,NaN,NaN,NaN,NaN,NaN,
54.257,-0.01971,-0.00241,0.12951,-0.47569,-0.26262,-0.05725,0.83754,NaN,NaN,NaN,NaN,NaN,NaN,NaN,NaN,NaN,NaN,NaN,NaN,NaN,NaN,NaN,NaN,NaN,NaN,NaN,NaN,NaN,
54.282,-0.01971,-0.00225,0.12951,-0.47656,-0.26323,-0.05517,0.83699,NaN,NaN,NaN,NaN,NaN,NaN,NaN,NaN,NaN,NaN,NaN,NaN,NaN,NaN,NaN,NaN,NaN,NaN,NaN,NaN,NaN,
54.307,-0.01976,-0.00215,0.12950,-0.47706,-0.26362,-0.05394,0.83666,NaN,NaN,NaN,NaN,NaN,NaN,NaN,NaN,NaN,NaN,NaN,NaN,NaN,NaN,NaN,NaN,NaN,NaN,NaN,NaN,NaN,
54.332,-0.01976,-0.00215,0.12950,-0.47706,-0.26362,-0.05394,0.83666,NaN,NaN,NaN,NaN,NaN,NaN,NaN,NaN,NaN,NaN,NaN,NaN,NaN,NaN,NaN,NaN,NaN,NaN,NaN,NaN,NaN,
54.357,-0.01969,-0.00200,0.12951,-0.47887,-0.26401,-0.05070,0.83571,NaN,NaN,NaN,NaN,NaN,NaN,NaN,NaN,NaN,NaN,NaN,NaN,NaN,NaN,NaN,NaN,NaN,NaN,NaN,NaN,NaN,
54.382,-0.01969,-0.00200,0.12951,-0.47887,-0.26401,-0.05070,0.83571,NaN,NaN,NaN,NaN,NaN,NaN,NaN,NaN,NaN,NaN,NaN,NaN,NaN,NaN,NaN,NaN,NaN,NaN,NaN,NaN,NaN,
54.407,-0.01966,-0.00150,0.12983,-0.48405,-0.26019,-0.04733,0.83412,NaN,NaN,NaN,NaN,NaN,NaN,NaN,NaN,NaN,NaN,NaN,NaN,NaN,NaN,NaN,NaN,NaN,NaN,NaN,NaN,NaN,
54.432,-0.01966,-0.00150,0.12983,-0.48405,-0.26019,-0.04733,0.83412,NaN,NaN,NaN,NaN,NaN,NaN,NaN,NaN,NaN,NaN,NaN,NaN,NaN,NaN,NaN,NaN,NaN,NaN,NaN,NaN,NaN,
54.457,-0.01969,-0.00149,0.12991,-0.48328,-0.25999,-0.04877,0.83455,NaN,NaN,NaN,NaN,NaN,NaN,NaN,NaN,NaN,NaN,NaN,NaN,NaN,NaN,NaN,NaN,NaN,NaN,NaN,NaN,NaN,
54.482,-0.01972,-0.00138,0.12999,-0.48337,-0.26052,-0.04798,0.83437,NaN,NaN,NaN,NaN,NaN,NaN,NaN,NaN,NaN,NaN,NaN,NaN,NaN,NaN,NaN,NaN,NaN,NaN,NaN,NaN,NaN,
54.507,-0.01972,-0.00138,0.12999,-0.48337,-0.26052,-0.04798,0.83437,NaN,NaN,NaN,NaN,NaN,NaN,NaN,NaN,NaN,NaN,NaN,NaN,NaN,NaN,NaN,NaN,NaN,NaN,NaN,NaN,NaN,
54.532,-0.01974,-0.00133,0.13012,-0.48359,-0.26069,-0.04745,0.83423,NaN,NaN,NaN,NaN,NaN,NaN,NaN,NaN,NaN,NaN,NaN,NaN,NaN,NaN,NaN,NaN,NaN,NaN,NaN,NaN,NaN,
54.557,-0.01966,-0.00132,0.13019,-0.48422,-0.26054,-0.04664,0.83395,NaN,NaN,NaN,NaN,NaN,NaN,NaN,NaN,NaN,NaN,NaN,NaN,NaN,NaN,NaN,NaN,NaN,NaN,NaN,NaN,NaN,
54.582,-0.01974,-0.00123,0.13030,-0.48461,-0.26039,-0.04623,0.83380,NaN,NaN,NaN,NaN,NaN,NaN,NaN,NaN,NaN,NaN,NaN,NaN,NaN,NaN,NaN,NaN,NaN,NaN,NaN,NaN,NaN,
54.607,-0.01974,-0.00123,0.13030,-0.48461,-0.26039,-0.04623,0.83380,NaN,NaN,NaN,NaN,NaN,NaN,NaN,NaN,NaN,NaN,NaN,NaN,NaN,NaN,NaN,NaN,NaN,NaN,NaN,NaN,NaN,
54.632,-0.01977,-0.00104,0.13039,-0.48534,-0.26072,-0.04468,0.83335,NaN,NaN,NaN,NaN,NaN,NaN,NaN,NaN,NaN,NaN,NaN,NaN,NaN,NaN,NaN,NaN,NaN,NaN,NaN,NaN,NaN,
54.657,-0.01975,-0.00099,0.13044,-0.48552,-0.26070,-0.04442,0.83326,NaN,NaN,NaN,NaN,NaN,NaN,NaN,NaN,NaN,NaN,NaN,NaN,NaN,NaN,NaN,NaN,NaN,NaN,NaN,NaN,NaN,
54.682,-0.01977,-0.00098,0.13042,-0.48558,-0.26084,-0.04417,0.83320,NaN,NaN,NaN,NaN,NaN,NaN,NaN,NaN,NaN,NaN,NaN,NaN,NaN,NaN,NaN,NaN,NaN,NaN,NaN,NaN,NaN,
54.707,-0.01974,-0.00100,0.13031,-0.48567,-0.26104,-0.04378,0.83311,NaN,NaN,NaN,NaN,NaN,NaN,NaN,NaN,NaN,NaN,NaN,NaN,NaN,NaN,NaN,NaN,NaN,NaN,NaN,NaN,NaN,
54.732,-0.01973,-0.00099,0.13029,-0.48586,-0.26115,-0.04335,0.83298,NaN,NaN,NaN,NaN,NaN,NaN,NaN,NaN,NaN,NaN,NaN,NaN,NaN,NaN,NaN,NaN,NaN,NaN,NaN,NaN,NaN,
54.757,-0.01973,-0.00098,0.13033,-0.48621,-0.26111,-0.04285,0.83282,NaN,NaN,NaN,NaN,NaN,NaN,NaN,NaN,NaN,NaN,NaN,NaN,NaN,NaN,NaN,NaN,NaN,NaN,NaN,NaN,NaN,
54.782,-0.01977,-0.00089,0.13039,-0.48645,-0.26112,-0.04246,0.83269,NaN,NaN,NaN,NaN,NaN,NaN,NaN,NaN,NaN,NaN,NaN,NaN,NaN,NaN,NaN,NaN,NaN,NaN,NaN,NaN,NaN,
54.807,-0.01979,-0.00084,0.13044,-0.48670,-0.26104,-0.04216,0.83259,NaN,NaN,NaN,NaN,NaN,NaN,NaN,NaN,NaN,NaN,NaN,NaN,NaN,NaN,NaN,NaN,NaN,NaN,NaN,NaN,NaN,
54.832,-0.01978,-0.00082,0.13044,-0.48685,-0.26123,-0.04170,0.83246,NaN,NaN,NaN,NaN,NaN,NaN,NaN,NaN,NaN,NaN,NaN,NaN,NaN,NaN,NaN,NaN,NaN,NaN,NaN,NaN,NaN,
54.857,-0.01970,-0.00077,0.13037,-0.48751,-0.26142,-0.04044,0.83208,NaN,NaN,NaN,NaN,NaN,NaN,NaN,NaN,NaN,NaN,NaN,NaN,NaN,NaN,NaN,NaN,NaN,NaN,NaN,NaN,NaN,
54.882,-0.01972,-0.00069,0.13031,-0.48804,-0.26192,-0.03899,0.83168,NaN,NaN,NaN,NaN,NaN,NaN,NaN,NaN,NaN,NaN,NaN,NaN,NaN,NaN,NaN,NaN,NaN,NaN,NaN,NaN,NaN,
54.907,-0.01970,-0.00053,0.13036,-0.48968,-0.26231,-0.03593,0.83073,NaN,NaN,NaN,NaN,NaN,NaN,NaN,NaN,NaN,NaN,NaN,NaN,NaN,NaN,NaN,NaN,NaN,NaN,NaN,NaN,NaN,
54.932,-0.01983,-0.00023,0.13033,-0.49112,-0.26383,-0.03176,0.82957,NaN,NaN,NaN,NaN,NaN,NaN,NaN,NaN,NaN,NaN,NaN,NaN,NaN,NaN,NaN,NaN,NaN,NaN,NaN,NaN,NaN,
54.957,-0.01992,-0.00005,0.13024,-0.49220,-0.26448,-0.02924,0.82882,NaN,NaN,NaN,NaN,NaN,NaN,NaN,NaN,NaN,NaN,NaN,NaN,NaN,NaN,NaN,NaN,NaN,NaN,NaN,NaN,NaN,
54.982,-0.01990,-0.00005,0.13013,-0.49244,-0.26508,-0.02809,0.82852,NaN,NaN,NaN,NaN,NaN,NaN,NaN,NaN,NaN,NaN,NaN,NaN,NaN,NaN,NaN,NaN,NaN,NaN,NaN,NaN,NaN,
55.007,-0.01989,-0.00005,0.13004,-0.49287,-0.26549,-0.02690,0.82817,NaN,NaN,NaN,NaN,NaN,NaN,NaN,NaN,NaN,NaN,NaN,NaN,NaN,NaN,NaN,NaN,NaN,NaN,NaN,NaN,NaN,
55.032,-0.01987,0.00000,0.12997,-0.49350,-0.26581,-0.02549,0.82774,NaN,NaN,NaN,NaN,NaN,NaN,NaN,NaN,NaN,NaN,NaN,NaN,NaN,NaN,NaN,NaN,NaN,NaN,NaN,NaN,NaN,
55.057,-0.01987,0.00006,0.12990,-0.49396,-0.26633,-0.02408,0.82734,NaN,NaN,NaN,NaN,NaN,NaN,NaN,NaN,NaN,NaN,NaN,NaN,NaN,NaN,NaN,NaN,NaN,NaN,NaN,NaN,NaN,
55.082,-0.01987,0.00015,0.12984,-0.49481,-0.26661,-0.02238,0.82679,NaN,NaN,NaN,NaN,NaN,NaN,NaN,NaN,NaN,NaN,NaN,NaN,NaN,NaN,NaN,NaN,NaN,NaN,NaN,NaN,NaN,
55.107,-0.01994,0.00025,0.12970,-0.49523,-0.26721,-0.02093,0.82638,NaN,NaN,NaN,NaN,NaN,NaN,NaN,NaN,NaN,NaN,NaN,NaN,NaN,NaN,NaN,NaN,NaN,NaN,NaN,NaN,NaN,
55.132,-0.01990,0.00029,0.12967,-0.49585,-0.26735,-0.01976,0.82599,NaN,NaN,NaN,NaN,NaN,NaN,NaN,NaN,NaN,NaN,NaN,NaN,NaN,NaN,NaN,NaN,NaN,NaN,NaN,NaN,NaN,
55.157,-0.01988,0.00030,0.12958,-0.49639,-0.26752,-0.01866,0.82564,NaN,NaN,NaN,NaN,NaN,NaN,NaN,NaN,NaN,NaN,NaN,NaN,NaN,NaN,NaN,NaN,NaN,NaN,NaN,NaN,NaN,
55.182,-0.01985,0.00031,0.12953,-0.49676,-0.26763,-0.01793,0.82540,NaN,NaN,NaN,NaN,NaN,NaN,NaN,NaN,NaN,NaN,NaN,NaN,NaN,NaN,NaN,NaN,NaN,NaN,NaN,NaN,NaN,
55.207,-0.01985,0.00033,0.12955,-0.49708,-0.26767,-0.01735,0.82520,NaN,NaN,NaN,NaN,NaN,NaN,NaN,NaN,NaN,NaN,NaN,NaN,NaN,NaN,NaN,NaN,NaN,NaN,NaN,NaN,NaN,
55.232,-0.01986,0.00040,0.12958,-0.49755,-0.26770,-0.01655,0.82493,NaN,NaN,NaN,NaN,NaN,NaN,NaN,NaN,NaN,NaN,NaN,NaN,NaN,NaN,NaN,NaN,NaN,NaN,NaN,NaN,NaN,
55.257,-0.01987,0.00051,0.12964,-0.49821,-0.26777,-0.01539,0.82453,NaN,NaN,NaN,NaN,NaN,NaN,NaN,NaN,NaN,NaN,NaN,NaN,NaN,NaN,NaN,NaN,NaN,NaN,NaN,NaN,NaN,
55.282,-0.01989,0.00062,0.12965,-0.49895,-0.26803,-0.01385,0.82402,NaN,NaN,NaN,NaN,NaN,NaN,NaN,NaN,NaN,NaN,NaN,NaN,NaN,NaN,NaN,NaN,NaN,NaN,NaN,NaN,NaN,
55.307,-0.01988,0.00071,0.12962,-0.49996,-0.26820,-0.01198,0.82339,NaN,NaN,NaN,NaN,NaN,NaN,NaN,NaN,NaN,NaN,NaN,NaN,NaN,NaN,NaN,NaN,NaN,NaN,NaN,NaN,NaN,
55.332,-0.01986,0.00082,0.12957,0.50074,0.26889,0.00982,-0.82272,NaN,NaN,NaN,NaN,NaN,NaN,NaN,NaN,NaN,NaN,NaN,NaN,NaN,NaN,NaN,NaN,NaN,NaN,NaN,NaN,NaN,
55.357,-0.01982,0.00086,0.12955,0.50154,0.26922,0.00807,-0.82214,NaN,NaN,NaN,NaN,NaN,NaN,NaN,NaN,NaN,NaN,NaN,NaN,NaN,NaN,NaN,NaN,NaN,NaN,NaN,NaN,NaN,
55.382,-0.01981,0.00094,0.12954,0.50239,0.26919,0.00671,-0.82164,NaN,NaN,NaN,NaN,NaN,NaN,NaN,NaN,NaN,NaN,NaN,NaN,NaN,NaN,NaN,NaN,NaN,NaN,NaN,NaN,NaN,
55.407,-0.01983,0.00105,0.12959,0.50312,0.26926,0.00541,-0.82118,NaN,NaN,NaN,NaN,NaN,NaN,NaN,NaN,NaN,NaN,NaN,NaN,NaN,NaN,NaN,NaN,NaN,NaN,NaN,NaN,NaN,
55.432,-0.01985,0.00125,0.12967,0.50439,0.26941,0.00310,-0.82037,NaN,NaN,NaN,NaN,NaN,NaN,NaN,NaN,NaN,NaN,NaN,NaN,NaN,NaN,NaN,NaN,NaN,NaN,NaN,NaN,NaN,
55.457,-0.01986,0.00149,0.12971,0.50614,0.27000,-0.00059,-0.81910,NaN,NaN,NaN,NaN,NaN,NaN,NaN,NaN,NaN,NaN,NaN,NaN,NaN,NaN,NaN,NaN,NaN,NaN,NaN,NaN,NaN,
55.482,-0.01989,0.00169,0.12973,0.50714,0.27061,-0.00307,-0.81827,NaN,NaN,NaN,NaN,NaN,NaN,NaN,NaN,NaN,NaN,NaN,NaN,NaN,NaN,NaN,NaN,NaN,NaN,NaN,NaN,NaN,
55.507,-0.01987,0.00172,0.12979,0.50753,0.27015,-0.00312,-0.81818,NaN,NaN,NaN,NaN,NaN,NaN,NaN,NaN,NaN,NaN,NaN,NaN,NaN,NaN,NaN,NaN,NaN,NaN,NaN,NaN,NaN,
55.532,-0.01982,0.00169,0.12981,0.50760,0.27018,-0.00327,-0.81813,NaN,NaN,NaN,NaN,NaN,NaN,NaN,NaN,NaN,NaN,NaN,NaN,NaN,NaN,NaN,NaN,NaN,NaN,NaN,NaN,NaN,
55.557,-0.01983,0.00184,0.12988,0.50895,0.27000,-0.00531,-0.81734,NaN,NaN,NaN,NaN,NaN,NaN,NaN,NaN,NaN,NaN,NaN,NaN,NaN,NaN,NaN,NaN,NaN,NaN,NaN,NaN,NaN,
55.582,-0.01994,0.00205,0.12997,0.50971,0.27065,-0.00746,-0.81663,NaN,NaN,NaN,NaN,NaN,NaN,NaN,NaN,NaN,NaN,NaN,NaN,NaN,NaN,NaN,NaN,NaN,NaN,NaN,NaN,NaN,
55.607,-0.01998,0.00210,0.13011,0.50979,0.27067,-0.00762,-0.81657,NaN,NaN,NaN,NaN,NaN,NaN,NaN,NaN,NaN,NaN,NaN,NaN,NaN,NaN,NaN,NaN,NaN,NaN,NaN,NaN,NaN,
55.632,-0.01998,0.00209,0.13016,0.50958,0.27071,-0.00731,-0.81670,NaN,NaN,NaN,NaN,NaN,NaN,NaN,NaN,NaN,NaN,NaN,NaN,NaN,NaN,NaN,NaN,NaN,NaN,NaN,NaN,NaN,
55.657,-0.01995,0.00205,0.13016,0.50924,0.27105,-0.00719,-0.81679,NaN,NaN,NaN,NaN,NaN,NaN,NaN,NaN,NaN,NaN,NaN,NaN,NaN,NaN,NaN,NaN,NaN,NaN,NaN,NaN,NaN,
55.682,-0.01995,0.00208,0.13027,0.50964,0.27078,-0.00751,-0.81663,NaN,NaN,NaN,NaN,NaN,NaN,NaN,NaN,NaN,NaN,NaN,NaN,NaN,NaN,NaN,NaN,NaN,NaN,NaN,NaN,NaN,
55.707,-0.02007,0.00220,0.13035,0.50955,0.27134,-0.00810,-0.81649,NaN,NaN,NaN,NaN,NaN,NaN,NaN,NaN,NaN,NaN,NaN,NaN,NaN,NaN,NaN,NaN,NaN,NaN,NaN,NaN,NaN,
55.732,-0.02003,0.00218,0.13037,0.50966,0.27139,-0.00836,-0.81641,NaN,NaN,NaN,NaN,NaN,NaN,NaN,NaN,NaN,NaN,NaN,NaN,NaN,NaN,NaN,NaN,NaN,NaN,NaN,NaN,NaN,
55.757,-0.02001,0.00214,0.13031,0.50965,0.27154,-0.00852,-0.81636,NaN,NaN,NaN,NaN,NaN,NaN,NaN,NaN,NaN,NaN,NaN,NaN,NaN,NaN,NaN,NaN,NaN,NaN,NaN,NaN,NaN,
55.782,-0.02002,0.00213,0.13033,0.50975,0.27148,-0.00862,-0.81632,NaN,NaN,NaN,NaN,NaN,NaN,NaN,NaN,NaN,NaN,NaN,NaN,NaN,NaN,NaN,NaN,NaN,NaN,NaN,NaN,NaN,
55.807,-0.02007,0.00221,0.13040,0.50989,0.27141,-0.00877,-0.81625,NaN,NaN,NaN,NaN,NaN,NaN,NaN,NaN,NaN,NaN,NaN,NaN,NaN,NaN,NaN,NaN,NaN,NaN,NaN,NaN,NaN,
55.832,-0.02006,0.00223,0.13042,0.51003,0.27148,-0.00909,-0.81614,NaN,NaN,NaN,NaN,NaN,NaN,NaN,NaN,NaN,NaN,NaN,NaN,NaN,NaN,NaN,NaN,NaN,NaN,NaN,NaN,NaN,
55.857,-0.02004,0.00220,0.13036,0.51024,0.27158,-0.00958,-0.81597,NaN,NaN,NaN,NaN,NaN,NaN,NaN,NaN,NaN,NaN,NaN,NaN,NaN,NaN,NaN,NaN,NaN,NaN,NaN,NaN,NaN,
55.882,-0.02003,0.00222,0.13029,0.51055,0.27173,-0.01031,-0.81572,NaN,NaN,NaN,NaN,NaN,NaN,NaN,NaN,NaN,NaN,NaN,NaN,NaN,NaN,NaN,NaN,NaN,NaN,NaN,NaN,NaN,
55.907,-0.02002,0.00232,0.13033,0.51137,0.27166,-0.01162,-0.81521,NaN,NaN,NaN,NaN,NaN,NaN,NaN,NaN,NaN,NaN,NaN,NaN,NaN,NaN,NaN,NaN,NaN,NaN,NaN,NaN,NaN,
55.932,-0.02006,0.00243,0.13040,0.51220,0.27178,-0.01319,-0.81463,NaN,NaN,NaN,NaN,NaN,NaN,NaN,NaN,NaN,NaN,NaN,NaN,NaN,NaN,NaN,NaN,NaN,NaN,NaN,NaN,NaN,
55.957,-0.02007,0.00253,0.13034,0.51303,0.27194,-0.01482,-0.81402,NaN,NaN,NaN,NaN,NaN,NaN,NaN,NaN,NaN,NaN,NaN,NaN,NaN,NaN,NaN,NaN,NaN,NaN,NaN,NaN,NaN,
55.982,-0.02005,0.00257,0.13026,0.51370,0.27215,-0.01625,-0.81350,NaN,NaN,NaN,NaN,NaN,NaN,NaN,NaN,NaN,NaN,NaN,NaN,NaN,NaN,NaN,NaN,NaN,NaN,NaN,NaN,NaN,
56.007,-0.02004,0.00266,0.13024,0.51480,0.27212,-0.01811,-0.81278,NaN,NaN,NaN,NaN,NaN,NaN,NaN,NaN,NaN,NaN,NaN,NaN,NaN,NaN,NaN,NaN,NaN,NaN,NaN,NaN,NaN,
56.032,-0.02004,0.00299,0.13033,0.51822,0.27155,-0.02329,-0.81066,NaN,NaN,NaN,NaN,NaN,NaN,NaN,NaN,NaN,NaN,NaN,NaN,NaN,NaN,NaN,NaN,NaN,NaN,NaN,NaN,NaN,
56.057,-0.02023,0.00343,0.13015,0.52042,0.27290,-0.02897,-0.80861,NaN,NaN,NaN,NaN,NaN,NaN,NaN,NaN,NaN,NaN,NaN,NaN,NaN,NaN,NaN,NaN,NaN,NaN,NaN,NaN,NaN,
56.082,-0.02006,0.00346,0.13013,0.52231,0.27213,-0.03126,-0.80757,NaN,NaN,NaN,NaN,NaN,NaN,NaN,NaN,NaN,NaN,NaN,NaN,NaN,NaN,NaN,NaN,NaN,NaN,NaN,NaN,NaN,
56.107,-0.02008,0.00347,0.12999,0.52271,0.27259,-0.03259,-0.80710,NaN,NaN,NaN,NaN,NaN,NaN,NaN,NaN,NaN,NaN,NaN,NaN,NaN,NaN,NaN,NaN,NaN,NaN,NaN,NaN,NaN,
56.132,-0.02008,0.00356,0.12989,0.52372,0.27266,-0.03450,-0.80634,NaN,NaN,NaN,NaN,NaN,NaN,NaN,NaN,NaN,NaN,NaN,NaN,NaN,NaN,NaN,NaN,NaN,NaN,NaN,NaN,NaN,
56.157,-0.02001,0.00368,0.12990,0.52561,0.27235,-0.03743,-0.80508,NaN,NaN,NaN,NaN,NaN,NaN,NaN,NaN,NaN,NaN,NaN,NaN,NaN,NaN,NaN,NaN,NaN,NaN,NaN,NaN,NaN,
56.182,-0.02004,0.00386,0.12976,0.52714,0.27238,-0.04023,-0.80394,NaN,NaN,NaN,NaN,NaN,NaN,NaN,NaN,NaN,NaN,NaN,NaN,NaN,NaN,NaN,NaN,NaN,NaN,NaN,NaN,NaN,
56.207,-0.02002,0.00392,0.12970,0.52816,0.27222,-0.04184,-0.80324,NaN,NaN,NaN,NaN,NaN,NaN,NaN,NaN,NaN,NaN,NaN,NaN,NaN,NaN,NaN,NaN,NaN,NaN,NaN,NaN,NaN,
56.232,-0.02001,0.00398,0.12961,0.52933,0.27213,-0.04384,-0.80239,NaN,NaN,NaN,NaN,NaN,NaN,NaN,NaN,NaN,NaN,NaN,NaN,NaN,NaN,NaN,NaN,NaN,NaN,NaN,NaN,NaN,
56.257,-0.02002,0.00403,0.12957,0.53024,0.27212,-0.04546,-0.80171,NaN,NaN,NaN,NaN,NaN,NaN,NaN,NaN,NaN,NaN,NaN,NaN,NaN,NaN,NaN,NaN,NaN,NaN,NaN,NaN,NaN,
56.282,-0.01999,0.00408,0.12958,0.53104,0.27200,-0.04676,-0.80114,NaN,NaN,NaN,NaN,NaN,NaN,NaN,NaN,NaN,NaN,NaN,NaN,NaN,NaN,NaN,NaN,NaN,NaN,NaN,NaN,NaN,
56.307,-0.01996,0.00421,0.12971,0.53237,0.27159,-0.04861,-0.80029,NaN,NaN,NaN,NaN,NaN,NaN,NaN,NaN,NaN,NaN,NaN,NaN,NaN,NaN,NaN,NaN,NaN,NaN,NaN,NaN,NaN,
56.332,-0.02002,0.00437,0.12967,0.53297,0.27186,-0.05009,-0.79970,NaN,NaN,NaN,NaN,NaN,NaN,NaN,NaN,NaN,NaN,NaN,NaN,NaN,NaN,NaN,NaN,NaN,NaN,NaN,NaN,NaN,
56.357,-0.01998,0.00435,0.12968,0.53354,0.27171,-0.05094,-0.79932,NaN,NaN,NaN,NaN,NaN,NaN,NaN,NaN,NaN,NaN,NaN,NaN,NaN,NaN,NaN,NaN,NaN,NaN,NaN,NaN,NaN,
56.382,-0.01998,0.00447,0.12952,0.53460,0.27213,-0.05348,-0.79830,NaN,NaN,NaN,NaN,NaN,NaN,NaN,NaN,NaN,NaN,NaN,NaN,NaN,NaN,NaN,NaN,NaN,NaN,NaN,NaN,NaN,
56.407,-0.02001,0.00460,0.12950,0.53562,0.27231,-0.05562,-0.79741,NaN,NaN,NaN,NaN,NaN,NaN,NaN,NaN,NaN,NaN,NaN,NaN,NaN,NaN,NaN,NaN,NaN,NaN,NaN,NaN,NaN,
56.432,-0.02000,0.00480,0.12949,0.53749,0.27225,-0.05902,-0.79592,NaN,NaN,NaN,NaN,NaN,NaN,NaN,NaN,NaN,NaN,NaN,NaN,NaN,NaN,NaN,NaN,NaN,NaN,NaN,NaN,NaN,
56.457,-0.02003,0.00503,0.12955,0.53931,0.27217,-0.06230,-0.79447,NaN,NaN,NaN,NaN,NaN,NaN,NaN,NaN,NaN,NaN,NaN,NaN,NaN,NaN,NaN,NaN,NaN,NaN,NaN,NaN,NaN,
56.482,-0.02007,0.00513,0.12950,0.54026,0.27223,-0.06418,-0.79366,NaN,NaN,NaN,NaN,NaN,NaN,NaN,NaN,NaN,NaN,NaN,NaN,NaN,NaN,NaN,NaN,NaN,NaN,NaN,NaN,NaN,
56.507,-0.01998,0.00507,0.12949,0.54030,0.27254,-0.06469,-0.79348,NaN,NaN,NaN,NaN,NaN,NaN,NaN,NaN,NaN,NaN,NaN,NaN,NaN,NaN,NaN,NaN,NaN,NaN,NaN,NaN,NaN,
56.532,-0.01998,0.00508,0.12949,0.53955,0.27248,-0.06319,-0.79413,NaN,NaN,NaN,NaN,NaN,NaN,NaN,NaN,NaN,NaN,NaN,NaN,NaN,NaN,NaN,NaN,NaN,NaN,NaN,NaN,NaN,
56.557,-0.02002,0.00512,0.12958,0.53840,0.27246,-0.06101,-0.79509,NaN,NaN,NaN,NaN,NaN,NaN,NaN,NaN,NaN,NaN,NaN,NaN,NaN,NaN,NaN,NaN,NaN,NaN,NaN,NaN,NaN,
56.582,-0.02009,0.00515,0.12963,0.53732,0.27220,-0.05862,-0.79609,NaN,NaN,NaN,NaN,NaN,NaN,NaN,NaN,NaN,NaN,NaN,NaN,NaN,NaN,NaN,NaN,NaN,NaN,NaN,NaN,NaN,
56.607,-0.02007,0.00515,0.12979,0.53674,0.27238,-0.05779,-0.79648,NaN,NaN,NaN,NaN,NaN,NaN,NaN,NaN,NaN,NaN,NaN,NaN,NaN,NaN,NaN,NaN,NaN,NaN,NaN,NaN,NaN,
56.632,-0.02003,0.00522,0.12984,0.53705,0.27240,-0.05840,-0.79622,NaN,NaN,NaN,NaN,NaN,NaN,NaN,NaN,NaN,NaN,NaN,NaN,NaN,NaN,NaN,NaN,NaN,NaN,NaN,NaN,NaN,
56.657,-0.02002,0.00520,0.12982,0.53685,0.27275,-0.05851,-0.79623,NaN,NaN,NaN,NaN,NaN,NaN,NaN,NaN,NaN,NaN,NaN,NaN,NaN,NaN,NaN,NaN,NaN,NaN,NaN,NaN,NaN,
56.682,-0.02008,0.00519,0.12989,0.53592,0.27298,-0.05711,-0.79688,NaN,NaN,NaN,NaN,NaN,NaN,NaN,NaN,NaN,NaN,NaN,NaN,NaN,NaN,NaN,NaN,NaN,NaN,NaN,NaN,NaN,
56.707,-0.01998,0.00524,0.13007,0.53637,0.27251,-0.05729,-0.79672,NaN,NaN,NaN,NaN,NaN,NaN,NaN,NaN,NaN,NaN,NaN,NaN,NaN,NaN,NaN,NaN,NaN,NaN,NaN,NaN,NaN,
56.732,-0.02006,0.00537,0.13020,0.53635,0.27278,-0.05764,-0.79661,NaN,NaN,NaN,NaN,NaN,NaN,NaN,NaN,NaN,NaN,NaN,NaN,NaN,NaN,NaN,NaN,NaN,NaN,NaN,NaN,NaN,
56.757,-0.02005,0.00538,0.13037,0.53633,0.27260,-0.05735,-0.79671,NaN,NaN,NaN,NaN,NaN,NaN,NaN,NaN,NaN,NaN,NaN,NaN,NaN,NaN,NaN,NaN,NaN,NaN,NaN,NaN,NaN,
56.782,-0.02006,0.00545,0.13034,0.53623,0.27316,-0.05795,-0.79654,NaN,NaN,NaN,NaN,NaN,NaN,NaN,NaN,NaN,NaN,NaN,NaN,NaN,NaN,NaN,NaN,NaN,NaN,NaN,NaN,NaN,
56.807,-0.02006,0.00547,0.13032,0.53605,0.27344,-0.05801,-0.79656,NaN,NaN,NaN,NaN,NaN,NaN,NaN,NaN,NaN,NaN,NaN,NaN,NaN,NaN,NaN,NaN,NaN,NaN,NaN,NaN,NaN,
56.832,-0.02000,0.00547,0.13035,0.53655,0.27340,-0.05889,-0.79617,NaN,NaN,NaN,NaN,NaN,NaN,NaN,NaN,NaN,NaN,NaN,NaN,NaN,NaN,NaN,NaN,NaN,NaN,NaN,NaN,NaN,
56.857,-0.02007,0.00557,0.13031,0.53667,0.27348,-0.05921,-0.79605,NaN,NaN,NaN,NaN,NaN,NaN,NaN,NaN,NaN,NaN,NaN,NaN,NaN,NaN,NaN,NaN,NaN,NaN,NaN,NaN,NaN,
56.882,-0.02007,0.00562,0.13040,0.53696,0.27335,-0.05959,-0.79586,NaN,NaN,NaN,NaN,NaN,NaN,NaN,NaN,NaN,NaN,NaN,NaN,NaN,NaN,NaN,NaN,NaN,NaN,NaN,NaN,NaN,
56.907,-0.02006,0.00573,0.13041,0.53821,0.27296,-0.06137,-0.79502,NaN,NaN,NaN,NaN,NaN,NaN,NaN,NaN,NaN,NaN,NaN,NaN,NaN,NaN,NaN,NaN,NaN,NaN,NaN,NaN,NaN,
56.932,-0.02002,0.00581,0.13035,0.53929,0.27287,-0.06326,-0.79417,NaN,NaN,NaN,NaN,NaN,NaN,NaN,NaN,NaN,NaN,NaN,NaN,NaN,NaN,NaN,NaN,NaN,NaN,NaN,NaN,NaN,
56.957,-0.01995,0.00587,0.13022,0.54059,0.27276,-0.06556,-0.79313,NaN,NaN,NaN,NaN,NaN,NaN,NaN,NaN,NaN,NaN,NaN,NaN,NaN,NaN,NaN,NaN,NaN,NaN,NaN,NaN,NaN,
56.982,-0.01993,0.00593,0.13010,0.54166,0.27276,-0.06757,-0.79224,NaN,NaN,NaN,NaN,NaN,NaN,NaN,NaN,NaN,NaN,NaN,NaN,NaN,NaN,NaN,NaN,NaN,NaN,NaN,NaN,NaN,
57.007,-0.01990,0.00606,0.13001,0.54309,0.27247,-0.06990,-0.79115,NaN,NaN,NaN,NaN,NaN,NaN,NaN,NaN,NaN,NaN,NaN,NaN,NaN,NaN,NaN,NaN,NaN,NaN,NaN,NaN,NaN,
57.032,-0.01989,0.00618,0.12998,0.54430,0.27219,-0.07180,-0.79025,NaN,NaN,NaN,NaN,NaN,NaN,NaN,NaN,NaN,NaN,NaN,NaN,NaN,NaN,NaN,NaN,NaN,NaN,NaN,NaN,NaN,
57.057,-0.01983,0.00627,0.13000,0.54591,0.27168,-0.07415,-0.78909,NaN,NaN,NaN,NaN,NaN,NaN,NaN,NaN,NaN,NaN,NaN,NaN,NaN,NaN,NaN,NaN,NaN,NaN,NaN,NaN,NaN,
57.082,-0.01987,0.00641,0.13002,0.54711,0.27107,-0.07557,-0.78834,NaN,NaN,NaN,NaN,NaN,NaN,NaN,NaN,NaN,NaN,NaN,NaN,NaN,NaN,NaN,NaN,NaN,NaN,NaN,NaN,NaN,
57.107,-0.01986,0.00647,0.12997,0.54779,0.27112,-0.07697,-0.78771,NaN,NaN,NaN,NaN,NaN,NaN,NaN,NaN,NaN,NaN,NaN,NaN,NaN,NaN,NaN,NaN,NaN,NaN,NaN,NaN,NaN,
57.132,-0.01977,0.00649,0.12987,0.54904,0.27085,-0.07898,-0.78674,NaN,NaN,NaN,NaN,NaN,NaN,NaN,NaN,NaN,NaN,NaN,NaN,NaN,NaN,NaN,NaN,NaN,NaN,NaN,NaN,NaN,
57.157,-0.01976,0.00654,0.12981,0.54973,0.27065,-0.08005,-0.78622,NaN,NaN,NaN,NaN,NaN,NaN,NaN,NaN,NaN,NaN,NaN,NaN,NaN,NaN,NaN,NaN,NaN,NaN,NaN,NaN,NaN,
57.182,-0.01974,0.00661,0.12987,0.55050,0.27025,-0.08096,-0.78572,NaN,NaN,NaN,NaN,NaN,NaN,NaN,NaN,NaN,NaN,NaN,NaN,NaN,NaN,NaN,NaN,NaN,NaN,NaN,NaN,NaN,
57.207,-0.01975,0.00672,0.12990,0.55163,0.27003,-0.08286,-0.78481,NaN,NaN,NaN,NaN,NaN,NaN,NaN,NaN,NaN,NaN,NaN,NaN,NaN,NaN,NaN,NaN,NaN,NaN,NaN,NaN,NaN,
57.232,-0.01974,0.00680,0.12984,0.55270,0.26988,-0.08473,-0.78391,NaN,NaN,NaN,NaN,NaN,NaN,NaN,NaN,NaN,NaN,NaN,NaN,NaN,NaN,NaN,NaN,NaN,NaN,NaN,NaN,NaN,
57.257,-0.01967,0.00688,0.12980,0.55452,0.26906,-0.08712,-0.78264,NaN,NaN,NaN,NaN,NaN,NaN,NaN,NaN,NaN,NaN,NaN,NaN,NaN,NaN,NaN,NaN,NaN,NaN,NaN,NaN,NaN,
57.282,-0.01970,0.00697,0.12964,0.55547,0.26955,-0.08973,-0.78150,NaN,NaN,NaN,NaN,NaN,NaN,NaN,NaN,NaN,NaN,NaN,NaN,NaN,NaN,NaN,NaN,NaN,NaN,NaN,NaN,NaN,
57.307,-0.01962,0.00704,0.12967,0.55645,0.26918,-0.09114,-0.78077,NaN,NaN,NaN,NaN,NaN,NaN,NaN,NaN,NaN,NaN,NaN,NaN,NaN,NaN,NaN,NaN,NaN,NaN,NaN,NaN,NaN,
57.332,-0.01979,0.00714,0.12980,0.55379,0.26888,-0.08541,-0.78341,NaN,NaN,NaN,NaN,NaN,NaN,NaN,NaN,NaN,NaN,NaN,NaN,NaN,NaN,NaN,NaN,NaN,NaN,NaN,NaN,NaN,
57.357,-0.01920,0.00692,0.13001,0.55335,0.26467,-0.07840,-0.78588,NaN,NaN,NaN,NaN,NaN,NaN,NaN,NaN,NaN,NaN,NaN,NaN,NaN,NaN,NaN,NaN,NaN,NaN,NaN,NaN,NaN,
57.382,-0.01892,0.00684,0.13018,0.55285,0.26265,-0.07450,-0.78729,NaN,NaN,NaN,NaN,NaN,NaN,NaN,NaN,NaN,NaN,NaN,NaN,NaN,NaN,NaN,NaN,NaN,NaN,NaN,NaN,NaN,
57.407,-0.01885,0.00685,0.13023,0.55243,0.26189,-0.07260,-0.78801,NaN,NaN,NaN,NaN,NaN,NaN,NaN,NaN,NaN,NaN,NaN,NaN,NaN,NaN,NaN,NaN,NaN,NaN,NaN,NaN,NaN,
57.432,-0.01858,0.00687,0.13024,0.55321,0.25960,-0.07083,-0.78839,NaN,NaN,NaN,NaN,NaN,NaN,NaN,NaN,NaN,NaN,NaN,NaN,NaN,NaN,NaN,NaN,NaN,NaN,NaN,NaN,NaN,
57.457,-0.01848,0.00693,0.13032,0.55358,0.25852,-0.07001,-0.78855,NaN,NaN,NaN,NaN,NaN,NaN,NaN,NaN,NaN,NaN,NaN,NaN,NaN,NaN,NaN,NaN,NaN,NaN,NaN,NaN,NaN,
57.482,-0.01848,0.00702,0.13042,0.55383,0.25768,-0.06929,-0.78872,NaN,NaN,NaN,NaN,NaN,NaN,NaN,NaN,NaN,NaN,NaN,NaN,NaN,NaN,NaN,NaN,NaN,NaN,NaN,NaN,NaN,
57.507,-0.01832,0.00704,0.13060,0.55429,0.25612,-0.06795,-0.78902,NaN,NaN,NaN,NaN,NaN,NaN,NaN,NaN,NaN,NaN,NaN,NaN,NaN,NaN,NaN,NaN,NaN,NaN,NaN,NaN,NaN,
57.532,-0.01826,0.00708,0.13065,0.55476,0.25541,-0.06786,-0.78893,NaN,NaN,NaN,NaN,NaN,NaN,NaN,NaN,NaN,NaN,NaN,NaN,NaN,NaN,NaN,NaN,NaN,NaN,NaN,NaN,NaN,
57.557,-0.01826,0.00711,0.13064,0.55487,0.25559,-0.06833,-0.78875,NaN,NaN,NaN,NaN,NaN,NaN,NaN,NaN,NaN,NaN,NaN,NaN,NaN,NaN,NaN,NaN,NaN,NaN,NaN,NaN,NaN,
57.582,-0.01820,0.00712,0.13059,0.55542,0.25554,-0.06932,-0.78829,NaN,NaN,NaN,NaN,NaN,NaN,NaN,NaN,NaN,NaN,NaN,NaN,NaN,NaN,NaN,NaN,NaN,NaN,NaN,NaN,NaN,
57.607,-0.01817,0.00715,0.13055,0.55593,0.25564,-0.07044,-0.78780,NaN,NaN,NaN,NaN,NaN,NaN,NaN,NaN,NaN,NaN,NaN,NaN,NaN,NaN,NaN,NaN,NaN,NaN,NaN,NaN,NaN,
57.632,-0.01820,0.00722,0.13049,0.55632,0.25575,-0.07135,-0.78741,NaN,NaN,NaN,NaN,NaN,NaN,NaN,NaN,NaN,NaN,NaN,NaN,NaN,NaN,NaN,NaN,NaN,NaN,NaN,NaN,NaN,
57.657,-0.01801,0.00740,0.13065,0.55955,0.25458,-0.07597,-0.78506,NaN,NaN,NaN,NaN,NaN,NaN,NaN,NaN,NaN,NaN,NaN,NaN,NaN,NaN,NaN,NaN,NaN,NaN,NaN,NaN,NaN,
57.682,-0.01814,0.00779,0.13063,0.56216,0.25480,-0.08141,-0.78257,NaN,NaN,NaN,NaN,NaN,NaN,NaN,NaN,NaN,NaN,NaN,NaN,NaN,NaN,NaN,NaN,NaN,NaN,NaN,NaN,NaN,
57.707,-0.01828,0.00802,0.13057,0.56196,0.25426,-0.08024,-0.78301,NaN,NaN,NaN,NaN,NaN,NaN,NaN,NaN,NaN,NaN,NaN,NaN,NaN,NaN,NaN,NaN,NaN,NaN,NaN,NaN,NaN,
57.732,-0.01748,0.00779,0.13088,0.56482,0.24748,-0.07613,-0.78354,NaN,NaN,NaN,NaN,NaN,NaN,NaN,NaN,NaN,NaN,NaN,NaN,NaN,NaN,NaN,NaN,NaN,NaN,NaN,NaN,NaN,
57.757,-0.01698,0.00786,0.13084,0.56744,0.24264,-0.07442,-0.78333,NaN,NaN,NaN,NaN,NaN,NaN,NaN,NaN,NaN,NaN,NaN,NaN,NaN,NaN,NaN,NaN,NaN,NaN,NaN,NaN,NaN,
57.782,-0.01686,0.00796,0.13076,0.56943,0.24048,-0.07527,-0.78247,NaN,NaN,NaN,NaN,NaN,NaN,NaN,NaN,NaN,NaN,NaN,NaN,NaN,NaN,NaN,NaN,NaN,NaN,NaN,NaN,NaN,
57.807,-0.01691,0.00809,0.13083,0.57093,0.23930,-0.07656,-0.78161,NaN,NaN,NaN,NaN,NaN,NaN,NaN,NaN,NaN,NaN,NaN,NaN,NaN,NaN,NaN,NaN,NaN,NaN,NaN,NaN,NaN,
57.832,-0.01685,0.00825,0.13049,0.57306,0.23872,-0.07995,-0.77989,NaN,NaN,NaN,NaN,NaN,NaN,NaN,NaN,NaN,NaN,NaN,NaN,NaN,NaN,NaN,NaN,NaN,NaN,NaN,NaN,NaN,
57.857,-0.01672,0.00831,0.13050,0.57578,0.23672,-0.08254,-0.77822,NaN,NaN,NaN,NaN,NaN,NaN,NaN,NaN,NaN,NaN,NaN,NaN,NaN,NaN,NaN,NaN,NaN,NaN,NaN,NaN,NaN,
57.882,-0.01678,0.00858,0.13034,0.57800,0.23535,-0.08504,-0.77672,NaN,NaN,NaN,NaN,NaN,NaN,NaN,NaN,NaN,NaN,NaN,NaN,NaN,NaN,NaN,NaN,NaN,NaN,NaN,NaN,NaN,
57.907,-0.01655,0.00861,0.13046,0.58081,0.23268,-0.08690,-0.77522,NaN,NaN,NaN,NaN,NaN,NaN,NaN,NaN,NaN,NaN,NaN,NaN,NaN,NaN,NaN,NaN,NaN,NaN,NaN,NaN,NaN,
57.932,-0.01650,0.00868,0.13029,0.58264,0.23186,-0.08946,-0.77380,NaN,NaN,NaN,NaN,NaN,NaN,NaN,NaN,NaN,NaN,NaN,NaN,NaN,NaN,NaN,NaN,NaN,NaN,NaN,NaN,NaN,
57.957,-0.01642,0.00865,0.13011,0.58409,0.23090,-0.09104,-0.77281,NaN,NaN,NaN,NaN,NaN,NaN,NaN,NaN,NaN,NaN,NaN,NaN,NaN,NaN,NaN,NaN,NaN,NaN,NaN,NaN,NaN,
57.982,-0.01639,0.00865,0.13005,0.58520,0.23039,-0.09260,-0.77193,NaN,NaN,NaN,NaN,NaN,NaN,NaN,NaN,NaN,NaN,NaN,NaN,NaN,NaN,NaN,NaN,NaN,NaN,NaN,NaN,NaN,
58.007,-0.01645,0.00874,0.12995,0.58583,0.23042,-0.09392,-0.77129,NaN,NaN,NaN,NaN,NaN,NaN,NaN,NaN,NaN,NaN,NaN,NaN,NaN,NaN,NaN,NaN,NaN,NaN,NaN,NaN,NaN,
58.032,-0.01640,0.00874,0.12986,0.58709,0.23012,-0.09609,-0.77015,NaN,NaN,NaN,NaN,NaN,NaN,NaN,NaN,NaN,NaN,NaN,NaN,NaN,NaN,NaN,NaN,NaN,NaN,NaN,NaN,NaN,
58.057,-0.01636,0.00879,0.12965,0.58889,0.22945,-0.09886,-0.76863,NaN,NaN,NaN,NaN,NaN,NaN,NaN,NaN,NaN,NaN,NaN,NaN,NaN,NaN,NaN,NaN,NaN,NaN,NaN,NaN,NaN,
58.082,-0.01637,0.00886,0.12952,0.59021,0.22934,-0.10145,-0.76731,NaN,NaN,NaN,NaN,NaN,NaN,NaN,NaN,NaN,NaN,NaN,NaN,NaN,NaN,NaN,NaN,NaN,NaN,NaN,NaN,NaN,
58.107,-0.01634,0.00893,0.12951,0.59166,0.22863,-0.10346,-0.76614,NaN,NaN,NaN,NaN,NaN,NaN,NaN,NaN,NaN,NaN,NaN,NaN,NaN,NaN,NaN,NaN,NaN,NaN,NaN,NaN,NaN,
58.132,-0.01638,0.00898,0.12947,0.59232,0.22850,-0.10467,-0.76550,NaN,NaN,NaN,NaN,NaN,NaN,NaN,NaN,NaN,NaN,NaN,NaN,NaN,NaN,NaN,NaN,NaN,NaN,NaN,NaN,NaN,
58.157,-0.01636,0.00897,0.12939,0.59283,0.22831,-0.10546,-0.76505,NaN,NaN,NaN,NaN,NaN,NaN,NaN,NaN,NaN,NaN,NaN,NaN,NaN,NaN,NaN,NaN,NaN,NaN,NaN,NaN,NaN,
58.182,-0.01636,0.00894,0.12936,0.59284,0.22839,-0.10559,-0.76501,NaN,NaN,NaN,NaN,NaN,NaN,NaN,NaN,NaN,NaN,NaN,NaN,NaN,NaN,NaN,NaN,NaN,NaN,NaN,NaN,NaN,
58.207,-0.01633,0.00894,0.12938,0.59306,0.22821,-0.10580,-0.76486,NaN,NaN,NaN,NaN,NaN,NaN,NaN,NaN,NaN,NaN,NaN,NaN,NaN,NaN,NaN,NaN,NaN,NaN,NaN,NaN,NaN,
58.232,-0.01634,0.00898,0.12947,0.59315,0.22813,-0.10588,-0.76480,NaN,NaN,NaN,NaN,NaN,NaN,NaN,NaN,NaN,NaN,NaN,NaN,NaN,NaN,NaN,NaN,NaN,NaN,NaN,NaN,NaN,
58.257,-0.01636,0.00903,0.12941,0.59345,0.22810,-0.10646,-0.76450,NaN,NaN,NaN,NaN,NaN,NaN,NaN,NaN,NaN,NaN,NaN,NaN,NaN,NaN,NaN,NaN,NaN,NaN,NaN,NaN,NaN,
58.282,-0.01633,0.00903,0.12939,0.59394,0.22801,-0.10738,-0.76401,NaN,NaN,NaN,NaN,NaN,NaN,NaN,NaN,NaN,NaN,NaN,NaN,NaN,NaN,NaN,NaN,NaN,NaN,NaN,NaN,NaN,
58.307,-0.01631,0.00905,0.12930,0.59461,0.22799,-0.10877,-0.76330,NaN,NaN,NaN,NaN,NaN,NaN,NaN,NaN,NaN,NaN,NaN,NaN,NaN,NaN,NaN,NaN,NaN,NaN,NaN,NaN,NaN,
58.332,-0.01635,0.00907,0.12936,0.59473,0.22812,-0.10922,-0.76310,NaN,NaN,NaN,NaN,NaN,NaN,NaN,NaN,NaN,NaN,NaN,NaN,NaN,NaN,NaN,NaN,NaN,NaN,NaN,NaN,NaN,
58.357,-0.01636,0.00913,0.12943,0.59533,0.22767,-0.10984,-0.76268,NaN,NaN,NaN,NaN,NaN,NaN,NaN,NaN,NaN,NaN,NaN,NaN,NaN,NaN,NaN,NaN,NaN,NaN,NaN,NaN,NaN,
58.382,-0.01635,0.00918,0.12950,0.59644,0.22738,-0.11177,-0.76162,NaN,NaN,NaN,NaN,NaN,NaN,NaN,NaN,NaN,NaN,NaN,NaN,NaN,NaN,NaN,NaN,NaN,NaN,NaN,NaN,NaN,
58.407,-0.01611,0.00932,0.12953,0.60153,0.22472,-0.11883,-0.75732,NaN,NaN,NaN,NaN,NaN,NaN,NaN,NaN,NaN,NaN,NaN,NaN,NaN,NaN,NaN,NaN,NaN,NaN,NaN,NaN,NaN,
58.432,-0.01637,0.00969,0.12939,0.60567,0.22536,-0.12893,-0.75217,NaN,NaN,NaN,NaN,NaN,NaN,NaN,NaN,NaN,NaN,NaN,NaN,NaN,NaN,NaN,NaN,NaN,NaN,NaN,NaN,NaN,
58.457,-0.01633,0.00991,0.12952,0.61011,0.22387,-0.13666,-0.74764,NaN,NaN,NaN,NaN,NaN,NaN,NaN,NaN,NaN,NaN,NaN,NaN,NaN,NaN,NaN,NaN,NaN,NaN,NaN,NaN,NaN,
58.482,-0.01635,0.01010,0.12963,0.61310,0.22262,-0.14158,-0.74465,NaN,NaN,NaN,NaN,NaN,NaN,NaN,NaN,NaN,NaN,NaN,NaN,NaN,NaN,NaN,NaN,NaN,NaN,NaN,NaN,NaN,
58.507,-0.01639,0.01027,0.12974,0.61516,0.22184,-0.14510,-0.74251,NaN,NaN,NaN,NaN,NaN,NaN,NaN,NaN,NaN,NaN,NaN,NaN,NaN,NaN,NaN,NaN,NaN,NaN,NaN,NaN,NaN,
58.532,-0.01650,0.01038,0.12982,0.61652,0.22201,-0.14856,-0.74064,NaN,NaN,NaN,NaN,NaN,NaN,NaN,NaN,NaN,NaN,NaN,NaN,NaN,NaN,NaN,NaN,NaN,NaN,NaN,NaN,NaN,
58.557,-0.01659,0.01046,0.12984,0.61758,0.22219,-0.15135,-0.73913,NaN,NaN,NaN,NaN,NaN,NaN,NaN,NaN,NaN,NaN,NaN,NaN,NaN,NaN,NaN,NaN,NaN,NaN,NaN,NaN,NaN,
58.582,-0.01664,0.01053,0.12987,0.61840,0.22218,-0.15327,-0.73806,NaN,NaN,NaN,NaN,NaN,NaN,NaN,NaN,NaN,NaN,NaN,NaN,NaN,NaN,NaN,NaN,NaN,NaN,NaN,NaN,NaN,
58.607,-0.01654,0.01058,0.12997,0.62053,0.22093,-0.15633,-0.73600,NaN,NaN,NaN,NaN,NaN,NaN,NaN,NaN,NaN,NaN,NaN,NaN,NaN,NaN,NaN,NaN,NaN,NaN,NaN,NaN,NaN,
58.632,-0.01667,0.01073,0.13004,0.62203,0.22076,-0.15968,-0.73406,NaN,NaN,NaN,NaN,NaN,NaN,NaN,NaN,NaN,NaN,NaN,NaN,NaN,NaN,NaN,NaN,NaN,NaN,NaN,NaN,NaN,
58.657,-0.01684,0.01088,0.13011,0.62311,0.22139,-0.16332,-0.73215,NaN,NaN,NaN,NaN,NaN,NaN,NaN,NaN,NaN,NaN,NaN,NaN,NaN,NaN,NaN,NaN,NaN,NaN,NaN,NaN,NaN,
58.682,-0.01684,0.01098,0.13022,0.62507,0.22029,-0.16632,-0.73013,NaN,NaN,NaN,NaN,NaN,NaN,NaN,NaN,NaN,NaN,NaN,NaN,NaN,NaN,NaN,NaN,NaN,NaN,NaN,NaN,NaN,
58.707,-0.01687,0.01108,0.13024,0.62677,0.21967,-0.16949,-0.72813,NaN,NaN,NaN,NaN,NaN,NaN,NaN,NaN,NaN,NaN,NaN,NaN,NaN,NaN,NaN,NaN,NaN,NaN,NaN,NaN,NaN,
58.732,-0.01687,0.01113,0.13021,0.62793,0.21919,-0.17159,-0.72678,NaN,NaN,NaN,NaN,NaN,NaN,NaN,NaN,NaN,NaN,NaN,NaN,NaN,NaN,NaN,NaN,NaN,NaN,NaN,NaN,NaN,
58.757,-0.01685,0.01118,0.13014,0.62867,0.21894,-0.17303,-0.72588,NaN,NaN,NaN,NaN,NaN,NaN,NaN,NaN,NaN,NaN,NaN,NaN,NaN,NaN,NaN,NaN,NaN,NaN,NaN,NaN,NaN,
58.782,-0.01689,0.01122,0.13018,0.62897,0.21875,-0.17346,-0.72557,NaN,NaN,NaN,NaN,NaN,NaN,NaN,NaN,NaN,NaN,NaN,NaN,NaN,NaN,NaN,NaN,NaN,NaN,NaN,NaN,NaN,
58.807,-0.01691,0.01125,0.13029,0.62914,0.21852,-0.17350,-0.72548,NaN,NaN,NaN,NaN,NaN,NaN,NaN,NaN,NaN,NaN,NaN,NaN,NaN,NaN,NaN,NaN,NaN,NaN,NaN,NaN,NaN,
58.832,-0.01689,0.01126,0.13034,0.62942,0.21826,-0.17376,-0.72526,NaN,NaN,NaN,NaN,NaN,NaN,NaN,NaN,NaN,NaN,NaN,NaN,NaN,NaN,NaN,NaN,NaN,NaN,NaN,NaN,NaN,
58.857,-0.01689,0.01128,0.13023,0.62993,0.21812,-0.17482,-0.72460,NaN,NaN,NaN,NaN,NaN,NaN,NaN,NaN,NaN,NaN,NaN,NaN,NaN,NaN,NaN,NaN,NaN,NaN,NaN,NaN,NaN,
58.882,-0.01687,0.01129,0.13018,0.63049,0.21787,-0.17580,-0.72396,NaN,NaN,NaN,NaN,NaN,NaN,NaN,NaN,NaN,NaN,NaN,NaN,NaN,NaN,NaN,NaN,NaN,NaN,NaN,NaN,NaN,
58.907,-0.01687,0.01136,0.13019,0.63145,0.21712,-0.17699,-0.72305,NaN,NaN,NaN,NaN,NaN,NaN,NaN,NaN,NaN,NaN,NaN,NaN,NaN,NaN,NaN,NaN,NaN,NaN,NaN,NaN,NaN,
58.932,-0.01691,0.01148,0.13021,0.63249,0.21664,-0.17881,-0.72184,NaN,NaN,NaN,NaN,NaN,NaN,NaN,NaN,NaN,NaN,NaN,NaN,NaN,NaN,NaN,NaN,NaN,NaN,NaN,NaN,NaN,
58.957,-0.01690,0.01154,0.13023,0.63344,0.21596,-0.18009,-0.72089,NaN,NaN,NaN,NaN,NaN,NaN,NaN,NaN,NaN,NaN,NaN,NaN,NaN,NaN,NaN,NaN,NaN,NaN,NaN,NaN,NaN,
58.982,-0.01689,0.01157,0.13021,0.63442,0.21536,-0.18160,-0.71983,NaN,NaN,NaN,NaN,NaN,NaN,NaN,NaN,NaN,NaN,NaN,NaN,NaN,NaN,NaN,NaN,NaN,NaN,NaN,NaN,NaN,
59.007,-0.01684,0.01163,0.13012,0.63590,0.21429,-0.18360,-0.71834,NaN,NaN,NaN,NaN,NaN,NaN,NaN,NaN,NaN,NaN,NaN,NaN,NaN,NaN,NaN,NaN,NaN,NaN,NaN,NaN,NaN,
59.032,-0.01681,0.01171,0.13008,0.63748,0.21320,-0.18584,-0.71668,NaN,NaN,NaN,NaN,NaN,NaN,NaN,NaN,NaN,NaN,NaN,NaN,NaN,NaN,NaN,NaN,NaN,NaN,NaN,NaN,NaN,
59.057,-0.01680,0.01182,0.13007,0.63937,0.21195,-0.18864,-0.71464,NaN,NaN,NaN,NaN,NaN,NaN,NaN,NaN,NaN,NaN,NaN,NaN,NaN,NaN,NaN,NaN,NaN,NaN,NaN,NaN,NaN,
59.082,-0.01676,0.01199,0.13006,0.64214,0.21001,-0.19264,-0.71165,NaN,NaN,NaN,NaN,NaN,NaN,NaN,NaN,NaN,NaN,NaN,NaN,NaN,NaN,NaN,NaN,NaN,NaN,NaN,NaN,NaN,
59.107,-0.01686,0.01219,0.13008,0.64425,0.20876,-0.19612,-0.70915,NaN,NaN,NaN,NaN,NaN,NaN,NaN,NaN,NaN,NaN,NaN,NaN,NaN,NaN,NaN,NaN,NaN,NaN,NaN,NaN,NaN,
59.132,-0.01686,0.01240,0.13007,0.64746,0.20633,-0.20058,-0.70568,NaN,NaN,NaN,NaN,NaN,NaN,NaN,NaN,NaN,NaN,NaN,NaN,NaN,NaN,NaN,NaN,NaN,NaN,NaN,NaN,NaN,
59.157,-0.01684,0.01258,0.12988,0.65056,0.20426,-0.20545,-0.70203,NaN,NaN,NaN,NaN,NaN,NaN,NaN,NaN,NaN,NaN,NaN,NaN,NaN,NaN,NaN,NaN,NaN,NaN,NaN,NaN,NaN,
59.182,-0.01674,0.01257,0.12975,0.65189,0.20305,-0.20703,-0.70067,NaN,NaN,NaN,NaN,NaN,NaN,NaN,NaN,NaN,NaN,NaN,NaN,NaN,NaN,NaN,NaN,NaN,NaN,NaN,NaN,NaN,
59.207,-0.01674,0.01258,0.12967,0.65239,0.20275,-0.20788,-0.70004,NaN,NaN,NaN,NaN,NaN,NaN,NaN,NaN,NaN,NaN,NaN,NaN,NaN,NaN,NaN,NaN,NaN,NaN,NaN,NaN,NaN,
59.232,-0.01673,0.01260,0.12968,0.65292,0.20213,-0.20826,-0.69962,NaN,NaN,NaN,NaN,NaN,NaN,NaN,NaN,NaN,NaN,NaN,NaN,NaN,NaN,NaN,NaN,NaN,NaN,NaN,NaN,NaN,
59.257,-0.01673,0.01263,0.12972,0.65363,0.20142,-0.20898,-0.69895,NaN,NaN,NaN,NaN,NaN,NaN,NaN,NaN,NaN,NaN,NaN,NaN,NaN,NaN,NaN,NaN,NaN,NaN,NaN,NaN,NaN,
59.282,-0.01673,0.01269,0.12974,0.65466,0.20052,-0.21028,-0.69785,NaN,NaN,NaN,NaN,NaN,NaN,NaN,NaN,NaN,NaN,NaN,NaN,NaN,NaN,NaN,NaN,NaN,NaN,NaN,NaN,NaN,
59.307,-0.01669,0.01280,0.12961,0.65687,0.19886,-0.21359,-0.69523,NaN,NaN,NaN,NaN,NaN,NaN,NaN,NaN,NaN,NaN,NaN,NaN,NaN,NaN,NaN,NaN,NaN,NaN,NaN,NaN,NaN,
59.332,-0.01662,0.01293,0.12951,0.65937,0.19670,-0.21684,-0.69248,NaN,NaN,NaN,NaN,NaN,NaN,NaN,NaN,NaN,NaN,NaN,NaN,NaN,NaN,NaN,NaN,NaN,NaN,NaN,NaN,NaN,
59.357,-0.01644,0.01302,0.12956,0.66173,0.19389,-0.21861,-0.69045,NaN,NaN,NaN,NaN,NaN,NaN,NaN,NaN,NaN,NaN,NaN,NaN,NaN,NaN,NaN,NaN,NaN,NaN,NaN,NaN,NaN,
59.382,-0.01641,0.01315,0.12962,0.66359,0.19197,-0.22055,-0.68859,NaN,NaN,NaN,NaN,NaN,NaN,NaN,NaN,NaN,NaN,NaN,NaN,NaN,NaN,NaN,NaN,NaN,NaN,NaN,NaN,NaN,
59.407,-0.01637,0.01326,0.12964,0.66524,0.19033,-0.22240,-0.68686,NaN,NaN,NaN,NaN,NaN,NaN,NaN,NaN,NaN,NaN,NaN,NaN,NaN,NaN,NaN,NaN,NaN,NaN,NaN,NaN,NaN,
59.432,-0.01627,0.01327,0.12965,0.66639,0.18899,-0.22338,-0.68579,NaN,NaN,NaN,NaN,NaN,NaN,NaN,NaN,NaN,NaN,NaN,NaN,NaN,NaN,NaN,NaN,NaN,NaN,NaN,NaN,NaN,
59.457,-0.01620,0.01333,0.12960,0.66796,0.18756,-0.22542,-0.68398,NaN,NaN,NaN,NaN,NaN,NaN,NaN,NaN,NaN,NaN,NaN,NaN,NaN,NaN,NaN,NaN,NaN,NaN,NaN,NaN,NaN,
59.482,-0.01611,0.01341,0.12957,0.67005,0.18530,-0.22755,-0.68185,NaN,NaN,NaN,NaN,NaN,NaN,NaN,NaN,NaN,NaN,NaN,NaN,NaN,NaN,NaN,NaN,NaN,NaN,NaN,NaN,NaN,
59.507,-0.01601,0.01352,0.12965,0.67203,0.18289,-0.22906,-0.68005,NaN,NaN,NaN,NaN,NaN,NaN,NaN,NaN,NaN,NaN,NaN,NaN,NaN,NaN,NaN,NaN,NaN,NaN,NaN,NaN,NaN,
59.532,-0.01594,0.01364,0.12969,0.67425,0.18059,-0.23159,-0.67760,NaN,NaN,NaN,NaN,NaN,NaN,NaN,NaN,NaN,NaN,NaN,NaN,NaN,NaN,NaN,NaN,NaN,NaN,NaN,NaN,NaN,
59.557,-0.01583,0.01375,0.12964,0.67654,0.17793,-0.23370,-0.67529,NaN,NaN,NaN,NaN,NaN,NaN,NaN,NaN,NaN,NaN,NaN,NaN,NaN,NaN,NaN,NaN,NaN,NaN,NaN,NaN,NaN,
59.582,-0.01561,0.01383,0.12960,0.67918,0.17487,-0.23619,-0.67257,NaN,NaN,NaN,NaN,NaN,NaN,NaN,NaN,NaN,NaN,NaN,NaN,NaN,NaN,NaN,NaN,NaN,NaN,NaN,NaN,NaN,
59.607,-0.01546,0.01395,0.12959,0.68134,0.17244,-0.23845,-0.67021,NaN,NaN,NaN,NaN,NaN,NaN,NaN,NaN,NaN,NaN,NaN,NaN,NaN,NaN,NaN,NaN,NaN,NaN,NaN,NaN,NaN,
59.632,-0.01542,0.01386,0.12983,0.67830,0.17444,-0.23266,-0.67479,NaN,NaN,NaN,NaN,NaN,NaN,NaN,NaN,NaN,NaN,NaN,NaN,NaN,NaN,NaN,NaN,NaN,NaN,NaN,NaN,NaN,
59.657,-0.01522,0.01363,0.13010,0.67332,0.17799,-0.22397,-0.68176,NaN,NaN,NaN,NaN,NaN,NaN,NaN,NaN,NaN,NaN,NaN,NaN,NaN,NaN,NaN,NaN,NaN,NaN,NaN,NaN,NaN,
59.682,-0.01499,0.01351,0.13022,0.67144,0.17918,-0.22051,-0.68443,NaN,NaN,NaN,NaN,NaN,NaN,NaN,NaN,NaN,NaN,NaN,NaN,NaN,NaN,NaN,NaN,NaN,NaN,NaN,NaN,NaN,
59.707,-0.01474,0.01346,0.13030,0.67122,0.17840,-0.21844,-0.68551,NaN,NaN,NaN,NaN,NaN,NaN,NaN,NaN,NaN,NaN,NaN,NaN,NaN,NaN,NaN,NaN,NaN,NaN,NaN,NaN,NaN,
59.732,-0.01460,0.01355,0.13038,0.67224,0.17693,-0.21882,-0.68477,NaN,NaN,NaN,NaN,NaN,NaN,NaN,NaN,NaN,NaN,NaN,NaN,NaN,NaN,NaN,NaN,NaN,NaN,NaN,NaN,NaN,
59.757,-0.01450,0.01367,0.13051,0.67197,0.17678,-0.21777,-0.68541,NaN,NaN,NaN,NaN,NaN,NaN,NaN,NaN,NaN,NaN,NaN,NaN,NaN,NaN,NaN,NaN,NaN,NaN,NaN,NaN,NaN,
59.782,-0.01395,0.01349,0.13084,0.66975,0.17581,-0.20960,-0.69036,NaN,NaN,NaN,NaN,NaN,NaN,NaN,NaN,NaN,NaN,NaN,NaN,NaN,NaN,NaN,NaN,NaN,NaN,NaN,NaN,NaN,
59.807,-0.01378,0.01348,0.13078,0.66928,0.17601,-0.20858,-0.69107,NaN,NaN,NaN,NaN,NaN,NaN,NaN,NaN,NaN,NaN,NaN,NaN,NaN,NaN,NaN,NaN,NaN,NaN,NaN,NaN,NaN,
59.832,-0.01378,0.01346,0.13074,0.66967,0.17571,-0.20919,-0.69058,NaN,NaN,NaN,NaN,NaN,NaN,NaN,NaN,NaN,NaN,NaN,NaN,NaN,NaN,NaN,NaN,NaN,NaN,NaN,NaN,NaN,
59.857,-0.01379,0.01347,0.13078,0.66980,0.17558,-0.20932,-0.69046,NaN,NaN,NaN,NaN,NaN,NaN,NaN,NaN,NaN,NaN,NaN,NaN,NaN,NaN,NaN,NaN,NaN,NaN,NaN,NaN,NaN,
59.882,-0.01381,0.01347,0.13088,0.66979,0.17550,-0.20917,-0.69053,NaN,NaN,NaN,NaN,NaN,NaN,NaN,NaN,NaN,NaN,NaN,NaN,NaN,NaN,NaN,NaN,NaN,NaN,NaN,NaN,NaN,
59.907,-0.01379,0.01347,0.13088,0.66998,0.17533,-0.20941,-0.69031,NaN,NaN,NaN,NaN,NaN,NaN,NaN,NaN,NaN,NaN,NaN,NaN,NaN,NaN,NaN,NaN,NaN,NaN,NaN,NaN,NaN,
59.932,-0.01374,0.01350,0.13074,0.67060,0.17493,-0.21048,-0.68949,NaN,NaN,NaN,NaN,NaN,NaN,NaN,NaN,NaN,NaN,NaN,NaN,NaN,NaN,NaN,NaN,NaN,NaN,NaN,NaN,NaN,
59.957,-0.01374,0.01350,0.13075,0.67080,0.17474,-0.21075,-0.68926,NaN,NaN,NaN,NaN,NaN,NaN,NaN,NaN,NaN,NaN,NaN,NaN,NaN,NaN,NaN,NaN,NaN,NaN,NaN,NaN,NaN,
59.982,-0.01374,0.01358,0.13075,0.67140,0.17421,-0.21154,-0.68857,NaN,NaN,NaN,NaN,NaN,NaN,NaN,NaN,NaN,NaN,NaN,NaN,NaN,NaN,NaN,NaN,NaN,NaN,NaN,NaN,NaN,
60.007,-0.01379,0.01362,0.13081,0.67188,0.17365,-0.21198,-0.68810,NaN,NaN,NaN,NaN,NaN,NaN,NaN,NaN,NaN,NaN,NaN,NaN,NaN,NaN,NaN,NaN,NaN,NaN,NaN,NaN,NaN,
60.032,-0.01376,0.01379,0.13070,0.67477,0.17113,-0.21598,-0.68466,NaN,NaN,NaN,NaN,NaN,NaN,NaN,NaN,NaN,NaN,NaN,NaN,NaN,NaN,NaN,NaN,NaN,NaN,NaN,NaN,NaN,
60.057,-0.01333,0.01384,0.13073,0.67831,0.16588,-0.21716,-0.68207,NaN,NaN,NaN,NaN,NaN,NaN,NaN,NaN,NaN,NaN,NaN,NaN,NaN,NaN,NaN,NaN,NaN,NaN,NaN,NaN,NaN,
60.082,-0.01305,0.01386,0.13064,0.68001,0.16305,-0.21721,-0.68105,NaN,NaN,NaN,NaN,NaN,NaN,NaN,NaN,NaN,NaN,NaN,NaN,NaN,NaN,NaN,NaN,NaN,NaN,NaN,NaN,NaN,
60.107,-0.01307,0.01388,0.13050,0.68014,0.16304,-0.21759,-0.68079,NaN,NaN,NaN,NaN,NaN,NaN,NaN,NaN,NaN,NaN,NaN,NaN,NaN,NaN,NaN,NaN,NaN,NaN,NaN,NaN,NaN,
60.132,-0.01305,0.01390,0.13043,0.68109,0.16210,-0.21877,-0.67969,NaN,NaN,NaN,NaN,NaN,NaN,NaN,NaN,NaN,NaN,NaN,NaN,NaN,NaN,NaN,NaN,NaN,NaN,NaN,NaN,NaN,
60.157,-0.01302,0.01392,0.13035,0.68205,0.16098,-0.21968,-0.67870,NaN,NaN,NaN,NaN,NaN,NaN,NaN,NaN,NaN,NaN,NaN,NaN,NaN,NaN,NaN,NaN,NaN,NaN,NaN,NaN,NaN,
60.182,-0.01299,0.01395,0.13024,0.68344,0.15938,-0.22104,-0.67723,NaN,NaN,NaN,NaN,NaN,NaN,NaN,NaN,NaN,NaN,NaN,NaN,NaN,NaN,NaN,NaN,NaN,NaN,NaN,NaN,NaN,
60.207,-0.01303,0.01401,0.13007,0.68473,0.15829,-0.22299,-0.67555,NaN,NaN,NaN,NaN,NaN,NaN,NaN,NaN,NaN,NaN,NaN,NaN,NaN,NaN,NaN,NaN,NaN,NaN,NaN,NaN,NaN,
60.232,-0.01297,0.01406,0.12990,0.68585,0.15690,-0.22394,-0.67442,NaN,NaN,NaN,NaN,NaN,NaN,NaN,NaN,NaN,NaN,NaN,NaN,NaN,NaN,NaN,NaN,NaN,NaN,NaN,NaN,NaN,
60.257,-0.01273,0.01394,0.12987,0.68634,0.15538,-0.22273,-0.67467,NaN,NaN,NaN,NaN,NaN,NaN,NaN,NaN,NaN,NaN,NaN,NaN,NaN,NaN,NaN,NaN,NaN,NaN,NaN,NaN,NaN,
60.282,-0.01275,0.01386,0.12962,0.68592,0.15586,-0.22230,-0.67514,NaN,NaN,NaN,NaN,NaN,NaN,NaN,NaN,NaN,NaN,NaN,NaN,NaN,NaN,NaN,NaN,NaN,NaN,NaN,NaN,NaN,
60.307,-0.01270,0.01376,0.12933,0.68567,0.15636,-0.22241,-0.67524,NaN,NaN,NaN,NaN,NaN,NaN,NaN,NaN,NaN,NaN,NaN,NaN,NaN,NaN,NaN,NaN,NaN,NaN,NaN,NaN,NaN,
60.332,-0.01267,0.01366,0.12917,0.68507,0.15679,-0.22137,-0.67608,NaN,NaN,NaN,NaN,NaN,NaN,NaN,NaN,NaN,NaN,NaN,NaN,NaN,NaN,NaN,NaN,NaN,NaN,NaN,NaN,NaN,
60.357,-0.01271,0.01370,0.12901,0.68530,0.15725,-0.22288,-0.67525,NaN,NaN,NaN,NaN,NaN,NaN,NaN,NaN,NaN,NaN,NaN,NaN,NaN,NaN,NaN,NaN,NaN,NaN,NaN,NaN,NaN,
60.382,-0.01264,0.01378,0.12912,0.68728,0.15526,-0.22540,-0.67286,NaN,NaN,NaN,NaN,NaN,NaN,NaN,NaN,NaN,NaN,NaN,NaN,NaN,NaN,NaN,NaN,NaN,NaN,NaN,NaN,NaN,
60.407,-0.01278,0.01398,0.12907,0.68899,0.15424,-0.22888,-0.67016,NaN,NaN,NaN,NaN,NaN,NaN,NaN,NaN,NaN,NaN,NaN,NaN,NaN,NaN,NaN,NaN,NaN,NaN,NaN,NaN,NaN,
60.432,-0.01272,0.01391,0.12927,0.68900,0.15384,-0.22818,-0.67048,NaN,NaN,NaN,NaN,NaN,NaN,NaN,NaN,NaN,NaN,NaN,NaN,NaN,NaN,NaN,NaN,NaN,NaN,NaN,NaN,NaN,
60.457,-0.01273,0.01406,0.12914,0.69052,0.15303,-0.23147,-0.66797,NaN,NaN,NaN,NaN,NaN,NaN,NaN,NaN,NaN,NaN,NaN,NaN,NaN,NaN,NaN,NaN,NaN,NaN,NaN,NaN,NaN,
60.482,-0.01272,0.01415,0.12911,0.69208,0.15179,-0.23417,-0.66569,NaN,NaN,NaN,NaN,NaN,NaN,NaN,NaN,NaN,NaN,NaN,NaN,NaN,NaN,NaN,NaN,NaN,NaN,NaN,NaN,NaN,
60.507,-0.01278,0.01416,0.12942,0.69113,0.15276,-0.23293,-0.66689,NaN,NaN,NaN,NaN,NaN,NaN,NaN,NaN,NaN,NaN,NaN,NaN,NaN,NaN,NaN,NaN,NaN,NaN,NaN,NaN,NaN,
60.532,-0.01290,0.01415,0.12960,0.68971,0.15490,-0.23233,-0.66808,NaN,NaN,NaN,NaN,NaN,NaN,NaN,NaN,NaN,NaN,NaN,NaN,NaN,NaN,NaN,NaN,NaN,NaN,NaN,NaN,NaN,
60.557,-0.01323,0.01419,0.12959,0.68963,0.15722,-0.23636,-0.66620,NaN,NaN,NaN,NaN,NaN,NaN,NaN,NaN,NaN,NaN,NaN,NaN,NaN,NaN,NaN,NaN,NaN,NaN,NaN,NaN,NaN,
60.582,-0.01360,0.01422,0.12954,0.68871,0.16026,-0.23905,-0.66547,NaN,NaN,NaN,NaN,NaN,NaN,NaN,NaN,NaN,NaN,NaN,NaN,NaN,NaN,NaN,NaN,NaN,NaN,NaN,NaN,NaN,
60.607,-0.01361,0.01409,0.12965,0.68694,0.16282,-0.23821,-0.66697,NaN,NaN,NaN,NaN,NaN,NaN,NaN,NaN,NaN,NaN,NaN,NaN,NaN,NaN,NaN,NaN,NaN,NaN,NaN,NaN,NaN,
60.632,-0.01387,0.01420,0.12965,0.68660,0.16479,-0.24082,-0.66590,NaN,NaN,NaN,NaN,NaN,NaN,NaN,NaN,NaN,NaN,NaN,NaN,NaN,NaN,NaN,NaN,NaN,NaN,NaN,NaN,NaN,
60.657,-0.01420,0.01415,0.12997,0.68512,0.16750,-0.24117,-0.66663,NaN,NaN,NaN,NaN,NaN,NaN,NaN,NaN,NaN,NaN,NaN,NaN,NaN,NaN,NaN,NaN,NaN,NaN,NaN,NaN,NaN,
60.682,-0.01452,0.01431,0.13005,0.68523,0.16915,-0.24469,-0.66481,NaN,NaN,NaN,NaN,NaN,NaN,NaN,NaN,NaN,NaN,NaN,NaN,NaN,NaN,NaN,NaN,NaN,NaN,NaN,NaN,NaN,
60.707,-0.01472,0.01430,0.13019,0.68401,0.17172,-0.24567,-0.66504,NaN,NaN,NaN,NaN,NaN,NaN,NaN,NaN,NaN,NaN,NaN,NaN,NaN,NaN,NaN,NaN,NaN,NaN,NaN,NaN,NaN,
60.732,-0.01492,0.01412,0.13040,0.68120,0.17573,-0.24426,-0.66741,NaN,NaN,NaN,NaN,NaN,NaN,NaN,NaN,NaN,NaN,NaN,NaN,NaN,NaN,NaN,NaN,NaN,NaN,NaN,NaN,NaN,
60.757,-0.01526,0.01425,0.13013,0.68045,0.17895,-0.24808,-0.66590,NaN,NaN,NaN,NaN,NaN,NaN,NaN,NaN,NaN,NaN,NaN,NaN,NaN,NaN,NaN,NaN,NaN,NaN,NaN,NaN,NaN,
60.782,-0.01529,0.01422,0.13029,0.67977,0.18017,-0.24826,-0.66620,NaN,NaN,NaN,NaN,NaN,NaN,NaN,NaN,NaN,NaN,NaN,NaN,NaN,NaN,NaN,NaN,NaN,NaN,NaN,NaN,NaN,
60.807,-0.01551,0.01407,0.13047,0.67783,0.18348,-0.24845,-0.66720,NaN,NaN,NaN,NaN,NaN,NaN,NaN,NaN,NaN,NaN,NaN,NaN,NaN,NaN,NaN,NaN,NaN,NaN,NaN,NaN,NaN,
60.832,-0.01584,0.01405,0.13048,0.67604,0.18687,-0.24931,-0.66775,NaN,NaN,NaN,NaN,NaN,NaN,NaN,NaN,NaN,NaN,NaN,NaN,NaN,NaN,NaN,NaN,NaN,NaN,NaN,NaN,NaN,
60.857,-0.01609,0.01413,0.13055,0.67458,0.18944,-0.24964,-0.66839,NaN,NaN,NaN,NaN,NaN,NaN,NaN,NaN,NaN,NaN,NaN,NaN,NaN,NaN,NaN,NaN,NaN,NaN,NaN,NaN,NaN,
60.882,-0.01623,0.01399,0.13074,0.67206,0.19275,-0.24804,-0.67056,NaN,NaN,NaN,NaN,NaN,NaN,NaN,NaN,NaN,NaN,NaN,NaN,NaN,NaN,NaN,NaN,NaN,NaN,NaN,NaN,NaN,
60.907,-0.01633,0.01385,0.13064,0.66989,0.19615,-0.24781,-0.67183,NaN,NaN,NaN,NaN,NaN,NaN,NaN,NaN,NaN,NaN,NaN,NaN,NaN,NaN,NaN,NaN,NaN,NaN,NaN,NaN,NaN,
60.932,-0.01655,0.01383,0.13056,0.66748,0.19972,-0.24717,-0.67341,NaN,NaN,NaN,NaN,NaN,NaN,NaN,NaN,NaN,NaN,NaN,NaN,NaN,NaN,NaN,NaN,NaN,NaN,NaN,NaN,NaN,
60.957,-0.01652,0.01354,0.13079,0.66382,0.20342,-0.24290,-0.67747,NaN,NaN,NaN,NaN,NaN,NaN,NaN,NaN,NaN,NaN,NaN,NaN,NaN,NaN,NaN,NaN,NaN,NaN,NaN,NaN,NaN,
60.982,-0.01660,0.01332,0.13078,0.65965,0.20828,-0.23946,-0.68128,NaN,NaN,NaN,NaN,NaN,NaN,NaN,NaN,NaN,NaN,NaN,NaN,NaN,NaN,NaN,NaN,NaN,NaN,NaN,NaN,NaN,
61.007,-0.01679,0.01331,0.13067,0.65733,0.21171,-0.23901,-0.68262,NaN,NaN,NaN,NaN,NaN,NaN,NaN,NaN,NaN,NaN,NaN,NaN,NaN,NaN,NaN,NaN,NaN,NaN,NaN,NaN,NaN,
61.032,-0.01695,0.01320,0.13075,0.65463,0.21473,-0.23668,-0.68507,NaN,NaN,NaN,NaN,NaN,NaN,NaN,NaN,NaN,NaN,NaN,NaN,NaN,NaN,NaN,NaN,NaN,NaN,NaN,NaN,NaN,
61.057,-0.01713,0.01317,0.13070,0.65257,0.21763,-0.23607,-0.68634,NaN,NaN,NaN,NaN,NaN,NaN,NaN,NaN,NaN,NaN,NaN,NaN,NaN,NaN,NaN,NaN,NaN,NaN,NaN,NaN,NaN,
61.082,-0.01713,0.01305,0.13057,0.65050,0.22013,-0.23469,-0.68798,NaN,NaN,NaN,NaN,NaN,NaN,NaN,NaN,NaN,NaN,NaN,NaN,NaN,NaN,NaN,NaN,NaN,NaN,NaN,NaN,NaN,
61.107,-0.01705,0.01262,0.13074,0.64546,0.22418,-0.22757,-0.69378,NaN,NaN,NaN,NaN,NaN,NaN,NaN,NaN,NaN,NaN,NaN,NaN,NaN,NaN,NaN,NaN,NaN,NaN,NaN,NaN,NaN,
61.132,-0.01706,0.01257,0.13048,0.64401,0.22639,-0.22755,-0.69442,NaN,NaN,NaN,NaN,NaN,NaN,NaN,NaN,NaN,NaN,NaN,NaN,NaN,NaN,NaN,NaN,NaN,NaN,NaN,NaN,NaN,
61.157,-0.01701,0.01252,0.13039,0.64337,0.22700,-0.22688,-0.69503,NaN,NaN,NaN,NaN,NaN,NaN,NaN,NaN,NaN,NaN,NaN,NaN,NaN,NaN,NaN,NaN,NaN,NaN,NaN,NaN,NaN,
61.182,-0.01699,0.01237,0.13046,0.64180,0.22829,-0.22477,-0.69675,NaN,NaN,NaN,NaN,NaN,NaN,NaN,NaN,NaN,NaN,NaN,NaN,NaN,NaN,NaN,NaN,NaN,NaN,NaN,NaN,NaN,
61.207,-0.01701,0.01233,0.13038,0.64085,0.22946,-0.22426,-0.69740,NaN,NaN,NaN,NaN,NaN,NaN,NaN,NaN,NaN,NaN,NaN,NaN,NaN,NaN,NaN,NaN,NaN,NaN,NaN,NaN,NaN,
61.232,-0.01697,0.01232,0.13006,0.64126,0.22983,-0.22616,-0.69628,NaN,NaN,NaN,NaN,NaN,NaN,NaN,NaN,NaN,NaN,NaN,NaN,NaN,NaN,NaN,NaN,NaN,NaN,NaN,NaN,NaN,
61.257,-0.01690,0.01221,0.12992,0.64169,0.22964,-0.22703,-0.69567,NaN,NaN,NaN,NaN,NaN,NaN,NaN,NaN,NaN,NaN,NaN,NaN,NaN,NaN,NaN,NaN,NaN,NaN,NaN,NaN,NaN,
61.282,-0.01691,0.01220,0.12986,0.64170,0.22974,-0.22727,-0.69555,NaN,NaN,NaN,NaN,NaN,NaN,NaN,NaN,NaN,NaN,NaN,NaN,NaN,NaN,NaN,NaN,NaN,NaN,NaN,NaN,NaN,
61.307,-0.01698,0.01220,0.12980,0.64140,0.23039,-0.22763,-0.69549,NaN,NaN,NaN,NaN,NaN,NaN,NaN,NaN,NaN,NaN,NaN,NaN,NaN,NaN,NaN,NaN,NaN,NaN,NaN,NaN,NaN,
61.332,-0.01695,0.01209,0.12991,0.64090,0.23098,-0.22730,-0.69587,NaN,NaN,NaN,NaN,NaN,NaN,NaN,NaN,NaN,NaN,NaN,NaN,NaN,NaN,NaN,NaN,NaN,NaN,NaN,NaN,NaN,
61.357,-0.01691,0.01201,0.12986,0.63993,0.23193,-0.22631,-0.69677,NaN,NaN,NaN,NaN,NaN,NaN,NaN,NaN,NaN,NaN,NaN,NaN,NaN,NaN,NaN,NaN,NaN,NaN,NaN,NaN,NaN,
61.382,-0.01688,0.01181,0.12973,0.63734,0.23483,-0.22440,-0.69878,NaN,NaN,NaN,NaN,NaN,NaN,NaN,NaN,NaN,NaN,NaN,NaN,NaN,NaN,NaN,NaN,NaN,NaN,NaN,NaN,NaN,
61.407,-0.01693,0.01158,0.12971,0.63181,0.24001,-0.21856,-0.70388,NaN,NaN,NaN,NaN,NaN,NaN,NaN,NaN,NaN,NaN,NaN,NaN,NaN,NaN,NaN,NaN,NaN,NaN,NaN,NaN,NaN,
61.432,-0.01675,0.01129,0.12982,0.62850,0.24261,-0.21425,-0.70726,NaN,NaN,NaN,NaN,NaN,NaN,NaN,NaN,NaN,NaN,NaN,NaN,NaN,NaN,NaN,NaN,NaN,NaN,NaN,NaN,NaN,
61.457,-0.01684,0.01115,0.13004,0.62630,0.24443,-0.21160,-0.70938,NaN,NaN,NaN,NaN,NaN,NaN,NaN,NaN,NaN,NaN,NaN,NaN,NaN,NaN,NaN,NaN,NaN,NaN,NaN,NaN,NaN,
61.482,-0.01677,0.01103,0.13017,0.62511,0.24538,-0.21012,-0.71054,NaN,NaN,NaN,NaN,NaN,NaN,NaN,NaN,NaN,NaN,NaN,NaN,NaN,NaN,NaN,NaN,NaN,NaN,NaN,NaN,NaN,
61.507,-0.01683,0.01093,0.13025,0.62282,0.24777,-0.20833,-0.71225,NaN,NaN,NaN,NaN,NaN,NaN,NaN,NaN,NaN,NaN,NaN,NaN,NaN,NaN,NaN,NaN,NaN,NaN,NaN,NaN,NaN,
61.532,-0.01688,0.01089,0.13028,0.62097,0.24957,-0.20667,-0.71372,NaN,NaN,NaN,NaN,NaN,NaN,NaN,NaN,NaN,NaN,NaN,NaN,NaN,NaN,NaN,NaN,NaN,NaN,NaN,NaN,NaN,
61.557,-0.01679,0.01065,0.13041,0.61891,0.25116,-0.20407,-0.71570,NaN,NaN,NaN,NaN,NaN,NaN,NaN,NaN,NaN,NaN,NaN,NaN,NaN,NaN,NaN,NaN,NaN,NaN,NaN,NaN,NaN,
61.582,-0.01692,0.01060,0.13037,0.61679,0.25348,-0.20270,-0.71710,NaN,NaN,NaN,NaN,NaN,NaN,NaN,NaN,NaN,NaN,NaN,NaN,NaN,NaN,NaN,NaN,NaN,NaN,NaN,NaN,NaN,
61.607,-0.01688,0.01055,0.13040,0.61630,0.25389,-0.20218,-0.71752,NaN,NaN,NaN,NaN,NaN,NaN,NaN,NaN,NaN,NaN,NaN,NaN,NaN,NaN,NaN,NaN,NaN,NaN,NaN,NaN,NaN,
61.632,-0.01689,0.01055,0.13031,0.61612,0.25424,-0.20233,-0.71751,NaN,NaN,NaN,NaN,NaN,NaN,NaN,NaN,NaN,NaN,NaN,NaN,NaN,NaN,NaN,NaN,NaN,NaN,NaN,NaN,NaN,
61.657,-0.01691,0.01058,0.13032,0.61616,0.25426,-0.20248,-0.71743,NaN,NaN,NaN,NaN,NaN,NaN,NaN,NaN,NaN,NaN,NaN,NaN,NaN,NaN,NaN,NaN,NaN,NaN,NaN,NaN,NaN,
61.682,-0.01691,0.01058,0.13034,0.61611,0.25422,-0.20226,-0.71755,NaN,NaN,NaN,NaN,NaN,NaN,NaN,NaN,NaN,NaN,NaN,NaN,NaN,NaN,NaN,NaN,NaN,NaN,NaN,NaN,NaN,
61.707,-0.01694,0.01059,0.13034,0.61583,0.25442,-0.20191,-0.71781,NaN,NaN,NaN,NaN,NaN,NaN,NaN,NaN,NaN,NaN,NaN,NaN,NaN,NaN,NaN,NaN,NaN,NaN,NaN,NaN,NaN,
61.732,-0.01693,0.01055,0.13040,0.61547,0.25455,-0.20119,-0.71828,NaN,NaN,NaN,NaN,NaN,NaN,NaN,NaN,NaN,NaN,NaN,NaN,NaN,NaN,NaN,NaN,NaN,NaN,NaN,NaN,NaN,
61.757,-0.01694,0.01043,0.13046,0.61347,0.25555,-0.19776,-0.72059,NaN,NaN,NaN,NaN,NaN,NaN,NaN,NaN,NaN,NaN,NaN,NaN,NaN,NaN,NaN,NaN,NaN,NaN,NaN,NaN,NaN,
61.782,-0.01698,0.01036,0.13036,0.61133,0.25720,-0.19522,-0.72250,NaN,NaN,NaN,NaN,NaN,NaN,NaN,NaN,NaN,NaN,NaN,NaN,NaN,NaN,NaN,NaN,NaN,NaN,NaN,NaN,NaN,
61.807,-0.01695,0.01025,0.13024,0.61003,0.25842,-0.19406,-0.72348,NaN,NaN,NaN,NaN,NaN,NaN,NaN,NaN,NaN,NaN,NaN,NaN,NaN,NaN,NaN,NaN,NaN,NaN,NaN,NaN,NaN,
61.832,-0.01704,0.01013,0.13014,0.60736,0.26054,-0.19104,-0.72576,NaN,NaN,NaN,NaN,NaN,NaN,NaN,NaN,NaN,NaN,NaN,NaN,NaN,NaN,NaN,NaN,NaN,NaN,NaN,NaN,NaN,
61.857,-0.01714,0.01001,0.13001,0.60409,0.26337,-0.18782,-0.72831,NaN,NaN,NaN,NaN,NaN,NaN,NaN,NaN,NaN,NaN,NaN,NaN,NaN,NaN,NaN,NaN,NaN,NaN,NaN,NaN,NaN,
61.882,-0.01724,0.00980,0.12987,0.60024,0.26636,-0.18351,-0.73149,NaN,NaN,NaN,NaN,NaN,NaN,NaN,NaN,NaN,NaN,NaN,NaN,NaN,NaN,NaN,NaN,NaN,NaN,NaN,NaN,NaN,
61.907,-0.01728,0.00961,0.12975,0.59704,0.26873,-0.17977,-0.73417,NaN,NaN,NaN,NaN,NaN,NaN,NaN,NaN,NaN,NaN,NaN,NaN,NaN,NaN,NaN,NaN,NaN,NaN,NaN,NaN,NaN,
61.932,-0.01734,0.00940,0.12973,0.59382,0.27068,-0.17534,-0.73713,NaN,NaN,NaN,NaN,NaN,NaN,NaN,NaN,NaN,NaN,NaN,NaN,NaN,NaN,NaN,NaN,NaN,NaN,NaN,NaN,NaN,
61.957,-0.01748,0.00931,0.12961,0.59071,0.27342,-0.17260,-0.73926,NaN,NaN,NaN,NaN,NaN,NaN,NaN,NaN,NaN,NaN,NaN,NaN,NaN,NaN,NaN,NaN,NaN,NaN,NaN,NaN,NaN,
61.982,-0.01746,0.00909,0.12963,0.58742,0.27495,-0.16739,-0.74251,NaN,NaN,NaN,NaN,NaN,NaN,NaN,NaN,NaN,NaN,NaN,NaN,NaN,NaN,NaN,NaN,NaN,NaN,NaN,NaN,NaN,
62.007,-0.01751,0.00888,0.12964,0.58434,0.27679,-0.16331,-0.74516,NaN,NaN,NaN,NaN,NaN,NaN,NaN,NaN,NaN,NaN,NaN,NaN,NaN,NaN,NaN,NaN,NaN,NaN,NaN,NaN,NaN,
62.032,-0.01770,0.00889,0.12955,0.58183,0.27920,-0.16158,-0.74660,NaN,NaN,NaN,NaN,NaN,NaN,NaN,NaN,NaN,NaN,NaN,NaN,NaN,NaN,NaN,NaN,NaN,NaN,NaN,NaN,NaN,
62.057,-0.01759,0.00872,0.12954,0.58035,0.27980,-0.15916,-0.74804,NaN,NaN,NaN,NaN,NaN,NaN,NaN,NaN,NaN,NaN,NaN,NaN,NaN,NaN,NaN,NaN,NaN,NaN,NaN,NaN,NaN,
62.082,-0.01763,0.00868,0.12948,0.57946,0.28059,-0.15844,-0.74859,NaN,NaN,NaN,NaN,NaN,NaN,NaN,NaN,NaN,NaN,NaN,NaN,NaN,NaN,NaN,NaN,NaN,NaN,NaN,NaN,NaN,
62.107,-0.01764,0.00868,0.12938,0.57912,0.28080,-0.15800,-0.74887,NaN,NaN,NaN,NaN,NaN,NaN,NaN,NaN,NaN,NaN,NaN,NaN,NaN,NaN,NaN,NaN,NaN,NaN,NaN,NaN,NaN,
62.132,-0.01765,0.00861,0.12940,0.57850,0.28121,-0.15726,-0.74935,NaN,NaN,NaN,NaN,NaN,NaN,NaN,NaN,NaN,NaN,NaN,NaN,NaN,NaN,NaN,NaN,NaN,NaN,NaN,NaN,NaN,
62.157,-0.01769,0.00864,0.12943,0.57841,0.28134,-0.15729,-0.74937,NaN,NaN,NaN,NaN,NaN,NaN,NaN,NaN,NaN,NaN,NaN,NaN,NaN,NaN,NaN,NaN,NaN,NaN,NaN,NaN,NaN,
62.182,-0.01764,0.00861,0.12953,0.57802,0.28138,-0.15646,-0.74983,NaN,NaN,NaN,NaN,NaN,NaN,NaN,NaN,NaN,NaN,NaN,NaN,NaN,NaN,NaN,NaN,NaN,NaN,NaN,NaN,NaN,
62.207,-0.01782,0.00850,0.12958,0.57282,0.28414,-0.14929,-0.75423,NaN,NaN,NaN,NaN,NaN,NaN,NaN,NaN,NaN,NaN,NaN,NaN,NaN,NaN,NaN,NaN,NaN,NaN,NaN,NaN,NaN,
62.232,-0.01764,0.00801,0.12966,0.56580,0.28824,-0.14048,-0.75964,NaN,NaN,NaN,NaN,NaN,NaN,NaN,NaN,NaN,NaN,NaN,NaN,NaN,NaN,NaN,NaN,NaN,NaN,NaN,NaN,NaN,
62.257,-0.01790,0.00765,0.12967,0.55931,0.29191,-0.13239,-0.76448,NaN,NaN,NaN,NaN,NaN,NaN,NaN,NaN,NaN,NaN,NaN,NaN,NaN,NaN,NaN,NaN,NaN,NaN,NaN,NaN,NaN,
62.282,-0.01830,0.00765,0.12955,0.55511,0.29567,-0.12951,-0.76659,NaN,NaN,NaN,NaN,NaN,NaN,NaN,NaN,NaN,NaN,NaN,NaN,NaN,NaN,NaN,NaN,NaN,NaN,NaN,NaN,NaN,
62.307,-0.01829,0.00757,0.12966,0.55383,0.29582,-0.12705,-0.76786,NaN,NaN,NaN,NaN,NaN,NaN,NaN,NaN,NaN,NaN,NaN,NaN,NaN,NaN,NaN,NaN,NaN,NaN,NaN,NaN,NaN,
62.332,-0.01838,0.00754,0.12981,0.55205,0.29644,-0.12427,-0.76936,NaN,NaN,NaN,NaN,NaN,NaN,NaN,NaN,NaN,NaN,NaN,NaN,NaN,NaN,NaN,NaN,NaN,NaN,NaN,NaN,NaN,
62.357,-0.01839,0.00749,0.13000,0.55037,0.29677,-0.12128,-0.77092,NaN,NaN,NaN,NaN,NaN,NaN,NaN,NaN,NaN,NaN,NaN,NaN,NaN,NaN,NaN,NaN,NaN,NaN,NaN,NaN,NaN,
62.382,-0.01844,0.00742,0.13008,0.54871,0.29755,-0.11907,-0.77214,NaN,NaN,NaN,NaN,NaN,NaN,NaN,NaN,NaN,NaN,NaN,NaN,NaN,NaN,NaN,NaN,NaN,NaN,NaN,NaN,NaN,
62.407,-0.01843,0.00732,0.13010,0.54743,0.29803,-0.11718,-0.77315,NaN,NaN,NaN,NaN,NaN,NaN,NaN,NaN,NaN,NaN,NaN,NaN,NaN,NaN,NaN,NaN,NaN,NaN,NaN,NaN,NaN,
62.432,-0.01841,0.00725,0.13015,0.54607,0.29848,-0.11508,-0.77426,NaN,NaN,NaN,NaN,NaN,NaN,NaN,NaN,NaN,NaN,NaN,NaN,NaN,NaN,NaN,NaN,NaN,NaN,NaN,NaN,NaN,
62.457,-0.01846,0.00723,0.13019,0.54460,0.29925,-0.11329,-0.77526,NaN,NaN,NaN,NaN,NaN,NaN,NaN,NaN,NaN,NaN,NaN,NaN,NaN,NaN,NaN,NaN,NaN,NaN,NaN,NaN,NaN,
62.482,-0.01847,0.00723,0.13023,0.54374,0.29950,-0.11192,-0.77596,NaN,NaN,NaN,NaN,NaN,NaN,NaN,NaN,NaN,NaN,NaN,NaN,NaN,NaN,NaN,NaN,NaN,NaN,NaN,NaN,NaN,
62.507,-0.01851,0.00723,0.13029,0.54273,0.29993,-0.11052,-0.77671,NaN,NaN,NaN,NaN,NaN,NaN,NaN,NaN,NaN,NaN,NaN,NaN,NaN,NaN,NaN,NaN,NaN,NaN,NaN,NaN,NaN,
62.532,-0.01852,0.00718,0.13035,0.54198,0.30014,-0.10932,-0.77732,NaN,NaN,NaN,NaN,NaN,NaN,NaN,NaN,NaN,NaN,NaN,NaN,NaN,NaN,NaN,NaN,NaN,NaN,NaN,NaN,NaN,
62.557,-0.01852,0.00719,0.13043,0.54201,0.29996,-0.10910,-0.77740,NaN,NaN,NaN,NaN,NaN,NaN,NaN,NaN,NaN,NaN,NaN,NaN,NaN,NaN,NaN,NaN,NaN,NaN,NaN,NaN,NaN,
62.582,-0.01857,0.00719,0.13049,0.54140,0.30020,-0.10824,-0.77785,NaN,NaN,NaN,NaN,NaN,NaN,NaN,NaN,NaN,NaN,NaN,NaN,NaN,NaN,NaN,NaN,NaN,NaN,NaN,NaN,NaN,
62.611,-0.01861,0.00718,0.13054,0.54062,0.30067,-0.10742,-0.77832,NaN,NaN,NaN,NaN,NaN,NaN,NaN,NaN,NaN,NaN,NaN,NaN,NaN,NaN,NaN,NaN,NaN,NaN,NaN,NaN,NaN,
62.632,-0.01864,0.00718,0.13065,0.54031,0.30063,-0.10672,-0.77865,NaN,NaN,NaN,NaN,NaN,NaN,NaN,NaN,NaN,NaN,NaN,NaN,NaN,NaN,NaN,NaN,NaN,NaN,NaN,NaN,NaN,
62.657,-0.01846,0.00739,0.13095,0.54677,0.29613,-0.11280,-0.77500,NaN,NaN,NaN,NaN,NaN,NaN,NaN,NaN,NaN,NaN,NaN,NaN,NaN,NaN,NaN,NaN,NaN,NaN,NaN,NaN,NaN,
62.682,-0.01904,0.00790,0.13060,0.55249,0.29701,-0.12612,-0.76853,NaN,NaN,NaN,NaN,NaN,NaN,NaN,NaN,NaN,NaN,NaN,NaN,NaN,NaN,NaN,NaN,NaN,NaN,NaN,NaN,NaN,
62.707,-0.01966,0.00824,0.13001,0.55506,0.30061,-0.13751,-0.76330,NaN,NaN,NaN,NaN,NaN,NaN,NaN,NaN,NaN,NaN,NaN,NaN,NaN,NaN,NaN,NaN,NaN,NaN,NaN,NaN,NaN,
62.732,-0.01971,0.00826,0.12993,0.55718,0.30006,-0.14122,-0.76129,NaN,NaN,NaN,NaN,NaN,NaN,NaN,NaN,NaN,NaN,NaN,NaN,NaN,NaN,NaN,NaN,NaN,NaN,NaN,NaN,NaN,
62.757,-0.01973,0.00827,0.12984,0.55849,0.29920,-0.14264,-0.76041,NaN,NaN,NaN,NaN,NaN,NaN,NaN,NaN,NaN,NaN,NaN,NaN,NaN,NaN,NaN,NaN,NaN,NaN,NaN,NaN,NaN,
62.782,-0.01973,0.00832,0.12967,0.55955,0.29879,-0.14429,-0.75948,NaN,NaN,NaN,NaN,NaN,NaN,NaN,NaN,NaN,NaN,NaN,NaN,NaN,NaN,NaN,NaN,NaN,NaN,NaN,NaN,NaN,
62.807,-0.01970,0.00830,0.12966,0.56026,0.29811,-0.14469,-0.75915,NaN,NaN,NaN,NaN,NaN,NaN,NaN,NaN,NaN,NaN,NaN,NaN,NaN,NaN,NaN,NaN,NaN,NaN,NaN,NaN,NaN,
62.832,-0.01971,0.00837,0.12961,0.56105,0.29768,-0.14573,-0.75853,NaN,NaN,NaN,NaN,NaN,NaN,NaN,NaN,NaN,NaN,NaN,NaN,NaN,NaN,NaN,NaN,NaN,NaN,NaN,NaN,NaN,
62.857,-0.01969,0.00835,0.12967,0.56106,0.29734,-0.14518,-0.75876,NaN,NaN,NaN,NaN,NaN,NaN,NaN,NaN,NaN,NaN,NaN,NaN,NaN,NaN,NaN,NaN,NaN,NaN,NaN,NaN,NaN,
62.882,-0.01969,0.00836,0.12967,0.56076,0.29740,-0.14462,-0.75907,NaN,NaN,NaN,NaN,NaN,NaN,NaN,NaN,NaN,NaN,NaN,NaN,NaN,NaN,NaN,NaN,NaN,NaN,NaN,NaN,NaN,
62.907,-0.01971,0.00835,0.12966,0.56021,0.29768,-0.14389,-0.75950,NaN,NaN,NaN,NaN,NaN,NaN,NaN,NaN,NaN,NaN,NaN,NaN,NaN,NaN,NaN,NaN,NaN,NaN,NaN,NaN,NaN,
62.932,-0.01969,0.00828,0.12961,0.55936,0.29820,-0.14286,-0.76012,NaN,NaN,NaN,NaN,NaN,NaN,NaN,NaN,NaN,NaN,NaN,NaN,NaN,NaN,NaN,NaN,NaN,NaN,NaN,NaN,NaN,
62.957,-0.01966,0.00804,0.12959,0.55650,0.29893,-0.13786,-0.76285,NaN,NaN,NaN,NaN,NaN,NaN,NaN,NaN,NaN,NaN,NaN,NaN,NaN,NaN,NaN,NaN,NaN,NaN,NaN,NaN,NaN,
62.982,-0.01971,0.00792,0.12932,0.55415,0.30070,-0.13569,-0.76426,NaN,NaN,NaN,NaN,NaN,NaN,NaN,NaN,NaN,NaN,NaN,NaN,NaN,NaN,NaN,NaN,NaN,NaN,NaN,NaN,NaN,
63.007,-0.01967,0.00781,0.12935,0.55342,0.30050,-0.13381,-0.76519,NaN,NaN,NaN,NaN,NaN,NaN,NaN,NaN,NaN,NaN,NaN,NaN,NaN,NaN,NaN,NaN,NaN,NaN,NaN,NaN,NaN,
63.032,-0.01971,0.00770,0.12939,0.55042,0.30223,-0.13022,-0.76730,NaN,NaN,NaN,NaN,NaN,NaN,NaN,NaN,NaN,NaN,NaN,NaN,NaN,NaN,NaN,NaN,NaN,NaN,NaN,NaN,NaN,
63.057,-0.01962,0.00735,0.12969,0.54568,0.30379,-0.12277,-0.77128,NaN,NaN,NaN,NaN,NaN,NaN,NaN,NaN,NaN,NaN,NaN,NaN,NaN,NaN,NaN,NaN,NaN,NaN,NaN,NaN,NaN,
63.082,-0.01966,0.00717,0.12971,0.54137,0.30616,-0.11766,-0.77417,NaN,NaN,NaN,NaN,NaN,NaN,NaN,NaN,NaN,NaN,NaN,NaN,NaN,NaN,NaN,NaN,NaN,NaN,NaN,NaN,NaN,
63.107,-0.01959,0.00700,0.12957,0.53917,0.30725,-0.11487,-0.77569,NaN,NaN,NaN,NaN,NaN,NaN,NaN,NaN,NaN,NaN,NaN,NaN,NaN,NaN,NaN,NaN,NaN,NaN,NaN,NaN,NaN,
63.132,-0.01964,0.00694,0.12950,0.53830,0.30785,-0.11405,-0.77618,NaN,NaN,NaN,NaN,NaN,NaN,NaN,NaN,NaN,NaN,NaN,NaN,NaN,NaN,NaN,NaN,NaN,NaN,NaN,NaN,NaN,
63.157,-0.01967,0.00699,0.12946,0.53831,0.30789,-0.11415,-0.77614,NaN,NaN,NaN,NaN,NaN,NaN,NaN,NaN,NaN,NaN,NaN,NaN,NaN,NaN,NaN,NaN,NaN,NaN,NaN,NaN,NaN,
63.182,-0.01969,0.00698,0.12955,0.53807,0.30784,-0.11356,-0.77642,NaN,NaN,NaN,NaN,NaN,NaN,NaN,NaN,NaN,NaN,NaN,NaN,NaN,NaN,NaN,NaN,NaN,NaN,NaN,NaN,NaN,
63.207,-0.01972,0.00699,0.12959,0.53789,0.30778,-0.11310,-0.77663,NaN,NaN,NaN,NaN,NaN,NaN,NaN,NaN,NaN,NaN,NaN,NaN,NaN,NaN,NaN,NaN,NaN,NaN,NaN,NaN,NaN,
63.232,-0.01968,0.00694,0.12958,0.53773,0.30774,-0.11272,-0.77681,NaN,NaN,NaN,NaN,NaN,NaN,NaN,NaN,NaN,NaN,NaN,NaN,NaN,NaN,NaN,NaN,NaN,NaN,NaN,NaN,NaN,
63.257,-0.01965,0.00689,0.12957,0.53741,0.30788,-0.11228,-0.77704,NaN,NaN,NaN,NaN,NaN,NaN,NaN,NaN,NaN,NaN,NaN,NaN,NaN,NaN,NaN,NaN,NaN,NaN,NaN,NaN,NaN,
63.282,-0.01965,0.00686,0.12961,0.53660,0.30818,-0.11112,-0.77765,NaN,NaN,NaN,NaN,NaN,NaN,NaN,NaN,NaN,NaN,NaN,NaN,NaN,NaN,NaN,NaN,NaN,NaN,NaN,NaN,NaN,
63.307,-0.01964,0.00683,0.12968,0.53551,0.30826,-0.10904,-0.77866,NaN,NaN,NaN,NaN,NaN,NaN,NaN,NaN,NaN,NaN,NaN,NaN,NaN,NaN,NaN,NaN,NaN,NaN,NaN,NaN,NaN,
63.332,-0.01963,0.00675,0.12966,0.53388,0.30906,-0.10702,-0.77974,NaN,NaN,NaN,NaN,NaN,NaN,NaN,NaN,NaN,NaN,NaN,NaN,NaN,NaN,NaN,NaN,NaN,NaN,NaN,NaN,NaN,
63.357,-0.01952,0.00642,0.12967,0.53020,0.30939,-0.10020,-0.78302,NaN,NaN,NaN,NaN,NaN,NaN,NaN,NaN,NaN,NaN,NaN,NaN,NaN,NaN,NaN,NaN,NaN,NaN,NaN,NaN,NaN,
63.382,-0.01971,0.00593,0.12987,0.52088,0.30937,-0.08203,-0.79136,NaN,NaN,NaN,NaN,NaN,NaN,NaN,NaN,NaN,NaN,NaN,NaN,NaN,NaN,NaN,NaN,NaN,NaN,NaN,NaN,NaN,
63.407,-0.01987,0.00547,0.12951,0.51163,0.31486,-0.07286,-0.79611,NaN,NaN,NaN,NaN,NaN,NaN,NaN,NaN,NaN,NaN,NaN,NaN,NaN,NaN,NaN,NaN,NaN,NaN,NaN,NaN,NaN,
63.432,-0.01995,0.00514,0.12951,0.50559,0.31736,-0.06542,-0.79961,NaN,NaN,NaN,NaN,NaN,NaN,NaN,NaN,NaN,NaN,NaN,NaN,NaN,NaN,NaN,NaN,NaN,NaN,NaN,NaN,NaN,
63.457,-0.01980,0.00462,0.12986,0.50137,0.31566,-0.05525,-0.80370,NaN,NaN,NaN,NaN,NaN,NaN,NaN,NaN,NaN,NaN,NaN,NaN,NaN,NaN,NaN,NaN,NaN,NaN,NaN,NaN,NaN,
63.482,-0.01999,0.00451,0.12976,-0.49742,-0.31705,0.05018,0.80594,NaN,NaN,NaN,NaN,NaN,NaN,NaN,NaN,NaN,NaN,NaN,NaN,NaN,NaN,NaN,NaN,NaN,NaN,NaN,NaN,NaN,
63.507,-0.01988,0.00436,0.12968,-0.49600,-0.31711,0.04774,0.80694,NaN,NaN,NaN,NaN,NaN,NaN,NaN,NaN,NaN,NaN,NaN,NaN,NaN,NaN,NaN,NaN,NaN,NaN,NaN,NaN,NaN,
63.532,-0.01984,0.00406,0.12942,-0.49248,-0.31862,0.04371,0.80872,NaN,NaN,NaN,NaN,NaN,NaN,NaN,NaN,NaN,NaN,NaN,NaN,NaN,NaN,NaN,NaN,NaN,NaN,NaN,NaN,NaN,
63.557,-0.01965,0.00361,0.12946,-0.48948,-0.31648,0.03540,0.81179,NaN,NaN,NaN,NaN,NaN,NaN,NaN,NaN,NaN,NaN,NaN,NaN,NaN,NaN,NaN,NaN,NaN,NaN,NaN,NaN,NaN,
63.582,-0.01991,0.00355,0.12953,-0.48570,-0.31768,0.03059,0.81378,NaN,NaN,NaN,NaN,NaN,NaN,NaN,NaN,NaN,NaN,NaN,NaN,NaN,NaN,NaN,NaN,NaN,NaN,NaN,NaN,NaN,
63.607,-0.02008,0.00361,0.12954,-0.48535,-0.31816,0.03067,0.81380,NaN,NaN,NaN,NaN,NaN,NaN,NaN,NaN,NaN,NaN,NaN,NaN,NaN,NaN,NaN,NaN,NaN,NaN,NaN,NaN,NaN,
63.632,-0.02002,0.00340,0.12957,-0.48130,-0.31900,0.02494,0.81607,NaN,NaN,NaN,NaN,NaN,NaN,NaN,NaN,NaN,NaN,NaN,NaN,NaN,NaN,NaN,NaN,NaN,NaN,NaN,NaN,NaN,
63.657,-0.01992,0.00281,0.12987,-0.47608,-0.31637,0.01251,0.82043,NaN,NaN,NaN,NaN,NaN,NaN,NaN,NaN,NaN,NaN,NaN,NaN,NaN,NaN,NaN,NaN,NaN,NaN,NaN,NaN,NaN,
63.682,-0.02004,0.00258,0.12982,-0.47216,-0.31649,0.00618,0.82272,NaN,NaN,NaN,NaN,NaN,NaN,NaN,NaN,NaN,NaN,NaN,NaN,NaN,NaN,NaN,NaN,NaN,NaN,NaN,NaN,NaN,
63.707,-0.01998,0.00241,0.12977,-0.47008,-0.31629,0.00252,0.82400,NaN,NaN,NaN,NaN,NaN,NaN,NaN,NaN,NaN,NaN,NaN,NaN,NaN,NaN,NaN,NaN,NaN,NaN,NaN,NaN,NaN,
63.732,-0.02007,0.00225,0.12992,-0.46794,-0.31597,-0.00140,0.82534,NaN,NaN,NaN,NaN,NaN,NaN,NaN,NaN,NaN,NaN,NaN,NaN,NaN,NaN,NaN,NaN,NaN,NaN,NaN,NaN,NaN,
63.757,-0.02012,0.00228,0.12988,-0.46686,-0.31648,-0.00246,0.82576,NaN,NaN,NaN,NaN,NaN,NaN,NaN,NaN,NaN,NaN,NaN,NaN,NaN,NaN,NaN,NaN,NaN,NaN,NaN,NaN,NaN,
63.782,-0.02019,0.00219,0.12993,-0.46545,-0.31660,-0.00456,0.82649,NaN,NaN,NaN,NaN,NaN,NaN,NaN,NaN,NaN,NaN,NaN,NaN,NaN,NaN,NaN,NaN,NaN,NaN,NaN,NaN,NaN,
63.807,-0.02022,0.00205,0.12995,-0.46411,-0.31611,-0.00739,0.82742,NaN,NaN,NaN,NaN,NaN,NaN,NaN,NaN,NaN,NaN,NaN,NaN,NaN,NaN,NaN,NaN,NaN,NaN,NaN,NaN,NaN,
63.832,-0.02016,0.00192,0.13004,-0.46376,-0.31514,-0.00924,0.82796,NaN,NaN,NaN,NaN,NaN,NaN,NaN,NaN,NaN,NaN,NaN,NaN,NaN,NaN,NaN,NaN,NaN,NaN,NaN,NaN,NaN,
63.857,-0.02024,0.00193,0.13015,-0.46325,-0.31506,-0.01016,0.82827,NaN,NaN,NaN,NaN,NaN,NaN,NaN,NaN,NaN,NaN,NaN,NaN,NaN,NaN,NaN,NaN,NaN,NaN,NaN,NaN,NaN,
63.882,-0.02024,0.00201,0.13036,-0.46320,-0.31476,-0.01066,0.82841,NaN,NaN,NaN,NaN,NaN,NaN,NaN,NaN,NaN,NaN,NaN,NaN,NaN,NaN,NaN,NaN,NaN,NaN,NaN,NaN,NaN,
63.907,-0.02029,0.00209,0.13054,-0.46380,-0.31408,-0.01059,0.82833,NaN,NaN,NaN,NaN,NaN,NaN,NaN,NaN,NaN,NaN,NaN,NaN,NaN,NaN,NaN,NaN,NaN,NaN,NaN,NaN,NaN,
63.932,-0.02030,0.00215,0.13043,-0.46490,-0.31470,-0.00802,0.82751,NaN,NaN,NaN,NaN,NaN,NaN,NaN,NaN,NaN,NaN,NaN,NaN,NaN,NaN,NaN,NaN,NaN,NaN,NaN,NaN,NaN,
63.957,-0.02029,0.00222,0.13019,-0.46680,-0.31490,-0.00468,0.82638,NaN,NaN,NaN,NaN,NaN,NaN,NaN,NaN,NaN,NaN,NaN,NaN,NaN,NaN,NaN,NaN,NaN,NaN,NaN,NaN,NaN,
63.982,-0.02041,0.00235,0.13013,-0.46770,-0.31504,-0.00304,0.82583,NaN,NaN,NaN,NaN,NaN,NaN,NaN,NaN,NaN,NaN,NaN,NaN,NaN,NaN,NaN,NaN,NaN,NaN,NaN,NaN,NaN,
64.007,-0.02046,0.00245,0.13009,-0.46842,-0.31443,-0.00269,0.82566,NaN,NaN,NaN,NaN,NaN,NaN,NaN,NaN,NaN,NaN,NaN,NaN,NaN,NaN,NaN,NaN,NaN,NaN,NaN,NaN,NaN,
64.032,-0.02049,0.00249,0.13005,-0.46918,-0.31394,-0.00212,0.82541,NaN,NaN,NaN,NaN,NaN,NaN,NaN,NaN,NaN,NaN,NaN,NaN,NaN,NaN,NaN,NaN,NaN,NaN,NaN,NaN,NaN,
64.057,-0.02040,0.00259,0.12992,-0.47086,-0.31362,0.00018,0.82458,NaN,NaN,NaN,NaN,NaN,NaN,NaN,NaN,NaN,NaN,NaN,NaN,NaN,NaN,NaN,NaN,NaN,NaN,NaN,NaN,NaN,
64.082,-0.02041,0.00265,0.13000,-0.47255,-0.31205,0.00081,0.82421,NaN,NaN,NaN,NaN,NaN,NaN,NaN,NaN,NaN,NaN,NaN,NaN,NaN,NaN,NaN,NaN,NaN,NaN,NaN,NaN,NaN,
64.107,-0.02047,0.00284,0.12998,-0.47374,-0.31177,0.00237,0.82363,NaN,NaN,NaN,NaN,NaN,NaN,NaN,NaN,NaN,NaN,NaN,NaN,NaN,NaN,NaN,NaN,NaN,NaN,NaN,NaN,NaN,
64.132,-0.02039,0.00290,0.12980,-0.47519,-0.31131,0.00412,0.82296,NaN,NaN,NaN,NaN,NaN,NaN,NaN,NaN,NaN,NaN,NaN,NaN,NaN,NaN,NaN,NaN,NaN,NaN,NaN,NaN,NaN,
64.157,-0.02047,0.00291,0.12960,-0.47502,-0.31155,0.00417,0.82297,NaN,NaN,NaN,NaN,NaN,NaN,NaN,NaN,NaN,NaN,NaN,NaN,NaN,NaN,NaN,NaN,NaN,NaN,NaN,NaN,NaN,
64.182,-0.02039,0.00293,0.12945,-0.47594,-0.31093,0.00484,0.82267,NaN,NaN,NaN,NaN,NaN,NaN,NaN,NaN,NaN,NaN,NaN,NaN,NaN,NaN,NaN,NaN,NaN,NaN,NaN,NaN,NaN,
64.207,-0.02045,0.00296,0.12941,-0.47600,-0.31075,0.00470,0.82270,NaN,NaN,NaN,NaN,NaN,NaN,NaN,NaN,NaN,NaN,NaN,NaN,NaN,NaN,NaN,NaN,NaN,NaN,NaN,NaN,NaN,
64.232,-0.02045,0.00296,0.12954,-0.47604,-0.31026,0.00410,0.82287,NaN,NaN,NaN,NaN,NaN,NaN,NaN,NaN,NaN,NaN,NaN,NaN,NaN,NaN,NaN,NaN,NaN,NaN,NaN,NaN,NaN,
64.257,-0.02045,0.00298,0.12961,-0.47605,-0.31004,0.00382,0.82294,NaN,NaN,NaN,NaN,NaN,NaN,NaN,NaN,NaN,NaN,NaN,NaN,NaN,NaN,NaN,NaN,NaN,NaN,NaN,NaN,NaN,
64.282,-0.02046,0.00298,0.12961,-0.47606,-0.30992,0.00367,0.82299,NaN,NaN,NaN,NaN,NaN,NaN,NaN,NaN,NaN,NaN,NaN,NaN,NaN,NaN,NaN,NaN,NaN,NaN,NaN,NaN,NaN,
64.307,-0.02042,0.00294,0.12959,-0.47605,-0.30970,0.00336,0.82307,NaN,NaN,NaN,NaN,NaN,NaN,NaN,NaN,NaN,NaN,NaN,NaN,NaN,NaN,NaN,NaN,NaN,NaN,NaN,NaN,NaN,
64.332,-0.02041,0.00291,0.12956,-0.47572,-0.30990,0.00309,0.82319,NaN,NaN,NaN,NaN,NaN,NaN,NaN,NaN,NaN,NaN,NaN,NaN,NaN,NaN,NaN,NaN,NaN,NaN,NaN,NaN,NaN,
64.357,-0.02040,0.00294,0.12953,-0.47578,-0.30987,0.00315,0.82317,NaN,NaN,NaN,NaN,NaN,NaN,NaN,NaN,NaN,NaN,NaN,NaN,NaN,NaN,NaN,NaN,NaN,NaN,NaN,NaN,NaN,
64.382,-0.02045,0.00294,0.12960,-0.47539,-0.30981,0.00243,0.82342,NaN,NaN,NaN,NaN,NaN,NaN,NaN,NaN,NaN,NaN,NaN,NaN,NaN,NaN,NaN,NaN,NaN,NaN,NaN,NaN,NaN,
64.407,-0.02047,0.00292,0.12955,-0.47502,-0.30992,0.00197,0.82359,NaN,NaN,NaN,NaN,NaN,NaN,NaN,NaN,NaN,NaN,NaN,NaN,NaN,NaN,NaN,NaN,NaN,NaN,NaN,NaN,NaN,
64.432,-0.02047,0.00285,0.12953,-0.47440,-0.30986,0.00088,0.82397,NaN,NaN,NaN,NaN,NaN,NaN,NaN,NaN,NaN,NaN,NaN,NaN,NaN,NaN,NaN,NaN,NaN,NaN,NaN,NaN,NaN,
64.457,-0.02044,0.00274,0.12951,-0.47378,-0.30960,-0.00049,0.82443,NaN,NaN,NaN,NaN,NaN,NaN,NaN,NaN,NaN,NaN,NaN,NaN,NaN,NaN,NaN,NaN,NaN,NaN,NaN,NaN,NaN,
64.482,-0.02045,0.00270,0.12958,-0.47283,-0.30958,-0.00207,0.82498,NaN,NaN,NaN,NaN,NaN,NaN,NaN,NaN,NaN,NaN,NaN,NaN,NaN,NaN,NaN,NaN,NaN,NaN,NaN,NaN,NaN,
64.507,-0.02055,0.00262,0.12970,-0.47066,-0.30934,-0.00590,0.82629,NaN,NaN,NaN,NaN,NaN,NaN,NaN,NaN,NaN,NaN,NaN,NaN,NaN,NaN,NaN,NaN,NaN,NaN,NaN,NaN,NaN,
64.532,-0.02081,0.00228,0.12947,-0.46517,-0.30934,-0.01470,0.82928,NaN,NaN,NaN,NaN,NaN,NaN,NaN,NaN,NaN,NaN,NaN,NaN,NaN,NaN,NaN,NaN,NaN,NaN,NaN,NaN,NaN,
64.557,-0.02040,0.00164,0.12986,-0.46182,-0.30633,-0.02393,0.83205,NaN,NaN,NaN,NaN,NaN,NaN,NaN,NaN,NaN,NaN,NaN,NaN,NaN,NaN,NaN,NaN,NaN,NaN,NaN,NaN,NaN,
64.582,-0.02049,0.00142,0.12993,-0.45810,-0.30637,-0.02969,0.83391,NaN,NaN,NaN,NaN,NaN,NaN,NaN,NaN,NaN,NaN,NaN,NaN,NaN,NaN,NaN,NaN,NaN,NaN,NaN,NaN,NaN,
64.607,-0.02058,0.00131,0.13000,-0.45485,-0.30648,-0.03458,0.83546,NaN,NaN,NaN,NaN,NaN,NaN,NaN,NaN,NaN,NaN,NaN,NaN,NaN,NaN,NaN,NaN,NaN,NaN,NaN,NaN,NaN,
64.632,-0.02050,0.00093,0.13024,-0.45220,-0.30543,-0.03999,0.83704,NaN,NaN,NaN,NaN,NaN,NaN,NaN,NaN,NaN,NaN,NaN,NaN,NaN,NaN,NaN,NaN,NaN,NaN,NaN,NaN,NaN,
64.657,-0.02048,0.00057,0.13027,-0.44963,-0.30507,-0.04435,0.83833,NaN,NaN,NaN,NaN,NaN,NaN,NaN,NaN,NaN,NaN,NaN,NaN,NaN,NaN,NaN,NaN,NaN,NaN,NaN,NaN,NaN,
64.682,-0.02053,0.00037,0.13036,-0.44692,-0.30476,-0.04883,0.83964,NaN,NaN,NaN,NaN,NaN,NaN,NaN,NaN,NaN,NaN,NaN,NaN,NaN,NaN,NaN,NaN,NaN,NaN,NaN,NaN,NaN,
64.707,-0.02053,0.00017,0.13056,-0.44433,-0.30403,-0.05363,0.84099,NaN,NaN,NaN,NaN,NaN,NaN,NaN,NaN,NaN,NaN,NaN,NaN,NaN,NaN,NaN,NaN,NaN,NaN,NaN,NaN,NaN,
64.732,-0.02055,0.00001,0.13063,-0.44160,-0.30397,-0.05777,0.84217,NaN,NaN,NaN,NaN,NaN,NaN,NaN,NaN,NaN,NaN,NaN,NaN,NaN,NaN,NaN,NaN,NaN,NaN,NaN,NaN,NaN,
64.757,-0.02054,-0.00023,0.13069,-0.43962,-0.30364,-0.06112,0.84309,NaN,NaN,NaN,NaN,NaN,NaN,NaN,NaN,NaN,NaN,NaN,NaN,NaN,NaN,NaN,NaN,NaN,NaN,NaN,NaN,NaN,
64.782,-0.02046,-0.00036,0.13065,-0.43917,-0.30324,-0.06227,0.84338,NaN,NaN,NaN,NaN,NaN,NaN,NaN,NaN,NaN,NaN,NaN,NaN,NaN,NaN,NaN,NaN,NaN,NaN,NaN,NaN,NaN,
64.807,-0.02051,-0.00035,0.13064,-0.43872,-0.30328,-0.06289,0.84356,NaN,NaN,NaN,NaN,NaN,NaN,NaN,NaN,NaN,NaN,NaN,NaN,NaN,NaN,NaN,NaN,NaN,NaN,NaN,NaN,NaN,
64.832,-0.02055,-0.00033,0.13066,-0.43848,-0.30312,-0.06343,0.84370,NaN,NaN,NaN,NaN,NaN,NaN,NaN,NaN,NaN,NaN,NaN,NaN,NaN,NaN,NaN,NaN,NaN,NaN,NaN,NaN,NaN,
64.857,-0.02056,-0.00033,0.13062,-0.43846,-0.30308,-0.06351,0.84372,NaN,NaN,NaN,NaN,NaN,NaN,NaN,NaN,NaN,NaN,NaN,NaN,NaN,NaN,NaN,NaN,NaN,NaN,NaN,NaN,NaN,
64.882,-0.02057,-0.00035,0.13056,-0.43830,-0.30315,-0.06367,0.84377,NaN,NaN,NaN,NaN,NaN,NaN,NaN,NaN,NaN,NaN,NaN,NaN,NaN,NaN,NaN,NaN,NaN,NaN,NaN,NaN,NaN,
64.907,-0.02054,-0.00044,0.13060,-0.43831,-0.30281,-0.06407,0.84385,NaN,NaN,NaN,NaN,NaN,NaN,NaN,NaN,NaN,NaN,NaN,NaN,NaN,NaN,NaN,NaN,NaN,NaN,NaN,NaN,NaN,
64.932,-0.02052,-0.00039,0.13061,-0.43850,-0.30281,-0.06380,0.84377,NaN,NaN,NaN,NaN,NaN,NaN,NaN,NaN,NaN,NaN,NaN,NaN,NaN,NaN,NaN,NaN,NaN,NaN,NaN,NaN,NaN,
64.957,-0.02054,-0.00034,0.13069,-0.43845,-0.30280,-0.06387,0.84380,NaN,NaN,NaN,NaN,NaN,NaN,NaN,NaN,NaN,NaN,NaN,NaN,NaN,NaN,NaN,NaN,NaN,NaN,NaN,NaN,NaN,
64.982,-0.02048,-0.00039,0.13068,-0.43820,-0.30272,-0.06434,0.84392,NaN,NaN,NaN,NaN,NaN,NaN,NaN,NaN,NaN,NaN,NaN,NaN,NaN,NaN,NaN,NaN,NaN,NaN,NaN,NaN,NaN,
65.007,-0.02045,-0.00053,0.13055,-0.43812,-0.30130,-0.06621,0.84432,NaN,NaN,NaN,NaN,NaN,NaN,NaN,NaN,NaN,NaN,NaN,NaN,NaN,NaN,NaN,NaN,NaN,NaN,NaN,NaN,NaN,
65.032,-0.02048,-0.00062,0.13048,-0.43758,-0.30068,-0.06777,0.84470,NaN,NaN,NaN,NaN,NaN,NaN,NaN,NaN,NaN,NaN,NaN,NaN,NaN,NaN,NaN,NaN,NaN,NaN,NaN,NaN,NaN,
65.057,-0.02054,-0.00052,0.13030,-0.43836,-0.30030,-0.06710,0.84449,NaN,NaN,NaN,NaN,NaN,NaN,NaN,NaN,NaN,NaN,NaN,NaN,NaN,NaN,NaN,NaN,NaN,NaN,NaN,NaN,NaN,
65.082,-0.02057,-0.00047,0.13018,-0.43835,-0.30057,-0.06677,0.84442,NaN,NaN,NaN,NaN,NaN,NaN,NaN,NaN,NaN,NaN,NaN,NaN,NaN,NaN,NaN,NaN,NaN,NaN,NaN,NaN,NaN,
65.107,-0.02054,-0.00057,0.13014,-0.43847,-0.30010,-0.06718,0.84449,NaN,NaN,NaN,NaN,NaN,NaN,NaN,NaN,NaN,NaN,NaN,NaN,NaN,NaN,NaN,NaN,NaN,NaN,NaN,NaN,NaN,
65.132,-0.02051,-0.00052,0.13004,-0.43892,-0.29957,-0.06717,0.84445,NaN,NaN,NaN,NaN,NaN,NaN,NaN,NaN,NaN,NaN,NaN,NaN,NaN,NaN,NaN,NaN,NaN,NaN,NaN,NaN,NaN,
65.157,-0.02052,-0.00047,0.13000,-0.43923,-0.29913,-0.06726,0.84444,NaN,NaN,NaN,NaN,NaN,NaN,NaN,NaN,NaN,NaN,NaN,NaN,NaN,NaN,NaN,NaN,NaN,NaN,NaN,NaN,NaN,
65.182,-0.02046,-0.00044,0.12992,-0.43996,-0.29805,-0.06751,0.84442,NaN,NaN,NaN,NaN,NaN,NaN,NaN,NaN,NaN,NaN,NaN,NaN,NaN,NaN,NaN,NaN,NaN,NaN,NaN,NaN,NaN,
65.207,-0.02028,-0.00050,0.12978,-0.44102,-0.29418,-0.07070,0.84496,NaN,NaN,NaN,NaN,NaN,NaN,NaN,NaN,NaN,NaN,NaN,NaN,NaN,NaN,NaN,NaN,NaN,NaN,NaN,NaN,NaN,
65.232,-0.02008,-0.00083,0.12972,-0.43997,-0.29201,-0.07486,0.84590,NaN,NaN,NaN,NaN,NaN,NaN,NaN,NaN,NaN,NaN,NaN,NaN,NaN,NaN,NaN,NaN,NaN,NaN,NaN,NaN,NaN,
65.257,-0.02004,-0.00095,0.12967,-0.43929,-0.29174,-0.07619,0.84623,NaN,NaN,NaN,NaN,NaN,NaN,NaN,NaN,NaN,NaN,NaN,NaN,NaN,NaN,NaN,NaN,NaN,NaN,NaN,NaN,NaN,
65.282,-0.02007,-0.00093,0.12977,-0.43920,-0.29141,-0.07672,0.84635,NaN,NaN,NaN,NaN,NaN,NaN,NaN,NaN,NaN,NaN,NaN,NaN,NaN,NaN,NaN,NaN,NaN,NaN,NaN,NaN,NaN,
65.307,-0.02007,-0.00100,0.12971,-0.43910,-0.29133,-0.07695,0.84640,NaN,NaN,NaN,NaN,NaN,NaN,NaN,NaN,NaN,NaN,NaN,NaN,NaN,NaN,NaN,NaN,NaN,NaN,NaN,NaN,NaN,
65.332,-0.02009,-0.00108,0.12967,-0.43842,-0.29079,-0.07859,0.84679,NaN,NaN,NaN,NaN,NaN,NaN,NaN,NaN,NaN,NaN,NaN,NaN,NaN,NaN,NaN,NaN,NaN,NaN,NaN,NaN,NaN,
65.357,-0.02008,-0.00123,0.12968,-0.43750,-0.28982,-0.08109,0.84737,NaN,NaN,NaN,NaN,NaN,NaN,NaN,NaN,NaN,NaN,NaN,NaN,NaN,NaN,NaN,NaN,NaN,NaN,NaN,NaN,NaN,
65.382,-0.02002,-0.00131,0.12972,-0.43704,-0.28865,-0.08315,0.84780,NaN,NaN,NaN,NaN,NaN,NaN,NaN,NaN,NaN,NaN,NaN,NaN,NaN,NaN,NaN,NaN,NaN,NaN,NaN,NaN,NaN,
65.407,-0.01999,-0.00138,0.12974,-0.43670,-0.28789,-0.08455,0.84810,NaN,NaN,NaN,NaN,NaN,NaN,NaN,NaN,NaN,NaN,NaN,NaN,NaN,NaN,NaN,NaN,NaN,NaN,NaN,NaN,NaN,
65.432,-0.01999,-0.00141,0.12968,-0.43642,-0.28795,-0.08487,0.84819,NaN,NaN,NaN,NaN,NaN,NaN,NaN,NaN,NaN,NaN,NaN,NaN,NaN,NaN,NaN,NaN,NaN,NaN,NaN,NaN,NaN,
65.457,-0.01995,-0.00150,0.12962,-0.43635,-0.28789,-0.08504,0.84823,NaN,NaN,NaN,NaN,NaN,NaN,NaN,NaN,NaN,NaN,NaN,NaN,NaN,NaN,NaN,NaN,NaN,NaN,NaN,NaN,NaN,
65.482,-0.01997,-0.00150,0.12959,-0.43640,-0.28778,-0.08510,0.84823,NaN,NaN,NaN,NaN,NaN,NaN,NaN,NaN,NaN,NaN,NaN,NaN,NaN,NaN,NaN,NaN,NaN,NaN,NaN,NaN,NaN,
65.507,-0.01998,-0.00147,0.12963,-0.43645,-0.28769,-0.08514,0.84823,NaN,NaN,NaN,NaN,NaN,NaN,NaN,NaN,NaN,NaN,NaN,NaN,NaN,NaN,NaN,NaN,NaN,NaN,NaN,NaN,NaN,
65.532,-0.02001,-0.00148,0.12972,-0.43641,-0.28751,-0.08540,0.84828,NaN,NaN,NaN,NaN,NaN,NaN,NaN,NaN,NaN,NaN,NaN,NaN,NaN,NaN,NaN,NaN,NaN,NaN,NaN,NaN,NaN,
65.557,-0.02000,-0.00149,0.12976,-0.43605,-0.28742,-0.08603,0.84844,NaN,NaN,NaN,NaN,NaN,NaN,NaN,NaN,NaN,NaN,NaN,NaN,NaN,NaN,NaN,NaN,NaN,NaN,NaN,NaN,NaN,
65.582,-0.01996,-0.00159,0.12986,-0.43562,-0.28633,-0.08794,0.84883,NaN,NaN,NaN,NaN,NaN,NaN,NaN,NaN,NaN,NaN,NaN,NaN,NaN,NaN,NaN,NaN,NaN,NaN,NaN,NaN,NaN,
65.607,-0.01986,-0.00166,0.12990,-0.43526,-0.28519,-0.08981,0.84921,NaN,NaN,NaN,NaN,NaN,NaN,NaN,NaN,NaN,NaN,NaN,NaN,NaN,NaN,NaN,NaN,NaN,NaN,NaN,NaN,NaN,
65.632,-0.01966,-0.00172,0.13002,-0.43598,-0.28243,-0.09205,0.84952,NaN,NaN,NaN,NaN,NaN,NaN,NaN,NaN,NaN,NaN,NaN,NaN,NaN,NaN,NaN,NaN,NaN,NaN,NaN,NaN,NaN,
65.657,-0.01948,-0.00174,0.13022,-0.43657,-0.27967,-0.09445,0.84986,NaN,NaN,NaN,NaN,NaN,NaN,NaN,NaN,NaN,NaN,NaN,NaN,NaN,NaN,NaN,NaN,NaN,NaN,NaN,NaN,NaN,
65.682,-0.01949,-0.00178,0.13023,-0.43622,-0.27865,-0.09614,0.85019,NaN,NaN,NaN,NaN,NaN,NaN,NaN,NaN,NaN,NaN,NaN,NaN,NaN,NaN,NaN,NaN,NaN,NaN,NaN,NaN,NaN,
65.707,-0.01943,-0.00180,0.13040,-0.43607,-0.27757,-0.09760,0.85045,NaN,NaN,NaN,NaN,NaN,NaN,NaN,NaN,NaN,NaN,NaN,NaN,NaN,NaN,NaN,NaN,NaN,NaN,NaN,NaN,NaN,
65.732,-0.01947,-0.00187,0.13044,-0.43554,-0.27671,-0.09937,0.85080,NaN,NaN,NaN,NaN,NaN,NaN,NaN,NaN,NaN,NaN,NaN,NaN,NaN,NaN,NaN,NaN,NaN,NaN,NaN,NaN,NaN,
65.757,-0.01932,-0.00195,0.13061,-0.43574,-0.27509,-0.10096,0.85104,NaN,NaN,NaN,NaN,NaN,NaN,NaN,NaN,NaN,NaN,NaN,NaN,NaN,NaN,NaN,NaN,NaN,NaN,NaN,NaN,NaN,
65.782,-0.01938,-0.00222,0.13052,-0.43390,-0.27299,-0.10598,0.85205,NaN,NaN,NaN,NaN,NaN,NaN,NaN,NaN,NaN,NaN,NaN,NaN,NaN,NaN,NaN,NaN,NaN,NaN,NaN,NaN,NaN,
65.807,-0.01903,-0.00264,0.13076,-0.43355,-0.26792,-0.11226,0.85302,NaN,NaN,NaN,NaN,NaN,NaN,NaN,NaN,NaN,NaN,NaN,NaN,NaN,NaN,NaN,NaN,NaN,NaN,NaN,NaN,NaN,
65.832,-0.01909,-0.00285,0.13076,-0.43205,-0.26665,-0.11578,0.85371,NaN,NaN,NaN,NaN,NaN,NaN,NaN,NaN,NaN,NaN,NaN,NaN,NaN,NaN,NaN,NaN,NaN,NaN,NaN,NaN,NaN,
65.857,-0.01914,-0.00302,0.13067,-0.43150,-0.26499,-0.11842,0.85415,NaN,NaN,NaN,NaN,NaN,NaN,NaN,NaN,NaN,NaN,NaN,NaN,NaN,NaN,NaN,NaN,NaN,NaN,NaN,NaN,NaN,
65.882,-0.01911,-0.00319,0.13061,-0.43023,-0.26435,-0.12088,0.85464,NaN,NaN,NaN,NaN,NaN,NaN,NaN,NaN,NaN,NaN,NaN,NaN,NaN,NaN,NaN,NaN,NaN,NaN,NaN,NaN,NaN,
65.907,-0.01914,-0.00329,0.13058,-0.42975,-0.26402,-0.12191,0.85484,NaN,NaN,NaN,NaN,NaN,NaN,NaN,NaN,NaN,NaN,NaN,NaN,NaN,NaN,NaN,NaN,NaN,NaN,NaN,NaN,NaN,
65.932,-0.01909,-0.00337,0.13049,-0.42963,-0.26376,-0.12237,0.85491,NaN,NaN,NaN,NaN,NaN,NaN,NaN,NaN,NaN,NaN,NaN,NaN,NaN,NaN,NaN,NaN,NaN,NaN,NaN,NaN,NaN,
65.957,-0.01905,-0.00345,0.13046,-0.42961,-0.26324,-0.12299,0.85500,NaN,NaN,NaN,NaN,NaN,NaN,NaN,NaN,NaN,NaN,NaN,NaN,NaN,NaN,NaN,NaN,NaN,NaN,NaN,NaN,NaN,
65.982,-0.01899,-0.00346,0.13048,-0.42966,-0.26302,-0.12315,0.85501,NaN,NaN,NaN,NaN,NaN,NaN,NaN,NaN,NaN,NaN,NaN,NaN,NaN,NaN,NaN,NaN,NaN,NaN,NaN,NaN,NaN,
66.007,-0.01899,-0.00345,0.13050,-0.42956,-0.26296,-0.12336,0.85505,NaN,NaN,NaN,NaN,NaN,NaN,NaN,NaN,NaN,NaN,NaN,NaN,NaN,NaN,NaN,NaN,NaN,NaN,NaN,NaN,NaN,
66.032,-0.01901,-0.00340,0.13046,-0.42973,-0.26294,-0.12315,0.85500,NaN,NaN,NaN,NaN,NaN,NaN,NaN,NaN,NaN,NaN,NaN,NaN,NaN,NaN,NaN,NaN,NaN,NaN,NaN,NaN,NaN,
66.057,-0.01905,-0.00338,0.13046,-0.42952,-0.26316,-0.12319,0.85503,NaN,NaN,NaN,NaN,NaN,NaN,NaN,NaN,NaN,NaN,NaN,NaN,NaN,NaN,NaN,NaN,NaN,NaN,NaN,NaN,NaN,
66.082,-0.01901,-0.00337,0.13044,-0.42970,-0.26320,-0.12290,0.85497,NaN,NaN,NaN,NaN,NaN,NaN,NaN,NaN,NaN,NaN,NaN,NaN,NaN,NaN,NaN,NaN,NaN,NaN,NaN,NaN,NaN,
66.107,-0.01924,-0.00332,0.13024,-0.42924,-0.26207,-0.12480,0.85528,NaN,NaN,NaN,NaN,NaN,NaN,NaN,NaN,NaN,NaN,NaN,NaN,NaN,NaN,NaN,NaN,NaN,NaN,NaN,NaN,NaN,
66.132,-0.01900,-0.00383,0.13034,-0.42798,-0.26165,-0.12698,0.85571,NaN,NaN,NaN,NaN,NaN,NaN,NaN,NaN,NaN,NaN,NaN,NaN,NaN,NaN,NaN,NaN,NaN,NaN,NaN,NaN,NaN,
66.157,-0.01896,-0.00382,0.13017,-0.42817,-0.26303,-0.12518,0.85546,NaN,NaN,NaN,NaN,NaN,NaN,NaN,NaN,NaN,NaN,NaN,NaN,NaN,NaN,NaN,NaN,NaN,NaN,NaN,NaN,NaN,
66.182,-0.01892,-0.00384,0.13013,-0.42798,-0.26344,-0.12498,0.85546,NaN,NaN,NaN,NaN,NaN,NaN,NaN,NaN,NaN,NaN,NaN,NaN,NaN,NaN,NaN,NaN,NaN,NaN,NaN,NaN,NaN,
66.207,-0.01894,-0.00407,0.13020,-0.42748,-0.26211,-0.12714,0.85580,NaN,NaN,NaN,NaN,NaN,NaN,NaN,NaN,NaN,NaN,NaN,NaN,NaN,NaN,NaN,NaN,NaN,NaN,NaN,NaN,NaN,
66.232,-0.01890,-0.00429,0.13003,-0.42673,-0.26054,-0.12991,0.85624,NaN,NaN,NaN,NaN,NaN,NaN,NaN,NaN,NaN,NaN,NaN,NaN,NaN,NaN,NaN,NaN,NaN,NaN,NaN,NaN,NaN,
66.257,-0.01901,-0.00442,0.12982,-0.42525,-0.26101,-0.13139,0.85660,NaN,NaN,NaN,NaN,NaN,NaN,NaN,NaN,NaN,NaN,NaN,NaN,NaN,NaN,NaN,NaN,NaN,NaN,NaN,NaN,NaN,
66.282,-0.01898,-0.00448,0.12978,-0.42542,-0.26057,-0.13165,0.85661,NaN,NaN,NaN,NaN,NaN,NaN,NaN,NaN,NaN,NaN,NaN,NaN,NaN,NaN,NaN,NaN,NaN,NaN,NaN,NaN,NaN,
66.307,-0.01904,-0.00466,0.12955,-0.42447,-0.26036,-0.13317,0.85692,NaN,NaN,NaN,NaN,NaN,NaN,NaN,NaN,NaN,NaN,NaN,NaN,NaN,NaN,NaN,NaN,NaN,NaN,NaN,NaN,NaN,
66.332,-0.01892,-0.00489,0.12957,-0.42438,-0.25959,-0.13414,0.85704,NaN,NaN,NaN,NaN,NaN,NaN,NaN,NaN,NaN,NaN,NaN,NaN,NaN,NaN,NaN,NaN,NaN,NaN,NaN,NaN,NaN,
66.357,-0.01899,-0.00488,0.12940,-0.42433,-0.26014,-0.13360,0.85698,NaN,NaN,NaN,NaN,NaN,NaN,NaN,NaN,NaN,NaN,NaN,NaN,NaN,NaN,NaN,NaN,NaN,NaN,NaN,NaN,NaN,
66.382,-0.01907,-0.00480,0.12942,-0.42433,-0.26064,-0.13304,0.85692,NaN,NaN,NaN,NaN,NaN,NaN,NaN,NaN,NaN,NaN,NaN,NaN,NaN,NaN,NaN,NaN,NaN,NaN,NaN,NaN,NaN,
66.407,-0.01903,-0.00474,0.12943,-0.42488,-0.26069,-0.13225,0.85675,NaN,NaN,NaN,NaN,NaN,NaN,NaN,NaN,NaN,NaN,NaN,NaN,NaN,NaN,NaN,NaN,NaN,NaN,NaN,NaN,NaN,
66.432,-0.01903,-0.00469,0.12937,-0.42526,-0.26091,-0.13149,0.85662,NaN,NaN,NaN,NaN,NaN,NaN,NaN,NaN,NaN,NaN,NaN,NaN,NaN,NaN,NaN,NaN,NaN,NaN,NaN,NaN,NaN,
66.457,-0.01897,-0.00467,0.12936,-0.42609,-0.26083,-0.13046,0.85639,NaN,NaN,NaN,NaN,NaN,NaN,NaN,NaN,NaN,NaN,NaN,NaN,NaN,NaN,NaN,NaN,NaN,NaN,NaN,NaN,NaN,
66.482,-0.01896,-0.00467,0.12933,-0.42655,-0.26062,-0.13006,0.85628,NaN,NaN,NaN,NaN,NaN,NaN,NaN,NaN,NaN,NaN,NaN,NaN,NaN,NaN,NaN,NaN,NaN,NaN,NaN,NaN,NaN,
66.507,-0.01896,-0.00469,0.12939,-0.42718,-0.25994,-0.12997,0.85619,NaN,NaN,NaN,NaN,NaN,NaN,NaN,NaN,NaN,NaN,NaN,NaN,NaN,NaN,NaN,NaN,NaN,NaN,NaN,NaN,NaN,
66.532,-0.01896,-0.00469,0.12945,-0.42723,-0.25960,-0.13028,0.85622,NaN,NaN,NaN,NaN,NaN,NaN,NaN,NaN,NaN,NaN,NaN,NaN,NaN,NaN,NaN,NaN,NaN,NaN,NaN,NaN,NaN,
66.557,-0.01895,-0.00475,0.12955,-0.42760,-0.25869,-0.13079,0.85623,NaN,NaN,NaN,NaN,NaN,NaN,NaN,NaN,NaN,NaN,NaN,NaN,NaN,NaN,NaN,NaN,NaN,NaN,NaN,NaN,NaN,
66.582,-0.01915,-0.00479,0.12956,-0.42777,-0.25639,-0.13310,0.85648,NaN,NaN,NaN,NaN,NaN,NaN,NaN,NaN,NaN,NaN,NaN,NaN,NaN,NaN,NaN,NaN,NaN,NaN,NaN,NaN,NaN,
66.607,-0.01920,-0.00520,0.12971,-0.42476,-0.25577,-0.13784,0.85742,NaN,NaN,NaN,NaN,NaN,NaN,NaN,NaN,NaN,NaN,NaN,NaN,NaN,NaN,NaN,NaN,NaN,NaN,NaN,NaN,NaN,
66.632,-0.01905,-0.00536,0.12985,-0.42455,-0.25496,-0.13900,0.85757,NaN,NaN,NaN,NaN,NaN,NaN,NaN,NaN,NaN,NaN,NaN,NaN,NaN,NaN,NaN,NaN,NaN,NaN,NaN,NaN,NaN,
66.657,-0.01910,-0.00543,0.12992,-0.42432,-0.25456,-0.13975,0.85768,NaN,NaN,NaN,NaN,NaN,NaN,NaN,NaN,NaN,NaN,NaN,NaN,NaN,NaN,NaN,NaN,NaN,NaN,NaN,NaN,NaN,
66.682,-0.01910,-0.00555,0.12993,-0.42423,-0.25361,-0.14091,0.85782,NaN,NaN,NaN,NaN,NaN,NaN,NaN,NaN,NaN,NaN,NaN,NaN,NaN,NaN,NaN,NaN,NaN,NaN,NaN,NaN,NaN,
66.707,-0.01910,-0.00572,0.13000,-0.42407,-0.25222,-0.14264,0.85802,NaN,NaN,NaN,NaN,NaN,NaN,NaN,NaN,NaN,NaN,NaN,NaN,NaN,NaN,NaN,NaN,NaN,NaN,NaN,NaN,NaN,
66.732,-0.01910,-0.00581,0.13016,-0.42389,-0.25131,-0.14387,0.85817,NaN,NaN,NaN,NaN,NaN,NaN,NaN,NaN,NaN,NaN,NaN,NaN,NaN,NaN,NaN,NaN,NaN,NaN,NaN,NaN,NaN,
66.757,-0.01915,-0.00582,0.13025,-0.42384,-0.25079,-0.14450,0.85824,NaN,NaN,NaN,NaN,NaN,NaN,NaN,NaN,NaN,NaN,NaN,NaN,NaN,NaN,NaN,NaN,NaN,NaN,NaN,NaN,NaN,
66.782,-0.01918,-0.00585,0.13042,-0.42388,-0.25008,-0.14521,0.85831,NaN,NaN,NaN,NaN,NaN,NaN,NaN,NaN,NaN,NaN,NaN,NaN,NaN,NaN,NaN,NaN,NaN,NaN,NaN,NaN,NaN,
66.807,-0.01911,-0.00588,0.13055,-0.42392,-0.24977,-0.14550,0.85833,NaN,NaN,NaN,NaN,NaN,NaN,NaN,NaN,NaN,NaN,NaN,NaN,NaN,NaN,NaN,NaN,NaN,NaN,NaN,NaN,NaN,
66.832,-0.01915,-0.00590,0.13046,-0.42349,-0.25047,-0.14531,0.85837,NaN,NaN,NaN,NaN,NaN,NaN,NaN,NaN,NaN,NaN,NaN,NaN,NaN,NaN,NaN,NaN,NaN,NaN,NaN,NaN,NaN,
66.857,-0.01913,-0.00592,0.13041,-0.42356,-0.25052,-0.14516,0.85835,NaN,NaN,NaN,NaN,NaN,NaN,NaN,NaN,NaN,NaN,NaN,NaN,NaN,NaN,NaN,NaN,NaN,NaN,NaN,NaN,NaN,
66.882,-0.01913,-0.00599,0.13037,-0.42353,-0.24995,-0.14582,0.85842,NaN,NaN,NaN,NaN,NaN,NaN,NaN,NaN,NaN,NaN,NaN,NaN,NaN,NaN,NaN,NaN,NaN,NaN,NaN,NaN,NaN,
66.907,-0.01909,-0.00617,0.13037,-0.42320,-0.24945,-0.14680,0.85856,NaN,NaN,NaN,NaN,NaN,NaN,NaN,NaN,NaN,NaN,NaN,NaN,NaN,NaN,NaN,NaN,NaN,NaN,NaN,NaN,NaN,
66.932,-0.01918,-0.00622,0.13023,-0.42252,-0.24991,-0.14721,0.85869,NaN,NaN,NaN,NaN,NaN,NaN,NaN,NaN,NaN,NaN,NaN,NaN,NaN,NaN,NaN,NaN,NaN,NaN,NaN,NaN,NaN,
66.957,-0.01922,-0.00626,0.13019,-0.42220,-0.25001,-0.14753,0.85877,NaN,NaN,NaN,NaN,NaN,NaN,NaN,NaN,NaN,NaN,NaN,NaN,NaN,NaN,NaN,NaN,NaN,NaN,NaN,NaN,NaN,
66.982,-0.01915,-0.00631,0.13014,-0.42231,-0.24985,-0.14755,0.85875,NaN,NaN,NaN,NaN,NaN,NaN,NaN,NaN,NaN,NaN,NaN,NaN,NaN,NaN,NaN,NaN,NaN,NaN,NaN,NaN,NaN,
67.007,-0.01912,-0.00634,0.13002,-0.42284,-0.24965,-0.14707,0.85864,NaN,NaN,NaN,NaN,NaN,NaN,NaN,NaN,NaN,NaN,NaN,NaN,NaN,NaN,NaN,NaN,NaN,NaN,NaN,NaN,NaN,
67.032,-0.01912,-0.00630,0.12992,-0.42338,-0.24958,-0.14642,0.85850,NaN,NaN,NaN,NaN,NaN,NaN,NaN,NaN,NaN,NaN,NaN,NaN,NaN,NaN,NaN,NaN,NaN,NaN,NaN,NaN,NaN,
67.057,-0.01913,-0.00624,0.12990,-0.42389,-0.24926,-0.14610,0.85840,NaN,NaN,NaN,NaN,NaN,NaN,NaN,NaN,NaN,NaN,NaN,NaN,NaN,NaN,NaN,NaN,NaN,NaN,NaN,NaN,NaN,
67.082,-0.01913,-0.00616,0.12984,-0.42483,-0.24878,-0.14537,0.85820,NaN,NaN,NaN,NaN,NaN,NaN,NaN,NaN,NaN,NaN,NaN,NaN,NaN,NaN,NaN,NaN,NaN,NaN,NaN,NaN,NaN,
67.111,-0.01914,-0.00612,0.12972,-0.42536,-0.24867,-0.14477,0.85806,NaN,NaN,NaN,NaN,NaN,NaN,NaN,NaN,NaN,NaN,NaN,NaN,NaN,NaN,NaN,NaN,NaN,NaN,NaN,NaN,NaN,
67.132,-0.01911,-0.00615,0.12962,-0.42565,-0.24853,-0.14453,0.85800,NaN,NaN,NaN,NaN,NaN,NaN,NaN,NaN,NaN,NaN,NaN,NaN,NaN,NaN,NaN,NaN,NaN,NaN,NaN,NaN,NaN,
67.157,-0.01910,-0.00617,0.12957,-0.42583,-0.24844,-0.14440,0.85796,NaN,NaN,NaN,NaN,NaN,NaN,NaN,NaN,NaN,NaN,NaN,NaN,NaN,NaN,NaN,NaN,NaN,NaN,NaN,NaN,NaN,
67.182,-0.01912,-0.00617,0.12958,-0.42590,-0.24831,-0.14444,0.85795,NaN,NaN,NaN,NaN,NaN,NaN,NaN,NaN,NaN,NaN,NaN,NaN,NaN,NaN,NaN,NaN,NaN,NaN,NaN,NaN,NaN,
67.207,-0.01916,-0.00610,0.12966,-0.42592,-0.24818,-0.14456,0.85797,NaN,NaN,NaN,NaN,NaN,NaN,NaN,NaN,NaN,NaN,NaN,NaN,NaN,NaN,NaN,NaN,NaN,NaN,NaN,NaN,NaN,
67.232,-0.01917,-0.00606,0.12966,-0.42591,-0.24822,-0.14453,0.85796,NaN,NaN,NaN,NaN,NaN,NaN,NaN,NaN,NaN,NaN,NaN,NaN,NaN,NaN,NaN,NaN,NaN,NaN,NaN,NaN,NaN,
67.257,-0.01914,-0.00611,0.12966,-0.42588,-0.24810,-0.14469,0.85798,NaN,NaN,NaN,NaN,NaN,NaN,NaN,NaN,NaN,NaN,NaN,NaN,NaN,NaN,NaN,NaN,NaN,NaN,NaN,NaN,NaN,
67.282,-0.01910,-0.00613,0.12962,-0.42596,-0.24805,-0.14463,0.85797,NaN,NaN,NaN,NaN,NaN,NaN,NaN,NaN,NaN,NaN,NaN,NaN,NaN,NaN,NaN,NaN,NaN,NaN,NaN,NaN,NaN,
67.307,-0.01911,-0.00613,0.12965,-0.42578,-0.24831,-0.14460,0.85799,NaN,NaN,NaN,NaN,NaN,NaN,NaN,NaN,NaN,NaN,NaN,NaN,NaN,NaN,NaN,NaN,NaN,NaN,NaN,NaN,NaN,
67.332,-0.01912,-0.00612,0.12963,-0.42583,-0.24826,-0.14459,0.85798,NaN,NaN,NaN,NaN,NaN,NaN,NaN,NaN,NaN,NaN,NaN,NaN,NaN,NaN,NaN,NaN,NaN,NaN,NaN,NaN,NaN,
67.357,-0.01912,-0.00613,0.12963,-0.42585,-0.24819,-0.14463,0.85798,NaN,NaN,NaN,NaN,NaN,NaN,NaN,NaN,NaN,NaN,NaN,NaN,NaN,NaN,NaN,NaN,NaN,NaN,NaN,NaN,NaN,
67.382,-0.01913,-0.00613,0.12963,-0.42584,-0.24814,-0.14470,0.85799,NaN,NaN,NaN,NaN,NaN,NaN,NaN,NaN,NaN,NaN,NaN,NaN,NaN,NaN,NaN,NaN,NaN,NaN,NaN,NaN,NaN,
67.407,-0.01910,-0.00629,0.12960,-0.42562,-0.24755,-0.14564,0.85811,NaN,NaN,NaN,NaN,NaN,NaN,NaN,NaN,NaN,NaN,NaN,NaN,NaN,NaN,NaN,NaN,NaN,NaN,NaN,NaN,NaN,
67.432,-0.01920,-0.00639,0.12966,-0.42548,-0.24598,-0.14751,0.85831,NaN,NaN,NaN,NaN,NaN,NaN,NaN,NaN,NaN,NaN,NaN,NaN,NaN,NaN,NaN,NaN,NaN,NaN,NaN,NaN,NaN,
67.457,-0.01920,-0.00647,0.12984,-0.42580,-0.24402,-0.14919,0.85842,NaN,NaN,NaN,NaN,NaN,NaN,NaN,NaN,NaN,NaN,NaN,NaN,NaN,NaN,NaN,NaN,NaN,NaN,NaN,NaN,NaN,
67.482,-0.01917,-0.00647,0.12991,-0.42609,-0.24311,-0.14979,0.85843,NaN,NaN,NaN,NaN,NaN,NaN,NaN,NaN,NaN,NaN,NaN,NaN,NaN,NaN,NaN,NaN,NaN,NaN,NaN,NaN,NaN,
67.507,-0.01909,-0.00656,0.12998,-0.42568,-0.24134,-0.15223,0.85871,NaN,NaN,NaN,NaN,NaN,NaN,NaN,NaN,NaN,NaN,NaN,NaN,NaN,NaN,NaN,NaN,NaN,NaN,NaN,NaN,NaN,
67.532,-0.01891,-0.00690,0.13003,-0.42566,-0.23695,-0.15692,0.85910,NaN,NaN,NaN,NaN,NaN,NaN,NaN,NaN,NaN,NaN,NaN,NaN,NaN,NaN,NaN,NaN,NaN,NaN,NaN,NaN,NaN,
67.557,-0.01852,-0.00746,0.13024,-0.42469,-0.23304,-0.16230,0.85964,NaN,NaN,NaN,NaN,NaN,NaN,NaN,NaN,NaN,NaN,NaN,NaN,NaN,NaN,NaN,NaN,NaN,NaN,NaN,NaN,NaN,
67.582,-0.01870,-0.00786,0.13018,-0.42144,-0.23331,-0.16627,0.86041,NaN,NaN,NaN,NaN,NaN,NaN,NaN,NaN,NaN,NaN,NaN,NaN,NaN,NaN,NaN,NaN,NaN,NaN,NaN,NaN,NaN,
67.607,-0.01869,-0.00818,0.13022,-0.41861,-0.23375,-0.16950,0.86105,NaN,NaN,NaN,NaN,NaN,NaN,NaN,NaN,NaN,NaN,NaN,NaN,NaN,NaN,NaN,NaN,NaN,NaN,NaN,NaN,NaN,
67.632,-0.01870,-0.00846,0.13032,-0.41650,-0.23349,-0.17248,0.86154,NaN,NaN,NaN,NaN,NaN,NaN,NaN,NaN,NaN,NaN,NaN,NaN,NaN,NaN,NaN,NaN,NaN,NaN,NaN,NaN,NaN,
67.657,-0.01877,-0.00868,0.13047,-0.41441,-0.23327,-0.17541,0.86202,NaN,NaN,NaN,NaN,NaN,NaN,NaN,NaN,NaN,NaN,NaN,NaN,NaN,NaN,NaN,NaN,NaN,NaN,NaN,NaN,NaN,
67.682,-0.01872,-0.00887,0.13055,-0.41303,-0.23280,-0.17766,0.86235,NaN,NaN,NaN,NaN,NaN,NaN,NaN,NaN,NaN,NaN,NaN,NaN,NaN,NaN,NaN,NaN,NaN,NaN,NaN,NaN,NaN,
67.707,-0.01875,-0.00902,0.13059,-0.41188,-0.23239,-0.17956,0.86262,NaN,NaN,NaN,NaN,NaN,NaN,NaN,NaN,NaN,NaN,NaN,NaN,NaN,NaN,NaN,NaN,NaN,NaN,NaN,NaN,NaN,
67.732,-0.01882,-0.00916,0.13050,-0.41096,-0.23220,-0.18092,0.86282,NaN,NaN,NaN,NaN,NaN,NaN,NaN,NaN,NaN,NaN,NaN,NaN,NaN,NaN,NaN,NaN,NaN,NaN,NaN,NaN,NaN,
67.757,-0.01872,-0.00935,0.13045,-0.41031,-0.23186,-0.18209,0.86298,NaN,NaN,NaN,NaN,NaN,NaN,NaN,NaN,NaN,NaN,NaN,NaN,NaN,NaN,NaN,NaN,NaN,NaN,NaN,NaN,NaN,
67.782,-0.01876,-0.00951,0.13040,-0.40996,-0.23143,-0.18299,0.86307,NaN,NaN,NaN,NaN,NaN,NaN,NaN,NaN,NaN,NaN,NaN,NaN,NaN,NaN,NaN,NaN,NaN,NaN,NaN,NaN,NaN,
67.807,-0.01869,-0.00953,0.13045,-0.41041,-0.23050,-0.18337,0.86302,NaN,NaN,NaN,NaN,NaN,NaN,NaN,NaN,NaN,NaN,NaN,NaN,NaN,NaN,NaN,NaN,NaN,NaN,NaN,NaN,NaN,
67.832,-0.01865,-0.00959,0.13044,-0.41041,-0.22981,-0.18407,0.86306,NaN,NaN,NaN,NaN,NaN,NaN,NaN,NaN,NaN,NaN,NaN,NaN,NaN,NaN,NaN,NaN,NaN,NaN,NaN,NaN,NaN,
67.857,-0.01868,-0.00963,0.13041,-0.41049,-0.22888,-0.18493,0.86309,NaN,NaN,NaN,NaN,NaN,NaN,NaN,NaN,NaN,NaN,NaN,NaN,NaN,NaN,NaN,NaN,NaN,NaN,NaN,NaN,NaN,
67.882,-0.01849,-0.00969,0.13045,-0.41133,-0.22659,-0.18620,0.86302,NaN,NaN,NaN,NaN,NaN,NaN,NaN,NaN,NaN,NaN,NaN,NaN,NaN,NaN,NaN,NaN,NaN,NaN,NaN,NaN,NaN,
67.907,-0.01837,-0.00979,0.13038,-0.41164,-0.22489,-0.18755,0.86302,NaN,NaN,NaN,NaN,NaN,NaN,NaN,NaN,NaN,NaN,NaN,NaN,NaN,NaN,NaN,NaN,NaN,NaN,NaN,NaN,NaN,
67.932,-0.01825,-0.00984,0.13036,-0.41220,-0.22329,-0.18845,0.86297,NaN,NaN,NaN,NaN,NaN,NaN,NaN,NaN,NaN,NaN,NaN,NaN,NaN,NaN,NaN,NaN,NaN,NaN,NaN,NaN,NaN,
67.957,-0.01818,-0.00990,0.13023,-0.41240,-0.22249,-0.18901,0.86296,NaN,NaN,NaN,NaN,NaN,NaN,NaN,NaN,NaN,NaN,NaN,NaN,NaN,NaN,NaN,NaN,NaN,NaN,NaN,NaN,NaN,
67.982,-0.01813,-0.00998,0.13017,-0.41259,-0.22198,-0.18928,0.86294,NaN,NaN,NaN,NaN,NaN,NaN,NaN,NaN,NaN,NaN,NaN,NaN,NaN,NaN,NaN,NaN,NaN,NaN,NaN,NaN,NaN,
68.007,-0.01811,-0.01004,0.13008,-0.41262,-0.22163,-0.18960,0.86295,NaN,NaN,NaN,NaN,NaN,NaN,NaN,NaN,NaN,NaN,NaN,NaN,NaN,NaN,NaN,NaN,NaN,NaN,NaN,NaN,NaN,
68.032,-0.01803,-0.01009,0.13014,-0.41319,-0.22012,-0.19040,0.86288,NaN,NaN,NaN,NaN,NaN,NaN,NaN,NaN,NaN,NaN,NaN,NaN,NaN,NaN,NaN,NaN,NaN,NaN,NaN,NaN,NaN,
68.057,-0.01796,-0.01009,0.13010,-0.41352,-0.21895,-0.19117,0.86285,NaN,NaN,NaN,NaN,NaN,NaN,NaN,NaN,NaN,NaN,NaN,NaN,NaN,NaN,NaN,NaN,NaN,NaN,NaN,NaN,NaN,
68.082,-0.01790,-0.01013,0.13004,-0.41373,-0.21794,-0.19193,0.86284,NaN,NaN,NaN,NaN,NaN,NaN,NaN,NaN,NaN,NaN,NaN,NaN,NaN,NaN,NaN,NaN,NaN,NaN,NaN,NaN,NaN,
68.107,-0.01778,-0.01021,0.13002,-0.41436,-0.21612,-0.19296,0.86277,NaN,NaN,NaN,NaN,NaN,NaN,NaN,NaN,NaN,NaN,NaN,NaN,NaN,NaN,NaN,NaN,NaN,NaN,NaN,NaN,NaN,
68.132,-0.01762,-0.01038,0.12994,-0.41509,-0.21390,-0.19426,0.86268,NaN,NaN,NaN,NaN,NaN,NaN,NaN,NaN,NaN,NaN,NaN,NaN,NaN,NaN,NaN,NaN,NaN,NaN,NaN,NaN,NaN,
68.157,-0.01742,-0.01052,0.12990,-0.41614,-0.21137,-0.19546,0.86252,NaN,NaN,NaN,NaN,NaN,NaN,NaN,NaN,NaN,NaN,NaN,NaN,NaN,NaN,NaN,NaN,NaN,NaN,NaN,NaN,NaN,
68.182,-0.01727,-0.01058,0.12989,-0.41740,-0.20874,-0.19648,0.86232,NaN,NaN,NaN,NaN,NaN,NaN,NaN,NaN,NaN,NaN,NaN,NaN,NaN,NaN,NaN,NaN,NaN,NaN,NaN,NaN,NaN,
68.207,-0.01718,-0.01056,0.12992,-0.41860,-0.20669,-0.19701,0.86212,NaN,NaN,NaN,NaN,NaN,NaN,NaN,NaN,NaN,NaN,NaN,NaN,NaN,NaN,NaN,NaN,NaN,NaN,NaN,NaN,NaN,
68.232,-0.01706,-0.01050,0.12994,-0.42019,-0.20487,-0.19680,0.86182,NaN,NaN,NaN,NaN,NaN,NaN,NaN,NaN,NaN,NaN,NaN,NaN,NaN,NaN,NaN,NaN,NaN,NaN,NaN,NaN,NaN,
68.257,-0.01699,-0.01049,0.12994,-0.42113,-0.20361,-0.19686,0.86165,NaN,NaN,NaN,NaN,NaN,NaN,NaN,NaN,NaN,NaN,NaN,NaN,NaN,NaN,NaN,NaN,NaN,NaN,NaN,NaN,NaN,
68.282,-0.01686,-0.01051,0.12996,-0.42199,-0.20259,-0.19678,0.86149,NaN,NaN,NaN,NaN,NaN,NaN,NaN,NaN,NaN,NaN,NaN,NaN,NaN,NaN,NaN,NaN,NaN,NaN,NaN,NaN,NaN,
68.307,-0.01686,-0.01052,0.12992,-0.42208,-0.20245,-0.19680,0.86147,NaN,NaN,NaN,NaN,NaN,NaN,NaN,NaN,NaN,NaN,NaN,NaN,NaN,NaN,NaN,NaN,NaN,NaN,NaN,NaN,NaN,
68.332,-0.01691,-0.01042,0.12987,-0.42327,-0.20169,-0.19604,0.86124,NaN,NaN,NaN,NaN,NaN,NaN,NaN,NaN,NaN,NaN,NaN,NaN,NaN,NaN,NaN,NaN,NaN,NaN,NaN,NaN,NaN,
68.357,-0.01687,-0.01033,0.12993,-0.42537,-0.19917,-0.19587,0.86083,NaN,NaN,NaN,NaN,NaN,NaN,NaN,NaN,NaN,NaN,NaN,NaN,NaN,NaN,NaN,NaN,NaN,NaN,NaN,NaN,NaN,
68.382,-0.01654,-0.01023,0.13004,-0.42842,-0.19510,-0.19600,0.86022,NaN,NaN,NaN,NaN,NaN,NaN,NaN,NaN,NaN,NaN,NaN,NaN,NaN,NaN,NaN,NaN,NaN,NaN,NaN,NaN,NaN,
68.407,-0.01627,-0.01016,0.13009,-0.43204,-0.19082,-0.19557,0.85947,NaN,NaN,NaN,NaN,NaN,NaN,NaN,NaN,NaN,NaN,NaN,NaN,NaN,NaN,NaN,NaN,NaN,NaN,NaN,NaN,NaN,
68.432,-0.01616,-0.01018,0.13003,-0.43473,-0.18734,-0.19553,0.85889,NaN,NaN,NaN,NaN,NaN,NaN,NaN,NaN,NaN,NaN,NaN,NaN,NaN,NaN,NaN,NaN,NaN,NaN,NaN,NaN,NaN,
68.458,-0.01586,-0.01023,0.13010,-0.43927,-0.18098,-0.19588,0.85786,NaN,NaN,NaN,NaN,NaN,NaN,NaN,NaN,NaN,NaN,NaN,NaN,NaN,NaN,NaN,NaN,NaN,NaN,NaN,NaN,NaN,
68.482,-0.01533,-0.01016,0.13019,-0.44298,-0.17568,-0.19623,0.85697,NaN,NaN,NaN,NaN,NaN,NaN,NaN,NaN,NaN,NaN,NaN,NaN,NaN,NaN,NaN,NaN,NaN,NaN,NaN,NaN,NaN,
68.507,-0.01528,-0.01018,0.13025,-0.44403,-0.17386,-0.19663,0.85671,NaN,NaN,NaN,NaN,NaN,NaN,NaN,NaN,NaN,NaN,NaN,NaN,NaN,NaN,NaN,NaN,NaN,NaN,NaN,NaN,NaN,
68.532,-0.01528,-0.01017,0.13023,-0.44462,-0.17335,-0.19636,0.85657,NaN,NaN,NaN,NaN,NaN,NaN,NaN,NaN,NaN,NaN,NaN,NaN,NaN,NaN,NaN,NaN,NaN,NaN,NaN,NaN,NaN,
68.557,-0.01526,-0.01016,0.13013,-0.44527,-0.17294,-0.19591,0.85641,NaN,NaN,NaN,NaN,NaN,NaN,NaN,NaN,NaN,NaN,NaN,NaN,NaN,NaN,NaN,NaN,NaN,NaN,NaN,NaN,NaN,
68.582,-0.01518,-0.01013,0.13010,-0.44614,-0.17227,-0.19543,0.85620,NaN,NaN,NaN,NaN,NaN,NaN,NaN,NaN,NaN,NaN,NaN,NaN,NaN,NaN,NaN,NaN,NaN,NaN,NaN,NaN,NaN,
68.607,-0.01516,-0.01017,0.13007,-0.44673,-0.17194,-0.19500,0.85607,NaN,NaN,NaN,NaN,NaN,NaN,NaN,NaN,NaN,NaN,NaN,NaN,NaN,NaN,NaN,NaN,NaN,NaN,NaN,NaN,NaN,
68.632,-0.01519,-0.01015,0.13002,-0.44718,-0.17188,-0.19447,0.85596,NaN,NaN,NaN,NaN,NaN,NaN,NaN,NaN,NaN,NaN,NaN,NaN,NaN,NaN,NaN,NaN,NaN,NaN,NaN,NaN,NaN,
68.657,-0.01519,-0.01007,0.12997,-0.44783,-0.17171,-0.19379,0.85581,NaN,NaN,NaN,NaN,NaN,NaN,NaN,NaN,NaN,NaN,NaN,NaN,NaN,NaN,NaN,NaN,NaN,NaN,NaN,NaN,NaN,
68.682,-0.01526,-0.01016,0.12982,-0.44761,-0.17168,-0.19411,0.85586,NaN,NaN,NaN,NaN,NaN,NaN,NaN,NaN,NaN,NaN,NaN,NaN,NaN,NaN,NaN,NaN,NaN,NaN,NaN,NaN,NaN,
68.707,-0.01516,-0.01031,0.12980,-0.44751,-0.17084,-0.19505,0.85587,NaN,NaN,NaN,NaN,NaN,NaN,NaN,NaN,NaN,NaN,NaN,NaN,NaN,NaN,NaN,NaN,NaN,NaN,NaN,NaN,NaN,
68.732,-0.01500,-0.01046,0.12980,-0.44671,-0.17094,-0.19598,0.85605,NaN,NaN,NaN,NaN,NaN,NaN,NaN,NaN,NaN,NaN,NaN,NaN,NaN,NaN,NaN,NaN,NaN,NaN,NaN,NaN,NaN,
68.757,-0.01504,-0.01062,0.12957,-0.44547,-0.17226,-0.19631,0.85636,NaN,NaN,NaN,NaN,NaN,NaN,NaN,NaN,NaN,NaN,NaN,NaN,NaN,NaN,NaN,NaN,NaN,NaN,NaN,NaN,NaN,
68.782,-0.01497,-0.01067,0.12951,-0.44512,-0.17290,-0.19615,0.85645,NaN,NaN,NaN,NaN,NaN,NaN,NaN,NaN,NaN,NaN,NaN,NaN,NaN,NaN,NaN,NaN,NaN,NaN,NaN,NaN,NaN,
68.807,-0.01504,-0.01069,0.12939,-0.44449,-0.17397,-0.19593,0.85661,NaN,NaN,NaN,NaN,NaN,NaN,NaN,NaN,NaN,NaN,NaN,NaN,NaN,NaN,NaN,NaN,NaN,NaN,NaN,NaN,NaN,
68.832,-0.01505,-0.01067,0.12935,-0.44443,-0.17440,-0.19560,0.85663,NaN,NaN,NaN,NaN,NaN,NaN,NaN,NaN,NaN,NaN,NaN,NaN,NaN,NaN,NaN,NaN,NaN,NaN,NaN,NaN,NaN,
68.857,-0.01507,-0.01078,0.12933,-0.44325,-0.17544,-0.19612,0.85691,NaN,NaN,NaN,NaN,NaN,NaN,NaN,NaN,NaN,NaN,NaN,NaN,NaN,NaN,NaN,NaN,NaN,NaN,NaN,NaN,NaN,
68.882,-0.01510,-0.01081,0.12930,-0.44245,-0.17649,-0.19613,0.85710,NaN,NaN,NaN,NaN,NaN,NaN,NaN,NaN,NaN,NaN,NaN,NaN,NaN,NaN,NaN,NaN,NaN,NaN,NaN,NaN,NaN,
68.907,-0.01510,-0.01092,0.12912,-0.44173,-0.17726,-0.19632,0.85727,NaN,NaN,NaN,NaN,NaN,NaN,NaN,NaN,NaN,NaN,NaN,NaN,NaN,NaN,NaN,NaN,NaN,NaN,NaN,NaN,NaN,
68.932,-0.01504,-0.01116,0.12910,-0.43969,-0.17856,-0.19768,0.85774,NaN,NaN,NaN,NaN,NaN,NaN,NaN,NaN,NaN,NaN,NaN,NaN,NaN,NaN,NaN,NaN,NaN,NaN,NaN,NaN,NaN,
68.957,-0.01504,-0.01123,0.12911,-0.43933,-0.17887,-0.19784,0.85782,NaN,NaN,NaN,NaN,NaN,NaN,NaN,NaN,NaN,NaN,NaN,NaN,NaN,NaN,NaN,NaN,NaN,NaN,NaN,NaN,NaN,
68.982,-0.01507,-0.01134,0.12927,-0.43867,-0.17898,-0.19857,0.85796,NaN,NaN,NaN,NaN,NaN,NaN,NaN,NaN,NaN,NaN,NaN,NaN,NaN,NaN,NaN,NaN,NaN,NaN,NaN,NaN,NaN,
69.007,-0.01509,-0.01138,0.12921,-0.43786,-0.17984,-0.19879,0.85815,NaN,NaN,NaN,NaN,NaN,NaN,NaN,NaN,NaN,NaN,NaN,NaN,NaN,NaN,NaN,NaN,NaN,NaN,NaN,NaN,NaN,
69.032,-0.01515,-0.01149,0.12918,-0.43603,-0.18140,-0.19962,0.85856,NaN,NaN,NaN,NaN,NaN,NaN,NaN,NaN,NaN,NaN,NaN,NaN,NaN,NaN,NaN,NaN,NaN,NaN,NaN,NaN,NaN,
69.057,-0.01515,-0.01156,0.12931,-0.43546,-0.18153,-0.20023,0.85868,NaN,NaN,NaN,NaN,NaN,NaN,NaN,NaN,NaN,NaN,NaN,NaN,NaN,NaN,NaN,NaN,NaN,NaN,NaN,NaN,NaN,
69.082,-0.01516,-0.01171,0.12937,-0.43437,-0.18218,-0.20099,0.85892,NaN,NaN,NaN,NaN,NaN,NaN,NaN,NaN,NaN,NaN,NaN,NaN,NaN,NaN,NaN,NaN,NaN,NaN,NaN,NaN,NaN,
69.107,-0.01518,-0.01182,0.12951,-0.43286,-0.18312,-0.20200,0.85924,NaN,NaN,NaN,NaN,NaN,NaN,NaN,NaN,NaN,NaN,NaN,NaN,NaN,NaN,NaN,NaN,NaN,NaN,NaN,NaN,NaN,
69.132,-0.01514,-0.01192,0.12964,-0.43254,-0.18307,-0.20245,0.85931,NaN,NaN,NaN,NaN,NaN,NaN,NaN,NaN,NaN,NaN,NaN,NaN,NaN,NaN,NaN,NaN,NaN,NaN,NaN,NaN,NaN,
69.157,-0.01514,-0.01202,0.12973,-0.43247,-0.18287,-0.20273,0.85932,NaN,NaN,NaN,NaN,NaN,NaN,NaN,NaN,NaN,NaN,NaN,NaN,NaN,NaN,NaN,NaN,NaN,NaN,NaN,NaN,NaN,
69.182,-0.01520,-0.01205,0.12992,-0.43186,-0.18293,-0.20345,0.85944,NaN,NaN,NaN,NaN,NaN,NaN,NaN,NaN,NaN,NaN,NaN,NaN,NaN,NaN,NaN,NaN,NaN,NaN,NaN,NaN,NaN,
69.207,-0.01525,-0.01206,0.12993,-0.43183,-0.18291,-0.20350,0.85945,NaN,NaN,NaN,NaN,NaN,NaN,NaN,NaN,NaN,NaN,NaN,NaN,NaN,NaN,NaN,NaN,NaN,NaN,NaN,NaN,NaN,
69.232,-0.01528,-0.01210,0.13021,-0.43210,-0.18203,-0.20401,0.85938,NaN,NaN,NaN,NaN,NaN,NaN,NaN,NaN,NaN,NaN,NaN,NaN,NaN,NaN,NaN,NaN,NaN,NaN,NaN,NaN,NaN,
69.257,-0.01526,-0.01216,0.13020,-0.43276,-0.18142,-0.20376,0.85924,NaN,NaN,NaN,NaN,NaN,NaN,NaN,NaN,NaN,NaN,NaN,NaN,NaN,NaN,NaN,NaN,NaN,NaN,NaN,NaN,NaN,
69.282,-0.01524,-0.01231,0.13023,-0.43301,-0.18099,-0.20386,0.85918,NaN,NaN,NaN,NaN,NaN,NaN,NaN,NaN,NaN,NaN,NaN,NaN,NaN,NaN,NaN,NaN,NaN,NaN,NaN,NaN,NaN,
69.307,-0.01515,-0.01243,0.13030,-0.43229,-0.18135,-0.20442,0.85933,NaN,NaN,NaN,NaN,NaN,NaN,NaN,NaN,NaN,NaN,NaN,NaN,NaN,NaN,NaN,NaN,NaN,NaN,NaN,NaN,NaN,
69.332,-0.01526,-0.01241,0.13038,-0.43197,-0.18151,-0.20467,0.85940,NaN,NaN,NaN,NaN,NaN,NaN,NaN,NaN,NaN,NaN,NaN,NaN,NaN,NaN,NaN,NaN,NaN,NaN,NaN,NaN,NaN,
69.357,-0.01530,-0.01240,0.13051,-0.43228,-0.18108,-0.20469,0.85933,NaN,NaN,NaN,NaN,NaN,NaN,NaN,NaN,NaN,NaN,NaN,NaN,NaN,NaN,NaN,NaN,NaN,NaN,NaN,NaN,NaN,
69.382,-0.01528,-0.01242,0.13043,-0.43231,-0.18101,-0.20472,0.85932,NaN,NaN,NaN,NaN,NaN,NaN,NaN,NaN,NaN,NaN,NaN,NaN,NaN,NaN,NaN,NaN,NaN,NaN,NaN,NaN,NaN,
69.407,-0.01509,-0.01244,0.13042,-0.43346,-0.17981,-0.20442,0.85907,NaN,NaN,NaN,NaN,NaN,NaN,NaN,NaN,NaN,NaN,NaN,NaN,NaN,NaN,NaN,NaN,NaN,NaN,NaN,NaN,NaN,
69.432,-0.01510,-0.01251,0.13050,-0.43335,-0.17956,-0.20479,0.85908,NaN,NaN,NaN,NaN,NaN,NaN,NaN,NaN,NaN,NaN,NaN,NaN,NaN,NaN,NaN,NaN,NaN,NaN,NaN,NaN,NaN,
69.457,-0.01516,-0.01248,0.13040,-0.43279,-0.18041,-0.20469,0.85921,NaN,NaN,NaN,NaN,NaN,NaN,NaN,NaN,NaN,NaN,NaN,NaN,NaN,NaN,NaN,NaN,NaN,NaN,NaN,NaN,NaN,
69.482,-0.01516,-0.01255,0.13046,-0.43236,-0.18065,-0.20500,0.85930,NaN,NaN,NaN,NaN,NaN,NaN,NaN,NaN,NaN,NaN,NaN,NaN,NaN,NaN,NaN,NaN,NaN,NaN,NaN,NaN,NaN,
69.507,-0.01510,-0.01249,0.13033,-0.43272,-0.18095,-0.20425,0.85924,NaN,NaN,NaN,NaN,NaN,NaN,NaN,NaN,NaN,NaN,NaN,NaN,NaN,NaN,NaN,NaN,NaN,NaN,NaN,NaN,NaN,
69.532,-0.01511,-0.01255,0.13026,-0.43382,-0.18025,-0.20354,0.85900,NaN,NaN,NaN,NaN,NaN,NaN,NaN,NaN,NaN,NaN,NaN,NaN,NaN,NaN,NaN,NaN,NaN,NaN,NaN,NaN,NaN,
69.557,-0.01500,-0.01254,0.13017,-0.43506,-0.17882,-0.20333,0.85872,NaN,NaN,NaN,NaN,NaN,NaN,NaN,NaN,NaN,NaN,NaN,NaN,NaN,NaN,NaN,NaN,NaN,NaN,NaN,NaN,NaN,
69.582,-0.01483,-0.01251,0.13025,-0.43615,-0.17681,-0.20387,0.85845,NaN,NaN,NaN,NaN,NaN,NaN,NaN,NaN,NaN,NaN,NaN,NaN,NaN,NaN,NaN,NaN,NaN,NaN,NaN,NaN,NaN,
69.607,-0.01474,-0.01252,0.13015,-0.43620,-0.17652,-0.20409,0.85844,NaN,NaN,NaN,NaN,NaN,NaN,NaN,NaN,NaN,NaN,NaN,NaN,NaN,NaN,NaN,NaN,NaN,NaN,NaN,NaN,NaN,
69.632,-0.01467,-0.01255,0.13003,-0.43660,-0.17619,-0.20390,0.85835,NaN,NaN,NaN,NaN,NaN,NaN,NaN,NaN,NaN,NaN,NaN,NaN,NaN,NaN,NaN,NaN,NaN,NaN,NaN,NaN,NaN,
69.657,-0.01459,-0.01256,0.12991,-0.43702,-0.17608,-0.20347,0.85826,NaN,NaN,NaN,NaN,NaN,NaN,NaN,NaN,NaN,NaN,NaN,NaN,NaN,NaN,NaN,NaN,NaN,NaN,NaN,NaN,NaN,
69.682,-0.01466,-0.01256,0.12987,-0.43682,-0.17604,-0.20376,0.85830,NaN,NaN,NaN,NaN,NaN,NaN,NaN,NaN,NaN,NaN,NaN,NaN,NaN,NaN,NaN,NaN,NaN,NaN,NaN,NaN,NaN,
69.707,-0.01459,-0.01270,0.12989,-0.43627,-0.17516,-0.20531,0.85839,NaN,NaN,NaN,NaN,NaN,NaN,NaN,NaN,NaN,NaN,NaN,NaN,NaN,NaN,NaN,NaN,NaN,NaN,NaN,NaN,NaN,
69.732,-0.01438,-0.01289,0.12984,-0.43524,-0.17464,-0.20711,0.85859,NaN,NaN,NaN,NaN,NaN,NaN,NaN,NaN,NaN,NaN,NaN,NaN,NaN,NaN,NaN,NaN,NaN,NaN,NaN,NaN,NaN,
69.757,-0.01431,-0.01308,0.12981,-0.43385,-0.17518,-0.20834,0.85888,NaN,NaN,NaN,NaN,NaN,NaN,NaN,NaN,NaN,NaN,NaN,NaN,NaN,NaN,NaN,NaN,NaN,NaN,NaN,NaN,NaN,
69.782,-0.01434,-0.01312,0.12964,-0.43316,-0.17591,-0.20851,0.85904,NaN,NaN,NaN,NaN,NaN,NaN,NaN,NaN,NaN,NaN,NaN,NaN,NaN,NaN,NaN,NaN,NaN,NaN,NaN,NaN,NaN,
69.807,-0.01430,-0.01325,0.12971,-0.43175,-0.17597,-0.21024,0.85932,NaN,NaN,NaN,NaN,NaN,NaN,NaN,NaN,NaN,NaN,NaN,NaN,NaN,NaN,NaN,NaN,NaN,NaN,NaN,NaN,NaN,
69.832,-0.01418,-0.01338,0.12969,-0.42998,-0.17683,-0.21165,0.85968,NaN,NaN,NaN,NaN,NaN,NaN,NaN,NaN,NaN,NaN,NaN,NaN,NaN,NaN,NaN,NaN,NaN,NaN,NaN,NaN,NaN,
69.857,-0.01418,-0.01346,0.12966,-0.42935,-0.17737,-0.21193,0.85982,NaN,NaN,NaN,NaN,NaN,NaN,NaN,NaN,NaN,NaN,NaN,NaN,NaN,NaN,NaN,NaN,NaN,NaN,NaN,NaN,NaN,
69.882,-0.01414,-0.01355,0.12963,-0.42879,-0.17788,-0.21215,0.85994,NaN,NaN,NaN,NaN,NaN,NaN,NaN,NaN,NaN,NaN,NaN,NaN,NaN,NaN,NaN,NaN,NaN,NaN,NaN,NaN,NaN,
69.907,-0.01419,-0.01358,0.12963,-0.42785,-0.17862,-0.21262,0.86013,NaN,NaN,NaN,NaN,NaN,NaN,NaN,NaN,NaN,NaN,NaN,NaN,NaN,NaN,NaN,NaN,NaN,NaN,NaN,NaN,NaN,
69.932,-0.01424,-0.01371,0.12971,-0.42645,-0.17948,-0.21355,0.86042,NaN,NaN,NaN,NaN,NaN,NaN,NaN,NaN,NaN,NaN,NaN,NaN,NaN,NaN,NaN,NaN,NaN,NaN,NaN,NaN,NaN,
69.957,-0.01421,-0.01380,0.12982,-0.42613,-0.17950,-0.21393,0.86048,NaN,NaN,NaN,NaN,NaN,NaN,NaN,NaN,NaN,NaN,NaN,NaN,NaN,NaN,NaN,NaN,NaN,NaN,NaN,NaN,NaN,
69.982,-0.01424,-0.01382,0.12979,-0.42622,-0.17968,-0.21364,0.86047,NaN,NaN,NaN,NaN,NaN,NaN,NaN,NaN,NaN,NaN,NaN,NaN,NaN,NaN,NaN,NaN,NaN,NaN,NaN,NaN,NaN,
70.007,-0.01422,-0.01385,0.12993,-0.42613,-0.17935,-0.21408,0.86048,NaN,NaN,NaN,NaN,NaN,NaN,NaN,NaN,NaN,NaN,NaN,NaN,NaN,NaN,NaN,NaN,NaN,NaN,NaN,NaN,NaN,
70.032,-0.01409,-0.01392,0.13005,-0.42642,-0.17808,-0.21493,0.86039,NaN,NaN,NaN,NaN,NaN,NaN,NaN,NaN,NaN,NaN,NaN,NaN,NaN,NaN,NaN,NaN,NaN,NaN,NaN,NaN,NaN,
70.057,-0.01402,-0.01409,0.13011,-0.42626,-0.17712,-0.21603,0.86038,NaN,NaN,NaN,NaN,NaN,NaN,NaN,NaN,NaN,NaN,NaN,NaN,NaN,NaN,NaN,NaN,NaN,NaN,NaN,NaN,NaN,
70.082,-0.01393,-0.01412,0.13017,-0.42635,-0.17637,-0.21662,0.86034,NaN,NaN,NaN,NaN,NaN,NaN,NaN,NaN,NaN,NaN,NaN,NaN,NaN,NaN,NaN,NaN,NaN,NaN,NaN,NaN,NaN,
70.107,-0.01394,-0.01421,0.13027,-0.42610,-0.17556,-0.21770,0.86036,NaN,NaN,NaN,NaN,NaN,NaN,NaN,NaN,NaN,NaN,NaN,NaN,NaN,NaN,NaN,NaN,NaN,NaN,NaN,NaN,NaN,
70.132,-0.01379,-0.01434,0.13031,-0.42703,-0.17370,-0.21830,0.86013,NaN,NaN,NaN,NaN,NaN,NaN,NaN,NaN,NaN,NaN,NaN,NaN,NaN,NaN,NaN,NaN,NaN,NaN,NaN,NaN,NaN,
70.157,-0.01365,-0.01444,0.13043,-0.42766,-0.17168,-0.21941,0.85994,NaN,NaN,NaN,NaN,NaN,NaN,NaN,NaN,NaN,NaN,NaN,NaN,NaN,NaN,NaN,NaN,NaN,NaN,NaN,NaN,NaN,
70.182,-0.01353,-0.01447,0.13053,-0.42806,-0.17034,-0.22018,0.85981,NaN,NaN,NaN,NaN,NaN,NaN,NaN,NaN,NaN,NaN,NaN,NaN,NaN,NaN,NaN,NaN,NaN,NaN,NaN,NaN,NaN,
70.207,-0.01350,-0.01449,0.13056,-0.42816,-0.16985,-0.22050,0.85977,NaN,NaN,NaN,NaN,NaN,NaN,NaN,NaN,NaN,NaN,NaN,NaN,NaN,NaN,NaN,NaN,NaN,NaN,NaN,NaN,NaN,
70.232,-0.01347,-0.01448,0.13057,-0.42893,-0.16928,-0.22009,0.85961,NaN,NaN,NaN,NaN,NaN,NaN,NaN,NaN,NaN,NaN,NaN,NaN,NaN,NaN,NaN,NaN,NaN,NaN,NaN,NaN,NaN,
70.257,-0.01343,-0.01449,0.13054,-0.42960,-0.16874,-0.21975,0.85946,NaN,NaN,NaN,NaN,NaN,NaN,NaN,NaN,NaN,NaN,NaN,NaN,NaN,NaN,NaN,NaN,NaN,NaN,NaN,NaN,NaN,
70.282,-0.01341,-0.01448,0.13054,-0.43008,-0.16801,-0.21983,0.85935,NaN,NaN,NaN,NaN,NaN,NaN,NaN,NaN,NaN,NaN,NaN,NaN,NaN,NaN,NaN,NaN,NaN,NaN,NaN,NaN,NaN,
70.307,-0.01334,-0.01449,0.13057,-0.43016,-0.16735,-0.22035,0.85930,NaN,NaN,NaN,NaN,NaN,NaN,NaN,NaN,NaN,NaN,NaN,NaN,NaN,NaN,NaN,NaN,NaN,NaN,NaN,NaN,NaN,
70.332,-0.01325,-0.01448,0.13053,-0.43027,-0.16705,-0.22049,0.85927,NaN,NaN,NaN,NaN,NaN,NaN,NaN,NaN,NaN,NaN,NaN,NaN,NaN,NaN,NaN,NaN,NaN,NaN,NaN,NaN,NaN,
70.357,-0.01322,-0.01456,0.13037,-0.42964,-0.16749,-0.22087,0.85940,NaN,NaN,NaN,NaN,NaN,NaN,NaN,NaN,NaN,NaN,NaN,NaN,NaN,NaN,NaN,NaN,NaN,NaN,NaN,NaN,NaN,
70.382,-0.01306,-0.01460,0.13034,-0.43016,-0.16667,-0.22099,0.85927,NaN,NaN,NaN,NaN,NaN,NaN,NaN,NaN,NaN,NaN,NaN,NaN,NaN,NaN,NaN,NaN,NaN,NaN,NaN,NaN,NaN,
70.407,-0.01303,-0.01461,0.13019,-0.42968,-0.16732,-0.22097,0.85939,NaN,NaN,NaN,NaN,NaN,NaN,NaN,NaN,NaN,NaN,NaN,NaN,NaN,NaN,NaN,NaN,NaN,NaN,NaN,NaN,NaN,
70.432,-0.01308,-0.01454,0.13017,-0.42967,-0.16771,-0.22062,0.85941,NaN,NaN,NaN,NaN,NaN,NaN,NaN,NaN,NaN,NaN,NaN,NaN,NaN,NaN,NaN,NaN,NaN,NaN,NaN,NaN,NaN,
70.457,-0.01307,-0.01449,0.13008,-0.42998,-0.16799,-0.21998,0.85936,NaN,NaN,NaN,NaN,NaN,NaN,NaN,NaN,NaN,NaN,NaN,NaN,NaN,NaN,NaN,NaN,NaN,NaN,NaN,NaN,NaN,
70.482,-0.01304,-0.01450,0.12993,-0.42927,-0.16893,-0.21999,0.85953,NaN,NaN,NaN,NaN,NaN,NaN,NaN,NaN,NaN,NaN,NaN,NaN,NaN,NaN,NaN,NaN,NaN,NaN,NaN,NaN,NaN,
70.507,-0.01300,-0.01456,0.12990,-0.42895,-0.16915,-0.22017,0.85960,NaN,NaN,NaN,NaN,NaN,NaN,NaN,NaN,NaN,NaN,NaN,NaN,NaN,NaN,NaN,NaN,NaN,NaN,NaN,NaN,NaN,
70.532,-0.01300,-0.01456,0.12980,-0.42917,-0.16923,-0.21982,0.85956,NaN,NaN,NaN,NaN,NaN,NaN,NaN,NaN,NaN,NaN,NaN,NaN,NaN,NaN,NaN,NaN,NaN,NaN,NaN,NaN,NaN,
70.557,-0.01300,-0.01451,0.12973,-0.42959,-0.16915,-0.21938,0.85949,NaN,NaN,NaN,NaN,NaN,NaN,NaN,NaN,NaN,NaN,NaN,NaN,NaN,NaN,NaN,NaN,NaN,NaN,NaN,NaN,NaN,
70.582,-0.01302,-0.01448,0.12975,-0.42962,-0.16882,-0.21965,0.85946,NaN,NaN,NaN,NaN,NaN,NaN,NaN,NaN,NaN,NaN,NaN,NaN,NaN,NaN,NaN,NaN,NaN,NaN,NaN,NaN,NaN,
70.607,-0.01294,-0.01444,0.12974,-0.42996,-0.16836,-0.21966,0.85938,NaN,NaN,NaN,NaN,NaN,NaN,NaN,NaN,NaN,NaN,NaN,NaN,NaN,NaN,NaN,NaN,NaN,NaN,NaN,NaN,NaN,
70.632,-0.01292,-0.01445,0.12975,-0.42999,-0.16823,-0.21975,0.85937,NaN,NaN,NaN,NaN,NaN,NaN,NaN,NaN,NaN,NaN,NaN,NaN,NaN,NaN,NaN,NaN,NaN,NaN,NaN,NaN,NaN,
70.657,-0.01289,-0.01450,0.12973,-0.43010,-0.16811,-0.21971,0.85935,NaN,NaN,NaN,NaN,NaN,NaN,NaN,NaN,NaN,NaN,NaN,NaN,NaN,NaN,NaN,NaN,NaN,NaN,NaN,NaN,NaN,
70.682,-0.01290,-0.01453,0.12975,-0.43015,-0.16790,-0.21986,0.85933,NaN,NaN,NaN,NaN,NaN,NaN,NaN,NaN,NaN,NaN,NaN,NaN,NaN,NaN,NaN,NaN,NaN,NaN,NaN,NaN,NaN,
70.707,-0.01287,-0.01455,0.12976,-0.43031,-0.16773,-0.21982,0.85929,NaN,NaN,NaN,NaN,NaN,NaN,NaN,NaN,NaN,NaN,NaN,NaN,NaN,NaN,NaN,NaN,NaN,NaN,NaN,NaN,NaN,
70.732,-0.01285,-0.01449,0.12975,-0.43105,-0.16655,-0.21999,0.85910,NaN,NaN,NaN,NaN,NaN,NaN,NaN,NaN,NaN,NaN,NaN,NaN,NaN,NaN,NaN,NaN,NaN,NaN,NaN,NaN,NaN,
70.757,-0.01272,-0.01449,0.12977,-0.43164,-0.16512,-0.22059,0.85893,NaN,NaN,NaN,NaN,NaN,NaN,NaN,NaN,NaN,NaN,NaN,NaN,NaN,NaN,NaN,NaN,NaN,NaN,NaN,NaN,NaN,
70.782,-0.01278,-0.01453,0.12980,-0.43173,-0.16462,-0.22094,0.85889,NaN,NaN,NaN,NaN,NaN,NaN,NaN,NaN,NaN,NaN,NaN,NaN,NaN,NaN,NaN,NaN,NaN,NaN,NaN,NaN,NaN,
70.807,-0.01270,-0.01455,0.12980,-0.43216,-0.16420,-0.22080,0.85879,NaN,NaN,NaN,NaN,NaN,NaN,NaN,NaN,NaN,NaN,NaN,NaN,NaN,NaN,NaN,NaN,NaN,NaN,NaN,NaN,NaN,
70.832,-0.01260,-0.01462,0.12983,-0.43216,-0.16346,-0.22149,0.85876,NaN,NaN,NaN,NaN,NaN,NaN,NaN,NaN,NaN,NaN,NaN,NaN,NaN,NaN,NaN,NaN,NaN,NaN,NaN,NaN,NaN,
70.857,-0.01267,-0.01485,0.12989,-0.42867,-0.16501,-0.22438,0.85946,NaN,NaN,NaN,NaN,NaN,NaN,NaN,NaN,NaN,NaN,NaN,NaN,NaN,NaN,NaN,NaN,NaN,NaN,NaN,NaN,NaN,
70.882,-0.01266,-0.01503,0.12996,-0.42591,-0.16641,-0.22650,0.86000,NaN,NaN,NaN,NaN,NaN,NaN,NaN,NaN,NaN,NaN,NaN,NaN,NaN,NaN,NaN,NaN,NaN,NaN,NaN,NaN,NaN,
70.907,-0.01270,-0.01512,0.12995,-0.42398,-0.16759,-0.22779,0.86039,NaN,NaN,NaN,NaN,NaN,NaN,NaN,NaN,NaN,NaN,NaN,NaN,NaN,NaN,NaN,NaN,NaN,NaN,NaN,NaN,NaN,
70.932,-0.01275,-0.01525,0.13003,-0.42186,-0.16862,-0.22944,0.86079,NaN,NaN,NaN,NaN,NaN,NaN,NaN,NaN,NaN,NaN,NaN,NaN,NaN,NaN,NaN,NaN,NaN,NaN,NaN,NaN,NaN,
70.957,-0.01274,-0.01540,0.13012,-0.42081,-0.16876,-0.23059,0.86097,NaN,NaN,NaN,NaN,NaN,NaN,NaN,NaN,NaN,NaN,NaN,NaN,NaN,NaN,NaN,NaN,NaN,NaN,NaN,NaN,NaN,
70.982,-0.01272,-0.01556,0.13018,-0.41976,-0.16892,-0.23172,0.86114,NaN,NaN,NaN,NaN,NaN,NaN,NaN,NaN,NaN,NaN,NaN,NaN,NaN,NaN,NaN,NaN,NaN,NaN,NaN,NaN,NaN,
71.007,-0.01276,-0.01578,0.13025,-0.41760,-0.16983,-0.23353,0.86153,NaN,NaN,NaN,NaN,NaN,NaN,NaN,NaN,NaN,NaN,NaN,NaN,NaN,NaN,NaN,NaN,NaN,NaN,NaN,NaN,NaN,
71.032,-0.01272,-0.01586,0.13038,-0.41630,-0.17021,-0.23475,0.86175,NaN,NaN,NaN,NaN,NaN,NaN,NaN,NaN,NaN,NaN,NaN,NaN,NaN,NaN,NaN,NaN,NaN,NaN,NaN,NaN,NaN,
71.057,-0.01277,-0.01598,0.13041,-0.41454,-0.17066,-0.23648,0.86204,NaN,NaN,NaN,NaN,NaN,NaN,NaN,NaN,NaN,NaN,NaN,NaN,NaN,NaN,NaN,NaN,NaN,NaN,NaN,NaN,NaN,
71.082,-0.01261,-0.01608,0.13051,-0.41398,-0.16966,-0.23808,0.86206,NaN,NaN,NaN,NaN,NaN,NaN,NaN,NaN,NaN,NaN,NaN,NaN,NaN,NaN,NaN,NaN,NaN,NaN,NaN,NaN,NaN,
71.107,-0.01252,-0.01625,0.13053,-0.41328,-0.16923,-0.23932,0.86214,NaN,NaN,NaN,NaN,NaN,NaN,NaN,NaN,NaN,NaN,NaN,NaN,NaN,NaN,NaN,NaN,NaN,NaN,NaN,NaN,NaN,
71.132,-0.01248,-0.01637,0.13049,-0.41238,-0.16945,-0.24021,0.86228,NaN,NaN,NaN,NaN,NaN,NaN,NaN,NaN,NaN,NaN,NaN,NaN,NaN,NaN,NaN,NaN,NaN,NaN,NaN,NaN,NaN,
71.157,-0.01248,-0.01657,0.13058,-0.41067,-0.16940,-0.24232,0.86252,NaN,NaN,NaN,NaN,NaN,NaN,NaN,NaN,NaN,NaN,NaN,NaN,NaN,NaN,NaN,NaN,NaN,NaN,NaN,NaN,NaN,
71.182,-0.01237,-0.01678,0.13054,-0.40973,-0.16804,-0.24470,0.86256,NaN,NaN,NaN,NaN,NaN,NaN,NaN,NaN,NaN,NaN,NaN,NaN,NaN,NaN,NaN,NaN,NaN,NaN,NaN,NaN,NaN,
71.207,-0.01206,-0.01702,0.13052,-0.40896,-0.16568,-0.24776,0.86250,NaN,NaN,NaN,NaN,NaN,NaN,NaN,NaN,NaN,NaN,NaN,NaN,NaN,NaN,NaN,NaN,NaN,NaN,NaN,NaN,NaN,
71.232,-0.01178,-0.01733,0.13047,-0.40638,-0.16544,-0.25107,0.86282,NaN,NaN,NaN,NaN,NaN,NaN,NaN,NaN,NaN,NaN,NaN,NaN,NaN,NaN,NaN,NaN,NaN,NaN,NaN,NaN,NaN,
71.257,-0.01177,-0.01749,0.13041,-0.40460,-0.16574,-0.25290,0.86306,NaN,NaN,NaN,NaN,NaN,NaN,NaN,NaN,NaN,NaN,NaN,NaN,NaN,NaN,NaN,NaN,NaN,NaN,NaN,NaN,NaN,
71.282,-0.01163,-0.01763,0.13040,-0.40294,-0.16604,-0.25460,0.86328,NaN,NaN,NaN,NaN,NaN,NaN,NaN,NaN,NaN,NaN,NaN,NaN,NaN,NaN,NaN,NaN,NaN,NaN,NaN,NaN,NaN,
71.307,-0.01159,-0.01769,0.13034,-0.40232,-0.16564,-0.25570,0.86332,NaN,NaN,NaN,NaN,NaN,NaN,NaN,NaN,NaN,NaN,NaN,NaN,NaN,NaN,NaN,NaN,NaN,NaN,NaN,NaN,NaN,
71.332,-0.01145,-0.01772,0.13033,-0.40296,-0.16410,-0.25633,0.86313,NaN,NaN,NaN,NaN,NaN,NaN,NaN,NaN,NaN,NaN,NaN,NaN,NaN,NaN,NaN,NaN,NaN,NaN,NaN,NaN,NaN,
71.357,-0.01130,-0.01785,0.13021,-0.40272,-0.16320,-0.25742,0.86308,NaN,NaN,NaN,NaN,NaN,NaN,NaN,NaN,NaN,NaN,NaN,NaN,NaN,NaN,NaN,NaN,NaN,NaN,NaN,NaN,NaN,
71.382,-0.01115,-0.01796,0.13013,-0.40275,-0.16197,-0.25850,0.86298,NaN,NaN,NaN,NaN,NaN,NaN,NaN,NaN,NaN,NaN,NaN,NaN,NaN,NaN,NaN,NaN,NaN,NaN,NaN,NaN,NaN,
71.407,-0.01105,-0.01803,0.13005,-0.40277,-0.16080,-0.25952,0.86288,NaN,NaN,NaN,NaN,NaN,NaN,NaN,NaN,NaN,NaN,NaN,NaN,NaN,NaN,NaN,NaN,NaN,NaN,NaN,NaN,NaN,
71.432,-0.01093,-0.01803,0.13000,-0.40326,-0.15979,-0.25985,0.86274,NaN,NaN,NaN,NaN,NaN,NaN,NaN,NaN,NaN,NaN,NaN,NaN,NaN,NaN,NaN,NaN,NaN,NaN,NaN,NaN,NaN,
71.457,-0.01090,-0.01801,0.12991,-0.40338,-0.15924,-0.26020,0.86268,NaN,NaN,NaN,NaN,NaN,NaN,NaN,NaN,NaN,NaN,NaN,NaN,NaN,NaN,NaN,NaN,NaN,NaN,NaN,NaN,NaN,
71.482,-0.01075,-0.01796,0.12982,-0.40402,-0.15832,-0.26026,0.86253,NaN,NaN,NaN,NaN,NaN,NaN,NaN,NaN,NaN,NaN,NaN,NaN,NaN,NaN,NaN,NaN,NaN,NaN,NaN,NaN,NaN,
71.507,-0.01069,-0.01794,0.12968,-0.40497,-0.15730,-0.26006,0.86234,NaN,NaN,NaN,NaN,NaN,NaN,NaN,NaN,NaN,NaN,NaN,NaN,NaN,NaN,NaN,NaN,NaN,NaN,NaN,NaN,NaN,
71.532,-0.01062,-0.01792,0.12963,-0.40640,-0.15587,-0.25965,0.86205,NaN,NaN,NaN,NaN,NaN,NaN,NaN,NaN,NaN,NaN,NaN,NaN,NaN,NaN,NaN,NaN,NaN,NaN,NaN,NaN,NaN,
71.557,-0.01054,-0.01785,0.12951,-0.40844,-0.15409,-0.25882,0.86165,NaN,NaN,NaN,NaN,NaN,NaN,NaN,NaN,NaN,NaN,NaN,NaN,NaN,NaN,NaN,NaN,NaN,NaN,NaN,NaN,NaN,
71.582,-0.01035,-0.01782,0.12954,-0.40969,-0.15220,-0.25902,0.86133,NaN,NaN,NaN,NaN,NaN,NaN,NaN,NaN,NaN,NaN,NaN,NaN,NaN,NaN,NaN,NaN,NaN,NaN,NaN,NaN,NaN,
71.607,-0.01032,-0.01781,0.12955,-0.41062,-0.15090,-0.25907,0.86111,NaN,NaN,NaN,NaN,NaN,NaN,NaN,NaN,NaN,NaN,NaN,NaN,NaN,NaN,NaN,NaN,NaN,NaN,NaN,NaN,NaN,
71.632,-0.01028,-0.01778,0.12956,-0.41133,-0.15008,-0.25896,0.86094,NaN,NaN,NaN,NaN,NaN,NaN,NaN,NaN,NaN,NaN,NaN,NaN,NaN,NaN,NaN,NaN,NaN,NaN,NaN,NaN,NaN,
71.657,-0.01028,-0.01779,0.12954,-0.41209,-0.14898,-0.25903,0.86075,NaN,NaN,NaN,NaN,NaN,NaN,NaN,NaN,NaN,NaN,NaN,NaN,NaN,NaN,NaN,NaN,NaN,NaN,NaN,NaN,NaN,
71.682,-0.01019,-0.01778,0.12955,-0.41389,-0.14684,-0.25879,0.86033,NaN,NaN,NaN,NaN,NaN,NaN,NaN,NaN,NaN,NaN,NaN,NaN,NaN,NaN,NaN,NaN,NaN,NaN,NaN,NaN,NaN,
71.707,-0.01008,-0.01777,0.12961,-0.41562,-0.14462,-0.25869,0.85990,NaN,NaN,NaN,NaN,NaN,NaN,NaN,NaN,NaN,NaN,NaN,NaN,NaN,NaN,NaN,NaN,NaN,NaN,NaN,NaN,NaN,
71.732,-0.00991,-0.01772,0.12965,-0.41736,-0.14268,-0.25832,0.85949,NaN,NaN,NaN,NaN,NaN,NaN,NaN,NaN,NaN,NaN,NaN,NaN,NaN,NaN,NaN,NaN,NaN,NaN,NaN,NaN,NaN,
71.757,-0.00988,-0.01765,0.12964,-0.41902,-0.14091,-0.25790,0.85910,NaN,NaN,NaN,NaN,NaN,NaN,NaN,NaN,NaN,NaN,NaN,NaN,NaN,NaN,NaN,NaN,NaN,NaN,NaN,NaN,NaN,
71.782,-0.00986,-0.01766,0.12982,-0.42005,-0.13891,-0.25842,0.85877,NaN,NaN,NaN,NaN,NaN,NaN,NaN,NaN,NaN,NaN,NaN,NaN,NaN,NaN,NaN,NaN,NaN,NaN,NaN,NaN,NaN,
71.807,-0.00979,-0.01770,0.12987,-0.42083,-0.13771,-0.25855,0.85854,NaN,NaN,NaN,NaN,NaN,NaN,NaN,NaN,NaN,NaN,NaN,NaN,NaN,NaN,NaN,NaN,NaN,NaN,NaN,NaN,NaN,
71.832,-0.00976,-0.01775,0.12986,-0.42165,-0.13682,-0.25835,0.85834,NaN,NaN,NaN,NaN,NaN,NaN,NaN,NaN,NaN,NaN,NaN,NaN,NaN,NaN,NaN,NaN,NaN,NaN,NaN,NaN,NaN,
71.857,-0.00966,-0.01777,0.13001,-0.42295,-0.13506,-0.25833,0.85799,NaN,NaN,NaN,NaN,NaN,NaN,NaN,NaN,NaN,NaN,NaN,NaN,NaN,NaN,NaN,NaN,NaN,NaN,NaN,NaN,NaN,
71.882,-0.00960,-0.01772,0.13014,-0.42460,-0.13318,-0.25799,0.85757,NaN,NaN,NaN,NaN,NaN,NaN,NaN,NaN,NaN,NaN,NaN,NaN,NaN,NaN,NaN,NaN,NaN,NaN,NaN,NaN,NaN,
71.907,-0.00961,-0.01769,0.13023,-0.42568,-0.13182,-0.25788,0.85727,NaN,NaN,NaN,NaN,NaN,NaN,NaN,NaN,NaN,NaN,NaN,NaN,NaN,NaN,NaN,NaN,NaN,NaN,NaN,NaN,NaN,
71.932,-0.00959,-0.01762,0.13035,-0.42680,-0.13041,-0.25776,0.85697,NaN,NaN,NaN,NaN,NaN,NaN,NaN,NaN,NaN,NaN,NaN,NaN,NaN,NaN,NaN,NaN,NaN,NaN,NaN,NaN,NaN,
71.957,-0.00960,-0.01763,0.13043,-0.42732,-0.12966,-0.25778,0.85681,NaN,NaN,NaN,NaN,NaN,NaN,NaN,NaN,NaN,NaN,NaN,NaN,NaN,NaN,NaN,NaN,NaN,NaN,NaN,NaN,NaN,
71.982,-0.00957,-0.01762,0.13045,-0.42786,-0.12930,-0.25745,0.85670,NaN,NaN,NaN,NaN,NaN,NaN,NaN,NaN,NaN,NaN,NaN,NaN,NaN,NaN,NaN,NaN,NaN,NaN,NaN,NaN,NaN,
72.007,-0.00955,-0.01769,0.13047,-0.42800,-0.12903,-0.25752,0.85665,NaN,NaN,NaN,NaN,NaN,NaN,NaN,NaN,NaN,NaN,NaN,NaN,NaN,NaN,NaN,NaN,NaN,NaN,NaN,NaN,NaN,
72.032,-0.00956,-0.01774,0.13050,-0.42803,-0.12876,-0.25772,0.85662,NaN,NaN,NaN,NaN,NaN,NaN,NaN,NaN,NaN,NaN,NaN,NaN,NaN,NaN,NaN,NaN,NaN,NaN,NaN,NaN,NaN,
72.057,-0.00950,-0.01777,0.13053,-0.42829,-0.12824,-0.25786,0.85652,NaN,NaN,NaN,NaN,NaN,NaN,NaN,NaN,NaN,NaN,NaN,NaN,NaN,NaN,NaN,NaN,NaN,NaN,NaN,NaN,NaN,
72.082,-0.00947,-0.01776,0.13052,-0.42862,-0.12753,-0.25808,0.85640,NaN,NaN,NaN,NaN,NaN,NaN,NaN,NaN,NaN,NaN,NaN,NaN,NaN,NaN,NaN,NaN,NaN,NaN,NaN,NaN,NaN,
72.107,-0.00937,-0.01776,0.13060,-0.42886,-0.12663,-0.25856,0.85627,NaN,NaN,NaN,NaN,NaN,NaN,NaN,NaN,NaN,NaN,NaN,NaN,NaN,NaN,NaN,NaN,NaN,NaN,NaN,NaN,NaN,
72.132,-0.00938,-0.01773,0.13056,-0.42949,-0.12609,-0.25827,0.85612,NaN,NaN,NaN,NaN,NaN,NaN,NaN,NaN,NaN,NaN,NaN,NaN,NaN,NaN,NaN,NaN,NaN,NaN,NaN,NaN,NaN,
72.157,-0.00936,-0.01767,0.13059,-0.43022,-0.12522,-0.25815,0.85592,NaN,NaN,NaN,NaN,NaN,NaN,NaN,NaN,NaN,NaN,NaN,NaN,NaN,NaN,NaN,NaN,NaN,NaN,NaN,NaN,NaN,
72.182,-0.00928,-0.01765,0.13047,-0.43066,-0.12489,-0.25790,0.85581,NaN,NaN,NaN,NaN,NaN,NaN,NaN,NaN,NaN,NaN,NaN,NaN,NaN,NaN,NaN,NaN,NaN,NaN,NaN,NaN,NaN,
72.207,-0.00923,-0.01767,0.13045,-0.43145,-0.12423,-0.25752,0.85563,NaN,NaN,NaN,NaN,NaN,NaN,NaN,NaN,NaN,NaN,NaN,NaN,NaN,NaN,NaN,NaN,NaN,NaN,NaN,NaN,NaN,
72.232,-0.00912,-0.01767,0.13033,-0.43267,-0.12294,-0.25717,0.85531,NaN,NaN,NaN,NaN,NaN,NaN,NaN,NaN,NaN,NaN,NaN,NaN,NaN,NaN,NaN,NaN,NaN,NaN,NaN,NaN,NaN,
72.257,-0.00896,-0.01770,0.13030,-0.43368,-0.12103,-0.25759,0.85494,NaN,NaN,NaN,NaN,NaN,NaN,NaN,NaN,NaN,NaN,NaN,NaN,NaN,NaN,NaN,NaN,NaN,NaN,NaN,NaN,NaN,
72.282,-0.00880,-0.01771,0.13026,-0.43443,-0.11953,-0.25797,0.85465,NaN,NaN,NaN,NaN,NaN,NaN,NaN,NaN,NaN,NaN,NaN,NaN,NaN,NaN,NaN,NaN,NaN,NaN,NaN,NaN,NaN,
72.307,-0.00876,-0.01772,0.13023,-0.43491,-0.11831,-0.25845,0.85444,NaN,NaN,NaN,NaN,NaN,NaN,NaN,NaN,NaN,NaN,NaN,NaN,NaN,NaN,NaN,NaN,NaN,NaN,NaN,NaN,NaN,
72.332,-0.00865,-0.01772,0.13016,-0.43545,-0.11725,-0.25871,0.85423,NaN,NaN,NaN,NaN,NaN,NaN,NaN,NaN,NaN,NaN,NaN,NaN,NaN,NaN,NaN,NaN,NaN,NaN,NaN,NaN,NaN,
72.357,-0.00850,-0.01768,0.13009,-0.43559,-0.11676,-0.25895,0.85415,NaN,NaN,NaN,NaN,NaN,NaN,NaN,NaN,NaN,NaN,NaN,NaN,NaN,NaN,NaN,NaN,NaN,NaN,NaN,NaN,NaN,
72.382,-0.00849,-0.01772,0.13005,-0.43529,-0.11640,-0.25962,0.85415,NaN,NaN,NaN,NaN,NaN,NaN,NaN,NaN,NaN,NaN,NaN,NaN,NaN,NaN,NaN,NaN,NaN,NaN,NaN,NaN,NaN,
72.407,-0.00837,-0.01780,0.13005,-0.43558,-0.11540,-0.26012,0.85398,NaN,NaN,NaN,NaN,NaN,NaN,NaN,NaN,NaN,NaN,NaN,NaN,NaN,NaN,NaN,NaN,NaN,NaN,NaN,NaN,NaN,
72.432,-0.00826,-0.01789,0.13000,-0.43568,-0.11458,-0.26071,0.85387,NaN,NaN,NaN,NaN,NaN,NaN,NaN,NaN,NaN,NaN,NaN,NaN,NaN,NaN,NaN,NaN,NaN,NaN,NaN,NaN,NaN,
72.457,-0.00814,-0.01801,0.13000,-0.43562,-0.11373,-0.26150,0.85377,NaN,NaN,NaN,NaN,NaN,NaN,NaN,NaN,NaN,NaN,NaN,NaN,NaN,NaN,NaN,NaN,NaN,NaN,NaN,NaN,NaN,
72.482,-0.00806,-0.01804,0.12996,-0.43591,-0.11281,-0.26194,0.85361,NaN,NaN,NaN,NaN,NaN,NaN,NaN,NaN,NaN,NaN,NaN,NaN,NaN,NaN,NaN,NaN,NaN,NaN,NaN,NaN,NaN,
72.507,-0.00799,-0.01810,0.13002,-0.43618,-0.11162,-0.26262,0.85341,NaN,NaN,NaN,NaN,NaN,NaN,NaN,NaN,NaN,NaN,NaN,NaN,NaN,NaN,NaN,NaN,NaN,NaN,NaN,NaN,NaN,
72.532,-0.00781,-0.01813,0.13004,-0.43620,-0.11067,-0.26340,0.85329,NaN,NaN,NaN,NaN,NaN,NaN,NaN,NaN,NaN,NaN,NaN,NaN,NaN,NaN,NaN,NaN,NaN,NaN,NaN,NaN,NaN,
72.557,-0.00774,-0.01816,0.13001,-0.43605,-0.10999,-0.26417,0.85322,NaN,NaN,NaN,NaN,NaN,NaN,NaN,NaN,NaN,NaN,NaN,NaN,NaN,NaN,NaN,NaN,NaN,NaN,NaN,NaN,NaN,
72.582,-0.00765,-0.01820,0.13004,-0.43566,-0.10971,-0.26487,0.85324,NaN,NaN,NaN,NaN,NaN,NaN,NaN,NaN,NaN,NaN,NaN,NaN,NaN,NaN,NaN,NaN,NaN,NaN,NaN,NaN,NaN,
72.607,-0.00770,-0.01824,0.13007,-0.43535,-0.10983,-0.26514,0.85329,NaN,NaN,NaN,NaN,NaN,NaN,NaN,NaN,NaN,NaN,NaN,NaN,NaN,NaN,NaN,NaN,NaN,NaN,NaN,NaN,NaN,
72.632,-0.00767,-0.01831,0.13010,-0.43508,-0.10957,-0.26569,0.85329,NaN,NaN,NaN,NaN,NaN,NaN,NaN,NaN,NaN,NaN,NaN,NaN,NaN,NaN,NaN,NaN,NaN,NaN,NaN,NaN,NaN,
72.657,-0.00754,-0.01840,0.13013,-0.43524,-0.10850,-0.26640,0.85313,NaN,NaN,NaN,NaN,NaN,NaN,NaN,NaN,NaN,NaN,NaN,NaN,NaN,NaN,NaN,NaN,NaN,NaN,NaN,NaN,NaN,
72.682,-0.00742,-0.01851,0.13022,-0.43543,-0.10724,-0.26723,0.85293,NaN,NaN,NaN,NaN,NaN,NaN,NaN,NaN,NaN,NaN,NaN,NaN,NaN,NaN,NaN,NaN,NaN,NaN,NaN,NaN,NaN,
72.707,-0.00735,-0.01861,0.13022,-0.43489,-0.10692,-0.26815,0.85296,NaN,NaN,NaN,NaN,NaN,NaN,NaN,NaN,NaN,NaN,NaN,NaN,NaN,NaN,NaN,NaN,NaN,NaN,NaN,NaN,NaN,
72.732,-0.00730,-0.01867,0.13033,-0.43455,-0.10648,-0.26892,0.85294,NaN,NaN,NaN,NaN,NaN,NaN,NaN,NaN,NaN,NaN,NaN,NaN,NaN,NaN,NaN,NaN,NaN,NaN,NaN,NaN,NaN,
72.757,-0.00728,-0.01868,0.13033,-0.43395,-0.10679,-0.26938,0.85306,NaN,NaN,NaN,NaN,NaN,NaN,NaN,NaN,NaN,NaN,NaN,NaN,NaN,NaN,NaN,NaN,NaN,NaN,NaN,NaN,NaN,
72.782,-0.00730,-0.01869,0.13038,-0.43396,-0.10668,-0.26946,0.85305,NaN,NaN,NaN,NaN,NaN,NaN,NaN,NaN,NaN,NaN,NaN,NaN,NaN,NaN,NaN,NaN,NaN,NaN,NaN,NaN,NaN,
72.807,-0.00722,-0.01874,0.13037,-0.43414,-0.10601,-0.26981,0.85293,NaN,NaN,NaN,NaN,NaN,NaN,NaN,NaN,NaN,NaN,NaN,NaN,NaN,NaN,NaN,NaN,NaN,NaN,NaN,NaN,NaN,
72.832,-0.00704,-0.01879,0.13041,-0.43469,-0.10408,-0.27077,0.85258,NaN,NaN,NaN,NaN,NaN,NaN,NaN,NaN,NaN,NaN,NaN,NaN,NaN,NaN,NaN,NaN,NaN,NaN,NaN,NaN,NaN,
72.857,-0.00690,-0.01887,0.13041,-0.43507,-0.10269,-0.27148,0.85233,NaN,NaN,NaN,NaN,NaN,NaN,NaN,NaN,NaN,NaN,NaN,NaN,NaN,NaN,NaN,NaN,NaN,NaN,NaN,NaN,NaN,
72.882,-0.00684,-0.01891,0.13041,-0.43543,-0.10185,-0.27175,0.85216,NaN,NaN,NaN,NaN,NaN,NaN,NaN,NaN,NaN,NaN,NaN,NaN,NaN,NaN,NaN,NaN,NaN,NaN,NaN,NaN,NaN,
72.907,-0.00675,-0.01896,0.13042,-0.43540,-0.10126,-0.27227,0.85208,NaN,NaN,NaN,NaN,NaN,NaN,NaN,NaN,NaN,NaN,NaN,NaN,NaN,NaN,NaN,NaN,NaN,NaN,NaN,NaN,NaN,
72.932,-0.00663,-0.01900,0.13044,-0.43554,-0.10078,-0.27251,0.85199,NaN,NaN,NaN,NaN,NaN,NaN,NaN,NaN,NaN,NaN,NaN,NaN,NaN,NaN,NaN,NaN,NaN,NaN,NaN,NaN,NaN,
72.957,-0.00661,-0.01904,0.13041,-0.43538,-0.10054,-0.27289,0.85198,NaN,NaN,NaN,NaN,NaN,NaN,NaN,NaN,NaN,NaN,NaN,NaN,NaN,NaN,NaN,NaN,NaN,NaN,NaN,NaN,NaN,
72.982,-0.00648,-0.01904,0.13036,-0.43564,-0.09978,-0.27321,0.85183,NaN,NaN,NaN,NaN,NaN,NaN,NaN,NaN,NaN,NaN,NaN,NaN,NaN,NaN,NaN,NaN,NaN,NaN,NaN,NaN,NaN,
73.007,-0.00640,-0.01903,0.13032,-0.43588,-0.09913,-0.27347,0.85170,NaN,NaN,NaN,NaN,NaN,NaN,NaN,NaN,NaN,NaN,NaN,NaN,NaN,NaN,NaN,NaN,NaN,NaN,NaN,NaN,NaN,
73.032,-0.00629,-0.01901,0.13024,-0.43650,-0.09819,-0.27351,0.85148,NaN,NaN,NaN,NaN,NaN,NaN,NaN,NaN,NaN,NaN,NaN,NaN,NaN,NaN,NaN,NaN,NaN,NaN,NaN,NaN,NaN,
73.057,-0.00623,-0.01907,0.13015,-0.43644,-0.09755,-0.27411,0.85139,NaN,NaN,NaN,NaN,NaN,NaN,NaN,NaN,NaN,NaN,NaN,NaN,NaN,NaN,NaN,NaN,NaN,NaN,NaN,NaN,NaN,
73.082,-0.00613,-0.01910,0.13015,-0.43707,-0.09633,-0.27436,0.85112,NaN,NaN,NaN,NaN,NaN,NaN,NaN,NaN,NaN,NaN,NaN,NaN,NaN,NaN,NaN,NaN,NaN,NaN,NaN,NaN,NaN,
73.107,-0.00600,-0.01906,0.13004,-0.43781,-0.09552,-0.27416,0.85090,NaN,NaN,NaN,NaN,NaN,NaN,NaN,NaN,NaN,NaN,NaN,NaN,NaN,NaN,NaN,NaN,NaN,NaN,NaN,NaN,NaN,
73.132,-0.00592,-0.01909,0.13001,-0.43803,-0.09487,-0.27443,0.85077,NaN,NaN,NaN,NaN,NaN,NaN,NaN,NaN,NaN,NaN,NaN,NaN,NaN,NaN,NaN,NaN,NaN,NaN,NaN,NaN,NaN,
73.157,-0.00584,-0.01905,0.12997,-0.43826,-0.09430,-0.27462,0.85066,NaN,NaN,NaN,NaN,NaN,NaN,NaN,NaN,NaN,NaN,NaN,NaN,NaN,NaN,NaN,NaN,NaN,NaN,NaN,NaN,NaN,
73.182,-0.00579,-0.01902,0.12987,-0.43832,-0.09406,-0.27476,0.85061,NaN,NaN,NaN,NaN,NaN,NaN,NaN,NaN,NaN,NaN,NaN,NaN,NaN,NaN,NaN,NaN,NaN,NaN,NaN,NaN,NaN,
73.207,-0.00579,-0.01907,0.12976,-0.43777,-0.09426,-0.27525,0.85071,NaN,NaN,NaN,NaN,NaN,NaN,NaN,NaN,NaN,NaN,NaN,NaN,NaN,NaN,NaN,NaN,NaN,NaN,NaN,NaN,NaN,
73.232,-0.00569,-0.01920,0.12970,-0.43643,-0.09480,-0.27639,0.85097,NaN,NaN,NaN,NaN,NaN,NaN,NaN,NaN,NaN,NaN,NaN,NaN,NaN,NaN,NaN,NaN,NaN,NaN,NaN,NaN,NaN,
73.257,-0.00567,-0.01923,0.12971,-0.43584,-0.09508,-0.27687,0.85109,NaN,NaN,NaN,NaN,NaN,NaN,NaN,NaN,NaN,NaN,NaN,NaN,NaN,NaN,NaN,NaN,NaN,NaN,NaN,NaN,NaN,
73.282,-0.00572,-0.01929,0.12967,-0.43559,-0.09527,-0.27701,0.85115,NaN,NaN,NaN,NaN,NaN,NaN,NaN,NaN,NaN,NaN,NaN,NaN,NaN,NaN,NaN,NaN,NaN,NaN,NaN,NaN,NaN,
73.307,-0.00573,-0.01935,0.12972,-0.43444,-0.09565,-0.27807,0.85135,NaN,NaN,NaN,NaN,NaN,NaN,NaN,NaN,NaN,NaN,NaN,NaN,NaN,NaN,NaN,NaN,NaN,NaN,NaN,NaN,NaN,
73.332,-0.00570,-0.01941,0.12973,-0.43394,-0.09549,-0.27878,0.85138,NaN,NaN,NaN,NaN,NaN,NaN,NaN,NaN,NaN,NaN,NaN,NaN,NaN,NaN,NaN,NaN,NaN,NaN,NaN,NaN,NaN,
73.357,-0.00556,-0.01942,0.12972,-0.43428,-0.09482,-0.27894,0.85124,NaN,NaN,NaN,NaN,NaN,NaN,NaN,NaN,NaN,NaN,NaN,NaN,NaN,NaN,NaN,NaN,NaN,NaN,NaN,NaN,NaN,
73.382,-0.00547,-0.01947,0.12972,-0.43432,-0.09443,-0.27921,0.85117,NaN,NaN,NaN,NaN,NaN,NaN,NaN,NaN,NaN,NaN,NaN,NaN,NaN,NaN,NaN,NaN,NaN,NaN,NaN,NaN,NaN,
73.407,-0.00549,-0.01952,0.12978,-0.43353,-0.09442,-0.28016,0.85126,NaN,NaN,NaN,NaN,NaN,NaN,NaN,NaN,NaN,NaN,NaN,NaN,NaN,NaN,NaN,NaN,NaN,NaN,NaN,NaN,NaN,
73.432,-0.00547,-0.01960,0.12986,-0.43318,-0.09395,-0.28096,0.85123,NaN,NaN,NaN,NaN,NaN,NaN,NaN,NaN,NaN,NaN,NaN,NaN,NaN,NaN,NaN,NaN,NaN,NaN,NaN,NaN,NaN,
73.457,-0.00538,-0.01962,0.12993,-0.43342,-0.09341,-0.28111,0.85112,NaN,NaN,NaN,NaN,NaN,NaN,NaN,NaN,NaN,NaN,NaN,NaN,NaN,NaN,NaN,NaN,NaN,NaN,NaN,NaN,NaN,
73.482,-0.00537,-0.01971,0.12995,-0.43347,-0.09321,-0.28121,0.85108,NaN,NaN,NaN,NaN,NaN,NaN,NaN,NaN,NaN,NaN,NaN,NaN,NaN,NaN,NaN,NaN,NaN,NaN,NaN,NaN,NaN,
73.507,-0.00533,-0.01975,0.13006,-0.43364,-0.09255,-0.28156,0.85095,NaN,NaN,NaN,NaN,NaN,NaN,NaN,NaN,NaN,NaN,NaN,NaN,NaN,NaN,NaN,NaN,NaN,NaN,NaN,NaN,NaN,
73.532,-0.00525,-0.01976,0.13013,-0.43419,-0.09152,-0.28175,0.85072,NaN,NaN,NaN,NaN,NaN,NaN,NaN,NaN,NaN,NaN,NaN,NaN,NaN,NaN,NaN,NaN,NaN,NaN,NaN,NaN,NaN,
73.557,-0.00519,-0.01982,0.13025,-0.43415,-0.09067,-0.28249,0.85058,NaN,NaN,NaN,NaN,NaN,NaN,NaN,NaN,NaN,NaN,NaN,NaN,NaN,NaN,NaN,NaN,NaN,NaN,NaN,NaN,NaN,
73.582,-0.00516,-0.01989,0.13031,-0.43428,-0.08987,-0.28299,0.85044,NaN,NaN,NaN,NaN,NaN,NaN,NaN,NaN,NaN,NaN,NaN,NaN,NaN,NaN,NaN,NaN,NaN,NaN,NaN,NaN,NaN,
73.607,-0.00499,-0.01993,0.13037,-0.43497,-0.08866,-0.28316,0.85015,NaN,NaN,NaN,NaN,NaN,NaN,NaN,NaN,NaN,NaN,NaN,NaN,NaN,NaN,NaN,NaN,NaN,NaN,NaN,NaN,NaN,
73.632,-0.00500,-0.02000,0.13041,-0.43431,-0.08860,-0.28399,0.85022,NaN,NaN,NaN,NaN,NaN,NaN,NaN,NaN,NaN,NaN,NaN,NaN,NaN,NaN,NaN,NaN,NaN,NaN,NaN,NaN,NaN,
73.657,-0.00497,-0.02011,0.13054,-0.43358,-0.08833,-0.28507,0.85026,NaN,NaN,NaN,NaN,NaN,NaN,NaN,NaN,NaN,NaN,NaN,NaN,NaN,NaN,NaN,NaN,NaN,NaN,NaN,NaN,NaN,
73.682,-0.00489,-0.02015,0.13058,-0.43370,-0.08775,-0.28540,0.85015,NaN,NaN,NaN,NaN,NaN,NaN,NaN,NaN,NaN,NaN,NaN,NaN,NaN,NaN,NaN,NaN,NaN,NaN,NaN,NaN,NaN,
73.707,-0.00488,-0.02021,0.13061,-0.43381,-0.08729,-0.28564,0.85006,NaN,NaN,NaN,NaN,NaN,NaN,NaN,NaN,NaN,NaN,NaN,NaN,NaN,NaN,NaN,NaN,NaN,NaN,NaN,NaN,NaN,
73.732,-0.00478,-0.02027,0.13060,-0.43399,-0.08652,-0.28605,0.84991,NaN,NaN,NaN,NaN,NaN,NaN,NaN,NaN,NaN,NaN,NaN,NaN,NaN,NaN,NaN,NaN,NaN,NaN,NaN,NaN,NaN,
73.757,-0.00472,-0.02030,0.13057,-0.43464,-0.08539,-0.28620,0.84964,NaN,NaN,NaN,NaN,NaN,NaN,NaN,NaN,NaN,NaN,NaN,NaN,NaN,NaN,NaN,NaN,NaN,NaN,NaN,NaN,NaN,
73.782,-0.00455,-0.02032,0.13067,-0.43483,-0.08392,-0.28717,0.84936,NaN,NaN,NaN,NaN,NaN,NaN,NaN,NaN,NaN,NaN,NaN,NaN,NaN,NaN,NaN,NaN,NaN,NaN,NaN,NaN,NaN,
73.807,-0.00442,-0.02034,0.13061,-0.43525,-0.08269,-0.28765,0.84910,NaN,NaN,NaN,NaN,NaN,NaN,NaN,NaN,NaN,NaN,NaN,NaN,NaN,NaN,NaN,NaN,NaN,NaN,NaN,NaN,NaN,
73.832,-0.00430,-0.02038,0.13061,-0.43615,-0.08146,-0.28759,0.84878,NaN,NaN,NaN,NaN,NaN,NaN,NaN,NaN,NaN,NaN,NaN,NaN,NaN,NaN,NaN,NaN,NaN,NaN,NaN,NaN,NaN,
73.857,-0.00415,-0.02039,0.13050,-0.43658,-0.08093,-0.28751,0.84864,NaN,NaN,NaN,NaN,NaN,NaN,NaN,NaN,NaN,NaN,NaN,NaN,NaN,NaN,NaN,NaN,NaN,NaN,NaN,NaN,NaN,
73.882,-0.00412,-0.02036,0.13050,-0.43735,-0.07967,-0.28760,0.84833,NaN,NaN,NaN,NaN,NaN,NaN,NaN,NaN,NaN,NaN,NaN,NaN,NaN,NaN,NaN,NaN,NaN,NaN,NaN,NaN,NaN,
73.907,-0.00398,-0.02033,0.13045,-0.43828,-0.07814,-0.28774,0.84795,NaN,NaN,NaN,NaN,NaN,NaN,NaN,NaN,NaN,NaN,NaN,NaN,NaN,NaN,NaN,NaN,NaN,NaN,NaN,NaN,NaN,
73.932,-0.00375,-0.02034,0.13036,-0.43904,-0.07650,-0.28816,0.84756,NaN,NaN,NaN,NaN,NaN,NaN,NaN,NaN,NaN,NaN,NaN,NaN,NaN,NaN,NaN,NaN,NaN,NaN,NaN,NaN,NaN,
73.957,-0.00369,-0.02038,0.13022,-0.43961,-0.07576,-0.28807,0.84736,NaN,NaN,NaN,NaN,NaN,NaN,NaN,NaN,NaN,NaN,NaN,NaN,NaN,NaN,NaN,NaN,NaN,NaN,NaN,NaN,NaN,
73.982,-0.00361,-0.02039,0.13018,-0.44014,-0.07487,-0.28815,0.84714,NaN,NaN,NaN,NaN,NaN,NaN,NaN,NaN,NaN,NaN,NaN,NaN,NaN,NaN,NaN,NaN,NaN,NaN,NaN,NaN,NaN,
74.007,-0.00352,-0.02035,0.13011,-0.44056,-0.07405,-0.28831,0.84694,NaN,NaN,NaN,NaN,NaN,NaN,NaN,NaN,NaN,NaN,NaN,NaN,NaN,NaN,NaN,NaN,NaN,NaN,NaN,NaN,NaN,
74.032,-0.00339,-0.02033,0.13004,-0.44087,-0.07308,-0.28871,0.84672,NaN,NaN,NaN,NaN,NaN,NaN,NaN,NaN,NaN,NaN,NaN,NaN,NaN,NaN,NaN,NaN,NaN,NaN,NaN,NaN,NaN,
74.057,-0.00327,-0.02035,0.12992,-0.44155,-0.07219,-0.28862,0.84648,NaN,NaN,NaN,NaN,NaN,NaN,NaN,NaN,NaN,NaN,NaN,NaN,NaN,NaN,NaN,NaN,NaN,NaN,NaN,NaN,NaN,
74.082,-0.00314,-0.02038,0.12987,-0.44255,-0.07089,-0.28847,0.84612,NaN,NaN,NaN,NaN,NaN,NaN,NaN,NaN,NaN,NaN,NaN,NaN,NaN,NaN,NaN,NaN,NaN,NaN,NaN,NaN,NaN,
74.107,-0.00296,-0.02032,0.12981,-0.44365,-0.06916,-0.28854,0.84566,NaN,NaN,NaN,NaN,NaN,NaN,NaN,NaN,NaN,NaN,NaN,NaN,NaN,NaN,NaN,NaN,NaN,NaN,NaN,NaN,NaN,
74.132,-0.00294,-0.02030,0.12976,-0.44390,-0.06824,-0.28897,0.84545,NaN,NaN,NaN,NaN,NaN,NaN,NaN,NaN,NaN,NaN,NaN,NaN,NaN,NaN,NaN,NaN,NaN,NaN,NaN,NaN,NaN,
74.157,-0.00283,-0.02039,0.12983,-0.44430,-0.06685,-0.28959,0.84514,NaN,NaN,NaN,NaN,NaN,NaN,NaN,NaN,NaN,NaN,NaN,NaN,NaN,NaN,NaN,NaN,NaN,NaN,NaN,NaN,NaN,
74.182,-0.00265,-0.02034,0.12978,-0.44614,-0.06519,-0.28872,0.84460,NaN,NaN,NaN,NaN,NaN,NaN,NaN,NaN,NaN,NaN,NaN,NaN,NaN,NaN,NaN,NaN,NaN,NaN,NaN,NaN,NaN,
74.207,-0.00258,-0.02028,0.12979,-0.44720,-0.06386,-0.28851,0.84421,NaN,NaN,NaN,NaN,NaN,NaN,NaN,NaN,NaN,NaN,NaN,NaN,NaN,NaN,NaN,NaN,NaN,NaN,NaN,NaN,NaN,
74.232,-0.00252,-0.02027,0.12985,-0.44785,-0.06266,-0.28868,0.84390,NaN,NaN,NaN,NaN,NaN,NaN,NaN,NaN,NaN,NaN,NaN,NaN,NaN,NaN,NaN,NaN,NaN,NaN,NaN,NaN,NaN,
74.257,-0.00241,-0.02024,0.12983,-0.44898,-0.06164,-0.28814,0.84356,NaN,NaN,NaN,NaN,NaN,NaN,NaN,NaN,NaN,NaN,NaN,NaN,NaN,NaN,NaN,NaN,NaN,NaN,NaN,NaN,NaN,
74.282,-0.00233,-0.02029,0.12983,-0.44896,-0.06118,-0.28852,0.84347,NaN,NaN,NaN,NaN,NaN,NaN,NaN,NaN,NaN,NaN,NaN,NaN,NaN,NaN,NaN,NaN,NaN,NaN,NaN,NaN,NaN,
74.307,-0.00226,-0.02028,0.12981,-0.44964,-0.06026,-0.28843,0.84321,NaN,NaN,NaN,NaN,NaN,NaN,NaN,NaN,NaN,NaN,NaN,NaN,NaN,NaN,NaN,NaN,NaN,NaN,NaN,NaN,NaN,
74.332,-0.00220,-0.02023,0.12992,-0.45098,-0.05873,-0.28804,0.84273,NaN,NaN,NaN,NaN,NaN,NaN,NaN,NaN,NaN,NaN,NaN,NaN,NaN,NaN,NaN,NaN,NaN,NaN,NaN,NaN,NaN,
74.357,-0.00216,-0.02017,0.13000,-0.45320,-0.05696,-0.28678,0.84210,NaN,NaN,NaN,NaN,NaN,NaN,NaN,NaN,NaN,NaN,NaN,NaN,NaN,NaN,NaN,NaN,NaN,NaN,NaN,NaN,NaN,
74.382,-0.00210,-0.02012,0.13006,-0.45530,-0.05514,-0.28568,0.84146,NaN,NaN,NaN,NaN,NaN,NaN,NaN,NaN,NaN,NaN,NaN,NaN,NaN,NaN,NaN,NaN,NaN,NaN,NaN,NaN,NaN,
74.407,-0.00191,-0.02005,0.13018,-0.45712,-0.05291,-0.28523,0.84076,NaN,NaN,NaN,NaN,NaN,NaN,NaN,NaN,NaN,NaN,NaN,NaN,NaN,NaN,NaN,NaN,NaN,NaN,NaN,NaN,NaN,
74.432,-0.00185,-0.02002,0.13030,-0.45828,-0.05128,-0.28511,0.84028,NaN,NaN,NaN,NaN,NaN,NaN,NaN,NaN,NaN,NaN,NaN,NaN,NaN,NaN,NaN,NaN,NaN,NaN,NaN,NaN,NaN,
74.457,-0.00179,-0.01996,0.13040,-0.45919,-0.05014,-0.28491,0.83992,NaN,NaN,NaN,NaN,NaN,NaN,NaN,NaN,NaN,NaN,NaN,NaN,NaN,NaN,NaN,NaN,NaN,NaN,NaN,NaN,NaN,
74.482,-0.00176,-0.01993,0.13042,-0.46040,-0.04919,-0.28417,0.83956,NaN,NaN,NaN,NaN,NaN,NaN,NaN,NaN,NaN,NaN,NaN,NaN,NaN,NaN,NaN,NaN,NaN,NaN,NaN,NaN,NaN,
74.507,-0.00160,-0.01994,0.13053,-0.46175,-0.04748,-0.28388,0.83901,NaN,NaN,NaN,NaN,NaN,NaN,NaN,NaN,NaN,NaN,NaN,NaN,NaN,NaN,NaN,NaN,NaN,NaN,NaN,NaN,NaN,
74.532,-0.00150,-0.01991,0.13051,-0.46296,-0.04626,-0.28337,0.83859,NaN,NaN,NaN,NaN,NaN,NaN,NaN,NaN,NaN,NaN,NaN,NaN,NaN,NaN,NaN,NaN,NaN,NaN,NaN,NaN,NaN,
74.557,-0.00149,-0.01986,0.13058,-0.46426,-0.04488,-0.28286,0.83812,NaN,NaN,NaN,NaN,NaN,NaN,NaN,NaN,NaN,NaN,NaN,NaN,NaN,NaN,NaN,NaN,NaN,NaN,NaN,NaN,NaN,
74.582,-0.00150,-0.01985,0.13061,-0.46497,-0.04405,-0.28265,0.83784,NaN,NaN,NaN,NaN,NaN,NaN,NaN,NaN,NaN,NaN,NaN,NaN,NaN,NaN,NaN,NaN,NaN,NaN,NaN,NaN,NaN,
74.607,-0.00143,-0.01981,0.13065,-0.46606,-0.04293,-0.28218,0.83745,NaN,NaN,NaN,NaN,NaN,NaN,NaN,NaN,NaN,NaN,NaN,NaN,NaN,NaN,NaN,NaN,NaN,NaN,NaN,NaN,NaN,
74.632,-0.00127,-0.01976,0.13068,-0.46751,-0.04143,-0.28159,0.83692,NaN,NaN,NaN,NaN,NaN,NaN,NaN,NaN,NaN,NaN,NaN,NaN,NaN,NaN,NaN,NaN,NaN,NaN,NaN,NaN,NaN,
74.657,-0.00117,-0.01970,0.13063,-0.46840,-0.04052,-0.28120,0.83659,NaN,NaN,NaN,NaN,NaN,NaN,NaN,NaN,NaN,NaN,NaN,NaN,NaN,NaN,NaN,NaN,NaN,NaN,NaN,NaN,NaN,
74.682,-0.00108,-0.01969,0.13061,-0.46902,-0.03956,-0.28119,0.83630,NaN,NaN,NaN,NaN,NaN,NaN,NaN,NaN,NaN,NaN,NaN,NaN,NaN,NaN,NaN,NaN,NaN,NaN,NaN,NaN,NaN,
74.707,-0.00098,-0.01960,0.13055,-0.47000,-0.03856,-0.28076,0.83593,NaN,NaN,NaN,NaN,NaN,NaN,NaN,NaN,NaN,NaN,NaN,NaN,NaN,NaN,NaN,NaN,NaN,NaN,NaN,NaN,NaN,
74.732,-0.00091,-0.01956,0.13050,-0.47082,-0.03753,-0.28057,0.83559,NaN,NaN,NaN,NaN,NaN,NaN,NaN,NaN,NaN,NaN,NaN,NaN,NaN,NaN,NaN,NaN,NaN,NaN,NaN,NaN,NaN,
74.757,-0.00082,-0.01953,0.13042,-0.47190,-0.03654,-0.27999,0.83521,NaN,NaN,NaN,NaN,NaN,NaN,NaN,NaN,NaN,NaN,NaN,NaN,NaN,NaN,NaN,NaN,NaN,NaN,NaN,NaN,NaN,
74.782,-0.00075,-0.01949,0.13035,-0.47300,-0.03547,-0.27948,0.83481,NaN,NaN,NaN,NaN,NaN,NaN,NaN,NaN,NaN,NaN,NaN,NaN,NaN,NaN,NaN,NaN,NaN,NaN,NaN,NaN,NaN,
74.807,-0.00060,-0.01945,0.13033,-0.47393,-0.03414,-0.27936,0.83437,NaN,NaN,NaN,NaN,NaN,NaN,NaN,NaN,NaN,NaN,NaN,NaN,NaN,NaN,NaN,NaN,NaN,NaN,NaN,NaN,NaN,
74.832,-0.00050,-0.01935,0.13023,-0.47525,-0.03301,-0.27862,0.83392,NaN,NaN,NaN,NaN,NaN,NaN,NaN,NaN,NaN,NaN,NaN,NaN,NaN,NaN,NaN,NaN,NaN,NaN,NaN,NaN,NaN,
74.857,-0.00033,-0.01932,0.13027,-0.47623,-0.03153,-0.27854,0.83344,NaN,NaN,NaN,NaN,NaN,NaN,NaN,NaN,NaN,NaN,NaN,NaN,NaN,NaN,NaN,NaN,NaN,NaN,NaN,NaN,NaN,
74.882,-0.00028,-0.01931,0.13024,-0.47660,-0.03119,-0.27835,0.83331,NaN,NaN,NaN,NaN,NaN,NaN,NaN,NaN,NaN,NaN,NaN,NaN,NaN,NaN,NaN,NaN,NaN,NaN,NaN,NaN,NaN,
74.907,-0.00018,-0.01932,0.13023,-0.47710,-0.03065,-0.27815,0.83311,NaN,NaN,NaN,NaN,NaN,NaN,NaN,NaN,NaN,NaN,NaN,NaN,NaN,NaN,NaN,NaN,NaN,NaN,NaN,NaN,NaN,
74.932,-0.00015,-0.01933,0.13022,-0.47734,-0.03043,-0.27802,0.83302,NaN,NaN,NaN,NaN,NaN,NaN,NaN,NaN,NaN,NaN,NaN,NaN,NaN,NaN,NaN,NaN,NaN,NaN,NaN,NaN,NaN,
74.957,-0.00018,-0.01931,0.13020,-0.47749,-0.03049,-0.27779,0.83301,NaN,NaN,NaN,NaN,NaN,NaN,NaN,NaN,NaN,NaN,NaN,NaN,NaN,NaN,NaN,NaN,NaN,NaN,NaN,NaN,NaN,
74.982,-0.00022,-0.01934,0.13019,-0.47719,-0.03081,-0.27791,0.83313,NaN,NaN,NaN,NaN,NaN,NaN,NaN,NaN,NaN,NaN,NaN,NaN,NaN,NaN,NaN,NaN,NaN,NaN,NaN,NaN,NaN,
75.007,-0.00019,-0.01941,0.13017,-0.47611,-0.03143,-0.27877,0.83344,NaN,NaN,NaN,NaN,NaN,NaN,NaN,NaN,NaN,NaN,NaN,NaN,NaN,NaN,NaN,NaN,NaN,NaN,NaN,NaN,NaN,
75.032,-0.00020,-0.01947,0.13008,-0.47490,-0.03232,-0.27956,0.83383,NaN,NaN,NaN,NaN,NaN,NaN,NaN,NaN,NaN,NaN,NaN,NaN,NaN,NaN,NaN,NaN,NaN,NaN,NaN,NaN,NaN,
75.057,-0.00015,-0.01951,0.13003,-0.47384,-0.03307,-0.28030,0.83416,NaN,NaN,NaN,NaN,NaN,NaN,NaN,NaN,NaN,NaN,NaN,NaN,NaN,NaN,NaN,NaN,NaN,NaN,NaN,NaN,NaN,
75.082,-0.00013,-0.01953,0.12997,-0.47291,-0.03381,-0.28086,0.83446,NaN,NaN,NaN,NaN,NaN,NaN,NaN,NaN,NaN,NaN,NaN,NaN,NaN,NaN,NaN,NaN,NaN,NaN,NaN,NaN,NaN,
75.107,-0.00010,-0.01955,0.12993,-0.47223,-0.03433,-0.28129,0.83468,NaN,NaN,NaN,NaN,NaN,NaN,NaN,NaN,NaN,NaN,NaN,NaN,NaN,NaN,NaN,NaN,NaN,NaN,NaN,NaN,NaN,
75.132,-0.00015,-0.01955,0.12993,-0.47218,-0.03445,-0.28126,0.83472,NaN,NaN,NaN,NaN,NaN,NaN,NaN,NaN,NaN,NaN,NaN,NaN,NaN,NaN,NaN,NaN,NaN,NaN,NaN,NaN,NaN,
75.157,-0.00014,-0.01953,0.12993,-0.47317,-0.03404,-0.28037,0.83447,NaN,NaN,NaN,NaN,NaN,NaN,NaN,NaN,NaN,NaN,NaN,NaN,NaN,NaN,NaN,NaN,NaN,NaN,NaN,NaN,NaN,
75.182,-0.00002,-0.01951,0.13001,-0.47479,-0.03231,-0.27970,0.83384,NaN,NaN,NaN,NaN,NaN,NaN,NaN,NaN,NaN,NaN,NaN,NaN,NaN,NaN,NaN,NaN,NaN,NaN,NaN,NaN,NaN,
75.207,0.00023,-0.01950,0.12997,-0.47577,-0.03060,-0.27981,0.83331,NaN,NaN,NaN,NaN,NaN,NaN,NaN,NaN,NaN,NaN,NaN,NaN,NaN,NaN,NaN,NaN,NaN,NaN,NaN,NaN,NaN,
75.232,0.00039,-0.01951,0.12997,-0.47605,-0.02957,-0.28026,0.83304,NaN,NaN,NaN,NaN,NaN,NaN,NaN,NaN,NaN,NaN,NaN,NaN,NaN,NaN,NaN,NaN,NaN,NaN,NaN,NaN,NaN,
75.257,0.00041,-0.01950,0.13001,-0.47620,-0.02916,-0.28038,0.83293,NaN,NaN,NaN,NaN,NaN,NaN,NaN,NaN,NaN,NaN,NaN,NaN,NaN,NaN,NaN,NaN,NaN,NaN,NaN,NaN,NaN,
75.282,0.00043,-0.01943,0.13000,-0.47668,-0.02892,-0.27998,0.83280,NaN,NaN,NaN,NaN,NaN,NaN,NaN,NaN,NaN,NaN,NaN,NaN,NaN,NaN,NaN,NaN,NaN,NaN,NaN,NaN,NaN,
75.307,0.00044,-0.01940,0.13001,-0.47706,-0.02873,-0.27965,0.83269,NaN,NaN,NaN,NaN,NaN,NaN,NaN,NaN,NaN,NaN,NaN,NaN,NaN,NaN,NaN,NaN,NaN,NaN,NaN,NaN,NaN,
75.332,0.00049,-0.01937,0.12999,-0.47773,-0.02830,-0.27916,0.83249,NaN,NaN,NaN,NaN,NaN,NaN,NaN,NaN,NaN,NaN,NaN,NaN,NaN,NaN,NaN,NaN,NaN,NaN,NaN,NaN,NaN,
75.357,0.00059,-0.01933,0.13000,-0.47954,-0.02694,-0.27796,0.83189,NaN,NaN,NaN,NaN,NaN,NaN,NaN,NaN,NaN,NaN,NaN,NaN,NaN,NaN,NaN,NaN,NaN,NaN,NaN,NaN,NaN,
75.382,0.00092,-0.01955,0.13018,-0.47653,-0.02687,-0.28173,0.83237,NaN,NaN,NaN,NaN,NaN,NaN,NaN,NaN,NaN,NaN,NaN,NaN,NaN,NaN,NaN,NaN,NaN,NaN,NaN,NaN,NaN,
75.407,0.00075,-0.02021,0.12982,-0.46687,-0.03359,-0.28836,0.83532,NaN,NaN,NaN,NaN,NaN,NaN,NaN,NaN,NaN,NaN,NaN,NaN,NaN,NaN,NaN,NaN,NaN,NaN,NaN,NaN,NaN,
75.432,0.00062,-0.02044,0.12985,-0.46256,-0.03641,-0.29140,0.83654,NaN,NaN,NaN,NaN,NaN,NaN,NaN,NaN,NaN,NaN,NaN,NaN,NaN,NaN,NaN,NaN,NaN,NaN,NaN,NaN,NaN,
75.457,0.00070,-0.02055,0.12991,-0.46087,-0.03725,-0.29279,0.83695,NaN,NaN,NaN,NaN,NaN,NaN,NaN,NaN,NaN,NaN,NaN,NaN,NaN,NaN,NaN,NaN,NaN,NaN,NaN,NaN,NaN,
75.482,0.00069,-0.02064,0.12986,-0.45908,-0.03887,-0.29370,0.83754,NaN,NaN,NaN,NaN,NaN,NaN,NaN,NaN,NaN,NaN,NaN,NaN,NaN,NaN,NaN,NaN,NaN,NaN,NaN,NaN,NaN,
75.508,0.00070,-0.02077,0.12994,-0.45739,-0.03981,-0.29500,0.83796,NaN,NaN,NaN,NaN,NaN,NaN,NaN,NaN,NaN,NaN,NaN,NaN,NaN,NaN,NaN,NaN,NaN,NaN,NaN,NaN,NaN,
75.532,0.00072,-0.02092,0.12997,-0.45507,-0.04116,-0.29674,0.83855,NaN,NaN,NaN,NaN,NaN,NaN,NaN,NaN,NaN,NaN,NaN,NaN,NaN,NaN,NaN,NaN,NaN,NaN,NaN,NaN,NaN,
75.557,0.00064,-0.02102,0.13002,-0.45367,-0.04222,-0.29759,0.83895,NaN,NaN,NaN,NaN,NaN,NaN,NaN,NaN,NaN,NaN,NaN,NaN,NaN,NaN,NaN,NaN,NaN,NaN,NaN,NaN,NaN,
75.582,0.00064,-0.02104,0.13009,-0.45356,-0.04239,-0.29759,0.83900,NaN,NaN,NaN,NaN,NaN,NaN,NaN,NaN,NaN,NaN,NaN,NaN,NaN,NaN,NaN,NaN,NaN,NaN,NaN,NaN,NaN,
75.607,0.00063,-0.02112,0.13014,-0.45345,-0.04237,-0.29774,0.83901,NaN,NaN,NaN,NaN,NaN,NaN,NaN,NaN,NaN,NaN,NaN,NaN,NaN,NaN,NaN,NaN,NaN,NaN,NaN,NaN,NaN,
75.632,0.00068,-0.02118,0.13022,-0.45302,-0.04243,-0.29821,0.83908,NaN,NaN,NaN,NaN,NaN,NaN,NaN,NaN,NaN,NaN,NaN,NaN,NaN,NaN,NaN,NaN,NaN,NaN,NaN,NaN,NaN,
75.657,0.00075,-0.02121,0.13031,-0.45330,-0.04229,-0.29798,0.83901,NaN,NaN,NaN,NaN,NaN,NaN,NaN,NaN,NaN,NaN,NaN,NaN,NaN,NaN,NaN,NaN,NaN,NaN,NaN,NaN,NaN,
75.682,0.00081,-0.02131,0.13047,-0.45254,-0.04201,-0.29909,0.83904,NaN,NaN,NaN,NaN,NaN,NaN,NaN,NaN,NaN,NaN,NaN,NaN,NaN,NaN,NaN,NaN,NaN,NaN,NaN,NaN,NaN,
75.707,0.00119,-0.02136,0.13048,-0.45208,-0.04032,-0.30092,0.83872,NaN,NaN,NaN,NaN,NaN,NaN,NaN,NaN,NaN,NaN,NaN,NaN,NaN,NaN,NaN,NaN,NaN,NaN,NaN,NaN,NaN,
75.732,0.00133,-0.02142,0.13052,-0.45224,-0.03901,-0.30172,0.83841,NaN,NaN,NaN,NaN,NaN,NaN,NaN,NaN,NaN,NaN,NaN,NaN,NaN,NaN,NaN,NaN,NaN,NaN,NaN,NaN,NaN,
75.757,0.00146,-0.02142,0.13056,-0.45348,-0.03768,-0.30126,0.83796,NaN,NaN,NaN,NaN,NaN,NaN,NaN,NaN,NaN,NaN,NaN,NaN,NaN,NaN,NaN,NaN,NaN,NaN,NaN,NaN,NaN,
75.782,0.00160,-0.02143,0.13062,-0.45498,-0.03604,-0.30073,0.83741,NaN,NaN,NaN,NaN,NaN,NaN,NaN,NaN,NaN,NaN,NaN,NaN,NaN,NaN,NaN,NaN,NaN,NaN,NaN,NaN,NaN,
75.807,0.00171,-0.02133,0.13079,-0.45822,-0.03331,-0.29894,0.83640,NaN,NaN,NaN,NaN,NaN,NaN,NaN,NaN,NaN,NaN,NaN,NaN,NaN,NaN,NaN,NaN,NaN,NaN,NaN,NaN,NaN,
75.832,0.00180,-0.02125,0.13085,-0.46044,-0.03133,-0.29778,0.83567,NaN,NaN,NaN,NaN,NaN,NaN,NaN,NaN,NaN,NaN,NaN,NaN,NaN,NaN,NaN,NaN,NaN,NaN,NaN,NaN,NaN,
75.857,0.00210,-0.02105,0.13097,-0.46408,-0.02725,-0.29649,0.83425,NaN,NaN,NaN,NaN,NaN,NaN,NaN,NaN,NaN,NaN,NaN,NaN,NaN,NaN,NaN,NaN,NaN,NaN,NaN,NaN,NaN,
75.882,0.00233,-0.02085,0.13106,-0.46742,-0.02361,-0.29521,0.83295,NaN,NaN,NaN,NaN,NaN,NaN,NaN,NaN,NaN,NaN,NaN,NaN,NaN,NaN,NaN,NaN,NaN,NaN,NaN,NaN,NaN,
75.907,0.00258,-0.02076,0.13114,-0.46968,-0.02066,-0.29469,0.83194,NaN,NaN,NaN,NaN,NaN,NaN,NaN,NaN,NaN,NaN,NaN,NaN,NaN,NaN,NaN,NaN,NaN,NaN,NaN,NaN,NaN,
75.932,0.00286,-0.02063,0.13122,-0.47265,-0.01719,-0.29369,0.83070,NaN,NaN,NaN,NaN,NaN,NaN,NaN,NaN,NaN,NaN,NaN,NaN,NaN,NaN,NaN,NaN,NaN,NaN,NaN,NaN,NaN,
75.957,0.00306,-0.02041,0.13126,-0.47635,-0.01364,-0.29184,0.82930,NaN,NaN,NaN,NaN,NaN,NaN,NaN,NaN,NaN,NaN,NaN,NaN,NaN,NaN,NaN,NaN,NaN,NaN,NaN,NaN,NaN,
75.982,0.00329,-0.02041,0.13124,-0.47784,-0.01151,-0.29159,0.82856,NaN,NaN,NaN,NaN,NaN,NaN,NaN,NaN,NaN,NaN,NaN,NaN,NaN,NaN,NaN,NaN,NaN,NaN,NaN,NaN,NaN,
76.007,0.00336,-0.02038,0.13126,-0.47887,-0.01039,-0.29116,0.82813,NaN,NaN,NaN,NaN,NaN,NaN,NaN,NaN,NaN,NaN,NaN,NaN,NaN,NaN,NaN,NaN,NaN,NaN,NaN,NaN,NaN,
76.032,0.00343,-0.02020,0.13123,-0.48141,-0.00861,-0.28939,0.82730,NaN,NaN,NaN,NaN,NaN,NaN,NaN,NaN,NaN,NaN,NaN,NaN,NaN,NaN,NaN,NaN,NaN,NaN,NaN,NaN,NaN,
76.057,0.00367,-0.01999,0.13122,-0.48383,-0.00587,-0.28844,0.82624,NaN,NaN,NaN,NaN,NaN,NaN,NaN,NaN,NaN,NaN,NaN,NaN,NaN,NaN,NaN,NaN,NaN,NaN,NaN,NaN,NaN,
76.082,0.00394,-0.01989,0.13105,-0.48579,-0.00355,-0.28774,0.82535,NaN,NaN,NaN,NaN,NaN,NaN,NaN,NaN,NaN,NaN,NaN,NaN,NaN,NaN,NaN,NaN,NaN,NaN,NaN,NaN,NaN,
76.108,0.00408,-0.01969,0.13096,-0.48767,-0.00139,-0.28701,0.82450,NaN,NaN,NaN,NaN,NaN,NaN,NaN,NaN,NaN,NaN,NaN,NaN,NaN,NaN,NaN,NaN,NaN,NaN,NaN,NaN,NaN,
76.132,0.00434,-0.01971,0.13091,-0.48881,0.00115,-0.28746,0.82367,NaN,NaN,NaN,NaN,NaN,NaN,NaN,NaN,NaN,NaN,NaN,NaN,NaN,NaN,NaN,NaN,NaN,NaN,NaN,NaN,NaN,
76.157,0.00451,-0.01950,0.13086,-0.49102,0.00285,-0.28598,0.82287,NaN,NaN,NaN,NaN,NaN,NaN,NaN,NaN,NaN,NaN,NaN,NaN,NaN,NaN,NaN,NaN,NaN,NaN,NaN,NaN,NaN,
76.182,0.00455,-0.01941,0.13078,-0.49220,0.00369,-0.28513,0.82245,NaN,NaN,NaN,NaN,NaN,NaN,NaN,NaN,NaN,NaN,NaN,NaN,NaN,NaN,NaN,NaN,NaN,NaN,NaN,NaN,NaN,
76.207,0.00467,-0.01930,0.13064,-0.49339,0.00504,-0.28464,0.82190,NaN,NaN,NaN,NaN,NaN,NaN,NaN,NaN,NaN,NaN,NaN,NaN,NaN,NaN,NaN,NaN,NaN,NaN,NaN,NaN,NaN,
76.232,0.00486,-0.01920,0.13061,-0.49506,0.00744,-0.28431,0.82099,NaN,NaN,NaN,NaN,NaN,NaN,NaN,NaN,NaN,NaN,NaN,NaN,NaN,NaN,NaN,NaN,NaN,NaN,NaN,NaN,NaN,
76.257,0.00502,-0.01908,0.13045,-0.49588,0.00828,-0.28390,0.82063,NaN,NaN,NaN,NaN,NaN,NaN,NaN,NaN,NaN,NaN,NaN,NaN,NaN,NaN,NaN,NaN,NaN,NaN,NaN,NaN,NaN,
76.282,0.00506,-0.01913,0.13041,-0.49589,0.00891,-0.28434,0.82047,NaN,NaN,NaN,NaN,NaN,NaN,NaN,NaN,NaN,NaN,NaN,NaN,NaN,NaN,NaN,NaN,NaN,NaN,NaN,NaN,NaN,
76.307,0.00514,-0.01910,0.13015,-0.49500,0.00804,-0.28481,0.82085,NaN,NaN,NaN,NaN,NaN,NaN,NaN,NaN,NaN,NaN,NaN,NaN,NaN,NaN,NaN,NaN,NaN,NaN,NaN,NaN,NaN,
76.332,0.00515,-0.01908,0.13006,-0.49440,0.00797,-0.28551,0.82097,NaN,NaN,NaN,NaN,NaN,NaN,NaN,NaN,NaN,NaN,NaN,NaN,NaN,NaN,NaN,NaN,NaN,NaN,NaN,NaN,NaN,
76.357,0.00519,-0.01904,0.12991,-0.49454,0.00800,-0.28536,0.82094,NaN,NaN,NaN,NaN,NaN,NaN,NaN,NaN,NaN,NaN,NaN,NaN,NaN,NaN,NaN,NaN,NaN,NaN,NaN,NaN,NaN,
76.382,0.00525,-0.01900,0.12981,-0.49496,0.00839,-0.28512,0.82076,NaN,NaN,NaN,NaN,NaN,NaN,NaN,NaN,NaN,NaN,NaN,NaN,NaN,NaN,NaN,NaN,NaN,NaN,NaN,NaN,NaN,
76.407,0.00527,-0.01895,0.12972,-0.49534,0.00887,-0.28499,0.82057,NaN,NaN,NaN,NaN,NaN,NaN,NaN,NaN,NaN,NaN,NaN,NaN,NaN,NaN,NaN,NaN,NaN,NaN,NaN,NaN,NaN,
76.432,0.00526,-0.01895,0.12960,-0.49498,0.00877,-0.28537,0.82066,NaN,NaN,NaN,NaN,NaN,NaN,NaN,NaN,NaN,NaN,NaN,NaN,NaN,NaN,NaN,NaN,NaN,NaN,NaN,NaN,NaN,
76.457,0.00530,-0.01896,0.12947,-0.49492,0.00883,-0.28548,0.82066,NaN,NaN,NaN,NaN,NaN,NaN,NaN,NaN,NaN,NaN,NaN,NaN,NaN,NaN,NaN,NaN,NaN,NaN,NaN,NaN,NaN,
76.482,0.00534,-0.01896,0.12940,-0.49512,0.00915,-0.28547,0.82054,NaN,NaN,NaN,NaN,NaN,NaN,NaN,NaN,NaN,NaN,NaN,NaN,NaN,NaN,NaN,NaN,NaN,NaN,NaN,NaN,NaN,
76.507,0.00541,-0.01891,0.12929,-0.49510,0.00894,-0.28534,0.82060,NaN,NaN,NaN,NaN,NaN,NaN,NaN,NaN,NaN,NaN,NaN,NaN,NaN,NaN,NaN,NaN,NaN,NaN,NaN,NaN,NaN,
76.532,0.00540,-0.01890,0.12921,-0.49456,0.00833,-0.28557,0.82085,NaN,NaN,NaN,NaN,NaN,NaN,NaN,NaN,NaN,NaN,NaN,NaN,NaN,NaN,NaN,NaN,NaN,NaN,NaN,NaN,NaN,
76.557,0.00541,-0.01896,0.12913,-0.49327,0.00763,-0.28666,0.82125,NaN,NaN,NaN,NaN,NaN,NaN,NaN,NaN,NaN,NaN,NaN,NaN,NaN,NaN,NaN,NaN,NaN,NaN,NaN,NaN,NaN,
76.582,0.00549,-0.01901,0.12900,-0.49269,0.00739,-0.28720,0.82141,NaN,NaN,NaN,NaN,NaN,NaN,NaN,NaN,NaN,NaN,NaN,NaN,NaN,NaN,NaN,NaN,NaN,NaN,NaN,NaN,NaN,
76.607,0.00547,-0.01902,0.12896,-0.49211,0.00692,-0.28757,0.82163,NaN,NaN,NaN,NaN,NaN,NaN,NaN,NaN,NaN,NaN,NaN,NaN,NaN,NaN,NaN,NaN,NaN,NaN,NaN,NaN,NaN,
76.632,0.00541,-0.01908,0.12901,-0.49176,0.00720,-0.28820,0.82162,NaN,NaN,NaN,NaN,NaN,NaN,NaN,NaN,NaN,NaN,NaN,NaN,NaN,NaN,NaN,NaN,NaN,NaN,NaN,NaN,NaN,
76.657,0.00542,-0.01912,0.12895,-0.49104,0.00657,-0.28865,0.82190,NaN,NaN,NaN,NaN,NaN,NaN,NaN,NaN,NaN,NaN,NaN,NaN,NaN,NaN,NaN,NaN,NaN,NaN,NaN,NaN,NaN,
76.682,0.00544,-0.01918,0.12891,-0.49038,0.00614,-0.28914,0.82212,NaN,NaN,NaN,NaN,NaN,NaN,NaN,NaN,NaN,NaN,NaN,NaN,NaN,NaN,NaN,NaN,NaN,NaN,NaN,NaN,NaN,
76.707,0.00539,-0.01925,0.12900,-0.48945,0.00590,-0.29011,0.82234,NaN,NaN,NaN,NaN,NaN,NaN,NaN,NaN,NaN,NaN,NaN,NaN,NaN,NaN,NaN,NaN,NaN,NaN,NaN,NaN,NaN,
76.732,0.00540,-0.01929,0.12912,-0.48933,0.00613,-0.29042,0.82230,NaN,NaN,NaN,NaN,NaN,NaN,NaN,NaN,NaN,NaN,NaN,NaN,NaN,NaN,NaN,NaN,NaN,NaN,NaN,NaN,NaN,
76.757,0.00544,-0.01926,0.12922,-0.48935,0.00602,-0.29032,0.82232,NaN,NaN,NaN,NaN,NaN,NaN,NaN,NaN,NaN,NaN,NaN,NaN,NaN,NaN,NaN,NaN,NaN,NaN,NaN,NaN,NaN,
76.782,0.00543,-0.01929,0.12931,-0.48933,0.00596,-0.29030,0.82234,NaN,NaN,NaN,NaN,NaN,NaN,NaN,NaN,NaN,NaN,NaN,NaN,NaN,NaN,NaN,NaN,NaN,NaN,NaN,NaN,NaN,
76.807,0.00537,-0.01932,0.12945,-0.48882,0.00561,-0.29067,0.82251,NaN,NaN,NaN,NaN,NaN,NaN,NaN,NaN,NaN,NaN,NaN,NaN,NaN,NaN,NaN,NaN,NaN,NaN,NaN,NaN,NaN,
76.832,0.00539,-0.01936,0.12951,-0.48824,0.00509,-0.29102,0.82274,NaN,NaN,NaN,NaN,NaN,NaN,NaN,NaN,NaN,NaN,NaN,NaN,NaN,NaN,NaN,NaN,NaN,NaN,NaN,NaN,NaN,
76.857,0.00533,-0.01942,0.12968,-0.48802,0.00496,-0.29118,0.82281,NaN,NaN,NaN,NaN,NaN,NaN,NaN,NaN,NaN,NaN,NaN,NaN,NaN,NaN,NaN,NaN,NaN,NaN,NaN,NaN,NaN,
76.882,0.00533,-0.01951,0.12982,-0.48744,0.00483,-0.29180,0.82294,NaN,NaN,NaN,NaN,NaN,NaN,NaN,NaN,NaN,NaN,NaN,NaN,NaN,NaN,NaN,NaN,NaN,NaN,NaN,NaN,NaN,
76.907,0.00532,-0.01953,0.12995,-0.48713,0.00473,-0.29210,0.82301,NaN,NaN,NaN,NaN,NaN,NaN,NaN,NaN,NaN,NaN,NaN,NaN,NaN,NaN,NaN,NaN,NaN,NaN,NaN,NaN,NaN,
76.932,0.00535,-0.01955,0.13010,-0.48719,0.00491,-0.29217,0.82296,NaN,NaN,NaN,NaN,NaN,NaN,NaN,NaN,NaN,NaN,NaN,NaN,NaN,NaN,NaN,NaN,NaN,NaN,NaN,NaN,NaN,
76.957,0.00536,-0.01958,0.13014,-0.48724,0.00484,-0.29206,0.82297,NaN,NaN,NaN,NaN,NaN,NaN,NaN,NaN,NaN,NaN,NaN,NaN,NaN,NaN,NaN,NaN,NaN,NaN,NaN,NaN,NaN,
76.982,0.00532,-0.01953,0.13019,-0.48752,0.00481,-0.29169,0.82293,NaN,NaN,NaN,NaN,NaN,NaN,NaN,NaN,NaN,NaN,NaN,NaN,NaN,NaN,NaN,NaN,NaN,NaN,NaN,NaN,NaN,
77.007,0.00535,-0.01952,0.13022,-0.48785,0.00501,-0.29143,0.82283,NaN,NaN,NaN,NaN,NaN,NaN,NaN,NaN,NaN,NaN,NaN,NaN,NaN,NaN,NaN,NaN,NaN,NaN,NaN,NaN,NaN,
77.032,0.00535,-0.01949,0.13024,-0.48857,0.00524,-0.29071,0.82265,NaN,NaN,NaN,NaN,NaN,NaN,NaN,NaN,NaN,NaN,NaN,NaN,NaN,NaN,NaN,NaN,NaN,NaN,NaN,NaN,NaN,
77.057,0.00534,-0.01942,0.13033,-0.49026,0.00623,-0.28936,0.82212,NaN,NaN,NaN,NaN,NaN,NaN,NaN,NaN,NaN,NaN,NaN,NaN,NaN,NaN,NaN,NaN,NaN,NaN,NaN,NaN,NaN,
77.082,0.00532,-0.01935,0.13050,-0.49202,0.00766,-0.28822,0.82146,NaN,NaN,NaN,NaN,NaN,NaN,NaN,NaN,NaN,NaN,NaN,NaN,NaN,NaN,NaN,NaN,NaN,NaN,NaN,NaN,NaN,
77.107,0.00531,-0.01928,0.13062,-0.49309,0.00838,-0.28742,0.82108,NaN,NaN,NaN,NaN,NaN,NaN,NaN,NaN,NaN,NaN,NaN,NaN,NaN,NaN,NaN,NaN,NaN,NaN,NaN,NaN,NaN,
77.132,0.00535,-0.01926,0.13067,-0.49367,0.00874,-0.28697,0.82089,NaN,NaN,NaN,NaN,NaN,NaN,NaN,NaN,NaN,NaN,NaN,NaN,NaN,NaN,NaN,NaN,NaN,NaN,NaN,NaN,NaN,
77.157,0.00535,-0.01921,0.13071,-0.49456,0.00926,-0.28624,0.82060,NaN,NaN,NaN,NaN,NaN,NaN,NaN,NaN,NaN,NaN,NaN,NaN,NaN,NaN,NaN,NaN,NaN,NaN,NaN,NaN,NaN,
77.182,0.00537,-0.01917,0.13076,-0.49539,0.00975,-0.28557,0.82033,NaN,NaN,NaN,NaN,NaN,NaN,NaN,NaN,NaN,NaN,NaN,NaN,NaN,NaN,NaN,NaN,NaN,NaN,NaN,NaN,NaN,
77.207,0.00538,-0.01909,0.13081,-0.49641,0.01033,-0.28472,0.82000,NaN,NaN,NaN,NaN,NaN,NaN,NaN,NaN,NaN,NaN,NaN,NaN,NaN,NaN,NaN,NaN,NaN,NaN,NaN,NaN,NaN,
77.232,0.00535,-0.01902,0.13091,-0.49747,0.01106,-0.28392,0.81962,NaN,NaN,NaN,NaN,NaN,NaN,NaN,NaN,NaN,NaN,NaN,NaN,NaN,NaN,NaN,NaN,NaN,NaN,NaN,NaN,NaN,
77.257,0.00540,-0.01893,0.13104,0.50013,-0.01279,0.28187,-0.81869,NaN,NaN,NaN,NaN,NaN,NaN,NaN,NaN,NaN,NaN,NaN,NaN,NaN,NaN,NaN,NaN,NaN,NaN,NaN,NaN,NaN,
77.282,0.00555,-0.01866,0.13107,0.50306,-0.01526,0.27998,-0.81750,NaN,NaN,NaN,NaN,NaN,NaN,NaN,NaN,NaN,NaN,NaN,NaN,NaN,NaN,NaN,NaN,NaN,NaN,NaN,NaN,NaN,
77.307,0.00607,-0.01856,0.13106,0.50521,-0.01942,0.28026,-0.81599,NaN,NaN,NaN,NaN,NaN,NaN,NaN,NaN,NaN,NaN,NaN,NaN,NaN,NaN,NaN,NaN,NaN,NaN,NaN,NaN,NaN,
77.332,0.00629,-0.01859,0.13119,0.50621,-0.02184,0.28073,-0.81515,NaN,NaN,NaN,NaN,NaN,NaN,NaN,NaN,NaN,NaN,NaN,NaN,NaN,NaN,NaN,NaN,NaN,NaN,NaN,NaN,NaN,
77.357,0.00636,-0.01850,0.13125,0.50763,-0.02327,0.27996,-0.81449,NaN,NaN,NaN,NaN,NaN,NaN,NaN,NaN,NaN,NaN,NaN,NaN,NaN,NaN,NaN,NaN,NaN,NaN,NaN,NaN,NaN,
77.382,0.00636,-0.01850,0.13125,0.50763,-0.02327,0.27996,-0.81449,NaN,NaN,NaN,NaN,NaN,NaN,NaN,NaN,NaN,NaN,NaN,NaN,NaN,NaN,NaN,NaN,NaN,NaN,NaN,NaN,NaN,
77.407,0.00700,-0.01814,0.13125,0.51195,-0.02860,0.27830,-0.81218,NaN,NaN,NaN,NaN,NaN,NaN,NaN,NaN,NaN,NaN,NaN,NaN,NaN,NaN,NaN,NaN,NaN,NaN,NaN,NaN,NaN,
77.432,0.00725,-0.01815,0.13140,0.51339,-0.03151,0.27853,-0.81108,NaN,NaN,NaN,NaN,NaN,NaN,NaN,NaN,NaN,NaN,NaN,NaN,NaN,NaN,NaN,NaN,NaN,NaN,NaN,NaN,NaN,
77.457,0.00746,-0.01797,0.13131,0.51507,-0.03343,0.27776,-0.81021,NaN,NaN,NaN,NaN,NaN,NaN,NaN,NaN,NaN,NaN,NaN,NaN,NaN,NaN,NaN,NaN,NaN,NaN,NaN,NaN,NaN,
77.482,0.00768,-0.01796,0.13137,0.51637,-0.03647,0.27824,-0.80908,NaN,NaN,NaN,NaN,NaN,NaN,NaN,NaN,NaN,NaN,NaN,NaN,NaN,NaN,NaN,NaN,NaN,NaN,NaN,NaN,NaN,
77.508,0.00790,-0.01793,0.13131,0.51722,-0.03801,0.27823,-0.80847,NaN,NaN,NaN,NaN,NaN,NaN,NaN,NaN,NaN,NaN,NaN,NaN,NaN,NaN,NaN,NaN,NaN,NaN,NaN,NaN,NaN,
77.532,0.00801,-0.01786,0.13119,0.51778,-0.03886,0.27812,-0.80811,NaN,NaN,NaN,NaN,NaN,NaN,NaN,NaN,NaN,NaN,NaN,NaN,NaN,NaN,NaN,NaN,NaN,NaN,NaN,NaN,NaN,
77.557,0.00813,-0.01793,0.13109,0.51663,-0.03860,0.27939,-0.80842,NaN,NaN,NaN,NaN,NaN,NaN,NaN,NaN,NaN,NaN,NaN,NaN,NaN,NaN,NaN,NaN,NaN,NaN,NaN,NaN,NaN,
77.582,0.00826,-0.01786,0.13102,0.51679,-0.03917,0.27958,-0.80822,NaN,NaN,NaN,NaN,NaN,NaN,NaN,NaN,NaN,NaN,NaN,NaN,NaN,NaN,NaN,NaN,NaN,NaN,NaN,NaN,NaN,
77.607,0.00851,-0.01782,0.13086,0.51720,-0.03992,0.27959,-0.80792,NaN,NaN,NaN,NaN,NaN,NaN,NaN,NaN,NaN,NaN,NaN,NaN,NaN,NaN,NaN,NaN,NaN,NaN,NaN,NaN,NaN,
77.632,0.00852,-0.01784,0.13073,0.51701,-0.04007,0.27993,-0.80792,NaN,NaN,NaN,NaN,NaN,NaN,NaN,NaN,NaN,NaN,NaN,NaN,NaN,NaN,NaN,NaN,NaN,NaN,NaN,NaN,NaN,
77.657,0.00864,-0.01761,0.13067,0.51790,-0.04090,0.27938,-0.80750,NaN,NaN,NaN,NaN,NaN,NaN,NaN,NaN,NaN,NaN,NaN,NaN,NaN,NaN,NaN,NaN,NaN,NaN,NaN,NaN,NaN,
77.682,0.00876,-0.01755,0.13064,0.51841,-0.04158,0.27920,-0.80720,NaN,NaN,NaN,NaN,NaN,NaN,NaN,NaN,NaN,NaN,NaN,NaN,NaN,NaN,NaN,NaN,NaN,NaN,NaN,NaN,NaN,
77.707,0.00873,-0.01755,0.13067,0.51941,-0.04262,0.27866,-0.80669,NaN,NaN,NaN,NaN,NaN,NaN,NaN,NaN,NaN,NaN,NaN,NaN,NaN,NaN,NaN,NaN,NaN,NaN,NaN,NaN,NaN,
77.732,0.00883,-0.01751,0.13064,0.52019,-0.04298,0.27791,-0.80643,NaN,NaN,NaN,NaN,NaN,NaN,NaN,NaN,NaN,NaN,NaN,NaN,NaN,NaN,NaN,NaN,NaN,NaN,NaN,NaN,NaN,
77.757,0.00878,-0.01787,0.13065,0.51438,-0.04026,0.28338,-0.80838,NaN,NaN,NaN,NaN,NaN,NaN,NaN,NaN,NaN,NaN,NaN,NaN,NaN,NaN,NaN,NaN,NaN,NaN,NaN,NaN,NaN,
77.782,0.00878,-0.01851,0.13001,0.50306,-0.03100,0.29111,-0.81316,NaN,NaN,NaN,NaN,NaN,NaN,NaN,NaN,NaN,NaN,NaN,NaN,NaN,NaN,NaN,NaN,NaN,NaN,NaN,NaN,NaN,
77.807,0.00881,-0.01879,0.12993,-0.49891,0.02891,-0.29477,0.81447,NaN,NaN,NaN,NaN,NaN,NaN,NaN,NaN,NaN,NaN,NaN,NaN,NaN,NaN,NaN,NaN,NaN,NaN,NaN,NaN,NaN,
77.832,0.00880,-0.01884,0.12964,-0.49684,0.02679,-0.29584,0.81542,NaN,NaN,NaN,NaN,NaN,NaN,NaN,NaN,NaN,NaN,NaN,NaN,NaN,NaN,NaN,NaN,NaN,NaN,NaN,NaN,NaN,
77.857,0.00874,-0.01895,0.12957,-0.49505,0.02574,-0.29731,0.81601,NaN,NaN,NaN,NaN,NaN,NaN,NaN,NaN,NaN,NaN,NaN,NaN,NaN,NaN,NaN,NaN,NaN,NaN,NaN,NaN,NaN,
77.882,0.00880,-0.01900,0.12938,-0.49353,0.02442,-0.29826,0.81663,NaN,NaN,NaN,NaN,NaN,NaN,NaN,NaN,NaN,NaN,NaN,NaN,NaN,NaN,NaN,NaN,NaN,NaN,NaN,NaN,NaN,
77.907,0.00880,-0.01911,0.12929,-0.49166,0.02331,-0.29976,0.81723,NaN,NaN,NaN,NaN,NaN,NaN,NaN,NaN,NaN,NaN,NaN,NaN,NaN,NaN,NaN,NaN,NaN,NaN,NaN,NaN,NaN,
77.932,0.00874,-0.01919,0.12916,-0.49010,0.02235,-0.30100,0.81775,NaN,NaN,NaN,NaN,NaN,NaN,NaN,NaN,NaN,NaN,NaN,NaN,NaN,NaN,NaN,NaN,NaN,NaN,NaN,NaN,NaN,
77.957,0.00872,-0.01921,0.12905,-0.48940,0.02181,-0.30147,0.81801,NaN,NaN,NaN,NaN,NaN,NaN,NaN,NaN,NaN,NaN,NaN,NaN,NaN,NaN,NaN,NaN,NaN,NaN,NaN,NaN,NaN,
77.982,0.00874,-0.01919,0.12899,-0.48957,0.02184,-0.30128,0.81797,NaN,NaN,NaN,NaN,NaN,NaN,NaN,NaN,NaN,NaN,NaN,NaN,NaN,NaN,NaN,NaN,NaN,NaN,NaN,NaN,NaN,
78.007,0.00879,-0.01915,0.12895,-0.49002,0.02189,-0.30077,0.81789,NaN,NaN,NaN,NaN,NaN,NaN,NaN,NaN,NaN,NaN,NaN,NaN,NaN,NaN,NaN,NaN,NaN,NaN,NaN,NaN,NaN,
78.032,0.00878,-0.01912,0.12899,-0.49031,0.02214,-0.30059,0.81777,NaN,NaN,NaN,NaN,NaN,NaN,NaN,NaN,NaN,NaN,NaN,NaN,NaN,NaN,NaN,NaN,NaN,NaN,NaN,NaN,NaN,
78.057,0.00875,-0.01910,0.12905,-0.49086,0.02247,-0.30015,0.81760,NaN,NaN,NaN,NaN,NaN,NaN,NaN,NaN,NaN,NaN,NaN,NaN,NaN,NaN,NaN,NaN,NaN,NaN,NaN,NaN,NaN,
78.082,0.00875,-0.01909,0.12914,-0.49111,0.02276,-0.30004,0.81747,NaN,NaN,NaN,NaN,NaN,NaN,NaN,NaN,NaN,NaN,NaN,NaN,NaN,NaN,NaN,NaN,NaN,NaN,NaN,NaN,NaN,
78.107,0.00877,-0.01906,0.12911,-0.49119,0.02266,-0.29988,0.81749,NaN,NaN,NaN,NaN,NaN,NaN,NaN,NaN,NaN,NaN,NaN,NaN,NaN,NaN,NaN,NaN,NaN,NaN,NaN,NaN,NaN,
78.132,0.00881,-0.01867,0.12915,-0.49634,0.02434,-0.29475,0.81620,NaN,NaN,NaN,NaN,NaN,NaN,NaN,NaN,NaN,NaN,NaN,NaN,NaN,NaN,NaN,NaN,NaN,NaN,NaN,NaN,NaN,
78.157,0.00889,-0.01858,0.12921,-0.49827,0.02580,-0.29340,0.81546,NaN,NaN,NaN,NaN,NaN,NaN,NaN,NaN,NaN,NaN,NaN,NaN,NaN,NaN,NaN,NaN,NaN,NaN,NaN,NaN,NaN,
78.182,0.00900,-0.01840,0.12930,0.50111,-0.02865,0.29188,-0.81417,NaN,NaN,NaN,NaN,NaN,NaN,NaN,NaN,NaN,NaN,NaN,NaN,NaN,NaN,NaN,NaN,NaN,NaN,NaN,NaN,NaN,
78.207,0.00931,-0.01802,0.12932,0.50467,-0.03244,0.29010,-0.81246,NaN,NaN,NaN,NaN,NaN,NaN,NaN,NaN,NaN,NaN,NaN,NaN,NaN,NaN,NaN,NaN,NaN,NaN,NaN,NaN,NaN,
78.232,0.00960,-0.01799,0.12956,0.50761,-0.03687,0.28952,-0.81065,NaN,NaN,NaN,NaN,NaN,NaN,NaN,NaN,NaN,NaN,NaN,NaN,NaN,NaN,NaN,NaN,NaN,NaN,NaN,NaN,NaN,
78.257,0.00976,-0.01776,0.12967,0.51032,-0.03934,0.28784,-0.80943,NaN,NaN,NaN,NaN,NaN,NaN,NaN,NaN,NaN,NaN,NaN,NaN,NaN,NaN,NaN,NaN,NaN,NaN,NaN,NaN,NaN,
78.282,0.00996,-0.01744,0.12980,0.51416,-0.04275,0.28537,-0.80770,NaN,NaN,NaN,NaN,NaN,NaN,NaN,NaN,NaN,NaN,NaN,NaN,NaN,NaN,NaN,NaN,NaN,NaN,NaN,NaN,NaN,
78.307,0.01005,-0.01728,0.13009,0.51764,-0.04618,0.28335,-0.80600,NaN,NaN,NaN,NaN,NaN,NaN,NaN,NaN,NaN,NaN,NaN,NaN,NaN,NaN,NaN,NaN,NaN,NaN,NaN,NaN,NaN,
78.332,0.01012,-0.01710,0.13018,0.52071,-0.04867,0.28116,-0.80464,NaN,NaN,NaN,NaN,NaN,NaN,NaN,NaN,NaN,NaN,NaN,NaN,NaN,NaN,NaN,NaN,NaN,NaN,NaN,NaN,NaN,
78.357,0.01031,-0.01704,0.13041,0.52345,-0.05250,0.28029,-0.80292,NaN,NaN,NaN,NaN,NaN,NaN,NaN,NaN,NaN,NaN,NaN,NaN,NaN,NaN,NaN,NaN,NaN,NaN,NaN,NaN,NaN,
78.382,0.01043,-0.01690,0.13053,0.52610,-0.05520,0.27876,-0.80154,NaN,NaN,NaN,NaN,NaN,NaN,NaN,NaN,NaN,NaN,NaN,NaN,NaN,NaN,NaN,NaN,NaN,NaN,NaN,NaN,NaN,
78.407,0.01048,-0.01671,0.13071,0.52816,-0.05720,0.27748,-0.80049,NaN,NaN,NaN,NaN,NaN,NaN,NaN,NaN,NaN,NaN,NaN,NaN,NaN,NaN,NaN,NaN,NaN,NaN,NaN,NaN,NaN,
78.432,0.01055,-0.01659,0.13085,0.53014,-0.05882,0.27603,-0.79956,NaN,NaN,NaN,NaN,NaN,NaN,NaN,NaN,NaN,NaN,NaN,NaN,NaN,NaN,NaN,NaN,NaN,NaN,NaN,NaN,NaN,
78.457,0.01064,-0.01650,0.13096,0.53167,-0.06033,0.27509,-0.79876,NaN,NaN,NaN,NaN,NaN,NaN,NaN,NaN,NaN,NaN,NaN,NaN,NaN,NaN,NaN,NaN,NaN,NaN,NaN,NaN,NaN,
78.482,0.01071,-0.01641,0.13095,0.53331,-0.06162,0.27384,-0.79799,NaN,NaN,NaN,NaN,NaN,NaN,NaN,NaN,NaN,NaN,NaN,NaN,NaN,NaN,NaN,NaN,NaN,NaN,NaN,NaN,NaN,
78.507,0.01094,-0.01619,0.13094,0.53560,-0.06359,0.27221,-0.79686,NaN,NaN,NaN,NaN,NaN,NaN,NaN,NaN,NaN,NaN,NaN,NaN,NaN,NaN,NaN,NaN,NaN,NaN,NaN,NaN,NaN,
78.532,0.01104,-0.01606,0.13105,0.53782,-0.06657,0.27134,-0.79542,NaN,NaN,NaN,NaN,NaN,NaN,NaN,NaN,NaN,NaN,NaN,NaN,NaN,NaN,NaN,NaN,NaN,NaN,NaN,NaN,NaN,
78.557,0.01117,-0.01598,0.13113,0.53894,-0.06840,0.27111,-0.79458,NaN,NaN,NaN,NaN,NaN,NaN,NaN,NaN,NaN,NaN,NaN,NaN,NaN,NaN,NaN,NaN,NaN,NaN,NaN,NaN,NaN,
78.582,0.01128,-0.01594,0.13115,0.53960,-0.06962,0.27107,-0.79404,NaN,NaN,NaN,NaN,NaN,NaN,NaN,NaN,NaN,NaN,NaN,NaN,NaN,NaN,NaN,NaN,NaN,NaN,NaN,NaN,NaN,
78.607,0.01141,-0.01594,0.13119,0.54043,-0.07119,0.27104,-0.79335,NaN,NaN,NaN,NaN,NaN,NaN,NaN,NaN,NaN,NaN,NaN,NaN,NaN,NaN,NaN,NaN,NaN,NaN,NaN,NaN,NaN,
78.632,0.01160,-0.01597,0.13123,0.54057,-0.07253,0.27174,-0.79289,NaN,NaN,NaN,NaN,NaN,NaN,NaN,NaN,NaN,NaN,NaN,NaN,NaN,NaN,NaN,NaN,NaN,NaN,NaN,NaN,NaN,
78.657,0.01165,-0.01604,0.13103,0.53858,-0.07091,0.27325,-0.79387,NaN,NaN,NaN,NaN,NaN,NaN,NaN,NaN,NaN,NaN,NaN,NaN,NaN,NaN,NaN,NaN,NaN,NaN,NaN,NaN,NaN,
78.682,0.01167,-0.01610,0.13086,0.53747,-0.07017,0.27420,-0.79437,NaN,NaN,NaN,NaN,NaN,NaN,NaN,NaN,NaN,NaN,NaN,NaN,NaN,NaN,NaN,NaN,NaN,NaN,NaN,NaN,NaN,
78.707,0.01176,-0.01604,0.13068,0.53650,-0.06956,0.27505,-0.79478,NaN,NaN,NaN,NaN,NaN,NaN,NaN,NaN,NaN,NaN,NaN,NaN,NaN,NaN,NaN,NaN,NaN,NaN,NaN,NaN,NaN,
78.732,0.01183,-0.01613,0.13054,0.53464,-0.06858,0.27679,-0.79551,NaN,NaN,NaN,NaN,NaN,NaN,NaN,NaN,NaN,NaN,NaN,NaN,NaN,NaN,NaN,NaN,NaN,NaN,NaN,NaN,NaN,
78.758,0.01182,-0.01629,0.13037,0.53217,-0.06678,0.27877,-0.79663,NaN,NaN,NaN,NaN,NaN,NaN,NaN,NaN,NaN,NaN,NaN,NaN,NaN,NaN,NaN,NaN,NaN,NaN,NaN,NaN,NaN,
78.782,0.01179,-0.01645,0.13023,0.52920,-0.06495,0.28136,-0.79785,NaN,NaN,NaN,NaN,NaN,NaN,NaN,NaN,NaN,NaN,NaN,NaN,NaN,NaN,NaN,NaN,NaN,NaN,NaN,NaN,NaN,
78.807,0.01183,-0.01652,0.13006,0.52707,-0.06342,0.28305,-0.79879,NaN,NaN,NaN,NaN,NaN,NaN,NaN,NaN,NaN,NaN,NaN,NaN,NaN,NaN,NaN,NaN,NaN,NaN,NaN,NaN,NaN,
78.832,0.01180,-0.01657,0.12989,0.52546,-0.06204,0.28417,-0.79955,NaN,NaN,NaN,NaN,NaN,NaN,NaN,NaN,NaN,NaN,NaN,NaN,NaN,NaN,NaN,NaN,NaN,NaN,NaN,NaN,NaN,
78.857,0.01177,-0.01664,0.12973,0.52356,-0.06072,0.28570,-0.80036,NaN,NaN,NaN,NaN,NaN,NaN,NaN,NaN,NaN,NaN,NaN,NaN,NaN,NaN,NaN,NaN,NaN,NaN,NaN,NaN,NaN,
78.882,0.01183,-0.01672,0.12952,0.52125,-0.05905,0.28751,-0.80135,NaN,NaN,NaN,NaN,NaN,NaN,NaN,NaN,NaN,NaN,NaN,NaN,NaN,NaN,NaN,NaN,NaN,NaN,NaN,NaN,NaN,
78.907,0.01188,-0.01681,0.12932,0.51937,-0.05767,0.28895,-0.80215,NaN,NaN,NaN,NaN,NaN,NaN,NaN,NaN,NaN,NaN,NaN,NaN,NaN,NaN,NaN,NaN,NaN,NaN,NaN,NaN,NaN,
78.932,0.01188,-0.01689,0.12918,0.51826,-0.05722,0.29004,-0.80250,NaN,NaN,NaN,NaN,NaN,NaN,NaN,NaN,NaN,NaN,NaN,NaN,NaN,NaN,NaN,NaN,NaN,NaN,NaN,NaN,NaN,
78.957,0.01179,-0.01698,0.12912,0.51770,-0.05725,0.29077,-0.80260,NaN,NaN,NaN,NaN,NaN,NaN,NaN,NaN,NaN,NaN,NaN,NaN,NaN,NaN,NaN,NaN,NaN,NaN,NaN,NaN,NaN,
78.982,0.01181,-0.01691,0.12905,0.51741,-0.05699,0.29095,-0.80274,NaN,NaN,NaN,NaN,NaN,NaN,NaN,NaN,NaN,NaN,NaN,NaN,NaN,NaN,NaN,NaN,NaN,NaN,NaN,NaN,NaN,
79.007,0.01179,-0.01680,0.12894,0.51752,-0.05647,0.29047,-0.80288,NaN,NaN,NaN,NaN,NaN,NaN,NaN,NaN,NaN,NaN,NaN,NaN,NaN,NaN,NaN,NaN,NaN,NaN,NaN,NaN,NaN,
79.032,0.01180,-0.01679,0.12904,0.51760,-0.05692,0.29068,-0.80272,NaN,NaN,NaN,NaN,NaN,NaN,NaN,NaN,NaN,NaN,NaN,NaN,NaN,NaN,NaN,NaN,NaN,NaN,NaN,NaN,NaN,
79.057,0.01181,-0.01684,0.12897,0.51648,-0.05572,0.29127,-0.80331,NaN,NaN,NaN,NaN,NaN,NaN,NaN,NaN,NaN,NaN,NaN,NaN,NaN,NaN,NaN,NaN,NaN,NaN,NaN,NaN,NaN,
79.082,0.01190,-0.01688,0.12888,0.51499,-0.05411,0.29206,-0.80409,NaN,NaN,NaN,NaN,NaN,NaN,NaN,NaN,NaN,NaN,NaN,NaN,NaN,NaN,NaN,NaN,NaN,NaN,NaN,NaN,NaN,
79.107,0.01180,-0.01688,0.12890,0.51469,-0.05381,0.29223,-0.80424,NaN,NaN,NaN,NaN,NaN,NaN,NaN,NaN,NaN,NaN,NaN,NaN,NaN,NaN,NaN,NaN,NaN,NaN,NaN,NaN,NaN,
79.132,0.01181,-0.01686,0.12895,0.51453,-0.05362,0.29230,-0.80433,NaN,NaN,NaN,NaN,NaN,NaN,NaN,NaN,NaN,NaN,NaN,NaN,NaN,NaN,NaN,NaN,NaN,NaN,NaN,NaN,NaN,
79.157,0.01183,-0.01676,0.12908,0.51485,-0.05366,0.29193,-0.80426,NaN,NaN,NaN,NaN,NaN,NaN,NaN,NaN,NaN,NaN,NaN,NaN,NaN,NaN,NaN,NaN,NaN,NaN,NaN,NaN,NaN,
79.182,0.01183,-0.01677,0.12922,0.51578,-0.05440,0.29127,-0.80385,NaN,NaN,NaN,NaN,NaN,NaN,NaN,NaN,NaN,NaN,NaN,NaN,NaN,NaN,NaN,NaN,NaN,NaN,NaN,NaN,NaN,
79.207,0.01185,-0.01672,0.12933,0.51666,-0.05489,0.29048,-0.80353,NaN,NaN,NaN,NaN,NaN,NaN,NaN,NaN,NaN,NaN,NaN,NaN,NaN,NaN,NaN,NaN,NaN,NaN,NaN,NaN,NaN,
79.232,0.01184,-0.01663,0.12949,0.51740,-0.05528,0.28982,-0.80327,NaN,NaN,NaN,NaN,NaN,NaN,NaN,NaN,NaN,NaN,NaN,NaN,NaN,NaN,NaN,NaN,NaN,NaN,NaN,NaN,NaN,
79.257,0.01184,-0.01651,0.12965,0.51887,-0.05601,0.28846,-0.80276,NaN,NaN,NaN,NaN,NaN,NaN,NaN,NaN,NaN,NaN,NaN,NaN,NaN,NaN,NaN,NaN,NaN,NaN,NaN,NaN,NaN,
79.282,0.01182,-0.01640,0.12985,0.52036,-0.05700,0.28725,-0.80216,NaN,NaN,NaN,NaN,NaN,NaN,NaN,NaN,NaN,NaN,NaN,NaN,NaN,NaN,NaN,NaN,NaN,NaN,NaN,NaN,NaN,
79.307,0.01186,-0.01632,0.12994,0.52172,-0.05771,0.28601,-0.80167,NaN,NaN,NaN,NaN,NaN,NaN,NaN,NaN,NaN,NaN,NaN,NaN,NaN,NaN,NaN,NaN,NaN,NaN,NaN,NaN,NaN,
79.332,0.01208,-0.01624,0.13000,0.52328,-0.05942,0.28519,-0.80082,NaN,NaN,NaN,NaN,NaN,NaN,NaN,NaN,NaN,NaN,NaN,NaN,NaN,NaN,NaN,NaN,NaN,NaN,NaN,NaN,NaN,
79.357,0.01228,-0.01613,0.13010,0.52445,-0.06234,0.28566,-0.79967,NaN,NaN,NaN,NaN,NaN,NaN,NaN,NaN,NaN,NaN,NaN,NaN,NaN,NaN,NaN,NaN,NaN,NaN,NaN,NaN,NaN,
79.382,0.01243,-0.01608,0.13025,0.52617,-0.06548,0.28557,-0.79832,NaN,NaN,NaN,NaN,NaN,NaN,NaN,NaN,NaN,NaN,NaN,NaN,NaN,NaN,NaN,NaN,NaN,NaN,NaN,NaN,NaN,
79.407,0.01251,-0.01587,0.13030,0.52718,-0.06604,0.28465,-0.79793,NaN,NaN,NaN,NaN,NaN,NaN,NaN,NaN,NaN,NaN,NaN,NaN,NaN,NaN,NaN,NaN,NaN,NaN,NaN,NaN,NaN,
79.432,0.01256,-0.01583,0.13036,0.52798,-0.06731,0.28448,-0.79736,NaN,NaN,NaN,NaN,NaN,NaN,NaN,NaN,NaN,NaN,NaN,NaN,NaN,NaN,NaN,NaN,NaN,NaN,NaN,NaN,NaN,
79.457,0.01271,-0.01574,0.13035,0.52922,-0.06861,0.28376,-0.79668,NaN,NaN,NaN,NaN,NaN,NaN,NaN,NaN,NaN,NaN,NaN,NaN,NaN,NaN,NaN,NaN,NaN,NaN,NaN,NaN,NaN,
79.482,0.01281,-0.01550,0.13037,0.53318,-0.07144,0.28057,-0.79492,NaN,NaN,NaN,NaN,NaN,NaN,NaN,NaN,NaN,NaN,NaN,NaN,NaN,NaN,NaN,NaN,NaN,NaN,NaN,NaN,NaN,
79.507,0.01299,-0.01506,0.13056,0.53835,-0.07664,0.27734,-0.79208,NaN,NaN,NaN,NaN,NaN,NaN,NaN,NaN,NaN,NaN,NaN,NaN,NaN,NaN,NaN,NaN,NaN,NaN,NaN,NaN,NaN,
79.532,0.01315,-0.01485,0.13067,0.54089,-0.07984,0.27615,-0.79044,NaN,NaN,NaN,NaN,NaN,NaN,NaN,NaN,NaN,NaN,NaN,NaN,NaN,NaN,NaN,NaN,NaN,NaN,NaN,NaN,NaN,
79.557,0.01326,-0.01482,0.13071,0.54195,-0.08153,0.27588,-0.78964,NaN,NaN,NaN,NaN,NaN,NaN,NaN,NaN,NaN,NaN,NaN,NaN,NaN,NaN,NaN,NaN,NaN,NaN,NaN,NaN,NaN,
79.582,0.01329,-0.01480,0.13071,0.54228,-0.08200,0.27575,-0.78941,NaN,NaN,NaN,NaN,NaN,NaN,NaN,NaN,NaN,NaN,NaN,NaN,NaN,NaN,NaN,NaN,NaN,NaN,NaN,NaN,NaN,
79.607,0.01331,-0.01479,0.13068,0.54248,-0.08218,0.27562,-0.78930,NaN,NaN,NaN,NaN,NaN,NaN,NaN,NaN,NaN,NaN,NaN,NaN,NaN,NaN,NaN,NaN,NaN,NaN,NaN,NaN,NaN,
79.632,0.01329,-0.01478,0.13073,0.54253,-0.08256,0.27581,-0.78916,NaN,NaN,NaN,NaN,NaN,NaN,NaN,NaN,NaN,NaN,NaN,NaN,NaN,NaN,NaN,NaN,NaN,NaN,NaN,NaN,NaN,
79.657,0.01330,-0.01474,0.13073,0.54269,-0.08281,0.27576,-0.78904,NaN,NaN,NaN,NaN,NaN,NaN,NaN,NaN,NaN,NaN,NaN,NaN,NaN,NaN,NaN,NaN,NaN,NaN,NaN,NaN,NaN,
79.682,0.01332,-0.01472,0.13071,0.54321,-0.08305,0.27525,-0.78884,NaN,NaN,NaN,NaN,NaN,NaN,NaN,NaN,NaN,NaN,NaN,NaN,NaN,NaN,NaN,NaN,NaN,NaN,NaN,NaN,NaN,
79.707,0.01342,-0.01453,0.13078,0.54551,-0.08455,0.27322,-0.78780,NaN,NaN,NaN,NaN,NaN,NaN,NaN,NaN,NaN,NaN,NaN,NaN,NaN,NaN,NaN,NaN,NaN,NaN,NaN,NaN,NaN,
79.732,0.01354,-0.01406,0.13075,0.54937,-0.08747,0.27008,-0.78588,NaN,NaN,NaN,NaN,NaN,NaN,NaN,NaN,NaN,NaN,NaN,NaN,NaN,NaN,NaN,NaN,NaN,NaN,NaN,NaN,NaN,
79.757,0.01391,-0.01380,0.13064,0.55251,-0.09212,0.26896,-0.78352,NaN,NaN,NaN,NaN,NaN,NaN,NaN,NaN,NaN,NaN,NaN,NaN,NaN,NaN,NaN,NaN,NaN,NaN,NaN,NaN,NaN,
79.782,0.01405,-0.01368,0.13063,0.55371,-0.09434,0.26881,-0.78246,NaN,NaN,NaN,NaN,NaN,NaN,NaN,NaN,NaN,NaN,NaN,NaN,NaN,NaN,NaN,NaN,NaN,NaN,NaN,NaN,NaN,
79.807,0.01405,-0.01360,0.13055,0.55491,-0.09472,0.26747,-0.78203,NaN,NaN,NaN,NaN,NaN,NaN,NaN,NaN,NaN,NaN,NaN,NaN,NaN,NaN,NaN,NaN,NaN,NaN,NaN,NaN,NaN,
79.832,0.01412,-0.01346,0.13046,0.55605,-0.09556,0.26649,-0.78144,NaN,NaN,NaN,NaN,NaN,NaN,NaN,NaN,NaN,NaN,NaN,NaN,NaN,NaN,NaN,NaN,NaN,NaN,NaN,NaN,NaN,
79.857,0.01429,-0.01328,0.13038,0.55733,-0.09736,0.26596,-0.78049,NaN,NaN,NaN,NaN,NaN,NaN,NaN,NaN,NaN,NaN,NaN,NaN,NaN,NaN,NaN,NaN,NaN,NaN,NaN,NaN,NaN,
79.882,0.01438,-0.01317,0.13026,0.55815,-0.09854,0.26563,-0.77987,NaN,NaN,NaN,NaN,NaN,NaN,NaN,NaN,NaN,NaN,NaN,NaN,NaN,NaN,NaN,NaN,NaN,NaN,NaN,NaN,NaN,
79.907,0.01433,-0.01321,0.13019,0.55846,-0.09888,0.26543,-0.77968,NaN,NaN,NaN,NaN,NaN,NaN,NaN,NaN,NaN,NaN,NaN,NaN,NaN,NaN,NaN,NaN,NaN,NaN,NaN,NaN,NaN,
79.932,0.01442,-0.01314,0.13011,0.55893,-0.09916,0.26499,-0.77945,NaN,NaN,NaN,NaN,NaN,NaN,NaN,NaN,NaN,NaN,NaN,NaN,NaN,NaN,NaN,NaN,NaN,NaN,NaN,NaN,NaN,
79.957,0.01442,-0.01313,0.13007,0.55890,-0.09897,0.26491,-0.77953,NaN,NaN,NaN,NaN,NaN,NaN,NaN,NaN,NaN,NaN,NaN,NaN,NaN,NaN,NaN,NaN,NaN,NaN,NaN,NaN,NaN,
79.982,0.01434,-0.01339,0.13010,0.55629,-0.09765,0.26751,-0.78067,NaN,NaN,NaN,NaN,NaN,NaN,NaN,NaN,NaN,NaN,NaN,NaN,NaN,NaN,NaN,NaN,NaN,NaN,NaN,NaN,NaN,
80.007,0.01446,-0.01371,0.12974,0.55009,-0.09177,0.27192,-0.78425,NaN,NaN,NaN,NaN,NaN,NaN,NaN,NaN,NaN,NaN,NaN,NaN,NaN,NaN,NaN,NaN,NaN,NaN,NaN,NaN,NaN,
80.032,0.01434,-0.01404,0.12959,0.54525,-0.08844,0.27609,-0.78655,NaN,NaN,NaN,NaN,NaN,NaN,NaN,NaN,NaN,NaN,NaN,NaN,NaN,NaN,NaN,NaN,NaN,NaN,NaN,NaN,NaN,
80.057,0.01436,-0.01436,0.12949,0.54143,-0.08637,0.27970,-0.78814,NaN,NaN,NaN,NaN,NaN,NaN,NaN,NaN,NaN,NaN,NaN,NaN,NaN,NaN,NaN,NaN,NaN,NaN,NaN,NaN,NaN,
80.082,0.01432,-0.01451,0.12938,0.53915,-0.08468,0.28155,-0.78923,NaN,NaN,NaN,NaN,NaN,NaN,NaN,NaN,NaN,NaN,NaN,NaN,NaN,NaN,NaN,NaN,NaN,NaN,NaN,NaN,NaN,
80.107,0.01437,-0.01458,0.12934,0.53761,-0.08381,0.28296,-0.78986,NaN,NaN,NaN,NaN,NaN,NaN,NaN,NaN,NaN,NaN,NaN,NaN,NaN,NaN,NaN,NaN,NaN,NaN,NaN,NaN,NaN,
80.132,0.01438,-0.01467,0.12925,0.53630,-0.08276,0.28396,-0.79050,NaN,NaN,NaN,NaN,NaN,NaN,NaN,NaN,NaN,NaN,NaN,NaN,NaN,NaN,NaN,NaN,NaN,NaN,NaN,NaN,NaN,
80.157,0.01439,-0.01471,0.12921,0.53584,-0.08227,0.28424,-0.79077,NaN,NaN,NaN,NaN,NaN,NaN,NaN,NaN,NaN,NaN,NaN,NaN,NaN,NaN,NaN,NaN,NaN,NaN,NaN,NaN,NaN,
80.182,0.01439,-0.01466,0.12926,0.53591,-0.08220,0.28410,-0.79077,NaN,NaN,NaN,NaN,NaN,NaN,NaN,NaN,NaN,NaN,NaN,NaN,NaN,NaN,NaN,NaN,NaN,NaN,NaN,NaN,NaN,
80.207,0.01432,-0.01468,0.12932,0.53482,-0.08115,0.28483,-0.79137,NaN,NaN,NaN,NaN,NaN,NaN,NaN,NaN,NaN,NaN,NaN,NaN,NaN,NaN,NaN,NaN,NaN,NaN,NaN,NaN,NaN,
80.232,0.01437,-0.01478,0.12919,0.53273,-0.07857,0.28581,-0.79267,NaN,NaN,NaN,NaN,NaN,NaN,NaN,NaN,NaN,NaN,NaN,NaN,NaN,NaN,NaN,NaN,NaN,NaN,NaN,NaN,NaN,
80.257,0.01435,-0.01477,0.12928,0.53284,-0.07882,0.28584,-0.79257,NaN,NaN,NaN,NaN,NaN,NaN,NaN,NaN,NaN,NaN,NaN,NaN,NaN,NaN,NaN,NaN,NaN,NaN,NaN,NaN,NaN,
80.282,0.01432,-0.01473,0.12938,0.53342,-0.07914,0.28530,-0.79234,NaN,NaN,NaN,NaN,NaN,NaN,NaN,NaN,NaN,NaN,NaN,NaN,NaN,NaN,NaN,NaN,NaN,NaN,NaN,NaN,NaN,
80.307,0.01433,-0.01462,0.12948,0.53471,-0.07961,0.28397,-0.79191,NaN,NaN,NaN,NaN,NaN,NaN,NaN,NaN,NaN,NaN,NaN,NaN,NaN,NaN,NaN,NaN,NaN,NaN,NaN,NaN,NaN,
80.332,0.01435,-0.01453,0.12964,0.53585,-0.08037,0.28300,-0.79141,NaN,NaN,NaN,NaN,NaN,NaN,NaN,NaN,NaN,NaN,NaN,NaN,NaN,NaN,NaN,NaN,NaN,NaN,NaN,NaN,NaN,
80.357,0.01437,-0.01440,0.12970,0.53684,-0.08052,0.28182,-0.79113,NaN,NaN,NaN,NaN,NaN,NaN,NaN,NaN,NaN,NaN,NaN,NaN,NaN,NaN,NaN,NaN,NaN,NaN,NaN,NaN,NaN,
80.382,0.01438,-0.01428,0.12986,0.53831,-0.08142,0.28052,-0.79051,NaN,NaN,NaN,NaN,NaN,NaN,NaN,NaN,NaN,NaN,NaN,NaN,NaN,NaN,NaN,NaN,NaN,NaN,NaN,NaN,NaN,
80.407,0.01439,-0.01420,0.13007,0.54000,-0.08324,0.27952,-0.78952,NaN,NaN,NaN,NaN,NaN,NaN,NaN,NaN,NaN,NaN,NaN,NaN,NaN,NaN,NaN,NaN,NaN,NaN,NaN,NaN,NaN,
80.432,0.01462,-0.01392,0.12999,0.54157,-0.08485,0.27853,-0.78862,NaN,NaN,NaN,NaN,NaN,NaN,NaN,NaN,NaN,NaN,NaN,NaN,NaN,NaN,NaN,NaN,NaN,NaN,NaN,NaN,NaN,
80.457,0.01499,-0.01378,0.13008,0.54394,-0.08956,0.27850,-0.78648,NaN,NaN,NaN,NaN,NaN,NaN,NaN,NaN,NaN,NaN,NaN,NaN,NaN,NaN,NaN,NaN,NaN,NaN,NaN,NaN,NaN,
80.482,0.01507,-0.01367,0.13023,0.54558,-0.09241,0.27820,-0.78512,NaN,NaN,NaN,NaN,NaN,NaN,NaN,NaN,NaN,NaN,NaN,NaN,NaN,NaN,NaN,NaN,NaN,NaN,NaN,NaN,NaN,
80.507,0.01519,-0.01347,0.13024,0.54695,-0.09367,0.27722,-0.78436,NaN,NaN,NaN,NaN,NaN,NaN,NaN,NaN,NaN,NaN,NaN,NaN,NaN,NaN,NaN,NaN,NaN,NaN,NaN,NaN,NaN,
80.532,0.01535,-0.01330,0.13026,0.54850,-0.09534,0.27627,-0.78341,NaN,NaN,NaN,NaN,NaN,NaN,NaN,NaN,NaN,NaN,NaN,NaN,NaN,NaN,NaN,NaN,NaN,NaN,NaN,NaN,NaN,
80.557,0.01547,-0.01319,0.13027,0.55008,-0.09729,0.27545,-0.78235,NaN,NaN,NaN,NaN,NaN,NaN,NaN,NaN,NaN,NaN,NaN,NaN,NaN,NaN,NaN,NaN,NaN,NaN,NaN,NaN,NaN,
80.582,0.01556,-0.01296,0.13026,0.55177,-0.09831,0.27389,-0.78158,NaN,NaN,NaN,NaN,NaN,NaN,NaN,NaN,NaN,NaN,NaN,NaN,NaN,NaN,NaN,NaN,NaN,NaN,NaN,NaN,NaN,
80.607,0.01563,-0.01282,0.13037,0.55328,-0.10004,0.27301,-0.78060,NaN,NaN,NaN,NaN,NaN,NaN,NaN,NaN,NaN,NaN,NaN,NaN,NaN,NaN,NaN,NaN,NaN,NaN,NaN,NaN,NaN,
80.632,0.01567,-0.01282,0.13042,0.55424,-0.10153,0.27269,-0.77984,NaN,NaN,NaN,NaN,NaN,NaN,NaN,NaN,NaN,NaN,NaN,NaN,NaN,NaN,NaN,NaN,NaN,NaN,NaN,NaN,NaN,
80.657,0.01571,-0.01288,0.13044,0.55501,-0.10263,0.27238,-0.77926,NaN,NaN,NaN,NaN,NaN,NaN,NaN,NaN,NaN,NaN,NaN,NaN,NaN,NaN,NaN,NaN,NaN,NaN,NaN,NaN,NaN,
80.682,0.01571,-0.01276,0.13044,0.55523,-0.10265,0.27210,-0.77919,NaN,NaN,NaN,NaN,NaN,NaN,NaN,NaN,NaN,NaN,NaN,NaN,NaN,NaN,NaN,NaN,NaN,NaN,NaN,NaN,NaN,
80.707,0.01569,-0.01267,0.13045,0.55554,-0.10287,0.27183,-0.77904,NaN,NaN,NaN,NaN,NaN,NaN,NaN,NaN,NaN,NaN,NaN,NaN,NaN,NaN,NaN,NaN,NaN,NaN,NaN,NaN,NaN,
80.732,0.01571,-0.01259,0.13043,0.55576,-0.10269,0.27142,-0.77905,NaN,NaN,NaN,NaN,NaN,NaN,NaN,NaN,NaN,NaN,NaN,NaN,NaN,NaN,NaN,NaN,NaN,NaN,NaN,NaN,NaN,
80.757,0.01573,-0.01256,0.13045,0.55625,-0.10323,0.27112,-0.77873,NaN,NaN,NaN,NaN,NaN,NaN,NaN,NaN,NaN,NaN,NaN,NaN,NaN,NaN,NaN,NaN,NaN,NaN,NaN,NaN,NaN,
80.782,0.01576,-0.01254,0.13050,0.55715,-0.10432,0.27062,-0.77811,NaN,NaN,NaN,NaN,NaN,NaN,NaN,NaN,NaN,NaN,NaN,NaN,NaN,NaN,NaN,NaN,NaN,NaN,NaN,NaN,NaN,
80.807,0.01588,-0.01236,0.13041,0.55806,-0.10507,0.26989,-0.77762,NaN,NaN,NaN,NaN,NaN,NaN,NaN,NaN,NaN,NaN,NaN,NaN,NaN,NaN,NaN,NaN,NaN,NaN,NaN,NaN,NaN,
80.832,0.01600,-0.01224,0.13042,0.55868,-0.10637,0.26989,-0.77700,NaN,NaN,NaN,NaN,NaN,NaN,NaN,NaN,NaN,NaN,NaN,NaN,NaN,NaN,NaN,NaN,NaN,NaN,NaN,NaN,NaN,
80.857,0.01606,-0.01221,0.13042,0.56000,-0.10757,0.26890,-0.77622,NaN,NaN,NaN,NaN,NaN,NaN,NaN,NaN,NaN,NaN,NaN,NaN,NaN,NaN,NaN,NaN,NaN,NaN,NaN,NaN,NaN,
80.882,0.01613,-0.01195,0.13035,0.56170,-0.10850,0.26722,-0.77544,NaN,NaN,NaN,NaN,NaN,NaN,NaN,NaN,NaN,NaN,NaN,NaN,NaN,NaN,NaN,NaN,NaN,NaN,NaN,NaN,NaN,
80.907,0.01627,-0.01174,0.13031,0.56302,-0.11089,0.26696,-0.77424,NaN,NaN,NaN,NaN,NaN,NaN,NaN,NaN,NaN,NaN,NaN,NaN,NaN,NaN,NaN,NaN,NaN,NaN,NaN,NaN,NaN,
80.932,0.01638,-0.01157,0.13027,0.56512,-0.11370,0.26593,-0.77266,NaN,NaN,NaN,NaN,NaN,NaN,NaN,NaN,NaN,NaN,NaN,NaN,NaN,NaN,NaN,NaN,NaN,NaN,NaN,NaN,NaN,
80.957,0.01666,-0.01117,0.13015,0.56764,-0.11582,0.26386,-0.77120,NaN,NaN,NaN,NaN,NaN,NaN,NaN,NaN,NaN,NaN,NaN,NaN,NaN,NaN,NaN,NaN,NaN,NaN,NaN,NaN,NaN,
80.982,0.01667,-0.01112,0.13009,0.56904,-0.11772,0.26317,-0.77011,NaN,NaN,NaN,NaN,NaN,NaN,NaN,NaN,NaN,NaN,NaN,NaN,NaN,NaN,NaN,NaN,NaN,NaN,NaN,NaN,NaN,
81.007,0.01676,-0.01095,0.12996,0.56977,-0.11801,0.26236,-0.76980,NaN,NaN,NaN,NaN,NaN,NaN,NaN,NaN,NaN,NaN,NaN,NaN,NaN,NaN,NaN,NaN,NaN,NaN,NaN,NaN,NaN,
81.032,0.01677,-0.01092,0.12990,0.57051,-0.11902,0.26199,-0.76923,NaN,NaN,NaN,NaN,NaN,NaN,NaN,NaN,NaN,NaN,NaN,NaN,NaN,NaN,NaN,NaN,NaN,NaN,NaN,NaN,NaN,
81.057,0.01684,-0.01083,0.12983,0.57149,-0.12011,0.26135,-0.76855,NaN,NaN,NaN,NaN,NaN,NaN,NaN,NaN,NaN,NaN,NaN,NaN,NaN,NaN,NaN,NaN,NaN,NaN,NaN,NaN,NaN,
81.082,0.01691,-0.01082,0.12980,0.56933,-0.11889,0.26350,-0.76961,NaN,NaN,NaN,NaN,NaN,NaN,NaN,NaN,NaN,NaN,NaN,NaN,NaN,NaN,NaN,NaN,NaN,NaN,NaN,NaN,NaN,
81.107,0.01684,-0.01119,0.12963,0.56579,-0.11601,0.26646,-0.77164,NaN,NaN,NaN,NaN,NaN,NaN,NaN,NaN,NaN,NaN,NaN,NaN,NaN,NaN,NaN,NaN,NaN,NaN,NaN,NaN,NaN,
81.132,0.01681,-0.01126,0.12955,0.56404,-0.11477,0.26802,-0.77256,NaN,NaN,NaN,NaN,NaN,NaN,NaN,NaN,NaN,NaN,NaN,NaN,NaN,NaN,NaN,NaN,NaN,NaN,NaN,NaN,NaN,
81.157,0.01682,-0.01130,0.12946,0.56345,-0.11442,0.26859,-0.77284,NaN,NaN,NaN,NaN,NaN,NaN,NaN,NaN,NaN,NaN,NaN,NaN,NaN,NaN,NaN,NaN,NaN,NaN,NaN,NaN,NaN,
81.182,0.01687,-0.01138,0.12940,0.56329,-0.11469,0.26898,-0.77279,NaN,NaN,NaN,NaN,NaN,NaN,NaN,NaN,NaN,NaN,NaN,NaN,NaN,NaN,NaN,NaN,NaN,NaN,NaN,NaN,NaN,
81.207,0.01691,-0.01131,0.12929,0.56326,-0.11437,0.26882,-0.77292,NaN,NaN,NaN,NaN,NaN,NaN,NaN,NaN,NaN,NaN,NaN,NaN,NaN,NaN,NaN,NaN,NaN,NaN,NaN,NaN,NaN,
81.232,0.01687,-0.01132,0.12929,0.56321,-0.11456,0.26899,-0.77286,NaN,NaN,NaN,NaN,NaN,NaN,NaN,NaN,NaN,NaN,NaN,NaN,NaN,NaN,NaN,NaN,NaN,NaN,NaN,NaN,NaN,
81.257,0.01684,-0.01132,0.12920,0.56291,-0.11381,0.26892,-0.77321,NaN,NaN,NaN,NaN,NaN,NaN,NaN,NaN,NaN,NaN,NaN,NaN,NaN,NaN,NaN,NaN,NaN,NaN,NaN,NaN,NaN,
81.282,0.01683,-0.01128,0.12927,0.56347,-0.11430,0.26849,-0.77288,NaN,NaN,NaN,NaN,NaN,NaN,NaN,NaN,NaN,NaN,NaN,NaN,NaN,NaN,NaN,NaN,NaN,NaN,NaN,NaN,NaN,
81.307,0.01683,-0.01128,0.12940,0.56387,-0.11476,0.26825,-0.77261,NaN,NaN,NaN,NaN,NaN,NaN,NaN,NaN,NaN,NaN,NaN,NaN,NaN,NaN,NaN,NaN,NaN,NaN,NaN,NaN,NaN,
81.332,0.01684,-0.01129,0.12936,0.56343,-0.11436,0.26857,-0.77287,NaN,NaN,NaN,NaN,NaN,NaN,NaN,NaN,NaN,NaN,NaN,NaN,NaN,NaN,NaN,NaN,NaN,NaN,NaN,NaN,NaN,
81.357,0.01690,-0.01117,0.12919,0.56151,-0.11179,0.26953,-0.77431,NaN,NaN,NaN,NaN,NaN,NaN,NaN,NaN,NaN,NaN,NaN,NaN,NaN,NaN,NaN,NaN,NaN,NaN,NaN,NaN,NaN,
81.382,0.01690,-0.01123,0.12920,0.56081,-0.11131,0.27016,-0.77467,NaN,NaN,NaN,NaN,NaN,NaN,NaN,NaN,NaN,NaN,NaN,NaN,NaN,NaN,NaN,NaN,NaN,NaN,NaN,NaN,NaN,
81.407,0.01680,-0.01118,0.12938,0.56120,-0.11216,0.27018,-0.77426,NaN,NaN,NaN,NaN,NaN,NaN,NaN,NaN,NaN,NaN,NaN,NaN,NaN,NaN,NaN,NaN,NaN,NaN,NaN,NaN,NaN,
81.432,0.01691,-0.01109,0.12941,0.56133,-0.11184,0.26980,-0.77434,NaN,NaN,NaN,NaN,NaN,NaN,NaN,NaN,NaN,NaN,NaN,NaN,NaN,NaN,NaN,NaN,NaN,NaN,NaN,NaN,NaN,
81.457,0.01689,-0.01106,0.12949,0.56183,-0.11207,0.26929,-0.77413,NaN,NaN,NaN,NaN,NaN,NaN,NaN,NaN,NaN,NaN,NaN,NaN,NaN,NaN,NaN,NaN,NaN,NaN,NaN,NaN,NaN,
81.482,0.01694,-0.01106,0.12961,0.56249,-0.11298,0.26898,-0.77362,NaN,NaN,NaN,NaN,NaN,NaN,NaN,NaN,NaN,NaN,NaN,NaN,NaN,NaN,NaN,NaN,NaN,NaN,NaN,NaN,NaN,
81.507,0.01691,-0.01098,0.12974,0.56269,-0.11367,0.26914,-0.77332,NaN,NaN,NaN,NaN,NaN,NaN,NaN,NaN,NaN,NaN,NaN,NaN,NaN,NaN,NaN,NaN,NaN,NaN,NaN,NaN,NaN,
81.532,0.01701,-0.01083,0.12982,0.56240,-0.11397,0.26971,-0.77329,NaN,NaN,NaN,NaN,NaN,NaN,NaN,NaN,NaN,NaN,NaN,NaN,NaN,NaN,NaN,NaN,NaN,NaN,NaN,NaN,NaN,
81.557,0.01711,-0.01071,0.12992,0.56318,-0.11464,0.26909,-0.77284,NaN,NaN,NaN,NaN,NaN,NaN,NaN,NaN,NaN,NaN,NaN,NaN,NaN,NaN,NaN,NaN,NaN,NaN,NaN,NaN,NaN,
81.582,0.01707,-0.01069,0.13011,0.56446,-0.11615,0.26832,-0.77194,NaN,NaN,NaN,NaN,NaN,NaN,NaN,NaN,NaN,NaN,NaN,NaN,NaN,NaN,NaN,NaN,NaN,NaN,NaN,NaN,NaN,
81.607,0.01718,-0.01049,0.13014,0.56510,-0.11632,0.26757,-0.77171,NaN,NaN,NaN,NaN,NaN,NaN,NaN,NaN,NaN,NaN,NaN,NaN,NaN,NaN,NaN,NaN,NaN,NaN,NaN,NaN,NaN,
81.632,0.01728,-0.01037,0.13027,0.56615,-0.11787,0.26713,-0.77086,NaN,NaN,NaN,NaN,NaN,NaN,NaN,NaN,NaN,NaN,NaN,NaN,NaN,NaN,NaN,NaN,NaN,NaN,NaN,NaN,NaN,
81.657,0.01740,-0.01025,0.13038,0.56780,-0.11992,0.26619,-0.76965,NaN,NaN,NaN,NaN,NaN,NaN,NaN,NaN,NaN,NaN,NaN,NaN,NaN,NaN,NaN,NaN,NaN,NaN,NaN,NaN,NaN,
81.682,0.01742,-0.01013,0.13047,0.56917,-0.12176,0.26549,-0.76859,NaN,NaN,NaN,NaN,NaN,NaN,NaN,NaN,NaN,NaN,NaN,NaN,NaN,NaN,NaN,NaN,NaN,NaN,NaN,NaN,NaN,
81.707,0.01755,-0.00999,0.13048,0.56973,-0.12242,0.26514,-0.76819,NaN,NaN,NaN,NaN,NaN,NaN,NaN,NaN,NaN,NaN,NaN,NaN,NaN,NaN,NaN,NaN,NaN,NaN,NaN,NaN,NaN,
81.732,0.01751,-0.00996,0.13051,0.57019,-0.12294,0.26484,-0.76787,NaN,NaN,NaN,NaN,NaN,NaN,NaN,NaN,NaN,NaN,NaN,NaN,NaN,NaN,NaN,NaN,NaN,NaN,NaN,NaN,NaN,
81.757,0.01755,-0.00994,0.13050,0.57055,-0.12314,0.26448,-0.76770,NaN,NaN,NaN,NaN,NaN,NaN,NaN,NaN,NaN,NaN,NaN,NaN,NaN,NaN,NaN,NaN,NaN,NaN,NaN,NaN,NaN,
81.782,0.01757,-0.00994,0.13051,0.57103,-0.12357,0.26410,-0.76740,NaN,NaN,NaN,NaN,NaN,NaN,NaN,NaN,NaN,NaN,NaN,NaN,NaN,NaN,NaN,NaN,NaN,NaN,NaN,NaN,NaN,
81.808,0.01755,-0.00990,0.13060,0.57123,-0.12435,0.26431,-0.76706,NaN,NaN,NaN,NaN,NaN,NaN,NaN,NaN,NaN,NaN,NaN,NaN,NaN,NaN,NaN,NaN,NaN,NaN,NaN,NaN,NaN,
81.832,0.01758,-0.00981,0.13056,0.57143,-0.12411,0.26390,-0.76709,NaN,NaN,NaN,NaN,NaN,NaN,NaN,NaN,NaN,NaN,NaN,NaN,NaN,NaN,NaN,NaN,NaN,NaN,NaN,NaN,NaN,
81.857,0.01757,-0.00981,0.13057,0.57161,-0.12444,0.26385,-0.76691,NaN,NaN,NaN,NaN,NaN,NaN,NaN,NaN,NaN,NaN,NaN,NaN,NaN,NaN,NaN,NaN,NaN,NaN,NaN,NaN,NaN,
81.882,0.01754,-0.00987,0.13056,0.57170,-0.12478,0.26393,-0.76676,NaN,NaN,NaN,NaN,NaN,NaN,NaN,NaN,NaN,NaN,NaN,NaN,NaN,NaN,NaN,NaN,NaN,NaN,NaN,NaN,NaN,
81.907,0.01753,-0.00986,0.13043,0.57105,-0.12388,0.26427,-0.76728,NaN,NaN,NaN,NaN,NaN,NaN,NaN,NaN,NaN,NaN,NaN,NaN,NaN,NaN,NaN,NaN,NaN,NaN,NaN,NaN,NaN,
81.932,0.01752,-0.00988,0.13031,0.57009,-0.12331,0.26521,-0.76776,NaN,NaN,NaN,NaN,NaN,NaN,NaN,NaN,NaN,NaN,NaN,NaN,NaN,NaN,NaN,NaN,NaN,NaN,NaN,NaN,NaN,
81.957,0.01753,-0.00987,0.13022,0.56933,-0.12320,0.26616,-0.76802,NaN,NaN,NaN,NaN,NaN,NaN,NaN,NaN,NaN,NaN,NaN,NaN,NaN,NaN,NaN,NaN,NaN,NaN,NaN,NaN,NaN,
81.982,0.01758,-0.00969,0.13011,0.57000,-0.12338,0.26537,-0.76776,NaN,NaN,NaN,NaN,NaN,NaN,NaN,NaN,NaN,NaN,NaN,NaN,NaN,NaN,NaN,NaN,NaN,NaN,NaN,NaN,NaN,
82.007,0.01760,-0.00946,0.13011,0.57237,-0.12540,0.26342,-0.76634,NaN,NaN,NaN,NaN,NaN,NaN,NaN,NaN,NaN,NaN,NaN,NaN,NaN,NaN,NaN,NaN,NaN,NaN,NaN,NaN,NaN,
82.032,0.01762,-0.00934,0.13000,0.57431,-0.12608,0.26121,-0.76553,NaN,NaN,NaN,NaN,NaN,NaN,NaN,NaN,NaN,NaN,NaN,NaN,NaN,NaN,NaN,NaN,NaN,NaN,NaN,NaN,NaN,
82.057,0.01774,-0.00896,0.12991,0.57603,-0.12758,0.25980,-0.76447,NaN,NaN,NaN,NaN,NaN,NaN,NaN,NaN,NaN,NaN,NaN,NaN,NaN,NaN,NaN,NaN,NaN,NaN,NaN,NaN,NaN,
82.082,0.01785,-0.00886,0.12981,0.57787,-0.13051,0.25909,-0.76283,NaN,NaN,NaN,NaN,NaN,NaN,NaN,NaN,NaN,NaN,NaN,NaN,NaN,NaN,NaN,NaN,NaN,NaN,NaN,NaN,NaN,
82.107,0.01788,-0.00872,0.12973,0.57936,-0.13212,0.25804,-0.76178,NaN,NaN,NaN,NaN,NaN,NaN,NaN,NaN,NaN,NaN,NaN,NaN,NaN,NaN,NaN,NaN,NaN,NaN,NaN,NaN,NaN,
82.132,0.01793,-0.00850,0.12962,0.58114,-0.13312,0.25623,-0.76086,NaN,NaN,NaN,NaN,NaN,NaN,NaN,NaN,NaN,NaN,NaN,NaN,NaN,NaN,NaN,NaN,NaN,NaN,NaN,NaN,NaN,
82.157,0.01794,-0.00833,0.12944,0.58199,-0.13325,0.25514,-0.76055,NaN,NaN,NaN,NaN,NaN,NaN,NaN,NaN,NaN,NaN,NaN,NaN,NaN,NaN,NaN,NaN,NaN,NaN,NaN,NaN,NaN,
82.182,0.01804,-0.00833,0.12940,0.58163,-0.13374,0.25593,-0.76048,NaN,NaN,NaN,NaN,NaN,NaN,NaN,NaN,NaN,NaN,NaN,NaN,NaN,NaN,NaN,NaN,NaN,NaN,NaN,NaN,NaN,
82.207,0.01809,-0.00825,0.12946,0.58130,-0.13447,0.25681,-0.76030,NaN,NaN,NaN,NaN,NaN,NaN,NaN,NaN,NaN,NaN,NaN,NaN,NaN,NaN,NaN,NaN,NaN,NaN,NaN,NaN,NaN,
82.232,0.01821,-0.00820,0.12938,0.58171,-0.13489,0.25651,-0.76001,NaN,NaN,NaN,NaN,NaN,NaN,NaN,NaN,NaN,NaN,NaN,NaN,NaN,NaN,NaN,NaN,NaN,NaN,NaN,NaN,NaN,
82.257,0.01834,-0.00813,0.12935,0.58213,-0.13554,0.25632,-0.75964,NaN,NaN,NaN,NaN,NaN,NaN,NaN,NaN,NaN,NaN,NaN,NaN,NaN,NaN,NaN,NaN,NaN,NaN,NaN,NaN,NaN,
82.282,0.01836,-0.00817,0.12934,0.58193,-0.13548,0.25656,-0.75972,NaN,NaN,NaN,NaN,NaN,NaN,NaN,NaN,NaN,NaN,NaN,NaN,NaN,NaN,NaN,NaN,NaN,NaN,NaN,NaN,NaN,
82.307,0.01830,-0.00821,0.12943,0.58148,-0.13525,0.25704,-0.75995,NaN,NaN,NaN,NaN,NaN,NaN,NaN,NaN,NaN,NaN,NaN,NaN,NaN,NaN,NaN,NaN,NaN,NaN,NaN,NaN,NaN,
82.332,0.01827,-0.00822,0.12950,0.58118,-0.13483,0.25720,-0.76020,NaN,NaN,NaN,NaN,NaN,NaN,NaN,NaN,NaN,NaN,NaN,NaN,NaN,NaN,NaN,NaN,NaN,NaN,NaN,NaN,NaN,
82.357,0.01828,-0.00827,0.12960,0.58116,-0.13488,0.25726,-0.76019,NaN,NaN,NaN,NaN,NaN,NaN,NaN,NaN,NaN,NaN,NaN,NaN,NaN,NaN,NaN,NaN,NaN,NaN,NaN,NaN,NaN,
82.382,0.01833,-0.00831,0.12970,0.58135,-0.13528,0.25723,-0.75997,NaN,NaN,NaN,NaN,NaN,NaN,NaN,NaN,NaN,NaN,NaN,NaN,NaN,NaN,NaN,NaN,NaN,NaN,NaN,NaN,NaN,
82.407,0.01845,-0.00827,0.12977,0.58150,-0.13575,0.25731,-0.75975,NaN,NaN,NaN,NaN,NaN,NaN,NaN,NaN,NaN,NaN,NaN,NaN,NaN,NaN,NaN,NaN,NaN,NaN,NaN,NaN,NaN,
82.432,0.01855,-0.00817,0.12991,0.58358,-0.13761,0.25559,-0.75840,NaN,NaN,NaN,NaN,NaN,NaN,NaN,NaN,NaN,NaN,NaN,NaN,NaN,NaN,NaN,NaN,NaN,NaN,NaN,NaN,NaN,
82.457,0.01870,-0.00755,0.12996,0.58658,-0.14008,0.25295,-0.75652,NaN,NaN,NaN,NaN,NaN,NaN,NaN,NaN,NaN,NaN,NaN,NaN,NaN,NaN,NaN,NaN,NaN,NaN,NaN,NaN,NaN,
82.482,0.01881,-0.00754,0.13017,0.58848,-0.14425,0.25281,-0.75430,NaN,NaN,NaN,NaN,NaN,NaN,NaN,NaN,NaN,NaN,NaN,NaN,NaN,NaN,NaN,NaN,NaN,NaN,NaN,NaN,NaN,
82.507,0.01900,-0.00734,0.13026,0.58898,-0.14446,0.25226,-0.75406,NaN,NaN,NaN,NaN,NaN,NaN,NaN,NaN,NaN,NaN,NaN,NaN,NaN,NaN,NaN,NaN,NaN,NaN,NaN,NaN,NaN,
82.532,0.01901,-0.00734,0.13049,0.58964,-0.14559,0.25202,-0.75340,NaN,NaN,NaN,NaN,NaN,NaN,NaN,NaN,NaN,NaN,NaN,NaN,NaN,NaN,NaN,NaN,NaN,NaN,NaN,NaN,NaN,
82.557,0.01909,-0.00722,0.13057,0.59055,-0.14624,0.25114,-0.75286,NaN,NaN,NaN,NaN,NaN,NaN,NaN,NaN,NaN,NaN,NaN,NaN,NaN,NaN,NaN,NaN,NaN,NaN,NaN,NaN,NaN,
82.582,0.01909,-0.00717,0.13067,0.59146,-0.14733,0.25052,-0.75213,NaN,NaN,NaN,NaN,NaN,NaN,NaN,NaN,NaN,NaN,NaN,NaN,NaN,NaN,NaN,NaN,NaN,NaN,NaN,NaN,NaN,
82.607,0.01915,-0.00704,0.13076,0.59206,-0.14812,0.25016,-0.75163,NaN,NaN,NaN,NaN,NaN,NaN,NaN,NaN,NaN,NaN,NaN,NaN,NaN,NaN,NaN,NaN,NaN,NaN,NaN,NaN,NaN,
82.632,0.01916,-0.00709,0.13087,0.59039,-0.14784,0.25231,-0.75228,NaN,NaN,NaN,NaN,NaN,NaN,NaN,NaN,NaN,NaN,NaN,NaN,NaN,NaN,NaN,NaN,NaN,NaN,NaN,NaN,NaN,
82.657,0.01920,-0.00728,0.13077,0.58769,-0.14503,0.25437,-0.75425,NaN,NaN,NaN,NaN,NaN,NaN,NaN,NaN,NaN,NaN,NaN,NaN,NaN,NaN,NaN,NaN,NaN,NaN,NaN,NaN,NaN,
82.682,0.01921,-0.00721,0.13075,0.58716,-0.14460,0.25484,-0.75458,NaN,NaN,NaN,NaN,NaN,NaN,NaN,NaN,NaN,NaN,NaN,NaN,NaN,NaN,NaN,NaN,NaN,NaN,NaN,NaN,NaN,
82.707,0.01921,-0.00731,0.13069,0.58718,-0.14458,0.25481,-0.75458,NaN,NaN,NaN,NaN,NaN,NaN,NaN,NaN,NaN,NaN,NaN,NaN,NaN,NaN,NaN,NaN,NaN,NaN,NaN,NaN,NaN,
82.732,0.01919,-0.00732,0.13067,0.58706,-0.14503,0.25523,-0.75444,NaN,NaN,NaN,NaN,NaN,NaN,NaN,NaN,NaN,NaN,NaN,NaN,NaN,NaN,NaN,NaN,NaN,NaN,NaN,NaN,NaN,
82.757,0.01918,-0.00724,0.13064,0.58681,-0.14545,0.25583,-0.75435,NaN,NaN,NaN,NaN,NaN,NaN,NaN,NaN,NaN,NaN,NaN,NaN,NaN,NaN,NaN,NaN,NaN,NaN,NaN,NaN,NaN,
82.782,0.01916,-0.00719,0.13054,0.58732,-0.14615,0.25554,-0.75392,NaN,NaN,NaN,NaN,NaN,NaN,NaN,NaN,NaN,NaN,NaN,NaN,NaN,NaN,NaN,NaN,NaN,NaN,NaN,NaN,NaN,
82.807,0.01920,-0.00712,0.13039,0.58766,-0.14637,0.25521,-0.75373,NaN,NaN,NaN,NaN,NaN,NaN,NaN,NaN,NaN,NaN,NaN,NaN,NaN,NaN,NaN,NaN,NaN,NaN,NaN,NaN,NaN,
82.832,0.01920,-0.00712,0.13027,0.58772,-0.14653,0.25521,-0.75365,NaN,NaN,NaN,NaN,NaN,NaN,NaN,NaN,NaN,NaN,NaN,NaN,NaN,NaN,NaN,NaN,NaN,NaN,NaN,NaN,NaN,
82.857,0.01922,-0.00707,0.13012,0.58784,-0.14690,0.25527,-0.75346,NaN,NaN,NaN,NaN,NaN,NaN,NaN,NaN,NaN,NaN,NaN,NaN,NaN,NaN,NaN,NaN,NaN,NaN,NaN,NaN,NaN,
82.882,0.01923,-0.00698,0.12995,0.58779,-0.14682,0.25529,-0.75351,NaN,NaN,NaN,NaN,NaN,NaN,NaN,NaN,NaN,NaN,NaN,NaN,NaN,NaN,NaN,NaN,NaN,NaN,NaN,NaN,NaN,
82.907,0.01926,-0.00695,0.12983,0.58762,-0.14716,0.25572,-0.75343,NaN,NaN,NaN,NaN,NaN,NaN,NaN,NaN,NaN,NaN,NaN,NaN,NaN,NaN,NaN,NaN,NaN,NaN,NaN,NaN,NaN,
82.932,0.01925,-0.00699,0.12967,0.58706,-0.14687,0.25631,-0.75372,NaN,NaN,NaN,NaN,NaN,NaN,NaN,NaN,NaN,NaN,NaN,NaN,NaN,NaN,NaN,NaN,NaN,NaN,NaN,NaN,NaN,
82.957,0.01925,-0.00707,0.12951,0.58652,-0.14651,0.25685,-0.75403,NaN,NaN,NaN,NaN,NaN,NaN,NaN,NaN,NaN,NaN,NaN,NaN,NaN,NaN,NaN,NaN,NaN,NaN,NaN,NaN,NaN,
82.982,0.01922,-0.00700,0.12940,0.58637,-0.14628,0.25693,-0.75416,NaN,NaN,NaN,NaN,NaN,NaN,NaN,NaN,NaN,NaN,NaN,NaN,NaN,NaN,NaN,NaN,NaN,NaN,NaN,NaN,NaN,
83.007,0.01917,-0.00694,0.12931,0.58648,-0.14605,0.25664,-0.75422,NaN,NaN,NaN,NaN,NaN,NaN,NaN,NaN,NaN,NaN,NaN,NaN,NaN,NaN,NaN,NaN,NaN,NaN,NaN,NaN,NaN,
83.032,0.01913,-0.00695,0.12922,0.58663,-0.14602,0.25641,-0.75418,NaN,NaN,NaN,NaN,NaN,NaN,NaN,NaN,NaN,NaN,NaN,NaN,NaN,NaN,NaN,NaN,NaN,NaN,NaN,NaN,NaN,
83.057,0.01917,-0.00686,0.12905,0.58659,-0.14513,0.25594,-0.75455,NaN,NaN,NaN,NaN,NaN,NaN,NaN,NaN,NaN,NaN,NaN,NaN,NaN,NaN,NaN,NaN,NaN,NaN,NaN,NaN,NaN,
83.082,0.01916,-0.00680,0.12906,0.58741,-0.14584,0.25524,-0.75401,NaN,NaN,NaN,NaN,NaN,NaN,NaN,NaN,NaN,NaN,NaN,NaN,NaN,NaN,NaN,NaN,NaN,NaN,NaN,NaN,NaN,
83.107,0.01905,-0.00663,0.12916,0.59015,-0.14816,0.25283,-0.75223,NaN,NaN,NaN,NaN,NaN,NaN,NaN,NaN,NaN,NaN,NaN,NaN,NaN,NaN,NaN,NaN,NaN,NaN,NaN,NaN,NaN,
83.132,0.01908,-0.00614,0.12920,0.59387,-0.15026,0.24891,-0.75019,NaN,NaN,NaN,NaN,NaN,NaN,NaN,NaN,NaN,NaN,NaN,NaN,NaN,NaN,NaN,NaN,NaN,NaN,NaN,NaN,NaN,
83.157,0.01917,-0.00566,0.12929,0.59566,-0.15121,0.24697,-0.74922,NaN,NaN,NaN,NaN,NaN,NaN,NaN,NaN,NaN,NaN,NaN,NaN,NaN,NaN,NaN,NaN,NaN,NaN,NaN,NaN,NaN,
83.182,0.01921,-0.00552,0.12922,0.59593,-0.15031,0.24606,-0.74949,NaN,NaN,NaN,NaN,NaN,NaN,NaN,NaN,NaN,NaN,NaN,NaN,NaN,NaN,NaN,NaN,NaN,NaN,NaN,NaN,NaN,
83.207,0.01918,-0.00537,0.12930,0.59686,-0.15128,0.24533,-0.74879,NaN,NaN,NaN,NaN,NaN,NaN,NaN,NaN,NaN,NaN,NaN,NaN,NaN,NaN,NaN,NaN,NaN,NaN,NaN,NaN,NaN,
83.232,0.01922,-0.00521,0.12941,0.59758,-0.15216,0.24485,-0.74820,NaN,NaN,NaN,NaN,NaN,NaN,NaN,NaN,NaN,NaN,NaN,NaN,NaN,NaN,NaN,NaN,NaN,NaN,NaN,NaN,NaN,
83.257,0.01925,-0.00505,0.12956,0.59855,-0.15363,0.24435,-0.74728,NaN,NaN,NaN,NaN,NaN,NaN,NaN,NaN,NaN,NaN,NaN,NaN,NaN,NaN,NaN,NaN,NaN,NaN,NaN,NaN,NaN,
83.282,0.01935,-0.00486,0.12956,0.60028,-0.15515,0.24280,-0.74608,NaN,NaN,NaN,NaN,NaN,NaN,NaN,NaN,NaN,NaN,NaN,NaN,NaN,NaN,NaN,NaN,NaN,NaN,NaN,NaN,NaN,
83.307,0.01941,-0.00467,0.12974,0.60117,-0.15703,0.24266,-0.74502,NaN,NaN,NaN,NaN,NaN,NaN,NaN,NaN,NaN,NaN,NaN,NaN,NaN,NaN,NaN,NaN,NaN,NaN,NaN,NaN,NaN,
83.332,0.01950,-0.00454,0.12987,0.60162,-0.15773,0.24243,-0.74459,NaN,NaN,NaN,NaN,NaN,NaN,NaN,NaN,NaN,NaN,NaN,NaN,NaN,NaN,NaN,NaN,NaN,NaN,NaN,NaN,NaN,
83.357,0.01950,-0.00443,0.12996,0.60222,-0.15772,0.24157,-0.74438,NaN,NaN,NaN,NaN,NaN,NaN,NaN,NaN,NaN,NaN,NaN,NaN,NaN,NaN,NaN,NaN,NaN,NaN,NaN,NaN,NaN,
83.382,0.01947,-0.00448,0.13018,0.60243,-0.15871,0.24185,-0.74390,NaN,NaN,NaN,NaN,NaN,NaN,NaN,NaN,NaN,NaN,NaN,NaN,NaN,NaN,NaN,NaN,NaN,NaN,NaN,NaN,NaN,
83.407,0.01947,-0.00447,0.13027,0.60287,-0.15890,0.24134,-0.74367,NaN,NaN,NaN,NaN,NaN,NaN,NaN,NaN,NaN,NaN,NaN,NaN,NaN,NaN,NaN,NaN,NaN,NaN,NaN,NaN,NaN,
83.432,0.01948,-0.00437,0.13031,0.60298,-0.15852,0.24098,-0.74379,NaN,NaN,NaN,NaN,NaN,NaN,NaN,NaN,NaN,NaN,NaN,NaN,NaN,NaN,NaN,NaN,NaN,NaN,NaN,NaN,NaN,
83.457,0.01944,-0.00431,0.13047,0.60259,-0.15859,0.24156,-0.74390,NaN,NaN,NaN,NaN,NaN,NaN,NaN,NaN,NaN,NaN,NaN,NaN,NaN,NaN,NaN,NaN,NaN,NaN,NaN,NaN,NaN,
83.482,0.01943,-0.00433,0.13059,0.60246,-0.15883,0.24188,-0.74385,NaN,NaN,NaN,NaN,NaN,NaN,NaN,NaN,NaN,NaN,NaN,NaN,NaN,NaN,NaN,NaN,NaN,NaN,NaN,NaN,NaN,
83.507,0.01941,-0.00447,0.13060,0.60254,-0.15891,0.24181,-0.74378,NaN,NaN,NaN,NaN,NaN,NaN,NaN,NaN,NaN,NaN,NaN,NaN,NaN,NaN,NaN,NaN,NaN,NaN,NaN,NaN,NaN,
83.532,0.01941,-0.00445,0.13061,0.60261,-0.15905,0.24179,-0.74370,NaN,NaN,NaN,NaN,NaN,NaN,NaN,NaN,NaN,NaN,NaN,NaN,NaN,NaN,NaN,NaN,NaN,NaN,NaN,NaN,NaN,
83.557,0.01942,-0.00438,0.13059,0.60271,-0.15909,0.24168,-0.74365,NaN,NaN,NaN,NaN,NaN,NaN,NaN,NaN,NaN,NaN,NaN,NaN,NaN,NaN,NaN,NaN,NaN,NaN,NaN,NaN,NaN,
83.582,0.01945,-0.00433,0.13053,0.60271,-0.15868,0.24144,-0.74382,NaN,NaN,NaN,NaN,NaN,NaN,NaN,NaN,NaN,NaN,NaN,NaN,NaN,NaN,NaN,NaN,NaN,NaN,NaN,NaN,NaN,
83.607,0.01945,-0.00437,0.13059,0.60284,-0.15933,0.24164,-0.74351,NaN,NaN,NaN,NaN,NaN,NaN,NaN,NaN,NaN,NaN,NaN,NaN,NaN,NaN,NaN,NaN,NaN,NaN,NaN,NaN,NaN,
83.632,0.01945,-0.00437,0.13049,0.60267,-0.15866,0.24149,-0.74384,NaN,NaN,NaN,NaN,NaN,NaN,NaN,NaN,NaN,NaN,NaN,NaN,NaN,NaN,NaN,NaN,NaN,NaN,NaN,NaN,NaN,
83.657,0.01944,-0.00439,0.13052,0.60246,-0.15876,0.24184,-0.74388,NaN,NaN,NaN,NaN,NaN,NaN,NaN,NaN,NaN,NaN,NaN,NaN,NaN,NaN,NaN,NaN,NaN,NaN,NaN,NaN,NaN,
83.682,0.01943,-0.00444,0.13054,0.60222,-0.15889,0.24226,-0.74391,NaN,NaN,NaN,NaN,NaN,NaN,NaN,NaN,NaN,NaN,NaN,NaN,NaN,NaN,NaN,NaN,NaN,NaN,NaN,NaN,NaN,
83.707,0.01947,-0.00457,0.13030,0.59995,-0.15724,0.24449,-0.74536,NaN,NaN,NaN,NaN,NaN,NaN,NaN,NaN,NaN,NaN,NaN,NaN,NaN,NaN,NaN,NaN,NaN,NaN,NaN,NaN,NaN,
83.732,0.01949,-0.00452,0.13023,0.59964,-0.15759,0.24513,-0.74532,NaN,NaN,NaN,NaN,NaN,NaN,NaN,NaN,NaN,NaN,NaN,NaN,NaN,NaN,NaN,NaN,NaN,NaN,NaN,NaN,NaN,
83.757,0.01950,-0.00448,0.13013,0.59976,-0.15802,0.24521,-0.74511,NaN,NaN,NaN,NaN,NaN,NaN,NaN,NaN,NaN,NaN,NaN,NaN,NaN,NaN,NaN,NaN,NaN,NaN,NaN,NaN,NaN,
83.782,0.01946,-0.00444,0.13011,0.60039,-0.15919,0.24500,-0.74442,NaN,NaN,NaN,NaN,NaN,NaN,NaN,NaN,NaN,NaN,NaN,NaN,NaN,NaN,NaN,NaN,NaN,NaN,NaN,NaN,NaN,
83.807,0.01951,-0.00430,0.12988,0.60086,-0.15881,0.24413,-0.74441,NaN,NaN,NaN,NaN,NaN,NaN,NaN,NaN,NaN,NaN,NaN,NaN,NaN,NaN,NaN,NaN,NaN,NaN,NaN,NaN,NaN,
83.832,0.01950,-0.00422,0.12973,0.60162,-0.15963,0.24354,-0.74382,NaN,NaN,NaN,NaN,NaN,NaN,NaN,NaN,NaN,NaN,NaN,NaN,NaN,NaN,NaN,NaN,NaN,NaN,NaN,NaN,NaN,
83.857,0.01945,-0.00417,0.12955,0.60280,-0.16060,0.24243,-0.74301,NaN,NaN,NaN,NaN,NaN,NaN,NaN,NaN,NaN,NaN,NaN,NaN,NaN,NaN,NaN,NaN,NaN,NaN,NaN,NaN,NaN,
83.882,0.01952,-0.00396,0.12938,0.60425,-0.16169,0.24102,-0.74206,NaN,NaN,NaN,NaN,NaN,NaN,NaN,NaN,NaN,NaN,NaN,NaN,NaN,NaN,NaN,NaN,NaN,NaN,NaN,NaN,NaN,
83.907,0.01955,-0.00377,0.12929,0.60530,-0.16238,0.23992,-0.74140,NaN,NaN,NaN,NaN,NaN,NaN,NaN,NaN,NaN,NaN,NaN,NaN,NaN,NaN,NaN,NaN,NaN,NaN,NaN,NaN,NaN,
83.932,0.01948,-0.00368,0.12928,0.60603,-0.16285,0.23916,-0.74096,NaN,NaN,NaN,NaN,NaN,NaN,NaN,NaN,NaN,NaN,NaN,NaN,NaN,NaN,NaN,NaN,NaN,NaN,NaN,NaN,NaN,
83.957,0.01951,-0.00353,0.12932,0.60634,-0.16332,0.23899,-0.74065,NaN,NaN,NaN,NaN,NaN,NaN,NaN,NaN,NaN,NaN,NaN,NaN,NaN,NaN,NaN,NaN,NaN,NaN,NaN,NaN,NaN,
83.982,0.01951,-0.00358,0.12929,0.60640,-0.16263,0.23851,-0.74091,NaN,NaN,NaN,NaN,NaN,NaN,NaN,NaN,NaN,NaN,NaN,NaN,NaN,NaN,NaN,NaN,NaN,NaN,NaN,NaN,NaN,
84.007,0.01950,-0.00355,0.12928,0.60701,-0.16280,0.23774,-0.74062,NaN,NaN,NaN,NaN,NaN,NaN,NaN,NaN,NaN,NaN,NaN,NaN,NaN,NaN,NaN,NaN,NaN,NaN,NaN,NaN,NaN,
84.032,0.01950,-0.00343,0.12931,0.60734,-0.16322,0.23750,-0.74033,NaN,NaN,NaN,NaN,NaN,NaN,NaN,NaN,NaN,NaN,NaN,NaN,NaN,NaN,NaN,NaN,NaN,NaN,NaN,NaN,NaN,
84.057,0.01953,-0.00336,0.12930,0.60730,-0.16283,0.23734,-0.74050,NaN,NaN,NaN,NaN,NaN,NaN,NaN,NaN,NaN,NaN,NaN,NaN,NaN,NaN,NaN,NaN,NaN,NaN,NaN,NaN,NaN,
84.082,0.01956,-0.00339,0.12937,0.60738,-0.16285,0.23724,-0.74046,NaN,NaN,NaN,NaN,NaN,NaN,NaN,NaN,NaN,NaN,NaN,NaN,NaN,NaN,NaN,NaN,NaN,NaN,NaN,NaN,NaN,
84.107,0.01950,-0.00344,0.12954,0.60758,-0.16318,0.23714,-0.74026,NaN,NaN,NaN,NaN,NaN,NaN,NaN,NaN,NaN,NaN,NaN,NaN,NaN,NaN,NaN,NaN,NaN,NaN,NaN,NaN,NaN,
84.132,0.01952,-0.00334,0.12960,0.60807,-0.16275,0.23619,-0.74025,NaN,NaN,NaN,NaN,NaN,NaN,NaN,NaN,NaN,NaN,NaN,NaN,NaN,NaN,NaN,NaN,NaN,NaN,NaN,NaN,NaN,
84.157,0.01932,-0.00327,0.12977,0.61121,-0.16505,0.23303,-0.73815,NaN,NaN,NaN,NaN,NaN,NaN,NaN,NaN,NaN,NaN,NaN,NaN,NaN,NaN,NaN,NaN,NaN,NaN,NaN,NaN,NaN,
84.182,0.01969,-0.00241,0.12984,0.61389,-0.16682,0.23020,-0.73643,NaN,NaN,NaN,NaN,NaN,NaN,NaN,NaN,NaN,NaN,NaN,NaN,NaN,NaN,NaN,NaN,NaN,NaN,NaN,NaN,NaN,
84.207,0.01982,-0.00233,0.12997,0.61588,-0.17032,0.22934,-0.73422,NaN,NaN,NaN,NaN,NaN,NaN,NaN,NaN,NaN,NaN,NaN,NaN,NaN,NaN,NaN,NaN,NaN,NaN,NaN,NaN,NaN,
84.232,0.01978,-0.00218,0.13012,0.61684,-0.17120,0.22846,-0.73349,NaN,NaN,NaN,NaN,NaN,NaN,NaN,NaN,NaN,NaN,NaN,NaN,NaN,NaN,NaN,NaN,NaN,NaN,NaN,NaN,NaN,
84.257,0.01977,-0.00208,0.13032,0.61765,-0.17225,0.22788,-0.73274,NaN,NaN,NaN,NaN,NaN,NaN,NaN,NaN,NaN,NaN,NaN,NaN,NaN,NaN,NaN,NaN,NaN,NaN,NaN,NaN,NaN,
84.282,0.01984,-0.00193,0.13034,0.61845,-0.17267,0.22696,-0.73225,NaN,NaN,NaN,NaN,NaN,NaN,NaN,NaN,NaN,NaN,NaN,NaN,NaN,NaN,NaN,NaN,NaN,NaN,NaN,NaN,NaN,
84.307,0.01987,-0.00191,0.13046,0.61781,-0.17257,0.22784,-0.73255,NaN,NaN,NaN,NaN,NaN,NaN,NaN,NaN,NaN,NaN,NaN,NaN,NaN,NaN,NaN,NaN,NaN,NaN,NaN,NaN,NaN,
84.332,0.01986,-0.00201,0.13064,0.61687,-0.17213,0.22895,-0.73310,NaN,NaN,NaN,NaN,NaN,NaN,NaN,NaN,NaN,NaN,NaN,NaN,NaN,NaN,NaN,NaN,NaN,NaN,NaN,NaN,NaN,
84.357,0.01993,-0.00186,0.13063,0.61652,-0.17123,0.22894,-0.73360,NaN,NaN,NaN,NaN,NaN,NaN,NaN,NaN,NaN,NaN,NaN,NaN,NaN,NaN,NaN,NaN,NaN,NaN,NaN,NaN,NaN,
84.382,0.01988,-0.00191,0.13077,0.61668,-0.17230,0.22931,-0.73310,NaN,NaN,NaN,NaN,NaN,NaN,NaN,NaN,NaN,NaN,NaN,NaN,NaN,NaN,NaN,NaN,NaN,NaN,NaN,NaN,NaN,
84.407,0.01988,-0.00196,0.13077,0.61684,-0.17252,0.22921,-0.73295,NaN,NaN,NaN,NaN,NaN,NaN,NaN,NaN,NaN,NaN,NaN,NaN,NaN,NaN,NaN,NaN,NaN,NaN,NaN,NaN,NaN,
84.432,0.01990,-0.00200,0.13074,0.61702,-0.17249,0.22893,-0.73289,NaN,NaN,NaN,NaN,NaN,NaN,NaN,NaN,NaN,NaN,NaN,NaN,NaN,NaN,NaN,NaN,NaN,NaN,NaN,NaN,NaN,
84.457,0.01995,-0.00189,0.13073,0.61688,-0.17224,0.22899,-0.73305,NaN,NaN,NaN,NaN,NaN,NaN,NaN,NaN,NaN,NaN,NaN,NaN,NaN,NaN,NaN,NaN,NaN,NaN,NaN,NaN,NaN,
84.482,0.01993,-0.00184,0.13069,0.61677,-0.17201,0.22902,-0.73319,NaN,NaN,NaN,NaN,NaN,NaN,NaN,NaN,NaN,NaN,NaN,NaN,NaN,NaN,NaN,NaN,NaN,NaN,NaN,NaN,NaN,
84.507,0.01993,-0.00184,0.13069,0.61677,-0.17201,0.22902,-0.73319,NaN,NaN,NaN,NaN,NaN,NaN,NaN,NaN,NaN,NaN,NaN,NaN,NaN,NaN,NaN,NaN,NaN,NaN,NaN,NaN,NaN,
84.532,0.01993,-0.00188,0.13066,0.61680,-0.17183,0.22888,-0.73324,NaN,NaN,NaN,NaN,NaN,NaN,NaN,NaN,NaN,NaN,NaN,NaN,NaN,NaN,NaN,NaN,NaN,NaN,NaN,NaN,NaN,
84.557,0.01990,-0.00149,0.13057,0.62045,-0.17583,0.22584,-0.73015,NaN,NaN,NaN,NaN,NaN,NaN,NaN,NaN,NaN,NaN,NaN,NaN,NaN,NaN,NaN,NaN,NaN,NaN,NaN,NaN,NaN,
84.582,0.01990,-0.00149,0.13057,0.62045,-0.17583,0.22584,-0.73015,NaN,NaN,NaN,NaN,NaN,NaN,NaN,NaN,NaN,NaN,NaN,NaN,NaN,NaN,NaN,NaN,NaN,NaN,NaN,NaN,NaN,
84.607,0.01998,-0.00123,0.13033,0.62125,-0.17591,0.22472,-0.72980,NaN,NaN,NaN,NaN,NaN,NaN,NaN,NaN,NaN,NaN,NaN,NaN,NaN,NaN,NaN,NaN,NaN,NaN,NaN,NaN,NaN,
84.632,0.01993,-0.00127,0.13041,0.62081,-0.17671,0.22582,-0.72964,NaN,NaN,NaN,NaN,NaN,NaN,NaN,NaN,NaN,NaN,NaN,NaN,NaN,NaN,NaN,NaN,NaN,NaN,NaN,NaN,NaN,
84.657,0.02003,-0.00126,0.13013,0.62022,-0.17490,0.22565,-0.73063,NaN,NaN,NaN,NaN,NaN,NaN,NaN,NaN,NaN,NaN,NaN,NaN,NaN,NaN,NaN,NaN,NaN,NaN,NaN,NaN,NaN,
84.682,0.01990,-0.00115,0.13002,0.62153,-0.17664,0.22473,-0.72938,NaN,NaN,NaN,NaN,NaN,NaN,NaN,NaN,NaN,NaN,NaN,NaN,NaN,NaN,NaN,NaN,NaN,NaN,NaN,NaN,NaN,
84.707,0.01990,-0.00115,0.13002,0.62153,-0.17664,0.22473,-0.72938,NaN,NaN,NaN,NaN,NaN,NaN,NaN,NaN,NaN,NaN,NaN,NaN,NaN,NaN,NaN,NaN,NaN,NaN,NaN,NaN,NaN,
84.732,0.02002,-0.00084,0.12974,0.62254,-0.17668,0.22327,-0.72896,NaN,NaN,NaN,NaN,NaN,NaN,NaN,NaN,NaN,NaN,NaN,NaN,NaN,NaN,NaN,NaN,NaN,NaN,NaN,NaN,NaN,
84.757,0.02003,-0.00083,0.12969,0.62328,-0.17772,0.22277,-0.72822,NaN,NaN,NaN,NaN,NaN,NaN,NaN,NaN,NaN,NaN,NaN,NaN,NaN,NaN,NaN,NaN,NaN,NaN,NaN,NaN,NaN,
84.782,0.01999,-0.00077,0.12954,0.62392,-0.17753,0.22173,-0.72804,NaN,NaN,NaN,NaN,NaN,NaN,NaN,NaN,NaN,NaN,NaN,NaN,NaN,NaN,NaN,NaN,NaN,NaN,NaN,NaN,NaN,
84.807,0.01997,-0.00071,0.12957,0.62418,-0.17847,0.22188,-0.72754,NaN,NaN,NaN,NaN,NaN,NaN,NaN,NaN,NaN,NaN,NaN,NaN,NaN,NaN,NaN,NaN,NaN,NaN,NaN,NaN,NaN,
84.832,0.01997,-0.00071,0.12957,0.62418,-0.17847,0.22188,-0.72754,NaN,NaN,NaN,NaN,NaN,NaN,NaN,NaN,NaN,NaN,NaN,NaN,NaN,NaN,NaN,NaN,NaN,NaN,NaN,NaN,NaN,
84.857,0.01999,-0.00068,0.12946,0.62397,-0.17768,0.22174,-0.72795,NaN,NaN,NaN,NaN,NaN,NaN,NaN,NaN,NaN,NaN,NaN,NaN,NaN,NaN,NaN,NaN,NaN,NaN,NaN,NaN,NaN,
84.882,0.01999,-0.00071,0.12947,0.62404,-0.17794,0.22179,-0.72782,NaN,NaN,NaN,NaN,NaN,NaN,NaN,NaN,NaN,NaN,NaN,NaN,NaN,NaN,NaN,NaN,NaN,NaN,NaN,NaN,NaN,
84.907,0.01993,-0.00069,0.12943,0.62418,-0.17771,0.22145,-0.72786,NaN,NaN,NaN,NaN,NaN,NaN,NaN,NaN,NaN,NaN,NaN,NaN,NaN,NaN,NaN,NaN,NaN,NaN,NaN,NaN,NaN,
84.932,0.01998,-0.00069,0.12950,0.62444,-0.17845,0.22149,-0.72744,NaN,NaN,NaN,NaN,NaN,NaN,NaN,NaN,NaN,NaN,NaN,NaN,NaN,NaN,NaN,NaN,NaN,NaN,NaN,NaN,NaN,
84.957,0.01998,-0.00069,0.12950,0.62444,-0.17845,0.22149,-0.72744,NaN,NaN,NaN,NaN,NaN,NaN,NaN,NaN,NaN,NaN,NaN,NaN,NaN,NaN,NaN,NaN,NaN,NaN,NaN,NaN,NaN,
84.982,0.02000,-0.00068,0.12951,0.62406,-0.17785,0.22171,-0.72785,NaN,NaN,NaN,NaN,NaN,NaN,NaN,NaN,NaN,NaN,NaN,NaN,NaN,NaN,NaN,NaN,NaN,NaN,NaN,NaN,NaN,
85.007,0.02001,-0.00071,0.12961,0.62306,-0.17661,0.22247,-0.72877,NaN,NaN,NaN,NaN,NaN,NaN,NaN,NaN,NaN,NaN,NaN,NaN,NaN,NaN,NaN,NaN,NaN,NaN,NaN,NaN,NaN,
85.032,0.02001,-0.00071,0.12961,0.62306,-0.17661,0.22247,-0.72877,NaN,NaN,NaN,NaN,NaN,NaN,NaN,NaN,NaN,NaN,NaN,NaN,NaN,NaN,NaN,NaN,NaN,NaN,NaN,NaN,NaN,
85.057,0.02019,-0.00005,0.12973,0.62719,-0.17972,0.21815,-0.72577,NaN,NaN,NaN,NaN,NaN,NaN,NaN,NaN,NaN,NaN,NaN,NaN,NaN,NaN,NaN,NaN,NaN,NaN,NaN,NaN,NaN,
85.082,0.02016,0.00037,0.12991,0.63137,-0.18445,0.21462,-0.72201,NaN,NaN,NaN,NaN,NaN,NaN,NaN,NaN,NaN,NaN,NaN,NaN,NaN,NaN,NaN,NaN,NaN,NaN,NaN,NaN,NaN,
85.107,0.02016,0.00037,0.12991,0.63137,-0.18445,0.21462,-0.72201,NaN,NaN,NaN,NaN,NaN,NaN,NaN,NaN,NaN,NaN,NaN,NaN,NaN,NaN,NaN,NaN,NaN,NaN,NaN,NaN,NaN,
85.132,0.02027,0.00092,0.13020,0.63477,-0.18784,0.21143,-0.71908,NaN,NaN,NaN,NaN,NaN,NaN,NaN,NaN,NaN,NaN,NaN,NaN,NaN,NaN,NaN,NaN,NaN,NaN,NaN,NaN,NaN,
85.157,0.02024,0.00107,0.13037,0.63639,-0.19005,0.21024,-0.71742,NaN,NaN,NaN,NaN,NaN,NaN,NaN,NaN,NaN,NaN,NaN,NaN,NaN,NaN,NaN,NaN,NaN,NaN,NaN,NaN,NaN,
85.182,0.02031,0.00126,0.13056,0.63746,-0.19177,0.20957,-0.71620,NaN,NaN,NaN,NaN,NaN,NaN,NaN,NaN,NaN,NaN,NaN,NaN,NaN,NaN,NaN,NaN,NaN,NaN,NaN,NaN,NaN,
85.207,0.02030,0.00139,0.13061,0.63882,-0.19264,0.20801,-0.71522,NaN,NaN,NaN,NaN,NaN,NaN,NaN,NaN,NaN,NaN,NaN,NaN,NaN,NaN,NaN,NaN,NaN,NaN,NaN,NaN,NaN,
85.232,0.02044,0.00158,0.13064,0.63789,-0.19134,0.20869,-0.71619,NaN,NaN,NaN,NaN,NaN,NaN,NaN,NaN,NaN,NaN,NaN,NaN,NaN,NaN,NaN,NaN,NaN,NaN,NaN,NaN,NaN,
85.257,0.02032,0.00129,0.13070,0.63565,-0.18963,0.21112,-0.71793,NaN,NaN,NaN,NaN,NaN,NaN,NaN,NaN,NaN,NaN,NaN,NaN,NaN,NaN,NaN,NaN,NaN,NaN,NaN,NaN,NaN,
85.282,0.02031,0.00135,0.13075,0.63501,-0.18949,0.21199,-0.71827,NaN,NaN,NaN,NaN,NaN,NaN,NaN,NaN,NaN,NaN,NaN,NaN,NaN,NaN,NaN,NaN,NaN,NaN,NaN,NaN,NaN,
85.307,0.02034,0.00150,0.13074,0.63557,-0.19004,0.21146,-0.71779,NaN,NaN,NaN,NaN,NaN,NaN,NaN,NaN,NaN,NaN,NaN,NaN,NaN,NaN,NaN,NaN,NaN,NaN,NaN,NaN,NaN,
85.332,0.02034,0.00155,0.13071,0.63603,-0.19041,0.21097,-0.71743,NaN,NaN,NaN,NaN,NaN,NaN,NaN,NaN,NaN,NaN,NaN,NaN,NaN,NaN,NaN,NaN,NaN,NaN,NaN,NaN,NaN,
85.357,0.02033,0.00151,0.13071,0.63578,-0.19051,0.21140,-0.71750,NaN,NaN,NaN,NaN,NaN,NaN,NaN,NaN,NaN,NaN,NaN,NaN,NaN,NaN,NaN,NaN,NaN,NaN,NaN,NaN,NaN,
85.382,0.02035,0.00140,0.13061,0.63532,-0.19006,0.21184,-0.71789,NaN,NaN,NaN,NaN,NaN,NaN,NaN,NaN,NaN,NaN,NaN,NaN,NaN,NaN,NaN,NaN,NaN,NaN,NaN,NaN,NaN,
85.407,0.02035,0.00142,0.13049,0.63487,-0.18966,0.21230,-0.71826,NaN,NaN,NaN,NaN,NaN,NaN,NaN,NaN,NaN,NaN,NaN,NaN,NaN,NaN,NaN,NaN,NaN,NaN,NaN,NaN,NaN,
85.432,0.02038,0.00144,0.13038,0.63415,-0.18956,0.21332,-0.71862,NaN,NaN,NaN,NaN,NaN,NaN,NaN,NaN,NaN,NaN,NaN,NaN,NaN,NaN,NaN,NaN,NaN,NaN,NaN,NaN,NaN,
85.457,0.02042,0.00139,0.13022,0.63326,-0.18892,0.21430,-0.71928,NaN,NaN,NaN,NaN,NaN,NaN,NaN,NaN,NaN,NaN,NaN,NaN,NaN,NaN,NaN,NaN,NaN,NaN,NaN,NaN,NaN,
85.482,0.02043,0.00135,0.13006,0.63274,-0.18867,0.21493,-0.71962,NaN,NaN,NaN,NaN,NaN,NaN,NaN,NaN,NaN,NaN,NaN,NaN,NaN,NaN,NaN,NaN,NaN,NaN,NaN,NaN,NaN,
85.507,0.02044,0.00127,0.12986,0.63224,-0.18825,0.21545,-0.72002,NaN,NaN,NaN,NaN,NaN,NaN,NaN,NaN,NaN,NaN,NaN,NaN,NaN,NaN,NaN,NaN,NaN,NaN,NaN,NaN,NaN,
85.532,0.02043,0.00121,0.12974,0.63174,-0.18805,0.21608,-0.72031,NaN,NaN,NaN,NaN,NaN,NaN,NaN,NaN,NaN,NaN,NaN,NaN,NaN,NaN,NaN,NaN,NaN,NaN,NaN,NaN,NaN,
85.557,0.02044,0.00114,0.12967,0.63114,-0.18796,0.21692,-0.72061,NaN,NaN,NaN,NaN,NaN,NaN,NaN,NaN,NaN,NaN,NaN,NaN,NaN,NaN,NaN,NaN,NaN,NaN,NaN,NaN,NaN,
85.582,0.02041,0.00109,0.12956,0.63070,-0.18773,0.21746,-0.72090,NaN,NaN,NaN,NaN,NaN,NaN,NaN,NaN,NaN,NaN,NaN,NaN,NaN,NaN,NaN,NaN,NaN,NaN,NaN,NaN,NaN,
85.607,0.02039,0.00112,0.12943,0.63054,-0.18787,0.21777,-0.72091,NaN,NaN,NaN,NaN,NaN,NaN,NaN,NaN,NaN,NaN,NaN,NaN,NaN,NaN,NaN,NaN,NaN,NaN,NaN,NaN,NaN,
85.632,0.02042,0.00112,0.12925,0.63062,-0.18776,0.21759,-0.72092,NaN,NaN,NaN,NaN,NaN,NaN,NaN,NaN,NaN,NaN,NaN,NaN,NaN,NaN,NaN,NaN,NaN,NaN,NaN,NaN,NaN,
85.657,0.02043,0.00105,0.12920,0.63067,-0.18825,0.21778,-0.72069,NaN,NaN,NaN,NaN,NaN,NaN,NaN,NaN,NaN,NaN,NaN,NaN,NaN,NaN,NaN,NaN,NaN,NaN,NaN,NaN,NaN,
85.682,0.02041,0.00103,0.12913,0.63067,-0.18793,0.21761,-0.72082,NaN,NaN,NaN,NaN,NaN,NaN,NaN,NaN,NaN,NaN,NaN,NaN,NaN,NaN,NaN,NaN,NaN,NaN,NaN,NaN,NaN,
85.707,0.02050,0.00116,0.12903,0.63056,-0.18742,0.21748,-0.72109,NaN,NaN,NaN,NaN,NaN,NaN,NaN,NaN,NaN,NaN,NaN,NaN,NaN,NaN,NaN,NaN,NaN,NaN,NaN,NaN,NaN,
85.732,0.02045,0.00117,0.12907,0.63082,-0.18792,0.21737,-0.72076,NaN,NaN,NaN,NaN,NaN,NaN,NaN,NaN,NaN,NaN,NaN,NaN,NaN,NaN,NaN,NaN,NaN,NaN,NaN,NaN,NaN,
85.757,0.02035,0.00129,0.12923,0.63276,-0.19044,0.21588,-0.71885,NaN,NaN,NaN,NaN,NaN,NaN,NaN,NaN,NaN,NaN,NaN,NaN,NaN,NaN,NaN,NaN,NaN,NaN,NaN,NaN,NaN,
85.782,0.02053,0.00203,0.12902,0.63637,-0.19210,0.21140,-0.71655,NaN,NaN,NaN,NaN,NaN,NaN,NaN,NaN,NaN,NaN,NaN,NaN,NaN,NaN,NaN,NaN,NaN,NaN,NaN,NaN,NaN,
85.807,0.02042,0.00236,0.12914,0.63856,-0.19469,0.20953,-0.71444,NaN,NaN,NaN,NaN,NaN,NaN,NaN,NaN,NaN,NaN,NaN,NaN,NaN,NaN,NaN,NaN,NaN,NaN,NaN,NaN,NaN,
85.832,0.02052,0.00261,0.12908,0.63988,-0.19565,0.20806,-0.71343,NaN,NaN,NaN,NaN,NaN,NaN,NaN,NaN,NaN,NaN,NaN,NaN,NaN,NaN,NaN,NaN,NaN,NaN,NaN,NaN,NaN,
85.857,0.02031,0.00268,0.12923,0.64150,-0.19791,0.20684,-0.71171,NaN,NaN,NaN,NaN,NaN,NaN,NaN,NaN,NaN,NaN,NaN,NaN,NaN,NaN,NaN,NaN,NaN,NaN,NaN,NaN,NaN,
85.882,0.02048,0.00305,0.12932,0.64248,-0.19890,0.20590,-0.71082,NaN,NaN,NaN,NaN,NaN,NaN,NaN,NaN,NaN,NaN,NaN,NaN,NaN,NaN,NaN,NaN,NaN,NaN,NaN,NaN,NaN,
85.907,0.02044,0.00312,0.12941,0.64345,-0.19982,0.20492,-0.70996,NaN,NaN,NaN,NaN,NaN,NaN,NaN,NaN,NaN,NaN,NaN,NaN,NaN,NaN,NaN,NaN,NaN,NaN,NaN,NaN,NaN,
85.932,0.02043,0.00336,0.12941,0.64424,-0.19990,0.20377,-0.70956,NaN,NaN,NaN,NaN,NaN,NaN,NaN,NaN,NaN,NaN,NaN,NaN,NaN,NaN,NaN,NaN,NaN,NaN,NaN,NaN,NaN,
85.957,0.02048,0.00357,0.12958,0.64479,-0.20143,0.20375,-0.70863,NaN,NaN,NaN,NaN,NaN,NaN,NaN,NaN,NaN,NaN,NaN,NaN,NaN,NaN,NaN,NaN,NaN,NaN,NaN,NaN,NaN,
85.982,0.02034,0.00346,0.12968,0.64552,-0.20257,0.20326,-0.70778,NaN,NaN,NaN,NaN,NaN,NaN,NaN,NaN,NaN,NaN,NaN,NaN,NaN,NaN,NaN,NaN,NaN,NaN,NaN,NaN,NaN,
86.007,0.02029,0.00349,0.12977,0.64577,-0.20304,0.20313,-0.70746,NaN,NaN,NaN,NaN,NaN,NaN,NaN,NaN,NaN,NaN,NaN,NaN,NaN,NaN,NaN,NaN,NaN,NaN,NaN,NaN,NaN,
86.032,0.02035,0.00353,0.12978,0.64542,-0.20249,0.20336,-0.70787,NaN,NaN,NaN,NaN,NaN,NaN,NaN,NaN,NaN,NaN,NaN,NaN,NaN,NaN,NaN,NaN,NaN,NaN,NaN,NaN,NaN,
86.057,0.02038,0.00358,0.12973,0.64557,-0.20253,0.20316,-0.70778,NaN,NaN,NaN,NaN,NaN,NaN,NaN,NaN,NaN,NaN,NaN,NaN,NaN,NaN,NaN,NaN,NaN,NaN,NaN,NaN,NaN,
86.082,0.02041,0.00363,0.12972,0.64595,-0.20328,0.20298,-0.70726,NaN,NaN,NaN,NaN,NaN,NaN,NaN,NaN,NaN,NaN,NaN,NaN,NaN,NaN,NaN,NaN,NaN,NaN,NaN,NaN,NaN,
86.107,0.02038,0.00361,0.12970,0.64546,-0.20295,0.20356,-0.70764,NaN,NaN,NaN,NaN,NaN,NaN,NaN,NaN,NaN,NaN,NaN,NaN,NaN,NaN,NaN,NaN,NaN,NaN,NaN,NaN,NaN,
86.132,0.02040,0.00354,0.12968,0.64512,-0.20220,0.20367,-0.70814,NaN,NaN,NaN,NaN,NaN,NaN,NaN,NaN,NaN,NaN,NaN,NaN,NaN,NaN,NaN,NaN,NaN,NaN,NaN,NaN,NaN,
86.157,0.02040,0.00357,0.12970,0.64518,-0.20240,0.20369,-0.70801,NaN,NaN,NaN,NaN,NaN,NaN,NaN,NaN,NaN,NaN,NaN,NaN,NaN,NaN,NaN,NaN,NaN,NaN,NaN,NaN,NaN,
86.182,0.02034,0.00360,0.12974,0.64451,-0.20264,0.20484,-0.70823,NaN,NaN,NaN,NaN,NaN,NaN,NaN,NaN,NaN,NaN,NaN,NaN,NaN,NaN,NaN,NaN,NaN,NaN,NaN,NaN,NaN,
86.207,0.02037,0.00369,0.12977,0.64512,-0.20421,0.20476,-0.70724,NaN,NaN,NaN,NaN,NaN,NaN,NaN,NaN,NaN,NaN,NaN,NaN,NaN,NaN,NaN,NaN,NaN,NaN,NaN,NaN,NaN,
86.232,0.02049,0.00380,0.12954,0.64543,-0.20374,0.20404,-0.70730,NaN,NaN,NaN,NaN,NaN,NaN,NaN,NaN,NaN,NaN,NaN,NaN,NaN,NaN,NaN,NaN,NaN,NaN,NaN,NaN,NaN,
86.257,0.02035,0.00365,0.12956,0.64552,-0.20476,0.20444,-0.70681,NaN,NaN,NaN,NaN,NaN,NaN,NaN,NaN,NaN,NaN,NaN,NaN,NaN,NaN,NaN,NaN,NaN,NaN,NaN,NaN,NaN,
86.282,0.02041,0.00381,0.12956,0.64551,-0.20515,0.20468,-0.70664,NaN,NaN,NaN,NaN,NaN,NaN,NaN,NaN,NaN,NaN,NaN,NaN,NaN,NaN,NaN,NaN,NaN,NaN,NaN,NaN,NaN,
86.307,0.02042,0.00389,0.12940,0.64579,-0.20481,0.20405,-0.70666,NaN,NaN,NaN,NaN,NaN,NaN,NaN,NaN,NaN,NaN,NaN,NaN,NaN,NaN,NaN,NaN,NaN,NaN,NaN,NaN,NaN,
86.332,0.02028,0.00376,0.12936,0.64675,-0.20652,0.20352,-0.70544,NaN,NaN,NaN,NaN,NaN,NaN,NaN,NaN,NaN,NaN,NaN,NaN,NaN,NaN,NaN,NaN,NaN,NaN,NaN,NaN,NaN,
86.357,0.02035,0.00398,0.12926,0.64754,-0.20738,0.20277,-0.70468,NaN,NaN,NaN,NaN,NaN,NaN,NaN,NaN,NaN,NaN,NaN,NaN,NaN,NaN,NaN,NaN,NaN,NaN,NaN,NaN,NaN,
86.382,0.02038,0.00420,0.12930,0.64786,-0.20856,0.20290,-0.70399,NaN,NaN,NaN,NaN,NaN,NaN,NaN,NaN,NaN,NaN,NaN,NaN,NaN,NaN,NaN,NaN,NaN,NaN,NaN,NaN,NaN,
86.407,0.02032,0.00429,0.12920,0.64851,-0.20876,0.20201,-0.70360,NaN,NaN,NaN,NaN,NaN,NaN,NaN,NaN,NaN,NaN,NaN,NaN,NaN,NaN,NaN,NaN,NaN,NaN,NaN,NaN,NaN,
86.432,0.02037,0.00435,0.12906,0.64933,-0.20888,0.20081,-0.70315,NaN,NaN,NaN,NaN,NaN,NaN,NaN,NaN,NaN,NaN,NaN,NaN,NaN,NaN,NaN,NaN,NaN,NaN,NaN,NaN,NaN,
86.457,0.02022,0.00440,0.12911,0.65009,-0.21039,0.20044,-0.70210,NaN,NaN,NaN,NaN,NaN,NaN,NaN,NaN,NaN,NaN,NaN,NaN,NaN,NaN,NaN,NaN,NaN,NaN,NaN,NaN,NaN,
86.482,0.02025,0.00461,0.12909,0.65088,-0.21127,0.19969,-0.70131,NaN,NaN,NaN,NaN,NaN,NaN,NaN,NaN,NaN,NaN,NaN,NaN,NaN,NaN,NaN,NaN,NaN,NaN,NaN,NaN,NaN,
86.507,0.02025,0.00477,0.12899,0.65187,-0.21107,0.19806,-0.70092,NaN,NaN,NaN,NaN,NaN,NaN,NaN,NaN,NaN,NaN,NaN,NaN,NaN,NaN,NaN,NaN,NaN,NaN,NaN,NaN,NaN,
86.532,0.02015,0.00479,0.12901,0.65312,-0.21235,0.19680,-0.69973,NaN,NaN,NaN,NaN,NaN,NaN,NaN,NaN,NaN,NaN,NaN,NaN,NaN,NaN,NaN,NaN,NaN,NaN,NaN,NaN,NaN,
86.557,0.02010,0.00485,0.12912,0.65328,-0.21284,0.19681,-0.69943,NaN,NaN,NaN,NaN,NaN,NaN,NaN,NaN,NaN,NaN,NaN,NaN,NaN,NaN,NaN,NaN,NaN,NaN,NaN,NaN,NaN,
86.582,0.02013,0.00492,0.12911,0.65339,-0.21301,0.19673,-0.69929,NaN,NaN,NaN,NaN,NaN,NaN,NaN,NaN,NaN,NaN,NaN,NaN,NaN,NaN,NaN,NaN,NaN,NaN,NaN,NaN,NaN,
86.607,0.02008,0.00491,0.12907,0.65371,-0.21288,0.19616,-0.69919,NaN,NaN,NaN,NaN,NaN,NaN,NaN,NaN,NaN,NaN,NaN,NaN,NaN,NaN,NaN,NaN,NaN,NaN,NaN,NaN,NaN,
86.632,0.02013,0.00504,0.12909,0.65399,-0.21323,0.19590,-0.69889,NaN,NaN,NaN,NaN,NaN,NaN,NaN,NaN,NaN,NaN,NaN,NaN,NaN,NaN,NaN,NaN,NaN,NaN,NaN,NaN,NaN,
86.657,0.02010,0.00511,0.12909,0.65459,-0.21372,0.19523,-0.69837,NaN,NaN,NaN,NaN,NaN,NaN,NaN,NaN,NaN,NaN,NaN,NaN,NaN,NaN,NaN,NaN,NaN,NaN,NaN,NaN,NaN,
86.682,0.02008,0.00510,0.12916,0.65484,-0.21446,0.19524,-0.69791,NaN,NaN,NaN,NaN,NaN,NaN,NaN,NaN,NaN,NaN,NaN,NaN,NaN,NaN,NaN,NaN,NaN,NaN,NaN,NaN,NaN,
86.707,0.02009,0.00508,0.12916,0.65492,-0.21448,0.19512,-0.69786,NaN,NaN,NaN,NaN,NaN,NaN,NaN,NaN,NaN,NaN,NaN,NaN,NaN,NaN,NaN,NaN,NaN,NaN,NaN,NaN,NaN,
86.732,0.02008,0.00514,0.12913,0.65501,-0.21446,0.19498,-0.69782,NaN,NaN,NaN,NaN,NaN,NaN,NaN,NaN,NaN,NaN,NaN,NaN,NaN,NaN,NaN,NaN,NaN,NaN,NaN,NaN,NaN,
86.757,0.02010,0.00507,0.12911,0.65425,-0.21351,0.19565,-0.69863,NaN,NaN,NaN,NaN,NaN,NaN,NaN,NaN,NaN,NaN,NaN,NaN,NaN,NaN,NaN,NaN,NaN,NaN,NaN,NaN,NaN,
86.782,0.02010,0.00511,0.12911,0.65442,-0.21363,0.19545,-0.69849,NaN,NaN,NaN,NaN,NaN,NaN,NaN,NaN,NaN,NaN,NaN,NaN,NaN,NaN,NaN,NaN,NaN,NaN,NaN,NaN,NaN,
86.807,0.02009,0.00513,0.12911,0.65459,-0.21364,0.19519,-0.69840,NaN,NaN,NaN,NaN,NaN,NaN,NaN,NaN,NaN,NaN,NaN,NaN,NaN,NaN,NaN,NaN,NaN,NaN,NaN,NaN,NaN,
86.832,0.02002,0.00520,0.12920,0.65495,-0.21368,0.19465,-0.69820,NaN,NaN,NaN,NaN,NaN,NaN,NaN,NaN,NaN,NaN,NaN,NaN,NaN,NaN,NaN,NaN,NaN,NaN,NaN,NaN,NaN,
86.857,0.02001,0.00530,0.12928,0.65513,-0.21396,0.19451,-0.69799,NaN,NaN,NaN,NaN,NaN,NaN,NaN,NaN,NaN,NaN,NaN,NaN,NaN,NaN,NaN,NaN,NaN,NaN,NaN,NaN,NaN,
86.882,0.02002,0.00541,0.12930,0.65568,-0.21451,0.19395,-0.69746,NaN,NaN,NaN,NaN,NaN,NaN,NaN,NaN,NaN,NaN,NaN,NaN,NaN,NaN,NaN,NaN,NaN,NaN,NaN,NaN,NaN,
86.907,0.02000,0.00547,0.12937,0.65627,-0.21523,0.19342,-0.69683,NaN,NaN,NaN,NaN,NaN,NaN,NaN,NaN,NaN,NaN,NaN,NaN,NaN,NaN,NaN,NaN,NaN,NaN,NaN,NaN,NaN,
86.932,0.01993,0.00555,0.12941,0.65704,-0.21591,0.19256,-0.69613,NaN,NaN,NaN,NaN,NaN,NaN,NaN,NaN,NaN,NaN,NaN,NaN,NaN,NaN,NaN,NaN,NaN,NaN,NaN,NaN,NaN,
86.957,0.01997,0.00578,0.12941,0.65780,-0.21642,0.19163,-0.69551,NaN,NaN,NaN,NaN,NaN,NaN,NaN,NaN,NaN,NaN,NaN,NaN,NaN,NaN,NaN,NaN,NaN,NaN,NaN,NaN,NaN,
86.982,0.01991,0.00583,0.12947,0.65817,-0.21690,0.19131,-0.69510,NaN,NaN,NaN,NaN,NaN,NaN,NaN,NaN,NaN,NaN,NaN,NaN,NaN,NaN,NaN,NaN,NaN,NaN,NaN,NaN,NaN,
87.007,0.01992,0.00601,0.12947,0.65892,-0.21709,0.19022,-0.69463,NaN,NaN,NaN,NaN,NaN,NaN,NaN,NaN,NaN,NaN,NaN,NaN,NaN,NaN,NaN,NaN,NaN,NaN,NaN,NaN,NaN,
87.032,0.01992,0.00623,0.12946,0.66035,-0.21800,0.18846,-0.69347,NaN,NaN,NaN,NaN,NaN,NaN,NaN,NaN,NaN,NaN,NaN,NaN,NaN,NaN,NaN,NaN,NaN,NaN,NaN,NaN,NaN,
87.057,0.01988,0.00648,0.12948,0.66187,-0.21965,0.18692,-0.69191,NaN,NaN,NaN,NaN,NaN,NaN,NaN,NaN,NaN,NaN,NaN,NaN,NaN,NaN,NaN,NaN,NaN,NaN,NaN,NaN,NaN,
87.082,0.01980,0.00667,0.12952,0.66346,-0.22151,0.18537,-0.69022,NaN,NaN,NaN,NaN,NaN,NaN,NaN,NaN,NaN,NaN,NaN,NaN,NaN,NaN,NaN,NaN,NaN,NaN,NaN,NaN,NaN,
87.107,0.01983,0.00691,0.12949,0.66498,-0.22265,0.18354,-0.68887,NaN,NaN,NaN,NaN,NaN,NaN,NaN,NaN,NaN,NaN,NaN,NaN,NaN,NaN,NaN,NaN,NaN,NaN,NaN,NaN,NaN,
87.132,0.01976,0.00701,0.12945,0.66604,-0.22314,0.18210,-0.68806,NaN,NaN,NaN,NaN,NaN,NaN,NaN,NaN,NaN,NaN,NaN,NaN,NaN,NaN,NaN,NaN,NaN,NaN,NaN,NaN,NaN,
87.157,0.01964,0.00705,0.12947,0.66656,-0.22346,0.18144,-0.68764,NaN,NaN,NaN,NaN,NaN,NaN,NaN,NaN,NaN,NaN,NaN,NaN,NaN,NaN,NaN,NaN,NaN,NaN,NaN,NaN,NaN,
87.182,0.01967,0.00724,0.12948,0.66677,-0.22347,0.18111,-0.68752,NaN,NaN,NaN,NaN,NaN,NaN,NaN,NaN,NaN,NaN,NaN,NaN,NaN,NaN,NaN,NaN,NaN,NaN,NaN,NaN,NaN,
87.207,0.01963,0.00733,0.12944,0.66735,-0.22353,0.18021,-0.68717,NaN,NaN,NaN,NaN,NaN,NaN,NaN,NaN,NaN,NaN,NaN,NaN,NaN,NaN,NaN,NaN,NaN,NaN,NaN,NaN,NaN,
87.232,0.01960,0.00744,0.12943,0.66807,-0.22407,0.17933,-0.68652,NaN,NaN,NaN,NaN,NaN,NaN,NaN,NaN,NaN,NaN,NaN,NaN,NaN,NaN,NaN,NaN,NaN,NaN,NaN,NaN,NaN,
87.257,0.01963,0.00748,0.12938,0.66763,-0.22281,0.17938,-0.68735,NaN,NaN,NaN,NaN,NaN,NaN,NaN,NaN,NaN,NaN,NaN,NaN,NaN,NaN,NaN,NaN,NaN,NaN,NaN,NaN,NaN,
87.282,0.01935,0.00727,0.12960,0.66654,-0.22203,0.18072,-0.68831,NaN,NaN,NaN,NaN,NaN,NaN,NaN,NaN,NaN,NaN,NaN,NaN,NaN,NaN,NaN,NaN,NaN,NaN,NaN,NaN,NaN,
87.307,0.01943,0.00747,0.12956,0.66607,-0.22023,0.18053,-0.68939,NaN,NaN,NaN,NaN,NaN,NaN,NaN,NaN,NaN,NaN,NaN,NaN,NaN,NaN,NaN,NaN,NaN,NaN,NaN,NaN,NaN,
87.332,0.01936,0.00740,0.12956,0.66630,-0.22028,0.18018,-0.68924,NaN,NaN,NaN,NaN,NaN,NaN,NaN,NaN,NaN,NaN,NaN,NaN,NaN,NaN,NaN,NaN,NaN,NaN,NaN,NaN,NaN,
87.357,0.01936,0.00740,0.12952,0.66606,-0.21976,0.18030,-0.68961,NaN,NaN,NaN,NaN,NaN,NaN,NaN,NaN,NaN,NaN,NaN,NaN,NaN,NaN,NaN,NaN,NaN,NaN,NaN,NaN,NaN,
87.382,0.01918,0.00727,0.12957,0.66534,-0.21890,0.18098,-0.69039,NaN,NaN,NaN,NaN,NaN,NaN,NaN,NaN,NaN,NaN,NaN,NaN,NaN,NaN,NaN,NaN,NaN,NaN,NaN,NaN,NaN,
87.407,0.01919,0.00734,0.12961,0.66308,-0.21524,0.18266,-0.69328,NaN,NaN,NaN,NaN,NaN,NaN,NaN,NaN,NaN,NaN,NaN,NaN,NaN,NaN,NaN,NaN,NaN,NaN,NaN,NaN,NaN,
87.432,0.01908,0.00720,0.12958,0.66136,-0.21184,0.18358,-0.69572,NaN,NaN,NaN,NaN,NaN,NaN,NaN,NaN,NaN,NaN,NaN,NaN,NaN,NaN,NaN,NaN,NaN,NaN,NaN,NaN,NaN,
87.457,0.01905,0.00718,0.12955,0.66106,-0.21100,0.18360,-0.69626,NaN,NaN,NaN,NaN,NaN,NaN,NaN,NaN,NaN,NaN,NaN,NaN,NaN,NaN,NaN,NaN,NaN,NaN,NaN,NaN,NaN,
87.482,0.01906,0.00726,0.12955,0.66112,-0.21136,0.18369,-0.69607,NaN,NaN,NaN,NaN,NaN,NaN,NaN,NaN,NaN,NaN,NaN,NaN,NaN,NaN,NaN,NaN,NaN,NaN,NaN,NaN,NaN,
87.507,0.01912,0.00744,0.12944,0.66108,-0.21068,0.18339,-0.69639,NaN,NaN,NaN,NaN,NaN,NaN,NaN,NaN,NaN,NaN,NaN,NaN,NaN,NaN,NaN,NaN,NaN,NaN,NaN,NaN,NaN,
87.532,0.01897,0.00744,0.12945,0.66131,-0.21050,0.18292,-0.69635,NaN,NaN,NaN,NaN,NaN,NaN,NaN,NaN,NaN,NaN,NaN,NaN,NaN,NaN,NaN,NaN,NaN,NaN,NaN,NaN,NaN,
87.557,0.01898,0.00759,0.12941,0.66151,-0.20929,0.18196,-0.69678,NaN,NaN,NaN,NaN,NaN,NaN,NaN,NaN,NaN,NaN,NaN,NaN,NaN,NaN,NaN,NaN,NaN,NaN,NaN,NaN,NaN,
87.582,0.01890,0.00759,0.12936,0.66181,-0.20907,0.18136,-0.69671,NaN,NaN,NaN,NaN,NaN,NaN,NaN,NaN,NaN,NaN,NaN,NaN,NaN,NaN,NaN,NaN,NaN,NaN,NaN,NaN,NaN,
87.607,0.01884,0.00761,0.12941,0.66229,-0.21015,0.18117,-0.69598,NaN,NaN,NaN,NaN,NaN,NaN,NaN,NaN,NaN,NaN,NaN,NaN,NaN,NaN,NaN,NaN,NaN,NaN,NaN,NaN,NaN,
87.632,0.01884,0.00775,0.12944,0.66298,-0.21124,0.18067,-0.69512,NaN,NaN,NaN,NaN,NaN,NaN,NaN,NaN,NaN,NaN,NaN,NaN,NaN,NaN,NaN,NaN,NaN,NaN,NaN,NaN,NaN,
87.657,0.01877,0.00788,0.12939,0.66406,-0.21200,0.17935,-0.69420,NaN,NaN,NaN,NaN,NaN,NaN,NaN,NaN,NaN,NaN,NaN,NaN,NaN,NaN,NaN,NaN,NaN,NaN,NaN,NaN,NaN,
87.682,0.01869,0.00799,0.12944,0.66548,-0.21409,0.17820,-0.69249,NaN,NaN,NaN,NaN,NaN,NaN,NaN,NaN,NaN,NaN,NaN,NaN,NaN,NaN,NaN,NaN,NaN,NaN,NaN,NaN,NaN,
87.707,0.01874,0.00824,0.12942,0.66685,-0.21531,0.17665,-0.69119,NaN,NaN,NaN,NaN,NaN,NaN,NaN,NaN,NaN,NaN,NaN,NaN,NaN,NaN,NaN,NaN,NaN,NaN,NaN,NaN,NaN,
87.732,0.01878,0.00846,0.12937,0.66782,-0.21601,0.17546,-0.69034,NaN,NaN,NaN,NaN,NaN,NaN,NaN,NaN,NaN,NaN,NaN,NaN,NaN,NaN,NaN,NaN,NaN,NaN,NaN,NaN,NaN,
87.757,0.01865,0.00856,0.12942,0.66842,-0.21678,0.17491,-0.68966,NaN,NaN,NaN,NaN,NaN,NaN,NaN,NaN,NaN,NaN,NaN,NaN,NaN,NaN,NaN,NaN,NaN,NaN,NaN,NaN,NaN,
87.782,0.01868,0.00874,0.12935,0.66926,-0.21698,0.17366,-0.68910,NaN,NaN,NaN,NaN,NaN,NaN,NaN,NaN,NaN,NaN,NaN,NaN,NaN,NaN,NaN,NaN,NaN,NaN,NaN,NaN,NaN,
87.807,0.01863,0.00881,0.12930,0.67034,-0.21769,0.17228,-0.68817,NaN,NaN,NaN,NaN,NaN,NaN,NaN,NaN,NaN,NaN,NaN,NaN,NaN,NaN,NaN,NaN,NaN,NaN,NaN,NaN,NaN,
87.832,0.01844,0.00881,0.12939,0.67112,-0.21916,0.17180,-0.68706,NaN,NaN,NaN,NaN,NaN,NaN,NaN,NaN,NaN,NaN,NaN,NaN,NaN,NaN,NaN,NaN,NaN,NaN,NaN,NaN,NaN,
87.857,0.01849,0.00898,0.12930,0.67173,-0.21939,0.17092,-0.68661,NaN,NaN,NaN,NaN,NaN,NaN,NaN,NaN,NaN,NaN,NaN,NaN,NaN,NaN,NaN,NaN,NaN,NaN,NaN,NaN,NaN,
87.882,0.01851,0.00911,0.12925,0.67194,-0.21904,0.17041,-0.68665,NaN,NaN,NaN,NaN,NaN,NaN,NaN,NaN,NaN,NaN,NaN,NaN,NaN,NaN,NaN,NaN,NaN,NaN,NaN,NaN,NaN,
87.907,0.01840,0.00909,0.12940,0.67100,-0.21729,0.17098,-0.68797,NaN,NaN,NaN,NaN,NaN,NaN,NaN,NaN,NaN,NaN,NaN,NaN,NaN,NaN,NaN,NaN,NaN,NaN,NaN,NaN,NaN,
87.932,0.01820,0.00900,0.12957,0.66974,-0.21400,0.17127,-0.69016,NaN,NaN,NaN,NaN,NaN,NaN,NaN,NaN,NaN,NaN,NaN,NaN,NaN,NaN,NaN,NaN,NaN,NaN,NaN,NaN,NaN,
87.957,0.01812,0.00896,0.12955,0.66842,-0.21017,0.17133,-0.69259,NaN,NaN,NaN,NaN,NaN,NaN,NaN,NaN,NaN,NaN,NaN,NaN,NaN,NaN,NaN,NaN,NaN,NaN,NaN,NaN,NaN,
87.982,0.01794,0.00873,0.12964,0.66701,-0.20765,0.17222,-0.69449,NaN,NaN,NaN,NaN,NaN,NaN,NaN,NaN,NaN,NaN,NaN,NaN,NaN,NaN,NaN,NaN,NaN,NaN,NaN,NaN,NaN,
88.007,0.01792,0.00877,0.12969,0.66587,-0.20490,0.17256,-0.69632,NaN,NaN,NaN,NaN,NaN,NaN,NaN,NaN,NaN,NaN,NaN,NaN,NaN,NaN,NaN,NaN,NaN,NaN,NaN,NaN,NaN,
88.032,0.01788,0.00882,0.12981,0.66542,-0.20416,0.17288,-0.69689,NaN,NaN,NaN,NaN,NaN,NaN,NaN,NaN,NaN,NaN,NaN,NaN,NaN,NaN,NaN,NaN,NaN,NaN,NaN,NaN,NaN,
88.057,0.01786,0.00891,0.12992,0.66521,-0.20341,0.17279,-0.69733,NaN,NaN,NaN,NaN,NaN,NaN,NaN,NaN,NaN,NaN,NaN,NaN,NaN,NaN,NaN,NaN,NaN,NaN,NaN,NaN,NaN,
88.082,0.01781,0.00890,0.12998,0.66522,-0.20276,0.17242,-0.69760,NaN,NaN,NaN,NaN,NaN,NaN,NaN,NaN,NaN,NaN,NaN,NaN,NaN,NaN,NaN,NaN,NaN,NaN,NaN,NaN,NaN,
88.107,0.01775,0.00896,0.13006,0.66541,-0.20258,0.17201,-0.69757,NaN,NaN,NaN,NaN,NaN,NaN,NaN,NaN,NaN,NaN,NaN,NaN,NaN,NaN,NaN,NaN,NaN,NaN,NaN,NaN,NaN,
88.132,0.01771,0.00904,0.13014,0.66595,-0.20315,0.17145,-0.69702,NaN,NaN,NaN,NaN,NaN,NaN,NaN,NaN,NaN,NaN,NaN,NaN,NaN,NaN,NaN,NaN,NaN,NaN,NaN,NaN,NaN,
88.157,0.01766,0.00910,0.13020,0.66636,-0.20344,0.17095,-0.69667,NaN,NaN,NaN,NaN,NaN,NaN,NaN,NaN,NaN,NaN,NaN,NaN,NaN,NaN,NaN,NaN,NaN,NaN,NaN,NaN,NaN,
88.182,0.01767,0.00923,0.13025,0.66641,-0.20290,0.17057,-0.69688,NaN,NaN,NaN,NaN,NaN,NaN,NaN,NaN,NaN,NaN,NaN,NaN,NaN,NaN,NaN,NaN,NaN,NaN,NaN,NaN,NaN,
88.207,0.01759,0.00925,0.13032,0.66682,-0.20287,0.16989,-0.69666,NaN,NaN,NaN,NaN,NaN,NaN,NaN,NaN,NaN,NaN,NaN,NaN,NaN,NaN,NaN,NaN,NaN,NaN,NaN,NaN,NaN,
88.232,0.01758,0.00938,0.13031,0.66773,-0.20355,0.16879,-0.69586,NaN,NaN,NaN,NaN,NaN,NaN,NaN,NaN,NaN,NaN,NaN,NaN,NaN,NaN,NaN,NaN,NaN,NaN,NaN,NaN,NaN,
88.257,0.01753,0.00956,0.13033,0.66862,-0.20460,0.16793,-0.69490,NaN,NaN,NaN,NaN,NaN,NaN,NaN,NaN,NaN,NaN,NaN,NaN,NaN,NaN,NaN,NaN,NaN,NaN,NaN,NaN,NaN,
88.282,0.01744,0.00963,0.13034,0.66947,-0.20559,0.16710,-0.69399,NaN,NaN,NaN,NaN,NaN,NaN,NaN,NaN,NaN,NaN,NaN,NaN,NaN,NaN,NaN,NaN,NaN,NaN,NaN,NaN,NaN,
88.307,0.01744,0.00972,0.13028,0.67016,-0.20604,0.16623,-0.69340,NaN,NaN,NaN,NaN,NaN,NaN,NaN,NaN,NaN,NaN,NaN,NaN,NaN,NaN,NaN,NaN,NaN,NaN,NaN,NaN,NaN,
88.332,0.01741,0.00977,0.13034,0.67082,-0.20726,0.16583,-0.69249,NaN,NaN,NaN,NaN,NaN,NaN,NaN,NaN,NaN,NaN,NaN,NaN,NaN,NaN,NaN,NaN,NaN,NaN,NaN,NaN,NaN,
88.357,0.01738,0.00997,0.13036,0.67196,-0.20883,0.16482,-0.69115,NaN,NaN,NaN,NaN,NaN,NaN,NaN,NaN,NaN,NaN,NaN,NaN,NaN,NaN,NaN,NaN,NaN,NaN,NaN,NaN,NaN,
88.382,0.01705,0.01030,0.13005,0.67563,-0.21103,0.15999,-0.68804,NaN,NaN,NaN,NaN,NaN,NaN,NaN,NaN,NaN,NaN,NaN,NaN,NaN,NaN,NaN,NaN,NaN,NaN,NaN,NaN,NaN,
88.407,0.01707,0.01081,0.13022,0.67741,-0.21303,0.15814,-0.68609,NaN,NaN,NaN,NaN,NaN,NaN,NaN,NaN,NaN,NaN,NaN,NaN,NaN,NaN,NaN,NaN,NaN,NaN,NaN,NaN,NaN,
88.432,0.01697,0.01090,0.13015,0.67689,-0.21078,0.15777,-0.68739,NaN,NaN,NaN,NaN,NaN,NaN,NaN,NaN,NaN,NaN,NaN,NaN,NaN,NaN,NaN,NaN,NaN,NaN,NaN,NaN,NaN,
88.457,0.01681,0.01089,0.13004,0.67689,-0.20985,0.15726,-0.68779,NaN,NaN,NaN,NaN,NaN,NaN,NaN,NaN,NaN,NaN,NaN,NaN,NaN,NaN,NaN,NaN,NaN,NaN,NaN,NaN,NaN,
88.482,0.01665,0.01083,0.13018,0.67682,-0.20994,0.15743,-0.68779,NaN,NaN,NaN,NaN,NaN,NaN,NaN,NaN,NaN,NaN,NaN,NaN,NaN,NaN,NaN,NaN,NaN,NaN,NaN,NaN,NaN,
88.507,0.01677,0.01108,0.12992,0.67693,-0.20841,0.15639,-0.68839,NaN,NaN,NaN,NaN,NaN,NaN,NaN,NaN,NaN,NaN,NaN,NaN,NaN,NaN,NaN,NaN,NaN,NaN,NaN,NaN,NaN,
88.532,0.01674,0.01112,0.12991,0.67713,-0.20893,0.15635,-0.68804,NaN,NaN,NaN,NaN,NaN,NaN,NaN,NaN,NaN,NaN,NaN,NaN,NaN,NaN,NaN,NaN,NaN,NaN,NaN,NaN,NaN,
88.557,0.01681,0.01123,0.12981,0.67695,-0.20812,0.15618,-0.68850,NaN,NaN,NaN,NaN,NaN,NaN,NaN,NaN,NaN,NaN,NaN,NaN,NaN,NaN,NaN,NaN,NaN,NaN,NaN,NaN,NaN,
88.582,0.01655,0.01100,0.12983,0.67725,-0.20845,0.15588,-0.68818,NaN,NaN,NaN,NaN,NaN,NaN,NaN,NaN,NaN,NaN,NaN,NaN,NaN,NaN,NaN,NaN,NaN,NaN,NaN,NaN,NaN,
88.607,0.01645,0.01090,0.12989,0.67670,-0.20800,0.15654,-0.68870,NaN,NaN,NaN,NaN,NaN,NaN,NaN,NaN,NaN,NaN,NaN,NaN,NaN,NaN,NaN,NaN,NaN,NaN,NaN,NaN,NaN,
88.632,0.01672,0.01100,0.12994,0.67673,-0.20853,0.15678,-0.68845,NaN,NaN,NaN,NaN,NaN,NaN,NaN,NaN,NaN,NaN,NaN,NaN,NaN,NaN,NaN,NaN,NaN,NaN,NaN,NaN,NaN,
88.657,0.01667,0.01099,0.12991,0.67648,-0.20783,0.15682,-0.68891,NaN,NaN,NaN,NaN,NaN,NaN,NaN,NaN,NaN,NaN,NaN,NaN,NaN,NaN,NaN,NaN,NaN,NaN,NaN,NaN,NaN,
88.682,0.01667,0.01101,0.12985,0.67612,-0.20680,0.15684,-0.68956,NaN,NaN,NaN,NaN,NaN,NaN,NaN,NaN,NaN,NaN,NaN,NaN,NaN,NaN,NaN,NaN,NaN,NaN,NaN,NaN,NaN,
88.707,0.01685,0.01097,0.12968,0.67289,-0.20018,0.15846,-0.69429,NaN,NaN,NaN,NaN,NaN,NaN,NaN,NaN,NaN,NaN,NaN,NaN,NaN,NaN,NaN,NaN,NaN,NaN,NaN,NaN,NaN,
88.732,0.01663,0.01091,0.12998,0.67194,-0.19904,0.15936,-0.69533,NaN,NaN,NaN,NaN,NaN,NaN,NaN,NaN,NaN,NaN,NaN,NaN,NaN,NaN,NaN,NaN,NaN,NaN,NaN,NaN,NaN,
88.757,0.01658,0.01082,0.12992,0.67094,-0.19645,0.15954,-0.69699,NaN,NaN,NaN,NaN,NaN,NaN,NaN,NaN,NaN,NaN,NaN,NaN,NaN,NaN,NaN,NaN,NaN,NaN,NaN,NaN,NaN,
88.782,0.01616,0.01042,0.13024,0.66992,-0.19596,0.16093,-0.69779,NaN,NaN,NaN,NaN,NaN,NaN,NaN,NaN,NaN,NaN,NaN,NaN,NaN,NaN,NaN,NaN,NaN,NaN,NaN,NaN,NaN,
88.807,0.01640,0.01063,0.13001,0.66999,-0.19409,0.15973,-0.69852,NaN,NaN,NaN,NaN,NaN,NaN,NaN,NaN,NaN,NaN,NaN,NaN,NaN,NaN,NaN,NaN,NaN,NaN,NaN,NaN,NaN,
88.832,0.01636,0.01064,0.13006,0.66993,-0.19378,0.15966,-0.69868,NaN,NaN,NaN,NaN,NaN,NaN,NaN,NaN,NaN,NaN,NaN,NaN,NaN,NaN,NaN,NaN,NaN,NaN,NaN,NaN,NaN,
88.857,0.01628,0.01064,0.13027,0.66971,-0.19444,0.16040,-0.69853,NaN,NaN,NaN,NaN,NaN,NaN,NaN,NaN,NaN,NaN,NaN,NaN,NaN,NaN,NaN,NaN,NaN,NaN,NaN,NaN,NaN,
88.882,0.01624,0.01067,0.13029,0.66984,-0.19422,0.16007,-0.69855,NaN,NaN,NaN,NaN,NaN,NaN,NaN,NaN,NaN,NaN,NaN,NaN,NaN,NaN,NaN,NaN,NaN,NaN,NaN,NaN,NaN,
88.907,0.01627,0.01078,0.13026,0.67058,-0.19470,0.15913,-0.69792,NaN,NaN,NaN,NaN,NaN,NaN,NaN,NaN,NaN,NaN,NaN,NaN,NaN,NaN,NaN,NaN,NaN,NaN,NaN,NaN,NaN,
88.932,0.01628,0.01091,0.13030,0.67106,-0.19559,0.15885,-0.69727,NaN,NaN,NaN,NaN,NaN,NaN,NaN,NaN,NaN,NaN,NaN,NaN,NaN,NaN,NaN,NaN,NaN,NaN,NaN,NaN,NaN,
88.957,0.01638,0.01106,0.13037,0.67127,-0.19620,0.15885,-0.69690,NaN,NaN,NaN,NaN,NaN,NaN,NaN,NaN,NaN,NaN,NaN,NaN,NaN,NaN,NaN,NaN,NaN,NaN,NaN,NaN,NaN,
88.982,0.01610,0.01098,0.13045,0.67278,-0.19824,0.15753,-0.69516,NaN,NaN,NaN,NaN,NaN,NaN,NaN,NaN,NaN,NaN,NaN,NaN,NaN,NaN,NaN,NaN,NaN,NaN,NaN,NaN,NaN,
89.007,0.01625,0.01130,0.13034,0.67391,-0.19930,0.15626,-0.69405,NaN,NaN,NaN,NaN,NaN,NaN,NaN,NaN,NaN,NaN,NaN,NaN,NaN,NaN,NaN,NaN,NaN,NaN,NaN,NaN,NaN,
89.032,0.01621,0.01141,0.13028,0.67477,-0.19999,0.15524,-0.69325,NaN,NaN,NaN,NaN,NaN,NaN,NaN,NaN,NaN,NaN,NaN,NaN,NaN,NaN,NaN,NaN,NaN,NaN,NaN,NaN,NaN,
89.057,0.01606,0.01141,0.13035,0.67582,-0.20115,0.15415,-0.69213,NaN,NaN,NaN,NaN,NaN,NaN,NaN,NaN,NaN,NaN,NaN,NaN,NaN,NaN,NaN,NaN,NaN,NaN,NaN,NaN,NaN,
89.082,0.01614,0.01168,0.13017,0.67708,-0.20117,0.15206,-0.69135,NaN,NaN,NaN,NaN,NaN,NaN,NaN,NaN,NaN,NaN,NaN,NaN,NaN,NaN,NaN,NaN,NaN,NaN,NaN,NaN,NaN,
89.107,0.01597,0.01173,0.13024,0.67832,-0.20315,0.15111,-0.68976,NaN,NaN,NaN,NaN,NaN,NaN,NaN,NaN,NaN,NaN,NaN,NaN,NaN,NaN,NaN,NaN,NaN,NaN,NaN,NaN,NaN,
89.132,0.01599,0.01199,0.13023,0.67917,-0.20436,0.15038,-0.68873,NaN,NaN,NaN,NaN,NaN,NaN,NaN,NaN,NaN,NaN,NaN,NaN,NaN,NaN,NaN,NaN,NaN,NaN,NaN,NaN,NaN,
89.157,0.01600,0.01214,0.13019,0.67989,-0.20493,0.14950,-0.68805,NaN,NaN,NaN,NaN,NaN,NaN,NaN,NaN,NaN,NaN,NaN,NaN,NaN,NaN,NaN,NaN,NaN,NaN,NaN,NaN,NaN,
89.182,0.01586,0.01211,0.13013,0.68082,-0.20546,0.14823,-0.68724,NaN,NaN,NaN,NaN,NaN,NaN,NaN,NaN,NaN,NaN,NaN,NaN,NaN,NaN,NaN,NaN,NaN,NaN,NaN,NaN,NaN,
89.207,0.01582,0.01224,0.13006,0.68162,-0.20587,0.14711,-0.68657,NaN,NaN,NaN,NaN,NaN,NaN,NaN,NaN,NaN,NaN,NaN,NaN,NaN,NaN,NaN,NaN,NaN,NaN,NaN,NaN,NaN,
89.232,0.01579,0.01238,0.13004,0.68228,-0.20664,0.14643,-0.68582,NaN,NaN,NaN,NaN,NaN,NaN,NaN,NaN,NaN,NaN,NaN,NaN,NaN,NaN,NaN,NaN,NaN,NaN,NaN,NaN,NaN,
89.257,0.01572,0.01238,0.12994,0.68289,-0.20695,0.14557,-0.68530,NaN,NaN,NaN,NaN,NaN,NaN,NaN,NaN,NaN,NaN,NaN,NaN,NaN,NaN,NaN,NaN,NaN,NaN,NaN,NaN,NaN,
89.282,0.01567,0.01245,0.12974,0.68372,-0.20713,0.14426,-0.68470,NaN,NaN,NaN,NaN,NaN,NaN,NaN,NaN,NaN,NaN,NaN,NaN,NaN,NaN,NaN,NaN,NaN,NaN,NaN,NaN,NaN,
89.307,0.01554,0.01252,0.12972,0.68491,-0.20882,0.14320,-0.68322,NaN,NaN,NaN,NaN,NaN,NaN,NaN,NaN,NaN,NaN,NaN,NaN,NaN,NaN,NaN,NaN,NaN,NaN,NaN,NaN,NaN,
89.332,0.01537,0.01257,0.12975,0.68642,-0.21112,0.14192,-0.68126,NaN,NaN,NaN,NaN,NaN,NaN,NaN,NaN,NaN,NaN,NaN,NaN,NaN,NaN,NaN,NaN,NaN,NaN,NaN,NaN,NaN,
89.357,0.01544,0.01282,0.12968,0.68747,-0.21237,0.14081,-0.68004,NaN,NaN,NaN,NaN,NaN,NaN,NaN,NaN,NaN,NaN,NaN,NaN,NaN,NaN,NaN,NaN,NaN,NaN,NaN,NaN,NaN,
89.382,0.01552,0.01301,0.12961,0.68838,-0.21331,0.13979,-0.67904,NaN,NaN,NaN,NaN,NaN,NaN,NaN,NaN,NaN,NaN,NaN,NaN,NaN,NaN,NaN,NaN,NaN,NaN,NaN,NaN,NaN,
89.407,0.01548,0.01305,0.12967,0.68930,-0.21507,0.13918,-0.67768,NaN,NaN,NaN,NaN,NaN,NaN,NaN,NaN,NaN,NaN,NaN,NaN,NaN,NaN,NaN,NaN,NaN,NaN,NaN,NaN,NaN,
89.432,0.01553,0.01321,0.12958,0.69000,-0.21548,0.13819,-0.67703,NaN,NaN,NaN,NaN,NaN,NaN,NaN,NaN,NaN,NaN,NaN,NaN,NaN,NaN,NaN,NaN,NaN,NaN,NaN,NaN,NaN,
89.457,0.01541,0.01321,0.12957,0.69047,-0.21583,0.13759,-0.67657,NaN,NaN,NaN,NaN,NaN,NaN,NaN,NaN,NaN,NaN,NaN,NaN,NaN,NaN,NaN,NaN,NaN,NaN,NaN,NaN,NaN,
89.482,0.01537,0.01327,0.12956,0.69044,-0.21544,0.13741,-0.67675,NaN,NaN,NaN,NaN,NaN,NaN,NaN,NaN,NaN,NaN,NaN,NaN,NaN,NaN,NaN,NaN,NaN,NaN,NaN,NaN,NaN,
89.507,0.01533,0.01334,0.12952,0.69060,-0.21510,0.13695,-0.67679,NaN,NaN,NaN,NaN,NaN,NaN,NaN,NaN,NaN,NaN,NaN,NaN,NaN,NaN,NaN,NaN,NaN,NaN,NaN,NaN,NaN,
89.532,0.01516,0.01327,0.12961,0.69085,-0.21514,0.13654,-0.67661,NaN,NaN,NaN,NaN,NaN,NaN,NaN,NaN,NaN,NaN,NaN,NaN,NaN,NaN,NaN,NaN,NaN,NaN,NaN,NaN,NaN,
89.557,0.01523,0.01338,0.12966,0.69082,-0.21472,0.13636,-0.67681,NaN,NaN,NaN,NaN,NaN,NaN,NaN,NaN,NaN,NaN,NaN,NaN,NaN,NaN,NaN,NaN,NaN,NaN,NaN,NaN,NaN,
89.582,0.01525,0.01345,0.12979,0.69084,-0.21524,0.13661,-0.67657,NaN,NaN,NaN,NaN,NaN,NaN,NaN,NaN,NaN,NaN,NaN,NaN,NaN,NaN,NaN,NaN,NaN,NaN,NaN,NaN,NaN,
89.607,0.01533,0.01356,0.12986,0.69108,-0.21573,0.13647,-0.67619,NaN,NaN,NaN,NaN,NaN,NaN,NaN,NaN,NaN,NaN,NaN,NaN,NaN,NaN,NaN,NaN,NaN,NaN,NaN,NaN,NaN,
89.632,0.01526,0.01355,0.12983,0.69110,-0.21471,0.13587,-0.67662,NaN,NaN,NaN,NaN,NaN,NaN,NaN,NaN,NaN,NaN,NaN,NaN,NaN,NaN,NaN,NaN,NaN,NaN,NaN,NaN,NaN,
89.657,0.01515,0.01353,0.13000,0.69105,-0.21478,0.13599,-0.67662,NaN,NaN,NaN,NaN,NaN,NaN,NaN,NaN,NaN,NaN,NaN,NaN,NaN,NaN,NaN,NaN,NaN,NaN,NaN,NaN,NaN,
89.682,0.01513,0.01368,0.13001,0.69133,-0.21462,0.13543,-0.67651,NaN,NaN,NaN,NaN,NaN,NaN,NaN,NaN,NaN,NaN,NaN,NaN,NaN,NaN,NaN,NaN,NaN,NaN,NaN,NaN,NaN,
89.707,0.01504,0.01374,0.13010,0.69173,-0.21499,0.13494,-0.67608,NaN,NaN,NaN,NaN,NaN,NaN,NaN,NaN,NaN,NaN,NaN,NaN,NaN,NaN,NaN,NaN,NaN,NaN,NaN,NaN,NaN,
89.732,0.01489,0.01373,0.13015,0.69236,-0.21558,0.13418,-0.67540,NaN,NaN,NaN,NaN,NaN,NaN,NaN,NaN,NaN,NaN,NaN,NaN,NaN,NaN,NaN,NaN,NaN,NaN,NaN,NaN,NaN,
89.757,0.01499,0.01394,0.13008,0.69298,-0.21603,0.13335,-0.67478,NaN,NaN,NaN,NaN,NaN,NaN,NaN,NaN,NaN,NaN,NaN,NaN,NaN,NaN,NaN,NaN,NaN,NaN,NaN,NaN,NaN,
89.782,0.01499,0.01394,0.13008,0.69298,-0.21603,0.13335,-0.67478,NaN,NaN,NaN,NaN,NaN,NaN,NaN,NaN,NaN,NaN,NaN,NaN,NaN,NaN,NaN,NaN,NaN,NaN,NaN,NaN,NaN,
89.807,0.01500,0.01422,0.13005,0.69450,-0.21752,0.13152,-0.67309,NaN,NaN,NaN,NaN,NaN,NaN,NaN,NaN,NaN,NaN,NaN,NaN,NaN,NaN,NaN,NaN,NaN,NaN,NaN,NaN,NaN,
89.832,0.01498,0.01437,0.13009,0.69526,-0.21834,0.13065,-0.67221,NaN,NaN,NaN,NaN,NaN,NaN,NaN,NaN,NaN,NaN,NaN,NaN,NaN,NaN,NaN,NaN,NaN,NaN,NaN,NaN,NaN,
89.857,0.01487,0.01442,0.13014,0.69578,-0.21909,0.13015,-0.67152,NaN,NaN,NaN,NaN,NaN,NaN,NaN,NaN,NaN,NaN,NaN,NaN,NaN,NaN,NaN,NaN,NaN,NaN,NaN,NaN,NaN,
89.882,0.01478,0.01449,0.13003,0.69639,-0.21919,0.12914,-0.67106,NaN,NaN,NaN,NaN,NaN,NaN,NaN,NaN,NaN,NaN,NaN,NaN,NaN,NaN,NaN,NaN,NaN,NaN,NaN,NaN,NaN,
89.907,0.01467,0.01442,0.13001,0.69653,-0.21914,0.12887,-0.67098,NaN,NaN,NaN,NaN,NaN,NaN,NaN,NaN,NaN,NaN,NaN,NaN,NaN,NaN,NaN,NaN,NaN,NaN,NaN,NaN,NaN,
89.932,0.01473,0.01451,0.12978,0.69673,-0.21827,0.12804,-0.67122,NaN,NaN,NaN,NaN,NaN,NaN,NaN,NaN,NaN,NaN,NaN,NaN,NaN,NaN,NaN,NaN,NaN,NaN,NaN,NaN,NaN,
89.957,0.01454,0.01449,0.12978,0.69713,-0.21911,0.12780,-0.67057,NaN,NaN,NaN,NaN,NaN,NaN,NaN,NaN,NaN,NaN,NaN,NaN,NaN,NaN,NaN,NaN,NaN,NaN,NaN,NaN,NaN,
89.982,0.01456,0.01459,0.12980,0.69722,-0.21977,0.12800,-0.67022,NaN,NaN,NaN,NaN,NaN,NaN,NaN,NaN,NaN,NaN,NaN,NaN,NaN,NaN,NaN,NaN,NaN,NaN,NaN,NaN,NaN,
90.007,0.01460,0.01462,0.12971,0.69745,-0.21976,0.12760,-0.67007,NaN,NaN,NaN,NaN,NaN,NaN,NaN,NaN,NaN,NaN,NaN,NaN,NaN,NaN,NaN,NaN,NaN,NaN,NaN,NaN,NaN,
90.032,0.01471,0.01474,0.12957,0.69735,-0.21887,0.12727,-0.67052,NaN,NaN,NaN,NaN,NaN,NaN,NaN,NaN,NaN,NaN,NaN,NaN,NaN,NaN,NaN,NaN,NaN,NaN,NaN,NaN,NaN,
90.057,0.01451,0.01457,0.12956,0.69690,-0.21803,0.12759,-0.67120,NaN,NaN,NaN,NaN,NaN,NaN,NaN,NaN,NaN,NaN,NaN,NaN,NaN,NaN,NaN,NaN,NaN,NaN,NaN,NaN,NaN,
90.082,0.01452,0.01459,0.12948,0.69647,-0.21704,0.12781,-0.67193,NaN,NaN,NaN,NaN,NaN,NaN,NaN,NaN,NaN,NaN,NaN,NaN,NaN,NaN,NaN,NaN,NaN,NaN,NaN,NaN,NaN,
90.107,0.01435,0.01451,0.12945,0.69634,-0.21628,0.12761,-0.67235,NaN,NaN,NaN,NaN,NaN,NaN,NaN,NaN,NaN,NaN,NaN,NaN,NaN,NaN,NaN,NaN,NaN,NaN,NaN,NaN,NaN,
90.132,0.01431,0.01457,0.12944,0.69634,-0.21602,0.12746,-0.67246,NaN,NaN,NaN,NaN,NaN,NaN,NaN,NaN,NaN,NaN,NaN,NaN,NaN,NaN,NaN,NaN,NaN,NaN,NaN,NaN,NaN,
90.157,0.01433,0.01466,0.12943,0.69628,-0.21534,0.12719,-0.67279,NaN,NaN,NaN,NaN,NaN,NaN,NaN,NaN,NaN,NaN,NaN,NaN,NaN,NaN,NaN,NaN,NaN,NaN,NaN,NaN,NaN,
90.182,0.01420,0.01452,0.12954,0.69531,-0.21373,0.12798,-0.67415,NaN,NaN,NaN,NaN,NaN,NaN,NaN,NaN,NaN,NaN,NaN,NaN,NaN,NaN,NaN,NaN,NaN,NaN,NaN,NaN,NaN,
90.207,0.01430,0.01460,0.12951,0.69442,-0.21151,0.12831,-0.67571,NaN,NaN,NaN,NaN,NaN,NaN,NaN,NaN,NaN,NaN,NaN,NaN,NaN,NaN,NaN,NaN,NaN,NaN,NaN,NaN,NaN,
90.232,0.01410,0.01441,0.12963,0.69376,-0.21050,0.12888,-0.67659,NaN,NaN,NaN,NaN,NaN,NaN,NaN,NaN,NaN,NaN,NaN,NaN,NaN,NaN,NaN,NaN,NaN,NaN,NaN,NaN,NaN,
90.257,0.01416,0.01433,0.12969,0.69228,-0.20765,0.12985,-0.67880,NaN,NaN,NaN,NaN,NaN,NaN,NaN,NaN,NaN,NaN,NaN,NaN,NaN,NaN,NaN,NaN,NaN,NaN,NaN,NaN,NaN,
90.282,0.01407,0.01421,0.12966,0.69053,-0.20345,0.13048,-0.68173,NaN,NaN,NaN,NaN,NaN,NaN,NaN,NaN,NaN,NaN,NaN,NaN,NaN,NaN,NaN,NaN,NaN,NaN,NaN,NaN,NaN,
90.307,0.01378,0.01394,0.12993,0.68936,-0.20249,0.13195,-0.68291,NaN,NaN,NaN,NaN,NaN,NaN,NaN,NaN,NaN,NaN,NaN,NaN,NaN,NaN,NaN,NaN,NaN,NaN,NaN,NaN,NaN,
90.332,0.01400,0.01420,0.12983,0.68861,-0.19994,0.13177,-0.68445,NaN,NaN,NaN,NaN,NaN,NaN,NaN,NaN,NaN,NaN,NaN,NaN,NaN,NaN,NaN,NaN,NaN,NaN,NaN,NaN,NaN,
90.357,0.01377,0.01391,0.13032,0.68633,-0.19651,0.13370,-0.68735,NaN,NaN,NaN,NaN,NaN,NaN,NaN,NaN,NaN,NaN,NaN,NaN,NaN,NaN,NaN,NaN,NaN,NaN,NaN,NaN,NaN,
90.382,0.01390,0.01393,0.13038,0.68478,-0.19318,0.13441,-0.68970,NaN,NaN,NaN,NaN,NaN,NaN,NaN,NaN,NaN,NaN,NaN,NaN,NaN,NaN,NaN,NaN,NaN,NaN,NaN,NaN,NaN,
90.407,0.01374,0.01373,0.13044,0.68374,-0.19127,0.13506,-0.69114,NaN,NaN,NaN,NaN,NaN,NaN,NaN,NaN,NaN,NaN,NaN,NaN,NaN,NaN,NaN,NaN,NaN,NaN,NaN,NaN,NaN,
90.432,0.01375,0.01360,0.13061,0.68150,-0.18856,0.13727,-0.69365,NaN,NaN,NaN,NaN,NaN,NaN,NaN,NaN,NaN,NaN,NaN,NaN,NaN,NaN,NaN,NaN,NaN,NaN,NaN,NaN,NaN,
90.457,0.01393,0.01350,0.13063,0.67926,-0.18528,0.13912,-0.69636,NaN,NaN,NaN,NaN,NaN,NaN,NaN,NaN,NaN,NaN,NaN,NaN,NaN,NaN,NaN,NaN,NaN,NaN,NaN,NaN,NaN,
90.482,0.01360,0.01307,0.13089,0.67708,-0.18255,0.14116,-0.69879,NaN,NaN,NaN,NaN,NaN,NaN,NaN,NaN,NaN,NaN,NaN,NaN,NaN,NaN,NaN,NaN,NaN,NaN,NaN,NaN,NaN,
90.507,0.01382,0.01304,0.13102,0.67505,-0.18039,0.14328,-0.70089,NaN,NaN,NaN,NaN,NaN,NaN,NaN,NaN,NaN,NaN,NaN,NaN,NaN,NaN,NaN,NaN,NaN,NaN,NaN,NaN,NaN,
90.532,0.01364,0.01277,0.13109,0.67243,-0.17579,0.14486,-0.70424,NaN,NaN,NaN,NaN,NaN,NaN,NaN,NaN,NaN,NaN,NaN,NaN,NaN,NaN,NaN,NaN,NaN,NaN,NaN,NaN,NaN,
90.557,0.01344,0.01252,0.13123,0.67104,-0.17429,0.14627,-0.70565,NaN,NaN,NaN,NaN,NaN,NaN,NaN,NaN,NaN,NaN,NaN,NaN,NaN,NaN,NaN,NaN,NaN,NaN,NaN,NaN,NaN,
90.582,0.01379,0.01253,0.13144,0.66894,-0.17255,0.14869,-0.70756,NaN,NaN,NaN,NaN,NaN,NaN,NaN,NaN,NaN,NaN,NaN,NaN,NaN,NaN,NaN,NaN,NaN,NaN,NaN,NaN,NaN,
90.607,0.01395,0.01243,0.13147,0.66617,-0.16896,0.15105,-0.71053,NaN,NaN,NaN,NaN,NaN,NaN,NaN,NaN,NaN,NaN,NaN,NaN,NaN,NaN,NaN,NaN,NaN,NaN,NaN,NaN,NaN,
90.632,0.01362,0.01208,0.13159,0.66489,-0.16725,0.15210,-0.71191,NaN,NaN,NaN,NaN,NaN,NaN,NaN,NaN,NaN,NaN,NaN,NaN,NaN,NaN,NaN,NaN,NaN,NaN,NaN,NaN,NaN,
90.657,0.01384,0.01224,0.13161,0.66491,-0.16721,0.15203,-0.71191,NaN,NaN,NaN,NaN,NaN,NaN,NaN,NaN,NaN,NaN,NaN,NaN,NaN,NaN,NaN,NaN,NaN,NaN,NaN,NaN,NaN,
90.682,0.01382,0.01218,0.13148,0.66487,-0.16627,0.15152,-0.71228,NaN,NaN,NaN,NaN,NaN,NaN,NaN,NaN,NaN,NaN,NaN,NaN,NaN,NaN,NaN,NaN,NaN,NaN,NaN,NaN,NaN,
90.707,0.01396,0.01226,0.13145,0.66454,-0.16615,0.15200,-0.71252,NaN,NaN,NaN,NaN,NaN,NaN,NaN,NaN,NaN,NaN,NaN,NaN,NaN,NaN,NaN,NaN,NaN,NaN,NaN,NaN,NaN,
90.732,0.01368,0.01198,0.13151,0.66360,-0.16471,0.15264,-0.71359,NaN,NaN,NaN,NaN,NaN,NaN,NaN,NaN,NaN,NaN,NaN,NaN,NaN,NaN,NaN,NaN,NaN,NaN,NaN,NaN,NaN,
90.757,0.01375,0.01184,0.13158,0.66187,-0.16345,0.15468,-0.71504,NaN,NaN,NaN,NaN,NaN,NaN,NaN,NaN,NaN,NaN,NaN,NaN,NaN,NaN,NaN,NaN,NaN,NaN,NaN,NaN,NaN,
90.782,0.01370,0.01155,0.13156,0.66055,-0.16187,0.15585,-0.71637,NaN,NaN,NaN,NaN,NaN,NaN,NaN,NaN,NaN,NaN,NaN,NaN,NaN,NaN,NaN,NaN,NaN,NaN,NaN,NaN,NaN,
90.807,0.01380,0.01145,0.13137,0.66003,-0.16048,0.15583,-0.71716,NaN,NaN,NaN,NaN,NaN,NaN,NaN,NaN,NaN,NaN,NaN,NaN,NaN,NaN,NaN,NaN,NaN,NaN,NaN,NaN,NaN,
90.832,0.01328,0.01098,0.13132,0.65964,-0.15921,0.15566,-0.71784,NaN,NaN,NaN,NaN,NaN,NaN,NaN,NaN,NaN,NaN,NaN,NaN,NaN,NaN,NaN,NaN,NaN,NaN,NaN,NaN,NaN,
90.857,0.01336,0.01102,0.13141,0.66028,-0.16040,0.15537,-0.71705,NaN,NaN,NaN,NaN,NaN,NaN,NaN,NaN,NaN,NaN,NaN,NaN,NaN,NaN,NaN,NaN,NaN,NaN,NaN,NaN,NaN,
90.882,0.01377,0.01136,0.13138,0.66205,-0.16327,0.15428,-0.71500,NaN,NaN,NaN,NaN,NaN,NaN,NaN,NaN,NaN,NaN,NaN,NaN,NaN,NaN,NaN,NaN,NaN,NaN,NaN,NaN,NaN,
90.907,0.01405,0.01148,0.13114,0.66290,-0.16310,0.15279,-0.71458,NaN,NaN,NaN,NaN,NaN,NaN,NaN,NaN,NaN,NaN,NaN,NaN,NaN,NaN,NaN,NaN,NaN,NaN,NaN,NaN,NaN,
90.932,0.01392,0.01130,0.13110,0.66302,-0.16270,0.15234,-0.71465,NaN,NaN,NaN,NaN,NaN,NaN,NaN,NaN,NaN,NaN,NaN,NaN,NaN,NaN,NaN,NaN,NaN,NaN,NaN,NaN,NaN,
90.957,0.01387,0.01122,0.13103,0.66341,-0.16267,0.15169,-0.71444,NaN,NaN,NaN,NaN,NaN,NaN,NaN,NaN,NaN,NaN,NaN,NaN,NaN,NaN,NaN,NaN,NaN,NaN,NaN,NaN,NaN,
90.982,0.01380,0.01112,0.13095,0.66312,-0.16140,0.15137,-0.71506,NaN,NaN,NaN,NaN,NaN,NaN,NaN,NaN,NaN,NaN,NaN,NaN,NaN,NaN,NaN,NaN,NaN,NaN,NaN,NaN,NaN,
91.007,0.01369,0.01083,0.13116,0.66277,-0.16169,0.15212,-0.71516,NaN,NaN,NaN,NaN,NaN,NaN,NaN,NaN,NaN,NaN,NaN,NaN,NaN,NaN,NaN,NaN,NaN,NaN,NaN,NaN,NaN,
91.032,0.01397,0.01099,0.13097,0.66207,-0.15985,0.15211,-0.71622,NaN,NaN,NaN,NaN,NaN,NaN,NaN,NaN,NaN,NaN,NaN,NaN,NaN,NaN,NaN,NaN,NaN,NaN,NaN,NaN,NaN,
91.057,0.01370,0.01060,0.13103,0.66053,-0.15801,0.15346,-0.71776,NaN,NaN,NaN,NaN,NaN,NaN,NaN,NaN,NaN,NaN,NaN,NaN,NaN,NaN,NaN,NaN,NaN,NaN,NaN,NaN,NaN,
91.082,0.01389,0.01029,0.13131,0.65733,-0.15584,0.15730,-0.72034,NaN,NaN,NaN,NaN,NaN,NaN,NaN,NaN,NaN,NaN,NaN,NaN,NaN,NaN,NaN,NaN,NaN,NaN,NaN,NaN,NaN,
91.107,0.01385,0.00986,0.13112,0.65454,-0.15101,0.15874,-0.72359,NaN,NaN,NaN,NaN,NaN,NaN,NaN,NaN,NaN,NaN,NaN,NaN,NaN,NaN,NaN,NaN,NaN,NaN,NaN,NaN,NaN,
91.132,0.01385,0.00950,0.13115,0.65229,-0.14826,0.16060,-0.72577,NaN,NaN,NaN,NaN,NaN,NaN,NaN,NaN,NaN,NaN,NaN,NaN,NaN,NaN,NaN,NaN,NaN,NaN,NaN,NaN,NaN,
91.157,0.01386,0.00915,0.13120,0.64996,-0.14553,0.16258,-0.72797,NaN,NaN,NaN,NaN,NaN,NaN,NaN,NaN,NaN,NaN,NaN,NaN,NaN,NaN,NaN,NaN,NaN,NaN,NaN,NaN,NaN,
91.182,0.01394,0.00886,0.13119,0.64756,-0.14263,0.16453,-0.73024,NaN,NaN,NaN,NaN,NaN,NaN,NaN,NaN,NaN,NaN,NaN,NaN,NaN,NaN,NaN,NaN,NaN,NaN,NaN,NaN,NaN,
91.207,0.01315,0.00822,0.13134,0.65044,-0.14658,0.16249,-0.72735,NaN,NaN,NaN,NaN,NaN,NaN,NaN,NaN,NaN,NaN,NaN,NaN,NaN,NaN,NaN,NaN,NaN,NaN,NaN,NaN,NaN,
91.232,0.01351,0.00886,0.13155,0.65815,-0.16222,0.15995,-0.71759,NaN,NaN,NaN,NaN,NaN,NaN,NaN,NaN,NaN,NaN,NaN,NaN,NaN,NaN,NaN,NaN,NaN,NaN,NaN,NaN,NaN,
91.257,0.01604,0.01028,0.13071,0.66103,-0.17258,0.16165,-0.71213,NaN,NaN,NaN,NaN,NaN,NaN,NaN,NaN,NaN,NaN,NaN,NaN,NaN,NaN,NaN,NaN,NaN,NaN,NaN,NaN,NaN,
91.282,0.01586,0.00958,0.13093,0.66253,-0.17867,0.16287,-0.70894,NaN,NaN,NaN,NaN,NaN,NaN,NaN,NaN,NaN,NaN,NaN,NaN,NaN,NaN,NaN,NaN,NaN,NaN,NaN,NaN,NaN,
91.307,0.01663,0.01100,0.13019,0.67131,-0.18418,0.15177,-0.70170,NaN,NaN,NaN,NaN,NaN,NaN,NaN,NaN,NaN,NaN,NaN,NaN,NaN,NaN,NaN,NaN,NaN,NaN,NaN,NaN,NaN,
91.332,0.01690,0.01212,0.13054,0.68043,-0.19795,0.14460,-0.69060,NaN,NaN,NaN,NaN,NaN,NaN,NaN,NaN,NaN,NaN,NaN,NaN,NaN,NaN,NaN,NaN,NaN,NaN,NaN,NaN,NaN,
91.357,0.01658,0.01229,0.13042,0.68741,-0.20791,0.13841,-0.68197,NaN,NaN,NaN,NaN,NaN,NaN,NaN,NaN,NaN,NaN,NaN,NaN,NaN,NaN,NaN,NaN,NaN,NaN,NaN,NaN,NaN,
91.382,0.01541,0.01167,0.13110,0.69079,-0.21646,0.13738,-0.67608,NaN,NaN,NaN,NaN,NaN,NaN,NaN,NaN,NaN,NaN,NaN,NaN,NaN,NaN,NaN,NaN,NaN,NaN,NaN,NaN,NaN,
91.407,0.01682,0.01234,0.13059,0.69144,-0.21714,0.13662,-0.67534,NaN,NaN,NaN,NaN,NaN,NaN,NaN,NaN,NaN,NaN,NaN,NaN,NaN,NaN,NaN,NaN,NaN,NaN,NaN,NaN,NaN,
91.432,0.01732,0.01221,0.13062,0.69008,-0.21879,0.13988,-0.67554,NaN,NaN,NaN,NaN,NaN,NaN,NaN,NaN,NaN,NaN,NaN,NaN,NaN,NaN,NaN,NaN,NaN,NaN,NaN,NaN,NaN,
91.457,0.01698,0.01186,0.13069,0.69146,-0.22198,0.13925,-0.67322,NaN,NaN,NaN,NaN,NaN,NaN,NaN,NaN,NaN,NaN,NaN,NaN,NaN,NaN,NaN,NaN,NaN,NaN,NaN,NaN,NaN,
91.482,0.01748,0.01226,0.13050,0.69292,-0.22274,0.13714,-0.67190,NaN,NaN,NaN,NaN,NaN,NaN,NaN,NaN,NaN,NaN,NaN,NaN,NaN,NaN,NaN,NaN,NaN,NaN,NaN,NaN,NaN,
91.507,0.01754,0.01205,0.13072,0.69220,-0.22286,0.13846,-0.67233,NaN,NaN,NaN,NaN,NaN,NaN,NaN,NaN,NaN,NaN,NaN,NaN,NaN,NaN,NaN,NaN,NaN,NaN,NaN,NaN,NaN,
91.532,0.01765,0.01201,0.13046,0.69491,-0.22487,0.13484,-0.66959,NaN,NaN,NaN,NaN,NaN,NaN,NaN,NaN,NaN,NaN,NaN,NaN,NaN,NaN,NaN,NaN,NaN,NaN,NaN,NaN,NaN,
91.557,0.01754,0.01210,0.13066,0.69743,-0.22882,0.13255,-0.66608,NaN,NaN,NaN,NaN,NaN,NaN,NaN,NaN,NaN,NaN,NaN,NaN,NaN,NaN,NaN,NaN,NaN,NaN,NaN,NaN,NaN,
91.582,0.01805,0.01211,0.13049,0.69582,-0.22879,0.13536,-0.66721,NaN,NaN,NaN,NaN,NaN,NaN,NaN,NaN,NaN,NaN,NaN,NaN,NaN,NaN,NaN,NaN,NaN,NaN,NaN,NaN,NaN,
91.607,0.01770,0.01182,0.13072,0.69712,-0.23594,0.13687,-0.66304,NaN,NaN,NaN,NaN,NaN,NaN,NaN,NaN,NaN,NaN,NaN,NaN,NaN,NaN,NaN,NaN,NaN,NaN,NaN,NaN,NaN,
91.632,0.01922,0.01334,0.12985,0.70403,-0.24329,0.12849,-0.65471,NaN,NaN,NaN,NaN,NaN,NaN,NaN,NaN,NaN,NaN,NaN,NaN,NaN,NaN,NaN,NaN,NaN,NaN,NaN,NaN,NaN,
91.657,0.01822,0.01312,0.12982,0.71080,-0.25092,0.12021,-0.64603,NaN,NaN,NaN,NaN,NaN,NaN,NaN,NaN,NaN,NaN,NaN,NaN,NaN,NaN,NaN,NaN,NaN,NaN,NaN,NaN,NaN,
91.682,0.01852,0.01358,0.12973,0.71373,-0.25487,0.11683,-0.64185,NaN,NaN,NaN,NaN,NaN,NaN,NaN,NaN,NaN,NaN,NaN,NaN,NaN,NaN,NaN,NaN,NaN,NaN,NaN,NaN,NaN,
91.707,0.01840,0.01332,0.12974,0.71367,-0.25541,0.11722,-0.64164,NaN,NaN,NaN,NaN,NaN,NaN,NaN,NaN,NaN,NaN,NaN,NaN,NaN,NaN,NaN,NaN,NaN,NaN,NaN,NaN,NaN,
91.732,0.01848,0.01315,0.12963,0.71356,-0.25555,0.11749,-0.64166,NaN,NaN,NaN,NaN,NaN,NaN,NaN,NaN,NaN,NaN,NaN,NaN,NaN,NaN,NaN,NaN,NaN,NaN,NaN,NaN,NaN,
91.757,0.01853,0.01298,0.12945,0.71293,-0.25425,0.11800,-0.64278,NaN,NaN,NaN,NaN,NaN,NaN,NaN,NaN,NaN,NaN,NaN,NaN,NaN,NaN,NaN,NaN,NaN,NaN,NaN,NaN,NaN,
91.782,0.01859,0.01265,0.12932,0.71161,-0.25257,0.11956,-0.64461,NaN,NaN,NaN,NaN,NaN,NaN,NaN,NaN,NaN,NaN,NaN,NaN,NaN,NaN,NaN,NaN,NaN,NaN,NaN,NaN,NaN,
91.807,0.01866,0.01212,0.12936,0.70876,-0.25013,0.12350,-0.64795,NaN,NaN,NaN,NaN,NaN,NaN,NaN,NaN,NaN,NaN,NaN,NaN,NaN,NaN,NaN,NaN,NaN,NaN,NaN,NaN,NaN,
91.832,0.01925,0.01176,0.12914,0.70494,-0.24624,0.12837,-0.65264,NaN,NaN,NaN,NaN,NaN,NaN,NaN,NaN,NaN,NaN,NaN,NaN,NaN,NaN,NaN,NaN,NaN,NaN,NaN,NaN,NaN,
91.857,0.01930,0.01099,0.12893,0.70209,-0.24403,0.13230,-0.65575,NaN,NaN,NaN,NaN,NaN,NaN,NaN,NaN,NaN,NaN,NaN,NaN,NaN,NaN,NaN,NaN,NaN,NaN,NaN,NaN,NaN,
91.882,0.01931,0.01022,0.12884,0.69866,-0.24301,0.13782,-0.65865,NaN,NaN,NaN,NaN,NaN,NaN,NaN,NaN,NaN,NaN,NaN,NaN,NaN,NaN,NaN,NaN,NaN,NaN,NaN,NaN,NaN,
91.907,0.01995,0.00993,0.12859,0.69386,-0.23965,0.14444,-0.66352,NaN,NaN,NaN,NaN,NaN,NaN,NaN,NaN,NaN,NaN,NaN,NaN,NaN,NaN,NaN,NaN,NaN,NaN,NaN,NaN,NaN,
91.932,0.02012,0.00911,0.12855,0.68920,-0.23754,0.15134,-0.66759,NaN,NaN,NaN,NaN,NaN,NaN,NaN,NaN,NaN,NaN,NaN,NaN,NaN,NaN,NaN,NaN,NaN,NaN,NaN,NaN,NaN,
91.957,0.02054,0.00863,0.12825,0.68437,-0.23346,0.15740,-0.67257,NaN,NaN,NaN,NaN,NaN,NaN,NaN,NaN,NaN,NaN,NaN,NaN,NaN,NaN,NaN,NaN,NaN,NaN,NaN,NaN,NaN,
91.982,0.02063,0.00784,0.12824,0.68005,-0.23046,0.16307,-0.67663,NaN,NaN,NaN,NaN,NaN,NaN,NaN,NaN,NaN,NaN,NaN,NaN,NaN,NaN,NaN,NaN,NaN,NaN,NaN,NaN,NaN,
92.007,0.02076,0.00726,0.12807,0.67493,-0.22394,0.16811,-0.68269,NaN,NaN,NaN,NaN,NaN,NaN,NaN,NaN,NaN,NaN,NaN,NaN,NaN,NaN,NaN,NaN,NaN,NaN,NaN,NaN,NaN,
92.032,0.02076,0.00726,0.12807,0.67493,-0.22394,0.16811,-0.68269,NaN,NaN,NaN,NaN,NaN,NaN,NaN,NaN,NaN,NaN,NaN,NaN,NaN,NaN,NaN,NaN,NaN,NaN,NaN,NaN,NaN,
92.057,0.02063,0.00600,0.12811,0.66783,-0.21829,0.17667,-0.68931,NaN,NaN,NaN,NaN,NaN,NaN,NaN,NaN,NaN,NaN,NaN,NaN,NaN,NaN,NaN,NaN,NaN,NaN,NaN,NaN,NaN,
92.082,0.02080,0.00588,0.12793,0.66627,-0.21668,0.17832,-0.69090,NaN,NaN,NaN,NaN,NaN,NaN,NaN,NaN,NaN,NaN,NaN,NaN,NaN,NaN,NaN,NaN,NaN,NaN,NaN,NaN,NaN,
92.107,0.02065,0.00555,0.12783,0.66533,-0.21611,0.17952,-0.69167,NaN,NaN,NaN,NaN,NaN,NaN,NaN,NaN,NaN,NaN,NaN,NaN,NaN,NaN,NaN,NaN,NaN,NaN,NaN,NaN,NaN,
92.132,0.02066,0.00536,0.12788,0.66418,-0.21600,0.18131,-0.69234,NaN,NaN,NaN,NaN,NaN,NaN,NaN,NaN,NaN,NaN,NaN,NaN,NaN,NaN,NaN,NaN,NaN,NaN,NaN,NaN,NaN,
92.157,0.02079,0.00546,0.12772,0.66378,-0.21529,0.18156,-0.69288,NaN,NaN,NaN,NaN,NaN,NaN,NaN,NaN,NaN,NaN,NaN,NaN,NaN,NaN,NaN,NaN,NaN,NaN,NaN,NaN,NaN,
92.182,0.02083,0.00568,0.12748,0.66536,-0.21624,0.17954,-0.69159,NaN,NaN,NaN,NaN,NaN,NaN,NaN,NaN,NaN,NaN,NaN,NaN,NaN,NaN,NaN,NaN,NaN,NaN,NaN,NaN,NaN,
92.207,0.02087,0.00592,0.12751,0.66712,-0.22010,0.17878,-0.68888,NaN,NaN,NaN,NaN,NaN,NaN,NaN,NaN,NaN,NaN,NaN,NaN,NaN,NaN,NaN,NaN,NaN,NaN,NaN,NaN,NaN,
92.232,0.02084,0.00605,0.12753,0.66932,-0.22403,0.17729,-0.68585,NaN,NaN,NaN,NaN,NaN,NaN,NaN,NaN,NaN,NaN,NaN,NaN,NaN,NaN,NaN,NaN,NaN,NaN,NaN,NaN,NaN,
92.257,0.02094,0.00666,0.12712,0.67277,-0.22503,0.17222,-0.68344,NaN,NaN,NaN,NaN,NaN,NaN,NaN,NaN,NaN,NaN,NaN,NaN,NaN,NaN,NaN,NaN,NaN,NaN,NaN,NaN,NaN,
92.282,0.02065,0.00681,0.12740,0.67653,-0.23154,0.16944,-0.67822,NaN,NaN,NaN,NaN,NaN,NaN,NaN,NaN,NaN,NaN,NaN,NaN,NaN,NaN,NaN,NaN,NaN,NaN,NaN,NaN,NaN,
92.307,0.02081,0.00745,0.12724,0.68040,-0.23542,0.16505,-0.67409,NaN,NaN,NaN,NaN,NaN,NaN,NaN,NaN,NaN,NaN,NaN,NaN,NaN,NaN,NaN,NaN,NaN,NaN,NaN,NaN,NaN,
92.332,0.02076,0.00805,0.12723,0.68514,-0.24137,0.16016,-0.66833,NaN,NaN,NaN,NaN,NaN,NaN,NaN,NaN,NaN,NaN,NaN,NaN,NaN,NaN,NaN,NaN,NaN,NaN,NaN,NaN,NaN,
92.357,0.02075,0.00864,0.12721,0.68934,-0.24610,0.15544,-0.66339,NaN,NaN,NaN,NaN,NaN,NaN,NaN,NaN,NaN,NaN,NaN,NaN,NaN,NaN,NaN,NaN,NaN,NaN,NaN,NaN,NaN,
92.382,0.02065,0.00905,0.12744,0.69292,-0.25160,0.15206,-0.65836,NaN,NaN,NaN,NaN,NaN,NaN,NaN,NaN,NaN,NaN,NaN,NaN,NaN,NaN,NaN,NaN,NaN,NaN,NaN,NaN,NaN,
92.407,0.02063,0.00957,0.12737,0.69661,-0.25471,0.14724,-0.65436,NaN,NaN,NaN,NaN,NaN,NaN,NaN,NaN,NaN,NaN,NaN,NaN,NaN,NaN,NaN,NaN,NaN,NaN,NaN,NaN,NaN,
92.432,0.02051,0.00988,0.12749,0.69978,-0.25911,0.14385,-0.64998,NaN,NaN,NaN,NaN,NaN,NaN,NaN,NaN,NaN,NaN,NaN,NaN,NaN,NaN,NaN,NaN,NaN,NaN,NaN,NaN,NaN,
92.457,0.02053,0.01022,0.12755,0.70184,-0.26173,0.14151,-0.64722,NaN,NaN,NaN,NaN,NaN,NaN,NaN,NaN,NaN,NaN,NaN,NaN,NaN,NaN,NaN,NaN,NaN,NaN,NaN,NaN,NaN,
92.482,0.02035,0.01029,0.12772,0.70381,-0.26478,0.13949,-0.64427,NaN,NaN,NaN,NaN,NaN,NaN,NaN,NaN,NaN,NaN,NaN,NaN,NaN,NaN,NaN,NaN,NaN,NaN,NaN,NaN,NaN,
92.507,0.02026,0.01050,0.12782,0.70563,-0.26718,0.13740,-0.64174,NaN,NaN,NaN,NaN,NaN,NaN,NaN,NaN,NaN,NaN,NaN,NaN,NaN,NaN,NaN,NaN,NaN,NaN,NaN,NaN,NaN,
92.532,0.02041,0.01077,0.12783,0.70663,-0.26771,0.13587,-0.64074,NaN,NaN,NaN,NaN,NaN,NaN,NaN,NaN,NaN,NaN,NaN,NaN,NaN,NaN,NaN,NaN,NaN,NaN,NaN,NaN,NaN,
92.557,0.02030,0.01081,0.12784,0.70778,-0.26850,0.13420,-0.63949,NaN,NaN,NaN,NaN,NaN,NaN,NaN,NaN,NaN,NaN,NaN,NaN,NaN,NaN,NaN,NaN,NaN,NaN,NaN,NaN,NaN,
92.582,0.02015,0.01076,0.12806,0.70826,-0.27010,0.13408,-0.63830,NaN,NaN,NaN,NaN,NaN,NaN,NaN,NaN,NaN,NaN,NaN,NaN,NaN,NaN,NaN,NaN,NaN,NaN,NaN,NaN,NaN,
92.607,0.02006,0.01052,0.12804,0.70795,-0.26836,0.13382,-0.63943,NaN,NaN,NaN,NaN,NaN,NaN,NaN,NaN,NaN,NaN,NaN,NaN,NaN,NaN,NaN,NaN,NaN,NaN,NaN,NaN,NaN,
92.632,0.01997,0.01027,0.12792,0.70761,-0.26679,0.13369,-0.64050,NaN,NaN,NaN,NaN,NaN,NaN,NaN,NaN,NaN,NaN,NaN,NaN,NaN,NaN,NaN,NaN,NaN,NaN,NaN,NaN,NaN,
92.657,0.01993,0.01006,0.12798,0.70640,-0.26519,0.13510,-0.64220,NaN,NaN,NaN,NaN,NaN,NaN,NaN,NaN,NaN,NaN,NaN,NaN,NaN,NaN,NaN,NaN,NaN,NaN,NaN,NaN,NaN,
92.682,0.01974,0.00934,0.12816,0.70497,-0.26447,0.13728,-0.64360,NaN,NaN,NaN,NaN,NaN,NaN,NaN,NaN,NaN,NaN,NaN,NaN,NaN,NaN,NaN,NaN,NaN,NaN,NaN,NaN,NaN,
92.707,0.02012,0.00937,0.12813,0.70307,-0.26133,0.13915,-0.64656,NaN,NaN,NaN,NaN,NaN,NaN,NaN,NaN,NaN,NaN,NaN,NaN,NaN,NaN,NaN,NaN,NaN,NaN,NaN,NaN,NaN,
92.732,0.01993,0.00873,0.12834,0.70139,-0.26058,0.14175,-0.64812,NaN,NaN,NaN,NaN,NaN,NaN,NaN,NaN,NaN,NaN,NaN,NaN,NaN,NaN,NaN,NaN,NaN,NaN,NaN,NaN,NaN,
92.757,0.01992,0.00828,0.12814,0.69988,-0.25751,0.14291,-0.65072,NaN,NaN,NaN,NaN,NaN,NaN,NaN,NaN,NaN,NaN,NaN,NaN,NaN,NaN,NaN,NaN,NaN,NaN,NaN,NaN,NaN,
92.782,0.02004,0.00795,0.12831,0.69729,-0.25563,0.14650,-0.65343,NaN,NaN,NaN,NaN,NaN,NaN,NaN,NaN,NaN,NaN,NaN,NaN,NaN,NaN,NaN,NaN,NaN,NaN,NaN,NaN,NaN,
92.807,0.02031,0.00777,0.12824,0.69474,-0.25235,0.14930,-0.65678,NaN,NaN,NaN,NaN,NaN,NaN,NaN,NaN,NaN,NaN,NaN,NaN,NaN,NaN,NaN,NaN,NaN,NaN,NaN,NaN,NaN,
92.832,0.02030,0.00728,0.12831,0.69242,-0.24948,0.15187,-0.65974,NaN,NaN,NaN,NaN,NaN,NaN,NaN,NaN,NaN,NaN,NaN,NaN,NaN,NaN,NaN,NaN,NaN,NaN,NaN,NaN,NaN,
92.857,0.02030,0.00680,0.12850,0.68998,-0.24737,0.15499,-0.66236,NaN,NaN,NaN,NaN,NaN,NaN,NaN,NaN,NaN,NaN,NaN,NaN,NaN,NaN,NaN,NaN,NaN,NaN,NaN,NaN,NaN,
92.882,0.02022,0.00642,0.12857,0.68824,-0.24511,0.15681,-0.66457,NaN,NaN,NaN,NaN,NaN,NaN,NaN,NaN,NaN,NaN,NaN,NaN,NaN,NaN,NaN,NaN,NaN,NaN,NaN,NaN,NaN,
92.907,0.02031,0.00620,0.12880,0.68712,-0.24503,0.15866,-0.66532,NaN,NaN,NaN,NaN,NaN,NaN,NaN,NaN,NaN,NaN,NaN,NaN,NaN,NaN,NaN,NaN,NaN,NaN,NaN,NaN,NaN,
92.932,0.02022,0.00582,0.12873,0.68657,-0.24362,0.15889,-0.66635,NaN,NaN,NaN,NaN,NaN,NaN,NaN,NaN,NaN,NaN,NaN,NaN,NaN,NaN,NaN,NaN,NaN,NaN,NaN,NaN,NaN,
92.957,0.02011,0.00552,0.12884,0.68545,-0.24186,0.15989,-0.66790,NaN,NaN,NaN,NaN,NaN,NaN,NaN,NaN,NaN,NaN,NaN,NaN,NaN,NaN,NaN,NaN,NaN,NaN,NaN,NaN,NaN,
92.982,0.02020,0.00531,0.12915,0.68424,-0.24213,0.16205,-0.66852,NaN,NaN,NaN,NaN,NaN,NaN,NaN,NaN,NaN,NaN,NaN,NaN,NaN,NaN,NaN,NaN,NaN,NaN,NaN,NaN,NaN,
93.007,0.02026,0.00526,0.12924,0.68316,-0.24077,0.16318,-0.66985,NaN,NaN,NaN,NaN,NaN,NaN,NaN,NaN,NaN,NaN,NaN,NaN,NaN,NaN,NaN,NaN,NaN,NaN,NaN,NaN,NaN,
93.032,0.02033,0.00523,0.12921,0.68251,-0.23943,0.16358,-0.67089,NaN,NaN,NaN,NaN,NaN,NaN,NaN,NaN,NaN,NaN,NaN,NaN,NaN,NaN,NaN,NaN,NaN,NaN,NaN,NaN,NaN,
93.057,0.02023,0.00506,0.12933,0.68286,-0.24030,0.16344,-0.67026,NaN,NaN,NaN,NaN,NaN,NaN,NaN,NaN,NaN,NaN,NaN,NaN,NaN,NaN,NaN,NaN,NaN,NaN,NaN,NaN,NaN,
93.082,0.02018,0.00499,0.12939,0.68309,-0.24056,0.16318,-0.66999,NaN,NaN,NaN,NaN,NaN,NaN,NaN,NaN,NaN,NaN,NaN,NaN,NaN,NaN,NaN,NaN,NaN,NaN,NaN,NaN,NaN,
93.107,0.02008,0.00498,0.12949,0.68334,-0.24101,0.16300,-0.66962,NaN,NaN,NaN,NaN,NaN,NaN,NaN,NaN,NaN,NaN,NaN,NaN,NaN,NaN,NaN,NaN,NaN,NaN,NaN,NaN,NaN,
93.132,0.01988,0.00491,0.12964,0.68457,-0.24263,0.16175,-0.66808,NaN,NaN,NaN,NaN,NaN,NaN,NaN,NaN,NaN,NaN,NaN,NaN,NaN,NaN,NaN,NaN,NaN,NaN,NaN,NaN,NaN,
93.157,0.02016,0.00520,0.12965,0.68577,-0.24340,0.16013,-0.66696,NaN,NaN,NaN,NaN,NaN,NaN,NaN,NaN,NaN,NaN,NaN,NaN,NaN,NaN,NaN,NaN,NaN,NaN,NaN,NaN,NaN,
93.182,0.02028,0.00540,0.12972,0.68682,-0.24526,0.15929,-0.66540,NaN,NaN,NaN,NaN,NaN,NaN,NaN,NaN,NaN,NaN,NaN,NaN,NaN,NaN,NaN,NaN,NaN,NaN,NaN,NaN,NaN,
93.207,0.02009,0.00539,0.12966,0.68790,-0.24607,0.15786,-0.66432,NaN,NaN,NaN,NaN,NaN,NaN,NaN,NaN,NaN,NaN,NaN,NaN,NaN,NaN,NaN,NaN,NaN,NaN,NaN,NaN,NaN,
93.232,0.02027,0.00565,0.12962,0.68847,-0.24638,0.15706,-0.66381,NaN,NaN,NaN,NaN,NaN,NaN,NaN,NaN,NaN,NaN,NaN,NaN,NaN,NaN,NaN,NaN,NaN,NaN,NaN,NaN,NaN,
93.257,0.02013,0.00561,0.12964,0.68926,-0.24732,0.15619,-0.66284,NaN,NaN,NaN,NaN,NaN,NaN,NaN,NaN,NaN,NaN,NaN,NaN,NaN,NaN,NaN,NaN,NaN,NaN,NaN,NaN,NaN,
93.282,0.02016,0.00580,0.12948,0.68996,-0.24683,0.15475,-0.66263,NaN,NaN,NaN,NaN,NaN,NaN,NaN,NaN,NaN,NaN,NaN,NaN,NaN,NaN,NaN,NaN,NaN,NaN,NaN,NaN,NaN,
93.307,0.01996,0.00577,0.12968,0.69074,-0.24912,0.15456,-0.66100,NaN,NaN,NaN,NaN,NaN,NaN,NaN,NaN,NaN,NaN,NaN,NaN,NaN,NaN,NaN,NaN,NaN,NaN,NaN,NaN,NaN,
93.332,0.02000,0.00589,0.12963,0.69138,-0.24919,0.15351,-0.66055,NaN,NaN,NaN,NaN,NaN,NaN,NaN,NaN,NaN,NaN,NaN,NaN,NaN,NaN,NaN,NaN,NaN,NaN,NaN,NaN,NaN,
93.357,0.01994,0.00584,0.12968,0.69162,-0.24956,0.15328,-0.66022,NaN,NaN,NaN,NaN,NaN,NaN,NaN,NaN,NaN,NaN,NaN,NaN,NaN,NaN,NaN,NaN,NaN,NaN,NaN,NaN,NaN,
93.382,0.01986,0.00580,0.12967,0.69207,-0.24971,0.15258,-0.65985,NaN,NaN,NaN,NaN,NaN,NaN,NaN,NaN,NaN,NaN,NaN,NaN,NaN,NaN,NaN,NaN,NaN,NaN,NaN,NaN,NaN,
93.407,0.01988,0.00587,0.12959,0.69303,-0.25037,0.15126,-0.65889,NaN,NaN,NaN,NaN,NaN,NaN,NaN,NaN,NaN,NaN,NaN,NaN,NaN,NaN,NaN,NaN,NaN,NaN,NaN,NaN,NaN,
93.432,0.01986,0.00601,0.12948,0.69390,-0.25071,0.14995,-0.65815,NaN,NaN,NaN,NaN,NaN,NaN,NaN,NaN,NaN,NaN,NaN,NaN,NaN,NaN,NaN,NaN,NaN,NaN,NaN,NaN,NaN,
93.457,0.01979,0.00605,0.12948,0.69451,-0.25147,0.14927,-0.65737,NaN,NaN,NaN,NaN,NaN,NaN,NaN,NaN,NaN,NaN,NaN,NaN,NaN,NaN,NaN,NaN,NaN,NaN,NaN,NaN,NaN,
93.482,0.01979,0.00608,0.12939,0.69516,-0.25145,0.14814,-0.65695,NaN,NaN,NaN,NaN,NaN,NaN,NaN,NaN,NaN,NaN,NaN,NaN,NaN,NaN,NaN,NaN,NaN,NaN,NaN,NaN,NaN,
93.507,0.01981,0.00619,0.12930,0.69579,-0.25132,0.14699,-0.65659,NaN,NaN,NaN,NaN,NaN,NaN,NaN,NaN,NaN,NaN,NaN,NaN,NaN,NaN,NaN,NaN,NaN,NaN,NaN,NaN,NaN,
93.532,0.01977,0.00625,0.12932,0.69618,-0.25194,0.14661,-0.65602,NaN,NaN,NaN,NaN,NaN,NaN,NaN,NaN,NaN,NaN,NaN,NaN,NaN,NaN,NaN,NaN,NaN,NaN,NaN,NaN,NaN,
93.557,0.01969,0.00618,0.12930,0.69668,-0.25229,0.14593,-0.65551,NaN,NaN,NaN,NaN,NaN,NaN,NaN,NaN,NaN,NaN,NaN,NaN,NaN,NaN,NaN,NaN,NaN,NaN,NaN,NaN,NaN,
93.582,0.01966,0.00616,0.12929,0.69694,-0.25210,0.14539,-0.65543,NaN,NaN,NaN,NaN,NaN,NaN,NaN,NaN,NaN,NaN,NaN,NaN,NaN,NaN,NaN,NaN,NaN,NaN,NaN,NaN,NaN,
93.607,0.01961,0.00609,0.12928,0.69679,-0.25169,0.14544,-0.65573,NaN,NaN,NaN,NaN,NaN,NaN,NaN,NaN,NaN,NaN,NaN,NaN,NaN,NaN,NaN,NaN,NaN,NaN,NaN,NaN,NaN,
93.632,0.01963,0.00600,0.12931,0.69579,-0.25080,0.14673,-0.65685,NaN,NaN,NaN,NaN,NaN,NaN,NaN,NaN,NaN,NaN,NaN,NaN,NaN,NaN,NaN,NaN,NaN,NaN,NaN,NaN,NaN,
93.657,0.01958,0.00569,0.12932,0.69419,-0.24903,0.14862,-0.65879,NaN,NaN,NaN,NaN,NaN,NaN,NaN,NaN,NaN,NaN,NaN,NaN,NaN,NaN,NaN,NaN,NaN,NaN,NaN,NaN,NaN,
93.682,0.01961,0.00537,0.12930,0.69194,-0.24642,0.15116,-0.66155,NaN,NaN,NaN,NaN,NaN,NaN,NaN,NaN,NaN,NaN,NaN,NaN,NaN,NaN,NaN,NaN,NaN,NaN,NaN,NaN,NaN,
93.707,0.01957,0.00488,0.12936,0.68897,-0.24382,0.15492,-0.66473,NaN,NaN,NaN,NaN,NaN,NaN,NaN,NaN,NaN,NaN,NaN,NaN,NaN,NaN,NaN,NaN,NaN,NaN,NaN,NaN,NaN,
93.732,0.01954,0.00439,0.12942,0.68609,-0.24139,0.15857,-0.66773,NaN,NaN,NaN,NaN,NaN,NaN,NaN,NaN,NaN,NaN,NaN,NaN,NaN,NaN,NaN,NaN,NaN,NaN,NaN,NaN,NaN,
93.757,0.01976,0.00415,0.12938,0.68308,-0.23791,0.16186,-0.67127,NaN,NaN,NaN,NaN,NaN,NaN,NaN,NaN,NaN,NaN,NaN,NaN,NaN,NaN,NaN,NaN,NaN,NaN,NaN,NaN,NaN,
93.782,0.01962,0.00366,0.12942,0.68071,-0.23575,0.16470,-0.67374,NaN,NaN,NaN,NaN,NaN,NaN,NaN,NaN,NaN,NaN,NaN,NaN,NaN,NaN,NaN,NaN,NaN,NaN,NaN,NaN,NaN,
93.807,0.01964,0.00343,0.12938,0.68126,-0.23599,0.16392,-0.67330,NaN,NaN,NaN,NaN,NaN,NaN,NaN,NaN,NaN,NaN,NaN,NaN,NaN,NaN,NaN,NaN,NaN,NaN,NaN,NaN,NaN,
93.832,0.01984,0.00371,0.12944,0.68214,-0.23555,0.16222,-0.67297,NaN,NaN,NaN,NaN,NaN,NaN,NaN,NaN,NaN,NaN,NaN,NaN,NaN,NaN,NaN,NaN,NaN,NaN,NaN,NaN,NaN,
93.857,0.01968,0.00339,0.12957,0.68265,-0.23506,0.16112,-0.67288,NaN,NaN,NaN,NaN,NaN,NaN,NaN,NaN,NaN,NaN,NaN,NaN,NaN,NaN,NaN,NaN,NaN,NaN,NaN,NaN,NaN,
93.882,0.01939,0.00311,0.12977,0.68301,-0.23486,0.16041,-0.67276,NaN,NaN,NaN,NaN,NaN,NaN,NaN,NaN,NaN,NaN,NaN,NaN,NaN,NaN,NaN,NaN,NaN,NaN,NaN,NaN,NaN,
93.907,0.01940,0.00302,0.12988,0.68305,-0.23435,0.16009,-0.67298,NaN,NaN,NaN,NaN,NaN,NaN,NaN,NaN,NaN,NaN,NaN,NaN,NaN,NaN,NaN,NaN,NaN,NaN,NaN,NaN,NaN,
93.932,0.01947,0.00307,0.12995,0.68313,-0.23352,0.15953,-0.67332,NaN,NaN,NaN,NaN,NaN,NaN,NaN,NaN,NaN,NaN,NaN,NaN,NaN,NaN,NaN,NaN,NaN,NaN,NaN,NaN,NaN,
93.957,0.01940,0.00300,0.13014,0.68323,-0.23378,0.15948,-0.67313,NaN,NaN,NaN,NaN,NaN,NaN,NaN,NaN,NaN,NaN,NaN,NaN,NaN,NaN,NaN,NaN,NaN,NaN,NaN,NaN,NaN,
93.982,0.01937,0.00292,0.13026,0.68346,-0.23400,0.15922,-0.67289,NaN,NaN,NaN,NaN,NaN,NaN,NaN,NaN,NaN,NaN,NaN,NaN,NaN,NaN,NaN,NaN,NaN,NaN,NaN,NaN,NaN,
94.007,0.01934,0.00275,0.13030,0.68305,-0.23334,0.15957,-0.67345,NaN,NaN,NaN,NaN,NaN,NaN,NaN,NaN,NaN,NaN,NaN,NaN,NaN,NaN,NaN,NaN,NaN,NaN,NaN,NaN,NaN,
94.032,0.01940,0.00259,0.13041,0.68059,-0.23036,0.16212,-0.67634,NaN,NaN,NaN,NaN,NaN,NaN,NaN,NaN,NaN,NaN,NaN,NaN,NaN,NaN,NaN,NaN,NaN,NaN,NaN,NaN,NaN,
94.057,0.01905,0.00182,0.13087,0.68083,-0.23157,0.16235,-0.67564,NaN,NaN,NaN,NaN,NaN,NaN,NaN,NaN,NaN,NaN,NaN,NaN,NaN,NaN,NaN,NaN,NaN,NaN,NaN,NaN,NaN,
94.082,0.01923,0.00224,0.13059,0.68115,-0.22706,0.15946,-0.67753,NaN,NaN,NaN,NaN,NaN,NaN,NaN,NaN,NaN,NaN,NaN,NaN,NaN,NaN,NaN,NaN,NaN,NaN,NaN,NaN,NaN,
94.107,0.01900,0.00188,0.13085,0.68147,-0.22821,0.15954,-0.67681,NaN,NaN,NaN,NaN,NaN,NaN,NaN,NaN,NaN,NaN,NaN,NaN,NaN,NaN,NaN,NaN,NaN,NaN,NaN,NaN,NaN,
94.132,0.01912,0.00204,0.13085,0.68176,-0.22796,0.15892,-0.67674,NaN,NaN,NaN,NaN,NaN,NaN,NaN,NaN,NaN,NaN,NaN,NaN,NaN,NaN,NaN,NaN,NaN,NaN,NaN,NaN,NaN,
94.157,0.01905,0.00203,0.13083,0.68204,-0.22741,0.15816,-0.67682,NaN,NaN,NaN,NaN,NaN,NaN,NaN,NaN,NaN,NaN,NaN,NaN,NaN,NaN,NaN,NaN,NaN,NaN,NaN,NaN,NaN,
94.182,0.01901,0.00189,0.13085,0.68286,-0.22794,0.15706,-0.67607,NaN,NaN,NaN,NaN,NaN,NaN,NaN,NaN,NaN,NaN,NaN,NaN,NaN,NaN,NaN,NaN,NaN,NaN,NaN,NaN,NaN,
94.207,0.01899,0.00196,0.13093,0.68365,-0.22882,0.15621,-0.67518,NaN,NaN,NaN,NaN,NaN,NaN,NaN,NaN,NaN,NaN,NaN,NaN,NaN,NaN,NaN,NaN,NaN,NaN,NaN,NaN,NaN,
94.232,0.01898,0.00193,0.13089,0.68483,-0.22928,0.15446,-0.67423,NaN,NaN,NaN,NaN,NaN,NaN,NaN,NaN,NaN,NaN,NaN,NaN,NaN,NaN,NaN,NaN,NaN,NaN,NaN,NaN,NaN,
94.257,0.01904,0.00229,0.13087,0.68619,-0.22988,0.15247,-0.67309,NaN,NaN,NaN,NaN,NaN,NaN,NaN,NaN,NaN,NaN,NaN,NaN,NaN,NaN,NaN,NaN,NaN,NaN,NaN,NaN,NaN,
94.282,0.01910,0.00245,0.13094,0.68748,-0.23130,0.15103,-0.67161,NaN,NaN,NaN,NaN,NaN,NaN,NaN,NaN,NaN,NaN,NaN,NaN,NaN,NaN,NaN,NaN,NaN,NaN,NaN,NaN,NaN,
94.307,0.01905,0.00243,0.13082,0.68819,-0.23097,0.14965,-0.67131,NaN,NaN,NaN,NaN,NaN,NaN,NaN,NaN,NaN,NaN,NaN,NaN,NaN,NaN,NaN,NaN,NaN,NaN,NaN,NaN,NaN,
94.332,0.01882,0.00230,0.13082,0.68898,-0.23177,0.14872,-0.67042,NaN,NaN,NaN,NaN,NaN,NaN,NaN,NaN,NaN,NaN,NaN,NaN,NaN,NaN,NaN,NaN,NaN,NaN,NaN,NaN,NaN,
94.357,0.01900,0.00259,0.13064,0.68901,-0.23067,0.14810,-0.67092,NaN,NaN,NaN,NaN,NaN,NaN,NaN,NaN,NaN,NaN,NaN,NaN,NaN,NaN,NaN,NaN,NaN,NaN,NaN,NaN,NaN,
94.382,0.01889,0.00249,0.13069,0.68946,-0.23196,0.14802,-0.67003,NaN,NaN,NaN,NaN,NaN,NaN,NaN,NaN,NaN,NaN,NaN,NaN,NaN,NaN,NaN,NaN,NaN,NaN,NaN,NaN,NaN,
94.407,0.01890,0.00265,0.13059,0.68937,-0.23140,0.14786,-0.67034,NaN,NaN,NaN,NaN,NaN,NaN,NaN,NaN,NaN,NaN,NaN,NaN,NaN,NaN,NaN,NaN,NaN,NaN,NaN,NaN,NaN,
94.432,0.01878,0.00231,0.13064,0.68916,-0.23192,0.14850,-0.67024,NaN,NaN,NaN,NaN,NaN,NaN,NaN,NaN,NaN,NaN,NaN,NaN,NaN,NaN,NaN,NaN,NaN,NaN,NaN,NaN,NaN,
94.457,0.01895,0.00236,0.13064,0.68838,-0.23199,0.14986,-0.67071,NaN,NaN,NaN,NaN,NaN,NaN,NaN,NaN,NaN,NaN,NaN,NaN,NaN,NaN,NaN,NaN,NaN,NaN,NaN,NaN,NaN,
94.482,0.01910,0.00249,0.13034,0.68727,-0.22928,0.15033,-0.67268,NaN,NaN,NaN,NaN,NaN,NaN,NaN,NaN,NaN,NaN,NaN,NaN,NaN,NaN,NaN,NaN,NaN,NaN,NaN,NaN,NaN,
94.507,0.01895,0.00218,0.13032,0.68701,-0.22911,0.15068,-0.67292,NaN,NaN,NaN,NaN,NaN,NaN,NaN,NaN,NaN,NaN,NaN,NaN,NaN,NaN,NaN,NaN,NaN,NaN,NaN,NaN,NaN,
94.532,0.01886,0.00199,0.13038,0.68553,-0.22810,0.15265,-0.67432,NaN,NaN,NaN,NaN,NaN,NaN,NaN,NaN,NaN,NaN,NaN,NaN,NaN,NaN,NaN,NaN,NaN,NaN,NaN,NaN,NaN,
94.557,0.01892,0.00180,0.13027,0.68337,-0.22581,0.15508,-0.67673,NaN,NaN,NaN,NaN,NaN,NaN,NaN,NaN,NaN,NaN,NaN,NaN,NaN,NaN,NaN,NaN,NaN,NaN,NaN,NaN,NaN,
94.582,0.01906,0.00169,0.13029,0.68174,-0.22508,0.15742,-0.67808,NaN,NaN,NaN,NaN,NaN,NaN,NaN,NaN,NaN,NaN,NaN,NaN,NaN,NaN,NaN,NaN,NaN,NaN,NaN,NaN,NaN,
94.607,0.01903,0.00145,0.13023,0.68089,-0.22363,0.15807,-0.67926,NaN,NaN,NaN,NaN,NaN,NaN,NaN,NaN,NaN,NaN,NaN,NaN,NaN,NaN,NaN,NaN,NaN,NaN,NaN,NaN,NaN,
94.632,0.01904,0.00126,0.13035,0.67994,-0.22355,0.15962,-0.67988,NaN,NaN,NaN,NaN,NaN,NaN,NaN,NaN,NaN,NaN,NaN,NaN,NaN,NaN,NaN,NaN,NaN,NaN,NaN,NaN,NaN,
94.657,0.01913,0.00121,0.13026,0.67893,-0.22198,0.16047,-0.68120,NaN,NaN,NaN,NaN,NaN,NaN,NaN,NaN,NaN,NaN,NaN,NaN,NaN,NaN,NaN,NaN,NaN,NaN,NaN,NaN,NaN,
94.682,0.01912,0.00119,0.13035,0.67777,-0.22116,0.16195,-0.68227,NaN,NaN,NaN,NaN,NaN,NaN,NaN,NaN,NaN,NaN,NaN,NaN,NaN,NaN,NaN,NaN,NaN,NaN,NaN,NaN,NaN,
94.707,0.01917,0.00100,0.13037,0.67646,-0.21987,0.16342,-0.68363,NaN,NaN,NaN,NaN,NaN,NaN,NaN,NaN,NaN,NaN,NaN,NaN,NaN,NaN,NaN,NaN,NaN,NaN,NaN,NaN,NaN,
94.732,0.01914,0.00079,0.13033,0.67517,-0.21746,0.16425,-0.68547,NaN,NaN,NaN,NaN,NaN,NaN,NaN,NaN,NaN,NaN,NaN,NaN,NaN,NaN,NaN,NaN,NaN,NaN,NaN,NaN,NaN,
94.757,0.01907,0.00065,0.13038,0.67473,-0.21637,0.16439,-0.68622,NaN,NaN,NaN,NaN,NaN,NaN,NaN,NaN,NaN,NaN,NaN,NaN,NaN,NaN,NaN,NaN,NaN,NaN,NaN,NaN,NaN,
94.782,0.01904,0.00053,0.13055,0.67455,-0.21657,0.16480,-0.68624,NaN,NaN,NaN,NaN,NaN,NaN,NaN,NaN,NaN,NaN,NaN,NaN,NaN,NaN,NaN,NaN,NaN,NaN,NaN,NaN,NaN,
94.807,0.01911,0.00058,0.13059,0.67429,-0.21587,0.16484,-0.68670,NaN,NaN,NaN,NaN,NaN,NaN,NaN,NaN,NaN,NaN,NaN,NaN,NaN,NaN,NaN,NaN,NaN,NaN,NaN,NaN,NaN,
94.832,0.01902,0.00032,0.13069,0.67425,-0.21578,0.16487,-0.68677,NaN,NaN,NaN,NaN,NaN,NaN,NaN,NaN,NaN,NaN,NaN,NaN,NaN,NaN,NaN,NaN,NaN,NaN,NaN,NaN,NaN,
94.857,0.01898,0.00020,0.13076,0.67346,-0.21479,0.16563,-0.68767,NaN,NaN,NaN,NaN,NaN,NaN,NaN,NaN,NaN,NaN,NaN,NaN,NaN,NaN,NaN,NaN,NaN,NaN,NaN,NaN,NaN,
94.882,0.01890,-0.00009,0.13086,0.67342,-0.21514,0.16588,-0.68754,NaN,NaN,NaN,NaN,NaN,NaN,NaN,NaN,NaN,NaN,NaN,NaN,NaN,NaN,NaN,NaN,NaN,NaN,NaN,NaN,NaN,
94.907,0.01909,-0.00001,0.13090,0.67261,-0.21411,0.16665,-0.68846,NaN,NaN,NaN,NaN,NaN,NaN,NaN,NaN,NaN,NaN,NaN,NaN,NaN,NaN,NaN,NaN,NaN,NaN,NaN,NaN,NaN,
94.932,0.01909,-0.00013,0.13087,0.67179,-0.21249,0.16710,-0.68965,NaN,NaN,NaN,NaN,NaN,NaN,NaN,NaN,NaN,NaN,NaN,NaN,NaN,NaN,NaN,NaN,NaN,NaN,NaN,NaN,NaN,
94.957,0.01900,-0.00033,0.13090,0.67211,-0.21238,0.16652,-0.68952,NaN,NaN,NaN,NaN,NaN,NaN,NaN,NaN,NaN,NaN,NaN,NaN,NaN,NaN,NaN,NaN,NaN,NaN,NaN,NaN,NaN,
94.982,0.01897,-0.00028,0.13098,0.67214,-0.21234,0.16645,-0.68951,NaN,NaN,NaN,NaN,NaN,NaN,NaN,NaN,NaN,NaN,NaN,NaN,NaN,NaN,NaN,NaN,NaN,NaN,NaN,NaN,NaN,
95.007,0.01900,-0.00027,0.13104,0.67148,-0.21183,0.16725,-0.69012,NaN,NaN,NaN,NaN,NaN,NaN,NaN,NaN,NaN,NaN,NaN,NaN,NaN,NaN,NaN,NaN,NaN,NaN,NaN,NaN,NaN,
95.032,0.01957,0.00001,0.13080,0.66982,-0.20918,0.16852,-0.69224,NaN,NaN,NaN,NaN,NaN,NaN,NaN,NaN,NaN,NaN,NaN,NaN,NaN,NaN,NaN,NaN,NaN,NaN,NaN,NaN,NaN,
95.057,0.01914,-0.00072,0.13094,0.66956,-0.20992,0.16934,-0.69206,NaN,NaN,NaN,NaN,NaN,NaN,NaN,NaN,NaN,NaN,NaN,NaN,NaN,NaN,NaN,NaN,NaN,NaN,NaN,NaN,NaN,
95.082,0.01903,-0.00071,0.13095,0.66962,-0.20941,0.16897,-0.69225,NaN,NaN,NaN,NaN,NaN,NaN,NaN,NaN,NaN,NaN,NaN,NaN,NaN,NaN,NaN,NaN,NaN,NaN,NaN,NaN,NaN,
95.107,0.01920,-0.00058,0.13099,0.66991,-0.21002,0.16882,-0.69182,NaN,NaN,NaN,NaN,NaN,NaN,NaN,NaN,NaN,NaN,NaN,NaN,NaN,NaN,NaN,NaN,NaN,NaN,NaN,NaN,NaN,
95.132,0.01916,-0.00043,0.13095,0.67034,-0.20952,0.16786,-0.69179,NaN,NaN,NaN,NaN,NaN,NaN,NaN,NaN,NaN,NaN,NaN,NaN,NaN,NaN,NaN,NaN,NaN,NaN,NaN,NaN,NaN,
95.157,0.01911,-0.00039,0.13093,0.67123,-0.21029,0.16683,-0.69094,NaN,NaN,NaN,NaN,NaN,NaN,NaN,NaN,NaN,NaN,NaN,NaN,NaN,NaN,NaN,NaN,NaN,NaN,NaN,NaN,NaN,
95.182,0.01893,-0.00066,0.13095,0.67189,-0.21117,0.16622,-0.69017,NaN,NaN,NaN,NaN,NaN,NaN,NaN,NaN,NaN,NaN,NaN,NaN,NaN,NaN,NaN,NaN,NaN,NaN,NaN,NaN,NaN,
95.207,0.01914,-0.00037,0.13074,0.67157,-0.20951,0.16584,-0.69109,NaN,NaN,NaN,NaN,NaN,NaN,NaN,NaN,NaN,NaN,NaN,NaN,NaN,NaN,NaN,NaN,NaN,NaN,NaN,NaN,NaN,
95.232,0.01913,-0.00055,0.13090,0.67060,-0.21009,0.16774,-0.69139,NaN,NaN,NaN,NaN,NaN,NaN,NaN,NaN,NaN,NaN,NaN,NaN,NaN,NaN,NaN,NaN,NaN,NaN,NaN,NaN,NaN,
95.257,0.01913,-0.00072,0.13066,0.66973,-0.20861,0.16835,-0.69254,NaN,NaN,NaN,NaN,NaN,NaN,NaN,NaN,NaN,NaN,NaN,NaN,NaN,NaN,NaN,NaN,NaN,NaN,NaN,NaN,NaN,
95.282,0.01912,-0.00090,0.13063,0.66959,-0.20915,0.16887,-0.69238,NaN,NaN,NaN,NaN,NaN,NaN,NaN,NaN,NaN,NaN,NaN,NaN,NaN,NaN,NaN,NaN,NaN,NaN,NaN,NaN,NaN,
95.307,0.01924,-0.00069,0.13039,0.66854,-0.20648,0.16911,-0.69414,NaN,NaN,NaN,NaN,NaN,NaN,NaN,NaN,NaN,NaN,NaN,NaN,NaN,NaN,NaN,NaN,NaN,NaN,NaN,NaN,NaN,
95.332,0.01911,-0.00092,0.13059,0.66829,-0.20831,0.17052,-0.69348,NaN,NaN,NaN,NaN,NaN,NaN,NaN,NaN,NaN,NaN,NaN,NaN,NaN,NaN,NaN,NaN,NaN,NaN,NaN,NaN,NaN,
95.357,0.01917,-0.00090,0.13050,0.66809,-0.20808,0.17071,-0.69370,NaN,NaN,NaN,NaN,NaN,NaN,NaN,NaN,NaN,NaN,NaN,NaN,NaN,NaN,NaN,NaN,NaN,NaN,NaN,NaN,NaN,
95.382,0.01930,-0.00068,0.13033,0.66764,-0.20664,0.17065,-0.69457,NaN,NaN,NaN,NaN,NaN,NaN,NaN,NaN,NaN,NaN,NaN,NaN,NaN,NaN,NaN,NaN,NaN,NaN,NaN,NaN,NaN,
95.407,0.01933,-0.00068,0.13028,0.66685,-0.20595,0.17156,-0.69532,NaN,NaN,NaN,NaN,NaN,NaN,NaN,NaN,NaN,NaN,NaN,NaN,NaN,NaN,NaN,NaN,NaN,NaN,NaN,NaN,NaN,
95.432,0.01917,-0.00099,0.13022,0.66584,-0.20518,0.17276,-0.69621,NaN,NaN,NaN,NaN,NaN,NaN,NaN,NaN,NaN,NaN,NaN,NaN,NaN,NaN,NaN,NaN,NaN,NaN,NaN,NaN,NaN,
95.457,0.01916,-0.00102,0.13025,0.66583,-0.20562,0.17301,-0.69603,NaN,NaN,NaN,NaN,NaN,NaN,NaN,NaN,NaN,NaN,NaN,NaN,NaN,NaN,NaN,NaN,NaN,NaN,NaN,NaN,NaN,
95.482,0.01913,-0.00107,0.13034,0.66589,-0.20618,0.17323,-0.69575,NaN,NaN,NaN,NaN,NaN,NaN,NaN,NaN,NaN,NaN,NaN,NaN,NaN,NaN,NaN,NaN,NaN,NaN,NaN,NaN,NaN,
95.507,0.01915,-0.00104,0.13027,0.66589,-0.20572,0.17297,-0.69595,NaN,NaN,NaN,NaN,NaN,NaN,NaN,NaN,NaN,NaN,NaN,NaN,NaN,NaN,NaN,NaN,NaN,NaN,NaN,NaN,NaN,
95.532,0.01920,-0.00091,0.13025,0.66558,-0.20517,0.17316,-0.69636,NaN,NaN,NaN,NaN,NaN,NaN,NaN,NaN,NaN,NaN,NaN,NaN,NaN,NaN,NaN,NaN,NaN,NaN,NaN,NaN,NaN,
95.557,0.01917,-0.00098,0.13034,0.66649,-0.20640,0.17239,-0.69532,NaN,NaN,NaN,NaN,NaN,NaN,NaN,NaN,NaN,NaN,NaN,NaN,NaN,NaN,NaN,NaN,NaN,NaN,NaN,NaN,NaN,
95.582,0.01918,-0.00098,0.13029,0.66620,-0.20595,0.17260,-0.69568,NaN,NaN,NaN,NaN,NaN,NaN,NaN,NaN,NaN,NaN,NaN,NaN,NaN,NaN,NaN,NaN,NaN,NaN,NaN,NaN,NaN,
95.607,0.01919,-0.00098,0.13027,0.66596,-0.20563,0.17282,-0.69595,NaN,NaN,NaN,NaN,NaN,NaN,NaN,NaN,NaN,NaN,NaN,NaN,NaN,NaN,NaN,NaN,NaN,NaN,NaN,NaN,NaN,
95.632,0.01917,-0.00101,0.13026,0.66573,-0.20540,0.17305,-0.69618,NaN,NaN,NaN,NaN,NaN,NaN,NaN,NaN,NaN,NaN,NaN,NaN,NaN,NaN,NaN,NaN,NaN,NaN,NaN,NaN,NaN,
95.657,0.01918,-0.00099,0.13025,0.66565,-0.20525,0.17311,-0.69629,NaN,NaN,NaN,NaN,NaN,NaN,NaN,NaN,NaN,NaN,NaN,NaN,NaN,NaN,NaN,NaN,NaN,NaN,NaN,NaN,NaN,
95.682,0.01918,-0.00100,0.13025,0.66562,-0.20512,0.17308,-0.69636,NaN,NaN,NaN,NaN,NaN,NaN,NaN,NaN,NaN,NaN,NaN,NaN,NaN,NaN,NaN,NaN,NaN,NaN,NaN,NaN,NaN,
95.707,0.01919,-0.00099,0.13026,0.66556,-0.20507,0.17315,-0.69641,NaN,NaN,NaN,NaN,NaN,NaN,NaN,NaN,NaN,NaN,NaN,NaN,NaN,NaN,NaN,NaN,NaN,NaN,NaN,NaN,NaN,
95.732,0.01923,-0.00118,0.13018,0.66378,-0.20293,0.17483,-0.69832,NaN,NaN,NaN,NaN,NaN,NaN,NaN,NaN,NaN,NaN,NaN,NaN,NaN,NaN,NaN,NaN,NaN,NaN,NaN,NaN,NaN,
95.757,0.01914,-0.00189,0.13032,0.65684,-0.19744,0.18282,-0.70438,NaN,NaN,NaN,NaN,NaN,NaN,NaN,NaN,NaN,NaN,NaN,NaN,NaN,NaN,NaN,NaN,NaN,NaN,NaN,NaN,NaN,
95.782,0.01906,-0.00286,0.13040,0.64956,-0.19179,0.19105,-0.71048,NaN,NaN,NaN,NaN,NaN,NaN,NaN,NaN,NaN,NaN,NaN,NaN,NaN,NaN,NaN,NaN,NaN,NaN,NaN,NaN,NaN,
95.807,0.01925,-0.00311,0.13036,0.64465,-0.18708,0.19598,-0.71485,NaN,NaN,NaN,NaN,NaN,NaN,NaN,NaN,NaN,NaN,NaN,NaN,NaN,NaN,NaN,NaN,NaN,NaN,NaN,NaN,NaN,
95.832,0.01935,-0.00350,0.13032,0.63890,-0.18190,0.20182,-0.71971,NaN,NaN,NaN,NaN,NaN,NaN,NaN,NaN,NaN,NaN,NaN,NaN,NaN,NaN,NaN,NaN,NaN,NaN,NaN,NaN,NaN,
95.857,0.01918,-0.00413,0.13042,0.63475,-0.17870,0.20629,-0.72292,NaN,NaN,NaN,NaN,NaN,NaN,NaN,NaN,NaN,NaN,NaN,NaN,NaN,NaN,NaN,NaN,NaN,NaN,NaN,NaN,NaN,
95.882,0.01921,-0.00418,0.13043,0.63336,-0.17723,0.20752,-0.72414,NaN,NaN,NaN,NaN,NaN,NaN,NaN,NaN,NaN,NaN,NaN,NaN,NaN,NaN,NaN,NaN,NaN,NaN,NaN,NaN,NaN,
95.907,0.01927,-0.00431,0.13045,0.63163,-0.17552,0.20913,-0.72560,NaN,NaN,NaN,NaN,NaN,NaN,NaN,NaN,NaN,NaN,NaN,NaN,NaN,NaN,NaN,NaN,NaN,NaN,NaN,NaN,NaN,
95.932,0.01916,-0.00471,0.13058,0.62947,-0.17423,0.21162,-0.72707,NaN,NaN,NaN,NaN,NaN,NaN,NaN,NaN,NaN,NaN,NaN,NaN,NaN,NaN,NaN,NaN,NaN,NaN,NaN,NaN,NaN,
95.957,0.01921,-0.00470,0.13054,0.62880,-0.17333,0.21211,-0.72772,NaN,NaN,NaN,NaN,NaN,NaN,NaN,NaN,NaN,NaN,NaN,NaN,NaN,NaN,NaN,NaN,NaN,NaN,NaN,NaN,NaN,
95.982,0.01923,-0.00459,0.13052,0.62873,-0.17306,0.21205,-0.72786,NaN,NaN,NaN,NaN,NaN,NaN,NaN,NaN,NaN,NaN,NaN,NaN,NaN,NaN,NaN,NaN,NaN,NaN,NaN,NaN,NaN,
96.007,0.01924,-0.00459,0.13053,0.62895,-0.17347,0.21196,-0.72760,NaN,NaN,NaN,NaN,NaN,NaN,NaN,NaN,NaN,NaN,NaN,NaN,NaN,NaN,NaN,NaN,NaN,NaN,NaN,NaN,NaN,
96.032,0.01927,-0.00455,0.13049,0.62914,-0.17333,0.21159,-0.72758,NaN,NaN,NaN,NaN,NaN,NaN,NaN,NaN,NaN,NaN,NaN,NaN,NaN,NaN,NaN,NaN,NaN,NaN,NaN,NaN,NaN,
96.057,0.01926,-0.00449,0.13053,0.62959,-0.17403,0.21133,-0.72710,NaN,NaN,NaN,NaN,NaN,NaN,NaN,NaN,NaN,NaN,NaN,NaN,NaN,NaN,NaN,NaN,NaN,NaN,NaN,NaN,NaN,
96.082,0.01923,-0.00440,0.13052,0.63036,-0.17453,0.21047,-0.72656,NaN,NaN,NaN,NaN,NaN,NaN,NaN,NaN,NaN,NaN,NaN,NaN,NaN,NaN,NaN,NaN,NaN,NaN,NaN,NaN,NaN,
96.107,0.01909,-0.00440,0.13059,0.63238,-0.17646,0.20856,-0.72489,NaN,NaN,NaN,NaN,NaN,NaN,NaN,NaN,NaN,NaN,NaN,NaN,NaN,NaN,NaN,NaN,NaN,NaN,NaN,NaN,NaN,
96.132,0.01923,-0.00390,0.13059,0.63423,-0.17750,0.20637,-0.72364,NaN,NaN,NaN,NaN,NaN,NaN,NaN,NaN,NaN,NaN,NaN,NaN,NaN,NaN,NaN,NaN,NaN,NaN,NaN,NaN,NaN,
96.157,0.01923,-0.00362,0.13064,0.63704,-0.18000,0.20357,-0.72135,NaN,NaN,NaN,NaN,NaN,NaN,NaN,NaN,NaN,NaN,NaN,NaN,NaN,NaN,NaN,NaN,NaN,NaN,NaN,NaN,NaN,
96.182,0.01920,-0.00316,0.13058,0.64193,-0.18362,0.19819,-0.71759,NaN,NaN,NaN,NaN,NaN,NaN,NaN,NaN,NaN,NaN,NaN,NaN,NaN,NaN,NaN,NaN,NaN,NaN,NaN,NaN,NaN,
96.207,0.01941,-0.00233,0.13041,0.64530,-0.18604,0.19439,-0.71497,NaN,NaN,NaN,NaN,NaN,NaN,NaN,NaN,NaN,NaN,NaN,NaN,NaN,NaN,NaN,NaN,NaN,NaN,NaN,NaN,NaN,
96.232,0.01952,-0.00215,0.13049,0.64749,-0.19066,0.19363,-0.71198,NaN,NaN,NaN,NaN,NaN,NaN,NaN,NaN,NaN,NaN,NaN,NaN,NaN,NaN,NaN,NaN,NaN,NaN,NaN,NaN,NaN,
96.257,0.01959,-0.00174,0.13031,0.64903,-0.19094,0.19140,-0.71110,NaN,NaN,NaN,NaN,NaN,NaN,NaN,NaN,NaN,NaN,NaN,NaN,NaN,NaN,NaN,NaN,NaN,NaN,NaN,NaN,NaN,
96.282,0.01953,-0.00159,0.13026,0.65052,-0.19216,0.18977,-0.70985,NaN,NaN,NaN,NaN,NaN,NaN,NaN,NaN,NaN,NaN,NaN,NaN,NaN,NaN,NaN,NaN,NaN,NaN,NaN,NaN,NaN,
96.307,0.01948,-0.00150,0.13018,0.65177,-0.19335,0.18850,-0.70872,NaN,NaN,NaN,NaN,NaN,NaN,NaN,NaN,NaN,NaN,NaN,NaN,NaN,NaN,NaN,NaN,NaN,NaN,NaN,NaN,NaN,
96.332,0.01947,-0.00144,0.13019,0.65250,-0.19453,0.18801,-0.70785,NaN,NaN,NaN,NaN,NaN,NaN,NaN,NaN,NaN,NaN,NaN,NaN,NaN,NaN,NaN,NaN,NaN,NaN,NaN,NaN,NaN,
96.357,0.01956,-0.00135,0.13004,0.65236,-0.19367,0.18774,-0.70828,NaN,NaN,NaN,NaN,NaN,NaN,NaN,NaN,NaN,NaN,NaN,NaN,NaN,NaN,NaN,NaN,NaN,NaN,NaN,NaN,NaN,
96.382,0.01934,-0.00204,0.12995,0.64943,-0.19085,0.19072,-0.71094,NaN,NaN,NaN,NaN,NaN,NaN,NaN,NaN,NaN,NaN,NaN,NaN,NaN,NaN,NaN,NaN,NaN,NaN,NaN,NaN,NaN,
96.407,0.01927,-0.00314,0.12988,0.63988,-0.18282,0.20086,-0.71888,NaN,NaN,NaN,NaN,NaN,NaN,NaN,NaN,NaN,NaN,NaN,NaN,NaN,NaN,NaN,NaN,NaN,NaN,NaN,NaN,NaN,
96.432,0.01944,-0.00394,0.12990,0.62778,-0.17428,0.21416,-0.72777,NaN,NaN,NaN,NaN,NaN,NaN,NaN,NaN,NaN,NaN,NaN,NaN,NaN,NaN,NaN,NaN,NaN,NaN,NaN,NaN,NaN,
96.457,0.01977,-0.00468,0.12956,0.61677,-0.16467,0.22477,-0.73617,NaN,NaN,NaN,NaN,NaN,NaN,NaN,NaN,NaN,NaN,NaN,NaN,NaN,NaN,NaN,NaN,NaN,NaN,NaN,NaN,NaN,
96.482,0.01981,-0.00532,0.12947,0.61035,-0.16044,0.23158,-0.74034,NaN,NaN,NaN,NaN,NaN,NaN,NaN,NaN,NaN,NaN,NaN,NaN,NaN,NaN,NaN,NaN,NaN,NaN,NaN,NaN,NaN,
96.507,0.01978,-0.00548,0.12951,0.60834,-0.15951,0.23393,-0.74146,NaN,NaN,NaN,NaN,NaN,NaN,NaN,NaN,NaN,NaN,NaN,NaN,NaN,NaN,NaN,NaN,NaN,NaN,NaN,NaN,NaN,
96.532,0.01986,-0.00547,0.12946,0.60741,-0.15832,0.23455,-0.74228,NaN,NaN,NaN,NaN,NaN,NaN,NaN,NaN,NaN,NaN,NaN,NaN,NaN,NaN,NaN,NaN,NaN,NaN,NaN,NaN,NaN,
96.557,0.01984,-0.00562,0.12944,0.60630,-0.15736,0.23557,-0.74306,NaN,NaN,NaN,NaN,NaN,NaN,NaN,NaN,NaN,NaN,NaN,NaN,NaN,NaN,NaN,NaN,NaN,NaN,NaN,NaN,NaN,
96.582,0.01985,-0.00577,0.12946,0.60493,-0.15655,0.23704,-0.74388,NaN,NaN,NaN,NaN,NaN,NaN,NaN,NaN,NaN,NaN,NaN,NaN,NaN,NaN,NaN,NaN,NaN,NaN,NaN,NaN,NaN,
96.607,0.01987,-0.00581,0.12946,0.60422,-0.15608,0.23778,-0.74432,NaN,NaN,NaN,NaN,NaN,NaN,NaN,NaN,NaN,NaN,NaN,NaN,NaN,NaN,NaN,NaN,NaN,NaN,NaN,NaN,NaN,
96.632,0.01985,-0.00588,0.12944,0.60381,-0.15552,0.23804,-0.74469,NaN,NaN,NaN,NaN,NaN,NaN,NaN,NaN,NaN,NaN,NaN,NaN,NaN,NaN,NaN,NaN,NaN,NaN,NaN,NaN,NaN,
96.657,0.01984,-0.00589,0.12943,0.60338,-0.15509,0.23839,-0.74501,NaN,NaN,NaN,NaN,NaN,NaN,NaN,NaN,NaN,NaN,NaN,NaN,NaN,NaN,NaN,NaN,NaN,NaN,NaN,NaN,NaN,
96.682,0.01983,-0.00595,0.12942,0.60319,-0.15486,0.23853,-0.74518,NaN,NaN,NaN,NaN,NaN,NaN,NaN,NaN,NaN,NaN,NaN,NaN,NaN,NaN,NaN,NaN,NaN,NaN,NaN,NaN,NaN,
96.707,0.01984,-0.00605,0.12941,0.60286,-0.15457,0.23882,-0.74541,NaN,NaN,NaN,NaN,NaN,NaN,NaN,NaN,NaN,NaN,NaN,NaN,NaN,NaN,NaN,NaN,NaN,NaN,NaN,NaN,NaN,
96.732,0.01985,-0.00632,0.12948,0.60030,-0.15310,0.24157,-0.74689,NaN,NaN,NaN,NaN,NaN,NaN,NaN,NaN,NaN,NaN,NaN,NaN,NaN,NaN,NaN,NaN,NaN,NaN,NaN,NaN,NaN,
96.757,0.01966,-0.00718,0.12927,0.59241,-0.14544,0.24809,-0.75256,NaN,NaN,NaN,NaN,NaN,NaN,NaN,NaN,NaN,NaN,NaN,NaN,NaN,NaN,NaN,NaN,NaN,NaN,NaN,NaN,NaN,
96.782,0.01966,-0.00855,0.12939,0.58033,-0.13673,0.25949,-0.75972,NaN,NaN,NaN,NaN,NaN,NaN,NaN,NaN,NaN,NaN,NaN,NaN,NaN,NaN,NaN,NaN,NaN,NaN,NaN,NaN,NaN,
96.807,0.01976,-0.00885,0.12918,0.57344,-0.13064,0.26516,-0.76406,NaN,NaN,NaN,NaN,NaN,NaN,NaN,NaN,NaN,NaN,NaN,NaN,NaN,NaN,NaN,NaN,NaN,NaN,NaN,NaN,NaN,
96.832,0.01970,-0.00908,0.12926,0.57194,-0.13062,0.26716,-0.76449,NaN,NaN,NaN,NaN,NaN,NaN,NaN,NaN,NaN,NaN,NaN,NaN,NaN,NaN,NaN,NaN,NaN,NaN,NaN,NaN,NaN,
96.857,0.01976,-0.00893,0.12926,0.57253,-0.13116,0.26669,-0.76412,NaN,NaN,NaN,NaN,NaN,NaN,NaN,NaN,NaN,NaN,NaN,NaN,NaN,NaN,NaN,NaN,NaN,NaN,NaN,NaN,NaN,
96.882,0.01973,-0.00882,0.12927,0.57331,-0.13196,0.26614,-0.76359,NaN,NaN,NaN,NaN,NaN,NaN,NaN,NaN,NaN,NaN,NaN,NaN,NaN,NaN,NaN,NaN,NaN,NaN,NaN,NaN,NaN,
96.907,0.01971,-0.00884,0.12926,0.57375,-0.13221,0.26569,-0.76338,NaN,NaN,NaN,NaN,NaN,NaN,NaN,NaN,NaN,NaN,NaN,NaN,NaN,NaN,NaN,NaN,NaN,NaN,NaN,NaN,NaN,
96.932,0.01973,-0.00866,0.12931,0.57505,-0.13327,0.26457,-0.76260,NaN,NaN,NaN,NaN,NaN,NaN,NaN,NaN,NaN,NaN,NaN,NaN,NaN,NaN,NaN,NaN,NaN,NaN,NaN,NaN,NaN,
96.957,0.01970,-0.00842,0.12941,0.57740,-0.13543,0.26270,-0.76109,NaN,NaN,NaN,NaN,NaN,NaN,NaN,NaN,NaN,NaN,NaN,NaN,NaN,NaN,NaN,NaN,NaN,NaN,NaN,NaN,NaN,
96.982,0.01976,-0.00799,0.12943,0.58067,-0.13751,0.25951,-0.75932,NaN,NaN,NaN,NaN,NaN,NaN,NaN,NaN,NaN,NaN,NaN,NaN,NaN,NaN,NaN,NaN,NaN,NaN,NaN,NaN,NaN,
97.007,0.01987,-0.00748,0.12953,0.58417,-0.14008,0.25626,-0.75727,NaN,NaN,NaN,NaN,NaN,NaN,NaN,NaN,NaN,NaN,NaN,NaN,NaN,NaN,NaN,NaN,NaN,NaN,NaN,NaN,NaN,
97.032,0.01984,-0.00702,0.12957,0.58821,-0.14281,0.25233,-0.75494,NaN,NaN,NaN,NaN,NaN,NaN,NaN,NaN,NaN,NaN,NaN,NaN,NaN,NaN,NaN,NaN,NaN,NaN,NaN,NaN,NaN,
97.057,0.01986,-0.00659,0.12972,0.59195,-0.14693,0.24961,-0.75213,NaN,NaN,NaN,NaN,NaN,NaN,NaN,NaN,NaN,NaN,NaN,NaN,NaN,NaN,NaN,NaN,NaN,NaN,NaN,NaN,NaN,
97.082,0.02016,-0.00601,0.12957,0.59480,-0.14989,0.24739,-0.75003,NaN,NaN,NaN,NaN,NaN,NaN,NaN,NaN,NaN,NaN,NaN,NaN,NaN,NaN,NaN,NaN,NaN,NaN,NaN,NaN,NaN,
97.107,0.02024,-0.00587,0.12960,0.59833,-0.15486,0.24538,-0.74687,NaN,NaN,NaN,NaN,NaN,NaN,NaN,NaN,NaN,NaN,NaN,NaN,NaN,NaN,NaN,NaN,NaN,NaN,NaN,NaN,NaN,
97.132,0.02032,-0.00540,0.12958,0.60076,-0.15635,0.24284,-0.74544,NaN,NaN,NaN,NaN,NaN,NaN,NaN,NaN,NaN,NaN,NaN,NaN,NaN,NaN,NaN,NaN,NaN,NaN,NaN,NaN,NaN,
97.157,0.02028,-0.00505,0.12963,0.60316,-0.15874,0.24084,-0.74364,NaN,NaN,NaN,NaN,NaN,NaN,NaN,NaN,NaN,NaN,NaN,NaN,NaN,NaN,NaN,NaN,NaN,NaN,NaN,NaN,NaN,
97.182,0.02034,-0.00494,0.12964,0.60439,-0.16038,0.24006,-0.74254,NaN,NaN,NaN,NaN,NaN,NaN,NaN,NaN,NaN,NaN,NaN,NaN,NaN,NaN,NaN,NaN,NaN,NaN,NaN,NaN,NaN,
97.207,0.02036,-0.00483,0.12969,0.60460,-0.16143,0.24036,-0.74204,NaN,NaN,NaN,NaN,NaN,NaN,NaN,NaN,NaN,NaN,NaN,NaN,NaN,NaN,NaN,NaN,NaN,NaN,NaN,NaN,NaN,
97.232,0.02049,-0.00464,0.12956,0.60488,-0.16118,0.23983,-0.74204,NaN,NaN,NaN,NaN,NaN,NaN,NaN,NaN,NaN,NaN,NaN,NaN,NaN,NaN,NaN,NaN,NaN,NaN,NaN,NaN,NaN,
97.257,0.02045,-0.00483,0.12953,0.60418,-0.16167,0.24110,-0.74209,NaN,NaN,NaN,NaN,NaN,NaN,NaN,NaN,NaN,NaN,NaN,NaN,NaN,NaN,NaN,NaN,NaN,NaN,NaN,NaN,NaN,
97.282,0.02031,-0.00490,0.12942,0.60357,-0.16148,0.24186,-0.74239,NaN,NaN,NaN,NaN,NaN,NaN,NaN,NaN,NaN,NaN,NaN,NaN,NaN,NaN,NaN,NaN,NaN,NaN,NaN,NaN,NaN,
97.307,0.02038,-0.00474,0.12938,0.60370,-0.16250,0.24226,-0.74193,NaN,NaN,NaN,NaN,NaN,NaN,NaN,NaN,NaN,NaN,NaN,NaN,NaN,NaN,NaN,NaN,NaN,NaN,NaN,NaN,NaN,
97.332,0.02043,-0.00466,0.12917,0.60351,-0.16179,0.24211,-0.74228,NaN,NaN,NaN,NaN,NaN,NaN,NaN,NaN,NaN,NaN,NaN,NaN,NaN,NaN,NaN,NaN,NaN,NaN,NaN,NaN,NaN,
97.357,0.02044,-0.00472,0.12911,0.60352,-0.16255,0.24255,-0.74197,NaN,NaN,NaN,NaN,NaN,NaN,NaN,NaN,NaN,NaN,NaN,NaN,NaN,NaN,NaN,NaN,NaN,NaN,NaN,NaN,NaN,
97.382,0.02052,-0.00469,0.12895,0.60200,-0.16170,0.24419,-0.74285,NaN,NaN,NaN,NaN,NaN,NaN,NaN,NaN,NaN,NaN,NaN,NaN,NaN,NaN,NaN,NaN,NaN,NaN,NaN,NaN,NaN,
97.407,0.02043,-0.00518,0.12878,0.59852,-0.15962,0.24788,-0.74489,NaN,NaN,NaN,NaN,NaN,NaN,NaN,NaN,NaN,NaN,NaN,NaN,NaN,NaN,NaN,NaN,NaN,NaN,NaN,NaN,NaN,
97.432,0.02021,-0.00585,0.12868,0.59475,-0.15628,0.25120,-0.74749,NaN,NaN,NaN,NaN,NaN,NaN,NaN,NaN,NaN,NaN,NaN,NaN,NaN,NaN,NaN,NaN,NaN,NaN,NaN,NaN,NaN,
97.457,0.01996,-0.00616,0.12871,0.59168,-0.15267,0.25336,-0.74994,NaN,NaN,NaN,NaN,NaN,NaN,NaN,NaN,NaN,NaN,NaN,NaN,NaN,NaN,NaN,NaN,NaN,NaN,NaN,NaN,NaN,
97.482,0.01979,-0.00627,0.12858,0.58934,-0.14879,0.25432,-0.75224,NaN,NaN,NaN,NaN,NaN,NaN,NaN,NaN,NaN,NaN,NaN,NaN,NaN,NaN,NaN,NaN,NaN,NaN,NaN,NaN,NaN,
97.507,0.01978,-0.00639,0.12839,0.58711,-0.14578,0.25561,-0.75413,NaN,NaN,NaN,NaN,NaN,NaN,NaN,NaN,NaN,NaN,NaN,NaN,NaN,NaN,NaN,NaN,NaN,NaN,NaN,NaN,NaN,
97.532,0.01949,-0.00675,0.12846,0.58420,-0.14330,0.25813,-0.75600,NaN,NaN,NaN,NaN,NaN,NaN,NaN,NaN,NaN,NaN,NaN,NaN,NaN,NaN,NaN,NaN,NaN,NaN,NaN,NaN,NaN,
97.557,0.01934,-0.00690,0.12836,0.58162,-0.13919,0.25921,-0.75839,NaN,NaN,NaN,NaN,NaN,NaN,NaN,NaN,NaN,NaN,NaN,NaN,NaN,NaN,NaN,NaN,NaN,NaN,NaN,NaN,NaN,
97.582,0.01911,-0.00716,0.12835,0.57935,-0.13634,0.26059,-0.76016,NaN,NaN,NaN,NaN,NaN,NaN,NaN,NaN,NaN,NaN,NaN,NaN,NaN,NaN,NaN,NaN,NaN,NaN,NaN,NaN,NaN,
97.607,0.01894,-0.00739,0.12847,0.57773,-0.13572,0.26242,-0.76088,NaN,NaN,NaN,NaN,NaN,NaN,NaN,NaN,NaN,NaN,NaN,NaN,NaN,NaN,NaN,NaN,NaN,NaN,NaN,NaN,NaN,
97.632,0.01898,-0.00734,0.12841,0.57645,-0.13364,0.26291,-0.76206,NaN,NaN,NaN,NaN,NaN,NaN,NaN,NaN,NaN,NaN,NaN,NaN,NaN,NaN,NaN,NaN,NaN,NaN,NaN,NaN,NaN,
97.657,0.01890,-0.00756,0.12843,0.57529,-0.13173,0.26332,-0.76312,NaN,NaN,NaN,NaN,NaN,NaN,NaN,NaN,NaN,NaN,NaN,NaN,NaN,NaN,NaN,NaN,NaN,NaN,NaN,NaN,NaN,
97.682,0.01878,-0.00778,0.12851,0.57347,-0.12967,0.26454,-0.76442,NaN,NaN,NaN,NaN,NaN,NaN,NaN,NaN,NaN,NaN,NaN,NaN,NaN,NaN,NaN,NaN,NaN,NaN,NaN,NaN,NaN,
97.707,0.01861,-0.00813,0.12863,0.57063,-0.12728,0.26690,-0.76612,NaN,NaN,NaN,NaN,NaN,NaN,NaN,NaN,NaN,NaN,NaN,NaN,NaN,NaN,NaN,NaN,NaN,NaN,NaN,NaN,NaN,
97.732,0.01841,-0.00836,0.12870,0.56858,-0.12410,0.26771,-0.76789,NaN,NaN,NaN,NaN,NaN,NaN,NaN,NaN,NaN,NaN,NaN,NaN,NaN,NaN,NaN,NaN,NaN,NaN,NaN,NaN,NaN,
97.757,0.01829,-0.00855,0.12885,0.56782,-0.12336,0.26827,-0.76837,NaN,NaN,NaN,NaN,NaN,NaN,NaN,NaN,NaN,NaN,NaN,NaN,NaN,NaN,NaN,NaN,NaN,NaN,NaN,NaN,NaN,
97.782,0.01819,-0.00870,0.12900,0.56660,-0.12246,0.26935,-0.76904,NaN,NaN,NaN,NaN,NaN,NaN,NaN,NaN,NaN,NaN,NaN,NaN,NaN,NaN,NaN,NaN,NaN,NaN,NaN,NaN,NaN,
97.807,0.01799,-0.00899,0.12917,0.56444,-0.12063,0.27110,-0.77030,NaN,NaN,NaN,NaN,NaN,NaN,NaN,NaN,NaN,NaN,NaN,NaN,NaN,NaN,NaN,NaN,NaN,NaN,NaN,NaN,NaN,
97.832,0.01790,-0.00937,0.12932,0.56259,-0.11873,0.27239,-0.77149,NaN,NaN,NaN,NaN,NaN,NaN,NaN,NaN,NaN,NaN,NaN,NaN,NaN,NaN,NaN,NaN,NaN,NaN,NaN,NaN,NaN,
97.857,0.01785,-0.00939,0.12945,0.56141,-0.11720,0.27302,-0.77236,NaN,NaN,NaN,NaN,NaN,NaN,NaN,NaN,NaN,NaN,NaN,NaN,NaN,NaN,NaN,NaN,NaN,NaN,NaN,NaN,NaN,
97.882,0.01788,-0.00949,0.12962,0.56103,-0.11741,0.27364,-0.77238,NaN,NaN,NaN,NaN,NaN,NaN,NaN,NaN,NaN,NaN,NaN,NaN,NaN,NaN,NaN,NaN,NaN,NaN,NaN,NaN,NaN,
97.907,0.01789,-0.00947,0.12965,0.56101,-0.11638,0.27304,-0.77277,NaN,NaN,NaN,NaN,NaN,NaN,NaN,NaN,NaN,NaN,NaN,NaN,NaN,NaN,NaN,NaN,NaN,NaN,NaN,NaN,NaN,
97.932,0.01787,-0.00948,0.12987,0.56080,-0.11655,0.27342,-0.77276,NaN,NaN,NaN,NaN,NaN,NaN,NaN,NaN,NaN,NaN,NaN,NaN,NaN,NaN,NaN,NaN,NaN,NaN,NaN,NaN,NaN,
97.957,0.01782,-0.00957,0.12993,0.55964,-0.11467,0.27379,-0.77375,NaN,NaN,NaN,NaN,NaN,NaN,NaN,NaN,NaN,NaN,NaN,NaN,NaN,NaN,NaN,NaN,NaN,NaN,NaN,NaN,NaN,
97.982,0.01762,-0.00986,0.13011,0.55804,-0.11428,0.27566,-0.77430,NaN,NaN,NaN,NaN,NaN,NaN,NaN,NaN,NaN,NaN,NaN,NaN,NaN,NaN,NaN,NaN,NaN,NaN,NaN,NaN,NaN,
98.007,0.01766,-0.00982,0.13020,0.55693,-0.11323,0.27647,-0.77496,NaN,NaN,NaN,NaN,NaN,NaN,NaN,NaN,NaN,NaN,NaN,NaN,NaN,NaN,NaN,NaN,NaN,NaN,NaN,NaN,NaN,
98.032,0.01771,-0.00992,0.13026,0.55624,-0.11202,0.27663,-0.77558,NaN,NaN,NaN,NaN,NaN,NaN,NaN,NaN,NaN,NaN,NaN,NaN,NaN,NaN,NaN,NaN,NaN,NaN,NaN,NaN,NaN,
98.057,0.01752,-0.01012,0.13052,0.55594,-0.11269,0.27744,-0.77541,NaN,NaN,NaN,NaN,NaN,NaN,NaN,NaN,NaN,NaN,NaN,NaN,NaN,NaN,NaN,NaN,NaN,NaN,NaN,NaN,NaN,
98.082,0.01763,-0.00991,0.13049,0.55546,-0.11106,0.27706,-0.77612,NaN,NaN,NaN,NaN,NaN,NaN,NaN,NaN,NaN,NaN,NaN,NaN,NaN,NaN,NaN,NaN,NaN,NaN,NaN,NaN,NaN,
98.107,0.01764,-0.00995,0.13048,0.55514,-0.11051,0.27714,-0.77641,NaN,NaN,NaN,NaN,NaN,NaN,NaN,NaN,NaN,NaN,NaN,NaN,NaN,NaN,NaN,NaN,NaN,NaN,NaN,NaN,NaN,
98.132,0.01757,-0.01004,0.13052,0.55461,-0.11058,0.27788,-0.77651,NaN,NaN,NaN,NaN,NaN,NaN,NaN,NaN,NaN,NaN,NaN,NaN,NaN,NaN,NaN,NaN,NaN,NaN,NaN,NaN,NaN,
98.157,0.01764,-0.00996,0.13044,0.55452,-0.10999,0.27763,-0.77675,NaN,NaN,NaN,NaN,NaN,NaN,NaN,NaN,NaN,NaN,NaN,NaN,NaN,NaN,NaN,NaN,NaN,NaN,NaN,NaN,NaN,
98.182,0.01757,-0.01000,0.13051,0.55460,-0.11045,0.27781,-0.77656,NaN,NaN,NaN,NaN,NaN,NaN,NaN,NaN,NaN,NaN,NaN,NaN,NaN,NaN,NaN,NaN,NaN,NaN,NaN,NaN,NaN,
98.207,0.01754,-0.01002,0.13053,0.55477,-0.11093,0.27788,-0.77634,NaN,NaN,NaN,NaN,NaN,NaN,NaN,NaN,NaN,NaN,NaN,NaN,NaN,NaN,NaN,NaN,NaN,NaN,NaN,NaN,NaN,
98.232,0.01758,-0.01000,0.13046,0.55492,-0.11107,0.27777,-0.77625,NaN,NaN,NaN,NaN,NaN,NaN,NaN,NaN,NaN,NaN,NaN,NaN,NaN,NaN,NaN,NaN,NaN,NaN,NaN,NaN,NaN,
98.257,0.01757,-0.00996,0.13038,0.55488,-0.11116,0.27789,-0.77623,NaN,NaN,NaN,NaN,NaN,NaN,NaN,NaN,NaN,NaN,NaN,NaN,NaN,NaN,NaN,NaN,NaN,NaN,NaN,NaN,NaN,
98.282,0.01757,-0.00990,0.13027,0.55493,-0.11099,0.27771,-0.77628,NaN,NaN,NaN,NaN,NaN,NaN,NaN,NaN,NaN,NaN,NaN,NaN,NaN,NaN,NaN,NaN,NaN,NaN,NaN,NaN,NaN,
98.307,0.01744,-0.00998,0.13025,0.55476,-0.11073,0.27777,-0.77642,NaN,NaN,NaN,NaN,NaN,NaN,NaN,NaN,NaN,NaN,NaN,NaN,NaN,NaN,NaN,NaN,NaN,NaN,NaN,NaN,NaN,
98.332,0.01732,-0.00992,0.13011,0.55412,-0.10870,0.27734,-0.77731,NaN,NaN,NaN,NaN,NaN,NaN,NaN,NaN,NaN,NaN,NaN,NaN,NaN,NaN,NaN,NaN,NaN,NaN,NaN,NaN,NaN,
98.357,0.01730,-0.00997,0.13002,0.55420,-0.10882,0.27732,-0.77725,NaN,NaN,NaN,NaN,NaN,NaN,NaN,NaN,NaN,NaN,NaN,NaN,NaN,NaN,NaN,NaN,NaN,NaN,NaN,NaN,NaN,
98.382,0.01723,-0.00998,0.12996,0.55382,-0.10850,0.27761,-0.77746,NaN,NaN,NaN,NaN,NaN,NaN,NaN,NaN,NaN,NaN,NaN,NaN,NaN,NaN,NaN,NaN,NaN,NaN,NaN,NaN,NaN,
98.407,0.01718,-0.00994,0.12984,0.55355,-0.10759,0.27739,-0.77785,NaN,NaN,NaN,NaN,NaN,NaN,NaN,NaN,NaN,NaN,NaN,NaN,NaN,NaN,NaN,NaN,NaN,NaN,NaN,NaN,NaN,
98.432,0.01711,-0.00998,0.12979,0.55331,-0.10711,0.27742,-0.77808,NaN,NaN,NaN,NaN,NaN,NaN,NaN,NaN,NaN,NaN,NaN,NaN,NaN,NaN,NaN,NaN,NaN,NaN,NaN,NaN,NaN,
98.457,0.01711,-0.00997,0.12964,0.55277,-0.10629,0.27761,-0.77851,NaN,NaN,NaN,NaN,NaN,NaN,NaN,NaN,NaN,NaN,NaN,NaN,NaN,NaN,NaN,NaN,NaN,NaN,NaN,NaN,NaN,
98.482,0.01709,-0.00995,0.12953,0.55233,-0.10546,0.27767,-0.77892,NaN,NaN,NaN,NaN,NaN,NaN,NaN,NaN,NaN,NaN,NaN,NaN,NaN,NaN,NaN,NaN,NaN,NaN,NaN,NaN,NaN,
98.507,0.01706,-0.01003,0.12952,0.55201,-0.10508,0.27785,-0.77913,NaN,NaN,NaN,NaN,NaN,NaN,NaN,NaN,NaN,NaN,NaN,NaN,NaN,NaN,NaN,NaN,NaN,NaN,NaN,NaN,NaN,
98.532,0.01709,-0.00998,0.12981,0.55310,-0.10688,0.27755,-0.77822,NaN,NaN,NaN,NaN,NaN,NaN,NaN,NaN,NaN,NaN,NaN,NaN,NaN,NaN,NaN,NaN,NaN,NaN,NaN,NaN,NaN,
98.557,0.01706,-0.01000,0.12975,0.55282,-0.10648,0.27766,-0.77843,NaN,NaN,NaN,NaN,NaN,NaN,NaN,NaN,NaN,NaN,NaN,NaN,NaN,NaN,NaN,NaN,NaN,NaN,NaN,NaN,NaN,
98.582,0.01705,-0.01000,0.12968,0.55249,-0.10585,0.27770,-0.77874,NaN,NaN,NaN,NaN,NaN,NaN,NaN,NaN,NaN,NaN,NaN,NaN,NaN,NaN,NaN,NaN,NaN,NaN,NaN,NaN,NaN,
98.607,0.01699,-0.01006,0.12951,0.55134,-0.10390,0.27798,-0.77971,NaN,NaN,NaN,NaN,NaN,NaN,NaN,NaN,NaN,NaN,NaN,NaN,NaN,NaN,NaN,NaN,NaN,NaN,NaN,NaN,NaN,
98.636,0.01694,-0.01015,0.12954,0.55121,-0.10399,0.27821,-0.77972,NaN,NaN,NaN,NaN,NaN,NaN,NaN,NaN,NaN,NaN,NaN,NaN,NaN,NaN,NaN,NaN,NaN,NaN,NaN,NaN,NaN,
98.657,0.01694,-0.01014,0.12952,0.55083,-0.10363,0.27849,-0.77993,NaN,NaN,NaN,NaN,NaN,NaN,NaN,NaN,NaN,NaN,NaN,NaN,NaN,NaN,NaN,NaN,NaN,NaN,NaN,NaN,NaN,
98.682,0.01699,-0.01005,0.12951,0.55140,-0.10405,0.27799,-0.77965,NaN,NaN,NaN,NaN,NaN,NaN,NaN,NaN,NaN,NaN,NaN,NaN,NaN,NaN,NaN,NaN,NaN,NaN,NaN,NaN,NaN,
98.707,0.01700,-0.01015,0.12954,0.55072,-0.10338,0.27846,-0.78005,NaN,NaN,NaN,NaN,NaN,NaN,NaN,NaN,NaN,NaN,NaN,NaN,NaN,NaN,NaN,NaN,NaN,NaN,NaN,NaN,NaN,
98.732,0.01704,-0.01018,0.12958,0.54987,-0.10239,0.27895,-0.78061,NaN,NaN,NaN,NaN,NaN,NaN,NaN,NaN,NaN,NaN,NaN,NaN,NaN,NaN,NaN,NaN,NaN,NaN,NaN,NaN,NaN,
98.757,0.01698,-0.01037,0.12972,0.54797,-0.10118,0.28067,-0.78149,NaN,NaN,NaN,NaN,NaN,NaN,NaN,NaN,NaN,NaN,NaN,NaN,NaN,NaN,NaN,NaN,NaN,NaN,NaN,NaN,NaN,
98.782,0.01694,-0.01057,0.12982,0.54557,-0.09910,0.28246,-0.78278,NaN,NaN,NaN,NaN,NaN,NaN,NaN,NaN,NaN,NaN,NaN,NaN,NaN,NaN,NaN,NaN,NaN,NaN,NaN,NaN,NaN,
98.807,0.01692,-0.01076,0.12986,0.54390,-0.09736,0.28352,-0.78378,NaN,NaN,NaN,NaN,NaN,NaN,NaN,NaN,NaN,NaN,NaN,NaN,NaN,NaN,NaN,NaN,NaN,NaN,NaN,NaN,NaN,
98.832,0.01692,-0.01084,0.13001,0.54298,-0.09714,0.28457,-0.78407,NaN,NaN,NaN,NaN,NaN,NaN,NaN,NaN,NaN,NaN,NaN,NaN,NaN,NaN,NaN,NaN,NaN,NaN,NaN,NaN,NaN,
98.857,0.01686,-0.01088,0.13013,0.54236,-0.09682,0.28517,-0.78432,NaN,NaN,NaN,NaN,NaN,NaN,NaN,NaN,NaN,NaN,NaN,NaN,NaN,NaN,NaN,NaN,NaN,NaN,NaN,NaN,NaN,
98.882,0.01687,-0.01097,0.13020,0.54123,-0.09591,0.28605,-0.78489,NaN,NaN,NaN,NaN,NaN,NaN,NaN,NaN,NaN,NaN,NaN,NaN,NaN,NaN,NaN,NaN,NaN,NaN,NaN,NaN,NaN,
98.907,0.01685,-0.01105,0.13026,0.53977,-0.09461,0.28710,-0.78567,NaN,NaN,NaN,NaN,NaN,NaN,NaN,NaN,NaN,NaN,NaN,NaN,NaN,NaN,NaN,NaN,NaN,NaN,NaN,NaN,NaN,
98.932,0.01679,-0.01122,0.13029,0.53815,-0.09313,0.28824,-0.78654,NaN,NaN,NaN,NaN,NaN,NaN,NaN,NaN,NaN,NaN,NaN,NaN,NaN,NaN,NaN,NaN,NaN,NaN,NaN,NaN,NaN,
98.957,0.01669,-0.01141,0.13034,0.53656,-0.09112,0.28900,-0.78758,NaN,NaN,NaN,NaN,NaN,NaN,NaN,NaN,NaN,NaN,NaN,NaN,NaN,NaN,NaN,NaN,NaN,NaN,NaN,NaN,NaN,
98.982,0.01656,-0.01155,0.13027,0.53380,-0.08720,0.29001,-0.78952,NaN,NaN,NaN,NaN,NaN,NaN,NaN,NaN,NaN,NaN,NaN,NaN,NaN,NaN,NaN,NaN,NaN,NaN,NaN,NaN,NaN,
99.007,0.01633,-0.01191,0.13029,0.53162,-0.08472,0.29119,-0.79083,NaN,NaN,NaN,NaN,NaN,NaN,NaN,NaN,NaN,NaN,NaN,NaN,NaN,NaN,NaN,NaN,NaN,NaN,NaN,NaN,NaN,
99.032,0.01617,-0.01193,0.13029,0.53103,-0.08342,0.29111,-0.79139,NaN,NaN,NaN,NaN,NaN,NaN,NaN,NaN,NaN,NaN,NaN,NaN,NaN,NaN,NaN,NaN,NaN,NaN,NaN,NaN,NaN,
99.057,0.01615,-0.01198,0.13028,0.53078,-0.08314,0.29125,-0.79154,NaN,NaN,NaN,NaN,NaN,NaN,NaN,NaN,NaN,NaN,NaN,NaN,NaN,NaN,NaN,NaN,NaN,NaN,NaN,NaN,NaN,
99.082,0.01612,-0.01207,0.13030,0.53021,-0.08293,0.29183,-0.79173,NaN,NaN,NaN,NaN,NaN,NaN,NaN,NaN,NaN,NaN,NaN,NaN,NaN,NaN,NaN,NaN,NaN,NaN,NaN,NaN,NaN,
99.107,0.01606,-0.01212,0.13027,0.53001,-0.08286,0.29204,-0.79179,NaN,NaN,NaN,NaN,NaN,NaN,NaN,NaN,NaN,NaN,NaN,NaN,NaN,NaN,NaN,NaN,NaN,NaN,NaN,NaN,NaN,
99.132,0.01602,-0.01198,0.13013,0.52957,-0.08129,0.29159,-0.79241,NaN,NaN,NaN,NaN,NaN,NaN,NaN,NaN,NaN,NaN,NaN,NaN,NaN,NaN,NaN,NaN,NaN,NaN,NaN,NaN,NaN,
99.157,0.01602,-0.01200,0.13011,0.52950,-0.08163,0.29190,-0.79231,NaN,NaN,NaN,NaN,NaN,NaN,NaN,NaN,NaN,NaN,NaN,NaN,NaN,NaN,NaN,NaN,NaN,NaN,NaN,NaN,NaN,
99.182,0.01605,-0.01200,0.12998,0.52909,-0.08113,0.29209,-0.79256,NaN,NaN,NaN,NaN,NaN,NaN,NaN,NaN,NaN,NaN,NaN,NaN,NaN,NaN,NaN,NaN,NaN,NaN,NaN,NaN,NaN,
99.207,0.01604,-0.01197,0.13015,0.53012,-0.08226,0.29153,-0.79197,NaN,NaN,NaN,NaN,NaN,NaN,NaN,NaN,NaN,NaN,NaN,NaN,NaN,NaN,NaN,NaN,NaN,NaN,NaN,NaN,NaN,
99.232,0.01601,-0.01201,0.13013,0.52973,-0.08193,0.29180,-0.79216,NaN,NaN,NaN,NaN,NaN,NaN,NaN,NaN,NaN,NaN,NaN,NaN,NaN,NaN,NaN,NaN,NaN,NaN,NaN,NaN,NaN,
99.257,0.01596,-0.01204,0.13008,0.52937,-0.08152,0.29200,-0.79238,NaN,NaN,NaN,NaN,NaN,NaN,NaN,NaN,NaN,NaN,NaN,NaN,NaN,NaN,NaN,NaN,NaN,NaN,NaN,NaN,NaN,
99.282,0.01592,-0.01205,0.13002,0.52897,-0.08097,0.29215,-0.79264,NaN,NaN,NaN,NaN,NaN,NaN,NaN,NaN,NaN,NaN,NaN,NaN,NaN,NaN,NaN,NaN,NaN,NaN,NaN,NaN,NaN,
99.307,0.01587,-0.01205,0.12995,0.52853,-0.08034,0.29229,-0.79295,NaN,NaN,NaN,NaN,NaN,NaN,NaN,NaN,NaN,NaN,NaN,NaN,NaN,NaN,NaN,NaN,NaN,NaN,NaN,NaN,NaN,
99.332,0.01571,-0.01211,0.12956,0.52582,-0.07634,0.29314,-0.79483,NaN,NaN,NaN,NaN,NaN,NaN,NaN,NaN,NaN,NaN,NaN,NaN,NaN,NaN,NaN,NaN,NaN,NaN,NaN,NaN,NaN,
99.357,0.01568,-0.01217,0.12956,0.52543,-0.07601,0.29341,-0.79502,NaN,NaN,NaN,NaN,NaN,NaN,NaN,NaN,NaN,NaN,NaN,NaN,NaN,NaN,NaN,NaN,NaN,NaN,NaN,NaN,NaN,
99.382,0.01569,-0.01217,0.12947,0.52486,-0.07521,0.29360,-0.79540,NaN,NaN,NaN,NaN,NaN,NaN,NaN,NaN,NaN,NaN,NaN,NaN,NaN,NaN,NaN,NaN,NaN,NaN,NaN,NaN,NaN,
99.407,0.01562,-0.01223,0.12946,0.52445,-0.07488,0.29392,-0.79559,NaN,NaN,NaN,NaN,NaN,NaN,NaN,NaN,NaN,NaN,NaN,NaN,NaN,NaN,NaN,NaN,NaN,NaN,NaN,NaN,NaN,
99.432,0.01559,-0.01224,0.12939,0.52410,-0.07407,0.29382,-0.79593,NaN,NaN,NaN,NaN,NaN,NaN,NaN,NaN,NaN,NaN,NaN,NaN,NaN,NaN,NaN,NaN,NaN,NaN,NaN,NaN,NaN,
99.457,0.01560,-0.01226,0.12937,0.52382,-0.07366,0.29391,-0.79612,NaN,NaN,NaN,NaN,NaN,NaN,NaN,NaN,NaN,NaN,NaN,NaN,NaN,NaN,NaN,NaN,NaN,NaN,NaN,NaN,NaN,
99.482,0.01551,-0.01226,0.12938,0.52365,-0.07334,0.29391,-0.79626,NaN,NaN,NaN,NaN,NaN,NaN,NaN,NaN,NaN,NaN,NaN,NaN,NaN,NaN,NaN,NaN,NaN,NaN,NaN,NaN,NaN,
99.507,0.01549,-0.01230,0.12939,0.52339,-0.07317,0.29412,-0.79636,NaN,NaN,NaN,NaN,NaN,NaN,NaN,NaN,NaN,NaN,NaN,NaN,NaN,NaN,NaN,NaN,NaN,NaN,NaN,NaN,NaN,
99.532,0.01555,-0.01231,0.12935,0.52299,-0.07261,0.29426,-0.79663,NaN,NaN,NaN,NaN,NaN,NaN,NaN,NaN,NaN,NaN,NaN,NaN,NaN,NaN,NaN,NaN,NaN,NaN,NaN,NaN,NaN,
99.557,0.01548,-0.01236,0.12940,0.52242,-0.07237,0.29483,-0.79682,NaN,NaN,NaN,NaN,NaN,NaN,NaN,NaN,NaN,NaN,NaN,NaN,NaN,NaN,NaN,NaN,NaN,NaN,NaN,NaN,NaN,
99.582,0.01549,-0.01239,0.12936,0.52145,-0.07146,0.29545,-0.79730,NaN,NaN,NaN,NaN,NaN,NaN,NaN,NaN,NaN,NaN,NaN,NaN,NaN,NaN,NaN,NaN,NaN,NaN,NaN,NaN,NaN,
99.607,0.01551,-0.01248,0.12934,0.52043,-0.07045,0.29606,-0.79783,NaN,NaN,NaN,NaN,NaN,NaN,NaN,NaN,NaN,NaN,NaN,NaN,NaN,NaN,NaN,NaN,NaN,NaN,NaN,NaN,NaN,
99.632,0.01538,-0.01258,0.12933,0.51930,-0.06883,0.29643,-0.79857,NaN,NaN,NaN,NaN,NaN,NaN,NaN,NaN,NaN,NaN,NaN,NaN,NaN,NaN,NaN,NaN,NaN,NaN,NaN,NaN,NaN,
99.657,0.01522,-0.01277,0.12940,0.51825,-0.06801,0.29720,-0.79904,NaN,NaN,NaN,NaN,NaN,NaN,NaN,NaN,NaN,NaN,NaN,NaN,NaN,NaN,NaN,NaN,NaN,NaN,NaN,NaN,NaN,
99.682,0.01517,-0.01291,0.12939,0.51722,-0.06669,0.29762,-0.79966,NaN,NaN,NaN,NaN,NaN,NaN,NaN,NaN,NaN,NaN,NaN,NaN,NaN,NaN,NaN,NaN,NaN,NaN,NaN,NaN,NaN,
99.707,0.01507,-0.01302,0.12948,0.51595,-0.06522,0.29824,-0.80037,NaN,NaN,NaN,NaN,NaN,NaN,NaN,NaN,NaN,NaN,NaN,NaN,NaN,NaN,NaN,NaN,NaN,NaN,NaN,NaN,NaN,
99.732,0.01503,-0.01307,0.12952,0.51492,-0.06373,0.29853,-0.80104,NaN,NaN,NaN,NaN,NaN,NaN,NaN,NaN,NaN,NaN,NaN,NaN,NaN,NaN,NaN,NaN,NaN,NaN,NaN,NaN,NaN,
99.757,0.01505,-0.01318,0.12960,0.51395,-0.06298,0.29925,-0.80146,NaN,NaN,NaN,NaN,NaN,NaN,NaN,NaN,NaN,NaN,NaN,NaN,NaN,NaN,NaN,NaN,NaN,NaN,NaN,NaN,NaN,
99.782,0.01501,-0.01329,0.12969,0.51242,-0.06199,0.30051,-0.80205,NaN,NaN,NaN,NaN,NaN,NaN,NaN,NaN,NaN,NaN,NaN,NaN,NaN,NaN,NaN,NaN,NaN,NaN,NaN,NaN,NaN,
99.807,0.01494,-0.01346,0.12976,0.51129,-0.06085,0.30114,-0.80261,NaN,NaN,NaN,NaN,NaN,NaN,NaN,NaN,NaN,NaN,NaN,NaN,NaN,NaN,NaN,NaN,NaN,NaN,NaN,NaN,NaN,
99.832,0.01483,-0.01358,0.12980,0.51013,-0.05915,0.30146,-0.80336,NaN,NaN,NaN,NaN,NaN,NaN,NaN,NaN,NaN,NaN,NaN,NaN,NaN,NaN,NaN,NaN,NaN,NaN,NaN,NaN,NaN,
99.857,0.01465,-0.01379,0.12989,0.50885,-0.05787,0.30219,-0.80399,NaN,NaN,NaN,NaN,NaN,NaN,NaN,NaN,NaN,NaN,NaN,NaN,NaN,NaN,NaN,NaN,NaN,NaN,NaN,NaN,NaN,
99.882,0.01460,-0.01396,0.12995,0.50769,-0.05675,0.30288,-0.80455,NaN,NaN,NaN,NaN,NaN,NaN,NaN,NaN,NaN,NaN,NaN,NaN,NaN,NaN,NaN,NaN,NaN,NaN,NaN,NaN,NaN,
99.907,0.01458,-0.01409,0.13006,0.50682,-0.05610,0.30352,-0.80490,NaN,NaN,NaN,NaN,NaN,NaN,NaN,NaN,NaN,NaN,NaN,NaN,NaN,NaN,NaN,NaN,NaN,NaN,NaN,NaN,NaN,
99.932,0.01449,-0.01418,0.13018,0.50578,-0.05541,0.30434,-0.80529,NaN,NaN,NaN,NaN,NaN,NaN,NaN,NaN,NaN,NaN,NaN,NaN,NaN,NaN,NaN,NaN,NaN,NaN,NaN,NaN,NaN,
99.958,0.01452,-0.01422,0.13014,0.50531,-0.05444,0.30428,-0.80568,NaN,NaN,NaN,NaN,NaN,NaN,NaN,NaN,NaN,NaN,NaN,NaN,NaN,NaN,NaN,NaN,NaN,NaN,NaN,NaN,NaN,
99.982,0.01448,-0.01428,0.13015,0.50443,-0.05351,0.30473,-0.80612,NaN,NaN,NaN,NaN,NaN,NaN,NaN,NaN,NaN,NaN,NaN,NaN,NaN,NaN,NaN,NaN,NaN,NaN,NaN,NaN,NaN,
100.007,0.01440,-0.01436,0.13018,0.50364,-0.05282,0.30524,-0.80646,NaN,NaN,NaN,NaN,NaN,NaN,NaN,NaN,NaN,NaN,NaN,NaN,NaN,NaN,NaN,NaN,NaN,NaN,NaN,NaN,NaN,
100.032,0.01438,-0.01441,0.13015,0.50308,-0.05208,0.30544,-0.80679,NaN,NaN,NaN,NaN,NaN,NaN,NaN,NaN,NaN,NaN,NaN,NaN,NaN,NaN,NaN,NaN,NaN,NaN,NaN,NaN,NaN,
100.057,0.01433,-0.01445,0.13011,0.50264,-0.05128,0.30544,-0.80711,NaN,NaN,NaN,NaN,NaN,NaN,NaN,NaN,NaN,NaN,NaN,NaN,NaN,NaN,NaN,NaN,NaN,NaN,NaN,NaN,NaN,
100.082,0.01424,-0.01451,0.13008,0.50209,-0.05043,0.30555,-0.80747,NaN,NaN,NaN,NaN,NaN,NaN,NaN,NaN,NaN,NaN,NaN,NaN,NaN,NaN,NaN,NaN,NaN,NaN,NaN,NaN,NaN,
100.107,0.01419,-0.01462,0.13015,0.50158,-0.05017,0.30600,-0.80763,NaN,NaN,NaN,NaN,NaN,NaN,NaN,NaN,NaN,NaN,NaN,NaN,NaN,NaN,NaN,NaN,NaN,NaN,NaN,NaN,NaN,
100.132,0.01420,-0.01463,0.13012,0.50143,-0.04976,0.30591,-0.80778,NaN,NaN,NaN,NaN,NaN,NaN,NaN,NaN,NaN,NaN,NaN,NaN,NaN,NaN,NaN,NaN,NaN,NaN,NaN,NaN,NaN,
100.157,0.01419,-0.01465,0.13017,0.50086,-0.04950,0.30643,-0.80795,NaN,NaN,NaN,NaN,NaN,NaN,NaN,NaN,NaN,NaN,NaN,NaN,NaN,NaN,NaN,NaN,NaN,NaN,NaN,NaN,NaN,
100.182,0.01412,-0.01470,0.13015,0.50010,-0.04869,0.30681,-0.80833,NaN,NaN,NaN,NaN,NaN,NaN,NaN,NaN,NaN,NaN,NaN,NaN,NaN,NaN,NaN,NaN,NaN,NaN,NaN,NaN,NaN,
100.207,0.01408,-0.01482,0.13013,-0.49944,0.04784,-0.30705,0.80870,NaN,NaN,NaN,NaN,NaN,NaN,NaN,NaN,NaN,NaN,NaN,NaN,NaN,NaN,NaN,NaN,NaN,NaN,NaN,NaN,NaN,
100.232,0.01399,-0.01483,0.13012,-0.49932,0.04746,-0.30694,0.80883,NaN,NaN,NaN,NaN,NaN,NaN,NaN,NaN,NaN,NaN,NaN,NaN,NaN,NaN,NaN,NaN,NaN,NaN,NaN,NaN,NaN,
100.257,0.01398,-0.01480,0.13000,-0.49965,0.04734,-0.30646,0.80882,NaN,NaN,NaN,NaN,NaN,NaN,NaN,NaN,NaN,NaN,NaN,NaN,NaN,NaN,NaN,NaN,NaN,NaN,NaN,NaN,NaN,
100.282,0.01398,-0.01479,0.12990,-0.49970,0.04721,-0.30631,0.80885,NaN,NaN,NaN,NaN,NaN,NaN,NaN,NaN,NaN,NaN,NaN,NaN,NaN,NaN,NaN,NaN,NaN,NaN,NaN,NaN,NaN,
100.307,0.01388,-0.01481,0.12988,-0.49936,0.04694,-0.30655,0.80899,NaN,NaN,NaN,NaN,NaN,NaN,NaN,NaN,NaN,NaN,NaN,NaN,NaN,NaN,NaN,NaN,NaN,NaN,NaN,NaN,NaN,
100.332,0.01397,-0.01477,0.13005,-0.49999,0.04796,-0.30646,0.80857,NaN,NaN,NaN,NaN,NaN,NaN,NaN,NaN,NaN,NaN,NaN,NaN,NaN,NaN,NaN,NaN,NaN,NaN,NaN,NaN,NaN,
100.357,0.01393,-0.01479,0.13001,-0.49975,0.04767,-0.30656,0.80870,NaN,NaN,NaN,NaN,NaN,NaN,NaN,NaN,NaN,NaN,NaN,NaN,NaN,NaN,NaN,NaN,NaN,NaN,NaN,NaN,NaN,
100.382,0.01388,-0.01482,0.12997,-0.49953,0.04734,-0.30661,0.80884,NaN,NaN,NaN,NaN,NaN,NaN,NaN,NaN,NaN,NaN,NaN,NaN,NaN,NaN,NaN,NaN,NaN,NaN,NaN,NaN,NaN,
100.407,0.01382,-0.01484,0.12991,-0.49931,0.04696,-0.30662,0.80899,NaN,NaN,NaN,NaN,NaN,NaN,NaN,NaN,NaN,NaN,NaN,NaN,NaN,NaN,NaN,NaN,NaN,NaN,NaN,NaN,NaN,
100.432,0.01378,-0.01484,0.12985,-0.49919,0.04662,-0.30654,0.80912,NaN,NaN,NaN,NaN,NaN,NaN,NaN,NaN,NaN,NaN,NaN,NaN,NaN,NaN,NaN,NaN,NaN,NaN,NaN,NaN,NaN,
100.457,0.01374,-0.01486,0.12978,-0.49905,0.04631,-0.30650,0.80924,NaN,NaN,NaN,NaN,NaN,NaN,NaN,NaN,NaN,NaN,NaN,NaN,NaN,NaN,NaN,NaN,NaN,NaN,NaN,NaN,NaN,
100.482,0.01354,-0.01493,0.12937,-0.49778,0.04376,-0.30634,0.81022,NaN,NaN,NaN,NaN,NaN,NaN,NaN,NaN,NaN,NaN,NaN,NaN,NaN,NaN,NaN,NaN,NaN,NaN,NaN,NaN,NaN,
100.507,0.01339,-0.01498,0.12938,-0.49719,0.04326,-0.30672,0.81047,NaN,NaN,NaN,NaN,NaN,NaN,NaN,NaN,NaN,NaN,NaN,NaN,NaN,NaN,NaN,NaN,NaN,NaN,NaN,NaN,NaN,
100.532,0.01342,-0.01504,0.12925,-0.49693,0.04245,-0.30648,0.81076,NaN,NaN,NaN,NaN,NaN,NaN,NaN,NaN,NaN,NaN,NaN,NaN,NaN,NaN,NaN,NaN,NaN,NaN,NaN,NaN,NaN,
100.557,0.01333,-0.01511,0.12922,-0.49647,0.04183,-0.30663,0.81102,NaN,NaN,NaN,NaN,NaN,NaN,NaN,NaN,NaN,NaN,NaN,NaN,NaN,NaN,NaN,NaN,NaN,NaN,NaN,NaN,NaN,
100.582,0.01319,-0.01513,0.12912,-0.49581,0.04059,-0.30659,0.81150,NaN,NaN,NaN,NaN,NaN,NaN,NaN,NaN,NaN,NaN,NaN,NaN,NaN,NaN,NaN,NaN,NaN,NaN,NaN,NaN,NaN,
100.607,0.01308,-0.01523,0.12912,-0.49501,0.03965,-0.30693,0.81191,NaN,NaN,NaN,NaN,NaN,NaN,NaN,NaN,NaN,NaN,NaN,NaN,NaN,NaN,NaN,NaN,NaN,NaN,NaN,NaN,NaN,
100.632,0.01301,-0.01531,0.12907,-0.49369,0.03793,-0.30736,0.81263,NaN,NaN,NaN,NaN,NaN,NaN,NaN,NaN,NaN,NaN,NaN,NaN,NaN,NaN,NaN,NaN,NaN,NaN,NaN,NaN,NaN,
100.657,0.01299,-0.01538,0.12899,-0.49251,0.03623,-0.30763,0.81332,NaN,NaN,NaN,NaN,NaN,NaN,NaN,NaN,NaN,NaN,NaN,NaN,NaN,NaN,NaN,NaN,NaN,NaN,NaN,NaN,NaN,
100.682,0.01284,-0.01554,0.12899,-0.49077,0.03421,-0.30837,0.81418,NaN,NaN,NaN,NaN,NaN,NaN,NaN,NaN,NaN,NaN,NaN,NaN,NaN,NaN,NaN,NaN,NaN,NaN,NaN,NaN,NaN,
100.707,0.01265,-0.01571,0.12902,-0.48912,0.03236,-0.30910,0.81497,NaN,NaN,NaN,NaN,NaN,NaN,NaN,NaN,NaN,NaN,NaN,NaN,NaN,NaN,NaN,NaN,NaN,NaN,NaN,NaN,NaN,
100.732,0.01256,-0.01585,0.12902,-0.48750,0.03054,-0.30980,0.81574,NaN,NaN,NaN,NaN,NaN,NaN,NaN,NaN,NaN,NaN,NaN,NaN,NaN,NaN,NaN,NaN,NaN,NaN,NaN,NaN,NaN,
100.757,0.01239,-0.01596,0.12901,-0.48632,0.02894,-0.31013,0.81638,NaN,NaN,NaN,NaN,NaN,NaN,NaN,NaN,NaN,NaN,NaN,NaN,NaN,NaN,NaN,NaN,NaN,NaN,NaN,NaN,NaN,
100.782,0.01240,-0.01601,0.12899,-0.48593,0.02877,-0.31048,0.81648,NaN,NaN,NaN,NaN,NaN,NaN,NaN,NaN,NaN,NaN,NaN,NaN,NaN,NaN,NaN,NaN,NaN,NaN,NaN,NaN,NaN,
100.807,0.01235,-0.01606,0.12909,-0.48601,0.02944,-0.31085,0.81627,NaN,NaN,NaN,NaN,NaN,NaN,NaN,NaN,NaN,NaN,NaN,NaN,NaN,NaN,NaN,NaN,NaN,NaN,NaN,NaN,NaN,
100.832,0.01223,-0.01610,0.12910,-0.48673,0.02957,-0.31006,0.81614,NaN,NaN,NaN,NaN,NaN,NaN,NaN,NaN,NaN,NaN,NaN,NaN,NaN,NaN,NaN,NaN,NaN,NaN,NaN,NaN,NaN,
100.857,0.01212,-0.01621,0.12917,-0.48679,0.02898,-0.30960,0.81630,NaN,NaN,NaN,NaN,NaN,NaN,NaN,NaN,NaN,NaN,NaN,NaN,NaN,NaN,NaN,NaN,NaN,NaN,NaN,NaN,NaN,
100.882,0.01198,-0.01624,0.12929,-0.48614,0.02790,-0.30963,0.81671,NaN,NaN,NaN,NaN,NaN,NaN,NaN,NaN,NaN,NaN,NaN,NaN,NaN,NaN,NaN,NaN,NaN,NaN,NaN,NaN,NaN,
100.907,0.01196,-0.01628,0.12935,-0.48571,0.02737,-0.30978,0.81693,NaN,NaN,NaN,NaN,NaN,NaN,NaN,NaN,NaN,NaN,NaN,NaN,NaN,NaN,NaN,NaN,NaN,NaN,NaN,NaN,NaN,
100.932,0.01197,-0.01638,0.12944,-0.48557,0.02741,-0.30998,0.81694,NaN,NaN,NaN,NaN,NaN,NaN,NaN,NaN,NaN,NaN,NaN,NaN,NaN,NaN,NaN,NaN,NaN,NaN,NaN,NaN,NaN,
100.957,0.01191,-0.01652,0.12963,-0.48600,0.02840,-0.31015,0.81658,NaN,NaN,NaN,NaN,NaN,NaN,NaN,NaN,NaN,NaN,NaN,NaN,NaN,NaN,NaN,NaN,NaN,NaN,NaN,NaN,NaN,
100.982,0.01190,-0.01655,0.12973,-0.48632,0.02881,-0.31004,0.81642,NaN,NaN,NaN,NaN,NaN,NaN,NaN,NaN,NaN,NaN,NaN,NaN,NaN,NaN,NaN,NaN,NaN,NaN,NaN,NaN,NaN,
101.007,0.01192,-0.01650,0.12981,-0.48619,0.02876,-0.31016,0.81645,NaN,NaN,NaN,NaN,NaN,NaN,NaN,NaN,NaN,NaN,NaN,NaN,NaN,NaN,NaN,NaN,NaN,NaN,NaN,NaN,NaN,
101.032,0.01193,-0.01654,0.12997,-0.48638,0.02945,-0.31041,0.81622,NaN,NaN,NaN,NaN,NaN,NaN,NaN,NaN,NaN,NaN,NaN,NaN,NaN,NaN,NaN,NaN,NaN,NaN,NaN,NaN,NaN,
101.057,0.01192,-0.01655,0.13001,-0.48696,0.02950,-0.30974,0.81613,NaN,NaN,NaN,NaN,NaN,NaN,NaN,NaN,NaN,NaN,NaN,NaN,NaN,NaN,NaN,NaN,NaN,NaN,NaN,NaN,NaN,
101.082,0.01189,-0.01657,0.13008,-0.48705,0.02954,-0.30966,0.81610,NaN,NaN,NaN,NaN,NaN,NaN,NaN,NaN,NaN,NaN,NaN,NaN,NaN,NaN,NaN,NaN,NaN,NaN,NaN,NaN,NaN,
101.107,0.01193,-0.01646,0.12973,-0.48638,0.02839,-0.30968,0.81653,NaN,NaN,NaN,NaN,NaN,NaN,NaN,NaN,NaN,NaN,NaN,NaN,NaN,NaN,NaN,NaN,NaN,NaN,NaN,NaN,NaN,
101.132,0.01193,-0.01651,0.12982,-0.48651,0.02869,-0.30972,0.81643,NaN,NaN,NaN,NaN,NaN,NaN,NaN,NaN,NaN,NaN,NaN,NaN,NaN,NaN,NaN,NaN,NaN,NaN,NaN,NaN,NaN,
101.157,0.01191,-0.01656,0.12992,-0.48666,0.02906,-0.30981,0.81630,NaN,NaN,NaN,NaN,NaN,NaN,NaN,NaN,NaN,NaN,NaN,NaN,NaN,NaN,NaN,NaN,NaN,NaN,NaN,NaN,NaN,
101.182,0.01190,-0.01659,0.13000,-0.48675,0.02927,-0.30984,0.81622,NaN,NaN,NaN,NaN,NaN,NaN,NaN,NaN,NaN,NaN,NaN,NaN,NaN,NaN,NaN,NaN,NaN,NaN,NaN,NaN,NaN,
101.207,0.01189,-0.01661,0.13006,-0.48674,0.02938,-0.30993,0.81619,NaN,NaN,NaN,NaN,NaN,NaN,NaN,NaN,NaN,NaN,NaN,NaN,NaN,NaN,NaN,NaN,NaN,NaN,NaN,NaN,NaN,
101.232,0.01188,-0.01665,0.13011,-0.48670,0.02952,-0.31006,0.81615,NaN,NaN,NaN,NaN,NaN,NaN,NaN,NaN,NaN,NaN,NaN,NaN,NaN,NaN,NaN,NaN,NaN,NaN,NaN,NaN,NaN,
101.257,0.01187,-0.01669,0.13015,-0.48663,0.02954,-0.31016,0.81616,NaN,NaN,NaN,NaN,NaN,NaN,NaN,NaN,NaN,NaN,NaN,NaN,NaN,NaN,NaN,NaN,NaN,NaN,NaN,NaN,NaN,
101.282,0.01185,-0.01673,0.13017,-0.48642,0.02944,-0.31035,0.81622,NaN,NaN,NaN,NaN,NaN,NaN,NaN,NaN,NaN,NaN,NaN,NaN,NaN,NaN,NaN,NaN,NaN,NaN,NaN,NaN,NaN,
101.307,0.01183,-0.01678,0.13019,-0.48610,0.02932,-0.31065,0.81630,NaN,NaN,NaN,NaN,NaN,NaN,NaN,NaN,NaN,NaN,NaN,NaN,NaN,NaN,NaN,NaN,NaN,NaN,NaN,NaN,NaN,
101.332,0.01181,-0.01706,0.13014,-0.48341,0.02791,-0.31292,0.81708,NaN,NaN,NaN,NaN,NaN,NaN,NaN,NaN,NaN,NaN,NaN,NaN,NaN,NaN,NaN,NaN,NaN,NaN,NaN,NaN,NaN,
101.357,0.01179,-0.01716,0.13017,-0.48275,0.02792,-0.31372,0.81716,NaN,NaN,NaN,NaN,NaN,NaN,NaN,NaN,NaN,NaN,NaN,NaN,NaN,NaN,NaN,NaN,NaN,NaN,NaN,NaN,NaN,
101.382,0.01175,-0.01715,0.13014,-0.48326,0.02843,-0.31345,0.81695,NaN,NaN,NaN,NaN,NaN,NaN,NaN,NaN,NaN,NaN,NaN,NaN,NaN,NaN,NaN,NaN,NaN,NaN,NaN,NaN,NaN,
101.407,0.01178,-0.01700,0.13005,-0.48609,0.03060,-0.31154,0.81592,NaN,NaN,NaN,NaN,NaN,NaN,NaN,NaN,NaN,NaN,NaN,NaN,NaN,NaN,NaN,NaN,NaN,NaN,NaN,NaN,NaN,
101.432,0.01183,-0.01690,0.13009,-0.48804,0.03321,-0.31098,0.81487,NaN,NaN,NaN,NaN,NaN,NaN,NaN,NaN,NaN,NaN,NaN,NaN,NaN,NaN,NaN,NaN,NaN,NaN,NaN,NaN,NaN,
101.457,0.01184,-0.01685,0.13001,-0.48844,0.03384,-0.31093,0.81462,NaN,NaN,NaN,NaN,NaN,NaN,NaN,NaN,NaN,NaN,NaN,NaN,NaN,NaN,NaN,NaN,NaN,NaN,NaN,NaN,NaN,
101.482,0.01173,-0.01684,0.12979,-0.48873,0.03278,-0.30985,0.81490,NaN,NaN,NaN,NaN,NaN,NaN,NaN,NaN,NaN,NaN,NaN,NaN,NaN,NaN,NaN,NaN,NaN,NaN,NaN,NaN,NaN,
101.507,0.01141,-0.01702,0.12987,-0.48766,0.03053,-0.30960,0.81572,NaN,NaN,NaN,NaN,NaN,NaN,NaN,NaN,NaN,NaN,NaN,NaN,NaN,NaN,NaN,NaN,NaN,NaN,NaN,NaN,NaN,
101.532,0.01111,-0.01703,0.12977,-0.48690,0.02756,-0.30848,0.81670,NaN,NaN,NaN,NaN,NaN,NaN,NaN,NaN,NaN,NaN,NaN,NaN,NaN,NaN,NaN,NaN,NaN,NaN,NaN,NaN,NaN,
101.557,0.01100,-0.01707,0.12964,-0.48693,0.02704,-0.30809,0.81686,NaN,NaN,NaN,NaN,NaN,NaN,NaN,NaN,NaN,NaN,NaN,NaN,NaN,NaN,NaN,NaN,NaN,NaN,NaN,NaN,NaN,
101.582,0.01098,-0.01712,0.12965,-0.48649,0.02719,-0.30873,0.81687,NaN,NaN,NaN,NaN,NaN,NaN,NaN,NaN,NaN,NaN,NaN,NaN,NaN,NaN,NaN,NaN,NaN,NaN,NaN,NaN,NaN,
101.607,0.01084,-0.01711,0.12947,-0.48663,0.02637,-0.30799,0.81709,NaN,NaN,NaN,NaN,NaN,NaN,NaN,NaN,NaN,NaN,NaN,NaN,NaN,NaN,NaN,NaN,NaN,NaN,NaN,NaN,NaN,
101.632,0.01061,-0.01720,0.12944,-0.48623,0.02522,-0.30768,0.81749,NaN,NaN,NaN,NaN,NaN,NaN,NaN,NaN,NaN,NaN,NaN,NaN,NaN,NaN,NaN,NaN,NaN,NaN,NaN,NaN,NaN,
101.657,0.01040,-0.01722,0.12929,-0.48511,0.02266,-0.30725,0.81838,NaN,NaN,NaN,NaN,NaN,NaN,NaN,NaN,NaN,NaN,NaN,NaN,NaN,NaN,NaN,NaN,NaN,NaN,NaN,NaN,NaN,
101.682,0.01030,-0.01722,0.12918,-0.48437,0.02089,-0.30691,0.81900,NaN,NaN,NaN,NaN,NaN,NaN,NaN,NaN,NaN,NaN,NaN,NaN,NaN,NaN,NaN,NaN,NaN,NaN,NaN,NaN,NaN,
101.707,0.01008,-0.01728,0.12907,-0.48304,0.01844,-0.30680,0.81988,NaN,NaN,NaN,NaN,NaN,NaN,NaN,NaN,NaN,NaN,NaN,NaN,NaN,NaN,NaN,NaN,NaN,NaN,NaN,NaN,NaN,
101.732,0.00994,-0.01741,0.12914,-0.48189,0.01719,-0.30731,0.82039,NaN,NaN,NaN,NaN,NaN,NaN,NaN,NaN,NaN,NaN,NaN,NaN,NaN,NaN,NaN,NaN,NaN,NaN,NaN,NaN,NaN,
101.757,0.00975,-0.01754,0.12910,-0.48090,0.01541,-0.30725,0.82103,NaN,NaN,NaN,NaN,NaN,NaN,NaN,NaN,NaN,NaN,NaN,NaN,NaN,NaN,NaN,NaN,NaN,NaN,NaN,NaN,NaN,
101.782,0.00966,-0.01767,0.12908,-0.47987,0.01376,-0.30733,0.82163,NaN,NaN,NaN,NaN,NaN,NaN,NaN,NaN,NaN,NaN,NaN,NaN,NaN,NaN,NaN,NaN,NaN,NaN,NaN,NaN,NaN,
101.807,0.00940,-0.01776,0.12905,-0.47809,0.01126,-0.30771,0.82257,NaN,NaN,NaN,NaN,NaN,NaN,NaN,NaN,NaN,NaN,NaN,NaN,NaN,NaN,NaN,NaN,NaN,NaN,NaN,NaN,NaN,
101.832,0.00934,-0.01788,0.12912,-0.47648,0.01022,-0.30890,0.82307,NaN,NaN,NaN,NaN,NaN,NaN,NaN,NaN,NaN,NaN,NaN,NaN,NaN,NaN,NaN,NaN,NaN,NaN,NaN,NaN,NaN,
101.857,0.00924,-0.01802,0.12912,-0.47492,0.00831,-0.30942,0.82380,NaN,NaN,NaN,NaN,NaN,NaN,NaN,NaN,NaN,NaN,NaN,NaN,NaN,NaN,NaN,NaN,NaN,NaN,NaN,NaN,NaN,
101.882,0.00905,-0.01804,0.12906,-0.47393,0.00613,-0.30906,0.82452,NaN,NaN,NaN,NaN,NaN,NaN,NaN,NaN,NaN,NaN,NaN,NaN,NaN,NaN,NaN,NaN,NaN,NaN,NaN,NaN,NaN,
101.907,0.00905,-0.01806,0.12911,-0.47419,0.00668,-0.30913,0.82434,NaN,NaN,NaN,NaN,NaN,NaN,NaN,NaN,NaN,NaN,NaN,NaN,NaN,NaN,NaN,NaN,NaN,NaN,NaN,NaN,NaN,
101.932,0.00891,-0.01797,0.12913,-0.47650,0.00849,-0.30765,0.82354,NaN,NaN,NaN,NaN,NaN,NaN,NaN,NaN,NaN,NaN,NaN,NaN,NaN,NaN,NaN,NaN,NaN,NaN,NaN,NaN,NaN,
101.957,0.00894,-0.01788,0.12930,-0.48064,0.01223,-0.30533,0.82195,NaN,NaN,NaN,NaN,NaN,NaN,NaN,NaN,NaN,NaN,NaN,NaN,NaN,NaN,NaN,NaN,NaN,NaN,NaN,NaN,NaN,
101.982,0.00884,-0.01785,0.12943,-0.48239,0.01339,-0.30404,0.82139,NaN,NaN,NaN,NaN,NaN,NaN,NaN,NaN,NaN,NaN,NaN,NaN,NaN,NaN,NaN,NaN,NaN,NaN,NaN,NaN,NaN,
102.007,0.00885,-0.01784,0.12953,-0.48324,0.01406,-0.30349,0.82108,NaN,NaN,NaN,NaN,NaN,NaN,NaN,NaN,NaN,NaN,NaN,NaN,NaN,NaN,NaN,NaN,NaN,NaN,NaN,NaN,NaN,
102.032,0.00888,-0.01785,0.12968,-0.48363,0.01467,-0.30345,0.82086,NaN,NaN,NaN,NaN,NaN,NaN,NaN,NaN,NaN,NaN,NaN,NaN,NaN,NaN,NaN,NaN,NaN,NaN,NaN,NaN,NaN,
102.057,0.00893,-0.01783,0.12977,-0.48406,0.01517,-0.30328,0.82066,NaN,NaN,NaN,NaN,NaN,NaN,NaN,NaN,NaN,NaN,NaN,NaN,NaN,NaN,NaN,NaN,NaN,NaN,NaN,NaN,NaN,
102.082,0.00889,-0.01782,0.12988,-0.48469,0.01561,-0.30282,0.82044,NaN,NaN,NaN,NaN,NaN,NaN,NaN,NaN,NaN,NaN,NaN,NaN,NaN,NaN,NaN,NaN,NaN,NaN,NaN,NaN,NaN,
102.107,0.00891,-0.01783,0.13000,-0.48526,0.01612,-0.30250,0.82022,NaN,NaN,NaN,NaN,NaN,NaN,NaN,NaN,NaN,NaN,NaN,NaN,NaN,NaN,NaN,NaN,NaN,NaN,NaN,NaN,NaN,
102.132,0.00887,-0.01789,0.13011,-0.48590,0.01667,-0.30211,0.81997,NaN,NaN,NaN,NaN,NaN,NaN,NaN,NaN,NaN,NaN,NaN,NaN,NaN,NaN,NaN,NaN,NaN,NaN,NaN,NaN,NaN,
102.157,0.00886,-0.01793,0.13024,-0.48593,0.01693,-0.30226,0.81990,NaN,NaN,NaN,NaN,NaN,NaN,NaN,NaN,NaN,NaN,NaN,NaN,NaN,NaN,NaN,NaN,NaN,NaN,NaN,NaN,NaN,
102.182,0.00886,-0.01792,0.13029,-0.48606,0.01684,-0.30204,0.81990,NaN,NaN,NaN,NaN,NaN,NaN,NaN,NaN,NaN,NaN,NaN,NaN,NaN,NaN,NaN,NaN,NaN,NaN,NaN,NaN,NaN,
102.207,0.00881,-0.01796,0.13043,-0.48618,0.01717,-0.30213,0.81979,NaN,NaN,NaN,NaN,NaN,NaN,NaN,NaN,NaN,NaN,NaN,NaN,NaN,NaN,NaN,NaN,NaN,NaN,NaN,NaN,NaN,
102.232,0.00887,-0.01787,0.13004,-0.48525,0.01592,-0.30236,0.82028,NaN,NaN,NaN,NaN,NaN,NaN,NaN,NaN,NaN,NaN,NaN,NaN,NaN,NaN,NaN,NaN,NaN,NaN,NaN,NaN,NaN,
102.257,0.00887,-0.01790,0.13014,-0.48548,0.01624,-0.30232,0.82015,NaN,NaN,NaN,NaN,NaN,NaN,NaN,NaN,NaN,NaN,NaN,NaN,NaN,NaN,NaN,NaN,NaN,NaN,NaN,NaN,NaN,
102.282,0.00886,-0.01792,0.13022,-0.48563,0.01645,-0.30228,0.82007,NaN,NaN,NaN,NaN,NaN,NaN,NaN,NaN,NaN,NaN,NaN,NaN,NaN,NaN,NaN,NaN,NaN,NaN,NaN,NaN,NaN,
102.307,0.00884,-0.01796,0.13029,-0.48564,0.01659,-0.30238,0.82003,NaN,NaN,NaN,NaN,NaN,NaN,NaN,NaN,NaN,NaN,NaN,NaN,NaN,NaN,NaN,NaN,NaN,NaN,NaN,NaN,NaN,
102.332,0.00882,-0.01800,0.13037,-0.48555,0.01674,-0.30258,0.82000,NaN,NaN,NaN,NaN,NaN,NaN,NaN,NaN,NaN,NaN,NaN,NaN,NaN,NaN,NaN,NaN,NaN,NaN,NaN,NaN,NaN,
102.357,0.00881,-0.01804,0.13041,-0.48539,0.01668,-0.30273,0.82004,NaN,NaN,NaN,NaN,NaN,NaN,NaN,NaN,NaN,NaN,NaN,NaN,NaN,NaN,NaN,NaN,NaN,NaN,NaN,NaN,NaN,
102.382,0.00879,-0.01808,0.13044,-0.48511,0.01658,-0.30301,0.82011,NaN,NaN,NaN,NaN,NaN,NaN,NaN,NaN,NaN,NaN,NaN,NaN,NaN,NaN,NaN,NaN,NaN,NaN,NaN,NaN,NaN,
102.407,0.00875,-0.01832,0.13048,-0.48283,0.01524,-0.30482,0.82081,NaN,NaN,NaN,NaN,NaN,NaN,NaN,NaN,NaN,NaN,NaN,NaN,NaN,NaN,NaN,NaN,NaN,NaN,NaN,NaN,NaN,
102.432,0.00859,-0.01837,0.13046,-0.48175,0.01384,-0.30514,0.82135,NaN,NaN,NaN,NaN,NaN,NaN,NaN,NaN,NaN,NaN,NaN,NaN,NaN,NaN,NaN,NaN,NaN,NaN,NaN,NaN,NaN,
102.457,0.00862,-0.01844,0.13048,-0.48069,0.01343,-0.30612,0.82161,NaN,NaN,NaN,NaN,NaN,NaN,NaN,NaN,NaN,NaN,NaN,NaN,NaN,NaN,NaN,NaN,NaN,NaN,NaN,NaN,NaN,
102.482,0.00863,-0.01852,0.13046,-0.47950,0.01292,-0.30718,0.82192,NaN,NaN,NaN,NaN,NaN,NaN,NaN,NaN,NaN,NaN,NaN,NaN,NaN,NaN,NaN,NaN,NaN,NaN,NaN,NaN,NaN,
102.507,0.00855,-0.01849,0.13038,-0.47962,0.01220,-0.30654,0.82210,NaN,NaN,NaN,NaN,NaN,NaN,NaN,NaN,NaN,NaN,NaN,NaN,NaN,NaN,NaN,NaN,NaN,NaN,NaN,NaN,NaN,
102.532,0.00825,-0.01842,0.13039,-0.48094,0.01144,-0.30442,0.82213,NaN,NaN,NaN,NaN,NaN,NaN,NaN,NaN,NaN,NaN,NaN,NaN,NaN,NaN,NaN,NaN,NaN,NaN,NaN,NaN,NaN,
102.557,0.00799,-0.01844,0.13039,-0.48051,0.00998,-0.30390,0.82259,NaN,NaN,NaN,NaN,NaN,NaN,NaN,NaN,NaN,NaN,NaN,NaN,NaN,NaN,NaN,NaN,NaN,NaN,NaN,NaN,NaN,
102.582,0.00794,-0.01849,0.13026,-0.48019,0.00913,-0.30368,0.82287,NaN,NaN,NaN,NaN,NaN,NaN,NaN,NaN,NaN,NaN,NaN,NaN,NaN,NaN,NaN,NaN,NaN,NaN,NaN,NaN,NaN,
102.607,0.00789,-0.01853,0.13014,-0.47966,0.00792,-0.30346,0.82327,NaN,NaN,NaN,NaN,NaN,NaN,NaN,NaN,NaN,NaN,NaN,NaN,NaN,NaN,NaN,NaN,NaN,NaN,NaN,NaN,NaN,
102.632,0.00768,-0.01860,0.13007,-0.47871,0.00644,-0.30355,0.82381,NaN,NaN,NaN,NaN,NaN,NaN,NaN,NaN,NaN,NaN,NaN,NaN,NaN,NaN,NaN,NaN,NaN,NaN,NaN,NaN,NaN,
102.657,0.00764,-0.01854,0.13000,-0.47826,0.00572,-0.30357,0.82406,NaN,NaN,NaN,NaN,NaN,NaN,NaN,NaN,NaN,NaN,NaN,NaN,NaN,NaN,NaN,NaN,NaN,NaN,NaN,NaN,NaN,
102.682,0.00748,-0.01855,0.12993,-0.47763,0.00450,-0.30347,0.82448,NaN,NaN,NaN,NaN,NaN,NaN,NaN,NaN,NaN,NaN,NaN,NaN,NaN,NaN,NaN,NaN,NaN,NaN,NaN,NaN,NaN,
102.707,0.00743,-0.01856,0.12974,-0.47702,0.00272,-0.30292,0.82504,NaN,NaN,NaN,NaN,NaN,NaN,NaN,NaN,NaN,NaN,NaN,NaN,NaN,NaN,NaN,NaN,NaN,NaN,NaN,NaN,NaN,
102.732,0.00728,-0.01857,0.12961,-0.47638,0.00121,-0.30261,0.82552,NaN,NaN,NaN,NaN,NaN,NaN,NaN,NaN,NaN,NaN,NaN,NaN,NaN,NaN,NaN,NaN,NaN,NaN,NaN,NaN,NaN,
102.757,0.00720,-0.01857,0.12950,-0.47599,0.00049,-0.30256,0.82576,NaN,NaN,NaN,NaN,NaN,NaN,NaN,NaN,NaN,NaN,NaN,NaN,NaN,NaN,NaN,NaN,NaN,NaN,NaN,NaN,NaN,
102.782,0.00710,-0.01857,0.12943,-0.47501,-0.00070,-0.30288,0.82621,NaN,NaN,NaN,NaN,NaN,NaN,NaN,NaN,NaN,NaN,NaN,NaN,NaN,NaN,NaN,NaN,NaN,NaN,NaN,NaN,NaN,
102.807,0.00695,-0.01864,0.12938,-0.47423,-0.00215,-0.30278,0.82670,NaN,NaN,NaN,NaN,NaN,NaN,NaN,NaN,NaN,NaN,NaN,NaN,NaN,NaN,NaN,NaN,NaN,NaN,NaN,NaN,NaN,
102.832,0.00679,-0.01874,0.12933,-0.47344,-0.00358,-0.30270,0.82718,NaN,NaN,NaN,NaN,NaN,NaN,NaN,NaN,NaN,NaN,NaN,NaN,NaN,NaN,NaN,NaN,NaN,NaN,NaN,NaN,NaN,
102.857,0.00667,-0.01876,0.12932,-0.47261,-0.00484,-0.30277,0.82761,NaN,NaN,NaN,NaN,NaN,NaN,NaN,NaN,NaN,NaN,NaN,NaN,NaN,NaN,NaN,NaN,NaN,NaN,NaN,NaN,NaN,
102.882,0.00656,-0.01877,0.12932,-0.47189,-0.00590,-0.30286,0.82798,NaN,NaN,NaN,NaN,NaN,NaN,NaN,NaN,NaN,NaN,NaN,NaN,NaN,NaN,NaN,NaN,NaN,NaN,NaN,NaN,NaN,
102.907,0.00657,-0.01884,0.12932,-0.47118,-0.00668,-0.30316,0.82828,NaN,NaN,NaN,NaN,NaN,NaN,NaN,NaN,NaN,NaN,NaN,NaN,NaN,NaN,NaN,NaN,NaN,NaN,NaN,NaN,NaN,
102.932,0.00652,-0.01885,0.12930,-0.47056,-0.00750,-0.30329,0.82857,NaN,NaN,NaN,NaN,NaN,NaN,NaN,NaN,NaN,NaN,NaN,NaN,NaN,NaN,NaN,NaN,NaN,NaN,NaN,NaN,NaN,
102.957,0.00649,-0.01884,0.12927,-0.46971,-0.00851,-0.30358,0.82894,NaN,NaN,NaN,NaN,NaN,NaN,NaN,NaN,NaN,NaN,NaN,NaN,NaN,NaN,NaN,NaN,NaN,NaN,NaN,NaN,NaN,
102.982,0.00635,-0.01894,0.12929,-0.46837,-0.00991,-0.30416,0.82947,NaN,NaN,NaN,NaN,NaN,NaN,NaN,NaN,NaN,NaN,NaN,NaN,NaN,NaN,NaN,NaN,NaN,NaN,NaN,NaN,NaN,
103.007,0.00627,-0.01899,0.12922,-0.46742,-0.01133,-0.30426,0.82995,NaN,NaN,NaN,NaN,NaN,NaN,NaN,NaN,NaN,NaN,NaN,NaN,NaN,NaN,NaN,NaN,NaN,NaN,NaN,NaN,NaN,
103.032,0.00619,-0.01903,0.12924,-0.46667,-0.01186,-0.30477,0.83018,NaN,NaN,NaN,NaN,NaN,NaN,NaN,NaN,NaN,NaN,NaN,NaN,NaN,NaN,NaN,NaN,NaN,NaN,NaN,NaN,NaN,
103.057,0.00608,-0.01903,0.12923,-0.46749,-0.01183,-0.30382,0.83006,NaN,NaN,NaN,NaN,NaN,NaN,NaN,NaN,NaN,NaN,NaN,NaN,NaN,NaN,NaN,NaN,NaN,NaN,NaN,NaN,NaN,
103.082,0.00601,-0.01897,0.12945,-0.46952,-0.01044,-0.30241,0.82945,NaN,NaN,NaN,NaN,NaN,NaN,NaN,NaN,NaN,NaN,NaN,NaN,NaN,NaN,NaN,NaN,NaN,NaN,NaN,NaN,NaN,
103.107,0.00600,-0.01892,0.12957,-0.47008,-0.01038,-0.30178,0.82936,NaN,NaN,NaN,NaN,NaN,NaN,NaN,NaN,NaN,NaN,NaN,NaN,NaN,NaN,NaN,NaN,NaN,NaN,NaN,NaN,NaN,
103.132,0.00594,-0.01902,0.12965,-0.47049,-0.01003,-0.30154,0.82922,NaN,NaN,NaN,NaN,NaN,NaN,NaN,NaN,NaN,NaN,NaN,NaN,NaN,NaN,NaN,NaN,NaN,NaN,NaN,NaN,NaN,
103.157,0.00594,-0.01905,0.12972,-0.47051,-0.01016,-0.30142,0.82925,NaN,NaN,NaN,NaN,NaN,NaN,NaN,NaN,NaN,NaN,NaN,NaN,NaN,NaN,NaN,NaN,NaN,NaN,NaN,NaN,NaN,
103.182,0.00593,-0.01907,0.12981,-0.47004,-0.01053,-0.30171,0.82941,NaN,NaN,NaN,NaN,NaN,NaN,NaN,NaN,NaN,NaN,NaN,NaN,NaN,NaN,NaN,NaN,NaN,NaN,NaN,NaN,NaN,
103.207,0.00586,-0.01909,0.12986,-0.46898,-0.01157,-0.30222,0.82981,NaN,NaN,NaN,NaN,NaN,NaN,NaN,NaN,NaN,NaN,NaN,NaN,NaN,NaN,NaN,NaN,NaN,NaN,NaN,NaN,NaN,
103.232,0.00578,-0.01916,0.12995,-0.46823,-0.01237,-0.30254,0.83011,NaN,NaN,NaN,NaN,NaN,NaN,NaN,NaN,NaN,NaN,NaN,NaN,NaN,NaN,NaN,NaN,NaN,NaN,NaN,NaN,NaN,
103.257,0.00564,-0.01933,0.13010,-0.46780,-0.01288,-0.30268,0.83029,NaN,NaN,NaN,NaN,NaN,NaN,NaN,NaN,NaN,NaN,NaN,NaN,NaN,NaN,NaN,NaN,NaN,NaN,NaN,NaN,NaN,
103.282,0.00562,-0.01938,0.13018,-0.46788,-0.01292,-0.30255,0.83029,NaN,NaN,NaN,NaN,NaN,NaN,NaN,NaN,NaN,NaN,NaN,NaN,NaN,NaN,NaN,NaN,NaN,NaN,NaN,NaN,NaN,
103.307,0.00558,-0.01942,0.13030,-0.46792,-0.01265,-0.30270,0.83022,NaN,NaN,NaN,NaN,NaN,NaN,NaN,NaN,NaN,NaN,NaN,NaN,NaN,NaN,NaN,NaN,NaN,NaN,NaN,NaN,NaN,
103.332,0.00556,-0.01943,0.13035,-0.46767,-0.01294,-0.30279,0.83032,NaN,NaN,NaN,NaN,NaN,NaN,NaN,NaN,NaN,NaN,NaN,NaN,NaN,NaN,NaN,NaN,NaN,NaN,NaN,NaN,NaN,
103.357,0.00544,-0.01948,0.13035,-0.46680,-0.01444,-0.30273,0.83081,NaN,NaN,NaN,NaN,NaN,NaN,NaN,NaN,NaN,NaN,NaN,NaN,NaN,NaN,NaN,NaN,NaN,NaN,NaN,NaN,NaN,
103.382,0.00540,-0.01950,0.13029,-0.46618,-0.01578,-0.30249,0.83122,NaN,NaN,NaN,NaN,NaN,NaN,NaN,NaN,NaN,NaN,NaN,NaN,NaN,NaN,NaN,NaN,NaN,NaN,NaN,NaN,NaN,
103.407,0.00530,-0.01951,0.13034,-0.46551,-0.01626,-0.30294,0.83142,NaN,NaN,NaN,NaN,NaN,NaN,NaN,NaN,NaN,NaN,NaN,NaN,NaN,NaN,NaN,NaN,NaN,NaN,NaN,NaN,NaN,
103.432,0.00523,-0.01954,0.13033,-0.46474,-0.01681,-0.30344,0.83166,NaN,NaN,NaN,NaN,NaN,NaN,NaN,NaN,NaN,NaN,NaN,NaN,NaN,NaN,NaN,NaN,NaN,NaN,NaN,NaN,NaN,
103.457,0.00529,-0.01958,0.13027,-0.46465,-0.01716,-0.30330,0.83176,NaN,NaN,NaN,NaN,NaN,NaN,NaN,NaN,NaN,NaN,NaN,NaN,NaN,NaN,NaN,NaN,NaN,NaN,NaN,NaN,NaN,
103.482,0.00514,-0.01972,0.13036,-0.46433,-0.01771,-0.30327,0.83193,NaN,NaN,NaN,NaN,NaN,NaN,NaN,NaN,NaN,NaN,NaN,NaN,NaN,NaN,NaN,NaN,NaN,NaN,NaN,NaN,NaN,
103.507,0.00505,-0.01966,0.13029,-0.46372,-0.01938,-0.30277,0.83242,NaN,NaN,NaN,NaN,NaN,NaN,NaN,NaN,NaN,NaN,NaN,NaN,NaN,NaN,NaN,NaN,NaN,NaN,NaN,NaN,NaN,
103.532,0.00496,-0.01965,0.13037,-0.46301,-0.01993,-0.30321,0.83264,NaN,NaN,NaN,NaN,NaN,NaN,NaN,NaN,NaN,NaN,NaN,NaN,NaN,NaN,NaN,NaN,NaN,NaN,NaN,NaN,NaN,
103.557,0.00495,-0.01971,0.13029,-0.46252,-0.02063,-0.30327,0.83287,NaN,NaN,NaN,NaN,NaN,NaN,NaN,NaN,NaN,NaN,NaN,NaN,NaN,NaN,NaN,NaN,NaN,NaN,NaN,NaN,NaN,
103.582,0.00500,-0.01971,0.13032,-0.46196,-0.02071,-0.30387,0.83296,NaN,NaN,NaN,NaN,NaN,NaN,NaN,NaN,NaN,NaN,NaN,NaN,NaN,NaN,NaN,NaN,NaN,NaN,NaN,NaN,NaN,
103.607,0.00492,-0.01962,0.13022,-0.46318,-0.02059,-0.30252,0.83278,NaN,NaN,NaN,NaN,NaN,NaN,NaN,NaN,NaN,NaN,NaN,NaN,NaN,NaN,NaN,NaN,NaN,NaN,NaN,NaN,NaN,
103.632,0.00472,-0.01966,0.13023,-0.46286,-0.02146,-0.30226,0.83303,NaN,NaN,NaN,NaN,NaN,NaN,NaN,NaN,NaN,NaN,NaN,NaN,NaN,NaN,NaN,NaN,NaN,NaN,NaN,NaN,NaN,
103.657,0.00467,-0.01960,0.13008,-0.46298,-0.02242,-0.30140,0.83325,NaN,NaN,NaN,NaN,NaN,NaN,NaN,NaN,NaN,NaN,NaN,NaN,NaN,NaN,NaN,NaN,NaN,NaN,NaN,NaN,NaN,
103.682,0.00454,-0.01960,0.13004,-0.46293,-0.02312,-0.30095,0.83342,NaN,NaN,NaN,NaN,NaN,NaN,NaN,NaN,NaN,NaN,NaN,NaN,NaN,NaN,NaN,NaN,NaN,NaN,NaN,NaN,NaN,
103.707,0.00445,-0.01955,0.12996,-0.46328,-0.02331,-0.30039,0.83342,NaN,NaN,NaN,NaN,NaN,NaN,NaN,NaN,NaN,NaN,NaN,NaN,NaN,NaN,NaN,NaN,NaN,NaN,NaN,NaN,NaN,
103.732,0.00446,-0.01961,0.12994,-0.46311,-0.02317,-0.30070,0.83341,NaN,NaN,NaN,NaN,NaN,NaN,NaN,NaN,NaN,NaN,NaN,NaN,NaN,NaN,NaN,NaN,NaN,NaN,NaN,NaN,NaN,
103.757,0.00435,-0.01961,0.12984,-0.46264,-0.02420,-0.30048,0.83372,NaN,NaN,NaN,NaN,NaN,NaN,NaN,NaN,NaN,NaN,NaN,NaN,NaN,NaN,NaN,NaN,NaN,NaN,NaN,NaN,NaN,
103.782,0.00423,-0.01957,0.12977,-0.46177,-0.02566,-0.30044,0.83417,NaN,NaN,NaN,NaN,NaN,NaN,NaN,NaN,NaN,NaN,NaN,NaN,NaN,NaN,NaN,NaN,NaN,NaN,NaN,NaN,NaN,
103.807,0.00421,-0.01947,0.12964,-0.46166,-0.02664,-0.29985,0.83442,NaN,NaN,NaN,NaN,NaN,NaN,NaN,NaN,NaN,NaN,NaN,NaN,NaN,NaN,NaN,NaN,NaN,NaN,NaN,NaN,NaN,
103.832,0.00418,-0.01949,0.12953,-0.46153,-0.02725,-0.29954,0.83458,NaN,NaN,NaN,NaN,NaN,NaN,NaN,NaN,NaN,NaN,NaN,NaN,NaN,NaN,NaN,NaN,NaN,NaN,NaN,NaN,NaN,
103.857,0.00410,-0.01952,0.12949,-0.46112,-0.02788,-0.29955,0.83478,NaN,NaN,NaN,NaN,NaN,NaN,NaN,NaN,NaN,NaN,NaN,NaN,NaN,NaN,NaN,NaN,NaN,NaN,NaN,NaN,NaN,
103.882,0.00398,-0.01951,0.12937,-0.46091,-0.02872,-0.29917,0.83500,NaN,NaN,NaN,NaN,NaN,NaN,NaN,NaN,NaN,NaN,NaN,NaN,NaN,NaN,NaN,NaN,NaN,NaN,NaN,NaN,NaN,
103.907,0.00397,-0.01952,0.12934,-0.46061,-0.02919,-0.29918,0.83515,NaN,NaN,NaN,NaN,NaN,NaN,NaN,NaN,NaN,NaN,NaN,NaN,NaN,NaN,NaN,NaN,NaN,NaN,NaN,NaN,NaN,
103.932,0.00383,-0.01960,0.12940,-0.45945,-0.03059,-0.29951,0.83562,NaN,NaN,NaN,NaN,NaN,NaN,NaN,NaN,NaN,NaN,NaN,NaN,NaN,NaN,NaN,NaN,NaN,NaN,NaN,NaN,NaN,
103.957,0.00368,-0.01956,0.12934,-0.45841,-0.03265,-0.29920,0.83622,NaN,NaN,NaN,NaN,NaN,NaN,NaN,NaN,NaN,NaN,NaN,NaN,NaN,NaN,NaN,NaN,NaN,NaN,NaN,NaN,NaN,
103.982,0.00358,-0.01960,0.12934,-0.45739,-0.03424,-0.29922,0.83671,NaN,NaN,NaN,NaN,NaN,NaN,NaN,NaN,NaN,NaN,NaN,NaN,NaN,NaN,NaN,NaN,NaN,NaN,NaN,NaN,NaN,
104.007,0.00356,-0.01960,0.12928,-0.45688,-0.03528,-0.29905,0.83701,NaN,NaN,NaN,NaN,NaN,NaN,NaN,NaN,NaN,NaN,NaN,NaN,NaN,NaN,NaN,NaN,NaN,NaN,NaN,NaN,NaN,
104.032,0.00345,-0.01966,0.12935,-0.45548,-0.03620,-0.30001,0.83739,NaN,NaN,NaN,NaN,NaN,NaN,NaN,NaN,NaN,NaN,NaN,NaN,NaN,NaN,NaN,NaN,NaN,NaN,NaN,NaN,NaN,
104.057,0.00326,-0.01975,0.12932,-0.45415,-0.03793,-0.30028,0.83794,NaN,NaN,NaN,NaN,NaN,NaN,NaN,NaN,NaN,NaN,NaN,NaN,NaN,NaN,NaN,NaN,NaN,NaN,NaN,NaN,NaN,
104.082,0.00312,-0.01986,0.12931,-0.45291,-0.03976,-0.30036,0.83850,NaN,NaN,NaN,NaN,NaN,NaN,NaN,NaN,NaN,NaN,NaN,NaN,NaN,NaN,NaN,NaN,NaN,NaN,NaN,NaN,NaN,
104.107,0.00300,-0.01987,0.12931,-0.45193,-0.04120,-0.30043,0.83893,NaN,NaN,NaN,NaN,NaN,NaN,NaN,NaN,NaN,NaN,NaN,NaN,NaN,NaN,NaN,NaN,NaN,NaN,NaN,NaN,NaN,
104.132,0.00289,-0.01993,0.12940,-0.45103,-0.04202,-0.30087,0.83922,NaN,NaN,NaN,NaN,NaN,NaN,NaN,NaN,NaN,NaN,NaN,NaN,NaN,NaN,NaN,NaN,NaN,NaN,NaN,NaN,NaN,
104.157,0.00289,-0.01993,0.12940,-0.45103,-0.04202,-0.30087,0.83922,NaN,NaN,NaN,NaN,NaN,NaN,NaN,NaN,NaN,NaN,NaN,NaN,NaN,NaN,NaN,NaN,NaN,NaN,NaN,NaN,NaN,
104.182,0.00269,-0.01970,0.12951,-0.45593,-0.03990,-0.29667,0.83817,NaN,NaN,NaN,NaN,NaN,NaN,NaN,NaN,NaN,NaN,NaN,NaN,NaN,NaN,NaN,NaN,NaN,NaN,NaN,NaN,NaN,
104.207,0.00262,-0.01971,0.12963,-0.45597,-0.03998,-0.29657,0.83818,NaN,NaN,NaN,NaN,NaN,NaN,NaN,NaN,NaN,NaN,NaN,NaN,NaN,NaN,NaN,NaN,NaN,NaN,NaN,NaN,NaN,
104.232,0.00255,-0.01975,0.12969,-0.45568,-0.04069,-0.29637,0.83837,NaN,NaN,NaN,NaN,NaN,NaN,NaN,NaN,NaN,NaN,NaN,NaN,NaN,NaN,NaN,NaN,NaN,NaN,NaN,NaN,NaN,
104.257,0.00250,-0.01976,0.12979,-0.45610,-0.04079,-0.29580,0.83834,NaN,NaN,NaN,NaN,NaN,NaN,NaN,NaN,NaN,NaN,NaN,NaN,NaN,NaN,NaN,NaN,NaN,NaN,NaN,NaN,NaN,
104.282,0.00247,-0.01982,0.12989,-0.45571,-0.04110,-0.29602,0.83846,NaN,NaN,NaN,NaN,NaN,NaN,NaN,NaN,NaN,NaN,NaN,NaN,NaN,NaN,NaN,NaN,NaN,NaN,NaN,NaN,NaN,
104.307,0.00228,-0.01987,0.13000,-0.45519,-0.04181,-0.29610,0.83868,NaN,NaN,NaN,NaN,NaN,NaN,NaN,NaN,NaN,NaN,NaN,NaN,NaN,NaN,NaN,NaN,NaN,NaN,NaN,NaN,NaN,
104.332,0.00222,-0.01990,0.13007,-0.45536,-0.04228,-0.29554,0.83876,NaN,NaN,NaN,NaN,NaN,NaN,NaN,NaN,NaN,NaN,NaN,NaN,NaN,NaN,NaN,NaN,NaN,NaN,NaN,NaN,NaN,
104.357,0.00212,-0.01995,0.13018,-0.45500,-0.04299,-0.29542,0.83896,NaN,NaN,NaN,NaN,NaN,NaN,NaN,NaN,NaN,NaN,NaN,NaN,NaN,NaN,NaN,NaN,NaN,NaN,NaN,NaN,NaN,
104.382,0.00202,-0.01996,0.13028,-0.45469,-0.04361,-0.29532,0.83913,NaN,NaN,NaN,NaN,NaN,NaN,NaN,NaN,NaN,NaN,NaN,NaN,NaN,NaN,NaN,NaN,NaN,NaN,NaN,NaN,NaN,
104.407,0.00195,-0.01995,0.13034,-0.45460,-0.04396,-0.29517,0.83922,NaN,NaN,NaN,NaN,NaN,NaN,NaN,NaN,NaN,NaN,NaN,NaN,NaN,NaN,NaN,NaN,NaN,NaN,NaN,NaN,NaN,
104.432,0.00193,-0.02001,0.13037,-0.45420,-0.04451,-0.29521,0.83939,NaN,NaN,NaN,NaN,NaN,NaN,NaN,NaN,NaN,NaN,NaN,NaN,NaN,NaN,NaN,NaN,NaN,NaN,NaN,NaN,NaN,
104.457,0.00187,-0.02002,0.13036,-0.45381,-0.04523,-0.29513,0.83959,NaN,NaN,NaN,NaN,NaN,NaN,NaN,NaN,NaN,NaN,NaN,NaN,NaN,NaN,NaN,NaN,NaN,NaN,NaN,NaN,NaN,
104.482,0.00180,-0.02004,0.13037,-0.45333,-0.04590,-0.29519,0.83979,NaN,NaN,NaN,NaN,NaN,NaN,NaN,NaN,NaN,NaN,NaN,NaN,NaN,NaN,NaN,NaN,NaN,NaN,NaN,NaN,NaN,
104.507,0.00165,-0.02008,0.13038,-0.45274,-0.04699,-0.29504,0.84010,NaN,NaN,NaN,NaN,NaN,NaN,NaN,NaN,NaN,NaN,NaN,NaN,NaN,NaN,NaN,NaN,NaN,NaN,NaN,NaN,NaN,
104.532,0.00160,-0.02009,0.13036,-0.45242,-0.04772,-0.29486,0.84029,NaN,NaN,NaN,NaN,NaN,NaN,NaN,NaN,NaN,NaN,NaN,NaN,NaN,NaN,NaN,NaN,NaN,NaN,NaN,NaN,NaN,
104.557,0.00155,-0.02010,0.13038,-0.45211,-0.04820,-0.29486,0.84043,NaN,NaN,NaN,NaN,NaN,NaN,NaN,NaN,NaN,NaN,NaN,NaN,NaN,NaN,NaN,NaN,NaN,NaN,NaN,NaN,NaN,
104.582,0.00150,-0.02011,0.13038,-0.45192,-0.04877,-0.29465,0.84058,NaN,NaN,NaN,NaN,NaN,NaN,NaN,NaN,NaN,NaN,NaN,NaN,NaN,NaN,NaN,NaN,NaN,NaN,NaN,NaN,NaN,
104.607,0.00149,-0.02011,0.13036,-0.45163,-0.04940,-0.29452,0.84075,NaN,NaN,NaN,NaN,NaN,NaN,NaN,NaN,NaN,NaN,NaN,NaN,NaN,NaN,NaN,NaN,NaN,NaN,NaN,NaN,NaN,
104.632,0.00144,-0.02013,0.13035,-0.45119,-0.04989,-0.29466,0.84090,NaN,NaN,NaN,NaN,NaN,NaN,NaN,NaN,NaN,NaN,NaN,NaN,NaN,NaN,NaN,NaN,NaN,NaN,NaN,NaN,NaN,
104.657,0.00140,-0.02012,0.13035,-0.45050,-0.05054,-0.29498,0.84112,NaN,NaN,NaN,NaN,NaN,NaN,NaN,NaN,NaN,NaN,NaN,NaN,NaN,NaN,NaN,NaN,NaN,NaN,NaN,NaN,NaN,
104.682,0.00132,-0.02014,0.13033,-0.44973,-0.05171,-0.29498,0.84146,NaN,NaN,NaN,NaN,NaN,NaN,NaN,NaN,NaN,NaN,NaN,NaN,NaN,NaN,NaN,NaN,NaN,NaN,NaN,NaN,NaN,
104.707,0.00114,-0.02017,0.13020,-0.44889,-0.05354,-0.29456,0.84194,NaN,NaN,NaN,NaN,NaN,NaN,NaN,NaN,NaN,NaN,NaN,NaN,NaN,NaN,NaN,NaN,NaN,NaN,NaN,NaN,NaN,
104.732,0.00107,-0.02017,0.13014,-0.44854,-0.05410,-0.29454,0.84210,NaN,NaN,NaN,NaN,NaN,NaN,NaN,NaN,NaN,NaN,NaN,NaN,NaN,NaN,NaN,NaN,NaN,NaN,NaN,NaN,NaN,
104.757,0.00104,-0.02012,0.13008,-0.44838,-0.05433,-0.29455,0.84216,NaN,NaN,NaN,NaN,NaN,NaN,NaN,NaN,NaN,NaN,NaN,NaN,NaN,NaN,NaN,NaN,NaN,NaN,NaN,NaN,NaN,
104.782,0.00101,-0.02008,0.12996,-0.44844,-0.05468,-0.29422,0.84223,NaN,NaN,NaN,NaN,NaN,NaN,NaN,NaN,NaN,NaN,NaN,NaN,NaN,NaN,NaN,NaN,NaN,NaN,NaN,NaN,NaN,
104.807,0.00102,-0.02006,0.12990,-0.44860,-0.05495,-0.29381,0.84227,NaN,NaN,NaN,NaN,NaN,NaN,NaN,NaN,NaN,NaN,NaN,NaN,NaN,NaN,NaN,NaN,NaN,NaN,NaN,NaN,NaN,
104.832,0.00096,-0.02002,0.12983,-0.44832,-0.05573,-0.29354,0.84246,NaN,NaN,NaN,NaN,NaN,NaN,NaN,NaN,NaN,NaN,NaN,NaN,NaN,NaN,NaN,NaN,NaN,NaN,NaN,NaN,NaN,
104.857,0.00087,-0.01996,0.12975,-0.44793,-0.05643,-0.29346,0.84265,NaN,NaN,NaN,NaN,NaN,NaN,NaN,NaN,NaN,NaN,NaN,NaN,NaN,NaN,NaN,NaN,NaN,NaN,NaN,NaN,NaN,
104.882,0.00084,-0.01997,0.12964,-0.44776,-0.05701,-0.29321,0.84279,NaN,NaN,NaN,NaN,NaN,NaN,NaN,NaN,NaN,NaN,NaN,NaN,NaN,NaN,NaN,NaN,NaN,NaN,NaN,NaN,NaN,
104.907,0.00078,-0.01990,0.12951,-0.44775,-0.05787,-0.29256,0.84296,NaN,NaN,NaN,NaN,NaN,NaN,NaN,NaN,NaN,NaN,NaN,NaN,NaN,NaN,NaN,NaN,NaN,NaN,NaN,NaN,NaN,
104.932,0.00068,-0.01993,0.12955,-0.44718,-0.05846,-0.29276,0.84315,NaN,NaN,NaN,NaN,NaN,NaN,NaN,NaN,NaN,NaN,NaN,NaN,NaN,NaN,NaN,NaN,NaN,NaN,NaN,NaN,NaN,
104.957,0.00058,-0.01992,0.12943,-0.44701,-0.05950,-0.29216,0.84338,NaN,NaN,NaN,NaN,NaN,NaN,NaN,NaN,NaN,NaN,NaN,NaN,NaN,NaN,NaN,NaN,NaN,NaN,NaN,NaN,NaN,
104.982,0.00056,-0.01993,0.12941,-0.44692,-0.05997,-0.29189,0.84348,NaN,NaN,NaN,NaN,NaN,NaN,NaN,NaN,NaN,NaN,NaN,NaN,NaN,NaN,NaN,NaN,NaN,NaN,NaN,NaN,NaN,
105.007,0.00046,-0.01990,0.12942,-0.44620,-0.06111,-0.29186,0.84380,NaN,NaN,NaN,NaN,NaN,NaN,NaN,NaN,NaN,NaN,NaN,NaN,NaN,NaN,NaN,NaN,NaN,NaN,NaN,NaN,NaN,
105.032,0.00031,-0.01992,0.12941,-0.44515,-0.06253,-0.29199,0.84420,NaN,NaN,NaN,NaN,NaN,NaN,NaN,NaN,NaN,NaN,NaN,NaN,NaN,NaN,NaN,NaN,NaN,NaN,NaN,NaN,NaN,
105.057,0.00032,-0.01993,0.12937,-0.44457,-0.06347,-0.29193,0.84445,NaN,NaN,NaN,NaN,NaN,NaN,NaN,NaN,NaN,NaN,NaN,NaN,NaN,NaN,NaN,NaN,NaN,NaN,NaN,NaN,NaN,
105.082,0.00019,-0.01995,0.12940,-0.44356,-0.06479,-0.29210,0.84483,NaN,NaN,NaN,NaN,NaN,NaN,NaN,NaN,NaN,NaN,NaN,NaN,NaN,NaN,NaN,NaN,NaN,NaN,NaN,NaN,NaN,
105.107,0.00004,-0.01997,0.12936,-0.44259,-0.06633,-0.29202,0.84524,NaN,NaN,NaN,NaN,NaN,NaN,NaN,NaN,NaN,NaN,NaN,NaN,NaN,NaN,NaN,NaN,NaN,NaN,NaN,NaN,NaN,
105.132,-0.00007,-0.02005,0.12937,-0.44171,-0.06769,-0.29199,0.84561,NaN,NaN,NaN,NaN,NaN,NaN,NaN,NaN,NaN,NaN,NaN,NaN,NaN,NaN,NaN,NaN,NaN,NaN,NaN,NaN,NaN,
105.157,-0.00027,-0.02009,0.12936,-0.44051,-0.06963,-0.29188,0.84611,NaN,NaN,NaN,NaN,NaN,NaN,NaN,NaN,NaN,NaN,NaN,NaN,NaN,NaN,NaN,NaN,NaN,NaN,NaN,NaN,NaN,
105.182,-0.00045,-0.02011,0.12936,-0.43958,-0.07114,-0.29178,0.84651,NaN,NaN,NaN,NaN,NaN,NaN,NaN,NaN,NaN,NaN,NaN,NaN,NaN,NaN,NaN,NaN,NaN,NaN,NaN,NaN,NaN,
105.207,-0.00050,-0.02013,0.12940,-0.43898,-0.07213,-0.29171,0.84676,NaN,NaN,NaN,NaN,NaN,NaN,NaN,NaN,NaN,NaN,NaN,NaN,NaN,NaN,NaN,NaN,NaN,NaN,NaN,NaN,NaN,
105.232,-0.00070,-0.02002,0.12934,-0.44052,-0.07237,-0.28970,0.84663,NaN,NaN,NaN,NaN,NaN,NaN,NaN,NaN,NaN,NaN,NaN,NaN,NaN,NaN,NaN,NaN,NaN,NaN,NaN,NaN,NaN,
105.257,-0.00073,-0.01989,0.12960,-0.44291,-0.07069,-0.28820,0.84603,NaN,NaN,NaN,NaN,NaN,NaN,NaN,NaN,NaN,NaN,NaN,NaN,NaN,NaN,NaN,NaN,NaN,NaN,NaN,NaN,NaN,
105.282,-0.00089,-0.01985,0.12968,-0.44365,-0.07110,-0.28700,0.84602,NaN,NaN,NaN,NaN,NaN,NaN,NaN,NaN,NaN,NaN,NaN,NaN,NaN,NaN,NaN,NaN,NaN,NaN,NaN,NaN,NaN,
105.307,-0.00097,-0.01981,0.12977,-0.44473,-0.07094,-0.28584,0.84586,NaN,NaN,NaN,NaN,NaN,NaN,NaN,NaN,NaN,NaN,NaN,NaN,NaN,NaN,NaN,NaN,NaN,NaN,NaN,NaN,NaN,
105.332,-0.00101,-0.01988,0.12986,-0.44436,-0.07122,-0.28606,0.84596,NaN,NaN,NaN,NaN,NaN,NaN,NaN,NaN,NaN,NaN,NaN,NaN,NaN,NaN,NaN,NaN,NaN,NaN,NaN,NaN,NaN,
105.357,-0.00120,-0.01995,0.12992,-0.44348,-0.07227,-0.28626,0.84626,NaN,NaN,NaN,NaN,NaN,NaN,NaN,NaN,NaN,NaN,NaN,NaN,NaN,NaN,NaN,NaN,NaN,NaN,NaN,NaN,NaN,
105.382,-0.00124,-0.01995,0.13001,-0.44365,-0.07252,-0.28586,0.84628,NaN,NaN,NaN,NaN,NaN,NaN,NaN,NaN,NaN,NaN,NaN,NaN,NaN,NaN,NaN,NaN,NaN,NaN,NaN,NaN,NaN,
105.407,-0.00131,-0.01996,0.13010,-0.44418,-0.07253,-0.28522,0.84622,NaN,NaN,NaN,NaN,NaN,NaN,NaN,NaN,NaN,NaN,NaN,NaN,NaN,NaN,NaN,NaN,NaN,NaN,NaN,NaN,NaN,
105.432,-0.00134,-0.01999,0.13023,-0.44402,-0.07276,-0.28524,0.84628,NaN,NaN,NaN,NaN,NaN,NaN,NaN,NaN,NaN,NaN,NaN,NaN,NaN,NaN,NaN,NaN,NaN,NaN,NaN,NaN,NaN,
105.457,-0.00146,-0.02002,0.13033,-0.44305,-0.07368,-0.28565,0.84657,NaN,NaN,NaN,NaN,NaN,NaN,NaN,NaN,NaN,NaN,NaN,NaN,NaN,NaN,NaN,NaN,NaN,NaN,NaN,NaN,NaN,
105.482,-0.00149,-0.02000,0.13040,-0.44296,-0.07386,-0.28561,0.84661,NaN,NaN,NaN,NaN,NaN,NaN,NaN,NaN,NaN,NaN,NaN,NaN,NaN,NaN,NaN,NaN,NaN,NaN,NaN,NaN,NaN,
105.507,-0.00147,-0.02003,0.13041,-0.44309,-0.07390,-0.28543,0.84660,NaN,NaN,NaN,NaN,NaN,NaN,NaN,NaN,NaN,NaN,NaN,NaN,NaN,NaN,NaN,NaN,NaN,NaN,NaN,NaN,NaN,
105.532,-0.00151,-0.02004,0.13040,-0.44297,-0.07432,-0.28524,0.84670,NaN,NaN,NaN,NaN,NaN,NaN,NaN,NaN,NaN,NaN,NaN,NaN,NaN,NaN,NaN,NaN,NaN,NaN,NaN,NaN,NaN,
105.557,-0.00157,-0.02003,0.13041,-0.44271,-0.07472,-0.28523,0.84680,NaN,NaN,NaN,NaN,NaN,NaN,NaN,NaN,NaN,NaN,NaN,NaN,NaN,NaN,NaN,NaN,NaN,NaN,NaN,NaN,NaN,
105.582,-0.00162,-0.02007,0.13042,-0.44275,-0.07475,-0.28516,0.84680,NaN,NaN,NaN,NaN,NaN,NaN,NaN,NaN,NaN,NaN,NaN,NaN,NaN,NaN,NaN,NaN,NaN,NaN,NaN,NaN,NaN,
105.607,-0.00161,-0.02010,0.13042,-0.44284,-0.07476,-0.28505,0.84679,NaN,NaN,NaN,NaN,NaN,NaN,NaN,NaN,NaN,NaN,NaN,NaN,NaN,NaN,NaN,NaN,NaN,NaN,NaN,NaN,NaN,
105.632,-0.00163,-0.02008,0.13043,-0.44277,-0.07492,-0.28500,0.84683,NaN,NaN,NaN,NaN,NaN,NaN,NaN,NaN,NaN,NaN,NaN,NaN,NaN,NaN,NaN,NaN,NaN,NaN,NaN,NaN,NaN,
105.657,-0.00164,-0.02006,0.13047,-0.44254,-0.07507,-0.28514,0.84688,NaN,NaN,NaN,NaN,NaN,NaN,NaN,NaN,NaN,NaN,NaN,NaN,NaN,NaN,NaN,NaN,NaN,NaN,NaN,NaN,NaN,
105.682,-0.00160,-0.02006,0.13044,-0.44241,-0.07534,-0.28509,0.84695,NaN,NaN,NaN,NaN,NaN,NaN,NaN,NaN,NaN,NaN,NaN,NaN,NaN,NaN,NaN,NaN,NaN,NaN,NaN,NaN,NaN,
105.707,-0.00164,-0.02005,0.13044,-0.44211,-0.07578,-0.28509,0.84706,NaN,NaN,NaN,NaN,NaN,NaN,NaN,NaN,NaN,NaN,NaN,NaN,NaN,NaN,NaN,NaN,NaN,NaN,NaN,NaN,NaN,
105.732,-0.00174,-0.02006,0.13040,-0.44150,-0.07665,-0.28511,0.84730,NaN,NaN,NaN,NaN,NaN,NaN,NaN,NaN,NaN,NaN,NaN,NaN,NaN,NaN,NaN,NaN,NaN,NaN,NaN,NaN,NaN,
105.757,-0.00183,-0.02007,0.13035,-0.44062,-0.07774,-0.28528,0.84760,NaN,NaN,NaN,NaN,NaN,NaN,NaN,NaN,NaN,NaN,NaN,NaN,NaN,NaN,NaN,NaN,NaN,NaN,NaN,NaN,NaN,
105.782,-0.00200,-0.02012,0.13025,-0.43935,-0.07999,-0.28499,0.84815,NaN,NaN,NaN,NaN,NaN,NaN,NaN,NaN,NaN,NaN,NaN,NaN,NaN,NaN,NaN,NaN,NaN,NaN,NaN,NaN,NaN,
105.807,-0.00226,-0.02008,0.13019,-0.43840,-0.08213,-0.28439,0.84864,NaN,NaN,NaN,NaN,NaN,NaN,NaN,NaN,NaN,NaN,NaN,NaN,NaN,NaN,NaN,NaN,NaN,NaN,NaN,NaN,NaN,
105.832,-0.00228,-0.02005,0.13015,-0.43803,-0.08282,-0.28427,0.84880,NaN,NaN,NaN,NaN,NaN,NaN,NaN,NaN,NaN,NaN,NaN,NaN,NaN,NaN,NaN,NaN,NaN,NaN,NaN,NaN,NaN,
105.857,-0.00234,-0.02003,0.13006,-0.43795,-0.08337,-0.28392,0.84891,NaN,NaN,NaN,NaN,NaN,NaN,NaN,NaN,NaN,NaN,NaN,NaN,NaN,NaN,NaN,NaN,NaN,NaN,NaN,NaN,NaN,
105.882,-0.00234,-0.01995,0.12998,-0.43796,-0.08374,-0.28360,0.84897,NaN,NaN,NaN,NaN,NaN,NaN,NaN,NaN,NaN,NaN,NaN,NaN,NaN,NaN,NaN,NaN,NaN,NaN,NaN,NaN,NaN,
105.907,-0.00241,-0.01988,0.12987,-0.43774,-0.08446,-0.28329,0.84912,NaN,NaN,NaN,NaN,NaN,NaN,NaN,NaN,NaN,NaN,NaN,NaN,NaN,NaN,NaN,NaN,NaN,NaN,NaN,NaN,NaN,
105.932,-0.00243,-0.01985,0.12974,-0.43770,-0.08522,-0.28272,0.84925,NaN,NaN,NaN,NaN,NaN,NaN,NaN,NaN,NaN,NaN,NaN,NaN,NaN,NaN,NaN,NaN,NaN,NaN,NaN,NaN,NaN,
105.957,-0.00247,-0.01982,0.12963,-0.43787,-0.08570,-0.28213,0.84931,NaN,NaN,NaN,NaN,NaN,NaN,NaN,NaN,NaN,NaN,NaN,NaN,NaN,NaN,NaN,NaN,NaN,NaN,NaN,NaN,NaN,
105.982,-0.00256,-0.01976,0.12955,-0.43787,-0.08616,-0.28175,0.84939,NaN,NaN,NaN,NaN,NaN,NaN,NaN,NaN,NaN,NaN,NaN,NaN,NaN,NaN,NaN,NaN,NaN,NaN,NaN,NaN,NaN,
106.007,-0.00261,-0.01977,0.12952,-0.43753,-0.08671,-0.28171,0.84952,NaN,NaN,NaN,NaN,NaN,NaN,NaN,NaN,NaN,NaN,NaN,NaN,NaN,NaN,NaN,NaN,NaN,NaN,NaN,NaN,NaN,
106.032,-0.00268,-0.01977,0.12944,-0.43727,-0.08764,-0.28126,0.84971,NaN,NaN,NaN,NaN,NaN,NaN,NaN,NaN,NaN,NaN,NaN,NaN,NaN,NaN,NaN,NaN,NaN,NaN,NaN,NaN,NaN,
106.057,-0.00275,-0.01972,0.12941,-0.43695,-0.08858,-0.28088,0.84990,NaN,NaN,NaN,NaN,NaN,NaN,NaN,NaN,NaN,NaN,NaN,NaN,NaN,NaN,NaN,NaN,NaN,NaN,NaN,NaN,NaN,
106.082,-0.00288,-0.01968,0.12938,-0.43635,-0.08987,-0.28053,0.85019,NaN,NaN,NaN,NaN,NaN,NaN,NaN,NaN,NaN,NaN,NaN,NaN,NaN,NaN,NaN,NaN,NaN,NaN,NaN,NaN,NaN,
106.107,-0.00294,-0.01969,0.12937,-0.43558,-0.09112,-0.28043,0.85049,NaN,NaN,NaN,NaN,NaN,NaN,NaN,NaN,NaN,NaN,NaN,NaN,NaN,NaN,NaN,NaN,NaN,NaN,NaN,NaN,NaN,
106.132,-0.00304,-0.01969,0.12934,-0.43463,-0.09265,-0.28031,0.85085,NaN,NaN,NaN,NaN,NaN,NaN,NaN,NaN,NaN,NaN,NaN,NaN,NaN,NaN,NaN,NaN,NaN,NaN,NaN,NaN,NaN,
106.157,-0.00320,-0.01972,0.12932,-0.43339,-0.09432,-0.28040,0.85126,NaN,NaN,NaN,NaN,NaN,NaN,NaN,NaN,NaN,NaN,NaN,NaN,NaN,NaN,NaN,NaN,NaN,NaN,NaN,NaN,NaN,
106.182,-0.00333,-0.01972,0.12931,-0.43262,-0.09564,-0.28023,0.85157,NaN,NaN,NaN,NaN,NaN,NaN,NaN,NaN,NaN,NaN,NaN,NaN,NaN,NaN,NaN,NaN,NaN,NaN,NaN,NaN,NaN,
106.207,-0.00347,-0.01976,0.12930,-0.43171,-0.09717,-0.28006,0.85191,NaN,NaN,NaN,NaN,NaN,NaN,NaN,NaN,NaN,NaN,NaN,NaN,NaN,NaN,NaN,NaN,NaN,NaN,NaN,NaN,NaN,
106.232,-0.00360,-0.01977,0.12934,-0.43070,-0.09894,-0.27978,0.85231,NaN,NaN,NaN,NaN,NaN,NaN,NaN,NaN,NaN,NaN,NaN,NaN,NaN,NaN,NaN,NaN,NaN,NaN,NaN,NaN,NaN,
106.257,-0.00384,-0.01976,0.12933,-0.42961,-0.10099,-0.27938,0.85275,NaN,NaN,NaN,NaN,NaN,NaN,NaN,NaN,NaN,NaN,NaN,NaN,NaN,NaN,NaN,NaN,NaN,NaN,NaN,NaN,NaN,
106.282,-0.00393,-0.01971,0.12935,-0.42902,-0.10213,-0.27913,0.85299,NaN,NaN,NaN,NaN,NaN,NaN,NaN,NaN,NaN,NaN,NaN,NaN,NaN,NaN,NaN,NaN,NaN,NaN,NaN,NaN,NaN,
106.307,-0.00398,-0.01975,0.12942,-0.42876,-0.10298,-0.27873,0.85315,NaN,NaN,NaN,NaN,NaN,NaN,NaN,NaN,NaN,NaN,NaN,NaN,NaN,NaN,NaN,NaN,NaN,NaN,NaN,NaN,NaN,
106.332,-0.00409,-0.01959,0.12948,-0.43174,-0.10175,-0.27622,0.85261,NaN,NaN,NaN,NaN,NaN,NaN,NaN,NaN,NaN,NaN,NaN,NaN,NaN,NaN,NaN,NaN,NaN,NaN,NaN,NaN,NaN,
106.357,-0.00413,-0.01952,0.12959,-0.43291,-0.10095,-0.27550,0.85235,NaN,NaN,NaN,NaN,NaN,NaN,NaN,NaN,NaN,NaN,NaN,NaN,NaN,NaN,NaN,NaN,NaN,NaN,NaN,NaN,NaN,
106.382,-0.00424,-0.01951,0.12967,-0.43343,-0.10076,-0.27504,0.85226,NaN,NaN,NaN,NaN,NaN,NaN,NaN,NaN,NaN,NaN,NaN,NaN,NaN,NaN,NaN,NaN,NaN,NaN,NaN,NaN,NaN,
106.407,-0.00429,-0.01953,0.12974,-0.43389,-0.10087,-0.27440,0.85221,NaN,NaN,NaN,NaN,NaN,NaN,NaN,NaN,NaN,NaN,NaN,NaN,NaN,NaN,NaN,NaN,NaN,NaN,NaN,NaN,NaN,
106.432,-0.00442,-0.01952,0.12984,-0.43398,-0.10165,-0.27365,0.85232,NaN,NaN,NaN,NaN,NaN,NaN,NaN,NaN,NaN,NaN,NaN,NaN,NaN,NaN,NaN,NaN,NaN,NaN,NaN,NaN,NaN,
106.457,-0.00456,-0.01946,0.12998,-0.43427,-0.10196,-0.27304,0.85233,NaN,NaN,NaN,NaN,NaN,NaN,NaN,NaN,NaN,NaN,NaN,NaN,NaN,NaN,NaN,NaN,NaN,NaN,NaN,NaN,NaN,
106.482,-0.00466,-0.01943,0.13005,-0.43484,-0.10179,-0.27250,0.85223,NaN,NaN,NaN,NaN,NaN,NaN,NaN,NaN,NaN,NaN,NaN,NaN,NaN,NaN,NaN,NaN,NaN,NaN,NaN,NaN,NaN,
106.507,-0.00462,-0.01946,0.13021,-0.43516,-0.10135,-0.27248,0.85212,NaN,NaN,NaN,NaN,NaN,NaN,NaN,NaN,NaN,NaN,NaN,NaN,NaN,NaN,NaN,NaN,NaN,NaN,NaN,NaN,NaN,
106.532,-0.00463,-0.01950,0.13030,-0.43459,-0.10170,-0.27287,0.85225,NaN,NaN,NaN,NaN,NaN,NaN,NaN,NaN,NaN,NaN,NaN,NaN,NaN,NaN,NaN,NaN,NaN,NaN,NaN,NaN,NaN,
106.557,-0.00475,-0.01954,0.13032,-0.43355,-0.10288,-0.27313,0.85256,NaN,NaN,NaN,NaN,NaN,NaN,NaN,NaN,NaN,NaN,NaN,NaN,NaN,NaN,NaN,NaN,NaN,NaN,NaN,NaN,NaN,
106.582,-0.00483,-0.01951,0.13042,-0.43369,-0.10313,-0.27275,0.85257,NaN,NaN,NaN,NaN,NaN,NaN,NaN,NaN,NaN,NaN,NaN,NaN,NaN,NaN,NaN,NaN,NaN,NaN,NaN,NaN,NaN,
106.607,-0.00490,-0.01955,0.13044,-0.43364,-0.10351,-0.27251,0.85264,NaN,NaN,NaN,NaN,NaN,NaN,NaN,NaN,NaN,NaN,NaN,NaN,NaN,NaN,NaN,NaN,NaN,NaN,NaN,NaN,NaN,
106.632,-0.00494,-0.01958,0.13044,-0.43373,-0.10386,-0.27210,0.85267,NaN,NaN,NaN,NaN,NaN,NaN,NaN,NaN,NaN,NaN,NaN,NaN,NaN,NaN,NaN,NaN,NaN,NaN,NaN,NaN,NaN,
106.657,-0.00501,-0.01956,0.13046,-0.43342,-0.10461,-0.27184,0.85282,NaN,NaN,NaN,NaN,NaN,NaN,NaN,NaN,NaN,NaN,NaN,NaN,NaN,NaN,NaN,NaN,NaN,NaN,NaN,NaN,NaN,
106.682,-0.00510,-0.01952,0.13047,-0.43304,-0.10521,-0.27178,0.85296,NaN,NaN,NaN,NaN,NaN,NaN,NaN,NaN,NaN,NaN,NaN,NaN,NaN,NaN,NaN,NaN,NaN,NaN,NaN,NaN,NaN,
106.707,-0.00510,-0.01949,0.13049,-0.43290,-0.10541,-0.27180,0.85300,NaN,NaN,NaN,NaN,NaN,NaN,NaN,NaN,NaN,NaN,NaN,NaN,NaN,NaN,NaN,NaN,NaN,NaN,NaN,NaN,NaN,
106.732,-0.00511,-0.01951,0.13046,-0.43274,-0.10589,-0.27158,0.85309,NaN,NaN,NaN,NaN,NaN,NaN,NaN,NaN,NaN,NaN,NaN,NaN,NaN,NaN,NaN,NaN,NaN,NaN,NaN,NaN,NaN,
106.757,-0.00512,-0.01951,0.13045,-0.43262,-0.10638,-0.27131,0.85318,NaN,NaN,NaN,NaN,NaN,NaN,NaN,NaN,NaN,NaN,NaN,NaN,NaN,NaN,NaN,NaN,NaN,NaN,NaN,NaN,NaN,
106.782,-0.00519,-0.01951,0.13042,-0.43211,-0.10703,-0.27137,0.85333,NaN,NaN,NaN,NaN,NaN,NaN,NaN,NaN,NaN,NaN,NaN,NaN,NaN,NaN,NaN,NaN,NaN,NaN,NaN,NaN,NaN,
106.807,-0.00526,-0.01950,0.13042,-0.43168,-0.10770,-0.27133,0.85348,NaN,NaN,NaN,NaN,NaN,NaN,NaN,NaN,NaN,NaN,NaN,NaN,NaN,NaN,NaN,NaN,NaN,NaN,NaN,NaN,NaN,
106.832,-0.00540,-0.01950,0.13042,-0.43079,-0.10896,-0.27133,0.85377,NaN,NaN,NaN,NaN,NaN,NaN,NaN,NaN,NaN,NaN,NaN,NaN,NaN,NaN,NaN,NaN,NaN,NaN,NaN,NaN,NaN,
106.857,-0.00560,-0.01948,0.13030,-0.43005,-0.11111,-0.27041,0.85416,NaN,NaN,NaN,NaN,NaN,NaN,NaN,NaN,NaN,NaN,NaN,NaN,NaN,NaN,NaN,NaN,NaN,NaN,NaN,NaN,NaN,
106.882,-0.00576,-0.01942,0.13025,-0.43001,-0.11233,-0.26942,0.85433,NaN,NaN,NaN,NaN,NaN,NaN,NaN,NaN,NaN,NaN,NaN,NaN,NaN,NaN,NaN,NaN,NaN,NaN,NaN,NaN,NaN,
106.907,-0.00573,-0.01934,0.13019,-0.43085,-0.11208,-0.26863,0.85419,NaN,NaN,NaN,NaN,NaN,NaN,NaN,NaN,NaN,NaN,NaN,NaN,NaN,NaN,NaN,NaN,NaN,NaN,NaN,NaN,NaN,
106.932,-0.00572,-0.01924,0.13013,-0.43096,-0.11219,-0.26841,0.85419,NaN,NaN,NaN,NaN,NaN,NaN,NaN,NaN,NaN,NaN,NaN,NaN,NaN,NaN,NaN,NaN,NaN,NaN,NaN,NaN,NaN,
106.957,-0.00578,-0.01917,0.13004,-0.43079,-0.11265,-0.26822,0.85428,NaN,NaN,NaN,NaN,NaN,NaN,NaN,NaN,NaN,NaN,NaN,NaN,NaN,NaN,NaN,NaN,NaN,NaN,NaN,NaN,NaN,
106.982,-0.00579,-0.01915,0.12994,-0.43058,-0.11348,-0.26776,0.85441,NaN,NaN,NaN,NaN,NaN,NaN,NaN,NaN,NaN,NaN,NaN,NaN,NaN,NaN,NaN,NaN,NaN,NaN,NaN,NaN,NaN,
107.007,-0.00583,-0.01910,0.12978,-0.43052,-0.11459,-0.26690,0.85457,NaN,NaN,NaN,NaN,NaN,NaN,NaN,NaN,NaN,NaN,NaN,NaN,NaN,NaN,NaN,NaN,NaN,NaN,NaN,NaN,NaN,
107.032,-0.00594,-0.01906,0.12967,-0.43037,-0.11533,-0.26645,0.85468,NaN,NaN,NaN,NaN,NaN,NaN,NaN,NaN,NaN,NaN,NaN,NaN,NaN,NaN,NaN,NaN,NaN,NaN,NaN,NaN,NaN,
107.057,-0.00598,-0.01900,0.12963,-0.43077,-0.11538,-0.26593,0.85464,NaN,NaN,NaN,NaN,NaN,NaN,NaN,NaN,NaN,NaN,NaN,NaN,NaN,NaN,NaN,NaN,NaN,NaN,NaN,NaN,NaN,
107.082,-0.00602,-0.01894,0.12954,-0.43092,-0.11598,-0.26524,0.85470,NaN,NaN,NaN,NaN,NaN,NaN,NaN,NaN,NaN,NaN,NaN,NaN,NaN,NaN,NaN,NaN,NaN,NaN,NaN,NaN,NaN,
107.107,-0.00608,-0.01893,0.12947,-0.43066,-0.11685,-0.26480,0.85484,NaN,NaN,NaN,NaN,NaN,NaN,NaN,NaN,NaN,NaN,NaN,NaN,NaN,NaN,NaN,NaN,NaN,NaN,NaN,NaN,NaN,
107.132,-0.00609,-0.01888,0.12944,-0.43061,-0.11726,-0.26451,0.85490,NaN,NaN,NaN,NaN,NaN,NaN,NaN,NaN,NaN,NaN,NaN,NaN,NaN,NaN,NaN,NaN,NaN,NaN,NaN,NaN,NaN,
107.157,-0.00613,-0.01883,0.12943,-0.43022,-0.11770,-0.26461,0.85501,NaN,NaN,NaN,NaN,NaN,NaN,NaN,NaN,NaN,NaN,NaN,NaN,NaN,NaN,NaN,NaN,NaN,NaN,NaN,NaN,NaN,
107.182,-0.00619,-0.01882,0.12943,-0.42967,-0.11850,-0.26458,0.85518,NaN,NaN,NaN,NaN,NaN,NaN,NaN,NaN,NaN,NaN,NaN,NaN,NaN,NaN,NaN,NaN,NaN,NaN,NaN,NaN,NaN,
107.207,-0.00626,-0.01882,0.12936,-0.42907,-0.12007,-0.26397,0.85546,NaN,NaN,NaN,NaN,NaN,NaN,NaN,NaN,NaN,NaN,NaN,NaN,NaN,NaN,NaN,NaN,NaN,NaN,NaN,NaN,NaN,
107.232,-0.00645,-0.01885,0.12935,-0.42815,-0.12166,-0.26370,0.85577,NaN,NaN,NaN,NaN,NaN,NaN,NaN,NaN,NaN,NaN,NaN,NaN,NaN,NaN,NaN,NaN,NaN,NaN,NaN,NaN,NaN,
107.257,-0.00657,-0.01882,0.12938,-0.42768,-0.12249,-0.26355,0.85594,NaN,NaN,NaN,NaN,NaN,NaN,NaN,NaN,NaN,NaN,NaN,NaN,NaN,NaN,NaN,NaN,NaN,NaN,NaN,NaN,NaN,
107.282,-0.00665,-0.01880,0.12939,-0.42713,-0.12321,-0.26359,0.85610,NaN,NaN,NaN,NaN,NaN,NaN,NaN,NaN,NaN,NaN,NaN,NaN,NaN,NaN,NaN,NaN,NaN,NaN,NaN,NaN,NaN,
107.307,-0.00664,-0.01884,0.12938,-0.42678,-0.12391,-0.26340,0.85623,NaN,NaN,NaN,NaN,NaN,NaN,NaN,NaN,NaN,NaN,NaN,NaN,NaN,NaN,NaN,NaN,NaN,NaN,NaN,NaN,NaN,
107.332,-0.00673,-0.01882,0.12939,-0.42623,-0.12510,-0.26304,0.85644,NaN,NaN,NaN,NaN,NaN,NaN,NaN,NaN,NaN,NaN,NaN,NaN,NaN,NaN,NaN,NaN,NaN,NaN,NaN,NaN,NaN,
107.357,-0.00687,-0.01878,0.12940,-0.42543,-0.12640,-0.26288,0.85670,NaN,NaN,NaN,NaN,NaN,NaN,NaN,NaN,NaN,NaN,NaN,NaN,NaN,NaN,NaN,NaN,NaN,NaN,NaN,NaN,NaN,
107.382,-0.00697,-0.01875,0.12945,-0.42495,-0.12756,-0.26245,0.85689,NaN,NaN,NaN,NaN,NaN,NaN,NaN,NaN,NaN,NaN,NaN,NaN,NaN,NaN,NaN,NaN,NaN,NaN,NaN,NaN,NaN,
107.407,-0.00710,-0.01862,0.12950,-0.42639,-0.12772,-0.26059,0.85672,NaN,NaN,NaN,NaN,NaN,NaN,NaN,NaN,NaN,NaN,NaN,NaN,NaN,NaN,NaN,NaN,NaN,NaN,NaN,NaN,NaN,
107.432,-0.00719,-0.01853,0.12960,-0.42812,-0.12734,-0.25884,0.85645,NaN,NaN,NaN,NaN,NaN,NaN,NaN,NaN,NaN,NaN,NaN,NaN,NaN,NaN,NaN,NaN,NaN,NaN,NaN,NaN,NaN,
107.457,-0.00737,-0.01849,0.12968,-0.42830,-0.12797,-0.25808,0.85649,NaN,NaN,NaN,NaN,NaN,NaN,NaN,NaN,NaN,NaN,NaN,NaN,NaN,NaN,NaN,NaN,NaN,NaN,NaN,NaN,NaN,
107.482,-0.00749,-0.01847,0.12981,-0.42821,-0.12835,-0.25786,0.85655,NaN,NaN,NaN,NaN,NaN,NaN,NaN,NaN,NaN,NaN,NaN,NaN,NaN,NaN,NaN,NaN,NaN,NaN,NaN,NaN,NaN,
107.507,-0.00759,-0.01849,0.12992,-0.42809,-0.12887,-0.25755,0.85662,NaN,NaN,NaN,NaN,NaN,NaN,NaN,NaN,NaN,NaN,NaN,NaN,NaN,NaN,NaN,NaN,NaN,NaN,NaN,NaN,NaN,
107.532,-0.00770,-0.01854,0.13001,-0.42761,-0.12976,-0.25735,0.85679,NaN,NaN,NaN,NaN,NaN,NaN,NaN,NaN,NaN,NaN,NaN,NaN,NaN,NaN,NaN,NaN,NaN,NaN,NaN,NaN,NaN,
107.557,-0.00779,-0.01849,0.13011,-0.42734,-0.13053,-0.25701,0.85691,NaN,NaN,NaN,NaN,NaN,NaN,NaN,NaN,NaN,NaN,NaN,NaN,NaN,NaN,NaN,NaN,NaN,NaN,NaN,NaN,NaN,
107.582,-0.00791,-0.01841,0.13019,-0.42706,-0.13156,-0.25645,0.85706,NaN,NaN,NaN,NaN,NaN,NaN,NaN,NaN,NaN,NaN,NaN,NaN,NaN,NaN,NaN,NaN,NaN,NaN,NaN,NaN,NaN,
107.607,-0.00800,-0.01843,0.13024,-0.42677,-0.13218,-0.25625,0.85716,NaN,NaN,NaN,NaN,NaN,NaN,NaN,NaN,NaN,NaN,NaN,NaN,NaN,NaN,NaN,NaN,NaN,NaN,NaN,NaN,NaN,
107.632,-0.00800,-0.01846,0.13030,-0.42720,-0.13197,-0.25592,0.85708,NaN,NaN,NaN,NaN,NaN,NaN,NaN,NaN,NaN,NaN,NaN,NaN,NaN,NaN,NaN,NaN,NaN,NaN,NaN,NaN,NaN,
107.657,-0.00810,-0.01844,0.13037,-0.42731,-0.13218,-0.25561,0.85709,NaN,NaN,NaN,NaN,NaN,NaN,NaN,NaN,NaN,NaN,NaN,NaN,NaN,NaN,NaN,NaN,NaN,NaN,NaN,NaN,NaN,
107.682,-0.00820,-0.01844,0.13041,-0.42710,-0.13275,-0.25536,0.85718,NaN,NaN,NaN,NaN,NaN,NaN,NaN,NaN,NaN,NaN,NaN,NaN,NaN,NaN,NaN,NaN,NaN,NaN,NaN,NaN,NaN,
107.707,-0.00821,-0.01843,0.13040,-0.42722,-0.13313,-0.25489,0.85720,NaN,NaN,NaN,NaN,NaN,NaN,NaN,NaN,NaN,NaN,NaN,NaN,NaN,NaN,NaN,NaN,NaN,NaN,NaN,NaN,NaN,
107.732,-0.00823,-0.01842,0.13040,-0.42706,-0.13343,-0.25481,0.85726,NaN,NaN,NaN,NaN,NaN,NaN,NaN,NaN,NaN,NaN,NaN,NaN,NaN,NaN,NaN,NaN,NaN,NaN,NaN,NaN,NaN,
107.757,-0.00827,-0.01842,0.13044,-0.42680,-0.13359,-0.25499,0.85731,NaN,NaN,NaN,NaN,NaN,NaN,NaN,NaN,NaN,NaN,NaN,NaN,NaN,NaN,NaN,NaN,NaN,NaN,NaN,NaN,NaN,
107.782,-0.00825,-0.01839,0.13042,-0.42678,-0.13395,-0.25470,0.85735,NaN,NaN,NaN,NaN,NaN,NaN,NaN,NaN,NaN,NaN,NaN,NaN,NaN,NaN,NaN,NaN,NaN,NaN,NaN,NaN,NaN,
107.807,-0.00826,-0.01837,0.13036,-0.42682,-0.13454,-0.25413,0.85740,NaN,NaN,NaN,NaN,NaN,NaN,NaN,NaN,NaN,NaN,NaN,NaN,NaN,NaN,NaN,NaN,NaN,NaN,NaN,NaN,NaN,
107.832,-0.00834,-0.01840,0.13039,-0.42641,-0.13508,-0.25415,0.85752,NaN,NaN,NaN,NaN,NaN,NaN,NaN,NaN,NaN,NaN,NaN,NaN,NaN,NaN,NaN,NaN,NaN,NaN,NaN,NaN,NaN,
107.857,-0.00843,-0.01835,0.13038,-0.42597,-0.13584,-0.25402,0.85766,NaN,NaN,NaN,NaN,NaN,NaN,NaN,NaN,NaN,NaN,NaN,NaN,NaN,NaN,NaN,NaN,NaN,NaN,NaN,NaN,NaN,
107.882,-0.00848,-0.01836,0.13037,-0.42558,-0.13667,-0.25375,0.85779,NaN,NaN,NaN,NaN,NaN,NaN,NaN,NaN,NaN,NaN,NaN,NaN,NaN,NaN,NaN,NaN,NaN,NaN,NaN,NaN,NaN,
107.907,-0.00859,-0.01834,0.13034,-0.42516,-0.13778,-0.25329,0.85796,NaN,NaN,NaN,NaN,NaN,NaN,NaN,NaN,NaN,NaN,NaN,NaN,NaN,NaN,NaN,NaN,NaN,NaN,NaN,NaN,NaN,
107.932,-0.00875,-0.01827,0.13030,-0.42462,-0.13948,-0.25243,0.85821,NaN,NaN,NaN,NaN,NaN,NaN,NaN,NaN,NaN,NaN,NaN,NaN,NaN,NaN,NaN,NaN,NaN,NaN,NaN,NaN,NaN,
107.957,-0.00897,-0.01814,0.13019,-0.42439,-0.14118,-0.25122,0.85840,NaN,NaN,NaN,NaN,NaN,NaN,NaN,NaN,NaN,NaN,NaN,NaN,NaN,NaN,NaN,NaN,NaN,NaN,NaN,NaN,NaN,
107.982,-0.00893,-0.01808,0.13016,-0.42497,-0.14107,-0.25062,0.85831,NaN,NaN,NaN,NaN,NaN,NaN,NaN,NaN,NaN,NaN,NaN,NaN,NaN,NaN,NaN,NaN,NaN,NaN,NaN,NaN,NaN,
108.007,-0.00891,-0.01803,0.13004,-0.42539,-0.14115,-0.25004,0.85826,NaN,NaN,NaN,NaN,NaN,NaN,NaN,NaN,NaN,NaN,NaN,NaN,NaN,NaN,NaN,NaN,NaN,NaN,NaN,NaN,NaN,
108.032,-0.00889,-0.01800,0.13000,-0.42518,-0.14158,-0.24991,0.85833,NaN,NaN,NaN,NaN,NaN,NaN,NaN,NaN,NaN,NaN,NaN,NaN,NaN,NaN,NaN,NaN,NaN,NaN,NaN,NaN,NaN,
108.057,-0.00896,-0.01793,0.12990,-0.42501,-0.14249,-0.24930,0.85844,NaN,NaN,NaN,NaN,NaN,NaN,NaN,NaN,NaN,NaN,NaN,NaN,NaN,NaN,NaN,NaN,NaN,NaN,NaN,NaN,NaN,
108.082,-0.00908,-0.01785,0.12979,-0.42443,-0.14368,-0.24895,0.85863,NaN,NaN,NaN,NaN,NaN,NaN,NaN,NaN,NaN,NaN,NaN,NaN,NaN,NaN,NaN,NaN,NaN,NaN,NaN,NaN,NaN,
108.107,-0.00909,-0.01780,0.12970,-0.42491,-0.14401,-0.24808,0.85859,NaN,NaN,NaN,NaN,NaN,NaN,NaN,NaN,NaN,NaN,NaN,NaN,NaN,NaN,NaN,NaN,NaN,NaN,NaN,NaN,NaN,
108.132,-0.00916,-0.01774,0.12957,-0.42526,-0.14472,-0.24701,0.85860,NaN,NaN,NaN,NaN,NaN,NaN,NaN,NaN,NaN,NaN,NaN,NaN,NaN,NaN,NaN,NaN,NaN,NaN,NaN,NaN,NaN,
108.157,-0.00918,-0.01766,0.12952,-0.42526,-0.14529,-0.24651,0.85865,NaN,NaN,NaN,NaN,NaN,NaN,NaN,NaN,NaN,NaN,NaN,NaN,NaN,NaN,NaN,NaN,NaN,NaN,NaN,NaN,NaN,
108.182,-0.00925,-0.01761,0.12949,-0.42514,-0.14577,-0.24623,0.85871,NaN,NaN,NaN,NaN,NaN,NaN,NaN,NaN,NaN,NaN,NaN,NaN,NaN,NaN,NaN,NaN,NaN,NaN,NaN,NaN,NaN,
108.207,-0.00929,-0.01760,0.12947,-0.42478,-0.14660,-0.24592,0.85883,NaN,NaN,NaN,NaN,NaN,NaN,NaN,NaN,NaN,NaN,NaN,NaN,NaN,NaN,NaN,NaN,NaN,NaN,NaN,NaN,NaN,
108.232,-0.00936,-0.01760,0.12940,-0.42440,-0.14750,-0.24558,0.85897,NaN,NaN,NaN,NaN,NaN,NaN,NaN,NaN,NaN,NaN,NaN,NaN,NaN,NaN,NaN,NaN,NaN,NaN,NaN,NaN,NaN,
108.257,-0.00936,-0.01758,0.12944,-0.42408,-0.14795,-0.24556,0.85905,NaN,NaN,NaN,NaN,NaN,NaN,NaN,NaN,NaN,NaN,NaN,NaN,NaN,NaN,NaN,NaN,NaN,NaN,NaN,NaN,NaN,
108.282,-0.00946,-0.01753,0.12940,-0.42363,-0.14887,-0.24529,0.85919,NaN,NaN,NaN,NaN,NaN,NaN,NaN,NaN,NaN,NaN,NaN,NaN,NaN,NaN,NaN,NaN,NaN,NaN,NaN,NaN,NaN,
108.307,-0.00956,-0.01754,0.12940,-0.42309,-0.14991,-0.24500,0.85936,NaN,NaN,NaN,NaN,NaN,NaN,NaN,NaN,NaN,NaN,NaN,NaN,NaN,NaN,NaN,NaN,NaN,NaN,NaN,NaN,NaN,
108.332,-0.00964,-0.01754,0.12938,-0.42269,-0.15092,-0.24459,0.85950,NaN,NaN,NaN,NaN,NaN,NaN,NaN,NaN,NaN,NaN,NaN,NaN,NaN,NaN,NaN,NaN,NaN,NaN,NaN,NaN,NaN,
108.357,-0.00975,-0.01750,0.12944,-0.42214,-0.15207,-0.24421,0.85967,NaN,NaN,NaN,NaN,NaN,NaN,NaN,NaN,NaN,NaN,NaN,NaN,NaN,NaN,NaN,NaN,NaN,NaN,NaN,NaN,NaN,
108.382,-0.00987,-0.01744,0.12943,-0.42136,-0.15378,-0.24361,0.85992,NaN,NaN,NaN,NaN,NaN,NaN,NaN,NaN,NaN,NaN,NaN,NaN,NaN,NaN,NaN,NaN,NaN,NaN,NaN,NaN,NaN,
108.407,-0.00996,-0.01738,0.12942,-0.42117,-0.15477,-0.24296,0.86002,NaN,NaN,NaN,NaN,NaN,NaN,NaN,NaN,NaN,NaN,NaN,NaN,NaN,NaN,NaN,NaN,NaN,NaN,NaN,NaN,NaN,
108.432,-0.01000,-0.01734,0.12940,-0.42055,-0.15636,-0.24226,0.86023,NaN,NaN,NaN,NaN,NaN,NaN,NaN,NaN,NaN,NaN,NaN,NaN,NaN,NaN,NaN,NaN,NaN,NaN,NaN,NaN,NaN,
108.457,-0.01026,-0.01729,0.12944,-0.41969,-0.15843,-0.24143,0.86051,NaN,NaN,NaN,NaN,NaN,NaN,NaN,NaN,NaN,NaN,NaN,NaN,NaN,NaN,NaN,NaN,NaN,NaN,NaN,NaN,NaN,
108.482,-0.01035,-0.01712,0.12959,-0.42200,-0.15779,-0.23921,0.86012,NaN,NaN,NaN,NaN,NaN,NaN,NaN,NaN,NaN,NaN,NaN,NaN,NaN,NaN,NaN,NaN,NaN,NaN,NaN,NaN,NaN,
108.507,-0.01043,-0.01698,0.12957,-0.42505,-0.15651,-0.23666,0.85955,NaN,NaN,NaN,NaN,NaN,NaN,NaN,NaN,NaN,NaN,NaN,NaN,NaN,NaN,NaN,NaN,NaN,NaN,NaN,NaN,NaN,
108.532,-0.01045,-0.01692,0.12974,-0.42607,-0.15564,-0.23620,0.85933,NaN,NaN,NaN,NaN,NaN,NaN,NaN,NaN,NaN,NaN,NaN,NaN,NaN,NaN,NaN,NaN,NaN,NaN,NaN,NaN,NaN,
108.557,-0.01054,-0.01688,0.12989,-0.42600,-0.15564,-0.23627,0.85934,NaN,NaN,NaN,NaN,NaN,NaN,NaN,NaN,NaN,NaN,NaN,NaN,NaN,NaN,NaN,NaN,NaN,NaN,NaN,NaN,NaN,
108.582,-0.01063,-0.01684,0.12996,-0.42582,-0.15612,-0.23607,0.85941,NaN,NaN,NaN,NaN,NaN,NaN,NaN,NaN,NaN,NaN,NaN,NaN,NaN,NaN,NaN,NaN,NaN,NaN,NaN,NaN,NaN,
108.607,-0.01066,-0.01690,0.13003,-0.42551,-0.15682,-0.23581,0.85950,NaN,NaN,NaN,NaN,NaN,NaN,NaN,NaN,NaN,NaN,NaN,NaN,NaN,NaN,NaN,NaN,NaN,NaN,NaN,NaN,NaN,
108.632,-0.01073,-0.01688,0.13016,-0.42566,-0.15691,-0.23554,0.85948,NaN,NaN,NaN,NaN,NaN,NaN,NaN,NaN,NaN,NaN,NaN,NaN,NaN,NaN,NaN,NaN,NaN,NaN,NaN,NaN,NaN,
108.657,-0.01081,-0.01685,0.13023,-0.42553,-0.15696,-0.23565,0.85951,NaN,NaN,NaN,NaN,NaN,NaN,NaN,NaN,NaN,NaN,NaN,NaN,NaN,NaN,NaN,NaN,NaN,NaN,NaN,NaN,NaN,
108.682,-0.01082,-0.01687,0.13032,-0.42603,-0.15652,-0.23544,0.85940,NaN,NaN,NaN,NaN,NaN,NaN,NaN,NaN,NaN,NaN,NaN,NaN,NaN,NaN,NaN,NaN,NaN,NaN,NaN,NaN,NaN,
108.707,-0.01082,-0.01687,0.13037,-0.42653,-0.15625,-0.23508,0.85930,NaN,NaN,NaN,NaN,NaN,NaN,NaN,NaN,NaN,NaN,NaN,NaN,NaN,NaN,NaN,NaN,NaN,NaN,NaN,NaN,NaN,
108.732,-0.01088,-0.01684,0.13048,-0.42648,-0.15631,-0.23509,0.85931,NaN,NaN,NaN,NaN,NaN,NaN,NaN,NaN,NaN,NaN,NaN,NaN,NaN,NaN,NaN,NaN,NaN,NaN,NaN,NaN,NaN,
108.757,-0.01095,-0.01684,0.13044,-0.42635,-0.15679,-0.23481,0.85937,NaN,NaN,NaN,NaN,NaN,NaN,NaN,NaN,NaN,NaN,NaN,NaN,NaN,NaN,NaN,NaN,NaN,NaN,NaN,NaN,NaN,
108.782,-0.01092,-0.01683,0.13045,-0.42657,-0.15680,-0.23453,0.85933,NaN,NaN,NaN,NaN,NaN,NaN,NaN,NaN,NaN,NaN,NaN,NaN,NaN,NaN,NaN,NaN,NaN,NaN,NaN,NaN,NaN,
108.807,-0.01100,-0.01680,0.13046,-0.42628,-0.15735,-0.23438,0.85941,NaN,NaN,NaN,NaN,NaN,NaN,NaN,NaN,NaN,NaN,NaN,NaN,NaN,NaN,NaN,NaN,NaN,NaN,NaN,NaN,NaN,
108.832,-0.01103,-0.01676,0.13049,-0.42616,-0.15780,-0.23411,0.85946,NaN,NaN,NaN,NaN,NaN,NaN,NaN,NaN,NaN,NaN,NaN,NaN,NaN,NaN,NaN,NaN,NaN,NaN,NaN,NaN,NaN,
108.857,-0.01103,-0.01673,0.13044,-0.42613,-0.15845,-0.23356,0.85951,NaN,NaN,NaN,NaN,NaN,NaN,NaN,NaN,NaN,NaN,NaN,NaN,NaN,NaN,NaN,NaN,NaN,NaN,NaN,NaN,NaN,
108.882,-0.01109,-0.01670,0.13045,-0.42585,-0.15903,-0.23337,0.85959,NaN,NaN,NaN,NaN,NaN,NaN,NaN,NaN,NaN,NaN,NaN,NaN,NaN,NaN,NaN,NaN,NaN,NaN,NaN,NaN,NaN,
108.907,-0.01115,-0.01667,0.13046,-0.42549,-0.15973,-0.23317,0.85969,NaN,NaN,NaN,NaN,NaN,NaN,NaN,NaN,NaN,NaN,NaN,NaN,NaN,NaN,NaN,NaN,NaN,NaN,NaN,NaN,NaN,
108.932,-0.01125,-0.01669,0.13038,-0.42489,-0.16138,-0.23240,0.85989,NaN,NaN,NaN,NaN,NaN,NaN,NaN,NaN,NaN,NaN,NaN,NaN,NaN,NaN,NaN,NaN,NaN,NaN,NaN,NaN,NaN,
108.957,-0.01141,-0.01662,0.13036,-0.42439,-0.16286,-0.23165,0.86006,NaN,NaN,NaN,NaN,NaN,NaN,NaN,NaN,NaN,NaN,NaN,NaN,NaN,NaN,NaN,NaN,NaN,NaN,NaN,NaN,NaN,
108.982,-0.01154,-0.01651,0.13045,-0.42389,-0.16428,-0.23096,0.86023,NaN,NaN,NaN,NaN,NaN,NaN,NaN,NaN,NaN,NaN,NaN,NaN,NaN,NaN,NaN,NaN,NaN,NaN,NaN,NaN,NaN,
109.007,-0.01181,-0.01639,0.13027,-0.42344,-0.16680,-0.22918,0.86044,NaN,NaN,NaN,NaN,NaN,NaN,NaN,NaN,NaN,NaN,NaN,NaN,NaN,NaN,NaN,NaN,NaN,NaN,NaN,NaN,NaN,
109.032,-0.01184,-0.01632,0.13024,-0.42419,-0.16712,-0.22796,0.86033,NaN,NaN,NaN,NaN,NaN,NaN,NaN,NaN,NaN,NaN,NaN,NaN,NaN,NaN,NaN,NaN,NaN,NaN,NaN,NaN,NaN,
109.057,-0.01187,-0.01621,0.13015,-0.42454,-0.16725,-0.22741,0.86028,NaN,NaN,NaN,NaN,NaN,NaN,NaN,NaN,NaN,NaN,NaN,NaN,NaN,NaN,NaN,NaN,NaN,NaN,NaN,NaN,NaN,
109.082,-0.01186,-0.01613,0.13011,-0.42494,-0.16729,-0.22688,0.86021,NaN,NaN,NaN,NaN,NaN,NaN,NaN,NaN,NaN,NaN,NaN,NaN,NaN,NaN,NaN,NaN,NaN,NaN,NaN,NaN,NaN,
109.107,-0.01180,-0.01605,0.12995,-0.42596,-0.16716,-0.22574,0.86003,NaN,NaN,NaN,NaN,NaN,NaN,NaN,NaN,NaN,NaN,NaN,NaN,NaN,NaN,NaN,NaN,NaN,NaN,NaN,NaN,NaN,
109.132,-0.01177,-0.01601,0.12985,-0.42648,-0.16719,-0.22507,0.85995,NaN,NaN,NaN,NaN,NaN,NaN,NaN,NaN,NaN,NaN,NaN,NaN,NaN,NaN,NaN,NaN,NaN,NaN,NaN,NaN,NaN,
109.157,-0.01190,-0.01596,0.12975,-0.42579,-0.16823,-0.22496,0.86011,NaN,NaN,NaN,NaN,NaN,NaN,NaN,NaN,NaN,NaN,NaN,NaN,NaN,NaN,NaN,NaN,NaN,NaN,NaN,NaN,NaN,
109.182,-0.01194,-0.01589,0.12967,-0.42606,-0.16885,-0.22405,0.86010,NaN,NaN,NaN,NaN,NaN,NaN,NaN,NaN,NaN,NaN,NaN,NaN,NaN,NaN,NaN,NaN,NaN,NaN,NaN,NaN,NaN,
109.207,-0.01193,-0.01587,0.12961,-0.42618,-0.16951,-0.22329,0.86011,NaN,NaN,NaN,NaN,NaN,NaN,NaN,NaN,NaN,NaN,NaN,NaN,NaN,NaN,NaN,NaN,NaN,NaN,NaN,NaN,NaN,
109.232,-0.01200,-0.01582,0.12952,-0.42595,-0.17044,-0.22270,0.86019,NaN,NaN,NaN,NaN,NaN,NaN,NaN,NaN,NaN,NaN,NaN,NaN,NaN,NaN,NaN,NaN,NaN,NaN,NaN,NaN,NaN,
109.257,-0.01202,-0.01572,0.12949,-0.42563,-0.17112,-0.22246,0.86027,NaN,NaN,NaN,NaN,NaN,NaN,NaN,NaN,NaN,NaN,NaN,NaN,NaN,NaN,NaN,NaN,NaN,NaN,NaN,NaN,NaN,
109.282,-0.01205,-0.01570,0.12949,-0.42552,-0.17150,-0.22224,0.86031,NaN,NaN,NaN,NaN,NaN,NaN,NaN,NaN,NaN,NaN,NaN,NaN,NaN,NaN,NaN,NaN,NaN,NaN,NaN,NaN,NaN,
109.307,-0.01207,-0.01571,0.12944,-0.42526,-0.17229,-0.22181,0.86039,NaN,NaN,NaN,NaN,NaN,NaN,NaN,NaN,NaN,NaN,NaN,NaN,NaN,NaN,NaN,NaN,NaN,NaN,NaN,NaN,NaN,
109.332,-0.01212,-0.01569,0.12940,-0.42507,-0.17307,-0.22132,0.86045,NaN,NaN,NaN,NaN,NaN,NaN,NaN,NaN,NaN,NaN,NaN,NaN,NaN,NaN,NaN,NaN,NaN,NaN,NaN,NaN,NaN,
109.357,-0.01224,-0.01563,0.12943,-0.42454,-0.17405,-0.22107,0.86058,NaN,NaN,NaN,NaN,NaN,NaN,NaN,NaN,NaN,NaN,NaN,NaN,NaN,NaN,NaN,NaN,NaN,NaN,NaN,NaN,NaN,
109.382,-0.01235,-0.01562,0.12940,-0.42407,-0.17534,-0.22043,0.86071,NaN,NaN,NaN,NaN,NaN,NaN,NaN,NaN,NaN,NaN,NaN,NaN,NaN,NaN,NaN,NaN,NaN,NaN,NaN,NaN,NaN,
109.407,-0.01243,-0.01559,0.12941,-0.42358,-0.17664,-0.21982,0.86085,NaN,NaN,NaN,NaN,NaN,NaN,NaN,NaN,NaN,NaN,NaN,NaN,NaN,NaN,NaN,NaN,NaN,NaN,NaN,NaN,NaN,
109.432,-0.01254,-0.01553,0.12944,-0.42303,-0.17774,-0.21946,0.86098,NaN,NaN,NaN,NaN,NaN,NaN,NaN,NaN,NaN,NaN,NaN,NaN,NaN,NaN,NaN,NaN,NaN,NaN,NaN,NaN,NaN,
109.457,-0.01258,-0.01546,0.12949,-0.42291,-0.17865,-0.21874,0.86103,NaN,NaN,NaN,NaN,NaN,NaN,NaN,NaN,NaN,NaN,NaN,NaN,NaN,NaN,NaN,NaN,NaN,NaN,NaN,NaN,NaN,
109.482,-0.01269,-0.01543,0.12939,-0.42227,-0.18013,-0.21814,0.86119,NaN,NaN,NaN,NaN,NaN,NaN,NaN,NaN,NaN,NaN,NaN,NaN,NaN,NaN,NaN,NaN,NaN,NaN,NaN,NaN,NaN,
109.507,-0.01268,-0.01536,0.12942,-0.42205,-0.18072,-0.21785,0.86125,NaN,NaN,NaN,NaN,NaN,NaN,NaN,NaN,NaN,NaN,NaN,NaN,NaN,NaN,NaN,NaN,NaN,NaN,NaN,NaN,NaN,
109.532,-0.01278,-0.01528,0.12945,-0.42184,-0.18171,-0.21718,0.86132,NaN,NaN,NaN,NaN,NaN,NaN,NaN,NaN,NaN,NaN,NaN,NaN,NaN,NaN,NaN,NaN,NaN,NaN,NaN,NaN,NaN,
109.557,-0.01290,-0.01516,0.12951,-0.42228,-0.18318,-0.21524,0.86128,NaN,NaN,NaN,NaN,NaN,NaN,NaN,NaN,NaN,NaN,NaN,NaN,NaN,NaN,NaN,NaN,NaN,NaN,NaN,NaN,NaN,
109.582,-0.01316,-0.01512,0.12953,-0.42252,-0.18444,-0.21374,0.86127,NaN,NaN,NaN,NaN,NaN,NaN,NaN,NaN,NaN,NaN,NaN,NaN,NaN,NaN,NaN,NaN,NaN,NaN,NaN,NaN,NaN,
109.607,-0.01317,-0.01508,0.12971,-0.42291,-0.18392,-0.21374,0.86118,NaN,NaN,NaN,NaN,NaN,NaN,NaN,NaN,NaN,NaN,NaN,NaN,NaN,NaN,NaN,NaN,NaN,NaN,NaN,NaN,NaN,
109.632,-0.01319,-0.01508,0.12984,-0.42313,-0.18345,-0.21391,0.86113,NaN,NaN,NaN,NaN,NaN,NaN,NaN,NaN,NaN,NaN,NaN,NaN,NaN,NaN,NaN,NaN,NaN,NaN,NaN,NaN,NaN,
109.657,-0.01315,-0.01508,0.12988,-0.42371,-0.18294,-0.21367,0.86101,NaN,NaN,NaN,NaN,NaN,NaN,NaN,NaN,NaN,NaN,NaN,NaN,NaN,NaN,NaN,NaN,NaN,NaN,NaN,NaN,NaN,
109.682,-0.01315,-0.01503,0.12998,-0.42375,-0.18308,-0.21350,0.86101,NaN,NaN,NaN,NaN,NaN,NaN,NaN,NaN,NaN,NaN,NaN,NaN,NaN,NaN,NaN,NaN,NaN,NaN,NaN,NaN,NaN,
109.707,-0.01336,-0.01490,0.13002,-0.42363,-0.18500,-0.21181,0.86107,NaN,NaN,NaN,NaN,NaN,NaN,NaN,NaN,NaN,NaN,NaN,NaN,NaN,NaN,NaN,NaN,NaN,NaN,NaN,NaN,NaN,
109.732,-0.01370,-0.01485,0.13010,-0.42260,-0.18796,-0.21026,0.86132,NaN,NaN,NaN,NaN,NaN,NaN,NaN,NaN,NaN,NaN,NaN,NaN,NaN,NaN,NaN,NaN,NaN,NaN,NaN,NaN,NaN,
109.757,-0.01379,-0.01480,0.13017,-0.42379,-0.18786,-0.20887,0.86109,NaN,NaN,NaN,NaN,NaN,NaN,NaN,NaN,NaN,NaN,NaN,NaN,NaN,NaN,NaN,NaN,NaN,NaN,NaN,NaN,NaN,
109.782,-0.01382,-0.01482,0.13027,-0.42374,-0.18756,-0.20921,0.86110,NaN,NaN,NaN,NaN,NaN,NaN,NaN,NaN,NaN,NaN,NaN,NaN,NaN,NaN,NaN,NaN,NaN,NaN,NaN,NaN,NaN,
109.807,-0.01386,-0.01480,0.13034,-0.42364,-0.18744,-0.20946,0.86112,NaN,NaN,NaN,NaN,NaN,NaN,NaN,NaN,NaN,NaN,NaN,NaN,NaN,NaN,NaN,NaN,NaN,NaN,NaN,NaN,NaN,
109.832,-0.01386,-0.01480,0.13040,-0.42369,-0.18733,-0.20951,0.86111,NaN,NaN,NaN,NaN,NaN,NaN,NaN,NaN,NaN,NaN,NaN,NaN,NaN,NaN,NaN,NaN,NaN,NaN,NaN,NaN,NaN,
109.857,-0.01382,-0.01481,0.13041,-0.42391,-0.18727,-0.20929,0.86106,NaN,NaN,NaN,NaN,NaN,NaN,NaN,NaN,NaN,NaN,NaN,NaN,NaN,NaN,NaN,NaN,NaN,NaN,NaN,NaN,NaN,
109.882,-0.01386,-0.01477,0.13043,-0.42385,-0.18759,-0.20905,0.86108,NaN,NaN,NaN,NaN,NaN,NaN,NaN,NaN,NaN,NaN,NaN,NaN,NaN,NaN,NaN,NaN,NaN,NaN,NaN,NaN,NaN,
109.907,-0.01390,-0.01470,0.13041,-0.42374,-0.18830,-0.20850,0.86111,NaN,NaN,NaN,NaN,NaN,NaN,NaN,NaN,NaN,NaN,NaN,NaN,NaN,NaN,NaN,NaN,NaN,NaN,NaN,NaN,NaN,
109.932,-0.01395,-0.01469,0.13038,-0.42337,-0.18905,-0.20825,0.86119,NaN,NaN,NaN,NaN,NaN,NaN,NaN,NaN,NaN,NaN,NaN,NaN,NaN,NaN,NaN,NaN,NaN,NaN,NaN,NaN,NaN,
109.957,-0.01394,-0.01471,0.13038,-0.42347,-0.18903,-0.20815,0.86117,NaN,NaN,NaN,NaN,NaN,NaN,NaN,NaN,NaN,NaN,NaN,NaN,NaN,NaN,NaN,NaN,NaN,NaN,NaN,NaN,NaN,
109.982,-0.01396,-0.01469,0.13041,-0.42332,-0.18915,-0.20821,0.86120,NaN,NaN,NaN,NaN,NaN,NaN,NaN,NaN,NaN,NaN,NaN,NaN,NaN,NaN,NaN,NaN,NaN,NaN,NaN,NaN,NaN,
110.007,-0.01401,-0.01463,0.13040,-0.42320,-0.18951,-0.20801,0.86123,NaN,NaN,NaN,NaN,NaN,NaN,NaN,NaN,NaN,NaN,NaN,NaN,NaN,NaN,NaN,NaN,NaN,NaN,NaN,NaN,NaN,
110.032,-0.01401,-0.01459,0.13039,-0.42324,-0.19048,-0.20704,0.86123,NaN,NaN,NaN,NaN,NaN,NaN,NaN,NaN,NaN,NaN,NaN,NaN,NaN,NaN,NaN,NaN,NaN,NaN,NaN,NaN,NaN,
110.057,-0.01425,-0.01451,0.13032,-0.42240,-0.19276,-0.20588,0.86142,NaN,NaN,NaN,NaN,NaN,NaN,NaN,NaN,NaN,NaN,NaN,NaN,NaN,NaN,NaN,NaN,NaN,NaN,NaN,NaN,NaN,
110.082,-0.01444,-0.01440,0.13034,-0.42184,-0.19474,-0.20466,0.86154,NaN,NaN,NaN,NaN,NaN,NaN,NaN,NaN,NaN,NaN,NaN,NaN,NaN,NaN,NaN,NaN,NaN,NaN,NaN,NaN,NaN,
110.107,-0.01453,-0.01424,0.13032,-0.42204,-0.19656,-0.20262,0.86150,NaN,NaN,NaN,NaN,NaN,NaN,NaN,NaN,NaN,NaN,NaN,NaN,NaN,NaN,NaN,NaN,NaN,NaN,NaN,NaN,NaN,
110.132,-0.01470,-0.01409,0.13019,-0.42266,-0.19770,-0.20073,0.86138,NaN,NaN,NaN,NaN,NaN,NaN,NaN,NaN,NaN,NaN,NaN,NaN,NaN,NaN,NaN,NaN,NaN,NaN,NaN,NaN,NaN,
110.157,-0.01473,-0.01398,0.13009,-0.42328,-0.19777,-0.19989,0.86126,NaN,NaN,NaN,NaN,NaN,NaN,NaN,NaN,NaN,NaN,NaN,NaN,NaN,NaN,NaN,NaN,NaN,NaN,NaN,NaN,NaN,
110.182,-0.01471,-0.01390,0.13002,-0.42380,-0.19781,-0.19920,0.86116,NaN,NaN,NaN,NaN,NaN,NaN,NaN,NaN,NaN,NaN,NaN,NaN,NaN,NaN,NaN,NaN,NaN,NaN,NaN,NaN,NaN,
110.207,-0.01466,-0.01390,0.12987,-0.42400,-0.19829,-0.19846,0.86111,NaN,NaN,NaN,NaN,NaN,NaN,NaN,NaN,NaN,NaN,NaN,NaN,NaN,NaN,NaN,NaN,NaN,NaN,NaN,NaN,NaN,
110.232,-0.01468,-0.01379,0.12981,-0.42515,-0.19780,-0.19749,0.86088,NaN,NaN,NaN,NaN,NaN,NaN,NaN,NaN,NaN,NaN,NaN,NaN,NaN,NaN,NaN,NaN,NaN,NaN,NaN,NaN,NaN,
110.257,-0.01469,-0.01371,0.12979,-0.42564,-0.19777,-0.19690,0.86078,NaN,NaN,NaN,NaN,NaN,NaN,NaN,NaN,NaN,NaN,NaN,NaN,NaN,NaN,NaN,NaN,NaN,NaN,NaN,NaN,NaN,
110.282,-0.01468,-0.01360,0.12973,-0.42674,-0.19757,-0.19570,0.86056,NaN,NaN,NaN,NaN,NaN,NaN,NaN,NaN,NaN,NaN,NaN,NaN,NaN,NaN,NaN,NaN,NaN,NaN,NaN,NaN,NaN,
110.307,-0.01465,-0.01340,0.12965,-0.42768,-0.19808,-0.19400,0.86036,NaN,NaN,NaN,NaN,NaN,NaN,NaN,NaN,NaN,NaN,NaN,NaN,NaN,NaN,NaN,NaN,NaN,NaN,NaN,NaN,NaN,
110.332,-0.01480,-0.01326,0.12962,-0.42819,-0.19901,-0.19243,0.86024,NaN,NaN,NaN,NaN,NaN,NaN,NaN,NaN,NaN,NaN,NaN,NaN,NaN,NaN,NaN,NaN,NaN,NaN,NaN,NaN,NaN,
110.357,-0.01487,-0.01313,0.12963,-0.42847,-0.19982,-0.19127,0.86017,NaN,NaN,NaN,NaN,NaN,NaN,NaN,NaN,NaN,NaN,NaN,NaN,NaN,NaN,NaN,NaN,NaN,NaN,NaN,NaN,NaN,
110.382,-0.01494,-0.01307,0.12953,-0.42802,-0.20122,-0.19046,0.86025,NaN,NaN,NaN,NaN,NaN,NaN,NaN,NaN,NaN,NaN,NaN,NaN,NaN,NaN,NaN,NaN,NaN,NaN,NaN,NaN,NaN,
110.407,-0.01502,-0.01304,0.12949,-0.42767,-0.20200,-0.19014,0.86032,NaN,NaN,NaN,NaN,NaN,NaN,NaN,NaN,NaN,NaN,NaN,NaN,NaN,NaN,NaN,NaN,NaN,NaN,NaN,NaN,NaN,
110.432,-0.01505,-0.01302,0.12952,-0.42758,-0.20214,-0.19011,0.86033,NaN,NaN,NaN,NaN,NaN,NaN,NaN,NaN,NaN,NaN,NaN,NaN,NaN,NaN,NaN,NaN,NaN,NaN,NaN,NaN,NaN,
110.457,-0.01507,-0.01304,0.12950,-0.42747,-0.20233,-0.19006,0.86035,NaN,NaN,NaN,NaN,NaN,NaN,NaN,NaN,NaN,NaN,NaN,NaN,NaN,NaN,NaN,NaN,NaN,NaN,NaN,NaN,NaN,
110.482,-0.01504,-0.01306,0.12950,-0.42758,-0.20233,-0.18993,0.86033,NaN,NaN,NaN,NaN,NaN,NaN,NaN,NaN,NaN,NaN,NaN,NaN,NaN,NaN,NaN,NaN,NaN,NaN,NaN,NaN,NaN,
110.507,-0.01507,-0.01304,0.12953,-0.42744,-0.20249,-0.18995,0.86036,NaN,NaN,NaN,NaN,NaN,NaN,NaN,NaN,NaN,NaN,NaN,NaN,NaN,NaN,NaN,NaN,NaN,NaN,NaN,NaN,NaN,
110.532,-0.01508,-0.01302,0.12954,-0.42733,-0.20260,-0.18998,0.86038,NaN,NaN,NaN,NaN,NaN,NaN,NaN,NaN,NaN,NaN,NaN,NaN,NaN,NaN,NaN,NaN,NaN,NaN,NaN,NaN,NaN,
110.557,-0.01506,-0.01304,0.12952,-0.42740,-0.20267,-0.18982,0.86036,NaN,NaN,NaN,NaN,NaN,NaN,NaN,NaN,NaN,NaN,NaN,NaN,NaN,NaN,NaN,NaN,NaN,NaN,NaN,NaN,NaN,
110.582,-0.01501,-0.01306,0.12952,-0.42744,-0.20262,-0.18981,0.86036,NaN,NaN,NaN,NaN,NaN,NaN,NaN,NaN,NaN,NaN,NaN,NaN,NaN,NaN,NaN,NaN,NaN,NaN,NaN,NaN,NaN,
110.607,-0.01507,-0.01305,0.12954,-0.42748,-0.20234,-0.19004,0.86035,NaN,NaN,NaN,NaN,NaN,NaN,NaN,NaN,NaN,NaN,NaN,NaN,NaN,NaN,NaN,NaN,NaN,NaN,NaN,NaN,NaN,
110.632,-0.01514,-0.01304,0.12963,-0.42742,-0.20239,-0.19006,0.86036,NaN,NaN,NaN,NaN,NaN,NaN,NaN,NaN,NaN,NaN,NaN,NaN,NaN,NaN,NaN,NaN,NaN,NaN,NaN,NaN,NaN,
110.657,-0.01507,-0.01303,0.12967,-0.42932,-0.20083,-0.18919,0.85998,NaN,NaN,NaN,NaN,NaN,NaN,NaN,NaN,NaN,NaN,NaN,NaN,NaN,NaN,NaN,NaN,NaN,NaN,NaN,NaN,NaN,
110.682,-0.01507,-0.01303,0.12983,-0.42994,-0.20033,-0.18888,0.85985,NaN,NaN,NaN,NaN,NaN,NaN,NaN,NaN,NaN,NaN,NaN,NaN,NaN,NaN,NaN,NaN,NaN,NaN,NaN,NaN,NaN,
110.707,-0.01506,-0.01279,0.12993,-0.43128,-0.20013,-0.18736,0.85956,NaN,NaN,NaN,NaN,NaN,NaN,NaN,NaN,NaN,NaN,NaN,NaN,NaN,NaN,NaN,NaN,NaN,NaN,NaN,NaN,NaN,
110.732,-0.01526,-0.01271,0.13001,-0.43077,-0.20123,-0.18693,0.85965,NaN,NaN,NaN,NaN,NaN,NaN,NaN,NaN,NaN,NaN,NaN,NaN,NaN,NaN,NaN,NaN,NaN,NaN,NaN,NaN,NaN,
110.757,-0.01526,-0.01273,0.13010,-0.43100,-0.20117,-0.18669,0.85960,NaN,NaN,NaN,NaN,NaN,NaN,NaN,NaN,NaN,NaN,NaN,NaN,NaN,NaN,NaN,NaN,NaN,NaN,NaN,NaN,NaN,
110.782,-0.01524,-0.01276,0.13013,-0.43146,-0.20072,-0.18654,0.85951,NaN,NaN,NaN,NaN,NaN,NaN,NaN,NaN,NaN,NaN,NaN,NaN,NaN,NaN,NaN,NaN,NaN,NaN,NaN,NaN,NaN,
110.807,-0.01525,-0.01276,0.13021,-0.43157,-0.20045,-0.18667,0.85949,NaN,NaN,NaN,NaN,NaN,NaN,NaN,NaN,NaN,NaN,NaN,NaN,NaN,NaN,NaN,NaN,NaN,NaN,NaN,NaN,NaN,
110.832,-0.01529,-0.01269,0.13029,-0.43160,-0.20055,-0.18653,0.85948,NaN,NaN,NaN,NaN,NaN,NaN,NaN,NaN,NaN,NaN,NaN,NaN,NaN,NaN,NaN,NaN,NaN,NaN,NaN,NaN,NaN,
110.857,-0.01539,-0.01264,0.13033,-0.43127,-0.20174,-0.18578,0.85953,NaN,NaN,NaN,NaN,NaN,NaN,NaN,NaN,NaN,NaN,NaN,NaN,NaN,NaN,NaN,NaN,NaN,NaN,NaN,NaN,NaN,
110.882,-0.01550,-0.01260,0.13024,-0.43118,-0.20312,-0.18451,0.85952,NaN,NaN,NaN,NaN,NaN,NaN,NaN,NaN,NaN,NaN,NaN,NaN,NaN,NaN,NaN,NaN,NaN,NaN,NaN,NaN,NaN,
110.907,-0.01557,-0.01255,0.13026,-0.43113,-0.20383,-0.18386,0.85952,NaN,NaN,NaN,NaN,NaN,NaN,NaN,NaN,NaN,NaN,NaN,NaN,NaN,NaN,NaN,NaN,NaN,NaN,NaN,NaN,NaN,
110.932,-0.01560,-0.01248,0.13032,-0.43125,-0.20417,-0.18337,0.85948,NaN,NaN,NaN,NaN,NaN,NaN,NaN,NaN,NaN,NaN,NaN,NaN,NaN,NaN,NaN,NaN,NaN,NaN,NaN,NaN,NaN,
110.957,-0.01560,-0.01246,0.13031,-0.43124,-0.20501,-0.18254,0.85946,NaN,NaN,NaN,NaN,NaN,NaN,NaN,NaN,NaN,NaN,NaN,NaN,NaN,NaN,NaN,NaN,NaN,NaN,NaN,NaN,NaN,
110.982,-0.01570,-0.01242,0.13027,-0.43079,-0.20619,-0.18194,0.85954,NaN,NaN,NaN,NaN,NaN,NaN,NaN,NaN,NaN,NaN,NaN,NaN,NaN,NaN,NaN,NaN,NaN,NaN,NaN,NaN,NaN,
111.007,-0.01573,-0.01234,0.13029,-0.43079,-0.20663,-0.18150,0.85952,NaN,NaN,NaN,NaN,NaN,NaN,NaN,NaN,NaN,NaN,NaN,NaN,NaN,NaN,NaN,NaN,NaN,NaN,NaN,NaN,NaN,
111.032,-0.01576,-0.01231,0.13029,-0.43088,-0.20736,-0.18065,0.85948,NaN,NaN,NaN,NaN,NaN,NaN,NaN,NaN,NaN,NaN,NaN,NaN,NaN,NaN,NaN,NaN,NaN,NaN,NaN,NaN,NaN,
111.057,-0.01588,-0.01220,0.13023,-0.43048,-0.20932,-0.17919,0.85951,NaN,NaN,NaN,NaN,NaN,NaN,NaN,NaN,NaN,NaN,NaN,NaN,NaN,NaN,NaN,NaN,NaN,NaN,NaN,NaN,NaN,
111.082,-0.01611,-0.01205,0.13020,-0.43000,-0.21129,-0.17782,0.85956,NaN,NaN,NaN,NaN,NaN,NaN,NaN,NaN,NaN,NaN,NaN,NaN,NaN,NaN,NaN,NaN,NaN,NaN,NaN,NaN,NaN,
111.107,-0.01619,-0.01195,0.13021,-0.43015,-0.21246,-0.17644,0.85948,NaN,NaN,NaN,NaN,NaN,NaN,NaN,NaN,NaN,NaN,NaN,NaN,NaN,NaN,NaN,NaN,NaN,NaN,NaN,NaN,NaN,
111.132,-0.01630,-0.01184,0.13009,-0.43001,-0.21452,-0.17452,0.85943,NaN,NaN,NaN,NaN,NaN,NaN,NaN,NaN,NaN,NaN,NaN,NaN,NaN,NaN,NaN,NaN,NaN,NaN,NaN,NaN,NaN,
111.157,-0.01647,-0.01168,0.13008,-0.43020,-0.21573,-0.17304,0.85933,NaN,NaN,NaN,NaN,NaN,NaN,NaN,NaN,NaN,NaN,NaN,NaN,NaN,NaN,NaN,NaN,NaN,NaN,NaN,NaN,NaN,
111.182,-0.01646,-0.01156,0.13007,-0.43080,-0.21618,-0.17180,0.85916,NaN,NaN,NaN,NaN,NaN,NaN,NaN,NaN,NaN,NaN,NaN,NaN,NaN,NaN,NaN,NaN,NaN,NaN,NaN,NaN,NaN,
111.207,-0.01650,-0.01148,0.12992,-0.43079,-0.21741,-0.17056,0.85911,NaN,NaN,NaN,NaN,NaN,NaN,NaN,NaN,NaN,NaN,NaN,NaN,NaN,NaN,NaN,NaN,NaN,NaN,NaN,NaN,NaN,
111.232,-0.01653,-0.01136,0.12981,-0.43119,-0.21821,-0.16921,0.85897,NaN,NaN,NaN,NaN,NaN,NaN,NaN,NaN,NaN,NaN,NaN,NaN,NaN,NaN,NaN,NaN,NaN,NaN,NaN,NaN,NaN,
111.257,-0.01660,-0.01128,0.12982,-0.43152,-0.21881,-0.16817,0.85886,NaN,NaN,NaN,NaN,NaN,NaN,NaN,NaN,NaN,NaN,NaN,NaN,NaN,NaN,NaN,NaN,NaN,NaN,NaN,NaN,NaN,
111.282,-0.01661,-0.01121,0.12969,-0.43192,-0.21969,-0.16673,0.85871,NaN,NaN,NaN,NaN,NaN,NaN,NaN,NaN,NaN,NaN,NaN,NaN,NaN,NaN,NaN,NaN,NaN,NaN,NaN,NaN,NaN,
111.307,-0.01664,-0.01113,0.12962,-0.43239,-0.22022,-0.16556,0.85856,NaN,NaN,NaN,NaN,NaN,NaN,NaN,NaN,NaN,NaN,NaN,NaN,NaN,NaN,NaN,NaN,NaN,NaN,NaN,NaN,NaN,
111.332,-0.01668,-0.01100,0.12964,-0.43284,-0.22062,-0.16457,0.85843,NaN,NaN,NaN,NaN,NaN,NaN,NaN,NaN,NaN,NaN,NaN,NaN,NaN,NaN,NaN,NaN,NaN,NaN,NaN,NaN,NaN,
111.357,-0.01669,-0.01095,0.12958,-0.43319,-0.22114,-0.16356,0.85831,NaN,NaN,NaN,NaN,NaN,NaN,NaN,NaN,NaN,NaN,NaN,NaN,NaN,NaN,NaN,NaN,NaN,NaN,NaN,NaN,NaN,
111.382,-0.01673,-0.01089,0.12952,-0.43329,-0.22186,-0.16267,0.85824,NaN,NaN,NaN,NaN,NaN,NaN,NaN,NaN,NaN,NaN,NaN,NaN,NaN,NaN,NaN,NaN,NaN,NaN,NaN,NaN,NaN,
111.407,-0.01680,-0.01081,0.12955,-0.43310,-0.22247,-0.16230,0.85825,NaN,NaN,NaN,NaN,NaN,NaN,NaN,NaN,NaN,NaN,NaN,NaN,NaN,NaN,NaN,NaN,NaN,NaN,NaN,NaN,NaN,
111.432,-0.01680,-0.01075,0.12956,-0.43314,-0.22291,-0.16179,0.85821,NaN,NaN,NaN,NaN,NaN,NaN,NaN,NaN,NaN,NaN,NaN,NaN,NaN,NaN,NaN,NaN,NaN,NaN,NaN,NaN,NaN,
111.457,-0.01683,-0.01074,0.12954,-0.43309,-0.22380,-0.16092,0.85817,NaN,NaN,NaN,NaN,NaN,NaN,NaN,NaN,NaN,NaN,NaN,NaN,NaN,NaN,NaN,NaN,NaN,NaN,NaN,NaN,NaN,
111.482,-0.01697,-0.01065,0.12948,-0.43259,-0.22546,-0.15985,0.85818,NaN,NaN,NaN,NaN,NaN,NaN,NaN,NaN,NaN,NaN,NaN,NaN,NaN,NaN,NaN,NaN,NaN,NaN,NaN,NaN,NaN,
111.507,-0.01705,-0.01059,0.12955,-0.43261,-0.22586,-0.15941,0.85815,NaN,NaN,NaN,NaN,NaN,NaN,NaN,NaN,NaN,NaN,NaN,NaN,NaN,NaN,NaN,NaN,NaN,NaN,NaN,NaN,NaN,
111.532,-0.01704,-0.01053,0.12952,-0.43272,-0.22644,-0.15867,0.85808,NaN,NaN,NaN,NaN,NaN,NaN,NaN,NaN,NaN,NaN,NaN,NaN,NaN,NaN,NaN,NaN,NaN,NaN,NaN,NaN,NaN,
111.557,-0.01714,-0.01045,0.12954,-0.43242,-0.22762,-0.15782,0.85808,NaN,NaN,NaN,NaN,NaN,NaN,NaN,NaN,NaN,NaN,NaN,NaN,NaN,NaN,NaN,NaN,NaN,NaN,NaN,NaN,NaN,
111.582,-0.01722,-0.01036,0.12957,-0.43245,-0.22840,-0.15696,0.85801,NaN,NaN,NaN,NaN,NaN,NaN,NaN,NaN,NaN,NaN,NaN,NaN,NaN,NaN,NaN,NaN,NaN,NaN,NaN,NaN,NaN,
111.607,-0.01719,-0.01036,0.12953,-0.43267,-0.22873,-0.15632,0.85793,NaN,NaN,NaN,NaN,NaN,NaN,NaN,NaN,NaN,NaN,NaN,NaN,NaN,NaN,NaN,NaN,NaN,NaN,NaN,NaN,NaN,
111.632,-0.01727,-0.01021,0.12960,-0.43289,-0.22944,-0.15529,0.85782,NaN,NaN,NaN,NaN,NaN,NaN,NaN,NaN,NaN,NaN,NaN,NaN,NaN,NaN,NaN,NaN,NaN,NaN,NaN,NaN,NaN,
111.657,-0.01736,-0.01004,0.12962,-0.43308,-0.23157,-0.15279,0.85760,NaN,NaN,NaN,NaN,NaN,NaN,NaN,NaN,NaN,NaN,NaN,NaN,NaN,NaN,NaN,NaN,NaN,NaN,NaN,NaN,NaN,
111.682,-0.01761,-0.00981,0.12955,-0.43506,-0.23145,-0.15028,0.85707,NaN,NaN,NaN,NaN,NaN,NaN,NaN,NaN,NaN,NaN,NaN,NaN,NaN,NaN,NaN,NaN,NaN,NaN,NaN,NaN,NaN,
111.707,-0.01761,-0.00980,0.12978,-0.43688,-0.22929,-0.15013,0.85675,NaN,NaN,NaN,NaN,NaN,NaN,NaN,NaN,NaN,NaN,NaN,NaN,NaN,NaN,NaN,NaN,NaN,NaN,NaN,NaN,NaN,
111.732,-0.01756,-0.00982,0.12987,-0.43747,-0.22858,-0.15009,0.85665,NaN,NaN,NaN,NaN,NaN,NaN,NaN,NaN,NaN,NaN,NaN,NaN,NaN,NaN,NaN,NaN,NaN,NaN,NaN,NaN,NaN,
111.757,-0.01759,-0.00970,0.12995,-0.43788,-0.22830,-0.14984,0.85656,NaN,NaN,NaN,NaN,NaN,NaN,NaN,NaN,NaN,NaN,NaN,NaN,NaN,NaN,NaN,NaN,NaN,NaN,NaN,NaN,NaN,
111.782,-0.01768,-0.00966,0.13009,-0.43844,-0.22746,-0.14997,0.85647,NaN,NaN,NaN,NaN,NaN,NaN,NaN,NaN,NaN,NaN,NaN,NaN,NaN,NaN,NaN,NaN,NaN,NaN,NaN,NaN,NaN,
111.807,-0.01756,-0.00967,0.13016,-0.43923,-0.22673,-0.14969,0.85631,NaN,NaN,NaN,NaN,NaN,NaN,NaN,NaN,NaN,NaN,NaN,NaN,NaN,NaN,NaN,NaN,NaN,NaN,NaN,NaN,NaN,
111.832,-0.01761,-0.00963,0.13025,-0.43918,-0.22660,-0.14990,0.85633,NaN,NaN,NaN,NaN,NaN,NaN,NaN,NaN,NaN,NaN,NaN,NaN,NaN,NaN,NaN,NaN,NaN,NaN,NaN,NaN,NaN,
111.857,-0.01762,-0.00961,0.13035,-0.43944,-0.22621,-0.14996,0.85629,NaN,NaN,NaN,NaN,NaN,NaN,NaN,NaN,NaN,NaN,NaN,NaN,NaN,NaN,NaN,NaN,NaN,NaN,NaN,NaN,NaN,
111.882,-0.01758,-0.00964,0.13041,-0.43939,-0.22597,-0.15027,0.85632,NaN,NaN,NaN,NaN,NaN,NaN,NaN,NaN,NaN,NaN,NaN,NaN,NaN,NaN,NaN,NaN,NaN,NaN,NaN,NaN,NaN,
111.907,-0.01761,-0.00961,0.13050,-0.43915,-0.22605,-0.15051,0.85639,NaN,NaN,NaN,NaN,NaN,NaN,NaN,NaN,NaN,NaN,NaN,NaN,NaN,NaN,NaN,NaN,NaN,NaN,NaN,NaN,NaN,
111.932,-0.01763,-0.00962,0.13049,-0.43924,-0.22598,-0.15046,0.85636,NaN,NaN,NaN,NaN,NaN,NaN,NaN,NaN,NaN,NaN,NaN,NaN,NaN,NaN,NaN,NaN,NaN,NaN,NaN,NaN,NaN,
111.957,-0.01760,-0.00962,0.13047,-0.43942,-0.22600,-0.15020,0.85631,NaN,NaN,NaN,NaN,NaN,NaN,NaN,NaN,NaN,NaN,NaN,NaN,NaN,NaN,NaN,NaN,NaN,NaN,NaN,NaN,NaN,
111.982,-0.01764,-0.00958,0.13055,-0.43941,-0.22595,-0.15027,0.85632,NaN,NaN,NaN,NaN,NaN,NaN,NaN,NaN,NaN,NaN,NaN,NaN,NaN,NaN,NaN,NaN,NaN,NaN,NaN,NaN,NaN,
112.007,-0.01762,-0.00961,0.13039,-0.43929,-0.22629,-0.15008,0.85633,NaN,NaN,NaN,NaN,NaN,NaN,NaN,NaN,NaN,NaN,NaN,NaN,NaN,NaN,NaN,NaN,NaN,NaN,NaN,NaN,NaN,
112.032,-0.01762,-0.00960,0.13044,-0.43937,-0.22620,-0.15006,0.85631,NaN,NaN,NaN,NaN,NaN,NaN,NaN,NaN,NaN,NaN,NaN,NaN,NaN,NaN,NaN,NaN,NaN,NaN,NaN,NaN,NaN,
112.057,-0.01761,-0.00945,0.13056,-0.43985,-0.22661,-0.14898,0.85615,NaN,NaN,NaN,NaN,NaN,NaN,NaN,NaN,NaN,NaN,NaN,NaN,NaN,NaN,NaN,NaN,NaN,NaN,NaN,NaN,NaN,
112.082,-0.01762,-0.00941,0.13056,-0.43999,-0.22719,-0.14817,0.85606,NaN,NaN,NaN,NaN,NaN,NaN,NaN,NaN,NaN,NaN,NaN,NaN,NaN,NaN,NaN,NaN,NaN,NaN,NaN,NaN,NaN,
112.107,-0.01775,-0.00934,0.13046,-0.43951,-0.22882,-0.14710,0.85606,NaN,NaN,NaN,NaN,NaN,NaN,NaN,NaN,NaN,NaN,NaN,NaN,NaN,NaN,NaN,NaN,NaN,NaN,NaN,NaN,NaN,
112.132,-0.01782,-0.00925,0.13049,-0.43963,-0.22926,-0.14648,0.85599,NaN,NaN,NaN,NaN,NaN,NaN,NaN,NaN,NaN,NaN,NaN,NaN,NaN,NaN,NaN,NaN,NaN,NaN,NaN,NaN,NaN,
112.157,-0.01774,-0.00917,0.13056,-0.44046,-0.22989,-0.14469,0.85570,NaN,NaN,NaN,NaN,NaN,NaN,NaN,NaN,NaN,NaN,NaN,NaN,NaN,NaN,NaN,NaN,NaN,NaN,NaN,NaN,NaN,
112.182,-0.01803,-0.00895,0.13032,-0.44025,-0.23289,-0.14176,0.85548,NaN,NaN,NaN,NaN,NaN,NaN,NaN,NaN,NaN,NaN,NaN,NaN,NaN,NaN,NaN,NaN,NaN,NaN,NaN,NaN,NaN,
112.207,-0.01813,-0.00877,0.13034,-0.44113,-0.23314,-0.14030,0.85520,NaN,NaN,NaN,NaN,NaN,NaN,NaN,NaN,NaN,NaN,NaN,NaN,NaN,NaN,NaN,NaN,NaN,NaN,NaN,NaN,NaN,
112.232,-0.01808,-0.00869,0.13025,-0.44229,-0.23271,-0.13919,0.85490,NaN,NaN,NaN,NaN,NaN,NaN,NaN,NaN,NaN,NaN,NaN,NaN,NaN,NaN,NaN,NaN,NaN,NaN,NaN,NaN,NaN,
112.257,-0.01804,-0.00860,0.13011,-0.44247,-0.23327,-0.13833,0.85479,NaN,NaN,NaN,NaN,NaN,NaN,NaN,NaN,NaN,NaN,NaN,NaN,NaN,NaN,NaN,NaN,NaN,NaN,NaN,NaN,NaN,
112.282,-0.01804,-0.00848,0.13003,-0.44298,-0.23348,-0.13742,0.85462,NaN,NaN,NaN,NaN,NaN,NaN,NaN,NaN,NaN,NaN,NaN,NaN,NaN,NaN,NaN,NaN,NaN,NaN,NaN,NaN,NaN,
112.307,-0.01806,-0.00840,0.12990,-0.44356,-0.23375,-0.13633,0.85441,NaN,NaN,NaN,NaN,NaN,NaN,NaN,NaN,NaN,NaN,NaN,NaN,NaN,NaN,NaN,NaN,NaN,NaN,NaN,NaN,NaN,
112.332,-0.01799,-0.00835,0.12981,-0.44449,-0.23393,-0.13487,0.85411,NaN,NaN,NaN,NaN,NaN,NaN,NaN,NaN,NaN,NaN,NaN,NaN,NaN,NaN,NaN,NaN,NaN,NaN,NaN,NaN,NaN,
112.357,-0.01807,-0.00818,0.12972,-0.44536,-0.23425,-0.13333,0.85381,NaN,NaN,NaN,NaN,NaN,NaN,NaN,NaN,NaN,NaN,NaN,NaN,NaN,NaN,NaN,NaN,NaN,NaN,NaN,NaN,NaN,
112.382,-0.01805,-0.00809,0.12969,-0.44646,-0.23399,-0.13211,0.85350,NaN,NaN,NaN,NaN,NaN,NaN,NaN,NaN,NaN,NaN,NaN,NaN,NaN,NaN,NaN,NaN,NaN,NaN,NaN,NaN,NaN,
112.407,-0.01799,-0.00797,0.12963,-0.44759,-0.23388,-0.13067,0.85316,NaN,NaN,NaN,NaN,NaN,NaN,NaN,NaN,NaN,NaN,NaN,NaN,NaN,NaN,NaN,NaN,NaN,NaN,NaN,NaN,NaN,
112.432,-0.01797,-0.00787,0.12963,-0.44805,-0.23430,-0.12959,0.85297,NaN,NaN,NaN,NaN,NaN,NaN,NaN,NaN,NaN,NaN,NaN,NaN,NaN,NaN,NaN,NaN,NaN,NaN,NaN,NaN,NaN,
112.457,-0.01797,-0.00780,0.12956,-0.44836,-0.23473,-0.12870,0.85283,NaN,NaN,NaN,NaN,NaN,NaN,NaN,NaN,NaN,NaN,NaN,NaN,NaN,NaN,NaN,NaN,NaN,NaN,NaN,NaN,NaN,
112.482,-0.01795,-0.00770,0.12956,-0.44870,-0.23495,-0.12798,0.85269,NaN,NaN,NaN,NaN,NaN,NaN,NaN,NaN,NaN,NaN,NaN,NaN,NaN,NaN,NaN,NaN,NaN,NaN,NaN,NaN,NaN,
112.507,-0.01801,-0.00763,0.12956,-0.44885,-0.23538,-0.12731,0.85260,NaN,NaN,NaN,NaN,NaN,NaN,NaN,NaN,NaN,NaN,NaN,NaN,NaN,NaN,NaN,NaN,NaN,NaN,NaN,NaN,NaN,
112.532,-0.01800,-0.00760,0.12950,-0.44891,-0.23610,-0.12644,0.85249,NaN,NaN,NaN,NaN,NaN,NaN,NaN,NaN,NaN,NaN,NaN,NaN,NaN,NaN,NaN,NaN,NaN,NaN,NaN,NaN,NaN,
112.557,-0.01802,-0.00755,0.12949,-0.44911,-0.23651,-0.12572,0.85238,NaN,NaN,NaN,NaN,NaN,NaN,NaN,NaN,NaN,NaN,NaN,NaN,NaN,NaN,NaN,NaN,NaN,NaN,NaN,NaN,NaN,
112.582,-0.01806,-0.00748,0.12953,-0.44925,-0.23678,-0.12523,0.85231,NaN,NaN,NaN,NaN,NaN,NaN,NaN,NaN,NaN,NaN,NaN,NaN,NaN,NaN,NaN,NaN,NaN,NaN,NaN,NaN,NaN,
112.607,-0.01811,-0.00740,0.12957,-0.44913,-0.23712,-0.12503,0.85231,NaN,NaN,NaN,NaN,NaN,NaN,NaN,NaN,NaN,NaN,NaN,NaN,NaN,NaN,NaN,NaN,NaN,NaN,NaN,NaN,NaN,
112.632,-0.01807,-0.00738,0.12953,-0.44907,-0.23760,-0.12458,0.85227,NaN,NaN,NaN,NaN,NaN,NaN,NaN,NaN,NaN,NaN,NaN,NaN,NaN,NaN,NaN,NaN,NaN,NaN,NaN,NaN,NaN,
112.657,-0.01810,-0.00730,0.12961,-0.44931,-0.23802,-0.12379,0.85214,NaN,NaN,NaN,NaN,NaN,NaN,NaN,NaN,NaN,NaN,NaN,NaN,NaN,NaN,NaN,NaN,NaN,NaN,NaN,NaN,NaN,
112.682,-0.01821,-0.00723,0.12955,-0.44879,-0.23969,-0.12268,0.85211,NaN,NaN,NaN,NaN,NaN,NaN,NaN,NaN,NaN,NaN,NaN,NaN,NaN,NaN,NaN,NaN,NaN,NaN,NaN,NaN,NaN,
112.707,-0.01824,-0.00718,0.12950,-0.44910,-0.24027,-0.12161,0.85193,NaN,NaN,NaN,NaN,NaN,NaN,NaN,NaN,NaN,NaN,NaN,NaN,NaN,NaN,NaN,NaN,NaN,NaN,NaN,NaN,NaN,
112.732,-0.01829,-0.00698,0.12957,-0.44971,-0.24097,-0.11999,0.85164,NaN,NaN,NaN,NaN,NaN,NaN,NaN,NaN,NaN,NaN,NaN,NaN,NaN,NaN,NaN,NaN,NaN,NaN,NaN,NaN,NaN,
112.757,-0.01841,-0.00676,0.12966,-0.44998,-0.24370,-0.11660,0.85120,NaN,NaN,NaN,NaN,NaN,NaN,NaN,NaN,NaN,NaN,NaN,NaN,NaN,NaN,NaN,NaN,NaN,NaN,NaN,NaN,NaN,
112.782,-0.01869,-0.00663,0.12960,-0.44994,-0.24599,-0.11410,0.85089,NaN,NaN,NaN,NaN,NaN,NaN,NaN,NaN,NaN,NaN,NaN,NaN,NaN,NaN,NaN,NaN,NaN,NaN,NaN,NaN,NaN,
112.807,-0.01869,-0.00658,0.12975,-0.45014,-0.24573,-0.11412,0.85086,NaN,NaN,NaN,NaN,NaN,NaN,NaN,NaN,NaN,NaN,NaN,NaN,NaN,NaN,NaN,NaN,NaN,NaN,NaN,NaN,NaN,
112.832,-0.01876,-0.00655,0.12987,-0.44993,-0.24554,-0.11462,0.85096,NaN,NaN,NaN,NaN,NaN,NaN,NaN,NaN,NaN,NaN,NaN,NaN,NaN,NaN,NaN,NaN,NaN,NaN,NaN,NaN,NaN,
112.857,-0.01870,-0.00656,0.12995,-0.45044,-0.24493,-0.11458,0.85087,NaN,NaN,NaN,NaN,NaN,NaN,NaN,NaN,NaN,NaN,NaN,NaN,NaN,NaN,NaN,NaN,NaN,NaN,NaN,NaN,NaN,
112.882,-0.01869,-0.00652,0.12994,-0.45055,-0.24506,-0.11428,0.85082,NaN,NaN,NaN,NaN,NaN,NaN,NaN,NaN,NaN,NaN,NaN,NaN,NaN,NaN,NaN,NaN,NaN,NaN,NaN,NaN,NaN,
112.907,-0.01874,-0.00647,0.13008,-0.45019,-0.24541,-0.11440,0.85089,NaN,NaN,NaN,NaN,NaN,NaN,NaN,NaN,NaN,NaN,NaN,NaN,NaN,NaN,NaN,NaN,NaN,NaN,NaN,NaN,NaN,
112.932,-0.01881,-0.00648,0.13015,-0.44986,-0.24602,-0.11419,0.85092,NaN,NaN,NaN,NaN,NaN,NaN,NaN,NaN,NaN,NaN,NaN,NaN,NaN,NaN,NaN,NaN,NaN,NaN,NaN,NaN,NaN,
112.957,-0.01887,-0.00650,0.13018,-0.44960,-0.24660,-0.11391,0.85093,NaN,NaN,NaN,NaN,NaN,NaN,NaN,NaN,NaN,NaN,NaN,NaN,NaN,NaN,NaN,NaN,NaN,NaN,NaN,NaN,NaN,
112.982,-0.01895,-0.00642,0.13030,-0.44948,-0.24695,-0.11368,0.85092,NaN,NaN,NaN,NaN,NaN,NaN,NaN,NaN,NaN,NaN,NaN,NaN,NaN,NaN,NaN,NaN,NaN,NaN,NaN,NaN,NaN,
113.007,-0.01898,-0.00637,0.13038,-0.44946,-0.24726,-0.11337,0.85088,NaN,NaN,NaN,NaN,NaN,NaN,NaN,NaN,NaN,NaN,NaN,NaN,NaN,NaN,NaN,NaN,NaN,NaN,NaN,NaN,NaN,
113.032,-0.01901,-0.00640,0.13035,-0.44908,-0.24803,-0.11304,0.85090,NaN,NaN,NaN,NaN,NaN,NaN,NaN,NaN,NaN,NaN,NaN,NaN,NaN,NaN,NaN,NaN,NaN,NaN,NaN,NaN,NaN,
113.057,-0.01900,-0.00635,0.13035,-0.44916,-0.24826,-0.11267,0.85084,NaN,NaN,NaN,NaN,NaN,NaN,NaN,NaN,NaN,NaN,NaN,NaN,NaN,NaN,NaN,NaN,NaN,NaN,NaN,NaN,NaN,
113.082,-0.01903,-0.00629,0.13042,-0.44941,-0.24826,-0.11230,0.85075,NaN,NaN,NaN,NaN,NaN,NaN,NaN,NaN,NaN,NaN,NaN,NaN,NaN,NaN,NaN,NaN,NaN,NaN,NaN,NaN,NaN,
113.107,-0.01902,-0.00628,0.13037,-0.44984,-0.24843,-0.11151,0.85058,NaN,NaN,NaN,NaN,NaN,NaN,NaN,NaN,NaN,NaN,NaN,NaN,NaN,NaN,NaN,NaN,NaN,NaN,NaN,NaN,NaN,
113.132,-0.01900,-0.00627,0.13035,-0.44991,-0.24904,-0.11075,0.85047,NaN,NaN,NaN,NaN,NaN,NaN,NaN,NaN,NaN,NaN,NaN,NaN,NaN,NaN,NaN,NaN,NaN,NaN,NaN,NaN,NaN,
113.157,-0.01908,-0.00622,0.13035,-0.44994,-0.24960,-0.11006,0.85037,NaN,NaN,NaN,NaN,NaN,NaN,NaN,NaN,NaN,NaN,NaN,NaN,NaN,NaN,NaN,NaN,NaN,NaN,NaN,NaN,NaN,
113.182,-0.01914,-0.00612,0.13038,-0.45015,-0.25014,-0.10916,0.85022,NaN,NaN,NaN,NaN,NaN,NaN,NaN,NaN,NaN,NaN,NaN,NaN,NaN,NaN,NaN,NaN,NaN,NaN,NaN,NaN,NaN,
113.207,-0.01921,-0.00604,0.13038,-0.45024,-0.25080,-0.10829,0.85009,NaN,NaN,NaN,NaN,NaN,NaN,NaN,NaN,NaN,NaN,NaN,NaN,NaN,NaN,NaN,NaN,NaN,NaN,NaN,NaN,NaN,
113.232,-0.01918,-0.00601,0.13037,-0.45063,-0.25102,-0.10749,0.84992,NaN,NaN,NaN,NaN,NaN,NaN,NaN,NaN,NaN,NaN,NaN,NaN,NaN,NaN,NaN,NaN,NaN,NaN,NaN,NaN,NaN,
113.257,-0.01919,-0.00593,0.13036,-0.45120,-0.25160,-0.10604,0.84963,NaN,NaN,NaN,NaN,NaN,NaN,NaN,NaN,NaN,NaN,NaN,NaN,NaN,NaN,NaN,NaN,NaN,NaN,NaN,NaN,NaN,
113.282,-0.01928,-0.00572,0.13039,-0.45181,-0.25310,-0.10348,0.84918,NaN,NaN,NaN,NaN,NaN,NaN,NaN,NaN,NaN,NaN,NaN,NaN,NaN,NaN,NaN,NaN,NaN,NaN,NaN,NaN,NaN,
113.307,-0.01942,-0.00547,0.13040,-0.45267,-0.25518,-0.09988,0.84853,NaN,NaN,NaN,NaN,NaN,NaN,NaN,NaN,NaN,NaN,NaN,NaN,NaN,NaN,NaN,NaN,NaN,NaN,NaN,NaN,NaN,
113.332,-0.01960,-0.00527,0.13019,-0.45285,-0.25758,-0.09687,0.84805,NaN,NaN,NaN,NaN,NaN,NaN,NaN,NaN,NaN,NaN,NaN,NaN,NaN,NaN,NaN,NaN,NaN,NaN,NaN,NaN,NaN,
113.357,-0.01958,-0.00520,0.13009,-0.45377,-0.25789,-0.09520,0.84766,NaN,NaN,NaN,NaN,NaN,NaN,NaN,NaN,NaN,NaN,NaN,NaN,NaN,NaN,NaN,NaN,NaN,NaN,NaN,NaN,NaN,
113.382,-0.01959,-0.00515,0.13003,-0.45418,-0.25805,-0.09443,0.84747,NaN,NaN,NaN,NaN,NaN,NaN,NaN,NaN,NaN,NaN,NaN,NaN,NaN,NaN,NaN,NaN,NaN,NaN,NaN,NaN,NaN,
113.407,-0.01958,-0.00507,0.13001,-0.45462,-0.25848,-0.09330,0.84723,NaN,NaN,NaN,NaN,NaN,NaN,NaN,NaN,NaN,NaN,NaN,NaN,NaN,NaN,NaN,NaN,NaN,NaN,NaN,NaN,NaN,
113.432,-0.01959,-0.00496,0.12996,-0.45568,-0.25864,-0.09159,0.84680,NaN,NaN,NaN,NaN,NaN,NaN,NaN,NaN,NaN,NaN,NaN,NaN,NaN,NaN,NaN,NaN,NaN,NaN,NaN,NaN,NaN,
113.457,-0.01958,-0.00483,0.12983,-0.45661,-0.25911,-0.08971,0.84636,NaN,NaN,NaN,NaN,NaN,NaN,NaN,NaN,NaN,NaN,NaN,NaN,NaN,NaN,NaN,NaN,NaN,NaN,NaN,NaN,NaN,
113.482,-0.01955,-0.00476,0.12968,-0.45734,-0.25957,-0.08811,0.84599,NaN,NaN,NaN,NaN,NaN,NaN,NaN,NaN,NaN,NaN,NaN,NaN,NaN,NaN,NaN,NaN,NaN,NaN,NaN,NaN,NaN,
113.507,-0.01955,-0.00463,0.12963,-0.45823,-0.26010,-0.08620,0.84554,NaN,NaN,NaN,NaN,NaN,NaN,NaN,NaN,NaN,NaN,NaN,NaN,NaN,NaN,NaN,NaN,NaN,NaN,NaN,NaN,NaN,
113.532,-0.01953,-0.00446,0.12961,-0.45962,-0.26039,-0.08384,0.84494,NaN,NaN,NaN,NaN,NaN,NaN,NaN,NaN,NaN,NaN,NaN,NaN,NaN,NaN,NaN,NaN,NaN,NaN,NaN,NaN,NaN,
113.561,-0.01959,-0.00428,0.12962,-0.46028,-0.26075,-0.08246,0.84460,NaN,NaN,NaN,NaN,NaN,NaN,NaN,NaN,NaN,NaN,NaN,NaN,NaN,NaN,NaN,NaN,NaN,NaN,NaN,NaN,NaN,
113.582,-0.01961,-0.00424,0.12958,-0.46040,-0.26125,-0.08171,0.84446,NaN,NaN,NaN,NaN,NaN,NaN,NaN,NaN,NaN,NaN,NaN,NaN,NaN,NaN,NaN,NaN,NaN,NaN,NaN,NaN,NaN,
113.607,-0.01960,-0.00420,0.12953,-0.46059,-0.26155,-0.08106,0.84432,NaN,NaN,NaN,NaN,NaN,NaN,NaN,NaN,NaN,NaN,NaN,NaN,NaN,NaN,NaN,NaN,NaN,NaN,NaN,NaN,NaN,
113.632,-0.01960,-0.00420,0.12950,-0.46072,-0.26168,-0.08072,0.84424,NaN,NaN,NaN,NaN,NaN,NaN,NaN,NaN,NaN,NaN,NaN,NaN,NaN,NaN,NaN,NaN,NaN,NaN,NaN,NaN,NaN,
113.657,-0.01959,-0.00416,0.12945,-0.46112,-0.26193,-0.07985,0.84403,NaN,NaN,NaN,NaN,NaN,NaN,NaN,NaN,NaN,NaN,NaN,NaN,NaN,NaN,NaN,NaN,NaN,NaN,NaN,NaN,NaN,
113.682,-0.01962,-0.00410,0.12951,-0.46141,-0.26217,-0.07914,0.84386,NaN,NaN,NaN,NaN,NaN,NaN,NaN,NaN,NaN,NaN,NaN,NaN,NaN,NaN,NaN,NaN,NaN,NaN,NaN,NaN,NaN,
113.707,-0.01968,-0.00400,0.12952,-0.46125,-0.26286,-0.07857,0.84379,NaN,NaN,NaN,NaN,NaN,NaN,NaN,NaN,NaN,NaN,NaN,NaN,NaN,NaN,NaN,NaN,NaN,NaN,NaN,NaN,NaN,
113.732,-0.01971,-0.00396,0.12955,-0.46101,-0.26321,-0.07851,0.84382,NaN,NaN,NaN,NaN,NaN,NaN,NaN,NaN,NaN,NaN,NaN,NaN,NaN,NaN,NaN,NaN,NaN,NaN,NaN,NaN,NaN,
113.757,-0.01971,-0.00396,0.12959,-0.46083,-0.26324,-0.07873,0.84388,NaN,NaN,NaN,NaN,NaN,NaN,NaN,NaN,NaN,NaN,NaN,NaN,NaN,NaN,NaN,NaN,NaN,NaN,NaN,NaN,NaN,
113.782,-0.01964,-0.00396,0.12957,-0.46132,-0.26339,-0.07783,0.84365,NaN,NaN,NaN,NaN,NaN,NaN,NaN,NaN,NaN,NaN,NaN,NaN,NaN,NaN,NaN,NaN,NaN,NaN,NaN,NaN,NaN,
113.807,-0.01965,-0.00384,0.12948,-0.46186,-0.26402,-0.07630,0.84330,NaN,NaN,NaN,NaN,NaN,NaN,NaN,NaN,NaN,NaN,NaN,NaN,NaN,NaN,NaN,NaN,NaN,NaN,NaN,NaN,NaN,
113.832,-0.01971,-0.00381,0.12941,-0.46133,-0.26488,-0.07606,0.84334,NaN,NaN,NaN,NaN,NaN,NaN,NaN,NaN,NaN,NaN,NaN,NaN,NaN,NaN,NaN,NaN,NaN,NaN,NaN,NaN,NaN,
113.857,-0.01978,-0.00381,0.12949,-0.46080,-0.26471,-0.07704,0.84360,NaN,NaN,NaN,NaN,NaN,NaN,NaN,NaN,NaN,NaN,NaN,NaN,NaN,NaN,NaN,NaN,NaN,NaN,NaN,NaN,NaN,
113.882,-0.01978,-0.00381,0.12964,-0.46093,-0.26396,-0.07775,0.84370,NaN,NaN,NaN,NaN,NaN,NaN,NaN,NaN,NaN,NaN,NaN,NaN,NaN,NaN,NaN,NaN,NaN,NaN,NaN,NaN,NaN,
113.907,-0.01981,-0.00382,0.12980,-0.46043,-0.26374,-0.07873,0.84395,NaN,NaN,NaN,NaN,NaN,NaN,NaN,NaN,NaN,NaN,NaN,NaN,NaN,NaN,NaN,NaN,NaN,NaN,NaN,NaN,NaN,
113.932,-0.01978,-0.00387,0.12983,-0.46039,-0.26354,-0.07903,0.84400,NaN,NaN,NaN,NaN,NaN,NaN,NaN,NaN,NaN,NaN,NaN,NaN,NaN,NaN,NaN,NaN,NaN,NaN,NaN,NaN,NaN,
113.957,-0.01979,-0.00389,0.12990,-0.46011,-0.26350,-0.07949,0.84413,NaN,NaN,NaN,NaN,NaN,NaN,NaN,NaN,NaN,NaN,NaN,NaN,NaN,NaN,NaN,NaN,NaN,NaN,NaN,NaN,NaN,
113.982,-0.01978,-0.00387,0.12999,-0.46028,-0.26330,-0.07947,0.84410,NaN,NaN,NaN,NaN,NaN,NaN,NaN,NaN,NaN,NaN,NaN,NaN,NaN,NaN,NaN,NaN,NaN,NaN,NaN,NaN,NaN,
114.007,-0.01978,-0.00372,0.13009,-0.46086,-0.26360,-0.07827,0.84380,NaN,NaN,NaN,NaN,NaN,NaN,NaN,NaN,NaN,NaN,NaN,NaN,NaN,NaN,NaN,NaN,NaN,NaN,NaN,NaN,NaN,
114.032,-0.01982,-0.00360,0.13020,-0.46176,-0.26319,-0.07742,0.84351,NaN,NaN,NaN,NaN,NaN,NaN,NaN,NaN,NaN,NaN,NaN,NaN,NaN,NaN,NaN,NaN,NaN,NaN,NaN,NaN,NaN,
114.057,-0.01986,-0.00356,0.13026,-0.46265,-0.26239,-0.07706,0.84331,NaN,NaN,NaN,NaN,NaN,NaN,NaN,NaN,NaN,NaN,NaN,NaN,NaN,NaN,NaN,NaN,NaN,NaN,NaN,NaN,NaN,
114.082,-0.01985,-0.00345,0.13031,-0.46360,-0.26228,-0.07579,0.84294,NaN,NaN,NaN,NaN,NaN,NaN,NaN,NaN,NaN,NaN,NaN,NaN,NaN,NaN,NaN,NaN,NaN,NaN,NaN,NaN,NaN,
114.107,-0.01989,-0.00331,0.13046,-0.46448,-0.26208,-0.07472,0.84261,NaN,NaN,NaN,NaN,NaN,NaN,NaN,NaN,NaN,NaN,NaN,NaN,NaN,NaN,NaN,NaN,NaN,NaN,NaN,NaN,NaN,
114.132,-0.01987,-0.00321,0.13060,-0.46517,-0.26180,-0.07403,0.84238,NaN,NaN,NaN,NaN,NaN,NaN,NaN,NaN,NaN,NaN,NaN,NaN,NaN,NaN,NaN,NaN,NaN,NaN,NaN,NaN,NaN,
114.157,-0.01986,-0.00319,0.13057,-0.46543,-0.26187,-0.07356,0.84225,NaN,NaN,NaN,NaN,NaN,NaN,NaN,NaN,NaN,NaN,NaN,NaN,NaN,NaN,NaN,NaN,NaN,NaN,NaN,NaN,NaN,
114.182,-0.01979,-0.00319,0.13055,-0.46582,-0.26204,-0.07277,0.84205,NaN,NaN,NaN,NaN,NaN,NaN,NaN,NaN,NaN,NaN,NaN,NaN,NaN,NaN,NaN,NaN,NaN,NaN,NaN,NaN,NaN,
114.207,-0.01989,-0.00309,0.13051,-0.46585,-0.26302,-0.07158,0.84183,NaN,NaN,NaN,NaN,NaN,NaN,NaN,NaN,NaN,NaN,NaN,NaN,NaN,NaN,NaN,NaN,NaN,NaN,NaN,NaN,NaN,
114.232,-0.01994,-0.00299,0.13051,-0.46621,-0.26386,-0.07004,0.84150,NaN,NaN,NaN,NaN,NaN,NaN,NaN,NaN,NaN,NaN,NaN,NaN,NaN,NaN,NaN,NaN,NaN,NaN,NaN,NaN,NaN,
114.257,-0.01996,-0.00298,0.13044,-0.46638,-0.26418,-0.06941,0.84136,NaN,NaN,NaN,NaN,NaN,NaN,NaN,NaN,NaN,NaN,NaN,NaN,NaN,NaN,NaN,NaN,NaN,NaN,NaN,NaN,NaN,
114.282,-0.01995,-0.00293,0.13042,-0.46674,-0.26429,-0.06873,0.84118,NaN,NaN,NaN,NaN,NaN,NaN,NaN,NaN,NaN,NaN,NaN,NaN,NaN,NaN,NaN,NaN,NaN,NaN,NaN,NaN,NaN,
114.307,-0.02001,-0.00280,0.13053,-0.46742,-0.26449,-0.06749,0.84084,NaN,NaN,NaN,NaN,NaN,NaN,NaN,NaN,NaN,NaN,NaN,NaN,NaN,NaN,NaN,NaN,NaN,NaN,NaN,NaN,NaN,
114.332,-0.02003,-0.00267,0.13057,-0.46816,-0.26527,-0.06545,0.84034,NaN,NaN,NaN,NaN,NaN,NaN,NaN,NaN,NaN,NaN,NaN,NaN,NaN,NaN,NaN,NaN,NaN,NaN,NaN,NaN,NaN,
114.357,-0.02011,-0.00257,0.13047,-0.46855,-0.26634,-0.06357,0.83993,NaN,NaN,NaN,NaN,NaN,NaN,NaN,NaN,NaN,NaN,NaN,NaN,NaN,NaN,NaN,NaN,NaN,NaN,NaN,NaN,NaN,
114.382,-0.02012,-0.00242,0.13040,-0.46944,-0.26697,-0.06147,0.83939,NaN,NaN,NaN,NaN,NaN,NaN,NaN,NaN,NaN,NaN,NaN,NaN,NaN,NaN,NaN,NaN,NaN,NaN,NaN,NaN,NaN,
114.407,-0.02014,-0.00224,0.13035,-0.47092,-0.26682,-0.05943,0.83876,NaN,NaN,NaN,NaN,NaN,NaN,NaN,NaN,NaN,NaN,NaN,NaN,NaN,NaN,NaN,NaN,NaN,NaN,NaN,NaN,NaN,
114.432,-0.02012,-0.00213,0.13026,-0.47220,-0.26672,-0.05760,0.83819,NaN,NaN,NaN,NaN,NaN,NaN,NaN,NaN,NaN,NaN,NaN,NaN,NaN,NaN,NaN,NaN,NaN,NaN,NaN,NaN,NaN,
114.457,-0.02008,-0.00201,0.13005,-0.47364,-0.26710,-0.05496,0.83744,NaN,NaN,NaN,NaN,NaN,NaN,NaN,NaN,NaN,NaN,NaN,NaN,NaN,NaN,NaN,NaN,NaN,NaN,NaN,NaN,NaN,
114.482,-0.02008,-0.00188,0.12999,-0.47475,-0.26745,-0.05283,0.83683,NaN,NaN,NaN,NaN,NaN,NaN,NaN,NaN,NaN,NaN,NaN,NaN,NaN,NaN,NaN,NaN,NaN,NaN,NaN,NaN,NaN,
114.507,-0.02011,-0.00169,0.13001,-0.47615,-0.26742,-0.05071,0.83618,NaN,NaN,NaN,NaN,NaN,NaN,NaN,NaN,NaN,NaN,NaN,NaN,NaN,NaN,NaN,NaN,NaN,NaN,NaN,NaN,NaN,
114.532,-0.02009,-0.00158,0.12996,-0.47737,-0.26759,-0.04863,0.83555,NaN,NaN,NaN,NaN,NaN,NaN,NaN,NaN,NaN,NaN,NaN,NaN,NaN,NaN,NaN,NaN,NaN,NaN,NaN,NaN,NaN,
114.557,-0.02004,-0.00150,0.12981,-0.47859,-0.26768,-0.04666,0.83494,NaN,NaN,NaN,NaN,NaN,NaN,NaN,NaN,NaN,NaN,NaN,NaN,NaN,NaN,NaN,NaN,NaN,NaN,NaN,NaN,NaN,
114.582,-0.02002,-0.00138,0.12974,-0.47982,-0.26769,-0.04473,0.83433,NaN,NaN,NaN,NaN,NaN,NaN,NaN,NaN,NaN,NaN,NaN,NaN,NaN,NaN,NaN,NaN,NaN,NaN,NaN,NaN,NaN,
114.607,-0.02005,-0.00121,0.12962,-0.48081,-0.26815,-0.04262,0.83372,NaN,NaN,NaN,NaN,NaN,NaN,NaN,NaN,NaN,NaN,NaN,NaN,NaN,NaN,NaN,NaN,NaN,NaN,NaN,NaN,NaN,
114.632,-0.02003,-0.00114,0.12954,-0.48167,-0.26845,-0.04092,0.83322,NaN,NaN,NaN,NaN,NaN,NaN,NaN,NaN,NaN,NaN,NaN,NaN,NaN,NaN,NaN,NaN,NaN,NaN,NaN,NaN,NaN,
114.657,-0.02000,-0.00105,0.12949,-0.48253,-0.26865,-0.03932,0.83273,NaN,NaN,NaN,NaN,NaN,NaN,NaN,NaN,NaN,NaN,NaN,NaN,NaN,NaN,NaN,NaN,NaN,NaN,NaN,NaN,NaN,
114.682,-0.02007,-0.00094,0.12954,-0.48315,-0.26884,-0.03812,0.83237,NaN,NaN,NaN,NaN,NaN,NaN,NaN,NaN,NaN,NaN,NaN,NaN,NaN,NaN,NaN,NaN,NaN,NaN,NaN,NaN,NaN,
114.707,-0.02005,-0.00085,0.12951,-0.48394,-0.26899,-0.03670,0.83193,NaN,NaN,NaN,NaN,NaN,NaN,NaN,NaN,NaN,NaN,NaN,NaN,NaN,NaN,NaN,NaN,NaN,NaN,NaN,NaN,NaN,
114.732,-0.02002,-0.00081,0.12949,-0.48463,-0.26903,-0.03555,0.83156,NaN,NaN,NaN,NaN,NaN,NaN,NaN,NaN,NaN,NaN,NaN,NaN,NaN,NaN,NaN,NaN,NaN,NaN,NaN,NaN,NaN,
114.757,-0.02004,-0.00071,0.12956,-0.48523,-0.26907,-0.03458,0.83124,NaN,NaN,NaN,NaN,NaN,NaN,NaN,NaN,NaN,NaN,NaN,NaN,NaN,NaN,NaN,NaN,NaN,NaN,NaN,NaN,NaN,
114.782,-0.02005,-0.00062,0.12959,-0.48577,-0.26920,-0.03355,0.83092,NaN,NaN,NaN,NaN,NaN,NaN,NaN,NaN,NaN,NaN,NaN,NaN,NaN,NaN,NaN,NaN,NaN,NaN,NaN,NaN,NaN,
114.807,-0.02000,-0.00058,0.12958,-0.48636,-0.26935,-0.03243,0.83057,NaN,NaN,NaN,NaN,NaN,NaN,NaN,NaN,NaN,NaN,NaN,NaN,NaN,NaN,NaN,NaN,NaN,NaN,NaN,NaN,NaN,
114.832,-0.02001,-0.00052,0.12953,-0.48651,-0.26976,-0.03168,0.83038,NaN,NaN,NaN,NaN,NaN,NaN,NaN,NaN,NaN,NaN,NaN,NaN,NaN,NaN,NaN,NaN,NaN,NaN,NaN,NaN,NaN,
114.857,-0.02002,-0.00043,0.12955,-0.48657,-0.27029,-0.03093,0.83021,NaN,NaN,NaN,NaN,NaN,NaN,NaN,NaN,NaN,NaN,NaN,NaN,NaN,NaN,NaN,NaN,NaN,NaN,NaN,NaN,NaN,
114.882,-0.02004,-0.00039,0.12952,-0.48681,-0.27062,-0.03014,0.82999,NaN,NaN,NaN,NaN,NaN,NaN,NaN,NaN,NaN,NaN,NaN,NaN,NaN,NaN,NaN,NaN,NaN,NaN,NaN,NaN,NaN,
114.907,-0.02000,-0.00039,0.12950,-0.48723,-0.27050,-0.02962,0.82980,NaN,NaN,NaN,NaN,NaN,NaN,NaN,NaN,NaN,NaN,NaN,NaN,NaN,NaN,NaN,NaN,NaN,NaN,NaN,NaN,NaN,
114.932,-0.02007,-0.00023,0.12957,-0.48787,-0.27067,-0.02839,0.82941,NaN,NaN,NaN,NaN,NaN,NaN,NaN,NaN,NaN,NaN,NaN,NaN,NaN,NaN,NaN,NaN,NaN,NaN,NaN,NaN,NaN,
114.957,-0.02002,0.00001,0.12969,-0.48932,-0.27136,-0.02520,0.82843,NaN,NaN,NaN,NaN,NaN,NaN,NaN,NaN,NaN,NaN,NaN,NaN,NaN,NaN,NaN,NaN,NaN,NaN,NaN,NaN,NaN,
114.982,-0.02006,0.00016,0.12967,-0.49048,-0.27047,-0.02447,0.82806,NaN,NaN,NaN,NaN,NaN,NaN,NaN,NaN,NaN,NaN,NaN,NaN,NaN,NaN,NaN,NaN,NaN,NaN,NaN,NaN,NaN,
115.007,-0.02010,0.00017,0.12973,-0.49050,-0.26870,-0.02667,0.82856,NaN,NaN,NaN,NaN,NaN,NaN,NaN,NaN,NaN,NaN,NaN,NaN,NaN,NaN,NaN,NaN,NaN,NaN,NaN,NaN,NaN,
115.032,-0.02006,0.00012,0.13000,-0.49064,-0.26751,-0.02793,0.82881,NaN,NaN,NaN,NaN,NaN,NaN,NaN,NaN,NaN,NaN,NaN,NaN,NaN,NaN,NaN,NaN,NaN,NaN,NaN,NaN,NaN,
115.057,-0.02006,0.00016,0.12998,-0.49056,-0.26772,-0.02780,0.82880,NaN,NaN,NaN,NaN,NaN,NaN,NaN,NaN,NaN,NaN,NaN,NaN,NaN,NaN,NaN,NaN,NaN,NaN,NaN,NaN,NaN,
115.082,-0.02004,0.00028,0.13011,-0.49117,-0.26778,-0.02675,0.82845,NaN,NaN,NaN,NaN,NaN,NaN,NaN,NaN,NaN,NaN,NaN,NaN,NaN,NaN,NaN,NaN,NaN,NaN,NaN,NaN,NaN,
115.107,-0.02004,0.00028,0.13011,-0.49117,-0.26778,-0.02675,0.82845,NaN,NaN,NaN,NaN,NaN,NaN,NaN,NaN,NaN,NaN,NaN,NaN,NaN,NaN,NaN,NaN,NaN,NaN,NaN,NaN,NaN,
115.132,-0.02010,0.00028,0.13032,-0.49096,-0.26758,-0.02734,0.82862,NaN,NaN,NaN,NaN,NaN,NaN,NaN,NaN,NaN,NaN,NaN,NaN,NaN,NaN,NaN,NaN,NaN,NaN,NaN,NaN,NaN,
115.157,-0.02008,0.00030,0.13034,-0.49130,-0.26755,-0.02683,0.82845,NaN,NaN,NaN,NaN,NaN,NaN,NaN,NaN,NaN,NaN,NaN,NaN,NaN,NaN,NaN,NaN,NaN,NaN,NaN,NaN,NaN,
115.182,-0.02008,0.00035,0.13042,-0.49172,-0.26746,-0.02627,0.82824,NaN,NaN,NaN,NaN,NaN,NaN,NaN,NaN,NaN,NaN,NaN,NaN,NaN,NaN,NaN,NaN,NaN,NaN,NaN,NaN,NaN,
115.207,-0.02014,0.00051,0.13054,-0.49207,-0.26768,-0.02543,0.82799,NaN,NaN,NaN,NaN,NaN,NaN,NaN,NaN,NaN,NaN,NaN,NaN,NaN,NaN,NaN,NaN,NaN,NaN,NaN,NaN,NaN,
115.232,-0.02010,0.00050,0.13059,-0.49249,-0.26739,-0.02513,0.82785,NaN,NaN,NaN,NaN,NaN,NaN,NaN,NaN,NaN,NaN,NaN,NaN,NaN,NaN,NaN,NaN,NaN,NaN,NaN,NaN,NaN,
115.257,-0.02003,0.00052,0.13050,-0.49279,-0.26751,-0.02448,0.82764,NaN,NaN,NaN,NaN,NaN,NaN,NaN,NaN,NaN,NaN,NaN,NaN,NaN,NaN,NaN,NaN,NaN,NaN,NaN,NaN,NaN,
115.282,-0.02008,0.00058,0.13050,-0.49286,-0.26774,-0.02409,0.82754,NaN,NaN,NaN,NaN,NaN,NaN,NaN,NaN,NaN,NaN,NaN,NaN,NaN,NaN,NaN,NaN,NaN,NaN,NaN,NaN,NaN,
115.307,-0.02009,0.00059,0.13052,-0.49316,-0.26777,-0.02356,0.82736,NaN,NaN,NaN,NaN,NaN,NaN,NaN,NaN,NaN,NaN,NaN,NaN,NaN,NaN,NaN,NaN,NaN,NaN,NaN,NaN,NaN,
115.332,-0.02007,0.00061,0.13048,-0.49357,-0.26790,-0.02275,0.82711,NaN,NaN,NaN,NaN,NaN,NaN,NaN,NaN,NaN,NaN,NaN,NaN,NaN,NaN,NaN,NaN,NaN,NaN,NaN,NaN,NaN,
115.357,-0.02007,0.00061,0.13048,-0.49357,-0.26790,-0.02275,0.82711,NaN,NaN,NaN,NaN,NaN,NaN,NaN,NaN,NaN,NaN,NaN,NaN,NaN,NaN,NaN,NaN,NaN,NaN,NaN,NaN,NaN,
115.382,-0.02008,0.00075,0.13058,-0.49457,-0.26779,-0.02127,0.82658,NaN,NaN,NaN,NaN,NaN,NaN,NaN,NaN,NaN,NaN,NaN,NaN,NaN,NaN,NaN,NaN,NaN,NaN,NaN,NaN,NaN,
115.407,-0.02006,0.00080,0.13056,-0.49515,-0.26797,-0.02012,0.82621,NaN,NaN,NaN,NaN,NaN,NaN,NaN,NaN,NaN,NaN,NaN,NaN,NaN,NaN,NaN,NaN,NaN,NaN,NaN,NaN,NaN,
115.432,-0.02006,0.00080,0.13056,-0.49515,-0.26797,-0.02012,0.82621,NaN,NaN,NaN,NaN,NaN,NaN,NaN,NaN,NaN,NaN,NaN,NaN,NaN,NaN,NaN,NaN,NaN,NaN,NaN,NaN,NaN,
115.457,-0.02005,0.00107,0.13056,-0.49747,-0.26813,-0.01615,0.82485,NaN,NaN,NaN,NaN,NaN,NaN,NaN,NaN,NaN,NaN,NaN,NaN,NaN,NaN,NaN,NaN,NaN,NaN,NaN,NaN,NaN,
115.482,-0.02002,0.00144,0.13044,0.50005,0.26967,0.00995,-0.82288,NaN,NaN,NaN,NaN,NaN,NaN,NaN,NaN,NaN,NaN,NaN,NaN,NaN,NaN,NaN,NaN,NaN,NaN,NaN,NaN,NaN,
115.507,-0.01998,0.00163,0.13027,0.50271,0.26866,0.00685,-0.82162,NaN,NaN,NaN,NaN,NaN,NaN,NaN,NaN,NaN,NaN,NaN,NaN,NaN,NaN,NaN,NaN,NaN,NaN,NaN,NaN,NaN,
115.532,-0.02001,0.00168,0.13015,0.50326,0.26874,0.00585,-0.82127,NaN,NaN,NaN,NaN,NaN,NaN,NaN,NaN,NaN,NaN,NaN,NaN,NaN,NaN,NaN,NaN,NaN,NaN,NaN,NaN,NaN,
115.557,-0.02001,0.00168,0.13015,0.50326,0.26874,0.00585,-0.82127,NaN,NaN,NaN,NaN,NaN,NaN,NaN,NaN,NaN,NaN,NaN,NaN,NaN,NaN,NaN,NaN,NaN,NaN,NaN,NaN,NaN,
115.582,-0.01999,0.00180,0.13011,0.50466,0.26874,0.00352,-0.82042,NaN,NaN,NaN,NaN,NaN,NaN,NaN,NaN,NaN,NaN,NaN,NaN,NaN,NaN,NaN,NaN,NaN,NaN,NaN,NaN,NaN,
115.607,-0.01999,0.00180,0.13011,0.50466,0.26874,0.00352,-0.82042,NaN,NaN,NaN,NaN,NaN,NaN,NaN,NaN,NaN,NaN,NaN,NaN,NaN,NaN,NaN,NaN,NaN,NaN,NaN,NaN,NaN,
115.632,-0.01998,0.00199,0.12980,0.50656,0.26943,-0.00055,-0.81903,NaN,NaN,NaN,NaN,NaN,NaN,NaN,NaN,NaN,NaN,NaN,NaN,NaN,NaN,NaN,NaN,NaN,NaN,NaN,NaN,NaN,
115.657,-0.01996,0.00207,0.12970,0.50765,0.26903,-0.00186,-0.81848,NaN,NaN,NaN,NaN,NaN,NaN,NaN,NaN,NaN,NaN,NaN,NaN,NaN,NaN,NaN,NaN,NaN,NaN,NaN,NaN,NaN,
115.682,-0.01994,0.00206,0.12951,0.50829,0.26919,-0.00314,-0.81803,NaN,NaN,NaN,NaN,NaN,NaN,NaN,NaN,NaN,NaN,NaN,NaN,NaN,NaN,NaN,NaN,NaN,NaN,NaN,NaN,NaN,
115.707,-0.01998,0.00218,0.12943,0.50924,0.26936,-0.00497,-0.81737,NaN,NaN,NaN,NaN,NaN,NaN,NaN,NaN,NaN,NaN,NaN,NaN,NaN,NaN,NaN,NaN,NaN,NaN,NaN,NaN,NaN,
115.732,-0.01998,0.00218,0.12943,0.50924,0.26936,-0.00497,-0.81737,NaN,NaN,NaN,NaN,NaN,NaN,NaN,NaN,NaN,NaN,NaN,NaN,NaN,NaN,NaN,NaN,NaN,NaN,NaN,NaN,NaN,
115.757,-0.01998,0.00238,0.12936,0.51174,0.26950,-0.00940,-0.81572,NaN,NaN,NaN,NaN,NaN,NaN,NaN,NaN,NaN,NaN,NaN,NaN,NaN,NaN,NaN,NaN,NaN,NaN,NaN,NaN,NaN,
115.782,-0.01998,0.00238,0.12936,0.51174,0.26950,-0.00940,-0.81572,NaN,NaN,NaN,NaN,NaN,NaN,NaN,NaN,NaN,NaN,NaN,NaN,NaN,NaN,NaN,NaN,NaN,NaN,NaN,NaN,NaN,
115.807,-0.01994,0.00244,0.12943,0.51242,0.26938,-0.01039,-0.81532,NaN,NaN,NaN,NaN,NaN,NaN,NaN,NaN,NaN,NaN,NaN,NaN,NaN,NaN,NaN,NaN,NaN,NaN,NaN,NaN,NaN,
115.832,-0.01995,0.00253,0.12948,0.51304,0.26934,-0.01139,-0.81494,NaN,NaN,NaN,NaN,NaN,NaN,NaN,NaN,NaN,NaN,NaN,NaN,NaN,NaN,NaN,NaN,NaN,NaN,NaN,NaN,NaN,
115.857,-0.01993,0.00258,0.12937,0.51355,0.26963,-0.01266,-0.81450,NaN,NaN,NaN,NaN,NaN,NaN,NaN,NaN,NaN,NaN,NaN,NaN,NaN,NaN,NaN,NaN,NaN,NaN,NaN,NaN,NaN,
115.882,-0.01991,0.00259,0.12929,0.51384,0.26995,-0.01357,-0.81420,NaN,NaN,NaN,NaN,NaN,NaN,NaN,NaN,NaN,NaN,NaN,NaN,NaN,NaN,NaN,NaN,NaN,NaN,NaN,NaN,NaN,
115.907,-0.01992,0.00266,0.12934,0.51407,0.27032,-0.01446,-0.81391,NaN,NaN,NaN,NaN,NaN,NaN,NaN,NaN,NaN,NaN,NaN,NaN,NaN,NaN,NaN,NaN,NaN,NaN,NaN,NaN,NaN,
115.932,-0.01995,0.00276,0.12940,0.51483,0.27040,-0.01587,-0.81338,NaN,NaN,NaN,NaN,NaN,NaN,NaN,NaN,NaN,NaN,NaN,NaN,NaN,NaN,NaN,NaN,NaN,NaN,NaN,NaN,NaN,
115.957,-0.01996,0.00285,0.12940,0.51561,0.27032,-0.01712,-0.81288,NaN,NaN,NaN,NaN,NaN,NaN,NaN,NaN,NaN,NaN,NaN,NaN,NaN,NaN,NaN,NaN,NaN,NaN,NaN,NaN,NaN,
115.982,-0.01994,0.00290,0.12935,0.51637,0.27053,-0.01872,-0.81229,NaN,NaN,NaN,NaN,NaN,NaN,NaN,NaN,NaN,NaN,NaN,NaN,NaN,NaN,NaN,NaN,NaN,NaN,NaN,NaN,NaN,
116.007,-0.01983,0.00310,0.12942,0.51898,0.27069,-0.02346,-0.81045,NaN,NaN,NaN,NaN,NaN,NaN,NaN,NaN,NaN,NaN,NaN,NaN,NaN,NaN,NaN,NaN,NaN,NaN,NaN,NaN,NaN,
116.032,-0.02007,0.00343,0.12940,0.51965,0.27184,-0.02619,-0.80955,NaN,NaN,NaN,NaN,NaN,NaN,NaN,NaN,NaN,NaN,NaN,NaN,NaN,NaN,NaN,NaN,NaN,NaN,NaN,NaN,NaN,
116.057,-0.01994,0.00345,0.12966,0.52014,0.27055,-0.02529,-0.80970,NaN,NaN,NaN,NaN,NaN,NaN,NaN,NaN,NaN,NaN,NaN,NaN,NaN,NaN,NaN,NaN,NaN,NaN,NaN,NaN,NaN,
116.082,-0.01992,0.00341,0.12966,0.51991,0.27037,-0.02465,-0.80993,NaN,NaN,NaN,NaN,NaN,NaN,NaN,NaN,NaN,NaN,NaN,NaN,NaN,NaN,NaN,NaN,NaN,NaN,NaN,NaN,NaN,
116.107,-0.01994,0.00342,0.12969,0.51982,0.27012,-0.02416,-0.81008,NaN,NaN,NaN,NaN,NaN,NaN,NaN,NaN,NaN,NaN,NaN,NaN,NaN,NaN,NaN,NaN,NaN,NaN,NaN,NaN,NaN,
116.132,-0.01999,0.00353,0.12974,0.51998,0.27022,-0.02457,-0.80994,NaN,NaN,NaN,NaN,NaN,NaN,NaN,NaN,NaN,NaN,NaN,NaN,NaN,NaN,NaN,NaN,NaN,NaN,NaN,NaN,NaN,
116.157,-0.02006,0.00364,0.12997,0.52024,0.26998,-0.02472,-0.80984,NaN,NaN,NaN,NaN,NaN,NaN,NaN,NaN,NaN,NaN,NaN,NaN,NaN,NaN,NaN,NaN,NaN,NaN,NaN,NaN,NaN,
116.182,-0.02006,0.00367,0.13010,0.52055,0.26977,-0.02496,-0.80971,NaN,NaN,NaN,NaN,NaN,NaN,NaN,NaN,NaN,NaN,NaN,NaN,NaN,NaN,NaN,NaN,NaN,NaN,NaN,NaN,NaN,
116.207,-0.01999,0.00371,0.13012,0.52104,0.26975,-0.02579,-0.80938,NaN,NaN,NaN,NaN,NaN,NaN,NaN,NaN,NaN,NaN,NaN,NaN,NaN,NaN,NaN,NaN,NaN,NaN,NaN,NaN,NaN,
116.232,-0.02001,0.00373,0.13029,0.52091,0.26959,-0.02535,-0.80953,NaN,NaN,NaN,NaN,NaN,NaN,NaN,NaN,NaN,NaN,NaN,NaN,NaN,NaN,NaN,NaN,NaN,NaN,NaN,NaN,NaN,
116.257,-0.02000,0.00378,0.13045,0.52111,0.26938,-0.02542,-0.80947,NaN,NaN,NaN,NaN,NaN,NaN,NaN,NaN,NaN,NaN,NaN,NaN,NaN,NaN,NaN,NaN,NaN,NaN,NaN,NaN,NaN,
116.282,-0.02000,0.00386,0.13050,0.52148,0.26957,-0.02634,-0.80913,NaN,NaN,NaN,NaN,NaN,NaN,NaN,NaN,NaN,NaN,NaN,NaN,NaN,NaN,NaN,NaN,NaN,NaN,NaN,NaN,NaN,
116.307,-0.02001,0.00393,0.13046,0.52194,0.27001,-0.02774,-0.80864,NaN,NaN,NaN,NaN,NaN,NaN,NaN,NaN,NaN,NaN,NaN,NaN,NaN,NaN,NaN,NaN,NaN,NaN,NaN,NaN,NaN,
116.332,-0.01999,0.00392,0.13039,0.52233,0.27004,-0.02846,-0.80836,NaN,NaN,NaN,NaN,NaN,NaN,NaN,NaN,NaN,NaN,NaN,NaN,NaN,NaN,NaN,NaN,NaN,NaN,NaN,NaN,NaN,
116.357,-0.02000,0.00397,0.13044,0.52279,0.26982,-0.02898,-0.80811,NaN,NaN,NaN,NaN,NaN,NaN,NaN,NaN,NaN,NaN,NaN,NaN,NaN,NaN,NaN,NaN,NaN,NaN,NaN,NaN,NaN,
116.382,-0.02004,0.00406,0.13055,0.52353,0.26953,-0.02989,-0.80770,NaN,NaN,NaN,NaN,NaN,NaN,NaN,NaN,NaN,NaN,NaN,NaN,NaN,NaN,NaN,NaN,NaN,NaN,NaN,NaN,NaN,
116.407,-0.02005,0.00416,0.13055,0.52415,0.26958,-0.03106,-0.80723,NaN,NaN,NaN,NaN,NaN,NaN,NaN,NaN,NaN,NaN,NaN,NaN,NaN,NaN,NaN,NaN,NaN,NaN,NaN,NaN,NaN,
116.432,-0.02002,0.00414,0.13048,0.52415,0.26983,-0.03138,-0.80714,NaN,NaN,NaN,NaN,NaN,NaN,NaN,NaN,NaN,NaN,NaN,NaN,NaN,NaN,NaN,NaN,NaN,NaN,NaN,NaN,NaN,
116.457,-0.01998,0.00409,0.13042,0.52422,0.26988,-0.03158,-0.80707,NaN,NaN,NaN,NaN,NaN,NaN,NaN,NaN,NaN,NaN,NaN,NaN,NaN,NaN,NaN,NaN,NaN,NaN,NaN,NaN,NaN,
116.482,-0.01999,0.00412,0.13047,0.52425,0.26984,-0.03158,-0.80707,NaN,NaN,NaN,NaN,NaN,NaN,NaN,NaN,NaN,NaN,NaN,NaN,NaN,NaN,NaN,NaN,NaN,NaN,NaN,NaN,NaN,
116.507,-0.02003,0.00416,0.13049,0.52432,0.26978,-0.03162,-0.80704,NaN,NaN,NaN,NaN,NaN,NaN,NaN,NaN,NaN,NaN,NaN,NaN,NaN,NaN,NaN,NaN,NaN,NaN,NaN,NaN,NaN,
116.532,-0.02004,0.00415,0.13050,0.52432,0.26972,-0.03156,-0.80706,NaN,NaN,NaN,NaN,NaN,NaN,NaN,NaN,NaN,NaN,NaN,NaN,NaN,NaN,NaN,NaN,NaN,NaN,NaN,NaN,NaN,
116.557,-0.02000,0.00412,0.13042,0.52436,0.26982,-0.03174,-0.80700,NaN,NaN,NaN,NaN,NaN,NaN,NaN,NaN,NaN,NaN,NaN,NaN,NaN,NaN,NaN,NaN,NaN,NaN,NaN,NaN,NaN,
116.582,-0.01999,0.00412,0.13043,0.52431,0.26986,-0.03172,-0.80701,NaN,NaN,NaN,NaN,NaN,NaN,NaN,NaN,NaN,NaN,NaN,NaN,NaN,NaN,NaN,NaN,NaN,NaN,NaN,NaN,NaN,
116.607,-0.02002,0.00413,0.13049,0.52426,0.26972,-0.03144,-0.80710,NaN,NaN,NaN,NaN,NaN,NaN,NaN,NaN,NaN,NaN,NaN,NaN,NaN,NaN,NaN,NaN,NaN,NaN,NaN,NaN,NaN,
116.632,-0.02001,0.00413,0.13048,0.52429,0.26977,-0.03155,-0.80707,NaN,NaN,NaN,NaN,NaN,NaN,NaN,NaN,NaN,NaN,NaN,NaN,NaN,NaN,NaN,NaN,NaN,NaN,NaN,NaN,NaN,
116.657,-0.02000,0.00412,0.13046,0.52430,0.26979,-0.03161,-0.80704,NaN,NaN,NaN,NaN,NaN,NaN,NaN,NaN,NaN,NaN,NaN,NaN,NaN,NaN,NaN,NaN,NaN,NaN,NaN,NaN,NaN,
116.682,-0.02000,0.00413,0.13048,0.52434,0.26975,-0.03162,-0.80703,NaN,NaN,NaN,NaN,NaN,NaN,NaN,NaN,NaN,NaN,NaN,NaN,NaN,NaN,NaN,NaN,NaN,NaN,NaN,NaN,NaN,
116.707,-0.02000,0.00413,0.13048,0.52435,0.26974,-0.03162,-0.80703,NaN,NaN,NaN,NaN,NaN,NaN,NaN,NaN,NaN,NaN,NaN,NaN,NaN,NaN,NaN,NaN,NaN,NaN,NaN,NaN,NaN,
116.732,-0.02000,0.00413,0.13047,0.52434,0.26976,-0.03163,-0.80703,NaN,NaN,NaN,NaN,NaN,NaN,NaN,NaN,NaN,NaN,NaN,NaN,NaN,NaN,NaN,NaN,NaN,NaN,NaN,NaN,NaN,
116.757,-0.02000,0.00413,0.13047,0.52434,0.26976,-0.03163,-0.80703,NaN,NaN,NaN,NaN,NaN,NaN,NaN,NaN,NaN,NaN,NaN,NaN,NaN,NaN,NaN,NaN,NaN,NaN,NaN,NaN,NaN,
116.782,-0.02000,0.00413,0.13048,0.52436,0.26973,-0.03164,-0.80702,NaN,NaN,NaN,NaN,NaN,NaN,NaN,NaN,NaN,NaN,NaN,NaN,NaN,NaN,NaN,NaN,NaN,NaN,NaN,NaN,NaN,
116.807,-0.01999,0.00413,0.13048,0.52437,0.26973,-0.03166,-0.80702,NaN,NaN,NaN,NaN,NaN,NaN,NaN,NaN,NaN,NaN,NaN,NaN,NaN,NaN,NaN,NaN,NaN,NaN,NaN,NaN,NaN,
116.832,-0.01999,0.00413,0.13047,0.52438,0.26974,-0.03167,-0.80701,NaN,NaN,NaN,NaN,NaN,NaN,NaN,NaN,NaN,NaN,NaN,NaN,NaN,NaN,NaN,NaN,NaN,NaN,NaN,NaN,NaN,
116.857,-0.01999,0.00413,0.13047,0.52438,0.26975,-0.03169,-0.80700,NaN,NaN,NaN,NaN,NaN,NaN,NaN,NaN,NaN,NaN,NaN,NaN,NaN,NaN,NaN,NaN,NaN,NaN,NaN,NaN,NaN,
116.882,-0.01999,0.00412,0.13046,0.52437,0.26977,-0.03171,-0.80700,NaN,NaN,NaN,NaN,NaN,NaN,NaN,NaN,NaN,NaN,NaN,NaN,NaN,NaN,NaN,NaN,NaN,NaN,NaN,NaN,NaN,
116.907,-0.02000,0.00412,0.13047,0.52435,0.26977,-0.03167,-0.80702,NaN,NaN,NaN,NaN,NaN,NaN,NaN,NaN,NaN,NaN,NaN,NaN,NaN,NaN,NaN,NaN,NaN,NaN,NaN,NaN,NaN,
116.932,-0.02000,0.00413,0.13046,0.52435,0.26979,-0.03170,-0.80701,NaN,NaN,NaN,NaN,NaN,NaN,NaN,NaN,NaN,NaN,NaN,NaN,NaN,NaN,NaN,NaN,NaN,NaN,NaN,NaN,NaN,
116.957,-0.01999,0.00412,0.13046,0.52435,0.26981,-0.03172,-0.80700,NaN,NaN,NaN,NaN,NaN,NaN,NaN,NaN,NaN,NaN,NaN,NaN,NaN,NaN,NaN,NaN,NaN,NaN,NaN,NaN,NaN,
116.982,-0.02000,0.00411,0.13046,0.52436,0.26979,-0.03171,-0.80700,NaN,NaN,NaN,NaN,NaN,NaN,NaN,NaN,NaN,NaN,NaN,NaN,NaN,NaN,NaN,NaN,NaN,NaN,NaN,NaN,NaN,
117.007,-0.02000,0.00412,0.13046,0.52436,0.26981,-0.03173,-0.80700,NaN,NaN,NaN,NaN,NaN,NaN,NaN,NaN,NaN,NaN,NaN,NaN,NaN,NaN,NaN,NaN,NaN,NaN,NaN,NaN,NaN,
117.032,-0.01999,0.00411,0.13044,0.52434,0.26985,-0.03176,-0.80699,NaN,NaN,NaN,NaN,NaN,NaN,NaN,NaN,NaN,NaN,NaN,NaN,NaN,NaN,NaN,NaN,NaN,NaN,NaN,NaN,NaN,
117.057,-0.02000,0.00411,0.13045,0.52433,0.26983,-0.03171,-0.80701,NaN,NaN,NaN,NaN,NaN,NaN,NaN,NaN,NaN,NaN,NaN,NaN,NaN,NaN,NaN,NaN,NaN,NaN,NaN,NaN,NaN,
117.082,-0.02000,0.00411,0.13045,0.52434,0.26984,-0.03174,-0.80700,NaN,NaN,NaN,NaN,NaN,NaN,NaN,NaN,NaN,NaN,NaN,NaN,NaN,NaN,NaN,NaN,NaN,NaN,NaN,NaN,NaN,
117.107,-0.01999,0.00410,0.13044,0.52431,0.26986,-0.03172,-0.80701,NaN,NaN,NaN,NaN,NaN,NaN,NaN,NaN,NaN,NaN,NaN,NaN,NaN,NaN,NaN,NaN,NaN,NaN,NaN,NaN,NaN,
117.132,-0.01999,0.00410,0.13045,0.52435,0.26982,-0.03173,-0.80700,NaN,NaN,NaN,NaN,NaN,NaN,NaN,NaN,NaN,NaN,NaN,NaN,NaN,NaN,NaN,NaN,NaN,NaN,NaN,NaN,NaN,
117.157,-0.01999,0.00411,0.13044,0.52437,0.26983,-0.03177,-0.80698,NaN,NaN,NaN,NaN,NaN,NaN,NaN,NaN,NaN,NaN,NaN,NaN,NaN,NaN,NaN,NaN,NaN,NaN,NaN,NaN,NaN,
117.182,-0.01999,0.00409,0.13043,0.52434,0.26985,-0.03177,-0.80699,NaN,NaN,NaN,NaN,NaN,NaN,NaN,NaN,NaN,NaN,NaN,NaN,NaN,NaN,NaN,NaN,NaN,NaN,NaN,NaN,NaN,
117.207,-0.01999,0.00410,0.13044,0.52436,0.26982,-0.03176,-0.80699,NaN,NaN,NaN,NaN,NaN,NaN,NaN,NaN,NaN,NaN,NaN,NaN,NaN,NaN,NaN,NaN,NaN,NaN,NaN,NaN,NaN,
117.232,-0.01999,0.00411,0.13044,0.52436,0.26985,-0.03179,-0.80698,NaN,NaN,NaN,NaN,NaN,NaN,NaN,NaN,NaN,NaN,NaN,NaN,NaN,NaN,NaN,NaN,NaN,NaN,NaN,NaN,NaN,
117.257,-0.01999,0.00410,0.13043,0.52436,0.26984,-0.03179,-0.80698,NaN,NaN,NaN,NaN,NaN,NaN,NaN,NaN,NaN,NaN,NaN,NaN,NaN,NaN,NaN,NaN,NaN,NaN,NaN,NaN,NaN,
117.282,-0.01999,0.00411,0.13044,0.52438,0.26981,-0.03179,-0.80698,NaN,NaN,NaN,NaN,NaN,NaN,NaN,NaN,NaN,NaN,NaN,NaN,NaN,NaN,NaN,NaN,NaN,NaN,NaN,NaN,NaN,
117.307,-0.01999,0.00411,0.13044,0.52437,0.26984,-0.03181,-0.80697,NaN,NaN,NaN,NaN,NaN,NaN,NaN,NaN,NaN,NaN,NaN,NaN,NaN,NaN,NaN,NaN,NaN,NaN,NaN,NaN,NaN,
117.332,-0.01999,0.00410,0.13043,0.52435,0.26985,-0.03177,-0.80699,NaN,NaN,NaN,NaN,NaN,NaN,NaN,NaN,NaN,NaN,NaN,NaN,NaN,NaN,NaN,NaN,NaN,NaN,NaN,NaN,NaN,
117.357,-0.01999,0.00411,0.13044,0.52437,0.26983,-0.03177,-0.80698,NaN,NaN,NaN,NaN,NaN,NaN,NaN,NaN,NaN,NaN,NaN,NaN,NaN,NaN,NaN,NaN,NaN,NaN,NaN,NaN,NaN,
117.382,-0.01999,0.00411,0.13043,0.52435,0.26986,-0.03180,-0.80698,NaN,NaN,NaN,NaN,NaN,NaN,NaN,NaN,NaN,NaN,NaN,NaN,NaN,NaN,NaN,NaN,NaN,NaN,NaN,NaN,NaN,
