t,q1,q2,q3,q4,q1_dot,q2_dot,q3_dot,q4_dot,c1,c2,c3,c4,q_r1,q_r2,q_r3,q_r4,q_r1_dot,q_r2_dot,q_r3_dot,q_r4_dot
13.388,-1.335875,-0.155799,-1.336050,-0.071900,0.024435,0.000030,0.000000,0.000000,-16.900000,-8.000000,-47.800000,49.900000,-1.336074,-0.155799,-1.336074,-0.071900,0.000000,0.000000,0.000000,0.000000
13.398,-1.335875,-0.155799,-1.336050,-0.071900,0.024435,0.000030,0.000000,0.000000,-16.900000,-8.000000,-47.800000,49.900000,-1.336074,-0.155799,-1.336074,-0.071900,0.000000,0.000000,0.000000,0.000000
13.408,-1.335875,-0.155799,-1.336050,-0.071900,0.024435,0.000030,0.000000,0.000000,-16.900000,-8.000000,-47.800000,49.900000,-1.336074,-0.155799,-1.336074,-0.071900,0.000000,0.000000,0.000000,0.000000
13.418,-1.335875,-0.155799,-1.336050,-0.071900,0.024435,0.000030,0.000000,0.000000,-16.900000,-8.000000,-47.800000,49.900000,-1.336074,-0.155799,-1.336074,-0.071900,0.000000,0.000000,0.000000,0.000000
16.888,-1.392773,-0.153707,-1.295558,-0.071800,0.038397,0.000050,0.000000,0.000000,-19.900000,18.000000,-9.200000,57.500000,-1.392807,-0.153708,-1.295674,-0.071062,0.000000,0.000000,0.000000,0.000000
16.898,-1.392773,-0.153707,-1.295558,-0.071800,0.038397,0.000050,0.000000,0.000000,-19.900000,18.000000,-9.200000,57.500000,-1.392807,-0.153708,-1.295674,-0.071062,0.000000,0.000000,0.000000,0.000000
16.908,-1.392773,-0.153707,-1.295558,-0.071800,0.038397,0.000050,0.000000,0.000000,-19.900000,18.000000,-9.200000,57.500000,-1.392807,-0.153708,-1.295674,-0.071062,0.000000,0.000000,0.000000,0.000000
16.918,-1.392773,-0.153707,-1.295558,-0.071800,0.038397,0.000050,0.000000,0.000000,-19.900000,18.000000,-9.200000,57.500000,-1.392807,-0.153708,-1.295674,-0.071062,0.000000,0.000000,0.000000,0.000000
17.287,-1.447576,-0.151683,-1.256463,-0.070249,-0.022689,0.000210,0.000000,0.000000,-21.000000,-4.400000,133.500000,157.600000,-1.447675,-0.151680,-1.256523,-0.070249,0.000000,0.000000,0.000000,0.000000
17.297,-1.447576,-0.151683,-1.256463,-0.070249,-0.022689,0.000210,0.000000,0.000000,-21.000000,-4.400000,133.500000,157.600000,-1.447675,-0.151680,-1.256523,-0.070249,0.000000,0.000000,0.000000,0.000000
17.308,-1.447576,-0.151683,-1.256463,-0.070249,-0.022689,0.000210,0.000000,0.000000,-21.000000,-4.400000,133.500000,157.600000,-1.447675,-0.151680,-1.256523,-0.070249,0.000000,0.000000,0.000000,0.000000
17.318,-1.447576,-0.151683,-1.256463,-0.070249,-0.022689,0.000210,0.000000,0.000000,-21.000000,-4.400000,133.500000,157.600000,-1.447675,-0.151680,-1.256523,-0.070249,0.000000,0.000000,0.000000,0.000000
17.688,-1.381079,-0.149670,-1.298525,-0.069366,0.043633,0.000150,0.000000,0.000000,-10.200000,28.000000,-35.500000,145.300000,-1.380929,-0.149667,-1.298611,-0.069367,0.000000,0.000000,0.000000,0.000000
17.698,-1.381079,-0.149670,-1.298525,-0.069366,0.043633,0.000150,0.000000,0.000000,-10.200000,28.000000,-35.500000,145.300000,-1.380929,-0.149667,-1.298611,-0.069367,0.000000,0.000000,0.000000,0.000000
17.708,-1.381079,-0.149670,-1.298525,-0.069366,0.043633,0.000150,0.000000,0.000000,-10.200000,28.000000,-35.500000,145.300000,-1.380929,-0.149667,-1.298611,-0.069367,0.000000,0.000000,0.000000,0.000000
17.718,-1.381079,-0.149670,-1.298525,-0.069366,0.043633,0.000150,0.000000,0.000000,-10.200000,28.000000,-35.500000,145.300000,-1.380929,-0.149667,-1.298611,-0.069367,0.000000,0.000000,0.000000,0.000000
18.592,-1.444784,-0.147646,-1.265364,-0.068431,-0.024435,0.000050,0.000000,0.000000,-22.900000,-0.200000,108.700000,84.500000,-1.444873,-0.147647,-1.265270,-0.068432,0.000000,0.000000,0.000000,0.000000
18.602,-1.444784,-0.147646,-1.265364,-0.068431,-0.024435,0.000050,0.000000,0.000000,-22.900000,-0.200000,108.700000,84.500000,-1.444873,-0.147647,-1.265270,-0.068432,0.000000,0.000000,0.000000,0.000000
18.612,-1.444784,-0.147646,-1.265364,-0.068431,-0.024435,0.000050,0.000000,0.000000,-22.900000,-0.200000,108.700000,84.500000,-1.444873,-0.147647,-1.265270,-0.068432,0.000000,0.000000,0.000000,0.000000
18.623,-1.444784,-0.147646,-1.265364,-0.068431,-0.024435,0.000050,0.000000,0.000000,-22.900000,-0.200000,108.700000,84.500000,-1.444873,-0.147647,-1.265270,-0.068432,0.000000,0.000000,0.000000,0.000000
22.088,-1.508314,-0.145645,-1.227665,-0.067517,0.015708,-0.000070,0.000000,0.000000,-23.400000,-0.400000,-6.900000,131.100000,-1.508423,-0.145645,-1.227887,-0.067517,0.000000,0.000000,0.000000,0.000000
22.098,-1.508314,-0.145645,-1.227665,-0.067517,0.015708,-0.000070,0.000000,0.000000,-23.400000,-0.400000,-6.900000,131.100000,-1.508423,-0.145645,-1.227887,-0.067517,0.000000,0.000000,0.000000,0.000000
22.108,-1.508314,-0.145645,-1.227665,-0.067517,0.015708,-0.000070,0.000000,0.000000,-23.400000,-0.400000,-6.900000,131.100000,-1.508423,-0.145645,-1.227887,-0.067517,0.000000,0.000000,0.000000,0.000000
22.118,-1.508314,-0.145645,-1.227665,-0.067517,0.015708,-0.000070,0.000000,0.000000,-23.400000,-0.400000,-6.900000,131.100000,-1.508423,-0.145645,-1.227887,-0.067517,0.000000,0.000000,0.000000,0.000000
22.588,-1.571669,-0.143644,-1.190315,-0.066603,0.076794,0.000010,-0.001745,0.000000,-23.400000,17.600000,-32.500000,122.300000,-1.571973,-0.143644,-1.190504,-0.066603,0.000000,0.000000,0.000000,0.000000
22.598,-1.571669,-0.143644,-1.190315,-0.066603,0.076794,0.000010,-0.001745,0.000000,-23.400000,17.600000,-32.500000,122.300000,-1.571973,-0.143644,-1.190504,-0.066603,0.000000,0.000000,0.000000,0.000000
22.608,-1.571669,-0.143644,-1.190315,-0.066603,0.076794,0.000010,-0.001745,0.000000,-23.400000,17.600000,-32.500000,122.300000,-1.571973,-0.143644,-1.190504,-0.066603,0.000000,0.000000,0.000000,0.000000
22.618,-1.571669,-0.143644,-1.190315,-0.066603,0.076794,0.000010,-0.001745,0.000000,-23.400000,17.600000,-32.500000,122.300000,-1.571973,-0.143644,-1.190504,-0.066603,0.000000,0.000000,0.000000,0.000000
26.091,-1.486322,-0.141615,-1.234471,-0.065639,0.045379,-0.000100,0.000000,0.000000,-17.900000,-11.200000,-21.400000,92.400000,-1.486640,-0.141616,-1.234584,-0.065639,0.000000,0.000000,0.000000,0.000000
26.103,-1.486322,-0.141615,-1.234471,-0.065639,0.045379,-0.000100,0.000000,0.000000,-17.900000,-11.200000,-21.400000,92.400000,-1.486640,-0.141616,-1.234584,-0.065639,0.000000,0.000000,0.000000,0.000000
26.113,-1.486322,-0.141615,-1.234471,-0.065639,0.045379,-0.000100,0.000000,0.000000,-17.900000,-11.200000,-21.400000,92.400000,-1.486640,-0.141616,-1.234584,-0.065639,0.000000,0.000000,0.000000,0.000000
26.123,-1.486322,-0.141615,-1.234471,-0.065639,0.045379,-0.000100,0.000000,0.000000,-17.900000,-11.200000,-21.400000,92.400000,-1.486640,-0.141616,-1.234584,-0.065639,0.000000,0.000000,0.000000,0.000000
26.588,-1.402198,-0.139611,-1.281770,-0.064694,0.038397,0.000060,0.000000,0.000000,-12.000000,20.400000,-41.300000,140.600000,-1.465963,-0.137575,-1.232613,-0.064297,0.000000,0.000000,0.000000,0.000000
26.598,-1.402198,-0.139611,-1.281770,-0.064694,0.038397,0.000060,0.000000,0.000000,-12.000000,20.400000,-41.300000,140.600000,-1.465963,-0.137575,-1.232613,-0.064297,0.000000,0.000000,0.000000,0.000000
26.608,-1.402198,-0.139611,-1.281770,-0.064694,0.038397,0.000060,0.000000,0.000000,-12.000000,20.400000,-41.300000,140.600000,-1.465963,-0.137575,-1.232613,-0.064297,0.000000,0.000000,0.000000,0.000000
26.619,-1.402198,-0.139611,-1.281770,-0.064694,0.038397,0.000060,0.000000,0.000000,-12.000000,20.400000,-41.300000,140.600000,-1.465963,-0.137575,-1.232613,-0.064297,0.000000,0.000000,0.000000,0.000000
27.088,-1.466077,-0.137576,-1.232552,-0.064296,0.041888,0.000000,0.000000,0.000000,-26.600000,34.300000,62.700000,104.800000,-1.465963,-0.137575,-1.232613,-0.064297,0.000000,0.000000,0.000000,0.000000
27.098,-1.466077,-0.137576,-1.232552,-0.064296,0.041888,0.000000,0.000000,0.000000,-26.600000,34.300000,62.700000,104.800000,-1.465963,-0.137575,-1.232613,-0.064297,0.000000,0.000000,0.000000,0.000000
27.108,-1.466077,-0.137576,-1.232552,-0.064296,0.041888,0.000000,0.000000,0.000000,-26.600000,34.300000,62.700000,104.800000,-1.465963,-0.137575,-1.232613,-0.064297,0.000000,0.000000,0.000000,0.000000
27.118,-1.466077,-0.137576,-1.232552,-0.064296,0.041888,0.000000,0.000000,0.000000,-26.600000,34.300000,62.700000,104.800000,-1.465963,-0.137575,-1.232613,-0.064297,0.000000,0.000000,0.000000,0.000000
30.488,-1.368338,-0.135545,-1.288577,-0.063299,-0.033161,-0.000050,0.000000,0.000000,-16.200000,-11.800000,23.500000,121.500000,-1.368198,-0.135545,-1.288594,-0.063300,0.000000,0.000000,0.000000,0.000000
30.498,-1.368338,-0.135545,-1.288577,-0.063299,-0.033161,-0.000050,0.000000,0.000000,-16.200000,-11.800000,23.500000,121.500000,-1.368198,-0.135545,-1.288594,-0.063300,0.000000,0.000000,0.000000,0.000000
30.508,-1.368338,-0.135545,-1.288577,-0.063299,-0.033161,-0.000050,0.000000,0.000000,-16.200000,-11.800000,23.500000,121.500000,-1.368198,-0.135545,-1.288594,-0.063300,0.000000,0.000000,0.000000,0.000000
30.518,-1.368338,-0.135545,-1.288577,-0.063299,-0.033161,-0.000050,0.000000,0.000000,-16.200000,-11.800000,23.500000,121.500000,-1.368198,-0.135545,-1.288594,-0.063300,0.000000,0.000000,0.000000,0.000000
31.287,-1.274614,-0.133539,-1.341286,-0.062327,-0.005236,-0.000010,0.000000,0.000000,-17.500000,-8.500000,37.200000,114.400000,-1.180956,-0.131533,-1.394095,-0.061356,0.000000,0.000000,0.000000,0.000000
31.298,-1.274614,-0.133539,-1.341286,-0.062327,-0.005236,-0.000010,0.000000,0.000000,-17.500000,-8.500000,37.200000,114.400000,-1.180956,-0.131533,-1.394095,-0.061356,0.000000,0.000000,0.000000,0.000000
31.308,-1.274614,-0.133539,-1.341286,-0.062327,-0.005236,-0.000010,0.000000,0.000000,-17.500000,-8.500000,37.200000,114.400000,-1.180956,-0.131533,-1.394095,-0.061356,0.000000,0.000000,0.000000,0.000000
31.318,-1.274614,-0.133539,-1.341286,-0.062327,-0.005236,-0.000010,0.000000,0.000000,-17.500000,-8.500000,37.200000,114.400000,-1.180956,-0.131533,-1.394095,-0.061356,0.000000,0.000000,0.000000,0.000000
31.688,-1.180715,-0.131537,-1.393994,-0.061355,0.006981,0.000280,0.000000,0.000000,-17.900000,1.800000,-117.100000,160.700000,-1.180956,-0.131533,-1.394095,-0.061356,0.000000,0.000000,0.000000,0.000000
31.698,-1.180715,-0.131537,-1.393994,-0.061355,0.006981,0.000280,0.000000,0.000000,-17.900000,1.800000,-117.100000,160.700000,-1.180956,-0.131533,-1.394095,-0.061356,0.000000,0.000000,0.000000,0.000000
31.708,-1.180715,-0.131537,-1.393994,-0.061355,0.006981,0.000280,0.000000,0.000000,-17.900000,1.800000,-117.100000,160.700000,-1.180956,-0.131533,-1.394095,-0.061356,0.000000,0.000000,0.000000,0.000000
31.718,-1.180715,-0.131537,-1.393994,-0.061355,0.006981,0.000280,0.000000,0.000000,-17.900000,1.800000,-117.100000,160.700000,-1.180956,-0.131533,-1.394095,-0.061356,0.000000,0.000000,0.000000,0.000000
32.487,-1.123992,-0.129545,-1.498191,-0.061132,-0.020944,0.000000,0.000000,0.000000,-14.400000,0.600000,104.700000,88.800000,-1.124036,-0.129546,-1.498108,-0.061132,0.000000,0.000000,0.000000,0.000000
32.498,-1.123992,-0.129545,-1.498191,-0.061132,-0.020944,0.000000,0.000000,0.000000,-14.400000,0.600000,104.700000,88.800000,-1.124036,-0.129546,-1.498108,-0.061132,0.000000,0.000000,0.000000,0.000000
32.508,-1.123992,-0.129545,-1.498191,-0.061132,-0.020944,0.000000,0.000000,0.000000,-14.400000,0.600000,104.700000,88.800000,-1.124036,-0.129546,-1.498108,-0.061132,0.000000,0.000000,0.000000,0.000000
32.518,-1.123992,-0.129545,-1.498191,-0.061132,-0.020944,0.000000,0.000000,0.000000,-14.400000,0.600000,104.700000,88.800000,-1.124036,-0.129546,-1.498108,-0.061132,0.000000,0.000000,0.000000,0.000000
33.388,-1.070585,-0.127512,-1.600991,-0.060903,0.019199,-0.000040,0.000000,0.000000,-8.000000,2.000000,111.800000,118.500000,-1.070885,-0.127513,-1.601096,-0.060903,0.000000,0.000000,0.000000,0.000000
33.398,-1.070585,-0.127512,-1.600991,-0.060903,0.019199,-0.000040,0.000000,0.000000,-8.000000,2.000000,111.800000,118.500000,-1.070885,-0.127513,-1.601096,-0.060903,0.000000,0.000000,0.000000,0.000000
33.408,-1.070585,-0.127512,-1.600991,-0.060903,0.019199,-0.000040,0.000000,0.000000,-8.000000,2.000000,111.800000,118.500000,-1.070885,-0.127513,-1.601096,-0.060903,0.000000,0.000000,0.000000,0.000000
33.418,-1.070585,-0.127512,-1.600991,-0.060903,0.019199,-0.000040,0.000000,0.000000,-8.000000,2.000000,111.800000,118.500000,-1.070885,-0.127513,-1.601096,-0.060903,0.000000,0.000000,0.000000,0.000000
33.788,-1.018051,-0.125483,-1.703965,-0.060674,0.005236,0.000050,0.000000,0.000000,-13.400000,21.600000,-132.900000,134.900000,-0.873539,-0.123492,-1.720709,-0.058884,0.000000,0.000000,0.000000,0.000000
33.798,-1.018051,-0.125483,-1.703965,-0.060674,0.005236,0.000050,0.000000,0.000000,-13.400000,21.600000,-132.900000,134.900000,-0.873539,-0.123492,-1.720709,-0.058884,0.000000,0.000000,0.000000,0.000000
33.808,-1.018051,-0.125483,-1.703965,-0.060674,0.005236,0.000050,0.000000,0.000000,-13.400000,21.600000,-132.900000,134.900000,-0.873539,-0.123492,-1.720709,-0.058884,0.000000,0.000000,0.000000,0.000000
33.818,-1.018051,-0.125483,-1.703965,-0.060674,0.005236,0.000050,0.000000,0.000000,-13.400000,21.600000,-132.900000,134.900000,-0.873539,-0.123492,-1.720709,-0.058884,0.000000,0.000000,0.000000,0.000000
34.187,-0.873363,-0.123495,-1.720546,-0.058885,0.047124,0.000080,0.000000,0.000030,-10.200000,15.700000,-70.500000,140.400000,-0.873539,-0.123492,-1.720709,-0.058884,0.000000,0.000000,0.000000,0.000000
34.198,-0.873363,-0.123495,-1.720546,-0.058885,0.047124,0.000080,0.000000,0.000030,-10.200000,15.700000,-70.500000,140.400000,-0.873539,-0.123492,-1.720709,-0.058884,0.000000,0.000000,0.000000,0.000000
34.208,-0.873363,-0.123495,-1.720546,-0.058885,0.047124,0.000080,0.000000,0.000030,-10.200000,15.700000,-70.500000,140.400000,-0.873539,-0.123492,-1.720709,-0.058884,0.000000,0.000000,0.000000,0.000000
34.218,-0.873363,-0.123495,-1.720546,-0.058885,0.047124,0.000080,0.000000,0.000030,-10.200000,15.700000,-70.500000,140.400000,-0.873539,-0.123492,-1.720709,-0.058884,0.000000,0.000000,0.000000,0.000000
37.987,-1.036551,-0.121506,-1.605528,-0.057749,0.038397,0.000010,0.000000,0.000000,-16.200000,8.000000,38.900000,88.000000,-1.036577,-0.121507,-1.605532,-0.057749,0.000000,0.000000,0.000000,0.000000
37.997,-1.036551,-0.121506,-1.605528,-0.057749,0.038397,0.000010,0.000000,0.000000,-16.200000,8.000000,38.900000,88.000000,-1.036577,-0.121507,-1.605532,-0.057749,0.000000,0.000000,0.000000,0.000000
38.008,-1.036551,-0.121506,-1.605528,-0.057749,0.038397,0.000010,0.000000,0.000000,-16.200000,8.000000,38.900000,88.000000,-1.036577,-0.121507,-1.605532,-0.057749,0.000000,0.000000,0.000000,0.000000
38.018,-1.036551,-0.121506,-1.605528,-0.057749,0.038397,0.000010,0.000000,0.000000,-16.200000,8.000000,38.900000,88.000000,-1.036577,-0.121507,-1.605532,-0.057749,0.000000,0.000000,0.000000,0.000000
38.991,-1.202532,-0.119492,-1.493478,-0.056588,0.006981,0.000000,0.000000,0.000000,-19.000000,18.600000,39.600000,107.900000,-1.368549,-0.117478,-1.381673,-0.055427,0.000000,0.000000,0.000000,0.000000
39.004,-1.202532,-0.119492,-1.493478,-0.056588,0.006981,0.000000,0.000000,0.000000,-19.000000,18.600000,39.600000,107.900000,-1.368549,-0.117478,-1.381673,-0.055427,0.000000,0.000000,0.000000,0.000000
39.014,-1.202532,-0.119492,-1.493478,-0.056588,0.006981,0.000000,0.000000,0.000000,-19.000000,18.600000,39.600000,107.900000,-1.368549,-0.117478,-1.381673,-0.055427,0.000000,0.000000,0.000000,0.000000
39.024,-1.202532,-0.119492,-1.493478,-0.056588,0.006981,0.000000,0.000000,0.000000,-19.000000,18.600000,39.600000,107.900000,-1.368549,-0.117478,-1.381673,-0.055427,0.000000,0.000000,0.000000,0.000000
39.888,-1.368687,-0.117477,-1.381777,-0.055427,0.045379,0.000010,0.000000,0.000000,-20.400000,-2.900000,6.500000,94.500000,-1.368549,-0.117478,-1.381673,-0.055427,0.000000,0.000000,0.000000,0.000000
39.898,-1.368687,-0.117477,-1.381777,-0.055427,0.045379,0.000010,0.000000,0.000000,-20.400000,-2.900000,6.500000,94.500000,-1.368549,-0.117478,-1.381673,-0.055427,0.000000,0.000000,0.000000,0.000000
39.908,-1.368687,-0.117477,-1.381777,-0.055427,0.045379,0.000010,0.000000,0.000000,-20.400000,-2.900000,6.500000,94.500000,-1.368549,-0.117478,-1.381673,-0.055427,0.000000,0.000000,0.000000,0.000000
39.918,-1.368687,-0.117477,-1.381777,-0.055427,0.045379,0.000010,0.000000,0.000000,-20.400000,-2.900000,6.500000,94.500000,-1.368549,-0.117478,-1.381673,-0.055427,0.000000,0.000000,0.000000,0.000000
40.787,-1.534668,-0.115463,-1.269902,-0.054266,0.022689,-0.000010,0.000000,0.000000,-13.700000,-0.300000,23.200000,86.000000,-1.700522,-0.113449,-1.157814,-0.053106,0.000000,0.000000,0.000000,0.000000
40.797,-1.534668,-0.115463,-1.269902,-0.054266,0.022689,-0.000010,0.000000,0.000000,-13.700000,-0.300000,23.200000,86.000000,-1.700522,-0.113449,-1.157814,-0.053106,0.000000,0.000000,0.000000,0.000000
40.808,-1.534668,-0.115463,-1.269902,-0.054266,0.022689,-0.000010,0.000000,0.000000,-13.700000,-0.300000,23.200000,86.000000,-1.700522,-0.113449,-1.157814,-0.053106,0.000000,0.000000,0.000000,0.000000
40.818,-1.534668,-0.115463,-1.269902,-0.054266,0.022689,-0.000010,0.000000,0.000000,-13.700000,-0.300000,23.200000,86.000000,-1.700522,-0.113449,-1.157814,-0.053106,0.000000,0.000000,0.000000,0.000000
41.188,-1.700474,-0.113452,-1.157677,-0.053106,0.038397,0.000150,0.000000,0.000000,-26.800000,8.600000,139.000000,154.800000,-1.700522,-0.113449,-1.157814,-0.053106,0.000000,0.000000,0.000000,0.000000
41.198,-1.700474,-0.113452,-1.157677,-0.053106,0.038397,0.000150,0.000000,0.000000,-26.800000,8.600000,139.000000,154.800000,-1.700522,-0.113449,-1.157814,-0.053106,0.000000,0.000000,0.000000,0.000000
41.208,-1.700474,-0.113452,-1.157677,-0.053106,0.038397,0.000150,0.000000,0.000000,-26.800000,8.600000,139.000000,154.800000,-1.700522,-0.113449,-1.157814,-0.053106,0.000000,0.000000,0.000000,0.000000
41.218,-1.700474,-0.113452,-1.157677,-0.053106,0.038397,0.000150,0.000000,0.000000,-26.800000,8.600000,139.000000,154.800000,-1.700522,-0.113449,-1.157814,-0.053106,0.000000,0.000000,0.000000,0.000000
41.688,-1.861568,-0.111492,-1.068316,-0.051431,-0.066323,0.000010,0.000000,0.000000,-17.500000,13.800000,67.600000,149.600000,-1.861646,-0.111492,-1.068765,-0.051430,0.000000,0.000000,0.000000,0.000000
41.698,-1.861568,-0.111492,-1.068316,-0.051431,-0.066323,0.000010,0.000000,0.000000,-17.500000,13.800000,67.600000,149.600000,-1.861646,-0.111492,-1.068765,-0.051430,0.000000,0.000000,0.000000,0.000000
41.708,-1.861568,-0.111492,-1.068316,-0.051431,-0.066323,0.000010,0.000000,0.000000,-17.500000,13.800000,67.600000,149.600000,-1.861646,-0.111492,-1.068765,-0.051430,0.000000,0.000000,0.000000,0.000000
41.718,-1.861568,-0.111492,-1.068316,-0.051431,-0.066323,0.000010,0.000000,0.000000,-17.500000,13.800000,67.600000,149.600000,-1.861646,-0.111492,-1.068765,-0.051430,0.000000,0.000000,0.000000,0.000000
42.587,-1.467124,-0.109487,-1.169720,-0.049267,0.071558,0.000030,0.000000,0.000000,-20.000000,3.600000,126.800000,87.800000,-1.467178,-0.109489,-1.169819,-0.049267,0.000000,0.000000,0.000000,0.000000
42.597,-1.467124,-0.109487,-1.169720,-0.049267,0.071558,0.000030,0.000000,0.000000,-20.000000,3.600000,126.800000,87.800000,-1.467178,-0.109489,-1.169819,-0.049267,0.000000,0.000000,0.000000,0.000000
42.607,-1.467124,-0.109487,-1.169720,-0.049267,0.071558,0.000030,0.000000,0.000000,-20.000000,3.600000,126.800000,87.800000,-1.467178,-0.109489,-1.169819,-0.049267,0.000000,0.000000,0.000000,0.000000
42.617,-1.467124,-0.109487,-1.169720,-0.049267,0.071558,0.000030,0.000000,0.000000,-20.000000,3.600000,126.800000,87.800000,-1.467178,-0.109489,-1.169819,-0.049267,0.000000,0.000000,0.000000,0.000000
43.587,-1.072156,-0.107488,-1.267109,-0.047106,0.047124,-0.000020,0.000000,0.000000,-11.700000,5.200000,67.600000,118.000000,-1.072275,-0.107488,-1.267217,-0.047106,0.000000,0.000000,0.000000,0.000000
43.597,-1.072156,-0.107488,-1.267109,-0.047106,0.047124,-0.000020,0.000000,0.000000,-11.700000,5.200000,67.600000,118.000000,-1.072275,-0.107488,-1.267217,-0.047106,0.000000,0.000000,0.000000,0.000000
43.608,-1.072156,-0.107488,-1.267109,-0.047106,0.047124,-0.000020,0.000000,0.000000,-11.700000,5.200000,67.600000,118.000000,-1.072275,-0.107488,-1.267217,-0.047106,0.000000,0.000000,0.000000,0.000000
43.618,-1.072156,-0.107488,-1.267109,-0.047106,0.047124,-0.000020,0.000000,0.000000,-11.700000,5.200000,67.600000,118.000000,-1.072275,-0.107488,-1.267217,-0.047106,0.000000,0.000000,0.000000,0.000000
44.588,-0.677537,-0.105488,-1.364498,-0.044945,-0.012217,0.000090,0.000000,0.000000,-13.000000,3.500000,66.300000,101.500000,-0.677371,-0.105488,-1.364614,-0.044946,0.000000,0.000000,0.000000,0.000000
44.598,-0.677537,-0.105488,-1.364498,-0.044945,-0.012217,0.000090,0.000000,0.000000,-13.000000,3.500000,66.300000,101.500000,-0.677371,-0.105488,-1.364614,-0.044946,0.000000,0.000000,0.000000,0.000000
44.608,-0.677537,-0.105488,-1.364498,-0.044945,-0.012217,0.000090,0.000000,0.000000,-13.000000,3.500000,66.300000,101.500000,-0.677371,-0.105488,-1.364614,-0.044946,0.000000,0.000000,0.000000,0.000000
44.618,-0.677537,-0.105488,-1.364498,-0.044945,-0.012217,0.000090,0.000000,0.000000,-13.000000,3.500000,66.300000,101.500000,-0.677371,-0.105488,-1.364614,-0.044946,0.000000,0.000000,0.000000,0.000000
45.087,-0.282569,-0.103487,-1.461713,-0.042785,-0.075049,0.000000,0.000000,0.000000,-6.900000,31.100000,-83.100000,178.400000,-0.095686,-0.101511,-1.763277,-0.044476,0.000000,0.000000,0.000000,0.000000
45.098,-0.282569,-0.103487,-1.461713,-0.042785,-0.075049,0.000000,0.000000,0.000000,-6.900000,31.100000,-83.100000,178.400000,-0.095686,-0.101511,-1.763277,-0.044476,0.000000,0.000000,0.000000,0.000000
45.108,-0.282569,-0.103487,-1.461713,-0.042785,-0.075049,0.000000,0.000000,0.000000,-6.900000,31.100000,-83.100000,178.400000,-0.095686,-0.101511,-1.763277,-0.044476,0.000000,0.000000,0.000000,0.000000
45.118,-0.282569,-0.103487,-1.461713,-0.042785,-0.075049,0.000000,0.000000,0.000000,-6.900000,31.100000,-83.100000,178.400000,-0.095686,-0.101511,-1.763277,-0.044476,0.000000,0.000000,0.000000,0.000000
48.488,-0.095644,-0.101511,-1.763306,-0.044475,-0.022689,0.000000,0.000000,0.000000,-11.100000,3.600000,-23.400000,27.800000,-0.095686,-0.101511,-1.763277,-0.044476,0.000000,0.000000,0.000000,0.000000
48.498,-0.095644,-0.101511,-1.763306,-0.044475,-0.022689,0.000000,0.000000,0.000000,-11.100000,3.600000,-23.400000,27.800000,-0.095686,-0.101511,-1.763277,-0.044476,0.000000,0.000000,0.000000,0.000000
48.508,-0.095644,-0.101511,-1.763306,-0.044475,-0.022689,0.000000,0.000000,0.000000,-11.100000,3.600000,-23.400000,27.800000,-0.095686,-0.101511,-1.763277,-0.044476,0.000000,0.000000,0.000000,0.000000
48.518,-0.095644,-0.101511,-1.763306,-0.044475,-0.022689,0.000000,0.000000,0.000000,-11.100000,3.600000,-23.400000,27.800000,-0.095686,-0.101511,-1.763277,-0.044476,0.000000,0.000000,0.000000,0.000000
48.987,0.092153,-0.099501,-2.058267,-0.046028,0.010472,0.000030,0.000000,0.000000,-14.300000,18.300000,-145.800000,-8.300000,0.092112,-0.099501,-2.058433,-0.046030,0.000000,0.000000,0.000000,0.000000
48.998,0.092153,-0.099501,-2.058267,-0.046028,0.010472,0.000030,0.000000,0.000000,-14.300000,18.300000,-145.800000,-8.300000,0.092112,-0.099501,-2.058433,-0.046030,0.000000,0.000000,0.000000,0.000000
49.008,0.092153,-0.099501,-2.058267,-0.046028,0.010472,0.000030,0.000000,0.000000,-14.300000,18.300000,-145.800000,-8.300000,0.092112,-0.099501,-2.058433,-0.046030,0.000000,0.000000,0.000000,0.000000
49.018,0.092153,-0.099501,-2.058267,-0.046028,0.010472,0.000030,0.000000,0.000000,-14.300000,18.300000,-145.800000,-8.300000,0.092112,-0.099501,-2.058433,-0.046030,0.000000,0.000000,0.000000,0.000000
49.587,0.800059,-0.097500,-1.843591,-0.041721,0.047124,0.000040,0.000000,0.000040,-13.600000,15.100000,17.200000,176.100000,0.963167,-0.096556,-1.982348,-0.039715,0.000000,0.000000,0.000000,0.000000
49.597,0.800059,-0.097500,-1.843591,-0.041721,0.047124,0.000040,0.000000,0.000040,-13.600000,15.100000,17.200000,176.100000,0.963167,-0.096556,-1.982348,-0.039715,0.000000,0.000000,0.000000,0.000000
49.608,0.800059,-0.097500,-1.843591,-0.041721,0.047124,0.000040,0.000000,0.000040,-13.600000,15.100000,17.200000,176.100000,0.963167,-0.096556,-1.982348,-0.039715,0.000000,0.000000,0.000000,0.000000
49.618,0.800059,-0.097500,-1.843591,-0.041721,0.047124,0.000040,0.000000,0.000040,-13.600000,15.100000,17.200000,176.100000,0.963167,-0.096556,-1.982348,-0.039715,0.000000,0.000000,0.000000,0.000000
66.888,2.904228,-0.155060,2.904402,-0.071900,0.013963,-0.000020,0.000000,0.000000,-21.700000,4.900000,132.300000,49.500000,2.904386,-0.155060,2.904386,-0.071900,0.000000,0.000000,0.000000,0.000000
66.898,2.904228,-0.155060,2.904402,-0.071900,0.013963,-0.000020,0.000000,0.000000,-21.700000,4.900000,132.300000,49.500000,2.904386,-0.155060,2.904386,-0.071900,0.000000,0.000000,0.000000,0.000000
66.908,2.904228,-0.155060,2.904402,-0.071900,0.013963,-0.000020,0.000000,0.000000,-21.700000,4.900000,132.300000,49.500000,2.904386,-0.155060,2.904386,-0.071900,0.000000,0.000000,0.000000,0.000000
66.918,2.904228,-0.155060,2.904402,-0.071900,0.013963,-0.000020,0.000000,0.000000,-21.700000,4.900000,132.300000,49.500000,2.904386,-0.155060,2.904386,-0.071900,0.000000,0.000000,0.000000,0.000000
70.788,2.868798,-0.152923,2.922205,-0.071061,-0.033161,-0.000020,0.000000,0.000000,-21.400000,11.000000,148.100000,75.500000,2.869124,-0.152923,2.922509,-0.070979,0.000000,0.000000,0.000000,0.000000
70.798,2.868798,-0.152923,2.922205,-0.071061,-0.033161,-0.000020,0.000000,0.000000,-21.400000,11.000000,148.100000,75.500000,2.869124,-0.152923,2.922509,-0.070979,0.000000,0.000000,0.000000,0.000000
70.808,2.868798,-0.152923,2.922205,-0.071061,-0.033161,-0.000020,0.000000,0.000000,-21.400000,11.000000,148.100000,75.500000,2.869124,-0.152923,2.922509,-0.070979,0.000000,0.000000,0.000000,0.000000
70.818,2.868798,-0.152923,2.922205,-0.071061,-0.033161,-0.000020,0.000000,0.000000,-21.400000,11.000000,148.100000,75.500000,2.869124,-0.152923,2.922509,-0.070979,0.000000,0.000000,0.000000,0.000000
74.287,2.837556,-0.150885,2.943498,-0.070099,0.006981,-0.000020,0.000000,0.000000,-19.700000,11.600000,-10.500000,118.100000,2.806249,-0.148848,2.964738,-0.069220,0.000000,0.000000,0.000000,0.000000
74.297,2.837556,-0.150885,2.943498,-0.070099,0.006981,-0.000020,0.000000,0.000000,-19.700000,11.600000,-10.500000,118.100000,2.806249,-0.148848,2.964738,-0.069220,0.000000,0.000000,0.000000,0.000000
74.308,2.837556,-0.150885,2.943498,-0.070099,0.006981,-0.000020,0.000000,0.000000,-19.700000,11.600000,-10.500000,118.100000,2.806249,-0.148848,2.964738,-0.069220,0.000000,0.000000,0.000000,0.000000
74.318,2.837556,-0.150885,2.943498,-0.070099,0.006981,-0.000020,0.000000,0.000000,-19.700000,11.600000,-10.500000,118.100000,2.806249,-0.148848,2.964738,-0.069220,0.000000,0.000000,0.000000,0.000000
74.788,2.806315,-0.148848,2.964791,-0.069220,0.022689,0.000060,0.000000,0.000000,-22.400000,11.900000,98.100000,116.400000,2.806249,-0.148848,2.964738,-0.069220,0.000000,0.000000,0.000000,0.000000
74.798,2.806315,-0.148848,2.964791,-0.069220,0.022689,0.000060,0.000000,0.000000,-22.400000,11.900000,98.100000,116.400000,2.806249,-0.148848,2.964738,-0.069220,0.000000,0.000000,0.000000,0.000000
74.808,2.806315,-0.148848,2.964791,-0.069220,0.022689,0.000060,0.000000,0.000000,-22.400000,11.900000,98.100000,116.400000,2.806249,-0.148848,2.964738,-0.069220,0.000000,0.000000,0.000000,0.000000
74.818,2.806315,-0.148848,2.964791,-0.069220,0.022689,0.000060,0.000000,0.000000,-22.400000,11.900000,98.100000,116.400000,2.806249,-0.148848,2.964738,-0.069220,0.000000,0.000000,0.000000,0.000000
78.387,2.662151,-0.146842,2.764252,-0.068257,-0.017453,0.000000,0.000000,0.000000,-17.000000,14.700000,14.600000,99.100000,2.662165,-0.146842,2.764384,-0.068258,0.000000,0.000000,0.000000,0.000000
78.397,2.662151,-0.146842,2.764252,-0.068257,-0.017453,0.000000,0.000000,0.000000,-17.000000,14.700000,14.600000,99.100000,2.662165,-0.146842,2.764384,-0.068258,0.000000,0.000000,0.000000,0.000000
78.408,2.662151,-0.146842,2.764252,-0.068257,-0.017453,0.000000,0.000000,0.000000,-17.000000,14.700000,14.600000,99.100000,2.662165,-0.146842,2.764384,-0.068258,0.000000,0.000000,0.000000,0.000000
78.418,2.662151,-0.146842,2.764252,-0.068257,-0.017453,0.000000,0.000000,0.000000,-17.000000,14.700000,14.600000,99.100000,2.662165,-0.146842,2.764384,-0.068258,0.000000,0.000000,0.000000,0.000000
81.987,2.520954,-0.144838,2.567205,-0.067311,0.020944,0.000000,0.000000,0.000000,-23.100000,11.200000,38.400000,130.700000,2.521030,-0.144839,2.567366,-0.067311,0.000000,0.000000,0.000000,0.000000
81.998,2.520954,-0.144838,2.567205,-0.067311,0.020944,0.000000,0.000000,0.000000,-23.100000,11.200000,38.400000,130.700000,2.521030,-0.144839,2.567366,-0.067311,0.000000,0.000000,0.000000,0.000000
82.008,2.520954,-0.144838,2.567205,-0.067311,0.020944,0.000000,0.000000,0.000000,-23.100000,11.200000,38.400000,130.700000,2.521030,-0.144839,2.567366,-0.067311,0.000000,0.000000,0.000000,0.000000
82.018,2.520954,-0.144838,2.567205,-0.067311,0.020944,0.000000,0.000000,0.000000,-23.100000,11.200000,38.400000,130.700000,2.521030,-0.144839,2.567366,-0.067311,0.000000,0.000000,0.000000,0.000000
82.488,2.379582,-0.142837,2.370506,-0.066364,-0.083776,0.000080,0.000000,0.000000,-19.200000,10.400000,-107.600000,134.400000,2.379896,-0.142837,2.370349,-0.066364,0.000000,0.000000,0.000000,0.000000
82.498,2.379582,-0.142837,2.370506,-0.066364,-0.083776,0.000080,0.000000,0.000000,-19.200000,10.400000,-107.600000,134.400000,2.379896,-0.142837,2.370349,-0.066364,0.000000,0.000000,0.000000,0.000000
82.508,2.379582,-0.142837,2.370506,-0.066364,-0.083776,0.000080,0.000000,0.000000,-19.200000,10.400000,-107.600000,134.400000,2.379896,-0.142837,2.370349,-0.066364,0.000000,0.000000,0.000000,0.000000
82.518,2.379582,-0.142837,2.370506,-0.066364,-0.083776,0.000080,0.000000,0.000000,-19.200000,10.400000,-107.600000,134.400000,2.379896,-0.142837,2.370349,-0.066364,0.000000,0.000000,0.000000,0.000000
85.988,2.351133,-0.140744,2.410823,-0.065367,0.026180,0.000040,0.000000,0.000000,-18.700000,10.700000,60.300000,104.300000,2.351197,-0.140745,2.410849,-0.065368,0.000000,0.000000,0.000000,0.000000
85.998,2.351133,-0.140744,2.410823,-0.065367,0.026180,0.000040,0.000000,0.000000,-18.700000,10.700000,60.300000,104.300000,2.351197,-0.140745,2.410849,-0.065368,0.000000,0.000000,0.000000,0.000000
86.008,2.351133,-0.140744,2.410823,-0.065367,0.026180,0.000040,0.000000,0.000000,-18.700000,10.700000,60.300000,104.300000,2.351197,-0.140745,2.410849,-0.065368,0.000000,0.000000,0.000000,0.000000
86.018,2.351133,-0.140744,2.410823,-0.065367,0.026180,0.000040,0.000000,0.000000,-18.700000,10.700000,60.300000,104.300000,2.351197,-0.140745,2.410849,-0.065368,0.000000,0.000000,0.000000,0.000000
89.488,2.326524,-0.138690,2.452537,-0.064375,-0.029671,-0.000010,0.000000,0.000000,-16.000000,8.600000,5.000000,131.100000,2.326800,-0.138691,2.452671,-0.064375,0.000000,0.000000,0.000000,0.000000
89.498,2.326524,-0.138690,2.452537,-0.064375,-0.029671,-0.000010,0.000000,0.000000,-16.000000,8.600000,5.000000,131.100000,2.326800,-0.138691,2.452671,-0.064375,0.000000,0.000000,0.000000,0.000000
89.508,2.326524,-0.138690,2.452537,-0.064375,-0.029671,-0.000010,0.000000,0.000000,-16.000000,8.600000,5.000000,131.100000,2.326800,-0.138691,2.452671,-0.064375,0.000000,0.000000,0.000000,0.000000
89.518,2.326524,-0.138690,2.452537,-0.064375,-0.029671,-0.000010,0.000000,0.000000,-16.000000,8.600000,5.000000,131.100000,2.326800,-0.138691,2.452671,-0.064375,0.000000,0.000000,0.000000,0.000000
93.491,2.302264,-0.136637,2.494425,-0.063383,-0.015708,0.000000,0.000000,0.000000,-19.500000,18.300000,37.300000,114.800000,2.302402,-0.136637,2.494494,-0.063383,0.000000,0.000000,0.000000,0.000000
93.506,2.302264,-0.136637,2.494425,-0.063383,-0.015708,0.000000,0.000000,0.000000,-19.500000,18.300000,37.300000,114.800000,2.302402,-0.136637,2.494494,-0.063383,0.000000,0.000000,0.000000,0.000000
93.516,2.302264,-0.136637,2.494425,-0.063383,-0.015708,0.000000,0.000000,0.000000,-19.500000,18.300000,37.300000,114.800000,2.302402,-0.136637,2.494494,-0.063383,0.000000,0.000000,0.000000,0.000000
93.526,2.302264,-0.136637,2.494425,-0.063383,-0.015708,0.000000,0.000000,0.000000,-19.500000,18.300000,37.300000,114.800000,2.302402,-0.136637,2.494494,-0.063383,0.000000,0.000000,0.000000,0.000000
97.488,2.278178,-0.134583,2.536138,-0.062390,-0.026180,-0.000030,0.000000,0.000000,-20.600000,14.000000,57.300000,117.000000,2.278004,-0.134584,2.536316,-0.062391,0.000000,0.000000,0.000000,0.000000
97.498,2.278178,-0.134583,2.536138,-0.062390,-0.026180,-0.000030,0.000000,0.000000,-20.600000,14.000000,57.300000,117.000000,2.278004,-0.134584,2.536316,-0.062391,0.000000,0.000000,0.000000,0.000000
97.509,2.278178,-0.134583,2.536138,-0.062390,-0.026180,-0.000030,0.000000,0.000000,-20.600000,14.000000,57.300000,117.000000,2.278004,-0.134584,2.536316,-0.062391,0.000000,0.000000,0.000000,0.000000
97.519,2.278178,-0.134583,2.536138,-0.062390,-0.026180,-0.000030,0.000000,0.000000,-20.600000,14.000000,57.300000,117.000000,2.278004,-0.134584,2.536316,-0.062391,0.000000,0.000000,0.000000,0.000000
98.387,2.253744,-0.132529,2.578200,-0.061398,0.000000,0.000000,0.000000,0.000000,-23.300000,4.000000,-35.100000,115.800000,2.253606,-0.132530,2.578139,-0.061398,0.000000,0.000000,0.000000,0.000000
98.397,2.253744,-0.132529,2.578200,-0.061398,0.000000,0.000000,0.000000,0.000000,-23.300000,4.000000,-35.100000,115.800000,2.253606,-0.132530,2.578139,-0.061398,0.000000,0.000000,0.000000,0.000000
98.408,2.253744,-0.132529,2.578200,-0.061398,0.000000,0.000000,0.000000,0.000000,-23.300000,4.000000,-35.100000,115.800000,2.253606,-0.132530,2.578139,-0.061398,0.000000,0.000000,0.000000,0.000000
98.418,2.253744,-0.132529,2.578200,-0.061398,0.000000,0.000000,0.000000,0.000000,-23.300000,4.000000,-35.100000,115.800000,2.253606,-0.132530,2.578139,-0.061398,0.000000,0.000000,0.000000,0.000000
101.787,2.229135,-0.130476,2.619914,-0.060405,-0.001745,0.000100,0.000000,0.000000,-11.500000,17.800000,42.600000,108.100000,2.229208,-0.130476,2.619961,-0.060406,0.000000,0.000000,0.000000,0.000000
101.798,2.229135,-0.130476,2.619914,-0.060405,-0.001745,0.000100,0.000000,0.000000,-11.500000,17.800000,42.600000,108.100000,2.229208,-0.130476,2.619961,-0.060406,0.000000,0.000000,0.000000,0.000000
101.808,2.229135,-0.130476,2.619914,-0.060405,-0.001745,0.000100,0.000000,0.000000,-11.500000,17.800000,42.600000,108.100000,2.229208,-0.130476,2.619961,-0.060406,0.000000,0.000000,0.000000,0.000000
101.818,2.229135,-0.130476,2.619914,-0.060405,-0.001745,0.000100,0.000000,0.000000,-11.500000,17.800000,42.600000,108.100000,2.229208,-0.130476,2.619961,-0.060406,0.000000,0.000000,0.000000,0.000000
105.288,2.204700,-0.128423,2.661453,-0.059413,0.003491,-0.000020,0.000000,0.000000,-23.100000,4.300000,19.200000,129.200000,2.204810,-0.128423,2.661784,-0.059414,0.000000,0.000000,0.000000,0.000000
105.298,2.204700,-0.128423,2.661453,-0.059413,0.003491,-0.000020,0.000000,0.000000,-23.100000,4.300000,19.200000,129.200000,2.204810,-0.128423,2.661784,-0.059414,0.000000,0.000000,0.000000,0.000000
105.308,2.204700,-0.128423,2.661453,-0.059413,0.003491,-0.000020,0.000000,0.000000,-23.100000,4.300000,19.200000,129.200000,2.204810,-0.128423,2.661784,-0.059414,0.000000,0.000000,0.000000,0.000000
105.318,2.204700,-0.128423,2.661453,-0.059413,0.003491,-0.000020,0.000000,0.000000,-23.100000,4.300000,19.200000,129.200000,2.204810,-0.128423,2.661784,-0.059414,0.000000,0.000000,0.000000,0.000000
105.788,2.180265,-0.126368,2.703690,-0.058421,-0.003491,0.000000,0.000000,0.000000,-20.500000,49.600000,161.800000,129.700000,2.180412,-0.126369,2.703606,-0.058421,0.000000,0.000000,0.000000,0.000000
105.798,2.180265,-0.126368,2.703690,-0.058421,-0.003491,0.000000,0.000000,0.000000,-20.500000,49.600000,161.800000,129.700000,2.180412,-0.126369,2.703606,-0.058421,0.000000,0.000000,0.000000,0.000000
105.808,2.180265,-0.126368,2.703690,-0.058421,-0.003491,0.000000,0.000000,0.000000,-20.500000,49.600000,161.800000,129.700000,2.180412,-0.126369,2.703606,-0.058421,0.000000,0.000000,0.000000,0.000000
105.818,2.180265,-0.126368,2.703690,-0.058421,-0.003491,0.000000,0.000000,0.000000,-20.500000,49.600000,161.800000,129.700000,2.180412,-0.126369,2.703606,-0.058421,0.000000,0.000000,0.000000,0.000000
109.288,2.153562,-0.124311,2.746276,-0.057438,0.029671,0.000000,0.000000,0.000000,-21.200000,23.100000,53.900000,75.500000,2.153601,-0.124312,2.746383,-0.057438,0.000000,0.000000,0.000000,0.000000
109.298,2.153562,-0.124311,2.746276,-0.057438,0.029671,0.000000,0.000000,0.000000,-21.200000,23.100000,53.900000,75.500000,2.153601,-0.124312,2.746383,-0.057438,0.000000,0.000000,0.000000,0.000000
109.308,2.153562,-0.124311,2.746276,-0.057438,0.029671,0.000000,0.000000,0.000000,-21.200000,23.100000,53.900000,75.500000,2.153601,-0.124312,2.746383,-0.057438,0.000000,0.000000,0.000000,0.000000
109.318,2.153562,-0.124311,2.746276,-0.057438,0.029671,0.000000,0.000000,0.000000,-21.200000,23.100000,53.900000,75.500000,2.153601,-0.124312,2.746383,-0.057438,0.000000,0.000000,0.000000,0.000000
109.788,2.130523,-0.122254,2.786767,-0.056455,-0.001745,0.000020,0.000000,0.000000,-20.500000,8.800000,58.900000,131.200000,2.130714,-0.122253,2.786640,-0.056455,0.000000,0.000000,0.000000,0.000000
109.798,2.130523,-0.122254,2.786767,-0.056455,-0.001745,0.000020,0.000000,0.000000,-20.500000,8.800000,58.900000,131.200000,2.130714,-0.122253,2.786640,-0.056455,0.000000,0.000000,0.000000,0.000000
109.808,2.130523,-0.122254,2.786767,-0.056455,-0.001745,0.000020,0.000000,0.000000,-20.500000,8.800000,58.900000,131.200000,2.130714,-0.122253,2.786640,-0.056455,0.000000,0.000000,0.000000,0.000000
109.818,2.130523,-0.122254,2.786767,-0.056455,-0.001745,0.000020,0.000000,0.000000,-20.500000,8.800000,58.900000,131.200000,2.130714,-0.122253,2.786640,-0.056455,0.000000,0.000000,0.000000,0.000000
110.288,2.104343,-0.120213,2.824815,-0.055523,-0.029671,-0.000040,0.000000,0.000000,-19.600000,24.900000,121.000000,145.500000,2.104437,-0.120214,2.824788,-0.055523,0.000000,0.000000,0.000000,0.000000
110.298,2.104343,-0.120213,2.824815,-0.055523,-0.029671,-0.000040,0.000000,0.000000,-19.600000,24.900000,121.000000,145.500000,2.104437,-0.120214,2.824788,-0.055523,0.000000,0.000000,0.000000,0.000000
110.308,2.104343,-0.120213,2.824815,-0.055523,-0.029671,-0.000040,0.000000,0.000000,-19.600000,24.900000,121.000000,145.500000,2.104437,-0.120214,2.824788,-0.055523,0.000000,0.000000,0.000000,0.000000
110.318,2.104343,-0.120213,2.824815,-0.055523,-0.029671,-0.000040,0.000000,0.000000,-19.600000,24.900000,121.000000,145.500000,2.104437,-0.120214,2.824788,-0.055523,0.000000,0.000000,0.000000,0.000000
110.787,2.082701,-0.118201,2.860420,-0.054566,-0.005236,0.000000,0.000000,0.000000,-14.900000,46.900000,93.600000,149.400000,2.082605,-0.118202,2.860373,-0.054567,0.000000,0.000000,0.000000,0.000000
110.797,2.082701,-0.118201,2.860420,-0.054566,-0.005236,0.000000,0.000000,0.000000,-14.900000,46.900000,93.600000,149.400000,2.082605,-0.118202,2.860373,-0.054567,0.000000,0.000000,0.000000,0.000000
110.807,2.082701,-0.118201,2.860420,-0.054566,-0.005236,0.000000,0.000000,0.000000,-14.900000,46.900000,93.600000,149.400000,2.082605,-0.118202,2.860373,-0.054567,0.000000,0.000000,0.000000,0.000000
110.818,2.082701,-0.118201,2.860420,-0.054566,-0.005236,0.000000,0.000000,0.000000,-14.900000,46.900000,93.600000,149.400000,2.082605,-0.118202,2.860373,-0.054567,0.000000,0.000000,0.000000,0.000000
111.287,2.062456,-0.116186,2.895501,-0.053605,-0.012217,0.000000,0.000000,0.000000,-18.000000,57.000000,126.500000,149.100000,2.045305,-0.114080,2.931516,-0.052598,0.000000,0.000000,0.000000,0.000000
111.298,2.062456,-0.116186,2.895501,-0.053605,-0.012217,0.000000,0.000000,0.000000,-18.000000,57.000000,126.500000,149.100000,2.045305,-0.114080,2.931516,-0.052598,0.000000,0.000000,0.000000,0.000000
111.308,2.062456,-0.116186,2.895501,-0.053605,-0.012217,0.000000,0.000000,0.000000,-18.000000,57.000000,126.500000,149.100000,2.045305,-0.114080,2.931516,-0.052598,0.000000,0.000000,0.000000,0.000000
111.318,2.062456,-0.116186,2.895501,-0.053605,-0.012217,0.000000,0.000000,0.000000,-18.000000,57.000000,126.500000,149.100000,2.045305,-0.114080,2.931516,-0.052598,0.000000,0.000000,0.000000,0.000000
111.791,2.045002,-0.114080,2.931630,-0.052598,0.031416,-0.000040,0.000000,0.000000,-21.900000,37.900000,222.500000,142.300000,2.045305,-0.114080,2.931516,-0.052598,0.000000,0.000000,0.000000,0.000000
111.803,2.045002,-0.114080,2.931630,-0.052598,0.031416,-0.000040,0.000000,0.000000,-21.900000,37.900000,222.500000,142.300000,2.045305,-0.114080,2.931516,-0.052598,0.000000,0.000000,0.000000,0.000000
111.813,2.045002,-0.114080,2.931630,-0.052598,0.031416,-0.000040,0.000000,0.000000,-21.900000,37.900000,222.500000,142.300000,2.045305,-0.114080,2.931516,-0.052598,0.000000,0.000000,0.000000,0.000000
111.823,2.045002,-0.114080,2.931630,-0.052598,0.031416,-0.000040,0.000000,0.000000,-21.900000,37.900000,222.500000,142.300000,2.045305,-0.114080,2.931516,-0.052598,0.000000,0.000000,0.000000,0.000000
112.287,2.025455,-0.112032,2.968456,-0.051622,0.048869,-0.000010,0.000000,0.000000,-19.600000,28.200000,92.300000,153.100000,2.007824,-0.110022,3.004163,-0.050658,0.000000,0.000000,0.000000,0.000000
112.297,2.025455,-0.112032,2.968456,-0.051622,0.048869,-0.000010,0.000000,0.000000,-19.600000,28.200000,92.300000,153.100000,2.007824,-0.110022,3.004163,-0.050658,0.000000,0.000000,0.000000,0.000000
112.308,2.025455,-0.112032,2.968456,-0.051622,0.048869,-0.000010,0.000000,0.000000,-19.600000,28.200000,92.300000,153.100000,2.007824,-0.110022,3.004163,-0.050658,0.000000,0.000000,0.000000,0.000000
112.318,2.025455,-0.112032,2.968456,-0.051622,0.048869,-0.000010,0.000000,0.000000,-19.600000,28.200000,92.300000,153.100000,2.007824,-0.110022,3.004163,-0.050658,0.000000,0.000000,0.000000,0.000000
112.687,2.007478,-0.110026,3.004061,-0.050657,-0.012217,0.000090,0.000000,0.000000,-18.500000,29.100000,213.200000,163.400000,2.007824,-0.110022,3.004163,-0.050658,0.000000,0.000000,0.000000,0.000000
112.698,2.007478,-0.110026,3.004061,-0.050657,-0.012217,0.000090,0.000000,0.000000,-18.500000,29.100000,213.200000,163.400000,2.007824,-0.110022,3.004163,-0.050658,0.000000,0.000000,0.000000,0.000000
112.708,2.007478,-0.110026,3.004061,-0.050657,-0.012217,0.000090,0.000000,0.000000,-18.500000,29.100000,213.200000,163.400000,2.007824,-0.110022,3.004163,-0.050658,0.000000,0.000000,0.000000,0.000000
112.718,2.007478,-0.110026,3.004061,-0.050657,-0.012217,0.000090,0.000000,0.000000,-18.500000,29.100000,213.200000,163.400000,2.007824,-0.110022,3.004163,-0.050658,0.000000,0.000000,0.000000,0.000000
113.188,1.986534,-0.108023,3.042109,-0.049643,-0.006981,0.000020,0.000000,0.000000,-15.500000,55.200000,168.400000,145.500000,1.986639,-0.108024,3.042195,-0.049644,0.000000,0.000000,0.000000,0.000000
113.198,1.986534,-0.108023,3.042109,-0.049643,-0.006981,0.000020,0.000000,0.000000,-15.500000,55.200000,168.400000,145.500000,1.986639,-0.108024,3.042195,-0.049644,0.000000,0.000000,0.000000,0.000000
113.208,1.986534,-0.108023,3.042109,-0.049643,-0.006981,0.000020,0.000000,0.000000,-15.500000,55.200000,168.400000,145.500000,1.986639,-0.108024,3.042195,-0.049644,0.000000,0.000000,0.000000,0.000000
113.218,1.986534,-0.108023,3.042109,-0.049643,-0.006981,0.000020,0.000000,0.000000,-15.500000,55.200000,168.400000,145.500000,1.986639,-0.108024,3.042195,-0.049644,0.000000,0.000000,0.000000,0.000000
113.587,1.965590,-0.106028,3.080506,-0.048633,-0.055851,0.000020,0.000000,0.000010,-20.000000,52.800000,231.400000,129.800000,1.944887,-0.103963,3.119454,-0.047638,0.000000,0.000000,0.000000,0.000000
113.598,1.965590,-0.106028,3.080506,-0.048633,-0.055851,0.000020,0.000000,0.000010,-20.000000,52.800000,231.400000,129.800000,1.944887,-0.103963,3.119454,-0.047638,0.000000,0.000000,0.000000,0.000000
113.608,1.965590,-0.106028,3.080506,-0.048633,-0.055851,0.000020,0.000000,0.000010,-20.000000,52.800000,231.400000,129.800000,1.944887,-0.103963,3.119454,-0.047638,0.000000,0.000000,0.000000,0.000000
113.618,1.965590,-0.106028,3.080506,-0.048633,-0.055851,0.000020,0.000000,0.000010,-20.000000,52.800000,231.400000,129.800000,1.944887,-0.103963,3.119454,-0.047638,0.000000,0.000000,0.000000,0.000000
114.088,1.944820,-0.103962,3.119602,-0.047637,0.027925,0.000090,0.000000,0.000000,-21.900000,34.300000,171.900000,94.500000,1.944887,-0.103963,3.119454,-0.047638,0.000000,0.000000,0.000000,0.000000
114.098,1.944820,-0.103962,3.119602,-0.047637,0.027925,0.000090,0.000000,0.000000,-21.900000,34.300000,171.900000,94.500000,1.944887,-0.103963,3.119454,-0.047638,0.000000,0.000000,0.000000,0.000000
114.108,1.944820,-0.103962,3.119602,-0.047637,0.027925,0.000090,0.000000,0.000000,-21.900000,34.300000,171.900000,94.500000,1.944887,-0.103963,3.119454,-0.047638,0.000000,0.000000,0.000000,0.000000
114.118,1.944820,-0.103962,3.119602,-0.047637,0.027925,0.000090,0.000000,0.000000,-21.900000,34.300000,171.900000,94.500000,1.944887,-0.103963,3.119454,-0.047638,0.000000,0.000000,0.000000,0.000000
114.587,1.924226,-0.101978,3.167947,-0.047184,0.003491,0.000020,0.000000,0.000000,-17.000000,32.900000,110.700000,81.600000,1.924282,-0.101977,3.167618,-0.047185,0.000000,0.000000,0.000000,0.000000
114.598,1.924226,-0.101978,3.167947,-0.047184,0.003491,0.000020,0.000000,0.000000,-17.000000,32.900000,110.700000,81.600000,1.924282,-0.101977,3.167618,-0.047185,0.000000,0.000000,0.000000,0.000000
114.608,1.924226,-0.101978,3.167947,-0.047184,0.003491,0.000020,0.000000,0.000000,-17.000000,32.900000,110.700000,81.600000,1.924282,-0.101977,3.167618,-0.047185,0.000000,0.000000,0.000000,0.000000
114.618,1.924226,-0.101978,3.167947,-0.047184,0.003491,0.000020,0.000000,0.000000,-17.000000,32.900000,110.700000,81.600000,1.924282,-0.101977,3.167618,-0.047185,0.000000,0.000000,0.000000,0.000000
115.088,1.896998,-0.099962,3.212628,-0.046520,0.019199,0.000000,0.000000,0.000000,-14.900000,28.800000,45.900000,100.600000,1.896914,-0.099962,3.212493,-0.046521,0.000000,0.000000,0.000000,0.000000
115.098,1.896998,-0.099962,3.212628,-0.046520,0.019199,0.000000,0.000000,0.000000,-14.900000,28.800000,45.900000,100.600000,1.896914,-0.099962,3.212493,-0.046521,0.000000,0.000000,0.000000,0.000000
115.108,1.896998,-0.099962,3.212628,-0.046520,0.019199,0.000000,0.000000,0.000000,-14.900000,28.800000,45.900000,100.600000,1.896914,-0.099962,3.212493,-0.046521,0.000000,0.000000,0.000000,0.000000
115.118,1.896998,-0.099962,3.212628,-0.046520,0.019199,0.000000,0.000000,0.000000,-14.900000,28.800000,45.900000,100.600000,1.896914,-0.099962,3.212493,-0.046521,0.000000,0.000000,0.000000,0.000000
115.587,1.871866,-0.097913,3.252945,-0.045457,-0.019199,0.000000,0.000000,0.000000,-16.200000,47.800000,132.200000,86.200000,1.840810,-0.095884,3.299116,-0.044401,0.000000,0.000000,0.000000,0.000000
115.650,1.871866,-0.097913,3.252945,-0.045457,-0.019199,0.000000,0.000000,0.000000,-16.200000,47.800000,132.200000,86.200000,1.840810,-0.095884,3.299116,-0.044401,0.000000,0.000000,0.000000,0.000000
115.663,1.871866,-0.097913,3.252945,-0.045457,-0.019199,0.000000,0.000000,0.000000,-16.200000,47.800000,132.200000,86.200000,1.840810,-0.095884,3.299116,-0.044401,0.000000,0.000000,0.000000,0.000000
115.673,1.871866,-0.097913,3.252945,-0.045457,-0.019199,0.000000,0.000000,0.000000,-16.200000,47.800000,132.200000,86.200000,1.840810,-0.095884,3.299116,-0.044401,0.000000,0.000000,0.000000,0.000000
116.087,1.840973,-0.095884,3.299196,-0.044401,0.008727,0.000120,0.000000,0.000000,-19.200000,70.300000,212.300000,110.200000,1.840810,-0.095884,3.299116,-0.044401,0.000000,0.000000,0.000000,0.000000
116.098,1.840973,-0.095884,3.299196,-0.044401,0.008727,0.000120,0.000000,0.000000,-19.200000,70.300000,212.300000,110.200000,1.840810,-0.095884,3.299116,-0.044401,0.000000,0.000000,0.000000,0.000000
116.108,1.840973,-0.095884,3.299196,-0.044401,0.008727,0.000120,0.000000,0.000000,-19.200000,70.300000,212.300000,110.200000,1.840810,-0.095884,3.299116,-0.044401,0.000000,0.000000,0.000000,0.000000
116.118,1.840973,-0.095884,3.299196,-0.044401,0.008727,0.000120,0.000000,0.000000,-19.200000,70.300000,212.300000,110.200000,1.840810,-0.095884,3.299116,-0.044401,0.000000,0.000000,0.000000,0.000000
116.587,1.809034,-0.093865,3.338815,-0.043351,0.012217,0.000000,0.000000,0.000000,-21.200000,22.500000,173.900000,111.100000,1.809339,-0.093865,3.338750,-0.043352,0.000000,0.000000,0.000000,0.000000
116.598,1.809034,-0.093865,3.338815,-0.043351,0.012217,0.000000,0.000000,0.000000,-21.200000,22.500000,173.900000,111.100000,1.809339,-0.093865,3.338750,-0.043352,0.000000,0.000000,0.000000,0.000000
116.608,1.809034,-0.093865,3.338815,-0.043351,0.012217,0.000000,0.000000,0.000000,-21.200000,22.500000,173.900000,111.100000,1.809339,-0.093865,3.338750,-0.043352,0.000000,0.000000,0.000000,0.000000
116.618,1.809034,-0.093865,3.338815,-0.043351,0.012217,0.000000,0.000000,0.000000,-21.200000,22.500000,173.900000,111.100000,1.809339,-0.093865,3.338750,-0.043352,0.000000,0.000000,0.000000,0.000000
116.988,1.772731,-0.091852,3.378434,-0.042297,0.000000,0.000160,0.000000,0.000000,-21.700000,31.000000,146.200000,141.200000,1.773037,-0.091848,3.378401,-0.042298,0.000000,0.000000,0.000000,0.000000
116.998,1.772731,-0.091852,3.378434,-0.042297,0.000000,0.000160,0.000000,0.000000,-21.700000,31.000000,146.200000,141.200000,1.773037,-0.091848,3.378401,-0.042298,0.000000,0.000000,0.000000,0.000000
117.008,1.772731,-0.091852,3.378434,-0.042297,0.000000,0.000160,0.000000,0.000000,-21.700000,31.000000,146.200000,141.200000,1.773037,-0.091848,3.378401,-0.042298,0.000000,0.000000,0.000000,0.000000
117.018,1.772731,-0.091852,3.378434,-0.042297,0.000000,0.000160,0.000000,0.000000,-21.700000,31.000000,146.200000,141.200000,1.773037,-0.091848,3.378401,-0.042298,0.000000,0.000000,0.000000,0.000000
117.387,1.732065,-0.089856,3.421893,-0.041379,-0.008727,0.000120,0.000000,0.000010,-18.400000,18.100000,136.000000,136.200000,1.731894,-0.089853,3.421647,-0.041379,0.000000,0.000000,0.000000,0.000000
117.397,1.732065,-0.089856,3.421893,-0.041379,-0.008727,0.000120,0.000000,0.000010,-18.400000,18.100000,136.000000,136.200000,1.731894,-0.089853,3.421647,-0.041379,0.000000,0.000000,0.000000,0.000000
117.407,1.732065,-0.089856,3.421893,-0.041379,-0.008727,0.000120,0.000000,0.000010,-18.400000,18.100000,136.000000,136.200000,1.731894,-0.089853,3.421647,-0.041379,0.000000,0.000000,0.000000,0.000000
117.418,1.732065,-0.089856,3.421893,-0.041379,-0.008727,0.000120,0.000000,0.000010,-18.400000,18.100000,136.000000,136.200000,1.731894,-0.089853,3.421647,-0.041379,0.000000,0.000000,0.000000,0.000000
117.887,1.709375,-0.087892,3.456799,-0.040354,0.003491,0.000060,0.000000,0.000000,-17.300000,52.800000,131.200000,117.200000,1.709204,-0.087892,3.456627,-0.040355,0.000000,0.000000,0.000000,0.000000
117.897,1.709375,-0.087892,3.456799,-0.040354,0.003491,0.000060,0.000000,0.000000,-17.300000,52.800000,131.200000,117.200000,1.709204,-0.087892,3.456627,-0.040355,0.000000,0.000000,0.000000,0.000000
117.907,1.709375,-0.087892,3.456799,-0.040354,0.003491,0.000060,0.000000,0.000000,-17.300000,52.800000,131.200000,117.200000,1.709204,-0.087892,3.456627,-0.040355,0.000000,0.000000,0.000000,0.000000
117.918,1.709375,-0.087892,3.456799,-0.040354,0.003491,0.000060,0.000000,0.000000,-17.300000,52.800000,131.200000,117.200000,1.709204,-0.087892,3.456627,-0.040355,0.000000,0.000000,0.000000,0.000000
118.388,1.687908,-0.085833,3.488215,-0.039292,-0.061087,0.000060,0.000000,0.000000,-20.100000,77.900000,141.000000,84.000000,1.688178,-0.085833,3.488145,-0.039293,0.000000,0.000000,0.000000,0.000000
118.398,1.687908,-0.085833,3.488215,-0.039292,-0.061087,0.000060,0.000000,0.000000,-20.100000,77.900000,141.000000,84.000000,1.688178,-0.085833,3.488145,-0.039293,0.000000,0.000000,0.000000,0.000000
118.408,1.687908,-0.085833,3.488215,-0.039292,-0.061087,0.000060,0.000000,0.000000,-20.100000,77.900000,141.000000,84.000000,1.688178,-0.085833,3.488145,-0.039293,0.000000,0.000000,0.000000,0.000000
118.418,1.687908,-0.085833,3.488215,-0.039292,-0.061087,0.000060,0.000000,0.000000,-20.100000,77.900000,141.000000,84.000000,1.688178,-0.085833,3.488145,-0.039293,0.000000,0.000000,0.000000,0.000000
118.887,1.682148,-0.083797,3.515093,-0.038255,0.017453,0.000030,0.000000,0.000000,-20.200000,41.100000,146.700000,94.800000,1.682297,-0.083797,3.514789,-0.038256,0.000000,0.000000,0.000000,0.000000
118.897,1.682148,-0.083797,3.515093,-0.038255,0.017453,0.000030,0.000000,0.000000,-20.200000,41.100000,146.700000,94.800000,1.682297,-0.083797,3.514789,-0.038256,0.000000,0.000000,0.000000,0.000000
118.907,1.682148,-0.083797,3.515093,-0.038255,0.017453,0.000030,0.000000,0.000000,-20.200000,41.100000,146.700000,94.800000,1.682297,-0.083797,3.514789,-0.038256,0.000000,0.000000,0.000000,0.000000
118.918,1.682148,-0.083797,3.515093,-0.038255,0.017453,0.000030,0.000000,0.000000,-20.200000,41.100000,146.700000,94.800000,1.682297,-0.083797,3.514789,-0.038256,0.000000,0.000000,0.000000,0.000000
119.387,1.685814,-0.081806,3.536910,-0.037293,-0.043633,-0.000030,0.000000,0.000000,-23.000000,23.900000,53.500000,105.900000,1.686203,-0.081807,3.536752,-0.037294,0.000000,0.000000,0.000000,0.000000
119.398,1.685814,-0.081806,3.536910,-0.037293,-0.043633,-0.000030,0.000000,0.000000,-23.000000,23.900000,53.500000,105.900000,1.686203,-0.081807,3.536752,-0.037294,0.000000,0.000000,0.000000,0.000000
119.408,1.685814,-0.081806,3.536910,-0.037293,-0.043633,-0.000030,0.000000,0.000000,-23.000000,23.900000,53.500000,105.900000,1.686203,-0.081807,3.536752,-0.037294,0.000000,0.000000,0.000000,0.000000
119.418,1.685814,-0.081806,3.536910,-0.037293,-0.043633,-0.000030,0.000000,0.000000,-23.000000,23.900000,53.500000,105.900000,1.686203,-0.081807,3.536752,-0.037294,0.000000,0.000000,0.000000,0.000000
119.887,1.694715,-0.079677,3.557505,-0.036298,-0.073304,0.000010,0.000000,0.000000,-13.700000,45.800000,66.100000,118.500000,1.705021,-0.077640,3.582120,-0.036230,0.000000,0.000000,0.000000,0.000000
119.897,1.694715,-0.079677,3.557505,-0.036298,-0.073304,0.000010,0.000000,0.000000,-13.700000,45.800000,66.100000,118.500000,1.705021,-0.077640,3.582120,-0.036230,0.000000,0.000000,0.000000,0.000000
119.908,1.694715,-0.079677,3.557505,-0.036298,-0.073304,0.000010,0.000000,0.000000,-13.700000,45.800000,66.100000,118.500000,1.705021,-0.077640,3.582120,-0.036230,0.000000,0.000000,0.000000,0.000000
119.918,1.694715,-0.079677,3.557505,-0.036298,-0.073304,0.000010,0.000000,0.000000,-13.700000,45.800000,66.100000,118.500000,1.705021,-0.077640,3.582120,-0.036230,0.000000,0.000000,0.000000,0.000000
120.288,1.705187,-0.077644,3.582288,-0.036230,0.019199,0.000220,0.000000,0.000000,-16.200000,44.200000,195.800000,98.700000,1.705021,-0.077640,3.582120,-0.036230,0.000000,0.000000,0.000000,0.000000
120.299,1.705187,-0.077644,3.582288,-0.036230,0.019199,0.000220,0.000000,0.000000,-16.200000,44.200000,195.800000,98.700000,1.705021,-0.077640,3.582120,-0.036230,0.000000,0.000000,0.000000,0.000000
120.309,1.705187,-0.077644,3.582288,-0.036230,0.019199,0.000220,0.000000,0.000000,-16.200000,44.200000,195.800000,98.700000,1.705021,-0.077640,3.582120,-0.036230,0.000000,0.000000,0.000000,0.000000
120.319,1.705187,-0.077644,3.582288,-0.036230,0.019199,0.000220,0.000000,0.000000,-16.200000,44.200000,195.800000,98.700000,1.705021,-0.077640,3.582120,-0.036230,0.000000,0.000000,0.000000,0.000000
140.488,2.418852,-0.154978,2.418677,-0.071900,0.022689,0.000000,0.000000,0.000000,-19.000000,-5.000000,-45.600000,52.900000,2.418969,-0.154979,2.418969,-0.071900,0.000000,0.000000,0.000000,0.000000
140.498,2.418852,-0.154978,2.418677,-0.071900,0.022689,0.000000,0.000000,0.000000,-19.000000,-5.000000,-45.600000,52.900000,2.418969,-0.154979,2.418969,-0.071900,0.000000,0.000000,0.000000,0.000000
140.508,2.418852,-0.154978,2.418677,-0.071900,0.022689,0.000000,0.000000,0.000000,-19.000000,-5.000000,-45.600000,52.900000,2.418969,-0.154979,2.418969,-0.071900,0.000000,0.000000,0.000000,0.000000
140.519,2.418852,-0.154978,2.418677,-0.071900,0.022689,0.000000,0.000000,0.000000,-19.000000,-5.000000,-45.600000,52.900000,2.418969,-0.154979,2.418969,-0.071900,0.000000,0.000000,0.000000,0.000000
144.392,2.380106,-0.152837,2.440494,-0.070979,0.047124,-0.000030,0.000000,0.000000,-17.800000,26.400000,11.200000,85.800000,2.343327,-0.150799,2.461063,-0.069883,0.000000,0.000000,0.000000,0.000000
144.402,2.380106,-0.152837,2.440494,-0.070979,0.047124,-0.000030,0.000000,0.000000,-17.800000,26.400000,11.200000,85.800000,2.343327,-0.150799,2.461063,-0.069883,0.000000,0.000000,0.000000,0.000000
144.413,2.380106,-0.152837,2.440494,-0.070979,0.047124,-0.000030,0.000000,0.000000,-17.800000,26.400000,11.200000,85.800000,2.343327,-0.150799,2.461063,-0.069883,0.000000,0.000000,0.000000,0.000000
144.423,2.380106,-0.152837,2.440494,-0.070979,0.047124,-0.000030,0.000000,0.000000,-17.800000,26.400000,11.200000,85.800000,2.343327,-0.150799,2.461063,-0.069883,0.000000,0.000000,0.000000,0.000000
144.891,2.343279,-0.150799,2.461263,-0.069883,-0.005236,0.000080,0.000000,0.000000,-16.100000,29.300000,-58.000000,120.200000,2.343327,-0.150799,2.461063,-0.069883,0.000000,0.000000,0.000000,0.000000
144.901,2.343279,-0.150799,2.461263,-0.069883,-0.005236,0.000080,0.000000,0.000000,-16.100000,29.300000,-58.000000,120.200000,2.343327,-0.150799,2.461063,-0.069883,0.000000,0.000000,0.000000,0.000000
144.914,2.343279,-0.150799,2.461263,-0.069883,-0.005236,0.000080,0.000000,0.000000,-16.100000,29.300000,-58.000000,120.200000,2.343327,-0.150799,2.461063,-0.069883,0.000000,0.000000,0.000000,0.000000
144.924,2.343279,-0.150799,2.461263,-0.069883,-0.005236,0.000080,0.000000,0.000000,-16.100000,29.300000,-58.000000,120.200000,2.343327,-0.150799,2.461063,-0.069883,0.000000,0.000000,0.000000,0.000000
148.788,2.309071,-0.148699,2.486571,-0.069206,-0.003491,0.000010,0.000000,0.000000,-17.600000,28.300000,69.200000,105.700000,2.309172,-0.148700,2.486802,-0.069207,0.000000,0.000000,0.000000,0.000000
148.798,2.309071,-0.148699,2.486571,-0.069206,-0.003491,0.000010,0.000000,0.000000,-17.600000,28.300000,69.200000,105.700000,2.309172,-0.148700,2.486802,-0.069207,0.000000,0.000000,0.000000,0.000000
148.808,2.309071,-0.148699,2.486571,-0.069206,-0.003491,0.000010,0.000000,0.000000,-17.600000,28.300000,69.200000,105.700000,2.309172,-0.148700,2.486802,-0.069207,0.000000,0.000000,0.000000,0.000000
148.818,2.309071,-0.148699,2.486571,-0.069206,-0.003491,0.000010,0.000000,0.000000,-17.600000,28.300000,69.200000,105.700000,2.309172,-0.148700,2.486802,-0.069207,0.000000,0.000000,0.000000,0.000000
149.687,2.278004,-0.146633,2.515194,-0.068548,0.026180,-0.000030,0.000000,0.000000,-18.900000,24.800000,90.300000,100.400000,2.278136,-0.146633,2.515240,-0.068549,0.000000,0.000000,0.000000,0.000000
149.697,2.278004,-0.146633,2.515194,-0.068548,0.026180,-0.000030,0.000000,0.000000,-18.900000,24.800000,90.300000,100.400000,2.278136,-0.146633,2.515240,-0.068549,0.000000,0.000000,0.000000,0.000000
149.707,2.278004,-0.146633,2.515194,-0.068548,0.026180,-0.000030,0.000000,0.000000,-18.900000,24.800000,90.300000,100.400000,2.278136,-0.146633,2.515240,-0.068549,0.000000,0.000000,0.000000,0.000000
149.718,2.278004,-0.146633,2.515194,-0.068548,0.026180,-0.000030,0.000000,0.000000,-18.900000,24.800000,90.300000,100.400000,2.278136,-0.146633,2.515240,-0.068549,0.000000,0.000000,0.000000,0.000000
150.188,2.246762,-0.144566,2.543992,-0.067890,0.006981,0.000020,0.000000,0.000000,-12.800000,62.100000,75.800000,108.200000,2.247100,-0.144567,2.543677,-0.067891,0.000000,0.000000,0.000000,0.000000
150.198,2.246762,-0.144566,2.543992,-0.067890,0.006981,0.000020,0.000000,0.000000,-12.800000,62.100000,75.800000,108.200000,2.247100,-0.144567,2.543677,-0.067891,0.000000,0.000000,0.000000,0.000000
150.208,2.246762,-0.144566,2.543992,-0.067890,0.006981,0.000020,0.000000,0.000000,-12.800000,62.100000,75.800000,108.200000,2.247100,-0.144567,2.543677,-0.067891,0.000000,0.000000,0.000000,0.000000
150.218,2.246762,-0.144566,2.543992,-0.067890,0.006981,0.000020,0.000000,0.000000,-12.800000,62.100000,75.800000,108.200000,2.247100,-0.144567,2.543677,-0.067891,0.000000,0.000000,0.000000,0.000000
154.087,2.201035,-0.142507,2.566158,-0.067015,0.010472,0.000000,0.000000,0.000000,-11.500000,15.700000,54.900000,119.800000,2.201039,-0.142508,2.566313,-0.067015,0.000000,0.000000,0.000000,0.000000
154.097,2.201035,-0.142507,2.566158,-0.067015,0.010472,0.000000,0.000000,0.000000,-11.500000,15.700000,54.900000,119.800000,2.201039,-0.142508,2.566313,-0.067015,0.000000,0.000000,0.000000,0.000000
154.107,2.201035,-0.142507,2.566158,-0.067015,0.010472,0.000000,0.000000,0.000000,-11.500000,15.700000,54.900000,119.800000,2.201039,-0.142508,2.566313,-0.067015,0.000000,0.000000,0.000000,0.000000
154.118,2.201035,-0.142507,2.566158,-0.067015,0.010472,0.000000,0.000000,0.000000,-11.500000,15.700000,54.900000,119.800000,2.201039,-0.142508,2.566313,-0.067015,0.000000,0.000000,0.000000,0.000000
154.487,2.156878,-0.140477,2.586752,-0.066136,0.047124,0.000240,0.000000,0.000000,-10.500000,10.800000,113.500000,161.100000,2.157126,-0.140475,2.586717,-0.066137,0.000000,0.000000,0.000000,0.000000
154.498,2.156878,-0.140477,2.586752,-0.066136,0.047124,0.000240,0.000000,0.000000,-10.500000,10.800000,113.500000,161.100000,2.157126,-0.140475,2.586717,-0.066137,0.000000,0.000000,0.000000,0.000000
154.508,2.156878,-0.140477,2.586752,-0.066136,0.047124,0.000240,0.000000,0.000000,-10.500000,10.800000,113.500000,161.100000,2.157126,-0.140475,2.586717,-0.066137,0.000000,0.000000,0.000000,0.000000
154.518,2.156878,-0.140477,2.586752,-0.066136,0.047124,0.000240,0.000000,0.000000,-10.500000,10.800000,113.500000,161.100000,2.157126,-0.140475,2.586717,-0.066137,0.000000,0.000000,0.000000,0.000000
154.987,2.113245,-0.138464,2.606998,-0.065386,0.003491,0.000000,-0.001745,0.000000,-18.200000,49.100000,-67.900000,122.200000,2.113296,-0.138463,2.606826,-0.065386,0.000000,0.000000,0.000000,0.000000
154.997,2.113245,-0.138464,2.606998,-0.065386,0.003491,0.000000,-0.001745,0.000000,-18.200000,49.100000,-67.900000,122.200000,2.113296,-0.138463,2.606826,-0.065386,0.000000,0.000000,0.000000,0.000000
155.008,2.113245,-0.138464,2.606998,-0.065386,0.003491,0.000000,-0.001745,0.000000,-18.200000,49.100000,-67.900000,122.200000,2.113296,-0.138463,2.606826,-0.065386,0.000000,0.000000,0.000000,0.000000
155.018,2.113245,-0.138464,2.606998,-0.065386,0.003491,0.000000,-0.001745,0.000000,-18.200000,49.100000,-67.900000,122.200000,2.113296,-0.138463,2.606826,-0.065386,0.000000,0.000000,0.000000,0.000000
155.491,2.070135,-0.136360,2.631084,-0.064257,0.041888,0.000010,0.000000,0.000000,-19.400000,50.800000,11.900000,142.000000,2.070135,-0.136360,2.631155,-0.064259,0.000000,0.000000,0.000000,0.000000
155.501,2.070135,-0.136360,2.631084,-0.064257,0.041888,0.000010,0.000000,0.000000,-19.400000,50.800000,11.900000,142.000000,2.070135,-0.136360,2.631155,-0.064259,0.000000,0.000000,0.000000,0.000000
155.511,2.070135,-0.136360,2.631084,-0.064257,0.041888,0.000010,0.000000,0.000000,-19.400000,50.800000,11.900000,142.000000,2.070135,-0.136360,2.631155,-0.064259,0.000000,0.000000,0.000000,0.000000
155.524,2.070135,-0.136360,2.631084,-0.064257,0.041888,0.000010,0.000000,0.000000,-19.400000,50.800000,11.900000,142.000000,2.070135,-0.136360,2.631155,-0.064259,0.000000,0.000000,0.000000,0.000000
155.987,2.031040,-0.134263,2.652900,-0.063549,0.040143,0.000050,0.000000,0.000000,-23.900000,53.200000,133.400000,130.400000,1.987589,-0.132178,2.673180,-0.062792,0.000000,0.000000,0.000000,0.000000
155.997,2.031040,-0.134263,2.652900,-0.063549,0.040143,0.000050,0.000000,0.000000,-23.900000,53.200000,133.400000,130.400000,1.987589,-0.132178,2.673180,-0.062792,0.000000,0.000000,0.000000,0.000000
156.008,2.031040,-0.134263,2.652900,-0.063549,0.040143,0.000050,0.000000,0.000000,-23.900000,53.200000,133.400000,130.400000,1.987589,-0.132178,2.673180,-0.062792,0.000000,0.000000,0.000000,0.000000
156.018,2.031040,-0.134263,2.652900,-0.063549,0.040143,0.000050,0.000000,0.000000,-23.900000,53.200000,133.400000,130.400000,1.987589,-0.132178,2.673180,-0.062792,0.000000,0.000000,0.000000,0.000000
156.487,1.987406,-0.132178,2.673321,-0.062791,0.040143,-0.000070,0.000000,0.000000,-21.400000,34.100000,53.100000,130.000000,1.942038,-0.130123,2.691761,-0.061958,0.000000,0.000000,0.000000,0.000000
156.497,1.987406,-0.132178,2.673321,-0.062791,0.040143,-0.000070,0.000000,0.000000,-21.400000,34.100000,53.100000,130.000000,1.942038,-0.130123,2.691761,-0.061958,0.000000,0.000000,0.000000,0.000000
156.507,1.987406,-0.132178,2.673321,-0.062791,0.040143,-0.000070,0.000000,0.000000,-21.400000,34.100000,53.100000,130.000000,1.942038,-0.130123,2.691761,-0.061958,0.000000,0.000000,0.000000,0.000000
156.518,1.987406,-0.132178,2.673321,-0.062791,0.040143,-0.000070,0.000000,0.000000,-21.400000,34.100000,53.100000,130.000000,1.942038,-0.130123,2.691761,-0.061958,0.000000,0.000000,0.000000,0.000000
156.987,1.942028,-0.130123,2.691996,-0.061958,-0.010472,0.000080,0.000000,0.000000,-10.700000,35.400000,78.000000,120.600000,1.942038,-0.130123,2.691761,-0.061958,0.000000,0.000000,0.000000,0.000000
156.998,1.942028,-0.130123,2.691996,-0.061958,-0.010472,0.000080,0.000000,0.000000,-10.700000,35.400000,78.000000,120.600000,1.942038,-0.130123,2.691761,-0.061958,0.000000,0.000000,0.000000,0.000000
157.008,1.942028,-0.130123,2.691996,-0.061958,-0.010472,0.000080,0.000000,0.000000,-10.700000,35.400000,78.000000,120.600000,1.942038,-0.130123,2.691761,-0.061958,0.000000,0.000000,0.000000,0.000000
157.018,1.942028,-0.130123,2.691996,-0.061958,-0.010472,0.000080,0.000000,0.000000,-10.700000,35.400000,78.000000,120.600000,1.942038,-0.130123,2.691761,-0.061958,0.000000,0.000000,0.000000,0.000000
157.388,1.896300,-0.128113,2.710845,-0.060850,-0.003491,0.000050,0.000000,0.000000,-15.800000,43.500000,143.200000,180.900000,1.896304,-0.128109,2.710781,-0.060851,0.000000,0.000000,0.000000,0.000000
157.398,1.896300,-0.128113,2.710845,-0.060850,-0.003491,0.000050,0.000000,0.000000,-15.800000,43.500000,143.200000,180.900000,1.896304,-0.128109,2.710781,-0.060851,0.000000,0.000000,0.000000,0.000000
157.408,1.896300,-0.128113,2.710845,-0.060850,-0.003491,0.000050,0.000000,0.000000,-15.800000,43.500000,143.200000,180.900000,1.896304,-0.128109,2.710781,-0.060851,0.000000,0.000000,0.000000,0.000000
157.418,1.896300,-0.128113,2.710845,-0.060850,-0.003491,0.000050,0.000000,0.000000,-15.800000,43.500000,143.200000,180.900000,1.896304,-0.128109,2.710781,-0.060851,0.000000,0.000000,0.000000,0.000000
157.791,1.851794,-0.126059,2.729520,-0.060018,0.041888,0.000030,0.000000,0.000000,-16.400000,73.100000,49.800000,164.400000,1.812364,-0.124082,2.747242,-0.059108,0.000000,0.000000,0.000000,0.000000
157.803,1.851794,-0.126059,2.729520,-0.060018,0.041888,0.000030,0.000000,0.000000,-16.400000,73.100000,49.800000,164.400000,1.812364,-0.124082,2.747242,-0.059108,0.000000,0.000000,0.000000,0.000000
157.813,1.851794,-0.126059,2.729520,-0.060018,0.041888,0.000030,0.000000,0.000000,-16.400000,73.100000,49.800000,164.400000,1.812364,-0.124082,2.747242,-0.059108,0.000000,0.000000,0.000000,0.000000
157.823,1.851794,-0.126059,2.729520,-0.060018,0.041888,0.000030,0.000000,0.000000,-16.400000,73.100000,49.800000,164.400000,1.812364,-0.124082,2.747242,-0.059108,0.000000,0.000000,0.000000,0.000000
158.188,1.812350,-0.124085,2.747148,-0.059107,-0.003491,0.000030,0.000000,0.000000,-22.700000,50.700000,226.000000,155.700000,1.812364,-0.124082,2.747242,-0.059108,0.000000,0.000000,0.000000,0.000000
158.198,1.812350,-0.124085,2.747148,-0.059107,-0.003491,0.000030,0.000000,0.000000,-22.700000,50.700000,226.000000,155.700000,1.812364,-0.124082,2.747242,-0.059108,0.000000,0.000000,0.000000,0.000000
158.208,1.812350,-0.124085,2.747148,-0.059107,-0.003491,0.000030,0.000000,0.000000,-22.700000,50.700000,226.000000,155.700000,1.812364,-0.124082,2.747242,-0.059108,0.000000,0.000000,0.000000,0.000000
158.218,1.812350,-0.124085,2.747148,-0.059107,-0.003491,0.000030,0.000000,0.000000,-22.700000,50.700000,226.000000,155.700000,1.812364,-0.124082,2.747242,-0.059108,0.000000,0.000000,0.000000,0.000000
158.688,1.770462,-0.122088,2.772630,-0.058206,0.066323,0.000020,0.000000,0.000000,-21.200000,14.700000,73.500000,123.500000,1.732056,-0.120049,2.789409,-0.057087,0.000000,0.000000,0.000000,0.000000
158.698,1.770462,-0.122088,2.772630,-0.058206,0.066323,0.000020,0.000000,0.000000,-21.200000,14.700000,73.500000,123.500000,1.732056,-0.120049,2.789409,-0.057087,0.000000,0.000000,0.000000,0.000000
158.708,1.770462,-0.122088,2.772630,-0.058206,0.066323,0.000020,0.000000,0.000000,-21.200000,14.700000,73.500000,123.500000,1.732056,-0.120049,2.789409,-0.057087,0.000000,0.000000,0.000000,0.000000
158.718,1.770462,-0.122088,2.772630,-0.058206,0.066323,0.000020,0.000000,0.000000,-21.200000,14.700000,73.500000,123.500000,1.732056,-0.120049,2.789409,-0.057087,0.000000,0.000000,0.000000,0.000000
159.187,1.731890,-0.120050,2.789560,-0.057086,0.012217,0.000000,-0.001745,0.000000,-24.500000,40.600000,10.200000,133.000000,1.686851,-0.117970,2.812526,-0.056100,0.000000,0.000000,0.000000,0.000000
159.197,1.731890,-0.120050,2.789560,-0.057086,0.012217,0.000000,-0.001745,0.000000,-24.500000,40.600000,10.200000,133.000000,1.686851,-0.117970,2.812526,-0.056100,0.000000,0.000000,0.000000,0.000000
159.208,1.731890,-0.120050,2.789560,-0.057086,0.012217,0.000000,-0.001745,0.000000,-24.500000,40.600000,10.200000,133.000000,1.686851,-0.117970,2.812526,-0.056100,0.000000,0.000000,0.000000,0.000000
159.218,1.731890,-0.120050,2.789560,-0.057086,0.012217,0.000000,-0.001745,0.000000,-24.500000,40.600000,10.200000,133.000000,1.686851,-0.117970,2.812526,-0.056100,0.000000,0.000000,0.000000,0.000000
159.688,1.686686,-0.117971,2.812773,-0.056099,0.006981,0.000010,-0.001745,0.000000,-23.500000,39.500000,-54.500000,118.900000,1.686851,-0.117970,2.812526,-0.056100,0.000000,0.000000,0.000000,0.000000
159.698,1.686686,-0.117971,2.812773,-0.056099,0.006981,0.000010,-0.001745,0.000000,-23.500000,39.500000,-54.500000,118.900000,1.686851,-0.117970,2.812526,-0.056100,0.000000,0.000000,0.000000,0.000000
159.708,1.686686,-0.117971,2.812773,-0.056099,0.006981,0.000010,-0.001745,0.000000,-23.500000,39.500000,-54.500000,118.900000,1.686851,-0.117970,2.812526,-0.056100,0.000000,0.000000,0.000000,0.000000
159.718,1.686686,-0.117971,2.812773,-0.056099,0.006981,0.000010,-0.001745,0.000000,-23.500000,39.500000,-54.500000,118.900000,1.686851,-0.117970,2.812526,-0.056100,0.000000,0.000000,0.000000,0.000000
160.188,1.646544,-0.115953,2.831448,-0.054986,-0.017453,0.000020,0.000000,0.000000,-20.900000,69.100000,144.100000,143.600000,1.646765,-0.115954,2.831529,-0.054987,0.000000,0.000000,0.000000,0.000000
160.198,1.646544,-0.115953,2.831448,-0.054986,-0.017453,0.000020,0.000000,0.000000,-20.900000,69.100000,144.100000,143.600000,1.646765,-0.115954,2.831529,-0.054987,0.000000,0.000000,0.000000,0.000000
160.208,1.646544,-0.115953,2.831448,-0.054986,-0.017453,0.000020,0.000000,0.000000,-20.900000,69.100000,144.100000,143.600000,1.646765,-0.115954,2.831529,-0.054987,0.000000,0.000000,0.000000,0.000000
160.218,1.646544,-0.115953,2.831448,-0.054986,-0.017453,0.000020,0.000000,0.000000,-20.900000,69.100000,144.100000,143.600000,1.646765,-0.115954,2.831529,-0.054987,0.000000,0.000000,0.000000,0.000000
160.687,1.606227,-0.113869,2.857977,-0.054093,0.036652,0.000060,0.000000,0.000000,-15.500000,35.300000,78.000000,143.800000,1.565081,-0.111790,2.878981,-0.052940,0.000000,0.000000,0.000000,0.000000
160.698,1.606227,-0.113869,2.857977,-0.054093,0.036652,0.000060,0.000000,0.000000,-15.500000,35.300000,78.000000,143.800000,1.565081,-0.111790,2.878981,-0.052940,0.000000,0.000000,0.000000,0.000000
160.708,1.606227,-0.113869,2.857977,-0.054093,0.036652,0.000060,0.000000,0.000000,-15.500000,35.300000,78.000000,143.800000,1.565081,-0.111790,2.878981,-0.052940,0.000000,0.000000,0.000000,0.000000
160.718,1.606227,-0.113869,2.857977,-0.054093,0.036652,0.000060,0.000000,0.000000,-15.500000,35.300000,78.000000,143.800000,1.565081,-0.111790,2.878981,-0.052940,0.000000,0.000000,0.000000,0.000000
161.187,1.565037,-0.111790,2.879270,-0.052940,0.006981,-0.000050,0.000000,0.000000,-26.200000,20.300000,67.000000,137.900000,1.565081,-0.111790,2.878981,-0.052940,0.000000,0.000000,0.000000,0.000000
161.198,1.565037,-0.111790,2.879270,-0.052940,0.006981,-0.000050,0.000000,0.000000,-26.200000,20.300000,67.000000,137.900000,1.565081,-0.111790,2.878981,-0.052940,0.000000,0.000000,0.000000,0.000000
161.208,1.565037,-0.111790,2.879270,-0.052940,0.006981,-0.000050,0.000000,0.000000,-26.200000,20.300000,67.000000,137.900000,1.565081,-0.111790,2.878981,-0.052940,0.000000,0.000000,0.000000,0.000000
161.218,1.565037,-0.111790,2.879270,-0.052940,0.006981,-0.000050,0.000000,0.000000,-26.200000,20.300000,67.000000,137.900000,1.565081,-0.111790,2.878981,-0.052940,0.000000,0.000000,0.000000,0.000000
161.688,1.524196,-0.109687,2.902657,-0.051766,0.057596,0.000020,0.000000,0.000000,-21.700000,23.600000,152.200000,139.500000,1.524272,-0.109686,2.902673,-0.051766,0.000000,0.000000,0.000000,0.000000
161.698,1.524196,-0.109687,2.902657,-0.051766,0.057596,0.000020,0.000000,0.000000,-21.700000,23.600000,152.200000,139.500000,1.524272,-0.109686,2.902673,-0.051766,0.000000,0.000000,0.000000,0.000000
161.708,1.524196,-0.109687,2.902657,-0.051766,0.057596,0.000020,0.000000,0.000000,-21.700000,23.600000,152.200000,139.500000,1.524272,-0.109686,2.902673,-0.051766,0.000000,0.000000,0.000000,0.000000
161.718,1.524196,-0.109687,2.902657,-0.051766,0.057596,0.000020,0.000000,0.000000,-21.700000,23.600000,152.200000,139.500000,1.524272,-0.109686,2.902673,-0.051766,0.000000,0.000000,0.000000,0.000000
162.088,1.483704,-0.107622,2.921681,-0.051012,-0.052360,0.000230,0.000000,0.000000,-19.200000,83.300000,113.600000,129.500000,1.483760,-0.107620,2.921438,-0.051012,0.000000,0.000000,0.000000,0.000000
162.098,1.483704,-0.107622,2.921681,-0.051012,-0.052360,0.000230,0.000000,0.000000,-19.200000,83.300000,113.600000,129.500000,1.483760,-0.107620,2.921438,-0.051012,0.000000,0.000000,0.000000,0.000000
162.108,1.483704,-0.107622,2.921681,-0.051012,-0.052360,0.000230,0.000000,0.000000,-19.200000,83.300000,113.600000,129.500000,1.483760,-0.107620,2.921438,-0.051012,0.000000,0.000000,0.000000,0.000000
162.118,1.483704,-0.107622,2.921681,-0.051012,-0.052360,0.000230,0.000000,0.000000,-19.200000,83.300000,113.600000,129.500000,1.483760,-0.107620,2.921438,-0.051012,0.000000,0.000000,0.000000,0.000000
162.488,1.448798,-0.105660,2.938262,-0.049836,0.054105,0.000060,0.000000,0.000000,-25.800000,75.800000,177.100000,143.900000,1.407402,-0.103694,2.955352,-0.049132,0.000000,0.000000,0.000000,0.000000
162.498,1.448798,-0.105660,2.938262,-0.049836,0.054105,0.000060,0.000000,0.000000,-25.800000,75.800000,177.100000,143.900000,1.407402,-0.103694,2.955352,-0.049132,0.000000,0.000000,0.000000,0.000000
162.508,1.448798,-0.105660,2.938262,-0.049836,0.054105,0.000060,0.000000,0.000000,-25.800000,75.800000,177.100000,143.900000,1.407402,-0.103694,2.955352,-0.049132,0.000000,0.000000,0.000000,0.000000
162.518,1.448798,-0.105660,2.938262,-0.049836,0.054105,0.000060,0.000000,0.000000,-25.800000,75.800000,177.100000,143.900000,1.407402,-0.103694,2.955352,-0.049132,0.000000,0.000000,0.000000,0.000000
162.988,1.407259,-0.103693,2.955366,-0.049131,0.022689,0.000020,0.000000,0.000000,-19.200000,25.600000,119.700000,111.500000,1.407402,-0.103694,2.955352,-0.049132,0.000000,0.000000,0.000000,0.000000
162.998,1.407259,-0.103693,2.955366,-0.049131,0.022689,0.000020,0.000000,0.000000,-19.200000,25.600000,119.700000,111.500000,1.407402,-0.103694,2.955352,-0.049132,0.000000,0.000000,0.000000,0.000000
163.008,1.407259,-0.103693,2.955366,-0.049131,0.022689,0.000020,0.000000,0.000000,-19.200000,25.600000,119.700000,111.500000,1.407402,-0.103694,2.955352,-0.049132,0.000000,0.000000,0.000000,0.000000
163.018,1.407259,-0.103693,2.955366,-0.049131,0.022689,0.000020,0.000000,0.000000,-19.200000,25.600000,119.700000,111.500000,1.407402,-0.103694,2.955352,-0.049132,0.000000,0.000000,0.000000,0.000000
163.487,1.359961,-0.101705,2.974739,-0.048441,-0.001745,0.000000,0.000000,0.000000,-21.200000,23.300000,116.800000,92.500000,1.315081,-0.099711,2.991856,-0.047186,0.000000,0.000000,0.000000,0.000000
163.497,1.359961,-0.101705,2.974739,-0.048441,-0.001745,0.000000,0.000000,0.000000,-21.200000,23.300000,116.800000,92.500000,1.315081,-0.099711,2.991856,-0.047186,0.000000,0.000000,0.000000,0.000000
163.507,1.359961,-0.101705,2.974739,-0.048441,-0.001745,0.000000,0.000000,0.000000,-21.200000,23.300000,116.800000,92.500000,1.315081,-0.099711,2.991856,-0.047186,0.000000,0.000000,0.000000,0.000000
163.518,1.359961,-0.101705,2.974739,-0.048441,-0.001745,0.000000,0.000000,0.000000,-21.200000,23.300000,116.800000,92.500000,1.315081,-0.099711,2.991856,-0.047186,0.000000,0.000000,0.000000,0.000000
163.887,1.315106,-0.099715,2.992192,-0.047186,-0.008727,0.000010,0.000000,0.000000,-23.100000,35.400000,152.400000,112.700000,1.315081,-0.099711,2.991856,-0.047186,0.000000,0.000000,0.000000,0.000000
163.897,1.315106,-0.099715,2.992192,-0.047186,-0.008727,0.000010,0.000000,0.000000,-23.100000,35.400000,152.400000,112.700000,1.315081,-0.099711,2.991856,-0.047186,0.000000,0.000000,0.000000,0.000000
163.908,1.315106,-0.099715,2.992192,-0.047186,-0.008727,0.000010,0.000000,0.000000,-23.100000,35.400000,152.400000,112.700000,1.315081,-0.099711,2.991856,-0.047186,0.000000,0.000000,0.000000,0.000000
163.918,1.315106,-0.099715,2.992192,-0.047186,-0.008727,0.000010,0.000000,0.000000,-23.100000,35.400000,152.400000,112.700000,1.315081,-0.099711,2.991856,-0.047186,0.000000,0.000000,0.000000,0.000000
164.388,1.263967,-0.097715,3.004933,-0.046349,-0.013963,0.000000,0.000000,0.000000,-22.300000,67.200000,-48.900000,95.600000,1.264185,-0.097715,3.004892,-0.046350,0.000000,0.000000,0.000000,0.000000
164.398,1.263967,-0.097715,3.004933,-0.046349,-0.013963,0.000000,0.000000,0.000000,-22.300000,67.200000,-48.900000,95.600000,1.264185,-0.097715,3.004892,-0.046350,0.000000,0.000000,0.000000,0.000000
164.408,1.263967,-0.097715,3.004933,-0.046349,-0.013963,0.000000,0.000000,0.000000,-22.300000,67.200000,-48.900000,95.600000,1.264185,-0.097715,3.004892,-0.046350,0.000000,0.000000,0.000000,0.000000
164.418,1.263967,-0.097715,3.004933,-0.046349,-0.013963,0.000000,0.000000,0.000000,-22.300000,67.200000,-48.900000,95.600000,1.264185,-0.097715,3.004892,-0.046350,0.000000,0.000000,0.000000,0.000000
164.888,1.215622,-0.095710,3.022561,-0.045857,0.000000,0.000100,0.000000,0.000000,-22.700000,58.600000,184.100000,77.300000,1.215705,-0.095711,3.022615,-0.045859,0.000000,0.000000,0.000000,0.000000
164.898,1.215622,-0.095710,3.022561,-0.045857,0.000000,0.000100,0.000000,0.000000,-22.700000,58.600000,184.100000,77.300000,1.215705,-0.095711,3.022615,-0.045859,0.000000,0.000000,0.000000,0.000000
164.908,1.215622,-0.095710,3.022561,-0.045857,0.000000,0.000100,0.000000,0.000000,-22.700000,58.600000,184.100000,77.300000,1.215705,-0.095711,3.022615,-0.045859,0.000000,0.000000,0.000000,0.000000
164.918,1.215622,-0.095710,3.022561,-0.045857,0.000000,0.000100,0.000000,0.000000,-22.700000,58.600000,184.100000,77.300000,1.215705,-0.095711,3.022615,-0.045859,0.000000,0.000000,0.000000,0.000000
165.388,1.163087,-0.093666,3.037746,-0.045206,-0.038397,0.000020,0.000000,0.000000,-25.700000,44.600000,58.300000,74.900000,1.163170,-0.093665,3.037487,-0.045206,0.000000,0.000000,0.000000,0.000000
165.398,1.163087,-0.093666,3.037746,-0.045206,-0.038397,0.000020,0.000000,0.000000,-25.700000,44.600000,58.300000,74.900000,1.163170,-0.093665,3.037487,-0.045206,0.000000,0.000000,0.000000,0.000000
165.408,1.163087,-0.093666,3.037746,-0.045206,-0.038397,0.000020,0.000000,0.000000,-25.700000,44.600000,58.300000,74.900000,1.163170,-0.093665,3.037487,-0.045206,0.000000,0.000000,0.000000,0.000000
165.418,1.163087,-0.093666,3.037746,-0.045206,-0.038397,0.000020,0.000000,0.000000,-25.700000,44.600000,58.300000,74.900000,1.163170,-0.093665,3.037487,-0.045206,0.000000,0.000000,0.000000,0.000000
165.887,1.108284,-0.091608,3.049439,-0.044226,-0.026180,0.000030,0.000000,0.000000,-16.000000,51.700000,80.500000,107.300000,1.108593,-0.091607,3.049423,-0.044226,0.000000,0.000000,0.000000,0.000000
165.898,1.108284,-0.091608,3.049439,-0.044226,-0.026180,0.000030,0.000000,0.000000,-16.000000,51.700000,80.500000,107.300000,1.108593,-0.091607,3.049423,-0.044226,0.000000,0.000000,0.000000,0.000000
165.908,1.108284,-0.091608,3.049439,-0.044226,-0.026180,0.000030,0.000000,0.000000,-16.000000,51.700000,80.500000,107.300000,1.108593,-0.091607,3.049423,-0.044226,0.000000,0.000000,0.000000,0.000000
165.918,1.108284,-0.091608,3.049439,-0.044226,-0.026180,0.000030,0.000000,0.000000,-16.000000,51.700000,80.500000,107.300000,1.108593,-0.091607,3.049423,-0.044226,0.000000,0.000000,0.000000,0.000000
166.388,1.055575,-0.089564,3.062355,-0.043419,0.048869,0.000030,0.000000,0.000000,-18.800000,47.600000,126.700000,87.400000,1.055659,-0.089563,3.062329,-0.043420,0.000000,0.000000,0.000000,0.000000
166.398,1.055575,-0.089564,3.062355,-0.043419,0.048869,0.000030,0.000000,0.000000,-18.800000,47.600000,126.700000,87.400000,1.055659,-0.089563,3.062329,-0.043420,0.000000,0.000000,0.000000,0.000000
166.408,1.055575,-0.089564,3.062355,-0.043419,0.048869,0.000030,0.000000,0.000000,-18.800000,47.600000,126.700000,87.400000,1.055659,-0.089563,3.062329,-0.043420,0.000000,0.000000,0.000000,0.000000
166.418,1.055575,-0.089564,3.062355,-0.043419,0.048869,0.000030,0.000000,0.000000,-18.800000,47.600000,126.700000,87.400000,1.055659,-0.089563,3.062329,-0.043420,0.000000,0.000000,0.000000,0.000000
166.888,1.023461,-0.087523,3.078412,-0.041747,-0.038397,0.000000,0.000000,0.000000,-16.700000,62.000000,76.400000,139.100000,0.994266,-0.085496,3.092583,-0.040007,0.000000,0.000000,0.000000,0.000000
166.898,1.023461,-0.087523,3.078412,-0.041747,-0.038397,0.000000,0.000000,0.000000,-16.700000,62.000000,76.400000,139.100000,0.994266,-0.085496,3.092583,-0.040007,0.000000,0.000000,0.000000,0.000000
166.908,1.023461,-0.087523,3.078412,-0.041747,-0.038397,0.000000,0.000000,0.000000,-16.700000,62.000000,76.400000,139.100000,0.994266,-0.085496,3.092583,-0.040007,0.000000,0.000000,0.000000,0.000000
166.918,1.023461,-0.087523,3.078412,-0.041747,-0.038397,0.000000,0.000000,0.000000,-16.700000,62.000000,76.400000,139.100000,0.994266,-0.085496,3.092583,-0.040007,0.000000,0.000000,0.000000,0.000000
167.388,0.994140,-0.085496,3.092549,-0.040006,-0.003491,0.000060,0.000000,0.000000,-20.600000,81.500000,207.100000,125.400000,0.994266,-0.085496,3.092583,-0.040007,0.000000,0.000000,0.000000,0.000000
167.398,0.994140,-0.085496,3.092549,-0.040006,-0.003491,0.000060,0.000000,0.000000,-20.600000,81.500000,207.100000,125.400000,0.994266,-0.085496,3.092583,-0.040007,0.000000,0.000000,0.000000,0.000000
167.408,0.994140,-0.085496,3.092549,-0.040006,-0.003491,0.000060,0.000000,0.000000,-20.600000,81.500000,207.100000,125.400000,0.994266,-0.085496,3.092583,-0.040007,0.000000,0.000000,0.000000,0.000000
167.418,0.994140,-0.085496,3.092549,-0.040006,-0.003491,0.000060,0.000000,0.000000,-20.600000,81.500000,207.100000,125.400000,0.994266,-0.085496,3.092583,-0.040007,0.000000,0.000000,0.000000,0.000000
167.887,0.973021,-0.083477,3.096389,-0.038300,0.033161,0.000020,0.000000,0.000000,-24.000000,27.900000,43.500000,107.300000,0.958208,-0.081183,3.093840,-0.036225,0.000000,0.000000,0.000000,0.000000
167.897,0.973021,-0.083477,3.096389,-0.038300,0.033161,0.000020,0.000000,0.000000,-24.000000,27.900000,43.500000,107.300000,0.958208,-0.081183,3.093840,-0.036225,0.000000,0.000000,0.000000,0.000000
167.908,0.973021,-0.083477,3.096389,-0.038300,0.033161,0.000020,0.000000,0.000000,-24.000000,27.900000,43.500000,107.300000,0.958208,-0.081183,3.093840,-0.036225,0.000000,0.000000,0.000000,0.000000
167.918,0.973021,-0.083477,3.096389,-0.038300,0.033161,0.000020,0.000000,0.000000,-24.000000,27.900000,43.500000,107.300000,0.958208,-0.081183,3.093840,-0.036225,0.000000,0.000000,0.000000,0.000000
168.388,0.958011,-0.081183,3.093771,-0.036224,-0.012217,0.000050,0.000000,0.000000,-26.500000,33.800000,35.900000,118.600000,0.958208,-0.081183,3.093840,-0.036225,0.000000,0.000000,0.000000,0.000000
168.398,0.958011,-0.081183,3.093771,-0.036224,-0.012217,0.000050,0.000000,0.000000,-26.500000,33.800000,35.900000,118.600000,0.958208,-0.081183,3.093840,-0.036225,0.000000,0.000000,0.000000,0.000000
168.408,0.958011,-0.081183,3.093771,-0.036224,-0.012217,0.000050,0.000000,0.000000,-26.500000,33.800000,35.900000,118.600000,0.958208,-0.081183,3.093840,-0.036225,0.000000,0.000000,0.000000,0.000000
168.418,0.958011,-0.081183,3.093771,-0.036224,-0.012217,0.000050,0.000000,0.000000,-26.500000,33.800000,35.900000,118.600000,0.958208,-0.081183,3.093840,-0.036225,0.000000,0.000000,0.000000,0.000000
186.093,-2.499311,-0.154866,-2.499137,-0.071901,-0.001745,0.000010,0.000000,0.000000,-17.500000,18.500000,-48.400000,61.800000,-2.499260,-0.154866,-2.499260,-0.071901,0.000000,0.000000,0.000000,0.000000
186.103,-2.499311,-0.154866,-2.499137,-0.071901,-0.001745,0.000010,0.000000,0.000000,-17.500000,18.500000,-48.400000,61.800000,-2.499260,-0.154866,-2.499260,-0.071901,0.000000,0.000000,0.000000,0.000000
186.113,-2.499311,-0.154866,-2.499137,-0.071901,-0.001745,0.000010,0.000000,0.000000,-17.500000,18.500000,-48.400000,61.800000,-2.499260,-0.154866,-2.499260,-0.071901,0.000000,0.000000,0.000000,0.000000
186.123,-2.499311,-0.154866,-2.499137,-0.071901,-0.001745,0.000010,0.000000,0.000000,-17.500000,18.500000,-48.400000,61.800000,-2.499260,-0.154866,-2.499260,-0.071901,0.000000,0.000000,0.000000,0.000000
186.587,-2.484302,-0.152544,-2.503151,-0.070866,0.027925,0.000000,0.000000,0.000000,-18.900000,47.900000,-59.500000,136.300000,-2.484411,-0.152543,-2.503188,-0.070836,0.000000,0.000000,0.000000,0.000000
186.597,-2.484302,-0.152544,-2.503151,-0.070866,0.027925,0.000000,0.000000,0.000000,-18.900000,47.900000,-59.500000,136.300000,-2.484411,-0.152543,-2.503188,-0.070836,0.000000,0.000000,0.000000,0.000000
186.607,-2.484302,-0.152544,-2.503151,-0.070866,0.027925,0.000000,0.000000,0.000000,-18.900000,47.900000,-59.500000,136.300000,-2.484411,-0.152543,-2.503188,-0.070836,0.000000,0.000000,0.000000,0.000000
186.618,-2.484302,-0.152544,-2.503151,-0.070866,0.027925,0.000000,0.000000,0.000000,-18.900000,47.900000,-59.500000,136.300000,-2.484411,-0.152543,-2.503188,-0.070836,0.000000,0.000000,0.000000,0.000000
187.088,-2.464929,-0.150480,-2.512401,-0.070029,-0.026180,0.000000,0.000000,0.000000,-13.200000,39.500000,-106.400000,151.600000,-2.465131,-0.150481,-2.512319,-0.070029,0.000000,0.000000,0.000000,0.000000
187.098,-2.464929,-0.150480,-2.512401,-0.070029,-0.026180,0.000000,0.000000,0.000000,-13.200000,39.500000,-106.400000,151.600000,-2.465131,-0.150481,-2.512319,-0.070029,0.000000,0.000000,0.000000,0.000000
187.108,-2.464929,-0.150480,-2.512401,-0.070029,-0.026180,0.000000,0.000000,0.000000,-13.200000,39.500000,-106.400000,151.600000,-2.465131,-0.150481,-2.512319,-0.070029,0.000000,0.000000,0.000000,0.000000
187.118,-2.464929,-0.150480,-2.512401,-0.070029,-0.026180,0.000000,0.000000,0.000000,-13.200000,39.500000,-106.400000,151.600000,-2.465131,-0.150481,-2.512319,-0.070029,0.000000,0.000000,0.000000,0.000000
190.588,-2.452188,-0.148282,-2.514845,-0.069060,-0.005236,0.000000,0.000000,0.000000,-15.500000,23.100000,-19.200000,103.800000,-2.452054,-0.148284,-2.514973,-0.069061,0.000000,0.000000,0.000000,0.000000
190.598,-2.452188,-0.148282,-2.514845,-0.069060,-0.005236,0.000000,0.000000,0.000000,-15.500000,23.100000,-19.200000,103.800000,-2.452054,-0.148284,-2.514973,-0.069061,0.000000,0.000000,0.000000,0.000000
190.608,-2.452188,-0.148282,-2.514845,-0.069060,-0.005236,0.000000,0.000000,0.000000,-15.500000,23.100000,-19.200000,103.800000,-2.452054,-0.148284,-2.514973,-0.069061,0.000000,0.000000,0.000000,0.000000
190.618,-2.452188,-0.148282,-2.514845,-0.069060,-0.005236,0.000000,0.000000,0.000000,-15.500000,23.100000,-19.200000,103.800000,-2.452054,-0.148284,-2.514973,-0.069061,0.000000,0.000000,0.000000,0.000000
194.191,-2.441192,-0.146259,-2.521128,-0.068161,0.017453,0.000000,0.000000,0.000000,-19.300000,27.200000,-5.200000,142.400000,-2.441249,-0.146259,-2.521157,-0.068162,0.000000,0.000000,0.000000,0.000000
194.203,-2.441192,-0.146259,-2.521128,-0.068161,0.017453,0.000000,0.000000,0.000000,-19.300000,27.200000,-5.200000,142.400000,-2.441249,-0.146259,-2.521157,-0.068162,0.000000,0.000000,0.000000,0.000000
194.213,-2.441192,-0.146259,-2.521128,-0.068161,0.017453,0.000000,0.000000,0.000000,-19.300000,27.200000,-5.200000,142.400000,-2.441249,-0.146259,-2.521157,-0.068162,0.000000,0.000000,0.000000,0.000000
194.223,-2.441192,-0.146259,-2.521128,-0.068161,0.017453,0.000000,0.000000,0.000000,-19.300000,27.200000,-5.200000,142.400000,-2.441249,-0.146259,-2.521157,-0.068162,0.000000,0.000000,0.000000,0.000000
198.088,-2.430371,-0.144235,-2.527411,-0.067262,0.000000,0.000020,0.000000,0.000000,-12.300000,7.500000,-57.200000,113.200000,-2.430445,-0.144235,-2.527341,-0.067263,0.000000,0.000000,0.000000,0.000000
198.098,-2.430371,-0.144235,-2.527411,-0.067262,0.000000,0.000020,0.000000,0.000000,-12.300000,7.500000,-57.200000,113.200000,-2.430445,-0.144235,-2.527341,-0.067263,0.000000,0.000000,0.000000,0.000000
198.108,-2.430371,-0.144235,-2.527411,-0.067262,0.000000,0.000020,0.000000,0.000000,-12.300000,7.500000,-57.200000,113.200000,-2.430445,-0.144235,-2.527341,-0.067263,0.000000,0.000000,0.000000,0.000000
198.118,-2.430371,-0.144235,-2.527411,-0.067262,0.000000,0.000020,0.000000,0.000000,-12.300000,7.500000,-57.200000,113.200000,-2.430445,-0.144235,-2.527341,-0.067263,0.000000,0.000000,0.000000,0.000000
201.588,-2.419550,-0.142209,-2.533345,-0.066363,0.008727,0.000000,0.000000,0.000000,-10.300000,19.500000,-24.700000,87.900000,-2.419640,-0.142210,-2.533525,-0.066364,0.000000,0.000000,0.000000,0.000000
201.598,-2.419550,-0.142209,-2.533345,-0.066363,0.008727,0.000000,0.000000,0.000000,-10.300000,19.500000,-24.700000,87.900000,-2.419640,-0.142210,-2.533525,-0.066364,0.000000,0.000000,0.000000,0.000000
201.608,-2.419550,-0.142209,-2.533345,-0.066363,0.008727,0.000000,0.000000,0.000000,-10.300000,19.500000,-24.700000,87.900000,-2.419640,-0.142210,-2.533525,-0.066364,0.000000,0.000000,0.000000,0.000000
201.618,-2.419550,-0.142209,-2.533345,-0.066363,0.008727,0.000000,0.000000,0.000000,-10.300000,19.500000,-24.700000,87.900000,-2.419640,-0.142210,-2.533525,-0.066364,0.000000,0.000000,0.000000,0.000000
201.988,-2.408903,-0.140189,-2.539629,-0.065465,-0.052360,0.000270,0.000000,0.000000,-16.000000,31.600000,-123.500000,156.600000,-2.408835,-0.140185,-2.539710,-0.065465,0.000000,0.000000,0.000000,0.000000
201.998,-2.408903,-0.140189,-2.539629,-0.065465,-0.052360,0.000270,0.000000,0.000000,-16.000000,31.600000,-123.500000,156.600000,-2.408835,-0.140185,-2.539710,-0.065465,0.000000,0.000000,0.000000,0.000000
202.008,-2.408903,-0.140189,-2.539629,-0.065465,-0.052360,0.000270,0.000000,0.000000,-16.000000,31.600000,-123.500000,156.600000,-2.408835,-0.140185,-2.539710,-0.065465,0.000000,0.000000,0.000000,0.000000
202.018,-2.408903,-0.140189,-2.539629,-0.065465,-0.052360,0.000270,0.000000,0.000000,-16.000000,31.600000,-123.500000,156.600000,-2.408835,-0.140185,-2.539710,-0.065465,0.000000,0.000000,0.000000,0.000000
205.588,-2.387959,-0.138132,-2.550799,-0.064704,0.000000,0.000000,0.000000,0.000000,-21.700000,14.700000,-8.700000,117.300000,-2.387965,-0.138133,-2.550771,-0.064704,0.000000,0.000000,0.000000,0.000000
205.598,-2.387959,-0.138132,-2.550799,-0.064704,0.000000,0.000000,0.000000,0.000000,-21.700000,14.700000,-8.700000,117.300000,-2.387965,-0.138133,-2.550771,-0.064704,0.000000,0.000000,0.000000,0.000000
205.608,-2.387959,-0.138132,-2.550799,-0.064704,0.000000,0.000000,0.000000,0.000000,-21.700000,14.700000,-8.700000,117.300000,-2.387965,-0.138133,-2.550771,-0.064704,0.000000,0.000000,0.000000,0.000000
205.618,-2.387959,-0.138132,-2.550799,-0.064704,0.000000,0.000000,0.000000,0.000000,-21.700000,14.700000,-8.700000,117.300000,-2.387965,-0.138133,-2.550771,-0.064704,0.000000,0.000000,0.000000,0.000000
206.088,-2.368237,-0.135973,-2.566158,-0.063883,0.005236,0.000000,0.000000,0.000000,-15.800000,67.700000,-128.900000,149.400000,-2.368117,-0.135973,-2.566273,-0.063883,0.000000,0.000000,0.000000,0.000000
206.098,-2.368237,-0.135973,-2.566158,-0.063883,0.005236,0.000000,0.000000,0.000000,-15.800000,67.700000,-128.900000,149.400000,-2.368117,-0.135973,-2.566273,-0.063883,0.000000,0.000000,0.000000,0.000000
206.108,-2.368237,-0.135973,-2.566158,-0.063883,0.005236,0.000000,0.000000,0.000000,-15.800000,67.700000,-128.900000,149.400000,-2.368117,-0.135973,-2.566273,-0.063883,0.000000,0.000000,0.000000,0.000000
206.118,-2.368237,-0.135973,-2.566158,-0.063883,0.005236,0.000000,0.000000,0.000000,-15.800000,67.700000,-128.900000,149.400000,-2.368117,-0.135973,-2.566273,-0.063883,0.000000,0.000000,0.000000,0.000000
206.588,-2.354973,-0.133724,-2.568776,-0.062875,0.015708,-0.000070,0.000000,0.000000,-15.200000,39.500000,-27.800000,155.400000,-2.355130,-0.133723,-2.568679,-0.062876,0.000000,0.000000,0.000000,0.000000
206.598,-2.354973,-0.133724,-2.568776,-0.062875,0.015708,-0.000070,0.000000,0.000000,-15.200000,39.500000,-27.800000,155.400000,-2.355130,-0.133723,-2.568679,-0.062876,0.000000,0.000000,0.000000,0.000000
206.608,-2.354973,-0.133724,-2.568776,-0.062875,0.015708,-0.000070,0.000000,0.000000,-15.200000,39.500000,-27.800000,155.400000,-2.355130,-0.133723,-2.568679,-0.062876,0.000000,0.000000,0.000000,0.000000
206.618,-2.354973,-0.133724,-2.568776,-0.062875,0.015708,-0.000070,0.000000,0.000000,-15.200000,39.500000,-27.800000,155.400000,-2.355130,-0.133723,-2.568679,-0.062876,0.000000,0.000000,0.000000,0.000000
207.088,-2.331411,-0.131595,-2.584484,-0.062039,0.054105,0.000000,0.000000,0.000000,-21.700000,38.400000,-73.900000,153.200000,-2.331467,-0.131595,-2.584618,-0.062040,0.000000,0.000000,0.000000,0.000000
207.098,-2.331411,-0.131595,-2.584484,-0.062039,0.054105,0.000000,0.000000,0.000000,-21.700000,38.400000,-73.900000,153.200000,-2.331467,-0.131595,-2.584618,-0.062040,0.000000,0.000000,0.000000,0.000000
207.108,-2.331411,-0.131595,-2.584484,-0.062039,0.054105,0.000000,0.000000,0.000000,-21.700000,38.400000,-73.900000,153.200000,-2.331467,-0.131595,-2.584618,-0.062040,0.000000,0.000000,0.000000,0.000000
207.118,-2.331411,-0.131595,-2.584484,-0.062039,0.054105,0.000000,0.000000,0.000000,-21.700000,38.400000,-73.900000,153.200000,-2.331467,-0.131595,-2.584618,-0.062040,0.000000,0.000000,0.000000,0.000000
207.587,-2.317972,-0.129571,-2.588672,-0.061026,-0.017453,0.000040,0.000000,0.000000,-20.000000,42.700000,22.500000,164.200000,-2.318007,-0.129572,-2.588366,-0.061027,0.000000,0.000000,0.000000,0.000000
207.598,-2.317972,-0.129571,-2.588672,-0.061026,-0.017453,0.000040,0.000000,0.000000,-20.000000,42.700000,22.500000,164.200000,-2.318007,-0.129572,-2.588366,-0.061027,0.000000,0.000000,0.000000,0.000000
207.608,-2.317972,-0.129571,-2.588672,-0.061026,-0.017453,0.000040,0.000000,0.000000,-20.000000,42.700000,22.500000,164.200000,-2.318007,-0.129572,-2.588366,-0.061027,0.000000,0.000000,0.000000,0.000000
207.618,-2.317972,-0.129571,-2.588672,-0.061026,-0.017453,0.000040,0.000000,0.000000,-20.000000,42.700000,22.500000,164.200000,-2.318007,-0.129572,-2.588366,-0.061027,0.000000,0.000000,0.000000,0.000000
208.087,-2.305580,-0.127538,-2.595828,-0.060067,0.008727,0.000000,0.000000,0.000000,-13.800000,62.100000,-55.300000,147.700000,-2.305746,-0.127538,-2.595937,-0.060067,0.000000,0.000000,0.000000,0.000000
208.097,-2.305580,-0.127538,-2.595828,-0.060067,0.008727,0.000000,0.000000,0.000000,-13.800000,62.100000,-55.300000,147.700000,-2.305746,-0.127538,-2.595937,-0.060067,0.000000,0.000000,0.000000,0.000000
208.108,-2.305580,-0.127538,-2.595828,-0.060067,0.008727,0.000000,0.000000,0.000000,-13.800000,62.100000,-55.300000,147.700000,-2.305746,-0.127538,-2.595937,-0.060067,0.000000,0.000000,0.000000,0.000000
208.118,-2.305580,-0.127538,-2.595828,-0.060067,0.008727,0.000000,0.000000,0.000000,-13.800000,62.100000,-55.300000,147.700000,-2.305746,-0.127538,-2.595937,-0.060067,0.000000,0.000000,0.000000,0.000000
208.591,-2.285509,-0.125308,-2.610489,-0.059166,-0.059341,0.000030,0.000000,0.000000,-19.000000,66.100000,-92.000000,142.100000,-2.285367,-0.125308,-2.610324,-0.059168,0.000000,0.000000,0.000000,0.000000
208.601,-2.285509,-0.125308,-2.610489,-0.059166,-0.059341,0.000030,0.000000,0.000000,-19.000000,66.100000,-92.000000,142.100000,-2.285367,-0.125308,-2.610324,-0.059168,0.000000,0.000000,0.000000,0.000000
208.613,-2.285509,-0.125308,-2.610489,-0.059166,-0.059341,0.000030,0.000000,0.000000,-19.000000,66.100000,-92.000000,142.100000,-2.285367,-0.125308,-2.610324,-0.059168,0.000000,0.000000,0.000000,0.000000
208.623,-2.285509,-0.125308,-2.610489,-0.059166,-0.059341,0.000030,0.000000,0.000000,-19.000000,66.100000,-92.000000,142.100000,-2.285367,-0.125308,-2.610324,-0.059168,0.000000,0.000000,0.000000,0.000000
209.088,-2.266485,-0.123260,-2.621485,-0.058393,0.020944,0.000050,0.000000,0.000000,-17.900000,49.500000,-73.700000,128.800000,-2.266624,-0.123260,-2.621428,-0.058393,0.000000,0.000000,0.000000,0.000000
209.098,-2.266485,-0.123260,-2.621485,-0.058393,0.020944,0.000050,0.000000,0.000000,-17.900000,49.500000,-73.700000,128.800000,-2.266624,-0.123260,-2.621428,-0.058393,0.000000,0.000000,0.000000,0.000000
209.108,-2.266485,-0.123260,-2.621485,-0.058393,0.020944,0.000050,0.000000,0.000000,-17.900000,49.500000,-73.700000,128.800000,-2.266624,-0.123260,-2.621428,-0.058393,0.000000,0.000000,0.000000,0.000000
209.118,-2.266485,-0.123260,-2.621485,-0.058393,0.020944,0.000050,0.000000,0.000000,-17.900000,49.500000,-73.700000,128.800000,-2.266624,-0.123260,-2.621428,-0.058393,0.000000,0.000000,0.000000,0.000000
209.588,-2.244144,-0.121133,-2.638938,-0.057572,-0.054105,0.000010,0.000000,0.000000,-16.700000,39.100000,-97.100000,116.900000,-2.244082,-0.121132,-2.638985,-0.057572,0.000000,0.000000,0.000000,0.000000
209.598,-2.244144,-0.121133,-2.638938,-0.057572,-0.054105,0.000010,0.000000,0.000000,-16.700000,39.100000,-97.100000,116.900000,-2.244082,-0.121132,-2.638985,-0.057572,0.000000,0.000000,0.000000,0.000000
209.608,-2.244144,-0.121133,-2.638938,-0.057572,-0.054105,0.000010,0.000000,0.000000,-16.700000,39.100000,-97.100000,116.900000,-2.244082,-0.121132,-2.638985,-0.057572,0.000000,0.000000,0.000000,0.000000
209.618,-2.244144,-0.121133,-2.638938,-0.057572,-0.054105,0.000010,0.000000,0.000000,-16.700000,39.100000,-97.100000,116.900000,-2.244082,-0.121132,-2.638985,-0.057572,0.000000,0.000000,0.000000,0.000000
210.087,-2.231578,-0.118619,-2.642778,-0.056385,0.005236,0.000040,0.000000,0.000000,-16.800000,43.400000,-62.900000,127.400000,-2.212839,-0.116589,-2.657538,-0.055661,0.000000,0.000000,0.000000,0.000000
210.098,-2.231578,-0.118619,-2.642778,-0.056385,0.005236,0.000040,0.000000,0.000000,-16.800000,43.400000,-62.900000,127.400000,-2.212839,-0.116589,-2.657538,-0.055661,0.000000,0.000000,0.000000,0.000000
210.108,-2.231578,-0.118619,-2.642778,-0.056385,0.005236,0.000040,0.000000,0.000000,-16.800000,43.400000,-62.900000,127.400000,-2.212839,-0.116589,-2.657538,-0.055661,0.000000,0.000000,0.000000,0.000000
210.118,-2.231578,-0.118619,-2.642778,-0.056385,0.005236,0.000040,0.000000,0.000000,-16.800000,43.400000,-62.900000,127.400000,-2.212839,-0.116589,-2.657538,-0.055661,0.000000,0.000000,0.000000,0.000000
213.587,-2.212728,-0.116589,-2.657613,-0.055661,0.000000,-0.000050,0.000000,0.000000,-18.100000,24.100000,21.500000,102.100000,-2.193453,-0.114552,-2.676776,-0.054937,0.000000,0.000000,0.000000,0.000000
213.597,-2.212728,-0.116589,-2.657613,-0.055661,0.000000,-0.000050,0.000000,0.000000,-18.100000,24.100000,21.500000,102.100000,-2.193453,-0.114552,-2.676776,-0.054937,0.000000,0.000000,0.000000,0.000000
213.607,-2.212728,-0.116589,-2.657613,-0.055661,0.000000,-0.000050,0.000000,0.000000,-18.100000,24.100000,21.500000,102.100000,-2.193453,-0.114552,-2.676776,-0.054937,0.000000,0.000000,0.000000,0.000000
213.618,-2.212728,-0.116589,-2.657613,-0.055661,0.000000,-0.000050,0.000000,0.000000,-18.100000,24.100000,21.500000,102.100000,-2.193453,-0.114552,-2.676776,-0.054937,0.000000,0.000000,0.000000,0.000000
214.387,-2.193530,-0.114552,-2.676462,-0.054937,0.012217,-0.000070,0.000000,0.000000,-12.200000,19.800000,9.400000,107.000000,-2.174067,-0.112515,-2.696015,-0.054214,0.000000,0.000000,0.000000,0.000000
214.397,-2.193530,-0.114552,-2.676462,-0.054937,0.012217,-0.000070,0.000000,0.000000,-12.200000,19.800000,9.400000,107.000000,-2.174067,-0.112515,-2.696015,-0.054214,0.000000,0.000000,0.000000,0.000000
214.407,-2.193530,-0.114552,-2.676462,-0.054937,0.012217,-0.000070,0.000000,0.000000,-12.200000,19.800000,9.400000,107.000000,-2.174067,-0.112515,-2.696015,-0.054214,0.000000,0.000000,0.000000,0.000000
214.418,-2.193530,-0.114552,-2.676462,-0.054937,0.012217,-0.000070,0.000000,0.000000,-12.200000,19.800000,9.400000,107.000000,-2.174067,-0.112515,-2.696015,-0.054214,0.000000,0.000000,0.000000,0.000000
214.888,-2.174157,-0.112515,-2.696185,-0.054213,-0.027925,0.000050,0.000000,0.000000,-19.600000,27.500000,-97.400000,146.200000,-2.174067,-0.112515,-2.696015,-0.054214,0.000000,0.000000,0.000000,0.000000
214.898,-2.174157,-0.112515,-2.696185,-0.054213,-0.027925,0.000050,0.000000,0.000000,-19.600000,27.500000,-97.400000,146.200000,-2.174067,-0.112515,-2.696015,-0.054214,0.000000,0.000000,0.000000,0.000000
214.909,-2.174157,-0.112515,-2.696185,-0.054213,-0.027925,0.000050,0.000000,0.000000,-19.600000,27.500000,-97.400000,146.200000,-2.174067,-0.112515,-2.696015,-0.054214,0.000000,0.000000,0.000000,0.000000
214.919,-2.174157,-0.112515,-2.696185,-0.054213,-0.027925,0.000050,0.000000,0.000000,-19.600000,27.500000,-97.400000,146.200000,-2.174067,-0.112515,-2.696015,-0.054214,0.000000,0.000000,0.000000,0.000000
215.388,-2.172411,-0.110522,-2.698977,-0.053158,0.019199,0.000000,0.000000,0.000000,-19.100000,26.800000,-79.900000,140.600000,-2.172714,-0.110522,-2.699052,-0.053158,0.000000,0.000000,0.000000,0.000000
215.398,-2.172411,-0.110522,-2.698977,-0.053158,0.019199,0.000000,0.000000,0.000000,-19.100000,26.800000,-79.900000,140.600000,-2.172714,-0.110522,-2.699052,-0.053158,0.000000,0.000000,0.000000,0.000000
215.408,-2.172411,-0.110522,-2.698977,-0.053158,0.019199,0.000000,0.000000,0.000000,-19.100000,26.800000,-79.900000,140.600000,-2.172714,-0.110522,-2.699052,-0.053158,0.000000,0.000000,0.000000,0.000000
215.418,-2.172411,-0.110522,-2.698977,-0.053158,0.019199,0.000000,0.000000,0.000000,-19.100000,26.800000,-79.900000,140.600000,-2.172714,-0.110522,-2.699052,-0.053158,0.000000,0.000000,0.000000,0.000000
218.888,-2.167873,-0.108001,-2.694439,-0.051917,0.000000,-0.000110,0.000000,0.000000,-22.500000,-0.200000,4.800000,126.800000,-2.168179,-0.108001,-2.694376,-0.051917,0.000000,0.000000,0.000000,0.000000
218.898,-2.167873,-0.108001,-2.694439,-0.051917,0.000000,-0.000110,0.000000,0.000000,-22.500000,-0.200000,4.800000,126.800000,-2.168179,-0.108001,-2.694376,-0.051917,0.000000,0.000000,0.000000,0.000000
218.908,-2.167873,-0.108001,-2.694439,-0.051917,0.000000,-0.000110,0.000000,0.000000,-22.500000,-0.200000,4.800000,126.800000,-2.168179,-0.108001,-2.694376,-0.051917,0.000000,0.000000,0.000000,0.000000
218.918,-2.167873,-0.108001,-2.694439,-0.051917,0.000000,-0.000110,0.000000,0.000000,-22.500000,-0.200000,4.800000,126.800000,-2.168179,-0.108001,-2.694376,-0.051917,0.000000,0.000000,0.000000,0.000000
222.388,-2.164383,-0.105870,-2.693916,-0.050865,-0.022689,0.000000,0.000000,0.000000,-20.200000,22.300000,-6.000000,100.500000,-2.164714,-0.105871,-2.694040,-0.050865,0.000000,0.000000,0.000000,0.000000
222.398,-2.164383,-0.105870,-2.693916,-0.050865,-0.022689,0.000000,0.000000,0.000000,-20.200000,22.300000,-6.000000,100.500000,-2.164714,-0.105871,-2.694040,-0.050865,0.000000,0.000000,0.000000,0.000000
222.408,-2.164383,-0.105870,-2.693916,-0.050865,-0.022689,0.000000,0.000000,0.000000,-20.200000,22.300000,-6.000000,100.500000,-2.164714,-0.105871,-2.694040,-0.050865,0.000000,0.000000,0.000000,0.000000
222.418,-2.164383,-0.105870,-2.693916,-0.050865,-0.022689,0.000000,0.000000,0.000000,-20.200000,22.300000,-6.000000,100.500000,-2.164714,-0.105871,-2.694040,-0.050865,0.000000,0.000000,0.000000,0.000000
222.888,-2.161241,-0.103741,-2.693392,-0.049813,-0.003491,0.000000,-0.001745,0.000000,-14.100000,34.400000,-45.200000,142.400000,-2.161249,-0.103740,-2.693704,-0.049813,0.000000,0.000000,0.000000,0.000000
222.898,-2.161241,-0.103741,-2.693392,-0.049813,-0.003491,0.000000,-0.001745,0.000000,-14.100000,34.400000,-45.200000,142.400000,-2.161249,-0.103740,-2.693704,-0.049813,0.000000,0.000000,0.000000,0.000000
222.908,-2.161241,-0.103741,-2.693392,-0.049813,-0.003491,0.000000,-0.001745,0.000000,-14.100000,34.400000,-45.200000,142.400000,-2.161249,-0.103740,-2.693704,-0.049813,0.000000,0.000000,0.000000,0.000000
222.918,-2.161241,-0.103741,-2.693392,-0.049813,-0.003491,0.000000,-0.001745,0.000000,-14.100000,34.400000,-45.200000,142.400000,-2.161249,-0.103740,-2.693704,-0.049813,0.000000,0.000000,0.000000,0.000000
223.388,-2.151642,-0.101638,-2.698104,-0.048866,-0.066323,0.000010,0.000000,0.000000,-11.000000,40.000000,-9.300000,119.900000,-2.151667,-0.101638,-2.698226,-0.048867,0.000000,0.000000,0.000000,0.000000
223.398,-2.151642,-0.101638,-2.698104,-0.048866,-0.066323,0.000010,0.000000,0.000000,-11.000000,40.000000,-9.300000,119.900000,-2.151667,-0.101638,-2.698226,-0.048867,0.000000,0.000000,0.000000,0.000000
223.408,-2.151642,-0.101638,-2.698104,-0.048866,-0.066323,0.000010,0.000000,0.000000,-11.000000,40.000000,-9.300000,119.900000,-2.151667,-0.101638,-2.698226,-0.048867,0.000000,0.000000,0.000000,0.000000
223.418,-2.151642,-0.101638,-2.698104,-0.048866,-0.066323,0.000010,0.000000,0.000000,-11.000000,40.000000,-9.300000,119.900000,-2.151667,-0.101638,-2.698226,-0.048867,0.000000,0.000000,0.000000,0.000000
223.887,-2.146580,-0.099436,-2.696185,-0.047774,-0.003491,0.000080,0.000000,0.000000,-6.200000,33.800000,-132.700000,110.800000,-2.141456,-0.097356,-2.696494,-0.046758,0.000000,0.000000,0.000000,0.000000
223.898,-2.146580,-0.099436,-2.696185,-0.047774,-0.003491,0.000080,0.000000,0.000000,-6.200000,33.800000,-132.700000,110.800000,-2.141456,-0.097356,-2.696494,-0.046758,0.000000,0.000000,0.000000,0.000000
223.908,-2.146580,-0.099436,-2.696185,-0.047774,-0.003491,0.000080,0.000000,0.000000,-6.200000,33.800000,-132.700000,110.800000,-2.141456,-0.097356,-2.696494,-0.046758,0.000000,0.000000,0.000000,0.000000
223.918,-2.146580,-0.099436,-2.696185,-0.047774,-0.003491,0.000080,0.000000,0.000000,-6.200000,33.800000,-132.700000,110.800000,-2.141456,-0.097356,-2.696494,-0.046758,0.000000,0.000000,0.000000,0.000000
224.388,-2.141519,-0.097357,-2.696534,-0.046757,0.031416,-0.000030,0.001745,0.000000,-12.600000,61.600000,114.300000,104.300000,-2.141456,-0.097356,-2.696494,-0.046758,0.000000,0.000000,0.000000,0.000000
224.398,-2.141519,-0.097357,-2.696534,-0.046757,0.031416,-0.000030,0.001745,0.000000,-12.600000,61.600000,114.300000,104.300000,-2.141456,-0.097356,-2.696494,-0.046758,0.000000,0.000000,0.000000,0.000000
224.408,-2.141519,-0.097357,-2.696534,-0.046757,0.031416,-0.000030,0.001745,0.000000,-12.600000,61.600000,114.300000,104.300000,-2.141456,-0.097356,-2.696494,-0.046758,0.000000,0.000000,0.000000,0.000000
224.418,-2.141519,-0.097357,-2.696534,-0.046757,0.031416,-0.000030,0.001745,0.000000,-12.600000,61.600000,114.300000,104.300000,-2.141456,-0.097356,-2.696494,-0.046758,0.000000,0.000000,0.000000,0.000000
224.888,-2.132094,-0.094958,-2.700373,-0.045596,-0.062832,0.000080,0.000000,0.000000,-5.100000,69.200000,-37.100000,115.900000,-2.132247,-0.094957,-2.700521,-0.045598,0.000000,0.000000,0.000000,0.000000
224.898,-2.132094,-0.094958,-2.700373,-0.045596,-0.062832,0.000080,0.000000,0.000000,-5.100000,69.200000,-37.100000,115.900000,-2.132247,-0.094957,-2.700521,-0.045598,0.000000,0.000000,0.000000,0.000000
224.908,-2.132094,-0.094958,-2.700373,-0.045596,-0.062832,0.000080,0.000000,0.000000,-5.100000,69.200000,-37.100000,115.900000,-2.132247,-0.094957,-2.700521,-0.045598,0.000000,0.000000,0.000000,0.000000
224.918,-2.132094,-0.094958,-2.700373,-0.045596,-0.062832,0.000080,0.000000,0.000000,-5.100000,69.200000,-37.100000,115.900000,-2.132247,-0.094957,-2.700521,-0.045598,0.000000,0.000000,0.000000,0.000000
225.387,-2.122669,-0.092628,-2.704737,-0.044453,0.010472,0.000040,0.000000,0.000000,-13.200000,45.800000,-30.800000,130.800000,-2.122806,-0.092628,-2.704716,-0.044453,0.000000,0.000000,0.000000,0.000000
225.398,-2.122669,-0.092628,-2.704737,-0.044453,0.010472,0.000040,0.000000,0.000000,-13.200000,45.800000,-30.800000,130.800000,-2.122806,-0.092628,-2.704716,-0.044453,0.000000,0.000000,0.000000,0.000000
225.408,-2.122669,-0.092628,-2.704737,-0.044453,0.010472,0.000040,0.000000,0.000000,-13.200000,45.800000,-30.800000,130.800000,-2.122806,-0.092628,-2.704716,-0.044453,0.000000,0.000000,0.000000,0.000000
225.418,-2.122669,-0.092628,-2.704737,-0.044453,0.010472,0.000040,0.000000,0.000000,-13.200000,45.800000,-30.800000,130.800000,-2.122806,-0.092628,-2.704716,-0.044453,0.000000,0.000000,0.000000,0.000000
225.887,-2.111499,-0.090258,-2.713812,-0.043238,-0.005236,0.000000,0.000000,0.000000,-14.000000,27.900000,-13.400000,120.200000,-2.111600,-0.090258,-2.713778,-0.043238,0.000000,0.000000,0.000000,0.000000
225.898,-2.111499,-0.090258,-2.713812,-0.043238,-0.005236,0.000000,0.000000,0.000000,-14.000000,27.900000,-13.400000,120.200000,-2.111600,-0.090258,-2.713778,-0.043238,0.000000,0.000000,0.000000,0.000000
225.908,-2.111499,-0.090258,-2.713812,-0.043238,-0.005236,0.000000,0.000000,0.000000,-14.000000,27.900000,-13.400000,120.200000,-2.111600,-0.090258,-2.713778,-0.043238,0.000000,0.000000,0.000000,0.000000
225.918,-2.111499,-0.090258,-2.713812,-0.043238,-0.005236,0.000000,0.000000,0.000000,-14.000000,27.900000,-13.400000,120.200000,-2.111600,-0.090258,-2.713778,-0.043238,0.000000,0.000000,0.000000,0.000000
226.387,-2.102075,-0.088196,-2.719048,-0.042278,0.022689,0.000040,0.000000,0.000000,-10.400000,40.700000,3.000000,120.900000,-2.102098,-0.088196,-2.718898,-0.042279,0.000000,0.000000,0.000000,0.000000
226.397,-2.102075,-0.088196,-2.719048,-0.042278,0.022689,0.000040,0.000000,0.000000,-10.400000,40.700000,3.000000,120.900000,-2.102098,-0.088196,-2.718898,-0.042279,0.000000,0.000000,0.000000,0.000000
226.408,-2.102075,-0.088196,-2.719048,-0.042278,0.022689,0.000040,0.000000,0.000000,-10.400000,40.700000,3.000000,120.900000,-2.102098,-0.088196,-2.718898,-0.042279,0.000000,0.000000,0.000000,0.000000
226.418,-2.102075,-0.088196,-2.719048,-0.042278,0.022689,0.000040,0.000000,0.000000,-10.400000,40.700000,3.000000,120.900000,-2.102098,-0.088196,-2.718898,-0.042279,0.000000,0.000000,0.000000,0.000000
229.987,-2.088461,-0.086084,-2.730917,-0.041234,-0.010472,0.000000,-0.001745,0.000000,-15.300000,22.400000,-23.300000,88.500000,-2.088793,-0.086086,-2.730840,-0.041235,0.000000,0.000000,0.000000,0.000000
229.997,-2.088461,-0.086084,-2.730917,-0.041234,-0.010472,0.000000,-0.001745,0.000000,-15.300000,22.400000,-23.300000,88.500000,-2.088793,-0.086086,-2.730840,-0.041235,0.000000,0.000000,0.000000,0.000000
230.007,-2.088461,-0.086084,-2.730917,-0.041234,-0.010472,0.000000,-0.001745,0.000000,-15.300000,22.400000,-23.300000,88.500000,-2.088793,-0.086086,-2.730840,-0.041235,0.000000,0.000000,0.000000,0.000000
230.018,-2.088461,-0.086084,-2.730917,-0.041234,-0.010472,0.000000,-0.001745,0.000000,-15.300000,22.400000,-23.300000,88.500000,-2.088793,-0.086086,-2.730840,-0.041235,0.000000,0.000000,0.000000,0.000000
230.387,-2.079909,-0.084015,-2.739643,-0.040305,0.020944,0.000030,0.000000,0.000000,-17.400000,49.000000,-125.800000,136.800000,-2.080076,-0.084010,-2.739713,-0.040306,0.000000,0.000000,0.000000,0.000000
230.398,-2.079909,-0.084015,-2.739643,-0.040305,0.020944,0.000030,0.000000,0.000000,-17.400000,49.000000,-125.800000,136.800000,-2.080076,-0.084010,-2.739713,-0.040306,0.000000,0.000000,0.000000,0.000000
230.408,-2.079909,-0.084015,-2.739643,-0.040305,0.020944,0.000030,0.000000,0.000000,-17.400000,49.000000,-125.800000,136.800000,-2.080076,-0.084010,-2.739713,-0.040306,0.000000,0.000000,0.000000,0.000000
230.418,-2.079909,-0.084015,-2.739643,-0.040305,0.020944,0.000030,0.000000,0.000000,-17.400000,49.000000,-125.800000,136.800000,-2.080076,-0.084010,-2.739713,-0.040306,0.000000,0.000000,0.000000,0.000000
230.887,-2.057394,-0.081935,-2.755875,-0.039532,0.000000,0.000030,0.000000,0.000000,-18.100000,23.100000,-83.900000,109.300000,-2.057424,-0.081934,-2.755943,-0.039533,0.000000,0.000000,0.000000,0.000000
230.898,-2.057394,-0.081935,-2.755875,-0.039532,0.000000,0.000030,0.000000,0.000000,-18.100000,23.100000,-83.900000,109.300000,-2.057424,-0.081934,-2.755943,-0.039533,0.000000,0.000000,0.000000,0.000000
230.908,-2.057394,-0.081935,-2.755875,-0.039532,0.000000,0.000030,0.000000,0.000000,-18.100000,23.100000,-83.900000,109.300000,-2.057424,-0.081934,-2.755943,-0.039533,0.000000,0.000000,0.000000,0.000000
230.918,-2.057394,-0.081935,-2.755875,-0.039532,0.000000,0.000030,0.000000,0.000000,-18.100000,23.100000,-83.900000,109.300000,-2.057424,-0.081934,-2.755943,-0.039533,0.000000,0.000000,0.000000,0.000000
231.387,-2.027374,-0.079929,-2.772106,-0.038672,0.001745,0.000040,0.000000,0.000000,-11.400000,27.200000,-18.400000,108.300000,-1.998556,-0.077940,-2.784871,-0.037766,0.000000,0.000000,0.000000,0.000000
231.407,-2.027374,-0.079929,-2.772106,-0.038672,0.001745,0.000040,0.000000,0.000000,-11.400000,27.200000,-18.400000,108.300000,-1.998556,-0.077940,-2.784871,-0.037766,0.000000,0.000000,0.000000,0.000000
231.417,-2.027374,-0.079929,-2.772106,-0.038672,0.001745,0.000040,0.000000,0.000000,-11.400000,27.200000,-18.400000,108.300000,-1.998556,-0.077940,-2.784871,-0.037766,0.000000,0.000000,0.000000,0.000000
231.427,-2.027374,-0.079929,-2.772106,-0.038672,0.001745,0.000040,0.000000,0.000000,-11.400000,27.200000,-18.400000,108.300000,-1.998556,-0.077940,-2.784871,-0.037766,0.000000,0.000000,0.000000,0.000000
231.788,-1.998402,-0.077944,-2.785022,-0.037766,-0.031416,0.000020,0.000000,0.000000,-12.400000,54.100000,-60.300000,121.400000,-1.998556,-0.077940,-2.784871,-0.037766,0.000000,0.000000,0.000000,0.000000
231.798,-1.998402,-0.077944,-2.785022,-0.037766,-0.031416,0.000020,0.000000,0.000000,-12.400000,54.100000,-60.300000,121.400000,-1.998556,-0.077940,-2.784871,-0.037766,0.000000,0.000000,0.000000,0.000000
231.808,-1.998402,-0.077944,-2.785022,-0.037766,-0.031416,0.000020,0.000000,0.000000,-12.400000,54.100000,-60.300000,121.400000,-1.998556,-0.077940,-2.784871,-0.037766,0.000000,0.000000,0.000000,0.000000
231.818,-1.998402,-0.077944,-2.785022,-0.037766,-0.031416,0.000020,0.000000,0.000000,-12.400000,54.100000,-60.300000,121.400000,-1.998556,-0.077940,-2.784871,-0.037766,0.000000,0.000000,0.000000,0.000000
232.288,-1.963321,-0.075905,-2.791305,-0.036807,0.000000,-0.000020,0.000000,0.000000,-11.900000,74.500000,-61.100000,90.200000,-1.963295,-0.075905,-2.791151,-0.036808,0.000000,0.000000,0.000000,0.000000
232.298,-1.963321,-0.075905,-2.791305,-0.036807,0.000000,-0.000020,0.000000,0.000000,-11.900000,74.500000,-61.100000,90.200000,-1.963295,-0.075905,-2.791151,-0.036808,0.000000,0.000000,0.000000,0.000000
232.308,-1.963321,-0.075905,-2.791305,-0.036807,0.000000,-0.000020,0.000000,0.000000,-11.900000,74.500000,-61.100000,90.200000,-1.963295,-0.075905,-2.791151,-0.036808,0.000000,0.000000,0.000000,0.000000
232.318,-1.963321,-0.075905,-2.791305,-0.036807,0.000000,-0.000020,0.000000,0.000000,-11.900000,74.500000,-61.100000,90.200000,-1.963295,-0.075905,-2.791151,-0.036808,0.000000,0.000000,0.000000,0.000000
232.787,-1.919688,-0.073881,-2.781531,-0.035640,0.013963,0.000070,0.000000,0.000000,-16.300000,46.100000,89.500000,115.100000,-1.919764,-0.073881,-2.781541,-0.035641,0.000000,0.000000,0.000000,0.000000
232.798,-1.919688,-0.073881,-2.781531,-0.035640,0.013963,0.000070,0.000000,0.000000,-16.300000,46.100000,89.500000,115.100000,-1.919764,-0.073881,-2.781541,-0.035641,0.000000,0.000000,0.000000,0.000000
232.808,-1.919688,-0.073881,-2.781531,-0.035640,0.013963,0.000070,0.000000,0.000000,-16.300000,46.100000,89.500000,115.100000,-1.919764,-0.073881,-2.781541,-0.035641,0.000000,0.000000,0.000000,0.000000
232.818,-1.919688,-0.073881,-2.781531,-0.035640,0.013963,0.000070,0.000000,0.000000,-16.300000,46.100000,89.500000,115.100000,-1.919764,-0.073881,-2.781541,-0.035641,0.000000,0.000000,0.000000,0.000000
233.188,-1.888097,-0.071853,-2.758667,-0.034185,-0.013963,0.000010,0.000000,0.000020,-15.500000,9.800000,179.200000,144.500000,-1.888157,-0.071847,-2.758936,-0.034184,0.000000,0.000000,0.000000,0.000000
233.198,-1.888097,-0.071853,-2.758667,-0.034185,-0.013963,0.000010,0.000000,0.000020,-15.500000,9.800000,179.200000,144.500000,-1.888157,-0.071847,-2.758936,-0.034184,0.000000,0.000000,0.000000,0.000000
233.208,-1.888097,-0.071853,-2.758667,-0.034185,-0.013963,0.000010,0.000000,0.000020,-15.500000,9.800000,179.200000,144.500000,-1.888157,-0.071847,-2.758936,-0.034184,0.000000,0.000000,0.000000,0.000000
233.218,-1.888097,-0.071853,-2.758667,-0.034185,-0.013963,0.000010,0.000000,0.000020,-15.500000,9.800000,179.200000,144.500000,-1.888157,-0.071847,-2.758936,-0.034184,0.000000,0.000000,0.000000,0.000000
251.888,2.066819,-0.154835,2.066644,-0.071901,0.001745,0.000000,0.000000,0.000000,-14.000000,4.500000,30.900000,39.000000,2.066778,-0.154835,2.066778,-0.071901,0.000000,0.000000,0.000000,0.000000
251.898,2.066819,-0.154835,2.066644,-0.071901,0.001745,0.000000,0.000000,0.000000,-14.000000,4.500000,30.900000,39.000000,2.066778,-0.154835,2.066778,-0.071901,0.000000,0.000000,0.000000,0.000000
251.908,2.066819,-0.154835,2.066644,-0.071901,0.001745,0.000000,0.000000,0.000000,-14.000000,4.500000,30.900000,39.000000,2.066778,-0.154835,2.066778,-0.071901,0.000000,0.000000,0.000000,0.000000
251.919,2.066819,-0.154835,2.066644,-0.071901,0.001745,0.000000,0.000000,0.000000,-14.000000,4.500000,30.900000,39.000000,2.066778,-0.154835,2.066778,-0.071901,0.000000,0.000000,0.000000,0.000000
255.888,2.092999,-0.152759,2.025804,-0.071259,0.017453,0.000000,0.000000,0.000000,-10.100000,22.400000,74.800000,77.700000,2.093042,-0.152758,2.025710,-0.071259,0.000000,0.000000,0.000000,0.000000
255.898,2.092999,-0.152759,2.025804,-0.071259,0.017453,0.000000,0.000000,0.000000,-10.100000,22.400000,74.800000,77.700000,2.093042,-0.152758,2.025710,-0.071259,0.000000,0.000000,0.000000,0.000000
255.908,2.092999,-0.152759,2.025804,-0.071259,0.017453,0.000000,0.000000,0.000000,-10.100000,22.400000,74.800000,77.700000,2.093042,-0.152758,2.025710,-0.071259,0.000000,0.000000,0.000000,0.000000
255.918,2.092999,-0.152759,2.025804,-0.071259,0.017453,0.000000,0.000000,0.000000,-10.100000,22.400000,74.800000,77.700000,2.093042,-0.152758,2.025710,-0.071259,0.000000,0.000000,0.000000,0.000000
259.388,2.120750,-0.150718,1.988454,-0.070626,0.001745,-0.000050,0.000000,0.000000,-11.700000,10.400000,40.800000,115.100000,2.120759,-0.150719,1.988603,-0.070627,0.000000,0.000000,0.000000,0.000000
259.398,2.120750,-0.150718,1.988454,-0.070626,0.001745,-0.000050,0.000000,0.000000,-11.700000,10.400000,40.800000,115.100000,2.120759,-0.150719,1.988603,-0.070627,0.000000,0.000000,0.000000,0.000000
259.408,2.120750,-0.150718,1.988454,-0.070626,0.001745,-0.000050,0.000000,0.000000,-11.700000,10.400000,40.800000,115.100000,2.120759,-0.150719,1.988603,-0.070627,0.000000,0.000000,0.000000,0.000000
259.418,2.120750,-0.150718,1.988454,-0.070626,0.001745,-0.000050,0.000000,0.000000,-11.700000,10.400000,40.800000,115.100000,2.120759,-0.150719,1.988603,-0.070627,0.000000,0.000000,0.000000,0.000000
260.287,2.148151,-0.148679,1.951453,-0.069994,0.012217,0.000000,0.000000,0.000000,-9.100000,21.300000,63.100000,119.400000,2.087663,-0.146617,1.980485,-0.069085,0.000000,0.000000,0.000000,0.000000
260.297,2.148151,-0.148679,1.951453,-0.069994,0.012217,0.000000,0.000000,0.000000,-9.100000,21.300000,63.100000,119.400000,2.087663,-0.146617,1.980485,-0.069085,0.000000,0.000000,0.000000,0.000000
260.308,2.148151,-0.148679,1.951453,-0.069994,0.012217,0.000000,0.000000,0.000000,-9.100000,21.300000,63.100000,119.400000,2.087663,-0.146617,1.980485,-0.069085,0.000000,0.000000,0.000000,0.000000
260.318,2.148151,-0.148679,1.951453,-0.069994,0.012217,0.000000,0.000000,0.000000,-9.100000,21.300000,63.100000,119.400000,2.087663,-0.146617,1.980485,-0.069085,0.000000,0.000000,0.000000,0.000000
261.188,2.087588,-0.146616,1.980425,-0.069085,-0.006981,0.000010,0.000000,0.000000,-16.000000,39.000000,90.000000,117.900000,2.087663,-0.146617,1.980485,-0.069085,0.000000,0.000000,0.000000,0.000000
261.198,2.087588,-0.146616,1.980425,-0.069085,-0.006981,0.000010,0.000000,0.000000,-16.000000,39.000000,90.000000,117.900000,2.087663,-0.146617,1.980485,-0.069085,0.000000,0.000000,0.000000,0.000000
261.208,2.087588,-0.146616,1.980425,-0.069085,-0.006981,0.000010,0.000000,0.000000,-16.000000,39.000000,90.000000,117.900000,2.087663,-0.146617,1.980485,-0.069085,0.000000,0.000000,0.000000,0.000000
261.218,2.087588,-0.146616,1.980425,-0.069085,-0.006981,0.000010,0.000000,0.000000,-16.000000,39.000000,90.000000,117.900000,2.087663,-0.146617,1.980485,-0.069085,0.000000,0.000000,0.000000,0.000000
262.191,2.024931,-0.144585,2.002940,-0.068077,0.000000,0.000000,0.000000,0.000000,-18.600000,24.200000,11.700000,124.300000,2.024943,-0.144585,2.003067,-0.068077,0.000000,0.000000,0.000000,0.000000
262.201,2.024931,-0.144585,2.002940,-0.068077,0.000000,0.000000,0.000000,0.000000,-18.600000,24.200000,11.700000,124.300000,2.024943,-0.144585,2.003067,-0.068077,0.000000,0.000000,0.000000,0.000000
262.214,2.024931,-0.144585,2.002940,-0.068077,0.000000,0.000000,0.000000,0.000000,-18.600000,24.200000,11.700000,124.300000,2.024943,-0.144585,2.003067,-0.068077,0.000000,0.000000,0.000000,0.000000
262.224,2.024931,-0.144585,2.002940,-0.068077,0.000000,0.000000,0.000000,0.000000,-18.600000,24.200000,11.700000,124.300000,2.024943,-0.144585,2.003067,-0.068077,0.000000,0.000000,0.000000,0.000000
265.688,1.955467,-0.142544,2.028073,-0.067131,0.000000,-0.000020,0.000000,0.000000,-14.900000,20.000000,-3.100000,134.500000,1.955534,-0.142545,2.028414,-0.067131,0.000000,0.000000,0.000000,0.000000
265.698,1.955467,-0.142544,2.028073,-0.067131,0.000000,-0.000020,0.000000,0.000000,-14.900000,20.000000,-3.100000,134.500000,1.955534,-0.142545,2.028414,-0.067131,0.000000,0.000000,0.000000,0.000000
265.708,1.955467,-0.142544,2.028073,-0.067131,0.000000,-0.000020,0.000000,0.000000,-14.900000,20.000000,-3.100000,134.500000,1.955534,-0.142545,2.028414,-0.067131,0.000000,0.000000,0.000000,0.000000
265.718,1.955467,-0.142544,2.028073,-0.067131,0.000000,-0.000020,0.000000,0.000000,-14.900000,20.000000,-3.100000,134.500000,1.955534,-0.142545,2.028414,-0.067131,0.000000,0.000000,0.000000,0.000000
269.188,1.889493,-0.140543,2.050238,-0.066200,0.000000,-0.000030,0.000000,0.000000,-17.500000,20.400000,54.000000,86.300000,1.889548,-0.140544,2.050275,-0.066200,0.000000,0.000000,0.000000,0.000000
269.198,1.889493,-0.140543,2.050238,-0.066200,0.000000,-0.000030,0.000000,0.000000,-17.500000,20.400000,54.000000,86.300000,1.889548,-0.140544,2.050275,-0.066200,0.000000,0.000000,0.000000,0.000000
269.208,1.889493,-0.140543,2.050238,-0.066200,0.000000,-0.000030,0.000000,0.000000,-17.500000,20.400000,54.000000,86.300000,1.889548,-0.140544,2.050275,-0.066200,0.000000,0.000000,0.000000,0.000000
269.218,1.889493,-0.140543,2.050238,-0.066200,0.000000,-0.000030,0.000000,0.000000,-17.500000,20.400000,54.000000,86.300000,1.889548,-0.140544,2.050275,-0.066200,0.000000,0.000000,0.000000,0.000000
272.587,1.823520,-0.138542,2.072055,-0.065268,0.000000,0.000040,0.000000,0.000000,-21.200000,27.300000,5.200000,134.000000,1.757577,-0.136541,2.093997,-0.064337,0.000000,0.000000,0.000000,0.000000
272.597,1.823520,-0.138542,2.072055,-0.065268,0.000000,0.000040,0.000000,0.000000,-21.200000,27.300000,5.200000,134.000000,1.757577,-0.136541,2.093997,-0.064337,0.000000,0.000000,0.000000,0.000000
272.607,1.823520,-0.138542,2.072055,-0.065268,0.000000,0.000040,0.000000,0.000000,-21.200000,27.300000,5.200000,134.000000,1.757577,-0.136541,2.093997,-0.064337,0.000000,0.000000,0.000000,0.000000
272.618,1.823520,-0.138542,2.072055,-0.065268,0.000000,0.000040,0.000000,0.000000,-21.200000,27.300000,5.200000,134.000000,1.757577,-0.136541,2.093997,-0.064337,0.000000,0.000000,0.000000,0.000000
272.988,1.757721,-0.136545,2.094046,-0.064337,-0.005236,0.000210,0.000000,0.000000,-22.500000,80.500000,136.400000,168.800000,1.757577,-0.136541,2.093997,-0.064337,0.000000,0.000000,0.000000,0.000000
272.998,1.757721,-0.136545,2.094046,-0.064337,-0.005236,0.000210,0.000000,0.000000,-22.500000,80.500000,136.400000,168.800000,1.757577,-0.136541,2.093997,-0.064337,0.000000,0.000000,0.000000,0.000000
273.008,1.757721,-0.136545,2.094046,-0.064337,-0.005236,0.000210,0.000000,0.000000,-22.500000,80.500000,136.400000,168.800000,1.757577,-0.136541,2.093997,-0.064337,0.000000,0.000000,0.000000,0.000000
273.018,1.757721,-0.136545,2.094046,-0.064337,-0.005236,0.000210,0.000000,0.000000,-22.500000,80.500000,136.400000,168.800000,1.757577,-0.136541,2.093997,-0.064337,0.000000,0.000000,0.000000,0.000000
276.488,1.700823,-0.134500,2.117084,-0.063382,-0.013963,0.000050,0.000000,0.000000,-21.100000,24.200000,82.500000,121.800000,1.700963,-0.134501,2.117093,-0.063383,0.000000,0.000000,0.000000,0.000000
276.498,1.700823,-0.134500,2.117084,-0.063382,-0.013963,0.000050,0.000000,0.000000,-21.100000,24.200000,82.500000,121.800000,1.700963,-0.134501,2.117093,-0.063383,0.000000,0.000000,0.000000,0.000000
276.508,1.700823,-0.134500,2.117084,-0.063382,-0.013963,0.000050,0.000000,0.000000,-21.100000,24.200000,82.500000,121.800000,1.700963,-0.134501,2.117093,-0.063383,0.000000,0.000000,0.000000,0.000000
276.518,1.700823,-0.134500,2.117084,-0.063382,-0.013963,0.000050,0.000000,0.000000,-21.100000,24.200000,82.500000,121.800000,1.700963,-0.134501,2.117093,-0.063383,0.000000,0.000000,0.000000,0.000000
276.987,1.641308,-0.132474,2.144486,-0.062432,-0.026180,0.000020,0.000000,0.000000,-11.300000,39.100000,88.100000,145.800000,1.641654,-0.132474,2.144402,-0.062432,0.000000,0.000000,0.000000,0.000000
276.998,1.641308,-0.132474,2.144486,-0.062432,-0.026180,0.000020,0.000000,0.000000,-11.300000,39.100000,88.100000,145.800000,1.641654,-0.132474,2.144402,-0.062432,0.000000,0.000000,0.000000,0.000000
277.008,1.641308,-0.132474,2.144486,-0.062432,-0.026180,0.000020,0.000000,0.000000,-11.300000,39.100000,88.100000,145.800000,1.641654,-0.132474,2.144402,-0.062432,0.000000,0.000000,0.000000,0.000000
277.018,1.641308,-0.132474,2.144486,-0.062432,-0.026180,0.000020,0.000000,0.000000,-11.300000,39.100000,88.100000,145.800000,1.641654,-0.132474,2.144402,-0.062432,0.000000,0.000000,0.000000,0.000000
280.787,1.582490,-0.130451,2.166303,-0.061433,0.003491,-0.000090,0.000000,0.000000,-17.700000,18.700000,82.000000,97.600000,1.523161,-0.128431,2.193044,-0.060426,0.000000,0.000000,0.000000,0.000000
280.798,1.582490,-0.130451,2.166303,-0.061433,0.003491,-0.000090,0.000000,0.000000,-17.700000,18.700000,82.000000,97.600000,1.523161,-0.128431,2.193044,-0.060426,0.000000,0.000000,0.000000,0.000000
280.808,1.582490,-0.130451,2.166303,-0.061433,0.003491,-0.000090,0.000000,0.000000,-17.700000,18.700000,82.000000,97.600000,1.523161,-0.128431,2.193044,-0.060426,0.000000,0.000000,0.000000,0.000000
280.818,1.582490,-0.130451,2.166303,-0.061433,0.003491,-0.000090,0.000000,0.000000,-17.700000,18.700000,82.000000,97.600000,1.523161,-0.128431,2.193044,-0.060426,0.000000,0.000000,0.000000,0.000000
284.788,1.523149,-0.128430,2.193006,-0.060426,0.000000,0.000100,0.000000,0.000000,-16.700000,28.000000,37.300000,107.500000,1.523161,-0.128431,2.193044,-0.060426,0.000000,0.000000,0.000000,0.000000
284.798,1.523149,-0.128430,2.193006,-0.060426,0.000000,0.000100,0.000000,0.000000,-16.700000,28.000000,37.300000,107.500000,1.523161,-0.128431,2.193044,-0.060426,0.000000,0.000000,0.000000,0.000000
284.808,1.523149,-0.128430,2.193006,-0.060426,0.000000,0.000100,0.000000,0.000000,-16.700000,28.000000,37.300000,107.500000,1.523161,-0.128431,2.193044,-0.060426,0.000000,0.000000,0.000000,0.000000
284.819,1.523149,-0.128430,2.193006,-0.060426,0.000000,0.000100,0.000000,0.000000,-16.700000,28.000000,37.300000,107.500000,1.523161,-0.128431,2.193044,-0.060426,0.000000,0.000000,0.000000,0.000000
285.688,1.463459,-0.126409,2.219535,-0.059419,-0.012217,-0.000070,-0.001745,0.000000,-14.600000,32.100000,-85.300000,102.700000,1.463541,-0.126409,2.219666,-0.059419,0.000000,0.000000,0.000000,0.000000
285.698,1.463459,-0.126409,2.219535,-0.059419,-0.012217,-0.000070,-0.001745,0.000000,-14.600000,32.100000,-85.300000,102.700000,1.463541,-0.126409,2.219666,-0.059419,0.000000,0.000000,0.000000,0.000000
285.708,1.463459,-0.126409,2.219535,-0.059419,-0.012217,-0.000070,-0.001745,0.000000,-14.600000,32.100000,-85.300000,102.700000,1.463541,-0.126409,2.219666,-0.059419,0.000000,0.000000,0.000000,0.000000
285.718,1.463459,-0.126409,2.219535,-0.059419,-0.012217,-0.000070,-0.001745,0.000000,-14.600000,32.100000,-85.300000,102.700000,1.463541,-0.126409,2.219666,-0.059419,0.000000,0.000000,0.000000,0.000000
289.288,1.409702,-0.124388,2.258456,-0.058556,-0.029671,0.000010,0.000000,0.000000,-18.800000,23.400000,16.000000,98.800000,1.409852,-0.124388,2.258720,-0.058556,0.000000,0.000000,0.000000,0.000000
289.298,1.409702,-0.124388,2.258456,-0.058556,-0.029671,0.000010,0.000000,0.000000,-18.800000,23.400000,16.000000,98.800000,1.409852,-0.124388,2.258720,-0.058556,0.000000,0.000000,0.000000,0.000000
289.308,1.409702,-0.124388,2.258456,-0.058556,-0.029671,0.000010,0.000000,0.000000,-18.800000,23.400000,16.000000,98.800000,1.409852,-0.124388,2.258720,-0.058556,0.000000,0.000000,0.000000,0.000000
289.318,1.409702,-0.124388,2.258456,-0.058556,-0.029671,0.000010,0.000000,0.000000,-18.800000,23.400000,16.000000,98.800000,1.409852,-0.124388,2.258720,-0.058556,0.000000,0.000000,0.000000,0.000000
289.787,1.356993,-0.122358,2.293537,-0.057695,-0.020944,0.000070,0.000000,0.000000,-21.600000,33.900000,89.300000,102.400000,1.300587,-0.120333,2.325554,-0.056804,0.000000,0.000000,0.000000,0.000000
289.797,1.356993,-0.122358,2.293537,-0.057695,-0.020944,0.000070,0.000000,0.000000,-21.600000,33.900000,89.300000,102.400000,1.300587,-0.120333,2.325554,-0.056804,0.000000,0.000000,0.000000,0.000000
289.808,1.356993,-0.122358,2.293537,-0.057695,-0.020944,0.000070,0.000000,0.000000,-21.600000,33.900000,89.300000,102.400000,1.300587,-0.120333,2.325554,-0.056804,0.000000,0.000000,0.000000,0.000000
289.818,1.356993,-0.122358,2.293537,-0.057695,-0.020944,0.000070,0.000000,0.000000,-21.600000,33.900000,89.300000,102.400000,1.300587,-0.120333,2.325554,-0.056804,0.000000,0.000000,0.000000,0.000000
290.388,1.300270,-0.120332,2.325477,-0.056804,0.000000,-0.000060,0.000000,0.000000,-23.000000,33.400000,-31.600000,94.600000,1.300587,-0.120333,2.325554,-0.056804,0.000000,0.000000,0.000000,0.000000
290.398,1.300270,-0.120332,2.325477,-0.056804,0.000000,-0.000060,0.000000,0.000000,-23.000000,33.400000,-31.600000,94.600000,1.300587,-0.120333,2.325554,-0.056804,0.000000,0.000000,0.000000,0.000000
290.408,1.300270,-0.120332,2.325477,-0.056804,0.000000,-0.000060,0.000000,0.000000,-23.000000,33.400000,-31.600000,94.600000,1.300587,-0.120333,2.325554,-0.056804,0.000000,0.000000,0.000000,0.000000
290.418,1.300270,-0.120332,2.325477,-0.056804,0.000000,-0.000060,0.000000,0.000000,-23.000000,33.400000,-31.600000,94.600000,1.300587,-0.120333,2.325554,-0.056804,0.000000,0.000000,0.000000,0.000000
290.892,1.248434,-0.118304,2.363699,-0.055955,-0.006981,0.000000,0.000000,0.000000,-21.800000,38.400000,5.500000,103.400000,1.197676,-0.116305,2.393954,-0.055102,0.000000,0.000000,0.000000,0.000000
290.907,1.248434,-0.118304,2.363699,-0.055955,-0.006981,0.000000,0.000000,0.000000,-21.800000,38.400000,5.500000,103.400000,1.197676,-0.116305,2.393954,-0.055102,0.000000,0.000000,0.000000,0.000000
290.917,1.248434,-0.118304,2.363699,-0.055955,-0.006981,0.000000,0.000000,0.000000,-21.800000,38.400000,5.500000,103.400000,1.197676,-0.116305,2.393954,-0.055102,0.000000,0.000000,0.000000,0.000000
290.927,1.248434,-0.118304,2.363699,-0.055955,-0.006981,0.000000,0.000000,0.000000,-21.800000,38.400000,5.500000,103.400000,1.197676,-0.116305,2.393954,-0.055102,0.000000,0.000000,0.000000,0.000000
291.388,1.197645,-0.116305,2.393894,-0.055102,0.024435,0.000070,-0.001745,0.000000,-17.500000,72.200000,-77.700000,135.500000,1.197676,-0.116305,2.393954,-0.055102,0.000000,0.000000,0.000000,0.000000
291.398,1.197645,-0.116305,2.393894,-0.055102,0.024435,0.000070,-0.001745,0.000000,-17.500000,72.200000,-77.700000,135.500000,1.197676,-0.116305,2.393954,-0.055102,0.000000,0.000000,0.000000,0.000000
291.408,1.197645,-0.116305,2.393894,-0.055102,0.024435,0.000070,-0.001745,0.000000,-17.500000,72.200000,-77.700000,135.500000,1.197676,-0.116305,2.393954,-0.055102,0.000000,0.000000,0.000000,0.000000
291.418,1.197645,-0.116305,2.393894,-0.055102,0.024435,0.000070,-0.001745,0.000000,-17.500000,72.200000,-77.700000,135.500000,1.197676,-0.116305,2.393954,-0.055102,0.000000,0.000000,0.000000,0.000000
294.887,1.154884,-0.114287,2.434385,-0.054424,0.000000,0.000000,0.000000,0.000000,-19.100000,32.100000,66.800000,110.700000,1.154976,-0.114289,2.434693,-0.054424,0.000000,0.000000,0.000000,0.000000
294.898,1.154884,-0.114287,2.434385,-0.054424,0.000000,0.000000,0.000000,0.000000,-19.100000,32.100000,66.800000,110.700000,1.154976,-0.114289,2.434693,-0.054424,0.000000,0.000000,0.000000,0.000000
294.908,1.154884,-0.114287,2.434385,-0.054424,0.000000,0.000000,0.000000,0.000000,-19.100000,32.100000,66.800000,110.700000,1.154976,-0.114289,2.434693,-0.054424,0.000000,0.000000,0.000000,0.000000
294.918,1.154884,-0.114287,2.434385,-0.054424,0.000000,0.000000,0.000000,0.000000,-19.100000,32.100000,66.800000,110.700000,1.154976,-0.114289,2.434693,-0.054424,0.000000,0.000000,0.000000,0.000000
298.888,1.113346,-0.112247,2.479415,-0.053743,-0.015708,0.000000,0.000000,0.000000,-19.700000,22.600000,35.900000,101.400000,1.113501,-0.112247,2.479533,-0.053744,0.000000,0.000000,0.000000,0.000000
298.898,1.113346,-0.112247,2.479415,-0.053743,-0.015708,0.000000,0.000000,0.000000,-19.700000,22.600000,35.900000,101.400000,1.113501,-0.112247,2.479533,-0.053744,0.000000,0.000000,0.000000,0.000000
298.908,1.113346,-0.112247,2.479415,-0.053743,-0.015708,0.000000,0.000000,0.000000,-19.700000,22.600000,35.900000,101.400000,1.113501,-0.112247,2.479533,-0.053744,0.000000,0.000000,0.000000,0.000000
298.918,1.113346,-0.112247,2.479415,-0.053743,-0.015708,0.000000,0.000000,0.000000,-19.700000,22.600000,35.900000,101.400000,1.113501,-0.112247,2.479533,-0.053744,0.000000,0.000000,0.000000,0.000000
299.287,1.071981,-0.110210,2.524444,-0.053065,-0.010472,0.000060,0.000000,0.000000,-19.300000,44.300000,157.300000,139.700000,1.021613,-0.108209,2.553860,-0.052223,0.000000,0.000000,0.000000,0.000000
299.297,1.071981,-0.110210,2.524444,-0.053065,-0.010472,0.000060,0.000000,0.000000,-19.300000,44.300000,157.300000,139.700000,1.021613,-0.108209,2.553860,-0.052223,0.000000,0.000000,0.000000,0.000000
299.308,1.071981,-0.110210,2.524444,-0.053065,-0.010472,0.000060,0.000000,0.000000,-19.300000,44.300000,157.300000,139.700000,1.021613,-0.108209,2.553860,-0.052223,0.000000,0.000000,0.000000,0.000000
299.318,1.071981,-0.110210,2.524444,-0.053065,-0.010472,0.000060,0.000000,0.000000,-19.300000,44.300000,157.300000,139.700000,1.021613,-0.108209,2.553860,-0.052223,0.000000,0.000000,0.000000,0.000000
303.087,1.021367,-0.108209,2.553940,-0.052221,0.000000,0.000000,0.000000,0.000000,-24.700000,27.000000,19.200000,113.300000,0.970629,-0.106192,2.587493,-0.051385,0.000000,0.000000,0.000000,0.000000
303.098,1.021367,-0.108209,2.553940,-0.052221,0.000000,0.000000,0.000000,0.000000,-24.700000,27.000000,19.200000,113.300000,0.970629,-0.106192,2.587493,-0.051385,0.000000,0.000000,0.000000,0.000000
303.108,1.021367,-0.108209,2.553940,-0.052221,0.000000,0.000000,0.000000,0.000000,-24.700000,27.000000,19.200000,113.300000,0.970629,-0.106192,2.587493,-0.051385,0.000000,0.000000,0.000000,0.000000
303.118,1.021367,-0.108209,2.553940,-0.052221,0.000000,0.000000,0.000000,0.000000,-24.700000,27.000000,19.200000,113.300000,0.970629,-0.106192,2.587493,-0.051385,0.000000,0.000000,0.000000,0.000000
303.488,0.970752,-0.106195,2.587451,-0.051385,0.040143,0.000180,0.000000,0.000000,-15.900000,85.100000,208.700000,146.400000,0.970629,-0.106192,2.587493,-0.051385,0.000000,0.000000,0.000000,0.000000
303.498,0.970752,-0.106195,2.587451,-0.051385,0.040143,0.000180,0.000000,0.000000,-15.900000,85.100000,208.700000,146.400000,0.970629,-0.106192,2.587493,-0.051385,0.000000,0.000000,0.000000,0.000000
303.508,0.970752,-0.106195,2.587451,-0.051385,0.040143,0.000180,0.000000,0.000000,-15.900000,85.100000,208.700000,146.400000,0.970629,-0.106192,2.587493,-0.051385,0.000000,0.000000,0.000000,0.000000
303.518,0.970752,-0.106195,2.587451,-0.051385,0.040143,0.000180,0.000000,0.000000,-15.900000,85.100000,208.700000,146.400000,0.970629,-0.106192,2.587493,-0.051385,0.000000,0.000000,0.000000,0.000000
306.988,0.915425,-0.104222,2.609616,-0.050431,0.000000,0.000000,0.000000,0.000000,-16.600000,27.100000,73.300000,99.700000,0.915342,-0.104224,2.609653,-0.050431,0.000000,0.000000,0.000000,0.000000
306.998,0.915425,-0.104222,2.609616,-0.050431,0.000000,0.000000,0.000000,0.000000,-16.600000,27.100000,73.300000,99.700000,0.915342,-0.104224,2.609653,-0.050431,0.000000,0.000000,0.000000,0.000000
307.008,0.915425,-0.104222,2.609616,-0.050431,0.000000,0.000000,0.000000,0.000000,-16.600000,27.100000,73.300000,99.700000,0.915342,-0.104224,2.609653,-0.050431,0.000000,0.000000,0.000000,0.000000
307.018,0.915425,-0.104222,2.609616,-0.050431,0.000000,0.000000,0.000000,0.000000,-16.600000,27.100000,73.300000,99.700000,0.915342,-0.104224,2.609653,-0.050431,0.000000,0.000000,0.000000,0.000000
307.487,0.858004,-0.102169,2.636320,-0.049462,0.003491,0.000000,0.000000,0.000000,-22.000000,41.500000,51.200000,114.800000,0.858042,-0.102169,2.636279,-0.049463,0.000000,0.000000,0.000000,0.000000
307.498,0.858004,-0.102169,2.636320,-0.049462,0.003491,0.000000,0.000000,0.000000,-22.000000,41.500000,51.200000,114.800000,0.858042,-0.102169,2.636279,-0.049463,0.000000,0.000000,0.000000,0.000000
307.508,0.858004,-0.102169,2.636320,-0.049462,0.003491,0.000000,0.000000,0.000000,-22.000000,41.500000,51.200000,114.800000,0.858042,-0.102169,2.636279,-0.049463,0.000000,0.000000,0.000000,0.000000
307.518,0.858004,-0.102169,2.636320,-0.049462,0.003491,0.000000,0.000000,0.000000,-22.000000,41.500000,51.200000,114.800000,0.858042,-0.102169,2.636279,-0.049463,0.000000,0.000000,0.000000,0.000000
307.888,0.789412,-0.100183,2.652551,-0.048358,-0.010472,0.000010,0.000000,0.000000,-18.400000,44.800000,181.700000,98.300000,0.789287,-0.100179,2.652455,-0.048359,0.000000,0.000000,0.000000,0.000000
307.898,0.789412,-0.100183,2.652551,-0.048358,-0.010472,0.000010,0.000000,0.000000,-18.400000,44.800000,181.700000,98.300000,0.789287,-0.100179,2.652455,-0.048359,0.000000,0.000000,0.000000,0.000000
307.908,0.789412,-0.100183,2.652551,-0.048358,-0.010472,0.000010,0.000000,0.000000,-18.400000,44.800000,181.700000,98.300000,0.789287,-0.100179,2.652455,-0.048359,0.000000,0.000000,0.000000,0.000000
307.918,0.789412,-0.100183,2.652551,-0.048358,-0.010472,0.000010,0.000000,0.000000,-18.400000,44.800000,181.700000,98.300000,0.789287,-0.100179,2.652455,-0.048359,0.000000,0.000000,0.000000,0.000000
308.388,0.722217,-0.098175,2.670528,-0.047416,-0.033161,0.000010,-0.005236,0.000000,-20.500000,63.100000,-49.500000,83.000000,0.722287,-0.098176,2.670352,-0.047417,0.000000,0.000000,0.000000,0.000000
308.398,0.722217,-0.098175,2.670528,-0.047416,-0.033161,0.000010,-0.005236,0.000000,-20.500000,63.100000,-49.500000,83.000000,0.722287,-0.098176,2.670352,-0.047417,0.000000,0.000000,0.000000,0.000000
308.408,0.722217,-0.098175,2.670528,-0.047416,-0.033161,0.000010,-0.005236,0.000000,-20.500000,63.100000,-49.500000,83.000000,0.722287,-0.098176,2.670352,-0.047417,0.000000,0.000000,0.000000,0.000000
308.418,0.722217,-0.098175,2.670528,-0.047416,-0.033161,0.000010,-0.005236,0.000000,-20.500000,63.100000,-49.500000,83.000000,0.722287,-0.098176,2.670352,-0.047417,0.000000,0.000000,0.000000,0.000000
308.887,0.676839,-0.096112,2.711893,-0.046889,-0.013963,0.000000,0.000000,0.000000,-19.700000,93.700000,181.400000,85.500000,0.677009,-0.096113,2.711940,-0.046890,0.000000,0.000000,0.000000,0.000000
308.898,0.676839,-0.096112,2.711893,-0.046889,-0.013963,0.000000,0.000000,0.000000,-19.700000,93.700000,181.400000,85.500000,0.677009,-0.096113,2.711940,-0.046890,0.000000,0.000000,0.000000,0.000000
308.908,0.676839,-0.096112,2.711893,-0.046889,-0.013963,0.000000,0.000000,0.000000,-19.700000,93.700000,181.400000,85.500000,0.677009,-0.096113,2.711940,-0.046890,0.000000,0.000000,0.000000,0.000000
308.918,0.676839,-0.096112,2.711893,-0.046889,-0.013963,0.000000,0.000000,0.000000,-19.700000,93.700000,181.400000,85.500000,0.677009,-0.096113,2.711940,-0.046890,0.000000,0.000000,0.000000,0.000000
309.788,0.612611,-0.094056,2.726379,-0.045447,-0.050615,0.000000,0.000000,0.000000,-27.000000,31.900000,-31.600000,86.300000,0.612597,-0.094057,2.726314,-0.045448,0.000000,0.000000,0.000000,0.000000
309.798,0.612611,-0.094056,2.726379,-0.045447,-0.050615,0.000000,0.000000,0.000000,-27.000000,31.900000,-31.600000,86.300000,0.612597,-0.094057,2.726314,-0.045448,0.000000,0.000000,0.000000,0.000000
309.808,0.612611,-0.094056,2.726379,-0.045447,-0.050615,0.000000,0.000000,0.000000,-27.000000,31.900000,-31.600000,86.300000,0.612597,-0.094057,2.726314,-0.045448,0.000000,0.000000,0.000000,0.000000
309.818,0.612611,-0.094056,2.726379,-0.045447,-0.050615,0.000000,0.000000,0.000000,-27.000000,31.900000,-31.600000,86.300000,0.612597,-0.094057,2.726314,-0.045448,0.000000,0.000000,0.000000,0.000000
310.788,0.541750,-0.091998,2.733360,-0.044500,-0.038397,-0.000060,0.000000,0.000000,-20.500000,29.100000,39.200000,91.300000,0.541646,-0.091998,2.733620,-0.044501,0.000000,0.000000,0.000000,0.000000
310.798,0.541750,-0.091998,2.733360,-0.044500,-0.038397,-0.000060,0.000000,0.000000,-20.500000,29.100000,39.200000,91.300000,0.541646,-0.091998,2.733620,-0.044501,0.000000,0.000000,0.000000,0.000000
310.808,0.541750,-0.091998,2.733360,-0.044500,-0.038397,-0.000060,0.000000,0.000000,-20.500000,29.100000,39.200000,91.300000,0.541646,-0.091998,2.733620,-0.044501,0.000000,0.000000,0.000000,0.000000
310.818,0.541750,-0.091998,2.733360,-0.044500,-0.038397,-0.000060,0.000000,0.000000,-20.500000,29.100000,39.200000,91.300000,0.541646,-0.091998,2.733620,-0.044501,0.000000,0.000000,0.000000,0.000000
311.288,0.462338,-0.089948,2.745228,-0.043564,0.010472,0.000050,0.000000,0.000000,-23.200000,42.700000,57.900000,103.400000,0.462431,-0.089948,2.745059,-0.043565,0.000000,0.000000,0.000000,0.000000
311.298,0.462338,-0.089948,2.745228,-0.043564,0.010472,0.000050,0.000000,0.000000,-23.200000,42.700000,57.900000,103.400000,0.462431,-0.089948,2.745059,-0.043565,0.000000,0.000000,0.000000,0.000000
311.308,0.462338,-0.089948,2.745228,-0.043564,0.010472,0.000050,0.000000,0.000000,-23.200000,42.700000,57.900000,103.400000,0.462431,-0.089948,2.745059,-0.043565,0.000000,0.000000,0.000000,0.000000
311.318,0.462338,-0.089948,2.745228,-0.043564,0.010472,0.000050,0.000000,0.000000,-23.200000,42.700000,57.900000,103.400000,0.462431,-0.089948,2.745059,-0.043565,0.000000,0.000000,0.000000,0.000000
311.788,0.394968,-0.087921,2.757271,-0.042042,0.008727,0.000020,-0.001745,0.000000,-20.100000,64.900000,-3.000000,119.000000,0.395005,-0.087920,2.757262,-0.042042,0.000000,0.000000,0.000000,0.000000
311.798,0.394968,-0.087921,2.757271,-0.042042,0.008727,0.000020,-0.001745,0.000000,-20.100000,64.900000,-3.000000,119.000000,0.395005,-0.087920,2.757262,-0.042042,0.000000,0.000000,0.000000,0.000000
311.808,0.394968,-0.087921,2.757271,-0.042042,0.008727,0.000020,-0.001745,0.000000,-20.100000,64.900000,-3.000000,119.000000,0.395005,-0.087920,2.757262,-0.042042,0.000000,0.000000,0.000000,0.000000
311.818,0.394968,-0.087921,2.757271,-0.042042,0.008727,0.000020,-0.001745,0.000000,-20.100000,64.900000,-3.000000,119.000000,0.395005,-0.087920,2.757262,-0.042042,0.000000,0.000000,0.000000,0.000000
312.288,0.331438,-0.085916,2.767045,-0.040407,0.000000,0.000090,0.000000,0.000000,-23.700000,101.100000,124.800000,112.600000,0.331759,-0.085918,2.767066,-0.040407,0.000000,0.000000,0.000000,0.000000
312.298,0.331438,-0.085916,2.767045,-0.040407,0.000000,0.000090,0.000000,0.000000,-23.700000,101.100000,124.800000,112.600000,0.331759,-0.085918,2.767066,-0.040407,0.000000,0.000000,0.000000,0.000000
312.308,0.331438,-0.085916,2.767045,-0.040407,0.000000,0.000090,0.000000,0.000000,-23.700000,101.100000,124.800000,112.600000,0.331759,-0.085918,2.767066,-0.040407,0.000000,0.000000,0.000000,0.000000
312.318,0.331438,-0.085916,2.767045,-0.040407,0.000000,0.000090,0.000000,0.000000,-23.700000,101.100000,124.800000,112.600000,0.331759,-0.085918,2.767066,-0.040407,0.000000,0.000000,0.000000,0.000000
312.787,0.257960,-0.083920,2.770710,-0.040071,-0.012217,0.000020,0.000000,0.000000,-21.500000,68.000000,91.200000,64.500000,0.258122,-0.083919,2.770691,-0.040071,0.000000,0.000000,0.000000,0.000000
312.797,0.257960,-0.083920,2.770710,-0.040071,-0.012217,0.000020,0.000000,0.000000,-21.500000,68.000000,91.200000,64.500000,0.258122,-0.083919,2.770691,-0.040071,0.000000,0.000000,0.000000,0.000000
312.807,0.257960,-0.083920,2.770710,-0.040071,-0.012217,0.000020,0.000000,0.000000,-21.500000,68.000000,91.200000,64.500000,0.258122,-0.083919,2.770691,-0.040071,0.000000,0.000000,0.000000,0.000000
312.818,0.257960,-0.083920,2.770710,-0.040071,-0.012217,0.000020,0.000000,0.000000,-21.500000,68.000000,91.200000,64.500000,0.258122,-0.083919,2.770691,-0.040071,0.000000,0.000000,0.000000,0.000000
331.888,2.997952,-0.154835,2.997778,-0.071901,0.000000,-0.000020,0.000000,0.000000,-16.700000,2.200000,161.000000,20.800000,2.998009,-0.154835,2.998009,-0.071901,0.000000,0.000000,0.000000,0.000000
331.898,2.997952,-0.154835,2.997778,-0.071901,0.000000,-0.000020,0.000000,0.000000,-16.700000,2.200000,161.000000,20.800000,2.998009,-0.154835,2.998009,-0.071901,0.000000,0.000000,0.000000,0.000000
331.908,2.997952,-0.154835,2.997778,-0.071901,0.000000,-0.000020,0.000000,0.000000,-16.700000,2.200000,161.000000,20.800000,2.998009,-0.154835,2.998009,-0.071901,0.000000,0.000000,0.000000,0.000000
331.918,2.997952,-0.154835,2.997778,-0.071901,0.000000,-0.000020,0.000000,0.000000,-16.700000,2.200000,161.000000,20.800000,2.998009,-0.154835,2.998009,-0.071901,0.000000,0.000000,0.000000,0.000000
332.288,2.796367,-0.152820,2.770187,-0.071353,0.000000,0.000090,0.000000,0.000000,-15.400000,39.900000,-144.300000,110.200000,2.796526,-0.152815,2.770188,-0.071353,0.000000,0.000000,0.000000,0.000000
332.298,2.796367,-0.152820,2.770187,-0.071353,0.000000,0.000090,0.000000,0.000000,-15.400000,39.900000,-144.300000,110.200000,2.796526,-0.152815,2.770188,-0.071353,0.000000,0.000000,0.000000,0.000000
332.308,2.796367,-0.152820,2.770187,-0.071353,0.000000,0.000090,0.000000,0.000000,-15.400000,39.900000,-144.300000,110.200000,2.796526,-0.152815,2.770188,-0.071353,0.000000,0.000000,0.000000,0.000000
332.318,2.796367,-0.152820,2.770187,-0.071353,0.000000,0.000090,0.000000,0.000000,-15.400000,39.900000,-144.300000,110.200000,2.796526,-0.152815,2.770188,-0.071353,0.000000,0.000000,0.000000,0.000000
332.687,2.605602,-0.150841,2.549926,-0.070626,0.006981,0.000110,0.000000,0.000000,-19.100000,37.500000,-118.400000,169.400000,2.605753,-0.150837,2.550216,-0.070626,0.000000,0.000000,0.000000,0.000000
332.698,2.605602,-0.150841,2.549926,-0.070626,0.006981,0.000110,0.000000,0.000000,-19.100000,37.500000,-118.400000,169.400000,2.605753,-0.150837,2.550216,-0.070626,0.000000,0.000000,0.000000,0.000000
332.708,2.605602,-0.150841,2.549926,-0.070626,0.006981,0.000110,0.000000,0.000000,-19.100000,37.500000,-118.400000,169.400000,2.605753,-0.150837,2.550216,-0.070626,0.000000,0.000000,0.000000,0.000000
332.718,2.605602,-0.150841,2.549926,-0.070626,0.006981,0.000110,0.000000,0.000000,-19.100000,37.500000,-118.400000,169.400000,2.605753,-0.150837,2.550216,-0.070626,0.000000,0.000000,0.000000,0.000000
336.187,2.419026,-0.148843,2.318844,-0.070059,-0.001745,0.000000,0.000000,0.000000,-22.400000,22.400000,-34.500000,96.100000,2.234397,-0.146841,2.083327,-0.069496,0.000000,0.000000,0.000000,0.000000
336.198,2.419026,-0.148843,2.318844,-0.070059,-0.001745,0.000000,0.000000,0.000000,-22.400000,22.400000,-34.500000,96.100000,2.234397,-0.146841,2.083327,-0.069496,0.000000,0.000000,0.000000,0.000000
336.208,2.419026,-0.148843,2.318844,-0.070059,-0.001745,0.000000,0.000000,0.000000,-22.400000,22.400000,-34.500000,96.100000,2.234397,-0.146841,2.083327,-0.069496,0.000000,0.000000,0.000000,0.000000
336.218,2.419026,-0.148843,2.318844,-0.070059,-0.001745,0.000000,0.000000,0.000000,-22.400000,22.400000,-34.500000,96.100000,2.234397,-0.146841,2.083327,-0.069496,0.000000,0.000000,0.000000,0.000000
339.587,2.234196,-0.146840,2.083225,-0.069495,0.000000,-0.000010,0.000000,0.000000,-17.400000,27.900000,-5.300000,100.100000,2.234397,-0.146841,2.083327,-0.069496,0.000000,0.000000,0.000000,0.000000
339.598,2.234196,-0.146840,2.083225,-0.069495,0.000000,-0.000010,0.000000,0.000000,-17.400000,27.900000,-5.300000,100.100000,2.234397,-0.146841,2.083327,-0.069496,0.000000,0.000000,0.000000,0.000000
339.608,2.234196,-0.146840,2.083225,-0.069495,0.000000,-0.000010,0.000000,0.000000,-17.400000,27.900000,-5.300000,100.100000,2.234397,-0.146841,2.083327,-0.069496,0.000000,0.000000,0.000000,0.000000
339.618,2.234196,-0.146840,2.083225,-0.069495,0.000000,-0.000010,0.000000,0.000000,-17.400000,27.900000,-5.300000,100.100000,2.234397,-0.146841,2.083327,-0.069496,0.000000,0.000000,0.000000,0.000000
342.990,2.049889,-0.144837,1.847780,-0.068931,0.000000,-0.000030,0.000000,0.000000,-18.300000,26.100000,0.800000,118.600000,2.049785,-0.144837,1.847799,-0.068931,0.000000,0.000000,0.000000,0.000000
343.004,2.049889,-0.144837,1.847780,-0.068931,0.000000,-0.000030,0.000000,0.000000,-18.300000,26.100000,0.800000,118.600000,2.049785,-0.144837,1.847799,-0.068931,0.000000,0.000000,0.000000,0.000000
343.014,2.049889,-0.144837,1.847780,-0.068931,0.000000,-0.000030,0.000000,0.000000,-18.300000,26.100000,0.800000,118.600000,2.049785,-0.144837,1.847799,-0.068931,0.000000,0.000000,0.000000,0.000000
343.024,2.049889,-0.144837,1.847780,-0.068931,0.000000,-0.000030,0.000000,0.000000,-18.300000,26.100000,0.800000,118.600000,2.049785,-0.144837,1.847799,-0.068931,0.000000,0.000000,0.000000,0.000000
343.487,1.864884,-0.142832,1.611986,-0.068367,0.001745,-0.000020,0.000000,0.000000,-11.300000,46.000000,-101.500000,126.400000,1.865172,-0.142833,1.612271,-0.068367,0.000000,0.000000,0.000000,0.000000
343.498,1.864884,-0.142832,1.611986,-0.068367,0.001745,-0.000020,0.000000,0.000000,-11.300000,46.000000,-101.500000,126.400000,1.865172,-0.142833,1.612271,-0.068367,0.000000,0.000000,0.000000,0.000000
343.508,1.864884,-0.142832,1.611986,-0.068367,0.001745,-0.000020,0.000000,0.000000,-11.300000,46.000000,-101.500000,126.400000,1.865172,-0.142833,1.612271,-0.068367,0.000000,0.000000,0.000000,0.000000
343.518,1.864884,-0.142832,1.611986,-0.068367,0.001745,-0.000020,0.000000,0.000000,-11.300000,46.000000,-101.500000,126.400000,1.865172,-0.142833,1.612271,-0.068367,0.000000,0.000000,0.000000,0.000000
346.988,1.903980,-0.140832,1.682323,-0.067450,-0.003491,0.000000,0.000000,0.000000,-11.900000,33.900000,27.800000,105.100000,1.904263,-0.140833,1.681986,-0.067451,0.000000,0.000000,0.000000,0.000000
346.998,1.903980,-0.140832,1.682323,-0.067450,-0.003491,0.000000,0.000000,0.000000,-11.900000,33.900000,27.800000,105.100000,1.904263,-0.140833,1.681986,-0.067451,0.000000,0.000000,0.000000,0.000000
347.008,1.903980,-0.140832,1.682323,-0.067450,-0.003491,0.000000,0.000000,0.000000,-11.900000,33.900000,27.800000,105.100000,1.904263,-0.140833,1.681986,-0.067451,0.000000,0.000000,0.000000,0.000000
347.018,1.903980,-0.140832,1.682323,-0.067450,-0.003491,0.000000,0.000000,0.000000,-11.900000,33.900000,27.800000,105.100000,1.904263,-0.140833,1.681986,-0.067451,0.000000,0.000000,0.000000,0.000000
347.488,1.943250,-0.138806,1.756848,-0.066539,0.000000,-0.000010,0.000000,0.000000,-11.100000,44.300000,36.000000,113.400000,1.943283,-0.138806,1.756679,-0.066540,0.000000,0.000000,0.000000,0.000000
347.498,1.943250,-0.138806,1.756848,-0.066539,0.000000,-0.000010,0.000000,0.000000,-11.100000,44.300000,36.000000,113.400000,1.943283,-0.138806,1.756679,-0.066540,0.000000,0.000000,0.000000,0.000000
347.508,1.943250,-0.138806,1.756848,-0.066539,0.000000,-0.000010,0.000000,0.000000,-11.100000,44.300000,36.000000,113.400000,1.943283,-0.138806,1.756679,-0.066540,0.000000,0.000000,0.000000,0.000000
347.518,1.943250,-0.138806,1.756848,-0.066539,0.000000,-0.000010,0.000000,0.000000,-11.100000,44.300000,36.000000,113.400000,1.943283,-0.138806,1.756679,-0.066540,0.000000,0.000000,0.000000,0.000000
350.988,1.992119,-0.136746,1.828407,-0.065498,0.000000,0.000050,0.000000,0.000000,-17.300000,37.700000,29.500000,105.600000,1.992276,-0.136747,1.828546,-0.065498,0.000000,0.000000,0.000000,0.000000
350.998,1.992119,-0.136746,1.828407,-0.065498,0.000000,0.000050,0.000000,0.000000,-17.300000,37.700000,29.500000,105.600000,1.992276,-0.136747,1.828546,-0.065498,0.000000,0.000000,0.000000,0.000000
351.008,1.992119,-0.136746,1.828407,-0.065498,0.000000,0.000050,0.000000,0.000000,-17.300000,37.700000,29.500000,105.600000,1.992276,-0.136747,1.828546,-0.065498,0.000000,0.000000,0.000000,0.000000
351.018,1.992119,-0.136746,1.828407,-0.065498,0.000000,0.000050,0.000000,0.000000,-17.300000,37.700000,29.500000,105.600000,1.992276,-0.136747,1.828546,-0.065498,0.000000,0.000000,0.000000,0.000000
351.487,2.044304,-0.134731,1.897696,-0.064465,-0.013963,0.000020,-0.001745,0.000000,-21.000000,51.500000,-25.500000,150.700000,1.800645,-0.132736,1.621682,-0.063896,0.000000,0.000000,0.000000,0.000000
351.498,2.044304,-0.134731,1.897696,-0.064465,-0.013963,0.000020,-0.001745,0.000000,-21.000000,51.500000,-25.500000,150.700000,1.800645,-0.132736,1.621682,-0.063896,0.000000,0.000000,0.000000,0.000000
351.508,2.044304,-0.134731,1.897696,-0.064465,-0.013963,0.000020,-0.001745,0.000000,-21.000000,51.500000,-25.500000,150.700000,1.800645,-0.132736,1.621682,-0.063896,0.000000,0.000000,0.000000,0.000000
351.518,2.044304,-0.134731,1.897696,-0.064465,-0.013963,0.000020,-0.001745,0.000000,-21.000000,51.500000,-25.500000,150.700000,1.800645,-0.132736,1.621682,-0.063896,0.000000,0.000000,0.000000,0.000000
354.987,1.800482,-0.132734,1.621411,-0.063896,0.000000,0.000000,0.000000,0.000000,-14.300000,19.900000,12.600000,101.400000,1.559703,-0.130731,1.342459,-0.063322,0.000000,0.000000,0.000000,0.000000
354.998,1.800482,-0.132734,1.621411,-0.063896,0.000000,0.000000,0.000000,0.000000,-14.300000,19.900000,12.600000,101.400000,1.559703,-0.130731,1.342459,-0.063322,0.000000,0.000000,0.000000,0.000000
355.008,1.800482,-0.132734,1.621411,-0.063896,0.000000,0.000000,0.000000,0.000000,-14.300000,19.900000,12.600000,101.400000,1.559703,-0.130731,1.342459,-0.063322,0.000000,0.000000,0.000000,0.000000
355.018,1.800482,-0.132734,1.621411,-0.063896,0.000000,0.000000,0.000000,0.000000,-14.300000,19.900000,12.600000,101.400000,1.559703,-0.130731,1.342459,-0.063322,0.000000,0.000000,0.000000,0.000000
355.387,1.559626,-0.130735,1.342333,-0.063321,-0.001745,0.000170,0.000000,0.000000,-20.600000,44.600000,-144.700000,145.300000,1.559703,-0.130731,1.342459,-0.063322,0.000000,0.000000,0.000000,0.000000
355.397,1.559626,-0.130735,1.342333,-0.063321,-0.001745,0.000170,0.000000,0.000000,-20.600000,44.600000,-144.700000,145.300000,1.559703,-0.130731,1.342459,-0.063322,0.000000,0.000000,0.000000,0.000000
355.408,1.559626,-0.130735,1.342333,-0.063321,-0.001745,0.000170,0.000000,0.000000,-20.600000,44.600000,-144.700000,145.300000,1.559703,-0.130731,1.342459,-0.063322,0.000000,0.000000,0.000000,0.000000
355.418,1.559626,-0.130735,1.342333,-0.063321,-0.001745,0.000170,0.000000,0.000000,-20.600000,44.600000,-144.700000,145.300000,1.559703,-0.130731,1.342459,-0.063322,0.000000,0.000000,0.000000,0.000000
356.288,1.316676,-0.128778,1.049990,-0.062832,-0.027925,0.000000,0.000000,0.000000,-19.100000,36.400000,75.900000,103.000000,1.316706,-0.128780,1.050024,-0.062833,0.000000,0.000000,0.000000,0.000000
356.298,1.316676,-0.128778,1.049990,-0.062832,-0.027925,0.000000,0.000000,0.000000,-19.100000,36.400000,75.900000,103.000000,1.316706,-0.128780,1.050024,-0.062833,0.000000,0.000000,0.000000,0.000000
356.308,1.316676,-0.128778,1.049990,-0.062832,-0.027925,0.000000,0.000000,0.000000,-19.100000,36.400000,75.900000,103.000000,1.316706,-0.128780,1.050024,-0.062833,0.000000,0.000000,0.000000,0.000000
356.318,1.316676,-0.128778,1.049990,-0.062832,-0.027925,0.000000,0.000000,0.000000,-19.100000,36.400000,75.900000,103.000000,1.316706,-0.128780,1.050024,-0.062833,0.000000,0.000000,0.000000,0.000000
359.687,1.077566,-0.126774,0.741067,-0.062665,0.026180,-0.000030,0.000000,0.000000,-17.500000,28.900000,-29.500000,91.400000,0.840137,-0.124767,0.437285,-0.062494,0.000000,0.000000,0.000000,0.000000
359.698,1.077566,-0.126774,0.741067,-0.062665,0.026180,-0.000030,0.000000,0.000000,-17.500000,28.900000,-29.500000,91.400000,0.840137,-0.124767,0.437285,-0.062494,0.000000,0.000000,0.000000,0.000000
359.708,1.077566,-0.126774,0.741067,-0.062665,0.026180,-0.000030,0.000000,0.000000,-17.500000,28.900000,-29.500000,91.400000,0.840137,-0.124767,0.437285,-0.062494,0.000000,0.000000,0.000000,0.000000
359.718,1.077566,-0.126774,0.741067,-0.062665,0.026180,-0.000030,0.000000,0.000000,-17.500000,28.900000,-29.500000,91.400000,0.840137,-0.124767,0.437285,-0.062494,0.000000,0.000000,0.000000,0.000000
363.088,0.840027,-0.124766,0.437205,-0.062493,0.003491,0.000040,0.000000,0.000000,-17.100000,32.800000,6.000000,85.200000,0.840137,-0.124767,0.437285,-0.062494,0.000000,0.000000,0.000000,0.000000
363.098,0.840027,-0.124766,0.437205,-0.062493,0.003491,0.000040,0.000000,0.000000,-17.100000,32.800000,6.000000,85.200000,0.840137,-0.124767,0.437285,-0.062494,0.000000,0.000000,0.000000,0.000000
363.108,0.840027,-0.124766,0.437205,-0.062493,0.003491,0.000040,0.000000,0.000000,-17.100000,32.800000,6.000000,85.200000,0.840137,-0.124767,0.437285,-0.062494,0.000000,0.000000,0.000000,0.000000
363.118,0.840027,-0.124766,0.437205,-0.062493,0.003491,0.000040,0.000000,0.000000,-17.100000,32.800000,6.000000,85.200000,0.840137,-0.124767,0.437285,-0.062494,0.000000,0.000000,0.000000,0.000000
366.587,0.602662,-0.122758,0.133169,-0.062322,-0.001745,0.000000,0.000000,0.000000,-18.900000,21.400000,-23.300000,77.300000,0.602747,-0.122760,0.133336,-0.062322,0.000000,0.000000,0.000000,0.000000
366.597,0.602662,-0.122758,0.133169,-0.062322,-0.001745,0.000000,0.000000,0.000000,-18.900000,21.400000,-23.300000,77.300000,0.602747,-0.122760,0.133336,-0.062322,0.000000,0.000000,0.000000,0.000000
366.608,0.602662,-0.122758,0.133169,-0.062322,-0.001745,0.000000,0.000000,0.000000,-18.900000,21.400000,-23.300000,77.300000,0.602747,-0.122760,0.133336,-0.062322,0.000000,0.000000,0.000000,0.000000
366.618,0.602662,-0.122758,0.133169,-0.062322,-0.001745,0.000000,0.000000,0.000000,-18.900000,21.400000,-23.300000,77.300000,0.602747,-0.122760,0.133336,-0.062322,0.000000,0.000000,0.000000,0.000000
369.987,0.365297,-0.120752,-0.170519,-0.062150,0.010472,-0.000010,0.000000,0.000000,-12.300000,7.700000,-1.500000,56.400000,0.127967,-0.118746,-0.474563,-0.061979,0.000000,0.000000,0.000000,0.000000
369.997,0.365297,-0.120752,-0.170519,-0.062150,0.010472,-0.000010,0.000000,0.000000,-12.300000,7.700000,-1.500000,56.400000,0.127967,-0.118746,-0.474563,-0.061979,0.000000,0.000000,0.000000,0.000000
370.008,0.365297,-0.120752,-0.170519,-0.062150,0.010472,-0.000010,0.000000,0.000000,-12.300000,7.700000,-1.500000,56.400000,0.127967,-0.118746,-0.474563,-0.061979,0.000000,0.000000,0.000000,0.000000
370.018,0.365297,-0.120752,-0.170519,-0.062150,0.010472,-0.000010,0.000000,0.000000,-12.300000,7.700000,-1.500000,56.400000,0.127967,-0.118746,-0.474563,-0.061979,0.000000,0.000000,0.000000,0.000000
373.888,0.127758,-0.118745,-0.474555,-0.061978,-0.001745,0.000010,0.001745,0.000000,-19.100000,19.400000,11.300000,72.000000,0.127967,-0.118746,-0.474563,-0.061979,0.000000,0.000000,0.000000,0.000000
373.898,0.127758,-0.118745,-0.474555,-0.061978,-0.001745,0.000010,0.001745,0.000000,-19.100000,19.400000,11.300000,72.000000,0.127967,-0.118746,-0.474563,-0.061979,0.000000,0.000000,0.000000,0.000000
373.908,0.127758,-0.118745,-0.474555,-0.061978,-0.001745,0.000010,0.001745,0.000000,-19.100000,19.400000,11.300000,72.000000,0.127967,-0.118746,-0.474563,-0.061979,0.000000,0.000000,0.000000,0.000000
373.918,0.127758,-0.118745,-0.474555,-0.061978,-0.001745,0.000010,0.001745,0.000000,-19.100000,19.400000,11.300000,72.000000,0.127967,-0.118746,-0.474563,-0.061979,0.000000,0.000000,0.000000,0.000000
377.288,-0.109258,-0.116738,-0.778417,-0.061807,0.001745,0.000000,0.000000,0.000000,-17.600000,15.800000,-27.600000,84.200000,-0.109424,-0.116739,-0.778512,-0.061807,0.000000,0.000000,0.000000,0.000000
377.298,-0.109258,-0.116738,-0.778417,-0.061807,0.001745,0.000000,0.000000,0.000000,-17.600000,15.800000,-27.600000,84.200000,-0.109424,-0.116739,-0.778512,-0.061807,0.000000,0.000000,0.000000,0.000000
377.308,-0.109258,-0.116738,-0.778417,-0.061807,0.001745,0.000000,0.000000,0.000000,-17.600000,15.800000,-27.600000,84.200000,-0.109424,-0.116739,-0.778512,-0.061807,0.000000,0.000000,0.000000,0.000000
377.318,-0.109258,-0.116738,-0.778417,-0.061807,0.001745,0.000000,0.000000,0.000000,-17.600000,15.800000,-27.600000,84.200000,-0.109424,-0.116739,-0.778512,-0.061807,0.000000,0.000000,0.000000,0.000000
380.791,-0.346797,-0.114731,-1.082453,-0.061635,0.001745,-0.000010,0.000000,0.000000,-18.800000,13.400000,-33.400000,71.100000,-0.584204,-0.112725,-1.386411,-0.061464,0.000000,0.000000,0.000000,0.000000
380.801,-0.346797,-0.114731,-1.082453,-0.061635,0.001745,-0.000010,0.000000,0.000000,-18.800000,13.400000,-33.400000,71.100000,-0.584204,-0.112725,-1.386411,-0.061464,0.000000,0.000000,0.000000,0.000000
380.812,-0.346797,-0.114731,-1.082453,-0.061635,0.001745,-0.000010,0.000000,0.000000,-18.800000,13.400000,-33.400000,71.100000,-0.584204,-0.112725,-1.386411,-0.061464,0.000000,0.000000,0.000000,0.000000
380.822,-0.346797,-0.114731,-1.082453,-0.061635,0.001745,-0.000010,0.000000,0.000000,-18.800000,13.400000,-33.400000,71.100000,-0.584204,-0.112725,-1.386411,-0.061464,0.000000,0.000000,0.000000,0.000000
381.288,-0.584162,-0.112725,-1.386315,-0.061464,0.005236,0.000000,0.000000,0.000000,-25.600000,47.200000,-131.900000,78.100000,-0.584204,-0.112725,-1.386411,-0.061464,0.000000,0.000000,0.000000,0.000000
381.298,-0.584162,-0.112725,-1.386315,-0.061464,0.005236,0.000000,0.000000,0.000000,-25.600000,47.200000,-131.900000,78.100000,-0.584204,-0.112725,-1.386411,-0.061464,0.000000,0.000000,0.000000,0.000000
381.308,-0.584162,-0.112725,-1.386315,-0.061464,0.005236,0.000000,0.000000,0.000000,-25.600000,47.200000,-131.900000,78.100000,-0.584204,-0.112725,-1.386411,-0.061464,0.000000,0.000000,0.000000,0.000000
381.318,-0.584162,-0.112725,-1.386315,-0.061464,0.005236,0.000000,0.000000,0.000000,-25.600000,47.200000,-131.900000,78.100000,-0.584204,-0.112725,-1.386411,-0.061464,0.000000,0.000000,0.000000,0.000000
384.688,-0.876504,-0.110742,-1.676563,-0.061170,0.003491,0.000030,0.000000,0.000000,-26.100000,32.800000,13.600000,84.600000,-0.876532,-0.110743,-1.676448,-0.061171,0.000000,0.000000,0.000000,0.000000
384.698,-0.876504,-0.110742,-1.676563,-0.061170,0.003491,0.000030,0.000000,0.000000,-26.100000,32.800000,13.600000,84.600000,-0.876532,-0.110743,-1.676448,-0.061171,0.000000,0.000000,0.000000,0.000000
384.708,-0.876504,-0.110742,-1.676563,-0.061170,0.003491,0.000030,0.000000,0.000000,-26.100000,32.800000,13.600000,84.600000,-0.876532,-0.110743,-1.676448,-0.061171,0.000000,0.000000,0.000000,0.000000
384.718,-0.876504,-0.110742,-1.676563,-0.061170,0.003491,0.000030,0.000000,0.000000,-26.100000,32.800000,13.600000,84.600000,-0.876532,-0.110743,-1.676448,-0.061171,0.000000,0.000000,0.000000,0.000000
385.191,-1.169720,-0.108737,-1.961226,-0.060873,0.008727,0.000080,0.000000,0.000000,-27.000000,60.200000,-161.900000,96.500000,-0.627674,-0.106738,-1.195845,-0.060749,0.000000,0.000000,0.000000,0.000000
385.201,-1.169720,-0.108737,-1.961226,-0.060873,0.008727,0.000080,0.000000,0.000000,-27.000000,60.200000,-161.900000,96.500000,-0.627674,-0.106738,-1.195845,-0.060749,0.000000,0.000000,0.000000,0.000000
385.214,-1.169720,-0.108737,-1.961226,-0.060873,0.008727,0.000080,0.000000,0.000000,-27.000000,60.200000,-161.900000,96.500000,-0.627674,-0.106738,-1.195845,-0.060749,0.000000,0.000000,0.000000,0.000000
385.224,-1.169720,-0.108737,-1.961226,-0.060873,0.008727,0.000080,0.000000,0.000000,-27.000000,60.200000,-161.900000,96.500000,-0.627674,-0.106738,-1.195845,-0.060749,0.000000,0.000000,0.000000,0.000000
388.787,-0.627620,-0.106738,-1.195725,-0.060749,-0.005236,0.000060,0.000000,0.000000,-17.400000,45.900000,38.700000,58.200000,-0.627674,-0.106738,-1.195845,-0.060749,0.000000,0.000000,0.000000,0.000000
388.797,-0.627620,-0.106738,-1.195725,-0.060749,-0.005236,0.000060,0.000000,0.000000,-17.400000,45.900000,38.700000,58.200000,-0.627674,-0.106738,-1.195845,-0.060749,0.000000,0.000000,0.000000,0.000000
388.807,-0.627620,-0.106738,-1.195725,-0.060749,-0.005236,0.000060,0.000000,0.000000,-17.400000,45.900000,38.700000,58.200000,-0.627674,-0.106738,-1.195845,-0.060749,0.000000,0.000000,0.000000,0.000000
388.818,-0.627620,-0.106738,-1.195725,-0.060749,-0.005236,0.000060,0.000000,0.000000,-17.400000,45.900000,38.700000,58.200000,-0.627674,-0.106738,-1.195845,-0.060749,0.000000,0.000000,0.000000,0.000000
404.388,1.491384,-0.154836,1.491384,-0.071901,-0.008727,0.000010,0.000000,0.000000,-21.400000,21.700000,-55.600000,41.500000,1.491465,-0.154836,1.491465,-0.071901,0.000000,0.000000,0.000000,0.000000
404.398,1.491384,-0.154836,1.491384,-0.071901,-0.008727,0.000010,0.000000,0.000000,-21.400000,21.700000,-55.600000,41.500000,1.491465,-0.154836,1.491465,-0.071901,0.000000,0.000000,0.000000,0.000000
404.408,1.491384,-0.154836,1.491384,-0.071901,-0.008727,0.000010,0.000000,0.000000,-21.400000,21.700000,-55.600000,41.500000,1.491465,-0.154836,1.491465,-0.071901,0.000000,0.000000,0.000000,0.000000
404.418,1.491384,-0.154836,1.491384,-0.071901,-0.008727,0.000010,0.000000,0.000000,-21.400000,21.700000,-55.600000,41.500000,1.491465,-0.154836,1.491465,-0.071901,0.000000,0.000000,0.000000,0.000000
404.888,1.456303,-0.152696,1.499238,-0.071217,0.008727,0.000020,0.000000,0.000000,-15.900000,51.600000,-0.300000,97.900000,1.455048,-0.150544,1.495180,-0.070013,0.000000,0.000000,0.000000,0.000000
404.898,1.456303,-0.152696,1.499238,-0.071217,0.008727,0.000020,0.000000,0.000000,-15.900000,51.600000,-0.300000,97.900000,1.455048,-0.150544,1.495180,-0.070013,0.000000,0.000000,0.000000,0.000000
404.908,1.456303,-0.152696,1.499238,-0.071217,0.008727,0.000020,0.000000,0.000000,-15.900000,51.600000,-0.300000,97.900000,1.455048,-0.150544,1.495180,-0.070013,0.000000,0.000000,0.000000,0.000000
404.918,1.456303,-0.152696,1.499238,-0.071217,0.008727,0.000020,0.000000,0.000000,-15.900000,51.600000,-0.300000,97.900000,1.455048,-0.150544,1.495180,-0.070013,0.000000,0.000000,0.000000,0.000000
405.388,1.454906,-0.150545,1.495049,-0.070013,0.015708,0.000000,0.000000,0.000000,-18.900000,35.800000,54.600000,151.300000,1.455048,-0.150544,1.495180,-0.070013,0.000000,0.000000,0.000000,0.000000
405.398,1.454906,-0.150545,1.495049,-0.070013,0.015708,0.000000,0.000000,0.000000,-18.900000,35.800000,54.600000,151.300000,1.455048,-0.150544,1.495180,-0.070013,0.000000,0.000000,0.000000,0.000000
405.408,1.454906,-0.150545,1.495049,-0.070013,0.015708,0.000000,0.000000,0.000000,-18.900000,35.800000,54.600000,151.300000,1.455048,-0.150544,1.495180,-0.070013,0.000000,0.000000,0.000000,0.000000
405.418,1.454906,-0.150545,1.495049,-0.070013,0.015708,0.000000,0.000000,0.000000,-18.900000,35.800000,54.600000,151.300000,1.455048,-0.150544,1.495180,-0.070013,0.000000,0.000000,0.000000,0.000000
405.988,1.481785,-0.148503,1.465553,-0.069284,0.003491,0.000050,0.000000,0.000000,-22.400000,54.500000,104.000000,98.800000,1.481831,-0.148505,1.465848,-0.069285,0.000000,0.000000,0.000000,0.000000
405.998,1.481785,-0.148503,1.465553,-0.069284,0.003491,0.000050,0.000000,0.000000,-22.400000,54.500000,104.000000,98.800000,1.481831,-0.148505,1.465848,-0.069285,0.000000,0.000000,0.000000,0.000000
406.008,1.481785,-0.148503,1.465553,-0.069284,0.003491,0.000050,0.000000,0.000000,-22.400000,54.500000,104.000000,98.800000,1.481831,-0.148505,1.465848,-0.069285,0.000000,0.000000,0.000000,0.000000
406.018,1.481785,-0.148503,1.465553,-0.069284,0.003491,0.000050,0.000000,0.000000,-22.400000,54.500000,104.000000,98.800000,1.481831,-0.148505,1.465848,-0.069285,0.000000,0.000000,0.000000,0.000000
406.487,1.450020,-0.146402,1.488591,-0.068919,0.000000,0.000010,0.000000,0.000000,-17.500000,74.800000,-55.300000,119.400000,1.450122,-0.146402,1.488353,-0.068920,0.000000,0.000000,0.000000,0.000000
406.498,1.450020,-0.146402,1.488591,-0.068919,0.000000,0.000010,0.000000,0.000000,-17.500000,74.800000,-55.300000,119.400000,1.450122,-0.146402,1.488353,-0.068920,0.000000,0.000000,0.000000,0.000000
406.508,1.450020,-0.146402,1.488591,-0.068919,0.000000,0.000010,0.000000,0.000000,-17.500000,74.800000,-55.300000,119.400000,1.450122,-0.146402,1.488353,-0.068920,0.000000,0.000000,0.000000,0.000000
406.518,1.450020,-0.146402,1.488591,-0.068919,0.000000,0.000010,0.000000,0.000000,-17.500000,74.800000,-55.300000,119.400000,1.450122,-0.146402,1.488353,-0.068920,0.000000,0.000000,0.000000,0.000000
406.993,1.413368,-0.144323,1.497842,-0.067764,-0.001745,0.000020,0.000000,0.000000,-24.600000,51.900000,-1.300000,133.900000,1.413504,-0.144323,1.497945,-0.067765,0.000000,0.000000,0.000000,0.000000
407.003,1.413368,-0.144323,1.497842,-0.067764,-0.001745,0.000020,0.000000,0.000000,-24.600000,51.900000,-1.300000,133.900000,1.413504,-0.144323,1.497945,-0.067765,0.000000,0.000000,0.000000,0.000000
407.013,1.413368,-0.144323,1.497842,-0.067764,-0.001745,0.000020,0.000000,0.000000,-24.600000,51.900000,-1.300000,133.900000,1.413504,-0.144323,1.497945,-0.067765,0.000000,0.000000,0.000000,0.000000
407.023,1.413368,-0.144323,1.497842,-0.067764,-0.001745,0.000020,0.000000,0.000000,-24.600000,51.900000,-1.300000,133.900000,1.413504,-0.144323,1.497945,-0.067765,0.000000,0.000000,0.000000,0.000000
407.487,1.410750,-0.142099,1.492082,-0.066276,0.000000,0.000060,0.000000,0.000000,-15.800000,37.800000,82.600000,141.500000,1.410691,-0.142100,1.492158,-0.066277,0.000000,0.000000,0.000000,0.000000
407.498,1.410750,-0.142099,1.492082,-0.066276,0.000000,0.000060,0.000000,0.000000,-15.800000,37.800000,82.600000,141.500000,1.410691,-0.142100,1.492158,-0.066277,0.000000,0.000000,0.000000,0.000000
407.508,1.410750,-0.142099,1.492082,-0.066276,0.000000,0.000060,0.000000,0.000000,-15.800000,37.800000,82.600000,141.500000,1.410691,-0.142100,1.492158,-0.066277,0.000000,0.000000,0.000000,0.000000
407.518,1.410750,-0.142099,1.492082,-0.066276,0.000000,0.000060,0.000000,0.000000,-15.800000,37.800000,82.600000,141.500000,1.410691,-0.142100,1.492158,-0.066277,0.000000,0.000000,0.000000,0.000000
407.987,1.374621,-0.140054,1.517913,-0.065891,0.000000,0.000050,0.000000,0.000000,-16.500000,46.900000,35.800000,124.200000,1.374688,-0.140053,1.518046,-0.065892,0.000000,0.000000,0.000000,0.000000
407.998,1.374621,-0.140054,1.517913,-0.065891,0.000000,0.000050,0.000000,0.000000,-16.500000,46.900000,35.800000,124.200000,1.374688,-0.140053,1.518046,-0.065892,0.000000,0.000000,0.000000,0.000000
408.008,1.374621,-0.140054,1.517913,-0.065891,0.000000,0.000050,0.000000,0.000000,-16.500000,46.900000,35.800000,124.200000,1.374688,-0.140053,1.518046,-0.065892,0.000000,0.000000,0.000000,0.000000
408.018,1.374621,-0.140054,1.517913,-0.065891,0.000000,0.000050,0.000000,0.000000,-16.500000,46.900000,35.800000,124.200000,1.374688,-0.140053,1.518046,-0.065892,0.000000,0.000000,0.000000,0.000000
408.488,1.340936,-0.138051,1.539555,-0.065574,-0.005236,-0.000010,0.000000,0.000000,-17.300000,58.000000,8.100000,117.500000,1.340950,-0.138050,1.539355,-0.065574,0.000000,0.000000,0.000000,0.000000
408.498,1.340936,-0.138051,1.539555,-0.065574,-0.005236,-0.000010,0.000000,0.000000,-17.300000,58.000000,8.100000,117.500000,1.340950,-0.138050,1.539355,-0.065574,0.000000,0.000000,0.000000,0.000000
408.508,1.340936,-0.138051,1.539555,-0.065574,-0.005236,-0.000010,0.000000,0.000000,-17.300000,58.000000,8.100000,117.500000,1.340950,-0.138050,1.539355,-0.065574,0.000000,0.000000,0.000000,0.000000
408.518,1.340936,-0.138051,1.539555,-0.065574,-0.005236,-0.000010,0.000000,0.000000,-17.300000,58.000000,8.100000,117.500000,1.340950,-0.138050,1.539355,-0.065574,0.000000,0.000000,0.000000,0.000000
408.987,1.305332,-0.135939,1.541475,-0.064381,-0.003491,0.000000,0.000000,0.000000,-20.200000,89.000000,-77.100000,145.100000,1.305207,-0.135938,1.541491,-0.064381,0.000000,0.000000,0.000000,0.000000
408.997,1.305332,-0.135939,1.541475,-0.064381,-0.003491,0.000000,0.000000,0.000000,-20.200000,89.000000,-77.100000,145.100000,1.305207,-0.135938,1.541491,-0.064381,0.000000,0.000000,0.000000,0.000000
409.007,1.305332,-0.135939,1.541475,-0.064381,-0.003491,0.000000,0.000000,0.000000,-20.200000,89.000000,-77.100000,145.100000,1.305207,-0.135938,1.541491,-0.064381,0.000000,0.000000,0.000000,0.000000
409.018,1.305332,-0.135939,1.541475,-0.064381,-0.003491,0.000000,0.000000,0.000000,-20.200000,89.000000,-77.100000,145.100000,1.305207,-0.135938,1.541491,-0.064381,0.000000,0.000000,0.000000,0.000000
409.488,1.316676,-0.133877,1.525767,-0.063017,-0.010472,0.000010,0.000000,0.000000,-19.400000,41.500000,101.400000,150.000000,1.316717,-0.133877,1.526064,-0.063018,0.000000,0.000000,0.000000,0.000000
409.498,1.316676,-0.133877,1.525767,-0.063017,-0.010472,0.000010,0.000000,0.000000,-19.400000,41.500000,101.400000,150.000000,1.316717,-0.133877,1.526064,-0.063018,0.000000,0.000000,0.000000,0.000000
409.508,1.316676,-0.133877,1.525767,-0.063017,-0.010472,0.000010,0.000000,0.000000,-19.400000,41.500000,101.400000,150.000000,1.316717,-0.133877,1.526064,-0.063018,0.000000,0.000000,0.000000,0.000000
409.518,1.316676,-0.133877,1.525767,-0.063017,-0.010472,0.000010,0.000000,0.000000,-19.400000,41.500000,101.400000,150.000000,1.316717,-0.133877,1.526064,-0.063018,0.000000,0.000000,0.000000,0.000000
409.888,1.331163,-0.131802,1.507964,-0.061574,-0.012217,0.000130,0.000000,0.000000,-16.100000,58.000000,-27.700000,167.400000,1.331205,-0.131800,1.508069,-0.061573,0.000000,0.000000,0.000000,0.000000
409.898,1.331163,-0.131802,1.507964,-0.061574,-0.012217,0.000130,0.000000,0.000000,-16.100000,58.000000,-27.700000,167.400000,1.331205,-0.131800,1.508069,-0.061573,0.000000,0.000000,0.000000,0.000000
409.908,1.331163,-0.131802,1.507964,-0.061574,-0.012217,0.000130,0.000000,0.000000,-16.100000,58.000000,-27.700000,167.400000,1.331205,-0.131800,1.508069,-0.061573,0.000000,0.000000,0.000000,0.000000
409.918,1.331163,-0.131802,1.507964,-0.061574,-0.012217,0.000130,0.000000,0.000000,-16.100000,58.000000,-27.700000,167.400000,1.331205,-0.131800,1.508069,-0.061573,0.000000,0.000000,0.000000,0.000000
410.388,1.354725,-0.129763,1.488591,-0.060348,-0.003491,0.000000,0.000000,0.000000,-20.500000,41.400000,100.300000,132.400000,1.354936,-0.129763,1.488873,-0.060348,0.000000,0.000000,0.000000,0.000000
410.398,1.354725,-0.129763,1.488591,-0.060348,-0.003491,0.000000,0.000000,0.000000,-20.500000,41.400000,100.300000,132.400000,1.354936,-0.129763,1.488873,-0.060348,0.000000,0.000000,0.000000,0.000000
410.408,1.354725,-0.129763,1.488591,-0.060348,-0.003491,0.000000,0.000000,0.000000,-20.500000,41.400000,100.300000,132.400000,1.354936,-0.129763,1.488873,-0.060348,0.000000,0.000000,0.000000,0.000000
410.418,1.354725,-0.129763,1.488591,-0.060348,-0.003491,0.000000,0.000000,0.000000,-20.500000,41.400000,100.300000,132.400000,1.354936,-0.129763,1.488873,-0.060348,0.000000,0.000000,0.000000,0.000000
410.887,1.384046,-0.127655,1.460492,-0.059145,0.000000,0.000010,0.000000,0.000000,-16.500000,78.100000,73.000000,141.400000,1.384067,-0.127656,1.460535,-0.059146,0.000000,0.000000,0.000000,0.000000
410.897,1.384046,-0.127655,1.460492,-0.059145,0.000000,0.000010,0.000000,0.000000,-16.500000,78.100000,73.000000,141.400000,1.384067,-0.127656,1.460535,-0.059146,0.000000,0.000000,0.000000,0.000000
410.908,1.384046,-0.127655,1.460492,-0.059145,0.000000,0.000010,0.000000,0.000000,-16.500000,78.100000,73.000000,141.400000,1.384067,-0.127656,1.460535,-0.059146,0.000000,0.000000,0.000000,0.000000
410.918,1.384046,-0.127655,1.460492,-0.059145,0.000000,0.000010,0.000000,0.000000,-16.500000,78.100000,73.000000,141.400000,1.384067,-0.127656,1.460535,-0.059146,0.000000,0.000000,0.000000,0.000000
411.388,1.404816,-0.125530,1.435184,-0.057859,-0.017453,0.000080,0.000000,0.000000,-17.600000,68.200000,51.500000,109.800000,1.404785,-0.125531,1.435416,-0.057859,0.000000,0.000000,0.000000,0.000000
411.398,1.404816,-0.125530,1.435184,-0.057859,-0.017453,0.000080,0.000000,0.000000,-17.600000,68.200000,51.500000,109.800000,1.404785,-0.125531,1.435416,-0.057859,0.000000,0.000000,0.000000,0.000000
411.408,1.404816,-0.125530,1.435184,-0.057859,-0.017453,0.000080,0.000000,0.000000,-17.600000,68.200000,51.500000,109.800000,1.404785,-0.125531,1.435416,-0.057859,0.000000,0.000000,0.000000,0.000000
411.418,1.404816,-0.125530,1.435184,-0.057859,-0.017453,0.000080,0.000000,0.000000,-17.600000,68.200000,51.500000,109.800000,1.404785,-0.125531,1.435416,-0.057859,0.000000,0.000000,0.000000,0.000000
411.888,1.418604,-0.123381,1.416335,-0.056640,0.000000,0.000000,0.000000,0.000000,-17.200000,50.300000,-8.800000,138.800000,1.418566,-0.123380,1.416562,-0.056640,0.000000,0.000000,0.000000,0.000000
411.898,1.418604,-0.123381,1.416335,-0.056640,0.000000,0.000000,0.000000,0.000000,-17.200000,50.300000,-8.800000,138.800000,1.418566,-0.123380,1.416562,-0.056640,0.000000,0.000000,0.000000,0.000000
411.908,1.418604,-0.123381,1.416335,-0.056640,0.000000,0.000000,0.000000,0.000000,-17.200000,50.300000,-8.800000,138.800000,1.418566,-0.123380,1.416562,-0.056640,0.000000,0.000000,0.000000,0.000000
411.918,1.418604,-0.123381,1.416335,-0.056640,0.000000,0.000000,0.000000,0.000000,-17.200000,50.300000,-8.800000,138.800000,1.418566,-0.123380,1.416562,-0.056640,0.000000,0.000000,0.000000,0.000000
412.387,1.425410,-0.121203,1.402023,-0.055376,-0.001745,0.000100,0.001745,0.000000,-17.100000,30.700000,93.000000,146.700000,1.425570,-0.121203,1.402331,-0.055376,0.000000,0.000000,0.000000,0.000000
412.397,1.425410,-0.121203,1.402023,-0.055376,-0.001745,0.000100,0.001745,0.000000,-17.100000,30.700000,93.000000,146.700000,1.425570,-0.121203,1.402331,-0.055376,0.000000,0.000000,0.000000,0.000000
412.408,1.425410,-0.121203,1.402023,-0.055376,-0.001745,0.000100,0.001745,0.000000,-17.100000,30.700000,93.000000,146.700000,1.425570,-0.121203,1.402331,-0.055376,0.000000,0.000000,0.000000,0.000000
412.418,1.425410,-0.121203,1.402023,-0.055376,-0.001745,0.000100,0.001745,0.000000,-17.100000,30.700000,93.000000,146.700000,1.425570,-0.121203,1.402331,-0.055376,0.000000,0.000000,0.000000,0.000000
412.888,1.432392,-0.118919,1.388235,-0.053982,0.001745,0.000020,0.000000,0.000000,-13.900000,46.900000,102.500000,139.000000,1.432368,-0.118919,1.388409,-0.053983,0.000000,0.000000,0.000000,0.000000
412.898,1.432392,-0.118919,1.388235,-0.053982,0.001745,0.000020,0.000000,0.000000,-13.900000,46.900000,102.500000,139.000000,1.432368,-0.118919,1.388409,-0.053983,0.000000,0.000000,0.000000,0.000000
412.908,1.432392,-0.118919,1.388235,-0.053982,0.001745,0.000020,0.000000,0.000000,-13.900000,46.900000,102.500000,139.000000,1.432368,-0.118919,1.388409,-0.053983,0.000000,0.000000,0.000000,0.000000
412.918,1.432392,-0.118919,1.388235,-0.053982,0.001745,0.000020,0.000000,0.000000,-13.900000,46.900000,102.500000,139.000000,1.432368,-0.118919,1.388409,-0.053983,0.000000,0.000000,0.000000,0.000000
413.387,1.441293,-0.116695,1.373923,-0.052647,0.000000,0.000010,0.000000,0.000000,-18.800000,78.000000,109.000000,151.200000,1.497778,-0.114665,1.326005,-0.052569,0.000000,0.000000,0.000000,0.000000
413.398,1.441293,-0.116695,1.373923,-0.052647,0.000000,0.000010,0.000000,0.000000,-18.800000,78.000000,109.000000,151.200000,1.497778,-0.114665,1.326005,-0.052569,0.000000,0.000000,0.000000,0.000000
413.408,1.441293,-0.116695,1.373923,-0.052647,0.000000,0.000010,0.000000,0.000000,-18.800000,78.000000,109.000000,151.200000,1.497778,-0.114665,1.326005,-0.052569,0.000000,0.000000,0.000000,0.000000
413.418,1.441293,-0.116695,1.373923,-0.052647,0.000000,0.000010,0.000000,0.000000,-18.800000,78.000000,109.000000,151.200000,1.497778,-0.114665,1.326005,-0.052569,0.000000,0.000000,0.000000,0.000000
413.788,1.497667,-0.114669,1.325927,-0.052569,0.000000,-0.000020,0.000000,0.000000,-17.900000,50.800000,-71.700000,138.000000,1.497778,-0.114665,1.326005,-0.052569,0.000000,0.000000,0.000000,0.000000
413.798,1.497667,-0.114669,1.325927,-0.052569,0.000000,-0.000020,0.000000,0.000000,-17.900000,50.800000,-71.700000,138.000000,1.497778,-0.114665,1.326005,-0.052569,0.000000,0.000000,0.000000,0.000000
413.808,1.497667,-0.114669,1.325927,-0.052569,0.000000,-0.000020,0.000000,0.000000,-17.900000,50.800000,-71.700000,138.000000,1.497778,-0.114665,1.326005,-0.052569,0.000000,0.000000,0.000000,0.000000
413.818,1.497667,-0.114669,1.325927,-0.052569,0.000000,-0.000020,0.000000,0.000000,-17.900000,50.800000,-71.700000,138.000000,1.497778,-0.114665,1.326005,-0.052569,0.000000,0.000000,0.000000,0.000000
414.288,1.494176,-0.112649,1.316676,-0.051358,0.003491,0.000000,0.001745,0.000000,-17.500000,54.400000,62.500000,148.100000,1.494517,-0.112649,1.316989,-0.051359,0.000000,0.000000,0.000000,0.000000
414.298,1.494176,-0.112649,1.316676,-0.051358,0.003491,0.000000,0.001745,0.000000,-17.500000,54.400000,62.500000,148.100000,1.494517,-0.112649,1.316989,-0.051359,0.000000,0.000000,0.000000,0.000000
414.308,1.494176,-0.112649,1.316676,-0.051358,0.003491,0.000000,0.001745,0.000000,-17.500000,54.400000,62.500000,148.100000,1.494517,-0.112649,1.316989,-0.051359,0.000000,0.000000,0.000000,0.000000
414.319,1.494176,-0.112649,1.316676,-0.051358,0.003491,0.000000,0.001745,0.000000,-17.500000,54.400000,62.500000,148.100000,1.494517,-0.112649,1.316989,-0.051359,0.000000,0.000000,0.000000,0.000000
414.787,1.457524,-0.110529,1.321563,-0.050198,0.000000,0.000000,0.000000,0.000000,-19.800000,59.600000,-35.400000,143.700000,1.457806,-0.110529,1.321671,-0.050198,0.000000,0.000000,0.000000,0.000000
414.797,1.457524,-0.110529,1.321563,-0.050198,0.000000,0.000000,0.000000,0.000000,-19.800000,59.600000,-35.400000,143.700000,1.457806,-0.110529,1.321671,-0.050198,0.000000,0.000000,0.000000,0.000000
414.808,1.457524,-0.110529,1.321563,-0.050198,0.000000,0.000000,0.000000,0.000000,-19.800000,59.600000,-35.400000,143.700000,1.457806,-0.110529,1.321671,-0.050198,0.000000,0.000000,0.000000,0.000000
414.818,1.457524,-0.110529,1.321563,-0.050198,0.000000,0.000000,0.000000,0.000000,-19.800000,59.600000,-35.400000,143.700000,1.457806,-0.110529,1.321671,-0.050198,0.000000,0.000000,0.000000,0.000000
415.288,1.455081,-0.108473,1.314058,-0.048730,0.000000,0.000000,0.000000,0.000000,-23.100000,48.900000,164.600000,112.100000,1.455105,-0.108473,1.314047,-0.048730,0.000000,0.000000,0.000000,0.000000
415.298,1.455081,-0.108473,1.314058,-0.048730,0.000000,0.000000,0.000000,0.000000,-23.100000,48.900000,164.600000,112.100000,1.455105,-0.108473,1.314047,-0.048730,0.000000,0.000000,0.000000,0.000000
415.308,1.455081,-0.108473,1.314058,-0.048730,0.000000,0.000000,0.000000,0.000000,-23.100000,48.900000,164.600000,112.100000,1.455105,-0.108473,1.314047,-0.048730,0.000000,0.000000,0.000000,0.000000
415.318,1.455081,-0.108473,1.314058,-0.048730,0.000000,0.000000,0.000000,0.000000,-23.100000,48.900000,164.600000,112.100000,1.455105,-0.108473,1.314047,-0.048730,0.000000,0.000000,0.000000,0.000000
415.788,1.451241,-0.106083,1.308822,-0.047062,-0.045379,0.000000,0.001745,0.000000,-22.100000,71.700000,57.400000,117.800000,1.451089,-0.106083,1.308907,-0.047062,0.000000,0.000000,0.000000,0.000000
415.798,1.451241,-0.106083,1.308822,-0.047062,-0.045379,0.000000,0.001745,0.000000,-22.100000,71.700000,57.400000,117.800000,1.451089,-0.106083,1.308907,-0.047062,0.000000,0.000000,0.000000,0.000000
415.810,1.451241,-0.106083,1.308822,-0.047062,-0.045379,0.000000,0.001745,0.000000,-22.100000,71.700000,57.400000,117.800000,1.451089,-0.106083,1.308907,-0.047062,0.000000,0.000000,0.000000,0.000000
415.820,1.451241,-0.106083,1.308822,-0.047062,-0.045379,0.000000,0.001745,0.000000,-22.100000,71.700000,57.400000,117.800000,1.451089,-0.106083,1.308907,-0.047062,0.000000,0.000000,0.000000,0.000000
416.287,1.450892,-0.103959,1.316502,-0.045790,0.017453,0.000010,-0.001745,0.000000,-19.300000,50.400000,-110.500000,116.600000,1.450904,-0.103959,1.316716,-0.045791,0.000000,0.000000,0.000000,0.000000
416.297,1.450892,-0.103959,1.316502,-0.045790,0.017453,0.000010,-0.001745,0.000000,-19.300000,50.400000,-110.500000,116.600000,1.450904,-0.103959,1.316716,-0.045791,0.000000,0.000000,0.000000,0.000000
416.307,1.450892,-0.103959,1.316502,-0.045790,0.017453,0.000010,-0.001745,0.000000,-19.300000,50.400000,-110.500000,116.600000,1.450904,-0.103959,1.316716,-0.045791,0.000000,0.000000,0.000000,0.000000
416.318,1.450892,-0.103959,1.316502,-0.045790,0.017453,0.000010,-0.001745,0.000000,-19.300000,50.400000,-110.500000,116.600000,1.450904,-0.103959,1.316716,-0.045791,0.000000,0.000000,0.000000,0.000000
416.787,1.451590,-0.101283,1.319643,-0.044059,0.006981,0.000000,-0.001745,0.000000,-20.600000,37.000000,-92.900000,144.000000,1.451748,-0.101282,1.319771,-0.044060,0.000000,0.000000,0.000000,0.000000
416.797,1.451590,-0.101283,1.319643,-0.044059,0.006981,0.000000,-0.001745,0.000000,-20.600000,37.000000,-92.900000,144.000000,1.451748,-0.101282,1.319771,-0.044060,0.000000,0.000000,0.000000,0.000000
416.807,1.451590,-0.101283,1.319643,-0.044059,0.006981,0.000000,-0.001745,0.000000,-20.600000,37.000000,-92.900000,144.000000,1.451748,-0.101282,1.319771,-0.044060,0.000000,0.000000,0.000000,0.000000
416.818,1.451590,-0.101283,1.319643,-0.044059,0.006981,0.000000,-0.001745,0.000000,-20.600000,37.000000,-92.900000,144.000000,1.451748,-0.101282,1.319771,-0.044060,0.000000,0.000000,0.000000,0.000000
417.287,1.457699,-0.099088,1.338668,-0.043452,0.008727,0.000030,-0.001745,0.000000,-9.300000,42.900000,-67.000000,138.800000,1.470555,-0.096994,1.364751,-0.043739,0.000000,0.000000,0.000000,0.000000
417.298,1.457699,-0.099088,1.338668,-0.043452,0.008727,0.000030,-0.001745,0.000000,-9.300000,42.900000,-67.000000,138.800000,1.470555,-0.096994,1.364751,-0.043739,0.000000,0.000000,0.000000,0.000000
417.308,1.457699,-0.099088,1.338668,-0.043452,0.008727,0.000030,-0.001745,0.000000,-9.300000,42.900000,-67.000000,138.800000,1.470555,-0.096994,1.364751,-0.043739,0.000000,0.000000,0.000000,0.000000
417.318,1.457699,-0.099088,1.338668,-0.043452,0.008727,0.000030,-0.001745,0.000000,-9.300000,42.900000,-67.000000,138.800000,1.470555,-0.096994,1.364751,-0.043739,0.000000,0.000000,0.000000,0.000000
417.787,1.470440,-0.096994,1.364673,-0.043737,-0.012217,0.000000,0.000000,0.000000,-15.100000,55.700000,25.600000,54.500000,1.470555,-0.096994,1.364751,-0.043739,0.000000,0.000000,0.000000,0.000000
417.798,1.470440,-0.096994,1.364673,-0.043737,-0.012217,0.000000,0.000000,0.000000,-15.100000,55.700000,25.600000,54.500000,1.470555,-0.096994,1.364751,-0.043739,0.000000,0.000000,0.000000,0.000000
417.808,1.470440,-0.096994,1.364673,-0.043737,-0.012217,0.000000,0.000000,0.000000,-15.100000,55.700000,25.600000,54.500000,1.470555,-0.096994,1.364751,-0.043739,0.000000,0.000000,0.000000,0.000000
417.818,1.470440,-0.096994,1.364673,-0.043737,-0.012217,0.000000,0.000000,0.000000,-15.100000,55.700000,25.600000,54.500000,1.470555,-0.096994,1.364751,-0.043739,0.000000,0.000000,0.000000,0.000000
434.487,-1.375145,-0.154836,-1.374970,-0.071902,-0.027925,0.000000,0.000000,0.000000,-21.800000,9.600000,7.700000,35.300000,-1.350055,-0.152734,-1.439408,-0.071361,0.000000,0.000000,0.000000,0.000000
434.497,-1.375145,-0.154836,-1.374970,-0.071902,-0.027925,0.000000,0.000000,0.000000,-21.800000,9.600000,7.700000,35.300000,-1.350055,-0.152734,-1.439408,-0.071361,0.000000,0.000000,0.000000,0.000000
434.507,-1.375145,-0.154836,-1.374970,-0.071902,-0.027925,0.000000,0.000000,0.000000,-21.800000,9.600000,7.700000,35.300000,-1.350055,-0.152734,-1.439408,-0.071361,0.000000,0.000000,0.000000,0.000000
434.518,-1.375145,-0.154836,-1.374970,-0.071902,-0.027925,0.000000,0.000000,0.000000,-21.800000,9.600000,7.700000,35.300000,-1.350055,-0.152734,-1.439408,-0.071361,0.000000,0.000000,0.000000,0.000000
437.987,-1.350187,-0.152734,-1.439373,-0.071361,0.000000,-0.000080,0.000000,0.000000,-13.700000,20.500000,-65.100000,59.100000,-1.326063,-0.150696,-1.502402,-0.070837,0.000000,0.000000,0.000000,0.000000
437.997,-1.350187,-0.152734,-1.439373,-0.071361,0.000000,-0.000080,0.000000,0.000000,-13.700000,20.500000,-65.100000,59.100000,-1.326063,-0.150696,-1.502402,-0.070837,0.000000,0.000000,0.000000,0.000000
438.008,-1.350187,-0.152734,-1.439373,-0.071361,0.000000,-0.000080,0.000000,0.000000,-13.700000,20.500000,-65.100000,59.100000,-1.326063,-0.150696,-1.502402,-0.070837,0.000000,0.000000,0.000000,0.000000
438.018,-1.350187,-0.152734,-1.439373,-0.071361,0.000000,-0.000080,0.000000,0.000000,-13.700000,20.500000,-65.100000,59.100000,-1.326063,-0.150696,-1.502402,-0.070837,0.000000,0.000000,0.000000,0.000000
438.388,-1.325927,-0.150699,-1.502554,-0.070837,0.005236,0.000110,-0.001745,0.000000,-13.100000,62.900000,-114.500000,138.100000,-1.326063,-0.150696,-1.502402,-0.070837,0.000000,0.000000,0.000000,0.000000
438.398,-1.325927,-0.150699,-1.502554,-0.070837,0.005236,0.000110,-0.001745,0.000000,-13.100000,62.900000,-114.500000,138.100000,-1.326063,-0.150696,-1.502402,-0.070837,0.000000,0.000000,0.000000,0.000000
438.408,-1.325927,-0.150699,-1.502554,-0.070837,0.005236,0.000110,-0.001745,0.000000,-13.100000,62.900000,-114.500000,138.100000,-1.326063,-0.150696,-1.502402,-0.070837,0.000000,0.000000,0.000000,0.000000
438.418,-1.325927,-0.150699,-1.502554,-0.070837,0.005236,0.000110,-0.001745,0.000000,-13.100000,62.900000,-114.500000,138.100000,-1.326063,-0.150696,-1.502402,-0.070837,0.000000,0.000000,0.000000,0.000000
441.887,-1.258731,-0.148706,-1.519135,-0.069895,0.000000,0.000000,0.000000,0.000000,-10.400000,22.500000,-20.100000,108.000000,-1.190587,-0.146659,-1.540683,-0.068930,0.000000,0.000000,0.000000,0.000000
441.897,-1.258731,-0.148706,-1.519135,-0.069895,0.000000,0.000000,0.000000,0.000000,-10.400000,22.500000,-20.100000,108.000000,-1.190587,-0.146659,-1.540683,-0.068930,0.000000,0.000000,0.000000,0.000000
441.907,-1.258731,-0.148706,-1.519135,-0.069895,0.000000,0.000000,0.000000,0.000000,-10.400000,22.500000,-20.100000,108.000000,-1.190587,-0.146659,-1.540683,-0.068930,0.000000,0.000000,0.000000,0.000000
441.918,-1.258731,-0.148706,-1.519135,-0.069895,0.000000,0.000000,0.000000,0.000000,-10.400000,22.500000,-20.100000,108.000000,-1.190587,-0.146659,-1.540683,-0.068930,0.000000,0.000000,0.000000,0.000000
445.288,-1.190664,-0.146659,-1.540602,-0.068929,0.013963,0.000000,0.000000,0.000000,-10.900000,31.600000,3.900000,129.700000,-1.190587,-0.146659,-1.540683,-0.068930,0.000000,0.000000,0.000000,0.000000
445.298,-1.190664,-0.146659,-1.540602,-0.068929,0.013963,0.000000,0.000000,0.000000,-10.900000,31.600000,3.900000,129.700000,-1.190587,-0.146659,-1.540683,-0.068930,0.000000,0.000000,0.000000,0.000000
445.308,-1.190664,-0.146659,-1.540602,-0.068929,0.013963,0.000000,0.000000,0.000000,-10.900000,31.600000,3.900000,129.700000,-1.190587,-0.146659,-1.540683,-0.068930,0.000000,0.000000,0.000000,0.000000
445.318,-1.190664,-0.146659,-1.540602,-0.068929,0.013963,0.000000,0.000000,0.000000,-10.900000,31.600000,3.900000,129.700000,-1.190587,-0.146659,-1.540683,-0.068930,0.000000,0.000000,0.000000,0.000000
446.188,-1.122247,-0.144611,-1.562244,-0.067963,0.000000,-0.000050,0.001745,0.000000,-9.500000,25.000000,108.800000,99.300000,-1.122282,-0.144612,-1.562217,-0.067964,0.000000,0.000000,0.000000,0.000000
446.198,-1.122247,-0.144611,-1.562244,-0.067963,0.000000,-0.000050,0.001745,0.000000,-9.500000,25.000000,108.800000,99.300000,-1.122282,-0.144612,-1.562217,-0.067964,0.000000,0.000000,0.000000,0.000000
446.208,-1.122247,-0.144611,-1.562244,-0.067963,0.000000,-0.000050,0.001745,0.000000,-9.500000,25.000000,108.800000,99.300000,-1.122282,-0.144612,-1.562217,-0.067964,0.000000,0.000000,0.000000,0.000000
446.218,-1.122247,-0.144611,-1.562244,-0.067963,0.000000,-0.000050,0.001745,0.000000,-9.500000,25.000000,108.800000,99.300000,-1.122282,-0.144612,-1.562217,-0.067964,0.000000,0.000000,0.000000,0.000000
447.088,-1.053830,-0.142564,-1.583537,-0.066998,0.003491,-0.000010,0.000000,0.000000,-8.400000,39.500000,100.300000,94.400000,-1.053977,-0.142565,-1.583751,-0.066998,0.000000,0.000000,0.000000,0.000000
447.098,-1.053830,-0.142564,-1.583537,-0.066998,0.003491,-0.000010,0.000000,0.000000,-8.400000,39.500000,100.300000,94.400000,-1.053977,-0.142565,-1.583751,-0.066998,0.000000,0.000000,0.000000,0.000000
447.108,-1.053830,-0.142564,-1.583537,-0.066998,0.003491,-0.000010,0.000000,0.000000,-8.400000,39.500000,100.300000,94.400000,-1.053977,-0.142565,-1.583751,-0.066998,0.000000,0.000000,0.000000,0.000000
447.118,-1.053830,-0.142564,-1.583537,-0.066998,0.003491,-0.000010,0.000000,0.000000,-8.400000,39.500000,100.300000,94.400000,-1.053977,-0.142565,-1.583751,-0.066998,0.000000,0.000000,0.000000,0.000000
450.988,-0.996059,-0.140521,-1.603609,-0.065981,-0.001745,-0.000050,0.000000,0.000000,-10.800000,10.000000,21.700000,92.600000,-0.996111,-0.140521,-1.603690,-0.065982,0.000000,0.000000,0.000000,0.000000
450.998,-0.996059,-0.140521,-1.603609,-0.065981,-0.001745,-0.000050,0.000000,0.000000,-10.800000,10.000000,21.700000,92.600000,-0.996111,-0.140521,-1.603690,-0.065982,0.000000,0.000000,0.000000,0.000000
451.008,-0.996059,-0.140521,-1.603609,-0.065981,-0.001745,-0.000050,0.000000,0.000000,-10.800000,10.000000,21.700000,92.600000,-0.996111,-0.140521,-1.603690,-0.065982,0.000000,0.000000,0.000000,0.000000
451.018,-0.996059,-0.140521,-1.603609,-0.065981,-0.001745,-0.000050,0.000000,0.000000,-10.800000,10.000000,21.700000,92.600000,-0.996111,-0.140521,-1.603690,-0.065982,0.000000,0.000000,0.000000,0.000000
454.487,-0.937940,-0.138461,-1.628392,-0.064955,0.000000,0.000040,0.000000,0.000000,-11.300000,22.600000,-16.100000,117.200000,-0.879834,-0.136404,-1.653169,-0.063929,0.000000,0.000000,0.000000,0.000000
454.498,-0.937940,-0.138461,-1.628392,-0.064955,0.000000,0.000040,0.000000,0.000000,-11.300000,22.600000,-16.100000,117.200000,-0.879834,-0.136404,-1.653169,-0.063929,0.000000,0.000000,0.000000,0.000000
454.508,-0.937940,-0.138461,-1.628392,-0.064955,0.000000,0.000040,0.000000,0.000000,-11.300000,22.600000,-16.100000,117.200000,-0.879834,-0.136404,-1.653169,-0.063929,0.000000,0.000000,0.000000,0.000000
454.518,-0.937940,-0.138461,-1.628392,-0.064955,0.000000,0.000040,0.000000,0.000000,-11.300000,22.600000,-16.100000,117.200000,-0.879834,-0.136404,-1.653169,-0.063929,0.000000,0.000000,0.000000,0.000000
454.888,-0.879820,-0.136407,-1.653176,-0.063929,0.000000,0.000000,0.000000,0.000000,-9.800000,91.600000,-55.800000,172.100000,-0.879834,-0.136404,-1.653169,-0.063929,0.000000,0.000000,0.000000,0.000000
454.898,-0.879820,-0.136407,-1.653176,-0.063929,0.000000,0.000000,0.000000,0.000000,-9.800000,91.600000,-55.800000,172.100000,-0.879834,-0.136404,-1.653169,-0.063929,0.000000,0.000000,0.000000,0.000000
454.908,-0.879820,-0.136407,-1.653176,-0.063929,0.000000,0.000000,0.000000,0.000000,-9.800000,91.600000,-55.800000,172.100000,-0.879834,-0.136404,-1.653169,-0.063929,0.000000,0.000000,0.000000,0.000000
454.918,-0.879820,-0.136407,-1.653176,-0.063929,0.000000,0.000000,0.000000,0.000000,-9.800000,91.600000,-55.800000,172.100000,-0.879834,-0.136404,-1.653169,-0.063929,0.000000,0.000000,0.000000,0.000000
455.788,-0.810356,-0.134389,-1.678832,-0.062987,0.008727,0.000000,0.000000,0.000000,-9.700000,32.200000,76.100000,100.300000,-0.810310,-0.134390,-1.678839,-0.062987,0.000000,0.000000,0.000000,0.000000
455.798,-0.810356,-0.134389,-1.678832,-0.062987,0.008727,0.000000,0.000000,0.000000,-9.700000,32.200000,76.100000,100.300000,-0.810310,-0.134390,-1.678839,-0.062987,0.000000,0.000000,0.000000,0.000000
455.808,-0.810356,-0.134389,-1.678832,-0.062987,0.008727,0.000000,0.000000,0.000000,-9.700000,32.200000,76.100000,100.300000,-0.810310,-0.134390,-1.678839,-0.062987,0.000000,0.000000,0.000000,0.000000
455.818,-0.810356,-0.134389,-1.678832,-0.062987,0.008727,0.000000,0.000000,0.000000,-9.700000,32.200000,76.100000,100.300000,-0.810310,-0.134390,-1.678839,-0.062987,0.000000,0.000000,0.000000,0.000000
459.188,-0.756077,-0.132360,-1.702569,-0.062035,-0.005236,-0.000020,0.000000,0.000000,-13.900000,16.500000,35.900000,94.600000,-0.756248,-0.132362,-1.702680,-0.062035,0.000000,0.000000,0.000000,0.000000
459.198,-0.756077,-0.132360,-1.702569,-0.062035,-0.005236,-0.000020,0.000000,0.000000,-13.900000,16.500000,35.900000,94.600000,-0.756248,-0.132362,-1.702680,-0.062035,0.000000,0.000000,0.000000,0.000000
459.208,-0.756077,-0.132360,-1.702569,-0.062035,-0.005236,-0.000020,0.000000,0.000000,-13.900000,16.500000,35.900000,94.600000,-0.756248,-0.132362,-1.702680,-0.062035,0.000000,0.000000,0.000000,0.000000
459.218,-0.756077,-0.132360,-1.702569,-0.062035,-0.005236,-0.000020,0.000000,0.000000,-13.900000,16.500000,35.900000,94.600000,-0.756248,-0.132362,-1.702680,-0.062035,0.000000,0.000000,0.000000,0.000000
462.688,-0.702146,-0.130317,-1.730843,-0.061034,0.000000,-0.000050,0.000000,0.000000,-13.900000,23.300000,19.800000,111.400000,-0.702233,-0.130317,-1.731184,-0.061035,0.000000,0.000000,0.000000,0.000000
462.698,-0.702146,-0.130317,-1.730843,-0.061034,0.000000,-0.000050,0.000000,0.000000,-13.900000,23.300000,19.800000,111.400000,-0.702233,-0.130317,-1.731184,-0.061035,0.000000,0.000000,0.000000,0.000000
462.708,-0.702146,-0.130317,-1.730843,-0.061034,0.000000,-0.000050,0.000000,0.000000,-13.900000,23.300000,19.800000,111.400000,-0.702233,-0.130317,-1.731184,-0.061035,0.000000,0.000000,0.000000,0.000000
462.718,-0.702146,-0.130317,-1.730843,-0.061034,0.000000,-0.000050,0.000000,0.000000,-13.900000,23.300000,19.800000,111.400000,-0.702233,-0.130317,-1.731184,-0.061035,0.000000,0.000000,0.000000,0.000000
466.188,-0.648215,-0.128271,-1.759641,-0.060034,0.000000,0.000000,0.000000,0.000000,-11.700000,15.400000,-14.300000,86.200000,-0.648217,-0.128271,-1.759688,-0.060034,0.000000,0.000000,0.000000,0.000000
466.198,-0.648215,-0.128271,-1.759641,-0.060034,0.000000,0.000000,0.000000,0.000000,-11.700000,15.400000,-14.300000,86.200000,-0.648217,-0.128271,-1.759688,-0.060034,0.000000,0.000000,0.000000,0.000000
466.208,-0.648215,-0.128271,-1.759641,-0.060034,0.000000,0.000000,0.000000,0.000000,-11.700000,15.400000,-14.300000,86.200000,-0.648217,-0.128271,-1.759688,-0.060034,0.000000,0.000000,0.000000,0.000000
466.218,-0.648215,-0.128271,-1.759641,-0.060034,0.000000,0.000000,0.000000,0.000000,-11.700000,15.400000,-14.300000,86.200000,-0.648217,-0.128271,-1.759688,-0.060034,0.000000,0.000000,0.000000,0.000000
469.788,-0.593936,-0.126226,-1.788090,-0.059033,-0.008727,0.000040,0.000000,0.000000,-15.000000,27.400000,6.800000,82.000000,-0.594201,-0.126226,-1.788192,-0.059034,0.000000,0.000000,0.000000,0.000000
469.798,-0.593936,-0.126226,-1.788090,-0.059033,-0.008727,0.000040,0.000000,0.000000,-15.000000,27.400000,6.800000,82.000000,-0.594201,-0.126226,-1.788192,-0.059034,0.000000,0.000000,0.000000,0.000000
469.808,-0.593936,-0.126226,-1.788090,-0.059033,-0.008727,0.000040,0.000000,0.000000,-15.000000,27.400000,6.800000,82.000000,-0.594201,-0.126226,-1.788192,-0.059034,0.000000,0.000000,0.000000,0.000000
469.818,-0.593936,-0.126226,-1.788090,-0.059033,-0.008727,0.000040,0.000000,0.000000,-15.000000,27.400000,6.800000,82.000000,-0.594201,-0.126226,-1.788192,-0.059034,0.000000,0.000000,0.000000,0.000000
470.287,-0.540179,-0.124181,-1.816713,-0.058033,0.005236,0.000010,0.000000,0.000000,-7.000000,62.100000,-77.500000,126.500000,-0.540186,-0.124181,-1.816696,-0.058033,0.000000,0.000000,0.000000,0.000000
470.298,-0.540179,-0.124181,-1.816713,-0.058033,0.005236,0.000010,0.000000,0.000000,-7.000000,62.100000,-77.500000,126.500000,-0.540186,-0.124181,-1.816696,-0.058033,0.000000,0.000000,0.000000,0.000000
470.308,-0.540179,-0.124181,-1.816713,-0.058033,0.005236,0.000010,0.000000,0.000000,-7.000000,62.100000,-77.500000,126.500000,-0.540186,-0.124181,-1.816696,-0.058033,0.000000,0.000000,0.000000,0.000000
470.318,-0.540179,-0.124181,-1.816713,-0.058033,0.005236,0.000010,0.000000,0.000000,-7.000000,62.100000,-77.500000,126.500000,-0.540186,-0.124181,-1.816696,-0.058033,0.000000,0.000000,0.000000,0.000000
470.687,-0.625701,-0.122170,-1.699078,-0.057808,0.024435,0.000070,0.000000,0.000000,-20.100000,27.700000,88.800000,108.300000,-0.625830,-0.122166,-1.699213,-0.057809,0.000000,0.000000,0.000000,0.000000
470.697,-0.625701,-0.122170,-1.699078,-0.057808,0.024435,0.000070,0.000000,0.000000,-20.100000,27.700000,88.800000,108.300000,-0.625830,-0.122166,-1.699213,-0.057809,0.000000,0.000000,0.000000,0.000000
470.707,-0.625701,-0.122170,-1.699078,-0.057808,0.024435,0.000070,0.000000,0.000000,-20.100000,27.700000,88.800000,108.300000,-0.625830,-0.122166,-1.699213,-0.057809,0.000000,0.000000,0.000000,0.000000
470.718,-0.625701,-0.122170,-1.699078,-0.057808,0.024435,0.000070,0.000000,0.000000,-20.100000,27.700000,88.800000,108.300000,-0.625830,-0.122166,-1.699213,-0.057809,0.000000,0.000000,0.000000,0.000000
471.187,-0.533198,-0.120148,-1.716706,-0.056840,0.000000,0.000010,0.006981,0.000000,-17.000000,50.500000,168.000000,112.300000,-0.533331,-0.120147,-1.716777,-0.056841,0.000000,0.000000,0.000000,0.000000
471.197,-0.533198,-0.120148,-1.716706,-0.056840,0.000000,0.000010,0.006981,0.000000,-17.000000,50.500000,168.000000,112.300000,-0.533331,-0.120147,-1.716777,-0.056841,0.000000,0.000000,0.000000,0.000000
471.208,-0.533198,-0.120148,-1.716706,-0.056840,0.000000,0.000010,0.006981,0.000000,-17.000000,50.500000,168.000000,112.300000,-0.533331,-0.120147,-1.716777,-0.056841,0.000000,0.000000,0.000000,0.000000
471.218,-0.533198,-0.120148,-1.716706,-0.056840,0.000000,0.000010,0.006981,0.000000,-17.000000,50.500000,168.000000,112.300000,-0.533331,-0.120147,-1.716777,-0.056841,0.000000,0.000000,0.000000,0.000000
472.088,-0.659909,-0.118155,-1.598722,-0.056449,-0.003491,-0.000040,0.003491,0.000000,-23.500000,38.100000,93.000000,94.800000,-0.659784,-0.118156,-1.598791,-0.056450,0.000000,0.000000,0.000000,0.000000
472.098,-0.659909,-0.118155,-1.598722,-0.056449,-0.003491,-0.000040,0.003491,0.000000,-23.500000,38.100000,93.000000,94.800000,-0.659784,-0.118156,-1.598791,-0.056450,0.000000,0.000000,0.000000,0.000000
472.108,-0.659909,-0.118155,-1.598722,-0.056449,-0.003491,-0.000040,0.003491,0.000000,-23.500000,38.100000,93.000000,94.800000,-0.659784,-0.118156,-1.598791,-0.056450,0.000000,0.000000,0.000000,0.000000
472.118,-0.659909,-0.118155,-1.598722,-0.056449,-0.003491,-0.000040,0.003491,0.000000,-23.500000,38.100000,93.000000,94.800000,-0.659784,-0.118156,-1.598791,-0.056450,0.000000,0.000000,0.000000,0.000000
472.587,-0.780511,-0.116151,-1.481086,-0.056080,-0.026180,0.000000,0.000000,0.000000,-18.300000,92.500000,119.000000,80.300000,-0.780702,-0.116152,-1.481315,-0.056080,0.000000,0.000000,0.000000,0.000000
472.598,-0.780511,-0.116151,-1.481086,-0.056080,-0.026180,0.000000,0.000000,0.000000,-18.300000,92.500000,119.000000,80.300000,-0.780702,-0.116152,-1.481315,-0.056080,0.000000,0.000000,0.000000,0.000000
472.608,-0.780511,-0.116151,-1.481086,-0.056080,-0.026180,0.000000,0.000000,0.000000,-18.300000,92.500000,119.000000,80.300000,-0.780702,-0.116152,-1.481315,-0.056080,0.000000,0.000000,0.000000,0.000000
472.618,-0.780511,-0.116151,-1.481086,-0.056080,-0.026180,0.000000,0.000000,0.000000,-18.300000,92.500000,119.000000,80.300000,-0.780702,-0.116152,-1.481315,-0.056080,0.000000,0.000000,0.000000,0.000000
473.490,-0.686089,-0.114149,-1.547583,-0.055688,0.003491,0.000020,0.000000,0.000000,-14.000000,41.900000,78.200000,103.600000,-0.686040,-0.114150,-1.547596,-0.055688,0.000000,0.000000,0.000000,0.000000
473.503,-0.686089,-0.114149,-1.547583,-0.055688,0.003491,0.000020,0.000000,0.000000,-14.000000,41.900000,78.200000,103.600000,-0.686040,-0.114150,-1.547596,-0.055688,0.000000,0.000000,0.000000,0.000000
473.513,-0.686089,-0.114149,-1.547583,-0.055688,0.003491,0.000020,0.000000,0.000000,-14.000000,41.900000,78.200000,103.600000,-0.686040,-0.114150,-1.547596,-0.055688,0.000000,0.000000,0.000000,0.000000
473.523,-0.686089,-0.114149,-1.547583,-0.055688,0.003491,0.000020,0.000000,0.000000,-14.000000,41.900000,78.200000,103.600000,-0.686040,-0.114150,-1.547596,-0.055688,0.000000,0.000000,0.000000,0.000000
476.987,-0.596728,-0.112125,-1.614430,-0.055314,0.005236,-0.000040,0.000000,0.000000,-13.100000,31.000000,-6.900000,78.500000,-0.596811,-0.112125,-1.614755,-0.055315,0.000000,0.000000,0.000000,0.000000
476.997,-0.596728,-0.112125,-1.614430,-0.055314,0.005236,-0.000040,0.000000,0.000000,-13.100000,31.000000,-6.900000,78.500000,-0.596811,-0.112125,-1.614755,-0.055315,0.000000,0.000000,0.000000,0.000000
477.008,-0.596728,-0.112125,-1.614430,-0.055314,0.005236,-0.000040,0.000000,0.000000,-13.100000,31.000000,-6.900000,78.500000,-0.596811,-0.112125,-1.614755,-0.055315,0.000000,0.000000,0.000000,0.000000
477.018,-0.596728,-0.112125,-1.614430,-0.055314,0.005236,-0.000040,0.000000,0.000000,-13.100000,31.000000,-6.900000,78.500000,-0.596811,-0.112125,-1.614755,-0.055315,0.000000,0.000000,0.000000,0.000000
477.388,-0.507542,-0.110104,-1.681974,-0.054941,0.000000,0.000060,0.000000,0.000000,-9.500000,49.800000,-95.600000,127.500000,-0.507582,-0.110100,-1.681913,-0.054941,0.000000,0.000000,0.000000,0.000000
477.398,-0.507542,-0.110104,-1.681974,-0.054941,0.000000,0.000060,0.000000,0.000000,-9.500000,49.800000,-95.600000,127.500000,-0.507582,-0.110100,-1.681913,-0.054941,0.000000,0.000000,0.000000,0.000000
477.408,-0.507542,-0.110104,-1.681974,-0.054941,0.000000,0.000060,0.000000,0.000000,-9.500000,49.800000,-95.600000,127.500000,-0.507582,-0.110100,-1.681913,-0.054941,0.000000,0.000000,0.000000,0.000000
477.418,-0.507542,-0.110104,-1.681974,-0.054941,0.000000,0.000060,0.000000,0.000000,-9.500000,49.800000,-95.600000,127.500000,-0.507582,-0.110100,-1.681913,-0.054941,0.000000,0.000000,0.000000,0.000000
477.887,-0.488692,-0.108081,-1.809557,-0.054818,0.000000,0.000020,0.000000,0.000000,-3.600000,71.100000,-78.400000,87.300000,-0.488896,-0.108082,-1.809499,-0.054819,0.000000,0.000000,0.000000,0.000000
477.898,-0.488692,-0.108081,-1.809557,-0.054818,0.000000,0.000020,0.000000,0.000000,-3.600000,71.100000,-78.400000,87.300000,-0.488896,-0.108082,-1.809499,-0.054819,0.000000,0.000000,0.000000,0.000000
477.908,-0.488692,-0.108081,-1.809557,-0.054818,0.000000,0.000020,0.000000,0.000000,-3.600000,71.100000,-78.400000,87.300000,-0.488896,-0.108082,-1.809499,-0.054819,0.000000,0.000000,0.000000,0.000000
477.918,-0.488692,-0.108081,-1.809557,-0.054818,0.000000,0.000020,0.000000,0.000000,-3.600000,71.100000,-78.400000,87.300000,-0.488896,-0.108082,-1.809499,-0.054819,0.000000,0.000000,0.000000,0.000000
478.387,-0.361632,-0.106055,-1.838530,-0.053400,0.000000,0.000000,0.000000,0.000000,-16.000000,82.900000,-91.300000,135.900000,-0.235662,-0.104031,-1.873785,-0.052012,0.000000,0.000000,0.000000,0.000000
478.398,-0.361632,-0.106055,-1.838530,-0.053400,0.000000,0.000000,0.000000,0.000000,-16.000000,82.900000,-91.300000,135.900000,-0.235662,-0.104031,-1.873785,-0.052012,0.000000,0.000000,0.000000,0.000000
478.408,-0.361632,-0.106055,-1.838530,-0.053400,0.000000,0.000000,0.000000,0.000000,-16.000000,82.900000,-91.300000,135.900000,-0.235662,-0.104031,-1.873785,-0.052012,0.000000,0.000000,0.000000,0.000000
478.418,-0.361632,-0.106055,-1.838530,-0.053400,0.000000,0.000000,0.000000,0.000000,-16.000000,82.900000,-91.300000,135.900000,-0.235662,-0.104031,-1.873785,-0.052012,0.000000,0.000000,0.000000,0.000000
479.288,-0.235619,-0.104030,-1.873611,-0.052011,0.000000,0.000000,0.000000,0.000000,-8.400000,22.000000,95.800000,97.200000,-0.235662,-0.104031,-1.873785,-0.052012,0.000000,0.000000,0.000000,0.000000
479.298,-0.235619,-0.104030,-1.873611,-0.052011,0.000000,0.000000,0.000000,0.000000,-8.400000,22.000000,95.800000,97.200000,-0.235662,-0.104031,-1.873785,-0.052012,0.000000,0.000000,0.000000,0.000000
479.308,-0.235619,-0.104030,-1.873611,-0.052011,0.000000,0.000000,0.000000,0.000000,-8.400000,22.000000,95.800000,97.200000,-0.235662,-0.104031,-1.873785,-0.052012,0.000000,0.000000,0.000000,0.000000
479.318,-0.235619,-0.104030,-1.873611,-0.052011,0.000000,0.000000,0.000000,0.000000,-8.400000,22.000000,95.800000,97.200000,-0.235662,-0.104031,-1.873785,-0.052012,0.000000,0.000000,0.000000,0.000000
479.788,-0.539481,-0.102035,-1.694540,-0.050803,0.001745,0.000010,0.000000,0.000000,-24.900000,43.200000,76.300000,146.600000,-0.539559,-0.102034,-1.694810,-0.050803,0.000000,0.000000,0.000000,0.000000
479.798,-0.539481,-0.102035,-1.694540,-0.050803,0.001745,0.000010,0.000000,0.000000,-24.900000,43.200000,76.300000,146.600000,-0.539559,-0.102034,-1.694810,-0.050803,0.000000,0.000000,0.000000,0.000000
479.808,-0.539481,-0.102035,-1.694540,-0.050803,0.001745,0.000010,0.000000,0.000000,-24.900000,43.200000,76.300000,146.600000,-0.539559,-0.102034,-1.694810,-0.050803,0.000000,0.000000,0.000000,0.000000
479.818,-0.539481,-0.102035,-1.694540,-0.050803,0.001745,0.000010,0.000000,0.000000,-24.900000,43.200000,76.300000,146.600000,-0.539559,-0.102034,-1.694810,-0.050803,0.000000,0.000000,0.000000,0.000000
480.688,-0.773181,-0.100053,-1.435708,-0.050860,0.000000,-0.000050,0.000000,0.000000,-17.500000,30.600000,-42.300000,47.500000,-0.773221,-0.100053,-1.435926,-0.050861,0.000000,0.000000,0.000000,0.000000
480.698,-0.773181,-0.100053,-1.435708,-0.050860,0.000000,-0.000050,0.000000,0.000000,-17.500000,30.600000,-42.300000,47.500000,-0.773221,-0.100053,-1.435926,-0.050861,0.000000,0.000000,0.000000,0.000000
480.708,-0.773181,-0.100053,-1.435708,-0.050860,0.000000,-0.000050,0.000000,0.000000,-17.500000,30.600000,-42.300000,47.500000,-0.773221,-0.100053,-1.435926,-0.050861,0.000000,0.000000,0.000000,0.000000
480.718,-0.773181,-0.100053,-1.435708,-0.050860,0.000000,-0.000050,0.000000,0.000000,-17.500000,30.600000,-42.300000,47.500000,-0.773221,-0.100053,-1.435926,-0.050861,0.000000,0.000000,0.000000,0.000000
481.187,-1.002517,-0.098045,-1.182810,-0.050897,0.001745,0.000020,0.000000,0.000000,-30.700000,72.000000,115.800000,68.000000,-1.298498,-0.096044,-0.900295,-0.050332,0.000000,0.000000,0.000000,0.000000
481.197,-1.002517,-0.098045,-1.182810,-0.050897,0.001745,0.000020,0.000000,0.000000,-30.700000,72.000000,115.800000,68.000000,-1.298498,-0.096044,-0.900295,-0.050332,0.000000,0.000000,0.000000,0.000000
481.208,-1.002517,-0.098045,-1.182810,-0.050897,0.001745,0.000020,0.000000,0.000000,-30.700000,72.000000,115.800000,68.000000,-1.298498,-0.096044,-0.900295,-0.050332,0.000000,0.000000,0.000000,0.000000
481.218,-1.002517,-0.098045,-1.182810,-0.050897,0.001745,0.000020,0.000000,0.000000,-30.700000,72.000000,115.800000,68.000000,-1.298498,-0.096044,-0.900295,-0.050332,0.000000,0.000000,0.000000,0.000000
481.988,-1.298525,-0.096043,-0.900066,-0.050331,0.001745,-0.000010,0.000000,0.000000,-13.200000,42.600000,-49.200000,84.100000,-1.298498,-0.096044,-0.900295,-0.050332,0.000000,0.000000,0.000000,0.000000
481.998,-1.298525,-0.096043,-0.900066,-0.050331,0.001745,-0.000010,0.000000,0.000000,-13.200000,42.600000,-49.200000,84.100000,-1.298498,-0.096044,-0.900295,-0.050332,0.000000,0.000000,0.000000,0.000000
482.008,-1.298525,-0.096043,-0.900066,-0.050331,0.001745,-0.000010,0.000000,0.000000,-13.200000,42.600000,-49.200000,84.100000,-1.298498,-0.096044,-0.900295,-0.050332,0.000000,0.000000,0.000000,0.000000
482.018,-1.298525,-0.096043,-0.900066,-0.050331,0.001745,-0.000010,0.000000,0.000000,-13.200000,42.600000,-49.200000,84.100000,-1.298498,-0.096044,-0.900295,-0.050332,0.000000,0.000000,0.000000,0.000000
485.388,-1.596976,-0.094040,-0.620988,-0.049767,0.000000,-0.000040,0.000000,0.000000,-18.900000,19.800000,16.800000,73.200000,-1.596912,-0.094041,-0.620818,-0.049766,0.000000,0.000000,0.000000,0.000000
485.398,-1.596976,-0.094040,-0.620988,-0.049767,0.000000,-0.000040,0.000000,0.000000,-18.900000,19.800000,16.800000,73.200000,-1.596912,-0.094041,-0.620818,-0.049766,0.000000,0.000000,0.000000,0.000000
485.408,-1.596976,-0.094040,-0.620988,-0.049767,0.000000,-0.000040,0.000000,0.000000,-18.900000,19.800000,16.800000,73.200000,-1.596912,-0.094041,-0.620818,-0.049766,0.000000,0.000000,0.000000,0.000000
485.418,-1.596976,-0.094040,-0.620988,-0.049767,0.000000,-0.000040,0.000000,0.000000,-18.900000,19.800000,16.800000,73.200000,-1.596912,-0.094041,-0.620818,-0.049766,0.000000,0.000000,0.000000,0.000000
485.787,-1.895079,-0.092041,-0.341212,-0.049200,-0.003491,0.000040,0.001745,0.000000,-40.400000,45.500000,231.500000,100.900000,-0.972857,-0.090088,-1.296473,-0.049784,0.000000,0.000000,0.000000,0.000000
485.798,-1.895079,-0.092041,-0.341212,-0.049200,-0.003491,0.000040,0.001745,0.000000,-40.400000,45.500000,231.500000,100.900000,-0.972857,-0.090088,-1.296473,-0.049784,0.000000,0.000000,0.000000,0.000000
485.808,-1.895079,-0.092041,-0.341212,-0.049200,-0.003491,0.000040,0.001745,0.000000,-40.400000,45.500000,231.500000,100.900000,-0.972857,-0.090088,-1.296473,-0.049784,0.000000,0.000000,0.000000,0.000000
485.818,-1.895079,-0.092041,-0.341212,-0.049200,-0.003491,0.000040,0.001745,0.000000,-40.400000,45.500000,231.500000,100.900000,-0.972857,-0.090088,-1.296473,-0.049784,0.000000,0.000000,0.000000,0.000000
486.488,-0.972847,-0.090086,-1.296431,-0.049783,0.000000,0.000050,-0.001745,0.000000,-7.600000,23.800000,-127.700000,56.800000,-0.972857,-0.090088,-1.296473,-0.049784,0.000000,0.000000,0.000000,0.000000
486.498,-0.972847,-0.090086,-1.296431,-0.049783,0.000000,0.000050,-0.001745,0.000000,-7.600000,23.800000,-127.700000,56.800000,-0.972857,-0.090088,-1.296473,-0.049784,0.000000,0.000000,0.000000,0.000000
486.508,-0.972847,-0.090086,-1.296431,-0.049783,0.000000,0.000050,-0.001745,0.000000,-7.600000,23.800000,-127.700000,56.800000,-0.972857,-0.090088,-1.296473,-0.049784,0.000000,0.000000,0.000000,0.000000
486.518,-0.972847,-0.090086,-1.296431,-0.049783,0.000000,0.000050,-0.001745,0.000000,-7.600000,23.800000,-127.700000,56.800000,-0.972857,-0.090088,-1.296473,-0.049784,0.000000,0.000000,0.000000,0.000000
490.088,-0.023387,-0.088107,-1.825091,-0.045610,0.000000,-0.000010,0.000000,0.000000,-8.800000,37.500000,-1.400000,108.500000,-0.023401,-0.088108,-1.825191,-0.045611,0.000000,0.000000,0.000000,0.000000
490.098,-0.023387,-0.088107,-1.825091,-0.045610,0.000000,-0.000010,0.000000,0.000000,-8.800000,37.500000,-1.400000,108.500000,-0.023401,-0.088108,-1.825191,-0.045611,0.000000,0.000000,0.000000,0.000000
490.108,-0.023387,-0.088107,-1.825091,-0.045610,0.000000,-0.000010,0.000000,0.000000,-8.800000,37.500000,-1.400000,108.500000,-0.023401,-0.088108,-1.825191,-0.045611,0.000000,0.000000,0.000000,0.000000
490.118,-0.023387,-0.088107,-1.825091,-0.045610,0.000000,-0.000010,0.000000,0.000000,-8.800000,37.500000,-1.400000,108.500000,-0.023401,-0.088108,-1.825191,-0.045611,0.000000,0.000000,0.000000,0.000000
490.688,0.749968,-0.086454,-2.260027,-0.042196,0.000000,-0.000010,0.000000,0.000020,-13.000000,25.300000,-161.000000,182.200000,0.750010,-0.086455,-2.259986,-0.042196,0.000000,0.000000,0.000000,0.000000
490.698,0.749968,-0.086454,-2.260027,-0.042196,0.000000,-0.000010,0.000000,0.000020,-13.000000,25.300000,-161.000000,182.200000,0.750010,-0.086455,-2.259986,-0.042196,0.000000,0.000000,0.000000,0.000000
490.708,0.749968,-0.086454,-2.260027,-0.042196,0.000000,-0.000010,0.000000,0.000020,-13.000000,25.300000,-161.000000,182.200000,0.750010,-0.086455,-2.259986,-0.042196,0.000000,0.000000,0.000000,0.000000
490.718,0.749968,-0.086454,-2.260027,-0.042196,0.000000,-0.000010,0.000000,0.000020,-13.000000,25.300000,-161.000000,182.200000,0.750010,-0.086455,-2.259986,-0.042196,0.000000,0.000000,0.000000,0.000000
491.187,0.722392,-0.088252,-2.223200,-0.041689,-0.020944,-0.000050,0.000000,0.000000,-10.200000,-49.400000,40.000000,171.700000,0.722406,-0.088252,-2.223502,-0.041691,0.000000,0.000000,0.000000,0.000000
491.198,0.722392,-0.088252,-2.223200,-0.041689,-0.020944,-0.000050,0.000000,0.000000,-10.200000,-49.400000,40.000000,171.700000,0.722406,-0.088252,-2.223502,-0.041691,0.000000,0.000000,0.000000,0.000000
491.208,0.722392,-0.088252,-2.223200,-0.041689,-0.020944,-0.000050,0.000000,0.000000,-10.200000,-49.400000,40.000000,171.700000,0.722406,-0.088252,-2.223502,-0.041691,0.000000,0.000000,0.000000,0.000000
491.218,0.722392,-0.088252,-2.223200,-0.041689,-0.020944,-0.000050,0.000000,0.000000,-10.200000,-49.400000,40.000000,171.700000,0.722406,-0.088252,-2.223502,-0.041691,0.000000,0.000000,0.000000,0.000000
491.887,0.546463,-0.088109,-2.311514,-0.047105,0.000000,0.000000,0.000000,-0.000020,-4.300000,20.700000,-22.400000,-26.600000,0.546354,-0.088109,-2.311675,-0.047108,0.000000,0.000000,0.000000,0.000000
491.898,0.546463,-0.088109,-2.311514,-0.047105,0.000000,0.000000,0.000000,-0.000020,-4.300000,20.700000,-22.400000,-26.600000,0.546354,-0.088109,-2.311675,-0.047108,0.000000,0.000000,0.000000,0.000000
491.908,0.546463,-0.088109,-2.311514,-0.047105,0.000000,0.000000,0.000000,-0.000020,-4.300000,20.700000,-22.400000,-26.600000,0.546354,-0.088109,-2.311675,-0.047108,0.000000,0.000000,0.000000,0.000000
491.918,0.546463,-0.088109,-2.311514,-0.047105,0.000000,0.000000,0.000000,-0.000020,-4.300000,20.700000,-22.400000,-26.600000,0.546354,-0.088109,-2.311675,-0.047108,0.000000,0.000000,0.000000,0.000000
492.587,0.445757,-0.087939,-2.044479,-0.041828,0.006981,0.000000,0.000000,0.000040,-15.300000,22.200000,-6.800000,185.400000,0.862248,-0.086796,-1.952001,-0.040034,0.000000,0.000000,0.000000,0.000000
492.598,0.445757,-0.087939,-2.044479,-0.041828,0.006981,0.000000,0.000000,0.000040,-15.300000,22.200000,-6.800000,185.400000,0.862248,-0.086796,-1.952001,-0.040034,0.000000,0.000000,0.000000,0.000000
492.608,0.445757,-0.087939,-2.044479,-0.041828,0.006981,0.000000,0.000000,0.000040,-15.300000,22.200000,-6.800000,185.400000,0.862248,-0.086796,-1.952001,-0.040034,0.000000,0.000000,0.000000,0.000000
492.618,0.445757,-0.087939,-2.044479,-0.041828,0.006981,0.000000,0.000000,0.000040,-15.300000,22.200000,-6.800000,185.400000,0.862248,-0.086796,-1.952001,-0.040034,0.000000,0.000000,0.000000,0.000000
493.087,0.862193,-0.086797,-1.951976,-0.040034,0.006981,0.000000,0.000000,0.000000,-12.100000,58.300000,108.400000,180.900000,0.862248,-0.086796,-1.952001,-0.040034,0.000000,0.000000,0.000000,0.000000
493.097,0.862193,-0.086797,-1.951976,-0.040034,0.006981,0.000000,0.000000,0.000000,-12.100000,58.300000,108.400000,180.900000,0.862248,-0.086796,-1.952001,-0.040034,0.000000,0.000000,0.000000,0.000000
493.108,0.862193,-0.086797,-1.951976,-0.040034,0.006981,0.000000,0.000000,0.000000,-12.100000,58.300000,108.400000,180.900000,0.862248,-0.086796,-1.952001,-0.040034,0.000000,0.000000,0.000000,0.000000
493.118,0.862193,-0.086797,-1.951976,-0.040034,0.006981,0.000000,0.000000,0.000000,-12.100000,58.300000,108.400000,180.900000,0.862248,-0.086796,-1.952001,-0.040034,0.000000,0.000000,0.000000,0.000000
513.888,-2.198417,-0.154836,-2.198417,-0.071903,-0.034907,0.000000,0.000000,0.000000,-14.000000,7.400000,-34.900000,42.000000,-2.198426,-0.154836,-2.198426,-0.071903,0.000000,0.000000,0.000000,0.000000
513.898,-2.198417,-0.154836,-2.198417,-0.071903,-0.034907,0.000000,0.000000,0.000000,-14.000000,7.400000,-34.900000,42.000000,-2.198426,-0.154836,-2.198426,-0.071903,0.000000,0.000000,0.000000,0.000000
513.908,-2.198417,-0.154836,-2.198417,-0.071903,-0.034907,0.000000,0.000000,0.000000,-14.000000,7.400000,-34.900000,42.000000,-2.198426,-0.154836,-2.198426,-0.071903,0.000000,0.000000,0.000000,0.000000
513.918,-2.198417,-0.154836,-2.198417,-0.071903,-0.034907,0.000000,0.000000,0.000000,-14.000000,7.400000,-34.900000,42.000000,-2.198426,-0.154836,-2.198426,-0.071903,0.000000,0.000000,0.000000,0.000000
517.488,-2.116735,-0.152788,-2.246762,-0.071309,-0.006981,0.000050,0.000000,0.000000,-13.100000,45.500000,-68.800000,63.100000,-2.116764,-0.152788,-2.246608,-0.071309,0.000000,0.000000,0.000000,0.000000
517.498,-2.116735,-0.152788,-2.246762,-0.071309,-0.006981,0.000050,0.000000,0.000000,-13.100000,45.500000,-68.800000,63.100000,-2.116764,-0.152788,-2.246608,-0.071309,0.000000,0.000000,0.000000,0.000000
517.508,-2.116735,-0.152788,-2.246762,-0.071309,-0.006981,0.000050,0.000000,0.000000,-13.100000,45.500000,-68.800000,63.100000,-2.116764,-0.152788,-2.246608,-0.071309,0.000000,0.000000,0.000000,0.000000
517.518,-2.116735,-0.152788,-2.246762,-0.071309,-0.006981,0.000050,0.000000,0.000000,-13.100000,45.500000,-68.800000,63.100000,-2.116764,-0.152788,-2.246608,-0.071309,0.000000,0.000000,0.000000,0.000000
521.088,-2.036799,-0.150783,-2.293537,-0.070728,0.000000,0.000000,0.000000,0.000000,-11.200000,46.800000,-22.400000,106.600000,-2.036925,-0.150784,-2.293728,-0.070729,0.000000,0.000000,0.000000,0.000000
521.098,-2.036799,-0.150783,-2.293537,-0.070728,0.000000,0.000000,0.000000,0.000000,-11.200000,46.800000,-22.400000,106.600000,-2.036925,-0.150784,-2.293728,-0.070729,0.000000,0.000000,0.000000,0.000000
521.108,-2.036799,-0.150783,-2.293537,-0.070728,0.000000,0.000000,0.000000,0.000000,-11.200000,46.800000,-22.400000,106.600000,-2.036925,-0.150784,-2.293728,-0.070729,0.000000,0.000000,0.000000,0.000000
521.118,-2.036799,-0.150783,-2.293537,-0.070728,0.000000,0.000000,0.000000,0.000000,-11.200000,46.800000,-22.400000,106.600000,-2.036925,-0.150784,-2.293728,-0.070729,0.000000,0.000000,0.000000,0.000000
524.688,-1.957038,-0.148778,-2.341010,-0.070149,0.000000,0.000000,0.000000,0.000000,-4.000000,33.900000,-6.200000,105.000000,-1.957087,-0.148780,-2.340848,-0.070148,0.000000,0.000000,0.000000,0.000000
524.698,-1.957038,-0.148778,-2.341010,-0.070149,0.000000,0.000000,0.000000,0.000000,-4.000000,33.900000,-6.200000,105.000000,-1.957087,-0.148780,-2.340848,-0.070148,0.000000,0.000000,0.000000,0.000000
524.708,-1.957038,-0.148778,-2.341010,-0.070149,0.000000,0.000000,0.000000,0.000000,-4.000000,33.900000,-6.200000,105.000000,-1.957087,-0.148780,-2.340848,-0.070148,0.000000,0.000000,0.000000,0.000000
524.718,-1.957038,-0.148778,-2.341010,-0.070149,0.000000,0.000000,0.000000,0.000000,-4.000000,33.900000,-6.200000,105.000000,-1.957087,-0.148780,-2.340848,-0.070148,0.000000,0.000000,0.000000,0.000000
525.388,-1.877102,-0.146777,-2.387785,-0.069566,-0.006981,0.000000,0.000000,0.000000,-1.200000,47.700000,-63.800000,101.600000,-1.877248,-0.146776,-2.387968,-0.069568,0.000000,0.000000,0.000000,0.000000
525.398,-1.877102,-0.146777,-2.387785,-0.069566,-0.006981,0.000000,0.000000,0.000000,-1.200000,47.700000,-63.800000,101.600000,-1.877248,-0.146776,-2.387968,-0.069568,0.000000,0.000000,0.000000,0.000000
525.408,-1.877102,-0.146777,-2.387785,-0.069566,-0.006981,0.000000,0.000000,0.000000,-1.200000,47.700000,-63.800000,101.600000,-1.877248,-0.146776,-2.387968,-0.069568,0.000000,0.000000,0.000000,0.000000
525.418,-1.877102,-0.146777,-2.387785,-0.069566,-0.006981,0.000000,0.000000,0.000000,-1.200000,47.700000,-63.800000,101.600000,-1.877248,-0.146776,-2.387968,-0.069568,0.000000,0.000000,0.000000,0.000000
525.988,-1.942377,-0.144758,-2.280098,-0.069048,-0.031416,0.000000,0.000000,0.000000,-12.700000,41.900000,72.900000,90.200000,-1.942539,-0.144758,-2.280235,-0.069047,0.000000,0.000000,0.000000,0.000000
525.998,-1.942377,-0.144758,-2.280098,-0.069048,-0.031416,0.000000,0.000000,0.000000,-12.700000,41.900000,72.900000,90.200000,-1.942539,-0.144758,-2.280235,-0.069047,0.000000,0.000000,0.000000,0.000000
526.008,-1.942377,-0.144758,-2.280098,-0.069048,-0.031416,0.000000,0.000000,0.000000,-12.700000,41.900000,72.900000,90.200000,-1.942539,-0.144758,-2.280235,-0.069047,0.000000,0.000000,0.000000,0.000000
526.018,-1.942377,-0.144758,-2.280098,-0.069048,-0.031416,0.000000,0.000000,0.000000,-12.700000,41.900000,72.900000,90.200000,-1.942539,-0.144758,-2.280235,-0.069047,0.000000,0.000000,0.000000,0.000000
529.788,-1.852492,-0.142726,-2.341010,-0.068522,0.000000,-0.000030,0.000000,0.000000,-11.300000,34.000000,-14.900000,104.900000,-1.852488,-0.142727,-2.341053,-0.068523,0.000000,0.000000,0.000000,0.000000
529.798,-1.852492,-0.142726,-2.341010,-0.068522,0.000000,-0.000030,0.000000,0.000000,-11.300000,34.000000,-14.900000,104.900000,-1.852488,-0.142727,-2.341053,-0.068523,0.000000,0.000000,0.000000,0.000000
529.808,-1.852492,-0.142726,-2.341010,-0.068522,0.000000,-0.000030,0.000000,0.000000,-11.300000,34.000000,-14.900000,104.900000,-1.852488,-0.142727,-2.341053,-0.068523,0.000000,0.000000,0.000000,0.000000
529.818,-1.852492,-0.142726,-2.341010,-0.068522,0.000000,-0.000030,0.000000,0.000000,-11.300000,34.000000,-14.900000,104.900000,-1.852488,-0.142727,-2.341053,-0.068523,0.000000,0.000000,0.000000,0.000000
533.588,-1.765750,-0.140699,-2.400875,-0.067999,0.000000,0.000010,0.000000,0.000000,3.600000,39.500000,-2.700000,86.600000,-1.765781,-0.140700,-2.400899,-0.067999,0.000000,0.000000,0.000000,0.000000
533.598,-1.765750,-0.140699,-2.400875,-0.067999,0.000000,0.000010,0.000000,0.000000,3.600000,39.500000,-2.700000,86.600000,-1.765781,-0.140700,-2.400899,-0.067999,0.000000,0.000000,0.000000,0.000000
533.608,-1.765750,-0.140699,-2.400875,-0.067999,0.000000,0.000010,0.000000,0.000000,3.600000,39.500000,-2.700000,86.600000,-1.765781,-0.140700,-2.400899,-0.067999,0.000000,0.000000,0.000000,0.000000
533.618,-1.765750,-0.140699,-2.400875,-0.067999,0.000000,0.000010,0.000000,0.000000,3.600000,39.500000,-2.700000,86.600000,-1.765781,-0.140700,-2.400899,-0.067999,0.000000,0.000000,0.000000,0.000000
537.291,-1.679007,-0.138674,-2.460740,-0.067475,0.000000,-0.000030,0.000000,0.000000,-0.600000,22.600000,-0.900000,81.900000,-1.679075,-0.138674,-2.460744,-0.067476,0.000000,0.000000,0.000000,0.000000
537.301,-1.679007,-0.138674,-2.460740,-0.067475,0.000000,-0.000030,0.000000,0.000000,-0.600000,22.600000,-0.900000,81.900000,-1.679075,-0.138674,-2.460744,-0.067476,0.000000,0.000000,0.000000,0.000000
537.311,-1.679007,-0.138674,-2.460740,-0.067475,0.000000,-0.000030,0.000000,0.000000,-0.600000,22.600000,-0.900000,81.900000,-1.679075,-0.138674,-2.460744,-0.067476,0.000000,0.000000,0.000000,0.000000
537.324,-1.679007,-0.138674,-2.460740,-0.067475,0.000000,-0.000030,0.000000,0.000000,-0.600000,22.600000,-0.900000,81.900000,-1.679075,-0.138674,-2.460744,-0.067476,0.000000,0.000000,0.000000,0.000000
537.788,-1.592264,-0.136647,-2.520430,-0.066951,0.000000,0.000000,0.000000,0.000000,6.500000,85.100000,-132.500000,100.100000,-1.592369,-0.136647,-2.520590,-0.066952,0.000000,0.000000,0.000000,0.000000
537.798,-1.592264,-0.136647,-2.520430,-0.066951,0.000000,0.000000,0.000000,0.000000,6.500000,85.100000,-132.500000,100.100000,-1.592369,-0.136647,-2.520590,-0.066952,0.000000,0.000000,0.000000,0.000000
537.808,-1.592264,-0.136647,-2.520430,-0.066951,0.000000,0.000000,0.000000,0.000000,6.500000,85.100000,-132.500000,100.100000,-1.592369,-0.136647,-2.520590,-0.066952,0.000000,0.000000,0.000000,0.000000
537.818,-1.592264,-0.136647,-2.520430,-0.066951,0.000000,0.000000,0.000000,0.000000,6.500000,85.100000,-132.500000,100.100000,-1.592369,-0.136647,-2.520590,-0.066952,0.000000,0.000000,0.000000,0.000000
538.288,-1.511281,-0.134561,-2.590069,-0.066472,-0.001745,0.000010,0.000000,0.000000,-8.500000,60.500000,-174.600000,111.000000,-1.511615,-0.134562,-2.590017,-0.066472,0.000000,0.000000,0.000000,0.000000
538.298,-1.511281,-0.134561,-2.590069,-0.066472,-0.001745,0.000010,0.000000,0.000000,-8.500000,60.500000,-174.600000,111.000000,-1.511615,-0.134562,-2.590017,-0.066472,0.000000,0.000000,0.000000,0.000000
538.308,-1.511281,-0.134561,-2.590069,-0.066472,-0.001745,0.000010,0.000000,0.000000,-8.500000,60.500000,-174.600000,111.000000,-1.511615,-0.134562,-2.590017,-0.066472,0.000000,0.000000,0.000000,0.000000
538.318,-1.511281,-0.134561,-2.590069,-0.066472,-0.001745,0.000010,0.000000,0.000000,-8.500000,60.500000,-174.600000,111.000000,-1.511615,-0.134562,-2.590017,-0.066472,0.000000,0.000000,0.000000,0.000000
539.194,-1.434835,-0.132521,-2.663372,-0.065942,0.000000,0.000000,0.000000,0.000000,-4.200000,30.700000,53.300000,98.100000,-1.357959,-0.130487,-2.741567,-0.065415,0.000000,0.000000,0.000000,0.000000
539.204,-1.434835,-0.132521,-2.663372,-0.065942,0.000000,0.000000,0.000000,0.000000,-4.200000,30.700000,53.300000,98.100000,-1.357959,-0.130487,-2.741567,-0.065415,0.000000,0.000000,0.000000,0.000000
539.214,-1.434835,-0.132521,-2.663372,-0.065942,0.000000,0.000000,0.000000,0.000000,-4.200000,30.700000,53.300000,98.100000,-1.357959,-0.130487,-2.741567,-0.065415,0.000000,0.000000,0.000000,0.000000
539.224,-1.434835,-0.132521,-2.663372,-0.065942,0.000000,0.000000,0.000000,0.000000,-4.200000,30.700000,53.300000,98.100000,-1.357959,-0.130487,-2.741567,-0.065415,0.000000,0.000000,0.000000,0.000000
539.687,-1.357866,-0.130488,-2.741738,-0.065415,-0.001745,0.000050,0.000000,0.000000,-3.700000,29.400000,-101.100000,78.200000,-1.357959,-0.130487,-2.741567,-0.065415,0.000000,0.000000,0.000000,0.000000
539.698,-1.357866,-0.130488,-2.741738,-0.065415,-0.001745,0.000050,0.000000,0.000000,-3.700000,29.400000,-101.100000,78.200000,-1.357959,-0.130487,-2.741567,-0.065415,0.000000,0.000000,0.000000,0.000000
539.708,-1.357866,-0.130488,-2.741738,-0.065415,-0.001745,0.000050,0.000000,0.000000,-3.700000,29.400000,-101.100000,78.200000,-1.357959,-0.130487,-2.741567,-0.065415,0.000000,0.000000,0.000000,0.000000
539.718,-1.357866,-0.130488,-2.741738,-0.065415,-0.001745,0.000050,0.000000,0.000000,-3.700000,29.400000,-101.100000,78.200000,-1.357959,-0.130487,-2.741567,-0.065415,0.000000,0.000000,0.000000,0.000000
540.187,-1.246340,-0.128445,-2.781182,-0.064756,0.000000,0.000010,0.000000,0.000000,2.300000,60.700000,1.400000,107.300000,-1.120687,-0.126436,-2.801806,-0.063811,0.000000,0.000000,0.000000,0.000000
540.198,-1.246340,-0.128445,-2.781182,-0.064756,0.000000,0.000010,0.000000,0.000000,2.300000,60.700000,1.400000,107.300000,-1.120687,-0.126436,-2.801806,-0.063811,0.000000,0.000000,0.000000,0.000000
540.208,-1.246340,-0.128445,-2.781182,-0.064756,0.000000,0.000010,0.000000,0.000000,2.300000,60.700000,1.400000,107.300000,-1.120687,-0.126436,-2.801806,-0.063811,0.000000,0.000000,0.000000,0.000000
540.218,-1.246340,-0.128445,-2.781182,-0.064756,0.000000,0.000010,0.000000,0.000000,2.300000,60.700000,1.400000,107.300000,-1.120687,-0.126436,-2.801806,-0.063811,0.000000,0.000000,0.000000,0.000000
540.987,-1.120676,-0.126434,-2.801952,-0.063811,0.000000,0.000000,0.000000,0.000000,-5.100000,39.400000,53.400000,77.500000,-1.120687,-0.126436,-2.801806,-0.063811,0.000000,0.000000,0.000000,0.000000
540.998,-1.120676,-0.126434,-2.801952,-0.063811,0.000000,0.000000,0.000000,0.000000,-5.100000,39.400000,53.400000,77.500000,-1.120687,-0.126436,-2.801806,-0.063811,0.000000,0.000000,0.000000,0.000000
541.008,-1.120676,-0.126434,-2.801952,-0.063811,0.000000,0.000000,0.000000,0.000000,-5.100000,39.400000,53.400000,77.500000,-1.120687,-0.126436,-2.801806,-0.063811,0.000000,0.000000,0.000000,0.000000
541.018,-1.120676,-0.126434,-2.801952,-0.063811,0.000000,0.000000,0.000000,0.000000,-5.100000,39.400000,53.400000,77.500000,-1.120687,-0.126436,-2.801806,-0.063811,0.000000,0.000000,0.000000,0.000000
541.491,-0.870047,-0.124410,-2.726902,-0.062132,0.000000,0.000090,0.000000,0.000000,-8.300000,65.800000,175.100000,127.700000,-0.870143,-0.124411,-2.727093,-0.062132,0.000000,0.000000,0.000000,0.000000
541.502,-0.870047,-0.124410,-2.726902,-0.062132,0.000000,0.000090,0.000000,0.000000,-8.300000,65.800000,175.100000,127.700000,-0.870143,-0.124411,-2.727093,-0.062132,0.000000,0.000000,0.000000,0.000000
541.512,-0.870047,-0.124410,-2.726902,-0.062132,0.000000,0.000090,0.000000,0.000000,-8.300000,65.800000,175.100000,127.700000,-0.870143,-0.124411,-2.727093,-0.062132,0.000000,0.000000,0.000000,0.000000
541.522,-0.870047,-0.124410,-2.726902,-0.062132,0.000000,0.000090,0.000000,0.000000,-8.300000,65.800000,175.100000,127.700000,-0.870143,-0.124411,-2.727093,-0.062132,0.000000,0.000000,0.000000,0.000000
541.988,-0.848928,-0.122420,-2.861642,-0.061821,0.003491,0.000040,0.000000,0.000000,-9.200000,48.100000,-124.700000,80.800000,-0.849045,-0.122420,-2.861663,-0.061822,0.000000,0.000000,0.000000,0.000000
541.998,-0.848928,-0.122420,-2.861642,-0.061821,0.003491,0.000040,0.000000,0.000000,-9.200000,48.100000,-124.700000,80.800000,-0.849045,-0.122420,-2.861663,-0.061822,0.000000,0.000000,0.000000,0.000000
542.008,-0.848928,-0.122420,-2.861642,-0.061821,0.003491,0.000040,0.000000,0.000000,-9.200000,48.100000,-124.700000,80.800000,-0.849045,-0.122420,-2.861663,-0.061822,0.000000,0.000000,0.000000,0.000000
542.018,-0.848928,-0.122420,-2.861642,-0.061821,0.003491,0.000040,0.000000,0.000000,-9.200000,48.100000,-124.700000,80.800000,-0.849045,-0.122420,-2.861663,-0.061822,0.000000,0.000000,0.000000,0.000000
542.488,-0.627271,-0.120428,-2.794621,-0.060102,0.019199,0.000100,0.000000,0.000000,-4.300000,51.400000,4.400000,133.800000,-0.627601,-0.120429,-2.794949,-0.060102,0.000000,0.000000,0.000000,0.000000
542.498,-0.627271,-0.120428,-2.794621,-0.060102,0.019199,0.000100,0.000000,0.000000,-4.300000,51.400000,4.400000,133.800000,-0.627601,-0.120429,-2.794949,-0.060102,0.000000,0.000000,0.000000,0.000000
542.508,-0.627271,-0.120428,-2.794621,-0.060102,0.019199,0.000100,0.000000,0.000000,-4.300000,51.400000,4.400000,133.800000,-0.627601,-0.120429,-2.794949,-0.060102,0.000000,0.000000,0.000000,0.000000
542.518,-0.627271,-0.120428,-2.794621,-0.060102,0.019199,0.000100,0.000000,0.000000,-4.300000,51.400000,4.400000,133.800000,-0.627601,-0.120429,-2.794949,-0.060102,0.000000,0.000000,0.000000,0.000000
542.888,-0.551175,-0.118427,-2.853439,-0.059646,0.000000,0.000060,0.000000,0.000000,-2.800000,56.900000,-124.700000,114.600000,-0.551019,-0.118423,-2.853417,-0.059646,0.000000,0.000000,0.000000,0.000000
542.898,-0.551175,-0.118427,-2.853439,-0.059646,0.000000,0.000060,0.000000,0.000000,-2.800000,56.900000,-124.700000,114.600000,-0.551019,-0.118423,-2.853417,-0.059646,0.000000,0.000000,0.000000,0.000000
542.908,-0.551175,-0.118427,-2.853439,-0.059646,0.000000,0.000060,0.000000,0.000000,-2.800000,56.900000,-124.700000,114.600000,-0.551019,-0.118423,-2.853417,-0.059646,0.000000,0.000000,0.000000,0.000000
542.918,-0.551175,-0.118427,-2.853439,-0.059646,0.000000,0.000060,0.000000,0.000000,-2.800000,56.900000,-124.700000,114.600000,-0.551019,-0.118423,-2.853417,-0.059646,0.000000,0.000000,0.000000,0.000000
543.288,-0.482758,-0.116463,-2.920459,-0.059166,-0.020944,0.000170,0.000000,0.000000,1.000000,111.900000,-137.700000,116.000000,-0.482861,-0.116461,-2.920354,-0.059166,0.000000,0.000000,0.000000,0.000000
543.298,-0.482758,-0.116463,-2.920459,-0.059166,-0.020944,0.000170,0.000000,0.000000,1.000000,111.900000,-137.700000,116.000000,-0.482861,-0.116461,-2.920354,-0.059166,0.000000,0.000000,0.000000,0.000000
543.308,-0.482758,-0.116463,-2.920459,-0.059166,-0.020944,0.000170,0.000000,0.000000,1.000000,111.900000,-137.700000,116.000000,-0.482861,-0.116461,-2.920354,-0.059166,0.000000,0.000000,0.000000,0.000000
543.318,-0.482758,-0.116463,-2.920459,-0.059166,-0.020944,0.000170,0.000000,0.000000,1.000000,111.900000,-137.700000,116.000000,-0.482861,-0.116461,-2.920354,-0.059166,0.000000,0.000000,0.000000,0.000000
543.688,-0.416610,-0.114494,-2.988876,-0.058444,0.003491,0.000150,0.000000,0.000000,-9.800000,97.000000,-157.600000,117.500000,-0.416639,-0.114491,-2.988923,-0.058444,0.000000,0.000000,0.000000,0.000000
543.698,-0.416610,-0.114494,-2.988876,-0.058444,0.003491,0.000150,0.000000,0.000000,-9.800000,97.000000,-157.600000,117.500000,-0.416639,-0.114491,-2.988923,-0.058444,0.000000,0.000000,0.000000,0.000000
543.708,-0.416610,-0.114494,-2.988876,-0.058444,0.003491,0.000150,0.000000,0.000000,-9.800000,97.000000,-157.600000,117.500000,-0.416639,-0.114491,-2.988923,-0.058444,0.000000,0.000000,0.000000,0.000000
543.718,-0.416610,-0.114494,-2.988876,-0.058444,0.003491,0.000150,0.000000,0.000000,-9.800000,97.000000,-157.600000,117.500000,-0.416639,-0.114491,-2.988923,-0.058444,0.000000,0.000000,0.000000,0.000000
544.087,-0.347146,-0.112509,-3.045425,-0.057480,0.001745,0.000110,0.000000,0.000020,-13.500000,68.200000,-116.100000,103.600000,-0.347229,-0.112505,-3.045269,-0.057480,0.000000,0.000000,0.000000,0.000000
544.097,-0.347146,-0.112509,-3.045425,-0.057480,0.001745,0.000110,0.000000,0.000020,-13.500000,68.200000,-116.100000,103.600000,-0.347229,-0.112505,-3.045269,-0.057480,0.000000,0.000000,0.000000,0.000000
544.107,-0.347146,-0.112509,-3.045425,-0.057480,0.001745,0.000110,0.000000,0.000020,-13.500000,68.200000,-116.100000,103.600000,-0.347229,-0.112505,-3.045269,-0.057480,0.000000,0.000000,0.000000,0.000000
544.118,-0.347146,-0.112509,-3.045425,-0.057480,0.001745,0.000110,0.000000,0.000020,-13.500000,68.200000,-116.100000,103.600000,-0.347229,-0.112505,-3.045269,-0.057480,0.000000,0.000000,0.000000,0.000000
544.387,-0.274191,-0.110572,-3.100054,-0.056872,0.000000,0.001210,0.000000,0.000010,3.200000,-107.100000,-153.400000,102.700000,-0.274060,-0.110526,-3.100128,-0.056872,0.000000,0.000000,0.000000,0.000000
544.397,-0.274191,-0.110572,-3.100054,-0.056872,0.000000,0.001210,0.000000,0.000010,3.200000,-107.100000,-153.400000,102.700000,-0.274060,-0.110526,-3.100128,-0.056872,0.000000,0.000000,0.000000,0.000000
544.408,-0.274191,-0.110572,-3.100054,-0.056872,0.000000,0.001210,0.000000,0.000010,3.200000,-107.100000,-153.400000,102.700000,-0.274060,-0.110526,-3.100128,-0.056872,0.000000,0.000000,0.000000,0.000000
544.418,-0.274191,-0.110572,-3.100054,-0.056872,0.000000,0.001210,0.000000,0.000010,3.200000,-107.100000,-153.400000,102.700000,-0.274060,-0.110526,-3.100128,-0.056872,0.000000,0.000000,0.000000,0.000000
555.888,0.773181,-0.154836,0.773181,-0.071903,0.000000,0.000000,0.000000,0.000000,-15.100000,18.900000,66.900000,45.100000,0.773053,-0.154836,0.773053,-0.071903,0.000000,0.000000,0.000000,0.000000
555.898,0.773181,-0.154836,0.773181,-0.071903,0.000000,0.000000,0.000000,0.000000,-15.100000,18.900000,66.900000,45.100000,0.773053,-0.154836,0.773053,-0.071903,0.000000,0.000000,0.000000,0.000000
555.908,0.773181,-0.154836,0.773181,-0.071903,0.000000,0.000000,0.000000,0.000000,-15.100000,18.900000,66.900000,45.100000,0.773053,-0.154836,0.773053,-0.071903,0.000000,0.000000,0.000000,0.000000
555.918,0.773181,-0.154836,0.773181,-0.071903,0.000000,0.000000,0.000000,0.000000,-15.100000,18.900000,66.900000,45.100000,0.773053,-0.154836,0.773053,-0.071903,0.000000,0.000000,0.000000,0.000000
556.388,0.731118,-0.152654,0.787318,-0.070936,0.000000,0.000010,-0.008727,0.000000,-15.400000,52.700000,-37.500000,112.800000,0.731415,-0.152654,0.787451,-0.070936,0.000000,0.000000,0.000000,0.000000
556.398,0.731118,-0.152654,0.787318,-0.070936,0.000000,0.000010,-0.008727,0.000000,-15.400000,52.700000,-37.500000,112.800000,0.731415,-0.152654,0.787451,-0.070936,0.000000,0.000000,0.000000,0.000000
556.408,0.731118,-0.152654,0.787318,-0.070936,0.000000,0.000010,-0.008727,0.000000,-15.400000,52.700000,-37.500000,112.800000,0.731415,-0.152654,0.787451,-0.070936,0.000000,0.000000,0.000000,0.000000
556.418,0.731118,-0.152654,0.787318,-0.070936,0.000000,0.000010,-0.008727,0.000000,-15.400000,52.700000,-37.500000,112.800000,0.731415,-0.152654,0.787451,-0.070936,0.000000,0.000000,0.000000,0.000000
560.187,0.758869,-0.150528,0.759916,-0.070128,0.000000,-0.000060,0.000000,0.000000,-15.800000,37.100000,29.000000,100.500000,0.758858,-0.150529,0.760309,-0.070129,0.000000,0.000000,0.000000,0.000000
560.197,0.758869,-0.150528,0.759916,-0.070128,0.000000,-0.000060,0.000000,0.000000,-15.800000,37.100000,29.000000,100.500000,0.758858,-0.150529,0.760309,-0.070129,0.000000,0.000000,0.000000,0.000000
560.208,0.758869,-0.150528,0.759916,-0.070128,0.000000,-0.000060,0.000000,0.000000,-15.800000,37.100000,29.000000,100.500000,0.758858,-0.150529,0.760309,-0.070129,0.000000,0.000000,0.000000,0.000000
560.218,0.758869,-0.150528,0.759916,-0.070128,0.000000,-0.000060,0.000000,0.000000,-15.800000,37.100000,29.000000,100.500000,0.758858,-0.150529,0.760309,-0.070129,0.000000,0.000000,0.000000,0.000000
560.787,0.788365,-0.148478,0.727279,-0.069356,-0.005236,0.000030,0.000000,0.000000,-16.200000,50.200000,99.700000,85.100000,0.788431,-0.148477,0.727455,-0.069356,0.000000,0.000000,0.000000,0.000000
560.797,0.788365,-0.148478,0.727279,-0.069356,-0.005236,0.000030,0.000000,0.000000,-16.200000,50.200000,99.700000,85.100000,0.788431,-0.148477,0.727455,-0.069356,0.000000,0.000000,0.000000,0.000000
560.808,0.788365,-0.148478,0.727279,-0.069356,-0.005236,0.000030,0.000000,0.000000,-16.200000,50.200000,99.700000,85.100000,0.788431,-0.148477,0.727455,-0.069356,0.000000,0.000000,0.000000,0.000000
560.818,0.788365,-0.148478,0.727279,-0.069356,-0.005236,0.000030,0.000000,0.000000,-16.200000,50.200000,99.700000,85.100000,0.788431,-0.148477,0.727455,-0.069356,0.000000,0.000000,0.000000,0.000000
561.287,0.813149,-0.146401,0.692721,-0.068600,0.000000,-0.000030,0.000000,0.000000,-11.500000,96.700000,39.400000,96.900000,0.840806,-0.144390,0.655511,-0.067839,0.000000,0.000000,0.000000,0.000000
561.297,0.813149,-0.146401,0.692721,-0.068600,0.000000,-0.000030,0.000000,0.000000,-11.500000,96.700000,39.400000,96.900000,0.840806,-0.144390,0.655511,-0.067839,0.000000,0.000000,0.000000,0.000000
561.308,0.813149,-0.146401,0.692721,-0.068600,0.000000,-0.000030,0.000000,0.000000,-11.500000,96.700000,39.400000,96.900000,0.840806,-0.144390,0.655511,-0.067839,0.000000,0.000000,0.000000,0.000000
561.318,0.813149,-0.146401,0.692721,-0.068600,0.000000,-0.000030,0.000000,0.000000,-11.500000,96.700000,39.400000,96.900000,0.840806,-0.144390,0.655511,-0.067839,0.000000,0.000000,0.000000,0.000000
561.787,0.840725,-0.144390,0.655197,-0.067838,-0.003491,0.000000,0.000000,0.000000,-13.700000,59.400000,17.900000,102.600000,0.794610,-0.142230,0.675844,-0.066971,0.000000,0.000000,0.000000,0.000000
561.798,0.840725,-0.144390,0.655197,-0.067838,-0.003491,0.000000,0.000000,0.000000,-13.700000,59.400000,17.900000,102.600000,0.794610,-0.142230,0.675844,-0.066971,0.000000,0.000000,0.000000,0.000000
561.808,0.840725,-0.144390,0.655197,-0.067838,-0.003491,0.000000,0.000000,0.000000,-13.700000,59.400000,17.900000,102.600000,0.794610,-0.142230,0.675844,-0.066971,0.000000,0.000000,0.000000,0.000000
561.818,0.840725,-0.144390,0.655197,-0.067838,-0.003491,0.000000,0.000000,0.000000,-13.700000,59.400000,17.900000,102.600000,0.794610,-0.142230,0.675844,-0.066971,0.000000,0.000000,0.000000,0.000000
562.287,0.794474,-0.142229,0.675966,-0.066970,0.010472,-0.000080,-0.003491,0.000000,-13.200000,47.300000,-11.900000,104.300000,0.794610,-0.142230,0.675844,-0.066971,0.000000,0.000000,0.000000,0.000000
562.297,0.794474,-0.142229,0.675966,-0.066970,0.010472,-0.000080,-0.003491,0.000000,-13.200000,47.300000,-11.900000,104.300000,0.794610,-0.142230,0.675844,-0.066971,0.000000,0.000000,0.000000,0.000000
562.307,0.794474,-0.142229,0.675966,-0.066970,0.010472,-0.000080,-0.003491,0.000000,-13.200000,47.300000,-11.900000,104.300000,0.794610,-0.142230,0.675844,-0.066971,0.000000,0.000000,0.000000,0.000000
562.318,0.794474,-0.142229,0.675966,-0.066970,0.010472,-0.000080,-0.003491,0.000000,-13.200000,47.300000,-11.900000,104.300000,0.794610,-0.142230,0.675844,-0.066971,0.000000,0.000000,0.000000,0.000000
562.788,0.749968,-0.140078,0.690976,-0.066167,-0.034907,0.000000,0.000000,0.000000,-16.800000,64.700000,15.600000,102.300000,0.750118,-0.140079,0.691130,-0.066167,0.000000,0.000000,0.000000,0.000000
562.798,0.749968,-0.140078,0.690976,-0.066167,-0.034907,0.000000,0.000000,0.000000,-16.800000,64.700000,15.600000,102.300000,0.750118,-0.140079,0.691130,-0.066167,0.000000,0.000000,0.000000,0.000000
562.809,0.749968,-0.140078,0.690976,-0.066167,-0.034907,0.000000,0.000000,0.000000,-16.800000,64.700000,15.600000,102.300000,0.750118,-0.140079,0.691130,-0.066167,0.000000,0.000000,0.000000,0.000000
562.819,0.749968,-0.140078,0.690976,-0.066167,-0.034907,0.000000,0.000000,0.000000,-16.800000,64.700000,15.600000,102.300000,0.750118,-0.140079,0.691130,-0.066167,0.000000,0.000000,0.000000,0.000000
563.187,0.706160,-0.138065,0.713665,-0.065236,0.000000,0.000130,0.000000,0.000000,-22.000000,69.900000,90.800000,130.400000,0.706051,-0.138064,0.713546,-0.065237,0.000000,0.000000,0.000000,0.000000
563.198,0.706160,-0.138065,0.713665,-0.065236,0.000000,0.000130,0.000000,0.000000,-22.000000,69.900000,90.800000,130.400000,0.706051,-0.138064,0.713546,-0.065237,0.000000,0.000000,0.000000,0.000000
563.208,0.706160,-0.138065,0.713665,-0.065236,0.000000,0.000130,0.000000,0.000000,-22.000000,69.900000,90.800000,130.400000,0.706051,-0.138064,0.713546,-0.065237,0.000000,0.000000,0.000000,0.000000
563.218,0.706160,-0.138065,0.713665,-0.065236,0.000000,0.000130,0.000000,0.000000,-22.000000,69.900000,90.800000,130.400000,0.706051,-0.138064,0.713546,-0.065237,0.000000,0.000000,0.000000,0.000000
563.688,0.740369,-0.136020,0.687660,-0.064393,0.000000,0.000000,0.000000,0.000000,-14.100000,83.300000,89.900000,120.300000,0.740450,-0.136020,0.687817,-0.064393,0.000000,0.000000,0.000000,0.000000
563.698,0.740369,-0.136020,0.687660,-0.064393,0.000000,0.000000,0.000000,0.000000,-14.100000,83.300000,89.900000,120.300000,0.740450,-0.136020,0.687817,-0.064393,0.000000,0.000000,0.000000,0.000000
563.708,0.740369,-0.136020,0.687660,-0.064393,0.000000,0.000000,0.000000,0.000000,-14.100000,83.300000,89.900000,120.300000,0.740450,-0.136020,0.687817,-0.064393,0.000000,0.000000,0.000000,0.000000
563.718,0.740369,-0.136020,0.687660,-0.064393,0.000000,0.000000,0.000000,0.000000,-14.100000,83.300000,89.900000,120.300000,0.740450,-0.136020,0.687817,-0.064393,0.000000,0.000000,0.000000,0.000000
564.188,0.691325,-0.133937,0.710873,-0.063548,0.000000,-0.000010,0.000000,0.000000,-14.900000,55.700000,-5.700000,116.800000,0.691274,-0.133937,0.710809,-0.063548,0.000000,0.000000,0.000000,0.000000
564.198,0.691325,-0.133937,0.710873,-0.063548,0.000000,-0.000010,0.000000,0.000000,-14.900000,55.700000,-5.700000,116.800000,0.691274,-0.133937,0.710809,-0.063548,0.000000,0.000000,0.000000,0.000000
564.208,0.691325,-0.133937,0.710873,-0.063548,0.000000,-0.000010,0.000000,0.000000,-14.900000,55.700000,-5.700000,116.800000,0.691274,-0.133937,0.710809,-0.063548,0.000000,0.000000,0.000000,0.000000
564.218,0.691325,-0.133937,0.710873,-0.063548,0.000000,-0.000010,0.000000,0.000000,-14.900000,55.700000,-5.700000,116.800000,0.691274,-0.133937,0.710809,-0.063548,0.000000,0.000000,0.000000,0.000000
564.691,0.647517,-0.131902,0.736180,-0.062705,0.000000,0.000020,0.000000,0.000000,-21.300000,41.900000,42.400000,126.900000,0.647556,-0.131902,0.736076,-0.062706,0.000000,0.000000,0.000000,0.000000
564.701,0.647517,-0.131902,0.736180,-0.062705,0.000000,0.000020,0.000000,0.000000,-21.300000,41.900000,42.400000,126.900000,0.647556,-0.131902,0.736076,-0.062706,0.000000,0.000000,0.000000,0.000000
564.711,0.647517,-0.131902,0.736180,-0.062705,0.000000,0.000020,0.000000,0.000000,-21.300000,41.900000,42.400000,126.900000,0.647556,-0.131902,0.736076,-0.062706,0.000000,0.000000,0.000000,0.000000
564.724,0.647517,-0.131902,0.736180,-0.062705,0.000000,0.000020,0.000000,0.000000,-21.300000,41.900000,42.400000,126.900000,0.647556,-0.131902,0.736076,-0.062706,0.000000,0.000000,0.000000,0.000000
565.187,0.694467,-0.129889,0.700575,-0.061953,0.000000,0.000040,0.000000,0.000000,-9.100000,57.200000,12.200000,128.600000,0.694618,-0.129889,0.700738,-0.061954,0.000000,0.000000,0.000000,0.000000
565.198,0.694467,-0.129889,0.700575,-0.061953,0.000000,0.000040,0.000000,0.000000,-9.100000,57.200000,12.200000,128.600000,0.694618,-0.129889,0.700738,-0.061954,0.000000,0.000000,0.000000,0.000000
565.208,0.694467,-0.129889,0.700575,-0.061953,0.000000,0.000040,0.000000,0.000000,-9.100000,57.200000,12.200000,128.600000,0.694618,-0.129889,0.700738,-0.061954,0.000000,0.000000,0.000000,0.000000
565.218,0.694467,-0.129889,0.700575,-0.061953,0.000000,0.000040,0.000000,0.000000,-9.100000,57.200000,12.200000,128.600000,0.694618,-0.129889,0.700738,-0.061954,0.000000,0.000000,0.000000,0.000000
565.687,0.649786,-0.127802,0.725184,-0.061082,-0.003491,0.000010,0.000000,0.000000,-12.800000,82.400000,10.900000,119.600000,0.649858,-0.127802,0.725230,-0.061082,0.000000,0.000000,0.000000,0.000000
565.697,0.649786,-0.127802,0.725184,-0.061082,-0.003491,0.000010,0.000000,0.000000,-12.800000,82.400000,10.900000,119.600000,0.649858,-0.127802,0.725230,-0.061082,0.000000,0.000000,0.000000,0.000000
565.707,0.649786,-0.127802,0.725184,-0.061082,-0.003491,0.000010,0.000000,0.000000,-12.800000,82.400000,10.900000,119.600000,0.649858,-0.127802,0.725230,-0.061082,0.000000,0.000000,0.000000,0.000000
565.718,0.649786,-0.127802,0.725184,-0.061082,-0.003491,0.000010,0.000000,0.000000,-12.800000,82.400000,10.900000,119.600000,0.649858,-0.127802,0.725230,-0.061082,0.000000,0.000000,0.000000,0.000000
566.187,0.697434,-0.125753,0.685391,-0.060302,0.000000,0.000040,0.000000,0.000000,-17.300000,57.700000,69.700000,117.700000,0.697580,-0.125752,0.685498,-0.060302,0.000000,0.000000,0.000000,0.000000
566.198,0.697434,-0.125753,0.685391,-0.060302,0.000000,0.000040,0.000000,0.000000,-17.300000,57.700000,69.700000,117.700000,0.697580,-0.125752,0.685498,-0.060302,0.000000,0.000000,0.000000,0.000000
566.208,0.697434,-0.125753,0.685391,-0.060302,0.000000,0.000040,0.000000,0.000000,-17.300000,57.700000,69.700000,117.700000,0.697580,-0.125752,0.685498,-0.060302,0.000000,0.000000,0.000000,0.000000
566.218,0.697434,-0.125753,0.685391,-0.060302,0.000000,0.000040,0.000000,0.000000,-17.300000,57.700000,69.700000,117.700000,0.697580,-0.125752,0.685498,-0.060302,0.000000,0.000000,0.000000,0.000000
566.688,0.739147,-0.123700,0.647517,-0.059368,-0.003491,0.000010,0.000000,0.000000,-19.500000,49.000000,2.600000,115.200000,0.739171,-0.123700,0.647815,-0.059368,0.000000,0.000000,0.000000,0.000000
566.698,0.739147,-0.123700,0.647517,-0.059368,-0.003491,0.000010,0.000000,0.000000,-19.500000,49.000000,2.600000,115.200000,0.739171,-0.123700,0.647815,-0.059368,0.000000,0.000000,0.000000,0.000000
566.708,0.739147,-0.123700,0.647517,-0.059368,-0.003491,0.000010,0.000000,0.000000,-19.500000,49.000000,2.600000,115.200000,0.739171,-0.123700,0.647815,-0.059368,0.000000,0.000000,0.000000,0.000000
566.718,0.739147,-0.123700,0.647517,-0.059368,-0.003491,0.000010,0.000000,0.000000,-19.500000,49.000000,2.600000,115.200000,0.739171,-0.123700,0.647815,-0.059368,0.000000,0.000000,0.000000,0.000000
567.188,0.692547,-0.121702,0.681027,-0.058665,0.015708,0.000050,-0.001745,0.000000,-20.900000,44.600000,-9.000000,106.700000,0.692573,-0.121703,0.681045,-0.058665,0.000000,0.000000,0.000000,0.000000
567.198,0.692547,-0.121702,0.681027,-0.058665,0.015708,0.000050,-0.001745,0.000000,-20.900000,44.600000,-9.000000,106.700000,0.692573,-0.121703,0.681045,-0.058665,0.000000,0.000000,0.000000,0.000000
567.208,0.692547,-0.121702,0.681027,-0.058665,0.015708,0.000050,-0.001745,0.000000,-20.900000,44.600000,-9.000000,106.700000,0.692573,-0.121703,0.681045,-0.058665,0.000000,0.000000,0.000000,0.000000
567.218,0.692547,-0.121702,0.681027,-0.058665,0.015708,0.000050,-0.001745,0.000000,-20.900000,44.600000,-9.000000,106.700000,0.692573,-0.121703,0.681045,-0.058665,0.000000,0.000000,0.000000,0.000000
567.788,0.634427,-0.119689,0.704589,-0.057752,-0.001745,0.000000,-0.001745,0.000000,-23.900000,35.400000,-31.200000,84.100000,0.634561,-0.119690,0.704554,-0.057753,0.000000,0.000000,0.000000,0.000000
567.798,0.634427,-0.119689,0.704589,-0.057752,-0.001745,0.000000,-0.001745,0.000000,-23.900000,35.400000,-31.200000,84.100000,0.634561,-0.119690,0.704554,-0.057753,0.000000,0.000000,0.000000,0.000000
567.808,0.634427,-0.119689,0.704589,-0.057752,-0.001745,0.000000,-0.001745,0.000000,-23.900000,35.400000,-31.200000,84.100000,0.634561,-0.119690,0.704554,-0.057753,0.000000,0.000000,0.000000,0.000000
567.818,0.634427,-0.119689,0.704589,-0.057752,-0.001745,0.000000,-0.001745,0.000000,-23.900000,35.400000,-31.200000,84.100000,0.634561,-0.119690,0.704554,-0.057753,0.000000,0.000000,0.000000,0.000000
568.288,0.589747,-0.117652,0.737925,-0.057043,0.005236,0.000060,-0.003491,0.000000,-19.400000,80.000000,-45.800000,100.500000,0.589851,-0.117652,0.738096,-0.057044,0.000000,0.000000,0.000000,0.000000
568.298,0.589747,-0.117652,0.737925,-0.057043,0.005236,0.000060,-0.003491,0.000000,-19.400000,80.000000,-45.800000,100.500000,0.589851,-0.117652,0.738096,-0.057044,0.000000,0.000000,0.000000,0.000000
568.308,0.589747,-0.117652,0.737925,-0.057043,0.005236,0.000060,-0.003491,0.000000,-19.400000,80.000000,-45.800000,100.500000,0.589851,-0.117652,0.738096,-0.057044,0.000000,0.000000,0.000000,0.000000
568.318,0.589747,-0.117652,0.737925,-0.057043,0.005236,0.000060,-0.003491,0.000000,-19.400000,80.000000,-45.800000,100.500000,0.589851,-0.117652,0.738096,-0.057044,0.000000,0.000000,0.000000,0.000000
568.788,0.530231,-0.115605,0.765152,-0.056210,0.000000,0.000000,0.000000,0.000000,-23.800000,75.100000,87.800000,98.500000,0.530348,-0.115606,0.765223,-0.056210,0.000000,0.000000,0.000000,0.000000
568.798,0.530231,-0.115605,0.765152,-0.056210,0.000000,0.000000,0.000000,0.000000,-23.800000,75.100000,87.800000,98.500000,0.530348,-0.115606,0.765223,-0.056210,0.000000,0.000000,0.000000,0.000000
568.808,0.530231,-0.115605,0.765152,-0.056210,0.000000,0.000000,0.000000,0.000000,-23.800000,75.100000,87.800000,98.500000,0.530348,-0.115606,0.765223,-0.056210,0.000000,0.000000,0.000000,0.000000
568.819,0.530231,-0.115605,0.765152,-0.056210,0.000000,0.000000,0.000000,0.000000,-23.800000,75.100000,87.800000,98.500000,0.530348,-0.115606,0.765223,-0.056210,0.000000,0.000000,0.000000,0.000000
569.288,0.596728,-0.113578,0.714014,-0.055535,0.000000,0.000060,0.000000,0.000000,-17.500000,45.000000,-3.100000,114.500000,0.596852,-0.113579,0.714183,-0.055535,0.000000,0.000000,0.000000,0.000000
569.298,0.596728,-0.113578,0.714014,-0.055535,0.000000,0.000060,0.000000,0.000000,-17.500000,45.000000,-3.100000,114.500000,0.596852,-0.113579,0.714183,-0.055535,0.000000,0.000000,0.000000,0.000000
569.308,0.596728,-0.113578,0.714014,-0.055535,0.000000,0.000060,0.000000,0.000000,-17.500000,45.000000,-3.100000,114.500000,0.596852,-0.113579,0.714183,-0.055535,0.000000,0.000000,0.000000,0.000000
569.318,0.596728,-0.113578,0.714014,-0.055535,0.000000,0.000060,0.000000,0.000000,-17.500000,45.000000,-3.100000,114.500000,0.596852,-0.113579,0.714183,-0.055535,0.000000,0.000000,0.000000,0.000000
569.687,0.535816,-0.111559,0.744208,-0.054510,-0.006981,0.000150,0.000000,0.000000,-12.300000,64.400000,58.300000,138.800000,0.469586,-0.109533,0.775256,-0.053599,0.000000,0.000000,0.000000,0.000000
569.697,0.535816,-0.111559,0.744208,-0.054510,-0.006981,0.000150,0.000000,0.000000,-12.300000,64.400000,58.300000,138.800000,0.469586,-0.109533,0.775256,-0.053599,0.000000,0.000000,0.000000,0.000000
569.708,0.535816,-0.111559,0.744208,-0.054510,-0.006981,0.000150,0.000000,0.000000,-12.300000,64.400000,58.300000,138.800000,0.469586,-0.109533,0.775256,-0.053599,0.000000,0.000000,0.000000,0.000000
569.718,0.535816,-0.111559,0.744208,-0.054510,-0.006981,0.000150,0.000000,0.000000,-12.300000,64.400000,58.300000,138.800000,0.469586,-0.109533,0.775256,-0.053599,0.000000,0.000000,0.000000,0.000000
570.087,0.469494,-0.109537,0.775450,-0.053598,0.000000,0.000060,0.000000,0.000000,-20.100000,56.000000,85.300000,149.500000,0.469586,-0.109533,0.775256,-0.053599,0.000000,0.000000,0.000000,0.000000
570.097,0.469494,-0.109537,0.775450,-0.053598,0.000000,0.000060,0.000000,0.000000,-20.100000,56.000000,85.300000,149.500000,0.469586,-0.109533,0.775256,-0.053599,0.000000,0.000000,0.000000,0.000000
570.108,0.469494,-0.109537,0.775450,-0.053598,0.000000,0.000060,0.000000,0.000000,-20.100000,56.000000,85.300000,149.500000,0.469586,-0.109533,0.775256,-0.053599,0.000000,0.000000,0.000000,0.000000
570.118,0.469494,-0.109537,0.775450,-0.053598,0.000000,0.000060,0.000000,0.000000,-20.100000,56.000000,85.300000,149.500000,0.469586,-0.109533,0.775256,-0.053599,0.000000,0.000000,0.000000,0.000000
570.487,0.403869,-0.107549,0.806691,-0.052650,-0.022689,0.000110,-0.005236,0.000000,-20.000000,73.500000,-1.500000,156.700000,0.340966,-0.105493,0.844139,-0.051604,0.000000,0.000000,0.000000,0.000000
570.498,0.403869,-0.107549,0.806691,-0.052650,-0.022689,0.000110,-0.005236,0.000000,-20.000000,73.500000,-1.500000,156.700000,0.340966,-0.105493,0.844139,-0.051604,0.000000,0.000000,0.000000,0.000000
570.508,0.403869,-0.107549,0.806691,-0.052650,-0.022689,0.000110,-0.005236,0.000000,-20.000000,73.500000,-1.500000,156.700000,0.340966,-0.105493,0.844139,-0.051604,0.000000,0.000000,0.000000,0.000000
570.518,0.403869,-0.107549,0.806691,-0.052650,-0.022689,0.000110,-0.005236,0.000000,-20.000000,73.500000,-1.500000,156.700000,0.340966,-0.105493,0.844139,-0.051604,0.000000,0.000000,0.000000,0.000000
570.988,0.340863,-0.105493,0.844041,-0.051604,0.000000,0.000000,0.000000,0.000000,-16.600000,51.700000,38.800000,126.900000,0.340966,-0.105493,0.844139,-0.051604,0.000000,0.000000,0.000000,0.000000
570.998,0.340863,-0.105493,0.844041,-0.051604,0.000000,0.000000,0.000000,0.000000,-16.600000,51.700000,38.800000,126.900000,0.340966,-0.105493,0.844139,-0.051604,0.000000,0.000000,0.000000,0.000000
571.008,0.340863,-0.105493,0.844041,-0.051604,0.000000,0.000000,0.000000,0.000000,-16.600000,51.700000,38.800000,126.900000,0.340966,-0.105493,0.844139,-0.051604,0.000000,0.000000,0.000000,0.000000
571.018,0.340863,-0.105493,0.844041,-0.051604,0.000000,0.000000,0.000000,0.000000,-16.600000,51.700000,38.800000,126.900000,0.340966,-0.105493,0.844139,-0.051604,0.000000,0.000000,0.000000,0.000000
571.488,0.270526,-0.103428,0.878773,-0.050576,0.000000,0.000000,0.000000,0.000000,-11.000000,37.300000,-44.700000,122.600000,0.270758,-0.103428,0.878576,-0.050577,0.000000,0.000000,0.000000,0.000000
571.498,0.270526,-0.103428,0.878773,-0.050576,0.000000,0.000000,0.000000,0.000000,-11.000000,37.300000,-44.700000,122.600000,0.270758,-0.103428,0.878576,-0.050577,0.000000,0.000000,0.000000,0.000000
571.508,0.270526,-0.103428,0.878773,-0.050576,0.000000,0.000000,0.000000,0.000000,-11.000000,37.300000,-44.700000,122.600000,0.270758,-0.103428,0.878576,-0.050577,0.000000,0.000000,0.000000,0.000000
571.518,0.270526,-0.103428,0.878773,-0.050576,0.000000,0.000000,0.000000,0.000000,-11.000000,37.300000,-44.700000,122.600000,0.270758,-0.103428,0.878576,-0.050577,0.000000,0.000000,0.000000,0.000000
571.988,0.396015,-0.101436,0.782082,-0.049991,0.000000,-0.000020,0.000000,0.000000,-12.600000,40.000000,-26.100000,94.200000,0.395899,-0.101436,0.782375,-0.049992,0.000000,0.000000,0.000000,0.000000
571.998,0.396015,-0.101436,0.782082,-0.049991,0.000000,-0.000020,0.000000,0.000000,-12.600000,40.000000,-26.100000,94.200000,0.395899,-0.101436,0.782375,-0.049992,0.000000,0.000000,0.000000,0.000000
572.008,0.396015,-0.101436,0.782082,-0.049991,0.000000,-0.000020,0.000000,0.000000,-12.600000,40.000000,-26.100000,94.200000,0.395899,-0.101436,0.782375,-0.049992,0.000000,0.000000,0.000000,0.000000
572.018,0.396015,-0.101436,0.782082,-0.049991,0.000000,-0.000020,0.000000,0.000000,-12.600000,40.000000,-26.100000,94.200000,0.395899,-0.101436,0.782375,-0.049992,0.000000,0.000000,0.000000,0.000000
572.488,0.512603,-0.099414,0.690103,-0.049460,0.001745,-0.000020,0.001745,0.000000,-15.700000,36.100000,53.600000,105.300000,0.512638,-0.099415,0.690419,-0.049461,0.000000,0.000000,0.000000,0.000000
572.498,0.512603,-0.099414,0.690103,-0.049460,0.001745,-0.000020,0.001745,0.000000,-15.700000,36.100000,53.600000,105.300000,0.512638,-0.099415,0.690419,-0.049461,0.000000,0.000000,0.000000,0.000000
572.508,0.512603,-0.099414,0.690103,-0.049460,0.001745,-0.000020,0.001745,0.000000,-15.700000,36.100000,53.600000,105.300000,0.512638,-0.099415,0.690419,-0.049461,0.000000,0.000000,0.000000,0.000000
572.518,0.512603,-0.099414,0.690103,-0.049460,0.001745,-0.000020,0.001745,0.000000,-15.700000,36.100000,53.600000,105.300000,0.512638,-0.099415,0.690419,-0.049461,0.000000,0.000000,0.000000,0.000000
572.987,0.619592,-0.097400,0.601615,-0.048914,0.000000,0.000000,0.000000,0.000000,-8.900000,72.900000,-28.800000,83.800000,0.619749,-0.097400,0.601844,-0.048915,0.000000,0.000000,0.000000,0.000000
572.998,0.619592,-0.097400,0.601615,-0.048914,0.000000,0.000000,0.000000,0.000000,-8.900000,72.900000,-28.800000,83.800000,0.619749,-0.097400,0.601844,-0.048915,0.000000,0.000000,0.000000,0.000000
573.008,0.619592,-0.097400,0.601615,-0.048914,0.000000,0.000000,0.000000,0.000000,-8.900000,72.900000,-28.800000,83.800000,0.619749,-0.097400,0.601844,-0.048915,0.000000,0.000000,0.000000,0.000000
573.018,0.619592,-0.097400,0.601615,-0.048914,0.000000,0.000000,0.000000,0.000000,-8.900000,72.900000,-28.800000,83.800000,0.619749,-0.097400,0.601844,-0.048915,0.000000,0.000000,0.000000,0.000000
573.488,0.516094,-0.095425,0.668461,-0.047989,0.000000,0.000080,0.000000,0.000000,-14.700000,68.400000,-60.800000,94.900000,0.516125,-0.095426,0.668471,-0.047990,0.000000,0.000000,0.000000,0.000000
573.498,0.516094,-0.095425,0.668461,-0.047989,0.000000,0.000080,0.000000,0.000000,-14.700000,68.400000,-60.800000,94.900000,0.516125,-0.095426,0.668471,-0.047990,0.000000,0.000000,0.000000,0.000000
573.508,0.516094,-0.095425,0.668461,-0.047989,0.000000,0.000080,0.000000,0.000000,-14.700000,68.400000,-60.800000,94.900000,0.516125,-0.095426,0.668471,-0.047990,0.000000,0.000000,0.000000,0.000000
573.518,0.516094,-0.095425,0.668461,-0.047989,0.000000,0.000080,0.000000,0.000000,-14.700000,68.400000,-60.800000,94.900000,0.516125,-0.095426,0.668471,-0.047990,0.000000,0.000000,0.000000,0.000000
573.887,0.415563,-0.093413,0.740718,-0.047106,0.006981,0.000180,0.000000,0.000000,-18.600000,61.700000,99.900000,105.300000,0.415598,-0.093410,0.740726,-0.047107,0.000000,0.000000,0.000000,0.000000
573.898,0.415563,-0.093413,0.740718,-0.047106,0.006981,0.000180,0.000000,0.000000,-18.600000,61.700000,99.900000,105.300000,0.415598,-0.093410,0.740726,-0.047107,0.000000,0.000000,0.000000,0.000000
573.908,0.415563,-0.093413,0.740718,-0.047106,0.006981,0.000180,0.000000,0.000000,-18.600000,61.700000,99.900000,105.300000,0.415598,-0.093410,0.740726,-0.047107,0.000000,0.000000,0.000000,0.000000
573.918,0.415563,-0.093413,0.740718,-0.047106,0.006981,0.000180,0.000000,0.000000,-18.600000,61.700000,99.900000,105.300000,0.415598,-0.093410,0.740726,-0.047107,0.000000,0.000000,0.000000,0.000000
574.387,0.320792,-0.091381,0.811055,-0.046064,0.001745,0.000000,0.000000,0.000000,-22.200000,45.800000,-37.600000,79.000000,0.529224,-0.089398,0.681491,-0.045837,0.000000,0.000000,0.000000,0.000000
574.397,0.320792,-0.091381,0.811055,-0.046064,0.001745,0.000000,0.000000,0.000000,-22.200000,45.800000,-37.600000,79.000000,0.529224,-0.089398,0.681491,-0.045837,0.000000,0.000000,0.000000,0.000000
574.407,0.320792,-0.091381,0.811055,-0.046064,0.001745,0.000000,0.000000,0.000000,-22.200000,45.800000,-37.600000,79.000000,0.529224,-0.089398,0.681491,-0.045837,0.000000,0.000000,0.000000,0.000000
574.418,0.320792,-0.091381,0.811055,-0.046064,0.001745,0.000000,0.000000,0.000000,-22.200000,45.800000,-37.600000,79.000000,0.529224,-0.089398,0.681491,-0.045837,0.000000,0.000000,0.000000,0.000000
574.788,0.529184,-0.089402,0.681202,-0.045837,0.000000,0.000070,0.000000,0.000000,-9.400000,56.100000,-50.600000,92.700000,0.529224,-0.089398,0.681491,-0.045837,0.000000,0.000000,0.000000,0.000000
574.798,0.529184,-0.089402,0.681202,-0.045837,0.000000,0.000070,0.000000,0.000000,-9.400000,56.100000,-50.600000,92.700000,0.529224,-0.089398,0.681491,-0.045837,0.000000,0.000000,0.000000,0.000000
574.808,0.529184,-0.089402,0.681202,-0.045837,0.000000,0.000070,0.000000,0.000000,-9.400000,56.100000,-50.600000,92.700000,0.529224,-0.089398,0.681491,-0.045837,0.000000,0.000000,0.000000,0.000000
574.818,0.529184,-0.089402,0.681202,-0.045837,0.000000,0.000070,0.000000,0.000000,-9.400000,56.100000,-50.600000,92.700000,0.529224,-0.089398,0.681491,-0.045837,0.000000,0.000000,0.000000,0.000000
575.291,0.721868,-0.087429,0.543321,-0.045423,0.000000,0.000000,0.003491,0.000000,-8.700000,91.000000,82.300000,75.800000,0.722126,-0.087430,0.544003,-0.045424,0.000000,0.000000,0.000000,0.000000
575.304,0.721868,-0.087429,0.543321,-0.045423,0.000000,0.000000,0.003491,0.000000,-8.700000,91.000000,82.300000,75.800000,0.722126,-0.087430,0.544003,-0.045424,0.000000,0.000000,0.000000,0.000000
575.314,0.721868,-0.087429,0.543321,-0.045423,0.000000,0.000000,0.003491,0.000000,-8.700000,91.000000,82.300000,75.800000,0.722126,-0.087430,0.544003,-0.045424,0.000000,0.000000,0.000000,0.000000
575.324,0.721868,-0.087429,0.543321,-0.045423,0.000000,0.000000,0.003491,0.000000,-8.700000,91.000000,82.300000,75.800000,0.722126,-0.087430,0.544003,-0.045424,0.000000,0.000000,0.000000,0.000000
575.788,0.910538,-0.085414,0.405091,-0.045004,-0.006981,0.000000,0.000000,0.000000,-16.800000,77.600000,13.500000,83.700000,0.910458,-0.085414,0.405254,-0.045004,0.000000,0.000000,0.000000,0.000000
575.798,0.910538,-0.085414,0.405091,-0.045004,-0.006981,0.000000,0.000000,0.000000,-16.800000,77.600000,13.500000,83.700000,0.910458,-0.085414,0.405254,-0.045004,0.000000,0.000000,0.000000,0.000000
575.808,0.910538,-0.085414,0.405091,-0.045004,-0.006981,0.000000,0.000000,0.000000,-16.800000,77.600000,13.500000,83.700000,0.910458,-0.085414,0.405254,-0.045004,0.000000,0.000000,0.000000,0.000000
575.818,0.910538,-0.085414,0.405091,-0.045004,-0.006981,0.000000,0.000000,0.000000,-16.800000,77.600000,13.500000,83.700000,0.910458,-0.085414,0.405254,-0.045004,0.000000,0.000000,0.000000,0.000000
576.187,1.097289,-0.083442,0.229336,-0.044708,0.001745,0.000060,0.000000,0.000000,-16.300000,64.600000,-125.100000,102.400000,1.097369,-0.083439,0.229408,-0.044708,0.000000,0.000000,0.000000,0.000000
576.198,1.097289,-0.083442,0.229336,-0.044708,0.001745,0.000060,0.000000,0.000000,-16.300000,64.600000,-125.100000,102.400000,1.097369,-0.083439,0.229408,-0.044708,0.000000,0.000000,0.000000,0.000000
576.208,1.097289,-0.083442,0.229336,-0.044708,0.001745,0.000060,0.000000,0.000000,-16.300000,64.600000,-125.100000,102.400000,1.097369,-0.083439,0.229408,-0.044708,0.000000,0.000000,0.000000,0.000000
576.218,1.097289,-0.083442,0.229336,-0.044708,0.001745,0.000060,0.000000,0.000000,-16.300000,64.600000,-125.100000,102.400000,1.097369,-0.083439,0.229408,-0.044708,0.000000,0.000000,0.000000,0.000000
576.687,1.252972,-0.081454,0.101055,-0.044121,-0.003491,-0.000020,0.000000,0.000000,-14.400000,42.100000,0.600000,65.600000,1.362685,-0.079462,0.012678,-0.043292,0.000000,0.000000,0.000000,0.000000
576.697,1.252972,-0.081454,0.101055,-0.044121,-0.003491,-0.000020,0.000000,0.000000,-14.400000,42.100000,0.600000,65.600000,1.362685,-0.079462,0.012678,-0.043292,0.000000,0.000000,0.000000,0.000000
576.707,1.252972,-0.081454,0.101055,-0.044121,-0.003491,-0.000020,0.000000,0.000000,-14.400000,42.100000,0.600000,65.600000,1.362685,-0.079462,0.012678,-0.043292,0.000000,0.000000,0.000000,0.000000
576.718,1.252972,-0.081454,0.101055,-0.044121,-0.003491,-0.000020,0.000000,0.000000,-14.400000,42.100000,0.600000,65.600000,1.362685,-0.079462,0.012678,-0.043292,0.000000,0.000000,0.000000,0.000000
577.087,1.362579,-0.079466,0.012392,-0.043292,0.000000,0.000180,0.000000,0.000000,-4.600000,56.100000,-27.300000,120.500000,1.362685,-0.079462,0.012678,-0.043292,0.000000,0.000000,0.000000,0.000000
577.097,1.362579,-0.079466,0.012392,-0.043292,0.000000,0.000180,0.000000,0.000000,-4.600000,56.100000,-27.300000,120.500000,1.362685,-0.079462,0.012678,-0.043292,0.000000,0.000000,0.000000,0.000000
577.107,1.362579,-0.079466,0.012392,-0.043292,0.000000,0.000180,0.000000,0.000000,-4.600000,56.100000,-27.300000,120.500000,1.362685,-0.079462,0.012678,-0.043292,0.000000,0.000000,0.000000,0.000000
577.118,1.362579,-0.079466,0.012392,-0.043292,0.000000,0.000180,0.000000,0.000000,-4.600000,56.100000,-27.300000,120.500000,1.362685,-0.079462,0.012678,-0.043292,0.000000,0.000000,0.000000,0.000000
577.587,1.459619,-0.077510,-0.020944,-0.042009,0.001745,0.000020,0.000000,0.000000,-4.800000,88.300000,27.600000,110.000000,1.628134,-0.075514,-0.070055,-0.042360,0.000000,0.000000,0.000000,0.000000
577.598,1.459619,-0.077510,-0.020944,-0.042009,0.001745,0.000020,0.000000,0.000000,-4.800000,88.300000,27.600000,110.000000,1.628134,-0.075514,-0.070055,-0.042360,0.000000,0.000000,0.000000,0.000000
577.608,1.459619,-0.077510,-0.020944,-0.042009,0.001745,0.000020,0.000000,0.000000,-4.800000,88.300000,27.600000,110.000000,1.628134,-0.075514,-0.070055,-0.042360,0.000000,0.000000,0.000000,0.000000
577.618,1.459619,-0.077510,-0.020944,-0.042009,0.001745,0.000020,0.000000,0.000000,-4.800000,88.300000,27.600000,110.000000,1.628134,-0.075514,-0.070055,-0.042360,0.000000,0.000000,0.000000,0.000000
577.987,1.627869,-0.075515,-0.070162,-0.042359,0.000000,0.000070,0.000000,0.000000,-6.600000,109.900000,-99.700000,12.300000,1.628134,-0.075514,-0.070055,-0.042360,0.000000,0.000000,0.000000,0.000000
577.997,1.627869,-0.075515,-0.070162,-0.042359,0.000000,0.000070,0.000000,0.000000,-6.600000,109.900000,-99.700000,12.300000,1.628134,-0.075514,-0.070055,-0.042360,0.000000,0.000000,0.000000,0.000000
578.008,1.627869,-0.075515,-0.070162,-0.042359,0.000000,0.000070,0.000000,0.000000,-6.600000,109.900000,-99.700000,12.300000,1.628134,-0.075514,-0.070055,-0.042360,0.000000,0.000000,0.000000,0.000000
578.018,1.627869,-0.075515,-0.070162,-0.042359,0.000000,0.000070,0.000000,0.000000,-6.600000,109.900000,-99.700000,12.300000,1.628134,-0.075514,-0.070055,-0.042360,0.000000,0.000000,0.000000,0.000000
578.487,1.805369,-0.073577,-0.060214,-0.039969,0.000000,0.000000,-0.001745,0.000010,-9.500000,19.100000,-60.600000,137.600000,1.890316,-0.072819,-0.070160,-0.034747,0.000000,0.000000,0.000000,0.000000
578.498,1.805369,-0.073577,-0.060214,-0.039969,0.000000,0.000000,-0.001745,0.000010,-9.500000,19.100000,-60.600000,137.600000,1.890316,-0.072819,-0.070160,-0.034747,0.000000,0.000000,0.000000,0.000000
578.508,1.805369,-0.073577,-0.060214,-0.039969,0.000000,0.000000,-0.001745,0.000010,-9.500000,19.100000,-60.600000,137.600000,1.890316,-0.072819,-0.070160,-0.034747,0.000000,0.000000,0.000000,0.000000
578.518,1.805369,-0.073577,-0.060214,-0.039969,0.000000,0.000000,-0.001745,0.000010,-9.500000,19.100000,-60.600000,137.600000,1.890316,-0.072819,-0.070160,-0.034747,0.000000,0.000000,0.000000,0.000000
579.187,1.890192,-0.072818,-0.070162,-0.034747,0.000000,0.000000,0.000000,0.000010,-13.900000,12.900000,104.600000,167.000000,2.075046,-0.073827,-0.036405,-0.035783,0.000000,0.000000,0.000000,0.000000
579.198,1.890192,-0.072818,-0.070162,-0.034747,0.000000,0.000000,0.000000,0.000010,-13.900000,12.900000,104.600000,167.000000,2.075046,-0.073827,-0.036405,-0.035783,0.000000,0.000000,0.000000,0.000000
579.208,1.890192,-0.072818,-0.070162,-0.034747,0.000000,0.000000,0.000000,0.000010,-13.900000,12.900000,104.600000,167.000000,2.075046,-0.073827,-0.036405,-0.035783,0.000000,0.000000,0.000000,0.000000
579.218,1.890192,-0.072818,-0.070162,-0.034747,0.000000,0.000000,0.000000,0.000010,-13.900000,12.900000,104.600000,167.000000,2.075046,-0.073827,-0.036405,-0.035783,0.000000,0.000000,0.000000,0.000000
579.587,2.075022,-0.073825,-0.036128,-0.035781,0.026180,-0.000070,0.000000,-0.000010,-3.300000,-18.300000,44.400000,13.300000,2.137118,-0.073597,-0.089782,-0.034111,0.000000,0.000000,0.000000,0.000000
579.597,2.075022,-0.073825,-0.036128,-0.035781,0.026180,-0.000070,0.000000,-0.000010,-3.300000,-18.300000,44.400000,13.300000,2.137118,-0.073597,-0.089782,-0.034111,0.000000,0.000000,0.000000,0.000000
579.608,2.075022,-0.073825,-0.036128,-0.035781,0.026180,-0.000070,0.000000,-0.000010,-3.300000,-18.300000,44.400000,13.300000,2.137118,-0.073597,-0.089782,-0.034111,0.000000,0.000000,0.000000,0.000000
579.618,2.075022,-0.073825,-0.036128,-0.035781,0.026180,-0.000070,0.000000,-0.000010,-3.300000,-18.300000,44.400000,13.300000,2.137118,-0.073597,-0.089782,-0.034111,0.000000,0.000000,0.000000,0.000000
580.487,2.136807,-0.073596,-0.089535,-0.034112,0.000000,0.000000,0.000000,0.000000,-10.700000,26.700000,31.900000,93.400000,2.167956,-0.073514,-0.111141,-0.034000,0.000000,0.000000,0.000000,0.000000
580.497,2.136807,-0.073596,-0.089535,-0.034112,0.000000,0.000000,0.000000,0.000000,-10.700000,26.700000,31.900000,93.400000,2.167956,-0.073514,-0.111141,-0.034000,0.000000,0.000000,0.000000,0.000000
580.507,2.136807,-0.073596,-0.089535,-0.034112,0.000000,0.000000,0.000000,0.000000,-10.700000,26.700000,31.900000,93.400000,2.167956,-0.073514,-0.111141,-0.034000,0.000000,0.000000,0.000000,0.000000
580.518,2.136807,-0.073596,-0.089535,-0.034112,0.000000,0.000000,0.000000,0.000000,-10.700000,26.700000,31.900000,93.400000,2.167956,-0.073514,-0.111141,-0.034000,0.000000,0.000000,0.000000,0.000000
581.187,2.167873,-0.073514,-0.111003,-0.034000,-0.005236,0.000000,0.000000,0.000000,-17.000000,15.800000,37.100000,93.200000,2.167956,-0.073514,-0.111141,-0.034000,0.000000,0.000000,0.000000,0.000000
581.197,2.167873,-0.073514,-0.111003,-0.034000,-0.005236,0.000000,0.000000,0.000000,-17.000000,15.800000,37.100000,93.200000,2.167956,-0.073514,-0.111141,-0.034000,0.000000,0.000000,0.000000,0.000000
581.208,2.167873,-0.073514,-0.111003,-0.034000,-0.005236,0.000000,0.000000,0.000000,-17.000000,15.800000,37.100000,93.200000,2.167956,-0.073514,-0.111141,-0.034000,0.000000,0.000000,0.000000,0.000000
581.218,2.167873,-0.073514,-0.111003,-0.034000,-0.005236,0.000000,0.000000,0.000000,-17.000000,15.800000,37.100000,93.200000,2.167956,-0.073514,-0.111141,-0.034000,0.000000,0.000000,0.000000,0.000000
600.688,1.660681,-0.154836,1.660855,-0.071903,0.000000,0.000000,0.000000,0.000000,-11.800000,23.800000,133.800000,48.700000,1.660947,-0.154836,1.660947,-0.071903,0.000000,0.000000,0.000000,0.000000
600.698,1.660681,-0.154836,1.660855,-0.071903,0.000000,0.000000,0.000000,0.000000,-11.800000,23.800000,133.800000,48.700000,1.660947,-0.154836,1.660947,-0.071903,0.000000,0.000000,0.000000,0.000000
600.708,1.660681,-0.154836,1.660855,-0.071903,0.000000,0.000000,0.000000,0.000000,-11.800000,23.800000,133.800000,48.700000,1.660947,-0.154836,1.660947,-0.071903,0.000000,0.000000,0.000000,0.000000
600.718,1.660681,-0.154836,1.660855,-0.071903,0.000000,0.000000,0.000000,0.000000,-11.800000,23.800000,133.800000,48.700000,1.660947,-0.154836,1.660947,-0.071903,0.000000,0.000000,0.000000,0.000000
604.188,1.637293,-0.152802,1.705885,-0.071493,-0.041888,0.000020,0.000000,0.000000,-18.400000,45.100000,113.500000,66.200000,1.637183,-0.152803,1.706026,-0.071492,0.000000,0.000000,0.000000,0.000000
604.198,1.637293,-0.152802,1.705885,-0.071493,-0.041888,0.000020,0.000000,0.000000,-18.400000,45.100000,113.500000,66.200000,1.637183,-0.152803,1.706026,-0.071492,0.000000,0.000000,0.000000,0.000000
604.208,1.637293,-0.152802,1.705885,-0.071493,-0.041888,0.000020,0.000000,0.000000,-18.400000,45.100000,113.500000,66.200000,1.637183,-0.152803,1.706026,-0.071492,0.000000,0.000000,0.000000,0.000000
604.218,1.637293,-0.152802,1.705885,-0.071493,-0.041888,0.000020,0.000000,0.000000,-18.400000,45.100000,113.500000,66.200000,1.637183,-0.152803,1.706026,-0.071492,0.000000,0.000000,0.000000,0.000000
604.687,1.613208,-0.150740,1.757721,-0.071078,0.000000,0.000000,0.000000,0.000000,-19.800000,49.700000,76.300000,91.500000,1.666548,-0.148729,1.716504,-0.069747,0.000000,0.000000,0.000000,0.000000
604.697,1.613208,-0.150740,1.757721,-0.071078,0.000000,0.000000,0.000000,0.000000,-19.800000,49.700000,76.300000,91.500000,1.666548,-0.148729,1.716504,-0.069747,0.000000,0.000000,0.000000,0.000000
604.708,1.613208,-0.150740,1.757721,-0.071078,0.000000,0.000000,0.000000,0.000000,-19.800000,49.700000,76.300000,91.500000,1.666548,-0.148729,1.716504,-0.069747,0.000000,0.000000,0.000000,0.000000
604.718,1.613208,-0.150740,1.757721,-0.071078,0.000000,0.000000,0.000000,0.000000,-19.800000,49.700000,76.300000,91.500000,1.666548,-0.148729,1.716504,-0.069747,0.000000,0.000000,0.000000,0.000000
608.188,1.666266,-0.148727,1.716531,-0.069746,0.000000,0.000000,0.000000,0.000000,-5.700000,48.800000,24.400000,108.900000,1.666548,-0.148729,1.716504,-0.069747,0.000000,0.000000,0.000000,0.000000
608.198,1.666266,-0.148727,1.716531,-0.069746,0.000000,0.000000,0.000000,0.000000,-5.700000,48.800000,24.400000,108.900000,1.666548,-0.148729,1.716504,-0.069747,0.000000,0.000000,0.000000,0.000000
608.208,1.666266,-0.148727,1.716531,-0.069746,0.000000,0.000000,0.000000,0.000000,-5.700000,48.800000,24.400000,108.900000,1.666548,-0.148729,1.716504,-0.069747,0.000000,0.000000,0.000000,0.000000
608.218,1.666266,-0.148727,1.716531,-0.069746,0.000000,0.000000,0.000000,0.000000,-5.700000,48.800000,24.400000,108.900000,1.666548,-0.148729,1.716504,-0.069747,0.000000,0.000000,0.000000,0.000000
611.688,1.716706,-0.146713,1.678134,-0.068499,-0.033161,-0.000020,0.000000,0.000000,-10.100000,37.500000,49.000000,94.100000,1.716831,-0.146714,1.678249,-0.068500,0.000000,0.000000,0.000000,0.000000
611.698,1.716706,-0.146713,1.678134,-0.068499,-0.033161,-0.000020,0.000000,0.000000,-10.100000,37.500000,49.000000,94.100000,1.716831,-0.146714,1.678249,-0.068500,0.000000,0.000000,0.000000,0.000000
611.708,1.716706,-0.146713,1.678134,-0.068499,-0.033161,-0.000020,0.000000,0.000000,-10.100000,37.500000,49.000000,94.100000,1.716831,-0.146714,1.678249,-0.068500,0.000000,0.000000,0.000000,0.000000
611.718,1.716706,-0.146713,1.678134,-0.068499,-0.033161,-0.000020,0.000000,0.000000,-10.100000,37.500000,49.000000,94.100000,1.716831,-0.146714,1.678249,-0.068500,0.000000,0.000000,0.000000,0.000000
612.188,1.766971,-0.144699,1.639737,-0.067252,0.000000,0.000010,0.000000,0.000000,-10.900000,73.700000,59.800000,120.500000,1.767113,-0.144699,1.639994,-0.067253,0.000000,0.000000,0.000000,0.000000
612.198,1.766971,-0.144699,1.639737,-0.067252,0.000000,0.000010,0.000000,0.000000,-10.900000,73.700000,59.800000,120.500000,1.767113,-0.144699,1.639994,-0.067253,0.000000,0.000000,0.000000,0.000000
612.208,1.766971,-0.144699,1.639737,-0.067252,0.000000,0.000010,0.000000,0.000000,-10.900000,73.700000,59.800000,120.500000,1.767113,-0.144699,1.639994,-0.067253,0.000000,0.000000,0.000000,0.000000
612.218,1.766971,-0.144699,1.639737,-0.067252,0.000000,0.000010,0.000000,0.000000,-10.900000,73.700000,59.800000,120.500000,1.767113,-0.144699,1.639994,-0.067253,0.000000,0.000000,0.000000,0.000000
612.688,1.816364,-0.142631,1.595231,-0.065999,-0.005236,0.000060,0.001745,0.000000,-13.500000,48.100000,92.500000,133.800000,1.816414,-0.142631,1.595092,-0.065999,0.000000,0.000000,0.000000,0.000000
612.698,1.816364,-0.142631,1.595231,-0.065999,-0.005236,0.000060,0.001745,0.000000,-13.500000,48.100000,92.500000,133.800000,1.816414,-0.142631,1.595092,-0.065999,0.000000,0.000000,0.000000,0.000000
612.708,1.816364,-0.142631,1.595231,-0.065999,-0.005236,0.000060,0.001745,0.000000,-13.500000,48.100000,92.500000,133.800000,1.816414,-0.142631,1.595092,-0.065999,0.000000,0.000000,0.000000,0.000000
612.718,1.816364,-0.142631,1.595231,-0.065999,-0.005236,0.000060,0.001745,0.000000,-13.500000,48.100000,92.500000,133.800000,1.816414,-0.142631,1.595092,-0.065999,0.000000,0.000000,0.000000,0.000000
613.688,1.711644,-0.140618,1.621760,-0.064787,0.000000,0.000010,0.000000,0.000000,-7.500000,29.600000,50.100000,102.500000,1.711741,-0.140619,1.621773,-0.064787,0.000000,0.000000,0.000000,0.000000
613.698,1.711644,-0.140618,1.621760,-0.064787,0.000000,0.000010,0.000000,0.000000,-7.500000,29.600000,50.100000,102.500000,1.711741,-0.140619,1.621773,-0.064787,0.000000,0.000000,0.000000,0.000000
613.708,1.711644,-0.140618,1.621760,-0.064787,0.000000,0.000010,0.000000,0.000000,-7.500000,29.600000,50.100000,102.500000,1.711741,-0.140619,1.621773,-0.064787,0.000000,0.000000,0.000000,0.000000
613.718,1.711644,-0.140618,1.621760,-0.064787,0.000000,0.000010,0.000000,0.000000,-7.500000,29.600000,50.100000,102.500000,1.711741,-0.140619,1.621773,-0.064787,0.000000,0.000000,0.000000,0.000000
614.087,1.606576,-0.138602,1.652827,-0.063572,-0.026180,0.000150,0.000000,0.000010,-15.700000,60.900000,55.900000,176.900000,1.644115,-0.136580,1.583074,-0.063281,0.000000,0.000000,0.000000,0.000000
614.098,1.606576,-0.138602,1.652827,-0.063572,-0.026180,0.000150,0.000000,0.000010,-15.700000,60.900000,55.900000,176.900000,1.644115,-0.136580,1.583074,-0.063281,0.000000,0.000000,0.000000,0.000000
614.108,1.606576,-0.138602,1.652827,-0.063572,-0.026180,0.000150,0.000000,0.000010,-15.700000,60.900000,55.900000,176.900000,1.644115,-0.136580,1.583074,-0.063281,0.000000,0.000000,0.000000,0.000000
614.118,1.606576,-0.138602,1.652827,-0.063572,-0.026180,0.000150,0.000000,0.000010,-15.700000,60.900000,55.900000,176.900000,1.644115,-0.136580,1.583074,-0.063281,0.000000,0.000000,0.000000,0.000000
614.487,1.644275,-0.136584,1.583014,-0.063281,0.036652,0.000050,0.000000,0.000000,-10.500000,95.900000,-45.400000,145.800000,1.644115,-0.136580,1.583074,-0.063281,0.000000,0.000000,0.000000,0.000000
614.498,1.644275,-0.136584,1.583014,-0.063281,0.036652,0.000050,0.000000,0.000000,-10.500000,95.900000,-45.400000,145.800000,1.644115,-0.136580,1.583074,-0.063281,0.000000,0.000000,0.000000,0.000000
614.508,1.644275,-0.136584,1.583014,-0.063281,0.036652,0.000050,0.000000,0.000000,-10.500000,95.900000,-45.400000,145.800000,1.644115,-0.136580,1.583074,-0.063281,0.000000,0.000000,0.000000,0.000000
614.518,1.644275,-0.136584,1.583014,-0.063281,0.036652,0.000050,0.000000,0.000000,-10.500000,95.900000,-45.400000,145.800000,1.644115,-0.136580,1.583074,-0.063281,0.000000,0.000000,0.000000,0.000000
614.887,1.546187,-0.134574,1.613382,-0.062102,-0.001745,0.000030,0.000000,0.000010,-15.700000,61.500000,51.400000,170.700000,1.546317,-0.134571,1.613429,-0.062103,0.000000,0.000000,0.000000,0.000000
614.898,1.546187,-0.134574,1.613382,-0.062102,-0.001745,0.000030,0.000000,0.000010,-15.700000,61.500000,51.400000,170.700000,1.546317,-0.134571,1.613429,-0.062103,0.000000,0.000000,0.000000,0.000000
614.908,1.546187,-0.134574,1.613382,-0.062102,-0.001745,0.000030,0.000000,0.000010,-15.700000,61.500000,51.400000,170.700000,1.546317,-0.134571,1.613429,-0.062103,0.000000,0.000000,0.000000,0.000000
614.918,1.546187,-0.134574,1.613382,-0.062102,-0.001745,0.000030,0.000000,0.000010,-15.700000,61.500000,51.400000,170.700000,1.546317,-0.134571,1.613429,-0.062103,0.000000,0.000000,0.000000,0.000000
615.287,1.584759,-0.132566,1.536064,-0.061885,0.000000,0.000000,0.000000,0.000000,-13.000000,63.000000,36.100000,123.200000,1.584825,-0.132562,1.536252,-0.061886,0.000000,0.000000,0.000000,0.000000
615.297,1.584759,-0.132566,1.536064,-0.061885,0.000000,0.000000,0.000000,0.000000,-13.000000,63.000000,36.100000,123.200000,1.584825,-0.132562,1.536252,-0.061886,0.000000,0.000000,0.000000,0.000000
615.308,1.584759,-0.132566,1.536064,-0.061885,0.000000,0.000000,0.000000,0.000000,-13.000000,63.000000,36.100000,123.200000,1.584825,-0.132562,1.536252,-0.061886,0.000000,0.000000,0.000000,0.000000
615.318,1.584759,-0.132566,1.536064,-0.061885,0.000000,0.000000,0.000000,0.000000,-13.000000,63.000000,36.100000,123.200000,1.584825,-0.132562,1.536252,-0.061886,0.000000,0.000000,0.000000,0.000000
615.787,1.523149,-0.130543,1.598722,-0.061473,0.000000,0.000000,0.000000,0.000000,-16.300000,46.900000,63.000000,121.300000,1.406088,-0.128542,1.635963,-0.060128,0.000000,0.000000,0.000000,0.000000
615.798,1.523149,-0.130543,1.598722,-0.061473,0.000000,0.000000,0.000000,0.000000,-16.300000,46.900000,63.000000,121.300000,1.406088,-0.128542,1.635963,-0.060128,0.000000,0.000000,0.000000,0.000000
615.808,1.523149,-0.130543,1.598722,-0.061473,0.000000,0.000000,0.000000,0.000000,-16.300000,46.900000,63.000000,121.300000,1.406088,-0.128542,1.635963,-0.060128,0.000000,0.000000,0.000000,0.000000
615.818,1.523149,-0.130543,1.598722,-0.061473,0.000000,0.000000,0.000000,0.000000,-16.300000,46.900000,63.000000,121.300000,1.406088,-0.128542,1.635963,-0.060128,0.000000,0.000000,0.000000,0.000000
616.391,1.406037,-0.128541,1.635897,-0.060127,0.000000,0.000020,0.000000,0.000000,-13.900000,47.000000,-53.200000,105.800000,1.406088,-0.128542,1.635963,-0.060128,0.000000,0.000000,0.000000,0.000000
616.401,1.406037,-0.128541,1.635897,-0.060127,0.000000,0.000020,0.000000,0.000000,-13.900000,47.000000,-53.200000,105.800000,1.406088,-0.128542,1.635963,-0.060128,0.000000,0.000000,0.000000,0.000000
616.414,1.406037,-0.128541,1.635897,-0.060127,0.000000,0.000020,0.000000,0.000000,-13.900000,47.000000,-53.200000,105.800000,1.406088,-0.128542,1.635963,-0.060128,0.000000,0.000000,0.000000,0.000000
616.424,1.406037,-0.128541,1.635897,-0.060127,0.000000,0.000020,0.000000,0.000000,-13.900000,47.000000,-53.200000,105.800000,1.406088,-0.128542,1.635963,-0.060128,0.000000,0.000000,0.000000,0.000000
616.988,1.321738,-0.126534,1.674120,-0.059089,-0.001745,0.000000,0.000000,0.000000,-13.800000,45.400000,26.800000,105.600000,1.321818,-0.126534,1.674542,-0.059089,0.000000,0.000000,0.000000,0.000000
616.998,1.321738,-0.126534,1.674120,-0.059089,-0.001745,0.000000,0.000000,0.000000,-13.800000,45.400000,26.800000,105.600000,1.321818,-0.126534,1.674542,-0.059089,0.000000,0.000000,0.000000,0.000000
617.008,1.321738,-0.126534,1.674120,-0.059089,-0.001745,0.000000,0.000000,0.000000,-13.800000,45.400000,26.800000,105.600000,1.321818,-0.126534,1.674542,-0.059089,0.000000,0.000000,0.000000,0.000000
617.018,1.321738,-0.126534,1.674120,-0.059089,-0.001745,0.000000,0.000000,0.000000,-13.800000,45.400000,26.800000,105.600000,1.321818,-0.126534,1.674542,-0.059089,0.000000,0.000000,0.000000,0.000000
617.591,1.224174,-0.124492,1.719498,-0.057905,-0.008727,-0.000010,0.000000,0.000000,-16.900000,48.500000,35.300000,89.000000,1.224218,-0.124493,1.719665,-0.057905,0.000000,0.000000,0.000000,0.000000
617.604,1.224174,-0.124492,1.719498,-0.057905,-0.008727,-0.000010,0.000000,0.000000,-16.900000,48.500000,35.300000,89.000000,1.224218,-0.124493,1.719665,-0.057905,0.000000,0.000000,0.000000,0.000000
617.614,1.224174,-0.124492,1.719498,-0.057905,-0.008727,-0.000010,0.000000,0.000000,-16.900000,48.500000,35.300000,89.000000,1.224218,-0.124493,1.719665,-0.057905,0.000000,0.000000,0.000000,0.000000
617.624,1.224174,-0.124492,1.719498,-0.057905,-0.008727,-0.000010,0.000000,0.000000,-16.900000,48.500000,35.300000,89.000000,1.224218,-0.124493,1.719665,-0.057905,0.000000,0.000000,0.000000,0.000000
618.088,1.115964,-0.122480,1.770811,-0.056582,0.029671,0.000010,0.000000,0.000000,-14.100000,42.400000,-16.100000,125.900000,1.116065,-0.122480,1.770519,-0.056582,0.000000,0.000000,0.000000,0.000000
618.098,1.115964,-0.122480,1.770811,-0.056582,0.029671,0.000010,0.000000,0.000000,-14.100000,42.400000,-16.100000,125.900000,1.116065,-0.122480,1.770519,-0.056582,0.000000,0.000000,0.000000,0.000000
618.108,1.115964,-0.122480,1.770811,-0.056582,0.029671,0.000010,0.000000,0.000000,-14.100000,42.400000,-16.100000,125.900000,1.116065,-0.122480,1.770519,-0.056582,0.000000,0.000000,0.000000,0.000000
618.118,1.115964,-0.122480,1.770811,-0.056582,0.029671,0.000010,0.000000,0.000000,-14.100000,42.400000,-16.100000,125.900000,1.116065,-0.122480,1.770519,-0.056582,0.000000,0.000000,0.000000,0.000000
618.487,1.014560,-0.120484,1.817062,-0.055294,-0.001745,0.000020,0.000000,0.000010,-15.300000,54.600000,154.300000,153.500000,1.014679,-0.120481,1.816940,-0.055293,0.000000,0.000000,0.000000,0.000000
618.498,1.014560,-0.120484,1.817062,-0.055294,-0.001745,0.000020,0.000000,0.000010,-15.300000,54.600000,154.300000,153.500000,1.014679,-0.120481,1.816940,-0.055293,0.000000,0.000000,0.000000,0.000000
618.508,1.014560,-0.120484,1.817062,-0.055294,-0.001745,0.000020,0.000000,0.000010,-15.300000,54.600000,154.300000,153.500000,1.014679,-0.120481,1.816940,-0.055293,0.000000,0.000000,0.000000,0.000000
618.518,1.014560,-0.120484,1.817062,-0.055294,-0.001745,0.000020,0.000000,0.000010,-15.300000,54.600000,154.300000,153.500000,1.014679,-0.120481,1.816940,-0.055293,0.000000,0.000000,0.000000,0.000000
618.991,0.899543,-0.118486,1.868026,-0.053876,0.000000,0.000000,0.000000,0.000000,-12.700000,72.100000,112.200000,114.400000,0.899651,-0.118487,1.867726,-0.053876,0.000000,0.000000,0.000000,0.000000
619.004,0.899543,-0.118486,1.868026,-0.053876,0.000000,0.000000,0.000000,0.000000,-12.700000,72.100000,112.200000,114.400000,0.899651,-0.118487,1.867726,-0.053876,0.000000,0.000000,0.000000,0.000000
619.014,0.899543,-0.118486,1.868026,-0.053876,0.000000,0.000000,0.000000,0.000000,-12.700000,72.100000,112.200000,114.400000,0.899651,-0.118487,1.867726,-0.053876,0.000000,0.000000,0.000000,0.000000
619.024,0.899543,-0.118486,1.868026,-0.053876,0.000000,0.000000,0.000000,0.000000,-12.700000,72.100000,112.200000,114.400000,0.899651,-0.118487,1.867726,-0.053876,0.000000,0.000000,0.000000,0.000000
619.387,0.832522,-0.116424,1.921084,-0.053344,0.000000,0.000090,0.000000,0.000000,-15.100000,98.300000,81.900000,115.100000,0.832735,-0.116421,1.921059,-0.053344,0.000000,0.000000,0.000000,0.000000
619.398,0.832522,-0.116424,1.921084,-0.053344,0.000000,0.000090,0.000000,0.000000,-15.100000,98.300000,81.900000,115.100000,0.832735,-0.116421,1.921059,-0.053344,0.000000,0.000000,0.000000,0.000000
619.408,0.832522,-0.116424,1.921084,-0.053344,0.000000,0.000090,0.000000,0.000000,-15.100000,98.300000,81.900000,115.100000,0.832735,-0.116421,1.921059,-0.053344,0.000000,0.000000,0.000000,0.000000
619.418,0.832522,-0.116424,1.921084,-0.053344,0.000000,0.000090,0.000000,0.000000,-15.100000,98.300000,81.900000,115.100000,0.832735,-0.116421,1.921059,-0.053344,0.000000,0.000000,0.000000,0.000000
622.987,0.731991,-0.114419,1.964543,-0.052036,0.000000,0.000000,0.000000,0.000000,-17.300000,26.800000,48.700000,78.500000,0.732146,-0.114421,1.964485,-0.052036,0.000000,0.000000,0.000000,0.000000
622.997,0.731991,-0.114419,1.964543,-0.052036,0.000000,0.000000,0.000000,0.000000,-17.300000,26.800000,48.700000,78.500000,0.732146,-0.114421,1.964485,-0.052036,0.000000,0.000000,0.000000,0.000000
623.007,0.731991,-0.114419,1.964543,-0.052036,0.000000,0.000000,0.000000,0.000000,-17.300000,26.800000,48.700000,78.500000,0.732146,-0.114421,1.964485,-0.052036,0.000000,0.000000,0.000000,0.000000
623.018,0.731991,-0.114419,1.964543,-0.052036,0.000000,0.000000,0.000000,0.000000,-17.300000,26.800000,48.700000,78.500000,0.732146,-0.114421,1.964485,-0.052036,0.000000,0.000000,0.000000,0.000000
623.487,0.636522,-0.112412,2.008874,-0.050738,0.003491,0.000000,-0.001745,0.000000,-18.700000,65.400000,-15.100000,113.700000,0.595920,-0.110402,2.070695,-0.050735,0.000000,0.000000,0.000000,0.000000
623.498,0.636522,-0.112412,2.008874,-0.050738,0.003491,0.000000,-0.001745,0.000000,-18.700000,65.400000,-15.100000,113.700000,0.595920,-0.110402,2.070695,-0.050735,0.000000,0.000000,0.000000,0.000000
623.508,0.636522,-0.112412,2.008874,-0.050738,0.003491,0.000000,-0.001745,0.000000,-18.700000,65.400000,-15.100000,113.700000,0.595920,-0.110402,2.070695,-0.050735,0.000000,0.000000,0.000000,0.000000
623.518,0.636522,-0.112412,2.008874,-0.050738,0.003491,0.000000,-0.001745,0.000000,-18.700000,65.400000,-15.100000,113.700000,0.595920,-0.110402,2.070695,-0.050735,0.000000,0.000000,0.000000,0.000000
626.988,0.595855,-0.110401,2.070484,-0.050734,0.000000,0.000000,0.000000,0.000000,-21.300000,28.700000,13.700000,78.300000,0.595920,-0.110402,2.070695,-0.050735,0.000000,0.000000,0.000000,0.000000
626.998,0.595855,-0.110401,2.070484,-0.050734,0.000000,0.000000,0.000000,0.000000,-21.300000,28.700000,13.700000,78.300000,0.595920,-0.110402,2.070695,-0.050735,0.000000,0.000000,0.000000,0.000000
627.008,0.595855,-0.110401,2.070484,-0.050734,0.000000,0.000000,0.000000,0.000000,-21.300000,28.700000,13.700000,78.300000,0.595920,-0.110402,2.070695,-0.050735,0.000000,0.000000,0.000000,0.000000
627.018,0.595855,-0.110401,2.070484,-0.050734,0.000000,0.000000,0.000000,0.000000,-21.300000,28.700000,13.700000,78.300000,0.595920,-0.110402,2.070695,-0.050735,0.000000,0.000000,0.000000,0.000000
627.488,0.557284,-0.108384,2.136108,-0.050727,0.019199,0.000000,0.000000,0.000000,-20.900000,61.200000,103.600000,66.900000,0.557321,-0.108384,2.135981,-0.050728,0.000000,0.000000,0.000000,0.000000
627.498,0.557284,-0.108384,2.136108,-0.050727,0.019199,0.000000,0.000000,0.000000,-20.900000,61.200000,103.600000,66.900000,0.557321,-0.108384,2.135981,-0.050728,0.000000,0.000000,0.000000,0.000000
627.508,0.557284,-0.108384,2.136108,-0.050727,0.019199,0.000000,0.000000,0.000000,-20.900000,61.200000,103.600000,66.900000,0.557321,-0.108384,2.135981,-0.050728,0.000000,0.000000,0.000000,0.000000
627.518,0.557284,-0.108384,2.136108,-0.050727,0.019199,0.000000,0.000000,0.000000,-20.900000,61.200000,103.600000,66.900000,0.557321,-0.108384,2.135981,-0.050728,0.000000,0.000000,0.000000,0.000000
627.988,0.592888,-0.106351,2.251126,-0.051566,0.000000,0.000080,0.000000,0.000000,-16.800000,87.700000,124.200000,-7.500000,0.592974,-0.106351,2.251080,-0.051567,0.000000,0.000000,0.000000,0.000000
627.998,0.592888,-0.106351,2.251126,-0.051566,0.000000,0.000080,0.000000,0.000000,-16.800000,87.700000,124.200000,-7.500000,0.592974,-0.106351,2.251080,-0.051567,0.000000,0.000000,0.000000,0.000000
628.008,0.592888,-0.106351,2.251126,-0.051566,0.000000,0.000080,0.000000,0.000000,-16.800000,87.700000,124.200000,-7.500000,0.592974,-0.106351,2.251080,-0.051567,0.000000,0.000000,0.000000,0.000000
628.018,0.592888,-0.106351,2.251126,-0.051566,0.000000,0.000080,0.000000,0.000000,-16.800000,87.700000,124.200000,-7.500000,0.592974,-0.106351,2.251080,-0.051567,0.000000,0.000000,0.000000,0.000000
628.487,0.606676,-0.104332,2.343977,-0.052118,0.000000,0.000000,0.000000,0.000000,-21.300000,78.000000,174.300000,10.100000,0.503548,-0.102304,2.357484,-0.051312,0.000000,0.000000,0.000000,0.000000
628.498,0.606676,-0.104332,2.343977,-0.052118,0.000000,0.000000,0.000000,0.000000,-21.300000,78.000000,174.300000,10.100000,0.503548,-0.102304,2.357484,-0.051312,0.000000,0.000000,0.000000,0.000000
628.508,0.606676,-0.104332,2.343977,-0.052118,0.000000,0.000000,0.000000,0.000000,-21.300000,78.000000,174.300000,10.100000,0.503548,-0.102304,2.357484,-0.051312,0.000000,0.000000,0.000000,0.000000
628.518,0.606676,-0.104332,2.343977,-0.052118,0.000000,0.000000,0.000000,0.000000,-21.300000,78.000000,174.300000,10.100000,0.503548,-0.102304,2.357484,-0.051312,0.000000,0.000000,0.000000,0.000000
628.988,0.503527,-0.102304,2.357765,-0.051312,0.008727,-0.000010,0.000000,0.000000,-25.500000,55.700000,52.500000,77.600000,0.503548,-0.102304,2.357484,-0.051312,0.000000,0.000000,0.000000,0.000000
628.998,0.503527,-0.102304,2.357765,-0.051312,0.008727,-0.000010,0.000000,0.000000,-25.500000,55.700000,52.500000,77.600000,0.503548,-0.102304,2.357484,-0.051312,0.000000,0.000000,0.000000,0.000000
629.008,0.503527,-0.102304,2.357765,-0.051312,0.008727,-0.000010,0.000000,0.000000,-25.500000,55.700000,52.500000,77.600000,0.503548,-0.102304,2.357484,-0.051312,0.000000,0.000000,0.000000,0.000000
629.018,0.503527,-0.102304,2.357765,-0.051312,0.008727,-0.000010,0.000000,0.000000,-25.500000,55.700000,52.500000,77.600000,0.503548,-0.102304,2.357484,-0.051312,0.000000,0.000000,0.000000,0.000000
629.488,0.410676,-0.100288,2.363525,-0.049982,0.000000,0.000030,-0.005236,0.000000,-24.800000,56.200000,-11.200000,113.600000,0.410768,-0.100288,2.363460,-0.049983,0.000000,0.000000,0.000000,0.000000
629.498,0.410676,-0.100288,2.363525,-0.049982,0.000000,0.000030,-0.005236,0.000000,-24.800000,56.200000,-11.200000,113.600000,0.410768,-0.100288,2.363460,-0.049983,0.000000,0.000000,0.000000,0.000000
629.508,0.410676,-0.100288,2.363525,-0.049982,0.000000,0.000030,-0.005236,0.000000,-24.800000,56.200000,-11.200000,113.600000,0.410768,-0.100288,2.363460,-0.049983,0.000000,0.000000,0.000000,0.000000
629.518,0.410676,-0.100288,2.363525,-0.049982,0.000000,0.000030,-0.005236,0.000000,-24.800000,56.200000,-11.200000,113.600000,0.410768,-0.100288,2.363460,-0.049983,0.000000,0.000000,0.000000,0.000000
629.987,0.280474,-0.098301,2.374870,-0.047172,-0.029671,0.000020,-0.001745,0.000050,-26.800000,49.600000,-14.100000,131.700000,0.280520,-0.098300,2.374871,-0.047172,0.000000,0.000000,0.000000,0.000000
629.997,0.280474,-0.098301,2.374870,-0.047172,-0.029671,0.000020,-0.001745,0.000050,-26.800000,49.600000,-14.100000,131.700000,0.280520,-0.098300,2.374871,-0.047172,0.000000,0.000000,0.000000,0.000000
630.008,0.280474,-0.098301,2.374870,-0.047172,-0.029671,0.000020,-0.001745,0.000050,-26.800000,49.600000,-14.100000,131.700000,0.280520,-0.098300,2.374871,-0.047172,0.000000,0.000000,0.000000,0.000000
630.018,0.280474,-0.098301,2.374870,-0.047172,-0.029671,0.000020,-0.001745,0.000050,-26.800000,49.600000,-14.100000,131.700000,0.280520,-0.098300,2.374871,-0.047172,0.000000,0.000000,0.000000,0.000000
630.588,0.044157,-0.096297,2.378186,-0.043886,0.000000,0.000000,-0.001745,0.000000,-27.200000,54.400000,-46.200000,152.100000,0.044137,-0.096298,2.378282,-0.043886,0.000000,0.000000,0.000000,0.000000
630.598,0.044157,-0.096297,2.378186,-0.043886,0.000000,0.000000,-0.001745,0.000000,-27.200000,54.400000,-46.200000,152.100000,0.044137,-0.096298,2.378282,-0.043886,0.000000,0.000000,0.000000,0.000000
630.608,0.044157,-0.096297,2.378186,-0.043886,0.000000,0.000000,-0.001745,0.000000,-27.200000,54.400000,-46.200000,152.100000,0.044137,-0.096298,2.378282,-0.043886,0.000000,0.000000,0.000000,0.000000
630.618,0.044157,-0.096297,2.378186,-0.043886,0.000000,0.000000,-0.001745,0.000000,-27.200000,54.400000,-46.200000,152.100000,0.044137,-0.096298,2.378282,-0.043886,0.000000,0.000000,0.000000,0.000000
631.087,0.013265,-0.094185,2.379756,-0.044095,0.001745,0.000000,0.000000,0.000000,-26.900000,86.800000,56.000000,60.900000,0.013296,-0.094185,2.379584,-0.044097,0.000000,0.000000,0.000000,0.000000
631.097,0.013265,-0.094185,2.379756,-0.044095,0.001745,0.000000,0.000000,0.000000,-26.900000,86.800000,56.000000,60.900000,0.013296,-0.094185,2.379584,-0.044097,0.000000,0.000000,0.000000,0.000000
631.108,0.013265,-0.094185,2.379756,-0.044095,0.001745,0.000000,0.000000,0.000000,-26.900000,86.800000,56.000000,60.900000,0.013296,-0.094185,2.379584,-0.044097,0.000000,0.000000,0.000000,0.000000
631.118,0.013265,-0.094185,2.379756,-0.044095,0.001745,0.000000,0.000000,0.000000,-26.900000,86.800000,56.000000,60.900000,0.013296,-0.094185,2.379584,-0.044097,0.000000,0.000000,0.000000,0.000000
631.587,0.002618,-0.091966,2.362129,-0.042594,0.000000,-0.000130,0.000000,0.000000,-23.900000,49.400000,91.900000,113.600000,-0.019930,-0.090054,2.388137,-0.048522,0.000000,0.000000,0.000000,0.000000
631.597,0.002618,-0.091966,2.362129,-0.042594,0.000000,-0.000130,0.000000,0.000000,-23.900000,49.400000,91.900000,113.600000,-0.019930,-0.090054,2.388137,-0.048522,0.000000,0.000000,0.000000,0.000000
631.608,0.002618,-0.091966,2.362129,-0.042594,0.000000,-0.000130,0.000000,0.000000,-23.900000,49.400000,91.900000,113.600000,-0.019930,-0.090054,2.388137,-0.048522,0.000000,0.000000,0.000000,0.000000
631.618,0.002618,-0.091966,2.362129,-0.042594,0.000000,-0.000130,0.000000,0.000000,-23.900000,49.400000,91.900000,113.600000,-0.019930,-0.090054,2.388137,-0.048522,0.000000,0.000000,0.000000,0.000000
632.387,-0.019897,-0.090054,2.388134,-0.048521,0.000000,0.000000,0.000000,-0.000020,-28.400000,31.700000,32.300000,-20.300000,-0.019930,-0.090054,2.388137,-0.048522,0.000000,0.000000,0.000000,0.000000
632.397,-0.019897,-0.090054,2.388134,-0.048521,0.000000,0.000000,0.000000,-0.000020,-28.400000,31.700000,32.300000,-20.300000,-0.019930,-0.090054,2.388137,-0.048522,0.000000,0.000000,0.000000,0.000000
632.408,-0.019897,-0.090054,2.388134,-0.048521,0.000000,0.000000,0.000000,-0.000020,-28.400000,31.700000,32.300000,-20.300000,-0.019930,-0.090054,2.388137,-0.048522,0.000000,0.000000,0.000000,0.000000
632.418,-0.019897,-0.090054,2.388134,-0.048521,0.000000,0.000000,0.000000,-0.000020,-28.400000,31.700000,32.300000,-20.300000,-0.019930,-0.090054,2.388137,-0.048522,0.000000,0.000000,0.000000,0.000000
632.787,0.036826,-0.090515,2.357765,-0.047488,0.015708,0.000000,0.000000,0.000000,-17.200000,7.300000,2.300000,109.000000,0.036883,-0.090515,2.358127,-0.047487,0.000000,0.000000,0.000000,0.000000
632.798,0.036826,-0.090515,2.357765,-0.047488,0.015708,0.000000,0.000000,0.000000,-17.200000,7.300000,2.300000,109.000000,0.036883,-0.090515,2.358127,-0.047487,0.000000,0.000000,0.000000,0.000000
632.808,0.036826,-0.090515,2.357765,-0.047488,0.015708,0.000000,0.000000,0.000000,-17.200000,7.300000,2.300000,109.000000,0.036883,-0.090515,2.358127,-0.047487,0.000000,0.000000,0.000000,0.000000
632.818,0.036826,-0.090515,2.357765,-0.047488,0.015708,0.000000,0.000000,0.000000,-17.200000,7.300000,2.300000,109.000000,0.036883,-0.090515,2.358127,-0.047487,0.000000,0.000000,0.000000,0.000000
633.487,0.278555,-0.091843,2.324429,-0.042026,0.000000,-0.000120,0.000000,0.000070,-10.600000,18.100000,76.500000,171.100000,0.278738,-0.091844,2.324730,-0.042025,0.000000,0.000000,0.000000,0.000000
633.498,0.278555,-0.091843,2.324429,-0.042026,0.000000,-0.000120,0.000000,0.000070,-10.600000,18.100000,76.500000,171.100000,0.278738,-0.091844,2.324730,-0.042025,0.000000,0.000000,0.000000,0.000000
633.508,0.278555,-0.091843,2.324429,-0.042026,0.000000,-0.000120,0.000000,0.000070,-10.600000,18.100000,76.500000,171.100000,0.278738,-0.091844,2.324730,-0.042025,0.000000,0.000000,0.000000,0.000000
633.518,0.278555,-0.091843,2.324429,-0.042026,0.000000,-0.000120,0.000000,0.000070,-10.600000,18.100000,76.500000,171.100000,0.278738,-0.091844,2.324730,-0.042025,0.000000,0.000000,0.000000,0.000000
633.988,-0.243822,-0.091943,2.322335,-0.038724,0.027925,0.000090,0.001745,0.000060,-24.000000,1.000000,177.900000,145.700000,-0.243839,-0.091944,2.322541,-0.038723,0.000000,0.000000,0.000000,0.000000
633.998,-0.243822,-0.091943,2.322335,-0.038724,0.027925,0.000090,0.001745,0.000060,-24.000000,1.000000,177.900000,145.700000,-0.243839,-0.091944,2.322541,-0.038723,0.000000,0.000000,0.000000,0.000000
634.008,-0.243822,-0.091943,2.322335,-0.038724,0.027925,0.000090,0.001745,0.000060,-24.000000,1.000000,177.900000,145.700000,-0.243839,-0.091944,2.322541,-0.038723,0.000000,0.000000,0.000000,0.000000
634.018,-0.243822,-0.091943,2.322335,-0.038724,0.027925,0.000090,0.001745,0.000060,-24.000000,1.000000,177.900000,145.700000,-0.243839,-0.091944,2.322541,-0.038723,0.000000,0.000000,0.000000,0.000000
635.187,0.021118,-0.090162,2.278353,-0.049472,0.000000,0.000000,0.000000,0.000000,-9.000000,32.400000,-38.200000,-25.000000,0.021458,-0.090163,2.278253,-0.049475,0.000000,0.000000,0.000000,0.000000
635.198,0.021118,-0.090162,2.278353,-0.049472,0.000000,0.000000,0.000000,0.000000,-9.000000,32.400000,-38.200000,-25.000000,0.021458,-0.090163,2.278253,-0.049475,0.000000,0.000000,0.000000,0.000000
635.208,0.021118,-0.090162,2.278353,-0.049472,0.000000,0.000000,0.000000,0.000000,-9.000000,32.400000,-38.200000,-25.000000,0.021458,-0.090163,2.278253,-0.049475,0.000000,0.000000,0.000000,0.000000
635.218,0.021118,-0.090162,2.278353,-0.049472,0.000000,0.000000,0.000000,0.000000,-9.000000,32.400000,-38.200000,-25.000000,0.021458,-0.090163,2.278253,-0.049475,0.000000,0.000000,0.000000,0.000000
635.587,0.150971,-0.090612,2.356194,-0.047729,0.019199,0.000000,0.000000,0.000020,-9.900000,-5.700000,103.400000,148.500000,0.150919,-0.090612,2.356356,-0.047727,0.000000,0.000000,0.000000,0.000000
635.597,0.150971,-0.090612,2.356194,-0.047729,0.019199,0.000000,0.000000,0.000020,-9.900000,-5.700000,103.400000,148.500000,0.150919,-0.090612,2.356356,-0.047727,0.000000,0.000000,0.000000,0.000000
635.607,0.150971,-0.090612,2.356194,-0.047729,0.019199,0.000000,0.000000,0.000020,-9.900000,-5.700000,103.400000,148.500000,0.150919,-0.090612,2.356356,-0.047727,0.000000,0.000000,0.000000,0.000000
635.618,0.150971,-0.090612,2.356194,-0.047729,0.019199,0.000000,0.000000,0.000020,-9.900000,-5.700000,103.400000,148.500000,0.150919,-0.090612,2.356356,-0.047727,0.000000,0.000000,0.000000,0.000000
636.290,0.351509,-0.092139,2.366317,-0.042802,0.043633,0.000000,0.000000,0.000010,-11.500000,4.100000,-31.900000,180.500000,0.351686,-0.092141,2.366228,-0.042803,0.000000,0.000000,0.000000,0.000000
636.304,0.351509,-0.092139,2.366317,-0.042802,0.043633,0.000000,0.000000,0.000010,-11.500000,4.100000,-31.900000,180.500000,0.351686,-0.092141,2.366228,-0.042803,0.000000,0.000000,0.000000,0.000000
636.314,0.351509,-0.092139,2.366317,-0.042802,0.043633,0.000000,0.000000,0.000010,-11.500000,4.100000,-31.900000,180.500000,0.351686,-0.092141,2.366228,-0.042803,0.000000,0.000000,0.000000,0.000000
636.324,0.351509,-0.092139,2.366317,-0.042802,0.043633,0.000000,0.000000,0.000010,-11.500000,4.100000,-31.900000,180.500000,0.351686,-0.092141,2.366228,-0.042803,0.000000,0.000000,0.000000,0.000000
637.087,-0.099833,-0.090736,2.417281,-0.048635,0.000000,0.000000,0.000000,-0.000020,-19.900000,22.400000,16.500000,-19.900000,-0.100155,-0.090735,2.417495,-0.048636,0.000000,0.000000,0.000000,0.000000
637.098,-0.099833,-0.090736,2.417281,-0.048635,0.000000,0.000000,0.000000,-0.000020,-19.900000,22.400000,16.500000,-19.900000,-0.100155,-0.090735,2.417495,-0.048636,0.000000,0.000000,0.000000,0.000000
637.108,-0.099833,-0.090736,2.417281,-0.048635,0.000000,0.000000,0.000000,-0.000020,-19.900000,22.400000,16.500000,-19.900000,-0.100155,-0.090735,2.417495,-0.048636,0.000000,0.000000,0.000000,0.000000
637.118,-0.099833,-0.090736,2.417281,-0.048635,0.000000,0.000000,0.000000,-0.000020,-19.900000,22.400000,16.500000,-19.900000,-0.100155,-0.090735,2.417495,-0.048636,0.000000,0.000000,0.000000,0.000000
637.587,0.003142,-0.090408,2.301391,-0.046475,-0.006981,0.000020,0.000000,0.000020,-16.300000,12.200000,47.200000,150.000000,0.003268,-0.090408,2.301445,-0.046475,0.000000,0.000000,0.000000,0.000000
637.597,0.003142,-0.090408,2.301391,-0.046475,-0.006981,0.000020,0.000000,0.000020,-16.300000,12.200000,47.200000,150.000000,0.003268,-0.090408,2.301445,-0.046475,0.000000,0.000000,0.000000,0.000000
637.608,0.003142,-0.090408,2.301391,-0.046475,-0.006981,0.000020,0.000000,0.000020,-16.300000,12.200000,47.200000,150.000000,0.003268,-0.090408,2.301445,-0.046475,0.000000,0.000000,0.000000,0.000000
637.618,0.003142,-0.090408,2.301391,-0.046475,-0.006981,0.000020,0.000000,0.000020,-16.300000,12.200000,47.200000,150.000000,0.003268,-0.090408,2.301445,-0.046475,0.000000,0.000000,0.000000,0.000000
660.587,1.241104,-0.154836,1.241278,-0.071903,-0.006981,0.000000,0.000000,0.000000,-14.100000,9.200000,14.200000,31.300000,1.241412,-0.154836,1.241412,-0.071903,0.000000,0.000000,0.000000,0.000000
660.598,1.241104,-0.154836,1.241278,-0.071903,-0.006981,0.000000,0.000000,0.000000,-14.100000,9.200000,14.200000,31.300000,1.241412,-0.154836,1.241412,-0.071903,0.000000,0.000000,0.000000,0.000000
660.608,1.241104,-0.154836,1.241278,-0.071903,-0.006981,0.000000,0.000000,0.000000,-14.100000,9.200000,14.200000,31.300000,1.241412,-0.154836,1.241412,-0.071903,0.000000,0.000000,0.000000,0.000000
660.618,1.241104,-0.154836,1.241278,-0.071903,-0.006981,0.000000,0.000000,0.000000,-14.100000,9.200000,14.200000,31.300000,1.241412,-0.154836,1.241412,-0.071903,0.000000,0.000000,0.000000,0.000000
661.188,1.176352,-0.152743,1.259604,-0.070837,-0.010472,-0.000060,0.000000,0.000000,-15.400000,28.900000,24.500000,94.800000,1.176372,-0.152743,1.259605,-0.070706,0.000000,0.000000,0.000000,0.000000
661.198,1.176352,-0.152743,1.259604,-0.070837,-0.010472,-0.000060,0.000000,0.000000,-15.400000,28.900000,24.500000,94.800000,1.176372,-0.152743,1.259605,-0.070706,0.000000,0.000000,0.000000,0.000000
661.208,1.176352,-0.152743,1.259604,-0.070837,-0.010472,-0.000060,0.000000,0.000000,-15.400000,28.900000,24.500000,94.800000,1.176372,-0.152743,1.259605,-0.070706,0.000000,0.000000,0.000000,0.000000
661.218,1.176352,-0.152743,1.259604,-0.070837,-0.010472,-0.000060,0.000000,0.000000,-15.400000,28.900000,24.500000,94.800000,1.176372,-0.152743,1.259605,-0.070706,0.000000,0.000000,0.000000,0.000000
661.788,1.106015,-0.150671,1.272170,-0.069643,0.022689,-0.000010,0.000000,0.000000,-8.300000,33.100000,-66.300000,92.500000,1.105873,-0.150672,1.272054,-0.069643,0.000000,0.000000,0.000000,0.000000
661.798,1.106015,-0.150671,1.272170,-0.069643,0.022689,-0.000010,0.000000,0.000000,-8.300000,33.100000,-66.300000,92.500000,1.105873,-0.150672,1.272054,-0.069643,0.000000,0.000000,0.000000,0.000000
661.808,1.106015,-0.150671,1.272170,-0.069643,0.022689,-0.000010,0.000000,0.000000,-8.300000,33.100000,-66.300000,92.500000,1.105873,-0.150672,1.272054,-0.069643,0.000000,0.000000,0.000000,0.000000
661.818,1.106015,-0.150671,1.272170,-0.069643,0.022689,-0.000010,0.000000,0.000000,-8.300000,33.100000,-66.300000,92.500000,1.105873,-0.150672,1.272054,-0.069643,0.000000,0.000000,0.000000,0.000000
665.587,1.038820,-0.148637,1.285260,-0.068448,0.000000,0.000000,0.000000,0.000000,-13.100000,46.800000,38.800000,90.100000,1.039137,-0.148637,1.285384,-0.068448,0.000000,0.000000,0.000000,0.000000
665.598,1.038820,-0.148637,1.285260,-0.068448,0.000000,0.000000,0.000000,0.000000,-13.100000,46.800000,38.800000,90.100000,1.039137,-0.148637,1.285384,-0.068448,0.000000,0.000000,0.000000,0.000000
665.608,1.038820,-0.148637,1.285260,-0.068448,0.000000,0.000000,0.000000,0.000000,-13.100000,46.800000,38.800000,90.100000,1.039137,-0.148637,1.285384,-0.068448,0.000000,0.000000,0.000000,0.000000
665.618,1.038820,-0.148637,1.285260,-0.068448,0.000000,0.000000,0.000000,0.000000,-13.100000,46.800000,38.800000,90.100000,1.039137,-0.148637,1.285384,-0.068448,0.000000,0.000000,0.000000,0.000000
666.188,0.971799,-0.146607,1.302714,-0.067285,0.005236,-0.000010,0.000000,0.000000,-11.500000,57.100000,-9.700000,98.600000,0.971826,-0.146607,1.302720,-0.067285,0.000000,0.000000,0.000000,0.000000
666.198,0.971799,-0.146607,1.302714,-0.067285,0.005236,-0.000010,0.000000,0.000000,-11.500000,57.100000,-9.700000,98.600000,0.971826,-0.146607,1.302720,-0.067285,0.000000,0.000000,0.000000,0.000000
666.208,0.971799,-0.146607,1.302714,-0.067285,0.005236,-0.000010,0.000000,0.000000,-11.500000,57.100000,-9.700000,98.600000,0.971826,-0.146607,1.302720,-0.067285,0.000000,0.000000,0.000000,0.000000
666.218,0.971799,-0.146607,1.302714,-0.067285,0.005236,-0.000010,0.000000,0.000000,-11.500000,57.100000,-9.700000,98.600000,0.971826,-0.146607,1.302720,-0.067285,0.000000,0.000000,0.000000,0.000000
666.688,1.006880,-0.144521,1.243198,-0.066981,0.000000,0.000000,0.001745,0.000000,-14.800000,70.300000,78.300000,83.600000,1.007043,-0.144521,1.243570,-0.066982,0.000000,0.000000,0.000000,0.000000
666.698,1.006880,-0.144521,1.243198,-0.066981,0.000000,0.000000,0.001745,0.000000,-14.800000,70.300000,78.300000,83.600000,1.007043,-0.144521,1.243570,-0.066982,0.000000,0.000000,0.000000,0.000000
666.708,1.006880,-0.144521,1.243198,-0.066981,0.000000,0.000000,0.001745,0.000000,-14.800000,70.300000,78.300000,83.600000,1.007043,-0.144521,1.243570,-0.066982,0.000000,0.000000,0.000000,0.000000
666.718,1.006880,-0.144521,1.243198,-0.066981,0.000000,0.000000,0.001745,0.000000,-14.800000,70.300000,78.300000,83.600000,1.007043,-0.144521,1.243570,-0.066982,0.000000,0.000000,0.000000,0.000000
667.288,1.069014,-0.142459,1.207419,-0.066290,0.000000,0.000000,0.000000,0.000000,-13.600000,35.800000,117.900000,94.200000,1.069141,-0.142460,1.207597,-0.066291,0.000000,0.000000,0.000000,0.000000
667.298,1.069014,-0.142459,1.207419,-0.066290,0.000000,0.000000,0.000000,0.000000,-13.600000,35.800000,117.900000,94.200000,1.069141,-0.142460,1.207597,-0.066291,0.000000,0.000000,0.000000,0.000000
667.308,1.069014,-0.142459,1.207419,-0.066290,0.000000,0.000000,0.000000,0.000000,-13.600000,35.800000,117.900000,94.200000,1.069141,-0.142460,1.207597,-0.066291,0.000000,0.000000,0.000000,0.000000
667.318,1.069014,-0.142459,1.207419,-0.066290,0.000000,0.000000,0.000000,0.000000,-13.600000,35.800000,117.900000,94.200000,1.069141,-0.142460,1.207597,-0.066291,0.000000,0.000000,0.000000,0.000000
668.091,1.034108,-0.140420,1.259779,-0.065988,0.003491,0.000010,0.001745,0.000000,-13.000000,21.200000,109.800000,112.100000,1.034129,-0.140420,1.260032,-0.065988,0.000000,0.000000,0.000000,0.000000
668.104,1.034108,-0.140420,1.259779,-0.065988,0.003491,0.000010,0.001745,0.000000,-13.000000,21.200000,109.800000,112.100000,1.034129,-0.140420,1.260032,-0.065988,0.000000,0.000000,0.000000,0.000000
668.114,1.034108,-0.140420,1.259779,-0.065988,0.003491,0.000010,0.001745,0.000000,-13.000000,21.200000,109.800000,112.100000,1.034129,-0.140420,1.260032,-0.065988,0.000000,0.000000,0.000000,0.000000
668.124,1.034108,-0.140420,1.259779,-0.065988,0.003491,0.000010,0.001745,0.000000,-13.000000,21.200000,109.800000,112.100000,1.034129,-0.140420,1.260032,-0.065988,0.000000,0.000000,0.000000,0.000000
668.588,1.001295,-0.138365,1.316676,-0.065681,0.000000,-0.000030,0.000000,0.000000,-19.100000,57.300000,127.500000,99.500000,1.001449,-0.138365,1.316566,-0.065681,0.000000,0.000000,0.000000,0.000000
668.598,1.001295,-0.138365,1.316676,-0.065681,0.000000,-0.000030,0.000000,0.000000,-19.100000,57.300000,127.500000,99.500000,1.001449,-0.138365,1.316566,-0.065681,0.000000,0.000000,0.000000,0.000000
668.608,1.001295,-0.138365,1.316676,-0.065681,0.000000,-0.000030,0.000000,0.000000,-19.100000,57.300000,127.500000,99.500000,1.001449,-0.138365,1.316566,-0.065681,0.000000,0.000000,0.000000,0.000000
668.618,1.001295,-0.138365,1.316676,-0.065681,0.000000,-0.000030,0.000000,0.000000,-19.100000,57.300000,127.500000,99.500000,1.001449,-0.138365,1.316566,-0.065681,0.000000,0.000000,0.000000,0.000000
669.088,0.942303,-0.136368,1.335875,-0.064811,0.000000,0.000000,0.000000,0.000000,-18.500000,103.800000,133.400000,105.900000,0.942275,-0.136367,1.335710,-0.064812,0.000000,0.000000,0.000000,0.000000
669.098,0.942303,-0.136368,1.335875,-0.064811,0.000000,0.000000,0.000000,0.000000,-18.500000,103.800000,133.400000,105.900000,0.942275,-0.136367,1.335710,-0.064812,0.000000,0.000000,0.000000,0.000000
669.108,0.942303,-0.136368,1.335875,-0.064811,0.000000,0.000000,0.000000,0.000000,-18.500000,103.800000,133.400000,105.900000,0.942275,-0.136367,1.335710,-0.064812,0.000000,0.000000,0.000000,0.000000
669.118,0.942303,-0.136368,1.335875,-0.064811,0.000000,0.000000,0.000000,0.000000,-18.500000,103.800000,133.400000,105.900000,0.942275,-0.136367,1.335710,-0.064812,0.000000,0.000000,0.000000,0.000000
669.587,0.864636,-0.134307,1.354375,-0.063472,-0.001745,0.000090,0.000000,0.000000,-16.900000,56.700000,17.300000,126.400000,0.944717,-0.132281,1.320180,-0.062638,0.000000,0.000000,0.000000,0.000000
669.598,0.864636,-0.134307,1.354375,-0.063472,-0.001745,0.000090,0.000000,0.000000,-16.900000,56.700000,17.300000,126.400000,0.944717,-0.132281,1.320180,-0.062638,0.000000,0.000000,0.000000,0.000000
669.608,0.864636,-0.134307,1.354375,-0.063472,-0.001745,0.000090,0.000000,0.000000,-16.900000,56.700000,17.300000,126.400000,0.944717,-0.132281,1.320180,-0.062638,0.000000,0.000000,0.000000,0.000000
669.618,0.864636,-0.134307,1.354375,-0.063472,-0.001745,0.000090,0.000000,0.000000,-16.900000,56.700000,17.300000,126.400000,0.944717,-0.132281,1.320180,-0.062638,0.000000,0.000000,0.000000,0.000000
670.387,0.944572,-0.132280,1.320167,-0.062638,0.000000,0.000000,0.000000,0.000000,-12.700000,31.600000,80.400000,97.000000,0.944717,-0.132281,1.320180,-0.062638,0.000000,0.000000,0.000000,0.000000
670.398,0.944572,-0.132280,1.320167,-0.062638,0.000000,0.000000,0.000000,0.000000,-12.700000,31.600000,80.400000,97.000000,0.944717,-0.132281,1.320180,-0.062638,0.000000,0.000000,0.000000,0.000000
670.408,0.944572,-0.132280,1.320167,-0.062638,0.000000,0.000000,0.000000,0.000000,-12.700000,31.600000,80.400000,97.000000,0.944717,-0.132281,1.320180,-0.062638,0.000000,0.000000,0.000000,0.000000
670.418,0.944572,-0.132280,1.320167,-0.062638,0.000000,0.000000,0.000000,0.000000,-12.700000,31.600000,80.400000,97.000000,0.944717,-0.132281,1.320180,-0.062638,0.000000,0.000000,0.000000,0.000000
670.787,1.022239,-0.130266,1.282468,-0.061839,-0.001745,0.000140,0.000000,0.000000,-9.600000,55.000000,-38.500000,153.000000,1.022461,-0.130263,1.282531,-0.061840,0.000000,0.000000,0.000000,0.000000
670.798,1.022239,-0.130266,1.282468,-0.061839,-0.001745,0.000140,0.000000,0.000000,-9.600000,55.000000,-38.500000,153.000000,1.022461,-0.130263,1.282531,-0.061840,0.000000,0.000000,0.000000,0.000000
670.808,1.022239,-0.130266,1.282468,-0.061839,-0.001745,0.000140,0.000000,0.000000,-9.600000,55.000000,-38.500000,153.000000,1.022461,-0.130263,1.282531,-0.061840,0.000000,0.000000,0.000000,0.000000
670.818,1.022239,-0.130266,1.282468,-0.061839,-0.001745,0.000140,0.000000,0.000000,-9.600000,55.000000,-38.500000,153.000000,1.022461,-0.130263,1.282531,-0.061840,0.000000,0.000000,0.000000,0.000000
671.388,1.093798,-0.128246,1.244071,-0.061053,0.005236,-0.000010,0.000000,0.000000,-8.900000,33.700000,-7.200000,86.400000,1.093626,-0.128247,1.244244,-0.061053,0.000000,0.000000,0.000000,0.000000
671.398,1.093798,-0.128246,1.244071,-0.061053,0.005236,-0.000010,0.000000,0.000000,-8.900000,33.700000,-7.200000,86.400000,1.093626,-0.128247,1.244244,-0.061053,0.000000,0.000000,0.000000,0.000000
671.408,1.093798,-0.128246,1.244071,-0.061053,0.005236,-0.000010,0.000000,0.000000,-8.900000,33.700000,-7.200000,86.400000,1.093626,-0.128247,1.244244,-0.061053,0.000000,0.000000,0.000000,0.000000
671.418,1.093798,-0.128246,1.244071,-0.061053,0.005236,-0.000010,0.000000,0.000000,-8.900000,33.700000,-7.200000,86.400000,1.093626,-0.128247,1.244244,-0.061053,0.000000,0.000000,0.000000,0.000000
672.088,0.991871,-0.126233,1.277232,-0.059673,0.000000,0.000030,0.000000,0.000000,-12.300000,46.100000,-57.000000,104.000000,0.991876,-0.126233,1.277406,-0.059673,0.000000,0.000000,0.000000,0.000000
672.098,0.991871,-0.126233,1.277232,-0.059673,0.000000,0.000030,0.000000,0.000000,-12.300000,46.100000,-57.000000,104.000000,0.991876,-0.126233,1.277406,-0.059673,0.000000,0.000000,0.000000,0.000000
672.108,0.991871,-0.126233,1.277232,-0.059673,0.000000,0.000030,0.000000,0.000000,-12.300000,46.100000,-57.000000,104.000000,0.991876,-0.126233,1.277406,-0.059673,0.000000,0.000000,0.000000,0.000000
672.118,0.991871,-0.126233,1.277232,-0.059673,0.000000,0.000030,0.000000,0.000000,-12.300000,46.100000,-57.000000,104.000000,0.991876,-0.126233,1.277406,-0.059673,0.000000,0.000000,0.000000,0.000000
672.687,0.891514,-0.124180,1.304808,-0.058269,0.000000,0.000000,0.000000,0.000000,-12.800000,49.200000,-29.300000,110.200000,0.891543,-0.124179,1.304836,-0.058270,0.000000,0.000000,0.000000,0.000000
672.698,0.891514,-0.124180,1.304808,-0.058269,0.000000,0.000000,0.000000,0.000000,-12.800000,49.200000,-29.300000,110.200000,0.891543,-0.124179,1.304836,-0.058270,0.000000,0.000000,0.000000,0.000000
672.708,0.891514,-0.124180,1.304808,-0.058269,0.000000,0.000000,0.000000,0.000000,-12.800000,49.200000,-29.300000,110.200000,0.891543,-0.124179,1.304836,-0.058270,0.000000,0.000000,0.000000,0.000000
672.718,0.891514,-0.124180,1.304808,-0.058269,0.000000,0.000000,0.000000,0.000000,-12.800000,49.200000,-29.300000,110.200000,0.891543,-0.124179,1.304836,-0.058270,0.000000,0.000000,0.000000,0.000000
673.188,0.786271,-0.122142,1.337446,-0.056750,0.000000,0.000000,0.000000,0.000000,-13.300000,28.400000,111.800000,120.000000,0.786436,-0.122142,1.337481,-0.056751,0.000000,0.000000,0.000000,0.000000
673.198,0.786271,-0.122142,1.337446,-0.056750,0.000000,0.000000,0.000000,0.000000,-13.300000,28.400000,111.800000,120.000000,0.786436,-0.122142,1.337481,-0.056751,0.000000,0.000000,0.000000,0.000000
673.208,0.786271,-0.122142,1.337446,-0.056750,0.000000,0.000000,0.000000,0.000000,-13.300000,28.400000,111.800000,120.000000,0.786436,-0.122142,1.337481,-0.056751,0.000000,0.000000,0.000000,0.000000
673.218,0.786271,-0.122142,1.337446,-0.056750,0.000000,0.000000,0.000000,0.000000,-13.300000,28.400000,111.800000,120.000000,0.786436,-0.122142,1.337481,-0.056751,0.000000,0.000000,0.000000,0.000000
673.787,0.683471,-0.120114,1.369734,-0.055342,0.000000,0.000020,0.000000,0.000000,-17.800000,33.500000,54.000000,118.900000,0.583897,-0.118114,1.405778,-0.053975,0.000000,0.000000,0.000000,0.000000
673.797,0.683471,-0.120114,1.369734,-0.055342,0.000000,0.000020,0.000000,0.000000,-17.800000,33.500000,54.000000,118.900000,0.583897,-0.118114,1.405778,-0.053975,0.000000,0.000000,0.000000,0.000000
673.807,0.683471,-0.120114,1.369734,-0.055342,0.000000,0.000020,0.000000,0.000000,-17.800000,33.500000,54.000000,118.900000,0.583897,-0.118114,1.405778,-0.053975,0.000000,0.000000,0.000000,0.000000
673.818,0.683471,-0.120114,1.369734,-0.055342,0.000000,0.000020,0.000000,0.000000,-17.800000,33.500000,54.000000,118.900000,0.583897,-0.118114,1.405778,-0.053975,0.000000,0.000000,0.000000,0.000000
674.291,0.583638,-0.118115,1.406037,-0.053974,0.000000,0.000020,-0.001745,0.000000,-23.800000,71.300000,-10.300000,133.800000,0.479777,-0.116113,1.440911,-0.052554,0.000000,0.000000,0.000000,0.000000
674.304,0.583638,-0.118115,1.406037,-0.053974,0.000000,0.000020,-0.001745,0.000000,-23.800000,71.300000,-10.300000,133.800000,0.479777,-0.116113,1.440911,-0.052554,0.000000,0.000000,0.000000,0.000000
674.314,0.583638,-0.118115,1.406037,-0.053974,0.000000,0.000020,-0.001745,0.000000,-23.800000,71.300000,-10.300000,133.800000,0.479777,-0.116113,1.440911,-0.052554,0.000000,0.000000,0.000000,0.000000
674.324,0.583638,-0.118115,1.406037,-0.053974,0.000000,0.000020,-0.001745,0.000000,-23.800000,71.300000,-10.300000,133.800000,0.479777,-0.116113,1.440911,-0.052554,0.000000,0.000000,0.000000,0.000000
674.787,0.479616,-0.116113,1.440944,-0.052554,-0.010472,0.000000,0.000000,0.000000,-19.100000,100.100000,55.400000,145.600000,0.479777,-0.116113,1.440911,-0.052554,0.000000,0.000000,0.000000,0.000000
674.798,0.479616,-0.116113,1.440944,-0.052554,-0.010472,0.000000,0.000000,0.000000,-19.100000,100.100000,55.400000,145.600000,0.479777,-0.116113,1.440911,-0.052554,0.000000,0.000000,0.000000,0.000000
674.808,0.479616,-0.116113,1.440944,-0.052554,-0.010472,0.000000,0.000000,0.000000,-19.100000,100.100000,55.400000,145.600000,0.479777,-0.116113,1.440911,-0.052554,0.000000,0.000000,0.000000,0.000000
674.818,0.479616,-0.116113,1.440944,-0.052554,-0.010472,0.000000,0.000000,0.000000,-19.100000,100.100000,55.400000,145.600000,0.479777,-0.116113,1.440911,-0.052554,0.000000,0.000000,0.000000,0.000000
675.288,0.374897,-0.114101,1.481261,-0.051173,0.000000,0.000000,-0.001745,0.000000,-16.800000,62.800000,-30.600000,135.900000,0.375022,-0.114101,1.481144,-0.051173,0.000000,0.000000,0.000000,0.000000
675.298,0.374897,-0.114101,1.481261,-0.051173,0.000000,0.000000,-0.001745,0.000000,-16.800000,62.800000,-30.600000,135.900000,0.375022,-0.114101,1.481144,-0.051173,0.000000,0.000000,0.000000,0.000000
675.308,0.374897,-0.114101,1.481261,-0.051173,0.000000,0.000000,-0.001745,0.000000,-16.800000,62.800000,-30.600000,135.900000,0.375022,-0.114101,1.481144,-0.051173,0.000000,0.000000,0.000000,0.000000
675.318,0.374897,-0.114101,1.481261,-0.051173,0.000000,0.000000,-0.001745,0.000000,-16.800000,62.800000,-30.600000,135.900000,0.375022,-0.114101,1.481144,-0.051173,0.000000,0.000000,0.000000,0.000000
675.688,0.271399,-0.112114,1.511106,-0.049809,0.000000,-0.000040,0.000000,0.000010,-16.300000,45.300000,32.500000,138.100000,0.271532,-0.112111,1.511012,-0.049810,0.000000,0.000000,0.000000,0.000000
675.698,0.271399,-0.112114,1.511106,-0.049809,0.000000,-0.000040,0.000000,0.000010,-16.300000,45.300000,32.500000,138.100000,0.271532,-0.112111,1.511012,-0.049810,0.000000,0.000000,0.000000,0.000000
675.708,0.271399,-0.112114,1.511106,-0.049809,0.000000,-0.000040,0.000000,0.000010,-16.300000,45.300000,32.500000,138.100000,0.271532,-0.112111,1.511012,-0.049810,0.000000,0.000000,0.000000,0.000000
675.718,0.271399,-0.112114,1.511106,-0.049809,0.000000,-0.000040,0.000000,0.000010,-16.300000,45.300000,32.500000,138.100000,0.271532,-0.112111,1.511012,-0.049810,0.000000,0.000000,0.000000,0.000000
676.188,0.209963,-0.110076,1.539729,-0.049438,-0.006981,-0.000010,0.000000,0.000000,-18.700000,51.700000,164.300000,75.800000,0.210073,-0.110076,1.539838,-0.049438,0.000000,0.000000,0.000000,0.000000
676.198,0.209963,-0.110076,1.539729,-0.049438,-0.006981,-0.000010,0.000000,0.000000,-18.700000,51.700000,164.300000,75.800000,0.210073,-0.110076,1.539838,-0.049438,0.000000,0.000000,0.000000,0.000000
676.208,0.209963,-0.110076,1.539729,-0.049438,-0.006981,-0.000010,0.000000,0.000000,-18.700000,51.700000,164.300000,75.800000,0.210073,-0.110076,1.539838,-0.049438,0.000000,0.000000,0.000000,0.000000
676.218,0.209963,-0.110076,1.539729,-0.049438,-0.006981,-0.000010,0.000000,0.000000,-18.700000,51.700000,164.300000,75.800000,0.210073,-0.110076,1.539838,-0.049438,0.000000,0.000000,0.000000,0.000000
676.688,0.116588,-0.108038,1.565560,-0.047967,0.000000,0.000020,-0.001745,0.000000,-28.400000,73.900000,-43.500000,96.900000,0.116706,-0.108038,1.565318,-0.047967,0.000000,0.000000,0.000000,0.000000
676.698,0.116588,-0.108038,1.565560,-0.047967,0.000000,0.000020,-0.001745,0.000000,-28.400000,73.900000,-43.500000,96.900000,0.116706,-0.108038,1.565318,-0.047967,0.000000,0.000000,0.000000,0.000000
676.708,0.116588,-0.108038,1.565560,-0.047967,0.000000,0.000020,-0.001745,0.000000,-28.400000,73.900000,-43.500000,96.900000,0.116706,-0.108038,1.565318,-0.047967,0.000000,0.000000,0.000000,0.000000
676.718,0.116588,-0.108038,1.565560,-0.047967,0.000000,0.000020,-0.001745,0.000000,-28.400000,73.900000,-43.500000,96.900000,0.116706,-0.108038,1.565318,-0.047967,0.000000,0.000000,0.000000,0.000000
680.288,0.030718,-0.106038,1.589297,-0.046543,0.000000,0.000000,0.000000,0.000000,-26.600000,32.900000,28.700000,71.600000,0.030844,-0.106040,1.589389,-0.046544,0.000000,0.000000,0.000000,0.000000
680.298,0.030718,-0.106038,1.589297,-0.046543,0.000000,0.000000,0.000000,0.000000,-26.600000,32.900000,28.700000,71.600000,0.030844,-0.106040,1.589389,-0.046544,0.000000,0.000000,0.000000,0.000000
680.308,0.030718,-0.106038,1.589297,-0.046543,0.000000,0.000000,0.000000,0.000000,-26.600000,32.900000,28.700000,71.600000,0.030844,-0.106040,1.589389,-0.046544,0.000000,0.000000,0.000000,0.000000
680.318,0.030718,-0.106038,1.589297,-0.046543,0.000000,0.000000,0.000000,0.000000,-26.600000,32.900000,28.700000,71.600000,0.030844,-0.106040,1.589389,-0.046544,0.000000,0.000000,0.000000,0.000000
680.688,-0.053233,-0.104038,1.616873,-0.045124,0.000000,0.000160,0.000000,0.000000,-26.600000,82.400000,143.000000,123.700000,-0.053244,-0.104034,1.616922,-0.045124,0.000000,0.000000,0.000000,0.000000
680.698,-0.053233,-0.104038,1.616873,-0.045124,0.000000,0.000160,0.000000,0.000000,-26.600000,82.400000,143.000000,123.700000,-0.053244,-0.104034,1.616922,-0.045124,0.000000,0.000000,0.000000,0.000000
680.708,-0.053233,-0.104038,1.616873,-0.045124,0.000000,0.000160,0.000000,0.000000,-26.600000,82.400000,143.000000,123.700000,-0.053244,-0.104034,1.616922,-0.045124,0.000000,0.000000,0.000000,0.000000
680.718,-0.053233,-0.104038,1.616873,-0.045124,0.000000,0.000160,0.000000,0.000000,-26.600000,82.400000,143.000000,123.700000,-0.053244,-0.104034,1.616922,-0.045124,0.000000,0.000000,0.000000,0.000000
681.087,-0.082030,-0.102052,1.641831,-0.044357,-0.005236,0.000060,0.000000,0.000000,-18.100000,46.300000,163.100000,122.800000,-0.081976,-0.102050,1.641824,-0.044358,0.000000,0.000000,0.000000,0.000000
681.098,-0.082030,-0.102052,1.641831,-0.044357,-0.005236,0.000060,0.000000,0.000000,-18.100000,46.300000,163.100000,122.800000,-0.081976,-0.102050,1.641824,-0.044358,0.000000,0.000000,0.000000,0.000000
681.108,-0.082030,-0.102052,1.641831,-0.044357,-0.005236,0.000060,0.000000,0.000000,-18.100000,46.300000,163.100000,122.800000,-0.081976,-0.102050,1.641824,-0.044358,0.000000,0.000000,0.000000,0.000000
681.118,-0.082030,-0.102052,1.641831,-0.044357,-0.005236,0.000060,0.000000,0.000000,-18.100000,46.300000,163.100000,122.800000,-0.081976,-0.102050,1.641824,-0.044358,0.000000,0.000000,0.000000,0.000000
681.487,-0.101404,-0.100155,1.670804,-0.043906,-0.003491,0.000160,0.000000,0.000000,-18.400000,59.300000,125.200000,103.600000,-0.101533,-0.100153,1.670682,-0.043906,0.000000,0.000000,0.000000,0.000000
681.497,-0.101404,-0.100155,1.670804,-0.043906,-0.003491,0.000160,0.000000,0.000000,-18.400000,59.300000,125.200000,103.600000,-0.101533,-0.100153,1.670682,-0.043906,0.000000,0.000000,0.000000,0.000000
681.508,-0.101404,-0.100155,1.670804,-0.043906,-0.003491,0.000160,0.000000,0.000000,-18.400000,59.300000,125.200000,103.600000,-0.101533,-0.100153,1.670682,-0.043906,0.000000,0.000000,0.000000,0.000000
681.518,-0.101404,-0.100155,1.670804,-0.043906,-0.003491,0.000160,0.000000,0.000000,-18.400000,59.300000,125.200000,103.600000,-0.101533,-0.100153,1.670682,-0.043906,0.000000,0.000000,0.000000,0.000000
681.888,-0.127409,-0.098170,1.701347,-0.044707,-0.027925,0.000220,0.000000,0.000000,-18.500000,82.000000,224.300000,-2.800000,-0.127454,-0.098167,1.701197,-0.044708,0.000000,0.000000,0.000000,0.000000
681.898,-0.127409,-0.098170,1.701347,-0.044707,-0.027925,0.000220,0.000000,0.000000,-18.500000,82.000000,224.300000,-2.800000,-0.127454,-0.098167,1.701197,-0.044708,0.000000,0.000000,0.000000,0.000000
681.908,-0.127409,-0.098170,1.701347,-0.044707,-0.027925,0.000220,0.000000,0.000000,-18.500000,82.000000,224.300000,-2.800000,-0.127454,-0.098167,1.701197,-0.044708,0.000000,0.000000,0.000000,0.000000
681.918,-0.127409,-0.098170,1.701347,-0.044707,-0.027925,0.000220,0.000000,0.000000,-18.500000,82.000000,224.300000,-2.800000,-0.127454,-0.098167,1.701197,-0.044708,0.000000,0.000000,0.000000,0.000000
682.387,-0.156207,-0.096117,1.720197,-0.043790,0.000000,0.000040,0.000000,0.000000,-20.500000,102.500000,-13.700000,87.000000,-0.218733,-0.094106,1.745203,-0.044264,0.000000,0.000000,0.000000,0.000000
682.397,-0.156207,-0.096117,1.720197,-0.043790,0.000000,0.000040,0.000000,0.000000,-20.500000,102.500000,-13.700000,87.000000,-0.218733,-0.094106,1.745203,-0.044264,0.000000,0.000000,0.000000,0.000000
682.408,-0.156207,-0.096117,1.720197,-0.043790,0.000000,0.000040,0.000000,0.000000,-20.500000,102.500000,-13.700000,87.000000,-0.218733,-0.094106,1.745203,-0.044264,0.000000,0.000000,0.000000,0.000000
682.418,-0.156207,-0.096117,1.720197,-0.043790,0.000000,0.000040,0.000000,0.000000,-20.500000,102.500000,-13.700000,87.000000,-0.218733,-0.094106,1.745203,-0.044264,0.000000,0.000000,0.000000,0.000000
682.888,-0.218690,-0.094107,1.745155,-0.044263,0.000000,0.000010,0.000000,0.000000,-19.500000,71.300000,138.500000,34.500000,-0.218733,-0.094106,1.745203,-0.044264,0.000000,0.000000,0.000000,0.000000
682.898,-0.218690,-0.094107,1.745155,-0.044263,0.000000,0.000010,0.000000,0.000000,-19.500000,71.300000,138.500000,34.500000,-0.218733,-0.094106,1.745203,-0.044264,0.000000,0.000000,0.000000,0.000000
682.908,-0.218690,-0.094107,1.745155,-0.044263,0.000000,0.000010,0.000000,0.000000,-19.500000,71.300000,138.500000,34.500000,-0.218733,-0.094106,1.745203,-0.044264,0.000000,0.000000,0.000000,0.000000
682.918,-0.218690,-0.094107,1.745155,-0.044263,0.000000,0.000010,0.000000,0.000000,-19.500000,71.300000,138.500000,34.500000,-0.218733,-0.094106,1.745203,-0.044264,0.000000,0.000000,0.000000,0.000000
683.488,-0.246266,-0.092038,1.748994,-0.040895,-0.024435,0.000000,-0.001745,0.000000,-19.600000,35.100000,-45.100000,173.000000,-0.246176,-0.092038,1.748980,-0.040894,0.000000,0.000000,0.000000,0.000000
683.498,-0.246266,-0.092038,1.748994,-0.040895,-0.024435,0.000000,-0.001745,0.000000,-19.600000,35.100000,-45.100000,173.000000,-0.246176,-0.092038,1.748980,-0.040894,0.000000,0.000000,0.000000,0.000000
683.508,-0.246266,-0.092038,1.748994,-0.040895,-0.024435,0.000000,-0.001745,0.000000,-19.600000,35.100000,-45.100000,173.000000,-0.246176,-0.092038,1.748980,-0.040894,0.000000,0.000000,0.000000,0.000000
683.518,-0.246266,-0.092038,1.748994,-0.040895,-0.024435,0.000000,-0.001745,0.000000,-19.600000,35.100000,-45.100000,173.000000,-0.246176,-0.092038,1.748980,-0.040894,0.000000,0.000000,0.000000,0.000000
683.988,-0.252200,-0.090035,1.763132,-0.041754,0.001745,0.000000,-0.010472,0.000000,-18.800000,60.700000,-49.300000,26.200000,-0.252387,-0.090034,1.763196,-0.041755,0.000000,0.000000,0.000000,0.000000
683.998,-0.252200,-0.090035,1.763132,-0.041754,0.001745,0.000000,-0.010472,0.000000,-18.800000,60.700000,-49.300000,26.200000,-0.252387,-0.090034,1.763196,-0.041755,0.000000,0.000000,0.000000,0.000000
684.008,-0.252200,-0.090035,1.763132,-0.041754,0.001745,0.000000,-0.010472,0.000000,-18.800000,60.700000,-49.300000,26.200000,-0.252387,-0.090034,1.763196,-0.041755,0.000000,0.000000,0.000000,0.000000
684.018,-0.252200,-0.090035,1.763132,-0.041754,0.001745,0.000000,-0.010472,0.000000,-18.800000,60.700000,-49.300000,26.200000,-0.252387,-0.090034,1.763196,-0.041755,0.000000,0.000000,0.000000,0.000000
713.487,-3.036349,-0.154704,-3.036349,-0.071903,0.003491,0.000040,0.000000,0.000000,-9.300000,17.700000,-101.200000,39.800000,-0.245404,-0.088311,1.765839,-0.039980,0.000000,0.000000,0.000000,0.000000
713.498,-3.036349,-0.154704,-3.036349,-0.071903,0.003491,0.000040,0.000000,0.000000,-9.300000,17.700000,-101.200000,39.800000,-0.245404,-0.088311,1.765839,-0.039980,0.000000,0.000000,0.000000,0.000000
713.508,-3.036349,-0.154704,-3.036349,-0.071903,0.003491,0.000040,0.000000,0.000000,-9.300000,17.700000,-101.200000,39.800000,-0.245404,-0.088311,1.765839,-0.039980,0.000000,0.000000,0.000000,0.000000
713.518,-3.036349,-0.154704,-3.036349,-0.071903,0.003491,0.000040,0.000000,0.000000,-9.300000,17.700000,-101.200000,39.800000,-0.245404,-0.088311,1.765839,-0.039980,0.000000,0.000000,0.000000,0.000000
731.288,-1.844813,-0.154704,-1.844638,-0.071903,-0.008727,-0.000020,0.000000,0.000000,-14.300000,13.900000,52.400000,48.000000,-1.844964,-0.154704,-1.844964,-0.071903,0.000000,0.000000,0.000000,0.000000
731.298,-1.844813,-0.154704,-1.844638,-0.071903,-0.008727,-0.000020,0.000000,0.000000,-14.300000,13.900000,52.400000,48.000000,-1.844964,-0.154704,-1.844964,-0.071903,0.000000,0.000000,0.000000,0.000000
731.308,-1.844813,-0.154704,-1.844638,-0.071903,-0.008727,-0.000020,0.000000,0.000000,-14.300000,13.900000,52.400000,48.000000,-1.844964,-0.154704,-1.844964,-0.071903,0.000000,0.000000,0.000000,0.000000
731.318,-1.844813,-0.154704,-1.844638,-0.071903,-0.008727,-0.000020,0.000000,0.000000,-14.300000,13.900000,52.400000,48.000000,-1.844964,-0.154704,-1.844964,-0.071903,0.000000,0.000000,0.000000,0.000000
731.791,-1.779189,-0.152600,-1.886701,-0.071302,-0.001745,0.000060,0.000000,0.000000,-6.900000,51.000000,25.500000,107.700000,-1.779149,-0.152600,-1.886638,-0.071301,0.000000,0.000000,0.000000,0.000000
731.804,-1.779189,-0.152600,-1.886701,-0.071302,-0.001745,0.000060,0.000000,0.000000,-6.900000,51.000000,25.500000,107.700000,-1.779149,-0.152600,-1.886638,-0.071301,0.000000,0.000000,0.000000,0.000000
731.814,-1.779189,-0.152600,-1.886701,-0.071302,-0.001745,0.000060,0.000000,0.000000,-6.900000,51.000000,25.500000,107.700000,-1.779149,-0.152600,-1.886638,-0.071301,0.000000,0.000000,0.000000,0.000000
731.827,-1.779189,-0.152600,-1.886701,-0.071302,-0.001745,0.000060,0.000000,0.000000,-6.900000,51.000000,25.500000,107.700000,-1.779149,-0.152600,-1.886638,-0.071301,0.000000,0.000000,0.000000,0.000000
732.688,-1.677610,-0.150552,-1.902409,-0.069885,0.000000,0.000000,0.000000,0.000000,-5.900000,45.700000,29.000000,111.600000,-1.577828,-0.148538,-1.917886,-0.068458,0.000000,0.000000,0.000000,0.000000
732.698,-1.677610,-0.150552,-1.902409,-0.069885,0.000000,0.000000,0.000000,0.000000,-5.900000,45.700000,29.000000,111.600000,-1.577828,-0.148538,-1.917886,-0.068458,0.000000,0.000000,0.000000,0.000000
732.708,-1.677610,-0.150552,-1.902409,-0.069885,0.000000,0.000000,0.000000,0.000000,-5.900000,45.700000,29.000000,111.600000,-1.577828,-0.148538,-1.917886,-0.068458,0.000000,0.000000,0.000000,0.000000
732.718,-1.677610,-0.150552,-1.902409,-0.069885,0.000000,0.000000,0.000000,0.000000,-5.900000,45.700000,29.000000,111.600000,-1.577828,-0.148538,-1.917886,-0.068458,0.000000,0.000000,0.000000,0.000000
733.087,-1.577778,-0.148541,-1.917768,-0.068457,0.001745,0.000090,0.000000,0.000010,6.700000,62.900000,-52.900000,150.400000,-1.647386,-0.146546,-1.855569,-0.067839,0.000000,0.000000,0.000000,0.000000
733.098,-1.577778,-0.148541,-1.917768,-0.068457,0.001745,0.000090,0.000000,0.000010,6.700000,62.900000,-52.900000,150.400000,-1.647386,-0.146546,-1.855569,-0.067839,0.000000,0.000000,0.000000,0.000000
733.108,-1.577778,-0.148541,-1.917768,-0.068457,0.001745,0.000090,0.000000,0.000010,6.700000,62.900000,-52.900000,150.400000,-1.647386,-0.146546,-1.855569,-0.067839,0.000000,0.000000,0.000000,0.000000
733.118,-1.577778,-0.148541,-1.917768,-0.068457,0.001745,0.000090,0.000000,0.000010,6.700000,62.900000,-52.900000,150.400000,-1.647386,-0.146546,-1.855569,-0.067839,0.000000,0.000000,0.000000,0.000000
736.487,-1.647242,-0.146546,-1.855634,-0.067839,0.000000,0.000000,0.000000,0.000000,-11.800000,47.000000,26.700000,113.000000,-1.647386,-0.146546,-1.855569,-0.067839,0.000000,0.000000,0.000000,0.000000
736.498,-1.647242,-0.146546,-1.855634,-0.067839,0.000000,0.000000,0.000000,0.000000,-11.800000,47.000000,26.700000,113.000000,-1.647386,-0.146546,-1.855569,-0.067839,0.000000,0.000000,0.000000,0.000000
736.508,-1.647242,-0.146546,-1.855634,-0.067839,0.000000,0.000000,0.000000,0.000000,-11.800000,47.000000,26.700000,113.000000,-1.647386,-0.146546,-1.855569,-0.067839,0.000000,0.000000,0.000000,0.000000
736.518,-1.647242,-0.146546,-1.855634,-0.067839,0.000000,0.000000,0.000000,0.000000,-11.800000,47.000000,26.700000,113.000000,-1.647386,-0.146546,-1.855569,-0.067839,0.000000,0.000000,0.000000,0.000000
739.988,-1.716357,-0.144515,-1.796816,-0.067213,0.000000,0.000000,0.000000,0.000000,-19.200000,37.400000,32.300000,104.600000,-1.785328,-0.142484,-1.738080,-0.066588,0.000000,0.000000,0.000000,0.000000
739.998,-1.716357,-0.144515,-1.796816,-0.067213,0.000000,0.000000,0.000000,0.000000,-19.200000,37.400000,32.300000,104.600000,-1.785328,-0.142484,-1.738080,-0.066588,0.000000,0.000000,0.000000,0.000000
740.008,-1.716357,-0.144515,-1.796816,-0.067213,0.000000,0.000000,0.000000,0.000000,-19.200000,37.400000,32.300000,104.600000,-1.785328,-0.142484,-1.738080,-0.066588,0.000000,0.000000,0.000000,0.000000
740.018,-1.716357,-0.144515,-1.796816,-0.067213,0.000000,0.000000,0.000000,0.000000,-19.200000,37.400000,32.300000,104.600000,-1.785328,-0.142484,-1.738080,-0.066588,0.000000,0.000000,0.000000,0.000000
740.387,-1.785297,-0.142487,-1.737999,-0.066587,0.000000,0.000160,0.000000,0.000000,-17.500000,35.700000,227.000000,132.000000,-1.785328,-0.142484,-1.738080,-0.066588,0.000000,0.000000,0.000000,0.000000
740.398,-1.785297,-0.142487,-1.737999,-0.066587,0.000000,0.000160,0.000000,0.000000,-17.500000,35.700000,227.000000,132.000000,-1.785328,-0.142484,-1.738080,-0.066588,0.000000,0.000000,0.000000,0.000000
740.408,-1.785297,-0.142487,-1.737999,-0.066587,0.000000,0.000160,0.000000,0.000000,-17.500000,35.700000,227.000000,132.000000,-1.785328,-0.142484,-1.738080,-0.066588,0.000000,0.000000,0.000000,0.000000
740.418,-1.785297,-0.142487,-1.737999,-0.066587,0.000000,0.000160,0.000000,0.000000,-17.500000,35.700000,227.000000,132.000000,-1.785328,-0.142484,-1.738080,-0.066588,0.000000,0.000000,0.000000,0.000000
743.788,-1.832770,-0.140467,-1.665742,-0.066256,0.003491,0.000020,0.000000,0.000000,-23.100000,41.000000,60.000000,71.700000,-1.832774,-0.140469,-1.665761,-0.066256,0.000000,0.000000,0.000000,0.000000
743.799,-1.832770,-0.140467,-1.665742,-0.066256,0.003491,0.000020,0.000000,0.000000,-23.100000,41.000000,60.000000,71.700000,-1.832774,-0.140469,-1.665761,-0.066256,0.000000,0.000000,0.000000,0.000000
743.809,-1.832770,-0.140467,-1.665742,-0.066256,0.003491,0.000020,0.000000,0.000000,-23.100000,41.000000,60.000000,71.700000,-1.832774,-0.140469,-1.665761,-0.066256,0.000000,0.000000,0.000000,0.000000
743.819,-1.832770,-0.140467,-1.665742,-0.066256,0.003491,0.000020,0.000000,0.000000,-23.100000,41.000000,60.000000,71.700000,-1.832774,-0.140469,-1.665761,-0.066256,0.000000,0.000000,0.000000,0.000000
747.488,-1.884607,-0.138455,-1.593835,-0.065925,0.000000,0.000000,0.000000,0.000000,-17.400000,34.800000,23.000000,80.500000,-1.884770,-0.138455,-1.594156,-0.065925,0.000000,0.000000,0.000000,0.000000
747.498,-1.884607,-0.138455,-1.593835,-0.065925,0.000000,0.000000,0.000000,0.000000,-17.400000,34.800000,23.000000,80.500000,-1.884770,-0.138455,-1.594156,-0.065925,0.000000,0.000000,0.000000,0.000000
747.508,-1.884607,-0.138455,-1.593835,-0.065925,0.000000,0.000000,0.000000,0.000000,-17.400000,34.800000,23.000000,80.500000,-1.884770,-0.138455,-1.594156,-0.065925,0.000000,0.000000,0.000000,0.000000
747.518,-1.884607,-0.138455,-1.593835,-0.065925,0.000000,0.000000,0.000000,0.000000,-17.400000,34.800000,23.000000,80.500000,-1.884770,-0.138455,-1.594156,-0.065925,0.000000,0.000000,0.000000,0.000000
750.988,-1.936617,-0.136441,-1.522625,-0.065594,0.000000,0.000010,0.000000,0.000000,-22.400000,35.100000,60.600000,103.600000,-1.936765,-0.136441,-1.522551,-0.065594,0.000000,0.000000,0.000000,0.000000
750.998,-1.936617,-0.136441,-1.522625,-0.065594,0.000000,0.000010,0.000000,0.000000,-22.400000,35.100000,60.600000,103.600000,-1.936765,-0.136441,-1.522551,-0.065594,0.000000,0.000000,0.000000,0.000000
751.008,-1.936617,-0.136441,-1.522625,-0.065594,0.000000,0.000010,0.000000,0.000000,-22.400000,35.100000,60.600000,103.600000,-1.936765,-0.136441,-1.522551,-0.065594,0.000000,0.000000,0.000000,0.000000
751.019,-1.936617,-0.136441,-1.522625,-0.065594,0.000000,0.000010,0.000000,0.000000,-22.400000,35.100000,60.600000,103.600000,-1.936765,-0.136441,-1.522551,-0.065594,0.000000,0.000000,0.000000,0.000000
754.488,-1.988628,-0.134427,-1.450892,-0.065263,-0.005236,-0.000050,0.000000,0.000000,-17.900000,24.800000,41.200000,78.000000,-1.988760,-0.134427,-1.450946,-0.065263,0.000000,0.000000,0.000000,0.000000
754.498,-1.988628,-0.134427,-1.450892,-0.065263,-0.005236,-0.000050,0.000000,0.000000,-17.900000,24.800000,41.200000,78.000000,-1.988760,-0.134427,-1.450946,-0.065263,0.000000,0.000000,0.000000,0.000000
754.508,-1.988628,-0.134427,-1.450892,-0.065263,-0.005236,-0.000050,0.000000,0.000000,-17.900000,24.800000,41.200000,78.000000,-1.988760,-0.134427,-1.450946,-0.065263,0.000000,0.000000,0.000000,0.000000
754.518,-1.988628,-0.134427,-1.450892,-0.065263,-0.005236,-0.000050,0.000000,0.000000,-17.900000,24.800000,41.200000,78.000000,-1.988760,-0.134427,-1.450946,-0.065263,0.000000,0.000000,0.000000,0.000000
757.994,-2.040639,-0.132413,-1.379334,-0.064932,-0.001745,-0.000010,0.000000,0.000000,-20.700000,35.900000,45.200000,78.900000,-2.092750,-0.130400,-1.307736,-0.064602,0.000000,0.000000,0.000000,0.000000
758.004,-2.040639,-0.132413,-1.379334,-0.064932,-0.001745,-0.000010,0.000000,0.000000,-20.700000,35.900000,45.200000,78.900000,-2.092750,-0.130400,-1.307736,-0.064602,0.000000,0.000000,0.000000,0.000000
758.014,-2.040639,-0.132413,-1.379334,-0.064932,-0.001745,-0.000010,0.000000,0.000000,-20.700000,35.900000,45.200000,78.900000,-2.092750,-0.130400,-1.307736,-0.064602,0.000000,0.000000,0.000000,0.000000
758.024,-2.040639,-0.132413,-1.379334,-0.064932,-0.001745,-0.000010,0.000000,0.000000,-20.700000,35.900000,45.200000,78.900000,-2.092750,-0.130400,-1.307736,-0.064602,0.000000,0.000000,0.000000,0.000000
761.488,-2.092824,-0.130399,-1.307426,-0.064601,0.000000,-0.000070,0.000000,0.000000,-16.600000,55.800000,118.100000,94.300000,-2.092750,-0.130400,-1.307736,-0.064602,0.000000,0.000000,0.000000,0.000000
761.498,-2.092824,-0.130399,-1.307426,-0.064601,0.000000,-0.000070,0.000000,0.000000,-16.600000,55.800000,118.100000,94.300000,-2.092750,-0.130400,-1.307736,-0.064602,0.000000,0.000000,0.000000,0.000000
761.508,-2.092824,-0.130399,-1.307426,-0.064601,0.000000,-0.000070,0.000000,0.000000,-16.600000,55.800000,118.100000,94.300000,-2.092750,-0.130400,-1.307736,-0.064602,0.000000,0.000000,0.000000,0.000000
761.518,-2.092824,-0.130399,-1.307426,-0.064601,0.000000,-0.000070,0.000000,0.000000,-16.600000,55.800000,118.100000,94.300000,-2.092750,-0.130400,-1.307736,-0.064602,0.000000,0.000000,0.000000,0.000000
764.887,-2.144835,-0.128386,-1.236042,-0.064270,0.001745,0.000020,0.000000,0.000000,-16.400000,33.700000,34.100000,74.400000,-2.144745,-0.128386,-1.236132,-0.064271,0.000000,0.000000,0.000000,0.000000
764.897,-2.144835,-0.128386,-1.236042,-0.064270,0.001745,0.000020,0.000000,0.000000,-16.400000,33.700000,34.100000,74.400000,-2.144745,-0.128386,-1.236132,-0.064271,0.000000,0.000000,0.000000,0.000000
764.916,-2.144835,-0.128386,-1.236042,-0.064270,0.001745,0.000020,0.000000,0.000000,-16.400000,33.700000,34.100000,74.400000,-2.144745,-0.128386,-1.236132,-0.064271,0.000000,0.000000,0.000000,0.000000
764.926,-2.144835,-0.128386,-1.236042,-0.064270,0.001745,0.000020,0.000000,0.000000,-16.400000,33.700000,34.100000,74.400000,-2.144745,-0.128386,-1.236132,-0.064271,0.000000,0.000000,0.000000,0.000000
768.387,-2.196497,-0.126372,-1.164658,-0.063939,0.000000,0.000000,0.000000,0.000000,-11.300000,35.500000,34.600000,100.300000,-2.248735,-0.124359,-1.092922,-0.063609,0.000000,0.000000,0.000000,0.000000
768.397,-2.196497,-0.126372,-1.164658,-0.063939,0.000000,0.000000,0.000000,0.000000,-11.300000,35.500000,34.600000,100.300000,-2.248735,-0.124359,-1.092922,-0.063609,0.000000,0.000000,0.000000,0.000000
768.408,-2.196497,-0.126372,-1.164658,-0.063939,0.000000,0.000000,0.000000,0.000000,-11.300000,35.500000,34.600000,100.300000,-2.248735,-0.124359,-1.092922,-0.063609,0.000000,0.000000,0.000000,0.000000
768.418,-2.196497,-0.126372,-1.164658,-0.063939,0.000000,0.000000,0.000000,0.000000,-11.300000,35.500000,34.600000,100.300000,-2.248735,-0.124359,-1.092922,-0.063609,0.000000,0.000000,0.000000,0.000000
771.787,-2.248682,-0.124357,-1.092751,-0.063608,0.000000,-0.000100,0.000000,0.000000,-15.900000,48.600000,40.100000,88.900000,-2.248735,-0.124359,-1.092922,-0.063609,0.000000,0.000000,0.000000,0.000000
771.798,-2.248682,-0.124357,-1.092751,-0.063608,0.000000,-0.000100,0.000000,0.000000,-15.900000,48.600000,40.100000,88.900000,-2.248735,-0.124359,-1.092922,-0.063609,0.000000,0.000000,0.000000,0.000000
771.808,-2.248682,-0.124357,-1.092751,-0.063608,0.000000,-0.000100,0.000000,0.000000,-15.900000,48.600000,40.100000,88.900000,-2.248735,-0.124359,-1.092922,-0.063609,0.000000,0.000000,0.000000,0.000000
771.818,-2.248682,-0.124357,-1.092751,-0.063608,0.000000,-0.000100,0.000000,0.000000,-15.900000,48.600000,40.100000,88.900000,-2.248735,-0.124359,-1.092922,-0.063609,0.000000,0.000000,0.000000,0.000000
775.287,-2.300693,-0.122344,-1.021192,-0.063277,0.000000,-0.000040,0.000000,0.000000,-14.800000,33.000000,25.700000,73.000000,-2.300730,-0.122345,-1.021317,-0.063278,0.000000,0.000000,0.000000,0.000000
775.298,-2.300693,-0.122344,-1.021192,-0.063277,0.000000,-0.000040,0.000000,0.000000,-14.800000,33.000000,25.700000,73.000000,-2.300730,-0.122345,-1.021317,-0.063278,0.000000,0.000000,0.000000,0.000000
775.308,-2.300693,-0.122344,-1.021192,-0.063277,0.000000,-0.000040,0.000000,0.000000,-14.800000,33.000000,25.700000,73.000000,-2.300730,-0.122345,-1.021317,-0.063278,0.000000,0.000000,0.000000,0.000000
775.318,-2.300693,-0.122344,-1.021192,-0.063277,0.000000,-0.000040,0.000000,0.000000,-14.800000,33.000000,25.700000,73.000000,-2.300730,-0.122345,-1.021317,-0.063278,0.000000,0.000000,0.000000,0.000000
778.788,-2.352878,-0.120332,-0.949459,-0.062946,0.000000,0.000000,0.000000,0.000000,-20.700000,43.000000,77.900000,81.100000,-2.352725,-0.120331,-0.949712,-0.062947,0.000000,0.000000,0.000000,0.000000
778.798,-2.352878,-0.120332,-0.949459,-0.062946,0.000000,0.000000,0.000000,0.000000,-20.700000,43.000000,77.900000,81.100000,-2.352725,-0.120331,-0.949712,-0.062947,0.000000,0.000000,0.000000,0.000000
778.808,-2.352878,-0.120332,-0.949459,-0.062946,0.000000,0.000000,0.000000,0.000000,-20.700000,43.000000,77.900000,81.100000,-2.352725,-0.120331,-0.949712,-0.062947,0.000000,0.000000,0.000000,0.000000
778.818,-2.352878,-0.120332,-0.949459,-0.062946,0.000000,0.000000,0.000000,0.000000,-20.700000,43.000000,77.900000,81.100000,-2.352725,-0.120331,-0.949712,-0.062947,0.000000,0.000000,0.000000,0.000000
782.188,-2.404715,-0.118316,-0.878075,-0.062615,0.000000,0.000030,0.000000,0.000000,-14.400000,35.700000,83.600000,94.000000,-2.456716,-0.116304,-0.806503,-0.062285,0.000000,0.000000,0.000000,0.000000
782.198,-2.404715,-0.118316,-0.878075,-0.062615,0.000000,0.000030,0.000000,0.000000,-14.400000,35.700000,83.600000,94.000000,-2.456716,-0.116304,-0.806503,-0.062285,0.000000,0.000000,0.000000,0.000000
782.208,-2.404715,-0.118316,-0.878075,-0.062615,0.000000,0.000030,0.000000,0.000000,-14.400000,35.700000,83.600000,94.000000,-2.456716,-0.116304,-0.806503,-0.062285,0.000000,0.000000,0.000000,0.000000
782.218,-2.404715,-0.118316,-0.878075,-0.062615,0.000000,0.000030,0.000000,0.000000,-14.400000,35.700000,83.600000,94.000000,-2.456716,-0.116304,-0.806503,-0.062285,0.000000,0.000000,0.000000,0.000000
782.692,-2.456551,-0.116303,-0.806342,-0.062285,0.000000,0.000000,0.000000,0.000000,-15.700000,88.100000,173.000000,98.500000,-2.456716,-0.116304,-0.806503,-0.062285,0.000000,0.000000,0.000000,0.000000
782.704,-2.456551,-0.116303,-0.806342,-0.062285,0.000000,0.000000,0.000000,0.000000,-15.700000,88.100000,173.000000,98.500000,-2.456716,-0.116304,-0.806503,-0.062285,0.000000,0.000000,0.000000,0.000000
782.714,-2.456551,-0.116303,-0.806342,-0.062285,0.000000,0.000000,0.000000,0.000000,-15.700000,88.100000,173.000000,98.500000,-2.456716,-0.116304,-0.806503,-0.062285,0.000000,0.000000,0.000000,0.000000
782.724,-2.456551,-0.116303,-0.806342,-0.062285,0.000000,0.000000,0.000000,0.000000,-15.700000,88.100000,173.000000,98.500000,-2.456716,-0.116304,-0.806503,-0.062285,0.000000,0.000000,0.000000,0.000000
783.188,-2.564587,-0.114322,-0.759044,-0.061099,0.006981,0.000000,0.000000,0.000000,-13.300000,82.800000,79.600000,114.600000,-2.564679,-0.114322,-0.759422,-0.061100,0.000000,0.000000,0.000000,0.000000
783.198,-2.564587,-0.114322,-0.759044,-0.061099,0.006981,0.000000,0.000000,0.000000,-13.300000,82.800000,79.600000,114.600000,-2.564679,-0.114322,-0.759422,-0.061100,0.000000,0.000000,0.000000,0.000000
783.208,-2.564587,-0.114322,-0.759044,-0.061099,0.006981,0.000000,0.000000,0.000000,-13.300000,82.800000,79.600000,114.600000,-2.564679,-0.114322,-0.759422,-0.061100,0.000000,0.000000,0.000000,0.000000
783.218,-2.564587,-0.114322,-0.759044,-0.061099,0.006981,0.000000,0.000000,0.000000,-13.300000,82.800000,79.600000,114.600000,-2.564679,-0.114322,-0.759422,-0.061100,0.000000,0.000000,0.000000,0.000000
783.688,-2.658311,-0.112288,-0.703019,-0.060196,0.006981,0.000000,0.000000,0.000000,-8.700000,43.000000,164.900000,95.400000,-2.658312,-0.112289,-0.703239,-0.060197,0.000000,0.000000,0.000000,0.000000
783.698,-2.658311,-0.112288,-0.703019,-0.060196,0.006981,0.000000,0.000000,0.000000,-8.700000,43.000000,164.900000,95.400000,-2.658312,-0.112289,-0.703239,-0.060197,0.000000,0.000000,0.000000,0.000000
783.708,-2.658311,-0.112288,-0.703019,-0.060196,0.006981,0.000000,0.000000,0.000000,-8.700000,43.000000,164.900000,95.400000,-2.658312,-0.112289,-0.703239,-0.060197,0.000000,0.000000,0.000000,0.000000
783.718,-2.658311,-0.112288,-0.703019,-0.060196,0.006981,0.000000,0.000000,0.000000,-8.700000,43.000000,164.900000,95.400000,-2.658312,-0.112289,-0.703239,-0.060197,0.000000,0.000000,0.000000,0.000000
784.188,-2.731964,-0.110285,-0.627446,-0.059523,0.000000,0.000020,0.000000,0.000000,-20.400000,53.900000,50.900000,89.700000,-2.732117,-0.110285,-0.627732,-0.059523,0.000000,0.000000,0.000000,0.000000
784.198,-2.731964,-0.110285,-0.627446,-0.059523,0.000000,0.000020,0.000000,0.000000,-20.400000,53.900000,50.900000,89.700000,-2.732117,-0.110285,-0.627732,-0.059523,0.000000,0.000000,0.000000,0.000000
784.208,-2.731964,-0.110285,-0.627446,-0.059523,0.000000,0.000020,0.000000,0.000000,-20.400000,53.900000,50.900000,89.700000,-2.732117,-0.110285,-0.627732,-0.059523,0.000000,0.000000,0.000000,0.000000
784.218,-2.731964,-0.110285,-0.627446,-0.059523,0.000000,0.000020,0.000000,0.000000,-20.400000,53.900000,50.900000,89.700000,-2.732117,-0.110285,-0.627732,-0.059523,0.000000,0.000000,0.000000,0.000000
784.588,-2.776993,-0.108290,-0.547684,-0.059176,0.000000,0.000230,0.000000,0.000000,-19.800000,75.200000,225.400000,93.500000,-2.777088,-0.108287,-0.548018,-0.059176,0.000000,0.000000,0.000000,0.000000
784.598,-2.776993,-0.108290,-0.547684,-0.059176,0.000000,0.000230,0.000000,0.000000,-19.800000,75.200000,225.400000,93.500000,-2.777088,-0.108287,-0.548018,-0.059176,0.000000,0.000000,0.000000,0.000000
784.608,-2.776993,-0.108290,-0.547684,-0.059176,0.000000,0.000230,0.000000,0.000000,-19.800000,75.200000,225.400000,93.500000,-2.777088,-0.108287,-0.548018,-0.059176,0.000000,0.000000,0.000000,0.000000
784.618,-2.776993,-0.108290,-0.547684,-0.059176,0.000000,0.000230,0.000000,0.000000,-19.800000,75.200000,225.400000,93.500000,-2.777088,-0.108287,-0.548018,-0.059176,0.000000,0.000000,0.000000,0.000000
785.088,-2.809980,-0.106315,-0.477697,-0.058714,-0.005236,0.000010,0.000000,0.000000,-17.900000,110.800000,138.200000,77.400000,-2.810087,-0.106314,-0.477979,-0.058714,0.000000,0.000000,0.000000,0.000000
785.098,-2.809980,-0.106315,-0.477697,-0.058714,-0.005236,0.000010,0.000000,0.000000,-17.900000,110.800000,138.200000,77.400000,-2.810087,-0.106314,-0.477979,-0.058714,0.000000,0.000000,0.000000,0.000000
785.108,-2.809980,-0.106315,-0.477697,-0.058714,-0.005236,0.000010,0.000000,0.000000,-17.900000,110.800000,138.200000,77.400000,-2.810087,-0.106314,-0.477979,-0.058714,0.000000,0.000000,0.000000,0.000000
785.118,-2.809980,-0.106315,-0.477697,-0.058714,-0.005236,0.000010,0.000000,0.000000,-17.900000,110.800000,138.200000,77.400000,-2.810087,-0.106314,-0.477979,-0.058714,0.000000,0.000000,0.000000,0.000000
785.488,-2.840174,-0.104240,-0.449597,-0.057773,0.003491,0.000150,0.000000,0.000000,-16.500000,88.900000,129.300000,99.800000,-2.840208,-0.104234,-0.449785,-0.057773,0.000000,0.000000,0.000000,0.000000
785.498,-2.840174,-0.104240,-0.449597,-0.057773,0.003491,0.000150,0.000000,0.000000,-16.500000,88.900000,129.300000,99.800000,-2.840208,-0.104234,-0.449785,-0.057773,0.000000,0.000000,0.000000,0.000000
785.508,-2.840174,-0.104240,-0.449597,-0.057773,0.003491,0.000150,0.000000,0.000000,-16.500000,88.900000,129.300000,99.800000,-2.840208,-0.104234,-0.449785,-0.057773,0.000000,0.000000,0.000000,0.000000
785.518,-2.840174,-0.104240,-0.449597,-0.057773,0.003491,0.000150,0.000000,0.000000,-16.500000,88.900000,129.300000,99.800000,-2.840208,-0.104234,-0.449785,-0.057773,0.000000,0.000000,0.000000,0.000000
798.388,-0.643154,-0.154705,-0.643328,-0.071903,0.003491,-0.000010,0.000000,0.000000,-19.200000,18.500000,81.600000,47.100000,-0.643501,-0.154705,-0.643501,-0.071903,0.000000,0.000000,0.000000,0.000000
798.398,-0.643154,-0.154705,-0.643328,-0.071903,0.003491,-0.000010,0.000000,0.000000,-19.200000,18.500000,81.600000,47.100000,-0.643501,-0.154705,-0.643501,-0.071903,0.000000,0.000000,0.000000,0.000000
798.408,-0.643154,-0.154705,-0.643328,-0.071903,0.003491,-0.000010,0.000000,0.000000,-19.200000,18.500000,81.600000,47.100000,-0.643501,-0.154705,-0.643501,-0.071903,0.000000,0.000000,0.000000,0.000000
798.418,-0.643154,-0.154705,-0.643328,-0.071903,0.003491,-0.000010,0.000000,0.000000,-19.200000,18.500000,81.600000,47.100000,-0.643501,-0.154705,-0.643501,-0.071903,0.000000,0.000000,0.000000,0.000000
799.287,-0.601964,-0.152601,-0.664447,-0.070758,0.000000,0.000000,0.000000,0.000000,-12.800000,33.100000,67.500000,97.200000,-0.602042,-0.152602,-0.664631,-0.070757,0.000000,0.000000,0.000000,0.000000
799.298,-0.601964,-0.152601,-0.664447,-0.070758,0.000000,0.000000,0.000000,0.000000,-12.800000,33.100000,67.500000,97.200000,-0.602042,-0.152602,-0.664631,-0.070757,0.000000,0.000000,0.000000,0.000000
799.308,-0.601964,-0.152601,-0.664447,-0.070758,0.000000,0.000000,0.000000,0.000000,-12.800000,33.100000,67.500000,97.200000,-0.602042,-0.152602,-0.664631,-0.070757,0.000000,0.000000,0.000000,0.000000
799.318,-0.601964,-0.152601,-0.664447,-0.070758,0.000000,0.000000,0.000000,0.000000,-12.800000,33.100000,67.500000,97.200000,-0.602042,-0.152602,-0.664631,-0.070757,0.000000,0.000000,0.000000,0.000000
799.688,-0.640536,-0.150480,-0.647692,-0.069481,0.008727,0.000070,0.000000,0.000000,-16.800000,63.600000,90.900000,145.100000,-0.640603,-0.150475,-0.647981,-0.069482,0.000000,0.000000,0.000000,0.000000
799.698,-0.640536,-0.150480,-0.647692,-0.069481,0.008727,0.000070,0.000000,0.000000,-16.800000,63.600000,90.900000,145.100000,-0.640603,-0.150475,-0.647981,-0.069482,0.000000,0.000000,0.000000,0.000000
799.708,-0.640536,-0.150480,-0.647692,-0.069481,0.008727,0.000070,0.000000,0.000000,-16.800000,63.600000,90.900000,145.100000,-0.640603,-0.150475,-0.647981,-0.069482,0.000000,0.000000,0.000000,0.000000
799.718,-0.640536,-0.150480,-0.647692,-0.069481,0.008727,0.000070,0.000000,0.000000,-16.800000,63.600000,90.900000,145.100000,-0.640603,-0.150475,-0.647981,-0.069482,0.000000,0.000000,0.000000,0.000000
800.188,-0.598299,-0.148454,-0.673348,-0.068540,0.000000,-0.000020,0.000000,0.000000,0.300000,76.300000,43.400000,104.700000,-0.598330,-0.148454,-0.673482,-0.068540,0.000000,0.000000,0.000000,0.000000
800.198,-0.598299,-0.148454,-0.673348,-0.068540,0.000000,-0.000020,0.000000,0.000000,0.300000,76.300000,43.400000,104.700000,-0.598330,-0.148454,-0.673482,-0.068540,0.000000,0.000000,0.000000,0.000000
800.208,-0.598299,-0.148454,-0.673348,-0.068540,0.000000,-0.000020,0.000000,0.000000,0.300000,76.300000,43.400000,104.700000,-0.598330,-0.148454,-0.673482,-0.068540,0.000000,0.000000,0.000000,0.000000
800.219,-0.598299,-0.148454,-0.673348,-0.068540,0.000000,-0.000020,0.000000,0.000000,0.300000,76.300000,43.400000,104.700000,-0.598330,-0.148454,-0.673482,-0.068540,0.000000,0.000000,0.000000,0.000000
800.687,-0.559902,-0.146247,-0.698132,-0.067402,0.000000,0.000020,0.001745,0.000000,-6.000000,102.500000,63.100000,111.100000,-0.559995,-0.146247,-0.698079,-0.067402,0.000000,0.000000,0.000000,0.000000
800.697,-0.559902,-0.146247,-0.698132,-0.067402,0.000000,0.000020,0.001745,0.000000,-6.000000,102.500000,63.100000,111.100000,-0.559995,-0.146247,-0.698079,-0.067402,0.000000,0.000000,0.000000,0.000000
800.708,-0.559902,-0.146247,-0.698132,-0.067402,0.000000,0.000020,0.001745,0.000000,-6.000000,102.500000,63.100000,111.100000,-0.559995,-0.146247,-0.698079,-0.067402,0.000000,0.000000,0.000000,0.000000
800.718,-0.559902,-0.146247,-0.698132,-0.067402,0.000000,0.000020,0.001745,0.000000,-6.000000,102.500000,63.100000,111.100000,-0.559995,-0.146247,-0.698079,-0.067402,0.000000,0.000000,0.000000,0.000000
801.187,-0.513999,-0.144196,-0.717505,-0.066162,0.000000,0.000040,0.001745,0.000000,-10.300000,59.300000,65.200000,123.600000,-0.574995,-0.142157,-0.676966,-0.065703,0.000000,0.000000,0.000000,0.000000
801.197,-0.513999,-0.144196,-0.717505,-0.066162,0.000000,0.000040,0.001745,0.000000,-10.300000,59.300000,65.200000,123.600000,-0.574995,-0.142157,-0.676966,-0.065703,0.000000,0.000000,0.000000,0.000000
801.208,-0.513999,-0.144196,-0.717505,-0.066162,0.000000,0.000040,0.001745,0.000000,-10.300000,59.300000,65.200000,123.600000,-0.574995,-0.142157,-0.676966,-0.065703,0.000000,0.000000,0.000000,0.000000
801.218,-0.513999,-0.144196,-0.717505,-0.066162,0.000000,0.000040,0.001745,0.000000,-10.300000,59.300000,65.200000,123.600000,-0.574995,-0.142157,-0.676966,-0.065703,0.000000,0.000000,0.000000,0.000000
801.688,-0.574911,-0.142157,-0.676839,-0.065702,-0.001745,0.000000,0.000000,0.000000,-10.800000,53.500000,44.100000,113.100000,-0.574995,-0.142157,-0.676966,-0.065703,0.000000,0.000000,0.000000,0.000000
801.698,-0.574911,-0.142157,-0.676839,-0.065702,-0.001745,0.000000,0.000000,0.000000,-10.800000,53.500000,44.100000,113.100000,-0.574995,-0.142157,-0.676966,-0.065703,0.000000,0.000000,0.000000,0.000000
801.708,-0.574911,-0.142157,-0.676839,-0.065702,-0.001745,0.000000,0.000000,0.000000,-10.800000,53.500000,44.100000,113.100000,-0.574995,-0.142157,-0.676966,-0.065703,0.000000,0.000000,0.000000,0.000000
801.719,-0.574911,-0.142157,-0.676839,-0.065702,-0.001745,0.000000,0.000000,0.000000,-10.800000,53.500000,44.100000,113.100000,-0.574995,-0.142157,-0.676966,-0.065703,0.000000,0.000000,0.000000,0.000000
802.188,-0.529009,-0.140165,-0.707382,-0.064679,0.003491,0.000000,0.000000,0.000000,-13.400000,43.500000,125.700000,133.600000,-0.482480,-0.138117,-0.735291,-0.063731,0.000000,0.000000,0.000000,0.000000
802.198,-0.529009,-0.140165,-0.707382,-0.064679,0.003491,0.000000,0.000000,0.000000,-13.400000,43.500000,125.700000,133.600000,-0.482480,-0.138117,-0.735291,-0.063731,0.000000,0.000000,0.000000,0.000000
802.208,-0.529009,-0.140165,-0.707382,-0.064679,0.003491,0.000000,0.000000,0.000000,-13.400000,43.500000,125.700000,133.600000,-0.482480,-0.138117,-0.735291,-0.063731,0.000000,0.000000,0.000000,0.000000
802.219,-0.529009,-0.140165,-0.707382,-0.064679,0.003491,0.000000,0.000000,0.000000,-13.400000,43.500000,125.700000,133.600000,-0.482480,-0.138117,-0.735291,-0.063731,0.000000,0.000000,0.000000,0.000000
802.687,-0.482409,-0.138116,-0.735133,-0.063731,0.000000,0.000000,0.000000,0.000000,0.100000,73.700000,29.500000,136.000000,-0.439194,-0.136079,-0.769373,-0.062804,0.000000,0.000000,0.000000,0.000000
802.698,-0.482409,-0.138116,-0.735133,-0.063731,0.000000,0.000000,0.000000,0.000000,0.100000,73.700000,29.500000,136.000000,-0.439194,-0.136079,-0.769373,-0.062804,0.000000,0.000000,0.000000,0.000000
802.708,-0.482409,-0.138116,-0.735133,-0.063731,0.000000,0.000000,0.000000,0.000000,0.100000,73.700000,29.500000,136.000000,-0.439194,-0.136079,-0.769373,-0.062804,0.000000,0.000000,0.000000,0.000000
802.718,-0.482409,-0.138116,-0.735133,-0.063731,0.000000,0.000000,0.000000,0.000000,0.100000,73.700000,29.500000,136.000000,-0.439194,-0.136079,-0.769373,-0.062804,0.000000,0.000000,0.000000,0.000000
803.188,-0.439125,-0.136079,-0.769516,-0.062803,0.029671,0.000030,0.003491,0.000000,-12.300000,96.400000,60.800000,129.500000,-0.439194,-0.136079,-0.769373,-0.062804,0.000000,0.000000,0.000000,0.000000
803.198,-0.439125,-0.136079,-0.769516,-0.062803,0.029671,0.000030,0.003491,0.000000,-12.300000,96.400000,60.800000,129.500000,-0.439194,-0.136079,-0.769373,-0.062804,0.000000,0.000000,0.000000,0.000000
803.208,-0.439125,-0.136079,-0.769516,-0.062803,0.029671,0.000030,0.003491,0.000000,-12.300000,96.400000,60.800000,129.500000,-0.439194,-0.136079,-0.769373,-0.062804,0.000000,0.000000,0.000000,0.000000
803.219,-0.439125,-0.136079,-0.769516,-0.062803,0.029671,0.000030,0.003491,0.000000,-12.300000,96.400000,60.800000,129.500000,-0.439194,-0.136079,-0.769373,-0.062804,0.000000,0.000000,0.000000,0.000000
803.688,-0.387812,-0.134058,-0.810182,-0.062000,-0.008727,0.000000,0.000000,0.000000,-13.000000,56.000000,1.000000,119.800000,-0.387919,-0.134057,-0.810183,-0.062001,0.000000,0.000000,0.000000,0.000000
803.698,-0.387812,-0.134058,-0.810182,-0.062000,-0.008727,0.000000,0.000000,0.000000,-13.000000,56.000000,1.000000,119.800000,-0.387919,-0.134057,-0.810183,-0.062001,0.000000,0.000000,0.000000,0.000000
803.708,-0.387812,-0.134058,-0.810182,-0.062000,-0.008727,0.000000,0.000000,0.000000,-13.000000,56.000000,1.000000,119.800000,-0.387919,-0.134057,-0.810183,-0.062001,0.000000,0.000000,0.000000,0.000000
803.718,-0.387812,-0.134058,-0.810182,-0.062000,-0.008727,0.000000,0.000000,0.000000,-13.000000,56.000000,1.000000,119.800000,-0.387919,-0.134057,-0.810183,-0.062001,0.000000,0.000000,0.000000,0.000000
804.191,-0.338245,-0.131997,-0.838282,-0.060670,0.001745,-0.000010,0.000000,0.000000,-7.500000,38.800000,-14.500000,132.400000,-0.338375,-0.131998,-0.838124,-0.060671,0.000000,0.000000,0.000000,0.000000
804.203,-0.338245,-0.131997,-0.838282,-0.060670,0.001745,-0.000010,0.000000,0.000000,-7.500000,38.800000,-14.500000,132.400000,-0.338375,-0.131998,-0.838124,-0.060671,0.000000,0.000000,0.000000,0.000000
804.213,-0.338245,-0.131997,-0.838282,-0.060670,0.001745,-0.000010,0.000000,0.000000,-7.500000,38.800000,-14.500000,132.400000,-0.338375,-0.131998,-0.838124,-0.060671,0.000000,0.000000,0.000000,0.000000
804.223,-0.338245,-0.131997,-0.838282,-0.060670,0.001745,-0.000010,0.000000,0.000000,-7.500000,38.800000,-14.500000,132.400000,-0.338375,-0.131998,-0.838124,-0.060671,0.000000,0.000000,0.000000,0.000000
804.687,-0.291121,-0.129982,-0.858527,-0.059479,0.000000,0.000000,0.003491,0.000000,-14.400000,53.900000,109.500000,123.800000,-0.291251,-0.129983,-0.858610,-0.059480,0.000000,0.000000,0.000000,0.000000
804.698,-0.291121,-0.129982,-0.858527,-0.059479,0.000000,0.000000,0.003491,0.000000,-14.400000,53.900000,109.500000,123.800000,-0.291251,-0.129983,-0.858610,-0.059480,0.000000,0.000000,0.000000,0.000000
804.708,-0.291121,-0.129982,-0.858527,-0.059479,0.000000,0.000000,0.003491,0.000000,-14.400000,53.900000,109.500000,123.800000,-0.291251,-0.129983,-0.858610,-0.059480,0.000000,0.000000,0.000000,0.000000
804.718,-0.291121,-0.129982,-0.858527,-0.059479,0.000000,0.000000,0.003491,0.000000,-14.400000,53.900000,109.500000,123.800000,-0.291251,-0.129983,-0.858610,-0.059480,0.000000,0.000000,0.000000,0.000000
805.087,-0.259356,-0.127989,-0.911062,-0.059312,0.000000,0.000110,0.000000,0.000000,-2.500000,90.400000,-80.700000,107.400000,-0.359744,-0.126005,-0.839397,-0.059040,0.000000,0.000000,0.000000,0.000000
805.097,-0.259356,-0.127989,-0.911062,-0.059312,0.000000,0.000110,0.000000,0.000000,-2.500000,90.400000,-80.700000,107.400000,-0.359744,-0.126005,-0.839397,-0.059040,0.000000,0.000000,0.000000,0.000000
805.108,-0.259356,-0.127989,-0.911062,-0.059312,0.000000,0.000110,0.000000,0.000000,-2.500000,90.400000,-80.700000,107.400000,-0.359744,-0.126005,-0.839397,-0.059040,0.000000,0.000000,0.000000,0.000000
805.118,-0.259356,-0.127989,-0.911062,-0.059312,0.000000,0.000110,0.000000,0.000000,-2.500000,90.400000,-80.700000,107.400000,-0.359744,-0.126005,-0.839397,-0.059040,0.000000,0.000000,0.000000,0.000000
805.487,-0.359712,-0.126008,-0.839329,-0.059038,0.000000,0.000080,0.000000,0.000000,-21.600000,93.800000,189.200000,121.900000,-0.359744,-0.126005,-0.839397,-0.059040,0.000000,0.000000,0.000000,0.000000
805.497,-0.359712,-0.126008,-0.839329,-0.059038,0.000000,0.000080,0.000000,0.000000,-21.600000,93.800000,189.200000,121.900000,-0.359744,-0.126005,-0.839397,-0.059040,0.000000,0.000000,0.000000,0.000000
805.508,-0.359712,-0.126008,-0.839329,-0.059038,0.000000,0.000080,0.000000,0.000000,-21.600000,93.800000,189.200000,121.900000,-0.359744,-0.126005,-0.839397,-0.059040,0.000000,0.000000,0.000000,0.000000
805.518,-0.359712,-0.126008,-0.839329,-0.059038,0.000000,0.000080,0.000000,0.000000,-21.600000,93.800000,189.200000,121.900000,-0.359744,-0.126005,-0.839397,-0.059040,0.000000,0.000000,0.000000,0.000000
806.288,-0.454658,-0.124002,-0.794823,-0.058255,0.005236,-0.000010,0.000000,0.000000,-15.600000,26.900000,75.100000,91.900000,-0.454560,-0.124002,-0.794886,-0.058255,0.000000,0.000000,0.000000,0.000000
806.298,-0.454658,-0.124002,-0.794823,-0.058255,0.005236,-0.000010,0.000000,0.000000,-15.600000,26.900000,75.100000,91.900000,-0.454560,-0.124002,-0.794886,-0.058255,0.000000,0.000000,0.000000,0.000000
806.308,-0.454658,-0.124002,-0.794823,-0.058255,0.005236,-0.000010,0.000000,0.000000,-15.600000,26.900000,75.100000,91.900000,-0.454560,-0.124002,-0.794886,-0.058255,0.000000,0.000000,0.000000,0.000000
806.318,-0.454658,-0.124002,-0.794823,-0.058255,0.005236,-0.000010,0.000000,0.000000,-15.600000,26.900000,75.100000,91.900000,-0.454560,-0.124002,-0.794886,-0.058255,0.000000,0.000000,0.000000,0.000000
807.187,-0.529009,-0.122003,-0.761138,-0.056747,0.000000,0.000000,0.000000,0.000000,-15.200000,22.600000,25.800000,102.100000,-0.529271,-0.122003,-0.760999,-0.056747,0.000000,0.000000,0.000000,0.000000
807.198,-0.529009,-0.122003,-0.761138,-0.056747,0.000000,0.000000,0.000000,0.000000,-15.200000,22.600000,25.800000,102.100000,-0.529271,-0.122003,-0.760999,-0.056747,0.000000,0.000000,0.000000,0.000000
807.208,-0.529009,-0.122003,-0.761138,-0.056747,0.000000,0.000000,0.000000,0.000000,-15.200000,22.600000,25.800000,102.100000,-0.529271,-0.122003,-0.760999,-0.056747,0.000000,0.000000,0.000000,0.000000
807.218,-0.529009,-0.122003,-0.761138,-0.056747,0.000000,0.000000,0.000000,0.000000,-15.200000,22.600000,25.800000,102.100000,-0.529271,-0.122003,-0.760999,-0.056747,0.000000,0.000000,0.000000,0.000000
808.087,-0.600044,-0.119971,-0.727628,-0.055229,-0.012217,0.000040,0.000000,0.000000,-16.000000,30.000000,-10.600000,97.400000,-0.600103,-0.119972,-0.727503,-0.055229,0.000000,0.000000,0.000000,0.000000
808.098,-0.600044,-0.119971,-0.727628,-0.055229,-0.012217,0.000040,0.000000,0.000000,-16.000000,30.000000,-10.600000,97.400000,-0.600103,-0.119972,-0.727503,-0.055229,0.000000,0.000000,0.000000,0.000000
808.108,-0.600044,-0.119971,-0.727628,-0.055229,-0.012217,0.000040,0.000000,0.000000,-16.000000,30.000000,-10.600000,97.400000,-0.600103,-0.119972,-0.727503,-0.055229,0.000000,0.000000,0.000000,0.000000
808.118,-0.600044,-0.119971,-0.727628,-0.055229,-0.012217,0.000040,0.000000,0.000000,-16.000000,30.000000,-10.600000,97.400000,-0.600103,-0.119972,-0.727503,-0.055229,0.000000,0.000000,0.000000,0.000000
808.987,-0.672650,-0.117962,-0.689056,-0.053710,0.000000,0.000000,0.000000,0.000000,-18.400000,40.100000,103.100000,89.700000,-0.672660,-0.117962,-0.688969,-0.053710,0.000000,0.000000,0.000000,0.000000
808.997,-0.672650,-0.117962,-0.689056,-0.053710,0.000000,0.000000,0.000000,0.000000,-18.400000,40.100000,103.100000,89.700000,-0.672660,-0.117962,-0.688969,-0.053710,0.000000,0.000000,0.000000,0.000000
809.008,-0.672650,-0.117962,-0.689056,-0.053710,0.000000,0.000000,0.000000,0.000000,-18.400000,40.100000,103.100000,89.700000,-0.672660,-0.117962,-0.688969,-0.053710,0.000000,0.000000,0.000000,0.000000
809.018,-0.672650,-0.117962,-0.689056,-0.053710,0.000000,0.000000,0.000000,0.000000,-18.400000,40.100000,103.100000,89.700000,-0.672660,-0.117962,-0.688969,-0.053710,0.000000,0.000000,0.000000,0.000000
809.787,-0.744907,-0.115952,-0.650135,-0.052191,0.000000,0.000010,0.000000,0.000000,-16.200000,38.700000,-23.300000,96.200000,-0.745216,-0.115953,-0.650435,-0.052191,0.000000,0.000000,0.000000,0.000000
809.798,-0.744907,-0.115952,-0.650135,-0.052191,0.000000,0.000010,0.000000,0.000000,-16.200000,38.700000,-23.300000,96.200000,-0.745216,-0.115953,-0.650435,-0.052191,0.000000,0.000000,0.000000,0.000000
809.808,-0.744907,-0.115952,-0.650135,-0.052191,0.000000,0.000010,0.000000,0.000000,-16.200000,38.700000,-23.300000,96.200000,-0.745216,-0.115953,-0.650435,-0.052191,0.000000,0.000000,0.000000,0.000000
809.818,-0.744907,-0.115952,-0.650135,-0.052191,0.000000,0.000010,0.000000,0.000000,-16.200000,38.700000,-23.300000,96.200000,-0.745216,-0.115953,-0.650435,-0.052191,0.000000,0.000000,0.000000,0.000000
810.788,-0.813847,-0.113955,-0.604408,-0.050665,0.000000,0.000010,0.000000,0.000000,-16.400000,29.800000,87.600000,90.200000,-0.813822,-0.113955,-0.604428,-0.050666,0.000000,0.000000,0.000000,0.000000
810.798,-0.813847,-0.113955,-0.604408,-0.050665,0.000000,0.000010,0.000000,0.000000,-16.400000,29.800000,87.600000,90.200000,-0.813822,-0.113955,-0.604428,-0.050666,0.000000,0.000000,0.000000,0.000000
810.808,-0.813847,-0.113955,-0.604408,-0.050665,0.000000,0.000010,0.000000,0.000000,-16.400000,29.800000,87.600000,90.200000,-0.813822,-0.113955,-0.604428,-0.050666,0.000000,0.000000,0.000000,0.000000
810.819,-0.813847,-0.113955,-0.604408,-0.050665,0.000000,0.000010,0.000000,0.000000,-16.400000,29.800000,87.600000,90.200000,-0.813822,-0.113955,-0.604428,-0.050666,0.000000,0.000000,0.000000,0.000000
811.388,-0.882962,-0.111930,-0.558680,-0.049182,0.006981,0.000010,0.000000,0.000000,-28.700000,19.600000,34.900000,87.600000,-0.883125,-0.111931,-0.558993,-0.049182,0.000000,0.000000,0.000000,0.000000
811.398,-0.882962,-0.111930,-0.558680,-0.049182,0.006981,0.000010,0.000000,0.000000,-28.700000,19.600000,34.900000,87.600000,-0.883125,-0.111931,-0.558993,-0.049182,0.000000,0.000000,0.000000,0.000000
811.408,-0.882962,-0.111930,-0.558680,-0.049182,0.006981,0.000010,0.000000,0.000000,-28.700000,19.600000,34.900000,87.600000,-0.883125,-0.111931,-0.558993,-0.049182,0.000000,0.000000,0.000000,0.000000
811.418,-0.882962,-0.111930,-0.558680,-0.049182,0.006981,0.000010,0.000000,0.000000,-28.700000,19.600000,34.900000,87.600000,-0.883125,-0.111931,-0.558993,-0.049182,0.000000,0.000000,0.000000,0.000000
811.887,-0.953124,-0.109918,-0.520457,-0.047683,0.000000,0.000000,0.000000,0.000000,-23.600000,45.300000,82.100000,103.500000,-0.953133,-0.109918,-0.520665,-0.047683,0.000000,0.000000,0.000000,0.000000
811.897,-0.953124,-0.109918,-0.520457,-0.047683,0.000000,0.000000,0.000000,0.000000,-23.600000,45.300000,82.100000,103.500000,-0.953133,-0.109918,-0.520665,-0.047683,0.000000,0.000000,0.000000,0.000000
811.907,-0.953124,-0.109918,-0.520457,-0.047683,0.000000,0.000000,0.000000,0.000000,-23.600000,45.300000,82.100000,103.500000,-0.953133,-0.109918,-0.520665,-0.047683,0.000000,0.000000,0.000000,0.000000
811.918,-0.953124,-0.109918,-0.520457,-0.047683,0.000000,0.000000,0.000000,0.000000,-23.600000,45.300000,82.100000,103.500000,-0.953133,-0.109918,-0.520665,-0.047683,0.000000,0.000000,0.000000,0.000000
812.388,-1.004437,-0.107861,-0.487296,-0.046145,0.000000,-0.000040,0.000000,0.000000,-27.600000,73.600000,129.300000,117.300000,-1.004564,-0.107862,-0.487604,-0.046146,0.000000,0.000000,0.000000,0.000000
812.398,-1.004437,-0.107861,-0.487296,-0.046145,0.000000,-0.000040,0.000000,0.000000,-27.600000,73.600000,129.300000,117.300000,-1.004564,-0.107862,-0.487604,-0.046146,0.000000,0.000000,0.000000,0.000000
812.408,-1.004437,-0.107861,-0.487296,-0.046145,0.000000,-0.000040,0.000000,0.000000,-27.600000,73.600000,129.300000,117.300000,-1.004564,-0.107862,-0.487604,-0.046146,0.000000,0.000000,0.000000,0.000000
812.418,-1.004437,-0.107861,-0.487296,-0.046145,0.000000,-0.000040,0.000000,0.000000,-27.600000,73.600000,129.300000,117.300000,-1.004564,-0.107862,-0.487604,-0.046146,0.000000,0.000000,0.000000,0.000000
813.187,-1.056448,-0.105896,-0.452913,-0.044622,0.000000,0.000000,0.000000,0.000000,-20.600000,46.800000,-0.100000,75.900000,-1.130626,-0.103888,-0.401289,-0.043059,0.000000,0.000000,0.000000,0.000000
813.198,-1.056448,-0.105896,-0.452913,-0.044622,0.000000,0.000000,0.000000,0.000000,-20.600000,46.800000,-0.100000,75.900000,-1.130626,-0.103888,-0.401289,-0.043059,0.000000,0.000000,0.000000,0.000000
813.208,-1.056448,-0.105896,-0.452913,-0.044622,0.000000,0.000000,0.000000,0.000000,-20.600000,46.800000,-0.100000,75.900000,-1.130626,-0.103888,-0.401289,-0.043059,0.000000,0.000000,0.000000,0.000000
813.218,-1.056448,-0.105896,-0.452913,-0.044622,0.000000,0.000000,0.000000,0.000000,-20.600000,46.800000,-0.100000,75.900000,-1.130626,-0.103888,-0.401289,-0.043059,0.000000,0.000000,0.000000,0.000000
813.992,-1.130624,-0.103887,-0.401426,-0.043059,0.000000,0.000010,0.006981,0.000000,-18.600000,44.700000,126.200000,75.100000,-1.130626,-0.103888,-0.401289,-0.043059,0.000000,0.000000,0.000000,0.000000
814.004,-1.130624,-0.103887,-0.401426,-0.043059,0.000000,0.000010,0.006981,0.000000,-18.600000,44.700000,126.200000,75.100000,-1.130626,-0.103888,-0.401289,-0.043059,0.000000,0.000000,0.000000,0.000000
814.014,-1.130624,-0.103887,-0.401426,-0.043059,0.000000,0.000010,0.006981,0.000000,-18.600000,44.700000,126.200000,75.100000,-1.130626,-0.103888,-0.401289,-0.043059,0.000000,0.000000,0.000000,0.000000
814.024,-1.130624,-0.103887,-0.401426,-0.043059,0.000000,0.000010,0.006981,0.000000,-18.600000,44.700000,126.200000,75.100000,-1.130626,-0.103888,-0.401289,-0.043059,0.000000,0.000000,0.000000,0.000000
814.887,-1.204277,-0.101851,-0.353080,-0.041489,0.000000,0.000000,0.001745,0.000000,-20.100000,27.300000,110.700000,88.800000,-1.276861,-0.099843,-0.296402,-0.039941,0.000000,0.000000,0.000000,0.000000
814.898,-1.204277,-0.101851,-0.353080,-0.041489,0.000000,0.000000,0.001745,0.000000,-20.100000,27.300000,110.700000,88.800000,-1.276861,-0.099843,-0.296402,-0.039941,0.000000,0.000000,0.000000,0.000000
814.908,-1.204277,-0.101851,-0.353080,-0.041489,0.000000,0.000000,0.001745,0.000000,-20.100000,27.300000,110.700000,88.800000,-1.276861,-0.099843,-0.296402,-0.039941,0.000000,0.000000,0.000000,0.000000
814.918,-1.204277,-0.101851,-0.353080,-0.041489,0.000000,0.000000,0.001745,0.000000,-20.100000,27.300000,110.700000,88.800000,-1.276861,-0.099843,-0.296402,-0.039941,0.000000,0.000000,0.000000,0.000000
815.887,-1.276708,-0.099843,-0.296357,-0.039940,0.000000,0.000100,0.000000,0.000000,-18.800000,37.000000,44.500000,84.500000,-1.276861,-0.099843,-0.296402,-0.039941,0.000000,0.000000,0.000000,0.000000
815.897,-1.276708,-0.099843,-0.296357,-0.039940,0.000000,0.000100,0.000000,0.000000,-18.800000,37.000000,44.500000,84.500000,-1.276861,-0.099843,-0.296402,-0.039941,0.000000,0.000000,0.000000,0.000000
815.907,-1.276708,-0.099843,-0.296357,-0.039940,0.000000,0.000100,0.000000,0.000000,-18.800000,37.000000,44.500000,84.500000,-1.276861,-0.099843,-0.296402,-0.039941,0.000000,0.000000,0.000000,0.000000
815.918,-1.276708,-0.099843,-0.296357,-0.039940,0.000000,0.000100,0.000000,0.000000,-18.800000,37.000000,44.500000,84.500000,-1.276861,-0.099843,-0.296402,-0.039941,0.000000,0.000000,0.000000,0.000000
816.888,-1.340587,-0.097862,-0.241379,-0.038421,0.003491,-0.000030,0.000000,0.000000,-22.600000,30.300000,105.600000,91.100000,-1.406315,-0.095825,-0.186506,-0.036832,0.000000,0.000000,0.000000,0.000000
816.898,-1.340587,-0.097862,-0.241379,-0.038421,0.003491,-0.000030,0.000000,0.000000,-22.600000,30.300000,105.600000,91.100000,-1.406315,-0.095825,-0.186506,-0.036832,0.000000,0.000000,0.000000,0.000000
816.909,-1.340587,-0.097862,-0.241379,-0.038421,0.003491,-0.000030,0.000000,0.000000,-22.600000,30.300000,105.600000,91.100000,-1.406315,-0.095825,-0.186506,-0.036832,0.000000,0.000000,0.000000,0.000000
816.919,-1.340587,-0.097862,-0.241379,-0.038421,0.003491,-0.000030,0.000000,0.000000,-22.600000,30.300000,105.600000,91.100000,-1.406315,-0.095825,-0.186506,-0.036832,0.000000,0.000000,0.000000,0.000000
817.788,-1.406212,-0.095825,-0.186401,-0.036831,0.000000,0.000020,0.000000,0.000000,-25.600000,49.900000,-49.300000,80.000000,-1.406315,-0.095825,-0.186506,-0.036832,0.000000,0.000000,0.000000,0.000000
817.798,-1.406212,-0.095825,-0.186401,-0.036831,0.000000,0.000020,0.000000,0.000000,-25.600000,49.900000,-49.300000,80.000000,-1.406315,-0.095825,-0.186506,-0.036832,0.000000,0.000000,0.000000,0.000000
817.808,-1.406212,-0.095825,-0.186401,-0.036831,0.000000,0.000020,0.000000,0.000000,-25.600000,49.900000,-49.300000,80.000000,-1.406315,-0.095825,-0.186506,-0.036832,0.000000,0.000000,0.000000,0.000000
817.818,-1.406212,-0.095825,-0.186401,-0.036831,0.000000,0.000020,0.000000,0.000000,-25.600000,49.900000,-49.300000,80.000000,-1.406315,-0.095825,-0.186506,-0.036832,0.000000,0.000000,0.000000,0.000000
818.788,-1.424189,-0.093795,-0.218864,-0.035992,0.000000,0.000000,0.000000,0.000000,-27.500000,13.000000,183.800000,72.800000,-1.424234,-0.093796,-0.219004,-0.035992,0.000000,0.000000,0.000000,0.000000
818.798,-1.424189,-0.093795,-0.218864,-0.035992,0.000000,0.000000,0.000000,0.000000,-27.500000,13.000000,183.800000,72.800000,-1.424234,-0.093796,-0.219004,-0.035992,0.000000,0.000000,0.000000,0.000000
818.808,-1.424189,-0.093795,-0.218864,-0.035992,0.000000,0.000000,0.000000,0.000000,-27.500000,13.000000,183.800000,72.800000,-1.424234,-0.093796,-0.219004,-0.035992,0.000000,0.000000,0.000000,0.000000
818.818,-1.424189,-0.093795,-0.218864,-0.035992,0.000000,0.000000,0.000000,0.000000,-27.500000,13.000000,183.800000,72.800000,-1.424234,-0.093796,-0.219004,-0.035992,0.000000,0.000000,0.000000,0.000000
836.287,-1.413368,-0.154705,-1.413368,-0.071903,0.000000,0.000020,0.000000,0.000000,-19.100000,20.300000,-18.600000,45.900000,-1.413454,-0.154705,-1.413454,-0.071903,0.000000,0.000000,0.000000,0.000000
836.298,-1.413368,-0.154705,-1.413368,-0.071903,0.000000,0.000020,0.000000,0.000000,-19.100000,20.300000,-18.600000,45.900000,-1.413454,-0.154705,-1.413454,-0.071903,0.000000,0.000000,0.000000,0.000000
836.308,-1.413368,-0.154705,-1.413368,-0.071903,0.000000,0.000020,0.000000,0.000000,-19.100000,20.300000,-18.600000,45.900000,-1.413454,-0.154705,-1.413454,-0.071903,0.000000,0.000000,0.000000,0.000000
836.318,-1.413368,-0.154705,-1.413368,-0.071903,0.000000,0.000020,0.000000,0.000000,-19.100000,20.300000,-18.600000,45.900000,-1.413454,-0.154705,-1.413454,-0.071903,0.000000,0.000000,0.000000,0.000000
839.788,-1.446878,-0.152575,-1.401150,-0.070991,0.008727,0.000010,0.000000,0.000000,-20.000000,36.800000,2.400000,80.600000,-1.478514,-0.150571,-1.389614,-0.070131,0.000000,0.000000,0.000000,0.000000
839.798,-1.446878,-0.152575,-1.401150,-0.070991,0.008727,0.000010,0.000000,0.000000,-20.000000,36.800000,2.400000,80.600000,-1.478514,-0.150571,-1.389614,-0.070131,0.000000,0.000000,0.000000,0.000000
839.808,-1.446878,-0.152575,-1.401150,-0.070991,0.008727,0.000010,0.000000,0.000000,-20.000000,36.800000,2.400000,80.600000,-1.478514,-0.150571,-1.389614,-0.070131,0.000000,0.000000,0.000000,0.000000
839.818,-1.446878,-0.152575,-1.401150,-0.070991,0.008727,0.000010,0.000000,0.000000,-20.000000,36.800000,2.400000,80.600000,-1.478514,-0.150571,-1.389614,-0.070131,0.000000,0.000000,0.000000,0.000000
840.187,-1.478468,-0.150575,-1.389282,-0.070130,0.000000,0.000080,-0.001745,0.000000,-24.900000,53.100000,-2.800000,145.200000,-1.478514,-0.150571,-1.389614,-0.070131,0.000000,0.000000,0.000000,0.000000
840.197,-1.478468,-0.150575,-1.389282,-0.070130,0.000000,0.000080,-0.001745,0.000000,-24.900000,53.100000,-2.800000,145.200000,-1.478514,-0.150571,-1.389614,-0.070131,0.000000,0.000000,0.000000,0.000000
840.207,-1.478468,-0.150575,-1.389282,-0.070130,0.000000,0.000080,-0.001745,0.000000,-24.900000,53.100000,-2.800000,145.200000,-1.478514,-0.150571,-1.389614,-0.070131,0.000000,0.000000,0.000000,0.000000
840.218,-1.478468,-0.150575,-1.389282,-0.070130,0.000000,0.000080,-0.001745,0.000000,-24.900000,53.100000,-2.800000,145.200000,-1.478514,-0.150571,-1.389614,-0.070131,0.000000,0.000000,0.000000,0.000000
840.687,-1.503601,-0.148509,-1.355597,-0.069444,0.000000,0.000020,-0.001745,0.000000,-22.100000,82.400000,-67.600000,114.000000,-1.543465,-0.146390,-1.339755,-0.068519,0.000000,0.000000,0.000000,0.000000
840.697,-1.503601,-0.148509,-1.355597,-0.069444,0.000000,0.000020,-0.001745,0.000000,-22.100000,82.400000,-67.600000,114.000000,-1.543465,-0.146390,-1.339755,-0.068519,0.000000,0.000000,0.000000,0.000000
840.708,-1.503601,-0.148509,-1.355597,-0.069444,0.000000,0.000020,-0.001745,0.000000,-22.100000,82.400000,-67.600000,114.000000,-1.543465,-0.146390,-1.339755,-0.068519,0.000000,0.000000,0.000000,0.000000
840.718,-1.503601,-0.148509,-1.355597,-0.069444,0.000000,0.000020,-0.001745,0.000000,-22.100000,82.400000,-67.600000,114.000000,-1.543465,-0.146390,-1.339755,-0.068519,0.000000,0.000000,0.000000,0.000000
844.187,-1.543395,-0.146390,-1.339889,-0.068518,-0.003491,0.000000,0.000000,0.000000,-22.200000,34.600000,73.200000,100.400000,-1.580129,-0.144333,-1.323815,-0.067632,0.000000,0.000000,0.000000,0.000000
844.198,-1.543395,-0.146390,-1.339889,-0.068518,-0.003491,0.000000,0.000000,0.000000,-22.200000,34.600000,73.200000,100.400000,-1.580129,-0.144333,-1.323815,-0.067632,0.000000,0.000000,0.000000,0.000000
844.208,-1.543395,-0.146390,-1.339889,-0.068518,-0.003491,0.000000,0.000000,0.000000,-22.200000,34.600000,73.200000,100.400000,-1.580129,-0.144333,-1.323815,-0.067632,0.000000,0.000000,0.000000,0.000000
844.218,-1.543395,-0.146390,-1.339889,-0.068518,-0.003491,0.000000,0.000000,0.000000,-22.200000,34.600000,73.200000,100.400000,-1.580129,-0.144333,-1.323815,-0.067632,0.000000,0.000000,0.000000,0.000000
847.691,-1.580047,-0.144332,-1.323658,-0.067631,0.000000,0.000000,0.000000,0.000000,-21.200000,33.100000,34.700000,112.700000,-1.580129,-0.144333,-1.323815,-0.067632,0.000000,0.000000,0.000000,0.000000
847.703,-1.580047,-0.144332,-1.323658,-0.067631,0.000000,0.000000,0.000000,0.000000,-21.200000,33.100000,34.700000,112.700000,-1.580129,-0.144333,-1.323815,-0.067632,0.000000,0.000000,0.000000,0.000000
847.713,-1.580047,-0.144332,-1.323658,-0.067631,0.000000,0.000000,0.000000,0.000000,-21.200000,33.100000,34.700000,112.700000,-1.580129,-0.144333,-1.323815,-0.067632,0.000000,0.000000,0.000000,0.000000
847.723,-1.580047,-0.144332,-1.323658,-0.067631,0.000000,0.000000,0.000000,0.000000,-21.200000,33.100000,34.700000,112.700000,-1.580129,-0.144333,-1.323815,-0.067632,0.000000,0.000000,0.000000,0.000000
848.688,-1.616698,-0.142275,-1.307775,-0.066744,0.000000,-0.000030,0.000000,0.000000,-24.500000,31.300000,116.200000,85.100000,-1.616794,-0.142275,-1.307876,-0.066744,0.000000,0.000000,0.000000,0.000000
848.698,-1.616698,-0.142275,-1.307775,-0.066744,0.000000,-0.000030,0.000000,0.000000,-24.500000,31.300000,116.200000,85.100000,-1.616794,-0.142275,-1.307876,-0.066744,0.000000,0.000000,0.000000,0.000000
848.708,-1.616698,-0.142275,-1.307775,-0.066744,0.000000,-0.000030,0.000000,0.000000,-24.500000,31.300000,116.200000,85.100000,-1.616794,-0.142275,-1.307876,-0.066744,0.000000,0.000000,0.000000,0.000000
848.718,-1.616698,-0.142275,-1.307775,-0.066744,0.000000,-0.000030,0.000000,0.000000,-24.500000,31.300000,116.200000,85.100000,-1.616794,-0.142275,-1.307876,-0.066744,0.000000,0.000000,0.000000,0.000000
849.187,-1.653350,-0.140218,-1.291718,-0.065857,0.001745,0.000040,0.000000,0.000000,-22.600000,49.700000,-41.000000,105.200000,-1.688098,-0.138159,-1.278184,-0.064840,0.000000,0.000000,0.000000,0.000000
849.198,-1.653350,-0.140218,-1.291718,-0.065857,0.001745,0.000040,0.000000,0.000000,-22.600000,49.700000,-41.000000,105.200000,-1.688098,-0.138159,-1.278184,-0.064840,0.000000,0.000000,0.000000,0.000000
849.208,-1.653350,-0.140218,-1.291718,-0.065857,0.001745,0.000040,0.000000,0.000000,-22.600000,49.700000,-41.000000,105.200000,-1.688098,-0.138159,-1.278184,-0.064840,0.000000,0.000000,0.000000,0.000000
849.218,-1.653350,-0.140218,-1.291718,-0.065857,0.001745,0.000040,0.000000,0.000000,-22.600000,49.700000,-41.000000,105.200000,-1.688098,-0.138159,-1.278184,-0.064840,0.000000,0.000000,0.000000,0.000000
849.688,-1.688082,-0.138158,-1.278105,-0.064839,0.000000,0.000000,0.000000,0.000000,-19.500000,72.100000,-45.300000,120.900000,-1.688098,-0.138159,-1.278184,-0.064840,0.000000,0.000000,0.000000,0.000000
849.698,-1.688082,-0.138158,-1.278105,-0.064839,0.000000,0.000000,0.000000,0.000000,-19.500000,72.100000,-45.300000,120.900000,-1.688098,-0.138159,-1.278184,-0.064840,0.000000,0.000000,0.000000,0.000000
849.708,-1.688082,-0.138158,-1.278105,-0.064839,0.000000,0.000000,0.000000,0.000000,-19.500000,72.100000,-45.300000,120.900000,-1.688098,-0.138159,-1.278184,-0.064840,0.000000,0.000000,0.000000,0.000000
849.718,-1.688082,-0.138158,-1.278105,-0.064839,0.000000,0.000000,0.000000,0.000000,-19.500000,72.100000,-45.300000,120.900000,-1.688098,-0.138159,-1.278184,-0.064840,0.000000,0.000000,0.000000,0.000000
850.187,-1.725956,-0.136031,-1.255066,-0.063936,-0.005236,0.000010,-0.005236,0.000000,-24.700000,93.600000,-57.900000,103.800000,-1.725981,-0.136031,-1.255291,-0.063937,0.000000,0.000000,0.000000,0.000000
850.198,-1.725956,-0.136031,-1.255066,-0.063936,-0.005236,0.000010,-0.005236,0.000000,-24.700000,93.600000,-57.900000,103.800000,-1.725981,-0.136031,-1.255291,-0.063937,0.000000,0.000000,0.000000,0.000000
850.208,-1.725956,-0.136031,-1.255066,-0.063936,-0.005236,0.000010,-0.005236,0.000000,-24.700000,93.600000,-57.900000,103.800000,-1.725981,-0.136031,-1.255291,-0.063937,0.000000,0.000000,0.000000,0.000000
850.218,-1.725956,-0.136031,-1.255066,-0.063936,-0.005236,0.000010,-0.005236,0.000000,-24.700000,93.600000,-57.900000,103.800000,-1.725981,-0.136031,-1.255291,-0.063937,0.000000,0.000000,0.000000,0.000000
850.687,-1.758070,-0.133977,-1.241453,-0.062952,-0.020944,0.000000,0.000000,0.000000,-23.200000,70.800000,-51.600000,109.100000,-1.790492,-0.131864,-1.218819,-0.062062,0.000000,0.000000,0.000000,0.000000
850.698,-1.758070,-0.133977,-1.241453,-0.062952,-0.020944,0.000000,0.000000,0.000000,-23.200000,70.800000,-51.600000,109.100000,-1.790492,-0.131864,-1.218819,-0.062062,0.000000,0.000000,0.000000,0.000000
850.708,-1.758070,-0.133977,-1.241453,-0.062952,-0.020944,0.000000,0.000000,0.000000,-23.200000,70.800000,-51.600000,109.100000,-1.790492,-0.131864,-1.218819,-0.062062,0.000000,0.000000,0.000000,0.000000
850.718,-1.758070,-0.133977,-1.241453,-0.062952,-0.020944,0.000000,0.000000,0.000000,-23.200000,70.800000,-51.600000,109.100000,-1.790492,-0.131864,-1.218819,-0.062062,0.000000,0.000000,0.000000,0.000000
851.188,-1.790359,-0.131864,-1.218763,-0.062061,0.000000,0.000000,0.000000,0.000000,-15.400000,48.400000,77.700000,136.300000,-1.790492,-0.131864,-1.218819,-0.062062,0.000000,0.000000,0.000000,0.000000
851.198,-1.790359,-0.131864,-1.218763,-0.062061,0.000000,0.000000,0.000000,0.000000,-15.400000,48.400000,77.700000,136.300000,-1.790492,-0.131864,-1.218819,-0.062062,0.000000,0.000000,0.000000,0.000000
851.208,-1.790359,-0.131864,-1.218763,-0.062061,0.000000,0.000000,0.000000,0.000000,-15.400000,48.400000,77.700000,136.300000,-1.790492,-0.131864,-1.218819,-0.062062,0.000000,0.000000,0.000000,0.000000
851.218,-1.790359,-0.131864,-1.218763,-0.062061,0.000000,0.000000,0.000000,0.000000,-15.400000,48.400000,77.700000,136.300000,-1.790492,-0.131864,-1.218819,-0.062062,0.000000,0.000000,0.000000,0.000000
851.692,-1.820378,-0.129823,-1.189616,-0.061285,0.008727,0.000000,0.000000,0.000000,-27.800000,40.400000,1.300000,105.200000,-1.756470,-0.127762,-1.218325,-0.060269,0.000000,0.000000,0.000000,0.000000
851.702,-1.820378,-0.129823,-1.189616,-0.061285,0.008727,0.000000,0.000000,0.000000,-27.800000,40.400000,1.300000,105.200000,-1.756470,-0.127762,-1.218325,-0.060269,0.000000,0.000000,0.000000,0.000000
851.714,-1.820378,-0.129823,-1.189616,-0.061285,0.008727,0.000000,0.000000,0.000000,-27.800000,40.400000,1.300000,105.200000,-1.756470,-0.127762,-1.218325,-0.060269,0.000000,0.000000,0.000000,0.000000
851.724,-1.820378,-0.129823,-1.189616,-0.061285,0.008727,0.000000,0.000000,0.000000,-27.800000,40.400000,1.300000,105.200000,-1.756470,-0.127762,-1.218325,-0.060269,0.000000,0.000000,0.000000,0.000000
852.187,-1.756325,-0.127763,-1.218240,-0.060269,0.001745,0.000000,0.000000,0.000000,-7.100000,84.700000,-27.300000,109.100000,-1.756470,-0.127762,-1.218325,-0.060269,0.000000,0.000000,0.000000,0.000000
852.198,-1.756325,-0.127763,-1.218240,-0.060269,0.001745,0.000000,0.000000,0.000000,-7.100000,84.700000,-27.300000,109.100000,-1.756470,-0.127762,-1.218325,-0.060269,0.000000,0.000000,0.000000,0.000000
852.208,-1.756325,-0.127763,-1.218240,-0.060269,0.001745,0.000000,0.000000,0.000000,-7.100000,84.700000,-27.300000,109.100000,-1.756470,-0.127762,-1.218325,-0.060269,0.000000,0.000000,0.000000,0.000000
852.218,-1.756325,-0.127763,-1.218240,-0.060269,0.001745,0.000000,0.000000,0.000000,-7.100000,84.700000,-27.300000,109.100000,-1.756470,-0.127762,-1.218325,-0.060269,0.000000,0.000000,0.000000,0.000000
852.688,-1.792453,-0.125682,-1.186126,-0.059458,0.000000,0.000010,0.000000,0.000000,-26.800000,85.600000,-4.700000,113.800000,-1.792567,-0.125683,-1.186374,-0.059459,0.000000,0.000000,0.000000,0.000000
852.698,-1.792453,-0.125682,-1.186126,-0.059458,0.000000,0.000010,0.000000,0.000000,-26.800000,85.600000,-4.700000,113.800000,-1.792567,-0.125683,-1.186374,-0.059459,0.000000,0.000000,0.000000,0.000000
852.708,-1.792453,-0.125682,-1.186126,-0.059458,0.000000,0.000010,0.000000,0.000000,-26.800000,85.600000,-4.700000,113.800000,-1.792567,-0.125683,-1.186374,-0.059459,0.000000,0.000000,0.000000,0.000000
852.718,-1.792453,-0.125682,-1.186126,-0.059458,0.000000,0.000010,0.000000,0.000000,-26.800000,85.600000,-4.700000,113.800000,-1.792567,-0.125683,-1.186374,-0.059459,0.000000,0.000000,0.000000,0.000000
853.588,-1.828756,-0.123681,-1.172512,-0.058405,0.000000,-0.000020,0.000000,0.000000,-18.500000,11.800000,72.200000,80.800000,-1.828790,-0.123682,-1.172370,-0.058406,0.000000,0.000000,0.000000,0.000000
853.598,-1.828756,-0.123681,-1.172512,-0.058405,0.000000,-0.000020,0.000000,0.000000,-18.500000,11.800000,72.200000,80.800000,-1.828790,-0.123682,-1.172370,-0.058406,0.000000,0.000000,0.000000,0.000000
853.608,-1.828756,-0.123681,-1.172512,-0.058405,0.000000,-0.000020,0.000000,0.000000,-18.500000,11.800000,72.200000,80.800000,-1.828790,-0.123682,-1.172370,-0.058406,0.000000,0.000000,0.000000,0.000000
853.618,-1.828756,-0.123681,-1.172512,-0.058405,0.000000,-0.000020,0.000000,0.000000,-18.500000,11.800000,72.200000,80.800000,-1.828790,-0.123682,-1.172370,-0.058406,0.000000,0.000000,0.000000,0.000000
854.088,-1.869248,-0.121627,-1.160818,-0.057341,0.001745,0.000040,-0.001745,0.000000,-20.200000,32.500000,4.400000,92.000000,-1.869272,-0.121628,-1.160859,-0.057340,0.000000,0.000000,0.000000,0.000000
854.098,-1.869248,-0.121627,-1.160818,-0.057341,0.001745,0.000040,-0.001745,0.000000,-20.200000,32.500000,4.400000,92.000000,-1.869272,-0.121628,-1.160859,-0.057340,0.000000,0.000000,0.000000,0.000000
854.108,-1.869248,-0.121627,-1.160818,-0.057341,0.001745,0.000040,-0.001745,0.000000,-20.200000,32.500000,4.400000,92.000000,-1.869272,-0.121628,-1.160859,-0.057340,0.000000,0.000000,0.000000,0.000000
854.118,-1.869248,-0.121627,-1.160818,-0.057341,0.001745,0.000040,-0.001745,0.000000,-20.200000,32.500000,4.400000,92.000000,-1.869272,-0.121628,-1.160859,-0.057340,0.000000,0.000000,0.000000,0.000000
854.587,-1.904852,-0.119513,-1.141794,-0.056405,0.001745,0.000030,0.000000,0.000000,-20.000000,51.900000,115.800000,112.100000,-1.936160,-0.117433,-1.106199,-0.055707,0.000000,0.000000,0.000000,0.000000
854.597,-1.904852,-0.119513,-1.141794,-0.056405,0.001745,0.000030,0.000000,0.000000,-20.000000,51.900000,115.800000,112.100000,-1.936160,-0.117433,-1.106199,-0.055707,0.000000,0.000000,0.000000,0.000000
854.607,-1.904852,-0.119513,-1.141794,-0.056405,0.001745,0.000030,0.000000,0.000000,-20.000000,51.900000,115.800000,112.100000,-1.936160,-0.117433,-1.106199,-0.055707,0.000000,0.000000,0.000000,0.000000
854.618,-1.904852,-0.119513,-1.141794,-0.056405,0.001745,0.000030,0.000000,0.000000,-20.000000,51.900000,115.800000,112.100000,-1.936160,-0.117433,-1.106199,-0.055707,0.000000,0.000000,0.000000,0.000000
855.088,-1.935919,-0.117433,-1.106015,-0.055705,0.000000,0.000010,0.000000,0.000000,-18.500000,74.900000,-13.900000,96.100000,-1.936160,-0.117433,-1.106199,-0.055707,0.000000,0.000000,0.000000,0.000000
855.098,-1.935919,-0.117433,-1.106015,-0.055705,0.000000,0.000010,0.000000,0.000000,-18.500000,74.900000,-13.900000,96.100000,-1.936160,-0.117433,-1.106199,-0.055707,0.000000,0.000000,0.000000,0.000000
855.108,-1.935919,-0.117433,-1.106015,-0.055705,0.000000,0.000010,0.000000,0.000000,-18.500000,74.900000,-13.900000,96.100000,-1.936160,-0.117433,-1.106199,-0.055707,0.000000,0.000000,0.000000,0.000000
855.118,-1.935919,-0.117433,-1.106015,-0.055705,0.000000,0.000010,0.000000,0.000000,-18.500000,74.900000,-13.900000,96.100000,-1.936160,-0.117433,-1.106199,-0.055707,0.000000,0.000000,0.000000,0.000000
855.588,-1.976236,-0.115384,-1.091180,-0.054694,0.010472,-0.000010,-0.001745,0.000000,-15.700000,47.500000,-29.600000,107.500000,-1.976191,-0.115385,-1.091386,-0.054695,0.000000,0.000000,0.000000,0.000000
855.598,-1.976236,-0.115384,-1.091180,-0.054694,0.010472,-0.000010,-0.001745,0.000000,-15.700000,47.500000,-29.600000,107.500000,-1.976191,-0.115385,-1.091386,-0.054695,0.000000,0.000000,0.000000,0.000000
855.608,-1.976236,-0.115384,-1.091180,-0.054694,0.010472,-0.000010,-0.001745,0.000000,-15.700000,47.500000,-29.600000,107.500000,-1.976191,-0.115385,-1.091386,-0.054695,0.000000,0.000000,0.000000,0.000000
855.618,-1.976236,-0.115384,-1.091180,-0.054694,0.010472,-0.000010,-0.001745,0.000000,-15.700000,47.500000,-29.600000,107.500000,-1.976191,-0.115385,-1.091386,-0.054695,0.000000,0.000000,0.000000,0.000000
856.087,-2.015157,-0.113372,-1.078264,-0.053620,0.000000,0.000040,0.000000,0.000000,-22.000000,52.700000,-43.200000,110.400000,-2.054242,-0.111304,-1.063891,-0.052680,0.000000,0.000000,0.000000,0.000000
856.097,-2.015157,-0.113372,-1.078264,-0.053620,0.000000,0.000040,0.000000,0.000000,-22.000000,52.700000,-43.200000,110.400000,-2.054242,-0.111304,-1.063891,-0.052680,0.000000,0.000000,0.000000,0.000000
856.108,-2.015157,-0.113372,-1.078264,-0.053620,0.000000,0.000040,0.000000,0.000000,-22.000000,52.700000,-43.200000,110.400000,-2.054242,-0.111304,-1.063891,-0.052680,0.000000,0.000000,0.000000,0.000000
856.118,-2.015157,-0.113372,-1.078264,-0.053620,0.000000,0.000040,0.000000,0.000000,-22.000000,52.700000,-43.200000,110.400000,-2.054242,-0.111304,-1.063891,-0.052680,0.000000,0.000000,0.000000,0.000000
856.587,-2.054253,-0.111303,-1.063953,-0.052679,-0.015708,0.000000,-0.012217,0.000000,-21.000000,51.100000,-40.500000,96.200000,-2.094853,-0.109239,-1.050722,-0.051582,0.000000,0.000000,0.000000,0.000000
856.597,-2.054253,-0.111303,-1.063953,-0.052679,-0.015708,0.000000,-0.012217,0.000000,-21.000000,51.100000,-40.500000,96.200000,-2.094853,-0.109239,-1.050722,-0.051582,0.000000,0.000000,0.000000,0.000000
856.607,-2.054253,-0.111303,-1.063953,-0.052679,-0.015708,0.000000,-0.012217,0.000000,-21.000000,51.100000,-40.500000,96.200000,-2.094853,-0.109239,-1.050722,-0.051582,0.000000,0.000000,0.000000,0.000000
856.618,-2.054253,-0.111303,-1.063953,-0.052679,-0.015708,0.000000,-0.012217,0.000000,-21.000000,51.100000,-40.500000,96.200000,-2.094853,-0.109239,-1.050722,-0.051582,0.000000,0.000000,0.000000,0.000000
856.988,-2.094744,-0.109242,-1.050514,-0.051582,0.000000,0.000080,0.000000,0.000000,-24.200000,73.300000,97.300000,159.500000,-2.094853,-0.109239,-1.050722,-0.051582,0.000000,0.000000,0.000000,0.000000
856.998,-2.094744,-0.109242,-1.050514,-0.051582,0.000000,0.000080,0.000000,0.000000,-24.200000,73.300000,97.300000,159.500000,-2.094853,-0.109239,-1.050722,-0.051582,0.000000,0.000000,0.000000,0.000000
857.008,-2.094744,-0.109242,-1.050514,-0.051582,0.000000,0.000080,0.000000,0.000000,-24.200000,73.300000,97.300000,159.500000,-2.094853,-0.109239,-1.050722,-0.051582,0.000000,0.000000,0.000000,0.000000
857.018,-2.094744,-0.109242,-1.050514,-0.051582,0.000000,0.000080,0.000000,0.000000,-24.200000,73.300000,97.300000,159.500000,-2.094853,-0.109239,-1.050722,-0.051582,0.000000,0.000000,0.000000,0.000000
857.487,-2.133665,-0.107214,-1.036726,-0.050454,0.024435,0.000000,-0.001745,0.000000,-18.400000,100.800000,-14.300000,122.100000,-2.174212,-0.105146,-1.018653,-0.049338,0.000000,0.000000,0.000000,0.000000
857.498,-2.133665,-0.107214,-1.036726,-0.050454,0.024435,0.000000,-0.001745,0.000000,-18.400000,100.800000,-14.300000,122.100000,-2.174212,-0.105146,-1.018653,-0.049338,0.000000,0.000000,0.000000,0.000000
857.508,-2.133665,-0.107214,-1.036726,-0.050454,0.024435,0.000000,-0.001745,0.000000,-18.400000,100.800000,-14.300000,122.100000,-2.174212,-0.105146,-1.018653,-0.049338,0.000000,0.000000,0.000000,0.000000
857.518,-2.133665,-0.107214,-1.036726,-0.050454,0.024435,0.000000,-0.001745,0.000000,-18.400000,100.800000,-14.300000,122.100000,-2.174212,-0.105146,-1.018653,-0.049338,0.000000,0.000000,0.000000,0.000000
857.987,-2.174157,-0.105146,-1.018574,-0.049337,0.000000,0.000030,-0.001745,0.000000,-23.100000,79.300000,-52.000000,113.100000,-2.174212,-0.105146,-1.018653,-0.049338,0.000000,0.000000,0.000000,0.000000
857.997,-2.174157,-0.105146,-1.018574,-0.049337,0.000000,0.000030,-0.001745,0.000000,-23.100000,79.300000,-52.000000,113.100000,-2.174212,-0.105146,-1.018653,-0.049338,0.000000,0.000000,0.000000,0.000000
858.008,-2.174157,-0.105146,-1.018574,-0.049337,0.000000,0.000030,-0.001745,0.000000,-23.100000,79.300000,-52.000000,113.100000,-2.174212,-0.105146,-1.018653,-0.049338,0.000000,0.000000,0.000000,0.000000
858.018,-2.174157,-0.105146,-1.018574,-0.049337,0.000000,0.000030,-0.001745,0.000000,-23.100000,79.300000,-52.000000,113.100000,-2.174212,-0.105146,-1.018653,-0.049338,0.000000,0.000000,0.000000,0.000000
858.488,-2.215172,-0.103015,-1.007404,-0.048204,-0.006981,-0.000040,0.000000,0.000000,-10.500000,46.100000,45.100000,73.800000,-2.215067,-0.103015,-1.007699,-0.048204,0.000000,0.000000,0.000000,0.000000
858.498,-2.215172,-0.103015,-1.007404,-0.048204,-0.006981,-0.000040,0.000000,0.000000,-10.500000,46.100000,45.100000,73.800000,-2.215067,-0.103015,-1.007699,-0.048204,0.000000,0.000000,0.000000,0.000000
858.508,-2.215172,-0.103015,-1.007404,-0.048204,-0.006981,-0.000040,0.000000,0.000000,-10.500000,46.100000,45.100000,73.800000,-2.215067,-0.103015,-1.007699,-0.048204,0.000000,0.000000,0.000000,0.000000
858.518,-2.215172,-0.103015,-1.007404,-0.048204,-0.006981,-0.000040,0.000000,0.000000,-10.500000,46.100000,45.100000,73.800000,-2.215067,-0.103015,-1.007699,-0.048204,0.000000,0.000000,0.000000,0.000000
858.988,-2.250602,-0.100981,-0.951379,-0.047582,0.000000,0.000000,0.000000,0.000000,-16.100000,64.100000,88.800000,54.900000,-2.250692,-0.100982,-0.951643,-0.047584,0.000000,0.000000,0.000000,0.000000
858.998,-2.250602,-0.100981,-0.951379,-0.047582,0.000000,0.000000,0.000000,0.000000,-16.100000,64.100000,88.800000,54.900000,-2.250692,-0.100982,-0.951643,-0.047584,0.000000,0.000000,0.000000,0.000000
859.008,-2.250602,-0.100981,-0.951379,-0.047582,0.000000,0.000000,0.000000,0.000000,-16.100000,64.100000,88.800000,54.900000,-2.250692,-0.100982,-0.951643,-0.047584,0.000000,0.000000,0.000000,0.000000
859.018,-2.250602,-0.100981,-0.951379,-0.047582,0.000000,0.000000,0.000000,0.000000,-16.100000,64.100000,88.800000,54.900000,-2.250692,-0.100982,-0.951643,-0.047584,0.000000,0.000000,0.000000,0.000000
859.387,-2.264914,-0.098967,-0.877028,-0.047314,-0.013963,0.000100,0.000000,0.000000,-18.800000,59.200000,236.300000,81.100000,-2.290010,-0.096986,-0.807869,-0.046910,0.000000,0.000000,0.000000,0.000000
859.397,-2.264914,-0.098967,-0.877028,-0.047314,-0.013963,0.000100,0.000000,0.000000,-18.800000,59.200000,236.300000,81.100000,-2.290010,-0.096986,-0.807869,-0.046910,0.000000,0.000000,0.000000,0.000000
859.407,-2.264914,-0.098967,-0.877028,-0.047314,-0.013963,0.000100,0.000000,0.000000,-18.800000,59.200000,236.300000,81.100000,-2.290010,-0.096986,-0.807869,-0.046910,0.000000,0.000000,0.000000,0.000000
859.418,-2.264914,-0.098967,-0.877028,-0.047314,-0.013963,0.000100,0.000000,0.000000,-18.800000,59.200000,236.300000,81.100000,-2.290010,-0.096986,-0.807869,-0.046910,0.000000,0.000000,0.000000,0.000000
859.788,-2.289872,-0.096989,-0.807564,-0.046908,-0.001745,0.000150,0.000000,0.000000,-25.900000,92.300000,254.300000,74.800000,-2.290010,-0.096986,-0.807869,-0.046910,0.000000,0.000000,0.000000,0.000000
859.798,-2.289872,-0.096989,-0.807564,-0.046908,-0.001745,0.000150,0.000000,0.000000,-25.900000,92.300000,254.300000,74.800000,-2.290010,-0.096986,-0.807869,-0.046910,0.000000,0.000000,0.000000,0.000000
859.808,-2.289872,-0.096989,-0.807564,-0.046908,-0.001745,0.000150,0.000000,0.000000,-25.900000,92.300000,254.300000,74.800000,-2.290010,-0.096986,-0.807869,-0.046910,0.000000,0.000000,0.000000,0.000000
859.818,-2.289872,-0.096989,-0.807564,-0.046908,-0.001745,0.000150,0.000000,0.000000,-25.900000,92.300000,254.300000,74.800000,-2.290010,-0.096986,-0.807869,-0.046910,0.000000,0.000000,0.000000,0.000000
860.188,-2.324953,-0.095022,-0.739671,-0.046381,0.000000,0.000150,0.000000,0.000000,-22.100000,89.800000,214.500000,77.600000,-2.325019,-0.095020,-0.739912,-0.046381,0.000000,0.000000,0.000000,0.000000
860.198,-2.324953,-0.095022,-0.739671,-0.046381,0.000000,0.000150,0.000000,0.000000,-22.100000,89.800000,214.500000,77.600000,-2.325019,-0.095020,-0.739912,-0.046381,0.000000,0.000000,0.000000,0.000000
860.208,-2.324953,-0.095022,-0.739671,-0.046381,0.000000,0.000150,0.000000,0.000000,-22.100000,89.800000,214.500000,77.600000,-2.325019,-0.095020,-0.739912,-0.046381,0.000000,0.000000,0.000000,0.000000
860.218,-2.324953,-0.095022,-0.739671,-0.046381,0.000000,0.000150,0.000000,0.000000,-22.100000,89.800000,214.500000,77.600000,-2.325019,-0.095020,-0.739912,-0.046381,0.000000,0.000000,0.000000,0.000000
860.687,-2.373648,-0.093029,-0.703717,-0.045479,-0.001745,0.000050,0.000000,0.000000,-23.800000,48.800000,123.300000,88.600000,-2.422598,-0.090982,-0.696464,-0.044411,0.000000,0.000000,0.000000,0.000000
860.697,-2.373648,-0.093029,-0.703717,-0.045479,-0.001745,0.000050,0.000000,0.000000,-23.800000,48.800000,123.300000,88.600000,-2.422598,-0.090982,-0.696464,-0.044411,0.000000,0.000000,0.000000,0.000000
860.707,-2.373648,-0.093029,-0.703717,-0.045479,-0.001745,0.000050,0.000000,0.000000,-23.800000,48.800000,123.300000,88.600000,-2.422598,-0.090982,-0.696464,-0.044411,0.000000,0.000000,0.000000,0.000000
860.718,-2.373648,-0.093029,-0.703717,-0.045479,-0.001745,0.000050,0.000000,0.000000,-23.800000,48.800000,123.300000,88.600000,-2.422598,-0.090982,-0.696464,-0.044411,0.000000,0.000000,0.000000,0.000000
861.190,-2.422692,-0.090981,-0.696212,-0.044410,0.033161,0.000000,-0.001745,0.000000,-17.700000,64.700000,3.300000,90.700000,-2.476983,-0.088921,-0.693336,-0.043381,0.000000,0.000000,0.000000,0.000000
861.204,-2.422692,-0.090981,-0.696212,-0.044410,0.033161,0.000000,-0.001745,0.000000,-17.700000,64.700000,3.300000,90.700000,-2.476983,-0.088921,-0.693336,-0.043381,0.000000,0.000000,0.000000,0.000000
861.214,-2.422692,-0.090981,-0.696212,-0.044410,0.033161,0.000000,-0.001745,0.000000,-17.700000,64.700000,3.300000,90.700000,-2.476983,-0.088921,-0.693336,-0.043381,0.000000,0.000000,0.000000,0.000000
861.224,-2.422692,-0.090981,-0.696212,-0.044410,0.033161,0.000000,-0.001745,0.000000,-17.700000,64.700000,3.300000,90.700000,-2.476983,-0.088921,-0.693336,-0.043381,0.000000,0.000000,0.000000,0.000000
861.687,-2.476971,-0.088920,-0.693070,-0.043380,0.026180,0.000030,0.000000,0.000000,-17.500000,67.700000,23.500000,86.100000,-2.476983,-0.088921,-0.693336,-0.043381,0.000000,0.000000,0.000000,0.000000
861.697,-2.476971,-0.088920,-0.693070,-0.043380,0.026180,0.000030,0.000000,0.000000,-17.500000,67.700000,23.500000,86.100000,-2.476983,-0.088921,-0.693336,-0.043381,0.000000,0.000000,0.000000,0.000000
861.707,-2.476971,-0.088920,-0.693070,-0.043380,0.026180,0.000030,0.000000,0.000000,-17.500000,67.700000,23.500000,86.100000,-2.476983,-0.088921,-0.693336,-0.043381,0.000000,0.000000,0.000000,0.000000
861.718,-2.476971,-0.088920,-0.693070,-0.043380,0.026180,0.000030,0.000000,0.000000,-17.500000,67.700000,23.500000,86.100000,-2.476983,-0.088921,-0.693336,-0.043381,0.000000,0.000000,0.000000,0.000000
862.187,-2.535265,-0.086871,-0.706509,-0.042288,0.000000,0.000000,0.001745,0.000000,-20.500000,99.100000,77.400000,102.700000,-2.586505,-0.084869,-0.707372,-0.041440,0.000000,0.000000,0.000000,0.000000
862.198,-2.535265,-0.086871,-0.706509,-0.042288,0.000000,0.000000,0.001745,0.000000,-20.500000,99.100000,77.400000,102.700000,-2.586505,-0.084869,-0.707372,-0.041440,0.000000,0.000000,0.000000,0.000000
862.208,-2.535265,-0.086871,-0.706509,-0.042288,0.000000,0.000000,0.001745,0.000000,-20.500000,99.100000,77.400000,102.700000,-2.586505,-0.084869,-0.707372,-0.041440,0.000000,0.000000,0.000000,0.000000
862.218,-2.535265,-0.086871,-0.706509,-0.042288,0.000000,0.000000,0.001745,0.000000,-20.500000,99.100000,77.400000,102.700000,-2.586505,-0.084869,-0.707372,-0.041440,0.000000,0.000000,0.000000,0.000000
862.588,-2.586403,-0.084872,-0.707382,-0.041440,0.000000,0.000050,0.005236,0.000000,-19.400000,86.600000,86.100000,114.100000,-2.586505,-0.084869,-0.707372,-0.041440,0.000000,0.000000,0.000000,0.000000
862.598,-2.586403,-0.084872,-0.707382,-0.041440,0.000000,0.000050,0.005236,0.000000,-19.400000,86.600000,86.100000,114.100000,-2.586505,-0.084869,-0.707372,-0.041440,0.000000,0.000000,0.000000,0.000000
862.608,-2.586403,-0.084872,-0.707382,-0.041440,0.000000,0.000050,0.005236,0.000000,-19.400000,86.600000,86.100000,114.100000,-2.586505,-0.084869,-0.707372,-0.041440,0.000000,0.000000,0.000000,0.000000
862.618,-2.586403,-0.084872,-0.707382,-0.041440,0.000000,0.000050,0.005236,0.000000,-19.400000,86.600000,86.100000,114.100000,-2.586505,-0.084869,-0.707372,-0.041440,0.000000,0.000000,0.000000,0.000000
863.087,-2.624626,-0.082917,-0.721345,-0.040626,0.000000,0.000060,0.000000,0.000000,-17.800000,65.400000,5.700000,94.600000,-2.640166,-0.080848,-0.731524,-0.039935,0.000000,0.000000,0.000000,0.000000
863.097,-2.624626,-0.082917,-0.721345,-0.040626,0.000000,0.000060,0.000000,0.000000,-17.800000,65.400000,5.700000,94.600000,-2.640166,-0.080848,-0.731524,-0.039935,0.000000,0.000000,0.000000,0.000000
863.108,-2.624626,-0.082917,-0.721345,-0.040626,0.000000,0.000060,0.000000,0.000000,-17.800000,65.400000,5.700000,94.600000,-2.640166,-0.080848,-0.731524,-0.039935,0.000000,0.000000,0.000000,0.000000
863.118,-2.624626,-0.082917,-0.721345,-0.040626,0.000000,0.000060,0.000000,0.000000,-17.800000,65.400000,5.700000,94.600000,-2.640166,-0.080848,-0.731524,-0.039935,0.000000,0.000000,0.000000,0.000000
863.588,-2.640334,-0.080848,-0.731642,-0.039935,0.000000,0.000000,0.000000,0.000000,-17.200000,57.500000,47.100000,93.300000,-2.640166,-0.080848,-0.731524,-0.039935,0.000000,0.000000,0.000000,0.000000
863.598,-2.640334,-0.080848,-0.731642,-0.039935,0.000000,0.000000,0.000000,0.000000,-17.200000,57.500000,47.100000,93.300000,-2.640166,-0.080848,-0.731524,-0.039935,0.000000,0.000000,0.000000,0.000000
863.608,-2.640334,-0.080848,-0.731642,-0.039935,0.000000,0.000000,0.000000,0.000000,-17.200000,57.500000,47.100000,93.300000,-2.640166,-0.080848,-0.731524,-0.039935,0.000000,0.000000,0.000000,0.000000
863.618,-2.640334,-0.080848,-0.731642,-0.039935,0.000000,0.000000,0.000000,0.000000,-17.200000,57.500000,47.100000,93.300000,-2.640166,-0.080848,-0.731524,-0.039935,0.000000,0.000000,0.000000,0.000000
864.087,-2.616423,-0.078766,-0.719425,-0.039108,0.000000,0.000030,-0.008727,0.000000,-13.200000,67.400000,-61.700000,80.000000,-2.616496,-0.078766,-0.719771,-0.039109,0.000000,0.000000,0.000000,0.000000
864.097,-2.616423,-0.078766,-0.719425,-0.039108,0.000000,0.000030,-0.008727,0.000000,-13.200000,67.400000,-61.700000,80.000000,-2.616496,-0.078766,-0.719771,-0.039109,0.000000,0.000000,0.000000,0.000000
864.108,-2.616423,-0.078766,-0.719425,-0.039108,0.000000,0.000030,-0.008727,0.000000,-13.200000,67.400000,-61.700000,80.000000,-2.616496,-0.078766,-0.719771,-0.039109,0.000000,0.000000,0.000000,0.000000
864.118,-2.616423,-0.078766,-0.719425,-0.039108,0.000000,0.000030,-0.008727,0.000000,-13.200000,67.400000,-61.700000,80.000000,-2.616496,-0.078766,-0.719771,-0.039109,0.000000,0.000000,0.000000,0.000000
864.487,-2.517114,-0.077723,-0.690627,-0.038490,0.001745,-0.000040,0.000000,0.000000,-12.200000,95.700000,122.800000,113.700000,-2.524932,-0.077705,-0.690418,-0.037294,0.000000,0.000000,0.000000,0.000000
864.498,-2.517114,-0.077723,-0.690627,-0.038490,0.001745,-0.000040,0.000000,0.000000,-12.200000,95.700000,122.800000,113.700000,-2.524932,-0.077705,-0.690418,-0.037294,0.000000,0.000000,0.000000,0.000000
864.508,-2.517114,-0.077723,-0.690627,-0.038490,0.001745,-0.000040,0.000000,0.000000,-12.200000,95.700000,122.800000,113.700000,-2.524932,-0.077705,-0.690418,-0.037294,0.000000,0.000000,0.000000,0.000000
864.518,-2.517114,-0.077723,-0.690627,-0.038490,0.001745,-0.000040,0.000000,0.000000,-12.200000,95.700000,122.800000,113.700000,-2.524932,-0.077705,-0.690418,-0.037294,0.000000,0.000000,0.000000,0.000000
864.887,-2.524793,-0.077705,-0.690278,-0.037294,0.010472,0.000100,0.000000,0.000000,-12.400000,37.500000,208.100000,161.300000,-2.582967,-0.078279,-0.686236,-0.036051,0.000000,0.000000,0.000000,0.000000
864.898,-2.524793,-0.077705,-0.690278,-0.037294,0.010472,0.000100,0.000000,0.000000,-12.400000,37.500000,208.100000,161.300000,-2.582967,-0.078279,-0.686236,-0.036051,0.000000,0.000000,0.000000,0.000000
864.908,-2.524793,-0.077705,-0.690278,-0.037294,0.010472,0.000100,0.000000,0.000000,-12.400000,37.500000,208.100000,161.300000,-2.582967,-0.078279,-0.686236,-0.036051,0.000000,0.000000,0.000000,0.000000
864.918,-2.524793,-0.077705,-0.690278,-0.037294,0.010472,0.000100,0.000000,0.000000,-12.400000,37.500000,208.100000,161.300000,-2.582967,-0.078279,-0.686236,-0.036051,0.000000,0.000000,0.000000,0.000000
885.588,-2.202256,-0.154706,-2.202256,-0.071903,0.005236,0.000000,0.000000,0.000000,-14.300000,31.100000,-42.800000,48.400000,-2.202380,-0.154706,-2.202380,-0.071903,0.000000,0.000000,0.000000,0.000000
885.598,-2.202256,-0.154706,-2.202256,-0.071903,0.005236,0.000000,0.000000,0.000000,-14.300000,31.100000,-42.800000,48.400000,-2.202380,-0.154706,-2.202380,-0.071903,0.000000,0.000000,0.000000,0.000000
885.608,-2.202256,-0.154706,-2.202256,-0.071903,0.005236,0.000000,0.000000,0.000000,-14.300000,31.100000,-42.800000,48.400000,-2.202380,-0.154706,-2.202380,-0.071903,0.000000,0.000000,0.000000,0.000000
885.618,-2.202256,-0.154706,-2.202256,-0.071903,0.005236,0.000000,0.000000,0.000000,-14.300000,31.100000,-42.800000,48.400000,-2.202380,-0.154706,-2.202380,-0.071903,0.000000,0.000000,0.000000,0.000000
889.088,-2.164208,-0.152507,-2.214823,-0.071050,0.000000,0.000000,0.000000,0.000000,-15.000000,35.700000,-38.000000,79.800000,-2.164338,-0.152508,-2.214907,-0.071050,0.000000,0.000000,0.000000,0.000000
889.098,-2.164208,-0.152507,-2.214823,-0.071050,0.000000,0.000000,0.000000,0.000000,-15.000000,35.700000,-38.000000,79.800000,-2.164338,-0.152508,-2.214907,-0.071050,0.000000,0.000000,0.000000,0.000000
889.108,-2.164208,-0.152507,-2.214823,-0.071050,0.000000,0.000000,0.000000,0.000000,-15.000000,35.700000,-38.000000,79.800000,-2.164338,-0.152508,-2.214907,-0.071050,0.000000,0.000000,0.000000,0.000000
889.118,-2.164208,-0.152507,-2.214823,-0.071050,0.000000,0.000000,0.000000,0.000000,-15.000000,35.700000,-38.000000,79.800000,-2.164338,-0.152508,-2.214907,-0.071050,0.000000,0.000000,0.000000,0.000000
889.587,-2.128254,-0.150426,-2.226866,-0.070241,0.003491,0.000020,0.000000,0.000000,-10.500000,71.600000,-4.100000,114.200000,-2.128415,-0.150425,-2.226891,-0.070241,0.000000,0.000000,0.000000,0.000000
889.597,-2.128254,-0.150426,-2.226866,-0.070241,0.003491,0.000020,0.000000,0.000000,-10.500000,71.600000,-4.100000,114.200000,-2.128415,-0.150425,-2.226891,-0.070241,0.000000,0.000000,0.000000,0.000000
889.608,-2.128254,-0.150426,-2.226866,-0.070241,0.003491,0.000020,0.000000,0.000000,-10.500000,71.600000,-4.100000,114.200000,-2.128415,-0.150425,-2.226891,-0.070241,0.000000,0.000000,0.000000,0.000000
889.618,-2.128254,-0.150426,-2.226866,-0.070241,0.003491,0.000020,0.000000,0.000000,-10.500000,71.600000,-4.100000,114.200000,-2.128415,-0.150425,-2.226891,-0.070241,0.000000,0.000000,0.000000,0.000000
893.088,-2.087763,-0.148334,-2.233847,-0.069191,0.000000,0.000000,0.000000,0.000000,-12.300000,38.100000,-29.300000,108.000000,-2.087835,-0.148334,-2.233687,-0.069193,0.000000,0.000000,0.000000,0.000000
893.098,-2.087763,-0.148334,-2.233847,-0.069191,0.000000,0.000000,0.000000,0.000000,-12.300000,38.100000,-29.300000,108.000000,-2.087835,-0.148334,-2.233687,-0.069193,0.000000,0.000000,0.000000,0.000000
893.108,-2.087763,-0.148334,-2.233847,-0.069191,0.000000,0.000000,0.000000,0.000000,-12.300000,38.100000,-29.300000,108.000000,-2.087835,-0.148334,-2.233687,-0.069193,0.000000,0.000000,0.000000,0.000000
893.118,-2.087763,-0.148334,-2.233847,-0.069191,0.000000,0.000000,0.000000,0.000000,-12.300000,38.100000,-29.300000,108.000000,-2.087835,-0.148334,-2.233687,-0.069193,0.000000,0.000000,0.000000,0.000000
893.588,-2.049191,-0.146225,-2.244144,-0.068138,0.000000,0.000090,0.000000,0.000000,-9.500000,96.600000,-72.400000,119.300000,-2.049263,-0.146225,-2.244174,-0.068138,0.000000,0.000000,0.000000,0.000000
893.598,-2.049191,-0.146225,-2.244144,-0.068138,0.000000,0.000090,0.000000,0.000000,-9.500000,96.600000,-72.400000,119.300000,-2.049263,-0.146225,-2.244174,-0.068138,0.000000,0.000000,0.000000,0.000000
893.608,-2.049191,-0.146225,-2.244144,-0.068138,0.000000,0.000090,0.000000,0.000000,-9.500000,96.600000,-72.400000,119.300000,-2.049263,-0.146225,-2.244174,-0.068138,0.000000,0.000000,0.000000,0.000000
893.618,-2.049191,-0.146225,-2.244144,-0.068138,0.000000,0.000090,0.000000,0.000000,-9.500000,96.600000,-72.400000,119.300000,-2.049263,-0.146225,-2.244174,-0.068138,0.000000,0.000000,0.000000,0.000000
893.987,-2.020393,-0.144212,-2.245715,-0.066911,0.005236,0.000250,0.000000,0.000000,-7.300000,77.700000,-75.900000,152.500000,-2.020434,-0.144209,-2.245660,-0.066912,0.000000,0.000000,0.000000,0.000000
893.998,-2.020393,-0.144212,-2.245715,-0.066911,0.005236,0.000250,0.000000,0.000000,-7.300000,77.700000,-75.900000,152.500000,-2.020434,-0.144209,-2.245660,-0.066912,0.000000,0.000000,0.000000,0.000000
894.008,-2.020393,-0.144212,-2.245715,-0.066911,0.005236,0.000250,0.000000,0.000000,-7.300000,77.700000,-75.900000,152.500000,-2.020434,-0.144209,-2.245660,-0.066912,0.000000,0.000000,0.000000,0.000000
894.018,-2.020393,-0.144212,-2.245715,-0.066911,0.005236,0.000250,0.000000,0.000000,-7.300000,77.700000,-75.900000,152.500000,-2.020434,-0.144209,-2.245660,-0.066912,0.000000,0.000000,0.000000,0.000000
894.488,-2.062630,-0.142204,-2.219710,-0.066012,0.012217,0.000020,0.000000,0.000000,-14.300000,43.100000,68.200000,122.200000,-2.062706,-0.142205,-2.220040,-0.066014,0.000000,0.000000,0.000000,0.000000
894.498,-2.062630,-0.142204,-2.219710,-0.066012,0.012217,0.000020,0.000000,0.000000,-14.300000,43.100000,68.200000,122.200000,-2.062706,-0.142205,-2.220040,-0.066014,0.000000,0.000000,0.000000,0.000000
894.508,-2.062630,-0.142204,-2.219710,-0.066012,0.012217,0.000020,0.000000,0.000000,-14.300000,43.100000,68.200000,122.200000,-2.062706,-0.142205,-2.220040,-0.066014,0.000000,0.000000,0.000000,0.000000
894.518,-2.062630,-0.142204,-2.219710,-0.066012,0.012217,0.000020,0.000000,0.000000,-14.300000,43.100000,68.200000,122.200000,-2.062706,-0.142205,-2.220040,-0.066014,0.000000,0.000000,0.000000,0.000000
894.988,-2.101900,-0.140189,-2.191261,-0.065358,0.000000,0.000020,0.000000,0.000000,-12.900000,57.900000,54.300000,133.200000,-2.101917,-0.140188,-2.191605,-0.065358,0.000000,0.000000,0.000000,0.000000
894.998,-2.101900,-0.140189,-2.191261,-0.065358,0.000000,0.000020,0.000000,0.000000,-12.900000,57.900000,54.300000,133.200000,-2.101917,-0.140188,-2.191605,-0.065358,0.000000,0.000000,0.000000,0.000000
895.008,-2.101900,-0.140189,-2.191261,-0.065358,0.000000,0.000020,0.000000,0.000000,-12.900000,57.900000,54.300000,133.200000,-2.101917,-0.140188,-2.191605,-0.065358,0.000000,0.000000,0.000000,0.000000
895.018,-2.101900,-0.140189,-2.191261,-0.065358,0.000000,0.000020,0.000000,0.000000,-12.900000,57.900000,54.300000,133.200000,-2.101917,-0.140188,-2.191605,-0.065358,0.000000,0.000000,0.000000,0.000000
895.488,-2.054951,-0.138093,-2.199289,-0.064175,-0.003491,0.000010,0.000000,0.000000,-9.300000,71.700000,92.600000,135.100000,-2.055044,-0.138093,-2.199444,-0.064176,0.000000,0.000000,0.000000,0.000000
895.498,-2.054951,-0.138093,-2.199289,-0.064175,-0.003491,0.000010,0.000000,0.000000,-9.300000,71.700000,92.600000,135.100000,-2.055044,-0.138093,-2.199444,-0.064176,0.000000,0.000000,0.000000,0.000000
895.508,-2.054951,-0.138093,-2.199289,-0.064175,-0.003491,0.000010,0.000000,0.000000,-9.300000,71.700000,92.600000,135.100000,-2.055044,-0.138093,-2.199444,-0.064176,0.000000,0.000000,0.000000,0.000000
895.518,-2.054951,-0.138093,-2.199289,-0.064175,-0.003491,0.000010,0.000000,0.000000,-9.300000,71.700000,92.600000,135.100000,-2.055044,-0.138093,-2.199444,-0.064176,0.000000,0.000000,0.000000,0.000000
895.988,-2.076244,-0.136073,-2.179044,-0.062872,0.001745,0.000010,0.000000,0.000000,-14.700000,91.600000,62.200000,136.900000,-2.076245,-0.136073,-2.179281,-0.062872,0.000000,0.000000,0.000000,0.000000
895.998,-2.076244,-0.136073,-2.179044,-0.062872,0.001745,0.000010,0.000000,0.000000,-14.700000,91.600000,62.200000,136.900000,-2.076245,-0.136073,-2.179281,-0.062872,0.000000,0.000000,0.000000,0.000000
896.008,-2.076244,-0.136073,-2.179044,-0.062872,0.001745,0.000010,0.000000,0.000000,-14.700000,91.600000,62.200000,136.900000,-2.076245,-0.136073,-2.179281,-0.062872,0.000000,0.000000,0.000000,0.000000
896.018,-2.076244,-0.136073,-2.179044,-0.062872,0.001745,0.000010,0.000000,0.000000,-14.700000,91.600000,62.200000,136.900000,-2.076245,-0.136073,-2.179281,-0.062872,0.000000,0.000000,0.000000,0.000000
896.387,-2.011492,-0.134058,-2.197719,-0.062135,-0.003491,0.000120,0.000000,0.000000,-5.800000,71.700000,-30.100000,135.200000,-2.011631,-0.134054,-2.197770,-0.062135,0.000000,0.000000,0.000000,0.000000
896.397,-2.011492,-0.134058,-2.197719,-0.062135,-0.003491,0.000120,0.000000,0.000000,-5.800000,71.700000,-30.100000,135.200000,-2.011631,-0.134054,-2.197770,-0.062135,0.000000,0.000000,0.000000,0.000000
896.408,-2.011492,-0.134058,-2.197719,-0.062135,-0.003491,0.000120,0.000000,0.000000,-5.800000,71.700000,-30.100000,135.200000,-2.011631,-0.134054,-2.197770,-0.062135,0.000000,0.000000,0.000000,0.000000
896.418,-2.011492,-0.134058,-2.197719,-0.062135,-0.003491,0.000120,0.000000,0.000000,-5.800000,71.700000,-30.100000,135.200000,-2.011631,-0.134054,-2.197770,-0.062135,0.000000,0.000000,0.000000,0.000000
896.888,-1.981298,-0.131967,-2.206271,-0.060573,0.003491,0.000000,0.000000,0.000000,-6.000000,42.200000,27.400000,135.100000,-1.981444,-0.131968,-2.206189,-0.060574,0.000000,0.000000,0.000000,0.000000
896.898,-1.981298,-0.131967,-2.206271,-0.060573,0.003491,0.000000,0.000000,0.000000,-6.000000,42.200000,27.400000,135.100000,-1.981444,-0.131968,-2.206189,-0.060574,0.000000,0.000000,0.000000,0.000000
896.908,-1.981298,-0.131967,-2.206271,-0.060573,0.003491,0.000000,0.000000,0.000000,-6.000000,42.200000,27.400000,135.100000,-1.981444,-0.131968,-2.206189,-0.060574,0.000000,0.000000,0.000000,0.000000
896.918,-1.981298,-0.131967,-2.206271,-0.060573,0.003491,0.000000,0.000000,0.000000,-6.000000,42.200000,27.400000,135.100000,-1.981444,-0.131968,-2.206189,-0.060574,0.000000,0.000000,0.000000,0.000000
897.388,-2.032610,-0.129953,-2.127207,-0.060546,0.000000,0.000000,0.000000,0.000000,-15.700000,44.700000,139.200000,81.400000,-2.032729,-0.129953,-2.127394,-0.060546,0.000000,0.000000,0.000000,0.000000
897.398,-2.032610,-0.129953,-2.127207,-0.060546,0.000000,0.000000,0.000000,0.000000,-15.700000,44.700000,139.200000,81.400000,-2.032729,-0.129953,-2.127394,-0.060546,0.000000,0.000000,0.000000,0.000000
897.408,-2.032610,-0.129953,-2.127207,-0.060546,0.000000,0.000000,0.000000,0.000000,-15.700000,44.700000,139.200000,81.400000,-2.032729,-0.129953,-2.127394,-0.060546,0.000000,0.000000,0.000000,0.000000
897.419,-2.032610,-0.129953,-2.127207,-0.060546,0.000000,0.000000,0.000000,0.000000,-15.700000,44.700000,139.200000,81.400000,-2.032729,-0.129953,-2.127394,-0.060546,0.000000,0.000000,0.000000,0.000000
897.888,-2.030691,-0.127565,-2.118830,-0.058716,0.000000,0.000000,0.000000,0.000000,-10.700000,91.300000,139.000000,139.600000,-2.030839,-0.127564,-2.119120,-0.058717,0.000000,0.000000,0.000000,0.000000
897.898,-2.030691,-0.127565,-2.118830,-0.058716,0.000000,0.000000,0.000000,0.000000,-10.700000,91.300000,139.000000,139.600000,-2.030839,-0.127564,-2.119120,-0.058717,0.000000,0.000000,0.000000,0.000000
897.908,-2.030691,-0.127565,-2.118830,-0.058716,0.000000,0.000000,0.000000,0.000000,-10.700000,91.300000,139.000000,139.600000,-2.030839,-0.127564,-2.119120,-0.058717,0.000000,0.000000,0.000000,0.000000
897.918,-2.030691,-0.127565,-2.118830,-0.058716,0.000000,0.000000,0.000000,0.000000,-10.700000,91.300000,139.000000,139.600000,-2.030839,-0.127564,-2.119120,-0.058717,0.000000,0.000000,0.000000,0.000000
898.387,-2.026327,-0.124836,-2.113245,-0.056569,0.000000,0.000020,-0.001745,0.000000,-9.100000,85.200000,-34.500000,135.700000,-2.026398,-0.124835,-2.113704,-0.056570,0.000000,0.000000,0.000000,0.000000
898.398,-2.026327,-0.124836,-2.113245,-0.056569,0.000000,0.000020,-0.001745,0.000000,-9.100000,85.200000,-34.500000,135.700000,-2.026398,-0.124835,-2.113704,-0.056570,0.000000,0.000000,0.000000,0.000000
898.408,-2.026327,-0.124836,-2.113245,-0.056569,0.000000,0.000020,-0.001745,0.000000,-9.100000,85.200000,-34.500000,135.700000,-2.026398,-0.124835,-2.113704,-0.056570,0.000000,0.000000,0.000000,0.000000
898.418,-2.026327,-0.124836,-2.113245,-0.056569,0.000000,0.000020,-0.001745,0.000000,-9.100000,85.200000,-34.500000,135.700000,-2.026398,-0.124835,-2.113704,-0.056570,0.000000,0.000000,0.000000,0.000000
898.887,-2.027898,-0.122194,-2.105565,-0.054474,0.000000,0.000070,-0.001745,0.000000,-10.000000,62.800000,18.200000,146.000000,-2.028002,-0.122193,-2.105643,-0.054474,0.000000,0.000000,0.000000,0.000000
898.898,-2.027898,-0.122194,-2.105565,-0.054474,0.000000,0.000070,-0.001745,0.000000,-10.000000,62.800000,18.200000,146.000000,-2.028002,-0.122193,-2.105643,-0.054474,0.000000,0.000000,0.000000,0.000000
898.908,-2.027898,-0.122194,-2.105565,-0.054474,0.000000,0.000070,-0.001745,0.000000,-10.000000,62.800000,18.200000,146.000000,-2.028002,-0.122193,-2.105643,-0.054474,0.000000,0.000000,0.000000,0.000000
898.918,-2.027898,-0.122194,-2.105565,-0.054474,0.000000,0.000070,-0.001745,0.000000,-10.000000,62.800000,18.200000,146.000000,-2.028002,-0.122193,-2.105643,-0.054474,0.000000,0.000000,0.000000,0.000000
899.388,-2.018473,-0.119686,-2.107834,-0.052480,-0.012217,0.000000,0.001745,0.000030,-10.800000,53.100000,222.400000,155.400000,-2.018630,-0.119686,-2.107804,-0.052480,0.000000,0.000000,0.000000,0.000000
899.398,-2.018473,-0.119686,-2.107834,-0.052480,-0.012217,0.000000,0.001745,0.000030,-10.800000,53.100000,222.400000,155.400000,-2.018630,-0.119686,-2.107804,-0.052480,0.000000,0.000000,0.000000,0.000000
899.408,-2.018473,-0.119686,-2.107834,-0.052480,-0.012217,0.000000,0.001745,0.000030,-10.800000,53.100000,222.400000,155.400000,-2.018630,-0.119686,-2.107804,-0.052480,0.000000,0.000000,0.000000,0.000000
899.418,-2.018473,-0.119686,-2.107834,-0.052480,-0.012217,0.000000,0.001745,0.000030,-10.800000,53.100000,222.400000,155.400000,-2.018630,-0.119686,-2.107804,-0.052480,0.000000,0.000000,0.000000,0.000000
899.887,-2.015157,-0.116870,-2.098933,-0.050212,0.000000,0.000010,-0.001745,0.000050,-13.900000,91.600000,0.100000,147.500000,-2.014994,-0.116867,-2.099450,-0.050212,0.000000,0.000000,0.000000,0.000000
899.897,-2.015157,-0.116870,-2.098933,-0.050212,0.000000,0.000010,-0.001745,0.000050,-13.900000,91.600000,0.100000,147.500000,-2.014994,-0.116867,-2.099450,-0.050212,0.000000,0.000000,0.000000,0.000000
899.908,-2.015157,-0.116870,-2.098933,-0.050212,0.000000,0.000010,-0.001745,0.000050,-13.900000,91.600000,0.100000,147.500000,-2.014994,-0.116867,-2.099450,-0.050212,0.000000,0.000000,0.000000,0.000000
899.918,-2.015157,-0.116870,-2.098933,-0.050212,0.000000,0.000010,-0.001745,0.000050,-13.900000,91.600000,0.100000,147.500000,-2.014994,-0.116867,-2.099450,-0.050212,0.000000,0.000000,0.000000,0.000000
900.392,-2.012190,-0.114291,-2.099107,-0.047945,-0.001745,0.000030,0.000000,0.000000,-13.500000,87.200000,78.800000,107.700000,-2.012194,-0.114291,-2.099045,-0.047945,0.000000,0.000000,0.000000,0.000000
900.402,-2.012190,-0.114291,-2.099107,-0.047945,-0.001745,0.000030,0.000000,0.000000,-13.500000,87.200000,78.800000,107.700000,-2.012194,-0.114291,-2.099045,-0.047945,0.000000,0.000000,0.000000,0.000000
900.412,-2.012190,-0.114291,-2.099107,-0.047945,-0.001745,0.000030,0.000000,0.000000,-13.500000,87.200000,78.800000,107.700000,-2.012194,-0.114291,-2.099045,-0.047945,0.000000,0.000000,0.000000,0.000000
900.422,-2.012190,-0.114291,-2.099107,-0.047945,-0.001745,0.000030,0.000000,0.000000,-13.500000,87.200000,78.800000,107.700000,-2.012194,-0.114291,-2.099045,-0.047945,0.000000,0.000000,0.000000,0.000000
900.887,-2.009747,-0.111442,-2.092824,-0.045258,0.000000,0.000010,0.000000,0.000000,-16.600000,51.000000,23.900000,120.700000,-2.005021,-0.108667,-2.087876,-0.042687,0.000000,0.000000,0.000000,0.000000
900.898,-2.009747,-0.111442,-2.092824,-0.045258,0.000000,0.000010,0.000000,0.000000,-16.600000,51.000000,23.900000,120.700000,-2.005021,-0.108667,-2.087876,-0.042687,0.000000,0.000000,0.000000,0.000000
900.908,-2.009747,-0.111442,-2.092824,-0.045258,0.000000,0.000010,0.000000,0.000000,-16.600000,51.000000,23.900000,120.700000,-2.005021,-0.108667,-2.087876,-0.042687,0.000000,0.000000,0.000000,0.000000
900.918,-2.009747,-0.111442,-2.092824,-0.045258,0.000000,0.000010,0.000000,0.000000,-16.600000,51.000000,23.900000,120.700000,-2.005021,-0.108667,-2.087876,-0.042687,0.000000,0.000000,0.000000,0.000000
901.387,-2.004860,-0.108667,-2.087588,-0.042686,-0.001745,0.000020,0.000000,0.000000,-16.500000,62.500000,44.800000,149.300000,-2.005021,-0.108667,-2.087876,-0.042687,0.000000,0.000000,0.000000,0.000000
901.398,-2.004860,-0.108667,-2.087588,-0.042686,-0.001745,0.000020,0.000000,0.000000,-16.500000,62.500000,44.800000,149.300000,-2.005021,-0.108667,-2.087876,-0.042687,0.000000,0.000000,0.000000,0.000000
901.408,-2.004860,-0.108667,-2.087588,-0.042686,-0.001745,0.000020,0.000000,0.000000,-16.500000,62.500000,44.800000,149.300000,-2.005021,-0.108667,-2.087876,-0.042687,0.000000,0.000000,0.000000,0.000000
901.418,-2.004860,-0.108667,-2.087588,-0.042686,-0.001745,0.000020,0.000000,0.000000,-16.500000,62.500000,44.800000,149.300000,-2.005021,-0.108667,-2.087876,-0.042687,0.000000,0.000000,0.000000,0.000000
901.888,-1.996831,-0.106527,-2.075895,-0.041093,0.000000,0.000020,-0.003491,0.000000,-14.100000,73.200000,-45.700000,148.300000,-1.996928,-0.106527,-2.076215,-0.041093,0.000000,0.000000,0.000000,0.000000
901.898,-1.996831,-0.106527,-2.075895,-0.041093,0.000000,0.000020,-0.003491,0.000000,-14.100000,73.200000,-45.700000,148.300000,-1.996928,-0.106527,-2.076215,-0.041093,0.000000,0.000000,0.000000,0.000000
901.908,-1.996831,-0.106527,-2.075895,-0.041093,0.000000,0.000020,-0.003491,0.000000,-14.100000,73.200000,-45.700000,148.300000,-1.996928,-0.106527,-2.076215,-0.041093,0.000000,0.000000,0.000000,0.000000
901.918,-1.996831,-0.106527,-2.075895,-0.041093,0.000000,0.000020,-0.003491,0.000000,-14.100000,73.200000,-45.700000,148.300000,-1.996928,-0.106527,-2.076215,-0.041093,0.000000,0.000000,0.000000,0.000000
902.388,-1.992293,-0.103642,-2.071880,-0.038664,0.000000,0.000240,0.000000,0.000040,-3.800000,58.500000,79.100000,139.700000,-1.992329,-0.103640,-2.071967,-0.038664,0.000000,0.000000,0.000000,0.000000
902.398,-1.992293,-0.103642,-2.071880,-0.038664,0.000000,0.000240,0.000000,0.000040,-3.800000,58.500000,79.100000,139.700000,-1.992329,-0.103640,-2.071967,-0.038664,0.000000,0.000000,0.000000,0.000000
902.408,-1.992293,-0.103642,-2.071880,-0.038664,0.000000,0.000240,0.000000,0.000040,-3.800000,58.500000,79.100000,139.700000,-1.992329,-0.103640,-2.071967,-0.038664,0.000000,0.000000,0.000000,0.000000
902.418,-1.992293,-0.103642,-2.071880,-0.038664,0.000000,0.000240,0.000000,0.000040,-3.800000,58.500000,79.100000,139.700000,-1.992329,-0.103640,-2.071967,-0.038664,0.000000,0.000000,0.000000,0.000000
902.888,-1.985137,-0.101554,-2.061234,-0.036511,0.000000,0.000030,0.000000,0.000000,-5.500000,40.500000,138.000000,140.400000,-1.985305,-0.101554,-2.061435,-0.036512,0.000000,0.000000,0.000000,0.000000
902.898,-1.985137,-0.101554,-2.061234,-0.036511,0.000000,0.000030,0.000000,0.000000,-5.500000,40.500000,138.000000,140.400000,-1.985305,-0.101554,-2.061435,-0.036512,0.000000,0.000000,0.000000,0.000000
902.908,-1.985137,-0.101554,-2.061234,-0.036511,0.000000,0.000030,0.000000,0.000000,-5.500000,40.500000,138.000000,140.400000,-1.985305,-0.101554,-2.061435,-0.036512,0.000000,0.000000,0.000000,0.000000
902.918,-1.985137,-0.101554,-2.061234,-0.036511,0.000000,0.000030,0.000000,0.000000,-5.500000,40.500000,138.000000,140.400000,-1.985305,-0.101554,-2.061435,-0.036512,0.000000,0.000000,0.000000,0.000000
915.588,-0.881566,-0.154706,-0.881740,-0.071903,-0.005236,0.000000,0.000000,0.000000,-16.100000,26.000000,112.600000,49.800000,-0.881625,-0.154706,-0.881625,-0.071903,0.000000,0.000000,0.000000,0.000000
915.598,-0.881566,-0.154706,-0.881740,-0.071903,-0.005236,0.000000,0.000000,0.000000,-16.100000,26.000000,112.600000,49.800000,-0.881625,-0.154706,-0.881625,-0.071903,0.000000,0.000000,0.000000,0.000000
915.608,-0.881566,-0.154706,-0.881740,-0.071903,-0.005236,0.000000,0.000000,0.000000,-16.100000,26.000000,112.600000,49.800000,-0.881625,-0.154706,-0.881625,-0.071903,0.000000,0.000000,0.000000,0.000000
915.618,-0.881566,-0.154706,-0.881740,-0.071903,-0.005236,0.000000,0.000000,0.000000,-16.100000,26.000000,112.600000,49.800000,-0.881625,-0.154706,-0.881625,-0.071903,0.000000,0.000000,0.000000,0.000000
916.087,-0.922930,-0.152693,-0.872490,-0.070914,0.000000,0.000000,0.000000,0.000000,-15.000000,74.000000,4.200000,109.800000,-0.967447,-0.150602,-0.862231,-0.069931,0.000000,0.000000,0.000000,0.000000
916.098,-0.922930,-0.152693,-0.872490,-0.070914,0.000000,0.000000,0.000000,0.000000,-15.000000,74.000000,4.200000,109.800000,-0.967447,-0.150602,-0.862231,-0.069931,0.000000,0.000000,0.000000,0.000000
916.108,-0.922930,-0.152693,-0.872490,-0.070914,0.000000,0.000000,0.000000,0.000000,-15.000000,74.000000,4.200000,109.800000,-0.967447,-0.150602,-0.862231,-0.069931,0.000000,0.000000,0.000000,0.000000
916.118,-0.922930,-0.152693,-0.872490,-0.070914,0.000000,0.000000,0.000000,0.000000,-15.000000,74.000000,4.200000,109.800000,-0.967447,-0.150602,-0.862231,-0.069931,0.000000,0.000000,0.000000,0.000000
916.987,-0.967436,-0.150601,-0.862193,-0.069931,0.000000,0.000020,0.000000,0.000000,-20.000000,34.800000,106.400000,80.400000,-0.967447,-0.150602,-0.862231,-0.069931,0.000000,0.000000,0.000000,0.000000
916.997,-0.967436,-0.150601,-0.862193,-0.069931,0.000000,0.000020,0.000000,0.000000,-20.000000,34.800000,106.400000,80.400000,-0.967447,-0.150602,-0.862231,-0.069931,0.000000,0.000000,0.000000,0.000000
917.008,-0.967436,-0.150601,-0.862193,-0.069931,0.000000,0.000020,0.000000,0.000000,-20.000000,34.800000,106.400000,80.400000,-0.967447,-0.150602,-0.862231,-0.069931,0.000000,0.000000,0.000000,0.000000
917.018,-0.967436,-0.150601,-0.862193,-0.069931,0.000000,0.000020,0.000000,0.000000,-20.000000,34.800000,106.400000,80.400000,-0.967447,-0.150602,-0.862231,-0.069931,0.000000,0.000000,0.000000,0.000000
917.888,-1.011418,-0.148581,-0.848055,-0.068981,-0.001745,0.000000,0.000000,0.000000,-18.700000,42.300000,130.100000,105.700000,-1.011524,-0.148581,-0.848021,-0.068981,0.000000,0.000000,0.000000,0.000000
917.898,-1.011418,-0.148581,-0.848055,-0.068981,-0.001745,0.000000,0.000000,0.000000,-18.700000,42.300000,130.100000,105.700000,-1.011524,-0.148581,-0.848021,-0.068981,0.000000,0.000000,0.000000,0.000000
917.908,-1.011418,-0.148581,-0.848055,-0.068981,-0.001745,0.000000,0.000000,0.000000,-18.700000,42.300000,130.100000,105.700000,-1.011524,-0.148581,-0.848021,-0.068981,0.000000,0.000000,0.000000,0.000000
917.918,-1.011418,-0.148581,-0.848055,-0.068981,-0.001745,0.000000,0.000000,0.000000,-18.700000,42.300000,130.100000,105.700000,-1.011524,-0.148581,-0.848021,-0.068981,0.000000,0.000000,0.000000,0.000000
918.388,-0.976512,-0.146326,-0.873188,-0.067999,0.000000,0.000040,0.000000,0.000000,-10.800000,110.100000,6.500000,115.500000,-0.929450,-0.144293,-0.896065,-0.066971,0.000000,0.000000,0.000000,0.000000
918.398,-0.976512,-0.146326,-0.873188,-0.067999,0.000000,0.000040,0.000000,0.000000,-10.800000,110.100000,6.500000,115.500000,-0.929450,-0.144293,-0.896065,-0.066971,0.000000,0.000000,0.000000,0.000000
918.408,-0.976512,-0.146326,-0.873188,-0.067999,0.000000,0.000040,0.000000,0.000000,-10.800000,110.100000,6.500000,115.500000,-0.929450,-0.144293,-0.896065,-0.066971,0.000000,0.000000,0.000000,0.000000
918.418,-0.976512,-0.146326,-0.873188,-0.067999,0.000000,0.000040,0.000000,0.000000,-10.800000,110.100000,6.500000,115.500000,-0.929450,-0.144293,-0.896065,-0.066971,0.000000,0.000000,0.000000,0.000000
918.888,-0.929388,-0.144293,-0.896227,-0.066970,0.000000,-0.000020,0.000000,0.000000,-10.600000,70.500000,-15.900000,111.400000,-0.929450,-0.144293,-0.896065,-0.066971,0.000000,0.000000,0.000000,0.000000
918.898,-0.929388,-0.144293,-0.896227,-0.066970,0.000000,-0.000020,0.000000,0.000000,-10.600000,70.500000,-15.900000,111.400000,-0.929450,-0.144293,-0.896065,-0.066971,0.000000,0.000000,0.000000,0.000000
918.908,-0.929388,-0.144293,-0.896227,-0.066970,0.000000,-0.000020,0.000000,0.000000,-10.600000,70.500000,-15.900000,111.400000,-0.929450,-0.144293,-0.896065,-0.066971,0.000000,0.000000,0.000000,0.000000
918.918,-0.929388,-0.144293,-0.896227,-0.066970,0.000000,-0.000020,0.000000,0.000000,-10.600000,70.500000,-15.900000,111.400000,-0.929450,-0.144293,-0.896065,-0.066971,0.000000,0.000000,0.000000,0.000000
919.387,-0.977908,-0.142222,-0.877552,-0.065944,0.000000,0.000120,0.000000,0.000000,-16.700000,44.100000,10.200000,128.700000,-0.978016,-0.142222,-0.877749,-0.065945,0.000000,0.000000,0.000000,0.000000
919.397,-0.977908,-0.142222,-0.877552,-0.065944,0.000000,0.000120,0.000000,0.000000,-16.700000,44.100000,10.200000,128.700000,-0.978016,-0.142222,-0.877749,-0.065945,0.000000,0.000000,0.000000,0.000000
919.408,-0.977908,-0.142222,-0.877552,-0.065944,0.000000,0.000120,0.000000,0.000000,-16.700000,44.100000,10.200000,128.700000,-0.978016,-0.142222,-0.877749,-0.065945,0.000000,0.000000,0.000000,0.000000
919.418,-0.977908,-0.142222,-0.877552,-0.065944,0.000000,0.000120,0.000000,0.000000,-16.700000,44.100000,10.200000,128.700000,-0.978016,-0.142222,-0.877749,-0.065945,0.000000,0.000000,0.000000,0.000000
919.788,-0.931482,-0.140204,-0.905826,-0.064919,-0.005236,0.000030,0.003491,0.000000,-12.600000,50.100000,51.100000,168.800000,-0.882130,-0.138120,-0.927338,-0.063871,0.000000,0.000000,0.000000,0.000000
919.798,-0.931482,-0.140204,-0.905826,-0.064919,-0.005236,0.000030,0.003491,0.000000,-12.600000,50.100000,51.100000,168.800000,-0.882130,-0.138120,-0.927338,-0.063871,0.000000,0.000000,0.000000,0.000000
919.808,-0.931482,-0.140204,-0.905826,-0.064919,-0.005236,0.000030,0.003491,0.000000,-12.600000,50.100000,51.100000,168.800000,-0.882130,-0.138120,-0.927338,-0.063871,0.000000,0.000000,0.000000,0.000000
919.818,-0.931482,-0.140204,-0.905826,-0.064919,-0.005236,0.000030,0.003491,0.000000,-12.600000,50.100000,51.100000,168.800000,-0.882130,-0.138120,-0.927338,-0.063871,0.000000,0.000000,0.000000,0.000000
920.288,-0.881915,-0.138119,-0.927293,-0.063871,0.000000,0.000070,0.000000,0.000000,6.000000,70.200000,22.600000,133.100000,-0.935573,-0.136111,-0.904732,-0.062951,0.000000,0.000000,0.000000,0.000000
920.298,-0.881915,-0.138119,-0.927293,-0.063871,0.000000,0.000070,0.000000,0.000000,6.000000,70.200000,22.600000,133.100000,-0.935573,-0.136111,-0.904732,-0.062951,0.000000,0.000000,0.000000,0.000000
920.308,-0.881915,-0.138119,-0.927293,-0.063871,0.000000,0.000070,0.000000,0.000000,6.000000,70.200000,22.600000,133.100000,-0.935573,-0.136111,-0.904732,-0.062951,0.000000,0.000000,0.000000,0.000000
920.318,-0.881915,-0.138119,-0.927293,-0.063871,0.000000,0.000070,0.000000,0.000000,6.000000,70.200000,22.600000,133.100000,-0.935573,-0.136111,-0.904732,-0.062951,0.000000,0.000000,0.000000,0.000000
920.688,-0.935496,-0.136114,-0.904604,-0.062950,0.000000,0.000070,0.000000,0.000000,-23.000000,93.700000,78.900000,138.400000,-0.935573,-0.136111,-0.904732,-0.062951,0.000000,0.000000,0.000000,0.000000
920.698,-0.935496,-0.136114,-0.904604,-0.062950,0.000000,0.000070,0.000000,0.000000,-23.000000,93.700000,78.900000,138.400000,-0.935573,-0.136111,-0.904732,-0.062951,0.000000,0.000000,0.000000,0.000000
920.708,-0.935496,-0.136114,-0.904604,-0.062950,0.000000,0.000070,0.000000,0.000000,-23.000000,93.700000,78.900000,138.400000,-0.935573,-0.136111,-0.904732,-0.062951,0.000000,0.000000,0.000000,0.000000
920.718,-0.935496,-0.136114,-0.904604,-0.062950,0.000000,0.000070,0.000000,0.000000,-23.000000,93.700000,78.900000,138.400000,-0.935573,-0.136111,-0.904732,-0.062951,0.000000,0.000000,0.000000,0.000000
921.188,-0.883835,-0.134079,-0.927293,-0.061929,0.000000,-0.000020,0.001745,0.000000,-9.000000,58.600000,4.400000,83.200000,-0.883985,-0.134080,-0.927423,-0.061929,0.000000,0.000000,0.000000,0.000000
921.198,-0.883835,-0.134079,-0.927293,-0.061929,0.000000,-0.000020,0.001745,0.000000,-9.000000,58.600000,4.400000,83.200000,-0.883985,-0.134080,-0.927423,-0.061929,0.000000,0.000000,0.000000,0.000000
921.208,-0.883835,-0.134079,-0.927293,-0.061929,0.000000,-0.000020,0.001745,0.000000,-9.000000,58.600000,4.400000,83.200000,-0.883985,-0.134080,-0.927423,-0.061929,0.000000,0.000000,0.000000,0.000000
921.218,-0.883835,-0.134079,-0.927293,-0.061929,0.000000,-0.000020,0.001745,0.000000,-9.000000,58.600000,4.400000,83.200000,-0.883985,-0.134080,-0.927423,-0.061929,0.000000,0.000000,0.000000,0.000000
921.687,-0.829904,-0.132074,-0.949459,-0.060902,0.000000,0.000010,0.001745,0.000000,-11.700000,46.600000,100.900000,123.100000,-0.892270,-0.130043,-0.929398,-0.059944,0.000000,0.000000,0.000000,0.000000
921.698,-0.829904,-0.132074,-0.949459,-0.060902,0.000000,0.000010,0.001745,0.000000,-11.700000,46.600000,100.900000,123.100000,-0.892270,-0.130043,-0.929398,-0.059944,0.000000,0.000000,0.000000,0.000000
921.708,-0.829904,-0.132074,-0.949459,-0.060902,0.000000,0.000010,0.001745,0.000000,-11.700000,46.600000,100.900000,123.100000,-0.892270,-0.130043,-0.929398,-0.059944,0.000000,0.000000,0.000000,0.000000
921.718,-0.829904,-0.132074,-0.949459,-0.060902,0.000000,0.000010,0.001745,0.000000,-11.700000,46.600000,100.900000,123.100000,-0.892270,-0.130043,-0.929398,-0.059944,0.000000,0.000000,0.000000,0.000000
922.288,-0.892212,-0.130043,-0.929213,-0.059944,0.019199,-0.000070,0.000000,0.000000,-16.700000,35.400000,-36.000000,99.500000,-0.892270,-0.130043,-0.929398,-0.059944,0.000000,0.000000,0.000000,0.000000
922.298,-0.892212,-0.130043,-0.929213,-0.059944,0.019199,-0.000070,0.000000,0.000000,-16.700000,35.400000,-36.000000,99.500000,-0.892270,-0.130043,-0.929398,-0.059944,0.000000,0.000000,0.000000,0.000000
922.308,-0.892212,-0.130043,-0.929213,-0.059944,0.019199,-0.000070,0.000000,0.000000,-16.700000,35.400000,-36.000000,99.500000,-0.892270,-0.130043,-0.929398,-0.059944,0.000000,0.000000,0.000000,0.000000
922.318,-0.892212,-0.130043,-0.929213,-0.059944,0.019199,-0.000070,0.000000,0.000000,-16.700000,35.400000,-36.000000,99.500000,-0.892270,-0.130043,-0.929398,-0.059944,0.000000,0.000000,0.000000,0.000000
922.788,-0.958186,-0.127968,-0.910189,-0.058969,0.000000,0.000020,0.000000,0.000000,-19.400000,66.100000,-94.700000,98.500000,-0.958323,-0.127969,-0.910360,-0.058969,0.000000,0.000000,0.000000,0.000000
922.798,-0.958186,-0.127968,-0.910189,-0.058969,0.000000,0.000020,0.000000,0.000000,-19.400000,66.100000,-94.700000,98.500000,-0.958323,-0.127969,-0.910360,-0.058969,0.000000,0.000000,0.000000,0.000000
922.808,-0.958186,-0.127968,-0.910189,-0.058969,0.000000,0.000020,0.000000,0.000000,-19.400000,66.100000,-94.700000,98.500000,-0.958323,-0.127969,-0.910360,-0.058969,0.000000,0.000000,0.000000,0.000000
922.818,-0.958186,-0.127968,-0.910189,-0.058969,0.000000,0.000020,0.000000,0.000000,-19.400000,66.100000,-94.700000,98.500000,-0.958323,-0.127969,-0.910360,-0.058969,0.000000,0.000000,0.000000,0.000000
923.288,-1.019970,-0.125927,-0.886453,-0.057999,0.000000,0.000000,0.000000,0.000000,-21.300000,71.100000,60.200000,99.300000,-0.982440,-0.123863,-0.944077,-0.057540,0.000000,0.000000,0.000000,0.000000
923.298,-1.019970,-0.125927,-0.886453,-0.057999,0.000000,0.000000,0.000000,0.000000,-21.300000,71.100000,60.200000,99.300000,-0.982440,-0.123863,-0.944077,-0.057540,0.000000,0.000000,0.000000,0.000000
923.308,-1.019970,-0.125927,-0.886453,-0.057999,0.000000,0.000000,0.000000,0.000000,-21.300000,71.100000,60.200000,99.300000,-0.982440,-0.123863,-0.944077,-0.057540,0.000000,0.000000,0.000000,0.000000
923.318,-1.019970,-0.125927,-0.886453,-0.057999,0.000000,0.000000,0.000000,0.000000,-21.300000,71.100000,60.200000,99.300000,-0.982440,-0.123863,-0.944077,-0.057540,0.000000,0.000000,0.000000,0.000000
923.787,-0.982271,-0.123862,-0.944049,-0.057539,-0.005236,-0.000070,0.000000,0.000000,-11.100000,43.400000,-55.300000,102.600000,-0.982440,-0.123863,-0.944077,-0.057540,0.000000,0.000000,0.000000,0.000000
923.798,-0.982271,-0.123862,-0.944049,-0.057539,-0.005236,-0.000070,0.000000,0.000000,-11.100000,43.400000,-55.300000,102.600000,-0.982440,-0.123863,-0.944077,-0.057540,0.000000,0.000000,0.000000,0.000000
923.808,-0.982271,-0.123862,-0.944049,-0.057539,-0.005236,-0.000070,0.000000,0.000000,-11.100000,43.400000,-55.300000,102.600000,-0.982440,-0.123863,-0.944077,-0.057540,0.000000,0.000000,0.000000,0.000000
923.818,-0.982271,-0.123862,-0.944049,-0.057539,-0.005236,-0.000070,0.000000,0.000000,-11.100000,43.400000,-55.300000,102.600000,-0.982440,-0.123863,-0.944077,-0.057540,0.000000,0.000000,0.000000,0.000000
924.288,-0.904779,-0.121826,-0.978257,-0.056449,0.000000,0.000000,0.000000,0.000000,-4.600000,50.200000,-59.200000,102.400000,-0.904786,-0.121826,-0.978194,-0.056449,0.000000,0.000000,0.000000,0.000000
924.298,-0.904779,-0.121826,-0.978257,-0.056449,0.000000,0.000000,0.000000,0.000000,-4.600000,50.200000,-59.200000,102.400000,-0.904786,-0.121826,-0.978194,-0.056449,0.000000,0.000000,0.000000,0.000000
924.308,-0.904779,-0.121826,-0.978257,-0.056449,0.000000,0.000000,0.000000,0.000000,-4.600000,50.200000,-59.200000,102.400000,-0.904786,-0.121826,-0.978194,-0.056449,0.000000,0.000000,0.000000,0.000000
924.318,-0.904779,-0.121826,-0.978257,-0.056449,0.000000,0.000000,0.000000,0.000000,-4.600000,50.200000,-59.200000,102.400000,-0.904786,-0.121826,-0.978194,-0.056449,0.000000,0.000000,0.000000,0.000000
924.788,-0.976861,-0.119797,-0.936369,-0.055590,0.000000,-0.000010,-0.003491,0.000000,-21.200000,33.500000,-62.300000,118.300000,-0.977061,-0.119797,-0.936688,-0.055590,0.000000,0.000000,0.000000,0.000000
924.798,-0.976861,-0.119797,-0.936369,-0.055590,0.000000,-0.000010,-0.003491,0.000000,-21.200000,33.500000,-62.300000,118.300000,-0.977061,-0.119797,-0.936688,-0.055590,0.000000,0.000000,0.000000,0.000000
924.808,-0.976861,-0.119797,-0.936369,-0.055590,0.000000,-0.000010,-0.003491,0.000000,-21.200000,33.500000,-62.300000,118.300000,-0.977061,-0.119797,-0.936688,-0.055590,0.000000,0.000000,0.000000,0.000000
924.818,-0.976861,-0.119797,-0.936369,-0.055590,0.000000,-0.000010,-0.003491,0.000000,-21.200000,33.500000,-62.300000,118.300000,-0.977061,-0.119797,-0.936688,-0.055590,0.000000,0.000000,0.000000,0.000000
925.287,-0.931831,-0.117777,-0.992045,-0.055172,0.000000,0.000030,0.000000,0.000000,-4.700000,89.500000,-25.400000,81.400000,-0.931783,-0.117777,-0.991885,-0.055173,0.000000,0.000000,0.000000,0.000000
925.298,-0.931831,-0.117777,-0.992045,-0.055172,0.000000,0.000030,0.000000,0.000000,-4.700000,89.500000,-25.400000,81.400000,-0.931783,-0.117777,-0.991885,-0.055173,0.000000,0.000000,0.000000,0.000000
925.308,-0.931831,-0.117777,-0.992045,-0.055172,0.000000,0.000030,0.000000,0.000000,-4.700000,89.500000,-25.400000,81.400000,-0.931783,-0.117777,-0.991885,-0.055173,0.000000,0.000000,0.000000,0.000000
925.318,-0.931831,-0.117777,-0.992045,-0.055172,0.000000,0.000030,0.000000,0.000000,-4.700000,89.500000,-25.400000,81.400000,-0.931783,-0.117777,-0.991885,-0.055173,0.000000,0.000000,0.000000,0.000000
925.787,-0.848754,-0.115755,-1.019970,-0.054065,0.000000,0.000000,0.000000,0.000000,-5.400000,66.400000,66.100000,108.400000,-0.848756,-0.115756,-1.019810,-0.054066,0.000000,0.000000,0.000000,0.000000
925.798,-0.848754,-0.115755,-1.019970,-0.054065,0.000000,0.000000,0.000000,0.000000,-5.400000,66.400000,66.100000,108.400000,-0.848756,-0.115756,-1.019810,-0.054066,0.000000,0.000000,0.000000,0.000000
925.808,-0.848754,-0.115755,-1.019970,-0.054065,0.000000,0.000000,0.000000,0.000000,-5.400000,66.400000,66.100000,108.400000,-0.848756,-0.115756,-1.019810,-0.054066,0.000000,0.000000,0.000000,0.000000
925.818,-0.848754,-0.115755,-1.019970,-0.054065,0.000000,0.000000,0.000000,0.000000,-5.400000,66.400000,66.100000,108.400000,-0.848756,-0.115756,-1.019810,-0.054066,0.000000,0.000000,0.000000,0.000000
926.288,-0.810182,-0.113717,-1.083675,-0.053676,0.019199,0.000000,0.000000,0.000000,-9.500000,72.000000,48.900000,114.500000,-0.810474,-0.113716,-1.083552,-0.053676,0.000000,0.000000,0.000000,0.000000
926.298,-0.810182,-0.113717,-1.083675,-0.053676,0.019199,0.000000,0.000000,0.000000,-9.500000,72.000000,48.900000,114.500000,-0.810474,-0.113716,-1.083552,-0.053676,0.000000,0.000000,0.000000,0.000000
926.308,-0.810182,-0.113717,-1.083675,-0.053676,0.019199,0.000000,0.000000,0.000000,-9.500000,72.000000,48.900000,114.500000,-0.810474,-0.113716,-1.083552,-0.053676,0.000000,0.000000,0.000000,0.000000
926.318,-0.810182,-0.113717,-1.083675,-0.053676,0.019199,0.000000,0.000000,0.000000,-9.500000,72.000000,48.900000,114.500000,-0.810474,-0.113716,-1.083552,-0.053676,0.000000,0.000000,0.000000,0.000000
926.788,-0.770563,-0.111741,-1.145460,-0.053328,0.000000,0.000010,0.000000,0.000000,-4.700000,52.200000,-61.900000,68.100000,-0.770474,-0.111740,-1.145449,-0.053329,0.000000,0.000000,0.000000,0.000000
926.798,-0.770563,-0.111741,-1.145460,-0.053328,0.000000,0.000010,0.000000,0.000000,-4.700000,52.200000,-61.900000,68.100000,-0.770474,-0.111740,-1.145449,-0.053329,0.000000,0.000000,0.000000,0.000000
926.808,-0.770563,-0.111741,-1.145460,-0.053328,0.000000,0.000010,0.000000,0.000000,-4.700000,52.200000,-61.900000,68.100000,-0.770474,-0.111740,-1.145449,-0.053329,0.000000,0.000000,0.000000,0.000000
926.818,-0.770563,-0.111741,-1.145460,-0.053328,0.000000,0.000010,0.000000,0.000000,-4.700000,52.200000,-61.900000,68.100000,-0.770474,-0.111740,-1.145449,-0.053329,0.000000,0.000000,0.000000,0.000000
927.187,-0.716458,-0.109754,-1.198343,-0.052892,0.000000,0.000130,0.000000,0.000000,-4.800000,31.300000,-111.100000,124.200000,-0.622197,-0.107782,-1.219722,-0.051629,0.000000,0.000000,0.000000,0.000000
927.198,-0.716458,-0.109754,-1.198343,-0.052892,0.000000,0.000130,0.000000,0.000000,-4.800000,31.300000,-111.100000,124.200000,-0.622197,-0.107782,-1.219722,-0.051629,0.000000,0.000000,0.000000,0.000000
927.208,-0.716458,-0.109754,-1.198343,-0.052892,0.000000,0.000130,0.000000,0.000000,-4.800000,31.300000,-111.100000,124.200000,-0.622197,-0.107782,-1.219722,-0.051629,0.000000,0.000000,0.000000,0.000000
927.218,-0.716458,-0.109754,-1.198343,-0.052892,0.000000,0.000130,0.000000,0.000000,-4.800000,31.300000,-111.100000,124.200000,-0.622197,-0.107782,-1.219722,-0.051629,0.000000,0.000000,0.000000,0.000000
927.587,-0.622035,-0.107786,-1.219811,-0.051629,0.000000,0.000000,0.000000,0.000010,-4.000000,80.100000,-32.100000,177.300000,-0.622197,-0.107782,-1.219722,-0.051629,0.000000,0.000000,0.000000,0.000000
927.597,-0.622035,-0.107786,-1.219811,-0.051629,0.000000,0.000000,0.000000,0.000010,-4.000000,80.100000,-32.100000,177.300000,-0.622197,-0.107782,-1.219722,-0.051629,0.000000,0.000000,0.000000,0.000000
927.608,-0.622035,-0.107786,-1.219811,-0.051629,0.000000,0.000000,0.000000,0.000010,-4.000000,80.100000,-32.100000,177.300000,-0.622197,-0.107782,-1.219722,-0.051629,0.000000,0.000000,0.000000,0.000000
927.618,-0.622035,-0.107786,-1.219811,-0.051629,0.000000,0.000000,0.000000,0.000010,-4.000000,80.100000,-32.100000,177.300000,-0.622197,-0.107782,-1.219722,-0.051629,0.000000,0.000000,0.000000,0.000000
927.988,-0.582940,-0.105774,-1.277756,-0.051331,0.013963,0.000160,0.000000,0.000000,-14.800000,73.800000,-78.800000,134.100000,-0.504503,-0.103818,-1.294760,-0.050408,0.000000,0.000000,0.000000,0.000000
927.998,-0.582940,-0.105774,-1.277756,-0.051331,0.013963,0.000160,0.000000,0.000000,-14.800000,73.800000,-78.800000,134.100000,-0.504503,-0.103818,-1.294760,-0.050408,0.000000,0.000000,0.000000,0.000000
928.008,-0.582940,-0.105774,-1.277756,-0.051331,0.013963,0.000160,0.000000,0.000000,-14.800000,73.800000,-78.800000,134.100000,-0.504503,-0.103818,-1.294760,-0.050408,0.000000,0.000000,0.000000,0.000000
928.018,-0.582940,-0.105774,-1.277756,-0.051331,0.013963,0.000160,0.000000,0.000000,-14.800000,73.800000,-78.800000,134.100000,-0.504503,-0.103818,-1.294760,-0.050408,0.000000,0.000000,0.000000,0.000000
928.387,-0.504400,-0.103820,-1.294860,-0.050407,0.000000,0.000180,0.000000,0.000000,-6.000000,51.700000,-14.100000,136.200000,-0.504503,-0.103818,-1.294760,-0.050408,0.000000,0.000000,0.000000,0.000000
928.397,-0.504400,-0.103820,-1.294860,-0.050407,0.000000,0.000180,0.000000,0.000000,-6.000000,51.700000,-14.100000,136.200000,-0.504503,-0.103818,-1.294760,-0.050408,0.000000,0.000000,0.000000,0.000000
928.407,-0.504400,-0.103820,-1.294860,-0.050407,0.000000,0.000180,0.000000,0.000000,-6.000000,51.700000,-14.100000,136.200000,-0.504503,-0.103818,-1.294760,-0.050408,0.000000,0.000000,0.000000,0.000000
928.418,-0.504400,-0.103820,-1.294860,-0.050407,0.000000,0.000180,0.000000,0.000000,-6.000000,51.700000,-14.100000,136.200000,-0.504503,-0.103818,-1.294760,-0.050408,0.000000,0.000000,0.000000,0.000000
928.888,-0.416959,-0.101939,-1.311091,-0.049313,0.000000,0.000000,0.000000,0.000000,-8.900000,28.600000,-86.900000,107.300000,-0.416974,-0.101940,-1.310951,-0.049313,0.000000,0.000000,0.000000,0.000000
928.898,-0.416959,-0.101939,-1.311091,-0.049313,0.000000,0.000000,0.000000,0.000000,-8.900000,28.600000,-86.900000,107.300000,-0.416974,-0.101940,-1.310951,-0.049313,0.000000,0.000000,0.000000,0.000000
928.908,-0.416959,-0.101939,-1.311091,-0.049313,0.000000,0.000000,0.000000,0.000000,-8.900000,28.600000,-86.900000,107.300000,-0.416974,-0.101940,-1.310951,-0.049313,0.000000,0.000000,0.000000,0.000000
928.918,-0.416959,-0.101939,-1.311091,-0.049313,0.000000,0.000000,0.000000,0.000000,-8.900000,28.600000,-86.900000,107.300000,-0.416974,-0.101940,-1.310951,-0.049313,0.000000,0.000000,0.000000,0.000000
929.388,-0.309447,-0.099922,-1.323483,-0.047910,-0.001745,0.000000,0.000000,0.000000,-3.500000,48.400000,24.400000,97.500000,-0.309584,-0.099923,-1.323361,-0.047911,0.000000,0.000000,0.000000,0.000000
929.398,-0.309447,-0.099922,-1.323483,-0.047910,-0.001745,0.000000,0.000000,0.000000,-3.500000,48.400000,24.400000,97.500000,-0.309584,-0.099923,-1.323361,-0.047911,0.000000,0.000000,0.000000,0.000000
929.408,-0.309447,-0.099922,-1.323483,-0.047910,-0.001745,0.000000,0.000000,0.000000,-3.500000,48.400000,24.400000,97.500000,-0.309584,-0.099923,-1.323361,-0.047911,0.000000,0.000000,0.000000,0.000000
929.418,-0.309447,-0.099922,-1.323483,-0.047910,-0.001745,0.000000,0.000000,0.000000,-3.500000,48.400000,24.400000,97.500000,-0.309584,-0.099923,-1.323361,-0.047911,0.000000,0.000000,0.000000,0.000000
929.887,-0.196524,-0.097949,-1.341111,-0.046499,-0.005236,0.000010,0.000000,0.000000,-5.600000,67.200000,-49.800000,109.700000,-0.196578,-0.097948,-1.341171,-0.046500,0.000000,0.000000,0.000000,0.000000
929.898,-0.196524,-0.097949,-1.341111,-0.046499,-0.005236,0.000010,0.000000,0.000000,-5.600000,67.200000,-49.800000,109.700000,-0.196578,-0.097948,-1.341171,-0.046500,0.000000,0.000000,0.000000,0.000000
929.908,-0.196524,-0.097949,-1.341111,-0.046499,-0.005236,0.000010,0.000000,0.000000,-5.600000,67.200000,-49.800000,109.700000,-0.196578,-0.097948,-1.341171,-0.046500,0.000000,0.000000,0.000000,0.000000
929.918,-0.196524,-0.097949,-1.341111,-0.046499,-0.005236,0.000010,0.000000,0.000000,-5.600000,67.200000,-49.800000,109.700000,-0.196578,-0.097948,-1.341171,-0.046500,0.000000,0.000000,0.000000,0.000000
930.287,-0.087616,-0.095972,-1.360135,-0.045107,0.000000,0.000080,0.000000,0.000010,0.000000,84.400000,-70.200000,127.700000,0.027339,-0.093969,-1.385856,-0.043728,0.000000,0.000000,0.000000,0.000000
930.298,-0.087616,-0.095972,-1.360135,-0.045107,0.000000,0.000080,0.000000,0.000010,0.000000,84.400000,-70.200000,127.700000,0.027339,-0.093969,-1.385856,-0.043728,0.000000,0.000000,0.000000,0.000000
930.308,-0.087616,-0.095972,-1.360135,-0.045107,0.000000,0.000080,0.000000,0.000010,0.000000,84.400000,-70.200000,127.700000,0.027339,-0.093969,-1.385856,-0.043728,0.000000,0.000000,0.000000,0.000000
930.318,-0.087616,-0.095972,-1.360135,-0.045107,0.000000,0.000080,0.000000,0.000010,0.000000,84.400000,-70.200000,127.700000,0.027339,-0.093969,-1.385856,-0.043728,0.000000,0.000000,0.000000,0.000000
930.687,0.027227,-0.093973,-1.385966,-0.043727,0.000000,0.000000,0.000000,0.000020,-1.900000,54.500000,-61.600000,130.900000,0.154938,-0.091987,-1.404473,-0.042330,0.000000,0.000000,0.000000,0.000000
930.697,0.027227,-0.093973,-1.385966,-0.043727,0.000000,0.000000,0.000000,0.000020,-1.900000,54.500000,-61.600000,130.900000,0.154938,-0.091987,-1.404473,-0.042330,0.000000,0.000000,0.000000,0.000000
930.708,0.027227,-0.093973,-1.385966,-0.043727,0.000000,0.000000,0.000000,0.000020,-1.900000,54.500000,-61.600000,130.900000,0.154938,-0.091987,-1.404473,-0.042330,0.000000,0.000000,0.000000,0.000000
930.718,0.027227,-0.093973,-1.385966,-0.043727,0.000000,0.000000,0.000000,0.000020,-1.900000,54.500000,-61.600000,130.900000,0.154938,-0.091987,-1.404473,-0.042330,0.000000,0.000000,0.000000,0.000000
931.087,0.154811,-0.091990,-1.404641,-0.042331,0.000000,0.000210,0.000000,0.000010,-7.400000,44.000000,-80.000000,139.900000,0.154938,-0.091987,-1.404473,-0.042330,0.000000,0.000000,0.000000,0.000000
931.097,0.154811,-0.091990,-1.404641,-0.042331,0.000000,0.000210,0.000000,0.000010,-7.400000,44.000000,-80.000000,139.900000,0.154938,-0.091987,-1.404473,-0.042330,0.000000,0.000000,0.000000,0.000000
931.108,0.154811,-0.091990,-1.404641,-0.042331,0.000000,0.000210,0.000000,0.000010,-7.400000,44.000000,-80.000000,139.900000,0.154938,-0.091987,-1.404473,-0.042330,0.000000,0.000000,0.000000,0.000000
931.118,0.154811,-0.091990,-1.404641,-0.042331,0.000000,0.000210,0.000000,0.000010,-7.400000,44.000000,-80.000000,139.900000,0.154938,-0.091987,-1.404473,-0.042330,0.000000,0.000000,0.000000,0.000000
931.588,0.275762,-0.090017,-1.420873,-0.040903,0.000000,-0.000050,0.000000,0.000000,-6.500000,44.700000,-6.000000,120.600000,0.275886,-0.090017,-1.420774,-0.040903,0.000000,0.000000,0.000000,0.000000
931.598,0.275762,-0.090017,-1.420873,-0.040903,0.000000,-0.000050,0.000000,0.000000,-6.500000,44.700000,-6.000000,120.600000,0.275886,-0.090017,-1.420774,-0.040903,0.000000,0.000000,0.000000,0.000000
931.608,0.275762,-0.090017,-1.420873,-0.040903,0.000000,-0.000050,0.000000,0.000000,-6.500000,44.700000,-6.000000,120.600000,0.275886,-0.090017,-1.420774,-0.040903,0.000000,0.000000,0.000000,0.000000
931.618,0.275762,-0.090017,-1.420873,-0.040903,0.000000,-0.000050,0.000000,0.000000,-6.500000,44.700000,-6.000000,120.600000,0.275886,-0.090017,-1.420774,-0.040903,0.000000,0.000000,0.000000,0.000000
932.087,0.396015,-0.088024,-1.446529,-0.039467,0.008727,0.000030,0.000000,0.000000,-7.100000,69.900000,-31.100000,112.600000,0.396149,-0.088025,-1.446519,-0.039467,0.000000,0.000000,0.000000,0.000000
932.097,0.396015,-0.088024,-1.446529,-0.039467,0.008727,0.000030,0.000000,0.000000,-7.100000,69.900000,-31.100000,112.600000,0.396149,-0.088025,-1.446519,-0.039467,0.000000,0.000000,0.000000,0.000000
932.108,0.396015,-0.088024,-1.446529,-0.039467,0.008727,0.000030,0.000000,0.000000,-7.100000,69.900000,-31.100000,112.600000,0.396149,-0.088025,-1.446519,-0.039467,0.000000,0.000000,0.000000,0.000000
932.118,0.396015,-0.088024,-1.446529,-0.039467,0.008727,0.000030,0.000000,0.000000,-7.100000,69.900000,-31.100000,112.600000,0.396149,-0.088025,-1.446519,-0.039467,0.000000,0.000000,0.000000,0.000000
932.587,0.525170,-0.086024,-1.474105,-0.037996,-0.001745,0.000080,0.000000,0.000000,-3.400000,104.200000,17.900000,95.200000,0.525352,-0.086024,-1.474057,-0.037996,0.000000,0.000000,0.000000,0.000000
932.598,0.525170,-0.086024,-1.474105,-0.037996,-0.001745,0.000080,0.000000,0.000000,-3.400000,104.200000,17.900000,95.200000,0.525352,-0.086024,-1.474057,-0.037996,0.000000,0.000000,0.000000,0.000000
932.608,0.525170,-0.086024,-1.474105,-0.037996,-0.001745,0.000080,0.000000,0.000000,-3.400000,104.200000,17.900000,95.200000,0.525352,-0.086024,-1.474057,-0.037996,0.000000,0.000000,0.000000,0.000000
932.618,0.525170,-0.086024,-1.474105,-0.037996,-0.001745,0.000080,0.000000,0.000000,-3.400000,104.200000,17.900000,95.200000,0.525352,-0.086024,-1.474057,-0.037996,0.000000,0.000000,0.000000,0.000000
933.087,0.635998,-0.084039,-1.497318,-0.036571,0.000000,0.000000,0.000000,0.000000,-3.900000,72.600000,-18.500000,102.800000,0.634345,-0.082007,-1.548608,-0.037118,0.000000,0.000000,0.000000,0.000000
933.098,0.635998,-0.084039,-1.497318,-0.036571,0.000000,0.000000,0.000000,0.000000,-3.900000,72.600000,-18.500000,102.800000,0.634345,-0.082007,-1.548608,-0.037118,0.000000,0.000000,0.000000,0.000000
933.108,0.635998,-0.084039,-1.497318,-0.036571,0.000000,0.000000,0.000000,0.000000,-3.900000,72.600000,-18.500000,102.800000,0.634345,-0.082007,-1.548608,-0.037118,0.000000,0.000000,0.000000,0.000000
933.118,0.635998,-0.084039,-1.497318,-0.036571,0.000000,0.000000,0.000000,0.000000,-3.900000,72.600000,-18.500000,102.800000,0.634345,-0.082007,-1.548608,-0.037118,0.000000,0.000000,0.000000,0.000000
933.490,0.634078,-0.082010,-1.548456,-0.037116,0.000000,0.000090,0.000000,0.000000,-12.700000,63.700000,-114.100000,25.300000,0.634345,-0.082007,-1.548608,-0.037118,0.000000,0.000000,0.000000,0.000000
933.500,0.634078,-0.082010,-1.548456,-0.037116,0.000000,0.000090,0.000000,0.000000,-12.700000,63.700000,-114.100000,25.300000,0.634345,-0.082007,-1.548608,-0.037118,0.000000,0.000000,0.000000,0.000000
933.510,0.634078,-0.082010,-1.548456,-0.037116,0.000000,0.000090,0.000000,0.000000,-12.700000,63.700000,-114.100000,25.300000,0.634345,-0.082007,-1.548608,-0.037118,0.000000,0.000000,0.000000,0.000000
933.520,0.634078,-0.082010,-1.548456,-0.037116,0.000000,0.000090,0.000000,0.000000,-12.700000,63.700000,-114.100000,25.300000,0.634345,-0.082007,-1.548608,-0.037118,0.000000,0.000000,0.000000,0.000000
933.888,0.661829,-0.080115,-1.616524,-0.037325,0.000000,0.000140,0.000000,0.000000,-7.800000,60.800000,-142.600000,21.700000,0.661962,-0.080112,-1.616476,-0.037326,0.000000,0.000000,0.000000,0.000000
933.898,0.661829,-0.080115,-1.616524,-0.037325,0.000000,0.000140,0.000000,0.000000,-7.800000,60.800000,-142.600000,21.700000,0.661962,-0.080112,-1.616476,-0.037326,0.000000,0.000000,0.000000,0.000000
933.908,0.661829,-0.080115,-1.616524,-0.037325,0.000000,0.000140,0.000000,0.000000,-7.800000,60.800000,-142.600000,21.700000,0.661962,-0.080112,-1.616476,-0.037326,0.000000,0.000000,0.000000,0.000000
933.918,0.661829,-0.080115,-1.616524,-0.037325,0.000000,0.000140,0.000000,0.000000,-7.800000,60.800000,-142.600000,21.700000,0.661962,-0.080112,-1.616476,-0.037326,0.000000,0.000000,0.000000,0.000000
934.292,0.692372,-0.079398,-1.678483,-0.038704,-0.001745,0.000020,0.000000,0.000000,-12.800000,47.000000,-71.300000,-29.800000,0.674711,-0.079479,-1.653047,-0.039890,0.000000,0.000000,0.000000,0.000000
934.302,0.692372,-0.079398,-1.678483,-0.038704,-0.001745,0.000020,0.000000,0.000000,-12.800000,47.000000,-71.300000,-29.800000,0.674711,-0.079479,-1.653047,-0.039890,0.000000,0.000000,0.000000,0.000000
934.314,0.692372,-0.079398,-1.678483,-0.038704,-0.001745,0.000020,0.000000,0.000000,-12.800000,47.000000,-71.300000,-29.800000,0.674711,-0.079479,-1.653047,-0.039890,0.000000,0.000000,0.000000,0.000000
934.324,0.692372,-0.079398,-1.678483,-0.038704,-0.001745,0.000020,0.000000,0.000000,-12.800000,47.000000,-71.300000,-29.800000,0.674711,-0.079479,-1.653047,-0.039890,0.000000,0.000000,0.000000,0.000000
954.088,2.547657,-0.154707,2.547657,-0.071903,0.000000,-0.000020,0.000000,0.000000,-7.300000,15.100000,77.000000,25.300000,2.547666,-0.154707,2.547666,-0.071903,0.000000,0.000000,0.000000,0.000000
954.098,2.547657,-0.154707,2.547657,-0.071903,0.000000,-0.000020,0.000000,0.000000,-7.300000,15.100000,77.000000,25.300000,2.547666,-0.154707,2.547666,-0.071903,0.000000,0.000000,0.000000,0.000000
954.108,2.547657,-0.154707,2.547657,-0.071903,0.000000,-0.000020,0.000000,0.000000,-7.300000,15.100000,77.000000,25.300000,2.547666,-0.154707,2.547666,-0.071903,0.000000,0.000000,0.000000,0.000000
954.118,2.547657,-0.154707,2.547657,-0.071903,0.000000,-0.000020,0.000000,0.000000,-7.300000,15.100000,77.000000,25.300000,2.547666,-0.154707,2.547666,-0.071903,0.000000,0.000000,0.000000,0.000000
954.587,2.504547,-0.152557,2.570346,-0.070944,0.001745,0.000050,0.000000,0.000000,-10.600000,53.500000,134.000000,118.300000,2.457138,-0.150479,2.593211,-0.069957,0.000000,0.000000,0.000000,0.000000
954.597,2.504547,-0.152557,2.570346,-0.070944,0.001745,0.000050,0.000000,0.000000,-10.600000,53.500000,134.000000,118.300000,2.457138,-0.150479,2.593211,-0.069957,0.000000,0.000000,0.000000,0.000000
954.608,2.504547,-0.152557,2.570346,-0.070944,0.001745,0.000050,0.000000,0.000000,-10.600000,53.500000,134.000000,118.300000,2.457138,-0.150479,2.593211,-0.069957,0.000000,0.000000,0.000000,0.000000
954.618,2.504547,-0.152557,2.570346,-0.070944,0.001745,0.000050,0.000000,0.000000,-10.600000,53.500000,134.000000,118.300000,2.457138,-0.150479,2.593211,-0.069957,0.000000,0.000000,0.000000,0.000000
955.087,2.457249,-0.150478,2.593385,-0.069957,-0.012217,0.000000,0.000000,0.000000,-13.000000,50.400000,24.100000,115.500000,2.457138,-0.150479,2.593211,-0.069957,0.000000,0.000000,0.000000,0.000000
955.098,2.457249,-0.150478,2.593385,-0.069957,-0.012217,0.000000,0.000000,0.000000,-13.000000,50.400000,24.100000,115.500000,2.457138,-0.150479,2.593211,-0.069957,0.000000,0.000000,0.000000,0.000000
955.108,2.457249,-0.150478,2.593385,-0.069957,-0.012217,0.000000,0.000000,0.000000,-13.000000,50.400000,24.100000,115.500000,2.457138,-0.150479,2.593211,-0.069957,0.000000,0.000000,0.000000,0.000000
955.118,2.457249,-0.150478,2.593385,-0.069957,-0.012217,0.000000,0.000000,0.000000,-13.000000,50.400000,24.100000,115.500000,2.457138,-0.150479,2.593211,-0.069957,0.000000,0.000000,0.000000,0.000000
955.588,2.410474,-0.148436,2.617470,-0.069108,0.000000,-0.000010,0.000000,0.000000,-16.400000,54.900000,50.700000,117.100000,2.410604,-0.148436,2.617315,-0.069109,0.000000,0.000000,0.000000,0.000000
955.598,2.410474,-0.148436,2.617470,-0.069108,0.000000,-0.000010,0.000000,0.000000,-16.400000,54.900000,50.700000,117.100000,2.410604,-0.148436,2.617315,-0.069109,0.000000,0.000000,0.000000,0.000000
955.608,2.410474,-0.148436,2.617470,-0.069108,0.000000,-0.000010,0.000000,0.000000,-16.400000,54.900000,50.700000,117.100000,2.410604,-0.148436,2.617315,-0.069109,0.000000,0.000000,0.000000,0.000000
955.618,2.410474,-0.148436,2.617470,-0.069108,0.000000,-0.000010,0.000000,0.000000,-16.400000,54.900000,50.700000,117.100000,2.410604,-0.148436,2.617315,-0.069109,0.000000,0.000000,0.000000,0.000000
959.087,2.367365,-0.146338,2.635796,-0.068133,0.000000,0.000010,0.000000,0.000000,-13.200000,43.900000,39.200000,114.600000,2.324762,-0.144295,2.658420,-0.067186,0.000000,0.000000,0.000000,0.000000
959.097,2.367365,-0.146338,2.635796,-0.068133,0.000000,0.000010,0.000000,0.000000,-13.200000,43.900000,39.200000,114.600000,2.324762,-0.144295,2.658420,-0.067186,0.000000,0.000000,0.000000,0.000000
959.108,2.367365,-0.146338,2.635796,-0.068133,0.000000,0.000010,0.000000,0.000000,-13.200000,43.900000,39.200000,114.600000,2.324762,-0.144295,2.658420,-0.067186,0.000000,0.000000,0.000000,0.000000
959.118,2.367365,-0.146338,2.635796,-0.068133,0.000000,0.000010,0.000000,0.000000,-13.200000,43.900000,39.200000,114.600000,2.324762,-0.144295,2.658420,-0.067186,0.000000,0.000000,0.000000,0.000000
962.588,2.324604,-0.144294,2.658311,-0.067185,-0.001745,0.000000,0.000000,0.000000,-15.000000,39.100000,32.100000,95.200000,2.281905,-0.142250,2.680955,-0.066238,0.000000,0.000000,0.000000,0.000000
962.598,2.324604,-0.144294,2.658311,-0.067185,-0.001745,0.000000,0.000000,0.000000,-15.000000,39.100000,32.100000,95.200000,2.281905,-0.142250,2.680955,-0.066238,0.000000,0.000000,0.000000,0.000000
962.608,2.324604,-0.144294,2.658311,-0.067185,-0.001745,0.000000,0.000000,0.000000,-15.000000,39.100000,32.100000,95.200000,2.281905,-0.142250,2.680955,-0.066238,0.000000,0.000000,0.000000,0.000000
962.618,2.324604,-0.144294,2.658311,-0.067185,-0.001745,0.000000,0.000000,0.000000,-15.000000,39.100000,32.100000,95.200000,2.281905,-0.142250,2.680955,-0.066238,0.000000,0.000000,0.000000,0.000000
963.087,2.281843,-0.142250,2.680826,-0.066238,0.000000,0.000010,0.000000,0.000000,-11.800000,68.600000,158.900000,124.900000,2.235988,-0.140223,2.706662,-0.065417,0.000000,0.000000,0.000000,0.000000
963.097,2.281843,-0.142250,2.680826,-0.066238,0.000000,0.000010,0.000000,0.000000,-11.800000,68.600000,158.900000,124.900000,2.235988,-0.140223,2.706662,-0.065417,0.000000,0.000000,0.000000,0.000000
963.108,2.281843,-0.142250,2.680826,-0.066238,0.000000,0.000010,0.000000,0.000000,-11.800000,68.600000,158.900000,124.900000,2.235988,-0.140223,2.706662,-0.065417,0.000000,0.000000,0.000000,0.000000
963.118,2.281843,-0.142250,2.680826,-0.066238,0.000000,0.000010,0.000000,0.000000,-11.800000,68.600000,158.900000,124.900000,2.235988,-0.140223,2.706662,-0.065417,0.000000,0.000000,0.000000,0.000000
966.688,2.235767,-0.140221,2.706831,-0.065416,0.010472,0.000000,0.000000,0.000000,-16.600000,43.400000,16.900000,94.500000,2.235988,-0.140223,2.706662,-0.065417,0.000000,0.000000,0.000000,0.000000
966.698,2.235767,-0.140221,2.706831,-0.065416,0.010472,0.000000,0.000000,0.000000,-16.600000,43.400000,16.900000,94.500000,2.235988,-0.140223,2.706662,-0.065417,0.000000,0.000000,0.000000,0.000000
966.708,2.235767,-0.140221,2.706831,-0.065416,0.010472,0.000000,0.000000,0.000000,-16.600000,43.400000,16.900000,94.500000,2.235988,-0.140223,2.706662,-0.065417,0.000000,0.000000,0.000000,0.000000
966.718,2.235767,-0.140221,2.706831,-0.065416,0.010472,0.000000,0.000000,0.000000,-16.600000,43.400000,16.900000,94.500000,2.235988,-0.140223,2.706662,-0.065417,0.000000,0.000000,0.000000,0.000000
970.087,2.193704,-0.138206,2.730044,-0.064599,0.022689,0.000000,0.000000,0.000000,-12.900000,35.200000,19.400000,81.300000,2.193594,-0.138206,2.730064,-0.064600,0.000000,0.000000,0.000000,0.000000
970.098,2.193704,-0.138206,2.730044,-0.064599,0.022689,0.000000,0.000000,0.000000,-12.900000,35.200000,19.400000,81.300000,2.193594,-0.138206,2.730064,-0.064600,0.000000,0.000000,0.000000,0.000000
970.108,2.193704,-0.138206,2.730044,-0.064599,0.022689,0.000000,0.000000,0.000000,-12.900000,35.200000,19.400000,81.300000,2.193594,-0.138206,2.730064,-0.064600,0.000000,0.000000,0.000000,0.000000
970.118,2.193704,-0.138206,2.730044,-0.064599,0.022689,0.000000,0.000000,0.000000,-12.900000,35.200000,19.400000,81.300000,2.193594,-0.138206,2.730064,-0.064600,0.000000,0.000000,0.000000,0.000000
970.988,2.151118,-0.136189,2.753257,-0.063782,0.001745,0.000020,0.000000,0.000000,-17.500000,41.600000,105.200000,113.200000,2.151201,-0.136190,2.753466,-0.063783,0.000000,0.000000,0.000000,0.000000
970.998,2.151118,-0.136189,2.753257,-0.063782,0.001745,0.000020,0.000000,0.000000,-17.500000,41.600000,105.200000,113.200000,2.151201,-0.136190,2.753466,-0.063783,0.000000,0.000000,0.000000,0.000000
971.008,2.151118,-0.136189,2.753257,-0.063782,0.001745,0.000020,0.000000,0.000000,-17.500000,41.600000,105.200000,113.200000,2.151201,-0.136190,2.753466,-0.063783,0.000000,0.000000,0.000000,0.000000
971.018,2.151118,-0.136189,2.753257,-0.063782,0.001745,0.000020,0.000000,0.000000,-17.500000,41.600000,105.200000,113.200000,2.151201,-0.136190,2.753466,-0.063783,0.000000,0.000000,0.000000,0.000000
974.488,2.107136,-0.134090,2.774026,-0.063021,0.000000,0.000000,0.000000,0.000000,-15.900000,27.600000,49.300000,100.300000,2.107299,-0.134090,2.774130,-0.063022,0.000000,0.000000,0.000000,0.000000
974.498,2.107136,-0.134090,2.774026,-0.063021,0.000000,0.000000,0.000000,0.000000,-15.900000,27.600000,49.300000,100.300000,2.107299,-0.134090,2.774130,-0.063022,0.000000,0.000000,0.000000,0.000000
974.508,2.107136,-0.134090,2.774026,-0.063021,0.000000,0.000000,0.000000,0.000000,-15.900000,27.600000,49.300000,100.300000,2.107299,-0.134090,2.774130,-0.063022,0.000000,0.000000,0.000000,0.000000
974.518,2.107136,-0.134090,2.774026,-0.063021,0.000000,0.000000,0.000000,0.000000,-15.900000,27.600000,49.300000,100.300000,2.107299,-0.134090,2.774130,-0.063022,0.000000,0.000000,0.000000,0.000000
974.888,2.065423,-0.132076,2.798635,-0.062284,0.027925,0.000240,0.000000,0.000000,-12.800000,68.800000,116.900000,135.500000,2.065464,-0.132072,2.798518,-0.062284,0.000000,0.000000,0.000000,0.000000
974.898,2.065423,-0.132076,2.798635,-0.062284,0.027925,0.000240,0.000000,0.000000,-12.800000,68.800000,116.900000,135.500000,2.065464,-0.132072,2.798518,-0.062284,0.000000,0.000000,0.000000,0.000000
974.908,2.065423,-0.132076,2.798635,-0.062284,0.027925,0.000240,0.000000,0.000000,-12.800000,68.800000,116.900000,135.500000,2.065464,-0.132072,2.798518,-0.062284,0.000000,0.000000,0.000000,0.000000
974.918,2.065423,-0.132076,2.798635,-0.062284,0.027925,0.000240,0.000000,0.000000,-12.800000,68.800000,116.900000,135.500000,2.065464,-0.132072,2.798518,-0.062284,0.000000,0.000000,0.000000,0.000000
975.387,2.022662,-0.130000,2.821674,-0.061517,0.041888,0.000000,0.000000,0.000000,-13.300000,52.300000,100.300000,113.100000,1.974829,-0.127905,2.842691,-0.060565,0.000000,0.000000,0.000000,0.000000
975.397,2.022662,-0.130000,2.821674,-0.061517,0.041888,0.000000,0.000000,0.000000,-13.300000,52.300000,100.300000,113.100000,1.974829,-0.127905,2.842691,-0.060565,0.000000,0.000000,0.000000,0.000000
975.408,2.022662,-0.130000,2.821674,-0.061517,0.041888,0.000000,0.000000,0.000000,-13.300000,52.300000,100.300000,113.100000,1.974829,-0.127905,2.842691,-0.060565,0.000000,0.000000,0.000000,0.000000
975.418,2.022662,-0.130000,2.821674,-0.061517,0.041888,0.000000,0.000000,0.000000,-13.300000,52.300000,100.300000,113.100000,1.974829,-0.127905,2.842691,-0.060565,0.000000,0.000000,0.000000,0.000000
978.888,1.974666,-0.127904,2.842618,-0.060564,0.003491,0.000000,0.000000,0.000000,-15.400000,29.800000,47.600000,107.400000,1.931158,-0.125874,2.863608,-0.059633,0.000000,0.000000,0.000000,0.000000
978.898,1.974666,-0.127904,2.842618,-0.060564,0.003491,0.000000,0.000000,0.000000,-15.400000,29.800000,47.600000,107.400000,1.931158,-0.125874,2.863608,-0.059633,0.000000,0.000000,0.000000,0.000000
978.908,1.974666,-0.127904,2.842618,-0.060564,0.003491,0.000000,0.000000,0.000000,-15.400000,29.800000,47.600000,107.400000,1.931158,-0.125874,2.863608,-0.059633,0.000000,0.000000,0.000000,0.000000
978.918,1.974666,-0.127904,2.842618,-0.060564,0.003491,0.000000,0.000000,0.000000,-15.400000,29.800000,47.600000,107.400000,1.931158,-0.125874,2.863608,-0.059633,0.000000,0.000000,0.000000,0.000000
979.387,1.931032,-0.125875,2.863736,-0.059633,0.000000,0.000010,0.000000,0.000000,-18.400000,95.100000,158.200000,116.900000,1.888082,-0.123806,2.880973,-0.058553,0.000000,0.000000,0.000000,0.000000
979.397,1.931032,-0.125875,2.863736,-0.059633,0.000000,0.000010,0.000000,0.000000,-18.400000,95.100000,158.200000,116.900000,1.888082,-0.123806,2.880973,-0.058553,0.000000,0.000000,0.000000,0.000000
979.408,1.931032,-0.125875,2.863736,-0.059633,0.000000,0.000010,0.000000,0.000000,-18.400000,95.100000,158.200000,116.900000,1.888082,-0.123806,2.880973,-0.058553,0.000000,0.000000,0.000000,0.000000
979.418,1.931032,-0.125875,2.863736,-0.059633,0.000000,0.000010,0.000000,0.000000,-18.400000,95.100000,158.200000,116.900000,1.888082,-0.123806,2.880973,-0.058553,0.000000,0.000000,0.000000,0.000000
979.888,1.887923,-0.123805,2.881015,-0.058552,0.000000,0.000010,0.000000,0.000000,-13.600000,67.000000,116.400000,100.900000,1.849295,-0.121734,2.904515,-0.057805,0.000000,0.000000,0.000000,0.000000
979.898,1.887923,-0.123805,2.881015,-0.058552,0.000000,0.000010,0.000000,0.000000,-13.600000,67.000000,116.400000,100.900000,1.849295,-0.121734,2.904515,-0.057805,0.000000,0.000000,0.000000,0.000000
979.908,1.887923,-0.123805,2.881015,-0.058552,0.000000,0.000010,0.000000,0.000000,-13.600000,67.000000,116.400000,100.900000,1.849295,-0.121734,2.904515,-0.057805,0.000000,0.000000,0.000000,0.000000
979.918,1.887923,-0.123805,2.881015,-0.058552,0.000000,0.000010,0.000000,0.000000,-13.600000,67.000000,116.400000,100.900000,1.849295,-0.121734,2.904515,-0.057805,0.000000,0.000000,0.000000,0.000000
980.388,1.849351,-0.121734,2.904751,-0.057804,-0.020944,0.000000,0.000000,0.000000,-15.700000,50.000000,128.700000,89.300000,1.849295,-0.121734,2.904515,-0.057805,0.000000,0.000000,0.000000,0.000000
980.398,1.849351,-0.121734,2.904751,-0.057804,-0.020944,0.000000,0.000000,0.000000,-15.700000,50.000000,128.700000,89.300000,1.849295,-0.121734,2.904515,-0.057805,0.000000,0.000000,0.000000,0.000000
980.408,1.849351,-0.121734,2.904751,-0.057804,-0.020944,0.000000,0.000000,0.000000,-15.700000,50.000000,128.700000,89.300000,1.849295,-0.121734,2.904515,-0.057805,0.000000,0.000000,0.000000,0.000000
980.418,1.849351,-0.121734,2.904751,-0.057804,-0.020944,0.000000,0.000000,0.000000,-15.700000,50.000000,128.700000,89.300000,1.849295,-0.121734,2.904515,-0.057805,0.000000,0.000000,0.000000,0.000000
980.888,1.804321,-0.119689,2.926917,-0.056887,0.015708,0.000010,0.000000,0.000000,-12.500000,58.300000,5.300000,98.200000,1.804447,-0.119690,2.926721,-0.056888,0.000000,0.000000,0.000000,0.000000
980.898,1.804321,-0.119689,2.926917,-0.056887,0.015708,0.000010,0.000000,0.000000,-12.500000,58.300000,5.300000,98.200000,1.804447,-0.119690,2.926721,-0.056888,0.000000,0.000000,0.000000,0.000000
980.908,1.804321,-0.119689,2.926917,-0.056887,0.015708,0.000010,0.000000,0.000000,-12.500000,58.300000,5.300000,98.200000,1.804447,-0.119690,2.926721,-0.056888,0.000000,0.000000,0.000000,0.000000
980.918,1.804321,-0.119689,2.926917,-0.056887,0.015708,0.000010,0.000000,0.000000,-12.500000,58.300000,5.300000,98.200000,1.804447,-0.119690,2.926721,-0.056888,0.000000,0.000000,0.000000,0.000000
981.388,1.762957,-0.117596,2.947163,-0.055948,0.000000,0.000040,-0.003491,0.000000,-15.200000,84.000000,-7.200000,102.600000,1.763109,-0.117596,2.947057,-0.055949,0.000000,0.000000,0.000000,0.000000
981.398,1.762957,-0.117596,2.947163,-0.055948,0.000000,0.000040,-0.003491,0.000000,-15.200000,84.000000,-7.200000,102.600000,1.763109,-0.117596,2.947057,-0.055949,0.000000,0.000000,0.000000,0.000000
981.408,1.762957,-0.117596,2.947163,-0.055948,0.000000,0.000040,-0.003491,0.000000,-15.200000,84.000000,-7.200000,102.600000,1.763109,-0.117596,2.947057,-0.055949,0.000000,0.000000,0.000000,0.000000
981.418,1.762957,-0.117596,2.947163,-0.055948,0.000000,0.000040,-0.003491,0.000000,-15.200000,84.000000,-7.200000,102.600000,1.763109,-0.117596,2.947057,-0.055949,0.000000,0.000000,0.000000,0.000000
981.788,1.718975,-0.115591,2.971598,-0.055061,0.000000,0.000220,0.000000,0.000000,-16.900000,108.600000,273.800000,134.300000,1.719117,-0.115588,2.971749,-0.055061,0.000000,0.000000,0.000000,0.000000
981.798,1.718975,-0.115591,2.971598,-0.055061,0.000000,0.000220,0.000000,0.000000,-16.900000,108.600000,273.800000,134.300000,1.719117,-0.115588,2.971749,-0.055061,0.000000,0.000000,0.000000,0.000000
981.808,1.718975,-0.115591,2.971598,-0.055061,0.000000,0.000220,0.000000,0.000000,-16.900000,108.600000,273.800000,134.300000,1.719117,-0.115588,2.971749,-0.055061,0.000000,0.000000,0.000000,0.000000
981.818,1.718975,-0.115591,2.971598,-0.055061,0.000000,0.000220,0.000000,0.000000,-16.900000,108.600000,273.800000,134.300000,1.719117,-0.115588,2.971749,-0.055061,0.000000,0.000000,0.000000,0.000000
982.288,1.676214,-0.113509,2.997952,-0.053935,-0.010472,0.000010,0.000000,0.000000,-13.100000,65.400000,98.900000,109.100000,1.676342,-0.113509,2.997794,-0.053936,0.000000,0.000000,0.000000,0.000000
982.298,1.676214,-0.113509,2.997952,-0.053935,-0.010472,0.000010,0.000000,0.000000,-13.100000,65.400000,98.900000,109.100000,1.676342,-0.113509,2.997794,-0.053936,0.000000,0.000000,0.000000,0.000000
982.308,1.676214,-0.113509,2.997952,-0.053935,-0.010472,0.000010,0.000000,0.000000,-13.100000,65.400000,98.900000,109.100000,1.676342,-0.113509,2.997794,-0.053936,0.000000,0.000000,0.000000,0.000000
982.318,1.676214,-0.113509,2.997952,-0.053935,-0.010472,0.000010,0.000000,0.000000,-13.100000,65.400000,98.900000,109.100000,1.676342,-0.113509,2.997794,-0.053936,0.000000,0.000000,0.000000,0.000000
982.692,1.643577,-0.111505,3.023957,-0.053276,0.000000,0.000040,0.000000,0.000000,-21.000000,62.200000,147.600000,133.800000,1.643538,-0.111502,3.023646,-0.053276,0.000000,0.000000,0.000000,0.000000
982.703,1.643577,-0.111505,3.023957,-0.053276,0.000000,0.000040,0.000000,0.000000,-21.000000,62.200000,147.600000,133.800000,1.643538,-0.111502,3.023646,-0.053276,0.000000,0.000000,0.000000,0.000000
982.713,1.643577,-0.111505,3.023957,-0.053276,0.000000,0.000040,0.000000,0.000000,-21.000000,62.200000,147.600000,133.800000,1.643538,-0.111502,3.023646,-0.053276,0.000000,0.000000,0.000000,0.000000
982.723,1.643577,-0.111505,3.023957,-0.053276,0.000000,0.000040,0.000000,0.000000,-21.000000,62.200000,147.600000,133.800000,1.643538,-0.111502,3.023646,-0.053276,0.000000,0.000000,0.000000,0.000000
983.187,1.610066,-0.109485,3.045949,-0.052318,-0.006981,0.000000,0.000000,0.000000,-21.500000,62.600000,137.800000,117.000000,1.610145,-0.109484,3.045936,-0.052319,0.000000,0.000000,0.000000,0.000000
983.197,1.610066,-0.109485,3.045949,-0.052318,-0.006981,0.000000,0.000000,0.000000,-21.500000,62.600000,137.800000,117.000000,1.610145,-0.109484,3.045936,-0.052319,0.000000,0.000000,0.000000,0.000000
983.207,1.610066,-0.109485,3.045949,-0.052318,-0.006981,0.000000,0.000000,0.000000,-21.500000,62.600000,137.800000,117.000000,1.610145,-0.109484,3.045936,-0.052319,0.000000,0.000000,0.000000,0.000000
983.218,1.610066,-0.109485,3.045949,-0.052318,-0.006981,0.000000,0.000000,0.000000,-21.500000,62.600000,137.800000,117.000000,1.610145,-0.109484,3.045936,-0.052319,0.000000,0.000000,0.000000,0.000000
983.688,1.579348,-0.107483,3.074397,-0.051739,0.006981,0.000000,-0.001745,0.000000,-13.500000,103.400000,41.400000,104.000000,1.579310,-0.107482,3.074101,-0.051739,0.000000,0.000000,0.000000,0.000000
983.698,1.579348,-0.107483,3.074397,-0.051739,0.006981,0.000000,-0.001745,0.000000,-13.500000,103.400000,41.400000,104.000000,1.579310,-0.107482,3.074101,-0.051739,0.000000,0.000000,0.000000,0.000000
983.708,1.579348,-0.107483,3.074397,-0.051739,0.006981,0.000000,-0.001745,0.000000,-13.500000,103.400000,41.400000,104.000000,1.579310,-0.107482,3.074101,-0.051739,0.000000,0.000000,0.000000,0.000000
983.718,1.579348,-0.107483,3.074397,-0.051739,0.006981,0.000000,-0.001745,0.000000,-13.500000,103.400000,41.400000,104.000000,1.579310,-0.107482,3.074101,-0.051739,0.000000,0.000000,0.000000,0.000000
984.187,1.549852,-0.105444,3.112446,-0.051167,0.017453,0.000010,0.000000,0.000000,-18.300000,101.200000,243.900000,112.000000,1.550188,-0.105445,3.112613,-0.051168,0.000000,0.000000,0.000000,0.000000
984.198,1.549852,-0.105444,3.112446,-0.051167,0.017453,0.000010,0.000000,0.000000,-18.300000,101.200000,243.900000,112.000000,1.550188,-0.105445,3.112613,-0.051168,0.000000,0.000000,0.000000,0.000000
984.208,1.549852,-0.105444,3.112446,-0.051167,0.017453,0.000010,0.000000,0.000000,-18.300000,101.200000,243.900000,112.000000,1.550188,-0.105445,3.112613,-0.051168,0.000000,0.000000,0.000000,0.000000
984.218,1.549852,-0.105444,3.112446,-0.051167,0.017453,0.000010,0.000000,0.000000,-18.300000,101.200000,243.900000,112.000000,1.550188,-0.105445,3.112613,-0.051168,0.000000,0.000000,0.000000,0.000000
984.688,1.507092,-0.103405,3.135135,-0.050442,0.001745,0.000000,0.000000,0.000000,-18.600000,43.000000,89.200000,98.500000,1.506979,-0.103405,3.135118,-0.050443,0.000000,0.000000,0.000000,0.000000
984.698,1.507092,-0.103405,3.135135,-0.050442,0.001745,0.000000,0.000000,0.000000,-18.600000,43.000000,89.200000,98.500000,1.506979,-0.103405,3.135118,-0.050443,0.000000,0.000000,0.000000,0.000000
984.708,1.507092,-0.103405,3.135135,-0.050442,0.001745,0.000000,0.000000,0.000000,-18.600000,43.000000,89.200000,98.500000,1.506979,-0.103405,3.135118,-0.050443,0.000000,0.000000,0.000000,0.000000
984.718,1.507092,-0.103405,3.135135,-0.050442,0.001745,0.000000,0.000000,0.000000,-18.600000,43.000000,89.200000,98.500000,1.506979,-0.103405,3.135118,-0.050443,0.000000,0.000000,0.000000,0.000000
985.188,1.459619,-0.101411,3.157475,-0.049390,0.000000,-0.000050,0.000000,0.000000,-11.700000,45.900000,88.800000,98.200000,1.459833,-0.101412,3.157244,-0.049391,0.000000,0.000000,0.000000,0.000000
985.198,1.459619,-0.101411,3.157475,-0.049390,0.000000,-0.000050,0.000000,0.000000,-11.700000,45.900000,88.800000,98.200000,1.459833,-0.101412,3.157244,-0.049391,0.000000,0.000000,0.000000,0.000000
985.208,1.459619,-0.101411,3.157475,-0.049390,0.000000,-0.000050,0.000000,0.000000,-11.700000,45.900000,88.800000,98.200000,1.459833,-0.101412,3.157244,-0.049391,0.000000,0.000000,0.000000,0.000000
985.218,1.459619,-0.101411,3.157475,-0.049390,0.000000,-0.000050,0.000000,0.000000,-11.700000,45.900000,88.800000,98.200000,1.459833,-0.101412,3.157244,-0.049391,0.000000,0.000000,0.000000,0.000000
985.687,1.411797,-0.099428,3.171263,-0.048522,-0.012217,0.000000,0.000000,0.000000,-15.700000,66.900000,80.700000,80.200000,1.411794,-0.099427,3.171195,-0.048523,0.000000,0.000000,0.000000,0.000000
985.698,1.411797,-0.099428,3.171263,-0.048522,-0.012217,0.000000,0.000000,0.000000,-15.700000,66.900000,80.700000,80.200000,1.411794,-0.099427,3.171195,-0.048523,0.000000,0.000000,0.000000,0.000000
985.708,1.411797,-0.099428,3.171263,-0.048522,-0.012217,0.000000,0.000000,0.000000,-15.700000,66.900000,80.700000,80.200000,1.411794,-0.099427,3.171195,-0.048523,0.000000,0.000000,0.000000,0.000000
985.718,1.411797,-0.099428,3.171263,-0.048522,-0.012217,0.000000,0.000000,0.000000,-15.700000,66.900000,80.700000,80.200000,1.411794,-0.099427,3.171195,-0.048523,0.000000,0.000000,0.000000,0.000000
986.091,1.359786,-0.097412,3.183306,-0.047600,0.000000,0.000090,0.000000,0.000000,-18.600000,107.300000,66.700000,93.400000,1.306836,-0.095376,3.196551,-0.046528,0.000000,0.000000,0.000000,0.000000
986.101,1.359786,-0.097412,3.183306,-0.047600,0.000000,0.000090,0.000000,0.000000,-18.600000,107.300000,66.700000,93.400000,1.306836,-0.095376,3.196551,-0.046528,0.000000,0.000000,0.000000,0.000000
986.112,1.359786,-0.097412,3.183306,-0.047600,0.000000,0.000090,0.000000,0.000000,-18.600000,107.300000,66.700000,93.400000,1.306836,-0.095376,3.196551,-0.046528,0.000000,0.000000,0.000000,0.000000
986.124,1.359786,-0.097412,3.183306,-0.047600,0.000000,0.000090,0.000000,0.000000,-18.600000,107.300000,66.700000,93.400000,1.306836,-0.095376,3.196551,-0.046528,0.000000,0.000000,0.000000,0.000000
986.587,1.306728,-0.095376,3.196571,-0.046528,0.005236,-0.000030,0.000000,0.000000,-15.300000,91.900000,231.000000,57.600000,1.296478,-0.093317,3.240656,-0.046478,0.000000,0.000000,0.000000,0.000000
986.597,1.306728,-0.095376,3.196571,-0.046528,0.005236,-0.000030,0.000000,0.000000,-15.300000,91.900000,231.000000,57.600000,1.296478,-0.093317,3.240656,-0.046478,0.000000,0.000000,0.000000,0.000000
986.608,1.306728,-0.095376,3.196571,-0.046528,0.005236,-0.000030,0.000000,0.000000,-15.300000,91.900000,231.000000,57.600000,1.296478,-0.093317,3.240656,-0.046478,0.000000,0.000000,0.000000,0.000000
986.618,1.306728,-0.095376,3.196571,-0.046528,0.005236,-0.000030,0.000000,0.000000,-15.300000,91.900000,231.000000,57.600000,1.296478,-0.093317,3.240656,-0.046478,0.000000,0.000000,0.000000,0.000000
987.088,1.296431,-0.093316,3.240727,-0.046477,-0.034907,0.000000,0.000000,0.000000,-18.400000,53.100000,112.000000,41.900000,1.296478,-0.093317,3.240656,-0.046478,0.000000,0.000000,0.000000,0.000000
987.098,1.296431,-0.093316,3.240727,-0.046477,-0.034907,0.000000,0.000000,0.000000,-18.400000,53.100000,112.000000,41.900000,1.296478,-0.093317,3.240656,-0.046478,0.000000,0.000000,0.000000,0.000000
987.108,1.296431,-0.093316,3.240727,-0.046477,-0.034907,0.000000,0.000000,0.000000,-18.400000,53.100000,112.000000,41.900000,1.296478,-0.093317,3.240656,-0.046478,0.000000,0.000000,0.000000,0.000000
987.118,1.296431,-0.093316,3.240727,-0.046477,-0.034907,0.000000,0.000000,0.000000,-18.400000,53.100000,112.000000,41.900000,1.296478,-0.093317,3.240656,-0.046478,0.000000,0.000000,0.000000,0.000000
987.588,1.245292,-0.091256,3.249454,-0.044940,0.000000,-0.000020,0.000000,0.000000,-12.700000,55.900000,171.400000,98.500000,1.245349,-0.091257,3.249280,-0.044941,0.000000,0.000000,0.000000,0.000000
987.598,1.245292,-0.091256,3.249454,-0.044940,0.000000,-0.000020,0.000000,0.000000,-12.700000,55.900000,171.400000,98.500000,1.245349,-0.091257,3.249280,-0.044941,0.000000,0.000000,0.000000,0.000000
987.608,1.245292,-0.091256,3.249454,-0.044940,0.000000,-0.000020,0.000000,0.000000,-12.700000,55.900000,171.400000,98.500000,1.245349,-0.091257,3.249280,-0.044941,0.000000,0.000000,0.000000,0.000000
987.618,1.245292,-0.091256,3.249454,-0.044940,0.000000,-0.000020,0.000000,0.000000,-12.700000,55.900000,171.400000,98.500000,1.245349,-0.091257,3.249280,-0.044941,0.000000,0.000000,0.000000,0.000000
988.088,1.185951,-0.089190,3.254690,-0.043608,0.000000,0.000000,0.000000,0.000000,-14.500000,53.800000,69.500000,83.100000,1.186045,-0.089191,3.254587,-0.043608,0.000000,0.000000,0.000000,0.000000
988.098,1.185951,-0.089190,3.254690,-0.043608,0.000000,0.000000,0.000000,0.000000,-14.500000,53.800000,69.500000,83.100000,1.186045,-0.089191,3.254587,-0.043608,0.000000,0.000000,0.000000,0.000000
988.108,1.185951,-0.089190,3.254690,-0.043608,0.000000,0.000000,0.000000,0.000000,-14.500000,53.800000,69.500000,83.100000,1.186045,-0.089191,3.254587,-0.043608,0.000000,0.000000,0.000000,0.000000
988.118,1.185951,-0.089190,3.254690,-0.043608,0.000000,0.000000,0.000000,0.000000,-14.500000,53.800000,69.500000,83.100000,1.186045,-0.089191,3.254587,-0.043608,0.000000,0.000000,0.000000,0.000000
988.588,1.143191,-0.087206,3.261497,-0.042041,0.000000,0.000000,0.000000,0.000000,-17.900000,85.100000,64.200000,104.700000,1.143107,-0.087206,3.261330,-0.042042,0.000000,0.000000,0.000000,0.000000
988.598,1.143191,-0.087206,3.261497,-0.042041,0.000000,0.000000,0.000000,0.000000,-17.900000,85.100000,64.200000,104.700000,1.143107,-0.087206,3.261330,-0.042042,0.000000,0.000000,0.000000,0.000000
988.608,1.143191,-0.087206,3.261497,-0.042041,0.000000,0.000000,0.000000,0.000000,-17.900000,85.100000,64.200000,104.700000,1.143107,-0.087206,3.261330,-0.042042,0.000000,0.000000,0.000000,0.000000
988.618,1.143191,-0.087206,3.261497,-0.042041,0.000000,0.000000,0.000000,0.000000,-17.900000,85.100000,64.200000,104.700000,1.143107,-0.087206,3.261330,-0.042042,0.000000,0.000000,0.000000,0.000000
989.087,1.097289,-0.085157,3.267954,-0.040740,0.000000,0.000000,0.000000,0.000000,-16.100000,115.400000,231.400000,86.400000,1.062668,-0.083147,3.275654,-0.038991,0.000000,0.000000,0.000000,0.000000
989.098,1.097289,-0.085157,3.267954,-0.040740,0.000000,0.000000,0.000000,0.000000,-16.100000,115.400000,231.400000,86.400000,1.062668,-0.083147,3.275654,-0.038991,0.000000,0.000000,0.000000,0.000000
989.108,1.097289,-0.085157,3.267954,-0.040740,0.000000,0.000000,0.000000,0.000000,-16.100000,115.400000,231.400000,86.400000,1.062668,-0.083147,3.275654,-0.038991,0.000000,0.000000,0.000000,0.000000
989.118,1.097289,-0.085157,3.267954,-0.040740,0.000000,0.000000,0.000000,0.000000,-16.100000,115.400000,231.400000,86.400000,1.062668,-0.083147,3.275654,-0.038991,0.000000,0.000000,0.000000,0.000000
989.491,1.062556,-0.083150,3.275808,-0.038992,0.000000,0.000130,0.000000,0.000020,-14.200000,81.200000,111.900000,113.100000,1.062668,-0.083147,3.275654,-0.038991,0.000000,0.000000,0.000000,0.000000
989.504,1.062556,-0.083150,3.275808,-0.038992,0.000000,0.000130,0.000000,0.000020,-14.200000,81.200000,111.900000,113.100000,1.062668,-0.083147,3.275654,-0.038991,0.000000,0.000000,0.000000,0.000000
989.514,1.062556,-0.083150,3.275808,-0.038992,0.000000,0.000130,0.000000,0.000020,-14.200000,81.200000,111.900000,113.100000,1.062668,-0.083147,3.275654,-0.038991,0.000000,0.000000,0.000000,0.000000
989.524,1.062556,-0.083150,3.275808,-0.038992,0.000000,0.000130,0.000000,0.000020,-14.200000,81.200000,111.900000,113.100000,1.062668,-0.083147,3.275654,-0.038991,0.000000,0.000000,0.000000,0.000000
989.988,1.031315,-0.081119,3.275285,-0.037565,0.005236,-0.000150,0.000000,0.000000,-22.400000,75.700000,99.500000,75.400000,1.031365,-0.081120,3.275230,-0.037566,0.000000,0.000000,0.000000,0.000000
989.998,1.031315,-0.081119,3.275285,-0.037565,0.005236,-0.000150,0.000000,0.000000,-22.400000,75.700000,99.500000,75.400000,1.031365,-0.081120,3.275230,-0.037566,0.000000,0.000000,0.000000,0.000000
990.008,1.031315,-0.081119,3.275285,-0.037565,0.005236,-0.000150,0.000000,0.000000,-22.400000,75.700000,99.500000,75.400000,1.031365,-0.081120,3.275230,-0.037566,0.000000,0.000000,0.000000,0.000000
990.018,1.031315,-0.081119,3.275285,-0.037565,0.005236,-0.000150,0.000000,0.000000,-22.400000,75.700000,99.500000,75.400000,1.031365,-0.081120,3.275230,-0.037566,0.000000,0.000000,0.000000,0.000000
990.288,1.023636,-0.079187,3.268304,-0.036257,0.027925,0.001250,0.000000,0.000100,-17.400000,-91.200000,-24.700000,85.500000,1.023763,-0.079144,3.268555,-0.036251,0.000000,0.000000,0.000000,0.000000
990.298,1.023636,-0.079187,3.268304,-0.036257,0.027925,0.001250,0.000000,0.000100,-17.400000,-91.200000,-24.700000,85.500000,1.023763,-0.079144,3.268555,-0.036251,0.000000,0.000000,0.000000,0.000000
990.308,1.023636,-0.079187,3.268304,-0.036257,0.027925,0.001250,0.000000,0.000100,-17.400000,-91.200000,-24.700000,85.500000,1.023763,-0.079144,3.268555,-0.036251,0.000000,0.000000,0.000000,0.000000
990.318,1.023636,-0.079187,3.268304,-0.036257,0.027925,0.001250,0.000000,0.000100,-17.400000,-91.200000,-24.700000,85.500000,1.023763,-0.079144,3.268555,-0.036251,0.000000,0.000000,0.000000,0.000000
1007.888,0.761836,-0.154707,0.762185,-0.071903,0.000000,0.000020,0.000000,0.000000,-17.700000,15.500000,-65.600000,53.100000,0.762147,-0.154707,0.762147,-0.071903,0.000000,0.000000,0.000000,0.000000
1007.898,0.761836,-0.154707,0.762185,-0.071903,0.000000,0.000020,0.000000,0.000000,-17.700000,15.500000,-65.600000,53.100000,0.762147,-0.154707,0.762147,-0.071903,0.000000,0.000000,0.000000,0.000000
1007.908,0.761836,-0.154707,0.762185,-0.071903,0.000000,0.000020,0.000000,0.000000,-17.700000,15.500000,-65.600000,53.100000,0.762147,-0.154707,0.762147,-0.071903,0.000000,0.000000,0.000000,0.000000
1007.918,0.761836,-0.154707,0.762185,-0.071903,0.000000,0.000020,0.000000,0.000000,-17.700000,15.500000,-65.600000,53.100000,0.762147,-0.154707,0.762147,-0.071903,0.000000,0.000000,0.000000,0.000000
1008.387,0.718727,-0.152541,0.779464,-0.071222,0.000000,0.000000,0.000000,0.000000,-19.900000,40.900000,-89.100000,77.000000,0.747065,-0.150521,0.759857,-0.070351,0.000000,0.000000,0.000000,0.000000
1008.398,0.718727,-0.152541,0.779464,-0.071222,0.000000,0.000000,0.000000,0.000000,-19.900000,40.900000,-89.100000,77.000000,0.747065,-0.150521,0.759857,-0.070351,0.000000,0.000000,0.000000,0.000000
1008.408,0.718727,-0.152541,0.779464,-0.071222,0.000000,0.000000,0.000000,0.000000,-19.900000,40.900000,-89.100000,77.000000,0.747065,-0.150521,0.759857,-0.070351,0.000000,0.000000,0.000000,0.000000
1008.418,0.718727,-0.152541,0.779464,-0.071222,0.000000,0.000000,0.000000,0.000000,-19.900000,40.900000,-89.100000,77.000000,0.747065,-0.150521,0.759857,-0.070351,0.000000,0.000000,0.000000,0.000000
1008.788,0.747001,-0.150525,0.759567,-0.070351,-0.038397,0.000010,0.000000,0.000000,-6.600000,48.900000,30.700000,138.200000,0.747065,-0.150521,0.759857,-0.070351,0.000000,0.000000,0.000000,0.000000
1008.798,0.747001,-0.150525,0.759567,-0.070351,-0.038397,0.000010,0.000000,0.000000,-6.600000,48.900000,30.700000,138.200000,0.747065,-0.150521,0.759857,-0.070351,0.000000,0.000000,0.000000,0.000000
1008.808,0.747001,-0.150525,0.759567,-0.070351,-0.038397,0.000010,0.000000,0.000000,-6.600000,48.900000,30.700000,138.200000,0.747065,-0.150521,0.759857,-0.070351,0.000000,0.000000,0.000000,0.000000
1008.818,0.747001,-0.150525,0.759567,-0.070351,-0.038397,0.000010,0.000000,0.000000,-6.600000,48.900000,30.700000,138.200000,0.747065,-0.150521,0.759857,-0.070351,0.000000,0.000000,0.000000,0.000000
1009.290,0.757473,-0.148364,0.745081,-0.069134,0.000000,0.000010,0.000000,0.000000,-13.900000,83.200000,17.900000,125.800000,0.757345,-0.148364,0.745214,-0.069135,0.000000,0.000000,0.000000,0.000000
1009.303,0.757473,-0.148364,0.745081,-0.069134,0.000000,0.000010,0.000000,0.000000,-13.900000,83.200000,17.900000,125.800000,0.757345,-0.148364,0.745214,-0.069135,0.000000,0.000000,0.000000,0.000000
1009.313,0.757473,-0.148364,0.745081,-0.069134,0.000000,0.000010,0.000000,0.000000,-13.900000,83.200000,17.900000,125.800000,0.757345,-0.148364,0.745214,-0.069135,0.000000,0.000000,0.000000,0.000000
1009.323,0.757473,-0.148364,0.745081,-0.069134,0.000000,0.000010,0.000000,0.000000,-13.900000,83.200000,17.900000,125.800000,0.757345,-0.148364,0.745214,-0.069135,0.000000,0.000000,0.000000,0.000000
1010.188,0.711920,-0.146233,0.760614,-0.068095,-0.005236,0.000020,0.000000,0.000000,-14.400000,56.700000,133.100000,96.900000,0.711994,-0.146234,0.760866,-0.068096,0.000000,0.000000,0.000000,0.000000
1010.198,0.711920,-0.146233,0.760614,-0.068095,-0.005236,0.000020,0.000000,0.000000,-14.400000,56.700000,133.100000,96.900000,0.711994,-0.146234,0.760866,-0.068096,0.000000,0.000000,0.000000,0.000000
1010.208,0.711920,-0.146233,0.760614,-0.068095,-0.005236,0.000020,0.000000,0.000000,-14.400000,56.700000,133.100000,96.900000,0.711994,-0.146234,0.760866,-0.068096,0.000000,0.000000,0.000000,0.000000
1010.218,0.711920,-0.146233,0.760614,-0.068095,-0.005236,0.000020,0.000000,0.000000,-14.400000,56.700000,133.100000,96.900000,0.711994,-0.146234,0.760866,-0.068096,0.000000,0.000000,0.000000,0.000000
1010.687,0.694641,-0.144000,0.760964,-0.066876,0.001745,-0.000010,0.000000,0.000000,-16.000000,97.200000,-67.500000,99.200000,0.694811,-0.144000,0.761040,-0.066877,0.000000,0.000000,0.000000,0.000000
1010.697,0.694641,-0.144000,0.760964,-0.066876,0.001745,-0.000010,0.000000,0.000000,-16.000000,97.200000,-67.500000,99.200000,0.694811,-0.144000,0.761040,-0.066877,0.000000,0.000000,0.000000,0.000000
1010.707,0.694641,-0.144000,0.760964,-0.066876,0.001745,-0.000010,0.000000,0.000000,-16.000000,97.200000,-67.500000,99.200000,0.694811,-0.144000,0.761040,-0.066877,0.000000,0.000000,0.000000,0.000000
1010.718,0.694641,-0.144000,0.760964,-0.066876,0.001745,-0.000010,0.000000,0.000000,-16.000000,97.200000,-67.500000,99.200000,0.694811,-0.144000,0.761040,-0.066877,0.000000,0.000000,0.000000,0.000000
1011.188,0.657815,-0.141990,0.788016,-0.066468,-0.012217,0.000000,0.000000,0.000000,-14.900000,52.400000,25.900000,87.700000,0.657817,-0.141990,0.788085,-0.066468,0.000000,0.000000,0.000000,0.000000
1011.198,0.657815,-0.141990,0.788016,-0.066468,-0.012217,0.000000,0.000000,0.000000,-14.900000,52.400000,25.900000,87.700000,0.657817,-0.141990,0.788085,-0.066468,0.000000,0.000000,0.000000,0.000000
1011.208,0.657815,-0.141990,0.788016,-0.066468,-0.012217,0.000000,0.000000,0.000000,-14.900000,52.400000,25.900000,87.700000,0.657817,-0.141990,0.788085,-0.066468,0.000000,0.000000,0.000000,0.000000
1011.218,0.657815,-0.141990,0.788016,-0.066468,-0.012217,0.000000,0.000000,0.000000,-14.900000,52.400000,25.900000,87.700000,0.657817,-0.141990,0.788085,-0.066468,0.000000,0.000000,0.000000,0.000000
1011.687,0.608596,-0.139908,0.805295,-0.065260,-0.003491,0.000050,0.000000,0.000000,-16.700000,52.300000,24.300000,113.200000,0.608606,-0.139909,0.804981,-0.065260,0.000000,0.000000,0.000000,0.000000
1011.697,0.608596,-0.139908,0.805295,-0.065260,-0.003491,0.000050,0.000000,0.000000,-16.700000,52.300000,24.300000,113.200000,0.608606,-0.139909,0.804981,-0.065260,0.000000,0.000000,0.000000,0.000000
1011.707,0.608596,-0.139908,0.805295,-0.065260,-0.003491,0.000050,0.000000,0.000000,-16.700000,52.300000,24.300000,113.200000,0.608606,-0.139909,0.804981,-0.065260,0.000000,0.000000,0.000000,0.000000
1011.718,0.608596,-0.139908,0.805295,-0.065260,-0.003491,0.000050,0.000000,0.000000,-16.700000,52.300000,24.300000,113.200000,0.608606,-0.139909,0.804981,-0.065260,0.000000,0.000000,0.000000,0.000000
1012.187,0.578402,-0.137853,0.840027,-0.064897,0.000000,0.000000,-0.003491,0.000000,-17.400000,99.600000,-36.900000,110.600000,0.578538,-0.137853,0.839766,-0.064898,0.000000,0.000000,0.000000,0.000000
1012.197,0.578402,-0.137853,0.840027,-0.064897,0.000000,0.000000,-0.003491,0.000000,-17.400000,99.600000,-36.900000,110.600000,0.578538,-0.137853,0.839766,-0.064898,0.000000,0.000000,0.000000,0.000000
1012.208,0.578402,-0.137853,0.840027,-0.064897,0.000000,0.000000,-0.003491,0.000000,-17.400000,99.600000,-36.900000,110.600000,0.578538,-0.137853,0.839766,-0.064898,0.000000,0.000000,0.000000,0.000000
1012.218,0.578402,-0.137853,0.840027,-0.064897,0.000000,0.000000,-0.003491,0.000000,-17.400000,99.600000,-36.900000,110.600000,0.578538,-0.137853,0.839766,-0.064898,0.000000,0.000000,0.000000,0.000000
1012.587,0.600568,-0.136037,0.816116,-0.062972,0.000000,0.000040,0.000000,0.000060,-11.400000,76.300000,-37.500000,168.300000,0.600713,-0.136035,0.816419,-0.062970,0.000000,0.000000,0.000000,0.000000
1012.598,0.600568,-0.136037,0.816116,-0.062972,0.000000,0.000040,0.000000,0.000060,-11.400000,76.300000,-37.500000,168.300000,0.600713,-0.136035,0.816419,-0.062970,0.000000,0.000000,0.000000,0.000000
1012.608,0.600568,-0.136037,0.816116,-0.062972,0.000000,0.000040,0.000000,0.000060,-11.400000,76.300000,-37.500000,168.300000,0.600713,-0.136035,0.816419,-0.062970,0.000000,0.000000,0.000000,0.000000
1012.618,0.600568,-0.136037,0.816116,-0.062972,0.000000,0.000040,0.000000,0.000060,-11.400000,76.300000,-37.500000,168.300000,0.600713,-0.136035,0.816419,-0.062970,0.000000,0.000000,0.000000,0.000000
1013.087,0.650484,-0.133988,0.781209,-0.062206,-0.001745,-0.000010,0.000000,0.000000,-16.600000,65.400000,116.500000,107.500000,0.650520,-0.133989,0.781560,-0.062206,0.000000,0.000000,0.000000,0.000000
1013.097,0.650484,-0.133988,0.781209,-0.062206,-0.001745,-0.000010,0.000000,0.000000,-16.600000,65.400000,116.500000,107.500000,0.650520,-0.133989,0.781560,-0.062206,0.000000,0.000000,0.000000,0.000000
1013.108,0.650484,-0.133988,0.781209,-0.062206,-0.001745,-0.000010,0.000000,0.000000,-16.600000,65.400000,116.500000,107.500000,0.650520,-0.133989,0.781560,-0.062206,0.000000,0.000000,0.000000,0.000000
1013.118,0.650484,-0.133988,0.781209,-0.062206,-0.001745,-0.000010,0.000000,0.000000,-16.600000,65.400000,116.500000,107.500000,0.650520,-0.133989,0.781560,-0.062206,0.000000,0.000000,0.000000,0.000000
1014.088,0.597950,-0.131923,0.793776,-0.061017,0.000000,0.000000,0.000000,0.000000,-13.900000,32.700000,77.300000,112.200000,0.598102,-0.131924,0.793875,-0.061017,0.000000,0.000000,0.000000,0.000000
1014.098,0.597950,-0.131923,0.793776,-0.061017,0.000000,0.000000,0.000000,0.000000,-13.900000,32.700000,77.300000,112.200000,0.598102,-0.131924,0.793875,-0.061017,0.000000,0.000000,0.000000,0.000000
1014.108,0.597950,-0.131923,0.793776,-0.061017,0.000000,0.000000,0.000000,0.000000,-13.900000,32.700000,77.300000,112.200000,0.598102,-0.131924,0.793875,-0.061017,0.000000,0.000000,0.000000,0.000000
1014.118,0.597950,-0.131923,0.793776,-0.061017,0.000000,0.000000,0.000000,0.000000,-13.900000,32.700000,77.300000,112.200000,0.598102,-0.131924,0.793875,-0.061017,0.000000,0.000000,0.000000,0.000000
1014.988,0.543670,-0.129863,0.810880,-0.059821,0.008727,-0.000010,0.000000,0.000000,-17.400000,35.200000,65.700000,87.000000,0.543825,-0.129863,0.810794,-0.059822,0.000000,0.000000,0.000000,0.000000
1014.998,0.543670,-0.129863,0.810880,-0.059821,0.008727,-0.000010,0.000000,0.000000,-17.400000,35.200000,65.700000,87.000000,0.543825,-0.129863,0.810794,-0.059822,0.000000,0.000000,0.000000,0.000000
1015.008,0.543670,-0.129863,0.810880,-0.059821,0.008727,-0.000010,0.000000,0.000000,-17.400000,35.200000,65.700000,87.000000,0.543825,-0.129863,0.810794,-0.059822,0.000000,0.000000,0.000000,0.000000
1015.018,0.543670,-0.129863,0.810880,-0.059821,0.008727,-0.000010,0.000000,0.000000,-17.400000,35.200000,65.700000,87.000000,0.543825,-0.129863,0.810794,-0.059822,0.000000,0.000000,0.000000,0.000000
1015.987,0.531104,-0.127464,0.809658,-0.058488,-0.012217,-0.000020,0.000000,0.000000,-16.900000,23.400000,58.000000,97.900000,0.531140,-0.127465,0.809788,-0.058489,0.000000,0.000000,0.000000,0.000000
1015.998,0.531104,-0.127464,0.809658,-0.058488,-0.012217,-0.000020,0.000000,0.000000,-16.900000,23.400000,58.000000,97.900000,0.531140,-0.127465,0.809788,-0.058489,0.000000,0.000000,0.000000,0.000000
1016.008,0.531104,-0.127464,0.809658,-0.058488,-0.012217,-0.000020,0.000000,0.000000,-16.900000,23.400000,58.000000,97.900000,0.531140,-0.127465,0.809788,-0.058489,0.000000,0.000000,0.000000,0.000000
1016.018,0.531104,-0.127464,0.809658,-0.058488,-0.012217,-0.000020,0.000000,0.000000,-16.900000,23.400000,58.000000,97.900000,0.531140,-0.127465,0.809788,-0.058489,0.000000,0.000000,0.000000,0.000000
1016.888,0.515396,-0.125165,0.812800,-0.057183,-0.008727,-0.000010,0.000000,0.000000,-17.900000,33.500000,104.500000,96.100000,0.505899,-0.122813,0.806451,-0.055857,0.000000,0.000000,0.000000,0.000000
1016.898,0.515396,-0.125165,0.812800,-0.057183,-0.008727,-0.000010,0.000000,0.000000,-17.900000,33.500000,104.500000,96.100000,0.505899,-0.122813,0.806451,-0.055857,0.000000,0.000000,0.000000,0.000000
1016.908,0.515396,-0.125165,0.812800,-0.057183,-0.008727,-0.000010,0.000000,0.000000,-17.900000,33.500000,104.500000,96.100000,0.505899,-0.122813,0.806451,-0.055857,0.000000,0.000000,0.000000,0.000000
1016.918,0.515396,-0.125165,0.812800,-0.057183,-0.008727,-0.000010,0.000000,0.000000,-17.900000,33.500000,104.500000,96.100000,0.505899,-0.122813,0.806451,-0.055857,0.000000,0.000000,0.000000,0.000000
1017.887,0.505796,-0.122813,0.806342,-0.055856,-0.001745,0.000000,0.000000,0.000000,-12.100000,45.300000,-21.000000,104.600000,0.494584,-0.120319,0.801291,-0.054452,0.000000,0.000000,0.000000,0.000000
1017.897,0.505796,-0.122813,0.806342,-0.055856,-0.001745,0.000000,0.000000,0.000000,-12.100000,45.300000,-21.000000,104.600000,0.494584,-0.120319,0.801291,-0.054452,0.000000,0.000000,0.000000,0.000000
1017.907,0.505796,-0.122813,0.806342,-0.055856,-0.001745,0.000000,0.000000,0.000000,-12.100000,45.300000,-21.000000,104.600000,0.494584,-0.120319,0.801291,-0.054452,0.000000,0.000000,0.000000,0.000000
1017.918,0.505796,-0.122813,0.806342,-0.055856,-0.001745,0.000000,0.000000,0.000000,-12.100000,45.300000,-21.000000,104.600000,0.494584,-0.120319,0.801291,-0.054452,0.000000,0.000000,0.000000,0.000000
1018.887,0.494452,-0.120319,0.801106,-0.054451,0.003491,0.000010,0.000000,0.000000,-14.700000,28.700000,5.100000,93.000000,0.494584,-0.120319,0.801291,-0.054452,0.000000,0.000000,0.000000,0.000000
1018.898,0.494452,-0.120319,0.801106,-0.054451,0.003491,0.000010,0.000000,0.000000,-14.700000,28.700000,5.100000,93.000000,0.494584,-0.120319,0.801291,-0.054452,0.000000,0.000000,0.000000,0.000000
1018.908,0.494452,-0.120319,0.801106,-0.054451,0.003491,0.000010,0.000000,0.000000,-14.700000,28.700000,5.100000,93.000000,0.494584,-0.120319,0.801291,-0.054452,0.000000,0.000000,0.000000,0.000000
1018.918,0.494452,-0.120319,0.801106,-0.054451,0.003491,0.000010,0.000000,0.000000,-14.700000,28.700000,5.100000,93.000000,0.494584,-0.120319,0.801291,-0.054452,0.000000,0.000000,0.000000,0.000000
1019.888,0.489041,-0.118255,0.796219,-0.053282,-0.003491,0.000010,0.000000,0.000000,-21.100000,48.000000,9.700000,105.100000,0.489041,-0.118255,0.796317,-0.053283,0.000000,0.000000,0.000000,0.000000
1019.898,0.489041,-0.118255,0.796219,-0.053282,-0.003491,0.000010,0.000000,0.000000,-21.100000,48.000000,9.700000,105.100000,0.489041,-0.118255,0.796317,-0.053283,0.000000,0.000000,0.000000,0.000000
1019.908,0.489041,-0.118255,0.796219,-0.053282,-0.003491,0.000010,0.000000,0.000000,-21.100000,48.000000,9.700000,105.100000,0.489041,-0.118255,0.796317,-0.053283,0.000000,0.000000,0.000000,0.000000
1019.918,0.489041,-0.118255,0.796219,-0.053282,-0.003491,0.000010,0.000000,0.000000,-21.100000,48.000000,9.700000,105.100000,0.489041,-0.118255,0.796317,-0.053283,0.000000,0.000000,0.000000,0.000000
1020.790,0.485202,-0.116171,0.793252,-0.052083,0.000000,-0.000020,0.000000,0.000000,-16.900000,37.400000,36.100000,107.000000,0.485318,-0.116171,0.793285,-0.052083,0.000000,0.000000,0.000000,0.000000
1020.803,0.485202,-0.116171,0.793252,-0.052083,0.000000,-0.000020,0.000000,0.000000,-16.900000,37.400000,36.100000,107.000000,0.485318,-0.116171,0.793285,-0.052083,0.000000,0.000000,0.000000,0.000000
1020.813,0.485202,-0.116171,0.793252,-0.052083,0.000000,-0.000020,0.000000,0.000000,-16.900000,37.400000,36.100000,107.000000,0.485318,-0.116171,0.793285,-0.052083,0.000000,0.000000,0.000000,0.000000
1020.823,0.485202,-0.116171,0.793252,-0.052083,0.000000,-0.000020,0.000000,0.000000,-16.900000,37.400000,36.100000,107.000000,0.485318,-0.116171,0.793285,-0.052083,0.000000,0.000000,0.000000,0.000000
1021.688,0.472810,-0.113724,0.789238,-0.050666,0.000000,0.000010,-0.001745,0.000000,-22.400000,39.300000,-23.200000,89.700000,0.472919,-0.113724,0.789235,-0.050667,0.000000,0.000000,0.000000,0.000000
1021.698,0.472810,-0.113724,0.789238,-0.050666,0.000000,0.000010,-0.001745,0.000000,-22.400000,39.300000,-23.200000,89.700000,0.472919,-0.113724,0.789235,-0.050667,0.000000,0.000000,0.000000,0.000000
1021.708,0.472810,-0.113724,0.789238,-0.050666,0.000000,0.000010,-0.001745,0.000000,-22.400000,39.300000,-23.200000,89.700000,0.472919,-0.113724,0.789235,-0.050667,0.000000,0.000000,0.000000,0.000000
1021.718,0.472810,-0.113724,0.789238,-0.050666,0.000000,0.000010,-0.001745,0.000000,-22.400000,39.300000,-23.200000,89.700000,0.472919,-0.113724,0.789235,-0.050667,0.000000,0.000000,0.000000,0.000000
1022.587,0.466003,-0.111212,0.790809,-0.049234,0.005236,0.000000,0.000000,0.000000,-12.400000,31.700000,94.800000,89.200000,0.455100,-0.108947,0.792159,-0.047958,0.000000,0.000000,0.000000,0.000000
1022.597,0.466003,-0.111212,0.790809,-0.049234,0.005236,0.000000,0.000000,0.000000,-12.400000,31.700000,94.800000,89.200000,0.455100,-0.108947,0.792159,-0.047958,0.000000,0.000000,0.000000,0.000000
1022.608,0.466003,-0.111212,0.790809,-0.049234,0.005236,0.000000,0.000000,0.000000,-12.400000,31.700000,94.800000,89.200000,0.455100,-0.108947,0.792159,-0.047958,0.000000,0.000000,0.000000,0.000000
1022.618,0.466003,-0.111212,0.790809,-0.049234,0.005236,0.000000,0.000000,0.000000,-12.400000,31.700000,94.800000,89.200000,0.455100,-0.108947,0.792159,-0.047958,0.000000,0.000000,0.000000,0.000000
1023.587,0.455007,-0.108947,0.792205,-0.047957,0.001745,-0.000010,0.000000,0.000000,-16.200000,20.500000,-98.600000,83.900000,0.449513,-0.106705,0.788375,-0.046667,0.000000,0.000000,0.000000,0.000000
1023.597,0.455007,-0.108947,0.792205,-0.047957,0.001745,-0.000010,0.000000,0.000000,-16.200000,20.500000,-98.600000,83.900000,0.449513,-0.106705,0.788375,-0.046667,0.000000,0.000000,0.000000,0.000000
1023.608,0.455007,-0.108947,0.792205,-0.047957,0.001745,-0.000010,0.000000,0.000000,-16.200000,20.500000,-98.600000,83.900000,0.449513,-0.106705,0.788375,-0.046667,0.000000,0.000000,0.000000,0.000000
1023.618,0.455007,-0.108947,0.792205,-0.047957,0.001745,-0.000010,0.000000,0.000000,-16.200000,20.500000,-98.600000,83.900000,0.449513,-0.106705,0.788375,-0.046667,0.000000,0.000000,0.000000,0.000000
1024.488,0.449422,-0.106704,0.788365,-0.046667,0.000000,0.000010,0.000000,0.000000,-9.600000,44.400000,10.500000,67.000000,0.449513,-0.106705,0.788375,-0.046667,0.000000,0.000000,0.000000,0.000000
1024.498,0.449422,-0.106704,0.788365,-0.046667,0.000000,0.000010,0.000000,0.000000,-9.600000,44.400000,10.500000,67.000000,0.449513,-0.106705,0.788375,-0.046667,0.000000,0.000000,0.000000,0.000000
1024.508,0.449422,-0.106704,0.788365,-0.046667,0.000000,0.000010,0.000000,0.000000,-9.600000,44.400000,10.500000,67.000000,0.449513,-0.106705,0.788375,-0.046667,0.000000,0.000000,0.000000,0.000000
1024.518,0.449422,-0.106704,0.788365,-0.046667,0.000000,0.000010,0.000000,0.000000,-9.600000,44.400000,10.500000,67.000000,0.449513,-0.106705,0.788375,-0.046667,0.000000,0.000000,0.000000,0.000000
1025.388,0.438950,-0.104679,0.784875,-0.045510,-0.001745,0.000000,0.000000,0.000000,-13.800000,29.500000,-22.000000,81.000000,0.439068,-0.104679,0.784937,-0.045510,0.000000,0.000000,0.000000,0.000000
1025.398,0.438950,-0.104679,0.784875,-0.045510,-0.001745,0.000000,0.000000,0.000000,-13.800000,29.500000,-22.000000,81.000000,0.439068,-0.104679,0.784937,-0.045510,0.000000,0.000000,0.000000,0.000000
1025.408,0.438950,-0.104679,0.784875,-0.045510,-0.001745,0.000000,0.000000,0.000000,-13.800000,29.500000,-22.000000,81.000000,0.439068,-0.104679,0.784937,-0.045510,0.000000,0.000000,0.000000,0.000000
1025.418,0.438950,-0.104679,0.784875,-0.045510,-0.001745,0.000000,0.000000,0.000000,-13.800000,29.500000,-22.000000,81.000000,0.439068,-0.104679,0.784937,-0.045510,0.000000,0.000000,0.000000,0.000000
1026.387,0.427606,-0.102520,0.788714,-0.044084,-0.017453,-0.000080,0.000000,0.000000,-14.000000,12.200000,58.300000,95.900000,0.427657,-0.102520,0.788885,-0.044085,0.000000,0.000000,0.000000,0.000000
1026.398,0.427606,-0.102520,0.788714,-0.044084,-0.017453,-0.000080,0.000000,0.000000,-14.000000,12.200000,58.300000,95.900000,0.427657,-0.102520,0.788885,-0.044085,0.000000,0.000000,0.000000,0.000000
1026.408,0.427606,-0.102520,0.788714,-0.044084,-0.017453,-0.000080,0.000000,0.000000,-14.000000,12.200000,58.300000,95.900000,0.427657,-0.102520,0.788885,-0.044085,0.000000,0.000000,0.000000,0.000000
1026.418,0.427606,-0.102520,0.788714,-0.044084,-0.017453,-0.000080,0.000000,0.000000,-14.000000,12.200000,58.300000,95.900000,0.427657,-0.102520,0.788885,-0.044085,0.000000,0.000000,0.000000,0.000000
1026.887,0.413294,-0.100189,0.788365,-0.042720,-0.043633,0.000000,0.000000,0.000000,-17.400000,45.200000,2.500000,118.600000,0.405930,-0.097308,0.789244,-0.041260,0.000000,0.000000,0.000000,0.000000
1026.898,0.413294,-0.100189,0.788365,-0.042720,-0.043633,0.000000,0.000000,0.000000,-17.400000,45.200000,2.500000,118.600000,0.405930,-0.097308,0.789244,-0.041260,0.000000,0.000000,0.000000,0.000000
1026.908,0.413294,-0.100189,0.788365,-0.042720,-0.043633,0.000000,0.000000,0.000000,-17.400000,45.200000,2.500000,118.600000,0.405930,-0.097308,0.789244,-0.041260,0.000000,0.000000,0.000000,0.000000
1026.918,0.413294,-0.100189,0.788365,-0.042720,-0.043633,0.000000,0.000000,0.000000,-17.400000,45.200000,2.500000,118.600000,0.405930,-0.097308,0.789244,-0.041260,0.000000,0.000000,0.000000,0.000000
1027.388,0.405789,-0.097310,0.788889,-0.041259,0.001745,0.000060,0.000000,0.000000,-19.400000,106.700000,-79.100000,131.600000,0.405930,-0.097308,0.789244,-0.041260,0.000000,0.000000,0.000000,0.000000
1027.398,0.405789,-0.097310,0.788889,-0.041259,0.001745,0.000060,0.000000,0.000000,-19.400000,106.700000,-79.100000,131.600000,0.405930,-0.097308,0.789244,-0.041260,0.000000,0.000000,0.000000,0.000000
1027.408,0.405789,-0.097310,0.788889,-0.041259,0.001745,0.000060,0.000000,0.000000,-19.400000,106.700000,-79.100000,131.600000,0.405930,-0.097308,0.789244,-0.041260,0.000000,0.000000,0.000000,0.000000
1027.418,0.405789,-0.097310,0.788889,-0.041259,0.001745,0.000060,0.000000,0.000000,-19.400000,106.700000,-79.100000,131.600000,0.405930,-0.097308,0.789244,-0.041260,0.000000,0.000000,0.000000,0.000000
1027.888,0.399855,-0.094554,0.784875,-0.039582,0.000000,0.000030,0.001745,0.000000,-10.800000,89.100000,108.900000,128.600000,0.400655,-0.091630,0.782080,-0.038260,0.000000,0.000000,0.000000,0.000000
1027.898,0.399855,-0.094554,0.784875,-0.039582,0.000000,0.000030,0.001745,0.000000,-10.800000,89.100000,108.900000,128.600000,0.400655,-0.091630,0.782080,-0.038260,0.000000,0.000000,0.000000,0.000000
1027.908,0.399855,-0.094554,0.784875,-0.039582,0.000000,0.000030,0.001745,0.000000,-10.800000,89.100000,108.900000,128.600000,0.400655,-0.091630,0.782080,-0.038260,0.000000,0.000000,0.000000,0.000000
1027.918,0.399855,-0.094554,0.784875,-0.039582,0.000000,0.000030,0.001745,0.000000,-10.800000,89.100000,108.900000,128.600000,0.400655,-0.091630,0.782080,-0.038260,0.000000,0.000000,0.000000,0.000000
1028.387,0.400379,-0.091631,0.781908,-0.038258,0.003491,0.000050,0.000000,0.000000,-16.500000,38.300000,159.200000,101.500000,0.400655,-0.091630,0.782080,-0.038260,0.000000,0.000000,0.000000,0.000000
1028.397,0.400379,-0.091631,0.781908,-0.038258,0.003491,0.000050,0.000000,0.000000,-16.500000,38.300000,159.200000,101.500000,0.400655,-0.091630,0.782080,-0.038260,0.000000,0.000000,0.000000,0.000000
1028.407,0.400379,-0.091631,0.781908,-0.038258,0.003491,0.000050,0.000000,0.000000,-16.500000,38.300000,159.200000,101.500000,0.400655,-0.091630,0.782080,-0.038260,0.000000,0.000000,0.000000,0.000000
1028.418,0.400379,-0.091631,0.781908,-0.038258,0.003491,0.000050,0.000000,0.000000,-16.500000,38.300000,159.200000,101.500000,0.400655,-0.091630,0.782080,-0.038260,0.000000,0.000000,0.000000,0.000000
1029.387,0.399331,-0.088454,0.787493,-0.036685,0.005236,-0.000010,0.000000,0.000000,-17.400000,36.000000,132.900000,88.200000,0.399463,-0.088454,0.787634,-0.036686,0.000000,0.000000,0.000000,0.000000
1029.398,0.399331,-0.088454,0.787493,-0.036685,0.005236,-0.000010,0.000000,0.000000,-17.400000,36.000000,132.900000,88.200000,0.399463,-0.088454,0.787634,-0.036686,0.000000,0.000000,0.000000,0.000000
1029.408,0.399331,-0.088454,0.787493,-0.036685,0.005236,-0.000010,0.000000,0.000000,-17.400000,36.000000,132.900000,88.200000,0.399463,-0.088454,0.787634,-0.036686,0.000000,0.000000,0.000000,0.000000
1029.418,0.399331,-0.088454,0.787493,-0.036685,0.005236,-0.000010,0.000000,0.000000,-17.400000,36.000000,132.900000,88.200000,0.399463,-0.088454,0.787634,-0.036686,0.000000,0.000000,0.000000,0.000000
1030.388,0.390605,-0.086310,0.813847,-0.034928,0.000000,0.000000,0.001745,0.000000,-18.000000,28.100000,112.600000,87.200000,0.390676,-0.086310,0.813925,-0.034928,0.000000,0.000000,0.000000,0.000000
1030.398,0.390605,-0.086310,0.813847,-0.034928,0.000000,0.000000,0.001745,0.000000,-18.000000,28.100000,112.600000,87.200000,0.390676,-0.086310,0.813925,-0.034928,0.000000,0.000000,0.000000,0.000000
1030.408,0.390605,-0.086310,0.813847,-0.034928,0.000000,0.000000,0.001745,0.000000,-18.000000,28.100000,112.600000,87.200000,0.390676,-0.086310,0.813925,-0.034928,0.000000,0.000000,0.000000,0.000000
1030.418,0.390605,-0.086310,0.813847,-0.034928,0.000000,0.000000,0.001745,0.000000,-18.000000,28.100000,112.600000,87.200000,0.390676,-0.086310,0.813925,-0.034928,0.000000,0.000000,0.000000,0.000000
1031.188,0.388859,-0.085356,0.841074,-0.034001,0.001745,0.000020,0.000000,0.000000,-13.800000,24.200000,68.800000,81.500000,0.388897,-0.085357,0.841353,-0.034002,0.000000,0.000000,0.000000,0.000000
1031.198,0.388859,-0.085356,0.841074,-0.034001,0.001745,0.000020,0.000000,0.000000,-13.800000,24.200000,68.800000,81.500000,0.388897,-0.085357,0.841353,-0.034002,0.000000,0.000000,0.000000,0.000000
1031.208,0.388859,-0.085356,0.841074,-0.034001,0.001745,0.000020,0.000000,0.000000,-13.800000,24.200000,68.800000,81.500000,0.388897,-0.085357,0.841353,-0.034002,0.000000,0.000000,0.000000,0.000000
1031.218,0.388859,-0.085356,0.841074,-0.034001,0.001745,0.000020,0.000000,0.000000,-13.800000,24.200000,68.800000,81.500000,0.388897,-0.085357,0.841353,-0.034002,0.000000,0.000000,0.000000,0.000000
1046.792,-1.416684,-0.154708,-1.416509,-0.071904,-0.010472,-0.000010,0.000000,0.000000,-17.100000,14.200000,3.800000,45.600000,-1.416688,-0.154708,-1.416688,-0.071904,0.000000,0.000000,0.000000,0.000000
1046.804,-1.416684,-0.154708,-1.416509,-0.071904,-0.010472,-0.000010,0.000000,0.000000,-17.100000,14.200000,3.800000,45.600000,-1.416688,-0.154708,-1.416688,-0.071904,0.000000,0.000000,0.000000,0.000000
1046.814,-1.416684,-0.154708,-1.416509,-0.071904,-0.010472,-0.000010,0.000000,0.000000,-17.100000,14.200000,3.800000,45.600000,-1.416688,-0.154708,-1.416688,-0.071904,0.000000,0.000000,0.000000,0.000000
1046.824,-1.416684,-0.154708,-1.416509,-0.071904,-0.010472,-0.000010,0.000000,0.000000,-17.100000,14.200000,3.800000,45.600000,-1.416688,-0.154708,-1.416688,-0.071904,0.000000,0.000000,0.000000,0.000000
1050.288,-1.386140,-0.152526,-1.424189,-0.070952,0.000000,-0.000010,0.000000,0.000000,-13.500000,49.500000,14.600000,94.300000,-1.386220,-0.152526,-1.424260,-0.070953,0.000000,0.000000,0.000000,0.000000
1050.298,-1.386140,-0.152526,-1.424189,-0.070952,0.000000,-0.000010,0.000000,0.000000,-13.500000,49.500000,14.600000,94.300000,-1.386220,-0.152526,-1.424260,-0.070953,0.000000,0.000000,0.000000,0.000000
1050.308,-1.386140,-0.152526,-1.424189,-0.070952,0.000000,-0.000010,0.000000,0.000000,-13.500000,49.500000,14.600000,94.300000,-1.386220,-0.152526,-1.424260,-0.070953,0.000000,0.000000,0.000000,0.000000
1050.318,-1.386140,-0.152526,-1.424189,-0.070952,0.000000,-0.000010,0.000000,0.000000,-13.500000,49.500000,14.600000,94.300000,-1.386220,-0.152526,-1.424260,-0.070953,0.000000,0.000000,0.000000,0.000000
1050.787,-1.360484,-0.150512,-1.433788,-0.070081,0.000000,-0.000010,0.000000,0.000000,-7.300000,63.200000,3.500000,114.000000,-1.360584,-0.150513,-1.433672,-0.070081,0.000000,0.000000,0.000000,0.000000
1050.798,-1.360484,-0.150512,-1.433788,-0.070081,0.000000,-0.000010,0.000000,0.000000,-7.300000,63.200000,3.500000,114.000000,-1.360584,-0.150513,-1.433672,-0.070081,0.000000,0.000000,0.000000,0.000000
1050.808,-1.360484,-0.150512,-1.433788,-0.070081,0.000000,-0.000010,0.000000,0.000000,-7.300000,63.200000,3.500000,114.000000,-1.360584,-0.150513,-1.433672,-0.070081,0.000000,0.000000,0.000000,0.000000
1050.818,-1.360484,-0.150512,-1.433788,-0.070081,0.000000,-0.000010,0.000000,0.000000,-7.300000,63.200000,3.500000,114.000000,-1.360584,-0.150513,-1.433672,-0.070081,0.000000,0.000000,0.000000,0.000000
1051.288,-1.373749,-0.148435,-1.426807,-0.069068,0.000000,0.000000,-0.001745,0.000000,-14.000000,91.000000,-54.200000,120.700000,-1.373972,-0.148436,-1.426904,-0.069068,0.000000,0.000000,0.000000,0.000000
1051.298,-1.373749,-0.148435,-1.426807,-0.069068,0.000000,0.000000,-0.001745,0.000000,-14.000000,91.000000,-54.200000,120.700000,-1.373972,-0.148436,-1.426904,-0.069068,0.000000,0.000000,0.000000,0.000000
1051.308,-1.373749,-0.148435,-1.426807,-0.069068,0.000000,0.000000,-0.001745,0.000000,-14.000000,91.000000,-54.200000,120.700000,-1.373972,-0.148436,-1.426904,-0.069068,0.000000,0.000000,0.000000,0.000000
1051.318,-1.373749,-0.148435,-1.426807,-0.069068,0.000000,0.000000,-0.001745,0.000000,-14.000000,91.000000,-54.200000,120.700000,-1.373972,-0.148436,-1.426904,-0.069068,0.000000,0.000000,0.000000,0.000000
1051.787,-1.349140,-0.146408,-1.430821,-0.068130,0.000000,-0.000010,0.000000,0.000000,-12.400000,82.200000,55.400000,110.000000,-1.349164,-0.146409,-1.430795,-0.068131,0.000000,0.000000,0.000000,0.000000
1051.797,-1.349140,-0.146408,-1.430821,-0.068130,0.000000,-0.000010,0.000000,0.000000,-12.400000,82.200000,55.400000,110.000000,-1.349164,-0.146409,-1.430795,-0.068131,0.000000,0.000000,0.000000,0.000000
1051.808,-1.349140,-0.146408,-1.430821,-0.068130,0.000000,-0.000010,0.000000,0.000000,-12.400000,82.200000,55.400000,110.000000,-1.349164,-0.146409,-1.430795,-0.068131,0.000000,0.000000,0.000000,0.000000
1051.818,-1.349140,-0.146408,-1.430821,-0.068130,0.000000,-0.000010,0.000000,0.000000,-12.400000,82.200000,55.400000,110.000000,-1.349164,-0.146409,-1.430795,-0.068131,0.000000,0.000000,0.000000,0.000000
1052.287,-1.376890,-0.144366,-1.409528,-0.067261,0.000000,0.000000,-0.003491,0.000000,-20.700000,56.200000,-27.300000,113.900000,-1.372068,-0.141899,-1.410902,-0.065783,0.000000,0.000000,0.000000,0.000000
1052.297,-1.376890,-0.144366,-1.409528,-0.067261,0.000000,0.000000,-0.003491,0.000000,-20.700000,56.200000,-27.300000,113.900000,-1.372068,-0.141899,-1.410902,-0.065783,0.000000,0.000000,0.000000,0.000000
1052.308,-1.376890,-0.144366,-1.409528,-0.067261,0.000000,0.000000,-0.003491,0.000000,-20.700000,56.200000,-27.300000,113.900000,-1.372068,-0.141899,-1.410902,-0.065783,0.000000,0.000000,0.000000,0.000000
1052.318,-1.376890,-0.144366,-1.409528,-0.067261,0.000000,0.000000,-0.003491,0.000000,-20.700000,56.200000,-27.300000,113.900000,-1.372068,-0.141899,-1.410902,-0.065783,0.000000,0.000000,0.000000,0.000000
1052.787,-1.372003,-0.141899,-1.410924,-0.065783,0.000000,0.000050,0.000000,0.000000,-18.400000,69.500000,131.000000,129.600000,-1.372068,-0.141899,-1.410902,-0.065783,0.000000,0.000000,0.000000,0.000000
1052.797,-1.372003,-0.141899,-1.410924,-0.065783,0.000000,0.000050,0.000000,0.000000,-18.400000,69.500000,131.000000,129.600000,-1.372068,-0.141899,-1.410902,-0.065783,0.000000,0.000000,0.000000,0.000000
1052.808,-1.372003,-0.141899,-1.410924,-0.065783,0.000000,0.000050,0.000000,0.000000,-18.400000,69.500000,131.000000,129.600000,-1.372068,-0.141899,-1.410902,-0.065783,0.000000,0.000000,0.000000,0.000000
1052.818,-1.372003,-0.141899,-1.410924,-0.065783,0.000000,0.000050,0.000000,0.000000,-18.400000,69.500000,131.000000,129.600000,-1.372068,-0.141899,-1.410902,-0.065783,0.000000,0.000000,0.000000,0.000000
1053.188,-1.403594,-0.139896,-1.376716,-0.065332,0.000000,0.000150,0.000000,0.000000,-27.800000,63.200000,164.400000,122.400000,-1.403658,-0.139892,-1.377025,-0.065333,0.000000,0.000000,0.000000,0.000000
1053.198,-1.403594,-0.139896,-1.376716,-0.065332,0.000000,0.000150,0.000000,0.000000,-27.800000,63.200000,164.400000,122.400000,-1.403658,-0.139892,-1.377025,-0.065333,0.000000,0.000000,0.000000,0.000000
1053.208,-1.403594,-0.139896,-1.376716,-0.065332,0.000000,0.000150,0.000000,0.000000,-27.800000,63.200000,164.400000,122.400000,-1.403658,-0.139892,-1.377025,-0.065333,0.000000,0.000000,0.000000,0.000000
1053.218,-1.403594,-0.139896,-1.376716,-0.065332,0.000000,0.000150,0.000000,0.000000,-27.800000,63.200000,164.400000,122.400000,-1.403658,-0.139892,-1.377025,-0.065333,0.000000,0.000000,0.000000,0.000000
1053.688,-1.368862,-0.137824,-1.387886,-0.064423,0.000000,0.000060,0.001745,0.000000,-8.900000,81.100000,103.300000,105.500000,-1.368876,-0.137824,-1.387971,-0.064424,0.000000,0.000000,0.000000,0.000000
1053.698,-1.368862,-0.137824,-1.387886,-0.064423,0.000000,0.000060,0.001745,0.000000,-8.900000,81.100000,103.300000,105.500000,-1.368876,-0.137824,-1.387971,-0.064424,0.000000,0.000000,0.000000,0.000000
1053.708,-1.368862,-0.137824,-1.387886,-0.064423,0.000000,0.000060,0.001745,0.000000,-8.900000,81.100000,103.300000,105.500000,-1.368876,-0.137824,-1.387971,-0.064424,0.000000,0.000000,0.000000,0.000000
1053.718,-1.368862,-0.137824,-1.387886,-0.064423,0.000000,0.000060,0.001745,0.000000,-8.900000,81.100000,103.300000,105.500000,-1.368876,-0.137824,-1.387971,-0.064424,0.000000,0.000000,0.000000,0.000000
1054.088,-1.391900,-0.135772,-1.373225,-0.063419,0.015708,0.000180,0.000000,0.000000,-18.600000,78.600000,55.400000,145.600000,-1.391765,-0.135769,-1.373419,-0.063419,0.000000,0.000000,0.000000,0.000000
1054.098,-1.391900,-0.135772,-1.373225,-0.063419,0.015708,0.000180,0.000000,0.000000,-18.600000,78.600000,55.400000,145.600000,-1.391765,-0.135769,-1.373419,-0.063419,0.000000,0.000000,0.000000,0.000000
1054.108,-1.391900,-0.135772,-1.373225,-0.063419,0.015708,0.000180,0.000000,0.000000,-18.600000,78.600000,55.400000,145.600000,-1.391765,-0.135769,-1.373419,-0.063419,0.000000,0.000000,0.000000,0.000000
1054.118,-1.391900,-0.135772,-1.373225,-0.063419,0.015708,0.000180,0.000000,0.000000,-18.600000,78.600000,55.400000,145.600000,-1.391765,-0.135769,-1.373419,-0.063419,0.000000,0.000000,0.000000,0.000000
1054.588,-1.358739,-0.133757,-1.395740,-0.063077,-0.006981,-0.000030,0.000000,0.000000,-10.200000,57.900000,-6.500000,114.100000,-1.323744,-0.131715,-1.408706,-0.061685,0.000000,0.000000,0.000000,0.000000
1054.598,-1.358739,-0.133757,-1.395740,-0.063077,-0.006981,-0.000030,0.000000,0.000000,-10.200000,57.900000,-6.500000,114.100000,-1.323744,-0.131715,-1.408706,-0.061685,0.000000,0.000000,0.000000,0.000000
1054.608,-1.358739,-0.133757,-1.395740,-0.063077,-0.006981,-0.000030,0.000000,0.000000,-10.200000,57.900000,-6.500000,114.100000,-1.323744,-0.131715,-1.408706,-0.061685,0.000000,0.000000,0.000000,0.000000
1054.618,-1.358739,-0.133757,-1.395740,-0.063077,-0.006981,-0.000030,0.000000,0.000000,-10.200000,57.900000,-6.500000,114.100000,-1.323744,-0.131715,-1.408706,-0.061685,0.000000,0.000000,0.000000,0.000000
1055.087,-1.323483,-0.131714,-1.408830,-0.061685,0.001745,0.000020,0.005236,0.000000,-9.600000,54.500000,68.100000,135.000000,-1.323744,-0.131715,-1.408706,-0.061685,0.000000,0.000000,0.000000,0.000000
1055.097,-1.323483,-0.131714,-1.408830,-0.061685,0.001745,0.000020,0.005236,0.000000,-9.600000,54.500000,68.100000,135.000000,-1.323744,-0.131715,-1.408706,-0.061685,0.000000,0.000000,0.000000,0.000000
1055.107,-1.323483,-0.131714,-1.408830,-0.061685,0.001745,0.000020,0.005236,0.000000,-9.600000,54.500000,68.100000,135.000000,-1.323744,-0.131715,-1.408706,-0.061685,0.000000,0.000000,0.000000,0.000000
1055.118,-1.323483,-0.131714,-1.408830,-0.061685,0.001745,0.000020,0.005236,0.000000,-9.600000,54.500000,68.100000,135.000000,-1.323744,-0.131715,-1.408706,-0.061685,0.000000,0.000000,0.000000,0.000000
1055.687,-1.293464,-0.129637,-1.420174,-0.060254,0.000000,-0.000020,0.000000,0.000000,-2.800000,36.500000,84.100000,84.300000,-1.293553,-0.129637,-1.420317,-0.060254,0.000000,0.000000,0.000000,0.000000
1055.698,-1.293464,-0.129637,-1.420174,-0.060254,0.000000,-0.000020,0.000000,0.000000,-2.800000,36.500000,84.100000,84.300000,-1.293553,-0.129637,-1.420317,-0.060254,0.000000,0.000000,0.000000,0.000000
1055.708,-1.293464,-0.129637,-1.420174,-0.060254,0.000000,-0.000020,0.000000,0.000000,-2.800000,36.500000,84.100000,84.300000,-1.293553,-0.129637,-1.420317,-0.060254,0.000000,0.000000,0.000000,0.000000
1055.718,-1.293464,-0.129637,-1.420174,-0.060254,0.000000,-0.000020,0.000000,0.000000,-2.800000,36.500000,84.100000,84.300000,-1.293553,-0.129637,-1.420317,-0.060254,0.000000,0.000000,0.000000,0.000000
1056.187,-1.263618,-0.127608,-1.431170,-0.058899,0.000000,0.000000,0.000000,0.000000,-1.600000,73.500000,95.900000,122.100000,-1.320821,-0.125604,-1.398969,-0.058095,0.000000,0.000000,0.000000,0.000000
1056.197,-1.263618,-0.127608,-1.431170,-0.058899,0.000000,0.000000,0.000000,0.000000,-1.600000,73.500000,95.900000,122.100000,-1.320821,-0.125604,-1.398969,-0.058095,0.000000,0.000000,0.000000,0.000000
1056.208,-1.263618,-0.127608,-1.431170,-0.058899,0.000000,0.000000,0.000000,0.000000,-1.600000,73.500000,95.900000,122.100000,-1.320821,-0.125604,-1.398969,-0.058095,0.000000,0.000000,0.000000,0.000000
1056.218,-1.263618,-0.127608,-1.431170,-0.058899,0.000000,0.000000,0.000000,0.000000,-1.600000,73.500000,95.900000,122.100000,-1.320821,-0.125604,-1.398969,-0.058095,0.000000,0.000000,0.000000,0.000000
1059.588,-1.320691,-0.125603,-1.398707,-0.058094,0.005236,-0.000020,0.000000,0.000000,-19.300000,46.500000,20.100000,100.600000,-1.320821,-0.125604,-1.398969,-0.058095,0.000000,0.000000,0.000000,0.000000
1059.598,-1.320691,-0.125603,-1.398707,-0.058094,0.005236,-0.000020,0.000000,0.000000,-19.300000,46.500000,20.100000,100.600000,-1.320821,-0.125604,-1.398969,-0.058095,0.000000,0.000000,0.000000,0.000000
1059.608,-1.320691,-0.125603,-1.398707,-0.058094,0.005236,-0.000020,0.000000,0.000000,-19.300000,46.500000,20.100000,100.600000,-1.320821,-0.125604,-1.398969,-0.058095,0.000000,0.000000,0.000000,0.000000
1059.618,-1.320691,-0.125603,-1.398707,-0.058094,0.005236,-0.000020,0.000000,0.000000,-19.300000,46.500000,20.100000,100.600000,-1.320821,-0.125604,-1.398969,-0.058095,0.000000,0.000000,0.000000,0.000000
1059.988,-1.377414,-0.123595,-1.370782,-0.057289,-0.003491,0.000170,0.000000,0.000000,-22.600000,56.900000,114.200000,124.000000,-1.377524,-0.123591,-1.371085,-0.057290,0.000000,0.000000,0.000000,0.000000
1059.998,-1.377414,-0.123595,-1.370782,-0.057289,-0.003491,0.000170,0.000000,0.000000,-22.600000,56.900000,114.200000,124.000000,-1.377524,-0.123591,-1.371085,-0.057290,0.000000,0.000000,0.000000,0.000000
1060.008,-1.377414,-0.123595,-1.370782,-0.057289,-0.003491,0.000170,0.000000,0.000000,-22.600000,56.900000,114.200000,124.000000,-1.377524,-0.123591,-1.371085,-0.057290,0.000000,0.000000,0.000000,0.000000
1060.018,-1.377414,-0.123595,-1.370782,-0.057289,-0.003491,0.000170,0.000000,0.000000,-22.600000,56.900000,114.200000,124.000000,-1.377524,-0.123591,-1.371085,-0.057290,0.000000,0.000000,0.000000,0.000000
1060.488,-1.331163,-0.121567,-1.395216,-0.055790,-0.024435,0.000040,0.000000,0.000000,-11.700000,61.900000,3.900000,126.700000,-1.331315,-0.121567,-1.395357,-0.055791,0.000000,0.000000,0.000000,0.000000
1060.498,-1.331163,-0.121567,-1.395216,-0.055790,-0.024435,0.000040,0.000000,0.000000,-11.700000,61.900000,3.900000,126.700000,-1.331315,-0.121567,-1.395357,-0.055791,0.000000,0.000000,0.000000,0.000000
1060.508,-1.331163,-0.121567,-1.395216,-0.055790,-0.024435,0.000040,0.000000,0.000000,-11.700000,61.900000,3.900000,126.700000,-1.331315,-0.121567,-1.395357,-0.055791,0.000000,0.000000,0.000000,0.000000
1060.518,-1.331163,-0.121567,-1.395216,-0.055790,-0.024435,0.000040,0.000000,0.000000,-11.700000,61.900000,3.900000,126.700000,-1.331315,-0.121567,-1.395357,-0.055791,0.000000,0.000000,0.000000,0.000000
1060.988,-1.328021,-0.119402,-1.389457,-0.054190,-0.015708,0.000030,0.000000,0.000000,-7.500000,53.600000,-42.100000,127.400000,-1.328160,-0.119403,-1.389496,-0.054191,0.000000,0.000000,0.000000,0.000000
1060.998,-1.328021,-0.119402,-1.389457,-0.054190,-0.015708,0.000030,0.000000,0.000000,-7.500000,53.600000,-42.100000,127.400000,-1.328160,-0.119403,-1.389496,-0.054191,0.000000,0.000000,0.000000,0.000000
1061.008,-1.328021,-0.119402,-1.389457,-0.054190,-0.015708,0.000030,0.000000,0.000000,-7.500000,53.600000,-42.100000,127.400000,-1.328160,-0.119403,-1.389496,-0.054191,0.000000,0.000000,0.000000,0.000000
1061.018,-1.328021,-0.119402,-1.389457,-0.054190,-0.015708,0.000030,0.000000,0.000000,-7.500000,53.600000,-42.100000,127.400000,-1.328160,-0.119403,-1.389496,-0.054191,0.000000,0.000000,0.000000,0.000000
1061.488,-1.328545,-0.116910,-1.379159,-0.052338,-0.019199,0.000110,-0.001745,0.000000,-15.300000,102.200000,-58.000000,164.700000,-1.328640,-0.116910,-1.379257,-0.052338,0.000000,0.000000,0.000000,0.000000
1061.498,-1.328545,-0.116910,-1.379159,-0.052338,-0.019199,0.000110,-0.001745,0.000000,-15.300000,102.200000,-58.000000,164.700000,-1.328640,-0.116910,-1.379257,-0.052338,0.000000,0.000000,0.000000,0.000000
1061.508,-1.328545,-0.116910,-1.379159,-0.052338,-0.019199,0.000110,-0.001745,0.000000,-15.300000,102.200000,-58.000000,164.700000,-1.328640,-0.116910,-1.379257,-0.052338,0.000000,0.000000,0.000000,0.000000
1061.518,-1.328545,-0.116910,-1.379159,-0.052338,-0.019199,0.000110,-0.001745,0.000000,-15.300000,102.200000,-58.000000,164.700000,-1.328640,-0.116910,-1.379257,-0.052338,0.000000,0.000000,0.000000,0.000000
1061.888,-1.333955,-0.114901,-1.366418,-0.050821,0.001745,0.000210,0.000000,0.000010,-19.500000,70.400000,64.400000,143.600000,-1.334034,-0.114898,-1.366710,-0.050820,0.000000,0.000000,0.000000,0.000000
1061.898,-1.333955,-0.114901,-1.366418,-0.050821,0.001745,0.000210,0.000000,0.000010,-19.500000,70.400000,64.400000,143.600000,-1.334034,-0.114898,-1.366710,-0.050820,0.000000,0.000000,0.000000,0.000000
1061.908,-1.333955,-0.114901,-1.366418,-0.050821,0.001745,0.000210,0.000000,0.000010,-19.500000,70.400000,64.400000,143.600000,-1.334034,-0.114898,-1.366710,-0.050820,0.000000,0.000000,0.000000,0.000000
1061.918,-1.333955,-0.114901,-1.366418,-0.050821,0.001745,0.000210,0.000000,0.000010,-19.500000,70.400000,64.400000,143.600000,-1.334034,-0.114898,-1.366710,-0.050820,0.000000,0.000000,0.000000,0.000000
1062.287,-1.344951,-0.112963,-1.359262,-0.049412,-0.001745,0.000110,0.000000,0.000000,-10.700000,60.500000,156.200000,132.800000,-1.344862,-0.112961,-1.359556,-0.049411,0.000000,0.000000,0.000000,0.000000
1062.297,-1.344951,-0.112963,-1.359262,-0.049412,-0.001745,0.000110,0.000000,0.000000,-10.700000,60.500000,156.200000,132.800000,-1.344862,-0.112961,-1.359556,-0.049411,0.000000,0.000000,0.000000,0.000000
1062.308,-1.344951,-0.112963,-1.359262,-0.049412,-0.001745,0.000110,0.000000,0.000000,-10.700000,60.500000,156.200000,132.800000,-1.344862,-0.112961,-1.359556,-0.049411,0.000000,0.000000,0.000000,0.000000
1062.318,-1.344951,-0.112963,-1.359262,-0.049412,-0.001745,0.000110,0.000000,0.000000,-10.700000,60.500000,156.200000,132.800000,-1.344862,-0.112961,-1.359556,-0.049411,0.000000,0.000000,0.000000,0.000000
1062.687,-1.359437,-0.110970,-1.343380,-0.047928,0.000000,0.000040,0.000000,0.000000,-16.800000,41.600000,26.300000,112.600000,-1.359493,-0.110968,-1.343776,-0.047928,0.000000,0.000000,0.000000,0.000000
1062.697,-1.359437,-0.110970,-1.343380,-0.047928,0.000000,0.000040,0.000000,0.000000,-16.800000,41.600000,26.300000,112.600000,-1.359493,-0.110968,-1.343776,-0.047928,0.000000,0.000000,0.000000,0.000000
1062.708,-1.359437,-0.110970,-1.343380,-0.047928,0.000000,0.000040,0.000000,0.000000,-16.800000,41.600000,26.300000,112.600000,-1.359493,-0.110968,-1.343776,-0.047928,0.000000,0.000000,0.000000,0.000000
1062.718,-1.359437,-0.110970,-1.343380,-0.047928,0.000000,0.000040,0.000000,0.000000,-16.800000,41.600000,26.300000,112.600000,-1.359493,-0.110968,-1.343776,-0.047928,0.000000,0.000000,0.000000,0.000000
1063.187,-1.377239,-0.108895,-1.331512,-0.046421,-0.001745,0.000000,0.000000,0.000000,-20.700000,63.200000,21.100000,102.200000,-1.395838,-0.106792,-1.313843,-0.044887,0.000000,0.000000,0.000000,0.000000
1063.197,-1.377239,-0.108895,-1.331512,-0.046421,-0.001745,0.000000,0.000000,0.000000,-20.700000,63.200000,21.100000,102.200000,-1.395838,-0.106792,-1.313843,-0.044887,0.000000,0.000000,0.000000,0.000000
1063.208,-1.377239,-0.108895,-1.331512,-0.046421,-0.001745,0.000000,0.000000,0.000000,-20.700000,63.200000,21.100000,102.200000,-1.395838,-0.106792,-1.313843,-0.044887,0.000000,0.000000,0.000000,0.000000
1063.218,-1.377239,-0.108895,-1.331512,-0.046421,-0.001745,0.000000,0.000000,0.000000,-20.700000,63.200000,21.100000,102.200000,-1.395838,-0.106792,-1.313843,-0.044887,0.000000,0.000000,0.000000,0.000000
1063.588,-1.395565,-0.106794,-1.313360,-0.044887,-0.017453,0.000120,0.000000,0.000020,-27.600000,74.100000,128.400000,129.400000,-1.395838,-0.106792,-1.313843,-0.044887,0.000000,0.000000,0.000000,0.000000
1063.598,-1.395565,-0.106794,-1.313360,-0.044887,-0.017453,0.000120,0.000000,0.000020,-27.600000,74.100000,128.400000,129.400000,-1.395838,-0.106792,-1.313843,-0.044887,0.000000,0.000000,0.000000,0.000000
1063.608,-1.395565,-0.106794,-1.313360,-0.044887,-0.017453,0.000120,0.000000,0.000020,-27.600000,74.100000,128.400000,129.400000,-1.395838,-0.106792,-1.313843,-0.044887,0.000000,0.000000,0.000000,0.000000
1063.618,-1.395565,-0.106794,-1.313360,-0.044887,-0.017453,0.000120,0.000000,0.000020,-27.600000,74.100000,128.400000,129.400000,-1.395838,-0.106792,-1.313843,-0.044887,0.000000,0.000000,0.000000,0.000000
1064.087,-1.410750,-0.104680,-1.295383,-0.043346,0.000000,0.000000,0.000000,0.000000,-22.900000,69.600000,63.300000,122.200000,-1.416484,-0.102614,-1.284051,-0.041799,0.000000,0.000000,0.000000,0.000000
1064.097,-1.410750,-0.104680,-1.295383,-0.043346,0.000000,0.000000,0.000000,0.000000,-22.900000,69.600000,63.300000,122.200000,-1.416484,-0.102614,-1.284051,-0.041799,0.000000,0.000000,0.000000,0.000000
1064.107,-1.410750,-0.104680,-1.295383,-0.043346,0.000000,0.000000,0.000000,0.000000,-22.900000,69.600000,63.300000,122.200000,-1.416484,-0.102614,-1.284051,-0.041799,0.000000,0.000000,0.000000,0.000000
1064.118,-1.410750,-0.104680,-1.295383,-0.043346,0.000000,0.000000,0.000000,0.000000,-22.900000,69.600000,63.300000,122.200000,-1.416484,-0.102614,-1.284051,-0.041799,0.000000,0.000000,0.000000,0.000000
1064.588,-1.416335,-0.102613,-1.283864,-0.041798,-0.001745,0.000000,0.000000,0.000000,-16.200000,38.500000,-5.900000,128.700000,-1.416484,-0.102614,-1.284051,-0.041799,0.000000,0.000000,0.000000,0.000000
1064.598,-1.416335,-0.102613,-1.283864,-0.041798,-0.001745,0.000000,0.000000,0.000000,-16.200000,38.500000,-5.900000,128.700000,-1.416484,-0.102614,-1.284051,-0.041799,0.000000,0.000000,0.000000,0.000000
1064.608,-1.416335,-0.102613,-1.283864,-0.041798,-0.001745,0.000000,0.000000,0.000000,-16.200000,38.500000,-5.900000,128.700000,-1.416484,-0.102614,-1.284051,-0.041799,0.000000,0.000000,0.000000,0.000000
1064.618,-1.416335,-0.102613,-1.283864,-0.041798,-0.001745,0.000000,0.000000,0.000000,-16.200000,38.500000,-5.900000,128.700000,-1.416484,-0.102614,-1.284051,-0.041799,0.000000,0.000000,0.000000,0.000000
1065.087,-1.421920,-0.100430,-1.277232,-0.040191,0.013963,0.000000,0.000000,0.000000,-20.100000,43.300000,20.100000,130.000000,-1.421987,-0.100430,-1.277554,-0.040192,0.000000,0.000000,0.000000,0.000000
1065.098,-1.421920,-0.100430,-1.277232,-0.040191,0.013963,0.000000,0.000000,0.000000,-20.100000,43.300000,20.100000,130.000000,-1.421987,-0.100430,-1.277554,-0.040192,0.000000,0.000000,0.000000,0.000000
1065.108,-1.421920,-0.100430,-1.277232,-0.040191,0.013963,0.000000,0.000000,0.000000,-20.100000,43.300000,20.100000,130.000000,-1.421987,-0.100430,-1.277554,-0.040192,0.000000,0.000000,0.000000,0.000000
1065.118,-1.421920,-0.100430,-1.277232,-0.040191,0.013963,0.000000,0.000000,0.000000,-20.100000,43.300000,20.100000,130.000000,-1.421987,-0.100430,-1.277554,-0.040192,0.000000,0.000000,0.000000,0.000000
1065.588,-1.418778,-0.098232,-1.270774,-0.038754,0.001745,0.000000,0.000000,0.000000,-13.100000,50.000000,-34.500000,118.400000,-1.418615,-0.098231,-1.270824,-0.038754,0.000000,0.000000,0.000000,0.000000
1065.598,-1.418778,-0.098232,-1.270774,-0.038754,0.001745,0.000000,0.000000,0.000000,-13.100000,50.000000,-34.500000,118.400000,-1.418615,-0.098231,-1.270824,-0.038754,0.000000,0.000000,0.000000,0.000000
1065.608,-1.418778,-0.098232,-1.270774,-0.038754,0.001745,0.000000,0.000000,0.000000,-13.100000,50.000000,-34.500000,118.400000,-1.418615,-0.098231,-1.270824,-0.038754,0.000000,0.000000,0.000000,0.000000
1065.618,-1.418778,-0.098232,-1.270774,-0.038754,0.001745,0.000000,0.000000,0.000000,-13.100000,50.000000,-34.500000,118.400000,-1.418615,-0.098231,-1.270824,-0.038754,0.000000,0.000000,0.000000,0.000000
1066.088,-1.419127,-0.095827,-1.263967,-0.037111,0.013963,0.000030,-0.001745,0.000000,-12.600000,89.700000,-65.100000,117.200000,-1.419152,-0.095826,-1.264117,-0.037111,0.000000,0.000000,0.000000,0.000000
1066.098,-1.419127,-0.095827,-1.263967,-0.037111,0.013963,0.000030,-0.001745,0.000000,-12.600000,89.700000,-65.100000,117.200000,-1.419152,-0.095826,-1.264117,-0.037111,0.000000,0.000000,0.000000,0.000000
1066.108,-1.419127,-0.095827,-1.263967,-0.037111,0.013963,0.000030,-0.001745,0.000000,-12.600000,89.700000,-65.100000,117.200000,-1.419152,-0.095826,-1.264117,-0.037111,0.000000,0.000000,0.000000,0.000000
1066.118,-1.419127,-0.095827,-1.263967,-0.037111,0.013963,0.000030,-0.001745,0.000000,-12.600000,89.700000,-65.100000,117.200000,-1.419152,-0.095826,-1.264117,-0.037111,0.000000,0.000000,0.000000,0.000000
1066.588,-1.418255,-0.093650,-1.247910,-0.035722,0.000000,0.000020,0.000000,0.000000,-15.600000,33.100000,-16.700000,111.100000,-1.418275,-0.093650,-1.247754,-0.035722,0.000000,0.000000,0.000000,0.000000
1066.598,-1.418255,-0.093650,-1.247910,-0.035722,0.000000,0.000020,0.000000,0.000000,-15.600000,33.100000,-16.700000,111.100000,-1.418275,-0.093650,-1.247754,-0.035722,0.000000,0.000000,0.000000,0.000000
1066.608,-1.418255,-0.093650,-1.247910,-0.035722,0.000000,0.000020,0.000000,0.000000,-15.600000,33.100000,-16.700000,111.100000,-1.418275,-0.093650,-1.247754,-0.035722,0.000000,0.000000,0.000000,0.000000
1066.618,-1.418255,-0.093650,-1.247910,-0.035722,0.000000,0.000020,0.000000,0.000000,-15.600000,33.100000,-16.700000,111.100000,-1.418275,-0.093650,-1.247754,-0.035722,0.000000,0.000000,0.000000,0.000000
1081.488,0.764803,-0.154709,0.764454,-0.071904,0.000000,0.000000,0.000000,0.000000,-7.300000,35.700000,90.200000,57.100000,0.764630,-0.154709,0.764630,-0.071904,0.000000,0.000000,0.000000,0.000000
1081.498,0.764803,-0.154709,0.764454,-0.071904,0.000000,0.000000,0.000000,0.000000,-7.300000,35.700000,90.200000,57.100000,0.764630,-0.154709,0.764630,-0.071904,0.000000,0.000000,0.000000,0.000000
1081.508,0.764803,-0.154709,0.764454,-0.071904,0.000000,0.000000,0.000000,0.000000,-7.300000,35.700000,90.200000,57.100000,0.764630,-0.154709,0.764630,-0.071904,0.000000,0.000000,0.000000,0.000000
1081.518,0.764803,-0.154709,0.764454,-0.071904,0.000000,0.000000,0.000000,0.000000,-7.300000,35.700000,90.200000,57.100000,0.764630,-0.154709,0.764630,-0.071904,0.000000,0.000000,0.000000,0.000000
1081.987,0.737053,-0.152503,0.787143,-0.071319,0.000000,0.000000,-0.003491,0.000000,-11.800000,51.700000,-34.500000,74.500000,0.737287,-0.152504,0.787119,-0.071319,0.000000,0.000000,0.000000,0.000000
1081.997,0.737053,-0.152503,0.787143,-0.071319,0.000000,0.000000,-0.003491,0.000000,-11.800000,51.700000,-34.500000,74.500000,0.737287,-0.152504,0.787119,-0.071319,0.000000,0.000000,0.000000,0.000000
1082.008,0.737053,-0.152503,0.787143,-0.071319,0.000000,0.000000,-0.003491,0.000000,-11.800000,51.700000,-34.500000,74.500000,0.737287,-0.152504,0.787119,-0.071319,0.000000,0.000000,0.000000,0.000000
1082.018,0.737053,-0.152503,0.787143,-0.071319,0.000000,0.000000,-0.003491,0.000000,-11.800000,51.700000,-34.500000,74.500000,0.737287,-0.152504,0.787119,-0.071319,0.000000,0.000000,0.000000,0.000000
1082.491,0.766025,-0.150444,0.767770,-0.070166,0.000000,0.000000,0.000000,0.000000,-12.500000,59.600000,71.100000,135.300000,0.765909,-0.150444,0.767990,-0.070167,0.000000,0.000000,0.000000,0.000000
1082.501,0.766025,-0.150444,0.767770,-0.070166,0.000000,0.000000,0.000000,0.000000,-12.500000,59.600000,71.100000,135.300000,0.765909,-0.150444,0.767990,-0.070167,0.000000,0.000000,0.000000,0.000000
1082.514,0.766025,-0.150444,0.767770,-0.070166,0.000000,0.000000,0.000000,0.000000,-12.500000,59.600000,71.100000,135.300000,0.765909,-0.150444,0.767990,-0.070167,0.000000,0.000000,0.000000,0.000000
1082.524,0.766025,-0.150444,0.767770,-0.070166,0.000000,0.000000,0.000000,0.000000,-12.500000,59.600000,71.100000,135.300000,0.765909,-0.150444,0.767990,-0.070167,0.000000,0.000000,0.000000,0.000000
1083.488,0.721345,-0.148369,0.782955,-0.069116,-0.013963,0.000000,0.000000,0.000000,-15.700000,43.600000,35.400000,95.400000,0.721542,-0.148370,0.782800,-0.069117,0.000000,0.000000,0.000000,0.000000
1083.498,0.721345,-0.148369,0.782955,-0.069116,-0.013963,0.000000,0.000000,0.000000,-15.700000,43.600000,35.400000,95.400000,0.721542,-0.148370,0.782800,-0.069117,0.000000,0.000000,0.000000,0.000000
1083.508,0.721345,-0.148369,0.782955,-0.069116,-0.013963,0.000000,0.000000,0.000000,-15.700000,43.600000,35.400000,95.400000,0.721542,-0.148370,0.782800,-0.069117,0.000000,0.000000,0.000000,0.000000
1083.518,0.721345,-0.148369,0.782955,-0.069116,-0.013963,0.000000,0.000000,0.000000,-15.700000,43.600000,35.400000,95.400000,0.721542,-0.148370,0.782800,-0.069117,0.000000,0.000000,0.000000,0.000000
1084.388,0.672475,-0.146335,0.795172,-0.068098,0.000000,-0.000010,0.000000,0.000000,-14.900000,46.200000,63.300000,102.900000,0.672613,-0.146337,0.795413,-0.068099,0.000000,0.000000,0.000000,0.000000
1084.398,0.672475,-0.146335,0.795172,-0.068098,0.000000,-0.000010,0.000000,0.000000,-14.900000,46.200000,63.300000,102.900000,0.672613,-0.146337,0.795413,-0.068099,0.000000,0.000000,0.000000,0.000000
1084.408,0.672475,-0.146335,0.795172,-0.068098,0.000000,-0.000010,0.000000,0.000000,-14.900000,46.200000,63.300000,102.900000,0.672613,-0.146337,0.795413,-0.068099,0.000000,0.000000,0.000000,0.000000
1084.418,0.672475,-0.146335,0.795172,-0.068098,0.000000,-0.000010,0.000000,0.000000,-14.900000,46.200000,63.300000,102.900000,0.672613,-0.146337,0.795413,-0.068099,0.000000,0.000000,0.000000,0.000000
1085.288,0.623606,-0.144303,0.807738,-0.067080,0.012217,-0.000010,0.003491,0.000000,-17.100000,36.700000,108.700000,103.600000,0.623683,-0.144303,0.808026,-0.067080,0.000000,0.000000,0.000000,0.000000
1085.298,0.623606,-0.144303,0.807738,-0.067080,0.012217,-0.000010,0.003491,0.000000,-17.100000,36.700000,108.700000,103.600000,0.623683,-0.144303,0.808026,-0.067080,0.000000,0.000000,0.000000,0.000000
1085.308,0.623606,-0.144303,0.807738,-0.067080,0.012217,-0.000010,0.003491,0.000000,-17.100000,36.700000,108.700000,103.600000,0.623683,-0.144303,0.808026,-0.067080,0.000000,0.000000,0.000000,0.000000
1085.318,0.623606,-0.144303,0.807738,-0.067080,0.012217,-0.000010,0.003491,0.000000,-17.100000,36.700000,108.700000,103.600000,0.623683,-0.144303,0.808026,-0.067080,0.000000,0.000000,0.000000,0.000000
1085.787,0.574737,-0.142271,0.820654,-0.066061,0.000000,0.000030,-0.003491,0.000000,-17.400000,56.500000,-41.500000,113.200000,0.622253,-0.140170,0.786549,-0.065303,0.000000,0.000000,0.000000,0.000000
1085.798,0.574737,-0.142271,0.820654,-0.066061,0.000000,0.000030,-0.003491,0.000000,-17.400000,56.500000,-41.500000,113.200000,0.622253,-0.140170,0.786549,-0.065303,0.000000,0.000000,0.000000,0.000000
1085.808,0.574737,-0.142271,0.820654,-0.066061,0.000000,0.000030,-0.003491,0.000000,-17.400000,56.500000,-41.500000,113.200000,0.622253,-0.140170,0.786549,-0.065303,0.000000,0.000000,0.000000,0.000000
1085.818,0.574737,-0.142271,0.820654,-0.066061,0.000000,0.000030,-0.003491,0.000000,-17.400000,56.500000,-41.500000,113.200000,0.622253,-0.140170,0.786549,-0.065303,0.000000,0.000000,0.000000,0.000000
1086.291,0.622035,-0.140169,0.786271,-0.065302,-0.001745,0.000000,0.000000,0.000000,-13.100000,47.800000,37.600000,101.100000,0.658886,-0.138172,0.740740,-0.064819,0.000000,0.000000,0.000000,0.000000
1086.304,0.622035,-0.140169,0.786271,-0.065302,-0.001745,0.000000,0.000000,0.000000,-13.100000,47.800000,37.600000,101.100000,0.658886,-0.138172,0.740740,-0.064819,0.000000,0.000000,0.000000,0.000000
1086.314,0.622035,-0.140169,0.786271,-0.065302,-0.001745,0.000000,0.000000,0.000000,-13.100000,47.800000,37.600000,101.100000,0.658886,-0.138172,0.740740,-0.064819,0.000000,0.000000,0.000000,0.000000
1086.324,0.622035,-0.140169,0.786271,-0.065302,-0.001745,0.000000,0.000000,0.000000,-13.100000,47.800000,37.600000,101.100000,0.658886,-0.138172,0.740740,-0.064819,0.000000,0.000000,0.000000,0.000000
1087.188,0.659036,-0.138171,0.740718,-0.064819,-0.010472,0.000000,0.000000,0.000000,-10.300000,36.300000,75.700000,92.000000,0.658886,-0.138172,0.740740,-0.064819,0.000000,0.000000,0.000000,0.000000
1087.198,0.659036,-0.138171,0.740718,-0.064819,-0.010472,0.000000,0.000000,0.000000,-10.300000,36.300000,75.700000,92.000000,0.658886,-0.138172,0.740740,-0.064819,0.000000,0.000000,0.000000,0.000000
1087.208,0.659036,-0.138171,0.740718,-0.064819,-0.010472,0.000000,0.000000,0.000000,-10.300000,36.300000,75.700000,92.000000,0.658886,-0.138172,0.740740,-0.064819,0.000000,0.000000,0.000000,0.000000
1087.218,0.659036,-0.138171,0.740718,-0.064819,-0.010472,0.000000,0.000000,0.000000,-10.300000,36.300000,75.700000,92.000000,0.658886,-0.138172,0.740740,-0.064819,0.000000,0.000000,0.000000,0.000000
1087.788,0.679457,-0.136094,0.717330,-0.063782,-0.066323,0.000000,0.000000,0.000000,-12.000000,79.100000,79.600000,91.600000,0.679781,-0.136095,0.717462,-0.063782,0.000000,0.000000,0.000000,0.000000
1087.798,0.679457,-0.136094,0.717330,-0.063782,-0.066323,0.000000,0.000000,0.000000,-12.000000,79.100000,79.600000,91.600000,0.679781,-0.136095,0.717462,-0.063782,0.000000,0.000000,0.000000,0.000000
1087.808,0.679457,-0.136094,0.717330,-0.063782,-0.066323,0.000000,0.000000,0.000000,-12.000000,79.100000,79.600000,91.600000,0.679781,-0.136095,0.717462,-0.063782,0.000000,0.000000,0.000000,0.000000
1087.818,0.679457,-0.136094,0.717330,-0.063782,-0.066323,0.000000,0.000000,0.000000,-12.000000,79.100000,79.600000,91.600000,0.679781,-0.136095,0.717462,-0.063782,0.000000,0.000000,0.000000,0.000000
1088.788,0.708604,-0.134096,0.659909,-0.063392,0.000000,0.000000,0.000000,0.000000,-17.400000,25.400000,14.600000,96.200000,0.708729,-0.134096,0.659813,-0.063393,0.000000,0.000000,0.000000,0.000000
1088.798,0.708604,-0.134096,0.659909,-0.063392,0.000000,0.000000,0.000000,0.000000,-17.400000,25.400000,14.600000,96.200000,0.708729,-0.134096,0.659813,-0.063393,0.000000,0.000000,0.000000,0.000000
1088.808,0.708604,-0.134096,0.659909,-0.063392,0.000000,0.000000,0.000000,0.000000,-17.400000,25.400000,14.600000,96.200000,0.708729,-0.134096,0.659813,-0.063393,0.000000,0.000000,0.000000,0.000000
1088.818,0.708604,-0.134096,0.659909,-0.063392,0.000000,0.000000,0.000000,0.000000,-17.400000,25.400000,14.600000,96.200000,0.708729,-0.134096,0.659813,-0.063393,0.000000,0.000000,0.000000,0.000000
1089.688,0.740369,-0.132038,0.605106,-0.063005,0.008727,0.000000,0.000000,0.000000,-15.300000,36.500000,26.100000,97.500000,0.740391,-0.132039,0.605127,-0.063005,0.000000,0.000000,0.000000,0.000000
1089.698,0.740369,-0.132038,0.605106,-0.063005,0.008727,0.000000,0.000000,0.000000,-15.300000,36.500000,26.100000,97.500000,0.740391,-0.132039,0.605127,-0.063005,0.000000,0.000000,0.000000,0.000000
1089.708,0.740369,-0.132038,0.605106,-0.063005,0.008727,0.000000,0.000000,0.000000,-15.300000,36.500000,26.100000,97.500000,0.740391,-0.132039,0.605127,-0.063005,0.000000,0.000000,0.000000,0.000000
1089.718,0.740369,-0.132038,0.605106,-0.063005,0.008727,0.000000,0.000000,0.000000,-15.300000,36.500000,26.100000,97.500000,0.740391,-0.132039,0.605127,-0.063005,0.000000,0.000000,0.000000,0.000000
1090.388,0.676664,-0.129901,0.637394,-0.062223,0.005236,0.000000,0.000000,0.000000,-14.600000,31.600000,-26.300000,88.700000,0.676672,-0.129901,0.637568,-0.062222,0.000000,0.000000,0.000000,0.000000
1090.398,0.676664,-0.129901,0.637394,-0.062223,0.005236,0.000000,0.000000,0.000000,-14.600000,31.600000,-26.300000,88.700000,0.676672,-0.129901,0.637568,-0.062222,0.000000,0.000000,0.000000,0.000000
1090.408,0.676664,-0.129901,0.637394,-0.062223,0.005236,0.000000,0.000000,0.000000,-14.600000,31.600000,-26.300000,88.700000,0.676672,-0.129901,0.637568,-0.062222,0.000000,0.000000,0.000000,0.000000
1090.418,0.676664,-0.129901,0.637394,-0.062223,0.005236,0.000000,0.000000,0.000000,-14.600000,31.600000,-26.300000,88.700000,0.676672,-0.129901,0.637568,-0.062222,0.000000,0.000000,0.000000,0.000000
1090.988,0.614181,-0.127874,0.664272,-0.061394,-0.001745,-0.000020,0.000000,0.000000,-22.800000,52.700000,-48.900000,83.100000,0.614240,-0.127875,0.664147,-0.061396,0.000000,0.000000,0.000000,0.000000
1090.998,0.614181,-0.127874,0.664272,-0.061394,-0.001745,-0.000020,0.000000,0.000000,-22.800000,52.700000,-48.900000,83.100000,0.614240,-0.127875,0.664147,-0.061396,0.000000,0.000000,0.000000,0.000000
1091.008,0.614181,-0.127874,0.664272,-0.061394,-0.001745,-0.000020,0.000000,0.000000,-22.800000,52.700000,-48.900000,83.100000,0.614240,-0.127875,0.664147,-0.061396,0.000000,0.000000,0.000000,0.000000
1091.018,0.614181,-0.127874,0.664272,-0.061394,-0.001745,-0.000020,0.000000,0.000000,-22.800000,52.700000,-48.900000,83.100000,0.614240,-0.127875,0.664147,-0.061396,0.000000,0.000000,0.000000,0.000000
1091.687,0.545415,-0.125877,0.693245,-0.060176,0.001745,0.000000,0.000000,0.000000,-11.600000,42.100000,-19.200000,107.500000,0.480958,-0.123803,0.722412,-0.059290,0.000000,0.000000,0.000000,0.000000
1091.698,0.545415,-0.125877,0.693245,-0.060176,0.001745,0.000000,0.000000,0.000000,-11.600000,42.100000,-19.200000,107.500000,0.480958,-0.123803,0.722412,-0.059290,0.000000,0.000000,0.000000,0.000000
1091.708,0.545415,-0.125877,0.693245,-0.060176,0.001745,0.000000,0.000000,0.000000,-11.600000,42.100000,-19.200000,107.500000,0.480958,-0.123803,0.722412,-0.059290,0.000000,0.000000,0.000000,0.000000
1091.718,0.545415,-0.125877,0.693245,-0.060176,0.001745,0.000000,0.000000,0.000000,-11.600000,42.100000,-19.200000,107.500000,0.480958,-0.123803,0.722412,-0.059290,0.000000,0.000000,0.000000,0.000000
1092.387,0.480664,-0.123803,0.722392,-0.059288,0.000000,0.000000,0.000000,0.000000,-15.000000,17.900000,-5.700000,82.400000,0.422552,-0.121794,0.754069,-0.058151,0.000000,0.000000,0.000000,0.000000
1092.397,0.480664,-0.123803,0.722392,-0.059288,0.000000,0.000000,0.000000,0.000000,-15.000000,17.900000,-5.700000,82.400000,0.422552,-0.121794,0.754069,-0.058151,0.000000,0.000000,0.000000,0.000000
1092.408,0.480664,-0.123803,0.722392,-0.059288,0.000000,0.000000,0.000000,0.000000,-15.000000,17.900000,-5.700000,82.400000,0.422552,-0.121794,0.754069,-0.058151,0.000000,0.000000,0.000000,0.000000
1092.418,0.480664,-0.123803,0.722392,-0.059288,0.000000,0.000000,0.000000,0.000000,-15.000000,17.900000,-5.700000,82.400000,0.422552,-0.121794,0.754069,-0.058151,0.000000,0.000000,0.000000,0.000000
1092.888,0.422544,-0.121794,0.754157,-0.058151,0.000000,0.000020,-0.001745,0.000000,-15.100000,56.600000,-5.200000,104.500000,0.422552,-0.121794,0.754069,-0.058151,0.000000,0.000000,0.000000,0.000000
1092.898,0.422544,-0.121794,0.754157,-0.058151,0.000000,0.000020,-0.001745,0.000000,-15.100000,56.600000,-5.200000,104.500000,0.422552,-0.121794,0.754069,-0.058151,0.000000,0.000000,0.000000,0.000000
1092.908,0.422544,-0.121794,0.754157,-0.058151,0.000000,0.000020,-0.001745,0.000000,-15.100000,56.600000,-5.200000,104.500000,0.422552,-0.121794,0.754069,-0.058151,0.000000,0.000000,0.000000,0.000000
1092.918,0.422544,-0.121794,0.754157,-0.058151,0.000000,0.000020,-0.001745,0.000000,-15.100000,56.600000,-5.200000,104.500000,0.422552,-0.121794,0.754069,-0.058151,0.000000,0.000000,0.000000,0.000000
1093.388,0.361458,-0.119753,0.778417,-0.056962,-0.001745,-0.000020,-0.003491,0.000000,-15.000000,61.000000,-45.000000,112.300000,0.361731,-0.119754,0.778383,-0.056963,0.000000,0.000000,0.000000,0.000000
1093.398,0.361458,-0.119753,0.778417,-0.056962,-0.001745,-0.000020,-0.003491,0.000000,-15.000000,61.000000,-45.000000,112.300000,0.361731,-0.119754,0.778383,-0.056963,0.000000,0.000000,0.000000,0.000000
1093.408,0.361458,-0.119753,0.778417,-0.056962,-0.001745,-0.000020,-0.003491,0.000000,-15.000000,61.000000,-45.000000,112.300000,0.361731,-0.119754,0.778383,-0.056963,0.000000,0.000000,0.000000,0.000000
1093.418,0.361458,-0.119753,0.778417,-0.056962,-0.001745,-0.000020,-0.003491,0.000000,-15.000000,61.000000,-45.000000,112.300000,0.361731,-0.119754,0.778383,-0.056963,0.000000,0.000000,0.000000,0.000000
1094.187,0.298975,-0.117766,0.807215,-0.055699,-0.020944,-0.000020,0.000000,0.000000,-20.100000,58.500000,0.300000,82.000000,0.298864,-0.117767,0.807502,-0.055699,0.000000,0.000000,0.000000,0.000000
1094.198,0.298975,-0.117766,0.807215,-0.055699,-0.020944,-0.000020,0.000000,0.000000,-20.100000,58.500000,0.300000,82.000000,0.298864,-0.117767,0.807502,-0.055699,0.000000,0.000000,0.000000,0.000000
1094.208,0.298975,-0.117766,0.807215,-0.055699,-0.020944,-0.000020,0.000000,0.000000,-20.100000,58.500000,0.300000,82.000000,0.298864,-0.117767,0.807502,-0.055699,0.000000,0.000000,0.000000,0.000000
1094.218,0.298975,-0.117766,0.807215,-0.055699,-0.020944,-0.000020,0.000000,0.000000,-20.100000,58.500000,0.300000,82.000000,0.298864,-0.117767,0.807502,-0.055699,0.000000,0.000000,0.000000,0.000000
1095.187,0.239983,-0.115666,0.833395,-0.054363,0.000000,0.000050,0.000000,0.000000,-15.700000,46.300000,156.100000,106.000000,0.239867,-0.115667,0.833624,-0.054364,0.000000,0.000000,0.000000,0.000000
1095.198,0.239983,-0.115666,0.833395,-0.054363,0.000000,0.000050,0.000000,0.000000,-15.700000,46.300000,156.100000,106.000000,0.239867,-0.115667,0.833624,-0.054364,0.000000,0.000000,0.000000,0.000000
1095.208,0.239983,-0.115666,0.833395,-0.054363,0.000000,0.000050,0.000000,0.000000,-15.700000,46.300000,156.100000,106.000000,0.239867,-0.115667,0.833624,-0.054364,0.000000,0.000000,0.000000,0.000000
1095.218,0.239983,-0.115666,0.833395,-0.054363,0.000000,0.000050,0.000000,0.000000,-15.700000,46.300000,156.100000,106.000000,0.239867,-0.115667,0.833624,-0.054364,0.000000,0.000000,0.000000,0.000000
1095.687,0.183434,-0.113633,0.857306,-0.053074,-0.026180,0.000020,0.000000,0.000000,-18.500000,67.200000,45.200000,133.600000,0.183520,-0.113633,0.857172,-0.053074,0.000000,0.000000,0.000000,0.000000
1095.698,0.183434,-0.113633,0.857306,-0.053074,-0.026180,0.000020,0.000000,0.000000,-18.500000,67.200000,45.200000,133.600000,0.183520,-0.113633,0.857172,-0.053074,0.000000,0.000000,0.000000,0.000000
1095.708,0.183434,-0.113633,0.857306,-0.053074,-0.026180,0.000020,0.000000,0.000000,-18.500000,67.200000,45.200000,133.600000,0.183520,-0.113633,0.857172,-0.053074,0.000000,0.000000,0.000000,0.000000
1095.718,0.183434,-0.113633,0.857306,-0.053074,-0.026180,0.000020,0.000000,0.000000,-18.500000,67.200000,45.200000,133.600000,0.183520,-0.113633,0.857172,-0.053074,0.000000,0.000000,0.000000,0.000000
1096.288,0.120428,-0.111608,0.881915,-0.051806,0.000000,0.000040,0.000000,0.000000,-16.000000,38.800000,-76.700000,77.800000,0.120747,-0.111610,0.881859,-0.051807,0.000000,0.000000,0.000000,0.000000
1096.298,0.120428,-0.111608,0.881915,-0.051806,0.000000,0.000040,0.000000,0.000000,-16.000000,38.800000,-76.700000,77.800000,0.120747,-0.111610,0.881859,-0.051807,0.000000,0.000000,0.000000,0.000000
1096.308,0.120428,-0.111608,0.881915,-0.051806,0.000000,0.000040,0.000000,0.000000,-16.000000,38.800000,-76.700000,77.800000,0.120747,-0.111610,0.881859,-0.051807,0.000000,0.000000,0.000000,0.000000
1096.318,0.120428,-0.111608,0.881915,-0.051806,0.000000,0.000040,0.000000,0.000000,-16.000000,38.800000,-76.700000,77.800000,0.120747,-0.111610,0.881859,-0.051807,0.000000,0.000000,0.000000,0.000000
1096.788,0.053931,-0.109609,0.912633,-0.050656,0.000000,0.000000,0.000000,0.000000,-22.600000,50.500000,49.600000,118.100000,0.054005,-0.109608,0.912473,-0.050657,0.000000,0.000000,0.000000,0.000000
1096.798,0.053931,-0.109609,0.912633,-0.050656,0.000000,0.000000,0.000000,0.000000,-22.600000,50.500000,49.600000,118.100000,0.054005,-0.109608,0.912473,-0.050657,0.000000,0.000000,0.000000,0.000000
1096.808,0.053931,-0.109609,0.912633,-0.050656,0.000000,0.000000,0.000000,0.000000,-22.600000,50.500000,49.600000,118.100000,0.054005,-0.109608,0.912473,-0.050657,0.000000,0.000000,0.000000,0.000000
1096.818,0.053931,-0.109609,0.912633,-0.050656,0.000000,0.000000,0.000000,0.000000,-22.600000,50.500000,49.600000,118.100000,0.054005,-0.109608,0.912473,-0.050657,0.000000,0.000000,0.000000,0.000000
1097.488,-0.008203,-0.107589,0.943874,-0.049436,0.000000,-0.000030,0.000000,0.000000,-17.900000,76.300000,45.900000,63.000000,-0.008317,-0.107589,0.943996,-0.049437,0.000000,0.000000,0.000000,0.000000
1097.498,-0.008203,-0.107589,0.943874,-0.049436,0.000000,-0.000030,0.000000,0.000000,-17.900000,76.300000,45.900000,63.000000,-0.008317,-0.107589,0.943996,-0.049437,0.000000,0.000000,0.000000,0.000000
1097.508,-0.008203,-0.107589,0.943874,-0.049436,0.000000,-0.000030,0.000000,0.000000,-17.900000,76.300000,45.900000,63.000000,-0.008317,-0.107589,0.943996,-0.049437,0.000000,0.000000,0.000000,0.000000
1097.518,-0.008203,-0.107589,0.943874,-0.049436,0.000000,-0.000030,0.000000,0.000000,-17.900000,76.300000,45.900000,63.000000,-0.008317,-0.107589,0.943996,-0.049437,0.000000,0.000000,0.000000,0.000000
1098.088,-0.071209,-0.105577,0.976512,-0.048322,0.003491,0.000000,0.000000,0.000000,-15.100000,49.900000,16.100000,62.100000,-0.121373,-0.103521,1.004082,-0.047022,0.000000,0.000000,0.000000,0.000000
1098.098,-0.071209,-0.105577,0.976512,-0.048322,0.003491,0.000000,0.000000,0.000000,-15.100000,49.900000,16.100000,62.100000,-0.121373,-0.103521,1.004082,-0.047022,0.000000,0.000000,0.000000,0.000000
1098.108,-0.071209,-0.105577,0.976512,-0.048322,0.003491,0.000000,0.000000,0.000000,-15.100000,49.900000,16.100000,62.100000,-0.121373,-0.103521,1.004082,-0.047022,0.000000,0.000000,0.000000,0.000000
1098.118,-0.071209,-0.105577,0.976512,-0.048322,0.003491,0.000000,0.000000,0.000000,-15.100000,49.900000,16.100000,62.100000,-0.121373,-0.103521,1.004082,-0.047022,0.000000,0.000000,0.000000,0.000000
1098.592,-0.121300,-0.103520,1.004088,-0.047021,-0.001745,0.000010,-0.003491,0.000000,-15.400000,61.800000,-51.900000,83.100000,-0.165573,-0.101539,1.029015,-0.045700,0.000000,0.000000,0.000000,0.000000
1098.604,-0.121300,-0.103520,1.004088,-0.047021,-0.001745,0.000010,-0.003491,0.000000,-15.400000,61.800000,-51.900000,83.100000,-0.165573,-0.101539,1.029015,-0.045700,0.000000,0.000000,0.000000,0.000000
1098.614,-0.121300,-0.103520,1.004088,-0.047021,-0.001745,0.000010,-0.003491,0.000000,-15.400000,61.800000,-51.900000,83.100000,-0.165573,-0.101539,1.029015,-0.045700,0.000000,0.000000,0.000000,0.000000
1098.627,-0.121300,-0.103520,1.004088,-0.047021,-0.001745,0.000010,-0.003491,0.000000,-15.400000,61.800000,-51.900000,83.100000,-0.165573,-0.101539,1.029015,-0.045700,0.000000,0.000000,0.000000,0.000000
1098.988,-0.165283,-0.101543,1.028872,-0.045700,0.000000,0.000090,0.000000,0.000000,-12.800000,59.900000,108.700000,117.300000,-0.165573,-0.101539,1.029015,-0.045700,0.000000,0.000000,0.000000,0.000000
1098.998,-0.165283,-0.101543,1.028872,-0.045700,0.000000,0.000090,0.000000,0.000000,-12.800000,59.900000,108.700000,117.300000,-0.165573,-0.101539,1.029015,-0.045700,0.000000,0.000000,0.000000,0.000000
1099.008,-0.165283,-0.101543,1.028872,-0.045700,0.000000,0.000090,0.000000,0.000000,-12.800000,59.900000,108.700000,117.300000,-0.165573,-0.101539,1.029015,-0.045700,0.000000,0.000000,0.000000,0.000000
1099.018,-0.165283,-0.101543,1.028872,-0.045700,0.000000,0.000090,0.000000,0.000000,-12.800000,59.900000,108.700000,117.300000,-0.165573,-0.101539,1.029015,-0.045700,0.000000,0.000000,0.000000,0.000000
1099.488,-0.198793,-0.099478,1.051910,-0.044371,0.000000,0.000050,0.000000,0.000000,-16.200000,53.800000,46.900000,108.300000,-0.198839,-0.099479,1.051893,-0.044372,0.000000,0.000000,0.000000,0.000000
1099.498,-0.198793,-0.099478,1.051910,-0.044371,0.000000,0.000050,0.000000,0.000000,-16.200000,53.800000,46.900000,108.300000,-0.198839,-0.099479,1.051893,-0.044372,0.000000,0.000000,0.000000,0.000000
1099.508,-0.198793,-0.099478,1.051910,-0.044371,0.000000,0.000050,0.000000,0.000000,-16.200000,53.800000,46.900000,108.300000,-0.198839,-0.099479,1.051893,-0.044372,0.000000,0.000000,0.000000,0.000000
1099.518,-0.198793,-0.099478,1.051910,-0.044371,0.000000,0.000050,0.000000,0.000000,-16.200000,53.800000,46.900000,108.300000,-0.198839,-0.099479,1.051893,-0.044372,0.000000,0.000000,0.000000,0.000000
1099.988,-0.233525,-0.097462,1.070061,-0.043774,0.000000,0.000000,0.000000,0.000000,-14.500000,92.500000,-1.900000,83.700000,-0.233550,-0.097462,1.069813,-0.043774,0.000000,0.000000,0.000000,0.000000
1099.998,-0.233525,-0.097462,1.070061,-0.043774,0.000000,0.000000,0.000000,0.000000,-14.500000,92.500000,-1.900000,83.700000,-0.233550,-0.097462,1.069813,-0.043774,0.000000,0.000000,0.000000,0.000000
1100.008,-0.233525,-0.097462,1.070061,-0.043774,0.000000,0.000000,0.000000,0.000000,-14.500000,92.500000,-1.900000,83.700000,-0.233550,-0.097462,1.069813,-0.043774,0.000000,0.000000,0.000000,0.000000
1100.018,-0.233525,-0.097462,1.070061,-0.043774,0.000000,0.000000,0.000000,0.000000,-14.500000,92.500000,-1.900000,83.700000,-0.233550,-0.097462,1.069813,-0.043774,0.000000,0.000000,0.000000,0.000000
1100.487,-0.214326,-0.095346,1.075821,-0.042283,0.001745,0.000020,-0.005236,0.000000,-9.700000,83.100000,-23.000000,119.300000,-0.214636,-0.095346,1.075861,-0.042284,0.000000,0.000000,0.000000,0.000000
1100.497,-0.214326,-0.095346,1.075821,-0.042283,0.001745,0.000020,-0.005236,0.000000,-9.700000,83.100000,-23.000000,119.300000,-0.214636,-0.095346,1.075861,-0.042284,0.000000,0.000000,0.000000,0.000000
1100.507,-0.214326,-0.095346,1.075821,-0.042283,0.001745,0.000020,-0.005236,0.000000,-9.700000,83.100000,-23.000000,119.300000,-0.214636,-0.095346,1.075861,-0.042284,0.000000,0.000000,0.000000,0.000000
1100.518,-0.214326,-0.095346,1.075821,-0.042283,0.001745,0.000020,-0.005236,0.000000,-9.700000,83.100000,-23.000000,119.300000,-0.214636,-0.095346,1.075861,-0.042284,0.000000,0.000000,0.000000,0.000000
1100.987,-0.204553,-0.092739,1.078264,-0.041320,0.006981,0.000050,0.000000,0.000000,-11.000000,43.700000,17.700000,93.500000,-0.204690,-0.092738,1.078362,-0.041321,0.000000,0.000000,0.000000,0.000000
1100.997,-0.204553,-0.092739,1.078264,-0.041320,0.006981,0.000050,0.000000,0.000000,-11.000000,43.700000,17.700000,93.500000,-0.204690,-0.092738,1.078362,-0.041321,0.000000,0.000000,0.000000,0.000000
1101.007,-0.204553,-0.092739,1.078264,-0.041320,0.006981,0.000050,0.000000,0.000000,-11.000000,43.700000,17.700000,93.500000,-0.204690,-0.092738,1.078362,-0.041321,0.000000,0.000000,0.000000,0.000000
1101.018,-0.204553,-0.092739,1.078264,-0.041320,0.006981,0.000050,0.000000,0.000000,-11.000000,43.700000,17.700000,93.500000,-0.204690,-0.092738,1.078362,-0.041321,0.000000,0.000000,0.000000,0.000000
1101.488,-0.205774,-0.090597,1.088213,-0.039904,0.000000,-0.000160,0.000000,0.000000,-11.900000,71.300000,22.600000,113.900000,-0.205912,-0.090597,1.088198,-0.039903,0.000000,0.000000,0.000000,0.000000
1101.498,-0.205774,-0.090597,1.088213,-0.039904,0.000000,-0.000160,0.000000,0.000000,-11.900000,71.300000,22.600000,113.900000,-0.205912,-0.090597,1.088198,-0.039903,0.000000,0.000000,0.000000,0.000000
1101.508,-0.205774,-0.090597,1.088213,-0.039904,0.000000,-0.000160,0.000000,0.000000,-11.900000,71.300000,22.600000,113.900000,-0.205912,-0.090597,1.088198,-0.039903,0.000000,0.000000,0.000000,0.000000
1101.518,-0.205774,-0.090597,1.088213,-0.039904,0.000000,-0.000160,0.000000,0.000000,-11.900000,71.300000,22.600000,113.900000,-0.205912,-0.090597,1.088198,-0.039903,0.000000,0.000000,0.000000,0.000000
1101.988,-0.201760,-0.088594,1.161342,-0.042221,0.001745,0.000000,-0.001745,0.000000,-14.800000,66.400000,-40.900000,-27.400000,-0.201892,-0.088592,1.161162,-0.042223,0.000000,0.000000,0.000000,0.000000
1101.998,-0.201760,-0.088594,1.161342,-0.042221,0.001745,0.000000,-0.001745,0.000000,-14.800000,66.400000,-40.900000,-27.400000,-0.201892,-0.088592,1.161162,-0.042223,0.000000,0.000000,0.000000,0.000000
1102.008,-0.201760,-0.088594,1.161342,-0.042221,0.001745,0.000000,-0.001745,0.000000,-14.800000,66.400000,-40.900000,-27.400000,-0.201892,-0.088592,1.161162,-0.042223,0.000000,0.000000,0.000000,0.000000
1102.018,-0.201760,-0.088594,1.161342,-0.042221,0.001745,0.000000,-0.001745,0.000000,-14.800000,66.400000,-40.900000,-27.400000,-0.201892,-0.088592,1.161162,-0.042223,0.000000,0.000000,0.000000,0.000000
1102.388,-0.269828,-0.086586,1.157677,-0.041362,0.013963,0.000040,0.000000,0.000000,-16.300000,109.800000,43.200000,117.800000,-0.269838,-0.086583,1.157918,-0.041362,0.000000,0.000000,0.000000,0.000000
1102.398,-0.269828,-0.086586,1.157677,-0.041362,0.013963,0.000040,0.000000,0.000000,-16.300000,109.800000,43.200000,117.800000,-0.269838,-0.086583,1.157918,-0.041362,0.000000,0.000000,0.000000,0.000000
1102.408,-0.269828,-0.086586,1.157677,-0.041362,0.013963,0.000040,0.000000,0.000000,-16.300000,109.800000,43.200000,117.800000,-0.269838,-0.086583,1.157918,-0.041362,0.000000,0.000000,0.000000,0.000000
1102.418,-0.269828,-0.086586,1.157677,-0.041362,0.013963,0.000040,0.000000,0.000000,-16.300000,109.800000,43.200000,117.800000,-0.269838,-0.086583,1.157918,-0.041362,0.000000,0.000000,0.000000,0.000000
1102.891,-0.345575,-0.084616,1.192234,-0.039471,0.003491,-0.000010,0.000000,0.000000,-19.400000,73.400000,23.400000,109.000000,-0.345730,-0.084616,1.192122,-0.039471,0.000000,0.000000,0.000000,0.000000
1102.901,-0.345575,-0.084616,1.192234,-0.039471,0.003491,-0.000010,0.000000,0.000000,-19.400000,73.400000,23.400000,109.000000,-0.345730,-0.084616,1.192122,-0.039471,0.000000,0.000000,0.000000,0.000000
1102.914,-0.345575,-0.084616,1.192234,-0.039471,0.003491,-0.000010,0.000000,0.000000,-19.400000,73.400000,23.400000,109.000000,-0.345730,-0.084616,1.192122,-0.039471,0.000000,0.000000,0.000000,0.000000
1102.924,-0.345575,-0.084616,1.192234,-0.039471,0.003491,-0.000010,0.000000,0.000000,-19.400000,73.400000,23.400000,109.000000,-0.345730,-0.084616,1.192122,-0.039471,0.000000,0.000000,0.000000,0.000000
1103.488,-0.349066,-0.083652,1.184729,-0.035363,0.000000,-0.000010,0.000000,0.000000,-20.400000,18.700000,139.400000,161.100000,-0.349109,-0.083653,1.184990,-0.035361,0.000000,0.000000,0.000000,0.000000
1103.498,-0.349066,-0.083652,1.184729,-0.035363,0.000000,-0.000010,0.000000,0.000000,-20.400000,18.700000,139.400000,161.100000,-0.349109,-0.083653,1.184990,-0.035361,0.000000,0.000000,0.000000,0.000000
1103.508,-0.349066,-0.083652,1.184729,-0.035363,0.000000,-0.000010,0.000000,0.000000,-20.400000,18.700000,139.400000,161.100000,-0.349109,-0.083653,1.184990,-0.035361,0.000000,0.000000,0.000000,0.000000
1103.518,-0.349066,-0.083652,1.184729,-0.035363,0.000000,-0.000010,0.000000,0.000000,-20.400000,18.700000,139.400000,161.100000,-0.349109,-0.083653,1.184990,-0.035361,0.000000,0.000000,0.000000,0.000000
1120.488,-0.292866,-0.154710,-0.292692,-0.071904,0.001745,-0.000010,0.000000,0.000000,-14.500000,13.100000,10.700000,29.300000,-0.292805,-0.154710,-0.292805,-0.071904,0.000000,0.000000,0.000000,0.000000
1120.498,-0.292866,-0.154710,-0.292692,-0.071904,0.001745,-0.000010,0.000000,0.000000,-14.500000,13.100000,10.700000,29.300000,-0.292805,-0.154710,-0.292805,-0.071904,0.000000,0.000000,0.000000,0.000000
1120.508,-0.292866,-0.154710,-0.292692,-0.071904,0.001745,-0.000010,0.000000,0.000000,-14.500000,13.100000,10.700000,29.300000,-0.292805,-0.154710,-0.292805,-0.071904,0.000000,0.000000,0.000000,0.000000
1120.518,-0.292866,-0.154710,-0.292692,-0.071904,0.001745,-0.000010,0.000000,0.000000,-14.500000,13.100000,10.700000,29.300000,-0.292805,-0.154710,-0.292805,-0.071904,0.000000,0.000000,0.000000,0.000000
1120.988,-0.349939,-0.152637,-0.285012,-0.070830,-0.006981,0.000020,0.000000,0.000000,-21.300000,53.100000,-9.100000,103.900000,-0.304458,-0.150548,-0.306588,-0.069792,0.000000,0.000000,0.000000,0.000000
1120.998,-0.349939,-0.152637,-0.285012,-0.070830,-0.006981,0.000020,0.000000,0.000000,-21.300000,53.100000,-9.100000,103.900000,-0.304458,-0.150548,-0.306588,-0.069792,0.000000,0.000000,0.000000,0.000000
1121.008,-0.349939,-0.152637,-0.285012,-0.070830,-0.006981,0.000020,0.000000,0.000000,-21.300000,53.100000,-9.100000,103.900000,-0.304458,-0.150548,-0.306588,-0.069792,0.000000,0.000000,0.000000,0.000000
1121.018,-0.349939,-0.152637,-0.285012,-0.070830,-0.006981,0.000020,0.000000,0.000000,-21.300000,53.100000,-9.100000,103.900000,-0.304458,-0.150548,-0.306588,-0.069792,0.000000,0.000000,0.000000,0.000000
1121.388,-0.304385,-0.150551,-0.306654,-0.069791,-0.013963,0.000090,0.000000,0.000000,-11.400000,61.700000,44.000000,142.200000,-0.304458,-0.150548,-0.306588,-0.069792,0.000000,0.000000,0.000000,0.000000
1121.398,-0.304385,-0.150551,-0.306654,-0.069791,-0.013963,0.000090,0.000000,0.000000,-11.400000,61.700000,44.000000,142.200000,-0.304458,-0.150548,-0.306588,-0.069792,0.000000,0.000000,0.000000,0.000000
1121.408,-0.304385,-0.150551,-0.306654,-0.069791,-0.013963,0.000090,0.000000,0.000000,-11.400000,61.700000,44.000000,142.200000,-0.304458,-0.150548,-0.306588,-0.069792,0.000000,0.000000,0.000000,0.000000
1121.418,-0.304385,-0.150551,-0.306654,-0.069791,-0.013963,0.000090,0.000000,0.000000,-11.400000,61.700000,44.000000,142.200000,-0.304458,-0.150548,-0.306588,-0.069792,0.000000,0.000000,0.000000,0.000000
1121.887,-0.255167,-0.148466,-0.330042,-0.068717,0.000000,0.000000,0.000000,0.000000,-10.800000,100.000000,28.000000,105.300000,-0.208637,-0.146432,-0.351946,-0.067694,0.000000,0.000000,0.000000,0.000000
1121.897,-0.255167,-0.148466,-0.330042,-0.068717,0.000000,0.000000,0.000000,0.000000,-10.800000,100.000000,28.000000,105.300000,-0.208637,-0.146432,-0.351946,-0.067694,0.000000,0.000000,0.000000,0.000000
1121.908,-0.255167,-0.148466,-0.330042,-0.068717,0.000000,0.000000,0.000000,0.000000,-10.800000,100.000000,28.000000,105.300000,-0.208637,-0.146432,-0.351946,-0.067694,0.000000,0.000000,0.000000,0.000000
1121.918,-0.255167,-0.148466,-0.330042,-0.068717,0.000000,0.000000,0.000000,0.000000,-10.800000,100.000000,28.000000,105.300000,-0.208637,-0.146432,-0.351946,-0.067694,0.000000,0.000000,0.000000,0.000000
1122.388,-0.208392,-0.146432,-0.352207,-0.067693,0.012217,0.000000,0.000000,0.000000,-7.700000,95.000000,67.200000,95.400000,-0.208637,-0.146432,-0.351946,-0.067694,0.000000,0.000000,0.000000,0.000000
1122.398,-0.208392,-0.146432,-0.352207,-0.067693,0.012217,0.000000,0.000000,0.000000,-7.700000,95.000000,67.200000,95.400000,-0.208637,-0.146432,-0.351946,-0.067694,0.000000,0.000000,0.000000,0.000000
1122.408,-0.208392,-0.146432,-0.352207,-0.067693,0.012217,0.000000,0.000000,0.000000,-7.700000,95.000000,67.200000,95.400000,-0.208637,-0.146432,-0.351946,-0.067694,0.000000,0.000000,0.000000,0.000000
1122.418,-0.208392,-0.146432,-0.352207,-0.067693,0.012217,0.000000,0.000000,0.000000,-7.700000,95.000000,67.200000,95.400000,-0.208637,-0.146432,-0.351946,-0.067694,0.000000,0.000000,0.000000,0.000000
1122.890,-0.277158,-0.144428,-0.333183,-0.066670,0.000000,0.000000,0.000000,0.000000,-13.700000,71.500000,-30.700000,111.700000,-0.277202,-0.144427,-0.333201,-0.066670,0.000000,0.000000,0.000000,0.000000
1122.900,-0.277158,-0.144428,-0.333183,-0.066670,0.000000,0.000000,0.000000,0.000000,-13.700000,71.500000,-30.700000,111.700000,-0.277202,-0.144427,-0.333201,-0.066670,0.000000,0.000000,0.000000,0.000000
1122.910,-0.277158,-0.144428,-0.333183,-0.066670,0.000000,0.000000,0.000000,0.000000,-13.700000,71.500000,-30.700000,111.700000,-0.277202,-0.144427,-0.333201,-0.066670,0.000000,0.000000,0.000000,0.000000
1122.923,-0.277158,-0.144428,-0.333183,-0.066670,0.000000,0.000000,0.000000,0.000000,-13.700000,71.500000,-30.700000,111.700000,-0.277202,-0.144427,-0.333201,-0.066670,0.000000,0.000000,0.000000,0.000000
1123.388,-0.251502,-0.142361,-0.382402,-0.065976,-0.003491,0.000020,0.000000,0.000000,-13.600000,53.500000,-26.600000,76.400000,-0.251416,-0.142362,-0.382256,-0.065976,0.000000,0.000000,0.000000,0.000000
1123.398,-0.251502,-0.142361,-0.382402,-0.065976,-0.003491,0.000020,0.000000,0.000000,-13.600000,53.500000,-26.600000,76.400000,-0.251416,-0.142362,-0.382256,-0.065976,0.000000,0.000000,0.000000,0.000000
1123.408,-0.251502,-0.142361,-0.382402,-0.065976,-0.003491,0.000020,0.000000,0.000000,-13.600000,53.500000,-26.600000,76.400000,-0.251416,-0.142362,-0.382256,-0.065976,0.000000,0.000000,0.000000,0.000000
1123.418,-0.251502,-0.142361,-0.382402,-0.065976,-0.003491,0.000020,0.000000,0.000000,-13.600000,53.500000,-26.600000,76.400000,-0.251416,-0.142362,-0.382256,-0.065976,0.000000,0.000000,0.000000,0.000000
1124.288,-0.223926,-0.140307,-0.432144,-0.065391,-0.008727,0.000000,0.000000,0.000000,-9.600000,30.400000,58.600000,108.300000,-0.224009,-0.140308,-0.432190,-0.065392,0.000000,0.000000,0.000000,0.000000
1124.298,-0.223926,-0.140307,-0.432144,-0.065391,-0.008727,0.000000,0.000000,0.000000,-9.600000,30.400000,58.600000,108.300000,-0.224009,-0.140308,-0.432190,-0.065392,0.000000,0.000000,0.000000,0.000000
1124.308,-0.223926,-0.140307,-0.432144,-0.065391,-0.008727,0.000000,0.000000,0.000000,-9.600000,30.400000,58.600000,108.300000,-0.224009,-0.140308,-0.432190,-0.065392,0.000000,0.000000,0.000000,0.000000
1124.318,-0.223926,-0.140307,-0.432144,-0.065391,-0.008727,0.000000,0.000000,0.000000,-9.600000,30.400000,58.600000,108.300000,-0.224009,-0.140308,-0.432190,-0.065392,0.000000,0.000000,0.000000,0.000000
1124.787,-0.174533,-0.138230,-0.454833,-0.064471,0.000000,0.000000,0.000000,0.000000,-9.000000,71.900000,74.200000,124.900000,-0.125884,-0.136144,-0.478445,-0.063412,0.000000,0.000000,0.000000,0.000000
1124.798,-0.174533,-0.138230,-0.454833,-0.064471,0.000000,0.000000,0.000000,0.000000,-9.000000,71.900000,74.200000,124.900000,-0.125884,-0.136144,-0.478445,-0.063412,0.000000,0.000000,0.000000,0.000000
1124.808,-0.174533,-0.138230,-0.454833,-0.064471,0.000000,0.000000,0.000000,0.000000,-9.000000,71.900000,74.200000,124.900000,-0.125884,-0.136144,-0.478445,-0.063412,0.000000,0.000000,0.000000,0.000000
1124.818,-0.174533,-0.138230,-0.454833,-0.064471,0.000000,0.000000,0.000000,0.000000,-9.000000,71.900000,74.200000,124.900000,-0.125884,-0.136144,-0.478445,-0.063412,0.000000,0.000000,0.000000,0.000000
1125.288,-0.125838,-0.136143,-0.478569,-0.063411,-0.020944,0.000040,0.000000,0.000000,-7.600000,94.800000,29.600000,99.300000,-0.125884,-0.136144,-0.478445,-0.063412,0.000000,0.000000,0.000000,0.000000
1125.298,-0.125838,-0.136143,-0.478569,-0.063411,-0.020944,0.000040,0.000000,0.000000,-7.600000,94.800000,29.600000,99.300000,-0.125884,-0.136144,-0.478445,-0.063412,0.000000,0.000000,0.000000,0.000000
1125.308,-0.125838,-0.136143,-0.478569,-0.063411,-0.020944,0.000040,0.000000,0.000000,-7.600000,94.800000,29.600000,99.300000,-0.125884,-0.136144,-0.478445,-0.063412,0.000000,0.000000,0.000000,0.000000
1125.318,-0.125838,-0.136143,-0.478569,-0.063411,-0.020944,0.000040,0.000000,0.000000,-7.600000,94.800000,29.600000,99.300000,-0.125884,-0.136144,-0.478445,-0.063412,0.000000,0.000000,0.000000,0.000000
1125.787,-0.076969,-0.134130,-0.499513,-0.062357,0.001745,0.000040,0.000000,0.000000,-8.400000,60.600000,49.500000,132.500000,-0.077001,-0.134130,-0.499405,-0.062358,0.000000,0.000000,0.000000,0.000000
1125.797,-0.076969,-0.134130,-0.499513,-0.062357,0.001745,0.000040,0.000000,0.000000,-8.400000,60.600000,49.500000,132.500000,-0.077001,-0.134130,-0.499405,-0.062358,0.000000,0.000000,0.000000,0.000000
1125.808,-0.076969,-0.134130,-0.499513,-0.062357,0.001745,0.000040,0.000000,0.000000,-8.400000,60.600000,49.500000,132.500000,-0.077001,-0.134130,-0.499405,-0.062358,0.000000,0.000000,0.000000,0.000000
1125.818,-0.076969,-0.134130,-0.499513,-0.062357,0.001745,0.000040,0.000000,0.000000,-8.400000,60.600000,49.500000,132.500000,-0.077001,-0.134130,-0.499405,-0.062358,0.000000,0.000000,0.000000,0.000000
1126.287,-0.159698,-0.132092,-0.478395,-0.061328,0.000000,0.000000,-0.003491,0.000000,-11.000000,43.100000,-89.500000,133.400000,-0.159824,-0.132093,-0.478654,-0.061329,0.000000,0.000000,0.000000,0.000000
1126.298,-0.159698,-0.132092,-0.478395,-0.061328,0.000000,0.000000,-0.003491,0.000000,-11.000000,43.100000,-89.500000,133.400000,-0.159824,-0.132093,-0.478654,-0.061329,0.000000,0.000000,0.000000,0.000000
1126.309,-0.159698,-0.132092,-0.478395,-0.061328,0.000000,0.000000,-0.003491,0.000000,-11.000000,43.100000,-89.500000,133.400000,-0.159824,-0.132093,-0.478654,-0.061329,0.000000,0.000000,0.000000,0.000000
1126.319,-0.159698,-0.132092,-0.478395,-0.061328,0.000000,0.000000,-0.003491,0.000000,-11.000000,43.100000,-89.500000,133.400000,-0.159824,-0.132093,-0.478654,-0.061329,0.000000,0.000000,0.000000,0.000000
1126.787,-0.103498,-0.130096,-0.508589,-0.060278,0.000000,0.000000,0.000000,0.000000,-9.700000,58.500000,-34.100000,132.100000,-0.103526,-0.130095,-0.508424,-0.060278,0.000000,0.000000,0.000000,0.000000
1126.797,-0.103498,-0.130096,-0.508589,-0.060278,0.000000,0.000000,0.000000,0.000000,-9.700000,58.500000,-34.100000,132.100000,-0.103526,-0.130095,-0.508424,-0.060278,0.000000,0.000000,0.000000,0.000000
1126.808,-0.103498,-0.130096,-0.508589,-0.060278,0.000000,0.000000,0.000000,0.000000,-9.700000,58.500000,-34.100000,132.100000,-0.103526,-0.130095,-0.508424,-0.060278,0.000000,0.000000,0.000000,0.000000
1126.818,-0.103498,-0.130096,-0.508589,-0.060278,0.000000,0.000000,0.000000,0.000000,-9.700000,58.500000,-34.100000,132.100000,-0.103526,-0.130095,-0.508424,-0.060278,0.000000,0.000000,0.000000,0.000000
1127.188,-0.188496,-0.128086,-0.468970,-0.059407,-0.019199,0.000030,0.000000,0.000000,-15.200000,68.000000,123.500000,130.000000,-0.188549,-0.128083,-0.469155,-0.059408,0.000000,0.000000,0.000000,0.000000
1127.198,-0.188496,-0.128086,-0.468970,-0.059407,-0.019199,0.000030,0.000000,0.000000,-15.200000,68.000000,123.500000,130.000000,-0.188549,-0.128083,-0.469155,-0.059408,0.000000,0.000000,0.000000,0.000000
1127.208,-0.188496,-0.128086,-0.468970,-0.059407,-0.019199,0.000030,0.000000,0.000000,-15.200000,68.000000,123.500000,130.000000,-0.188549,-0.128083,-0.469155,-0.059408,0.000000,0.000000,0.000000,0.000000
1127.218,-0.188496,-0.128086,-0.468970,-0.059407,-0.019199,0.000030,0.000000,0.000000,-15.200000,68.000000,123.500000,130.000000,-0.188549,-0.128083,-0.469155,-0.059408,0.000000,0.000000,0.000000,0.000000
1127.687,-0.125140,-0.126045,-0.499339,-0.058322,0.008727,0.000000,0.000000,0.000000,-8.100000,87.400000,112.400000,107.400000,-0.125297,-0.126046,-0.499427,-0.058322,0.000000,0.000000,0.000000,0.000000
1127.698,-0.125140,-0.126045,-0.499339,-0.058322,0.008727,0.000000,0.000000,0.000000,-8.100000,87.400000,112.400000,107.400000,-0.125297,-0.126046,-0.499427,-0.058322,0.000000,0.000000,0.000000,0.000000
1127.708,-0.125140,-0.126045,-0.499339,-0.058322,0.008727,0.000000,0.000000,0.000000,-8.100000,87.400000,112.400000,107.400000,-0.125297,-0.126046,-0.499427,-0.058322,0.000000,0.000000,0.000000,0.000000
1127.718,-0.125140,-0.126045,-0.499339,-0.058322,0.008727,0.000000,0.000000,0.000000,-8.100000,87.400000,112.400000,107.400000,-0.125297,-0.126046,-0.499427,-0.058322,0.000000,0.000000,0.000000,0.000000
1128.087,-0.213105,-0.124044,-0.455182,-0.057467,0.000000,0.000000,0.000000,0.000000,-19.200000,54.400000,195.600000,121.700000,-0.213099,-0.124041,-0.455455,-0.057468,0.000000,0.000000,0.000000,0.000000
1128.098,-0.213105,-0.124044,-0.455182,-0.057467,0.000000,0.000000,0.000000,0.000000,-19.200000,54.400000,195.600000,121.700000,-0.213099,-0.124041,-0.455455,-0.057468,0.000000,0.000000,0.000000,0.000000
1128.108,-0.213105,-0.124044,-0.455182,-0.057467,0.000000,0.000000,0.000000,0.000000,-19.200000,54.400000,195.600000,121.700000,-0.213099,-0.124041,-0.455455,-0.057468,0.000000,0.000000,0.000000,0.000000
1128.118,-0.213105,-0.124044,-0.455182,-0.057467,0.000000,0.000000,0.000000,0.000000,-19.200000,54.400000,195.600000,121.700000,-0.213099,-0.124041,-0.455455,-0.057468,0.000000,0.000000,0.000000,0.000000
1128.487,-0.275064,-0.122051,-0.393572,-0.056914,0.000000,0.000090,0.000000,0.000000,-15.800000,59.100000,186.000000,116.600000,-0.275180,-0.122049,-0.393808,-0.056915,0.000000,0.000000,0.000000,0.000000
1128.497,-0.275064,-0.122051,-0.393572,-0.056914,0.000000,0.000090,0.000000,0.000000,-15.800000,59.100000,186.000000,116.600000,-0.275180,-0.122049,-0.393808,-0.056915,0.000000,0.000000,0.000000,0.000000
1128.508,-0.275064,-0.122051,-0.393572,-0.056914,0.000000,0.000090,0.000000,0.000000,-15.800000,59.100000,186.000000,116.600000,-0.275180,-0.122049,-0.393808,-0.056915,0.000000,0.000000,0.000000,0.000000
1128.518,-0.275064,-0.122051,-0.393572,-0.056914,0.000000,0.000090,0.000000,0.000000,-15.800000,59.100000,186.000000,116.600000,-0.275180,-0.122049,-0.393808,-0.056915,0.000000,0.000000,0.000000,0.000000
1128.988,-0.317824,-0.120032,-0.323060,-0.056511,0.000000,-0.000040,0.000000,0.000000,-16.600000,48.900000,98.200000,99.700000,-0.317787,-0.120031,-0.323367,-0.056512,0.000000,0.000000,0.000000,0.000000
1128.998,-0.317824,-0.120032,-0.323060,-0.056511,0.000000,-0.000040,0.000000,0.000000,-16.600000,48.900000,98.200000,99.700000,-0.317787,-0.120031,-0.323367,-0.056512,0.000000,0.000000,0.000000,0.000000
1129.008,-0.317824,-0.120032,-0.323060,-0.056511,0.000000,-0.000040,0.000000,0.000000,-16.600000,48.900000,98.200000,99.700000,-0.317787,-0.120031,-0.323367,-0.056512,0.000000,0.000000,0.000000,0.000000
1129.018,-0.317824,-0.120032,-0.323060,-0.056511,0.000000,-0.000040,0.000000,0.000000,-16.600000,48.900000,98.200000,99.700000,-0.317787,-0.120031,-0.323367,-0.056512,0.000000,0.000000,0.000000,0.000000
1129.488,-0.223402,-0.118009,-0.351335,-0.055349,0.001745,0.000030,0.001745,0.000000,-8.400000,86.000000,46.200000,117.800000,-0.147284,-0.116010,-0.391460,-0.054489,0.000000,0.000000,0.000000,0.000000
1129.498,-0.223402,-0.118009,-0.351335,-0.055349,0.001745,0.000030,0.001745,0.000000,-8.400000,86.000000,46.200000,117.800000,-0.147284,-0.116010,-0.391460,-0.054489,0.000000,0.000000,0.000000,0.000000
1129.508,-0.223402,-0.118009,-0.351335,-0.055349,0.001745,0.000030,0.001745,0.000000,-8.400000,86.000000,46.200000,117.800000,-0.147284,-0.116010,-0.391460,-0.054489,0.000000,0.000000,0.000000,0.000000
1129.518,-0.223402,-0.118009,-0.351335,-0.055349,0.001745,0.000030,0.001745,0.000000,-8.400000,86.000000,46.200000,117.800000,-0.147284,-0.116010,-0.391460,-0.054489,0.000000,0.000000,0.000000,0.000000
1129.888,-0.147131,-0.116013,-0.391303,-0.054489,0.000000,0.000140,0.000000,0.000000,-1.200000,94.700000,-59.500000,141.200000,-0.147284,-0.116010,-0.391460,-0.054489,0.000000,0.000000,0.000000,0.000000
1129.898,-0.147131,-0.116013,-0.391303,-0.054489,0.000000,0.000140,0.000000,0.000000,-1.200000,94.700000,-59.500000,141.200000,-0.147284,-0.116010,-0.391460,-0.054489,0.000000,0.000000,0.000000,0.000000
1129.908,-0.147131,-0.116013,-0.391303,-0.054489,0.000000,0.000140,0.000000,0.000000,-1.200000,94.700000,-59.500000,141.200000,-0.147284,-0.116010,-0.391460,-0.054489,0.000000,0.000000,0.000000,0.000000
1129.918,-0.147131,-0.116013,-0.391303,-0.054489,0.000000,0.000140,0.000000,0.000000,-1.200000,94.700000,-59.500000,141.200000,-0.147284,-0.116010,-0.391460,-0.054489,0.000000,0.000000,0.000000,0.000000
1130.288,-0.261974,-0.114033,-0.356047,-0.053406,-0.041888,0.000090,0.000000,0.000000,-21.300000,66.600000,56.900000,134.600000,-0.262091,-0.114030,-0.356369,-0.053407,0.000000,0.000000,0.000000,0.000000
1130.298,-0.261974,-0.114033,-0.356047,-0.053406,-0.041888,0.000090,0.000000,0.000000,-21.300000,66.600000,56.900000,134.600000,-0.262091,-0.114030,-0.356369,-0.053407,0.000000,0.000000,0.000000,0.000000
1130.308,-0.261974,-0.114033,-0.356047,-0.053406,-0.041888,0.000090,0.000000,0.000000,-21.300000,66.600000,56.900000,134.600000,-0.262091,-0.114030,-0.356369,-0.053407,0.000000,0.000000,0.000000,0.000000
1130.318,-0.261974,-0.114033,-0.356047,-0.053406,-0.041888,0.000090,0.000000,0.000000,-21.300000,66.600000,56.900000,134.600000,-0.262091,-0.114030,-0.356369,-0.053407,0.000000,0.000000,0.000000,0.000000
1130.788,-0.325853,-0.112054,-0.283616,-0.053005,0.000000,-0.000020,0.000000,0.000000,-16.300000,52.800000,23.900000,115.800000,-0.325880,-0.112055,-0.283788,-0.053006,0.000000,0.000000,0.000000,0.000000
1130.798,-0.325853,-0.112054,-0.283616,-0.053005,0.000000,-0.000020,0.000000,0.000000,-16.300000,52.800000,23.900000,115.800000,-0.325880,-0.112055,-0.283788,-0.053006,0.000000,0.000000,0.000000,0.000000
1130.808,-0.325853,-0.112054,-0.283616,-0.053005,0.000000,-0.000020,0.000000,0.000000,-16.300000,52.800000,23.900000,115.800000,-0.325880,-0.112055,-0.283788,-0.053006,0.000000,0.000000,0.000000,0.000000
1130.818,-0.325853,-0.112054,-0.283616,-0.053005,0.000000,-0.000020,0.000000,0.000000,-16.300000,52.800000,23.900000,115.800000,-0.325880,-0.112055,-0.283788,-0.053006,0.000000,0.000000,0.000000,0.000000
1131.287,-0.426908,-0.110069,-0.219213,-0.052256,0.001745,0.000000,-0.001745,0.000000,-18.800000,57.200000,-32.400000,122.300000,-0.426973,-0.110070,-0.219586,-0.052257,0.000000,0.000000,0.000000,0.000000
1131.297,-0.426908,-0.110069,-0.219213,-0.052256,0.001745,0.000000,-0.001745,0.000000,-18.800000,57.200000,-32.400000,122.300000,-0.426973,-0.110070,-0.219586,-0.052257,0.000000,0.000000,0.000000,0.000000
1131.307,-0.426908,-0.110069,-0.219213,-0.052256,0.001745,0.000000,-0.001745,0.000000,-18.800000,57.200000,-32.400000,122.300000,-0.426973,-0.110070,-0.219586,-0.052257,0.000000,0.000000,0.000000,0.000000
1131.317,-0.426908,-0.110069,-0.219213,-0.052256,0.001745,0.000000,-0.001745,0.000000,-18.800000,57.200000,-32.400000,122.300000,-0.426973,-0.110070,-0.219586,-0.052257,0.000000,0.000000,0.000000,0.000000
1131.787,-0.516617,-0.108042,-0.149924,-0.051579,0.000000,0.000000,0.000000,0.000000,-28.100000,77.700000,-1.900000,113.600000,-0.516914,-0.108042,-0.150140,-0.051581,0.000000,0.000000,0.000000,0.000000
1131.798,-0.516617,-0.108042,-0.149924,-0.051579,0.000000,0.000000,0.000000,0.000000,-28.100000,77.700000,-1.900000,113.600000,-0.516914,-0.108042,-0.150140,-0.051581,0.000000,0.000000,0.000000,0.000000
1131.808,-0.516617,-0.108042,-0.149924,-0.051579,0.000000,0.000000,0.000000,0.000000,-28.100000,77.700000,-1.900000,113.600000,-0.516914,-0.108042,-0.150140,-0.051581,0.000000,0.000000,0.000000,0.000000
1131.818,-0.516617,-0.108042,-0.149924,-0.051579,0.000000,0.000000,0.000000,0.000000,-28.100000,77.700000,-1.900000,113.600000,-0.516914,-0.108042,-0.150140,-0.051581,0.000000,0.000000,0.000000,0.000000
1132.288,-0.632682,-0.106043,-0.107338,-0.050487,0.000000,0.000010,0.000000,0.000000,-17.100000,98.200000,13.400000,124.900000,-0.632721,-0.106042,-0.107792,-0.050488,0.000000,0.000000,0.000000,0.000000
1132.298,-0.632682,-0.106043,-0.107338,-0.050487,0.000000,0.000010,0.000000,0.000000,-17.100000,98.200000,13.400000,124.900000,-0.632721,-0.106042,-0.107792,-0.050488,0.000000,0.000000,0.000000,0.000000
1132.308,-0.632682,-0.106043,-0.107338,-0.050487,0.000000,0.000010,0.000000,0.000000,-17.100000,98.200000,13.400000,124.900000,-0.632721,-0.106042,-0.107792,-0.050488,0.000000,0.000000,0.000000,0.000000
1132.318,-0.632682,-0.106043,-0.107338,-0.050487,0.000000,0.000010,0.000000,0.000000,-17.100000,98.200000,13.400000,124.900000,-0.632721,-0.106042,-0.107792,-0.050488,0.000000,0.000000,0.000000,0.000000
1132.787,-0.467923,-0.104042,-0.161967,-0.049199,0.026180,0.000000,0.000000,0.000000,-8.300000,65.800000,2.900000,116.700000,-0.467985,-0.104042,-0.161861,-0.049199,0.000000,0.000000,0.000000,0.000000
1132.798,-0.467923,-0.104042,-0.161967,-0.049199,0.026180,0.000000,0.000000,0.000000,-8.300000,65.800000,2.900000,116.700000,-0.467985,-0.104042,-0.161861,-0.049199,0.000000,0.000000,0.000000,0.000000
1132.808,-0.467923,-0.104042,-0.161967,-0.049199,0.026180,0.000000,0.000000,0.000000,-8.300000,65.800000,2.900000,116.700000,-0.467985,-0.104042,-0.161861,-0.049199,0.000000,0.000000,0.000000,0.000000
1132.818,-0.467923,-0.104042,-0.161967,-0.049199,0.026180,0.000000,0.000000,0.000000,-8.300000,65.800000,2.900000,116.700000,-0.467985,-0.104042,-0.161861,-0.049199,0.000000,0.000000,0.000000,0.000000
1133.288,-0.613483,-0.102000,-0.111177,-0.048114,-0.001745,0.000040,-0.001745,0.000000,-15.700000,43.700000,-39.600000,95.400000,-0.613688,-0.102001,-0.111345,-0.048115,0.000000,0.000000,0.000000,0.000000
1133.298,-0.613483,-0.102000,-0.111177,-0.048114,-0.001745,0.000040,-0.001745,0.000000,-15.700000,43.700000,-39.600000,95.400000,-0.613688,-0.102001,-0.111345,-0.048115,0.000000,0.000000,0.000000,0.000000
1133.308,-0.613483,-0.102000,-0.111177,-0.048114,-0.001745,0.000040,-0.001745,0.000000,-15.700000,43.700000,-39.600000,95.400000,-0.613688,-0.102001,-0.111345,-0.048115,0.000000,0.000000,0.000000,0.000000
1133.318,-0.613483,-0.102000,-0.111177,-0.048114,-0.001745,0.000040,-0.001745,0.000000,-15.700000,43.700000,-39.600000,95.400000,-0.613688,-0.102001,-0.111345,-0.048115,0.000000,0.000000,0.000000,0.000000
1133.687,-0.404742,-0.100032,-0.173137,-0.046871,0.000000,0.000060,-0.001745,0.000000,-3.600000,48.600000,-86.000000,108.700000,-0.578388,-0.098059,-0.102705,-0.045854,0.000000,0.000000,0.000000,0.000000
1133.698,-0.404742,-0.100032,-0.173137,-0.046871,0.000000,0.000060,-0.001745,0.000000,-3.600000,48.600000,-86.000000,108.700000,-0.578388,-0.098059,-0.102705,-0.045854,0.000000,0.000000,0.000000,0.000000
1133.708,-0.404742,-0.100032,-0.173137,-0.046871,0.000000,0.000060,-0.001745,0.000000,-3.600000,48.600000,-86.000000,108.700000,-0.578388,-0.098059,-0.102705,-0.045854,0.000000,0.000000,0.000000,0.000000
1133.718,-0.404742,-0.100032,-0.173137,-0.046871,0.000000,0.000060,-0.001745,0.000000,-3.600000,48.600000,-86.000000,108.700000,-0.578388,-0.098059,-0.102705,-0.045854,0.000000,0.000000,0.000000,0.000000
1134.088,-0.578228,-0.098062,-0.102451,-0.045853,-0.003491,0.000070,0.001745,0.000000,-30.200000,91.500000,174.800000,116.900000,-0.578388,-0.098059,-0.102705,-0.045854,0.000000,0.000000,0.000000,0.000000
1134.098,-0.578228,-0.098062,-0.102451,-0.045853,-0.003491,0.000070,0.001745,0.000000,-30.200000,91.500000,174.800000,116.900000,-0.578388,-0.098059,-0.102705,-0.045854,0.000000,0.000000,0.000000,0.000000
1134.108,-0.578228,-0.098062,-0.102451,-0.045853,-0.003491,0.000070,0.001745,0.000000,-30.200000,91.500000,174.800000,116.900000,-0.578388,-0.098059,-0.102705,-0.045854,0.000000,0.000000,0.000000,0.000000
1134.118,-0.578228,-0.098062,-0.102451,-0.045853,-0.003491,0.000070,0.001745,0.000000,-30.200000,91.500000,174.800000,116.900000,-0.578388,-0.098059,-0.102705,-0.045854,0.000000,0.000000,0.000000,0.000000
1134.588,-0.645597,-0.096055,0.033161,-0.046027,0.008727,0.000020,0.000000,0.000000,-26.500000,82.000000,98.700000,51.200000,-0.814948,-0.094029,0.118323,-0.044781,0.000000,0.000000,0.000000,0.000000
1134.598,-0.645597,-0.096055,0.033161,-0.046027,0.008727,0.000020,0.000000,0.000000,-26.500000,82.000000,98.700000,51.200000,-0.814948,-0.094029,0.118323,-0.044781,0.000000,0.000000,0.000000,0.000000
1134.608,-0.645597,-0.096055,0.033161,-0.046027,0.008727,0.000020,0.000000,0.000000,-26.500000,82.000000,98.700000,51.200000,-0.814948,-0.094029,0.118323,-0.044781,0.000000,0.000000,0.000000,0.000000
1134.618,-0.645597,-0.096055,0.033161,-0.046027,0.008727,0.000020,0.000000,0.000000,-26.500000,82.000000,98.700000,51.200000,-0.814948,-0.094029,0.118323,-0.044781,0.000000,0.000000,0.000000,0.000000
1135.087,-0.814894,-0.094030,0.118333,-0.044782,0.000000,0.000000,0.000000,0.000000,-27.300000,53.100000,143.800000,100.600000,-0.418657,-0.092061,-0.006738,-0.043144,0.000000,0.000000,0.000000,0.000000
1135.097,-0.814894,-0.094030,0.118333,-0.044782,0.000000,0.000000,0.000000,0.000000,-27.300000,53.100000,143.800000,100.600000,-0.418657,-0.092061,-0.006738,-0.043144,0.000000,0.000000,0.000000,0.000000
1135.107,-0.814894,-0.094030,0.118333,-0.044782,0.000000,0.000000,0.000000,0.000000,-27.300000,53.100000,143.800000,100.600000,-0.418657,-0.092061,-0.006738,-0.043144,0.000000,0.000000,0.000000,0.000000
1135.117,-0.814894,-0.094030,0.118333,-0.044782,0.000000,0.000000,0.000000,0.000000,-27.300000,53.100000,143.800000,100.600000,-0.418657,-0.092061,-0.006738,-0.043144,0.000000,0.000000,0.000000,0.000000
1135.487,-0.418704,-0.092064,-0.006807,-0.043144,0.006981,0.000020,0.000000,0.000000,-0.100000,44.800000,-76.500000,131.100000,-0.041824,-0.090101,-0.140482,-0.041556,0.000000,0.000000,0.000000,0.000000
1135.497,-0.418704,-0.092064,-0.006807,-0.043144,0.006981,0.000020,0.000000,0.000000,-0.100000,44.800000,-76.500000,131.100000,-0.041824,-0.090101,-0.140482,-0.041556,0.000000,0.000000,0.000000,0.000000
1135.508,-0.418704,-0.092064,-0.006807,-0.043144,0.006981,0.000020,0.000000,0.000000,-0.100000,44.800000,-76.500000,131.100000,-0.041824,-0.090101,-0.140482,-0.041556,0.000000,0.000000,0.000000,0.000000
1135.518,-0.418704,-0.092064,-0.006807,-0.043144,0.006981,0.000020,0.000000,0.000000,-0.100000,44.800000,-76.500000,131.100000,-0.041824,-0.090101,-0.140482,-0.041556,0.000000,0.000000,0.000000,0.000000
1135.887,-0.041713,-0.090104,-0.140324,-0.041556,0.000000,0.000190,-0.001745,0.000010,6.000000,70.000000,-95.700000,132.800000,-0.041824,-0.090101,-0.140482,-0.041556,0.000000,0.000000,0.000000,0.000000
1135.898,-0.041713,-0.090104,-0.140324,-0.041556,0.000000,0.000190,-0.001745,0.000010,6.000000,70.000000,-95.700000,132.800000,-0.041824,-0.090101,-0.140482,-0.041556,0.000000,0.000000,0.000000,0.000000
1135.908,-0.041713,-0.090104,-0.140324,-0.041556,0.000000,0.000190,-0.001745,0.000010,6.000000,70.000000,-95.700000,132.800000,-0.041824,-0.090101,-0.140482,-0.041556,0.000000,0.000000,0.000000,0.000000
1135.918,-0.041713,-0.090104,-0.140324,-0.041556,0.000000,0.000190,-0.001745,0.000010,6.000000,70.000000,-95.700000,132.800000,-0.041824,-0.090101,-0.140482,-0.041556,0.000000,0.000000,0.000000,0.000000
1136.387,-0.271224,-0.088105,0.107338,-0.042979,0.003491,0.000020,0.000000,0.000000,-20.400000,62.300000,122.300000,-25.100000,-0.736844,-0.086143,0.270692,-0.041462,0.000000,0.000000,0.000000,0.000000
1136.397,-0.271224,-0.088105,0.107338,-0.042979,0.003491,0.000020,0.000000,0.000000,-20.400000,62.300000,122.300000,-25.100000,-0.736844,-0.086143,0.270692,-0.041462,0.000000,0.000000,0.000000,0.000000
1136.408,-0.271224,-0.088105,0.107338,-0.042979,0.003491,0.000020,0.000000,0.000000,-20.400000,62.300000,122.300000,-25.100000,-0.736844,-0.086143,0.270692,-0.041462,0.000000,0.000000,0.000000,0.000000
1136.418,-0.271224,-0.088105,0.107338,-0.042979,0.003491,0.000020,0.000000,0.000000,-20.400000,62.300000,122.300000,-25.100000,-0.736844,-0.086143,0.270692,-0.041462,0.000000,0.000000,0.000000,0.000000
1136.888,-0.736703,-0.086142,0.270875,-0.041462,0.000000,0.000000,0.000000,0.000000,-35.500000,87.800000,133.700000,102.600000,-0.736844,-0.086143,0.270692,-0.041462,0.000000,0.000000,0.000000,0.000000
1136.898,-0.736703,-0.086142,0.270875,-0.041462,0.000000,0.000000,0.000000,0.000000,-35.500000,87.800000,133.700000,102.600000,-0.736844,-0.086143,0.270692,-0.041462,0.000000,0.000000,0.000000,0.000000
1136.908,-0.736703,-0.086142,0.270875,-0.041462,0.000000,0.000000,0.000000,0.000000,-35.500000,87.800000,133.700000,102.600000,-0.736844,-0.086143,0.270692,-0.041462,0.000000,0.000000,0.000000,0.000000
1136.918,-0.736703,-0.086142,0.270875,-0.041462,0.000000,0.000000,0.000000,0.000000,-35.500000,87.800000,133.700000,102.600000,-0.736844,-0.086143,0.270692,-0.041462,0.000000,0.000000,0.000000,0.000000
1137.387,-1.272520,-0.084133,0.393397,-0.039859,-0.001745,0.000030,0.000000,0.000000,-43.100000,83.100000,-51.100000,107.400000,-1.672964,-0.082135,0.436145,-0.037424,0.000000,0.000000,0.000000,0.000000
1137.398,-1.272520,-0.084133,0.393397,-0.039859,-0.001745,0.000030,0.000000,0.000000,-43.100000,83.100000,-51.100000,107.400000,-1.672964,-0.082135,0.436145,-0.037424,0.000000,0.000000,0.000000,0.000000
1137.408,-1.272520,-0.084133,0.393397,-0.039859,-0.001745,0.000030,0.000000,0.000000,-43.100000,83.100000,-51.100000,107.400000,-1.672964,-0.082135,0.436145,-0.037424,0.000000,0.000000,0.000000,0.000000
1137.418,-1.272520,-0.084133,0.393397,-0.039859,-0.001745,0.000030,0.000000,0.000000,-43.100000,83.100000,-51.100000,107.400000,-1.672964,-0.082135,0.436145,-0.037424,0.000000,0.000000,0.000000,0.000000
1137.887,-1.673073,-0.082135,0.435983,-0.037423,0.000000,0.000010,0.000000,0.000020,-41.200000,46.100000,63.200000,133.700000,-2.393449,-0.080774,0.376156,-0.037850,0.000000,0.000000,0.000000,0.000000
1137.898,-1.673073,-0.082135,0.435983,-0.037423,0.000000,0.000010,0.000000,0.000020,-41.200000,46.100000,63.200000,133.700000,-2.393449,-0.080774,0.376156,-0.037850,0.000000,0.000000,0.000000,0.000000
1137.908,-1.673073,-0.082135,0.435983,-0.037423,0.000000,0.000010,0.000000,0.000020,-41.200000,46.100000,63.200000,133.700000,-2.393449,-0.080774,0.376156,-0.037850,0.000000,0.000000,0.000000,0.000000
1137.918,-1.673073,-0.082135,0.435983,-0.037423,0.000000,0.000010,0.000000,0.000020,-41.200000,46.100000,63.200000,133.700000,-2.393449,-0.080774,0.376156,-0.037850,0.000000,0.000000,0.000000,0.000000
1138.488,-2.393370,-0.080773,0.376118,-0.037848,0.000000,0.000000,0.000000,0.000000,-24.300000,43.500000,81.500000,50.200000,-2.393449,-0.080774,0.376156,-0.037850,0.000000,0.000000,0.000000,0.000000
1138.498,-2.393370,-0.080773,0.376118,-0.037848,0.000000,0.000000,0.000000,0.000000,-24.300000,43.500000,81.500000,50.200000,-2.393449,-0.080774,0.376156,-0.037850,0.000000,0.000000,0.000000,0.000000
1138.508,-2.393370,-0.080773,0.376118,-0.037848,0.000000,0.000000,0.000000,0.000000,-24.300000,43.500000,81.500000,50.200000,-2.393449,-0.080774,0.376156,-0.037850,0.000000,0.000000,0.000000,0.000000
1138.518,-2.393370,-0.080773,0.376118,-0.037848,0.000000,0.000000,0.000000,0.000000,-24.300000,43.500000,81.500000,50.200000,-2.393449,-0.080774,0.376156,-0.037850,0.000000,0.000000,0.000000,0.000000
1139.087,-2.302264,-0.079273,0.354302,-0.034432,0.006981,-0.000090,0.000000,0.000010,-15.800000,21.400000,112.000000,175.700000,-2.022418,-0.081294,0.450347,-0.039060,0.000000,0.000000,0.000000,0.000000
1139.098,-2.302264,-0.079273,0.354302,-0.034432,0.006981,-0.000090,0.000000,0.000010,-15.800000,21.400000,112.000000,175.700000,-2.022418,-0.081294,0.450347,-0.039060,0.000000,0.000000,0.000000,0.000000
1139.108,-2.302264,-0.079273,0.354302,-0.034432,0.006981,-0.000090,0.000000,0.000010,-15.800000,21.400000,112.000000,175.700000,-2.022418,-0.081294,0.450347,-0.039060,0.000000,0.000000,0.000000,0.000000
1139.118,-2.302264,-0.079273,0.354302,-0.034432,0.006981,-0.000090,0.000000,0.000010,-15.800000,21.400000,112.000000,175.700000,-2.022418,-0.081294,0.450347,-0.039060,0.000000,0.000000,0.000000,0.000000
1139.788,-2.022313,-0.081294,0.450295,-0.039059,0.001745,0.000010,0.000000,0.000000,-7.600000,4.700000,-35.100000,-31.200000,-2.022418,-0.081294,0.450347,-0.039060,0.000000,0.000000,0.000000,0.000000
1139.798,-2.022313,-0.081294,0.450295,-0.039059,0.001745,0.000010,0.000000,0.000000,-7.600000,4.700000,-35.100000,-31.200000,-2.022418,-0.081294,0.450347,-0.039060,0.000000,0.000000,0.000000,0.000000
1139.808,-2.022313,-0.081294,0.450295,-0.039059,0.001745,0.000010,0.000000,0.000000,-7.600000,4.700000,-35.100000,-31.200000,-2.022418,-0.081294,0.450347,-0.039060,0.000000,0.000000,0.000000,0.000000
1139.818,-2.022313,-0.081294,0.450295,-0.039059,0.001745,0.000010,0.000000,0.000000,-7.600000,4.700000,-35.100000,-31.200000,-2.022418,-0.081294,0.450347,-0.039060,0.000000,0.000000,0.000000,0.000000
1158.188,-1.240755,-0.154710,-1.240755,-0.071904,0.000000,0.000000,0.000000,0.000000,-15.800000,-11.700000,-44.100000,53.900000,-1.240849,-0.154710,-1.240849,-0.071904,0.000000,0.000000,0.000000,0.000000
1158.198,-1.240755,-0.154710,-1.240755,-0.071904,0.000000,0.000000,0.000000,0.000000,-15.800000,-11.700000,-44.100000,53.900000,-1.240849,-0.154710,-1.240849,-0.071904,0.000000,0.000000,0.000000,0.000000
1158.208,-1.240755,-0.154710,-1.240755,-0.071904,0.000000,0.000000,0.000000,0.000000,-15.800000,-11.700000,-44.100000,53.900000,-1.240849,-0.154710,-1.240849,-0.071904,0.000000,0.000000,0.000000,0.000000
1158.218,-1.240755,-0.154710,-1.240755,-0.071904,0.000000,0.000000,0.000000,0.000000,-15.800000,-11.700000,-44.100000,53.900000,-1.240849,-0.154710,-1.240849,-0.071904,0.000000,0.000000,0.000000,0.000000
1158.687,-1.206372,-0.152631,-1.291195,-0.071451,0.000000,-0.000110,0.000000,0.000000,-9.400000,75.000000,-72.800000,66.900000,-1.206462,-0.152631,-1.291300,-0.071450,0.000000,0.000000,0.000000,0.000000
1158.698,-1.206372,-0.152631,-1.291195,-0.071451,0.000000,-0.000110,0.000000,0.000000,-9.400000,75.000000,-72.800000,66.900000,-1.206462,-0.152631,-1.291300,-0.071450,0.000000,0.000000,0.000000,0.000000
1158.708,-1.206372,-0.152631,-1.291195,-0.071451,0.000000,-0.000110,0.000000,0.000000,-9.400000,75.000000,-72.800000,66.900000,-1.206462,-0.152631,-1.291300,-0.071450,0.000000,0.000000,0.000000,0.000000
1158.718,-1.206372,-0.152631,-1.291195,-0.071451,0.000000,-0.000110,0.000000,0.000000,-9.400000,75.000000,-72.800000,66.900000,-1.206462,-0.152631,-1.291300,-0.071450,0.000000,0.000000,0.000000,0.000000
1162.188,-1.257335,-0.150591,-1.277756,-0.070213,0.000000,0.000060,0.000000,0.000000,-19.000000,29.200000,18.900000,91.100000,-1.257366,-0.150592,-1.277715,-0.070214,0.000000,0.000000,0.000000,0.000000
1162.198,-1.257335,-0.150591,-1.277756,-0.070213,0.000000,0.000060,0.000000,0.000000,-19.000000,29.200000,18.900000,91.100000,-1.257366,-0.150592,-1.277715,-0.070214,0.000000,0.000000,0.000000,0.000000
1162.208,-1.257335,-0.150591,-1.277756,-0.070213,0.000000,0.000060,0.000000,0.000000,-19.000000,29.200000,18.900000,91.100000,-1.257366,-0.150592,-1.277715,-0.070214,0.000000,0.000000,0.000000,0.000000
1162.218,-1.257335,-0.150591,-1.277756,-0.070213,0.000000,0.000060,0.000000,0.000000,-19.000000,29.200000,18.900000,91.100000,-1.257366,-0.150592,-1.277715,-0.070214,0.000000,0.000000,0.000000,0.000000
1162.688,-1.313884,-0.148547,-1.261000,-0.068957,0.000000,0.000040,-0.003491,0.000000,-25.800000,66.900000,-46.700000,102.000000,-1.313981,-0.148547,-1.261248,-0.068957,0.000000,0.000000,0.000000,0.000000
1162.698,-1.313884,-0.148547,-1.261000,-0.068957,0.000000,0.000040,-0.003491,0.000000,-25.800000,66.900000,-46.700000,102.000000,-1.313981,-0.148547,-1.261248,-0.068957,0.000000,0.000000,0.000000,0.000000
1162.708,-1.313884,-0.148547,-1.261000,-0.068957,0.000000,0.000040,-0.003491,0.000000,-25.800000,66.900000,-46.700000,102.000000,-1.313981,-0.148547,-1.261248,-0.068957,0.000000,0.000000,0.000000,0.000000
1162.718,-1.313884,-0.148547,-1.261000,-0.068957,0.000000,0.000040,-0.003491,0.000000,-25.800000,66.900000,-46.700000,102.000000,-1.313981,-0.148547,-1.261248,-0.068957,0.000000,0.000000,0.000000,0.000000
1163.188,-1.356295,-0.146479,-1.219462,-0.068440,0.000000,0.000000,0.000000,0.000000,-23.000000,81.200000,-21.900000,101.500000,-1.356349,-0.146480,-1.219620,-0.068441,0.000000,0.000000,0.000000,0.000000
1163.198,-1.356295,-0.146479,-1.219462,-0.068440,0.000000,0.000000,0.000000,0.000000,-23.000000,81.200000,-21.900000,101.500000,-1.356349,-0.146480,-1.219620,-0.068441,0.000000,0.000000,0.000000,0.000000
1163.208,-1.356295,-0.146479,-1.219462,-0.068440,0.000000,0.000000,0.000000,0.000000,-23.000000,81.200000,-21.900000,101.500000,-1.356349,-0.146480,-1.219620,-0.068441,0.000000,0.000000,0.000000,0.000000
1163.218,-1.356295,-0.146479,-1.219462,-0.068440,0.000000,0.000000,0.000000,0.000000,-23.000000,81.200000,-21.900000,101.500000,-1.356349,-0.146480,-1.219620,-0.068441,0.000000,0.000000,0.000000,0.000000
1163.687,-1.309521,-0.144421,-1.271298,-0.068071,-0.001745,-0.000010,0.000000,0.000000,-10.700000,85.700000,-37.200000,84.000000,-1.357207,-0.142391,-1.230922,-0.067271,0.000000,0.000000,0.000000,0.000000
1163.698,-1.309521,-0.144421,-1.271298,-0.068071,-0.001745,-0.000010,0.000000,0.000000,-10.700000,85.700000,-37.200000,84.000000,-1.357207,-0.142391,-1.230922,-0.067271,0.000000,0.000000,0.000000,0.000000
1163.708,-1.309521,-0.144421,-1.271298,-0.068071,-0.001745,-0.000010,0.000000,0.000000,-10.700000,85.700000,-37.200000,84.000000,-1.357207,-0.142391,-1.230922,-0.067271,0.000000,0.000000,0.000000,0.000000
1163.718,-1.309521,-0.144421,-1.271298,-0.068071,-0.001745,-0.000010,0.000000,0.000000,-10.700000,85.700000,-37.200000,84.000000,-1.357207,-0.142391,-1.230922,-0.067271,0.000000,0.000000,0.000000,0.000000
1167.187,-1.357168,-0.142389,-1.230981,-0.067270,0.000000,-0.000030,0.000000,0.000000,-24.000000,29.700000,59.100000,105.900000,-1.357207,-0.142391,-1.230922,-0.067271,0.000000,0.000000,0.000000,0.000000
1167.198,-1.357168,-0.142389,-1.230981,-0.067270,0.000000,-0.000030,0.000000,0.000000,-24.000000,29.700000,59.100000,105.900000,-1.357207,-0.142391,-1.230922,-0.067271,0.000000,0.000000,0.000000,0.000000
1167.208,-1.357168,-0.142389,-1.230981,-0.067270,0.000000,-0.000030,0.000000,0.000000,-24.000000,29.700000,59.100000,105.900000,-1.357207,-0.142391,-1.230922,-0.067271,0.000000,0.000000,0.000000,0.000000
1167.218,-1.357168,-0.142389,-1.230981,-0.067270,0.000000,-0.000030,0.000000,0.000000,-24.000000,29.700000,59.100000,105.900000,-1.357207,-0.142391,-1.230922,-0.067271,0.000000,0.000000,0.000000,0.000000
1167.688,-1.408132,-0.140327,-1.192933,-0.066472,0.000000,0.000000,-0.001745,0.000000,-23.600000,53.600000,-102.900000,124.600000,-1.408071,-0.140327,-1.193434,-0.066473,0.000000,0.000000,0.000000,0.000000
1167.698,-1.408132,-0.140327,-1.192933,-0.066472,0.000000,0.000000,-0.001745,0.000000,-23.600000,53.600000,-102.900000,124.600000,-1.408071,-0.140327,-1.193434,-0.066473,0.000000,0.000000,0.000000,0.000000
1167.708,-1.408132,-0.140327,-1.192933,-0.066472,0.000000,0.000000,-0.001745,0.000000,-23.600000,53.600000,-102.900000,124.600000,-1.408071,-0.140327,-1.193434,-0.066473,0.000000,0.000000,0.000000,0.000000
1167.718,-1.408132,-0.140327,-1.192933,-0.066472,0.000000,0.000000,-0.001745,0.000000,-23.600000,53.600000,-102.900000,124.600000,-1.408071,-0.140327,-1.193434,-0.066473,0.000000,0.000000,0.000000,0.000000
1168.088,-1.353154,-0.138304,-1.251052,-0.066055,0.005236,0.000130,0.000000,0.000000,-10.600000,92.500000,-68.500000,124.000000,-1.353318,-0.138301,-1.250878,-0.066055,0.000000,0.000000,0.000000,0.000000
1168.098,-1.353154,-0.138304,-1.251052,-0.066055,0.005236,0.000130,0.000000,0.000000,-10.600000,92.500000,-68.500000,124.000000,-1.353318,-0.138301,-1.250878,-0.066055,0.000000,0.000000,0.000000,0.000000
1168.108,-1.353154,-0.138304,-1.251052,-0.066055,0.005236,0.000130,0.000000,0.000000,-10.600000,92.500000,-68.500000,124.000000,-1.353318,-0.138301,-1.250878,-0.066055,0.000000,0.000000,0.000000,0.000000
1168.118,-1.353154,-0.138304,-1.251052,-0.066055,0.005236,0.000130,0.000000,0.000000,-10.600000,92.500000,-68.500000,124.000000,-1.353318,-0.138301,-1.250878,-0.066055,0.000000,0.000000,0.000000,0.000000
1168.488,-1.288402,-0.136336,-1.274439,-0.064962,-0.013963,0.000120,0.000000,0.000000,0.300000,98.600000,-23.600000,139.000000,-1.288329,-0.136333,-1.274311,-0.064963,0.000000,0.000000,0.000000,0.000000
1168.498,-1.288402,-0.136336,-1.274439,-0.064962,-0.013963,0.000120,0.000000,0.000000,0.300000,98.600000,-23.600000,139.000000,-1.288329,-0.136333,-1.274311,-0.064963,0.000000,0.000000,0.000000,0.000000
1168.508,-1.288402,-0.136336,-1.274439,-0.064962,-0.013963,0.000120,0.000000,0.000000,0.300000,98.600000,-23.600000,139.000000,-1.288329,-0.136333,-1.274311,-0.064963,0.000000,0.000000,0.000000,0.000000
1168.518,-1.288402,-0.136336,-1.274439,-0.064962,-0.013963,0.000120,0.000000,0.000000,0.300000,98.600000,-23.600000,139.000000,-1.288329,-0.136333,-1.274311,-0.064963,0.000000,0.000000,0.000000,0.000000
1168.988,-1.361357,-0.134316,-1.248085,-0.063541,0.000000,0.000000,-0.003491,0.000000,-22.400000,66.400000,18.200000,127.900000,-1.361547,-0.134315,-1.248311,-0.063541,0.000000,0.000000,0.000000,0.000000
1168.998,-1.361357,-0.134316,-1.248085,-0.063541,0.000000,0.000000,-0.003491,0.000000,-22.400000,66.400000,18.200000,127.900000,-1.361547,-0.134315,-1.248311,-0.063541,0.000000,0.000000,0.000000,0.000000
1169.008,-1.361357,-0.134316,-1.248085,-0.063541,0.000000,0.000000,-0.003491,0.000000,-22.400000,66.400000,18.200000,127.900000,-1.361547,-0.134315,-1.248311,-0.063541,0.000000,0.000000,0.000000,0.000000
1169.018,-1.361357,-0.134316,-1.248085,-0.063541,0.000000,0.000000,-0.003491,0.000000,-22.400000,66.400000,18.200000,127.900000,-1.361547,-0.134315,-1.248311,-0.063541,0.000000,0.000000,0.000000,0.000000
1169.488,-1.284737,-0.132249,-1.278628,-0.062434,0.008727,0.000000,0.000000,0.000000,-12.300000,58.400000,62.500000,121.800000,-1.284592,-0.132249,-1.278527,-0.062435,0.000000,0.000000,0.000000,0.000000
1169.498,-1.284737,-0.132249,-1.278628,-0.062434,0.008727,0.000000,0.000000,0.000000,-12.300000,58.400000,62.500000,121.800000,-1.284592,-0.132249,-1.278527,-0.062435,0.000000,0.000000,0.000000,0.000000
1169.508,-1.284737,-0.132249,-1.278628,-0.062434,0.008727,0.000000,0.000000,0.000000,-12.300000,58.400000,62.500000,121.800000,-1.284592,-0.132249,-1.278527,-0.062435,0.000000,0.000000,0.000000,0.000000
1169.518,-1.284737,-0.132249,-1.278628,-0.062434,0.008727,0.000000,0.000000,0.000000,-12.300000,58.400000,62.500000,121.800000,-1.284592,-0.132249,-1.278527,-0.062435,0.000000,0.000000,0.000000,0.000000
1169.987,-1.206197,-0.130209,-1.329068,-0.061445,0.000000,0.000000,0.000000,0.000000,-6.900000,62.300000,1.200000,118.200000,-1.116802,-0.128181,-1.354268,-0.059962,0.000000,0.000000,0.000000,0.000000
1169.998,-1.206197,-0.130209,-1.329068,-0.061445,0.000000,0.000000,0.000000,0.000000,-6.900000,62.300000,1.200000,118.200000,-1.116802,-0.128181,-1.354268,-0.059962,0.000000,0.000000,0.000000,0.000000
1170.008,-1.206197,-0.130209,-1.329068,-0.061445,0.000000,0.000000,0.000000,0.000000,-6.900000,62.300000,1.200000,118.200000,-1.116802,-0.128181,-1.354268,-0.059962,0.000000,0.000000,0.000000,0.000000
1170.018,-1.206197,-0.130209,-1.329068,-0.061445,0.000000,0.000000,0.000000,0.000000,-6.900000,62.300000,1.200000,118.200000,-1.116802,-0.128181,-1.354268,-0.059962,0.000000,0.000000,0.000000,0.000000
1170.988,-1.116662,-0.128181,-1.354375,-0.059961,0.000000,0.000000,0.000000,0.000000,-8.500000,32.800000,-28.000000,104.800000,-1.116802,-0.128181,-1.354268,-0.059962,0.000000,0.000000,0.000000,0.000000
1170.998,-1.116662,-0.128181,-1.354375,-0.059961,0.000000,0.000000,0.000000,0.000000,-8.500000,32.800000,-28.000000,104.800000,-1.116802,-0.128181,-1.354268,-0.059962,0.000000,0.000000,0.000000,0.000000
1171.008,-1.116662,-0.128181,-1.354375,-0.059961,0.000000,0.000000,0.000000,0.000000,-8.500000,32.800000,-28.000000,104.800000,-1.116802,-0.128181,-1.354268,-0.059962,0.000000,0.000000,0.000000,0.000000
1171.018,-1.116662,-0.128181,-1.354375,-0.059961,0.000000,0.000000,0.000000,0.000000,-8.500000,32.800000,-28.000000,104.800000,-1.116802,-0.128181,-1.354268,-0.059962,0.000000,0.000000,0.000000,0.000000
1171.888,-1.212829,-0.126182,-1.304808,-0.058879,0.000000,0.000020,0.000000,0.000000,-20.100000,39.600000,71.300000,99.000000,-1.213106,-0.126183,-1.304879,-0.058879,0.000000,0.000000,0.000000,0.000000
1171.898,-1.212829,-0.126182,-1.304808,-0.058879,0.000000,0.000020,0.000000,0.000000,-20.100000,39.600000,71.300000,99.000000,-1.213106,-0.126183,-1.304879,-0.058879,0.000000,0.000000,0.000000,0.000000
1171.908,-1.212829,-0.126182,-1.304808,-0.058879,0.000000,0.000020,0.000000,0.000000,-20.100000,39.600000,71.300000,99.000000,-1.213106,-0.126183,-1.304879,-0.058879,0.000000,0.000000,0.000000,0.000000
1171.918,-1.212829,-0.126182,-1.304808,-0.058879,0.000000,0.000020,0.000000,0.000000,-20.100000,39.600000,71.300000,99.000000,-1.213106,-0.126183,-1.304879,-0.058879,0.000000,0.000000,0.000000,0.000000
1172.388,-1.310219,-0.124145,-1.258557,-0.057780,0.010472,0.000040,0.000000,0.000000,-23.500000,52.600000,16.300000,102.500000,-1.310287,-0.124144,-1.259020,-0.057780,0.000000,0.000000,0.000000,0.000000
1172.398,-1.310219,-0.124145,-1.258557,-0.057780,0.010472,0.000040,0.000000,0.000000,-23.500000,52.600000,16.300000,102.500000,-1.310287,-0.124144,-1.259020,-0.057780,0.000000,0.000000,0.000000,0.000000
1172.408,-1.310219,-0.124145,-1.258557,-0.057780,0.010472,0.000040,0.000000,0.000000,-23.500000,52.600000,16.300000,102.500000,-1.310287,-0.124144,-1.259020,-0.057780,0.000000,0.000000,0.000000,0.000000
1172.418,-1.310219,-0.124145,-1.258557,-0.057780,0.010472,0.000040,0.000000,0.000000,-23.500000,52.600000,16.300000,102.500000,-1.310287,-0.124144,-1.259020,-0.057780,0.000000,0.000000,0.000000,0.000000
1173.188,-1.357866,-0.122120,-1.153139,-0.057927,0.000000,0.000040,-0.001745,0.000000,-27.400000,34.300000,-8.000000,58.600000,-1.357844,-0.122121,-1.153379,-0.057929,0.000000,0.000000,0.000000,0.000000
1173.198,-1.357866,-0.122120,-1.153139,-0.057927,0.000000,0.000040,-0.001745,0.000000,-27.400000,34.300000,-8.000000,58.600000,-1.357844,-0.122121,-1.153379,-0.057929,0.000000,0.000000,0.000000,0.000000
1173.208,-1.357866,-0.122120,-1.153139,-0.057927,0.000000,0.000040,-0.001745,0.000000,-27.400000,34.300000,-8.000000,58.600000,-1.357844,-0.122121,-1.153379,-0.057929,0.000000,0.000000,0.000000,0.000000
1173.218,-1.357866,-0.122120,-1.153139,-0.057927,0.000000,0.000040,-0.001745,0.000000,-27.400000,34.300000,-8.000000,58.600000,-1.357844,-0.122121,-1.153379,-0.057929,0.000000,0.000000,0.000000,0.000000
1173.888,-1.402372,-0.120105,-1.044230,-0.058069,0.000000,0.000000,0.000000,0.000000,-24.300000,55.400000,3.900000,41.400000,-1.402710,-0.120104,-1.044239,-0.058069,0.000000,0.000000,0.000000,0.000000
1173.898,-1.402372,-0.120105,-1.044230,-0.058069,0.000000,0.000000,0.000000,0.000000,-24.300000,55.400000,3.900000,41.400000,-1.402710,-0.120104,-1.044239,-0.058069,0.000000,0.000000,0.000000,0.000000
1173.908,-1.402372,-0.120105,-1.044230,-0.058069,0.000000,0.000000,0.000000,0.000000,-24.300000,55.400000,3.900000,41.400000,-1.402710,-0.120104,-1.044239,-0.058069,0.000000,0.000000,0.000000,0.000000
1173.918,-1.402372,-0.120105,-1.044230,-0.058069,0.000000,0.000000,0.000000,0.000000,-24.300000,55.400000,3.900000,41.400000,-1.402710,-0.120104,-1.044239,-0.058069,0.000000,0.000000,0.000000,0.000000
1174.488,-1.493304,-0.118103,-1.016654,-0.056305,0.000000,0.000010,0.000000,0.000000,-26.600000,37.700000,80.900000,86.600000,-1.493379,-0.118104,-1.016605,-0.056304,0.000000,0.000000,0.000000,0.000000
1174.498,-1.493304,-0.118103,-1.016654,-0.056305,0.000000,0.000010,0.000000,0.000000,-26.600000,37.700000,80.900000,86.600000,-1.493379,-0.118104,-1.016605,-0.056304,0.000000,0.000000,0.000000,0.000000
1174.508,-1.493304,-0.118103,-1.016654,-0.056305,0.000000,0.000010,0.000000,0.000000,-26.600000,37.700000,80.900000,86.600000,-1.493379,-0.118104,-1.016605,-0.056304,0.000000,0.000000,0.000000,0.000000
1174.518,-1.493304,-0.118103,-1.016654,-0.056305,0.000000,0.000010,0.000000,0.000000,-26.600000,37.700000,80.900000,86.600000,-1.493379,-0.118104,-1.016605,-0.056304,0.000000,0.000000,0.000000,0.000000
1174.988,-1.576381,-0.116115,-0.986809,-0.054480,-0.001745,0.000010,0.000000,0.000000,-19.300000,91.100000,20.700000,137.300000,-1.576435,-0.116114,-0.987315,-0.054481,0.000000,0.000000,0.000000,0.000000
1174.998,-1.576381,-0.116115,-0.986809,-0.054480,-0.001745,0.000010,0.000000,0.000000,-19.300000,91.100000,20.700000,137.300000,-1.576435,-0.116114,-0.987315,-0.054481,0.000000,0.000000,0.000000,0.000000
1175.008,-1.576381,-0.116115,-0.986809,-0.054480,-0.001745,0.000010,0.000000,0.000000,-19.300000,91.100000,20.700000,137.300000,-1.576435,-0.116114,-0.987315,-0.054481,0.000000,0.000000,0.000000,0.000000
1175.018,-1.576381,-0.116115,-0.986809,-0.054480,-0.001745,0.000010,0.000000,0.000000,-19.300000,91.100000,20.700000,137.300000,-1.576435,-0.116114,-0.987315,-0.054481,0.000000,0.000000,0.000000,0.000000
1175.487,-1.662252,-0.114111,-0.929039,-0.054241,0.000000,0.000000,0.000000,0.000000,-28.300000,82.400000,37.200000,86.700000,-1.742158,-0.112116,-0.891603,-0.053049,0.000000,0.000000,0.000000,0.000000
1175.497,-1.662252,-0.114111,-0.929039,-0.054241,0.000000,0.000000,0.000000,0.000000,-28.300000,82.400000,37.200000,86.700000,-1.742158,-0.112116,-0.891603,-0.053049,0.000000,0.000000,0.000000,0.000000
1175.507,-1.662252,-0.114111,-0.929039,-0.054241,0.000000,0.000000,0.000000,0.000000,-28.300000,82.400000,37.200000,86.700000,-1.742158,-0.112116,-0.891603,-0.053049,0.000000,0.000000,0.000000,0.000000
1175.518,-1.662252,-0.114111,-0.929039,-0.054241,0.000000,0.000000,0.000000,0.000000,-28.300000,82.400000,37.200000,86.700000,-1.742158,-0.112116,-0.891603,-0.053049,0.000000,0.000000,0.000000,0.000000
1175.888,-1.742013,-0.112119,-0.891165,-0.053049,0.000000,-0.000010,0.000000,0.000010,-21.800000,57.100000,79.400000,133.800000,-1.742158,-0.112116,-0.891603,-0.053049,0.000000,0.000000,0.000000,0.000000
1175.898,-1.742013,-0.112119,-0.891165,-0.053049,0.000000,-0.000010,0.000000,0.000010,-21.800000,57.100000,79.400000,133.800000,-1.742158,-0.112116,-0.891603,-0.053049,0.000000,0.000000,0.000000,0.000000
1175.908,-1.742013,-0.112119,-0.891165,-0.053049,0.000000,-0.000010,0.000000,0.000010,-21.800000,57.100000,79.400000,133.800000,-1.742158,-0.112116,-0.891603,-0.053049,0.000000,0.000000,0.000000,0.000000
1175.918,-1.742013,-0.112119,-0.891165,-0.053049,0.000000,-0.000010,0.000000,0.000010,-21.800000,57.100000,79.400000,133.800000,-1.742158,-0.112116,-0.891603,-0.053049,0.000000,0.000000,0.000000,0.000000
1176.388,-1.836959,-0.110150,-0.855037,-0.051698,-0.005236,0.000020,0.000000,0.000000,-25.200000,74.000000,79.500000,127.000000,-1.836997,-0.110150,-0.855253,-0.051699,0.000000,0.000000,0.000000,0.000000
1176.398,-1.836959,-0.110150,-0.855037,-0.051698,-0.005236,0.000020,0.000000,0.000000,-25.200000,74.000000,79.500000,127.000000,-1.836997,-0.110150,-0.855253,-0.051699,0.000000,0.000000,0.000000,0.000000
1176.408,-1.836959,-0.110150,-0.855037,-0.051698,-0.005236,0.000020,0.000000,0.000000,-25.200000,74.000000,79.500000,127.000000,-1.836997,-0.110150,-0.855253,-0.051699,0.000000,0.000000,0.000000,0.000000
1176.418,-1.836959,-0.110150,-0.855037,-0.051698,-0.005236,0.000020,0.000000,0.000000,-25.200000,74.000000,79.500000,127.000000,-1.836997,-0.110150,-0.855253,-0.051699,0.000000,0.000000,0.000000,0.000000
1176.887,-1.907819,-0.108167,-0.766200,-0.052146,0.000000,0.000010,0.000000,0.000000,-21.300000,68.400000,213.300000,57.300000,-1.907911,-0.108168,-0.766422,-0.052147,0.000000,0.000000,0.000000,0.000000
1176.897,-1.907819,-0.108167,-0.766200,-0.052146,0.000000,0.000010,0.000000,0.000000,-21.300000,68.400000,213.300000,57.300000,-1.907911,-0.108168,-0.766422,-0.052147,0.000000,0.000000,0.000000,0.000000
1176.908,-1.907819,-0.108167,-0.766200,-0.052146,0.000000,0.000010,0.000000,0.000000,-21.300000,68.400000,213.300000,57.300000,-1.907911,-0.108168,-0.766422,-0.052147,0.000000,0.000000,0.000000,0.000000
1176.918,-1.907819,-0.108167,-0.766200,-0.052146,0.000000,0.000010,0.000000,0.000000,-21.300000,68.400000,213.300000,57.300000,-1.907911,-0.108168,-0.766422,-0.052147,0.000000,0.000000,0.000000,0.000000
1177.288,-1.986359,-0.106150,-0.670381,-0.052463,0.000000,0.000100,0.000000,0.000000,-22.500000,103.800000,240.600000,23.400000,-1.986292,-0.106147,-0.670714,-0.052464,0.000000,0.000000,0.000000,0.000000
1177.298,-1.986359,-0.106150,-0.670381,-0.052463,0.000000,0.000100,0.000000,0.000000,-22.500000,103.800000,240.600000,23.400000,-1.986292,-0.106147,-0.670714,-0.052464,0.000000,0.000000,0.000000,0.000000
1177.308,-1.986359,-0.106150,-0.670381,-0.052463,0.000000,0.000100,0.000000,0.000000,-22.500000,103.800000,240.600000,23.400000,-1.986292,-0.106147,-0.670714,-0.052464,0.000000,0.000000,0.000000,0.000000
1177.318,-1.986359,-0.106150,-0.670381,-0.052463,0.000000,0.000100,0.000000,0.000000,-22.500000,103.800000,240.600000,23.400000,-1.986292,-0.106147,-0.670714,-0.052464,0.000000,0.000000,0.000000,0.000000
1177.687,-2.059838,-0.104190,-0.568454,-0.052883,-0.005236,0.000070,0.003491,0.000000,-20.600000,94.100000,206.500000,-15.500000,-2.060112,-0.104188,-0.568653,-0.052884,0.000000,0.000000,0.000000,0.000000
1177.698,-2.059838,-0.104190,-0.568454,-0.052883,-0.005236,0.000070,0.003491,0.000000,-20.600000,94.100000,206.500000,-15.500000,-2.060112,-0.104188,-0.568653,-0.052884,0.000000,0.000000,0.000000,0.000000
1177.708,-2.059838,-0.104190,-0.568454,-0.052883,-0.005236,0.000070,0.003491,0.000000,-20.600000,94.100000,206.500000,-15.500000,-2.060112,-0.104188,-0.568653,-0.052884,0.000000,0.000000,0.000000,0.000000
1177.718,-2.059838,-0.104190,-0.568454,-0.052883,-0.005236,0.000070,0.003491,0.000000,-20.600000,94.100000,206.500000,-15.500000,-2.060112,-0.104188,-0.568653,-0.052884,0.000000,0.000000,0.000000,0.000000
1178.092,-2.124938,-0.102215,-0.458498,-0.053440,0.000000,0.000070,0.000000,0.000000,-25.400000,69.500000,151.400000,-28.800000,-2.124984,-0.102211,-0.458678,-0.053441,0.000000,0.000000,0.000000,0.000000
1178.102,-2.124938,-0.102215,-0.458498,-0.053440,0.000000,0.000070,0.000000,0.000000,-25.400000,69.500000,151.400000,-28.800000,-2.124984,-0.102211,-0.458678,-0.053441,0.000000,0.000000,0.000000,0.000000
1178.113,-2.124938,-0.102215,-0.458498,-0.053440,0.000000,0.000070,0.000000,0.000000,-25.400000,69.500000,151.400000,-28.800000,-2.124984,-0.102211,-0.458678,-0.053441,0.000000,0.000000,0.000000,0.000000
1178.123,-2.124938,-0.102215,-0.458498,-0.053440,0.000000,0.000070,0.000000,0.000000,-25.400000,69.500000,151.400000,-28.800000,-2.124984,-0.102211,-0.458678,-0.053441,0.000000,0.000000,0.000000,0.000000
1178.488,-2.179742,-0.100262,-0.334754,-0.054175,0.000000,0.000160,0.000000,0.000000,-26.100000,62.500000,223.300000,-24.600000,-2.179746,-0.100260,-0.335107,-0.054176,0.000000,0.000000,0.000000,0.000000
1178.498,-2.179742,-0.100262,-0.334754,-0.054175,0.000000,0.000160,0.000000,0.000000,-26.100000,62.500000,223.300000,-24.600000,-2.179746,-0.100260,-0.335107,-0.054176,0.000000,0.000000,0.000000,0.000000
1178.508,-2.179742,-0.100262,-0.334754,-0.054175,0.000000,0.000160,0.000000,0.000000,-26.100000,62.500000,223.300000,-24.600000,-2.179746,-0.100260,-0.335107,-0.054176,0.000000,0.000000,0.000000,0.000000
1178.518,-2.179742,-0.100262,-0.334754,-0.054175,0.000000,0.000160,0.000000,0.000000,-26.100000,62.500000,223.300000,-24.600000,-2.179746,-0.100260,-0.335107,-0.054176,0.000000,0.000000,0.000000,0.000000
1178.888,-2.217964,-0.098324,-0.197571,-0.055150,0.000000,0.000240,0.001745,0.000000,-19.000000,90.400000,230.100000,-40.400000,-2.218066,-0.098321,-0.197890,-0.055151,0.000000,0.000000,0.000000,0.000000
1178.898,-2.217964,-0.098324,-0.197571,-0.055150,0.000000,0.000240,0.001745,0.000000,-19.000000,90.400000,230.100000,-40.400000,-2.218066,-0.098321,-0.197890,-0.055151,0.000000,0.000000,0.000000,0.000000
1178.908,-2.217964,-0.098324,-0.197571,-0.055150,0.000000,0.000240,0.001745,0.000000,-19.000000,90.400000,230.100000,-40.400000,-2.218066,-0.098321,-0.197890,-0.055151,0.000000,0.000000,0.000000,0.000000
1178.918,-2.217964,-0.098324,-0.197571,-0.055150,0.000000,0.000240,0.001745,0.000000,-19.000000,90.400000,230.100000,-40.400000,-2.218066,-0.098321,-0.197890,-0.055151,0.000000,0.000000,0.000000,0.000000
1179.388,-2.340487,-0.096350,-0.214850,-0.054135,0.000000,-0.000020,0.000000,0.000000,-19.400000,84.500000,48.800000,83.500000,-2.340564,-0.096350,-0.215154,-0.054135,0.000000,0.000000,0.000000,0.000000
1179.398,-2.340487,-0.096350,-0.214850,-0.054135,0.000000,-0.000020,0.000000,0.000000,-19.400000,84.500000,48.800000,83.500000,-2.340564,-0.096350,-0.215154,-0.054135,0.000000,0.000000,0.000000,0.000000
1179.408,-2.340487,-0.096350,-0.214850,-0.054135,0.000000,-0.000020,0.000000,0.000000,-19.400000,84.500000,48.800000,83.500000,-2.340564,-0.096350,-0.215154,-0.054135,0.000000,0.000000,0.000000,0.000000
1179.418,-2.340487,-0.096350,-0.214850,-0.054135,0.000000,-0.000020,0.000000,0.000000,-19.400000,84.500000,48.800000,83.500000,-2.340564,-0.096350,-0.215154,-0.054135,0.000000,0.000000,0.000000,0.000000
1179.888,-2.319368,-0.094325,-0.221482,-0.053943,0.000000,0.000010,0.000000,0.000000,-10.600000,72.900000,43.700000,65.800000,-2.319437,-0.094326,-0.221311,-0.053943,0.000000,0.000000,0.000000,0.000000
1179.898,-2.319368,-0.094325,-0.221482,-0.053943,0.000000,0.000010,0.000000,0.000000,-10.600000,72.900000,43.700000,65.800000,-2.319437,-0.094326,-0.221311,-0.053943,0.000000,0.000000,0.000000,0.000000
1179.908,-2.319368,-0.094325,-0.221482,-0.053943,0.000000,0.000010,0.000000,0.000000,-10.600000,72.900000,43.700000,65.800000,-2.319437,-0.094326,-0.221311,-0.053943,0.000000,0.000000,0.000000,0.000000
1179.918,-2.319368,-0.094325,-0.221482,-0.053943,0.000000,0.000010,0.000000,0.000000,-10.600000,72.900000,43.700000,65.800000,-2.319437,-0.094326,-0.221311,-0.053943,0.000000,0.000000,0.000000,0.000000
1194.788,0.175929,-0.154711,0.175755,-0.071904,0.001745,-0.000040,0.000000,0.000000,-9.600000,-5.900000,85.200000,38.300000,0.175940,-0.154710,0.175940,-0.071904,0.000000,0.000000,0.000000,0.000000
1194.798,0.175929,-0.154711,0.175755,-0.071904,0.001745,-0.000040,0.000000,0.000000,-9.600000,-5.900000,85.200000,38.300000,0.175940,-0.154710,0.175940,-0.071904,0.000000,0.000000,0.000000,0.000000
1194.808,0.175929,-0.154711,0.175755,-0.071904,0.001745,-0.000040,0.000000,0.000000,-9.600000,-5.900000,85.200000,38.300000,0.175940,-0.154710,0.175940,-0.071904,0.000000,0.000000,0.000000,0.000000
1194.818,0.175929,-0.154711,0.175755,-0.071904,0.001745,-0.000040,0.000000,0.000000,-9.600000,-5.900000,85.200000,38.300000,0.175940,-0.154710,0.175940,-0.071904,0.000000,0.000000,0.000000,0.000000
1195.287,0.141546,-0.152529,0.164759,-0.070712,0.013963,0.000000,0.000000,0.000000,-10.800000,69.700000,38.800000,139.000000,0.141731,-0.152528,0.164844,-0.070416,0.000000,0.000000,0.000000,0.000000
1195.297,0.141546,-0.152529,0.164759,-0.070712,0.013963,0.000000,0.000000,0.000000,-10.800000,69.700000,38.800000,139.000000,0.141731,-0.152528,0.164844,-0.070416,0.000000,0.000000,0.000000,0.000000
1195.308,0.141546,-0.152529,0.164759,-0.070712,0.013963,0.000000,0.000000,0.000000,-10.800000,69.700000,38.800000,139.000000,0.141731,-0.152528,0.164844,-0.070416,0.000000,0.000000,0.000000,0.000000
1195.318,0.141546,-0.152529,0.164759,-0.070712,0.013963,0.000000,0.000000,0.000000,-10.800000,69.700000,38.800000,139.000000,0.141731,-0.152528,0.164844,-0.070416,0.000000,0.000000,0.000000,0.000000
1195.787,0.083427,-0.150463,0.166853,-0.069452,0.020944,0.000020,0.000000,0.000000,-18.200000,52.100000,-61.400000,126.300000,0.050977,-0.148376,0.155768,-0.067890,0.000000,0.000000,0.000000,0.000000
1195.797,0.083427,-0.150463,0.166853,-0.069452,0.020944,0.000020,0.000000,0.000000,-18.200000,52.100000,-61.400000,126.300000,0.050977,-0.148376,0.155768,-0.067890,0.000000,0.000000,0.000000,0.000000
1195.808,0.083427,-0.150463,0.166853,-0.069452,0.020944,0.000020,0.000000,0.000000,-18.200000,52.100000,-61.400000,126.300000,0.050977,-0.148376,0.155768,-0.067890,0.000000,0.000000,0.000000,0.000000
1195.818,0.083427,-0.150463,0.166853,-0.069452,0.020944,0.000020,0.000000,0.000000,-18.200000,52.100000,-61.400000,126.300000,0.050977,-0.148376,0.155768,-0.067890,0.000000,0.000000,0.000000,0.000000
1196.287,0.050964,-0.148375,0.155509,-0.067889,0.000000,0.000000,0.001745,0.000010,-16.200000,76.000000,91.200000,117.800000,0.022805,-0.146272,0.136439,-0.066339,0.000000,0.000000,0.000000,0.000000
1196.298,0.050964,-0.148375,0.155509,-0.067889,0.000000,0.000000,0.001745,0.000010,-16.200000,76.000000,91.200000,117.800000,0.022805,-0.146272,0.136439,-0.066339,0.000000,0.000000,0.000000,0.000000
1196.308,0.050964,-0.148375,0.155509,-0.067889,0.000000,0.000000,0.001745,0.000010,-16.200000,76.000000,91.200000,117.800000,0.022805,-0.146272,0.136439,-0.066339,0.000000,0.000000,0.000000,0.000000
1196.318,0.050964,-0.148375,0.155509,-0.067889,0.000000,0.000000,0.001745,0.000010,-16.200000,76.000000,91.200000,117.800000,0.022805,-0.146272,0.136439,-0.066339,0.000000,0.000000,0.000000,0.000000
1196.787,0.022515,-0.146272,0.136310,-0.066339,0.026180,0.000020,0.000000,0.000000,-18.400000,100.900000,85.800000,122.400000,0.022805,-0.146272,0.136439,-0.066339,0.000000,0.000000,0.000000,0.000000
1196.797,0.022515,-0.146272,0.136310,-0.066339,0.026180,0.000020,0.000000,0.000000,-18.400000,100.900000,85.800000,122.400000,0.022805,-0.146272,0.136439,-0.066339,0.000000,0.000000,0.000000,0.000000
1196.807,0.022515,-0.146272,0.136310,-0.066339,0.026180,0.000020,0.000000,0.000000,-18.400000,100.900000,85.800000,122.400000,0.022805,-0.146272,0.136439,-0.066339,0.000000,0.000000,0.000000,0.000000
1196.818,0.022515,-0.146272,0.136310,-0.066339,0.026180,0.000020,0.000000,0.000000,-18.400000,100.900000,85.800000,122.400000,0.022805,-0.146272,0.136439,-0.066339,0.000000,0.000000,0.000000,0.000000
1197.288,-0.020769,-0.144248,0.141372,-0.065809,0.036652,0.000000,0.000000,0.000000,-15.300000,69.300000,-7.800000,102.600000,-0.020773,-0.144249,0.141052,-0.065810,0.000000,0.000000,0.000000,0.000000
1197.298,-0.020769,-0.144248,0.141372,-0.065809,0.036652,0.000000,0.000000,0.000000,-15.300000,69.300000,-7.800000,102.600000,-0.020773,-0.144249,0.141052,-0.065810,0.000000,0.000000,0.000000,0.000000
1197.308,-0.020769,-0.144248,0.141372,-0.065809,0.036652,0.000000,0.000000,0.000000,-15.300000,69.300000,-7.800000,102.600000,-0.020773,-0.144249,0.141052,-0.065810,0.000000,0.000000,0.000000,0.000000
1197.318,-0.020769,-0.144248,0.141372,-0.065809,0.036652,0.000000,0.000000,0.000000,-15.300000,69.300000,-7.800000,102.600000,-0.020773,-0.144249,0.141052,-0.065810,0.000000,0.000000,0.000000,0.000000
1197.787,0.004712,-0.142180,0.115017,-0.064446,0.000000,-0.000020,0.000000,0.000000,-8.300000,62.800000,-55.000000,131.900000,-0.044511,-0.140112,0.133199,-0.064180,0.000000,0.000000,0.000000,0.000000
1197.798,0.004712,-0.142180,0.115017,-0.064446,0.000000,-0.000020,0.000000,0.000000,-8.300000,62.800000,-55.000000,131.900000,-0.044511,-0.140112,0.133199,-0.064180,0.000000,0.000000,0.000000,0.000000
1197.808,0.004712,-0.142180,0.115017,-0.064446,0.000000,-0.000020,0.000000,0.000000,-8.300000,62.800000,-55.000000,131.900000,-0.044511,-0.140112,0.133199,-0.064180,0.000000,0.000000,0.000000,0.000000
1197.818,0.004712,-0.142180,0.115017,-0.064446,0.000000,-0.000020,0.000000,0.000000,-8.300000,62.800000,-55.000000,131.900000,-0.044511,-0.140112,0.133199,-0.064180,0.000000,0.000000,0.000000,0.000000
1198.287,-0.044331,-0.140111,0.132994,-0.064179,0.000000,0.000000,0.000000,0.000000,-16.700000,50.700000,6.000000,117.700000,-0.044511,-0.140112,0.133199,-0.064180,0.000000,0.000000,0.000000,0.000000
1198.298,-0.044331,-0.140111,0.132994,-0.064179,0.000000,0.000000,0.000000,0.000000,-16.700000,50.700000,6.000000,117.700000,-0.044511,-0.140112,0.133199,-0.064180,0.000000,0.000000,0.000000,0.000000
1198.308,-0.044331,-0.140111,0.132994,-0.064179,0.000000,0.000000,0.000000,0.000000,-16.700000,50.700000,6.000000,117.700000,-0.044511,-0.140112,0.133199,-0.064180,0.000000,0.000000,0.000000,0.000000
1198.318,-0.044331,-0.140111,0.132994,-0.064179,0.000000,0.000000,0.000000,0.000000,-16.700000,50.700000,6.000000,117.700000,-0.044511,-0.140112,0.133199,-0.064180,0.000000,0.000000,0.000000,0.000000
1198.788,-0.087965,-0.138035,0.127235,-0.062710,0.001745,0.000050,0.000000,0.000000,-17.700000,86.700000,37.400000,130.400000,-0.088110,-0.138035,0.127461,-0.062711,0.000000,0.000000,0.000000,0.000000
1198.798,-0.087965,-0.138035,0.127235,-0.062710,0.001745,0.000050,0.000000,0.000000,-17.700000,86.700000,37.400000,130.400000,-0.088110,-0.138035,0.127461,-0.062711,0.000000,0.000000,0.000000,0.000000
1198.808,-0.087965,-0.138035,0.127235,-0.062710,0.001745,0.000050,0.000000,0.000000,-17.700000,86.700000,37.400000,130.400000,-0.088110,-0.138035,0.127461,-0.062711,0.000000,0.000000,0.000000,0.000000
1198.818,-0.087965,-0.138035,0.127235,-0.062710,0.001745,0.000050,0.000000,0.000000,-17.700000,86.700000,37.400000,130.400000,-0.088110,-0.138035,0.127461,-0.062711,0.000000,0.000000,0.000000,0.000000
1199.287,-0.085870,-0.136033,0.108385,-0.061333,0.000000,0.000000,0.000000,0.000000,-14.900000,73.700000,52.500000,136.400000,-0.064808,-0.134019,0.090691,-0.059868,0.000000,0.000000,0.000000,0.000000
1199.297,-0.085870,-0.136033,0.108385,-0.061333,0.000000,0.000000,0.000000,0.000000,-14.900000,73.700000,52.500000,136.400000,-0.064808,-0.134019,0.090691,-0.059868,0.000000,0.000000,0.000000,0.000000
1199.308,-0.085870,-0.136033,0.108385,-0.061333,0.000000,0.000000,0.000000,0.000000,-14.900000,73.700000,52.500000,136.400000,-0.064808,-0.134019,0.090691,-0.059868,0.000000,0.000000,0.000000,0.000000
1199.318,-0.085870,-0.136033,0.108385,-0.061333,0.000000,0.000000,0.000000,0.000000,-14.900000,73.700000,52.500000,136.400000,-0.064808,-0.134019,0.090691,-0.059868,0.000000,0.000000,0.000000,0.000000
1199.687,-0.064752,-0.134023,0.090408,-0.059867,0.015708,0.000060,-0.001745,0.000020,-12.700000,64.100000,-31.400000,156.100000,-0.064808,-0.134019,0.090691,-0.059868,0.000000,0.000000,0.000000,0.000000
1199.698,-0.064752,-0.134023,0.090408,-0.059867,0.015708,0.000060,-0.001745,0.000020,-12.700000,64.100000,-31.400000,156.100000,-0.064808,-0.134019,0.090691,-0.059868,0.000000,0.000000,0.000000,0.000000
1199.708,-0.064752,-0.134023,0.090408,-0.059867,0.015708,0.000060,-0.001745,0.000020,-12.700000,64.100000,-31.400000,156.100000,-0.064808,-0.134019,0.090691,-0.059868,0.000000,0.000000,0.000000,0.000000
1199.718,-0.064752,-0.134023,0.090408,-0.059867,0.015708,0.000060,-0.001745,0.000020,-12.700000,64.100000,-31.400000,156.100000,-0.064808,-0.134019,0.090691,-0.059868,0.000000,0.000000,0.000000,0.000000
1200.188,-0.090583,-0.131896,0.072955,-0.058114,-0.001745,0.000000,0.000000,0.000000,-19.800000,46.200000,50.400000,123.200000,-0.090597,-0.131896,0.073430,-0.058114,0.000000,0.000000,0.000000,0.000000
1200.198,-0.090583,-0.131896,0.072955,-0.058114,-0.001745,0.000000,0.000000,0.000000,-19.800000,46.200000,50.400000,123.200000,-0.090597,-0.131896,0.073430,-0.058114,0.000000,0.000000,0.000000,0.000000
1200.208,-0.090583,-0.131896,0.072955,-0.058114,-0.001745,0.000000,0.000000,0.000000,-19.800000,46.200000,50.400000,123.200000,-0.090597,-0.131896,0.073430,-0.058114,0.000000,0.000000,0.000000,0.000000
1200.218,-0.090583,-0.131896,0.072955,-0.058114,-0.001745,0.000000,0.000000,0.000000,-19.800000,46.200000,50.400000,123.200000,-0.090597,-0.131896,0.073430,-0.058114,0.000000,0.000000,0.000000,0.000000
1200.687,-0.087266,-0.129650,0.060388,-0.056637,0.005236,0.000000,0.000000,0.000000,-14.300000,57.100000,69.600000,132.800000,-0.087330,-0.129649,0.060409,-0.056638,0.000000,0.000000,0.000000,0.000000
1200.697,-0.087266,-0.129650,0.060388,-0.056637,0.005236,0.000000,0.000000,0.000000,-14.300000,57.100000,69.600000,132.800000,-0.087330,-0.129649,0.060409,-0.056638,0.000000,0.000000,0.000000,0.000000
1200.707,-0.087266,-0.129650,0.060388,-0.056637,0.005236,0.000000,0.000000,0.000000,-14.300000,57.100000,69.600000,132.800000,-0.087330,-0.129649,0.060409,-0.056638,0.000000,0.000000,0.000000,0.000000
1200.718,-0.087266,-0.129650,0.060388,-0.056637,0.005236,0.000000,0.000000,0.000000,-14.300000,57.100000,69.600000,132.800000,-0.087330,-0.129649,0.060409,-0.056638,0.000000,0.000000,0.000000,0.000000
1201.190,-0.079238,-0.127565,0.047298,-0.055274,-0.006981,0.000030,0.000000,0.000000,-9.000000,106.600000,4.800000,128.100000,-0.079239,-0.127564,0.047361,-0.055274,0.000000,0.000000,0.000000,0.000000
1201.203,-0.079238,-0.127565,0.047298,-0.055274,-0.006981,0.000030,0.000000,0.000000,-9.000000,106.600000,4.800000,128.100000,-0.079239,-0.127564,0.047361,-0.055274,0.000000,0.000000,0.000000,0.000000
1201.213,-0.079238,-0.127565,0.047298,-0.055274,-0.006981,0.000030,0.000000,0.000000,-9.000000,106.600000,4.800000,128.100000,-0.079239,-0.127564,0.047361,-0.055274,0.000000,0.000000,0.000000,0.000000
1201.223,-0.079238,-0.127565,0.047298,-0.055274,-0.006981,0.000030,0.000000,0.000000,-9.000000,106.600000,4.800000,128.100000,-0.079239,-0.127564,0.047361,-0.055274,0.000000,0.000000,0.000000,0.000000
1201.688,-0.074526,-0.125460,0.033336,-0.053907,0.013963,0.000000,0.000000,0.000000,-12.000000,74.900000,70.000000,138.400000,-0.074701,-0.125460,0.033623,-0.053907,0.000000,0.000000,0.000000,0.000000
1201.698,-0.074526,-0.125460,0.033336,-0.053907,0.013963,0.000000,0.000000,0.000000,-12.000000,74.900000,70.000000,138.400000,-0.074701,-0.125460,0.033623,-0.053907,0.000000,0.000000,0.000000,0.000000
1201.708,-0.074526,-0.125460,0.033336,-0.053907,0.013963,0.000000,0.000000,0.000000,-12.000000,74.900000,70.000000,138.400000,-0.074701,-0.125460,0.033623,-0.053907,0.000000,0.000000,0.000000,0.000000
1201.718,-0.074526,-0.125460,0.033336,-0.053907,0.013963,0.000000,0.000000,0.000000,-12.000000,74.900000,70.000000,138.400000,-0.074701,-0.125460,0.033623,-0.053907,0.000000,0.000000,0.000000,0.000000
1202.187,-0.074875,-0.123440,0.028449,-0.052543,0.000000,0.000000,0.000000,0.000000,-11.200000,67.700000,42.000000,125.400000,-0.074925,-0.123440,0.028593,-0.052544,0.000000,0.000000,0.000000,0.000000
1202.197,-0.074875,-0.123440,0.028449,-0.052543,0.000000,0.000000,0.000000,0.000000,-11.200000,67.700000,42.000000,125.400000,-0.074925,-0.123440,0.028593,-0.052544,0.000000,0.000000,0.000000,0.000000
1202.208,-0.074875,-0.123440,0.028449,-0.052543,0.000000,0.000000,0.000000,0.000000,-11.200000,67.700000,42.000000,125.400000,-0.074925,-0.123440,0.028593,-0.052544,0.000000,0.000000,0.000000,0.000000
1202.218,-0.074875,-0.123440,0.028449,-0.052543,0.000000,0.000000,0.000000,0.000000,-11.200000,67.700000,42.000000,125.400000,-0.074925,-0.123440,0.028593,-0.052544,0.000000,0.000000,0.000000,0.000000
1202.688,-0.071035,-0.121168,0.018675,-0.051034,-0.012217,-0.000020,0.000000,0.000000,-14.600000,63.000000,72.800000,126.600000,-0.071264,-0.121169,0.018929,-0.051035,0.000000,0.000000,0.000000,0.000000
1202.698,-0.071035,-0.121168,0.018675,-0.051034,-0.012217,-0.000020,0.000000,0.000000,-14.600000,63.000000,72.800000,126.600000,-0.071264,-0.121169,0.018929,-0.051035,0.000000,0.000000,0.000000,0.000000
1202.708,-0.071035,-0.121168,0.018675,-0.051034,-0.012217,-0.000020,0.000000,0.000000,-14.600000,63.000000,72.800000,126.600000,-0.071264,-0.121169,0.018929,-0.051035,0.000000,0.000000,0.000000,0.000000
1202.718,-0.071035,-0.121168,0.018675,-0.051034,-0.012217,-0.000020,0.000000,0.000000,-14.600000,63.000000,72.800000,126.600000,-0.071264,-0.121169,0.018929,-0.051035,0.000000,0.000000,0.000000,0.000000
1203.188,-0.070686,-0.118926,0.010123,-0.049497,0.000000,0.000050,0.000000,0.000000,-10.600000,68.200000,83.800000,101.800000,-0.070857,-0.118925,0.010360,-0.049498,0.000000,0.000000,0.000000,0.000000
1203.198,-0.070686,-0.118926,0.010123,-0.049497,0.000000,0.000050,0.000000,0.000000,-10.600000,68.200000,83.800000,101.800000,-0.070857,-0.118925,0.010360,-0.049498,0.000000,0.000000,0.000000,0.000000
1203.208,-0.070686,-0.118926,0.010123,-0.049497,0.000000,0.000050,0.000000,0.000000,-10.600000,68.200000,83.800000,101.800000,-0.070857,-0.118925,0.010360,-0.049498,0.000000,0.000000,0.000000,0.000000
1203.218,-0.070686,-0.118926,0.010123,-0.049497,0.000000,0.000050,0.000000,0.000000,-10.600000,68.200000,83.800000,101.800000,-0.070857,-0.118925,0.010360,-0.049498,0.000000,0.000000,0.000000,0.000000
1203.688,-0.074176,-0.116881,0.006458,-0.048188,-0.001745,0.000000,0.001745,0.000000,-13.500000,98.500000,61.800000,77.100000,-0.074201,-0.116881,0.006546,-0.048189,0.000000,0.000000,0.000000,0.000000
1203.698,-0.074176,-0.116881,0.006458,-0.048188,-0.001745,0.000000,0.001745,0.000000,-13.500000,98.500000,61.800000,77.100000,-0.074201,-0.116881,0.006546,-0.048189,0.000000,0.000000,0.000000,0.000000
1203.708,-0.074176,-0.116881,0.006458,-0.048188,-0.001745,0.000000,0.001745,0.000000,-13.500000,98.500000,61.800000,77.100000,-0.074201,-0.116881,0.006546,-0.048189,0.000000,0.000000,0.000000,0.000000
1203.718,-0.074176,-0.116881,0.006458,-0.048188,-0.001745,0.000000,0.001745,0.000000,-13.500000,98.500000,61.800000,77.100000,-0.074201,-0.116881,0.006546,-0.048189,0.000000,0.000000,0.000000,0.000000
1204.188,-0.073478,-0.114425,0.006632,-0.046316,0.000000,0.000030,0.000000,0.000000,-11.900000,93.300000,17.600000,99.300000,-0.073533,-0.114425,0.006690,-0.046316,0.000000,0.000000,0.000000,0.000000
1204.198,-0.073478,-0.114425,0.006632,-0.046316,0.000000,0.000030,0.000000,0.000000,-11.900000,93.300000,17.600000,99.300000,-0.073533,-0.114425,0.006690,-0.046316,0.000000,0.000000,0.000000,0.000000
1204.208,-0.073478,-0.114425,0.006632,-0.046316,0.000000,0.000030,0.000000,0.000000,-11.900000,93.300000,17.600000,99.300000,-0.073533,-0.114425,0.006690,-0.046316,0.000000,0.000000,0.000000,0.000000
1204.218,-0.073478,-0.114425,0.006632,-0.046316,0.000000,0.000030,0.000000,0.000000,-11.900000,93.300000,17.600000,99.300000,-0.073533,-0.114425,0.006690,-0.046316,0.000000,0.000000,0.000000,0.000000
1204.688,-0.074002,-0.112015,0.012392,-0.044312,0.000000,-0.000010,0.000000,0.000000,-18.000000,54.200000,-37.800000,134.300000,-0.074122,-0.112015,0.012397,-0.044313,0.000000,0.000000,0.000000,0.000000
1204.698,-0.074002,-0.112015,0.012392,-0.044312,0.000000,-0.000010,0.000000,0.000000,-18.000000,54.200000,-37.800000,134.300000,-0.074122,-0.112015,0.012397,-0.044313,0.000000,0.000000,0.000000,0.000000
1204.708,-0.074002,-0.112015,0.012392,-0.044312,0.000000,-0.000010,0.000000,0.000000,-18.000000,54.200000,-37.800000,134.300000,-0.074122,-0.112015,0.012397,-0.044313,0.000000,0.000000,0.000000,0.000000
1204.718,-0.074002,-0.112015,0.012392,-0.044312,0.000000,-0.000010,0.000000,0.000000,-18.000000,54.200000,-37.800000,134.300000,-0.074122,-0.112015,0.012397,-0.044313,0.000000,0.000000,0.000000,0.000000
1205.088,-0.070337,-0.110018,0.038223,-0.042662,-0.017453,0.000070,-0.010472,0.000000,-14.400000,50.700000,-34.400000,147.100000,-0.070550,-0.110015,0.038123,-0.042662,0.000000,0.000000,0.000000,0.000000
1205.098,-0.070337,-0.110018,0.038223,-0.042662,-0.017453,0.000070,-0.010472,0.000000,-14.400000,50.700000,-34.400000,147.100000,-0.070550,-0.110015,0.038123,-0.042662,0.000000,0.000000,0.000000,0.000000
1205.108,-0.070337,-0.110018,0.038223,-0.042662,-0.017453,0.000070,-0.010472,0.000000,-14.400000,50.700000,-34.400000,147.100000,-0.070550,-0.110015,0.038123,-0.042662,0.000000,0.000000,0.000000,0.000000
1205.118,-0.070337,-0.110018,0.038223,-0.042662,-0.017453,0.000070,-0.010472,0.000000,-14.400000,50.700000,-34.400000,147.100000,-0.070550,-0.110015,0.038123,-0.042662,0.000000,0.000000,0.000000,0.000000
1216.688,2.519557,-0.154415,2.519208,-0.071905,0.000000,-0.000040,0.000000,0.000000,-20.000000,14.300000,65.900000,55.600000,2.519389,-0.154415,2.519389,-0.071905,0.000000,0.000000,0.000000,0.000000
1216.698,2.519557,-0.154415,2.519208,-0.071905,0.000000,-0.000040,0.000000,0.000000,-20.000000,14.300000,65.900000,55.600000,2.519389,-0.154415,2.519389,-0.071905,0.000000,0.000000,0.000000,0.000000
1216.708,2.519557,-0.154415,2.519208,-0.071905,0.000000,-0.000040,0.000000,0.000000,-20.000000,14.300000,65.900000,55.600000,2.519389,-0.154415,2.519389,-0.071905,0.000000,0.000000,0.000000,0.000000
1216.718,2.519557,-0.154415,2.519208,-0.071905,0.000000,-0.000040,0.000000,0.000000,-20.000000,14.300000,65.900000,55.600000,2.519389,-0.154415,2.519389,-0.071905,0.000000,0.000000,0.000000,0.000000
1220.188,2.535265,-0.151849,2.509609,-0.070740,0.001745,-0.000010,0.000000,0.000000,-15.800000,23.300000,61.500000,84.300000,2.549931,-0.149572,2.501260,-0.069705,0.000000,0.000000,0.000000,0.000000
1220.198,2.535265,-0.151849,2.509609,-0.070740,0.001745,-0.000010,0.000000,0.000000,-15.800000,23.300000,61.500000,84.300000,2.549931,-0.149572,2.501260,-0.069705,0.000000,0.000000,0.000000,0.000000
1220.208,2.535265,-0.151849,2.509609,-0.070740,0.001745,-0.000010,0.000000,0.000000,-15.800000,23.300000,61.500000,84.300000,2.549931,-0.149572,2.501260,-0.069705,0.000000,0.000000,0.000000,0.000000
1220.218,2.535265,-0.151849,2.509609,-0.070740,0.001745,-0.000010,0.000000,0.000000,-15.800000,23.300000,61.500000,84.300000,2.549931,-0.149572,2.501260,-0.069705,0.000000,0.000000,0.000000,0.000000
1223.687,2.549926,-0.149571,2.501231,-0.069704,-0.022689,0.000000,0.000000,0.000000,-14.100000,58.900000,4.800000,83.200000,2.549931,-0.149572,2.501260,-0.069705,0.000000,0.000000,0.000000,0.000000
1223.698,2.549926,-0.149571,2.501231,-0.069704,-0.022689,0.000000,0.000000,0.000000,-14.100000,58.900000,4.800000,83.200000,2.549931,-0.149572,2.501260,-0.069705,0.000000,0.000000,0.000000,0.000000
1223.708,2.549926,-0.149571,2.501231,-0.069704,-0.022689,0.000000,0.000000,0.000000,-14.100000,58.900000,4.800000,83.200000,2.549931,-0.149572,2.501260,-0.069705,0.000000,0.000000,0.000000,0.000000
1223.718,2.549926,-0.149571,2.501231,-0.069704,-0.022689,0.000000,0.000000,0.000000,-14.100000,58.900000,4.800000,83.200000,2.549931,-0.149572,2.501260,-0.069705,0.000000,0.000000,0.000000,0.000000
1227.188,2.564238,-0.147293,2.492679,-0.068668,0.010472,0.000000,0.000000,0.000000,-6.800000,44.000000,14.100000,106.400000,2.564306,-0.147293,2.492814,-0.068669,0.000000,0.000000,0.000000,0.000000
1227.198,2.564238,-0.147293,2.492679,-0.068668,0.010472,0.000000,0.000000,0.000000,-6.800000,44.000000,14.100000,106.400000,2.564306,-0.147293,2.492814,-0.068669,0.000000,0.000000,0.000000,0.000000
1227.208,2.564238,-0.147293,2.492679,-0.068668,0.010472,0.000000,0.000000,0.000000,-6.800000,44.000000,14.100000,106.400000,2.564306,-0.147293,2.492814,-0.068669,0.000000,0.000000,0.000000,0.000000
1227.218,2.564238,-0.147293,2.492679,-0.068668,0.010472,0.000000,0.000000,0.000000,-6.800000,44.000000,14.100000,106.400000,2.564306,-0.147293,2.492814,-0.068669,0.000000,0.000000,0.000000,0.000000
1227.688,2.578549,-0.145015,2.484127,-0.067633,0.000000,0.000010,0.001745,0.000000,-15.900000,89.800000,115.300000,110.500000,2.578682,-0.145015,2.484368,-0.067633,0.000000,0.000000,0.000000,0.000000
1227.698,2.578549,-0.145015,2.484127,-0.067633,0.000000,0.000010,0.001745,0.000000,-15.900000,89.800000,115.300000,110.500000,2.578682,-0.145015,2.484368,-0.067633,0.000000,0.000000,0.000000,0.000000
1227.708,2.578549,-0.145015,2.484127,-0.067633,0.000000,0.000010,0.001745,0.000000,-15.900000,89.800000,115.300000,110.500000,2.578682,-0.145015,2.484368,-0.067633,0.000000,0.000000,0.000000,0.000000
1227.718,2.578549,-0.145015,2.484127,-0.067633,0.000000,0.000010,0.001745,0.000000,-15.900000,89.800000,115.300000,110.500000,2.578682,-0.145015,2.484368,-0.067633,0.000000,0.000000,0.000000,0.000000
1231.188,2.557431,-0.142840,2.495472,-0.066647,0.012217,0.000000,0.000000,0.000000,-11.600000,31.100000,49.800000,83.100000,2.557585,-0.142840,2.495466,-0.066648,0.000000,0.000000,0.000000,0.000000
1231.198,2.557431,-0.142840,2.495472,-0.066647,0.012217,0.000000,0.000000,0.000000,-11.600000,31.100000,49.800000,83.100000,2.557585,-0.142840,2.495466,-0.066648,0.000000,0.000000,0.000000,0.000000
1231.208,2.557431,-0.142840,2.495472,-0.066647,0.012217,0.000000,0.000000,0.000000,-11.600000,31.100000,49.800000,83.100000,2.557585,-0.142840,2.495466,-0.066648,0.000000,0.000000,0.000000,0.000000
1231.218,2.557431,-0.142840,2.495472,-0.066647,0.012217,0.000000,0.000000,0.000000,-11.600000,31.100000,49.800000,83.100000,2.557585,-0.142840,2.495466,-0.066648,0.000000,0.000000,0.000000,0.000000
1234.688,2.539280,-0.140655,2.509783,-0.065670,0.000000,0.000000,0.000000,0.000000,-17.600000,44.700000,41.800000,99.400000,2.539551,-0.140656,2.509835,-0.065670,0.000000,0.000000,0.000000,0.000000
1234.698,2.539280,-0.140655,2.509783,-0.065670,0.000000,0.000000,0.000000,0.000000,-17.600000,44.700000,41.800000,99.400000,2.539551,-0.140656,2.509835,-0.065670,0.000000,0.000000,0.000000,0.000000
1234.708,2.539280,-0.140655,2.509783,-0.065670,0.000000,0.000000,0.000000,0.000000,-17.600000,44.700000,41.800000,99.400000,2.539551,-0.140656,2.509835,-0.065670,0.000000,0.000000,0.000000,0.000000
1234.718,2.539280,-0.140655,2.509783,-0.065670,0.000000,0.000000,0.000000,0.000000,-17.600000,44.700000,41.800000,99.400000,2.539551,-0.140656,2.509835,-0.065670,0.000000,0.000000,0.000000,0.000000
1238.188,2.521477,-0.138471,2.524095,-0.064692,0.000000,0.000000,0.000000,0.000000,-19.700000,43.700000,68.500000,102.700000,2.521517,-0.138471,2.524204,-0.064693,0.000000,0.000000,0.000000,0.000000
1238.198,2.521477,-0.138471,2.524095,-0.064692,0.000000,0.000000,0.000000,0.000000,-19.700000,43.700000,68.500000,102.700000,2.521517,-0.138471,2.524204,-0.064693,0.000000,0.000000,0.000000,0.000000
1238.208,2.521477,-0.138471,2.524095,-0.064692,0.000000,0.000000,0.000000,0.000000,-19.700000,43.700000,68.500000,102.700000,2.521517,-0.138471,2.524204,-0.064693,0.000000,0.000000,0.000000,0.000000
1238.218,2.521477,-0.138471,2.524095,-0.064692,0.000000,0.000000,0.000000,0.000000,-19.700000,43.700000,68.500000,102.700000,2.521517,-0.138471,2.524204,-0.064693,0.000000,0.000000,0.000000,0.000000
1241.688,2.503151,-0.136286,2.538407,-0.063714,-0.003491,-0.000010,0.000000,0.000000,-21.500000,48.200000,20.300000,95.700000,2.503482,-0.136287,2.538573,-0.063715,0.000000,0.000000,0.000000,0.000000
1241.698,2.503151,-0.136286,2.538407,-0.063714,-0.003491,-0.000010,0.000000,0.000000,-21.500000,48.200000,20.300000,95.700000,2.503482,-0.136287,2.538573,-0.063715,0.000000,0.000000,0.000000,0.000000
1241.708,2.503151,-0.136286,2.538407,-0.063714,-0.003491,-0.000010,0.000000,0.000000,-21.500000,48.200000,20.300000,95.700000,2.503482,-0.136287,2.538573,-0.063715,0.000000,0.000000,0.000000,0.000000
1241.718,2.503151,-0.136286,2.538407,-0.063714,-0.003491,-0.000010,0.000000,0.000000,-21.500000,48.200000,20.300000,95.700000,2.503482,-0.136287,2.538573,-0.063715,0.000000,0.000000,0.000000,0.000000
1245.187,2.485349,-0.134102,2.552893,-0.062737,0.008727,0.000030,0.000000,0.000000,-16.200000,3.600000,6.500000,107.400000,2.467414,-0.131918,2.567310,-0.061760,0.000000,0.000000,0.000000,0.000000
1245.198,2.485349,-0.134102,2.552893,-0.062737,0.008727,0.000030,0.000000,0.000000,-16.200000,3.600000,6.500000,107.400000,2.467414,-0.131918,2.567310,-0.061760,0.000000,0.000000,0.000000,0.000000
1245.208,2.485349,-0.134102,2.552893,-0.062737,0.008727,0.000030,0.000000,0.000000,-16.200000,3.600000,6.500000,107.400000,2.467414,-0.131918,2.567310,-0.061760,0.000000,0.000000,0.000000,0.000000
1245.218,2.485349,-0.134102,2.552893,-0.062737,0.008727,0.000030,0.000000,0.000000,-16.200000,3.600000,6.500000,107.400000,2.467414,-0.131918,2.567310,-0.061760,0.000000,0.000000,0.000000,0.000000
1245.687,2.467372,-0.131918,2.567379,-0.061759,0.006981,0.000010,0.000000,0.000000,-15.500000,46.200000,-7.300000,117.700000,2.467414,-0.131918,2.567310,-0.061760,0.000000,0.000000,0.000000,0.000000
1245.698,2.467372,-0.131918,2.567379,-0.061759,0.006981,0.000010,0.000000,0.000000,-15.500000,46.200000,-7.300000,117.700000,2.467414,-0.131918,2.567310,-0.061760,0.000000,0.000000,0.000000,0.000000
1245.708,2.467372,-0.131918,2.567379,-0.061759,0.006981,0.000010,0.000000,0.000000,-15.500000,46.200000,-7.300000,117.700000,2.467414,-0.131918,2.567310,-0.061760,0.000000,0.000000,0.000000,0.000000
1245.718,2.467372,-0.131918,2.567379,-0.061759,0.006981,0.000010,0.000000,0.000000,-15.500000,46.200000,-7.300000,117.700000,2.467414,-0.131918,2.567310,-0.061760,0.000000,0.000000,0.000000,0.000000
1249.187,2.442239,-0.129848,2.584484,-0.060960,0.000000,-0.000030,0.000000,0.000000,-15.700000,27.600000,29.000000,110.100000,2.442329,-0.129848,2.584578,-0.060961,0.000000,0.000000,0.000000,0.000000
1249.198,2.442239,-0.129848,2.584484,-0.060960,0.000000,-0.000030,0.000000,0.000000,-15.700000,27.600000,29.000000,110.100000,2.442329,-0.129848,2.584578,-0.060961,0.000000,0.000000,0.000000,0.000000
1249.208,2.442239,-0.129848,2.584484,-0.060960,0.000000,-0.000030,0.000000,0.000000,-15.700000,27.600000,29.000000,110.100000,2.442329,-0.129848,2.584578,-0.060961,0.000000,0.000000,0.000000,0.000000
1249.218,2.442239,-0.129848,2.584484,-0.060960,0.000000,-0.000030,0.000000,0.000000,-15.700000,27.600000,29.000000,110.100000,2.442329,-0.129848,2.584578,-0.060961,0.000000,0.000000,0.000000,0.000000
1249.688,2.420074,-0.127707,2.604031,-0.060138,-0.005236,0.000000,0.000000,0.000000,-14.000000,84.700000,10.700000,139.600000,2.420343,-0.127707,2.604120,-0.060139,0.000000,0.000000,0.000000,0.000000
1249.698,2.420074,-0.127707,2.604031,-0.060138,-0.005236,0.000000,0.000000,0.000000,-14.000000,84.700000,10.700000,139.600000,2.420343,-0.127707,2.604120,-0.060139,0.000000,0.000000,0.000000,0.000000
1249.708,2.420074,-0.127707,2.604031,-0.060138,-0.005236,0.000000,0.000000,0.000000,-14.000000,84.700000,10.700000,139.600000,2.420343,-0.127707,2.604120,-0.060139,0.000000,0.000000,0.000000,0.000000
1249.718,2.420074,-0.127707,2.604031,-0.060138,-0.005236,0.000000,0.000000,0.000000,-14.000000,84.700000,10.700000,139.600000,2.420343,-0.127707,2.604120,-0.060139,0.000000,0.000000,0.000000,0.000000
1250.188,2.397559,-0.125657,2.621135,-0.059412,0.000000,0.000010,0.000000,0.000000,-10.000000,74.100000,42.200000,109.900000,2.397579,-0.125657,2.621134,-0.059413,0.000000,0.000000,0.000000,0.000000
1250.198,2.397559,-0.125657,2.621135,-0.059412,0.000000,0.000010,0.000000,0.000000,-10.000000,74.100000,42.200000,109.900000,2.397579,-0.125657,2.621134,-0.059413,0.000000,0.000000,0.000000,0.000000
1250.208,2.397559,-0.125657,2.621135,-0.059412,0.000000,0.000010,0.000000,0.000000,-10.000000,74.100000,42.200000,109.900000,2.397579,-0.125657,2.621134,-0.059413,0.000000,0.000000,0.000000,0.000000
1250.218,2.397559,-0.125657,2.621135,-0.059412,0.000000,0.000010,0.000000,0.000000,-10.000000,74.100000,42.200000,109.900000,2.397579,-0.125657,2.621134,-0.059413,0.000000,0.000000,0.000000,0.000000
1250.688,2.416932,-0.123545,2.602810,-0.058432,0.000000,0.000000,0.010472,0.000000,-15.300000,56.100000,124.600000,116.800000,2.417036,-0.123545,2.602880,-0.058433,0.000000,0.000000,0.000000,0.000000
1250.698,2.416932,-0.123545,2.602810,-0.058432,0.000000,0.000000,0.010472,0.000000,-15.300000,56.100000,124.600000,116.800000,2.417036,-0.123545,2.602880,-0.058433,0.000000,0.000000,0.000000,0.000000
1250.708,2.416932,-0.123545,2.602810,-0.058432,0.000000,0.000000,0.010472,0.000000,-15.300000,56.100000,124.600000,116.800000,2.417036,-0.123545,2.602880,-0.058433,0.000000,0.000000,0.000000,0.000000
1250.718,2.416932,-0.123545,2.602810,-0.058432,0.000000,0.000000,0.010472,0.000000,-15.300000,56.100000,124.600000,116.800000,2.417036,-0.123545,2.602880,-0.058433,0.000000,0.000000,0.000000,0.000000
1251.187,2.391625,-0.121451,2.620263,-0.057599,0.000000,0.000000,0.000000,0.000000,-15.700000,38.600000,49.100000,92.500000,2.416598,-0.119342,2.598101,-0.056853,0.000000,0.000000,0.000000,0.000000
1251.198,2.391625,-0.121451,2.620263,-0.057599,0.000000,0.000000,0.000000,0.000000,-15.700000,38.600000,49.100000,92.500000,2.416598,-0.119342,2.598101,-0.056853,0.000000,0.000000,0.000000,0.000000
1251.208,2.391625,-0.121451,2.620263,-0.057599,0.000000,0.000000,0.000000,0.000000,-15.700000,38.600000,49.100000,92.500000,2.416598,-0.119342,2.598101,-0.056853,0.000000,0.000000,0.000000,0.000000
1251.218,2.391625,-0.121451,2.620263,-0.057599,0.000000,0.000000,0.000000,0.000000,-15.700000,38.600000,49.100000,92.500000,2.416598,-0.119342,2.598101,-0.056853,0.000000,0.000000,0.000000,0.000000
1251.587,2.416583,-0.119346,2.597923,-0.056853,-0.001745,0.000020,0.000000,0.000000,-14.100000,59.500000,-9.100000,120.900000,2.399682,-0.117123,2.611007,-0.055786,0.000000,0.000000,0.000000,0.000000
1251.598,2.416583,-0.119346,2.597923,-0.056853,-0.001745,0.000020,0.000000,0.000000,-14.100000,59.500000,-9.100000,120.900000,2.399682,-0.117123,2.611007,-0.055786,0.000000,0.000000,0.000000,0.000000
1251.608,2.416583,-0.119346,2.597923,-0.056853,-0.001745,0.000020,0.000000,0.000000,-14.100000,59.500000,-9.100000,120.900000,2.399682,-0.117123,2.611007,-0.055786,0.000000,0.000000,0.000000,0.000000
1251.618,2.416583,-0.119346,2.597923,-0.056853,-0.001745,0.000020,0.000000,0.000000,-14.100000,59.500000,-9.100000,120.900000,2.399682,-0.117123,2.611007,-0.055786,0.000000,0.000000,0.000000,0.000000
1252.088,2.399653,-0.117123,2.611013,-0.055785,0.000000,0.000000,-0.003491,0.000000,-16.600000,98.500000,-62.900000,101.000000,2.383657,-0.114991,2.615527,-0.054754,0.000000,0.000000,0.000000,0.000000
1252.098,2.399653,-0.117123,2.611013,-0.055785,0.000000,0.000000,-0.003491,0.000000,-16.600000,98.500000,-62.900000,101.000000,2.383657,-0.114991,2.615527,-0.054754,0.000000,0.000000,0.000000,0.000000
1252.108,2.399653,-0.117123,2.611013,-0.055785,0.000000,0.000000,-0.003491,0.000000,-16.600000,98.500000,-62.900000,101.000000,2.383657,-0.114991,2.615527,-0.054754,0.000000,0.000000,0.000000,0.000000
1252.118,2.399653,-0.117123,2.611013,-0.055785,0.000000,0.000000,-0.003491,0.000000,-16.600000,98.500000,-62.900000,101.000000,2.383657,-0.114991,2.615527,-0.054754,0.000000,0.000000,0.000000,0.000000
1252.587,2.383596,-0.114990,2.615376,-0.054754,-0.020944,0.000010,0.000000,0.000000,-12.000000,67.000000,-50.700000,134.300000,2.366292,-0.112773,2.622550,-0.053697,0.000000,0.000000,0.000000,0.000000
1252.598,2.383596,-0.114990,2.615376,-0.054754,-0.020944,0.000010,0.000000,0.000000,-12.000000,67.000000,-50.700000,134.300000,2.366292,-0.112773,2.622550,-0.053697,0.000000,0.000000,0.000000,0.000000
1252.608,2.383596,-0.114990,2.615376,-0.054754,-0.020944,0.000010,0.000000,0.000000,-12.000000,67.000000,-50.700000,134.300000,2.366292,-0.112773,2.622550,-0.053697,0.000000,0.000000,0.000000,0.000000
1252.618,2.383596,-0.114990,2.615376,-0.054754,-0.020944,0.000010,0.000000,0.000000,-12.000000,67.000000,-50.700000,134.300000,2.366292,-0.112773,2.622550,-0.053697,0.000000,0.000000,0.000000,0.000000
1253.088,2.366143,-0.112772,2.622357,-0.053696,0.000000,0.000010,0.000000,0.000000,-15.400000,60.300000,-70.000000,113.500000,2.366292,-0.112773,2.622550,-0.053697,0.000000,0.000000,0.000000,0.000000
1253.098,2.366143,-0.112772,2.622357,-0.053696,0.000000,0.000010,0.000000,0.000000,-15.400000,60.300000,-70.000000,113.500000,2.366292,-0.112773,2.622550,-0.053697,0.000000,0.000000,0.000000,0.000000
1253.108,2.366143,-0.112772,2.622357,-0.053696,0.000000,0.000010,0.000000,0.000000,-15.400000,60.300000,-70.000000,113.500000,2.366292,-0.112773,2.622550,-0.053697,0.000000,0.000000,0.000000,0.000000
1253.118,2.366143,-0.112772,2.622357,-0.053696,0.000000,0.000010,0.000000,0.000000,-15.400000,60.300000,-70.000000,113.500000,2.366292,-0.112773,2.622550,-0.053697,0.000000,0.000000,0.000000,0.000000
1253.588,2.353227,-0.110537,2.634924,-0.052583,-0.026180,0.000090,0.000000,0.000000,-14.500000,53.500000,86.800000,132.600000,2.353165,-0.110536,2.634926,-0.052584,0.000000,0.000000,0.000000,0.000000
1253.598,2.353227,-0.110537,2.634924,-0.052583,-0.026180,0.000090,0.000000,0.000000,-14.500000,53.500000,86.800000,132.600000,2.353165,-0.110536,2.634926,-0.052584,0.000000,0.000000,0.000000,0.000000
1253.608,2.353227,-0.110537,2.634924,-0.052583,-0.026180,0.000090,0.000000,0.000000,-14.500000,53.500000,86.800000,132.600000,2.353165,-0.110536,2.634926,-0.052584,0.000000,0.000000,0.000000,0.000000
1253.618,2.353227,-0.110537,2.634924,-0.052583,-0.026180,0.000090,0.000000,0.000000,-14.500000,53.500000,86.800000,132.600000,2.353165,-0.110536,2.634926,-0.052584,0.000000,0.000000,0.000000,0.000000
1254.088,2.336647,-0.108344,2.640683,-0.051525,0.000000,0.000000,0.000000,0.000000,-17.500000,67.800000,-58.200000,143.000000,2.336803,-0.108342,2.640626,-0.051526,0.000000,0.000000,0.000000,0.000000
1254.098,2.336647,-0.108344,2.640683,-0.051525,0.000000,0.000000,0.000000,0.000000,-17.500000,67.800000,-58.200000,143.000000,2.336803,-0.108342,2.640626,-0.051526,0.000000,0.000000,0.000000,0.000000
1254.108,2.336647,-0.108344,2.640683,-0.051525,0.000000,0.000000,0.000000,0.000000,-17.500000,67.800000,-58.200000,143.000000,2.336803,-0.108342,2.640626,-0.051526,0.000000,0.000000,0.000000,0.000000
1254.118,2.336647,-0.108344,2.640683,-0.051525,0.000000,0.000000,0.000000,0.000000,-17.500000,67.800000,-58.200000,143.000000,2.336803,-0.108342,2.640626,-0.051526,0.000000,0.000000,0.000000,0.000000
1254.588,2.323906,-0.106270,2.652900,-0.050529,0.000000,-0.000010,0.000000,0.000000,-17.200000,74.200000,47.800000,136.600000,2.324228,-0.106271,2.652912,-0.050529,0.000000,0.000000,0.000000,0.000000
1254.598,2.323906,-0.106270,2.652900,-0.050529,0.000000,-0.000010,0.000000,0.000000,-17.200000,74.200000,47.800000,136.600000,2.324228,-0.106271,2.652912,-0.050529,0.000000,0.000000,0.000000,0.000000
1254.608,2.323906,-0.106270,2.652900,-0.050529,0.000000,-0.000010,0.000000,0.000000,-17.200000,74.200000,47.800000,136.600000,2.324228,-0.106271,2.652912,-0.050529,0.000000,0.000000,0.000000,0.000000
1254.618,2.323906,-0.106270,2.652900,-0.050529,0.000000,-0.000010,0.000000,0.000000,-17.200000,74.200000,47.800000,136.600000,2.324228,-0.106271,2.652912,-0.050529,0.000000,0.000000,0.000000,0.000000
1255.088,2.309245,-0.103934,2.658136,-0.049320,0.045379,0.000030,0.000000,0.000000,-20.500000,74.900000,51.500000,125.700000,2.309380,-0.103933,2.657899,-0.049320,0.000000,0.000000,0.000000,0.000000
1255.098,2.309245,-0.103934,2.658136,-0.049320,0.045379,0.000030,0.000000,0.000000,-20.500000,74.900000,51.500000,125.700000,2.309380,-0.103933,2.657899,-0.049320,0.000000,0.000000,0.000000,0.000000
1255.108,2.309245,-0.103934,2.658136,-0.049320,0.045379,0.000030,0.000000,0.000000,-20.500000,74.900000,51.500000,125.700000,2.309380,-0.103933,2.657899,-0.049320,0.000000,0.000000,0.000000,0.000000
1255.118,2.309245,-0.103934,2.658136,-0.049320,0.045379,0.000030,0.000000,0.000000,-20.500000,74.900000,51.500000,125.700000,2.309380,-0.103933,2.657899,-0.049320,0.000000,0.000000,0.000000,0.000000
1255.588,2.295457,-0.101717,2.664594,-0.048268,0.000000,0.000040,0.000000,0.000000,-11.200000,53.800000,7.000000,78.300000,2.295726,-0.101718,2.664308,-0.048269,0.000000,0.000000,0.000000,0.000000
1255.598,2.295457,-0.101717,2.664594,-0.048268,0.000000,0.000040,0.000000,0.000000,-11.200000,53.800000,7.000000,78.300000,2.295726,-0.101718,2.664308,-0.048269,0.000000,0.000000,0.000000,0.000000
1255.608,2.295457,-0.101717,2.664594,-0.048268,0.000000,0.000040,0.000000,0.000000,-11.200000,53.800000,7.000000,78.300000,2.295726,-0.101718,2.664308,-0.048269,0.000000,0.000000,0.000000,0.000000
1255.618,2.295457,-0.101717,2.664594,-0.048268,0.000000,0.000040,0.000000,0.000000,-11.200000,53.800000,7.000000,78.300000,2.295726,-0.101718,2.664308,-0.048269,0.000000,0.000000,0.000000,0.000000
1256.088,2.283414,-0.099433,2.671052,-0.047199,0.000000,0.000000,-0.012217,0.000000,-11.300000,59.800000,-94.900000,101.000000,2.283457,-0.099432,2.671234,-0.047200,0.000000,0.000000,0.000000,0.000000
1256.098,2.283414,-0.099433,2.671052,-0.047199,0.000000,0.000000,-0.012217,0.000000,-11.300000,59.800000,-94.900000,101.000000,2.283457,-0.099432,2.671234,-0.047200,0.000000,0.000000,0.000000,0.000000
1256.108,2.283414,-0.099433,2.671052,-0.047199,0.000000,0.000000,-0.012217,0.000000,-11.300000,59.800000,-94.900000,101.000000,2.283457,-0.099432,2.671234,-0.047200,0.000000,0.000000,0.000000,0.000000
1256.118,2.283414,-0.099433,2.671052,-0.047199,0.000000,0.000000,-0.012217,0.000000,-11.300000,59.800000,-94.900000,101.000000,2.283457,-0.099432,2.671234,-0.047200,0.000000,0.000000,0.000000,0.000000
1256.588,2.271546,-0.097154,2.678033,-0.046115,0.029671,0.000000,-0.001745,0.000000,-8.400000,96.400000,-79.900000,95.800000,2.271686,-0.097154,2.677967,-0.046115,0.000000,0.000000,0.000000,0.000000
1256.598,2.271546,-0.097154,2.678033,-0.046115,0.029671,0.000000,-0.001745,0.000000,-8.400000,96.400000,-79.900000,95.800000,2.271686,-0.097154,2.677967,-0.046115,0.000000,0.000000,0.000000,0.000000
1256.608,2.271546,-0.097154,2.678033,-0.046115,0.029671,0.000000,-0.001745,0.000000,-8.400000,96.400000,-79.900000,95.800000,2.271686,-0.097154,2.677967,-0.046115,0.000000,0.000000,0.000000,0.000000
1256.618,2.271546,-0.097154,2.678033,-0.046115,0.029671,0.000000,-0.001745,0.000000,-8.400000,96.400000,-79.900000,95.800000,2.271686,-0.097154,2.677967,-0.046115,0.000000,0.000000,0.000000,0.000000
1257.088,2.264041,-0.094995,2.684491,-0.045090,0.000000,0.000050,-0.001745,0.000000,-15.600000,62.400000,31.400000,113.200000,2.263951,-0.094995,2.684572,-0.045092,0.000000,0.000000,0.000000,0.000000
1257.098,2.264041,-0.094995,2.684491,-0.045090,0.000000,0.000050,-0.001745,0.000000,-15.600000,62.400000,31.400000,113.200000,2.263951,-0.094995,2.684572,-0.045092,0.000000,0.000000,0.000000,0.000000
1257.108,2.264041,-0.094995,2.684491,-0.045090,0.000000,0.000050,-0.001745,0.000000,-15.600000,62.400000,31.400000,113.200000,2.263951,-0.094995,2.684572,-0.045092,0.000000,0.000000,0.000000,0.000000
1257.118,2.264041,-0.094995,2.684491,-0.045090,0.000000,0.000050,-0.001745,0.000000,-15.600000,62.400000,31.400000,113.200000,2.263951,-0.094995,2.684572,-0.045092,0.000000,0.000000,0.000000,0.000000
1257.588,2.255838,-0.092622,2.692519,-0.043931,0.000000,0.000050,-0.005236,0.000000,-16.000000,57.300000,-29.300000,120.600000,2.256005,-0.092621,2.692395,-0.043932,0.000000,0.000000,0.000000,0.000000
1257.598,2.255838,-0.092622,2.692519,-0.043931,0.000000,0.000050,-0.005236,0.000000,-16.000000,57.300000,-29.300000,120.600000,2.256005,-0.092621,2.692395,-0.043932,0.000000,0.000000,0.000000,0.000000
1257.608,2.255838,-0.092622,2.692519,-0.043931,0.000000,0.000050,-0.005236,0.000000,-16.000000,57.300000,-29.300000,120.600000,2.256005,-0.092621,2.692395,-0.043932,0.000000,0.000000,0.000000,0.000000
1257.618,2.255838,-0.092622,2.692519,-0.043931,0.000000,0.000050,-0.005236,0.000000,-16.000000,57.300000,-29.300000,120.600000,2.256005,-0.092621,2.692395,-0.043932,0.000000,0.000000,0.000000,0.000000
1258.088,2.250951,-0.090577,2.698628,-0.042952,0.001745,0.000010,0.000000,0.000000,-19.500000,51.400000,41.100000,102.200000,2.251235,-0.090577,2.698609,-0.042952,0.000000,0.000000,0.000000,0.000000
1258.098,2.250951,-0.090577,2.698628,-0.042952,0.001745,0.000010,0.000000,0.000000,-19.500000,51.400000,41.100000,102.200000,2.251235,-0.090577,2.698609,-0.042952,0.000000,0.000000,0.000000,0.000000
1258.108,2.250951,-0.090577,2.698628,-0.042952,0.001745,0.000010,0.000000,0.000000,-19.500000,51.400000,41.100000,102.200000,2.251235,-0.090577,2.698609,-0.042952,0.000000,0.000000,0.000000,0.000000
1258.118,2.250951,-0.090577,2.698628,-0.042952,0.001745,0.000010,0.000000,0.000000,-19.500000,51.400000,41.100000,102.200000,2.251235,-0.090577,2.698609,-0.042952,0.000000,0.000000,0.000000,0.000000
1258.587,2.239781,-0.088534,2.715383,-0.041934,0.000000,-0.000030,0.000000,0.000000,-19.400000,53.300000,87.600000,114.800000,2.239751,-0.088535,2.715213,-0.041935,0.000000,0.000000,0.000000,0.000000
1258.598,2.239781,-0.088534,2.715383,-0.041934,0.000000,-0.000030,0.000000,0.000000,-19.400000,53.300000,87.600000,114.800000,2.239751,-0.088535,2.715213,-0.041935,0.000000,0.000000,0.000000,0.000000
1258.608,2.239781,-0.088534,2.715383,-0.041934,0.000000,-0.000030,0.000000,0.000000,-19.400000,53.300000,87.600000,114.800000,2.239751,-0.088535,2.715213,-0.041935,0.000000,0.000000,0.000000,0.000000
1258.618,2.239781,-0.088534,2.715383,-0.041934,0.000000,-0.000030,0.000000,0.000000,-19.400000,53.300000,87.600000,114.800000,2.239751,-0.088535,2.715213,-0.041935,0.000000,0.000000,0.000000,0.000000
1259.091,2.229833,-0.086440,2.733011,-0.040883,-0.006981,-0.000010,0.000000,0.000000,-21.700000,86.500000,-12.900000,108.500000,2.229862,-0.086439,2.732732,-0.040883,0.000000,0.000000,0.000000,0.000000
1259.101,2.229833,-0.086440,2.733011,-0.040883,-0.006981,-0.000010,0.000000,0.000000,-21.700000,86.500000,-12.900000,108.500000,2.229862,-0.086439,2.732732,-0.040883,0.000000,0.000000,0.000000,0.000000
1259.111,2.229833,-0.086440,2.733011,-0.040883,-0.006981,-0.000010,0.000000,0.000000,-21.700000,86.500000,-12.900000,108.500000,2.229862,-0.086439,2.732732,-0.040883,0.000000,0.000000,0.000000,0.000000
1259.124,2.229833,-0.086440,2.733011,-0.040883,-0.006981,-0.000010,0.000000,0.000000,-21.700000,86.500000,-12.900000,108.500000,2.229862,-0.086439,2.732732,-0.040883,0.000000,0.000000,0.000000,0.000000
1259.587,2.215346,-0.084430,2.748370,-0.039926,0.000000,0.000000,0.000000,0.000000,-16.300000,79.800000,197.200000,113.500000,2.198690,-0.082394,2.768561,-0.038982,0.000000,0.000000,0.000000,0.000000
1259.597,2.215346,-0.084430,2.748370,-0.039926,0.000000,0.000000,0.000000,0.000000,-16.300000,79.800000,197.200000,113.500000,2.198690,-0.082394,2.768561,-0.038982,0.000000,0.000000,0.000000,0.000000
1259.607,2.215346,-0.084430,2.748370,-0.039926,0.000000,0.000000,0.000000,0.000000,-16.300000,79.800000,197.200000,113.500000,2.198690,-0.082394,2.768561,-0.038982,0.000000,0.000000,0.000000,0.000000
1259.618,2.215346,-0.084430,2.748370,-0.039926,0.000000,0.000000,0.000000,0.000000,-16.300000,79.800000,197.200000,113.500000,2.198690,-0.082394,2.768561,-0.038982,0.000000,0.000000,0.000000,0.000000
1260.088,2.198591,-0.082393,2.768790,-0.038981,0.000000,0.000040,0.000000,0.000000,-14.500000,43.600000,-54.600000,78.400000,2.186704,-0.080360,2.786481,-0.038045,0.000000,0.000000,0.000000,0.000000
1260.098,2.198591,-0.082393,2.768790,-0.038981,0.000000,0.000040,0.000000,0.000000,-14.500000,43.600000,-54.600000,78.400000,2.186704,-0.080360,2.786481,-0.038045,0.000000,0.000000,0.000000,0.000000
1260.108,2.198591,-0.082393,2.768790,-0.038981,0.000000,0.000040,0.000000,0.000000,-14.500000,43.600000,-54.600000,78.400000,2.186704,-0.080360,2.786481,-0.038045,0.000000,0.000000,0.000000,0.000000
1260.118,2.198591,-0.082393,2.768790,-0.038981,0.000000,0.000040,0.000000,0.000000,-14.500000,43.600000,-54.600000,78.400000,2.186704,-0.080360,2.786481,-0.038045,0.000000,0.000000,0.000000,0.000000
1260.588,2.186548,-0.080360,2.786593,-0.038045,0.006981,0.000030,0.000000,0.000000,-11.500000,57.600000,-2.400000,79.400000,2.186704,-0.080360,2.786481,-0.038045,0.000000,0.000000,0.000000,0.000000
1260.598,2.186548,-0.080360,2.786593,-0.038045,0.006981,0.000030,0.000000,0.000000,-11.500000,57.600000,-2.400000,79.400000,2.186704,-0.080360,2.786481,-0.038045,0.000000,0.000000,0.000000,0.000000
1260.608,2.186548,-0.080360,2.786593,-0.038045,0.006981,0.000030,0.000000,0.000000,-11.500000,57.600000,-2.400000,79.400000,2.186704,-0.080360,2.786481,-0.038045,0.000000,0.000000,0.000000,0.000000
1260.618,2.186548,-0.080360,2.786593,-0.038045,0.006981,0.000030,0.000000,0.000000,-11.500000,57.600000,-2.400000,79.400000,2.186704,-0.080360,2.786481,-0.038045,0.000000,0.000000,0.000000,0.000000
1261.088,2.174680,-0.078270,2.798112,-0.037099,0.008727,0.000070,-0.005236,0.000000,-17.000000,58.200000,-55.200000,85.500000,2.174795,-0.078270,2.797944,-0.037099,0.000000,0.000000,0.000000,0.000000
1261.098,2.174680,-0.078270,2.798112,-0.037099,0.008727,0.000070,-0.005236,0.000000,-17.000000,58.200000,-55.200000,85.500000,2.174795,-0.078270,2.797944,-0.037099,0.000000,0.000000,0.000000,0.000000
1261.108,2.174680,-0.078270,2.798112,-0.037099,0.008727,0.000070,-0.005236,0.000000,-17.000000,58.200000,-55.200000,85.500000,2.174795,-0.078270,2.797944,-0.037099,0.000000,0.000000,0.000000,0.000000
1261.118,2.174680,-0.078270,2.798112,-0.037099,0.008727,0.000070,-0.005236,0.000000,-17.000000,58.200000,-55.200000,85.500000,2.174795,-0.078270,2.797944,-0.037099,0.000000,0.000000,0.000000,0.000000
1261.587,2.157751,-0.076235,2.800555,-0.036197,0.022689,0.000010,0.000000,0.000000,-12.700000,93.300000,34.300000,93.400000,2.143069,-0.074089,2.790084,-0.035425,0.000000,0.000000,0.000000,0.000000
1261.597,2.157751,-0.076235,2.800555,-0.036197,0.022689,0.000010,0.000000,0.000000,-12.700000,93.300000,34.300000,93.400000,2.143069,-0.074089,2.790084,-0.035425,0.000000,0.000000,0.000000,0.000000
1261.607,2.157751,-0.076235,2.800555,-0.036197,0.022689,0.000010,0.000000,0.000000,-12.700000,93.300000,34.300000,93.400000,2.143069,-0.074089,2.790084,-0.035425,0.000000,0.000000,0.000000,0.000000
1261.618,2.157751,-0.076235,2.800555,-0.036197,0.022689,0.000010,0.000000,0.000000,-12.700000,93.300000,34.300000,93.400000,2.143069,-0.074089,2.790084,-0.035425,0.000000,0.000000,0.000000,0.000000
1262.087,2.142915,-0.074089,2.790083,-0.035424,-0.003491,0.000010,0.000000,0.000000,-18.000000,89.400000,8.800000,89.600000,2.104428,-0.072271,2.766144,-0.034712,0.000000,0.000000,0.000000,0.000000
1262.097,2.142915,-0.074089,2.790083,-0.035424,-0.003491,0.000010,0.000000,0.000000,-18.000000,89.400000,8.800000,89.600000,2.104428,-0.072271,2.766144,-0.034712,0.000000,0.000000,0.000000,0.000000
1262.107,2.142915,-0.074089,2.790083,-0.035424,-0.003491,0.000010,0.000000,0.000000,-18.000000,89.400000,8.800000,89.600000,2.104428,-0.072271,2.766144,-0.034712,0.000000,0.000000,0.000000,0.000000
1262.118,2.142915,-0.074089,2.790083,-0.035424,-0.003491,0.000010,0.000000,0.000000,-18.000000,89.400000,8.800000,89.600000,2.104428,-0.072271,2.766144,-0.034712,0.000000,0.000000,0.000000,0.000000
1262.488,2.104343,-0.072274,2.765823,-0.034712,-0.008727,0.000050,0.000000,0.000000,-10.100000,57.400000,-89.200000,126.000000,2.045396,-0.072598,2.735973,-0.034357,0.000000,0.000000,0.000000,0.000000
1262.498,2.104343,-0.072274,2.765823,-0.034712,-0.008727,0.000050,0.000000,0.000000,-10.100000,57.400000,-89.200000,126.000000,2.045396,-0.072598,2.735973,-0.034357,0.000000,0.000000,0.000000,0.000000
1262.508,2.104343,-0.072274,2.765823,-0.034712,-0.008727,0.000050,0.000000,0.000000,-10.100000,57.400000,-89.200000,126.000000,2.045396,-0.072598,2.735973,-0.034357,0.000000,0.000000,0.000000,0.000000
1262.518,2.104343,-0.072274,2.765823,-0.034712,-0.008727,0.000050,0.000000,0.000000,-10.100000,57.400000,-89.200000,126.000000,2.045396,-0.072598,2.735973,-0.034357,0.000000,0.000000,0.000000,0.000000
1262.787,2.045351,-0.072595,2.735804,-0.034357,0.015708,0.000000,-0.001745,0.000000,-21.600000,-15.700000,-147.700000,159.400000,1.923938,-0.073355,2.721344,-0.034023,0.000000,0.000000,0.000000,0.000000
1262.798,2.045351,-0.072595,2.735804,-0.034357,0.015708,0.000000,-0.001745,0.000000,-21.600000,-15.700000,-147.700000,159.400000,1.923938,-0.073355,2.721344,-0.034023,0.000000,0.000000,0.000000,0.000000
1262.808,2.045351,-0.072595,2.735804,-0.034357,0.015708,0.000000,-0.001745,0.000000,-21.600000,-15.700000,-147.700000,159.400000,1.923938,-0.073355,2.721344,-0.034023,0.000000,0.000000,0.000000,0.000000
1262.818,2.045351,-0.072595,2.735804,-0.034357,0.015708,0.000000,-0.001745,0.000000,-21.600000,-15.700000,-147.700000,159.400000,1.923938,-0.073355,2.721344,-0.034023,0.000000,0.000000,0.000000,0.000000
1285.388,2.149897,-0.154416,2.149897,-0.071906,-0.024435,-0.000030,0.000000,0.000000,-10.500000,11.000000,-65.500000,37.400000,2.149964,-0.154416,2.149964,-0.071906,0.000000,0.000000,0.000000,0.000000
1285.398,2.149897,-0.154416,2.149897,-0.071906,-0.024435,-0.000030,0.000000,0.000000,-10.500000,11.000000,-65.500000,37.400000,2.149964,-0.154416,2.149964,-0.071906,0.000000,0.000000,0.000000,0.000000
1285.408,2.149897,-0.154416,2.149897,-0.071906,-0.024435,-0.000030,0.000000,0.000000,-10.500000,11.000000,-65.500000,37.400000,2.149964,-0.154416,2.149964,-0.071906,0.000000,0.000000,0.000000,0.000000
1285.418,2.149897,-0.154416,2.149897,-0.071906,-0.024435,-0.000030,0.000000,0.000000,-10.500000,11.000000,-65.500000,37.400000,2.149964,-0.154416,2.149964,-0.071906,0.000000,0.000000,0.000000,0.000000
1285.887,2.162637,-0.152283,2.136283,-0.071041,-0.017453,-0.000010,0.000000,0.000000,-13.500000,59.300000,-5.900000,107.600000,2.162734,-0.152283,2.136610,-0.071042,0.000000,0.000000,0.000000,0.000000
1285.898,2.162637,-0.152283,2.136283,-0.071041,-0.017453,-0.000010,0.000000,0.000000,-13.500000,59.300000,-5.900000,107.600000,2.162734,-0.152283,2.136610,-0.071042,0.000000,0.000000,0.000000,0.000000
1285.908,2.162637,-0.152283,2.136283,-0.071041,-0.017453,-0.000010,0.000000,0.000000,-13.500000,59.300000,-5.900000,107.600000,2.162734,-0.152283,2.136610,-0.071042,0.000000,0.000000,0.000000,0.000000
1285.918,2.162637,-0.152283,2.136283,-0.071041,-0.017453,-0.000010,0.000000,0.000000,-13.500000,59.300000,-5.900000,107.600000,2.162734,-0.152283,2.136610,-0.071042,0.000000,0.000000,0.000000,0.000000
1289.387,2.186898,-0.149984,2.115688,-0.070102,0.000000,0.000000,0.000000,0.000000,-7.900000,34.200000,15.700000,107.200000,2.209786,-0.147931,2.094032,-0.069276,0.000000,0.000000,0.000000,0.000000
1289.398,2.186898,-0.149984,2.115688,-0.070102,0.000000,0.000000,0.000000,0.000000,-7.900000,34.200000,15.700000,107.200000,2.209786,-0.147931,2.094032,-0.069276,0.000000,0.000000,0.000000,0.000000
1289.408,2.186898,-0.149984,2.115688,-0.070102,0.000000,0.000000,0.000000,0.000000,-7.900000,34.200000,15.700000,107.200000,2.209786,-0.147931,2.094032,-0.069276,0.000000,0.000000,0.000000,0.000000
1289.418,2.186898,-0.149984,2.115688,-0.070102,0.000000,0.000000,0.000000,0.000000,-7.900000,34.200000,15.700000,107.200000,2.209786,-0.147931,2.094032,-0.069276,0.000000,0.000000,0.000000,0.000000
1289.787,2.209761,-0.147935,2.093697,-0.069275,0.013963,0.000020,0.000000,0.000000,-9.200000,102.800000,-67.700000,136.700000,2.190789,-0.145897,2.103134,-0.068277,0.000000,0.000000,0.000000,0.000000
1289.797,2.209761,-0.147935,2.093697,-0.069275,0.013963,0.000020,0.000000,0.000000,-9.200000,102.800000,-67.700000,136.700000,2.190789,-0.145897,2.103134,-0.068277,0.000000,0.000000,0.000000,0.000000
1289.808,2.209761,-0.147935,2.093697,-0.069275,0.013963,0.000020,0.000000,0.000000,-9.200000,102.800000,-67.700000,136.700000,2.190789,-0.145897,2.103134,-0.068277,0.000000,0.000000,0.000000,0.000000
1289.818,2.209761,-0.147935,2.093697,-0.069275,0.013963,0.000020,0.000000,0.000000,-9.200000,102.800000,-67.700000,136.700000,2.190789,-0.145897,2.103134,-0.068277,0.000000,0.000000,0.000000,0.000000
1290.288,2.190737,-0.145897,2.103122,-0.068277,0.001745,0.000010,-0.005236,0.000000,-12.500000,85.000000,-21.100000,121.800000,2.190789,-0.145897,2.103134,-0.068277,0.000000,0.000000,0.000000,0.000000
1290.298,2.190737,-0.145897,2.103122,-0.068277,0.001745,0.000010,-0.005236,0.000000,-12.500000,85.000000,-21.100000,121.800000,2.190789,-0.145897,2.103134,-0.068277,0.000000,0.000000,0.000000,0.000000
1290.308,2.190737,-0.145897,2.103122,-0.068277,0.001745,0.000010,-0.005236,0.000000,-12.500000,85.000000,-21.100000,121.800000,2.190789,-0.145897,2.103134,-0.068277,0.000000,0.000000,0.000000,0.000000
1290.318,2.190737,-0.145897,2.103122,-0.068277,0.001745,0.000010,-0.005236,0.000000,-12.500000,85.000000,-21.100000,121.800000,2.190789,-0.145897,2.103134,-0.068277,0.000000,0.000000,0.000000,0.000000
1290.788,2.207667,-0.143809,2.080432,-0.067462,0.000000,-0.000060,0.001745,0.000000,-14.500000,61.000000,19.100000,129.800000,2.207816,-0.143809,2.080767,-0.067462,0.000000,0.000000,0.000000,0.000000
1290.798,2.207667,-0.143809,2.080432,-0.067462,0.000000,-0.000060,0.001745,0.000000,-14.500000,61.000000,19.100000,129.800000,2.207816,-0.143809,2.080767,-0.067462,0.000000,0.000000,0.000000,0.000000
1290.808,2.207667,-0.143809,2.080432,-0.067462,0.000000,-0.000060,0.001745,0.000000,-14.500000,61.000000,19.100000,129.800000,2.207816,-0.143809,2.080767,-0.067462,0.000000,0.000000,0.000000,0.000000
1290.818,2.207667,-0.143809,2.080432,-0.067462,0.000000,-0.000060,0.001745,0.000000,-14.500000,61.000000,19.100000,129.800000,2.207816,-0.143809,2.080767,-0.067462,0.000000,0.000000,0.000000,0.000000
1291.188,2.232276,-0.141790,2.054427,-0.066600,0.006981,0.000100,0.001745,0.000000,-15.400000,75.500000,49.200000,130.600000,2.232330,-0.141786,2.054616,-0.066600,0.000000,0.000000,0.000000,0.000000
1291.198,2.232276,-0.141790,2.054427,-0.066600,0.006981,0.000100,0.001745,0.000000,-15.400000,75.500000,49.200000,130.600000,2.232330,-0.141786,2.054616,-0.066600,0.000000,0.000000,0.000000,0.000000
1291.208,2.232276,-0.141790,2.054427,-0.066600,0.006981,0.000100,0.001745,0.000000,-15.400000,75.500000,49.200000,130.600000,2.232330,-0.141786,2.054616,-0.066600,0.000000,0.000000,0.000000,0.000000
1291.218,2.232276,-0.141790,2.054427,-0.066600,0.006981,0.000100,0.001745,0.000000,-15.400000,75.500000,49.200000,130.600000,2.232330,-0.141786,2.054616,-0.066600,0.000000,0.000000,0.000000,0.000000
1294.587,2.209063,-0.139769,2.062630,-0.065603,0.000000,-0.000040,0.000000,0.000000,-16.300000,40.600000,18.500000,96.400000,2.209133,-0.139770,2.062705,-0.065603,0.000000,0.000000,0.000000,0.000000
1294.597,2.209063,-0.139769,2.062630,-0.065603,0.000000,-0.000040,0.000000,0.000000,-16.300000,40.600000,18.500000,96.400000,2.209133,-0.139770,2.062705,-0.065603,0.000000,0.000000,0.000000,0.000000
1294.608,2.209063,-0.139769,2.062630,-0.065603,0.000000,-0.000040,0.000000,0.000000,-16.300000,40.600000,18.500000,96.400000,2.209133,-0.139770,2.062705,-0.065603,0.000000,0.000000,0.000000,0.000000
1294.618,2.209063,-0.139769,2.062630,-0.065603,0.000000,-0.000040,0.000000,0.000000,-16.300000,40.600000,18.500000,96.400000,2.209133,-0.139770,2.062705,-0.065603,0.000000,0.000000,0.000000,0.000000
1295.087,2.187072,-0.137673,2.075196,-0.064593,-0.001745,0.000000,0.000000,0.000000,-9.800000,102.200000,30.900000,140.100000,2.187221,-0.137673,2.075115,-0.064594,0.000000,0.000000,0.000000,0.000000
1295.097,2.187072,-0.137673,2.075196,-0.064593,-0.001745,0.000000,0.000000,0.000000,-9.800000,102.200000,30.900000,140.100000,2.187221,-0.137673,2.075115,-0.064594,0.000000,0.000000,0.000000,0.000000
1295.108,2.187072,-0.137673,2.075196,-0.064593,-0.001745,0.000000,0.000000,0.000000,-9.800000,102.200000,30.900000,140.100000,2.187221,-0.137673,2.075115,-0.064594,0.000000,0.000000,0.000000,0.000000
1295.118,2.187072,-0.137673,2.075196,-0.064593,-0.001745,0.000000,0.000000,0.000000,-9.800000,102.200000,30.900000,140.100000,2.187221,-0.137673,2.075115,-0.064594,0.000000,0.000000,0.000000,0.000000
1298.588,2.159321,-0.135542,2.094221,-0.063895,0.017453,0.000010,0.000000,0.000000,-17.700000,46.400000,36.400000,98.900000,2.159200,-0.135542,2.094268,-0.063895,0.000000,0.000000,0.000000,0.000000
1298.598,2.159321,-0.135542,2.094221,-0.063895,0.017453,0.000010,0.000000,0.000000,-17.700000,46.400000,36.400000,98.900000,2.159200,-0.135542,2.094268,-0.063895,0.000000,0.000000,0.000000,0.000000
1298.608,2.159321,-0.135542,2.094221,-0.063895,0.017453,0.000010,0.000000,0.000000,-17.700000,46.400000,36.400000,98.900000,2.159200,-0.135542,2.094268,-0.063895,0.000000,0.000000,0.000000,0.000000
1298.618,2.159321,-0.135542,2.094221,-0.063895,0.017453,0.000010,0.000000,0.000000,-17.700000,46.400000,36.400000,98.900000,2.159200,-0.135542,2.094268,-0.063895,0.000000,0.000000,0.000000,0.000000
1299.087,2.133665,-0.133518,2.116386,-0.063232,0.013963,0.000010,0.000000,0.000000,-13.200000,59.600000,5.700000,134.800000,2.133817,-0.133519,2.116363,-0.063233,0.000000,0.000000,0.000000,0.000000
1299.098,2.133665,-0.133518,2.116386,-0.063232,0.013963,0.000010,0.000000,0.000000,-13.200000,59.600000,5.700000,134.800000,2.133817,-0.133519,2.116363,-0.063233,0.000000,0.000000,0.000000,0.000000
1299.108,2.133665,-0.133518,2.116386,-0.063232,0.013963,0.000010,0.000000,0.000000,-13.200000,59.600000,5.700000,134.800000,2.133817,-0.133519,2.116363,-0.063233,0.000000,0.000000,0.000000,0.000000
1299.118,2.133665,-0.133518,2.116386,-0.063232,0.013963,0.000010,0.000000,0.000000,-13.200000,59.600000,5.700000,134.800000,2.133817,-0.133519,2.116363,-0.063233,0.000000,0.000000,0.000000,0.000000
1302.588,2.147802,-0.131302,2.102249,-0.062118,-0.006981,0.000000,0.000000,0.000000,-13.800000,30.300000,30.800000,93.000000,2.147846,-0.131302,2.102305,-0.062118,0.000000,0.000000,0.000000,0.000000
1302.598,2.147802,-0.131302,2.102249,-0.062118,-0.006981,0.000000,0.000000,0.000000,-13.800000,30.300000,30.800000,93.000000,2.147846,-0.131302,2.102305,-0.062118,0.000000,0.000000,0.000000,0.000000
1302.608,2.147802,-0.131302,2.102249,-0.062118,-0.006981,0.000000,0.000000,0.000000,-13.800000,30.300000,30.800000,93.000000,2.147846,-0.131302,2.102305,-0.062118,0.000000,0.000000,0.000000,0.000000
1302.618,2.147802,-0.131302,2.102249,-0.062118,-0.006981,0.000000,0.000000,0.000000,-13.800000,30.300000,30.800000,93.000000,2.147846,-0.131302,2.102305,-0.062118,0.000000,0.000000,0.000000,0.000000
1303.088,2.161241,-0.129103,2.092301,-0.061036,0.012217,0.000020,0.000000,0.000000,-11.500000,58.500000,32.100000,135.700000,2.161299,-0.129103,2.092443,-0.061037,0.000000,0.000000,0.000000,0.000000
1303.098,2.161241,-0.129103,2.092301,-0.061036,0.012217,0.000020,0.000000,0.000000,-11.500000,58.500000,32.100000,135.700000,2.161299,-0.129103,2.092443,-0.061037,0.000000,0.000000,0.000000,0.000000
1303.108,2.161241,-0.129103,2.092301,-0.061036,0.012217,0.000020,0.000000,0.000000,-11.500000,58.500000,32.100000,135.700000,2.161299,-0.129103,2.092443,-0.061037,0.000000,0.000000,0.000000,0.000000
1303.118,2.161241,-0.129103,2.092301,-0.061036,0.012217,0.000020,0.000000,0.000000,-11.500000,58.500000,32.100000,135.700000,2.161299,-0.129103,2.092443,-0.061037,0.000000,0.000000,0.000000,0.000000
1303.588,2.170841,-0.126938,2.079036,-0.059958,0.017453,-0.000030,0.000000,0.000000,-14.500000,110.400000,41.800000,135.400000,2.170869,-0.126939,2.079265,-0.059959,0.000000,0.000000,0.000000,0.000000
1303.598,2.170841,-0.126938,2.079036,-0.059958,0.017453,-0.000030,0.000000,0.000000,-14.500000,110.400000,41.800000,135.400000,2.170869,-0.126939,2.079265,-0.059959,0.000000,0.000000,0.000000,0.000000
1303.608,2.170841,-0.126938,2.079036,-0.059958,0.017453,-0.000030,0.000000,0.000000,-14.500000,110.400000,41.800000,135.400000,2.170869,-0.126939,2.079265,-0.059959,0.000000,0.000000,0.000000,0.000000
1303.618,2.170841,-0.126938,2.079036,-0.059958,0.017453,-0.000030,0.000000,0.000000,-14.500000,110.400000,41.800000,135.400000,2.170869,-0.126939,2.079265,-0.059959,0.000000,0.000000,0.000000,0.000000
1304.088,2.197893,-0.124868,2.051984,-0.059032,0.000000,0.000000,0.000000,0.000000,-16.900000,61.500000,90.900000,119.100000,2.198018,-0.124869,2.052409,-0.059033,0.000000,0.000000,0.000000,0.000000
1304.098,2.197893,-0.124868,2.051984,-0.059032,0.000000,0.000000,0.000000,0.000000,-16.900000,61.500000,90.900000,119.100000,2.198018,-0.124869,2.052409,-0.059033,0.000000,0.000000,0.000000,0.000000
1304.108,2.197893,-0.124868,2.051984,-0.059032,0.000000,0.000000,0.000000,0.000000,-16.900000,61.500000,90.900000,119.100000,2.198018,-0.124869,2.052409,-0.059033,0.000000,0.000000,0.000000,0.000000
1304.118,2.197893,-0.124868,2.051984,-0.059032,0.000000,0.000000,0.000000,0.000000,-16.900000,61.500000,90.900000,119.100000,2.198018,-0.124869,2.052409,-0.059033,0.000000,0.000000,0.000000,0.000000
1304.587,2.206969,-0.122546,2.038894,-0.057889,0.010472,0.000080,0.000000,0.000000,-13.400000,68.700000,75.500000,116.700000,2.213853,-0.120256,2.032171,-0.056771,0.000000,0.000000,0.000000,0.000000
1304.598,2.206969,-0.122546,2.038894,-0.057889,0.010472,0.000080,0.000000,0.000000,-13.400000,68.700000,75.500000,116.700000,2.213853,-0.120256,2.032171,-0.056771,0.000000,0.000000,0.000000,0.000000
1304.608,2.206969,-0.122546,2.038894,-0.057889,0.010472,0.000080,0.000000,0.000000,-13.400000,68.700000,75.500000,116.700000,2.213853,-0.120256,2.032171,-0.056771,0.000000,0.000000,0.000000,0.000000
1304.618,2.206969,-0.122546,2.038894,-0.057889,0.010472,0.000080,0.000000,0.000000,-13.400000,68.700000,75.500000,116.700000,2.213853,-0.120256,2.032171,-0.056771,0.000000,0.000000,0.000000,0.000000
1305.088,2.213776,-0.120257,2.032087,-0.056770,0.005236,0.000050,0.000000,0.000000,-16.900000,63.900000,3.800000,113.600000,2.213853,-0.120256,2.032171,-0.056771,0.000000,0.000000,0.000000,0.000000
1305.098,2.213776,-0.120257,2.032087,-0.056770,0.005236,0.000050,0.000000,0.000000,-16.900000,63.900000,3.800000,113.600000,2.213853,-0.120256,2.032171,-0.056771,0.000000,0.000000,0.000000,0.000000
1305.108,2.213776,-0.120257,2.032087,-0.056770,0.005236,0.000050,0.000000,0.000000,-16.900000,63.900000,3.800000,113.600000,2.213853,-0.120256,2.032171,-0.056771,0.000000,0.000000,0.000000,0.000000
1305.118,2.213776,-0.120257,2.032087,-0.056770,0.005236,0.000050,0.000000,0.000000,-16.900000,63.900000,3.800000,113.600000,2.213853,-0.120256,2.032171,-0.056771,0.000000,0.000000,0.000000,0.000000
1305.488,2.223375,-0.118236,2.019695,-0.055777,-0.001745,0.000010,0.003491,0.000000,-13.400000,84.200000,62.500000,128.100000,2.223557,-0.118233,2.020068,-0.055777,0.000000,0.000000,0.000000,0.000000
1305.498,2.223375,-0.118236,2.019695,-0.055777,-0.001745,0.000010,0.003491,0.000000,-13.400000,84.200000,62.500000,128.100000,2.223557,-0.118233,2.020068,-0.055777,0.000000,0.000000,0.000000,0.000000
1305.508,2.223375,-0.118236,2.019695,-0.055777,-0.001745,0.000010,0.003491,0.000000,-13.400000,84.200000,62.500000,128.100000,2.223557,-0.118233,2.020068,-0.055777,0.000000,0.000000,0.000000,0.000000
1305.518,2.223375,-0.118236,2.019695,-0.055777,-0.001745,0.000010,0.003491,0.000000,-13.400000,84.200000,62.500000,128.100000,2.223557,-0.118233,2.020068,-0.055777,0.000000,0.000000,0.000000,0.000000
1305.988,2.233149,-0.116014,2.007303,-0.054683,0.003491,0.000000,0.001745,0.000000,-11.900000,97.100000,59.700000,120.400000,2.233295,-0.116013,2.007503,-0.054684,0.000000,0.000000,0.000000,0.000000
1305.998,2.233149,-0.116014,2.007303,-0.054683,0.003491,0.000000,0.001745,0.000000,-11.900000,97.100000,59.700000,120.400000,2.233295,-0.116013,2.007503,-0.054684,0.000000,0.000000,0.000000,0.000000
1306.008,2.233149,-0.116014,2.007303,-0.054683,0.003491,0.000000,0.001745,0.000000,-11.900000,97.100000,59.700000,120.400000,2.233295,-0.116013,2.007503,-0.054684,0.000000,0.000000,0.000000,0.000000
1306.018,2.233149,-0.116014,2.007303,-0.054683,0.003491,0.000000,0.001745,0.000000,-11.900000,97.100000,59.700000,120.400000,2.233295,-0.116013,2.007503,-0.054684,0.000000,0.000000,0.000000,0.000000
1306.488,2.239432,-0.113908,2.003463,-0.053652,0.010472,0.000040,0.000000,0.000000,-14.600000,50.300000,52.000000,115.800000,2.239484,-0.113908,2.003498,-0.053652,0.000000,0.000000,0.000000,0.000000
1306.498,2.239432,-0.113908,2.003463,-0.053652,0.010472,0.000040,0.000000,0.000000,-14.600000,50.300000,52.000000,115.800000,2.239484,-0.113908,2.003498,-0.053652,0.000000,0.000000,0.000000,0.000000
1306.508,2.239432,-0.113908,2.003463,-0.053652,0.010472,0.000040,0.000000,0.000000,-14.600000,50.300000,52.000000,115.800000,2.239484,-0.113908,2.003498,-0.053652,0.000000,0.000000,0.000000,0.000000
1306.518,2.239432,-0.113908,2.003463,-0.053652,0.010472,0.000040,0.000000,0.000000,-14.600000,50.300000,52.000000,115.800000,2.239484,-0.113908,2.003498,-0.053652,0.000000,0.000000,0.000000,0.000000
1306.988,2.245541,-0.111666,1.992119,-0.052547,0.005236,0.000000,0.001745,0.000000,-17.000000,48.500000,54.100000,126.300000,2.245852,-0.111666,1.992393,-0.052548,0.000000,0.000000,0.000000,0.000000
1306.998,2.245541,-0.111666,1.992119,-0.052547,0.005236,0.000000,0.001745,0.000000,-17.000000,48.500000,54.100000,126.300000,2.245852,-0.111666,1.992393,-0.052548,0.000000,0.000000,0.000000,0.000000
1307.008,2.245541,-0.111666,1.992119,-0.052547,0.005236,0.000000,0.001745,0.000000,-17.000000,48.500000,54.100000,126.300000,2.245852,-0.111666,1.992393,-0.052548,0.000000,0.000000,0.000000,0.000000
1307.018,2.245541,-0.111666,1.992119,-0.052547,0.005236,0.000000,0.001745,0.000000,-17.000000,48.500000,54.100000,126.300000,2.245852,-0.111666,1.992393,-0.052548,0.000000,0.000000,0.000000,0.000000
1307.488,2.252173,-0.109313,1.986359,-0.051367,0.034907,0.000000,0.000000,0.000000,-10.900000,66.100000,32.700000,131.300000,2.252318,-0.109313,1.986516,-0.051367,0.000000,0.000000,0.000000,0.000000
1307.498,2.252173,-0.109313,1.986359,-0.051367,0.034907,0.000000,0.000000,0.000000,-10.900000,66.100000,32.700000,131.300000,2.252318,-0.109313,1.986516,-0.051367,0.000000,0.000000,0.000000,0.000000
1307.508,2.252173,-0.109313,1.986359,-0.051367,0.034907,0.000000,0.000000,0.000000,-10.900000,66.100000,32.700000,131.300000,2.252318,-0.109313,1.986516,-0.051367,0.000000,0.000000,0.000000,0.000000
1307.518,2.252173,-0.109313,1.986359,-0.051367,0.034907,0.000000,0.000000,0.000000,-10.900000,66.100000,32.700000,131.300000,2.252318,-0.109313,1.986516,-0.051367,0.000000,0.000000,0.000000,0.000000
1307.988,2.260027,-0.107320,1.981298,-0.050336,0.006981,0.000010,0.000000,0.000000,-17.200000,75.900000,89.800000,114.000000,2.260069,-0.107320,1.981454,-0.050337,0.000000,0.000000,0.000000,0.000000
1307.998,2.260027,-0.107320,1.981298,-0.050336,0.006981,0.000010,0.000000,0.000000,-17.200000,75.900000,89.800000,114.000000,2.260069,-0.107320,1.981454,-0.050337,0.000000,0.000000,0.000000,0.000000
1308.008,2.260027,-0.107320,1.981298,-0.050336,0.006981,0.000010,0.000000,0.000000,-17.200000,75.900000,89.800000,114.000000,2.260069,-0.107320,1.981454,-0.050337,0.000000,0.000000,0.000000,0.000000
1308.018,2.260027,-0.107320,1.981298,-0.050336,0.006981,0.000010,0.000000,0.000000,-17.200000,75.900000,89.800000,114.000000,2.260069,-0.107320,1.981454,-0.050337,0.000000,0.000000,0.000000,0.000000
1308.488,2.268579,-0.105265,1.976585,-0.049308,0.040143,0.000010,0.000000,0.000000,-15.300000,85.700000,10.100000,110.200000,2.268926,-0.105265,1.976674,-0.049309,0.000000,0.000000,0.000000,0.000000
1308.498,2.268579,-0.105265,1.976585,-0.049308,0.040143,0.000010,0.000000,0.000000,-15.300000,85.700000,10.100000,110.200000,2.268926,-0.105265,1.976674,-0.049309,0.000000,0.000000,0.000000,0.000000
1308.508,2.268579,-0.105265,1.976585,-0.049308,0.040143,0.000010,0.000000,0.000000,-15.300000,85.700000,10.100000,110.200000,2.268926,-0.105265,1.976674,-0.049309,0.000000,0.000000,0.000000,0.000000
1308.518,2.268579,-0.105265,1.976585,-0.049308,0.040143,0.000010,0.000000,0.000000,-15.300000,85.700000,10.100000,110.200000,2.268926,-0.105265,1.976674,-0.049309,0.000000,0.000000,0.000000,0.000000
1308.988,2.275560,-0.103261,1.965241,-0.048313,0.000000,0.000010,0.005236,0.000000,-8.600000,49.900000,102.800000,101.500000,2.275616,-0.103261,1.965671,-0.048313,0.000000,0.000000,0.000000,0.000000
1308.998,2.275560,-0.103261,1.965241,-0.048313,0.000000,0.000010,0.005236,0.000000,-8.600000,49.900000,102.800000,101.500000,2.275616,-0.103261,1.965671,-0.048313,0.000000,0.000000,0.000000,0.000000
1309.008,2.275560,-0.103261,1.965241,-0.048313,0.000000,0.000010,0.005236,0.000000,-8.600000,49.900000,102.800000,101.500000,2.275616,-0.103261,1.965671,-0.048313,0.000000,0.000000,0.000000,0.000000
1309.018,2.275560,-0.103261,1.965241,-0.048313,0.000000,0.000010,0.005236,0.000000,-8.600000,49.900000,102.800000,101.500000,2.275616,-0.103261,1.965671,-0.048313,0.000000,0.000000,0.000000,0.000000
1309.487,2.282891,-0.101205,1.953896,-0.047299,-0.005236,-0.000040,0.000000,0.000000,-10.700000,51.700000,-60.600000,80.600000,2.283205,-0.101204,1.953940,-0.047300,0.000000,0.000000,0.000000,0.000000
1309.498,2.282891,-0.101205,1.953896,-0.047299,-0.005236,-0.000040,0.000000,0.000000,-10.700000,51.700000,-60.600000,80.600000,2.283205,-0.101204,1.953940,-0.047300,0.000000,0.000000,0.000000,0.000000
1309.508,2.282891,-0.101205,1.953896,-0.047299,-0.005236,-0.000040,0.000000,0.000000,-10.700000,51.700000,-60.600000,80.600000,2.283205,-0.101204,1.953940,-0.047300,0.000000,0.000000,0.000000,0.000000
1309.518,2.282891,-0.101205,1.953896,-0.047299,-0.005236,-0.000040,0.000000,0.000000,-10.700000,51.700000,-60.600000,80.600000,2.283205,-0.101204,1.953940,-0.047300,0.000000,0.000000,0.000000,0.000000
1309.987,2.288127,-0.099087,1.945519,-0.046251,0.000000,0.000000,0.001745,0.000000,-7.400000,53.400000,116.400000,97.400000,2.297528,-0.096699,1.943380,-0.045070,0.000000,0.000000,0.000000,0.000000
1309.998,2.288127,-0.099087,1.945519,-0.046251,0.000000,0.000000,0.001745,0.000000,-7.400000,53.400000,116.400000,97.400000,2.297528,-0.096699,1.943380,-0.045070,0.000000,0.000000,0.000000,0.000000
1310.008,2.288127,-0.099087,1.945519,-0.046251,0.000000,0.000000,0.001745,0.000000,-7.400000,53.400000,116.400000,97.400000,2.297528,-0.096699,1.943380,-0.045070,0.000000,0.000000,0.000000,0.000000
1310.018,2.288127,-0.099087,1.945519,-0.046251,0.000000,0.000000,0.001745,0.000000,-7.400000,53.400000,116.400000,97.400000,2.297528,-0.096699,1.943380,-0.045070,0.000000,0.000000,0.000000,0.000000
1310.488,2.297551,-0.096700,1.943250,-0.045069,-0.033161,0.000060,0.000000,0.000000,-11.300000,85.100000,113.900000,69.600000,2.297528,-0.096699,1.943380,-0.045070,0.000000,0.000000,0.000000,0.000000
1310.498,2.297551,-0.096700,1.943250,-0.045069,-0.033161,0.000060,0.000000,0.000000,-11.300000,85.100000,113.900000,69.600000,2.297528,-0.096699,1.943380,-0.045070,0.000000,0.000000,0.000000,0.000000
1310.508,2.297551,-0.096700,1.943250,-0.045069,-0.033161,0.000060,0.000000,0.000000,-11.300000,85.100000,113.900000,69.600000,2.297528,-0.096699,1.943380,-0.045070,0.000000,0.000000,0.000000,0.000000
1310.518,2.297551,-0.096700,1.943250,-0.045069,-0.033161,0.000060,0.000000,0.000000,-11.300000,85.100000,113.900000,69.600000,2.297528,-0.096699,1.943380,-0.045070,0.000000,0.000000,0.000000,0.000000
1310.988,2.301391,-0.094546,1.942028,-0.044006,0.000000,0.000000,0.000000,0.000000,-14.100000,70.500000,103.000000,109.500000,2.301391,-0.094547,1.942327,-0.044007,0.000000,0.000000,0.000000,0.000000
1310.998,2.301391,-0.094546,1.942028,-0.044006,0.000000,0.000000,0.000000,0.000000,-14.100000,70.500000,103.000000,109.500000,2.301391,-0.094547,1.942327,-0.044007,0.000000,0.000000,0.000000,0.000000
1311.008,2.301391,-0.094546,1.942028,-0.044006,0.000000,0.000000,0.000000,0.000000,-14.100000,70.500000,103.000000,109.500000,2.301391,-0.094547,1.942327,-0.044007,0.000000,0.000000,0.000000,0.000000
1311.019,2.301391,-0.094546,1.942028,-0.044006,0.000000,0.000000,0.000000,0.000000,-14.100000,70.500000,103.000000,109.500000,2.301391,-0.094547,1.942327,-0.044007,0.000000,0.000000,0.000000,0.000000
1311.388,2.305929,-0.092525,1.938188,-0.043034,-0.012217,0.000180,0.000000,0.000020,-16.300000,47.800000,-16.900000,123.000000,2.306108,-0.092523,1.938149,-0.043034,0.000000,0.000000,0.000000,0.000000
1311.398,2.305929,-0.092525,1.938188,-0.043034,-0.012217,0.000180,0.000000,0.000020,-16.300000,47.800000,-16.900000,123.000000,2.306108,-0.092523,1.938149,-0.043034,0.000000,0.000000,0.000000,0.000000
1311.408,2.305929,-0.092525,1.938188,-0.043034,-0.012217,0.000180,0.000000,0.000020,-16.300000,47.800000,-16.900000,123.000000,2.306108,-0.092523,1.938149,-0.043034,0.000000,0.000000,0.000000,0.000000
1311.418,2.305929,-0.092525,1.938188,-0.043034,-0.012217,0.000180,0.000000,0.000020,-16.300000,47.800000,-16.900000,123.000000,2.306108,-0.092523,1.938149,-0.043034,0.000000,0.000000,0.000000,0.000000
1311.887,2.311340,-0.090445,1.934697,-0.042058,0.000000,0.000000,0.005236,0.000000,-7.700000,45.900000,126.100000,114.200000,2.316965,-0.088411,1.942081,-0.041065,0.000000,0.000000,0.000000,0.000000
1311.897,2.311340,-0.090445,1.934697,-0.042058,0.000000,0.000000,0.005236,0.000000,-7.700000,45.900000,126.100000,114.200000,2.316965,-0.088411,1.942081,-0.041065,0.000000,0.000000,0.000000,0.000000
1311.908,2.311340,-0.090445,1.934697,-0.042058,0.000000,0.000000,0.005236,0.000000,-7.700000,45.900000,126.100000,114.200000,2.316965,-0.088411,1.942081,-0.041065,0.000000,0.000000,0.000000,0.000000
1311.918,2.311340,-0.090445,1.934697,-0.042058,0.000000,0.000000,0.005236,0.000000,-7.700000,45.900000,126.100000,114.200000,2.316965,-0.088411,1.942081,-0.041065,0.000000,0.000000,0.000000,0.000000
1312.288,2.316750,-0.088415,1.942377,-0.041064,0.000000,0.000030,-0.003491,0.000020,-11.400000,57.400000,-87.100000,146.200000,2.316965,-0.088411,1.942081,-0.041065,0.000000,0.000000,0.000000,0.000000
1312.298,2.316750,-0.088415,1.942377,-0.041064,0.000000,0.000030,-0.003491,0.000020,-11.400000,57.400000,-87.100000,146.200000,2.316965,-0.088411,1.942081,-0.041065,0.000000,0.000000,0.000000,0.000000
1312.308,2.316750,-0.088415,1.942377,-0.041064,0.000000,0.000030,-0.003491,0.000020,-11.400000,57.400000,-87.100000,146.200000,2.316965,-0.088411,1.942081,-0.041065,0.000000,0.000000,0.000000,0.000000
1312.318,2.316750,-0.088415,1.942377,-0.041064,0.000000,0.000030,-0.003491,0.000020,-11.400000,57.400000,-87.100000,146.200000,2.316965,-0.088411,1.942081,-0.041065,0.000000,0.000000,0.000000,0.000000
1312.788,2.323557,-0.086233,1.942901,-0.040079,0.000000,0.000040,0.000000,0.000000,-15.200000,112.200000,9.500000,107.000000,2.323599,-0.086232,1.942966,-0.040079,0.000000,0.000000,0.000000,0.000000
1312.798,2.323557,-0.086233,1.942901,-0.040079,0.000000,0.000040,0.000000,0.000000,-15.200000,112.200000,9.500000,107.000000,2.323599,-0.086232,1.942966,-0.040079,0.000000,0.000000,0.000000,0.000000
1312.808,2.323557,-0.086233,1.942901,-0.040079,0.000000,0.000040,0.000000,0.000000,-15.200000,112.200000,9.500000,107.000000,2.323599,-0.086232,1.942966,-0.040079,0.000000,0.000000,0.000000,0.000000
1312.818,2.323557,-0.086233,1.942901,-0.040079,0.000000,0.000040,0.000000,0.000000,-15.200000,112.200000,9.500000,107.000000,2.323599,-0.086232,1.942966,-0.040079,0.000000,0.000000,0.000000,0.000000
1313.288,2.329142,-0.084182,1.948137,-0.039151,0.000000,0.000050,-0.001745,0.000000,-9.100000,85.900000,-42.500000,110.400000,2.329227,-0.084182,1.948111,-0.039151,0.000000,0.000000,0.000000,0.000000
1313.298,2.329142,-0.084182,1.948137,-0.039151,0.000000,0.000050,-0.001745,0.000000,-9.100000,85.900000,-42.500000,110.400000,2.329227,-0.084182,1.948111,-0.039151,0.000000,0.000000,0.000000,0.000000
1313.308,2.329142,-0.084182,1.948137,-0.039151,0.000000,0.000050,-0.001745,0.000000,-9.100000,85.900000,-42.500000,110.400000,2.329227,-0.084182,1.948111,-0.039151,0.000000,0.000000,0.000000,0.000000
1313.318,2.329142,-0.084182,1.948137,-0.039151,0.000000,0.000050,-0.001745,0.000000,-9.100000,85.900000,-42.500000,110.400000,2.329227,-0.084182,1.948111,-0.039151,0.000000,0.000000,0.000000,0.000000
1313.688,2.337519,-0.082179,1.947438,-0.038227,0.000000,0.000220,0.000000,0.000000,-17.200000,53.600000,129.400000,113.500000,2.337692,-0.082177,1.947643,-0.038227,0.000000,0.000000,0.000000,0.000000
1313.698,2.337519,-0.082179,1.947438,-0.038227,0.000000,0.000220,0.000000,0.000000,-17.200000,53.600000,129.400000,113.500000,2.337692,-0.082177,1.947643,-0.038227,0.000000,0.000000,0.000000,0.000000
1313.708,2.337519,-0.082179,1.947438,-0.038227,0.000000,0.000220,0.000000,0.000000,-17.200000,53.600000,129.400000,113.500000,2.337692,-0.082177,1.947643,-0.038227,0.000000,0.000000,0.000000,0.000000
1313.718,2.337519,-0.082179,1.947438,-0.038227,0.000000,0.000220,0.000000,0.000000,-17.200000,53.600000,129.400000,113.500000,2.337692,-0.082177,1.947643,-0.038227,0.000000,0.000000,0.000000,0.000000
1314.187,2.349039,-0.080009,1.952849,-0.037275,0.000000,0.000020,-0.003491,0.000000,-19.900000,52.800000,-27.000000,86.000000,2.349100,-0.080008,1.952509,-0.037276,0.000000,0.000000,0.000000,0.000000
1314.197,2.349039,-0.080009,1.952849,-0.037275,0.000000,0.000020,-0.003491,0.000000,-19.900000,52.800000,-27.000000,86.000000,2.349100,-0.080008,1.952509,-0.037276,0.000000,0.000000,0.000000,0.000000
1314.208,2.349039,-0.080009,1.952849,-0.037275,0.000000,0.000020,-0.003491,0.000000,-19.900000,52.800000,-27.000000,86.000000,2.349100,-0.080008,1.952509,-0.037276,0.000000,0.000000,0.000000,0.000000
1314.218,2.349039,-0.080009,1.952849,-0.037275,0.000000,0.000020,-0.003491,0.000000,-19.900000,52.800000,-27.000000,86.000000,2.349100,-0.080008,1.952509,-0.037276,0.000000,0.000000,0.000000,0.000000
1314.688,2.364398,-0.077976,1.963844,-0.036172,-0.024435,-0.000030,-0.003491,0.000000,-14.600000,66.000000,-40.500000,87.400000,2.364545,-0.077976,1.963967,-0.036172,0.000000,0.000000,0.000000,0.000000
1314.698,2.364398,-0.077976,1.963844,-0.036172,-0.024435,-0.000030,-0.003491,0.000000,-14.600000,66.000000,-40.500000,87.400000,2.364545,-0.077976,1.963967,-0.036172,0.000000,0.000000,0.000000,0.000000
1314.708,2.364398,-0.077976,1.963844,-0.036172,-0.024435,-0.000030,-0.003491,0.000000,-14.600000,66.000000,-40.500000,87.400000,2.364545,-0.077976,1.963967,-0.036172,0.000000,0.000000,0.000000,0.000000
1314.718,2.364398,-0.077976,1.963844,-0.036172,-0.024435,-0.000030,-0.003491,0.000000,-14.600000,66.000000,-40.500000,87.400000,2.364545,-0.077976,1.963967,-0.036172,0.000000,0.000000,0.000000,0.000000
1315.088,2.384469,-0.075994,1.986534,-0.034981,0.026180,0.000120,0.000000,0.000010,-9.600000,109.000000,73.400000,133.000000,2.384635,-0.075990,1.986526,-0.034981,0.000000,0.000000,0.000000,0.000000
1315.098,2.384469,-0.075994,1.986534,-0.034981,0.026180,0.000120,0.000000,0.000010,-9.600000,109.000000,73.400000,133.000000,2.384635,-0.075990,1.986526,-0.034981,0.000000,0.000000,0.000000,0.000000
1315.108,2.384469,-0.075994,1.986534,-0.034981,0.026180,0.000120,0.000000,0.000010,-9.600000,109.000000,73.400000,133.000000,2.384635,-0.075990,1.986526,-0.034981,0.000000,0.000000,0.000000,0.000000
1315.118,2.384469,-0.075994,1.986534,-0.034981,0.026180,0.000120,0.000000,0.000010,-9.600000,109.000000,73.400000,133.000000,2.384635,-0.075990,1.986526,-0.034981,0.000000,0.000000,0.000000,0.000000
1315.487,2.402271,-0.074869,2.000322,-0.034493,0.029671,0.000040,0.000000,0.000000,-8.800000,92.600000,73.100000,127.600000,2.402548,-0.074870,2.000206,-0.034493,0.000000,0.000000,0.000000,0.000000
1315.497,2.402271,-0.074869,2.000322,-0.034493,0.029671,0.000040,0.000000,0.000000,-8.800000,92.600000,73.100000,127.600000,2.402548,-0.074870,2.000206,-0.034493,0.000000,0.000000,0.000000,0.000000
1315.507,2.402271,-0.074869,2.000322,-0.034493,0.029671,0.000040,0.000000,0.000000,-8.800000,92.600000,73.100000,127.600000,2.402548,-0.074870,2.000206,-0.034493,0.000000,0.000000,0.000000,0.000000
1315.518,2.402271,-0.074869,2.000322,-0.034493,0.029671,0.000040,0.000000,0.000000,-8.800000,92.600000,73.100000,127.600000,2.402548,-0.074870,2.000206,-0.034493,0.000000,0.000000,0.000000,0.000000
1336.692,2.149897,-0.154416,2.150071,-0.071906,0.000000,0.000000,0.000000,0.000000,-14.000000,0.400000,58.400000,4.200000,2.437413,-0.075527,2.033490,-0.034361,0.000000,0.000000,0.000000,0.000000
1336.702,2.149897,-0.154416,2.150071,-0.071906,0.000000,0.000000,0.000000,0.000000,-14.000000,0.400000,58.400000,4.200000,2.437413,-0.075527,2.033490,-0.034361,0.000000,0.000000,0.000000,0.000000
1336.713,2.149897,-0.154416,2.150071,-0.071906,0.000000,0.000000,0.000000,0.000000,-14.000000,0.400000,58.400000,4.200000,2.437413,-0.075527,2.033490,-0.034361,0.000000,0.000000,0.000000,0.000000
1336.723,2.149897,-0.154416,2.150071,-0.071906,0.000000,0.000000,0.000000,0.000000,-14.000000,0.400000,58.400000,4.200000,2.437413,-0.075527,2.033490,-0.034361,0.000000,0.000000,0.000000,0.000000
1341.388,2.437352,-0.101907,2.033483,-0.070417,0.000000,0.000000,0.000000,0.000000,-10.500000,52.100000,-5.500000,113.800000,2.437413,-0.075527,2.033490,-0.034361,0.000000,0.000000,0.000000,0.000000
1341.398,2.437352,-0.101907,2.033483,-0.070417,0.000000,0.000000,0.000000,0.000000,-10.500000,52.100000,-5.500000,113.800000,2.437413,-0.075527,2.033490,-0.034361,0.000000,0.000000,0.000000,0.000000
1341.408,2.437352,-0.101907,2.033483,-0.070417,0.000000,0.000000,0.000000,0.000000,-10.500000,52.100000,-5.500000,113.800000,2.437413,-0.075527,2.033490,-0.034361,0.000000,0.000000,0.000000,0.000000
1341.418,2.437352,-0.101907,2.033483,-0.070417,0.000000,0.000000,0.000000,0.000000,-10.500000,52.100000,-5.500000,113.800000,2.437413,-0.075527,2.033490,-0.034361,0.000000,0.000000,0.000000,0.000000
1341.987,2.349562,-0.100415,2.103296,-0.066538,-0.005236,0.000000,-0.001745,0.000000,-14.400000,30.300000,-10.300000,152.300000,2.349627,-0.099884,2.103188,-0.066538,0.000000,0.000000,0.000000,0.000000
1341.998,2.349562,-0.100415,2.103296,-0.066538,-0.005236,0.000000,-0.001745,0.000000,-14.400000,30.300000,-10.300000,152.300000,2.349627,-0.099884,2.103188,-0.066538,0.000000,0.000000,0.000000,0.000000
1342.008,2.349562,-0.100415,2.103296,-0.066538,-0.005236,0.000000,-0.001745,0.000000,-14.400000,30.300000,-10.300000,152.300000,2.349627,-0.099884,2.103188,-0.066538,0.000000,0.000000,0.000000,0.000000
1342.018,2.349562,-0.100415,2.103296,-0.066538,-0.005236,0.000000,-0.001745,0.000000,-14.400000,30.300000,-10.300000,152.300000,2.349627,-0.099884,2.103188,-0.066538,0.000000,0.000000,0.000000,0.000000
1342.587,2.263518,-0.098428,2.165779,-0.062874,0.000000,-0.000040,0.000000,0.000010,-14.600000,31.200000,-97.300000,177.500000,2.191637,-0.096422,2.227192,-0.059348,0.000000,0.000000,0.000000,0.000000
1342.597,2.263518,-0.098428,2.165779,-0.062874,0.000000,-0.000040,0.000000,0.000010,-14.600000,31.200000,-97.300000,177.500000,2.191637,-0.096422,2.227192,-0.059348,0.000000,0.000000,0.000000,0.000000
1342.608,2.263518,-0.098428,2.165779,-0.062874,0.000000,-0.000040,0.000000,0.000010,-14.600000,31.200000,-97.300000,177.500000,2.191637,-0.096422,2.227192,-0.059348,0.000000,0.000000,0.000000,0.000000
1342.618,2.263518,-0.098428,2.165779,-0.062874,0.000000,-0.000040,0.000000,0.000010,-14.600000,31.200000,-97.300000,177.500000,2.191637,-0.096422,2.227192,-0.059348,0.000000,0.000000,0.000000,0.000000
1343.188,2.191610,-0.096422,2.226691,-0.059347,0.006981,-0.000020,0.000000,0.000000,-13.900000,60.600000,-23.600000,160.100000,2.191637,-0.096422,2.227192,-0.059348,0.000000,0.000000,0.000000,0.000000
1343.198,2.191610,-0.096422,2.226691,-0.059347,0.006981,-0.000020,0.000000,0.000000,-13.900000,60.600000,-23.600000,160.100000,2.191637,-0.096422,2.227192,-0.059348,0.000000,0.000000,0.000000,0.000000
1343.208,2.191610,-0.096422,2.226691,-0.059347,0.006981,-0.000020,0.000000,0.000000,-13.900000,60.600000,-23.600000,160.100000,2.191637,-0.096422,2.227192,-0.059348,0.000000,0.000000,0.000000,0.000000
1343.218,2.191610,-0.096422,2.226691,-0.059347,0.006981,-0.000020,0.000000,0.000000,-13.900000,60.600000,-23.600000,160.100000,2.191637,-0.096422,2.227192,-0.059348,0.000000,0.000000,0.000000,0.000000
1343.787,2.124764,-0.094382,2.278527,-0.055767,0.006981,0.000080,-0.003491,0.000000,-10.200000,37.900000,-61.700000,183.000000,2.124755,-0.094382,2.278512,-0.055767,0.000000,0.000000,0.000000,0.000000
1343.797,2.124764,-0.094382,2.278527,-0.055767,0.006981,0.000080,-0.003491,0.000000,-10.200000,37.900000,-61.700000,183.000000,2.124755,-0.094382,2.278512,-0.055767,0.000000,0.000000,0.000000,0.000000
1343.808,2.124764,-0.094382,2.278527,-0.055767,0.006981,0.000080,-0.003491,0.000000,-10.200000,37.900000,-61.700000,183.000000,2.124755,-0.094382,2.278512,-0.055767,0.000000,0.000000,0.000000,0.000000
1343.818,2.124764,-0.094382,2.278527,-0.055767,0.006981,0.000080,-0.003491,0.000000,-10.200000,37.900000,-61.700000,183.000000,2.124755,-0.094382,2.278512,-0.055767,0.000000,0.000000,0.000000,0.000000
1344.388,2.082003,-0.092311,2.314307,-0.052233,0.000000,0.000000,0.000000,0.000010,-14.600000,19.300000,-43.800000,169.900000,2.082096,-0.092311,2.314435,-0.052233,0.000000,0.000000,0.000000,0.000000
1344.398,2.082003,-0.092311,2.314307,-0.052233,0.000000,0.000000,0.000000,0.000010,-14.600000,19.300000,-43.800000,169.900000,2.082096,-0.092311,2.314435,-0.052233,0.000000,0.000000,0.000000,0.000000
1344.408,2.082003,-0.092311,2.314307,-0.052233,0.000000,0.000000,0.000000,0.000010,-14.600000,19.300000,-43.800000,169.900000,2.082096,-0.092311,2.314435,-0.052233,0.000000,0.000000,0.000000,0.000000
1344.418,2.082003,-0.092311,2.314307,-0.052233,0.000000,0.000000,0.000000,0.000010,-14.600000,19.300000,-43.800000,169.900000,2.082096,-0.092311,2.314435,-0.052233,0.000000,0.000000,0.000000,0.000000
1344.887,2.043257,-0.090337,2.332283,-0.049248,0.010472,0.000050,0.000000,0.000040,-19.200000,42.300000,39.600000,136.800000,2.043268,-0.090337,2.332367,-0.049247,0.000000,0.000000,0.000000,0.000000
1344.898,2.043257,-0.090337,2.332283,-0.049248,0.010472,0.000050,0.000000,0.000040,-19.200000,42.300000,39.600000,136.800000,2.043268,-0.090337,2.332367,-0.049247,0.000000,0.000000,0.000000,0.000000
1344.908,2.043257,-0.090337,2.332283,-0.049248,0.010472,0.000050,0.000000,0.000040,-19.200000,42.300000,39.600000,136.800000,2.043268,-0.090337,2.332367,-0.049247,0.000000,0.000000,0.000000,0.000000
1344.918,2.043257,-0.090337,2.332283,-0.049248,0.010472,0.000050,0.000000,0.000040,-19.200000,42.300000,39.600000,136.800000,2.043268,-0.090337,2.332367,-0.049247,0.000000,0.000000,0.000000,0.000000
1345.487,2.012714,-0.088333,2.349388,-0.046117,0.031416,-0.000020,0.000000,0.000000,-14.900000,33.000000,-29.300000,143.900000,2.012729,-0.088333,2.349377,-0.046118,0.000000,0.000000,0.000000,0.000000
1345.498,2.012714,-0.088333,2.349388,-0.046117,0.031416,-0.000020,0.000000,0.000000,-14.900000,33.000000,-29.300000,143.900000,2.012729,-0.088333,2.349377,-0.046118,0.000000,0.000000,0.000000,0.000000
1345.508,2.012714,-0.088333,2.349388,-0.046117,0.031416,-0.000020,0.000000,0.000000,-14.900000,33.000000,-29.300000,143.900000,2.012729,-0.088333,2.349377,-0.046118,0.000000,0.000000,0.000000,0.000000
1345.518,2.012714,-0.088333,2.349388,-0.046117,0.031416,-0.000020,0.000000,0.000000,-14.900000,33.000000,-29.300000,143.900000,2.012729,-0.088333,2.349377,-0.046118,0.000000,0.000000,0.000000,0.000000
1345.991,1.962797,-0.086338,2.384120,-0.042955,0.024435,0.000020,-0.001745,0.000050,-19.900000,72.800000,-34.300000,158.300000,1.901840,-0.084342,2.456855,-0.039488,0.000000,0.000000,0.000000,0.000000
1346.001,1.962797,-0.086338,2.384120,-0.042955,0.024435,0.000020,-0.001745,0.000050,-19.900000,72.800000,-34.300000,158.300000,1.901840,-0.084342,2.456855,-0.039488,0.000000,0.000000,0.000000,0.000000
1346.014,1.962797,-0.086338,2.384120,-0.042955,0.024435,0.000020,-0.001745,0.000050,-19.900000,72.800000,-34.300000,158.300000,1.901840,-0.084342,2.456855,-0.039488,0.000000,0.000000,0.000000,0.000000
1346.024,1.962797,-0.086338,2.384120,-0.042955,0.024435,0.000020,-0.001745,0.000050,-19.900000,72.800000,-34.300000,158.300000,1.901840,-0.084342,2.456855,-0.039488,0.000000,0.000000,0.000000,0.000000
1346.587,1.901711,-0.084342,2.456725,-0.039487,0.000000,0.000000,-0.001745,0.000000,-18.700000,27.600000,-51.100000,164.800000,1.901840,-0.084342,2.456855,-0.039488,0.000000,0.000000,0.000000,0.000000
1346.598,1.901711,-0.084342,2.456725,-0.039487,0.000000,0.000000,-0.001745,0.000000,-18.700000,27.600000,-51.100000,164.800000,1.901840,-0.084342,2.456855,-0.039488,0.000000,0.000000,0.000000,0.000000
1346.608,1.901711,-0.084342,2.456725,-0.039487,0.000000,0.000000,-0.001745,0.000000,-18.700000,27.600000,-51.100000,164.800000,1.901840,-0.084342,2.456855,-0.039488,0.000000,0.000000,0.000000,0.000000
1346.618,1.901711,-0.084342,2.456725,-0.039487,0.000000,0.000000,-0.001745,0.000000,-18.700000,27.600000,-51.100000,164.800000,1.901840,-0.084342,2.456855,-0.039488,0.000000,0.000000,0.000000,0.000000
1347.187,1.751787,-0.082345,2.577502,-0.035981,-0.015708,-0.000090,-0.001745,0.000010,-19.100000,28.200000,-19.100000,164.900000,1.751926,-0.082346,2.577569,-0.035982,0.000000,0.000000,0.000000,0.000000
1347.197,1.751787,-0.082345,2.577502,-0.035981,-0.015708,-0.000090,-0.001745,0.000010,-19.100000,28.200000,-19.100000,164.900000,1.751926,-0.082346,2.577569,-0.035982,0.000000,0.000000,0.000000,0.000000
1347.207,1.751787,-0.082345,2.577502,-0.035981,-0.015708,-0.000090,-0.001745,0.000010,-19.100000,28.200000,-19.100000,164.900000,1.751926,-0.082346,2.577569,-0.035982,0.000000,0.000000,0.000000,0.000000
1347.218,1.751787,-0.082345,2.577502,-0.035981,-0.015708,-0.000090,-0.001745,0.000010,-19.100000,28.200000,-19.100000,164.900000,1.751926,-0.082346,2.577569,-0.035982,0.000000,0.000000,0.000000,0.000000
1347.588,1.696984,-0.080474,2.563016,-0.034249,-0.012217,0.000170,0.000000,0.000050,-25.100000,49.300000,-33.600000,166.900000,1.697064,-0.080471,2.563234,-0.034248,0.000000,0.000000,0.000000,0.000000
1347.598,1.696984,-0.080474,2.563016,-0.034249,-0.012217,0.000170,0.000000,0.000050,-25.100000,49.300000,-33.600000,166.900000,1.697064,-0.080471,2.563234,-0.034248,0.000000,0.000000,0.000000,0.000000
1347.608,1.696984,-0.080474,2.563016,-0.034249,-0.012217,0.000170,0.000000,0.000050,-25.100000,49.300000,-33.600000,166.900000,1.697064,-0.080471,2.563234,-0.034248,0.000000,0.000000,0.000000,0.000000
1347.618,1.696984,-0.080474,2.563016,-0.034249,-0.012217,0.000170,0.000000,0.000050,-25.100000,49.300000,-33.600000,166.900000,1.697064,-0.080471,2.563234,-0.034248,0.000000,0.000000,0.000000,0.000000
1361.788,-2.124764,-0.118366,-2.125113,-0.066533,-0.001745,0.000000,0.000000,0.000000,-19.200000,33.200000,-62.800000,30.400000,-2.125104,-0.118366,-2.125104,-0.066533,0.000000,0.000000,0.000000,0.000000
1361.798,-2.124764,-0.118366,-2.125113,-0.066533,-0.001745,0.000000,0.000000,0.000000,-19.200000,33.200000,-62.800000,30.400000,-2.125104,-0.118366,-2.125104,-0.066533,0.000000,0.000000,0.000000,0.000000
1361.808,-2.124764,-0.118366,-2.125113,-0.066533,-0.001745,0.000000,0.000000,0.000000,-19.200000,33.200000,-62.800000,30.400000,-2.125104,-0.118366,-2.125104,-0.066533,0.000000,0.000000,0.000000,0.000000
1361.818,-2.124764,-0.118366,-2.125113,-0.066533,-0.001745,0.000000,0.000000,0.000000,-19.200000,33.200000,-62.800000,30.400000,-2.125104,-0.118366,-2.125104,-0.066533,0.000000,0.000000,0.000000,0.000000
1362.487,-2.106263,-0.116364,-2.111674,-0.061290,0.003491,0.000000,0.000000,0.000100,-9.100000,38.600000,-37.000000,191.000000,-2.075872,-0.114260,-2.056128,-0.056108,0.000000,0.000000,0.000000,0.000000
1362.497,-2.106263,-0.116364,-2.111674,-0.061290,0.003491,0.000000,0.000000,0.000100,-9.100000,38.600000,-37.000000,191.000000,-2.075872,-0.114260,-2.056128,-0.056108,0.000000,0.000000,0.000000,0.000000
1362.508,-2.106263,-0.116364,-2.111674,-0.061290,0.003491,0.000000,0.000000,0.000100,-9.100000,38.600000,-37.000000,191.000000,-2.075872,-0.114260,-2.056128,-0.056108,0.000000,0.000000,0.000000,0.000000
1362.518,-2.106263,-0.116364,-2.111674,-0.061290,0.003491,0.000000,0.000000,0.000100,-9.100000,38.600000,-37.000000,191.000000,-2.075872,-0.114260,-2.056128,-0.056108,0.000000,0.000000,0.000000,0.000000
1363.188,-2.075720,-0.114259,-2.056172,-0.056108,-0.013963,0.000000,0.000000,0.000000,-13.200000,14.200000,-56.900000,171.400000,-2.075872,-0.114260,-2.056128,-0.056108,0.000000,0.000000,0.000000,0.000000
1363.198,-2.075720,-0.114259,-2.056172,-0.056108,-0.013963,0.000000,0.000000,0.000000,-13.200000,14.200000,-56.900000,171.400000,-2.075872,-0.114260,-2.056128,-0.056108,0.000000,0.000000,0.000000,0.000000
1363.208,-2.075720,-0.114259,-2.056172,-0.056108,-0.013963,0.000000,0.000000,0.000000,-13.200000,14.200000,-56.900000,171.400000,-2.075872,-0.114260,-2.056128,-0.056108,0.000000,0.000000,0.000000,0.000000
1363.218,-2.075720,-0.114259,-2.056172,-0.056108,-0.013963,0.000000,0.000000,0.000000,-13.200000,14.200000,-56.900000,171.400000,-2.075872,-0.114260,-2.056128,-0.056108,0.000000,0.000000,0.000000,0.000000
1363.888,-2.051285,-0.112236,-1.990199,-0.051269,-0.001745,-0.000060,0.000000,0.000010,-7.300000,21.700000,0.500000,187.500000,-2.051586,-0.112237,-1.990055,-0.051269,0.000000,0.000000,0.000000,0.000000
1363.898,-2.051285,-0.112236,-1.990199,-0.051269,-0.001745,-0.000060,0.000000,0.000010,-7.300000,21.700000,0.500000,187.500000,-2.051586,-0.112237,-1.990055,-0.051269,0.000000,0.000000,0.000000,0.000000
1363.908,-2.051285,-0.112236,-1.990199,-0.051269,-0.001745,-0.000060,0.000000,0.000010,-7.300000,21.700000,0.500000,187.500000,-2.051586,-0.112237,-1.990055,-0.051269,0.000000,0.000000,0.000000,0.000000
1363.918,-2.051285,-0.112236,-1.990199,-0.051269,-0.001745,-0.000060,0.000000,0.000010,-7.300000,21.700000,0.500000,187.500000,-2.051586,-0.112237,-1.990055,-0.051269,0.000000,0.000000,0.000000,0.000000
1364.588,-2.007652,-0.110259,-1.929811,-0.046371,0.020944,0.000000,0.000000,0.000000,-10.400000,29.500000,-24.900000,143.500000,-2.007809,-0.110259,-1.930002,-0.046372,0.000000,0.000000,0.000000,0.000000
1364.598,-2.007652,-0.110259,-1.929811,-0.046371,0.020944,0.000000,0.000000,0.000000,-10.400000,29.500000,-24.900000,143.500000,-2.007809,-0.110259,-1.930002,-0.046372,0.000000,0.000000,0.000000,0.000000
1364.608,-2.007652,-0.110259,-1.929811,-0.046371,0.020944,0.000000,0.000000,0.000000,-10.400000,29.500000,-24.900000,143.500000,-2.007809,-0.110259,-1.930002,-0.046372,0.000000,0.000000,0.000000,0.000000
1364.618,-2.007652,-0.110259,-1.929811,-0.046371,0.020944,0.000000,0.000000,0.000000,-10.400000,29.500000,-24.900000,143.500000,-2.007809,-0.110259,-1.930002,-0.046372,0.000000,0.000000,0.000000,0.000000
1365.391,-1.990897,-0.108169,-1.903282,-0.040781,0.000000,0.000000,0.000000,0.000000,-9.800000,40.400000,61.500000,187.300000,-1.990789,-0.108169,-1.903170,-0.040782,0.000000,0.000000,0.000000,0.000000
1365.401,-1.990897,-0.108169,-1.903282,-0.040781,0.000000,0.000000,0.000000,0.000000,-9.800000,40.400000,61.500000,187.300000,-1.990789,-0.108169,-1.903170,-0.040782,0.000000,0.000000,0.000000,0.000000
1365.414,-1.990897,-0.108169,-1.903282,-0.040781,0.000000,0.000000,0.000000,0.000000,-9.800000,40.400000,61.500000,187.300000,-1.990789,-0.108169,-1.903170,-0.040782,0.000000,0.000000,0.000000,0.000000
1365.424,-1.990897,-0.108169,-1.903282,-0.040781,0.000000,0.000000,0.000000,0.000000,-9.800000,40.400000,61.500000,187.300000,-1.990789,-0.108169,-1.903170,-0.040782,0.000000,0.000000,0.000000,0.000000
