t,x,y,z,qw,qx,qy,qz,s1_x,s1_y,s1_z,s1_qw,s1_qx,s1_qy,s1_qz,s2_x,s2_y,s2_z,s2_qw,s2_qx,s2_qy,s2_qz,s3_x,s3_y,s3_z,s3_qw,s3_qx,s3_qy,s3_qz
0.021,-0.01985,-0.00506,0.12976,-0.44118,-0.30071,-0.06244,0.84323,NaN,NaN,NaN,NaN,NaN,NaN,NaN,NaN,NaN,NaN,NaN,NaN,NaN,NaN,NaN,NaN,NaN,NaN,NaN,NaN,NaN,
0.046,-0.01985,-0.00506,0.12976,-0.44116,-0.30072,-0.06245,0.84323,NaN,NaN,NaN,NaN,NaN,NaN,NaN,NaN,NaN,NaN,NaN,NaN,NaN,NaN,NaN,NaN,NaN,NaN,NaN,NaN,NaN,
0.071,-0.01985,-0.00506,0.12976,-0.44117,-0.30072,-0.06245,0.84323,NaN,NaN,NaN,NaN,NaN,NaN,NaN,NaN,NaN,NaN,NaN,NaN,NaN,NaN,NaN,NaN,NaN,NaN,NaN,NaN,NaN,
0.096,-0.01985,-0.00506,0.12976,-0.44118,-0.30071,-0.06245,0.84323,NaN,NaN,NaN,NaN,NaN,NaN,NaN,NaN,NaN,NaN,NaN,NaN,NaN,NaN,NaN,NaN,NaN,NaN,NaN,NaN,NaN,
0.121,-0.01986,-0.00506,0.12976,-0.44118,-0.30072,-0.06244,0.84323,NaN,NaN,NaN,NaN,NaN,NaN,NaN,NaN,NaN,NaN,NaN,NaN,NaN,NaN,NaN,NaN,NaN,NaN,NaN,NaN,NaN,
0.146,-0.01986,-0.00506,0.12976,-0.44117,-0.30071,-0.06247,0.84323,NaN,NaN,NaN,NaN,NaN,NaN,NaN,NaN,NaN,NaN,NaN,NaN,NaN,NaN,NaN,NaN,NaN,NaN,NaN,NaN,NaN,
0.171,-0.01986,-0.00506,0.12976,-0.44115,-0.30074,-0.06246,0.84323,NaN,NaN,NaN,NaN,NaN,NaN,NaN,NaN,NaN,NaN,NaN,NaN,NaN,NaN,NaN,NaN,NaN,NaN,NaN,NaN,NaN,
0.196,-0.01986,-0.00506,0.12976,-0.44116,-0.30071,-0.06248,0.84324,NaN,NaN,NaN,NaN,NaN,NaN,NaN,NaN,NaN,NaN,NaN,NaN,NaN,NaN,NaN,NaN,NaN,NaN,NaN,NaN,NaN,
0.221,-0.01986,-0.00505,0.12976,-0.44115,-0.30074,-0.06246,0.84323,NaN,NaN,NaN,NaN,NaN,NaN,NaN,NaN,NaN,NaN,NaN,NaN,NaN,NaN,NaN,NaN,NaN,NaN,NaN,NaN,NaN,
0.246,-0.01986,-0.00506,0.12976,-0.44113,-0.30073,-0.06250,0.84324,NaN,NaN,NaN,NaN,NaN,NaN,NaN,NaN,NaN,NaN,NaN,NaN,NaN,NaN,NaN,NaN,NaN,NaN,NaN,NaN,NaN,
0.271,-0.01986,-0.00506,0.12976,-0.44113,-0.30074,-0.06249,0.84324,NaN,NaN,NaN,NaN,NaN,NaN,NaN,NaN,NaN,NaN,NaN,NaN,NaN,NaN,NaN,NaN,NaN,NaN,NaN,NaN,NaN,
0.296,-0.01986,-0.00506,0.12976,-0.44111,-0.30074,-0.06250,0.84325,NaN,NaN,NaN,NaN,NaN,NaN,NaN,NaN,NaN,NaN,NaN,NaN,NaN,NaN,NaN,NaN,NaN,NaN,NaN,NaN,NaN,
0.321,-0.01986,-0.00505,0.12976,-0.44113,-0.30074,-0.06249,0.84324,NaN,NaN,NaN,NaN,NaN,NaN,NaN,NaN,NaN,NaN,NaN,NaN,NaN,NaN,NaN,NaN,NaN,NaN,NaN,NaN,NaN,
0.346,-0.01986,-0.00506,0.12975,-0.44109,-0.30076,-0.06252,0.84325,NaN,NaN,NaN,NaN,NaN,NaN,NaN,NaN,NaN,NaN,NaN,NaN,NaN,NaN,NaN,NaN,NaN,NaN,NaN,NaN,NaN,
0.371,-0.01986,-0.00506,0.12976,-0.44110,-0.30075,-0.06252,0.84325,NaN,NaN,NaN,NaN,NaN,NaN,NaN,NaN,NaN,NaN,NaN,NaN,NaN,NaN,NaN,NaN,NaN,NaN,NaN,NaN,NaN,
0.396,-0.01986,-0.00507,0.12975,-0.44108,-0.30076,-0.06253,0.84326,NaN,NaN,NaN,NaN,NaN,NaN,NaN,NaN,NaN,NaN,NaN,NaN,NaN,NaN,NaN,NaN,NaN,NaN,NaN,NaN,NaN,
0.421,-0.01986,-0.00507,0.12977,-0.44111,-0.30072,-0.06254,0.84326,NaN,NaN,NaN,NaN,NaN,NaN,NaN,NaN,NaN,NaN,NaN,NaN,NaN,NaN,NaN,NaN,NaN,NaN,NaN,NaN,NaN,
0.446,-0.01986,-0.00507,0.12976,-0.44107,-0.30075,-0.06256,0.84326,NaN,NaN,NaN,NaN,NaN,NaN,NaN,NaN,NaN,NaN,NaN,NaN,NaN,NaN,NaN,NaN,NaN,NaN,NaN,NaN,NaN,
0.471,-0.01986,-0.00507,0.12977,-0.44109,-0.30071,-0.06258,0.84327,NaN,NaN,NaN,NaN,NaN,NaN,NaN,NaN,NaN,NaN,NaN,NaN,NaN,NaN,NaN,NaN,NaN,NaN,NaN,NaN,NaN,
0.496,-0.01986,-0.00507,0.12976,-0.44107,-0.30074,-0.06257,0.84327,NaN,NaN,NaN,NaN,NaN,NaN,NaN,NaN,NaN,NaN,NaN,NaN,NaN,NaN,NaN,NaN,NaN,NaN,NaN,NaN,NaN,
0.521,-0.01986,-0.00507,0.12977,-0.44109,-0.30072,-0.06256,0.84326,NaN,NaN,NaN,NaN,NaN,NaN,NaN,NaN,NaN,NaN,NaN,NaN,NaN,NaN,NaN,NaN,NaN,NaN,NaN,NaN,NaN,
0.546,-0.01985,-0.00507,0.12977,-0.44110,-0.30072,-0.06256,0.84326,NaN,NaN,NaN,NaN,NaN,NaN,NaN,NaN,NaN,NaN,NaN,NaN,NaN,NaN,NaN,NaN,NaN,NaN,NaN,NaN,NaN,
0.571,-0.01985,-0.00507,0.12977,-0.44108,-0.30071,-0.06259,0.84327,NaN,NaN,NaN,NaN,NaN,NaN,NaN,NaN,NaN,NaN,NaN,NaN,NaN,NaN,NaN,NaN,NaN,NaN,NaN,NaN,NaN,
0.596,-0.01985,-0.00507,0.12977,-0.44108,-0.30072,-0.06258,0.84327,NaN,NaN,NaN,NaN,NaN,NaN,NaN,NaN,NaN,NaN,NaN,NaN,NaN,NaN,NaN,NaN,NaN,NaN,NaN,NaN,NaN,
0.621,-0.01985,-0.00507,0.12977,-0.44108,-0.30070,-0.06260,0.84327,NaN,NaN,NaN,NaN,NaN,NaN,NaN,NaN,NaN,NaN,NaN,NaN,NaN,NaN,NaN,NaN,NaN,NaN,NaN,NaN,NaN,
0.646,-0.01985,-0.00507,0.12978,-0.44107,-0.30071,-0.06261,0.84327,NaN,NaN,NaN,NaN,NaN,NaN,NaN,NaN,NaN,NaN,NaN,NaN,NaN,NaN,NaN,NaN,NaN,NaN,NaN,NaN,NaN,
0.671,-0.01985,-0.00507,0.12977,-0.44107,-0.30072,-0.06260,0.84327,NaN,NaN,NaN,NaN,NaN,NaN,NaN,NaN,NaN,NaN,NaN,NaN,NaN,NaN,NaN,NaN,NaN,NaN,NaN,NaN,NaN,
0.696,-0.01985,-0.00507,0.12978,-0.44108,-0.30071,-0.06260,0.84327,NaN,NaN,NaN,NaN,NaN,NaN,NaN,NaN,NaN,NaN,NaN,NaN,NaN,NaN,NaN,NaN,NaN,NaN,NaN,NaN,NaN,
0.721,-0.01985,-0.00507,0.12978,-0.44108,-0.30072,-0.06258,0.84327,NaN,NaN,NaN,NaN,NaN,NaN,NaN,NaN,NaN,NaN,NaN,NaN,NaN,NaN,NaN,NaN,NaN,NaN,NaN,NaN,NaN,
0.746,-0.01985,-0.00507,0.12978,-0.44106,-0.30071,-0.06262,0.84328,NaN,NaN,NaN,NaN,NaN,NaN,NaN,NaN,NaN,NaN,NaN,NaN,NaN,NaN,NaN,NaN,NaN,NaN,NaN,NaN,NaN,
0.771,-0.01985,-0.00507,0.12978,-0.44108,-0.30072,-0.06258,0.84327,NaN,NaN,NaN,NaN,NaN,NaN,NaN,NaN,NaN,NaN,NaN,NaN,NaN,NaN,NaN,NaN,NaN,NaN,NaN,NaN,NaN,
0.796,-0.01985,-0.00507,0.12978,-0.44107,-0.30072,-0.06260,0.84327,NaN,NaN,NaN,NaN,NaN,NaN,NaN,NaN,NaN,NaN,NaN,NaN,NaN,NaN,NaN,NaN,NaN,NaN,NaN,NaN,NaN,
0.821,-0.01985,-0.00507,0.12977,-0.44109,-0.30074,-0.06254,0.84326,NaN,NaN,NaN,NaN,NaN,NaN,NaN,NaN,NaN,NaN,NaN,NaN,NaN,NaN,NaN,NaN,NaN,NaN,NaN,NaN,NaN,
0.846,-0.01985,-0.00507,0.12977,-0.44111,-0.30071,-0.06255,0.84326,NaN,NaN,NaN,NaN,NaN,NaN,NaN,NaN,NaN,NaN,NaN,NaN,NaN,NaN,NaN,NaN,NaN,NaN,NaN,NaN,NaN,
0.871,-0.01984,-0.00507,0.12976,-0.44110,-0.30075,-0.06251,0.84325,NaN,NaN,NaN,NaN,NaN,NaN,NaN,NaN,NaN,NaN,NaN,NaN,NaN,NaN,NaN,NaN,NaN,NaN,NaN,NaN,NaN,
0.896,-0.01984,-0.00507,0.12977,-0.44114,-0.30071,-0.06251,0.84325,NaN,NaN,NaN,NaN,NaN,NaN,NaN,NaN,NaN,NaN,NaN,NaN,NaN,NaN,NaN,NaN,NaN,NaN,NaN,NaN,NaN,
0.921,-0.01984,-0.00506,0.12976,-0.44113,-0.30075,-0.06247,0.84324,NaN,NaN,NaN,NaN,NaN,NaN,NaN,NaN,NaN,NaN,NaN,NaN,NaN,NaN,NaN,NaN,NaN,NaN,NaN,NaN,NaN,
0.946,-0.01984,-0.00506,0.12977,-0.44116,-0.30072,-0.06245,0.84323,NaN,NaN,NaN,NaN,NaN,NaN,NaN,NaN,NaN,NaN,NaN,NaN,NaN,NaN,NaN,NaN,NaN,NaN,NaN,NaN,NaN,
0.971,-0.01984,-0.00506,0.12976,-0.44116,-0.30075,-0.06243,0.84323,NaN,NaN,NaN,NaN,NaN,NaN,NaN,NaN,NaN,NaN,NaN,NaN,NaN,NaN,NaN,NaN,NaN,NaN,NaN,NaN,NaN,
0.998,-0.01984,-0.00505,0.12976,-0.44120,-0.30073,-0.06240,0.84322,NaN,NaN,NaN,NaN,NaN,NaN,NaN,NaN,NaN,NaN,NaN,NaN,NaN,NaN,NaN,NaN,NaN,NaN,NaN,NaN,NaN,
1.021,-0.01984,-0.00506,0.12976,-0.44118,-0.30074,-0.06241,0.84322,NaN,NaN,NaN,NaN,NaN,NaN,NaN,NaN,NaN,NaN,NaN,NaN,NaN,NaN,NaN,NaN,NaN,NaN,NaN,NaN,NaN,
1.046,-0.01985,-0.00505,0.12977,-0.44122,-0.30072,-0.06238,0.84321,NaN,NaN,NaN,NaN,NaN,NaN,NaN,NaN,NaN,NaN,NaN,NaN,NaN,NaN,NaN,NaN,NaN,NaN,NaN,NaN,NaN,
1.071,-0.01985,-0.00505,0.12976,-0.44120,-0.30073,-0.06240,0.84322,NaN,NaN,NaN,NaN,NaN,NaN,NaN,NaN,NaN,NaN,NaN,NaN,NaN,NaN,NaN,NaN,NaN,NaN,NaN,NaN,NaN,
1.096,-0.01985,-0.00505,0.12977,-0.44120,-0.30073,-0.06239,0.84321,NaN,NaN,NaN,NaN,NaN,NaN,NaN,NaN,NaN,NaN,NaN,NaN,NaN,NaN,NaN,NaN,NaN,NaN,NaN,NaN,NaN,
1.121,-0.01985,-0.00505,0.12976,-0.44119,-0.30073,-0.06241,0.84322,NaN,NaN,NaN,NaN,NaN,NaN,NaN,NaN,NaN,NaN,NaN,NaN,NaN,NaN,NaN,NaN,NaN,NaN,NaN,NaN,NaN,
1.146,-0.01985,-0.00505,0.12977,-0.44120,-0.30073,-0.06240,0.84322,NaN,NaN,NaN,NaN,NaN,NaN,NaN,NaN,NaN,NaN,NaN,NaN,NaN,NaN,NaN,NaN,NaN,NaN,NaN,NaN,NaN,
1.171,-0.01985,-0.00505,0.12977,-0.44121,-0.30071,-0.06240,0.84322,NaN,NaN,NaN,NaN,NaN,NaN,NaN,NaN,NaN,NaN,NaN,NaN,NaN,NaN,NaN,NaN,NaN,NaN,NaN,NaN,NaN,
1.196,-0.01985,-0.00505,0.12977,-0.44123,-0.30070,-0.06239,0.84321,NaN,NaN,NaN,NaN,NaN,NaN,NaN,NaN,NaN,NaN,NaN,NaN,NaN,NaN,NaN,NaN,NaN,NaN,NaN,NaN,NaN,
1.221,-0.01985,-0.00505,0.12977,-0.44122,-0.30070,-0.06240,0.84321,NaN,NaN,NaN,NaN,NaN,NaN,NaN,NaN,NaN,NaN,NaN,NaN,NaN,NaN,NaN,NaN,NaN,NaN,NaN,NaN,NaN,
1.246,-0.01986,-0.00505,0.12976,-0.44119,-0.30072,-0.06241,0.84322,NaN,NaN,NaN,NaN,NaN,NaN,NaN,NaN,NaN,NaN,NaN,NaN,NaN,NaN,NaN,NaN,NaN,NaN,NaN,NaN,NaN,
1.271,-0.01986,-0.00504,0.12977,-0.44121,-0.30072,-0.06240,0.84322,NaN,NaN,NaN,NaN,NaN,NaN,NaN,NaN,NaN,NaN,NaN,NaN,NaN,NaN,NaN,NaN,NaN,NaN,NaN,NaN,NaN,
1.296,-0.01986,-0.00505,0.12976,-0.44117,-0.30074,-0.06242,0.84322,NaN,NaN,NaN,NaN,NaN,NaN,NaN,NaN,NaN,NaN,NaN,NaN,NaN,NaN,NaN,NaN,NaN,NaN,NaN,NaN,NaN,
1.321,-0.01986,-0.00505,0.12977,-0.44118,-0.30072,-0.06243,0.84322,NaN,NaN,NaN,NaN,NaN,NaN,NaN,NaN,NaN,NaN,NaN,NaN,NaN,NaN,NaN,NaN,NaN,NaN,NaN,NaN,NaN,
1.346,-0.01986,-0.00505,0.12976,-0.44117,-0.30073,-0.06244,0.84323,NaN,NaN,NaN,NaN,NaN,NaN,NaN,NaN,NaN,NaN,NaN,NaN,NaN,NaN,NaN,NaN,NaN,NaN,NaN,NaN,NaN,
1.371,-0.01986,-0.00505,0.12977,-0.44118,-0.30072,-0.06244,0.84323,NaN,NaN,NaN,NaN,NaN,NaN,NaN,NaN,NaN,NaN,NaN,NaN,NaN,NaN,NaN,NaN,NaN,NaN,NaN,NaN,NaN,
1.396,-0.01986,-0.00505,0.12975,-0.44115,-0.30075,-0.06245,0.84323,NaN,NaN,NaN,NaN,NaN,NaN,NaN,NaN,NaN,NaN,NaN,NaN,NaN,NaN,NaN,NaN,NaN,NaN,NaN,NaN,NaN,
1.421,-0.01986,-0.00505,0.12976,-0.44115,-0.30073,-0.06246,0.84323,NaN,NaN,NaN,NaN,NaN,NaN,NaN,NaN,NaN,NaN,NaN,NaN,NaN,NaN,NaN,NaN,NaN,NaN,NaN,NaN,NaN,
1.446,-0.01986,-0.00505,0.12975,-0.44113,-0.30075,-0.06247,0.84324,NaN,NaN,NaN,NaN,NaN,NaN,NaN,NaN,NaN,NaN,NaN,NaN,NaN,NaN,NaN,NaN,NaN,NaN,NaN,NaN,NaN,
1.471,-0.01986,-0.00505,0.12976,-0.44112,-0.30074,-0.06249,0.84324,NaN,NaN,NaN,NaN,NaN,NaN,NaN,NaN,NaN,NaN,NaN,NaN,NaN,NaN,NaN,NaN,NaN,NaN,NaN,NaN,NaN,
1.496,-0.01986,-0.00506,0.12976,-0.44111,-0.30074,-0.06251,0.84325,NaN,NaN,NaN,NaN,NaN,NaN,NaN,NaN,NaN,NaN,NaN,NaN,NaN,NaN,NaN,NaN,NaN,NaN,NaN,NaN,NaN,
1.521,-0.01986,-0.00506,0.12976,-0.44110,-0.30074,-0.06252,0.84325,NaN,NaN,NaN,NaN,NaN,NaN,NaN,NaN,NaN,NaN,NaN,NaN,NaN,NaN,NaN,NaN,NaN,NaN,NaN,NaN,NaN,
1.546,-0.01986,-0.00506,0.12976,-0.44112,-0.30072,-0.06252,0.84325,NaN,NaN,NaN,NaN,NaN,NaN,NaN,NaN,NaN,NaN,NaN,NaN,NaN,NaN,NaN,NaN,NaN,NaN,NaN,NaN,NaN,
1.571,-0.01986,-0.00506,0.12976,-0.44110,-0.30074,-0.06253,0.84325,NaN,NaN,NaN,NaN,NaN,NaN,NaN,NaN,NaN,NaN,NaN,NaN,NaN,NaN,NaN,NaN,NaN,NaN,NaN,NaN,NaN,
1.596,-0.01985,-0.00506,0.12976,-0.44113,-0.30072,-0.06252,0.84325,NaN,NaN,NaN,NaN,NaN,NaN,NaN,NaN,NaN,NaN,NaN,NaN,NaN,NaN,NaN,NaN,NaN,NaN,NaN,NaN,NaN,
1.621,-0.01985,-0.00506,0.12976,-0.44112,-0.30072,-0.06252,0.84325,NaN,NaN,NaN,NaN,NaN,NaN,NaN,NaN,NaN,NaN,NaN,NaN,NaN,NaN,NaN,NaN,NaN,NaN,NaN,NaN,NaN,
1.646,-0.01985,-0.00506,0.12977,-0.44115,-0.30069,-0.06252,0.84325,NaN,NaN,NaN,NaN,NaN,NaN,NaN,NaN,NaN,NaN,NaN,NaN,NaN,NaN,NaN,NaN,NaN,NaN,NaN,NaN,NaN,
1.671,-0.01985,-0.00507,0.12976,-0.44110,-0.30071,-0.06256,0.84326,NaN,NaN,NaN,NaN,NaN,NaN,NaN,NaN,NaN,NaN,NaN,NaN,NaN,NaN,NaN,NaN,NaN,NaN,NaN,NaN,NaN,
1.696,-0.01985,-0.00506,0.12977,-0.44112,-0.30070,-0.06255,0.84326,NaN,NaN,NaN,NaN,NaN,NaN,NaN,NaN,NaN,NaN,NaN,NaN,NaN,NaN,NaN,NaN,NaN,NaN,NaN,NaN,NaN,
1.721,-0.01985,-0.00507,0.12977,-0.44110,-0.30070,-0.06257,0.84326,NaN,NaN,NaN,NaN,NaN,NaN,NaN,NaN,NaN,NaN,NaN,NaN,NaN,NaN,NaN,NaN,NaN,NaN,NaN,NaN,NaN,
1.746,-0.01985,-0.00506,0.12977,-0.44114,-0.30070,-0.06252,0.84325,NaN,NaN,NaN,NaN,NaN,NaN,NaN,NaN,NaN,NaN,NaN,NaN,NaN,NaN,NaN,NaN,NaN,NaN,NaN,NaN,NaN,
1.771,-0.01985,-0.00507,0.12978,-0.44112,-0.30068,-0.06258,0.84326,NaN,NaN,NaN,NaN,NaN,NaN,NaN,NaN,NaN,NaN,NaN,NaN,NaN,NaN,NaN,NaN,NaN,NaN,NaN,NaN,NaN,
1.796,-0.01985,-0.00506,0.12977,-0.44112,-0.30070,-0.06255,0.84325,NaN,NaN,NaN,NaN,NaN,NaN,NaN,NaN,NaN,NaN,NaN,NaN,NaN,NaN,NaN,NaN,NaN,NaN,NaN,NaN,NaN,
1.821,-0.01985,-0.00507,0.12978,-0.44113,-0.30067,-0.06258,0.84326,NaN,NaN,NaN,NaN,NaN,NaN,NaN,NaN,NaN,NaN,NaN,NaN,NaN,NaN,NaN,NaN,NaN,NaN,NaN,NaN,NaN,
1.846,-0.01984,-0.00507,0.12977,-0.44111,-0.30070,-0.06256,0.84326,NaN,NaN,NaN,NaN,NaN,NaN,NaN,NaN,NaN,NaN,NaN,NaN,NaN,NaN,NaN,NaN,NaN,NaN,NaN,NaN,NaN,
1.871,-0.01984,-0.00507,0.12977,-0.44112,-0.30068,-0.06257,0.84326,NaN,NaN,NaN,NaN,NaN,NaN,NaN,NaN,NaN,NaN,NaN,NaN,NaN,NaN,NaN,NaN,NaN,NaN,NaN,NaN,NaN,
1.896,-0.01984,-0.00507,0.12977,-0.44110,-0.30071,-0.06256,0.84326,NaN,NaN,NaN,NaN,NaN,NaN,NaN,NaN,NaN,NaN,NaN,NaN,NaN,NaN,NaN,NaN,NaN,NaN,NaN,NaN,NaN,
1.921,-0.01984,-0.00507,0.12977,-0.44114,-0.30068,-0.06254,0.84325,NaN,NaN,NaN,NaN,NaN,NaN,NaN,NaN,NaN,NaN,NaN,NaN,NaN,NaN,NaN,NaN,NaN,NaN,NaN,NaN,NaN,
1.946,-0.01984,-0.00508,0.12977,-0.44112,-0.30070,-0.06255,0.84326,NaN,NaN,NaN,NaN,NaN,NaN,NaN,NaN,NaN,NaN,NaN,NaN,NaN,NaN,NaN,NaN,NaN,NaN,NaN,NaN,NaN,
1.971,-0.01984,-0.00507,0.12977,-0.44117,-0.30068,-0.06250,0.84324,NaN,NaN,NaN,NaN,NaN,NaN,NaN,NaN,NaN,NaN,NaN,NaN,NaN,NaN,NaN,NaN,NaN,NaN,NaN,NaN,NaN,
1.996,-0.01984,-0.00508,0.12976,-0.44115,-0.30069,-0.06252,0.84325,NaN,NaN,NaN,NaN,NaN,NaN,NaN,NaN,NaN,NaN,NaN,NaN,NaN,NaN,NaN,NaN,NaN,NaN,NaN,NaN,NaN,
2.021,-0.01984,-0.00507,0.12977,-0.44119,-0.30068,-0.06247,0.84323,NaN,NaN,NaN,NaN,NaN,NaN,NaN,NaN,NaN,NaN,NaN,NaN,NaN,NaN,NaN,NaN,NaN,NaN,NaN,NaN,NaN,
2.046,-0.01984,-0.00507,0.12977,-0.44116,-0.30068,-0.06251,0.84324,NaN,NaN,NaN,NaN,NaN,NaN,NaN,NaN,NaN,NaN,NaN,NaN,NaN,NaN,NaN,NaN,NaN,NaN,NaN,NaN,NaN,
2.071,-0.01984,-0.00507,0.12977,-0.44118,-0.30069,-0.06247,0.84323,NaN,NaN,NaN,NaN,NaN,NaN,NaN,NaN,NaN,NaN,NaN,NaN,NaN,NaN,NaN,NaN,NaN,NaN,NaN,NaN,NaN,
2.096,-0.01984,-0.00507,0.12977,-0.44118,-0.30067,-0.06250,0.84324,NaN,NaN,NaN,NaN,NaN,NaN,NaN,NaN,NaN,NaN,NaN,NaN,NaN,NaN,NaN,NaN,NaN,NaN,NaN,NaN,NaN,
2.121,-0.01984,-0.00507,0.12977,-0.44118,-0.30069,-0.06247,0.84323,NaN,NaN,NaN,NaN,NaN,NaN,NaN,NaN,NaN,NaN,NaN,NaN,NaN,NaN,NaN,NaN,NaN,NaN,NaN,NaN,NaN,
2.146,-0.01984,-0.00507,0.12977,-0.44116,-0.30068,-0.06251,0.84324,NaN,NaN,NaN,NaN,NaN,NaN,NaN,NaN,NaN,NaN,NaN,NaN,NaN,NaN,NaN,NaN,NaN,NaN,NaN,NaN,NaN,
2.171,-0.01985,-0.00506,0.12977,-0.44116,-0.30070,-0.06248,0.84324,NaN,NaN,NaN,NaN,NaN,NaN,NaN,NaN,NaN,NaN,NaN,NaN,NaN,NaN,NaN,NaN,NaN,NaN,NaN,NaN,NaN,
2.196,-0.01985,-0.00506,0.12977,-0.44116,-0.30070,-0.06249,0.84324,NaN,NaN,NaN,NaN,NaN,NaN,NaN,NaN,NaN,NaN,NaN,NaN,NaN,NaN,NaN,NaN,NaN,NaN,NaN,NaN,NaN,
2.221,-0.01984,-0.00507,0.12977,-0.44116,-0.30070,-0.06248,0.84324,NaN,NaN,NaN,NaN,NaN,NaN,NaN,NaN,NaN,NaN,NaN,NaN,NaN,NaN,NaN,NaN,NaN,NaN,NaN,NaN,NaN,
2.246,-0.01985,-0.00506,0.12976,-0.44115,-0.30072,-0.06248,0.84324,NaN,NaN,NaN,NaN,NaN,NaN,NaN,NaN,NaN,NaN,NaN,NaN,NaN,NaN,NaN,NaN,NaN,NaN,NaN,NaN,NaN,
2.271,-0.01985,-0.00506,0.12976,-0.44114,-0.30073,-0.06248,0.84324,NaN,NaN,NaN,NaN,NaN,NaN,NaN,NaN,NaN,NaN,NaN,NaN,NaN,NaN,NaN,NaN,NaN,NaN,NaN,NaN,NaN,
2.296,-0.01985,-0.00506,0.12976,-0.44115,-0.30074,-0.06246,0.84323,NaN,NaN,NaN,NaN,NaN,NaN,NaN,NaN,NaN,NaN,NaN,NaN,NaN,NaN,NaN,NaN,NaN,NaN,NaN,NaN,NaN,
2.321,-0.01985,-0.00507,0.12976,-0.44115,-0.30073,-0.06248,0.84324,NaN,NaN,NaN,NaN,NaN,NaN,NaN,NaN,NaN,NaN,NaN,NaN,NaN,NaN,NaN,NaN,NaN,NaN,NaN,NaN,NaN,
2.346,-0.01985,-0.00506,0.12976,-0.44117,-0.30073,-0.06244,0.84323,NaN,NaN,NaN,NaN,NaN,NaN,NaN,NaN,NaN,NaN,NaN,NaN,NaN,NaN,NaN,NaN,NaN,NaN,NaN,NaN,NaN,
2.371,-0.01985,-0.00506,0.12977,-0.44116,-0.30071,-0.06247,0.84323,NaN,NaN,NaN,NaN,NaN,NaN,NaN,NaN,NaN,NaN,NaN,NaN,NaN,NaN,NaN,NaN,NaN,NaN,NaN,NaN,NaN,
2.397,-0.01985,-0.00505,0.12976,-0.44119,-0.30073,-0.06241,0.84322,NaN,NaN,NaN,NaN,NaN,NaN,NaN,NaN,NaN,NaN,NaN,NaN,NaN,NaN,NaN,NaN,NaN,NaN,NaN,NaN,NaN,
2.421,-0.01985,-0.00506,0.12976,-0.44118,-0.30072,-0.06244,0.84323,NaN,NaN,NaN,NaN,NaN,NaN,NaN,NaN,NaN,NaN,NaN,NaN,NaN,NaN,NaN,NaN,NaN,NaN,NaN,NaN,NaN,
2.446,-0.01986,-0.00505,0.12976,-0.44119,-0.30072,-0.06242,0.84322,NaN,NaN,NaN,NaN,NaN,NaN,NaN,NaN,NaN,NaN,NaN,NaN,NaN,NaN,NaN,NaN,NaN,NaN,NaN,NaN,NaN,
2.471,-0.01986,-0.00506,0.12976,-0.44115,-0.30073,-0.06246,0.84323,NaN,NaN,NaN,NaN,NaN,NaN,NaN,NaN,NaN,NaN,NaN,NaN,NaN,NaN,NaN,NaN,NaN,NaN,NaN,NaN,NaN,
2.496,-0.01986,-0.00505,0.12976,-0.44118,-0.30071,-0.06244,0.84323,NaN,NaN,NaN,NaN,NaN,NaN,NaN,NaN,NaN,NaN,NaN,NaN,NaN,NaN,NaN,NaN,NaN,NaN,NaN,NaN,NaN,
2.521,-0.01986,-0.00506,0.12976,-0.44116,-0.30071,-0.06248,0.84324,NaN,NaN,NaN,NaN,NaN,NaN,NaN,NaN,NaN,NaN,NaN,NaN,NaN,NaN,NaN,NaN,NaN,NaN,NaN,NaN,NaN,
2.546,-0.01986,-0.00505,0.12977,-0.44118,-0.30070,-0.06246,0.84323,NaN,NaN,NaN,NaN,NaN,NaN,NaN,NaN,NaN,NaN,NaN,NaN,NaN,NaN,NaN,NaN,NaN,NaN,NaN,NaN,NaN,
2.571,-0.01986,-0.00505,0.12977,-0.44116,-0.30071,-0.06248,0.84324,NaN,NaN,NaN,NaN,NaN,NaN,NaN,NaN,NaN,NaN,NaN,NaN,NaN,NaN,NaN,NaN,NaN,NaN,NaN,NaN,NaN,
2.596,-0.01987,-0.00505,0.12977,-0.44116,-0.30070,-0.06249,0.84324,NaN,NaN,NaN,NaN,NaN,NaN,NaN,NaN,NaN,NaN,NaN,NaN,NaN,NaN,NaN,NaN,NaN,NaN,NaN,NaN,NaN,
2.621,-0.01986,-0.00505,0.12976,-0.44114,-0.30072,-0.06249,0.84324,NaN,NaN,NaN,NaN,NaN,NaN,NaN,NaN,NaN,NaN,NaN,NaN,NaN,NaN,NaN,NaN,NaN,NaN,NaN,NaN,NaN,
2.646,-0.01986,-0.00505,0.12977,-0.44115,-0.30071,-0.06250,0.84324,NaN,NaN,NaN,NaN,NaN,NaN,NaN,NaN,NaN,NaN,NaN,NaN,NaN,NaN,NaN,NaN,NaN,NaN,NaN,NaN,NaN,
2.671,-0.01986,-0.00506,0.12977,-0.44112,-0.30072,-0.06253,0.84325,NaN,NaN,NaN,NaN,NaN,NaN,NaN,NaN,NaN,NaN,NaN,NaN,NaN,NaN,NaN,NaN,NaN,NaN,NaN,NaN,NaN,
2.696,-0.01986,-0.00506,0.12977,-0.44112,-0.30072,-0.06252,0.84325,NaN,NaN,NaN,NaN,NaN,NaN,NaN,NaN,NaN,NaN,NaN,NaN,NaN,NaN,NaN,NaN,NaN,NaN,NaN,NaN,NaN,
2.721,-0.01986,-0.00506,0.12977,-0.44112,-0.30070,-0.06255,0.84326,NaN,NaN,NaN,NaN,NaN,NaN,NaN,NaN,NaN,NaN,NaN,NaN,NaN,NaN,NaN,NaN,NaN,NaN,NaN,NaN,NaN,
2.746,-0.01985,-0.00507,0.12977,-0.44110,-0.30072,-0.06256,0.84326,NaN,NaN,NaN,NaN,NaN,NaN,NaN,NaN,NaN,NaN,NaN,NaN,NaN,NaN,NaN,NaN,NaN,NaN,NaN,NaN,NaN,
2.771,-0.01985,-0.00506,0.12977,-0.44111,-0.30071,-0.06254,0.84326,NaN,NaN,NaN,NaN,NaN,NaN,NaN,NaN,NaN,NaN,NaN,NaN,NaN,NaN,NaN,NaN,NaN,NaN,NaN,NaN,NaN,
2.796,-0.01985,-0.00508,0.12976,-0.44109,-0.30072,-0.06257,0.84326,NaN,NaN,NaN,NaN,NaN,NaN,NaN,NaN,NaN,NaN,NaN,NaN,NaN,NaN,NaN,NaN,NaN,NaN,NaN,NaN,NaN,
2.821,-0.01985,-0.00507,0.12977,-0.44111,-0.30071,-0.06255,0.84326,NaN,NaN,NaN,NaN,NaN,NaN,NaN,NaN,NaN,NaN,NaN,NaN,NaN,NaN,NaN,NaN,NaN,NaN,NaN,NaN,NaN,
2.846,-0.01985,-0.00508,0.12976,-0.44108,-0.30072,-0.06258,0.84327,NaN,NaN,NaN,NaN,NaN,NaN,NaN,NaN,NaN,NaN,NaN,NaN,NaN,NaN,NaN,NaN,NaN,NaN,NaN,NaN,NaN,
2.871,-0.01985,-0.00507,0.12977,-0.44110,-0.30071,-0.06255,0.84326,NaN,NaN,NaN,NaN,NaN,NaN,NaN,NaN,NaN,NaN,NaN,NaN,NaN,NaN,NaN,NaN,NaN,NaN,NaN,NaN,NaN,
2.896,-0.01985,-0.00508,0.12976,-0.44107,-0.30072,-0.06260,0.84327,NaN,NaN,NaN,NaN,NaN,NaN,NaN,NaN,NaN,NaN,NaN,NaN,NaN,NaN,NaN,NaN,NaN,NaN,NaN,NaN,NaN,
2.921,-0.01985,-0.00507,0.12976,-0.44109,-0.30073,-0.06256,0.84326,NaN,NaN,NaN,NaN,NaN,NaN,NaN,NaN,NaN,NaN,NaN,NaN,NaN,NaN,NaN,NaN,NaN,NaN,NaN,NaN,NaN,
2.946,-0.01985,-0.00508,0.12976,-0.44108,-0.30072,-0.06259,0.84327,NaN,NaN,NaN,NaN,NaN,NaN,NaN,NaN,NaN,NaN,NaN,NaN,NaN,NaN,NaN,NaN,NaN,NaN,NaN,NaN,NaN,
2.971,-0.01985,-0.00507,0.12976,-0.44109,-0.30074,-0.06254,0.84326,NaN,NaN,NaN,NaN,NaN,NaN,NaN,NaN,NaN,NaN,NaN,NaN,NaN,NaN,NaN,NaN,NaN,NaN,NaN,NaN,NaN,
2.996,-0.01985,-0.00507,0.12976,-0.44108,-0.30073,-0.06256,0.84326,NaN,NaN,NaN,NaN,NaN,NaN,NaN,NaN,NaN,NaN,NaN,NaN,NaN,NaN,NaN,NaN,NaN,NaN,NaN,NaN,NaN,
3.021,-0.01985,-0.00507,0.12976,-0.44110,-0.30073,-0.06254,0.84326,NaN,NaN,NaN,NaN,NaN,NaN,NaN,NaN,NaN,NaN,NaN,NaN,NaN,NaN,NaN,NaN,NaN,NaN,NaN,NaN,NaN,
3.046,-0.01985,-0.00507,0.12976,-0.44110,-0.30072,-0.06255,0.84326,NaN,NaN,NaN,NaN,NaN,NaN,NaN,NaN,NaN,NaN,NaN,NaN,NaN,NaN,NaN,NaN,NaN,NaN,NaN,NaN,NaN,
3.071,-0.01985,-0.00507,0.12976,-0.44111,-0.30072,-0.06254,0.84326,NaN,NaN,NaN,NaN,NaN,NaN,NaN,NaN,NaN,NaN,NaN,NaN,NaN,NaN,NaN,NaN,NaN,NaN,NaN,NaN,NaN,
3.096,-0.01984,-0.00507,0.12976,-0.44110,-0.30073,-0.06254,0.84326,NaN,NaN,NaN,NaN,NaN,NaN,NaN,NaN,NaN,NaN,NaN,NaN,NaN,NaN,NaN,NaN,NaN,NaN,NaN,NaN,NaN,
3.121,-0.01984,-0.00507,0.12976,-0.44111,-0.30072,-0.06254,0.84326,NaN,NaN,NaN,NaN,NaN,NaN,NaN,NaN,NaN,NaN,NaN,NaN,NaN,NaN,NaN,NaN,NaN,NaN,NaN,NaN,NaN,
3.146,-0.01984,-0.00507,0.12976,-0.44114,-0.30072,-0.06249,0.84324,NaN,NaN,NaN,NaN,NaN,NaN,NaN,NaN,NaN,NaN,NaN,NaN,NaN,NaN,NaN,NaN,NaN,NaN,NaN,NaN,NaN,
3.171,-0.01984,-0.00507,0.12977,-0.44115,-0.30070,-0.06251,0.84324,NaN,NaN,NaN,NaN,NaN,NaN,NaN,NaN,NaN,NaN,NaN,NaN,NaN,NaN,NaN,NaN,NaN,NaN,NaN,NaN,NaN,
3.196,-0.01984,-0.00507,0.12977,-0.44115,-0.30070,-0.06250,0.84324,NaN,NaN,NaN,NaN,NaN,NaN,NaN,NaN,NaN,NaN,NaN,NaN,NaN,NaN,NaN,NaN,NaN,NaN,NaN,NaN,NaN,
3.221,-0.01984,-0.00508,0.12977,-0.44116,-0.30068,-0.06251,0.84324,NaN,NaN,NaN,NaN,NaN,NaN,NaN,NaN,NaN,NaN,NaN,NaN,NaN,NaN,NaN,NaN,NaN,NaN,NaN,NaN,NaN,
3.246,-0.01983,-0.00508,0.12977,-0.44118,-0.30067,-0.06250,0.84324,NaN,NaN,NaN,NaN,NaN,NaN,NaN,NaN,NaN,NaN,NaN,NaN,NaN,NaN,NaN,NaN,NaN,NaN,NaN,NaN,NaN,
3.271,-0.01984,-0.00508,0.12977,-0.44116,-0.30067,-0.06252,0.84325,NaN,NaN,NaN,NaN,NaN,NaN,NaN,NaN,NaN,NaN,NaN,NaN,NaN,NaN,NaN,NaN,NaN,NaN,NaN,NaN,NaN,
3.296,-0.01982,-0.00505,0.12982,-0.44167,-0.30078,-0.06163,0.84301,NaN,NaN,NaN,NaN,NaN,NaN,NaN,NaN,NaN,NaN,NaN,NaN,NaN,NaN,NaN,NaN,NaN,NaN,NaN,NaN,NaN,
3.321,-0.01999,-0.00467,0.12974,-0.44441,-0.30228,-0.05570,0.84144,NaN,NaN,NaN,NaN,NaN,NaN,NaN,NaN,NaN,NaN,NaN,NaN,NaN,NaN,NaN,NaN,NaN,NaN,NaN,NaN,NaN,
3.346,-0.02021,-0.00414,0.12975,-0.44879,-0.30449,-0.04636,0.83888,NaN,NaN,NaN,NaN,NaN,NaN,NaN,NaN,NaN,NaN,NaN,NaN,NaN,NaN,NaN,NaN,NaN,NaN,NaN,NaN,NaN,
3.371,-0.02031,-0.00368,0.12968,-0.45359,-0.30578,-0.03742,0.83628,NaN,NaN,NaN,NaN,NaN,NaN,NaN,NaN,NaN,NaN,NaN,NaN,NaN,NaN,NaN,NaN,NaN,NaN,NaN,NaN,NaN,
3.396,-0.02037,-0.00317,0.12973,-0.46018,-0.30638,-0.02645,0.83287,NaN,NaN,NaN,NaN,NaN,NaN,NaN,NaN,NaN,NaN,NaN,NaN,NaN,NaN,NaN,NaN,NaN,NaN,NaN,NaN,NaN,
3.421,-0.02036,-0.00262,0.12938,-0.46542,-0.30907,-0.01466,0.82924,NaN,NaN,NaN,NaN,NaN,NaN,NaN,NaN,NaN,NaN,NaN,NaN,NaN,NaN,NaN,NaN,NaN,NaN,NaN,NaN,NaN,
3.446,-0.01957,-0.00222,0.12977,-0.47210,-0.29987,-0.01610,0.82882,NaN,NaN,NaN,NaN,NaN,NaN,NaN,NaN,NaN,NaN,NaN,NaN,NaN,NaN,NaN,NaN,NaN,NaN,NaN,NaN,NaN,
3.471,-0.01920,-0.00200,0.13047,-0.47501,-0.28941,-0.02502,0.83065,NaN,NaN,NaN,NaN,NaN,NaN,NaN,NaN,NaN,NaN,NaN,NaN,NaN,NaN,NaN,NaN,NaN,NaN,NaN,NaN,NaN,
3.496,-0.01930,-0.00135,0.13027,-0.47691,-0.28761,-0.02431,0.83021,NaN,NaN,NaN,NaN,NaN,NaN,NaN,NaN,NaN,NaN,NaN,NaN,NaN,NaN,NaN,NaN,NaN,NaN,NaN,NaN,NaN,
3.521,-0.01888,-0.00120,0.13052,-0.48222,-0.28238,-0.02256,0.82899,NaN,NaN,NaN,NaN,NaN,NaN,NaN,NaN,NaN,NaN,NaN,NaN,NaN,NaN,NaN,NaN,NaN,NaN,NaN,NaN,NaN,
3.546,-0.01897,-0.00062,0.13034,-0.48603,-0.28341,-0.01512,0.82658,NaN,NaN,NaN,NaN,NaN,NaN,NaN,NaN,NaN,NaN,NaN,NaN,NaN,NaN,NaN,NaN,NaN,NaN,NaN,NaN,NaN,
3.571,-0.01873,-0.00013,0.13024,-0.49291,-0.28135,-0.00658,0.82331,NaN,NaN,NaN,NaN,NaN,NaN,NaN,NaN,NaN,NaN,NaN,NaN,NaN,NaN,NaN,NaN,NaN,NaN,NaN,NaN,NaN,
3.596,-0.01882,0.00035,0.13030,-0.49796,-0.27976,-0.00031,0.82084,NaN,NaN,NaN,NaN,NaN,NaN,NaN,NaN,NaN,NaN,NaN,NaN,NaN,NaN,NaN,NaN,NaN,NaN,NaN,NaN,NaN,
3.621,-0.01854,0.00088,0.13034,0.50557,0.27674,-0.00848,-0.81715,NaN,NaN,NaN,NaN,NaN,NaN,NaN,NaN,NaN,NaN,NaN,NaN,NaN,NaN,NaN,NaN,NaN,NaN,NaN,NaN,NaN,
3.646,-0.01862,0.00146,0.13028,0.51096,0.27572,-0.01630,-0.81403,NaN,NaN,NaN,NaN,NaN,NaN,NaN,NaN,NaN,NaN,NaN,NaN,NaN,NaN,NaN,NaN,NaN,NaN,NaN,NaN,NaN,
3.671,-0.01869,0.00173,0.13028,0.51410,0.27549,-0.02142,-0.81200,NaN,NaN,NaN,NaN,NaN,NaN,NaN,NaN,NaN,NaN,NaN,NaN,NaN,NaN,NaN,NaN,NaN,NaN,NaN,NaN,NaN,
3.696,-0.01850,0.00212,0.13021,0.51908,0.27371,-0.02772,-0.80924,NaN,NaN,NaN,NaN,NaN,NaN,NaN,NaN,NaN,NaN,NaN,NaN,NaN,NaN,NaN,NaN,NaN,NaN,NaN,NaN,NaN,
3.721,-0.01855,0.00247,0.13017,0.52239,0.27304,-0.03264,-0.80715,NaN,NaN,NaN,NaN,NaN,NaN,NaN,NaN,NaN,NaN,NaN,NaN,NaN,NaN,NaN,NaN,NaN,NaN,NaN,NaN,NaN,
3.746,-0.01832,0.00268,0.13012,0.52667,0.27060,-0.03694,-0.80500,NaN,NaN,NaN,NaN,NaN,NaN,NaN,NaN,NaN,NaN,NaN,NaN,NaN,NaN,NaN,NaN,NaN,NaN,NaN,NaN,NaN,
3.771,-0.01826,0.00286,0.13015,0.52949,0.26945,-0.04042,-0.80337,NaN,NaN,NaN,NaN,NaN,NaN,NaN,NaN,NaN,NaN,NaN,NaN,NaN,NaN,NaN,NaN,NaN,NaN,NaN,NaN,NaN,
3.796,-0.01831,0.00303,0.12997,0.53144,0.26939,-0.04387,-0.80192,NaN,NaN,NaN,NaN,NaN,NaN,NaN,NaN,NaN,NaN,NaN,NaN,NaN,NaN,NaN,NaN,NaN,NaN,NaN,NaN,NaN,
3.821,-0.01839,0.00315,0.12988,0.53268,0.27000,-0.04697,-0.80072,NaN,NaN,NaN,NaN,NaN,NaN,NaN,NaN,NaN,NaN,NaN,NaN,NaN,NaN,NaN,NaN,NaN,NaN,NaN,NaN,NaN,
3.846,-0.01837,0.00323,0.12985,0.53406,0.26954,-0.04885,-0.79984,NaN,NaN,NaN,NaN,NaN,NaN,NaN,NaN,NaN,NaN,NaN,NaN,NaN,NaN,NaN,NaN,NaN,NaN,NaN,NaN,NaN,
3.871,-0.01837,0.00324,0.12978,0.53425,0.26972,-0.04946,-0.79961,NaN,NaN,NaN,NaN,NaN,NaN,NaN,NaN,NaN,NaN,NaN,NaN,NaN,NaN,NaN,NaN,NaN,NaN,NaN,NaN,NaN,
3.896,-0.01842,0.00327,0.12989,0.53429,0.26963,-0.04940,-0.79962,NaN,NaN,NaN,NaN,NaN,NaN,NaN,NaN,NaN,NaN,NaN,NaN,NaN,NaN,NaN,NaN,NaN,NaN,NaN,NaN,NaN,
3.921,-0.01837,0.00321,0.12987,0.53432,0.26959,-0.04940,-0.79962,NaN,NaN,NaN,NaN,NaN,NaN,NaN,NaN,NaN,NaN,NaN,NaN,NaN,NaN,NaN,NaN,NaN,NaN,NaN,NaN,NaN,
3.946,-0.01840,0.00326,0.12987,0.53412,0.26980,-0.04933,-0.79968,NaN,NaN,NaN,NaN,NaN,NaN,NaN,NaN,NaN,NaN,NaN,NaN,NaN,NaN,NaN,NaN,NaN,NaN,NaN,NaN,NaN,
3.971,-0.01839,0.00323,0.12985,0.53397,0.26983,-0.04909,-0.79979,NaN,NaN,NaN,NaN,NaN,NaN,NaN,NaN,NaN,NaN,NaN,NaN,NaN,NaN,NaN,NaN,NaN,NaN,NaN,NaN,NaN,
3.996,-0.01839,0.00320,0.12981,0.53330,0.27033,-0.04856,-0.80010,NaN,NaN,NaN,NaN,NaN,NaN,NaN,NaN,NaN,NaN,NaN,NaN,NaN,NaN,NaN,NaN,NaN,NaN,NaN,NaN,NaN,
4.021,-0.01836,0.00318,0.12988,0.53309,0.27027,-0.04810,-0.80028,NaN,NaN,NaN,NaN,NaN,NaN,NaN,NaN,NaN,NaN,NaN,NaN,NaN,NaN,NaN,NaN,NaN,NaN,NaN,NaN,NaN,
4.046,-0.01838,0.00322,0.12985,0.53377,0.26987,-0.04878,-0.79993,NaN,NaN,NaN,NaN,NaN,NaN,NaN,NaN,NaN,NaN,NaN,NaN,NaN,NaN,NaN,NaN,NaN,NaN,NaN,NaN,NaN,
4.071,-0.01838,0.00321,0.12985,0.53361,0.27001,-0.04869,-0.79999,NaN,NaN,NaN,NaN,NaN,NaN,NaN,NaN,NaN,NaN,NaN,NaN,NaN,NaN,NaN,NaN,NaN,NaN,NaN,NaN,NaN,
4.096,-0.01851,0.00298,0.12989,0.52893,0.27193,-0.04283,-0.80278,NaN,NaN,NaN,NaN,NaN,NaN,NaN,NaN,NaN,NaN,NaN,NaN,NaN,NaN,NaN,NaN,NaN,NaN,NaN,NaN,NaN,
4.121,-0.01846,0.00278,0.12979,0.52808,0.27544,-0.04616,-0.80196,NaN,NaN,NaN,NaN,NaN,NaN,NaN,NaN,NaN,NaN,NaN,NaN,NaN,NaN,NaN,NaN,NaN,NaN,NaN,NaN,NaN,
4.146,-0.01892,0.00295,0.12995,0.52908,0.27752,-0.05090,-0.80029,NaN,NaN,NaN,NaN,NaN,NaN,NaN,NaN,NaN,NaN,NaN,NaN,NaN,NaN,NaN,NaN,NaN,NaN,NaN,NaN,NaN,
4.171,-0.01909,0.00299,0.12988,0.52962,0.27975,-0.05503,-0.79889,NaN,NaN,NaN,NaN,NaN,NaN,NaN,NaN,NaN,NaN,NaN,NaN,NaN,NaN,NaN,NaN,NaN,NaN,NaN,NaN,NaN,
4.196,-0.01930,0.00308,0.12995,0.52977,0.28168,-0.05806,-0.79789,NaN,NaN,NaN,NaN,NaN,NaN,NaN,NaN,NaN,NaN,NaN,NaN,NaN,NaN,NaN,NaN,NaN,NaN,NaN,NaN,NaN,
4.221,-0.01943,0.00280,0.13005,0.52621,0.28375,-0.05443,-0.79977,NaN,NaN,NaN,NaN,NaN,NaN,NaN,NaN,NaN,NaN,NaN,NaN,NaN,NaN,NaN,NaN,NaN,NaN,NaN,NaN,NaN,
4.246,-0.01955,0.00205,0.13023,0.51865,0.28646,-0.04451,-0.80434,NaN,NaN,NaN,NaN,NaN,NaN,NaN,NaN,NaN,NaN,NaN,NaN,NaN,NaN,NaN,NaN,NaN,NaN,NaN,NaN,NaN,
4.271,-0.01996,0.00156,0.13027,0.51162,0.29262,-0.04059,-0.80683,NaN,NaN,NaN,NaN,NaN,NaN,NaN,NaN,NaN,NaN,NaN,NaN,NaN,NaN,NaN,NaN,NaN,NaN,NaN,NaN,NaN,
4.296,-0.02030,0.00133,0.13004,0.50729,0.29771,-0.04007,-0.80772,NaN,NaN,NaN,NaN,NaN,NaN,NaN,NaN,NaN,NaN,NaN,NaN,NaN,NaN,NaN,NaN,NaN,NaN,NaN,NaN,NaN,
4.321,-0.02048,0.00095,0.13019,0.50323,0.30069,-0.03709,-0.80930,NaN,NaN,NaN,NaN,NaN,NaN,NaN,NaN,NaN,NaN,NaN,NaN,NaN,NaN,NaN,NaN,NaN,NaN,NaN,NaN,NaN,
4.346,-0.02071,0.00069,0.13025,-0.49967,-0.30409,0.03563,0.81030,NaN,NaN,NaN,NaN,NaN,NaN,NaN,NaN,NaN,NaN,NaN,NaN,NaN,NaN,NaN,NaN,NaN,NaN,NaN,NaN,NaN,
4.371,-0.02089,0.00038,0.13016,-0.49574,-0.30701,0.03290,0.81173,NaN,NaN,NaN,NaN,NaN,NaN,NaN,NaN,NaN,NaN,NaN,NaN,NaN,NaN,NaN,NaN,NaN,NaN,NaN,NaN,NaN,
4.396,-0.02104,0.00016,0.13020,-0.49182,-0.30936,0.02940,0.81336,NaN,NaN,NaN,NaN,NaN,NaN,NaN,NaN,NaN,NaN,NaN,NaN,NaN,NaN,NaN,NaN,NaN,NaN,NaN,NaN,NaN,
4.421,-0.02108,-0.00017,0.13036,-0.48852,-0.31002,0.02468,0.81524,NaN,NaN,NaN,NaN,NaN,NaN,NaN,NaN,NaN,NaN,NaN,NaN,NaN,NaN,NaN,NaN,NaN,NaN,NaN,NaN,NaN,
4.446,-0.02120,-0.00034,0.13019,-0.48532,-0.31230,0.02240,0.81635,NaN,NaN,NaN,NaN,NaN,NaN,NaN,NaN,NaN,NaN,NaN,NaN,NaN,NaN,NaN,NaN,NaN,NaN,NaN,NaN,NaN,
4.471,-0.02122,-0.00053,0.13033,-0.48340,-0.31245,0.01937,0.81751,NaN,NaN,NaN,NaN,NaN,NaN,NaN,NaN,NaN,NaN,NaN,NaN,NaN,NaN,NaN,NaN,NaN,NaN,NaN,NaN,NaN,
4.496,-0.02117,-0.00066,0.13033,-0.48220,-0.31246,0.01735,0.81826,NaN,NaN,NaN,NaN,NaN,NaN,NaN,NaN,NaN,NaN,NaN,NaN,NaN,NaN,NaN,NaN,NaN,NaN,NaN,NaN,NaN,
4.521,-0.02114,-0.00072,0.13035,-0.48162,-0.31266,0.01666,0.81854,NaN,NaN,NaN,NaN,NaN,NaN,NaN,NaN,NaN,NaN,NaN,NaN,NaN,NaN,NaN,NaN,NaN,NaN,NaN,NaN,NaN,
4.546,-0.02123,-0.00071,0.13036,-0.48103,-0.31321,0.01641,0.81869,NaN,NaN,NaN,NaN,NaN,NaN,NaN,NaN,NaN,NaN,NaN,NaN,NaN,NaN,NaN,NaN,NaN,NaN,NaN,NaN,NaN,
4.571,-0.02120,-0.00077,0.13036,-0.48066,-0.31324,0.01585,0.81890,NaN,NaN,NaN,NaN,NaN,NaN,NaN,NaN,NaN,NaN,NaN,NaN,NaN,NaN,NaN,NaN,NaN,NaN,NaN,NaN,NaN,
4.596,-0.02121,-0.00072,0.13028,-0.48080,-0.31355,0.01651,0.81868,NaN,NaN,NaN,NaN,NaN,NaN,NaN,NaN,NaN,NaN,NaN,NaN,NaN,NaN,NaN,NaN,NaN,NaN,NaN,NaN,NaN,
4.621,-0.02126,-0.00067,0.13028,-0.48118,-0.31364,0.01728,0.81841,NaN,NaN,NaN,NaN,NaN,NaN,NaN,NaN,NaN,NaN,NaN,NaN,NaN,NaN,NaN,NaN,NaN,NaN,NaN,NaN,NaN,
4.646,-0.02121,-0.00063,0.13015,-0.48236,-0.31354,0.01911,0.81772,NaN,NaN,NaN,NaN,NaN,NaN,NaN,NaN,NaN,NaN,NaN,NaN,NaN,NaN,NaN,NaN,NaN,NaN,NaN,NaN,NaN,
4.671,-0.02132,-0.00043,0.13008,-0.48325,-0.31382,0.02099,0.81704,NaN,NaN,NaN,NaN,NaN,NaN,NaN,NaN,NaN,NaN,NaN,NaN,NaN,NaN,NaN,NaN,NaN,NaN,NaN,NaN,NaN,
4.696,-0.02128,-0.00038,0.13014,-0.48445,-0.31363,0.02277,0.81635,NaN,NaN,NaN,NaN,NaN,NaN,NaN,NaN,NaN,NaN,NaN,NaN,NaN,NaN,NaN,NaN,NaN,NaN,NaN,NaN,NaN,
4.721,-0.02130,-0.00028,0.13000,-0.48561,-0.31362,0.02473,0.81561,NaN,NaN,NaN,NaN,NaN,NaN,NaN,NaN,NaN,NaN,NaN,NaN,NaN,NaN,NaN,NaN,NaN,NaN,NaN,NaN,NaN,
4.746,-0.02128,-0.00018,0.13002,-0.48671,-0.31351,0.02645,0.81494,NaN,NaN,NaN,NaN,NaN,NaN,NaN,NaN,NaN,NaN,NaN,NaN,NaN,NaN,NaN,NaN,NaN,NaN,NaN,NaN,NaN,
4.771,-0.02130,-0.00007,0.13003,-0.48781,-0.31320,0.02790,0.81435,NaN,NaN,NaN,NaN,NaN,NaN,NaN,NaN,NaN,NaN,NaN,NaN,NaN,NaN,NaN,NaN,NaN,NaN,NaN,NaN,NaN,
4.796,-0.02124,-0.00002,0.12990,-0.48885,-0.31331,0.02984,0.81362,NaN,NaN,NaN,NaN,NaN,NaN,NaN,NaN,NaN,NaN,NaN,NaN,NaN,NaN,NaN,NaN,NaN,NaN,NaN,NaN,NaN,
4.821,-0.02130,0.00011,0.12988,-0.48973,-0.31332,0.03136,0.81303,NaN,NaN,NaN,NaN,NaN,NaN,NaN,NaN,NaN,NaN,NaN,NaN,NaN,NaN,NaN,NaN,NaN,NaN,NaN,NaN,NaN,
4.846,-0.02128,0.00015,0.12977,-0.49056,-0.31333,0.03282,0.81246,NaN,NaN,NaN,NaN,NaN,NaN,NaN,NaN,NaN,NaN,NaN,NaN,NaN,NaN,NaN,NaN,NaN,NaN,NaN,NaN,NaN,
4.871,-0.02128,0.00025,0.12969,-0.49168,-0.31311,0.03445,0.81180,NaN,NaN,NaN,NaN,NaN,NaN,NaN,NaN,NaN,NaN,NaN,NaN,NaN,NaN,NaN,NaN,NaN,NaN,NaN,NaN,NaN,
4.896,-0.02128,0.00031,0.12971,-0.49251,-0.31281,0.03546,0.81137,NaN,NaN,NaN,NaN,NaN,NaN,NaN,NaN,NaN,NaN,NaN,NaN,NaN,NaN,NaN,NaN,NaN,NaN,NaN,NaN,NaN,
4.921,-0.02125,0.00029,0.12965,-0.49295,-0.31254,0.03585,0.81119,NaN,NaN,NaN,NaN,NaN,NaN,NaN,NaN,NaN,NaN,NaN,NaN,NaN,NaN,NaN,NaN,NaN,NaN,NaN,NaN,NaN,
4.946,-0.02122,0.00034,0.12959,-0.49320,-0.31258,0.03633,0.81101,NaN,NaN,NaN,NaN,NaN,NaN,NaN,NaN,NaN,NaN,NaN,NaN,NaN,NaN,NaN,NaN,NaN,NaN,NaN,NaN,NaN,
4.971,-0.02120,0.00032,0.12957,-0.49303,-0.31255,0.03600,0.81113,NaN,NaN,NaN,NaN,NaN,NaN,NaN,NaN,NaN,NaN,NaN,NaN,NaN,NaN,NaN,NaN,NaN,NaN,NaN,NaN,NaN,
4.996,-0.02113,0.00028,0.12946,-0.49302,-0.31243,0.03580,0.81120,NaN,NaN,NaN,NaN,NaN,NaN,NaN,NaN,NaN,NaN,NaN,NaN,NaN,NaN,NaN,NaN,NaN,NaN,NaN,NaN,NaN,
5.021,-0.02116,0.00033,0.12942,-0.49288,-0.31250,0.03567,0.81126,NaN,NaN,NaN,NaN,NaN,NaN,NaN,NaN,NaN,NaN,NaN,NaN,NaN,NaN,NaN,NaN,NaN,NaN,NaN,NaN,NaN,
5.046,-0.02130,0.00029,0.12910,-0.48816,-0.31468,0.03059,0.81347,NaN,NaN,NaN,NaN,NaN,NaN,NaN,NaN,NaN,NaN,NaN,NaN,NaN,NaN,NaN,NaN,NaN,NaN,NaN,NaN,NaN,
5.071,-0.02056,-0.00012,0.12952,-0.48764,-0.30727,0.01937,0.81695,NaN,NaN,NaN,NaN,NaN,NaN,NaN,NaN,NaN,NaN,NaN,NaN,NaN,NaN,NaN,NaN,NaN,NaN,NaN,NaN,NaN,
5.096,-0.02059,-0.00020,0.12939,-0.48380,-0.30685,0.01233,0.81953,NaN,NaN,NaN,NaN,NaN,NaN,NaN,NaN,NaN,NaN,NaN,NaN,NaN,NaN,NaN,NaN,NaN,NaN,NaN,NaN,NaN,
5.121,-0.02015,-0.00050,0.12970,-0.48284,-0.30223,0.00447,0.82189,NaN,NaN,NaN,NaN,NaN,NaN,NaN,NaN,NaN,NaN,NaN,NaN,NaN,NaN,NaN,NaN,NaN,NaN,NaN,NaN,NaN,
5.146,-0.01994,-0.00066,0.12977,-0.48062,-0.30105,-0.00077,0.82364,NaN,NaN,NaN,NaN,NaN,NaN,NaN,NaN,NaN,NaN,NaN,NaN,NaN,NaN,NaN,NaN,NaN,NaN,NaN,NaN,NaN,
5.171,-0.01995,-0.00075,0.12988,-0.47876,-0.30049,-0.00456,0.82491,NaN,NaN,NaN,NaN,NaN,NaN,NaN,NaN,NaN,NaN,NaN,NaN,NaN,NaN,NaN,NaN,NaN,NaN,NaN,NaN,NaN,
5.196,-0.01996,-0.00079,0.12990,-0.47745,-0.30061,-0.00651,0.82561,NaN,NaN,NaN,NaN,NaN,NaN,NaN,NaN,NaN,NaN,NaN,NaN,NaN,NaN,NaN,NaN,NaN,NaN,NaN,NaN,NaN,
5.221,-0.02012,-0.00079,0.12989,-0.47570,-0.30156,-0.00810,0.82626,NaN,NaN,NaN,NaN,NaN,NaN,NaN,NaN,NaN,NaN,NaN,NaN,NaN,NaN,NaN,NaN,NaN,NaN,NaN,NaN,NaN,
5.246,-0.01999,-0.00093,0.12992,-0.47484,-0.30165,-0.00938,0.82671,NaN,NaN,NaN,NaN,NaN,NaN,NaN,NaN,NaN,NaN,NaN,NaN,NaN,NaN,NaN,NaN,NaN,NaN,NaN,NaN,NaN,
5.271,-0.02003,-0.00096,0.13007,-0.47411,-0.30127,-0.01104,0.82724,NaN,NaN,NaN,NaN,NaN,NaN,NaN,NaN,NaN,NaN,NaN,NaN,NaN,NaN,NaN,NaN,NaN,NaN,NaN,NaN,NaN,
5.296,-0.02003,-0.00108,0.13017,-0.47312,-0.30117,-0.01276,0.82782,NaN,NaN,NaN,NaN,NaN,NaN,NaN,NaN,NaN,NaN,NaN,NaN,NaN,NaN,NaN,NaN,NaN,NaN,NaN,NaN,NaN,
5.321,-0.02009,-0.00114,0.13025,-0.47198,-0.30183,-0.01373,0.82822,NaN,NaN,NaN,NaN,NaN,NaN,NaN,NaN,NaN,NaN,NaN,NaN,NaN,NaN,NaN,NaN,NaN,NaN,NaN,NaN,NaN,
5.346,-0.02017,-0.00143,0.13040,-0.46827,-0.30264,-0.01859,0.82993,NaN,NaN,NaN,NaN,NaN,NaN,NaN,NaN,NaN,NaN,NaN,NaN,NaN,NaN,NaN,NaN,NaN,NaN,NaN,NaN,NaN,
5.371,-0.02013,-0.00148,0.13039,-0.46687,-0.30318,-0.02009,0.83049,NaN,NaN,NaN,NaN,NaN,NaN,NaN,NaN,NaN,NaN,NaN,NaN,NaN,NaN,NaN,NaN,NaN,NaN,NaN,NaN,NaN,
5.396,-0.02015,-0.00163,0.13046,-0.46535,-0.30332,-0.02231,0.83123,NaN,NaN,NaN,NaN,NaN,NaN,NaN,NaN,NaN,NaN,NaN,NaN,NaN,NaN,NaN,NaN,NaN,NaN,NaN,NaN,NaN,
5.421,-0.02018,-0.00167,0.13038,-0.46405,-0.30374,-0.02381,0.83177,NaN,NaN,NaN,NaN,NaN,NaN,NaN,NaN,NaN,NaN,NaN,NaN,NaN,NaN,NaN,NaN,NaN,NaN,NaN,NaN,NaN,
5.446,-0.02014,-0.00179,0.13047,-0.46308,-0.30335,-0.02583,0.83238,NaN,NaN,NaN,NaN,NaN,NaN,NaN,NaN,NaN,NaN,NaN,NaN,NaN,NaN,NaN,NaN,NaN,NaN,NaN,NaN,NaN,
5.471,-0.02012,-0.00194,0.13048,-0.46206,-0.30304,-0.02784,0.83300,NaN,NaN,NaN,NaN,NaN,NaN,NaN,NaN,NaN,NaN,NaN,NaN,NaN,NaN,NaN,NaN,NaN,NaN,NaN,NaN,NaN,
5.496,-0.02018,-0.00195,0.13052,-0.46145,-0.30325,-0.02851,0.83324,NaN,NaN,NaN,NaN,NaN,NaN,NaN,NaN,NaN,NaN,NaN,NaN,NaN,NaN,NaN,NaN,NaN,NaN,NaN,NaN,NaN,
5.521,-0.02018,-0.00199,0.13052,-0.46117,-0.30330,-0.02889,0.83337,NaN,NaN,NaN,NaN,NaN,NaN,NaN,NaN,NaN,NaN,NaN,NaN,NaN,NaN,NaN,NaN,NaN,NaN,NaN,NaN,NaN,
5.546,-0.02018,-0.00199,0.13052,-0.46117,-0.30330,-0.02889,0.83337,NaN,NaN,NaN,NaN,NaN,NaN,NaN,NaN,NaN,NaN,NaN,NaN,NaN,NaN,NaN,NaN,NaN,NaN,NaN,NaN,NaN,
5.571,-0.02021,-0.00214,0.13055,-0.45925,-0.30362,-0.03146,0.83421,NaN,NaN,NaN,NaN,NaN,NaN,NaN,NaN,NaN,NaN,NaN,NaN,NaN,NaN,NaN,NaN,NaN,NaN,NaN,NaN,NaN,
5.596,-0.02015,-0.00220,0.13052,-0.45794,-0.30436,-0.03252,0.83462,NaN,NaN,NaN,NaN,NaN,NaN,NaN,NaN,NaN,NaN,NaN,NaN,NaN,NaN,NaN,NaN,NaN,NaN,NaN,NaN,NaN,
5.621,-0.02021,-0.00233,0.13049,-0.45648,-0.30438,-0.03477,0.83533,NaN,NaN,NaN,NaN,NaN,NaN,NaN,NaN,NaN,NaN,NaN,NaN,NaN,NaN,NaN,NaN,NaN,NaN,NaN,NaN,NaN,
5.646,-0.02017,-0.00249,0.13047,-0.45487,-0.30438,-0.03725,0.83610,NaN,NaN,NaN,NaN,NaN,NaN,NaN,NaN,NaN,NaN,NaN,NaN,NaN,NaN,NaN,NaN,NaN,NaN,NaN,NaN,NaN,
5.671,-0.02017,-0.00249,0.13047,-0.45487,-0.30438,-0.03725,0.83610,NaN,NaN,NaN,NaN,NaN,NaN,NaN,NaN,NaN,NaN,NaN,NaN,NaN,NaN,NaN,NaN,NaN,NaN,NaN,NaN,NaN,
5.696,-0.02025,-0.00268,0.13045,-0.45260,-0.30491,-0.04005,0.83701,NaN,NaN,NaN,NaN,NaN,NaN,NaN,NaN,NaN,NaN,NaN,NaN,NaN,NaN,NaN,NaN,NaN,NaN,NaN,NaN,NaN,
5.721,-0.02032,-0.00271,0.13045,-0.45162,-0.30516,-0.04121,0.83739,NaN,NaN,NaN,NaN,NaN,NaN,NaN,NaN,NaN,NaN,NaN,NaN,NaN,NaN,NaN,NaN,NaN,NaN,NaN,NaN,NaN,
5.746,-0.02021,-0.00281,0.13048,-0.45124,-0.30465,-0.04245,0.83772,NaN,NaN,NaN,NaN,NaN,NaN,NaN,NaN,NaN,NaN,NaN,NaN,NaN,NaN,NaN,NaN,NaN,NaN,NaN,NaN,NaN,
5.771,-0.02026,-0.00284,0.13049,-0.45028,-0.30500,-0.04344,0.83805,NaN,NaN,NaN,NaN,NaN,NaN,NaN,NaN,NaN,NaN,NaN,NaN,NaN,NaN,NaN,NaN,NaN,NaN,NaN,NaN,NaN,
5.796,-0.02026,-0.00293,0.13052,-0.44953,-0.30525,-0.04427,0.83832,NaN,NaN,NaN,NaN,NaN,NaN,NaN,NaN,NaN,NaN,NaN,NaN,NaN,NaN,NaN,NaN,NaN,NaN,NaN,NaN,NaN,
5.821,-0.02026,-0.00293,0.13052,-0.44953,-0.30525,-0.04427,0.83832,NaN,NaN,NaN,NaN,NaN,NaN,NaN,NaN,NaN,NaN,NaN,NaN,NaN,NaN,NaN,NaN,NaN,NaN,NaN,NaN,NaN,
5.846,-0.02040,-0.00302,0.13041,-0.44775,-0.30723,-0.04445,0.83854,NaN,NaN,NaN,NaN,NaN,NaN,NaN,NaN,NaN,NaN,NaN,NaN,NaN,NaN,NaN,NaN,NaN,NaN,NaN,NaN,NaN,
5.871,-0.02041,-0.00312,0.13029,-0.44617,-0.30797,-0.04591,0.83904,NaN,NaN,NaN,NaN,NaN,NaN,NaN,NaN,NaN,NaN,NaN,NaN,NaN,NaN,NaN,NaN,NaN,NaN,NaN,NaN,NaN,
5.896,-0.02038,-0.00330,0.13041,-0.44521,-0.30739,-0.04809,0.83964,NaN,NaN,NaN,NaN,NaN,NaN,NaN,NaN,NaN,NaN,NaN,NaN,NaN,NaN,NaN,NaN,NaN,NaN,NaN,NaN,NaN,
5.921,-0.02038,-0.00330,0.13041,-0.44521,-0.30739,-0.04809,0.83964,NaN,NaN,NaN,NaN,NaN,NaN,NaN,NaN,NaN,NaN,NaN,NaN,NaN,NaN,NaN,NaN,NaN,NaN,NaN,NaN,NaN,
5.946,-0.02047,-0.00340,0.13038,-0.44348,-0.30787,-0.05007,0.84026,NaN,NaN,NaN,NaN,NaN,NaN,NaN,NaN,NaN,NaN,NaN,NaN,NaN,NaN,NaN,NaN,NaN,NaN,NaN,NaN,NaN,
5.971,-0.02046,-0.00358,0.13041,-0.44132,-0.30817,-0.05293,0.84111,NaN,NaN,NaN,NaN,NaN,NaN,NaN,NaN,NaN,NaN,NaN,NaN,NaN,NaN,NaN,NaN,NaN,NaN,NaN,NaN,NaN,
5.996,-0.02056,-0.00363,0.13034,-0.43998,-0.30876,-0.05418,0.84152,NaN,NaN,NaN,NaN,NaN,NaN,NaN,NaN,NaN,NaN,NaN,NaN,NaN,NaN,NaN,NaN,NaN,NaN,NaN,NaN,NaN,
6.021,-0.02042,-0.00373,0.13044,-0.43958,-0.30862,-0.05495,0.84173,NaN,NaN,NaN,NaN,NaN,NaN,NaN,NaN,NaN,NaN,NaN,NaN,NaN,NaN,NaN,NaN,NaN,NaN,NaN,NaN,NaN,
6.046,-0.02051,-0.00379,0.13026,-0.43846,-0.30924,-0.05583,0.84203,NaN,NaN,NaN,NaN,NaN,NaN,NaN,NaN,NaN,NaN,NaN,NaN,NaN,NaN,NaN,NaN,NaN,NaN,NaN,NaN,NaN,
6.071,-0.02051,-0.00385,0.13029,-0.43761,-0.30897,-0.05743,0.84246,NaN,NaN,NaN,NaN,NaN,NaN,NaN,NaN,NaN,NaN,NaN,NaN,NaN,NaN,NaN,NaN,NaN,NaN,NaN,NaN,NaN,
6.096,-0.02048,-0.00396,0.13030,-0.43690,-0.30878,-0.05871,0.84281,NaN,NaN,NaN,NaN,NaN,NaN,NaN,NaN,NaN,NaN,NaN,NaN,NaN,NaN,NaN,NaN,NaN,NaN,NaN,NaN,NaN,
6.121,-0.02054,-0.00398,0.13028,-0.43626,-0.30917,-0.05918,0.84297,NaN,NaN,NaN,NaN,NaN,NaN,NaN,NaN,NaN,NaN,NaN,NaN,NaN,NaN,NaN,NaN,NaN,NaN,NaN,NaN,NaN,
6.146,-0.02057,-0.00399,0.13030,-0.43598,-0.30950,-0.05917,0.84299,NaN,NaN,NaN,NaN,NaN,NaN,NaN,NaN,NaN,NaN,NaN,NaN,NaN,NaN,NaN,NaN,NaN,NaN,NaN,NaN,NaN,
6.171,-0.02056,-0.00402,0.13024,-0.43590,-0.30969,-0.05906,0.84297,NaN,NaN,NaN,NaN,NaN,NaN,NaN,NaN,NaN,NaN,NaN,NaN,NaN,NaN,NaN,NaN,NaN,NaN,NaN,NaN,NaN,
6.196,-0.02062,-0.00403,0.13033,-0.43499,-0.31015,-0.05983,0.84322,NaN,NaN,NaN,NaN,NaN,NaN,NaN,NaN,NaN,NaN,NaN,NaN,NaN,NaN,NaN,NaN,NaN,NaN,NaN,NaN,NaN,
6.221,-0.02061,-0.00407,0.13026,-0.43395,-0.31048,-0.06094,0.84355,NaN,NaN,NaN,NaN,NaN,NaN,NaN,NaN,NaN,NaN,NaN,NaN,NaN,NaN,NaN,NaN,NaN,NaN,NaN,NaN,NaN,
6.246,-0.02053,-0.00418,0.13020,-0.43311,-0.31021,-0.06250,0.84397,NaN,NaN,NaN,NaN,NaN,NaN,NaN,NaN,NaN,NaN,NaN,NaN,NaN,NaN,NaN,NaN,NaN,NaN,NaN,NaN,NaN,
6.271,-0.02060,-0.00424,0.13021,-0.43206,-0.31075,-0.06337,0.84424,NaN,NaN,NaN,NaN,NaN,NaN,NaN,NaN,NaN,NaN,NaN,NaN,NaN,NaN,NaN,NaN,NaN,NaN,NaN,NaN,NaN,
6.296,-0.02062,-0.00428,0.13013,-0.43157,-0.31081,-0.06401,0.84442,NaN,NaN,NaN,NaN,NaN,NaN,NaN,NaN,NaN,NaN,NaN,NaN,NaN,NaN,NaN,NaN,NaN,NaN,NaN,NaN,NaN,
6.321,-0.02065,-0.00432,0.13015,-0.43074,-0.31104,-0.06494,0.84469,NaN,NaN,NaN,NaN,NaN,NaN,NaN,NaN,NaN,NaN,NaN,NaN,NaN,NaN,NaN,NaN,NaN,NaN,NaN,NaN,NaN,
6.346,-0.02064,-0.00443,0.13021,-0.43034,-0.31065,-0.06601,0.84496,NaN,NaN,NaN,NaN,NaN,NaN,NaN,NaN,NaN,NaN,NaN,NaN,NaN,NaN,NaN,NaN,NaN,NaN,NaN,NaN,NaN,
6.371,-0.02061,-0.00446,0.13020,-0.43005,-0.31030,-0.06686,0.84517,NaN,NaN,NaN,NaN,NaN,NaN,NaN,NaN,NaN,NaN,NaN,NaN,NaN,NaN,NaN,NaN,NaN,NaN,NaN,NaN,NaN,
6.396,-0.02068,-0.00444,0.13022,-0.42915,-0.31056,-0.06783,0.84544,NaN,NaN,NaN,NaN,NaN,NaN,NaN,NaN,NaN,NaN,NaN,NaN,NaN,NaN,NaN,NaN,NaN,NaN,NaN,NaN,NaN,
6.421,-0.02057,-0.00454,0.13025,-0.42884,-0.31041,-0.06848,0.84561,NaN,NaN,NaN,NaN,NaN,NaN,NaN,NaN,NaN,NaN,NaN,NaN,NaN,NaN,NaN,NaN,NaN,NaN,NaN,NaN,NaN,
6.446,-0.02065,-0.00449,0.13013,-0.42805,-0.31107,-0.06881,0.84574,NaN,NaN,NaN,NaN,NaN,NaN,NaN,NaN,NaN,NaN,NaN,NaN,NaN,NaN,NaN,NaN,NaN,NaN,NaN,NaN,NaN,
6.471,-0.02066,-0.00460,0.13015,-0.42711,-0.31095,-0.07031,0.84613,NaN,NaN,NaN,NaN,NaN,NaN,NaN,NaN,NaN,NaN,NaN,NaN,NaN,NaN,NaN,NaN,NaN,NaN,NaN,NaN,NaN,
6.496,-0.02059,-0.00470,0.13012,-0.42621,-0.31037,-0.07233,0.84663,NaN,NaN,NaN,NaN,NaN,NaN,NaN,NaN,NaN,NaN,NaN,NaN,NaN,NaN,NaN,NaN,NaN,NaN,NaN,NaN,NaN,
6.521,-0.02055,-0.00483,0.13009,-0.42497,-0.30994,-0.07464,0.84721,NaN,NaN,NaN,NaN,NaN,NaN,NaN,NaN,NaN,NaN,NaN,NaN,NaN,NaN,NaN,NaN,NaN,NaN,NaN,NaN,NaN,
6.546,-0.02046,-0.00493,0.13022,-0.42484,-0.30835,-0.07677,0.84766,NaN,NaN,NaN,NaN,NaN,NaN,NaN,NaN,NaN,NaN,NaN,NaN,NaN,NaN,NaN,NaN,NaN,NaN,NaN,NaN,NaN,
6.571,-0.02045,-0.00497,0.13012,-0.42387,-0.30854,-0.07794,0.84798,NaN,NaN,NaN,NaN,NaN,NaN,NaN,NaN,NaN,NaN,NaN,NaN,NaN,NaN,NaN,NaN,NaN,NaN,NaN,NaN,NaN,
6.596,-0.02042,-0.00493,0.13032,-0.42385,-0.30722,-0.07958,0.84831,NaN,NaN,NaN,NaN,NaN,NaN,NaN,NaN,NaN,NaN,NaN,NaN,NaN,NaN,NaN,NaN,NaN,NaN,NaN,NaN,NaN,
6.621,-0.02033,-0.00500,0.13024,-0.42330,-0.30655,-0.08117,0.84868,NaN,NaN,NaN,NaN,NaN,NaN,NaN,NaN,NaN,NaN,NaN,NaN,NaN,NaN,NaN,NaN,NaN,NaN,NaN,NaN,NaN,
6.646,-0.02032,-0.00509,0.13018,-0.42217,-0.30615,-0.08327,0.84918,NaN,NaN,NaN,NaN,NaN,NaN,NaN,NaN,NaN,NaN,NaN,NaN,NaN,NaN,NaN,NaN,NaN,NaN,NaN,NaN,NaN,
6.671,-0.02022,-0.00518,0.13030,-0.42167,-0.30520,-0.08514,0.84959,NaN,NaN,NaN,NaN,NaN,NaN,NaN,NaN,NaN,NaN,NaN,NaN,NaN,NaN,NaN,NaN,NaN,NaN,NaN,NaN,NaN,
6.696,-0.02022,-0.00524,0.13010,-0.42036,-0.30582,-0.08623,0.84990,NaN,NaN,NaN,NaN,NaN,NaN,NaN,NaN,NaN,NaN,NaN,NaN,NaN,NaN,NaN,NaN,NaN,NaN,NaN,NaN,NaN,
6.721,-0.02022,-0.00532,0.13017,-0.42022,-0.30482,-0.08766,0.85019,NaN,NaN,NaN,NaN,NaN,NaN,NaN,NaN,NaN,NaN,NaN,NaN,NaN,NaN,NaN,NaN,NaN,NaN,NaN,NaN,NaN,
6.746,-0.02034,-0.00537,0.13015,-0.41866,-0.30549,-0.08903,0.85057,NaN,NaN,NaN,NaN,NaN,NaN,NaN,NaN,NaN,NaN,NaN,NaN,NaN,NaN,NaN,NaN,NaN,NaN,NaN,NaN,NaN,
6.771,-0.02022,-0.00550,0.13019,-0.41869,-0.30499,-0.08959,0.85068,NaN,NaN,NaN,NaN,NaN,NaN,NaN,NaN,NaN,NaN,NaN,NaN,NaN,NaN,NaN,NaN,NaN,NaN,NaN,NaN,NaN,
6.796,-0.02027,-0.00543,0.13020,-0.41830,-0.30543,-0.08961,0.85071,NaN,NaN,NaN,NaN,NaN,NaN,NaN,NaN,NaN,NaN,NaN,NaN,NaN,NaN,NaN,NaN,NaN,NaN,NaN,NaN,NaN,
6.821,-0.02039,-0.00547,0.13015,-0.41713,-0.30543,-0.09125,0.85111,NaN,NaN,NaN,NaN,NaN,NaN,NaN,NaN,NaN,NaN,NaN,NaN,NaN,NaN,NaN,NaN,NaN,NaN,NaN,NaN,NaN,
6.846,-0.02018,-0.00559,0.13017,-0.41662,-0.30514,-0.09231,0.85135,NaN,NaN,NaN,NaN,NaN,NaN,NaN,NaN,NaN,NaN,NaN,NaN,NaN,NaN,NaN,NaN,NaN,NaN,NaN,NaN,NaN,
6.871,-0.02018,-0.00562,0.13012,-0.41617,-0.30509,-0.09301,0.85151,NaN,NaN,NaN,NaN,NaN,NaN,NaN,NaN,NaN,NaN,NaN,NaN,NaN,NaN,NaN,NaN,NaN,NaN,NaN,NaN,NaN,
6.896,-0.02016,-0.00577,0.13012,-0.41532,-0.30504,-0.09425,0.85181,NaN,NaN,NaN,NaN,NaN,NaN,NaN,NaN,NaN,NaN,NaN,NaN,NaN,NaN,NaN,NaN,NaN,NaN,NaN,NaN,NaN,
6.921,-0.02022,-0.00578,0.13002,-0.41390,-0.30555,-0.09562,0.85216,NaN,NaN,NaN,NaN,NaN,NaN,NaN,NaN,NaN,NaN,NaN,NaN,NaN,NaN,NaN,NaN,NaN,NaN,NaN,NaN,NaN,
6.946,-0.02016,-0.00592,0.13010,-0.41354,-0.30473,-0.09709,0.85246,NaN,NaN,NaN,NaN,NaN,NaN,NaN,NaN,NaN,NaN,NaN,NaN,NaN,NaN,NaN,NaN,NaN,NaN,NaN,NaN,NaN,
6.971,-0.02012,-0.00593,0.13010,-0.41349,-0.30423,-0.09776,0.85259,NaN,NaN,NaN,NaN,NaN,NaN,NaN,NaN,NaN,NaN,NaN,NaN,NaN,NaN,NaN,NaN,NaN,NaN,NaN,NaN,NaN,
6.996,-0.02004,-0.00600,0.13023,-0.41288,-0.30316,-0.09989,0.85302,NaN,NaN,NaN,NaN,NaN,NaN,NaN,NaN,NaN,NaN,NaN,NaN,NaN,NaN,NaN,NaN,NaN,NaN,NaN,NaN,NaN,
7.021,-0.02002,-0.00606,0.13026,-0.41239,-0.30165,-0.10236,0.85350,NaN,NaN,NaN,NaN,NaN,NaN,NaN,NaN,NaN,NaN,NaN,NaN,NaN,NaN,NaN,NaN,NaN,NaN,NaN,NaN,NaN,
7.046,-0.01997,-0.00612,0.13032,-0.41151,-0.30072,-0.10467,0.85397,NaN,NaN,NaN,NaN,NaN,NaN,NaN,NaN,NaN,NaN,NaN,NaN,NaN,NaN,NaN,NaN,NaN,NaN,NaN,NaN,NaN,
7.071,-0.01997,-0.00626,0.13035,-0.41021,-0.30071,-0.10647,0.85438,NaN,NaN,NaN,NaN,NaN,NaN,NaN,NaN,NaN,NaN,NaN,NaN,NaN,NaN,NaN,NaN,NaN,NaN,NaN,NaN,NaN,
7.096,-0.01993,-0.00632,0.13031,-0.40954,-0.30081,-0.10727,0.85457,NaN,NaN,NaN,NaN,NaN,NaN,NaN,NaN,NaN,NaN,NaN,NaN,NaN,NaN,NaN,NaN,NaN,NaN,NaN,NaN,NaN,
7.121,-0.01993,-0.00642,0.13031,-0.40826,-0.30121,-0.10855,0.85488,NaN,NaN,NaN,NaN,NaN,NaN,NaN,NaN,NaN,NaN,NaN,NaN,NaN,NaN,NaN,NaN,NaN,NaN,NaN,NaN,NaN,
7.146,-0.01997,-0.00650,0.13021,-0.40726,-0.30149,-0.10959,0.85512,NaN,NaN,NaN,NaN,NaN,NaN,NaN,NaN,NaN,NaN,NaN,NaN,NaN,NaN,NaN,NaN,NaN,NaN,NaN,NaN,NaN,
7.171,-0.02003,-0.00652,0.13023,-0.40663,-0.30134,-0.11062,0.85534,NaN,NaN,NaN,NaN,NaN,NaN,NaN,NaN,NaN,NaN,NaN,NaN,NaN,NaN,NaN,NaN,NaN,NaN,NaN,NaN,NaN,
7.196,-0.01992,-0.00661,0.13034,-0.40667,-0.30022,-0.11188,0.85555,NaN,NaN,NaN,NaN,NaN,NaN,NaN,NaN,NaN,NaN,NaN,NaN,NaN,NaN,NaN,NaN,NaN,NaN,NaN,NaN,NaN,
7.221,-0.01997,-0.00664,0.13028,-0.40531,-0.30025,-0.11368,0.85595,NaN,NaN,NaN,NaN,NaN,NaN,NaN,NaN,NaN,NaN,NaN,NaN,NaN,NaN,NaN,NaN,NaN,NaN,NaN,NaN,NaN,
7.246,-0.01981,-0.00675,0.13032,-0.40511,-0.29912,-0.11528,0.85623,NaN,NaN,NaN,NaN,NaN,NaN,NaN,NaN,NaN,NaN,NaN,NaN,NaN,NaN,NaN,NaN,NaN,NaN,NaN,NaN,NaN,
7.271,-0.01976,-0.00683,0.13034,-0.40424,-0.29899,-0.11661,0.85650,NaN,NaN,NaN,NaN,NaN,NaN,NaN,NaN,NaN,NaN,NaN,NaN,NaN,NaN,NaN,NaN,NaN,NaN,NaN,NaN,NaN,
7.296,-0.01982,-0.00687,0.13030,-0.40343,-0.29872,-0.11802,0.85679,NaN,NaN,NaN,NaN,NaN,NaN,NaN,NaN,NaN,NaN,NaN,NaN,NaN,NaN,NaN,NaN,NaN,NaN,NaN,NaN,NaN,
7.321,-0.01974,-0.00703,0.13027,-0.40253,-0.29811,-0.11994,0.85716,NaN,NaN,NaN,NaN,NaN,NaN,NaN,NaN,NaN,NaN,NaN,NaN,NaN,NaN,NaN,NaN,NaN,NaN,NaN,NaN,NaN,
7.346,-0.01968,-0.00716,0.13036,-0.40197,-0.29685,-0.12215,0.85754,NaN,NaN,NaN,NaN,NaN,NaN,NaN,NaN,NaN,NaN,NaN,NaN,NaN,NaN,NaN,NaN,NaN,NaN,NaN,NaN,NaN,
7.371,-0.01969,-0.00717,0.13019,-0.40077,-0.29695,-0.12364,0.85786,NaN,NaN,NaN,NaN,NaN,NaN,NaN,NaN,NaN,NaN,NaN,NaN,NaN,NaN,NaN,NaN,NaN,NaN,NaN,NaN,NaN,
7.396,-0.01955,-0.00730,0.13039,-0.40107,-0.29485,-0.12565,0.85815,NaN,NaN,NaN,NaN,NaN,NaN,NaN,NaN,NaN,NaN,NaN,NaN,NaN,NaN,NaN,NaN,NaN,NaN,NaN,NaN,NaN,
7.421,-0.01942,-0.00738,0.13036,-0.40079,-0.29364,-0.12742,0.85843,NaN,NaN,NaN,NaN,NaN,NaN,NaN,NaN,NaN,NaN,NaN,NaN,NaN,NaN,NaN,NaN,NaN,NaN,NaN,NaN,NaN,
7.446,-0.01946,-0.00745,0.13040,-0.39917,-0.29338,-0.12987,0.85891,NaN,NaN,NaN,NaN,NaN,NaN,NaN,NaN,NaN,NaN,NaN,NaN,NaN,NaN,NaN,NaN,NaN,NaN,NaN,NaN,NaN,
7.471,-0.01929,-0.00759,0.13045,-0.39841,-0.29247,-0.13191,0.85926,NaN,NaN,NaN,NaN,NaN,NaN,NaN,NaN,NaN,NaN,NaN,NaN,NaN,NaN,NaN,NaN,NaN,NaN,NaN,NaN,NaN,
7.496,-0.01922,-0.00770,0.13046,-0.39748,-0.29203,-0.13365,0.85957,NaN,NaN,NaN,NaN,NaN,NaN,NaN,NaN,NaN,NaN,NaN,NaN,NaN,NaN,NaN,NaN,NaN,NaN,NaN,NaN,NaN,
7.521,-0.01929,-0.00777,0.13042,-0.39631,-0.29197,-0.13525,0.85988,NaN,NaN,NaN,NaN,NaN,NaN,NaN,NaN,NaN,NaN,NaN,NaN,NaN,NaN,NaN,NaN,NaN,NaN,NaN,NaN,NaN,
7.546,-0.01918,-0.00781,0.13038,-0.39669,-0.29115,-0.13568,0.85992,NaN,NaN,NaN,NaN,NaN,NaN,NaN,NaN,NaN,NaN,NaN,NaN,NaN,NaN,NaN,NaN,NaN,NaN,NaN,NaN,NaN,
7.571,-0.01922,-0.00781,0.13052,-0.39654,-0.29075,-0.13633,0.86002,NaN,NaN,NaN,NaN,NaN,NaN,NaN,NaN,NaN,NaN,NaN,NaN,NaN,NaN,NaN,NaN,NaN,NaN,NaN,NaN,NaN,
7.596,-0.01923,-0.00780,0.13046,-0.39672,-0.29081,-0.13603,0.85996,NaN,NaN,NaN,NaN,NaN,NaN,NaN,NaN,NaN,NaN,NaN,NaN,NaN,NaN,NaN,NaN,NaN,NaN,NaN,NaN,NaN,
7.621,-0.01921,-0.00781,0.13049,-0.39662,-0.29081,-0.13617,0.85999,NaN,NaN,NaN,NaN,NaN,NaN,NaN,NaN,NaN,NaN,NaN,NaN,NaN,NaN,NaN,NaN,NaN,NaN,NaN,NaN,NaN,
7.646,-0.01919,-0.00786,0.13042,-0.39612,-0.29066,-0.13699,0.86014,NaN,NaN,NaN,NaN,NaN,NaN,NaN,NaN,NaN,NaN,NaN,NaN,NaN,NaN,NaN,NaN,NaN,NaN,NaN,NaN,NaN,
7.671,-0.01914,-0.00787,0.13033,-0.39600,-0.29028,-0.13758,0.86023,NaN,NaN,NaN,NaN,NaN,NaN,NaN,NaN,NaN,NaN,NaN,NaN,NaN,NaN,NaN,NaN,NaN,NaN,NaN,NaN,NaN,
7.696,-0.01902,-0.00796,0.13030,-0.39617,-0.28955,-0.13817,0.86030,NaN,NaN,NaN,NaN,NaN,NaN,NaN,NaN,NaN,NaN,NaN,NaN,NaN,NaN,NaN,NaN,NaN,NaN,NaN,NaN,NaN,
7.721,-0.01896,-0.00797,0.13025,-0.39611,-0.28939,-0.13843,0.86034,NaN,NaN,NaN,NaN,NaN,NaN,NaN,NaN,NaN,NaN,NaN,NaN,NaN,NaN,NaN,NaN,NaN,NaN,NaN,NaN,NaN,
7.746,-0.01902,-0.00797,0.13010,-0.39576,-0.28952,-0.13875,0.86041,NaN,NaN,NaN,NaN,NaN,NaN,NaN,NaN,NaN,NaN,NaN,NaN,NaN,NaN,NaN,NaN,NaN,NaN,NaN,NaN,NaN,
7.771,-0.01894,-0.00804,0.13001,-0.39617,-0.28891,-0.13890,0.86040,NaN,NaN,NaN,NaN,NaN,NaN,NaN,NaN,NaN,NaN,NaN,NaN,NaN,NaN,NaN,NaN,NaN,NaN,NaN,NaN,NaN,
7.796,-0.01893,-0.00802,0.12998,-0.39613,-0.28888,-0.13900,0.86041,NaN,NaN,NaN,NaN,NaN,NaN,NaN,NaN,NaN,NaN,NaN,NaN,NaN,NaN,NaN,NaN,NaN,NaN,NaN,NaN,NaN,
7.821,-0.01890,-0.00804,0.12980,-0.39593,-0.28900,-0.13911,0.86044,NaN,NaN,NaN,NaN,NaN,NaN,NaN,NaN,NaN,NaN,NaN,NaN,NaN,NaN,NaN,NaN,NaN,NaN,NaN,NaN,NaN,
7.846,-0.01884,-0.00807,0.12980,-0.39587,-0.28844,-0.13983,0.86055,NaN,NaN,NaN,NaN,NaN,NaN,NaN,NaN,NaN,NaN,NaN,NaN,NaN,NaN,NaN,NaN,NaN,NaN,NaN,NaN,NaN,
7.871,-0.01876,-0.00810,0.12978,-0.39604,-0.28792,-0.14019,0.86058,NaN,NaN,NaN,NaN,NaN,NaN,NaN,NaN,NaN,NaN,NaN,NaN,NaN,NaN,NaN,NaN,NaN,NaN,NaN,NaN,NaN,
7.896,-0.01877,-0.00810,0.12962,-0.39601,-0.28784,-0.14032,0.86060,NaN,NaN,NaN,NaN,NaN,NaN,NaN,NaN,NaN,NaN,NaN,NaN,NaN,NaN,NaN,NaN,NaN,NaN,NaN,NaN,NaN,
7.921,-0.01876,-0.00817,0.12968,-0.39555,-0.28729,-0.14154,0.86080,NaN,NaN,NaN,NaN,NaN,NaN,NaN,NaN,NaN,NaN,NaN,NaN,NaN,NaN,NaN,NaN,NaN,NaN,NaN,NaN,NaN,
7.946,-0.01864,-0.00822,0.12947,-0.39552,-0.28717,-0.14170,0.86082,NaN,NaN,NaN,NaN,NaN,NaN,NaN,NaN,NaN,NaN,NaN,NaN,NaN,NaN,NaN,NaN,NaN,NaN,NaN,NaN,NaN,
7.971,-0.01860,-0.00820,0.12948,-0.39561,-0.28675,-0.14207,0.86086,NaN,NaN,NaN,NaN,NaN,NaN,NaN,NaN,NaN,NaN,NaN,NaN,NaN,NaN,NaN,NaN,NaN,NaN,NaN,NaN,NaN,
7.996,-0.01861,-0.00830,0.12942,-0.39544,-0.28628,-0.14281,0.86097,NaN,NaN,NaN,NaN,NaN,NaN,NaN,NaN,NaN,NaN,NaN,NaN,NaN,NaN,NaN,NaN,NaN,NaN,NaN,NaN,NaN,
8.021,-0.01852,-0.00833,0.12941,-0.39539,-0.28582,-0.14340,0.86105,NaN,NaN,NaN,NaN,NaN,NaN,NaN,NaN,NaN,NaN,NaN,NaN,NaN,NaN,NaN,NaN,NaN,NaN,NaN,NaN,NaN,
8.046,-0.01855,-0.00840,0.12938,-0.39451,-0.28555,-0.14485,0.86130,NaN,NaN,NaN,NaN,NaN,NaN,NaN,NaN,NaN,NaN,NaN,NaN,NaN,NaN,NaN,NaN,NaN,NaN,NaN,NaN,NaN,
8.071,-0.01838,-0.00852,0.12935,-0.39413,-0.28406,-0.14701,0.86160,NaN,NaN,NaN,NaN,NaN,NaN,NaN,NaN,NaN,NaN,NaN,NaN,NaN,NaN,NaN,NaN,NaN,NaN,NaN,NaN,NaN,
8.096,-0.01824,-0.00871,0.12940,-0.39335,-0.28223,-0.15005,0.86204,NaN,NaN,NaN,NaN,NaN,NaN,NaN,NaN,NaN,NaN,NaN,NaN,NaN,NaN,NaN,NaN,NaN,NaN,NaN,NaN,NaN,
8.121,-0.01809,-0.00887,0.12926,-0.39250,-0.28083,-0.15270,0.86242,NaN,NaN,NaN,NaN,NaN,NaN,NaN,NaN,NaN,NaN,NaN,NaN,NaN,NaN,NaN,NaN,NaN,NaN,NaN,NaN,NaN,
8.146,-0.01799,-0.00908,0.12927,-0.39182,-0.27839,-0.15627,0.86288,NaN,NaN,NaN,NaN,NaN,NaN,NaN,NaN,NaN,NaN,NaN,NaN,NaN,NaN,NaN,NaN,NaN,NaN,NaN,NaN,NaN,
8.171,-0.01784,-0.00933,0.12918,-0.39027,-0.27673,-0.16007,0.86342,NaN,NaN,NaN,NaN,NaN,NaN,NaN,NaN,NaN,NaN,NaN,NaN,NaN,NaN,NaN,NaN,NaN,NaN,NaN,NaN,NaN,
8.196,-0.01767,-0.00951,0.12925,-0.39031,-0.27348,-0.16356,0.86378,NaN,NaN,NaN,NaN,NaN,NaN,NaN,NaN,NaN,NaN,NaN,NaN,NaN,NaN,NaN,NaN,NaN,NaN,NaN,NaN,NaN,
8.221,-0.01758,-0.00970,0.12917,-0.38908,-0.27261,-0.16607,0.86413,NaN,NaN,NaN,NaN,NaN,NaN,NaN,NaN,NaN,NaN,NaN,NaN,NaN,NaN,NaN,NaN,NaN,NaN,NaN,NaN,NaN,
8.246,-0.01755,-0.00969,0.12924,-0.38898,-0.27225,-0.16659,0.86419,NaN,NaN,NaN,NaN,NaN,NaN,NaN,NaN,NaN,NaN,NaN,NaN,NaN,NaN,NaN,NaN,NaN,NaN,NaN,NaN,NaN,
8.271,-0.01757,-0.00973,0.12917,-0.38879,-0.27221,-0.16686,0.86423,NaN,NaN,NaN,NaN,NaN,NaN,NaN,NaN,NaN,NaN,NaN,NaN,NaN,NaN,NaN,NaN,NaN,NaN,NaN,NaN,NaN,
8.296,-0.01748,-0.00971,0.12927,-0.38891,-0.27154,-0.16744,0.86428,NaN,NaN,NaN,NaN,NaN,NaN,NaN,NaN,NaN,NaN,NaN,NaN,NaN,NaN,NaN,NaN,NaN,NaN,NaN,NaN,NaN,
8.321,-0.01746,-0.00977,0.12920,-0.38853,-0.27147,-0.16800,0.86436,NaN,NaN,NaN,NaN,NaN,NaN,NaN,NaN,NaN,NaN,NaN,NaN,NaN,NaN,NaN,NaN,NaN,NaN,NaN,NaN,NaN,
8.346,-0.01737,-0.00997,0.12925,-0.38720,-0.26847,-0.17291,0.86493,NaN,NaN,NaN,NaN,NaN,NaN,NaN,NaN,NaN,NaN,NaN,NaN,NaN,NaN,NaN,NaN,NaN,NaN,NaN,NaN,NaN,
8.371,-0.01672,-0.01032,0.12948,-0.38883,-0.26172,-0.17805,0.86522,NaN,NaN,NaN,NaN,NaN,NaN,NaN,NaN,NaN,NaN,NaN,NaN,NaN,NaN,NaN,NaN,NaN,NaN,NaN,NaN,NaN,
8.396,-0.01667,-0.01054,0.12927,-0.38662,-0.25914,-0.18354,0.86584,NaN,NaN,NaN,NaN,NaN,NaN,NaN,NaN,NaN,NaN,NaN,NaN,NaN,NaN,NaN,NaN,NaN,NaN,NaN,NaN,NaN,
8.421,-0.01653,-0.01080,0.12941,-0.38670,-0.25157,-0.19136,0.86635,NaN,NaN,NaN,NaN,NaN,NaN,NaN,NaN,NaN,NaN,NaN,NaN,NaN,NaN,NaN,NaN,NaN,NaN,NaN,NaN,NaN,
8.446,-0.01585,-0.01137,0.12956,-0.38598,-0.24710,-0.19686,0.86672,NaN,NaN,NaN,NaN,NaN,NaN,NaN,NaN,NaN,NaN,NaN,NaN,NaN,NaN,NaN,NaN,NaN,NaN,NaN,NaN,NaN,
8.471,-0.01604,-0.01163,0.12939,-0.38382,-0.24538,-0.20127,0.86716,NaN,NaN,NaN,NaN,NaN,NaN,NaN,NaN,NaN,NaN,NaN,NaN,NaN,NaN,NaN,NaN,NaN,NaN,NaN,NaN,NaN,
8.496,-0.01536,-0.01204,0.12976,-0.38580,-0.23894,-0.20541,0.86711,NaN,NaN,NaN,NaN,NaN,NaN,NaN,NaN,NaN,NaN,NaN,NaN,NaN,NaN,NaN,NaN,NaN,NaN,NaN,NaN,NaN,
8.521,-0.01559,-0.01198,0.12952,-0.38302,-0.24099,-0.20672,0.86746,NaN,NaN,NaN,NaN,NaN,NaN,NaN,NaN,NaN,NaN,NaN,NaN,NaN,NaN,NaN,NaN,NaN,NaN,NaN,NaN,NaN,
8.546,-0.01559,-0.01218,0.12964,-0.38245,-0.24014,-0.20828,0.86758,NaN,NaN,NaN,NaN,NaN,NaN,NaN,NaN,NaN,NaN,NaN,NaN,NaN,NaN,NaN,NaN,NaN,NaN,NaN,NaN,NaN,
8.571,-0.01534,-0.01233,0.12974,-0.38263,-0.23850,-0.20970,0.86760,NaN,NaN,NaN,NaN,NaN,NaN,NaN,NaN,NaN,NaN,NaN,NaN,NaN,NaN,NaN,NaN,NaN,NaN,NaN,NaN,NaN,
8.596,-0.01543,-0.01247,0.12967,-0.38069,-0.23731,-0.21325,0.86792,NaN,NaN,NaN,NaN,NaN,NaN,NaN,NaN,NaN,NaN,NaN,NaN,NaN,NaN,NaN,NaN,NaN,NaN,NaN,NaN,NaN,
8.621,-0.01513,-0.01288,0.12981,-0.38161,-0.23252,-0.21694,0.86790,NaN,NaN,NaN,NaN,NaN,NaN,NaN,NaN,NaN,NaN,NaN,NaN,NaN,NaN,NaN,NaN,NaN,NaN,NaN,NaN,NaN,
8.646,-0.01503,-0.01305,0.12995,-0.38036,-0.23172,-0.21923,0.86808,NaN,NaN,NaN,NaN,NaN,NaN,NaN,NaN,NaN,NaN,NaN,NaN,NaN,NaN,NaN,NaN,NaN,NaN,NaN,NaN,NaN,
8.671,-0.01504,-0.01310,0.12998,-0.38018,-0.23156,-0.21961,0.86811,NaN,NaN,NaN,NaN,NaN,NaN,NaN,NaN,NaN,NaN,NaN,NaN,NaN,NaN,NaN,NaN,NaN,NaN,NaN,NaN,NaN,
8.696,-0.01500,-0.01313,0.13000,-0.38026,-0.23095,-0.22012,0.86811,NaN,NaN,NaN,NaN,NaN,NaN,NaN,NaN,NaN,NaN,NaN,NaN,NaN,NaN,NaN,NaN,NaN,NaN,NaN,NaN,NaN,
8.721,-0.01497,-0.01314,0.13016,-0.37984,-0.23046,-0.22110,0.86817,NaN,NaN,NaN,NaN,NaN,NaN,NaN,NaN,NaN,NaN,NaN,NaN,NaN,NaN,NaN,NaN,NaN,NaN,NaN,NaN,NaN,
8.746,-0.01499,-0.01312,0.13011,-0.37993,-0.23051,-0.22095,0.86816,NaN,NaN,NaN,NaN,NaN,NaN,NaN,NaN,NaN,NaN,NaN,NaN,NaN,NaN,NaN,NaN,NaN,NaN,NaN,NaN,NaN,
8.771,-0.01505,-0.01317,0.13023,-0.37977,-0.23049,-0.22116,0.86818,NaN,NaN,NaN,NaN,NaN,NaN,NaN,NaN,NaN,NaN,NaN,NaN,NaN,NaN,NaN,NaN,NaN,NaN,NaN,NaN,NaN,
8.796,-0.01505,-0.01318,0.13037,-0.38012,-0.23048,-0.22074,0.86813,NaN,NaN,NaN,NaN,NaN,NaN,NaN,NaN,NaN,NaN,NaN,NaN,NaN,NaN,NaN,NaN,NaN,NaN,NaN,NaN,NaN,
8.821,-0.01510,-0.01320,0.13033,-0.38024,-0.23096,-0.22014,0.86811,NaN,NaN,NaN,NaN,NaN,NaN,NaN,NaN,NaN,NaN,NaN,NaN,NaN,NaN,NaN,NaN,NaN,NaN,NaN,NaN,NaN,
8.846,-0.01516,-0.01320,0.13044,-0.38024,-0.23082,-0.22027,0.86811,NaN,NaN,NaN,NaN,NaN,NaN,NaN,NaN,NaN,NaN,NaN,NaN,NaN,NaN,NaN,NaN,NaN,NaN,NaN,NaN,NaN,
8.871,-0.01518,-0.01325,0.13065,-0.38045,-0.23044,-0.22039,0.86809,NaN,NaN,NaN,NaN,NaN,NaN,NaN,NaN,NaN,NaN,NaN,NaN,NaN,NaN,NaN,NaN,NaN,NaN,NaN,NaN,NaN,
8.896,-0.01480,-0.01334,0.13072,-0.37858,-0.23619,-0.21692,0.86824,NaN,NaN,NaN,NaN,NaN,NaN,NaN,NaN,NaN,NaN,NaN,NaN,NaN,NaN,NaN,NaN,NaN,NaN,NaN,NaN,NaN,
8.921,-0.01603,-0.01317,0.13020,-0.37417,-0.24547,-0.21288,0.86857,NaN,NaN,NaN,NaN,NaN,NaN,NaN,NaN,NaN,NaN,NaN,NaN,NaN,NaN,NaN,NaN,NaN,NaN,NaN,NaN,NaN,
8.946,-0.01634,-0.01318,0.13020,-0.37275,-0.24874,-0.21128,0.86865,NaN,NaN,NaN,NaN,NaN,NaN,NaN,NaN,NaN,NaN,NaN,NaN,NaN,NaN,NaN,NaN,NaN,NaN,NaN,NaN,NaN,
8.971,-0.01635,-0.01307,0.13015,-0.37331,-0.24954,-0.20979,0.86854,NaN,NaN,NaN,NaN,NaN,NaN,NaN,NaN,NaN,NaN,NaN,NaN,NaN,NaN,NaN,NaN,NaN,NaN,NaN,NaN,NaN,
8.996,-0.01635,-0.01299,0.13006,-0.37391,-0.25002,-0.20858,0.86843,NaN,NaN,NaN,NaN,NaN,NaN,NaN,NaN,NaN,NaN,NaN,NaN,NaN,NaN,NaN,NaN,NaN,NaN,NaN,NaN,NaN,
9.021,-0.01630,-0.01300,0.13002,-0.37481,-0.25064,-0.20686,0.86828,NaN,NaN,NaN,NaN,NaN,NaN,NaN,NaN,NaN,NaN,NaN,NaN,NaN,NaN,NaN,NaN,NaN,NaN,NaN,NaN,NaN,
9.046,-0.01661,-0.01288,0.12979,-0.37386,-0.25270,-0.20590,0.86832,NaN,NaN,NaN,NaN,NaN,NaN,NaN,NaN,NaN,NaN,NaN,NaN,NaN,NaN,NaN,NaN,NaN,NaN,NaN,NaN,NaN,
9.071,-0.01651,-0.01286,0.12978,-0.37459,-0.25281,-0.20490,0.86821,NaN,NaN,NaN,NaN,NaN,NaN,NaN,NaN,NaN,NaN,NaN,NaN,NaN,NaN,NaN,NaN,NaN,NaN,NaN,NaN,NaN,
9.096,-0.01648,-0.01271,0.12966,-0.37590,-0.25270,-0.20343,0.86802,NaN,NaN,NaN,NaN,NaN,NaN,NaN,NaN,NaN,NaN,NaN,NaN,NaN,NaN,NaN,NaN,NaN,NaN,NaN,NaN,NaN,
9.121,-0.01643,-0.01271,0.12968,-0.37640,-0.25182,-0.20372,0.86799,NaN,NaN,NaN,NaN,NaN,NaN,NaN,NaN,NaN,NaN,NaN,NaN,NaN,NaN,NaN,NaN,NaN,NaN,NaN,NaN,NaN,
9.146,-0.01626,-0.01267,0.12957,-0.37721,-0.25109,-0.20348,0.86790,NaN,NaN,NaN,NaN,NaN,NaN,NaN,NaN,NaN,NaN,NaN,NaN,NaN,NaN,NaN,NaN,NaN,NaN,NaN,NaN,NaN,
9.171,-0.01630,-0.01268,0.12956,-0.37698,-0.25077,-0.20408,0.86795,NaN,NaN,NaN,NaN,NaN,NaN,NaN,NaN,NaN,NaN,NaN,NaN,NaN,NaN,NaN,NaN,NaN,NaN,NaN,NaN,NaN,
9.196,-0.01622,-0.01269,0.12950,-0.37764,-0.25009,-0.20399,0.86789,NaN,NaN,NaN,NaN,NaN,NaN,NaN,NaN,NaN,NaN,NaN,NaN,NaN,NaN,NaN,NaN,NaN,NaN,NaN,NaN,NaN,
9.221,-0.01618,-0.01268,0.12946,-0.37789,-0.24965,-0.20414,0.86787,NaN,NaN,NaN,NaN,NaN,NaN,NaN,NaN,NaN,NaN,NaN,NaN,NaN,NaN,NaN,NaN,NaN,NaN,NaN,NaN,NaN,
9.246,-0.01621,-0.01267,0.12945,-0.37803,-0.24938,-0.20424,0.86786,NaN,NaN,NaN,NaN,NaN,NaN,NaN,NaN,NaN,NaN,NaN,NaN,NaN,NaN,NaN,NaN,NaN,NaN,NaN,NaN,NaN,
9.271,-0.01618,-0.01267,0.12946,-0.37828,-0.24906,-0.20427,0.86784,NaN,NaN,NaN,NaN,NaN,NaN,NaN,NaN,NaN,NaN,NaN,NaN,NaN,NaN,NaN,NaN,NaN,NaN,NaN,NaN,NaN,
9.296,-0.01622,-0.01263,0.12948,-0.37806,-0.24921,-0.20438,0.86787,NaN,NaN,NaN,NaN,NaN,NaN,NaN,NaN,NaN,NaN,NaN,NaN,NaN,NaN,NaN,NaN,NaN,NaN,NaN,NaN,NaN,
9.321,-0.01619,-0.01268,0.12952,-0.37818,-0.24882,-0.20464,0.86787,NaN,NaN,NaN,NaN,NaN,NaN,NaN,NaN,NaN,NaN,NaN,NaN,NaN,NaN,NaN,NaN,NaN,NaN,NaN,NaN,NaN,
9.346,-0.01619,-0.01263,0.12948,-0.37813,-0.24896,-0.20455,0.86787,NaN,NaN,NaN,NaN,NaN,NaN,NaN,NaN,NaN,NaN,NaN,NaN,NaN,NaN,NaN,NaN,NaN,NaN,NaN,NaN,NaN,
9.371,-0.01619,-0.01264,0.12952,-0.37804,-0.24863,-0.20499,0.86790,NaN,NaN,NaN,NaN,NaN,NaN,NaN,NaN,NaN,NaN,NaN,NaN,NaN,NaN,NaN,NaN,NaN,NaN,NaN,NaN,NaN,
9.396,-0.01611,-0.01269,0.12948,-0.37802,-0.24836,-0.20530,0.86791,NaN,NaN,NaN,NaN,NaN,NaN,NaN,NaN,NaN,NaN,NaN,NaN,NaN,NaN,NaN,NaN,NaN,NaN,NaN,NaN,NaN,
9.421,-0.01610,-0.01271,0.12947,-0.37787,-0.24791,-0.20594,0.86795,NaN,NaN,NaN,NaN,NaN,NaN,NaN,NaN,NaN,NaN,NaN,NaN,NaN,NaN,NaN,NaN,NaN,NaN,NaN,NaN,NaN,
9.446,-0.01606,-0.01276,0.12949,-0.37780,-0.24718,-0.20677,0.86800,NaN,NaN,NaN,NaN,NaN,NaN,NaN,NaN,NaN,NaN,NaN,NaN,NaN,NaN,NaN,NaN,NaN,NaN,NaN,NaN,NaN,
9.471,-0.01599,-0.01288,0.12949,-0.37760,-0.24533,-0.20889,0.86810,NaN,NaN,NaN,NaN,NaN,NaN,NaN,NaN,NaN,NaN,NaN,NaN,NaN,NaN,NaN,NaN,NaN,NaN,NaN,NaN,NaN,
9.496,-0.01579,-0.01309,0.12952,-0.37739,-0.24177,-0.21274,0.86825,NaN,NaN,NaN,NaN,NaN,NaN,NaN,NaN,NaN,NaN,NaN,NaN,NaN,NaN,NaN,NaN,NaN,NaN,NaN,NaN,NaN,
9.521,-0.01552,-0.01334,0.12960,-0.37688,-0.23754,-0.21762,0.86844,NaN,NaN,NaN,NaN,NaN,NaN,NaN,NaN,NaN,NaN,NaN,NaN,NaN,NaN,NaN,NaN,NaN,NaN,NaN,NaN,NaN,
9.546,-0.01514,-0.01370,0.12961,-0.37646,-0.23263,-0.22300,0.86858,NaN,NaN,NaN,NaN,NaN,NaN,NaN,NaN,NaN,NaN,NaN,NaN,NaN,NaN,NaN,NaN,NaN,NaN,NaN,NaN,NaN,
9.571,-0.01468,-0.01402,0.12982,-0.37801,-0.22676,-0.22693,0.86844,NaN,NaN,NaN,NaN,NaN,NaN,NaN,NaN,NaN,NaN,NaN,NaN,NaN,NaN,NaN,NaN,NaN,NaN,NaN,NaN,NaN,
9.596,-0.01453,-0.01402,0.12984,-0.37881,-0.22410,-0.22859,0.86835,NaN,NaN,NaN,NaN,NaN,NaN,NaN,NaN,NaN,NaN,NaN,NaN,NaN,NaN,NaN,NaN,NaN,NaN,NaN,NaN,NaN,
9.621,-0.01437,-0.01404,0.13000,-0.37990,-0.22151,-0.22983,0.86821,NaN,NaN,NaN,NaN,NaN,NaN,NaN,NaN,NaN,NaN,NaN,NaN,NaN,NaN,NaN,NaN,NaN,NaN,NaN,NaN,NaN,
9.646,-0.01426,-0.01410,0.13001,-0.38041,-0.21993,-0.23076,0.86814,NaN,NaN,NaN,NaN,NaN,NaN,NaN,NaN,NaN,NaN,NaN,NaN,NaN,NaN,NaN,NaN,NaN,NaN,NaN,NaN,NaN,
9.671,-0.01421,-0.01415,0.13010,-0.38086,-0.21823,-0.23188,0.86808,NaN,NaN,NaN,NaN,NaN,NaN,NaN,NaN,NaN,NaN,NaN,NaN,NaN,NaN,NaN,NaN,NaN,NaN,NaN,NaN,NaN,
9.696,-0.01422,-0.01425,0.13021,-0.38030,-0.21702,-0.23372,0.86813,NaN,NaN,NaN,NaN,NaN,NaN,NaN,NaN,NaN,NaN,NaN,NaN,NaN,NaN,NaN,NaN,NaN,NaN,NaN,NaN,NaN,
9.721,-0.01405,-0.01428,0.13036,-0.38073,-0.21581,-0.23438,0.86807,NaN,NaN,NaN,NaN,NaN,NaN,NaN,NaN,NaN,NaN,NaN,NaN,NaN,NaN,NaN,NaN,NaN,NaN,NaN,NaN,NaN,
9.746,-0.01411,-0.01424,0.13035,-0.38044,-0.21593,-0.23459,0.86810,NaN,NaN,NaN,NaN,NaN,NaN,NaN,NaN,NaN,NaN,NaN,NaN,NaN,NaN,NaN,NaN,NaN,NaN,NaN,NaN,NaN,
9.771,-0.01407,-0.01428,0.13039,-0.38053,-0.21548,-0.23493,0.86809,NaN,NaN,NaN,NaN,NaN,NaN,NaN,NaN,NaN,NaN,NaN,NaN,NaN,NaN,NaN,NaN,NaN,NaN,NaN,NaN,NaN,
9.796,-0.01403,-0.01428,0.13040,-0.38061,-0.21503,-0.23527,0.86807,NaN,NaN,NaN,NaN,NaN,NaN,NaN,NaN,NaN,NaN,NaN,NaN,NaN,NaN,NaN,NaN,NaN,NaN,NaN,NaN,NaN,
9.821,-0.01403,-0.01429,0.13043,-0.38062,-0.21469,-0.23559,0.86807,NaN,NaN,NaN,NaN,NaN,NaN,NaN,NaN,NaN,NaN,NaN,NaN,NaN,NaN,NaN,NaN,NaN,NaN,NaN,NaN,NaN,
9.846,-0.01400,-0.01433,0.13039,-0.38084,-0.21442,-0.23559,0.86804,NaN,NaN,NaN,NaN,NaN,NaN,NaN,NaN,NaN,NaN,NaN,NaN,NaN,NaN,NaN,NaN,NaN,NaN,NaN,NaN,NaN,
9.871,-0.01401,-0.01435,0.13041,-0.38066,-0.21425,-0.23596,0.86805,NaN,NaN,NaN,NaN,NaN,NaN,NaN,NaN,NaN,NaN,NaN,NaN,NaN,NaN,NaN,NaN,NaN,NaN,NaN,NaN,NaN,
9.896,-0.01395,-0.01437,0.13038,-0.38105,-0.21329,-0.23641,0.86799,NaN,NaN,NaN,NaN,NaN,NaN,NaN,NaN,NaN,NaN,NaN,NaN,NaN,NaN,NaN,NaN,NaN,NaN,NaN,NaN,NaN,
9.921,-0.01385,-0.01455,0.13041,-0.38028,-0.21148,-0.23906,0.86805,NaN,NaN,NaN,NaN,NaN,NaN,NaN,NaN,NaN,NaN,NaN,NaN,NaN,NaN,NaN,NaN,NaN,NaN,NaN,NaN,NaN,
9.946,-0.01339,-0.01470,0.13047,-0.38244,-0.20643,-0.24135,0.86769,NaN,NaN,NaN,NaN,NaN,NaN,NaN,NaN,NaN,NaN,NaN,NaN,NaN,NaN,NaN,NaN,NaN,NaN,NaN,NaN,NaN,
9.971,-0.01302,-0.01481,0.13046,-0.38390,-0.20090,-0.24487,0.86735,NaN,NaN,NaN,NaN,NaN,NaN,NaN,NaN,NaN,NaN,NaN,NaN,NaN,NaN,NaN,NaN,NaN,NaN,NaN,NaN,NaN,
9.996,-0.01283,-0.01518,0.13033,-0.38288,-0.19802,-0.24877,0.86735,NaN,NaN,NaN,NaN,NaN,NaN,NaN,NaN,NaN,NaN,NaN,NaN,NaN,NaN,NaN,NaN,NaN,NaN,NaN,NaN,NaN,
10.021,-0.01270,-0.01531,0.13023,-0.38260,-0.19666,-0.25037,0.86733,NaN,NaN,NaN,NaN,NaN,NaN,NaN,NaN,NaN,NaN,NaN,NaN,NaN,NaN,NaN,NaN,NaN,NaN,NaN,NaN,NaN,
10.046,-0.01259,-0.01539,0.13019,-0.38276,-0.19521,-0.25153,0.86725,NaN,NaN,NaN,NaN,NaN,NaN,NaN,NaN,NaN,NaN,NaN,NaN,NaN,NaN,NaN,NaN,NaN,NaN,NaN,NaN,NaN,
10.071,-0.01245,-0.01547,0.13007,-0.38334,-0.19376,-0.25221,0.86712,NaN,NaN,NaN,NaN,NaN,NaN,NaN,NaN,NaN,NaN,NaN,NaN,NaN,NaN,NaN,NaN,NaN,NaN,NaN,NaN,NaN,
10.096,-0.01239,-0.01552,0.13003,-0.38352,-0.19255,-0.25312,0.86704,NaN,NaN,NaN,NaN,NaN,NaN,NaN,NaN,NaN,NaN,NaN,NaN,NaN,NaN,NaN,NaN,NaN,NaN,NaN,NaN,NaN,
10.121,-0.01228,-0.01556,0.12994,-0.38393,-0.19159,-0.25355,0.86695,NaN,NaN,NaN,NaN,NaN,NaN,NaN,NaN,NaN,NaN,NaN,NaN,NaN,NaN,NaN,NaN,NaN,NaN,NaN,NaN,NaN,
10.146,-0.01218,-0.01554,0.12990,-0.38425,-0.19074,-0.25395,0.86688,NaN,NaN,NaN,NaN,NaN,NaN,NaN,NaN,NaN,NaN,NaN,NaN,NaN,NaN,NaN,NaN,NaN,NaN,NaN,NaN,NaN,
10.171,-0.01216,-0.01557,0.12981,-0.38436,-0.19052,-0.25404,0.86686,NaN,NaN,NaN,NaN,NaN,NaN,NaN,NaN,NaN,NaN,NaN,NaN,NaN,NaN,NaN,NaN,NaN,NaN,NaN,NaN,NaN,
10.196,-0.01215,-0.01558,0.12980,-0.38433,-0.19026,-0.25430,0.86685,NaN,NaN,NaN,NaN,NaN,NaN,NaN,NaN,NaN,NaN,NaN,NaN,NaN,NaN,NaN,NaN,NaN,NaN,NaN,NaN,NaN,
10.221,-0.01209,-0.01557,0.12982,-0.38438,-0.19004,-0.25445,0.86683,NaN,NaN,NaN,NaN,NaN,NaN,NaN,NaN,NaN,NaN,NaN,NaN,NaN,NaN,NaN,NaN,NaN,NaN,NaN,NaN,NaN,
10.246,-0.01207,-0.01558,0.12974,-0.38456,-0.19006,-0.25422,0.86681,NaN,NaN,NaN,NaN,NaN,NaN,NaN,NaN,NaN,NaN,NaN,NaN,NaN,NaN,NaN,NaN,NaN,NaN,NaN,NaN,NaN,
10.271,-0.01213,-0.01559,0.12976,-0.38437,-0.19009,-0.25442,0.86683,NaN,NaN,NaN,NaN,NaN,NaN,NaN,NaN,NaN,NaN,NaN,NaN,NaN,NaN,NaN,NaN,NaN,NaN,NaN,NaN,NaN,
10.296,-0.01208,-0.01563,0.12977,-0.38446,-0.18990,-0.25449,0.86681,NaN,NaN,NaN,NaN,NaN,NaN,NaN,NaN,NaN,NaN,NaN,NaN,NaN,NaN,NaN,NaN,NaN,NaN,NaN,NaN,NaN,
10.321,-0.01210,-0.01562,0.12974,-0.38434,-0.19004,-0.25450,0.86683,NaN,NaN,NaN,NaN,NaN,NaN,NaN,NaN,NaN,NaN,NaN,NaN,NaN,NaN,NaN,NaN,NaN,NaN,NaN,NaN,NaN,
10.346,-0.01210,-0.01568,0.12984,-0.38436,-0.18964,-0.25485,0.86681,NaN,NaN,NaN,NaN,NaN,NaN,NaN,NaN,NaN,NaN,NaN,NaN,NaN,NaN,NaN,NaN,NaN,NaN,NaN,NaN,NaN,
10.371,-0.01209,-0.01560,0.12979,-0.38438,-0.19009,-0.25441,0.86683,NaN,NaN,NaN,NaN,NaN,NaN,NaN,NaN,NaN,NaN,NaN,NaN,NaN,NaN,NaN,NaN,NaN,NaN,NaN,NaN,NaN,
10.396,-0.01216,-0.01559,0.12979,-0.38461,-0.18986,-0.25435,0.86680,NaN,NaN,NaN,NaN,NaN,NaN,NaN,NaN,NaN,NaN,NaN,NaN,NaN,NaN,NaN,NaN,NaN,NaN,NaN,NaN,NaN,
10.421,-0.01220,-0.01576,0.12983,-0.38223,-0.19232,-0.25485,0.86716,NaN,NaN,NaN,NaN,NaN,NaN,NaN,NaN,NaN,NaN,NaN,NaN,NaN,NaN,NaN,NaN,NaN,NaN,NaN,NaN,NaN,
10.446,-0.01249,-0.01591,0.12978,-0.37909,-0.19630,-0.25480,0.86766,NaN,NaN,NaN,NaN,NaN,NaN,NaN,NaN,NaN,NaN,NaN,NaN,NaN,NaN,NaN,NaN,NaN,NaN,NaN,NaN,NaN,
10.471,-0.01254,-0.01608,0.12986,-0.37661,-0.19837,-0.25574,0.86799,NaN,NaN,NaN,NaN,NaN,NaN,NaN,NaN,NaN,NaN,NaN,NaN,NaN,NaN,NaN,NaN,NaN,NaN,NaN,NaN,NaN,
10.496,-0.01228,-0.01617,0.12992,-0.37796,-0.19490,-0.25742,0.86770,NaN,NaN,NaN,NaN,NaN,NaN,NaN,NaN,NaN,NaN,NaN,NaN,NaN,NaN,NaN,NaN,NaN,NaN,NaN,NaN,NaN,
10.521,-0.01216,-0.01642,0.13001,-0.37663,-0.19357,-0.26018,0.86775,NaN,NaN,NaN,NaN,NaN,NaN,NaN,NaN,NaN,NaN,NaN,NaN,NaN,NaN,NaN,NaN,NaN,NaN,NaN,NaN,NaN,
10.546,-0.01239,-0.01648,0.12999,-0.37528,-0.19483,-0.26057,0.86793,NaN,NaN,NaN,NaN,NaN,NaN,NaN,NaN,NaN,NaN,NaN,NaN,NaN,NaN,NaN,NaN,NaN,NaN,NaN,NaN,NaN,
10.571,-0.01233,-0.01651,0.13005,-0.37495,-0.19501,-0.26078,0.86797,NaN,NaN,NaN,NaN,NaN,NaN,NaN,NaN,NaN,NaN,NaN,NaN,NaN,NaN,NaN,NaN,NaN,NaN,NaN,NaN,NaN,
10.596,-0.01241,-0.01653,0.13012,-0.37421,-0.19537,-0.26130,0.86805,NaN,NaN,NaN,NaN,NaN,NaN,NaN,NaN,NaN,NaN,NaN,NaN,NaN,NaN,NaN,NaN,NaN,NaN,NaN,NaN,NaN,
10.621,-0.01244,-0.01662,0.13019,-0.37338,-0.19581,-0.26185,0.86815,NaN,NaN,NaN,NaN,NaN,NaN,NaN,NaN,NaN,NaN,NaN,NaN,NaN,NaN,NaN,NaN,NaN,NaN,NaN,NaN,NaN,
10.646,-0.01241,-0.01666,0.13018,-0.37301,-0.19617,-0.26195,0.86820,NaN,NaN,NaN,NaN,NaN,NaN,NaN,NaN,NaN,NaN,NaN,NaN,NaN,NaN,NaN,NaN,NaN,NaN,NaN,NaN,NaN,
10.671,-0.01249,-0.01664,0.13014,-0.37266,-0.19655,-0.26199,0.86825,NaN,NaN,NaN,NaN,NaN,NaN,NaN,NaN,NaN,NaN,NaN,NaN,NaN,NaN,NaN,NaN,NaN,NaN,NaN,NaN,NaN,
10.696,-0.01244,-0.01665,0.13015,-0.37295,-0.19633,-0.26187,0.86821,NaN,NaN,NaN,NaN,NaN,NaN,NaN,NaN,NaN,NaN,NaN,NaN,NaN,NaN,NaN,NaN,NaN,NaN,NaN,NaN,NaN,
10.721,-0.01246,-0.01667,0.13019,-0.37282,-0.19621,-0.26212,0.86822,NaN,NaN,NaN,NaN,NaN,NaN,NaN,NaN,NaN,NaN,NaN,NaN,NaN,NaN,NaN,NaN,NaN,NaN,NaN,NaN,NaN,
10.746,-0.01250,-0.01668,0.13020,-0.37272,-0.19619,-0.26225,0.86822,NaN,NaN,NaN,NaN,NaN,NaN,NaN,NaN,NaN,NaN,NaN,NaN,NaN,NaN,NaN,NaN,NaN,NaN,NaN,NaN,NaN,
10.771,-0.01248,-0.01666,0.13020,-0.37294,-0.19610,-0.26208,0.86820,NaN,NaN,NaN,NaN,NaN,NaN,NaN,NaN,NaN,NaN,NaN,NaN,NaN,NaN,NaN,NaN,NaN,NaN,NaN,NaN,NaN,
10.796,-0.01249,-0.01665,0.13022,-0.37276,-0.19609,-0.26231,0.86821,NaN,NaN,NaN,NaN,NaN,NaN,NaN,NaN,NaN,NaN,NaN,NaN,NaN,NaN,NaN,NaN,NaN,NaN,NaN,NaN,NaN,
10.821,-0.01247,-0.01665,0.13019,-0.37297,-0.19608,-0.26207,0.86820,NaN,NaN,NaN,NaN,NaN,NaN,NaN,NaN,NaN,NaN,NaN,NaN,NaN,NaN,NaN,NaN,NaN,NaN,NaN,NaN,NaN,
10.846,-0.01246,-0.01666,0.13019,-0.37287,-0.19612,-0.26215,0.86821,NaN,NaN,NaN,NaN,NaN,NaN,NaN,NaN,NaN,NaN,NaN,NaN,NaN,NaN,NaN,NaN,NaN,NaN,NaN,NaN,NaN,
10.871,-0.01246,-0.01665,0.13019,-0.37279,-0.19614,-0.26222,0.86821,NaN,NaN,NaN,NaN,NaN,NaN,NaN,NaN,NaN,NaN,NaN,NaN,NaN,NaN,NaN,NaN,NaN,NaN,NaN,NaN,NaN,
10.896,-0.01245,-0.01665,0.13018,-0.37279,-0.19608,-0.26228,0.86821,NaN,NaN,NaN,NaN,NaN,NaN,NaN,NaN,NaN,NaN,NaN,NaN,NaN,NaN,NaN,NaN,NaN,NaN,NaN,NaN,NaN,
10.921,-0.01242,-0.01670,0.13015,-0.37289,-0.19523,-0.26295,0.86816,NaN,NaN,NaN,NaN,NaN,NaN,NaN,NaN,NaN,NaN,NaN,NaN,NaN,NaN,NaN,NaN,NaN,NaN,NaN,NaN,NaN,
10.946,-0.01235,-0.01676,0.13015,-0.37310,-0.19412,-0.26374,0.86808,NaN,NaN,NaN,NaN,NaN,NaN,NaN,NaN,NaN,NaN,NaN,NaN,NaN,NaN,NaN,NaN,NaN,NaN,NaN,NaN,NaN,
10.971,-0.01224,-0.01693,0.13014,-0.37272,-0.19190,-0.26622,0.86798,NaN,NaN,NaN,NaN,NaN,NaN,NaN,NaN,NaN,NaN,NaN,NaN,NaN,NaN,NaN,NaN,NaN,NaN,NaN,NaN,NaN,
10.996,-0.01189,-0.01702,0.13014,-0.37457,-0.18682,-0.26875,0.86751,NaN,NaN,NaN,NaN,NaN,NaN,NaN,NaN,NaN,NaN,NaN,NaN,NaN,NaN,NaN,NaN,NaN,NaN,NaN,NaN,NaN,
11.021,-0.01145,-0.01727,0.13012,-0.37503,-0.18324,-0.27148,0.86722,NaN,NaN,NaN,NaN,NaN,NaN,NaN,NaN,NaN,NaN,NaN,NaN,NaN,NaN,NaN,NaN,NaN,NaN,NaN,NaN,NaN,
11.046,-0.01128,-0.01736,0.13006,-0.37586,-0.18091,-0.27264,0.86699,NaN,NaN,NaN,NaN,NaN,NaN,NaN,NaN,NaN,NaN,NaN,NaN,NaN,NaN,NaN,NaN,NaN,NaN,NaN,NaN,NaN,
11.071,-0.01113,-0.01746,0.13005,-0.37615,-0.17927,-0.27378,0.86684,NaN,NaN,NaN,NaN,NaN,NaN,NaN,NaN,NaN,NaN,NaN,NaN,NaN,NaN,NaN,NaN,NaN,NaN,NaN,NaN,NaN,
11.096,-0.01103,-0.01745,0.12994,-0.37680,-0.17818,-0.27402,0.86671,NaN,NaN,NaN,NaN,NaN,NaN,NaN,NaN,NaN,NaN,NaN,NaN,NaN,NaN,NaN,NaN,NaN,NaN,NaN,NaN,NaN,
11.121,-0.01099,-0.01754,0.12995,-0.37703,-0.17678,-0.27502,0.86658,NaN,NaN,NaN,NaN,NaN,NaN,NaN,NaN,NaN,NaN,NaN,NaN,NaN,NaN,NaN,NaN,NaN,NaN,NaN,NaN,NaN,
11.146,-0.01086,-0.01757,0.12984,-0.37727,-0.17564,-0.27576,0.86647,NaN,NaN,NaN,NaN,NaN,NaN,NaN,NaN,NaN,NaN,NaN,NaN,NaN,NaN,NaN,NaN,NaN,NaN,NaN,NaN,NaN,
11.171,-0.01072,-0.01761,0.12983,-0.37817,-0.17342,-0.27672,0.86622,NaN,NaN,NaN,NaN,NaN,NaN,NaN,NaN,NaN,NaN,NaN,NaN,NaN,NaN,NaN,NaN,NaN,NaN,NaN,NaN,NaN,
11.196,-0.01061,-0.01772,0.12977,-0.37822,-0.17232,-0.27765,0.86612,NaN,NaN,NaN,NaN,NaN,NaN,NaN,NaN,NaN,NaN,NaN,NaN,NaN,NaN,NaN,NaN,NaN,NaN,NaN,NaN,NaN,
11.221,-0.01054,-0.01771,0.12984,-0.37832,-0.17143,-0.27834,0.86603,NaN,NaN,NaN,NaN,NaN,NaN,NaN,NaN,NaN,NaN,NaN,NaN,NaN,NaN,NaN,NaN,NaN,NaN,NaN,NaN,NaN,
11.246,-0.01044,-0.01774,0.12975,-0.37861,-0.17073,-0.27863,0.86595,NaN,NaN,NaN,NaN,NaN,NaN,NaN,NaN,NaN,NaN,NaN,NaN,NaN,NaN,NaN,NaN,NaN,NaN,NaN,NaN,NaN,
11.271,-0.01039,-0.01774,0.12974,-0.37873,-0.17031,-0.27886,0.86591,NaN,NaN,NaN,NaN,NaN,NaN,NaN,NaN,NaN,NaN,NaN,NaN,NaN,NaN,NaN,NaN,NaN,NaN,NaN,NaN,NaN,
11.296,-0.01038,-0.01777,0.12971,-0.37881,-0.17006,-0.27899,0.86588,NaN,NaN,NaN,NaN,NaN,NaN,NaN,NaN,NaN,NaN,NaN,NaN,NaN,NaN,NaN,NaN,NaN,NaN,NaN,NaN,NaN,
11.321,-0.01033,-0.01778,0.12964,-0.37911,-0.16977,-0.27892,0.86583,NaN,NaN,NaN,NaN,NaN,NaN,NaN,NaN,NaN,NaN,NaN,NaN,NaN,NaN,NaN,NaN,NaN,NaN,NaN,NaN,NaN,
11.346,-0.01036,-0.01779,0.12967,-0.37891,-0.16970,-0.27921,0.86584,NaN,NaN,NaN,NaN,NaN,NaN,NaN,NaN,NaN,NaN,NaN,NaN,NaN,NaN,NaN,NaN,NaN,NaN,NaN,NaN,NaN,
11.371,-0.01035,-0.01781,0.12967,-0.37903,-0.16953,-0.27922,0.86581,NaN,NaN,NaN,NaN,NaN,NaN,NaN,NaN,NaN,NaN,NaN,NaN,NaN,NaN,NaN,NaN,NaN,NaN,NaN,NaN,NaN,
11.396,-0.01035,-0.01779,0.12966,-0.37894,-0.16964,-0.27922,0.86583,NaN,NaN,NaN,NaN,NaN,NaN,NaN,NaN,NaN,NaN,NaN,NaN,NaN,NaN,NaN,NaN,NaN,NaN,NaN,NaN,NaN,
11.421,-0.01037,-0.01778,0.12968,-0.37893,-0.16964,-0.27923,0.86583,NaN,NaN,NaN,NaN,NaN,NaN,NaN,NaN,NaN,NaN,NaN,NaN,NaN,NaN,NaN,NaN,NaN,NaN,NaN,NaN,NaN,
11.446,-0.01032,-0.01782,0.12967,-0.37902,-0.16949,-0.27926,0.86581,NaN,NaN,NaN,NaN,NaN,NaN,NaN,NaN,NaN,NaN,NaN,NaN,NaN,NaN,NaN,NaN,NaN,NaN,NaN,NaN,NaN,
11.471,-0.01034,-0.01778,0.12968,-0.37889,-0.16979,-0.27914,0.86585,NaN,NaN,NaN,NaN,NaN,NaN,NaN,NaN,NaN,NaN,NaN,NaN,NaN,NaN,NaN,NaN,NaN,NaN,NaN,NaN,NaN,
11.496,-0.01033,-0.01779,0.12967,-0.37892,-0.16969,-0.27920,0.86584,NaN,NaN,NaN,NaN,NaN,NaN,NaN,NaN,NaN,NaN,NaN,NaN,NaN,NaN,NaN,NaN,NaN,NaN,NaN,NaN,NaN,
11.521,-0.01032,-0.01780,0.12966,-0.37895,-0.16958,-0.27926,0.86582,NaN,NaN,NaN,NaN,NaN,NaN,NaN,NaN,NaN,NaN,NaN,NaN,NaN,NaN,NaN,NaN,NaN,NaN,NaN,NaN,NaN,
11.546,-0.01032,-0.01780,0.12966,-0.37895,-0.16952,-0.27932,0.86582,NaN,NaN,NaN,NaN,NaN,NaN,NaN,NaN,NaN,NaN,NaN,NaN,NaN,NaN,NaN,NaN,NaN,NaN,NaN,NaN,NaN,
11.571,-0.01032,-0.01781,0.12967,-0.37895,-0.16946,-0.27937,0.86581,NaN,NaN,NaN,NaN,NaN,NaN,NaN,NaN,NaN,NaN,NaN,NaN,NaN,NaN,NaN,NaN,NaN,NaN,NaN,NaN,NaN,
11.596,-0.01031,-0.01781,0.12966,-0.37895,-0.16941,-0.27942,0.86581,NaN,NaN,NaN,NaN,NaN,NaN,NaN,NaN,NaN,NaN,NaN,NaN,NaN,NaN,NaN,NaN,NaN,NaN,NaN,NaN,NaN,
11.621,-0.01029,-0.01781,0.12967,-0.37897,-0.16933,-0.27946,0.86580,NaN,NaN,NaN,NaN,NaN,NaN,NaN,NaN,NaN,NaN,NaN,NaN,NaN,NaN,NaN,NaN,NaN,NaN,NaN,NaN,NaN,
11.646,-0.01022,-0.01784,0.12969,-0.37909,-0.16854,-0.28003,0.86572,NaN,NaN,NaN,NaN,NaN,NaN,NaN,NaN,NaN,NaN,NaN,NaN,NaN,NaN,NaN,NaN,NaN,NaN,NaN,NaN,NaN,
11.671,-0.01022,-0.01785,0.12967,-0.37969,-0.16697,-0.28075,0.86553,NaN,NaN,NaN,NaN,NaN,NaN,NaN,NaN,NaN,NaN,NaN,NaN,NaN,NaN,NaN,NaN,NaN,NaN,NaN,NaN,NaN,
11.696,-0.00991,-0.01781,0.12980,-0.38169,-0.16389,-0.28118,0.86510,NaN,NaN,NaN,NaN,NaN,NaN,NaN,NaN,NaN,NaN,NaN,NaN,NaN,NaN,NaN,NaN,NaN,NaN,NaN,NaN,NaN,
11.721,-0.00985,-0.01783,0.12985,-0.38261,-0.16198,-0.28181,0.86484,NaN,NaN,NaN,NaN,NaN,NaN,NaN,NaN,NaN,NaN,NaN,NaN,NaN,NaN,NaN,NaN,NaN,NaN,NaN,NaN,NaN,
11.746,-0.00963,-0.01779,0.12994,-0.38454,-0.15931,-0.28196,0.86443,NaN,NaN,NaN,NaN,NaN,NaN,NaN,NaN,NaN,NaN,NaN,NaN,NaN,NaN,NaN,NaN,NaN,NaN,NaN,NaN,NaN,
11.771,-0.00955,-0.01778,0.12996,-0.38564,-0.15735,-0.28243,0.86415,NaN,NaN,NaN,NaN,NaN,NaN,NaN,NaN,NaN,NaN,NaN,NaN,NaN,NaN,NaN,NaN,NaN,NaN,NaN,NaN,NaN,
11.796,-0.00949,-0.01779,0.13004,-0.38644,-0.15575,-0.28291,0.86392,NaN,NaN,NaN,NaN,NaN,NaN,NaN,NaN,NaN,NaN,NaN,NaN,NaN,NaN,NaN,NaN,NaN,NaN,NaN,NaN,NaN,
11.821,-0.00939,-0.01782,0.13006,-0.38695,-0.15461,-0.28333,0.86376,NaN,NaN,NaN,NaN,NaN,NaN,NaN,NaN,NaN,NaN,NaN,NaN,NaN,NaN,NaN,NaN,NaN,NaN,NaN,NaN,NaN,
11.846,-0.00933,-0.01778,0.13016,-0.38765,-0.15343,-0.28356,0.86358,NaN,NaN,NaN,NaN,NaN,NaN,NaN,NaN,NaN,NaN,NaN,NaN,NaN,NaN,NaN,NaN,NaN,NaN,NaN,NaN,NaN,
11.871,-0.00929,-0.01777,0.13010,-0.38793,-0.15318,-0.28346,0.86354,NaN,NaN,NaN,NaN,NaN,NaN,NaN,NaN,NaN,NaN,NaN,NaN,NaN,NaN,NaN,NaN,NaN,NaN,NaN,NaN,NaN,
11.896,-0.00928,-0.01777,0.13014,-0.38784,-0.15292,-0.28379,0.86352,NaN,NaN,NaN,NaN,NaN,NaN,NaN,NaN,NaN,NaN,NaN,NaN,NaN,NaN,NaN,NaN,NaN,NaN,NaN,NaN,NaN,
11.921,-0.00922,-0.01782,0.13009,-0.38804,-0.15242,-0.28399,0.86345,NaN,NaN,NaN,NaN,NaN,NaN,NaN,NaN,NaN,NaN,NaN,NaN,NaN,NaN,NaN,NaN,NaN,NaN,NaN,NaN,NaN,
11.946,-0.00912,-0.01786,0.13012,-0.38861,-0.15060,-0.28493,0.86320,NaN,NaN,NaN,NaN,NaN,NaN,NaN,NaN,NaN,NaN,NaN,NaN,NaN,NaN,NaN,NaN,NaN,NaN,NaN,NaN,NaN,
11.971,-0.00892,-0.01797,0.13009,-0.38936,-0.14834,-0.28604,0.86289,NaN,NaN,NaN,NaN,NaN,NaN,NaN,NaN,NaN,NaN,NaN,NaN,NaN,NaN,NaN,NaN,NaN,NaN,NaN,NaN,NaN,
11.996,-0.00877,-0.01804,0.13008,-0.39007,-0.14629,-0.28699,0.86260,NaN,NaN,NaN,NaN,NaN,NaN,NaN,NaN,NaN,NaN,NaN,NaN,NaN,NaN,NaN,NaN,NaN,NaN,NaN,NaN,NaN,
12.021,-0.00855,-0.01817,0.13013,-0.39042,-0.14376,-0.28877,0.86227,NaN,NaN,NaN,NaN,NaN,NaN,NaN,NaN,NaN,NaN,NaN,NaN,NaN,NaN,NaN,NaN,NaN,NaN,NaN,NaN,NaN,
12.046,-0.00821,-0.01817,0.13010,-0.39337,-0.13886,-0.28961,0.86146,NaN,NaN,NaN,NaN,NaN,NaN,NaN,NaN,NaN,NaN,NaN,NaN,NaN,NaN,NaN,NaN,NaN,NaN,NaN,NaN,NaN,
12.071,-0.00788,-0.01835,0.13010,-0.39386,-0.13560,-0.29182,0.86100,NaN,NaN,NaN,NaN,NaN,NaN,NaN,NaN,NaN,NaN,NaN,NaN,NaN,NaN,NaN,NaN,NaN,NaN,NaN,NaN,NaN,
12.096,-0.00773,-0.01840,0.13008,-0.39434,-0.13368,-0.29291,0.86072,NaN,NaN,NaN,NaN,NaN,NaN,NaN,NaN,NaN,NaN,NaN,NaN,NaN,NaN,NaN,NaN,NaN,NaN,NaN,NaN,NaN,
12.121,-0.00757,-0.01854,0.12999,-0.39544,-0.13043,-0.29440,0.86020,NaN,NaN,NaN,NaN,NaN,NaN,NaN,NaN,NaN,NaN,NaN,NaN,NaN,NaN,NaN,NaN,NaN,NaN,NaN,NaN,NaN,
12.146,-0.00720,-0.01863,0.13003,-0.39664,-0.12735,-0.29563,0.85969,NaN,NaN,NaN,NaN,NaN,NaN,NaN,NaN,NaN,NaN,NaN,NaN,NaN,NaN,NaN,NaN,NaN,NaN,NaN,NaN,NaN,
12.171,-0.00738,-0.01873,0.12986,-0.39622,-0.12632,-0.29697,0.85957,NaN,NaN,NaN,NaN,NaN,NaN,NaN,NaN,NaN,NaN,NaN,NaN,NaN,NaN,NaN,NaN,NaN,NaN,NaN,NaN,NaN,
12.196,-0.00679,-0.01889,0.13003,-0.39825,-0.12231,-0.29802,0.85885,NaN,NaN,NaN,NaN,NaN,NaN,NaN,NaN,NaN,NaN,NaN,NaN,NaN,NaN,NaN,NaN,NaN,NaN,NaN,NaN,NaN,
12.221,-0.00660,-0.01880,0.12989,-0.40005,-0.11988,-0.29799,0.85836,NaN,NaN,NaN,NaN,NaN,NaN,NaN,NaN,NaN,NaN,NaN,NaN,NaN,NaN,NaN,NaN,NaN,NaN,NaN,NaN,NaN,
12.246,-0.00640,-0.01890,0.12994,-0.40092,-0.11685,-0.29952,0.85785,NaN,NaN,NaN,NaN,NaN,NaN,NaN,NaN,NaN,NaN,NaN,NaN,NaN,NaN,NaN,NaN,NaN,NaN,NaN,NaN,NaN,
12.271,-0.00636,-0.01895,0.12985,-0.40095,-0.11606,-0.30013,0.85772,NaN,NaN,NaN,NaN,NaN,NaN,NaN,NaN,NaN,NaN,NaN,NaN,NaN,NaN,NaN,NaN,NaN,NaN,NaN,NaN,NaN,
12.296,-0.00627,-0.01899,0.12986,-0.40106,-0.11553,-0.30045,0.85763,NaN,NaN,NaN,NaN,NaN,NaN,NaN,NaN,NaN,NaN,NaN,NaN,NaN,NaN,NaN,NaN,NaN,NaN,NaN,NaN,NaN,
12.321,-0.00626,-0.01896,0.12988,-0.40084,-0.11557,-0.30067,0.85765,NaN,NaN,NaN,NaN,NaN,NaN,NaN,NaN,NaN,NaN,NaN,NaN,NaN,NaN,NaN,NaN,NaN,NaN,NaN,NaN,NaN,
12.346,-0.00629,-0.01896,0.12986,-0.40089,-0.11560,-0.30058,0.85766,NaN,NaN,NaN,NaN,NaN,NaN,NaN,NaN,NaN,NaN,NaN,NaN,NaN,NaN,NaN,NaN,NaN,NaN,NaN,NaN,NaN,
12.371,-0.00624,-0.01899,0.12985,-0.40098,-0.11551,-0.30056,0.85764,NaN,NaN,NaN,NaN,NaN,NaN,NaN,NaN,NaN,NaN,NaN,NaN,NaN,NaN,NaN,NaN,NaN,NaN,NaN,NaN,NaN,
12.396,-0.00627,-0.01901,0.12984,-0.40085,-0.11551,-0.30070,0.85764,NaN,NaN,NaN,NaN,NaN,NaN,NaN,NaN,NaN,NaN,NaN,NaN,NaN,NaN,NaN,NaN,NaN,NaN,NaN,NaN,NaN,
12.421,-0.00627,-0.01901,0.12986,-0.40081,-0.11545,-0.30080,0.85764,NaN,NaN,NaN,NaN,NaN,NaN,NaN,NaN,NaN,NaN,NaN,NaN,NaN,NaN,NaN,NaN,NaN,NaN,NaN,NaN,NaN,
12.446,-0.00623,-0.01903,0.12986,-0.40099,-0.11530,-0.30072,0.85760,NaN,NaN,NaN,NaN,NaN,NaN,NaN,NaN,NaN,NaN,NaN,NaN,NaN,NaN,NaN,NaN,NaN,NaN,NaN,NaN,NaN,
12.471,-0.00625,-0.01905,0.12990,-0.40083,-0.11521,-0.30097,0.85760,NaN,NaN,NaN,NaN,NaN,NaN,NaN,NaN,NaN,NaN,NaN,NaN,NaN,NaN,NaN,NaN,NaN,NaN,NaN,NaN,NaN,
12.496,-0.00620,-0.01907,0.12986,-0.40115,-0.11465,-0.30108,0.85749,NaN,NaN,NaN,NaN,NaN,NaN,NaN,NaN,NaN,NaN,NaN,NaN,NaN,NaN,NaN,NaN,NaN,NaN,NaN,NaN,NaN,
12.521,-0.00602,-0.01912,0.12989,-0.40185,-0.11272,-0.30186,0.85714,NaN,NaN,NaN,NaN,NaN,NaN,NaN,NaN,NaN,NaN,NaN,NaN,NaN,NaN,NaN,NaN,NaN,NaN,NaN,NaN,NaN,
12.546,-0.00584,-0.01914,0.12995,-0.40292,-0.11045,-0.30251,0.85670,NaN,NaN,NaN,NaN,NaN,NaN,NaN,NaN,NaN,NaN,NaN,NaN,NaN,NaN,NaN,NaN,NaN,NaN,NaN,NaN,NaN,
12.571,-0.00581,-0.01920,0.12996,-0.40343,-0.10920,-0.30296,0.85647,NaN,NaN,NaN,NaN,NaN,NaN,NaN,NaN,NaN,NaN,NaN,NaN,NaN,NaN,NaN,NaN,NaN,NaN,NaN,NaN,NaN,
12.596,-0.00565,-0.01928,0.13007,-0.40384,-0.10782,-0.30362,0.85621,NaN,NaN,NaN,NaN,NaN,NaN,NaN,NaN,NaN,NaN,NaN,NaN,NaN,NaN,NaN,NaN,NaN,NaN,NaN,NaN,NaN,
12.621,-0.00565,-0.01934,0.13014,-0.40372,-0.10753,-0.30400,0.85617,NaN,NaN,NaN,NaN,NaN,NaN,NaN,NaN,NaN,NaN,NaN,NaN,NaN,NaN,NaN,NaN,NaN,NaN,NaN,NaN,NaN,
12.646,-0.00566,-0.01937,0.13019,-0.40383,-0.10727,-0.30409,0.85612,NaN,NaN,NaN,NaN,NaN,NaN,NaN,NaN,NaN,NaN,NaN,NaN,NaN,NaN,NaN,NaN,NaN,NaN,NaN,NaN,NaN,
12.671,-0.00568,-0.01939,0.13027,-0.40366,-0.10709,-0.30442,0.85611,NaN,NaN,NaN,NaN,NaN,NaN,NaN,NaN,NaN,NaN,NaN,NaN,NaN,NaN,NaN,NaN,NaN,NaN,NaN,NaN,NaN,
12.696,-0.00568,-0.01943,0.13031,-0.40358,-0.10711,-0.30450,0.85612,NaN,NaN,NaN,NaN,NaN,NaN,NaN,NaN,NaN,NaN,NaN,NaN,NaN,NaN,NaN,NaN,NaN,NaN,NaN,NaN,NaN,
12.721,-0.00564,-0.01943,0.13037,-0.40383,-0.10678,-0.30449,0.85604,NaN,NaN,NaN,NaN,NaN,NaN,NaN,NaN,NaN,NaN,NaN,NaN,NaN,NaN,NaN,NaN,NaN,NaN,NaN,NaN,NaN,
12.746,-0.00564,-0.01942,0.13043,-0.40361,-0.10671,-0.30479,0.85605,NaN,NaN,NaN,NaN,NaN,NaN,NaN,NaN,NaN,NaN,NaN,NaN,NaN,NaN,NaN,NaN,NaN,NaN,NaN,NaN,NaN,
12.771,-0.00574,-0.01937,0.13035,-0.40350,-0.10774,-0.30407,0.85622,NaN,NaN,NaN,NaN,NaN,NaN,NaN,NaN,NaN,NaN,NaN,NaN,NaN,NaN,NaN,NaN,NaN,NaN,NaN,NaN,NaN,
12.796,-0.00606,-0.01965,0.13033,-0.39859,-0.11288,-0.30542,0.85738,NaN,NaN,NaN,NaN,NaN,NaN,NaN,NaN,NaN,NaN,NaN,NaN,NaN,NaN,NaN,NaN,NaN,NaN,NaN,NaN,NaN,
12.821,-0.00632,-0.01969,0.13014,-0.39531,-0.11767,-0.30519,0.85834,NaN,NaN,NaN,NaN,NaN,NaN,NaN,NaN,NaN,NaN,NaN,NaN,NaN,NaN,NaN,NaN,NaN,NaN,NaN,NaN,NaN,
12.846,-0.00644,-0.01984,0.13012,-0.39372,-0.11961,-0.30538,0.85873,NaN,NaN,NaN,NaN,NaN,NaN,NaN,NaN,NaN,NaN,NaN,NaN,NaN,NaN,NaN,NaN,NaN,NaN,NaN,NaN,NaN,
12.871,-0.00644,-0.01985,0.13006,-0.39324,-0.12085,-0.30490,0.85895,NaN,NaN,NaN,NaN,NaN,NaN,NaN,NaN,NaN,NaN,NaN,NaN,NaN,NaN,NaN,NaN,NaN,NaN,NaN,NaN,NaN,
12.896,-0.00661,-0.01982,0.12997,-0.39197,-0.12261,-0.30486,0.85929,NaN,NaN,NaN,NaN,NaN,NaN,NaN,NaN,NaN,NaN,NaN,NaN,NaN,NaN,NaN,NaN,NaN,NaN,NaN,NaN,NaN,
12.921,-0.00659,-0.01975,0.12987,-0.39228,-0.12312,-0.30410,0.85935,NaN,NaN,NaN,NaN,NaN,NaN,NaN,NaN,NaN,NaN,NaN,NaN,NaN,NaN,NaN,NaN,NaN,NaN,NaN,NaN,NaN,
12.946,-0.00666,-0.01979,0.12974,-0.39188,-0.12398,-0.30383,0.85950,NaN,NaN,NaN,NaN,NaN,NaN,NaN,NaN,NaN,NaN,NaN,NaN,NaN,NaN,NaN,NaN,NaN,NaN,NaN,NaN,NaN,
12.971,-0.00664,-0.01972,0.12972,-0.39168,-0.12446,-0.30365,0.85959,NaN,NaN,NaN,NaN,NaN,NaN,NaN,NaN,NaN,NaN,NaN,NaN,NaN,NaN,NaN,NaN,NaN,NaN,NaN,NaN,NaN,
12.996,-0.00671,-0.01970,0.12964,-0.39163,-0.12472,-0.30349,0.85963,NaN,NaN,NaN,NaN,NaN,NaN,NaN,NaN,NaN,NaN,NaN,NaN,NaN,NaN,NaN,NaN,NaN,NaN,NaN,NaN,NaN,
13.021,-0.00664,-0.01968,0.12963,-0.39248,-0.12396,-0.30317,0.85947,NaN,NaN,NaN,NaN,NaN,NaN,NaN,NaN,NaN,NaN,NaN,NaN,NaN,NaN,NaN,NaN,NaN,NaN,NaN,NaN,NaN,
13.046,-0.00661,-0.01969,0.12962,-0.39275,-0.12338,-0.30335,0.85936,NaN,NaN,NaN,NaN,NaN,NaN,NaN,NaN,NaN,NaN,NaN,NaN,NaN,NaN,NaN,NaN,NaN,NaN,NaN,NaN,NaN,
13.071,-0.00656,-0.01963,0.12965,-0.39341,-0.12235,-0.30346,0.85917,NaN,NaN,NaN,NaN,NaN,NaN,NaN,NaN,NaN,NaN,NaN,NaN,NaN,NaN,NaN,NaN,NaN,NaN,NaN,NaN,NaN,
13.096,-0.00651,-0.01965,0.12965,-0.39359,-0.12187,-0.30364,0.85909,NaN,NaN,NaN,NaN,NaN,NaN,NaN,NaN,NaN,NaN,NaN,NaN,NaN,NaN,NaN,NaN,NaN,NaN,NaN,NaN,NaN,
13.121,-0.00644,-0.01966,0.12966,-0.39372,-0.12165,-0.30368,0.85905,NaN,NaN,NaN,NaN,NaN,NaN,NaN,NaN,NaN,NaN,NaN,NaN,NaN,NaN,NaN,NaN,NaN,NaN,NaN,NaN,NaN,
13.146,-0.00645,-0.01962,0.12965,-0.39387,-0.12134,-0.30378,0.85899,NaN,NaN,NaN,NaN,NaN,NaN,NaN,NaN,NaN,NaN,NaN,NaN,NaN,NaN,NaN,NaN,NaN,NaN,NaN,NaN,NaN,
13.171,-0.00638,-0.01967,0.12967,-0.39401,-0.12058,-0.30425,0.85887,NaN,NaN,NaN,NaN,NaN,NaN,NaN,NaN,NaN,NaN,NaN,NaN,NaN,NaN,NaN,NaN,NaN,NaN,NaN,NaN,NaN,
13.196,-0.00627,-0.01967,0.12965,-0.39476,-0.11958,-0.30423,0.85867,NaN,NaN,NaN,NaN,NaN,NaN,NaN,NaN,NaN,NaN,NaN,NaN,NaN,NaN,NaN,NaN,NaN,NaN,NaN,NaN,NaN,
13.221,-0.00626,-0.01974,0.12963,-0.39459,-0.11861,-0.30523,0.85853,NaN,NaN,NaN,NaN,NaN,NaN,NaN,NaN,NaN,NaN,NaN,NaN,NaN,NaN,NaN,NaN,NaN,NaN,NaN,NaN,NaN,
13.246,-0.00578,-0.02023,0.12979,-0.39576,-0.11361,-0.30802,0.85767,NaN,NaN,NaN,NaN,NaN,NaN,NaN,NaN,NaN,NaN,NaN,NaN,NaN,NaN,NaN,NaN,NaN,NaN,NaN,NaN,NaN,
13.271,-0.00528,-0.02029,0.12962,-0.40111,-0.10544,-0.30865,0.85600,NaN,NaN,NaN,NaN,NaN,NaN,NaN,NaN,NaN,NaN,NaN,NaN,NaN,NaN,NaN,NaN,NaN,NaN,NaN,NaN,NaN,
13.296,-0.00494,-0.02010,0.12960,-0.40179,-0.10253,-0.31024,0.85546,NaN,NaN,NaN,NaN,NaN,NaN,NaN,NaN,NaN,NaN,NaN,NaN,NaN,NaN,NaN,NaN,NaN,NaN,NaN,NaN,NaN,
13.321,-0.00474,-0.02019,0.12972,-0.40187,-0.10092,-0.31144,0.85517,NaN,NaN,NaN,NaN,NaN,NaN,NaN,NaN,NaN,NaN,NaN,NaN,NaN,NaN,NaN,NaN,NaN,NaN,NaN,NaN,NaN,
13.346,-0.00442,-0.02020,0.12967,-0.40357,-0.09799,-0.31189,0.85455,NaN,NaN,NaN,NaN,NaN,NaN,NaN,NaN,NaN,NaN,NaN,NaN,NaN,NaN,NaN,NaN,NaN,NaN,NaN,NaN,NaN,
13.371,-0.00441,-0.02030,0.12965,-0.40385,-0.09611,-0.31308,0.85420,NaN,NaN,NaN,NaN,NaN,NaN,NaN,NaN,NaN,NaN,NaN,NaN,NaN,NaN,NaN,NaN,NaN,NaN,NaN,NaN,NaN,
13.396,-0.00418,-0.02043,0.12975,-0.40461,-0.09372,-0.31413,0.85371,NaN,NaN,NaN,NaN,NaN,NaN,NaN,NaN,NaN,NaN,NaN,NaN,NaN,NaN,NaN,NaN,NaN,NaN,NaN,NaN,NaN,
13.421,-0.00407,-0.02044,0.12974,-0.40528,-0.09247,-0.31437,0.85345,NaN,NaN,NaN,NaN,NaN,NaN,NaN,NaN,NaN,NaN,NaN,NaN,NaN,NaN,NaN,NaN,NaN,NaN,NaN,NaN,NaN,
13.446,-0.00411,-0.02060,0.12990,-0.40417,-0.09211,-0.31591,0.85344,NaN,NaN,NaN,NaN,NaN,NaN,NaN,NaN,NaN,NaN,NaN,NaN,NaN,NaN,NaN,NaN,NaN,NaN,NaN,NaN,NaN,
13.471,-0.00402,-0.02061,0.12984,-0.40414,-0.09210,-0.31596,0.85344,NaN,NaN,NaN,NaN,NaN,NaN,NaN,NaN,NaN,NaN,NaN,NaN,NaN,NaN,NaN,NaN,NaN,NaN,NaN,NaN,NaN,
13.496,-0.00404,-0.02064,0.12983,-0.40399,-0.09192,-0.31626,0.85342,NaN,NaN,NaN,NaN,NaN,NaN,NaN,NaN,NaN,NaN,NaN,NaN,NaN,NaN,NaN,NaN,NaN,NaN,NaN,NaN,NaN,
13.521,-0.00397,-0.02065,0.12989,-0.40439,-0.09137,-0.31624,0.85329,NaN,NaN,NaN,NaN,NaN,NaN,NaN,NaN,NaN,NaN,NaN,NaN,NaN,NaN,NaN,NaN,NaN,NaN,NaN,NaN,NaN,
13.546,-0.00396,-0.02065,0.12990,-0.40426,-0.09129,-0.31646,0.85328,NaN,NaN,NaN,NaN,NaN,NaN,NaN,NaN,NaN,NaN,NaN,NaN,NaN,NaN,NaN,NaN,NaN,NaN,NaN,NaN,NaN,
13.571,-0.00397,-0.02065,0.12987,-0.40431,-0.09133,-0.31637,0.85329,NaN,NaN,NaN,NaN,NaN,NaN,NaN,NaN,NaN,NaN,NaN,NaN,NaN,NaN,NaN,NaN,NaN,NaN,NaN,NaN,NaN,
13.596,-0.00395,-0.02068,0.12990,-0.40435,-0.09110,-0.31651,0.85324,NaN,NaN,NaN,NaN,NaN,NaN,NaN,NaN,NaN,NaN,NaN,NaN,NaN,NaN,NaN,NaN,NaN,NaN,NaN,NaN,NaN,
13.621,-0.00396,-0.02067,0.12987,-0.40427,-0.09125,-0.31648,0.85328,NaN,NaN,NaN,NaN,NaN,NaN,NaN,NaN,NaN,NaN,NaN,NaN,NaN,NaN,NaN,NaN,NaN,NaN,NaN,NaN,NaN,
13.646,-0.00398,-0.02068,0.12991,-0.40427,-0.09118,-0.31654,0.85326,NaN,NaN,NaN,NaN,NaN,NaN,NaN,NaN,NaN,NaN,NaN,NaN,NaN,NaN,NaN,NaN,NaN,NaN,NaN,NaN,NaN,
13.671,-0.00391,-0.02067,0.12987,-0.40434,-0.09114,-0.31649,0.85325,NaN,NaN,NaN,NaN,NaN,NaN,NaN,NaN,NaN,NaN,NaN,NaN,NaN,NaN,NaN,NaN,NaN,NaN,NaN,NaN,NaN,
13.696,-0.00396,-0.02066,0.12988,-0.40425,-0.09132,-0.31644,0.85329,NaN,NaN,NaN,NaN,NaN,NaN,NaN,NaN,NaN,NaN,NaN,NaN,NaN,NaN,NaN,NaN,NaN,NaN,NaN,NaN,NaN,
13.721,-0.00395,-0.02067,0.12988,-0.40429,-0.09124,-0.31647,0.85327,NaN,NaN,NaN,NaN,NaN,NaN,NaN,NaN,NaN,NaN,NaN,NaN,NaN,NaN,NaN,NaN,NaN,NaN,NaN,NaN,NaN,
13.746,-0.00395,-0.02067,0.12989,-0.40431,-0.09115,-0.31652,0.85326,NaN,NaN,NaN,NaN,NaN,NaN,NaN,NaN,NaN,NaN,NaN,NaN,NaN,NaN,NaN,NaN,NaN,NaN,NaN,NaN,NaN,
13.771,-0.00394,-0.02067,0.12988,-0.40429,-0.09113,-0.31655,0.85325,NaN,NaN,NaN,NaN,NaN,NaN,NaN,NaN,NaN,NaN,NaN,NaN,NaN,NaN,NaN,NaN,NaN,NaN,NaN,NaN,NaN,
13.796,-0.00393,-0.02067,0.12989,-0.40431,-0.09106,-0.31658,0.85324,NaN,NaN,NaN,NaN,NaN,NaN,NaN,NaN,NaN,NaN,NaN,NaN,NaN,NaN,NaN,NaN,NaN,NaN,NaN,NaN,NaN,
13.821,-0.00393,-0.02067,0.12989,-0.40430,-0.09103,-0.31662,0.85323,NaN,NaN,NaN,NaN,NaN,NaN,NaN,NaN,NaN,NaN,NaN,NaN,NaN,NaN,NaN,NaN,NaN,NaN,NaN,NaN,NaN,
13.846,-0.00393,-0.02067,0.12988,-0.40430,-0.09100,-0.31665,0.85323,NaN,NaN,NaN,NaN,NaN,NaN,NaN,NaN,NaN,NaN,NaN,NaN,NaN,NaN,NaN,NaN,NaN,NaN,NaN,NaN,NaN,
13.871,-0.00392,-0.02067,0.12989,-0.40432,-0.09091,-0.31669,0.85321,NaN,NaN,NaN,NaN,NaN,NaN,NaN,NaN,NaN,NaN,NaN,NaN,NaN,NaN,NaN,NaN,NaN,NaN,NaN,NaN,NaN,
13.896,-0.00392,-0.02067,0.12989,-0.40432,-0.09087,-0.31672,0.85320,NaN,NaN,NaN,NaN,NaN,NaN,NaN,NaN,NaN,NaN,NaN,NaN,NaN,NaN,NaN,NaN,NaN,NaN,NaN,NaN,NaN,
13.921,-0.00391,-0.02067,0.12988,-0.40434,-0.09082,-0.31674,0.85319,NaN,NaN,NaN,NaN,NaN,NaN,NaN,NaN,NaN,NaN,NaN,NaN,NaN,NaN,NaN,NaN,NaN,NaN,NaN,NaN,NaN,
13.946,-0.00391,-0.02067,0.12989,-0.40437,-0.09073,-0.31677,0.85317,NaN,NaN,NaN,NaN,NaN,NaN,NaN,NaN,NaN,NaN,NaN,NaN,NaN,NaN,NaN,NaN,NaN,NaN,NaN,NaN,NaN,
13.971,-0.00391,-0.02067,0.12989,-0.40438,-0.09068,-0.31681,0.85316,NaN,NaN,NaN,NaN,NaN,NaN,NaN,NaN,NaN,NaN,NaN,NaN,NaN,NaN,NaN,NaN,NaN,NaN,NaN,NaN,NaN,
13.996,-0.00390,-0.02067,0.12989,-0.40442,-0.09059,-0.31683,0.85314,NaN,NaN,NaN,NaN,NaN,NaN,NaN,NaN,NaN,NaN,NaN,NaN,NaN,NaN,NaN,NaN,NaN,NaN,NaN,NaN,NaN,
14.021,-0.00386,-0.02067,0.12988,-0.40470,-0.09015,-0.31686,0.85305,NaN,NaN,NaN,NaN,NaN,NaN,NaN,NaN,NaN,NaN,NaN,NaN,NaN,NaN,NaN,NaN,NaN,NaN,NaN,NaN,NaN,
14.046,-0.00390,-0.02066,0.12989,-0.40464,-0.09005,-0.31701,0.85303,NaN,NaN,NaN,NaN,NaN,NaN,NaN,NaN,NaN,NaN,NaN,NaN,NaN,NaN,NaN,NaN,NaN,NaN,NaN,NaN,NaN,
14.071,-0.00386,-0.02067,0.12988,-0.40482,-0.08983,-0.31698,0.85298,NaN,NaN,NaN,NaN,NaN,NaN,NaN,NaN,NaN,NaN,NaN,NaN,NaN,NaN,NaN,NaN,NaN,NaN,NaN,NaN,NaN,
14.096,-0.00378,-0.02080,0.12996,-0.40504,-0.08853,-0.31777,0.85272,NaN,NaN,NaN,NaN,NaN,NaN,NaN,NaN,NaN,NaN,NaN,NaN,NaN,NaN,NaN,NaN,NaN,NaN,NaN,NaN,NaN,
14.121,-0.00360,-0.02074,0.12987,-0.40767,-0.08606,-0.31675,0.85209,NaN,NaN,NaN,NaN,NaN,NaN,NaN,NaN,NaN,NaN,NaN,NaN,NaN,NaN,NaN,NaN,NaN,NaN,NaN,NaN,NaN,
14.146,-0.00358,-0.02073,0.12990,-0.40871,-0.08490,-0.31650,0.85181,NaN,NaN,NaN,NaN,NaN,NaN,NaN,NaN,NaN,NaN,NaN,NaN,NaN,NaN,NaN,NaN,NaN,NaN,NaN,NaN,NaN,
14.171,-0.00352,-0.02073,0.12992,-0.40930,-0.08413,-0.31644,0.85162,NaN,NaN,NaN,NaN,NaN,NaN,NaN,NaN,NaN,NaN,NaN,NaN,NaN,NaN,NaN,NaN,NaN,NaN,NaN,NaN,NaN,
14.196,-0.00349,-0.02070,0.12985,-0.41047,-0.08338,-0.31571,0.85140,NaN,NaN,NaN,NaN,NaN,NaN,NaN,NaN,NaN,NaN,NaN,NaN,NaN,NaN,NaN,NaN,NaN,NaN,NaN,NaN,NaN,
14.221,-0.00343,-0.02068,0.12985,-0.41149,-0.08245,-0.31529,0.85116,NaN,NaN,NaN,NaN,NaN,NaN,NaN,NaN,NaN,NaN,NaN,NaN,NaN,NaN,NaN,NaN,NaN,NaN,NaN,NaN,NaN,
14.246,-0.00338,-0.02065,0.12980,-0.41284,-0.08140,-0.31458,0.85086,NaN,NaN,NaN,NaN,NaN,NaN,NaN,NaN,NaN,NaN,NaN,NaN,NaN,NaN,NaN,NaN,NaN,NaN,NaN,NaN,NaN,
14.271,-0.00332,-0.02065,0.12974,-0.41362,-0.08089,-0.31411,0.85071,NaN,NaN,NaN,NaN,NaN,NaN,NaN,NaN,NaN,NaN,NaN,NaN,NaN,NaN,NaN,NaN,NaN,NaN,NaN,NaN,NaN,
14.296,-0.00336,-0.02065,0.12972,-0.41415,-0.08051,-0.31380,0.85060,NaN,NaN,NaN,NaN,NaN,NaN,NaN,NaN,NaN,NaN,NaN,NaN,NaN,NaN,NaN,NaN,NaN,NaN,NaN,NaN,NaN,
14.321,-0.00330,-0.02061,0.12972,-0.41550,-0.07947,-0.31309,0.85031,NaN,NaN,NaN,NaN,NaN,NaN,NaN,NaN,NaN,NaN,NaN,NaN,NaN,NaN,NaN,NaN,NaN,NaN,NaN,NaN,NaN,
14.346,-0.00324,-0.02060,0.12967,-0.41680,-0.07863,-0.31227,0.85005,NaN,NaN,NaN,NaN,NaN,NaN,NaN,NaN,NaN,NaN,NaN,NaN,NaN,NaN,NaN,NaN,NaN,NaN,NaN,NaN,NaN,
14.371,-0.00326,-0.02056,0.12967,-0.41780,-0.07792,-0.31168,0.84984,NaN,NaN,NaN,NaN,NaN,NaN,NaN,NaN,NaN,NaN,NaN,NaN,NaN,NaN,NaN,NaN,NaN,NaN,NaN,NaN,NaN,
14.396,-0.00317,-0.02054,0.12963,-0.41864,-0.07733,-0.31119,0.84966,NaN,NaN,NaN,NaN,NaN,NaN,NaN,NaN,NaN,NaN,NaN,NaN,NaN,NaN,NaN,NaN,NaN,NaN,NaN,NaN,NaN,
14.421,-0.00321,-0.02049,0.12959,-0.41951,-0.07694,-0.31050,0.84952,NaN,NaN,NaN,NaN,NaN,NaN,NaN,NaN,NaN,NaN,NaN,NaN,NaN,NaN,NaN,NaN,NaN,NaN,NaN,NaN,NaN,
14.446,-0.00315,-0.02045,0.12958,-0.42046,-0.07632,-0.30990,0.84932,NaN,NaN,NaN,NaN,NaN,NaN,NaN,NaN,NaN,NaN,NaN,NaN,NaN,NaN,NaN,NaN,NaN,NaN,NaN,NaN,NaN,
14.471,-0.00311,-0.02046,0.12957,-0.42091,-0.07595,-0.30968,0.84921,NaN,NaN,NaN,NaN,NaN,NaN,NaN,NaN,NaN,NaN,NaN,NaN,NaN,NaN,NaN,NaN,NaN,NaN,NaN,NaN,NaN,
14.496,-0.00313,-0.02045,0.12958,-0.42118,-0.07573,-0.30954,0.84915,NaN,NaN,NaN,NaN,NaN,NaN,NaN,NaN,NaN,NaN,NaN,NaN,NaN,NaN,NaN,NaN,NaN,NaN,NaN,NaN,NaN,
14.521,-0.00312,-0.02045,0.12957,-0.42246,-0.07509,-0.30858,0.84892,NaN,NaN,NaN,NaN,NaN,NaN,NaN,NaN,NaN,NaN,NaN,NaN,NaN,NaN,NaN,NaN,NaN,NaN,NaN,NaN,NaN,
14.546,-0.00309,-0.02039,0.12954,-0.42438,-0.07419,-0.30708,0.84859,NaN,NaN,NaN,NaN,NaN,NaN,NaN,NaN,NaN,NaN,NaN,NaN,NaN,NaN,NaN,NaN,NaN,NaN,NaN,NaN,NaN,
14.571,-0.00296,-0.02056,0.12956,-0.42513,-0.07136,-0.30844,0.84796,NaN,NaN,NaN,NaN,NaN,NaN,NaN,NaN,NaN,NaN,NaN,NaN,NaN,NaN,NaN,NaN,NaN,NaN,NaN,NaN,NaN,
14.596,-0.00208,-0.02029,0.12940,-0.42937,-0.06326,-0.30985,0.84595,NaN,NaN,NaN,NaN,NaN,NaN,NaN,NaN,NaN,NaN,NaN,NaN,NaN,NaN,NaN,NaN,NaN,NaN,NaN,NaN,NaN,
14.621,-0.00136,-0.02048,0.12956,-0.43084,-0.05676,-0.31315,0.84445,NaN,NaN,NaN,NaN,NaN,NaN,NaN,NaN,NaN,NaN,NaN,NaN,NaN,NaN,NaN,NaN,NaN,NaN,NaN,NaN,NaN,
14.646,-0.00142,-0.02041,0.12947,-0.43215,-0.05637,-0.31194,0.84425,NaN,NaN,NaN,NaN,NaN,NaN,NaN,NaN,NaN,NaN,NaN,NaN,NaN,NaN,NaN,NaN,NaN,NaN,NaN,NaN,NaN,
14.671,-0.00139,-0.02038,0.12946,-0.43406,-0.05551,-0.31040,0.84390,NaN,NaN,NaN,NaN,NaN,NaN,NaN,NaN,NaN,NaN,NaN,NaN,NaN,NaN,NaN,NaN,NaN,NaN,NaN,NaN,NaN,
14.696,-0.00133,-0.02035,0.12952,-0.43531,-0.05438,-0.30981,0.84354,NaN,NaN,NaN,NaN,NaN,NaN,NaN,NaN,NaN,NaN,NaN,NaN,NaN,NaN,NaN,NaN,NaN,NaN,NaN,NaN,NaN,
14.721,-0.00125,-0.02031,0.12952,-0.43684,-0.05278,-0.30927,0.84305,NaN,NaN,NaN,NaN,NaN,NaN,NaN,NaN,NaN,NaN,NaN,NaN,NaN,NaN,NaN,NaN,NaN,NaN,NaN,NaN,NaN,
14.746,-0.00106,-0.02028,0.12953,-0.43887,-0.05039,-0.30873,0.84234,NaN,NaN,NaN,NaN,NaN,NaN,NaN,NaN,NaN,NaN,NaN,NaN,NaN,NaN,NaN,NaN,NaN,NaN,NaN,NaN,NaN,
14.771,-0.00085,-0.02027,0.12957,-0.44104,-0.04760,-0.30834,0.84151,NaN,NaN,NaN,NaN,NaN,NaN,NaN,NaN,NaN,NaN,NaN,NaN,NaN,NaN,NaN,NaN,NaN,NaN,NaN,NaN,NaN,
14.796,-0.00072,-0.02021,0.12957,-0.44263,-0.04569,-0.30793,0.84093,NaN,NaN,NaN,NaN,NaN,NaN,NaN,NaN,NaN,NaN,NaN,NaN,NaN,NaN,NaN,NaN,NaN,NaN,NaN,NaN,NaN,
14.821,-0.00060,-0.02022,0.12960,-0.44331,-0.04464,-0.30794,0.84063,NaN,NaN,NaN,NaN,NaN,NaN,NaN,NaN,NaN,NaN,NaN,NaN,NaN,NaN,NaN,NaN,NaN,NaN,NaN,NaN,NaN,
14.846,-0.00052,-0.02022,0.12960,-0.44375,-0.04402,-0.30789,0.84045,NaN,NaN,NaN,NaN,NaN,NaN,NaN,NaN,NaN,NaN,NaN,NaN,NaN,NaN,NaN,NaN,NaN,NaN,NaN,NaN,NaN,
14.871,-0.00045,-0.02027,0.12961,-0.44407,-0.04299,-0.30830,0.84018,NaN,NaN,NaN,NaN,NaN,NaN,NaN,NaN,NaN,NaN,NaN,NaN,NaN,NaN,NaN,NaN,NaN,NaN,NaN,NaN,NaN,
14.896,-0.00028,-0.02031,0.12969,-0.44474,-0.04152,-0.30863,0.83978,NaN,NaN,NaN,NaN,NaN,NaN,NaN,NaN,NaN,NaN,NaN,NaN,NaN,NaN,NaN,NaN,NaN,NaN,NaN,NaN,NaN,
14.921,-0.00022,-0.02027,0.12966,-0.44576,-0.04066,-0.30808,0.83948,NaN,NaN,NaN,NaN,NaN,NaN,NaN,NaN,NaN,NaN,NaN,NaN,NaN,NaN,NaN,NaN,NaN,NaN,NaN,NaN,NaN,
14.946,-0.00011,-0.02034,0.12964,-0.44711,-0.03905,-0.30772,0.83897,NaN,NaN,NaN,NaN,NaN,NaN,NaN,NaN,NaN,NaN,NaN,NaN,NaN,NaN,NaN,NaN,NaN,NaN,NaN,NaN,NaN,
14.971,0.00007,-0.02042,0.12972,-0.44791,-0.03730,-0.30810,0.83849,NaN,NaN,NaN,NaN,NaN,NaN,NaN,NaN,NaN,NaN,NaN,NaN,NaN,NaN,NaN,NaN,NaN,NaN,NaN,NaN,NaN,
14.996,0.00029,-0.02043,0.12978,-0.44836,-0.03563,-0.30882,0.83805,NaN,NaN,NaN,NaN,NaN,NaN,NaN,NaN,NaN,NaN,NaN,NaN,NaN,NaN,NaN,NaN,NaN,NaN,NaN,NaN,NaN,
15.021,0.00036,-0.02056,0.12972,-0.44737,-0.03584,-0.30982,0.83820,NaN,NaN,NaN,NaN,NaN,NaN,NaN,NaN,NaN,NaN,NaN,NaN,NaN,NaN,NaN,NaN,NaN,NaN,NaN,NaN,NaN,
15.046,0.00038,-0.02060,0.12981,-0.44669,-0.03584,-0.31061,0.83827,NaN,NaN,NaN,NaN,NaN,NaN,NaN,NaN,NaN,NaN,NaN,NaN,NaN,NaN,NaN,NaN,NaN,NaN,NaN,NaN,NaN,
15.071,0.00037,-0.02065,0.12978,-0.44596,-0.03641,-0.31104,0.83848,NaN,NaN,NaN,NaN,NaN,NaN,NaN,NaN,NaN,NaN,NaN,NaN,NaN,NaN,NaN,NaN,NaN,NaN,NaN,NaN,NaN,
15.096,0.00039,-0.02068,0.12981,-0.44598,-0.03651,-0.31094,0.83850,NaN,NaN,NaN,NaN,NaN,NaN,NaN,NaN,NaN,NaN,NaN,NaN,NaN,NaN,NaN,NaN,NaN,NaN,NaN,NaN,NaN,
15.121,0.00043,-0.02069,0.12987,-0.44641,-0.03588,-0.31091,0.83831,NaN,NaN,NaN,NaN,NaN,NaN,NaN,NaN,NaN,NaN,NaN,NaN,NaN,NaN,NaN,NaN,NaN,NaN,NaN,NaN,NaN,
15.146,0.00054,-0.02069,0.12983,-0.44828,-0.03412,-0.31005,0.83771,NaN,NaN,NaN,NaN,NaN,NaN,NaN,NaN,NaN,NaN,NaN,NaN,NaN,NaN,NaN,NaN,NaN,NaN,NaN,NaN,NaN,
15.171,0.00085,-0.02062,0.12992,-0.45086,-0.03127,-0.30915,0.83676,NaN,NaN,NaN,NaN,NaN,NaN,NaN,NaN,NaN,NaN,NaN,NaN,NaN,NaN,NaN,NaN,NaN,NaN,NaN,NaN,NaN,
15.196,0.00086,-0.02060,0.12999,-0.45205,-0.03019,-0.30856,0.83638,NaN,NaN,NaN,NaN,NaN,NaN,NaN,NaN,NaN,NaN,NaN,NaN,NaN,NaN,NaN,NaN,NaN,NaN,NaN,NaN,NaN,
15.221,0.00093,-0.02060,0.12998,-0.45266,-0.02968,-0.30822,0.83619,NaN,NaN,NaN,NaN,NaN,NaN,NaN,NaN,NaN,NaN,NaN,NaN,NaN,NaN,NaN,NaN,NaN,NaN,NaN,NaN,NaN,
15.246,0.00097,-0.02060,0.12998,-0.45305,-0.02911,-0.30819,0.83601,NaN,NaN,NaN,NaN,NaN,NaN,NaN,NaN,NaN,NaN,NaN,NaN,NaN,NaN,NaN,NaN,NaN,NaN,NaN,NaN,NaN,
15.271,0.00104,-0.02062,0.13003,-0.45301,-0.02820,-0.30891,0.83580,NaN,NaN,NaN,NaN,NaN,NaN,NaN,NaN,NaN,NaN,NaN,NaN,NaN,NaN,NaN,NaN,NaN,NaN,NaN,NaN,NaN,
15.296,0.00120,-0.02055,0.12995,-0.45403,-0.02655,-0.30894,0.83529,NaN,NaN,NaN,NaN,NaN,NaN,NaN,NaN,NaN,NaN,NaN,NaN,NaN,NaN,NaN,NaN,NaN,NaN,NaN,NaN,NaN,
15.321,0.00141,-0.02055,0.13003,-0.45499,-0.02467,-0.30919,0.83473,NaN,NaN,NaN,NaN,NaN,NaN,NaN,NaN,NaN,NaN,NaN,NaN,NaN,NaN,NaN,NaN,NaN,NaN,NaN,NaN,NaN,
15.346,0.00139,-0.02051,0.13001,-0.45577,-0.02431,-0.30854,0.83456,NaN,NaN,NaN,NaN,NaN,NaN,NaN,NaN,NaN,NaN,NaN,NaN,NaN,NaN,NaN,NaN,NaN,NaN,NaN,NaN,NaN,
15.371,0.00143,-0.02051,0.13002,-0.45652,-0.02383,-0.30801,0.83436,NaN,NaN,NaN,NaN,NaN,NaN,NaN,NaN,NaN,NaN,NaN,NaN,NaN,NaN,NaN,NaN,NaN,NaN,NaN,NaN,NaN,
15.396,0.00144,-0.02046,0.13002,-0.45741,-0.02335,-0.30731,0.83414,NaN,NaN,NaN,NaN,NaN,NaN,NaN,NaN,NaN,NaN,NaN,NaN,NaN,NaN,NaN,NaN,NaN,NaN,NaN,NaN,NaN,
15.421,0.00147,-0.02042,0.13006,-0.45863,-0.02256,-0.30646,0.83380,NaN,NaN,NaN,NaN,NaN,NaN,NaN,NaN,NaN,NaN,NaN,NaN,NaN,NaN,NaN,NaN,NaN,NaN,NaN,NaN,NaN,
15.446,0.00159,-0.02035,0.13010,-0.46098,-0.02074,-0.30503,0.83308,NaN,NaN,NaN,NaN,NaN,NaN,NaN,NaN,NaN,NaN,NaN,NaN,NaN,NaN,NaN,NaN,NaN,NaN,NaN,NaN,NaN,
15.471,0.00190,-0.02026,0.13011,-0.46319,-0.01762,-0.30469,0.83205,NaN,NaN,NaN,NaN,NaN,NaN,NaN,NaN,NaN,NaN,NaN,NaN,NaN,NaN,NaN,NaN,NaN,NaN,NaN,NaN,NaN,
15.496,0.00227,-0.02009,0.13001,-0.46571,-0.01351,-0.30471,0.83071,NaN,NaN,NaN,NaN,NaN,NaN,NaN,NaN,NaN,NaN,NaN,NaN,NaN,NaN,NaN,NaN,NaN,NaN,NaN,NaN,NaN,
15.521,0.00259,-0.02009,0.13003,-0.46731,-0.01055,-0.30496,0.82976,NaN,NaN,NaN,NaN,NaN,NaN,NaN,NaN,NaN,NaN,NaN,NaN,NaN,NaN,NaN,NaN,NaN,NaN,NaN,NaN,NaN,
15.546,0.00258,-0.02002,0.12999,-0.46861,-0.01006,-0.30377,0.82947,NaN,NaN,NaN,NaN,NaN,NaN,NaN,NaN,NaN,NaN,NaN,NaN,NaN,NaN,NaN,NaN,NaN,NaN,NaN,NaN,NaN,
15.571,0.00263,-0.01999,0.12998,-0.46997,-0.00907,-0.30286,0.82905,NaN,NaN,NaN,NaN,NaN,NaN,NaN,NaN,NaN,NaN,NaN,NaN,NaN,NaN,NaN,NaN,NaN,NaN,NaN,NaN,NaN,
15.596,0.00278,-0.01987,0.12991,-0.47177,-0.00755,-0.30182,0.82842,NaN,NaN,NaN,NaN,NaN,NaN,NaN,NaN,NaN,NaN,NaN,NaN,NaN,NaN,NaN,NaN,NaN,NaN,NaN,NaN,NaN,
15.621,0.00283,-0.01983,0.12995,-0.47250,-0.00647,-0.30173,0.82805,NaN,NaN,NaN,NaN,NaN,NaN,NaN,NaN,NaN,NaN,NaN,NaN,NaN,NaN,NaN,NaN,NaN,NaN,NaN,NaN,NaN,
15.646,0.00289,-0.01976,0.12993,-0.47406,-0.00562,-0.30047,0.82762,NaN,NaN,NaN,NaN,NaN,NaN,NaN,NaN,NaN,NaN,NaN,NaN,NaN,NaN,NaN,NaN,NaN,NaN,NaN,NaN,NaN,
15.671,0.00300,-0.01964,0.12992,-0.47555,-0.00441,-0.29955,0.82710,NaN,NaN,NaN,NaN,NaN,NaN,NaN,NaN,NaN,NaN,NaN,NaN,NaN,NaN,NaN,NaN,NaN,NaN,NaN,NaN,NaN,
15.696,0.00311,-0.01954,0.12988,-0.47656,-0.00326,-0.29917,0.82667,NaN,NaN,NaN,NaN,NaN,NaN,NaN,NaN,NaN,NaN,NaN,NaN,NaN,NaN,NaN,NaN,NaN,NaN,NaN,NaN,NaN,
15.721,0.00322,-0.01956,0.12986,-0.47706,-0.00250,-0.29911,0.82640,NaN,NaN,NaN,NaN,NaN,NaN,NaN,NaN,NaN,NaN,NaN,NaN,NaN,NaN,NaN,NaN,NaN,NaN,NaN,NaN,NaN,
15.746,0.00322,-0.01955,0.12986,-0.47746,-0.00203,-0.29898,0.82622,NaN,NaN,NaN,NaN,NaN,NaN,NaN,NaN,NaN,NaN,NaN,NaN,NaN,NaN,NaN,NaN,NaN,NaN,NaN,NaN,NaN,
15.771,0.00333,-0.01949,0.12981,-0.47840,-0.00123,-0.29842,0.82588,NaN,NaN,NaN,NaN,NaN,NaN,NaN,NaN,NaN,NaN,NaN,NaN,NaN,NaN,NaN,NaN,NaN,NaN,NaN,NaN,NaN,
15.796,0.00333,-0.01946,0.12982,-0.47956,-0.00031,-0.29768,0.82547,NaN,NaN,NaN,NaN,NaN,NaN,NaN,NaN,NaN,NaN,NaN,NaN,NaN,NaN,NaN,NaN,NaN,NaN,NaN,NaN,NaN,
15.821,0.00336,-0.01944,0.12985,-0.48007,0.00046,-0.29761,0.82520,NaN,NaN,NaN,NaN,NaN,NaN,NaN,NaN,NaN,NaN,NaN,NaN,NaN,NaN,NaN,NaN,NaN,NaN,NaN,NaN,NaN,
15.846,0.00344,-0.01942,0.12981,-0.48052,0.00094,-0.29742,0.82501,NaN,NaN,NaN,NaN,NaN,NaN,NaN,NaN,NaN,NaN,NaN,NaN,NaN,NaN,NaN,NaN,NaN,NaN,NaN,NaN,NaN,
15.871,0.00343,-0.01940,0.12985,-0.48076,0.00128,-0.29737,0.82489,NaN,NaN,NaN,NaN,NaN,NaN,NaN,NaN,NaN,NaN,NaN,NaN,NaN,NaN,NaN,NaN,NaN,NaN,NaN,NaN,NaN,
15.896,0.00350,-0.01936,0.12985,-0.48117,0.00155,-0.29708,0.82476,NaN,NaN,NaN,NaN,NaN,NaN,NaN,NaN,NaN,NaN,NaN,NaN,NaN,NaN,NaN,NaN,NaN,NaN,NaN,NaN,NaN,
15.921,0.00353,-0.01932,0.12985,-0.48147,0.00168,-0.29680,0.82468,NaN,NaN,NaN,NaN,NaN,NaN,NaN,NaN,NaN,NaN,NaN,NaN,NaN,NaN,NaN,NaN,NaN,NaN,NaN,NaN,NaN,
15.946,0.00348,-0.01931,0.12987,-0.48158,0.00175,-0.29672,0.82464,NaN,NaN,NaN,NaN,NaN,NaN,NaN,NaN,NaN,NaN,NaN,NaN,NaN,NaN,NaN,NaN,NaN,NaN,NaN,NaN,NaN,
15.971,0.00350,-0.01932,0.12985,-0.48189,0.00186,-0.29642,0.82457,NaN,NaN,NaN,NaN,NaN,NaN,NaN,NaN,NaN,NaN,NaN,NaN,NaN,NaN,NaN,NaN,NaN,NaN,NaN,NaN,NaN,
15.996,0.00352,-0.01931,0.12985,-0.48230,0.00207,-0.29608,0.82445,NaN,NaN,NaN,NaN,NaN,NaN,NaN,NaN,NaN,NaN,NaN,NaN,NaN,NaN,NaN,NaN,NaN,NaN,NaN,NaN,NaN,
16.021,0.00348,-0.01928,0.12989,-0.48292,0.00254,-0.29566,0.82424,NaN,NaN,NaN,NaN,NaN,NaN,NaN,NaN,NaN,NaN,NaN,NaN,NaN,NaN,NaN,NaN,NaN,NaN,NaN,NaN,NaN,
16.046,0.00354,-0.01925,0.12990,-0.48393,0.00309,-0.29483,0.82394,NaN,NaN,NaN,NaN,NaN,NaN,NaN,NaN,NaN,NaN,NaN,NaN,NaN,NaN,NaN,NaN,NaN,NaN,NaN,NaN,NaN,
16.071,0.00362,-0.01921,0.12998,-0.48547,0.00490,-0.29425,0.82323,NaN,NaN,NaN,NaN,NaN,NaN,NaN,NaN,NaN,NaN,NaN,NaN,NaN,NaN,NaN,NaN,NaN,NaN,NaN,NaN,NaN,
16.096,0.00396,-0.01898,0.12991,-0.48815,0.00785,-0.29311,0.82203,NaN,NaN,NaN,NaN,NaN,NaN,NaN,NaN,NaN,NaN,NaN,NaN,NaN,NaN,NaN,NaN,NaN,NaN,NaN,NaN,NaN,
16.121,0.00412,-0.01899,0.13000,-0.48930,0.00992,-0.29319,0.82130,NaN,NaN,NaN,NaN,NaN,NaN,NaN,NaN,NaN,NaN,NaN,NaN,NaN,NaN,NaN,NaN,NaN,NaN,NaN,NaN,NaN,
16.146,0.00396,-0.01913,0.12960,-0.48816,0.00668,-0.29226,0.82234,NaN,NaN,NaN,NaN,NaN,NaN,NaN,NaN,NaN,NaN,NaN,NaN,NaN,NaN,NaN,NaN,NaN,NaN,NaN,NaN,NaN,
16.171,0.00400,-0.02002,0.12974,-0.47764,0.00035,-0.30048,0.82558,NaN,NaN,NaN,NaN,NaN,NaN,NaN,NaN,NaN,NaN,NaN,NaN,NaN,NaN,NaN,NaN,NaN,NaN,NaN,NaN,NaN,
16.196,0.00416,-0.01994,0.12962,-0.47586,-0.00029,-0.30216,0.82599,NaN,NaN,NaN,NaN,NaN,NaN,NaN,NaN,NaN,NaN,NaN,NaN,NaN,NaN,NaN,NaN,NaN,NaN,NaN,NaN,NaN,
16.221,0.00405,-0.01983,0.12969,-0.47697,0.00046,-0.30135,0.82564,NaN,NaN,NaN,NaN,NaN,NaN,NaN,NaN,NaN,NaN,NaN,NaN,NaN,NaN,NaN,NaN,NaN,NaN,NaN,NaN,NaN,
16.246,0.00435,-0.01996,0.12976,-0.47745,0.00178,-0.30173,0.82523,NaN,NaN,NaN,NaN,NaN,NaN,NaN,NaN,NaN,NaN,NaN,NaN,NaN,NaN,NaN,NaN,NaN,NaN,NaN,NaN,NaN,
16.271,0.00426,-0.01995,0.12970,-0.47678,0.00098,-0.30197,0.82553,NaN,NaN,NaN,NaN,NaN,NaN,NaN,NaN,NaN,NaN,NaN,NaN,NaN,NaN,NaN,NaN,NaN,NaN,NaN,NaN,NaN,
16.296,0.00438,-0.02028,0.12986,-0.47198,-0.00119,-0.30616,0.82674,NaN,NaN,NaN,NaN,NaN,NaN,NaN,NaN,NaN,NaN,NaN,NaN,NaN,NaN,NaN,NaN,NaN,NaN,NaN,NaN,NaN,
16.321,0.00441,-0.02062,0.12958,-0.46788,-0.00460,-0.30860,0.82815,NaN,NaN,NaN,NaN,NaN,NaN,NaN,NaN,NaN,NaN,NaN,NaN,NaN,NaN,NaN,NaN,NaN,NaN,NaN,NaN,NaN,
16.346,0.00472,-0.02069,0.12946,-0.46588,-0.00436,-0.31113,0.82833,NaN,NaN,NaN,NaN,NaN,NaN,NaN,NaN,NaN,NaN,NaN,NaN,NaN,NaN,NaN,NaN,NaN,NaN,NaN,NaN,NaN,
16.371,0.00480,-0.02079,0.12947,-0.46510,-0.00398,-0.31233,0.82832,NaN,NaN,NaN,NaN,NaN,NaN,NaN,NaN,NaN,NaN,NaN,NaN,NaN,NaN,NaN,NaN,NaN,NaN,NaN,NaN,NaN,
16.396,0.00485,-0.02096,0.12950,-0.46344,-0.00497,-0.31359,0.82877,NaN,NaN,NaN,NaN,NaN,NaN,NaN,NaN,NaN,NaN,NaN,NaN,NaN,NaN,NaN,NaN,NaN,NaN,NaN,NaN,NaN,
16.421,0.00478,-0.02099,0.12944,-0.46288,-0.00591,-0.31357,0.82909,NaN,NaN,NaN,NaN,NaN,NaN,NaN,NaN,NaN,NaN,NaN,NaN,NaN,NaN,NaN,NaN,NaN,NaN,NaN,NaN,NaN,
16.446,0.00478,-0.02098,0.12951,-0.46326,-0.00555,-0.31338,0.82895,NaN,NaN,NaN,NaN,NaN,NaN,NaN,NaN,NaN,NaN,NaN,NaN,NaN,NaN,NaN,NaN,NaN,NaN,NaN,NaN,NaN,
16.471,0.00483,-0.02095,0.12950,-0.46382,-0.00528,-0.31291,0.82881,NaN,NaN,NaN,NaN,NaN,NaN,NaN,NaN,NaN,NaN,NaN,NaN,NaN,NaN,NaN,NaN,NaN,NaN,NaN,NaN,NaN,
16.496,0.00481,-0.02091,0.12954,-0.46430,-0.00494,-0.31258,0.82867,NaN,NaN,NaN,NaN,NaN,NaN,NaN,NaN,NaN,NaN,NaN,NaN,NaN,NaN,NaN,NaN,NaN,NaN,NaN,NaN,NaN,
16.521,0.00485,-0.02085,0.12954,-0.46493,-0.00468,-0.31203,0.82853,NaN,NaN,NaN,NaN,NaN,NaN,NaN,NaN,NaN,NaN,NaN,NaN,NaN,NaN,NaN,NaN,NaN,NaN,NaN,NaN,NaN,
16.546,0.00492,-0.02083,0.12958,-0.46614,-0.00387,-0.31118,0.82817,NaN,NaN,NaN,NaN,NaN,NaN,NaN,NaN,NaN,NaN,NaN,NaN,NaN,NaN,NaN,NaN,NaN,NaN,NaN,NaN,NaN,
16.571,0.00509,-0.02075,0.12964,-0.46685,-0.00243,-0.31137,0.82770,NaN,NaN,NaN,NaN,NaN,NaN,NaN,NaN,NaN,NaN,NaN,NaN,NaN,NaN,NaN,NaN,NaN,NaN,NaN,NaN,NaN,
16.596,0.00529,-0.02081,0.12949,-0.46664,-0.00144,-0.31233,0.82746,NaN,NaN,NaN,NaN,NaN,NaN,NaN,NaN,NaN,NaN,NaN,NaN,NaN,NaN,NaN,NaN,NaN,NaN,NaN,NaN,NaN,
16.621,0.00541,-0.02091,0.12956,-0.46610,-0.00058,-0.31357,0.82730,NaN,NaN,NaN,NaN,NaN,NaN,NaN,NaN,NaN,NaN,NaN,NaN,NaN,NaN,NaN,NaN,NaN,NaN,NaN,NaN,NaN,
16.646,0.00540,-0.02092,0.12956,-0.46595,-0.00074,-0.31364,0.82736,NaN,NaN,NaN,NaN,NaN,NaN,NaN,NaN,NaN,NaN,NaN,NaN,NaN,NaN,NaN,NaN,NaN,NaN,NaN,NaN,NaN,
16.671,0.00539,-0.02090,0.12957,-0.46607,-0.00072,-0.31352,0.82734,NaN,NaN,NaN,NaN,NaN,NaN,NaN,NaN,NaN,NaN,NaN,NaN,NaN,NaN,NaN,NaN,NaN,NaN,NaN,NaN,NaN,
16.696,0.00540,-0.02089,0.12959,-0.46628,-0.00053,-0.31340,0.82726,NaN,NaN,NaN,NaN,NaN,NaN,NaN,NaN,NaN,NaN,NaN,NaN,NaN,NaN,NaN,NaN,NaN,NaN,NaN,NaN,NaN,
16.721,0.00541,-0.02087,0.12959,-0.46651,-0.00045,-0.31319,0.82721,NaN,NaN,NaN,NaN,NaN,NaN,NaN,NaN,NaN,NaN,NaN,NaN,NaN,NaN,NaN,NaN,NaN,NaN,NaN,NaN,NaN,
16.746,0.00543,-0.02086,0.12960,-0.46683,-0.00025,-0.31296,0.82712,NaN,NaN,NaN,NaN,NaN,NaN,NaN,NaN,NaN,NaN,NaN,NaN,NaN,NaN,NaN,NaN,NaN,NaN,NaN,NaN,NaN,
16.771,0.00544,-0.02084,0.12960,-0.46698,-0.00012,-0.31286,0.82707,NaN,NaN,NaN,NaN,NaN,NaN,NaN,NaN,NaN,NaN,NaN,NaN,NaN,NaN,NaN,NaN,NaN,NaN,NaN,NaN,NaN,
16.796,0.00542,-0.02084,0.12960,-0.46709,-0.00013,-0.31274,0.82706,NaN,NaN,NaN,NaN,NaN,NaN,NaN,NaN,NaN,NaN,NaN,NaN,NaN,NaN,NaN,NaN,NaN,NaN,NaN,NaN,NaN,
16.821,0.00544,-0.02082,0.12958,-0.46722,-0.00023,-0.31250,0.82707,NaN,NaN,NaN,NaN,NaN,NaN,NaN,NaN,NaN,NaN,NaN,NaN,NaN,NaN,NaN,NaN,NaN,NaN,NaN,NaN,NaN,
16.846,0.00542,-0.02082,0.12960,-0.46732,-0.00006,-0.31251,0.82701,NaN,NaN,NaN,NaN,NaN,NaN,NaN,NaN,NaN,NaN,NaN,NaN,NaN,NaN,NaN,NaN,NaN,NaN,NaN,NaN,NaN,
16.871,0.00544,-0.02080,0.12960,-0.46767,0.00014,-0.31224,0.82692,NaN,NaN,NaN,NaN,NaN,NaN,NaN,NaN,NaN,NaN,NaN,NaN,NaN,NaN,NaN,NaN,NaN,NaN,NaN,NaN,NaN,
16.896,0.00542,-0.02079,0.12962,-0.46785,0.00029,-0.31213,0.82686,NaN,NaN,NaN,NaN,NaN,NaN,NaN,NaN,NaN,NaN,NaN,NaN,NaN,NaN,NaN,NaN,NaN,NaN,NaN,NaN,NaN,
16.921,0.00545,-0.02076,0.12962,-0.46819,0.00045,-0.31184,0.82677,NaN,NaN,NaN,NaN,NaN,NaN,NaN,NaN,NaN,NaN,NaN,NaN,NaN,NaN,NaN,NaN,NaN,NaN,NaN,NaN,NaN,
16.946,0.00546,-0.02074,0.12965,-0.46851,0.00073,-0.31166,0.82666,NaN,NaN,NaN,NaN,NaN,NaN,NaN,NaN,NaN,NaN,NaN,NaN,NaN,NaN,NaN,NaN,NaN,NaN,NaN,NaN,NaN,
16.971,0.00546,-0.02069,0.12966,-0.46925,0.00106,-0.31102,0.82648,NaN,NaN,NaN,NaN,NaN,NaN,NaN,NaN,NaN,NaN,NaN,NaN,NaN,NaN,NaN,NaN,NaN,NaN,NaN,NaN,NaN,
16.996,0.00548,-0.02063,0.12968,-0.46990,0.00135,-0.31046,0.82632,NaN,NaN,NaN,NaN,NaN,NaN,NaN,NaN,NaN,NaN,NaN,NaN,NaN,NaN,NaN,NaN,NaN,NaN,NaN,NaN,NaN,
17.021,0.00547,-0.02059,0.12970,-0.47042,0.00166,-0.31006,0.82618,NaN,NaN,NaN,NaN,NaN,NaN,NaN,NaN,NaN,NaN,NaN,NaN,NaN,NaN,NaN,NaN,NaN,NaN,NaN,NaN,NaN,
17.046,0.00551,-0.02055,0.12970,-0.47122,0.00215,-0.30946,0.82594,NaN,NaN,NaN,NaN,NaN,NaN,NaN,NaN,NaN,NaN,NaN,NaN,NaN,NaN,NaN,NaN,NaN,NaN,NaN,NaN,NaN,
17.071,0.00557,-0.02048,0.12974,-0.47249,0.00339,-0.30882,0.82545,NaN,NaN,NaN,NaN,NaN,NaN,NaN,NaN,NaN,NaN,NaN,NaN,NaN,NaN,NaN,NaN,NaN,NaN,NaN,NaN,NaN,
17.096,0.00568,-0.02041,0.12971,-0.47384,0.00496,-0.30833,0.82485,NaN,NaN,NaN,NaN,NaN,NaN,NaN,NaN,NaN,NaN,NaN,NaN,NaN,NaN,NaN,NaN,NaN,NaN,NaN,NaN,NaN,
17.121,0.00591,-0.02035,0.12973,-0.47507,0.00711,-0.30839,0.82411,NaN,NaN,NaN,NaN,NaN,NaN,NaN,NaN,NaN,NaN,NaN,NaN,NaN,NaN,NaN,NaN,NaN,NaN,NaN,NaN,NaN,
17.146,0.00598,-0.02029,0.12977,-0.47617,0.00824,-0.30787,0.82366,NaN,NaN,NaN,NaN,NaN,NaN,NaN,NaN,NaN,NaN,NaN,NaN,NaN,NaN,NaN,NaN,NaN,NaN,NaN,NaN,NaN,
17.171,0.00606,-0.02017,0.12980,-0.47803,0.00920,-0.30633,0.82315,NaN,NaN,NaN,NaN,NaN,NaN,NaN,NaN,NaN,NaN,NaN,NaN,NaN,NaN,NaN,NaN,NaN,NaN,NaN,NaN,NaN,
17.196,0.00616,-0.01999,0.12981,-0.48040,0.01087,-0.30466,0.82236,NaN,NaN,NaN,NaN,NaN,NaN,NaN,NaN,NaN,NaN,NaN,NaN,NaN,NaN,NaN,NaN,NaN,NaN,NaN,NaN,NaN,
17.221,0.00644,-0.01981,0.12983,-0.48376,0.01443,-0.30312,0.82091,NaN,NaN,NaN,NaN,NaN,NaN,NaN,NaN,NaN,NaN,NaN,NaN,NaN,NaN,NaN,NaN,NaN,NaN,NaN,NaN,NaN,
17.246,0.00686,-0.01952,0.12983,-0.48752,0.01867,-0.30155,0.81917,NaN,NaN,NaN,NaN,NaN,NaN,NaN,NaN,NaN,NaN,NaN,NaN,NaN,NaN,NaN,NaN,NaN,NaN,NaN,NaN,NaN,
17.271,0.00703,-0.01938,0.12993,-0.49062,0.02216,-0.30023,0.81772,NaN,NaN,NaN,NaN,NaN,NaN,NaN,NaN,NaN,NaN,NaN,NaN,NaN,NaN,NaN,NaN,NaN,NaN,NaN,NaN,NaN,
17.296,0.00726,-0.01928,0.12986,-0.49295,0.02429,-0.29887,0.81676,NaN,NaN,NaN,NaN,NaN,NaN,NaN,NaN,NaN,NaN,NaN,NaN,NaN,NaN,NaN,NaN,NaN,NaN,NaN,NaN,NaN,
17.321,0.00740,-0.01911,0.12988,-0.49492,0.02624,-0.29782,0.81588,NaN,NaN,NaN,NaN,NaN,NaN,NaN,NaN,NaN,NaN,NaN,NaN,NaN,NaN,NaN,NaN,NaN,NaN,NaN,NaN,NaN,
17.346,0.00740,-0.01911,0.12988,-0.49492,0.02624,-0.29782,0.81588,NaN,NaN,NaN,NaN,NaN,NaN,NaN,NaN,NaN,NaN,NaN,NaN,NaN,NaN,NaN,NaN,NaN,NaN,NaN,NaN,NaN,
17.371,0.00766,-0.01865,0.12992,0.50032,-0.02980,0.29367,-0.81398,NaN,NaN,NaN,NaN,NaN,NaN,NaN,NaN,NaN,NaN,NaN,NaN,NaN,NaN,NaN,NaN,NaN,NaN,NaN,NaN,NaN,
17.396,0.00781,-0.01855,0.12990,0.50207,-0.03146,0.29265,-0.81320,NaN,NaN,NaN,NaN,NaN,NaN,NaN,NaN,NaN,NaN,NaN,NaN,NaN,NaN,NaN,NaN,NaN,NaN,NaN,NaN,NaN,
17.421,0.00782,-0.01847,0.12993,0.50362,-0.03232,0.29132,-0.81268,NaN,NaN,NaN,NaN,NaN,NaN,NaN,NaN,NaN,NaN,NaN,NaN,NaN,NaN,NaN,NaN,NaN,NaN,NaN,NaN,NaN,
17.446,0.00791,-0.01839,0.12998,0.50532,-0.03393,0.29033,-0.81191,NaN,NaN,NaN,NaN,NaN,NaN,NaN,NaN,NaN,NaN,NaN,NaN,NaN,NaN,NaN,NaN,NaN,NaN,NaN,NaN,NaN,
17.471,0.00821,-0.01810,0.12979,0.50747,-0.03607,0.28914,-0.81091,NaN,NaN,NaN,NaN,NaN,NaN,NaN,NaN,NaN,NaN,NaN,NaN,NaN,NaN,NaN,NaN,NaN,NaN,NaN,NaN,NaN,
17.496,0.00838,-0.01812,0.12993,0.50910,-0.03960,0.28954,-0.80958,NaN,NaN,NaN,NaN,NaN,NaN,NaN,NaN,NaN,NaN,NaN,NaN,NaN,NaN,NaN,NaN,NaN,NaN,NaN,NaN,NaN,
17.521,0.00838,-0.01803,0.12989,0.51046,-0.04032,0.28834,-0.80911,NaN,NaN,NaN,NaN,NaN,NaN,NaN,NaN,NaN,NaN,NaN,NaN,NaN,NaN,NaN,NaN,NaN,NaN,NaN,NaN,NaN,
17.546,0.00849,-0.01793,0.12986,0.51162,-0.04106,0.28740,-0.80868,NaN,NaN,NaN,NaN,NaN,NaN,NaN,NaN,NaN,NaN,NaN,NaN,NaN,NaN,NaN,NaN,NaN,NaN,NaN,NaN,NaN,
17.571,0.00857,-0.01786,0.12985,0.51224,-0.04178,0.28712,-0.80835,NaN,NaN,NaN,NaN,NaN,NaN,NaN,NaN,NaN,NaN,NaN,NaN,NaN,NaN,NaN,NaN,NaN,NaN,NaN,NaN,NaN,
17.596,0.00864,-0.01781,0.12988,0.51236,-0.04211,0.28720,-0.80823,NaN,NaN,NaN,NaN,NaN,NaN,NaN,NaN,NaN,NaN,NaN,NaN,NaN,NaN,NaN,NaN,NaN,NaN,NaN,NaN,NaN,
17.621,0.00863,-0.01780,0.12987,0.51258,-0.04223,0.28700,-0.80815,NaN,NaN,NaN,NaN,NaN,NaN,NaN,NaN,NaN,NaN,NaN,NaN,NaN,NaN,NaN,NaN,NaN,NaN,NaN,NaN,NaN,
17.646,0.00867,-0.01772,0.12980,0.51290,-0.04219,0.28657,-0.80810,NaN,NaN,NaN,NaN,NaN,NaN,NaN,NaN,NaN,NaN,NaN,NaN,NaN,NaN,NaN,NaN,NaN,NaN,NaN,NaN,NaN,
17.671,0.00868,-0.01771,0.12984,0.51324,-0.04289,0.28663,-0.80783,NaN,NaN,NaN,NaN,NaN,NaN,NaN,NaN,NaN,NaN,NaN,NaN,NaN,NaN,NaN,NaN,NaN,NaN,NaN,NaN,NaN,
17.696,0.00868,-0.01775,0.12988,0.51380,-0.04342,0.28629,-0.80757,NaN,NaN,NaN,NaN,NaN,NaN,NaN,NaN,NaN,NaN,NaN,NaN,NaN,NaN,NaN,NaN,NaN,NaN,NaN,NaN,NaN,
17.721,0.00868,-0.01770,0.12983,0.51400,-0.04312,0.28583,-0.80762,NaN,NaN,NaN,NaN,NaN,NaN,NaN,NaN,NaN,NaN,NaN,NaN,NaN,NaN,NaN,NaN,NaN,NaN,NaN,NaN,NaN,
17.746,0.00868,-0.01779,0.12987,0.51295,-0.04263,0.28681,-0.80796,NaN,NaN,NaN,NaN,NaN,NaN,NaN,NaN,NaN,NaN,NaN,NaN,NaN,NaN,NaN,NaN,NaN,NaN,NaN,NaN,NaN,
17.771,0.00869,-0.01775,0.12987,0.51330,-0.04286,0.28654,-0.80783,NaN,NaN,NaN,NaN,NaN,NaN,NaN,NaN,NaN,NaN,NaN,NaN,NaN,NaN,NaN,NaN,NaN,NaN,NaN,NaN,NaN,
17.796,0.00871,-0.01771,0.12986,0.51357,-0.04296,0.28626,-0.80775,NaN,NaN,NaN,NaN,NaN,NaN,NaN,NaN,NaN,NaN,NaN,NaN,NaN,NaN,NaN,NaN,NaN,NaN,NaN,NaN,NaN,
17.821,0.00871,-0.01768,0.12987,0.51391,-0.04315,0.28597,-0.80763,NaN,NaN,NaN,NaN,NaN,NaN,NaN,NaN,NaN,NaN,NaN,NaN,NaN,NaN,NaN,NaN,NaN,NaN,NaN,NaN,NaN,
17.846,0.00872,-0.01764,0.12987,0.51429,-0.04326,0.28557,-0.80752,NaN,NaN,NaN,NaN,NaN,NaN,NaN,NaN,NaN,NaN,NaN,NaN,NaN,NaN,NaN,NaN,NaN,NaN,NaN,NaN,NaN,
17.871,0.00875,-0.01761,0.12989,0.51475,-0.04350,0.28515,-0.80736,NaN,NaN,NaN,NaN,NaN,NaN,NaN,NaN,NaN,NaN,NaN,NaN,NaN,NaN,NaN,NaN,NaN,NaN,NaN,NaN,NaN,
17.896,0.00876,-0.01758,0.12986,0.51499,-0.04324,0.28466,-0.80739,NaN,NaN,NaN,NaN,NaN,NaN,NaN,NaN,NaN,NaN,NaN,NaN,NaN,NaN,NaN,NaN,NaN,NaN,NaN,NaN,NaN,
17.921,0.00885,-0.01758,0.12987,0.51507,-0.04350,0.28475,-0.80730,NaN,NaN,NaN,NaN,NaN,NaN,NaN,NaN,NaN,NaN,NaN,NaN,NaN,NaN,NaN,NaN,NaN,NaN,NaN,NaN,NaN,
17.946,0.00927,-0.01761,0.12990,0.51541,-0.04585,0.28593,-0.80653,NaN,NaN,NaN,NaN,NaN,NaN,NaN,NaN,NaN,NaN,NaN,NaN,NaN,NaN,NaN,NaN,NaN,NaN,NaN,NaN,NaN,
17.971,0.00957,-0.01737,0.12990,0.51784,-0.04887,0.28493,-0.80515,NaN,NaN,NaN,NaN,NaN,NaN,NaN,NaN,NaN,NaN,NaN,NaN,NaN,NaN,NaN,NaN,NaN,NaN,NaN,NaN,NaN,
17.996,0.00967,-0.01725,0.12990,0.51888,-0.04963,0.28413,-0.80472,NaN,NaN,NaN,NaN,NaN,NaN,NaN,NaN,NaN,NaN,NaN,NaN,NaN,NaN,NaN,NaN,NaN,NaN,NaN,NaN,NaN,
18.021,0.00972,-0.01723,0.12996,0.51921,-0.04945,0.28360,-0.80470,NaN,NaN,NaN,NaN,NaN,NaN,NaN,NaN,NaN,NaN,NaN,NaN,NaN,NaN,NaN,NaN,NaN,NaN,NaN,NaN,NaN,
18.046,0.00982,-0.01723,0.12998,0.51798,-0.04797,0.28414,-0.80540,NaN,NaN,NaN,NaN,NaN,NaN,NaN,NaN,NaN,NaN,NaN,NaN,NaN,NaN,NaN,NaN,NaN,NaN,NaN,NaN,NaN,
18.071,0.01002,-0.01711,0.12993,0.51778,-0.04860,0.28483,-0.80524,NaN,NaN,NaN,NaN,NaN,NaN,NaN,NaN,NaN,NaN,NaN,NaN,NaN,NaN,NaN,NaN,NaN,NaN,NaN,NaN,NaN,
18.096,0.01066,-0.01687,0.12989,0.52136,-0.05504,0.28468,-0.80257,NaN,NaN,NaN,NaN,NaN,NaN,NaN,NaN,NaN,NaN,NaN,NaN,NaN,NaN,NaN,NaN,NaN,NaN,NaN,NaN,NaN,
18.121,0.01088,-0.01706,0.13017,0.52220,-0.05941,0.28655,-0.80104,NaN,NaN,NaN,NaN,NaN,NaN,NaN,NaN,NaN,NaN,NaN,NaN,NaN,NaN,NaN,NaN,NaN,NaN,NaN,NaN,NaN,
18.146,0.01092,-0.01716,0.12996,0.51915,-0.05556,0.28781,-0.80285,NaN,NaN,NaN,NaN,NaN,NaN,NaN,NaN,NaN,NaN,NaN,NaN,NaN,NaN,NaN,NaN,NaN,NaN,NaN,NaN,NaN,
18.171,0.01096,-0.01740,0.12998,0.51581,-0.05251,0.28995,-0.80443,NaN,NaN,NaN,NaN,NaN,NaN,NaN,NaN,NaN,NaN,NaN,NaN,NaN,NaN,NaN,NaN,NaN,NaN,NaN,NaN,NaN,
18.196,0.01095,-0.01775,0.13035,0.51157,-0.05162,0.29464,-0.80549,NaN,NaN,NaN,NaN,NaN,NaN,NaN,NaN,NaN,NaN,NaN,NaN,NaN,NaN,NaN,NaN,NaN,NaN,NaN,NaN,NaN,
18.221,0.01088,-0.01813,0.12995,0.50423,-0.04426,0.29876,-0.80903,NaN,NaN,NaN,NaN,NaN,NaN,NaN,NaN,NaN,NaN,NaN,NaN,NaN,NaN,NaN,NaN,NaN,NaN,NaN,NaN,NaN,
18.246,0.01086,-0.01839,0.12996,-0.49982,0.04120,-0.30211,0.81069,NaN,NaN,NaN,NaN,NaN,NaN,NaN,NaN,NaN,NaN,NaN,NaN,NaN,NaN,NaN,NaN,NaN,NaN,NaN,NaN,NaN,
18.271,0.01080,-0.01848,0.12996,-0.49817,0.03997,-0.30329,0.81132,NaN,NaN,NaN,NaN,NaN,NaN,NaN,NaN,NaN,NaN,NaN,NaN,NaN,NaN,NaN,NaN,NaN,NaN,NaN,NaN,NaN,
18.296,0.01086,-0.01845,0.12987,-0.49857,0.03950,-0.30249,0.81140,NaN,NaN,NaN,NaN,NaN,NaN,NaN,NaN,NaN,NaN,NaN,NaN,NaN,NaN,NaN,NaN,NaN,NaN,NaN,NaN,NaN,
18.321,0.01080,-0.01850,0.12995,-0.49854,0.03980,-0.30272,0.81131,NaN,NaN,NaN,NaN,NaN,NaN,NaN,NaN,NaN,NaN,NaN,NaN,NaN,NaN,NaN,NaN,NaN,NaN,NaN,NaN,NaN,
18.346,0.01081,-0.01853,0.12993,-0.49858,0.03970,-0.30261,0.81134,NaN,NaN,NaN,NaN,NaN,NaN,NaN,NaN,NaN,NaN,NaN,NaN,NaN,NaN,NaN,NaN,NaN,NaN,NaN,NaN,NaN,
18.371,0.01083,-0.01850,0.12990,-0.49847,0.03956,-0.30264,0.81140,NaN,NaN,NaN,NaN,NaN,NaN,NaN,NaN,NaN,NaN,NaN,NaN,NaN,NaN,NaN,NaN,NaN,NaN,NaN,NaN,NaN,
18.396,0.01083,-0.01847,0.12989,-0.49829,0.03955,-0.30286,0.81143,NaN,NaN,NaN,NaN,NaN,NaN,NaN,NaN,NaN,NaN,NaN,NaN,NaN,NaN,NaN,NaN,NaN,NaN,NaN,NaN,NaN,
18.421,0.01086,-0.01843,0.12983,-0.49838,0.03964,-0.30282,0.81139,NaN,NaN,NaN,NaN,NaN,NaN,NaN,NaN,NaN,NaN,NaN,NaN,NaN,NaN,NaN,NaN,NaN,NaN,NaN,NaN,NaN,
18.446,0.01080,-0.01845,0.12988,-0.49887,0.03992,-0.30240,0.81123,NaN,NaN,NaN,NaN,NaN,NaN,NaN,NaN,NaN,NaN,NaN,NaN,NaN,NaN,NaN,NaN,NaN,NaN,NaN,NaN,NaN,
18.471,0.01083,-0.01841,0.12976,-0.49923,0.04062,-0.30243,0.81096,NaN,NaN,NaN,NaN,NaN,NaN,NaN,NaN,NaN,NaN,NaN,NaN,NaN,NaN,NaN,NaN,NaN,NaN,NaN,NaN,NaN,
18.496,0.01088,-0.01838,0.12976,-0.49953,0.04101,-0.30233,0.81079,NaN,NaN,NaN,NaN,NaN,NaN,NaN,NaN,NaN,NaN,NaN,NaN,NaN,NaN,NaN,NaN,NaN,NaN,NaN,NaN,NaN,
18.521,0.01084,-0.01829,0.12968,-0.49969,0.04081,-0.30200,0.81082,NaN,NaN,NaN,NaN,NaN,NaN,NaN,NaN,NaN,NaN,NaN,NaN,NaN,NaN,NaN,NaN,NaN,NaN,NaN,NaN,NaN,
18.546,0.01088,-0.01828,0.12960,-0.49981,0.04089,-0.30191,0.81078,NaN,NaN,NaN,NaN,NaN,NaN,NaN,NaN,NaN,NaN,NaN,NaN,NaN,NaN,NaN,NaN,NaN,NaN,NaN,NaN,NaN,
18.571,0.01090,-0.01824,0.12953,0.50029,-0.04113,0.30148,-0.81063,NaN,NaN,NaN,NaN,NaN,NaN,NaN,NaN,NaN,NaN,NaN,NaN,NaN,NaN,NaN,NaN,NaN,NaN,NaN,NaN,NaN,
18.596,0.01089,-0.01810,0.12946,0.50113,-0.04137,0.30062,-0.81042,NaN,NaN,NaN,NaN,NaN,NaN,NaN,NaN,NaN,NaN,NaN,NaN,NaN,NaN,NaN,NaN,NaN,NaN,NaN,NaN,NaN,
18.621,0.01091,-0.01800,0.12935,0.50202,-0.04152,0.29962,-0.81023,NaN,NaN,NaN,NaN,NaN,NaN,NaN,NaN,NaN,NaN,NaN,NaN,NaN,NaN,NaN,NaN,NaN,NaN,NaN,NaN,NaN,
18.646,0.01093,-0.01796,0.12930,0.50265,-0.04201,0.29919,-0.80998,NaN,NaN,NaN,NaN,NaN,NaN,NaN,NaN,NaN,NaN,NaN,NaN,NaN,NaN,NaN,NaN,NaN,NaN,NaN,NaN,NaN,
18.671,0.01093,-0.01784,0.12925,0.50351,-0.04235,0.29836,-0.80973,NaN,NaN,NaN,NaN,NaN,NaN,NaN,NaN,NaN,NaN,NaN,NaN,NaN,NaN,NaN,NaN,NaN,NaN,NaN,NaN,NaN,
18.696,0.01093,-0.01764,0.12919,0.50582,-0.04316,0.29606,-0.80910,NaN,NaN,NaN,NaN,NaN,NaN,NaN,NaN,NaN,NaN,NaN,NaN,NaN,NaN,NaN,NaN,NaN,NaN,NaN,NaN,NaN,
18.721,0.01097,-0.01745,0.12933,0.50842,-0.04537,0.29434,-0.80797,NaN,NaN,NaN,NaN,NaN,NaN,NaN,NaN,NaN,NaN,NaN,NaN,NaN,NaN,NaN,NaN,NaN,NaN,NaN,NaN,NaN,
18.746,0.01102,-0.01736,0.12931,0.51017,-0.04638,0.29284,-0.80735,NaN,NaN,NaN,NaN,NaN,NaN,NaN,NaN,NaN,NaN,NaN,NaN,NaN,NaN,NaN,NaN,NaN,NaN,NaN,NaN,NaN,
18.771,0.01108,-0.01722,0.12932,0.51195,-0.04774,0.29155,-0.80661,NaN,NaN,NaN,NaN,NaN,NaN,NaN,NaN,NaN,NaN,NaN,NaN,NaN,NaN,NaN,NaN,NaN,NaN,NaN,NaN,NaN,
18.796,0.01106,-0.01718,0.12940,0.51245,-0.04862,0.29152,-0.80625,NaN,NaN,NaN,NaN,NaN,NaN,NaN,NaN,NaN,NaN,NaN,NaN,NaN,NaN,NaN,NaN,NaN,NaN,NaN,NaN,NaN,
18.821,0.01108,-0.01716,0.12942,0.51270,-0.04885,0.29137,-0.80614,NaN,NaN,NaN,NaN,NaN,NaN,NaN,NaN,NaN,NaN,NaN,NaN,NaN,NaN,NaN,NaN,NaN,NaN,NaN,NaN,NaN,
18.846,0.01108,-0.01716,0.12945,0.51294,-0.04912,0.29125,-0.80601,NaN,NaN,NaN,NaN,NaN,NaN,NaN,NaN,NaN,NaN,NaN,NaN,NaN,NaN,NaN,NaN,NaN,NaN,NaN,NaN,NaN,
18.871,0.01115,-0.01717,0.12948,0.51331,-0.04941,0.29098,-0.80585,NaN,NaN,NaN,NaN,NaN,NaN,NaN,NaN,NaN,NaN,NaN,NaN,NaN,NaN,NaN,NaN,NaN,NaN,NaN,NaN,NaN,
18.896,0.01112,-0.01709,0.12950,0.51442,-0.04980,0.28986,-0.80553,NaN,NaN,NaN,NaN,NaN,NaN,NaN,NaN,NaN,NaN,NaN,NaN,NaN,NaN,NaN,NaN,NaN,NaN,NaN,NaN,NaN,
18.921,0.01121,-0.01698,0.12957,0.51575,-0.05070,0.28880,-0.80500,NaN,NaN,NaN,NaN,NaN,NaN,NaN,NaN,NaN,NaN,NaN,NaN,NaN,NaN,NaN,NaN,NaN,NaN,NaN,NaN,NaN,
18.946,0.01112,-0.01685,0.12972,0.51899,-0.05279,0.28614,-0.80373,NaN,NaN,NaN,NaN,NaN,NaN,NaN,NaN,NaN,NaN,NaN,NaN,NaN,NaN,NaN,NaN,NaN,NaN,NaN,NaN,NaN,
18.971,0.01133,-0.01641,0.12967,0.52113,-0.05361,0.28400,-0.80305,NaN,NaN,NaN,NaN,NaN,NaN,NaN,NaN,NaN,NaN,NaN,NaN,NaN,NaN,NaN,NaN,NaN,NaN,NaN,NaN,NaN,
18.996,0.01136,-0.01634,0.12987,0.52372,-0.05662,0.28274,-0.80160,NaN,NaN,NaN,NaN,NaN,NaN,NaN,NaN,NaN,NaN,NaN,NaN,NaN,NaN,NaN,NaN,NaN,NaN,NaN,NaN,NaN,
19.021,0.01162,-0.01610,0.12997,0.52730,-0.05970,0.28026,-0.79990,NaN,NaN,NaN,NaN,NaN,NaN,NaN,NaN,NaN,NaN,NaN,NaN,NaN,NaN,NaN,NaN,NaN,NaN,NaN,NaN,NaN,
19.046,0.01194,-0.01573,0.13002,0.53038,-0.06323,0.27869,-0.79814,NaN,NaN,NaN,NaN,NaN,NaN,NaN,NaN,NaN,NaN,NaN,NaN,NaN,NaN,NaN,NaN,NaN,NaN,NaN,NaN,NaN,
19.071,0.01215,-0.01556,0.13008,0.53264,-0.06560,0.27738,-0.79690,NaN,NaN,NaN,NaN,NaN,NaN,NaN,NaN,NaN,NaN,NaN,NaN,NaN,NaN,NaN,NaN,NaN,NaN,NaN,NaN,NaN,
19.096,0.01226,-0.01547,0.13030,0.53471,-0.06748,0.27597,-0.79585,NaN,NaN,NaN,NaN,NaN,NaN,NaN,NaN,NaN,NaN,NaN,NaN,NaN,NaN,NaN,NaN,NaN,NaN,NaN,NaN,NaN,
19.121,0.01237,-0.01532,0.13040,0.53666,-0.06849,0.27413,-0.79508,NaN,NaN,NaN,NaN,NaN,NaN,NaN,NaN,NaN,NaN,NaN,NaN,NaN,NaN,NaN,NaN,NaN,NaN,NaN,NaN,NaN,
19.146,0.01239,-0.01522,0.13058,0.53813,-0.06919,0.27269,-0.79452,NaN,NaN,NaN,NaN,NaN,NaN,NaN,NaN,NaN,NaN,NaN,NaN,NaN,NaN,NaN,NaN,NaN,NaN,NaN,NaN,NaN,
19.171,0.01235,-0.01521,0.13065,0.53889,-0.06943,0.27187,-0.79427,NaN,NaN,NaN,NaN,NaN,NaN,NaN,NaN,NaN,NaN,NaN,NaN,NaN,NaN,NaN,NaN,NaN,NaN,NaN,NaN,NaN,
19.196,0.01254,-0.01559,0.13079,0.53458,-0.06833,0.27671,-0.79561,NaN,NaN,NaN,NaN,NaN,NaN,NaN,NaN,NaN,NaN,NaN,NaN,NaN,NaN,NaN,NaN,NaN,NaN,NaN,NaN,NaN,
19.221,0.01261,-0.01578,0.13063,0.52920,-0.06440,0.28099,-0.79803,NaN,NaN,NaN,NaN,NaN,NaN,NaN,NaN,NaN,NaN,NaN,NaN,NaN,NaN,NaN,NaN,NaN,NaN,NaN,NaN,NaN,
19.246,0.01263,-0.01581,0.13057,0.52851,-0.06360,0.28133,-0.79843,NaN,NaN,NaN,NaN,NaN,NaN,NaN,NaN,NaN,NaN,NaN,NaN,NaN,NaN,NaN,NaN,NaN,NaN,NaN,NaN,NaN,
19.271,0.01264,-0.01580,0.13056,0.52841,-0.06380,0.28160,-0.79838,NaN,NaN,NaN,NaN,NaN,NaN,NaN,NaN,NaN,NaN,NaN,NaN,NaN,NaN,NaN,NaN,NaN,NaN,NaN,NaN,NaN,
19.296,0.01269,-0.01570,0.13053,0.52830,-0.06372,0.28168,-0.79843,NaN,NaN,NaN,NaN,NaN,NaN,NaN,NaN,NaN,NaN,NaN,NaN,NaN,NaN,NaN,NaN,NaN,NaN,NaN,NaN,NaN,
19.321,0.01271,-0.01549,0.13033,0.52903,-0.06324,0.28043,-0.79843,NaN,NaN,NaN,NaN,NaN,NaN,NaN,NaN,NaN,NaN,NaN,NaN,NaN,NaN,NaN,NaN,NaN,NaN,NaN,NaN,NaN,
19.346,0.01270,-0.01539,0.13033,0.53002,-0.06424,0.27982,-0.79790,NaN,NaN,NaN,NaN,NaN,NaN,NaN,NaN,NaN,NaN,NaN,NaN,NaN,NaN,NaN,NaN,NaN,NaN,NaN,NaN,NaN,
19.371,0.01270,-0.01531,0.13019,0.53068,-0.06423,0.27897,-0.79776,NaN,NaN,NaN,NaN,NaN,NaN,NaN,NaN,NaN,NaN,NaN,NaN,NaN,NaN,NaN,NaN,NaN,NaN,NaN,NaN,NaN,
19.396,0.01274,-0.01523,0.13021,0.53049,-0.06505,0.27977,-0.79754,NaN,NaN,NaN,NaN,NaN,NaN,NaN,NaN,NaN,NaN,NaN,NaN,NaN,NaN,NaN,NaN,NaN,NaN,NaN,NaN,NaN,
19.421,0.01293,-0.01505,0.12986,0.52938,-0.06368,0.28028,-0.79821,NaN,NaN,NaN,NaN,NaN,NaN,NaN,NaN,NaN,NaN,NaN,NaN,NaN,NaN,NaN,NaN,NaN,NaN,NaN,NaN,NaN,
19.446,0.01292,-0.01501,0.12976,0.52916,-0.06394,0.28073,-0.79818,NaN,NaN,NaN,NaN,NaN,NaN,NaN,NaN,NaN,NaN,NaN,NaN,NaN,NaN,NaN,NaN,NaN,NaN,NaN,NaN,NaN,
19.471,0.01300,-0.01490,0.12970,0.52980,-0.06463,0.28037,-0.79783,NaN,NaN,NaN,NaN,NaN,NaN,NaN,NaN,NaN,NaN,NaN,NaN,NaN,NaN,NaN,NaN,NaN,NaN,NaN,NaN,NaN,
19.496,0.01307,-0.01471,0.12964,0.53092,-0.06546,0.27950,-0.79732,NaN,NaN,NaN,NaN,NaN,NaN,NaN,NaN,NaN,NaN,NaN,NaN,NaN,NaN,NaN,NaN,NaN,NaN,NaN,NaN,NaN,
19.521,0.01313,-0.01450,0.12952,0.53175,-0.06542,0.27840,-0.79715,NaN,NaN,NaN,NaN,NaN,NaN,NaN,NaN,NaN,NaN,NaN,NaN,NaN,NaN,NaN,NaN,NaN,NaN,NaN,NaN,NaN,
19.546,0.01317,-0.01436,0.12950,0.53349,-0.06691,0.27716,-0.79630,NaN,NaN,NaN,NaN,NaN,NaN,NaN,NaN,NaN,NaN,NaN,NaN,NaN,NaN,NaN,NaN,NaN,NaN,NaN,NaN,NaN,
19.571,0.01315,-0.01424,0.12953,0.53453,-0.06802,0.27656,-0.79572,NaN,NaN,NaN,NaN,NaN,NaN,NaN,NaN,NaN,NaN,NaN,NaN,NaN,NaN,NaN,NaN,NaN,NaN,NaN,NaN,NaN,
19.596,0.01339,-0.01393,0.12941,0.53536,-0.06936,0.27639,-0.79510,NaN,NaN,NaN,NaN,NaN,NaN,NaN,NaN,NaN,NaN,NaN,NaN,NaN,NaN,NaN,NaN,NaN,NaN,NaN,NaN,NaN,
19.621,0.01363,-0.01385,0.12955,0.53835,-0.07441,0.27588,-0.79280,NaN,NaN,NaN,NaN,NaN,NaN,NaN,NaN,NaN,NaN,NaN,NaN,NaN,NaN,NaN,NaN,NaN,NaN,NaN,NaN,NaN,
19.646,0.01370,-0.01354,0.12951,0.53965,-0.07466,0.27436,-0.79242,NaN,NaN,NaN,NaN,NaN,NaN,NaN,NaN,NaN,NaN,NaN,NaN,NaN,NaN,NaN,NaN,NaN,NaN,NaN,NaN,NaN,
19.671,0.01382,-0.01328,0.12947,0.54080,-0.07480,0.27296,-0.79211,NaN,NaN,NaN,NaN,NaN,NaN,NaN,NaN,NaN,NaN,NaN,NaN,NaN,NaN,NaN,NaN,NaN,NaN,NaN,NaN,NaN,
19.696,0.01379,-0.01313,0.12960,0.54143,-0.07568,0.27272,-0.79168,NaN,NaN,NaN,NaN,NaN,NaN,NaN,NaN,NaN,NaN,NaN,NaN,NaN,NaN,NaN,NaN,NaN,NaN,NaN,NaN,NaN,
19.721,0.01397,-0.01303,0.12952,0.54142,-0.07613,0.27303,-0.79153,NaN,NaN,NaN,NaN,NaN,NaN,NaN,NaN,NaN,NaN,NaN,NaN,NaN,NaN,NaN,NaN,NaN,NaN,NaN,NaN,NaN,
19.746,0.01421,-0.01319,0.12980,0.54274,-0.08077,0.27437,-0.78971,NaN,NaN,NaN,NaN,NaN,NaN,NaN,NaN,NaN,NaN,NaN,NaN,NaN,NaN,NaN,NaN,NaN,NaN,NaN,NaN,NaN,
19.771,0.01422,-0.01296,0.12984,0.54277,-0.08040,0.27408,-0.78982,NaN,NaN,NaN,NaN,NaN,NaN,NaN,NaN,NaN,NaN,NaN,NaN,NaN,NaN,NaN,NaN,NaN,NaN,NaN,NaN,NaN,
19.796,0.01427,-0.01289,0.12995,0.54349,-0.08101,0.27354,-0.78945,NaN,NaN,NaN,NaN,NaN,NaN,NaN,NaN,NaN,NaN,NaN,NaN,NaN,NaN,NaN,NaN,NaN,NaN,NaN,NaN,NaN,
19.821,0.01419,-0.01275,0.13005,0.54422,-0.08124,0.27274,-0.78920,NaN,NaN,NaN,NaN,NaN,NaN,NaN,NaN,NaN,NaN,NaN,NaN,NaN,NaN,NaN,NaN,NaN,NaN,NaN,NaN,NaN,
19.846,0.01422,-0.01261,0.13020,0.54498,-0.08181,0.27212,-0.78883,NaN,NaN,NaN,NaN,NaN,NaN,NaN,NaN,NaN,NaN,NaN,NaN,NaN,NaN,NaN,NaN,NaN,NaN,NaN,NaN,NaN,
19.871,0.01436,-0.01250,0.13023,0.54467,-0.08091,0.27194,-0.78920,NaN,NaN,NaN,NaN,NaN,NaN,NaN,NaN,NaN,NaN,NaN,NaN,NaN,NaN,NaN,NaN,NaN,NaN,NaN,NaN,NaN,
19.896,0.01431,-0.01257,0.13042,0.54440,-0.08153,0.27270,-0.78906,NaN,NaN,NaN,NaN,NaN,NaN,NaN,NaN,NaN,NaN,NaN,NaN,NaN,NaN,NaN,NaN,NaN,NaN,NaN,NaN,NaN,
19.921,0.01429,-0.01243,0.13046,0.54456,-0.08110,0.27220,-0.78916,NaN,NaN,NaN,NaN,NaN,NaN,NaN,NaN,NaN,NaN,NaN,NaN,NaN,NaN,NaN,NaN,NaN,NaN,NaN,NaN,NaN,
19.946,0.01435,-0.01236,0.13062,0.54517,-0.08173,0.27183,-0.78881,NaN,NaN,NaN,NaN,NaN,NaN,NaN,NaN,NaN,NaN,NaN,NaN,NaN,NaN,NaN,NaN,NaN,NaN,NaN,NaN,NaN,
19.971,0.01435,-0.01223,0.13075,0.54563,-0.08221,0.27154,-0.78854,NaN,NaN,NaN,NaN,NaN,NaN,NaN,NaN,NaN,NaN,NaN,NaN,NaN,NaN,NaN,NaN,NaN,NaN,NaN,NaN,NaN,
19.996,0.01429,-0.01214,0.13080,0.54658,-0.08262,0.27057,-0.78817,NaN,NaN,NaN,NaN,NaN,NaN,NaN,NaN,NaN,NaN,NaN,NaN,NaN,NaN,NaN,NaN,NaN,NaN,NaN,NaN,NaN,
20.021,0.01431,-0.01204,0.13090,0.54779,-0.08379,0.26974,-0.78749,NaN,NaN,NaN,NaN,NaN,NaN,NaN,NaN,NaN,NaN,NaN,NaN,NaN,NaN,NaN,NaN,NaN,NaN,NaN,NaN,NaN,
20.046,0.01445,-0.01184,0.13088,0.54768,-0.08309,0.26943,-0.78775,NaN,NaN,NaN,NaN,NaN,NaN,NaN,NaN,NaN,NaN,NaN,NaN,NaN,NaN,NaN,NaN,NaN,NaN,NaN,NaN,NaN,
20.071,0.01441,-0.01182,0.13092,0.54725,-0.08288,0.26986,-0.78792,NaN,NaN,NaN,NaN,NaN,NaN,NaN,NaN,NaN,NaN,NaN,NaN,NaN,NaN,NaN,NaN,NaN,NaN,NaN,NaN,NaN,
20.096,0.01449,-0.01192,0.13106,0.54733,-0.08483,0.27102,-0.78726,NaN,NaN,NaN,NaN,NaN,NaN,NaN,NaN,NaN,NaN,NaN,NaN,NaN,NaN,NaN,NaN,NaN,NaN,NaN,NaN,NaN,
20.121,0.01492,-0.01149,0.13078,0.54791,-0.08637,0.27127,-0.78660,NaN,NaN,NaN,NaN,NaN,NaN,NaN,NaN,NaN,NaN,NaN,NaN,NaN,NaN,NaN,NaN,NaN,NaN,NaN,NaN,NaN,
20.146,0.01508,-0.01169,0.13088,0.54842,-0.09072,0.27342,-0.78501,NaN,NaN,NaN,NaN,NaN,NaN,NaN,NaN,NaN,NaN,NaN,NaN,NaN,NaN,NaN,NaN,NaN,NaN,NaN,NaN,NaN,
20.171,0.01512,-0.01151,0.13059,0.54715,-0.08790,0.27326,-0.78628,NaN,NaN,NaN,NaN,NaN,NaN,NaN,NaN,NaN,NaN,NaN,NaN,NaN,NaN,NaN,NaN,NaN,NaN,NaN,NaN,NaN,
20.196,0.01517,-0.01149,0.13058,0.54684,-0.08772,0.27354,-0.78641,NaN,NaN,NaN,NaN,NaN,NaN,NaN,NaN,NaN,NaN,NaN,NaN,NaN,NaN,NaN,NaN,NaN,NaN,NaN,NaN,NaN,
20.221,0.01515,-0.01144,0.13042,0.54535,-0.08560,0.27412,-0.78748,NaN,NaN,NaN,NaN,NaN,NaN,NaN,NaN,NaN,NaN,NaN,NaN,NaN,NaN,NaN,NaN,NaN,NaN,NaN,NaN,NaN,
20.246,0.01514,-0.01148,0.13043,0.54377,-0.08481,0.27566,-0.78812,NaN,NaN,NaN,NaN,NaN,NaN,NaN,NaN,NaN,NaN,NaN,NaN,NaN,NaN,NaN,NaN,NaN,NaN,NaN,NaN,NaN,
20.271,0.01514,-0.01153,0.13028,0.54192,-0.08272,0.27670,-0.78925,NaN,NaN,NaN,NaN,NaN,NaN,NaN,NaN,NaN,NaN,NaN,NaN,NaN,NaN,NaN,NaN,NaN,NaN,NaN,NaN,NaN,
20.296,0.01511,-0.01159,0.13020,0.54048,-0.08151,0.27778,-0.78998,NaN,NaN,NaN,NaN,NaN,NaN,NaN,NaN,NaN,NaN,NaN,NaN,NaN,NaN,NaN,NaN,NaN,NaN,NaN,NaN,NaN,
20.321,0.01517,-0.01147,0.13005,0.53888,-0.07950,0.27854,-0.79102,NaN,NaN,NaN,NaN,NaN,NaN,NaN,NaN,NaN,NaN,NaN,NaN,NaN,NaN,NaN,NaN,NaN,NaN,NaN,NaN,NaN,
20.346,0.01522,-0.01145,0.12996,0.53764,-0.07823,0.27930,-0.79172,NaN,NaN,NaN,NaN,NaN,NaN,NaN,NaN,NaN,NaN,NaN,NaN,NaN,NaN,NaN,NaN,NaN,NaN,NaN,NaN,NaN,
20.371,0.01520,-0.01142,0.12990,0.53675,-0.07735,0.27987,-0.79221,NaN,NaN,NaN,NaN,NaN,NaN,NaN,NaN,NaN,NaN,NaN,NaN,NaN,NaN,NaN,NaN,NaN,NaN,NaN,NaN,NaN,
20.396,0.01519,-0.01145,0.12984,0.53604,-0.07657,0.28028,-0.79262,NaN,NaN,NaN,NaN,NaN,NaN,NaN,NaN,NaN,NaN,NaN,NaN,NaN,NaN,NaN,NaN,NaN,NaN,NaN,NaN,NaN,
20.421,0.01518,-0.01133,0.12980,0.53665,-0.07652,0.27946,-0.79250,NaN,NaN,NaN,NaN,NaN,NaN,NaN,NaN,NaN,NaN,NaN,NaN,NaN,NaN,NaN,NaN,NaN,NaN,NaN,NaN,NaN,
20.446,0.01517,-0.01133,0.12989,0.53653,-0.07657,0.27964,-0.79251,NaN,NaN,NaN,NaN,NaN,NaN,NaN,NaN,NaN,NaN,NaN,NaN,NaN,NaN,NaN,NaN,NaN,NaN,NaN,NaN,NaN,
20.471,0.01522,-0.01136,0.12988,0.53562,-0.07548,0.28009,-0.79307,NaN,NaN,NaN,NaN,NaN,NaN,NaN,NaN,NaN,NaN,NaN,NaN,NaN,NaN,NaN,NaN,NaN,NaN,NaN,NaN,NaN,
20.496,0.01523,-0.01133,0.12989,0.53508,-0.07492,0.28042,-0.79337,NaN,NaN,NaN,NaN,NaN,NaN,NaN,NaN,NaN,NaN,NaN,NaN,NaN,NaN,NaN,NaN,NaN,NaN,NaN,NaN,NaN,
20.521,0.01524,-0.01126,0.12989,0.53532,-0.07484,0.28006,-0.79334,NaN,NaN,NaN,NaN,NaN,NaN,NaN,NaN,NaN,NaN,NaN,NaN,NaN,NaN,NaN,NaN,NaN,NaN,NaN,NaN,NaN,
20.546,0.01526,-0.01122,0.12992,0.53546,-0.07466,0.27976,-0.79337,NaN,NaN,NaN,NaN,NaN,NaN,NaN,NaN,NaN,NaN,NaN,NaN,NaN,NaN,NaN,NaN,NaN,NaN,NaN,NaN,NaN,
20.571,0.01525,-0.01123,0.12992,0.53478,-0.07390,0.28014,-0.79377,NaN,NaN,NaN,NaN,NaN,NaN,NaN,NaN,NaN,NaN,NaN,NaN,NaN,NaN,NaN,NaN,NaN,NaN,NaN,NaN,NaN,
20.596,0.01521,-0.01120,0.12994,0.53422,-0.07308,0.28032,-0.79416,NaN,NaN,NaN,NaN,NaN,NaN,NaN,NaN,NaN,NaN,NaN,NaN,NaN,NaN,NaN,NaN,NaN,NaN,NaN,NaN,NaN,
20.621,0.01522,-0.01106,0.12985,0.53430,-0.07202,0.27952,-0.79449,NaN,NaN,NaN,NaN,NaN,NaN,NaN,NaN,NaN,NaN,NaN,NaN,NaN,NaN,NaN,NaN,NaN,NaN,NaN,NaN,NaN,
20.646,0.01523,-0.01112,0.12993,0.53282,-0.07078,0.28059,-0.79521,NaN,NaN,NaN,NaN,NaN,NaN,NaN,NaN,NaN,NaN,NaN,NaN,NaN,NaN,NaN,NaN,NaN,NaN,NaN,NaN,NaN,
20.671,0.01522,-0.01114,0.13000,0.53255,-0.07037,0.28066,-0.79540,NaN,NaN,NaN,NaN,NaN,NaN,NaN,NaN,NaN,NaN,NaN,NaN,NaN,NaN,NaN,NaN,NaN,NaN,NaN,NaN,NaN,
20.696,0.01521,-0.01109,0.13012,0.53264,-0.07052,0.28065,-0.79533,NaN,NaN,NaN,NaN,NaN,NaN,NaN,NaN,NaN,NaN,NaN,NaN,NaN,NaN,NaN,NaN,NaN,NaN,NaN,NaN,NaN,
20.721,0.01527,-0.01097,0.13014,0.53288,-0.07001,0.28001,-0.79545,NaN,NaN,NaN,NaN,NaN,NaN,NaN,NaN,NaN,NaN,NaN,NaN,NaN,NaN,NaN,NaN,NaN,NaN,NaN,NaN,NaN,
20.746,0.01540,-0.01075,0.13017,0.53430,-0.07089,0.27877,-0.79485,NaN,NaN,NaN,NaN,NaN,NaN,NaN,NaN,NaN,NaN,NaN,NaN,NaN,NaN,NaN,NaN,NaN,NaN,NaN,NaN,NaN,
20.771,0.01550,-0.01065,0.13036,0.53615,-0.07342,0.27806,-0.79362,NaN,NaN,NaN,NaN,NaN,NaN,NaN,NaN,NaN,NaN,NaN,NaN,NaN,NaN,NaN,NaN,NaN,NaN,NaN,NaN,NaN,
20.796,0.01562,-0.01046,0.13043,0.53691,-0.07409,0.27753,-0.79323,NaN,NaN,NaN,NaN,NaN,NaN,NaN,NaN,NaN,NaN,NaN,NaN,NaN,NaN,NaN,NaN,NaN,NaN,NaN,NaN,NaN,
20.821,0.01562,-0.01043,0.13058,0.53710,-0.07466,0.27765,-0.79301,NaN,NaN,NaN,NaN,NaN,NaN,NaN,NaN,NaN,NaN,NaN,NaN,NaN,NaN,NaN,NaN,NaN,NaN,NaN,NaN,NaN,
20.846,0.01558,-0.01047,0.13071,0.53749,-0.07485,0.27727,-0.79286,NaN,NaN,NaN,NaN,NaN,NaN,NaN,NaN,NaN,NaN,NaN,NaN,NaN,NaN,NaN,NaN,NaN,NaN,NaN,NaN,NaN,
20.871,0.01552,-0.01051,0.13088,0.53783,-0.07536,0.27716,-0.79261,NaN,NaN,NaN,NaN,NaN,NaN,NaN,NaN,NaN,NaN,NaN,NaN,NaN,NaN,NaN,NaN,NaN,NaN,NaN,NaN,NaN,
20.896,0.01556,-0.01042,0.13088,0.53811,-0.07470,0.27637,-0.79277,NaN,NaN,NaN,NaN,NaN,NaN,NaN,NaN,NaN,NaN,NaN,NaN,NaN,NaN,NaN,NaN,NaN,NaN,NaN,NaN,NaN,
20.921,0.01557,-0.01058,0.13104,0.53654,-0.07397,0.27791,-0.79336,NaN,NaN,NaN,NaN,NaN,NaN,NaN,NaN,NaN,NaN,NaN,NaN,NaN,NaN,NaN,NaN,NaN,NaN,NaN,NaN,NaN,
20.946,0.01553,-0.01071,0.13111,0.53479,-0.07277,0.27939,-0.79414,NaN,NaN,NaN,NaN,NaN,NaN,NaN,NaN,NaN,NaN,NaN,NaN,NaN,NaN,NaN,NaN,NaN,NaN,NaN,NaN,NaN,
20.971,0.01556,-0.01065,0.13116,0.53449,-0.07245,0.27955,-0.79430,NaN,NaN,NaN,NaN,NaN,NaN,NaN,NaN,NaN,NaN,NaN,NaN,NaN,NaN,NaN,NaN,NaN,NaN,NaN,NaN,NaN,
20.996,0.01559,-0.01059,0.13107,0.53431,-0.07164,0.27926,-0.79461,NaN,NaN,NaN,NaN,NaN,NaN,NaN,NaN,NaN,NaN,NaN,NaN,NaN,NaN,NaN,NaN,NaN,NaN,NaN,NaN,NaN,
21.021,0.01556,-0.01066,0.13120,0.53386,-0.07239,0.28032,-0.79446,NaN,NaN,NaN,NaN,NaN,NaN,NaN,NaN,NaN,NaN,NaN,NaN,NaN,NaN,NaN,NaN,NaN,NaN,NaN,NaN,NaN,
21.046,0.01562,-0.01053,0.13108,0.53399,-0.07179,0.27976,-0.79463,NaN,NaN,NaN,NaN,NaN,NaN,NaN,NaN,NaN,NaN,NaN,NaN,NaN,NaN,NaN,NaN,NaN,NaN,NaN,NaN,NaN,
21.071,0.01557,-0.01057,0.13105,0.53404,-0.07189,0.27977,-0.79458,NaN,NaN,NaN,NaN,NaN,NaN,NaN,NaN,NaN,NaN,NaN,NaN,NaN,NaN,NaN,NaN,NaN,NaN,NaN,NaN,NaN,
21.096,0.01555,-0.01053,0.13104,0.53434,-0.07256,0.27982,-0.79430,NaN,NaN,NaN,NaN,NaN,NaN,NaN,NaN,NaN,NaN,NaN,NaN,NaN,NaN,NaN,NaN,NaN,NaN,NaN,NaN,NaN,
21.121,0.01557,-0.01051,0.13095,0.53470,-0.07295,0.27962,-0.79410,NaN,NaN,NaN,NaN,NaN,NaN,NaN,NaN,NaN,NaN,NaN,NaN,NaN,NaN,NaN,NaN,NaN,NaN,NaN,NaN,NaN,
21.146,0.01562,-0.01038,0.13082,0.53492,-0.07295,0.27933,-0.79405,NaN,NaN,NaN,NaN,NaN,NaN,NaN,NaN,NaN,NaN,NaN,NaN,NaN,NaN,NaN,NaN,NaN,NaN,NaN,NaN,NaN,
21.171,0.01570,-0.01034,0.13068,0.53539,-0.07352,0.27910,-0.79376,NaN,NaN,NaN,NaN,NaN,NaN,NaN,NaN,NaN,NaN,NaN,NaN,NaN,NaN,NaN,NaN,NaN,NaN,NaN,NaN,NaN,
21.196,0.01564,-0.01030,0.13055,0.53614,-0.07415,0.27855,-0.79339,NaN,NaN,NaN,NaN,NaN,NaN,NaN,NaN,NaN,NaN,NaN,NaN,NaN,NaN,NaN,NaN,NaN,NaN,NaN,NaN,NaN,
21.221,0.01563,-0.01025,0.13046,0.53672,-0.07496,0.27835,-0.79299,NaN,NaN,NaN,NaN,NaN,NaN,NaN,NaN,NaN,NaN,NaN,NaN,NaN,NaN,NaN,NaN,NaN,NaN,NaN,NaN,NaN,
21.246,0.01564,-0.01019,0.13032,0.53733,-0.07514,0.27768,-0.79280,NaN,NaN,NaN,NaN,NaN,NaN,NaN,NaN,NaN,NaN,NaN,NaN,NaN,NaN,NaN,NaN,NaN,NaN,NaN,NaN,NaN,
21.271,0.01568,-0.01011,0.13018,0.53745,-0.07490,0.27736,-0.79285,NaN,NaN,NaN,NaN,NaN,NaN,NaN,NaN,NaN,NaN,NaN,NaN,NaN,NaN,NaN,NaN,NaN,NaN,NaN,NaN,NaN,
21.296,0.01564,-0.01015,0.13009,0.53678,-0.07462,0.27805,-0.79309,NaN,NaN,NaN,NaN,NaN,NaN,NaN,NaN,NaN,NaN,NaN,NaN,NaN,NaN,NaN,NaN,NaN,NaN,NaN,NaN,NaN,
21.321,0.01561,-0.01017,0.12999,0.53658,-0.07477,0.27840,-0.79309,NaN,NaN,NaN,NaN,NaN,NaN,NaN,NaN,NaN,NaN,NaN,NaN,NaN,NaN,NaN,NaN,NaN,NaN,NaN,NaN,NaN,
21.346,0.01565,-0.01009,0.12996,0.53676,-0.07531,0.27852,-0.79287,NaN,NaN,NaN,NaN,NaN,NaN,NaN,NaN,NaN,NaN,NaN,NaN,NaN,NaN,NaN,NaN,NaN,NaN,NaN,NaN,NaN,
21.371,0.01571,-0.01001,0.12989,0.53710,-0.07534,0.27810,-0.79279,NaN,NaN,NaN,NaN,NaN,NaN,NaN,NaN,NaN,NaN,NaN,NaN,NaN,NaN,NaN,NaN,NaN,NaN,NaN,NaN,NaN,
21.396,0.01571,-0.00992,0.12994,0.53774,-0.07627,0.27789,-0.79234,NaN,NaN,NaN,NaN,NaN,NaN,NaN,NaN,NaN,NaN,NaN,NaN,NaN,NaN,NaN,NaN,NaN,NaN,NaN,NaN,NaN,
21.421,0.01570,-0.00960,0.12982,0.54071,-0.07750,0.27485,-0.79125,NaN,NaN,NaN,NaN,NaN,NaN,NaN,NaN,NaN,NaN,NaN,NaN,NaN,NaN,NaN,NaN,NaN,NaN,NaN,NaN,NaN,
21.446,0.01576,-0.00932,0.12990,0.54404,-0.08073,0.27265,-0.78941,NaN,NaN,NaN,NaN,NaN,NaN,NaN,NaN,NaN,NaN,NaN,NaN,NaN,NaN,NaN,NaN,NaN,NaN,NaN,NaN,NaN,
21.471,0.01574,-0.00916,0.12981,0.54540,-0.08138,0.27129,-0.78887,NaN,NaN,NaN,NaN,NaN,NaN,NaN,NaN,NaN,NaN,NaN,NaN,NaN,NaN,NaN,NaN,NaN,NaN,NaN,NaN,NaN,
21.496,0.01575,-0.00908,0.12973,0.54652,-0.08227,0.27042,-0.78830,NaN,NaN,NaN,NaN,NaN,NaN,NaN,NaN,NaN,NaN,NaN,NaN,NaN,NaN,NaN,NaN,NaN,NaN,NaN,NaN,NaN,
21.521,0.01575,-0.00903,0.12973,0.54682,-0.08260,0.27024,-0.78812,NaN,NaN,NaN,NaN,NaN,NaN,NaN,NaN,NaN,NaN,NaN,NaN,NaN,NaN,NaN,NaN,NaN,NaN,NaN,NaN,NaN,
21.546,0.01576,-0.00902,0.12980,0.54691,-0.08273,0.27020,-0.78805,NaN,NaN,NaN,NaN,NaN,NaN,NaN,NaN,NaN,NaN,NaN,NaN,NaN,NaN,NaN,NaN,NaN,NaN,NaN,NaN,NaN,
21.571,0.01578,-0.00904,0.12993,0.54687,-0.08278,0.27030,-0.78805,NaN,NaN,NaN,NaN,NaN,NaN,NaN,NaN,NaN,NaN,NaN,NaN,NaN,NaN,NaN,NaN,NaN,NaN,NaN,NaN,NaN,
21.596,0.01576,-0.00904,0.13004,0.54673,-0.08269,0.27041,-0.78811,NaN,NaN,NaN,NaN,NaN,NaN,NaN,NaN,NaN,NaN,NaN,NaN,NaN,NaN,NaN,NaN,NaN,NaN,NaN,NaN,NaN,
21.621,0.01583,-0.00900,0.13006,0.54658,-0.08216,0.27027,-0.78833,NaN,NaN,NaN,NaN,NaN,NaN,NaN,NaN,NaN,NaN,NaN,NaN,NaN,NaN,NaN,NaN,NaN,NaN,NaN,NaN,NaN,
21.646,0.01575,-0.00911,0.13019,0.54618,-0.08202,0.27070,-0.78847,NaN,NaN,NaN,NaN,NaN,NaN,NaN,NaN,NaN,NaN,NaN,NaN,NaN,NaN,NaN,NaN,NaN,NaN,NaN,NaN,NaN,
21.671,0.01570,-0.00923,0.13025,0.54582,-0.08126,0.27067,-0.78881,NaN,NaN,NaN,NaN,NaN,NaN,NaN,NaN,NaN,NaN,NaN,NaN,NaN,NaN,NaN,NaN,NaN,NaN,NaN,NaN,NaN,
21.696,0.01571,-0.00926,0.13039,0.54563,-0.08122,0.27089,-0.78887,NaN,NaN,NaN,NaN,NaN,NaN,NaN,NaN,NaN,NaN,NaN,NaN,NaN,NaN,NaN,NaN,NaN,NaN,NaN,NaN,NaN,
21.721,0.01571,-0.00919,0.13046,0.54547,-0.08068,0.27075,-0.78908,NaN,NaN,NaN,NaN,NaN,NaN,NaN,NaN,NaN,NaN,NaN,NaN,NaN,NaN,NaN,NaN,NaN,NaN,NaN,NaN,NaN,
21.746,0.01577,-0.00917,0.13062,0.54603,-0.08130,0.27041,-0.78874,NaN,NaN,NaN,NaN,NaN,NaN,NaN,NaN,NaN,NaN,NaN,NaN,NaN,NaN,NaN,NaN,NaN,NaN,NaN,NaN,NaN,
21.771,0.01576,-0.00886,0.13066,0.54886,-0.08248,0.26748,-0.78766,NaN,NaN,NaN,NaN,NaN,NaN,NaN,NaN,NaN,NaN,NaN,NaN,NaN,NaN,NaN,NaN,NaN,NaN,NaN,NaN,NaN,
21.796,0.01578,-0.00860,0.13084,0.55127,-0.08422,0.26545,-0.78648,NaN,NaN,NaN,NaN,NaN,NaN,NaN,NaN,NaN,NaN,NaN,NaN,NaN,NaN,NaN,NaN,NaN,NaN,NaN,NaN,NaN,
21.821,0.01598,-0.00857,0.13099,0.55089,-0.08588,0.26704,-0.78602,NaN,NaN,NaN,NaN,NaN,NaN,NaN,NaN,NaN,NaN,NaN,NaN,NaN,NaN,NaN,NaN,NaN,NaN,NaN,NaN,NaN,
21.846,0.01648,-0.00840,0.13077,0.55218,-0.08991,0.26796,-0.78435,NaN,NaN,NaN,NaN,NaN,NaN,NaN,NaN,NaN,NaN,NaN,NaN,NaN,NaN,NaN,NaN,NaN,NaN,NaN,NaN,NaN,
21.871,0.01669,-0.00851,0.13109,0.55151,-0.09297,0.27082,-0.78349,NaN,NaN,NaN,NaN,NaN,NaN,NaN,NaN,NaN,NaN,NaN,NaN,NaN,NaN,NaN,NaN,NaN,NaN,NaN,NaN,NaN,
21.896,0.01668,-0.00842,0.13106,0.55245,-0.09325,0.26977,-0.78315,NaN,NaN,NaN,NaN,NaN,NaN,NaN,NaN,NaN,NaN,NaN,NaN,NaN,NaN,NaN,NaN,NaN,NaN,NaN,NaN,NaN,
21.921,0.01673,-0.00822,0.13109,0.55372,-0.09438,0.26881,-0.78245,NaN,NaN,NaN,NaN,NaN,NaN,NaN,NaN,NaN,NaN,NaN,NaN,NaN,NaN,NaN,NaN,NaN,NaN,NaN,NaN,NaN,
21.946,0.01677,-0.00808,0.13107,0.55462,-0.09488,0.26795,-0.78204,NaN,NaN,NaN,NaN,NaN,NaN,NaN,NaN,NaN,NaN,NaN,NaN,NaN,NaN,NaN,NaN,NaN,NaN,NaN,NaN,NaN,
21.971,0.01673,-0.00799,0.13112,0.55555,-0.09590,0.26738,-0.78146,NaN,NaN,NaN,NaN,NaN,NaN,NaN,NaN,NaN,NaN,NaN,NaN,NaN,NaN,NaN,NaN,NaN,NaN,NaN,NaN,NaN,
21.996,0.01686,-0.00777,0.13108,0.55640,-0.09618,0.26643,-0.78114,NaN,NaN,NaN,NaN,NaN,NaN,NaN,NaN,NaN,NaN,NaN,NaN,NaN,NaN,NaN,NaN,NaN,NaN,NaN,NaN,NaN,
22.021,0.01684,-0.00766,0.13113,0.55736,-0.09727,0.26586,-0.78052,NaN,NaN,NaN,NaN,NaN,NaN,NaN,NaN,NaN,NaN,NaN,NaN,NaN,NaN,NaN,NaN,NaN,NaN,NaN,NaN,NaN,
22.046,0.01676,-0.00762,0.13114,0.55817,-0.09837,0.26549,-0.77993,NaN,NaN,NaN,NaN,NaN,NaN,NaN,NaN,NaN,NaN,NaN,NaN,NaN,NaN,NaN,NaN,NaN,NaN,NaN,NaN,NaN,
22.071,0.01680,-0.00756,0.13098,0.55851,-0.09819,0.26492,-0.77990,NaN,NaN,NaN,NaN,NaN,NaN,NaN,NaN,NaN,NaN,NaN,NaN,NaN,NaN,NaN,NaN,NaN,NaN,NaN,NaN,NaN,
22.096,0.01682,-0.00753,0.13088,0.55872,-0.09832,0.26473,-0.77980,NaN,NaN,NaN,NaN,NaN,NaN,NaN,NaN,NaN,NaN,NaN,NaN,NaN,NaN,NaN,NaN,NaN,NaN,NaN,NaN,NaN,
22.121,0.01675,-0.00750,0.13086,0.55884,-0.09886,0.26492,-0.77958,NaN,NaN,NaN,NaN,NaN,NaN,NaN,NaN,NaN,NaN,NaN,NaN,NaN,NaN,NaN,NaN,NaN,NaN,NaN,NaN,NaN,
22.146,0.01681,-0.00739,0.13072,0.55929,-0.09918,0.26452,-0.77935,NaN,NaN,NaN,NaN,NaN,NaN,NaN,NaN,NaN,NaN,NaN,NaN,NaN,NaN,NaN,NaN,NaN,NaN,NaN,NaN,NaN,
22.171,0.01683,-0.00734,0.13058,0.55953,-0.09934,0.26430,-0.77923,NaN,NaN,NaN,NaN,NaN,NaN,NaN,NaN,NaN,NaN,NaN,NaN,NaN,NaN,NaN,NaN,NaN,NaN,NaN,NaN,NaN,
22.196,0.01680,-0.00731,0.13054,0.56013,-0.10069,0.26437,-0.77861,NaN,NaN,NaN,NaN,NaN,NaN,NaN,NaN,NaN,NaN,NaN,NaN,NaN,NaN,NaN,NaN,NaN,NaN,NaN,NaN,NaN,
22.221,0.01689,-0.00724,0.13040,0.56083,-0.10135,0.26386,-0.77819,NaN,NaN,NaN,NaN,NaN,NaN,NaN,NaN,NaN,NaN,NaN,NaN,NaN,NaN,NaN,NaN,NaN,NaN,NaN,NaN,NaN,
22.246,0.01688,-0.00722,0.13032,0.56111,-0.10191,0.26384,-0.77792,NaN,NaN,NaN,NaN,NaN,NaN,NaN,NaN,NaN,NaN,NaN,NaN,NaN,NaN,NaN,NaN,NaN,NaN,NaN,NaN,NaN,
22.271,0.01686,-0.00714,0.13018,0.56208,-0.10274,0.26307,-0.77737,NaN,NaN,NaN,NaN,NaN,NaN,NaN,NaN,NaN,NaN,NaN,NaN,NaN,NaN,NaN,NaN,NaN,NaN,NaN,NaN,NaN,
22.296,0.01691,-0.00700,0.13008,0.56320,-0.10392,0.26233,-0.77665,NaN,NaN,NaN,NaN,NaN,NaN,NaN,NaN,NaN,NaN,NaN,NaN,NaN,NaN,NaN,NaN,NaN,NaN,NaN,NaN,NaN,
22.321,0.01694,-0.00690,0.12990,0.56420,-0.10478,0.26154,-0.77608,NaN,NaN,NaN,NaN,NaN,NaN,NaN,NaN,NaN,NaN,NaN,NaN,NaN,NaN,NaN,NaN,NaN,NaN,NaN,NaN,NaN,
22.346,0.01690,-0.00679,0.12971,0.56528,-0.10518,0.26034,-0.77564,NaN,NaN,NaN,NaN,NaN,NaN,NaN,NaN,NaN,NaN,NaN,NaN,NaN,NaN,NaN,NaN,NaN,NaN,NaN,NaN,NaN,
22.371,0.01685,-0.00677,0.12988,0.56670,-0.10766,0.26001,-0.77437,NaN,NaN,NaN,NaN,NaN,NaN,NaN,NaN,NaN,NaN,NaN,NaN,NaN,NaN,NaN,NaN,NaN,NaN,NaN,NaN,NaN,
22.396,0.01693,-0.00664,0.12982,0.56769,-0.10785,0.25881,-0.77403,NaN,NaN,NaN,NaN,NaN,NaN,NaN,NaN,NaN,NaN,NaN,NaN,NaN,NaN,NaN,NaN,NaN,NaN,NaN,NaN,NaN,
22.421,0.01689,-0.00654,0.12986,0.56835,-0.10842,0.25827,-0.77364,NaN,NaN,NaN,NaN,NaN,NaN,NaN,NaN,NaN,NaN,NaN,NaN,NaN,NaN,NaN,NaN,NaN,NaN,NaN,NaN,NaN,
22.446,0.01694,-0.00647,0.12984,0.56902,-0.10880,0.25761,-0.77331,NaN,NaN,NaN,NaN,NaN,NaN,NaN,NaN,NaN,NaN,NaN,NaN,NaN,NaN,NaN,NaN,NaN,NaN,NaN,NaN,NaN,
22.471,0.01696,-0.00639,0.12984,0.56949,-0.10904,0.25713,-0.77310,NaN,NaN,NaN,NaN,NaN,NaN,NaN,NaN,NaN,NaN,NaN,NaN,NaN,NaN,NaN,NaN,NaN,NaN,NaN,NaN,NaN,
22.496,0.01694,-0.00635,0.12987,0.56946,-0.10883,0.25703,-0.77318,NaN,NaN,NaN,NaN,NaN,NaN,NaN,NaN,NaN,NaN,NaN,NaN,NaN,NaN,NaN,NaN,NaN,NaN,NaN,NaN,NaN,
22.521,0.01690,-0.00643,0.12995,0.56952,-0.10874,0.25689,-0.77319,NaN,NaN,NaN,NaN,NaN,NaN,NaN,NaN,NaN,NaN,NaN,NaN,NaN,NaN,NaN,NaN,NaN,NaN,NaN,NaN,NaN,
22.546,0.01692,-0.00646,0.13005,0.56941,-0.10869,0.25702,-0.77324,NaN,NaN,NaN,NaN,NaN,NaN,NaN,NaN,NaN,NaN,NaN,NaN,NaN,NaN,NaN,NaN,NaN,NaN,NaN,NaN,NaN,
22.571,0.01693,-0.00646,0.13013,0.56921,-0.10818,0.25696,-0.77348,NaN,NaN,NaN,NaN,NaN,NaN,NaN,NaN,NaN,NaN,NaN,NaN,NaN,NaN,NaN,NaN,NaN,NaN,NaN,NaN,NaN,
22.596,0.01688,-0.00650,0.13026,0.56923,-0.10802,0.25684,-0.77353,NaN,NaN,NaN,NaN,NaN,NaN,NaN,NaN,NaN,NaN,NaN,NaN,NaN,NaN,NaN,NaN,NaN,NaN,NaN,NaN,NaN,
22.621,0.01692,-0.00649,0.13040,0.56904,-0.10794,0.25704,-0.77361,NaN,NaN,NaN,NaN,NaN,NaN,NaN,NaN,NaN,NaN,NaN,NaN,NaN,NaN,NaN,NaN,NaN,NaN,NaN,NaN,NaN,
22.646,0.01690,-0.00659,0.13054,0.56871,-0.10758,0.25726,-0.77383,NaN,NaN,NaN,NaN,NaN,NaN,NaN,NaN,NaN,NaN,NaN,NaN,NaN,NaN,NaN,NaN,NaN,NaN,NaN,NaN,NaN,
22.671,0.01686,-0.00657,0.13071,0.56913,-0.10775,0.25680,-0.77365,NaN,NaN,NaN,NaN,NaN,NaN,NaN,NaN,NaN,NaN,NaN,NaN,NaN,NaN,NaN,NaN,NaN,NaN,NaN,NaN,NaN,
22.696,0.01678,-0.00637,0.13077,0.57197,-0.10911,0.25381,-0.77235,NaN,NaN,NaN,NaN,NaN,NaN,NaN,NaN,NaN,NaN,NaN,NaN,NaN,NaN,NaN,NaN,NaN,NaN,NaN,NaN,NaN,
22.721,0.01699,-0.00594,0.13105,0.57484,-0.11301,0.25238,-0.77013,NaN,NaN,NaN,NaN,NaN,NaN,NaN,NaN,NaN,NaN,NaN,NaN,NaN,NaN,NaN,NaN,NaN,NaN,NaN,NaN,NaN,
22.746,0.01729,-0.00572,0.13100,0.57576,-0.11469,0.25218,-0.76925,NaN,NaN,NaN,NaN,NaN,NaN,NaN,NaN,NaN,NaN,NaN,NaN,NaN,NaN,NaN,NaN,NaN,NaN,NaN,NaN,NaN,
22.771,0.01728,-0.00585,0.13126,0.57661,-0.11731,0.25267,-0.76806,NaN,NaN,NaN,NaN,NaN,NaN,NaN,NaN,NaN,NaN,NaN,NaN,NaN,NaN,NaN,NaN,NaN,NaN,NaN,NaN,NaN,
22.796,0.01731,-0.00562,0.13136,0.57756,-0.11751,0.25149,-0.76770,NaN,NaN,NaN,NaN,NaN,NaN,NaN,NaN,NaN,NaN,NaN,NaN,NaN,NaN,NaN,NaN,NaN,NaN,NaN,NaN,NaN,
22.821,0.01740,-0.00552,0.13144,0.57775,-0.11707,0.25095,-0.76780,NaN,NaN,NaN,NaN,NaN,NaN,NaN,NaN,NaN,NaN,NaN,NaN,NaN,NaN,NaN,NaN,NaN,NaN,NaN,NaN,NaN,
22.846,0.01742,-0.00552,0.13151,0.57694,-0.11626,0.25157,-0.76834,NaN,NaN,NaN,NaN,NaN,NaN,NaN,NaN,NaN,NaN,NaN,NaN,NaN,NaN,NaN,NaN,NaN,NaN,NaN,NaN,NaN,
22.871,0.01741,-0.00537,0.13155,0.57701,-0.11655,0.25165,-0.76821,NaN,NaN,NaN,NaN,NaN,NaN,NaN,NaN,NaN,NaN,NaN,NaN,NaN,NaN,NaN,NaN,NaN,NaN,NaN,NaN,NaN,
22.896,0.01744,-0.00524,0.13157,0.57852,-0.11790,0.25043,-0.76727,NaN,NaN,NaN,NaN,NaN,NaN,NaN,NaN,NaN,NaN,NaN,NaN,NaN,NaN,NaN,NaN,NaN,NaN,NaN,NaN,NaN,
22.921,0.01744,-0.00516,0.13163,0.57931,-0.11913,0.25011,-0.76659,NaN,NaN,NaN,NaN,NaN,NaN,NaN,NaN,NaN,NaN,NaN,NaN,NaN,NaN,NaN,NaN,NaN,NaN,NaN,NaN,NaN,
22.946,0.01743,-0.00506,0.13152,0.57953,-0.11911,0.24979,-0.76652,NaN,NaN,NaN,NaN,NaN,NaN,NaN,NaN,NaN,NaN,NaN,NaN,NaN,NaN,NaN,NaN,NaN,NaN,NaN,NaN,NaN,
22.971,0.01742,-0.00504,0.13146,0.58023,-0.11974,0.24924,-0.76608,NaN,NaN,NaN,NaN,NaN,NaN,NaN,NaN,NaN,NaN,NaN,NaN,NaN,NaN,NaN,NaN,NaN,NaN,NaN,NaN,NaN,
22.996,0.01739,-0.00499,0.13138,0.58074,-0.12037,0.24893,-0.76569,NaN,NaN,NaN,NaN,NaN,NaN,NaN,NaN,NaN,NaN,NaN,NaN,NaN,NaN,NaN,NaN,NaN,NaN,NaN,NaN,NaN,
23.021,0.01745,-0.00482,0.13125,0.58135,-0.12095,0.24845,-0.76530,NaN,NaN,NaN,NaN,NaN,NaN,NaN,NaN,NaN,NaN,NaN,NaN,NaN,NaN,NaN,NaN,NaN,NaN,NaN,NaN,NaN,
23.046,0.01749,-0.00482,0.13114,0.58190,-0.12193,0.24830,-0.76477,NaN,NaN,NaN,NaN,NaN,NaN,NaN,NaN,NaN,NaN,NaN,NaN,NaN,NaN,NaN,NaN,NaN,NaN,NaN,NaN,NaN,
23.071,0.01748,-0.00477,0.13104,0.58225,-0.12262,0.24824,-0.76441,NaN,NaN,NaN,NaN,NaN,NaN,NaN,NaN,NaN,NaN,NaN,NaN,NaN,NaN,NaN,NaN,NaN,NaN,NaN,NaN,NaN,
23.096,0.01749,-0.00466,0.13087,0.58316,-0.12320,0.24735,-0.76391,NaN,NaN,NaN,NaN,NaN,NaN,NaN,NaN,NaN,NaN,NaN,NaN,NaN,NaN,NaN,NaN,NaN,NaN,NaN,NaN,NaN,
23.121,0.01751,-0.00461,0.13080,0.58408,-0.12470,0.24702,-0.76307,NaN,NaN,NaN,NaN,NaN,NaN,NaN,NaN,NaN,NaN,NaN,NaN,NaN,NaN,NaN,NaN,NaN,NaN,NaN,NaN,NaN,
23.146,0.01750,-0.00456,0.13067,0.58460,-0.12546,0.24677,-0.76263,NaN,NaN,NaN,NaN,NaN,NaN,NaN,NaN,NaN,NaN,NaN,NaN,NaN,NaN,NaN,NaN,NaN,NaN,NaN,NaN,NaN,
23.171,0.01748,-0.00453,0.13045,0.58511,-0.12567,0.24619,-0.76239,NaN,NaN,NaN,NaN,NaN,NaN,NaN,NaN,NaN,NaN,NaN,NaN,NaN,NaN,NaN,NaN,NaN,NaN,NaN,NaN,NaN,
23.196,0.01751,-0.00446,0.13036,0.58539,-0.12638,0.24625,-0.76205,NaN,NaN,NaN,NaN,NaN,NaN,NaN,NaN,NaN,NaN,NaN,NaN,NaN,NaN,NaN,NaN,NaN,NaN,NaN,NaN,NaN,
23.221,0.01749,-0.00440,0.13024,0.58643,-0.12735,0.24542,-0.76135,NaN,NaN,NaN,NaN,NaN,NaN,NaN,NaN,NaN,NaN,NaN,NaN,NaN,NaN,NaN,NaN,NaN,NaN,NaN,NaN,NaN,
23.246,0.01750,-0.00426,0.13017,0.58739,-0.12830,0.24466,-0.76069,NaN,NaN,NaN,NaN,NaN,NaN,NaN,NaN,NaN,NaN,NaN,NaN,NaN,NaN,NaN,NaN,NaN,NaN,NaN,NaN,NaN,
23.271,0.01753,-0.00414,0.13004,0.58816,-0.12895,0.24400,-0.76020,NaN,NaN,NaN,NaN,NaN,NaN,NaN,NaN,NaN,NaN,NaN,NaN,NaN,NaN,NaN,NaN,NaN,NaN,NaN,NaN,NaN,
23.296,0.01754,-0.00410,0.12991,0.58877,-0.12926,0.24333,-0.75989,NaN,NaN,NaN,NaN,NaN,NaN,NaN,NaN,NaN,NaN,NaN,NaN,NaN,NaN,NaN,NaN,NaN,NaN,NaN,NaN,NaN,
23.321,0.01758,-0.00397,0.12970,0.58944,-0.12890,0.24219,-0.75980,NaN,NaN,NaN,NaN,NaN,NaN,NaN,NaN,NaN,NaN,NaN,NaN,NaN,NaN,NaN,NaN,NaN,NaN,NaN,NaN,NaN,
23.346,0.01754,-0.00396,0.12978,0.59023,-0.13052,0.24208,-0.75894,NaN,NaN,NaN,NaN,NaN,NaN,NaN,NaN,NaN,NaN,NaN,NaN,NaN,NaN,NaN,NaN,NaN,NaN,NaN,NaN,NaN,
23.371,0.01752,-0.00389,0.12977,0.59075,-0.13086,0.24157,-0.75864,NaN,NaN,NaN,NaN,NaN,NaN,NaN,NaN,NaN,NaN,NaN,NaN,NaN,NaN,NaN,NaN,NaN,NaN,NaN,NaN,NaN,
23.396,0.01755,-0.00383,0.12973,0.59105,-0.13060,0.24099,-0.75864,NaN,NaN,NaN,NaN,NaN,NaN,NaN,NaN,NaN,NaN,NaN,NaN,NaN,NaN,NaN,NaN,NaN,NaN,NaN,NaN,NaN,
23.421,0.01749,-0.00382,0.12980,0.59133,-0.13116,0.24094,-0.75833,NaN,NaN,NaN,NaN,NaN,NaN,NaN,NaN,NaN,NaN,NaN,NaN,NaN,NaN,NaN,NaN,NaN,NaN,NaN,NaN,NaN,
23.446,0.01753,-0.00374,0.12986,0.59170,-0.13148,0.24062,-0.75809,NaN,NaN,NaN,NaN,NaN,NaN,NaN,NaN,NaN,NaN,NaN,NaN,NaN,NaN,NaN,NaN,NaN,NaN,NaN,NaN,NaN,
23.471,0.01756,-0.00374,0.12993,0.59180,-0.13129,0.24037,-0.75813,NaN,NaN,NaN,NaN,NaN,NaN,NaN,NaN,NaN,NaN,NaN,NaN,NaN,NaN,NaN,NaN,NaN,NaN,NaN,NaN,NaN,
23.496,0.01753,-0.00367,0.13002,0.59188,-0.13090,0.24001,-0.75825,NaN,NaN,NaN,NaN,NaN,NaN,NaN,NaN,NaN,NaN,NaN,NaN,NaN,NaN,NaN,NaN,NaN,NaN,NaN,NaN,NaN,
23.521,0.01756,-0.00366,0.13008,0.59218,-0.13076,0.23950,-0.75819,NaN,NaN,NaN,NaN,NaN,NaN,NaN,NaN,NaN,NaN,NaN,NaN,NaN,NaN,NaN,NaN,NaN,NaN,NaN,NaN,NaN,
23.546,0.01753,-0.00367,0.13020,0.59184,-0.13063,0.23990,-0.75836,NaN,NaN,NaN,NaN,NaN,NaN,NaN,NaN,NaN,NaN,NaN,NaN,NaN,NaN,NaN,NaN,NaN,NaN,NaN,NaN,NaN,
23.571,0.01751,-0.00376,0.13026,0.59182,-0.13069,0.23996,-0.75834,NaN,NaN,NaN,NaN,NaN,NaN,NaN,NaN,NaN,NaN,NaN,NaN,NaN,NaN,NaN,NaN,NaN,NaN,NaN,NaN,NaN,
23.596,0.01753,-0.00375,0.13032,0.59182,-0.13056,0.23989,-0.75839,NaN,NaN,NaN,NaN,NaN,NaN,NaN,NaN,NaN,NaN,NaN,NaN,NaN,NaN,NaN,NaN,NaN,NaN,NaN,NaN,NaN,
23.621,0.01753,-0.00372,0.13035,0.59171,-0.13006,0.23974,-0.75861,NaN,NaN,NaN,NaN,NaN,NaN,NaN,NaN,NaN,NaN,NaN,NaN,NaN,NaN,NaN,NaN,NaN,NaN,NaN,NaN,NaN,
23.646,0.01753,-0.00372,0.13038,0.59171,-0.12993,0.23966,-0.75866,NaN,NaN,NaN,NaN,NaN,NaN,NaN,NaN,NaN,NaN,NaN,NaN,NaN,NaN,NaN,NaN,NaN,NaN,NaN,NaN,NaN,
23.671,0.01754,-0.00374,0.13043,0.59189,-0.13019,0.23956,-0.75851,NaN,NaN,NaN,NaN,NaN,NaN,NaN,NaN,NaN,NaN,NaN,NaN,NaN,NaN,NaN,NaN,NaN,NaN,NaN,NaN,NaN,
23.696,0.01760,-0.00380,0.13052,0.59186,-0.13036,0.23971,-0.75845,NaN,NaN,NaN,NaN,NaN,NaN,NaN,NaN,NaN,NaN,NaN,NaN,NaN,NaN,NaN,NaN,NaN,NaN,NaN,NaN,NaN,
23.721,0.01758,-0.00377,0.13064,0.59147,-0.13011,0.24010,-0.75867,NaN,NaN,NaN,NaN,NaN,NaN,NaN,NaN,NaN,NaN,NaN,NaN,NaN,NaN,NaN,NaN,NaN,NaN,NaN,NaN,NaN,
23.746,0.01760,-0.00376,0.13065,0.59145,-0.12974,0.23990,-0.75882,NaN,NaN,NaN,NaN,NaN,NaN,NaN,NaN,NaN,NaN,NaN,NaN,NaN,NaN,NaN,NaN,NaN,NaN,NaN,NaN,NaN,
23.771,0.01758,-0.00377,0.13069,0.59124,-0.12960,0.24010,-0.75894,NaN,NaN,NaN,NaN,NaN,NaN,NaN,NaN,NaN,NaN,NaN,NaN,NaN,NaN,NaN,NaN,NaN,NaN,NaN,NaN,NaN,
23.796,0.01753,-0.00382,0.13082,0.59203,-0.13133,0.24006,-0.75804,NaN,NaN,NaN,NaN,NaN,NaN,NaN,NaN,NaN,NaN,NaN,NaN,NaN,NaN,NaN,NaN,NaN,NaN,NaN,NaN,NaN,
23.821,0.01756,-0.00352,0.13077,0.59511,-0.13347,0.23706,-0.75619,NaN,NaN,NaN,NaN,NaN,NaN,NaN,NaN,NaN,NaN,NaN,NaN,NaN,NaN,NaN,NaN,NaN,NaN,NaN,NaN,NaN,
23.846,0.01778,-0.00295,0.13079,0.59851,-0.13672,0.23426,-0.75380,NaN,NaN,NaN,NaN,NaN,NaN,NaN,NaN,NaN,NaN,NaN,NaN,NaN,NaN,NaN,NaN,NaN,NaN,NaN,NaN,NaN,
23.871,0.01786,-0.00279,0.13093,0.60058,-0.14023,0.23347,-0.75175,NaN,NaN,NaN,NaN,NaN,NaN,NaN,NaN,NaN,NaN,NaN,NaN,NaN,NaN,NaN,NaN,NaN,NaN,NaN,NaN,NaN,
23.896,0.01788,-0.00264,0.13098,0.60148,-0.14083,0.23255,-0.75120,NaN,NaN,NaN,NaN,NaN,NaN,NaN,NaN,NaN,NaN,NaN,NaN,NaN,NaN,NaN,NaN,NaN,NaN,NaN,NaN,NaN,
23.921,0.01794,-0.00251,0.13103,0.60188,-0.14096,0.23206,-0.75101,NaN,NaN,NaN,NaN,NaN,NaN,NaN,NaN,NaN,NaN,NaN,NaN,NaN,NaN,NaN,NaN,NaN,NaN,NaN,NaN,NaN,
23.946,0.01801,-0.00245,0.13106,0.60229,-0.14109,0.23156,-0.75081,NaN,NaN,NaN,NaN,NaN,NaN,NaN,NaN,NaN,NaN,NaN,NaN,NaN,NaN,NaN,NaN,NaN,NaN,NaN,NaN,NaN,
23.971,0.01800,-0.00238,0.13113,0.60195,-0.14062,0.23176,-0.75111,NaN,NaN,NaN,NaN,NaN,NaN,NaN,NaN,NaN,NaN,NaN,NaN,NaN,NaN,NaN,NaN,NaN,NaN,NaN,NaN,NaN,
23.996,0.01794,-0.00252,0.13121,0.60123,-0.14025,0.23255,-0.75151,NaN,NaN,NaN,NaN,NaN,NaN,NaN,NaN,NaN,NaN,NaN,NaN,NaN,NaN,NaN,NaN,NaN,NaN,NaN,NaN,NaN,
24.021,0.01795,-0.00266,0.13126,0.60007,-0.13940,0.23369,-0.75225,NaN,NaN,NaN,NaN,NaN,NaN,NaN,NaN,NaN,NaN,NaN,NaN,NaN,NaN,NaN,NaN,NaN,NaN,NaN,NaN,NaN,
24.046,0.01798,-0.00268,0.13125,0.59896,-0.13864,0.23480,-0.75293,NaN,NaN,NaN,NaN,NaN,NaN,NaN,NaN,NaN,NaN,NaN,NaN,NaN,NaN,NaN,NaN,NaN,NaN,NaN,NaN,NaN,
24.071,0.01800,-0.00264,0.13119,0.59848,-0.13824,0.23523,-0.75325,NaN,NaN,NaN,NaN,NaN,NaN,NaN,NaN,NaN,NaN,NaN,NaN,NaN,NaN,NaN,NaN,NaN,NaN,NaN,NaN,NaN,
24.096,0.01796,-0.00268,0.13115,0.59858,-0.13849,0.23524,-0.75312,NaN,NaN,NaN,NaN,NaN,NaN,NaN,NaN,NaN,NaN,NaN,NaN,NaN,NaN,NaN,NaN,NaN,NaN,NaN,NaN,NaN,
24.121,0.01798,-0.00257,0.13107,0.59907,-0.13882,0.23474,-0.75282,NaN,NaN,NaN,NaN,NaN,NaN,NaN,NaN,NaN,NaN,NaN,NaN,NaN,NaN,NaN,NaN,NaN,NaN,NaN,NaN,NaN,
24.146,0.01801,-0.00242,0.13100,0.59986,-0.13959,0.23411,-0.75225,NaN,NaN,NaN,NaN,NaN,NaN,NaN,NaN,NaN,NaN,NaN,NaN,NaN,NaN,NaN,NaN,NaN,NaN,NaN,NaN,NaN,
24.171,0.01800,-0.00238,0.13091,0.60048,-0.14033,0.23366,-0.75175,NaN,NaN,NaN,NaN,NaN,NaN,NaN,NaN,NaN,NaN,NaN,NaN,NaN,NaN,NaN,NaN,NaN,NaN,NaN,NaN,NaN,
24.196,0.01798,-0.00232,0.13080,0.60087,-0.14089,0.23346,-0.75140,NaN,NaN,NaN,NaN,NaN,NaN,NaN,NaN,NaN,NaN,NaN,NaN,NaN,NaN,NaN,NaN,NaN,NaN,NaN,NaN,NaN,
24.221,0.01800,-0.00232,0.13070,0.60135,-0.14157,0.23319,-0.75097,NaN,NaN,NaN,NaN,NaN,NaN,NaN,NaN,NaN,NaN,NaN,NaN,NaN,NaN,NaN,NaN,NaN,NaN,NaN,NaN,NaN,
24.246,0.01800,-0.00231,0.13060,0.60175,-0.14220,0.23300,-0.75059,NaN,NaN,NaN,NaN,NaN,NaN,NaN,NaN,NaN,NaN,NaN,NaN,NaN,NaN,NaN,NaN,NaN,NaN,NaN,NaN,NaN,
24.271,0.01798,-0.00221,0.13052,0.60189,-0.14250,0.23299,-0.75043,NaN,NaN,NaN,NaN,NaN,NaN,NaN,NaN,NaN,NaN,NaN,NaN,NaN,NaN,NaN,NaN,NaN,NaN,NaN,NaN,NaN,
24.296,0.01801,-0.00217,0.13043,0.60245,-0.14336,0.23271,-0.74990,NaN,NaN,NaN,NaN,NaN,NaN,NaN,NaN,NaN,NaN,NaN,NaN,NaN,NaN,NaN,NaN,NaN,NaN,NaN,NaN,NaN,
24.321,0.01806,-0.00207,0.13028,0.60317,-0.14393,0.23203,-0.74942,NaN,NaN,NaN,NaN,NaN,NaN,NaN,NaN,NaN,NaN,NaN,NaN,NaN,NaN,NaN,NaN,NaN,NaN,NaN,NaN,NaN,
24.346,0.01804,-0.00207,0.13028,0.60388,-0.14510,0.23173,-0.74872,NaN,NaN,NaN,NaN,NaN,NaN,NaN,NaN,NaN,NaN,NaN,NaN,NaN,NaN,NaN,NaN,NaN,NaN,NaN,NaN,NaN,
24.371,0.01810,-0.00183,0.13017,0.60518,-0.14584,0.23032,-0.74796,NaN,NaN,NaN,NaN,NaN,NaN,NaN,NaN,NaN,NaN,NaN,NaN,NaN,NaN,NaN,NaN,NaN,NaN,NaN,NaN,NaN,
24.396,0.01811,-0.00170,0.13007,0.60633,-0.14687,0.22928,-0.74714,NaN,NaN,NaN,NaN,NaN,NaN,NaN,NaN,NaN,NaN,NaN,NaN,NaN,NaN,NaN,NaN,NaN,NaN,NaN,NaN,NaN,
24.421,0.01807,-0.00158,0.12990,0.60654,-0.14669,0.22887,-0.74713,NaN,NaN,NaN,NaN,NaN,NaN,NaN,NaN,NaN,NaN,NaN,NaN,NaN,NaN,NaN,NaN,NaN,NaN,NaN,NaN,NaN,
24.446,0.01805,-0.00156,0.12990,0.60745,-0.14796,0.22834,-0.74631,NaN,NaN,NaN,NaN,NaN,NaN,NaN,NaN,NaN,NaN,NaN,NaN,NaN,NaN,NaN,NaN,NaN,NaN,NaN,NaN,NaN,
24.471,0.01810,-0.00149,0.12987,0.60860,-0.14867,0.22712,-0.74560,NaN,NaN,NaN,NaN,NaN,NaN,NaN,NaN,NaN,NaN,NaN,NaN,NaN,NaN,NaN,NaN,NaN,NaN,NaN,NaN,NaN,
24.496,0.01803,-0.00144,0.12994,0.60931,-0.14961,0.22665,-0.74497,NaN,NaN,NaN,NaN,NaN,NaN,NaN,NaN,NaN,NaN,NaN,NaN,NaN,NaN,NaN,NaN,NaN,NaN,NaN,NaN,NaN,
24.521,0.01806,-0.00140,0.12993,0.60964,-0.14983,0.22631,-0.74476,NaN,NaN,NaN,NaN,NaN,NaN,NaN,NaN,NaN,NaN,NaN,NaN,NaN,NaN,NaN,NaN,NaN,NaN,NaN,NaN,NaN,
24.546,0.01809,-0.00131,0.12994,0.60986,-0.15007,0.22614,-0.74458,NaN,NaN,NaN,NaN,NaN,NaN,NaN,NaN,NaN,NaN,NaN,NaN,NaN,NaN,NaN,NaN,NaN,NaN,NaN,NaN,NaN,
24.571,0.01809,-0.00129,0.12993,0.61017,-0.15029,0.22583,-0.74438,NaN,NaN,NaN,NaN,NaN,NaN,NaN,NaN,NaN,NaN,NaN,NaN,NaN,NaN,NaN,NaN,NaN,NaN,NaN,NaN,NaN,
24.596,0.01810,-0.00127,0.12989,0.61025,-0.14992,0.22549,-0.74449,NaN,NaN,NaN,NaN,NaN,NaN,NaN,NaN,NaN,NaN,NaN,NaN,NaN,NaN,NaN,NaN,NaN,NaN,NaN,NaN,NaN,
24.621,0.01805,-0.00143,0.12998,0.60909,-0.14962,0.22698,-0.74505,NaN,NaN,NaN,NaN,NaN,NaN,NaN,NaN,NaN,NaN,NaN,NaN,NaN,NaN,NaN,NaN,NaN,NaN,NaN,NaN,NaN,
24.646,0.01806,-0.00136,0.12994,0.60943,-0.14966,0.22651,-0.74491,NaN,NaN,NaN,NaN,NaN,NaN,NaN,NaN,NaN,NaN,NaN,NaN,NaN,NaN,NaN,NaN,NaN,NaN,NaN,NaN,NaN,
24.671,0.01808,-0.00132,0.12993,0.60978,-0.14980,0.22610,-0.74472,NaN,NaN,NaN,NaN,NaN,NaN,NaN,NaN,NaN,NaN,NaN,NaN,NaN,NaN,NaN,NaN,NaN,NaN,NaN,NaN,NaN,
24.696,0.01807,-0.00130,0.12993,0.61002,-0.14992,0.22581,-0.74458,NaN,NaN,NaN,NaN,NaN,NaN,NaN,NaN,NaN,NaN,NaN,NaN,NaN,NaN,NaN,NaN,NaN,NaN,NaN,NaN,NaN,
24.721,0.01808,-0.00127,0.12994,0.61016,-0.14994,0.22563,-0.74452,NaN,NaN,NaN,NaN,NaN,NaN,NaN,NaN,NaN,NaN,NaN,NaN,NaN,NaN,NaN,NaN,NaN,NaN,NaN,NaN,NaN,
24.746,0.01809,-0.00124,0.12995,0.61030,-0.14993,0.22542,-0.74447,NaN,NaN,NaN,NaN,NaN,NaN,NaN,NaN,NaN,NaN,NaN,NaN,NaN,NaN,NaN,NaN,NaN,NaN,NaN,NaN,NaN,
24.771,0.01809,-0.00117,0.13013,0.61114,-0.15036,0.22447,-0.74398,NaN,NaN,NaN,NaN,NaN,NaN,NaN,NaN,NaN,NaN,NaN,NaN,NaN,NaN,NaN,NaN,NaN,NaN,NaN,NaN,NaN,
24.796,0.01807,-0.00117,0.13022,0.61131,-0.15073,0.22445,-0.74378,NaN,NaN,NaN,NaN,NaN,NaN,NaN,NaN,NaN,NaN,NaN,NaN,NaN,NaN,NaN,NaN,NaN,NaN,NaN,NaN,NaN,
24.821,0.01808,-0.00113,0.13030,0.61182,-0.15105,0.22390,-0.74346,NaN,NaN,NaN,NaN,NaN,NaN,NaN,NaN,NaN,NaN,NaN,NaN,NaN,NaN,NaN,NaN,NaN,NaN,NaN,NaN,NaN,
24.846,0.01803,-0.00090,0.13035,0.61458,-0.15273,0.22091,-0.74173,NaN,NaN,NaN,NaN,NaN,NaN,NaN,NaN,NaN,NaN,NaN,NaN,NaN,NaN,NaN,NaN,NaN,NaN,NaN,NaN,NaN,
24.871,0.01811,-0.00040,0.13041,0.61753,-0.15506,0.21799,-0.73965,NaN,NaN,NaN,NaN,NaN,NaN,NaN,NaN,NaN,NaN,NaN,NaN,NaN,NaN,NaN,NaN,NaN,NaN,NaN,NaN,NaN,
24.896,0.01804,-0.00021,0.13050,0.61863,-0.15613,0.21702,-0.73880,NaN,NaN,NaN,NaN,NaN,NaN,NaN,NaN,NaN,NaN,NaN,NaN,NaN,NaN,NaN,NaN,NaN,NaN,NaN,NaN,NaN,
24.921,0.01807,-0.00006,0.13070,0.62004,-0.15813,0.21614,-0.73744,NaN,NaN,NaN,NaN,NaN,NaN,NaN,NaN,NaN,NaN,NaN,NaN,NaN,NaN,NaN,NaN,NaN,NaN,NaN,NaN,NaN,
24.946,0.01806,0.00000,0.13075,0.62088,-0.15852,0.21514,-0.73695,NaN,NaN,NaN,NaN,NaN,NaN,NaN,NaN,NaN,NaN,NaN,NaN,NaN,NaN,NaN,NaN,NaN,NaN,NaN,NaN,NaN,
24.971,0.01805,0.00004,0.13080,0.62164,-0.15938,0.21453,-0.73630,NaN,NaN,NaN,NaN,NaN,NaN,NaN,NaN,NaN,NaN,NaN,NaN,NaN,NaN,NaN,NaN,NaN,NaN,NaN,NaN,NaN,
24.996,0.01814,0.00029,0.13078,0.62276,-0.16002,0.21325,-0.73558,NaN,NaN,NaN,NaN,NaN,NaN,NaN,NaN,NaN,NaN,NaN,NaN,NaN,NaN,NaN,NaN,NaN,NaN,NaN,NaN,NaN,
25.021,0.01808,0.00045,0.13085,0.62402,-0.16120,0.21209,-0.73459,NaN,NaN,NaN,NaN,NaN,NaN,NaN,NaN,NaN,NaN,NaN,NaN,NaN,NaN,NaN,NaN,NaN,NaN,NaN,NaN,NaN,
25.046,0.01804,0.00057,0.13090,0.62473,-0.16164,0.21131,-0.73412,NaN,NaN,NaN,NaN,NaN,NaN,NaN,NaN,NaN,NaN,NaN,NaN,NaN,NaN,NaN,NaN,NaN,NaN,NaN,NaN,NaN,
25.071,0.01802,0.00057,0.13096,0.62511,-0.16177,0.21081,-0.73391,NaN,NaN,NaN,NaN,NaN,NaN,NaN,NaN,NaN,NaN,NaN,NaN,NaN,NaN,NaN,NaN,NaN,NaN,NaN,NaN,NaN,
25.096,0.01805,0.00074,0.13105,0.62449,-0.16141,0.21153,-0.73432,NaN,NaN,NaN,NaN,NaN,NaN,NaN,NaN,NaN,NaN,NaN,NaN,NaN,NaN,NaN,NaN,NaN,NaN,NaN,NaN,NaN,
25.121,0.01804,0.00066,0.13100,0.62394,-0.16046,0.21177,-0.73492,NaN,NaN,NaN,NaN,NaN,NaN,NaN,NaN,NaN,NaN,NaN,NaN,NaN,NaN,NaN,NaN,NaN,NaN,NaN,NaN,NaN,
25.146,0.01806,0.00071,0.13102,0.62387,-0.16055,0.21193,-0.73491,NaN,NaN,NaN,NaN,NaN,NaN,NaN,NaN,NaN,NaN,NaN,NaN,NaN,NaN,NaN,NaN,NaN,NaN,NaN,NaN,NaN,
25.171,0.01808,0.00074,0.13105,0.62395,-0.16094,0.21204,-0.73473,NaN,NaN,NaN,NaN,NaN,NaN,NaN,NaN,NaN,NaN,NaN,NaN,NaN,NaN,NaN,NaN,NaN,NaN,NaN,NaN,NaN,
25.196,0.01808,0.00065,0.13095,0.62401,-0.16081,0.21187,-0.73475,NaN,NaN,NaN,NaN,NaN,NaN,NaN,NaN,NaN,NaN,NaN,NaN,NaN,NaN,NaN,NaN,NaN,NaN,NaN,NaN,NaN,
25.221,0.01808,0.00072,0.13097,0.62427,-0.16103,0.21163,-0.73456,NaN,NaN,NaN,NaN,NaN,NaN,NaN,NaN,NaN,NaN,NaN,NaN,NaN,NaN,NaN,NaN,NaN,NaN,NaN,NaN,NaN,
25.246,0.01806,0.00077,0.13100,0.62448,-0.16124,0.21144,-0.73439,NaN,NaN,NaN,NaN,NaN,NaN,NaN,NaN,NaN,NaN,NaN,NaN,NaN,NaN,NaN,NaN,NaN,NaN,NaN,NaN,NaN,
25.271,0.01805,0.00080,0.13102,0.62464,-0.16148,0.21134,-0.73422,NaN,NaN,NaN,NaN,NaN,NaN,NaN,NaN,NaN,NaN,NaN,NaN,NaN,NaN,NaN,NaN,NaN,NaN,NaN,NaN,NaN,
25.296,0.01805,0.00084,0.13104,0.62483,-0.16181,0.21125,-0.73402,NaN,NaN,NaN,NaN,NaN,NaN,NaN,NaN,NaN,NaN,NaN,NaN,NaN,NaN,NaN,NaN,NaN,NaN,NaN,NaN,NaN,
25.321,0.01798,0.00115,0.13101,0.62695,-0.16392,0.20935,-0.73228,NaN,NaN,NaN,NaN,NaN,NaN,NaN,NaN,NaN,NaN,NaN,NaN,NaN,NaN,NaN,NaN,NaN,NaN,NaN,NaN,NaN,
25.346,0.01807,0.00133,0.13100,0.62748,-0.16466,0.20900,-0.73176,NaN,NaN,NaN,NaN,NaN,NaN,NaN,NaN,NaN,NaN,NaN,NaN,NaN,NaN,NaN,NaN,NaN,NaN,NaN,NaN,NaN,
25.371,0.01804,0.00126,0.13098,0.62789,-0.16521,0.20871,-0.73137,NaN,NaN,NaN,NaN,NaN,NaN,NaN,NaN,NaN,NaN,NaN,NaN,NaN,NaN,NaN,NaN,NaN,NaN,NaN,NaN,NaN,
25.396,0.01801,0.00133,0.13096,0.62796,-0.16519,0.20860,-0.73135,NaN,NaN,NaN,NaN,NaN,NaN,NaN,NaN,NaN,NaN,NaN,NaN,NaN,NaN,NaN,NaN,NaN,NaN,NaN,NaN,NaN,
25.421,0.01810,0.00149,0.13092,0.62862,-0.16576,0.20795,-0.73084,NaN,NaN,NaN,NaN,NaN,NaN,NaN,NaN,NaN,NaN,NaN,NaN,NaN,NaN,NaN,NaN,NaN,NaN,NaN,NaN,NaN,
25.446,0.01808,0.00163,0.13088,0.62936,-0.16623,0.20712,-0.73033,NaN,NaN,NaN,NaN,NaN,NaN,NaN,NaN,NaN,NaN,NaN,NaN,NaN,NaN,NaN,NaN,NaN,NaN,NaN,NaN,NaN,
25.471,0.01801,0.00163,0.13089,0.62990,-0.16717,0.20687,-0.72972,NaN,NaN,NaN,NaN,NaN,NaN,NaN,NaN,NaN,NaN,NaN,NaN,NaN,NaN,NaN,NaN,NaN,NaN,NaN,NaN,NaN,
25.496,0.01806,0.00168,0.13081,0.62997,-0.16679,0.20654,-0.72984,NaN,NaN,NaN,NaN,NaN,NaN,NaN,NaN,NaN,NaN,NaN,NaN,NaN,NaN,NaN,NaN,NaN,NaN,NaN,NaN,NaN,
25.521,0.01809,0.00174,0.13078,0.62993,-0.16685,0.20663,-0.72983,NaN,NaN,NaN,NaN,NaN,NaN,NaN,NaN,NaN,NaN,NaN,NaN,NaN,NaN,NaN,NaN,NaN,NaN,NaN,NaN,NaN,
25.546,0.01804,0.00170,0.13078,0.63002,-0.16715,0.20667,-0.72968,NaN,NaN,NaN,NaN,NaN,NaN,NaN,NaN,NaN,NaN,NaN,NaN,NaN,NaN,NaN,NaN,NaN,NaN,NaN,NaN,NaN,
25.571,0.01804,0.00169,0.13074,0.63030,-0.16756,0.20649,-0.72938,NaN,NaN,NaN,NaN,NaN,NaN,NaN,NaN,NaN,NaN,NaN,NaN,NaN,NaN,NaN,NaN,NaN,NaN,NaN,NaN,NaN,
25.596,0.01808,0.00178,0.13072,0.63066,-0.16817,0.20631,-0.72899,NaN,NaN,NaN,NaN,NaN,NaN,NaN,NaN,NaN,NaN,NaN,NaN,NaN,NaN,NaN,NaN,NaN,NaN,NaN,NaN,NaN,
25.621,0.01810,0.00182,0.13065,0.63104,-0.16824,0.20578,-0.72879,NaN,NaN,NaN,NaN,NaN,NaN,NaN,NaN,NaN,NaN,NaN,NaN,NaN,NaN,NaN,NaN,NaN,NaN,NaN,NaN,NaN,
25.646,0.01810,0.00185,0.13064,0.63148,-0.16880,0.20545,-0.72837,NaN,NaN,NaN,NaN,NaN,NaN,NaN,NaN,NaN,NaN,NaN,NaN,NaN,NaN,NaN,NaN,NaN,NaN,NaN,NaN,NaN,
25.671,0.01810,0.00193,0.13064,0.63210,-0.16972,0.20506,-0.72773,NaN,NaN,NaN,NaN,NaN,NaN,NaN,NaN,NaN,NaN,NaN,NaN,NaN,NaN,NaN,NaN,NaN,NaN,NaN,NaN,NaN,
25.696,0.01804,0.00189,0.13066,0.63265,-0.17046,0.20467,-0.72719,NaN,NaN,NaN,NaN,NaN,NaN,NaN,NaN,NaN,NaN,NaN,NaN,NaN,NaN,NaN,NaN,NaN,NaN,NaN,NaN,NaN,
25.721,0.01786,0.00200,0.13068,0.63438,-0.17202,0.20297,-0.72579,NaN,NaN,NaN,NaN,NaN,NaN,NaN,NaN,NaN,NaN,NaN,NaN,NaN,NaN,NaN,NaN,NaN,NaN,NaN,NaN,NaN,
25.746,0.01782,0.00231,0.13064,0.63745,-0.17494,0.20002,-0.72322,NaN,NaN,NaN,NaN,NaN,NaN,NaN,NaN,NaN,NaN,NaN,NaN,NaN,NaN,NaN,NaN,NaN,NaN,NaN,NaN,NaN,
25.771,0.01795,0.00267,0.13065,0.63920,-0.17689,0.19848,-0.72162,NaN,NaN,NaN,NaN,NaN,NaN,NaN,NaN,NaN,NaN,NaN,NaN,NaN,NaN,NaN,NaN,NaN,NaN,NaN,NaN,NaN,
25.796,0.01808,0.00295,0.13049,0.64027,-0.17707,0.19696,-0.72105,NaN,NaN,NaN,NaN,NaN,NaN,NaN,NaN,NaN,NaN,NaN,NaN,NaN,NaN,NaN,NaN,NaN,NaN,NaN,NaN,NaN,
25.821,0.01796,0.00283,0.13058,0.64091,-0.17861,0.19687,-0.72012,NaN,NaN,NaN,NaN,NaN,NaN,NaN,NaN,NaN,NaN,NaN,NaN,NaN,NaN,NaN,NaN,NaN,NaN,NaN,NaN,NaN,
25.846,0.01806,0.00304,0.13056,0.64108,-0.17875,0.19669,-0.71999,NaN,NaN,NaN,NaN,NaN,NaN,NaN,NaN,NaN,NaN,NaN,NaN,NaN,NaN,NaN,NaN,NaN,NaN,NaN,NaN,NaN,
25.871,0.01805,0.00308,0.13044,0.64174,-0.17884,0.19574,-0.71964,NaN,NaN,NaN,NaN,NaN,NaN,NaN,NaN,NaN,NaN,NaN,NaN,NaN,NaN,NaN,NaN,NaN,NaN,NaN,NaN,NaN,
25.896,0.01801,0.00307,0.13054,0.64230,-0.18037,0.19576,-0.71875,NaN,NaN,NaN,NaN,NaN,NaN,NaN,NaN,NaN,NaN,NaN,NaN,NaN,NaN,NaN,NaN,NaN,NaN,NaN,NaN,NaN,
25.921,0.01808,0.00323,0.13043,0.64274,-0.18028,0.19503,-0.71857,NaN,NaN,NaN,NaN,NaN,NaN,NaN,NaN,NaN,NaN,NaN,NaN,NaN,NaN,NaN,NaN,NaN,NaN,NaN,NaN,NaN,
25.946,0.01808,0.00324,0.13039,0.64314,-0.18060,0.19461,-0.71825,NaN,NaN,NaN,NaN,NaN,NaN,NaN,NaN,NaN,NaN,NaN,NaN,NaN,NaN,NaN,NaN,NaN,NaN,NaN,NaN,NaN,
25.971,0.01808,0.00327,0.13041,0.64329,-0.18095,0.19457,-0.71804,NaN,NaN,NaN,NaN,NaN,NaN,NaN,NaN,NaN,NaN,NaN,NaN,NaN,NaN,NaN,NaN,NaN,NaN,NaN,NaN,NaN,
25.996,0.01804,0.00324,0.13042,0.64334,-0.18107,0.19456,-0.71797,NaN,NaN,NaN,NaN,NaN,NaN,NaN,NaN,NaN,NaN,NaN,NaN,NaN,NaN,NaN,NaN,NaN,NaN,NaN,NaN,NaN,
26.021,0.01806,0.00325,0.13039,0.64329,-0.18090,0.19455,-0.71806,NaN,NaN,NaN,NaN,NaN,NaN,NaN,NaN,NaN,NaN,NaN,NaN,NaN,NaN,NaN,NaN,NaN,NaN,NaN,NaN,NaN,
26.046,0.01806,0.00326,0.13038,0.64329,-0.18091,0.19455,-0.71805,NaN,NaN,NaN,NaN,NaN,NaN,NaN,NaN,NaN,NaN,NaN,NaN,NaN,NaN,NaN,NaN,NaN,NaN,NaN,NaN,NaN,
26.071,0.01804,0.00318,0.13047,0.64293,-0.18092,0.19510,-0.71822,NaN,NaN,NaN,NaN,NaN,NaN,NaN,NaN,NaN,NaN,NaN,NaN,NaN,NaN,NaN,NaN,NaN,NaN,NaN,NaN,NaN,
26.096,0.01803,0.00319,0.13045,0.64312,-0.18106,0.19490,-0.71807,NaN,NaN,NaN,NaN,NaN,NaN,NaN,NaN,NaN,NaN,NaN,NaN,NaN,NaN,NaN,NaN,NaN,NaN,NaN,NaN,NaN,
26.121,0.01804,0.00322,0.13044,0.64323,-0.18121,0.19481,-0.71796,NaN,NaN,NaN,NaN,NaN,NaN,NaN,NaN,NaN,NaN,NaN,NaN,NaN,NaN,NaN,NaN,NaN,NaN,NaN,NaN,NaN,
26.146,0.01805,0.00323,0.13042,0.64331,-0.18121,0.19469,-0.71792,NaN,NaN,NaN,NaN,NaN,NaN,NaN,NaN,NaN,NaN,NaN,NaN,NaN,NaN,NaN,NaN,NaN,NaN,NaN,NaN,NaN,
26.171,0.01805,0.00324,0.13041,0.64335,-0.18122,0.19463,-0.71790,NaN,NaN,NaN,NaN,NaN,NaN,NaN,NaN,NaN,NaN,NaN,NaN,NaN,NaN,NaN,NaN,NaN,NaN,NaN,NaN,NaN,
26.196,0.01804,0.00323,0.13041,0.64337,-0.18136,0.19468,-0.71783,NaN,NaN,NaN,NaN,NaN,NaN,NaN,NaN,NaN,NaN,NaN,NaN,NaN,NaN,NaN,NaN,NaN,NaN,NaN,NaN,NaN,
26.221,0.01804,0.00323,0.13043,0.64345,-0.18164,0.19472,-0.71768,NaN,NaN,NaN,NaN,NaN,NaN,NaN,NaN,NaN,NaN,NaN,NaN,NaN,NaN,NaN,NaN,NaN,NaN,NaN,NaN,NaN,
26.246,0.01812,0.00345,0.13039,0.64447,-0.18319,0.19404,-0.71655,NaN,NaN,NaN,NaN,NaN,NaN,NaN,NaN,NaN,NaN,NaN,NaN,NaN,NaN,NaN,NaN,NaN,NaN,NaN,NaN,NaN,
26.271,0.01817,0.00365,0.13030,0.64564,-0.18426,0.19285,-0.71555,NaN,NaN,NaN,NaN,NaN,NaN,NaN,NaN,NaN,NaN,NaN,NaN,NaN,NaN,NaN,NaN,NaN,NaN,NaN,NaN,NaN,
26.296,0.01811,0.00369,0.13017,0.64658,-0.18460,0.19159,-0.71495,NaN,NaN,NaN,NaN,NaN,NaN,NaN,NaN,NaN,NaN,NaN,NaN,NaN,NaN,NaN,NaN,NaN,NaN,NaN,NaN,NaN,
26.321,0.01792,0.00364,0.13018,0.64811,-0.18647,0.19028,-0.71342,NaN,NaN,NaN,NaN,NaN,NaN,NaN,NaN,NaN,NaN,NaN,NaN,NaN,NaN,NaN,NaN,NaN,NaN,NaN,NaN,NaN,
26.346,0.01805,0.00388,0.13016,0.64923,-0.18728,0.18902,-0.71253,NaN,NaN,NaN,NaN,NaN,NaN,NaN,NaN,NaN,NaN,NaN,NaN,NaN,NaN,NaN,NaN,NaN,NaN,NaN,NaN,NaN,
26.371,0.01795,0.00384,0.13020,0.65023,-0.18833,0.18806,-0.71160,NaN,NaN,NaN,NaN,NaN,NaN,NaN,NaN,NaN,NaN,NaN,NaN,NaN,NaN,NaN,NaN,NaN,NaN,NaN,NaN,NaN,
26.396,0.01801,0.00397,0.13027,0.65148,-0.18971,0.18689,-0.71039,NaN,NaN,NaN,NaN,NaN,NaN,NaN,NaN,NaN,NaN,NaN,NaN,NaN,NaN,NaN,NaN,NaN,NaN,NaN,NaN,NaN,
26.421,0.01806,0.00411,0.13032,0.65205,-0.18994,0.18613,-0.71001,NaN,NaN,NaN,NaN,NaN,NaN,NaN,NaN,NaN,NaN,NaN,NaN,NaN,NaN,NaN,NaN,NaN,NaN,NaN,NaN,NaN,
26.446,0.01804,0.00409,0.13041,0.65215,-0.19018,0.18611,-0.70986,NaN,NaN,NaN,NaN,NaN,NaN,NaN,NaN,NaN,NaN,NaN,NaN,NaN,NaN,NaN,NaN,NaN,NaN,NaN,NaN,NaN,
26.471,0.01808,0.00416,0.13038,0.65220,-0.18966,0.18573,-0.71004,NaN,NaN,NaN,NaN,NaN,NaN,NaN,NaN,NaN,NaN,NaN,NaN,NaN,NaN,NaN,NaN,NaN,NaN,NaN,NaN,NaN,
26.496,0.01801,0.00410,0.13048,0.65262,-0.19042,0.18550,-0.70952,NaN,NaN,NaN,NaN,NaN,NaN,NaN,NaN,NaN,NaN,NaN,NaN,NaN,NaN,NaN,NaN,NaN,NaN,NaN,NaN,NaN,
26.521,0.01803,0.00418,0.13051,0.65314,-0.19069,0.18484,-0.70914,NaN,NaN,NaN,NaN,NaN,NaN,NaN,NaN,NaN,NaN,NaN,NaN,NaN,NaN,NaN,NaN,NaN,NaN,NaN,NaN,NaN,
26.546,0.01802,0.00420,0.13059,0.65346,-0.19105,0.18454,-0.70882,NaN,NaN,NaN,NaN,NaN,NaN,NaN,NaN,NaN,NaN,NaN,NaN,NaN,NaN,NaN,NaN,NaN,NaN,NaN,NaN,NaN,
26.571,0.01800,0.00415,0.13070,0.65379,-0.19191,0.18451,-0.70830,NaN,NaN,NaN,NaN,NaN,NaN,NaN,NaN,NaN,NaN,NaN,NaN,NaN,NaN,NaN,NaN,NaN,NaN,NaN,NaN,NaN,
26.596,0.01808,0.00424,0.13064,0.65407,-0.19214,0.18420,-0.70806,NaN,NaN,NaN,NaN,NaN,NaN,NaN,NaN,NaN,NaN,NaN,NaN,NaN,NaN,NaN,NaN,NaN,NaN,NaN,NaN,NaN,
26.621,0.01813,0.00426,0.13071,0.65438,-0.19328,0.18436,-0.70742,NaN,NaN,NaN,NaN,NaN,NaN,NaN,NaN,NaN,NaN,NaN,NaN,NaN,NaN,NaN,NaN,NaN,NaN,NaN,NaN,NaN,
26.646,0.01809,0.00424,0.13054,0.65333,-0.19111,0.18478,-0.70887,NaN,NaN,NaN,NaN,NaN,NaN,NaN,NaN,NaN,NaN,NaN,NaN,NaN,NaN,NaN,NaN,NaN,NaN,NaN,NaN,NaN,
26.671,0.01809,0.00425,0.13060,0.65362,-0.19166,0.18464,-0.70849,NaN,NaN,NaN,NaN,NaN,NaN,NaN,NaN,NaN,NaN,NaN,NaN,NaN,NaN,NaN,NaN,NaN,NaN,NaN,NaN,NaN,
26.696,0.01809,0.00427,0.13065,0.65391,-0.19219,0.18449,-0.70812,NaN,NaN,NaN,NaN,NaN,NaN,NaN,NaN,NaN,NaN,NaN,NaN,NaN,NaN,NaN,NaN,NaN,NaN,NaN,NaN,NaN,
26.721,0.01781,0.00421,0.13085,0.65664,-0.19634,0.18252,-0.70495,NaN,NaN,NaN,NaN,NaN,NaN,NaN,NaN,NaN,NaN,NaN,NaN,NaN,NaN,NaN,NaN,NaN,NaN,NaN,NaN,NaN,
26.746,0.01817,0.00480,0.13072,0.65824,-0.19724,0.18049,-0.70373,NaN,NaN,NaN,NaN,NaN,NaN,NaN,NaN,NaN,NaN,NaN,NaN,NaN,NaN,NaN,NaN,NaN,NaN,NaN,NaN,NaN,
26.771,0.01813,0.00490,0.13068,0.65884,-0.19750,0.17969,-0.70331,NaN,NaN,NaN,NaN,NaN,NaN,NaN,NaN,NaN,NaN,NaN,NaN,NaN,NaN,NaN,NaN,NaN,NaN,NaN,NaN,NaN,
26.796,0.01812,0.00495,0.13073,0.65900,-0.19782,0.17961,-0.70308,NaN,NaN,NaN,NaN,NaN,NaN,NaN,NaN,NaN,NaN,NaN,NaN,NaN,NaN,NaN,NaN,NaN,NaN,NaN,NaN,NaN,
26.821,0.01819,0.00497,0.13073,0.65930,-0.19826,0.17937,-0.70274,NaN,NaN,NaN,NaN,NaN,NaN,NaN,NaN,NaN,NaN,NaN,NaN,NaN,NaN,NaN,NaN,NaN,NaN,NaN,NaN,NaN,
26.846,0.01812,0.00499,0.13078,0.66001,-0.19910,0.17872,-0.70200,NaN,NaN,NaN,NaN,NaN,NaN,NaN,NaN,NaN,NaN,NaN,NaN,NaN,NaN,NaN,NaN,NaN,NaN,NaN,NaN,NaN,
26.871,0.01815,0.00509,0.13072,0.66110,-0.19975,0.17734,-0.70114,NaN,NaN,NaN,NaN,NaN,NaN,NaN,NaN,NaN,NaN,NaN,NaN,NaN,NaN,NaN,NaN,NaN,NaN,NaN,NaN,NaN,
26.896,0.01802,0.00509,0.13081,0.66170,-0.20057,0.17685,-0.70047,NaN,NaN,NaN,NaN,NaN,NaN,NaN,NaN,NaN,NaN,NaN,NaN,NaN,NaN,NaN,NaN,NaN,NaN,NaN,NaN,NaN,
26.921,0.01808,0.00519,0.13081,0.66173,-0.20059,0.17680,-0.70044,NaN,NaN,NaN,NaN,NaN,NaN,NaN,NaN,NaN,NaN,NaN,NaN,NaN,NaN,NaN,NaN,NaN,NaN,NaN,NaN,NaN,
26.946,0.01808,0.00519,0.13079,0.66195,-0.20061,0.17647,-0.70032,NaN,NaN,NaN,NaN,NaN,NaN,NaN,NaN,NaN,NaN,NaN,NaN,NaN,NaN,NaN,NaN,NaN,NaN,NaN,NaN,NaN,
26.971,0.01808,0.00516,0.13076,0.66215,-0.20059,0.17613,-0.70021,NaN,NaN,NaN,NaN,NaN,NaN,NaN,NaN,NaN,NaN,NaN,NaN,NaN,NaN,NaN,NaN,NaN,NaN,NaN,NaN,NaN,
26.996,0.01807,0.00520,0.13081,0.66237,-0.20109,0.17607,-0.69988,NaN,NaN,NaN,NaN,NaN,NaN,NaN,NaN,NaN,NaN,NaN,NaN,NaN,NaN,NaN,NaN,NaN,NaN,NaN,NaN,NaN,
27.021,0.01804,0.00529,0.13081,0.66313,-0.20186,0.17528,-0.69914,NaN,NaN,NaN,NaN,NaN,NaN,NaN,NaN,NaN,NaN,NaN,NaN,NaN,NaN,NaN,NaN,NaN,NaN,NaN,NaN,NaN,
27.046,0.01815,0.00559,0.13078,0.66433,-0.20286,0.17391,-0.69805,NaN,NaN,NaN,NaN,NaN,NaN,NaN,NaN,NaN,NaN,NaN,NaN,NaN,NaN,NaN,NaN,NaN,NaN,NaN,NaN,NaN,
27.071,0.01804,0.00562,0.13083,0.66556,-0.20466,0.17292,-0.69659,NaN,NaN,NaN,NaN,NaN,NaN,NaN,NaN,NaN,NaN,NaN,NaN,NaN,NaN,NaN,NaN,NaN,NaN,NaN,NaN,NaN,
27.096,0.01805,0.00571,0.13077,0.66664,-0.20573,0.17178,-0.69553,NaN,NaN,NaN,NaN,NaN,NaN,NaN,NaN,NaN,NaN,NaN,NaN,NaN,NaN,NaN,NaN,NaN,NaN,NaN,NaN,NaN,
27.121,0.01808,0.00591,0.13076,0.66770,-0.20697,0.17073,-0.69440,NaN,NaN,NaN,NaN,NaN,NaN,NaN,NaN,NaN,NaN,NaN,NaN,NaN,NaN,NaN,NaN,NaN,NaN,NaN,NaN,NaN,
27.146,0.01810,0.00612,0.13076,0.66876,-0.20811,0.16965,-0.69330,NaN,NaN,NaN,NaN,NaN,NaN,NaN,NaN,NaN,NaN,NaN,NaN,NaN,NaN,NaN,NaN,NaN,NaN,NaN,NaN,NaN,
27.171,0.01809,0.00627,0.13074,0.66991,-0.20920,0.16837,-0.69217,NaN,NaN,NaN,NaN,NaN,NaN,NaN,NaN,NaN,NaN,NaN,NaN,NaN,NaN,NaN,NaN,NaN,NaN,NaN,NaN,NaN,
27.196,0.01811,0.00646,0.13076,0.67105,-0.21072,0.16735,-0.69086,NaN,NaN,NaN,NaN,NaN,NaN,NaN,NaN,NaN,NaN,NaN,NaN,NaN,NaN,NaN,NaN,NaN,NaN,NaN,NaN,NaN,
27.221,0.01804,0.00652,0.13070,0.67205,-0.21138,0.16608,-0.68999,NaN,NaN,NaN,NaN,NaN,NaN,NaN,NaN,NaN,NaN,NaN,NaN,NaN,NaN,NaN,NaN,NaN,NaN,NaN,NaN,NaN,
27.246,0.01800,0.00663,0.13069,0.67327,-0.21272,0.16481,-0.68869,NaN,NaN,NaN,NaN,NaN,NaN,NaN,NaN,NaN,NaN,NaN,NaN,NaN,NaN,NaN,NaN,NaN,NaN,NaN,NaN,NaN,
27.271,0.01806,0.00692,0.13069,0.67455,-0.21426,0.16355,-0.68726,NaN,NaN,NaN,NaN,NaN,NaN,NaN,NaN,NaN,NaN,NaN,NaN,NaN,NaN,NaN,NaN,NaN,NaN,NaN,NaN,NaN,
27.296,0.01806,0.00703,0.13067,0.67543,-0.21523,0.16263,-0.68631,NaN,NaN,NaN,NaN,NaN,NaN,NaN,NaN,NaN,NaN,NaN,NaN,NaN,NaN,NaN,NaN,NaN,NaN,NaN,NaN,NaN,
27.321,0.01808,0.00713,0.13065,0.67575,-0.21559,0.16229,-0.68596,NaN,NaN,NaN,NaN,NaN,NaN,NaN,NaN,NaN,NaN,NaN,NaN,NaN,NaN,NaN,NaN,NaN,NaN,NaN,NaN,NaN,
27.346,0.01808,0.00717,0.13060,0.67624,-0.21616,0.16179,-0.68542,NaN,NaN,NaN,NaN,NaN,NaN,NaN,NaN,NaN,NaN,NaN,NaN,NaN,NaN,NaN,NaN,NaN,NaN,NaN,NaN,NaN,
27.371,0.01801,0.00720,0.13061,0.67683,-0.21719,0.16138,-0.68461,NaN,NaN,NaN,NaN,NaN,NaN,NaN,NaN,NaN,NaN,NaN,NaN,NaN,NaN,NaN,NaN,NaN,NaN,NaN,NaN,NaN,
27.396,0.01811,0.00752,0.13041,0.67784,-0.21757,0.15990,-0.68384,NaN,NaN,NaN,NaN,NaN,NaN,NaN,NaN,NaN,NaN,NaN,NaN,NaN,NaN,NaN,NaN,NaN,NaN,NaN,NaN,NaN,
27.421,0.01804,0.00754,0.13050,0.67864,-0.21958,0.15966,-0.68245,NaN,NaN,NaN,NaN,NaN,NaN,NaN,NaN,NaN,NaN,NaN,NaN,NaN,NaN,NaN,NaN,NaN,NaN,NaN,NaN,NaN,
27.446,0.01801,0.00760,0.13040,0.67925,-0.22009,0.15891,-0.68185,NaN,NaN,NaN,NaN,NaN,NaN,NaN,NaN,NaN,NaN,NaN,NaN,NaN,NaN,NaN,NaN,NaN,NaN,NaN,NaN,NaN,
27.471,0.01798,0.00773,0.13034,0.67992,-0.22050,0.15803,-0.68126,NaN,NaN,NaN,NaN,NaN,NaN,NaN,NaN,NaN,NaN,NaN,NaN,NaN,NaN,NaN,NaN,NaN,NaN,NaN,NaN,NaN,
27.496,0.01797,0.00783,0.13035,0.68083,-0.22187,0.15723,-0.68009,NaN,NaN,NaN,NaN,NaN,NaN,NaN,NaN,NaN,NaN,NaN,NaN,NaN,NaN,NaN,NaN,NaN,NaN,NaN,NaN,NaN,
27.521,0.01796,0.00797,0.13035,0.68153,-0.22293,0.15663,-0.67918,NaN,NaN,NaN,NaN,NaN,NaN,NaN,NaN,NaN,NaN,NaN,NaN,NaN,NaN,NaN,NaN,NaN,NaN,NaN,NaN,NaN,
27.546,0.01796,0.00804,0.13030,0.68205,-0.22336,0.15599,-0.67866,NaN,NaN,NaN,NaN,NaN,NaN,NaN,NaN,NaN,NaN,NaN,NaN,NaN,NaN,NaN,NaN,NaN,NaN,NaN,NaN,NaN,
27.571,0.01792,0.00816,0.13024,0.68298,-0.22432,0.15494,-0.67765,NaN,NaN,NaN,NaN,NaN,NaN,NaN,NaN,NaN,NaN,NaN,NaN,NaN,NaN,NaN,NaN,NaN,NaN,NaN,NaN,NaN,
27.596,0.01799,0.00839,0.13024,0.68400,-0.22577,0.15400,-0.67636,NaN,NaN,NaN,NaN,NaN,NaN,NaN,NaN,NaN,NaN,NaN,NaN,NaN,NaN,NaN,NaN,NaN,NaN,NaN,NaN,NaN,
27.621,0.01799,0.00852,0.13013,0.68490,-0.22615,0.15268,-0.67561,NaN,NaN,NaN,NaN,NaN,NaN,NaN,NaN,NaN,NaN,NaN,NaN,NaN,NaN,NaN,NaN,NaN,NaN,NaN,NaN,NaN,
27.646,0.01803,0.00866,0.13009,0.68540,-0.22674,0.15216,-0.67503,NaN,NaN,NaN,NaN,NaN,NaN,NaN,NaN,NaN,NaN,NaN,NaN,NaN,NaN,NaN,NaN,NaN,NaN,NaN,NaN,NaN,
27.671,0.01801,0.00875,0.13008,0.68565,-0.22728,0.15201,-0.67463,NaN,NaN,NaN,NaN,NaN,NaN,NaN,NaN,NaN,NaN,NaN,NaN,NaN,NaN,NaN,NaN,NaN,NaN,NaN,NaN,NaN,
27.696,0.01792,0.00872,0.13003,0.68634,-0.22804,0.15125,-0.67384,NaN,NaN,NaN,NaN,NaN,NaN,NaN,NaN,NaN,NaN,NaN,NaN,NaN,NaN,NaN,NaN,NaN,NaN,NaN,NaN,NaN,
27.721,0.01795,0.00880,0.13000,0.68649,-0.22833,0.15115,-0.67361,NaN,NaN,NaN,NaN,NaN,NaN,NaN,NaN,NaN,NaN,NaN,NaN,NaN,NaN,NaN,NaN,NaN,NaN,NaN,NaN,NaN,
27.746,0.01742,0.00859,0.13011,0.68767,-0.23047,0.15028,-0.67187,NaN,NaN,NaN,NaN,NaN,NaN,NaN,NaN,NaN,NaN,NaN,NaN,NaN,NaN,NaN,NaN,NaN,NaN,NaN,NaN,NaN,
27.771,0.01766,0.00909,0.12986,0.68955,-0.23167,0.14770,-0.67010,NaN,NaN,NaN,NaN,NaN,NaN,NaN,NaN,NaN,NaN,NaN,NaN,NaN,NaN,NaN,NaN,NaN,NaN,NaN,NaN,NaN,
27.796,0.01768,0.00933,0.12992,0.69089,-0.23411,0.14668,-0.66809,NaN,NaN,NaN,NaN,NaN,NaN,NaN,NaN,NaN,NaN,NaN,NaN,NaN,NaN,NaN,NaN,NaN,NaN,NaN,NaN,NaN,
27.821,0.01797,0.00973,0.12977,0.69163,-0.23463,0.14569,-0.66736,NaN,NaN,NaN,NaN,NaN,NaN,NaN,NaN,NaN,NaN,NaN,NaN,NaN,NaN,NaN,NaN,NaN,NaN,NaN,NaN,NaN,
27.846,0.01788,0.00979,0.12979,0.69248,-0.23608,0.14497,-0.66612,NaN,NaN,NaN,NaN,NaN,NaN,NaN,NaN,NaN,NaN,NaN,NaN,NaN,NaN,NaN,NaN,NaN,NaN,NaN,NaN,NaN,
27.871,0.01774,0.00997,0.12966,0.69379,-0.23733,0.14337,-0.66466,NaN,NaN,NaN,NaN,NaN,NaN,NaN,NaN,NaN,NaN,NaN,NaN,NaN,NaN,NaN,NaN,NaN,NaN,NaN,NaN,NaN,
27.896,0.01761,0.01010,0.12981,0.69505,-0.23988,0.14250,-0.66261,NaN,NaN,NaN,NaN,NaN,NaN,NaN,NaN,NaN,NaN,NaN,NaN,NaN,NaN,NaN,NaN,NaN,NaN,NaN,NaN,NaN,
27.921,0.01783,0.01051,0.12967,0.69549,-0.23825,0.14089,-0.66308,NaN,NaN,NaN,NaN,NaN,NaN,NaN,NaN,NaN,NaN,NaN,NaN,NaN,NaN,NaN,NaN,NaN,NaN,NaN,NaN,NaN,
27.946,0.01759,0.01037,0.12971,0.69617,-0.23919,0.14021,-0.66218,NaN,NaN,NaN,NaN,NaN,NaN,NaN,NaN,NaN,NaN,NaN,NaN,NaN,NaN,NaN,NaN,NaN,NaN,NaN,NaN,NaN,
27.971,0.01770,0.01055,0.12969,0.69652,-0.23977,0.13990,-0.66167,NaN,NaN,NaN,NaN,NaN,NaN,NaN,NaN,NaN,NaN,NaN,NaN,NaN,NaN,NaN,NaN,NaN,NaN,NaN,NaN,NaN,
27.996,0.01774,0.01058,0.12967,0.69667,-0.24002,0.13976,-0.66144,NaN,NaN,NaN,NaN,NaN,NaN,NaN,NaN,NaN,NaN,NaN,NaN,NaN,NaN,NaN,NaN,NaN,NaN,NaN,NaN,NaN,
28.021,0.01754,0.01049,0.12969,0.69690,-0.24050,0.13961,-0.66106,NaN,NaN,NaN,NaN,NaN,NaN,NaN,NaN,NaN,NaN,NaN,NaN,NaN,NaN,NaN,NaN,NaN,NaN,NaN,NaN,NaN,
28.046,0.01758,0.01061,0.12965,0.69729,-0.24077,0.13906,-0.66066,NaN,NaN,NaN,NaN,NaN,NaN,NaN,NaN,NaN,NaN,NaN,NaN,NaN,NaN,NaN,NaN,NaN,NaN,NaN,NaN,NaN,
28.071,0.01757,0.01075,0.12965,0.69797,-0.24188,0.13846,-0.65967,NaN,NaN,NaN,NaN,NaN,NaN,NaN,NaN,NaN,NaN,NaN,NaN,NaN,NaN,NaN,NaN,NaN,NaN,NaN,NaN,NaN,
28.096,0.01775,0.01099,0.12961,0.69873,-0.24302,0.13770,-0.65860,NaN,NaN,NaN,NaN,NaN,NaN,NaN,NaN,NaN,NaN,NaN,NaN,NaN,NaN,NaN,NaN,NaN,NaN,NaN,NaN,NaN,
28.121,0.01751,0.01091,0.12967,0.69956,-0.24415,0.13682,-0.65748,NaN,NaN,NaN,NaN,NaN,NaN,NaN,NaN,NaN,NaN,NaN,NaN,NaN,NaN,NaN,NaN,NaN,NaN,NaN,NaN,NaN,
28.146,0.01738,0.01107,0.12969,0.70036,-0.24458,0.13565,-0.65672,NaN,NaN,NaN,NaN,NaN,NaN,NaN,NaN,NaN,NaN,NaN,NaN,NaN,NaN,NaN,NaN,NaN,NaN,NaN,NaN,NaN,
28.171,0.01753,0.01130,0.12962,0.70101,-0.24463,0.13453,-0.65624,NaN,NaN,NaN,NaN,NaN,NaN,NaN,NaN,NaN,NaN,NaN,NaN,NaN,NaN,NaN,NaN,NaN,NaN,NaN,NaN,NaN,
28.196,0.01750,0.01134,0.12960,0.70112,-0.24478,0.13440,-0.65609,NaN,NaN,NaN,NaN,NaN,NaN,NaN,NaN,NaN,NaN,NaN,NaN,NaN,NaN,NaN,NaN,NaN,NaN,NaN,NaN,NaN,
28.221,0.01734,0.01130,0.12962,0.70124,-0.24510,0.13435,-0.65585,NaN,NaN,NaN,NaN,NaN,NaN,NaN,NaN,NaN,NaN,NaN,NaN,NaN,NaN,NaN,NaN,NaN,NaN,NaN,NaN,NaN,
28.246,0.01724,0.01126,0.12964,0.70156,-0.24539,0.13394,-0.65548,NaN,NaN,NaN,NaN,NaN,NaN,NaN,NaN,NaN,NaN,NaN,NaN,NaN,NaN,NaN,NaN,NaN,NaN,NaN,NaN,NaN,
28.271,0.01728,0.01132,0.12965,0.70151,-0.24529,0.13398,-0.65557,NaN,NaN,NaN,NaN,NaN,NaN,NaN,NaN,NaN,NaN,NaN,NaN,NaN,NaN,NaN,NaN,NaN,NaN,NaN,NaN,NaN,
28.296,0.01731,0.01138,0.12962,0.70136,-0.24486,0.13402,-0.65588,NaN,NaN,NaN,NaN,NaN,NaN,NaN,NaN,NaN,NaN,NaN,NaN,NaN,NaN,NaN,NaN,NaN,NaN,NaN,NaN,NaN,
28.321,0.01727,0.01129,0.12967,0.70111,-0.24483,0.13446,-0.65607,NaN,NaN,NaN,NaN,NaN,NaN,NaN,NaN,NaN,NaN,NaN,NaN,NaN,NaN,NaN,NaN,NaN,NaN,NaN,NaN,NaN,
28.346,0.01750,0.01136,0.12958,0.69974,-0.24286,0.13586,-0.65797,NaN,NaN,NaN,NaN,NaN,NaN,NaN,NaN,NaN,NaN,NaN,NaN,NaN,NaN,NaN,NaN,NaN,NaN,NaN,NaN,NaN,
28.371,0.01723,0.01103,0.12967,0.69789,-0.24079,0.13804,-0.66024,NaN,NaN,NaN,NaN,NaN,NaN,NaN,NaN,NaN,NaN,NaN,NaN,NaN,NaN,NaN,NaN,NaN,NaN,NaN,NaN,NaN,
28.396,0.01723,0.01097,0.12970,0.69693,-0.23990,0.13924,-0.66132,NaN,NaN,NaN,NaN,NaN,NaN,NaN,NaN,NaN,NaN,NaN,NaN,NaN,NaN,NaN,NaN,NaN,NaN,NaN,NaN,NaN,
28.421,0.01731,0.01107,0.12962,0.69601,-0.23780,0.13977,-0.66294,NaN,NaN,NaN,NaN,NaN,NaN,NaN,NaN,NaN,NaN,NaN,NaN,NaN,NaN,NaN,NaN,NaN,NaN,NaN,NaN,NaN,
28.446,0.01711,0.01097,0.12966,0.69614,-0.23730,0.13928,-0.66308,NaN,NaN,NaN,NaN,NaN,NaN,NaN,NaN,NaN,NaN,NaN,NaN,NaN,NaN,NaN,NaN,NaN,NaN,NaN,NaN,NaN,
28.471,0.01721,0.01120,0.12964,0.69622,-0.23714,0.13907,-0.66310,NaN,NaN,NaN,NaN,NaN,NaN,NaN,NaN,NaN,NaN,NaN,NaN,NaN,NaN,NaN,NaN,NaN,NaN,NaN,NaN,NaN,
28.496,0.01715,0.01116,0.12964,0.69531,-0.23548,0.13977,-0.66449,NaN,NaN,NaN,NaN,NaN,NaN,NaN,NaN,NaN,NaN,NaN,NaN,NaN,NaN,NaN,NaN,NaN,NaN,NaN,NaN,NaN,
28.521,0.01678,0.01081,0.12969,0.69502,-0.23493,0.13998,-0.66495,NaN,NaN,NaN,NaN,NaN,NaN,NaN,NaN,NaN,NaN,NaN,NaN,NaN,NaN,NaN,NaN,NaN,NaN,NaN,NaN,NaN,
28.546,0.01691,0.01107,0.12963,0.69517,-0.23509,0.13981,-0.66477,NaN,NaN,NaN,NaN,NaN,NaN,NaN,NaN,NaN,NaN,NaN,NaN,NaN,NaN,NaN,NaN,NaN,NaN,NaN,NaN,NaN,
28.571,0.01703,0.01129,0.12965,0.69520,-0.23513,0.13979,-0.66473,NaN,NaN,NaN,NaN,NaN,NaN,NaN,NaN,NaN,NaN,NaN,NaN,NaN,NaN,NaN,NaN,NaN,NaN,NaN,NaN,NaN,
28.596,0.01692,0.01132,0.12964,0.69603,-0.23573,0.13865,-0.66388,NaN,NaN,NaN,NaN,NaN,NaN,NaN,NaN,NaN,NaN,NaN,NaN,NaN,NaN,NaN,NaN,NaN,NaN,NaN,NaN,NaN,
28.621,0.01687,0.01149,0.12962,0.69707,-0.23621,0.13710,-0.66295,NaN,NaN,NaN,NaN,NaN,NaN,NaN,NaN,NaN,NaN,NaN,NaN,NaN,NaN,NaN,NaN,NaN,NaN,NaN,NaN,NaN,
28.646,0.01679,0.01171,0.12960,0.69784,-0.23660,0.13595,-0.66224,NaN,NaN,NaN,NaN,NaN,NaN,NaN,NaN,NaN,NaN,NaN,NaN,NaN,NaN,NaN,NaN,NaN,NaN,NaN,NaN,NaN,
28.671,0.01664,0.01179,0.12958,0.69881,-0.23728,0.13460,-0.66124,NaN,NaN,NaN,NaN,NaN,NaN,NaN,NaN,NaN,NaN,NaN,NaN,NaN,NaN,NaN,NaN,NaN,NaN,NaN,NaN,NaN,
28.696,0.01655,0.01192,0.12957,0.69966,-0.23816,0.13357,-0.66024,NaN,NaN,NaN,NaN,NaN,NaN,NaN,NaN,NaN,NaN,NaN,NaN,NaN,NaN,NaN,NaN,NaN,NaN,NaN,NaN,NaN,
28.721,0.01651,0.01205,0.12954,0.70026,-0.23848,0.13268,-0.65967,NaN,NaN,NaN,NaN,NaN,NaN,NaN,NaN,NaN,NaN,NaN,NaN,NaN,NaN,NaN,NaN,NaN,NaN,NaN,NaN,NaN,
28.746,0.01653,0.01220,0.12953,0.70033,-0.23779,0.13221,-0.65994,NaN,NaN,NaN,NaN,NaN,NaN,NaN,NaN,NaN,NaN,NaN,NaN,NaN,NaN,NaN,NaN,NaN,NaN,NaN,NaN,NaN,
28.771,0.01645,0.01236,0.12967,0.70071,-0.23884,0.13207,-0.65918,NaN,NaN,NaN,NaN,NaN,NaN,NaN,NaN,NaN,NaN,NaN,NaN,NaN,NaN,NaN,NaN,NaN,NaN,NaN,NaN,NaN,
28.796,0.01630,0.01243,0.12960,0.70175,-0.23901,0.13033,-0.65836,NaN,NaN,NaN,NaN,NaN,NaN,NaN,NaN,NaN,NaN,NaN,NaN,NaN,NaN,NaN,NaN,NaN,NaN,NaN,NaN,NaN,
28.821,0.01633,0.01270,0.12954,0.70251,-0.23940,0.12918,-0.65763,NaN,NaN,NaN,NaN,NaN,NaN,NaN,NaN,NaN,NaN,NaN,NaN,NaN,NaN,NaN,NaN,NaN,NaN,NaN,NaN,NaN,
28.846,0.01611,0.01270,0.12957,0.70329,-0.23986,0.12804,-0.65686,NaN,NaN,NaN,NaN,NaN,NaN,NaN,NaN,NaN,NaN,NaN,NaN,NaN,NaN,NaN,NaN,NaN,NaN,NaN,NaN,NaN,
28.871,0.01611,0.01270,0.12957,0.70329,-0.23986,0.12804,-0.65686,NaN,NaN,NaN,NaN,NaN,NaN,NaN,NaN,NaN,NaN,NaN,NaN,NaN,NaN,NaN,NaN,NaN,NaN,NaN,NaN,NaN,
28.896,0.01602,0.01290,0.12958,0.70365,-0.23926,0.12707,-0.65687,NaN,NaN,NaN,NaN,NaN,NaN,NaN,NaN,NaN,NaN,NaN,NaN,NaN,NaN,NaN,NaN,NaN,NaN,NaN,NaN,NaN,
28.921,0.01598,0.01295,0.12954,0.70384,-0.23910,0.12665,-0.65681,NaN,NaN,NaN,NaN,NaN,NaN,NaN,NaN,NaN,NaN,NaN,NaN,NaN,NaN,NaN,NaN,NaN,NaN,NaN,NaN,NaN,
28.946,0.01582,0.01300,0.12963,0.70429,-0.23970,0.12616,-0.65620,NaN,NaN,NaN,NaN,NaN,NaN,NaN,NaN,NaN,NaN,NaN,NaN,NaN,NaN,NaN,NaN,NaN,NaN,NaN,NaN,NaN,
28.971,0.01590,0.01324,0.12958,0.70499,-0.24000,0.12507,-0.65555,NaN,NaN,NaN,NaN,NaN,NaN,NaN,NaN,NaN,NaN,NaN,NaN,NaN,NaN,NaN,NaN,NaN,NaN,NaN,NaN,NaN,
28.996,0.01576,0.01332,0.12957,0.70584,-0.24079,0.12397,-0.65456,NaN,NaN,NaN,NaN,NaN,NaN,NaN,NaN,NaN,NaN,NaN,NaN,NaN,NaN,NaN,NaN,NaN,NaN,NaN,NaN,NaN,
29.021,0.01585,0.01347,0.12952,0.70600,-0.24044,0.12350,-0.65460,NaN,NaN,NaN,NaN,NaN,NaN,NaN,NaN,NaN,NaN,NaN,NaN,NaN,NaN,NaN,NaN,NaN,NaN,NaN,NaN,NaN,
29.046,0.01552,0.01328,0.12960,0.70575,-0.23969,0.12355,-0.65514,NaN,NaN,NaN,NaN,NaN,NaN,NaN,NaN,NaN,NaN,NaN,NaN,NaN,NaN,NaN,NaN,NaN,NaN,NaN,NaN,NaN,
29.071,0.01571,0.01345,0.12947,0.70487,-0.23752,0.12399,-0.65678,NaN,NaN,NaN,NaN,NaN,NaN,NaN,NaN,NaN,NaN,NaN,NaN,NaN,NaN,NaN,NaN,NaN,NaN,NaN,NaN,NaN,
29.096,0.01518,0.01300,0.12976,0.70346,-0.23561,0.12550,-0.65869,NaN,NaN,NaN,NaN,NaN,NaN,NaN,NaN,NaN,NaN,NaN,NaN,NaN,NaN,NaN,NaN,NaN,NaN,NaN,NaN,NaN,
29.121,0.01559,0.01329,0.12974,0.70202,-0.23287,0.12663,-0.66099,NaN,NaN,NaN,NaN,NaN,NaN,NaN,NaN,NaN,NaN,NaN,NaN,NaN,NaN,NaN,NaN,NaN,NaN,NaN,NaN,NaN,
29.146,0.01542,0.01315,0.12980,0.70136,-0.23162,0.12712,-0.66203,NaN,NaN,NaN,NaN,NaN,NaN,NaN,NaN,NaN,NaN,NaN,NaN,NaN,NaN,NaN,NaN,NaN,NaN,NaN,NaN,NaN,
29.171,0.01542,0.01321,0.12986,0.70129,-0.23122,0.12704,-0.66227,NaN,NaN,NaN,NaN,NaN,NaN,NaN,NaN,NaN,NaN,NaN,NaN,NaN,NaN,NaN,NaN,NaN,NaN,NaN,NaN,NaN,
29.196,0.01534,0.01326,0.12988,0.70161,-0.23134,0.12653,-0.66198,NaN,NaN,NaN,NaN,NaN,NaN,NaN,NaN,NaN,NaN,NaN,NaN,NaN,NaN,NaN,NaN,NaN,NaN,NaN,NaN,NaN,
29.221,0.01532,0.01334,0.12983,0.70161,-0.23043,0.12604,-0.66239,NaN,NaN,NaN,NaN,NaN,NaN,NaN,NaN,NaN,NaN,NaN,NaN,NaN,NaN,NaN,NaN,NaN,NaN,NaN,NaN,NaN,
29.246,0.01503,0.01318,0.13004,0.70097,-0.22947,0.12666,-0.66328,NaN,NaN,NaN,NaN,NaN,NaN,NaN,NaN,NaN,NaN,NaN,NaN,NaN,NaN,NaN,NaN,NaN,NaN,NaN,NaN,NaN,
29.271,0.01517,0.01334,0.13004,0.70062,-0.22827,0.12663,-0.66407,NaN,NaN,NaN,NaN,NaN,NaN,NaN,NaN,NaN,NaN,NaN,NaN,NaN,NaN,NaN,NaN,NaN,NaN,NaN,NaN,NaN,
29.296,0.01517,0.01347,0.13009,0.70098,-0.22866,0.12621,-0.66363,NaN,NaN,NaN,NaN,NaN,NaN,NaN,NaN,NaN,NaN,NaN,NaN,NaN,NaN,NaN,NaN,NaN,NaN,NaN,NaN,NaN,
29.321,0.01501,0.01357,0.13003,0.70235,-0.22944,0.12419,-0.66230,NaN,NaN,NaN,NaN,NaN,NaN,NaN,NaN,NaN,NaN,NaN,NaN,NaN,NaN,NaN,NaN,NaN,NaN,NaN,NaN,NaN,
29.346,0.01495,0.01380,0.13010,0.70348,-0.23059,0.12279,-0.66095,NaN,NaN,NaN,NaN,NaN,NaN,NaN,NaN,NaN,NaN,NaN,NaN,NaN,NaN,NaN,NaN,NaN,NaN,NaN,NaN,NaN,
29.371,0.01496,0.01405,0.13006,0.70487,-0.23193,0.12102,-0.65933,NaN,NaN,NaN,NaN,NaN,NaN,NaN,NaN,NaN,NaN,NaN,NaN,NaN,NaN,NaN,NaN,NaN,NaN,NaN,NaN,NaN,
29.396,0.01479,0.01416,0.13003,0.70588,-0.23240,0.11947,-0.65837,NaN,NaN,NaN,NaN,NaN,NaN,NaN,NaN,NaN,NaN,NaN,NaN,NaN,NaN,NaN,NaN,NaN,NaN,NaN,NaN,NaN,
29.421,0.01467,0.01425,0.13004,0.70641,-0.23255,0.11859,-0.65791,NaN,NaN,NaN,NaN,NaN,NaN,NaN,NaN,NaN,NaN,NaN,NaN,NaN,NaN,NaN,NaN,NaN,NaN,NaN,NaN,NaN,
29.446,0.01449,0.01423,0.13006,0.70679,-0.23281,0.11804,-0.65750,NaN,NaN,NaN,NaN,NaN,NaN,NaN,NaN,NaN,NaN,NaN,NaN,NaN,NaN,NaN,NaN,NaN,NaN,NaN,NaN,NaN,
29.471,0.01467,0.01441,0.13001,0.70678,-0.23271,0.11801,-0.65756,NaN,NaN,NaN,NaN,NaN,NaN,NaN,NaN,NaN,NaN,NaN,NaN,NaN,NaN,NaN,NaN,NaN,NaN,NaN,NaN,NaN,
29.496,0.01446,0.01430,0.13003,0.70664,-0.23193,0.11784,-0.65801,NaN,NaN,NaN,NaN,NaN,NaN,NaN,NaN,NaN,NaN,NaN,NaN,NaN,NaN,NaN,NaN,NaN,NaN,NaN,NaN,NaN,
29.521,0.01442,0.01439,0.13007,0.70696,-0.23216,0.11739,-0.65767,NaN,NaN,NaN,NaN,NaN,NaN,NaN,NaN,NaN,NaN,NaN,NaN,NaN,NaN,NaN,NaN,NaN,NaN,NaN,NaN,NaN,
29.546,0.01439,0.01447,0.13007,0.70743,-0.23185,0.11637,-0.65745,NaN,NaN,NaN,NaN,NaN,NaN,NaN,NaN,NaN,NaN,NaN,NaN,NaN,NaN,NaN,NaN,NaN,NaN,NaN,NaN,NaN,
29.571,0.01425,0.01444,0.13000,0.70776,-0.23147,0.11556,-0.65737,NaN,NaN,NaN,NaN,NaN,NaN,NaN,NaN,NaN,NaN,NaN,NaN,NaN,NaN,NaN,NaN,NaN,NaN,NaN,NaN,NaN,
29.596,0.01434,0.01452,0.12998,0.70782,-0.23191,0.11570,-0.65713,NaN,NaN,NaN,NaN,NaN,NaN,NaN,NaN,NaN,NaN,NaN,NaN,NaN,NaN,NaN,NaN,NaN,NaN,NaN,NaN,NaN,
29.621,0.01427,0.01448,0.12995,0.70788,-0.23185,0.11556,-0.65711,NaN,NaN,NaN,NaN,NaN,NaN,NaN,NaN,NaN,NaN,NaN,NaN,NaN,NaN,NaN,NaN,NaN,NaN,NaN,NaN,NaN,
29.646,0.01429,0.01451,0.12994,0.70779,-0.23186,0.11572,-0.65717,NaN,NaN,NaN,NaN,NaN,NaN,NaN,NaN,NaN,NaN,NaN,NaN,NaN,NaN,NaN,NaN,NaN,NaN,NaN,NaN,NaN,
29.671,0.01433,0.01454,0.12993,0.70758,-0.23161,0.11597,-0.65745,NaN,NaN,NaN,NaN,NaN,NaN,NaN,NaN,NaN,NaN,NaN,NaN,NaN,NaN,NaN,NaN,NaN,NaN,NaN,NaN,NaN,
29.696,0.01420,0.01441,0.12996,0.70733,-0.23103,0.11612,-0.65790,NaN,NaN,NaN,NaN,NaN,NaN,NaN,NaN,NaN,NaN,NaN,NaN,NaN,NaN,NaN,NaN,NaN,NaN,NaN,NaN,NaN,
29.721,0.01426,0.01443,0.12994,0.70692,-0.23039,0.11651,-0.65849,NaN,NaN,NaN,NaN,NaN,NaN,NaN,NaN,NaN,NaN,NaN,NaN,NaN,NaN,NaN,NaN,NaN,NaN,NaN,NaN,NaN,
29.746,0.01419,0.01435,0.12998,0.70666,-0.23010,0.11683,-0.65882,NaN,NaN,NaN,NaN,NaN,NaN,NaN,NaN,NaN,NaN,NaN,NaN,NaN,NaN,NaN,NaN,NaN,NaN,NaN,NaN,NaN,
29.771,0.01423,0.01437,0.12995,0.70658,-0.22979,0.11680,-0.65902,NaN,NaN,NaN,NaN,NaN,NaN,NaN,NaN,NaN,NaN,NaN,NaN,NaN,NaN,NaN,NaN,NaN,NaN,NaN,NaN,NaN,
29.796,0.01426,0.01440,0.12998,0.70654,-0.23006,0.11701,-0.65892,NaN,NaN,NaN,NaN,NaN,NaN,NaN,NaN,NaN,NaN,NaN,NaN,NaN,NaN,NaN,NaN,NaN,NaN,NaN,NaN,NaN,
29.821,0.01426,0.01441,0.12993,0.70659,-0.22986,0.11682,-0.65898,NaN,NaN,NaN,NaN,NaN,NaN,NaN,NaN,NaN,NaN,NaN,NaN,NaN,NaN,NaN,NaN,NaN,NaN,NaN,NaN,NaN,
29.846,0.01430,0.01441,0.12996,0.70643,-0.22992,0.11713,-0.65907,NaN,NaN,NaN,NaN,NaN,NaN,NaN,NaN,NaN,NaN,NaN,NaN,NaN,NaN,NaN,NaN,NaN,NaN,NaN,NaN,NaN,
29.871,0.01433,0.01442,0.12994,0.70613,-0.22946,0.11744,-0.65950,NaN,NaN,NaN,NaN,NaN,NaN,NaN,NaN,NaN,NaN,NaN,NaN,NaN,NaN,NaN,NaN,NaN,NaN,NaN,NaN,NaN,
29.896,0.01425,0.01433,0.12996,0.70594,-0.22905,0.11755,-0.65982,NaN,NaN,NaN,NaN,NaN,NaN,NaN,NaN,NaN,NaN,NaN,NaN,NaN,NaN,NaN,NaN,NaN,NaN,NaN,NaN,NaN,
29.921,0.01435,0.01439,0.12993,0.70573,-0.22869,0.11774,-0.66014,NaN,NaN,NaN,NaN,NaN,NaN,NaN,NaN,NaN,NaN,NaN,NaN,NaN,NaN,NaN,NaN,NaN,NaN,NaN,NaN,NaN,
29.946,0.01422,0.01427,0.12997,0.70554,-0.22850,0.11797,-0.66036,NaN,NaN,NaN,NaN,NaN,NaN,NaN,NaN,NaN,NaN,NaN,NaN,NaN,NaN,NaN,NaN,NaN,NaN,NaN,NaN,NaN,
29.971,0.01425,0.01427,0.12989,0.70535,-0.22779,0.11793,-0.66082,NaN,NaN,NaN,NaN,NaN,NaN,NaN,NaN,NaN,NaN,NaN,NaN,NaN,NaN,NaN,NaN,NaN,NaN,NaN,NaN,NaN,
29.996,0.01429,0.01424,0.12998,0.70476,-0.22753,0.11886,-0.66138,NaN,NaN,NaN,NaN,NaN,NaN,NaN,NaN,NaN,NaN,NaN,NaN,NaN,NaN,NaN,NaN,NaN,NaN,NaN,NaN,NaN,
30.021,0.01428,0.01415,0.12994,0.70428,-0.22649,0.11915,-0.66219,NaN,NaN,NaN,NaN,NaN,NaN,NaN,NaN,NaN,NaN,NaN,NaN,NaN,NaN,NaN,NaN,NaN,NaN,NaN,NaN,NaN,
30.046,0.01433,0.01414,0.12998,0.70391,-0.22616,0.11962,-0.66260,NaN,NaN,NaN,NaN,NaN,NaN,NaN,NaN,NaN,NaN,NaN,NaN,NaN,NaN,NaN,NaN,NaN,NaN,NaN,NaN,NaN,
30.071,0.01433,0.01411,0.12995,0.70365,-0.22558,0.11978,-0.66306,NaN,NaN,NaN,NaN,NaN,NaN,NaN,NaN,NaN,NaN,NaN,NaN,NaN,NaN,NaN,NaN,NaN,NaN,NaN,NaN,NaN,
30.096,0.01430,0.01407,0.12999,0.70334,-0.22528,0.12018,-0.66342,NaN,NaN,NaN,NaN,NaN,NaN,NaN,NaN,NaN,NaN,NaN,NaN,NaN,NaN,NaN,NaN,NaN,NaN,NaN,NaN,NaN,
30.121,0.01430,0.01405,0.12997,0.70336,-0.22519,0.12009,-0.66344,NaN,NaN,NaN,NaN,NaN,NaN,NaN,NaN,NaN,NaN,NaN,NaN,NaN,NaN,NaN,NaN,NaN,NaN,NaN,NaN,NaN,
30.146,0.01432,0.01407,0.12993,0.70330,-0.22492,0.12003,-0.66360,NaN,NaN,NaN,NaN,NaN,NaN,NaN,NaN,NaN,NaN,NaN,NaN,NaN,NaN,NaN,NaN,NaN,NaN,NaN,NaN,NaN,
30.171,0.01428,0.01401,0.12992,0.70320,-0.22471,0.12011,-0.66377,NaN,NaN,NaN,NaN,NaN,NaN,NaN,NaN,NaN,NaN,NaN,NaN,NaN,NaN,NaN,NaN,NaN,NaN,NaN,NaN,NaN,
30.196,0.01430,0.01396,0.12995,0.70266,-0.22402,0.12070,-0.66447,NaN,NaN,NaN,NaN,NaN,NaN,NaN,NaN,NaN,NaN,NaN,NaN,NaN,NaN,NaN,NaN,NaN,NaN,NaN,NaN,NaN,
30.221,0.01435,0.01394,0.12994,0.70212,-0.22328,0.12125,-0.66518,NaN,NaN,NaN,NaN,NaN,NaN,NaN,NaN,NaN,NaN,NaN,NaN,NaN,NaN,NaN,NaN,NaN,NaN,NaN,NaN,NaN,
30.246,0.01432,0.01378,0.12999,0.70156,-0.22265,0.12189,-0.66587,NaN,NaN,NaN,NaN,NaN,NaN,NaN,NaN,NaN,NaN,NaN,NaN,NaN,NaN,NaN,NaN,NaN,NaN,NaN,NaN,NaN,
30.271,0.01450,0.01378,0.12995,0.70071,-0.22125,0.12265,-0.66709,NaN,NaN,NaN,NaN,NaN,NaN,NaN,NaN,NaN,NaN,NaN,NaN,NaN,NaN,NaN,NaN,NaN,NaN,NaN,NaN,NaN,
30.296,0.01439,0.01358,0.13001,0.69989,-0.22008,0.12346,-0.66819,NaN,NaN,NaN,NaN,NaN,NaN,NaN,NaN,NaN,NaN,NaN,NaN,NaN,NaN,NaN,NaN,NaN,NaN,NaN,NaN,NaN,
30.321,0.01445,0.01349,0.12997,0.69927,-0.21894,0.12392,-0.66912,NaN,NaN,NaN,NaN,NaN,NaN,NaN,NaN,NaN,NaN,NaN,NaN,NaN,NaN,NaN,NaN,NaN,NaN,NaN,NaN,NaN,
30.346,0.01436,0.01333,0.13001,0.69848,-0.21783,0.12471,-0.67017,NaN,NaN,NaN,NaN,NaN,NaN,NaN,NaN,NaN,NaN,NaN,NaN,NaN,NaN,NaN,NaN,NaN,NaN,NaN,NaN,NaN,
30.371,0.01439,0.01323,0.13001,0.69761,-0.21662,0.12557,-0.67130,NaN,NaN,NaN,NaN,NaN,NaN,NaN,NaN,NaN,NaN,NaN,NaN,NaN,NaN,NaN,NaN,NaN,NaN,NaN,NaN,NaN,
30.396,0.01437,0.01305,0.13003,0.69669,-0.21513,0.12635,-0.67259,NaN,NaN,NaN,NaN,NaN,NaN,NaN,NaN,NaN,NaN,NaN,NaN,NaN,NaN,NaN,NaN,NaN,NaN,NaN,NaN,NaN,
30.421,0.01442,0.01292,0.13007,0.69592,-0.21416,0.12717,-0.67354,NaN,NaN,NaN,NaN,NaN,NaN,NaN,NaN,NaN,NaN,NaN,NaN,NaN,NaN,NaN,NaN,NaN,NaN,NaN,NaN,NaN,
30.446,0.01448,0.01285,0.13007,0.69525,-0.21320,0.12779,-0.67442,NaN,NaN,NaN,NaN,NaN,NaN,NaN,NaN,NaN,NaN,NaN,NaN,NaN,NaN,NaN,NaN,NaN,NaN,NaN,NaN,NaN,
30.471,0.01451,0.01280,0.13009,0.69479,-0.21271,0.12833,-0.67495,NaN,NaN,NaN,NaN,NaN,NaN,NaN,NaN,NaN,NaN,NaN,NaN,NaN,NaN,NaN,NaN,NaN,NaN,NaN,NaN,NaN,
30.496,0.01448,0.01265,0.13014,0.69443,-0.21244,0.12880,-0.67531,NaN,NaN,NaN,NaN,NaN,NaN,NaN,NaN,NaN,NaN,NaN,NaN,NaN,NaN,NaN,NaN,NaN,NaN,NaN,NaN,NaN,
30.521,0.01462,0.01263,0.13007,0.69387,-0.21113,0.12905,-0.67625,NaN,NaN,NaN,NaN,NaN,NaN,NaN,NaN,NaN,NaN,NaN,NaN,NaN,NaN,NaN,NaN,NaN,NaN,NaN,NaN,NaN,
30.546,0.01456,0.01248,0.13011,0.69337,-0.21068,0.12966,-0.67678,NaN,NaN,NaN,NaN,NaN,NaN,NaN,NaN,NaN,NaN,NaN,NaN,NaN,NaN,NaN,NaN,NaN,NaN,NaN,NaN,NaN,
30.571,0.01477,0.01247,0.12993,0.69230,-0.20902,0.13059,-0.67822,NaN,NaN,NaN,NaN,NaN,NaN,NaN,NaN,NaN,NaN,NaN,NaN,NaN,NaN,NaN,NaN,NaN,NaN,NaN,NaN,NaN,
30.596,0.01466,0.01214,0.13010,0.69145,-0.20987,0.13256,-0.67844,NaN,NaN,NaN,NaN,NaN,NaN,NaN,NaN,NaN,NaN,NaN,NaN,NaN,NaN,NaN,NaN,NaN,NaN,NaN,NaN,NaN,
30.621,0.01479,0.01214,0.13009,0.69102,-0.20935,0.13300,-0.67895,NaN,NaN,NaN,NaN,NaN,NaN,NaN,NaN,NaN,NaN,NaN,NaN,NaN,NaN,NaN,NaN,NaN,NaN,NaN,NaN,NaN,
30.646,0.01488,0.01215,0.13007,0.69071,-0.20873,0.13319,-0.67942,NaN,NaN,NaN,NaN,NaN,NaN,NaN,NaN,NaN,NaN,NaN,NaN,NaN,NaN,NaN,NaN,NaN,NaN,NaN,NaN,NaN,
30.671,0.01484,0.01203,0.13012,0.69028,-0.20863,0.13388,-0.67976,NaN,NaN,NaN,NaN,NaN,NaN,NaN,NaN,NaN,NaN,NaN,NaN,NaN,NaN,NaN,NaN,NaN,NaN,NaN,NaN,NaN,
30.696,0.01490,0.01191,0.13012,0.68958,-0.20796,0.13471,-0.68051,NaN,NaN,NaN,NaN,NaN,NaN,NaN,NaN,NaN,NaN,NaN,NaN,NaN,NaN,NaN,NaN,NaN,NaN,NaN,NaN,NaN,
30.721,0.01510,0.01189,0.13005,0.68846,-0.20703,0.13611,-0.68164,NaN,NaN,NaN,NaN,NaN,NaN,NaN,NaN,NaN,NaN,NaN,NaN,NaN,NaN,NaN,NaN,NaN,NaN,NaN,NaN,NaN,
30.746,0.01508,0.01169,0.13009,0.68750,-0.20641,0.13740,-0.68253,NaN,NaN,NaN,NaN,NaN,NaN,NaN,NaN,NaN,NaN,NaN,NaN,NaN,NaN,NaN,NaN,NaN,NaN,NaN,NaN,NaN,
30.771,0.01501,0.01152,0.13007,0.68682,-0.20512,0.13784,-0.68353,NaN,NaN,NaN,NaN,NaN,NaN,NaN,NaN,NaN,NaN,NaN,NaN,NaN,NaN,NaN,NaN,NaN,NaN,NaN,NaN,NaN,
30.796,0.01505,0.01147,0.13009,0.68620,-0.20451,0.13855,-0.68418,NaN,NaN,NaN,NaN,NaN,NaN,NaN,NaN,NaN,NaN,NaN,NaN,NaN,NaN,NaN,NaN,NaN,NaN,NaN,NaN,NaN,
30.821,0.01510,0.01138,0.13005,0.68555,-0.20388,0.13930,-0.68487,NaN,NaN,NaN,NaN,NaN,NaN,NaN,NaN,NaN,NaN,NaN,NaN,NaN,NaN,NaN,NaN,NaN,NaN,NaN,NaN,NaN,
30.846,0.01515,0.01129,0.13013,0.68492,-0.20432,0.14063,-0.68510,NaN,NaN,NaN,NaN,NaN,NaN,NaN,NaN,NaN,NaN,NaN,NaN,NaN,NaN,NaN,NaN,NaN,NaN,NaN,NaN,NaN,
30.871,0.01523,0.01124,0.13011,0.68458,-0.20406,0.14106,-0.68543,NaN,NaN,NaN,NaN,NaN,NaN,NaN,NaN,NaN,NaN,NaN,NaN,NaN,NaN,NaN,NaN,NaN,NaN,NaN,NaN,NaN,
30.896,0.01520,0.01107,0.13019,0.68389,-0.20361,0.14199,-0.68606,NaN,NaN,NaN,NaN,NaN,NaN,NaN,NaN,NaN,NaN,NaN,NaN,NaN,NaN,NaN,NaN,NaN,NaN,NaN,NaN,NaN,
30.921,0.01546,0.01113,0.13009,0.68271,-0.20225,0.14321,-0.68739,NaN,NaN,NaN,NaN,NaN,NaN,NaN,NaN,NaN,NaN,NaN,NaN,NaN,NaN,NaN,NaN,NaN,NaN,NaN,NaN,NaN,
30.946,0.01537,0.01092,0.13008,0.68236,-0.20214,0.14374,-0.68765,NaN,NaN,NaN,NaN,NaN,NaN,NaN,NaN,NaN,NaN,NaN,NaN,NaN,NaN,NaN,NaN,NaN,NaN,NaN,NaN,NaN,
30.971,0.01539,0.01086,0.13008,0.68210,-0.20184,0.14400,-0.68794,NaN,NaN,NaN,NaN,NaN,NaN,NaN,NaN,NaN,NaN,NaN,NaN,NaN,NaN,NaN,NaN,NaN,NaN,NaN,NaN,NaN,
30.996,0.01539,0.01078,0.13008,0.68174,-0.20164,0.14451,-0.68825,NaN,NaN,NaN,NaN,NaN,NaN,NaN,NaN,NaN,NaN,NaN,NaN,NaN,NaN,NaN,NaN,NaN,NaN,NaN,NaN,NaN,
31.021,0.01550,0.01074,0.13002,0.68111,-0.20093,0.14515,-0.68894,NaN,NaN,NaN,NaN,NaN,NaN,NaN,NaN,NaN,NaN,NaN,NaN,NaN,NaN,NaN,NaN,NaN,NaN,NaN,NaN,NaN,
31.046,0.01552,0.01064,0.13008,0.68076,-0.20171,0.14619,-0.68884,NaN,NaN,NaN,NaN,NaN,NaN,NaN,NaN,NaN,NaN,NaN,NaN,NaN,NaN,NaN,NaN,NaN,NaN,NaN,NaN,NaN,
31.071,0.01560,0.01065,0.13004,0.68050,-0.20131,0.14640,-0.68917,NaN,NaN,NaN,NaN,NaN,NaN,NaN,NaN,NaN,NaN,NaN,NaN,NaN,NaN,NaN,NaN,NaN,NaN,NaN,NaN,NaN,
31.096,0.01557,0.01059,0.13005,0.68047,-0.20134,0.14647,-0.68918,NaN,NaN,NaN,NaN,NaN,NaN,NaN,NaN,NaN,NaN,NaN,NaN,NaN,NaN,NaN,NaN,NaN,NaN,NaN,NaN,NaN,
31.121,0.01564,0.01063,0.13003,0.68022,-0.20098,0.14669,-0.68948,NaN,NaN,NaN,NaN,NaN,NaN,NaN,NaN,NaN,NaN,NaN,NaN,NaN,NaN,NaN,NaN,NaN,NaN,NaN,NaN,NaN,
31.146,0.01557,0.01049,0.13005,0.67985,-0.20046,0.14701,-0.68993,NaN,NaN,NaN,NaN,NaN,NaN,NaN,NaN,NaN,NaN,NaN,NaN,NaN,NaN,NaN,NaN,NaN,NaN,NaN,NaN,NaN,
31.171,0.01563,0.01050,0.13003,0.67951,-0.20004,0.14735,-0.69032,NaN,NaN,NaN,NaN,NaN,NaN,NaN,NaN,NaN,NaN,NaN,NaN,NaN,NaN,NaN,NaN,NaN,NaN,NaN,NaN,NaN,
31.196,0.01563,0.01044,0.13005,0.67911,-0.19993,0.14796,-0.69062,NaN,NaN,NaN,NaN,NaN,NaN,NaN,NaN,NaN,NaN,NaN,NaN,NaN,NaN,NaN,NaN,NaN,NaN,NaN,NaN,NaN,
31.221,0.01564,0.01033,0.12999,0.67866,-0.19931,0.14837,-0.69115,NaN,NaN,NaN,NaN,NaN,NaN,NaN,NaN,NaN,NaN,NaN,NaN,NaN,NaN,NaN,NaN,NaN,NaN,NaN,NaN,NaN,
31.246,0.01564,0.01025,0.13002,0.67818,-0.19930,0.14916,-0.69145,NaN,NaN,NaN,NaN,NaN,NaN,NaN,NaN,NaN,NaN,NaN,NaN,NaN,NaN,NaN,NaN,NaN,NaN,NaN,NaN,NaN,
31.271,0.01575,0.01026,0.13001,0.67776,-0.19909,0.14974,-0.69179,NaN,NaN,NaN,NaN,NaN,NaN,NaN,NaN,NaN,NaN,NaN,NaN,NaN,NaN,NaN,NaN,NaN,NaN,NaN,NaN,NaN,
31.296,0.01577,0.01019,0.12999,0.67744,-0.19859,0.15000,-0.69220,NaN,NaN,NaN,NaN,NaN,NaN,NaN,NaN,NaN,NaN,NaN,NaN,NaN,NaN,NaN,NaN,NaN,NaN,NaN,NaN,NaN,
31.321,0.01579,0.01016,0.12998,0.67705,-0.19821,0.15042,-0.69260,NaN,NaN,NaN,NaN,NaN,NaN,NaN,NaN,NaN,NaN,NaN,NaN,NaN,NaN,NaN,NaN,NaN,NaN,NaN,NaN,NaN,
31.346,0.01579,0.01007,0.12999,0.67669,-0.19795,0.15087,-0.69292,NaN,NaN,NaN,NaN,NaN,NaN,NaN,NaN,NaN,NaN,NaN,NaN,NaN,NaN,NaN,NaN,NaN,NaN,NaN,NaN,NaN,
31.371,0.01581,0.01004,0.12996,0.67623,-0.19719,0.15120,-0.69352,NaN,NaN,NaN,NaN,NaN,NaN,NaN,NaN,NaN,NaN,NaN,NaN,NaN,NaN,NaN,NaN,NaN,NaN,NaN,NaN,NaN,
31.396,0.01588,0.01003,0.12994,0.67591,-0.19699,0.15161,-0.69379,NaN,NaN,NaN,NaN,NaN,NaN,NaN,NaN,NaN,NaN,NaN,NaN,NaN,NaN,NaN,NaN,NaN,NaN,NaN,NaN,NaN,
31.421,0.01585,0.00991,0.12991,0.67562,-0.19682,0.15202,-0.69404,NaN,NaN,NaN,NaN,NaN,NaN,NaN,NaN,NaN,NaN,NaN,NaN,NaN,NaN,NaN,NaN,NaN,NaN,NaN,NaN,NaN,
31.446,0.01593,0.00987,0.12995,0.67498,-0.19650,0.15289,-0.69456,NaN,NaN,NaN,NaN,NaN,NaN,NaN,NaN,NaN,NaN,NaN,NaN,NaN,NaN,NaN,NaN,NaN,NaN,NaN,NaN,NaN,
31.471,0.01592,0.00979,0.12990,0.67452,-0.19591,0.15330,-0.69508,NaN,NaN,NaN,NaN,NaN,NaN,NaN,NaN,NaN,NaN,NaN,NaN,NaN,NaN,NaN,NaN,NaN,NaN,NaN,NaN,NaN,
31.496,0.01596,0.00973,0.12992,0.67418,-0.19580,0.15382,-0.69533,NaN,NaN,NaN,NaN,NaN,NaN,NaN,NaN,NaN,NaN,NaN,NaN,NaN,NaN,NaN,NaN,NaN,NaN,NaN,NaN,NaN,
31.521,0.01602,0.00973,0.12989,0.67384,-0.19529,0.15409,-0.69575,NaN,NaN,NaN,NaN,NaN,NaN,NaN,NaN,NaN,NaN,NaN,NaN,NaN,NaN,NaN,NaN,NaN,NaN,NaN,NaN,NaN,
31.546,0.01599,0.00960,0.12991,0.67338,-0.19498,0.15466,-0.69615,NaN,NaN,NaN,NaN,NaN,NaN,NaN,NaN,NaN,NaN,NaN,NaN,NaN,NaN,NaN,NaN,NaN,NaN,NaN,NaN,NaN,
31.571,0.01601,0.00953,0.12989,0.67287,-0.19454,0.15526,-0.69663,NaN,NaN,NaN,NaN,NaN,NaN,NaN,NaN,NaN,NaN,NaN,NaN,NaN,NaN,NaN,NaN,NaN,NaN,NaN,NaN,NaN,
31.596,0.01610,0.00951,0.12983,0.67265,-0.19463,0.15568,-0.69673,NaN,NaN,NaN,NaN,NaN,NaN,NaN,NaN,NaN,NaN,NaN,NaN,NaN,NaN,NaN,NaN,NaN,NaN,NaN,NaN,NaN,
31.621,0.01616,0.00949,0.12985,0.67237,-0.19490,0.15629,-0.69678,NaN,NaN,NaN,NaN,NaN,NaN,NaN,NaN,NaN,NaN,NaN,NaN,NaN,NaN,NaN,NaN,NaN,NaN,NaN,NaN,NaN,
31.646,0.01616,0.00942,0.12983,0.67231,-0.19474,0.15630,-0.69689,NaN,NaN,NaN,NaN,NaN,NaN,NaN,NaN,NaN,NaN,NaN,NaN,NaN,NaN,NaN,NaN,NaN,NaN,NaN,NaN,NaN,
31.671,0.01616,0.00939,0.12982,0.67209,-0.19457,0.15656,-0.69708,NaN,NaN,NaN,NaN,NaN,NaN,NaN,NaN,NaN,NaN,NaN,NaN,NaN,NaN,NaN,NaN,NaN,NaN,NaN,NaN,NaN,
31.696,0.01619,0.00934,0.12984,0.67207,-0.19506,0.15688,-0.69689,NaN,NaN,NaN,NaN,NaN,NaN,NaN,NaN,NaN,NaN,NaN,NaN,NaN,NaN,NaN,NaN,NaN,NaN,NaN,NaN,NaN,
31.721,0.01623,0.00930,0.12980,0.67194,-0.19481,0.15696,-0.69708,NaN,NaN,NaN,NaN,NaN,NaN,NaN,NaN,NaN,NaN,NaN,NaN,NaN,NaN,NaN,NaN,NaN,NaN,NaN,NaN,NaN,
31.746,0.01624,0.00926,0.12983,0.67157,-0.19475,0.15753,-0.69732,NaN,NaN,NaN,NaN,NaN,NaN,NaN,NaN,NaN,NaN,NaN,NaN,NaN,NaN,NaN,NaN,NaN,NaN,NaN,NaN,NaN,
31.771,0.01632,0.00925,0.12979,0.67129,-0.19433,0.15775,-0.69766,NaN,NaN,NaN,NaN,NaN,NaN,NaN,NaN,NaN,NaN,NaN,NaN,NaN,NaN,NaN,NaN,NaN,NaN,NaN,NaN,NaN,
31.796,0.01635,0.00913,0.12981,0.67083,-0.19440,0.15854,-0.69790,NaN,NaN,NaN,NaN,NaN,NaN,NaN,NaN,NaN,NaN,NaN,NaN,NaN,NaN,NaN,NaN,NaN,NaN,NaN,NaN,NaN,
31.821,0.01637,0.00901,0.12981,0.67004,-0.19374,0.15946,-0.69863,NaN,NaN,NaN,NaN,NaN,NaN,NaN,NaN,NaN,NaN,NaN,NaN,NaN,NaN,NaN,NaN,NaN,NaN,NaN,NaN,NaN,
31.846,0.01640,0.00893,0.12979,0.66950,-0.19299,0.15992,-0.69925,NaN,NaN,NaN,NaN,NaN,NaN,NaN,NaN,NaN,NaN,NaN,NaN,NaN,NaN,NaN,NaN,NaN,NaN,NaN,NaN,NaN,
31.871,0.01641,0.00889,0.12981,0.66894,-0.19249,0.16054,-0.69978,NaN,NaN,NaN,NaN,NaN,NaN,NaN,NaN,NaN,NaN,NaN,NaN,NaN,NaN,NaN,NaN,NaN,NaN,NaN,NaN,NaN,
31.896,0.01644,0.00875,0.12985,0.66818,-0.19200,0.16150,-0.70042,NaN,NaN,NaN,NaN,NaN,NaN,NaN,NaN,NaN,NaN,NaN,NaN,NaN,NaN,NaN,NaN,NaN,NaN,NaN,NaN,NaN,
31.921,0.01651,0.00867,0.12981,0.66750,-0.19148,0.16231,-0.70103,NaN,NaN,NaN,NaN,NaN,NaN,NaN,NaN,NaN,NaN,NaN,NaN,NaN,NaN,NaN,NaN,NaN,NaN,NaN,NaN,NaN,
31.946,0.01655,0.00860,0.12984,0.66703,-0.19145,0.16306,-0.70131,NaN,NaN,NaN,NaN,NaN,NaN,NaN,NaN,NaN,NaN,NaN,NaN,NaN,NaN,NaN,NaN,NaN,NaN,NaN,NaN,NaN,
31.971,0.01662,0.00853,0.12980,0.66642,-0.19057,0.16354,-0.70201,NaN,NaN,NaN,NaN,NaN,NaN,NaN,NaN,NaN,NaN,NaN,NaN,NaN,NaN,NaN,NaN,NaN,NaN,NaN,NaN,NaN,
31.996,0.01662,0.00840,0.12986,0.66559,-0.19019,0.16467,-0.70264,NaN,NaN,NaN,NaN,NaN,NaN,NaN,NaN,NaN,NaN,NaN,NaN,NaN,NaN,NaN,NaN,NaN,NaN,NaN,NaN,NaN,
32.021,0.01662,0.00828,0.12985,0.66514,-0.18961,0.16507,-0.70313,NaN,NaN,NaN,NaN,NaN,NaN,NaN,NaN,NaN,NaN,NaN,NaN,NaN,NaN,NaN,NaN,NaN,NaN,NaN,NaN,NaN,
32.046,0.01668,0.00829,0.12983,0.66484,-0.18925,0.16534,-0.70344,NaN,NaN,NaN,NaN,NaN,NaN,NaN,NaN,NaN,NaN,NaN,NaN,NaN,NaN,NaN,NaN,NaN,NaN,NaN,NaN,NaN,
32.071,0.01664,0.00817,0.12988,0.66455,-0.18915,0.16577,-0.70365,NaN,NaN,NaN,NaN,NaN,NaN,NaN,NaN,NaN,NaN,NaN,NaN,NaN,NaN,NaN,NaN,NaN,NaN,NaN,NaN,NaN,
32.096,0.01664,0.00817,0.12988,0.66455,-0.18915,0.16577,-0.70365,NaN,NaN,NaN,NaN,NaN,NaN,NaN,NaN,NaN,NaN,NaN,NaN,NaN,NaN,NaN,NaN,NaN,NaN,NaN,NaN,NaN,
32.121,0.01670,0.00811,0.12993,0.66390,-0.18899,0.16672,-0.70408,NaN,NaN,NaN,NaN,NaN,NaN,NaN,NaN,NaN,NaN,NaN,NaN,NaN,NaN,NaN,NaN,NaN,NaN,NaN,NaN,NaN,
32.146,0.01680,0.00804,0.12996,0.66377,-0.18932,0.16711,-0.70401,NaN,NaN,NaN,NaN,NaN,NaN,NaN,NaN,NaN,NaN,NaN,NaN,NaN,NaN,NaN,NaN,NaN,NaN,NaN,NaN,NaN,
32.171,0.01680,0.00801,0.12993,0.66315,-0.18851,0.16765,-0.70469,NaN,NaN,NaN,NaN,NaN,NaN,NaN,NaN,NaN,NaN,NaN,NaN,NaN,NaN,NaN,NaN,NaN,NaN,NaN,NaN,NaN,
32.196,0.01681,0.00785,0.12997,0.66269,-0.18839,0.16832,-0.70499,NaN,NaN,NaN,NaN,NaN,NaN,NaN,NaN,NaN,NaN,NaN,NaN,NaN,NaN,NaN,NaN,NaN,NaN,NaN,NaN,NaN,
32.221,0.01685,0.00782,0.12998,0.66225,-0.18798,0.16881,-0.70541,NaN,NaN,NaN,NaN,NaN,NaN,NaN,NaN,NaN,NaN,NaN,NaN,NaN,NaN,NaN,NaN,NaN,NaN,NaN,NaN,NaN,
32.246,0.01685,0.00779,0.13002,0.66185,-0.18770,0.16928,-0.70574,NaN,NaN,NaN,NaN,NaN,NaN,NaN,NaN,NaN,NaN,NaN,NaN,NaN,NaN,NaN,NaN,NaN,NaN,NaN,NaN,NaN,
32.271,0.01688,0.00775,0.12994,0.66162,-0.18696,0.16922,-0.70616,NaN,NaN,NaN,NaN,NaN,NaN,NaN,NaN,NaN,NaN,NaN,NaN,NaN,NaN,NaN,NaN,NaN,NaN,NaN,NaN,NaN,
32.296,0.01688,0.00771,0.12999,0.66145,-0.18711,0.16959,-0.70620,NaN,NaN,NaN,NaN,NaN,NaN,NaN,NaN,NaN,NaN,NaN,NaN,NaN,NaN,NaN,NaN,NaN,NaN,NaN,NaN,NaN,
32.321,0.01695,0.00775,0.12998,0.66133,-0.18707,0.16975,-0.70628,NaN,NaN,NaN,NaN,NaN,NaN,NaN,NaN,NaN,NaN,NaN,NaN,NaN,NaN,NaN,NaN,NaN,NaN,NaN,NaN,NaN,
32.346,0.01687,0.00763,0.13004,0.66138,-0.18765,0.17001,-0.70602,NaN,NaN,NaN,NaN,NaN,NaN,NaN,NaN,NaN,NaN,NaN,NaN,NaN,NaN,NaN,NaN,NaN,NaN,NaN,NaN,NaN,
32.371,0.01702,0.00772,0.13001,0.66117,-0.18750,0.17026,-0.70619,NaN,NaN,NaN,NaN,NaN,NaN,NaN,NaN,NaN,NaN,NaN,NaN,NaN,NaN,NaN,NaN,NaN,NaN,NaN,NaN,NaN,
32.396,0.01690,0.00773,0.12996,0.66165,-0.18739,0.16942,-0.70598,NaN,NaN,NaN,NaN,NaN,NaN,NaN,NaN,NaN,NaN,NaN,NaN,NaN,NaN,NaN,NaN,NaN,NaN,NaN,NaN,NaN,
32.421,0.01692,0.00769,0.12998,0.66142,-0.18733,0.16976,-0.70613,NaN,NaN,NaN,NaN,NaN,NaN,NaN,NaN,NaN,NaN,NaN,NaN,NaN,NaN,NaN,NaN,NaN,NaN,NaN,NaN,NaN,
32.446,0.01712,0.00757,0.12993,0.66006,-0.18605,0.17120,-0.70739,NaN,NaN,NaN,NaN,NaN,NaN,NaN,NaN,NaN,NaN,NaN,NaN,NaN,NaN,NaN,NaN,NaN,NaN,NaN,NaN,NaN,
32.471,0.01708,0.00742,0.12997,0.65920,-0.18548,0.17224,-0.70808,NaN,NaN,NaN,NaN,NaN,NaN,NaN,NaN,NaN,NaN,NaN,NaN,NaN,NaN,NaN,NaN,NaN,NaN,NaN,NaN,NaN,
32.496,0.01702,0.00724,0.12999,0.65866,-0.18510,0.17288,-0.70853,NaN,NaN,NaN,NaN,NaN,NaN,NaN,NaN,NaN,NaN,NaN,NaN,NaN,NaN,NaN,NaN,NaN,NaN,NaN,NaN,NaN,
32.521,0.01704,0.00714,0.13000,0.65810,-0.18447,0.17341,-0.70909,NaN,NaN,NaN,NaN,NaN,NaN,NaN,NaN,NaN,NaN,NaN,NaN,NaN,NaN,NaN,NaN,NaN,NaN,NaN,NaN,NaN,
32.546,0.01708,0.00710,0.13004,0.65758,-0.18432,0.17416,-0.70943,NaN,NaN,NaN,NaN,NaN,NaN,NaN,NaN,NaN,NaN,NaN,NaN,NaN,NaN,NaN,NaN,NaN,NaN,NaN,NaN,NaN,
32.571,0.01716,0.00705,0.12999,0.65710,-0.18351,0.17445,-0.71001,NaN,NaN,NaN,NaN,NaN,NaN,NaN,NaN,NaN,NaN,NaN,NaN,NaN,NaN,NaN,NaN,NaN,NaN,NaN,NaN,NaN,
32.596,0.01716,0.00696,0.13002,0.65678,-0.18357,0.17499,-0.71015,NaN,NaN,NaN,NaN,NaN,NaN,NaN,NaN,NaN,NaN,NaN,NaN,NaN,NaN,NaN,NaN,NaN,NaN,NaN,NaN,NaN,
32.621,0.01719,0.00693,0.13001,0.65645,-0.18338,0.17540,-0.71041,NaN,NaN,NaN,NaN,NaN,NaN,NaN,NaN,NaN,NaN,NaN,NaN,NaN,NaN,NaN,NaN,NaN,NaN,NaN,NaN,NaN,
32.646,0.01728,0.00687,0.13001,0.65606,-0.18313,0.17588,-0.71071,NaN,NaN,NaN,NaN,NaN,NaN,NaN,NaN,NaN,NaN,NaN,NaN,NaN,NaN,NaN,NaN,NaN,NaN,NaN,NaN,NaN,
32.671,0.01721,0.00676,0.12999,0.65558,-0.18247,0.17625,-0.71124,NaN,NaN,NaN,NaN,NaN,NaN,NaN,NaN,NaN,NaN,NaN,NaN,NaN,NaN,NaN,NaN,NaN,NaN,NaN,NaN,NaN,
32.696,0.01724,0.00673,0.13003,0.65533,-0.18257,0.17672,-0.71133,NaN,NaN,NaN,NaN,NaN,NaN,NaN,NaN,NaN,NaN,NaN,NaN,NaN,NaN,NaN,NaN,NaN,NaN,NaN,NaN,NaN,
32.721,0.01729,0.00669,0.12994,0.65510,-0.18171,0.17656,-0.71179,NaN,NaN,NaN,NaN,NaN,NaN,NaN,NaN,NaN,NaN,NaN,NaN,NaN,NaN,NaN,NaN,NaN,NaN,NaN,NaN,NaN,
32.746,0.01720,0.00647,0.13006,0.65437,-0.18177,0.17776,-0.71215,NaN,NaN,NaN,NaN,NaN,NaN,NaN,NaN,NaN,NaN,NaN,NaN,NaN,NaN,NaN,NaN,NaN,NaN,NaN,NaN,NaN,
32.771,0.01729,0.00644,0.13002,0.65338,-0.18058,0.17864,-0.71315,NaN,NaN,NaN,NaN,NaN,NaN,NaN,NaN,NaN,NaN,NaN,NaN,NaN,NaN,NaN,NaN,NaN,NaN,NaN,NaN,NaN,
32.796,0.01736,0.00640,0.12999,0.65300,-0.18044,0.17914,-0.71340,NaN,NaN,NaN,NaN,NaN,NaN,NaN,NaN,NaN,NaN,NaN,NaN,NaN,NaN,NaN,NaN,NaN,NaN,NaN,NaN,NaN,
32.821,0.01740,0.00639,0.13001,0.65251,-0.18009,0.17971,-0.71379,NaN,NaN,NaN,NaN,NaN,NaN,NaN,NaN,NaN,NaN,NaN,NaN,NaN,NaN,NaN,NaN,NaN,NaN,NaN,NaN,NaN,
32.846,0.01740,0.00625,0.13003,0.65194,-0.17959,0.18032,-0.71429,NaN,NaN,NaN,NaN,NaN,NaN,NaN,NaN,NaN,NaN,NaN,NaN,NaN,NaN,NaN,NaN,NaN,NaN,NaN,NaN,NaN,
32.871,0.01744,0.00623,0.12998,0.65168,-0.17902,0.18040,-0.71465,NaN,NaN,NaN,NaN,NaN,NaN,NaN,NaN,NaN,NaN,NaN,NaN,NaN,NaN,NaN,NaN,NaN,NaN,NaN,NaN,NaN,
32.896,0.01742,0.00614,0.13001,0.65168,-0.17976,0.18083,-0.71435,NaN,NaN,NaN,NaN,NaN,NaN,NaN,NaN,NaN,NaN,NaN,NaN,NaN,NaN,NaN,NaN,NaN,NaN,NaN,NaN,NaN,
32.921,0.01748,0.00611,0.12998,0.65139,-0.17941,0.18108,-0.71464,NaN,NaN,NaN,NaN,NaN,NaN,NaN,NaN,NaN,NaN,NaN,NaN,NaN,NaN,NaN,NaN,NaN,NaN,NaN,NaN,NaN,
32.946,0.01745,0.00601,0.13003,0.65056,-0.17870,0.18197,-0.71535,NaN,NaN,NaN,NaN,NaN,NaN,NaN,NaN,NaN,NaN,NaN,NaN,NaN,NaN,NaN,NaN,NaN,NaN,NaN,NaN,NaN,
32.971,0.01751,0.00591,0.12998,0.64973,-0.17763,0.18265,-0.71620,NaN,NaN,NaN,NaN,NaN,NaN,NaN,NaN,NaN,NaN,NaN,NaN,NaN,NaN,NaN,NaN,NaN,NaN,NaN,NaN,NaN,
32.996,0.01750,0.00575,0.12999,0.64898,-0.17702,0.18346,-0.71682,NaN,NaN,NaN,NaN,NaN,NaN,NaN,NaN,NaN,NaN,NaN,NaN,NaN,NaN,NaN,NaN,NaN,NaN,NaN,NaN,NaN,
33.021,0.01754,0.00572,0.13000,0.64826,-0.17618,0.18409,-0.71752,NaN,NaN,NaN,NaN,NaN,NaN,NaN,NaN,NaN,NaN,NaN,NaN,NaN,NaN,NaN,NaN,NaN,NaN,NaN,NaN,NaN,
33.046,0.01751,0.00551,0.13000,0.64790,-0.17578,0.18441,-0.71786,NaN,NaN,NaN,NaN,NaN,NaN,NaN,NaN,NaN,NaN,NaN,NaN,NaN,NaN,NaN,NaN,NaN,NaN,NaN,NaN,NaN,
33.071,0.01748,0.00542,0.12999,0.64747,-0.17525,0.18477,-0.71828,NaN,NaN,NaN,NaN,NaN,NaN,NaN,NaN,NaN,NaN,NaN,NaN,NaN,NaN,NaN,NaN,NaN,NaN,NaN,NaN,NaN,
33.096,0.01746,0.00535,0.13000,0.64701,-0.17491,0.18529,-0.71865,NaN,NaN,NaN,NaN,NaN,NaN,NaN,NaN,NaN,NaN,NaN,NaN,NaN,NaN,NaN,NaN,NaN,NaN,NaN,NaN,NaN,
33.121,0.01746,0.00525,0.12996,0.64651,-0.17411,0.18560,-0.71921,NaN,NaN,NaN,NaN,NaN,NaN,NaN,NaN,NaN,NaN,NaN,NaN,NaN,NaN,NaN,NaN,NaN,NaN,NaN,NaN,NaN,
33.146,0.01747,0.00520,0.12998,0.64614,-0.17389,0.18605,-0.71948,NaN,NaN,NaN,NaN,NaN,NaN,NaN,NaN,NaN,NaN,NaN,NaN,NaN,NaN,NaN,NaN,NaN,NaN,NaN,NaN,NaN,
33.171,0.01755,0.00516,0.12994,0.64630,-0.17408,0.18590,-0.71933,NaN,NaN,NaN,NaN,NaN,NaN,NaN,NaN,NaN,NaN,NaN,NaN,NaN,NaN,NaN,NaN,NaN,NaN,NaN,NaN,NaN,
33.196,0.01759,0.00517,0.12996,0.64627,-0.17471,0.18632,-0.71909,NaN,NaN,NaN,NaN,NaN,NaN,NaN,NaN,NaN,NaN,NaN,NaN,NaN,NaN,NaN,NaN,NaN,NaN,NaN,NaN,NaN,
33.221,0.01770,0.00523,0.12987,0.64594,-0.17439,0.18665,-0.71938,NaN,NaN,NaN,NaN,NaN,NaN,NaN,NaN,NaN,NaN,NaN,NaN,NaN,NaN,NaN,NaN,NaN,NaN,NaN,NaN,NaN,
33.246,0.01771,0.00510,0.12993,0.64555,-0.17461,0.18738,-0.71949,NaN,NaN,NaN,NaN,NaN,NaN,NaN,NaN,NaN,NaN,NaN,NaN,NaN,NaN,NaN,NaN,NaN,NaN,NaN,NaN,NaN,
33.271,0.01769,0.00507,0.12994,0.64503,-0.17423,0.18797,-0.71989,NaN,NaN,NaN,NaN,NaN,NaN,NaN,NaN,NaN,NaN,NaN,NaN,NaN,NaN,NaN,NaN,NaN,NaN,NaN,NaN,NaN,
33.296,0.01766,0.00494,0.12996,0.64483,-0.17418,0.18825,-0.72002,NaN,NaN,NaN,NaN,NaN,NaN,NaN,NaN,NaN,NaN,NaN,NaN,NaN,NaN,NaN,NaN,NaN,NaN,NaN,NaN,NaN,
33.321,0.01764,0.00480,0.12996,0.64436,-0.17363,0.18866,-0.72046,NaN,NaN,NaN,NaN,NaN,NaN,NaN,NaN,NaN,NaN,NaN,NaN,NaN,NaN,NaN,NaN,NaN,NaN,NaN,NaN,NaN,
33.346,0.01764,0.00475,0.12995,0.64393,-0.17308,0.18899,-0.72089,NaN,NaN,NaN,NaN,NaN,NaN,NaN,NaN,NaN,NaN,NaN,NaN,NaN,NaN,NaN,NaN,NaN,NaN,NaN,NaN,NaN,
33.371,0.01773,0.00475,0.12989,0.64364,-0.17240,0.18904,-0.72130,NaN,NaN,NaN,NaN,NaN,NaN,NaN,NaN,NaN,NaN,NaN,NaN,NaN,NaN,NaN,NaN,NaN,NaN,NaN,NaN,NaN,
33.396,0.01777,0.00478,0.12986,0.64318,-0.17182,0.18941,-0.72175,NaN,NaN,NaN,NaN,NaN,NaN,NaN,NaN,NaN,NaN,NaN,NaN,NaN,NaN,NaN,NaN,NaN,NaN,NaN,NaN,NaN,
33.421,0.01776,0.00470,0.12991,0.64292,-0.17213,0.19000,-0.72176,NaN,NaN,NaN,NaN,NaN,NaN,NaN,NaN,NaN,NaN,NaN,NaN,NaN,NaN,NaN,NaN,NaN,NaN,NaN,NaN,NaN,
33.446,0.01775,0.00460,0.12991,0.64264,-0.17199,0.19034,-0.72195,NaN,NaN,NaN,NaN,NaN,NaN,NaN,NaN,NaN,NaN,NaN,NaN,NaN,NaN,NaN,NaN,NaN,NaN,NaN,NaN,NaN,
33.471,0.01772,0.00451,0.12996,0.64234,-0.17194,0.19078,-0.72211,NaN,NaN,NaN,NaN,NaN,NaN,NaN,NaN,NaN,NaN,NaN,NaN,NaN,NaN,NaN,NaN,NaN,NaN,NaN,NaN,NaN,
33.496,0.01778,0.00452,0.12992,0.64213,-0.17148,0.19083,-0.72239,NaN,NaN,NaN,NaN,NaN,NaN,NaN,NaN,NaN,NaN,NaN,NaN,NaN,NaN,NaN,NaN,NaN,NaN,NaN,NaN,NaN,
33.521,0.01774,0.00465,0.12989,0.64305,-0.17210,0.18977,-0.72170,NaN,NaN,NaN,NaN,NaN,NaN,NaN,NaN,NaN,NaN,NaN,NaN,NaN,NaN,NaN,NaN,NaN,NaN,NaN,NaN,NaN,
33.546,0.01775,0.00461,0.12989,0.64275,-0.17178,0.19005,-0.72198,NaN,NaN,NaN,NaN,NaN,NaN,NaN,NaN,NaN,NaN,NaN,NaN,NaN,NaN,NaN,NaN,NaN,NaN,NaN,NaN,NaN,
33.571,0.01776,0.00457,0.12989,0.64250,-0.17154,0.19029,-0.72219,NaN,NaN,NaN,NaN,NaN,NaN,NaN,NaN,NaN,NaN,NaN,NaN,NaN,NaN,NaN,NaN,NaN,NaN,NaN,NaN,NaN,
33.596,0.01777,0.00453,0.12989,0.64223,-0.17126,0.19054,-0.72243,NaN,NaN,NaN,NaN,NaN,NaN,NaN,NaN,NaN,NaN,NaN,NaN,NaN,NaN,NaN,NaN,NaN,NaN,NaN,NaN,NaN,
33.621,0.01778,0.00450,0.12989,0.64196,-0.17102,0.19081,-0.72265,NaN,NaN,NaN,NaN,NaN,NaN,NaN,NaN,NaN,NaN,NaN,NaN,NaN,NaN,NaN,NaN,NaN,NaN,NaN,NaN,NaN,
33.646,0.01778,0.00446,0.12991,0.64174,-0.17080,0.19103,-0.72285,NaN,NaN,NaN,NaN,NaN,NaN,NaN,NaN,NaN,NaN,NaN,NaN,NaN,NaN,NaN,NaN,NaN,NaN,NaN,NaN,NaN,
33.671,0.01778,0.00443,0.12992,0.64152,-0.17055,0.19121,-0.72305,NaN,NaN,NaN,NaN,NaN,NaN,NaN,NaN,NaN,NaN,NaN,NaN,NaN,NaN,NaN,NaN,NaN,NaN,NaN,NaN,NaN,
33.696,0.01780,0.00433,0.13008,0.64062,-0.16998,0.19226,-0.72370,NaN,NaN,NaN,NaN,NaN,NaN,NaN,NaN,NaN,NaN,NaN,NaN,NaN,NaN,NaN,NaN,NaN,NaN,NaN,NaN,NaN,
33.721,0.01781,0.00434,0.13006,0.64043,-0.16945,0.19224,-0.72401,NaN,NaN,NaN,NaN,NaN,NaN,NaN,NaN,NaN,NaN,NaN,NaN,NaN,NaN,NaN,NaN,NaN,NaN,NaN,NaN,NaN,
33.746,0.01777,0.00423,0.13010,0.64037,-0.16973,0.19250,-0.72392,NaN,NaN,NaN,NaN,NaN,NaN,NaN,NaN,NaN,NaN,NaN,NaN,NaN,NaN,NaN,NaN,NaN,NaN,NaN,NaN,NaN,
33.771,0.01779,0.00433,0.12999,0.64081,-0.16988,0.19192,-0.72365,NaN,NaN,NaN,NaN,NaN,NaN,NaN,NaN,NaN,NaN,NaN,NaN,NaN,NaN,NaN,NaN,NaN,NaN,NaN,NaN,NaN,
33.797,0.01779,0.00430,0.13001,0.64062,-0.16974,0.19213,-0.72380,NaN,NaN,NaN,NaN,NaN,NaN,NaN,NaN,NaN,NaN,NaN,NaN,NaN,NaN,NaN,NaN,NaN,NaN,NaN,NaN,NaN,
33.821,0.01781,0.00428,0.13002,0.64041,-0.16958,0.19235,-0.72396,NaN,NaN,NaN,NaN,NaN,NaN,NaN,NaN,NaN,NaN,NaN,NaN,NaN,NaN,NaN,NaN,NaN,NaN,NaN,NaN,NaN,
33.846,0.01781,0.00424,0.13002,0.64009,-0.16916,0.19259,-0.72428,NaN,NaN,NaN,NaN,NaN,NaN,NaN,NaN,NaN,NaN,NaN,NaN,NaN,NaN,NaN,NaN,NaN,NaN,NaN,NaN,NaN,
33.871,0.01781,0.00386,0.13012,0.63751,-0.16702,0.19526,-0.72633,NaN,NaN,NaN,NaN,NaN,NaN,NaN,NaN,NaN,NaN,NaN,NaN,NaN,NaN,NaN,NaN,NaN,NaN,NaN,NaN,NaN,
33.896,0.01793,0.00388,0.13006,0.63653,-0.16577,0.19602,-0.72728,NaN,NaN,NaN,NaN,NaN,NaN,NaN,NaN,NaN,NaN,NaN,NaN,NaN,NaN,NaN,NaN,NaN,NaN,NaN,NaN,NaN,
33.921,0.01783,0.00370,0.13013,0.63584,-0.16551,0.19691,-0.72770,NaN,NaN,NaN,NaN,NaN,NaN,NaN,NaN,NaN,NaN,NaN,NaN,NaN,NaN,NaN,NaN,NaN,NaN,NaN,NaN,NaN,
33.946,0.01788,0.00367,0.13010,0.63554,-0.16497,0.19705,-0.72805,NaN,NaN,NaN,NaN,NaN,NaN,NaN,NaN,NaN,NaN,NaN,NaN,NaN,NaN,NaN,NaN,NaN,NaN,NaN,NaN,NaN,
33.971,0.01782,0.00357,0.13011,0.63544,-0.16484,0.19711,-0.72814,NaN,NaN,NaN,NaN,NaN,NaN,NaN,NaN,NaN,NaN,NaN,NaN,NaN,NaN,NaN,NaN,NaN,NaN,NaN,NaN,NaN,
33.996,0.01785,0.00360,0.13007,0.63512,-0.16437,0.19732,-0.72847,NaN,NaN,NaN,NaN,NaN,NaN,NaN,NaN,NaN,NaN,NaN,NaN,NaN,NaN,NaN,NaN,NaN,NaN,NaN,NaN,NaN,
34.021,0.01784,0.00352,0.13012,0.63490,-0.16468,0.19784,-0.72845,NaN,NaN,NaN,NaN,NaN,NaN,NaN,NaN,NaN,NaN,NaN,NaN,NaN,NaN,NaN,NaN,NaN,NaN,NaN,NaN,NaN,
34.046,0.01795,0.00349,0.13007,0.63446,-0.16400,0.19811,-0.72892,NaN,NaN,NaN,NaN,NaN,NaN,NaN,NaN,NaN,NaN,NaN,NaN,NaN,NaN,NaN,NaN,NaN,NaN,NaN,NaN,NaN,
34.071,0.01787,0.00333,0.13012,0.63375,-0.16347,0.19887,-0.72945,NaN,NaN,NaN,NaN,NaN,NaN,NaN,NaN,NaN,NaN,NaN,NaN,NaN,NaN,NaN,NaN,NaN,NaN,NaN,NaN,NaN,
34.096,0.01798,0.00338,0.13011,0.63321,-0.16298,0.19939,-0.72988,NaN,NaN,NaN,NaN,NaN,NaN,NaN,NaN,NaN,NaN,NaN,NaN,NaN,NaN,NaN,NaN,NaN,NaN,NaN,NaN,NaN,
34.121,0.01790,0.00350,0.13006,0.63454,-0.16382,0.19788,-0.72895,NaN,NaN,NaN,NaN,NaN,NaN,NaN,NaN,NaN,NaN,NaN,NaN,NaN,NaN,NaN,NaN,NaN,NaN,NaN,NaN,NaN,
34.146,0.01790,0.00345,0.13006,0.63419,-0.16352,0.19823,-0.72922,NaN,NaN,NaN,NaN,NaN,NaN,NaN,NaN,NaN,NaN,NaN,NaN,NaN,NaN,NaN,NaN,NaN,NaN,NaN,NaN,NaN,
34.171,0.01791,0.00339,0.13005,0.63383,-0.16314,0.19855,-0.72953,NaN,NaN,NaN,NaN,NaN,NaN,NaN,NaN,NaN,NaN,NaN,NaN,NaN,NaN,NaN,NaN,NaN,NaN,NaN,NaN,NaN,
34.196,0.01793,0.00319,0.13006,0.63169,-0.16107,0.20056,-0.73131,NaN,NaN,NaN,NaN,NaN,NaN,NaN,NaN,NaN,NaN,NaN,NaN,NaN,NaN,NaN,NaN,NaN,NaN,NaN,NaN,NaN,
34.221,0.01792,0.00329,0.13005,0.63302,-0.16235,0.19930,-0.73021,NaN,NaN,NaN,NaN,NaN,NaN,NaN,NaN,NaN,NaN,NaN,NaN,NaN,NaN,NaN,NaN,NaN,NaN,NaN,NaN,NaN,
34.246,0.01792,0.00323,0.13004,0.63257,-0.16190,0.19972,-0.73059,NaN,NaN,NaN,NaN,NaN,NaN,NaN,NaN,NaN,NaN,NaN,NaN,NaN,NaN,NaN,NaN,NaN,NaN,NaN,NaN,NaN,
34.271,0.01792,0.00317,0.13003,0.63210,-0.16140,0.20012,-0.73099,NaN,NaN,NaN,NaN,NaN,NaN,NaN,NaN,NaN,NaN,NaN,NaN,NaN,NaN,NaN,NaN,NaN,NaN,NaN,NaN,NaN,
34.296,0.01792,0.00312,0.13003,0.63168,-0.16103,0.20053,-0.73132,NaN,NaN,NaN,NaN,NaN,NaN,NaN,NaN,NaN,NaN,NaN,NaN,NaN,NaN,NaN,NaN,NaN,NaN,NaN,NaN,NaN,
34.321,0.01794,0.00284,0.13001,0.62964,-0.15926,0.20255,-0.73292,NaN,NaN,NaN,NaN,NaN,NaN,NaN,NaN,NaN,NaN,NaN,NaN,NaN,NaN,NaN,NaN,NaN,NaN,NaN,NaN,NaN,
34.346,0.01791,0.00301,0.13002,0.63092,-0.16031,0.20125,-0.73194,NaN,NaN,NaN,NaN,NaN,NaN,NaN,NaN,NaN,NaN,NaN,NaN,NaN,NaN,NaN,NaN,NaN,NaN,NaN,NaN,NaN,
34.371,0.01791,0.00296,0.13001,0.63062,-0.16005,0.20154,-0.73217,NaN,NaN,NaN,NaN,NaN,NaN,NaN,NaN,NaN,NaN,NaN,NaN,NaN,NaN,NaN,NaN,NaN,NaN,NaN,NaN,NaN,
34.396,0.01791,0.00290,0.13000,0.63031,-0.15977,0.20184,-0.73242,NaN,NaN,NaN,NaN,NaN,NaN,NaN,NaN,NaN,NaN,NaN,NaN,NaN,NaN,NaN,NaN,NaN,NaN,NaN,NaN,NaN,
34.421,0.01790,0.00285,0.13001,0.63002,-0.15958,0.20216,-0.73262,NaN,NaN,NaN,NaN,NaN,NaN,NaN,NaN,NaN,NaN,NaN,NaN,NaN,NaN,NaN,NaN,NaN,NaN,NaN,NaN,NaN,
34.446,0.01790,0.00280,0.13000,0.62977,-0.15930,0.20238,-0.73284,NaN,NaN,NaN,NaN,NaN,NaN,NaN,NaN,NaN,NaN,NaN,NaN,NaN,NaN,NaN,NaN,NaN,NaN,NaN,NaN,NaN,
34.471,0.01791,0.00276,0.12999,0.62947,-0.15903,0.20266,-0.73308,NaN,NaN,NaN,NaN,NaN,NaN,NaN,NaN,NaN,NaN,NaN,NaN,NaN,NaN,NaN,NaN,NaN,NaN,NaN,NaN,NaN,
34.496,0.01792,0.00272,0.12999,0.62924,-0.15882,0.20288,-0.73326,NaN,NaN,NaN,NaN,NaN,NaN,NaN,NaN,NaN,NaN,NaN,NaN,NaN,NaN,NaN,NaN,NaN,NaN,NaN,NaN,NaN,
34.521,0.01793,0.00268,0.12999,0.62902,-0.15862,0.20309,-0.73343,NaN,NaN,NaN,NaN,NaN,NaN,NaN,NaN,NaN,NaN,NaN,NaN,NaN,NaN,NaN,NaN,NaN,NaN,NaN,NaN,NaN,
34.546,0.01792,0.00264,0.12999,0.62883,-0.15848,0.20330,-0.73357,NaN,NaN,NaN,NaN,NaN,NaN,NaN,NaN,NaN,NaN,NaN,NaN,NaN,NaN,NaN,NaN,NaN,NaN,NaN,NaN,NaN,
34.571,0.01792,0.00261,0.12999,0.62865,-0.15828,0.20344,-0.73373,NaN,NaN,NaN,NaN,NaN,NaN,NaN,NaN,NaN,NaN,NaN,NaN,NaN,NaN,NaN,NaN,NaN,NaN,NaN,NaN,NaN,
34.596,0.01793,0.00258,0.12999,0.62868,-0.15824,0.20337,-0.73373,NaN,NaN,NaN,NaN,NaN,NaN,NaN,NaN,NaN,NaN,NaN,NaN,NaN,NaN,NaN,NaN,NaN,NaN,NaN,NaN,NaN,
34.621,0.01792,0.00253,0.13003,0.62871,-0.15862,0.20356,-0.73357,NaN,NaN,NaN,NaN,NaN,NaN,NaN,NaN,NaN,NaN,NaN,NaN,NaN,NaN,NaN,NaN,NaN,NaN,NaN,NaN,NaN,
34.646,0.01796,0.00252,0.13004,0.62875,-0.15881,0.20362,-0.73348,NaN,NaN,NaN,NaN,NaN,NaN,NaN,NaN,NaN,NaN,NaN,NaN,NaN,NaN,NaN,NaN,NaN,NaN,NaN,NaN,NaN,
34.671,0.01801,0.00251,0.13004,0.62871,-0.15878,0.20366,-0.73351,NaN,NaN,NaN,NaN,NaN,NaN,NaN,NaN,NaN,NaN,NaN,NaN,NaN,NaN,NaN,NaN,NaN,NaN,NaN,NaN,NaN,
34.696,0.01815,0.00228,0.13042,0.62854,-0.16093,0.20520,-0.73275,NaN,NaN,NaN,NaN,NaN,NaN,NaN,NaN,NaN,NaN,NaN,NaN,NaN,NaN,NaN,NaN,NaN,NaN,NaN,NaN,NaN,
34.721,0.01816,0.00215,0.13051,0.62803,-0.16039,0.20563,-0.73319,NaN,NaN,NaN,NaN,NaN,NaN,NaN,NaN,NaN,NaN,NaN,NaN,NaN,NaN,NaN,NaN,NaN,NaN,NaN,NaN,NaN,
34.746,0.01821,0.00213,0.13054,0.62782,-0.15987,0.20564,-0.73348,NaN,NaN,NaN,NaN,NaN,NaN,NaN,NaN,NaN,NaN,NaN,NaN,NaN,NaN,NaN,NaN,NaN,NaN,NaN,NaN,NaN,
34.771,0.01817,0.00203,0.13063,0.62751,-0.15989,0.20612,-0.73361,NaN,NaN,NaN,NaN,NaN,NaN,NaN,NaN,NaN,NaN,NaN,NaN,NaN,NaN,NaN,NaN,NaN,NaN,NaN,NaN,NaN,
34.796,0.01819,0.00202,0.13062,0.62692,-0.15888,0.20640,-0.73426,NaN,NaN,NaN,NaN,NaN,NaN,NaN,NaN,NaN,NaN,NaN,NaN,NaN,NaN,NaN,NaN,NaN,NaN,NaN,NaN,NaN,
34.821,0.01829,0.00197,0.13064,0.62580,-0.15775,0.20739,-0.73517,NaN,NaN,NaN,NaN,NaN,NaN,NaN,NaN,NaN,NaN,NaN,NaN,NaN,NaN,NaN,NaN,NaN,NaN,NaN,NaN,NaN,
34.846,0.01814,0.00171,0.13071,0.62482,-0.15665,0.20818,-0.73601,NaN,NaN,NaN,NaN,NaN,NaN,NaN,NaN,NaN,NaN,NaN,NaN,NaN,NaN,NaN,NaN,NaN,NaN,NaN,NaN,NaN,
34.871,0.01820,0.00160,0.13084,0.62407,-0.15628,0.20907,-0.73648,NaN,NaN,NaN,NaN,NaN,NaN,NaN,NaN,NaN,NaN,NaN,NaN,NaN,NaN,NaN,NaN,NaN,NaN,NaN,NaN,NaN,
34.896,0.01822,0.00147,0.13097,0.62314,-0.15583,0.21019,-0.73704,NaN,NaN,NaN,NaN,NaN,NaN,NaN,NaN,NaN,NaN,NaN,NaN,NaN,NaN,NaN,NaN,NaN,NaN,NaN,NaN,NaN,
34.921,0.01830,0.00139,0.13097,0.62239,-0.15532,0.21099,-0.73755,NaN,NaN,NaN,NaN,NaN,NaN,NaN,NaN,NaN,NaN,NaN,NaN,NaN,NaN,NaN,NaN,NaN,NaN,NaN,NaN,NaN,
34.946,0.01830,0.00127,0.13097,0.62132,-0.15402,0.21179,-0.73850,NaN,NaN,NaN,NaN,NaN,NaN,NaN,NaN,NaN,NaN,NaN,NaN,NaN,NaN,NaN,NaN,NaN,NaN,NaN,NaN,NaN,
34.971,0.01830,0.00124,0.13098,0.62085,-0.15370,0.21229,-0.73882,NaN,NaN,NaN,NaN,NaN,NaN,NaN,NaN,NaN,NaN,NaN,NaN,NaN,NaN,NaN,NaN,NaN,NaN,NaN,NaN,NaN,
34.996,0.01829,0.00125,0.13097,0.62067,-0.15337,0.21236,-0.73902,NaN,NaN,NaN,NaN,NaN,NaN,NaN,NaN,NaN,NaN,NaN,NaN,NaN,NaN,NaN,NaN,NaN,NaN,NaN,NaN,NaN,
35.021,0.01829,0.00116,0.13091,0.62002,-0.15230,0.21266,-0.73970,NaN,NaN,NaN,NaN,NaN,NaN,NaN,NaN,NaN,NaN,NaN,NaN,NaN,NaN,NaN,NaN,NaN,NaN,NaN,NaN,NaN,
35.046,0.01829,0.00061,0.13123,0.61590,-0.15053,0.21765,-0.74205,NaN,NaN,NaN,NaN,NaN,NaN,NaN,NaN,NaN,NaN,NaN,NaN,NaN,NaN,NaN,NaN,NaN,NaN,NaN,NaN,NaN,
35.071,0.01798,-0.00012,0.13130,0.61290,-0.14719,0.22000,-0.74450,NaN,NaN,NaN,NaN,NaN,NaN,NaN,NaN,NaN,NaN,NaN,NaN,NaN,NaN,NaN,NaN,NaN,NaN,NaN,NaN,NaN,
35.096,0.01828,0.00004,0.13113,0.61360,-0.14784,0.21938,-0.74399,NaN,NaN,NaN,NaN,NaN,NaN,NaN,NaN,NaN,NaN,NaN,NaN,NaN,NaN,NaN,NaN,NaN,NaN,NaN,NaN,NaN,
35.121,0.01826,-0.00018,0.13099,0.61209,-0.14632,0.22065,-0.74515,NaN,NaN,NaN,NaN,NaN,NaN,NaN,NaN,NaN,NaN,NaN,NaN,NaN,NaN,NaN,NaN,NaN,NaN,NaN,NaN,NaN,
35.146,0.01832,-0.00039,0.13082,0.61156,-0.14614,0.22131,-0.74542,NaN,NaN,NaN,NaN,NaN,NaN,NaN,NaN,NaN,NaN,NaN,NaN,NaN,NaN,NaN,NaN,NaN,NaN,NaN,NaN,NaN,
35.171,0.01836,-0.00051,0.13071,0.61122,-0.14667,0.22213,-0.74536,NaN,NaN,NaN,NaN,NaN,NaN,NaN,NaN,NaN,NaN,NaN,NaN,NaN,NaN,NaN,NaN,NaN,NaN,NaN,NaN,NaN,
35.196,0.01820,-0.00086,0.13065,0.61043,-0.14709,0.22353,-0.74550,NaN,NaN,NaN,NaN,NaN,NaN,NaN,NaN,NaN,NaN,NaN,NaN,NaN,NaN,NaN,NaN,NaN,NaN,NaN,NaN,NaN,
35.221,0.01821,-0.00092,0.13061,0.61020,-0.14770,0.22423,-0.74536,NaN,NaN,NaN,NaN,NaN,NaN,NaN,NaN,NaN,NaN,NaN,NaN,NaN,NaN,NaN,NaN,NaN,NaN,NaN,NaN,NaN,
35.246,0.01833,-0.00085,0.13036,0.61002,-0.14703,0.22408,-0.74569,NaN,NaN,NaN,NaN,NaN,NaN,NaN,NaN,NaN,NaN,NaN,NaN,NaN,NaN,NaN,NaN,NaN,NaN,NaN,NaN,NaN,
35.271,0.01827,-0.00099,0.13036,0.61032,-0.14840,0.22447,-0.74505,NaN,NaN,NaN,NaN,NaN,NaN,NaN,NaN,NaN,NaN,NaN,NaN,NaN,NaN,NaN,NaN,NaN,NaN,NaN,NaN,NaN,
35.296,0.01827,-0.00105,0.13037,0.61048,-0.14973,0.22504,-0.74448,NaN,NaN,NaN,NaN,NaN,NaN,NaN,NaN,NaN,NaN,NaN,NaN,NaN,NaN,NaN,NaN,NaN,NaN,NaN,NaN,NaN,
35.321,0.01838,-0.00090,0.13012,0.61024,-0.14851,0.22466,-0.74504,NaN,NaN,NaN,NaN,NaN,NaN,NaN,NaN,NaN,NaN,NaN,NaN,NaN,NaN,NaN,NaN,NaN,NaN,NaN,NaN,NaN,
35.346,0.01832,-0.00106,0.13008,0.61005,-0.14873,0.22506,-0.74502,NaN,NaN,NaN,NaN,NaN,NaN,NaN,NaN,NaN,NaN,NaN,NaN,NaN,NaN,NaN,NaN,NaN,NaN,NaN,NaN,NaN,
35.371,0.01837,-0.00098,0.12999,0.61009,-0.14861,0.22493,-0.74506,NaN,NaN,NaN,NaN,NaN,NaN,NaN,NaN,NaN,NaN,NaN,NaN,NaN,NaN,NaN,NaN,NaN,NaN,NaN,NaN,NaN,
35.396,0.01834,-0.00100,0.12996,0.61031,-0.14885,0.22476,-0.74488,NaN,NaN,NaN,NaN,NaN,NaN,NaN,NaN,NaN,NaN,NaN,NaN,NaN,NaN,NaN,NaN,NaN,NaN,NaN,NaN,NaN,
35.421,0.01832,-0.00104,0.12999,0.61022,-0.14905,0.22501,-0.74484,NaN,NaN,NaN,NaN,NaN,NaN,NaN,NaN,NaN,NaN,NaN,NaN,NaN,NaN,NaN,NaN,NaN,NaN,NaN,NaN,NaN,
35.446,0.01831,-0.00101,0.12994,0.60999,-0.14859,0.22507,-0.74510,NaN,NaN,NaN,NaN,NaN,NaN,NaN,NaN,NaN,NaN,NaN,NaN,NaN,NaN,NaN,NaN,NaN,NaN,NaN,NaN,NaN,
35.471,0.01829,-0.00110,0.12997,0.60988,-0.14891,0.22542,-0.74502,NaN,NaN,NaN,NaN,NaN,NaN,NaN,NaN,NaN,NaN,NaN,NaN,NaN,NaN,NaN,NaN,NaN,NaN,NaN,NaN,NaN,
35.496,0.01831,-0.00112,0.12998,0.60978,-0.14901,0.22561,-0.74502,NaN,NaN,NaN,NaN,NaN,NaN,NaN,NaN,NaN,NaN,NaN,NaN,NaN,NaN,NaN,NaN,NaN,NaN,NaN,NaN,NaN,
35.521,0.01830,-0.00108,0.13006,0.61006,-0.14927,0.22537,-0.74482,NaN,NaN,NaN,NaN,NaN,NaN,NaN,NaN,NaN,NaN,NaN,NaN,NaN,NaN,NaN,NaN,NaN,NaN,NaN,NaN,NaN,
35.546,0.01831,-0.00109,0.13001,0.60994,-0.14906,0.22542,-0.74494,NaN,NaN,NaN,NaN,NaN,NaN,NaN,NaN,NaN,NaN,NaN,NaN,NaN,NaN,NaN,NaN,NaN,NaN,NaN,NaN,NaN,
35.571,0.01831,-0.00109,0.12999,0.60982,-0.14896,0.22554,-0.74503,NaN,NaN,NaN,NaN,NaN,NaN,NaN,NaN,NaN,NaN,NaN,NaN,NaN,NaN,NaN,NaN,NaN,NaN,NaN,NaN,NaN,
35.596,0.01832,-0.00109,0.12997,0.60970,-0.14879,0.22560,-0.74514,NaN,NaN,NaN,NaN,NaN,NaN,NaN,NaN,NaN,NaN,NaN,NaN,NaN,NaN,NaN,NaN,NaN,NaN,NaN,NaN,NaN,
35.621,0.01833,-0.00110,0.12995,0.60951,-0.14852,0.22572,-0.74531,NaN,NaN,NaN,NaN,NaN,NaN,NaN,NaN,NaN,NaN,NaN,NaN,NaN,NaN,NaN,NaN,NaN,NaN,NaN,NaN,NaN,
35.646,0.01834,-0.00112,0.12995,0.60929,-0.14830,0.22590,-0.74548,NaN,NaN,NaN,NaN,NaN,NaN,NaN,NaN,NaN,NaN,NaN,NaN,NaN,NaN,NaN,NaN,NaN,NaN,NaN,NaN,NaN,
35.671,0.01829,-0.00136,0.13007,0.60776,-0.14734,0.22752,-0.74642,NaN,NaN,NaN,NaN,NaN,NaN,NaN,NaN,NaN,NaN,NaN,NaN,NaN,NaN,NaN,NaN,NaN,NaN,NaN,NaN,NaN,
35.696,0.01830,-0.00145,0.13009,0.60648,-0.14594,0.22852,-0.74744,NaN,NaN,NaN,NaN,NaN,NaN,NaN,NaN,NaN,NaN,NaN,NaN,NaN,NaN,NaN,NaN,NaN,NaN,NaN,NaN,NaN,
35.721,0.01825,-0.00172,0.13014,0.60500,-0.14463,0.22985,-0.74849,NaN,NaN,NaN,NaN,NaN,NaN,NaN,NaN,NaN,NaN,NaN,NaN,NaN,NaN,NaN,NaN,NaN,NaN,NaN,NaN,NaN,
35.746,0.01829,-0.00186,0.13019,0.60345,-0.14337,0.23129,-0.74953,NaN,NaN,NaN,NaN,NaN,NaN,NaN,NaN,NaN,NaN,NaN,NaN,NaN,NaN,NaN,NaN,NaN,NaN,NaN,NaN,NaN,
35.771,0.01833,-0.00195,0.13018,0.60255,-0.14236,0.23197,-0.75024,NaN,NaN,NaN,NaN,NaN,NaN,NaN,NaN,NaN,NaN,NaN,NaN,NaN,NaN,NaN,NaN,NaN,NaN,NaN,NaN,NaN,
35.796,0.01827,-0.00237,0.13015,0.59929,-0.13928,0.23472,-0.75257,NaN,NaN,NaN,NaN,NaN,NaN,NaN,NaN,NaN,NaN,NaN,NaN,NaN,NaN,NaN,NaN,NaN,NaN,NaN,NaN,NaN,
35.821,0.01823,-0.00264,0.13022,0.59780,-0.13835,0.23626,-0.75344,NaN,NaN,NaN,NaN,NaN,NaN,NaN,NaN,NaN,NaN,NaN,NaN,NaN,NaN,NaN,NaN,NaN,NaN,NaN,NaN,NaN,
35.846,0.01823,-0.00264,0.13022,0.59780,-0.13835,0.23626,-0.75344,NaN,NaN,NaN,NaN,NaN,NaN,NaN,NaN,NaN,NaN,NaN,NaN,NaN,NaN,NaN,NaN,NaN,NaN,NaN,NaN,NaN,
35.871,0.01830,-0.00268,0.13023,0.59665,-0.13728,0.23723,-0.75425,NaN,NaN,NaN,NaN,NaN,NaN,NaN,NaN,NaN,NaN,NaN,NaN,NaN,NaN,NaN,NaN,NaN,NaN,NaN,NaN,NaN,
35.896,0.01827,-0.00283,0.13023,0.59565,-0.13610,0.23791,-0.75503,NaN,NaN,NaN,NaN,NaN,NaN,NaN,NaN,NaN,NaN,NaN,NaN,NaN,NaN,NaN,NaN,NaN,NaN,NaN,NaN,NaN,
35.921,0.01825,-0.00295,0.13032,0.59481,-0.13586,0.23895,-0.75541,NaN,NaN,NaN,NaN,NaN,NaN,NaN,NaN,NaN,NaN,NaN,NaN,NaN,NaN,NaN,NaN,NaN,NaN,NaN,NaN,NaN,
35.946,0.01828,-0.00305,0.13031,0.59361,-0.13456,0.23983,-0.75630,NaN,NaN,NaN,NaN,NaN,NaN,NaN,NaN,NaN,NaN,NaN,NaN,NaN,NaN,NaN,NaN,NaN,NaN,NaN,NaN,NaN,
35.971,0.01825,-0.00326,0.13036,0.59183,-0.13313,0.24146,-0.75744,NaN,NaN,NaN,NaN,NaN,NaN,NaN,NaN,NaN,NaN,NaN,NaN,NaN,NaN,NaN,NaN,NaN,NaN,NaN,NaN,NaN,
35.996,0.01829,-0.00366,0.13041,0.58825,-0.12989,0.24445,-0.75982,NaN,NaN,NaN,NaN,NaN,NaN,NaN,NaN,NaN,NaN,NaN,NaN,NaN,NaN,NaN,NaN,NaN,NaN,NaN,NaN,NaN,
36.021,0.01829,-0.00366,0.13041,0.58825,-0.12989,0.24445,-0.75982,NaN,NaN,NaN,NaN,NaN,NaN,NaN,NaN,NaN,NaN,NaN,NaN,NaN,NaN,NaN,NaN,NaN,NaN,NaN,NaN,NaN,
36.046,0.01819,-0.00377,0.13063,0.58906,-0.13199,0.24461,-0.75878,NaN,NaN,NaN,NaN,NaN,NaN,NaN,NaN,NaN,NaN,NaN,NaN,NaN,NaN,NaN,NaN,NaN,NaN,NaN,NaN,NaN,
36.071,0.01819,-0.00377,0.13063,0.58906,-0.13199,0.24461,-0.75878,NaN,NaN,NaN,NaN,NaN,NaN,NaN,NaN,NaN,NaN,NaN,NaN,NaN,NaN,NaN,NaN,NaN,NaN,NaN,NaN,NaN,
36.096,0.01826,-0.00368,0.13050,0.58947,-0.13170,0.24386,-0.75875,NaN,NaN,NaN,NaN,NaN,NaN,NaN,NaN,NaN,NaN,NaN,NaN,NaN,NaN,NaN,NaN,NaN,NaN,NaN,NaN,NaN,
36.121,0.01826,-0.00368,0.13050,0.58947,-0.13170,0.24386,-0.75875,NaN,NaN,NaN,NaN,NaN,NaN,NaN,NaN,NaN,NaN,NaN,NaN,NaN,NaN,NaN,NaN,NaN,NaN,NaN,NaN,NaN,
36.146,0.01828,-0.00374,0.13060,0.58971,-0.13295,0.24430,-0.75821,NaN,NaN,NaN,NaN,NaN,NaN,NaN,NaN,NaN,NaN,NaN,NaN,NaN,NaN,NaN,NaN,NaN,NaN,NaN,NaN,NaN,
36.171,0.01826,-0.00382,0.13059,0.58943,-0.13277,0.24458,-0.75837,NaN,NaN,NaN,NaN,NaN,NaN,NaN,NaN,NaN,NaN,NaN,NaN,NaN,NaN,NaN,NaN,NaN,NaN,NaN,NaN,NaN,
36.196,0.01826,-0.00376,0.13053,0.58916,-0.13182,0.24437,-0.75881,NaN,NaN,NaN,NaN,NaN,NaN,NaN,NaN,NaN,NaN,NaN,NaN,NaN,NaN,NaN,NaN,NaN,NaN,NaN,NaN,NaN,
36.221,0.01825,-0.00380,0.13057,0.58922,-0.13218,0.24451,-0.75866,NaN,NaN,NaN,NaN,NaN,NaN,NaN,NaN,NaN,NaN,NaN,NaN,NaN,NaN,NaN,NaN,NaN,NaN,NaN,NaN,NaN,
36.246,0.01824,-0.00381,0.13060,0.58933,-0.13256,0.24458,-0.75848,NaN,NaN,NaN,NaN,NaN,NaN,NaN,NaN,NaN,NaN,NaN,NaN,NaN,NaN,NaN,NaN,NaN,NaN,NaN,NaN,NaN,
36.271,0.01825,-0.00382,0.13058,0.58929,-0.13253,0.24462,-0.75851,NaN,NaN,NaN,NaN,NaN,NaN,NaN,NaN,NaN,NaN,NaN,NaN,NaN,NaN,NaN,NaN,NaN,NaN,NaN,NaN,NaN,
36.296,0.01825,-0.00384,0.13056,0.58916,-0.13236,0.24470,-0.75861,NaN,NaN,NaN,NaN,NaN,NaN,NaN,NaN,NaN,NaN,NaN,NaN,NaN,NaN,NaN,NaN,NaN,NaN,NaN,NaN,NaN,
36.321,0.01824,-0.00387,0.13056,0.58898,-0.13225,0.24489,-0.75871,NaN,NaN,NaN,NaN,NaN,NaN,NaN,NaN,NaN,NaN,NaN,NaN,NaN,NaN,NaN,NaN,NaN,NaN,NaN,NaN,NaN,
36.346,0.01824,-0.00390,0.13055,0.58873,-0.13211,0.24515,-0.75885,NaN,NaN,NaN,NaN,NaN,NaN,NaN,NaN,NaN,NaN,NaN,NaN,NaN,NaN,NaN,NaN,NaN,NaN,NaN,NaN,NaN,
36.371,0.01825,-0.00394,0.13054,0.58844,-0.13191,0.24543,-0.75901,NaN,NaN,NaN,NaN,NaN,NaN,NaN,NaN,NaN,NaN,NaN,NaN,NaN,NaN,NaN,NaN,NaN,NaN,NaN,NaN,NaN,
36.396,0.01825,-0.00394,0.13054,0.58844,-0.13191,0.24543,-0.75901,NaN,NaN,NaN,NaN,NaN,NaN,NaN,NaN,NaN,NaN,NaN,NaN,NaN,NaN,NaN,NaN,NaN,NaN,NaN,NaN,NaN,
36.421,0.01825,-0.00402,0.13052,0.58783,-0.13149,0.24602,-0.75937,NaN,NaN,NaN,NaN,NaN,NaN,NaN,NaN,NaN,NaN,NaN,NaN,NaN,NaN,NaN,NaN,NaN,NaN,NaN,NaN,NaN,
36.446,0.01825,-0.00402,0.13052,0.58783,-0.13149,0.24602,-0.75937,NaN,NaN,NaN,NaN,NaN,NaN,NaN,NaN,NaN,NaN,NaN,NaN,NaN,NaN,NaN,NaN,NaN,NaN,NaN,NaN,NaN,
36.471,0.01825,-0.00412,0.13051,0.58715,-0.13113,0.24674,-0.75972,NaN,NaN,NaN,NaN,NaN,NaN,NaN,NaN,NaN,NaN,NaN,NaN,NaN,NaN,NaN,NaN,NaN,NaN,NaN,NaN,NaN,
36.496,0.01824,-0.00418,0.13050,0.58686,-0.13099,0.24706,-0.75987,NaN,NaN,NaN,NaN,NaN,NaN,NaN,NaN,NaN,NaN,NaN,NaN,NaN,NaN,NaN,NaN,NaN,NaN,NaN,NaN,NaN,
36.521,0.01824,-0.00418,0.13050,0.58686,-0.13099,0.24706,-0.75987,NaN,NaN,NaN,NaN,NaN,NaN,NaN,NaN,NaN,NaN,NaN,NaN,NaN,NaN,NaN,NaN,NaN,NaN,NaN,NaN,NaN,
36.546,0.01823,-0.00427,0.13048,0.58628,-0.13075,0.24771,-0.76015,NaN,NaN,NaN,NaN,NaN,NaN,NaN,NaN,NaN,NaN,NaN,NaN,NaN,NaN,NaN,NaN,NaN,NaN,NaN,NaN,NaN,
36.571,0.01823,-0.00430,0.13048,0.58606,-0.13071,0.24799,-0.76023,NaN,NaN,NaN,NaN,NaN,NaN,NaN,NaN,NaN,NaN,NaN,NaN,NaN,NaN,NaN,NaN,NaN,NaN,NaN,NaN,NaN,
36.596,0.01823,-0.00432,0.13046,0.58584,-0.13061,0.24823,-0.76034,NaN,NaN,NaN,NaN,NaN,NaN,NaN,NaN,NaN,NaN,NaN,NaN,NaN,NaN,NaN,NaN,NaN,NaN,NaN,NaN,NaN,
36.621,0.01823,-0.00435,0.13045,0.58566,-0.13051,0.24842,-0.76043,NaN,NaN,NaN,NaN,NaN,NaN,NaN,NaN,NaN,NaN,NaN,NaN,NaN,NaN,NaN,NaN,NaN,NaN,NaN,NaN,NaN,
36.646,0.01821,-0.00438,0.13044,0.58548,-0.13050,0.24866,-0.76050,NaN,NaN,NaN,NaN,NaN,NaN,NaN,NaN,NaN,NaN,NaN,NaN,NaN,NaN,NaN,NaN,NaN,NaN,NaN,NaN,NaN,
36.671,0.01821,-0.00440,0.13041,0.58525,-0.13029,0.24885,-0.76065,NaN,NaN,NaN,NaN,NaN,NaN,NaN,NaN,NaN,NaN,NaN,NaN,NaN,NaN,NaN,NaN,NaN,NaN,NaN,NaN,NaN,
36.696,0.01820,-0.00445,0.13038,0.58489,-0.13000,0.24917,-0.76087,NaN,NaN,NaN,NaN,NaN,NaN,NaN,NaN,NaN,NaN,NaN,NaN,NaN,NaN,NaN,NaN,NaN,NaN,NaN,NaN,NaN,
36.721,0.01820,-0.00468,0.13019,0.58207,-0.12762,0.25158,-0.76263,NaN,NaN,NaN,NaN,NaN,NaN,NaN,NaN,NaN,NaN,NaN,NaN,NaN,NaN,NaN,NaN,NaN,NaN,NaN,NaN,NaN,
36.746,0.01822,-0.00469,0.13013,0.58126,-0.12696,0.25230,-0.76313,NaN,NaN,NaN,NaN,NaN,NaN,NaN,NaN,NaN,NaN,NaN,NaN,NaN,NaN,NaN,NaN,NaN,NaN,NaN,NaN,NaN,
36.771,0.01819,-0.00488,0.13009,0.58072,-0.12661,0.25281,-0.76342,NaN,NaN,NaN,NaN,NaN,NaN,NaN,NaN,NaN,NaN,NaN,NaN,NaN,NaN,NaN,NaN,NaN,NaN,NaN,NaN,NaN,
36.796,0.01821,-0.00495,0.13005,0.57970,-0.12593,0.25380,-0.76399,NaN,NaN,NaN,NaN,NaN,NaN,NaN,NaN,NaN,NaN,NaN,NaN,NaN,NaN,NaN,NaN,NaN,NaN,NaN,NaN,NaN,
36.821,0.01819,-0.00509,0.12999,0.57869,-0.12490,0.25454,-0.76468,NaN,NaN,NaN,NaN,NaN,NaN,NaN,NaN,NaN,NaN,NaN,NaN,NaN,NaN,NaN,NaN,NaN,NaN,NaN,NaN,NaN,
36.846,0.01822,-0.00518,0.13001,0.57774,-0.12422,0.25541,-0.76521,NaN,NaN,NaN,NaN,NaN,NaN,NaN,NaN,NaN,NaN,NaN,NaN,NaN,NaN,NaN,NaN,NaN,NaN,NaN,NaN,NaN,
36.871,0.01816,-0.00530,0.13003,0.57680,-0.12365,0.25635,-0.76570,NaN,NaN,NaN,NaN,NaN,NaN,NaN,NaN,NaN,NaN,NaN,NaN,NaN,NaN,NaN,NaN,NaN,NaN,NaN,NaN,NaN,
36.896,0.01809,-0.00544,0.13001,0.57581,-0.12258,0.25703,-0.76639,NaN,NaN,NaN,NaN,NaN,NaN,NaN,NaN,NaN,NaN,NaN,NaN,NaN,NaN,NaN,NaN,NaN,NaN,NaN,NaN,NaN,
36.921,0.01806,-0.00558,0.12999,0.57485,-0.12166,0.25777,-0.76701,NaN,NaN,NaN,NaN,NaN,NaN,NaN,NaN,NaN,NaN,NaN,NaN,NaN,NaN,NaN,NaN,NaN,NaN,NaN,NaN,NaN,
36.946,0.01808,-0.00568,0.12998,0.57412,-0.12102,0.25837,-0.76746,NaN,NaN,NaN,NaN,NaN,NaN,NaN,NaN,NaN,NaN,NaN,NaN,NaN,NaN,NaN,NaN,NaN,NaN,NaN,NaN,NaN,
36.971,0.01806,-0.00575,0.12996,0.57300,-0.12007,0.25929,-0.76813,NaN,NaN,NaN,NaN,NaN,NaN,NaN,NaN,NaN,NaN,NaN,NaN,NaN,NaN,NaN,NaN,NaN,NaN,NaN,NaN,NaN,
36.996,0.01804,-0.00590,0.12997,0.57199,-0.11946,0.26027,-0.76864,NaN,NaN,NaN,NaN,NaN,NaN,NaN,NaN,NaN,NaN,NaN,NaN,NaN,NaN,NaN,NaN,NaN,NaN,NaN,NaN,NaN,
37.021,0.01802,-0.00610,0.12998,0.57116,-0.11860,0.26086,-0.76919,NaN,NaN,NaN,NaN,NaN,NaN,NaN,NaN,NaN,NaN,NaN,NaN,NaN,NaN,NaN,NaN,NaN,NaN,NaN,NaN,NaN,
37.046,0.01782,-0.00631,0.13011,0.57031,-0.11759,0.26138,-0.76981,NaN,NaN,NaN,NaN,NaN,NaN,NaN,NaN,NaN,NaN,NaN,NaN,NaN,NaN,NaN,NaN,NaN,NaN,NaN,NaN,NaN,
37.071,0.01779,-0.00626,0.12998,0.56906,-0.11452,0.26115,-0.77127,NaN,NaN,NaN,NaN,NaN,NaN,NaN,NaN,NaN,NaN,NaN,NaN,NaN,NaN,NaN,NaN,NaN,NaN,NaN,NaN,NaN,
37.096,0.01774,-0.00643,0.12996,0.56772,-0.11367,0.26241,-0.77195,NaN,NaN,NaN,NaN,NaN,NaN,NaN,NaN,NaN,NaN,NaN,NaN,NaN,NaN,NaN,NaN,NaN,NaN,NaN,NaN,NaN,
37.121,0.01771,-0.00664,0.12993,0.56625,-0.11265,0.26376,-0.77273,NaN,NaN,NaN,NaN,NaN,NaN,NaN,NaN,NaN,NaN,NaN,NaN,NaN,NaN,NaN,NaN,NaN,NaN,NaN,NaN,NaN,
37.146,0.01765,-0.00679,0.12994,0.56524,-0.11200,0.26469,-0.77324,NaN,NaN,NaN,NaN,NaN,NaN,NaN,NaN,NaN,NaN,NaN,NaN,NaN,NaN,NaN,NaN,NaN,NaN,NaN,NaN,NaN,
37.171,0.01766,-0.00678,0.12991,0.56480,-0.11145,0.26494,-0.77355,NaN,NaN,NaN,NaN,NaN,NaN,NaN,NaN,NaN,NaN,NaN,NaN,NaN,NaN,NaN,NaN,NaN,NaN,NaN,NaN,NaN,
37.196,0.01763,-0.00685,0.12997,0.56484,-0.11159,0.26498,-0.77349,NaN,NaN,NaN,NaN,NaN,NaN,NaN,NaN,NaN,NaN,NaN,NaN,NaN,NaN,NaN,NaN,NaN,NaN,NaN,NaN,NaN,
37.221,0.01763,-0.00678,0.12991,0.56481,-0.11076,0.26450,-0.77380,NaN,NaN,NaN,NaN,NaN,NaN,NaN,NaN,NaN,NaN,NaN,NaN,NaN,NaN,NaN,NaN,NaN,NaN,NaN,NaN,NaN,
37.246,0.01766,-0.00678,0.12992,0.56482,-0.11078,0.26450,-0.77379,NaN,NaN,NaN,NaN,NaN,NaN,NaN,NaN,NaN,NaN,NaN,NaN,NaN,NaN,NaN,NaN,NaN,NaN,NaN,NaN,NaN,
37.271,0.01764,-0.00681,0.12995,0.56478,-0.11100,0.26469,-0.77372,NaN,NaN,NaN,NaN,NaN,NaN,NaN,NaN,NaN,NaN,NaN,NaN,NaN,NaN,NaN,NaN,NaN,NaN,NaN,NaN,NaN,
37.296,0.01760,-0.00682,0.12992,0.56470,-0.11078,0.26466,-0.77382,NaN,NaN,NaN,NaN,NaN,NaN,NaN,NaN,NaN,NaN,NaN,NaN,NaN,NaN,NaN,NaN,NaN,NaN,NaN,NaN,NaN,
37.321,0.01764,-0.00676,0.12990,0.56505,-0.11112,0.26440,-0.77360,NaN,NaN,NaN,NaN,NaN,NaN,NaN,NaN,NaN,NaN,NaN,NaN,NaN,NaN,NaN,NaN,NaN,NaN,NaN,NaN,NaN,
37.346,0.01763,-0.00680,0.12990,0.56480,-0.11086,0.26457,-0.77377,NaN,NaN,NaN,NaN,NaN,NaN,NaN,NaN,NaN,NaN,NaN,NaN,NaN,NaN,NaN,NaN,NaN,NaN,NaN,NaN,NaN,
37.371,0.01757,-0.00693,0.12994,0.56379,-0.11002,0.26539,-0.77434,NaN,NaN,NaN,NaN,NaN,NaN,NaN,NaN,NaN,NaN,NaN,NaN,NaN,NaN,NaN,NaN,NaN,NaN,NaN,NaN,NaN,
37.396,0.01762,-0.00705,0.12996,0.56267,-0.10899,0.26624,-0.77501,NaN,NaN,NaN,NaN,NaN,NaN,NaN,NaN,NaN,NaN,NaN,NaN,NaN,NaN,NaN,NaN,NaN,NaN,NaN,NaN,NaN,
37.421,0.01761,-0.00713,0.13002,0.56191,-0.10853,0.26696,-0.77538,NaN,NaN,NaN,NaN,NaN,NaN,NaN,NaN,NaN,NaN,NaN,NaN,NaN,NaN,NaN,NaN,NaN,NaN,NaN,NaN,NaN,
37.446,0.01759,-0.00721,0.13004,0.56155,-0.10810,0.26717,-0.77562,NaN,NaN,NaN,NaN,NaN,NaN,NaN,NaN,NaN,NaN,NaN,NaN,NaN,NaN,NaN,NaN,NaN,NaN,NaN,NaN,NaN,
37.471,0.01756,-0.00727,0.13012,0.56093,-0.10772,0.26776,-0.77593,NaN,NaN,NaN,NaN,NaN,NaN,NaN,NaN,NaN,NaN,NaN,NaN,NaN,NaN,NaN,NaN,NaN,NaN,NaN,NaN,NaN,
37.496,0.01755,-0.00732,0.13011,0.56009,-0.10670,0.26823,-0.77651,NaN,NaN,NaN,NaN,NaN,NaN,NaN,NaN,NaN,NaN,NaN,NaN,NaN,NaN,NaN,NaN,NaN,NaN,NaN,NaN,NaN,
37.521,0.01747,-0.00745,0.13011,0.55938,-0.10553,0.26844,-0.77711,NaN,NaN,NaN,NaN,NaN,NaN,NaN,NaN,NaN,NaN,NaN,NaN,NaN,NaN,NaN,NaN,NaN,NaN,NaN,NaN,NaN,
37.546,0.01730,-0.00765,0.13026,0.55826,-0.10446,0.26924,-0.77778,NaN,NaN,NaN,NaN,NaN,NaN,NaN,NaN,NaN,NaN,NaN,NaN,NaN,NaN,NaN,NaN,NaN,NaN,NaN,NaN,NaN,
37.571,0.01729,-0.00772,0.13019,0.55747,-0.10269,0.26916,-0.77861,NaN,NaN,NaN,NaN,NaN,NaN,NaN,NaN,NaN,NaN,NaN,NaN,NaN,NaN,NaN,NaN,NaN,NaN,NaN,NaN,NaN,
37.596,0.01727,-0.00781,0.13018,0.55618,-0.10157,0.27016,-0.77933,NaN,NaN,NaN,NaN,NaN,NaN,NaN,NaN,NaN,NaN,NaN,NaN,NaN,NaN,NaN,NaN,NaN,NaN,NaN,NaN,NaN,
37.621,0.01727,-0.00791,0.13017,0.55456,-0.10014,0.27138,-0.78024,NaN,NaN,NaN,NaN,NaN,NaN,NaN,NaN,NaN,NaN,NaN,NaN,NaN,NaN,NaN,NaN,NaN,NaN,NaN,NaN,NaN,
37.646,0.01727,-0.00805,0.13020,0.55355,-0.09936,0.27222,-0.78077,NaN,NaN,NaN,NaN,NaN,NaN,NaN,NaN,NaN,NaN,NaN,NaN,NaN,NaN,NaN,NaN,NaN,NaN,NaN,NaN,NaN,
37.671,0.01723,-0.00809,0.13020,0.55263,-0.09852,0.27289,-0.78129,NaN,NaN,NaN,NaN,NaN,NaN,NaN,NaN,NaN,NaN,NaN,NaN,NaN,NaN,NaN,NaN,NaN,NaN,NaN,NaN,NaN,
37.696,0.01717,-0.00822,0.13021,0.55171,-0.09775,0.27361,-0.78179,NaN,NaN,NaN,NaN,NaN,NaN,NaN,NaN,NaN,NaN,NaN,NaN,NaN,NaN,NaN,NaN,NaN,NaN,NaN,NaN,NaN,
37.721,0.01717,-0.00834,0.13019,0.55090,-0.09708,0.27425,-0.78222,NaN,NaN,NaN,NaN,NaN,NaN,NaN,NaN,NaN,NaN,NaN,NaN,NaN,NaN,NaN,NaN,NaN,NaN,NaN,NaN,NaN,
37.746,0.01707,-0.00835,0.13020,0.55075,-0.09641,0.27402,-0.78249,NaN,NaN,NaN,NaN,NaN,NaN,NaN,NaN,NaN,NaN,NaN,NaN,NaN,NaN,NaN,NaN,NaN,NaN,NaN,NaN,NaN,
37.771,0.01705,-0.00834,0.13018,0.55075,-0.09584,0.27365,-0.78269,NaN,NaN,NaN,NaN,NaN,NaN,NaN,NaN,NaN,NaN,NaN,NaN,NaN,NaN,NaN,NaN,NaN,NaN,NaN,NaN,NaN,
37.796,0.01706,-0.00842,0.13025,0.55000,-0.09564,0.27451,-0.78294,NaN,NaN,NaN,NaN,NaN,NaN,NaN,NaN,NaN,NaN,NaN,NaN,NaN,NaN,NaN,NaN,NaN,NaN,NaN,NaN,NaN,
37.821,0.01698,-0.00855,0.13022,0.54812,-0.09353,0.27561,-0.78412,NaN,NaN,NaN,NaN,NaN,NaN,NaN,NaN,NaN,NaN,NaN,NaN,NaN,NaN,NaN,NaN,NaN,NaN,NaN,NaN,NaN,
37.846,0.01694,-0.00879,0.13023,0.54638,-0.09181,0.27677,-0.78513,NaN,NaN,NaN,NaN,NaN,NaN,NaN,NaN,NaN,NaN,NaN,NaN,NaN,NaN,NaN,NaN,NaN,NaN,NaN,NaN,NaN,
37.871,0.01686,-0.00894,0.13021,0.54496,-0.09016,0.27756,-0.78603,NaN,NaN,NaN,NaN,NaN,NaN,NaN,NaN,NaN,NaN,NaN,NaN,NaN,NaN,NaN,NaN,NaN,NaN,NaN,NaN,NaN,
37.896,0.01683,-0.00911,0.13020,0.54383,-0.08916,0.27838,-0.78664,NaN,NaN,NaN,NaN,NaN,NaN,NaN,NaN,NaN,NaN,NaN,NaN,NaN,NaN,NaN,NaN,NaN,NaN,NaN,NaN,NaN,
37.921,0.01675,-0.00916,0.13017,0.54290,-0.08764,0.27862,-0.78737,NaN,NaN,NaN,NaN,NaN,NaN,NaN,NaN,NaN,NaN,NaN,NaN,NaN,NaN,NaN,NaN,NaN,NaN,NaN,NaN,NaN,
37.946,0.01665,-0.00924,0.13030,0.54232,-0.08754,0.27931,-0.78754,NaN,NaN,NaN,NaN,NaN,NaN,NaN,NaN,NaN,NaN,NaN,NaN,NaN,NaN,NaN,NaN,NaN,NaN,NaN,NaN,NaN,
37.971,0.01665,-0.00926,0.13028,0.54238,-0.08730,0.27907,-0.78761,NaN,NaN,NaN,NaN,NaN,NaN,NaN,NaN,NaN,NaN,NaN,NaN,NaN,NaN,NaN,NaN,NaN,NaN,NaN,NaN,NaN,
37.996,0.01670,-0.00926,0.13022,0.54230,-0.08699,0.27897,-0.78773,NaN,NaN,NaN,NaN,NaN,NaN,NaN,NaN,NaN,NaN,NaN,NaN,NaN,NaN,NaN,NaN,NaN,NaN,NaN,NaN,NaN,
38.021,0.01669,-0.00930,0.13029,0.54196,-0.08733,0.27963,-0.78769,NaN,NaN,NaN,NaN,NaN,NaN,NaN,NaN,NaN,NaN,NaN,NaN,NaN,NaN,NaN,NaN,NaN,NaN,NaN,NaN,NaN,
38.046,0.01672,-0.00934,0.13025,0.54149,-0.08675,0.27986,-0.78800,NaN,NaN,NaN,NaN,NaN,NaN,NaN,NaN,NaN,NaN,NaN,NaN,NaN,NaN,NaN,NaN,NaN,NaN,NaN,NaN,NaN,
38.071,0.01662,-0.00942,0.13024,0.54070,-0.08614,0.28049,-0.78838,NaN,NaN,NaN,NaN,NaN,NaN,NaN,NaN,NaN,NaN,NaN,NaN,NaN,NaN,NaN,NaN,NaN,NaN,NaN,NaN,NaN,
38.096,0.01664,-0.00952,0.13026,0.53979,-0.08550,0.28125,-0.78881,NaN,NaN,NaN,NaN,NaN,NaN,NaN,NaN,NaN,NaN,NaN,NaN,NaN,NaN,NaN,NaN,NaN,NaN,NaN,NaN,NaN,
38.121,0.01662,-0.00950,0.13022,0.53971,-0.08502,0.28104,-0.78899,NaN,NaN,NaN,NaN,NaN,NaN,NaN,NaN,NaN,NaN,NaN,NaN,NaN,NaN,NaN,NaN,NaN,NaN,NaN,NaN,NaN,
38.146,0.01661,-0.00953,0.13022,0.53953,-0.08498,0.28125,-0.78904,NaN,NaN,NaN,NaN,NaN,NaN,NaN,NaN,NaN,NaN,NaN,NaN,NaN,NaN,NaN,NaN,NaN,NaN,NaN,NaN,NaN,
38.171,0.01661,-0.00954,0.13022,0.53965,-0.08512,0.28118,-0.78896,NaN,NaN,NaN,NaN,NaN,NaN,NaN,NaN,NaN,NaN,NaN,NaN,NaN,NaN,NaN,NaN,NaN,NaN,NaN,NaN,NaN,
38.196,0.01658,-0.00954,0.13022,0.53955,-0.08518,0.28135,-0.78897,NaN,NaN,NaN,NaN,NaN,NaN,NaN,NaN,NaN,NaN,NaN,NaN,NaN,NaN,NaN,NaN,NaN,NaN,NaN,NaN,NaN,
38.221,0.01658,-0.00954,0.13021,0.53958,-0.08511,0.28127,-0.78899,NaN,NaN,NaN,NaN,NaN,NaN,NaN,NaN,NaN,NaN,NaN,NaN,NaN,NaN,NaN,NaN,NaN,NaN,NaN,NaN,NaN,
38.246,0.01662,-0.00949,0.13022,0.54002,-0.08538,0.28088,-0.78879,NaN,NaN,NaN,NaN,NaN,NaN,NaN,NaN,NaN,NaN,NaN,NaN,NaN,NaN,NaN,NaN,NaN,NaN,NaN,NaN,NaN,
38.271,0.01661,-0.00950,0.13021,0.53977,-0.08514,0.28104,-0.78893,NaN,NaN,NaN,NaN,NaN,NaN,NaN,NaN,NaN,NaN,NaN,NaN,NaN,NaN,NaN,NaN,NaN,NaN,NaN,NaN,NaN,
38.296,0.01660,-0.00952,0.13019,0.53941,-0.08469,0.28122,-0.78916,NaN,NaN,NaN,NaN,NaN,NaN,NaN,NaN,NaN,NaN,NaN,NaN,NaN,NaN,NaN,NaN,NaN,NaN,NaN,NaN,NaN,
38.321,0.01659,-0.00973,0.13012,0.53690,-0.08240,0.28297,-0.79049,NaN,NaN,NaN,NaN,NaN,NaN,NaN,NaN,NaN,NaN,NaN,NaN,NaN,NaN,NaN,NaN,NaN,NaN,NaN,NaN,NaN,
38.346,0.01658,-0.00990,0.13009,0.53549,-0.08102,0.28388,-0.79126,NaN,NaN,NaN,NaN,NaN,NaN,NaN,NaN,NaN,NaN,NaN,NaN,NaN,NaN,NaN,NaN,NaN,NaN,NaN,NaN,NaN,
38.371,0.01643,-0.01004,0.13021,0.53457,-0.08011,0.28447,-0.79177,NaN,NaN,NaN,NaN,NaN,NaN,NaN,NaN,NaN,NaN,NaN,NaN,NaN,NaN,NaN,NaN,NaN,NaN,NaN,NaN,NaN,
38.396,0.01630,-0.01006,0.13024,0.53434,-0.07912,0.28411,-0.79215,NaN,NaN,NaN,NaN,NaN,NaN,NaN,NaN,NaN,NaN,NaN,NaN,NaN,NaN,NaN,NaN,NaN,NaN,NaN,NaN,NaN,
38.421,0.01628,-0.01007,0.13026,0.53434,-0.07912,0.28412,-0.79215,NaN,NaN,NaN,NaN,NaN,NaN,NaN,NaN,NaN,NaN,NaN,NaN,NaN,NaN,NaN,NaN,NaN,NaN,NaN,NaN,NaN,
38.446,0.01629,-0.01012,0.13030,0.53440,-0.07951,0.28429,-0.79201,NaN,NaN,NaN,NaN,NaN,NaN,NaN,NaN,NaN,NaN,NaN,NaN,NaN,NaN,NaN,NaN,NaN,NaN,NaN,NaN,NaN,
38.471,0.01624,-0.01011,0.13028,0.53432,-0.07916,0.28417,-0.79214,NaN,NaN,NaN,NaN,NaN,NaN,NaN,NaN,NaN,NaN,NaN,NaN,NaN,NaN,NaN,NaN,NaN,NaN,NaN,NaN,NaN,
38.496,0.01627,-0.01011,0.13023,0.53377,-0.07845,0.28441,-0.79249,NaN,NaN,NaN,NaN,NaN,NaN,NaN,NaN,NaN,NaN,NaN,NaN,NaN,NaN,NaN,NaN,NaN,NaN,NaN,NaN,NaN,
38.521,0.01627,-0.01026,0.13023,0.53192,-0.07686,0.28574,-0.79342,NaN,NaN,NaN,NaN,NaN,NaN,NaN,NaN,NaN,NaN,NaN,NaN,NaN,NaN,NaN,NaN,NaN,NaN,NaN,NaN,NaN,
38.546,0.01623,-0.01044,0.13026,0.52994,-0.07535,0.28727,-0.79433,NaN,NaN,NaN,NaN,NaN,NaN,NaN,NaN,NaN,NaN,NaN,NaN,NaN,NaN,NaN,NaN,NaN,NaN,NaN,NaN,NaN,
38.571,0.01609,-0.01071,0.13037,0.52956,-0.07537,0.28777,-0.79440,NaN,NaN,NaN,NaN,NaN,NaN,NaN,NaN,NaN,NaN,NaN,NaN,NaN,NaN,NaN,NaN,NaN,NaN,NaN,NaN,NaN,
38.596,0.01604,-0.01073,0.13028,0.52884,-0.07379,0.28765,-0.79507,NaN,NaN,NaN,NaN,NaN,NaN,NaN,NaN,NaN,NaN,NaN,NaN,NaN,NaN,NaN,NaN,NaN,NaN,NaN,NaN,NaN,
38.621,0.01601,-0.01085,0.13026,0.52802,-0.07320,0.28830,-0.79543,NaN,NaN,NaN,NaN,NaN,NaN,NaN,NaN,NaN,NaN,NaN,NaN,NaN,NaN,NaN,NaN,NaN,NaN,NaN,NaN,NaN,
38.646,0.01598,-0.01090,0.13029,0.52761,-0.07278,0.28855,-0.79566,NaN,NaN,NaN,NaN,NaN,NaN,NaN,NaN,NaN,NaN,NaN,NaN,NaN,NaN,NaN,NaN,NaN,NaN,NaN,NaN,NaN,
38.671,0.01591,-0.01095,0.13029,0.52693,-0.07190,0.28884,-0.79608,NaN,NaN,NaN,NaN,NaN,NaN,NaN,NaN,NaN,NaN,NaN,NaN,NaN,NaN,NaN,NaN,NaN,NaN,NaN,NaN,NaN,
38.696,0.01591,-0.01100,0.13035,0.52642,-0.07173,0.28937,-0.79624,NaN,NaN,NaN,NaN,NaN,NaN,NaN,NaN,NaN,NaN,NaN,NaN,NaN,NaN,NaN,NaN,NaN,NaN,NaN,NaN,NaN,
38.721,0.01595,-0.01101,0.13033,0.52623,-0.07150,0.28946,-0.79636,NaN,NaN,NaN,NaN,NaN,NaN,NaN,NaN,NaN,NaN,NaN,NaN,NaN,NaN,NaN,NaN,NaN,NaN,NaN,NaN,NaN,
38.746,0.01592,-0.01106,0.13033,0.52597,-0.07133,0.28967,-0.79646,NaN,NaN,NaN,NaN,NaN,NaN,NaN,NaN,NaN,NaN,NaN,NaN,NaN,NaN,NaN,NaN,NaN,NaN,NaN,NaN,NaN,
38.771,0.01593,-0.01104,0.13028,0.52511,-0.07014,0.28999,-0.79703,NaN,NaN,NaN,NaN,NaN,NaN,NaN,NaN,NaN,NaN,NaN,NaN,NaN,NaN,NaN,NaN,NaN,NaN,NaN,NaN,NaN,
38.796,0.01592,-0.01109,0.13032,0.52410,-0.06962,0.29092,-0.79740,NaN,NaN,NaN,NaN,NaN,NaN,NaN,NaN,NaN,NaN,NaN,NaN,NaN,NaN,NaN,NaN,NaN,NaN,NaN,NaN,NaN,
38.821,0.01594,-0.01122,0.13029,0.52325,-0.06880,0.29145,-0.79783,NaN,NaN,NaN,NaN,NaN,NaN,NaN,NaN,NaN,NaN,NaN,NaN,NaN,NaN,NaN,NaN,NaN,NaN,NaN,NaN,NaN,
38.846,0.01586,-0.01134,0.13033,0.52269,-0.06852,0.29197,-0.79803,NaN,NaN,NaN,NaN,NaN,NaN,NaN,NaN,NaN,NaN,NaN,NaN,NaN,NaN,NaN,NaN,NaN,NaN,NaN,NaN,NaN,
38.871,0.01584,-0.01144,0.13032,0.52189,-0.06758,0.29236,-0.79849,NaN,NaN,NaN,NaN,NaN,NaN,NaN,NaN,NaN,NaN,NaN,NaN,NaN,NaN,NaN,NaN,NaN,NaN,NaN,NaN,NaN,
38.896,0.01584,-0.01155,0.13034,0.52121,-0.06717,0.29294,-0.79876,NaN,NaN,NaN,NaN,NaN,NaN,NaN,NaN,NaN,NaN,NaN,NaN,NaN,NaN,NaN,NaN,NaN,NaN,NaN,NaN,NaN,
38.921,0.01579,-0.01168,0.13033,0.51982,-0.06637,0.29417,-0.79928,NaN,NaN,NaN,NaN,NaN,NaN,NaN,NaN,NaN,NaN,NaN,NaN,NaN,NaN,NaN,NaN,NaN,NaN,NaN,NaN,NaN,
38.946,0.01574,-0.01187,0.13026,0.51866,-0.06490,0.29464,-0.79998,NaN,NaN,NaN,NaN,NaN,NaN,NaN,NaN,NaN,NaN,NaN,NaN,NaN,NaN,NaN,NaN,NaN,NaN,NaN,NaN,NaN,
38.971,0.01557,-0.01198,0.13031,0.51702,-0.06296,0.29542,-0.80091,NaN,NaN,NaN,NaN,NaN,NaN,NaN,NaN,NaN,NaN,NaN,NaN,NaN,NaN,NaN,NaN,NaN,NaN,NaN,NaN,NaN,
38.996,0.01545,-0.01208,0.13028,0.51655,-0.06203,0.29538,-0.80129,NaN,NaN,NaN,NaN,NaN,NaN,NaN,NaN,NaN,NaN,NaN,NaN,NaN,NaN,NaN,NaN,NaN,NaN,NaN,NaN,NaN,
39.021,0.01545,-0.01210,0.13028,0.51613,-0.06132,0.29544,-0.80160,NaN,NaN,NaN,NaN,NaN,NaN,NaN,NaN,NaN,NaN,NaN,NaN,NaN,NaN,NaN,NaN,NaN,NaN,NaN,NaN,NaN,
39.046,0.01541,-0.01211,0.13030,0.51589,-0.06123,0.29568,-0.80167,NaN,NaN,NaN,NaN,NaN,NaN,NaN,NaN,NaN,NaN,NaN,NaN,NaN,NaN,NaN,NaN,NaN,NaN,NaN,NaN,NaN,
39.071,0.01540,-0.01213,0.13029,0.51579,-0.06112,0.29573,-0.80173,NaN,NaN,NaN,NaN,NaN,NaN,NaN,NaN,NaN,NaN,NaN,NaN,NaN,NaN,NaN,NaN,NaN,NaN,NaN,NaN,NaN,
39.096,0.01543,-0.01215,0.13029,0.51575,-0.06119,0.29583,-0.80171,NaN,NaN,NaN,NaN,NaN,NaN,NaN,NaN,NaN,NaN,NaN,NaN,NaN,NaN,NaN,NaN,NaN,NaN,NaN,NaN,NaN,
39.121,0.01545,-0.01213,0.13028,0.51557,-0.06106,0.29597,-0.80179,NaN,NaN,NaN,NaN,NaN,NaN,NaN,NaN,NaN,NaN,NaN,NaN,NaN,NaN,NaN,NaN,NaN,NaN,NaN,NaN,NaN,
39.146,0.01542,-0.01211,0.13026,0.51546,-0.06081,0.29593,-0.80189,NaN,NaN,NaN,NaN,NaN,NaN,NaN,NaN,NaN,NaN,NaN,NaN,NaN,NaN,NaN,NaN,NaN,NaN,NaN,NaN,NaN,
39.171,0.01547,-0.01219,0.13031,0.51499,-0.06086,0.29655,-0.80196,NaN,NaN,NaN,NaN,NaN,NaN,NaN,NaN,NaN,NaN,NaN,NaN,NaN,NaN,NaN,NaN,NaN,NaN,NaN,NaN,NaN,
39.196,0.01541,-0.01214,0.13027,0.51554,-0.06089,0.29589,-0.80185,NaN,NaN,NaN,NaN,NaN,NaN,NaN,NaN,NaN,NaN,NaN,NaN,NaN,NaN,NaN,NaN,NaN,NaN,NaN,NaN,NaN,
39.221,0.01540,-0.01217,0.13025,0.51521,-0.06057,0.29609,-0.80201,NaN,NaN,NaN,NaN,NaN,NaN,NaN,NaN,NaN,NaN,NaN,NaN,NaN,NaN,NaN,NaN,NaN,NaN,NaN,NaN,NaN,
39.246,0.01533,-0.01253,0.13027,0.51289,-0.05932,0.29815,-0.80283,NaN,NaN,NaN,NaN,NaN,NaN,NaN,NaN,NaN,NaN,NaN,NaN,NaN,NaN,NaN,NaN,NaN,NaN,NaN,NaN,NaN,
39.271,0.01529,-0.01252,0.13021,0.51189,-0.05793,0.29846,-0.80345,NaN,NaN,NaN,NaN,NaN,NaN,NaN,NaN,NaN,NaN,NaN,NaN,NaN,NaN,NaN,NaN,NaN,NaN,NaN,NaN,NaN,
39.296,0.01528,-0.01261,0.13025,0.51111,-0.05777,0.29933,-0.80364,NaN,NaN,NaN,NaN,NaN,NaN,NaN,NaN,NaN,NaN,NaN,NaN,NaN,NaN,NaN,NaN,NaN,NaN,NaN,NaN,NaN,
39.321,0.01525,-0.01271,0.13018,0.51027,-0.05692,0.29980,-0.80405,NaN,NaN,NaN,NaN,NaN,NaN,NaN,NaN,NaN,NaN,NaN,NaN,NaN,NaN,NaN,NaN,NaN,NaN,NaN,NaN,NaN,
39.346,0.01521,-0.01271,0.13017,0.51000,-0.05641,0.29980,-0.80426,NaN,NaN,NaN,NaN,NaN,NaN,NaN,NaN,NaN,NaN,NaN,NaN,NaN,NaN,NaN,NaN,NaN,NaN,NaN,NaN,NaN,
39.371,0.01525,-0.01272,0.13015,0.50998,-0.05628,0.29975,-0.80431,NaN,NaN,NaN,NaN,NaN,NaN,NaN,NaN,NaN,NaN,NaN,NaN,NaN,NaN,NaN,NaN,NaN,NaN,NaN,NaN,NaN,
39.396,0.01516,-0.01270,0.13013,0.50972,-0.05598,0.29987,-0.80445,NaN,NaN,NaN,NaN,NaN,NaN,NaN,NaN,NaN,NaN,NaN,NaN,NaN,NaN,NaN,NaN,NaN,NaN,NaN,NaN,NaN,
39.421,0.01517,-0.01272,0.13011,0.50982,-0.05594,0.29971,-0.80444,NaN,NaN,NaN,NaN,NaN,NaN,NaN,NaN,NaN,NaN,NaN,NaN,NaN,NaN,NaN,NaN,NaN,NaN,NaN,NaN,NaN,
39.446,0.01517,-0.01277,0.13011,0.51003,-0.05609,0.29955,-0.80436,NaN,NaN,NaN,NaN,NaN,NaN,NaN,NaN,NaN,NaN,NaN,NaN,NaN,NaN,NaN,NaN,NaN,NaN,NaN,NaN,NaN,
39.471,0.01518,-0.01269,0.13015,0.51042,-0.05654,0.29937,-0.80415,NaN,NaN,NaN,NaN,NaN,NaN,NaN,NaN,NaN,NaN,NaN,NaN,NaN,NaN,NaN,NaN,NaN,NaN,NaN,NaN,NaN,
39.496,0.01518,-0.01272,0.13014,0.51014,-0.05632,0.29957,-0.80427,NaN,NaN,NaN,NaN,NaN,NaN,NaN,NaN,NaN,NaN,NaN,NaN,NaN,NaN,NaN,NaN,NaN,NaN,NaN,NaN,NaN,
39.521,0.01517,-0.01274,0.13014,0.50990,-0.05612,0.29973,-0.80437,NaN,NaN,NaN,NaN,NaN,NaN,NaN,NaN,NaN,NaN,NaN,NaN,NaN,NaN,NaN,NaN,NaN,NaN,NaN,NaN,NaN,
39.546,0.01516,-0.01277,0.13012,0.50960,-0.05580,0.29989,-0.80453,NaN,NaN,NaN,NaN,NaN,NaN,NaN,NaN,NaN,NaN,NaN,NaN,NaN,NaN,NaN,NaN,NaN,NaN,NaN,NaN,NaN,
39.571,0.01516,-0.01307,0.13010,0.50655,-0.05396,0.30243,-0.80563,NaN,NaN,NaN,NaN,NaN,NaN,NaN,NaN,NaN,NaN,NaN,NaN,NaN,NaN,NaN,NaN,NaN,NaN,NaN,NaN,NaN,
39.596,0.01504,-0.01320,0.12996,0.50496,-0.05200,0.30307,-0.80651,NaN,NaN,NaN,NaN,NaN,NaN,NaN,NaN,NaN,NaN,NaN,NaN,NaN,NaN,NaN,NaN,NaN,NaN,NaN,NaN,NaN,
39.621,0.01490,-0.01341,0.13008,0.50374,-0.05077,0.30375,-0.80709,NaN,NaN,NaN,NaN,NaN,NaN,NaN,NaN,NaN,NaN,NaN,NaN,NaN,NaN,NaN,NaN,NaN,NaN,NaN,NaN,NaN,
39.646,0.01467,-0.01360,0.13011,0.50209,-0.04785,0.30382,-0.80828,NaN,NaN,NaN,NaN,NaN,NaN,NaN,NaN,NaN,NaN,NaN,NaN,NaN,NaN,NaN,NaN,NaN,NaN,NaN,NaN,NaN,
39.671,0.01454,-0.01360,0.13006,0.50127,-0.04587,0.30349,-0.80902,NaN,NaN,NaN,NaN,NaN,NaN,NaN,NaN,NaN,NaN,NaN,NaN,NaN,NaN,NaN,NaN,NaN,NaN,NaN,NaN,NaN,
39.696,0.01454,-0.01364,0.13006,0.50122,-0.04580,0.30351,-0.80905,NaN,NaN,NaN,NaN,NaN,NaN,NaN,NaN,NaN,NaN,NaN,NaN,NaN,NaN,NaN,NaN,NaN,NaN,NaN,NaN,NaN,
39.721,0.01452,-0.01369,0.13014,0.50058,-0.04597,0.30441,-0.80910,NaN,NaN,NaN,NaN,NaN,NaN,NaN,NaN,NaN,NaN,NaN,NaN,NaN,NaN,NaN,NaN,NaN,NaN,NaN,NaN,NaN,
39.746,0.01454,-0.01374,0.13007,0.50002,-0.04528,0.30462,-0.80940,NaN,NaN,NaN,NaN,NaN,NaN,NaN,NaN,NaN,NaN,NaN,NaN,NaN,NaN,NaN,NaN,NaN,NaN,NaN,NaN,NaN,
39.771,0.01455,-0.01374,0.13006,-0.49978,0.04513,-0.30481,0.80949,NaN,NaN,NaN,NaN,NaN,NaN,NaN,NaN,NaN,NaN,NaN,NaN,NaN,NaN,NaN,NaN,NaN,NaN,NaN,NaN,NaN,
39.796,0.01457,-0.01374,0.13005,-0.49965,0.04494,-0.30485,0.80957,NaN,NaN,NaN,NaN,NaN,NaN,NaN,NaN,NaN,NaN,NaN,NaN,NaN,NaN,NaN,NaN,NaN,NaN,NaN,NaN,NaN,
39.821,0.01455,-0.01380,0.13008,-0.49951,0.04510,-0.30512,0.80954,NaN,NaN,NaN,NaN,NaN,NaN,NaN,NaN,NaN,NaN,NaN,NaN,NaN,NaN,NaN,NaN,NaN,NaN,NaN,NaN,NaN,
39.846,0.01451,-0.01381,0.13006,-0.49944,0.04485,-0.30504,0.80963,NaN,NaN,NaN,NaN,NaN,NaN,NaN,NaN,NaN,NaN,NaN,NaN,NaN,NaN,NaN,NaN,NaN,NaN,NaN,NaN,NaN,
39.871,0.01451,-0.01373,0.13005,0.50015,-0.04515,0.30438,-0.80942,NaN,NaN,NaN,NaN,NaN,NaN,NaN,NaN,NaN,NaN,NaN,NaN,NaN,NaN,NaN,NaN,NaN,NaN,NaN,NaN,NaN,
39.896,0.01452,-0.01376,0.13005,-0.49987,0.04504,-0.30465,0.80950,NaN,NaN,NaN,NaN,NaN,NaN,NaN,NaN,NaN,NaN,NaN,NaN,NaN,NaN,NaN,NaN,NaN,NaN,NaN,NaN,NaN,
39.921,0.01452,-0.01378,0.13005,-0.49960,0.04486,-0.30485,0.80960,NaN,NaN,NaN,NaN,NaN,NaN,NaN,NaN,NaN,NaN,NaN,NaN,NaN,NaN,NaN,NaN,NaN,NaN,NaN,NaN,NaN,
39.946,0.01452,-0.01380,0.13004,-0.49930,0.04465,-0.30508,0.80971,NaN,NaN,NaN,NaN,NaN,NaN,NaN,NaN,NaN,NaN,NaN,NaN,NaN,NaN,NaN,NaN,NaN,NaN,NaN,NaN,NaN,
39.971,0.01452,-0.01382,0.13003,-0.49904,0.04442,-0.30524,0.80982,NaN,NaN,NaN,NaN,NaN,NaN,NaN,NaN,NaN,NaN,NaN,NaN,NaN,NaN,NaN,NaN,NaN,NaN,NaN,NaN,NaN,
39.996,0.01451,-0.01384,0.13002,-0.49872,0.04414,-0.30544,0.80996,NaN,NaN,NaN,NaN,NaN,NaN,NaN,NaN,NaN,NaN,NaN,NaN,NaN,NaN,NaN,NaN,NaN,NaN,NaN,NaN,NaN,
40.021,0.01452,-0.01401,0.12997,-0.49629,0.04246,-0.30727,0.81085,NaN,NaN,NaN,NaN,NaN,NaN,NaN,NaN,NaN,NaN,NaN,NaN,NaN,NaN,NaN,NaN,NaN,NaN,NaN,NaN,NaN,
40.046,0.01446,-0.01419,0.12997,-0.49504,0.04180,-0.30834,0.81124,NaN,NaN,NaN,NaN,NaN,NaN,NaN,NaN,NaN,NaN,NaN,NaN,NaN,NaN,NaN,NaN,NaN,NaN,NaN,NaN,NaN,
40.071,0.01437,-0.01425,0.12989,-0.49420,0.04051,-0.30849,0.81176,NaN,NaN,NaN,NaN,NaN,NaN,NaN,NaN,NaN,NaN,NaN,NaN,NaN,NaN,NaN,NaN,NaN,NaN,NaN,NaN,NaN,
40.096,0.01418,-0.01444,0.13006,-0.49313,0.03903,-0.30879,0.81237,NaN,NaN,NaN,NaN,NaN,NaN,NaN,NaN,NaN,NaN,NaN,NaN,NaN,NaN,NaN,NaN,NaN,NaN,NaN,NaN,NaN,
40.121,0.01393,-0.01449,0.12996,-0.49167,0.03553,-0.30817,0.81365,NaN,NaN,NaN,NaN,NaN,NaN,NaN,NaN,NaN,NaN,NaN,NaN,NaN,NaN,NaN,NaN,NaN,NaN,NaN,NaN,NaN,
40.146,0.01394,-0.01462,0.12998,-0.49096,0.03547,-0.30900,0.81377,NaN,NaN,NaN,NaN,NaN,NaN,NaN,NaN,NaN,NaN,NaN,NaN,NaN,NaN,NaN,NaN,NaN,NaN,NaN,NaN,NaN,
40.171,0.01394,-0.01468,0.12997,-0.49047,0.03561,-0.30969,0.81380,NaN,NaN,NaN,NaN,NaN,NaN,NaN,NaN,NaN,NaN,NaN,NaN,NaN,NaN,NaN,NaN,NaN,NaN,NaN,NaN,NaN,
40.196,0.01392,-0.01472,0.12991,-0.49003,0.03529,-0.31000,0.81396,NaN,NaN,NaN,NaN,NaN,NaN,NaN,NaN,NaN,NaN,NaN,NaN,NaN,NaN,NaN,NaN,NaN,NaN,NaN,NaN,NaN,
40.221,0.01390,-0.01483,0.12993,-0.48946,0.03550,-0.31082,0.81398,NaN,NaN,NaN,NaN,NaN,NaN,NaN,NaN,NaN,NaN,NaN,NaN,NaN,NaN,NaN,NaN,NaN,NaN,NaN,NaN,NaN,
40.246,0.01390,-0.01487,0.12978,-0.48889,0.03468,-0.31096,0.81430,NaN,NaN,NaN,NaN,NaN,NaN,NaN,NaN,NaN,NaN,NaN,NaN,NaN,NaN,NaN,NaN,NaN,NaN,NaN,NaN,NaN,
40.271,0.01381,-0.01496,0.12972,-0.48820,0.03383,-0.31121,0.81466,NaN,NaN,NaN,NaN,NaN,NaN,NaN,NaN,NaN,NaN,NaN,NaN,NaN,NaN,NaN,NaN,NaN,NaN,NaN,NaN,NaN,
40.296,0.01356,-0.01510,0.12970,-0.48709,0.03158,-0.31101,0.81549,NaN,NaN,NaN,NaN,NaN,NaN,NaN,NaN,NaN,NaN,NaN,NaN,NaN,NaN,NaN,NaN,NaN,NaN,NaN,NaN,NaN,
40.321,0.01329,-0.01531,0.12980,-0.48504,0.02866,-0.31147,0.81664,NaN,NaN,NaN,NaN,NaN,NaN,NaN,NaN,NaN,NaN,NaN,NaN,NaN,NaN,NaN,NaN,NaN,NaN,NaN,NaN,NaN,
40.346,0.01316,-0.01530,0.12967,-0.48451,0.02682,-0.31085,0.81725,NaN,NaN,NaN,NaN,NaN,NaN,NaN,NaN,NaN,NaN,NaN,NaN,NaN,NaN,NaN,NaN,NaN,NaN,NaN,NaN,NaN,
40.371,0.01311,-0.01534,0.12961,-0.48408,0.02665,-0.31125,0.81736,NaN,NaN,NaN,NaN,NaN,NaN,NaN,NaN,NaN,NaN,NaN,NaN,NaN,NaN,NaN,NaN,NaN,NaN,NaN,NaN,NaN,
40.396,0.01312,-0.01543,0.12958,-0.48367,0.02695,-0.31195,0.81733,NaN,NaN,NaN,NaN,NaN,NaN,NaN,NaN,NaN,NaN,NaN,NaN,NaN,NaN,NaN,NaN,NaN,NaN,NaN,NaN,NaN,
40.421,0.01314,-0.01553,0.12956,-0.48276,0.02662,-0.31281,0.81755,NaN,NaN,NaN,NaN,NaN,NaN,NaN,NaN,NaN,NaN,NaN,NaN,NaN,NaN,NaN,NaN,NaN,NaN,NaN,NaN,NaN,
40.446,0.01314,-0.01562,0.12951,-0.48133,0.02562,-0.31383,0.81803,NaN,NaN,NaN,NaN,NaN,NaN,NaN,NaN,NaN,NaN,NaN,NaN,NaN,NaN,NaN,NaN,NaN,NaN,NaN,NaN,NaN,
40.471,0.01308,-0.01572,0.12946,-0.48040,0.02473,-0.31433,0.81841,NaN,NaN,NaN,NaN,NaN,NaN,NaN,NaN,NaN,NaN,NaN,NaN,NaN,NaN,NaN,NaN,NaN,NaN,NaN,NaN,NaN,
40.496,0.01293,-0.01587,0.12946,-0.47925,0.02367,-0.31497,0.81887,NaN,NaN,NaN,NaN,NaN,NaN,NaN,NaN,NaN,NaN,NaN,NaN,NaN,NaN,NaN,NaN,NaN,NaN,NaN,NaN,NaN,
40.521,0.01290,-0.01598,0.12950,-0.47867,0.02353,-0.31557,0.81899,NaN,NaN,NaN,NaN,NaN,NaN,NaN,NaN,NaN,NaN,NaN,NaN,NaN,NaN,NaN,NaN,NaN,NaN,NaN,NaN,NaN,
40.546,0.01286,-0.01606,0.12946,-0.47792,0.02317,-0.31621,0.81919,NaN,NaN,NaN,NaN,NaN,NaN,NaN,NaN,NaN,NaN,NaN,NaN,NaN,NaN,NaN,NaN,NaN,NaN,NaN,NaN,NaN,
40.571,0.01285,-0.01615,0.12941,-0.47724,0.02282,-0.31679,0.81937,NaN,NaN,NaN,NaN,NaN,NaN,NaN,NaN,NaN,NaN,NaN,NaN,NaN,NaN,NaN,NaN,NaN,NaN,NaN,NaN,NaN,
40.596,0.01285,-0.01620,0.12937,-0.47687,0.02293,-0.31729,0.81939,NaN,NaN,NaN,NaN,NaN,NaN,NaN,NaN,NaN,NaN,NaN,NaN,NaN,NaN,NaN,NaN,NaN,NaN,NaN,NaN,NaN,
40.621,0.01280,-0.01619,0.12934,-0.47651,0.02224,-0.31725,0.81963,NaN,NaN,NaN,NaN,NaN,NaN,NaN,NaN,NaN,NaN,NaN,NaN,NaN,NaN,NaN,NaN,NaN,NaN,NaN,NaN,NaN,
40.646,0.01255,-0.01648,0.12958,-0.47526,0.02050,-0.31753,0.82029,NaN,NaN,NaN,NaN,NaN,NaN,NaN,NaN,NaN,NaN,NaN,NaN,NaN,NaN,NaN,NaN,NaN,NaN,NaN,NaN,NaN,
40.671,0.01215,-0.01645,0.12940,-0.47411,0.01610,-0.31584,0.82171,NaN,NaN,NaN,NaN,NaN,NaN,NaN,NaN,NaN,NaN,NaN,NaN,NaN,NaN,NaN,NaN,NaN,NaN,NaN,NaN,NaN,
40.696,0.01215,-0.01656,0.12947,-0.47404,0.01696,-0.31652,0.82147,NaN,NaN,NaN,NaN,NaN,NaN,NaN,NaN,NaN,NaN,NaN,NaN,NaN,NaN,NaN,NaN,NaN,NaN,NaN,NaN,NaN,
40.721,0.01216,-0.01664,0.12942,-0.47385,0.01707,-0.31683,0.82146,NaN,NaN,NaN,NaN,NaN,NaN,NaN,NaN,NaN,NaN,NaN,NaN,NaN,NaN,NaN,NaN,NaN,NaN,NaN,NaN,NaN,
40.746,0.01212,-0.01666,0.12944,-0.47394,0.01756,-0.31706,0.82131,NaN,NaN,NaN,NaN,NaN,NaN,NaN,NaN,NaN,NaN,NaN,NaN,NaN,NaN,NaN,NaN,NaN,NaN,NaN,NaN,NaN,
40.771,0.01211,-0.01670,0.12940,-0.47369,0.01748,-0.31731,0.82136,NaN,NaN,NaN,NaN,NaN,NaN,NaN,NaN,NaN,NaN,NaN,NaN,NaN,NaN,NaN,NaN,NaN,NaN,NaN,NaN,NaN,
40.796,0.01212,-0.01668,0.12932,-0.47382,0.01730,-0.31702,0.82140,NaN,NaN,NaN,NaN,NaN,NaN,NaN,NaN,NaN,NaN,NaN,NaN,NaN,NaN,NaN,NaN,NaN,NaN,NaN,NaN,NaN,
40.821,0.01210,-0.01673,0.12940,-0.47372,0.01805,-0.31766,0.82119,NaN,NaN,NaN,NaN,NaN,NaN,NaN,NaN,NaN,NaN,NaN,NaN,NaN,NaN,NaN,NaN,NaN,NaN,NaN,NaN,NaN,
40.846,0.01201,-0.01684,0.12939,-0.47305,0.01700,-0.31773,0.82157,NaN,NaN,NaN,NaN,NaN,NaN,NaN,NaN,NaN,NaN,NaN,NaN,NaN,NaN,NaN,NaN,NaN,NaN,NaN,NaN,NaN,
40.871,0.01199,-0.01668,0.12941,-0.47378,0.01686,-0.31677,0.82153,NaN,NaN,NaN,NaN,NaN,NaN,NaN,NaN,NaN,NaN,NaN,NaN,NaN,NaN,NaN,NaN,NaN,NaN,NaN,NaN,NaN,
40.896,0.01200,-0.01674,0.12942,-0.47350,0.01697,-0.31717,0.82153,NaN,NaN,NaN,NaN,NaN,NaN,NaN,NaN,NaN,NaN,NaN,NaN,NaN,NaN,NaN,NaN,NaN,NaN,NaN,NaN,NaN,
40.921,0.01179,-0.01694,0.12935,-0.47256,0.01578,-0.31747,0.82198,NaN,NaN,NaN,NaN,NaN,NaN,NaN,NaN,NaN,NaN,NaN,NaN,NaN,NaN,NaN,NaN,NaN,NaN,NaN,NaN,NaN,
40.946,0.01180,-0.01698,0.12934,-0.47237,0.01587,-0.31775,0.82198,NaN,NaN,NaN,NaN,NaN,NaN,NaN,NaN,NaN,NaN,NaN,NaN,NaN,NaN,NaN,NaN,NaN,NaN,NaN,NaN,NaN,
40.971,0.01176,-0.01706,0.12936,-0.47201,0.01592,-0.31821,0.82201,NaN,NaN,NaN,NaN,NaN,NaN,NaN,NaN,NaN,NaN,NaN,NaN,NaN,NaN,NaN,NaN,NaN,NaN,NaN,NaN,NaN,
40.996,0.01168,-0.01720,0.12948,-0.47136,0.01575,-0.31885,0.82213,NaN,NaN,NaN,NaN,NaN,NaN,NaN,NaN,NaN,NaN,NaN,NaN,NaN,NaN,NaN,NaN,NaN,NaN,NaN,NaN,NaN,
41.021,0.01163,-0.01717,0.12932,-0.47067,0.01371,-0.31826,0.82280,NaN,NaN,NaN,NaN,NaN,NaN,NaN,NaN,NaN,NaN,NaN,NaN,NaN,NaN,NaN,NaN,NaN,NaN,NaN,NaN,NaN,
41.046,0.01148,-0.01724,0.12941,-0.47007,0.01349,-0.31881,0.82293,NaN,NaN,NaN,NaN,NaN,NaN,NaN,NaN,NaN,NaN,NaN,NaN,NaN,NaN,NaN,NaN,NaN,NaN,NaN,NaN,NaN,
41.071,0.01147,-0.01728,0.12933,-0.47010,0.01344,-0.31874,0.82294,NaN,NaN,NaN,NaN,NaN,NaN,NaN,NaN,NaN,NaN,NaN,NaN,NaN,NaN,NaN,NaN,NaN,NaN,NaN,NaN,NaN,
41.096,0.01147,-0.01728,0.12930,-0.47003,0.01387,-0.31912,0.82283,NaN,NaN,NaN,NaN,NaN,NaN,NaN,NaN,NaN,NaN,NaN,NaN,NaN,NaN,NaN,NaN,NaN,NaN,NaN,NaN,NaN,
41.121,0.01144,-0.01733,0.12932,-0.47089,0.01509,-0.31895,0.82238,NaN,NaN,NaN,NaN,NaN,NaN,NaN,NaN,NaN,NaN,NaN,NaN,NaN,NaN,NaN,NaN,NaN,NaN,NaN,NaN,NaN,
41.146,0.01140,-0.01739,0.12934,-0.47158,0.01594,-0.31874,0.82205,NaN,NaN,NaN,NaN,NaN,NaN,NaN,NaN,NaN,NaN,NaN,NaN,NaN,NaN,NaN,NaN,NaN,NaN,NaN,NaN,NaN,
41.171,0.01140,-0.01744,0.12936,-0.47158,0.01637,-0.31903,0.82193,NaN,NaN,NaN,NaN,NaN,NaN,NaN,NaN,NaN,NaN,NaN,NaN,NaN,NaN,NaN,NaN,NaN,NaN,NaN,NaN,NaN,
41.196,0.01140,-0.01744,0.12936,-0.47118,0.01631,-0.31946,0.82199,NaN,NaN,NaN,NaN,NaN,NaN,NaN,NaN,NaN,NaN,NaN,NaN,NaN,NaN,NaN,NaN,NaN,NaN,NaN,NaN,NaN,
41.221,0.01142,-0.01748,0.12932,-0.47150,0.01664,-0.31931,0.82186,NaN,NaN,NaN,NaN,NaN,NaN,NaN,NaN,NaN,NaN,NaN,NaN,NaN,NaN,NaN,NaN,NaN,NaN,NaN,NaN,NaN,
41.246,0.01139,-0.01743,0.12933,-0.47122,0.01660,-0.31962,0.82190,NaN,NaN,NaN,NaN,NaN,NaN,NaN,NaN,NaN,NaN,NaN,NaN,NaN,NaN,NaN,NaN,NaN,NaN,NaN,NaN,NaN,
41.271,0.01123,-0.01756,0.12937,-0.47082,0.01536,-0.31922,0.82231,NaN,NaN,NaN,NaN,NaN,NaN,NaN,NaN,NaN,NaN,NaN,NaN,NaN,NaN,NaN,NaN,NaN,NaN,NaN,NaN,NaN,
41.296,0.01092,-0.01758,0.12929,-0.47017,0.01288,-0.31826,0.82309,NaN,NaN,NaN,NaN,NaN,NaN,NaN,NaN,NaN,NaN,NaN,NaN,NaN,NaN,NaN,NaN,NaN,NaN,NaN,NaN,NaN,
41.321,0.01092,-0.01766,0.12935,-0.47060,0.01387,-0.31844,0.82276,NaN,NaN,NaN,NaN,NaN,NaN,NaN,NaN,NaN,NaN,NaN,NaN,NaN,NaN,NaN,NaN,NaN,NaN,NaN,NaN,NaN,
41.346,0.01095,-0.01771,0.12934,-0.47058,0.01415,-0.31867,0.82268,NaN,NaN,NaN,NaN,NaN,NaN,NaN,NaN,NaN,NaN,NaN,NaN,NaN,NaN,NaN,NaN,NaN,NaN,NaN,NaN,NaN,
41.371,0.01094,-0.01771,0.12932,-0.47077,0.01460,-0.31876,0.82253,NaN,NaN,NaN,NaN,NaN,NaN,NaN,NaN,NaN,NaN,NaN,NaN,NaN,NaN,NaN,NaN,NaN,NaN,NaN,NaN,NaN,
41.396,0.01096,-0.01770,0.12936,-0.47136,0.01572,-0.31884,0.82214,NaN,NaN,NaN,NaN,NaN,NaN,NaN,NaN,NaN,NaN,NaN,NaN,NaN,NaN,NaN,NaN,NaN,NaN,NaN,NaN,NaN,
41.421,0.01092,-0.01777,0.12930,-0.47077,0.01545,-0.31935,0.82229,NaN,NaN,NaN,NaN,NaN,NaN,NaN,NaN,NaN,NaN,NaN,NaN,NaN,NaN,NaN,NaN,NaN,NaN,NaN,NaN,NaN,
41.446,0.01089,-0.01782,0.12933,-0.47020,0.01571,-0.32020,0.82228,NaN,NaN,NaN,NaN,NaN,NaN,NaN,NaN,NaN,NaN,NaN,NaN,NaN,NaN,NaN,NaN,NaN,NaN,NaN,NaN,NaN,
41.471,0.01083,-0.01779,0.12916,-0.47022,0.01494,-0.31964,0.82250,NaN,NaN,NaN,NaN,NaN,NaN,NaN,NaN,NaN,NaN,NaN,NaN,NaN,NaN,NaN,NaN,NaN,NaN,NaN,NaN,NaN,
41.496,0.01060,-0.01808,0.12945,-0.46946,0.01377,-0.31972,0.82292,NaN,NaN,NaN,NaN,NaN,NaN,NaN,NaN,NaN,NaN,NaN,NaN,NaN,NaN,NaN,NaN,NaN,NaN,NaN,NaN,NaN,
41.521,0.00999,-0.01811,0.12927,-0.46740,0.00786,-0.31802,0.82483,NaN,NaN,NaN,NaN,NaN,NaN,NaN,NaN,NaN,NaN,NaN,NaN,NaN,NaN,NaN,NaN,NaN,NaN,NaN,NaN,NaN,
41.546,0.00997,-0.01820,0.12934,-0.46734,0.00830,-0.31840,0.82471,NaN,NaN,NaN,NaN,NaN,NaN,NaN,NaN,NaN,NaN,NaN,NaN,NaN,NaN,NaN,NaN,NaN,NaN,NaN,NaN,NaN,
41.571,0.00997,-0.01819,0.12926,-0.46761,0.00853,-0.31824,0.82461,NaN,NaN,NaN,NaN,NaN,NaN,NaN,NaN,NaN,NaN,NaN,NaN,NaN,NaN,NaN,NaN,NaN,NaN,NaN,NaN,NaN,
41.596,0.00996,-0.01828,0.12936,-0.46755,0.00985,-0.31924,0.82425,NaN,NaN,NaN,NaN,NaN,NaN,NaN,NaN,NaN,NaN,NaN,NaN,NaN,NaN,NaN,NaN,NaN,NaN,NaN,NaN,NaN,
41.621,0.00997,-0.01831,0.12932,-0.46743,0.01000,-0.31948,0.82422,NaN,NaN,NaN,NaN,NaN,NaN,NaN,NaN,NaN,NaN,NaN,NaN,NaN,NaN,NaN,NaN,NaN,NaN,NaN,NaN,NaN,
41.646,0.01002,-0.01836,0.12931,-0.46719,0.01030,-0.31998,0.82416,NaN,NaN,NaN,NaN,NaN,NaN,NaN,NaN,NaN,NaN,NaN,NaN,NaN,NaN,NaN,NaN,NaN,NaN,NaN,NaN,NaN,
41.671,0.01000,-0.01840,0.12928,-0.46692,0.01037,-0.32035,0.82417,NaN,NaN,NaN,NaN,NaN,NaN,NaN,NaN,NaN,NaN,NaN,NaN,NaN,NaN,NaN,NaN,NaN,NaN,NaN,NaN,NaN,
41.696,0.00998,-0.01841,0.12927,-0.46705,0.01082,-0.32050,0.82403,NaN,NaN,NaN,NaN,NaN,NaN,NaN,NaN,NaN,NaN,NaN,NaN,NaN,NaN,NaN,NaN,NaN,NaN,NaN,NaN,NaN,
41.721,0.00994,-0.01845,0.12927,-0.46712,0.01125,-0.32073,0.82390,NaN,NaN,NaN,NaN,NaN,NaN,NaN,NaN,NaN,NaN,NaN,NaN,NaN,NaN,NaN,NaN,NaN,NaN,NaN,NaN,NaN,
41.746,0.00992,-0.01849,0.12922,-0.46742,0.01151,-0.32055,0.82379,NaN,NaN,NaN,NaN,NaN,NaN,NaN,NaN,NaN,NaN,NaN,NaN,NaN,NaN,NaN,NaN,NaN,NaN,NaN,NaN,NaN,
41.771,0.00987,-0.01853,0.12927,-0.46771,0.01207,-0.32060,0.82360,NaN,NaN,NaN,NaN,NaN,NaN,NaN,NaN,NaN,NaN,NaN,NaN,NaN,NaN,NaN,NaN,NaN,NaN,NaN,NaN,NaN,
41.796,0.00972,-0.01856,0.12932,-0.46758,0.01053,-0.31968,0.82405,NaN,NaN,NaN,NaN,NaN,NaN,NaN,NaN,NaN,NaN,NaN,NaN,NaN,NaN,NaN,NaN,NaN,NaN,NaN,NaN,NaN,
41.821,0.00924,-0.01866,0.12940,-0.46530,0.00589,-0.31910,0.82561,NaN,NaN,NaN,NaN,NaN,NaN,NaN,NaN,NaN,NaN,NaN,NaN,NaN,NaN,NaN,NaN,NaN,NaN,NaN,NaN,NaN,
41.846,0.00911,-0.01863,0.12929,-0.46508,0.00403,-0.31805,0.82615,NaN,NaN,NaN,NaN,NaN,NaN,NaN,NaN,NaN,NaN,NaN,NaN,NaN,NaN,NaN,NaN,NaN,NaN,NaN,NaN,NaN,
41.871,0.00906,-0.01871,0.12936,-0.46498,0.00478,-0.31869,0.82596,NaN,NaN,NaN,NaN,NaN,NaN,NaN,NaN,NaN,NaN,NaN,NaN,NaN,NaN,NaN,NaN,NaN,NaN,NaN,NaN,NaN,
41.896,0.00909,-0.01874,0.12934,-0.46513,0.00499,-0.31867,0.82588,NaN,NaN,NaN,NaN,NaN,NaN,NaN,NaN,NaN,NaN,NaN,NaN,NaN,NaN,NaN,NaN,NaN,NaN,NaN,NaN,NaN,
41.921,0.00893,-0.01879,0.12930,-0.46457,0.00432,-0.31886,0.82613,NaN,NaN,NaN,NaN,NaN,NaN,NaN,NaN,NaN,NaN,NaN,NaN,NaN,NaN,NaN,NaN,NaN,NaN,NaN,NaN,NaN,
41.946,0.00895,-0.01885,0.12936,-0.46466,0.00441,-0.31881,0.82609,NaN,NaN,NaN,NaN,NaN,NaN,NaN,NaN,NaN,NaN,NaN,NaN,NaN,NaN,NaN,NaN,NaN,NaN,NaN,NaN,NaN,
41.971,0.00871,-0.01894,0.12941,-0.46395,0.00282,-0.31853,0.82661,NaN,NaN,NaN,NaN,NaN,NaN,NaN,NaN,NaN,NaN,NaN,NaN,NaN,NaN,NaN,NaN,NaN,NaN,NaN,NaN,NaN,
41.996,0.00853,-0.01892,0.12934,-0.46416,0.00198,-0.31769,0.82682,NaN,NaN,NaN,NaN,NaN,NaN,NaN,NaN,NaN,NaN,NaN,NaN,NaN,NaN,NaN,NaN,NaN,NaN,NaN,NaN,NaN,
42.021,0.00857,-0.01896,0.12932,-0.46455,0.00257,-0.31765,0.82661,NaN,NaN,NaN,NaN,NaN,NaN,NaN,NaN,NaN,NaN,NaN,NaN,NaN,NaN,NaN,NaN,NaN,NaN,NaN,NaN,NaN,
42.046,0.00855,-0.01900,0.12937,-0.46443,0.00310,-0.31815,0.82648,NaN,NaN,NaN,NaN,NaN,NaN,NaN,NaN,NaN,NaN,NaN,NaN,NaN,NaN,NaN,NaN,NaN,NaN,NaN,NaN,NaN,
42.071,0.00855,-0.01897,0.12933,-0.46468,0.00317,-0.31791,0.82643,NaN,NaN,NaN,NaN,NaN,NaN,NaN,NaN,NaN,NaN,NaN,NaN,NaN,NaN,NaN,NaN,NaN,NaN,NaN,NaN,NaN,
42.096,0.00853,-0.01893,0.12940,-0.46602,0.00432,-0.31716,0.82597,NaN,NaN,NaN,NaN,NaN,NaN,NaN,NaN,NaN,NaN,NaN,NaN,NaN,NaN,NaN,NaN,NaN,NaN,NaN,NaN,NaN,
42.121,0.00843,-0.01896,0.12944,-0.46579,0.00371,-0.31699,0.82616,NaN,NaN,NaN,NaN,NaN,NaN,NaN,NaN,NaN,NaN,NaN,NaN,NaN,NaN,NaN,NaN,NaN,NaN,NaN,NaN,NaN,
42.146,0.00831,-0.01897,0.12941,-0.46549,0.00287,-0.31675,0.82643,NaN,NaN,NaN,NaN,NaN,NaN,NaN,NaN,NaN,NaN,NaN,NaN,NaN,NaN,NaN,NaN,NaN,NaN,NaN,NaN,NaN,
42.171,0.00845,-0.01895,0.12940,-0.46514,0.00316,-0.31737,0.82638,NaN,NaN,NaN,NaN,NaN,NaN,NaN,NaN,NaN,NaN,NaN,NaN,NaN,NaN,NaN,NaN,NaN,NaN,NaN,NaN,NaN,
42.196,0.00843,-0.01897,0.12941,-0.46534,0.00329,-0.31722,0.82633,NaN,NaN,NaN,NaN,NaN,NaN,NaN,NaN,NaN,NaN,NaN,NaN,NaN,NaN,NaN,NaN,NaN,NaN,NaN,NaN,NaN,
42.221,0.00840,-0.01898,0.12941,-0.46552,0.00342,-0.31711,0.82627,NaN,NaN,NaN,NaN,NaN,NaN,NaN,NaN,NaN,NaN,NaN,NaN,NaN,NaN,NaN,NaN,NaN,NaN,NaN,NaN,NaN,
42.246,0.00835,-0.01898,0.12942,-0.46566,0.00345,-0.31696,0.82625,NaN,NaN,NaN,NaN,NaN,NaN,NaN,NaN,NaN,NaN,NaN,NaN,NaN,NaN,NaN,NaN,NaN,NaN,NaN,NaN,NaN,
42.271,0.00829,-0.01898,0.12942,-0.46579,0.00329,-0.31669,0.82628,NaN,NaN,NaN,NaN,NaN,NaN,NaN,NaN,NaN,NaN,NaN,NaN,NaN,NaN,NaN,NaN,NaN,NaN,NaN,NaN,NaN,
42.296,0.00805,-0.01902,0.12938,-0.46531,0.00136,-0.31590,0.82686,NaN,NaN,NaN,NaN,NaN,NaN,NaN,NaN,NaN,NaN,NaN,NaN,NaN,NaN,NaN,NaN,NaN,NaN,NaN,NaN,NaN,
42.321,0.00789,-0.01915,0.12947,-0.46452,0.00058,-0.31627,0.82716,NaN,NaN,NaN,NaN,NaN,NaN,NaN,NaN,NaN,NaN,NaN,NaN,NaN,NaN,NaN,NaN,NaN,NaN,NaN,NaN,NaN,
42.346,0.00783,-0.01909,0.12940,-0.46562,0.00085,-0.31517,0.82697,NaN,NaN,NaN,NaN,NaN,NaN,NaN,NaN,NaN,NaN,NaN,NaN,NaN,NaN,NaN,NaN,NaN,NaN,NaN,NaN,NaN,
42.371,0.00786,-0.01910,0.12950,-0.46631,0.00230,-0.31539,0.82649,NaN,NaN,NaN,NaN,NaN,NaN,NaN,NaN,NaN,NaN,NaN,NaN,NaN,NaN,NaN,NaN,NaN,NaN,NaN,NaN,NaN,
42.396,0.00780,-0.01908,0.12940,-0.46658,0.00148,-0.31448,0.82668,NaN,NaN,NaN,NaN,NaN,NaN,NaN,NaN,NaN,NaN,NaN,NaN,NaN,NaN,NaN,NaN,NaN,NaN,NaN,NaN,NaN,
42.421,0.00755,-0.01919,0.12949,-0.46532,-0.00047,-0.31459,0.82735,NaN,NaN,NaN,NaN,NaN,NaN,NaN,NaN,NaN,NaN,NaN,NaN,NaN,NaN,NaN,NaN,NaN,NaN,NaN,NaN,NaN,
42.446,0.00740,-0.01918,0.12949,-0.46503,-0.00148,-0.31420,0.82766,NaN,NaN,NaN,NaN,NaN,NaN,NaN,NaN,NaN,NaN,NaN,NaN,NaN,NaN,NaN,NaN,NaN,NaN,NaN,NaN,NaN,
42.471,0.00743,-0.01923,0.12949,-0.46489,-0.00131,-0.31449,0.82763,NaN,NaN,NaN,NaN,NaN,NaN,NaN,NaN,NaN,NaN,NaN,NaN,NaN,NaN,NaN,NaN,NaN,NaN,NaN,NaN,NaN,
42.496,0.00743,-0.01921,0.12942,-0.46559,-0.00087,-0.31398,0.82743,NaN,NaN,NaN,NaN,NaN,NaN,NaN,NaN,NaN,NaN,NaN,NaN,NaN,NaN,NaN,NaN,NaN,NaN,NaN,NaN,NaN,
42.521,0.00740,-0.01922,0.12955,-0.46560,-0.00024,-0.31442,0.82726,NaN,NaN,NaN,NaN,NaN,NaN,NaN,NaN,NaN,NaN,NaN,NaN,NaN,NaN,NaN,NaN,NaN,NaN,NaN,NaN,NaN,
42.546,0.00730,-0.01927,0.12953,-0.46504,-0.00165,-0.31406,0.82771,NaN,NaN,NaN,NaN,NaN,NaN,NaN,NaN,NaN,NaN,NaN,NaN,NaN,NaN,NaN,NaN,NaN,NaN,NaN,NaN,NaN,
42.571,0.00706,-0.01928,0.12944,-0.46412,-0.00393,-0.31352,0.82842,NaN,NaN,NaN,NaN,NaN,NaN,NaN,NaN,NaN,NaN,NaN,NaN,NaN,NaN,NaN,NaN,NaN,NaN,NaN,NaN,NaN,
42.596,0.00703,-0.01937,0.12949,-0.46344,-0.00435,-0.31402,0.82861,NaN,NaN,NaN,NaN,NaN,NaN,NaN,NaN,NaN,NaN,NaN,NaN,NaN,NaN,NaN,NaN,NaN,NaN,NaN,NaN,NaN,
42.621,0.00693,-0.01941,0.12945,-0.46322,-0.00504,-0.31379,0.82882,NaN,NaN,NaN,NaN,NaN,NaN,NaN,NaN,NaN,NaN,NaN,NaN,NaN,NaN,NaN,NaN,NaN,NaN,NaN,NaN,NaN,
42.646,0.00691,-0.01940,0.12946,-0.46311,-0.00500,-0.31396,0.82882,NaN,NaN,NaN,NaN,NaN,NaN,NaN,NaN,NaN,NaN,NaN,NaN,NaN,NaN,NaN,NaN,NaN,NaN,NaN,NaN,NaN,
42.671,0.00687,-0.01938,0.12942,-0.46307,-0.00532,-0.31376,0.82891,NaN,NaN,NaN,NaN,NaN,NaN,NaN,NaN,NaN,NaN,NaN,NaN,NaN,NaN,NaN,NaN,NaN,NaN,NaN,NaN,NaN,
42.696,0.00679,-0.01947,0.12953,-0.46282,-0.00552,-0.31392,0.82899,NaN,NaN,NaN,NaN,NaN,NaN,NaN,NaN,NaN,NaN,NaN,NaN,NaN,NaN,NaN,NaN,NaN,NaN,NaN,NaN,NaN,
42.721,0.00671,-0.01942,0.12951,-0.46274,-0.00599,-0.31367,0.82912,NaN,NaN,NaN,NaN,NaN,NaN,NaN,NaN,NaN,NaN,NaN,NaN,NaN,NaN,NaN,NaN,NaN,NaN,NaN,NaN,NaN,
42.746,0.00674,-0.01943,0.12947,-0.46236,-0.00612,-0.31403,0.82920,NaN,NaN,NaN,NaN,NaN,NaN,NaN,NaN,NaN,NaN,NaN,NaN,NaN,NaN,NaN,NaN,NaN,NaN,NaN,NaN,NaN,
42.771,0.00666,-0.01946,0.12942,-0.46190,-0.00700,-0.31394,0.82948,NaN,NaN,NaN,NaN,NaN,NaN,NaN,NaN,NaN,NaN,NaN,NaN,NaN,NaN,NaN,NaN,NaN,NaN,NaN,NaN,NaN,
42.796,0.00641,-0.01957,0.12951,-0.46059,-0.00912,-0.31395,0.83018,NaN,NaN,NaN,NaN,NaN,NaN,NaN,NaN,NaN,NaN,NaN,NaN,NaN,NaN,NaN,NaN,NaN,NaN,NaN,NaN,NaN,
42.821,0.00610,-0.01959,0.12940,-0.45975,-0.01178,-0.31302,0.83097,NaN,NaN,NaN,NaN,NaN,NaN,NaN,NaN,NaN,NaN,NaN,NaN,NaN,NaN,NaN,NaN,NaN,NaN,NaN,NaN,NaN,
42.846,0.00609,-0.01963,0.12945,-0.46045,-0.01084,-0.31288,0.83065,NaN,NaN,NaN,NaN,NaN,NaN,NaN,NaN,NaN,NaN,NaN,NaN,NaN,NaN,NaN,NaN,NaN,NaN,NaN,NaN,NaN,
42.871,0.00615,-0.01961,0.12952,-0.46114,-0.00970,-0.31289,0.83027,NaN,NaN,NaN,NaN,NaN,NaN,NaN,NaN,NaN,NaN,NaN,NaN,NaN,NaN,NaN,NaN,NaN,NaN,NaN,NaN,NaN,
42.896,0.00609,-0.01959,0.12952,-0.46133,-0.00951,-0.31281,0.83020,NaN,NaN,NaN,NaN,NaN,NaN,NaN,NaN,NaN,NaN,NaN,NaN,NaN,NaN,NaN,NaN,NaN,NaN,NaN,NaN,NaN,
42.921,0.00611,-0.01950,0.12948,-0.46225,-0.00915,-0.31197,0.83001,NaN,NaN,NaN,NaN,NaN,NaN,NaN,NaN,NaN,NaN,NaN,NaN,NaN,NaN,NaN,NaN,NaN,NaN,NaN,NaN,NaN,
42.946,0.00592,-0.01960,0.12963,-0.46129,-0.01079,-0.31192,0.83054,NaN,NaN,NaN,NaN,NaN,NaN,NaN,NaN,NaN,NaN,NaN,NaN,NaN,NaN,NaN,NaN,NaN,NaN,NaN,NaN,NaN,
42.971,0.00558,-0.01959,0.12952,-0.45970,-0.01475,-0.31092,0.83174,NaN,NaN,NaN,NaN,NaN,NaN,NaN,NaN,NaN,NaN,NaN,NaN,NaN,NaN,NaN,NaN,NaN,NaN,NaN,NaN,NaN,
42.996,0.00548,-0.01967,0.12952,-0.45944,-0.01528,-0.31084,0.83190,NaN,NaN,NaN,NaN,NaN,NaN,NaN,NaN,NaN,NaN,NaN,NaN,NaN,NaN,NaN,NaN,NaN,NaN,NaN,NaN,NaN,
43.021,0.00548,-0.01967,0.12952,-0.45896,-0.01554,-0.31121,0.83202,NaN,NaN,NaN,NaN,NaN,NaN,NaN,NaN,NaN,NaN,NaN,NaN,NaN,NaN,NaN,NaN,NaN,NaN,NaN,NaN,NaN,
43.046,0.00538,-0.01974,0.12948,-0.45841,-0.01627,-0.31134,0.83227,NaN,NaN,NaN,NaN,NaN,NaN,NaN,NaN,NaN,NaN,NaN,NaN,NaN,NaN,NaN,NaN,NaN,NaN,NaN,NaN,NaN,
43.071,0.00535,-0.01976,0.12952,-0.45811,-0.01617,-0.31176,0.83227,NaN,NaN,NaN,NaN,NaN,NaN,NaN,NaN,NaN,NaN,NaN,NaN,NaN,NaN,NaN,NaN,NaN,NaN,NaN,NaN,NaN,
43.096,0.00530,-0.01973,0.12958,-0.45854,-0.01634,-0.31113,0.83227,NaN,NaN,NaN,NaN,NaN,NaN,NaN,NaN,NaN,NaN,NaN,NaN,NaN,NaN,NaN,NaN,NaN,NaN,NaN,NaN,NaN,
43.121,0.00505,-0.01973,0.12953,-0.45796,-0.01818,-0.31047,0.83280,NaN,NaN,NaN,NaN,NaN,NaN,NaN,NaN,NaN,NaN,NaN,NaN,NaN,NaN,NaN,NaN,NaN,NaN,NaN,NaN,NaN,
43.146,0.00506,-0.01976,0.12960,-0.45772,-0.01810,-0.31081,0.83280,NaN,NaN,NaN,NaN,NaN,NaN,NaN,NaN,NaN,NaN,NaN,NaN,NaN,NaN,NaN,NaN,NaN,NaN,NaN,NaN,NaN,
43.171,0.00508,-0.01973,0.12950,-0.45735,-0.01874,-0.31078,0.83300,NaN,NaN,NaN,NaN,NaN,NaN,NaN,NaN,NaN,NaN,NaN,NaN,NaN,NaN,NaN,NaN,NaN,NaN,NaN,NaN,NaN,
43.196,0.00495,-0.01982,0.12953,-0.45662,-0.01938,-0.31117,0.83325,NaN,NaN,NaN,NaN,NaN,NaN,NaN,NaN,NaN,NaN,NaN,NaN,NaN,NaN,NaN,NaN,NaN,NaN,NaN,NaN,NaN,
43.221,0.00490,-0.01981,0.12952,-0.45631,-0.02030,-0.31086,0.83351,NaN,NaN,NaN,NaN,NaN,NaN,NaN,NaN,NaN,NaN,NaN,NaN,NaN,NaN,NaN,NaN,NaN,NaN,NaN,NaN,NaN,
43.246,0.00469,-0.01990,0.12956,-0.45586,-0.02192,-0.31020,0.83396,NaN,NaN,NaN,NaN,NaN,NaN,NaN,NaN,NaN,NaN,NaN,NaN,NaN,NaN,NaN,NaN,NaN,NaN,NaN,NaN,NaN,
43.271,0.00441,-0.01986,0.12955,-0.45526,-0.02386,-0.30948,0.83450,NaN,NaN,NaN,NaN,NaN,NaN,NaN,NaN,NaN,NaN,NaN,NaN,NaN,NaN,NaN,NaN,NaN,NaN,NaN,NaN,NaN,
43.296,0.00440,-0.01991,0.12957,-0.45514,-0.02368,-0.30974,0.83447,NaN,NaN,NaN,NaN,NaN,NaN,NaN,NaN,NaN,NaN,NaN,NaN,NaN,NaN,NaN,NaN,NaN,NaN,NaN,NaN,NaN,
43.321,0.00441,-0.01989,0.12952,-0.45507,-0.02363,-0.30986,0.83447,NaN,NaN,NaN,NaN,NaN,NaN,NaN,NaN,NaN,NaN,NaN,NaN,NaN,NaN,NaN,NaN,NaN,NaN,NaN,NaN,NaN,
43.346,0.00442,-0.01986,0.12954,-0.45516,-0.02352,-0.30984,0.83443,NaN,NaN,NaN,NaN,NaN,NaN,NaN,NaN,NaN,NaN,NaN,NaN,NaN,NaN,NaN,NaN,NaN,NaN,NaN,NaN,NaN,
43.371,0.00433,-0.01990,0.12957,-0.45444,-0.02491,-0.30966,0.83485,NaN,NaN,NaN,NaN,NaN,NaN,NaN,NaN,NaN,NaN,NaN,NaN,NaN,NaN,NaN,NaN,NaN,NaN,NaN,NaN,NaN,
43.396,0.00404,-0.01989,0.12952,-0.45375,-0.02677,-0.30911,0.83538,NaN,NaN,NaN,NaN,NaN,NaN,NaN,NaN,NaN,NaN,NaN,NaN,NaN,NaN,NaN,NaN,NaN,NaN,NaN,NaN,NaN,
43.421,0.00403,-0.01993,0.12954,-0.45431,-0.02628,-0.30880,0.83520,NaN,NaN,NaN,NaN,NaN,NaN,NaN,NaN,NaN,NaN,NaN,NaN,NaN,NaN,NaN,NaN,NaN,NaN,NaN,NaN,NaN,
43.446,0.00405,-0.01994,0.12960,-0.45486,-0.02568,-0.30860,0.83499,NaN,NaN,NaN,NaN,NaN,NaN,NaN,NaN,NaN,NaN,NaN,NaN,NaN,NaN,NaN,NaN,NaN,NaN,NaN,NaN,NaN,
43.471,0.00395,-0.01988,0.12957,-0.45570,-0.02557,-0.30769,0.83487,NaN,NaN,NaN,NaN,NaN,NaN,NaN,NaN,NaN,NaN,NaN,NaN,NaN,NaN,NaN,NaN,NaN,NaN,NaN,NaN,NaN,
43.496,0.00395,-0.01974,0.12952,-0.45664,-0.02558,-0.30658,0.83477,NaN,NaN,NaN,NaN,NaN,NaN,NaN,NaN,NaN,NaN,NaN,NaN,NaN,NaN,NaN,NaN,NaN,NaN,NaN,NaN,NaN,
43.521,0.00374,-0.01981,0.12977,-0.45626,-0.02593,-0.30676,0.83489,NaN,NaN,NaN,NaN,NaN,NaN,NaN,NaN,NaN,NaN,NaN,NaN,NaN,NaN,NaN,NaN,NaN,NaN,NaN,NaN,NaN,
43.546,0.00351,-0.01975,0.12967,-0.45599,-0.02824,-0.30537,0.83548,NaN,NaN,NaN,NaN,NaN,NaN,NaN,NaN,NaN,NaN,NaN,NaN,NaN,NaN,NaN,NaN,NaN,NaN,NaN,NaN,NaN,
43.571,0.00351,-0.01971,0.12955,-0.45600,-0.02910,-0.30472,0.83568,NaN,NaN,NaN,NaN,NaN,NaN,NaN,NaN,NaN,NaN,NaN,NaN,NaN,NaN,NaN,NaN,NaN,NaN,NaN,NaN,NaN,
43.596,0.00348,-0.01973,0.12962,-0.45558,-0.02891,-0.30536,0.83568,NaN,NaN,NaN,NaN,NaN,NaN,NaN,NaN,NaN,NaN,NaN,NaN,NaN,NaN,NaN,NaN,NaN,NaN,NaN,NaN,NaN,
43.621,0.00345,-0.01977,0.12963,-0.45528,-0.02906,-0.30560,0.83575,NaN,NaN,NaN,NaN,NaN,NaN,NaN,NaN,NaN,NaN,NaN,NaN,NaN,NaN,NaN,NaN,NaN,NaN,NaN,NaN,NaN,
43.646,0.00339,-0.01975,0.12964,-0.45549,-0.02931,-0.30517,0.83579,NaN,NaN,NaN,NaN,NaN,NaN,NaN,NaN,NaN,NaN,NaN,NaN,NaN,NaN,NaN,NaN,NaN,NaN,NaN,NaN,NaN,
43.671,0.00317,-0.01975,0.12967,-0.45514,-0.03060,-0.30462,0.83613,NaN,NaN,NaN,NaN,NaN,NaN,NaN,NaN,NaN,NaN,NaN,NaN,NaN,NaN,NaN,NaN,NaN,NaN,NaN,NaN,NaN,
43.696,0.00300,-0.01973,0.12965,-0.45509,-0.03189,-0.30371,0.83644,NaN,NaN,NaN,NaN,NaN,NaN,NaN,NaN,NaN,NaN,NaN,NaN,NaN,NaN,NaN,NaN,NaN,NaN,NaN,NaN,NaN,
43.721,0.00304,-0.01978,0.12968,-0.45535,-0.03144,-0.30374,0.83631,NaN,NaN,NaN,NaN,NaN,NaN,NaN,NaN,NaN,NaN,NaN,NaN,NaN,NaN,NaN,NaN,NaN,NaN,NaN,NaN,NaN,
43.746,0.00304,-0.01973,0.12971,-0.45600,-0.03076,-0.30347,0.83607,NaN,NaN,NaN,NaN,NaN,NaN,NaN,NaN,NaN,NaN,NaN,NaN,NaN,NaN,NaN,NaN,NaN,NaN,NaN,NaN,NaN,
43.771,0.00303,-0.01969,0.12969,-0.45656,-0.03057,-0.30296,0.83596,NaN,NaN,NaN,NaN,NaN,NaN,NaN,NaN,NaN,NaN,NaN,NaN,NaN,NaN,NaN,NaN,NaN,NaN,NaN,NaN,NaN,
43.796,0.00300,-0.01962,0.12968,-0.45674,-0.03076,-0.30261,0.83599,NaN,NaN,NaN,NaN,NaN,NaN,NaN,NaN,NaN,NaN,NaN,NaN,NaN,NaN,NaN,NaN,NaN,NaN,NaN,NaN,NaN,
43.821,0.00293,-0.01967,0.12974,-0.45626,-0.03168,-0.30248,0.83626,NaN,NaN,NaN,NaN,NaN,NaN,NaN,NaN,NaN,NaN,NaN,NaN,NaN,NaN,NaN,NaN,NaN,NaN,NaN,NaN,NaN,
43.846,0.00278,-0.01961,0.12968,-0.45643,-0.03280,-0.30144,0.83650,NaN,NaN,NaN,NaN,NaN,NaN,NaN,NaN,NaN,NaN,NaN,NaN,NaN,NaN,NaN,NaN,NaN,NaN,NaN,NaN,NaN,
43.871,0.00287,-0.01969,0.12970,-0.45602,-0.03154,-0.30287,0.83625,NaN,NaN,NaN,NaN,NaN,NaN,NaN,NaN,NaN,NaN,NaN,NaN,NaN,NaN,NaN,NaN,NaN,NaN,NaN,NaN,NaN,
43.896,0.00284,-0.01967,0.12970,-0.45611,-0.03189,-0.30250,0.83633,NaN,NaN,NaN,NaN,NaN,NaN,NaN,NaN,NaN,NaN,NaN,NaN,NaN,NaN,NaN,NaN,NaN,NaN,NaN,NaN,NaN,
43.921,0.00263,-0.01963,0.12973,-0.45624,-0.03343,-0.30119,0.83667,NaN,NaN,NaN,NaN,NaN,NaN,NaN,NaN,NaN,NaN,NaN,NaN,NaN,NaN,NaN,NaN,NaN,NaN,NaN,NaN,NaN,
43.946,0.00258,-0.01965,0.12977,-0.45601,-0.03380,-0.30119,0.83678,NaN,NaN,NaN,NaN,NaN,NaN,NaN,NaN,NaN,NaN,NaN,NaN,NaN,NaN,NaN,NaN,NaN,NaN,NaN,NaN,NaN,
43.971,0.00244,-0.01970,0.12979,-0.45554,-0.03492,-0.30091,0.83709,NaN,NaN,NaN,NaN,NaN,NaN,NaN,NaN,NaN,NaN,NaN,NaN,NaN,NaN,NaN,NaN,NaN,NaN,NaN,NaN,NaN,
43.996,0.00238,-0.01966,0.12976,-0.45506,-0.03592,-0.30072,0.83738,NaN,NaN,NaN,NaN,NaN,NaN,NaN,NaN,NaN,NaN,NaN,NaN,NaN,NaN,NaN,NaN,NaN,NaN,NaN,NaN,NaN,
44.021,0.00238,-0.01966,0.12976,-0.45506,-0.03592,-0.30072,0.83738,NaN,NaN,NaN,NaN,NaN,NaN,NaN,NaN,NaN,NaN,NaN,NaN,NaN,NaN,NaN,NaN,NaN,NaN,NaN,NaN,NaN,
44.046,0.00240,-0.01950,0.12980,-0.45750,-0.03436,-0.29900,0.83673,NaN,NaN,NaN,NaN,NaN,NaN,NaN,NaN,NaN,NaN,NaN,NaN,NaN,NaN,NaN,NaN,NaN,NaN,NaN,NaN,NaN,
44.071,0.00225,-0.01954,0.12979,-0.45704,-0.03519,-0.29892,0.83697,NaN,NaN,NaN,NaN,NaN,NaN,NaN,NaN,NaN,NaN,NaN,NaN,NaN,NaN,NaN,NaN,NaN,NaN,NaN,NaN,NaN,
44.096,0.00213,-0.01959,0.12979,-0.45619,-0.03643,-0.29900,0.83736,NaN,NaN,NaN,NaN,NaN,NaN,NaN,NaN,NaN,NaN,NaN,NaN,NaN,NaN,NaN,NaN,NaN,NaN,NaN,NaN,NaN,
44.121,0.00211,-0.01958,0.12977,-0.45575,-0.03701,-0.29908,0.83754,NaN,NaN,NaN,NaN,NaN,NaN,NaN,NaN,NaN,NaN,NaN,NaN,NaN,NaN,NaN,NaN,NaN,NaN,NaN,NaN,NaN,
44.146,0.00210,-0.01960,0.12977,-0.45520,-0.03728,-0.29952,0.83767,NaN,NaN,NaN,NaN,NaN,NaN,NaN,NaN,NaN,NaN,NaN,NaN,NaN,NaN,NaN,NaN,NaN,NaN,NaN,NaN,NaN,
44.171,0.00210,-0.01962,0.12976,-0.45461,-0.03769,-0.29991,0.83783,NaN,NaN,NaN,NaN,NaN,NaN,NaN,NaN,NaN,NaN,NaN,NaN,NaN,NaN,NaN,NaN,NaN,NaN,NaN,NaN,NaN,
44.196,0.00207,-0.01961,0.12977,-0.45404,-0.03818,-0.30022,0.83801,NaN,NaN,NaN,NaN,NaN,NaN,NaN,NaN,NaN,NaN,NaN,NaN,NaN,NaN,NaN,NaN,NaN,NaN,NaN,NaN,NaN,
44.221,0.00201,-0.01962,0.12976,-0.45351,-0.03963,-0.29975,0.83840,NaN,NaN,NaN,NaN,NaN,NaN,NaN,NaN,NaN,NaN,NaN,NaN,NaN,NaN,NaN,NaN,NaN,NaN,NaN,NaN,NaN,
44.246,0.00167,-0.01968,0.12977,-0.45194,-0.04249,-0.29943,0.83922,NaN,NaN,NaN,NaN,NaN,NaN,NaN,NaN,NaN,NaN,NaN,NaN,NaN,NaN,NaN,NaN,NaN,NaN,NaN,NaN,NaN,
44.271,0.00159,-0.01966,0.12973,-0.45154,-0.04380,-0.29891,0.83955,NaN,NaN,NaN,NaN,NaN,NaN,NaN,NaN,NaN,NaN,NaN,NaN,NaN,NaN,NaN,NaN,NaN,NaN,NaN,NaN,NaN,
44.296,0.00152,-0.01970,0.12975,-0.45076,-0.04430,-0.29946,0.83975,NaN,NaN,NaN,NaN,NaN,NaN,NaN,NaN,NaN,NaN,NaN,NaN,NaN,NaN,NaN,NaN,NaN,NaN,NaN,NaN,NaN,
44.321,0.00151,-0.01973,0.12973,-0.45038,-0.04489,-0.29945,0.83993,NaN,NaN,NaN,NaN,NaN,NaN,NaN,NaN,NaN,NaN,NaN,NaN,NaN,NaN,NaN,NaN,NaN,NaN,NaN,NaN,NaN,
44.346,0.00139,-0.01975,0.12974,-0.44949,-0.04619,-0.29950,0.84031,NaN,NaN,NaN,NaN,NaN,NaN,NaN,NaN,NaN,NaN,NaN,NaN,NaN,NaN,NaN,NaN,NaN,NaN,NaN,NaN,NaN,
44.371,0.00128,-0.01974,0.12973,-0.44862,-0.04766,-0.29941,0.84073,NaN,NaN,NaN,NaN,NaN,NaN,NaN,NaN,NaN,NaN,NaN,NaN,NaN,NaN,NaN,NaN,NaN,NaN,NaN,NaN,NaN,
44.396,0.00116,-0.01979,0.12977,-0.44723,-0.04933,-0.29977,0.84124,NaN,NaN,NaN,NaN,NaN,NaN,NaN,NaN,NaN,NaN,NaN,NaN,NaN,NaN,NaN,NaN,NaN,NaN,NaN,NaN,NaN,
44.421,0.00103,-0.01975,0.12971,-0.44658,-0.05104,-0.29922,0.84168,NaN,NaN,NaN,NaN,NaN,NaN,NaN,NaN,NaN,NaN,NaN,NaN,NaN,NaN,NaN,NaN,NaN,NaN,NaN,NaN,NaN,
44.446,0.00096,-0.01978,0.12970,-0.44583,-0.05203,-0.29934,0.84198,NaN,NaN,NaN,NaN,NaN,NaN,NaN,NaN,NaN,NaN,NaN,NaN,NaN,NaN,NaN,NaN,NaN,NaN,NaN,NaN,NaN,
44.471,0.00091,-0.01979,0.12970,-0.44534,-0.05257,-0.29951,0.84214,NaN,NaN,NaN,NaN,NaN,NaN,NaN,NaN,NaN,NaN,NaN,NaN,NaN,NaN,NaN,NaN,NaN,NaN,NaN,NaN,NaN,
44.496,0.00085,-0.01983,0.12971,-0.44483,-0.05342,-0.29945,0.84238,NaN,NaN,NaN,NaN,NaN,NaN,NaN,NaN,NaN,NaN,NaN,NaN,NaN,NaN,NaN,NaN,NaN,NaN,NaN,NaN,NaN,
44.521,0.00067,-0.01986,0.12970,-0.44373,-0.05501,-0.29951,0.84283,NaN,NaN,NaN,NaN,NaN,NaN,NaN,NaN,NaN,NaN,NaN,NaN,NaN,NaN,NaN,NaN,NaN,NaN,NaN,NaN,NaN,
44.546,0.00066,-0.01988,0.12971,-0.44339,-0.05546,-0.29957,0.84297,NaN,NaN,NaN,NaN,NaN,NaN,NaN,NaN,NaN,NaN,NaN,NaN,NaN,NaN,NaN,NaN,NaN,NaN,NaN,NaN,NaN,
44.571,0.00068,-0.01988,0.12971,-0.44289,-0.05578,-0.29990,0.84308,NaN,NaN,NaN,NaN,NaN,NaN,NaN,NaN,NaN,NaN,NaN,NaN,NaN,NaN,NaN,NaN,NaN,NaN,NaN,NaN,NaN,
44.596,0.00065,-0.01987,0.12971,-0.44231,-0.05620,-0.30026,0.84324,NaN,NaN,NaN,NaN,NaN,NaN,NaN,NaN,NaN,NaN,NaN,NaN,NaN,NaN,NaN,NaN,NaN,NaN,NaN,NaN,NaN,
44.621,0.00064,-0.01988,0.12968,-0.44195,-0.05679,-0.30022,0.84340,NaN,NaN,NaN,NaN,NaN,NaN,NaN,NaN,NaN,NaN,NaN,NaN,NaN,NaN,NaN,NaN,NaN,NaN,NaN,NaN,NaN,
44.646,0.00053,-0.01985,0.12971,-0.44131,-0.05846,-0.29969,0.84381,NaN,NaN,NaN,NaN,NaN,NaN,NaN,NaN,NaN,NaN,NaN,NaN,NaN,NaN,NaN,NaN,NaN,NaN,NaN,NaN,NaN,
44.671,0.00017,-0.01990,0.12968,-0.43976,-0.06153,-0.29912,0.84460,NaN,NaN,NaN,NaN,NaN,NaN,NaN,NaN,NaN,NaN,NaN,NaN,NaN,NaN,NaN,NaN,NaN,NaN,NaN,NaN,NaN,
44.696,0.00011,-0.01990,0.12968,-0.43953,-0.06232,-0.29877,0.84479,NaN,NaN,NaN,NaN,NaN,NaN,NaN,NaN,NaN,NaN,NaN,NaN,NaN,NaN,NaN,NaN,NaN,NaN,NaN,NaN,NaN,
44.721,0.00009,-0.01993,0.12970,-0.43888,-0.06262,-0.29930,0.84492,NaN,NaN,NaN,NaN,NaN,NaN,NaN,NaN,NaN,NaN,NaN,NaN,NaN,NaN,NaN,NaN,NaN,NaN,NaN,NaN,NaN,
44.746,0.00007,-0.01994,0.12967,-0.43842,-0.06336,-0.29926,0.84511,NaN,NaN,NaN,NaN,NaN,NaN,NaN,NaN,NaN,NaN,NaN,NaN,NaN,NaN,NaN,NaN,NaN,NaN,NaN,NaN,NaN,
44.771,-0.00005,-0.01997,0.12977,-0.43776,-0.06394,-0.29957,0.84530,NaN,NaN,NaN,NaN,NaN,NaN,NaN,NaN,NaN,NaN,NaN,NaN,NaN,NaN,NaN,NaN,NaN,NaN,NaN,NaN,NaN,
44.796,-0.00005,-0.01981,0.12975,-0.43941,-0.06319,-0.29823,0.84498,NaN,NaN,NaN,NaN,NaN,NaN,NaN,NaN,NaN,NaN,NaN,NaN,NaN,NaN,NaN,NaN,NaN,NaN,NaN,NaN,NaN,
44.821,-0.00003,-0.01980,0.12975,-0.43952,-0.06313,-0.29815,0.84495,NaN,NaN,NaN,NaN,NaN,NaN,NaN,NaN,NaN,NaN,NaN,NaN,NaN,NaN,NaN,NaN,NaN,NaN,NaN,NaN,NaN,
44.846,-0.00009,-0.01976,0.12974,-0.43925,-0.06395,-0.29782,0.84514,NaN,NaN,NaN,NaN,NaN,NaN,NaN,NaN,NaN,NaN,NaN,NaN,NaN,NaN,NaN,NaN,NaN,NaN,NaN,NaN,NaN,
44.871,-0.00029,-0.01979,0.12975,-0.43837,-0.06592,-0.29731,0.84563,NaN,NaN,NaN,NaN,NaN,NaN,NaN,NaN,NaN,NaN,NaN,NaN,NaN,NaN,NaN,NaN,NaN,NaN,NaN,NaN,NaN,
44.896,-0.00046,-0.01977,0.12972,-0.43771,-0.06766,-0.29673,0.84604,NaN,NaN,NaN,NaN,NaN,NaN,NaN,NaN,NaN,NaN,NaN,NaN,NaN,NaN,NaN,NaN,NaN,NaN,NaN,NaN,NaN,
44.921,-0.00055,-0.01977,0.12975,-0.43705,-0.06871,-0.29667,0.84632,NaN,NaN,NaN,NaN,NaN,NaN,NaN,NaN,NaN,NaN,NaN,NaN,NaN,NaN,NaN,NaN,NaN,NaN,NaN,NaN,NaN,
44.946,-0.00065,-0.01977,0.12971,-0.43651,-0.07008,-0.29622,0.84664,NaN,NaN,NaN,NaN,NaN,NaN,NaN,NaN,NaN,NaN,NaN,NaN,NaN,NaN,NaN,NaN,NaN,NaN,NaN,NaN,NaN,
44.971,-0.00075,-0.01980,0.12973,-0.43593,-0.07092,-0.29625,0.84686,NaN,NaN,NaN,NaN,NaN,NaN,NaN,NaN,NaN,NaN,NaN,NaN,NaN,NaN,NaN,NaN,NaN,NaN,NaN,NaN,NaN,
44.996,-0.00078,-0.01976,0.12972,-0.43593,-0.07107,-0.29612,0.84689,NaN,NaN,NaN,NaN,NaN,NaN,NaN,NaN,NaN,NaN,NaN,NaN,NaN,NaN,NaN,NaN,NaN,NaN,NaN,NaN,NaN,
45.021,-0.00075,-0.01977,0.12976,-0.43578,-0.07108,-0.29630,0.84691,NaN,NaN,NaN,NaN,NaN,NaN,NaN,NaN,NaN,NaN,NaN,NaN,NaN,NaN,NaN,NaN,NaN,NaN,NaN,NaN,NaN,
45.046,-0.00080,-0.01973,0.12976,-0.43532,-0.07195,-0.29615,0.84712,NaN,NaN,NaN,NaN,NaN,NaN,NaN,NaN,NaN,NaN,NaN,NaN,NaN,NaN,NaN,NaN,NaN,NaN,NaN,NaN,NaN,
45.071,-0.00099,-0.01974,0.12972,-0.43447,-0.07389,-0.29561,0.84758,NaN,NaN,NaN,NaN,NaN,NaN,NaN,NaN,NaN,NaN,NaN,NaN,NaN,NaN,NaN,NaN,NaN,NaN,NaN,NaN,NaN,
45.096,-0.00114,-0.01974,0.12971,-0.43367,-0.07554,-0.29523,0.84797,NaN,NaN,NaN,NaN,NaN,NaN,NaN,NaN,NaN,NaN,NaN,NaN,NaN,NaN,NaN,NaN,NaN,NaN,NaN,NaN,NaN,
45.121,-0.00123,-0.01977,0.12974,-0.43305,-0.07652,-0.29517,0.84822,NaN,NaN,NaN,NaN,NaN,NaN,NaN,NaN,NaN,NaN,NaN,NaN,NaN,NaN,NaN,NaN,NaN,NaN,NaN,NaN,NaN,
45.146,-0.00124,-0.01974,0.12970,-0.43274,-0.07720,-0.29500,0.84838,NaN,NaN,NaN,NaN,NaN,NaN,NaN,NaN,NaN,NaN,NaN,NaN,NaN,NaN,NaN,NaN,NaN,NaN,NaN,NaN,NaN,
45.171,-0.00131,-0.01974,0.12971,-0.43210,-0.07782,-0.29526,0.84856,NaN,NaN,NaN,NaN,NaN,NaN,NaN,NaN,NaN,NaN,NaN,NaN,NaN,NaN,NaN,NaN,NaN,NaN,NaN,NaN,NaN,
45.196,-0.00137,-0.01974,0.12972,-0.43150,-0.07896,-0.29506,0.84883,NaN,NaN,NaN,NaN,NaN,NaN,NaN,NaN,NaN,NaN,NaN,NaN,NaN,NaN,NaN,NaN,NaN,NaN,NaN,NaN,NaN,
45.221,-0.00153,-0.01975,0.12976,-0.43056,-0.08050,-0.29491,0.84921,NaN,NaN,NaN,NaN,NaN,NaN,NaN,NaN,NaN,NaN,NaN,NaN,NaN,NaN,NaN,NaN,NaN,NaN,NaN,NaN,NaN,
45.246,-0.00161,-0.01972,0.12972,-0.43020,-0.08155,-0.29450,0.84944,NaN,NaN,NaN,NaN,NaN,NaN,NaN,NaN,NaN,NaN,NaN,NaN,NaN,NaN,NaN,NaN,NaN,NaN,NaN,NaN,NaN,
45.271,-0.00160,-0.01972,0.12973,-0.42979,-0.08206,-0.29458,0.84957,NaN,NaN,NaN,NaN,NaN,NaN,NaN,NaN,NaN,NaN,NaN,NaN,NaN,NaN,NaN,NaN,NaN,NaN,NaN,NaN,NaN,
45.296,-0.00168,-0.01971,0.12974,-0.42925,-0.08276,-0.29464,0.84975,NaN,NaN,NaN,NaN,NaN,NaN,NaN,NaN,NaN,NaN,NaN,NaN,NaN,NaN,NaN,NaN,NaN,NaN,NaN,NaN,NaN,
45.321,-0.00170,-0.01973,0.12972,-0.42898,-0.08337,-0.29447,0.84989,NaN,NaN,NaN,NaN,NaN,NaN,NaN,NaN,NaN,NaN,NaN,NaN,NaN,NaN,NaN,NaN,NaN,NaN,NaN,NaN,NaN,
45.346,-0.00179,-0.01974,0.12971,-0.42846,-0.08419,-0.29442,0.85009,NaN,NaN,NaN,NaN,NaN,NaN,NaN,NaN,NaN,NaN,NaN,NaN,NaN,NaN,NaN,NaN,NaN,NaN,NaN,NaN,NaN,
45.371,-0.00185,-0.01973,0.12973,-0.42807,-0.08498,-0.29424,0.85027,NaN,NaN,NaN,NaN,NaN,NaN,NaN,NaN,NaN,NaN,NaN,NaN,NaN,NaN,NaN,NaN,NaN,NaN,NaN,NaN,NaN,
45.396,-0.00196,-0.01972,0.12973,-0.42765,-0.08599,-0.29392,0.85049,NaN,NaN,NaN,NaN,NaN,NaN,NaN,NaN,NaN,NaN,NaN,NaN,NaN,NaN,NaN,NaN,NaN,NaN,NaN,NaN,NaN,
45.421,-0.00202,-0.01969,0.12976,-0.42748,-0.08661,-0.29362,0.85062,NaN,NaN,NaN,NaN,NaN,NaN,NaN,NaN,NaN,NaN,NaN,NaN,NaN,NaN,NaN,NaN,NaN,NaN,NaN,NaN,NaN,
45.446,-0.00206,-0.01966,0.12973,-0.42727,-0.08740,-0.29322,0.85078,NaN,NaN,NaN,NaN,NaN,NaN,NaN,NaN,NaN,NaN,NaN,NaN,NaN,NaN,NaN,NaN,NaN,NaN,NaN,NaN,NaN,
45.471,-0.00219,-0.01966,0.12975,-0.42649,-0.08864,-0.29313,0.85107,NaN,NaN,NaN,NaN,NaN,NaN,NaN,NaN,NaN,NaN,NaN,NaN,NaN,NaN,NaN,NaN,NaN,NaN,NaN,NaN,NaN,
45.496,-0.00227,-0.01964,0.12974,-0.42593,-0.08998,-0.29270,0.85136,NaN,NaN,NaN,NaN,NaN,NaN,NaN,NaN,NaN,NaN,NaN,NaN,NaN,NaN,NaN,NaN,NaN,NaN,NaN,NaN,NaN,
45.521,-0.00239,-0.01961,0.12981,-0.42554,-0.09111,-0.29225,0.85159,NaN,NaN,NaN,NaN,NaN,NaN,NaN,NaN,NaN,NaN,NaN,NaN,NaN,NaN,NaN,NaN,NaN,NaN,NaN,NaN,NaN,
45.546,-0.00251,-0.01946,0.12978,-0.42718,-0.09122,-0.29024,0.85144,NaN,NaN,NaN,NaN,NaN,NaN,NaN,NaN,NaN,NaN,NaN,NaN,NaN,NaN,NaN,NaN,NaN,NaN,NaN,NaN,NaN,
45.571,-0.00258,-0.01944,0.12981,-0.42744,-0.09141,-0.28978,0.85145,NaN,NaN,NaN,NaN,NaN,NaN,NaN,NaN,NaN,NaN,NaN,NaN,NaN,NaN,NaN,NaN,NaN,NaN,NaN,NaN,NaN,
45.596,-0.00267,-0.01940,0.12986,-0.42736,-0.09180,-0.28955,0.85152,NaN,NaN,NaN,NaN,NaN,NaN,NaN,NaN,NaN,NaN,NaN,NaN,NaN,NaN,NaN,NaN,NaN,NaN,NaN,NaN,NaN,
45.621,-0.00270,-0.01936,0.12984,-0.42717,-0.09281,-0.28896,0.85171,NaN,NaN,NaN,NaN,NaN,NaN,NaN,NaN,NaN,NaN,NaN,NaN,NaN,NaN,NaN,NaN,NaN,NaN,NaN,NaN,NaN,
45.646,-0.00286,-0.01933,0.12983,-0.42658,-0.09410,-0.28859,0.85199,NaN,NaN,NaN,NaN,NaN,NaN,NaN,NaN,NaN,NaN,NaN,NaN,NaN,NaN,NaN,NaN,NaN,NaN,NaN,NaN,NaN,
45.671,-0.00290,-0.01931,0.12986,-0.42629,-0.09479,-0.28838,0.85213,NaN,NaN,NaN,NaN,NaN,NaN,NaN,NaN,NaN,NaN,NaN,NaN,NaN,NaN,NaN,NaN,NaN,NaN,NaN,NaN,NaN,
45.696,-0.00297,-0.01932,0.12987,-0.42591,-0.09582,-0.28798,0.85234,NaN,NaN,NaN,NaN,NaN,NaN,NaN,NaN,NaN,NaN,NaN,NaN,NaN,NaN,NaN,NaN,NaN,NaN,NaN,NaN,NaN,
45.721,-0.00305,-0.01931,0.12987,-0.42540,-0.09680,-0.28778,0.85255,NaN,NaN,NaN,NaN,NaN,NaN,NaN,NaN,NaN,NaN,NaN,NaN,NaN,NaN,NaN,NaN,NaN,NaN,NaN,NaN,NaN,
45.746,-0.00314,-0.01929,0.12987,-0.42493,-0.09772,-0.28758,0.85275,NaN,NaN,NaN,NaN,NaN,NaN,NaN,NaN,NaN,NaN,NaN,NaN,NaN,NaN,NaN,NaN,NaN,NaN,NaN,NaN,NaN,
45.771,-0.00315,-0.01929,0.12987,-0.42479,-0.09843,-0.28716,0.85288,NaN,NaN,NaN,NaN,NaN,NaN,NaN,NaN,NaN,NaN,NaN,NaN,NaN,NaN,NaN,NaN,NaN,NaN,NaN,NaN,NaN,
45.796,-0.00328,-0.01928,0.12986,-0.42426,-0.09943,-0.28696,0.85310,NaN,NaN,NaN,NaN,NaN,NaN,NaN,NaN,NaN,NaN,NaN,NaN,NaN,NaN,NaN,NaN,NaN,NaN,NaN,NaN,NaN,
45.821,-0.00333,-0.01926,0.12988,-0.42391,-0.10022,-0.28671,0.85326,NaN,NaN,NaN,NaN,NaN,NaN,NaN,NaN,NaN,NaN,NaN,NaN,NaN,NaN,NaN,NaN,NaN,NaN,NaN,NaN,NaN,
45.846,-0.00341,-0.01926,0.12987,-0.42366,-0.10103,-0.28635,0.85341,NaN,NaN,NaN,NaN,NaN,NaN,NaN,NaN,NaN,NaN,NaN,NaN,NaN,NaN,NaN,NaN,NaN,NaN,NaN,NaN,NaN,
45.871,-0.00345,-0.01923,0.12988,-0.42328,-0.10176,-0.28618,0.85357,NaN,NaN,NaN,NaN,NaN,NaN,NaN,NaN,NaN,NaN,NaN,NaN,NaN,NaN,NaN,NaN,NaN,NaN,NaN,NaN,NaN,
45.896,-0.00353,-0.01923,0.12987,-0.42290,-0.10267,-0.28588,0.85375,NaN,NaN,NaN,NaN,NaN,NaN,NaN,NaN,NaN,NaN,NaN,NaN,NaN,NaN,NaN,NaN,NaN,NaN,NaN,NaN,NaN,
45.921,-0.00358,-0.01921,0.12989,-0.42251,-0.10374,-0.28546,0.85396,NaN,NaN,NaN,NaN,NaN,NaN,NaN,NaN,NaN,NaN,NaN,NaN,NaN,NaN,NaN,NaN,NaN,NaN,NaN,NaN,NaN,
45.946,-0.00373,-0.01919,0.12992,-0.42175,-0.10521,-0.28513,0.85426,NaN,NaN,NaN,NaN,NaN,NaN,NaN,NaN,NaN,NaN,NaN,NaN,NaN,NaN,NaN,NaN,NaN,NaN,NaN,NaN,NaN,
45.971,-0.00383,-0.01918,0.12990,-0.42116,-0.10694,-0.28439,0.85458,NaN,NaN,NaN,NaN,NaN,NaN,NaN,NaN,NaN,NaN,NaN,NaN,NaN,NaN,NaN,NaN,NaN,NaN,NaN,NaN,NaN,
45.996,-0.00401,-0.01910,0.12987,-0.42062,-0.10855,-0.28368,0.85488,NaN,NaN,NaN,NaN,NaN,NaN,NaN,NaN,NaN,NaN,NaN,NaN,NaN,NaN,NaN,NaN,NaN,NaN,NaN,NaN,NaN,
46.021,-0.00407,-0.01910,0.12988,-0.42030,-0.10951,-0.28326,0.85506,NaN,NaN,NaN,NaN,NaN,NaN,NaN,NaN,NaN,NaN,NaN,NaN,NaN,NaN,NaN,NaN,NaN,NaN,NaN,NaN,NaN,
46.046,-0.00417,-0.01908,0.12988,-0.41992,-0.11059,-0.28280,0.85526,NaN,NaN,NaN,NaN,NaN,NaN,NaN,NaN,NaN,NaN,NaN,NaN,NaN,NaN,NaN,NaN,NaN,NaN,NaN,NaN,NaN,
46.071,-0.00427,-0.01906,0.12989,-0.41948,-0.11152,-0.28254,0.85544,NaN,NaN,NaN,NaN,NaN,NaN,NaN,NaN,NaN,NaN,NaN,NaN,NaN,NaN,NaN,NaN,NaN,NaN,NaN,NaN,NaN,
46.096,-0.00431,-0.01906,0.12989,-0.41927,-0.11229,-0.28214,0.85557,NaN,NaN,NaN,NaN,NaN,NaN,NaN,NaN,NaN,NaN,NaN,NaN,NaN,NaN,NaN,NaN,NaN,NaN,NaN,NaN,NaN,
46.121,-0.00439,-0.01902,0.12992,-0.41887,-0.11304,-0.28198,0.85572,NaN,NaN,NaN,NaN,NaN,NaN,NaN,NaN,NaN,NaN,NaN,NaN,NaN,NaN,NaN,NaN,NaN,NaN,NaN,NaN,NaN,
46.146,-0.00445,-0.01902,0.12988,-0.41860,-0.11386,-0.28162,0.85586,NaN,NaN,NaN,NaN,NaN,NaN,NaN,NaN,NaN,NaN,NaN,NaN,NaN,NaN,NaN,NaN,NaN,NaN,NaN,NaN,NaN,
46.171,-0.00447,-0.01900,0.12988,-0.41838,-0.11455,-0.28130,0.85599,NaN,NaN,NaN,NaN,NaN,NaN,NaN,NaN,NaN,NaN,NaN,NaN,NaN,NaN,NaN,NaN,NaN,NaN,NaN,NaN,NaN,
46.196,-0.00455,-0.01899,0.12988,-0.41814,-0.11516,-0.28106,0.85610,NaN,NaN,NaN,NaN,NaN,NaN,NaN,NaN,NaN,NaN,NaN,NaN,NaN,NaN,NaN,NaN,NaN,NaN,NaN,NaN,NaN,
46.221,-0.00460,-0.01899,0.12987,-0.41800,-0.11575,-0.28073,0.85619,NaN,NaN,NaN,NaN,NaN,NaN,NaN,NaN,NaN,NaN,NaN,NaN,NaN,NaN,NaN,NaN,NaN,NaN,NaN,NaN,NaN,
46.246,-0.00469,-0.01898,0.12989,-0.41767,-0.11641,-0.28055,0.85632,NaN,NaN,NaN,NaN,NaN,NaN,NaN,NaN,NaN,NaN,NaN,NaN,NaN,NaN,NaN,NaN,NaN,NaN,NaN,NaN,NaN,
46.271,-0.00475,-0.01896,0.12989,-0.41747,-0.11714,-0.28018,0.85644,NaN,NaN,NaN,NaN,NaN,NaN,NaN,NaN,NaN,NaN,NaN,NaN,NaN,NaN,NaN,NaN,NaN,NaN,NaN,NaN,NaN,
46.296,-0.00477,-0.01894,0.12989,-0.41728,-0.11779,-0.27986,0.85655,NaN,NaN,NaN,NaN,NaN,NaN,NaN,NaN,NaN,NaN,NaN,NaN,NaN,NaN,NaN,NaN,NaN,NaN,NaN,NaN,NaN,
46.321,-0.00484,-0.01890,0.12991,-0.41694,-0.11846,-0.27969,0.85668,NaN,NaN,NaN,NaN,NaN,NaN,NaN,NaN,NaN,NaN,NaN,NaN,NaN,NaN,NaN,NaN,NaN,NaN,NaN,NaN,NaN,
46.346,-0.00486,-0.01890,0.12989,-0.41674,-0.11922,-0.27929,0.85681,NaN,NaN,NaN,NaN,NaN,NaN,NaN,NaN,NaN,NaN,NaN,NaN,NaN,NaN,NaN,NaN,NaN,NaN,NaN,NaN,NaN,
46.371,-0.00495,-0.01886,0.12989,-0.41646,-0.12018,-0.27880,0.85696,NaN,NaN,NaN,NaN,NaN,NaN,NaN,NaN,NaN,NaN,NaN,NaN,NaN,NaN,NaN,NaN,NaN,NaN,NaN,NaN,NaN,
46.396,-0.00511,-0.01885,0.12988,-0.41578,-0.12156,-0.27843,0.85722,NaN,NaN,NaN,NaN,NaN,NaN,NaN,NaN,NaN,NaN,NaN,NaN,NaN,NaN,NaN,NaN,NaN,NaN,NaN,NaN,NaN,
46.421,-0.00520,-0.01885,0.12987,-0.41545,-0.12271,-0.27784,0.85741,NaN,NaN,NaN,NaN,NaN,NaN,NaN,NaN,NaN,NaN,NaN,NaN,NaN,NaN,NaN,NaN,NaN,NaN,NaN,NaN,NaN,
46.446,-0.00529,-0.01881,0.12990,-0.41514,-0.12359,-0.27745,0.85756,NaN,NaN,NaN,NaN,NaN,NaN,NaN,NaN,NaN,NaN,NaN,NaN,NaN,NaN,NaN,NaN,NaN,NaN,NaN,NaN,NaN,
46.471,-0.00535,-0.01879,0.12991,-0.41499,-0.12424,-0.27707,0.85766,NaN,NaN,NaN,NaN,NaN,NaN,NaN,NaN,NaN,NaN,NaN,NaN,NaN,NaN,NaN,NaN,NaN,NaN,NaN,NaN,NaN,
46.496,-0.00537,-0.01879,0.12992,-0.41475,-0.12495,-0.27676,0.85777,NaN,NaN,NaN,NaN,NaN,NaN,NaN,NaN,NaN,NaN,NaN,NaN,NaN,NaN,NaN,NaN,NaN,NaN,NaN,NaN,NaN,
46.521,-0.00547,-0.01874,0.12995,-0.41433,-0.12586,-0.27648,0.85793,NaN,NaN,NaN,NaN,NaN,NaN,NaN,NaN,NaN,NaN,NaN,NaN,NaN,NaN,NaN,NaN,NaN,NaN,NaN,NaN,NaN,
46.546,-0.00553,-0.01870,0.12990,-0.41409,-0.12703,-0.27575,0.85811,NaN,NaN,NaN,NaN,NaN,NaN,NaN,NaN,NaN,NaN,NaN,NaN,NaN,NaN,NaN,NaN,NaN,NaN,NaN,NaN,NaN,
46.571,-0.00562,-0.01866,0.12991,-0.41359,-0.12830,-0.27525,0.85832,NaN,NaN,NaN,NaN,NaN,NaN,NaN,NaN,NaN,NaN,NaN,NaN,NaN,NaN,NaN,NaN,NaN,NaN,NaN,NaN,NaN,
46.596,-0.00576,-0.01863,0.12990,-0.41315,-0.12955,-0.27471,0.85852,NaN,NaN,NaN,NaN,NaN,NaN,NaN,NaN,NaN,NaN,NaN,NaN,NaN,NaN,NaN,NaN,NaN,NaN,NaN,NaN,NaN,
46.621,-0.00585,-0.01865,0.12988,-0.41284,-0.13065,-0.27413,0.85869,NaN,NaN,NaN,NaN,NaN,NaN,NaN,NaN,NaN,NaN,NaN,NaN,NaN,NaN,NaN,NaN,NaN,NaN,NaN,NaN,NaN,
46.646,-0.00595,-0.01860,0.12992,-0.41241,-0.13153,-0.27387,0.85884,NaN,NaN,NaN,NaN,NaN,NaN,NaN,NaN,NaN,NaN,NaN,NaN,NaN,NaN,NaN,NaN,NaN,NaN,NaN,NaN,NaN,
46.671,-0.00601,-0.01860,0.12991,-0.41234,-0.13211,-0.27345,0.85892,NaN,NaN,NaN,NaN,NaN,NaN,NaN,NaN,NaN,NaN,NaN,NaN,NaN,NaN,NaN,NaN,NaN,NaN,NaN,NaN,NaN,
46.696,-0.00605,-0.01856,0.12993,-0.41210,-0.13290,-0.27306,0.85904,NaN,NaN,NaN,NaN,NaN,NaN,NaN,NaN,NaN,NaN,NaN,NaN,NaN,NaN,NaN,NaN,NaN,NaN,NaN,NaN,NaN,
46.721,-0.00615,-0.01854,0.12995,-0.41170,-0.13383,-0.27272,0.85919,NaN,NaN,NaN,NaN,NaN,NaN,NaN,NaN,NaN,NaN,NaN,NaN,NaN,NaN,NaN,NaN,NaN,NaN,NaN,NaN,NaN,
46.746,-0.00618,-0.01851,0.12993,-0.41139,-0.13491,-0.27216,0.85935,NaN,NaN,NaN,NaN,NaN,NaN,NaN,NaN,NaN,NaN,NaN,NaN,NaN,NaN,NaN,NaN,NaN,NaN,NaN,NaN,NaN,
46.771,-0.00630,-0.01847,0.12994,-0.41094,-0.13588,-0.27185,0.85951,NaN,NaN,NaN,NaN,NaN,NaN,NaN,NaN,NaN,NaN,NaN,NaN,NaN,NaN,NaN,NaN,NaN,NaN,NaN,NaN,NaN,
46.796,-0.00632,-0.01846,0.12992,-0.41090,-0.13653,-0.27134,0.85959,NaN,NaN,NaN,NaN,NaN,NaN,NaN,NaN,NaN,NaN,NaN,NaN,NaN,NaN,NaN,NaN,NaN,NaN,NaN,NaN,NaN,
46.821,-0.00641,-0.01843,0.12991,-0.41070,-0.13731,-0.27090,0.85970,NaN,NaN,NaN,NaN,NaN,NaN,NaN,NaN,NaN,NaN,NaN,NaN,NaN,NaN,NaN,NaN,NaN,NaN,NaN,NaN,NaN,
46.846,-0.00647,-0.01842,0.12993,-0.41033,-0.13817,-0.27058,0.85984,NaN,NaN,NaN,NaN,NaN,NaN,NaN,NaN,NaN,NaN,NaN,NaN,NaN,NaN,NaN,NaN,NaN,NaN,NaN,NaN,NaN,
46.871,-0.00655,-0.01841,0.12992,-0.41034,-0.13903,-0.26982,0.85993,NaN,NaN,NaN,NaN,NaN,NaN,NaN,NaN,NaN,NaN,NaN,NaN,NaN,NaN,NaN,NaN,NaN,NaN,NaN,NaN,NaN,
46.896,-0.00668,-0.01837,0.12995,-0.40960,-0.14037,-0.26953,0.86016,NaN,NaN,NaN,NaN,NaN,NaN,NaN,NaN,NaN,NaN,NaN,NaN,NaN,NaN,NaN,NaN,NaN,NaN,NaN,NaN,NaN,
46.921,-0.00672,-0.01831,0.12995,-0.40969,-0.14118,-0.26872,0.86024,NaN,NaN,NaN,NaN,NaN,NaN,NaN,NaN,NaN,NaN,NaN,NaN,NaN,NaN,NaN,NaN,NaN,NaN,NaN,NaN,NaN,
46.946,-0.00678,-0.01826,0.12997,-0.40934,-0.14202,-0.26839,0.86037,NaN,NaN,NaN,NaN,NaN,NaN,NaN,NaN,NaN,NaN,NaN,NaN,NaN,NaN,NaN,NaN,NaN,NaN,NaN,NaN,NaN,
46.971,-0.00683,-0.01825,0.12995,-0.40921,-0.14269,-0.26797,0.86045,NaN,NaN,NaN,NaN,NaN,NaN,NaN,NaN,NaN,NaN,NaN,NaN,NaN,NaN,NaN,NaN,NaN,NaN,NaN,NaN,NaN,
46.996,-0.00687,-0.01824,0.12996,-0.40903,-0.14334,-0.26761,0.86054,NaN,NaN,NaN,NaN,NaN,NaN,NaN,NaN,NaN,NaN,NaN,NaN,NaN,NaN,NaN,NaN,NaN,NaN,NaN,NaN,NaN,
47.021,-0.00698,-0.01821,0.12998,-0.40875,-0.14430,-0.26710,0.86067,NaN,NaN,NaN,NaN,NaN,NaN,NaN,NaN,NaN,NaN,NaN,NaN,NaN,NaN,NaN,NaN,NaN,NaN,NaN,NaN,NaN,
47.046,-0.00705,-0.01819,0.12992,-0.40852,-0.14546,-0.26635,0.86082,NaN,NaN,NaN,NaN,NaN,NaN,NaN,NaN,NaN,NaN,NaN,NaN,NaN,NaN,NaN,NaN,NaN,NaN,NaN,NaN,NaN,
47.071,-0.00713,-0.01817,0.12995,-0.40834,-0.14614,-0.26597,0.86091,NaN,NaN,NaN,NaN,NaN,NaN,NaN,NaN,NaN,NaN,NaN,NaN,NaN,NaN,NaN,NaN,NaN,NaN,NaN,NaN,NaN,
47.096,-0.00718,-0.01812,0.12994,-0.40830,-0.14684,-0.26539,0.86098,NaN,NaN,NaN,NaN,NaN,NaN,NaN,NaN,NaN,NaN,NaN,NaN,NaN,NaN,NaN,NaN,NaN,NaN,NaN,NaN,NaN,
47.121,-0.00727,-0.01811,0.12995,-0.40792,-0.14769,-0.26509,0.86111,NaN,NaN,NaN,NaN,NaN,NaN,NaN,NaN,NaN,NaN,NaN,NaN,NaN,NaN,NaN,NaN,NaN,NaN,NaN,NaN,NaN,
47.146,-0.00730,-0.01808,0.12999,-0.40779,-0.14833,-0.26469,0.86119,NaN,NaN,NaN,NaN,NaN,NaN,NaN,NaN,NaN,NaN,NaN,NaN,NaN,NaN,NaN,NaN,NaN,NaN,NaN,NaN,NaN,
47.171,-0.00734,-0.01802,0.12994,-0.40772,-0.14930,-0.26392,0.86129,NaN,NaN,NaN,NaN,NaN,NaN,NaN,NaN,NaN,NaN,NaN,NaN,NaN,NaN,NaN,NaN,NaN,NaN,NaN,NaN,NaN,
47.196,-0.00746,-0.01800,0.12996,-0.40720,-0.15056,-0.26341,0.86147,NaN,NaN,NaN,NaN,NaN,NaN,NaN,NaN,NaN,NaN,NaN,NaN,NaN,NaN,NaN,NaN,NaN,NaN,NaN,NaN,NaN,
47.221,-0.00756,-0.01795,0.12994,-0.40700,-0.15181,-0.26254,0.86161,NaN,NaN,NaN,NaN,NaN,NaN,NaN,NaN,NaN,NaN,NaN,NaN,NaN,NaN,NaN,NaN,NaN,NaN,NaN,NaN,NaN,
47.246,-0.00768,-0.01792,0.12992,-0.40671,-0.15274,-0.26207,0.86173,NaN,NaN,NaN,NaN,NaN,NaN,NaN,NaN,NaN,NaN,NaN,NaN,NaN,NaN,NaN,NaN,NaN,NaN,NaN,NaN,NaN,
47.271,-0.00773,-0.01792,0.12994,-0.40657,-0.15333,-0.26171,0.86180,NaN,NaN,NaN,NaN,NaN,NaN,NaN,NaN,NaN,NaN,NaN,NaN,NaN,NaN,NaN,NaN,NaN,NaN,NaN,NaN,NaN,
47.296,-0.00776,-0.01792,0.12995,-0.40639,-0.15385,-0.26145,0.86187,NaN,NaN,NaN,NaN,NaN,NaN,NaN,NaN,NaN,NaN,NaN,NaN,NaN,NaN,NaN,NaN,NaN,NaN,NaN,NaN,NaN,
47.321,-0.00780,-0.01787,0.12998,-0.40635,-0.15434,-0.26106,0.86192,NaN,NaN,NaN,NaN,NaN,NaN,NaN,NaN,NaN,NaN,NaN,NaN,NaN,NaN,NaN,NaN,NaN,NaN,NaN,NaN,NaN,
47.346,-0.00785,-0.01787,0.12999,-0.40626,-0.15494,-0.26064,0.86198,NaN,NaN,NaN,NaN,NaN,NaN,NaN,NaN,NaN,NaN,NaN,NaN,NaN,NaN,NaN,NaN,NaN,NaN,NaN,NaN,NaN,
47.371,-0.00790,-0.01782,0.12998,-0.40605,-0.15575,-0.26017,0.86208,NaN,NaN,NaN,NaN,NaN,NaN,NaN,NaN,NaN,NaN,NaN,NaN,NaN,NaN,NaN,NaN,NaN,NaN,NaN,NaN,NaN,
47.396,-0.00796,-0.01778,0.13000,-0.40578,-0.15650,-0.25982,0.86218,NaN,NaN,NaN,NaN,NaN,NaN,NaN,NaN,NaN,NaN,NaN,NaN,NaN,NaN,NaN,NaN,NaN,NaN,NaN,NaN,NaN,
47.421,-0.00801,-0.01776,0.12996,-0.40577,-0.15730,-0.25911,0.86225,NaN,NaN,NaN,NaN,NaN,NaN,NaN,NaN,NaN,NaN,NaN,NaN,NaN,NaN,NaN,NaN,NaN,NaN,NaN,NaN,NaN,
47.446,-0.00814,-0.01773,0.12997,-0.40535,-0.15836,-0.25867,0.86239,NaN,NaN,NaN,NaN,NaN,NaN,NaN,NaN,NaN,NaN,NaN,NaN,NaN,NaN,NaN,NaN,NaN,NaN,NaN,NaN,NaN,
47.471,-0.00821,-0.01769,0.12995,-0.40518,-0.15944,-0.25789,0.86249,NaN,NaN,NaN,NaN,NaN,NaN,NaN,NaN,NaN,NaN,NaN,NaN,NaN,NaN,NaN,NaN,NaN,NaN,NaN,NaN,NaN,
47.496,-0.00831,-0.01765,0.12996,-0.40496,-0.16049,-0.25721,0.86261,NaN,NaN,NaN,NaN,NaN,NaN,NaN,NaN,NaN,NaN,NaN,NaN,NaN,NaN,NaN,NaN,NaN,NaN,NaN,NaN,NaN,
47.521,-0.00841,-0.01761,0.12997,-0.40455,-0.16166,-0.25665,0.86275,NaN,NaN,NaN,NaN,NaN,NaN,NaN,NaN,NaN,NaN,NaN,NaN,NaN,NaN,NaN,NaN,NaN,NaN,NaN,NaN,NaN,
47.546,-0.00848,-0.01755,0.12996,-0.40458,-0.16280,-0.25559,0.86284,NaN,NaN,NaN,NaN,NaN,NaN,NaN,NaN,NaN,NaN,NaN,NaN,NaN,NaN,NaN,NaN,NaN,NaN,NaN,NaN,NaN,
47.571,-0.00865,-0.01751,0.13000,-0.40381,-0.16466,-0.25482,0.86307,NaN,NaN,NaN,NaN,NaN,NaN,NaN,NaN,NaN,NaN,NaN,NaN,NaN,NaN,NaN,NaN,NaN,NaN,NaN,NaN,NaN,
47.596,-0.00875,-0.01743,0.13000,-0.40381,-0.16607,-0.25354,0.86318,NaN,NaN,NaN,NaN,NaN,NaN,NaN,NaN,NaN,NaN,NaN,NaN,NaN,NaN,NaN,NaN,NaN,NaN,NaN,NaN,NaN,
47.621,-0.00886,-0.01737,0.12996,-0.40357,-0.16752,-0.25252,0.86331,NaN,NaN,NaN,NaN,NaN,NaN,NaN,NaN,NaN,NaN,NaN,NaN,NaN,NaN,NaN,NaN,NaN,NaN,NaN,NaN,NaN,
47.646,-0.00899,-0.01731,0.13000,-0.40316,-0.16862,-0.25201,0.86344,NaN,NaN,NaN,NaN,NaN,NaN,NaN,NaN,NaN,NaN,NaN,NaN,NaN,NaN,NaN,NaN,NaN,NaN,NaN,NaN,NaN,
47.671,-0.00904,-0.01730,0.12997,-0.40298,-0.16949,-0.25142,0.86352,NaN,NaN,NaN,NaN,NaN,NaN,NaN,NaN,NaN,NaN,NaN,NaN,NaN,NaN,NaN,NaN,NaN,NaN,NaN,NaN,NaN,
47.696,-0.00908,-0.01729,0.12998,-0.40288,-0.17009,-0.25100,0.86357,NaN,NaN,NaN,NaN,NaN,NaN,NaN,NaN,NaN,NaN,NaN,NaN,NaN,NaN,NaN,NaN,NaN,NaN,NaN,NaN,NaN,
47.721,-0.00919,-0.01723,0.12999,-0.40263,-0.17083,-0.25062,0.86365,NaN,NaN,NaN,NaN,NaN,NaN,NaN,NaN,NaN,NaN,NaN,NaN,NaN,NaN,NaN,NaN,NaN,NaN,NaN,NaN,NaN,
47.746,-0.00919,-0.01722,0.12998,-0.40272,-0.17129,-0.25010,0.86367,NaN,NaN,NaN,NaN,NaN,NaN,NaN,NaN,NaN,NaN,NaN,NaN,NaN,NaN,NaN,NaN,NaN,NaN,NaN,NaN,NaN,
47.771,-0.00923,-0.01719,0.12997,-0.40261,-0.17188,-0.24968,0.86372,NaN,NaN,NaN,NaN,NaN,NaN,NaN,NaN,NaN,NaN,NaN,NaN,NaN,NaN,NaN,NaN,NaN,NaN,NaN,NaN,NaN,
47.796,-0.00929,-0.01716,0.13003,-0.40242,-0.17225,-0.24958,0.86377,NaN,NaN,NaN,NaN,NaN,NaN,NaN,NaN,NaN,NaN,NaN,NaN,NaN,NaN,NaN,NaN,NaN,NaN,NaN,NaN,NaN,
47.821,-0.00931,-0.01716,0.13000,-0.40244,-0.17267,-0.24916,0.86380,NaN,NaN,NaN,NaN,NaN,NaN,NaN,NaN,NaN,NaN,NaN,NaN,NaN,NaN,NaN,NaN,NaN,NaN,NaN,NaN,NaN,
47.846,-0.00933,-0.01712,0.13002,-0.40232,-0.17316,-0.24886,0.86384,NaN,NaN,NaN,NaN,NaN,NaN,NaN,NaN,NaN,NaN,NaN,NaN,NaN,NaN,NaN,NaN,NaN,NaN,NaN,NaN,NaN,
47.871,-0.00941,-0.01709,0.13000,-0.40203,-0.17384,-0.24858,0.86392,NaN,NaN,NaN,NaN,NaN,NaN,NaN,NaN,NaN,NaN,NaN,NaN,NaN,NaN,NaN,NaN,NaN,NaN,NaN,NaN,NaN,
47.896,-0.00942,-0.01711,0.12998,-0.40215,-0.17419,-0.24811,0.86393,NaN,NaN,NaN,NaN,NaN,NaN,NaN,NaN,NaN,NaN,NaN,NaN,NaN,NaN,NaN,NaN,NaN,NaN,NaN,NaN,NaN,
47.921,-0.00948,-0.01709,0.12999,-0.40191,-0.17469,-0.24795,0.86399,NaN,NaN,NaN,NaN,NaN,NaN,NaN,NaN,NaN,NaN,NaN,NaN,NaN,NaN,NaN,NaN,NaN,NaN,NaN,NaN,NaN,
47.946,-0.00948,-0.01709,0.12999,-0.40191,-0.17469,-0.24795,0.86399,NaN,NaN,NaN,NaN,NaN,NaN,NaN,NaN,NaN,NaN,NaN,NaN,NaN,NaN,NaN,NaN,NaN,NaN,NaN,NaN,NaN,
47.971,-0.00953,-0.01706,0.12999,-0.40184,-0.17559,-0.24721,0.86405,NaN,NaN,NaN,NaN,NaN,NaN,NaN,NaN,NaN,NaN,NaN,NaN,NaN,NaN,NaN,NaN,NaN,NaN,NaN,NaN,NaN,
47.996,-0.00959,-0.01701,0.13002,-0.40179,-0.17622,-0.24668,0.86409,NaN,NaN,NaN,NaN,NaN,NaN,NaN,NaN,NaN,NaN,NaN,NaN,NaN,NaN,NaN,NaN,NaN,NaN,NaN,NaN,NaN,
48.021,-0.00967,-0.01697,0.13000,-0.40162,-0.17708,-0.24609,0.86417,NaN,NaN,NaN,NaN,NaN,NaN,NaN,NaN,NaN,NaN,NaN,NaN,NaN,NaN,NaN,NaN,NaN,NaN,NaN,NaN,NaN,
48.046,-0.00971,-0.01694,0.13004,-0.40130,-0.17788,-0.24574,0.86425,NaN,NaN,NaN,NaN,NaN,NaN,NaN,NaN,NaN,NaN,NaN,NaN,NaN,NaN,NaN,NaN,NaN,NaN,NaN,NaN,NaN,
48.071,-0.00980,-0.01693,0.13002,-0.40105,-0.17881,-0.24518,0.86433,NaN,NaN,NaN,NaN,NaN,NaN,NaN,NaN,NaN,NaN,NaN,NaN,NaN,NaN,NaN,NaN,NaN,NaN,NaN,NaN,NaN,
48.096,-0.00984,-0.01689,0.13000,-0.40110,-0.17961,-0.24437,0.86437,NaN,NaN,NaN,NaN,NaN,NaN,NaN,NaN,NaN,NaN,NaN,NaN,NaN,NaN,NaN,NaN,NaN,NaN,NaN,NaN,NaN,
48.121,-0.00995,-0.01686,0.13001,-0.40076,-0.18052,-0.24394,0.86446,NaN,NaN,NaN,NaN,NaN,NaN,NaN,NaN,NaN,NaN,NaN,NaN,NaN,NaN,NaN,NaN,NaN,NaN,NaN,NaN,NaN,
48.146,-0.00999,-0.01683,0.13000,-0.40091,-0.18127,-0.24307,0.86448,NaN,NaN,NaN,NaN,NaN,NaN,NaN,NaN,NaN,NaN,NaN,NaN,NaN,NaN,NaN,NaN,NaN,NaN,NaN,NaN,NaN,
48.171,-0.01007,-0.01679,0.13001,-0.40080,-0.18224,-0.24230,0.86455,NaN,NaN,NaN,NaN,NaN,NaN,NaN,NaN,NaN,NaN,NaN,NaN,NaN,NaN,NaN,NaN,NaN,NaN,NaN,NaN,NaN,
48.196,-0.01018,-0.01670,0.13004,-0.40070,-0.18322,-0.24151,0.86461,NaN,NaN,NaN,NaN,NaN,NaN,NaN,NaN,NaN,NaN,NaN,NaN,NaN,NaN,NaN,NaN,NaN,NaN,NaN,NaN,NaN,
48.221,-0.01028,-0.01665,0.13001,-0.40049,-0.18436,-0.24070,0.86469,NaN,NaN,NaN,NaN,NaN,NaN,NaN,NaN,NaN,NaN,NaN,NaN,NaN,NaN,NaN,NaN,NaN,NaN,NaN,NaN,NaN,
48.246,-0.01032,-0.01659,0.13003,-0.40032,-0.18543,-0.23990,0.86476,NaN,NaN,NaN,NaN,NaN,NaN,NaN,NaN,NaN,NaN,NaN,NaN,NaN,NaN,NaN,NaN,NaN,NaN,NaN,NaN,NaN,
48.271,-0.01044,-0.01654,0.13002,-0.40003,-0.18670,-0.23906,0.86485,NaN,NaN,NaN,NaN,NaN,NaN,NaN,NaN,NaN,NaN,NaN,NaN,NaN,NaN,NaN,NaN,NaN,NaN,NaN,NaN,NaN,
48.296,-0.01048,-0.01652,0.12999,-0.40005,-0.18760,-0.23819,0.86489,NaN,NaN,NaN,NaN,NaN,NaN,NaN,NaN,NaN,NaN,NaN,NaN,NaN,NaN,NaN,NaN,NaN,NaN,NaN,NaN,NaN,
48.321,-0.01057,-0.01648,0.13000,-0.39981,-0.18843,-0.23770,0.86495,NaN,NaN,NaN,NaN,NaN,NaN,NaN,NaN,NaN,NaN,NaN,NaN,NaN,NaN,NaN,NaN,NaN,NaN,NaN,NaN,NaN,
48.346,-0.01061,-0.01647,0.13001,-0.39997,-0.18886,-0.23710,0.86495,NaN,NaN,NaN,NaN,NaN,NaN,NaN,NaN,NaN,NaN,NaN,NaN,NaN,NaN,NaN,NaN,NaN,NaN,NaN,NaN,NaN,
48.371,-0.01067,-0.01644,0.13001,-0.39992,-0.18957,-0.23650,0.86498,NaN,NaN,NaN,NaN,NaN,NaN,NaN,NaN,NaN,NaN,NaN,NaN,NaN,NaN,NaN,NaN,NaN,NaN,NaN,NaN,NaN,
48.396,-0.01072,-0.01637,0.13003,-0.39985,-0.19041,-0.23579,0.86502,NaN,NaN,NaN,NaN,NaN,NaN,NaN,NaN,NaN,NaN,NaN,NaN,NaN,NaN,NaN,NaN,NaN,NaN,NaN,NaN,NaN,
48.421,-0.01079,-0.01634,0.13001,-0.39973,-0.19127,-0.23514,0.86507,NaN,NaN,NaN,NaN,NaN,NaN,NaN,NaN,NaN,NaN,NaN,NaN,NaN,NaN,NaN,NaN,NaN,NaN,NaN,NaN,NaN,
48.446,-0.01085,-0.01627,0.13002,-0.39961,-0.19198,-0.23460,0.86511,NaN,NaN,NaN,NaN,NaN,NaN,NaN,NaN,NaN,NaN,NaN,NaN,NaN,NaN,NaN,NaN,NaN,NaN,NaN,NaN,NaN,
48.471,-0.01092,-0.01625,0.13002,-0.39946,-0.19278,-0.23403,0.86516,NaN,NaN,NaN,NaN,NaN,NaN,NaN,NaN,NaN,NaN,NaN,NaN,NaN,NaN,NaN,NaN,NaN,NaN,NaN,NaN,NaN,
48.496,-0.01096,-0.01621,0.12999,-0.39950,-0.19359,-0.23321,0.86518,NaN,NaN,NaN,NaN,NaN,NaN,NaN,NaN,NaN,NaN,NaN,NaN,NaN,NaN,NaN,NaN,NaN,NaN,NaN,NaN,NaN,
48.521,-0.01105,-0.01619,0.13002,-0.39928,-0.19443,-0.23268,0.86523,NaN,NaN,NaN,NaN,NaN,NaN,NaN,NaN,NaN,NaN,NaN,NaN,NaN,NaN,NaN,NaN,NaN,NaN,NaN,NaN,NaN,
48.546,-0.01107,-0.01616,0.12998,-0.39939,-0.19533,-0.23169,0.86525,NaN,NaN,NaN,NaN,NaN,NaN,NaN,NaN,NaN,NaN,NaN,NaN,NaN,NaN,NaN,NaN,NaN,NaN,NaN,NaN,NaN,
48.571,-0.01120,-0.01609,0.13003,-0.39919,-0.19626,-0.23105,0.86530,NaN,NaN,NaN,NaN,NaN,NaN,NaN,NaN,NaN,NaN,NaN,NaN,NaN,NaN,NaN,NaN,NaN,NaN,NaN,NaN,NaN,
48.596,-0.01123,-0.01603,0.12997,-0.39947,-0.19708,-0.22994,0.86528,NaN,NaN,NaN,NaN,NaN,NaN,NaN,NaN,NaN,NaN,NaN,NaN,NaN,NaN,NaN,NaN,NaN,NaN,NaN,NaN,NaN,
48.621,-0.01134,-0.01599,0.13002,-0.39913,-0.19792,-0.22954,0.86535,NaN,NaN,NaN,NaN,NaN,NaN,NaN,NaN,NaN,NaN,NaN,NaN,NaN,NaN,NaN,NaN,NaN,NaN,NaN,NaN,NaN,
48.646,-0.01140,-0.01598,0.13001,-0.39903,-0.19871,-0.22891,0.86538,NaN,NaN,NaN,NaN,NaN,NaN,NaN,NaN,NaN,NaN,NaN,NaN,NaN,NaN,NaN,NaN,NaN,NaN,NaN,NaN,NaN,
48.671,-0.01142,-0.01589,0.12998,-0.39910,-0.19957,-0.22800,0.86539,NaN,NaN,NaN,NaN,NaN,NaN,NaN,NaN,NaN,NaN,NaN,NaN,NaN,NaN,NaN,NaN,NaN,NaN,NaN,NaN,NaN,
48.696,-0.01151,-0.01586,0.13002,-0.39896,-0.20009,-0.22768,0.86542,NaN,NaN,NaN,NaN,NaN,NaN,NaN,NaN,NaN,NaN,NaN,NaN,NaN,NaN,NaN,NaN,NaN,NaN,NaN,NaN,NaN,
48.721,-0.01154,-0.01585,0.12997,-0.39890,-0.20082,-0.22704,0.86545,NaN,NaN,NaN,NaN,NaN,NaN,NaN,NaN,NaN,NaN,NaN,NaN,NaN,NaN,NaN,NaN,NaN,NaN,NaN,NaN,NaN,
48.746,-0.01159,-0.01580,0.13000,-0.39892,-0.20145,-0.22642,0.86546,NaN,NaN,NaN,NaN,NaN,NaN,NaN,NaN,NaN,NaN,NaN,NaN,NaN,NaN,NaN,NaN,NaN,NaN,NaN,NaN,NaN,
48.771,-0.01167,-0.01577,0.13002,-0.39877,-0.20219,-0.22589,0.86549,NaN,NaN,NaN,NaN,NaN,NaN,NaN,NaN,NaN,NaN,NaN,NaN,NaN,NaN,NaN,NaN,NaN,NaN,NaN,NaN,NaN,
48.796,-0.01169,-0.01574,0.13000,-0.39888,-0.20279,-0.22518,0.86548,NaN,NaN,NaN,NaN,NaN,NaN,NaN,NaN,NaN,NaN,NaN,NaN,NaN,NaN,NaN,NaN,NaN,NaN,NaN,NaN,NaN,
48.821,-0.01181,-0.01570,0.13003,-0.39870,-0.20347,-0.22475,0.86552,NaN,NaN,NaN,NaN,NaN,NaN,NaN,NaN,NaN,NaN,NaN,NaN,NaN,NaN,NaN,NaN,NaN,NaN,NaN,NaN,NaN,
48.846,-0.01182,-0.01566,0.12999,-0.39884,-0.20416,-0.22391,0.86551,NaN,NaN,NaN,NaN,NaN,NaN,NaN,NaN,NaN,NaN,NaN,NaN,NaN,NaN,NaN,NaN,NaN,NaN,NaN,NaN,NaN,
48.871,-0.01193,-0.01559,0.13001,-0.39846,-0.20543,-0.22315,0.86558,NaN,NaN,NaN,NaN,NaN,NaN,NaN,NaN,NaN,NaN,NaN,NaN,NaN,NaN,NaN,NaN,NaN,NaN,NaN,NaN,NaN,
48.896,-0.01202,-0.01552,0.13003,-0.39858,-0.20656,-0.22191,0.86558,NaN,NaN,NaN,NaN,NaN,NaN,NaN,NaN,NaN,NaN,NaN,NaN,NaN,NaN,NaN,NaN,NaN,NaN,NaN,NaN,NaN,
48.921,-0.01211,-0.01546,0.12999,-0.39842,-0.20778,-0.22092,0.86561,NaN,NaN,NaN,NaN,NaN,NaN,NaN,NaN,NaN,NaN,NaN,NaN,NaN,NaN,NaN,NaN,NaN,NaN,NaN,NaN,NaN,
48.946,-0.01217,-0.01540,0.13000,-0.39851,-0.20849,-0.22012,0.86560,NaN,NaN,NaN,NaN,NaN,NaN,NaN,NaN,NaN,NaN,NaN,NaN,NaN,NaN,NaN,NaN,NaN,NaN,NaN,NaN,NaN,
48.971,-0.01223,-0.01538,0.13000,-0.39850,-0.20926,-0.21938,0.86561,NaN,NaN,NaN,NaN,NaN,NaN,NaN,NaN,NaN,NaN,NaN,NaN,NaN,NaN,NaN,NaN,NaN,NaN,NaN,NaN,NaN,
48.996,-0.01230,-0.01533,0.13002,-0.39852,-0.21011,-0.21854,0.86561,NaN,NaN,NaN,NaN,NaN,NaN,NaN,NaN,NaN,NaN,NaN,NaN,NaN,NaN,NaN,NaN,NaN,NaN,NaN,NaN,NaN,
49.021,-0.01238,-0.01528,0.12999,-0.39852,-0.21093,-0.21774,0.86561,NaN,NaN,NaN,NaN,NaN,NaN,NaN,NaN,NaN,NaN,NaN,NaN,NaN,NaN,NaN,NaN,NaN,NaN,NaN,NaN,NaN,
49.046,-0.01241,-0.01525,0.13000,-0.39857,-0.21137,-0.21724,0.86560,NaN,NaN,NaN,NaN,NaN,NaN,NaN,NaN,NaN,NaN,NaN,NaN,NaN,NaN,NaN,NaN,NaN,NaN,NaN,NaN,NaN,
49.071,-0.01248,-0.01523,0.13001,-0.39833,-0.21207,-0.21685,0.86564,NaN,NaN,NaN,NaN,NaN,NaN,NaN,NaN,NaN,NaN,NaN,NaN,NaN,NaN,NaN,NaN,NaN,NaN,NaN,NaN,NaN,
49.096,-0.01249,-0.01518,0.13000,-0.39844,-0.21266,-0.21614,0.86562,NaN,NaN,NaN,NaN,NaN,NaN,NaN,NaN,NaN,NaN,NaN,NaN,NaN,NaN,NaN,NaN,NaN,NaN,NaN,NaN,NaN,
49.121,-0.01256,-0.01513,0.13002,-0.39839,-0.21337,-0.21551,0.86563,NaN,NaN,NaN,NaN,NaN,NaN,NaN,NaN,NaN,NaN,NaN,NaN,NaN,NaN,NaN,NaN,NaN,NaN,NaN,NaN,NaN,
49.146,-0.01260,-0.01509,0.12997,-0.39854,-0.21409,-0.21462,0.86560,NaN,NaN,NaN,NaN,NaN,NaN,NaN,NaN,NaN,NaN,NaN,NaN,NaN,NaN,NaN,NaN,NaN,NaN,NaN,NaN,NaN,
49.171,-0.01268,-0.01506,0.13002,-0.39826,-0.21486,-0.21421,0.86565,NaN,NaN,NaN,NaN,NaN,NaN,NaN,NaN,NaN,NaN,NaN,NaN,NaN,NaN,NaN,NaN,NaN,NaN,NaN,NaN,NaN,
49.196,-0.01270,-0.01500,0.12998,-0.39866,-0.21553,-0.21306,0.86558,NaN,NaN,NaN,NaN,NaN,NaN,NaN,NaN,NaN,NaN,NaN,NaN,NaN,NaN,NaN,NaN,NaN,NaN,NaN,NaN,NaN,
49.221,-0.01285,-0.01494,0.12999,-0.39841,-0.21676,-0.21215,0.86561,NaN,NaN,NaN,NaN,NaN,NaN,NaN,NaN,NaN,NaN,NaN,NaN,NaN,NaN,NaN,NaN,NaN,NaN,NaN,NaN,NaN,
49.246,-0.01291,-0.01488,0.13002,-0.39851,-0.21763,-0.21117,0.86558,NaN,NaN,NaN,NaN,NaN,NaN,NaN,NaN,NaN,NaN,NaN,NaN,NaN,NaN,NaN,NaN,NaN,NaN,NaN,NaN,NaN,
49.271,-0.01299,-0.01482,0.12998,-0.39851,-0.21857,-0.21024,0.86557,NaN,NaN,NaN,NaN,NaN,NaN,NaN,NaN,NaN,NaN,NaN,NaN,NaN,NaN,NaN,NaN,NaN,NaN,NaN,NaN,NaN,
49.296,-0.01306,-0.01478,0.13005,-0.39856,-0.21919,-0.20956,0.86556,NaN,NaN,NaN,NaN,NaN,NaN,NaN,NaN,NaN,NaN,NaN,NaN,NaN,NaN,NaN,NaN,NaN,NaN,NaN,NaN,NaN,
49.321,-0.01311,-0.01469,0.13001,-0.39858,-0.22061,-0.20813,0.86553,NaN,NaN,NaN,NaN,NaN,NaN,NaN,NaN,NaN,NaN,NaN,NaN,NaN,NaN,NaN,NaN,NaN,NaN,NaN,NaN,NaN,
49.346,-0.01321,-0.01460,0.13005,-0.39870,-0.22174,-0.20687,0.86549,NaN,NaN,NaN,NaN,NaN,NaN,NaN,NaN,NaN,NaN,NaN,NaN,NaN,NaN,NaN,NaN,NaN,NaN,NaN,NaN,NaN,
49.371,-0.01329,-0.01453,0.12999,-0.39883,-0.22277,-0.20567,0.86545,NaN,NaN,NaN,NaN,NaN,NaN,NaN,NaN,NaN,NaN,NaN,NaN,NaN,NaN,NaN,NaN,NaN,NaN,NaN,NaN,NaN,
49.396,-0.01336,-0.01449,0.13000,-0.39887,-0.22343,-0.20497,0.86543,NaN,NaN,NaN,NaN,NaN,NaN,NaN,NaN,NaN,NaN,NaN,NaN,NaN,NaN,NaN,NaN,NaN,NaN,NaN,NaN,NaN,
49.421,-0.01338,-0.01445,0.12999,-0.39903,-0.22404,-0.20416,0.86539,NaN,NaN,NaN,NaN,NaN,NaN,NaN,NaN,NaN,NaN,NaN,NaN,NaN,NaN,NaN,NaN,NaN,NaN,NaN,NaN,NaN,
49.446,-0.01347,-0.01441,0.13003,-0.39902,-0.22458,-0.20363,0.86538,NaN,NaN,NaN,NaN,NaN,NaN,NaN,NaN,NaN,NaN,NaN,NaN,NaN,NaN,NaN,NaN,NaN,NaN,NaN,NaN,NaN,
49.471,-0.01349,-0.01436,0.12999,-0.39921,-0.22520,-0.20278,0.86533,NaN,NaN,NaN,NaN,NaN,NaN,NaN,NaN,NaN,NaN,NaN,NaN,NaN,NaN,NaN,NaN,NaN,NaN,NaN,NaN,NaN,
49.496,-0.01357,-0.01430,0.13003,-0.39905,-0.22585,-0.20232,0.86534,NaN,NaN,NaN,NaN,NaN,NaN,NaN,NaN,NaN,NaN,NaN,NaN,NaN,NaN,NaN,NaN,NaN,NaN,NaN,NaN,NaN,
49.521,-0.01361,-0.01426,0.13002,-0.39918,-0.22655,-0.20146,0.86530,NaN,NaN,NaN,NaN,NaN,NaN,NaN,NaN,NaN,NaN,NaN,NaN,NaN,NaN,NaN,NaN,NaN,NaN,NaN,NaN,NaN,
49.546,-0.01363,-0.01419,0.13002,-0.39931,-0.22728,-0.20056,0.86526,NaN,NaN,NaN,NaN,NaN,NaN,NaN,NaN,NaN,NaN,NaN,NaN,NaN,NaN,NaN,NaN,NaN,NaN,NaN,NaN,NaN,
49.571,-0.01372,-0.01415,0.12999,-0.39916,-0.22831,-0.19970,0.86525,NaN,NaN,NaN,NaN,NaN,NaN,NaN,NaN,NaN,NaN,NaN,NaN,NaN,NaN,NaN,NaN,NaN,NaN,NaN,NaN,NaN,
49.596,-0.01374,-0.01413,0.12999,-0.39957,-0.22876,-0.19875,0.86517,NaN,NaN,NaN,NaN,NaN,NaN,NaN,NaN,NaN,NaN,NaN,NaN,NaN,NaN,NaN,NaN,NaN,NaN,NaN,NaN,NaN,
49.621,-0.01384,-0.01407,0.13003,-0.39937,-0.22965,-0.19810,0.86517,NaN,NaN,NaN,NaN,NaN,NaN,NaN,NaN,NaN,NaN,NaN,NaN,NaN,NaN,NaN,NaN,NaN,NaN,NaN,NaN,NaN,
49.646,-0.01390,-0.01400,0.12999,-0.39972,-0.23037,-0.19693,0.86508,NaN,NaN,NaN,NaN,NaN,NaN,NaN,NaN,NaN,NaN,NaN,NaN,NaN,NaN,NaN,NaN,NaN,NaN,NaN,NaN,NaN,
49.671,-0.01399,-0.01396,0.13001,-0.39965,-0.23111,-0.19626,0.86507,NaN,NaN,NaN,NaN,NaN,NaN,NaN,NaN,NaN,NaN,NaN,NaN,NaN,NaN,NaN,NaN,NaN,NaN,NaN,NaN,NaN,
49.696,-0.01405,-0.01390,0.13002,-0.39981,-0.23178,-0.19539,0.86502,NaN,NaN,NaN,NaN,NaN,NaN,NaN,NaN,NaN,NaN,NaN,NaN,NaN,NaN,NaN,NaN,NaN,NaN,NaN,NaN,NaN,
49.721,-0.01411,-0.01384,0.12999,-0.39979,-0.23291,-0.19426,0.86497,NaN,NaN,NaN,NaN,NaN,NaN,NaN,NaN,NaN,NaN,NaN,NaN,NaN,NaN,NaN,NaN,NaN,NaN,NaN,NaN,NaN,
49.746,-0.01418,-0.01376,0.13003,-0.39990,-0.23370,-0.19333,0.86492,NaN,NaN,NaN,NaN,NaN,NaN,NaN,NaN,NaN,NaN,NaN,NaN,NaN,NaN,NaN,NaN,NaN,NaN,NaN,NaN,NaN,
49.771,-0.01421,-0.01371,0.12999,-0.40008,-0.23452,-0.19226,0.86485,NaN,NaN,NaN,NaN,NaN,NaN,NaN,NaN,NaN,NaN,NaN,NaN,NaN,NaN,NaN,NaN,NaN,NaN,NaN,NaN,NaN,
49.796,-0.01428,-0.01363,0.13000,-0.40024,-0.23528,-0.19129,0.86479,NaN,NaN,NaN,NaN,NaN,NaN,NaN,NaN,NaN,NaN,NaN,NaN,NaN,NaN,NaN,NaN,NaN,NaN,NaN,NaN,NaN,
49.821,-0.01436,-0.01362,0.12997,-0.40023,-0.23620,-0.19035,0.86475,NaN,NaN,NaN,NaN,NaN,NaN,NaN,NaN,NaN,NaN,NaN,NaN,NaN,NaN,NaN,NaN,NaN,NaN,NaN,NaN,NaN,
49.846,-0.01446,-0.01352,0.12999,-0.40038,-0.23693,-0.18943,0.86468,NaN,NaN,NaN,NaN,NaN,NaN,NaN,NaN,NaN,NaN,NaN,NaN,NaN,NaN,NaN,NaN,NaN,NaN,NaN,NaN,NaN,
49.871,-0.01451,-0.01351,0.12998,-0.40035,-0.23764,-0.18874,0.86466,NaN,NaN,NaN,NaN,NaN,NaN,NaN,NaN,NaN,NaN,NaN,NaN,NaN,NaN,NaN,NaN,NaN,NaN,NaN,NaN,NaN,
49.896,-0.01454,-0.01343,0.12998,-0.40060,-0.23838,-0.18765,0.86457,NaN,NaN,NaN,NaN,NaN,NaN,NaN,NaN,NaN,NaN,NaN,NaN,NaN,NaN,NaN,NaN,NaN,NaN,NaN,NaN,NaN,
49.921,-0.01462,-0.01337,0.13003,-0.40058,-0.23915,-0.18689,0.86453,NaN,NaN,NaN,NaN,NaN,NaN,NaN,NaN,NaN,NaN,NaN,NaN,NaN,NaN,NaN,NaN,NaN,NaN,NaN,NaN,NaN,
49.946,-0.01462,-0.01330,0.12998,-0.40098,-0.23969,-0.18583,0.86443,NaN,NaN,NaN,NaN,NaN,NaN,NaN,NaN,NaN,NaN,NaN,NaN,NaN,NaN,NaN,NaN,NaN,NaN,NaN,NaN,NaN,
49.971,-0.01471,-0.01327,0.13000,-0.40068,-0.24041,-0.18546,0.86444,NaN,NaN,NaN,NaN,NaN,NaN,NaN,NaN,NaN,NaN,NaN,NaN,NaN,NaN,NaN,NaN,NaN,NaN,NaN,NaN,NaN,
49.996,-0.01474,-0.01321,0.12995,-0.40107,-0.24115,-0.18421,0.86433,NaN,NaN,NaN,NaN,NaN,NaN,NaN,NaN,NaN,NaN,NaN,NaN,NaN,NaN,NaN,NaN,NaN,NaN,NaN,NaN,NaN,
50.021,-0.01483,-0.01316,0.12996,-0.40099,-0.24189,-0.18354,0.86430,NaN,NaN,NaN,NaN,NaN,NaN,NaN,NaN,NaN,NaN,NaN,NaN,NaN,NaN,NaN,NaN,NaN,NaN,NaN,NaN,NaN,
50.046,-0.01489,-0.01312,0.12998,-0.40110,-0.24240,-0.18287,0.86424,NaN,NaN,NaN,NaN,NaN,NaN,NaN,NaN,NaN,NaN,NaN,NaN,NaN,NaN,NaN,NaN,NaN,NaN,NaN,NaN,NaN,
50.071,-0.01492,-0.01311,0.12994,-0.40130,-0.24302,-0.18198,0.86417,NaN,NaN,NaN,NaN,NaN,NaN,NaN,NaN,NaN,NaN,NaN,NaN,NaN,NaN,NaN,NaN,NaN,NaN,NaN,NaN,NaN,
50.096,-0.01499,-0.01301,0.12999,-0.40154,-0.24373,-0.18094,0.86407,NaN,NaN,NaN,NaN,NaN,NaN,NaN,NaN,NaN,NaN,NaN,NaN,NaN,NaN,NaN,NaN,NaN,NaN,NaN,NaN,NaN,
50.121,-0.01505,-0.01294,0.13001,-0.40170,-0.24466,-0.17977,0.86398,NaN,NaN,NaN,NaN,NaN,NaN,NaN,NaN,NaN,NaN,NaN,NaN,NaN,NaN,NaN,NaN,NaN,NaN,NaN,NaN,NaN,
50.146,-0.01507,-0.01288,0.13001,-0.40208,-0.24532,-0.17859,0.86386,NaN,NaN,NaN,NaN,NaN,NaN,NaN,NaN,NaN,NaN,NaN,NaN,NaN,NaN,NaN,NaN,NaN,NaN,NaN,NaN,NaN,
50.171,-0.01519,-0.01279,0.13003,-0.40196,-0.24647,-0.17755,0.86380,NaN,NaN,NaN,NaN,NaN,NaN,NaN,NaN,NaN,NaN,NaN,NaN,NaN,NaN,NaN,NaN,NaN,NaN,NaN,NaN,NaN,
50.196,-0.01524,-0.01269,0.12995,-0.40233,-0.24755,-0.17595,0.86365,NaN,NaN,NaN,NaN,NaN,NaN,NaN,NaN,NaN,NaN,NaN,NaN,NaN,NaN,NaN,NaN,NaN,NaN,NaN,NaN,NaN,
50.221,-0.01533,-0.01264,0.12997,-0.40235,-0.24841,-0.17502,0.86358,NaN,NaN,NaN,NaN,NaN,NaN,NaN,NaN,NaN,NaN,NaN,NaN,NaN,NaN,NaN,NaN,NaN,NaN,NaN,NaN,NaN,
50.246,-0.01540,-0.01258,0.12995,-0.40267,-0.24912,-0.17386,0.86346,NaN,NaN,NaN,NaN,NaN,NaN,NaN,NaN,NaN,NaN,NaN,NaN,NaN,NaN,NaN,NaN,NaN,NaN,NaN,NaN,NaN,
50.271,-0.01543,-0.01255,0.12995,-0.40293,-0.24961,-0.17302,0.86337,NaN,NaN,NaN,NaN,NaN,NaN,NaN,NaN,NaN,NaN,NaN,NaN,NaN,NaN,NaN,NaN,NaN,NaN,NaN,NaN,NaN,
50.296,-0.01549,-0.01246,0.13002,-0.40315,-0.25028,-0.17202,0.86327,NaN,NaN,NaN,NaN,NaN,NaN,NaN,NaN,NaN,NaN,NaN,NaN,NaN,NaN,NaN,NaN,NaN,NaN,NaN,NaN,NaN,
50.321,-0.01556,-0.01241,0.13001,-0.40331,-0.25121,-0.17084,0.86316,NaN,NaN,NaN,NaN,NaN,NaN,NaN,NaN,NaN,NaN,NaN,NaN,NaN,NaN,NaN,NaN,NaN,NaN,NaN,NaN,NaN,
50.346,-0.01558,-0.01231,0.12998,-0.40372,-0.25200,-0.16947,0.86301,NaN,NaN,NaN,NaN,NaN,NaN,NaN,NaN,NaN,NaN,NaN,NaN,NaN,NaN,NaN,NaN,NaN,NaN,NaN,NaN,NaN,
50.371,-0.01569,-0.01223,0.12999,-0.40365,-0.25284,-0.16868,0.86295,NaN,NaN,NaN,NaN,NaN,NaN,NaN,NaN,NaN,NaN,NaN,NaN,NaN,NaN,NaN,NaN,NaN,NaN,NaN,NaN,NaN,
50.396,-0.01570,-0.01219,0.12996,-0.40409,-0.25339,-0.16752,0.86281,NaN,NaN,NaN,NaN,NaN,NaN,NaN,NaN,NaN,NaN,NaN,NaN,NaN,NaN,NaN,NaN,NaN,NaN,NaN,NaN,NaN,
50.421,-0.01577,-0.01214,0.12994,-0.40406,-0.25422,-0.16668,0.86274,NaN,NaN,NaN,NaN,NaN,NaN,NaN,NaN,NaN,NaN,NaN,NaN,NaN,NaN,NaN,NaN,NaN,NaN,NaN,NaN,NaN,
50.446,-0.01581,-0.01210,0.12997,-0.40425,-0.25470,-0.16593,0.86266,NaN,NaN,NaN,NaN,NaN,NaN,NaN,NaN,NaN,NaN,NaN,NaN,NaN,NaN,NaN,NaN,NaN,NaN,NaN,NaN,NaN,
50.471,-0.01584,-0.01210,0.12992,-0.40438,-0.25517,-0.16525,0.86258,NaN,NaN,NaN,NaN,NaN,NaN,NaN,NaN,NaN,NaN,NaN,NaN,NaN,NaN,NaN,NaN,NaN,NaN,NaN,NaN,NaN,
50.496,-0.01591,-0.01201,0.12998,-0.40454,-0.25564,-0.16455,0.86251,NaN,NaN,NaN,NaN,NaN,NaN,NaN,NaN,NaN,NaN,NaN,NaN,NaN,NaN,NaN,NaN,NaN,NaN,NaN,NaN,NaN,
50.521,-0.01596,-0.01196,0.12995,-0.40475,-0.25624,-0.16364,0.86240,NaN,NaN,NaN,NaN,NaN,NaN,NaN,NaN,NaN,NaN,NaN,NaN,NaN,NaN,NaN,NaN,NaN,NaN,NaN,NaN,NaN,
50.546,-0.01596,-0.01193,0.12996,-0.40506,-0.25675,-0.16269,0.86228,NaN,NaN,NaN,NaN,NaN,NaN,NaN,NaN,NaN,NaN,NaN,NaN,NaN,NaN,NaN,NaN,NaN,NaN,NaN,NaN,NaN,
50.571,-0.01602,-0.01185,0.13001,-0.40525,-0.25741,-0.16174,0.86218,NaN,NaN,NaN,NaN,NaN,NaN,NaN,NaN,NaN,NaN,NaN,NaN,NaN,NaN,NaN,NaN,NaN,NaN,NaN,NaN,NaN,
50.596,-0.01605,-0.01179,0.12997,-0.40561,-0.25807,-0.16057,0.86203,NaN,NaN,NaN,NaN,NaN,NaN,NaN,NaN,NaN,NaN,NaN,NaN,NaN,NaN,NaN,NaN,NaN,NaN,NaN,NaN,NaN,
50.621,-0.01613,-0.01170,0.12993,-0.40571,-0.25891,-0.15954,0.86192,NaN,NaN,NaN,NaN,NaN,NaN,NaN,NaN,NaN,NaN,NaN,NaN,NaN,NaN,NaN,NaN,NaN,NaN,NaN,NaN,NaN,
50.646,-0.01617,-0.01167,0.12997,-0.40601,-0.25941,-0.15861,0.86180,NaN,NaN,NaN,NaN,NaN,NaN,NaN,NaN,NaN,NaN,NaN,NaN,NaN,NaN,NaN,NaN,NaN,NaN,NaN,NaN,NaN,
50.671,-0.01624,-0.01161,0.12992,-0.40626,-0.26022,-0.15740,0.86166,NaN,NaN,NaN,NaN,NaN,NaN,NaN,NaN,NaN,NaN,NaN,NaN,NaN,NaN,NaN,NaN,NaN,NaN,NaN,NaN,NaN,
50.696,-0.01633,-0.01153,0.12998,-0.40647,-0.26094,-0.15636,0.86154,NaN,NaN,NaN,NaN,NaN,NaN,NaN,NaN,NaN,NaN,NaN,NaN,NaN,NaN,NaN,NaN,NaN,NaN,NaN,NaN,NaN,
50.721,-0.01635,-0.01148,0.12990,-0.40678,-0.26174,-0.15510,0.86138,NaN,NaN,NaN,NaN,NaN,NaN,NaN,NaN,NaN,NaN,NaN,NaN,NaN,NaN,NaN,NaN,NaN,NaN,NaN,NaN,NaN,
50.746,-0.01639,-0.01142,0.12996,-0.40708,-0.26217,-0.15424,0.86126,NaN,NaN,NaN,NaN,NaN,NaN,NaN,NaN,NaN,NaN,NaN,NaN,NaN,NaN,NaN,NaN,NaN,NaN,NaN,NaN,NaN,
50.771,-0.01644,-0.01135,0.12995,-0.40733,-0.26273,-0.15330,0.86114,NaN,NaN,NaN,NaN,NaN,NaN,NaN,NaN,NaN,NaN,NaN,NaN,NaN,NaN,NaN,NaN,NaN,NaN,NaN,NaN,NaN,
50.796,-0.01645,-0.01130,0.12996,-0.40777,-0.26310,-0.15232,0.86099,NaN,NaN,NaN,NaN,NaN,NaN,NaN,NaN,NaN,NaN,NaN,NaN,NaN,NaN,NaN,NaN,NaN,NaN,NaN,NaN,NaN,
50.821,-0.01652,-0.01120,0.12997,-0.40785,-0.26386,-0.15139,0.86088,NaN,NaN,NaN,NaN,NaN,NaN,NaN,NaN,NaN,NaN,NaN,NaN,NaN,NaN,NaN,NaN,NaN,NaN,NaN,NaN,NaN,
50.846,-0.01654,-0.01119,0.12995,-0.40826,-0.26435,-0.15031,0.86072,NaN,NaN,NaN,NaN,NaN,NaN,NaN,NaN,NaN,NaN,NaN,NaN,NaN,NaN,NaN,NaN,NaN,NaN,NaN,NaN,NaN,
50.871,-0.01660,-0.01113,0.12991,-0.40852,-0.26513,-0.14913,0.86057,NaN,NaN,NaN,NaN,NaN,NaN,NaN,NaN,NaN,NaN,NaN,NaN,NaN,NaN,NaN,NaN,NaN,NaN,NaN,NaN,NaN,
50.896,-0.01671,-0.01102,0.12994,-0.40885,-0.26585,-0.14790,0.86040,NaN,NaN,NaN,NaN,NaN,NaN,NaN,NaN,NaN,NaN,NaN,NaN,NaN,NaN,NaN,NaN,NaN,NaN,NaN,NaN,NaN,
50.921,-0.01676,-0.01094,0.12989,-0.40927,-0.26683,-0.14628,0.86018,NaN,NaN,NaN,NaN,NaN,NaN,NaN,NaN,NaN,NaN,NaN,NaN,NaN,NaN,NaN,NaN,NaN,NaN,NaN,NaN,NaN,
50.946,-0.01684,-0.01086,0.12995,-0.40971,-0.26752,-0.14493,0.85998,NaN,NaN,NaN,NaN,NaN,NaN,NaN,NaN,NaN,NaN,NaN,NaN,NaN,NaN,NaN,NaN,NaN,NaN,NaN,NaN,NaN,
50.971,-0.01689,-0.01079,0.12994,-0.41003,-0.26817,-0.14379,0.85981,NaN,NaN,NaN,NaN,NaN,NaN,NaN,NaN,NaN,NaN,NaN,NaN,NaN,NaN,NaN,NaN,NaN,NaN,NaN,NaN,NaN,
50.996,-0.01690,-0.01075,0.12994,-0.41044,-0.26847,-0.14293,0.85967,NaN,NaN,NaN,NaN,NaN,NaN,NaN,NaN,NaN,NaN,NaN,NaN,NaN,NaN,NaN,NaN,NaN,NaN,NaN,NaN,NaN,
51.021,-0.01694,-0.01063,0.13001,-0.41099,-0.26928,-0.14130,0.85942,NaN,NaN,NaN,NaN,NaN,NaN,NaN,NaN,NaN,NaN,NaN,NaN,NaN,NaN,NaN,NaN,NaN,NaN,NaN,NaN,NaN,
51.046,-0.01708,-0.01053,0.12991,-0.41136,-0.27062,-0.13933,0.85915,NaN,NaN,NaN,NaN,NaN,NaN,NaN,NaN,NaN,NaN,NaN,NaN,NaN,NaN,NaN,NaN,NaN,NaN,NaN,NaN,NaN,
51.071,-0.01714,-0.01043,0.12995,-0.41174,-0.27134,-0.13803,0.85895,NaN,NaN,NaN,NaN,NaN,NaN,NaN,NaN,NaN,NaN,NaN,NaN,NaN,NaN,NaN,NaN,NaN,NaN,NaN,NaN,NaN,
51.096,-0.01721,-0.01038,0.12992,-0.41218,-0.27202,-0.13668,0.85874,NaN,NaN,NaN,NaN,NaN,NaN,NaN,NaN,NaN,NaN,NaN,NaN,NaN,NaN,NaN,NaN,NaN,NaN,NaN,NaN,NaN,
51.121,-0.01729,-0.01026,0.12989,-0.41268,-0.27295,-0.13498,0.85847,NaN,NaN,NaN,NaN,NaN,NaN,NaN,NaN,NaN,NaN,NaN,NaN,NaN,NaN,NaN,NaN,NaN,NaN,NaN,NaN,NaN,
51.146,-0.01736,-0.01018,0.12993,-0.41315,-0.27360,-0.13363,0.85825,NaN,NaN,NaN,NaN,NaN,NaN,NaN,NaN,NaN,NaN,NaN,NaN,NaN,NaN,NaN,NaN,NaN,NaN,NaN,NaN,NaN,
51.171,-0.01738,-0.01010,0.12989,-0.41378,-0.27428,-0.13202,0.85798,NaN,NaN,NaN,NaN,NaN,NaN,NaN,NaN,NaN,NaN,NaN,NaN,NaN,NaN,NaN,NaN,NaN,NaN,NaN,NaN,NaN,
51.196,-0.01749,-0.01002,0.12991,-0.41397,-0.27502,-0.13093,0.85781,NaN,NaN,NaN,NaN,NaN,NaN,NaN,NaN,NaN,NaN,NaN,NaN,NaN,NaN,NaN,NaN,NaN,NaN,NaN,NaN,NaN,
51.221,-0.01748,-0.00999,0.12995,-0.41438,-0.27537,-0.12999,0.85765,NaN,NaN,NaN,NaN,NaN,NaN,NaN,NaN,NaN,NaN,NaN,NaN,NaN,NaN,NaN,NaN,NaN,NaN,NaN,NaN,NaN,
51.246,-0.01749,-0.00990,0.12991,-0.41482,-0.27581,-0.12890,0.85746,NaN,NaN,NaN,NaN,NaN,NaN,NaN,NaN,NaN,NaN,NaN,NaN,NaN,NaN,NaN,NaN,NaN,NaN,NaN,NaN,NaN,
51.271,-0.01756,-0.00982,0.12994,-0.41496,-0.27631,-0.12815,0.85734,NaN,NaN,NaN,NaN,NaN,NaN,NaN,NaN,NaN,NaN,NaN,NaN,NaN,NaN,NaN,NaN,NaN,NaN,NaN,NaN,NaN,
51.296,-0.01756,-0.00983,0.12986,-0.41521,-0.27678,-0.12728,0.85720,NaN,NaN,NaN,NaN,NaN,NaN,NaN,NaN,NaN,NaN,NaN,NaN,NaN,NaN,NaN,NaN,NaN,NaN,NaN,NaN,NaN,
51.321,-0.01761,-0.00977,0.12991,-0.41536,-0.27730,-0.12650,0.85708,NaN,NaN,NaN,NaN,NaN,NaN,NaN,NaN,NaN,NaN,NaN,NaN,NaN,NaN,NaN,NaN,NaN,NaN,NaN,NaN,NaN,
51.346,-0.01765,-0.00972,0.12991,-0.41580,-0.27770,-0.12545,0.85689,NaN,NaN,NaN,NaN,NaN,NaN,NaN,NaN,NaN,NaN,NaN,NaN,NaN,NaN,NaN,NaN,NaN,NaN,NaN,NaN,NaN,
51.371,-0.01768,-0.00966,0.12988,-0.41623,-0.27823,-0.12427,0.85668,NaN,NaN,NaN,NaN,NaN,NaN,NaN,NaN,NaN,NaN,NaN,NaN,NaN,NaN,NaN,NaN,NaN,NaN,NaN,NaN,NaN,
51.396,-0.01778,-0.00957,0.12994,-0.41647,-0.27903,-0.12303,0.85648,NaN,NaN,NaN,NaN,NaN,NaN,NaN,NaN,NaN,NaN,NaN,NaN,NaN,NaN,NaN,NaN,NaN,NaN,NaN,NaN,NaN,
51.421,-0.01780,-0.00948,0.12995,-0.41715,-0.27944,-0.12165,0.85621,NaN,NaN,NaN,NaN,NaN,NaN,NaN,NaN,NaN,NaN,NaN,NaN,NaN,NaN,NaN,NaN,NaN,NaN,NaN,NaN,NaN,
51.446,-0.01782,-0.00943,0.12987,-0.41743,-0.28026,-0.12033,0.85599,NaN,NaN,NaN,NaN,NaN,NaN,NaN,NaN,NaN,NaN,NaN,NaN,NaN,NaN,NaN,NaN,NaN,NaN,NaN,NaN,NaN,
51.471,-0.01788,-0.00932,0.12995,-0.41793,-0.28082,-0.11901,0.85575,NaN,NaN,NaN,NaN,NaN,NaN,NaN,NaN,NaN,NaN,NaN,NaN,NaN,NaN,NaN,NaN,NaN,NaN,NaN,NaN,NaN,
51.496,-0.01796,-0.00924,0.12987,-0.41831,-0.28163,-0.11757,0.85550,NaN,NaN,NaN,NaN,NaN,NaN,NaN,NaN,NaN,NaN,NaN,NaN,NaN,NaN,NaN,NaN,NaN,NaN,NaN,NaN,NaN,
51.521,-0.01798,-0.00916,0.12986,-0.41898,-0.28215,-0.11606,0.85521,NaN,NaN,NaN,NaN,NaN,NaN,NaN,NaN,NaN,NaN,NaN,NaN,NaN,NaN,NaN,NaN,NaN,NaN,NaN,NaN,NaN,
51.546,-0.01810,-0.00905,0.12986,-0.41929,-0.28297,-0.11468,0.85497,NaN,NaN,NaN,NaN,NaN,NaN,NaN,NaN,NaN,NaN,NaN,NaN,NaN,NaN,NaN,NaN,NaN,NaN,NaN,NaN,NaN,
51.571,-0.01812,-0.00902,0.12984,-0.41995,-0.28341,-0.11328,0.85469,NaN,NaN,NaN,NaN,NaN,NaN,NaN,NaN,NaN,NaN,NaN,NaN,NaN,NaN,NaN,NaN,NaN,NaN,NaN,NaN,NaN,
51.596,-0.01817,-0.00892,0.12987,-0.42048,-0.28409,-0.11177,0.85440,NaN,NaN,NaN,NaN,NaN,NaN,NaN,NaN,NaN,NaN,NaN,NaN,NaN,NaN,NaN,NaN,NaN,NaN,NaN,NaN,NaN,
51.621,-0.01822,-0.00883,0.12994,-0.42099,-0.28451,-0.11057,0.85416,NaN,NaN,NaN,NaN,NaN,NaN,NaN,NaN,NaN,NaN,NaN,NaN,NaN,NaN,NaN,NaN,NaN,NaN,NaN,NaN,NaN,
51.646,-0.01822,-0.00872,0.12986,-0.42193,-0.28564,-0.10796,0.85365,NaN,NaN,NaN,NaN,NaN,NaN,NaN,NaN,NaN,NaN,NaN,NaN,NaN,NaN,NaN,NaN,NaN,NaN,NaN,NaN,NaN,
51.671,-0.01832,-0.00852,0.12993,-0.42314,-0.28676,-0.10498,0.85305,NaN,NaN,NaN,NaN,NaN,NaN,NaN,NaN,NaN,NaN,NaN,NaN,NaN,NaN,NaN,NaN,NaN,NaN,NaN,NaN,NaN,
51.696,-0.01849,-0.00836,0.12981,-0.42361,-0.28787,-0.10304,0.85268,NaN,NaN,NaN,NaN,NaN,NaN,NaN,NaN,NaN,NaN,NaN,NaN,NaN,NaN,NaN,NaN,NaN,NaN,NaN,NaN,NaN,
51.721,-0.01850,-0.00830,0.12982,-0.42417,-0.28804,-0.10207,0.85247,NaN,NaN,NaN,NaN,NaN,NaN,NaN,NaN,NaN,NaN,NaN,NaN,NaN,NaN,NaN,NaN,NaN,NaN,NaN,NaN,NaN,
51.746,-0.01860,-0.00825,0.12983,-0.42424,-0.28873,-0.10115,0.85230,NaN,NaN,NaN,NaN,NaN,NaN,NaN,NaN,NaN,NaN,NaN,NaN,NaN,NaN,NaN,NaN,NaN,NaN,NaN,NaN,NaN,
51.771,-0.01856,-0.00821,0.12978,-0.42523,-0.28881,-0.09967,0.85196,NaN,NaN,NaN,NaN,NaN,NaN,NaN,NaN,NaN,NaN,NaN,NaN,NaN,NaN,NaN,NaN,NaN,NaN,NaN,NaN,NaN,
51.796,-0.01863,-0.00807,0.12977,-0.42559,-0.28964,-0.09820,0.85167,NaN,NaN,NaN,NaN,NaN,NaN,NaN,NaN,NaN,NaN,NaN,NaN,NaN,NaN,NaN,NaN,NaN,NaN,NaN,NaN,NaN,
51.821,-0.01865,-0.00805,0.12979,-0.42595,-0.28987,-0.09743,0.85150,NaN,NaN,NaN,NaN,NaN,NaN,NaN,NaN,NaN,NaN,NaN,NaN,NaN,NaN,NaN,NaN,NaN,NaN,NaN,NaN,NaN,
51.846,-0.01865,-0.00798,0.12973,-0.42623,-0.29050,-0.09628,0.85127,NaN,NaN,NaN,NaN,NaN,NaN,NaN,NaN,NaN,NaN,NaN,NaN,NaN,NaN,NaN,NaN,NaN,NaN,NaN,NaN,NaN,
51.871,-0.01870,-0.00788,0.12976,-0.42659,-0.29074,-0.09550,0.85110,NaN,NaN,NaN,NaN,NaN,NaN,NaN,NaN,NaN,NaN,NaN,NaN,NaN,NaN,NaN,NaN,NaN,NaN,NaN,NaN,NaN,
51.896,-0.01867,-0.00788,0.12967,-0.42660,-0.29109,-0.09507,0.85102,NaN,NaN,NaN,NaN,NaN,NaN,NaN,NaN,NaN,NaN,NaN,NaN,NaN,NaN,NaN,NaN,NaN,NaN,NaN,NaN,NaN,
51.921,-0.01865,-0.00794,0.12962,-0.42481,-0.29123,-0.09742,0.85160,NaN,NaN,NaN,NaN,NaN,NaN,NaN,NaN,NaN,NaN,NaN,NaN,NaN,NaN,NaN,NaN,NaN,NaN,NaN,NaN,NaN,
51.946,-0.01824,-0.00795,0.12988,-0.42784,-0.28548,-0.09993,0.85174,NaN,NaN,NaN,NaN,NaN,NaN,NaN,NaN,NaN,NaN,NaN,NaN,NaN,NaN,NaN,NaN,NaN,NaN,NaN,NaN,NaN,
51.971,-0.01828,-0.00797,0.12983,-0.42751,-0.28274,-0.10360,0.85239,NaN,NaN,NaN,NaN,NaN,NaN,NaN,NaN,NaN,NaN,NaN,NaN,NaN,NaN,NaN,NaN,NaN,NaN,NaN,NaN,NaN,
51.996,-0.01807,-0.00798,0.12994,-0.42809,-0.28016,-0.10579,0.85268,NaN,NaN,NaN,NaN,NaN,NaN,NaN,NaN,NaN,NaN,NaN,NaN,NaN,NaN,NaN,NaN,NaN,NaN,NaN,NaN,NaN,
52.021,-0.01811,-0.00803,0.12997,-0.42722,-0.27950,-0.10776,0.85308,NaN,NaN,NaN,NaN,NaN,NaN,NaN,NaN,NaN,NaN,NaN,NaN,NaN,NaN,NaN,NaN,NaN,NaN,NaN,NaN,NaN,
52.046,-0.01800,-0.00805,0.13007,-0.42787,-0.27786,-0.10876,0.85317,NaN,NaN,NaN,NaN,NaN,NaN,NaN,NaN,NaN,NaN,NaN,NaN,NaN,NaN,NaN,NaN,NaN,NaN,NaN,NaN,NaN,
52.071,-0.01800,-0.00798,0.13015,-0.42853,-0.27676,-0.10911,0.85315,NaN,NaN,NaN,NaN,NaN,NaN,NaN,NaN,NaN,NaN,NaN,NaN,NaN,NaN,NaN,NaN,NaN,NaN,NaN,NaN,NaN,
52.096,-0.01798,-0.00795,0.13015,-0.42879,-0.27670,-0.10881,0.85307,NaN,NaN,NaN,NaN,NaN,NaN,NaN,NaN,NaN,NaN,NaN,NaN,NaN,NaN,NaN,NaN,NaN,NaN,NaN,NaN,NaN,
52.121,-0.01801,-0.00791,0.13021,-0.42875,-0.27691,-0.10862,0.85305,NaN,NaN,NaN,NaN,NaN,NaN,NaN,NaN,NaN,NaN,NaN,NaN,NaN,NaN,NaN,NaN,NaN,NaN,NaN,NaN,NaN,
52.146,-0.01802,-0.00792,0.13023,-0.42894,-0.27685,-0.10842,0.85300,NaN,NaN,NaN,NaN,NaN,NaN,NaN,NaN,NaN,NaN,NaN,NaN,NaN,NaN,NaN,NaN,NaN,NaN,NaN,NaN,NaN,
52.171,-0.01805,-0.00789,0.13022,-0.42900,-0.27708,-0.10809,0.85294,NaN,NaN,NaN,NaN,NaN,NaN,NaN,NaN,NaN,NaN,NaN,NaN,NaN,NaN,NaN,NaN,NaN,NaN,NaN,NaN,NaN,
52.196,-0.01807,-0.00787,0.13024,-0.42903,-0.27735,-0.10773,0.85288,NaN,NaN,NaN,NaN,NaN,NaN,NaN,NaN,NaN,NaN,NaN,NaN,NaN,NaN,NaN,NaN,NaN,NaN,NaN,NaN,NaN,
52.221,-0.01807,-0.00784,0.13023,-0.42939,-0.27745,-0.10711,0.85274,NaN,NaN,NaN,NaN,NaN,NaN,NaN,NaN,NaN,NaN,NaN,NaN,NaN,NaN,NaN,NaN,NaN,NaN,NaN,NaN,NaN,
52.246,-0.01813,-0.00779,0.13030,-0.42956,-0.27778,-0.10649,0.85263,NaN,NaN,NaN,NaN,NaN,NaN,NaN,NaN,NaN,NaN,NaN,NaN,NaN,NaN,NaN,NaN,NaN,NaN,NaN,NaN,NaN,
52.271,-0.01814,-0.00768,0.13024,-0.43023,-0.27842,-0.10483,0.85229,NaN,NaN,NaN,NaN,NaN,NaN,NaN,NaN,NaN,NaN,NaN,NaN,NaN,NaN,NaN,NaN,NaN,NaN,NaN,NaN,NaN,
52.296,-0.01817,-0.00766,0.13028,-0.43040,-0.27870,-0.10426,0.85218,NaN,NaN,NaN,NaN,NaN,NaN,NaN,NaN,NaN,NaN,NaN,NaN,NaN,NaN,NaN,NaN,NaN,NaN,NaN,NaN,NaN,
52.321,-0.01815,-0.00760,0.13020,-0.43093,-0.27909,-0.10306,0.85193,NaN,NaN,NaN,NaN,NaN,NaN,NaN,NaN,NaN,NaN,NaN,NaN,NaN,NaN,NaN,NaN,NaN,NaN,NaN,NaN,NaN,
52.346,-0.01825,-0.00752,0.13025,-0.43120,-0.27957,-0.10214,0.85175,NaN,NaN,NaN,NaN,NaN,NaN,NaN,NaN,NaN,NaN,NaN,NaN,NaN,NaN,NaN,NaN,NaN,NaN,NaN,NaN,NaN,
52.371,-0.01824,-0.00741,0.13020,-0.43261,-0.28046,-0.09911,0.85110,NaN,NaN,NaN,NaN,NaN,NaN,NaN,NaN,NaN,NaN,NaN,NaN,NaN,NaN,NaN,NaN,NaN,NaN,NaN,NaN,NaN,
52.396,-0.01847,-0.00717,0.13017,-0.43324,-0.28226,-0.09612,0.85052,NaN,NaN,NaN,NaN,NaN,NaN,NaN,NaN,NaN,NaN,NaN,NaN,NaN,NaN,NaN,NaN,NaN,NaN,NaN,NaN,NaN,
52.421,-0.01851,-0.00706,0.13017,-0.43431,-0.28283,-0.09394,0.85003,NaN,NaN,NaN,NaN,NaN,NaN,NaN,NaN,NaN,NaN,NaN,NaN,NaN,NaN,NaN,NaN,NaN,NaN,NaN,NaN,NaN,
52.446,-0.01856,-0.00695,0.13016,-0.43480,-0.28354,-0.09241,0.84971,NaN,NaN,NaN,NaN,NaN,NaN,NaN,NaN,NaN,NaN,NaN,NaN,NaN,NaN,NaN,NaN,NaN,NaN,NaN,NaN,NaN,
52.471,-0.01858,-0.00686,0.13021,-0.43552,-0.28398,-0.09087,0.84936,NaN,NaN,NaN,NaN,NaN,NaN,NaN,NaN,NaN,NaN,NaN,NaN,NaN,NaN,NaN,NaN,NaN,NaN,NaN,NaN,NaN,
52.496,-0.01862,-0.00676,0.13019,-0.43627,-0.28442,-0.08927,0.84900,NaN,NaN,NaN,NaN,NaN,NaN,NaN,NaN,NaN,NaN,NaN,NaN,NaN,NaN,NaN,NaN,NaN,NaN,NaN,NaN,NaN,
52.521,-0.01869,-0.00667,0.13019,-0.43661,-0.28529,-0.08776,0.84869,NaN,NaN,NaN,NaN,NaN,NaN,NaN,NaN,NaN,NaN,NaN,NaN,NaN,NaN,NaN,NaN,NaN,NaN,NaN,NaN,NaN,
52.546,-0.01872,-0.00662,0.13016,-0.43714,-0.28556,-0.08668,0.84844,NaN,NaN,NaN,NaN,NaN,NaN,NaN,NaN,NaN,NaN,NaN,NaN,NaN,NaN,NaN,NaN,NaN,NaN,NaN,NaN,NaN,
52.571,-0.01872,-0.00657,0.13017,-0.43732,-0.28581,-0.08614,0.84832,NaN,NaN,NaN,NaN,NaN,NaN,NaN,NaN,NaN,NaN,NaN,NaN,NaN,NaN,NaN,NaN,NaN,NaN,NaN,NaN,NaN,
52.596,-0.01874,-0.00657,0.13014,-0.43752,-0.28620,-0.08538,0.84816,NaN,NaN,NaN,NaN,NaN,NaN,NaN,NaN,NaN,NaN,NaN,NaN,NaN,NaN,NaN,NaN,NaN,NaN,NaN,NaN,NaN,
52.621,-0.01876,-0.00642,0.13010,-0.43851,-0.28714,-0.08284,0.84758,NaN,NaN,NaN,NaN,NaN,NaN,NaN,NaN,NaN,NaN,NaN,NaN,NaN,NaN,NaN,NaN,NaN,NaN,NaN,NaN,NaN,
52.646,-0.01892,-0.00626,0.13012,-0.43920,-0.28821,-0.08056,0.84708,NaN,NaN,NaN,NaN,NaN,NaN,NaN,NaN,NaN,NaN,NaN,NaN,NaN,NaN,NaN,NaN,NaN,NaN,NaN,NaN,NaN,
52.671,-0.01899,-0.00608,0.13002,-0.44005,-0.28904,-0.07834,0.84657,NaN,NaN,NaN,NaN,NaN,NaN,NaN,NaN,NaN,NaN,NaN,NaN,NaN,NaN,NaN,NaN,NaN,NaN,NaN,NaN,NaN,
52.696,-0.01898,-0.00603,0.13007,-0.44080,-0.28887,-0.07745,0.84631,NaN,NaN,NaN,NaN,NaN,NaN,NaN,NaN,NaN,NaN,NaN,NaN,NaN,NaN,NaN,NaN,NaN,NaN,NaN,NaN,NaN,
52.721,-0.01892,-0.00594,0.12994,-0.44158,-0.28910,-0.07605,0.84596,NaN,NaN,NaN,NaN,NaN,NaN,NaN,NaN,NaN,NaN,NaN,NaN,NaN,NaN,NaN,NaN,NaN,NaN,NaN,NaN,NaN,
52.746,-0.01894,-0.00588,0.12997,-0.44211,-0.28922,-0.07513,0.84572,NaN,NaN,NaN,NaN,NaN,NaN,NaN,NaN,NaN,NaN,NaN,NaN,NaN,NaN,NaN,NaN,NaN,NaN,NaN,NaN,NaN,
52.771,-0.01888,-0.00583,0.12987,-0.44300,-0.28961,-0.07338,0.84528,NaN,NaN,NaN,NaN,NaN,NaN,NaN,NaN,NaN,NaN,NaN,NaN,NaN,NaN,NaN,NaN,NaN,NaN,NaN,NaN,NaN,
52.796,-0.01894,-0.00579,0.12985,-0.44352,-0.28952,-0.07272,0.84509,NaN,NaN,NaN,NaN,NaN,NaN,NaN,NaN,NaN,NaN,NaN,NaN,NaN,NaN,NaN,NaN,NaN,NaN,NaN,NaN,NaN,
52.821,-0.01892,-0.00571,0.12975,-0.44414,-0.28947,-0.07187,0.84485,NaN,NaN,NaN,NaN,NaN,NaN,NaN,NaN,NaN,NaN,NaN,NaN,NaN,NaN,NaN,NaN,NaN,NaN,NaN,NaN,NaN,
52.846,-0.01897,-0.00566,0.12977,-0.44465,-0.28983,-0.07069,0.84456,NaN,NaN,NaN,NaN,NaN,NaN,NaN,NaN,NaN,NaN,NaN,NaN,NaN,NaN,NaN,NaN,NaN,NaN,NaN,NaN,NaN,
52.871,-0.01896,-0.00553,0.12973,-0.44617,-0.28977,-0.06853,0.84396,NaN,NaN,NaN,NaN,NaN,NaN,NaN,NaN,NaN,NaN,NaN,NaN,NaN,NaN,NaN,NaN,NaN,NaN,NaN,NaN,NaN,
52.896,-0.01902,-0.00547,0.12977,-0.44649,-0.28999,-0.06780,0.84378,NaN,NaN,NaN,NaN,NaN,NaN,NaN,NaN,NaN,NaN,NaN,NaN,NaN,NaN,NaN,NaN,NaN,NaN,NaN,NaN,NaN,
52.921,-0.01901,-0.00545,0.12980,-0.44709,-0.29012,-0.06674,0.84349,NaN,NaN,NaN,NaN,NaN,NaN,NaN,NaN,NaN,NaN,NaN,NaN,NaN,NaN,NaN,NaN,NaN,NaN,NaN,NaN,NaN,
52.946,-0.01901,-0.00533,0.12973,-0.44787,-0.29052,-0.06511,0.84307,NaN,NaN,NaN,NaN,NaN,NaN,NaN,NaN,NaN,NaN,NaN,NaN,NaN,NaN,NaN,NaN,NaN,NaN,NaN,NaN,NaN,
52.971,-0.01904,-0.00525,0.12978,-0.44845,-0.29098,-0.06370,0.84272,NaN,NaN,NaN,NaN,NaN,NaN,NaN,NaN,NaN,NaN,NaN,NaN,NaN,NaN,NaN,NaN,NaN,NaN,NaN,NaN,NaN,
52.996,-0.01908,-0.00517,0.12964,-0.44925,-0.29154,-0.06182,0.84224,NaN,NaN,NaN,NaN,NaN,NaN,NaN,NaN,NaN,NaN,NaN,NaN,NaN,NaN,NaN,NaN,NaN,NaN,NaN,NaN,NaN,
53.021,-0.01912,-0.00506,0.12971,-0.45017,-0.29167,-0.06029,0.84181,NaN,NaN,NaN,NaN,NaN,NaN,NaN,NaN,NaN,NaN,NaN,NaN,NaN,NaN,NaN,NaN,NaN,NaN,NaN,NaN,NaN,
53.046,-0.01921,-0.00496,0.12968,-0.45084,-0.29235,-0.05845,0.84134,NaN,NaN,NaN,NaN,NaN,NaN,NaN,NaN,NaN,NaN,NaN,NaN,NaN,NaN,NaN,NaN,NaN,NaN,NaN,NaN,NaN,
53.071,-0.01921,-0.00489,0.12965,-0.45171,-0.29247,-0.05701,0.84094,NaN,NaN,NaN,NaN,NaN,NaN,NaN,NaN,NaN,NaN,NaN,NaN,NaN,NaN,NaN,NaN,NaN,NaN,NaN,NaN,NaN,
53.096,-0.01924,-0.00485,0.12975,-0.45212,-0.29256,-0.05627,0.84073,NaN,NaN,NaN,NaN,NaN,NaN,NaN,NaN,NaN,NaN,NaN,NaN,NaN,NaN,NaN,NaN,NaN,NaN,NaN,NaN,NaN,
53.121,-0.01921,-0.00481,0.12968,-0.45277,-0.29273,-0.05509,0.84040,NaN,NaN,NaN,NaN,NaN,NaN,NaN,NaN,NaN,NaN,NaN,NaN,NaN,NaN,NaN,NaN,NaN,NaN,NaN,NaN,NaN,
53.146,-0.01922,-0.00474,0.12973,-0.45317,-0.29294,-0.05423,0.84017,NaN,NaN,NaN,NaN,NaN,NaN,NaN,NaN,NaN,NaN,NaN,NaN,NaN,NaN,NaN,NaN,NaN,NaN,NaN,NaN,NaN,
53.171,-0.01924,-0.00470,0.12973,-0.45350,-0.29317,-0.05345,0.83996,NaN,NaN,NaN,NaN,NaN,NaN,NaN,NaN,NaN,NaN,NaN,NaN,NaN,NaN,NaN,NaN,NaN,NaN,NaN,NaN,NaN,
53.196,-0.01927,-0.00460,0.12962,-0.45407,-0.29370,-0.05193,0.83956,NaN,NaN,NaN,NaN,NaN,NaN,NaN,NaN,NaN,NaN,NaN,NaN,NaN,NaN,NaN,NaN,NaN,NaN,NaN,NaN,NaN,
53.221,-0.01933,-0.00454,0.12967,-0.45454,-0.29390,-0.05097,0.83929,NaN,NaN,NaN,NaN,NaN,NaN,NaN,NaN,NaN,NaN,NaN,NaN,NaN,NaN,NaN,NaN,NaN,NaN,NaN,NaN,NaN,
53.246,-0.01934,-0.00447,0.12959,-0.45548,-0.29439,-0.04895,0.83874,NaN,NaN,NaN,NaN,NaN,NaN,NaN,NaN,NaN,NaN,NaN,NaN,NaN,NaN,NaN,NaN,NaN,NaN,NaN,NaN,NaN,
53.271,-0.01938,-0.00436,0.12967,-0.45654,-0.29441,-0.04731,0.83825,NaN,NaN,NaN,NaN,NaN,NaN,NaN,NaN,NaN,NaN,NaN,NaN,NaN,NaN,NaN,NaN,NaN,NaN,NaN,NaN,NaN,
53.296,-0.01938,-0.00430,0.12967,-0.45727,-0.29461,-0.04596,0.83785,NaN,NaN,NaN,NaN,NaN,NaN,NaN,NaN,NaN,NaN,NaN,NaN,NaN,NaN,NaN,NaN,NaN,NaN,NaN,NaN,NaN,
53.321,-0.01942,-0.00422,0.12967,-0.45791,-0.29483,-0.04471,0.83750,NaN,NaN,NaN,NaN,NaN,NaN,NaN,NaN,NaN,NaN,NaN,NaN,NaN,NaN,NaN,NaN,NaN,NaN,NaN,NaN,NaN,
53.346,-0.01943,-0.00412,0.12973,-0.45882,-0.29504,-0.04304,0.83701,NaN,NaN,NaN,NaN,NaN,NaN,NaN,NaN,NaN,NaN,NaN,NaN,NaN,NaN,NaN,NaN,NaN,NaN,NaN,NaN,NaN,
53.371,-0.01947,-0.00399,0.12966,-0.46019,-0.29528,-0.04064,0.83629,NaN,NaN,NaN,NaN,NaN,NaN,NaN,NaN,NaN,NaN,NaN,NaN,NaN,NaN,NaN,NaN,NaN,NaN,NaN,NaN,NaN,
53.396,-0.01957,-0.00379,0.12958,-0.46125,-0.29655,-0.03740,0.83541,NaN,NaN,NaN,NaN,NaN,NaN,NaN,NaN,NaN,NaN,NaN,NaN,NaN,NaN,NaN,NaN,NaN,NaN,NaN,NaN,NaN,
53.421,-0.01959,-0.00370,0.12967,-0.46243,-0.29646,-0.03570,0.83486,NaN,NaN,NaN,NaN,NaN,NaN,NaN,NaN,NaN,NaN,NaN,NaN,NaN,NaN,NaN,NaN,NaN,NaN,NaN,NaN,NaN,
53.446,-0.01959,-0.00363,0.12958,-0.46326,-0.29682,-0.03395,0.83435,NaN,NaN,NaN,NaN,NaN,NaN,NaN,NaN,NaN,NaN,NaN,NaN,NaN,NaN,NaN,NaN,NaN,NaN,NaN,NaN,NaN,
53.471,-0.01961,-0.00355,0.12962,-0.46422,-0.29685,-0.03243,0.83387,NaN,NaN,NaN,NaN,NaN,NaN,NaN,NaN,NaN,NaN,NaN,NaN,NaN,NaN,NaN,NaN,NaN,NaN,NaN,NaN,NaN,
53.496,-0.01968,-0.00345,0.12967,-0.46491,-0.29703,-0.03112,0.83346,NaN,NaN,NaN,NaN,NaN,NaN,NaN,NaN,NaN,NaN,NaN,NaN,NaN,NaN,NaN,NaN,NaN,NaN,NaN,NaN,NaN,
53.521,-0.01966,-0.00340,0.12965,-0.46576,-0.29715,-0.02964,0.83300,NaN,NaN,NaN,NaN,NaN,NaN,NaN,NaN,NaN,NaN,NaN,NaN,NaN,NaN,NaN,NaN,NaN,NaN,NaN,NaN,NaN,
53.546,-0.01972,-0.00327,0.12968,-0.46649,-0.29751,-0.02804,0.83252,NaN,NaN,NaN,NaN,NaN,NaN,NaN,NaN,NaN,NaN,NaN,NaN,NaN,NaN,NaN,NaN,NaN,NaN,NaN,NaN,NaN,
53.571,-0.01973,-0.00320,0.12966,-0.46735,-0.29764,-0.02652,0.83204,NaN,NaN,NaN,NaN,NaN,NaN,NaN,NaN,NaN,NaN,NaN,NaN,NaN,NaN,NaN,NaN,NaN,NaN,NaN,NaN,NaN,
53.596,-0.01973,-0.00313,0.12964,-0.46814,-0.29790,-0.02493,0.83155,NaN,NaN,NaN,NaN,NaN,NaN,NaN,NaN,NaN,NaN,NaN,NaN,NaN,NaN,NaN,NaN,NaN,NaN,NaN,NaN,NaN,
53.621,-0.01979,-0.00302,0.12963,-0.46897,-0.29814,-0.02332,0.83104,NaN,NaN,NaN,NaN,NaN,NaN,NaN,NaN,NaN,NaN,NaN,NaN,NaN,NaN,NaN,NaN,NaN,NaN,NaN,NaN,NaN,
53.646,-0.01978,-0.00294,0.12960,-0.47020,-0.29827,-0.02122,0.83036,NaN,NaN,NaN,NaN,NaN,NaN,NaN,NaN,NaN,NaN,NaN,NaN,NaN,NaN,NaN,NaN,NaN,NaN,NaN,NaN,NaN,
53.671,-0.01986,-0.00280,0.12962,-0.47122,-0.29854,-0.01925,0.82974,NaN,NaN,NaN,NaN,NaN,NaN,NaN,NaN,NaN,NaN,NaN,NaN,NaN,NaN,NaN,NaN,NaN,NaN,NaN,NaN,NaN,
53.696,-0.01987,-0.00276,0.12962,-0.47206,-0.29861,-0.01781,0.82926,NaN,NaN,NaN,NaN,NaN,NaN,NaN,NaN,NaN,NaN,NaN,NaN,NaN,NaN,NaN,NaN,NaN,NaN,NaN,NaN,NaN,
53.721,-0.01989,-0.00267,0.12964,-0.47304,-0.29857,-0.01631,0.82875,NaN,NaN,NaN,NaN,NaN,NaN,NaN,NaN,NaN,NaN,NaN,NaN,NaN,NaN,NaN,NaN,NaN,NaN,NaN,NaN,NaN,
53.746,-0.01991,-0.00258,0.12971,-0.47374,-0.29869,-0.01504,0.82833,NaN,NaN,NaN,NaN,NaN,NaN,NaN,NaN,NaN,NaN,NaN,NaN,NaN,NaN,NaN,NaN,NaN,NaN,NaN,NaN,NaN,
53.771,-0.01988,-0.00249,0.12964,-0.47456,-0.29885,-0.01349,0.82783,NaN,NaN,NaN,NaN,NaN,NaN,NaN,NaN,NaN,NaN,NaN,NaN,NaN,NaN,NaN,NaN,NaN,NaN,NaN,NaN,NaN,
53.796,-0.01994,-0.00239,0.12968,-0.47517,-0.29901,-0.01231,0.82744,NaN,NaN,NaN,NaN,NaN,NaN,NaN,NaN,NaN,NaN,NaN,NaN,NaN,NaN,NaN,NaN,NaN,NaN,NaN,NaN,NaN,
53.821,-0.01991,-0.00233,0.12959,-0.47611,-0.29912,-0.01066,0.82688,NaN,NaN,NaN,NaN,NaN,NaN,NaN,NaN,NaN,NaN,NaN,NaN,NaN,NaN,NaN,NaN,NaN,NaN,NaN,NaN,NaN,
53.846,-0.01998,-0.00224,0.12961,-0.47667,-0.29938,-0.00940,0.82648,NaN,NaN,NaN,NaN,NaN,NaN,NaN,NaN,NaN,NaN,NaN,NaN,NaN,NaN,NaN,NaN,NaN,NaN,NaN,NaN,NaN,
53.871,-0.01996,-0.00221,0.12966,-0.47757,-0.29920,-0.00818,0.82604,NaN,NaN,NaN,NaN,NaN,NaN,NaN,NaN,NaN,NaN,NaN,NaN,NaN,NaN,NaN,NaN,NaN,NaN,NaN,NaN,NaN,
53.896,-0.02001,-0.00216,0.12958,-0.47808,-0.29947,-0.00700,0.82565,NaN,NaN,NaN,NaN,NaN,NaN,NaN,NaN,NaN,NaN,NaN,NaN,NaN,NaN,NaN,NaN,NaN,NaN,NaN,NaN,NaN,
53.921,-0.02004,-0.00204,0.12965,-0.47903,-0.29934,-0.00564,0.82516,NaN,NaN,NaN,NaN,NaN,NaN,NaN,NaN,NaN,NaN,NaN,NaN,NaN,NaN,NaN,NaN,NaN,NaN,NaN,NaN,NaN,
53.946,-0.02005,-0.00198,0.12963,-0.47961,-0.29961,-0.00432,0.82473,NaN,NaN,NaN,NaN,NaN,NaN,NaN,NaN,NaN,NaN,NaN,NaN,NaN,NaN,NaN,NaN,NaN,NaN,NaN,NaN,NaN,
53.971,-0.02001,-0.00194,0.12964,-0.48042,-0.29952,-0.00313,0.82430,NaN,NaN,NaN,NaN,NaN,NaN,NaN,NaN,NaN,NaN,NaN,NaN,NaN,NaN,NaN,NaN,NaN,NaN,NaN,NaN,NaN,
53.996,-0.02006,-0.00184,0.12971,-0.48120,-0.29963,-0.00170,0.82381,NaN,NaN,NaN,NaN,NaN,NaN,NaN,NaN,NaN,NaN,NaN,NaN,NaN,NaN,NaN,NaN,NaN,NaN,NaN,NaN,NaN,
54.021,-0.02003,-0.00174,0.12968,-0.48246,-0.29965,0.00038,0.82307,NaN,NaN,NaN,NaN,NaN,NaN,NaN,NaN,NaN,NaN,NaN,NaN,NaN,NaN,NaN,NaN,NaN,NaN,NaN,NaN,NaN,
54.046,-0.02009,-0.00165,0.12960,-0.48315,-0.29996,0.00194,0.82255,NaN,NaN,NaN,NaN,NaN,NaN,NaN,NaN,NaN,NaN,NaN,NaN,NaN,NaN,NaN,NaN,NaN,NaN,NaN,NaN,NaN,
54.071,-0.02009,-0.00158,0.12967,-0.48425,-0.29979,0.00352,0.82196,NaN,NaN,NaN,NaN,NaN,NaN,NaN,NaN,NaN,NaN,NaN,NaN,NaN,NaN,NaN,NaN,NaN,NaN,NaN,NaN,NaN,
54.096,-0.02014,-0.00148,0.12960,-0.48528,-0.29999,0.00550,0.82127,NaN,NaN,NaN,NaN,NaN,NaN,NaN,NaN,NaN,NaN,NaN,NaN,NaN,NaN,NaN,NaN,NaN,NaN,NaN,NaN,NaN,
54.121,-0.02014,-0.00133,0.12963,-0.48669,-0.29981,0.00760,0.82048,NaN,NaN,NaN,NaN,NaN,NaN,NaN,NaN,NaN,NaN,NaN,NaN,NaN,NaN,NaN,NaN,NaN,NaN,NaN,NaN,NaN,
54.146,-0.02019,-0.00116,0.12968,-0.48841,-0.29979,0.01045,0.81943,NaN,NaN,NaN,NaN,NaN,NaN,NaN,NaN,NaN,NaN,NaN,NaN,NaN,NaN,NaN,NaN,NaN,NaN,NaN,NaN,NaN,
54.171,-0.02023,-0.00097,0.12959,-0.49011,-0.30040,0.01413,0.81814,NaN,NaN,NaN,NaN,NaN,NaN,NaN,NaN,NaN,NaN,NaN,NaN,NaN,NaN,NaN,NaN,NaN,NaN,NaN,NaN,NaN,
54.196,-0.02022,-0.00084,0.12959,-0.49127,-0.30048,0.01619,0.81738,NaN,NaN,NaN,NaN,NaN,NaN,NaN,NaN,NaN,NaN,NaN,NaN,NaN,NaN,NaN,NaN,NaN,NaN,NaN,NaN,NaN,
54.221,-0.02023,-0.00069,0.12966,-0.49273,-0.30017,0.01823,0.81657,NaN,NaN,NaN,NaN,NaN,NaN,NaN,NaN,NaN,NaN,NaN,NaN,NaN,NaN,NaN,NaN,NaN,NaN,NaN,NaN,NaN,
54.246,-0.02025,-0.00061,0.12957,-0.49373,-0.30042,0.02028,0.81583,NaN,NaN,NaN,NaN,NaN,NaN,NaN,NaN,NaN,NaN,NaN,NaN,NaN,NaN,NaN,NaN,NaN,NaN,NaN,NaN,NaN,
54.271,-0.02027,-0.00048,0.12954,-0.49490,-0.30039,0.02225,0.81507,NaN,NaN,NaN,NaN,NaN,NaN,NaN,NaN,NaN,NaN,NaN,NaN,NaN,NaN,NaN,NaN,NaN,NaN,NaN,NaN,NaN,
54.296,-0.02033,-0.00037,0.12956,-0.49576,-0.30046,0.02381,0.81448,NaN,NaN,NaN,NaN,NaN,NaN,NaN,NaN,NaN,NaN,NaN,NaN,NaN,NaN,NaN,NaN,NaN,NaN,NaN,NaN,NaN,
54.321,-0.02030,-0.00033,0.12956,-0.49673,-0.30007,0.02494,0.81400,NaN,NaN,NaN,NaN,NaN,NaN,NaN,NaN,NaN,NaN,NaN,NaN,NaN,NaN,NaN,NaN,NaN,NaN,NaN,NaN,NaN,
54.346,-0.02031,-0.00026,0.12952,-0.49727,-0.30046,0.02640,0.81348,NaN,NaN,NaN,NaN,NaN,NaN,NaN,NaN,NaN,NaN,NaN,NaN,NaN,NaN,NaN,NaN,NaN,NaN,NaN,NaN,NaN,
54.371,-0.02032,-0.00018,0.12962,-0.49793,-0.30020,0.02719,0.81314,NaN,NaN,NaN,NaN,NaN,NaN,NaN,NaN,NaN,NaN,NaN,NaN,NaN,NaN,NaN,NaN,NaN,NaN,NaN,NaN,NaN,
54.396,-0.02029,-0.00011,0.12953,-0.49902,-0.30051,0.02949,0.81228,NaN,NaN,NaN,NaN,NaN,NaN,NaN,NaN,NaN,NaN,NaN,NaN,NaN,NaN,NaN,NaN,NaN,NaN,NaN,NaN,NaN,
54.421,-0.02030,0.00006,0.12957,0.50095,0.29984,-0.03191,-0.81125,NaN,NaN,NaN,NaN,NaN,NaN,NaN,NaN,NaN,NaN,NaN,NaN,NaN,NaN,NaN,NaN,NaN,NaN,NaN,NaN,NaN,
54.446,-0.02037,0.00015,0.12957,0.50119,0.30013,-0.03274,-0.81096,NaN,NaN,NaN,NaN,NaN,NaN,NaN,NaN,NaN,NaN,NaN,NaN,NaN,NaN,NaN,NaN,NaN,NaN,NaN,NaN,NaN,
54.471,-0.02031,0.00014,0.12948,0.50130,0.30025,-0.03309,-0.81084,NaN,NaN,NaN,NaN,NaN,NaN,NaN,NaN,NaN,NaN,NaN,NaN,NaN,NaN,NaN,NaN,NaN,NaN,NaN,NaN,NaN,
54.496,-0.02100,0.00050,0.12879,-0.49706,-0.30228,0.02857,0.81286,NaN,NaN,NaN,NaN,NaN,NaN,NaN,NaN,NaN,NaN,NaN,NaN,NaN,NaN,NaN,NaN,NaN,NaN,NaN,NaN,NaN,
54.521,-0.01973,0.00006,0.12984,0.50028,0.29208,-0.02007,-0.81487,NaN,NaN,NaN,NaN,NaN,NaN,NaN,NaN,NaN,NaN,NaN,NaN,NaN,NaN,NaN,NaN,NaN,NaN,NaN,NaN,NaN,
54.546,-0.01974,0.00013,0.12980,-0.49875,-0.29134,0.01645,0.81615,NaN,NaN,NaN,NaN,NaN,NaN,NaN,NaN,NaN,NaN,NaN,NaN,NaN,NaN,NaN,NaN,NaN,NaN,NaN,NaN,NaN,
54.571,-0.01957,0.00014,0.12988,-0.49842,-0.28982,0.01385,0.81694,NaN,NaN,NaN,NaN,NaN,NaN,NaN,NaN,NaN,NaN,NaN,NaN,NaN,NaN,NaN,NaN,NaN,NaN,NaN,NaN,NaN,
54.596,-0.01940,0.00002,0.13006,-0.49848,-0.28804,0.01155,0.81757,NaN,NaN,NaN,NaN,NaN,NaN,NaN,NaN,NaN,NaN,NaN,NaN,NaN,NaN,NaN,NaN,NaN,NaN,NaN,NaN,NaN,
54.621,-0.01940,0.00014,0.13008,-0.49881,-0.28778,0.01175,0.81746,NaN,NaN,NaN,NaN,NaN,NaN,NaN,NaN,NaN,NaN,NaN,NaN,NaN,NaN,NaN,NaN,NaN,NaN,NaN,NaN,NaN,
54.646,-0.01939,0.00015,0.13011,-0.49890,-0.28778,0.01191,0.81740,NaN,NaN,NaN,NaN,NaN,NaN,NaN,NaN,NaN,NaN,NaN,NaN,NaN,NaN,NaN,NaN,NaN,NaN,NaN,NaN,NaN,
54.671,-0.01941,0.00019,0.13012,-0.49927,-0.28780,0.01255,0.81716,NaN,NaN,NaN,NaN,NaN,NaN,NaN,NaN,NaN,NaN,NaN,NaN,NaN,NaN,NaN,NaN,NaN,NaN,NaN,NaN,NaN,
54.696,-0.01946,0.00025,0.13014,-0.49920,-0.28840,0.01324,0.81698,NaN,NaN,NaN,NaN,NaN,NaN,NaN,NaN,NaN,NaN,NaN,NaN,NaN,NaN,NaN,NaN,NaN,NaN,NaN,NaN,NaN,
54.721,-0.01944,0.00022,0.13012,-0.49910,-0.28829,0.01294,0.81708,NaN,NaN,NaN,NaN,NaN,NaN,NaN,NaN,NaN,NaN,NaN,NaN,NaN,NaN,NaN,NaN,NaN,NaN,NaN,NaN,NaN,
54.746,-0.01944,0.00021,0.13022,-0.49910,-0.28792,0.01243,0.81722,NaN,NaN,NaN,NaN,NaN,NaN,NaN,NaN,NaN,NaN,NaN,NaN,NaN,NaN,NaN,NaN,NaN,NaN,NaN,NaN,NaN,
54.771,-0.01944,0.00020,0.13028,-0.49918,-0.28770,0.01227,0.81725,NaN,NaN,NaN,NaN,NaN,NaN,NaN,NaN,NaN,NaN,NaN,NaN,NaN,NaN,NaN,NaN,NaN,NaN,NaN,NaN,NaN,
54.796,-0.01943,0.00019,0.13012,-0.49903,-0.28810,0.01256,0.81719,NaN,NaN,NaN,NaN,NaN,NaN,NaN,NaN,NaN,NaN,NaN,NaN,NaN,NaN,NaN,NaN,NaN,NaN,NaN,NaN,NaN,
54.821,-0.01943,0.00020,0.13017,-0.49917,-0.28787,0.01247,0.81720,NaN,NaN,NaN,NaN,NaN,NaN,NaN,NaN,NaN,NaN,NaN,NaN,NaN,NaN,NaN,NaN,NaN,NaN,NaN,NaN,NaN,
54.846,-0.01943,0.00022,0.13019,-0.49927,-0.28785,0.01263,0.81713,NaN,NaN,NaN,NaN,NaN,NaN,NaN,NaN,NaN,NaN,NaN,NaN,NaN,NaN,NaN,NaN,NaN,NaN,NaN,NaN,NaN,
54.871,-0.01943,0.00023,0.13020,-0.49936,-0.28787,0.01280,0.81707,NaN,NaN,NaN,NaN,NaN,NaN,NaN,NaN,NaN,NaN,NaN,NaN,NaN,NaN,NaN,NaN,NaN,NaN,NaN,NaN,NaN,
54.896,-0.01944,0.00026,0.13021,-0.49949,-0.28787,0.01303,0.81699,NaN,NaN,NaN,NaN,NaN,NaN,NaN,NaN,NaN,NaN,NaN,NaN,NaN,NaN,NaN,NaN,NaN,NaN,NaN,NaN,NaN,
54.921,-0.01944,0.00027,0.13020,-0.49960,-0.28791,0.01327,0.81690,NaN,NaN,NaN,NaN,NaN,NaN,NaN,NaN,NaN,NaN,NaN,NaN,NaN,NaN,NaN,NaN,NaN,NaN,NaN,NaN,NaN,
54.946,-0.01944,0.00028,0.13020,-0.49973,-0.28785,0.01339,0.81685,NaN,NaN,NaN,NaN,NaN,NaN,NaN,NaN,NaN,NaN,NaN,NaN,NaN,NaN,NaN,NaN,NaN,NaN,NaN,NaN,NaN,
54.971,-0.01944,0.00030,0.13021,-0.49993,-0.28779,0.01367,0.81674,NaN,NaN,NaN,NaN,NaN,NaN,NaN,NaN,NaN,NaN,NaN,NaN,NaN,NaN,NaN,NaN,NaN,NaN,NaN,NaN,NaN,
54.996,-0.01944,0.00031,0.13019,0.50009,0.28780,-0.01395,-0.81663,NaN,NaN,NaN,NaN,NaN,NaN,NaN,NaN,NaN,NaN,NaN,NaN,NaN,NaN,NaN,NaN,NaN,NaN,NaN,NaN,NaN,
55.021,-0.01944,0.00032,0.13020,0.50025,0.28777,-0.01418,-0.81654,NaN,NaN,NaN,NaN,NaN,NaN,NaN,NaN,NaN,NaN,NaN,NaN,NaN,NaN,NaN,NaN,NaN,NaN,NaN,NaN,NaN,
55.046,-0.01945,0.00034,0.13020,0.50040,0.28778,-0.01444,-0.81644,NaN,NaN,NaN,NaN,NaN,NaN,NaN,NaN,NaN,NaN,NaN,NaN,NaN,NaN,NaN,NaN,NaN,NaN,NaN,NaN,NaN,
55.071,-0.01944,0.00035,0.13019,0.50052,0.28781,-0.01470,-0.81635,NaN,NaN,NaN,NaN,NaN,NaN,NaN,NaN,NaN,NaN,NaN,NaN,NaN,NaN,NaN,NaN,NaN,NaN,NaN,NaN,NaN,
55.096,-0.01944,0.00036,0.13018,0.50069,0.28781,-0.01497,-0.81625,NaN,NaN,NaN,NaN,NaN,NaN,NaN,NaN,NaN,NaN,NaN,NaN,NaN,NaN,NaN,NaN,NaN,NaN,NaN,NaN,NaN,
55.121,-0.01944,0.00038,0.13018,0.50085,0.28781,-0.01524,-0.81614,NaN,NaN,NaN,NaN,NaN,NaN,NaN,NaN,NaN,NaN,NaN,NaN,NaN,NaN,NaN,NaN,NaN,NaN,NaN,NaN,NaN,
55.146,-0.01944,0.00038,0.13017,0.50099,0.28782,-0.01550,-0.81605,NaN,NaN,NaN,NaN,NaN,NaN,NaN,NaN,NaN,NaN,NaN,NaN,NaN,NaN,NaN,NaN,NaN,NaN,NaN,NaN,NaN,
55.171,-0.01944,0.00038,0.13017,0.50114,0.28779,-0.01572,-0.81596,NaN,NaN,NaN,NaN,NaN,NaN,NaN,NaN,NaN,NaN,NaN,NaN,NaN,NaN,NaN,NaN,NaN,NaN,NaN,NaN,NaN,
55.196,-0.01944,0.00039,0.13018,0.50128,0.28777,-0.01593,-0.81588,NaN,NaN,NaN,NaN,NaN,NaN,NaN,NaN,NaN,NaN,NaN,NaN,NaN,NaN,NaN,NaN,NaN,NaN,NaN,NaN,NaN,
55.221,-0.01944,0.00040,0.13019,0.50140,0.28777,-0.01614,-0.81580,NaN,NaN,NaN,NaN,NaN,NaN,NaN,NaN,NaN,NaN,NaN,NaN,NaN,NaN,NaN,NaN,NaN,NaN,NaN,NaN,NaN,
55.246,-0.01942,0.00058,0.13018,0.50415,0.28739,-0.02033,-0.81414,NaN,NaN,NaN,NaN,NaN,NaN,NaN,NaN,NaN,NaN,NaN,NaN,NaN,NaN,NaN,NaN,NaN,NaN,NaN,NaN,NaN,
55.271,-0.01945,0.00089,0.13019,0.50796,0.28724,-0.02672,-0.81163,NaN,NaN,NaN,NaN,NaN,NaN,NaN,NaN,NaN,NaN,NaN,NaN,NaN,NaN,NaN,NaN,NaN,NaN,NaN,NaN,NaN,
55.296,-0.01955,0.00119,0.13006,0.51124,0.28724,-0.03244,-0.80937,NaN,NaN,NaN,NaN,NaN,NaN,NaN,NaN,NaN,NaN,NaN,NaN,NaN,NaN,NaN,NaN,NaN,NaN,NaN,NaN,NaN,
55.321,-0.01957,0.00128,0.13000,0.51290,0.28705,-0.03510,-0.80827,NaN,NaN,NaN,NaN,NaN,NaN,NaN,NaN,NaN,NaN,NaN,NaN,NaN,NaN,NaN,NaN,NaN,NaN,NaN,NaN,NaN,
55.346,-0.01967,0.00137,0.12993,0.51351,0.28777,-0.03717,-0.80754,NaN,NaN,NaN,NaN,NaN,NaN,NaN,NaN,NaN,NaN,NaN,NaN,NaN,NaN,NaN,NaN,NaN,NaN,NaN,NaN,NaN,
55.371,-0.01961,0.00134,0.12985,0.51448,0.28775,-0.03887,-0.80684,NaN,NaN,NaN,NaN,NaN,NaN,NaN,NaN,NaN,NaN,NaN,NaN,NaN,NaN,NaN,NaN,NaN,NaN,NaN,NaN,NaN,
55.396,-0.01964,0.00141,0.12986,0.51550,0.28748,-0.04031,-0.80622,NaN,NaN,NaN,NaN,NaN,NaN,NaN,NaN,NaN,NaN,NaN,NaN,NaN,NaN,NaN,NaN,NaN,NaN,NaN,NaN,NaN,
55.421,-0.01964,0.00143,0.12984,0.51588,0.28745,-0.04095,-0.80595,NaN,NaN,NaN,NaN,NaN,NaN,NaN,NaN,NaN,NaN,NaN,NaN,NaN,NaN,NaN,NaN,NaN,NaN,NaN,NaN,NaN,
55.446,-0.01959,0.00144,0.12979,0.51623,0.28737,-0.04145,-0.80574,NaN,NaN,NaN,NaN,NaN,NaN,NaN,NaN,NaN,NaN,NaN,NaN,NaN,NaN,NaN,NaN,NaN,NaN,NaN,NaN,NaN,
55.471,-0.01957,0.00149,0.12985,0.51689,0.28697,-0.04208,-0.80542,NaN,NaN,NaN,NaN,NaN,NaN,NaN,NaN,NaN,NaN,NaN,NaN,NaN,NaN,NaN,NaN,NaN,NaN,NaN,NaN,NaN,
55.496,-0.01954,0.00157,0.12975,0.51844,0.28667,-0.04444,-0.80441,NaN,NaN,NaN,NaN,NaN,NaN,NaN,NaN,NaN,NaN,NaN,NaN,NaN,NaN,NaN,NaN,NaN,NaN,NaN,NaN,NaN,
55.521,-0.01956,0.00187,0.12963,0.52170,0.28668,-0.05035,-0.80194,NaN,NaN,NaN,NaN,NaN,NaN,NaN,NaN,NaN,NaN,NaN,NaN,NaN,NaN,NaN,NaN,NaN,NaN,NaN,NaN,NaN,
55.546,-0.01960,0.00209,0.12958,0.52461,0.28559,-0.05411,-0.80018,NaN,NaN,NaN,NaN,NaN,NaN,NaN,NaN,NaN,NaN,NaN,NaN,NaN,NaN,NaN,NaN,NaN,NaN,NaN,NaN,NaN,
55.571,-0.01957,0.00225,0.12955,0.52677,0.28489,-0.05710,-0.79880,NaN,NaN,NaN,NaN,NaN,NaN,NaN,NaN,NaN,NaN,NaN,NaN,NaN,NaN,NaN,NaN,NaN,NaN,NaN,NaN,NaN,
55.596,-0.01953,0.00254,0.12962,0.53078,0.28332,-0.06227,-0.79632,NaN,NaN,NaN,NaN,NaN,NaN,NaN,NaN,NaN,NaN,NaN,NaN,NaN,NaN,NaN,NaN,NaN,NaN,NaN,NaN,NaN,
55.621,-0.01947,0.00283,0.12951,0.53471,0.28208,-0.06787,-0.79367,NaN,NaN,NaN,NaN,NaN,NaN,NaN,NaN,NaN,NaN,NaN,NaN,NaN,NaN,NaN,NaN,NaN,NaN,NaN,NaN,NaN,
55.646,-0.01944,0.00298,0.12969,0.53688,0.28055,-0.06975,-0.79258,NaN,NaN,NaN,NaN,NaN,NaN,NaN,NaN,NaN,NaN,NaN,NaN,NaN,NaN,NaN,NaN,NaN,NaN,NaN,NaN,NaN,
55.671,-0.01940,0.00312,0.12961,0.53883,0.27990,-0.07252,-0.79124,NaN,NaN,NaN,NaN,NaN,NaN,NaN,NaN,NaN,NaN,NaN,NaN,NaN,NaN,NaN,NaN,NaN,NaN,NaN,NaN,NaN,
55.696,-0.01942,0.00329,0.12966,0.54087,0.27931,-0.07557,-0.78977,NaN,NaN,NaN,NaN,NaN,NaN,NaN,NaN,NaN,NaN,NaN,NaN,NaN,NaN,NaN,NaN,NaN,NaN,NaN,NaN,NaN,
55.721,-0.01943,0.00345,0.12962,0.54308,0.27867,-0.07888,-0.78815,NaN,NaN,NaN,NaN,NaN,NaN,NaN,NaN,NaN,NaN,NaN,NaN,NaN,NaN,NaN,NaN,NaN,NaN,NaN,NaN,NaN,
55.746,-0.01943,0.00364,0.12956,0.54489,0.27814,-0.08162,-0.78681,NaN,NaN,NaN,NaN,NaN,NaN,NaN,NaN,NaN,NaN,NaN,NaN,NaN,NaN,NaN,NaN,NaN,NaN,NaN,NaN,NaN,
55.771,-0.01942,0.00367,0.12957,0.54571,0.27764,-0.08247,-0.78633,NaN,NaN,NaN,NaN,NaN,NaN,NaN,NaN,NaN,NaN,NaN,NaN,NaN,NaN,NaN,NaN,NaN,NaN,NaN,NaN,NaN,
55.796,-0.01941,0.00370,0.12951,0.54644,0.27741,-0.08356,-0.78579,NaN,NaN,NaN,NaN,NaN,NaN,NaN,NaN,NaN,NaN,NaN,NaN,NaN,NaN,NaN,NaN,NaN,NaN,NaN,NaN,NaN,
55.821,-0.01938,0.00372,0.12964,0.54735,0.27671,-0.08431,-0.78532,NaN,NaN,NaN,NaN,NaN,NaN,NaN,NaN,NaN,NaN,NaN,NaN,NaN,NaN,NaN,NaN,NaN,NaN,NaN,NaN,NaN,
55.846,-0.01936,0.00381,0.12957,0.54859,0.27627,-0.08609,-0.78442,NaN,NaN,NaN,NaN,NaN,NaN,NaN,NaN,NaN,NaN,NaN,NaN,NaN,NaN,NaN,NaN,NaN,NaN,NaN,NaN,NaN,
55.871,-0.01935,0.00395,0.12963,0.55019,0.27561,-0.08826,-0.78329,NaN,NaN,NaN,NaN,NaN,NaN,NaN,NaN,NaN,NaN,NaN,NaN,NaN,NaN,NaN,NaN,NaN,NaN,NaN,NaN,NaN,
55.896,-0.01937,0.00403,0.12960,0.55112,0.27528,-0.08961,-0.78259,NaN,NaN,NaN,NaN,NaN,NaN,NaN,NaN,NaN,NaN,NaN,NaN,NaN,NaN,NaN,NaN,NaN,NaN,NaN,NaN,NaN,
55.921,-0.01934,0.00404,0.12960,0.55139,0.27510,-0.08988,-0.78244,NaN,NaN,NaN,NaN,NaN,NaN,NaN,NaN,NaN,NaN,NaN,NaN,NaN,NaN,NaN,NaN,NaN,NaN,NaN,NaN,NaN,
55.946,-0.01937,0.00408,0.12959,0.55152,0.27521,-0.09031,-0.78226,NaN,NaN,NaN,NaN,NaN,NaN,NaN,NaN,NaN,NaN,NaN,NaN,NaN,NaN,NaN,NaN,NaN,NaN,NaN,NaN,NaN,
55.971,-0.01933,0.00408,0.12954,0.55182,0.27507,-0.09069,-0.78205,NaN,NaN,NaN,NaN,NaN,NaN,NaN,NaN,NaN,NaN,NaN,NaN,NaN,NaN,NaN,NaN,NaN,NaN,NaN,NaN,NaN,
55.996,-0.01938,0.00411,0.12959,0.55204,0.27491,-0.09090,-0.78192,NaN,NaN,NaN,NaN,NaN,NaN,NaN,NaN,NaN,NaN,NaN,NaN,NaN,NaN,NaN,NaN,NaN,NaN,NaN,NaN,NaN,
56.021,-0.01937,0.00409,0.12955,0.55227,0.27485,-0.09126,-0.78174,NaN,NaN,NaN,NaN,NaN,NaN,NaN,NaN,NaN,NaN,NaN,NaN,NaN,NaN,NaN,NaN,NaN,NaN,NaN,NaN,NaN,
56.046,-0.01936,0.00412,0.12960,0.55272,0.27451,-0.09165,-0.78150,NaN,NaN,NaN,NaN,NaN,NaN,NaN,NaN,NaN,NaN,NaN,NaN,NaN,NaN,NaN,NaN,NaN,NaN,NaN,NaN,NaN,
56.071,-0.01938,0.00414,0.12964,0.55294,0.27446,-0.09200,-0.78132,NaN,NaN,NaN,NaN,NaN,NaN,NaN,NaN,NaN,NaN,NaN,NaN,NaN,NaN,NaN,NaN,NaN,NaN,NaN,NaN,NaN,
56.096,-0.01934,0.00415,0.12957,0.55341,0.27437,-0.09280,-0.78093,NaN,NaN,NaN,NaN,NaN,NaN,NaN,NaN,NaN,NaN,NaN,NaN,NaN,NaN,NaN,NaN,NaN,NaN,NaN,NaN,NaN,
56.121,-0.01937,0.00425,0.12963,0.55401,0.27403,-0.09349,-0.78054,NaN,NaN,NaN,NaN,NaN,NaN,NaN,NaN,NaN,NaN,NaN,NaN,NaN,NaN,NaN,NaN,NaN,NaN,NaN,NaN,NaN,
56.146,-0.01936,0.00426,0.12960,0.55449,0.27390,-0.09427,-0.78015,NaN,NaN,NaN,NaN,NaN,NaN,NaN,NaN,NaN,NaN,NaN,NaN,NaN,NaN,NaN,NaN,NaN,NaN,NaN,NaN,NaN,
56.171,-0.01933,0.00430,0.12953,0.55512,0.27379,-0.09537,-0.77960,NaN,NaN,NaN,NaN,NaN,NaN,NaN,NaN,NaN,NaN,NaN,NaN,NaN,NaN,NaN,NaN,NaN,NaN,NaN,NaN,NaN,
56.196,-0.01935,0.00437,0.12959,0.55613,0.27328,-0.09661,-0.77892,NaN,NaN,NaN,NaN,NaN,NaN,NaN,NaN,NaN,NaN,NaN,NaN,NaN,NaN,NaN,NaN,NaN,NaN,NaN,NaN,NaN,
56.221,-0.01934,0.00449,0.12951,0.55773,0.27268,-0.09895,-0.77768,NaN,NaN,NaN,NaN,NaN,NaN,NaN,NaN,NaN,NaN,NaN,NaN,NaN,NaN,NaN,NaN,NaN,NaN,NaN,NaN,NaN,
56.246,-0.01936,0.00458,0.12956,0.55899,0.27203,-0.10052,-0.77681,NaN,NaN,NaN,NaN,NaN,NaN,NaN,NaN,NaN,NaN,NaN,NaN,NaN,NaN,NaN,NaN,NaN,NaN,NaN,NaN,NaN,
56.271,-0.01935,0.00468,0.12958,0.56065,0.27125,-0.10271,-0.77560,NaN,NaN,NaN,NaN,NaN,NaN,NaN,NaN,NaN,NaN,NaN,NaN,NaN,NaN,NaN,NaN,NaN,NaN,NaN,NaN,NaN,
56.296,-0.01931,0.00480,0.12956,0.56246,0.27039,-0.10512,-0.77426,NaN,NaN,NaN,NaN,NaN,NaN,NaN,NaN,NaN,NaN,NaN,NaN,NaN,NaN,NaN,NaN,NaN,NaN,NaN,NaN,NaN,
56.321,-0.01931,0.00494,0.12963,0.56434,0.26950,-0.10763,-0.77286,NaN,NaN,NaN,NaN,NaN,NaN,NaN,NaN,NaN,NaN,NaN,NaN,NaN,NaN,NaN,NaN,NaN,NaN,NaN,NaN,NaN,
56.346,-0.01926,0.00508,0.12956,0.56652,0.26854,-0.11068,-0.77117,NaN,NaN,NaN,NaN,NaN,NaN,NaN,NaN,NaN,NaN,NaN,NaN,NaN,NaN,NaN,NaN,NaN,NaN,NaN,NaN,NaN,
56.371,-0.01927,0.00525,0.12955,0.56846,0.26761,-0.11332,-0.76967,NaN,NaN,NaN,NaN,NaN,NaN,NaN,NaN,NaN,NaN,NaN,NaN,NaN,NaN,NaN,NaN,NaN,NaN,NaN,NaN,NaN,
56.396,-0.01925,0.00539,0.12957,0.57052,0.26656,-0.11602,-0.76811,NaN,NaN,NaN,NaN,NaN,NaN,NaN,NaN,NaN,NaN,NaN,NaN,NaN,NaN,NaN,NaN,NaN,NaN,NaN,NaN,NaN,
56.421,-0.01922,0.00554,0.12948,0.57310,0.26525,-0.11944,-0.76612,NaN,NaN,NaN,NaN,NaN,NaN,NaN,NaN,NaN,NaN,NaN,NaN,NaN,NaN,NaN,NaN,NaN,NaN,NaN,NaN,NaN,
56.446,-0.01920,0.00572,0.12953,0.57574,0.26372,-0.12272,-0.76414,NaN,NaN,NaN,NaN,NaN,NaN,NaN,NaN,NaN,NaN,NaN,NaN,NaN,NaN,NaN,NaN,NaN,NaN,NaN,NaN,NaN,
56.471,-0.01918,0.00590,0.12961,0.57833,0.26203,-0.12564,-0.76229,NaN,NaN,NaN,NaN,NaN,NaN,NaN,NaN,NaN,NaN,NaN,NaN,NaN,NaN,NaN,NaN,NaN,NaN,NaN,NaN,NaN,
56.496,-0.01911,0.00604,0.12957,0.58058,0.26082,-0.12864,-0.76049,NaN,NaN,NaN,NaN,NaN,NaN,NaN,NaN,NaN,NaN,NaN,NaN,NaN,NaN,NaN,NaN,NaN,NaN,NaN,NaN,NaN,
56.521,-0.01911,0.00616,0.12961,0.58204,0.25993,-0.13041,-0.75938,NaN,NaN,NaN,NaN,NaN,NaN,NaN,NaN,NaN,NaN,NaN,NaN,NaN,NaN,NaN,NaN,NaN,NaN,NaN,NaN,NaN,
56.546,-0.01908,0.00625,0.12960,0.58340,0.25914,-0.13215,-0.75831,NaN,NaN,NaN,NaN,NaN,NaN,NaN,NaN,NaN,NaN,NaN,NaN,NaN,NaN,NaN,NaN,NaN,NaN,NaN,NaN,NaN,
56.571,-0.01902,0.00639,0.12951,0.58529,0.25823,-0.13487,-0.75668,NaN,NaN,NaN,NaN,NaN,NaN,NaN,NaN,NaN,NaN,NaN,NaN,NaN,NaN,NaN,NaN,NaN,NaN,NaN,NaN,NaN,
56.596,-0.01900,0.00656,0.12960,0.58732,0.25693,-0.13732,-0.75510,NaN,NaN,NaN,NaN,NaN,NaN,NaN,NaN,NaN,NaN,NaN,NaN,NaN,NaN,NaN,NaN,NaN,NaN,NaN,NaN,NaN,
56.621,-0.01900,0.00669,0.12951,0.58902,0.25618,-0.13990,-0.75356,NaN,NaN,NaN,NaN,NaN,NaN,NaN,NaN,NaN,NaN,NaN,NaN,NaN,NaN,NaN,NaN,NaN,NaN,NaN,NaN,NaN,
56.646,-0.01896,0.00674,0.12950,0.59011,0.25545,-0.14119,-0.75272,NaN,NaN,NaN,NaN,NaN,NaN,NaN,NaN,NaN,NaN,NaN,NaN,NaN,NaN,NaN,NaN,NaN,NaN,NaN,NaN,NaN,
56.671,-0.01898,0.00684,0.12956,0.59106,0.25478,-0.14226,-0.75200,NaN,NaN,NaN,NaN,NaN,NaN,NaN,NaN,NaN,NaN,NaN,NaN,NaN,NaN,NaN,NaN,NaN,NaN,NaN,NaN,NaN,
56.696,-0.01896,0.00682,0.12958,0.59145,0.25448,-0.14265,-0.75172,NaN,NaN,NaN,NaN,NaN,NaN,NaN,NaN,NaN,NaN,NaN,NaN,NaN,NaN,NaN,NaN,NaN,NaN,NaN,NaN,NaN,
56.721,-0.01897,0.00687,0.12958,0.59184,0.25429,-0.14322,-0.75137,NaN,NaN,NaN,NaN,NaN,NaN,NaN,NaN,NaN,NaN,NaN,NaN,NaN,NaN,NaN,NaN,NaN,NaN,NaN,NaN,NaN,
56.746,-0.01897,0.00691,0.12966,0.59212,0.25403,-0.14344,-0.75119,NaN,NaN,NaN,NaN,NaN,NaN,NaN,NaN,NaN,NaN,NaN,NaN,NaN,NaN,NaN,NaN,NaN,NaN,NaN,NaN,NaN,
56.771,-0.01894,0.00693,0.12955,0.59264,0.25388,-0.14439,-0.75065,NaN,NaN,NaN,NaN,NaN,NaN,NaN,NaN,NaN,NaN,NaN,NaN,NaN,NaN,NaN,NaN,NaN,NaN,NaN,NaN,NaN,
56.796,-0.01891,0.00701,0.12958,0.59372,0.25314,-0.14565,-0.74980,NaN,NaN,NaN,NaN,NaN,NaN,NaN,NaN,NaN,NaN,NaN,NaN,NaN,NaN,NaN,NaN,NaN,NaN,NaN,NaN,NaN,
56.821,-0.01891,0.00717,0.12960,0.59550,0.25213,-0.14808,-0.74825,NaN,NaN,NaN,NaN,NaN,NaN,NaN,NaN,NaN,NaN,NaN,NaN,NaN,NaN,NaN,NaN,NaN,NaN,NaN,NaN,NaN,
56.846,-0.01880,0.00738,0.12949,0.59835,0.25066,-0.15225,-0.74563,NaN,NaN,NaN,NaN,NaN,NaN,NaN,NaN,NaN,NaN,NaN,NaN,NaN,NaN,NaN,NaN,NaN,NaN,NaN,NaN,NaN,
56.871,-0.01884,0.00748,0.12970,0.59862,0.24954,-0.15107,-0.74603,NaN,NaN,NaN,NaN,NaN,NaN,NaN,NaN,NaN,NaN,NaN,NaN,NaN,NaN,NaN,NaN,NaN,NaN,NaN,NaN,NaN,
56.896,-0.01875,0.00742,0.12975,0.59813,0.24954,-0.14992,-0.74665,NaN,NaN,NaN,NaN,NaN,NaN,NaN,NaN,NaN,NaN,NaN,NaN,NaN,NaN,NaN,NaN,NaN,NaN,NaN,NaN,NaN,
56.921,-0.01869,0.00740,0.12977,0.59800,0.24945,-0.14948,-0.74688,NaN,NaN,NaN,NaN,NaN,NaN,NaN,NaN,NaN,NaN,NaN,NaN,NaN,NaN,NaN,NaN,NaN,NaN,NaN,NaN,NaN,
56.946,-0.01872,0.00746,0.12982,0.59800,0.24934,-0.14931,-0.74695,NaN,NaN,NaN,NaN,NaN,NaN,NaN,NaN,NaN,NaN,NaN,NaN,NaN,NaN,NaN,NaN,NaN,NaN,NaN,NaN,NaN,
56.971,-0.01864,0.00742,0.12983,0.59828,0.24896,-0.14935,-0.74684,NaN,NaN,NaN,NaN,NaN,NaN,NaN,NaN,NaN,NaN,NaN,NaN,NaN,NaN,NaN,NaN,NaN,NaN,NaN,NaN,NaN,
56.996,-0.01867,0.00750,0.12982,0.59833,0.24903,-0.14955,-0.74674,NaN,NaN,NaN,NaN,NaN,NaN,NaN,NaN,NaN,NaN,NaN,NaN,NaN,NaN,NaN,NaN,NaN,NaN,NaN,NaN,NaN,
57.021,-0.01862,0.00746,0.12994,0.59772,0.24905,-0.14818,-0.74750,NaN,NaN,NaN,NaN,NaN,NaN,NaN,NaN,NaN,NaN,NaN,NaN,NaN,NaN,NaN,NaN,NaN,NaN,NaN,NaN,NaN,
57.046,-0.01862,0.00749,0.12980,0.59754,0.24929,-0.14817,-0.74756,NaN,NaN,NaN,NaN,NaN,NaN,NaN,NaN,NaN,NaN,NaN,NaN,NaN,NaN,NaN,NaN,NaN,NaN,NaN,NaN,NaN,
57.071,-0.01865,0.00749,0.12994,0.59727,0.24921,-0.14741,-0.74795,NaN,NaN,NaN,NaN,NaN,NaN,NaN,NaN,NaN,NaN,NaN,NaN,NaN,NaN,NaN,NaN,NaN,NaN,NaN,NaN,NaN,
57.096,-0.01864,0.00750,0.12993,0.59768,0.24893,-0.14791,-0.74762,NaN,NaN,NaN,NaN,NaN,NaN,NaN,NaN,NaN,NaN,NaN,NaN,NaN,NaN,NaN,NaN,NaN,NaN,NaN,NaN,NaN,
57.121,-0.01861,0.00757,0.13002,0.59870,0.24807,-0.14885,-0.74690,NaN,NaN,NaN,NaN,NaN,NaN,NaN,NaN,NaN,NaN,NaN,NaN,NaN,NaN,NaN,NaN,NaN,NaN,NaN,NaN,NaN,
57.146,-0.01861,0.00769,0.12999,0.60030,0.24725,-0.15122,-0.74542,NaN,NaN,NaN,NaN,NaN,NaN,NaN,NaN,NaN,NaN,NaN,NaN,NaN,NaN,NaN,NaN,NaN,NaN,NaN,NaN,NaN,
57.171,-0.01857,0.00775,0.13000,0.60141,0.24635,-0.15235,-0.74458,NaN,NaN,NaN,NaN,NaN,NaN,NaN,NaN,NaN,NaN,NaN,NaN,NaN,NaN,NaN,NaN,NaN,NaN,NaN,NaN,NaN,
57.196,-0.01858,0.00783,0.13002,0.60217,0.24587,-0.15333,-0.74393,NaN,NaN,NaN,NaN,NaN,NaN,NaN,NaN,NaN,NaN,NaN,NaN,NaN,NaN,NaN,NaN,NaN,NaN,NaN,NaN,NaN,
57.221,-0.01854,0.00787,0.12993,0.60291,0.24544,-0.15437,-0.74325,NaN,NaN,NaN,NaN,NaN,NaN,NaN,NaN,NaN,NaN,NaN,NaN,NaN,NaN,NaN,NaN,NaN,NaN,NaN,NaN,NaN,
57.246,-0.01855,0.00792,0.12997,0.60341,0.24510,-0.15497,-0.74284,NaN,NaN,NaN,NaN,NaN,NaN,NaN,NaN,NaN,NaN,NaN,NaN,NaN,NaN,NaN,NaN,NaN,NaN,NaN,NaN,NaN,
57.271,-0.01855,0.00791,0.12995,0.60379,0.24481,-0.15539,-0.74254,NaN,NaN,NaN,NaN,NaN,NaN,NaN,NaN,NaN,NaN,NaN,NaN,NaN,NaN,NaN,NaN,NaN,NaN,NaN,NaN,NaN,
57.296,-0.01854,0.00797,0.12995,0.60452,0.24426,-0.15622,-0.74195,NaN,NaN,NaN,NaN,NaN,NaN,NaN,NaN,NaN,NaN,NaN,NaN,NaN,NaN,NaN,NaN,NaN,NaN,NaN,NaN,NaN,
57.321,-0.01852,0.00801,0.13000,0.60558,0.24335,-0.15720,-0.74118,NaN,NaN,NaN,NaN,NaN,NaN,NaN,NaN,NaN,NaN,NaN,NaN,NaN,NaN,NaN,NaN,NaN,NaN,NaN,NaN,NaN,
57.346,-0.01849,0.00811,0.12995,0.60699,0.24239,-0.15895,-0.73997,NaN,NaN,NaN,NaN,NaN,NaN,NaN,NaN,NaN,NaN,NaN,NaN,NaN,NaN,NaN,NaN,NaN,NaN,NaN,NaN,NaN,
57.371,-0.01849,0.00819,0.13003,0.60792,0.24166,-0.15997,-0.73922,NaN,NaN,NaN,NaN,NaN,NaN,NaN,NaN,NaN,NaN,NaN,NaN,NaN,NaN,NaN,NaN,NaN,NaN,NaN,NaN,NaN,
57.396,-0.01844,0.00820,0.12999,0.60877,0.24107,-0.16104,-0.73848,NaN,NaN,NaN,NaN,NaN,NaN,NaN,NaN,NaN,NaN,NaN,NaN,NaN,NaN,NaN,NaN,NaN,NaN,NaN,NaN,NaN,
57.421,-0.01843,0.00827,0.12996,0.60966,0.24048,-0.16217,-0.73769,NaN,NaN,NaN,NaN,NaN,NaN,NaN,NaN,NaN,NaN,NaN,NaN,NaN,NaN,NaN,NaN,NaN,NaN,NaN,NaN,NaN,
57.446,-0.01841,0.00838,0.12996,0.61130,0.23935,-0.16426,-0.73623,NaN,NaN,NaN,NaN,NaN,NaN,NaN,NaN,NaN,NaN,NaN,NaN,NaN,NaN,NaN,NaN,NaN,NaN,NaN,NaN,NaN,
57.471,-0.01840,0.00851,0.12989,0.61278,0.23823,-0.16596,-0.73499,NaN,NaN,NaN,NaN,NaN,NaN,NaN,NaN,NaN,NaN,NaN,NaN,NaN,NaN,NaN,NaN,NaN,NaN,NaN,NaN,NaN,
57.496,-0.01838,0.00863,0.12992,0.61473,0.23679,-0.16832,-0.73328,NaN,NaN,NaN,NaN,NaN,NaN,NaN,NaN,NaN,NaN,NaN,NaN,NaN,NaN,NaN,NaN,NaN,NaN,NaN,NaN,NaN,
57.521,-0.01827,0.00876,0.12990,0.61756,0.23441,-0.17125,-0.73099,NaN,NaN,NaN,NaN,NaN,NaN,NaN,NaN,NaN,NaN,NaN,NaN,NaN,NaN,NaN,NaN,NaN,NaN,NaN,NaN,NaN,
57.546,-0.01822,0.00898,0.12994,0.62053,0.23198,-0.17454,-0.72847,NaN,NaN,NaN,NaN,NaN,NaN,NaN,NaN,NaN,NaN,NaN,NaN,NaN,NaN,NaN,NaN,NaN,NaN,NaN,NaN,NaN,
57.571,-0.01819,0.00917,0.12992,0.62313,0.22991,-0.17754,-0.72617,NaN,NaN,NaN,NaN,NaN,NaN,NaN,NaN,NaN,NaN,NaN,NaN,NaN,NaN,NaN,NaN,NaN,NaN,NaN,NaN,NaN,
57.596,-0.01809,0.00927,0.12984,0.62531,0.22821,-0.18014,-0.72420,NaN,NaN,NaN,NaN,NaN,NaN,NaN,NaN,NaN,NaN,NaN,NaN,NaN,NaN,NaN,NaN,NaN,NaN,NaN,NaN,NaN,
57.621,-0.01806,0.00942,0.12986,0.62706,0.22677,-0.18213,-0.72264,NaN,NaN,NaN,NaN,NaN,NaN,NaN,NaN,NaN,NaN,NaN,NaN,NaN,NaN,NaN,NaN,NaN,NaN,NaN,NaN,NaN,
57.646,-0.01800,0.00954,0.12975,0.62917,0.22515,-0.18476,-0.72064,NaN,NaN,NaN,NaN,NaN,NaN,NaN,NaN,NaN,NaN,NaN,NaN,NaN,NaN,NaN,NaN,NaN,NaN,NaN,NaN,NaN,
57.671,-0.01798,0.00963,0.12976,0.63039,0.22401,-0.18596,-0.71962,NaN,NaN,NaN,NaN,NaN,NaN,NaN,NaN,NaN,NaN,NaN,NaN,NaN,NaN,NaN,NaN,NaN,NaN,NaN,NaN,NaN,
57.696,-0.01795,0.00969,0.12980,0.63144,0.22301,-0.18697,-0.71874,NaN,NaN,NaN,NaN,NaN,NaN,NaN,NaN,NaN,NaN,NaN,NaN,NaN,NaN,NaN,NaN,NaN,NaN,NaN,NaN,NaN,
57.721,-0.01790,0.00976,0.12968,0.63273,0.22198,-0.18853,-0.71752,NaN,NaN,NaN,NaN,NaN,NaN,NaN,NaN,NaN,NaN,NaN,NaN,NaN,NaN,NaN,NaN,NaN,NaN,NaN,NaN,NaN,
57.746,-0.01791,0.00985,0.12972,0.63397,0.22080,-0.18973,-0.71647,NaN,NaN,NaN,NaN,NaN,NaN,NaN,NaN,NaN,NaN,NaN,NaN,NaN,NaN,NaN,NaN,NaN,NaN,NaN,NaN,NaN,
57.771,-0.01785,0.00989,0.12974,0.63509,0.21973,-0.19080,-0.71553,NaN,NaN,NaN,NaN,NaN,NaN,NaN,NaN,NaN,NaN,NaN,NaN,NaN,NaN,NaN,NaN,NaN,NaN,NaN,NaN,NaN,
57.796,-0.01779,0.00995,0.12966,0.63622,0.21882,-0.19221,-0.71442,NaN,NaN,NaN,NaN,NaN,NaN,NaN,NaN,NaN,NaN,NaN,NaN,NaN,NaN,NaN,NaN,NaN,NaN,NaN,NaN,NaN,
57.821,-0.01780,0.01001,0.12973,0.63686,0.21814,-0.19273,-0.71391,NaN,NaN,NaN,NaN,NaN,NaN,NaN,NaN,NaN,NaN,NaN,NaN,NaN,NaN,NaN,NaN,NaN,NaN,NaN,NaN,NaN,
57.846,-0.01773,0.01003,0.12964,0.63770,0.21744,-0.19372,-0.71311,NaN,NaN,NaN,NaN,NaN,NaN,NaN,NaN,NaN,NaN,NaN,NaN,NaN,NaN,NaN,NaN,NaN,NaN,NaN,NaN,NaN,
57.871,-0.01773,0.01013,0.12961,0.63853,0.21675,-0.19474,-0.71230,NaN,NaN,NaN,NaN,NaN,NaN,NaN,NaN,NaN,NaN,NaN,NaN,NaN,NaN,NaN,NaN,NaN,NaN,NaN,NaN,NaN,
57.896,-0.01773,0.01013,0.12961,0.63853,0.21675,-0.19474,-0.71230,NaN,NaN,NaN,NaN,NaN,NaN,NaN,NaN,NaN,NaN,NaN,NaN,NaN,NaN,NaN,NaN,NaN,NaN,NaN,NaN,NaN,
57.921,-0.01764,0.01021,0.12957,0.64065,0.21471,-0.19682,-0.71045,NaN,NaN,NaN,NaN,NaN,NaN,NaN,NaN,NaN,NaN,NaN,NaN,NaN,NaN,NaN,NaN,NaN,NaN,NaN,NaN,NaN,
57.946,-0.01768,0.01032,0.12962,0.64168,0.21374,-0.19790,-0.70951,NaN,NaN,NaN,NaN,NaN,NaN,NaN,NaN,NaN,NaN,NaN,NaN,NaN,NaN,NaN,NaN,NaN,NaN,NaN,NaN,NaN,
57.971,-0.01761,0.01034,0.12957,0.64263,0.21282,-0.19884,-0.70866,NaN,NaN,NaN,NaN,NaN,NaN,NaN,NaN,NaN,NaN,NaN,NaN,NaN,NaN,NaN,NaN,NaN,NaN,NaN,NaN,NaN,
57.996,-0.01757,0.01043,0.12959,0.64402,0.21146,-0.20023,-0.70741,NaN,NaN,NaN,NaN,NaN,NaN,NaN,NaN,NaN,NaN,NaN,NaN,NaN,NaN,NaN,NaN,NaN,NaN,NaN,NaN,NaN,
58.021,-0.01750,0.01051,0.12954,0.64546,0.21012,-0.20178,-0.70606,NaN,NaN,NaN,NaN,NaN,NaN,NaN,NaN,NaN,NaN,NaN,NaN,NaN,NaN,NaN,NaN,NaN,NaN,NaN,NaN,NaN,
58.046,-0.01736,0.01040,0.12970,0.64356,0.21030,-0.19694,-0.70910,NaN,NaN,NaN,NaN,NaN,NaN,NaN,NaN,NaN,NaN,NaN,NaN,NaN,NaN,NaN,NaN,NaN,NaN,NaN,NaN,NaN,
58.071,-0.01735,0.01048,0.12961,0.64290,0.21117,-0.19669,-0.70951,NaN,NaN,NaN,NaN,NaN,NaN,NaN,NaN,NaN,NaN,NaN,NaN,NaN,NaN,NaN,NaN,NaN,NaN,NaN,NaN,NaN,
58.096,-0.01728,0.01047,0.12958,0.64290,0.21083,-0.19609,-0.70977,NaN,NaN,NaN,NaN,NaN,NaN,NaN,NaN,NaN,NaN,NaN,NaN,NaN,NaN,NaN,NaN,NaN,NaN,NaN,NaN,NaN,
58.121,-0.01729,0.01051,0.12955,0.64196,0.21165,-0.19499,-0.71069,NaN,NaN,NaN,NaN,NaN,NaN,NaN,NaN,NaN,NaN,NaN,NaN,NaN,NaN,NaN,NaN,NaN,NaN,NaN,NaN,NaN,
58.146,-0.01695,0.01036,0.12978,0.64073,0.21056,-0.18985,-0.71350,NaN,NaN,NaN,NaN,NaN,NaN,NaN,NaN,NaN,NaN,NaN,NaN,NaN,NaN,NaN,NaN,NaN,NaN,NaN,NaN,NaN,
58.171,-0.01700,0.01044,0.12973,0.63901,0.21173,-0.18733,-0.71537,NaN,NaN,NaN,NaN,NaN,NaN,NaN,NaN,NaN,NaN,NaN,NaN,NaN,NaN,NaN,NaN,NaN,NaN,NaN,NaN,NaN,
58.196,-0.01685,0.01036,0.12992,0.63807,0.21141,-0.18434,-0.71707,NaN,NaN,NaN,NaN,NaN,NaN,NaN,NaN,NaN,NaN,NaN,NaN,NaN,NaN,NaN,NaN,NaN,NaN,NaN,NaN,NaN,
58.221,-0.01678,0.01034,0.12987,0.63798,0.21145,-0.18417,-0.71719,NaN,NaN,NaN,NaN,NaN,NaN,NaN,NaN,NaN,NaN,NaN,NaN,NaN,NaN,NaN,NaN,NaN,NaN,NaN,NaN,NaN,
58.246,-0.01673,0.01042,0.12987,0.63832,0.21094,-0.18421,-0.71702,NaN,NaN,NaN,NaN,NaN,NaN,NaN,NaN,NaN,NaN,NaN,NaN,NaN,NaN,NaN,NaN,NaN,NaN,NaN,NaN,NaN,
58.271,-0.01670,0.01043,0.12990,0.63866,0.21050,-0.18432,-0.71682,NaN,NaN,NaN,NaN,NaN,NaN,NaN,NaN,NaN,NaN,NaN,NaN,NaN,NaN,NaN,NaN,NaN,NaN,NaN,NaN,NaN,
58.296,-0.01668,0.01046,0.12985,0.63888,0.21031,-0.18459,-0.71661,NaN,NaN,NaN,NaN,NaN,NaN,NaN,NaN,NaN,NaN,NaN,NaN,NaN,NaN,NaN,NaN,NaN,NaN,NaN,NaN,NaN,
58.321,-0.01671,0.01051,0.12988,0.63915,0.21011,-0.18493,-0.71634,NaN,NaN,NaN,NaN,NaN,NaN,NaN,NaN,NaN,NaN,NaN,NaN,NaN,NaN,NaN,NaN,NaN,NaN,NaN,NaN,NaN,
58.346,-0.01668,0.01050,0.12983,0.63955,0.20970,-0.18528,-0.71601,NaN,NaN,NaN,NaN,NaN,NaN,NaN,NaN,NaN,NaN,NaN,NaN,NaN,NaN,NaN,NaN,NaN,NaN,NaN,NaN,NaN,
58.371,-0.01668,0.01052,0.12993,0.63966,0.20943,-0.18514,-0.71602,NaN,NaN,NaN,NaN,NaN,NaN,NaN,NaN,NaN,NaN,NaN,NaN,NaN,NaN,NaN,NaN,NaN,NaN,NaN,NaN,NaN,
58.396,-0.01674,0.01047,0.12985,0.63896,0.21046,-0.18505,-0.71637,NaN,NaN,NaN,NaN,NaN,NaN,NaN,NaN,NaN,NaN,NaN,NaN,NaN,NaN,NaN,NaN,NaN,NaN,NaN,NaN,NaN,
58.421,-0.01664,0.01049,0.12998,0.63975,0.20926,-0.18506,-0.71602,NaN,NaN,NaN,NaN,NaN,NaN,NaN,NaN,NaN,NaN,NaN,NaN,NaN,NaN,NaN,NaN,NaN,NaN,NaN,NaN,NaN,
58.446,-0.01662,0.01049,0.12994,0.63993,0.20917,-0.18539,-0.71580,NaN,NaN,NaN,NaN,NaN,NaN,NaN,NaN,NaN,NaN,NaN,NaN,NaN,NaN,NaN,NaN,NaN,NaN,NaN,NaN,NaN,
58.471,-0.01667,0.01049,0.12992,0.63943,0.20970,-0.18499,-0.71619,NaN,NaN,NaN,NaN,NaN,NaN,NaN,NaN,NaN,NaN,NaN,NaN,NaN,NaN,NaN,NaN,NaN,NaN,NaN,NaN,NaN,
58.496,-0.01667,0.01050,0.12991,0.63960,0.20955,-0.18517,-0.71604,NaN,NaN,NaN,NaN,NaN,NaN,NaN,NaN,NaN,NaN,NaN,NaN,NaN,NaN,NaN,NaN,NaN,NaN,NaN,NaN,NaN,
58.521,-0.01666,0.01052,0.12993,0.63979,0.20934,-0.18530,-0.71590,NaN,NaN,NaN,NaN,NaN,NaN,NaN,NaN,NaN,NaN,NaN,NaN,NaN,NaN,NaN,NaN,NaN,NaN,NaN,NaN,NaN,
58.546,-0.01665,0.01053,0.12992,0.64000,0.20915,-0.18554,-0.71570,NaN,NaN,NaN,NaN,NaN,NaN,NaN,NaN,NaN,NaN,NaN,NaN,NaN,NaN,NaN,NaN,NaN,NaN,NaN,NaN,NaN,
58.571,-0.01664,0.01053,0.12993,0.64015,0.20898,-0.18564,-0.71560,NaN,NaN,NaN,NaN,NaN,NaN,NaN,NaN,NaN,NaN,NaN,NaN,NaN,NaN,NaN,NaN,NaN,NaN,NaN,NaN,NaN,
58.596,-0.01664,0.01055,0.12995,0.64031,0.20881,-0.18577,-0.71546,NaN,NaN,NaN,NaN,NaN,NaN,NaN,NaN,NaN,NaN,NaN,NaN,NaN,NaN,NaN,NaN,NaN,NaN,NaN,NaN,NaN,
58.621,-0.01663,0.01055,0.12995,0.64047,0.20866,-0.18594,-0.71532,NaN,NaN,NaN,NaN,NaN,NaN,NaN,NaN,NaN,NaN,NaN,NaN,NaN,NaN,NaN,NaN,NaN,NaN,NaN,NaN,NaN,
58.646,-0.01658,0.01065,0.12997,0.64199,0.20734,-0.18768,-0.71389,NaN,NaN,NaN,NaN,NaN,NaN,NaN,NaN,NaN,NaN,NaN,NaN,NaN,NaN,NaN,NaN,NaN,NaN,NaN,NaN,NaN,
58.671,-0.01654,0.01067,0.12997,0.64258,0.20684,-0.18838,-0.71332,NaN,NaN,NaN,NaN,NaN,NaN,NaN,NaN,NaN,NaN,NaN,NaN,NaN,NaN,NaN,NaN,NaN,NaN,NaN,NaN,NaN,
58.696,-0.01649,0.01077,0.12992,0.64403,0.20559,-0.19008,-0.71192,NaN,NaN,NaN,NaN,NaN,NaN,NaN,NaN,NaN,NaN,NaN,NaN,NaN,NaN,NaN,NaN,NaN,NaN,NaN,NaN,NaN,
58.721,-0.01638,0.01097,0.12997,0.64746,0.20220,-0.19340,-0.70888,NaN,NaN,NaN,NaN,NaN,NaN,NaN,NaN,NaN,NaN,NaN,NaN,NaN,NaN,NaN,NaN,NaN,NaN,NaN,NaN,NaN,
58.746,-0.01634,0.01116,0.12985,0.65006,0.20001,-0.19664,-0.70623,NaN,NaN,NaN,NaN,NaN,NaN,NaN,NaN,NaN,NaN,NaN,NaN,NaN,NaN,NaN,NaN,NaN,NaN,NaN,NaN,NaN,
58.771,-0.01632,0.01126,0.12990,0.65145,0.19856,-0.19793,-0.70499,NaN,NaN,NaN,NaN,NaN,NaN,NaN,NaN,NaN,NaN,NaN,NaN,NaN,NaN,NaN,NaN,NaN,NaN,NaN,NaN,NaN,
58.796,-0.01628,0.01136,0.12995,0.65303,0.19689,-0.19937,-0.70358,NaN,NaN,NaN,NaN,NaN,NaN,NaN,NaN,NaN,NaN,NaN,NaN,NaN,NaN,NaN,NaN,NaN,NaN,NaN,NaN,NaN,
58.821,-0.01612,0.01152,0.12990,0.65599,0.19399,-0.20245,-0.70076,NaN,NaN,NaN,NaN,NaN,NaN,NaN,NaN,NaN,NaN,NaN,NaN,NaN,NaN,NaN,NaN,NaN,NaN,NaN,NaN,NaN,
58.846,-0.01603,0.01173,0.12996,0.65892,0.19100,-0.20541,-0.69797,NaN,NaN,NaN,NaN,NaN,NaN,NaN,NaN,NaN,NaN,NaN,NaN,NaN,NaN,NaN,NaN,NaN,NaN,NaN,NaN,NaN,
58.871,-0.01593,0.01189,0.12994,0.66162,0.18831,-0.20831,-0.69527,NaN,NaN,NaN,NaN,NaN,NaN,NaN,NaN,NaN,NaN,NaN,NaN,NaN,NaN,NaN,NaN,NaN,NaN,NaN,NaN,NaN,
58.896,-0.01577,0.01216,0.12987,0.66509,0.18492,-0.21223,-0.69167,NaN,NaN,NaN,NaN,NaN,NaN,NaN,NaN,NaN,NaN,NaN,NaN,NaN,NaN,NaN,NaN,NaN,NaN,NaN,NaN,NaN,
58.921,-0.01560,0.01239,0.12989,0.66796,0.18143,-0.21430,-0.68920,NaN,NaN,NaN,NaN,NaN,NaN,NaN,NaN,NaN,NaN,NaN,NaN,NaN,NaN,NaN,NaN,NaN,NaN,NaN,NaN,NaN,
58.946,-0.01542,0.01246,0.12981,0.66857,0.17983,-0.21325,-0.68935,NaN,NaN,NaN,NaN,NaN,NaN,NaN,NaN,NaN,NaN,NaN,NaN,NaN,NaN,NaN,NaN,NaN,NaN,NaN,NaN,NaN,
58.971,-0.01526,0.01245,0.12991,0.66874,0.17879,-0.21190,-0.68987,NaN,NaN,NaN,NaN,NaN,NaN,NaN,NaN,NaN,NaN,NaN,NaN,NaN,NaN,NaN,NaN,NaN,NaN,NaN,NaN,NaN,
58.996,-0.01511,0.01249,0.13000,0.66965,0.17701,-0.21141,-0.68960,NaN,NaN,NaN,NaN,NaN,NaN,NaN,NaN,NaN,NaN,NaN,NaN,NaN,NaN,NaN,NaN,NaN,NaN,NaN,NaN,NaN,
59.021,-0.01504,0.01260,0.12986,0.67089,0.17570,-0.21268,-0.68834,NaN,NaN,NaN,NaN,NaN,NaN,NaN,NaN,NaN,NaN,NaN,NaN,NaN,NaN,NaN,NaN,NaN,NaN,NaN,NaN,NaN,
59.046,-0.01491,0.01261,0.12997,0.67193,0.17395,-0.21263,-0.68778,NaN,NaN,NaN,NaN,NaN,NaN,NaN,NaN,NaN,NaN,NaN,NaN,NaN,NaN,NaN,NaN,NaN,NaN,NaN,NaN,NaN,
59.071,-0.01482,0.01270,0.12989,0.67323,0.17252,-0.21391,-0.68647,NaN,NaN,NaN,NaN,NaN,NaN,NaN,NaN,NaN,NaN,NaN,NaN,NaN,NaN,NaN,NaN,NaN,NaN,NaN,NaN,NaN,
59.096,-0.01477,0.01273,0.12988,0.67365,0.17196,-0.21415,-0.68612,NaN,NaN,NaN,NaN,NaN,NaN,NaN,NaN,NaN,NaN,NaN,NaN,NaN,NaN,NaN,NaN,NaN,NaN,NaN,NaN,NaN,
59.121,-0.01481,0.01277,0.12991,0.67376,0.17185,-0.21427,-0.68601,NaN,NaN,NaN,NaN,NaN,NaN,NaN,NaN,NaN,NaN,NaN,NaN,NaN,NaN,NaN,NaN,NaN,NaN,NaN,NaN,NaN,
59.146,-0.01475,0.01278,0.12981,0.67420,0.17142,-0.21482,-0.68550,NaN,NaN,NaN,NaN,NaN,NaN,NaN,NaN,NaN,NaN,NaN,NaN,NaN,NaN,NaN,NaN,NaN,NaN,NaN,NaN,NaN,
59.171,-0.01481,0.01283,0.12982,0.67428,0.17138,-0.21496,-0.68540,NaN,NaN,NaN,NaN,NaN,NaN,NaN,NaN,NaN,NaN,NaN,NaN,NaN,NaN,NaN,NaN,NaN,NaN,NaN,NaN,NaN,
59.196,-0.01481,0.01280,0.12986,0.67439,0.17113,-0.21486,-0.68538,NaN,NaN,NaN,NaN,NaN,NaN,NaN,NaN,NaN,NaN,NaN,NaN,NaN,NaN,NaN,NaN,NaN,NaN,NaN,NaN,NaN,
59.221,-0.01478,0.01282,0.12985,0.67471,0.17075,-0.21513,-0.68507,NaN,NaN,NaN,NaN,NaN,NaN,NaN,NaN,NaN,NaN,NaN,NaN,NaN,NaN,NaN,NaN,NaN,NaN,NaN,NaN,NaN,
59.246,-0.01479,0.01281,0.12994,0.67463,0.17074,-0.21488,-0.68523,NaN,NaN,NaN,NaN,NaN,NaN,NaN,NaN,NaN,NaN,NaN,NaN,NaN,NaN,NaN,NaN,NaN,NaN,NaN,NaN,NaN,
59.271,-0.01476,0.01282,0.12985,0.67498,0.17049,-0.21545,-0.68478,NaN,NaN,NaN,NaN,NaN,NaN,NaN,NaN,NaN,NaN,NaN,NaN,NaN,NaN,NaN,NaN,NaN,NaN,NaN,NaN,NaN,
59.296,-0.01479,0.01280,0.12987,0.67435,0.17118,-0.21482,-0.68542,NaN,NaN,NaN,NaN,NaN,NaN,NaN,NaN,NaN,NaN,NaN,NaN,NaN,NaN,NaN,NaN,NaN,NaN,NaN,NaN,NaN,
59.321,-0.01479,0.01281,0.12987,0.67449,0.17102,-0.21496,-0.68527,NaN,NaN,NaN,NaN,NaN,NaN,NaN,NaN,NaN,NaN,NaN,NaN,NaN,NaN,NaN,NaN,NaN,NaN,NaN,NaN,NaN,
59.346,-0.01478,0.01282,0.12987,0.67470,0.17079,-0.21518,-0.68506,NaN,NaN,NaN,NaN,NaN,NaN,NaN,NaN,NaN,NaN,NaN,NaN,NaN,NaN,NaN,NaN,NaN,NaN,NaN,NaN,NaN,
59.371,-0.01478,0.01284,0.12987,0.67490,0.17058,-0.21538,-0.68486,NaN,NaN,NaN,NaN,NaN,NaN,NaN,NaN,NaN,NaN,NaN,NaN,NaN,NaN,NaN,NaN,NaN,NaN,NaN,NaN,NaN,
59.396,-0.01472,0.01294,0.12982,0.67650,0.16884,-0.21703,-0.68318,NaN,NaN,NaN,NaN,NaN,NaN,NaN,NaN,NaN,NaN,NaN,NaN,NaN,NaN,NaN,NaN,NaN,NaN,NaN,NaN,NaN,
59.421,-0.01471,0.01299,0.12984,0.67747,0.16774,-0.21796,-0.68219,NaN,NaN,NaN,NaN,NaN,NaN,NaN,NaN,NaN,NaN,NaN,NaN,NaN,NaN,NaN,NaN,NaN,NaN,NaN,NaN,NaN,
59.446,-0.01471,0.01302,0.12989,0.67814,0.16696,-0.21856,-0.68153,NaN,NaN,NaN,NaN,NaN,NaN,NaN,NaN,NaN,NaN,NaN,NaN,NaN,NaN,NaN,NaN,NaN,NaN,NaN,NaN,NaN,
59.471,-0.01459,0.01309,0.12986,0.67990,0.16486,-0.22009,-0.67980,NaN,NaN,NaN,NaN,NaN,NaN,NaN,NaN,NaN,NaN,NaN,NaN,NaN,NaN,NaN,NaN,NaN,NaN,NaN,NaN,NaN,
59.496,-0.01461,0.01326,0.12987,0.68143,0.16324,-0.22182,-0.67809,NaN,NaN,NaN,NaN,NaN,NaN,NaN,NaN,NaN,NaN,NaN,NaN,NaN,NaN,NaN,NaN,NaN,NaN,NaN,NaN,NaN,
59.521,-0.01437,0.01341,0.12978,0.68527,0.15892,-0.22581,-0.67391,NaN,NaN,NaN,NaN,NaN,NaN,NaN,NaN,NaN,NaN,NaN,NaN,NaN,NaN,NaN,NaN,NaN,NaN,NaN,NaN,NaN,
59.546,-0.01436,0.01359,0.12981,0.68777,0.15592,-0.22811,-0.67129,NaN,NaN,NaN,NaN,NaN,NaN,NaN,NaN,NaN,NaN,NaN,NaN,NaN,NaN,NaN,NaN,NaN,NaN,NaN,NaN,NaN,
59.571,-0.01429,0.01372,0.12980,0.68993,0.15335,-0.23020,-0.66895,NaN,NaN,NaN,NaN,NaN,NaN,NaN,NaN,NaN,NaN,NaN,NaN,NaN,NaN,NaN,NaN,NaN,NaN,NaN,NaN,NaN,
59.596,-0.01419,0.01386,0.12977,0.69215,0.15068,-0.23237,-0.66650,NaN,NaN,NaN,NaN,NaN,NaN,NaN,NaN,NaN,NaN,NaN,NaN,NaN,NaN,NaN,NaN,NaN,NaN,NaN,NaN,NaN,
59.621,-0.01407,0.01397,0.12978,0.69462,0.14761,-0.23463,-0.66382,NaN,NaN,NaN,NaN,NaN,NaN,NaN,NaN,NaN,NaN,NaN,NaN,NaN,NaN,NaN,NaN,NaN,NaN,NaN,NaN,NaN,
59.646,-0.01399,0.01408,0.12979,0.69645,0.14511,-0.23594,-0.66199,NaN,NaN,NaN,NaN,NaN,NaN,NaN,NaN,NaN,NaN,NaN,NaN,NaN,NaN,NaN,NaN,NaN,NaN,NaN,NaN,NaN,
59.671,-0.01385,0.01418,0.12991,0.69869,0.14211,-0.23770,-0.65965,NaN,NaN,NaN,NaN,NaN,NaN,NaN,NaN,NaN,NaN,NaN,NaN,NaN,NaN,NaN,NaN,NaN,NaN,NaN,NaN,NaN,
59.696,-0.01382,0.01428,0.12988,0.69986,0.14060,-0.23874,-0.65835,NaN,NaN,NaN,NaN,NaN,NaN,NaN,NaN,NaN,NaN,NaN,NaN,NaN,NaN,NaN,NaN,NaN,NaN,NaN,NaN,NaN,
59.721,-0.01379,0.01433,0.12985,0.70030,0.14011,-0.23929,-0.65779,NaN,NaN,NaN,NaN,NaN,NaN,NaN,NaN,NaN,NaN,NaN,NaN,NaN,NaN,NaN,NaN,NaN,NaN,NaN,NaN,NaN,
59.746,-0.01376,0.01439,0.12988,0.70108,0.13901,-0.23983,-0.65699,NaN,NaN,NaN,NaN,NaN,NaN,NaN,NaN,NaN,NaN,NaN,NaN,NaN,NaN,NaN,NaN,NaN,NaN,NaN,NaN,NaN,
59.771,-0.01370,0.01446,0.12982,0.70211,0.13782,-0.24102,-0.65571,NaN,NaN,NaN,NaN,NaN,NaN,NaN,NaN,NaN,NaN,NaN,NaN,NaN,NaN,NaN,NaN,NaN,NaN,NaN,NaN,NaN,
59.796,-0.01369,0.01447,0.12993,0.70221,0.13754,-0.24081,-0.65574,NaN,NaN,NaN,NaN,NaN,NaN,NaN,NaN,NaN,NaN,NaN,NaN,NaN,NaN,NaN,NaN,NaN,NaN,NaN,NaN,NaN,
59.821,-0.01372,0.01450,0.12984,0.70244,0.13742,-0.24136,-0.65532,NaN,NaN,NaN,NaN,NaN,NaN,NaN,NaN,NaN,NaN,NaN,NaN,NaN,NaN,NaN,NaN,NaN,NaN,NaN,NaN,NaN,
59.846,-0.01372,0.01449,0.12988,0.70232,0.13743,-0.24098,-0.65559,NaN,NaN,NaN,NaN,NaN,NaN,NaN,NaN,NaN,NaN,NaN,NaN,NaN,NaN,NaN,NaN,NaN,NaN,NaN,NaN,NaN,
59.871,-0.01376,0.01446,0.12994,0.70198,0.13787,-0.24068,-0.65596,NaN,NaN,NaN,NaN,NaN,NaN,NaN,NaN,NaN,NaN,NaN,NaN,NaN,NaN,NaN,NaN,NaN,NaN,NaN,NaN,NaN,
59.896,-0.01374,0.01445,0.12991,0.70191,0.13799,-0.24067,-0.65602,NaN,NaN,NaN,NaN,NaN,NaN,NaN,NaN,NaN,NaN,NaN,NaN,NaN,NaN,NaN,NaN,NaN,NaN,NaN,NaN,NaN,
59.921,-0.01377,0.01445,0.12996,0.70154,0.13851,-0.24041,-0.65640,NaN,NaN,NaN,NaN,NaN,NaN,NaN,NaN,NaN,NaN,NaN,NaN,NaN,NaN,NaN,NaN,NaN,NaN,NaN,NaN,NaN,
59.946,-0.01373,0.01437,0.12994,0.70096,0.13933,-0.24001,-0.65699,NaN,NaN,NaN,NaN,NaN,NaN,NaN,NaN,NaN,NaN,NaN,NaN,NaN,NaN,NaN,NaN,NaN,NaN,NaN,NaN,NaN,
59.971,-0.01375,0.01444,0.12992,0.70165,0.13838,-0.24052,-0.65627,NaN,NaN,NaN,NaN,NaN,NaN,NaN,NaN,NaN,NaN,NaN,NaN,NaN,NaN,NaN,NaN,NaN,NaN,NaN,NaN,NaN,
59.996,-0.01376,0.01444,0.12994,0.70154,0.13859,-0.24056,-0.65632,NaN,NaN,NaN,NaN,NaN,NaN,NaN,NaN,NaN,NaN,NaN,NaN,NaN,NaN,NaN,NaN,NaN,NaN,NaN,NaN,NaN,
60.021,-0.01389,0.01442,0.13007,0.70011,0.14122,-0.24072,-0.65723,NaN,NaN,NaN,NaN,NaN,NaN,NaN,NaN,NaN,NaN,NaN,NaN,NaN,NaN,NaN,NaN,NaN,NaN,NaN,NaN,NaN,
60.046,-0.01400,0.01442,0.13015,0.69942,0.14225,-0.24035,-0.65788,NaN,NaN,NaN,NaN,NaN,NaN,NaN,NaN,NaN,NaN,NaN,NaN,NaN,NaN,NaN,NaN,NaN,NaN,NaN,NaN,NaN,
60.071,-0.01419,0.01418,0.13026,0.69661,0.14612,-0.23831,-0.66075,NaN,NaN,NaN,NaN,NaN,NaN,NaN,NaN,NaN,NaN,NaN,NaN,NaN,NaN,NaN,NaN,NaN,NaN,NaN,NaN,NaN,
60.096,-0.01461,0.01403,0.13026,0.69386,0.15129,-0.23898,-0.66223,NaN,NaN,NaN,NaN,NaN,NaN,NaN,NaN,NaN,NaN,NaN,NaN,NaN,NaN,NaN,NaN,NaN,NaN,NaN,NaN,NaN,
60.121,-0.01496,0.01398,0.13019,0.69204,0.15497,-0.23992,-0.66295,NaN,NaN,NaN,NaN,NaN,NaN,NaN,NaN,NaN,NaN,NaN,NaN,NaN,NaN,NaN,NaN,NaN,NaN,NaN,NaN,NaN,
60.146,-0.01518,0.01374,0.13022,0.68925,0.15902,-0.23849,-0.66541,NaN,NaN,NaN,NaN,NaN,NaN,NaN,NaN,NaN,NaN,NaN,NaN,NaN,NaN,NaN,NaN,NaN,NaN,NaN,NaN,NaN,
60.171,-0.01524,0.01355,0.13041,0.68704,0.16180,-0.23661,-0.66769,NaN,NaN,NaN,NaN,NaN,NaN,NaN,NaN,NaN,NaN,NaN,NaN,NaN,NaN,NaN,NaN,NaN,NaN,NaN,NaN,NaN,
60.196,-0.01550,0.01353,0.13028,0.68451,0.16577,-0.23596,-0.66955,NaN,NaN,NaN,NaN,NaN,NaN,NaN,NaN,NaN,NaN,NaN,NaN,NaN,NaN,NaN,NaN,NaN,NaN,NaN,NaN,NaN,
60.221,-0.01565,0.01331,0.13036,0.68073,0.17017,-0.23227,-0.67357,NaN,NaN,NaN,NaN,NaN,NaN,NaN,NaN,NaN,NaN,NaN,NaN,NaN,NaN,NaN,NaN,NaN,NaN,NaN,NaN,NaN,
60.246,-0.01590,0.01306,0.13051,0.67706,0.17474,-0.22937,-0.67709,NaN,NaN,NaN,NaN,NaN,NaN,NaN,NaN,NaN,NaN,NaN,NaN,NaN,NaN,NaN,NaN,NaN,NaN,NaN,NaN,NaN,
60.271,-0.01615,0.01285,0.13040,0.67362,0.17944,-0.22754,-0.67990,NaN,NaN,NaN,NaN,NaN,NaN,NaN,NaN,NaN,NaN,NaN,NaN,NaN,NaN,NaN,NaN,NaN,NaN,NaN,NaN,NaN,
60.296,-0.01629,0.01271,0.13044,0.67136,0.18227,-0.22592,-0.68191,NaN,NaN,NaN,NaN,NaN,NaN,NaN,NaN,NaN,NaN,NaN,NaN,NaN,NaN,NaN,NaN,NaN,NaN,NaN,NaN,NaN,
60.321,-0.01641,0.01265,0.13042,0.67009,0.18398,-0.22524,-0.68293,NaN,NaN,NaN,NaN,NaN,NaN,NaN,NaN,NaN,NaN,NaN,NaN,NaN,NaN,NaN,NaN,NaN,NaN,NaN,NaN,NaN,
60.346,-0.01642,0.01253,0.13039,0.66868,0.18563,-0.22404,-0.68426,NaN,NaN,NaN,NaN,NaN,NaN,NaN,NaN,NaN,NaN,NaN,NaN,NaN,NaN,NaN,NaN,NaN,NaN,NaN,NaN,NaN,
60.371,-0.01652,0.01248,0.13037,0.66702,0.18771,-0.22288,-0.68569,NaN,NaN,NaN,NaN,NaN,NaN,NaN,NaN,NaN,NaN,NaN,NaN,NaN,NaN,NaN,NaN,NaN,NaN,NaN,NaN,NaN,
60.396,-0.01657,0.01233,0.13042,0.66507,0.18986,-0.22103,-0.68759,NaN,NaN,NaN,NaN,NaN,NaN,NaN,NaN,NaN,NaN,NaN,NaN,NaN,NaN,NaN,NaN,NaN,NaN,NaN,NaN,NaN,
60.421,-0.01665,0.01225,0.13026,0.66366,0.19154,-0.21997,-0.68882,NaN,NaN,NaN,NaN,NaN,NaN,NaN,NaN,NaN,NaN,NaN,NaN,NaN,NaN,NaN,NaN,NaN,NaN,NaN,NaN,NaN,
60.446,-0.01667,0.01220,0.13025,0.66287,0.19223,-0.21891,-0.68973,NaN,NaN,NaN,NaN,NaN,NaN,NaN,NaN,NaN,NaN,NaN,NaN,NaN,NaN,NaN,NaN,NaN,NaN,NaN,NaN,NaN,
60.471,-0.01668,0.01212,0.13025,0.66215,0.19284,-0.21791,-0.69057,NaN,NaN,NaN,NaN,NaN,NaN,NaN,NaN,NaN,NaN,NaN,NaN,NaN,NaN,NaN,NaN,NaN,NaN,NaN,NaN,NaN,
60.496,-0.01673,0.01210,0.13009,0.66150,0.19372,-0.21762,-0.69104,NaN,NaN,NaN,NaN,NaN,NaN,NaN,NaN,NaN,NaN,NaN,NaN,NaN,NaN,NaN,NaN,NaN,NaN,NaN,NaN,NaN,
60.521,-0.01669,0.01204,0.13016,0.66112,0.19384,-0.21675,-0.69164,NaN,NaN,NaN,NaN,NaN,NaN,NaN,NaN,NaN,NaN,NaN,NaN,NaN,NaN,NaN,NaN,NaN,NaN,NaN,NaN,NaN,
60.546,-0.01670,0.01203,0.13002,0.66090,0.19420,-0.21674,-0.69176,NaN,NaN,NaN,NaN,NaN,NaN,NaN,NaN,NaN,NaN,NaN,NaN,NaN,NaN,NaN,NaN,NaN,NaN,NaN,NaN,NaN,
60.571,-0.01669,0.01201,0.12993,0.66055,0.19462,-0.21650,-0.69204,NaN,NaN,NaN,NaN,NaN,NaN,NaN,NaN,NaN,NaN,NaN,NaN,NaN,NaN,NaN,NaN,NaN,NaN,NaN,NaN,NaN,
60.596,-0.01669,0.01198,0.12990,0.66028,0.19481,-0.21605,-0.69239,NaN,NaN,NaN,NaN,NaN,NaN,NaN,NaN,NaN,NaN,NaN,NaN,NaN,NaN,NaN,NaN,NaN,NaN,NaN,NaN,NaN,
60.621,-0.01662,0.01195,0.12973,0.66036,0.19481,-0.21630,-0.69223,NaN,NaN,NaN,NaN,NaN,NaN,NaN,NaN,NaN,NaN,NaN,NaN,NaN,NaN,NaN,NaN,NaN,NaN,NaN,NaN,NaN,
60.646,-0.01669,0.01192,0.12970,0.65975,0.19537,-0.21556,-0.69289,NaN,NaN,NaN,NaN,NaN,NaN,NaN,NaN,NaN,NaN,NaN,NaN,NaN,NaN,NaN,NaN,NaN,NaN,NaN,NaN,NaN,
60.671,-0.01666,0.01188,0.12960,0.65960,0.19552,-0.21537,-0.69305,NaN,NaN,NaN,NaN,NaN,NaN,NaN,NaN,NaN,NaN,NaN,NaN,NaN,NaN,NaN,NaN,NaN,NaN,NaN,NaN,NaN,
60.696,-0.01667,0.01186,0.12954,0.65940,0.19570,-0.21511,-0.69327,NaN,NaN,NaN,NaN,NaN,NaN,NaN,NaN,NaN,NaN,NaN,NaN,NaN,NaN,NaN,NaN,NaN,NaN,NaN,NaN,NaN,
60.721,-0.01667,0.01183,0.12960,0.65919,0.19574,-0.21460,-0.69362,NaN,NaN,NaN,NaN,NaN,NaN,NaN,NaN,NaN,NaN,NaN,NaN,NaN,NaN,NaN,NaN,NaN,NaN,NaN,NaN,NaN,
60.746,-0.01664,0.01178,0.12950,0.65897,0.19598,-0.21438,-0.69383,NaN,NaN,NaN,NaN,NaN,NaN,NaN,NaN,NaN,NaN,NaN,NaN,NaN,NaN,NaN,NaN,NaN,NaN,NaN,NaN,NaN,
60.771,-0.01662,0.01175,0.12945,0.65872,0.19624,-0.21414,-0.69407,NaN,NaN,NaN,NaN,NaN,NaN,NaN,NaN,NaN,NaN,NaN,NaN,NaN,NaN,NaN,NaN,NaN,NaN,NaN,NaN,NaN,
60.796,-0.01664,0.01175,0.12945,0.65828,0.19666,-0.21364,-0.69452,NaN,NaN,NaN,NaN,NaN,NaN,NaN,NaN,NaN,NaN,NaN,NaN,NaN,NaN,NaN,NaN,NaN,NaN,NaN,NaN,NaN,
60.821,-0.01659,0.01168,0.12937,0.65784,0.19704,-0.21306,-0.69500,NaN,NaN,NaN,NaN,NaN,NaN,NaN,NaN,NaN,NaN,NaN,NaN,NaN,NaN,NaN,NaN,NaN,NaN,NaN,NaN,NaN,
60.846,-0.01667,0.01172,0.12925,0.65743,0.19765,-0.21301,-0.69523,NaN,NaN,NaN,NaN,NaN,NaN,NaN,NaN,NaN,NaN,NaN,NaN,NaN,NaN,NaN,NaN,NaN,NaN,NaN,NaN,NaN,
60.871,-0.01669,0.01163,0.12937,0.65598,0.19891,-0.21112,-0.69682,NaN,NaN,NaN,NaN,NaN,NaN,NaN,NaN,NaN,NaN,NaN,NaN,NaN,NaN,NaN,NaN,NaN,NaN,NaN,NaN,NaN,
60.896,-0.01669,0.01156,0.12934,0.65445,0.20038,-0.20944,-0.69834,NaN,NaN,NaN,NaN,NaN,NaN,NaN,NaN,NaN,NaN,NaN,NaN,NaN,NaN,NaN,NaN,NaN,NaN,NaN,NaN,NaN,
60.921,-0.01670,0.01148,0.12949,0.65263,0.20198,-0.20717,-0.70026,NaN,NaN,NaN,NaN,NaN,NaN,NaN,NaN,NaN,NaN,NaN,NaN,NaN,NaN,NaN,NaN,NaN,NaN,NaN,NaN,NaN,
60.946,-0.01673,0.01141,0.12962,0.65046,0.20381,-0.20440,-0.70255,NaN,NaN,NaN,NaN,NaN,NaN,NaN,NaN,NaN,NaN,NaN,NaN,NaN,NaN,NaN,NaN,NaN,NaN,NaN,NaN,NaN,
60.971,-0.01666,0.01127,0.12970,0.64882,0.20517,-0.20226,-0.70430,NaN,NaN,NaN,NaN,NaN,NaN,NaN,NaN,NaN,NaN,NaN,NaN,NaN,NaN,NaN,NaN,NaN,NaN,NaN,NaN,NaN,
60.996,-0.01684,0.01127,0.12972,0.64672,0.20764,-0.20087,-0.70589,NaN,NaN,NaN,NaN,NaN,NaN,NaN,NaN,NaN,NaN,NaN,NaN,NaN,NaN,NaN,NaN,NaN,NaN,NaN,NaN,NaN,
61.021,-0.01677,0.01111,0.12990,0.64527,0.20845,-0.19834,-0.70769,NaN,NaN,NaN,NaN,NaN,NaN,NaN,NaN,NaN,NaN,NaN,NaN,NaN,NaN,NaN,NaN,NaN,NaN,NaN,NaN,NaN,
61.046,-0.01686,0.01113,0.12989,0.64423,0.21002,-0.19827,-0.70820,NaN,NaN,NaN,NaN,NaN,NaN,NaN,NaN,NaN,NaN,NaN,NaN,NaN,NaN,NaN,NaN,NaN,NaN,NaN,NaN,NaN,
61.071,-0.01698,0.01114,0.12999,0.64305,0.21149,-0.19766,-0.70900,NaN,NaN,NaN,NaN,NaN,NaN,NaN,NaN,NaN,NaN,NaN,NaN,NaN,NaN,NaN,NaN,NaN,NaN,NaN,NaN,NaN,
61.096,-0.01709,0.01104,0.13002,0.64101,0.21384,-0.19629,-0.71052,NaN,NaN,NaN,NaN,NaN,NaN,NaN,NaN,NaN,NaN,NaN,NaN,NaN,NaN,NaN,NaN,NaN,NaN,NaN,NaN,NaN,
61.121,-0.01706,0.01088,0.13023,0.63883,0.21539,-0.19316,-0.71288,NaN,NaN,NaN,NaN,NaN,NaN,NaN,NaN,NaN,NaN,NaN,NaN,NaN,NaN,NaN,NaN,NaN,NaN,NaN,NaN,NaN,
61.146,-0.01718,0.01077,0.13048,0.63618,0.21752,-0.18987,-0.71547,NaN,NaN,NaN,NaN,NaN,NaN,NaN,NaN,NaN,NaN,NaN,NaN,NaN,NaN,NaN,NaN,NaN,NaN,NaN,NaN,NaN,
61.171,-0.01723,0.01070,0.13040,0.63464,0.21942,-0.18908,-0.71648,NaN,NaN,NaN,NaN,NaN,NaN,NaN,NaN,NaN,NaN,NaN,NaN,NaN,NaN,NaN,NaN,NaN,NaN,NaN,NaN,NaN,
61.196,-0.01729,0.01061,0.13047,0.63306,0.22098,-0.18766,-0.71777,NaN,NaN,NaN,NaN,NaN,NaN,NaN,NaN,NaN,NaN,NaN,NaN,NaN,NaN,NaN,NaN,NaN,NaN,NaN,NaN,NaN,
61.221,-0.01745,0.01061,0.13051,0.63119,0.22282,-0.18599,-0.71927,NaN,NaN,NaN,NaN,NaN,NaN,NaN,NaN,NaN,NaN,NaN,NaN,NaN,NaN,NaN,NaN,NaN,NaN,NaN,NaN,NaN,
61.246,-0.01743,0.01045,0.13048,0.62934,0.22450,-0.18409,-0.72086,NaN,NaN,NaN,NaN,NaN,NaN,NaN,NaN,NaN,NaN,NaN,NaN,NaN,NaN,NaN,NaN,NaN,NaN,NaN,NaN,NaN,
61.271,-0.01747,0.01035,0.13046,0.62750,0.22602,-0.18197,-0.72253,NaN,NaN,NaN,NaN,NaN,NaN,NaN,NaN,NaN,NaN,NaN,NaN,NaN,NaN,NaN,NaN,NaN,NaN,NaN,NaN,NaN,
61.296,-0.01752,0.01029,0.13054,0.62592,0.22713,-0.17986,-0.72408,NaN,NaN,NaN,NaN,NaN,NaN,NaN,NaN,NaN,NaN,NaN,NaN,NaN,NaN,NaN,NaN,NaN,NaN,NaN,NaN,NaN,
61.321,-0.01753,0.01019,0.13045,0.62492,0.22821,-0.17915,-0.72478,NaN,NaN,NaN,NaN,NaN,NaN,NaN,NaN,NaN,NaN,NaN,NaN,NaN,NaN,NaN,NaN,NaN,NaN,NaN,NaN,NaN,
61.346,-0.01759,0.01010,0.13051,0.62353,0.22941,-0.17769,-0.72595,NaN,NaN,NaN,NaN,NaN,NaN,NaN,NaN,NaN,NaN,NaN,NaN,NaN,NaN,NaN,NaN,NaN,NaN,NaN,NaN,NaN,
61.371,-0.01772,0.01001,0.13061,0.62185,0.23091,-0.17602,-0.72732,NaN,NaN,NaN,NaN,NaN,NaN,NaN,NaN,NaN,NaN,NaN,NaN,NaN,NaN,NaN,NaN,NaN,NaN,NaN,NaN,NaN,
61.396,-0.01776,0.00991,0.13049,0.62073,0.23237,-0.17569,-0.72789,NaN,NaN,NaN,NaN,NaN,NaN,NaN,NaN,NaN,NaN,NaN,NaN,NaN,NaN,NaN,NaN,NaN,NaN,NaN,NaN,NaN,
61.421,-0.01781,0.00982,0.13047,0.61938,0.23366,-0.17452,-0.72891,NaN,NaN,NaN,NaN,NaN,NaN,NaN,NaN,NaN,NaN,NaN,NaN,NaN,NaN,NaN,NaN,NaN,NaN,NaN,NaN,NaN,
61.446,-0.01787,0.00977,0.13043,0.61785,0.23497,-0.17293,-0.73017,NaN,NaN,NaN,NaN,NaN,NaN,NaN,NaN,NaN,NaN,NaN,NaN,NaN,NaN,NaN,NaN,NaN,NaN,NaN,NaN,NaN,
61.471,-0.01784,0.00954,0.13038,0.61589,0.23624,-0.17022,-0.73205,NaN,NaN,NaN,NaN,NaN,NaN,NaN,NaN,NaN,NaN,NaN,NaN,NaN,NaN,NaN,NaN,NaN,NaN,NaN,NaN,NaN,
61.496,-0.01792,0.00945,0.13024,0.61387,0.23796,-0.16816,-0.73367,NaN,NaN,NaN,NaN,NaN,NaN,NaN,NaN,NaN,NaN,NaN,NaN,NaN,NaN,NaN,NaN,NaN,NaN,NaN,NaN,NaN,
61.521,-0.01797,0.00931,0.13028,0.61195,0.23917,-0.16551,-0.73548,NaN,NaN,NaN,NaN,NaN,NaN,NaN,NaN,NaN,NaN,NaN,NaN,NaN,NaN,NaN,NaN,NaN,NaN,NaN,NaN,NaN,
61.546,-0.01803,0.00925,0.13006,0.61045,0.24070,-0.16445,-0.73646,NaN,NaN,NaN,NaN,NaN,NaN,NaN,NaN,NaN,NaN,NaN,NaN,NaN,NaN,NaN,NaN,NaN,NaN,NaN,NaN,NaN,
61.571,-0.01802,0.00903,0.13000,0.60829,0.24210,-0.16159,-0.73842,NaN,NaN,NaN,NaN,NaN,NaN,NaN,NaN,NaN,NaN,NaN,NaN,NaN,NaN,NaN,NaN,NaN,NaN,NaN,NaN,NaN,
61.596,-0.01806,0.00897,0.13001,0.60684,0.24312,-0.15982,-0.73966,NaN,NaN,NaN,NaN,NaN,NaN,NaN,NaN,NaN,NaN,NaN,NaN,NaN,NaN,NaN,NaN,NaN,NaN,NaN,NaN,NaN,
61.621,-0.01804,0.00886,0.12992,0.60578,0.24383,-0.15847,-0.74058,NaN,NaN,NaN,NaN,NaN,NaN,NaN,NaN,NaN,NaN,NaN,NaN,NaN,NaN,NaN,NaN,NaN,NaN,NaN,NaN,NaN,
61.646,-0.01799,0.00881,0.12979,0.60539,0.24408,-0.15797,-0.74092,NaN,NaN,NaN,NaN,NaN,NaN,NaN,NaN,NaN,NaN,NaN,NaN,NaN,NaN,NaN,NaN,NaN,NaN,NaN,NaN,NaN,
61.671,-0.01804,0.00885,0.12970,0.60496,0.24444,-0.15755,-0.74125,NaN,NaN,NaN,NaN,NaN,NaN,NaN,NaN,NaN,NaN,NaN,NaN,NaN,NaN,NaN,NaN,NaN,NaN,NaN,NaN,NaN,
61.696,-0.01803,0.00878,0.12970,0.60439,0.24468,-0.15660,-0.74183,NaN,NaN,NaN,NaN,NaN,NaN,NaN,NaN,NaN,NaN,NaN,NaN,NaN,NaN,NaN,NaN,NaN,NaN,NaN,NaN,NaN,
61.721,-0.01802,0.00873,0.12952,0.60395,0.24517,-0.15634,-0.74209,NaN,NaN,NaN,NaN,NaN,NaN,NaN,NaN,NaN,NaN,NaN,NaN,NaN,NaN,NaN,NaN,NaN,NaN,NaN,NaN,NaN,
61.746,-0.01805,0.00870,0.12951,0.60349,0.24545,-0.15572,-0.74250,NaN,NaN,NaN,NaN,NaN,NaN,NaN,NaN,NaN,NaN,NaN,NaN,NaN,NaN,NaN,NaN,NaN,NaN,NaN,NaN,NaN,
61.771,-0.01808,0.00868,0.12956,0.60338,0.24544,-0.15546,-0.74265,NaN,NaN,NaN,NaN,NaN,NaN,NaN,NaN,NaN,NaN,NaN,NaN,NaN,NaN,NaN,NaN,NaN,NaN,NaN,NaN,NaN,
61.796,-0.01806,0.00863,0.12951,0.60333,0.24546,-0.15538,-0.74269,NaN,NaN,NaN,NaN,NaN,NaN,NaN,NaN,NaN,NaN,NaN,NaN,NaN,NaN,NaN,NaN,NaN,NaN,NaN,NaN,NaN,
61.821,-0.01808,0.00869,0.12953,0.60360,0.24547,-0.15603,-0.74234,NaN,NaN,NaN,NaN,NaN,NaN,NaN,NaN,NaN,NaN,NaN,NaN,NaN,NaN,NaN,NaN,NaN,NaN,NaN,NaN,NaN,
61.846,-0.01818,0.00868,0.12956,0.60390,0.24607,-0.15772,-0.74154,NaN,NaN,NaN,NaN,NaN,NaN,NaN,NaN,NaN,NaN,NaN,NaN,NaN,NaN,NaN,NaN,NaN,NaN,NaN,NaN,NaN,
61.871,-0.01826,0.00871,0.12946,0.60401,0.24689,-0.15934,-0.74083,NaN,NaN,NaN,NaN,NaN,NaN,NaN,NaN,NaN,NaN,NaN,NaN,NaN,NaN,NaN,NaN,NaN,NaN,NaN,NaN,NaN,
61.896,-0.01823,0.00869,0.12965,0.60375,0.24673,-0.15846,-0.74128,NaN,NaN,NaN,NaN,NaN,NaN,NaN,NaN,NaN,NaN,NaN,NaN,NaN,NaN,NaN,NaN,NaN,NaN,NaN,NaN,NaN,
61.921,-0.01830,0.00865,0.12967,0.60289,0.24767,-0.15797,-0.74177,NaN,NaN,NaN,NaN,NaN,NaN,NaN,NaN,NaN,NaN,NaN,NaN,NaN,NaN,NaN,NaN,NaN,NaN,NaN,NaN,NaN,
61.946,-0.01841,0.00863,0.12972,0.60173,0.24882,-0.15714,-0.74250,NaN,NaN,NaN,NaN,NaN,NaN,NaN,NaN,NaN,NaN,NaN,NaN,NaN,NaN,NaN,NaN,NaN,NaN,NaN,NaN,NaN,
61.971,-0.01849,0.00858,0.12984,0.60053,0.24998,-0.15622,-0.74328,NaN,NaN,NaN,NaN,NaN,NaN,NaN,NaN,NaN,NaN,NaN,NaN,NaN,NaN,NaN,NaN,NaN,NaN,NaN,NaN,NaN,
61.996,-0.01849,0.00849,0.12993,0.59934,0.25075,-0.15472,-0.74430,NaN,NaN,NaN,NaN,NaN,NaN,NaN,NaN,NaN,NaN,NaN,NaN,NaN,NaN,NaN,NaN,NaN,NaN,NaN,NaN,NaN,
62.021,-0.01864,0.00843,0.13011,0.59690,0.25270,-0.15223,-0.74611,NaN,NaN,NaN,NaN,NaN,NaN,NaN,NaN,NaN,NaN,NaN,NaN,NaN,NaN,NaN,NaN,NaN,NaN,NaN,NaN,NaN,
62.046,-0.01860,0.00837,0.13012,0.59558,0.25389,-0.15113,-0.74699,NaN,NaN,NaN,NaN,NaN,NaN,NaN,NaN,NaN,NaN,NaN,NaN,NaN,NaN,NaN,NaN,NaN,NaN,NaN,NaN,NaN,
62.071,-0.01854,0.00823,0.13027,0.59427,0.25445,-0.14903,-0.74826,NaN,NaN,NaN,NaN,NaN,NaN,NaN,NaN,NaN,NaN,NaN,NaN,NaN,NaN,NaN,NaN,NaN,NaN,NaN,NaN,NaN,
62.096,-0.01874,0.00827,0.13025,0.59235,0.25658,-0.14810,-0.74924,NaN,NaN,NaN,NaN,NaN,NaN,NaN,NaN,NaN,NaN,NaN,NaN,NaN,NaN,NaN,NaN,NaN,NaN,NaN,NaN,NaN,
62.121,-0.01873,0.00809,0.13033,0.59002,0.25796,-0.14505,-0.75119,NaN,NaN,NaN,NaN,NaN,NaN,NaN,NaN,NaN,NaN,NaN,NaN,NaN,NaN,NaN,NaN,NaN,NaN,NaN,NaN,NaN,
62.146,-0.01878,0.00802,0.13035,0.58855,0.25913,-0.14360,-0.75223,NaN,NaN,NaN,NaN,NaN,NaN,NaN,NaN,NaN,NaN,NaN,NaN,NaN,NaN,NaN,NaN,NaN,NaN,NaN,NaN,NaN,
62.171,-0.01889,0.00796,0.13048,0.58713,0.26002,-0.14185,-0.75336,NaN,NaN,NaN,NaN,NaN,NaN,NaN,NaN,NaN,NaN,NaN,NaN,NaN,NaN,NaN,NaN,NaN,NaN,NaN,NaN,NaN,
62.196,-0.01884,0.00778,0.13051,0.58555,0.26075,-0.13948,-0.75477,NaN,NaN,NaN,NaN,NaN,NaN,NaN,NaN,NaN,NaN,NaN,NaN,NaN,NaN,NaN,NaN,NaN,NaN,NaN,NaN,NaN,
62.221,-0.01891,0.00773,0.13052,0.58411,0.26189,-0.13810,-0.75575,NaN,NaN,NaN,NaN,NaN,NaN,NaN,NaN,NaN,NaN,NaN,NaN,NaN,NaN,NaN,NaN,NaN,NaN,NaN,NaN,NaN,
62.246,-0.01894,0.00766,0.13056,0.58300,0.26277,-0.13704,-0.75650,NaN,NaN,NaN,NaN,NaN,NaN,NaN,NaN,NaN,NaN,NaN,NaN,NaN,NaN,NaN,NaN,NaN,NaN,NaN,NaN,NaN,
62.271,-0.01895,0.00759,0.13051,0.58198,0.26369,-0.13626,-0.75710,NaN,NaN,NaN,NaN,NaN,NaN,NaN,NaN,NaN,NaN,NaN,NaN,NaN,NaN,NaN,NaN,NaN,NaN,NaN,NaN,NaN,
62.296,-0.01900,0.00751,0.13048,0.58041,0.26492,-0.13477,-0.75814,NaN,NaN,NaN,NaN,NaN,NaN,NaN,NaN,NaN,NaN,NaN,NaN,NaN,NaN,NaN,NaN,NaN,NaN,NaN,NaN,NaN,
62.321,-0.01897,0.00733,0.13041,0.57832,0.26602,-0.13194,-0.75985,NaN,NaN,NaN,NaN,NaN,NaN,NaN,NaN,NaN,NaN,NaN,NaN,NaN,NaN,NaN,NaN,NaN,NaN,NaN,NaN,NaN,
62.346,-0.01905,0.00723,0.13035,0.57607,0.26743,-0.12926,-0.76152,NaN,NaN,NaN,NaN,NaN,NaN,NaN,NaN,NaN,NaN,NaN,NaN,NaN,NaN,NaN,NaN,NaN,NaN,NaN,NaN,NaN,
62.371,-0.01903,0.00707,0.13032,0.57468,0.26799,-0.12715,-0.76273,NaN,NaN,NaN,NaN,NaN,NaN,NaN,NaN,NaN,NaN,NaN,NaN,NaN,NaN,NaN,NaN,NaN,NaN,NaN,NaN,NaN,
62.396,-0.01907,0.00700,0.13030,0.57352,0.26850,-0.12545,-0.76370,NaN,NaN,NaN,NaN,NaN,NaN,NaN,NaN,NaN,NaN,NaN,NaN,NaN,NaN,NaN,NaN,NaN,NaN,NaN,NaN,NaN,
62.421,-0.01912,0.00685,0.13033,0.57129,0.26967,-0.12251,-0.76544,NaN,NaN,NaN,NaN,NaN,NaN,NaN,NaN,NaN,NaN,NaN,NaN,NaN,NaN,NaN,NaN,NaN,NaN,NaN,NaN,NaN,
62.446,-0.01908,0.00670,0.13022,0.56948,0.27048,-0.11993,-0.76690,NaN,NaN,NaN,NaN,NaN,NaN,NaN,NaN,NaN,NaN,NaN,NaN,NaN,NaN,NaN,NaN,NaN,NaN,NaN,NaN,NaN,
62.471,-0.01912,0.00666,0.13018,0.56818,0.27121,-0.11831,-0.76786,NaN,NaN,NaN,NaN,NaN,NaN,NaN,NaN,NaN,NaN,NaN,NaN,NaN,NaN,NaN,NaN,NaN,NaN,NaN,NaN,NaN,
62.496,-0.01906,0.00652,0.13006,0.56723,0.27173,-0.11713,-0.76856,NaN,NaN,NaN,NaN,NaN,NaN,NaN,NaN,NaN,NaN,NaN,NaN,NaN,NaN,NaN,NaN,NaN,NaN,NaN,NaN,NaN,
62.521,-0.01903,0.00645,0.12993,0.56627,0.27225,-0.11591,-0.76927,NaN,NaN,NaN,NaN,NaN,NaN,NaN,NaN,NaN,NaN,NaN,NaN,NaN,NaN,NaN,NaN,NaN,NaN,NaN,NaN,NaN,
62.546,-0.01908,0.00641,0.12986,0.56519,0.27286,-0.11459,-0.77005,NaN,NaN,NaN,NaN,NaN,NaN,NaN,NaN,NaN,NaN,NaN,NaN,NaN,NaN,NaN,NaN,NaN,NaN,NaN,NaN,NaN,
62.571,-0.01907,0.00632,0.12972,0.56450,0.27324,-0.11373,-0.77055,NaN,NaN,NaN,NaN,NaN,NaN,NaN,NaN,NaN,NaN,NaN,NaN,NaN,NaN,NaN,NaN,NaN,NaN,NaN,NaN,NaN,
62.596,-0.01905,0.00629,0.12968,0.56430,0.27307,-0.11306,-0.77085,NaN,NaN,NaN,NaN,NaN,NaN,NaN,NaN,NaN,NaN,NaN,NaN,NaN,NaN,NaN,NaN,NaN,NaN,NaN,NaN,NaN,
62.621,-0.01908,0.00626,0.12972,0.56384,0.27309,-0.11212,-0.77132,NaN,NaN,NaN,NaN,NaN,NaN,NaN,NaN,NaN,NaN,NaN,NaN,NaN,NaN,NaN,NaN,NaN,NaN,NaN,NaN,NaN,
62.646,-0.01904,0.00620,0.12958,0.56348,0.27333,-0.11174,-0.77155,NaN,NaN,NaN,NaN,NaN,NaN,NaN,NaN,NaN,NaN,NaN,NaN,NaN,NaN,NaN,NaN,NaN,NaN,NaN,NaN,NaN,
62.671,-0.01902,0.00614,0.12954,0.56276,0.27361,-0.11068,-0.77213,NaN,NaN,NaN,NaN,NaN,NaN,NaN,NaN,NaN,NaN,NaN,NaN,NaN,NaN,NaN,NaN,NaN,NaN,NaN,NaN,NaN,
62.696,-0.01909,0.00612,0.12955,0.56167,0.27456,-0.10987,-0.77271,NaN,NaN,NaN,NaN,NaN,NaN,NaN,NaN,NaN,NaN,NaN,NaN,NaN,NaN,NaN,NaN,NaN,NaN,NaN,NaN,NaN,
62.721,-0.01909,0.00605,0.12945,0.56085,0.27521,-0.10918,-0.77317,NaN,NaN,NaN,NaN,NaN,NaN,NaN,NaN,NaN,NaN,NaN,NaN,NaN,NaN,NaN,NaN,NaN,NaN,NaN,NaN,NaN,
62.746,-0.01914,0.00602,0.12947,0.55993,0.27573,-0.10810,-0.77380,NaN,NaN,NaN,NaN,NaN,NaN,NaN,NaN,NaN,NaN,NaN,NaN,NaN,NaN,NaN,NaN,NaN,NaN,NaN,NaN,NaN,
62.771,-0.01917,0.00598,0.12949,0.55917,0.27637,-0.10752,-0.77420,NaN,NaN,NaN,NaN,NaN,NaN,NaN,NaN,NaN,NaN,NaN,NaN,NaN,NaN,NaN,NaN,NaN,NaN,NaN,NaN,NaN,
62.796,-0.01915,0.00589,0.12955,0.55862,0.27657,-0.10669,-0.77464,NaN,NaN,NaN,NaN,NaN,NaN,NaN,NaN,NaN,NaN,NaN,NaN,NaN,NaN,NaN,NaN,NaN,NaN,NaN,NaN,NaN,
62.821,-0.01921,0.00592,0.12973,0.55869,0.27652,-0.10676,-0.77460,NaN,NaN,NaN,NaN,NaN,NaN,NaN,NaN,NaN,NaN,NaN,NaN,NaN,NaN,NaN,NaN,NaN,NaN,NaN,NaN,NaN,
62.846,-0.01938,0.00592,0.12972,0.55836,0.27789,-0.10818,-0.77415,NaN,NaN,NaN,NaN,NaN,NaN,NaN,NaN,NaN,NaN,NaN,NaN,NaN,NaN,NaN,NaN,NaN,NaN,NaN,NaN,NaN,
62.871,-0.01944,0.00600,0.12975,0.55876,0.27849,-0.10994,-0.77339,NaN,NaN,NaN,NaN,NaN,NaN,NaN,NaN,NaN,NaN,NaN,NaN,NaN,NaN,NaN,NaN,NaN,NaN,NaN,NaN,NaN,
62.896,-0.01953,0.00600,0.12990,0.55803,0.27915,-0.10945,-0.77376,NaN,NaN,NaN,NaN,NaN,NaN,NaN,NaN,NaN,NaN,NaN,NaN,NaN,NaN,NaN,NaN,NaN,NaN,NaN,NaN,NaN,
62.921,-0.01950,0.00589,0.12993,0.55687,0.27976,-0.10800,-0.77458,NaN,NaN,NaN,NaN,NaN,NaN,NaN,NaN,NaN,NaN,NaN,NaN,NaN,NaN,NaN,NaN,NaN,NaN,NaN,NaN,NaN,
62.946,-0.01955,0.00584,0.13001,0.55559,0.28071,-0.10684,-0.77531,NaN,NaN,NaN,NaN,NaN,NaN,NaN,NaN,NaN,NaN,NaN,NaN,NaN,NaN,NaN,NaN,NaN,NaN,NaN,NaN,NaN,
62.971,-0.01971,0.00575,0.13013,0.55299,0.28255,-0.10437,-0.77684,NaN,NaN,NaN,NaN,NaN,NaN,NaN,NaN,NaN,NaN,NaN,NaN,NaN,NaN,NaN,NaN,NaN,NaN,NaN,NaN,NaN,
62.996,-0.01972,0.00553,0.13015,0.54976,0.28431,-0.10054,-0.77899,NaN,NaN,NaN,NaN,NaN,NaN,NaN,NaN,NaN,NaN,NaN,NaN,NaN,NaN,NaN,NaN,NaN,NaN,NaN,NaN,NaN,
63.021,-0.01976,0.00542,0.13024,0.54769,0.28548,-0.09816,-0.78032,NaN,NaN,NaN,NaN,NaN,NaN,NaN,NaN,NaN,NaN,NaN,NaN,NaN,NaN,NaN,NaN,NaN,NaN,NaN,NaN,NaN,
63.046,-0.01985,0.00525,0.13048,0.54552,0.28601,-0.09463,-0.78208,NaN,NaN,NaN,NaN,NaN,NaN,NaN,NaN,NaN,NaN,NaN,NaN,NaN,NaN,NaN,NaN,NaN,NaN,NaN,NaN,NaN,
63.071,-0.01991,0.00515,0.13041,0.54371,0.28775,-0.09367,-0.78282,NaN,NaN,NaN,NaN,NaN,NaN,NaN,NaN,NaN,NaN,NaN,NaN,NaN,NaN,NaN,NaN,NaN,NaN,NaN,NaN,NaN,
63.096,-0.02008,0.00505,0.13054,0.54167,0.28928,-0.09194,-0.78388,NaN,NaN,NaN,NaN,NaN,NaN,NaN,NaN,NaN,NaN,NaN,NaN,NaN,NaN,NaN,NaN,NaN,NaN,NaN,NaN,NaN,
63.121,-0.02004,0.00489,0.13055,0.54015,0.29012,-0.09022,-0.78481,NaN,NaN,NaN,NaN,NaN,NaN,NaN,NaN,NaN,NaN,NaN,NaN,NaN,NaN,NaN,NaN,NaN,NaN,NaN,NaN,NaN,
63.146,-0.02011,0.00488,0.13047,0.53860,0.29111,-0.08869,-0.78568,NaN,NaN,NaN,NaN,NaN,NaN,NaN,NaN,NaN,NaN,NaN,NaN,NaN,NaN,NaN,NaN,NaN,NaN,NaN,NaN,NaN,
63.171,-0.02014,0.00473,0.13056,0.53641,0.29186,-0.08553,-0.78725,NaN,NaN,NaN,NaN,NaN,NaN,NaN,NaN,NaN,NaN,NaN,NaN,NaN,NaN,NaN,NaN,NaN,NaN,NaN,NaN,NaN,
63.196,-0.02013,0.00457,0.13041,0.53452,0.29285,-0.08337,-0.78840,NaN,NaN,NaN,NaN,NaN,NaN,NaN,NaN,NaN,NaN,NaN,NaN,NaN,NaN,NaN,NaN,NaN,NaN,NaN,NaN,NaN,
63.221,-0.02013,0.00448,0.13046,0.53304,0.29328,-0.08114,-0.78948,NaN,NaN,NaN,NaN,NaN,NaN,NaN,NaN,NaN,NaN,NaN,NaN,NaN,NaN,NaN,NaN,NaN,NaN,NaN,NaN,NaN,
63.246,-0.02021,0.00441,0.13047,0.53153,0.29405,-0.07939,-0.79039,NaN,NaN,NaN,NaN,NaN,NaN,NaN,NaN,NaN,NaN,NaN,NaN,NaN,NaN,NaN,NaN,NaN,NaN,NaN,NaN,NaN,
63.271,-0.02014,0.00432,0.13034,0.53116,0.29408,-0.07872,-0.79069,NaN,NaN,NaN,NaN,NaN,NaN,NaN,NaN,NaN,NaN,NaN,NaN,NaN,NaN,NaN,NaN,NaN,NaN,NaN,NaN,NaN,
63.296,-0.02016,0.00434,0.13031,0.53101,0.29400,-0.07831,-0.79086,NaN,NaN,NaN,NaN,NaN,NaN,NaN,NaN,NaN,NaN,NaN,NaN,NaN,NaN,NaN,NaN,NaN,NaN,NaN,NaN,NaN,
63.321,-0.02010,0.00427,0.13021,0.53063,0.29390,-0.07744,-0.79124,NaN,NaN,NaN,NaN,NaN,NaN,NaN,NaN,NaN,NaN,NaN,NaN,NaN,NaN,NaN,NaN,NaN,NaN,NaN,NaN,NaN,
63.346,-0.02010,0.00424,0.13008,0.52996,0.29426,-0.07670,-0.79163,NaN,NaN,NaN,NaN,NaN,NaN,NaN,NaN,NaN,NaN,NaN,NaN,NaN,NaN,NaN,NaN,NaN,NaN,NaN,NaN,NaN,
63.371,-0.02013,0.00422,0.12997,0.52921,0.29472,-0.07597,-0.79202,NaN,NaN,NaN,NaN,NaN,NaN,NaN,NaN,NaN,NaN,NaN,NaN,NaN,NaN,NaN,NaN,NaN,NaN,NaN,NaN,NaN,
63.396,-0.02003,0.00406,0.12982,0.52844,0.29482,-0.07466,-0.79262,NaN,NaN,NaN,NaN,NaN,NaN,NaN,NaN,NaN,NaN,NaN,NaN,NaN,NaN,NaN,NaN,NaN,NaN,NaN,NaN,NaN,
63.421,-0.02006,0.00409,0.12972,0.52829,0.29492,-0.07450,-0.79271,NaN,NaN,NaN,NaN,NaN,NaN,NaN,NaN,NaN,NaN,NaN,NaN,NaN,NaN,NaN,NaN,NaN,NaN,NaN,NaN,NaN,
63.446,-0.02004,0.00402,0.12974,0.52797,0.29454,-0.07335,-0.79316,NaN,NaN,NaN,NaN,NaN,NaN,NaN,NaN,NaN,NaN,NaN,NaN,NaN,NaN,NaN,NaN,NaN,NaN,NaN,NaN,NaN,
63.471,-0.02006,0.00400,0.12952,0.52748,0.29517,-0.07335,-0.79326,NaN,NaN,NaN,NaN,NaN,NaN,NaN,NaN,NaN,NaN,NaN,NaN,NaN,NaN,NaN,NaN,NaN,NaN,NaN,NaN,NaN,
63.496,-0.02000,0.00391,0.12961,0.52713,0.29457,-0.07181,-0.79385,NaN,NaN,NaN,NaN,NaN,NaN,NaN,NaN,NaN,NaN,NaN,NaN,NaN,NaN,NaN,NaN,NaN,NaN,NaN,NaN,NaN,
63.521,-0.02003,0.00390,0.12951,0.52633,0.29501,-0.07094,-0.79430,NaN,NaN,NaN,NaN,NaN,NaN,NaN,NaN,NaN,NaN,NaN,NaN,NaN,NaN,NaN,NaN,NaN,NaN,NaN,NaN,NaN,
63.546,-0.01993,0.00382,0.12942,0.52566,0.29500,-0.06966,-0.79486,NaN,NaN,NaN,NaN,NaN,NaN,NaN,NaN,NaN,NaN,NaN,NaN,NaN,NaN,NaN,NaN,NaN,NaN,NaN,NaN,NaN,
63.571,-0.02000,0.00379,0.12941,0.52410,0.29574,-0.06782,-0.79577,NaN,NaN,NaN,NaN,NaN,NaN,NaN,NaN,NaN,NaN,NaN,NaN,NaN,NaN,NaN,NaN,NaN,NaN,NaN,NaN,NaN,
63.596,-0.01991,0.00364,0.12947,0.52292,0.29555,-0.06535,-0.79683,NaN,NaN,NaN,NaN,NaN,NaN,NaN,NaN,NaN,NaN,NaN,NaN,NaN,NaN,NaN,NaN,NaN,NaN,NaN,NaN,NaN,
63.621,-0.01995,0.00358,0.12935,0.52146,0.29621,-0.06359,-0.79768,NaN,NaN,NaN,NaN,NaN,NaN,NaN,NaN,NaN,NaN,NaN,NaN,NaN,NaN,NaN,NaN,NaN,NaN,NaN,NaN,NaN,
63.646,-0.01988,0.00348,0.12949,0.52025,0.29605,-0.06112,-0.79872,NaN,NaN,NaN,NaN,NaN,NaN,NaN,NaN,NaN,NaN,NaN,NaN,NaN,NaN,NaN,NaN,NaN,NaN,NaN,NaN,NaN,
63.671,-0.01991,0.00334,0.12954,0.51847,0.29658,-0.05860,-0.79987,NaN,NaN,NaN,NaN,NaN,NaN,NaN,NaN,NaN,NaN,NaN,NaN,NaN,NaN,NaN,NaN,NaN,NaN,NaN,NaN,NaN,
63.696,-0.01994,0.00329,0.12962,0.51721,0.29704,-0.05696,-0.80064,NaN,NaN,NaN,NaN,NaN,NaN,NaN,NaN,NaN,NaN,NaN,NaN,NaN,NaN,NaN,NaN,NaN,NaN,NaN,NaN,NaN,
63.721,-0.02005,0.00326,0.12971,0.51517,0.29808,-0.05475,-0.80171,NaN,NaN,NaN,NaN,NaN,NaN,NaN,NaN,NaN,NaN,NaN,NaN,NaN,NaN,NaN,NaN,NaN,NaN,NaN,NaN,NaN,
63.746,-0.02002,0.00311,0.12976,0.51318,0.29893,-0.05235,-0.80284,NaN,NaN,NaN,NaN,NaN,NaN,NaN,NaN,NaN,NaN,NaN,NaN,NaN,NaN,NaN,NaN,NaN,NaN,NaN,NaN,NaN,
63.771,-0.01998,0.00298,0.12991,0.51095,0.29897,-0.04838,-0.80449,NaN,NaN,NaN,NaN,NaN,NaN,NaN,NaN,NaN,NaN,NaN,NaN,NaN,NaN,NaN,NaN,NaN,NaN,NaN,NaN,NaN,
63.796,-0.02000,0.00290,0.12998,0.50865,0.29976,-0.04538,-0.80583,NaN,NaN,NaN,NaN,NaN,NaN,NaN,NaN,NaN,NaN,NaN,NaN,NaN,NaN,NaN,NaN,NaN,NaN,NaN,NaN,NaN,
63.821,-0.01997,0.00276,0.13008,0.50711,0.29985,-0.04278,-0.80691,NaN,NaN,NaN,NaN,NaN,NaN,NaN,NaN,NaN,NaN,NaN,NaN,NaN,NaN,NaN,NaN,NaN,NaN,NaN,NaN,NaN,
63.846,-0.02002,0.00271,0.13016,0.50569,0.30053,-0.04121,-0.80763,NaN,NaN,NaN,NaN,NaN,NaN,NaN,NaN,NaN,NaN,NaN,NaN,NaN,NaN,NaN,NaN,NaN,NaN,NaN,NaN,NaN,
63.871,-0.02020,0.00262,0.13028,0.50364,0.30191,-0.03954,-0.80848,NaN,NaN,NaN,NaN,NaN,NaN,NaN,NaN,NaN,NaN,NaN,NaN,NaN,NaN,NaN,NaN,NaN,NaN,NaN,NaN,NaN,
63.896,-0.02012,0.00247,0.13038,0.50257,0.30192,-0.03768,-0.80922,NaN,NaN,NaN,NaN,NaN,NaN,NaN,NaN,NaN,NaN,NaN,NaN,NaN,NaN,NaN,NaN,NaN,NaN,NaN,NaN,NaN,
63.921,-0.02020,0.00238,0.13059,0.50068,0.30241,-0.03504,-0.81033,NaN,NaN,NaN,NaN,NaN,NaN,NaN,NaN,NaN,NaN,NaN,NaN,NaN,NaN,NaN,NaN,NaN,NaN,NaN,NaN,NaN,
63.946,-0.02023,0.00238,0.13058,0.50005,0.30341,-0.03534,-0.81034,NaN,NaN,NaN,NaN,NaN,NaN,NaN,NaN,NaN,NaN,NaN,NaN,NaN,NaN,NaN,NaN,NaN,NaN,NaN,NaN,NaN,
63.971,-0.02037,0.00235,0.13062,-0.49836,-0.30477,0.03431,0.81091,NaN,NaN,NaN,NaN,NaN,NaN,NaN,NaN,NaN,NaN,NaN,NaN,NaN,NaN,NaN,NaN,NaN,NaN,NaN,NaN,NaN,
63.996,-0.02045,0.00229,0.13054,-0.49642,-0.30621,0.03295,0.81162,NaN,NaN,NaN,NaN,NaN,NaN,NaN,NaN,NaN,NaN,NaN,NaN,NaN,NaN,NaN,NaN,NaN,NaN,NaN,NaN,NaN,
64.021,-0.02037,0.00211,0.13063,-0.49565,-0.30577,0.03100,0.81233,NaN,NaN,NaN,NaN,NaN,NaN,NaN,NaN,NaN,NaN,NaN,NaN,NaN,NaN,NaN,NaN,NaN,NaN,NaN,NaN,NaN,
64.046,-0.02042,0.00216,0.13058,-0.49473,-0.30620,0.03001,0.81276,NaN,NaN,NaN,NaN,NaN,NaN,NaN,NaN,NaN,NaN,NaN,NaN,NaN,NaN,NaN,NaN,NaN,NaN,NaN,NaN,NaN,
64.071,-0.02039,0.00204,0.13055,-0.49366,-0.30613,0.02807,0.81351,NaN,NaN,NaN,NaN,NaN,NaN,NaN,NaN,NaN,NaN,NaN,NaN,NaN,NaN,NaN,NaN,NaN,NaN,NaN,NaN,NaN,
64.096,-0.02038,0.00193,0.13057,-0.49224,-0.30592,0.02532,0.81454,NaN,NaN,NaN,NaN,NaN,NaN,NaN,NaN,NaN,NaN,NaN,NaN,NaN,NaN,NaN,NaN,NaN,NaN,NaN,NaN,NaN,
64.121,-0.02038,0.00188,0.13058,-0.49116,-0.30600,0.02361,0.81521,NaN,NaN,NaN,NaN,NaN,NaN,NaN,NaN,NaN,NaN,NaN,NaN,NaN,NaN,NaN,NaN,NaN,NaN,NaN,NaN,NaN,
64.146,-0.02031,0.00174,0.13059,-0.49035,-0.30559,0.02165,0.81590,NaN,NaN,NaN,NaN,NaN,NaN,NaN,NaN,NaN,NaN,NaN,NaN,NaN,NaN,NaN,NaN,NaN,NaN,NaN,NaN,NaN,
64.171,-0.02028,0.00173,0.13039,-0.48965,-0.30601,0.02104,0.81618,NaN,NaN,NaN,NaN,NaN,NaN,NaN,NaN,NaN,NaN,NaN,NaN,NaN,NaN,NaN,NaN,NaN,NaN,NaN,NaN,NaN,
64.196,-0.02023,0.00167,0.13042,-0.48888,-0.30573,0.01934,0.81680,NaN,NaN,NaN,NaN,NaN,NaN,NaN,NaN,NaN,NaN,NaN,NaN,NaN,NaN,NaN,NaN,NaN,NaN,NaN,NaN,NaN,
64.221,-0.02025,0.00149,0.13017,-0.48668,-0.30627,0.01636,0.81797,NaN,NaN,NaN,NaN,NaN,NaN,NaN,NaN,NaN,NaN,NaN,NaN,NaN,NaN,NaN,NaN,NaN,NaN,NaN,NaN,NaN,
64.246,-0.02018,0.00131,0.13002,-0.48528,-0.30592,0.01355,0.81898,NaN,NaN,NaN,NaN,NaN,NaN,NaN,NaN,NaN,NaN,NaN,NaN,NaN,NaN,NaN,NaN,NaN,NaN,NaN,NaN,NaN,
64.271,-0.02010,0.00120,0.12998,-0.48431,-0.30592,0.01192,0.81958,NaN,NaN,NaN,NaN,NaN,NaN,NaN,NaN,NaN,NaN,NaN,NaN,NaN,NaN,NaN,NaN,NaN,NaN,NaN,NaN,NaN,
64.296,-0.02009,0.00103,0.12985,-0.48296,-0.30588,0.00960,0.82043,NaN,NaN,NaN,NaN,NaN,NaN,NaN,NaN,NaN,NaN,NaN,NaN,NaN,NaN,NaN,NaN,NaN,NaN,NaN,NaN,NaN,
64.321,-0.02002,0.00083,0.12995,-0.48160,-0.30494,0.00607,0.82161,NaN,NaN,NaN,NaN,NaN,NaN,NaN,NaN,NaN,NaN,NaN,NaN,NaN,NaN,NaN,NaN,NaN,NaN,NaN,NaN,NaN,
64.346,-0.02008,0.00076,0.12991,-0.48010,-0.30557,0.00445,0.82226,NaN,NaN,NaN,NaN,NaN,NaN,NaN,NaN,NaN,NaN,NaN,NaN,NaN,NaN,NaN,NaN,NaN,NaN,NaN,NaN,NaN,
64.371,-0.02011,0.00067,0.12971,-0.47883,-0.30738,0.00481,0.82232,NaN,NaN,NaN,NaN,NaN,NaN,NaN,NaN,NaN,NaN,NaN,NaN,NaN,NaN,NaN,NaN,NaN,NaN,NaN,NaN,NaN,
64.396,-0.02025,0.00066,0.12953,-0.47783,-0.30843,0.00456,0.82252,NaN,NaN,NaN,NaN,NaN,NaN,NaN,NaN,NaN,NaN,NaN,NaN,NaN,NaN,NaN,NaN,NaN,NaN,NaN,NaN,NaN,
64.421,-0.02016,0.00062,0.12962,-0.47810,-0.30785,0.00424,0.82257,NaN,NaN,NaN,NaN,NaN,NaN,NaN,NaN,NaN,NaN,NaN,NaN,NaN,NaN,NaN,NaN,NaN,NaN,NaN,NaN,NaN,
64.446,-0.02022,0.00059,0.12946,-0.47731,-0.30860,0.00394,0.82276,NaN,NaN,NaN,NaN,NaN,NaN,NaN,NaN,NaN,NaN,NaN,NaN,NaN,NaN,NaN,NaN,NaN,NaN,NaN,NaN,NaN,
64.471,-0.02030,0.00056,0.12938,-0.47601,-0.30964,0.00320,0.82312,NaN,NaN,NaN,NaN,NaN,NaN,NaN,NaN,NaN,NaN,NaN,NaN,NaN,NaN,NaN,NaN,NaN,NaN,NaN,NaN,NaN,
64.496,-0.02030,0.00046,0.12957,-0.47542,-0.30898,0.00135,0.82372,NaN,NaN,NaN,NaN,NaN,NaN,NaN,NaN,NaN,NaN,NaN,NaN,NaN,NaN,NaN,NaN,NaN,NaN,NaN,NaN,NaN,
64.521,-0.02036,0.00044,0.12947,-0.47451,-0.31013,0.00141,0.82381,NaN,NaN,NaN,NaN,NaN,NaN,NaN,NaN,NaN,NaN,NaN,NaN,NaN,NaN,NaN,NaN,NaN,NaN,NaN,NaN,NaN,
64.546,-0.02045,0.00044,0.12963,-0.47390,-0.31048,0.00089,0.82403,NaN,NaN,NaN,NaN,NaN,NaN,NaN,NaN,NaN,NaN,NaN,NaN,NaN,NaN,NaN,NaN,NaN,NaN,NaN,NaN,NaN,
64.571,-0.02035,0.00034,0.12969,-0.47328,-0.31009,-0.00065,0.82453,NaN,NaN,NaN,NaN,NaN,NaN,NaN,NaN,NaN,NaN,NaN,NaN,NaN,NaN,NaN,NaN,NaN,NaN,NaN,NaN,NaN,
64.596,-0.02033,0.00028,0.12978,-0.47209,-0.31017,-0.00248,0.82518,NaN,NaN,NaN,NaN,NaN,NaN,NaN,NaN,NaN,NaN,NaN,NaN,NaN,NaN,NaN,NaN,NaN,NaN,NaN,NaN,NaN,
64.621,-0.02041,0.00022,0.12980,-0.47080,-0.31086,-0.00365,0.82565,NaN,NaN,NaN,NaN,NaN,NaN,NaN,NaN,NaN,NaN,NaN,NaN,NaN,NaN,NaN,NaN,NaN,NaN,NaN,NaN,NaN,
64.646,-0.02033,0.00011,0.12984,-0.46997,-0.31125,-0.00446,0.82597,NaN,NaN,NaN,NaN,NaN,NaN,NaN,NaN,NaN,NaN,NaN,NaN,NaN,NaN,NaN,NaN,NaN,NaN,NaN,NaN,NaN,
64.671,-0.02043,0.00008,0.12999,-0.46855,-0.31088,-0.00725,0.82690,NaN,NaN,NaN,NaN,NaN,NaN,NaN,NaN,NaN,NaN,NaN,NaN,NaN,NaN,NaN,NaN,NaN,NaN,NaN,NaN,NaN,
64.696,-0.02036,-0.00001,0.13000,-0.46725,-0.31147,-0.00855,0.82740,NaN,NaN,NaN,NaN,NaN,NaN,NaN,NaN,NaN,NaN,NaN,NaN,NaN,NaN,NaN,NaN,NaN,NaN,NaN,NaN,NaN,
64.721,-0.02043,-0.00005,0.13017,-0.46611,-0.31182,-0.00991,0.82789,NaN,NaN,NaN,NaN,NaN,NaN,NaN,NaN,NaN,NaN,NaN,NaN,NaN,NaN,NaN,NaN,NaN,NaN,NaN,NaN,NaN,
64.746,-0.02049,-0.00019,0.13023,-0.46466,-0.31237,-0.01150,0.82848,NaN,NaN,NaN,NaN,NaN,NaN,NaN,NaN,NaN,NaN,NaN,NaN,NaN,NaN,NaN,NaN,NaN,NaN,NaN,NaN,NaN,
64.771,-0.02040,-0.00025,0.13045,-0.46472,-0.31154,-0.01251,0.82875,NaN,NaN,NaN,NaN,NaN,NaN,NaN,NaN,NaN,NaN,NaN,NaN,NaN,NaN,NaN,NaN,NaN,NaN,NaN,NaN,NaN,
64.796,-0.02053,-0.00025,0.13040,-0.46328,-0.31295,-0.01294,0.82902,NaN,NaN,NaN,NaN,NaN,NaN,NaN,NaN,NaN,NaN,NaN,NaN,NaN,NaN,NaN,NaN,NaN,NaN,NaN,NaN,NaN,
64.821,-0.02049,-0.00031,0.13055,-0.46266,-0.31226,-0.01482,0.82959,NaN,NaN,NaN,NaN,NaN,NaN,NaN,NaN,NaN,NaN,NaN,NaN,NaN,NaN,NaN,NaN,NaN,NaN,NaN,NaN,NaN,
64.846,-0.02053,-0.00041,0.13045,-0.46049,-0.31280,-0.01756,0.83054,NaN,NaN,NaN,NaN,NaN,NaN,NaN,NaN,NaN,NaN,NaN,NaN,NaN,NaN,NaN,NaN,NaN,NaN,NaN,NaN,NaN,
64.871,-0.02042,-0.00047,0.13051,-0.45972,-0.31209,-0.01970,0.83119,NaN,NaN,NaN,NaN,NaN,NaN,NaN,NaN,NaN,NaN,NaN,NaN,NaN,NaN,NaN,NaN,NaN,NaN,NaN,NaN,NaN,
64.896,-0.02039,-0.00059,0.13047,-0.45877,-0.31173,-0.02167,0.83180,NaN,NaN,NaN,NaN,NaN,NaN,NaN,NaN,NaN,NaN,NaN,NaN,NaN,NaN,NaN,NaN,NaN,NaN,NaN,NaN,NaN,
64.921,-0.02028,-0.00066,0.13049,-0.45829,-0.31080,-0.02364,0.83236,NaN,NaN,NaN,NaN,NaN,NaN,NaN,NaN,NaN,NaN,NaN,NaN,NaN,NaN,NaN,NaN,NaN,NaN,NaN,NaN,NaN,
64.946,-0.02027,-0.00076,0.13055,-0.45735,-0.31017,-0.02593,0.83304,NaN,NaN,NaN,NaN,NaN,NaN,NaN,NaN,NaN,NaN,NaN,NaN,NaN,NaN,NaN,NaN,NaN,NaN,NaN,NaN,NaN,
64.971,-0.02032,-0.00081,0.13044,-0.45600,-0.31069,-0.02736,0.83354,NaN,NaN,NaN,NaN,NaN,NaN,NaN,NaN,NaN,NaN,NaN,NaN,NaN,NaN,NaN,NaN,NaN,NaN,NaN,NaN,NaN,
64.996,-0.02015,-0.00092,0.13055,-0.45610,-0.30986,-0.02827,0.83376,NaN,NaN,NaN,NaN,NaN,NaN,NaN,NaN,NaN,NaN,NaN,NaN,NaN,NaN,NaN,NaN,NaN,NaN,NaN,NaN,NaN,
65.021,-0.02015,-0.00089,0.13028,-0.45608,-0.31023,-0.02784,0.83365,NaN,NaN,NaN,NaN,NaN,NaN,NaN,NaN,NaN,NaN,NaN,NaN,NaN,NaN,NaN,NaN,NaN,NaN,NaN,NaN,NaN,
65.046,-0.02012,-0.00097,0.13028,-0.45558,-0.30993,-0.02899,0.83399,NaN,NaN,NaN,NaN,NaN,NaN,NaN,NaN,NaN,NaN,NaN,NaN,NaN,NaN,NaN,NaN,NaN,NaN,NaN,NaN,NaN,
65.071,-0.02014,-0.00101,0.13012,-0.45489,-0.31019,-0.02973,0.83425,NaN,NaN,NaN,NaN,NaN,NaN,NaN,NaN,NaN,NaN,NaN,NaN,NaN,NaN,NaN,NaN,NaN,NaN,NaN,NaN,NaN,
65.096,-0.02005,-0.00106,0.12995,-0.45469,-0.30992,-0.03039,0.83444,NaN,NaN,NaN,NaN,NaN,NaN,NaN,NaN,NaN,NaN,NaN,NaN,NaN,NaN,NaN,NaN,NaN,NaN,NaN,NaN,NaN,
65.121,-0.02002,-0.00110,0.13000,-0.45471,-0.30921,-0.03127,0.83465,NaN,NaN,NaN,NaN,NaN,NaN,NaN,NaN,NaN,NaN,NaN,NaN,NaN,NaN,NaN,NaN,NaN,NaN,NaN,NaN,NaN,
65.146,-0.02008,-0.00107,0.12968,-0.45450,-0.30994,-0.03065,0.83452,NaN,NaN,NaN,NaN,NaN,NaN,NaN,NaN,NaN,NaN,NaN,NaN,NaN,NaN,NaN,NaN,NaN,NaN,NaN,NaN,NaN,
65.171,-0.01999,-0.00119,0.12965,-0.45404,-0.30917,-0.03236,0.83499,NaN,NaN,NaN,NaN,NaN,NaN,NaN,NaN,NaN,NaN,NaN,NaN,NaN,NaN,NaN,NaN,NaN,NaN,NaN,NaN,NaN,
65.196,-0.01987,-0.00129,0.12968,-0.45259,-0.30830,-0.03572,0.83597,NaN,NaN,NaN,NaN,NaN,NaN,NaN,NaN,NaN,NaN,NaN,NaN,NaN,NaN,NaN,NaN,NaN,NaN,NaN,NaN,NaN,
65.221,-0.01978,-0.00154,0.12960,-0.45034,-0.30822,-0.03927,0.83705,NaN,NaN,NaN,NaN,NaN,NaN,NaN,NaN,NaN,NaN,NaN,NaN,NaN,NaN,NaN,NaN,NaN,NaN,NaN,NaN,NaN,
65.246,-0.01980,-0.00165,0.12954,-0.44798,-0.30883,-0.04207,0.83795,NaN,NaN,NaN,NaN,NaN,NaN,NaN,NaN,NaN,NaN,NaN,NaN,NaN,NaN,NaN,NaN,NaN,NaN,NaN,NaN,NaN,
65.271,-0.01961,-0.00187,0.12972,-0.44716,-0.30675,-0.04596,0.83895,NaN,NaN,NaN,NaN,NaN,NaN,NaN,NaN,NaN,NaN,NaN,NaN,NaN,NaN,NaN,NaN,NaN,NaN,NaN,NaN,NaN,
65.296,-0.01968,-0.00200,0.12955,-0.44444,-0.30730,-0.04936,0.84000,NaN,NaN,NaN,NaN,NaN,NaN,NaN,NaN,NaN,NaN,NaN,NaN,NaN,NaN,NaN,NaN,NaN,NaN,NaN,NaN,NaN,
65.321,-0.01968,-0.00219,0.12975,-0.44277,-0.30639,-0.05300,0.84099,NaN,NaN,NaN,NaN,NaN,NaN,NaN,NaN,NaN,NaN,NaN,NaN,NaN,NaN,NaN,NaN,NaN,NaN,NaN,NaN,NaN,
65.346,-0.01964,-0.00241,0.12985,-0.44094,-0.30615,-0.05603,0.84185,NaN,NaN,NaN,NaN,NaN,NaN,NaN,NaN,NaN,NaN,NaN,NaN,NaN,NaN,NaN,NaN,NaN,NaN,NaN,NaN,NaN,
65.371,-0.01956,-0.00255,0.12990,-0.44034,-0.30642,-0.05659,0.84203,NaN,NaN,NaN,NaN,NaN,NaN,NaN,NaN,NaN,NaN,NaN,NaN,NaN,NaN,NaN,NaN,NaN,NaN,NaN,NaN,NaN,
65.396,-0.01982,-0.00259,0.12994,-0.43851,-0.30772,-0.05766,0.84243,NaN,NaN,NaN,NaN,NaN,NaN,NaN,NaN,NaN,NaN,NaN,NaN,NaN,NaN,NaN,NaN,NaN,NaN,NaN,NaN,NaN,
65.421,-0.01976,-0.00272,0.12984,-0.43755,-0.30805,-0.05867,0.84274,NaN,NaN,NaN,NaN,NaN,NaN,NaN,NaN,NaN,NaN,NaN,NaN,NaN,NaN,NaN,NaN,NaN,NaN,NaN,NaN,NaN,
65.446,-0.01977,-0.00270,0.12992,-0.43752,-0.30778,-0.05906,0.84283,NaN,NaN,NaN,NaN,NaN,NaN,NaN,NaN,NaN,NaN,NaN,NaN,NaN,NaN,NaN,NaN,NaN,NaN,NaN,NaN,NaN,
65.471,-0.01973,-0.00272,0.12992,-0.43742,-0.30779,-0.05919,0.84287,NaN,NaN,NaN,NaN,NaN,NaN,NaN,NaN,NaN,NaN,NaN,NaN,NaN,NaN,NaN,NaN,NaN,NaN,NaN,NaN,NaN,
65.496,-0.01970,-0.00274,0.12980,-0.43715,-0.30805,-0.05926,0.84291,NaN,NaN,NaN,NaN,NaN,NaN,NaN,NaN,NaN,NaN,NaN,NaN,NaN,NaN,NaN,NaN,NaN,NaN,NaN,NaN,NaN,
65.521,-0.01975,-0.00285,0.12983,-0.43534,-0.30825,-0.06167,0.84360,NaN,NaN,NaN,NaN,NaN,NaN,NaN,NaN,NaN,NaN,NaN,NaN,NaN,NaN,NaN,NaN,NaN,NaN,NaN,NaN,NaN,
65.546,-0.01965,-0.00307,0.12991,-0.43483,-0.30613,-0.06506,0.84438,NaN,NaN,NaN,NaN,NaN,NaN,NaN,NaN,NaN,NaN,NaN,NaN,NaN,NaN,NaN,NaN,NaN,NaN,NaN,NaN,NaN,
65.571,-0.01967,-0.00315,0.12987,-0.43344,-0.30674,-0.06634,0.84477,NaN,NaN,NaN,NaN,NaN,NaN,NaN,NaN,NaN,NaN,NaN,NaN,NaN,NaN,NaN,NaN,NaN,NaN,NaN,NaN,NaN,
65.596,-0.01968,-0.00312,0.12999,-0.43344,-0.30675,-0.06632,0.84477,NaN,NaN,NaN,NaN,NaN,NaN,NaN,NaN,NaN,NaN,NaN,NaN,NaN,NaN,NaN,NaN,NaN,NaN,NaN,NaN,NaN,
65.621,-0.01970,-0.00319,0.12998,-0.43260,-0.30678,-0.06750,0.84509,NaN,NaN,NaN,NaN,NaN,NaN,NaN,NaN,NaN,NaN,NaN,NaN,NaN,NaN,NaN,NaN,NaN,NaN,NaN,NaN,NaN,
65.646,-0.01965,-0.00333,0.13006,-0.43152,-0.30618,-0.06982,0.84568,NaN,NaN,NaN,NaN,NaN,NaN,NaN,NaN,NaN,NaN,NaN,NaN,NaN,NaN,NaN,NaN,NaN,NaN,NaN,NaN,NaN,
65.671,-0.01964,-0.00345,0.13011,-0.43005,-0.30581,-0.07240,0.84634,NaN,NaN,NaN,NaN,NaN,NaN,NaN,NaN,NaN,NaN,NaN,NaN,NaN,NaN,NaN,NaN,NaN,NaN,NaN,NaN,NaN,
65.696,-0.01954,-0.00356,0.13004,-0.42967,-0.30560,-0.07320,0.84654,NaN,NaN,NaN,NaN,NaN,NaN,NaN,NaN,NaN,NaN,NaN,NaN,NaN,NaN,NaN,NaN,NaN,NaN,NaN,NaN,NaN,
65.721,-0.01974,-0.00357,0.12997,-0.42804,-0.30726,-0.07351,0.84674,NaN,NaN,NaN,NaN,NaN,NaN,NaN,NaN,NaN,NaN,NaN,NaN,NaN,NaN,NaN,NaN,NaN,NaN,NaN,NaN,NaN,
65.746,-0.01979,-0.00364,0.13003,-0.42770,-0.30700,-0.07434,0.84694,NaN,NaN,NaN,NaN,NaN,NaN,NaN,NaN,NaN,NaN,NaN,NaN,NaN,NaN,NaN,NaN,NaN,NaN,NaN,NaN,NaN,
65.771,-0.01970,-0.00376,0.13003,-0.42760,-0.30660,-0.07497,0.84707,NaN,NaN,NaN,NaN,NaN,NaN,NaN,NaN,NaN,NaN,NaN,NaN,NaN,NaN,NaN,NaN,NaN,NaN,NaN,NaN,NaN,
65.796,-0.01975,-0.00374,0.13007,-0.42703,-0.30651,-0.07589,0.84731,NaN,NaN,NaN,NaN,NaN,NaN,NaN,NaN,NaN,NaN,NaN,NaN,NaN,NaN,NaN,NaN,NaN,NaN,NaN,NaN,NaN,
65.821,-0.01966,-0.00384,0.13015,-0.42677,-0.30576,-0.07718,0.84760,NaN,NaN,NaN,NaN,NaN,NaN,NaN,NaN,NaN,NaN,NaN,NaN,NaN,NaN,NaN,NaN,NaN,NaN,NaN,NaN,NaN,
65.846,-0.01970,-0.00384,0.13008,-0.42643,-0.30592,-0.07747,0.84768,NaN,NaN,NaN,NaN,NaN,NaN,NaN,NaN,NaN,NaN,NaN,NaN,NaN,NaN,NaN,NaN,NaN,NaN,NaN,NaN,NaN,
65.871,-0.01968,-0.00381,0.13017,-0.42652,-0.30578,-0.07752,0.84768,NaN,NaN,NaN,NaN,NaN,NaN,NaN,NaN,NaN,NaN,NaN,NaN,NaN,NaN,NaN,NaN,NaN,NaN,NaN,NaN,NaN,
65.896,-0.01968,-0.00383,0.13015,-0.42638,-0.30582,-0.07767,0.84773,NaN,NaN,NaN,NaN,NaN,NaN,NaN,NaN,NaN,NaN,NaN,NaN,NaN,NaN,NaN,NaN,NaN,NaN,NaN,NaN,NaN,
65.921,-0.01965,-0.00387,0.13004,-0.42620,-0.30603,-0.07767,0.84774,NaN,NaN,NaN,NaN,NaN,NaN,NaN,NaN,NaN,NaN,NaN,NaN,NaN,NaN,NaN,NaN,NaN,NaN,NaN,NaN,NaN,
65.946,-0.01968,-0.00385,0.13008,-0.42627,-0.30588,-0.07775,0.84775,NaN,NaN,NaN,NaN,NaN,NaN,NaN,NaN,NaN,NaN,NaN,NaN,NaN,NaN,NaN,NaN,NaN,NaN,NaN,NaN,NaN,
65.971,-0.01969,-0.00386,0.13008,-0.42612,-0.30582,-0.07804,0.84782,NaN,NaN,NaN,NaN,NaN,NaN,NaN,NaN,NaN,NaN,NaN,NaN,NaN,NaN,NaN,NaN,NaN,NaN,NaN,NaN,NaN,
65.996,-0.01969,-0.00389,0.13005,-0.42610,-0.30571,-0.07821,0.84786,NaN,NaN,NaN,NaN,NaN,NaN,NaN,NaN,NaN,NaN,NaN,NaN,NaN,NaN,NaN,NaN,NaN,NaN,NaN,NaN,NaN,
66.021,-0.01967,-0.00384,0.13010,-0.42632,-0.30587,-0.07770,0.84774,NaN,NaN,NaN,NaN,NaN,NaN,NaN,NaN,NaN,NaN,NaN,NaN,NaN,NaN,NaN,NaN,NaN,NaN,NaN,NaN,NaN,
66.046,-0.01969,-0.00392,0.13008,-0.42557,-0.30558,-0.07913,0.84809,NaN,NaN,NaN,NaN,NaN,NaN,NaN,NaN,NaN,NaN,NaN,NaN,NaN,NaN,NaN,NaN,NaN,NaN,NaN,NaN,NaN,
66.071,-0.01979,-0.00410,0.13000,-0.42207,-0.30497,-0.08484,0.84950,NaN,NaN,NaN,NaN,NaN,NaN,NaN,NaN,NaN,NaN,NaN,NaN,NaN,NaN,NaN,NaN,NaN,NaN,NaN,NaN,NaN,
66.096,-0.01948,-0.00454,0.13015,-0.42019,-0.30212,-0.09093,0.85082,NaN,NaN,NaN,NaN,NaN,NaN,NaN,NaN,NaN,NaN,NaN,NaN,NaN,NaN,NaN,NaN,NaN,NaN,NaN,NaN,NaN,
66.121,-0.01940,-0.00476,0.12993,-0.41872,-0.30117,-0.09413,0.85153,NaN,NaN,NaN,NaN,NaN,NaN,NaN,NaN,NaN,NaN,NaN,NaN,NaN,NaN,NaN,NaN,NaN,NaN,NaN,NaN,NaN,
66.146,-0.01924,-0.00494,0.12999,-0.41782,-0.29961,-0.09725,0.85217,NaN,NaN,NaN,NaN,NaN,NaN,NaN,NaN,NaN,NaN,NaN,NaN,NaN,NaN,NaN,NaN,NaN,NaN,NaN,NaN,NaN,
66.171,-0.01925,-0.00505,0.12990,-0.41658,-0.29905,-0.09964,0.85270,NaN,NaN,NaN,NaN,NaN,NaN,NaN,NaN,NaN,NaN,NaN,NaN,NaN,NaN,NaN,NaN,NaN,NaN,NaN,NaN,NaN,
66.196,-0.01914,-0.00521,0.12989,-0.41624,-0.29784,-0.10154,0.85307,NaN,NaN,NaN,NaN,NaN,NaN,NaN,NaN,NaN,NaN,NaN,NaN,NaN,NaN,NaN,NaN,NaN,NaN,NaN,NaN,NaN,
66.221,-0.01922,-0.00524,0.12982,-0.41467,-0.29790,-0.10364,0.85356,NaN,NaN,NaN,NaN,NaN,NaN,NaN,NaN,NaN,NaN,NaN,NaN,NaN,NaN,NaN,NaN,NaN,NaN,NaN,NaN,NaN,
66.246,-0.01895,-0.00564,0.12988,-0.41269,-0.29491,-0.10989,0.85478,NaN,NaN,NaN,NaN,NaN,NaN,NaN,NaN,NaN,NaN,NaN,NaN,NaN,NaN,NaN,NaN,NaN,NaN,NaN,NaN,NaN,
66.271,-0.01883,-0.00574,0.12978,-0.41220,-0.29429,-0.11128,0.85505,NaN,NaN,NaN,NaN,NaN,NaN,NaN,NaN,NaN,NaN,NaN,NaN,NaN,NaN,NaN,NaN,NaN,NaN,NaN,NaN,NaN,
66.296,-0.01886,-0.00573,0.12973,-0.41192,-0.29437,-0.11156,0.85512,NaN,NaN,NaN,NaN,NaN,NaN,NaN,NaN,NaN,NaN,NaN,NaN,NaN,NaN,NaN,NaN,NaN,NaN,NaN,NaN,NaN,
66.321,-0.01886,-0.00577,0.12974,-0.41201,-0.29414,-0.11170,0.85513,NaN,NaN,NaN,NaN,NaN,NaN,NaN,NaN,NaN,NaN,NaN,NaN,NaN,NaN,NaN,NaN,NaN,NaN,NaN,NaN,NaN,
66.346,-0.01889,-0.00575,0.12969,-0.41177,-0.29437,-0.11176,0.85516,NaN,NaN,NaN,NaN,NaN,NaN,NaN,NaN,NaN,NaN,NaN,NaN,NaN,NaN,NaN,NaN,NaN,NaN,NaN,NaN,NaN,
66.371,-0.01890,-0.00580,0.12972,-0.41169,-0.29409,-0.11219,0.85524,NaN,NaN,NaN,NaN,NaN,NaN,NaN,NaN,NaN,NaN,NaN,NaN,NaN,NaN,NaN,NaN,NaN,NaN,NaN,NaN,NaN,
66.396,-0.01887,-0.00579,0.12969,-0.41175,-0.29415,-0.11205,0.85521,NaN,NaN,NaN,NaN,NaN,NaN,NaN,NaN,NaN,NaN,NaN,NaN,NaN,NaN,NaN,NaN,NaN,NaN,NaN,NaN,NaN,
66.421,-0.01887,-0.00581,0.12978,-0.41179,-0.29386,-0.11233,0.85525,NaN,NaN,NaN,NaN,NaN,NaN,NaN,NaN,NaN,NaN,NaN,NaN,NaN,NaN,NaN,NaN,NaN,NaN,NaN,NaN,NaN,
66.446,-0.01882,-0.00582,0.12977,-0.41192,-0.29371,-0.11233,0.85524,NaN,NaN,NaN,NaN,NaN,NaN,NaN,NaN,NaN,NaN,NaN,NaN,NaN,NaN,NaN,NaN,NaN,NaN,NaN,NaN,NaN,
66.471,-0.01885,-0.00577,0.12973,-0.41182,-0.29421,-0.11189,0.85518,NaN,NaN,NaN,NaN,NaN,NaN,NaN,NaN,NaN,NaN,NaN,NaN,NaN,NaN,NaN,NaN,NaN,NaN,NaN,NaN,NaN,
66.496,-0.01885,-0.00577,0.12973,-0.41182,-0.29421,-0.11189,0.85518,NaN,NaN,NaN,NaN,NaN,NaN,NaN,NaN,NaN,NaN,NaN,NaN,NaN,NaN,NaN,NaN,NaN,NaN,NaN,NaN,NaN,
66.521,-0.01875,-0.00617,0.12980,-0.40918,-0.29130,-0.11884,0.85650,NaN,NaN,NaN,NaN,NaN,NaN,NaN,NaN,NaN,NaN,NaN,NaN,NaN,NaN,NaN,NaN,NaN,NaN,NaN,NaN,NaN,
66.546,-0.01875,-0.00617,0.12980,-0.40918,-0.29130,-0.11884,0.85650,NaN,NaN,NaN,NaN,NaN,NaN,NaN,NaN,NaN,NaN,NaN,NaN,NaN,NaN,NaN,NaN,NaN,NaN,NaN,NaN,NaN,
66.571,-0.01932,-0.00633,0.12974,-0.40500,-0.29807,-0.11664,0.85646,NaN,NaN,NaN,NaN,NaN,NaN,NaN,NaN,NaN,NaN,NaN,NaN,NaN,NaN,NaN,NaN,NaN,NaN,NaN,NaN,NaN,
66.596,-0.01918,-0.00656,0.12979,-0.40460,-0.29685,-0.11861,0.85680,NaN,NaN,NaN,NaN,NaN,NaN,NaN,NaN,NaN,NaN,NaN,NaN,NaN,NaN,NaN,NaN,NaN,NaN,NaN,NaN,NaN,
66.621,-0.01918,-0.00656,0.12979,-0.40460,-0.29685,-0.11861,0.85680,NaN,NaN,NaN,NaN,NaN,NaN,NaN,NaN,NaN,NaN,NaN,NaN,NaN,NaN,NaN,NaN,NaN,NaN,NaN,NaN,NaN,
66.646,-0.01920,-0.00678,0.13004,-0.40247,-0.29735,-0.12090,0.85731,NaN,NaN,NaN,NaN,NaN,NaN,NaN,NaN,NaN,NaN,NaN,NaN,NaN,NaN,NaN,NaN,NaN,NaN,NaN,NaN,NaN,
66.671,-0.01947,-0.00685,0.12989,-0.40061,-0.29912,-0.12134,0.85751,NaN,NaN,NaN,NaN,NaN,NaN,NaN,NaN,NaN,NaN,NaN,NaN,NaN,NaN,NaN,NaN,NaN,NaN,NaN,NaN,NaN,
66.696,-0.01942,-0.00691,0.13001,-0.40027,-0.29802,-0.12307,0.85780,NaN,NaN,NaN,NaN,NaN,NaN,NaN,NaN,NaN,NaN,NaN,NaN,NaN,NaN,NaN,NaN,NaN,NaN,NaN,NaN,NaN,
66.721,-0.01932,-0.00703,0.13003,-0.39949,-0.29737,-0.12486,0.85813,NaN,NaN,NaN,NaN,NaN,NaN,NaN,NaN,NaN,NaN,NaN,NaN,NaN,NaN,NaN,NaN,NaN,NaN,NaN,NaN,NaN,
66.746,-0.01934,-0.00713,0.12992,-0.39868,-0.29741,-0.12590,0.85834,NaN,NaN,NaN,NaN,NaN,NaN,NaN,NaN,NaN,NaN,NaN,NaN,NaN,NaN,NaN,NaN,NaN,NaN,NaN,NaN,NaN,
66.771,-0.01929,-0.00719,0.13011,-0.39848,-0.29658,-0.12712,0.85854,NaN,NaN,NaN,NaN,NaN,NaN,NaN,NaN,NaN,NaN,NaN,NaN,NaN,NaN,NaN,NaN,NaN,NaN,NaN,NaN,NaN,
66.796,-0.01932,-0.00723,0.13002,-0.39797,-0.29679,-0.12756,0.85864,NaN,NaN,NaN,NaN,NaN,NaN,NaN,NaN,NaN,NaN,NaN,NaN,NaN,NaN,NaN,NaN,NaN,NaN,NaN,NaN,NaN,
66.821,-0.01932,-0.00730,0.13006,-0.39770,-0.29657,-0.12816,0.85875,NaN,NaN,NaN,NaN,NaN,NaN,NaN,NaN,NaN,NaN,NaN,NaN,NaN,NaN,NaN,NaN,NaN,NaN,NaN,NaN,NaN,
66.846,-0.01930,-0.00727,0.13011,-0.39800,-0.29635,-0.12802,0.85871,NaN,NaN,NaN,NaN,NaN,NaN,NaN,NaN,NaN,NaN,NaN,NaN,NaN,NaN,NaN,NaN,NaN,NaN,NaN,NaN,NaN,
66.871,-0.01929,-0.00728,0.13007,-0.39789,-0.29648,-0.12802,0.85872,NaN,NaN,NaN,NaN,NaN,NaN,NaN,NaN,NaN,NaN,NaN,NaN,NaN,NaN,NaN,NaN,NaN,NaN,NaN,NaN,NaN,
66.896,-0.01934,-0.00731,0.13016,-0.39757,-0.29620,-0.12876,0.85885,NaN,NaN,NaN,NaN,NaN,NaN,NaN,NaN,NaN,NaN,NaN,NaN,NaN,NaN,NaN,NaN,NaN,NaN,NaN,NaN,NaN,
66.921,-0.01926,-0.00735,0.13017,-0.39771,-0.29580,-0.12903,0.85888,NaN,NaN,NaN,NaN,NaN,NaN,NaN,NaN,NaN,NaN,NaN,NaN,NaN,NaN,NaN,NaN,NaN,NaN,NaN,NaN,NaN,
66.946,-0.01929,-0.00729,0.13015,-0.39745,-0.29610,-0.12904,0.85890,NaN,NaN,NaN,NaN,NaN,NaN,NaN,NaN,NaN,NaN,NaN,NaN,NaN,NaN,NaN,NaN,NaN,NaN,NaN,NaN,NaN,
66.971,-0.01929,-0.00732,0.13011,-0.39732,-0.29610,-0.12920,0.85893,NaN,NaN,NaN,NaN,NaN,NaN,NaN,NaN,NaN,NaN,NaN,NaN,NaN,NaN,NaN,NaN,NaN,NaN,NaN,NaN,NaN,
66.996,-0.01929,-0.00737,0.13011,-0.39726,-0.29591,-0.12950,0.85898,NaN,NaN,NaN,NaN,NaN,NaN,NaN,NaN,NaN,NaN,NaN,NaN,NaN,NaN,NaN,NaN,NaN,NaN,NaN,NaN,NaN,
67.021,-0.01929,-0.00732,0.13011,-0.39754,-0.29620,-0.12880,0.85886,NaN,NaN,NaN,NaN,NaN,NaN,NaN,NaN,NaN,NaN,NaN,NaN,NaN,NaN,NaN,NaN,NaN,NaN,NaN,NaN,NaN,
67.046,-0.01931,-0.00733,0.13013,-0.39753,-0.29611,-0.12893,0.85888,NaN,NaN,NaN,NaN,NaN,NaN,NaN,NaN,NaN,NaN,NaN,NaN,NaN,NaN,NaN,NaN,NaN,NaN,NaN,NaN,NaN,
67.071,-0.01936,-0.00731,0.13016,-0.39799,-0.29729,-0.12695,0.85855,NaN,NaN,NaN,NaN,NaN,NaN,NaN,NaN,NaN,NaN,NaN,NaN,NaN,NaN,NaN,NaN,NaN,NaN,NaN,NaN,NaN,
67.096,-0.01962,-0.00714,0.12999,-0.39791,-0.29993,-0.12402,0.85810,NaN,NaN,NaN,NaN,NaN,NaN,NaN,NaN,NaN,NaN,NaN,NaN,NaN,NaN,NaN,NaN,NaN,NaN,NaN,NaN,NaN,
67.121,-0.01977,-0.00708,0.12990,-0.39740,-0.30189,-0.12243,0.85788,NaN,NaN,NaN,NaN,NaN,NaN,NaN,NaN,NaN,NaN,NaN,NaN,NaN,NaN,NaN,NaN,NaN,NaN,NaN,NaN,NaN,
67.146,-0.01970,-0.00707,0.12986,-0.39824,-0.30221,-0.12092,0.85758,NaN,NaN,NaN,NaN,NaN,NaN,NaN,NaN,NaN,NaN,NaN,NaN,NaN,NaN,NaN,NaN,NaN,NaN,NaN,NaN,NaN,
67.171,-0.01969,-0.00702,0.12978,-0.39871,-0.30231,-0.12018,0.85744,NaN,NaN,NaN,NaN,NaN,NaN,NaN,NaN,NaN,NaN,NaN,NaN,NaN,NaN,NaN,NaN,NaN,NaN,NaN,NaN,NaN,
67.196,-0.01972,-0.00703,0.12977,-0.39867,-0.30205,-0.12054,0.85750,NaN,NaN,NaN,NaN,NaN,NaN,NaN,NaN,NaN,NaN,NaN,NaN,NaN,NaN,NaN,NaN,NaN,NaN,NaN,NaN,NaN,
67.221,-0.01965,-0.00704,0.12969,-0.39906,-0.30130,-0.12088,0.85753,NaN,NaN,NaN,NaN,NaN,NaN,NaN,NaN,NaN,NaN,NaN,NaN,NaN,NaN,NaN,NaN,NaN,NaN,NaN,NaN,NaN,
67.246,-0.01965,-0.00705,0.12970,-0.39882,-0.30090,-0.12167,0.85767,NaN,NaN,NaN,NaN,NaN,NaN,NaN,NaN,NaN,NaN,NaN,NaN,NaN,NaN,NaN,NaN,NaN,NaN,NaN,NaN,NaN,
67.271,-0.01959,-0.00710,0.12974,-0.39891,-0.30021,-0.12235,0.85777,NaN,NaN,NaN,NaN,NaN,NaN,NaN,NaN,NaN,NaN,NaN,NaN,NaN,NaN,NaN,NaN,NaN,NaN,NaN,NaN,NaN,
67.296,-0.01960,-0.00715,0.12969,-0.39840,-0.29991,-0.12338,0.85797,NaN,NaN,NaN,NaN,NaN,NaN,NaN,NaN,NaN,NaN,NaN,NaN,NaN,NaN,NaN,NaN,NaN,NaN,NaN,NaN,NaN,
67.321,-0.01954,-0.00718,0.12984,-0.39834,-0.29903,-0.12448,0.85814,NaN,NaN,NaN,NaN,NaN,NaN,NaN,NaN,NaN,NaN,NaN,NaN,NaN,NaN,NaN,NaN,NaN,NaN,NaN,NaN,NaN,
67.346,-0.01951,-0.00723,0.12973,-0.39805,-0.29910,-0.12478,0.85821,NaN,NaN,NaN,NaN,NaN,NaN,NaN,NaN,NaN,NaN,NaN,NaN,NaN,NaN,NaN,NaN,NaN,NaN,NaN,NaN,NaN,
67.371,-0.01950,-0.00721,0.12973,-0.39799,-0.29905,-0.12492,0.85823,NaN,NaN,NaN,NaN,NaN,NaN,NaN,NaN,NaN,NaN,NaN,NaN,NaN,NaN,NaN,NaN,NaN,NaN,NaN,NaN,NaN,
67.396,-0.01952,-0.00725,0.12970,-0.39742,-0.29878,-0.12599,0.85844,NaN,NaN,NaN,NaN,NaN,NaN,NaN,NaN,NaN,NaN,NaN,NaN,NaN,NaN,NaN,NaN,NaN,NaN,NaN,NaN,NaN,
67.421,-0.01946,-0.00740,0.12963,-0.39658,-0.29781,-0.12822,0.85883,NaN,NaN,NaN,NaN,NaN,NaN,NaN,NaN,NaN,NaN,NaN,NaN,NaN,NaN,NaN,NaN,NaN,NaN,NaN,NaN,NaN,
67.446,-0.01934,-0.00759,0.12968,-0.39539,-0.29673,-0.13105,0.85933,NaN,NaN,NaN,NaN,NaN,NaN,NaN,NaN,NaN,NaN,NaN,NaN,NaN,NaN,NaN,NaN,NaN,NaN,NaN,NaN,NaN,
67.471,-0.01919,-0.00781,0.12977,-0.39519,-0.29403,-0.13439,0.85983,NaN,NaN,NaN,NaN,NaN,NaN,NaN,NaN,NaN,NaN,NaN,NaN,NaN,NaN,NaN,NaN,NaN,NaN,NaN,NaN,NaN,
67.496,-0.01915,-0.00803,0.12969,-0.39278,-0.29252,-0.13926,0.86067,NaN,NaN,NaN,NaN,NaN,NaN,NaN,NaN,NaN,NaN,NaN,NaN,NaN,NaN,NaN,NaN,NaN,NaN,NaN,NaN,NaN,
67.521,-0.01889,-0.00837,0.12980,-0.39149,-0.28833,-0.14566,0.86162,NaN,NaN,NaN,NaN,NaN,NaN,NaN,NaN,NaN,NaN,NaN,NaN,NaN,NaN,NaN,NaN,NaN,NaN,NaN,NaN,NaN,
67.546,-0.01865,-0.00873,0.12962,-0.38907,-0.28630,-0.15105,0.86246,NaN,NaN,NaN,NaN,NaN,NaN,NaN,NaN,NaN,NaN,NaN,NaN,NaN,NaN,NaN,NaN,NaN,NaN,NaN,NaN,NaN,
67.571,-0.01850,-0.00891,0.12959,-0.38807,-0.28485,-0.15395,0.86288,NaN,NaN,NaN,NaN,NaN,NaN,NaN,NaN,NaN,NaN,NaN,NaN,NaN,NaN,NaN,NaN,NaN,NaN,NaN,NaN,NaN,
67.596,-0.01836,-0.00908,0.12958,-0.38783,-0.28327,-0.15601,0.86314,NaN,NaN,NaN,NaN,NaN,NaN,NaN,NaN,NaN,NaN,NaN,NaN,NaN,NaN,NaN,NaN,NaN,NaN,NaN,NaN,NaN,
67.621,-0.01834,-0.00913,0.12958,-0.38741,-0.28262,-0.15727,0.86331,NaN,NaN,NaN,NaN,NaN,NaN,NaN,NaN,NaN,NaN,NaN,NaN,NaN,NaN,NaN,NaN,NaN,NaN,NaN,NaN,NaN,
67.646,-0.01833,-0.00924,0.12957,-0.38726,-0.28185,-0.15831,0.86344,NaN,NaN,NaN,NaN,NaN,NaN,NaN,NaN,NaN,NaN,NaN,NaN,NaN,NaN,NaN,NaN,NaN,NaN,NaN,NaN,NaN,
67.671,-0.01830,-0.00926,0.12961,-0.38716,-0.28147,-0.15885,0.86351,NaN,NaN,NaN,NaN,NaN,NaN,NaN,NaN,NaN,NaN,NaN,NaN,NaN,NaN,NaN,NaN,NaN,NaN,NaN,NaN,NaN,
67.696,-0.01836,-0.00921,0.12959,-0.38688,-0.28178,-0.15887,0.86353,NaN,NaN,NaN,NaN,NaN,NaN,NaN,NaN,NaN,NaN,NaN,NaN,NaN,NaN,NaN,NaN,NaN,NaN,NaN,NaN,NaN,
67.721,-0.01831,-0.00927,0.12963,-0.38717,-0.28133,-0.15899,0.86352,NaN,NaN,NaN,NaN,NaN,NaN,NaN,NaN,NaN,NaN,NaN,NaN,NaN,NaN,NaN,NaN,NaN,NaN,NaN,NaN,NaN,
67.746,-0.01833,-0.00920,0.12964,-0.38699,-0.28152,-0.15900,0.86354,NaN,NaN,NaN,NaN,NaN,NaN,NaN,NaN,NaN,NaN,NaN,NaN,NaN,NaN,NaN,NaN,NaN,NaN,NaN,NaN,NaN,
67.771,-0.01830,-0.00926,0.12966,-0.38683,-0.28129,-0.15946,0.86360,NaN,NaN,NaN,NaN,NaN,NaN,NaN,NaN,NaN,NaN,NaN,NaN,NaN,NaN,NaN,NaN,NaN,NaN,NaN,NaN,NaN,
67.796,-0.01826,-0.00927,0.12963,-0.38684,-0.28126,-0.15948,0.86360,NaN,NaN,NaN,NaN,NaN,NaN,NaN,NaN,NaN,NaN,NaN,NaN,NaN,NaN,NaN,NaN,NaN,NaN,NaN,NaN,NaN,
67.821,-0.01826,-0.00929,0.12961,-0.38670,-0.28123,-0.15970,0.86364,NaN,NaN,NaN,NaN,NaN,NaN,NaN,NaN,NaN,NaN,NaN,NaN,NaN,NaN,NaN,NaN,NaN,NaN,NaN,NaN,NaN,
67.846,-0.01816,-0.00935,0.12960,-0.38677,-0.28023,-0.16071,0.86374,NaN,NaN,NaN,NaN,NaN,NaN,NaN,NaN,NaN,NaN,NaN,NaN,NaN,NaN,NaN,NaN,NaN,NaN,NaN,NaN,NaN,
67.871,-0.01813,-0.00943,0.12970,-0.38630,-0.27873,-0.16294,0.86402,NaN,NaN,NaN,NaN,NaN,NaN,NaN,NaN,NaN,NaN,NaN,NaN,NaN,NaN,NaN,NaN,NaN,NaN,NaN,NaN,NaN,
67.896,-0.01812,-0.00961,0.12972,-0.38505,-0.27670,-0.16674,0.86451,NaN,NaN,NaN,NaN,NaN,NaN,NaN,NaN,NaN,NaN,NaN,NaN,NaN,NaN,NaN,NaN,NaN,NaN,NaN,NaN,NaN,
67.921,-0.01781,-0.00986,0.12981,-0.38491,-0.27440,-0.16941,0.86478,NaN,NaN,NaN,NaN,NaN,NaN,NaN,NaN,NaN,NaN,NaN,NaN,NaN,NaN,NaN,NaN,NaN,NaN,NaN,NaN,NaN,
67.946,-0.01784,-0.00983,0.12984,-0.38456,-0.27429,-0.16997,0.86486,NaN,NaN,NaN,NaN,NaN,NaN,NaN,NaN,NaN,NaN,NaN,NaN,NaN,NaN,NaN,NaN,NaN,NaN,NaN,NaN,NaN,
67.971,-0.01779,-0.00994,0.12985,-0.38421,-0.27256,-0.17228,0.86511,NaN,NaN,NaN,NaN,NaN,NaN,NaN,NaN,NaN,NaN,NaN,NaN,NaN,NaN,NaN,NaN,NaN,NaN,NaN,NaN,NaN,
67.996,-0.01758,-0.01020,0.12985,-0.38314,-0.27067,-0.17565,0.86550,NaN,NaN,NaN,NaN,NaN,NaN,NaN,NaN,NaN,NaN,NaN,NaN,NaN,NaN,NaN,NaN,NaN,NaN,NaN,NaN,NaN,
68.021,-0.01758,-0.01026,0.12984,-0.38243,-0.27012,-0.17713,0.86568,NaN,NaN,NaN,NaN,NaN,NaN,NaN,NaN,NaN,NaN,NaN,NaN,NaN,NaN,NaN,NaN,NaN,NaN,NaN,NaN,NaN,
68.046,-0.01753,-0.01039,0.12984,-0.38226,-0.26907,-0.17846,0.86581,NaN,NaN,NaN,NaN,NaN,NaN,NaN,NaN,NaN,NaN,NaN,NaN,NaN,NaN,NaN,NaN,NaN,NaN,NaN,NaN,NaN,
68.071,-0.01744,-0.01051,0.12987,-0.38221,-0.26771,-0.17997,0.86594,NaN,NaN,NaN,NaN,NaN,NaN,NaN,NaN,NaN,NaN,NaN,NaN,NaN,NaN,NaN,NaN,NaN,NaN,NaN,NaN,NaN,
68.096,-0.01744,-0.01053,0.12991,-0.38168,-0.26751,-0.18085,0.86606,NaN,NaN,NaN,NaN,NaN,NaN,NaN,NaN,NaN,NaN,NaN,NaN,NaN,NaN,NaN,NaN,NaN,NaN,NaN,NaN,NaN,
68.121,-0.01743,-0.01061,0.12995,-0.38142,-0.26659,-0.18215,0.86618,NaN,NaN,NaN,NaN,NaN,NaN,NaN,NaN,NaN,NaN,NaN,NaN,NaN,NaN,NaN,NaN,NaN,NaN,NaN,NaN,NaN,
68.146,-0.01732,-0.01073,0.12996,-0.38117,-0.26539,-0.18373,0.86633,NaN,NaN,NaN,NaN,NaN,NaN,NaN,NaN,NaN,NaN,NaN,NaN,NaN,NaN,NaN,NaN,NaN,NaN,NaN,NaN,NaN,
68.171,-0.01729,-0.01076,0.13002,-0.38087,-0.26495,-0.18457,0.86642,NaN,NaN,NaN,NaN,NaN,NaN,NaN,NaN,NaN,NaN,NaN,NaN,NaN,NaN,NaN,NaN,NaN,NaN,NaN,NaN,NaN,
68.196,-0.01730,-0.01078,0.13003,-0.38067,-0.26466,-0.18513,0.86647,NaN,NaN,NaN,NaN,NaN,NaN,NaN,NaN,NaN,NaN,NaN,NaN,NaN,NaN,NaN,NaN,NaN,NaN,NaN,NaN,NaN,
68.221,-0.01722,-0.01085,0.12998,-0.38073,-0.26420,-0.18553,0.86650,NaN,NaN,NaN,NaN,NaN,NaN,NaN,NaN,NaN,NaN,NaN,NaN,NaN,NaN,NaN,NaN,NaN,NaN,NaN,NaN,NaN,
68.246,-0.01726,-0.01085,0.12997,-0.38025,-0.26419,-0.18613,0.86658,NaN,NaN,NaN,NaN,NaN,NaN,NaN,NaN,NaN,NaN,NaN,NaN,NaN,NaN,NaN,NaN,NaN,NaN,NaN,NaN,NaN,
68.271,-0.01719,-0.01092,0.12998,-0.38037,-0.26350,-0.18671,0.86662,NaN,NaN,NaN,NaN,NaN,NaN,NaN,NaN,NaN,NaN,NaN,NaN,NaN,NaN,NaN,NaN,NaN,NaN,NaN,NaN,NaN,
68.296,-0.01714,-0.01097,0.12992,-0.38042,-0.26332,-0.18685,0.86662,NaN,NaN,NaN,NaN,NaN,NaN,NaN,NaN,NaN,NaN,NaN,NaN,NaN,NaN,NaN,NaN,NaN,NaN,NaN,NaN,NaN,
68.321,-0.01720,-0.01092,0.12998,-0.38038,-0.26330,-0.18691,0.86663,NaN,NaN,NaN,NaN,NaN,NaN,NaN,NaN,NaN,NaN,NaN,NaN,NaN,NaN,NaN,NaN,NaN,NaN,NaN,NaN,NaN,
68.346,-0.01722,-0.01089,0.13001,-0.38036,-0.26328,-0.18696,0.86663,NaN,NaN,NaN,NaN,NaN,NaN,NaN,NaN,NaN,NaN,NaN,NaN,NaN,NaN,NaN,NaN,NaN,NaN,NaN,NaN,NaN,
68.371,-0.01717,-0.01093,0.12997,-0.38042,-0.26328,-0.18688,0.86662,NaN,NaN,NaN,NaN,NaN,NaN,NaN,NaN,NaN,NaN,NaN,NaN,NaN,NaN,NaN,NaN,NaN,NaN,NaN,NaN,NaN,
68.396,-0.01718,-0.01091,0.12998,-0.38039,-0.26330,-0.18690,0.86663,NaN,NaN,NaN,NaN,NaN,NaN,NaN,NaN,NaN,NaN,NaN,NaN,NaN,NaN,NaN,NaN,NaN,NaN,NaN,NaN,NaN,
68.421,-0.01719,-0.01091,0.12999,-0.38032,-0.26330,-0.18699,0.86664,NaN,NaN,NaN,NaN,NaN,NaN,NaN,NaN,NaN,NaN,NaN,NaN,NaN,NaN,NaN,NaN,NaN,NaN,NaN,NaN,NaN,
68.446,-0.01718,-0.01092,0.12997,-0.38037,-0.26346,-0.18675,0.86662,NaN,NaN,NaN,NaN,NaN,NaN,NaN,NaN,NaN,NaN,NaN,NaN,NaN,NaN,NaN,NaN,NaN,NaN,NaN,NaN,NaN,
68.471,-0.01717,-0.01092,0.12996,-0.38033,-0.26337,-0.18690,0.86663,NaN,NaN,NaN,NaN,NaN,NaN,NaN,NaN,NaN,NaN,NaN,NaN,NaN,NaN,NaN,NaN,NaN,NaN,NaN,NaN,NaN,
68.496,-0.01713,-0.01105,0.12992,-0.37980,-0.26255,-0.18842,0.86679,NaN,NaN,NaN,NaN,NaN,NaN,NaN,NaN,NaN,NaN,NaN,NaN,NaN,NaN,NaN,NaN,NaN,NaN,NaN,NaN,NaN,
68.521,-0.01689,-0.01117,0.12998,-0.38087,-0.25839,-0.19145,0.86690,NaN,NaN,NaN,NaN,NaN,NaN,NaN,NaN,NaN,NaN,NaN,NaN,NaN,NaN,NaN,NaN,NaN,NaN,NaN,NaN,NaN,
68.546,-0.01675,-0.01145,0.12991,-0.37913,-0.25599,-0.19609,0.86734,NaN,NaN,NaN,NaN,NaN,NaN,NaN,NaN,NaN,NaN,NaN,NaN,NaN,NaN,NaN,NaN,NaN,NaN,NaN,NaN,NaN,
68.571,-0.01663,-0.01166,0.12985,-0.37853,-0.25431,-0.19857,0.86753,NaN,NaN,NaN,NaN,NaN,NaN,NaN,NaN,NaN,NaN,NaN,NaN,NaN,NaN,NaN,NaN,NaN,NaN,NaN,NaN,NaN,
68.596,-0.01646,-0.01175,0.12987,-0.37847,-0.25282,-0.20018,0.86763,NaN,NaN,NaN,NaN,NaN,NaN,NaN,NaN,NaN,NaN,NaN,NaN,NaN,NaN,NaN,NaN,NaN,NaN,NaN,NaN,NaN,
68.621,-0.01640,-0.01180,0.12982,-0.37824,-0.25171,-0.20160,0.86772,NaN,NaN,NaN,NaN,NaN,NaN,NaN,NaN,NaN,NaN,NaN,NaN,NaN,NaN,NaN,NaN,NaN,NaN,NaN,NaN,NaN,
68.646,-0.01626,-0.01194,0.12977,-0.37818,-0.25045,-0.20297,0.86779,NaN,NaN,NaN,NaN,NaN,NaN,NaN,NaN,NaN,NaN,NaN,NaN,NaN,NaN,NaN,NaN,NaN,NaN,NaN,NaN,NaN,
68.671,-0.01622,-0.01198,0.12975,-0.37789,-0.24959,-0.20419,0.86788,NaN,NaN,NaN,NaN,NaN,NaN,NaN,NaN,NaN,NaN,NaN,NaN,NaN,NaN,NaN,NaN,NaN,NaN,NaN,NaN,NaN,
68.696,-0.01615,-0.01209,0.12971,-0.37809,-0.24854,-0.20503,0.86789,NaN,NaN,NaN,NaN,NaN,NaN,NaN,NaN,NaN,NaN,NaN,NaN,NaN,NaN,NaN,NaN,NaN,NaN,NaN,NaN,NaN,
68.721,-0.01614,-0.01209,0.12969,-0.37800,-0.24835,-0.20534,0.86792,NaN,NaN,NaN,NaN,NaN,NaN,NaN,NaN,NaN,NaN,NaN,NaN,NaN,NaN,NaN,NaN,NaN,NaN,NaN,NaN,NaN,
68.746,-0.01617,-0.01207,0.12971,-0.37793,-0.24834,-0.20543,0.86793,NaN,NaN,NaN,NaN,NaN,NaN,NaN,NaN,NaN,NaN,NaN,NaN,NaN,NaN,NaN,NaN,NaN,NaN,NaN,NaN,NaN,
68.771,-0.01614,-0.01209,0.12973,-0.37802,-0.24818,-0.20547,0.86792,NaN,NaN,NaN,NaN,NaN,NaN,NaN,NaN,NaN,NaN,NaN,NaN,NaN,NaN,NaN,NaN,NaN,NaN,NaN,NaN,NaN,
68.796,-0.01616,-0.01206,0.12978,-0.37794,-0.24815,-0.20561,0.86793,NaN,NaN,NaN,NaN,NaN,NaN,NaN,NaN,NaN,NaN,NaN,NaN,NaN,NaN,NaN,NaN,NaN,NaN,NaN,NaN,NaN,
68.821,-0.01612,-0.01207,0.12973,-0.37792,-0.24825,-0.20554,0.86793,NaN,NaN,NaN,NaN,NaN,NaN,NaN,NaN,NaN,NaN,NaN,NaN,NaN,NaN,NaN,NaN,NaN,NaN,NaN,NaN,NaN,
68.846,-0.01615,-0.01205,0.12969,-0.37782,-0.24835,-0.20555,0.86794,NaN,NaN,NaN,NaN,NaN,NaN,NaN,NaN,NaN,NaN,NaN,NaN,NaN,NaN,NaN,NaN,NaN,NaN,NaN,NaN,NaN,
68.871,-0.01613,-0.01210,0.12975,-0.37779,-0.24809,-0.20585,0.86796,NaN,NaN,NaN,NaN,NaN,NaN,NaN,NaN,NaN,NaN,NaN,NaN,NaN,NaN,NaN,NaN,NaN,NaN,NaN,NaN,NaN,
68.896,-0.01613,-0.01208,0.12971,-0.37784,-0.24839,-0.20548,0.86794,NaN,NaN,NaN,NaN,NaN,NaN,NaN,NaN,NaN,NaN,NaN,NaN,NaN,NaN,NaN,NaN,NaN,NaN,NaN,NaN,NaN,
68.921,-0.01612,-0.01209,0.12971,-0.37787,-0.24824,-0.20560,0.86794,NaN,NaN,NaN,NaN,NaN,NaN,NaN,NaN,NaN,NaN,NaN,NaN,NaN,NaN,NaN,NaN,NaN,NaN,NaN,NaN,NaN,
68.946,-0.01603,-0.01225,0.12969,-0.37724,-0.24682,-0.20781,0.86809,NaN,NaN,NaN,NaN,NaN,NaN,NaN,NaN,NaN,NaN,NaN,NaN,NaN,NaN,NaN,NaN,NaN,NaN,NaN,NaN,NaN,
68.971,-0.01585,-0.01244,0.12981,-0.37752,-0.24320,-0.21114,0.86819,NaN,NaN,NaN,NaN,NaN,NaN,NaN,NaN,NaN,NaN,NaN,NaN,NaN,NaN,NaN,NaN,NaN,NaN,NaN,NaN,NaN,
68.996,-0.01560,-0.01267,0.12988,-0.37732,-0.24045,-0.21416,0.86830,NaN,NaN,NaN,NaN,NaN,NaN,NaN,NaN,NaN,NaN,NaN,NaN,NaN,NaN,NaN,NaN,NaN,NaN,NaN,NaN,NaN,
69.021,-0.01551,-0.01278,0.12982,-0.37661,-0.23920,-0.21627,0.86843,NaN,NaN,NaN,NaN,NaN,NaN,NaN,NaN,NaN,NaN,NaN,NaN,NaN,NaN,NaN,NaN,NaN,NaN,NaN,NaN,NaN,
69.046,-0.01536,-0.01292,0.12989,-0.37677,-0.23683,-0.21845,0.86847,NaN,NaN,NaN,NaN,NaN,NaN,NaN,NaN,NaN,NaN,NaN,NaN,NaN,NaN,NaN,NaN,NaN,NaN,NaN,NaN,NaN,
69.071,-0.01522,-0.01306,0.12984,-0.37665,-0.23479,-0.22062,0.86852,NaN,NaN,NaN,NaN,NaN,NaN,NaN,NaN,NaN,NaN,NaN,NaN,NaN,NaN,NaN,NaN,NaN,NaN,NaN,NaN,NaN,
69.096,-0.01514,-0.01318,0.12994,-0.37639,-0.23329,-0.22243,0.86858,NaN,NaN,NaN,NaN,NaN,NaN,NaN,NaN,NaN,NaN,NaN,NaN,NaN,NaN,NaN,NaN,NaN,NaN,NaN,NaN,NaN,
69.121,-0.01516,-0.01328,0.12985,-0.37593,-0.23272,-0.22354,0.86865,NaN,NaN,NaN,NaN,NaN,NaN,NaN,NaN,NaN,NaN,NaN,NaN,NaN,NaN,NaN,NaN,NaN,NaN,NaN,NaN,NaN,
69.146,-0.01499,-0.01342,0.12997,-0.37643,-0.23060,-0.22504,0.86861,NaN,NaN,NaN,NaN,NaN,NaN,NaN,NaN,NaN,NaN,NaN,NaN,NaN,NaN,NaN,NaN,NaN,NaN,NaN,NaN,NaN,
69.171,-0.01493,-0.01345,0.12999,-0.37645,-0.22921,-0.22638,0.86862,NaN,NaN,NaN,NaN,NaN,NaN,NaN,NaN,NaN,NaN,NaN,NaN,NaN,NaN,NaN,NaN,NaN,NaN,NaN,NaN,NaN,
69.196,-0.01484,-0.01354,0.13002,-0.37630,-0.22855,-0.22722,0.86864,NaN,NaN,NaN,NaN,NaN,NaN,NaN,NaN,NaN,NaN,NaN,NaN,NaN,NaN,NaN,NaN,NaN,NaN,NaN,NaN,NaN,
69.221,-0.01484,-0.01353,0.13003,-0.37628,-0.22821,-0.22756,0.86864,NaN,NaN,NaN,NaN,NaN,NaN,NaN,NaN,NaN,NaN,NaN,NaN,NaN,NaN,NaN,NaN,NaN,NaN,NaN,NaN,NaN,
69.246,-0.01479,-0.01357,0.13007,-0.37603,-0.22780,-0.22827,0.86868,NaN,NaN,NaN,NaN,NaN,NaN,NaN,NaN,NaN,NaN,NaN,NaN,NaN,NaN,NaN,NaN,NaN,NaN,NaN,NaN,NaN,
69.271,-0.01477,-0.01364,0.12999,-0.37574,-0.22738,-0.22902,0.86871,NaN,NaN,NaN,NaN,NaN,NaN,NaN,NaN,NaN,NaN,NaN,NaN,NaN,NaN,NaN,NaN,NaN,NaN,NaN,NaN,NaN,
69.296,-0.01471,-0.01374,0.13009,-0.37579,-0.22628,-0.23004,0.86871,NaN,NaN,NaN,NaN,NaN,NaN,NaN,NaN,NaN,NaN,NaN,NaN,NaN,NaN,NaN,NaN,NaN,NaN,NaN,NaN,NaN,
69.321,-0.01469,-0.01377,0.13003,-0.37575,-0.22615,-0.23021,0.86872,NaN,NaN,NaN,NaN,NaN,NaN,NaN,NaN,NaN,NaN,NaN,NaN,NaN,NaN,NaN,NaN,NaN,NaN,NaN,NaN,NaN,
69.346,-0.01468,-0.01378,0.13004,-0.37579,-0.22605,-0.23027,0.86871,NaN,NaN,NaN,NaN,NaN,NaN,NaN,NaN,NaN,NaN,NaN,NaN,NaN,NaN,NaN,NaN,NaN,NaN,NaN,NaN,NaN,
69.371,-0.01472,-0.01376,0.13006,-0.37583,-0.22601,-0.23027,0.86871,NaN,NaN,NaN,NaN,NaN,NaN,NaN,NaN,NaN,NaN,NaN,NaN,NaN,NaN,NaN,NaN,NaN,NaN,NaN,NaN,NaN,
69.396,-0.01468,-0.01378,0.13007,-0.37599,-0.22585,-0.23022,0.86869,NaN,NaN,NaN,NaN,NaN,NaN,NaN,NaN,NaN,NaN,NaN,NaN,NaN,NaN,NaN,NaN,NaN,NaN,NaN,NaN,NaN,
69.421,-0.01470,-0.01372,0.13002,-0.37581,-0.22615,-0.23015,0.86871,NaN,NaN,NaN,NaN,NaN,NaN,NaN,NaN,NaN,NaN,NaN,NaN,NaN,NaN,NaN,NaN,NaN,NaN,NaN,NaN,NaN,
69.446,-0.01468,-0.01372,0.13009,-0.37589,-0.22597,-0.23023,0.86870,NaN,NaN,NaN,NaN,NaN,NaN,NaN,NaN,NaN,NaN,NaN,NaN,NaN,NaN,NaN,NaN,NaN,NaN,NaN,NaN,NaN,
69.471,-0.01466,-0.01373,0.13002,-0.37596,-0.22607,-0.23006,0.86869,NaN,NaN,NaN,NaN,NaN,NaN,NaN,NaN,NaN,NaN,NaN,NaN,NaN,NaN,NaN,NaN,NaN,NaN,NaN,NaN,NaN,
69.496,-0.01469,-0.01375,0.13004,-0.37578,-0.22615,-0.23019,0.86871,NaN,NaN,NaN,NaN,NaN,NaN,NaN,NaN,NaN,NaN,NaN,NaN,NaN,NaN,NaN,NaN,NaN,NaN,NaN,NaN,NaN,
69.521,-0.01469,-0.01375,0.13005,-0.37581,-0.22605,-0.23025,0.86871,NaN,NaN,NaN,NaN,NaN,NaN,NaN,NaN,NaN,NaN,NaN,NaN,NaN,NaN,NaN,NaN,NaN,NaN,NaN,NaN,NaN,
69.546,-0.01469,-0.01376,0.13005,-0.37582,-0.22600,-0.23028,0.86871,NaN,NaN,NaN,NaN,NaN,NaN,NaN,NaN,NaN,NaN,NaN,NaN,NaN,NaN,NaN,NaN,NaN,NaN,NaN,NaN,NaN,
69.571,-0.01469,-0.01375,0.13004,-0.37584,-0.22599,-0.23028,0.86871,NaN,NaN,NaN,NaN,NaN,NaN,NaN,NaN,NaN,NaN,NaN,NaN,NaN,NaN,NaN,NaN,NaN,NaN,NaN,NaN,NaN,
69.596,-0.01465,-0.01379,0.13001,-0.37606,-0.22552,-0.23047,0.86868,NaN,NaN,NaN,NaN,NaN,NaN,NaN,NaN,NaN,NaN,NaN,NaN,NaN,NaN,NaN,NaN,NaN,NaN,NaN,NaN,NaN,
69.621,-0.01469,-0.01380,0.12992,-0.37604,-0.22409,-0.23188,0.86868,NaN,NaN,NaN,NaN,NaN,NaN,NaN,NaN,NaN,NaN,NaN,NaN,NaN,NaN,NaN,NaN,NaN,NaN,NaN,NaN,NaN,
69.646,-0.01438,-0.01401,0.13007,-0.37583,-0.22154,-0.23462,0.86869,NaN,NaN,NaN,NaN,NaN,NaN,NaN,NaN,NaN,NaN,NaN,NaN,NaN,NaN,NaN,NaN,NaN,NaN,NaN,NaN,NaN,
69.671,-0.01425,-0.01406,0.12995,-0.37621,-0.22032,-0.23535,0.86864,NaN,NaN,NaN,NaN,NaN,NaN,NaN,NaN,NaN,NaN,NaN,NaN,NaN,NaN,NaN,NaN,NaN,NaN,NaN,NaN,NaN,
69.696,-0.01419,-0.01418,0.12991,-0.37592,-0.21894,-0.23703,0.86866,NaN,NaN,NaN,NaN,NaN,NaN,NaN,NaN,NaN,NaN,NaN,NaN,NaN,NaN,NaN,NaN,NaN,NaN,NaN,NaN,NaN,
69.721,-0.01405,-0.01427,0.12987,-0.37622,-0.21695,-0.23859,0.86860,NaN,NaN,NaN,NaN,NaN,NaN,NaN,NaN,NaN,NaN,NaN,NaN,NaN,NaN,NaN,NaN,NaN,NaN,NaN,NaN,NaN,
69.746,-0.01391,-0.01441,0.12985,-0.37639,-0.21542,-0.23986,0.86855,NaN,NaN,NaN,NaN,NaN,NaN,NaN,NaN,NaN,NaN,NaN,NaN,NaN,NaN,NaN,NaN,NaN,NaN,NaN,NaN,NaN,
69.771,-0.01387,-0.01444,0.12984,-0.37653,-0.21458,-0.24051,0.86852,NaN,NaN,NaN,NaN,NaN,NaN,NaN,NaN,NaN,NaN,NaN,NaN,NaN,NaN,NaN,NaN,NaN,NaN,NaN,NaN,NaN,
69.796,-0.01378,-0.01450,0.12978,-0.37664,-0.21348,-0.24143,0.86849,NaN,NaN,NaN,NaN,NaN,NaN,NaN,NaN,NaN,NaN,NaN,NaN,NaN,NaN,NaN,NaN,NaN,NaN,NaN,NaN,NaN,
69.821,-0.01366,-0.01455,0.12980,-0.37679,-0.21193,-0.24274,0.86844,NaN,NaN,NaN,NaN,NaN,NaN,NaN,NaN,NaN,NaN,NaN,NaN,NaN,NaN,NaN,NaN,NaN,NaN,NaN,NaN,NaN,
69.846,-0.01354,-0.01461,0.12977,-0.37710,-0.21087,-0.24338,0.86838,NaN,NaN,NaN,NaN,NaN,NaN,NaN,NaN,NaN,NaN,NaN,NaN,NaN,NaN,NaN,NaN,NaN,NaN,NaN,NaN,NaN,
69.871,-0.01353,-0.01464,0.12979,-0.37697,-0.21036,-0.24402,0.86838,NaN,NaN,NaN,NaN,NaN,NaN,NaN,NaN,NaN,NaN,NaN,NaN,NaN,NaN,NaN,NaN,NaN,NaN,NaN,NaN,NaN,
69.896,-0.01350,-0.01468,0.12978,-0.37692,-0.20996,-0.24446,0.86838,NaN,NaN,NaN,NaN,NaN,NaN,NaN,NaN,NaN,NaN,NaN,NaN,NaN,NaN,NaN,NaN,NaN,NaN,NaN,NaN,NaN,
69.921,-0.01346,-0.01469,0.12974,-0.37695,-0.20959,-0.24478,0.86837,NaN,NaN,NaN,NaN,NaN,NaN,NaN,NaN,NaN,NaN,NaN,NaN,NaN,NaN,NaN,NaN,NaN,NaN,NaN,NaN,NaN,
69.946,-0.01345,-0.01474,0.12978,-0.37702,-0.20896,-0.24531,0.86834,NaN,NaN,NaN,NaN,NaN,NaN,NaN,NaN,NaN,NaN,NaN,NaN,NaN,NaN,NaN,NaN,NaN,NaN,NaN,NaN,NaN,
69.971,-0.01338,-0.01476,0.12976,-0.37730,-0.20852,-0.24539,0.86830,NaN,NaN,NaN,NaN,NaN,NaN,NaN,NaN,NaN,NaN,NaN,NaN,NaN,NaN,NaN,NaN,NaN,NaN,NaN,NaN,NaN,
69.996,-0.01339,-0.01482,0.12977,-0.37712,-0.20810,-0.24599,0.86831,NaN,NaN,NaN,NaN,NaN,NaN,NaN,NaN,NaN,NaN,NaN,NaN,NaN,NaN,NaN,NaN,NaN,NaN,NaN,NaN,NaN,
70.021,-0.01340,-0.01488,0.12975,-0.37656,-0.20708,-0.24763,0.86833,NaN,NaN,NaN,NaN,NaN,NaN,NaN,NaN,NaN,NaN,NaN,NaN,NaN,NaN,NaN,NaN,NaN,NaN,NaN,NaN,NaN,
70.046,-0.01303,-0.01515,0.12983,-0.37664,-0.20425,-0.25020,0.86823,NaN,NaN,NaN,NaN,NaN,NaN,NaN,NaN,NaN,NaN,NaN,NaN,NaN,NaN,NaN,NaN,NaN,NaN,NaN,NaN,NaN,
70.071,-0.01276,-0.01532,0.12980,-0.37815,-0.19992,-0.25252,0.86791,NaN,NaN,NaN,NaN,NaN,NaN,NaN,NaN,NaN,NaN,NaN,NaN,NaN,NaN,NaN,NaN,NaN,NaN,NaN,NaN,NaN,
70.096,-0.01255,-0.01545,0.12991,-0.37809,-0.19720,-0.25512,0.86780,NaN,NaN,NaN,NaN,NaN,NaN,NaN,NaN,NaN,NaN,NaN,NaN,NaN,NaN,NaN,NaN,NaN,NaN,NaN,NaN,NaN,
70.121,-0.01242,-0.01553,0.12991,-0.37899,-0.19504,-0.25609,0.86761,NaN,NaN,NaN,NaN,NaN,NaN,NaN,NaN,NaN,NaN,NaN,NaN,NaN,NaN,NaN,NaN,NaN,NaN,NaN,NaN,NaN,
70.146,-0.01234,-0.01563,0.12991,-0.37861,-0.19374,-0.25773,0.86758,NaN,NaN,NaN,NaN,NaN,NaN,NaN,NaN,NaN,NaN,NaN,NaN,NaN,NaN,NaN,NaN,NaN,NaN,NaN,NaN,NaN,
70.171,-0.01229,-0.01571,0.12997,-0.37887,-0.19237,-0.25870,0.86748,NaN,NaN,NaN,NaN,NaN,NaN,NaN,NaN,NaN,NaN,NaN,NaN,NaN,NaN,NaN,NaN,NaN,NaN,NaN,NaN,NaN,
70.196,-0.01219,-0.01581,0.12999,-0.37897,-0.19136,-0.25951,0.86742,NaN,NaN,NaN,NaN,NaN,NaN,NaN,NaN,NaN,NaN,NaN,NaN,NaN,NaN,NaN,NaN,NaN,NaN,NaN,NaN,NaN,
70.221,-0.01225,-0.01590,0.13002,-0.37821,-0.19118,-0.26056,0.86748,NaN,NaN,NaN,NaN,NaN,NaN,NaN,NaN,NaN,NaN,NaN,NaN,NaN,NaN,NaN,NaN,NaN,NaN,NaN,NaN,NaN,
70.246,-0.01218,-0.01604,0.13004,-0.37694,-0.19202,-0.26124,0.86764,NaN,NaN,NaN,NaN,NaN,NaN,NaN,NaN,NaN,NaN,NaN,NaN,NaN,NaN,NaN,NaN,NaN,NaN,NaN,NaN,NaN,
70.271,-0.01232,-0.01610,0.13007,-0.37571,-0.19293,-0.26183,0.86779,NaN,NaN,NaN,NaN,NaN,NaN,NaN,NaN,NaN,NaN,NaN,NaN,NaN,NaN,NaN,NaN,NaN,NaN,NaN,NaN,NaN,
70.296,-0.01227,-0.01609,0.13003,-0.37569,-0.19308,-0.26171,0.86780,NaN,NaN,NaN,NaN,NaN,NaN,NaN,NaN,NaN,NaN,NaN,NaN,NaN,NaN,NaN,NaN,NaN,NaN,NaN,NaN,NaN,
70.321,-0.01231,-0.01613,0.13008,-0.37552,-0.19291,-0.26207,0.86781,NaN,NaN,NaN,NaN,NaN,NaN,NaN,NaN,NaN,NaN,NaN,NaN,NaN,NaN,NaN,NaN,NaN,NaN,NaN,NaN,NaN,
70.346,-0.01226,-0.01612,0.13008,-0.37564,-0.19286,-0.26198,0.86780,NaN,NaN,NaN,NaN,NaN,NaN,NaN,NaN,NaN,NaN,NaN,NaN,NaN,NaN,NaN,NaN,NaN,NaN,NaN,NaN,NaN,
70.371,-0.01229,-0.01614,0.13005,-0.37545,-0.19287,-0.26218,0.86781,NaN,NaN,NaN,NaN,NaN,NaN,NaN,NaN,NaN,NaN,NaN,NaN,NaN,NaN,NaN,NaN,NaN,NaN,NaN,NaN,NaN,
70.396,-0.01224,-0.01620,0.13006,-0.37564,-0.19215,-0.26263,0.86776,NaN,NaN,NaN,NaN,NaN,NaN,NaN,NaN,NaN,NaN,NaN,NaN,NaN,NaN,NaN,NaN,NaN,NaN,NaN,NaN,NaN,
70.421,-0.01216,-0.01622,0.13006,-0.37587,-0.19135,-0.26311,0.86769,NaN,NaN,NaN,NaN,NaN,NaN,NaN,NaN,NaN,NaN,NaN,NaN,NaN,NaN,NaN,NaN,NaN,NaN,NaN,NaN,NaN,
70.446,-0.01212,-0.01626,0.13012,-0.37606,-0.19038,-0.26377,0.86762,NaN,NaN,NaN,NaN,NaN,NaN,NaN,NaN,NaN,NaN,NaN,NaN,NaN,NaN,NaN,NaN,NaN,NaN,NaN,NaN,NaN,
70.471,-0.01205,-0.01633,0.13012,-0.37641,-0.18959,-0.26410,0.86754,NaN,NaN,NaN,NaN,NaN,NaN,NaN,NaN,NaN,NaN,NaN,NaN,NaN,NaN,NaN,NaN,NaN,NaN,NaN,NaN,NaN,
70.496,-0.01207,-0.01629,0.13015,-0.37611,-0.18967,-0.26437,0.86757,NaN,NaN,NaN,NaN,NaN,NaN,NaN,NaN,NaN,NaN,NaN,NaN,NaN,NaN,NaN,NaN,NaN,NaN,NaN,NaN,NaN,
70.521,-0.01204,-0.01632,0.13016,-0.37622,-0.18946,-0.26444,0.86755,NaN,NaN,NaN,NaN,NaN,NaN,NaN,NaN,NaN,NaN,NaN,NaN,NaN,NaN,NaN,NaN,NaN,NaN,NaN,NaN,NaN,
70.546,-0.01206,-0.01630,0.13015,-0.37607,-0.18960,-0.26448,0.86757,NaN,NaN,NaN,NaN,NaN,NaN,NaN,NaN,NaN,NaN,NaN,NaN,NaN,NaN,NaN,NaN,NaN,NaN,NaN,NaN,NaN,
70.571,-0.01207,-0.01632,0.13016,-0.37605,-0.18954,-0.26456,0.86757,NaN,NaN,NaN,NaN,NaN,NaN,NaN,NaN,NaN,NaN,NaN,NaN,NaN,NaN,NaN,NaN,NaN,NaN,NaN,NaN,NaN,
70.596,-0.01205,-0.01634,0.13013,-0.37619,-0.18952,-0.26442,0.86755,NaN,NaN,NaN,NaN,NaN,NaN,NaN,NaN,NaN,NaN,NaN,NaN,NaN,NaN,NaN,NaN,NaN,NaN,NaN,NaN,NaN,
70.621,-0.01207,-0.01633,0.13015,-0.37608,-0.18962,-0.26445,0.86757,NaN,NaN,NaN,NaN,NaN,NaN,NaN,NaN,NaN,NaN,NaN,NaN,NaN,NaN,NaN,NaN,NaN,NaN,NaN,NaN,NaN,
70.646,-0.01219,-0.01626,0.13007,-0.37624,-0.19041,-0.26354,0.86760,NaN,NaN,NaN,NaN,NaN,NaN,NaN,NaN,NaN,NaN,NaN,NaN,NaN,NaN,NaN,NaN,NaN,NaN,NaN,NaN,NaN,
70.671,-0.01229,-0.01637,0.13011,-0.37364,-0.19545,-0.26188,0.86811,NaN,NaN,NaN,NaN,NaN,NaN,NaN,NaN,NaN,NaN,NaN,NaN,NaN,NaN,NaN,NaN,NaN,NaN,NaN,NaN,NaN,
70.696,-0.01286,-0.01632,0.12985,-0.36960,-0.20282,-0.25968,0.86881,NaN,NaN,NaN,NaN,NaN,NaN,NaN,NaN,NaN,NaN,NaN,NaN,NaN,NaN,NaN,NaN,NaN,NaN,NaN,NaN,NaN,
70.721,-0.01303,-0.01630,0.12972,-0.36846,-0.20551,-0.25849,0.86902,NaN,NaN,NaN,NaN,NaN,NaN,NaN,NaN,NaN,NaN,NaN,NaN,NaN,NaN,NaN,NaN,NaN,NaN,NaN,NaN,NaN,
70.746,-0.01313,-0.01632,0.12972,-0.36796,-0.20608,-0.25852,0.86908,NaN,NaN,NaN,NaN,NaN,NaN,NaN,NaN,NaN,NaN,NaN,NaN,NaN,NaN,NaN,NaN,NaN,NaN,NaN,NaN,NaN,
70.771,-0.01308,-0.01629,0.12969,-0.36785,-0.20646,-0.25829,0.86911,NaN,NaN,NaN,NaN,NaN,NaN,NaN,NaN,NaN,NaN,NaN,NaN,NaN,NaN,NaN,NaN,NaN,NaN,NaN,NaN,NaN,
70.796,-0.01317,-0.01628,0.12964,-0.36765,-0.20671,-0.25828,0.86913,NaN,NaN,NaN,NaN,NaN,NaN,NaN,NaN,NaN,NaN,NaN,NaN,NaN,NaN,NaN,NaN,NaN,NaN,NaN,NaN,NaN,
70.821,-0.01313,-0.01634,0.12963,-0.36786,-0.20646,-0.25828,0.86911,NaN,NaN,NaN,NaN,NaN,NaN,NaN,NaN,NaN,NaN,NaN,NaN,NaN,NaN,NaN,NaN,NaN,NaN,NaN,NaN,NaN,
70.846,-0.01317,-0.01633,0.12964,-0.36770,-0.20661,-0.25832,0.86913,NaN,NaN,NaN,NaN,NaN,NaN,NaN,NaN,NaN,NaN,NaN,NaN,NaN,NaN,NaN,NaN,NaN,NaN,NaN,NaN,NaN,
70.871,-0.01314,-0.01634,0.12956,-0.36790,-0.20663,-0.25808,0.86911,NaN,NaN,NaN,NaN,NaN,NaN,NaN,NaN,NaN,NaN,NaN,NaN,NaN,NaN,NaN,NaN,NaN,NaN,NaN,NaN,NaN,
70.896,-0.01314,-0.01631,0.12964,-0.36784,-0.20636,-0.25839,0.86910,NaN,NaN,NaN,NaN,NaN,NaN,NaN,NaN,NaN,NaN,NaN,NaN,NaN,NaN,NaN,NaN,NaN,NaN,NaN,NaN,NaN,
70.921,-0.01307,-0.01639,0.12963,-0.36775,-0.20530,-0.25949,0.86907,NaN,NaN,NaN,NaN,NaN,NaN,NaN,NaN,NaN,NaN,NaN,NaN,NaN,NaN,NaN,NaN,NaN,NaN,NaN,NaN,NaN,
70.946,-0.01282,-0.01651,0.12956,-0.36891,-0.20178,-0.26144,0.86881,NaN,NaN,NaN,NaN,NaN,NaN,NaN,NaN,NaN,NaN,NaN,NaN,NaN,NaN,NaN,NaN,NaN,NaN,NaN,NaN,NaN,
70.971,-0.01251,-0.01676,0.12959,-0.36857,-0.19774,-0.26558,0.86863,NaN,NaN,NaN,NaN,NaN,NaN,NaN,NaN,NaN,NaN,NaN,NaN,NaN,NaN,NaN,NaN,NaN,NaN,NaN,NaN,NaN,
70.996,-0.01201,-0.01693,0.12958,-0.36970,-0.19337,-0.26832,0.86830,NaN,NaN,NaN,NaN,NaN,NaN,NaN,NaN,NaN,NaN,NaN,NaN,NaN,NaN,NaN,NaN,NaN,NaN,NaN,NaN,NaN,
71.021,-0.01187,-0.01715,0.12941,-0.37064,-0.19012,-0.27022,0.86802,NaN,NaN,NaN,NaN,NaN,NaN,NaN,NaN,NaN,NaN,NaN,NaN,NaN,NaN,NaN,NaN,NaN,NaN,NaN,NaN,NaN,
71.046,-0.01172,-0.01726,0.12938,-0.37108,-0.18798,-0.27167,0.86785,NaN,NaN,NaN,NaN,NaN,NaN,NaN,NaN,NaN,NaN,NaN,NaN,NaN,NaN,NaN,NaN,NaN,NaN,NaN,NaN,NaN,
71.071,-0.01153,-0.01727,0.12943,-0.37132,-0.18663,-0.27262,0.86774,NaN,NaN,NaN,NaN,NaN,NaN,NaN,NaN,NaN,NaN,NaN,NaN,NaN,NaN,NaN,NaN,NaN,NaN,NaN,NaN,NaN,
71.096,-0.01152,-0.01737,0.12933,-0.37087,-0.18585,-0.27384,0.86771,NaN,NaN,NaN,NaN,NaN,NaN,NaN,NaN,NaN,NaN,NaN,NaN,NaN,NaN,NaN,NaN,NaN,NaN,NaN,NaN,NaN,
71.121,-0.01135,-0.01747,0.12939,-0.37152,-0.18423,-0.27457,0.86755,NaN,NaN,NaN,NaN,NaN,NaN,NaN,NaN,NaN,NaN,NaN,NaN,NaN,NaN,NaN,NaN,NaN,NaN,NaN,NaN,NaN,
71.146,-0.01133,-0.01749,0.12944,-0.37128,-0.18375,-0.27527,0.86753,NaN,NaN,NaN,NaN,NaN,NaN,NaN,NaN,NaN,NaN,NaN,NaN,NaN,NaN,NaN,NaN,NaN,NaN,NaN,NaN,NaN,
71.171,-0.01128,-0.01750,0.12940,-0.37112,-0.18357,-0.27562,0.86753,NaN,NaN,NaN,NaN,NaN,NaN,NaN,NaN,NaN,NaN,NaN,NaN,NaN,NaN,NaN,NaN,NaN,NaN,NaN,NaN,NaN,
71.196,-0.01126,-0.01754,0.12936,-0.37126,-0.18339,-0.27563,0.86750,NaN,NaN,NaN,NaN,NaN,NaN,NaN,NaN,NaN,NaN,NaN,NaN,NaN,NaN,NaN,NaN,NaN,NaN,NaN,NaN,NaN,
71.221,-0.01128,-0.01755,0.12940,-0.37122,-0.18323,-0.27581,0.86750,NaN,NaN,NaN,NaN,NaN,NaN,NaN,NaN,NaN,NaN,NaN,NaN,NaN,NaN,NaN,NaN,NaN,NaN,NaN,NaN,NaN,
71.246,-0.01130,-0.01758,0.12936,-0.37105,-0.18314,-0.27609,0.86750,NaN,NaN,NaN,NaN,NaN,NaN,NaN,NaN,NaN,NaN,NaN,NaN,NaN,NaN,NaN,NaN,NaN,NaN,NaN,NaN,NaN,
71.271,-0.01124,-0.01765,0.12939,-0.37128,-0.18236,-0.27653,0.86743,NaN,NaN,NaN,NaN,NaN,NaN,NaN,NaN,NaN,NaN,NaN,NaN,NaN,NaN,NaN,NaN,NaN,NaN,NaN,NaN,NaN,
71.296,-0.01114,-0.01765,0.12952,-0.37174,-0.18102,-0.27722,0.86729,NaN,NaN,NaN,NaN,NaN,NaN,NaN,NaN,NaN,NaN,NaN,NaN,NaN,NaN,NaN,NaN,NaN,NaN,NaN,NaN,NaN,
71.321,-0.01098,-0.01769,0.12956,-0.37249,-0.17922,-0.27798,0.86710,NaN,NaN,NaN,NaN,NaN,NaN,NaN,NaN,NaN,NaN,NaN,NaN,NaN,NaN,NaN,NaN,NaN,NaN,NaN,NaN,NaN,
71.346,-0.01081,-0.01771,0.12964,-0.37348,-0.17711,-0.27876,0.86686,NaN,NaN,NaN,NaN,NaN,NaN,NaN,NaN,NaN,NaN,NaN,NaN,NaN,NaN,NaN,NaN,NaN,NaN,NaN,NaN,NaN,
71.371,-0.01077,-0.01777,0.12963,-0.37363,-0.17583,-0.27973,0.86674,NaN,NaN,NaN,NaN,NaN,NaN,NaN,NaN,NaN,NaN,NaN,NaN,NaN,NaN,NaN,NaN,NaN,NaN,NaN,NaN,NaN,
71.396,-0.01055,-0.01787,0.12967,-0.37432,-0.17373,-0.28082,0.86651,NaN,NaN,NaN,NaN,NaN,NaN,NaN,NaN,NaN,NaN,NaN,NaN,NaN,NaN,NaN,NaN,NaN,NaN,NaN,NaN,NaN,
71.421,-0.01035,-0.01784,0.12975,-0.37578,-0.17052,-0.28202,0.86613,NaN,NaN,NaN,NaN,NaN,NaN,NaN,NaN,NaN,NaN,NaN,NaN,NaN,NaN,NaN,NaN,NaN,NaN,NaN,NaN,NaN,
71.446,-0.01028,-0.01804,0.12971,-0.37524,-0.16899,-0.28399,0.86602,NaN,NaN,NaN,NaN,NaN,NaN,NaN,NaN,NaN,NaN,NaN,NaN,NaN,NaN,NaN,NaN,NaN,NaN,NaN,NaN,NaN,
71.471,-0.01008,-0.01809,0.12977,-0.37609,-0.16684,-0.28493,0.86576,NaN,NaN,NaN,NaN,NaN,NaN,NaN,NaN,NaN,NaN,NaN,NaN,NaN,NaN,NaN,NaN,NaN,NaN,NaN,NaN,NaN,
71.496,-0.01003,-0.01822,0.12974,-0.37600,-0.16545,-0.28625,0.86563,NaN,NaN,NaN,NaN,NaN,NaN,NaN,NaN,NaN,NaN,NaN,NaN,NaN,NaN,NaN,NaN,NaN,NaN,NaN,NaN,NaN,
71.521,-0.00989,-0.01828,0.12982,-0.37624,-0.16456,-0.28677,0.86552,NaN,NaN,NaN,NaN,NaN,NaN,NaN,NaN,NaN,NaN,NaN,NaN,NaN,NaN,NaN,NaN,NaN,NaN,NaN,NaN,NaN,
71.546,-0.00995,-0.01829,0.12981,-0.37561,-0.16484,-0.28723,0.86559,NaN,NaN,NaN,NaN,NaN,NaN,NaN,NaN,NaN,NaN,NaN,NaN,NaN,NaN,NaN,NaN,NaN,NaN,NaN,NaN,NaN,
71.571,-0.00990,-0.01834,0.12987,-0.37574,-0.16422,-0.28762,0.86552,NaN,NaN,NaN,NaN,NaN,NaN,NaN,NaN,NaN,NaN,NaN,NaN,NaN,NaN,NaN,NaN,NaN,NaN,NaN,NaN,NaN,
71.596,-0.00988,-0.01833,0.12984,-0.37581,-0.16423,-0.28754,0.86551,NaN,NaN,NaN,NaN,NaN,NaN,NaN,NaN,NaN,NaN,NaN,NaN,NaN,NaN,NaN,NaN,NaN,NaN,NaN,NaN,NaN,
71.621,-0.00992,-0.01836,0.12984,-0.37569,-0.16394,-0.28794,0.86549,NaN,NaN,NaN,NaN,NaN,NaN,NaN,NaN,NaN,NaN,NaN,NaN,NaN,NaN,NaN,NaN,NaN,NaN,NaN,NaN,NaN,
71.646,-0.00981,-0.01841,0.12985,-0.37613,-0.16318,-0.28810,0.86539,NaN,NaN,NaN,NaN,NaN,NaN,NaN,NaN,NaN,NaN,NaN,NaN,NaN,NaN,NaN,NaN,NaN,NaN,NaN,NaN,NaN,
71.671,-0.00983,-0.01839,0.12988,-0.37608,-0.16303,-0.28829,0.86537,NaN,NaN,NaN,NaN,NaN,NaN,NaN,NaN,NaN,NaN,NaN,NaN,NaN,NaN,NaN,NaN,NaN,NaN,NaN,NaN,NaN,
71.696,-0.00980,-0.01840,0.12989,-0.37628,-0.16289,-0.28819,0.86535,NaN,NaN,NaN,NaN,NaN,NaN,NaN,NaN,NaN,NaN,NaN,NaN,NaN,NaN,NaN,NaN,NaN,NaN,NaN,NaN,NaN,
71.721,-0.00983,-0.01839,0.12986,-0.37623,-0.16297,-0.28817,0.86536,NaN,NaN,NaN,NaN,NaN,NaN,NaN,NaN,NaN,NaN,NaN,NaN,NaN,NaN,NaN,NaN,NaN,NaN,NaN,NaN,NaN,
71.746,-0.00981,-0.01836,0.12988,-0.37627,-0.16297,-0.28813,0.86536,NaN,NaN,NaN,NaN,NaN,NaN,NaN,NaN,NaN,NaN,NaN,NaN,NaN,NaN,NaN,NaN,NaN,NaN,NaN,NaN,NaN,
71.771,-0.00979,-0.01839,0.12988,-0.37629,-0.16285,-0.28822,0.86534,NaN,NaN,NaN,NaN,NaN,NaN,NaN,NaN,NaN,NaN,NaN,NaN,NaN,NaN,NaN,NaN,NaN,NaN,NaN,NaN,NaN,
71.796,-0.00981,-0.01836,0.12988,-0.37614,-0.16296,-0.28828,0.86536,NaN,NaN,NaN,NaN,NaN,NaN,NaN,NaN,NaN,NaN,NaN,NaN,NaN,NaN,NaN,NaN,NaN,NaN,NaN,NaN,NaN,
71.821,-0.00981,-0.01838,0.12987,-0.37613,-0.16313,-0.28815,0.86538,NaN,NaN,NaN,NaN,NaN,NaN,NaN,NaN,NaN,NaN,NaN,NaN,NaN,NaN,NaN,NaN,NaN,NaN,NaN,NaN,NaN,
71.846,-0.00980,-0.01839,0.12987,-0.37616,-0.16302,-0.28821,0.86537,NaN,NaN,NaN,NaN,NaN,NaN,NaN,NaN,NaN,NaN,NaN,NaN,NaN,NaN,NaN,NaN,NaN,NaN,NaN,NaN,NaN,
71.871,-0.00980,-0.01838,0.12987,-0.37621,-0.16295,-0.28821,0.86536,NaN,NaN,NaN,NaN,NaN,NaN,NaN,NaN,NaN,NaN,NaN,NaN,NaN,NaN,NaN,NaN,NaN,NaN,NaN,NaN,NaN,
71.896,-0.00980,-0.01838,0.12987,-0.37624,-0.16292,-0.28821,0.86535,NaN,NaN,NaN,NaN,NaN,NaN,NaN,NaN,NaN,NaN,NaN,NaN,NaN,NaN,NaN,NaN,NaN,NaN,NaN,NaN,NaN,
71.921,-0.00980,-0.01838,0.12987,-0.37624,-0.16289,-0.28822,0.86535,NaN,NaN,NaN,NaN,NaN,NaN,NaN,NaN,NaN,NaN,NaN,NaN,NaN,NaN,NaN,NaN,NaN,NaN,NaN,NaN,NaN,
71.946,-0.00980,-0.01838,0.12987,-0.37624,-0.16289,-0.28822,0.86535,NaN,NaN,NaN,NaN,NaN,NaN,NaN,NaN,NaN,NaN,NaN,NaN,NaN,NaN,NaN,NaN,NaN,NaN,NaN,NaN,NaN,
71.971,-0.00980,-0.01839,0.12987,-0.37626,-0.16284,-0.28825,0.86534,NaN,NaN,NaN,NaN,NaN,NaN,NaN,NaN,NaN,NaN,NaN,NaN,NaN,NaN,NaN,NaN,NaN,NaN,NaN,NaN,NaN,
71.996,-0.00979,-0.01838,0.12987,-0.37627,-0.16283,-0.28826,0.86534,NaN,NaN,NaN,NaN,NaN,NaN,NaN,NaN,NaN,NaN,NaN,NaN,NaN,NaN,NaN,NaN,NaN,NaN,NaN,NaN,NaN,
72.021,-0.00980,-0.01838,0.12986,-0.37629,-0.16280,-0.28826,0.86534,NaN,NaN,NaN,NaN,NaN,NaN,NaN,NaN,NaN,NaN,NaN,NaN,NaN,NaN,NaN,NaN,NaN,NaN,NaN,NaN,NaN,
72.046,-0.00979,-0.01838,0.12986,-0.37630,-0.16276,-0.28827,0.86533,NaN,NaN,NaN,NaN,NaN,NaN,NaN,NaN,NaN,NaN,NaN,NaN,NaN,NaN,NaN,NaN,NaN,NaN,NaN,NaN,NaN,
72.071,-0.00979,-0.01837,0.12986,-0.37632,-0.16271,-0.28830,0.86533,NaN,NaN,NaN,NaN,NaN,NaN,NaN,NaN,NaN,NaN,NaN,NaN,NaN,NaN,NaN,NaN,NaN,NaN,NaN,NaN,NaN,
72.096,-0.00979,-0.01835,0.12983,-0.37648,-0.16247,-0.28833,0.86529,NaN,NaN,NaN,NaN,NaN,NaN,NaN,NaN,NaN,NaN,NaN,NaN,NaN,NaN,NaN,NaN,NaN,NaN,NaN,NaN,NaN,
72.121,-0.00980,-0.01838,0.12985,-0.37662,-0.16214,-0.28846,0.86525,NaN,NaN,NaN,NaN,NaN,NaN,NaN,NaN,NaN,NaN,NaN,NaN,NaN,NaN,NaN,NaN,NaN,NaN,NaN,NaN,NaN,
72.146,-0.00974,-0.01841,0.12985,-0.37662,-0.16176,-0.28880,0.86521,NaN,NaN,NaN,NaN,NaN,NaN,NaN,NaN,NaN,NaN,NaN,NaN,NaN,NaN,NaN,NaN,NaN,NaN,NaN,NaN,NaN,
72.171,-0.00979,-0.01845,0.12976,-0.37682,-0.16012,-0.29001,0.86502,NaN,NaN,NaN,NaN,NaN,NaN,NaN,NaN,NaN,NaN,NaN,NaN,NaN,NaN,NaN,NaN,NaN,NaN,NaN,NaN,NaN,
72.196,-0.00935,-0.01857,0.12985,-0.37798,-0.15719,-0.29125,0.86464,NaN,NaN,NaN,NaN,NaN,NaN,NaN,NaN,NaN,NaN,NaN,NaN,NaN,NaN,NaN,NaN,NaN,NaN,NaN,NaN,NaN,
72.221,-0.00937,-0.01859,0.12972,-0.37840,-0.15562,-0.29213,0.86444,NaN,NaN,NaN,NaN,NaN,NaN,NaN,NaN,NaN,NaN,NaN,NaN,NaN,NaN,NaN,NaN,NaN,NaN,NaN,NaN,NaN,
72.246,-0.00907,-0.01869,0.12977,-0.37922,-0.15307,-0.29342,0.86410,NaN,NaN,NaN,NaN,NaN,NaN,NaN,NaN,NaN,NaN,NaN,NaN,NaN,NaN,NaN,NaN,NaN,NaN,NaN,NaN,NaN,
72.271,-0.00894,-0.01871,0.12973,-0.37968,-0.15158,-0.29418,0.86390,NaN,NaN,NaN,NaN,NaN,NaN,NaN,NaN,NaN,NaN,NaN,NaN,NaN,NaN,NaN,NaN,NaN,NaN,NaN,NaN,NaN,
72.296,-0.00878,-0.01880,0.12970,-0.38033,-0.14937,-0.29536,0.86360,NaN,NaN,NaN,NaN,NaN,NaN,NaN,NaN,NaN,NaN,NaN,NaN,NaN,NaN,NaN,NaN,NaN,NaN,NaN,NaN,NaN,
72.321,-0.00846,-0.01893,0.12965,-0.38150,-0.14556,-0.29731,0.86306,NaN,NaN,NaN,NaN,NaN,NaN,NaN,NaN,NaN,NaN,NaN,NaN,NaN,NaN,NaN,NaN,NaN,NaN,NaN,NaN,NaN,
72.346,-0.00790,-0.01899,0.12970,-0.38426,-0.13954,-0.29933,0.86213,NaN,NaN,NaN,NaN,NaN,NaN,NaN,NaN,NaN,NaN,NaN,NaN,NaN,NaN,NaN,NaN,NaN,NaN,NaN,NaN,NaN,
72.371,-0.00768,-0.01921,0.12960,-0.38499,-0.13684,-0.30080,0.86173,NaN,NaN,NaN,NaN,NaN,NaN,NaN,NaN,NaN,NaN,NaN,NaN,NaN,NaN,NaN,NaN,NaN,NaN,NaN,NaN,NaN,
72.396,-0.00790,-0.01933,0.12940,-0.38469,-0.13600,-0.30184,0.86163,NaN,NaN,NaN,NaN,NaN,NaN,NaN,NaN,NaN,NaN,NaN,NaN,NaN,NaN,NaN,NaN,NaN,NaN,NaN,NaN,NaN,
72.421,-0.00740,-0.01932,0.12961,-0.38597,-0.13298,-0.30295,0.86114,NaN,NaN,NaN,NaN,NaN,NaN,NaN,NaN,NaN,NaN,NaN,NaN,NaN,NaN,NaN,NaN,NaN,NaN,NaN,NaN,NaN,
72.446,-0.00736,-0.01932,0.12953,-0.38602,-0.13269,-0.30314,0.86110,NaN,NaN,NaN,NaN,NaN,NaN,NaN,NaN,NaN,NaN,NaN,NaN,NaN,NaN,NaN,NaN,NaN,NaN,NaN,NaN,NaN,
72.471,-0.00728,-0.01932,0.12952,-0.38640,-0.13177,-0.30348,0.86095,NaN,NaN,NaN,NaN,NaN,NaN,NaN,NaN,NaN,NaN,NaN,NaN,NaN,NaN,NaN,NaN,NaN,NaN,NaN,NaN,NaN,
72.496,-0.00716,-0.01938,0.12949,-0.38711,-0.13005,-0.30412,0.86066,NaN,NaN,NaN,NaN,NaN,NaN,NaN,NaN,NaN,NaN,NaN,NaN,NaN,NaN,NaN,NaN,NaN,NaN,NaN,NaN,NaN,
72.521,-0.00695,-0.01939,0.12955,-0.38828,-0.12795,-0.30457,0.86029,NaN,NaN,NaN,NaN,NaN,NaN,NaN,NaN,NaN,NaN,NaN,NaN,NaN,NaN,NaN,NaN,NaN,NaN,NaN,NaN,NaN,
72.546,-0.00699,-0.01942,0.12950,-0.38810,-0.12778,-0.30492,0.86028,NaN,NaN,NaN,NaN,NaN,NaN,NaN,NaN,NaN,NaN,NaN,NaN,NaN,NaN,NaN,NaN,NaN,NaN,NaN,NaN,NaN,
72.571,-0.00698,-0.01945,0.12948,-0.38829,-0.12756,-0.30488,0.86024,NaN,NaN,NaN,NaN,NaN,NaN,NaN,NaN,NaN,NaN,NaN,NaN,NaN,NaN,NaN,NaN,NaN,NaN,NaN,NaN,NaN,
72.596,-0.00699,-0.01942,0.12953,-0.38819,-0.12747,-0.30506,0.86023,NaN,NaN,NaN,NaN,NaN,NaN,NaN,NaN,NaN,NaN,NaN,NaN,NaN,NaN,NaN,NaN,NaN,NaN,NaN,NaN,NaN,
72.621,-0.00694,-0.01943,0.12952,-0.38823,-0.12743,-0.30506,0.86022,NaN,NaN,NaN,NaN,NaN,NaN,NaN,NaN,NaN,NaN,NaN,NaN,NaN,NaN,NaN,NaN,NaN,NaN,NaN,NaN,NaN,
72.646,-0.00692,-0.01941,0.12951,-0.38824,-0.12743,-0.30504,0.86022,NaN,NaN,NaN,NaN,NaN,NaN,NaN,NaN,NaN,NaN,NaN,NaN,NaN,NaN,NaN,NaN,NaN,NaN,NaN,NaN,NaN,
72.671,-0.00694,-0.01944,0.12952,-0.38816,-0.12733,-0.30522,0.86021,NaN,NaN,NaN,NaN,NaN,NaN,NaN,NaN,NaN,NaN,NaN,NaN,NaN,NaN,NaN,NaN,NaN,NaN,NaN,NaN,NaN,
72.696,-0.00688,-0.01944,0.12950,-0.38835,-0.12722,-0.30510,0.86018,NaN,NaN,NaN,NaN,NaN,NaN,NaN,NaN,NaN,NaN,NaN,NaN,NaN,NaN,NaN,NaN,NaN,NaN,NaN,NaN,NaN,
72.721,-0.00691,-0.01946,0.12950,-0.38836,-0.12712,-0.30517,0.86017,NaN,NaN,NaN,NaN,NaN,NaN,NaN,NaN,NaN,NaN,NaN,NaN,NaN,NaN,NaN,NaN,NaN,NaN,NaN,NaN,NaN,
72.746,-0.00692,-0.01944,0.12951,-0.38824,-0.12738,-0.30509,0.86021,NaN,NaN,NaN,NaN,NaN,NaN,NaN,NaN,NaN,NaN,NaN,NaN,NaN,NaN,NaN,NaN,NaN,NaN,NaN,NaN,NaN,
72.771,-0.00691,-0.01944,0.12950,-0.38829,-0.12728,-0.30511,0.86020,NaN,NaN,NaN,NaN,NaN,NaN,NaN,NaN,NaN,NaN,NaN,NaN,NaN,NaN,NaN,NaN,NaN,NaN,NaN,NaN,NaN,
72.796,-0.00690,-0.01944,0.12951,-0.38833,-0.12717,-0.30516,0.86018,NaN,NaN,NaN,NaN,NaN,NaN,NaN,NaN,NaN,NaN,NaN,NaN,NaN,NaN,NaN,NaN,NaN,NaN,NaN,NaN,NaN,
72.821,-0.00686,-0.01948,0.12953,-0.38869,-0.12648,-0.30533,0.86006,NaN,NaN,NaN,NaN,NaN,NaN,NaN,NaN,NaN,NaN,NaN,NaN,NaN,NaN,NaN,NaN,NaN,NaN,NaN,NaN,NaN,
72.846,-0.00682,-0.01946,0.12954,-0.38872,-0.12630,-0.30545,0.86003,NaN,NaN,NaN,NaN,NaN,NaN,NaN,NaN,NaN,NaN,NaN,NaN,NaN,NaN,NaN,NaN,NaN,NaN,NaN,NaN,NaN,
72.871,-0.00682,-0.01947,0.12954,-0.38871,-0.12609,-0.30563,0.86000,NaN,NaN,NaN,NaN,NaN,NaN,NaN,NaN,NaN,NaN,NaN,NaN,NaN,NaN,NaN,NaN,NaN,NaN,NaN,NaN,NaN,
72.896,-0.00676,-0.01948,0.12952,-0.38899,-0.12574,-0.30561,0.85993,NaN,NaN,NaN,NaN,NaN,NaN,NaN,NaN,NaN,NaN,NaN,NaN,NaN,NaN,NaN,NaN,NaN,NaN,NaN,NaN,NaN,
72.921,-0.00679,-0.01949,0.12952,-0.38915,-0.12524,-0.30584,0.85985,NaN,NaN,NaN,NaN,NaN,NaN,NaN,NaN,NaN,NaN,NaN,NaN,NaN,NaN,NaN,NaN,NaN,NaN,NaN,NaN,NaN,
72.946,-0.00662,-0.01952,0.12954,-0.38980,-0.12402,-0.30613,0.85963,NaN,NaN,NaN,NaN,NaN,NaN,NaN,NaN,NaN,NaN,NaN,NaN,NaN,NaN,NaN,NaN,NaN,NaN,NaN,NaN,NaN,
72.971,-0.00659,-0.01941,0.12951,-0.39150,-0.12226,-0.30568,0.85927,NaN,NaN,NaN,NaN,NaN,NaN,NaN,NaN,NaN,NaN,NaN,NaN,NaN,NaN,NaN,NaN,NaN,NaN,NaN,NaN,NaN,
72.996,-0.00643,-0.01943,0.12960,-0.39238,-0.12050,-0.30615,0.85895,NaN,NaN,NaN,NaN,NaN,NaN,NaN,NaN,NaN,NaN,NaN,NaN,NaN,NaN,NaN,NaN,NaN,NaN,NaN,NaN,NaN,
73.021,-0.00637,-0.01938,0.12960,-0.39339,-0.11929,-0.30602,0.85870,NaN,NaN,NaN,NaN,NaN,NaN,NaN,NaN,NaN,NaN,NaN,NaN,NaN,NaN,NaN,NaN,NaN,NaN,NaN,NaN,NaN,
73.046,-0.00630,-0.01938,0.12965,-0.39391,-0.11824,-0.30629,0.85851,NaN,NaN,NaN,NaN,NaN,NaN,NaN,NaN,NaN,NaN,NaN,NaN,NaN,NaN,NaN,NaN,NaN,NaN,NaN,NaN,NaN,
73.071,-0.00626,-0.01937,0.12963,-0.39436,-0.11767,-0.30625,0.85839,NaN,NaN,NaN,NaN,NaN,NaN,NaN,NaN,NaN,NaN,NaN,NaN,NaN,NaN,NaN,NaN,NaN,NaN,NaN,NaN,NaN,
73.096,-0.00621,-0.01935,0.12965,-0.39462,-0.11709,-0.30645,0.85829,NaN,NaN,NaN,NaN,NaN,NaN,NaN,NaN,NaN,NaN,NaN,NaN,NaN,NaN,NaN,NaN,NaN,NaN,NaN,NaN,NaN,
73.121,-0.00617,-0.01939,0.12962,-0.39509,-0.11640,-0.30648,0.85815,NaN,NaN,NaN,NaN,NaN,NaN,NaN,NaN,NaN,NaN,NaN,NaN,NaN,NaN,NaN,NaN,NaN,NaN,NaN,NaN,NaN,
73.146,-0.00608,-0.01940,0.12968,-0.39604,-0.11428,-0.30716,0.85776,NaN,NaN,NaN,NaN,NaN,NaN,NaN,NaN,NaN,NaN,NaN,NaN,NaN,NaN,NaN,NaN,NaN,NaN,NaN,NaN,NaN,
73.171,-0.00578,-0.01934,0.12975,-0.39850,-0.11118,-0.30691,0.85711,NaN,NaN,NaN,NaN,NaN,NaN,NaN,NaN,NaN,NaN,NaN,NaN,NaN,NaN,NaN,NaN,NaN,NaN,NaN,NaN,NaN,
73.196,-0.00583,-0.01933,0.12973,-0.39864,-0.11082,-0.30706,0.85704,NaN,NaN,NaN,NaN,NaN,NaN,NaN,NaN,NaN,NaN,NaN,NaN,NaN,NaN,NaN,NaN,NaN,NaN,NaN,NaN,NaN,
73.221,-0.00582,-0.01936,0.12972,-0.39867,-0.11054,-0.30725,0.85699,NaN,NaN,NaN,NaN,NaN,NaN,NaN,NaN,NaN,NaN,NaN,NaN,NaN,NaN,NaN,NaN,NaN,NaN,NaN,NaN,NaN,
73.246,-0.00574,-0.01935,0.12969,-0.39918,-0.10998,-0.30714,0.85687,NaN,NaN,NaN,NaN,NaN,NaN,NaN,NaN,NaN,NaN,NaN,NaN,NaN,NaN,NaN,NaN,NaN,NaN,NaN,NaN,NaN,
73.271,-0.00574,-0.01932,0.12969,-0.39943,-0.10929,-0.30741,0.85674,NaN,NaN,NaN,NaN,NaN,NaN,NaN,NaN,NaN,NaN,NaN,NaN,NaN,NaN,NaN,NaN,NaN,NaN,NaN,NaN,NaN,
73.296,-0.00562,-0.01936,0.12969,-0.39985,-0.10827,-0.30777,0.85655,NaN,NaN,NaN,NaN,NaN,NaN,NaN,NaN,NaN,NaN,NaN,NaN,NaN,NaN,NaN,NaN,NaN,NaN,NaN,NaN,NaN,
73.321,-0.00560,-0.01939,0.12968,-0.39995,-0.10781,-0.30803,0.85646,NaN,NaN,NaN,NaN,NaN,NaN,NaN,NaN,NaN,NaN,NaN,NaN,NaN,NaN,NaN,NaN,NaN,NaN,NaN,NaN,NaN,
73.346,-0.00557,-0.01941,0.12973,-0.40005,-0.10724,-0.30838,0.85636,NaN,NaN,NaN,NaN,NaN,NaN,NaN,NaN,NaN,NaN,NaN,NaN,NaN,NaN,NaN,NaN,NaN,NaN,NaN,NaN,NaN,
73.371,-0.00550,-0.01944,0.12968,-0.40027,-0.10674,-0.30854,0.85627,NaN,NaN,NaN,NaN,NaN,NaN,NaN,NaN,NaN,NaN,NaN,NaN,NaN,NaN,NaN,NaN,NaN,NaN,NaN,NaN,NaN,
73.396,-0.00538,-0.01943,0.12971,-0.40098,-0.10546,-0.30878,0.85601,NaN,NaN,NaN,NaN,NaN,NaN,NaN,NaN,NaN,NaN,NaN,NaN,NaN,NaN,NaN,NaN,NaN,NaN,NaN,NaN,NaN,
73.421,-0.00538,-0.01949,0.12965,-0.40114,-0.10451,-0.30937,0.85584,NaN,NaN,NaN,NaN,NaN,NaN,NaN,NaN,NaN,NaN,NaN,NaN,NaN,NaN,NaN,NaN,NaN,NaN,NaN,NaN,NaN,
73.446,-0.00500,-0.01957,0.12977,-0.40266,-0.10145,-0.31013,0.85522,NaN,NaN,NaN,NaN,NaN,NaN,NaN,NaN,NaN,NaN,NaN,NaN,NaN,NaN,NaN,NaN,NaN,NaN,NaN,NaN,NaN,
73.471,-0.00465,-0.01946,0.12964,-0.40509,-0.09772,-0.31038,0.85441,NaN,NaN,NaN,NaN,NaN,NaN,NaN,NaN,NaN,NaN,NaN,NaN,NaN,NaN,NaN,NaN,NaN,NaN,NaN,NaN,NaN,
73.496,-0.00416,-0.01939,0.12958,-0.40797,-0.09269,-0.31115,0.85332,NaN,NaN,NaN,NaN,NaN,NaN,NaN,NaN,NaN,NaN,NaN,NaN,NaN,NaN,NaN,NaN,NaN,NaN,NaN,NaN,NaN,
73.521,-0.00426,-0.01971,0.12961,-0.40752,-0.09058,-0.31335,0.85296,NaN,NaN,NaN,NaN,NaN,NaN,NaN,NaN,NaN,NaN,NaN,NaN,NaN,NaN,NaN,NaN,NaN,NaN,NaN,NaN,NaN,
73.546,-0.00396,-0.01978,0.12962,-0.40903,-0.08805,-0.31365,0.85239,NaN,NaN,NaN,NaN,NaN,NaN,NaN,NaN,NaN,NaN,NaN,NaN,NaN,NaN,NaN,NaN,NaN,NaN,NaN,NaN,NaN,
73.571,-0.00386,-0.01975,0.12953,-0.40976,-0.08681,-0.31381,0.85211,NaN,NaN,NaN,NaN,NaN,NaN,NaN,NaN,NaN,NaN,NaN,NaN,NaN,NaN,NaN,NaN,NaN,NaN,NaN,NaN,NaN,
73.596,-0.00387,-0.01983,0.12956,-0.41020,-0.08555,-0.31430,0.85184,NaN,NaN,NaN,NaN,NaN,NaN,NaN,NaN,NaN,NaN,NaN,NaN,NaN,NaN,NaN,NaN,NaN,NaN,NaN,NaN,NaN,
73.621,-0.00371,-0.01982,0.12949,-0.41100,-0.08451,-0.31422,0.85159,NaN,NaN,NaN,NaN,NaN,NaN,NaN,NaN,NaN,NaN,NaN,NaN,NaN,NaN,NaN,NaN,NaN,NaN,NaN,NaN,NaN,
73.646,-0.00371,-0.01985,0.12951,-0.41147,-0.08356,-0.31444,0.85137,NaN,NaN,NaN,NaN,NaN,NaN,NaN,NaN,NaN,NaN,NaN,NaN,NaN,NaN,NaN,NaN,NaN,NaN,NaN,NaN,NaN,
73.671,-0.00361,-0.01984,0.12949,-0.41210,-0.08279,-0.31433,0.85118,NaN,NaN,NaN,NaN,NaN,NaN,NaN,NaN,NaN,NaN,NaN,NaN,NaN,NaN,NaN,NaN,NaN,NaN,NaN,NaN,NaN,
73.696,-0.00360,-0.01984,0.12951,-0.41216,-0.08238,-0.31458,0.85110,NaN,NaN,NaN,NaN,NaN,NaN,NaN,NaN,NaN,NaN,NaN,NaN,NaN,NaN,NaN,NaN,NaN,NaN,NaN,NaN,NaN,
73.721,-0.00357,-0.01982,0.12948,-0.41239,-0.08234,-0.31435,0.85108,NaN,NaN,NaN,NaN,NaN,NaN,NaN,NaN,NaN,NaN,NaN,NaN,NaN,NaN,NaN,NaN,NaN,NaN,NaN,NaN,NaN,
73.746,-0.00357,-0.01982,0.12952,-0.41221,-0.08230,-0.31459,0.85108,NaN,NaN,NaN,NaN,NaN,NaN,NaN,NaN,NaN,NaN,NaN,NaN,NaN,NaN,NaN,NaN,NaN,NaN,NaN,NaN,NaN,
73.771,-0.00356,-0.01985,0.12951,-0.41229,-0.08219,-0.31459,0.85105,NaN,NaN,NaN,NaN,NaN,NaN,NaN,NaN,NaN,NaN,NaN,NaN,NaN,NaN,NaN,NaN,NaN,NaN,NaN,NaN,NaN,
73.796,-0.00354,-0.01986,0.12950,-0.41236,-0.08217,-0.31452,0.85105,NaN,NaN,NaN,NaN,NaN,NaN,NaN,NaN,NaN,NaN,NaN,NaN,NaN,NaN,NaN,NaN,NaN,NaN,NaN,NaN,NaN,
73.821,-0.00355,-0.01987,0.12952,-0.41230,-0.08207,-0.31467,0.85103,NaN,NaN,NaN,NaN,NaN,NaN,NaN,NaN,NaN,NaN,NaN,NaN,NaN,NaN,NaN,NaN,NaN,NaN,NaN,NaN,NaN,
73.846,-0.00353,-0.01988,0.12949,-0.41244,-0.08208,-0.31451,0.85103,NaN,NaN,NaN,NaN,NaN,NaN,NaN,NaN,NaN,NaN,NaN,NaN,NaN,NaN,NaN,NaN,NaN,NaN,NaN,NaN,NaN,
73.871,-0.00354,-0.01985,0.12950,-0.41223,-0.08228,-0.31458,0.85108,NaN,NaN,NaN,NaN,NaN,NaN,NaN,NaN,NaN,NaN,NaN,NaN,NaN,NaN,NaN,NaN,NaN,NaN,NaN,NaN,NaN,
73.896,-0.00354,-0.01985,0.12951,-0.41233,-0.08216,-0.31457,0.85105,NaN,NaN,NaN,NaN,NaN,NaN,NaN,NaN,NaN,NaN,NaN,NaN,NaN,NaN,NaN,NaN,NaN,NaN,NaN,NaN,NaN,
73.921,-0.00353,-0.01985,0.12951,-0.41237,-0.08209,-0.31458,0.85103,NaN,NaN,NaN,NaN,NaN,NaN,NaN,NaN,NaN,NaN,NaN,NaN,NaN,NaN,NaN,NaN,NaN,NaN,NaN,NaN,NaN,
73.946,-0.00349,-0.01987,0.12953,-0.41286,-0.08145,-0.31452,0.85087,NaN,NaN,NaN,NaN,NaN,NaN,NaN,NaN,NaN,NaN,NaN,NaN,NaN,NaN,NaN,NaN,NaN,NaN,NaN,NaN,NaN,
73.971,-0.00343,-0.01986,0.12949,-0.41409,-0.08036,-0.31398,0.85058,NaN,NaN,NaN,NaN,NaN,NaN,NaN,NaN,NaN,NaN,NaN,NaN,NaN,NaN,NaN,NaN,NaN,NaN,NaN,NaN,NaN,
73.996,-0.00329,-0.01982,0.12960,-0.41611,-0.07807,-0.31349,0.84999,NaN,NaN,NaN,NaN,NaN,NaN,NaN,NaN,NaN,NaN,NaN,NaN,NaN,NaN,NaN,NaN,NaN,NaN,NaN,NaN,NaN,
74.021,-0.00325,-0.01983,0.12966,-0.41729,-0.07677,-0.31316,0.84965,NaN,NaN,NaN,NaN,NaN,NaN,NaN,NaN,NaN,NaN,NaN,NaN,NaN,NaN,NaN,NaN,NaN,NaN,NaN,NaN,NaN,
74.046,-0.00326,-0.01973,0.12965,-0.41916,-0.07553,-0.31200,0.84927,NaN,NaN,NaN,NaN,NaN,NaN,NaN,NaN,NaN,NaN,NaN,NaN,NaN,NaN,NaN,NaN,NaN,NaN,NaN,NaN,NaN,
74.071,-0.00318,-0.01968,0.12981,-0.42088,-0.07365,-0.31151,0.84876,NaN,NaN,NaN,NaN,NaN,NaN,NaN,NaN,NaN,NaN,NaN,NaN,NaN,NaN,NaN,NaN,NaN,NaN,NaN,NaN,NaN,
74.096,-0.00313,-0.01968,0.12983,-0.42197,-0.07281,-0.31092,0.84851,NaN,NaN,NaN,NaN,NaN,NaN,NaN,NaN,NaN,NaN,NaN,NaN,NaN,NaN,NaN,NaN,NaN,NaN,NaN,NaN,NaN,
74.121,-0.00310,-0.01967,0.12987,-0.42287,-0.07186,-0.31063,0.84825,NaN,NaN,NaN,NaN,NaN,NaN,NaN,NaN,NaN,NaN,NaN,NaN,NaN,NaN,NaN,NaN,NaN,NaN,NaN,NaN,NaN,
74.146,-0.00306,-0.01966,0.12990,-0.42348,-0.07136,-0.31032,0.84810,NaN,NaN,NaN,NaN,NaN,NaN,NaN,NaN,NaN,NaN,NaN,NaN,NaN,NaN,NaN,NaN,NaN,NaN,NaN,NaN,NaN,
74.171,-0.00305,-0.01967,0.12991,-0.42366,-0.07110,-0.31032,0.84803,NaN,NaN,NaN,NaN,NaN,NaN,NaN,NaN,NaN,NaN,NaN,NaN,NaN,NaN,NaN,NaN,NaN,NaN,NaN,NaN,NaN,
74.196,-0.00305,-0.01966,0.12992,-0.42369,-0.07098,-0.31038,0.84801,NaN,NaN,NaN,NaN,NaN,NaN,NaN,NaN,NaN,NaN,NaN,NaN,NaN,NaN,NaN,NaN,NaN,NaN,NaN,NaN,NaN,
74.221,-0.00304,-0.01968,0.12987,-0.42409,-0.07082,-0.31005,0.84794,NaN,NaN,NaN,NaN,NaN,NaN,NaN,NaN,NaN,NaN,NaN,NaN,NaN,NaN,NaN,NaN,NaN,NaN,NaN,NaN,NaN,
74.246,-0.00303,-0.01966,0.12990,-0.42464,-0.07037,-0.30977,0.84781,NaN,NaN,NaN,NaN,NaN,NaN,NaN,NaN,NaN,NaN,NaN,NaN,NaN,NaN,NaN,NaN,NaN,NaN,NaN,NaN,NaN,
74.271,-0.00305,-0.01967,0.12995,-0.42538,-0.06962,-0.30950,0.84759,NaN,NaN,NaN,NaN,NaN,NaN,NaN,NaN,NaN,NaN,NaN,NaN,NaN,NaN,NaN,NaN,NaN,NaN,NaN,NaN,NaN,
74.296,-0.00301,-0.01968,0.12996,-0.42585,-0.06920,-0.30929,0.84747,NaN,NaN,NaN,NaN,NaN,NaN,NaN,NaN,NaN,NaN,NaN,NaN,NaN,NaN,NaN,NaN,NaN,NaN,NaN,NaN,NaN,
74.321,-0.00300,-0.01966,0.12997,-0.42603,-0.06898,-0.30925,0.84741,NaN,NaN,NaN,NaN,NaN,NaN,NaN,NaN,NaN,NaN,NaN,NaN,NaN,NaN,NaN,NaN,NaN,NaN,NaN,NaN,NaN,
74.346,-0.00298,-0.01962,0.12999,-0.42647,-0.06861,-0.30903,0.84730,NaN,NaN,NaN,NaN,NaN,NaN,NaN,NaN,NaN,NaN,NaN,NaN,NaN,NaN,NaN,NaN,NaN,NaN,NaN,NaN,NaN,
74.371,-0.00296,-0.01961,0.12996,-0.42745,-0.06809,-0.30831,0.84711,NaN,NaN,NaN,NaN,NaN,NaN,NaN,NaN,NaN,NaN,NaN,NaN,NaN,NaN,NaN,NaN,NaN,NaN,NaN,NaN,NaN,
74.396,-0.00294,-0.01960,0.13000,-0.42831,-0.06736,-0.30788,0.84689,NaN,NaN,NaN,NaN,NaN,NaN,NaN,NaN,NaN,NaN,NaN,NaN,NaN,NaN,NaN,NaN,NaN,NaN,NaN,NaN,NaN,
74.421,-0.00294,-0.01959,0.12999,-0.42941,-0.06667,-0.30716,0.84665,NaN,NaN,NaN,NaN,NaN,NaN,NaN,NaN,NaN,NaN,NaN,NaN,NaN,NaN,NaN,NaN,NaN,NaN,NaN,NaN,NaN,
74.446,-0.00290,-0.01957,0.13002,-0.43035,-0.06598,-0.30661,0.84643,NaN,NaN,NaN,NaN,NaN,NaN,NaN,NaN,NaN,NaN,NaN,NaN,NaN,NaN,NaN,NaN,NaN,NaN,NaN,NaN,NaN,
74.471,-0.00292,-0.01956,0.13002,-0.43113,-0.06550,-0.30608,0.84626,NaN,NaN,NaN,NaN,NaN,NaN,NaN,NaN,NaN,NaN,NaN,NaN,NaN,NaN,NaN,NaN,NaN,NaN,NaN,NaN,NaN,
74.496,-0.00290,-0.01954,0.13006,-0.43237,-0.06465,-0.30530,0.84597,NaN,NaN,NaN,NaN,NaN,NaN,NaN,NaN,NaN,NaN,NaN,NaN,NaN,NaN,NaN,NaN,NaN,NaN,NaN,NaN,NaN,
74.521,-0.00285,-0.01953,0.13009,-0.43404,-0.06365,-0.30414,0.84561,NaN,NaN,NaN,NaN,NaN,NaN,NaN,NaN,NaN,NaN,NaN,NaN,NaN,NaN,NaN,NaN,NaN,NaN,NaN,NaN,NaN,
74.546,-0.00285,-0.01948,0.13012,-0.43525,-0.06292,-0.30331,0.84534,NaN,NaN,NaN,NaN,NaN,NaN,NaN,NaN,NaN,NaN,NaN,NaN,NaN,NaN,NaN,NaN,NaN,NaN,NaN,NaN,NaN,
74.571,-0.00279,-0.01944,0.13016,-0.43653,-0.06207,-0.30247,0.84504,NaN,NaN,NaN,NaN,NaN,NaN,NaN,NaN,NaN,NaN,NaN,NaN,NaN,NaN,NaN,NaN,NaN,NaN,NaN,NaN,NaN,
74.596,-0.00264,-0.01961,0.13011,-0.43707,-0.05916,-0.30409,0.84439,NaN,NaN,NaN,NaN,NaN,NaN,NaN,NaN,NaN,NaN,NaN,NaN,NaN,NaN,NaN,NaN,NaN,NaN,NaN,NaN,NaN,
74.621,-0.00167,-0.01939,0.13006,-0.44172,-0.05094,-0.30500,0.84218,NaN,NaN,NaN,NaN,NaN,NaN,NaN,NaN,NaN,NaN,NaN,NaN,NaN,NaN,NaN,NaN,NaN,NaN,NaN,NaN,NaN,
74.646,-0.00144,-0.01952,0.13017,-0.44295,-0.04721,-0.30640,0.84124,NaN,NaN,NaN,NaN,NaN,NaN,NaN,NaN,NaN,NaN,NaN,NaN,NaN,NaN,NaN,NaN,NaN,NaN,NaN,NaN,NaN,
74.671,-0.00142,-0.01949,0.13016,-0.44492,-0.04630,-0.30480,0.84084,NaN,NaN,NaN,NaN,NaN,NaN,NaN,NaN,NaN,NaN,NaN,NaN,NaN,NaN,NaN,NaN,NaN,NaN,NaN,NaN,NaN,
74.696,-0.00136,-0.01948,0.13024,-0.44683,-0.04463,-0.30383,0.84026,NaN,NaN,NaN,NaN,NaN,NaN,NaN,NaN,NaN,NaN,NaN,NaN,NaN,NaN,NaN,NaN,NaN,NaN,NaN,NaN,NaN,
74.721,-0.00116,-0.01941,0.13024,-0.44946,-0.04166,-0.30299,0.83931,NaN,NaN,NaN,NaN,NaN,NaN,NaN,NaN,NaN,NaN,NaN,NaN,NaN,NaN,NaN,NaN,NaN,NaN,NaN,NaN,NaN,
74.746,-0.00087,-0.01936,0.13025,-0.45198,-0.03812,-0.30270,0.83823,NaN,NaN,NaN,NaN,NaN,NaN,NaN,NaN,NaN,NaN,NaN,NaN,NaN,NaN,NaN,NaN,NaN,NaN,NaN,NaN,NaN,
74.771,-0.00061,-0.01937,0.13031,-0.45416,-0.03496,-0.30250,0.83726,NaN,NaN,NaN,NaN,NaN,NaN,NaN,NaN,NaN,NaN,NaN,NaN,NaN,NaN,NaN,NaN,NaN,NaN,NaN,NaN,NaN,
74.796,-0.00043,-0.01929,0.13032,-0.45631,-0.03271,-0.30165,0.83649,NaN,NaN,NaN,NaN,NaN,NaN,NaN,NaN,NaN,NaN,NaN,NaN,NaN,NaN,NaN,NaN,NaN,NaN,NaN,NaN,NaN,
74.821,-0.00026,-0.01927,0.13032,-0.45831,-0.03064,-0.30084,0.83577,NaN,NaN,NaN,NaN,NaN,NaN,NaN,NaN,NaN,NaN,NaN,NaN,NaN,NaN,NaN,NaN,NaN,NaN,NaN,NaN,NaN,
74.846,-0.00012,-0.01926,0.13036,-0.46032,-0.02870,-0.29990,0.83507,NaN,NaN,NaN,NaN,NaN,NaN,NaN,NaN,NaN,NaN,NaN,NaN,NaN,NaN,NaN,NaN,NaN,NaN,NaN,NaN,NaN,
74.871,-0.00004,-0.01922,0.13039,-0.46236,-0.02675,-0.29892,0.83436,NaN,NaN,NaN,NaN,NaN,NaN,NaN,NaN,NaN,NaN,NaN,NaN,NaN,NaN,NaN,NaN,NaN,NaN,NaN,NaN,NaN,
74.896,0.00017,-0.01917,0.13040,-0.46450,-0.02428,-0.29820,0.83350,NaN,NaN,NaN,NaN,NaN,NaN,NaN,NaN,NaN,NaN,NaN,NaN,NaN,NaN,NaN,NaN,NaN,NaN,NaN,NaN,NaN,
74.921,0.00032,-0.01921,0.13042,-0.46564,-0.02265,-0.29806,0.83296,NaN,NaN,NaN,NaN,NaN,NaN,NaN,NaN,NaN,NaN,NaN,NaN,NaN,NaN,NaN,NaN,NaN,NaN,NaN,NaN,NaN,
74.946,0.00041,-0.01922,0.13036,-0.46596,-0.02194,-0.29821,0.83275,NaN,NaN,NaN,NaN,NaN,NaN,NaN,NaN,NaN,NaN,NaN,NaN,NaN,NaN,NaN,NaN,NaN,NaN,NaN,NaN,NaN,
74.971,0.00055,-0.01943,0.13023,-0.46386,-0.02270,-0.30015,0.83321,NaN,NaN,NaN,NaN,NaN,NaN,NaN,NaN,NaN,NaN,NaN,NaN,NaN,NaN,NaN,NaN,NaN,NaN,NaN,NaN,NaN,
74.996,0.00055,-0.01964,0.12995,-0.46153,-0.02488,-0.30130,0.83402,NaN,NaN,NaN,NaN,NaN,NaN,NaN,NaN,NaN,NaN,NaN,NaN,NaN,NaN,NaN,NaN,NaN,NaN,NaN,NaN,NaN,
75.021,0.00039,-0.02051,0.12997,-0.45173,-0.03110,-0.30826,0.83663,NaN,NaN,NaN,NaN,NaN,NaN,NaN,NaN,NaN,NaN,NaN,NaN,NaN,NaN,NaN,NaN,NaN,NaN,NaN,NaN,NaN,
75.046,0.00079,-0.02063,0.12999,-0.44948,-0.03119,-0.31081,0.83689,NaN,NaN,NaN,NaN,NaN,NaN,NaN,NaN,NaN,NaN,NaN,NaN,NaN,NaN,NaN,NaN,NaN,NaN,NaN,NaN,NaN,
75.071,0.00072,-0.02060,0.12978,-0.44954,-0.03119,-0.31075,0.83688,NaN,NaN,NaN,NaN,NaN,NaN,NaN,NaN,NaN,NaN,NaN,NaN,NaN,NaN,NaN,NaN,NaN,NaN,NaN,NaN,NaN,
75.096,0.00126,-0.02084,0.13011,-0.44780,-0.02908,-0.31434,0.83655,NaN,NaN,NaN,NaN,NaN,NaN,NaN,NaN,NaN,NaN,NaN,NaN,NaN,NaN,NaN,NaN,NaN,NaN,NaN,NaN,NaN,
75.121,0.00108,-0.02106,0.12964,-0.44473,-0.03278,-0.31518,0.83774,NaN,NaN,NaN,NaN,NaN,NaN,NaN,NaN,NaN,NaN,NaN,NaN,NaN,NaN,NaN,NaN,NaN,NaN,NaN,NaN,NaN,
75.146,0.00106,-0.02109,0.12972,-0.44416,-0.03275,-0.31586,0.83778,NaN,NaN,NaN,NaN,NaN,NaN,NaN,NaN,NaN,NaN,NaN,NaN,NaN,NaN,NaN,NaN,NaN,NaN,NaN,NaN,NaN,
75.171,0.00111,-0.02114,0.12959,-0.44415,-0.03330,-0.31546,0.83792,NaN,NaN,NaN,NaN,NaN,NaN,NaN,NaN,NaN,NaN,NaN,NaN,NaN,NaN,NaN,NaN,NaN,NaN,NaN,NaN,NaN,
75.196,0.00125,-0.02111,0.12958,-0.44477,-0.03228,-0.31550,0.83762,NaN,NaN,NaN,NaN,NaN,NaN,NaN,NaN,NaN,NaN,NaN,NaN,NaN,NaN,NaN,NaN,NaN,NaN,NaN,NaN,NaN,
75.221,0.00129,-0.02112,0.12956,-0.44545,-0.03137,-0.31538,0.83733,NaN,NaN,NaN,NaN,NaN,NaN,NaN,NaN,NaN,NaN,NaN,NaN,NaN,NaN,NaN,NaN,NaN,NaN,NaN,NaN,NaN,
75.246,0.00147,-0.02106,0.12952,-0.44651,-0.03022,-0.31501,0.83695,NaN,NaN,NaN,NaN,NaN,NaN,NaN,NaN,NaN,NaN,NaN,NaN,NaN,NaN,NaN,NaN,NaN,NaN,NaN,NaN,NaN,
75.271,0.00156,-0.02109,0.12957,-0.44654,-0.02940,-0.31558,0.83675,NaN,NaN,NaN,NaN,NaN,NaN,NaN,NaN,NaN,NaN,NaN,NaN,NaN,NaN,NaN,NaN,NaN,NaN,NaN,NaN,NaN,
75.296,0.00155,-0.02108,0.12950,-0.44652,-0.02968,-0.31539,0.83682,NaN,NaN,NaN,NaN,NaN,NaN,NaN,NaN,NaN,NaN,NaN,NaN,NaN,NaN,NaN,NaN,NaN,NaN,NaN,NaN,NaN,
75.321,0.00158,-0.02111,0.12953,-0.44664,-0.02946,-0.31541,0.83675,NaN,NaN,NaN,NaN,NaN,NaN,NaN,NaN,NaN,NaN,NaN,NaN,NaN,NaN,NaN,NaN,NaN,NaN,NaN,NaN,NaN,
75.346,0.00156,-0.02109,0.12953,-0.44650,-0.02947,-0.31557,0.83677,NaN,NaN,NaN,NaN,NaN,NaN,NaN,NaN,NaN,NaN,NaN,NaN,NaN,NaN,NaN,NaN,NaN,NaN,NaN,NaN,NaN,
75.371,0.00159,-0.02109,0.12952,-0.44663,-0.02940,-0.31547,0.83674,NaN,NaN,NaN,NaN,NaN,NaN,NaN,NaN,NaN,NaN,NaN,NaN,NaN,NaN,NaN,NaN,NaN,NaN,NaN,NaN,NaN,
75.396,0.00160,-0.02109,0.12951,-0.44662,-0.02954,-0.31538,0.83678,NaN,NaN,NaN,NaN,NaN,NaN,NaN,NaN,NaN,NaN,NaN,NaN,NaN,NaN,NaN,NaN,NaN,NaN,NaN,NaN,NaN,
75.421,0.00157,-0.02110,0.12954,-0.44650,-0.02949,-0.31555,0.83678,NaN,NaN,NaN,NaN,NaN,NaN,NaN,NaN,NaN,NaN,NaN,NaN,NaN,NaN,NaN,NaN,NaN,NaN,NaN,NaN,NaN,
75.446,0.00162,-0.02111,0.12952,-0.44676,-0.02949,-0.31526,0.83675,NaN,NaN,NaN,NaN,NaN,NaN,NaN,NaN,NaN,NaN,NaN,NaN,NaN,NaN,NaN,NaN,NaN,NaN,NaN,NaN,NaN,
75.471,0.00159,-0.02109,0.12952,-0.44658,-0.02951,-0.31544,0.83677,NaN,NaN,NaN,NaN,NaN,NaN,NaN,NaN,NaN,NaN,NaN,NaN,NaN,NaN,NaN,NaN,NaN,NaN,NaN,NaN,NaN,
75.496,0.00159,-0.02109,0.12952,-0.44660,-0.02952,-0.31541,0.83677,NaN,NaN,NaN,NaN,NaN,NaN,NaN,NaN,NaN,NaN,NaN,NaN,NaN,NaN,NaN,NaN,NaN,NaN,NaN,NaN,NaN,
75.521,0.00161,-0.02110,0.12952,-0.44667,-0.02948,-0.31536,0.83676,NaN,NaN,NaN,NaN,NaN,NaN,NaN,NaN,NaN,NaN,NaN,NaN,NaN,NaN,NaN,NaN,NaN,NaN,NaN,NaN,NaN,
75.546,0.00162,-0.02109,0.12953,-0.44677,-0.02940,-0.31530,0.83673,NaN,NaN,NaN,NaN,NaN,NaN,NaN,NaN,NaN,NaN,NaN,NaN,NaN,NaN,NaN,NaN,NaN,NaN,NaN,NaN,NaN,
75.571,0.00161,-0.02105,0.12956,-0.44891,-0.02849,-0.31349,0.83630,NaN,NaN,NaN,NaN,NaN,NaN,NaN,NaN,NaN,NaN,NaN,NaN,NaN,NaN,NaN,NaN,NaN,NaN,NaN,NaN,NaN,
75.596,0.00173,-0.02102,0.12971,-0.45080,-0.02674,-0.31258,0.83568,NaN,NaN,NaN,NaN,NaN,NaN,NaN,NaN,NaN,NaN,NaN,NaN,NaN,NaN,NaN,NaN,NaN,NaN,NaN,NaN,NaN,
75.621,0.00192,-0.02101,0.12972,-0.45166,-0.02466,-0.31311,0.83508,NaN,NaN,NaN,NaN,NaN,NaN,NaN,NaN,NaN,NaN,NaN,NaN,NaN,NaN,NaN,NaN,NaN,NaN,NaN,NaN,NaN,
75.646,0.00234,-0.02088,0.12968,-0.45370,-0.02143,-0.31309,0.83407,NaN,NaN,NaN,NaN,NaN,NaN,NaN,NaN,NaN,NaN,NaN,NaN,NaN,NaN,NaN,NaN,NaN,NaN,NaN,NaN,NaN,
75.671,0.00244,-0.02094,0.12973,-0.45426,-0.02011,-0.31341,0.83368,NaN,NaN,NaN,NaN,NaN,NaN,NaN,NaN,NaN,NaN,NaN,NaN,NaN,NaN,NaN,NaN,NaN,NaN,NaN,NaN,NaN,
75.696,0.00242,-0.02092,0.12980,-0.45489,-0.01966,-0.31299,0.83350,NaN,NaN,NaN,NaN,NaN,NaN,NaN,NaN,NaN,NaN,NaN,NaN,NaN,NaN,NaN,NaN,NaN,NaN,NaN,NaN,NaN,
75.721,0.00244,-0.02089,0.12979,-0.45580,-0.01934,-0.31216,0.83332,NaN,NaN,NaN,NaN,NaN,NaN,NaN,NaN,NaN,NaN,NaN,NaN,NaN,NaN,NaN,NaN,NaN,NaN,NaN,NaN,NaN,
75.746,0.00244,-0.02089,0.12979,-0.45580,-0.01934,-0.31216,0.83332,NaN,NaN,NaN,NaN,NaN,NaN,NaN,NaN,NaN,NaN,NaN,NaN,NaN,NaN,NaN,NaN,NaN,NaN,NaN,NaN,NaN,
75.771,0.00258,-0.02082,0.12990,-0.45781,-0.01730,-0.31128,0.83259,NaN,NaN,NaN,NaN,NaN,NaN,NaN,NaN,NaN,NaN,NaN,NaN,NaN,NaN,NaN,NaN,NaN,NaN,NaN,NaN,NaN,
75.796,0.00264,-0.02074,0.12995,-0.45950,-0.01551,-0.31060,0.83195,NaN,NaN,NaN,NaN,NaN,NaN,NaN,NaN,NaN,NaN,NaN,NaN,NaN,NaN,NaN,NaN,NaN,NaN,NaN,NaN,NaN,
75.821,0.00289,-0.02072,0.12997,-0.46091,-0.01365,-0.31029,0.83132,NaN,NaN,NaN,NaN,NaN,NaN,NaN,NaN,NaN,NaN,NaN,NaN,NaN,NaN,NaN,NaN,NaN,NaN,NaN,NaN,NaN,
75.846,0.00286,-0.02065,0.13003,-0.46176,-0.01305,-0.30972,0.83107,NaN,NaN,NaN,NaN,NaN,NaN,NaN,NaN,NaN,NaN,NaN,NaN,NaN,NaN,NaN,NaN,NaN,NaN,NaN,NaN,NaN,
75.871,0.00288,-0.02062,0.13005,-0.46229,-0.01277,-0.30931,0.83094,NaN,NaN,NaN,NaN,NaN,NaN,NaN,NaN,NaN,NaN,NaN,NaN,NaN,NaN,NaN,NaN,NaN,NaN,NaN,NaN,NaN,
75.896,0.00292,-0.02067,0.13004,-0.46274,-0.01264,-0.30887,0.83085,NaN,NaN,NaN,NaN,NaN,NaN,NaN,NaN,NaN,NaN,NaN,NaN,NaN,NaN,NaN,NaN,NaN,NaN,NaN,NaN,NaN,
75.921,0.00290,-0.02077,0.13002,-0.46146,-0.01370,-0.30960,0.83127,NaN,NaN,NaN,NaN,NaN,NaN,NaN,NaN,NaN,NaN,NaN,NaN,NaN,NaN,NaN,NaN,NaN,NaN,NaN,NaN,NaN,
75.946,0.00298,-0.02089,0.13007,-0.46058,-0.01362,-0.31071,0.83135,NaN,NaN,NaN,NaN,NaN,NaN,NaN,NaN,NaN,NaN,NaN,NaN,NaN,NaN,NaN,NaN,NaN,NaN,NaN,NaN,NaN,
75.971,0.00317,-0.02116,0.13004,-0.45641,-0.01516,-0.31449,0.83220,NaN,NaN,NaN,NaN,NaN,NaN,NaN,NaN,NaN,NaN,NaN,NaN,NaN,NaN,NaN,NaN,NaN,NaN,NaN,NaN,NaN,
75.996,0.00303,-0.02134,0.12984,-0.45345,-0.01772,-0.31610,0.83316,NaN,NaN,NaN,NaN,NaN,NaN,NaN,NaN,NaN,NaN,NaN,NaN,NaN,NaN,NaN,NaN,NaN,NaN,NaN,NaN,NaN,
76.021,0.00310,-0.02135,0.12988,-0.45360,-0.01754,-0.31605,0.83310,NaN,NaN,NaN,NaN,NaN,NaN,NaN,NaN,NaN,NaN,NaN,NaN,NaN,NaN,NaN,NaN,NaN,NaN,NaN,NaN,NaN,
76.046,0.00310,-0.02134,0.12987,-0.45346,-0.01780,-0.31602,0.83318,NaN,NaN,NaN,NaN,NaN,NaN,NaN,NaN,NaN,NaN,NaN,NaN,NaN,NaN,NaN,NaN,NaN,NaN,NaN,NaN,NaN,
76.071,0.00305,-0.02134,0.12977,-0.45346,-0.01803,-0.31585,0.83324,NaN,NaN,NaN,NaN,NaN,NaN,NaN,NaN,NaN,NaN,NaN,NaN,NaN,NaN,NaN,NaN,NaN,NaN,NaN,NaN,NaN,
76.096,0.00320,-0.02151,0.12977,-0.45138,-0.01866,-0.31782,0.83361,NaN,NaN,NaN,NaN,NaN,NaN,NaN,NaN,NaN,NaN,NaN,NaN,NaN,NaN,NaN,NaN,NaN,NaN,NaN,NaN,NaN,
76.121,0.00317,-0.02153,0.12962,-0.45020,-0.02004,-0.31819,0.83407,NaN,NaN,NaN,NaN,NaN,NaN,NaN,NaN,NaN,NaN,NaN,NaN,NaN,NaN,NaN,NaN,NaN,NaN,NaN,NaN,NaN,
76.146,0.00315,-0.02147,0.12970,-0.45140,-0.01950,-0.31719,0.83382,NaN,NaN,NaN,NaN,NaN,NaN,NaN,NaN,NaN,NaN,NaN,NaN,NaN,NaN,NaN,NaN,NaN,NaN,NaN,NaN,NaN,
76.171,0.00324,-0.02149,0.12974,-0.45182,-0.01872,-0.31726,0.83358,NaN,NaN,NaN,NaN,NaN,NaN,NaN,NaN,NaN,NaN,NaN,NaN,NaN,NaN,NaN,NaN,NaN,NaN,NaN,NaN,NaN,
76.196,0.00331,-0.02148,0.12964,-0.45184,-0.01837,-0.31749,0.83349,NaN,NaN,NaN,NaN,NaN,NaN,NaN,NaN,NaN,NaN,NaN,NaN,NaN,NaN,NaN,NaN,NaN,NaN,NaN,NaN,NaN,
76.221,0.00330,-0.02142,0.12962,-0.45257,-0.01803,-0.31689,0.83333,NaN,NaN,NaN,NaN,NaN,NaN,NaN,NaN,NaN,NaN,NaN,NaN,NaN,NaN,NaN,NaN,NaN,NaN,NaN,NaN,NaN,
76.246,0.00338,-0.02136,0.12965,-0.45413,-0.01704,-0.31579,0.83292,NaN,NaN,NaN,NaN,NaN,NaN,NaN,NaN,NaN,NaN,NaN,NaN,NaN,NaN,NaN,NaN,NaN,NaN,NaN,NaN,NaN,
76.271,0.00342,-0.02123,0.12965,-0.45516,-0.01640,-0.31506,0.83265,NaN,NaN,NaN,NaN,NaN,NaN,NaN,NaN,NaN,NaN,NaN,NaN,NaN,NaN,NaN,NaN,NaN,NaN,NaN,NaN,NaN,
76.296,0.00342,-0.02120,0.12964,-0.45581,-0.01601,-0.31458,0.83248,NaN,NaN,NaN,NaN,NaN,NaN,NaN,NaN,NaN,NaN,NaN,NaN,NaN,NaN,NaN,NaN,NaN,NaN,NaN,NaN,NaN,
76.321,0.00346,-0.02117,0.12966,-0.45662,-0.01553,-0.31397,0.83227,NaN,NaN,NaN,NaN,NaN,NaN,NaN,NaN,NaN,NaN,NaN,NaN,NaN,NaN,NaN,NaN,NaN,NaN,NaN,NaN,NaN,
76.346,0.00345,-0.02111,0.12966,-0.45739,-0.01523,-0.31330,0.83211,NaN,NaN,NaN,NaN,NaN,NaN,NaN,NaN,NaN,NaN,NaN,NaN,NaN,NaN,NaN,NaN,NaN,NaN,NaN,NaN,NaN,
76.371,0.00348,-0.02106,0.12969,-0.45844,-0.01473,-0.31242,0.83187,NaN,NaN,NaN,NaN,NaN,NaN,NaN,NaN,NaN,NaN,NaN,NaN,NaN,NaN,NaN,NaN,NaN,NaN,NaN,NaN,NaN,
76.396,0.00351,-0.02100,0.12970,-0.45916,-0.01444,-0.31179,0.83172,NaN,NaN,NaN,NaN,NaN,NaN,NaN,NaN,NaN,NaN,NaN,NaN,NaN,NaN,NaN,NaN,NaN,NaN,NaN,NaN,NaN,
76.421,0.00357,-0.02107,0.12975,-0.45999,-0.01293,-0.31190,0.83124,NaN,NaN,NaN,NaN,NaN,NaN,NaN,NaN,NaN,NaN,NaN,NaN,NaN,NaN,NaN,NaN,NaN,NaN,NaN,NaN,NaN,
76.446,0.00406,-0.02078,0.12955,-0.46265,-0.00889,-0.31169,0.82989,NaN,NaN,NaN,NaN,NaN,NaN,NaN,NaN,NaN,NaN,NaN,NaN,NaN,NaN,NaN,NaN,NaN,NaN,NaN,NaN,NaN,
76.471,0.00448,-0.02084,0.12971,-0.46441,-0.00426,-0.31294,0.82848,NaN,NaN,NaN,NaN,NaN,NaN,NaN,NaN,NaN,NaN,NaN,NaN,NaN,NaN,NaN,NaN,NaN,NaN,NaN,NaN,NaN,
76.496,0.00447,-0.02070,0.12968,-0.46638,-0.00387,-0.31090,0.82814,NaN,NaN,NaN,NaN,NaN,NaN,NaN,NaN,NaN,NaN,NaN,NaN,NaN,NaN,NaN,NaN,NaN,NaN,NaN,NaN,NaN,
76.521,0.00452,-0.02065,0.12972,-0.46712,-0.00351,-0.31027,0.82796,NaN,NaN,NaN,NaN,NaN,NaN,NaN,NaN,NaN,NaN,NaN,NaN,NaN,NaN,NaN,NaN,NaN,NaN,NaN,NaN,NaN,
76.546,0.00459,-0.02064,0.12977,-0.46883,-0.00208,-0.30927,0.82737,NaN,NaN,NaN,NaN,NaN,NaN,NaN,NaN,NaN,NaN,NaN,NaN,NaN,NaN,NaN,NaN,NaN,NaN,NaN,NaN,NaN,
76.571,0.00497,-0.02042,0.12977,-0.47193,0.00101,-0.30780,0.82616,NaN,NaN,NaN,NaN,NaN,NaN,NaN,NaN,NaN,NaN,NaN,NaN,NaN,NaN,NaN,NaN,NaN,NaN,NaN,NaN,NaN,
76.596,0.00513,-0.02041,0.12980,-0.47301,0.00343,-0.30824,0.82537,NaN,NaN,NaN,NaN,NaN,NaN,NaN,NaN,NaN,NaN,NaN,NaN,NaN,NaN,NaN,NaN,NaN,NaN,NaN,NaN,NaN,
76.621,0.00542,-0.02032,0.12982,-0.47537,0.00605,-0.30728,0.82436,NaN,NaN,NaN,NaN,NaN,NaN,NaN,NaN,NaN,NaN,NaN,NaN,NaN,NaN,NaN,NaN,NaN,NaN,NaN,NaN,NaN,
76.646,0.00549,-0.02015,0.12977,-0.47723,0.00691,-0.30566,0.82388,NaN,NaN,NaN,NaN,NaN,NaN,NaN,NaN,NaN,NaN,NaN,NaN,NaN,NaN,NaN,NaN,NaN,NaN,NaN,NaN,NaN,
76.671,0.00558,-0.02026,0.12990,-0.47649,0.00724,-0.30678,0.82389,NaN,NaN,NaN,NaN,NaN,NaN,NaN,NaN,NaN,NaN,NaN,NaN,NaN,NaN,NaN,NaN,NaN,NaN,NaN,NaN,NaN,
76.696,0.00567,-0.02034,0.12984,-0.47564,0.00656,-0.30732,0.82418,NaN,NaN,NaN,NaN,NaN,NaN,NaN,NaN,NaN,NaN,NaN,NaN,NaN,NaN,NaN,NaN,NaN,NaN,NaN,NaN,NaN,
76.721,0.00575,-0.02027,0.12976,-0.47590,0.00707,-0.30737,0.82401,NaN,NaN,NaN,NaN,NaN,NaN,NaN,NaN,NaN,NaN,NaN,NaN,NaN,NaN,NaN,NaN,NaN,NaN,NaN,NaN,NaN,
76.746,0.00599,-0.02033,0.12984,-0.47637,0.00876,-0.30801,0.82349,NaN,NaN,NaN,NaN,NaN,NaN,NaN,NaN,NaN,NaN,NaN,NaN,NaN,NaN,NaN,NaN,NaN,NaN,NaN,NaN,NaN,
76.771,0.00603,-0.02032,0.12969,-0.47613,0.00818,-0.30788,0.82368,NaN,NaN,NaN,NaN,NaN,NaN,NaN,NaN,NaN,NaN,NaN,NaN,NaN,NaN,NaN,NaN,NaN,NaN,NaN,NaN,NaN,
76.796,0.00616,-0.02040,0.12969,-0.47480,0.00806,-0.30938,0.82388,NaN,NaN,NaN,NaN,NaN,NaN,NaN,NaN,NaN,NaN,NaN,NaN,NaN,NaN,NaN,NaN,NaN,NaN,NaN,NaN,NaN,
76.821,0.00616,-0.02043,0.12973,-0.47467,0.00800,-0.30949,0.82392,NaN,NaN,NaN,NaN,NaN,NaN,NaN,NaN,NaN,NaN,NaN,NaN,NaN,NaN,NaN,NaN,NaN,NaN,NaN,NaN,NaN,
76.846,0.00618,-0.02042,0.12970,-0.47470,0.00772,-0.30927,0.82399,NaN,NaN,NaN,NaN,NaN,NaN,NaN,NaN,NaN,NaN,NaN,NaN,NaN,NaN,NaN,NaN,NaN,NaN,NaN,NaN,NaN,
76.871,0.00615,-0.02041,0.12969,-0.47482,0.00756,-0.30901,0.82402,NaN,NaN,NaN,NaN,NaN,NaN,NaN,NaN,NaN,NaN,NaN,NaN,NaN,NaN,NaN,NaN,NaN,NaN,NaN,NaN,NaN,
76.896,0.00620,-0.02035,0.12971,-0.47542,0.00776,-0.30843,0.82389,NaN,NaN,NaN,NaN,NaN,NaN,NaN,NaN,NaN,NaN,NaN,NaN,NaN,NaN,NaN,NaN,NaN,NaN,NaN,NaN,NaN,
76.921,0.00622,-0.02032,0.12968,-0.47593,0.00817,-0.30811,0.82371,NaN,NaN,NaN,NaN,NaN,NaN,NaN,NaN,NaN,NaN,NaN,NaN,NaN,NaN,NaN,NaN,NaN,NaN,NaN,NaN,NaN,
76.946,0.00640,-0.02021,0.12962,-0.47679,0.00937,-0.30793,0.82326,NaN,NaN,NaN,NaN,NaN,NaN,NaN,NaN,NaN,NaN,NaN,NaN,NaN,NaN,NaN,NaN,NaN,NaN,NaN,NaN,NaN,
76.971,0.00651,-0.02019,0.12965,-0.47731,0.01055,-0.30815,0.82287,NaN,NaN,NaN,NaN,NaN,NaN,NaN,NaN,NaN,NaN,NaN,NaN,NaN,NaN,NaN,NaN,NaN,NaN,NaN,NaN,NaN,
76.996,0.00649,-0.02007,0.12964,-0.47871,0.01102,-0.30679,0.82255,NaN,NaN,NaN,NaN,NaN,NaN,NaN,NaN,NaN,NaN,NaN,NaN,NaN,NaN,NaN,NaN,NaN,NaN,NaN,NaN,NaN,
77.021,0.00651,-0.02008,0.12962,-0.47944,0.01102,-0.30592,0.82245,NaN,NaN,NaN,NaN,NaN,NaN,NaN,NaN,NaN,NaN,NaN,NaN,NaN,NaN,NaN,NaN,NaN,NaN,NaN,NaN,NaN,
77.046,0.00651,-0.02007,0.12967,-0.47965,0.01119,-0.30579,0.82238,NaN,NaN,NaN,NaN,NaN,NaN,NaN,NaN,NaN,NaN,NaN,NaN,NaN,NaN,NaN,NaN,NaN,NaN,NaN,NaN,NaN,
77.071,0.00653,-0.02006,0.12969,-0.48045,0.01155,-0.30508,0.82217,NaN,NaN,NaN,NaN,NaN,NaN,NaN,NaN,NaN,NaN,NaN,NaN,NaN,NaN,NaN,NaN,NaN,NaN,NaN,NaN,NaN,
77.096,0.00656,-0.01996,0.12974,-0.48157,0.01220,-0.30419,0.82183,NaN,NaN,NaN,NaN,NaN,NaN,NaN,NaN,NaN,NaN,NaN,NaN,NaN,NaN,NaN,NaN,NaN,NaN,NaN,NaN,NaN,
77.121,0.00658,-0.01989,0.12972,-0.48186,0.01232,-0.30393,0.82176,NaN,NaN,NaN,NaN,NaN,NaN,NaN,NaN,NaN,NaN,NaN,NaN,NaN,NaN,NaN,NaN,NaN,NaN,NaN,NaN,NaN,
77.146,0.00666,-0.01982,0.12974,-0.48284,0.01332,-0.30345,0.82134,NaN,NaN,NaN,NaN,NaN,NaN,NaN,NaN,NaN,NaN,NaN,NaN,NaN,NaN,NaN,NaN,NaN,NaN,NaN,NaN,NaN,
77.171,0.00685,-0.01974,0.12966,-0.48385,0.01513,-0.30350,0.82070,NaN,NaN,NaN,NaN,NaN,NaN,NaN,NaN,NaN,NaN,NaN,NaN,NaN,NaN,NaN,NaN,NaN,NaN,NaN,NaN,NaN,
77.196,0.00712,-0.01975,0.12972,-0.48474,0.01772,-0.30425,0.81984,NaN,NaN,NaN,NaN,NaN,NaN,NaN,NaN,NaN,NaN,NaN,NaN,NaN,NaN,NaN,NaN,NaN,NaN,NaN,NaN,NaN,
77.221,0.00719,-0.01973,0.12970,-0.48559,0.01827,-0.30361,0.81957,NaN,NaN,NaN,NaN,NaN,NaN,NaN,NaN,NaN,NaN,NaN,NaN,NaN,NaN,NaN,NaN,NaN,NaN,NaN,NaN,NaN,
77.246,0.00716,-0.01963,0.12974,-0.48672,0.01891,-0.30269,0.81922,NaN,NaN,NaN,NaN,NaN,NaN,NaN,NaN,NaN,NaN,NaN,NaN,NaN,NaN,NaN,NaN,NaN,NaN,NaN,NaN,NaN,
77.271,0.00720,-0.01957,0.12975,-0.48774,0.01948,-0.30185,0.81891,NaN,NaN,NaN,NaN,NaN,NaN,NaN,NaN,NaN,NaN,NaN,NaN,NaN,NaN,NaN,NaN,NaN,NaN,NaN,NaN,NaN,
77.296,0.00725,-0.01948,0.12983,-0.48917,0.02075,-0.30100,0.81834,NaN,NaN,NaN,NaN,NaN,NaN,NaN,NaN,NaN,NaN,NaN,NaN,NaN,NaN,NaN,NaN,NaN,NaN,NaN,NaN,NaN,
77.321,0.00732,-0.01941,0.12984,-0.49008,0.02152,-0.30043,0.81798,NaN,NaN,NaN,NaN,NaN,NaN,NaN,NaN,NaN,NaN,NaN,NaN,NaN,NaN,NaN,NaN,NaN,NaN,NaN,NaN,NaN,
77.346,0.00732,-0.01941,0.12984,-0.49008,0.02152,-0.30043,0.81798,NaN,NaN,NaN,NaN,NaN,NaN,NaN,NaN,NaN,NaN,NaN,NaN,NaN,NaN,NaN,NaN,NaN,NaN,NaN,NaN,NaN,
77.371,0.00747,-0.01930,0.12986,-0.49233,0.02382,-0.29930,0.81698,NaN,NaN,NaN,NaN,NaN,NaN,NaN,NaN,NaN,NaN,NaN,NaN,NaN,NaN,NaN,NaN,NaN,NaN,NaN,NaN,NaN,
77.396,0.00781,-0.01904,0.12980,-0.49480,0.02693,-0.29845,0.81571,NaN,NaN,NaN,NaN,NaN,NaN,NaN,NaN,NaN,NaN,NaN,NaN,NaN,NaN,NaN,NaN,NaN,NaN,NaN,NaN,NaN,
77.421,0.00803,-0.01912,0.12996,-0.49628,0.02986,-0.29867,0.81463,NaN,NaN,NaN,NaN,NaN,NaN,NaN,NaN,NaN,NaN,NaN,NaN,NaN,NaN,NaN,NaN,NaN,NaN,NaN,NaN,NaN,
77.446,0.00797,-0.01900,0.12992,-0.49726,0.02979,-0.29741,0.81448,NaN,NaN,NaN,NaN,NaN,NaN,NaN,NaN,NaN,NaN,NaN,NaN,NaN,NaN,NaN,NaN,NaN,NaN,NaN,NaN,NaN,
77.471,0.00807,-0.01886,0.12986,-0.49799,0.02965,-0.29642,0.81441,NaN,NaN,NaN,NaN,NaN,NaN,NaN,NaN,NaN,NaN,NaN,NaN,NaN,NaN,NaN,NaN,NaN,NaN,NaN,NaN,NaN,
77.496,0.00804,-0.01880,0.13001,-0.49863,0.03036,-0.29613,0.81410,NaN,NaN,NaN,NaN,NaN,NaN,NaN,NaN,NaN,NaN,NaN,NaN,NaN,NaN,NaN,NaN,NaN,NaN,NaN,NaN,NaN,
77.521,0.00815,-0.01876,0.12995,-0.49901,0.03096,-0.29608,0.81386,NaN,NaN,NaN,NaN,NaN,NaN,NaN,NaN,NaN,NaN,NaN,NaN,NaN,NaN,NaN,NaN,NaN,NaN,NaN,NaN,NaN,
77.546,0.00833,-0.01877,0.12989,-0.49950,0.03224,-0.29636,0.81341,NaN,NaN,NaN,NaN,NaN,NaN,NaN,NaN,NaN,NaN,NaN,NaN,NaN,NaN,NaN,NaN,NaN,NaN,NaN,NaN,NaN,
77.571,0.00836,-0.01877,0.12996,-0.49975,0.03321,-0.29672,0.81308,NaN,NaN,NaN,NaN,NaN,NaN,NaN,NaN,NaN,NaN,NaN,NaN,NaN,NaN,NaN,NaN,NaN,NaN,NaN,NaN,NaN,
77.596,0.00840,-0.01869,0.12989,0.50031,-0.03307,0.29593,-0.81303,NaN,NaN,NaN,NaN,NaN,NaN,NaN,NaN,NaN,NaN,NaN,NaN,NaN,NaN,NaN,NaN,NaN,NaN,NaN,NaN,NaN,
77.621,0.00844,-0.01864,0.12991,0.50048,-0.03333,0.29590,-0.81293,NaN,NaN,NaN,NaN,NaN,NaN,NaN,NaN,NaN,NaN,NaN,NaN,NaN,NaN,NaN,NaN,NaN,NaN,NaN,NaN,NaN,
77.646,0.00843,-0.01864,0.12993,0.50109,-0.03376,0.29545,-0.81270,NaN,NaN,NaN,NaN,NaN,NaN,NaN,NaN,NaN,NaN,NaN,NaN,NaN,NaN,NaN,NaN,NaN,NaN,NaN,NaN,NaN,
77.671,0.00842,-0.01858,0.12996,0.50170,-0.03407,0.29492,-0.81250,NaN,NaN,NaN,NaN,NaN,NaN,NaN,NaN,NaN,NaN,NaN,NaN,NaN,NaN,NaN,NaN,NaN,NaN,NaN,NaN,NaN,
77.696,0.00841,-0.01850,0.12998,0.50293,-0.03469,0.29383,-0.81211,NaN,NaN,NaN,NaN,NaN,NaN,NaN,NaN,NaN,NaN,NaN,NaN,NaN,NaN,NaN,NaN,NaN,NaN,NaN,NaN,NaN,
77.721,0.00844,-0.01839,0.13001,0.50435,-0.03529,0.29248,-0.81169,NaN,NaN,NaN,NaN,NaN,NaN,NaN,NaN,NaN,NaN,NaN,NaN,NaN,NaN,NaN,NaN,NaN,NaN,NaN,NaN,NaN,
77.746,0.00850,-0.01824,0.13004,0.50615,-0.03609,0.29081,-0.81114,NaN,NaN,NaN,NaN,NaN,NaN,NaN,NaN,NaN,NaN,NaN,NaN,NaN,NaN,NaN,NaN,NaN,NaN,NaN,NaN,NaN,
77.771,0.00858,-0.01807,0.13009,0.50816,-0.03768,0.28939,-0.81031,NaN,NaN,NaN,NaN,NaN,NaN,NaN,NaN,NaN,NaN,NaN,NaN,NaN,NaN,NaN,NaN,NaN,NaN,NaN,NaN,NaN,
77.796,0.00892,-0.01786,0.12997,0.51024,-0.04005,0.28842,-0.80923,NaN,NaN,NaN,NaN,NaN,NaN,NaN,NaN,NaN,NaN,NaN,NaN,NaN,NaN,NaN,NaN,NaN,NaN,NaN,NaN,NaN,
77.821,0.00909,-0.01778,0.13005,0.51162,-0.04288,0.28866,-0.80814,NaN,NaN,NaN,NaN,NaN,NaN,NaN,NaN,NaN,NaN,NaN,NaN,NaN,NaN,NaN,NaN,NaN,NaN,NaN,NaN,NaN,
77.846,0.00915,-0.01774,0.13006,0.51339,-0.04442,0.28749,-0.80735,NaN,NaN,NaN,NaN,NaN,NaN,NaN,NaN,NaN,NaN,NaN,NaN,NaN,NaN,NaN,NaN,NaN,NaN,NaN,NaN,NaN,
77.871,0.00915,-0.01757,0.13015,0.51504,-0.04545,0.28612,-0.80672,NaN,NaN,NaN,NaN,NaN,NaN,NaN,NaN,NaN,NaN,NaN,NaN,NaN,NaN,NaN,NaN,NaN,NaN,NaN,NaN,NaN,
77.896,0.00921,-0.01750,0.13018,0.51674,-0.04662,0.28478,-0.80604,NaN,NaN,NaN,NaN,NaN,NaN,NaN,NaN,NaN,NaN,NaN,NaN,NaN,NaN,NaN,NaN,NaN,NaN,NaN,NaN,NaN,
77.921,0.00944,-0.01727,0.13013,0.51871,-0.04882,0.28379,-0.80499,NaN,NaN,NaN,NaN,NaN,NaN,NaN,NaN,NaN,NaN,NaN,NaN,NaN,NaN,NaN,NaN,NaN,NaN,NaN,NaN,NaN,
77.946,0.00972,-0.01718,0.13017,0.52089,-0.05203,0.28323,-0.80359,NaN,NaN,NaN,NaN,NaN,NaN,NaN,NaN,NaN,NaN,NaN,NaN,NaN,NaN,NaN,NaN,NaN,NaN,NaN,NaN,NaN,
77.971,0.00974,-0.01704,0.13020,0.52223,-0.05261,0.28192,-0.80314,NaN,NaN,NaN,NaN,NaN,NaN,NaN,NaN,NaN,NaN,NaN,NaN,NaN,NaN,NaN,NaN,NaN,NaN,NaN,NaN,NaN,
77.996,0.00980,-0.01689,0.13022,0.52385,-0.05329,0.28033,-0.80260,NaN,NaN,NaN,NaN,NaN,NaN,NaN,NaN,NaN,NaN,NaN,NaN,NaN,NaN,NaN,NaN,NaN,NaN,NaN,NaN,NaN,
78.021,0.00985,-0.01687,0.13042,0.52377,-0.05412,0.28099,-0.80236,NaN,NaN,NaN,NaN,NaN,NaN,NaN,NaN,NaN,NaN,NaN,NaN,NaN,NaN,NaN,NaN,NaN,NaN,NaN,NaN,NaN,
78.046,0.00977,-0.01689,0.13017,0.52243,-0.05132,0.28078,-0.80349,NaN,NaN,NaN,NaN,NaN,NaN,NaN,NaN,NaN,NaN,NaN,NaN,NaN,NaN,NaN,NaN,NaN,NaN,NaN,NaN,NaN,
78.071,0.00971,-0.01698,0.13019,0.52150,-0.05037,0.28132,-0.80397,NaN,NaN,NaN,NaN,NaN,NaN,NaN,NaN,NaN,NaN,NaN,NaN,NaN,NaN,NaN,NaN,NaN,NaN,NaN,NaN,NaN,
78.096,0.00976,-0.01728,0.13021,0.51713,-0.04775,0.28506,-0.80563,NaN,NaN,NaN,NaN,NaN,NaN,NaN,NaN,NaN,NaN,NaN,NaN,NaN,NaN,NaN,NaN,NaN,NaN,NaN,NaN,NaN,
78.121,0.00969,-0.01738,0.12997,0.51444,-0.04450,0.28623,-0.80712,NaN,NaN,NaN,NaN,NaN,NaN,NaN,NaN,NaN,NaN,NaN,NaN,NaN,NaN,NaN,NaN,NaN,NaN,NaN,NaN,NaN,
78.146,0.00981,-0.01739,0.12999,0.51363,-0.04445,0.28721,-0.80729,NaN,NaN,NaN,NaN,NaN,NaN,NaN,NaN,NaN,NaN,NaN,NaN,NaN,NaN,NaN,NaN,NaN,NaN,NaN,NaN,NaN,
78.171,0.01005,-0.01748,0.12973,0.51213,-0.04497,0.28944,-0.80742,NaN,NaN,NaN,NaN,NaN,NaN,NaN,NaN,NaN,NaN,NaN,NaN,NaN,NaN,NaN,NaN,NaN,NaN,NaN,NaN,NaN,
78.196,0.01061,-0.01732,0.12956,0.51261,-0.04834,0.29114,-0.80631,NaN,NaN,NaN,NaN,NaN,NaN,NaN,NaN,NaN,NaN,NaN,NaN,NaN,NaN,NaN,NaN,NaN,NaN,NaN,NaN,NaN,
78.221,0.01071,-0.01728,0.12962,0.51328,-0.05013,0.29151,-0.80564,NaN,NaN,NaN,NaN,NaN,NaN,NaN,NaN,NaN,NaN,NaN,NaN,NaN,NaN,NaN,NaN,NaN,NaN,NaN,NaN,NaN,
78.246,0.01072,-0.01726,0.12957,0.51391,-0.05017,0.29075,-0.80551,NaN,NaN,NaN,NaN,NaN,NaN,NaN,NaN,NaN,NaN,NaN,NaN,NaN,NaN,NaN,NaN,NaN,NaN,NaN,NaN,NaN,
78.271,0.01071,-0.01720,0.12957,0.51471,-0.05064,0.29006,-0.80522,NaN,NaN,NaN,NaN,NaN,NaN,NaN,NaN,NaN,NaN,NaN,NaN,NaN,NaN,NaN,NaN,NaN,NaN,NaN,NaN,NaN,
78.296,0.01089,-0.01698,0.12954,0.51669,-0.05206,0.28854,-0.80440,NaN,NaN,NaN,NaN,NaN,NaN,NaN,NaN,NaN,NaN,NaN,NaN,NaN,NaN,NaN,NaN,NaN,NaN,NaN,NaN,NaN,
78.321,0.01092,-0.01685,0.12964,0.51858,-0.05398,0.28746,-0.80345,NaN,NaN,NaN,NaN,NaN,NaN,NaN,NaN,NaN,NaN,NaN,NaN,NaN,NaN,NaN,NaN,NaN,NaN,NaN,NaN,NaN,
78.346,0.01100,-0.01674,0.12972,0.52073,-0.05592,0.28606,-0.80242,NaN,NaN,NaN,NaN,NaN,NaN,NaN,NaN,NaN,NaN,NaN,NaN,NaN,NaN,NaN,NaN,NaN,NaN,NaN,NaN,NaN,
78.371,0.01116,-0.01653,0.12964,0.52237,-0.05671,0.28451,-0.80185,NaN,NaN,NaN,NaN,NaN,NaN,NaN,NaN,NaN,NaN,NaN,NaN,NaN,NaN,NaN,NaN,NaN,NaN,NaN,NaN,NaN,
78.396,0.01127,-0.01641,0.12972,0.52408,-0.05871,0.28369,-0.80088,NaN,NaN,NaN,NaN,NaN,NaN,NaN,NaN,NaN,NaN,NaN,NaN,NaN,NaN,NaN,NaN,NaN,NaN,NaN,NaN,NaN,
78.421,0.01138,-0.01626,0.12979,0.52613,-0.06010,0.28202,-0.80002,NaN,NaN,NaN,NaN,NaN,NaN,NaN,NaN,NaN,NaN,NaN,NaN,NaN,NaN,NaN,NaN,NaN,NaN,NaN,NaN,NaN,
78.446,0.01144,-0.01598,0.12979,0.52891,-0.06134,0.27931,-0.79905,NaN,NaN,NaN,NaN,NaN,NaN,NaN,NaN,NaN,NaN,NaN,NaN,NaN,NaN,NaN,NaN,NaN,NaN,NaN,NaN,NaN,
78.471,0.01157,-0.01587,0.12988,0.53095,-0.06341,0.27808,-0.79796,NaN,NaN,NaN,NaN,NaN,NaN,NaN,NaN,NaN,NaN,NaN,NaN,NaN,NaN,NaN,NaN,NaN,NaN,NaN,NaN,NaN,
78.496,0.01168,-0.01571,0.12988,0.53176,-0.06452,0.27780,-0.79744,NaN,NaN,NaN,NaN,NaN,NaN,NaN,NaN,NaN,NaN,NaN,NaN,NaN,NaN,NaN,NaN,NaN,NaN,NaN,NaN,NaN,
78.521,0.01182,-0.01567,0.12990,0.53299,-0.06646,0.27751,-0.79655,NaN,NaN,NaN,NaN,NaN,NaN,NaN,NaN,NaN,NaN,NaN,NaN,NaN,NaN,NaN,NaN,NaN,NaN,NaN,NaN,NaN,
78.546,0.01187,-0.01569,0.13001,0.53398,-0.06793,0.27721,-0.79587,NaN,NaN,NaN,NaN,NaN,NaN,NaN,NaN,NaN,NaN,NaN,NaN,NaN,NaN,NaN,NaN,NaN,NaN,NaN,NaN,NaN,
78.571,0.01191,-0.01566,0.13010,0.53446,-0.06831,0.27685,-0.79564,NaN,NaN,NaN,NaN,NaN,NaN,NaN,NaN,NaN,NaN,NaN,NaN,NaN,NaN,NaN,NaN,NaN,NaN,NaN,NaN,NaN,
78.596,0.01194,-0.01558,0.13015,0.53501,-0.06835,0.27617,-0.79550,NaN,NaN,NaN,NaN,NaN,NaN,NaN,NaN,NaN,NaN,NaN,NaN,NaN,NaN,NaN,NaN,NaN,NaN,NaN,NaN,NaN,
78.621,0.01189,-0.01555,0.13029,0.53538,-0.06864,0.27589,-0.79533,NaN,NaN,NaN,NaN,NaN,NaN,NaN,NaN,NaN,NaN,NaN,NaN,NaN,NaN,NaN,NaN,NaN,NaN,NaN,NaN,NaN,
78.646,0.01192,-0.01553,0.13036,0.53570,-0.06862,0.27545,-0.79526,NaN,NaN,NaN,NaN,NaN,NaN,NaN,NaN,NaN,NaN,NaN,NaN,NaN,NaN,NaN,NaN,NaN,NaN,NaN,NaN,NaN,
78.671,0.01197,-0.01544,0.13044,0.53603,-0.06847,0.27493,-0.79524,NaN,NaN,NaN,NaN,NaN,NaN,NaN,NaN,NaN,NaN,NaN,NaN,NaN,NaN,NaN,NaN,NaN,NaN,NaN,NaN,NaN,
78.696,0.01185,-0.01579,0.13069,0.53371,-0.06799,0.27760,-0.79591,NaN,NaN,NaN,NaN,NaN,NaN,NaN,NaN,NaN,NaN,NaN,NaN,NaN,NaN,NaN,NaN,NaN,NaN,NaN,NaN,NaN,
78.721,0.01189,-0.01626,0.13038,0.52617,-0.06095,0.28254,-0.79975,NaN,NaN,NaN,NaN,NaN,NaN,NaN,NaN,NaN,NaN,NaN,NaN,NaN,NaN,NaN,NaN,NaN,NaN,NaN,NaN,NaN,
78.746,0.01184,-0.01655,0.13033,0.52067,-0.05698,0.28684,-0.80211,NaN,NaN,NaN,NaN,NaN,NaN,NaN,NaN,NaN,NaN,NaN,NaN,NaN,NaN,NaN,NaN,NaN,NaN,NaN,NaN,NaN,
78.771,0.01183,-0.01661,0.13030,0.51861,-0.05527,0.28830,-0.80304,NaN,NaN,NaN,NaN,NaN,NaN,NaN,NaN,NaN,NaN,NaN,NaN,NaN,NaN,NaN,NaN,NaN,NaN,NaN,NaN,NaN,
78.796,0.01183,-0.01665,0.13036,0.51851,-0.05538,0.28850,-0.80303,NaN,NaN,NaN,NaN,NaN,NaN,NaN,NaN,NaN,NaN,NaN,NaN,NaN,NaN,NaN,NaN,NaN,NaN,NaN,NaN,NaN,
78.821,0.01185,-0.01665,0.13039,0.51826,-0.05529,0.28875,-0.80310,NaN,NaN,NaN,NaN,NaN,NaN,NaN,NaN,NaN,NaN,NaN,NaN,NaN,NaN,NaN,NaN,NaN,NaN,NaN,NaN,NaN,
78.846,0.01184,-0.01661,0.13030,0.51754,-0.05427,0.28896,-0.80356,NaN,NaN,NaN,NaN,NaN,NaN,NaN,NaN,NaN,NaN,NaN,NaN,NaN,NaN,NaN,NaN,NaN,NaN,NaN,NaN,NaN,
78.871,0.01184,-0.01659,0.13026,0.51697,-0.05372,0.28930,-0.80384,NaN,NaN,NaN,NaN,NaN,NaN,NaN,NaN,NaN,NaN,NaN,NaN,NaN,NaN,NaN,NaN,NaN,NaN,NaN,NaN,NaN,
78.896,0.01192,-0.01658,0.13016,0.51669,-0.05324,0.28934,-0.80404,NaN,NaN,NaN,NaN,NaN,NaN,NaN,NaN,NaN,NaN,NaN,NaN,NaN,NaN,NaN,NaN,NaN,NaN,NaN,NaN,NaN,
78.921,0.01185,-0.01660,0.13019,0.51651,-0.05342,0.28969,-0.80402,NaN,NaN,NaN,NaN,NaN,NaN,NaN,NaN,NaN,NaN,NaN,NaN,NaN,NaN,NaN,NaN,NaN,NaN,NaN,NaN,NaN,
78.946,0.01184,-0.01650,0.13000,0.51689,-0.05292,0.28887,-0.80410,NaN,NaN,NaN,NaN,NaN,NaN,NaN,NaN,NaN,NaN,NaN,NaN,NaN,NaN,NaN,NaN,NaN,NaN,NaN,NaN,NaN,
78.971,0.01184,-0.01657,0.13022,0.51767,-0.05429,0.28882,-0.80353,NaN,NaN,NaN,NaN,NaN,NaN,NaN,NaN,NaN,NaN,NaN,NaN,NaN,NaN,NaN,NaN,NaN,NaN,NaN,NaN,NaN,
78.996,0.01192,-0.01622,0.12982,0.51867,-0.05376,0.28720,-0.80350,NaN,NaN,NaN,NaN,NaN,NaN,NaN,NaN,NaN,NaN,NaN,NaN,NaN,NaN,NaN,NaN,NaN,NaN,NaN,NaN,NaN,
79.021,0.01197,-0.01610,0.12979,0.51997,-0.05575,0.28691,-0.80263,NaN,NaN,NaN,NaN,NaN,NaN,NaN,NaN,NaN,NaN,NaN,NaN,NaN,NaN,NaN,NaN,NaN,NaN,NaN,NaN,NaN,
79.046,0.01232,-0.01597,0.12971,0.52294,-0.05992,0.28595,-0.80073,NaN,NaN,NaN,NaN,NaN,NaN,NaN,NaN,NaN,NaN,NaN,NaN,NaN,NaN,NaN,NaN,NaN,NaN,NaN,NaN,NaN,
79.071,0.01244,-0.01570,0.12963,0.52420,-0.06082,0.28496,-0.80020,NaN,NaN,NaN,NaN,NaN,NaN,NaN,NaN,NaN,NaN,NaN,NaN,NaN,NaN,NaN,NaN,NaN,NaN,NaN,NaN,NaN,
79.096,0.01245,-0.01557,0.12965,0.52522,-0.06175,0.28429,-0.79970,NaN,NaN,NaN,NaN,NaN,NaN,NaN,NaN,NaN,NaN,NaN,NaN,NaN,NaN,NaN,NaN,NaN,NaN,NaN,NaN,NaN,
79.121,0.01253,-0.01544,0.12957,0.52680,-0.06240,0.28272,-0.79916,NaN,NaN,NaN,NaN,NaN,NaN,NaN,NaN,NaN,NaN,NaN,NaN,NaN,NaN,NaN,NaN,NaN,NaN,NaN,NaN,NaN,
79.146,0.01255,-0.01528,0.12957,0.52771,-0.06320,0.28208,-0.79872,NaN,NaN,NaN,NaN,NaN,NaN,NaN,NaN,NaN,NaN,NaN,NaN,NaN,NaN,NaN,NaN,NaN,NaN,NaN,NaN,NaN,
79.171,0.01260,-0.01527,0.12959,0.52845,-0.06412,0.28176,-0.79828,NaN,NaN,NaN,NaN,NaN,NaN,NaN,NaN,NaN,NaN,NaN,NaN,NaN,NaN,NaN,NaN,NaN,NaN,NaN,NaN,NaN,
79.196,0.01268,-0.01508,0.12956,0.53025,-0.06479,0.27990,-0.79768,NaN,NaN,NaN,NaN,NaN,NaN,NaN,NaN,NaN,NaN,NaN,NaN,NaN,NaN,NaN,NaN,NaN,NaN,NaN,NaN,NaN,
79.221,0.01278,-0.01492,0.12961,0.53099,-0.06572,0.27958,-0.79722,NaN,NaN,NaN,NaN,NaN,NaN,NaN,NaN,NaN,NaN,NaN,NaN,NaN,NaN,NaN,NaN,NaN,NaN,NaN,NaN,NaN,
79.246,0.01299,-0.01485,0.12953,0.53057,-0.06630,0.28050,-0.79713,NaN,NaN,NaN,NaN,NaN,NaN,NaN,NaN,NaN,NaN,NaN,NaN,NaN,NaN,NaN,NaN,NaN,NaN,NaN,NaN,NaN,
79.271,0.01315,-0.01479,0.12959,0.53076,-0.06728,0.28091,-0.79678,NaN,NaN,NaN,NaN,NaN,NaN,NaN,NaN,NaN,NaN,NaN,NaN,NaN,NaN,NaN,NaN,NaN,NaN,NaN,NaN,NaN,
79.296,0.01310,-0.01463,0.12966,0.53176,-0.06763,0.27986,-0.79645,NaN,NaN,NaN,NaN,NaN,NaN,NaN,NaN,NaN,NaN,NaN,NaN,NaN,NaN,NaN,NaN,NaN,NaN,NaN,NaN,NaN,
79.321,0.01316,-0.01461,0.12978,0.53206,-0.06784,0.27962,-0.79632,NaN,NaN,NaN,NaN,NaN,NaN,NaN,NaN,NaN,NaN,NaN,NaN,NaN,NaN,NaN,NaN,NaN,NaN,NaN,NaN,NaN,
79.346,0.01311,-0.01457,0.12987,0.53237,-0.06777,0.27917,-0.79627,NaN,NaN,NaN,NaN,NaN,NaN,NaN,NaN,NaN,NaN,NaN,NaN,NaN,NaN,NaN,NaN,NaN,NaN,NaN,NaN,NaN,
79.371,0.01309,-0.01455,0.12997,0.53272,-0.06786,0.27879,-0.79617,NaN,NaN,NaN,NaN,NaN,NaN,NaN,NaN,NaN,NaN,NaN,NaN,NaN,NaN,NaN,NaN,NaN,NaN,NaN,NaN,NaN,
79.396,0.01313,-0.01451,0.13006,0.53315,-0.06807,0.27837,-0.79601,NaN,NaN,NaN,NaN,NaN,NaN,NaN,NaN,NaN,NaN,NaN,NaN,NaN,NaN,NaN,NaN,NaN,NaN,NaN,NaN,NaN,
79.421,0.01315,-0.01444,0.13017,0.53360,-0.06822,0.27789,-0.79586,NaN,NaN,NaN,NaN,NaN,NaN,NaN,NaN,NaN,NaN,NaN,NaN,NaN,NaN,NaN,NaN,NaN,NaN,NaN,NaN,NaN,
79.446,0.01318,-0.01444,0.13021,0.53302,-0.06737,0.27808,-0.79626,NaN,NaN,NaN,NaN,NaN,NaN,NaN,NaN,NaN,NaN,NaN,NaN,NaN,NaN,NaN,NaN,NaN,NaN,NaN,NaN,NaN,
79.471,0.01321,-0.01448,0.13029,0.53189,-0.06671,0.27909,-0.79672,NaN,NaN,NaN,NaN,NaN,NaN,NaN,NaN,NaN,NaN,NaN,NaN,NaN,NaN,NaN,NaN,NaN,NaN,NaN,NaN,NaN,
79.496,0.01336,-0.01436,0.13040,0.53205,-0.06852,0.28008,-0.79611,NaN,NaN,NaN,NaN,NaN,NaN,NaN,NaN,NaN,NaN,NaN,NaN,NaN,NaN,NaN,NaN,NaN,NaN,NaN,NaN,NaN,
79.521,0.01372,-0.01430,0.13046,0.53375,-0.07273,0.28069,-0.79438,NaN,NaN,NaN,NaN,NaN,NaN,NaN,NaN,NaN,NaN,NaN,NaN,NaN,NaN,NaN,NaN,NaN,NaN,NaN,NaN,NaN,
79.546,0.01379,-0.01420,0.13053,0.53397,-0.07388,0.28116,-0.79396,NaN,NaN,NaN,NaN,NaN,NaN,NaN,NaN,NaN,NaN,NaN,NaN,NaN,NaN,NaN,NaN,NaN,NaN,NaN,NaN,NaN,
79.571,0.01378,-0.01397,0.13046,0.53532,-0.07393,0.27946,-0.79364,NaN,NaN,NaN,NaN,NaN,NaN,NaN,NaN,NaN,NaN,NaN,NaN,NaN,NaN,NaN,NaN,NaN,NaN,NaN,NaN,NaN,
79.596,0.01385,-0.01383,0.13055,0.53695,-0.07556,0.27844,-0.79275,NaN,NaN,NaN,NaN,NaN,NaN,NaN,NaN,NaN,NaN,NaN,NaN,NaN,NaN,NaN,NaN,NaN,NaN,NaN,NaN,NaN,
79.621,0.01387,-0.01374,0.13066,0.53799,-0.07682,0.27793,-0.79210,NaN,NaN,NaN,NaN,NaN,NaN,NaN,NaN,NaN,NaN,NaN,NaN,NaN,NaN,NaN,NaN,NaN,NaN,NaN,NaN,NaN,
79.646,0.01389,-0.01349,0.13052,0.53836,-0.07582,0.27679,-0.79234,NaN,NaN,NaN,NaN,NaN,NaN,NaN,NaN,NaN,NaN,NaN,NaN,NaN,NaN,NaN,NaN,NaN,NaN,NaN,NaN,NaN,
79.671,0.01395,-0.01340,0.13051,0.53776,-0.07522,0.27717,-0.79267,NaN,NaN,NaN,NaN,NaN,NaN,NaN,NaN,NaN,NaN,NaN,NaN,NaN,NaN,NaN,NaN,NaN,NaN,NaN,NaN,NaN,
79.696,0.01399,-0.01336,0.13048,0.53747,-0.07502,0.27741,-0.79280,NaN,NaN,NaN,NaN,NaN,NaN,NaN,NaN,NaN,NaN,NaN,NaN,NaN,NaN,NaN,NaN,NaN,NaN,NaN,NaN,NaN,
79.721,0.01403,-0.01328,0.13045,0.53756,-0.07535,0.27751,-0.79268,NaN,NaN,NaN,NaN,NaN,NaN,NaN,NaN,NaN,NaN,NaN,NaN,NaN,NaN,NaN,NaN,NaN,NaN,NaN,NaN,NaN,
79.746,0.01411,-0.01303,0.13027,0.53860,-0.07623,0.27676,-0.79215,NaN,NaN,NaN,NaN,NaN,NaN,NaN,NaN,NaN,NaN,NaN,NaN,NaN,NaN,NaN,NaN,NaN,NaN,NaN,NaN,NaN,
79.771,0.01424,-0.01292,0.13021,0.54043,-0.07922,0.27635,-0.79076,NaN,NaN,NaN,NaN,NaN,NaN,NaN,NaN,NaN,NaN,NaN,NaN,NaN,NaN,NaN,NaN,NaN,NaN,NaN,NaN,NaN,
79.796,0.01422,-0.01287,0.13017,0.54135,-0.08044,0.27595,-0.79014,NaN,NaN,NaN,NaN,NaN,NaN,NaN,NaN,NaN,NaN,NaN,NaN,NaN,NaN,NaN,NaN,NaN,NaN,NaN,NaN,NaN,
79.821,0.01421,-0.01283,0.13010,0.54146,-0.08059,0.27591,-0.79007,NaN,NaN,NaN,NaN,NaN,NaN,NaN,NaN,NaN,NaN,NaN,NaN,NaN,NaN,NaN,NaN,NaN,NaN,NaN,NaN,NaN,
79.846,0.01437,-0.01260,0.12999,0.54170,-0.08037,0.27545,-0.79008,NaN,NaN,NaN,NaN,NaN,NaN,NaN,NaN,NaN,NaN,NaN,NaN,NaN,NaN,NaN,NaN,NaN,NaN,NaN,NaN,NaN,
79.871,0.01438,-0.01240,0.12997,0.54256,-0.08124,0.27490,-0.78959,NaN,NaN,NaN,NaN,NaN,NaN,NaN,NaN,NaN,NaN,NaN,NaN,NaN,NaN,NaN,NaN,NaN,NaN,NaN,NaN,NaN,
79.896,0.01434,-0.01236,0.12997,0.54352,-0.08238,0.27441,-0.78899,NaN,NaN,NaN,NaN,NaN,NaN,NaN,NaN,NaN,NaN,NaN,NaN,NaN,NaN,NaN,NaN,NaN,NaN,NaN,NaN,NaN,
79.921,0.01442,-0.01219,0.12994,0.54465,-0.08308,0.27338,-0.78849,NaN,NaN,NaN,NaN,NaN,NaN,NaN,NaN,NaN,NaN,NaN,NaN,NaN,NaN,NaN,NaN,NaN,NaN,NaN,NaN,NaN,
79.946,0.01439,-0.01209,0.12991,0.54547,-0.08343,0.27254,-0.78817,NaN,NaN,NaN,NaN,NaN,NaN,NaN,NaN,NaN,NaN,NaN,NaN,NaN,NaN,NaN,NaN,NaN,NaN,NaN,NaN,NaN,
79.971,0.01436,-0.01207,0.12992,0.54611,-0.08373,0.27190,-0.78792,NaN,NaN,NaN,NaN,NaN,NaN,NaN,NaN,NaN,NaN,NaN,NaN,NaN,NaN,NaN,NaN,NaN,NaN,NaN,NaN,NaN,
79.996,0.01436,-0.01196,0.12995,0.54643,-0.08385,0.27157,-0.78780,NaN,NaN,NaN,NaN,NaN,NaN,NaN,NaN,NaN,NaN,NaN,NaN,NaN,NaN,NaN,NaN,NaN,NaN,NaN,NaN,NaN,
80.021,0.01435,-0.01193,0.12997,0.54601,-0.08342,0.27184,-0.78805,NaN,NaN,NaN,NaN,NaN,NaN,NaN,NaN,NaN,NaN,NaN,NaN,NaN,NaN,NaN,NaN,NaN,NaN,NaN,NaN,NaN,
80.046,0.01436,-0.01190,0.12998,0.54593,-0.08320,0.27179,-0.78814,NaN,NaN,NaN,NaN,NaN,NaN,NaN,NaN,NaN,NaN,NaN,NaN,NaN,NaN,NaN,NaN,NaN,NaN,NaN,NaN,NaN,
80.071,0.01445,-0.01175,0.13004,0.54696,-0.08351,0.27065,-0.78779,NaN,NaN,NaN,NaN,NaN,NaN,NaN,NaN,NaN,NaN,NaN,NaN,NaN,NaN,NaN,NaN,NaN,NaN,NaN,NaN,NaN,
80.096,0.01447,-0.01168,0.13016,0.54829,-0.08457,0.26960,-0.78711,NaN,NaN,NaN,NaN,NaN,NaN,NaN,NaN,NaN,NaN,NaN,NaN,NaN,NaN,NaN,NaN,NaN,NaN,NaN,NaN,NaN,
80.121,0.01447,-0.01158,0.13021,0.54939,-0.08501,0.26845,-0.78669,NaN,NaN,NaN,NaN,NaN,NaN,NaN,NaN,NaN,NaN,NaN,NaN,NaN,NaN,NaN,NaN,NaN,NaN,NaN,NaN,NaN,
80.146,0.01449,-0.01144,0.13030,0.55043,-0.08546,0.26737,-0.78628,NaN,NaN,NaN,NaN,NaN,NaN,NaN,NaN,NaN,NaN,NaN,NaN,NaN,NaN,NaN,NaN,NaN,NaN,NaN,NaN,NaN,
80.171,0.01459,-0.01143,0.13018,0.54909,-0.08434,0.26840,-0.78699,NaN,NaN,NaN,NaN,NaN,NaN,NaN,NaN,NaN,NaN,NaN,NaN,NaN,NaN,NaN,NaN,NaN,NaN,NaN,NaN,NaN,
80.196,0.01482,-0.01173,0.13026,0.54769,-0.08607,0.27137,-0.78676,NaN,NaN,NaN,NaN,NaN,NaN,NaN,NaN,NaN,NaN,NaN,NaN,NaN,NaN,NaN,NaN,NaN,NaN,NaN,NaN,NaN,
80.221,0.01499,-0.01149,0.13041,0.54727,-0.08649,0.27218,-0.78672,NaN,NaN,NaN,NaN,NaN,NaN,NaN,NaN,NaN,NaN,NaN,NaN,NaN,NaN,NaN,NaN,NaN,NaN,NaN,NaN,NaN,
80.246,0.01496,-0.01139,0.13039,0.54641,-0.08487,0.27225,-0.78747,NaN,NaN,NaN,NaN,NaN,NaN,NaN,NaN,NaN,NaN,NaN,NaN,NaN,NaN,NaN,NaN,NaN,NaN,NaN,NaN,NaN,
80.271,0.01503,-0.01136,0.13048,0.54484,-0.08353,0.27344,-0.78829,NaN,NaN,NaN,NaN,NaN,NaN,NaN,NaN,NaN,NaN,NaN,NaN,NaN,NaN,NaN,NaN,NaN,NaN,NaN,NaN,NaN,
80.296,0.01507,-0.01147,0.13074,0.54394,-0.08380,0.27478,-0.78842,NaN,NaN,NaN,NaN,NaN,NaN,NaN,NaN,NaN,NaN,NaN,NaN,NaN,NaN,NaN,NaN,NaN,NaN,NaN,NaN,NaN,
80.321,0.01500,-0.01144,0.13062,0.54127,-0.07990,0.27570,-0.79034,NaN,NaN,NaN,NaN,NaN,NaN,NaN,NaN,NaN,NaN,NaN,NaN,NaN,NaN,NaN,NaN,NaN,NaN,NaN,NaN,NaN,
80.346,0.01512,-0.01142,0.13069,0.53873,-0.07743,0.27737,-0.79173,NaN,NaN,NaN,NaN,NaN,NaN,NaN,NaN,NaN,NaN,NaN,NaN,NaN,NaN,NaN,NaN,NaN,NaN,NaN,NaN,NaN,
80.371,0.01503,-0.01146,0.13078,0.53706,-0.07549,0.27825,-0.79275,NaN,NaN,NaN,NaN,NaN,NaN,NaN,NaN,NaN,NaN,NaN,NaN,NaN,NaN,NaN,NaN,NaN,NaN,NaN,NaN,NaN,
80.396,0.01503,-0.01166,0.13085,0.53339,-0.07231,0.28087,-0.79459,NaN,NaN,NaN,NaN,NaN,NaN,NaN,NaN,NaN,NaN,NaN,NaN,NaN,NaN,NaN,NaN,NaN,NaN,NaN,NaN,NaN,
80.421,0.01504,-0.01171,0.13067,0.53116,-0.06885,0.28143,-0.79619,NaN,NaN,NaN,NaN,NaN,NaN,NaN,NaN,NaN,NaN,NaN,NaN,NaN,NaN,NaN,NaN,NaN,NaN,NaN,NaN,NaN,
80.446,0.01506,-0.01165,0.13087,0.53050,-0.06913,0.28246,-0.79624,NaN,NaN,NaN,NaN,NaN,NaN,NaN,NaN,NaN,NaN,NaN,NaN,NaN,NaN,NaN,NaN,NaN,NaN,NaN,NaN,NaN,
80.471,0.01506,-0.01152,0.13078,0.53008,-0.06749,0.28192,-0.79686,NaN,NaN,NaN,NaN,NaN,NaN,NaN,NaN,NaN,NaN,NaN,NaN,NaN,NaN,NaN,NaN,NaN,NaN,NaN,NaN,NaN,
80.496,0.01505,-0.01155,0.13079,0.52958,-0.06667,0.28202,-0.79723,NaN,NaN,NaN,NaN,NaN,NaN,NaN,NaN,NaN,NaN,NaN,NaN,NaN,NaN,NaN,NaN,NaN,NaN,NaN,NaN,NaN,
80.521,0.01506,-0.01157,0.13078,0.52777,-0.06490,0.28315,-0.79817,NaN,NaN,NaN,NaN,NaN,NaN,NaN,NaN,NaN,NaN,NaN,NaN,NaN,NaN,NaN,NaN,NaN,NaN,NaN,NaN,NaN,
80.546,0.01510,-0.01153,0.13068,0.52737,-0.06417,0.28316,-0.79849,NaN,NaN,NaN,NaN,NaN,NaN,NaN,NaN,NaN,NaN,NaN,NaN,NaN,NaN,NaN,NaN,NaN,NaN,NaN,NaN,NaN,
80.571,0.01513,-0.01144,0.13060,0.52692,-0.06383,0.28350,-0.79869,NaN,NaN,NaN,NaN,NaN,NaN,NaN,NaN,NaN,NaN,NaN,NaN,NaN,NaN,NaN,NaN,NaN,NaN,NaN,NaN,NaN,
80.596,0.01519,-0.01141,0.13052,0.52671,-0.06385,0.28379,-0.79873,NaN,NaN,NaN,NaN,NaN,NaN,NaN,NaN,NaN,NaN,NaN,NaN,NaN,NaN,NaN,NaN,NaN,NaN,NaN,NaN,NaN,
80.621,0.01509,-0.01135,0.13041,0.52717,-0.06357,0.28302,-0.79872,NaN,NaN,NaN,NaN,NaN,NaN,NaN,NaN,NaN,NaN,NaN,NaN,NaN,NaN,NaN,NaN,NaN,NaN,NaN,NaN,NaN,
80.646,0.01509,-0.01126,0.13039,0.52768,-0.06413,0.28274,-0.79843,NaN,NaN,NaN,NaN,NaN,NaN,NaN,NaN,NaN,NaN,NaN,NaN,NaN,NaN,NaN,NaN,NaN,NaN,NaN,NaN,NaN,
80.671,0.01512,-0.01128,0.13032,0.52813,-0.06475,0.28259,-0.79814,NaN,NaN,NaN,NaN,NaN,NaN,NaN,NaN,NaN,NaN,NaN,NaN,NaN,NaN,NaN,NaN,NaN,NaN,NaN,NaN,NaN,
80.696,0.01515,-0.01127,0.13024,0.52773,-0.06456,0.28297,-0.79829,NaN,NaN,NaN,NaN,NaN,NaN,NaN,NaN,NaN,NaN,NaN,NaN,NaN,NaN,NaN,NaN,NaN,NaN,NaN,NaN,NaN,
80.721,0.01511,-0.01127,0.13011,0.52696,-0.06390,0.28351,-0.79866,NaN,NaN,NaN,NaN,NaN,NaN,NaN,NaN,NaN,NaN,NaN,NaN,NaN,NaN,NaN,NaN,NaN,NaN,NaN,NaN,NaN,
80.746,0.01512,-0.01127,0.13003,0.52658,-0.06387,0.28398,-0.79875,NaN,NaN,NaN,NaN,NaN,NaN,NaN,NaN,NaN,NaN,NaN,NaN,NaN,NaN,NaN,NaN,NaN,NaN,NaN,NaN,NaN,
80.771,0.01515,-0.01125,0.12999,0.52662,-0.06420,0.28414,-0.79863,NaN,NaN,NaN,NaN,NaN,NaN,NaN,NaN,NaN,NaN,NaN,NaN,NaN,NaN,NaN,NaN,NaN,NaN,NaN,NaN,NaN,
80.796,0.01514,-0.01126,0.12995,0.52680,-0.06425,0.28394,-0.79858,NaN,NaN,NaN,NaN,NaN,NaN,NaN,NaN,NaN,NaN,NaN,NaN,NaN,NaN,NaN,NaN,NaN,NaN,NaN,NaN,NaN,
80.821,0.01510,-0.01126,0.12994,0.52689,-0.06440,0.28392,-0.79851,NaN,NaN,NaN,NaN,NaN,NaN,NaN,NaN,NaN,NaN,NaN,NaN,NaN,NaN,NaN,NaN,NaN,NaN,NaN,NaN,NaN,
80.846,0.01513,-0.01121,0.12990,0.52691,-0.06427,0.28382,-0.79855,NaN,NaN,NaN,NaN,NaN,NaN,NaN,NaN,NaN,NaN,NaN,NaN,NaN,NaN,NaN,NaN,NaN,NaN,NaN,NaN,NaN,
80.871,0.01510,-0.01126,0.12992,0.52708,-0.06453,0.28378,-0.79843,NaN,NaN,NaN,NaN,NaN,NaN,NaN,NaN,NaN,NaN,NaN,NaN,NaN,NaN,NaN,NaN,NaN,NaN,NaN,NaN,NaN,
80.896,0.01510,-0.01115,0.12993,0.52769,-0.06490,0.28324,-0.79819,NaN,NaN,NaN,NaN,NaN,NaN,NaN,NaN,NaN,NaN,NaN,NaN,NaN,NaN,NaN,NaN,NaN,NaN,NaN,NaN,NaN,
80.921,0.01512,-0.01094,0.12990,0.53002,-0.06629,0.28120,-0.79725,NaN,NaN,NaN,NaN,NaN,NaN,NaN,NaN,NaN,NaN,NaN,NaN,NaN,NaN,NaN,NaN,NaN,NaN,NaN,NaN,NaN,
80.946,0.01518,-0.01073,0.12997,0.53202,-0.06796,0.27976,-0.79629,NaN,NaN,NaN,NaN,NaN,NaN,NaN,NaN,NaN,NaN,NaN,NaN,NaN,NaN,NaN,NaN,NaN,NaN,NaN,NaN,NaN,
80.971,0.01523,-0.01068,0.13001,0.53252,-0.06848,0.27946,-0.79601,NaN,NaN,NaN,NaN,NaN,NaN,NaN,NaN,NaN,NaN,NaN,NaN,NaN,NaN,NaN,NaN,NaN,NaN,NaN,NaN,NaN,
80.996,0.01522,-0.01066,0.12998,0.53260,-0.06830,0.27923,-0.79606,NaN,NaN,NaN,NaN,NaN,NaN,NaN,NaN,NaN,NaN,NaN,NaN,NaN,NaN,NaN,NaN,NaN,NaN,NaN,NaN,NaN,
81.021,0.01517,-0.01066,0.12997,0.53292,-0.06854,0.27898,-0.79591,NaN,NaN,NaN,NaN,NaN,NaN,NaN,NaN,NaN,NaN,NaN,NaN,NaN,NaN,NaN,NaN,NaN,NaN,NaN,NaN,NaN,
81.046,0.01513,-0.01068,0.13004,0.53293,-0.06876,0.27911,-0.79584,NaN,NaN,NaN,NaN,NaN,NaN,NaN,NaN,NaN,NaN,NaN,NaN,NaN,NaN,NaN,NaN,NaN,NaN,NaN,NaN,NaN,
81.071,0.01516,-0.01068,0.13004,0.53289,-0.06864,0.27908,-0.79588,NaN,NaN,NaN,NaN,NaN,NaN,NaN,NaN,NaN,NaN,NaN,NaN,NaN,NaN,NaN,NaN,NaN,NaN,NaN,NaN,NaN,
81.096,0.01518,-0.01068,0.13004,0.53313,-0.06861,0.27876,-0.79584,NaN,NaN,NaN,NaN,NaN,NaN,NaN,NaN,NaN,NaN,NaN,NaN,NaN,NaN,NaN,NaN,NaN,NaN,NaN,NaN,NaN,
81.121,0.01518,-0.01073,0.13003,0.53228,-0.06831,0.27964,-0.79612,NaN,NaN,NaN,NaN,NaN,NaN,NaN,NaN,NaN,NaN,NaN,NaN,NaN,NaN,NaN,NaN,NaN,NaN,NaN,NaN,NaN,
81.146,0.01528,-0.01045,0.13014,0.53451,-0.06952,0.27759,-0.79524,NaN,NaN,NaN,NaN,NaN,NaN,NaN,NaN,NaN,NaN,NaN,NaN,NaN,NaN,NaN,NaN,NaN,NaN,NaN,NaN,NaN,
81.171,0.01528,-0.01022,0.13034,0.53860,-0.07326,0.27479,-0.79311,NaN,NaN,NaN,NaN,NaN,NaN,NaN,NaN,NaN,NaN,NaN,NaN,NaN,NaN,NaN,NaN,NaN,NaN,NaN,NaN,NaN,
81.196,0.01568,-0.00967,0.13008,0.54019,-0.07530,0.27408,-0.79209,NaN,NaN,NaN,NaN,NaN,NaN,NaN,NaN,NaN,NaN,NaN,NaN,NaN,NaN,NaN,NaN,NaN,NaN,NaN,NaN,NaN,
81.221,0.01618,-0.00983,0.13022,0.54256,-0.08313,0.27613,-0.78897,NaN,NaN,NaN,NaN,NaN,NaN,NaN,NaN,NaN,NaN,NaN,NaN,NaN,NaN,NaN,NaN,NaN,NaN,NaN,NaN,NaN,
81.246,0.01628,-0.00971,0.13027,0.54226,-0.08322,0.27658,-0.78901,NaN,NaN,NaN,NaN,NaN,NaN,NaN,NaN,NaN,NaN,NaN,NaN,NaN,NaN,NaN,NaN,NaN,NaN,NaN,NaN,NaN,
81.271,0.01628,-0.00977,0.13048,0.54141,-0.08337,0.27778,-0.78915,NaN,NaN,NaN,NaN,NaN,NaN,NaN,NaN,NaN,NaN,NaN,NaN,NaN,NaN,NaN,NaN,NaN,NaN,NaN,NaN,NaN,
81.296,0.01624,-0.00982,0.13048,0.54034,-0.08145,0.27792,-0.79004,NaN,NaN,NaN,NaN,NaN,NaN,NaN,NaN,NaN,NaN,NaN,NaN,NaN,NaN,NaN,NaN,NaN,NaN,NaN,NaN,NaN,
81.321,0.01624,-0.00985,0.13063,0.53983,-0.08143,0.27856,-0.79016,NaN,NaN,NaN,NaN,NaN,NaN,NaN,NaN,NaN,NaN,NaN,NaN,NaN,NaN,NaN,NaN,NaN,NaN,NaN,NaN,NaN,
81.346,0.01632,-0.00983,0.13056,0.53888,-0.07989,0.27878,-0.79089,NaN,NaN,NaN,NaN,NaN,NaN,NaN,NaN,NaN,NaN,NaN,NaN,NaN,NaN,NaN,NaN,NaN,NaN,NaN,NaN,NaN,
81.371,0.01628,-0.00988,0.13061,0.53870,-0.07983,0.27898,-0.79095,NaN,NaN,NaN,NaN,NaN,NaN,NaN,NaN,NaN,NaN,NaN,NaN,NaN,NaN,NaN,NaN,NaN,NaN,NaN,NaN,NaN,
81.396,0.01623,-0.00984,0.13066,0.53883,-0.07994,0.27887,-0.79088,NaN,NaN,NaN,NaN,NaN,NaN,NaN,NaN,NaN,NaN,NaN,NaN,NaN,NaN,NaN,NaN,NaN,NaN,NaN,NaN,NaN,
81.421,0.01629,-0.00976,0.13065,0.53895,-0.07953,0.27846,-0.79099,NaN,NaN,NaN,NaN,NaN,NaN,NaN,NaN,NaN,NaN,NaN,NaN,NaN,NaN,NaN,NaN,NaN,NaN,NaN,NaN,NaN,
81.446,0.01627,-0.00975,0.13065,0.53910,-0.07971,0.27838,-0.79090,NaN,NaN,NaN,NaN,NaN,NaN,NaN,NaN,NaN,NaN,NaN,NaN,NaN,NaN,NaN,NaN,NaN,NaN,NaN,NaN,NaN,
81.471,0.01628,-0.00973,0.13069,0.53960,-0.08044,0.27822,-0.79054,NaN,NaN,NaN,NaN,NaN,NaN,NaN,NaN,NaN,NaN,NaN,NaN,NaN,NaN,NaN,NaN,NaN,NaN,NaN,NaN,NaN,
81.496,0.01626,-0.00970,0.13070,0.53984,-0.08061,0.27801,-0.79043,NaN,NaN,NaN,NaN,NaN,NaN,NaN,NaN,NaN,NaN,NaN,NaN,NaN,NaN,NaN,NaN,NaN,NaN,NaN,NaN,NaN,
81.521,0.01628,-0.00975,0.13061,0.53938,-0.08012,0.27829,-0.79070,NaN,NaN,NaN,NaN,NaN,NaN,NaN,NaN,NaN,NaN,NaN,NaN,NaN,NaN,NaN,NaN,NaN,NaN,NaN,NaN,NaN,
81.546,0.01627,-0.00976,0.13065,0.53931,-0.08021,0.27844,-0.79068,NaN,NaN,NaN,NaN,NaN,NaN,NaN,NaN,NaN,NaN,NaN,NaN,NaN,NaN,NaN,NaN,NaN,NaN,NaN,NaN,NaN,
81.571,0.01626,-0.00972,0.13061,0.53967,-0.08096,0.27847,-0.79035,NaN,NaN,NaN,NaN,NaN,NaN,NaN,NaN,NaN,NaN,NaN,NaN,NaN,NaN,NaN,NaN,NaN,NaN,NaN,NaN,NaN,
81.596,0.01630,-0.00967,0.13054,0.53965,-0.08097,0.27849,-0.79036,NaN,NaN,NaN,NaN,NaN,NaN,NaN,NaN,NaN,NaN,NaN,NaN,NaN,NaN,NaN,NaN,NaN,NaN,NaN,NaN,NaN,
81.621,0.01626,-0.00961,0.13048,0.53992,-0.08132,0.27838,-0.79018,NaN,NaN,NaN,NaN,NaN,NaN,NaN,NaN,NaN,NaN,NaN,NaN,NaN,NaN,NaN,NaN,NaN,NaN,NaN,NaN,NaN,
81.646,0.01632,-0.00956,0.13040,0.54053,-0.08186,0.27793,-0.78986,NaN,NaN,NaN,NaN,NaN,NaN,NaN,NaN,NaN,NaN,NaN,NaN,NaN,NaN,NaN,NaN,NaN,NaN,NaN,NaN,NaN,
81.671,0.01632,-0.00950,0.13033,0.54125,-0.08243,0.27738,-0.78950,NaN,NaN,NaN,NaN,NaN,NaN,NaN,NaN,NaN,NaN,NaN,NaN,NaN,NaN,NaN,NaN,NaN,NaN,NaN,NaN,NaN,
81.696,0.01630,-0.00947,0.13025,0.54222,-0.08327,0.27666,-0.78900,NaN,NaN,NaN,NaN,NaN,NaN,NaN,NaN,NaN,NaN,NaN,NaN,NaN,NaN,NaN,NaN,NaN,NaN,NaN,NaN,NaN,
81.721,0.01631,-0.00939,0.13025,0.54286,-0.08425,0.27647,-0.78852,NaN,NaN,NaN,NaN,NaN,NaN,NaN,NaN,NaN,NaN,NaN,NaN,NaN,NaN,NaN,NaN,NaN,NaN,NaN,NaN,NaN,
81.746,0.01628,-0.00935,0.13019,0.54343,-0.08488,0.27615,-0.78818,NaN,NaN,NaN,NaN,NaN,NaN,NaN,NaN,NaN,NaN,NaN,NaN,NaN,NaN,NaN,NaN,NaN,NaN,NaN,NaN,NaN,
81.771,0.01633,-0.00923,0.13018,0.54451,-0.08599,0.27546,-0.78755,NaN,NaN,NaN,NaN,NaN,NaN,NaN,NaN,NaN,NaN,NaN,NaN,NaN,NaN,NaN,NaN,NaN,NaN,NaN,NaN,NaN,
81.796,0.01631,-0.00892,0.13018,0.54680,-0.08753,0.27348,-0.78649,NaN,NaN,NaN,NaN,NaN,NaN,NaN,NaN,NaN,NaN,NaN,NaN,NaN,NaN,NaN,NaN,NaN,NaN,NaN,NaN,NaN,
81.821,0.01639,-0.00873,0.13018,0.54866,-0.08891,0.27194,-0.78557,NaN,NaN,NaN,NaN,NaN,NaN,NaN,NaN,NaN,NaN,NaN,NaN,NaN,NaN,NaN,NaN,NaN,NaN,NaN,NaN,NaN,
81.846,0.01638,-0.00865,0.13015,0.54944,-0.08933,0.27119,-0.78524,NaN,NaN,NaN,NaN,NaN,NaN,NaN,NaN,NaN,NaN,NaN,NaN,NaN,NaN,NaN,NaN,NaN,NaN,NaN,NaN,NaN,
81.871,0.01638,-0.00856,0.13017,0.55008,-0.08972,0.27060,-0.78494,NaN,NaN,NaN,NaN,NaN,NaN,NaN,NaN,NaN,NaN,NaN,NaN,NaN,NaN,NaN,NaN,NaN,NaN,NaN,NaN,NaN,
81.896,0.01639,-0.00858,0.13019,0.55026,-0.08999,0.27054,-0.78481,NaN,NaN,NaN,NaN,NaN,NaN,NaN,NaN,NaN,NaN,NaN,NaN,NaN,NaN,NaN,NaN,NaN,NaN,NaN,NaN,NaN,
81.921,0.01638,-0.00857,0.13020,0.55020,-0.09012,0.27070,-0.78478,NaN,NaN,NaN,NaN,NaN,NaN,NaN,NaN,NaN,NaN,NaN,NaN,NaN,NaN,NaN,NaN,NaN,NaN,NaN,NaN,NaN,
81.946,0.01638,-0.00859,0.13017,0.55030,-0.09000,0.27050,-0.78480,NaN,NaN,NaN,NaN,NaN,NaN,NaN,NaN,NaN,NaN,NaN,NaN,NaN,NaN,NaN,NaN,NaN,NaN,NaN,NaN,NaN,
81.971,0.01642,-0.00854,0.13013,0.55039,-0.08958,0.27009,-0.78491,NaN,NaN,NaN,NaN,NaN,NaN,NaN,NaN,NaN,NaN,NaN,NaN,NaN,NaN,NaN,NaN,NaN,NaN,NaN,NaN,NaN,
81.996,0.01634,-0.00856,0.13017,0.55047,-0.08978,0.27012,-0.78483,NaN,NaN,NaN,NaN,NaN,NaN,NaN,NaN,NaN,NaN,NaN,NaN,NaN,NaN,NaN,NaN,NaN,NaN,NaN,NaN,NaN,
82.021,0.01638,-0.00861,0.13019,0.54999,-0.08986,0.27081,-0.78492,NaN,NaN,NaN,NaN,NaN,NaN,NaN,NaN,NaN,NaN,NaN,NaN,NaN,NaN,NaN,NaN,NaN,NaN,NaN,NaN,NaN,
82.046,0.01638,-0.00859,0.13018,0.55025,-0.08993,0.27052,-0.78483,NaN,NaN,NaN,NaN,NaN,NaN,NaN,NaN,NaN,NaN,NaN,NaN,NaN,NaN,NaN,NaN,NaN,NaN,NaN,NaN,NaN,
82.071,0.01638,-0.00856,0.13018,0.55042,-0.08994,0.27030,-0.78479,NaN,NaN,NaN,NaN,NaN,NaN,NaN,NaN,NaN,NaN,NaN,NaN,NaN,NaN,NaN,NaN,NaN,NaN,NaN,NaN,NaN,
82.096,0.01636,-0.00857,0.13020,0.55062,-0.09024,0.27023,-0.78464,NaN,NaN,NaN,NaN,NaN,NaN,NaN,NaN,NaN,NaN,NaN,NaN,NaN,NaN,NaN,NaN,NaN,NaN,NaN,NaN,NaN,
82.121,0.01620,-0.00847,0.13036,0.55370,-0.09296,0.26793,-0.78294,NaN,NaN,NaN,NaN,NaN,NaN,NaN,NaN,NaN,NaN,NaN,NaN,NaN,NaN,NaN,NaN,NaN,NaN,NaN,NaN,NaN,
82.146,0.01651,-0.00780,0.13026,0.55630,-0.09376,0.26501,-0.78199,NaN,NaN,NaN,NaN,NaN,NaN,NaN,NaN,NaN,NaN,NaN,NaN,NaN,NaN,NaN,NaN,NaN,NaN,NaN,NaN,NaN,
82.171,0.01669,-0.00759,0.13024,0.55761,-0.09586,0.26463,-0.78093,NaN,NaN,NaN,NaN,NaN,NaN,NaN,NaN,NaN,NaN,NaN,NaN,NaN,NaN,NaN,NaN,NaN,NaN,NaN,NaN,NaN,
82.196,0.01664,-0.00762,0.13031,0.55787,-0.09693,0.26497,-0.78050,NaN,NaN,NaN,NaN,NaN,NaN,NaN,NaN,NaN,NaN,NaN,NaN,NaN,NaN,NaN,NaN,NaN,NaN,NaN,NaN,NaN,
82.221,0.01670,-0.00757,0.13027,0.55817,-0.09690,0.26454,-0.78043,NaN,NaN,NaN,NaN,NaN,NaN,NaN,NaN,NaN,NaN,NaN,NaN,NaN,NaN,NaN,NaN,NaN,NaN,NaN,NaN,NaN,
82.246,0.01675,-0.00742,0.13026,0.55871,-0.09713,0.26398,-0.78021,NaN,NaN,NaN,NaN,NaN,NaN,NaN,NaN,NaN,NaN,NaN,NaN,NaN,NaN,NaN,NaN,NaN,NaN,NaN,NaN,NaN,
82.271,0.01674,-0.00729,0.13035,0.56016,-0.09885,0.26315,-0.77923,NaN,NaN,NaN,NaN,NaN,NaN,NaN,NaN,NaN,NaN,NaN,NaN,NaN,NaN,NaN,NaN,NaN,NaN,NaN,NaN,NaN,
82.296,0.01677,-0.00720,0.13030,0.56126,-0.09933,0.26199,-0.77877,NaN,NaN,NaN,NaN,NaN,NaN,NaN,NaN,NaN,NaN,NaN,NaN,NaN,NaN,NaN,NaN,NaN,NaN,NaN,NaN,NaN,
82.321,0.01683,-0.00709,0.13031,0.56184,-0.10026,0.26181,-0.77829,NaN,NaN,NaN,NaN,NaN,NaN,NaN,NaN,NaN,NaN,NaN,NaN,NaN,NaN,NaN,NaN,NaN,NaN,NaN,NaN,NaN,
82.346,0.01688,-0.00692,0.13027,0.56265,-0.10070,0.26102,-0.77792,NaN,NaN,NaN,NaN,NaN,NaN,NaN,NaN,NaN,NaN,NaN,NaN,NaN,NaN,NaN,NaN,NaN,NaN,NaN,NaN,NaN,
82.371,0.01684,-0.00688,0.13025,0.56320,-0.10126,0.26064,-0.77757,NaN,NaN,NaN,NaN,NaN,NaN,NaN,NaN,NaN,NaN,NaN,NaN,NaN,NaN,NaN,NaN,NaN,NaN,NaN,NaN,NaN,
82.396,0.01690,-0.00680,0.13030,0.56374,-0.10218,0.26050,-0.77711,NaN,NaN,NaN,NaN,NaN,NaN,NaN,NaN,NaN,NaN,NaN,NaN,NaN,NaN,NaN,NaN,NaN,NaN,NaN,NaN,NaN,
82.421,0.01691,-0.00678,0.13027,0.56392,-0.10223,0.26029,-0.77704,NaN,NaN,NaN,NaN,NaN,NaN,NaN,NaN,NaN,NaN,NaN,NaN,NaN,NaN,NaN,NaN,NaN,NaN,NaN,NaN,NaN,
82.446,0.01690,-0.00674,0.13030,0.56442,-0.10288,0.26003,-0.77668,NaN,NaN,NaN,NaN,NaN,NaN,NaN,NaN,NaN,NaN,NaN,NaN,NaN,NaN,NaN,NaN,NaN,NaN,NaN,NaN,NaN,
82.471,0.01693,-0.00660,0.13030,0.56549,-0.10363,0.25908,-0.77612,NaN,NaN,NaN,NaN,NaN,NaN,NaN,NaN,NaN,NaN,NaN,NaN,NaN,NaN,NaN,NaN,NaN,NaN,NaN,NaN,NaN,
82.496,0.01694,-0.00654,0.13035,0.56605,-0.10454,0.25891,-0.77565,NaN,NaN,NaN,NaN,NaN,NaN,NaN,NaN,NaN,NaN,NaN,NaN,NaN,NaN,NaN,NaN,NaN,NaN,NaN,NaN,NaN,
82.521,0.01693,-0.00649,0.13032,0.56643,-0.10466,0.25847,-0.77550,NaN,NaN,NaN,NaN,NaN,NaN,NaN,NaN,NaN,NaN,NaN,NaN,NaN,NaN,NaN,NaN,NaN,NaN,NaN,NaN,NaN,
82.546,0.01695,-0.00647,0.13036,0.56675,-0.10500,0.25826,-0.77529,NaN,NaN,NaN,NaN,NaN,NaN,NaN,NaN,NaN,NaN,NaN,NaN,NaN,NaN,NaN,NaN,NaN,NaN,NaN,NaN,NaN,
82.571,0.01696,-0.00637,0.13028,0.56745,-0.10489,0.25724,-0.77513,NaN,NaN,NaN,NaN,NaN,NaN,NaN,NaN,NaN,NaN,NaN,NaN,NaN,NaN,NaN,NaN,NaN,NaN,NaN,NaN,NaN,
82.596,0.01692,-0.00631,0.13031,0.56788,-0.10544,0.25702,-0.77481,NaN,NaN,NaN,NaN,NaN,NaN,NaN,NaN,NaN,NaN,NaN,NaN,NaN,NaN,NaN,NaN,NaN,NaN,NaN,NaN,NaN,
82.621,0.01694,-0.00628,0.13033,0.56799,-0.10570,0.25703,-0.77469,NaN,NaN,NaN,NaN,NaN,NaN,NaN,NaN,NaN,NaN,NaN,NaN,NaN,NaN,NaN,NaN,NaN,NaN,NaN,NaN,NaN,
82.646,0.01696,-0.00625,0.13033,0.56810,-0.10586,0.25699,-0.77461,NaN,NaN,NaN,NaN,NaN,NaN,NaN,NaN,NaN,NaN,NaN,NaN,NaN,NaN,NaN,NaN,NaN,NaN,NaN,NaN,NaN,
82.671,0.01693,-0.00625,0.13038,0.56801,-0.10608,0.25725,-0.77455,NaN,NaN,NaN,NaN,NaN,NaN,NaN,NaN,NaN,NaN,NaN,NaN,NaN,NaN,NaN,NaN,NaN,NaN,NaN,NaN,NaN,
82.696,0.01694,-0.00637,0.13036,0.56748,-0.10558,0.25765,-0.77488,NaN,NaN,NaN,NaN,NaN,NaN,NaN,NaN,NaN,NaN,NaN,NaN,NaN,NaN,NaN,NaN,NaN,NaN,NaN,NaN,NaN,
82.721,0.01694,-0.00632,0.13036,0.56779,-0.10583,0.25739,-0.77471,NaN,NaN,NaN,NaN,NaN,NaN,NaN,NaN,NaN,NaN,NaN,NaN,NaN,NaN,NaN,NaN,NaN,NaN,NaN,NaN,NaN,
82.746,0.01695,-0.00627,0.13036,0.56812,-0.10606,0.25708,-0.77453,NaN,NaN,NaN,NaN,NaN,NaN,NaN,NaN,NaN,NaN,NaN,NaN,NaN,NaN,NaN,NaN,NaN,NaN,NaN,NaN,NaN,
82.771,0.01699,-0.00603,0.13034,0.56994,-0.10737,0.25546,-0.77355,NaN,NaN,NaN,NaN,NaN,NaN,NaN,NaN,NaN,NaN,NaN,NaN,NaN,NaN,NaN,NaN,NaN,NaN,NaN,NaN,NaN,
82.796,0.01697,-0.00600,0.13036,0.57053,-0.10792,0.25501,-0.77319,NaN,NaN,NaN,NaN,NaN,NaN,NaN,NaN,NaN,NaN,NaN,NaN,NaN,NaN,NaN,NaN,NaN,NaN,NaN,NaN,NaN,
82.821,0.01696,-0.00592,0.13035,0.57119,-0.10839,0.25443,-0.77283,NaN,NaN,NaN,NaN,NaN,NaN,NaN,NaN,NaN,NaN,NaN,NaN,NaN,NaN,NaN,NaN,NaN,NaN,NaN,NaN,NaN,
82.846,0.01699,-0.00586,0.13039,0.57178,-0.10909,0.25406,-0.77241,NaN,NaN,NaN,NaN,NaN,NaN,NaN,NaN,NaN,NaN,NaN,NaN,NaN,NaN,NaN,NaN,NaN,NaN,NaN,NaN,NaN,
82.871,0.01703,-0.00575,0.13036,0.57246,-0.10937,0.25332,-0.77211,NaN,NaN,NaN,NaN,NaN,NaN,NaN,NaN,NaN,NaN,NaN,NaN,NaN,NaN,NaN,NaN,NaN,NaN,NaN,NaN,NaN,
82.896,0.01702,-0.00559,0.13040,0.57352,-0.11038,0.25251,-0.77145,NaN,NaN,NaN,NaN,NaN,NaN,NaN,NaN,NaN,NaN,NaN,NaN,NaN,NaN,NaN,NaN,NaN,NaN,NaN,NaN,NaN,
82.921,0.01706,-0.00545,0.13040,0.57479,-0.11134,0.25139,-0.77073,NaN,NaN,NaN,NaN,NaN,NaN,NaN,NaN,NaN,NaN,NaN,NaN,NaN,NaN,NaN,NaN,NaN,NaN,NaN,NaN,NaN,
82.946,0.01707,-0.00536,0.13039,0.57571,-0.11209,0.25061,-0.77019,NaN,NaN,NaN,NaN,NaN,NaN,NaN,NaN,NaN,NaN,NaN,NaN,NaN,NaN,NaN,NaN,NaN,NaN,NaN,NaN,NaN,
82.971,0.01706,-0.00526,0.13042,0.57622,-0.11302,0.25050,-0.76971,NaN,NaN,NaN,NaN,NaN,NaN,NaN,NaN,NaN,NaN,NaN,NaN,NaN,NaN,NaN,NaN,NaN,NaN,NaN,NaN,NaN,
82.996,0.01708,-0.00525,0.13040,0.57715,-0.11420,0.24998,-0.76901,NaN,NaN,NaN,NaN,NaN,NaN,NaN,NaN,NaN,NaN,NaN,NaN,NaN,NaN,NaN,NaN,NaN,NaN,NaN,NaN,NaN,
83.021,0.01713,-0.00510,0.13042,0.57799,-0.11513,0.24941,-0.76842,NaN,NaN,NaN,NaN,NaN,NaN,NaN,NaN,NaN,NaN,NaN,NaN,NaN,NaN,NaN,NaN,NaN,NaN,NaN,NaN,NaN,
83.046,0.01717,-0.00497,0.13047,0.57865,-0.11621,0.24918,-0.76783,NaN,NaN,NaN,NaN,NaN,NaN,NaN,NaN,NaN,NaN,NaN,NaN,NaN,NaN,NaN,NaN,NaN,NaN,NaN,NaN,NaN,
83.071,0.01721,-0.00491,0.13043,0.57933,-0.11666,0.24853,-0.76746,NaN,NaN,NaN,NaN,NaN,NaN,NaN,NaN,NaN,NaN,NaN,NaN,NaN,NaN,NaN,NaN,NaN,NaN,NaN,NaN,NaN,
83.096,0.01720,-0.00487,0.13045,0.57961,-0.11708,0.24842,-0.76723,NaN,NaN,NaN,NaN,NaN,NaN,NaN,NaN,NaN,NaN,NaN,NaN,NaN,NaN,NaN,NaN,NaN,NaN,NaN,NaN,NaN,
83.121,0.01719,-0.00476,0.13047,0.58041,-0.11793,0.24785,-0.76667,NaN,NaN,NaN,NaN,NaN,NaN,NaN,NaN,NaN,NaN,NaN,NaN,NaN,NaN,NaN,NaN,NaN,NaN,NaN,NaN,NaN,
83.146,0.01726,-0.00463,0.13043,0.58138,-0.11824,0.24671,-0.76626,NaN,NaN,NaN,NaN,NaN,NaN,NaN,NaN,NaN,NaN,NaN,NaN,NaN,NaN,NaN,NaN,NaN,NaN,NaN,NaN,NaN,
83.171,0.01722,-0.00452,0.13044,0.58208,-0.11881,0.24610,-0.76583,NaN,NaN,NaN,NaN,NaN,NaN,NaN,NaN,NaN,NaN,NaN,NaN,NaN,NaN,NaN,NaN,NaN,NaN,NaN,NaN,NaN,
83.196,0.01722,-0.00449,0.13044,0.58263,-0.11931,0.24566,-0.76548,NaN,NaN,NaN,NaN,NaN,NaN,NaN,NaN,NaN,NaN,NaN,NaN,NaN,NaN,NaN,NaN,NaN,NaN,NaN,NaN,NaN,
83.221,0.01723,-0.00446,0.13042,0.58309,-0.11957,0.24518,-0.76524,NaN,NaN,NaN,NaN,NaN,NaN,NaN,NaN,NaN,NaN,NaN,NaN,NaN,NaN,NaN,NaN,NaN,NaN,NaN,NaN,NaN,
83.246,0.01719,-0.00440,0.13047,0.58363,-0.12039,0.24495,-0.76477,NaN,NaN,NaN,NaN,NaN,NaN,NaN,NaN,NaN,NaN,NaN,NaN,NaN,NaN,NaN,NaN,NaN,NaN,NaN,NaN,NaN,
83.271,0.01721,-0.00432,0.13048,0.58383,-0.12066,0.24485,-0.76461,NaN,NaN,NaN,NaN,NaN,NaN,NaN,NaN,NaN,NaN,NaN,NaN,NaN,NaN,NaN,NaN,NaN,NaN,NaN,NaN,NaN,
83.296,0.01727,-0.00429,0.13046,0.58388,-0.12049,0.24468,-0.76466,NaN,NaN,NaN,NaN,NaN,NaN,NaN,NaN,NaN,NaN,NaN,NaN,NaN,NaN,NaN,NaN,NaN,NaN,NaN,NaN,NaN,
83.321,0.01730,-0.00423,0.13051,0.58416,-0.12111,0.24467,-0.76435,NaN,NaN,NaN,NaN,NaN,NaN,NaN,NaN,NaN,NaN,NaN,NaN,NaN,NaN,NaN,NaN,NaN,NaN,NaN,NaN,NaN,
83.346,0.01730,-0.00423,0.13051,0.58468,-0.12170,0.24433,-0.76397,NaN,NaN,NaN,NaN,NaN,NaN,NaN,NaN,NaN,NaN,NaN,NaN,NaN,NaN,NaN,NaN,NaN,NaN,NaN,NaN,NaN,
83.371,0.01729,-0.00422,0.13047,0.58496,-0.12173,0.24395,-0.76386,NaN,NaN,NaN,NaN,NaN,NaN,NaN,NaN,NaN,NaN,NaN,NaN,NaN,NaN,NaN,NaN,NaN,NaN,NaN,NaN,NaN,
83.396,0.01725,-0.00423,0.13049,0.58506,-0.12205,0.24401,-0.76372,NaN,NaN,NaN,NaN,NaN,NaN,NaN,NaN,NaN,NaN,NaN,NaN,NaN,NaN,NaN,NaN,NaN,NaN,NaN,NaN,NaN,
83.421,0.01725,-0.00431,0.13050,0.58429,-0.12128,0.24460,-0.76424,NaN,NaN,NaN,NaN,NaN,NaN,NaN,NaN,NaN,NaN,NaN,NaN,NaN,NaN,NaN,NaN,NaN,NaN,NaN,NaN,NaN,
83.446,0.01725,-0.00427,0.13050,0.58450,-0.12147,0.24442,-0.76411,NaN,NaN,NaN,NaN,NaN,NaN,NaN,NaN,NaN,NaN,NaN,NaN,NaN,NaN,NaN,NaN,NaN,NaN,NaN,NaN,NaN,
83.471,0.01726,-0.00424,0.13049,0.58467,-0.12161,0.24428,-0.76400,NaN,NaN,NaN,NaN,NaN,NaN,NaN,NaN,NaN,NaN,NaN,NaN,NaN,NaN,NaN,NaN,NaN,NaN,NaN,NaN,NaN,
83.496,0.01727,-0.00422,0.13048,0.58479,-0.12169,0.24416,-0.76393,NaN,NaN,NaN,NaN,NaN,NaN,NaN,NaN,NaN,NaN,NaN,NaN,NaN,NaN,NaN,NaN,NaN,NaN,NaN,NaN,NaN,
83.521,0.01727,-0.00420,0.13049,0.58495,-0.12187,0.24405,-0.76382,NaN,NaN,NaN,NaN,NaN,NaN,NaN,NaN,NaN,NaN,NaN,NaN,NaN,NaN,NaN,NaN,NaN,NaN,NaN,NaN,NaN,
83.546,0.01727,-0.00419,0.13050,0.58512,-0.12210,0.24396,-0.76368,NaN,NaN,NaN,NaN,NaN,NaN,NaN,NaN,NaN,NaN,NaN,NaN,NaN,NaN,NaN,NaN,NaN,NaN,NaN,NaN,NaN,
83.571,0.01727,-0.00416,0.13049,0.58541,-0.12229,0.24368,-0.76352,NaN,NaN,NaN,NaN,NaN,NaN,NaN,NaN,NaN,NaN,NaN,NaN,NaN,NaN,NaN,NaN,NaN,NaN,NaN,NaN,NaN,
83.596,0.01727,-0.00413,0.13049,0.58571,-0.12248,0.24338,-0.76335,NaN,NaN,NaN,NaN,NaN,NaN,NaN,NaN,NaN,NaN,NaN,NaN,NaN,NaN,NaN,NaN,NaN,NaN,NaN,NaN,NaN,
83.621,0.01727,-0.00409,0.13050,0.58603,-0.12273,0.24309,-0.76316,NaN,NaN,NaN,NaN,NaN,NaN,NaN,NaN,NaN,NaN,NaN,NaN,NaN,NaN,NaN,NaN,NaN,NaN,NaN,NaN,NaN,
83.646,0.01727,-0.00385,0.13058,0.58837,-0.12466,0.24104,-0.76169,NaN,NaN,NaN,NaN,NaN,NaN,NaN,NaN,NaN,NaN,NaN,NaN,NaN,NaN,NaN,NaN,NaN,NaN,NaN,NaN,NaN,
83.671,0.01733,-0.00379,0.13058,0.58858,-0.12523,0.24110,-0.76142,NaN,NaN,NaN,NaN,NaN,NaN,NaN,NaN,NaN,NaN,NaN,NaN,NaN,NaN,NaN,NaN,NaN,NaN,NaN,NaN,NaN,
83.696,0.01738,-0.00390,0.13061,0.58921,-0.12709,0.24139,-0.76053,NaN,NaN,NaN,NaN,NaN,NaN,NaN,NaN,NaN,NaN,NaN,NaN,NaN,NaN,NaN,NaN,NaN,NaN,NaN,NaN,NaN,
83.721,0.01743,-0.00376,0.13058,0.58956,-0.12725,0.24099,-0.76036,NaN,NaN,NaN,NaN,NaN,NaN,NaN,NaN,NaN,NaN,NaN,NaN,NaN,NaN,NaN,NaN,NaN,NaN,NaN,NaN,NaN,
83.746,0.01748,-0.00363,0.13061,0.59004,-0.12778,0.24066,-0.76001,NaN,NaN,NaN,NaN,NaN,NaN,NaN,NaN,NaN,NaN,NaN,NaN,NaN,NaN,NaN,NaN,NaN,NaN,NaN,NaN,NaN,
83.771,0.01755,-0.00350,0.13059,0.59073,-0.12811,0.23989,-0.75966,NaN,NaN,NaN,NaN,NaN,NaN,NaN,NaN,NaN,NaN,NaN,NaN,NaN,NaN,NaN,NaN,NaN,NaN,NaN,NaN,NaN,
83.796,0.01753,-0.00341,0.13062,0.59208,-0.12956,0.23891,-0.75867,NaN,NaN,NaN,NaN,NaN,NaN,NaN,NaN,NaN,NaN,NaN,NaN,NaN,NaN,NaN,NaN,NaN,NaN,NaN,NaN,NaN,
83.821,0.01763,-0.00323,0.13051,0.59243,-0.12962,0.23846,-0.75853,NaN,NaN,NaN,NaN,NaN,NaN,NaN,NaN,NaN,NaN,NaN,NaN,NaN,NaN,NaN,NaN,NaN,NaN,NaN,NaN,NaN,
83.846,0.01764,-0.00332,0.13062,0.59301,-0.13229,0.23929,-0.75735,NaN,NaN,NaN,NaN,NaN,NaN,NaN,NaN,NaN,NaN,NaN,NaN,NaN,NaN,NaN,NaN,NaN,NaN,NaN,NaN,NaN,
83.871,0.01768,-0.00326,0.13054,0.59324,-0.13185,0.23869,-0.75744,NaN,NaN,NaN,NaN,NaN,NaN,NaN,NaN,NaN,NaN,NaN,NaN,NaN,NaN,NaN,NaN,NaN,NaN,NaN,NaN,NaN,
83.896,0.01767,-0.00319,0.13060,0.59355,-0.13250,0.23866,-0.75709,NaN,NaN,NaN,NaN,NaN,NaN,NaN,NaN,NaN,NaN,NaN,NaN,NaN,NaN,NaN,NaN,NaN,NaN,NaN,NaN,NaN,
83.921,0.01766,-0.00317,0.13062,0.59460,-0.13340,0.23774,-0.75640,NaN,NaN,NaN,NaN,NaN,NaN,NaN,NaN,NaN,NaN,NaN,NaN,NaN,NaN,NaN,NaN,NaN,NaN,NaN,NaN,NaN,
83.946,0.01771,-0.00302,0.13062,0.59520,-0.13380,0.23713,-0.75604,NaN,NaN,NaN,NaN,NaN,NaN,NaN,NaN,NaN,NaN,NaN,NaN,NaN,NaN,NaN,NaN,NaN,NaN,NaN,NaN,NaN,
83.971,0.01778,-0.00285,0.13068,0.59562,-0.13461,0.23705,-0.75560,NaN,NaN,NaN,NaN,NaN,NaN,NaN,NaN,NaN,NaN,NaN,NaN,NaN,NaN,NaN,NaN,NaN,NaN,NaN,NaN,NaN,
83.996,0.01780,-0.00273,0.13068,0.59707,-0.13575,0.23570,-0.75467,NaN,NaN,NaN,NaN,NaN,NaN,NaN,NaN,NaN,NaN,NaN,NaN,NaN,NaN,NaN,NaN,NaN,NaN,NaN,NaN,NaN,
84.021,0.01775,-0.00265,0.13066,0.59780,-0.13578,0.23469,-0.75440,NaN,NaN,NaN,NaN,NaN,NaN,NaN,NaN,NaN,NaN,NaN,NaN,NaN,NaN,NaN,NaN,NaN,NaN,NaN,NaN,NaN,
84.046,0.01769,-0.00268,0.13070,0.59789,-0.13608,0.23474,-0.75426,NaN,NaN,NaN,NaN,NaN,NaN,NaN,NaN,NaN,NaN,NaN,NaN,NaN,NaN,NaN,NaN,NaN,NaN,NaN,NaN,NaN,
84.071,0.01775,-0.00265,0.13064,0.59805,-0.13598,0.23446,-0.75424,NaN,NaN,NaN,NaN,NaN,NaN,NaN,NaN,NaN,NaN,NaN,NaN,NaN,NaN,NaN,NaN,NaN,NaN,NaN,NaN,NaN,
84.096,0.01771,-0.00266,0.13064,0.59816,-0.13609,0.23437,-0.75416,NaN,NaN,NaN,NaN,NaN,NaN,NaN,NaN,NaN,NaN,NaN,NaN,NaN,NaN,NaN,NaN,NaN,NaN,NaN,NaN,NaN,
84.121,0.01774,-0.00257,0.13066,0.59871,-0.13660,0.23390,-0.75378,NaN,NaN,NaN,NaN,NaN,NaN,NaN,NaN,NaN,NaN,NaN,NaN,NaN,NaN,NaN,NaN,NaN,NaN,NaN,NaN,NaN,
84.146,0.01775,-0.00238,0.13070,0.59979,-0.13762,0.23300,-0.75301,NaN,NaN,NaN,NaN,NaN,NaN,NaN,NaN,NaN,NaN,NaN,NaN,NaN,NaN,NaN,NaN,NaN,NaN,NaN,NaN,NaN,
84.171,0.01775,-0.00238,0.13070,0.59979,-0.13762,0.23300,-0.75301,NaN,NaN,NaN,NaN,NaN,NaN,NaN,NaN,NaN,NaN,NaN,NaN,NaN,NaN,NaN,NaN,NaN,NaN,NaN,NaN,NaN,
84.196,0.01788,-0.00212,0.13068,0.60162,-0.13928,0.23140,-0.75173,NaN,NaN,NaN,NaN,NaN,NaN,NaN,NaN,NaN,NaN,NaN,NaN,NaN,NaN,NaN,NaN,NaN,NaN,NaN,NaN,NaN,
84.221,0.01787,-0.00202,0.13067,0.60278,-0.14051,0.23051,-0.75085,NaN,NaN,NaN,NaN,NaN,NaN,NaN,NaN,NaN,NaN,NaN,NaN,NaN,NaN,NaN,NaN,NaN,NaN,NaN,NaN,NaN,
84.246,0.01784,-0.00198,0.13071,0.60326,-0.14121,0.23025,-0.75042,NaN,NaN,NaN,NaN,NaN,NaN,NaN,NaN,NaN,NaN,NaN,NaN,NaN,NaN,NaN,NaN,NaN,NaN,NaN,NaN,NaN,
84.271,0.01779,-0.00195,0.13070,0.60345,-0.14129,0.23002,-0.75032,NaN,NaN,NaN,NaN,NaN,NaN,NaN,NaN,NaN,NaN,NaN,NaN,NaN,NaN,NaN,NaN,NaN,NaN,NaN,NaN,NaN,
84.296,0.01778,-0.00198,0.13071,0.60370,-0.14159,0.22986,-0.75011,NaN,NaN,NaN,NaN,NaN,NaN,NaN,NaN,NaN,NaN,NaN,NaN,NaN,NaN,NaN,NaN,NaN,NaN,NaN,NaN,NaN,
84.321,0.01784,-0.00193,0.13069,0.60367,-0.14152,0.22985,-0.75015,NaN,NaN,NaN,NaN,NaN,NaN,NaN,NaN,NaN,NaN,NaN,NaN,NaN,NaN,NaN,NaN,NaN,NaN,NaN,NaN,NaN,
84.346,0.01784,-0.00189,0.13073,0.60381,-0.14198,0.22993,-0.74992,NaN,NaN,NaN,NaN,NaN,NaN,NaN,NaN,NaN,NaN,NaN,NaN,NaN,NaN,NaN,NaN,NaN,NaN,NaN,NaN,NaN,
84.371,0.01785,-0.00192,0.13074,0.60404,-0.14230,0.22980,-0.74972,NaN,NaN,NaN,NaN,NaN,NaN,NaN,NaN,NaN,NaN,NaN,NaN,NaN,NaN,NaN,NaN,NaN,NaN,NaN,NaN,NaN,
84.396,0.01782,-0.00199,0.13075,0.60334,-0.14160,0.23037,-0.75024,NaN,NaN,NaN,NaN,NaN,NaN,NaN,NaN,NaN,NaN,NaN,NaN,NaN,NaN,NaN,NaN,NaN,NaN,NaN,NaN,NaN,
84.421,0.01783,-0.00195,0.13074,0.60362,-0.14183,0.23012,-0.75005,NaN,NaN,NaN,NaN,NaN,NaN,NaN,NaN,NaN,NaN,NaN,NaN,NaN,NaN,NaN,NaN,NaN,NaN,NaN,NaN,NaN,
84.446,0.01783,-0.00193,0.13072,0.60382,-0.14195,0.22990,-0.74993,NaN,NaN,NaN,NaN,NaN,NaN,NaN,NaN,NaN,NaN,NaN,NaN,NaN,NaN,NaN,NaN,NaN,NaN,NaN,NaN,NaN,
84.471,0.01783,-0.00191,0.13072,0.60392,-0.14205,0.22982,-0.74986,NaN,NaN,NaN,NaN,NaN,NaN,NaN,NaN,NaN,NaN,NaN,NaN,NaN,NaN,NaN,NaN,NaN,NaN,NaN,NaN,NaN,
84.496,0.01783,-0.00191,0.13072,0.60406,-0.14221,0.22972,-0.74974,NaN,NaN,NaN,NaN,NaN,NaN,NaN,NaN,NaN,NaN,NaN,NaN,NaN,NaN,NaN,NaN,NaN,NaN,NaN,NaN,NaN,
84.521,0.01784,-0.00189,0.13072,0.60418,-0.14235,0.22964,-0.74965,NaN,NaN,NaN,NaN,NaN,NaN,NaN,NaN,NaN,NaN,NaN,NaN,NaN,NaN,NaN,NaN,NaN,NaN,NaN,NaN,NaN,
84.546,0.01775,-0.00173,0.13079,0.60616,-0.14448,0.22810,-0.74811,NaN,NaN,NaN,NaN,NaN,NaN,NaN,NaN,NaN,NaN,NaN,NaN,NaN,NaN,NaN,NaN,NaN,NaN,NaN,NaN,NaN,
84.571,0.01793,-0.00131,0.13076,0.60825,-0.14642,0.22626,-0.74659,NaN,NaN,NaN,NaN,NaN,NaN,NaN,NaN,NaN,NaN,NaN,NaN,NaN,NaN,NaN,NaN,NaN,NaN,NaN,NaN,NaN,
84.596,0.01783,-0.00108,0.13075,0.61155,-0.14909,0.22311,-0.74431,NaN,NaN,NaN,NaN,NaN,NaN,NaN,NaN,NaN,NaN,NaN,NaN,NaN,NaN,NaN,NaN,NaN,NaN,NaN,NaN,NaN,
84.621,0.01795,-0.00055,0.13074,0.61455,-0.15153,0.22022,-0.74220,NaN,NaN,NaN,NaN,NaN,NaN,NaN,NaN,NaN,NaN,NaN,NaN,NaN,NaN,NaN,NaN,NaN,NaN,NaN,NaN,NaN,
84.646,0.01786,-0.00056,0.13071,0.61553,-0.15215,0.21917,-0.74158,NaN,NaN,NaN,NaN,NaN,NaN,NaN,NaN,NaN,NaN,NaN,NaN,NaN,NaN,NaN,NaN,NaN,NaN,NaN,NaN,NaN,
84.671,0.01783,-0.00051,0.13074,0.61662,-0.15343,0.21835,-0.74065,NaN,NaN,NaN,NaN,NaN,NaN,NaN,NaN,NaN,NaN,NaN,NaN,NaN,NaN,NaN,NaN,NaN,NaN,NaN,NaN,NaN,
84.696,0.01783,-0.00035,0.13075,0.61763,-0.15452,0.21752,-0.73982,NaN,NaN,NaN,NaN,NaN,NaN,NaN,NaN,NaN,NaN,NaN,NaN,NaN,NaN,NaN,NaN,NaN,NaN,NaN,NaN,NaN,
84.721,0.01785,-0.00029,0.13074,0.61867,-0.15606,0.21692,-0.73881,NaN,NaN,NaN,NaN,NaN,NaN,NaN,NaN,NaN,NaN,NaN,NaN,NaN,NaN,NaN,NaN,NaN,NaN,NaN,NaN,NaN,
84.746,0.01801,-0.00008,0.13060,0.61907,-0.15679,0.21677,-0.73837,NaN,NaN,NaN,NaN,NaN,NaN,NaN,NaN,NaN,NaN,NaN,NaN,NaN,NaN,NaN,NaN,NaN,NaN,NaN,NaN,NaN,
84.771,0.01803,-0.00014,0.13065,0.62007,-0.15954,0.21694,-0.73688,NaN,NaN,NaN,NaN,NaN,NaN,NaN,NaN,NaN,NaN,NaN,NaN,NaN,NaN,NaN,NaN,NaN,NaN,NaN,NaN,NaN,
84.796,0.01810,-0.00001,0.13055,0.62065,-0.15964,0.21614,-0.73661,NaN,NaN,NaN,NaN,NaN,NaN,NaN,NaN,NaN,NaN,NaN,NaN,NaN,NaN,NaN,NaN,NaN,NaN,NaN,NaN,NaN,
84.821,0.01809,0.00005,0.13057,0.62055,-0.15985,0.21642,-0.73657,NaN,NaN,NaN,NaN,NaN,NaN,NaN,NaN,NaN,NaN,NaN,NaN,NaN,NaN,NaN,NaN,NaN,NaN,NaN,NaN,NaN,
84.846,0.01809,0.00004,0.13055,0.62057,-0.15977,0.21634,-0.73659,NaN,NaN,NaN,NaN,NaN,NaN,NaN,NaN,NaN,NaN,NaN,NaN,NaN,NaN,NaN,NaN,NaN,NaN,NaN,NaN,NaN,
84.871,0.01812,0.00009,0.13053,0.62058,-0.15959,0.21622,-0.73665,NaN,NaN,NaN,NaN,NaN,NaN,NaN,NaN,NaN,NaN,NaN,NaN,NaN,NaN,NaN,NaN,NaN,NaN,NaN,NaN,NaN,
84.896,0.01813,0.00012,0.13052,0.62068,-0.15958,0.21606,-0.73662,NaN,NaN,NaN,NaN,NaN,NaN,NaN,NaN,NaN,NaN,NaN,NaN,NaN,NaN,NaN,NaN,NaN,NaN,NaN,NaN,NaN,
84.921,0.01809,0.00002,0.13051,0.62078,-0.15973,0.21600,-0.73652,NaN,NaN,NaN,NaN,NaN,NaN,NaN,NaN,NaN,NaN,NaN,NaN,NaN,NaN,NaN,NaN,NaN,NaN,NaN,NaN,NaN,
84.946,0.01808,0.00000,0.13054,0.62073,-0.15999,0.21623,-0.73643,NaN,NaN,NaN,NaN,NaN,NaN,NaN,NaN,NaN,NaN,NaN,NaN,NaN,NaN,NaN,NaN,NaN,NaN,NaN,NaN,NaN,
84.971,0.01807,-0.00001,0.13060,0.62057,-0.16005,0.21650,-0.73648,NaN,NaN,NaN,NaN,NaN,NaN,NaN,NaN,NaN,NaN,NaN,NaN,NaN,NaN,NaN,NaN,NaN,NaN,NaN,NaN,NaN,
84.996,0.01808,0.00001,0.13057,0.62070,-0.16007,0.21633,-0.73642,NaN,NaN,NaN,NaN,NaN,NaN,NaN,NaN,NaN,NaN,NaN,NaN,NaN,NaN,NaN,NaN,NaN,NaN,NaN,NaN,NaN,
85.021,0.01809,0.00004,0.13055,0.62071,-0.16000,0.21627,-0.73644,NaN,NaN,NaN,NaN,NaN,NaN,NaN,NaN,NaN,NaN,NaN,NaN,NaN,NaN,NaN,NaN,NaN,NaN,NaN,NaN,NaN,
85.046,0.01809,0.00004,0.13055,0.62079,-0.16017,0.21625,-0.73634,NaN,NaN,NaN,NaN,NaN,NaN,NaN,NaN,NaN,NaN,NaN,NaN,NaN,NaN,NaN,NaN,NaN,NaN,NaN,NaN,NaN,
85.071,0.01808,0.00004,0.13055,0.62095,-0.16044,0.21618,-0.73617,NaN,NaN,NaN,NaN,NaN,NaN,NaN,NaN,NaN,NaN,NaN,NaN,NaN,NaN,NaN,NaN,NaN,NaN,NaN,NaN,NaN,
85.096,0.01811,0.00026,0.13040,0.62249,-0.16158,0.21458,-0.73509,NaN,NaN,NaN,NaN,NaN,NaN,NaN,NaN,NaN,NaN,NaN,NaN,NaN,NaN,NaN,NaN,NaN,NaN,NaN,NaN,NaN,
85.121,0.01813,0.00036,0.13041,0.62305,-0.16206,0.21404,-0.73467,NaN,NaN,NaN,NaN,NaN,NaN,NaN,NaN,NaN,NaN,NaN,NaN,NaN,NaN,NaN,NaN,NaN,NaN,NaN,NaN,NaN,
85.146,0.01810,0.00037,0.13039,0.62317,-0.16201,0.21383,-0.73463,NaN,NaN,NaN,NaN,NaN,NaN,NaN,NaN,NaN,NaN,NaN,NaN,NaN,NaN,NaN,NaN,NaN,NaN,NaN,NaN,NaN,
85.171,0.01803,0.00036,0.13047,0.62382,-0.16315,0.21355,-0.73391,NaN,NaN,NaN,NaN,NaN,NaN,NaN,NaN,NaN,NaN,NaN,NaN,NaN,NaN,NaN,NaN,NaN,NaN,NaN,NaN,NaN,
85.196,0.01811,0.00058,0.13043,0.62506,-0.16423,0.21235,-0.73297,NaN,NaN,NaN,NaN,NaN,NaN,NaN,NaN,NaN,NaN,NaN,NaN,NaN,NaN,NaN,NaN,NaN,NaN,NaN,NaN,NaN,
85.221,0.01814,0.00086,0.13038,0.62679,-0.16559,0.21057,-0.73169,NaN,NaN,NaN,NaN,NaN,NaN,NaN,NaN,NaN,NaN,NaN,NaN,NaN,NaN,NaN,NaN,NaN,NaN,NaN,NaN,NaN,
85.246,0.01816,0.00107,0.13032,0.62808,-0.16651,0.20920,-0.73077,NaN,NaN,NaN,NaN,NaN,NaN,NaN,NaN,NaN,NaN,NaN,NaN,NaN,NaN,NaN,NaN,NaN,NaN,NaN,NaN,NaN,
85.271,0.01814,0.00110,0.13026,0.62904,-0.16743,0.20830,-0.72999,NaN,NaN,NaN,NaN,NaN,NaN,NaN,NaN,NaN,NaN,NaN,NaN,NaN,NaN,NaN,NaN,NaN,NaN,NaN,NaN,NaN,
85.296,0.01799,0.00110,0.13034,0.63053,-0.16961,0.20736,-0.72847,NaN,NaN,NaN,NaN,NaN,NaN,NaN,NaN,NaN,NaN,NaN,NaN,NaN,NaN,NaN,NaN,NaN,NaN,NaN,NaN,NaN,
85.321,0.01809,0.00139,0.13019,0.63192,-0.17029,0.20566,-0.72759,NaN,NaN,NaN,NaN,NaN,NaN,NaN,NaN,NaN,NaN,NaN,NaN,NaN,NaN,NaN,NaN,NaN,NaN,NaN,NaN,NaN,
85.346,0.01813,0.00154,0.13012,0.63313,-0.17128,0.20443,-0.72665,NaN,NaN,NaN,NaN,NaN,NaN,NaN,NaN,NaN,NaN,NaN,NaN,NaN,NaN,NaN,NaN,NaN,NaN,NaN,NaN,NaN,
85.371,0.01807,0.00161,0.13015,0.63409,-0.17211,0.20346,-0.72589,NaN,NaN,NaN,NaN,NaN,NaN,NaN,NaN,NaN,NaN,NaN,NaN,NaN,NaN,NaN,NaN,NaN,NaN,NaN,NaN,NaN,
85.396,0.01809,0.00168,0.13019,0.63442,-0.17272,0.20331,-0.72549,NaN,NaN,NaN,NaN,NaN,NaN,NaN,NaN,NaN,NaN,NaN,NaN,NaN,NaN,NaN,NaN,NaN,NaN,NaN,NaN,NaN,
85.421,0.01811,0.00173,0.13019,0.63444,-0.17270,0.20328,-0.72550,NaN,NaN,NaN,NaN,NaN,NaN,NaN,NaN,NaN,NaN,NaN,NaN,NaN,NaN,NaN,NaN,NaN,NaN,NaN,NaN,NaN,
85.446,0.01813,0.00179,0.13018,0.63470,-0.17284,0.20296,-0.72532,NaN,NaN,NaN,NaN,NaN,NaN,NaN,NaN,NaN,NaN,NaN,NaN,NaN,NaN,NaN,NaN,NaN,NaN,NaN,NaN,NaN,
85.471,0.01817,0.00190,0.13020,0.63554,-0.17388,0.20230,-0.72452,NaN,NaN,NaN,NaN,NaN,NaN,NaN,NaN,NaN,NaN,NaN,NaN,NaN,NaN,NaN,NaN,NaN,NaN,NaN,NaN,NaN,
85.496,0.01814,0.00194,0.13021,0.63643,-0.17439,0.20124,-0.72391,NaN,NaN,NaN,NaN,NaN,NaN,NaN,NaN,NaN,NaN,NaN,NaN,NaN,NaN,NaN,NaN,NaN,NaN,NaN,NaN,NaN,
85.521,0.01812,0.00202,0.13020,0.63699,-0.17429,0.20034,-0.72370,NaN,NaN,NaN,NaN,NaN,NaN,NaN,NaN,NaN,NaN,NaN,NaN,NaN,NaN,NaN,NaN,NaN,NaN,NaN,NaN,NaN,
85.546,0.01805,0.00196,0.13034,0.63737,-0.17503,0.20019,-0.72322,NaN,NaN,NaN,NaN,NaN,NaN,NaN,NaN,NaN,NaN,NaN,NaN,NaN,NaN,NaN,NaN,NaN,NaN,NaN,NaN,NaN,
85.571,0.01802,0.00193,0.13042,0.63784,-0.17539,0.19968,-0.72286,NaN,NaN,NaN,NaN,NaN,NaN,NaN,NaN,NaN,NaN,NaN,NaN,NaN,NaN,NaN,NaN,NaN,NaN,NaN,NaN,NaN,
85.596,0.01807,0.00200,0.13052,0.63789,-0.17535,0.19959,-0.72285,NaN,NaN,NaN,NaN,NaN,NaN,NaN,NaN,NaN,NaN,NaN,NaN,NaN,NaN,NaN,NaN,NaN,NaN,NaN,NaN,NaN,
85.621,0.01807,0.00199,0.13057,0.63784,-0.17496,0.19943,-0.72303,NaN,NaN,NaN,NaN,NaN,NaN,NaN,NaN,NaN,NaN,NaN,NaN,NaN,NaN,NaN,NaN,NaN,NaN,NaN,NaN,NaN,
85.646,0.01804,0.00201,0.13067,0.63758,-0.17486,0.19977,-0.72319,NaN,NaN,NaN,NaN,NaN,NaN,NaN,NaN,NaN,NaN,NaN,NaN,NaN,NaN,NaN,NaN,NaN,NaN,NaN,NaN,NaN,
85.671,0.01805,0.00202,0.13072,0.63761,-0.17501,0.19982,-0.72312,NaN,NaN,NaN,NaN,NaN,NaN,NaN,NaN,NaN,NaN,NaN,NaN,NaN,NaN,NaN,NaN,NaN,NaN,NaN,NaN,NaN,
85.696,0.01808,0.00206,0.13074,0.63774,-0.17491,0.19956,-0.72310,NaN,NaN,NaN,NaN,NaN,NaN,NaN,NaN,NaN,NaN,NaN,NaN,NaN,NaN,NaN,NaN,NaN,NaN,NaN,NaN,NaN,
85.721,0.01811,0.00208,0.13077,0.63798,-0.17516,0.19935,-0.72288,NaN,NaN,NaN,NaN,NaN,NaN,NaN,NaN,NaN,NaN,NaN,NaN,NaN,NaN,NaN,NaN,NaN,NaN,NaN,NaN,NaN,
85.746,0.01809,0.00207,0.13076,0.63808,-0.17499,0.19909,-0.72291,NaN,NaN,NaN,NaN,NaN,NaN,NaN,NaN,NaN,NaN,NaN,NaN,NaN,NaN,NaN,NaN,NaN,NaN,NaN,NaN,NaN,
85.771,0.01809,0.00210,0.13075,0.63805,-0.17483,0.19904,-0.72299,NaN,NaN,NaN,NaN,NaN,NaN,NaN,NaN,NaN,NaN,NaN,NaN,NaN,NaN,NaN,NaN,NaN,NaN,NaN,NaN,NaN,
85.796,0.01806,0.00207,0.13082,0.63820,-0.17551,0.19921,-0.72264,NaN,NaN,NaN,NaN,NaN,NaN,NaN,NaN,NaN,NaN,NaN,NaN,NaN,NaN,NaN,NaN,NaN,NaN,NaN,NaN,NaN,
85.821,0.01810,0.00210,0.13069,0.63790,-0.17470,0.19919,-0.72311,NaN,NaN,NaN,NaN,NaN,NaN,NaN,NaN,NaN,NaN,NaN,NaN,NaN,NaN,NaN,NaN,NaN,NaN,NaN,NaN,NaN,
85.846,0.01809,0.00209,0.13074,0.63802,-0.17503,0.19920,-0.72292,NaN,NaN,NaN,NaN,NaN,NaN,NaN,NaN,NaN,NaN,NaN,NaN,NaN,NaN,NaN,NaN,NaN,NaN,NaN,NaN,NaN,
85.871,0.01809,0.00207,0.13078,0.63815,-0.17547,0.19926,-0.72268,NaN,NaN,NaN,NaN,NaN,NaN,NaN,NaN,NaN,NaN,NaN,NaN,NaN,NaN,NaN,NaN,NaN,NaN,NaN,NaN,NaN,
85.896,0.01810,0.00208,0.13079,0.63827,-0.17573,0.19923,-0.72252,NaN,NaN,NaN,NaN,NaN,NaN,NaN,NaN,NaN,NaN,NaN,NaN,NaN,NaN,NaN,NaN,NaN,NaN,NaN,NaN,NaN,
85.921,0.01822,0.00219,0.13072,0.63869,-0.17662,0.19911,-0.72197,NaN,NaN,NaN,NaN,NaN,NaN,NaN,NaN,NaN,NaN,NaN,NaN,NaN,NaN,NaN,NaN,NaN,NaN,NaN,NaN,NaN,
85.946,0.01818,0.00213,0.13076,0.63891,-0.17716,0.19909,-0.72165,NaN,NaN,NaN,NaN,NaN,NaN,NaN,NaN,NaN,NaN,NaN,NaN,NaN,NaN,NaN,NaN,NaN,NaN,NaN,NaN,NaN,
85.971,0.01817,0.00217,0.13077,0.63899,-0.17741,0.19910,-0.72151,NaN,NaN,NaN,NaN,NaN,NaN,NaN,NaN,NaN,NaN,NaN,NaN,NaN,NaN,NaN,NaN,NaN,NaN,NaN,NaN,NaN,
85.996,0.01818,0.00226,0.13073,0.63927,-0.17720,0.19855,-0.72146,NaN,NaN,NaN,NaN,NaN,NaN,NaN,NaN,NaN,NaN,NaN,NaN,NaN,NaN,NaN,NaN,NaN,NaN,NaN,NaN,NaN,
86.021,0.01817,0.00227,0.13071,0.63972,-0.17750,0.19804,-0.72113,NaN,NaN,NaN,NaN,NaN,NaN,NaN,NaN,NaN,NaN,NaN,NaN,NaN,NaN,NaN,NaN,NaN,NaN,NaN,NaN,NaN,
86.046,0.01815,0.00226,0.13077,0.64032,-0.17864,0.19780,-0.72039,NaN,NaN,NaN,NaN,NaN,NaN,NaN,NaN,NaN,NaN,NaN,NaN,NaN,NaN,NaN,NaN,NaN,NaN,NaN,NaN,NaN,
86.071,0.01816,0.00222,0.13081,0.63946,-0.17791,0.19868,-0.72108,NaN,NaN,NaN,NaN,NaN,NaN,NaN,NaN,NaN,NaN,NaN,NaN,NaN,NaN,NaN,NaN,NaN,NaN,NaN,NaN,NaN,
86.096,0.01813,0.00270,0.13084,0.64320,-0.18144,0.19500,-0.71788,NaN,NaN,NaN,NaN,NaN,NaN,NaN,NaN,NaN,NaN,NaN,NaN,NaN,NaN,NaN,NaN,NaN,NaN,NaN,NaN,NaN,
86.121,0.01833,0.00319,0.13068,0.64575,-0.18292,0.19191,-0.71604,NaN,NaN,NaN,NaN,NaN,NaN,NaN,NaN,NaN,NaN,NaN,NaN,NaN,NaN,NaN,NaN,NaN,NaN,NaN,NaN,NaN,
86.146,0.01810,0.00326,0.13074,0.64838,-0.18590,0.18954,-0.71352,NaN,NaN,NaN,NaN,NaN,NaN,NaN,NaN,NaN,NaN,NaN,NaN,NaN,NaN,NaN,NaN,NaN,NaN,NaN,NaN,NaN,
86.171,0.01836,0.00395,0.13067,0.65220,-0.19044,0.18618,-0.70972,NaN,NaN,NaN,NaN,NaN,NaN,NaN,NaN,NaN,NaN,NaN,NaN,NaN,NaN,NaN,NaN,NaN,NaN,NaN,NaN,NaN,
86.196,0.01831,0.00421,0.13078,0.65519,-0.19396,0.18346,-0.70671,NaN,NaN,NaN,NaN,NaN,NaN,NaN,NaN,NaN,NaN,NaN,NaN,NaN,NaN,NaN,NaN,NaN,NaN,NaN,NaN,NaN,
86.221,0.01831,0.00454,0.13072,0.65652,-0.19436,0.18160,-0.70585,NaN,NaN,NaN,NaN,NaN,NaN,NaN,NaN,NaN,NaN,NaN,NaN,NaN,NaN,NaN,NaN,NaN,NaN,NaN,NaN,NaN,
86.246,0.01823,0.00458,0.13083,0.65769,-0.19640,0.18088,-0.70438,NaN,NaN,NaN,NaN,NaN,NaN,NaN,NaN,NaN,NaN,NaN,NaN,NaN,NaN,NaN,NaN,NaN,NaN,NaN,NaN,NaN,
86.271,0.01828,0.00481,0.13082,0.65880,-0.19731,0.17964,-0.70341,NaN,NaN,NaN,NaN,NaN,NaN,NaN,NaN,NaN,NaN,NaN,NaN,NaN,NaN,NaN,NaN,NaN,NaN,NaN,NaN,NaN,
86.296,0.01831,0.00497,0.13081,0.66031,-0.19875,0.17805,-0.70199,NaN,NaN,NaN,NaN,NaN,NaN,NaN,NaN,NaN,NaN,NaN,NaN,NaN,NaN,NaN,NaN,NaN,NaN,NaN,NaN,NaN,
86.321,0.01842,0.00519,0.13075,0.66066,-0.19866,0.17744,-0.70184,NaN,NaN,NaN,NaN,NaN,NaN,NaN,NaN,NaN,NaN,NaN,NaN,NaN,NaN,NaN,NaN,NaN,NaN,NaN,NaN,NaN,
86.346,0.01829,0.00510,0.13087,0.66045,-0.19944,0.17821,-0.70162,NaN,NaN,NaN,NaN,NaN,NaN,NaN,NaN,NaN,NaN,NaN,NaN,NaN,NaN,NaN,NaN,NaN,NaN,NaN,NaN,NaN,
86.371,0.01832,0.00518,0.13082,0.65945,-0.19827,0.17914,-0.70265,NaN,NaN,NaN,NaN,NaN,NaN,NaN,NaN,NaN,NaN,NaN,NaN,NaN,NaN,NaN,NaN,NaN,NaN,NaN,NaN,NaN,
86.396,0.01823,0.00509,0.13082,0.65878,-0.19805,0.18009,-0.70310,NaN,NaN,NaN,NaN,NaN,NaN,NaN,NaN,NaN,NaN,NaN,NaN,NaN,NaN,NaN,NaN,NaN,NaN,NaN,NaN,NaN,
86.421,0.01829,0.00512,0.13076,0.65858,-0.19780,0.18027,-0.70332,NaN,NaN,NaN,NaN,NaN,NaN,NaN,NaN,NaN,NaN,NaN,NaN,NaN,NaN,NaN,NaN,NaN,NaN,NaN,NaN,NaN,
86.446,0.01825,0.00501,0.13069,0.65812,-0.19741,0.18077,-0.70373,NaN,NaN,NaN,NaN,NaN,NaN,NaN,NaN,NaN,NaN,NaN,NaN,NaN,NaN,NaN,NaN,NaN,NaN,NaN,NaN,NaN,
86.471,0.01825,0.00498,0.13063,0.65749,-0.19729,0.18171,-0.70410,NaN,NaN,NaN,NaN,NaN,NaN,NaN,NaN,NaN,NaN,NaN,NaN,NaN,NaN,NaN,NaN,NaN,NaN,NaN,NaN,NaN,
86.496,0.01832,0.00498,0.13051,0.65726,-0.19730,0.18207,-0.70422,NaN,NaN,NaN,NaN,NaN,NaN,NaN,NaN,NaN,NaN,NaN,NaN,NaN,NaN,NaN,NaN,NaN,NaN,NaN,NaN,NaN,
86.521,0.01835,0.00498,0.13041,0.65721,-0.19727,0.18215,-0.70426,NaN,NaN,NaN,NaN,NaN,NaN,NaN,NaN,NaN,NaN,NaN,NaN,NaN,NaN,NaN,NaN,NaN,NaN,NaN,NaN,NaN,
86.546,0.01839,0.00506,0.13031,0.65707,-0.19706,0.18224,-0.70442,NaN,NaN,NaN,NaN,NaN,NaN,NaN,NaN,NaN,NaN,NaN,NaN,NaN,NaN,NaN,NaN,NaN,NaN,NaN,NaN,NaN,
86.571,0.01828,0.00492,0.13028,0.65739,-0.19768,0.18209,-0.70400,NaN,NaN,NaN,NaN,NaN,NaN,NaN,NaN,NaN,NaN,NaN,NaN,NaN,NaN,NaN,NaN,NaN,NaN,NaN,NaN,NaN,
86.596,0.01829,0.00498,0.13026,0.65751,-0.19794,0.18204,-0.70382,NaN,NaN,NaN,NaN,NaN,NaN,NaN,NaN,NaN,NaN,NaN,NaN,NaN,NaN,NaN,NaN,NaN,NaN,NaN,NaN,NaN,
86.621,0.01826,0.00497,0.13020,0.65777,-0.19830,0.18184,-0.70353,NaN,NaN,NaN,NaN,NaN,NaN,NaN,NaN,NaN,NaN,NaN,NaN,NaN,NaN,NaN,NaN,NaN,NaN,NaN,NaN,NaN,
86.646,0.01830,0.00504,0.13012,0.65774,-0.19825,0.18186,-0.70357,NaN,NaN,NaN,NaN,NaN,NaN,NaN,NaN,NaN,NaN,NaN,NaN,NaN,NaN,NaN,NaN,NaN,NaN,NaN,NaN,NaN,
86.671,0.01837,0.00510,0.13003,0.65784,-0.19820,0.18166,-0.70354,NaN,NaN,NaN,NaN,NaN,NaN,NaN,NaN,NaN,NaN,NaN,NaN,NaN,NaN,NaN,NaN,NaN,NaN,NaN,NaN,NaN,
86.696,0.01832,0.00507,0.13007,0.65791,-0.19861,0.18178,-0.70332,NaN,NaN,NaN,NaN,NaN,NaN,NaN,NaN,NaN,NaN,NaN,NaN,NaN,NaN,NaN,NaN,NaN,NaN,NaN,NaN,NaN,
86.721,0.01842,0.00521,0.13004,0.65783,-0.19847,0.18182,-0.70342,NaN,NaN,NaN,NaN,NaN,NaN,NaN,NaN,NaN,NaN,NaN,NaN,NaN,NaN,NaN,NaN,NaN,NaN,NaN,NaN,NaN,
86.746,0.01836,0.00512,0.13007,0.65802,-0.19887,0.18175,-0.70316,NaN,NaN,NaN,NaN,NaN,NaN,NaN,NaN,NaN,NaN,NaN,NaN,NaN,NaN,NaN,NaN,NaN,NaN,NaN,NaN,NaN,
86.771,0.01836,0.00514,0.13003,0.65813,-0.19867,0.18146,-0.70318,NaN,NaN,NaN,NaN,NaN,NaN,NaN,NaN,NaN,NaN,NaN,NaN,NaN,NaN,NaN,NaN,NaN,NaN,NaN,NaN,NaN,
86.796,0.01834,0.00517,0.12999,0.65826,-0.19856,0.18121,-0.70316,NaN,NaN,NaN,NaN,NaN,NaN,NaN,NaN,NaN,NaN,NaN,NaN,NaN,NaN,NaN,NaN,NaN,NaN,NaN,NaN,NaN,
86.821,0.01831,0.00507,0.13012,0.65807,-0.19906,0.18177,-0.70305,NaN,NaN,NaN,NaN,NaN,NaN,NaN,NaN,NaN,NaN,NaN,NaN,NaN,NaN,NaN,NaN,NaN,NaN,NaN,NaN,NaN,
86.846,0.01832,0.00510,0.13009,0.65819,-0.19912,0.18163,-0.70296,NaN,NaN,NaN,NaN,NaN,NaN,NaN,NaN,NaN,NaN,NaN,NaN,NaN,NaN,NaN,NaN,NaN,NaN,NaN,NaN,NaN,
86.871,0.01834,0.00514,0.13008,0.65833,-0.19924,0.18148,-0.70284,NaN,NaN,NaN,NaN,NaN,NaN,NaN,NaN,NaN,NaN,NaN,NaN,NaN,NaN,NaN,NaN,NaN,NaN,NaN,NaN,NaN,
86.896,0.01834,0.00516,0.13006,0.65849,-0.19937,0.18128,-0.70269,NaN,NaN,NaN,NaN,NaN,NaN,NaN,NaN,NaN,NaN,NaN,NaN,NaN,NaN,NaN,NaN,NaN,NaN,NaN,NaN,NaN,
86.921,0.01834,0.00521,0.13007,0.65873,-0.19970,0.18109,-0.70243,NaN,NaN,NaN,NaN,NaN,NaN,NaN,NaN,NaN,NaN,NaN,NaN,NaN,NaN,NaN,NaN,NaN,NaN,NaN,NaN,NaN,
86.946,0.01824,0.00536,0.13009,0.66108,-0.20241,0.17885,-0.70001,NaN,NaN,NaN,NaN,NaN,NaN,NaN,NaN,NaN,NaN,NaN,NaN,NaN,NaN,NaN,NaN,NaN,NaN,NaN,NaN,NaN,
86.971,0.01832,0.00557,0.13011,0.66186,-0.20343,0.17818,-0.69915,NaN,NaN,NaN,NaN,NaN,NaN,NaN,NaN,NaN,NaN,NaN,NaN,NaN,NaN,NaN,NaN,NaN,NaN,NaN,NaN,NaN,
86.996,0.01832,0.00565,0.13000,0.66284,-0.20369,0.17675,-0.69850,NaN,NaN,NaN,NaN,NaN,NaN,NaN,NaN,NaN,NaN,NaN,NaN,NaN,NaN,NaN,NaN,NaN,NaN,NaN,NaN,NaN,
87.021,0.01828,0.00578,0.13003,0.66365,-0.20462,0.17596,-0.69766,NaN,NaN,NaN,NaN,NaN,NaN,NaN,NaN,NaN,NaN,NaN,NaN,NaN,NaN,NaN,NaN,NaN,NaN,NaN,NaN,NaN,
87.046,0.01822,0.00590,0.12999,0.66554,-0.20681,0.17414,-0.69568,NaN,NaN,NaN,NaN,NaN,NaN,NaN,NaN,NaN,NaN,NaN,NaN,NaN,NaN,NaN,NaN,NaN,NaN,NaN,NaN,NaN,
87.071,0.01824,0.00624,0.13003,0.66764,-0.20929,0.17211,-0.69342,NaN,NaN,NaN,NaN,NaN,NaN,NaN,NaN,NaN,NaN,NaN,NaN,NaN,NaN,NaN,NaN,NaN,NaN,NaN,NaN,NaN,
87.096,0.01825,0.00656,0.13004,0.66953,-0.21149,0.17024,-0.69138,NaN,NaN,NaN,NaN,NaN,NaN,NaN,NaN,NaN,NaN,NaN,NaN,NaN,NaN,NaN,NaN,NaN,NaN,NaN,NaN,NaN,
87.121,0.01830,0.00702,0.13004,0.67200,-0.21428,0.16774,-0.68874,NaN,NaN,NaN,NaN,NaN,NaN,NaN,NaN,NaN,NaN,NaN,NaN,NaN,NaN,NaN,NaN,NaN,NaN,NaN,NaN,NaN,
87.146,0.01835,0.00745,0.13001,0.67488,-0.21729,0.16464,-0.68572,NaN,NaN,NaN,NaN,NaN,NaN,NaN,NaN,NaN,NaN,NaN,NaN,NaN,NaN,NaN,NaN,NaN,NaN,NaN,NaN,NaN,
87.171,0.01813,0.00753,0.13004,0.67702,-0.21978,0.16245,-0.68334,NaN,NaN,NaN,NaN,NaN,NaN,NaN,NaN,NaN,NaN,NaN,NaN,NaN,NaN,NaN,NaN,NaN,NaN,NaN,NaN,NaN,
87.196,0.01809,0.00769,0.13001,0.67872,-0.22143,0.16052,-0.68158,NaN,NaN,NaN,NaN,NaN,NaN,NaN,NaN,NaN,NaN,NaN,NaN,NaN,NaN,NaN,NaN,NaN,NaN,NaN,NaN,NaN,
87.221,0.01811,0.00790,0.13000,0.67993,-0.22240,0.15902,-0.68040,NaN,NaN,NaN,NaN,NaN,NaN,NaN,NaN,NaN,NaN,NaN,NaN,NaN,NaN,NaN,NaN,NaN,NaN,NaN,NaN,NaN,
87.246,0.01804,0.00791,0.13007,0.68048,-0.22320,0.15853,-0.67970,NaN,NaN,NaN,NaN,NaN,NaN,NaN,NaN,NaN,NaN,NaN,NaN,NaN,NaN,NaN,NaN,NaN,NaN,NaN,NaN,NaN,
87.271,0.01813,0.00802,0.12999,0.68067,-0.22293,0.15807,-0.67971,NaN,NaN,NaN,NaN,NaN,NaN,NaN,NaN,NaN,NaN,NaN,NaN,NaN,NaN,NaN,NaN,NaN,NaN,NaN,NaN,NaN,
87.296,0.01821,0.00822,0.12999,0.68089,-0.22312,0.15780,-0.67949,NaN,NaN,NaN,NaN,NaN,NaN,NaN,NaN,NaN,NaN,NaN,NaN,NaN,NaN,NaN,NaN,NaN,NaN,NaN,NaN,NaN,
87.321,0.01828,0.00848,0.12997,0.68243,-0.22470,0.15607,-0.67782,NaN,NaN,NaN,NaN,NaN,NaN,NaN,NaN,NaN,NaN,NaN,NaN,NaN,NaN,NaN,NaN,NaN,NaN,NaN,NaN,NaN,
87.346,0.01820,0.00869,0.13003,0.68425,-0.22720,0.15434,-0.67555,NaN,NaN,NaN,NaN,NaN,NaN,NaN,NaN,NaN,NaN,NaN,NaN,NaN,NaN,NaN,NaN,NaN,NaN,NaN,NaN,NaN,
87.371,0.01815,0.00877,0.13009,0.68514,-0.22849,0.15352,-0.67440,NaN,NaN,NaN,NaN,NaN,NaN,NaN,NaN,NaN,NaN,NaN,NaN,NaN,NaN,NaN,NaN,NaN,NaN,NaN,NaN,NaN,
87.396,0.01816,0.00881,0.13007,0.68530,-0.22850,0.15325,-0.67429,NaN,NaN,NaN,NaN,NaN,NaN,NaN,NaN,NaN,NaN,NaN,NaN,NaN,NaN,NaN,NaN,NaN,NaN,NaN,NaN,NaN,
87.421,0.01812,0.00881,0.13000,0.68522,-0.22801,0.15313,-0.67456,NaN,NaN,NaN,NaN,NaN,NaN,NaN,NaN,NaN,NaN,NaN,NaN,NaN,NaN,NaN,NaN,NaN,NaN,NaN,NaN,NaN,
87.446,0.01807,0.00873,0.13003,0.68526,-0.22828,0.15320,-0.67441,NaN,NaN,NaN,NaN,NaN,NaN,NaN,NaN,NaN,NaN,NaN,NaN,NaN,NaN,NaN,NaN,NaN,NaN,NaN,NaN,NaN,
87.471,0.01811,0.00877,0.13004,0.68532,-0.22844,0.15319,-0.67431,NaN,NaN,NaN,NaN,NaN,NaN,NaN,NaN,NaN,NaN,NaN,NaN,NaN,NaN,NaN,NaN,NaN,NaN,NaN,NaN,NaN,
87.496,0.01780,0.00860,0.13003,0.68697,-0.23007,0.15126,-0.67251,NaN,NaN,NaN,NaN,NaN,NaN,NaN,NaN,NaN,NaN,NaN,NaN,NaN,NaN,NaN,NaN,NaN,NaN,NaN,NaN,NaN,
87.521,0.01778,0.00888,0.13021,0.68854,-0.23279,0.15001,-0.67024,NaN,NaN,NaN,NaN,NaN,NaN,NaN,NaN,NaN,NaN,NaN,NaN,NaN,NaN,NaN,NaN,NaN,NaN,NaN,NaN,NaN,
87.546,0.01813,0.00934,0.13008,0.68955,-0.23365,0.14873,-0.66918,NaN,NaN,NaN,NaN,NaN,NaN,NaN,NaN,NaN,NaN,NaN,NaN,NaN,NaN,NaN,NaN,NaN,NaN,NaN,NaN,NaN,
87.571,0.01802,0.00933,0.13001,0.69023,-0.23386,0.14768,-0.66864,NaN,NaN,NaN,NaN,NaN,NaN,NaN,NaN,NaN,NaN,NaN,NaN,NaN,NaN,NaN,NaN,NaN,NaN,NaN,NaN,NaN,
87.596,0.01823,0.00963,0.12990,0.69055,-0.23394,0.14717,-0.66839,NaN,NaN,NaN,NaN,NaN,NaN,NaN,NaN,NaN,NaN,NaN,NaN,NaN,NaN,NaN,NaN,NaN,NaN,NaN,NaN,NaN,
87.621,0.01813,0.00957,0.13005,0.69125,-0.23601,0.14705,-0.66697,NaN,NaN,NaN,NaN,NaN,NaN,NaN,NaN,NaN,NaN,NaN,NaN,NaN,NaN,NaN,NaN,NaN,NaN,NaN,NaN,NaN,
87.646,0.01809,0.00964,0.12998,0.69166,-0.23613,0.14642,-0.66664,NaN,NaN,NaN,NaN,NaN,NaN,NaN,NaN,NaN,NaN,NaN,NaN,NaN,NaN,NaN,NaN,NaN,NaN,NaN,NaN,NaN,
87.671,0.01807,0.00982,0.12992,0.69228,-0.23675,0.14567,-0.66594,NaN,NaN,NaN,NaN,NaN,NaN,NaN,NaN,NaN,NaN,NaN,NaN,NaN,NaN,NaN,NaN,NaN,NaN,NaN,NaN,NaN,
87.696,0.01807,0.00987,0.12993,0.69274,-0.23752,0.14528,-0.66527,NaN,NaN,NaN,NaN,NaN,NaN,NaN,NaN,NaN,NaN,NaN,NaN,NaN,NaN,NaN,NaN,NaN,NaN,NaN,NaN,NaN,
87.721,0.01799,0.00981,0.12989,0.69321,-0.23766,0.14453,-0.66490,NaN,NaN,NaN,NaN,NaN,NaN,NaN,NaN,NaN,NaN,NaN,NaN,NaN,NaN,NaN,NaN,NaN,NaN,NaN,NaN,NaN,
87.746,0.01788,0.00977,0.12995,0.69347,-0.23844,0.14450,-0.66436,NaN,NaN,NaN,NaN,NaN,NaN,NaN,NaN,NaN,NaN,NaN,NaN,NaN,NaN,NaN,NaN,NaN,NaN,NaN,NaN,NaN,
87.771,0.01801,0.00988,0.12986,0.69344,-0.23836,0.14450,-0.66441,NaN,NaN,NaN,NaN,NaN,NaN,NaN,NaN,NaN,NaN,NaN,NaN,NaN,NaN,NaN,NaN,NaN,NaN,NaN,NaN,NaN,
87.796,0.01797,0.00988,0.12976,0.69358,-0.23861,0.14439,-0.66420,NaN,NaN,NaN,NaN,NaN,NaN,NaN,NaN,NaN,NaN,NaN,NaN,NaN,NaN,NaN,NaN,NaN,NaN,NaN,NaN,NaN,
87.821,0.01799,0.00995,0.12970,0.69384,-0.23911,0.14419,-0.66379,NaN,NaN,NaN,NaN,NaN,NaN,NaN,NaN,NaN,NaN,NaN,NaN,NaN,NaN,NaN,NaN,NaN,NaN,NaN,NaN,NaN,
87.846,0.01801,0.01004,0.12960,0.69419,-0.23942,0.14375,-0.66341,NaN,NaN,NaN,NaN,NaN,NaN,NaN,NaN,NaN,NaN,NaN,NaN,NaN,NaN,NaN,NaN,NaN,NaN,NaN,NaN,NaN,
87.871,0.01790,0.01004,0.12949,0.69460,-0.23942,0.14305,-0.66313,NaN,NaN,NaN,NaN,NaN,NaN,NaN,NaN,NaN,NaN,NaN,NaN,NaN,NaN,NaN,NaN,NaN,NaN,NaN,NaN,NaN,
87.896,0.01772,0.00988,0.12942,0.69491,-0.23928,0.14244,-0.66299,NaN,NaN,NaN,NaN,NaN,NaN,NaN,NaN,NaN,NaN,NaN,NaN,NaN,NaN,NaN,NaN,NaN,NaN,NaN,NaN,NaN,
87.921,0.01775,0.00991,0.12946,0.69503,-0.24054,0.14287,-0.66231,NaN,NaN,NaN,NaN,NaN,NaN,NaN,NaN,NaN,NaN,NaN,NaN,NaN,NaN,NaN,NaN,NaN,NaN,NaN,NaN,NaN,
87.946,0.01782,0.01004,0.12931,0.69541,-0.24063,0.14226,-0.66201,NaN,NaN,NaN,NaN,NaN,NaN,NaN,NaN,NaN,NaN,NaN,NaN,NaN,NaN,NaN,NaN,NaN,NaN,NaN,NaN,NaN,
87.971,0.01765,0.00998,0.12930,0.69602,-0.24132,0.14155,-0.66127,NaN,NaN,NaN,NaN,NaN,NaN,NaN,NaN,NaN,NaN,NaN,NaN,NaN,NaN,NaN,NaN,NaN,NaN,NaN,NaN,NaN,
87.996,0.01780,0.01018,0.12936,0.69607,-0.24167,0.14165,-0.66107,NaN,NaN,NaN,NaN,NaN,NaN,NaN,NaN,NaN,NaN,NaN,NaN,NaN,NaN,NaN,NaN,NaN,NaN,NaN,NaN,NaN,
88.021,0.01774,0.01019,0.12931,0.69605,-0.24102,0.14135,-0.66139,NaN,NaN,NaN,NaN,NaN,NaN,NaN,NaN,NaN,NaN,NaN,NaN,NaN,NaN,NaN,NaN,NaN,NaN,NaN,NaN,NaN,
88.046,0.01777,0.01018,0.12934,0.69612,-0.24147,0.14146,-0.66113,NaN,NaN,NaN,NaN,NaN,NaN,NaN,NaN,NaN,NaN,NaN,NaN,NaN,NaN,NaN,NaN,NaN,NaN,NaN,NaN,NaN,
88.071,0.01774,0.01004,0.12941,0.69557,-0.24095,0.14215,-0.66175,NaN,NaN,NaN,NaN,NaN,NaN,NaN,NaN,NaN,NaN,NaN,NaN,NaN,NaN,NaN,NaN,NaN,NaN,NaN,NaN,NaN,
88.096,0.01771,0.01004,0.12938,0.69578,-0.24106,0.14185,-0.66156,NaN,NaN,NaN,NaN,NaN,NaN,NaN,NaN,NaN,NaN,NaN,NaN,NaN,NaN,NaN,NaN,NaN,NaN,NaN,NaN,NaN,
88.121,0.01770,0.01007,0.12936,0.69597,-0.24133,0.14165,-0.66130,NaN,NaN,NaN,NaN,NaN,NaN,NaN,NaN,NaN,NaN,NaN,NaN,NaN,NaN,NaN,NaN,NaN,NaN,NaN,NaN,NaN,
88.146,0.01772,0.01012,0.12934,0.69612,-0.24143,0.14144,-0.66115,NaN,NaN,NaN,NaN,NaN,NaN,NaN,NaN,NaN,NaN,NaN,NaN,NaN,NaN,NaN,NaN,NaN,NaN,NaN,NaN,NaN,
88.171,0.01772,0.01016,0.12932,0.69627,-0.24146,0.14119,-0.66103,NaN,NaN,NaN,NaN,NaN,NaN,NaN,NaN,NaN,NaN,NaN,NaN,NaN,NaN,NaN,NaN,NaN,NaN,NaN,NaN,NaN,
88.196,0.01772,0.01018,0.12931,0.69638,-0.24150,0.14104,-0.66095,NaN,NaN,NaN,NaN,NaN,NaN,NaN,NaN,NaN,NaN,NaN,NaN,NaN,NaN,NaN,NaN,NaN,NaN,NaN,NaN,NaN,
88.221,0.01772,0.01020,0.12932,0.69649,-0.24163,0.14090,-0.66081,NaN,NaN,NaN,NaN,NaN,NaN,NaN,NaN,NaN,NaN,NaN,NaN,NaN,NaN,NaN,NaN,NaN,NaN,NaN,NaN,NaN,
88.246,0.01772,0.01023,0.12932,0.69663,-0.24175,0.14072,-0.66065,NaN,NaN,NaN,NaN,NaN,NaN,NaN,NaN,NaN,NaN,NaN,NaN,NaN,NaN,NaN,NaN,NaN,NaN,NaN,NaN,NaN,
88.271,0.01772,0.01025,0.12934,0.69681,-0.24190,0.14048,-0.66046,NaN,NaN,NaN,NaN,NaN,NaN,NaN,NaN,NaN,NaN,NaN,NaN,NaN,NaN,NaN,NaN,NaN,NaN,NaN,NaN,NaN,
88.296,0.01761,0.01040,0.12951,0.69845,-0.24386,0.13863,-0.65839,NaN,NaN,NaN,NaN,NaN,NaN,NaN,NaN,NaN,NaN,NaN,NaN,NaN,NaN,NaN,NaN,NaN,NaN,NaN,NaN,NaN,
88.321,0.01768,0.01058,0.12956,0.69907,-0.24468,0.13796,-0.65757,NaN,NaN,NaN,NaN,NaN,NaN,NaN,NaN,NaN,NaN,NaN,NaN,NaN,NaN,NaN,NaN,NaN,NaN,NaN,NaN,NaN,
88.346,0.01760,0.01063,0.12961,0.69972,-0.24523,0.13710,-0.65685,NaN,NaN,NaN,NaN,NaN,NaN,NaN,NaN,NaN,NaN,NaN,NaN,NaN,NaN,NaN,NaN,NaN,NaN,NaN,NaN,NaN,
88.371,0.01752,0.01068,0.12972,0.70036,-0.24597,0.13636,-0.65606,NaN,NaN,NaN,NaN,NaN,NaN,NaN,NaN,NaN,NaN,NaN,NaN,NaN,NaN,NaN,NaN,NaN,NaN,NaN,NaN,NaN,
88.396,0.01759,0.01086,0.12976,0.70104,-0.24673,0.13554,-0.65520,NaN,NaN,NaN,NaN,NaN,NaN,NaN,NaN,NaN,NaN,NaN,NaN,NaN,NaN,NaN,NaN,NaN,NaN,NaN,NaN,NaN,
88.421,0.01754,0.01109,0.12985,0.70192,-0.24788,0.13456,-0.65403,NaN,NaN,NaN,NaN,NaN,NaN,NaN,NaN,NaN,NaN,NaN,NaN,NaN,NaN,NaN,NaN,NaN,NaN,NaN,NaN,NaN,
88.446,0.01736,0.01123,0.12994,0.70342,-0.24920,0.13258,-0.65232,NaN,NaN,NaN,NaN,NaN,NaN,NaN,NaN,NaN,NaN,NaN,NaN,NaN,NaN,NaN,NaN,NaN,NaN,NaN,NaN,NaN,
88.471,0.01729,0.01149,0.13001,0.70463,-0.24971,0.13069,-0.65121,NaN,NaN,NaN,NaN,NaN,NaN,NaN,NaN,NaN,NaN,NaN,NaN,NaN,NaN,NaN,NaN,NaN,NaN,NaN,NaN,NaN,
88.496,0.01723,0.01176,0.12999,0.70574,-0.24984,0.12877,-0.65033,NaN,NaN,NaN,NaN,NaN,NaN,NaN,NaN,NaN,NaN,NaN,NaN,NaN,NaN,NaN,NaN,NaN,NaN,NaN,NaN,NaN,
88.521,0.01699,0.01184,0.12994,0.70706,-0.25075,0.12686,-0.64892,NaN,NaN,NaN,NaN,NaN,NaN,NaN,NaN,NaN,NaN,NaN,NaN,NaN,NaN,NaN,NaN,NaN,NaN,NaN,NaN,NaN,
88.546,0.01698,0.01206,0.12993,0.70862,-0.25275,0.12507,-0.64679,NaN,NaN,NaN,NaN,NaN,NaN,NaN,NaN,NaN,NaN,NaN,NaN,NaN,NaN,NaN,NaN,NaN,NaN,NaN,NaN,NaN,
88.571,0.01711,0.01244,0.12995,0.70947,-0.25363,0.12397,-0.64572,NaN,NaN,NaN,NaN,NaN,NaN,NaN,NaN,NaN,NaN,NaN,NaN,NaN,NaN,NaN,NaN,NaN,NaN,NaN,NaN,NaN,
88.596,0.01698,0.01254,0.12999,0.70994,-0.25347,0.12303,-0.64545,NaN,NaN,NaN,NaN,NaN,NaN,NaN,NaN,NaN,NaN,NaN,NaN,NaN,NaN,NaN,NaN,NaN,NaN,NaN,NaN,NaN,
88.621,0.01698,0.01254,0.12999,0.70994,-0.25347,0.12303,-0.64545,NaN,NaN,NaN,NaN,NaN,NaN,NaN,NaN,NaN,NaN,NaN,NaN,NaN,NaN,NaN,NaN,NaN,NaN,NaN,NaN,NaN,
88.646,0.01680,0.01266,0.13001,0.70969,-0.25254,0.12303,-0.64609,NaN,NaN,NaN,NaN,NaN,NaN,NaN,NaN,NaN,NaN,NaN,NaN,NaN,NaN,NaN,NaN,NaN,NaN,NaN,NaN,NaN,
88.671,0.01667,0.01273,0.12991,0.71032,-0.25245,0.12185,-0.64566,NaN,NaN,NaN,NaN,NaN,NaN,NaN,NaN,NaN,NaN,NaN,NaN,NaN,NaN,NaN,NaN,NaN,NaN,NaN,NaN,NaN,
88.696,0.01693,0.01299,0.12989,0.70916,-0.25026,0.12284,-0.64759,NaN,NaN,NaN,NaN,NaN,NaN,NaN,NaN,NaN,NaN,NaN,NaN,NaN,NaN,NaN,NaN,NaN,NaN,NaN,NaN,NaN,
88.721,0.01650,0.01268,0.12998,0.70818,-0.24867,0.12380,-0.64909,NaN,NaN,NaN,NaN,NaN,NaN,NaN,NaN,NaN,NaN,NaN,NaN,NaN,NaN,NaN,NaN,NaN,NaN,NaN,NaN,NaN,
88.746,0.01685,0.01289,0.12989,0.70617,-0.24556,0.12583,-0.65206,NaN,NaN,NaN,NaN,NaN,NaN,NaN,NaN,NaN,NaN,NaN,NaN,NaN,NaN,NaN,NaN,NaN,NaN,NaN,NaN,NaN,
88.771,0.01650,0.01249,0.13001,0.70422,-0.24374,0.12838,-0.65436,NaN,NaN,NaN,NaN,NaN,NaN,NaN,NaN,NaN,NaN,NaN,NaN,NaN,NaN,NaN,NaN,NaN,NaN,NaN,NaN,NaN,
88.796,0.01659,0.01253,0.12996,0.70331,-0.24234,0.12929,-0.65568,NaN,NaN,NaN,NaN,NaN,NaN,NaN,NaN,NaN,NaN,NaN,NaN,NaN,NaN,NaN,NaN,NaN,NaN,NaN,NaN,NaN,
88.821,0.01666,0.01261,0.12985,0.70253,-0.24058,0.12977,-0.65707,NaN,NaN,NaN,NaN,NaN,NaN,NaN,NaN,NaN,NaN,NaN,NaN,NaN,NaN,NaN,NaN,NaN,NaN,NaN,NaN,NaN,
88.846,0.01643,0.01241,0.12977,0.70195,-0.23915,0.13004,-0.65815,NaN,NaN,NaN,NaN,NaN,NaN,NaN,NaN,NaN,NaN,NaN,NaN,NaN,NaN,NaN,NaN,NaN,NaN,NaN,NaN,NaN,
88.871,0.01646,0.01245,0.12973,0.70101,-0.23821,0.13121,-0.65926,NaN,NaN,NaN,NaN,NaN,NaN,NaN,NaN,NaN,NaN,NaN,NaN,NaN,NaN,NaN,NaN,NaN,NaN,NaN,NaN,NaN,
88.896,0.01643,0.01243,0.12959,0.70064,-0.23673,0.13110,-0.66021,NaN,NaN,NaN,NaN,NaN,NaN,NaN,NaN,NaN,NaN,NaN,NaN,NaN,NaN,NaN,NaN,NaN,NaN,NaN,NaN,NaN,
88.921,0.01635,0.01243,0.12954,0.70065,-0.23667,0.13104,-0.66023,NaN,NaN,NaN,NaN,NaN,NaN,NaN,NaN,NaN,NaN,NaN,NaN,NaN,NaN,NaN,NaN,NaN,NaN,NaN,NaN,NaN,
88.946,0.01623,0.01241,0.12944,0.70047,-0.23579,0.13091,-0.66077,NaN,NaN,NaN,NaN,NaN,NaN,NaN,NaN,NaN,NaN,NaN,NaN,NaN,NaN,NaN,NaN,NaN,NaN,NaN,NaN,NaN,
88.971,0.01613,0.01246,0.12936,0.70053,-0.23514,0.13046,-0.66102,NaN,NaN,NaN,NaN,NaN,NaN,NaN,NaN,NaN,NaN,NaN,NaN,NaN,NaN,NaN,NaN,NaN,NaN,NaN,NaN,NaN,
88.996,0.01608,0.01256,0.12934,0.70089,-0.23547,0.13000,-0.66061,NaN,NaN,NaN,NaN,NaN,NaN,NaN,NaN,NaN,NaN,NaN,NaN,NaN,NaN,NaN,NaN,NaN,NaN,NaN,NaN,NaN,
89.021,0.01618,0.01274,0.12922,0.70100,-0.23512,0.12961,-0.66069,NaN,NaN,NaN,NaN,NaN,NaN,NaN,NaN,NaN,NaN,NaN,NaN,NaN,NaN,NaN,NaN,NaN,NaN,NaN,NaN,NaN,
89.046,0.01610,0.01284,0.12922,0.70183,-0.23653,0.12888,-0.65945,NaN,NaN,NaN,NaN,NaN,NaN,NaN,NaN,NaN,NaN,NaN,NaN,NaN,NaN,NaN,NaN,NaN,NaN,NaN,NaN,NaN,
89.071,0.01600,0.01298,0.12920,0.70299,-0.23736,0.12726,-0.65823,NaN,NaN,NaN,NaN,NaN,NaN,NaN,NaN,NaN,NaN,NaN,NaN,NaN,NaN,NaN,NaN,NaN,NaN,NaN,NaN,NaN,
89.096,0.01589,0.01312,0.12922,0.70420,-0.23874,0.12583,-0.65671,NaN,NaN,NaN,NaN,NaN,NaN,NaN,NaN,NaN,NaN,NaN,NaN,NaN,NaN,NaN,NaN,NaN,NaN,NaN,NaN,NaN,
89.121,0.01580,0.01326,0.12915,0.70522,-0.23897,0.12413,-0.65586,NaN,NaN,NaN,NaN,NaN,NaN,NaN,NaN,NaN,NaN,NaN,NaN,NaN,NaN,NaN,NaN,NaN,NaN,NaN,NaN,NaN,
89.146,0.01562,0.01334,0.12914,0.70622,-0.24000,0.12287,-0.65464,NaN,NaN,NaN,NaN,NaN,NaN,NaN,NaN,NaN,NaN,NaN,NaN,NaN,NaN,NaN,NaN,NaN,NaN,NaN,NaN,NaN,
89.171,0.01559,0.01352,0.12912,0.70703,-0.24058,0.12171,-0.65377,NaN,NaN,NaN,NaN,NaN,NaN,NaN,NaN,NaN,NaN,NaN,NaN,NaN,NaN,NaN,NaN,NaN,NaN,NaN,NaN,NaN,
89.196,0.01552,0.01369,0.12907,0.70799,-0.24142,0.12043,-0.65266,NaN,NaN,NaN,NaN,NaN,NaN,NaN,NaN,NaN,NaN,NaN,NaN,NaN,NaN,NaN,NaN,NaN,NaN,NaN,NaN,NaN,
89.221,0.01543,0.01381,0.12912,0.70881,-0.24195,0.11922,-0.65179,NaN,NaN,NaN,NaN,NaN,NaN,NaN,NaN,NaN,NaN,NaN,NaN,NaN,NaN,NaN,NaN,NaN,NaN,NaN,NaN,NaN,
89.246,0.01551,0.01399,0.12912,0.70866,-0.24103,0.11900,-0.65233,NaN,NaN,NaN,NaN,NaN,NaN,NaN,NaN,NaN,NaN,NaN,NaN,NaN,NaN,NaN,NaN,NaN,NaN,NaN,NaN,NaN,
89.271,0.01516,0.01388,0.12921,0.70808,-0.23963,0.11933,-0.65342,NaN,NaN,NaN,NaN,NaN,NaN,NaN,NaN,NaN,NaN,NaN,NaN,NaN,NaN,NaN,NaN,NaN,NaN,NaN,NaN,NaN,
89.296,0.01532,0.01400,0.12921,0.70660,-0.23598,0.12008,-0.65621,NaN,NaN,NaN,NaN,NaN,NaN,NaN,NaN,NaN,NaN,NaN,NaN,NaN,NaN,NaN,NaN,NaN,NaN,NaN,NaN,NaN,
89.321,0.01507,0.01388,0.12950,0.70532,-0.23385,0.12124,-0.65813,NaN,NaN,NaN,NaN,NaN,NaN,NaN,NaN,NaN,NaN,NaN,NaN,NaN,NaN,NaN,NaN,NaN,NaN,NaN,NaN,NaN,
89.346,0.01492,0.01391,0.12951,0.70510,-0.23218,0.12074,-0.65905,NaN,NaN,NaN,NaN,NaN,NaN,NaN,NaN,NaN,NaN,NaN,NaN,NaN,NaN,NaN,NaN,NaN,NaN,NaN,NaN,NaN,
89.371,0.01481,0.01394,0.12965,0.70501,-0.23151,0.12055,-0.65942,NaN,NaN,NaN,NaN,NaN,NaN,NaN,NaN,NaN,NaN,NaN,NaN,NaN,NaN,NaN,NaN,NaN,NaN,NaN,NaN,NaN,
89.396,0.01470,0.01398,0.12972,0.70503,-0.23061,0.12004,-0.65981,NaN,NaN,NaN,NaN,NaN,NaN,NaN,NaN,NaN,NaN,NaN,NaN,NaN,NaN,NaN,NaN,NaN,NaN,NaN,NaN,NaN,
89.421,0.01461,0.01408,0.12977,0.70529,-0.23025,0.11936,-0.65977,NaN,NaN,NaN,NaN,NaN,NaN,NaN,NaN,NaN,NaN,NaN,NaN,NaN,NaN,NaN,NaN,NaN,NaN,NaN,NaN,NaN,
89.446,0.01446,0.01405,0.13009,0.70522,-0.23088,0.11983,-0.65955,NaN,NaN,NaN,NaN,NaN,NaN,NaN,NaN,NaN,NaN,NaN,NaN,NaN,NaN,NaN,NaN,NaN,NaN,NaN,NaN,NaN,
89.471,0.01452,0.01416,0.13012,0.70476,-0.22884,0.11956,-0.66080,NaN,NaN,NaN,NaN,NaN,NaN,NaN,NaN,NaN,NaN,NaN,NaN,NaN,NaN,NaN,NaN,NaN,NaN,NaN,NaN,NaN,
89.496,0.01449,0.01420,0.13021,0.70451,-0.22843,0.11979,-0.66116,NaN,NaN,NaN,NaN,NaN,NaN,NaN,NaN,NaN,NaN,NaN,NaN,NaN,NaN,NaN,NaN,NaN,NaN,NaN,NaN,NaN,
89.521,0.01432,0.01416,0.13031,0.70446,-0.22770,0.11948,-0.66153,NaN,NaN,NaN,NaN,NaN,NaN,NaN,NaN,NaN,NaN,NaN,NaN,NaN,NaN,NaN,NaN,NaN,NaN,NaN,NaN,NaN,
89.546,0.01432,0.01425,0.13035,0.70442,-0.22664,0.11898,-0.66202,NaN,NaN,NaN,NaN,NaN,NaN,NaN,NaN,NaN,NaN,NaN,NaN,NaN,NaN,NaN,NaN,NaN,NaN,NaN,NaN,NaN,
89.571,0.01422,0.01427,0.13041,0.70439,-0.22596,0.11866,-0.66234,NaN,NaN,NaN,NaN,NaN,NaN,NaN,NaN,NaN,NaN,NaN,NaN,NaN,NaN,NaN,NaN,NaN,NaN,NaN,NaN,NaN,
89.596,0.01407,0.01425,0.13040,0.70474,-0.22586,0.11798,-0.66213,NaN,NaN,NaN,NaN,NaN,NaN,NaN,NaN,NaN,NaN,NaN,NaN,NaN,NaN,NaN,NaN,NaN,NaN,NaN,NaN,NaN,
89.621,0.01413,0.01438,0.13040,0.70522,-0.22652,0.11747,-0.66148,NaN,NaN,NaN,NaN,NaN,NaN,NaN,NaN,NaN,NaN,NaN,NaN,NaN,NaN,NaN,NaN,NaN,NaN,NaN,NaN,NaN,
89.646,0.01416,0.01444,0.13041,0.70558,-0.22725,0.11722,-0.66089,NaN,NaN,NaN,NaN,NaN,NaN,NaN,NaN,NaN,NaN,NaN,NaN,NaN,NaN,NaN,NaN,NaN,NaN,NaN,NaN,NaN,
89.671,0.01419,0.01448,0.13042,0.70567,-0.22753,0.11720,-0.66069,NaN,NaN,NaN,NaN,NaN,NaN,NaN,NaN,NaN,NaN,NaN,NaN,NaN,NaN,NaN,NaN,NaN,NaN,NaN,NaN,NaN,
89.696,0.01425,0.01454,0.13041,0.70583,-0.22779,0.11706,-0.66046,NaN,NaN,NaN,NaN,NaN,NaN,NaN,NaN,NaN,NaN,NaN,NaN,NaN,NaN,NaN,NaN,NaN,NaN,NaN,NaN,NaN,
89.721,0.01417,0.01450,0.13041,0.70598,-0.22787,0.11683,-0.66031,NaN,NaN,NaN,NaN,NaN,NaN,NaN,NaN,NaN,NaN,NaN,NaN,NaN,NaN,NaN,NaN,NaN,NaN,NaN,NaN,NaN,
89.746,0.01415,0.01459,0.13039,0.70641,-0.22851,0.11641,-0.65971,NaN,NaN,NaN,NaN,NaN,NaN,NaN,NaN,NaN,NaN,NaN,NaN,NaN,NaN,NaN,NaN,NaN,NaN,NaN,NaN,NaN,
89.771,0.01400,0.01461,0.13036,0.70721,-0.22903,0.11524,-0.65887,NaN,NaN,NaN,NaN,NaN,NaN,NaN,NaN,NaN,NaN,NaN,NaN,NaN,NaN,NaN,NaN,NaN,NaN,NaN,NaN,NaN,
89.796,0.01385,0.01469,0.13029,0.70820,-0.22906,0.11346,-0.65811,NaN,NaN,NaN,NaN,NaN,NaN,NaN,NaN,NaN,NaN,NaN,NaN,NaN,NaN,NaN,NaN,NaN,NaN,NaN,NaN,NaN,
89.821,0.01382,0.01487,0.13027,0.70933,-0.23035,0.11211,-0.65667,NaN,NaN,NaN,NaN,NaN,NaN,NaN,NaN,NaN,NaN,NaN,NaN,NaN,NaN,NaN,NaN,NaN,NaN,NaN,NaN,NaN,
89.846,0.01378,0.01497,0.13021,0.70997,-0.23072,0.11114,-0.65602,NaN,NaN,NaN,NaN,NaN,NaN,NaN,NaN,NaN,NaN,NaN,NaN,NaN,NaN,NaN,NaN,NaN,NaN,NaN,NaN,NaN,
89.871,0.01384,0.01505,0.13021,0.71016,-0.23144,0.11119,-0.65555,NaN,NaN,NaN,NaN,NaN,NaN,NaN,NaN,NaN,NaN,NaN,NaN,NaN,NaN,NaN,NaN,NaN,NaN,NaN,NaN,NaN,
89.896,0.01388,0.01507,0.13015,0.71014,-0.23143,0.11123,-0.65557,NaN,NaN,NaN,NaN,NaN,NaN,NaN,NaN,NaN,NaN,NaN,NaN,NaN,NaN,NaN,NaN,NaN,NaN,NaN,NaN,NaN,
89.921,0.01389,0.01502,0.13009,0.70995,-0.23112,0.11140,-0.65585,NaN,NaN,NaN,NaN,NaN,NaN,NaN,NaN,NaN,NaN,NaN,NaN,NaN,NaN,NaN,NaN,NaN,NaN,NaN,NaN,NaN,
89.946,0.01393,0.01500,0.13005,0.70951,-0.23056,0.11189,-0.65644,NaN,NaN,NaN,NaN,NaN,NaN,NaN,NaN,NaN,NaN,NaN,NaN,NaN,NaN,NaN,NaN,NaN,NaN,NaN,NaN,NaN,
89.971,0.01386,0.01488,0.12992,0.70923,-0.22960,0.11189,-0.65709,NaN,NaN,NaN,NaN,NaN,NaN,NaN,NaN,NaN,NaN,NaN,NaN,NaN,NaN,NaN,NaN,NaN,NaN,NaN,NaN,NaN,
89.996,0.01377,0.01477,0.12987,0.70880,-0.22887,0.11227,-0.65773,NaN,NaN,NaN,NaN,NaN,NaN,NaN,NaN,NaN,NaN,NaN,NaN,NaN,NaN,NaN,NaN,NaN,NaN,NaN,NaN,NaN,
90.021,0.01379,0.01467,0.12987,0.70804,-0.22820,0.11329,-0.65861,NaN,NaN,NaN,NaN,NaN,NaN,NaN,NaN,NaN,NaN,NaN,NaN,NaN,NaN,NaN,NaN,NaN,NaN,NaN,NaN,NaN,
90.046,0.01384,0.01456,0.12982,0.70737,-0.22741,0.11407,-0.65947,NaN,NaN,NaN,NaN,NaN,NaN,NaN,NaN,NaN,NaN,NaN,NaN,NaN,NaN,NaN,NaN,NaN,NaN,NaN,NaN,NaN,
90.071,0.01387,0.01452,0.12979,0.70680,-0.22682,0.11479,-0.66016,NaN,NaN,NaN,NaN,NaN,NaN,NaN,NaN,NaN,NaN,NaN,NaN,NaN,NaN,NaN,NaN,NaN,NaN,NaN,NaN,NaN,
90.096,0.01415,0.01453,0.12973,0.70577,-0.22557,0.11597,-0.66148,NaN,NaN,NaN,NaN,NaN,NaN,NaN,NaN,NaN,NaN,NaN,NaN,NaN,NaN,NaN,NaN,NaN,NaN,NaN,NaN,NaN,
90.121,0.01400,0.01424,0.12985,0.70416,-0.22345,0.11770,-0.66361,NaN,NaN,NaN,NaN,NaN,NaN,NaN,NaN,NaN,NaN,NaN,NaN,NaN,NaN,NaN,NaN,NaN,NaN,NaN,NaN,NaN,
90.146,0.01405,0.01417,0.12982,0.70326,-0.22195,0.11847,-0.66493,NaN,NaN,NaN,NaN,NaN,NaN,NaN,NaN,NaN,NaN,NaN,NaN,NaN,NaN,NaN,NaN,NaN,NaN,NaN,NaN,NaN,
90.171,0.01402,0.01408,0.12978,0.70294,-0.22106,0.11856,-0.66554,NaN,NaN,NaN,NaN,NaN,NaN,NaN,NaN,NaN,NaN,NaN,NaN,NaN,NaN,NaN,NaN,NaN,NaN,NaN,NaN,NaN,
90.196,0.01398,0.01399,0.12982,0.70225,-0.22006,0.11924,-0.66648,NaN,NaN,NaN,NaN,NaN,NaN,NaN,NaN,NaN,NaN,NaN,NaN,NaN,NaN,NaN,NaN,NaN,NaN,NaN,NaN,NaN,
90.221,0.01392,0.01378,0.12986,0.70130,-0.21862,0.12014,-0.66780,NaN,NaN,NaN,NaN,NaN,NaN,NaN,NaN,NaN,NaN,NaN,NaN,NaN,NaN,NaN,NaN,NaN,NaN,NaN,NaN,NaN,
90.246,0.01412,0.01378,0.12986,0.70038,-0.21733,0.12106,-0.66901,NaN,NaN,NaN,NaN,NaN,NaN,NaN,NaN,NaN,NaN,NaN,NaN,NaN,NaN,NaN,NaN,NaN,NaN,NaN,NaN,NaN,
90.271,0.01403,0.01360,0.12992,0.69987,-0.21634,0.12141,-0.66981,NaN,NaN,NaN,NaN,NaN,NaN,NaN,NaN,NaN,NaN,NaN,NaN,NaN,NaN,NaN,NaN,NaN,NaN,NaN,NaN,NaN,
90.296,0.01404,0.01353,0.13004,0.69923,-0.21576,0.12222,-0.67051,NaN,NaN,NaN,NaN,NaN,NaN,NaN,NaN,NaN,NaN,NaN,NaN,NaN,NaN,NaN,NaN,NaN,NaN,NaN,NaN,NaN,
90.321,0.01412,0.01345,0.13012,0.69843,-0.21467,0.12302,-0.67155,NaN,NaN,NaN,NaN,NaN,NaN,NaN,NaN,NaN,NaN,NaN,NaN,NaN,NaN,NaN,NaN,NaN,NaN,NaN,NaN,NaN,
90.346,0.01407,0.01322,0.13024,0.69718,-0.21298,0.12429,-0.67316,NaN,NaN,NaN,NaN,NaN,NaN,NaN,NaN,NaN,NaN,NaN,NaN,NaN,NaN,NaN,NaN,NaN,NaN,NaN,NaN,NaN,
90.371,0.01413,0.01313,0.13019,0.69609,-0.21113,0.12516,-0.67470,NaN,NaN,NaN,NaN,NaN,NaN,NaN,NaN,NaN,NaN,NaN,NaN,NaN,NaN,NaN,NaN,NaN,NaN,NaN,NaN,NaN,
90.396,0.01417,0.01298,0.13018,0.69489,-0.20961,0.12639,-0.67617,NaN,NaN,NaN,NaN,NaN,NaN,NaN,NaN,NaN,NaN,NaN,NaN,NaN,NaN,NaN,NaN,NaN,NaN,NaN,NaN,NaN,
90.421,0.01419,0.01275,0.13032,0.69380,-0.20938,0.12818,-0.67703,NaN,NaN,NaN,NaN,NaN,NaN,NaN,NaN,NaN,NaN,NaN,NaN,NaN,NaN,NaN,NaN,NaN,NaN,NaN,NaN,NaN,
90.446,0.01419,0.01255,0.13035,0.69266,-0.20750,0.12911,-0.67860,NaN,NaN,NaN,NaN,NaN,NaN,NaN,NaN,NaN,NaN,NaN,NaN,NaN,NaN,NaN,NaN,NaN,NaN,NaN,NaN,NaN,
90.471,0.01433,0.01247,0.13034,0.69178,-0.20648,0.13005,-0.67963,NaN,NaN,NaN,NaN,NaN,NaN,NaN,NaN,NaN,NaN,NaN,NaN,NaN,NaN,NaN,NaN,NaN,NaN,NaN,NaN,NaN,
90.496,0.01442,0.01233,0.13042,0.69077,-0.20634,0.13172,-0.68038,NaN,NaN,NaN,NaN,NaN,NaN,NaN,NaN,NaN,NaN,NaN,NaN,NaN,NaN,NaN,NaN,NaN,NaN,NaN,NaN,NaN,
90.521,0.01456,0.01222,0.13037,0.68979,-0.20549,0.13293,-0.68139,NaN,NaN,NaN,NaN,NaN,NaN,NaN,NaN,NaN,NaN,NaN,NaN,NaN,NaN,NaN,NaN,NaN,NaN,NaN,NaN,NaN,
90.546,0.01469,0.01219,0.13041,0.68911,-0.20546,0.13409,-0.68186,NaN,NaN,NaN,NaN,NaN,NaN,NaN,NaN,NaN,NaN,NaN,NaN,NaN,NaN,NaN,NaN,NaN,NaN,NaN,NaN,NaN,
90.571,0.01473,0.01204,0.13037,0.68854,-0.20491,0.13475,-0.68247,NaN,NaN,NaN,NaN,NaN,NaN,NaN,NaN,NaN,NaN,NaN,NaN,NaN,NaN,NaN,NaN,NaN,NaN,NaN,NaN,NaN,
90.596,0.01469,0.01184,0.13042,0.68767,-0.20453,0.13605,-0.68321,NaN,NaN,NaN,NaN,NaN,NaN,NaN,NaN,NaN,NaN,NaN,NaN,NaN,NaN,NaN,NaN,NaN,NaN,NaN,NaN,NaN,
90.621,0.01473,0.01170,0.13045,0.68722,-0.20452,0.13681,-0.68351,NaN,NaN,NaN,NaN,NaN,NaN,NaN,NaN,NaN,NaN,NaN,NaN,NaN,NaN,NaN,NaN,NaN,NaN,NaN,NaN,NaN,
90.646,0.01500,0.01178,0.13031,0.68665,-0.20378,0.13737,-0.68419,NaN,NaN,NaN,NaN,NaN,NaN,NaN,NaN,NaN,NaN,NaN,NaN,NaN,NaN,NaN,NaN,NaN,NaN,NaN,NaN,NaN,
90.671,0.01489,0.01154,0.13041,0.68629,-0.20477,0.13855,-0.68402,NaN,NaN,NaN,NaN,NaN,NaN,NaN,NaN,NaN,NaN,NaN,NaN,NaN,NaN,NaN,NaN,NaN,NaN,NaN,NaN,NaN,
90.696,0.01502,0.01157,0.13037,0.68598,-0.20422,0.13876,-0.68445,NaN,NaN,NaN,NaN,NaN,NaN,NaN,NaN,NaN,NaN,NaN,NaN,NaN,NaN,NaN,NaN,NaN,NaN,NaN,NaN,NaN,
90.721,0.01508,0.01153,0.13036,0.68552,-0.20351,0.13915,-0.68505,NaN,NaN,NaN,NaN,NaN,NaN,NaN,NaN,NaN,NaN,NaN,NaN,NaN,NaN,NaN,NaN,NaN,NaN,NaN,NaN,NaN,
90.746,0.01513,0.01142,0.13045,0.68457,-0.20284,0.14039,-0.68594,NaN,NaN,NaN,NaN,NaN,NaN,NaN,NaN,NaN,NaN,NaN,NaN,NaN,NaN,NaN,NaN,NaN,NaN,NaN,NaN,NaN,
90.771,0.01519,0.01130,0.13037,0.68377,-0.20189,0.14120,-0.68685,NaN,NaN,NaN,NaN,NaN,NaN,NaN,NaN,NaN,NaN,NaN,NaN,NaN,NaN,NaN,NaN,NaN,NaN,NaN,NaN,NaN,
90.796,0.01523,0.01120,0.13040,0.68337,-0.20263,0.14231,-0.68680,NaN,NaN,NaN,NaN,NaN,NaN,NaN,NaN,NaN,NaN,NaN,NaN,NaN,NaN,NaN,NaN,NaN,NaN,NaN,NaN,NaN,
90.821,0.01525,0.01111,0.13042,0.68266,-0.20172,0.14300,-0.68763,NaN,NaN,NaN,NaN,NaN,NaN,NaN,NaN,NaN,NaN,NaN,NaN,NaN,NaN,NaN,NaN,NaN,NaN,NaN,NaN,NaN,
90.846,0.01521,0.01096,0.13042,0.68210,-0.20088,0.14345,-0.68834,NaN,NaN,NaN,NaN,NaN,NaN,NaN,NaN,NaN,NaN,NaN,NaN,NaN,NaN,NaN,NaN,NaN,NaN,NaN,NaN,NaN,
90.871,0.01524,0.01094,0.13040,0.68208,-0.20104,0.14358,-0.68828,NaN,NaN,NaN,NaN,NaN,NaN,NaN,NaN,NaN,NaN,NaN,NaN,NaN,NaN,NaN,NaN,NaN,NaN,NaN,NaN,NaN,
90.896,0.01541,0.01101,0.13034,0.68211,-0.20163,0.14386,-0.68802,NaN,NaN,NaN,NaN,NaN,NaN,NaN,NaN,NaN,NaN,NaN,NaN,NaN,NaN,NaN,NaN,NaN,NaN,NaN,NaN,NaN,
90.921,0.01545,0.01095,0.13036,0.68207,-0.20231,0.14433,-0.68777,NaN,NaN,NaN,NaN,NaN,NaN,NaN,NaN,NaN,NaN,NaN,NaN,NaN,NaN,NaN,NaN,NaN,NaN,NaN,NaN,NaN,
90.946,0.01549,0.01097,0.13039,0.68204,-0.20255,0.14451,-0.68768,NaN,NaN,NaN,NaN,NaN,NaN,NaN,NaN,NaN,NaN,NaN,NaN,NaN,NaN,NaN,NaN,NaN,NaN,NaN,NaN,NaN,
90.971,0.01552,0.01094,0.13037,0.68200,-0.20230,0.14444,-0.68781,NaN,NaN,NaN,NaN,NaN,NaN,NaN,NaN,NaN,NaN,NaN,NaN,NaN,NaN,NaN,NaN,NaN,NaN,NaN,NaN,NaN,
90.996,0.01551,0.01091,0.13039,0.68178,-0.20216,0.14473,-0.68801,NaN,NaN,NaN,NaN,NaN,NaN,NaN,NaN,NaN,NaN,NaN,NaN,NaN,NaN,NaN,NaN,NaN,NaN,NaN,NaN,NaN,
91.021,0.01552,0.01090,0.13037,0.68172,-0.20207,0.14479,-0.68809,NaN,NaN,NaN,NaN,NaN,NaN,NaN,NaN,NaN,NaN,NaN,NaN,NaN,NaN,NaN,NaN,NaN,NaN,NaN,NaN,NaN,
91.046,0.01557,0.01087,0.13036,0.68152,-0.20198,0.14508,-0.68825,NaN,NaN,NaN,NaN,NaN,NaN,NaN,NaN,NaN,NaN,NaN,NaN,NaN,NaN,NaN,NaN,NaN,NaN,NaN,NaN,NaN,
91.071,0.01553,0.01082,0.13033,0.68144,-0.20202,0.14522,-0.68828,NaN,NaN,NaN,NaN,NaN,NaN,NaN,NaN,NaN,NaN,NaN,NaN,NaN,NaN,NaN,NaN,NaN,NaN,NaN,NaN,NaN,
91.096,0.01554,0.01079,0.13036,0.68139,-0.20208,0.14534,-0.68829,NaN,NaN,NaN,NaN,NaN,NaN,NaN,NaN,NaN,NaN,NaN,NaN,NaN,NaN,NaN,NaN,NaN,NaN,NaN,NaN,NaN,
91.121,0.01559,0.01080,0.13033,0.68128,-0.20173,0.14533,-0.68851,NaN,NaN,NaN,NaN,NaN,NaN,NaN,NaN,NaN,NaN,NaN,NaN,NaN,NaN,NaN,NaN,NaN,NaN,NaN,NaN,NaN,
91.146,0.01558,0.01077,0.13040,0.68114,-0.20204,0.14574,-0.68847,NaN,NaN,NaN,NaN,NaN,NaN,NaN,NaN,NaN,NaN,NaN,NaN,NaN,NaN,NaN,NaN,NaN,NaN,NaN,NaN,NaN,
91.171,0.01572,0.01080,0.13033,0.68093,-0.20171,0.14591,-0.68874,NaN,NaN,NaN,NaN,NaN,NaN,NaN,NaN,NaN,NaN,NaN,NaN,NaN,NaN,NaN,NaN,NaN,NaN,NaN,NaN,NaN,
91.196,0.01576,0.01073,0.13034,0.68041,-0.20159,0.14672,-0.68911,NaN,NaN,NaN,NaN,NaN,NaN,NaN,NaN,NaN,NaN,NaN,NaN,NaN,NaN,NaN,NaN,NaN,NaN,NaN,NaN,NaN,
91.221,0.01577,0.01065,0.13038,0.67994,-0.20139,0.14740,-0.68949,NaN,NaN,NaN,NaN,NaN,NaN,NaN,NaN,NaN,NaN,NaN,NaN,NaN,NaN,NaN,NaN,NaN,NaN,NaN,NaN,NaN,
91.246,0.01578,0.01058,0.13029,0.67979,-0.20069,0.14725,-0.68988,NaN,NaN,NaN,NaN,NaN,NaN,NaN,NaN,NaN,NaN,NaN,NaN,NaN,NaN,NaN,NaN,NaN,NaN,NaN,NaN,NaN,
91.271,0.01577,0.01050,0.13033,0.67951,-0.20099,0.14790,-0.68993,NaN,NaN,NaN,NaN,NaN,NaN,NaN,NaN,NaN,NaN,NaN,NaN,NaN,NaN,NaN,NaN,NaN,NaN,NaN,NaN,NaN,
91.296,0.01579,0.01045,0.13033,0.67946,-0.20136,0.14818,-0.68980,NaN,NaN,NaN,NaN,NaN,NaN,NaN,NaN,NaN,NaN,NaN,NaN,NaN,NaN,NaN,NaN,NaN,NaN,NaN,NaN,NaN,
91.321,0.01583,0.01041,0.13032,0.67939,-0.20125,0.14825,-0.68990,NaN,NaN,NaN,NaN,NaN,NaN,NaN,NaN,NaN,NaN,NaN,NaN,NaN,NaN,NaN,NaN,NaN,NaN,NaN,NaN,NaN,
91.346,0.01590,0.01042,0.13033,0.67904,-0.20119,0.14879,-0.69013,NaN,NaN,NaN,NaN,NaN,NaN,NaN,NaN,NaN,NaN,NaN,NaN,NaN,NaN,NaN,NaN,NaN,NaN,NaN,NaN,NaN,
91.371,0.01595,0.01036,0.13035,0.67879,-0.20133,0.14929,-0.69023,NaN,NaN,NaN,NaN,NaN,NaN,NaN,NaN,NaN,NaN,NaN,NaN,NaN,NaN,NaN,NaN,NaN,NaN,NaN,NaN,NaN,
91.396,0.01601,0.01027,0.13034,0.67848,-0.20140,0.14985,-0.69039,NaN,NaN,NaN,NaN,NaN,NaN,NaN,NaN,NaN,NaN,NaN,NaN,NaN,NaN,NaN,NaN,NaN,NaN,NaN,NaN,NaN,
91.421,0.01606,0.01023,0.13030,0.67810,-0.20126,0.15041,-0.69069,NaN,NaN,NaN,NaN,NaN,NaN,NaN,NaN,NaN,NaN,NaN,NaN,NaN,NaN,NaN,NaN,NaN,NaN,NaN,NaN,NaN,
91.446,0.01610,0.01015,0.13029,0.67763,-0.20063,0.15083,-0.69124,NaN,NaN,NaN,NaN,NaN,NaN,NaN,NaN,NaN,NaN,NaN,NaN,NaN,NaN,NaN,NaN,NaN,NaN,NaN,NaN,NaN,
91.471,0.01611,0.00999,0.13030,0.67691,-0.19989,0.15161,-0.69199,NaN,NaN,NaN,NaN,NaN,NaN,NaN,NaN,NaN,NaN,NaN,NaN,NaN,NaN,NaN,NaN,NaN,NaN,NaN,NaN,NaN,
91.496,0.01614,0.00988,0.13030,0.67621,-0.19983,0.15274,-0.69244,NaN,NaN,NaN,NaN,NaN,NaN,NaN,NaN,NaN,NaN,NaN,NaN,NaN,NaN,NaN,NaN,NaN,NaN,NaN,NaN,NaN,
91.521,0.01625,0.00985,0.13026,0.67563,-0.19928,0.15340,-0.69302,NaN,NaN,NaN,NaN,NaN,NaN,NaN,NaN,NaN,NaN,NaN,NaN,NaN,NaN,NaN,NaN,NaN,NaN,NaN,NaN,NaN,
91.546,0.01624,0.00970,0.13029,0.67505,-0.19874,0.15406,-0.69360,NaN,NaN,NaN,NaN,NaN,NaN,NaN,NaN,NaN,NaN,NaN,NaN,NaN,NaN,NaN,NaN,NaN,NaN,NaN,NaN,NaN,
91.571,0.01635,0.00964,0.13030,0.67432,-0.19843,0.15510,-0.69417,NaN,NaN,NaN,NaN,NaN,NaN,NaN,NaN,NaN,NaN,NaN,NaN,NaN,NaN,NaN,NaN,NaN,NaN,NaN,NaN,NaN,
91.596,0.01641,0.00954,0.13028,0.67373,-0.19825,0.15597,-0.69459,NaN,NaN,NaN,NaN,NaN,NaN,NaN,NaN,NaN,NaN,NaN,NaN,NaN,NaN,NaN,NaN,NaN,NaN,NaN,NaN,NaN,
91.621,0.01650,0.00947,0.13026,0.67346,-0.19850,0.15655,-0.69465,NaN,NaN,NaN,NaN,NaN,NaN,NaN,NaN,NaN,NaN,NaN,NaN,NaN,NaN,NaN,NaN,NaN,NaN,NaN,NaN,NaN,
91.646,0.01649,0.00938,0.13027,0.67364,-0.19929,0.15671,-0.69422,NaN,NaN,NaN,NaN,NaN,NaN,NaN,NaN,NaN,NaN,NaN,NaN,NaN,NaN,NaN,NaN,NaN,NaN,NaN,NaN,NaN,
91.671,0.01660,0.00942,0.13017,0.67379,-0.19932,0.15648,-0.69411,NaN,NaN,NaN,NaN,NaN,NaN,NaN,NaN,NaN,NaN,NaN,NaN,NaN,NaN,NaN,NaN,NaN,NaN,NaN,NaN,NaN,
91.696,0.01655,0.00927,0.13020,0.67384,-0.20020,0.15689,-0.69371,NaN,NaN,NaN,NaN,NaN,NaN,NaN,NaN,NaN,NaN,NaN,NaN,NaN,NaN,NaN,NaN,NaN,NaN,NaN,NaN,NaN,
91.721,0.01660,0.00926,0.13018,0.67358,-0.20011,0.15728,-0.69391,NaN,NaN,NaN,NaN,NaN,NaN,NaN,NaN,NaN,NaN,NaN,NaN,NaN,NaN,NaN,NaN,NaN,NaN,NaN,NaN,NaN,
91.746,0.01659,0.00911,0.13020,0.67308,-0.19972,0.15788,-0.69437,NaN,NaN,NaN,NaN,NaN,NaN,NaN,NaN,NaN,NaN,NaN,NaN,NaN,NaN,NaN,NaN,NaN,NaN,NaN,NaN,NaN,
91.771,0.01675,0.00911,0.13017,0.67255,-0.19961,0.15870,-0.69473,NaN,NaN,NaN,NaN,NaN,NaN,NaN,NaN,NaN,NaN,NaN,NaN,NaN,NaN,NaN,NaN,NaN,NaN,NaN,NaN,NaN,
91.796,0.01675,0.00899,0.13019,0.67220,-0.19961,0.15927,-0.69494,NaN,NaN,NaN,NaN,NaN,NaN,NaN,NaN,NaN,NaN,NaN,NaN,NaN,NaN,NaN,NaN,NaN,NaN,NaN,NaN,NaN,
91.821,0.01682,0.00892,0.13022,0.67193,-0.19975,0.15979,-0.69503,NaN,NaN,NaN,NaN,NaN,NaN,NaN,NaN,NaN,NaN,NaN,NaN,NaN,NaN,NaN,NaN,NaN,NaN,NaN,NaN,NaN,
91.846,0.01684,0.00886,0.13020,0.67186,-0.20022,0.16016,-0.69488,NaN,NaN,NaN,NaN,NaN,NaN,NaN,NaN,NaN,NaN,NaN,NaN,NaN,NaN,NaN,NaN,NaN,NaN,NaN,NaN,NaN,
91.871,0.01688,0.00878,0.13017,0.67159,-0.20006,0.16052,-0.69510,NaN,NaN,NaN,NaN,NaN,NaN,NaN,NaN,NaN,NaN,NaN,NaN,NaN,NaN,NaN,NaN,NaN,NaN,NaN,NaN,NaN,
91.896,0.01694,0.00871,0.13013,0.67131,-0.19980,0.16083,-0.69538,NaN,NaN,NaN,NaN,NaN,NaN,NaN,NaN,NaN,NaN,NaN,NaN,NaN,NaN,NaN,NaN,NaN,NaN,NaN,NaN,NaN,
91.921,0.01697,0.00864,0.13015,0.67111,-0.20026,0.16143,-0.69531,NaN,NaN,NaN,NaN,NaN,NaN,NaN,NaN,NaN,NaN,NaN,NaN,NaN,NaN,NaN,NaN,NaN,NaN,NaN,NaN,NaN,
91.946,0.01702,0.00859,0.13014,0.67089,-0.19996,0.16161,-0.69556,NaN,NaN,NaN,NaN,NaN,NaN,NaN,NaN,NaN,NaN,NaN,NaN,NaN,NaN,NaN,NaN,NaN,NaN,NaN,NaN,NaN,
91.971,0.01712,0.00858,0.13017,0.67104,-0.20068,0.16178,-0.69517,NaN,NaN,NaN,NaN,NaN,NaN,NaN,NaN,NaN,NaN,NaN,NaN,NaN,NaN,NaN,NaN,NaN,NaN,NaN,NaN,NaN,
91.996,0.01719,0.00851,0.13019,0.67089,-0.20116,0.16230,-0.69506,NaN,NaN,NaN,NaN,NaN,NaN,NaN,NaN,NaN,NaN,NaN,NaN,NaN,NaN,NaN,NaN,NaN,NaN,NaN,NaN,NaN,
92.021,0.01718,0.00836,0.13023,0.67078,-0.20144,0.16264,-0.69500,NaN,NaN,NaN,NaN,NaN,NaN,NaN,NaN,NaN,NaN,NaN,NaN,NaN,NaN,NaN,NaN,NaN,NaN,NaN,NaN,NaN,
92.046,0.01724,0.00830,0.13037,0.67007,-0.20133,0.16373,-0.69546,NaN,NaN,NaN,NaN,NaN,NaN,NaN,NaN,NaN,NaN,NaN,NaN,NaN,NaN,NaN,NaN,NaN,NaN,NaN,NaN,NaN,
92.071,0.01726,0.00816,0.13037,0.66948,-0.20043,0.16419,-0.69618,NaN,NaN,NaN,NaN,NaN,NaN,NaN,NaN,NaN,NaN,NaN,NaN,NaN,NaN,NaN,NaN,NaN,NaN,NaN,NaN,NaN,
92.096,0.01726,0.00816,0.13037,0.66948,-0.20043,0.16419,-0.69618,NaN,NaN,NaN,NaN,NaN,NaN,NaN,NaN,NaN,NaN,NaN,NaN,NaN,NaN,NaN,NaN,NaN,NaN,NaN,NaN,NaN,
92.121,0.01736,0.00817,0.13048,0.66916,-0.20008,0.16452,-0.69651,NaN,NaN,NaN,NaN,NaN,NaN,NaN,NaN,NaN,NaN,NaN,NaN,NaN,NaN,NaN,NaN,NaN,NaN,NaN,NaN,NaN,
92.146,0.01741,0.00812,0.13055,0.66914,-0.20021,0.16462,-0.69647,NaN,NaN,NaN,NaN,NaN,NaN,NaN,NaN,NaN,NaN,NaN,NaN,NaN,NaN,NaN,NaN,NaN,NaN,NaN,NaN,NaN,
92.171,0.01743,0.00811,0.13055,0.66875,-0.19909,0.16462,-0.69716,NaN,NaN,NaN,NaN,NaN,NaN,NaN,NaN,NaN,NaN,NaN,NaN,NaN,NaN,NaN,NaN,NaN,NaN,NaN,NaN,NaN,
92.196,0.01739,0.00791,0.13074,0.66802,-0.19907,0.16581,-0.69759,NaN,NaN,NaN,NaN,NaN,NaN,NaN,NaN,NaN,NaN,NaN,NaN,NaN,NaN,NaN,NaN,NaN,NaN,NaN,NaN,NaN,
92.221,0.01758,0.00791,0.13075,0.66767,-0.19888,0.16627,-0.69787,NaN,NaN,NaN,NaN,NaN,NaN,NaN,NaN,NaN,NaN,NaN,NaN,NaN,NaN,NaN,NaN,NaN,NaN,NaN,NaN,NaN,
92.246,0.01767,0.00793,0.13084,0.66812,-0.20064,0.16653,-0.69687,NaN,NaN,NaN,NaN,NaN,NaN,NaN,NaN,NaN,NaN,NaN,NaN,NaN,NaN,NaN,NaN,NaN,NaN,NaN,NaN,NaN,
92.271,0.01765,0.00790,0.13083,0.66813,-0.19994,0.16612,-0.69716,NaN,NaN,NaN,NaN,NaN,NaN,NaN,NaN,NaN,NaN,NaN,NaN,NaN,NaN,NaN,NaN,NaN,NaN,NaN,NaN,NaN,
92.296,0.01752,0.00770,0.13092,0.66817,-0.20003,0.16610,-0.69710,NaN,NaN,NaN,NaN,NaN,NaN,NaN,NaN,NaN,NaN,NaN,NaN,NaN,NaN,NaN,NaN,NaN,NaN,NaN,NaN,NaN,
92.321,0.01759,0.00769,0.13092,0.66802,-0.19988,0.16627,-0.69725,NaN,NaN,NaN,NaN,NaN,NaN,NaN,NaN,NaN,NaN,NaN,NaN,NaN,NaN,NaN,NaN,NaN,NaN,NaN,NaN,NaN,
92.346,0.01771,0.00771,0.13087,0.66758,-0.19953,0.16679,-0.69765,NaN,NaN,NaN,NaN,NaN,NaN,NaN,NaN,NaN,NaN,NaN,NaN,NaN,NaN,NaN,NaN,NaN,NaN,NaN,NaN,NaN,
92.371,0.01768,0.00760,0.13100,0.66750,-0.20062,0.16752,-0.69723,NaN,NaN,NaN,NaN,NaN,NaN,NaN,NaN,NaN,NaN,NaN,NaN,NaN,NaN,NaN,NaN,NaN,NaN,NaN,NaN,NaN,
92.396,0.01787,0.00774,0.13095,0.66747,-0.20015,0.16731,-0.69745,NaN,NaN,NaN,NaN,NaN,NaN,NaN,NaN,NaN,NaN,NaN,NaN,NaN,NaN,NaN,NaN,NaN,NaN,NaN,NaN,NaN,
92.421,0.01782,0.00759,0.13094,0.66691,-0.19932,0.16774,-0.69811,NaN,NaN,NaN,NaN,NaN,NaN,NaN,NaN,NaN,NaN,NaN,NaN,NaN,NaN,NaN,NaN,NaN,NaN,NaN,NaN,NaN,
92.446,0.01786,0.00742,0.13103,0.66590,-0.19886,0.16912,-0.69888,NaN,NaN,NaN,NaN,NaN,NaN,NaN,NaN,NaN,NaN,NaN,NaN,NaN,NaN,NaN,NaN,NaN,NaN,NaN,NaN,NaN,
92.471,0.01789,0.00724,0.13098,0.66497,-0.19759,0.16991,-0.69993,NaN,NaN,NaN,NaN,NaN,NaN,NaN,NaN,NaN,NaN,NaN,NaN,NaN,NaN,NaN,NaN,NaN,NaN,NaN,NaN,NaN,
92.496,0.01784,0.00706,0.13097,0.66425,-0.19716,0.17083,-0.70051,NaN,NaN,NaN,NaN,NaN,NaN,NaN,NaN,NaN,NaN,NaN,NaN,NaN,NaN,NaN,NaN,NaN,NaN,NaN,NaN,NaN,
92.521,0.01790,0.00695,0.13093,0.66343,-0.19648,0.17177,-0.70125,NaN,NaN,NaN,NaN,NaN,NaN,NaN,NaN,NaN,NaN,NaN,NaN,NaN,NaN,NaN,NaN,NaN,NaN,NaN,NaN,NaN,
92.546,0.01791,0.00687,0.13089,0.66252,-0.19537,0.17260,-0.70222,NaN,NaN,NaN,NaN,NaN,NaN,NaN,NaN,NaN,NaN,NaN,NaN,NaN,NaN,NaN,NaN,NaN,NaN,NaN,NaN,NaN,
92.571,0.01794,0.00679,0.13086,0.66169,-0.19445,0.17341,-0.70305,NaN,NaN,NaN,NaN,NaN,NaN,NaN,NaN,NaN,NaN,NaN,NaN,NaN,NaN,NaN,NaN,NaN,NaN,NaN,NaN,NaN,
92.596,0.01781,0.00653,0.13087,0.66067,-0.19311,0.17429,-0.70416,NaN,NaN,NaN,NaN,NaN,NaN,NaN,NaN,NaN,NaN,NaN,NaN,NaN,NaN,NaN,NaN,NaN,NaN,NaN,NaN,NaN,
92.621,0.01778,0.00631,0.13082,0.65977,-0.19192,0.17504,-0.70514,NaN,NaN,NaN,NaN,NaN,NaN,NaN,NaN,NaN,NaN,NaN,NaN,NaN,NaN,NaN,NaN,NaN,NaN,NaN,NaN,NaN,
92.646,0.01778,0.00624,0.13081,0.65924,-0.19155,0.17568,-0.70558,NaN,NaN,NaN,NaN,NaN,NaN,NaN,NaN,NaN,NaN,NaN,NaN,NaN,NaN,NaN,NaN,NaN,NaN,NaN,NaN,NaN,
92.671,0.01790,0.00631,0.13066,0.65978,-0.19266,0.17545,-0.70483,NaN,NaN,NaN,NaN,NaN,NaN,NaN,NaN,NaN,NaN,NaN,NaN,NaN,NaN,NaN,NaN,NaN,NaN,NaN,NaN,NaN,
92.696,0.01795,0.00637,0.13059,0.66002,-0.19359,0.17559,-0.70432,NaN,NaN,NaN,NaN,NaN,NaN,NaN,NaN,NaN,NaN,NaN,NaN,NaN,NaN,NaN,NaN,NaN,NaN,NaN,NaN,NaN,
92.721,0.01801,0.00646,0.13037,0.66040,-0.19324,0.17480,-0.70426,NaN,NaN,NaN,NaN,NaN,NaN,NaN,NaN,NaN,NaN,NaN,NaN,NaN,NaN,NaN,NaN,NaN,NaN,NaN,NaN,NaN,
92.746,0.01816,0.00655,0.13023,0.66076,-0.19367,0.17446,-0.70388,NaN,NaN,NaN,NaN,NaN,NaN,NaN,NaN,NaN,NaN,NaN,NaN,NaN,NaN,NaN,NaN,NaN,NaN,NaN,NaN,NaN,
92.771,0.01802,0.00639,0.13020,0.66081,-0.19444,0.17482,-0.70354,NaN,NaN,NaN,NaN,NaN,NaN,NaN,NaN,NaN,NaN,NaN,NaN,NaN,NaN,NaN,NaN,NaN,NaN,NaN,NaN,NaN,
92.796,0.01789,0.00608,0.13006,0.65977,-0.19315,0.17575,-0.70464,NaN,NaN,NaN,NaN,NaN,NaN,NaN,NaN,NaN,NaN,NaN,NaN,NaN,NaN,NaN,NaN,NaN,NaN,NaN,NaN,NaN,
92.821,0.01791,0.00590,0.13003,0.65885,-0.19259,0.17690,-0.70536,NaN,NaN,NaN,NaN,NaN,NaN,NaN,NaN,NaN,NaN,NaN,NaN,NaN,NaN,NaN,NaN,NaN,NaN,NaN,NaN,NaN,
92.846,0.01824,0.00600,0.12986,0.65800,-0.19128,0.17750,-0.70636,NaN,NaN,NaN,NaN,NaN,NaN,NaN,NaN,NaN,NaN,NaN,NaN,NaN,NaN,NaN,NaN,NaN,NaN,NaN,NaN,NaN,
92.871,0.01798,0.00554,0.12996,0.65743,-0.19175,0.17867,-0.70646,NaN,NaN,NaN,NaN,NaN,NaN,NaN,NaN,NaN,NaN,NaN,NaN,NaN,NaN,NaN,NaN,NaN,NaN,NaN,NaN,NaN,
92.896,0.01809,0.00544,0.12977,0.65620,-0.18975,0.17949,-0.70794,NaN,NaN,NaN,NaN,NaN,NaN,NaN,NaN,NaN,NaN,NaN,NaN,NaN,NaN,NaN,NaN,NaN,NaN,NaN,NaN,NaN,
92.921,0.01801,0.00483,0.12990,0.65262,-0.18710,0.18361,-0.71089,NaN,NaN,NaN,NaN,NaN,NaN,NaN,NaN,NaN,NaN,NaN,NaN,NaN,NaN,NaN,NaN,NaN,NaN,NaN,NaN,NaN,
92.946,0.01809,0.00450,0.12972,0.64950,-0.18339,0.18636,-0.71399,NaN,NaN,NaN,NaN,NaN,NaN,NaN,NaN,NaN,NaN,NaN,NaN,NaN,NaN,NaN,NaN,NaN,NaN,NaN,NaN,NaN,
92.971,0.01799,0.00423,0.12967,0.64817,-0.18241,0.18786,-0.71506,NaN,NaN,NaN,NaN,NaN,NaN,NaN,NaN,NaN,NaN,NaN,NaN,NaN,NaN,NaN,NaN,NaN,NaN,NaN,NaN,NaN,
92.996,0.01807,0.00418,0.12960,0.64743,-0.18164,0.18857,-0.71574,NaN,NaN,NaN,NaN,NaN,NaN,NaN,NaN,NaN,NaN,NaN,NaN,NaN,NaN,NaN,NaN,NaN,NaN,NaN,NaN,NaN,
93.021,0.01799,0.00414,0.12940,0.64961,-0.18319,0.18606,-0.71402,NaN,NaN,NaN,NaN,NaN,NaN,NaN,NaN,NaN,NaN,NaN,NaN,NaN,NaN,NaN,NaN,NaN,NaN,NaN,NaN,NaN,
93.046,0.01793,0.00426,0.12958,0.65187,-0.18679,0.18461,-0.71140,NaN,NaN,NaN,NaN,NaN,NaN,NaN,NaN,NaN,NaN,NaN,NaN,NaN,NaN,NaN,NaN,NaN,NaN,NaN,NaN,NaN,
93.071,0.01822,0.00442,0.12952,0.65161,-0.18651,0.18485,-0.71165,NaN,NaN,NaN,NaN,NaN,NaN,NaN,NaN,NaN,NaN,NaN,NaN,NaN,NaN,NaN,NaN,NaN,NaN,NaN,NaN,NaN,
93.096,0.01831,0.00431,0.12962,0.65137,-0.18715,0.18560,-0.71151,NaN,NaN,NaN,NaN,NaN,NaN,NaN,NaN,NaN,NaN,NaN,NaN,NaN,NaN,NaN,NaN,NaN,NaN,NaN,NaN,NaN,
93.121,0.01835,0.00430,0.12967,0.65109,-0.18649,0.18566,-0.71192,NaN,NaN,NaN,NaN,NaN,NaN,NaN,NaN,NaN,NaN,NaN,NaN,NaN,NaN,NaN,NaN,NaN,NaN,NaN,NaN,NaN,
93.146,0.01823,0.00416,0.12981,0.65139,-0.18702,0.18549,-0.71155,NaN,NaN,NaN,NaN,NaN,NaN,NaN,NaN,NaN,NaN,NaN,NaN,NaN,NaN,NaN,NaN,NaN,NaN,NaN,NaN,NaN,
93.171,0.01831,0.00430,0.12985,0.65162,-0.18670,0.18494,-0.71157,NaN,NaN,NaN,NaN,NaN,NaN,NaN,NaN,NaN,NaN,NaN,NaN,NaN,NaN,NaN,NaN,NaN,NaN,NaN,NaN,NaN,
93.196,0.01828,0.00424,0.12996,0.65161,-0.18644,0.18482,-0.71168,NaN,NaN,NaN,NaN,NaN,NaN,NaN,NaN,NaN,NaN,NaN,NaN,NaN,NaN,NaN,NaN,NaN,NaN,NaN,NaN,NaN,
93.221,0.01839,0.00426,0.13005,0.65131,-0.18640,0.18526,-0.71185,NaN,NaN,NaN,NaN,NaN,NaN,NaN,NaN,NaN,NaN,NaN,NaN,NaN,NaN,NaN,NaN,NaN,NaN,NaN,NaN,NaN,
93.246,0.01844,0.00426,0.13018,0.65132,-0.18720,0.18569,-0.71151,NaN,NaN,NaN,NaN,NaN,NaN,NaN,NaN,NaN,NaN,NaN,NaN,NaN,NaN,NaN,NaN,NaN,NaN,NaN,NaN,NaN,
93.271,0.01838,0.00419,0.13031,0.65127,-0.18716,0.18576,-0.71156,NaN,NaN,NaN,NaN,NaN,NaN,NaN,NaN,NaN,NaN,NaN,NaN,NaN,NaN,NaN,NaN,NaN,NaN,NaN,NaN,NaN,
93.296,0.01834,0.00410,0.13045,0.65105,-0.18695,0.18598,-0.71175,NaN,NaN,NaN,NaN,NaN,NaN,NaN,NaN,NaN,NaN,NaN,NaN,NaN,NaN,NaN,NaN,NaN,NaN,NaN,NaN,NaN,
93.321,0.01842,0.00406,0.13057,0.65049,-0.18650,0.18660,-0.71222,NaN,NaN,NaN,NaN,NaN,NaN,NaN,NaN,NaN,NaN,NaN,NaN,NaN,NaN,NaN,NaN,NaN,NaN,NaN,NaN,NaN,
93.346,0.01839,0.00396,0.13069,0.64989,-0.18584,0.18716,-0.71279,NaN,NaN,NaN,NaN,NaN,NaN,NaN,NaN,NaN,NaN,NaN,NaN,NaN,NaN,NaN,NaN,NaN,NaN,NaN,NaN,NaN,
93.371,0.01845,0.00401,0.13075,0.64963,-0.18537,0.18730,-0.71312,NaN,NaN,NaN,NaN,NaN,NaN,NaN,NaN,NaN,NaN,NaN,NaN,NaN,NaN,NaN,NaN,NaN,NaN,NaN,NaN,NaN,
93.396,0.01845,0.00401,0.13084,0.64959,-0.18522,0.18727,-0.71320,NaN,NaN,NaN,NaN,NaN,NaN,NaN,NaN,NaN,NaN,NaN,NaN,NaN,NaN,NaN,NaN,NaN,NaN,NaN,NaN,NaN,
93.421,0.01849,0.00404,0.13092,0.64961,-0.18545,0.18737,-0.71310,NaN,NaN,NaN,NaN,NaN,NaN,NaN,NaN,NaN,NaN,NaN,NaN,NaN,NaN,NaN,NaN,NaN,NaN,NaN,NaN,NaN,
93.446,0.01840,0.00396,0.13102,0.64947,-0.18507,0.18737,-0.71332,NaN,NaN,NaN,NaN,NaN,NaN,NaN,NaN,NaN,NaN,NaN,NaN,NaN,NaN,NaN,NaN,NaN,NaN,NaN,NaN,NaN,
93.471,0.01839,0.00399,0.13112,0.64913,-0.18477,0.18773,-0.71361,NaN,NaN,NaN,NaN,NaN,NaN,NaN,NaN,NaN,NaN,NaN,NaN,NaN,NaN,NaN,NaN,NaN,NaN,NaN,NaN,NaN,
93.496,0.01844,0.00394,0.13127,0.64919,-0.18567,0.18816,-0.71322,NaN,NaN,NaN,NaN,NaN,NaN,NaN,NaN,NaN,NaN,NaN,NaN,NaN,NaN,NaN,NaN,NaN,NaN,NaN,NaN,NaN,
93.521,0.01843,0.00392,0.13125,0.64906,-0.18507,0.18801,-0.71353,NaN,NaN,NaN,NaN,NaN,NaN,NaN,NaN,NaN,NaN,NaN,NaN,NaN,NaN,NaN,NaN,NaN,NaN,NaN,NaN,NaN,
93.546,0.01840,0.00380,0.13129,0.64864,-0.18499,0.18862,-0.71377,NaN,NaN,NaN,NaN,NaN,NaN,NaN,NaN,NaN,NaN,NaN,NaN,NaN,NaN,NaN,NaN,NaN,NaN,NaN,NaN,NaN,
93.571,0.01843,0.00379,0.13129,0.64811,-0.18465,0.18924,-0.71417,NaN,NaN,NaN,NaN,NaN,NaN,NaN,NaN,NaN,NaN,NaN,NaN,NaN,NaN,NaN,NaN,NaN,NaN,NaN,NaN,NaN,
93.596,0.01852,0.00390,0.13112,0.64773,-0.18385,0.18937,-0.71469,NaN,NaN,NaN,NaN,NaN,NaN,NaN,NaN,NaN,NaN,NaN,NaN,NaN,NaN,NaN,NaN,NaN,NaN,NaN,NaN,NaN,
93.621,0.01853,0.00382,0.13101,0.64750,-0.18373,0.18966,-0.71485,NaN,NaN,NaN,NaN,NaN,NaN,NaN,NaN,NaN,NaN,NaN,NaN,NaN,NaN,NaN,NaN,NaN,NaN,NaN,NaN,NaN,
93.646,0.01847,0.00366,0.13093,0.64727,-0.18391,0.19013,-0.71489,NaN,NaN,NaN,NaN,NaN,NaN,NaN,NaN,NaN,NaN,NaN,NaN,NaN,NaN,NaN,NaN,NaN,NaN,NaN,NaN,NaN,
93.671,0.01849,0.00372,0.13078,0.64683,-0.18328,0.19044,-0.71537,NaN,NaN,NaN,NaN,NaN,NaN,NaN,NaN,NaN,NaN,NaN,NaN,NaN,NaN,NaN,NaN,NaN,NaN,NaN,NaN,NaN,
93.696,0.01847,0.00359,0.13070,0.64628,-0.18316,0.19124,-0.71569,NaN,NaN,NaN,NaN,NaN,NaN,NaN,NaN,NaN,NaN,NaN,NaN,NaN,NaN,NaN,NaN,NaN,NaN,NaN,NaN,NaN,
93.721,0.01848,0.00358,0.13059,0.64590,-0.18314,0.19181,-0.71588,NaN,NaN,NaN,NaN,NaN,NaN,NaN,NaN,NaN,NaN,NaN,NaN,NaN,NaN,NaN,NaN,NaN,NaN,NaN,NaN,NaN,
93.746,0.01848,0.00354,0.13051,0.64602,-0.18383,0.19202,-0.71553,NaN,NaN,NaN,NaN,NaN,NaN,NaN,NaN,NaN,NaN,NaN,NaN,NaN,NaN,NaN,NaN,NaN,NaN,NaN,NaN,NaN,
93.771,0.01854,0.00351,0.13027,0.64568,-0.18292,0.19202,-0.71608,NaN,NaN,NaN,NaN,NaN,NaN,NaN,NaN,NaN,NaN,NaN,NaN,NaN,NaN,NaN,NaN,NaN,NaN,NaN,NaN,NaN,
93.796,0.01839,0.00329,0.13017,0.64472,-0.18212,0.19304,-0.71687,NaN,NaN,NaN,NaN,NaN,NaN,NaN,NaN,NaN,NaN,NaN,NaN,NaN,NaN,NaN,NaN,NaN,NaN,NaN,NaN,NaN,
93.821,0.01853,0.00311,0.13002,0.64231,-0.17992,0.19548,-0.71892,NaN,NaN,NaN,NaN,NaN,NaN,NaN,NaN,NaN,NaN,NaN,NaN,NaN,NaN,NaN,NaN,NaN,NaN,NaN,NaN,NaN,
93.846,0.01841,0.00264,0.12993,0.63992,-0.17806,0.19806,-0.72081,NaN,NaN,NaN,NaN,NaN,NaN,NaN,NaN,NaN,NaN,NaN,NaN,NaN,NaN,NaN,NaN,NaN,NaN,NaN,NaN,NaN,
93.871,0.01850,0.00264,0.12983,0.63890,-0.17756,0.19934,-0.72149,NaN,NaN,NaN,NaN,NaN,NaN,NaN,NaN,NaN,NaN,NaN,NaN,NaN,NaN,NaN,NaN,NaN,NaN,NaN,NaN,NaN,
93.896,0.01855,0.00254,0.12960,0.63795,-0.17613,0.19995,-0.72251,NaN,NaN,NaN,NaN,NaN,NaN,NaN,NaN,NaN,NaN,NaN,NaN,NaN,NaN,NaN,NaN,NaN,NaN,NaN,NaN,NaN,
93.921,0.01854,0.00237,0.12961,0.63715,-0.17667,0.20148,-0.72266,NaN,NaN,NaN,NaN,NaN,NaN,NaN,NaN,NaN,NaN,NaN,NaN,NaN,NaN,NaN,NaN,NaN,NaN,NaN,NaN,NaN,
93.946,0.01858,0.00233,0.12945,0.63669,-0.17580,0.20168,-0.72322,NaN,NaN,NaN,NaN,NaN,NaN,NaN,NaN,NaN,NaN,NaN,NaN,NaN,NaN,NaN,NaN,NaN,NaN,NaN,NaN,NaN,
93.971,0.01860,0.00230,0.12946,0.63701,-0.17663,0.20167,-0.72274,NaN,NaN,NaN,NaN,NaN,NaN,NaN,NaN,NaN,NaN,NaN,NaN,NaN,NaN,NaN,NaN,NaN,NaN,NaN,NaN,NaN,
93.996,0.01861,0.00230,0.12934,0.63690,-0.17546,0.20116,-0.72326,NaN,NaN,NaN,NaN,NaN,NaN,NaN,NaN,NaN,NaN,NaN,NaN,NaN,NaN,NaN,NaN,NaN,NaN,NaN,NaN,NaN,
94.021,0.01852,0.00213,0.12939,0.63660,-0.17539,0.20156,-0.72343,NaN,NaN,NaN,NaN,NaN,NaN,NaN,NaN,NaN,NaN,NaN,NaN,NaN,NaN,NaN,NaN,NaN,NaN,NaN,NaN,NaN,
94.046,0.01858,0.00217,0.12936,0.63614,-0.17466,0.20184,-0.72393,NaN,NaN,NaN,NaN,NaN,NaN,NaN,NaN,NaN,NaN,NaN,NaN,NaN,NaN,NaN,NaN,NaN,NaN,NaN,NaN,NaN,
94.071,0.01861,0.00213,0.12941,0.63581,-0.17396,0.20193,-0.72436,NaN,NaN,NaN,NaN,NaN,NaN,NaN,NaN,NaN,NaN,NaN,NaN,NaN,NaN,NaN,NaN,NaN,NaN,NaN,NaN,NaN,
94.096,0.01860,0.00206,0.12958,0.63557,-0.17408,0.20237,-0.72443,NaN,NaN,NaN,NaN,NaN,NaN,NaN,NaN,NaN,NaN,NaN,NaN,NaN,NaN,NaN,NaN,NaN,NaN,NaN,NaN,NaN,
94.121,0.01858,0.00205,0.12971,0.63560,-0.17406,0.20231,-0.72442,NaN,NaN,NaN,NaN,NaN,NaN,NaN,NaN,NaN,NaN,NaN,NaN,NaN,NaN,NaN,NaN,NaN,NaN,NaN,NaN,NaN,
94.146,0.01855,0.00200,0.12984,0.63543,-0.17370,0.20236,-0.72464,NaN,NaN,NaN,NaN,NaN,NaN,NaN,NaN,NaN,NaN,NaN,NaN,NaN,NaN,NaN,NaN,NaN,NaN,NaN,NaN,NaN,
94.171,0.01860,0.00200,0.12996,0.63453,-0.17264,0.20311,-0.72548,NaN,NaN,NaN,NaN,NaN,NaN,NaN,NaN,NaN,NaN,NaN,NaN,NaN,NaN,NaN,NaN,NaN,NaN,NaN,NaN,NaN,
94.196,0.01854,0.00188,0.13009,0.63405,-0.17202,0.20347,-0.72594,NaN,NaN,NaN,NaN,NaN,NaN,NaN,NaN,NaN,NaN,NaN,NaN,NaN,NaN,NaN,NaN,NaN,NaN,NaN,NaN,NaN,
94.221,0.01859,0.00188,0.13017,0.63371,-0.17123,0.20351,-0.72641,NaN,NaN,NaN,NaN,NaN,NaN,NaN,NaN,NaN,NaN,NaN,NaN,NaN,NaN,NaN,NaN,NaN,NaN,NaN,NaN,NaN,
94.246,0.01856,0.00184,0.13032,0.63325,-0.17071,0.20390,-0.72682,NaN,NaN,NaN,NaN,NaN,NaN,NaN,NaN,NaN,NaN,NaN,NaN,NaN,NaN,NaN,NaN,NaN,NaN,NaN,NaN,NaN,
94.271,0.01857,0.00180,0.13036,0.63304,-0.16957,0.20355,-0.72737,NaN,NaN,NaN,NaN,NaN,NaN,NaN,NaN,NaN,NaN,NaN,NaN,NaN,NaN,NaN,NaN,NaN,NaN,NaN,NaN,NaN,
94.296,0.01848,0.00179,0.13059,0.63291,-0.16992,0.20396,-0.72729,NaN,NaN,NaN,NaN,NaN,NaN,NaN,NaN,NaN,NaN,NaN,NaN,NaN,NaN,NaN,NaN,NaN,NaN,NaN,NaN,NaN,
94.321,0.01860,0.00173,0.13066,0.63250,-0.16914,0.20411,-0.72779,NaN,NaN,NaN,NaN,NaN,NaN,NaN,NaN,NaN,NaN,NaN,NaN,NaN,NaN,NaN,NaN,NaN,NaN,NaN,NaN,NaN,
94.346,0.01852,0.00150,0.13081,0.63143,-0.16813,0.20513,-0.72866,NaN,NaN,NaN,NaN,NaN,NaN,NaN,NaN,NaN,NaN,NaN,NaN,NaN,NaN,NaN,NaN,NaN,NaN,NaN,NaN,NaN,
94.371,0.01851,0.00140,0.13091,0.63075,-0.16734,0.20569,-0.72927,NaN,NaN,NaN,NaN,NaN,NaN,NaN,NaN,NaN,NaN,NaN,NaN,NaN,NaN,NaN,NaN,NaN,NaN,NaN,NaN,NaN,
94.396,0.01848,0.00121,0.13105,0.62997,-0.16659,0.20642,-0.72991,NaN,NaN,NaN,NaN,NaN,NaN,NaN,NaN,NaN,NaN,NaN,NaN,NaN,NaN,NaN,NaN,NaN,NaN,NaN,NaN,NaN,
94.421,0.01847,0.00116,0.13119,0.62887,-0.16547,0.20741,-0.73084,NaN,NaN,NaN,NaN,NaN,NaN,NaN,NaN,NaN,NaN,NaN,NaN,NaN,NaN,NaN,NaN,NaN,NaN,NaN,NaN,NaN,
94.446,0.01852,0.00108,0.13125,0.62801,-0.16467,0.20822,-0.73153,NaN,NaN,NaN,NaN,NaN,NaN,NaN,NaN,NaN,NaN,NaN,NaN,NaN,NaN,NaN,NaN,NaN,NaN,NaN,NaN,NaN,
94.471,0.01851,0.00093,0.13129,0.62683,-0.16397,0.20957,-0.73232,NaN,NaN,NaN,NaN,NaN,NaN,NaN,NaN,NaN,NaN,NaN,NaN,NaN,NaN,NaN,NaN,NaN,NaN,NaN,NaN,NaN,
94.496,0.01852,0.00071,0.13119,0.62522,-0.16198,0.21077,-0.73378,NaN,NaN,NaN,NaN,NaN,NaN,NaN,NaN,NaN,NaN,NaN,NaN,NaN,NaN,NaN,NaN,NaN,NaN,NaN,NaN,NaN,
94.521,0.01846,0.00049,0.13132,0.62361,-0.16163,0.21295,-0.73460,NaN,NaN,NaN,NaN,NaN,NaN,NaN,NaN,NaN,NaN,NaN,NaN,NaN,NaN,NaN,NaN,NaN,NaN,NaN,NaN,NaN,
94.546,0.01852,0.00044,0.13129,0.62243,-0.16080,0.21421,-0.73542,NaN,NaN,NaN,NaN,NaN,NaN,NaN,NaN,NaN,NaN,NaN,NaN,NaN,NaN,NaN,NaN,NaN,NaN,NaN,NaN,NaN,
94.571,0.01856,0.00038,0.13121,0.62188,-0.16052,0.21485,-0.73576,NaN,NaN,NaN,NaN,NaN,NaN,NaN,NaN,NaN,NaN,NaN,NaN,NaN,NaN,NaN,NaN,NaN,NaN,NaN,NaN,NaN,
94.596,0.01857,0.00034,0.13103,0.62157,-0.15982,0.21490,-0.73616,NaN,NaN,NaN,NaN,NaN,NaN,NaN,NaN,NaN,NaN,NaN,NaN,NaN,NaN,NaN,NaN,NaN,NaN,NaN,NaN,NaN,
94.621,0.01858,0.00035,0.13095,0.62148,-0.16014,0.21522,-0.73607,NaN,NaN,NaN,NaN,NaN,NaN,NaN,NaN,NaN,NaN,NaN,NaN,NaN,NaN,NaN,NaN,NaN,NaN,NaN,NaN,NaN,
94.646,0.01858,0.00032,0.13084,0.62140,-0.16033,0.21545,-0.73603,NaN,NaN,NaN,NaN,NaN,NaN,NaN,NaN,NaN,NaN,NaN,NaN,NaN,NaN,NaN,NaN,NaN,NaN,NaN,NaN,NaN,
94.671,0.01855,0.00029,0.13075,0.62108,-0.16029,0.21590,-0.73617,NaN,NaN,NaN,NaN,NaN,NaN,NaN,NaN,NaN,NaN,NaN,NaN,NaN,NaN,NaN,NaN,NaN,NaN,NaN,NaN,NaN,
94.696,0.01864,0.00037,0.13050,0.62074,-0.15937,0.21586,-0.73668,NaN,NaN,NaN,NaN,NaN,NaN,NaN,NaN,NaN,NaN,NaN,NaN,NaN,NaN,NaN,NaN,NaN,NaN,NaN,NaN,NaN,
94.721,0.01856,0.00023,0.13044,0.62042,-0.15988,0.21662,-0.73661,NaN,NaN,NaN,NaN,NaN,NaN,NaN,NaN,NaN,NaN,NaN,NaN,NaN,NaN,NaN,NaN,NaN,NaN,NaN,NaN,NaN,
94.746,0.01855,0.00016,0.13030,0.62020,-0.16006,0.21706,-0.73663,NaN,NaN,NaN,NaN,NaN,NaN,NaN,NaN,NaN,NaN,NaN,NaN,NaN,NaN,NaN,NaN,NaN,NaN,NaN,NaN,NaN,
94.771,0.01864,0.00032,0.13004,0.62004,-0.15919,0.21677,-0.73703,NaN,NaN,NaN,NaN,NaN,NaN,NaN,NaN,NaN,NaN,NaN,NaN,NaN,NaN,NaN,NaN,NaN,NaN,NaN,NaN,NaN,
94.796,0.01863,0.00028,0.13001,0.61980,-0.15971,0.21744,-0.73693,NaN,NaN,NaN,NaN,NaN,NaN,NaN,NaN,NaN,NaN,NaN,NaN,NaN,NaN,NaN,NaN,NaN,NaN,NaN,NaN,NaN,
94.821,0.01866,0.00028,0.12983,0.61940,-0.15924,0.21774,-0.73727,NaN,NaN,NaN,NaN,NaN,NaN,NaN,NaN,NaN,NaN,NaN,NaN,NaN,NaN,NaN,NaN,NaN,NaN,NaN,NaN,NaN,
94.846,0.01865,0.00000,0.12976,0.61732,-0.15808,0.22010,-0.73857,NaN,NaN,NaN,NaN,NaN,NaN,NaN,NaN,NaN,NaN,NaN,NaN,NaN,NaN,NaN,NaN,NaN,NaN,NaN,NaN,NaN,
94.871,0.01859,-0.00044,0.12966,0.61433,-0.15560,0.22298,-0.74072,NaN,NaN,NaN,NaN,NaN,NaN,NaN,NaN,NaN,NaN,NaN,NaN,NaN,NaN,NaN,NaN,NaN,NaN,NaN,NaN,NaN,
94.896,0.01857,-0.00055,0.12952,0.61304,-0.15451,0.22421,-0.74165,NaN,NaN,NaN,NaN,NaN,NaN,NaN,NaN,NaN,NaN,NaN,NaN,NaN,NaN,NaN,NaN,NaN,NaN,NaN,NaN,NaN,
94.921,0.01858,-0.00061,0.12937,0.61314,-0.15468,0.22416,-0.74154,NaN,NaN,NaN,NaN,NaN,NaN,NaN,NaN,NaN,NaN,NaN,NaN,NaN,NaN,NaN,NaN,NaN,NaN,NaN,NaN,NaN,
94.946,0.01863,-0.00045,0.12926,0.61428,-0.15562,0.22306,-0.74073,NaN,NaN,NaN,NaN,NaN,NaN,NaN,NaN,NaN,NaN,NaN,NaN,NaN,NaN,NaN,NaN,NaN,NaN,NaN,NaN,NaN,
94.971,0.01861,-0.00043,0.12931,0.61512,-0.15706,0.22270,-0.73984,NaN,NaN,NaN,NaN,NaN,NaN,NaN,NaN,NaN,NaN,NaN,NaN,NaN,NaN,NaN,NaN,NaN,NaN,NaN,NaN,NaN,
94.996,0.01862,-0.00055,0.12934,0.61449,-0.15657,0.22333,-0.74028,NaN,NaN,NaN,NaN,NaN,NaN,NaN,NaN,NaN,NaN,NaN,NaN,NaN,NaN,NaN,NaN,NaN,NaN,NaN,NaN,NaN,
95.021,0.01865,-0.00062,0.12935,0.61375,-0.15527,0.22362,-0.74108,NaN,NaN,NaN,NaN,NaN,NaN,NaN,NaN,NaN,NaN,NaN,NaN,NaN,NaN,NaN,NaN,NaN,NaN,NaN,NaN,NaN,
95.046,0.01861,-0.00079,0.12946,0.61332,-0.15521,0.22421,-0.74127,NaN,NaN,NaN,NaN,NaN,NaN,NaN,NaN,NaN,NaN,NaN,NaN,NaN,NaN,NaN,NaN,NaN,NaN,NaN,NaN,NaN,
95.071,0.01862,-0.00080,0.12951,0.61271,-0.15403,0.22440,-0.74196,NaN,NaN,NaN,NaN,NaN,NaN,NaN,NaN,NaN,NaN,NaN,NaN,NaN,NaN,NaN,NaN,NaN,NaN,NaN,NaN,NaN,
95.096,0.01857,-0.00089,0.12967,0.61259,-0.15421,0.22468,-0.74194,NaN,NaN,NaN,NaN,NaN,NaN,NaN,NaN,NaN,NaN,NaN,NaN,NaN,NaN,NaN,NaN,NaN,NaN,NaN,NaN,NaN,
95.121,0.01858,-0.00089,0.12979,0.61268,-0.15400,0.22442,-0.74199,NaN,NaN,NaN,NaN,NaN,NaN,NaN,NaN,NaN,NaN,NaN,NaN,NaN,NaN,NaN,NaN,NaN,NaN,NaN,NaN,NaN,
95.146,0.01859,-0.00093,0.12991,0.61242,-0.15363,0.22458,-0.74223,NaN,NaN,NaN,NaN,NaN,NaN,NaN,NaN,NaN,NaN,NaN,NaN,NaN,NaN,NaN,NaN,NaN,NaN,NaN,NaN,NaN,
95.171,0.01856,-0.00096,0.13001,0.61212,-0.15316,0.22474,-0.74253,NaN,NaN,NaN,NaN,NaN,NaN,NaN,NaN,NaN,NaN,NaN,NaN,NaN,NaN,NaN,NaN,NaN,NaN,NaN,NaN,NaN,
95.196,0.01857,-0.00094,0.13004,0.61222,-0.15296,0.22447,-0.74257,NaN,NaN,NaN,NaN,NaN,NaN,NaN,NaN,NaN,NaN,NaN,NaN,NaN,NaN,NaN,NaN,NaN,NaN,NaN,NaN,NaN,
95.221,0.01860,-0.00092,0.13007,0.61219,-0.15264,0.22432,-0.74270,NaN,NaN,NaN,NaN,NaN,NaN,NaN,NaN,NaN,NaN,NaN,NaN,NaN,NaN,NaN,NaN,NaN,NaN,NaN,NaN,NaN,
95.246,0.01863,-0.00090,0.13010,0.61202,-0.15218,0.22430,-0.74295,NaN,NaN,NaN,NaN,NaN,NaN,NaN,NaN,NaN,NaN,NaN,NaN,NaN,NaN,NaN,NaN,NaN,NaN,NaN,NaN,NaN,
95.271,0.01854,-0.00108,0.13034,0.61195,-0.15303,0.22490,-0.74264,NaN,NaN,NaN,NaN,NaN,NaN,NaN,NaN,NaN,NaN,NaN,NaN,NaN,NaN,NaN,NaN,NaN,NaN,NaN,NaN,NaN,
95.296,0.01857,-0.00114,0.13032,0.61111,-0.15124,0.22504,-0.74366,NaN,NaN,NaN,NaN,NaN,NaN,NaN,NaN,NaN,NaN,NaN,NaN,NaN,NaN,NaN,NaN,NaN,NaN,NaN,NaN,NaN,
95.321,0.01853,-0.00137,0.13043,0.60941,-0.14992,0.22670,-0.74481,NaN,NaN,NaN,NaN,NaN,NaN,NaN,NaN,NaN,NaN,NaN,NaN,NaN,NaN,NaN,NaN,NaN,NaN,NaN,NaN,NaN,
95.346,0.01851,-0.00154,0.13046,0.60791,-0.14811,0.22777,-0.74608,NaN,NaN,NaN,NaN,NaN,NaN,NaN,NaN,NaN,NaN,NaN,NaN,NaN,NaN,NaN,NaN,NaN,NaN,NaN,NaN,NaN,
95.371,0.01850,-0.00167,0.13055,0.60699,-0.14724,0.22856,-0.74675,NaN,NaN,NaN,NaN,NaN,NaN,NaN,NaN,NaN,NaN,NaN,NaN,NaN,NaN,NaN,NaN,NaN,NaN,NaN,NaN,NaN,
95.396,0.01849,-0.00179,0.13068,0.60621,-0.14681,0.22943,-0.74721,NaN,NaN,NaN,NaN,NaN,NaN,NaN,NaN,NaN,NaN,NaN,NaN,NaN,NaN,NaN,NaN,NaN,NaN,NaN,NaN,NaN,
95.421,0.01855,-0.00188,0.13082,0.60553,-0.14659,0.23027,-0.74755,NaN,NaN,NaN,NaN,NaN,NaN,NaN,NaN,NaN,NaN,NaN,NaN,NaN,NaN,NaN,NaN,NaN,NaN,NaN,NaN,NaN,
95.446,0.01857,-0.00187,0.13076,0.60514,-0.14570,0.23029,-0.74803,NaN,NaN,NaN,NaN,NaN,NaN,NaN,NaN,NaN,NaN,NaN,NaN,NaN,NaN,NaN,NaN,NaN,NaN,NaN,NaN,NaN,
95.471,0.01854,-0.00192,0.13081,0.60463,-0.14555,0.23092,-0.74827,NaN,NaN,NaN,NaN,NaN,NaN,NaN,NaN,NaN,NaN,NaN,NaN,NaN,NaN,NaN,NaN,NaN,NaN,NaN,NaN,NaN,
95.496,0.01853,-0.00202,0.13080,0.60387,-0.14477,0.23154,-0.74885,NaN,NaN,NaN,NaN,NaN,NaN,NaN,NaN,NaN,NaN,NaN,NaN,NaN,NaN,NaN,NaN,NaN,NaN,NaN,NaN,NaN,
95.521,0.01850,-0.00209,0.13081,0.60352,-0.14453,0.23189,-0.74906,NaN,NaN,NaN,NaN,NaN,NaN,NaN,NaN,NaN,NaN,NaN,NaN,NaN,NaN,NaN,NaN,NaN,NaN,NaN,NaN,NaN,
95.546,0.01852,-0.00213,0.13084,0.60360,-0.14492,0.23202,-0.74889,NaN,NaN,NaN,NaN,NaN,NaN,NaN,NaN,NaN,NaN,NaN,NaN,NaN,NaN,NaN,NaN,NaN,NaN,NaN,NaN,NaN,
95.571,0.01850,-0.00216,0.13081,0.60345,-0.14462,0.23204,-0.74906,NaN,NaN,NaN,NaN,NaN,NaN,NaN,NaN,NaN,NaN,NaN,NaN,NaN,NaN,NaN,NaN,NaN,NaN,NaN,NaN,NaN,
95.596,0.01849,-0.00221,0.13083,0.60329,-0.14476,0.23235,-0.74906,NaN,NaN,NaN,NaN,NaN,NaN,NaN,NaN,NaN,NaN,NaN,NaN,NaN,NaN,NaN,NaN,NaN,NaN,NaN,NaN,NaN,
95.621,0.01855,-0.00204,0.13076,0.60405,-0.14479,0.23130,-0.74877,NaN,NaN,NaN,NaN,NaN,NaN,NaN,NaN,NaN,NaN,NaN,NaN,NaN,NaN,NaN,NaN,NaN,NaN,NaN,NaN,NaN,
95.646,0.01854,-0.00209,0.13080,0.60383,-0.14489,0.23168,-0.74882,NaN,NaN,NaN,NaN,NaN,NaN,NaN,NaN,NaN,NaN,NaN,NaN,NaN,NaN,NaN,NaN,NaN,NaN,NaN,NaN,NaN,
95.671,0.01852,-0.00213,0.13081,0.60368,-0.14492,0.23191,-0.74886,NaN,NaN,NaN,NaN,NaN,NaN,NaN,NaN,NaN,NaN,NaN,NaN,NaN,NaN,NaN,NaN,NaN,NaN,NaN,NaN,NaN,
95.696,0.01852,-0.00216,0.13081,0.60357,-0.14502,0.23212,-0.74886,NaN,NaN,NaN,NaN,NaN,NaN,NaN,NaN,NaN,NaN,NaN,NaN,NaN,NaN,NaN,NaN,NaN,NaN,NaN,NaN,NaN,
95.721,0.01854,-0.00212,0.13067,0.60388,-0.14558,0.23202,-0.74854,NaN,NaN,NaN,NaN,NaN,NaN,NaN,NaN,NaN,NaN,NaN,NaN,NaN,NaN,NaN,NaN,NaN,NaN,NaN,NaN,NaN,
95.746,0.01851,-0.00216,0.13060,0.60404,-0.14604,0.23206,-0.74830,NaN,NaN,NaN,NaN,NaN,NaN,NaN,NaN,NaN,NaN,NaN,NaN,NaN,NaN,NaN,NaN,NaN,NaN,NaN,NaN,NaN,
95.771,0.01852,-0.00212,0.13048,0.60430,-0.14609,0.23173,-0.74819,NaN,NaN,NaN,NaN,NaN,NaN,NaN,NaN,NaN,NaN,NaN,NaN,NaN,NaN,NaN,NaN,NaN,NaN,NaN,NaN,NaN,
95.796,0.01855,-0.00205,0.13036,0.60409,-0.14569,0.23178,-0.74842,NaN,NaN,NaN,NaN,NaN,NaN,NaN,NaN,NaN,NaN,NaN,NaN,NaN,NaN,NaN,NaN,NaN,NaN,NaN,NaN,NaN,
95.821,0.01853,-0.00214,0.13031,0.60371,-0.14587,0.23243,-0.74849,NaN,NaN,NaN,NaN,NaN,NaN,NaN,NaN,NaN,NaN,NaN,NaN,NaN,NaN,NaN,NaN,NaN,NaN,NaN,NaN,NaN,
95.846,0.01852,-0.00222,0.13031,0.60313,-0.14601,0.23334,-0.74864,NaN,NaN,NaN,NaN,NaN,NaN,NaN,NaN,NaN,NaN,NaN,NaN,NaN,NaN,NaN,NaN,NaN,NaN,NaN,NaN,NaN,
95.871,0.01858,-0.00229,0.13019,0.60175,-0.14457,0.23443,-0.74969,NaN,NaN,NaN,NaN,NaN,NaN,NaN,NaN,NaN,NaN,NaN,NaN,NaN,NaN,NaN,NaN,NaN,NaN,NaN,NaN,NaN,
95.896,0.01858,-0.00231,0.13009,0.60071,-0.14353,0.23529,-0.75046,NaN,NaN,NaN,NaN,NaN,NaN,NaN,NaN,NaN,NaN,NaN,NaN,NaN,NaN,NaN,NaN,NaN,NaN,NaN,NaN,NaN,
95.921,0.01858,-0.00235,0.13003,0.60023,-0.14314,0.23574,-0.75078,NaN,NaN,NaN,NaN,NaN,NaN,NaN,NaN,NaN,NaN,NaN,NaN,NaN,NaN,NaN,NaN,NaN,NaN,NaN,NaN,NaN,
95.946,0.01856,-0.00239,0.13001,0.59987,-0.14286,0.23607,-0.75101,NaN,NaN,NaN,NaN,NaN,NaN,NaN,NaN,NaN,NaN,NaN,NaN,NaN,NaN,NaN,NaN,NaN,NaN,NaN,NaN,NaN,
95.971,0.01852,-0.00240,0.13005,0.59981,-0.14317,0.23634,-0.75091,NaN,NaN,NaN,NaN,NaN,NaN,NaN,NaN,NaN,NaN,NaN,NaN,NaN,NaN,NaN,NaN,NaN,NaN,NaN,NaN,NaN,
95.996,0.01857,-0.00246,0.12999,0.59941,-0.14266,0.23659,-0.75125,NaN,NaN,NaN,NaN,NaN,NaN,NaN,NaN,NaN,NaN,NaN,NaN,NaN,NaN,NaN,NaN,NaN,NaN,NaN,NaN,NaN,
96.021,0.01853,-0.00263,0.12998,0.59782,-0.14158,0.23819,-0.75222,NaN,NaN,NaN,NaN,NaN,NaN,NaN,NaN,NaN,NaN,NaN,NaN,NaN,NaN,NaN,NaN,NaN,NaN,NaN,NaN,NaN,
96.046,0.01859,-0.00296,0.12989,0.59484,-0.13916,0.24092,-0.75416,NaN,NaN,NaN,NaN,NaN,NaN,NaN,NaN,NaN,NaN,NaN,NaN,NaN,NaN,NaN,NaN,NaN,NaN,NaN,NaN,NaN,
96.071,0.01858,-0.00322,0.12985,0.59250,-0.13744,0.24315,-0.75560,NaN,NaN,NaN,NaN,NaN,NaN,NaN,NaN,NaN,NaN,NaN,NaN,NaN,NaN,NaN,NaN,NaN,NaN,NaN,NaN,NaN,
96.096,0.01858,-0.00331,0.12984,0.59181,-0.13686,0.24375,-0.75605,NaN,NaN,NaN,NaN,NaN,NaN,NaN,NaN,NaN,NaN,NaN,NaN,NaN,NaN,NaN,NaN,NaN,NaN,NaN,NaN,NaN,
96.121,0.01855,-0.00338,0.12983,0.59155,-0.13670,0.24403,-0.75620,NaN,NaN,NaN,NaN,NaN,NaN,NaN,NaN,NaN,NaN,NaN,NaN,NaN,NaN,NaN,NaN,NaN,NaN,NaN,NaN,NaN,
96.146,0.01855,-0.00331,0.12980,0.59142,-0.13619,0.24389,-0.75643,NaN,NaN,NaN,NaN,NaN,NaN,NaN,NaN,NaN,NaN,NaN,NaN,NaN,NaN,NaN,NaN,NaN,NaN,NaN,NaN,NaN,
96.171,0.01856,-0.00332,0.12978,0.59146,-0.13600,0.24373,-0.75649,NaN,NaN,NaN,NaN,NaN,NaN,NaN,NaN,NaN,NaN,NaN,NaN,NaN,NaN,NaN,NaN,NaN,NaN,NaN,NaN,NaN,
96.196,0.01854,-0.00335,0.12981,0.59134,-0.13606,0.24394,-0.75651,NaN,NaN,NaN,NaN,NaN,NaN,NaN,NaN,NaN,NaN,NaN,NaN,NaN,NaN,NaN,NaN,NaN,NaN,NaN,NaN,NaN,
96.221,0.01854,-0.00339,0.12980,0.59130,-0.13580,0.24382,-0.75662,NaN,NaN,NaN,NaN,NaN,NaN,NaN,NaN,NaN,NaN,NaN,NaN,NaN,NaN,NaN,NaN,NaN,NaN,NaN,NaN,NaN,
96.246,0.01854,-0.00337,0.12984,0.59123,-0.13590,0.24398,-0.75660,NaN,NaN,NaN,NaN,NaN,NaN,NaN,NaN,NaN,NaN,NaN,NaN,NaN,NaN,NaN,NaN,NaN,NaN,NaN,NaN,NaN,
96.271,0.01856,-0.00334,0.12980,0.59159,-0.13622,0.24368,-0.75637,NaN,NaN,NaN,NaN,NaN,NaN,NaN,NaN,NaN,NaN,NaN,NaN,NaN,NaN,NaN,NaN,NaN,NaN,NaN,NaN,NaN,
96.296,0.01856,-0.00335,0.12980,0.59137,-0.13593,0.24381,-0.75655,NaN,NaN,NaN,NaN,NaN,NaN,NaN,NaN,NaN,NaN,NaN,NaN,NaN,NaN,NaN,NaN,NaN,NaN,NaN,NaN,NaN,
96.321,0.01855,-0.00352,0.12998,0.58983,-0.13541,0.24563,-0.75725,NaN,NaN,NaN,NaN,NaN,NaN,NaN,NaN,NaN,NaN,NaN,NaN,NaN,NaN,NaN,NaN,NaN,NaN,NaN,NaN,NaN,
96.346,0.01854,-0.00379,0.12996,0.58738,-0.13290,0.24750,-0.75899,NaN,NaN,NaN,NaN,NaN,NaN,NaN,NaN,NaN,NaN,NaN,NaN,NaN,NaN,NaN,NaN,NaN,NaN,NaN,NaN,NaN,
96.371,0.01851,-0.00396,0.12993,0.58603,-0.13117,0.24832,-0.76007,NaN,NaN,NaN,NaN,NaN,NaN,NaN,NaN,NaN,NaN,NaN,NaN,NaN,NaN,NaN,NaN,NaN,NaN,NaN,NaN,NaN,
96.396,0.01849,-0.00405,0.12997,0.58653,-0.13157,0.24786,-0.75976,NaN,NaN,NaN,NaN,NaN,NaN,NaN,NaN,NaN,NaN,NaN,NaN,NaN,NaN,NaN,NaN,NaN,NaN,NaN,NaN,NaN,
96.421,0.01847,-0.00404,0.12997,0.58785,-0.13328,0.24708,-0.75870,NaN,NaN,NaN,NaN,NaN,NaN,NaN,NaN,NaN,NaN,NaN,NaN,NaN,NaN,NaN,NaN,NaN,NaN,NaN,NaN,NaN,
96.446,0.01846,-0.00410,0.12993,0.58743,-0.13276,0.24735,-0.75903,NaN,NaN,NaN,NaN,NaN,NaN,NaN,NaN,NaN,NaN,NaN,NaN,NaN,NaN,NaN,NaN,NaN,NaN,NaN,NaN,NaN,
96.471,0.01849,-0.00417,0.12999,0.58699,-0.13305,0.24814,-0.75906,NaN,NaN,NaN,NaN,NaN,NaN,NaN,NaN,NaN,NaN,NaN,NaN,NaN,NaN,NaN,NaN,NaN,NaN,NaN,NaN,NaN,
96.496,0.01845,-0.00421,0.13000,0.58674,-0.13297,0.24843,-0.75917,NaN,NaN,NaN,NaN,NaN,NaN,NaN,NaN,NaN,NaN,NaN,NaN,NaN,NaN,NaN,NaN,NaN,NaN,NaN,NaN,NaN,
96.521,0.01848,-0.00420,0.12996,0.58610,-0.13226,0.24888,-0.75964,NaN,NaN,NaN,NaN,NaN,NaN,NaN,NaN,NaN,NaN,NaN,NaN,NaN,NaN,NaN,NaN,NaN,NaN,NaN,NaN,NaN,
96.546,0.01855,-0.00438,0.12993,0.58501,-0.13116,0.24971,-0.76040,NaN,NaN,NaN,NaN,NaN,NaN,NaN,NaN,NaN,NaN,NaN,NaN,NaN,NaN,NaN,NaN,NaN,NaN,NaN,NaN,NaN,
96.571,0.01848,-0.00462,0.12997,0.58285,-0.12913,0.25144,-0.76183,NaN,NaN,NaN,NaN,NaN,NaN,NaN,NaN,NaN,NaN,NaN,NaN,NaN,NaN,NaN,NaN,NaN,NaN,NaN,NaN,NaN,
96.596,0.01848,-0.00462,0.12997,0.58285,-0.12913,0.25144,-0.76183,NaN,NaN,NaN,NaN,NaN,NaN,NaN,NaN,NaN,NaN,NaN,NaN,NaN,NaN,NaN,NaN,NaN,NaN,NaN,NaN,NaN,
96.621,0.01840,-0.00477,0.13002,0.58216,-0.12869,0.25212,-0.76221,NaN,NaN,NaN,NaN,NaN,NaN,NaN,NaN,NaN,NaN,NaN,NaN,NaN,NaN,NaN,NaN,NaN,NaN,NaN,NaN,NaN,
96.646,0.01833,-0.00493,0.13007,0.58117,-0.12799,0.25305,-0.76278,NaN,NaN,NaN,NaN,NaN,NaN,NaN,NaN,NaN,NaN,NaN,NaN,NaN,NaN,NaN,NaN,NaN,NaN,NaN,NaN,NaN,
96.671,0.01835,-0.00508,0.13007,0.57988,-0.12701,0.25421,-0.76353,NaN,NaN,NaN,NaN,NaN,NaN,NaN,NaN,NaN,NaN,NaN,NaN,NaN,NaN,NaN,NaN,NaN,NaN,NaN,NaN,NaN,
96.696,0.01837,-0.00520,0.13005,0.57860,-0.12593,0.25530,-0.76432,NaN,NaN,NaN,NaN,NaN,NaN,NaN,NaN,NaN,NaN,NaN,NaN,NaN,NaN,NaN,NaN,NaN,NaN,NaN,NaN,NaN,
96.721,0.01839,-0.00539,0.12999,0.57721,-0.12454,0.25633,-0.76525,NaN,NaN,NaN,NaN,NaN,NaN,NaN,NaN,NaN,NaN,NaN,NaN,NaN,NaN,NaN,NaN,NaN,NaN,NaN,NaN,NaN,
96.746,0.01839,-0.00539,0.12999,0.57721,-0.12454,0.25633,-0.76525,NaN,NaN,NaN,NaN,NaN,NaN,NaN,NaN,NaN,NaN,NaN,NaN,NaN,NaN,NaN,NaN,NaN,NaN,NaN,NaN,NaN,
96.771,0.01830,-0.00575,0.13000,0.57469,-0.12290,0.25875,-0.76660,NaN,NaN,NaN,NaN,NaN,NaN,NaN,NaN,NaN,NaN,NaN,NaN,NaN,NaN,NaN,NaN,NaN,NaN,NaN,NaN,NaN,
96.796,0.01827,-0.00588,0.12997,0.57341,-0.12196,0.25990,-0.76732,NaN,NaN,NaN,NaN,NaN,NaN,NaN,NaN,NaN,NaN,NaN,NaN,NaN,NaN,NaN,NaN,NaN,NaN,NaN,NaN,NaN,
96.821,0.01829,-0.00589,0.12989,0.57273,-0.12075,0.26008,-0.76796,NaN,NaN,NaN,NaN,NaN,NaN,NaN,NaN,NaN,NaN,NaN,NaN,NaN,NaN,NaN,NaN,NaN,NaN,NaN,NaN,NaN,
96.846,0.01811,-0.00606,0.13002,0.57247,-0.12010,0.26002,-0.76827,NaN,NaN,NaN,NaN,NaN,NaN,NaN,NaN,NaN,NaN,NaN,NaN,NaN,NaN,NaN,NaN,NaN,NaN,NaN,NaN,NaN,
96.871,0.01790,-0.00615,0.13011,0.57149,-0.11767,0.25984,-0.76944,NaN,NaN,NaN,NaN,NaN,NaN,NaN,NaN,NaN,NaN,NaN,NaN,NaN,NaN,NaN,NaN,NaN,NaN,NaN,NaN,NaN,
96.896,0.01786,-0.00618,0.13006,0.57056,-0.11558,0.25979,-0.77046,NaN,NaN,NaN,NaN,NaN,NaN,NaN,NaN,NaN,NaN,NaN,NaN,NaN,NaN,NaN,NaN,NaN,NaN,NaN,NaN,NaN,
96.921,0.01786,-0.00631,0.13009,0.56978,-0.11561,0.26086,-0.77067,NaN,NaN,NaN,NaN,NaN,NaN,NaN,NaN,NaN,NaN,NaN,NaN,NaN,NaN,NaN,NaN,NaN,NaN,NaN,NaN,NaN,
96.946,0.01781,-0.00640,0.13013,0.56923,-0.11541,0.26148,-0.77090,NaN,NaN,NaN,NaN,NaN,NaN,NaN,NaN,NaN,NaN,NaN,NaN,NaN,NaN,NaN,NaN,NaN,NaN,NaN,NaN,NaN,
96.971,0.01780,-0.00643,0.13009,0.56904,-0.11503,0.26149,-0.77109,NaN,NaN,NaN,NaN,NaN,NaN,NaN,NaN,NaN,NaN,NaN,NaN,NaN,NaN,NaN,NaN,NaN,NaN,NaN,NaN,NaN,
96.996,0.01783,-0.00644,0.13002,0.56884,-0.11455,0.26146,-0.77132,NaN,NaN,NaN,NaN,NaN,NaN,NaN,NaN,NaN,NaN,NaN,NaN,NaN,NaN,NaN,NaN,NaN,NaN,NaN,NaN,NaN,
97.021,0.01773,-0.00655,0.13005,0.56863,-0.11460,0.26178,-0.77136,NaN,NaN,NaN,NaN,NaN,NaN,NaN,NaN,NaN,NaN,NaN,NaN,NaN,NaN,NaN,NaN,NaN,NaN,NaN,NaN,NaN,
97.046,0.01776,-0.00651,0.13008,0.56891,-0.11512,0.26173,-0.77110,NaN,NaN,NaN,NaN,NaN,NaN,NaN,NaN,NaN,NaN,NaN,NaN,NaN,NaN,NaN,NaN,NaN,NaN,NaN,NaN,NaN,
97.071,0.01776,-0.00651,0.13008,0.56891,-0.11512,0.26173,-0.77110,NaN,NaN,NaN,NaN,NaN,NaN,NaN,NaN,NaN,NaN,NaN,NaN,NaN,NaN,NaN,NaN,NaN,NaN,NaN,NaN,NaN,
97.096,0.01779,-0.00645,0.13005,0.56910,-0.11486,0.26131,-0.77113,NaN,NaN,NaN,NaN,NaN,NaN,NaN,NaN,NaN,NaN,NaN,NaN,NaN,NaN,NaN,NaN,NaN,NaN,NaN,NaN,NaN,
97.121,0.01780,-0.00644,0.13006,0.56911,-0.11505,0.26141,-0.77106,NaN,NaN,NaN,NaN,NaN,NaN,NaN,NaN,NaN,NaN,NaN,NaN,NaN,NaN,NaN,NaN,NaN,NaN,NaN,NaN,NaN,
97.146,0.01779,-0.00645,0.13006,0.56898,-0.11496,0.26154,-0.77114,NaN,NaN,NaN,NaN,NaN,NaN,NaN,NaN,NaN,NaN,NaN,NaN,NaN,NaN,NaN,NaN,NaN,NaN,NaN,NaN,NaN,
97.171,0.01779,-0.00647,0.13006,0.56892,-0.11495,0.26161,-0.77115,NaN,NaN,NaN,NaN,NaN,NaN,NaN,NaN,NaN,NaN,NaN,NaN,NaN,NaN,NaN,NaN,NaN,NaN,NaN,NaN,NaN,
97.196,0.01778,-0.00647,0.13005,0.56888,-0.11491,0.26164,-0.77118,NaN,NaN,NaN,NaN,NaN,NaN,NaN,NaN,NaN,NaN,NaN,NaN,NaN,NaN,NaN,NaN,NaN,NaN,NaN,NaN,NaN,
97.221,0.01778,-0.00647,0.13005,0.56888,-0.11491,0.26164,-0.77118,NaN,NaN,NaN,NaN,NaN,NaN,NaN,NaN,NaN,NaN,NaN,NaN,NaN,NaN,NaN,NaN,NaN,NaN,NaN,NaN,NaN,
97.246,0.01778,-0.00646,0.13004,0.56888,-0.11490,0.26163,-0.77118,NaN,NaN,NaN,NaN,NaN,NaN,NaN,NaN,NaN,NaN,NaN,NaN,NaN,NaN,NaN,NaN,NaN,NaN,NaN,NaN,NaN,
97.271,0.01779,-0.00644,0.13003,0.56887,-0.11484,0.26160,-0.77121,NaN,NaN,NaN,NaN,NaN,NaN,NaN,NaN,NaN,NaN,NaN,NaN,NaN,NaN,NaN,NaN,NaN,NaN,NaN,NaN,NaN,
97.296,0.01779,-0.00645,0.13002,0.56883,-0.11480,0.26163,-0.77123,NaN,NaN,NaN,NaN,NaN,NaN,NaN,NaN,NaN,NaN,NaN,NaN,NaN,NaN,NaN,NaN,NaN,NaN,NaN,NaN,NaN,
97.321,0.01779,-0.00644,0.13002,0.56876,-0.11477,0.26171,-0.77126,NaN,NaN,NaN,NaN,NaN,NaN,NaN,NaN,NaN,NaN,NaN,NaN,NaN,NaN,NaN,NaN,NaN,NaN,NaN,NaN,NaN,
97.346,0.01779,-0.00644,0.13002,0.56876,-0.11477,0.26171,-0.77126,NaN,NaN,NaN,NaN,NaN,NaN,NaN,NaN,NaN,NaN,NaN,NaN,NaN,NaN,NaN,NaN,NaN,NaN,NaN,NaN,NaN,
97.371,0.01779,-0.00644,0.13002,0.56866,-0.11466,0.26178,-0.77133,NaN,NaN,NaN,NaN,NaN,NaN,NaN,NaN,NaN,NaN,NaN,NaN,NaN,NaN,NaN,NaN,NaN,NaN,NaN,NaN,NaN,
97.396,0.01778,-0.00645,0.13002,0.56861,-0.11464,0.26183,-0.77135,NaN,NaN,NaN,NaN,NaN,NaN,NaN,NaN,NaN,NaN,NaN,NaN,NaN,NaN,NaN,NaN,NaN,NaN,NaN,NaN,NaN,
97.421,0.01778,-0.00645,0.13002,0.56861,-0.11464,0.26183,-0.77135,NaN,NaN,NaN,NaN,NaN,NaN,NaN,NaN,NaN,NaN,NaN,NaN,NaN,NaN,NaN,NaN,NaN,NaN,NaN,NaN,NaN,
97.446,0.01778,-0.00646,0.13001,0.56854,-0.11457,0.26188,-0.77140,NaN,NaN,NaN,NaN,NaN,NaN,NaN,NaN,NaN,NaN,NaN,NaN,NaN,NaN,NaN,NaN,NaN,NaN,NaN,NaN,NaN,
97.471,0.01778,-0.00658,0.12997,0.56785,-0.11370,0.26227,-0.77190,NaN,NaN,NaN,NaN,NaN,NaN,NaN,NaN,NaN,NaN,NaN,NaN,NaN,NaN,NaN,NaN,NaN,NaN,NaN,NaN,NaN,
97.496,0.01778,-0.00658,0.12997,0.56785,-0.11370,0.26227,-0.77190,NaN,NaN,NaN,NaN,NaN,NaN,NaN,NaN,NaN,NaN,NaN,NaN,NaN,NaN,NaN,NaN,NaN,NaN,NaN,NaN,NaN,
97.521,0.01757,-0.00729,0.13008,0.56120,-0.10781,0.26746,-0.77582,NaN,NaN,NaN,NaN,NaN,NaN,NaN,NaN,NaN,NaN,NaN,NaN,NaN,NaN,NaN,NaN,NaN,NaN,NaN,NaN,NaN,
97.546,0.01757,-0.00729,0.13008,0.56120,-0.10781,0.26746,-0.77582,NaN,NaN,NaN,NaN,NaN,NaN,NaN,NaN,NaN,NaN,NaN,NaN,NaN,NaN,NaN,NaN,NaN,NaN,NaN,NaN,NaN,
97.571,0.01737,-0.00754,0.13010,0.55841,-0.10317,0.26823,-0.77819,NaN,NaN,NaN,NaN,NaN,NaN,NaN,NaN,NaN,NaN,NaN,NaN,NaN,NaN,NaN,NaN,NaN,NaN,NaN,NaN,NaN,
97.596,0.01736,-0.00766,0.13011,0.55732,-0.10232,0.26913,-0.77878,NaN,NaN,NaN,NaN,NaN,NaN,NaN,NaN,NaN,NaN,NaN,NaN,NaN,NaN,NaN,NaN,NaN,NaN,NaN,NaN,NaN,
97.621,0.01736,-0.00766,0.13011,0.55732,-0.10232,0.26913,-0.77878,NaN,NaN,NaN,NaN,NaN,NaN,NaN,NaN,NaN,NaN,NaN,NaN,NaN,NaN,NaN,NaN,NaN,NaN,NaN,NaN,NaN,
97.646,0.01735,-0.00786,0.13006,0.55488,-0.10018,0.27099,-0.78015,NaN,NaN,NaN,NaN,NaN,NaN,NaN,NaN,NaN,NaN,NaN,NaN,NaN,NaN,NaN,NaN,NaN,NaN,NaN,NaN,NaN,
97.671,0.01730,-0.00812,0.13009,0.55350,-0.09958,0.27243,-0.78071,NaN,NaN,NaN,NaN,NaN,NaN,NaN,NaN,NaN,NaN,NaN,NaN,NaN,NaN,NaN,NaN,NaN,NaN,NaN,NaN,NaN,
97.696,0.01715,-0.00839,0.13015,0.55219,-0.09856,0.27350,-0.78139,NaN,NaN,NaN,NaN,NaN,NaN,NaN,NaN,NaN,NaN,NaN,NaN,NaN,NaN,NaN,NaN,NaN,NaN,NaN,NaN,NaN,
97.721,0.01711,-0.00854,0.13016,0.55072,-0.09711,0.27450,-0.78226,NaN,NaN,NaN,NaN,NaN,NaN,NaN,NaN,NaN,NaN,NaN,NaN,NaN,NaN,NaN,NaN,NaN,NaN,NaN,NaN,NaN,
97.746,0.01707,-0.00859,0.13011,0.54998,-0.09613,0.27485,-0.78278,NaN,NaN,NaN,NaN,NaN,NaN,NaN,NaN,NaN,NaN,NaN,NaN,NaN,NaN,NaN,NaN,NaN,NaN,NaN,NaN,NaN,
97.771,0.01707,-0.00856,0.13010,0.54974,-0.09592,0.27502,-0.78291,NaN,NaN,NaN,NaN,NaN,NaN,NaN,NaN,NaN,NaN,NaN,NaN,NaN,NaN,NaN,NaN,NaN,NaN,NaN,NaN,NaN,
97.796,0.01717,-0.00851,0.13003,0.54979,-0.09559,0.27475,-0.78301,NaN,NaN,NaN,NaN,NaN,NaN,NaN,NaN,NaN,NaN,NaN,NaN,NaN,NaN,NaN,NaN,NaN,NaN,NaN,NaN,NaN,
97.821,0.01716,-0.00853,0.13006,0.54968,-0.09588,0.27507,-0.78294,NaN,NaN,NaN,NaN,NaN,NaN,NaN,NaN,NaN,NaN,NaN,NaN,NaN,NaN,NaN,NaN,NaN,NaN,NaN,NaN,NaN,
97.846,0.01712,-0.00855,0.13009,0.54964,-0.09603,0.27522,-0.78289,NaN,NaN,NaN,NaN,NaN,NaN,NaN,NaN,NaN,NaN,NaN,NaN,NaN,NaN,NaN,NaN,NaN,NaN,NaN,NaN,NaN,
97.871,0.01707,-0.00859,0.13010,0.54976,-0.09615,0.27515,-0.78282,NaN,NaN,NaN,NaN,NaN,NaN,NaN,NaN,NaN,NaN,NaN,NaN,NaN,NaN,NaN,NaN,NaN,NaN,NaN,NaN,NaN,
97.896,0.01703,-0.00859,0.13006,0.54972,-0.09584,0.27500,-0.78294,NaN,NaN,NaN,NaN,NaN,NaN,NaN,NaN,NaN,NaN,NaN,NaN,NaN,NaN,NaN,NaN,NaN,NaN,NaN,NaN,NaN,
97.921,0.01709,-0.00854,0.13007,0.54991,-0.09596,0.27483,-0.78286,NaN,NaN,NaN,NaN,NaN,NaN,NaN,NaN,NaN,NaN,NaN,NaN,NaN,NaN,NaN,NaN,NaN,NaN,NaN,NaN,NaN,
97.946,0.01708,-0.00857,0.13009,0.54974,-0.09596,0.27505,-0.78290,NaN,NaN,NaN,NaN,NaN,NaN,NaN,NaN,NaN,NaN,NaN,NaN,NaN,NaN,NaN,NaN,NaN,NaN,NaN,NaN,NaN,
97.971,0.01709,-0.00857,0.13008,0.54968,-0.09595,0.27512,-0.78291,NaN,NaN,NaN,NaN,NaN,NaN,NaN,NaN,NaN,NaN,NaN,NaN,NaN,NaN,NaN,NaN,NaN,NaN,NaN,NaN,NaN,
97.996,0.01710,-0.00856,0.13008,0.54963,-0.09592,0.27517,-0.78293,NaN,NaN,NaN,NaN,NaN,NaN,NaN,NaN,NaN,NaN,NaN,NaN,NaN,NaN,NaN,NaN,NaN,NaN,NaN,NaN,NaN,
98.021,0.01710,-0.00857,0.13008,0.54958,-0.09592,0.27523,-0.78295,NaN,NaN,NaN,NaN,NaN,NaN,NaN,NaN,NaN,NaN,NaN,NaN,NaN,NaN,NaN,NaN,NaN,NaN,NaN,NaN,NaN,
98.046,0.01708,-0.00857,0.13008,0.54951,-0.09589,0.27530,-0.78298,NaN,NaN,NaN,NaN,NaN,NaN,NaN,NaN,NaN,NaN,NaN,NaN,NaN,NaN,NaN,NaN,NaN,NaN,NaN,NaN,NaN,
98.071,0.01708,-0.00858,0.13008,0.54946,-0.09584,0.27534,-0.78301,NaN,NaN,NaN,NaN,NaN,NaN,NaN,NaN,NaN,NaN,NaN,NaN,NaN,NaN,NaN,NaN,NaN,NaN,NaN,NaN,NaN,
98.096,0.01707,-0.00858,0.13007,0.54938,-0.09576,0.27540,-0.78305,NaN,NaN,NaN,NaN,NaN,NaN,NaN,NaN,NaN,NaN,NaN,NaN,NaN,NaN,NaN,NaN,NaN,NaN,NaN,NaN,NaN,
98.121,0.01708,-0.00858,0.13006,0.54929,-0.09563,0.27543,-0.78312,NaN,NaN,NaN,NaN,NaN,NaN,NaN,NaN,NaN,NaN,NaN,NaN,NaN,NaN,NaN,NaN,NaN,NaN,NaN,NaN,NaN,
98.146,0.01707,-0.00856,0.13005,0.54916,-0.09540,0.27545,-0.78323,NaN,NaN,NaN,NaN,NaN,NaN,NaN,NaN,NaN,NaN,NaN,NaN,NaN,NaN,NaN,NaN,NaN,NaN,NaN,NaN,NaN,
98.171,0.01705,-0.00857,0.13005,0.54906,-0.09516,0.27543,-0.78334,NaN,NaN,NaN,NaN,NaN,NaN,NaN,NaN,NaN,NaN,NaN,NaN,NaN,NaN,NaN,NaN,NaN,NaN,NaN,NaN,NaN,
98.196,0.01699,-0.00865,0.13009,0.54836,-0.09395,0.27557,-0.78392,NaN,NaN,NaN,NaN,NaN,NaN,NaN,NaN,NaN,NaN,NaN,NaN,NaN,NaN,NaN,NaN,NaN,NaN,NaN,NaN,NaN,
98.221,0.01702,-0.00860,0.13005,0.54807,-0.09341,0.27561,-0.78418,NaN,NaN,NaN,NaN,NaN,NaN,NaN,NaN,NaN,NaN,NaN,NaN,NaN,NaN,NaN,NaN,NaN,NaN,NaN,NaN,NaN,
98.246,0.01698,-0.00864,0.13007,0.54770,-0.09319,0.27595,-0.78434,NaN,NaN,NaN,NaN,NaN,NaN,NaN,NaN,NaN,NaN,NaN,NaN,NaN,NaN,NaN,NaN,NaN,NaN,NaN,NaN,NaN,
98.271,0.01694,-0.00873,0.13005,0.54697,-0.09260,0.27652,-0.78472,NaN,NaN,NaN,NaN,NaN,NaN,NaN,NaN,NaN,NaN,NaN,NaN,NaN,NaN,NaN,NaN,NaN,NaN,NaN,NaN,NaN,
98.296,0.01693,-0.00889,0.13003,0.54566,-0.09156,0.27756,-0.78539,NaN,NaN,NaN,NaN,NaN,NaN,NaN,NaN,NaN,NaN,NaN,NaN,NaN,NaN,NaN,NaN,NaN,NaN,NaN,NaN,NaN,
98.321,0.01687,-0.00908,0.13002,0.54440,-0.09024,0.27834,-0.78613,NaN,NaN,NaN,NaN,NaN,NaN,NaN,NaN,NaN,NaN,NaN,NaN,NaN,NaN,NaN,NaN,NaN,NaN,NaN,NaN,NaN,
98.346,0.01680,-0.00920,0.13005,0.54284,-0.08841,0.27919,-0.78712,NaN,NaN,NaN,NaN,NaN,NaN,NaN,NaN,NaN,NaN,NaN,NaN,NaN,NaN,NaN,NaN,NaN,NaN,NaN,NaN,NaN,
98.371,0.01678,-0.00927,0.13000,0.54172,-0.08691,0.27967,-0.78789,NaN,NaN,NaN,NaN,NaN,NaN,NaN,NaN,NaN,NaN,NaN,NaN,NaN,NaN,NaN,NaN,NaN,NaN,NaN,NaN,NaN,
98.396,0.01674,-0.00940,0.13003,0.54095,-0.08664,0.28049,-0.78816,NaN,NaN,NaN,NaN,NaN,NaN,NaN,NaN,NaN,NaN,NaN,NaN,NaN,NaN,NaN,NaN,NaN,NaN,NaN,NaN,NaN,
98.421,0.01668,-0.00946,0.13004,0.54029,-0.08612,0.28101,-0.78848,NaN,NaN,NaN,NaN,NaN,NaN,NaN,NaN,NaN,NaN,NaN,NaN,NaN,NaN,NaN,NaN,NaN,NaN,NaN,NaN,NaN,
98.446,0.01669,-0.00955,0.13002,0.53959,-0.08523,0.28134,-0.78894,NaN,NaN,NaN,NaN,NaN,NaN,NaN,NaN,NaN,NaN,NaN,NaN,NaN,NaN,NaN,NaN,NaN,NaN,NaN,NaN,NaN,
98.471,0.01658,-0.00978,0.13000,0.53659,-0.08249,0.28342,-0.79053,NaN,NaN,NaN,NaN,NaN,NaN,NaN,NaN,NaN,NaN,NaN,NaN,NaN,NaN,NaN,NaN,NaN,NaN,NaN,NaN,NaN,
98.496,0.01639,-0.01039,0.12994,0.53136,-0.07686,0.28644,-0.79353,NaN,NaN,NaN,NaN,NaN,NaN,NaN,NaN,NaN,NaN,NaN,NaN,NaN,NaN,NaN,NaN,NaN,NaN,NaN,NaN,NaN,
98.521,0.01608,-0.01103,0.13011,0.52589,-0.07096,0.28953,-0.79660,NaN,NaN,NaN,NaN,NaN,NaN,NaN,NaN,NaN,NaN,NaN,NaN,NaN,NaN,NaN,NaN,NaN,NaN,NaN,NaN,NaN,
98.546,0.01582,-0.01122,0.12993,0.52300,-0.06586,0.28983,-0.79883,NaN,NaN,NaN,NaN,NaN,NaN,NaN,NaN,NaN,NaN,NaN,NaN,NaN,NaN,NaN,NaN,NaN,NaN,NaN,NaN,NaN,
98.571,0.01582,-0.01129,0.13001,0.52260,-0.06616,0.29053,-0.79882,NaN,NaN,NaN,NaN,NaN,NaN,NaN,NaN,NaN,NaN,NaN,NaN,NaN,NaN,NaN,NaN,NaN,NaN,NaN,NaN,NaN,
98.596,0.01582,-0.01126,0.12995,0.52263,-0.06596,0.29036,-0.79888,NaN,NaN,NaN,NaN,NaN,NaN,NaN,NaN,NaN,NaN,NaN,NaN,NaN,NaN,NaN,NaN,NaN,NaN,NaN,NaN,NaN,
98.621,0.01580,-0.01126,0.13000,0.52242,-0.06603,0.29068,-0.79889,NaN,NaN,NaN,NaN,NaN,NaN,NaN,NaN,NaN,NaN,NaN,NaN,NaN,NaN,NaN,NaN,NaN,NaN,NaN,NaN,NaN,
98.646,0.01583,-0.01122,0.13000,0.52205,-0.06587,0.29102,-0.79902,NaN,NaN,NaN,NaN,NaN,NaN,NaN,NaN,NaN,NaN,NaN,NaN,NaN,NaN,NaN,NaN,NaN,NaN,NaN,NaN,NaN,
98.671,0.01582,-0.01126,0.12999,0.52206,-0.06592,0.29105,-0.79900,NaN,NaN,NaN,NaN,NaN,NaN,NaN,NaN,NaN,NaN,NaN,NaN,NaN,NaN,NaN,NaN,NaN,NaN,NaN,NaN,NaN,
98.696,0.01580,-0.01133,0.13003,0.52199,-0.06619,0.29132,-0.79892,NaN,NaN,NaN,NaN,NaN,NaN,NaN,NaN,NaN,NaN,NaN,NaN,NaN,NaN,NaN,NaN,NaN,NaN,NaN,NaN,NaN,
98.721,0.01578,-0.01135,0.13003,0.52199,-0.06619,0.29131,-0.79893,NaN,NaN,NaN,NaN,NaN,NaN,NaN,NaN,NaN,NaN,NaN,NaN,NaN,NaN,NaN,NaN,NaN,NaN,NaN,NaN,NaN,
98.746,0.01578,-0.01128,0.12996,0.52237,-0.06577,0.29056,-0.79899,NaN,NaN,NaN,NaN,NaN,NaN,NaN,NaN,NaN,NaN,NaN,NaN,NaN,NaN,NaN,NaN,NaN,NaN,NaN,NaN,NaN,
98.771,0.01579,-0.01131,0.12999,0.52204,-0.06572,0.29095,-0.79907,NaN,NaN,NaN,NaN,NaN,NaN,NaN,NaN,NaN,NaN,NaN,NaN,NaN,NaN,NaN,NaN,NaN,NaN,NaN,NaN,NaN,
98.796,0.01576,-0.01153,0.13005,0.52007,-0.06452,0.29263,-0.79983,NaN,NaN,NaN,NaN,NaN,NaN,NaN,NaN,NaN,NaN,NaN,NaN,NaN,NaN,NaN,NaN,NaN,NaN,NaN,NaN,NaN,
98.821,0.01574,-0.01160,0.13009,0.51907,-0.06376,0.29338,-0.80027,NaN,NaN,NaN,NaN,NaN,NaN,NaN,NaN,NaN,NaN,NaN,NaN,NaN,NaN,NaN,NaN,NaN,NaN,NaN,NaN,NaN,
98.846,0.01577,-0.01165,0.13011,0.51848,-0.06333,0.29384,-0.80052,NaN,NaN,NaN,NaN,NaN,NaN,NaN,NaN,NaN,NaN,NaN,NaN,NaN,NaN,NaN,NaN,NaN,NaN,NaN,NaN,NaN,
98.871,0.01576,-0.01175,0.13005,0.51750,-0.06211,0.29426,-0.80109,NaN,NaN,NaN,NaN,NaN,NaN,NaN,NaN,NaN,NaN,NaN,NaN,NaN,NaN,NaN,NaN,NaN,NaN,NaN,NaN,NaN,
98.896,0.01569,-0.01190,0.13014,0.51638,-0.06168,0.29537,-0.80144,NaN,NaN,NaN,NaN,NaN,NaN,NaN,NaN,NaN,NaN,NaN,NaN,NaN,NaN,NaN,NaN,NaN,NaN,NaN,NaN,NaN,
98.921,0.01565,-0.01198,0.13011,0.51602,-0.06107,0.29541,-0.80170,NaN,NaN,NaN,NaN,NaN,NaN,NaN,NaN,NaN,NaN,NaN,NaN,NaN,NaN,NaN,NaN,NaN,NaN,NaN,NaN,NaN,
98.946,0.01566,-0.01198,0.13011,0.51574,-0.06061,0.29546,-0.80190,NaN,NaN,NaN,NaN,NaN,NaN,NaN,NaN,NaN,NaN,NaN,NaN,NaN,NaN,NaN,NaN,NaN,NaN,NaN,NaN,NaN,
98.971,0.01564,-0.01198,0.13008,0.51552,-0.05990,0.29527,-0.80217,NaN,NaN,NaN,NaN,NaN,NaN,NaN,NaN,NaN,NaN,NaN,NaN,NaN,NaN,NaN,NaN,NaN,NaN,NaN,NaN,NaN,
98.996,0.01561,-0.01199,0.13013,0.51556,-0.06022,0.29542,-0.80206,NaN,NaN,NaN,NaN,NaN,NaN,NaN,NaN,NaN,NaN,NaN,NaN,NaN,NaN,NaN,NaN,NaN,NaN,NaN,NaN,NaN,
99.021,0.01562,-0.01201,0.13014,0.51563,-0.06043,0.29548,-0.80198,NaN,NaN,NaN,NaN,NaN,NaN,NaN,NaN,NaN,NaN,NaN,NaN,NaN,NaN,NaN,NaN,NaN,NaN,NaN,NaN,NaN,
99.046,0.01560,-0.01198,0.13009,0.51572,-0.05999,0.29507,-0.80210,NaN,NaN,NaN,NaN,NaN,NaN,NaN,NaN,NaN,NaN,NaN,NaN,NaN,NaN,NaN,NaN,NaN,NaN,NaN,NaN,NaN,
99.071,0.01563,-0.01199,0.13014,0.51539,-0.06002,0.29550,-0.80215,NaN,NaN,NaN,NaN,NaN,NaN,NaN,NaN,NaN,NaN,NaN,NaN,NaN,NaN,NaN,NaN,NaN,NaN,NaN,NaN,NaN,
99.096,0.01561,-0.01201,0.13010,0.51537,-0.05964,0.29528,-0.80228,NaN,NaN,NaN,NaN,NaN,NaN,NaN,NaN,NaN,NaN,NaN,NaN,NaN,NaN,NaN,NaN,NaN,NaN,NaN,NaN,NaN,
99.121,0.01561,-0.01198,0.13010,0.51557,-0.06000,0.29527,-0.80213,NaN,NaN,NaN,NaN,NaN,NaN,NaN,NaN,NaN,NaN,NaN,NaN,NaN,NaN,NaN,NaN,NaN,NaN,NaN,NaN,NaN,
99.146,0.01556,-0.01207,0.13005,0.51460,-0.05877,0.29566,-0.80269,NaN,NaN,NaN,NaN,NaN,NaN,NaN,NaN,NaN,NaN,NaN,NaN,NaN,NaN,NaN,NaN,NaN,NaN,NaN,NaN,NaN,
99.171,0.01558,-0.01226,0.13004,0.51276,-0.05732,0.29699,-0.80349,NaN,NaN,NaN,NaN,NaN,NaN,NaN,NaN,NaN,NaN,NaN,NaN,NaN,NaN,NaN,NaN,NaN,NaN,NaN,NaN,NaN,
99.196,0.01551,-0.01243,0.13006,0.51148,-0.05658,0.29808,-0.80395,NaN,NaN,NaN,NaN,NaN,NaN,NaN,NaN,NaN,NaN,NaN,NaN,NaN,NaN,NaN,NaN,NaN,NaN,NaN,NaN,NaN,
99.221,0.01546,-0.01262,0.13016,0.51048,-0.05560,0.29867,-0.80444,NaN,NaN,NaN,NaN,NaN,NaN,NaN,NaN,NaN,NaN,NaN,NaN,NaN,NaN,NaN,NaN,NaN,NaN,NaN,NaN,NaN,
99.246,0.01523,-0.01247,0.13008,0.50963,-0.05229,0.29750,-0.80563,NaN,NaN,NaN,NaN,NaN,NaN,NaN,NaN,NaN,NaN,NaN,NaN,NaN,NaN,NaN,NaN,NaN,NaN,NaN,NaN,NaN,
99.271,0.01526,-0.01259,0.13015,0.50882,-0.05207,0.29836,-0.80583,NaN,NaN,NaN,NaN,NaN,NaN,NaN,NaN,NaN,NaN,NaN,NaN,NaN,NaN,NaN,NaN,NaN,NaN,NaN,NaN,NaN,
99.296,0.01527,-0.01264,0.13006,0.50817,-0.05119,0.29858,-0.80622,NaN,NaN,NaN,NaN,NaN,NaN,NaN,NaN,NaN,NaN,NaN,NaN,NaN,NaN,NaN,NaN,NaN,NaN,NaN,NaN,NaN,
99.321,0.01519,-0.01285,0.13014,0.50674,-0.05051,0.29988,-0.80668,NaN,NaN,NaN,NaN,NaN,NaN,NaN,NaN,NaN,NaN,NaN,NaN,NaN,NaN,NaN,NaN,NaN,NaN,NaN,NaN,NaN,
99.346,0.01516,-0.01313,0.13013,0.50405,-0.04882,0.30207,-0.80766,NaN,NaN,NaN,NaN,NaN,NaN,NaN,NaN,NaN,NaN,NaN,NaN,NaN,NaN,NaN,NaN,NaN,NaN,NaN,NaN,NaN,
99.371,0.01509,-0.01340,0.13016,0.50154,-0.04669,0.30371,-0.80873,NaN,NaN,NaN,NaN,NaN,NaN,NaN,NaN,NaN,NaN,NaN,NaN,NaN,NaN,NaN,NaN,NaN,NaN,NaN,NaN,NaN,
99.396,0.01487,-0.01350,0.13025,-0.49962,0.04398,-0.30423,0.80987,NaN,NaN,NaN,NaN,NaN,NaN,NaN,NaN,NaN,NaN,NaN,NaN,NaN,NaN,NaN,NaN,NaN,NaN,NaN,NaN,NaN,
99.421,0.01473,-0.01362,0.13020,-0.49829,0.04190,-0.30446,0.81072,NaN,NaN,NaN,NaN,NaN,NaN,NaN,NaN,NaN,NaN,NaN,NaN,NaN,NaN,NaN,NaN,NaN,NaN,NaN,NaN,NaN,
99.446,0.01470,-0.01370,0.13024,-0.49792,0.04173,-0.30480,0.81082,NaN,NaN,NaN,NaN,NaN,NaN,NaN,NaN,NaN,NaN,NaN,NaN,NaN,NaN,NaN,NaN,NaN,NaN,NaN,NaN,NaN,
99.471,0.01468,-0.01375,0.13026,-0.49731,0.04151,-0.30538,0.81099,NaN,NaN,NaN,NaN,NaN,NaN,NaN,NaN,NaN,NaN,NaN,NaN,NaN,NaN,NaN,NaN,NaN,NaN,NaN,NaN,NaN,
99.496,0.01472,-0.01377,0.13028,-0.49709,0.04159,-0.30571,0.81100,NaN,NaN,NaN,NaN,NaN,NaN,NaN,NaN,NaN,NaN,NaN,NaN,NaN,NaN,NaN,NaN,NaN,NaN,NaN,NaN,NaN,
99.521,0.01471,-0.01382,0.13025,-0.49682,0.04132,-0.30586,0.81112,NaN,NaN,NaN,NaN,NaN,NaN,NaN,NaN,NaN,NaN,NaN,NaN,NaN,NaN,NaN,NaN,NaN,NaN,NaN,NaN,NaN,
99.546,0.01466,-0.01385,0.13019,-0.49618,0.04053,-0.30610,0.81146,NaN,NaN,NaN,NaN,NaN,NaN,NaN,NaN,NaN,NaN,NaN,NaN,NaN,NaN,NaN,NaN,NaN,NaN,NaN,NaN,NaN,
99.571,0.01466,-0.01383,0.13014,-0.49614,0.04016,-0.30590,0.81158,NaN,NaN,NaN,NaN,NaN,NaN,NaN,NaN,NaN,NaN,NaN,NaN,NaN,NaN,NaN,NaN,NaN,NaN,NaN,NaN,NaN,
99.596,0.01459,-0.01391,0.13018,-0.49592,0.04040,-0.30633,0.81154,NaN,NaN,NaN,NaN,NaN,NaN,NaN,NaN,NaN,NaN,NaN,NaN,NaN,NaN,NaN,NaN,NaN,NaN,NaN,NaN,NaN,
99.621,0.01461,-0.01378,0.13019,-0.49692,0.04081,-0.30539,0.81126,NaN,NaN,NaN,NaN,NaN,NaN,NaN,NaN,NaN,NaN,NaN,NaN,NaN,NaN,NaN,NaN,NaN,NaN,NaN,NaN,NaN,
99.646,0.01461,-0.01383,0.13019,-0.49651,0.04066,-0.30578,0.81137,NaN,NaN,NaN,NaN,NaN,NaN,NaN,NaN,NaN,NaN,NaN,NaN,NaN,NaN,NaN,NaN,NaN,NaN,NaN,NaN,NaN,
99.671,0.01459,-0.01387,0.13017,-0.49619,0.04048,-0.30606,0.81147,NaN,NaN,NaN,NaN,NaN,NaN,NaN,NaN,NaN,NaN,NaN,NaN,NaN,NaN,NaN,NaN,NaN,NaN,NaN,NaN,NaN,
99.696,0.01458,-0.01388,0.13014,-0.49589,0.04025,-0.30626,0.81159,NaN,NaN,NaN,NaN,NaN,NaN,NaN,NaN,NaN,NaN,NaN,NaN,NaN,NaN,NaN,NaN,NaN,NaN,NaN,NaN,NaN,
99.721,0.01456,-0.01391,0.13011,-0.49560,0.04000,-0.30645,0.81171,NaN,NaN,NaN,NaN,NaN,NaN,NaN,NaN,NaN,NaN,NaN,NaN,NaN,NaN,NaN,NaN,NaN,NaN,NaN,NaN,NaN,
99.746,0.01453,-0.01393,0.13006,-0.49526,0.03972,-0.30668,0.81185,NaN,NaN,NaN,NaN,NaN,NaN,NaN,NaN,NaN,NaN,NaN,NaN,NaN,NaN,NaN,NaN,NaN,NaN,NaN,NaN,NaN,
99.771,0.01451,-0.01395,0.13001,-0.49491,0.03945,-0.30692,0.81198,NaN,NaN,NaN,NaN,NaN,NaN,NaN,NaN,NaN,NaN,NaN,NaN,NaN,NaN,NaN,NaN,NaN,NaN,NaN,NaN,NaN,
99.796,0.01446,-0.01397,0.12995,-0.49460,0.03900,-0.30698,0.81216,NaN,NaN,NaN,NaN,NaN,NaN,NaN,NaN,NaN,NaN,NaN,NaN,NaN,NaN,NaN,NaN,NaN,NaN,NaN,NaN,NaN,
99.821,0.01442,-0.01399,0.12990,-0.49421,0.03858,-0.30717,0.81235,NaN,NaN,NaN,NaN,NaN,NaN,NaN,NaN,NaN,NaN,NaN,NaN,NaN,NaN,NaN,NaN,NaN,NaN,NaN,NaN,NaN,
99.846,0.01439,-0.01401,0.12984,-0.49384,0.03813,-0.30731,0.81254,NaN,NaN,NaN,NaN,NaN,NaN,NaN,NaN,NaN,NaN,NaN,NaN,NaN,NaN,NaN,NaN,NaN,NaN,NaN,NaN,NaN,
99.871,0.01428,-0.01410,0.12953,-0.49174,0.03529,-0.30792,0.81371,NaN,NaN,NaN,NaN,NaN,NaN,NaN,NaN,NaN,NaN,NaN,NaN,NaN,NaN,NaN,NaN,NaN,NaN,NaN,NaN,NaN,
99.896,0.01431,-0.01412,0.12954,-0.49132,0.03506,-0.30828,0.81384,NaN,NaN,NaN,NaN,NaN,NaN,NaN,NaN,NaN,NaN,NaN,NaN,NaN,NaN,NaN,NaN,NaN,NaN,NaN,NaN,NaN,
99.921,0.01431,-0.01416,0.12953,-0.49106,0.03480,-0.30842,0.81396,NaN,NaN,NaN,NaN,NaN,NaN,NaN,NaN,NaN,NaN,NaN,NaN,NaN,NaN,NaN,NaN,NaN,NaN,NaN,NaN,NaN,
99.946,0.01426,-0.01417,0.12953,-0.49077,0.03448,-0.30855,0.81410,NaN,NaN,NaN,NaN,NaN,NaN,NaN,NaN,NaN,NaN,NaN,NaN,NaN,NaN,NaN,NaN,NaN,NaN,NaN,NaN,NaN,
99.971,0.01433,-0.01416,0.12947,-0.49074,0.03424,-0.30842,0.81417,NaN,NaN,NaN,NaN,NaN,NaN,NaN,NaN,NaN,NaN,NaN,NaN,NaN,NaN,NaN,NaN,NaN,NaN,NaN,NaN,NaN,
99.996,0.01425,-0.01416,0.12945,-0.49060,0.03384,-0.30831,0.81431,NaN,NaN,NaN,NaN,NaN,NaN,NaN,NaN,NaN,NaN,NaN,NaN,NaN,NaN,NaN,NaN,NaN,NaN,NaN,NaN,NaN,
100.021,0.01424,-0.01413,0.12953,-0.49136,0.03477,-0.30804,0.81392,NaN,NaN,NaN,NaN,NaN,NaN,NaN,NaN,NaN,NaN,NaN,NaN,NaN,NaN,NaN,NaN,NaN,NaN,NaN,NaN,NaN,
100.046,0.01425,-0.01416,0.12952,-0.49110,0.03463,-0.30826,0.81400,NaN,NaN,NaN,NaN,NaN,NaN,NaN,NaN,NaN,NaN,NaN,NaN,NaN,NaN,NaN,NaN,NaN,NaN,NaN,NaN,NaN,
100.071,0.01425,-0.01416,0.12950,-0.49089,0.03434,-0.30831,0.81412,NaN,NaN,NaN,NaN,NaN,NaN,NaN,NaN,NaN,NaN,NaN,NaN,NaN,NaN,NaN,NaN,NaN,NaN,NaN,NaN,NaN,
100.096,0.01425,-0.01416,0.12949,-0.49067,0.03417,-0.30846,0.81420,NaN,NaN,NaN,NaN,NaN,NaN,NaN,NaN,NaN,NaN,NaN,NaN,NaN,NaN,NaN,NaN,NaN,NaN,NaN,NaN,NaN,
100.121,0.01425,-0.01418,0.12949,-0.49050,0.03402,-0.30857,0.81427,NaN,NaN,NaN,NaN,NaN,NaN,NaN,NaN,NaN,NaN,NaN,NaN,NaN,NaN,NaN,NaN,NaN,NaN,NaN,NaN,NaN,
100.146,0.01424,-0.01418,0.12948,-0.49033,0.03387,-0.30867,0.81434,NaN,NaN,NaN,NaN,NaN,NaN,NaN,NaN,NaN,NaN,NaN,NaN,NaN,NaN,NaN,NaN,NaN,NaN,NaN,NaN,NaN,
100.171,0.01424,-0.01419,0.12948,-0.49018,0.03371,-0.30875,0.81441,NaN,NaN,NaN,NaN,NaN,NaN,NaN,NaN,NaN,NaN,NaN,NaN,NaN,NaN,NaN,NaN,NaN,NaN,NaN,NaN,NaN,
100.196,0.01418,-0.01429,0.12944,-0.48916,0.03225,-0.30897,0.81500,NaN,NaN,NaN,NaN,NaN,NaN,NaN,NaN,NaN,NaN,NaN,NaN,NaN,NaN,NaN,NaN,NaN,NaN,NaN,NaN,NaN,
100.221,0.01408,-0.01447,0.12959,-0.48687,0.02987,-0.31010,0.81603,NaN,NaN,NaN,NaN,NaN,NaN,NaN,NaN,NaN,NaN,NaN,NaN,NaN,NaN,NaN,NaN,NaN,NaN,NaN,NaN,NaN,
100.246,0.01385,-0.01458,0.12960,-0.48437,0.02588,-0.31037,0.81755,NaN,NaN,NaN,NaN,NaN,NaN,NaN,NaN,NaN,NaN,NaN,NaN,NaN,NaN,NaN,NaN,NaN,NaN,NaN,NaN,NaN,
100.271,0.01380,-0.01467,0.12964,-0.48293,0.02375,-0.31063,0.81837,NaN,NaN,NaN,NaN,NaN,NaN,NaN,NaN,NaN,NaN,NaN,NaN,NaN,NaN,NaN,NaN,NaN,NaN,NaN,NaN,NaN,
100.296,0.01380,-0.01471,0.12963,-0.48197,0.02241,-0.31085,0.81889,NaN,NaN,NaN,NaN,NaN,NaN,NaN,NaN,NaN,NaN,NaN,NaN,NaN,NaN,NaN,NaN,NaN,NaN,NaN,NaN,NaN,
100.321,0.01380,-0.01478,0.12974,-0.48092,0.02178,-0.31168,0.81921,NaN,NaN,NaN,NaN,NaN,NaN,NaN,NaN,NaN,NaN,NaN,NaN,NaN,NaN,NaN,NaN,NaN,NaN,NaN,NaN,NaN,
100.346,0.01377,-0.01483,0.12979,-0.47969,0.02046,-0.31222,0.81975,NaN,NaN,NaN,NaN,NaN,NaN,NaN,NaN,NaN,NaN,NaN,NaN,NaN,NaN,NaN,NaN,NaN,NaN,NaN,NaN,NaN,
100.371,0.01372,-0.01492,0.12985,-0.47892,0.01953,-0.31250,0.82012,NaN,NaN,NaN,NaN,NaN,NaN,NaN,NaN,NaN,NaN,NaN,NaN,NaN,NaN,NaN,NaN,NaN,NaN,NaN,NaN,NaN,
100.396,0.01381,-0.01499,0.12991,-0.47814,0.01893,-0.31302,0.82039,NaN,NaN,NaN,NaN,NaN,NaN,NaN,NaN,NaN,NaN,NaN,NaN,NaN,NaN,NaN,NaN,NaN,NaN,NaN,NaN,NaN,
100.421,0.01372,-0.01504,0.12998,-0.47701,0.01769,-0.31349,0.82089,NaN,NaN,NaN,NaN,NaN,NaN,NaN,NaN,NaN,NaN,NaN,NaN,NaN,NaN,NaN,NaN,NaN,NaN,NaN,NaN,NaN,
100.446,0.01370,-0.01509,0.13006,-0.47632,0.01719,-0.31398,0.82112,NaN,NaN,NaN,NaN,NaN,NaN,NaN,NaN,NaN,NaN,NaN,NaN,NaN,NaN,NaN,NaN,NaN,NaN,NaN,NaN,NaN,
100.471,0.01375,-0.01518,0.13009,-0.47589,0.01678,-0.31420,0.82129,NaN,NaN,NaN,NaN,NaN,NaN,NaN,NaN,NaN,NaN,NaN,NaN,NaN,NaN,NaN,NaN,NaN,NaN,NaN,NaN,NaN,
100.496,0.01374,-0.01519,0.13010,-0.47522,0.01589,-0.31438,0.82163,NaN,NaN,NaN,NaN,NaN,NaN,NaN,NaN,NaN,NaN,NaN,NaN,NaN,NaN,NaN,NaN,NaN,NaN,NaN,NaN,NaN,
100.521,0.01374,-0.01519,0.13012,-0.47475,0.01544,-0.31463,0.82182,NaN,NaN,NaN,NaN,NaN,NaN,NaN,NaN,NaN,NaN,NaN,NaN,NaN,NaN,NaN,NaN,NaN,NaN,NaN,NaN,NaN,
100.546,0.01372,-0.01523,0.13013,-0.47461,0.01541,-0.31477,0.82184,NaN,NaN,NaN,NaN,NaN,NaN,NaN,NaN,NaN,NaN,NaN,NaN,NaN,NaN,NaN,NaN,NaN,NaN,NaN,NaN,NaN,
100.571,0.01372,-0.01525,0.13012,-0.47453,0.01525,-0.31476,0.82190,NaN,NaN,NaN,NaN,NaN,NaN,NaN,NaN,NaN,NaN,NaN,NaN,NaN,NaN,NaN,NaN,NaN,NaN,NaN,NaN,NaN,
100.596,0.01369,-0.01525,0.13010,-0.47430,0.01490,-0.31478,0.82203,NaN,NaN,NaN,NaN,NaN,NaN,NaN,NaN,NaN,NaN,NaN,NaN,NaN,NaN,NaN,NaN,NaN,NaN,NaN,NaN,NaN,
100.621,0.01371,-0.01531,0.13014,-0.47392,0.01483,-0.31519,0.82209,NaN,NaN,NaN,NaN,NaN,NaN,NaN,NaN,NaN,NaN,NaN,NaN,NaN,NaN,NaN,NaN,NaN,NaN,NaN,NaN,NaN,
100.646,0.01366,-0.01533,0.13009,-0.47344,0.01393,-0.31513,0.82241,NaN,NaN,NaN,NaN,NaN,NaN,NaN,NaN,NaN,NaN,NaN,NaN,NaN,NaN,NaN,NaN,NaN,NaN,NaN,NaN,NaN,
100.671,0.01367,-0.01534,0.13013,-0.47329,0.01404,-0.31539,0.82239,NaN,NaN,NaN,NaN,NaN,NaN,NaN,NaN,NaN,NaN,NaN,NaN,NaN,NaN,NaN,NaN,NaN,NaN,NaN,NaN,NaN,
100.696,0.01365,-0.01537,0.13013,-0.47327,0.01392,-0.31533,0.82243,NaN,NaN,NaN,NaN,NaN,NaN,NaN,NaN,NaN,NaN,NaN,NaN,NaN,NaN,NaN,NaN,NaN,NaN,NaN,NaN,NaN,
100.721,0.01371,-0.01533,0.13010,-0.47287,0.01350,-0.31551,0.82260,NaN,NaN,NaN,NaN,NaN,NaN,NaN,NaN,NaN,NaN,NaN,NaN,NaN,NaN,NaN,NaN,NaN,NaN,NaN,NaN,NaN,
100.746,0.01365,-0.01535,0.13009,-0.47237,0.01305,-0.31579,0.82279,NaN,NaN,NaN,NaN,NaN,NaN,NaN,NaN,NaN,NaN,NaN,NaN,NaN,NaN,NaN,NaN,NaN,NaN,NaN,NaN,NaN,
100.771,0.01367,-0.01543,0.13007,-0.47185,0.01254,-0.31604,0.82299,NaN,NaN,NaN,NaN,NaN,NaN,NaN,NaN,NaN,NaN,NaN,NaN,NaN,NaN,NaN,NaN,NaN,NaN,NaN,NaN,NaN,
100.796,0.01353,-0.01556,0.13016,-0.47158,0.01066,-0.31504,0.82356,NaN,NaN,NaN,NaN,NaN,NaN,NaN,NaN,NaN,NaN,NaN,NaN,NaN,NaN,NaN,NaN,NaN,NaN,NaN,NaN,NaN,
100.821,0.01288,-0.01560,0.13010,-0.46880,0.00427,-0.31384,0.82566,NaN,NaN,NaN,NaN,NaN,NaN,NaN,NaN,NaN,NaN,NaN,NaN,NaN,NaN,NaN,NaN,NaN,NaN,NaN,NaN,NaN,
100.846,0.01291,-0.01575,0.13015,-0.46829,0.00377,-0.31408,0.82586,NaN,NaN,NaN,NaN,NaN,NaN,NaN,NaN,NaN,NaN,NaN,NaN,NaN,NaN,NaN,NaN,NaN,NaN,NaN,NaN,NaN,
100.871,0.01284,-0.01578,0.13015,-0.46748,0.00308,-0.31455,0.82614,NaN,NaN,NaN,NaN,NaN,NaN,NaN,NaN,NaN,NaN,NaN,NaN,NaN,NaN,NaN,NaN,NaN,NaN,NaN,NaN,NaN,
100.896,0.01290,-0.01585,0.13021,-0.46662,0.00294,-0.31547,0.82628,NaN,NaN,NaN,NaN,NaN,NaN,NaN,NaN,NaN,NaN,NaN,NaN,NaN,NaN,NaN,NaN,NaN,NaN,NaN,NaN,NaN,
100.921,0.01289,-0.01595,0.13015,-0.46616,0.00251,-0.31571,0.82645,NaN,NaN,NaN,NaN,NaN,NaN,NaN,NaN,NaN,NaN,NaN,NaN,NaN,NaN,NaN,NaN,NaN,NaN,NaN,NaN,NaN,
100.946,0.01285,-0.01598,0.13013,-0.46547,0.00188,-0.31608,0.82670,NaN,NaN,NaN,NaN,NaN,NaN,NaN,NaN,NaN,NaN,NaN,NaN,NaN,NaN,NaN,NaN,NaN,NaN,NaN,NaN,NaN,
100.971,0.01283,-0.01605,0.13012,-0.46517,0.00164,-0.31625,0.82680,NaN,NaN,NaN,NaN,NaN,NaN,NaN,NaN,NaN,NaN,NaN,NaN,NaN,NaN,NaN,NaN,NaN,NaN,NaN,NaN,NaN,
100.996,0.01282,-0.01606,0.13010,-0.46448,0.00103,-0.31664,0.82704,NaN,NaN,NaN,NaN,NaN,NaN,NaN,NaN,NaN,NaN,NaN,NaN,NaN,NaN,NaN,NaN,NaN,NaN,NaN,NaN,NaN,
101.021,0.01280,-0.01609,0.13004,-0.46369,-0.00022,-0.31668,0.82747,NaN,NaN,NaN,NaN,NaN,NaN,NaN,NaN,NaN,NaN,NaN,NaN,NaN,NaN,NaN,NaN,NaN,NaN,NaN,NaN,NaN,
101.046,0.01272,-0.01621,0.13008,-0.46236,-0.00203,-0.31696,0.82811,NaN,NaN,NaN,NaN,NaN,NaN,NaN,NaN,NaN,NaN,NaN,NaN,NaN,NaN,NaN,NaN,NaN,NaN,NaN,NaN,NaN,
101.071,0.01250,-0.01631,0.13007,-0.46089,-0.00443,-0.31697,0.82891,NaN,NaN,NaN,NaN,NaN,NaN,NaN,NaN,NaN,NaN,NaN,NaN,NaN,NaN,NaN,NaN,NaN,NaN,NaN,NaN,NaN,
101.096,0.01244,-0.01639,0.13004,-0.45990,-0.00578,-0.31716,0.82938,NaN,NaN,NaN,NaN,NaN,NaN,NaN,NaN,NaN,NaN,NaN,NaN,NaN,NaN,NaN,NaN,NaN,NaN,NaN,NaN,NaN,
101.121,0.01238,-0.01657,0.12998,-0.45818,-0.00741,-0.31801,0.82999,NaN,NaN,NaN,NaN,NaN,NaN,NaN,NaN,NaN,NaN,NaN,NaN,NaN,NaN,NaN,NaN,NaN,NaN,NaN,NaN,NaN,
101.146,0.01218,-0.01671,0.12995,-0.45626,-0.01007,-0.31834,0.83089,NaN,NaN,NaN,NaN,NaN,NaN,NaN,NaN,NaN,NaN,NaN,NaN,NaN,NaN,NaN,NaN,NaN,NaN,NaN,NaN,NaN,
101.171,0.01207,-0.01692,0.12997,-0.45371,-0.01302,-0.31920,0.83192,NaN,NaN,NaN,NaN,NaN,NaN,NaN,NaN,NaN,NaN,NaN,NaN,NaN,NaN,NaN,NaN,NaN,NaN,NaN,NaN,NaN,
101.196,0.01183,-0.01713,0.12998,-0.45086,-0.01638,-0.32008,0.83307,NaN,NaN,NaN,NaN,NaN,NaN,NaN,NaN,NaN,NaN,NaN,NaN,NaN,NaN,NaN,NaN,NaN,NaN,NaN,NaN,NaN,
101.221,0.01156,-0.01736,0.12984,-0.44817,-0.02014,-0.32047,0.83429,NaN,NaN,NaN,NaN,NaN,NaN,NaN,NaN,NaN,NaN,NaN,NaN,NaN,NaN,NaN,NaN,NaN,NaN,NaN,NaN,NaN,
101.247,0.01131,-0.01772,0.12984,-0.44333,-0.02503,-0.32250,0.83596,NaN,NaN,NaN,NaN,NaN,NaN,NaN,NaN,NaN,NaN,NaN,NaN,NaN,NaN,NaN,NaN,NaN,NaN,NaN,NaN,NaN,
101.271,0.01074,-0.01797,0.12980,-0.44021,-0.03014,-0.32234,0.83750,NaN,NaN,NaN,NaN,NaN,NaN,NaN,NaN,NaN,NaN,NaN,NaN,NaN,NaN,NaN,NaN,NaN,NaN,NaN,NaN,NaN,
101.296,0.01074,-0.01808,0.12977,-0.43969,-0.03135,-0.32205,0.83784,NaN,NaN,NaN,NaN,NaN,NaN,NaN,NaN,NaN,NaN,NaN,NaN,NaN,NaN,NaN,NaN,NaN,NaN,NaN,NaN,NaN,
101.321,0.01067,-0.01813,0.12968,-0.43867,-0.03248,-0.32239,0.83820,NaN,NaN,NaN,NaN,NaN,NaN,NaN,NaN,NaN,NaN,NaN,NaN,NaN,NaN,NaN,NaN,NaN,NaN,NaN,NaN,NaN,
101.346,0.01062,-0.01816,0.12971,-0.43831,-0.03310,-0.32235,0.83838,NaN,NaN,NaN,NaN,NaN,NaN,NaN,NaN,NaN,NaN,NaN,NaN,NaN,NaN,NaN,NaN,NaN,NaN,NaN,NaN,NaN,
101.371,0.01055,-0.01824,0.12972,-0.43727,-0.03485,-0.32225,0.83889,NaN,NaN,NaN,NaN,NaN,NaN,NaN,NaN,NaN,NaN,NaN,NaN,NaN,NaN,NaN,NaN,NaN,NaN,NaN,NaN,NaN,
101.396,0.01036,-0.01831,0.12966,-0.43434,-0.03934,-0.32227,0.84020,NaN,NaN,NaN,NaN,NaN,NaN,NaN,NaN,NaN,NaN,NaN,NaN,NaN,NaN,NaN,NaN,NaN,NaN,NaN,NaN,NaN,
101.421,0.01016,-0.01833,0.12954,-0.43234,-0.04317,-0.32171,0.84126,NaN,NaN,NaN,NaN,NaN,NaN,NaN,NaN,NaN,NaN,NaN,NaN,NaN,NaN,NaN,NaN,NaN,NaN,NaN,NaN,NaN,
101.446,0.01019,-0.01845,0.12962,-0.43099,-0.04408,-0.32256,0.84158,NaN,NaN,NaN,NaN,NaN,NaN,NaN,NaN,NaN,NaN,NaN,NaN,NaN,NaN,NaN,NaN,NaN,NaN,NaN,NaN,NaN,
101.471,0.01013,-0.01849,0.12949,-0.43003,-0.04566,-0.32248,0.84202,NaN,NaN,NaN,NaN,NaN,NaN,NaN,NaN,NaN,NaN,NaN,NaN,NaN,NaN,NaN,NaN,NaN,NaN,NaN,NaN,NaN,
101.496,0.01016,-0.01849,0.12938,-0.42988,-0.04642,-0.32209,0.84221,NaN,NaN,NaN,NaN,NaN,NaN,NaN,NaN,NaN,NaN,NaN,NaN,NaN,NaN,NaN,NaN,NaN,NaN,NaN,NaN,NaN,
101.521,0.01012,-0.01847,0.12938,-0.42954,-0.04722,-0.32187,0.84242,NaN,NaN,NaN,NaN,NaN,NaN,NaN,NaN,NaN,NaN,NaN,NaN,NaN,NaN,NaN,NaN,NaN,NaN,NaN,NaN,NaN,
101.546,0.00998,-0.01853,0.12938,-0.42843,-0.04907,-0.32175,0.84292,NaN,NaN,NaN,NaN,NaN,NaN,NaN,NaN,NaN,NaN,NaN,NaN,NaN,NaN,NaN,NaN,NaN,NaN,NaN,NaN,NaN,
101.571,0.00989,-0.01848,0.12926,-0.42807,-0.05114,-0.32060,0.84342,NaN,NaN,NaN,NaN,NaN,NaN,NaN,NaN,NaN,NaN,NaN,NaN,NaN,NaN,NaN,NaN,NaN,NaN,NaN,NaN,NaN,
101.596,0.00986,-0.01852,0.12928,-0.42750,-0.05190,-0.32068,0.84364,NaN,NaN,NaN,NaN,NaN,NaN,NaN,NaN,NaN,NaN,NaN,NaN,NaN,NaN,NaN,NaN,NaN,NaN,NaN,NaN,NaN,
101.621,0.00980,-0.01856,0.12922,-0.42672,-0.05293,-0.32078,0.84392,NaN,NaN,NaN,NaN,NaN,NaN,NaN,NaN,NaN,NaN,NaN,NaN,NaN,NaN,NaN,NaN,NaN,NaN,NaN,NaN,NaN,
101.646,0.00980,-0.01856,0.12925,-0.42649,-0.05313,-0.32089,0.84399,NaN,NaN,NaN,NaN,NaN,NaN,NaN,NaN,NaN,NaN,NaN,NaN,NaN,NaN,NaN,NaN,NaN,NaN,NaN,NaN,NaN,
101.671,0.00982,-0.01857,0.12922,-0.42628,-0.05347,-0.32087,0.84408,NaN,NaN,NaN,NaN,NaN,NaN,NaN,NaN,NaN,NaN,NaN,NaN,NaN,NaN,NaN,NaN,NaN,NaN,NaN,NaN,NaN,
101.696,0.00977,-0.01860,0.12922,-0.42622,-0.05377,-0.32071,0.84415,NaN,NaN,NaN,NaN,NaN,NaN,NaN,NaN,NaN,NaN,NaN,NaN,NaN,NaN,NaN,NaN,NaN,NaN,NaN,NaN,NaN,
101.721,0.00981,-0.01862,0.12924,-0.42617,-0.05381,-0.32075,0.84416,NaN,NaN,NaN,NaN,NaN,NaN,NaN,NaN,NaN,NaN,NaN,NaN,NaN,NaN,NaN,NaN,NaN,NaN,NaN,NaN,NaN,
101.746,0.00978,-0.01859,0.12920,-0.42609,-0.05400,-0.32069,0.84421,NaN,NaN,NaN,NaN,NaN,NaN,NaN,NaN,NaN,NaN,NaN,NaN,NaN,NaN,NaN,NaN,NaN,NaN,NaN,NaN,NaN,
101.771,0.00975,-0.01858,0.12927,-0.42587,-0.05357,-0.32126,0.84413,NaN,NaN,NaN,NaN,NaN,NaN,NaN,NaN,NaN,NaN,NaN,NaN,NaN,NaN,NaN,NaN,NaN,NaN,NaN,NaN,NaN,
101.796,0.00978,-0.01858,0.12923,-0.42649,-0.05326,-0.32079,0.84401,NaN,NaN,NaN,NaN,NaN,NaN,NaN,NaN,NaN,NaN,NaN,NaN,NaN,NaN,NaN,NaN,NaN,NaN,NaN,NaN,NaN,
101.821,0.00978,-0.01858,0.12924,-0.42627,-0.05338,-0.32095,0.84406,NaN,NaN,NaN,NaN,NaN,NaN,NaN,NaN,NaN,NaN,NaN,NaN,NaN,NaN,NaN,NaN,NaN,NaN,NaN,NaN,NaN,
101.846,0.00980,-0.01858,0.12925,-0.42615,-0.05338,-0.32109,0.84407,NaN,NaN,NaN,NaN,NaN,NaN,NaN,NaN,NaN,NaN,NaN,NaN,NaN,NaN,NaN,NaN,NaN,NaN,NaN,NaN,NaN,
101.871,0.00980,-0.01858,0.12926,-0.42609,-0.05335,-0.32118,0.84406,NaN,NaN,NaN,NaN,NaN,NaN,NaN,NaN,NaN,NaN,NaN,NaN,NaN,NaN,NaN,NaN,NaN,NaN,NaN,NaN,NaN,
101.896,0.00975,-0.01858,0.12923,-0.42594,-0.05361,-0.32115,0.84413,NaN,NaN,NaN,NaN,NaN,NaN,NaN,NaN,NaN,NaN,NaN,NaN,NaN,NaN,NaN,NaN,NaN,NaN,NaN,NaN,NaN,
101.921,0.00972,-0.01868,0.12936,-0.42389,-0.05612,-0.32159,0.84484,NaN,NaN,NaN,NaN,NaN,NaN,NaN,NaN,NaN,NaN,NaN,NaN,NaN,NaN,NaN,NaN,NaN,NaN,NaN,NaN,NaN,
101.946,0.00938,-0.01886,0.12950,-0.42096,-0.06273,-0.31987,0.84649,NaN,NaN,NaN,NaN,NaN,NaN,NaN,NaN,NaN,NaN,NaN,NaN,NaN,NaN,NaN,NaN,NaN,NaN,NaN,NaN,NaN,
101.971,0.00875,-0.01882,0.12945,-0.41826,-0.06980,-0.31749,0.84817,NaN,NaN,NaN,NaN,NaN,NaN,NaN,NaN,NaN,NaN,NaN,NaN,NaN,NaN,NaN,NaN,NaN,NaN,NaN,NaN,NaN,
101.996,0.00885,-0.01884,0.12959,-0.41755,-0.07086,-0.31748,0.84843,NaN,NaN,NaN,NaN,NaN,NaN,NaN,NaN,NaN,NaN,NaN,NaN,NaN,NaN,NaN,NaN,NaN,NaN,NaN,NaN,NaN,
102.021,0.00892,-0.01888,0.12969,-0.41628,-0.07211,-0.31794,0.84878,NaN,NaN,NaN,NaN,NaN,NaN,NaN,NaN,NaN,NaN,NaN,NaN,NaN,NaN,NaN,NaN,NaN,NaN,NaN,NaN,NaN,
102.046,0.00888,-0.01892,0.12972,-0.41565,-0.07345,-0.31762,0.84909,NaN,NaN,NaN,NaN,NaN,NaN,NaN,NaN,NaN,NaN,NaN,NaN,NaN,NaN,NaN,NaN,NaN,NaN,NaN,NaN,NaN,
102.071,0.00882,-0.01904,0.12976,-0.41489,-0.07481,-0.31743,0.84942,NaN,NaN,NaN,NaN,NaN,NaN,NaN,NaN,NaN,NaN,NaN,NaN,NaN,NaN,NaN,NaN,NaN,NaN,NaN,NaN,NaN,
102.096,0.00882,-0.01906,0.12986,-0.41433,-0.07570,-0.31736,0.84964,NaN,NaN,NaN,NaN,NaN,NaN,NaN,NaN,NaN,NaN,NaN,NaN,NaN,NaN,NaN,NaN,NaN,NaN,NaN,NaN,NaN,
102.121,0.00875,-0.01909,0.12985,-0.41370,-0.07661,-0.31736,0.84986,NaN,NaN,NaN,NaN,NaN,NaN,NaN,NaN,NaN,NaN,NaN,NaN,NaN,NaN,NaN,NaN,NaN,NaN,NaN,NaN,NaN,
102.146,0.00875,-0.01906,0.12986,-0.41351,-0.07706,-0.31723,0.84996,NaN,NaN,NaN,NaN,NaN,NaN,NaN,NaN,NaN,NaN,NaN,NaN,NaN,NaN,NaN,NaN,NaN,NaN,NaN,NaN,NaN,
102.171,0.00870,-0.01907,0.12988,-0.41334,-0.07753,-0.31706,0.85007,NaN,NaN,NaN,NaN,NaN,NaN,NaN,NaN,NaN,NaN,NaN,NaN,NaN,NaN,NaN,NaN,NaN,NaN,NaN,NaN,NaN,
102.196,0.00870,-0.01908,0.12987,-0.41315,-0.07825,-0.31671,0.85022,NaN,NaN,NaN,NaN,NaN,NaN,NaN,NaN,NaN,NaN,NaN,NaN,NaN,NaN,NaN,NaN,NaN,NaN,NaN,NaN,NaN,
102.221,0.00871,-0.01909,0.12993,-0.41268,-0.07850,-0.31704,0.85030,NaN,NaN,NaN,NaN,NaN,NaN,NaN,NaN,NaN,NaN,NaN,NaN,NaN,NaN,NaN,NaN,NaN,NaN,NaN,NaN,NaN,
102.246,0.00871,-0.01911,0.12994,-0.41261,-0.07841,-0.31719,0.85029,NaN,NaN,NaN,NaN,NaN,NaN,NaN,NaN,NaN,NaN,NaN,NaN,NaN,NaN,NaN,NaN,NaN,NaN,NaN,NaN,NaN,
102.271,0.00872,-0.01911,0.12993,-0.41262,-0.07852,-0.31710,0.85031,NaN,NaN,NaN,NaN,NaN,NaN,NaN,NaN,NaN,NaN,NaN,NaN,NaN,NaN,NaN,NaN,NaN,NaN,NaN,NaN,NaN,
102.296,0.00870,-0.01911,0.12986,-0.41267,-0.07883,-0.31680,0.85037,NaN,NaN,NaN,NaN,NaN,NaN,NaN,NaN,NaN,NaN,NaN,NaN,NaN,NaN,NaN,NaN,NaN,NaN,NaN,NaN,NaN,
102.321,0.00872,-0.01912,0.12991,-0.41259,-0.07868,-0.31700,0.85035,NaN,NaN,NaN,NaN,NaN,NaN,NaN,NaN,NaN,NaN,NaN,NaN,NaN,NaN,NaN,NaN,NaN,NaN,NaN,NaN,NaN,
102.346,0.00869,-0.01909,0.12988,-0.41290,-0.07836,-0.31691,0.85026,NaN,NaN,NaN,NaN,NaN,NaN,NaN,NaN,NaN,NaN,NaN,NaN,NaN,NaN,NaN,NaN,NaN,NaN,NaN,NaN,NaN,
102.371,0.00867,-0.01910,0.12988,-0.41275,-0.07859,-0.31690,0.85032,NaN,NaN,NaN,NaN,NaN,NaN,NaN,NaN,NaN,NaN,NaN,NaN,NaN,NaN,NaN,NaN,NaN,NaN,NaN,NaN,NaN,
102.396,0.00867,-0.01910,0.12988,-0.41259,-0.07884,-0.31687,0.85038,NaN,NaN,NaN,NaN,NaN,NaN,NaN,NaN,NaN,NaN,NaN,NaN,NaN,NaN,NaN,NaN,NaN,NaN,NaN,NaN,NaN,
102.421,0.00868,-0.01912,0.12989,-0.41243,-0.07899,-0.31694,0.85042,NaN,NaN,NaN,NaN,NaN,NaN,NaN,NaN,NaN,NaN,NaN,NaN,NaN,NaN,NaN,NaN,NaN,NaN,NaN,NaN,NaN,
102.446,0.00865,-0.01913,0.12991,-0.41223,-0.07919,-0.31701,0.85047,NaN,NaN,NaN,NaN,NaN,NaN,NaN,NaN,NaN,NaN,NaN,NaN,NaN,NaN,NaN,NaN,NaN,NaN,NaN,NaN,NaN,
102.471,0.00857,-0.01918,0.12997,-0.41110,-0.08099,-0.31688,0.85090,NaN,NaN,NaN,NaN,NaN,NaN,NaN,NaN,NaN,NaN,NaN,NaN,NaN,NaN,NaN,NaN,NaN,NaN,NaN,NaN,NaN,
102.496,0.00849,-0.01915,0.12989,-0.41098,-0.08243,-0.31588,0.85119,NaN,NaN,NaN,NaN,NaN,NaN,NaN,NaN,NaN,NaN,NaN,NaN,NaN,NaN,NaN,NaN,NaN,NaN,NaN,NaN,NaN,
102.521,0.00843,-0.01919,0.12994,-0.41051,-0.08312,-0.31587,0.85135,NaN,NaN,NaN,NaN,NaN,NaN,NaN,NaN,NaN,NaN,NaN,NaN,NaN,NaN,NaN,NaN,NaN,NaN,NaN,NaN,NaN,
102.546,0.00842,-0.01921,0.12992,-0.41035,-0.08361,-0.31566,0.85146,NaN,NaN,NaN,NaN,NaN,NaN,NaN,NaN,NaN,NaN,NaN,NaN,NaN,NaN,NaN,NaN,NaN,NaN,NaN,NaN,NaN,
102.571,0.00842,-0.01920,0.12994,-0.40994,-0.08393,-0.31588,0.85154,NaN,NaN,NaN,NaN,NaN,NaN,NaN,NaN,NaN,NaN,NaN,NaN,NaN,NaN,NaN,NaN,NaN,NaN,NaN,NaN,NaN,
102.596,0.00840,-0.01921,0.12996,-0.40976,-0.08438,-0.31573,0.85164,NaN,NaN,NaN,NaN,NaN,NaN,NaN,NaN,NaN,NaN,NaN,NaN,NaN,NaN,NaN,NaN,NaN,NaN,NaN,NaN,NaN,
102.621,0.00831,-0.01922,0.12995,-0.40929,-0.08535,-0.31549,0.85186,NaN,NaN,NaN,NaN,NaN,NaN,NaN,NaN,NaN,NaN,NaN,NaN,NaN,NaN,NaN,NaN,NaN,NaN,NaN,NaN,NaN,
102.646,0.00831,-0.01920,0.12990,-0.40936,-0.08594,-0.31494,0.85197,NaN,NaN,NaN,NaN,NaN,NaN,NaN,NaN,NaN,NaN,NaN,NaN,NaN,NaN,NaN,NaN,NaN,NaN,NaN,NaN,NaN,
102.671,0.00826,-0.01920,0.12994,-0.40902,-0.08625,-0.31509,0.85205,NaN,NaN,NaN,NaN,NaN,NaN,NaN,NaN,NaN,NaN,NaN,NaN,NaN,NaN,NaN,NaN,NaN,NaN,NaN,NaN,NaN,
102.696,0.00828,-0.01920,0.12984,-0.40890,-0.08727,-0.31441,0.85225,NaN,NaN,NaN,NaN,NaN,NaN,NaN,NaN,NaN,NaN,NaN,NaN,NaN,NaN,NaN,NaN,NaN,NaN,NaN,NaN,NaN,
102.721,0.00820,-0.01924,0.12993,-0.40775,-0.08983,-0.31369,0.85280,NaN,NaN,NaN,NaN,NaN,NaN,NaN,NaN,NaN,NaN,NaN,NaN,NaN,NaN,NaN,NaN,NaN,NaN,NaN,NaN,NaN,
102.746,0.00785,-0.01939,0.13001,-0.40530,-0.09450,-0.31273,0.85382,NaN,NaN,NaN,NaN,NaN,NaN,NaN,NaN,NaN,NaN,NaN,NaN,NaN,NaN,NaN,NaN,NaN,NaN,NaN,NaN,NaN,
102.771,0.00763,-0.01934,0.12992,-0.40441,-0.09771,-0.31116,0.85445,NaN,NaN,NaN,NaN,NaN,NaN,NaN,NaN,NaN,NaN,NaN,NaN,NaN,NaN,NaN,NaN,NaN,NaN,NaN,NaN,NaN,
102.796,0.00759,-0.01938,0.12989,-0.40319,-0.09952,-0.31108,0.85484,NaN,NaN,NaN,NaN,NaN,NaN,NaN,NaN,NaN,NaN,NaN,NaN,NaN,NaN,NaN,NaN,NaN,NaN,NaN,NaN,NaN,
102.821,0.00744,-0.01946,0.12985,-0.40221,-0.10108,-0.31094,0.85518,NaN,NaN,NaN,NaN,NaN,NaN,NaN,NaN,NaN,NaN,NaN,NaN,NaN,NaN,NaN,NaN,NaN,NaN,NaN,NaN,NaN,
102.846,0.00733,-0.01957,0.12976,-0.40165,-0.10206,-0.31078,0.85538,NaN,NaN,NaN,NaN,NaN,NaN,NaN,NaN,NaN,NaN,NaN,NaN,NaN,NaN,NaN,NaN,NaN,NaN,NaN,NaN,NaN,
102.871,0.00736,-0.01966,0.12990,-0.40094,-0.10287,-0.31093,0.85557,NaN,NaN,NaN,NaN,NaN,NaN,NaN,NaN,NaN,NaN,NaN,NaN,NaN,NaN,NaN,NaN,NaN,NaN,NaN,NaN,NaN,
102.896,0.00736,-0.01966,0.12990,-0.40094,-0.10287,-0.31093,0.85557,NaN,NaN,NaN,NaN,NaN,NaN,NaN,NaN,NaN,NaN,NaN,NaN,NaN,NaN,NaN,NaN,NaN,NaN,NaN,NaN,NaN,
102.921,0.00706,-0.01979,0.12988,-0.39828,-0.10713,-0.31046,0.85645,NaN,NaN,NaN,NaN,NaN,NaN,NaN,NaN,NaN,NaN,NaN,NaN,NaN,NaN,NaN,NaN,NaN,NaN,NaN,NaN,NaN,
102.946,0.00695,-0.01986,0.12986,-0.39748,-0.10819,-0.31051,0.85667,NaN,NaN,NaN,NaN,NaN,NaN,NaN,NaN,NaN,NaN,NaN,NaN,NaN,NaN,NaN,NaN,NaN,NaN,NaN,NaN,NaN,
102.971,0.00700,-0.01992,0.12987,-0.39721,-0.10839,-0.31064,0.85672,NaN,NaN,NaN,NaN,NaN,NaN,NaN,NaN,NaN,NaN,NaN,NaN,NaN,NaN,NaN,NaN,NaN,NaN,NaN,NaN,NaN,
102.996,0.00693,-0.02001,0.12984,-0.39623,-0.10912,-0.31115,0.85690,NaN,NaN,NaN,NaN,NaN,NaN,NaN,NaN,NaN,NaN,NaN,NaN,NaN,NaN,NaN,NaN,NaN,NaN,NaN,NaN,NaN,
103.021,0.00689,-0.02003,0.12981,-0.39590,-0.10983,-0.31094,0.85704,NaN,NaN,NaN,NaN,NaN,NaN,NaN,NaN,NaN,NaN,NaN,NaN,NaN,NaN,NaN,NaN,NaN,NaN,NaN,NaN,NaN,
103.046,0.00671,-0.02014,0.12988,-0.39449,-0.11197,-0.31078,0.85747,NaN,NaN,NaN,NaN,NaN,NaN,NaN,NaN,NaN,NaN,NaN,NaN,NaN,NaN,NaN,NaN,NaN,NaN,NaN,NaN,NaN,
103.071,0.00645,-0.02017,0.12986,-0.39337,-0.11467,-0.30983,0.85797,NaN,NaN,NaN,NaN,NaN,NaN,NaN,NaN,NaN,NaN,NaN,NaN,NaN,NaN,NaN,NaN,NaN,NaN,NaN,NaN,NaN,
103.096,0.00643,-0.02020,0.12982,-0.39277,-0.11565,-0.30970,0.85816,NaN,NaN,NaN,NaN,NaN,NaN,NaN,NaN,NaN,NaN,NaN,NaN,NaN,NaN,NaN,NaN,NaN,NaN,NaN,NaN,NaN,
103.121,0.00642,-0.02022,0.12977,-0.39251,-0.11616,-0.30957,0.85826,NaN,NaN,NaN,NaN,NaN,NaN,NaN,NaN,NaN,NaN,NaN,NaN,NaN,NaN,NaN,NaN,NaN,NaN,NaN,NaN,NaN,
103.146,0.00638,-0.02029,0.12978,-0.39175,-0.11685,-0.30986,0.85841,NaN,NaN,NaN,NaN,NaN,NaN,NaN,NaN,NaN,NaN,NaN,NaN,NaN,NaN,NaN,NaN,NaN,NaN,NaN,NaN,NaN,
103.171,0.00643,-0.02032,0.12977,-0.39163,-0.11720,-0.30970,0.85847,NaN,NaN,NaN,NaN,NaN,NaN,NaN,NaN,NaN,NaN,NaN,NaN,NaN,NaN,NaN,NaN,NaN,NaN,NaN,NaN,NaN,
103.196,0.00633,-0.02035,0.12974,-0.39099,-0.11793,-0.30983,0.85862,NaN,NaN,NaN,NaN,NaN,NaN,NaN,NaN,NaN,NaN,NaN,NaN,NaN,NaN,NaN,NaN,NaN,NaN,NaN,NaN,NaN,
103.221,0.00635,-0.02038,0.12976,-0.39093,-0.11823,-0.30965,0.85867,NaN,NaN,NaN,NaN,NaN,NaN,NaN,NaN,NaN,NaN,NaN,NaN,NaN,NaN,NaN,NaN,NaN,NaN,NaN,NaN,NaN,
103.246,0.00626,-0.02039,0.12975,-0.39040,-0.11912,-0.30950,0.85884,NaN,NaN,NaN,NaN,NaN,NaN,NaN,NaN,NaN,NaN,NaN,NaN,NaN,NaN,NaN,NaN,NaN,NaN,NaN,NaN,NaN,
103.271,0.00615,-0.02042,0.12977,-0.38976,-0.12068,-0.30894,0.85912,NaN,NaN,NaN,NaN,NaN,NaN,NaN,NaN,NaN,NaN,NaN,NaN,NaN,NaN,NaN,NaN,NaN,NaN,NaN,NaN,NaN,
103.296,0.00596,-0.02045,0.12982,-0.38885,-0.12297,-0.30807,0.85952,NaN,NaN,NaN,NaN,NaN,NaN,NaN,NaN,NaN,NaN,NaN,NaN,NaN,NaN,NaN,NaN,NaN,NaN,NaN,NaN,NaN,
103.321,0.00592,-0.02044,0.12980,-0.38856,-0.12449,-0.30713,0.85976,NaN,NaN,NaN,NaN,NaN,NaN,NaN,NaN,NaN,NaN,NaN,NaN,NaN,NaN,NaN,NaN,NaN,NaN,NaN,NaN,NaN,
103.346,0.00586,-0.02049,0.12978,-0.38798,-0.12550,-0.30695,0.85995,NaN,NaN,NaN,NaN,NaN,NaN,NaN,NaN,NaN,NaN,NaN,NaN,NaN,NaN,NaN,NaN,NaN,NaN,NaN,NaN,NaN,
103.371,0.00582,-0.02052,0.12974,-0.38770,-0.12653,-0.30640,0.86012,NaN,NaN,NaN,NaN,NaN,NaN,NaN,NaN,NaN,NaN,NaN,NaN,NaN,NaN,NaN,NaN,NaN,NaN,NaN,NaN,NaN,
103.396,0.00570,-0.02060,0.12976,-0.38657,-0.12825,-0.30623,0.86043,NaN,NaN,NaN,NaN,NaN,NaN,NaN,NaN,NaN,NaN,NaN,NaN,NaN,NaN,NaN,NaN,NaN,NaN,NaN,NaN,NaN,
103.421,0.00560,-0.02061,0.12977,-0.38631,-0.12926,-0.30569,0.86059,NaN,NaN,NaN,NaN,NaN,NaN,NaN,NaN,NaN,NaN,NaN,NaN,NaN,NaN,NaN,NaN,NaN,NaN,NaN,NaN,NaN,
103.446,0.00559,-0.02062,0.12976,-0.38616,-0.12966,-0.30551,0.86066,NaN,NaN,NaN,NaN,NaN,NaN,NaN,NaN,NaN,NaN,NaN,NaN,NaN,NaN,NaN,NaN,NaN,NaN,NaN,NaN,NaN,
103.471,0.00558,-0.02065,0.12977,-0.38577,-0.13008,-0.30560,0.86074,NaN,NaN,NaN,NaN,NaN,NaN,NaN,NaN,NaN,NaN,NaN,NaN,NaN,NaN,NaN,NaN,NaN,NaN,NaN,NaN,NaN,
103.496,0.00555,-0.02065,0.12973,-0.38564,-0.13069,-0.30523,0.86083,NaN,NaN,NaN,NaN,NaN,NaN,NaN,NaN,NaN,NaN,NaN,NaN,NaN,NaN,NaN,NaN,NaN,NaN,NaN,NaN,NaN,
103.521,0.00545,-0.02074,0.12977,-0.38458,-0.13222,-0.30514,0.86111,NaN,NaN,NaN,NaN,NaN,NaN,NaN,NaN,NaN,NaN,NaN,NaN,NaN,NaN,NaN,NaN,NaN,NaN,NaN,NaN,NaN,
103.546,0.00533,-0.02068,0.12974,-0.38453,-0.13330,-0.30430,0.86126,NaN,NaN,NaN,NaN,NaN,NaN,NaN,NaN,NaN,NaN,NaN,NaN,NaN,NaN,NaN,NaN,NaN,NaN,NaN,NaN,NaN,
103.571,0.00534,-0.02071,0.12970,-0.38382,-0.13397,-0.30452,0.86139,NaN,NaN,NaN,NaN,NaN,NaN,NaN,NaN,NaN,NaN,NaN,NaN,NaN,NaN,NaN,NaN,NaN,NaN,NaN,NaN,NaN,
103.596,0.00527,-0.02077,0.12969,-0.38270,-0.13515,-0.30479,0.86162,NaN,NaN,NaN,NaN,NaN,NaN,NaN,NaN,NaN,NaN,NaN,NaN,NaN,NaN,NaN,NaN,NaN,NaN,NaN,NaN,NaN,
103.621,0.00525,-0.02084,0.12972,-0.38213,-0.13620,-0.30454,0.86179,NaN,NaN,NaN,NaN,NaN,NaN,NaN,NaN,NaN,NaN,NaN,NaN,NaN,NaN,NaN,NaN,NaN,NaN,NaN,NaN,NaN,
103.646,0.00510,-0.02087,0.12974,-0.38109,-0.13831,-0.30393,0.86213,NaN,NaN,NaN,NaN,NaN,NaN,NaN,NaN,NaN,NaN,NaN,NaN,NaN,NaN,NaN,NaN,NaN,NaN,NaN,NaN,NaN,
103.671,0.00492,-0.02086,0.12966,-0.38065,-0.13999,-0.30299,0.86238,NaN,NaN,NaN,NaN,NaN,NaN,NaN,NaN,NaN,NaN,NaN,NaN,NaN,NaN,NaN,NaN,NaN,NaN,NaN,NaN,NaN,
103.696,0.00489,-0.02091,0.12967,-0.38012,-0.14046,-0.30319,0.86247,NaN,NaN,NaN,NaN,NaN,NaN,NaN,NaN,NaN,NaN,NaN,NaN,NaN,NaN,NaN,NaN,NaN,NaN,NaN,NaN,NaN,
103.721,0.00489,-0.02094,0.12969,-0.37970,-0.14084,-0.30333,0.86254,NaN,NaN,NaN,NaN,NaN,NaN,NaN,NaN,NaN,NaN,NaN,NaN,NaN,NaN,NaN,NaN,NaN,NaN,NaN,NaN,NaN,
103.746,0.00487,-0.02094,0.12968,-0.37950,-0.14154,-0.30296,0.86265,NaN,NaN,NaN,NaN,NaN,NaN,NaN,NaN,NaN,NaN,NaN,NaN,NaN,NaN,NaN,NaN,NaN,NaN,NaN,NaN,NaN,
103.771,0.00480,-0.02103,0.12976,-0.37861,-0.14320,-0.30255,0.86291,NaN,NaN,NaN,NaN,NaN,NaN,NaN,NaN,NaN,NaN,NaN,NaN,NaN,NaN,NaN,NaN,NaN,NaN,NaN,NaN,NaN,
103.796,0.00457,-0.02103,0.12963,-0.37795,-0.14532,-0.30149,0.86322,NaN,NaN,NaN,NaN,NaN,NaN,NaN,NaN,NaN,NaN,NaN,NaN,NaN,NaN,NaN,NaN,NaN,NaN,NaN,NaN,NaN,
103.821,0.00457,-0.02106,0.12966,-0.37777,-0.14556,-0.30149,0.86326,NaN,NaN,NaN,NaN,NaN,NaN,NaN,NaN,NaN,NaN,NaN,NaN,NaN,NaN,NaN,NaN,NaN,NaN,NaN,NaN,NaN,
103.846,0.00458,-0.02109,0.12962,-0.37765,-0.14589,-0.30134,0.86330,NaN,NaN,NaN,NaN,NaN,NaN,NaN,NaN,NaN,NaN,NaN,NaN,NaN,NaN,NaN,NaN,NaN,NaN,NaN,NaN,NaN,
103.871,0.00453,-0.02112,0.12962,-0.37698,-0.14662,-0.30146,0.86343,NaN,NaN,NaN,NaN,NaN,NaN,NaN,NaN,NaN,NaN,NaN,NaN,NaN,NaN,NaN,NaN,NaN,NaN,NaN,NaN,NaN,
103.896,0.00444,-0.02112,0.12963,-0.37668,-0.14762,-0.30095,0.86357,NaN,NaN,NaN,NaN,NaN,NaN,NaN,NaN,NaN,NaN,NaN,NaN,NaN,NaN,NaN,NaN,NaN,NaN,NaN,NaN,NaN,
103.921,0.00429,-0.02117,0.12964,-0.37561,-0.14950,-0.30053,0.86386,NaN,NaN,NaN,NaN,NaN,NaN,NaN,NaN,NaN,NaN,NaN,NaN,NaN,NaN,NaN,NaN,NaN,NaN,NaN,NaN,NaN,
103.946,0.00421,-0.02117,0.12965,-0.37513,-0.15087,-0.29989,0.86405,NaN,NaN,NaN,NaN,NaN,NaN,NaN,NaN,NaN,NaN,NaN,NaN,NaN,NaN,NaN,NaN,NaN,NaN,NaN,NaN,NaN,
103.971,0.00422,-0.02120,0.12964,-0.37498,-0.15144,-0.29957,0.86413,NaN,NaN,NaN,NaN,NaN,NaN,NaN,NaN,NaN,NaN,NaN,NaN,NaN,NaN,NaN,NaN,NaN,NaN,NaN,NaN,NaN,
103.996,0.00422,-0.02124,0.12964,-0.37448,-0.15217,-0.29949,0.86424,NaN,NaN,NaN,NaN,NaN,NaN,NaN,NaN,NaN,NaN,NaN,NaN,NaN,NaN,NaN,NaN,NaN,NaN,NaN,NaN,NaN,
104.021,0.00413,-0.02128,0.12959,-0.37431,-0.15315,-0.29884,0.86437,NaN,NaN,NaN,NaN,NaN,NaN,NaN,NaN,NaN,NaN,NaN,NaN,NaN,NaN,NaN,NaN,NaN,NaN,NaN,NaN,NaN,
104.046,0.00404,-0.02128,0.12962,-0.37399,-0.15499,-0.29763,0.86460,NaN,NaN,NaN,NaN,NaN,NaN,NaN,NaN,NaN,NaN,NaN,NaN,NaN,NaN,NaN,NaN,NaN,NaN,NaN,NaN,NaN,
104.071,0.00373,-0.02130,0.12961,-0.37276,-0.15763,-0.29671,0.86497,NaN,NaN,NaN,NaN,NaN,NaN,NaN,NaN,NaN,NaN,NaN,NaN,NaN,NaN,NaN,NaN,NaN,NaN,NaN,NaN,NaN,
104.096,0.00371,-0.02130,0.12960,-0.37280,-0.15841,-0.29600,0.86505,NaN,NaN,NaN,NaN,NaN,NaN,NaN,NaN,NaN,NaN,NaN,NaN,NaN,NaN,NaN,NaN,NaN,NaN,NaN,NaN,NaN,
104.121,0.00367,-0.02132,0.12963,-0.37238,-0.15899,-0.29595,0.86514,NaN,NaN,NaN,NaN,NaN,NaN,NaN,NaN,NaN,NaN,NaN,NaN,NaN,NaN,NaN,NaN,NaN,NaN,NaN,NaN,NaN,
104.146,0.00366,-0.02133,0.12963,-0.37223,-0.15975,-0.29547,0.86523,NaN,NaN,NaN,NaN,NaN,NaN,NaN,NaN,NaN,NaN,NaN,NaN,NaN,NaN,NaN,NaN,NaN,NaN,NaN,NaN,NaN,
104.171,0.00363,-0.02137,0.12960,-0.37193,-0.16064,-0.29502,0.86534,NaN,NaN,NaN,NaN,NaN,NaN,NaN,NaN,NaN,NaN,NaN,NaN,NaN,NaN,NaN,NaN,NaN,NaN,NaN,NaN,NaN,
104.196,0.00355,-0.02139,0.12963,-0.37142,-0.16169,-0.29469,0.86549,NaN,NaN,NaN,NaN,NaN,NaN,NaN,NaN,NaN,NaN,NaN,NaN,NaN,NaN,NaN,NaN,NaN,NaN,NaN,NaN,NaN,
104.221,0.00344,-0.02141,0.12959,-0.37075,-0.16311,-0.29420,0.86567,NaN,NaN,NaN,NaN,NaN,NaN,NaN,NaN,NaN,NaN,NaN,NaN,NaN,NaN,NaN,NaN,NaN,NaN,NaN,NaN,NaN,
104.246,0.00336,-0.02146,0.12957,-0.37022,-0.16411,-0.29392,0.86581,NaN,NaN,NaN,NaN,NaN,NaN,NaN,NaN,NaN,NaN,NaN,NaN,NaN,NaN,NaN,NaN,NaN,NaN,NaN,NaN,NaN,
104.271,0.00332,-0.02146,0.12961,-0.36992,-0.16449,-0.29392,0.86586,NaN,NaN,NaN,NaN,NaN,NaN,NaN,NaN,NaN,NaN,NaN,NaN,NaN,NaN,NaN,NaN,NaN,NaN,NaN,NaN,NaN,
104.296,0.00330,-0.02149,0.12956,-0.36982,-0.16504,-0.29355,0.86592,NaN,NaN,NaN,NaN,NaN,NaN,NaN,NaN,NaN,NaN,NaN,NaN,NaN,NaN,NaN,NaN,NaN,NaN,NaN,NaN,NaN,
104.321,0.00323,-0.02153,0.12963,-0.36938,-0.16607,-0.29314,0.86605,NaN,NaN,NaN,NaN,NaN,NaN,NaN,NaN,NaN,NaN,NaN,NaN,NaN,NaN,NaN,NaN,NaN,NaN,NaN,NaN,NaN,
104.346,0.00311,-0.02154,0.12962,-0.36870,-0.16776,-0.29242,0.86626,NaN,NaN,NaN,NaN,NaN,NaN,NaN,NaN,NaN,NaN,NaN,NaN,NaN,NaN,NaN,NaN,NaN,NaN,NaN,NaN,NaN,
104.371,0.00312,-0.02156,0.12961,-0.36884,-0.16843,-0.29168,0.86632,NaN,NaN,NaN,NaN,NaN,NaN,NaN,NaN,NaN,NaN,NaN,NaN,NaN,NaN,NaN,NaN,NaN,NaN,NaN,NaN,NaN,
104.396,0.00305,-0.02157,0.12958,-0.36842,-0.16911,-0.29155,0.86641,NaN,NaN,NaN,NaN,NaN,NaN,NaN,NaN,NaN,NaN,NaN,NaN,NaN,NaN,NaN,NaN,NaN,NaN,NaN,NaN,NaN,
104.421,0.00304,-0.02157,0.12961,-0.36829,-0.16943,-0.29142,0.86645,NaN,NaN,NaN,NaN,NaN,NaN,NaN,NaN,NaN,NaN,NaN,NaN,NaN,NaN,NaN,NaN,NaN,NaN,NaN,NaN,NaN,
104.446,0.00297,-0.02158,0.12955,-0.36825,-0.17030,-0.29069,0.86654,NaN,NaN,NaN,NaN,NaN,NaN,NaN,NaN,NaN,NaN,NaN,NaN,NaN,NaN,NaN,NaN,NaN,NaN,NaN,NaN,NaN,
104.471,0.00288,-0.02165,0.12962,-0.36741,-0.17197,-0.29016,0.86675,NaN,NaN,NaN,NaN,NaN,NaN,NaN,NaN,NaN,NaN,NaN,NaN,NaN,NaN,NaN,NaN,NaN,NaN,NaN,NaN,NaN,
104.496,0.00269,-0.02163,0.12958,-0.36701,-0.17367,-0.28910,0.86693,NaN,NaN,NaN,NaN,NaN,NaN,NaN,NaN,NaN,NaN,NaN,NaN,NaN,NaN,NaN,NaN,NaN,NaN,NaN,NaN,NaN,
104.521,0.00266,-0.02168,0.12956,-0.36685,-0.17416,-0.28884,0.86698,NaN,NaN,NaN,NaN,NaN,NaN,NaN,NaN,NaN,NaN,NaN,NaN,NaN,NaN,NaN,NaN,NaN,NaN,NaN,NaN,NaN,
104.546,0.00264,-0.02169,0.12957,-0.36663,-0.17496,-0.28839,0.86707,NaN,NaN,NaN,NaN,NaN,NaN,NaN,NaN,NaN,NaN,NaN,NaN,NaN,NaN,NaN,NaN,NaN,NaN,NaN,NaN,NaN,
104.571,0.00251,-0.02169,0.12956,-0.36606,-0.17616,-0.28795,0.86721,NaN,NaN,NaN,NaN,NaN,NaN,NaN,NaN,NaN,NaN,NaN,NaN,NaN,NaN,NaN,NaN,NaN,NaN,NaN,NaN,NaN,
104.596,0.00251,-0.02172,0.12954,-0.36594,-0.17659,-0.28771,0.86725,NaN,NaN,NaN,NaN,NaN,NaN,NaN,NaN,NaN,NaN,NaN,NaN,NaN,NaN,NaN,NaN,NaN,NaN,NaN,NaN,NaN,
104.621,0.00252,-0.02174,0.12958,-0.36574,-0.17688,-0.28768,0.86729,NaN,NaN,NaN,NaN,NaN,NaN,NaN,NaN,NaN,NaN,NaN,NaN,NaN,NaN,NaN,NaN,NaN,NaN,NaN,NaN,NaN,
104.646,0.00244,-0.02173,0.12954,-0.36559,-0.17782,-0.28700,0.86738,NaN,NaN,NaN,NaN,NaN,NaN,NaN,NaN,NaN,NaN,NaN,NaN,NaN,NaN,NaN,NaN,NaN,NaN,NaN,NaN,NaN,
104.671,0.00227,-0.02177,0.12948,-0.36492,-0.17921,-0.28652,0.86754,NaN,NaN,NaN,NaN,NaN,NaN,NaN,NaN,NaN,NaN,NaN,NaN,NaN,NaN,NaN,NaN,NaN,NaN,NaN,NaN,NaN,
104.696,0.00226,-0.02182,0.12953,-0.36455,-0.17972,-0.28648,0.86760,NaN,NaN,NaN,NaN,NaN,NaN,NaN,NaN,NaN,NaN,NaN,NaN,NaN,NaN,NaN,NaN,NaN,NaN,NaN,NaN,NaN,
104.721,0.00230,-0.02185,0.12949,-0.36463,-0.18001,-0.28612,0.86762,NaN,NaN,NaN,NaN,NaN,NaN,NaN,NaN,NaN,NaN,NaN,NaN,NaN,NaN,NaN,NaN,NaN,NaN,NaN,NaN,NaN,
104.746,0.00227,-0.02189,0.12951,-0.36417,-0.18029,-0.28639,0.86767,NaN,NaN,NaN,NaN,NaN,NaN,NaN,NaN,NaN,NaN,NaN,NaN,NaN,NaN,NaN,NaN,NaN,NaN,NaN,NaN,NaN,
104.771,0.00229,-0.02191,0.12949,-0.36426,-0.18049,-0.28611,0.86769,NaN,NaN,NaN,NaN,NaN,NaN,NaN,NaN,NaN,NaN,NaN,NaN,NaN,NaN,NaN,NaN,NaN,NaN,NaN,NaN,NaN,
104.796,0.00223,-0.02192,0.12945,-0.36389,-0.18103,-0.28605,0.86775,NaN,NaN,NaN,NaN,NaN,NaN,NaN,NaN,NaN,NaN,NaN,NaN,NaN,NaN,NaN,NaN,NaN,NaN,NaN,NaN,NaN,
104.821,0.00218,-0.02190,0.12951,-0.36393,-0.18239,-0.28478,0.86786,NaN,NaN,NaN,NaN,NaN,NaN,NaN,NaN,NaN,NaN,NaN,NaN,NaN,NaN,NaN,NaN,NaN,NaN,NaN,NaN,NaN,
104.846,0.00178,-0.02195,0.12943,-0.36225,-0.18607,-0.28336,0.86825,NaN,NaN,NaN,NaN,NaN,NaN,NaN,NaN,NaN,NaN,NaN,NaN,NaN,NaN,NaN,NaN,NaN,NaN,NaN,NaN,NaN,
104.871,0.00166,-0.02190,0.12944,-0.36228,-0.18735,-0.28218,0.86835,NaN,NaN,NaN,NaN,NaN,NaN,NaN,NaN,NaN,NaN,NaN,NaN,NaN,NaN,NaN,NaN,NaN,NaN,NaN,NaN,NaN,
104.896,0.00165,-0.02191,0.12941,-0.36216,-0.18756,-0.28212,0.86837,NaN,NaN,NaN,NaN,NaN,NaN,NaN,NaN,NaN,NaN,NaN,NaN,NaN,NaN,NaN,NaN,NaN,NaN,NaN,NaN,NaN,
104.921,0.00169,-0.02195,0.12938,-0.36213,-0.18793,-0.28182,0.86840,NaN,NaN,NaN,NaN,NaN,NaN,NaN,NaN,NaN,NaN,NaN,NaN,NaN,NaN,NaN,NaN,NaN,NaN,NaN,NaN,NaN,
104.946,0.00160,-0.02197,0.12940,-0.36171,-0.18880,-0.28150,0.86849,NaN,NaN,NaN,NaN,NaN,NaN,NaN,NaN,NaN,NaN,NaN,NaN,NaN,NaN,NaN,NaN,NaN,NaN,NaN,NaN,NaN,
104.971,0.00154,-0.02199,0.12942,-0.36155,-0.19006,-0.28054,0.86859,NaN,NaN,NaN,NaN,NaN,NaN,NaN,NaN,NaN,NaN,NaN,NaN,NaN,NaN,NaN,NaN,NaN,NaN,NaN,NaN,NaN,
104.996,0.00138,-0.02199,0.12939,-0.36109,-0.19195,-0.27935,0.86875,NaN,NaN,NaN,NaN,NaN,NaN,NaN,NaN,NaN,NaN,NaN,NaN,NaN,NaN,NaN,NaN,NaN,NaN,NaN,NaN,NaN,
105.021,0.00125,-0.02198,0.12937,-0.36075,-0.19340,-0.27840,0.86888,NaN,NaN,NaN,NaN,NaN,NaN,NaN,NaN,NaN,NaN,NaN,NaN,NaN,NaN,NaN,NaN,NaN,NaN,NaN,NaN,NaN,
105.046,0.00120,-0.02202,0.12936,-0.36035,-0.19467,-0.27770,0.86898,NaN,NaN,NaN,NaN,NaN,NaN,NaN,NaN,NaN,NaN,NaN,NaN,NaN,NaN,NaN,NaN,NaN,NaN,NaN,NaN,NaN,
105.071,0.00101,-0.02198,0.12934,-0.35987,-0.19614,-0.27690,0.86911,NaN,NaN,NaN,NaN,NaN,NaN,NaN,NaN,NaN,NaN,NaN,NaN,NaN,NaN,NaN,NaN,NaN,NaN,NaN,NaN,NaN,
105.096,0.00093,-0.02209,0.12934,-0.35904,-0.19748,-0.27661,0.86924,NaN,NaN,NaN,NaN,NaN,NaN,NaN,NaN,NaN,NaN,NaN,NaN,NaN,NaN,NaN,NaN,NaN,NaN,NaN,NaN,NaN,
105.121,0.00085,-0.02210,0.12934,-0.35881,-0.19821,-0.27620,0.86930,NaN,NaN,NaN,NaN,NaN,NaN,NaN,NaN,NaN,NaN,NaN,NaN,NaN,NaN,NaN,NaN,NaN,NaN,NaN,NaN,NaN,
105.146,0.00080,-0.02214,0.12933,-0.35862,-0.19862,-0.27603,0.86934,NaN,NaN,NaN,NaN,NaN,NaN,NaN,NaN,NaN,NaN,NaN,NaN,NaN,NaN,NaN,NaN,NaN,NaN,NaN,NaN,NaN,
105.171,0.00072,-0.02216,0.12934,-0.35829,-0.19996,-0.27518,0.86944,NaN,NaN,NaN,NaN,NaN,NaN,NaN,NaN,NaN,NaN,NaN,NaN,NaN,NaN,NaN,NaN,NaN,NaN,NaN,NaN,NaN,
105.196,0.00049,-0.02221,0.12933,-0.35714,-0.20212,-0.27448,0.86963,NaN,NaN,NaN,NaN,NaN,NaN,NaN,NaN,NaN,NaN,NaN,NaN,NaN,NaN,NaN,NaN,NaN,NaN,NaN,NaN,NaN,
105.221,0.00040,-0.02222,0.12930,-0.35687,-0.20316,-0.27383,0.86971,NaN,NaN,NaN,NaN,NaN,NaN,NaN,NaN,NaN,NaN,NaN,NaN,NaN,NaN,NaN,NaN,NaN,NaN,NaN,NaN,NaN,
105.246,0.00038,-0.02226,0.12934,-0.35637,-0.20363,-0.27395,0.86976,NaN,NaN,NaN,NaN,NaN,NaN,NaN,NaN,NaN,NaN,NaN,NaN,NaN,NaN,NaN,NaN,NaN,NaN,NaN,NaN,NaN,
105.271,0.00038,-0.02227,0.12933,-0.35624,-0.20416,-0.27362,0.86980,NaN,NaN,NaN,NaN,NaN,NaN,NaN,NaN,NaN,NaN,NaN,NaN,NaN,NaN,NaN,NaN,NaN,NaN,NaN,NaN,NaN,
105.296,0.00024,-0.02233,0.12933,-0.35526,-0.20530,-0.27367,0.86991,NaN,NaN,NaN,NaN,NaN,NaN,NaN,NaN,NaN,NaN,NaN,NaN,NaN,NaN,NaN,NaN,NaN,NaN,NaN,NaN,NaN,
105.321,0.00016,-0.02232,0.12929,-0.35532,-0.20605,-0.27290,0.86995,NaN,NaN,NaN,NaN,NaN,NaN,NaN,NaN,NaN,NaN,NaN,NaN,NaN,NaN,NaN,NaN,NaN,NaN,NaN,NaN,NaN,
105.346,0.00011,-0.02238,0.12931,-0.35485,-0.20661,-0.27291,0.87001,NaN,NaN,NaN,NaN,NaN,NaN,NaN,NaN,NaN,NaN,NaN,NaN,NaN,NaN,NaN,NaN,NaN,NaN,NaN,NaN,NaN,
105.371,0.00013,-0.02241,0.12934,-0.35500,-0.20683,-0.27254,0.87001,NaN,NaN,NaN,NaN,NaN,NaN,NaN,NaN,NaN,NaN,NaN,NaN,NaN,NaN,NaN,NaN,NaN,NaN,NaN,NaN,NaN,
105.396,0.00010,-0.02241,0.12933,-0.35485,-0.20720,-0.27236,0.87004,NaN,NaN,NaN,NaN,NaN,NaN,NaN,NaN,NaN,NaN,NaN,NaN,NaN,NaN,NaN,NaN,NaN,NaN,NaN,NaN,NaN,
105.421,0.00012,-0.02242,0.12939,-0.35492,-0.20751,-0.27200,0.87005,NaN,NaN,NaN,NaN,NaN,NaN,NaN,NaN,NaN,NaN,NaN,NaN,NaN,NaN,NaN,NaN,NaN,NaN,NaN,NaN,NaN,
105.446,0.00003,-0.02241,0.12933,-0.35483,-0.20882,-0.27088,0.87012,NaN,NaN,NaN,NaN,NaN,NaN,NaN,NaN,NaN,NaN,NaN,NaN,NaN,NaN,NaN,NaN,NaN,NaN,NaN,NaN,NaN,
105.471,-0.00021,-0.02239,0.12935,-0.35429,-0.21087,-0.26958,0.87025,NaN,NaN,NaN,NaN,NaN,NaN,NaN,NaN,NaN,NaN,NaN,NaN,NaN,NaN,NaN,NaN,NaN,NaN,NaN,NaN,NaN,
105.496,-0.00042,-0.02239,0.12930,-0.35372,-0.21365,-0.26762,0.87041,NaN,NaN,NaN,NaN,NaN,NaN,NaN,NaN,NaN,NaN,NaN,NaN,NaN,NaN,NaN,NaN,NaN,NaN,NaN,NaN,NaN,
105.521,-0.00060,-0.02241,0.12935,-0.35331,-0.21533,-0.26651,0.87050,NaN,NaN,NaN,NaN,NaN,NaN,NaN,NaN,NaN,NaN,NaN,NaN,NaN,NaN,NaN,NaN,NaN,NaN,NaN,NaN,NaN,
105.546,-0.00058,-0.02244,0.12930,-0.35320,-0.21597,-0.26604,0.87053,NaN,NaN,NaN,NaN,NaN,NaN,NaN,NaN,NaN,NaN,NaN,NaN,NaN,NaN,NaN,NaN,NaN,NaN,NaN,NaN,NaN,
105.571,-0.00067,-0.02248,0.12933,-0.35198,-0.21709,-0.26636,0.87065,NaN,NaN,NaN,NaN,NaN,NaN,NaN,NaN,NaN,NaN,NaN,NaN,NaN,NaN,NaN,NaN,NaN,NaN,NaN,NaN,NaN,
105.596,-0.00077,-0.02247,0.12931,-0.35152,-0.21821,-0.26583,0.87072,NaN,NaN,NaN,NaN,NaN,NaN,NaN,NaN,NaN,NaN,NaN,NaN,NaN,NaN,NaN,NaN,NaN,NaN,NaN,NaN,NaN,
105.621,-0.00076,-0.02247,0.12936,-0.35175,-0.21845,-0.26534,0.87072,NaN,NaN,NaN,NaN,NaN,NaN,NaN,NaN,NaN,NaN,NaN,NaN,NaN,NaN,NaN,NaN,NaN,NaN,NaN,NaN,NaN,
105.646,-0.00084,-0.02247,0.12934,-0.35148,-0.21935,-0.26480,0.87076,NaN,NaN,NaN,NaN,NaN,NaN,NaN,NaN,NaN,NaN,NaN,NaN,NaN,NaN,NaN,NaN,NaN,NaN,NaN,NaN,NaN,
105.671,-0.00094,-0.02249,0.12931,-0.35128,-0.22070,-0.26374,0.87082,NaN,NaN,NaN,NaN,NaN,NaN,NaN,NaN,NaN,NaN,NaN,NaN,NaN,NaN,NaN,NaN,NaN,NaN,NaN,NaN,NaN,
105.696,-0.00111,-0.02249,0.12928,-0.35065,-0.22214,-0.26310,0.87091,NaN,NaN,NaN,NaN,NaN,NaN,NaN,NaN,NaN,NaN,NaN,NaN,NaN,NaN,NaN,NaN,NaN,NaN,NaN,NaN,NaN,
105.721,-0.00108,-0.02252,0.12929,-0.35092,-0.22255,-0.26240,0.87090,NaN,NaN,NaN,NaN,NaN,NaN,NaN,NaN,NaN,NaN,NaN,NaN,NaN,NaN,NaN,NaN,NaN,NaN,NaN,NaN,NaN,
105.746,-0.00108,-0.02252,0.12929,-0.35092,-0.22255,-0.26240,0.87090,NaN,NaN,NaN,NaN,NaN,NaN,NaN,NaN,NaN,NaN,NaN,NaN,NaN,NaN,NaN,NaN,NaN,NaN,NaN,NaN,NaN,
105.771,-0.00122,-0.02251,0.12933,-0.35123,-0.22439,-0.26031,0.87094,NaN,NaN,NaN,NaN,NaN,NaN,NaN,NaN,NaN,NaN,NaN,NaN,NaN,NaN,NaN,NaN,NaN,NaN,NaN,NaN,NaN,
105.796,-0.00135,-0.02253,0.12926,-0.35084,-0.22599,-0.25922,0.87100,NaN,NaN,NaN,NaN,NaN,NaN,NaN,NaN,NaN,NaN,NaN,NaN,NaN,NaN,NaN,NaN,NaN,NaN,NaN,NaN,NaN,
105.821,-0.00144,-0.02252,0.12932,-0.35084,-0.22655,-0.25868,0.87101,NaN,NaN,NaN,NaN,NaN,NaN,NaN,NaN,NaN,NaN,NaN,NaN,NaN,NaN,NaN,NaN,NaN,NaN,NaN,NaN,NaN,
105.846,-0.00142,-0.02250,0.12929,-0.35120,-0.22722,-0.25764,0.87101,NaN,NaN,NaN,NaN,NaN,NaN,NaN,NaN,NaN,NaN,NaN,NaN,NaN,NaN,NaN,NaN,NaN,NaN,NaN,NaN,NaN,
105.871,-0.00156,-0.02250,0.12930,-0.35066,-0.22807,-0.25744,0.87106,NaN,NaN,NaN,NaN,NaN,NaN,NaN,NaN,NaN,NaN,NaN,NaN,NaN,NaN,NaN,NaN,NaN,NaN,NaN,NaN,NaN,
105.896,-0.00151,-0.02254,0.12930,-0.35071,-0.22834,-0.25713,0.87106,NaN,NaN,NaN,NaN,NaN,NaN,NaN,NaN,NaN,NaN,NaN,NaN,NaN,NaN,NaN,NaN,NaN,NaN,NaN,NaN,NaN,
105.921,-0.00154,-0.02253,0.12932,-0.35083,-0.22876,-0.25659,0.87106,NaN,NaN,NaN,NaN,NaN,NaN,NaN,NaN,NaN,NaN,NaN,NaN,NaN,NaN,NaN,NaN,NaN,NaN,NaN,NaN,NaN,
105.946,-0.00163,-0.02256,0.12928,-0.35059,-0.23023,-0.25545,0.87111,NaN,NaN,NaN,NaN,NaN,NaN,NaN,NaN,NaN,NaN,NaN,NaN,NaN,NaN,NaN,NaN,NaN,NaN,NaN,NaN,NaN,
105.971,-0.00177,-0.02257,0.12930,-0.35054,-0.23169,-0.25410,0.87113,NaN,NaN,NaN,NaN,NaN,NaN,NaN,NaN,NaN,NaN,NaN,NaN,NaN,NaN,NaN,NaN,NaN,NaN,NaN,NaN,NaN,
105.996,-0.00185,-0.02257,0.12935,-0.35034,-0.23265,-0.25340,0.87116,NaN,NaN,NaN,NaN,NaN,NaN,NaN,NaN,NaN,NaN,NaN,NaN,NaN,NaN,NaN,NaN,NaN,NaN,NaN,NaN,NaN,
106.021,-0.00189,-0.02257,0.12933,-0.35059,-0.23323,-0.25256,0.87115,NaN,NaN,NaN,NaN,NaN,NaN,NaN,NaN,NaN,NaN,NaN,NaN,NaN,NaN,NaN,NaN,NaN,NaN,NaN,NaN,NaN,
106.046,-0.00192,-0.02259,0.12941,-0.35070,-0.23393,-0.25176,0.87115,NaN,NaN,NaN,NaN,NaN,NaN,NaN,NaN,NaN,NaN,NaN,NaN,NaN,NaN,NaN,NaN,NaN,NaN,NaN,NaN,NaN,
106.071,-0.00202,-0.02260,0.12944,-0.35070,-0.23529,-0.25045,0.87116,NaN,NaN,NaN,NaN,NaN,NaN,NaN,NaN,NaN,NaN,NaN,NaN,NaN,NaN,NaN,NaN,NaN,NaN,NaN,NaN,NaN,
106.096,-0.00212,-0.02261,0.12945,-0.35049,-0.23668,-0.24933,0.87119,NaN,NaN,NaN,NaN,NaN,NaN,NaN,NaN,NaN,NaN,NaN,NaN,NaN,NaN,NaN,NaN,NaN,NaN,NaN,NaN,NaN,
106.121,-0.00219,-0.02262,0.12949,-0.35034,-0.23775,-0.24846,0.87121,NaN,NaN,NaN,NaN,NaN,NaN,NaN,NaN,NaN,NaN,NaN,NaN,NaN,NaN,NaN,NaN,NaN,NaN,NaN,NaN,NaN,
106.146,-0.00225,-0.02263,0.12948,-0.35024,-0.23869,-0.24766,0.87122,NaN,NaN,NaN,NaN,NaN,NaN,NaN,NaN,NaN,NaN,NaN,NaN,NaN,NaN,NaN,NaN,NaN,NaN,NaN,NaN,NaN,
106.171,-0.00231,-0.02262,0.12947,-0.35049,-0.23908,-0.24700,0.87120,NaN,NaN,NaN,NaN,NaN,NaN,NaN,NaN,NaN,NaN,NaN,NaN,NaN,NaN,NaN,NaN,NaN,NaN,NaN,NaN,NaN,
106.196,-0.00236,-0.02262,0.12951,-0.35047,-0.23957,-0.24654,0.87120,NaN,NaN,NaN,NaN,NaN,NaN,NaN,NaN,NaN,NaN,NaN,NaN,NaN,NaN,NaN,NaN,NaN,NaN,NaN,NaN,NaN,
106.221,-0.00237,-0.02263,0.12951,-0.35072,-0.24050,-0.24534,0.87118,NaN,NaN,NaN,NaN,NaN,NaN,NaN,NaN,NaN,NaN,NaN,NaN,NaN,NaN,NaN,NaN,NaN,NaN,NaN,NaN,NaN,
106.246,-0.00250,-0.02263,0.12953,-0.35032,-0.24169,-0.24463,0.87121,NaN,NaN,NaN,NaN,NaN,NaN,NaN,NaN,NaN,NaN,NaN,NaN,NaN,NaN,NaN,NaN,NaN,NaN,NaN,NaN,NaN,
106.271,-0.00253,-0.02262,0.12952,-0.35064,-0.24237,-0.24361,0.87119,NaN,NaN,NaN,NaN,NaN,NaN,NaN,NaN,NaN,NaN,NaN,NaN,NaN,NaN,NaN,NaN,NaN,NaN,NaN,NaN,NaN,
106.296,-0.00263,-0.02260,0.12949,-0.35056,-0.24314,-0.24295,0.87119,NaN,NaN,NaN,NaN,NaN,NaN,NaN,NaN,NaN,NaN,NaN,NaN,NaN,NaN,NaN,NaN,NaN,NaN,NaN,NaN,NaN,
106.321,-0.00269,-0.02257,0.12952,-0.35074,-0.24389,-0.24199,0.87117,NaN,NaN,NaN,NaN,NaN,NaN,NaN,NaN,NaN,NaN,NaN,NaN,NaN,NaN,NaN,NaN,NaN,NaN,NaN,NaN,NaN,
106.346,-0.00282,-0.02258,0.12946,-0.35077,-0.24539,-0.24048,0.87116,NaN,NaN,NaN,NaN,NaN,NaN,NaN,NaN,NaN,NaN,NaN,NaN,NaN,NaN,NaN,NaN,NaN,NaN,NaN,NaN,NaN,
106.371,-0.00285,-0.02254,0.12950,-0.35119,-0.24645,-0.23895,0.87111,NaN,NaN,NaN,NaN,NaN,NaN,NaN,NaN,NaN,NaN,NaN,NaN,NaN,NaN,NaN,NaN,NaN,NaN,NaN,NaN,NaN,
106.396,-0.00301,-0.02256,0.12946,-0.35090,-0.24731,-0.23843,0.87112,NaN,NaN,NaN,NaN,NaN,NaN,NaN,NaN,NaN,NaN,NaN,NaN,NaN,NaN,NaN,NaN,NaN,NaN,NaN,NaN,NaN,
106.421,-0.00302,-0.02255,0.12949,-0.35144,-0.24802,-0.23711,0.87107,NaN,NaN,NaN,NaN,NaN,NaN,NaN,NaN,NaN,NaN,NaN,NaN,NaN,NaN,NaN,NaN,NaN,NaN,NaN,NaN,NaN,
106.446,-0.00321,-0.02254,0.12948,-0.35113,-0.24925,-0.23624,0.87107,NaN,NaN,NaN,NaN,NaN,NaN,NaN,NaN,NaN,NaN,NaN,NaN,NaN,NaN,NaN,NaN,NaN,NaN,NaN,NaN,NaN,
106.471,-0.00324,-0.02253,0.12948,-0.35131,-0.24998,-0.23530,0.87104,NaN,NaN,NaN,NaN,NaN,NaN,NaN,NaN,NaN,NaN,NaN,NaN,NaN,NaN,NaN,NaN,NaN,NaN,NaN,NaN,NaN,
106.496,-0.00335,-0.02252,0.12949,-0.35110,-0.25077,-0.23477,0.87105,NaN,NaN,NaN,NaN,NaN,NaN,NaN,NaN,NaN,NaN,NaN,NaN,NaN,NaN,NaN,NaN,NaN,NaN,NaN,NaN,NaN,
106.521,-0.00339,-0.02252,0.12946,-0.35138,-0.25171,-0.23350,0.87100,NaN,NaN,NaN,NaN,NaN,NaN,NaN,NaN,NaN,NaN,NaN,NaN,NaN,NaN,NaN,NaN,NaN,NaN,NaN,NaN,NaN,
106.546,-0.00352,-0.02253,0.12949,-0.35098,-0.25337,-0.23231,0.87100,NaN,NaN,NaN,NaN,NaN,NaN,NaN,NaN,NaN,NaN,NaN,NaN,NaN,NaN,NaN,NaN,NaN,NaN,NaN,NaN,NaN,
106.571,-0.00360,-0.02249,0.12946,-0.35169,-0.25443,-0.23042,0.87091,NaN,NaN,NaN,NaN,NaN,NaN,NaN,NaN,NaN,NaN,NaN,NaN,NaN,NaN,NaN,NaN,NaN,NaN,NaN,NaN,NaN,
106.596,-0.00369,-0.02248,0.12951,-0.35184,-0.25533,-0.22934,0.87087,NaN,NaN,NaN,NaN,NaN,NaN,NaN,NaN,NaN,NaN,NaN,NaN,NaN,NaN,NaN,NaN,NaN,NaN,NaN,NaN,NaN,
106.621,-0.00381,-0.02247,0.12948,-0.35178,-0.25649,-0.22824,0.87084,NaN,NaN,NaN,NaN,NaN,NaN,NaN,NaN,NaN,NaN,NaN,NaN,NaN,NaN,NaN,NaN,NaN,NaN,NaN,NaN,NaN,
106.646,-0.00395,-0.02246,0.12947,-0.35135,-0.25737,-0.22786,0.87086,NaN,NaN,NaN,NaN,NaN,NaN,NaN,NaN,NaN,NaN,NaN,NaN,NaN,NaN,NaN,NaN,NaN,NaN,NaN,NaN,NaN,
106.671,-0.00395,-0.02246,0.12949,-0.35149,-0.25774,-0.22733,0.87083,NaN,NaN,NaN,NaN,NaN,NaN,NaN,NaN,NaN,NaN,NaN,NaN,NaN,NaN,NaN,NaN,NaN,NaN,NaN,NaN,NaN,
106.696,-0.00403,-0.02244,0.12948,-0.35111,-0.25857,-0.22693,0.87084,NaN,NaN,NaN,NaN,NaN,NaN,NaN,NaN,NaN,NaN,NaN,NaN,NaN,NaN,NaN,NaN,NaN,NaN,NaN,NaN,NaN,
106.721,-0.00405,-0.02245,0.12953,-0.35121,-0.25922,-0.22617,0.87081,NaN,NaN,NaN,NaN,NaN,NaN,NaN,NaN,NaN,NaN,NaN,NaN,NaN,NaN,NaN,NaN,NaN,NaN,NaN,NaN,NaN,
106.746,-0.00406,-0.02241,0.12952,-0.35197,-0.26007,-0.22441,0.87070,NaN,NaN,NaN,NaN,NaN,NaN,NaN,NaN,NaN,NaN,NaN,NaN,NaN,NaN,NaN,NaN,NaN,NaN,NaN,NaN,NaN,
106.771,-0.00417,-0.02238,0.12954,-0.35207,-0.26123,-0.22312,0.87065,NaN,NaN,NaN,NaN,NaN,NaN,NaN,NaN,NaN,NaN,NaN,NaN,NaN,NaN,NaN,NaN,NaN,NaN,NaN,NaN,NaN,
106.796,-0.00425,-0.02235,0.12948,-0.35251,-0.26223,-0.22158,0.87056,NaN,NaN,NaN,NaN,NaN,NaN,NaN,NaN,NaN,NaN,NaN,NaN,NaN,NaN,NaN,NaN,NaN,NaN,NaN,NaN,NaN,
106.821,-0.00429,-0.02231,0.12948,-0.35295,-0.26289,-0.22039,0.87048,NaN,NaN,NaN,NaN,NaN,NaN,NaN,NaN,NaN,NaN,NaN,NaN,NaN,NaN,NaN,NaN,NaN,NaN,NaN,NaN,NaN,
106.846,-0.00437,-0.02231,0.12951,-0.35304,-0.26323,-0.21995,0.87046,NaN,NaN,NaN,NaN,NaN,NaN,NaN,NaN,NaN,NaN,NaN,NaN,NaN,NaN,NaN,NaN,NaN,NaN,NaN,NaN,NaN,
106.871,-0.00438,-0.02230,0.12952,-0.35349,-0.26358,-0.21905,0.87039,NaN,NaN,NaN,NaN,NaN,NaN,NaN,NaN,NaN,NaN,NaN,NaN,NaN,NaN,NaN,NaN,NaN,NaN,NaN,NaN,NaN,
106.896,-0.00448,-0.02228,0.12956,-0.35341,-0.26447,-0.21824,0.87036,NaN,NaN,NaN,NaN,NaN,NaN,NaN,NaN,NaN,NaN,NaN,NaN,NaN,NaN,NaN,NaN,NaN,NaN,NaN,NaN,NaN,
106.921,-0.00453,-0.02224,0.12956,-0.35415,-0.26555,-0.21625,0.87023,NaN,NaN,NaN,NaN,NaN,NaN,NaN,NaN,NaN,NaN,NaN,NaN,NaN,NaN,NaN,NaN,NaN,NaN,NaN,NaN,NaN,
106.946,-0.00470,-0.02221,0.12955,-0.35415,-0.26770,-0.21405,0.87011,NaN,NaN,NaN,NaN,NaN,NaN,NaN,NaN,NaN,NaN,NaN,NaN,NaN,NaN,NaN,NaN,NaN,NaN,NaN,NaN,NaN,
106.971,-0.00486,-0.02215,0.12956,-0.35478,-0.26914,-0.21182,0.86996,NaN,NaN,NaN,NaN,NaN,NaN,NaN,NaN,NaN,NaN,NaN,NaN,NaN,NaN,NaN,NaN,NaN,NaN,NaN,NaN,NaN,
106.996,-0.00499,-0.02213,0.12948,-0.35485,-0.27048,-0.21034,0.86987,NaN,NaN,NaN,NaN,NaN,NaN,NaN,NaN,NaN,NaN,NaN,NaN,NaN,NaN,NaN,NaN,NaN,NaN,NaN,NaN,NaN,
107.021,-0.00505,-0.02213,0.12957,-0.35533,-0.27103,-0.20920,0.86978,NaN,NaN,NaN,NaN,NaN,NaN,NaN,NaN,NaN,NaN,NaN,NaN,NaN,NaN,NaN,NaN,NaN,NaN,NaN,NaN,NaN,
107.046,-0.00520,-0.02212,0.12951,-0.35510,-0.27199,-0.20848,0.86975,NaN,NaN,NaN,NaN,NaN,NaN,NaN,NaN,NaN,NaN,NaN,NaN,NaN,NaN,NaN,NaN,NaN,NaN,NaN,NaN,NaN,
107.071,-0.00534,-0.02204,0.12959,-0.35555,-0.27289,-0.20700,0.86963,NaN,NaN,NaN,NaN,NaN,NaN,NaN,NaN,NaN,NaN,NaN,NaN,NaN,NaN,NaN,NaN,NaN,NaN,NaN,NaN,NaN,
107.096,-0.00572,-0.02208,0.12953,-0.35438,-0.27581,-0.20535,0.86958,NaN,NaN,NaN,NaN,NaN,NaN,NaN,NaN,NaN,NaN,NaN,NaN,NaN,NaN,NaN,NaN,NaN,NaN,NaN,NaN,NaN,
107.121,-0.00576,-0.02202,0.12942,-0.35519,-0.27758,-0.20252,0.86935,NaN,NaN,NaN,NaN,NaN,NaN,NaN,NaN,NaN,NaN,NaN,NaN,NaN,NaN,NaN,NaN,NaN,NaN,NaN,NaN,NaN,
107.146,-0.00595,-0.02198,0.12952,-0.35552,-0.27860,-0.20107,0.86923,NaN,NaN,NaN,NaN,NaN,NaN,NaN,NaN,NaN,NaN,NaN,NaN,NaN,NaN,NaN,NaN,NaN,NaN,NaN,NaN,NaN,
107.171,-0.00609,-0.02197,0.12948,-0.35558,-0.27998,-0.19954,0.86912,NaN,NaN,NaN,NaN,NaN,NaN,NaN,NaN,NaN,NaN,NaN,NaN,NaN,NaN,NaN,NaN,NaN,NaN,NaN,NaN,NaN,
107.196,-0.00622,-0.02193,0.12945,-0.35538,-0.28127,-0.19840,0.86904,NaN,NaN,NaN,NaN,NaN,NaN,NaN,NaN,NaN,NaN,NaN,NaN,NaN,NaN,NaN,NaN,NaN,NaN,NaN,NaN,NaN,
107.221,-0.00628,-0.02193,0.12944,-0.35545,-0.28173,-0.19784,0.86899,NaN,NaN,NaN,NaN,NaN,NaN,NaN,NaN,NaN,NaN,NaN,NaN,NaN,NaN,NaN,NaN,NaN,NaN,NaN,NaN,NaN,
107.246,-0.00632,-0.02195,0.12945,-0.35575,-0.28226,-0.19691,0.86890,NaN,NaN,NaN,NaN,NaN,NaN,NaN,NaN,NaN,NaN,NaN,NaN,NaN,NaN,NaN,NaN,NaN,NaN,NaN,NaN,NaN,
107.271,-0.00641,-0.02192,0.12953,-0.35547,-0.28322,-0.19624,0.86886,NaN,NaN,NaN,NaN,NaN,NaN,NaN,NaN,NaN,NaN,NaN,NaN,NaN,NaN,NaN,NaN,NaN,NaN,NaN,NaN,NaN,
107.296,-0.00653,-0.02193,0.12948,-0.35491,-0.28419,-0.19588,0.86885,NaN,NaN,NaN,NaN,NaN,NaN,NaN,NaN,NaN,NaN,NaN,NaN,NaN,NaN,NaN,NaN,NaN,NaN,NaN,NaN,NaN,
107.321,-0.00659,-0.02193,0.12941,-0.35491,-0.28503,-0.19499,0.86878,NaN,NaN,NaN,NaN,NaN,NaN,NaN,NaN,NaN,NaN,NaN,NaN,NaN,NaN,NaN,NaN,NaN,NaN,NaN,NaN,NaN,
107.346,-0.00673,-0.02187,0.12935,-0.35488,-0.28768,-0.19219,0.86854,NaN,NaN,NaN,NaN,NaN,NaN,NaN,NaN,NaN,NaN,NaN,NaN,NaN,NaN,NaN,NaN,NaN,NaN,NaN,NaN,NaN,
107.371,-0.00712,-0.02176,0.12930,-0.35585,-0.29013,-0.18839,0.86816,NaN,NaN,NaN,NaN,NaN,NaN,NaN,NaN,NaN,NaN,NaN,NaN,NaN,NaN,NaN,NaN,NaN,NaN,NaN,NaN,NaN,
107.396,-0.00731,-0.02171,0.12934,-0.35651,-0.29142,-0.18619,0.86793,NaN,NaN,NaN,NaN,NaN,NaN,NaN,NaN,NaN,NaN,NaN,NaN,NaN,NaN,NaN,NaN,NaN,NaN,NaN,NaN,NaN,
107.421,-0.00742,-0.02162,0.12939,-0.35722,-0.29226,-0.18443,0.86774,NaN,NaN,NaN,NaN,NaN,NaN,NaN,NaN,NaN,NaN,NaN,NaN,NaN,NaN,NaN,NaN,NaN,NaN,NaN,NaN,NaN,
107.446,-0.00754,-0.02163,0.12926,-0.35702,-0.29336,-0.18347,0.86765,NaN,NaN,NaN,NaN,NaN,NaN,NaN,NaN,NaN,NaN,NaN,NaN,NaN,NaN,NaN,NaN,NaN,NaN,NaN,NaN,NaN,
107.471,-0.00760,-0.02163,0.12934,-0.35713,-0.29339,-0.18331,0.86763,NaN,NaN,NaN,NaN,NaN,NaN,NaN,NaN,NaN,NaN,NaN,NaN,NaN,NaN,NaN,NaN,NaN,NaN,NaN,NaN,NaN,
107.496,-0.00763,-0.02159,0.12930,-0.35722,-0.29380,-0.18274,0.86757,NaN,NaN,NaN,NaN,NaN,NaN,NaN,NaN,NaN,NaN,NaN,NaN,NaN,NaN,NaN,NaN,NaN,NaN,NaN,NaN,NaN,
107.521,-0.00764,-0.02158,0.12923,-0.35749,-0.29409,-0.18211,0.86750,NaN,NaN,NaN,NaN,NaN,NaN,NaN,NaN,NaN,NaN,NaN,NaN,NaN,NaN,NaN,NaN,NaN,NaN,NaN,NaN,NaN,
107.546,-0.00767,-0.02159,0.12928,-0.35745,-0.29432,-0.18190,0.86747,NaN,NaN,NaN,NaN,NaN,NaN,NaN,NaN,NaN,NaN,NaN,NaN,NaN,NaN,NaN,NaN,NaN,NaN,NaN,NaN,NaN,
107.571,-0.00769,-0.02156,0.12920,-0.35775,-0.29462,-0.18121,0.86739,NaN,NaN,NaN,NaN,NaN,NaN,NaN,NaN,NaN,NaN,NaN,NaN,NaN,NaN,NaN,NaN,NaN,NaN,NaN,NaN,NaN,
107.596,-0.00772,-0.02155,0.12919,-0.35814,-0.29516,-0.18015,0.86727,NaN,NaN,NaN,NaN,NaN,NaN,NaN,NaN,NaN,NaN,NaN,NaN,NaN,NaN,NaN,NaN,NaN,NaN,NaN,NaN,NaN,
107.621,-0.00780,-0.02150,0.12927,-0.35915,-0.29567,-0.17835,0.86705,NaN,NaN,NaN,NaN,NaN,NaN,NaN,NaN,NaN,NaN,NaN,NaN,NaN,NaN,NaN,NaN,NaN,NaN,NaN,NaN,NaN,
107.646,-0.00791,-0.02142,0.12916,-0.35963,-0.29682,-0.17652,0.86684,NaN,NaN,NaN,NaN,NaN,NaN,NaN,NaN,NaN,NaN,NaN,NaN,NaN,NaN,NaN,NaN,NaN,NaN,NaN,NaN,NaN,
107.671,-0.00795,-0.02142,0.12924,-0.36006,-0.29710,-0.17567,0.86673,NaN,NaN,NaN,NaN,NaN,NaN,NaN,NaN,NaN,NaN,NaN,NaN,NaN,NaN,NaN,NaN,NaN,NaN,NaN,NaN,NaN,
107.696,-0.00800,-0.02141,0.12919,-0.36021,-0.29770,-0.17483,0.86664,NaN,NaN,NaN,NaN,NaN,NaN,NaN,NaN,NaN,NaN,NaN,NaN,NaN,NaN,NaN,NaN,NaN,NaN,NaN,NaN,NaN,
107.721,-0.00805,-0.02138,0.12920,-0.36042,-0.29812,-0.17411,0.86655,NaN,NaN,NaN,NaN,NaN,NaN,NaN,NaN,NaN,NaN,NaN,NaN,NaN,NaN,NaN,NaN,NaN,NaN,NaN,NaN,NaN,
107.746,-0.00812,-0.02140,0.12922,-0.36045,-0.29873,-0.17340,0.86647,NaN,NaN,NaN,NaN,NaN,NaN,NaN,NaN,NaN,NaN,NaN,NaN,NaN,NaN,NaN,NaN,NaN,NaN,NaN,NaN,NaN,
107.771,-0.00812,-0.02136,0.12918,-0.36164,-0.29933,-0.17128,0.86619,NaN,NaN,NaN,NaN,NaN,NaN,NaN,NaN,NaN,NaN,NaN,NaN,NaN,NaN,NaN,NaN,NaN,NaN,NaN,NaN,NaN,
107.796,-0.00821,-0.02130,0.12926,-0.36230,-0.29987,-0.16986,0.86600,NaN,NaN,NaN,NaN,NaN,NaN,NaN,NaN,NaN,NaN,NaN,NaN,NaN,NaN,NaN,NaN,NaN,NaN,NaN,NaN,NaN,
107.821,-0.00820,-0.02125,0.12926,-0.36351,-0.30013,-0.16807,0.86576,NaN,NaN,NaN,NaN,NaN,NaN,NaN,NaN,NaN,NaN,NaN,NaN,NaN,NaN,NaN,NaN,NaN,NaN,NaN,NaN,NaN,
107.846,-0.00829,-0.02121,0.12921,-0.36377,-0.30101,-0.16677,0.86559,NaN,NaN,NaN,NaN,NaN,NaN,NaN,NaN,NaN,NaN,NaN,NaN,NaN,NaN,NaN,NaN,NaN,NaN,NaN,NaN,NaN,
107.871,-0.00832,-0.02116,0.12927,-0.36478,-0.30138,-0.16511,0.86536,NaN,NaN,NaN,NaN,NaN,NaN,NaN,NaN,NaN,NaN,NaN,NaN,NaN,NaN,NaN,NaN,NaN,NaN,NaN,NaN,NaN,
107.896,-0.00840,-0.02113,0.12922,-0.36541,-0.30221,-0.16340,0.86513,NaN,NaN,NaN,NaN,NaN,NaN,NaN,NaN,NaN,NaN,NaN,NaN,NaN,NaN,NaN,NaN,NaN,NaN,NaN,NaN,NaN,
107.921,-0.00846,-0.02108,0.12927,-0.36601,-0.30262,-0.16218,0.86496,NaN,NaN,NaN,NaN,NaN,NaN,NaN,NaN,NaN,NaN,NaN,NaN,NaN,NaN,NaN,NaN,NaN,NaN,NaN,NaN,NaN,
107.946,-0.00849,-0.02109,0.12924,-0.36632,-0.30300,-0.16137,0.86485,NaN,NaN,NaN,NaN,NaN,NaN,NaN,NaN,NaN,NaN,NaN,NaN,NaN,NaN,NaN,NaN,NaN,NaN,NaN,NaN,NaN,
107.971,-0.00849,-0.02108,0.12926,-0.36701,-0.30353,-0.15991,0.86464,NaN,NaN,NaN,NaN,NaN,NaN,NaN,NaN,NaN,NaN,NaN,NaN,NaN,NaN,NaN,NaN,NaN,NaN,NaN,NaN,NaN,
107.996,-0.00858,-0.02106,0.12931,-0.36767,-0.30409,-0.15845,0.86443,NaN,NaN,NaN,NaN,NaN,NaN,NaN,NaN,NaN,NaN,NaN,NaN,NaN,NaN,NaN,NaN,NaN,NaN,NaN,NaN,NaN,
108.021,-0.00860,-0.02100,0.12927,-0.36842,-0.30478,-0.15675,0.86418,NaN,NaN,NaN,NaN,NaN,NaN,NaN,NaN,NaN,NaN,NaN,NaN,NaN,NaN,NaN,NaN,NaN,NaN,NaN,NaN,NaN,
108.046,-0.00870,-0.02099,0.12929,-0.36887,-0.30534,-0.15554,0.86401,NaN,NaN,NaN,NaN,NaN,NaN,NaN,NaN,NaN,NaN,NaN,NaN,NaN,NaN,NaN,NaN,NaN,NaN,NaN,NaN,NaN,
108.071,-0.00870,-0.02094,0.12929,-0.36993,-0.30564,-0.15386,0.86375,NaN,NaN,NaN,NaN,NaN,NaN,NaN,NaN,NaN,NaN,NaN,NaN,NaN,NaN,NaN,NaN,NaN,NaN,NaN,NaN,NaN,
108.096,-0.00879,-0.02090,0.12929,-0.36985,-0.30617,-0.15337,0.86369,NaN,NaN,NaN,NaN,NaN,NaN,NaN,NaN,NaN,NaN,NaN,NaN,NaN,NaN,NaN,NaN,NaN,NaN,NaN,NaN,NaN,
108.121,-0.00880,-0.02090,0.12927,-0.37040,-0.30630,-0.15251,0.86355,NaN,NaN,NaN,NaN,NaN,NaN,NaN,NaN,NaN,NaN,NaN,NaN,NaN,NaN,NaN,NaN,NaN,NaN,NaN,NaN,NaN,
108.146,-0.00887,-0.02091,0.12929,-0.37058,-0.30676,-0.15177,0.86344,NaN,NaN,NaN,NaN,NaN,NaN,NaN,NaN,NaN,NaN,NaN,NaN,NaN,NaN,NaN,NaN,NaN,NaN,NaN,NaN,NaN,
108.171,-0.00891,-0.02089,0.12930,-0.37133,-0.30702,-0.15052,0.86325,NaN,NaN,NaN,NaN,NaN,NaN,NaN,NaN,NaN,NaN,NaN,NaN,NaN,NaN,NaN,NaN,NaN,NaN,NaN,NaN,NaN,
108.196,-0.00900,-0.02085,0.12928,-0.37171,-0.30800,-0.14892,0.86301,NaN,NaN,NaN,NaN,NaN,NaN,NaN,NaN,NaN,NaN,NaN,NaN,NaN,NaN,NaN,NaN,NaN,NaN,NaN,NaN,NaN,
108.221,-0.00903,-0.02079,0.12935,-0.37324,-0.30856,-0.14634,0.86259,NaN,NaN,NaN,NaN,NaN,NaN,NaN,NaN,NaN,NaN,NaN,NaN,NaN,NaN,NaN,NaN,NaN,NaN,NaN,NaN,NaN,
108.246,-0.00918,-0.02070,0.12927,-0.37400,-0.31008,-0.14363,0.86218,NaN,NaN,NaN,NaN,NaN,NaN,NaN,NaN,NaN,NaN,NaN,NaN,NaN,NaN,NaN,NaN,NaN,NaN,NaN,NaN,NaN,
108.271,-0.00923,-0.02064,0.12936,-0.37556,-0.31054,-0.14110,0.86175,NaN,NaN,NaN,NaN,NaN,NaN,NaN,NaN,NaN,NaN,NaN,NaN,NaN,NaN,NaN,NaN,NaN,NaN,NaN,NaN,NaN,
108.296,-0.00945,-0.02057,0.12923,-0.37539,-0.31197,-0.13966,0.86154,NaN,NaN,NaN,NaN,NaN,NaN,NaN,NaN,NaN,NaN,NaN,NaN,NaN,NaN,NaN,NaN,NaN,NaN,NaN,NaN,NaN,
108.321,-0.00948,-0.02056,0.12930,-0.37633,-0.31225,-0.13814,0.86128,NaN,NaN,NaN,NaN,NaN,NaN,NaN,NaN,NaN,NaN,NaN,NaN,NaN,NaN,NaN,NaN,NaN,NaN,NaN,NaN,NaN,
108.346,-0.00966,-0.02047,0.12917,-0.37660,-0.31352,-0.13632,0.86098,NaN,NaN,NaN,NaN,NaN,NaN,NaN,NaN,NaN,NaN,NaN,NaN,NaN,NaN,NaN,NaN,NaN,NaN,NaN,NaN,NaN,
108.371,-0.00970,-0.02046,0.12925,-0.37760,-0.31373,-0.13477,0.86071,NaN,NaN,NaN,NaN,NaN,NaN,NaN,NaN,NaN,NaN,NaN,NaN,NaN,NaN,NaN,NaN,NaN,NaN,NaN,NaN,NaN,
108.396,-0.00984,-0.02039,0.12916,-0.37839,-0.31477,-0.13254,0.86033,NaN,NaN,NaN,NaN,NaN,NaN,NaN,NaN,NaN,NaN,NaN,NaN,NaN,NaN,NaN,NaN,NaN,NaN,NaN,NaN,NaN,
108.421,-0.00992,-0.02033,0.12922,-0.37891,-0.31539,-0.13115,0.86009,NaN,NaN,NaN,NaN,NaN,NaN,NaN,NaN,NaN,NaN,NaN,NaN,NaN,NaN,NaN,NaN,NaN,NaN,NaN,NaN,NaN,
108.446,-0.01002,-0.02026,0.12913,-0.37949,-0.31622,-0.12942,0.85979,NaN,NaN,NaN,NaN,NaN,NaN,NaN,NaN,NaN,NaN,NaN,NaN,NaN,NaN,NaN,NaN,NaN,NaN,NaN,NaN,NaN,
108.471,-0.01010,-0.02022,0.12920,-0.38028,-0.31671,-0.12781,0.85950,NaN,NaN,NaN,NaN,NaN,NaN,NaN,NaN,NaN,NaN,NaN,NaN,NaN,NaN,NaN,NaN,NaN,NaN,NaN,NaN,NaN,
108.496,-0.01024,-0.02013,0.12910,-0.38100,-0.31780,-0.12560,0.85911,NaN,NaN,NaN,NaN,NaN,NaN,NaN,NaN,NaN,NaN,NaN,NaN,NaN,NaN,NaN,NaN,NaN,NaN,NaN,NaN,NaN,
108.521,-0.01038,-0.02010,0.12900,-0.38106,-0.31903,-0.12408,0.85885,NaN,NaN,NaN,NaN,NaN,NaN,NaN,NaN,NaN,NaN,NaN,NaN,NaN,NaN,NaN,NaN,NaN,NaN,NaN,NaN,NaN,
108.546,-0.01044,-0.02006,0.12905,-0.38220,-0.31912,-0.12246,0.85854,NaN,NaN,NaN,NaN,NaN,NaN,NaN,NaN,NaN,NaN,NaN,NaN,NaN,NaN,NaN,NaN,NaN,NaN,NaN,NaN,NaN,
108.571,-0.01051,-0.02002,0.12903,-0.38242,-0.31957,-0.12165,0.85839,NaN,NaN,NaN,NaN,NaN,NaN,NaN,NaN,NaN,NaN,NaN,NaN,NaN,NaN,NaN,NaN,NaN,NaN,NaN,NaN,NaN,
108.596,-0.01056,-0.02001,0.12915,-0.38290,-0.31933,-0.12130,0.85832,NaN,NaN,NaN,NaN,NaN,NaN,NaN,NaN,NaN,NaN,NaN,NaN,NaN,NaN,NaN,NaN,NaN,NaN,NaN,NaN,NaN,
108.621,-0.01068,-0.01995,0.12899,-0.38287,-0.32085,-0.11953,0.85801,NaN,NaN,NaN,NaN,NaN,NaN,NaN,NaN,NaN,NaN,NaN,NaN,NaN,NaN,NaN,NaN,NaN,NaN,NaN,NaN,NaN,
108.646,-0.01076,-0.01987,0.12912,-0.38417,-0.32086,-0.11780,0.85766,NaN,NaN,NaN,NaN,NaN,NaN,NaN,NaN,NaN,NaN,NaN,NaN,NaN,NaN,NaN,NaN,NaN,NaN,NaN,NaN,NaN,
108.671,-0.01084,-0.01986,0.12904,-0.38437,-0.32171,-0.11653,0.85743,NaN,NaN,NaN,NaN,NaN,NaN,NaN,NaN,NaN,NaN,NaN,NaN,NaN,NaN,NaN,NaN,NaN,NaN,NaN,NaN,NaN,
108.696,-0.01088,-0.01979,0.12909,-0.38578,-0.32209,-0.11419,0.85697,NaN,NaN,NaN,NaN,NaN,NaN,NaN,NaN,NaN,NaN,NaN,NaN,NaN,NaN,NaN,NaN,NaN,NaN,NaN,NaN,NaN,
108.721,-0.01106,-0.01973,0.12900,-0.38616,-0.32329,-0.11225,0.85660,NaN,NaN,NaN,NaN,NaN,NaN,NaN,NaN,NaN,NaN,NaN,NaN,NaN,NaN,NaN,NaN,NaN,NaN,NaN,NaN,NaN,
108.746,-0.01109,-0.01968,0.12908,-0.38733,-0.32332,-0.11065,0.85627,NaN,NaN,NaN,NaN,NaN,NaN,NaN,NaN,NaN,NaN,NaN,NaN,NaN,NaN,NaN,NaN,NaN,NaN,NaN,NaN,NaN,
108.771,-0.01121,-0.01968,0.12908,-0.38721,-0.32395,-0.11006,0.85616,NaN,NaN,NaN,NaN,NaN,NaN,NaN,NaN,NaN,NaN,NaN,NaN,NaN,NaN,NaN,NaN,NaN,NaN,NaN,NaN,NaN,
108.796,-0.01124,-0.01965,0.12910,-0.38780,-0.32388,-0.10935,0.85601,NaN,NaN,NaN,NaN,NaN,NaN,NaN,NaN,NaN,NaN,NaN,NaN,NaN,NaN,NaN,NaN,NaN,NaN,NaN,NaN,NaN,
108.821,-0.01133,-0.01965,0.12915,-0.38797,-0.32447,-0.10841,0.85583,NaN,NaN,NaN,NaN,NaN,NaN,NaN,NaN,NaN,NaN,NaN,NaN,NaN,NaN,NaN,NaN,NaN,NaN,NaN,NaN,NaN,
108.846,-0.01136,-0.01957,0.12906,-0.38874,-0.32498,-0.10676,0.85549,NaN,NaN,NaN,NaN,NaN,NaN,NaN,NaN,NaN,NaN,NaN,NaN,NaN,NaN,NaN,NaN,NaN,NaN,NaN,NaN,NaN,
108.871,-0.01142,-0.01958,0.12904,-0.38880,-0.32544,-0.10613,0.85537,NaN,NaN,NaN,NaN,NaN,NaN,NaN,NaN,NaN,NaN,NaN,NaN,NaN,NaN,NaN,NaN,NaN,NaN,NaN,NaN,NaN,
108.896,-0.01143,-0.01955,0.12912,-0.38942,-0.32550,-0.10521,0.85518,NaN,NaN,NaN,NaN,NaN,NaN,NaN,NaN,NaN,NaN,NaN,NaN,NaN,NaN,NaN,NaN,NaN,NaN,NaN,NaN,NaN,
108.921,-0.01156,-0.01948,0.12880,-0.38925,-0.32735,-0.10322,0.85480,NaN,NaN,NaN,NaN,NaN,NaN,NaN,NaN,NaN,NaN,NaN,NaN,NaN,NaN,NaN,NaN,NaN,NaN,NaN,NaN,NaN,
108.946,-0.01162,-0.01943,0.12909,-0.39115,-0.32669,-0.10144,0.85439,NaN,NaN,NaN,NaN,NaN,NaN,NaN,NaN,NaN,NaN,NaN,NaN,NaN,NaN,NaN,NaN,NaN,NaN,NaN,NaN,NaN,
108.971,-0.01169,-0.01941,0.12910,-0.39179,-0.32707,-0.10010,0.85411,NaN,NaN,NaN,NaN,NaN,NaN,NaN,NaN,NaN,NaN,NaN,NaN,NaN,NaN,NaN,NaN,NaN,NaN,NaN,NaN,NaN,
108.996,-0.01179,-0.01935,0.12906,-0.39271,-0.32769,-0.09809,0.85368,NaN,NaN,NaN,NaN,NaN,NaN,NaN,NaN,NaN,NaN,NaN,NaN,NaN,NaN,NaN,NaN,NaN,NaN,NaN,NaN,NaN,
109.021,-0.01191,-0.01929,0.12909,-0.39330,-0.32822,-0.09664,0.85337,NaN,NaN,NaN,NaN,NaN,NaN,NaN,NaN,NaN,NaN,NaN,NaN,NaN,NaN,NaN,NaN,NaN,NaN,NaN,NaN,NaN,
109.046,-0.01191,-0.01924,0.12921,-0.39478,-0.32786,-0.09506,0.85301,NaN,NaN,NaN,NaN,NaN,NaN,NaN,NaN,NaN,NaN,NaN,NaN,NaN,NaN,NaN,NaN,NaN,NaN,NaN,NaN,NaN,
109.071,-0.01209,-0.01915,0.12903,-0.39549,-0.32963,-0.09191,0.85234,NaN,NaN,NaN,NaN,NaN,NaN,NaN,NaN,NaN,NaN,NaN,NaN,NaN,NaN,NaN,NaN,NaN,NaN,NaN,NaN,NaN,
109.096,-0.01216,-0.01901,0.12923,-0.39949,-0.32953,-0.08651,0.85108,NaN,NaN,NaN,NaN,NaN,NaN,NaN,NaN,NaN,NaN,NaN,NaN,NaN,NaN,NaN,NaN,NaN,NaN,NaN,NaN,NaN,
109.121,-0.01252,-0.01891,0.12912,-0.40031,-0.33177,-0.08259,0.85021,NaN,NaN,NaN,NaN,NaN,NaN,NaN,NaN,NaN,NaN,NaN,NaN,NaN,NaN,NaN,NaN,NaN,NaN,NaN,NaN,NaN,
109.146,-0.01263,-0.01878,0.12902,-0.40150,-0.33267,-0.07980,0.84957,NaN,NaN,NaN,NaN,NaN,NaN,NaN,NaN,NaN,NaN,NaN,NaN,NaN,NaN,NaN,NaN,NaN,NaN,NaN,NaN,NaN,
109.171,-0.01278,-0.01876,0.12903,-0.40159,-0.33329,-0.07891,0.84936,NaN,NaN,NaN,NaN,NaN,NaN,NaN,NaN,NaN,NaN,NaN,NaN,NaN,NaN,NaN,NaN,NaN,NaN,NaN,NaN,NaN,
109.196,-0.01273,-0.01873,0.12908,-0.40283,-0.33286,-0.07770,0.84906,NaN,NaN,NaN,NaN,NaN,NaN,NaN,NaN,NaN,NaN,NaN,NaN,NaN,NaN,NaN,NaN,NaN,NaN,NaN,NaN,NaN,
109.221,-0.01289,-0.01863,0.12891,-0.40268,-0.33419,-0.07625,0.84874,NaN,NaN,NaN,NaN,NaN,NaN,NaN,NaN,NaN,NaN,NaN,NaN,NaN,NaN,NaN,NaN,NaN,NaN,NaN,NaN,NaN,
109.246,-0.01287,-0.01867,0.12910,-0.40361,-0.33354,-0.07575,0.84860,NaN,NaN,NaN,NaN,NaN,NaN,NaN,NaN,NaN,NaN,NaN,NaN,NaN,NaN,NaN,NaN,NaN,NaN,NaN,NaN,NaN,
109.271,-0.01290,-0.01861,0.12899,-0.40398,-0.33419,-0.07441,0.84828,NaN,NaN,NaN,NaN,NaN,NaN,NaN,NaN,NaN,NaN,NaN,NaN,NaN,NaN,NaN,NaN,NaN,NaN,NaN,NaN,NaN,
109.296,-0.01297,-0.01857,0.12897,-0.40399,-0.33452,-0.07397,0.84818,NaN,NaN,NaN,NaN,NaN,NaN,NaN,NaN,NaN,NaN,NaN,NaN,NaN,NaN,NaN,NaN,NaN,NaN,NaN,NaN,NaN,
109.321,-0.01294,-0.01859,0.12898,-0.40448,-0.33440,-0.07343,0.84804,NaN,NaN,NaN,NaN,NaN,NaN,NaN,NaN,NaN,NaN,NaN,NaN,NaN,NaN,NaN,NaN,NaN,NaN,NaN,NaN,NaN,
109.346,-0.01300,-0.01851,0.12895,-0.40496,-0.33478,-0.07227,0.84776,NaN,NaN,NaN,NaN,NaN,NaN,NaN,NaN,NaN,NaN,NaN,NaN,NaN,NaN,NaN,NaN,NaN,NaN,NaN,NaN,NaN,
109.371,-0.01303,-0.01852,0.12896,-0.40509,-0.33484,-0.07202,0.84770,NaN,NaN,NaN,NaN,NaN,NaN,NaN,NaN,NaN,NaN,NaN,NaN,NaN,NaN,NaN,NaN,NaN,NaN,NaN,NaN,NaN,
109.396,-0.01304,-0.01849,0.12894,-0.40524,-0.33505,-0.07155,0.84759,NaN,NaN,NaN,NaN,NaN,NaN,NaN,NaN,NaN,NaN,NaN,NaN,NaN,NaN,NaN,NaN,NaN,NaN,NaN,NaN,NaN,
109.421,-0.01311,-0.01850,0.12894,-0.40562,-0.33544,-0.07051,0.84734,NaN,NaN,NaN,NaN,NaN,NaN,NaN,NaN,NaN,NaN,NaN,NaN,NaN,NaN,NaN,NaN,NaN,NaN,NaN,NaN,NaN,
109.446,-0.01318,-0.01841,0.12898,-0.40696,-0.33533,-0.06874,0.84689,NaN,NaN,NaN,NaN,NaN,NaN,NaN,NaN,NaN,NaN,NaN,NaN,NaN,NaN,NaN,NaN,NaN,NaN,NaN,NaN,NaN,
109.471,-0.01325,-0.01837,0.12899,-0.40787,-0.33597,-0.06662,0.84636,NaN,NaN,NaN,NaN,NaN,NaN,NaN,NaN,NaN,NaN,NaN,NaN,NaN,NaN,NaN,NaN,NaN,NaN,NaN,NaN,NaN,
109.496,-0.01334,-0.01822,0.12890,-0.40972,-0.33636,-0.06348,0.84555,NaN,NaN,NaN,NaN,NaN,NaN,NaN,NaN,NaN,NaN,NaN,NaN,NaN,NaN,NaN,NaN,NaN,NaN,NaN,NaN,NaN,
109.521,-0.01341,-0.01820,0.12892,-0.41034,-0.33680,-0.06202,0.84519,NaN,NaN,NaN,NaN,NaN,NaN,NaN,NaN,NaN,NaN,NaN,NaN,NaN,NaN,NaN,NaN,NaN,NaN,NaN,NaN,NaN,
109.546,-0.01345,-0.01816,0.12897,-0.41146,-0.33673,-0.06049,0.84478,NaN,NaN,NaN,NaN,NaN,NaN,NaN,NaN,NaN,NaN,NaN,NaN,NaN,NaN,NaN,NaN,NaN,NaN,NaN,NaN,NaN,
109.571,-0.01354,-0.01809,0.12887,-0.41139,-0.33756,-0.05954,0.84455,NaN,NaN,NaN,NaN,NaN,NaN,NaN,NaN,NaN,NaN,NaN,NaN,NaN,NaN,NaN,NaN,NaN,NaN,NaN,NaN,NaN,
109.596,-0.01354,-0.01812,0.12893,-0.41185,-0.33721,-0.05933,0.84448,NaN,NaN,NaN,NaN,NaN,NaN,NaN,NaN,NaN,NaN,NaN,NaN,NaN,NaN,NaN,NaN,NaN,NaN,NaN,NaN,NaN,
109.621,-0.01362,-0.01805,0.12885,-0.41232,-0.33790,-0.05776,0.84409,NaN,NaN,NaN,NaN,NaN,NaN,NaN,NaN,NaN,NaN,NaN,NaN,NaN,NaN,NaN,NaN,NaN,NaN,NaN,NaN,NaN,
109.646,-0.01368,-0.01802,0.12893,-0.41346,-0.33758,-0.05652,0.84374,NaN,NaN,NaN,NaN,NaN,NaN,NaN,NaN,NaN,NaN,NaN,NaN,NaN,NaN,NaN,NaN,NaN,NaN,NaN,NaN,NaN,
109.671,-0.01378,-0.01795,0.12887,-0.41441,-0.33844,-0.05402,0.84309,NaN,NaN,NaN,NaN,NaN,NaN,NaN,NaN,NaN,NaN,NaN,NaN,NaN,NaN,NaN,NaN,NaN,NaN,NaN,NaN,NaN,
109.696,-0.01388,-0.01786,0.12888,-0.41591,-0.33859,-0.05164,0.84244,NaN,NaN,NaN,NaN,NaN,NaN,NaN,NaN,NaN,NaN,NaN,NaN,NaN,NaN,NaN,NaN,NaN,NaN,NaN,NaN,NaN,
109.721,-0.01391,-0.01780,0.12890,-0.41691,-0.33861,-0.05014,0.84203,NaN,NaN,NaN,NaN,NaN,NaN,NaN,NaN,NaN,NaN,NaN,NaN,NaN,NaN,NaN,NaN,NaN,NaN,NaN,NaN,NaN,
109.746,-0.01400,-0.01773,0.12894,-0.41849,-0.33861,-0.04781,0.84138,NaN,NaN,NaN,NaN,NaN,NaN,NaN,NaN,NaN,NaN,NaN,NaN,NaN,NaN,NaN,NaN,NaN,NaN,NaN,NaN,NaN,
109.771,-0.01415,-0.01764,0.12885,-0.41901,-0.33950,-0.04589,0.84087,NaN,NaN,NaN,NaN,NaN,NaN,NaN,NaN,NaN,NaN,NaN,NaN,NaN,NaN,NaN,NaN,NaN,NaN,NaN,NaN,NaN,
109.796,-0.01415,-0.01765,0.12903,-0.42003,-0.33889,-0.04518,0.84065,NaN,NaN,NaN,NaN,NaN,NaN,NaN,NaN,NaN,NaN,NaN,NaN,NaN,NaN,NaN,NaN,NaN,NaN,NaN,NaN,NaN,
109.821,-0.01431,-0.01753,0.12885,-0.42053,-0.34024,-0.04267,0.83998,NaN,NaN,NaN,NaN,NaN,NaN,NaN,NaN,NaN,NaN,NaN,NaN,NaN,NaN,NaN,NaN,NaN,NaN,NaN,NaN,NaN,
109.846,-0.01439,-0.01750,0.12891,-0.42168,-0.34005,-0.04121,0.83955,NaN,NaN,NaN,NaN,NaN,NaN,NaN,NaN,NaN,NaN,NaN,NaN,NaN,NaN,NaN,NaN,NaN,NaN,NaN,NaN,NaN,
109.871,-0.01448,-0.01745,0.12881,-0.42266,-0.34086,-0.03868,0.83885,NaN,NaN,NaN,NaN,NaN,NaN,NaN,NaN,NaN,NaN,NaN,NaN,NaN,NaN,NaN,NaN,NaN,NaN,NaN,NaN,NaN,
109.896,-0.01456,-0.01737,0.12891,-0.42395,-0.34078,-0.03685,0.83832,NaN,NaN,NaN,NaN,NaN,NaN,NaN,NaN,NaN,NaN,NaN,NaN,NaN,NaN,NaN,NaN,NaN,NaN,NaN,NaN,NaN,
109.921,-0.01457,-0.01733,0.12887,-0.42491,-0.34088,-0.03529,0.83786,NaN,NaN,NaN,NaN,NaN,NaN,NaN,NaN,NaN,NaN,NaN,NaN,NaN,NaN,NaN,NaN,NaN,NaN,NaN,NaN,NaN,
109.946,-0.01466,-0.01726,0.12893,-0.42624,-0.34090,-0.03325,0.83726,NaN,NaN,NaN,NaN,NaN,NaN,NaN,NaN,NaN,NaN,NaN,NaN,NaN,NaN,NaN,NaN,NaN,NaN,NaN,NaN,NaN,
109.971,-0.01480,-0.01719,0.12891,-0.42709,-0.34148,-0.03120,0.83667,NaN,NaN,NaN,NaN,NaN,NaN,NaN,NaN,NaN,NaN,NaN,NaN,NaN,NaN,NaN,NaN,NaN,NaN,NaN,NaN,NaN,
109.996,-0.01486,-0.01713,0.12890,-0.42802,-0.34157,-0.02968,0.83621,NaN,NaN,NaN,NaN,NaN,NaN,NaN,NaN,NaN,NaN,NaN,NaN,NaN,NaN,NaN,NaN,NaN,NaN,NaN,NaN,NaN,
110.021,-0.01498,-0.01708,0.12883,-0.42825,-0.34240,-0.02822,0.83581,NaN,NaN,NaN,NaN,NaN,NaN,NaN,NaN,NaN,NaN,NaN,NaN,NaN,NaN,NaN,NaN,NaN,NaN,NaN,NaN,NaN,
110.046,-0.01498,-0.01705,0.12887,-0.42965,-0.34191,-0.02675,0.83534,NaN,NaN,NaN,NaN,NaN,NaN,NaN,NaN,NaN,NaN,NaN,NaN,NaN,NaN,NaN,NaN,NaN,NaN,NaN,NaN,NaN,
110.071,-0.01506,-0.01695,0.12879,-0.43060,-0.34248,-0.02452,0.83468,NaN,NaN,NaN,NaN,NaN,NaN,NaN,NaN,NaN,NaN,NaN,NaN,NaN,NaN,NaN,NaN,NaN,NaN,NaN,NaN,NaN,
110.096,-0.01518,-0.01688,0.12891,-0.43291,-0.34197,-0.02165,0.83377,NaN,NaN,NaN,NaN,NaN,NaN,NaN,NaN,NaN,NaN,NaN,NaN,NaN,NaN,NaN,NaN,NaN,NaN,NaN,NaN,NaN,
110.121,-0.01523,-0.01682,0.12893,-0.43445,-0.34204,-0.01920,0.83300,NaN,NaN,NaN,NaN,NaN,NaN,NaN,NaN,NaN,NaN,NaN,NaN,NaN,NaN,NaN,NaN,NaN,NaN,NaN,NaN,NaN,
110.146,-0.01532,-0.01675,0.12896,-0.43523,-0.34223,-0.01773,0.83255,NaN,NaN,NaN,NaN,NaN,NaN,NaN,NaN,NaN,NaN,NaN,NaN,NaN,NaN,NaN,NaN,NaN,NaN,NaN,NaN,NaN,
110.171,-0.01539,-0.01666,0.12885,-0.43606,-0.34262,-0.01592,0.83199,NaN,NaN,NaN,NaN,NaN,NaN,NaN,NaN,NaN,NaN,NaN,NaN,NaN,NaN,NaN,NaN,NaN,NaN,NaN,NaN,NaN,
110.196,-0.01544,-0.01660,0.12892,-0.43766,-0.34245,-0.01366,0.83126,NaN,NaN,NaN,NaN,NaN,NaN,NaN,NaN,NaN,NaN,NaN,NaN,NaN,NaN,NaN,NaN,NaN,NaN,NaN,NaN,NaN,
110.221,-0.01558,-0.01649,0.12880,-0.43898,-0.34299,-0.01086,0.83038,NaN,NaN,NaN,NaN,NaN,NaN,NaN,NaN,NaN,NaN,NaN,NaN,NaN,NaN,NaN,NaN,NaN,NaN,NaN,NaN,NaN,
110.246,-0.01560,-0.01647,0.12887,-0.43984,-0.34268,-0.00993,0.83007,NaN,NaN,NaN,NaN,NaN,NaN,NaN,NaN,NaN,NaN,NaN,NaN,NaN,NaN,NaN,NaN,NaN,NaN,NaN,NaN,NaN,
110.271,-0.01564,-0.01646,0.12883,-0.44042,-0.34269,-0.00901,0.82977,NaN,NaN,NaN,NaN,NaN,NaN,NaN,NaN,NaN,NaN,NaN,NaN,NaN,NaN,NaN,NaN,NaN,NaN,NaN,NaN,NaN,
110.296,-0.01568,-0.01640,0.12889,-0.44166,-0.34238,-0.00748,0.82925,NaN,NaN,NaN,NaN,NaN,NaN,NaN,NaN,NaN,NaN,NaN,NaN,NaN,NaN,NaN,NaN,NaN,NaN,NaN,NaN,NaN,
110.321,-0.01576,-0.01637,0.12887,-0.44219,-0.34275,-0.00615,0.82883,NaN,NaN,NaN,NaN,NaN,NaN,NaN,NaN,NaN,NaN,NaN,NaN,NaN,NaN,NaN,NaN,NaN,NaN,NaN,NaN,NaN,
110.346,-0.01575,-0.01633,0.12889,-0.44290,-0.34255,-0.00528,0.82853,NaN,NaN,NaN,NaN,NaN,NaN,NaN,NaN,NaN,NaN,NaN,NaN,NaN,NaN,NaN,NaN,NaN,NaN,NaN,NaN,NaN,
110.371,-0.01581,-0.01631,0.12884,-0.44315,-0.34299,-0.00429,0.82823,NaN,NaN,NaN,NaN,NaN,NaN,NaN,NaN,NaN,NaN,NaN,NaN,NaN,NaN,NaN,NaN,NaN,NaN,NaN,NaN,NaN,
110.396,-0.01582,-0.01626,0.12890,-0.44409,-0.34261,-0.00332,0.82788,NaN,NaN,NaN,NaN,NaN,NaN,NaN,NaN,NaN,NaN,NaN,NaN,NaN,NaN,NaN,NaN,NaN,NaN,NaN,NaN,NaN,
110.421,-0.01589,-0.01620,0.12884,-0.44477,-0.34301,-0.00169,0.82736,NaN,NaN,NaN,NaN,NaN,NaN,NaN,NaN,NaN,NaN,NaN,NaN,NaN,NaN,NaN,NaN,NaN,NaN,NaN,NaN,NaN,
110.446,-0.01593,-0.01615,0.12883,-0.44560,-0.34296,-0.00043,0.82693,NaN,NaN,NaN,NaN,NaN,NaN,NaN,NaN,NaN,NaN,NaN,NaN,NaN,NaN,NaN,NaN,NaN,NaN,NaN,NaN,NaN,
110.471,-0.01597,-0.01615,0.12883,-0.44587,-0.34331,0.00048,0.82664,NaN,NaN,NaN,NaN,NaN,NaN,NaN,NaN,NaN,NaN,NaN,NaN,NaN,NaN,NaN,NaN,NaN,NaN,NaN,NaN,NaN,
110.496,-0.01597,-0.01609,0.12884,-0.44757,-0.34287,0.00260,0.82590,NaN,NaN,NaN,NaN,NaN,NaN,NaN,NaN,NaN,NaN,NaN,NaN,NaN,NaN,NaN,NaN,NaN,NaN,NaN,NaN,NaN,
110.521,-0.01613,-0.01598,0.12884,-0.44886,-0.34314,0.00504,0.82508,NaN,NaN,NaN,NaN,NaN,NaN,NaN,NaN,NaN,NaN,NaN,NaN,NaN,NaN,NaN,NaN,NaN,NaN,NaN,NaN,NaN,
110.546,-0.01620,-0.01592,0.12883,-0.44995,-0.34301,0.00663,0.82452,NaN,NaN,NaN,NaN,NaN,NaN,NaN,NaN,NaN,NaN,NaN,NaN,NaN,NaN,NaN,NaN,NaN,NaN,NaN,NaN,NaN,
110.571,-0.01623,-0.01587,0.12881,-0.45069,-0.34322,0.00812,0.82402,NaN,NaN,NaN,NaN,NaN,NaN,NaN,NaN,NaN,NaN,NaN,NaN,NaN,NaN,NaN,NaN,NaN,NaN,NaN,NaN,NaN,
110.596,-0.01625,-0.01585,0.12887,-0.45167,-0.34280,0.00912,0.82365,NaN,NaN,NaN,NaN,NaN,NaN,NaN,NaN,NaN,NaN,NaN,NaN,NaN,NaN,NaN,NaN,NaN,NaN,NaN,NaN,NaN,
110.621,-0.01633,-0.01575,0.12875,-0.45279,-0.34323,0.01155,0.82282,NaN,NaN,NaN,NaN,NaN,NaN,NaN,NaN,NaN,NaN,NaN,NaN,NaN,NaN,NaN,NaN,NaN,NaN,NaN,NaN,NaN,
110.646,-0.01639,-0.01571,0.12883,-0.45390,-0.34288,0.01286,0.82234,NaN,NaN,NaN,NaN,NaN,NaN,NaN,NaN,NaN,NaN,NaN,NaN,NaN,NaN,NaN,NaN,NaN,NaN,NaN,NaN,NaN,
110.671,-0.01642,-0.01565,0.12873,-0.45500,-0.34302,0.01485,0.82164,NaN,NaN,NaN,NaN,NaN,NaN,NaN,NaN,NaN,NaN,NaN,NaN,NaN,NaN,NaN,NaN,NaN,NaN,NaN,NaN,NaN,
110.696,-0.01647,-0.01558,0.12879,-0.45625,-0.34259,0.01631,0.82110,NaN,NaN,NaN,NaN,NaN,NaN,NaN,NaN,NaN,NaN,NaN,NaN,NaN,NaN,NaN,NaN,NaN,NaN,NaN,NaN,NaN,
110.721,-0.01650,-0.01554,0.12879,-0.45744,-0.34240,0.01800,0.82048,NaN,NaN,NaN,NaN,NaN,NaN,NaN,NaN,NaN,NaN,NaN,NaN,NaN,NaN,NaN,NaN,NaN,NaN,NaN,NaN,NaN,
110.746,-0.01658,-0.01546,0.12882,-0.45955,-0.34190,0.02079,0.81944,NaN,NaN,NaN,NaN,NaN,NaN,NaN,NaN,NaN,NaN,NaN,NaN,NaN,NaN,NaN,NaN,NaN,NaN,NaN,NaN,NaN,
110.771,-0.01669,-0.01538,0.12882,-0.46050,-0.34210,0.02264,0.81878,NaN,NaN,NaN,NaN,NaN,NaN,NaN,NaN,NaN,NaN,NaN,NaN,NaN,NaN,NaN,NaN,NaN,NaN,NaN,NaN,NaN,
110.796,-0.01666,-0.01536,0.12886,-0.46176,-0.34154,0.02394,0.81827,NaN,NaN,NaN,NaN,NaN,NaN,NaN,NaN,NaN,NaN,NaN,NaN,NaN,NaN,NaN,NaN,NaN,NaN,NaN,NaN,NaN,
110.821,-0.01682,-0.01523,0.12876,-0.46313,-0.34199,0.02688,0.81721,NaN,NaN,NaN,NaN,NaN,NaN,NaN,NaN,NaN,NaN,NaN,NaN,NaN,NaN,NaN,NaN,NaN,NaN,NaN,NaN,NaN,
110.846,-0.01691,-0.01509,0.12877,-0.46538,-0.34181,0.03042,0.81588,NaN,NaN,NaN,NaN,NaN,NaN,NaN,NaN,NaN,NaN,NaN,NaN,NaN,NaN,NaN,NaN,NaN,NaN,NaN,NaN,NaN,
110.871,-0.01705,-0.01496,0.12866,-0.46686,-0.34225,0.03355,0.81473,NaN,NaN,NaN,NaN,NaN,NaN,NaN,NaN,NaN,NaN,NaN,NaN,NaN,NaN,NaN,NaN,NaN,NaN,NaN,NaN,NaN,
110.896,-0.01710,-0.01492,0.12887,-0.46877,-0.34111,0.03515,0.81404,NaN,NaN,NaN,NaN,NaN,NaN,NaN,NaN,NaN,NaN,NaN,NaN,NaN,NaN,NaN,NaN,NaN,NaN,NaN,NaN,NaN,
110.921,-0.01727,-0.01479,0.12871,-0.46962,-0.34187,0.03772,0.81312,NaN,NaN,NaN,NaN,NaN,NaN,NaN,NaN,NaN,NaN,NaN,NaN,NaN,NaN,NaN,NaN,NaN,NaN,NaN,NaN,NaN,
110.946,-0.01721,-0.01479,0.12881,-0.47151,-0.34073,0.03929,0.81243,NaN,NaN,NaN,NaN,NaN,NaN,NaN,NaN,NaN,NaN,NaN,NaN,NaN,NaN,NaN,NaN,NaN,NaN,NaN,NaN,NaN,
110.971,-0.01742,-0.01465,0.12876,-0.47237,-0.34126,0.04155,0.81159,NaN,NaN,NaN,NaN,NaN,NaN,NaN,NaN,NaN,NaN,NaN,NaN,NaN,NaN,NaN,NaN,NaN,NaN,NaN,NaN,NaN,
110.996,-0.01739,-0.01465,0.12888,-0.47365,-0.34043,0.04254,0.81114,NaN,NaN,NaN,NaN,NaN,NaN,NaN,NaN,NaN,NaN,NaN,NaN,NaN,NaN,NaN,NaN,NaN,NaN,NaN,NaN,NaN,
111.021,-0.01749,-0.01455,0.12876,-0.47494,-0.34066,0.04512,0.81015,NaN,NaN,NaN,NaN,NaN,NaN,NaN,NaN,NaN,NaN,NaN,NaN,NaN,NaN,NaN,NaN,NaN,NaN,NaN,NaN,NaN,
111.046,-0.01760,-0.01445,0.12875,-0.47573,-0.34075,0.04663,0.80957,NaN,NaN,NaN,NaN,NaN,NaN,NaN,NaN,NaN,NaN,NaN,NaN,NaN,NaN,NaN,NaN,NaN,NaN,NaN,NaN,NaN,
111.071,-0.01761,-0.01443,0.12880,-0.47748,-0.34015,0.04880,0.80866,NaN,NaN,NaN,NaN,NaN,NaN,NaN,NaN,NaN,NaN,NaN,NaN,NaN,NaN,NaN,NaN,NaN,NaN,NaN,NaN,NaN,
111.096,-0.01771,-0.01430,0.12866,-0.47863,-0.34038,0.05116,0.80774,NaN,NaN,NaN,NaN,NaN,NaN,NaN,NaN,NaN,NaN,NaN,NaN,NaN,NaN,NaN,NaN,NaN,NaN,NaN,NaN,NaN,
111.121,-0.01779,-0.01422,0.12866,-0.47998,-0.34009,0.05311,0.80693,NaN,NaN,NaN,NaN,NaN,NaN,NaN,NaN,NaN,NaN,NaN,NaN,NaN,NaN,NaN,NaN,NaN,NaN,NaN,NaN,NaN,
111.146,-0.01789,-0.01411,0.12879,-0.48304,-0.33893,0.05680,0.80534,NaN,NaN,NaN,NaN,NaN,NaN,NaN,NaN,NaN,NaN,NaN,NaN,NaN,NaN,NaN,NaN,NaN,NaN,NaN,NaN,NaN,
111.171,-0.01803,-0.01397,0.12870,-0.48565,-0.33864,0.06103,0.80358,NaN,NaN,NaN,NaN,NaN,NaN,NaN,NaN,NaN,NaN,NaN,NaN,NaN,NaN,NaN,NaN,NaN,NaN,NaN,NaN,NaN,
111.196,-0.01840,-0.01362,0.12858,-0.48956,-0.33846,0.06782,0.80074,NaN,NaN,NaN,NaN,NaN,NaN,NaN,NaN,NaN,NaN,NaN,NaN,NaN,NaN,NaN,NaN,NaN,NaN,NaN,NaN,NaN,
111.221,-0.01851,-0.01348,0.12869,-0.49348,-0.33699,0.07276,0.79851,NaN,NaN,NaN,NaN,NaN,NaN,NaN,NaN,NaN,NaN,NaN,NaN,NaN,NaN,NaN,NaN,NaN,NaN,NaN,NaN,NaN,
111.246,-0.01853,-0.01342,0.12867,-0.49468,-0.33662,0.07440,0.79777,NaN,NaN,NaN,NaN,NaN,NaN,NaN,NaN,NaN,NaN,NaN,NaN,NaN,NaN,NaN,NaN,NaN,NaN,NaN,NaN,NaN,
111.271,-0.01862,-0.01336,0.12875,-0.49530,-0.33653,0.07541,0.79733,NaN,NaN,NaN,NaN,NaN,NaN,NaN,NaN,NaN,NaN,NaN,NaN,NaN,NaN,NaN,NaN,NaN,NaN,NaN,NaN,NaN,
111.296,-0.01870,-0.01329,0.12864,-0.49595,-0.33686,0.07711,0.79663,NaN,NaN,NaN,NaN,NaN,NaN,NaN,NaN,NaN,NaN,NaN,NaN,NaN,NaN,NaN,NaN,NaN,NaN,NaN,NaN,NaN,
111.321,-0.01876,-0.01328,0.12868,-0.49664,-0.33657,0.07797,0.79623,NaN,NaN,NaN,NaN,NaN,NaN,NaN,NaN,NaN,NaN,NaN,NaN,NaN,NaN,NaN,NaN,NaN,NaN,NaN,NaN,NaN,
111.346,-0.01885,-0.01323,0.12869,-0.49716,-0.33668,0.07910,0.79575,NaN,NaN,NaN,NaN,NaN,NaN,NaN,NaN,NaN,NaN,NaN,NaN,NaN,NaN,NaN,NaN,NaN,NaN,NaN,NaN,NaN,
111.371,-0.01890,-0.01318,0.12863,-0.49794,-0.33655,0.08034,0.79520,NaN,NaN,NaN,NaN,NaN,NaN,NaN,NaN,NaN,NaN,NaN,NaN,NaN,NaN,NaN,NaN,NaN,NaN,NaN,NaN,NaN,
111.396,-0.01892,-0.01315,0.12868,-0.49870,-0.33622,0.08127,0.79476,NaN,NaN,NaN,NaN,NaN,NaN,NaN,NaN,NaN,NaN,NaN,NaN,NaN,NaN,NaN,NaN,NaN,NaN,NaN,NaN,NaN,
111.421,-0.01896,-0.01312,0.12869,-0.49937,-0.33602,0.08221,0.79433,NaN,NaN,NaN,NaN,NaN,NaN,NaN,NaN,NaN,NaN,NaN,NaN,NaN,NaN,NaN,NaN,NaN,NaN,NaN,NaN,NaN,
111.446,-0.01898,-0.01307,0.12862,0.50032,0.33593,-0.08384,-0.79360,NaN,NaN,NaN,NaN,NaN,NaN,NaN,NaN,NaN,NaN,NaN,NaN,NaN,NaN,NaN,NaN,NaN,NaN,NaN,NaN,NaN,
111.471,-0.01902,-0.01303,0.12869,0.50132,0.33546,-0.08500,-0.79305,NaN,NaN,NaN,NaN,NaN,NaN,NaN,NaN,NaN,NaN,NaN,NaN,NaN,NaN,NaN,NaN,NaN,NaN,NaN,NaN,NaN,
111.496,-0.01913,-0.01293,0.12864,0.50247,0.33533,-0.08697,-0.79216,NaN,NaN,NaN,NaN,NaN,NaN,NaN,NaN,NaN,NaN,NaN,NaN,NaN,NaN,NaN,NaN,NaN,NaN,NaN,NaN,NaN,
111.521,-0.01915,-0.01287,0.12863,0.50419,0.33464,-0.08917,-0.79111,NaN,NaN,NaN,NaN,NaN,NaN,NaN,NaN,NaN,NaN,NaN,NaN,NaN,NaN,NaN,NaN,NaN,NaN,NaN,NaN,NaN,
111.546,-0.01930,-0.01274,0.12862,0.50612,0.33428,-0.09227,-0.78968,NaN,NaN,NaN,NaN,NaN,NaN,NaN,NaN,NaN,NaN,NaN,NaN,NaN,NaN,NaN,NaN,NaN,NaN,NaN,NaN,NaN,
111.571,-0.01932,-0.01271,0.12864,0.50775,0.33341,-0.09404,-0.78879,NaN,NaN,NaN,NaN,NaN,NaN,NaN,NaN,NaN,NaN,NaN,NaN,NaN,NaN,NaN,NaN,NaN,NaN,NaN,NaN,NaN,
111.596,-0.01936,-0.01266,0.12855,0.50837,0.33379,-0.09583,-0.78801,NaN,NaN,NaN,NaN,NaN,NaN,NaN,NaN,NaN,NaN,NaN,NaN,NaN,NaN,NaN,NaN,NaN,NaN,NaN,NaN,NaN,
111.621,-0.01939,-0.01259,0.12867,0.50967,0.33302,-0.09714,-0.78733,NaN,NaN,NaN,NaN,NaN,NaN,NaN,NaN,NaN,NaN,NaN,NaN,NaN,NaN,NaN,NaN,NaN,NaN,NaN,NaN,NaN,
111.646,-0.01939,-0.01252,0.12862,0.51160,0.33227,-0.09969,-0.78608,NaN,NaN,NaN,NaN,NaN,NaN,NaN,NaN,NaN,NaN,NaN,NaN,NaN,NaN,NaN,NaN,NaN,NaN,NaN,NaN,NaN,
111.671,-0.01942,-0.01248,0.12865,0.51267,0.33176,-0.10098,-0.78543,NaN,NaN,NaN,NaN,NaN,NaN,NaN,NaN,NaN,NaN,NaN,NaN,NaN,NaN,NaN,NaN,NaN,NaN,NaN,NaN,NaN,
111.696,-0.01949,-0.01241,0.12870,0.51391,0.33127,-0.10261,-0.78462,NaN,NaN,NaN,NaN,NaN,NaN,NaN,NaN,NaN,NaN,NaN,NaN,NaN,NaN,NaN,NaN,NaN,NaN,NaN,NaN,NaN,
111.721,-0.01952,-0.01231,0.12862,0.51550,0.33063,-0.10474,-0.78356,NaN,NaN,NaN,NaN,NaN,NaN,NaN,NaN,NaN,NaN,NaN,NaN,NaN,NaN,NaN,NaN,NaN,NaN,NaN,NaN,NaN,
111.746,-0.01954,-0.01226,0.12863,0.51739,0.32966,-0.10691,-0.78243,NaN,NaN,NaN,NaN,NaN,NaN,NaN,NaN,NaN,NaN,NaN,NaN,NaN,NaN,NaN,NaN,NaN,NaN,NaN,NaN,NaN,
111.771,-0.01959,-0.01220,0.12864,0.51922,0.32882,-0.10919,-0.78126,NaN,NaN,NaN,NaN,NaN,NaN,NaN,NaN,NaN,NaN,NaN,NaN,NaN,NaN,NaN,NaN,NaN,NaN,NaN,NaN,NaN,
111.796,-0.01963,-0.01217,0.12858,0.52020,0.32850,-0.11063,-0.78054,NaN,NaN,NaN,NaN,NaN,NaN,NaN,NaN,NaN,NaN,NaN,NaN,NaN,NaN,NaN,NaN,NaN,NaN,NaN,NaN,NaN,
111.821,-0.01964,-0.01215,0.12867,0.52111,0.32785,-0.11142,-0.78009,NaN,NaN,NaN,NaN,NaN,NaN,NaN,NaN,NaN,NaN,NaN,NaN,NaN,NaN,NaN,NaN,NaN,NaN,NaN,NaN,NaN,
111.846,-0.01974,-0.01204,0.12859,0.52285,0.32726,-0.11394,-0.77881,NaN,NaN,NaN,NaN,NaN,NaN,NaN,NaN,NaN,NaN,NaN,NaN,NaN,NaN,NaN,NaN,NaN,NaN,NaN,NaN,NaN,
111.871,-0.01973,-0.01198,0.12862,0.52478,0.32616,-0.11606,-0.77766,NaN,NaN,NaN,NaN,NaN,NaN,NaN,NaN,NaN,NaN,NaN,NaN,NaN,NaN,NaN,NaN,NaN,NaN,NaN,NaN,NaN,
111.896,-0.01979,-0.01192,0.12863,0.52574,0.32583,-0.11747,-0.77694,NaN,NaN,NaN,NaN,NaN,NaN,NaN,NaN,NaN,NaN,NaN,NaN,NaN,NaN,NaN,NaN,NaN,NaN,NaN,NaN,NaN,
111.921,-0.01978,-0.01185,0.12858,0.52728,0.32502,-0.11928,-0.77596,NaN,NaN,NaN,NaN,NaN,NaN,NaN,NaN,NaN,NaN,NaN,NaN,NaN,NaN,NaN,NaN,NaN,NaN,NaN,NaN,NaN,
111.946,-0.01981,-0.01180,0.12863,0.52908,0.32403,-0.12135,-0.77483,NaN,NaN,NaN,NaN,NaN,NaN,NaN,NaN,NaN,NaN,NaN,NaN,NaN,NaN,NaN,NaN,NaN,NaN,NaN,NaN,NaN,
111.971,-0.01990,-0.01170,0.12861,0.53095,0.32321,-0.12386,-0.77349,NaN,NaN,NaN,NaN,NaN,NaN,NaN,NaN,NaN,NaN,NaN,NaN,NaN,NaN,NaN,NaN,NaN,NaN,NaN,NaN,NaN,
111.996,-0.02000,-0.01158,0.12854,0.53305,0.32230,-0.12671,-0.77196,NaN,NaN,NaN,NaN,NaN,NaN,NaN,NaN,NaN,NaN,NaN,NaN,NaN,NaN,NaN,NaN,NaN,NaN,NaN,NaN,NaN,
112.021,-0.02001,-0.01152,0.12862,0.53480,0.32119,-0.12852,-0.77092,NaN,NaN,NaN,NaN,NaN,NaN,NaN,NaN,NaN,NaN,NaN,NaN,NaN,NaN,NaN,NaN,NaN,NaN,NaN,NaN,NaN,
112.046,-0.02009,-0.01137,0.12861,0.53784,0.31947,-0.13205,-0.76891,NaN,NaN,NaN,NaN,NaN,NaN,NaN,NaN,NaN,NaN,NaN,NaN,NaN,NaN,NaN,NaN,NaN,NaN,NaN,NaN,NaN,
112.071,-0.02016,-0.01124,0.12866,0.54073,0.31790,-0.13555,-0.76693,NaN,NaN,NaN,NaN,NaN,NaN,NaN,NaN,NaN,NaN,NaN,NaN,NaN,NaN,NaN,NaN,NaN,NaN,NaN,NaN,NaN,
112.096,-0.02026,-0.01115,0.12865,0.54207,0.31737,-0.13753,-0.76585,NaN,NaN,NaN,NaN,NaN,NaN,NaN,NaN,NaN,NaN,NaN,NaN,NaN,NaN,NaN,NaN,NaN,NaN,NaN,NaN,NaN,
112.121,-0.02033,-0.01101,0.12856,0.54399,0.31654,-0.14025,-0.76433,NaN,NaN,NaN,NaN,NaN,NaN,NaN,NaN,NaN,NaN,NaN,NaN,NaN,NaN,NaN,NaN,NaN,NaN,NaN,NaN,NaN,
112.146,-0.02040,-0.01096,0.12861,0.54513,0.31587,-0.14158,-0.76355,NaN,NaN,NaN,NaN,NaN,NaN,NaN,NaN,NaN,NaN,NaN,NaN,NaN,NaN,NaN,NaN,NaN,NaN,NaN,NaN,NaN,
112.171,-0.02043,-0.01090,0.12855,0.54604,0.31553,-0.14298,-0.76278,NaN,NaN,NaN,NaN,NaN,NaN,NaN,NaN,NaN,NaN,NaN,NaN,NaN,NaN,NaN,NaN,NaN,NaN,NaN,NaN,NaN,
112.196,-0.02050,-0.01083,0.12853,0.54697,0.31508,-0.14423,-0.76207,NaN,NaN,NaN,NaN,NaN,NaN,NaN,NaN,NaN,NaN,NaN,NaN,NaN,NaN,NaN,NaN,NaN,NaN,NaN,NaN,NaN,
112.221,-0.02051,-0.01085,0.12863,0.54756,0.31452,-0.14455,-0.76182,NaN,NaN,NaN,NaN,NaN,NaN,NaN,NaN,NaN,NaN,NaN,NaN,NaN,NaN,NaN,NaN,NaN,NaN,NaN,NaN,NaN,
112.246,-0.02052,-0.01079,0.12855,0.54859,0.31399,-0.14591,-0.76103,NaN,NaN,NaN,NaN,NaN,NaN,NaN,NaN,NaN,NaN,NaN,NaN,NaN,NaN,NaN,NaN,NaN,NaN,NaN,NaN,NaN,
112.271,-0.02056,-0.01073,0.12863,0.54992,0.31312,-0.14734,-0.76015,NaN,NaN,NaN,NaN,NaN,NaN,NaN,NaN,NaN,NaN,NaN,NaN,NaN,NaN,NaN,NaN,NaN,NaN,NaN,NaN,NaN,
112.296,-0.02052,-0.01071,0.12862,0.55103,0.31241,-0.14857,-0.75940,NaN,NaN,NaN,NaN,NaN,NaN,NaN,NaN,NaN,NaN,NaN,NaN,NaN,NaN,NaN,NaN,NaN,NaN,NaN,NaN,NaN,
112.321,-0.02058,-0.01063,0.12857,0.55195,0.31201,-0.14993,-0.75863,NaN,NaN,NaN,NaN,NaN,NaN,NaN,NaN,NaN,NaN,NaN,NaN,NaN,NaN,NaN,NaN,NaN,NaN,NaN,NaN,NaN,
112.346,-0.02062,-0.01061,0.12863,0.55308,0.31115,-0.15094,-0.75796,NaN,NaN,NaN,NaN,NaN,NaN,NaN,NaN,NaN,NaN,NaN,NaN,NaN,NaN,NaN,NaN,NaN,NaN,NaN,NaN,NaN,
112.371,-0.02061,-0.01055,0.12860,0.55498,0.30987,-0.15297,-0.75669,NaN,NaN,NaN,NaN,NaN,NaN,NaN,NaN,NaN,NaN,NaN,NaN,NaN,NaN,NaN,NaN,NaN,NaN,NaN,NaN,NaN,
112.396,-0.02068,-0.01044,0.12858,0.55683,0.30883,-0.15530,-0.75528,NaN,NaN,NaN,NaN,NaN,NaN,NaN,NaN,NaN,NaN,NaN,NaN,NaN,NaN,NaN,NaN,NaN,NaN,NaN,NaN,NaN,
112.421,-0.02068,-0.01040,0.12860,0.55859,0.30753,-0.15701,-0.75416,NaN,NaN,NaN,NaN,NaN,NaN,NaN,NaN,NaN,NaN,NaN,NaN,NaN,NaN,NaN,NaN,NaN,NaN,NaN,NaN,NaN,
112.446,-0.02068,-0.01035,0.12862,0.56015,0.30639,-0.15858,-0.75313,NaN,NaN,NaN,NaN,NaN,NaN,NaN,NaN,NaN,NaN,NaN,NaN,NaN,NaN,NaN,NaN,NaN,NaN,NaN,NaN,NaN,
112.471,-0.02068,-0.01028,0.12871,0.56225,0.30485,-0.16068,-0.75175,NaN,NaN,NaN,NaN,NaN,NaN,NaN,NaN,NaN,NaN,NaN,NaN,NaN,NaN,NaN,NaN,NaN,NaN,NaN,NaN,NaN,
112.496,-0.02073,-0.01014,0.12867,0.56519,0.30290,-0.16402,-0.74960,NaN,NaN,NaN,NaN,NaN,NaN,NaN,NaN,NaN,NaN,NaN,NaN,NaN,NaN,NaN,NaN,NaN,NaN,NaN,NaN,NaN,
112.521,-0.02081,-0.00998,0.12870,0.56809,0.30094,-0.16728,-0.74748,NaN,NaN,NaN,NaN,NaN,NaN,NaN,NaN,NaN,NaN,NaN,NaN,NaN,NaN,NaN,NaN,NaN,NaN,NaN,NaN,NaN,
112.546,-0.02098,-0.00974,0.12862,0.57172,0.29886,-0.17211,-0.74444,NaN,NaN,NaN,NaN,NaN,NaN,NaN,NaN,NaN,NaN,NaN,NaN,NaN,NaN,NaN,NaN,NaN,NaN,NaN,NaN,NaN,
112.571,-0.02098,-0.00963,0.12861,0.57505,0.29640,-0.17561,-0.74204,NaN,NaN,NaN,NaN,NaN,NaN,NaN,NaN,NaN,NaN,NaN,NaN,NaN,NaN,NaN,NaN,NaN,NaN,NaN,NaN,NaN,
112.596,-0.02115,-0.00943,0.12855,0.57747,0.29525,-0.17936,-0.73972,NaN,NaN,NaN,NaN,NaN,NaN,NaN,NaN,NaN,NaN,NaN,NaN,NaN,NaN,NaN,NaN,NaN,NaN,NaN,NaN,NaN,
112.621,-0.02120,-0.00937,0.12854,0.57876,0.29435,-0.18084,-0.73871,NaN,NaN,NaN,NaN,NaN,NaN,NaN,NaN,NaN,NaN,NaN,NaN,NaN,NaN,NaN,NaN,NaN,NaN,NaN,NaN,NaN,
112.646,-0.02121,-0.00933,0.12863,0.58000,0.29319,-0.18176,-0.73797,NaN,NaN,NaN,NaN,NaN,NaN,NaN,NaN,NaN,NaN,NaN,NaN,NaN,NaN,NaN,NaN,NaN,NaN,NaN,NaN,NaN,
112.671,-0.02128,-0.00919,0.12868,0.58278,0.29118,-0.18491,-0.73579,NaN,NaN,NaN,NaN,NaN,NaN,NaN,NaN,NaN,NaN,NaN,NaN,NaN,NaN,NaN,NaN,NaN,NaN,NaN,NaN,NaN,
112.696,-0.02136,-0.00904,0.12862,0.58604,0.28904,-0.18903,-0.73299,NaN,NaN,NaN,NaN,NaN,NaN,NaN,NaN,NaN,NaN,NaN,NaN,NaN,NaN,NaN,NaN,NaN,NaN,NaN,NaN,NaN,
112.721,-0.02150,-0.00886,0.12855,0.58784,0.28802,-0.19165,-0.73128,NaN,NaN,NaN,NaN,NaN,NaN,NaN,NaN,NaN,NaN,NaN,NaN,NaN,NaN,NaN,NaN,NaN,NaN,NaN,NaN,NaN,
112.746,-0.02155,-0.00877,0.12861,0.58938,0.28687,-0.19341,-0.73002,NaN,NaN,NaN,NaN,NaN,NaN,NaN,NaN,NaN,NaN,NaN,NaN,NaN,NaN,NaN,NaN,NaN,NaN,NaN,NaN,NaN,
112.771,-0.02159,-0.00870,0.12852,0.59048,0.28623,-0.19498,-0.72897,NaN,NaN,NaN,NaN,NaN,NaN,NaN,NaN,NaN,NaN,NaN,NaN,NaN,NaN,NaN,NaN,NaN,NaN,NaN,NaN,NaN,
112.796,-0.02164,-0.00862,0.12850,0.59156,0.28557,-0.19650,-0.72794,NaN,NaN,NaN,NaN,NaN,NaN,NaN,NaN,NaN,NaN,NaN,NaN,NaN,NaN,NaN,NaN,NaN,NaN,NaN,NaN,NaN,
112.821,-0.02168,-0.00856,0.12859,0.59283,0.28444,-0.19763,-0.72704,NaN,NaN,NaN,NaN,NaN,NaN,NaN,NaN,NaN,NaN,NaN,NaN,NaN,NaN,NaN,NaN,NaN,NaN,NaN,NaN,NaN,
112.846,-0.02175,-0.00842,0.12847,0.59511,0.28296,-0.20071,-0.72491,NaN,NaN,NaN,NaN,NaN,NaN,NaN,NaN,NaN,NaN,NaN,NaN,NaN,NaN,NaN,NaN,NaN,NaN,NaN,NaN,NaN,
112.871,-0.02174,-0.00841,0.12863,0.59634,0.28160,-0.20134,-0.72425,NaN,NaN,NaN,NaN,NaN,NaN,NaN,NaN,NaN,NaN,NaN,NaN,NaN,NaN,NaN,NaN,NaN,NaN,NaN,NaN,NaN,
112.896,-0.02182,-0.00832,0.12855,0.59745,0.28109,-0.20325,-0.72300,NaN,NaN,NaN,NaN,NaN,NaN,NaN,NaN,NaN,NaN,NaN,NaN,NaN,NaN,NaN,NaN,NaN,NaN,NaN,NaN,NaN,
112.921,-0.02180,-0.00824,0.12853,0.59934,0.27945,-0.20511,-0.72154,NaN,NaN,NaN,NaN,NaN,NaN,NaN,NaN,NaN,NaN,NaN,NaN,NaN,NaN,NaN,NaN,NaN,NaN,NaN,NaN,NaN,
112.946,-0.02189,-0.00814,0.12859,0.60124,0.27793,-0.20719,-0.71996,NaN,NaN,NaN,NaN,NaN,NaN,NaN,NaN,NaN,NaN,NaN,NaN,NaN,NaN,NaN,NaN,NaN,NaN,NaN,NaN,NaN,
112.971,-0.02189,-0.00806,0.12858,0.60354,0.27593,-0.20949,-0.71813,NaN,NaN,NaN,NaN,NaN,NaN,NaN,NaN,NaN,NaN,NaN,NaN,NaN,NaN,NaN,NaN,NaN,NaN,NaN,NaN,NaN,
112.996,-0.02203,-0.00781,0.12846,0.60675,0.27360,-0.21362,-0.71510,NaN,NaN,NaN,NaN,NaN,NaN,NaN,NaN,NaN,NaN,NaN,NaN,NaN,NaN,NaN,NaN,NaN,NaN,NaN,NaN,NaN,
113.021,-0.02206,-0.00775,0.12852,0.60816,0.27230,-0.21493,-0.71400,NaN,NaN,NaN,NaN,NaN,NaN,NaN,NaN,NaN,NaN,NaN,NaN,NaN,NaN,NaN,NaN,NaN,NaN,NaN,NaN,NaN,
113.046,-0.02211,-0.00761,0.12842,0.61054,0.27043,-0.21780,-0.71181,NaN,NaN,NaN,NaN,NaN,NaN,NaN,NaN,NaN,NaN,NaN,NaN,NaN,NaN,NaN,NaN,NaN,NaN,NaN,NaN,NaN,
113.071,-0.02220,-0.00746,0.12848,0.61273,0.26843,-0.21992,-0.71003,NaN,NaN,NaN,NaN,NaN,NaN,NaN,NaN,NaN,NaN,NaN,NaN,NaN,NaN,NaN,NaN,NaN,NaN,NaN,NaN,NaN,
113.096,-0.02221,-0.00741,0.12858,0.61458,0.26665,-0.22159,-0.70858,NaN,NaN,NaN,NaN,NaN,NaN,NaN,NaN,NaN,NaN,NaN,NaN,NaN,NaN,NaN,NaN,NaN,NaN,NaN,NaN,NaN,
113.121,-0.02219,-0.00737,0.12851,0.61567,0.26583,-0.22301,-0.70750,NaN,NaN,NaN,NaN,NaN,NaN,NaN,NaN,NaN,NaN,NaN,NaN,NaN,NaN,NaN,NaN,NaN,NaN,NaN,NaN,NaN,
113.146,-0.02229,-0.00728,0.12855,0.61661,0.26511,-0.22423,-0.70656,NaN,NaN,NaN,NaN,NaN,NaN,NaN,NaN,NaN,NaN,NaN,NaN,NaN,NaN,NaN,NaN,NaN,NaN,NaN,NaN,NaN,
113.171,-0.02232,-0.00723,0.12857,0.61781,0.26409,-0.22559,-0.70546,NaN,NaN,NaN,NaN,NaN,NaN,NaN,NaN,NaN,NaN,NaN,NaN,NaN,NaN,NaN,NaN,NaN,NaN,NaN,NaN,NaN,
113.196,-0.02235,-0.00714,0.12853,0.61936,0.26278,-0.22740,-0.70401,NaN,NaN,NaN,NaN,NaN,NaN,NaN,NaN,NaN,NaN,NaN,NaN,NaN,NaN,NaN,NaN,NaN,NaN,NaN,NaN,NaN,
113.221,-0.02240,-0.00708,0.12860,0.62039,0.26173,-0.22825,-0.70321,NaN,NaN,NaN,NaN,NaN,NaN,NaN,NaN,NaN,NaN,NaN,NaN,NaN,NaN,NaN,NaN,NaN,NaN,NaN,NaN,NaN,
113.246,-0.02244,-0.00701,0.12853,0.62170,0.26067,-0.22989,-0.70192,NaN,NaN,NaN,NaN,NaN,NaN,NaN,NaN,NaN,NaN,NaN,NaN,NaN,NaN,NaN,NaN,NaN,NaN,NaN,NaN,NaN,
113.271,-0.02247,-0.00700,0.12859,0.62237,0.26003,-0.23054,-0.70135,NaN,NaN,NaN,NaN,NaN,NaN,NaN,NaN,NaN,NaN,NaN,NaN,NaN,NaN,NaN,NaN,NaN,NaN,NaN,NaN,NaN,
113.296,-0.02250,-0.00701,0.12862,0.62280,0.25958,-0.23087,-0.70103,NaN,NaN,NaN,NaN,NaN,NaN,NaN,NaN,NaN,NaN,NaN,NaN,NaN,NaN,NaN,NaN,NaN,NaN,NaN,NaN,NaN,
113.321,-0.02250,-0.00694,0.12862,0.62422,0.25826,-0.23232,-0.69977,NaN,NaN,NaN,NaN,NaN,NaN,NaN,NaN,NaN,NaN,NaN,NaN,NaN,NaN,NaN,NaN,NaN,NaN,NaN,NaN,NaN,
113.346,-0.02250,-0.00690,0.12875,0.62538,0.25691,-0.23301,-0.69900,NaN,NaN,NaN,NaN,NaN,NaN,NaN,NaN,NaN,NaN,NaN,NaN,NaN,NaN,NaN,NaN,NaN,NaN,NaN,NaN,NaN,
113.371,-0.02251,-0.00682,0.12867,0.62689,0.25561,-0.23478,-0.69754,NaN,NaN,NaN,NaN,NaN,NaN,NaN,NaN,NaN,NaN,NaN,NaN,NaN,NaN,NaN,NaN,NaN,NaN,NaN,NaN,NaN,
113.396,-0.02254,-0.00670,0.12871,0.62907,0.25329,-0.23652,-0.69582,NaN,NaN,NaN,NaN,NaN,NaN,NaN,NaN,NaN,NaN,NaN,NaN,NaN,NaN,NaN,NaN,NaN,NaN,NaN,NaN,NaN,
113.421,-0.02259,-0.00658,0.12871,0.63123,0.25132,-0.23892,-0.69376,NaN,NaN,NaN,NaN,NaN,NaN,NaN,NaN,NaN,NaN,NaN,NaN,NaN,NaN,NaN,NaN,NaN,NaN,NaN,NaN,NaN,
113.446,-0.02258,-0.00650,0.12869,0.63277,0.24967,-0.24017,-0.69252,NaN,NaN,NaN,NaN,NaN,NaN,NaN,NaN,NaN,NaN,NaN,NaN,NaN,NaN,NaN,NaN,NaN,NaN,NaN,NaN,NaN,
113.471,-0.02260,-0.00649,0.12880,0.63369,0.24857,-0.24069,-0.69190,NaN,NaN,NaN,NaN,NaN,NaN,NaN,NaN,NaN,NaN,NaN,NaN,NaN,NaN,NaN,NaN,NaN,NaN,NaN,NaN,NaN,
113.496,-0.02264,-0.00638,0.12872,0.63560,0.24676,-0.24276,-0.69007,NaN,NaN,NaN,NaN,NaN,NaN,NaN,NaN,NaN,NaN,NaN,NaN,NaN,NaN,NaN,NaN,NaN,NaN,NaN,NaN,NaN,
113.521,-0.02260,-0.00633,0.12881,0.63733,0.24475,-0.24392,-0.68877,NaN,NaN,NaN,NaN,NaN,NaN,NaN,NaN,NaN,NaN,NaN,NaN,NaN,NaN,NaN,NaN,NaN,NaN,NaN,NaN,NaN,
113.546,-0.02260,-0.00628,0.12893,0.63944,0.24225,-0.24523,-0.68724,NaN,NaN,NaN,NaN,NaN,NaN,NaN,NaN,NaN,NaN,NaN,NaN,NaN,NaN,NaN,NaN,NaN,NaN,NaN,NaN,NaN,
113.571,-0.02256,-0.00618,0.12888,0.64197,0.23962,-0.24763,-0.68493,NaN,NaN,NaN,NaN,NaN,NaN,NaN,NaN,NaN,NaN,NaN,NaN,NaN,NaN,NaN,NaN,NaN,NaN,NaN,NaN,NaN,
113.596,-0.02256,-0.00604,0.12888,0.64429,0.23701,-0.24946,-0.68299,NaN,NaN,NaN,NaN,NaN,NaN,NaN,NaN,NaN,NaN,NaN,NaN,NaN,NaN,NaN,NaN,NaN,NaN,NaN,NaN,NaN,
113.621,-0.02253,-0.00599,0.12896,0.64576,0.23536,-0.25063,-0.68175,NaN,NaN,NaN,NaN,NaN,NaN,NaN,NaN,NaN,NaN,NaN,NaN,NaN,NaN,NaN,NaN,NaN,NaN,NaN,NaN,NaN,
113.646,-0.02254,-0.00596,0.12891,0.64655,0.23453,-0.25139,-0.68101,NaN,NaN,NaN,NaN,NaN,NaN,NaN,NaN,NaN,NaN,NaN,NaN,NaN,NaN,NaN,NaN,NaN,NaN,NaN,NaN,NaN,
113.671,-0.02254,-0.00593,0.12895,0.64765,0.23323,-0.25216,-0.68012,NaN,NaN,NaN,NaN,NaN,NaN,NaN,NaN,NaN,NaN,NaN,NaN,NaN,NaN,NaN,NaN,NaN,NaN,NaN,NaN,NaN,
113.696,-0.02252,-0.00587,0.12905,0.64929,0.23121,-0.25317,-0.67887,NaN,NaN,NaN,NaN,NaN,NaN,NaN,NaN,NaN,NaN,NaN,NaN,NaN,NaN,NaN,NaN,NaN,NaN,NaN,NaN,NaN,
113.721,-0.02250,-0.00584,0.12901,0.65055,0.22973,-0.25411,-0.67782,NaN,NaN,NaN,NaN,NaN,NaN,NaN,NaN,NaN,NaN,NaN,NaN,NaN,NaN,NaN,NaN,NaN,NaN,NaN,NaN,NaN,
113.746,-0.02245,-0.00579,0.12904,0.65228,0.22758,-0.25517,-0.67648,NaN,NaN,NaN,NaN,NaN,NaN,NaN,NaN,NaN,NaN,NaN,NaN,NaN,NaN,NaN,NaN,NaN,NaN,NaN,NaN,NaN,
113.771,-0.02238,-0.00574,0.12916,0.65442,0.22488,-0.25643,-0.67483,NaN,NaN,NaN,NaN,NaN,NaN,NaN,NaN,NaN,NaN,NaN,NaN,NaN,NaN,NaN,NaN,NaN,NaN,NaN,NaN,NaN,
113.796,-0.02232,-0.00566,0.12913,0.65636,0.22251,-0.25775,-0.67323,NaN,NaN,NaN,NaN,NaN,NaN,NaN,NaN,NaN,NaN,NaN,NaN,NaN,NaN,NaN,NaN,NaN,NaN,NaN,NaN,NaN,
113.821,-0.02232,-0.00549,0.12910,0.65891,0.21956,-0.25988,-0.67090,NaN,NaN,NaN,NaN,NaN,NaN,NaN,NaN,NaN,NaN,NaN,NaN,NaN,NaN,NaN,NaN,NaN,NaN,NaN,NaN,NaN,
113.846,-0.02220,-0.00539,0.12923,0.66259,0.21474,-0.26191,-0.66803,NaN,NaN,NaN,NaN,NaN,NaN,NaN,NaN,NaN,NaN,NaN,NaN,NaN,NaN,NaN,NaN,NaN,NaN,NaN,NaN,NaN,
113.871,-0.02214,-0.00522,0.12925,0.66666,0.20954,-0.26456,-0.66458,NaN,NaN,NaN,NaN,NaN,NaN,NaN,NaN,NaN,NaN,NaN,NaN,NaN,NaN,NaN,NaN,NaN,NaN,NaN,NaN,NaN,
113.896,-0.02208,-0.00509,0.12935,0.66993,0.20533,-0.26672,-0.66174,NaN,NaN,NaN,NaN,NaN,NaN,NaN,NaN,NaN,NaN,NaN,NaN,NaN,NaN,NaN,NaN,NaN,NaN,NaN,NaN,NaN,
113.921,-0.02205,-0.00501,0.12945,0.67253,0.20188,-0.26834,-0.65949,NaN,NaN,NaN,NaN,NaN,NaN,NaN,NaN,NaN,NaN,NaN,NaN,NaN,NaN,NaN,NaN,NaN,NaN,NaN,NaN,NaN,
113.946,-0.02200,-0.00491,0.12943,0.67484,0.19898,-0.27013,-0.65729,NaN,NaN,NaN,NaN,NaN,NaN,NaN,NaN,NaN,NaN,NaN,NaN,NaN,NaN,NaN,NaN,NaN,NaN,NaN,NaN,NaN,
113.971,-0.02198,-0.00484,0.12956,0.67678,0.19630,-0.27119,-0.65566,NaN,NaN,NaN,NaN,NaN,NaN,NaN,NaN,NaN,NaN,NaN,NaN,NaN,NaN,NaN,NaN,NaN,NaN,NaN,NaN,NaN,
113.996,-0.02197,-0.00473,0.12958,0.67921,0.19314,-0.27297,-0.65334,NaN,NaN,NaN,NaN,NaN,NaN,NaN,NaN,NaN,NaN,NaN,NaN,NaN,NaN,NaN,NaN,NaN,NaN,NaN,NaN,NaN,
114.021,-0.02193,-0.00452,0.12958,0.68271,0.18843,-0.27530,-0.65008,NaN,NaN,NaN,NaN,NaN,NaN,NaN,NaN,NaN,NaN,NaN,NaN,NaN,NaN,NaN,NaN,NaN,NaN,NaN,NaN,NaN,
114.046,-0.02184,-0.00442,0.12976,0.68577,0.18410,-0.27699,-0.64738,NaN,NaN,NaN,NaN,NaN,NaN,NaN,NaN,NaN,NaN,NaN,NaN,NaN,NaN,NaN,NaN,NaN,NaN,NaN,NaN,NaN,
114.071,-0.02180,-0.00426,0.12977,0.68889,0.17978,-0.27901,-0.64441,NaN,NaN,NaN,NaN,NaN,NaN,NaN,NaN,NaN,NaN,NaN,NaN,NaN,NaN,NaN,NaN,NaN,NaN,NaN,NaN,NaN,
114.096,-0.02177,-0.00411,0.12983,0.69160,0.17591,-0.28061,-0.64187,NaN,NaN,NaN,NaN,NaN,NaN,NaN,NaN,NaN,NaN,NaN,NaN,NaN,NaN,NaN,NaN,NaN,NaN,NaN,NaN,NaN,
114.121,-0.02174,-0.00398,0.12995,0.69445,0.17194,-0.28257,-0.63901,NaN,NaN,NaN,NaN,NaN,NaN,NaN,NaN,NaN,NaN,NaN,NaN,NaN,NaN,NaN,NaN,NaN,NaN,NaN,NaN,NaN,
114.146,-0.02172,-0.00386,0.12994,0.69685,0.16861,-0.28436,-0.63649,NaN,NaN,NaN,NaN,NaN,NaN,NaN,NaN,NaN,NaN,NaN,NaN,NaN,NaN,NaN,NaN,NaN,NaN,NaN,NaN,NaN,
114.171,-0.02180,-0.00375,0.12990,0.69839,0.16662,-0.28590,-0.63462,NaN,NaN,NaN,NaN,NaN,NaN,NaN,NaN,NaN,NaN,NaN,NaN,NaN,NaN,NaN,NaN,NaN,NaN,NaN,NaN,NaN,
114.196,-0.02178,-0.00368,0.13003,0.69986,0.16440,-0.28666,-0.63324,NaN,NaN,NaN,NaN,NaN,NaN,NaN,NaN,NaN,NaN,NaN,NaN,NaN,NaN,NaN,NaN,NaN,NaN,NaN,NaN,NaN,
114.221,-0.02184,-0.00349,0.12993,0.70239,0.16110,-0.28915,-0.63015,NaN,NaN,NaN,NaN,NaN,NaN,NaN,NaN,NaN,NaN,NaN,NaN,NaN,NaN,NaN,NaN,NaN,NaN,NaN,NaN,NaN,
114.246,-0.02180,-0.00342,0.13000,0.70381,0.15890,-0.28985,-0.62880,NaN,NaN,NaN,NaN,NaN,NaN,NaN,NaN,NaN,NaN,NaN,NaN,NaN,NaN,NaN,NaN,NaN,NaN,NaN,NaN,NaN,
114.271,-0.02175,-0.00330,0.13011,0.70632,0.15504,-0.29120,-0.62632,NaN,NaN,NaN,NaN,NaN,NaN,NaN,NaN,NaN,NaN,NaN,NaN,NaN,NaN,NaN,NaN,NaN,NaN,NaN,NaN,NaN,
114.296,-0.02166,-0.00310,0.13010,0.71006,0.14930,-0.29333,-0.62248,NaN,NaN,NaN,NaN,NaN,NaN,NaN,NaN,NaN,NaN,NaN,NaN,NaN,NaN,NaN,NaN,NaN,NaN,NaN,NaN,NaN,
114.321,-0.02158,-0.00289,0.13022,0.71345,0.14361,-0.29439,-0.61943,NaN,NaN,NaN,NaN,NaN,NaN,NaN,NaN,NaN,NaN,NaN,NaN,NaN,NaN,NaN,NaN,NaN,NaN,NaN,NaN,NaN,
114.346,-0.02149,-0.00279,0.13028,0.71614,0.13935,-0.29591,-0.61657,NaN,NaN,NaN,NaN,NaN,NaN,NaN,NaN,NaN,NaN,NaN,NaN,NaN,NaN,NaN,NaN,NaN,NaN,NaN,NaN,NaN,
114.371,-0.02159,-0.00256,0.13023,0.71808,0.13648,-0.29752,-0.61418,NaN,NaN,NaN,NaN,NaN,NaN,NaN,NaN,NaN,NaN,NaN,NaN,NaN,NaN,NaN,NaN,NaN,NaN,NaN,NaN,NaN,
114.396,-0.02155,-0.00253,0.13041,0.71955,0.13382,-0.29769,-0.61296,NaN,NaN,NaN,NaN,NaN,NaN,NaN,NaN,NaN,NaN,NaN,NaN,NaN,NaN,NaN,NaN,NaN,NaN,NaN,NaN,NaN,
114.421,-0.02163,-0.00245,0.13031,0.72073,0.13248,-0.29964,-0.61091,NaN,NaN,NaN,NaN,NaN,NaN,NaN,NaN,NaN,NaN,NaN,NaN,NaN,NaN,NaN,NaN,NaN,NaN,NaN,NaN,NaN,
114.446,-0.02175,-0.00232,0.13032,0.72158,0.13127,-0.30054,-0.60973,NaN,NaN,NaN,NaN,NaN,NaN,NaN,NaN,NaN,NaN,NaN,NaN,NaN,NaN,NaN,NaN,NaN,NaN,NaN,NaN,NaN,
114.471,-0.02163,-0.00226,0.13044,0.72377,0.12738,-0.30104,-0.60771,NaN,NaN,NaN,NaN,NaN,NaN,NaN,NaN,NaN,NaN,NaN,NaN,NaN,NaN,NaN,NaN,NaN,NaN,NaN,NaN,NaN,
114.496,-0.02155,-0.00208,0.13035,0.72597,0.12372,-0.30226,-0.60523,NaN,NaN,NaN,NaN,NaN,NaN,NaN,NaN,NaN,NaN,NaN,NaN,NaN,NaN,NaN,NaN,NaN,NaN,NaN,NaN,NaN,
114.521,-0.02163,-0.00199,0.13041,0.72649,0.12289,-0.30263,-0.60459,NaN,NaN,NaN,NaN,NaN,NaN,NaN,NaN,NaN,NaN,NaN,NaN,NaN,NaN,NaN,NaN,NaN,NaN,NaN,NaN,NaN,
114.546,-0.02153,-0.00184,0.13041,0.72889,0.11865,-0.30347,-0.60212,NaN,NaN,NaN,NaN,NaN,NaN,NaN,NaN,NaN,NaN,NaN,NaN,NaN,NaN,NaN,NaN,NaN,NaN,NaN,NaN,NaN,
114.571,-0.02144,-0.00169,0.13047,0.73098,0.11482,-0.30396,-0.60008,NaN,NaN,NaN,NaN,NaN,NaN,NaN,NaN,NaN,NaN,NaN,NaN,NaN,NaN,NaN,NaN,NaN,NaN,NaN,NaN,NaN,
114.596,-0.02144,-0.00169,0.13047,0.73098,0.11482,-0.30396,-0.60008,NaN,NaN,NaN,NaN,NaN,NaN,NaN,NaN,NaN,NaN,NaN,NaN,NaN,NaN,NaN,NaN,NaN,NaN,NaN,NaN,NaN,
114.621,-0.02136,-0.00157,0.13049,0.73380,0.10992,-0.30537,-0.59683,NaN,NaN,NaN,NaN,NaN,NaN,NaN,NaN,NaN,NaN,NaN,NaN,NaN,NaN,NaN,NaN,NaN,NaN,NaN,NaN,NaN,
114.646,-0.02120,-0.00137,0.13055,0.73683,0.10396,-0.30544,-0.59413,NaN,NaN,NaN,NaN,NaN,NaN,NaN,NaN,NaN,NaN,NaN,NaN,NaN,NaN,NaN,NaN,NaN,NaN,NaN,NaN,NaN,
114.671,-0.02119,-0.00110,0.13057,0.73988,0.09843,-0.30677,-0.59058,NaN,NaN,NaN,NaN,NaN,NaN,NaN,NaN,NaN,NaN,NaN,NaN,NaN,NaN,NaN,NaN,NaN,NaN,NaN,NaN,NaN,
114.696,-0.02119,-0.00089,0.13048,0.74203,0.09452,-0.30780,-0.58798,NaN,NaN,NaN,NaN,NaN,NaN,NaN,NaN,NaN,NaN,NaN,NaN,NaN,NaN,NaN,NaN,NaN,NaN,NaN,NaN,NaN,
114.721,-0.02111,-0.00082,0.13055,0.74330,0.09196,-0.30786,-0.58675,NaN,NaN,NaN,NaN,NaN,NaN,NaN,NaN,NaN,NaN,NaN,NaN,NaN,NaN,NaN,NaN,NaN,NaN,NaN,NaN,NaN,
114.746,-0.02107,-0.00082,0.13054,0.74351,0.09153,-0.30784,-0.58656,NaN,NaN,NaN,NaN,NaN,NaN,NaN,NaN,NaN,NaN,NaN,NaN,NaN,NaN,NaN,NaN,NaN,NaN,NaN,NaN,NaN,
114.771,-0.02108,-0.00079,0.13044,0.74360,0.09141,-0.30801,-0.58637,NaN,NaN,NaN,NaN,NaN,NaN,NaN,NaN,NaN,NaN,NaN,NaN,NaN,NaN,NaN,NaN,NaN,NaN,NaN,NaN,NaN,
114.796,-0.02109,-0.00079,0.13046,0.74389,0.09092,-0.30823,-0.58597,NaN,NaN,NaN,NaN,NaN,NaN,NaN,NaN,NaN,NaN,NaN,NaN,NaN,NaN,NaN,NaN,NaN,NaN,NaN,NaN,NaN,
114.821,-0.02112,-0.00071,0.13034,0.74447,0.08988,-0.30862,-0.58518,NaN,NaN,NaN,NaN,NaN,NaN,NaN,NaN,NaN,NaN,NaN,NaN,NaN,NaN,NaN,NaN,NaN,NaN,NaN,NaN,NaN,
114.846,-0.02102,-0.00064,0.13020,0.74524,0.08844,-0.30894,-0.58426,NaN,NaN,NaN,NaN,NaN,NaN,NaN,NaN,NaN,NaN,NaN,NaN,NaN,NaN,NaN,NaN,NaN,NaN,NaN,NaN,NaN,
114.871,-0.02105,-0.00060,0.13024,0.74552,0.08774,-0.30866,-0.58414,NaN,NaN,NaN,NaN,NaN,NaN,NaN,NaN,NaN,NaN,NaN,NaN,NaN,NaN,NaN,NaN,NaN,NaN,NaN,NaN,NaN,
114.896,-0.02102,-0.00045,0.13009,0.74702,0.08512,-0.30977,-0.58204,NaN,NaN,NaN,NaN,NaN,NaN,NaN,NaN,NaN,NaN,NaN,NaN,NaN,NaN,NaN,NaN,NaN,NaN,NaN,NaN,NaN,
114.921,-0.02101,-0.00031,0.12998,0.74813,0.08311,-0.31049,-0.58050,NaN,NaN,NaN,NaN,NaN,NaN,NaN,NaN,NaN,NaN,NaN,NaN,NaN,NaN,NaN,NaN,NaN,NaN,NaN,NaN,NaN,
114.946,-0.02102,-0.00021,0.12995,0.74908,0.08127,-0.31086,-0.57934,NaN,NaN,NaN,NaN,NaN,NaN,NaN,NaN,NaN,NaN,NaN,NaN,NaN,NaN,NaN,NaN,NaN,NaN,NaN,NaN,NaN,
114.971,-0.02099,-0.00014,0.12990,0.74965,0.08005,-0.31078,-0.57882,NaN,NaN,NaN,NaN,NaN,NaN,NaN,NaN,NaN,NaN,NaN,NaN,NaN,NaN,NaN,NaN,NaN,NaN,NaN,NaN,NaN,
114.996,-0.02095,0.00001,0.12978,0.75126,0.07705,-0.31174,-0.57661,NaN,NaN,NaN,NaN,NaN,NaN,NaN,NaN,NaN,NaN,NaN,NaN,NaN,NaN,NaN,NaN,NaN,NaN,NaN,NaN,NaN,
115.021,-0.02098,0.00013,0.12977,0.75273,0.07422,-0.31241,-0.57471,NaN,NaN,NaN,NaN,NaN,NaN,NaN,NaN,NaN,NaN,NaN,NaN,NaN,NaN,NaN,NaN,NaN,NaN,NaN,NaN,NaN,
115.046,-0.02102,0.00024,0.12974,0.75359,0.07260,-0.31288,-0.57354,NaN,NaN,NaN,NaN,NaN,NaN,NaN,NaN,NaN,NaN,NaN,NaN,NaN,NaN,NaN,NaN,NaN,NaN,NaN,NaN,NaN,
115.071,-0.02096,0.00029,0.12965,0.75427,0.07137,-0.31345,-0.57248,NaN,NaN,NaN,NaN,NaN,NaN,NaN,NaN,NaN,NaN,NaN,NaN,NaN,NaN,NaN,NaN,NaN,NaN,NaN,NaN,NaN,
115.096,-0.02098,0.00035,0.12962,0.75453,0.07080,-0.31342,-0.57222,NaN,NaN,NaN,NaN,NaN,NaN,NaN,NaN,NaN,NaN,NaN,NaN,NaN,NaN,NaN,NaN,NaN,NaN,NaN,NaN,NaN,
115.121,-0.02091,0.00043,0.12960,0.75529,0.06933,-0.31383,-0.57117,NaN,NaN,NaN,NaN,NaN,NaN,NaN,NaN,NaN,NaN,NaN,NaN,NaN,NaN,NaN,NaN,NaN,NaN,NaN,NaN,NaN,
115.146,-0.02090,0.00053,0.12946,0.75588,0.06822,-0.31420,-0.57033,NaN,NaN,NaN,NaN,NaN,NaN,NaN,NaN,NaN,NaN,NaN,NaN,NaN,NaN,NaN,NaN,NaN,NaN,NaN,NaN,NaN,
115.171,-0.02090,0.00053,0.12945,0.75587,0.06817,-0.31404,-0.57043,NaN,NaN,NaN,NaN,NaN,NaN,NaN,NaN,NaN,NaN,NaN,NaN,NaN,NaN,NaN,NaN,NaN,NaN,NaN,NaN,NaN,
115.196,-0.02092,0.00056,0.12944,0.75613,0.06763,-0.31407,-0.57014,NaN,NaN,NaN,NaN,NaN,NaN,NaN,NaN,NaN,NaN,NaN,NaN,NaN,NaN,NaN,NaN,NaN,NaN,NaN,NaN,NaN,
115.221,-0.02086,0.00059,0.12938,0.75666,0.06659,-0.31439,-0.56937,NaN,NaN,NaN,NaN,NaN,NaN,NaN,NaN,NaN,NaN,NaN,NaN,NaN,NaN,NaN,NaN,NaN,NaN,NaN,NaN,NaN,
115.246,-0.02087,0.00068,0.12935,0.75737,0.06517,-0.31465,-0.56846,NaN,NaN,NaN,NaN,NaN,NaN,NaN,NaN,NaN,NaN,NaN,NaN,NaN,NaN,NaN,NaN,NaN,NaN,NaN,NaN,NaN,
115.271,-0.02087,0.00087,0.12941,0.75937,0.06111,-0.31541,-0.56581,NaN,NaN,NaN,NaN,NaN,NaN,NaN,NaN,NaN,NaN,NaN,NaN,NaN,NaN,NaN,NaN,NaN,NaN,NaN,NaN,NaN,
115.296,-0.02087,0.00123,0.12921,0.76261,0.05463,-0.31713,-0.56113,NaN,NaN,NaN,NaN,NaN,NaN,NaN,NaN,NaN,NaN,NaN,NaN,NaN,NaN,NaN,NaN,NaN,NaN,NaN,NaN,NaN,
115.321,-0.02082,0.00129,0.12923,0.76341,0.05289,-0.31724,-0.56015,NaN,NaN,NaN,NaN,NaN,NaN,NaN,NaN,NaN,NaN,NaN,NaN,NaN,NaN,NaN,NaN,NaN,NaN,NaN,NaN,NaN,
115.346,-0.02093,0.00141,0.12927,0.76409,0.05141,-0.31737,-0.55929,NaN,NaN,NaN,NaN,NaN,NaN,NaN,NaN,NaN,NaN,NaN,NaN,NaN,NaN,NaN,NaN,NaN,NaN,NaN,NaN,NaN,
115.371,-0.02083,0.00149,0.12920,0.76534,0.04874,-0.31776,-0.55759,NaN,NaN,NaN,NaN,NaN,NaN,NaN,NaN,NaN,NaN,NaN,NaN,NaN,NaN,NaN,NaN,NaN,NaN,NaN,NaN,NaN,
115.396,-0.02083,0.00153,0.12921,0.76563,0.04803,-0.31763,-0.55733,NaN,NaN,NaN,NaN,NaN,NaN,NaN,NaN,NaN,NaN,NaN,NaN,NaN,NaN,NaN,NaN,NaN,NaN,NaN,NaN,NaN,
115.421,-0.02087,0.00151,0.12928,0.76572,0.04776,-0.31747,-0.55733,NaN,NaN,NaN,NaN,NaN,NaN,NaN,NaN,NaN,NaN,NaN,NaN,NaN,NaN,NaN,NaN,NaN,NaN,NaN,NaN,NaN,
115.446,-0.02079,0.00155,0.12924,0.76629,0.04649,-0.31753,-0.55661,NaN,NaN,NaN,NaN,NaN,NaN,NaN,NaN,NaN,NaN,NaN,NaN,NaN,NaN,NaN,NaN,NaN,NaN,NaN,NaN,NaN,
115.471,-0.02080,0.00161,0.12926,0.76678,0.04534,-0.31745,-0.55608,NaN,NaN,NaN,NaN,NaN,NaN,NaN,NaN,NaN,NaN,NaN,NaN,NaN,NaN,NaN,NaN,NaN,NaN,NaN,NaN,NaN,
115.496,-0.02063,0.00159,0.12935,0.76792,0.04279,-0.31765,-0.55459,NaN,NaN,NaN,NaN,NaN,NaN,NaN,NaN,NaN,NaN,NaN,NaN,NaN,NaN,NaN,NaN,NaN,NaN,NaN,NaN,NaN,
115.521,-0.02019,0.00224,0.12936,0.77412,0.02734,-0.31552,-0.54812,NaN,NaN,NaN,NaN,NaN,NaN,NaN,NaN,NaN,NaN,NaN,NaN,NaN,NaN,NaN,NaN,NaN,NaN,NaN,NaN,NaN,
115.546,-0.01980,0.00277,0.12959,0.77987,0.01164,-0.31158,-0.54275,NaN,NaN,NaN,NaN,NaN,NaN,NaN,NaN,NaN,NaN,NaN,NaN,NaN,NaN,NaN,NaN,NaN,NaN,NaN,NaN,NaN,
115.571,-0.01954,0.00309,0.12984,0.78382,0.00029,-0.30836,-0.53902,NaN,NaN,NaN,NaN,NaN,NaN,NaN,NaN,NaN,NaN,NaN,NaN,NaN,NaN,NaN,NaN,NaN,NaN,NaN,NaN,NaN,
115.596,-0.01879,0.00334,0.12991,0.78807,-0.01175,-0.30608,-0.53397,NaN,NaN,NaN,NaN,NaN,NaN,NaN,NaN,NaN,NaN,NaN,NaN,NaN,NaN,NaN,NaN,NaN,NaN,NaN,NaN,NaN,
115.621,-0.01884,0.00350,0.13005,0.78900,-0.01495,-0.30450,-0.53341,NaN,NaN,NaN,NaN,NaN,NaN,NaN,NaN,NaN,NaN,NaN,NaN,NaN,NaN,NaN,NaN,NaN,NaN,NaN,NaN,NaN,
115.646,-0.01863,0.00377,0.13015,0.79152,-0.02280,-0.30214,-0.53074,NaN,NaN,NaN,NaN,NaN,NaN,NaN,NaN,NaN,NaN,NaN,NaN,NaN,NaN,NaN,NaN,NaN,NaN,NaN,NaN,NaN,
115.671,-0.01845,0.00419,0.13020,0.79488,-0.03248,-0.30117,-0.52575,NaN,NaN,NaN,NaN,NaN,NaN,NaN,NaN,NaN,NaN,NaN,NaN,NaN,NaN,NaN,NaN,NaN,NaN,NaN,NaN,NaN,
115.696,-0.01849,0.00464,0.13030,0.79775,-0.04110,-0.30003,-0.52143,NaN,NaN,NaN,NaN,NaN,NaN,NaN,NaN,NaN,NaN,NaN,NaN,NaN,NaN,NaN,NaN,NaN,NaN,NaN,NaN,NaN,
115.721,-0.01836,0.00494,0.13028,0.80004,-0.04789,-0.29966,-0.51755,NaN,NaN,NaN,NaN,NaN,NaN,NaN,NaN,NaN,NaN,NaN,NaN,NaN,NaN,NaN,NaN,NaN,NaN,NaN,NaN,NaN,
115.746,-0.01850,0.00522,0.13032,0.80108,-0.05127,-0.29903,-0.51596,NaN,NaN,NaN,NaN,NaN,NaN,NaN,NaN,NaN,NaN,NaN,NaN,NaN,NaN,NaN,NaN,NaN,NaN,NaN,NaN,NaN,
115.771,-0.01839,0.00531,0.13042,0.80205,-0.05448,-0.29831,-0.51455,NaN,NaN,NaN,NaN,NaN,NaN,NaN,NaN,NaN,NaN,NaN,NaN,NaN,NaN,NaN,NaN,NaN,NaN,NaN,NaN,NaN,
115.796,-0.01849,0.00544,0.13039,0.80236,-0.05545,-0.29824,-0.51400,NaN,NaN,NaN,NaN,NaN,NaN,NaN,NaN,NaN,NaN,NaN,NaN,NaN,NaN,NaN,NaN,NaN,NaN,NaN,NaN,NaN,
115.821,-0.01843,0.00543,0.13048,0.80257,-0.05626,-0.29787,-0.51380,NaN,NaN,NaN,NaN,NaN,NaN,NaN,NaN,NaN,NaN,NaN,NaN,NaN,NaN,NaN,NaN,NaN,NaN,NaN,NaN,NaN,
115.846,-0.01842,0.00541,0.13045,0.80252,-0.05616,-0.29775,-0.51396,NaN,NaN,NaN,NaN,NaN,NaN,NaN,NaN,NaN,NaN,NaN,NaN,NaN,NaN,NaN,NaN,NaN,NaN,NaN,NaN,NaN,
115.871,-0.01845,0.00540,0.13048,0.80260,-0.05629,-0.29794,-0.51371,NaN,NaN,NaN,NaN,NaN,NaN,NaN,NaN,NaN,NaN,NaN,NaN,NaN,NaN,NaN,NaN,NaN,NaN,NaN,NaN,NaN,
115.896,-0.01839,0.00540,0.13046,0.80267,-0.05655,-0.29783,-0.51364,NaN,NaN,NaN,NaN,NaN,NaN,NaN,NaN,NaN,NaN,NaN,NaN,NaN,NaN,NaN,NaN,NaN,NaN,NaN,NaN,NaN,
115.921,-0.01847,0.00536,0.13049,0.80244,-0.05577,-0.29802,-0.51397,NaN,NaN,NaN,NaN,NaN,NaN,NaN,NaN,NaN,NaN,NaN,NaN,NaN,NaN,NaN,NaN,NaN,NaN,NaN,NaN,NaN,
115.946,-0.01852,0.00536,0.13051,0.80245,-0.05577,-0.29811,-0.51390,NaN,NaN,NaN,NaN,NaN,NaN,NaN,NaN,NaN,NaN,NaN,NaN,NaN,NaN,NaN,NaN,NaN,NaN,NaN,NaN,NaN,
115.971,-0.01848,0.00535,0.13060,0.80238,-0.05572,-0.29779,-0.51420,NaN,NaN,NaN,NaN,NaN,NaN,NaN,NaN,NaN,NaN,NaN,NaN,NaN,NaN,NaN,NaN,NaN,NaN,NaN,NaN,NaN,
115.996,-0.01855,0.00535,0.13069,0.80255,-0.05605,-0.29812,-0.51372,NaN,NaN,NaN,NaN,NaN,NaN,NaN,NaN,NaN,NaN,NaN,NaN,NaN,NaN,NaN,NaN,NaN,NaN,NaN,NaN,NaN,
116.021,-0.01847,0.00537,0.13055,0.80251,-0.05605,-0.29791,-0.51389,NaN,NaN,NaN,NaN,NaN,NaN,NaN,NaN,NaN,NaN,NaN,NaN,NaN,NaN,NaN,NaN,NaN,NaN,NaN,NaN,NaN,
116.046,-0.01864,0.00520,0.13069,0.80161,-0.05325,-0.29817,-0.51544,NaN,NaN,NaN,NaN,NaN,NaN,NaN,NaN,NaN,NaN,NaN,NaN,NaN,NaN,NaN,NaN,NaN,NaN,NaN,NaN,NaN,
116.071,-0.01883,0.00505,0.13057,0.80027,-0.04859,-0.29964,-0.51712,NaN,NaN,NaN,NaN,NaN,NaN,NaN,NaN,NaN,NaN,NaN,NaN,NaN,NaN,NaN,NaN,NaN,NaN,NaN,NaN,NaN,
116.096,-0.01881,0.00494,0.13058,0.79972,-0.04705,-0.29949,-0.51821,NaN,NaN,NaN,NaN,NaN,NaN,NaN,NaN,NaN,NaN,NaN,NaN,NaN,NaN,NaN,NaN,NaN,NaN,NaN,NaN,NaN,
116.121,-0.01870,0.00480,0.13053,0.79927,-0.04559,-0.29984,-0.51883,NaN,NaN,NaN,NaN,NaN,NaN,NaN,NaN,NaN,NaN,NaN,NaN,NaN,NaN,NaN,NaN,NaN,NaN,NaN,NaN,NaN,
116.146,-0.01875,0.00474,0.13050,0.79858,-0.04381,-0.29937,-0.52032,NaN,NaN,NaN,NaN,NaN,NaN,NaN,NaN,NaN,NaN,NaN,NaN,NaN,NaN,NaN,NaN,NaN,NaN,NaN,NaN,NaN,
116.171,-0.01877,0.00465,0.13035,0.79773,-0.04086,-0.30043,-0.52126,NaN,NaN,NaN,NaN,NaN,NaN,NaN,NaN,NaN,NaN,NaN,NaN,NaN,NaN,NaN,NaN,NaN,NaN,NaN,NaN,NaN,
116.196,-0.01901,0.00444,0.13032,0.79601,-0.03508,-0.30236,-0.52318,NaN,NaN,NaN,NaN,NaN,NaN,NaN,NaN,NaN,NaN,NaN,NaN,NaN,NaN,NaN,NaN,NaN,NaN,NaN,NaN,NaN,
116.221,-0.01898,0.00452,0.13015,0.79626,-0.03582,-0.30226,-0.52281,NaN,NaN,NaN,NaN,NaN,NaN,NaN,NaN,NaN,NaN,NaN,NaN,NaN,NaN,NaN,NaN,NaN,NaN,NaN,NaN,NaN,
116.246,-0.01895,0.00450,0.13007,0.79596,-0.03503,-0.30218,-0.52336,NaN,NaN,NaN,NaN,NaN,NaN,NaN,NaN,NaN,NaN,NaN,NaN,NaN,NaN,NaN,NaN,NaN,NaN,NaN,NaN,NaN,
116.271,-0.01890,0.00439,0.13007,0.79556,-0.03394,-0.30211,-0.52408,NaN,NaN,NaN,NaN,NaN,NaN,NaN,NaN,NaN,NaN,NaN,NaN,NaN,NaN,NaN,NaN,NaN,NaN,NaN,NaN,NaN,
116.296,-0.01896,0.00439,0.12989,0.79521,-0.03280,-0.30244,-0.52449,NaN,NaN,NaN,NaN,NaN,NaN,NaN,NaN,NaN,NaN,NaN,NaN,NaN,NaN,NaN,NaN,NaN,NaN,NaN,NaN,NaN,
116.321,-0.01892,0.00430,0.12991,0.79471,-0.03152,-0.30218,-0.52548,NaN,NaN,NaN,NaN,NaN,NaN,NaN,NaN,NaN,NaN,NaN,NaN,NaN,NaN,NaN,NaN,NaN,NaN,NaN,NaN,NaN,
116.346,-0.01902,0.00433,0.12978,0.79456,-0.03086,-0.30271,-0.52544,NaN,NaN,NaN,NaN,NaN,NaN,NaN,NaN,NaN,NaN,NaN,NaN,NaN,NaN,NaN,NaN,NaN,NaN,NaN,NaN,NaN,
116.371,-0.01895,0.00437,0.12986,0.79500,-0.03226,-0.30237,-0.52488,NaN,NaN,NaN,NaN,NaN,NaN,NaN,NaN,NaN,NaN,NaN,NaN,NaN,NaN,NaN,NaN,NaN,NaN,NaN,NaN,NaN,
116.396,-0.01892,0.00454,0.12983,0.79603,-0.03523,-0.30214,-0.52327,NaN,NaN,NaN,NaN,NaN,NaN,NaN,NaN,NaN,NaN,NaN,NaN,NaN,NaN,NaN,NaN,NaN,NaN,NaN,NaN,NaN,
116.421,-0.01885,0.00477,0.12979,0.79740,-0.03928,-0.30177,-0.52110,NaN,NaN,NaN,NaN,NaN,NaN,NaN,NaN,NaN,NaN,NaN,NaN,NaN,NaN,NaN,NaN,NaN,NaN,NaN,NaN,NaN,
116.446,-0.01882,0.00496,0.12985,0.79848,-0.04274,-0.30096,-0.51964,NaN,NaN,NaN,NaN,NaN,NaN,NaN,NaN,NaN,NaN,NaN,NaN,NaN,NaN,NaN,NaN,NaN,NaN,NaN,NaN,NaN,
116.471,-0.01879,0.00520,0.12978,0.79980,-0.04684,-0.30043,-0.51755,NaN,NaN,NaN,NaN,NaN,NaN,NaN,NaN,NaN,NaN,NaN,NaN,NaN,NaN,NaN,NaN,NaN,NaN,NaN,NaN,NaN,
116.496,-0.01871,0.00529,0.12983,0.80074,-0.04973,-0.30013,-0.51600,NaN,NaN,NaN,NaN,NaN,NaN,NaN,NaN,NaN,NaN,NaN,NaN,NaN,NaN,NaN,NaN,NaN,NaN,NaN,NaN,NaN,
116.521,-0.01861,0.00544,0.12990,0.80181,-0.05329,-0.29930,-0.51447,NaN,NaN,NaN,NaN,NaN,NaN,NaN,NaN,NaN,NaN,NaN,NaN,NaN,NaN,NaN,NaN,NaN,NaN,NaN,NaN,NaN,
116.546,-0.01870,0.00606,0.12965,0.80507,-0.06310,-0.29933,-0.50821,NaN,NaN,NaN,NaN,NaN,NaN,NaN,NaN,NaN,NaN,NaN,NaN,NaN,NaN,NaN,NaN,NaN,NaN,NaN,NaN,NaN,
116.571,-0.01868,0.00635,0.12977,0.80632,-0.06769,-0.29784,-0.50652,NaN,NaN,NaN,NaN,NaN,NaN,NaN,NaN,NaN,NaN,NaN,NaN,NaN,NaN,NaN,NaN,NaN,NaN,NaN,NaN,NaN,
116.596,-0.01872,0.00653,0.12972,0.80695,-0.06962,-0.29790,-0.50522,NaN,NaN,NaN,NaN,NaN,NaN,NaN,NaN,NaN,NaN,NaN,NaN,NaN,NaN,NaN,NaN,NaN,NaN,NaN,NaN,NaN,
116.621,-0.01854,0.00647,0.12964,0.80814,-0.06981,-0.30516,-0.49892,NaN,NaN,NaN,NaN,NaN,NaN,NaN,NaN,NaN,NaN,NaN,NaN,NaN,NaN,NaN,NaN,NaN,NaN,NaN,NaN,NaN,
116.646,-0.02006,0.00661,0.12941,0.80497,-0.05623,-0.31332,-0.50069,NaN,NaN,NaN,NaN,NaN,NaN,NaN,NaN,NaN,NaN,NaN,NaN,NaN,NaN,NaN,NaN,NaN,NaN,NaN,NaN,NaN,
116.671,-0.02032,0.00656,0.12941,0.80407,-0.05162,-0.31760,-0.49994,NaN,NaN,NaN,NaN,NaN,NaN,NaN,NaN,NaN,NaN,NaN,NaN,NaN,NaN,NaN,NaN,NaN,NaN,NaN,NaN,NaN,
116.696,-0.02101,0.00705,0.12917,0.80510,-0.05326,-0.32114,-0.49583,NaN,NaN,NaN,NaN,NaN,NaN,NaN,NaN,NaN,NaN,NaN,NaN,NaN,NaN,NaN,NaN,NaN,NaN,NaN,NaN,NaN,
116.721,-0.02061,0.00692,0.12954,0.80555,-0.05519,-0.31976,-0.49579,NaN,NaN,NaN,NaN,NaN,NaN,NaN,NaN,NaN,NaN,NaN,NaN,NaN,NaN,NaN,NaN,NaN,NaN,NaN,NaN,NaN,
116.746,-0.02084,0.00706,0.12938,0.80605,-0.05562,-0.32242,-0.49320,NaN,NaN,NaN,NaN,NaN,NaN,NaN,NaN,NaN,NaN,NaN,NaN,NaN,NaN,NaN,NaN,NaN,NaN,NaN,NaN,NaN,
116.771,-0.02113,0.00705,0.12948,0.80559,-0.05361,-0.32391,-0.49318,NaN,NaN,NaN,NaN,NaN,NaN,NaN,NaN,NaN,NaN,NaN,NaN,NaN,NaN,NaN,NaN,NaN,NaN,NaN,NaN,NaN,
116.796,-0.02079,0.00696,0.12969,0.80601,-0.05530,-0.32291,-0.49298,NaN,NaN,NaN,NaN,NaN,NaN,NaN,NaN,NaN,NaN,NaN,NaN,NaN,NaN,NaN,NaN,NaN,NaN,NaN,NaN,NaN,
116.821,-0.02096,0.00722,0.12959,0.80687,-0.05782,-0.32329,-0.49102,NaN,NaN,NaN,NaN,NaN,NaN,NaN,NaN,NaN,NaN,NaN,NaN,NaN,NaN,NaN,NaN,NaN,NaN,NaN,NaN,NaN,
116.846,-0.02100,0.00719,0.12974,0.80693,-0.05806,-0.32315,-0.49098,NaN,NaN,NaN,NaN,NaN,NaN,NaN,NaN,NaN,NaN,NaN,NaN,NaN,NaN,NaN,NaN,NaN,NaN,NaN,NaN,NaN,
116.871,-0.02087,0.00719,0.12977,0.80723,-0.05908,-0.32295,-0.49050,NaN,NaN,NaN,NaN,NaN,NaN,NaN,NaN,NaN,NaN,NaN,NaN,NaN,NaN,NaN,NaN,NaN,NaN,NaN,NaN,NaN,
116.896,-0.02107,0.00730,0.12974,0.80733,-0.05916,-0.32345,-0.49000,NaN,NaN,NaN,NaN,NaN,NaN,NaN,NaN,NaN,NaN,NaN,NaN,NaN,NaN,NaN,NaN,NaN,NaN,NaN,NaN,NaN,
116.921,-0.02098,0.00723,0.12983,0.80736,-0.05952,-0.32285,-0.49030,NaN,NaN,NaN,NaN,NaN,NaN,NaN,NaN,NaN,NaN,NaN,NaN,NaN,NaN,NaN,NaN,NaN,NaN,NaN,NaN,NaN,
116.946,-0.02092,0.00727,0.12978,0.80769,-0.06062,-0.32271,-0.48971,NaN,NaN,NaN,NaN,NaN,NaN,NaN,NaN,NaN,NaN,NaN,NaN,NaN,NaN,NaN,NaN,NaN,NaN,NaN,NaN,NaN,
116.971,-0.02102,0.00727,0.12987,0.80760,-0.06036,-0.32266,-0.48993,NaN,NaN,NaN,NaN,NaN,NaN,NaN,NaN,NaN,NaN,NaN,NaN,NaN,NaN,NaN,NaN,NaN,NaN,NaN,NaN,NaN,
116.996,-0.02091,0.00723,0.12987,0.80762,-0.06057,-0.32227,-0.49012,NaN,NaN,NaN,NaN,NaN,NaN,NaN,NaN,NaN,NaN,NaN,NaN,NaN,NaN,NaN,NaN,NaN,NaN,NaN,NaN,NaN,
117.021,-0.02096,0.00727,0.12986,0.80764,-0.06057,-0.32245,-0.48998,NaN,NaN,NaN,NaN,NaN,NaN,NaN,NaN,NaN,NaN,NaN,NaN,NaN,NaN,NaN,NaN,NaN,NaN,NaN,NaN,NaN,
117.046,-0.02099,0.00730,0.12980,0.80770,-0.06066,-0.32269,-0.48970,NaN,NaN,NaN,NaN,NaN,NaN,NaN,NaN,NaN,NaN,NaN,NaN,NaN,NaN,NaN,NaN,NaN,NaN,NaN,NaN,NaN,
117.071,-0.02091,0.00731,0.12974,0.80787,-0.06121,-0.32263,-0.48940,NaN,NaN,NaN,NaN,NaN,NaN,NaN,NaN,NaN,NaN,NaN,NaN,NaN,NaN,NaN,NaN,NaN,NaN,NaN,NaN,NaN,
117.096,-0.02091,0.00733,0.12983,0.80810,-0.06200,-0.32244,-0.48904,NaN,NaN,NaN,NaN,NaN,NaN,NaN,NaN,NaN,NaN,NaN,NaN,NaN,NaN,NaN,NaN,NaN,NaN,NaN,NaN,NaN,
117.121,-0.02088,0.00759,0.12974,0.80942,-0.06654,-0.32164,-0.48678,NaN,NaN,NaN,NaN,NaN,NaN,NaN,NaN,NaN,NaN,NaN,NaN,NaN,NaN,NaN,NaN,NaN,NaN,NaN,NaN,NaN,
117.146,-0.02091,0.00780,0.12967,0.81028,-0.06946,-0.32124,-0.48521,NaN,NaN,NaN,NaN,NaN,NaN,NaN,NaN,NaN,NaN,NaN,NaN,NaN,NaN,NaN,NaN,NaN,NaN,NaN,NaN,NaN,
117.171,-0.02094,0.00785,0.12975,0.81041,-0.07013,-0.32068,-0.48526,NaN,NaN,NaN,NaN,NaN,NaN,NaN,NaN,NaN,NaN,NaN,NaN,NaN,NaN,NaN,NaN,NaN,NaN,NaN,NaN,NaN,
117.196,-0.02079,0.00784,0.12966,0.81058,-0.07071,-0.32063,-0.48493,NaN,NaN,NaN,NaN,NaN,NaN,NaN,NaN,NaN,NaN,NaN,NaN,NaN,NaN,NaN,NaN,NaN,NaN,NaN,NaN,NaN,
117.221,-0.02090,0.00788,0.12961,0.81043,-0.07016,-0.32078,-0.48515,NaN,NaN,NaN,NaN,NaN,NaN,NaN,NaN,NaN,NaN,NaN,NaN,NaN,NaN,NaN,NaN,NaN,NaN,NaN,NaN,NaN,
117.246,-0.02080,0.00786,0.12954,0.81051,-0.07043,-0.32075,-0.48500,NaN,NaN,NaN,NaN,NaN,NaN,NaN,NaN,NaN,NaN,NaN,NaN,NaN,NaN,NaN,NaN,NaN,NaN,NaN,NaN,NaN,
117.271,-0.02082,0.00786,0.12944,0.81024,-0.06953,-0.32080,-0.48555,NaN,NaN,NaN,NaN,NaN,NaN,NaN,NaN,NaN,NaN,NaN,NaN,NaN,NaN,NaN,NaN,NaN,NaN,NaN,NaN,NaN,
117.296,-0.02080,0.00776,0.12944,0.80986,-0.06826,-0.32088,-0.48632,NaN,NaN,NaN,NaN,NaN,NaN,NaN,NaN,NaN,NaN,NaN,NaN,NaN,NaN,NaN,NaN,NaN,NaN,NaN,NaN,NaN,
117.321,-0.02076,0.00777,0.12928,0.80989,-0.06825,-0.32115,-0.48609,NaN,NaN,NaN,NaN,NaN,NaN,NaN,NaN,NaN,NaN,NaN,NaN,NaN,NaN,NaN,NaN,NaN,NaN,NaN,NaN,NaN,
117.346,-0.02076,0.00769,0.12931,0.80964,-0.06751,-0.32099,-0.48671,NaN,NaN,NaN,NaN,NaN,NaN,NaN,NaN,NaN,NaN,NaN,NaN,NaN,NaN,NaN,NaN,NaN,NaN,NaN,NaN,NaN,
117.371,-0.02065,0.00758,0.12926,0.80921,-0.06631,-0.32058,-0.48786,NaN,NaN,NaN,NaN,NaN,NaN,NaN,NaN,NaN,NaN,NaN,NaN,NaN,NaN,NaN,NaN,NaN,NaN,NaN,NaN,NaN,
117.396,-0.02062,0.00754,0.12916,0.80913,-0.06597,-0.32078,-0.48791,NaN,NaN,NaN,NaN,NaN,NaN,NaN,NaN,NaN,NaN,NaN,NaN,NaN,NaN,NaN,NaN,NaN,NaN,NaN,NaN,NaN,
117.421,-0.02056,0.00746,0.12923,0.80918,-0.06635,-0.32025,-0.48813,NaN,NaN,NaN,NaN,NaN,NaN,NaN,NaN,NaN,NaN,NaN,NaN,NaN,NaN,NaN,NaN,NaN,NaN,NaN,NaN,NaN,
117.446,-0.01996,0.00749,0.12922,0.81050,-0.07231,-0.31630,-0.48766,NaN,NaN,NaN,NaN,NaN,NaN,NaN,NaN,NaN,NaN,NaN,NaN,NaN,NaN,NaN,NaN,NaN,NaN,NaN,NaN,NaN,
117.471,-0.02021,0.00794,0.12909,0.81082,-0.07592,-0.31056,-0.49026,NaN,NaN,NaN,NaN,NaN,NaN,NaN,NaN,NaN,NaN,NaN,NaN,NaN,NaN,NaN,NaN,NaN,NaN,NaN,NaN,NaN,
117.496,-0.01947,0.00787,0.12933,0.81246,-0.08291,-0.30712,-0.48858,NaN,NaN,NaN,NaN,NaN,NaN,NaN,NaN,NaN,NaN,NaN,NaN,NaN,NaN,NaN,NaN,NaN,NaN,NaN,NaN,NaN,
117.521,-0.01936,0.00791,0.12925,0.81283,-0.08425,-0.30688,-0.48789,NaN,NaN,NaN,NaN,NaN,NaN,NaN,NaN,NaN,NaN,NaN,NaN,NaN,NaN,NaN,NaN,NaN,NaN,NaN,NaN,NaN,
117.546,-0.01929,0.00798,0.12936,0.81334,-0.08705,-0.30462,-0.48796,NaN,NaN,NaN,NaN,NaN,NaN,NaN,NaN,NaN,NaN,NaN,NaN,NaN,NaN,NaN,NaN,NaN,NaN,NaN,NaN,NaN,
117.571,-0.01837,0.00808,0.12942,0.81495,-0.09617,-0.29735,-0.48804,NaN,NaN,NaN,NaN,NaN,NaN,NaN,NaN,NaN,NaN,NaN,NaN,NaN,NaN,NaN,NaN,NaN,NaN,NaN,NaN,NaN,
117.596,-0.01842,0.00821,0.12940,0.81509,-0.09740,-0.29587,-0.48847,NaN,NaN,NaN,NaN,NaN,NaN,NaN,NaN,NaN,NaN,NaN,NaN,NaN,NaN,NaN,NaN,NaN,NaN,NaN,NaN,NaN,
117.621,-0.01842,0.00824,0.12944,0.81540,-0.09887,-0.29511,-0.48812,NaN,NaN,NaN,NaN,NaN,NaN,NaN,NaN,NaN,NaN,NaN,NaN,NaN,NaN,NaN,NaN,NaN,NaN,NaN,NaN,NaN,
117.646,-0.01821,0.00839,0.12950,0.81615,-0.10316,-0.29196,-0.48787,NaN,NaN,NaN,NaN,NaN,NaN,NaN,NaN,NaN,NaN,NaN,NaN,NaN,NaN,NaN,NaN,NaN,NaN,NaN,NaN,NaN,
117.671,-0.01740,0.00854,0.12964,0.81768,-0.11221,-0.28543,-0.48718,NaN,NaN,NaN,NaN,NaN,NaN,NaN,NaN,NaN,NaN,NaN,NaN,NaN,NaN,NaN,NaN,NaN,NaN,NaN,NaN,NaN,
117.696,-0.01752,0.00871,0.12956,0.81781,-0.11334,-0.28430,-0.48735,NaN,NaN,NaN,NaN,NaN,NaN,NaN,NaN,NaN,NaN,NaN,NaN,NaN,NaN,NaN,NaN,NaN,NaN,NaN,NaN,NaN,
117.721,-0.01747,0.00873,0.12961,0.81801,-0.11474,-0.28311,-0.48739,NaN,NaN,NaN,NaN,NaN,NaN,NaN,NaN,NaN,NaN,NaN,NaN,NaN,NaN,NaN,NaN,NaN,NaN,NaN,NaN,NaN,
117.746,-0.01736,0.00891,0.12956,0.81855,-0.11778,-0.28129,-0.48680,NaN,NaN,NaN,NaN,NaN,NaN,NaN,NaN,NaN,NaN,NaN,NaN,NaN,NaN,NaN,NaN,NaN,NaN,NaN,NaN,NaN,
117.771,-0.01724,0.00897,0.12962,0.81896,-0.12029,-0.27956,-0.48650,NaN,NaN,NaN,NaN,NaN,NaN,NaN,NaN,NaN,NaN,NaN,NaN,NaN,NaN,NaN,NaN,NaN,NaN,NaN,NaN,NaN,
117.796,-0.01714,0.00900,0.12962,0.81914,-0.12169,-0.27836,-0.48653,NaN,NaN,NaN,NaN,NaN,NaN,NaN,NaN,NaN,NaN,NaN,NaN,NaN,NaN,NaN,NaN,NaN,NaN,NaN,NaN,NaN,
117.821,-0.01609,0.00886,0.12990,0.82169,-0.13270,-0.27618,-0.48056,NaN,NaN,NaN,NaN,NaN,NaN,NaN,NaN,NaN,NaN,NaN,NaN,NaN,NaN,NaN,NaN,NaN,NaN,NaN,NaN,NaN,
117.846,-0.01411,0.00930,0.13003,0.82287,-0.15253,-0.25365,-0.48505,NaN,NaN,NaN,NaN,NaN,NaN,NaN,NaN,NaN,NaN,NaN,NaN,NaN,NaN,NaN,NaN,NaN,NaN,NaN,NaN,NaN,
117.871,-0.01491,0.00981,0.13022,0.82077,-0.15082,-0.24452,-0.49377,NaN,NaN,NaN,NaN,NaN,NaN,NaN,NaN,NaN,NaN,NaN,NaN,NaN,NaN,NaN,NaN,NaN,NaN,NaN,NaN,NaN,
117.896,-0.01420,0.00999,0.13024,0.82249,-0.16149,-0.23979,-0.48983,NaN,NaN,NaN,NaN,NaN,NaN,NaN,NaN,NaN,NaN,NaN,NaN,NaN,NaN,NaN,NaN,NaN,NaN,NaN,NaN,NaN,
117.921,-0.01403,0.01029,0.13035,0.82222,-0.16526,-0.23376,-0.49193,NaN,NaN,NaN,NaN,NaN,NaN,NaN,NaN,NaN,NaN,NaN,NaN,NaN,NaN,NaN,NaN,NaN,NaN,NaN,NaN,NaN,
117.946,-0.01370,0.01084,0.13043,0.82350,-0.17549,-0.22808,-0.48892,NaN,NaN,NaN,NaN,NaN,NaN,NaN,NaN,NaN,NaN,NaN,NaN,NaN,NaN,NaN,NaN,NaN,NaN,NaN,NaN,NaN,
117.971,-0.01386,0.01124,0.13043,0.82344,-0.17872,-0.22410,-0.48969,NaN,NaN,NaN,NaN,NaN,NaN,NaN,NaN,NaN,NaN,NaN,NaN,NaN,NaN,NaN,NaN,NaN,NaN,NaN,NaN,NaN,
117.996,-0.01362,0.01140,0.13062,0.82366,-0.18282,-0.22065,-0.48936,NaN,NaN,NaN,NaN,NaN,NaN,NaN,NaN,NaN,NaN,NaN,NaN,NaN,NaN,NaN,NaN,NaN,NaN,NaN,NaN,NaN,
118.021,-0.01357,0.01158,0.13066,0.82384,-0.18574,-0.21836,-0.48898,NaN,NaN,NaN,NaN,NaN,NaN,NaN,NaN,NaN,NaN,NaN,NaN,NaN,NaN,NaN,NaN,NaN,NaN,NaN,NaN,NaN,
118.046,-0.01354,0.01164,0.13077,0.82380,-0.18692,-0.21689,-0.48926,NaN,NaN,NaN,NaN,NaN,NaN,NaN,NaN,NaN,NaN,NaN,NaN,NaN,NaN,NaN,NaN,NaN,NaN,NaN,NaN,NaN,
118.071,-0.01346,0.01167,0.13084,0.82387,-0.18818,-0.21590,-0.48909,NaN,NaN,NaN,NaN,NaN,NaN,NaN,NaN,NaN,NaN,NaN,NaN,NaN,NaN,NaN,NaN,NaN,NaN,NaN,NaN,NaN,
118.096,-0.01352,0.01179,0.13080,0.82392,-0.18900,-0.21529,-0.48895,NaN,NaN,NaN,NaN,NaN,NaN,NaN,NaN,NaN,NaN,NaN,NaN,NaN,NaN,NaN,NaN,NaN,NaN,NaN,NaN,NaN,
118.121,-0.01340,0.01179,0.13094,0.82403,-0.19027,-0.21446,-0.48865,NaN,NaN,NaN,NaN,NaN,NaN,NaN,NaN,NaN,NaN,NaN,NaN,NaN,NaN,NaN,NaN,NaN,NaN,NaN,NaN,NaN,
118.146,-0.01350,0.01181,0.13092,0.82410,-0.19006,-0.21500,-0.48839,NaN,NaN,NaN,NaN,NaN,NaN,NaN,NaN,NaN,NaN,NaN,NaN,NaN,NaN,NaN,NaN,NaN,NaN,NaN,NaN,NaN,
118.171,-0.01370,0.01185,0.13103,0.82392,-0.18947,-0.21476,-0.48902,NaN,NaN,NaN,NaN,NaN,NaN,NaN,NaN,NaN,NaN,NaN,NaN,NaN,NaN,NaN,NaN,NaN,NaN,NaN,NaN,NaN,
118.196,-0.01361,0.01175,0.13117,0.82394,-0.18946,-0.21488,-0.48893,NaN,NaN,NaN,NaN,NaN,NaN,NaN,NaN,NaN,NaN,NaN,NaN,NaN,NaN,NaN,NaN,NaN,NaN,NaN,NaN,NaN,
118.221,-0.01395,0.01166,0.13117,0.82348,-0.18599,-0.21636,-0.49038,NaN,NaN,NaN,NaN,NaN,NaN,NaN,NaN,NaN,NaN,NaN,NaN,NaN,NaN,NaN,NaN,NaN,NaN,NaN,NaN,NaN,
118.246,-0.01401,0.01147,0.13120,0.82404,-0.18409,-0.22110,-0.48805,NaN,NaN,NaN,NaN,NaN,NaN,NaN,NaN,NaN,NaN,NaN,NaN,NaN,NaN,NaN,NaN,NaN,NaN,NaN,NaN,NaN,
118.271,-0.01458,0.01139,0.13103,0.82412,-0.17918,-0.22702,-0.48701,NaN,NaN,NaN,NaN,NaN,NaN,NaN,NaN,NaN,NaN,NaN,NaN,NaN,NaN,NaN,NaN,NaN,NaN,NaN,NaN,NaN,
118.296,-0.01494,0.01129,0.13091,0.82412,-0.17470,-0.23216,-0.48622,NaN,NaN,NaN,NaN,NaN,NaN,NaN,NaN,NaN,NaN,NaN,NaN,NaN,NaN,NaN,NaN,NaN,NaN,NaN,NaN,NaN,
118.321,-0.01509,0.01120,0.13087,0.82440,-0.17249,-0.23623,-0.48458,NaN,NaN,NaN,NaN,NaN,NaN,NaN,NaN,NaN,NaN,NaN,NaN,NaN,NaN,NaN,NaN,NaN,NaN,NaN,NaN,NaN,
118.346,-0.01562,0.01129,0.13056,0.82439,-0.16842,-0.24121,-0.48356,NaN,NaN,NaN,NaN,NaN,NaN,NaN,NaN,NaN,NaN,NaN,NaN,NaN,NaN,NaN,NaN,NaN,NaN,NaN,NaN,NaN,
118.371,-0.01580,0.01118,0.13047,0.82455,-0.16503,-0.24635,-0.48187,NaN,NaN,NaN,NaN,NaN,NaN,NaN,NaN,NaN,NaN,NaN,NaN,NaN,NaN,NaN,NaN,NaN,NaN,NaN,NaN,NaN,
118.396,-0.01601,0.01113,0.13033,0.82439,-0.16204,-0.24935,-0.48162,NaN,NaN,NaN,NaN,NaN,NaN,NaN,NaN,NaN,NaN,NaN,NaN,NaN,NaN,NaN,NaN,NaN,NaN,NaN,NaN,NaN,
118.421,-0.01636,0.01116,0.13010,0.82425,-0.15946,-0.25201,-0.48132,NaN,NaN,NaN,NaN,NaN,NaN,NaN,NaN,NaN,NaN,NaN,NaN,NaN,NaN,NaN,NaN,NaN,NaN,NaN,NaN,NaN,
118.446,-0.01601,0.01109,0.13014,0.82455,-0.15956,-0.25355,-0.47997,NaN,NaN,NaN,NaN,NaN,NaN,NaN,NaN,NaN,NaN,NaN,NaN,NaN,NaN,NaN,NaN,NaN,NaN,NaN,NaN,NaN,
118.471,-0.01702,0.01117,0.12984,0.82407,-0.15304,-0.25982,-0.47956,NaN,NaN,NaN,NaN,NaN,NaN,NaN,NaN,NaN,NaN,NaN,NaN,NaN,NaN,NaN,NaN,NaN,NaN,NaN,NaN,NaN,
118.496,-0.01709,0.01113,0.12964,0.82421,-0.15143,-0.26294,-0.47813,NaN,NaN,NaN,NaN,NaN,NaN,NaN,NaN,NaN,NaN,NaN,NaN,NaN,NaN,NaN,NaN,NaN,NaN,NaN,NaN,NaN,
118.521,-0.01703,0.01099,0.12962,0.82380,-0.14880,-0.26430,-0.47892,NaN,NaN,NaN,NaN,NaN,NaN,NaN,NaN,NaN,NaN,NaN,NaN,NaN,NaN,NaN,NaN,NaN,NaN,NaN,NaN,NaN,
118.546,-0.01732,0.01114,0.12933,0.82389,-0.14798,-0.26607,-0.47804,NaN,NaN,NaN,NaN,NaN,NaN,NaN,NaN,NaN,NaN,NaN,NaN,NaN,NaN,NaN,NaN,NaN,NaN,NaN,NaN,NaN,
118.571,-0.01698,0.01111,0.12937,0.82403,-0.14911,-0.26523,-0.47791,NaN,NaN,NaN,NaN,NaN,NaN,NaN,NaN,NaN,NaN,NaN,NaN,NaN,NaN,NaN,NaN,NaN,NaN,NaN,NaN,NaN,
118.596,-0.01721,0.01111,0.12932,0.82395,-0.14829,-0.26597,-0.47789,NaN,NaN,NaN,NaN,NaN,NaN,NaN,NaN,NaN,NaN,NaN,NaN,NaN,NaN,NaN,NaN,NaN,NaN,NaN,NaN,NaN,
118.621,-0.01712,0.01114,0.12927,0.82404,-0.14891,-0.26562,-0.47773,NaN,NaN,NaN,NaN,NaN,NaN,NaN,NaN,NaN,NaN,NaN,NaN,NaN,NaN,NaN,NaN,NaN,NaN,NaN,NaN,NaN,
118.646,-0.01707,0.01112,0.12938,0.82408,-0.14938,-0.26518,-0.47776,NaN,NaN,NaN,NaN,NaN,NaN,NaN,NaN,NaN,NaN,NaN,NaN,NaN,NaN,NaN,NaN,NaN,NaN,NaN,NaN,NaN,
118.671,-0.01717,0.01117,0.12933,0.82409,-0.14951,-0.26503,-0.47779,NaN,NaN,NaN,NaN,NaN,NaN,NaN,NaN,NaN,NaN,NaN,NaN,NaN,NaN,NaN,NaN,NaN,NaN,NaN,NaN,NaN,
118.696,-0.01698,0.01120,0.12937,0.82429,-0.15097,-0.26412,-0.47748,NaN,NaN,NaN,NaN,NaN,NaN,NaN,NaN,NaN,NaN,NaN,NaN,NaN,NaN,NaN,NaN,NaN,NaN,NaN,NaN,NaN,
118.721,-0.01705,0.01124,0.12938,0.82441,-0.15141,-0.26420,-0.47710,NaN,NaN,NaN,NaN,NaN,NaN,NaN,NaN,NaN,NaN,NaN,NaN,NaN,NaN,NaN,NaN,NaN,NaN,NaN,NaN,NaN,
118.746,-0.01689,0.01130,0.12933,0.82453,-0.15230,-0.26361,-0.47694,NaN,NaN,NaN,NaN,NaN,NaN,NaN,NaN,NaN,NaN,NaN,NaN,NaN,NaN,NaN,NaN,NaN,NaN,NaN,NaN,NaN,
118.771,-0.01702,0.01143,0.12936,0.82465,-0.15319,-0.26304,-0.47676,NaN,NaN,NaN,NaN,NaN,NaN,NaN,NaN,NaN,NaN,NaN,NaN,NaN,NaN,NaN,NaN,NaN,NaN,NaN,NaN,NaN,
118.796,-0.01688,0.01171,0.12926,0.82526,-0.15735,-0.26077,-0.47559,NaN,NaN,NaN,NaN,NaN,NaN,NaN,NaN,NaN,NaN,NaN,NaN,NaN,NaN,NaN,NaN,NaN,NaN,NaN,NaN,NaN,
118.821,-0.01656,0.01192,0.12931,0.82601,-0.16210,-0.25865,-0.47384,NaN,NaN,NaN,NaN,NaN,NaN,NaN,NaN,NaN,NaN,NaN,NaN,NaN,NaN,NaN,NaN,NaN,NaN,NaN,NaN,NaN,
118.846,-0.01671,0.01223,0.12936,0.82634,-0.16456,-0.25724,-0.47318,NaN,NaN,NaN,NaN,NaN,NaN,NaN,NaN,NaN,NaN,NaN,NaN,NaN,NaN,NaN,NaN,NaN,NaN,NaN,NaN,NaN,
118.871,-0.01623,0.01259,0.12948,0.82775,-0.17222,-0.25534,-0.46901,NaN,NaN,NaN,NaN,NaN,NaN,NaN,NaN,NaN,NaN,NaN,NaN,NaN,NaN,NaN,NaN,NaN,NaN,NaN,NaN,NaN,
118.896,-0.01692,0.01303,0.12939,0.82866,-0.17369,-0.25895,-0.46487,NaN,NaN,NaN,NaN,NaN,NaN,NaN,NaN,NaN,NaN,NaN,NaN,NaN,NaN,NaN,NaN,NaN,NaN,NaN,NaN,NaN,
118.921,-0.01661,0.01327,0.12942,0.82952,-0.17799,-0.25860,-0.46189,NaN,NaN,NaN,NaN,NaN,NaN,NaN,NaN,NaN,NaN,NaN,NaN,NaN,NaN,NaN,NaN,NaN,NaN,NaN,NaN,NaN,
118.946,-0.01668,0.01341,0.12955,0.82985,-0.17980,-0.25829,-0.46076,NaN,NaN,NaN,NaN,NaN,NaN,NaN,NaN,NaN,NaN,NaN,NaN,NaN,NaN,NaN,NaN,NaN,NaN,NaN,NaN,NaN,
118.971,-0.01704,0.01371,0.12946,0.83000,-0.18087,-0.25782,-0.46033,NaN,NaN,NaN,NaN,NaN,NaN,NaN,NaN,NaN,NaN,NaN,NaN,NaN,NaN,NaN,NaN,NaN,NaN,NaN,NaN,NaN,
118.996,-0.01681,0.01388,0.12964,0.83056,-0.18495,-0.25605,-0.45869,NaN,NaN,NaN,NaN,NaN,NaN,NaN,NaN,NaN,NaN,NaN,NaN,NaN,NaN,NaN,NaN,NaN,NaN,NaN,NaN,NaN,
119.021,-0.01636,0.01401,0.12984,0.83072,-0.18968,-0.25107,-0.45922,NaN,NaN,NaN,NaN,NaN,NaN,NaN,NaN,NaN,NaN,NaN,NaN,NaN,NaN,NaN,NaN,NaN,NaN,NaN,NaN,NaN,
119.046,-0.01634,0.01409,0.12989,0.83064,-0.19105,-0.24889,-0.45998,NaN,NaN,NaN,NaN,NaN,NaN,NaN,NaN,NaN,NaN,NaN,NaN,NaN,NaN,NaN,NaN,NaN,NaN,NaN,NaN,NaN,
119.071,-0.01614,0.01408,0.13009,0.83076,-0.19332,-0.24690,-0.45989,NaN,NaN,NaN,NaN,NaN,NaN,NaN,NaN,NaN,NaN,NaN,NaN,NaN,NaN,NaN,NaN,NaN,NaN,NaN,NaN,NaN,
119.096,-0.01614,0.01421,0.13017,0.83053,-0.19468,-0.24387,-0.46136,NaN,NaN,NaN,NaN,NaN,NaN,NaN,NaN,NaN,NaN,NaN,NaN,NaN,NaN,NaN,NaN,NaN,NaN,NaN,NaN,NaN,
119.121,-0.01564,0.01421,0.13028,0.83069,-0.19830,-0.24068,-0.46119,NaN,NaN,NaN,NaN,NaN,NaN,NaN,NaN,NaN,NaN,NaN,NaN,NaN,NaN,NaN,NaN,NaN,NaN,NaN,NaN,NaN,
119.146,-0.01576,0.01424,0.13027,0.83063,-0.19810,-0.24053,-0.46147,NaN,NaN,NaN,NaN,NaN,NaN,NaN,NaN,NaN,NaN,NaN,NaN,NaN,NaN,NaN,NaN,NaN,NaN,NaN,NaN,NaN,
119.171,-0.01580,0.01431,0.13022,0.83061,-0.19809,-0.24044,-0.46155,NaN,NaN,NaN,NaN,NaN,NaN,NaN,NaN,NaN,NaN,NaN,NaN,NaN,NaN,NaN,NaN,NaN,NaN,NaN,NaN,NaN,
119.196,-0.01574,0.01427,0.13029,0.83059,-0.19819,-0.24017,-0.46170,NaN,NaN,NaN,NaN,NaN,NaN,NaN,NaN,NaN,NaN,NaN,NaN,NaN,NaN,NaN,NaN,NaN,NaN,NaN,NaN,NaN,
119.221,-0.01580,0.01432,0.13018,0.83061,-0.19821,-0.24030,-0.46158,NaN,NaN,NaN,NaN,NaN,NaN,NaN,NaN,NaN,NaN,NaN,NaN,NaN,NaN,NaN,NaN,NaN,NaN,NaN,NaN,NaN,
119.246,-0.01576,0.01431,0.13025,0.83060,-0.19846,-0.23993,-0.46169,NaN,NaN,NaN,NaN,NaN,NaN,NaN,NaN,NaN,NaN,NaN,NaN,NaN,NaN,NaN,NaN,NaN,NaN,NaN,NaN,NaN,
119.271,-0.01572,0.01436,0.13019,0.83064,-0.19919,-0.23933,-0.46162,NaN,NaN,NaN,NaN,NaN,NaN,NaN,NaN,NaN,NaN,NaN,NaN,NaN,NaN,NaN,NaN,NaN,NaN,NaN,NaN,NaN,
119.296,-0.01575,0.01437,0.13024,0.83063,-0.19952,-0.23890,-0.46171,NaN,NaN,NaN,NaN,NaN,NaN,NaN,NaN,NaN,NaN,NaN,NaN,NaN,NaN,NaN,NaN,NaN,NaN,NaN,NaN,NaN,
119.321,-0.01576,0.01437,0.13020,0.83060,-0.19950,-0.23876,-0.46185,NaN,NaN,NaN,NaN,NaN,NaN,NaN,NaN,NaN,NaN,NaN,NaN,NaN,NaN,NaN,NaN,NaN,NaN,NaN,NaN,NaN,
119.346,-0.01570,0.01438,0.13022,0.83065,-0.19995,-0.23855,-0.46167,NaN,NaN,NaN,NaN,NaN,NaN,NaN,NaN,NaN,NaN,NaN,NaN,NaN,NaN,NaN,NaN,NaN,NaN,NaN,NaN,NaN,
119.371,-0.01576,0.01445,0.13019,0.83062,-0.20031,-0.23798,-0.46186,NaN,NaN,NaN,NaN,NaN,NaN,NaN,NaN,NaN,NaN,NaN,NaN,NaN,NaN,NaN,NaN,NaN,NaN,NaN,NaN,NaN,
119.396,-0.01555,0.01454,0.13011,0.83063,-0.20207,-0.23606,-0.46206,NaN,NaN,NaN,NaN,NaN,NaN,NaN,NaN,NaN,NaN,NaN,NaN,NaN,NaN,NaN,NaN,NaN,NaN,NaN,NaN,NaN,
119.421,-0.01582,0.01457,0.13019,0.83051,-0.20273,-0.23469,-0.46268,NaN,NaN,NaN,NaN,NaN,NaN,NaN,NaN,NaN,NaN,NaN,NaN,NaN,NaN,NaN,NaN,NaN,NaN,NaN,NaN,NaN,
119.446,-0.01494,0.01466,0.13007,0.82987,-0.20705,-0.22659,-0.46594,NaN,NaN,NaN,NaN,NaN,NaN,NaN,NaN,NaN,NaN,NaN,NaN,NaN,NaN,NaN,NaN,NaN,NaN,NaN,NaN,NaN,
119.471,-0.01492,0.01454,0.13002,0.82960,-0.20671,-0.22546,-0.46713,NaN,NaN,NaN,NaN,NaN,NaN,NaN,NaN,NaN,NaN,NaN,NaN,NaN,NaN,NaN,NaN,NaN,NaN,NaN,NaN,NaN,
119.496,-0.01497,0.01457,0.12986,0.82814,-0.20401,-0.22060,-0.47318,NaN,NaN,NaN,NaN,NaN,NaN,NaN,NaN,NaN,NaN,NaN,NaN,NaN,NaN,NaN,NaN,NaN,NaN,NaN,NaN,NaN,
119.521,-0.01426,0.01443,0.12995,0.82800,-0.20934,-0.21458,-0.47386,NaN,NaN,NaN,NaN,NaN,NaN,NaN,NaN,NaN,NaN,NaN,NaN,NaN,NaN,NaN,NaN,NaN,NaN,NaN,NaN,NaN,
119.546,-0.01390,0.01423,0.12991,0.82766,-0.20924,-0.21298,-0.47522,NaN,NaN,NaN,NaN,NaN,NaN,NaN,NaN,NaN,NaN,NaN,NaN,NaN,NaN,NaN,NaN,NaN,NaN,NaN,NaN,NaN,
119.571,-0.01397,0.01419,0.12989,0.82756,-0.20844,-0.21327,-0.47561,NaN,NaN,NaN,NaN,NaN,NaN,NaN,NaN,NaN,NaN,NaN,NaN,NaN,NaN,NaN,NaN,NaN,NaN,NaN,NaN,NaN,
119.596,-0.01376,0.01420,0.12974,0.82694,-0.20810,-0.21051,-0.47808,NaN,NaN,NaN,NaN,NaN,NaN,NaN,NaN,NaN,NaN,NaN,NaN,NaN,NaN,NaN,NaN,NaN,NaN,NaN,NaN,NaN,
119.621,-0.01297,0.01402,0.12980,0.82689,-0.21294,-0.20568,-0.47813,NaN,NaN,NaN,NaN,NaN,NaN,NaN,NaN,NaN,NaN,NaN,NaN,NaN,NaN,NaN,NaN,NaN,NaN,NaN,NaN,NaN,
119.646,-0.01306,0.01394,0.12975,0.82575,-0.21195,-0.20125,-0.48239,NaN,NaN,NaN,NaN,NaN,NaN,NaN,NaN,NaN,NaN,NaN,NaN,NaN,NaN,NaN,NaN,NaN,NaN,NaN,NaN,NaN,
119.671,-0.01243,0.01390,0.12975,0.82427,-0.21405,-0.19256,-0.48753,NaN,NaN,NaN,NaN,NaN,NaN,NaN,NaN,NaN,NaN,NaN,NaN,NaN,NaN,NaN,NaN,NaN,NaN,NaN,NaN,NaN,
119.696,-0.01241,0.01384,0.12979,0.82356,-0.21351,-0.18993,-0.48999,NaN,NaN,NaN,NaN,NaN,NaN,NaN,NaN,NaN,NaN,NaN,NaN,NaN,NaN,NaN,NaN,NaN,NaN,NaN,NaN,NaN,
119.721,-0.01240,0.01382,0.12976,0.82341,-0.21403,-0.18883,-0.49043,NaN,NaN,NaN,NaN,NaN,NaN,NaN,NaN,NaN,NaN,NaN,NaN,NaN,NaN,NaN,NaN,NaN,NaN,NaN,NaN,NaN,
119.746,-0.01224,0.01370,0.12981,0.82315,-0.21372,-0.18797,-0.49134,NaN,NaN,NaN,NaN,NaN,NaN,NaN,NaN,NaN,NaN,NaN,NaN,NaN,NaN,NaN,NaN,NaN,NaN,NaN,NaN,NaN,
119.771,-0.01209,0.01362,0.12977,0.82340,-0.21437,-0.18848,-0.49044,NaN,NaN,NaN,NaN,NaN,NaN,NaN,NaN,NaN,NaN,NaN,NaN,NaN,NaN,NaN,NaN,NaN,NaN,NaN,NaN,NaN,
119.796,-0.01249,0.01335,0.12988,0.82202,-0.20958,-0.18673,-0.49547,NaN,NaN,NaN,NaN,NaN,NaN,NaN,NaN,NaN,NaN,NaN,NaN,NaN,NaN,NaN,NaN,NaN,NaN,NaN,NaN,NaN,
119.821,-0.01182,0.01326,0.12999,0.82158,-0.21167,-0.18302,-0.49670,NaN,NaN,NaN,NaN,NaN,NaN,NaN,NaN,NaN,NaN,NaN,NaN,NaN,NaN,NaN,NaN,NaN,NaN,NaN,NaN,NaN,
119.846,-0.01205,0.01316,0.13006,0.82085,-0.20970,-0.18169,-0.49923,NaN,NaN,NaN,NaN,NaN,NaN,NaN,NaN,NaN,NaN,NaN,NaN,NaN,NaN,NaN,NaN,NaN,NaN,NaN,NaN,NaN,
119.871,-0.01199,0.01303,0.13001,0.82071,-0.20877,-0.18192,-0.49976,NaN,NaN,NaN,NaN,NaN,NaN,NaN,NaN,NaN,NaN,NaN,NaN,NaN,NaN,NaN,NaN,NaN,NaN,NaN,NaN,NaN,
119.896,-0.01184,0.01297,0.13010,0.82078,-0.20857,-0.18240,-0.49955,NaN,NaN,NaN,NaN,NaN,NaN,NaN,NaN,NaN,NaN,NaN,NaN,NaN,NaN,NaN,NaN,NaN,NaN,NaN,NaN,NaN,
119.921,-0.01229,0.01290,0.13003,0.82092,-0.20509,-0.18613,-0.49938,NaN,NaN,NaN,NaN,NaN,NaN,NaN,NaN,NaN,NaN,NaN,NaN,NaN,NaN,NaN,NaN,NaN,NaN,NaN,NaN,NaN,
119.946,-0.01297,0.01282,0.13001,0.82133,-0.20069,-0.19191,-0.49831,NaN,NaN,NaN,NaN,NaN,NaN,NaN,NaN,NaN,NaN,NaN,NaN,NaN,NaN,NaN,NaN,NaN,NaN,NaN,NaN,NaN,
119.971,-0.01254,0.01274,0.13004,0.82211,-0.20119,-0.19483,-0.49569,NaN,NaN,NaN,NaN,NaN,NaN,NaN,NaN,NaN,NaN,NaN,NaN,NaN,NaN,NaN,NaN,NaN,NaN,NaN,NaN,NaN,
119.996,-0.01325,0.01269,0.12990,0.82235,-0.19624,-0.20064,-0.49495,NaN,NaN,NaN,NaN,NaN,NaN,NaN,NaN,NaN,NaN,NaN,NaN,NaN,NaN,NaN,NaN,NaN,NaN,NaN,NaN,NaN,
120.021,-0.01326,0.01262,0.12998,0.82308,-0.19551,-0.20467,-0.49237,NaN,NaN,NaN,NaN,NaN,NaN,NaN,NaN,NaN,NaN,NaN,NaN,NaN,NaN,NaN,NaN,NaN,NaN,NaN,NaN,NaN,
120.046,-0.01339,0.01278,0.12978,0.82406,-0.19508,-0.20964,-0.48880,NaN,NaN,NaN,NaN,NaN,NaN,NaN,NaN,NaN,NaN,NaN,NaN,NaN,NaN,NaN,NaN,NaN,NaN,NaN,NaN,NaN,
120.071,-0.01442,0.01279,0.12964,0.82373,-0.18705,-0.21642,-0.48953,NaN,NaN,NaN,NaN,NaN,NaN,NaN,NaN,NaN,NaN,NaN,NaN,NaN,NaN,NaN,NaN,NaN,NaN,NaN,NaN,NaN,
120.096,-0.01474,0.01272,0.12961,0.82438,-0.18496,-0.22182,-0.48682,NaN,NaN,NaN,NaN,NaN,NaN,NaN,NaN,NaN,NaN,NaN,NaN,NaN,NaN,NaN,NaN,NaN,NaN,NaN,NaN,NaN,
120.121,-0.01475,0.01265,0.12955,0.82461,-0.18254,-0.22564,-0.48558,NaN,NaN,NaN,NaN,NaN,NaN,NaN,NaN,NaN,NaN,NaN,NaN,NaN,NaN,NaN,NaN,NaN,NaN,NaN,NaN,NaN,
120.146,-0.01486,0.01253,0.12967,0.82495,-0.18062,-0.22955,-0.48389,NaN,NaN,NaN,NaN,NaN,NaN,NaN,NaN,NaN,NaN,NaN,NaN,NaN,NaN,NaN,NaN,NaN,NaN,NaN,NaN,NaN,
120.171,-0.01496,0.01264,0.12945,0.82545,-0.17986,-0.23302,-0.48165,NaN,NaN,NaN,NaN,NaN,NaN,NaN,NaN,NaN,NaN,NaN,NaN,NaN,NaN,NaN,NaN,NaN,NaN,NaN,NaN,NaN,
120.196,-0.01588,0.01266,0.12940,0.82538,-0.17352,-0.24024,-0.48054,NaN,NaN,NaN,NaN,NaN,NaN,NaN,NaN,NaN,NaN,NaN,NaN,NaN,NaN,NaN,NaN,NaN,NaN,NaN,NaN,NaN,
120.221,-0.01603,0.01264,0.12945,0.82578,-0.17234,-0.24389,-0.47843,NaN,NaN,NaN,NaN,NaN,NaN,NaN,NaN,NaN,NaN,NaN,NaN,NaN,NaN,NaN,NaN,NaN,NaN,NaN,NaN,NaN,
120.246,-0.01564,0.01285,0.12939,0.82732,-0.17736,-0.24623,-0.47271,NaN,NaN,NaN,NaN,NaN,NaN,NaN,NaN,NaN,NaN,NaN,NaN,NaN,NaN,NaN,NaN,NaN,NaN,NaN,NaN,NaN,
120.271,-0.01598,0.01306,0.12940,0.82740,-0.17550,-0.24905,-0.47179,NaN,NaN,NaN,NaN,NaN,NaN,NaN,NaN,NaN,NaN,NaN,NaN,NaN,NaN,NaN,NaN,NaN,NaN,NaN,NaN,NaN,
120.296,-0.01645,0.01321,0.12925,0.82718,-0.17227,-0.25191,-0.47185,NaN,NaN,NaN,NaN,NaN,NaN,NaN,NaN,NaN,NaN,NaN,NaN,NaN,NaN,NaN,NaN,NaN,NaN,NaN,NaN,NaN,
120.321,-0.01645,0.01321,0.12925,0.82718,-0.17227,-0.25191,-0.47185,NaN,NaN,NaN,NaN,NaN,NaN,NaN,NaN,NaN,NaN,NaN,NaN,NaN,NaN,NaN,NaN,NaN,NaN,NaN,NaN,NaN,
120.346,-0.01713,0.01319,0.12952,0.82746,-0.16768,-0.25972,-0.46877,NaN,NaN,NaN,NaN,NaN,NaN,NaN,NaN,NaN,NaN,NaN,NaN,NaN,NaN,NaN,NaN,NaN,NaN,NaN,NaN,NaN,
120.371,-0.01694,0.01331,0.12968,0.82770,-0.17031,-0.25760,-0.46857,NaN,NaN,NaN,NaN,NaN,NaN,NaN,NaN,NaN,NaN,NaN,NaN,NaN,NaN,NaN,NaN,NaN,NaN,NaN,NaN,NaN,
120.396,-0.01681,0.01330,0.12976,0.82794,-0.17072,-0.25852,-0.46748,NaN,NaN,NaN,NaN,NaN,NaN,NaN,NaN,NaN,NaN,NaN,NaN,NaN,NaN,NaN,NaN,NaN,NaN,NaN,NaN,NaN,
120.421,-0.01724,0.01330,0.12982,0.82769,-0.16817,-0.26046,-0.46778,NaN,NaN,NaN,NaN,NaN,NaN,NaN,NaN,NaN,NaN,NaN,NaN,NaN,NaN,NaN,NaN,NaN,NaN,NaN,NaN,NaN,
120.446,-0.01711,0.01321,0.12997,0.82770,-0.16796,-0.26082,-0.46763,NaN,NaN,NaN,NaN,NaN,NaN,NaN,NaN,NaN,NaN,NaN,NaN,NaN,NaN,NaN,NaN,NaN,NaN,NaN,NaN,NaN,
120.471,-0.01709,0.01321,0.12992,0.82762,-0.16747,-0.26104,-0.46781,NaN,NaN,NaN,NaN,NaN,NaN,NaN,NaN,NaN,NaN,NaN,NaN,NaN,NaN,NaN,NaN,NaN,NaN,NaN,NaN,NaN,
120.496,-0.01716,0.01310,0.13008,0.82719,-0.16560,-0.26095,-0.46929,NaN,NaN,NaN,NaN,NaN,NaN,NaN,NaN,NaN,NaN,NaN,NaN,NaN,NaN,NaN,NaN,NaN,NaN,NaN,NaN,NaN,
120.521,-0.01730,0.01304,0.13004,0.82672,-0.16353,-0.26094,-0.47085,NaN,NaN,NaN,NaN,NaN,NaN,NaN,NaN,NaN,NaN,NaN,NaN,NaN,NaN,NaN,NaN,NaN,NaN,NaN,NaN,NaN,
120.546,-0.01726,0.01282,0.13015,0.82631,-0.16177,-0.26092,-0.47218,NaN,NaN,NaN,NaN,NaN,NaN,NaN,NaN,NaN,NaN,NaN,NaN,NaN,NaN,NaN,NaN,NaN,NaN,NaN,NaN,NaN,
120.571,-0.01734,0.01262,0.13027,0.82537,-0.15926,-0.25873,-0.47588,NaN,NaN,NaN,NaN,NaN,NaN,NaN,NaN,NaN,NaN,NaN,NaN,NaN,NaN,NaN,NaN,NaN,NaN,NaN,NaN,NaN,
120.596,-0.01711,0.01232,0.13021,0.82460,-0.15733,-0.25692,-0.47882,NaN,NaN,NaN,NaN,NaN,NaN,NaN,NaN,NaN,NaN,NaN,NaN,NaN,NaN,NaN,NaN,NaN,NaN,NaN,NaN,NaN,
120.621,-0.01701,0.01205,0.13023,0.82388,-0.15456,-0.25659,-0.48113,NaN,NaN,NaN,NaN,NaN,NaN,NaN,NaN,NaN,NaN,NaN,NaN,NaN,NaN,NaN,NaN,NaN,NaN,NaN,NaN,NaN,
120.646,-0.01676,0.01180,0.13019,0.82335,-0.15294,-0.25576,-0.48301,NaN,NaN,NaN,NaN,NaN,NaN,NaN,NaN,NaN,NaN,NaN,NaN,NaN,NaN,NaN,NaN,NaN,NaN,NaN,NaN,NaN,
120.671,-0.01683,0.01156,0.13013,0.82199,-0.14882,-0.25383,-0.48760,NaN,NaN,NaN,NaN,NaN,NaN,NaN,NaN,NaN,NaN,NaN,NaN,NaN,NaN,NaN,NaN,NaN,NaN,NaN,NaN,NaN,
120.696,-0.01643,0.01139,0.13014,0.82137,-0.14986,-0.24904,-0.49078,NaN,NaN,NaN,NaN,NaN,NaN,NaN,NaN,NaN,NaN,NaN,NaN,NaN,NaN,NaN,NaN,NaN,NaN,NaN,NaN,NaN,
120.721,-0.01624,0.01107,0.13023,0.82018,-0.14811,-0.24501,-0.49532,NaN,NaN,NaN,NaN,NaN,NaN,NaN,NaN,NaN,NaN,NaN,NaN,NaN,NaN,NaN,NaN,NaN,NaN,NaN,NaN,NaN,
120.746,-0.01581,0.01091,0.13013,0.81944,-0.14911,-0.23992,-0.49871,NaN,NaN,NaN,NaN,NaN,NaN,NaN,NaN,NaN,NaN,NaN,NaN,NaN,NaN,NaN,NaN,NaN,NaN,NaN,NaN,NaN,
120.771,-0.01554,0.01059,0.13026,0.81836,-0.14723,-0.23689,-0.50249,NaN,NaN,NaN,NaN,NaN,NaN,NaN,NaN,NaN,NaN,NaN,NaN,NaN,NaN,NaN,NaN,NaN,NaN,NaN,NaN,NaN,
120.796,-0.01588,0.01048,0.13004,0.81790,-0.14430,-0.23840,-0.50337,NaN,NaN,NaN,NaN,NaN,NaN,NaN,NaN,NaN,NaN,NaN,NaN,NaN,NaN,NaN,NaN,NaN,NaN,NaN,NaN,NaN,
120.821,-0.01546,0.01023,0.13007,0.81733,-0.14393,-0.23606,-0.50550,NaN,NaN,NaN,NaN,NaN,NaN,NaN,NaN,NaN,NaN,NaN,NaN,NaN,NaN,NaN,NaN,NaN,NaN,NaN,NaN,NaN,
120.847,-0.01548,0.01007,0.13005,0.81648,-0.14174,-0.23477,-0.50808,NaN,NaN,NaN,NaN,NaN,NaN,NaN,NaN,NaN,NaN,NaN,NaN,NaN,NaN,NaN,NaN,NaN,NaN,NaN,NaN,NaN,
120.871,-0.01557,0.00999,0.12998,0.81563,-0.13992,-0.23301,-0.51076,NaN,NaN,NaN,NaN,NaN,NaN,NaN,NaN,NaN,NaN,NaN,NaN,NaN,NaN,NaN,NaN,NaN,NaN,NaN,NaN,NaN,
120.897,-0.01533,0.00995,0.13000,0.81552,-0.14123,-0.23084,-0.51155,NaN,NaN,NaN,NaN,NaN,NaN,NaN,NaN,NaN,NaN,NaN,NaN,NaN,NaN,NaN,NaN,NaN,NaN,NaN,NaN,NaN,
120.921,-0.01488,0.00994,0.12992,0.81547,-0.14286,-0.22853,-0.51222,NaN,NaN,NaN,NaN,NaN,NaN,NaN,NaN,NaN,NaN,NaN,NaN,NaN,NaN,NaN,NaN,NaN,NaN,NaN,NaN,NaN,
120.946,-0.01509,0.00991,0.12995,0.81506,-0.14134,-0.22854,-0.51328,NaN,NaN,NaN,NaN,NaN,NaN,NaN,NaN,NaN,NaN,NaN,NaN,NaN,NaN,NaN,NaN,NaN,NaN,NaN,NaN,NaN,
120.971,-0.01497,0.00997,0.12994,0.81517,-0.14228,-0.22785,-0.51316,NaN,NaN,NaN,NaN,NaN,NaN,NaN,NaN,NaN,NaN,NaN,NaN,NaN,NaN,NaN,NaN,NaN,NaN,NaN,NaN,NaN,
120.996,-0.01520,0.01003,0.12993,0.81535,-0.14091,-0.23042,-0.51211,NaN,NaN,NaN,NaN,NaN,NaN,NaN,NaN,NaN,NaN,NaN,NaN,NaN,NaN,NaN,NaN,NaN,NaN,NaN,NaN,NaN,
121.021,-0.01537,0.01014,0.12990,0.81567,-0.14050,-0.23249,-0.51077,NaN,NaN,NaN,NaN,NaN,NaN,NaN,NaN,NaN,NaN,NaN,NaN,NaN,NaN,NaN,NaN,NaN,NaN,NaN,NaN,NaN,
121.046,-0.01539,0.01030,0.12989,0.81666,-0.14157,-0.23585,-0.50734,NaN,NaN,NaN,NaN,NaN,NaN,NaN,NaN,NaN,NaN,NaN,NaN,NaN,NaN,NaN,NaN,NaN,NaN,NaN,NaN,NaN,
121.071,-0.01565,0.01057,0.12989,0.81697,-0.14231,-0.23639,-0.50639,NaN,NaN,NaN,NaN,NaN,NaN,NaN,NaN,NaN,NaN,NaN,NaN,NaN,NaN,NaN,NaN,NaN,NaN,NaN,NaN,NaN,
121.096,-0.01569,0.01077,0.12982,0.81796,-0.14337,-0.23992,-0.50282,NaN,NaN,NaN,NaN,NaN,NaN,NaN,NaN,NaN,NaN,NaN,NaN,NaN,NaN,NaN,NaN,NaN,NaN,NaN,NaN,NaN,
121.121,-0.01614,0.01097,0.12977,0.81836,-0.14126,-0.24475,-0.50043,NaN,NaN,NaN,NaN,NaN,NaN,NaN,NaN,NaN,NaN,NaN,NaN,NaN,NaN,NaN,NaN,NaN,NaN,NaN,NaN,NaN,
121.146,-0.01566,0.01103,0.12984,0.81948,-0.14490,-0.24569,-0.49708,NaN,NaN,NaN,NaN,NaN,NaN,NaN,NaN,NaN,NaN,NaN,NaN,NaN,NaN,NaN,NaN,NaN,NaN,NaN,NaN,NaN,
121.171,-0.01591,0.01115,0.12978,0.81999,-0.14343,-0.25037,-0.49433,NaN,NaN,NaN,NaN,NaN,NaN,NaN,NaN,NaN,NaN,NaN,NaN,NaN,NaN,NaN,NaN,NaN,NaN,NaN,NaN,NaN,
121.196,-0.01657,0.01124,0.12973,0.81963,-0.13828,-0.25564,-0.49369,NaN,NaN,NaN,NaN,NaN,NaN,NaN,NaN,NaN,NaN,NaN,NaN,NaN,NaN,NaN,NaN,NaN,NaN,NaN,NaN,NaN,
121.221,-0.01705,0.01127,0.12958,0.82006,-0.13446,-0.26363,-0.48981,NaN,NaN,NaN,NaN,NaN,NaN,NaN,NaN,NaN,NaN,NaN,NaN,NaN,NaN,NaN,NaN,NaN,NaN,NaN,NaN,NaN,
121.246,-0.01730,0.01127,0.12950,0.82003,-0.13056,-0.26945,-0.48775,NaN,NaN,NaN,NaN,NaN,NaN,NaN,NaN,NaN,NaN,NaN,NaN,NaN,NaN,NaN,NaN,NaN,NaN,NaN,NaN,NaN,
121.271,-0.01725,0.01115,0.12955,0.81971,-0.12768,-0.27204,-0.48762,NaN,NaN,NaN,NaN,NaN,NaN,NaN,NaN,NaN,NaN,NaN,NaN,NaN,NaN,NaN,NaN,NaN,NaN,NaN,NaN,NaN,
121.296,-0.01745,0.01109,0.12945,0.81958,-0.12507,-0.27549,-0.48656,NaN,NaN,NaN,NaN,NaN,NaN,NaN,NaN,NaN,NaN,NaN,NaN,NaN,NaN,NaN,NaN,NaN,NaN,NaN,NaN,NaN,
121.321,-0.01757,0.01096,0.12950,0.81878,-0.12155,-0.27634,-0.48833,NaN,NaN,NaN,NaN,NaN,NaN,NaN,NaN,NaN,NaN,NaN,NaN,NaN,NaN,NaN,NaN,NaN,NaN,NaN,NaN,NaN,
121.346,-0.01746,0.01089,0.12948,0.81834,-0.12007,-0.27614,-0.48953,NaN,NaN,NaN,NaN,NaN,NaN,NaN,NaN,NaN,NaN,NaN,NaN,NaN,NaN,NaN,NaN,NaN,NaN,NaN,NaN,NaN,
121.371,-0.01773,0.01069,0.12948,0.81751,-0.11581,-0.27817,-0.49081,NaN,NaN,NaN,NaN,NaN,NaN,NaN,NaN,NaN,NaN,NaN,NaN,NaN,NaN,NaN,NaN,NaN,NaN,NaN,NaN,NaN,
121.396,-0.01757,0.01048,0.12948,0.81667,-0.11259,-0.27849,-0.49277,NaN,NaN,NaN,NaN,NaN,NaN,NaN,NaN,NaN,NaN,NaN,NaN,NaN,NaN,NaN,NaN,NaN,NaN,NaN,NaN,NaN,
121.421,-0.01779,0.01025,0.12956,0.81573,-0.10830,-0.28014,-0.49434,NaN,NaN,NaN,NaN,NaN,NaN,NaN,NaN,NaN,NaN,NaN,NaN,NaN,NaN,NaN,NaN,NaN,NaN,NaN,NaN,NaN,
121.446,-0.01778,0.00986,0.12962,0.81422,-0.10244,-0.28117,-0.49748,NaN,NaN,NaN,NaN,NaN,NaN,NaN,NaN,NaN,NaN,NaN,NaN,NaN,NaN,NaN,NaN,NaN,NaN,NaN,NaN,NaN,
121.471,-0.01788,0.00964,0.12957,0.81314,-0.09815,-0.28220,-0.49953,NaN,NaN,NaN,NaN,NaN,NaN,NaN,NaN,NaN,NaN,NaN,NaN,NaN,NaN,NaN,NaN,NaN,NaN,NaN,NaN,NaN,
121.496,-0.01794,0.00938,0.12966,0.81206,-0.09438,-0.28243,-0.50188,NaN,NaN,NaN,NaN,NaN,NaN,NaN,NaN,NaN,NaN,NaN,NaN,NaN,NaN,NaN,NaN,NaN,NaN,NaN,NaN,NaN,
121.521,-0.01772,0.00914,0.12966,0.81133,-0.09252,-0.28142,-0.50396,NaN,NaN,NaN,NaN,NaN,NaN,NaN,NaN,NaN,NaN,NaN,NaN,NaN,NaN,NaN,NaN,NaN,NaN,NaN,NaN,NaN,
121.546,-0.01793,0.00901,0.12964,0.81006,-0.08889,-0.28042,-0.50721,NaN,NaN,NaN,NaN,NaN,NaN,NaN,NaN,NaN,NaN,NaN,NaN,NaN,NaN,NaN,NaN,NaN,NaN,NaN,NaN,NaN,
121.571,-0.01785,0.00876,0.12974,0.80895,-0.08608,-0.27900,-0.51025,NaN,NaN,NaN,NaN,NaN,NaN,NaN,NaN,NaN,NaN,NaN,NaN,NaN,NaN,NaN,NaN,NaN,NaN,NaN,NaN,NaN,
121.596,-0.01766,0.00855,0.12979,0.80801,-0.08381,-0.27774,-0.51279,NaN,NaN,NaN,NaN,NaN,NaN,NaN,NaN,NaN,NaN,NaN,NaN,NaN,NaN,NaN,NaN,NaN,NaN,NaN,NaN,NaN,
121.621,-0.01789,0.00832,0.12992,0.80703,-0.07957,-0.27972,-0.51393,NaN,NaN,NaN,NaN,NaN,NaN,NaN,NaN,NaN,NaN,NaN,NaN,NaN,NaN,NaN,NaN,NaN,NaN,NaN,NaN,NaN,
121.646,-0.01792,0.00817,0.12995,0.80619,-0.07667,-0.28018,-0.51544,NaN,NaN,NaN,NaN,NaN,NaN,NaN,NaN,NaN,NaN,NaN,NaN,NaN,NaN,NaN,NaN,NaN,NaN,NaN,NaN,NaN,
121.671,-0.01807,0.00809,0.12993,0.80546,-0.07406,-0.28076,-0.51665,NaN,NaN,NaN,NaN,NaN,NaN,NaN,NaN,NaN,NaN,NaN,NaN,NaN,NaN,NaN,NaN,NaN,NaN,NaN,NaN,NaN,
121.696,-0.01808,0.00790,0.13013,0.80470,-0.07180,-0.28059,-0.51824,NaN,NaN,NaN,NaN,NaN,NaN,NaN,NaN,NaN,NaN,NaN,NaN,NaN,NaN,NaN,NaN,NaN,NaN,NaN,NaN,NaN,
121.721,-0.01814,0.00789,0.13012,0.80471,-0.07149,-0.28119,-0.51795,NaN,NaN,NaN,NaN,NaN,NaN,NaN,NaN,NaN,NaN,NaN,NaN,NaN,NaN,NaN,NaN,NaN,NaN,NaN,NaN,NaN,
121.746,-0.01797,0.00785,0.13020,0.80446,-0.07209,-0.27875,-0.51957,NaN,NaN,NaN,NaN,NaN,NaN,NaN,NaN,NaN,NaN,NaN,NaN,NaN,NaN,NaN,NaN,NaN,NaN,NaN,NaN,NaN,
121.771,-0.01797,0.00781,0.13033,0.80442,-0.07212,-0.27847,-0.51977,NaN,NaN,NaN,NaN,NaN,NaN,NaN,NaN,NaN,NaN,NaN,NaN,NaN,NaN,NaN,NaN,NaN,NaN,NaN,NaN,NaN,
121.796,-0.01807,0.00787,0.13030,0.80442,-0.07194,-0.27878,-0.51964,NaN,NaN,NaN,NaN,NaN,NaN,NaN,NaN,NaN,NaN,NaN,NaN,NaN,NaN,NaN,NaN,NaN,NaN,NaN,NaN,NaN,
121.821,-0.01798,0.00787,0.13034,0.80458,-0.07268,-0.27836,-0.51950,NaN,NaN,NaN,NaN,NaN,NaN,NaN,NaN,NaN,NaN,NaN,NaN,NaN,NaN,NaN,NaN,NaN,NaN,NaN,NaN,NaN,
121.846,-0.01808,0.00789,0.13042,0.80454,-0.07259,-0.27829,-0.51962,NaN,NaN,NaN,NaN,NaN,NaN,NaN,NaN,NaN,NaN,NaN,NaN,NaN,NaN,NaN,NaN,NaN,NaN,NaN,NaN,NaN,
121.871,-0.01802,0.00787,0.13041,0.80460,-0.07281,-0.27825,-0.51951,NaN,NaN,NaN,NaN,NaN,NaN,NaN,NaN,NaN,NaN,NaN,NaN,NaN,NaN,NaN,NaN,NaN,NaN,NaN,NaN,NaN,
121.896,-0.01795,0.00786,0.13040,0.80475,-0.07326,-0.27823,-0.51923,NaN,NaN,NaN,NaN,NaN,NaN,NaN,NaN,NaN,NaN,NaN,NaN,NaN,NaN,NaN,NaN,NaN,NaN,NaN,NaN,NaN,
121.921,-0.01802,0.00787,0.13044,0.80473,-0.07314,-0.27833,-0.51923,NaN,NaN,NaN,NaN,NaN,NaN,NaN,NaN,NaN,NaN,NaN,NaN,NaN,NaN,NaN,NaN,NaN,NaN,NaN,NaN,NaN,
121.946,-0.01800,0.00792,0.13037,0.80484,-0.07346,-0.27842,-0.51895,NaN,NaN,NaN,NaN,NaN,NaN,NaN,NaN,NaN,NaN,NaN,NaN,NaN,NaN,NaN,NaN,NaN,NaN,NaN,NaN,NaN,
121.971,-0.01800,0.00788,0.13037,0.80466,-0.07290,-0.27839,-0.51934,NaN,NaN,NaN,NaN,NaN,NaN,NaN,NaN,NaN,NaN,NaN,NaN,NaN,NaN,NaN,NaN,NaN,NaN,NaN,NaN,NaN,
121.996,-0.01800,0.00789,0.13038,0.80471,-0.07308,-0.27836,-0.51925,NaN,NaN,NaN,NaN,NaN,NaN,NaN,NaN,NaN,NaN,NaN,NaN,NaN,NaN,NaN,NaN,NaN,NaN,NaN,NaN,NaN,
122.021,-0.01800,0.00791,0.13038,0.80479,-0.07333,-0.27836,-0.51908,NaN,NaN,NaN,NaN,NaN,NaN,NaN,NaN,NaN,NaN,NaN,NaN,NaN,NaN,NaN,NaN,NaN,NaN,NaN,NaN,NaN,
122.046,-0.01800,0.00792,0.13039,0.80483,-0.07351,-0.27827,-0.51904,NaN,NaN,NaN,NaN,NaN,NaN,NaN,NaN,NaN,NaN,NaN,NaN,NaN,NaN,NaN,NaN,NaN,NaN,NaN,NaN,NaN,
122.071,-0.01800,0.00793,0.13039,0.80488,-0.07364,-0.27829,-0.51894,NaN,NaN,NaN,NaN,NaN,NaN,NaN,NaN,NaN,NaN,NaN,NaN,NaN,NaN,NaN,NaN,NaN,NaN,NaN,NaN,NaN,
122.096,-0.01792,0.00790,0.13033,0.80490,-0.07414,-0.27750,-0.51927,NaN,NaN,NaN,NaN,NaN,NaN,NaN,NaN,NaN,NaN,NaN,NaN,NaN,NaN,NaN,NaN,NaN,NaN,NaN,NaN,NaN,
122.121,-0.01782,0.00808,0.13025,0.80581,-0.07732,-0.27688,-0.51772,NaN,NaN,NaN,NaN,NaN,NaN,NaN,NaN,NaN,NaN,NaN,NaN,NaN,NaN,NaN,NaN,NaN,NaN,NaN,NaN,NaN,
122.146,-0.01757,0.00812,0.13019,0.80638,-0.07859,-0.27781,-0.51613,NaN,NaN,NaN,NaN,NaN,NaN,NaN,NaN,NaN,NaN,NaN,NaN,NaN,NaN,NaN,NaN,NaN,NaN,NaN,NaN,NaN,
122.171,-0.01805,0.00817,0.12995,0.80551,-0.07348,-0.28206,-0.51594,NaN,NaN,NaN,NaN,NaN,NaN,NaN,NaN,NaN,NaN,NaN,NaN,NaN,NaN,NaN,NaN,NaN,NaN,NaN,NaN,NaN,
122.196,-0.01820,0.00817,0.12990,0.80498,-0.07094,-0.28371,-0.51622,NaN,NaN,NaN,NaN,NaN,NaN,NaN,NaN,NaN,NaN,NaN,NaN,NaN,NaN,NaN,NaN,NaN,NaN,NaN,NaN,NaN,
122.221,-0.01817,0.00809,0.12979,0.80453,-0.06889,-0.28494,-0.51652,NaN,NaN,NaN,NaN,NaN,NaN,NaN,NaN,NaN,NaN,NaN,NaN,NaN,NaN,NaN,NaN,NaN,NaN,NaN,NaN,NaN,
122.246,-0.01829,0.00805,0.12965,0.80413,-0.06677,-0.28658,-0.51652,NaN,NaN,NaN,NaN,NaN,NaN,NaN,NaN,NaN,NaN,NaN,NaN,NaN,NaN,NaN,NaN,NaN,NaN,NaN,NaN,NaN,
122.271,-0.01839,0.00797,0.12969,0.80335,-0.06406,-0.28724,-0.51770,NaN,NaN,NaN,NaN,NaN,NaN,NaN,NaN,NaN,NaN,NaN,NaN,NaN,NaN,NaN,NaN,NaN,NaN,NaN,NaN,NaN,
122.296,-0.01847,0.00789,0.12955,0.80288,-0.06151,-0.28938,-0.51755,NaN,NaN,NaN,NaN,NaN,NaN,NaN,NaN,NaN,NaN,NaN,NaN,NaN,NaN,NaN,NaN,NaN,NaN,NaN,NaN,NaN,
122.321,-0.01841,0.00780,0.12946,0.80247,-0.05957,-0.29074,-0.51765,NaN,NaN,NaN,NaN,NaN,NaN,NaN,NaN,NaN,NaN,NaN,NaN,NaN,NaN,NaN,NaN,NaN,NaN,NaN,NaN,NaN,
122.346,-0.01852,0.00774,0.12945,0.80185,-0.05715,-0.29183,-0.51827,NaN,NaN,NaN,NaN,NaN,NaN,NaN,NaN,NaN,NaN,NaN,NaN,NaN,NaN,NaN,NaN,NaN,NaN,NaN,NaN,NaN,
122.371,-0.01857,0.00771,0.12936,0.80144,-0.05555,-0.29260,-0.51864,NaN,NaN,NaN,NaN,NaN,NaN,NaN,NaN,NaN,NaN,NaN,NaN,NaN,NaN,NaN,NaN,NaN,NaN,NaN,NaN,NaN,
122.396,-0.01857,0.00767,0.12927,0.80107,-0.05400,-0.29350,-0.51887,NaN,NaN,NaN,NaN,NaN,NaN,NaN,NaN,NaN,NaN,NaN,NaN,NaN,NaN,NaN,NaN,NaN,NaN,NaN,NaN,NaN,
122.421,-0.01869,0.00757,0.12931,0.80028,-0.05142,-0.29399,-0.52007,NaN,NaN,NaN,NaN,NaN,NaN,NaN,NaN,NaN,NaN,NaN,NaN,NaN,NaN,NaN,NaN,NaN,NaN,NaN,NaN,NaN,
122.446,-0.01865,0.00732,0.12932,0.79923,-0.04796,-0.29479,-0.52156,NaN,NaN,NaN,NaN,NaN,NaN,NaN,NaN,NaN,NaN,NaN,NaN,NaN,NaN,NaN,NaN,NaN,NaN,NaN,NaN,NaN,
122.471,-0.01877,0.00706,0.12929,0.79748,-0.04261,-0.29539,-0.52436,NaN,NaN,NaN,NaN,NaN,NaN,NaN,NaN,NaN,NaN,NaN,NaN,NaN,NaN,NaN,NaN,NaN,NaN,NaN,NaN,NaN,
122.496,-0.01890,0.00682,0.12939,0.79588,-0.03796,-0.29562,-0.52702,NaN,NaN,NaN,NaN,NaN,NaN,NaN,NaN,NaN,NaN,NaN,NaN,NaN,NaN,NaN,NaN,NaN,NaN,NaN,NaN,NaN,
122.521,-0.01889,0.00654,0.12939,0.79444,-0.03363,-0.29627,-0.52912,NaN,NaN,NaN,NaN,NaN,NaN,NaN,NaN,NaN,NaN,NaN,NaN,NaN,NaN,NaN,NaN,NaN,NaN,NaN,NaN,NaN,
122.546,-0.01894,0.00633,0.12931,0.79281,-0.02882,-0.29690,-0.53149,NaN,NaN,NaN,NaN,NaN,NaN,NaN,NaN,NaN,NaN,NaN,NaN,NaN,NaN,NaN,NaN,NaN,NaN,NaN,NaN,NaN,
122.571,-0.01894,0.00595,0.12948,0.79055,-0.02267,-0.29695,-0.53510,NaN,NaN,NaN,NaN,NaN,NaN,NaN,NaN,NaN,NaN,NaN,NaN,NaN,NaN,NaN,NaN,NaN,NaN,NaN,NaN,NaN,
122.596,-0.01900,0.00575,0.12936,0.78887,-0.01793,-0.29746,-0.53747,NaN,NaN,NaN,NaN,NaN,NaN,NaN,NaN,NaN,NaN,NaN,NaN,NaN,NaN,NaN,NaN,NaN,NaN,NaN,NaN,NaN,
122.621,-0.01907,0.00555,0.12939,0.78732,-0.01376,-0.29763,-0.53977,NaN,NaN,NaN,NaN,NaN,NaN,NaN,NaN,NaN,NaN,NaN,NaN,NaN,NaN,NaN,NaN,NaN,NaN,NaN,NaN,NaN,
122.646,-0.01915,0.00525,0.12947,0.78522,-0.00839,-0.29745,-0.54302,NaN,NaN,NaN,NaN,NaN,NaN,NaN,NaN,NaN,NaN,NaN,NaN,NaN,NaN,NaN,NaN,NaN,NaN,NaN,NaN,NaN,
122.671,-0.01916,0.00495,0.12938,0.78296,-0.00249,-0.29767,-0.54622,NaN,NaN,NaN,NaN,NaN,NaN,NaN,NaN,NaN,NaN,NaN,NaN,NaN,NaN,NaN,NaN,NaN,NaN,NaN,NaN,NaN,
122.696,-0.01924,0.00459,0.12953,0.77991,0.00494,-0.29711,-0.55086,NaN,NaN,NaN,NaN,NaN,NaN,NaN,NaN,NaN,NaN,NaN,NaN,NaN,NaN,NaN,NaN,NaN,NaN,NaN,NaN,NaN,
122.721,-0.01936,0.00437,0.12958,0.77846,0.00960,-0.29937,-0.55162,NaN,NaN,NaN,NaN,NaN,NaN,NaN,NaN,NaN,NaN,NaN,NaN,NaN,NaN,NaN,NaN,NaN,NaN,NaN,NaN,NaN,
122.746,-0.01950,0.00430,0.12959,0.77735,0.01322,-0.30131,-0.55205,NaN,NaN,NaN,NaN,NaN,NaN,NaN,NaN,NaN,NaN,NaN,NaN,NaN,NaN,NaN,NaN,NaN,NaN,NaN,NaN,NaN,
122.771,-0.01969,0.00428,0.12972,0.77667,0.01522,-0.30203,-0.55256,NaN,NaN,NaN,NaN,NaN,NaN,NaN,NaN,NaN,NaN,NaN,NaN,NaN,NaN,NaN,NaN,NaN,NaN,NaN,NaN,NaN,
122.796,-0.01969,0.00428,0.12975,0.77663,0.01570,-0.30285,-0.55217,NaN,NaN,NaN,NaN,NaN,NaN,NaN,NaN,NaN,NaN,NaN,NaN,NaN,NaN,NaN,NaN,NaN,NaN,NaN,NaN,NaN,
122.821,-0.01987,0.00425,0.12975,0.77577,0.01872,-0.30491,-0.55214,NaN,NaN,NaN,NaN,NaN,NaN,NaN,NaN,NaN,NaN,NaN,NaN,NaN,NaN,NaN,NaN,NaN,NaN,NaN,NaN,NaN,
122.846,-0.01993,0.00421,0.12989,0.77549,0.01973,-0.30562,-0.55211,NaN,NaN,NaN,NaN,NaN,NaN,NaN,NaN,NaN,NaN,NaN,NaN,NaN,NaN,NaN,NaN,NaN,NaN,NaN,NaN,NaN,
122.871,-0.02005,0.00421,0.12997,0.77534,0.02031,-0.30611,-0.55202,NaN,NaN,NaN,NaN,NaN,NaN,NaN,NaN,NaN,NaN,NaN,NaN,NaN,NaN,NaN,NaN,NaN,NaN,NaN,NaN,NaN,
122.896,-0.02009,0.00428,0.12999,0.77596,0.01929,-0.30718,-0.55060,NaN,NaN,NaN,NaN,NaN,NaN,NaN,NaN,NaN,NaN,NaN,NaN,NaN,NaN,NaN,NaN,NaN,NaN,NaN,NaN,NaN,
122.921,-0.02022,0.00428,0.13019,0.77579,0.01947,-0.30668,-0.55110,NaN,NaN,NaN,NaN,NaN,NaN,NaN,NaN,NaN,NaN,NaN,NaN,NaN,NaN,NaN,NaN,NaN,NaN,NaN,NaN,NaN,
122.946,-0.02030,0.00428,0.13032,0.77598,0.01905,-0.30677,-0.55080,NaN,NaN,NaN,NaN,NaN,NaN,NaN,NaN,NaN,NaN,NaN,NaN,NaN,NaN,NaN,NaN,NaN,NaN,NaN,NaN,NaN,
122.971,-0.02012,0.00434,0.13034,0.77743,0.01567,-0.30710,-0.54867,NaN,NaN,NaN,NaN,NaN,NaN,NaN,NaN,NaN,NaN,NaN,NaN,NaN,NaN,NaN,NaN,NaN,NaN,NaN,NaN,NaN,
122.996,-0.02018,0.00443,0.13042,0.77811,0.01390,-0.30683,-0.54792,NaN,NaN,NaN,NaN,NaN,NaN,NaN,NaN,NaN,NaN,NaN,NaN,NaN,NaN,NaN,NaN,NaN,NaN,NaN,NaN,NaN,
123.021,-0.02018,0.00440,0.13055,0.77838,0.01313,-0.30661,-0.54767,NaN,NaN,NaN,NaN,NaN,NaN,NaN,NaN,NaN,NaN,NaN,NaN,NaN,NaN,NaN,NaN,NaN,NaN,NaN,NaN,NaN,
123.046,-0.02021,0.00448,0.13047,0.77898,0.01185,-0.30706,-0.54659,NaN,NaN,NaN,NaN,NaN,NaN,NaN,NaN,NaN,NaN,NaN,NaN,NaN,NaN,NaN,NaN,NaN,NaN,NaN,NaN,NaN,
123.071,-0.02012,0.00451,0.13054,0.77978,0.00979,-0.30686,-0.54561,NaN,NaN,NaN,NaN,NaN,NaN,NaN,NaN,NaN,NaN,NaN,NaN,NaN,NaN,NaN,NaN,NaN,NaN,NaN,NaN,NaN,
123.096,-0.02019,0.00452,0.13058,0.77978,0.00967,-0.30663,-0.54573,NaN,NaN,NaN,NaN,NaN,NaN,NaN,NaN,NaN,NaN,NaN,NaN,NaN,NaN,NaN,NaN,NaN,NaN,NaN,NaN,NaN,
123.121,-0.02012,0.00458,0.13056,0.78045,0.00765,-0.30581,-0.54527,NaN,NaN,NaN,NaN,NaN,NaN,NaN,NaN,NaN,NaN,NaN,NaN,NaN,NaN,NaN,NaN,NaN,NaN,NaN,NaN,NaN,
123.146,-0.02002,0.00461,0.13059,0.78123,0.00543,-0.30525,-0.54449,NaN,NaN,NaN,NaN,NaN,NaN,NaN,NaN,NaN,NaN,NaN,NaN,NaN,NaN,NaN,NaN,NaN,NaN,NaN,NaN,NaN,
123.171,-0.02005,0.00458,0.13064,0.78109,0.00571,-0.30510,-0.54477,NaN,NaN,NaN,NaN,NaN,NaN,NaN,NaN,NaN,NaN,NaN,NaN,NaN,NaN,NaN,NaN,NaN,NaN,NaN,NaN,NaN,
123.196,-0.01997,0.00454,0.13049,0.78105,0.00588,-0.30527,-0.54473,NaN,NaN,NaN,NaN,NaN,NaN,NaN,NaN,NaN,NaN,NaN,NaN,NaN,NaN,NaN,NaN,NaN,NaN,NaN,NaN,NaN,
123.221,-0.01994,0.00457,0.13037,0.78131,0.00538,-0.30558,-0.54420,NaN,NaN,NaN,NaN,NaN,NaN,NaN,NaN,NaN,NaN,NaN,NaN,NaN,NaN,NaN,NaN,NaN,NaN,NaN,NaN,NaN,
123.246,-0.01993,0.00458,0.13033,0.78123,0.00536,-0.30511,-0.54457,NaN,NaN,NaN,NaN,NaN,NaN,NaN,NaN,NaN,NaN,NaN,NaN,NaN,NaN,NaN,NaN,NaN,NaN,NaN,NaN,NaN,
123.271,-0.01990,0.00457,0.13019,0.78105,0.00579,-0.30505,-0.54486,NaN,NaN,NaN,NaN,NaN,NaN,NaN,NaN,NaN,NaN,NaN,NaN,NaN,NaN,NaN,NaN,NaN,NaN,NaN,NaN,NaN,
123.296,-0.01994,0.00456,0.13005,0.78078,0.00655,-0.30524,-0.54514,NaN,NaN,NaN,NaN,NaN,NaN,NaN,NaN,NaN,NaN,NaN,NaN,NaN,NaN,NaN,NaN,NaN,NaN,NaN,NaN,NaN,
123.321,-0.01989,0.00443,0.13009,0.78003,0.00819,-0.30471,-0.54648,NaN,NaN,NaN,NaN,NaN,NaN,NaN,NaN,NaN,NaN,NaN,NaN,NaN,NaN,NaN,NaN,NaN,NaN,NaN,NaN,NaN,
123.346,-0.01994,0.00437,0.12994,0.77941,0.00990,-0.30511,-0.54711,NaN,NaN,NaN,NaN,NaN,NaN,NaN,NaN,NaN,NaN,NaN,NaN,NaN,NaN,NaN,NaN,NaN,NaN,NaN,NaN,NaN,
123.371,-0.01987,0.00422,0.12997,0.77865,0.01160,-0.30470,-0.54839,NaN,NaN,NaN,NaN,NaN,NaN,NaN,NaN,NaN,NaN,NaN,NaN,NaN,NaN,NaN,NaN,NaN,NaN,NaN,NaN,NaN,
123.396,-0.01987,0.00413,0.13000,0.77789,0.01333,-0.30439,-0.54960,NaN,NaN,NaN,NaN,NaN,NaN,NaN,NaN,NaN,NaN,NaN,NaN,NaN,NaN,NaN,NaN,NaN,NaN,NaN,NaN,NaN,
123.421,-0.01987,0.00405,0.12989,0.77728,0.01495,-0.30465,-0.55028,NaN,NaN,NaN,NaN,NaN,NaN,NaN,NaN,NaN,NaN,NaN,NaN,NaN,NaN,NaN,NaN,NaN,NaN,NaN,NaN,NaN,
123.446,-0.01986,0.00392,0.12988,0.77620,0.01738,-0.30427,-0.55193,NaN,NaN,NaN,NaN,NaN,NaN,NaN,NaN,NaN,NaN,NaN,NaN,NaN,NaN,NaN,NaN,NaN,NaN,NaN,NaN,NaN,
123.471,-0.01985,0.00388,0.12990,0.77625,0.01680,-0.30324,-0.55245,NaN,NaN,NaN,NaN,NaN,NaN,NaN,NaN,NaN,NaN,NaN,NaN,NaN,NaN,NaN,NaN,NaN,NaN,NaN,NaN,NaN,
123.496,-0.01949,0.00398,0.12982,0.77808,0.01119,-0.30077,-0.55137,NaN,NaN,NaN,NaN,NaN,NaN,NaN,NaN,NaN,NaN,NaN,NaN,NaN,NaN,NaN,NaN,NaN,NaN,NaN,NaN,NaN,
123.521,-0.01947,0.00396,0.12985,0.77803,0.01093,-0.29992,-0.55191,NaN,NaN,NaN,NaN,NaN,NaN,NaN,NaN,NaN,NaN,NaN,NaN,NaN,NaN,NaN,NaN,NaN,NaN,NaN,NaN,NaN,
123.546,-0.01953,0.00387,0.12979,0.77708,0.01274,-0.29881,-0.55381,NaN,NaN,NaN,NaN,NaN,NaN,NaN,NaN,NaN,NaN,NaN,NaN,NaN,NaN,NaN,NaN,NaN,NaN,NaN,NaN,NaN,
123.571,-0.01941,0.00366,0.12979,0.77596,0.01502,-0.29788,-0.55582,NaN,NaN,NaN,NaN,NaN,NaN,NaN,NaN,NaN,NaN,NaN,NaN,NaN,NaN,NaN,NaN,NaN,NaN,NaN,NaN,NaN,
123.596,-0.01942,0.00348,0.12982,0.77482,0.01770,-0.29772,-0.55741,NaN,NaN,NaN,NaN,NaN,NaN,NaN,NaN,NaN,NaN,NaN,NaN,NaN,NaN,NaN,NaN,NaN,NaN,NaN,NaN,NaN,
123.621,-0.01935,0.00333,0.12981,0.77378,0.01966,-0.29661,-0.55937,NaN,NaN,NaN,NaN,NaN,NaN,NaN,NaN,NaN,NaN,NaN,NaN,NaN,NaN,NaN,NaN,NaN,NaN,NaN,NaN,NaN,
123.646,-0.01932,0.00329,0.12970,0.77325,0.02082,-0.29637,-0.56019,NaN,NaN,NaN,NaN,NaN,NaN,NaN,NaN,NaN,NaN,NaN,NaN,NaN,NaN,NaN,NaN,NaN,NaN,NaN,NaN,NaN,
123.671,-0.01936,0.00324,0.12973,0.77240,0.02246,-0.29551,-0.56176,NaN,NaN,NaN,NaN,NaN,NaN,NaN,NaN,NaN,NaN,NaN,NaN,NaN,NaN,NaN,NaN,NaN,NaN,NaN,NaN,NaN,
123.696,-0.01924,0.00307,0.12972,0.77161,0.02415,-0.29515,-0.56296,NaN,NaN,NaN,NaN,NaN,NaN,NaN,NaN,NaN,NaN,NaN,NaN,NaN,NaN,NaN,NaN,NaN,NaN,NaN,NaN,NaN,
123.721,-0.01923,0.00296,0.12966,0.77065,0.02617,-0.29462,-0.56446,NaN,NaN,NaN,NaN,NaN,NaN,NaN,NaN,NaN,NaN,NaN,NaN,NaN,NaN,NaN,NaN,NaN,NaN,NaN,NaN,NaN,
123.746,-0.01929,0.00287,0.12973,0.76972,0.02797,-0.29385,-0.56604,NaN,NaN,NaN,NaN,NaN,NaN,NaN,NaN,NaN,NaN,NaN,NaN,NaN,NaN,NaN,NaN,NaN,NaN,NaN,NaN,NaN,
123.771,-0.01927,0.00280,0.12965,0.76883,0.02974,-0.29319,-0.56750,NaN,NaN,NaN,NaN,NaN,NaN,NaN,NaN,NaN,NaN,NaN,NaN,NaN,NaN,NaN,NaN,NaN,NaN,NaN,NaN,NaN,
123.796,-0.01919,0.00234,0.12979,0.76577,0.03609,-0.29168,-0.57203,NaN,NaN,NaN,NaN,NaN,NaN,NaN,NaN,NaN,NaN,NaN,NaN,NaN,NaN,NaN,NaN,NaN,NaN,NaN,NaN,NaN,
123.821,-0.01898,0.00201,0.12988,0.76399,0.03895,-0.28919,-0.57548,NaN,NaN,NaN,NaN,NaN,NaN,NaN,NaN,NaN,NaN,NaN,NaN,NaN,NaN,NaN,NaN,NaN,NaN,NaN,NaN,NaN,
123.846,-0.01873,0.00184,0.12985,0.76352,0.03932,-0.28776,-0.57679,NaN,NaN,NaN,NaN,NaN,NaN,NaN,NaN,NaN,NaN,NaN,NaN,NaN,NaN,NaN,NaN,NaN,NaN,NaN,NaN,NaN,
123.871,-0.01892,0.00181,0.12986,0.76209,0.04214,-0.28697,-0.57887,NaN,NaN,NaN,NaN,NaN,NaN,NaN,NaN,NaN,NaN,NaN,NaN,NaN,NaN,NaN,NaN,NaN,NaN,NaN,NaN,NaN,
123.896,-0.01876,0.00163,0.12993,0.76124,0.04387,-0.28659,-0.58005,NaN,NaN,NaN,NaN,NaN,NaN,NaN,NaN,NaN,NaN,NaN,NaN,NaN,NaN,NaN,NaN,NaN,NaN,NaN,NaN,NaN,
123.921,-0.01888,0.00156,0.12977,0.75988,0.04721,-0.28721,-0.58126,NaN,NaN,NaN,NaN,NaN,NaN,NaN,NaN,NaN,NaN,NaN,NaN,NaN,NaN,NaN,NaN,NaN,NaN,NaN,NaN,NaN,
123.946,-0.01888,0.00149,0.12988,0.75896,0.04882,-0.28633,-0.58275,NaN,NaN,NaN,NaN,NaN,NaN,NaN,NaN,NaN,NaN,NaN,NaN,NaN,NaN,NaN,NaN,NaN,NaN,NaN,NaN,NaN,
123.971,-0.01899,0.00146,0.13003,0.75842,0.04985,-0.28596,-0.58357,NaN,NaN,NaN,NaN,NaN,NaN,NaN,NaN,NaN,NaN,NaN,NaN,NaN,NaN,NaN,NaN,NaN,NaN,NaN,NaN,NaN,
123.996,-0.01896,0.00143,0.13006,0.75843,0.04995,-0.28624,-0.58340,NaN,NaN,NaN,NaN,NaN,NaN,NaN,NaN,NaN,NaN,NaN,NaN,NaN,NaN,NaN,NaN,NaN,NaN,NaN,NaN,NaN,
124.021,-0.01896,0.00138,0.13022,0.75829,0.05007,-0.28585,-0.58376,NaN,NaN,NaN,NaN,NaN,NaN,NaN,NaN,NaN,NaN,NaN,NaN,NaN,NaN,NaN,NaN,NaN,NaN,NaN,NaN,NaN,
124.046,-0.01903,0.00140,0.13031,0.75833,0.05004,-0.28595,-0.58367,NaN,NaN,NaN,NaN,NaN,NaN,NaN,NaN,NaN,NaN,NaN,NaN,NaN,NaN,NaN,NaN,NaN,NaN,NaN,NaN,NaN,
124.071,-0.01898,0.00143,0.13029,0.75878,0.04926,-0.28643,-0.58290,NaN,NaN,NaN,NaN,NaN,NaN,NaN,NaN,NaN,NaN,NaN,NaN,NaN,NaN,NaN,NaN,NaN,NaN,NaN,NaN,NaN,
124.096,-0.01897,0.00149,0.13036,0.75928,0.04832,-0.28674,-0.58218,NaN,NaN,NaN,NaN,NaN,NaN,NaN,NaN,NaN,NaN,NaN,NaN,NaN,NaN,NaN,NaN,NaN,NaN,NaN,NaN,NaN,
124.121,-0.01910,0.00161,0.13044,0.75989,0.04715,-0.28711,-0.58130,NaN,NaN,NaN,NaN,NaN,NaN,NaN,NaN,NaN,NaN,NaN,NaN,NaN,NaN,NaN,NaN,NaN,NaN,NaN,NaN,NaN,
124.146,-0.01905,0.00166,0.13046,0.76059,0.04572,-0.28739,-0.58036,NaN,NaN,NaN,NaN,NaN,NaN,NaN,NaN,NaN,NaN,NaN,NaN,NaN,NaN,NaN,NaN,NaN,NaN,NaN,NaN,NaN,
124.171,-0.01914,0.00169,0.13053,0.76065,0.04563,-0.28745,-0.58026,NaN,NaN,NaN,NaN,NaN,NaN,NaN,NaN,NaN,NaN,NaN,NaN,NaN,NaN,NaN,NaN,NaN,NaN,NaN,NaN,NaN,
124.196,-0.01912,0.00168,0.13064,0.76090,0.04493,-0.28722,-0.58010,NaN,NaN,NaN,NaN,NaN,NaN,NaN,NaN,NaN,NaN,NaN,NaN,NaN,NaN,NaN,NaN,NaN,NaN,NaN,NaN,NaN,
124.221,-0.01913,0.00175,0.13062,0.76167,0.04350,-0.28779,-0.57892,NaN,NaN,NaN,NaN,NaN,NaN,NaN,NaN,NaN,NaN,NaN,NaN,NaN,NaN,NaN,NaN,NaN,NaN,NaN,NaN,NaN,
124.246,-0.01911,0.00177,0.13072,0.76206,0.04263,-0.28781,-0.57845,NaN,NaN,NaN,NaN,NaN,NaN,NaN,NaN,NaN,NaN,NaN,NaN,NaN,NaN,NaN,NaN,NaN,NaN,NaN,NaN,NaN,
124.271,-0.01919,0.00180,0.13075,0.76197,0.04285,-0.28785,-0.57853,NaN,NaN,NaN,NaN,NaN,NaN,NaN,NaN,NaN,NaN,NaN,NaN,NaN,NaN,NaN,NaN,NaN,NaN,NaN,NaN,NaN,
124.296,-0.01910,0.00165,0.13073,0.76112,0.04576,-0.28992,-0.57840,NaN,NaN,NaN,NaN,NaN,NaN,NaN,NaN,NaN,NaN,NaN,NaN,NaN,NaN,NaN,NaN,NaN,NaN,NaN,NaN,NaN,
124.321,-0.01945,0.00155,0.13059,0.75697,0.05640,-0.29298,-0.58136,NaN,NaN,NaN,NaN,NaN,NaN,NaN,NaN,NaN,NaN,NaN,NaN,NaN,NaN,NaN,NaN,NaN,NaN,NaN,NaN,NaN,
124.346,-0.02007,0.00144,0.13036,0.75178,0.06858,-0.29507,-0.58572,NaN,NaN,NaN,NaN,NaN,NaN,NaN,NaN,NaN,NaN,NaN,NaN,NaN,NaN,NaN,NaN,NaN,NaN,NaN,NaN,NaN,
124.371,-0.02020,0.00127,0.13020,0.74880,0.07536,-0.29613,-0.58815,NaN,NaN,NaN,NaN,NaN,NaN,NaN,NaN,NaN,NaN,NaN,NaN,NaN,NaN,NaN,NaN,NaN,NaN,NaN,NaN,NaN,
124.396,-0.02027,0.00104,0.13018,0.74579,0.08189,-0.29668,-0.59082,NaN,NaN,NaN,NaN,NaN,NaN,NaN,NaN,NaN,NaN,NaN,NaN,NaN,NaN,NaN,NaN,NaN,NaN,NaN,NaN,NaN,
124.421,-0.02045,0.00088,0.12999,0.74208,0.08961,-0.29690,-0.59425,NaN,NaN,NaN,NaN,NaN,NaN,NaN,NaN,NaN,NaN,NaN,NaN,NaN,NaN,NaN,NaN,NaN,NaN,NaN,NaN,NaN,
124.446,-0.02043,0.00077,0.12985,0.74004,0.09373,-0.29682,-0.59620,NaN,NaN,NaN,NaN,NaN,NaN,NaN,NaN,NaN,NaN,NaN,NaN,NaN,NaN,NaN,NaN,NaN,NaN,NaN,NaN,NaN,
124.471,-0.02056,0.00060,0.12983,0.73666,0.10031,-0.29638,-0.59953,NaN,NaN,NaN,NaN,NaN,NaN,NaN,NaN,NaN,NaN,NaN,NaN,NaN,NaN,NaN,NaN,NaN,NaN,NaN,NaN,NaN,
124.496,-0.02063,0.00046,0.12967,0.73375,0.10597,-0.29615,-0.60223,NaN,NaN,NaN,NaN,NaN,NaN,NaN,NaN,NaN,NaN,NaN,NaN,NaN,NaN,NaN,NaN,NaN,NaN,NaN,NaN,NaN,
124.521,-0.02062,0.00046,0.12948,0.73258,0.10823,-0.29608,-0.60328,NaN,NaN,NaN,NaN,NaN,NaN,NaN,NaN,NaN,NaN,NaN,NaN,NaN,NaN,NaN,NaN,NaN,NaN,NaN,NaN,NaN,
124.546,-0.02058,0.00040,0.12946,0.73155,0.10998,-0.29549,-0.60450,NaN,NaN,NaN,NaN,NaN,NaN,NaN,NaN,NaN,NaN,NaN,NaN,NaN,NaN,NaN,NaN,NaN,NaN,NaN,NaN,NaN,
124.571,-0.02060,0.00039,0.12925,0.73026,0.11243,-0.29538,-0.60566,NaN,NaN,NaN,NaN,NaN,NaN,NaN,NaN,NaN,NaN,NaN,NaN,NaN,NaN,NaN,NaN,NaN,NaN,NaN,NaN,NaN,
124.596,-0.02066,0.00031,0.12921,0.72852,0.11548,-0.29468,-0.60752,NaN,NaN,NaN,NaN,NaN,NaN,NaN,NaN,NaN,NaN,NaN,NaN,NaN,NaN,NaN,NaN,NaN,NaN,NaN,NaN,NaN,
124.621,-0.02067,0.00023,0.12926,0.72743,0.11727,-0.29397,-0.60883,NaN,NaN,NaN,NaN,NaN,NaN,NaN,NaN,NaN,NaN,NaN,NaN,NaN,NaN,NaN,NaN,NaN,NaN,NaN,NaN,NaN,
124.646,-0.02061,0.00021,0.12920,0.72693,0.11810,-0.29370,-0.60939,NaN,NaN,NaN,NaN,NaN,NaN,NaN,NaN,NaN,NaN,NaN,NaN,NaN,NaN,NaN,NaN,NaN,NaN,NaN,NaN,NaN,
124.671,-0.02063,0.00021,0.12920,0.72638,0.11900,-0.29337,-0.61003,NaN,NaN,NaN,NaN,NaN,NaN,NaN,NaN,NaN,NaN,NaN,NaN,NaN,NaN,NaN,NaN,NaN,NaN,NaN,NaN,NaN,
124.696,-0.02061,0.00013,0.12926,0.72553,0.12037,-0.29281,-0.61104,NaN,NaN,NaN,NaN,NaN,NaN,NaN,NaN,NaN,NaN,NaN,NaN,NaN,NaN,NaN,NaN,NaN,NaN,NaN,NaN,NaN,
124.721,-0.02060,0.00008,0.12915,0.72445,0.12231,-0.29253,-0.61208,NaN,NaN,NaN,NaN,NaN,NaN,NaN,NaN,NaN,NaN,NaN,NaN,NaN,NaN,NaN,NaN,NaN,NaN,NaN,NaN,NaN,
124.746,-0.02059,-0.00002,0.12919,0.72268,0.12506,-0.29123,-0.61423,NaN,NaN,NaN,NaN,NaN,NaN,NaN,NaN,NaN,NaN,NaN,NaN,NaN,NaN,NaN,NaN,NaN,NaN,NaN,NaN,NaN,
124.771,-0.02054,-0.00025,0.12918,0.71970,0.12976,-0.28927,-0.61766,NaN,NaN,NaN,NaN,NaN,NaN,NaN,NaN,NaN,NaN,NaN,NaN,NaN,NaN,NaN,NaN,NaN,NaN,NaN,NaN,NaN,
124.796,-0.02045,-0.00057,0.12921,0.71547,0.13609,-0.28597,-0.62273,NaN,NaN,NaN,NaN,NaN,NaN,NaN,NaN,NaN,NaN,NaN,NaN,NaN,NaN,NaN,NaN,NaN,NaN,NaN,NaN,NaN,
124.821,-0.02045,-0.00078,0.12924,0.71266,0.14027,-0.28384,-0.62600,NaN,NaN,NaN,NaN,NaN,NaN,NaN,NaN,NaN,NaN,NaN,NaN,NaN,NaN,NaN,NaN,NaN,NaN,NaN,NaN,NaN,
124.846,-0.02040,-0.00097,0.12922,0.71028,0.14375,-0.28202,-0.62873,NaN,NaN,NaN,NaN,NaN,NaN,NaN,NaN,NaN,NaN,NaN,NaN,NaN,NaN,NaN,NaN,NaN,NaN,NaN,NaN,NaN,
124.871,-0.02037,-0.00119,0.12932,0.70721,0.14799,-0.27925,-0.63243,NaN,NaN,NaN,NaN,NaN,NaN,NaN,NaN,NaN,NaN,NaN,NaN,NaN,NaN,NaN,NaN,NaN,NaN,NaN,NaN,NaN,
124.896,-0.02033,-0.00136,0.12926,0.70428,0.15230,-0.27730,-0.63553,NaN,NaN,NaN,NaN,NaN,NaN,NaN,NaN,NaN,NaN,NaN,NaN,NaN,NaN,NaN,NaN,NaN,NaN,NaN,NaN,NaN,
124.921,-0.02006,-0.00187,0.12947,0.69949,0.15853,-0.27262,-0.64129,NaN,NaN,NaN,NaN,NaN,NaN,NaN,NaN,NaN,NaN,NaN,NaN,NaN,NaN,NaN,NaN,NaN,NaN,NaN,NaN,NaN,
124.946,-0.02004,-0.00173,0.12939,0.70151,0.15473,-0.27208,-0.64024,NaN,NaN,NaN,NaN,NaN,NaN,NaN,NaN,NaN,NaN,NaN,NaN,NaN,NaN,NaN,NaN,NaN,NaN,NaN,NaN,NaN,
124.971,-0.01963,-0.00185,0.12962,0.70442,0.14927,-0.27149,-0.63859,NaN,NaN,NaN,NaN,NaN,NaN,NaN,NaN,NaN,NaN,NaN,NaN,NaN,NaN,NaN,NaN,NaN,NaN,NaN,NaN,NaN,
124.996,-0.01964,-0.00187,0.12979,0.70468,0.14787,-0.26951,-0.63947,NaN,NaN,NaN,NaN,NaN,NaN,NaN,NaN,NaN,NaN,NaN,NaN,NaN,NaN,NaN,NaN,NaN,NaN,NaN,NaN,NaN,
125.021,-0.01949,-0.00194,0.12994,0.70584,0.14559,-0.26911,-0.63888,NaN,NaN,NaN,NaN,NaN,NaN,NaN,NaN,NaN,NaN,NaN,NaN,NaN,NaN,NaN,NaN,NaN,NaN,NaN,NaN,NaN,
125.046,-0.01950,-0.00203,0.13014,0.70568,0.14551,-0.26834,-0.63941,NaN,NaN,NaN,NaN,NaN,NaN,NaN,NaN,NaN,NaN,NaN,NaN,NaN,NaN,NaN,NaN,NaN,NaN,NaN,NaN,NaN,
125.071,-0.01950,-0.00204,0.13018,0.70609,0.14476,-0.26833,-0.63912,NaN,NaN,NaN,NaN,NaN,NaN,NaN,NaN,NaN,NaN,NaN,NaN,NaN,NaN,NaN,NaN,NaN,NaN,NaN,NaN,NaN,
125.096,-0.01937,-0.00220,0.13041,0.70578,0.14493,-0.26754,-0.63976,NaN,NaN,NaN,NaN,NaN,NaN,NaN,NaN,NaN,NaN,NaN,NaN,NaN,NaN,NaN,NaN,NaN,NaN,NaN,NaN,NaN,
125.121,-0.01951,-0.00218,0.13043,0.70567,0.14513,-0.26755,-0.63983,NaN,NaN,NaN,NaN,NaN,NaN,NaN,NaN,NaN,NaN,NaN,NaN,NaN,NaN,NaN,NaN,NaN,NaN,NaN,NaN,NaN,
125.146,-0.01960,-0.00213,0.13051,0.70626,0.14441,-0.26825,-0.63905,NaN,NaN,NaN,NaN,NaN,NaN,NaN,NaN,NaN,NaN,NaN,NaN,NaN,NaN,NaN,NaN,NaN,NaN,NaN,NaN,NaN,
125.171,-0.01942,-0.00214,0.13066,0.70787,0.14178,-0.26879,-0.63763,NaN,NaN,NaN,NaN,NaN,NaN,NaN,NaN,NaN,NaN,NaN,NaN,NaN,NaN,NaN,NaN,NaN,NaN,NaN,NaN,NaN,
125.196,-0.01953,-0.00206,0.13067,0.70832,0.14124,-0.26934,-0.63701,NaN,NaN,NaN,NaN,NaN,NaN,NaN,NaN,NaN,NaN,NaN,NaN,NaN,NaN,NaN,NaN,NaN,NaN,NaN,NaN,NaN,
125.221,-0.01958,-0.00205,0.13073,0.70863,0.14074,-0.26946,-0.63673,NaN,NaN,NaN,NaN,NaN,NaN,NaN,NaN,NaN,NaN,NaN,NaN,NaN,NaN,NaN,NaN,NaN,NaN,NaN,NaN,NaN,
125.246,-0.01958,-0.00206,0.13073,0.70875,0.14060,-0.26965,-0.63654,NaN,NaN,NaN,NaN,NaN,NaN,NaN,NaN,NaN,NaN,NaN,NaN,NaN,NaN,NaN,NaN,NaN,NaN,NaN,NaN,NaN,
125.271,-0.01960,-0.00208,0.13079,0.70865,0.14072,-0.26951,-0.63669,NaN,NaN,NaN,NaN,NaN,NaN,NaN,NaN,NaN,NaN,NaN,NaN,NaN,NaN,NaN,NaN,NaN,NaN,NaN,NaN,NaN,
125.296,-0.01957,-0.00211,0.13075,0.70863,0.14073,-0.26942,-0.63676,NaN,NaN,NaN,NaN,NaN,NaN,NaN,NaN,NaN,NaN,NaN,NaN,NaN,NaN,NaN,NaN,NaN,NaN,NaN,NaN,NaN,
125.321,-0.01958,-0.00209,0.13079,0.70875,0.14057,-0.26958,-0.63658,NaN,NaN,NaN,NaN,NaN,NaN,NaN,NaN,NaN,NaN,NaN,NaN,NaN,NaN,NaN,NaN,NaN,NaN,NaN,NaN,NaN,
125.346,-0.01959,-0.00208,0.13077,0.70871,0.14062,-0.26953,-0.63664,NaN,NaN,NaN,NaN,NaN,NaN,NaN,NaN,NaN,NaN,NaN,NaN,NaN,NaN,NaN,NaN,NaN,NaN,NaN,NaN,NaN,
125.371,-0.01955,-0.00209,0.13075,0.70851,0.14089,-0.26933,-0.63689,NaN,NaN,NaN,NaN,NaN,NaN,NaN,NaN,NaN,NaN,NaN,NaN,NaN,NaN,NaN,NaN,NaN,NaN,NaN,NaN,NaN,
125.396,-0.01962,-0.00206,0.13076,0.70877,0.14061,-0.26971,-0.63650,NaN,NaN,NaN,NaN,NaN,NaN,NaN,NaN,NaN,NaN,NaN,NaN,NaN,NaN,NaN,NaN,NaN,NaN,NaN,NaN,NaN,
125.421,-0.01958,-0.00208,0.13076,0.70875,0.14058,-0.26958,-0.63658,NaN,NaN,NaN,NaN,NaN,NaN,NaN,NaN,NaN,NaN,NaN,NaN,NaN,NaN,NaN,NaN,NaN,NaN,NaN,NaN,NaN,
125.446,-0.01968,-0.00205,0.13075,0.70876,0.14059,-0.26965,-0.63654,NaN,NaN,NaN,NaN,NaN,NaN,NaN,NaN,NaN,NaN,NaN,NaN,NaN,NaN,NaN,NaN,NaN,NaN,NaN,NaN,NaN,
125.471,-0.01967,-0.00205,0.13070,0.70907,0.14014,-0.26988,-0.63620,NaN,NaN,NaN,NaN,NaN,NaN,NaN,NaN,NaN,NaN,NaN,NaN,NaN,NaN,NaN,NaN,NaN,NaN,NaN,NaN,NaN,
125.496,-0.01968,-0.00206,0.13070,0.70914,0.13992,-0.26968,-0.63625,NaN,NaN,NaN,NaN,NaN,NaN,NaN,NaN,NaN,NaN,NaN,NaN,NaN,NaN,NaN,NaN,NaN,NaN,NaN,NaN,NaN,
125.521,-0.01971,-0.00209,0.13062,0.70832,0.14111,-0.26906,-0.63717,NaN,NaN,NaN,NaN,NaN,NaN,NaN,NaN,NaN,NaN,NaN,NaN,NaN,NaN,NaN,NaN,NaN,NaN,NaN,NaN,NaN,
125.546,-0.01952,-0.00235,0.13055,0.70503,0.14647,-0.26794,-0.64007,NaN,NaN,NaN,NaN,NaN,NaN,NaN,NaN,NaN,NaN,NaN,NaN,NaN,NaN,NaN,NaN,NaN,NaN,NaN,NaN,NaN,
125.571,-0.01975,-0.00244,0.13036,0.70029,0.15411,-0.26638,-0.64412,NaN,NaN,NaN,NaN,NaN,NaN,NaN,NaN,NaN,NaN,NaN,NaN,NaN,NaN,NaN,NaN,NaN,NaN,NaN,NaN,NaN,
125.596,-0.01984,-0.00256,0.13017,0.69663,0.15976,-0.26484,-0.64733,NaN,NaN,NaN,NaN,NaN,NaN,NaN,NaN,NaN,NaN,NaN,NaN,NaN,NaN,NaN,NaN,NaN,NaN,NaN,NaN,NaN,
125.621,-0.01985,-0.00262,0.13005,0.69449,0.16282,-0.26349,-0.64942,NaN,NaN,NaN,NaN,NaN,NaN,NaN,NaN,NaN,NaN,NaN,NaN,NaN,NaN,NaN,NaN,NaN,NaN,NaN,NaN,NaN,
125.646,-0.01986,-0.00267,0.12990,0.69276,0.16531,-0.26247,-0.65105,NaN,NaN,NaN,NaN,NaN,NaN,NaN,NaN,NaN,NaN,NaN,NaN,NaN,NaN,NaN,NaN,NaN,NaN,NaN,NaN,NaN,
125.671,-0.01985,-0.00280,0.12980,0.68991,0.16930,-0.26065,-0.65378,NaN,NaN,NaN,NaN,NaN,NaN,NaN,NaN,NaN,NaN,NaN,NaN,NaN,NaN,NaN,NaN,NaN,NaN,NaN,NaN,NaN,
125.696,-0.01985,-0.00293,0.12980,0.68707,0.17317,-0.25874,-0.65650,NaN,NaN,NaN,NaN,NaN,NaN,NaN,NaN,NaN,NaN,NaN,NaN,NaN,NaN,NaN,NaN,NaN,NaN,NaN,NaN,NaN,
125.721,-0.01982,-0.00297,0.12960,0.68529,0.17577,-0.25792,-0.65799,NaN,NaN,NaN,NaN,NaN,NaN,NaN,NaN,NaN,NaN,NaN,NaN,NaN,NaN,NaN,NaN,NaN,NaN,NaN,NaN,NaN,
125.746,-0.01977,-0.00307,0.12955,0.68320,0.17844,-0.25621,-0.66011,NaN,NaN,NaN,NaN,NaN,NaN,NaN,NaN,NaN,NaN,NaN,NaN,NaN,NaN,NaN,NaN,NaN,NaN,NaN,NaN,NaN,
125.771,-0.01976,-0.00308,0.12947,0.68223,0.17975,-0.25557,-0.66101,NaN,NaN,NaN,NaN,NaN,NaN,NaN,NaN,NaN,NaN,NaN,NaN,NaN,NaN,NaN,NaN,NaN,NaN,NaN,NaN,NaN,
125.796,-0.01971,-0.00307,0.12935,0.68180,0.18034,-0.25530,-0.66140,NaN,NaN,NaN,NaN,NaN,NaN,NaN,NaN,NaN,NaN,NaN,NaN,NaN,NaN,NaN,NaN,NaN,NaN,NaN,NaN,NaN,
125.821,-0.01975,-0.00312,0.12938,0.68067,0.18175,-0.25435,-0.66255,NaN,NaN,NaN,NaN,NaN,NaN,NaN,NaN,NaN,NaN,NaN,NaN,NaN,NaN,NaN,NaN,NaN,NaN,NaN,NaN,NaN,
125.846,-0.01971,-0.00316,0.12932,0.67987,0.18276,-0.25372,-0.66333,NaN,NaN,NaN,NaN,NaN,NaN,NaN,NaN,NaN,NaN,NaN,NaN,NaN,NaN,NaN,NaN,NaN,NaN,NaN,NaN,NaN,
125.871,-0.01966,-0.00331,0.12937,0.67795,0.18502,-0.25188,-0.66537,NaN,NaN,NaN,NaN,NaN,NaN,NaN,NaN,NaN,NaN,NaN,NaN,NaN,NaN,NaN,NaN,NaN,NaN,NaN,NaN,NaN,
125.896,-0.01967,-0.00340,0.12933,0.67618,0.18716,-0.25032,-0.66716,NaN,NaN,NaN,NaN,NaN,NaN,NaN,NaN,NaN,NaN,NaN,NaN,NaN,NaN,NaN,NaN,NaN,NaN,NaN,NaN,NaN,
125.921,-0.01961,-0.00350,0.12933,0.67482,0.18872,-0.24901,-0.66857,NaN,NaN,NaN,NaN,NaN,NaN,NaN,NaN,NaN,NaN,NaN,NaN,NaN,NaN,NaN,NaN,NaN,NaN,NaN,NaN,NaN,
125.946,-0.01955,-0.00369,0.12938,0.67226,0.19170,-0.24660,-0.67120,NaN,NaN,NaN,NaN,NaN,NaN,NaN,NaN,NaN,NaN,NaN,NaN,NaN,NaN,NaN,NaN,NaN,NaN,NaN,NaN,NaN,
125.971,-0.01937,-0.00396,0.12945,0.66907,0.19507,-0.24308,-0.67469,NaN,NaN,NaN,NaN,NaN,NaN,NaN,NaN,NaN,NaN,NaN,NaN,NaN,NaN,NaN,NaN,NaN,NaN,NaN,NaN,NaN,
125.996,-0.01943,-0.00405,0.12935,0.66596,0.19896,-0.24087,-0.67742,NaN,NaN,NaN,NaN,NaN,NaN,NaN,NaN,NaN,NaN,NaN,NaN,NaN,NaN,NaN,NaN,NaN,NaN,NaN,NaN,NaN,
126.021,-0.01931,-0.00419,0.12935,0.66356,0.20152,-0.23837,-0.67990,NaN,NaN,NaN,NaN,NaN,NaN,NaN,NaN,NaN,NaN,NaN,NaN,NaN,NaN,NaN,NaN,NaN,NaN,NaN,NaN,NaN,
126.046,-0.01923,-0.00443,0.12943,0.66033,0.20493,-0.23508,-0.68315,NaN,NaN,NaN,NaN,NaN,NaN,NaN,NaN,NaN,NaN,NaN,NaN,NaN,NaN,NaN,NaN,NaN,NaN,NaN,NaN,NaN,
126.071,-0.01916,-0.00459,0.12935,0.65742,0.20818,-0.23245,-0.68588,NaN,NaN,NaN,NaN,NaN,NaN,NaN,NaN,NaN,NaN,NaN,NaN,NaN,NaN,NaN,NaN,NaN,NaN,NaN,NaN,NaN,
126.096,-0.01912,-0.00481,0.12938,0.65388,0.21188,-0.22895,-0.68930,NaN,NaN,NaN,NaN,NaN,NaN,NaN,NaN,NaN,NaN,NaN,NaN,NaN,NaN,NaN,NaN,NaN,NaN,NaN,NaN,NaN,
126.121,-0.01896,-0.00508,0.12935,0.64958,0.21624,-0.22454,-0.69344,NaN,NaN,NaN,NaN,NaN,NaN,NaN,NaN,NaN,NaN,NaN,NaN,NaN,NaN,NaN,NaN,NaN,NaN,NaN,NaN,NaN,
126.146,-0.01866,-0.00554,0.12962,0.64403,0.22115,-0.21776,-0.69921,NaN,NaN,NaN,NaN,NaN,NaN,NaN,NaN,NaN,NaN,NaN,NaN,NaN,NaN,NaN,NaN,NaN,NaN,NaN,NaN,NaN,
126.171,-0.01868,-0.00569,0.12957,0.64093,0.22465,-0.21547,-0.70165,NaN,NaN,NaN,NaN,NaN,NaN,NaN,NaN,NaN,NaN,NaN,NaN,NaN,NaN,NaN,NaN,NaN,NaN,NaN,NaN,NaN,
126.196,-0.01880,-0.00572,0.12962,0.63930,0.22675,-0.21478,-0.70267,NaN,NaN,NaN,NaN,NaN,NaN,NaN,NaN,NaN,NaN,NaN,NaN,NaN,NaN,NaN,NaN,NaN,NaN,NaN,NaN,NaN,
126.221,-0.01875,-0.00581,0.12971,0.63855,0.22747,-0.21400,-0.70336,NaN,NaN,NaN,NaN,NaN,NaN,NaN,NaN,NaN,NaN,NaN,NaN,NaN,NaN,NaN,NaN,NaN,NaN,NaN,NaN,NaN,
126.246,-0.01883,-0.00590,0.12984,0.63671,0.22965,-0.21292,-0.70464,NaN,NaN,NaN,NaN,NaN,NaN,NaN,NaN,NaN,NaN,NaN,NaN,NaN,NaN,NaN,NaN,NaN,NaN,NaN,NaN,NaN,
126.271,-0.01888,-0.00594,0.12984,0.63569,0.23100,-0.21256,-0.70524,NaN,NaN,NaN,NaN,NaN,NaN,NaN,NaN,NaN,NaN,NaN,NaN,NaN,NaN,NaN,NaN,NaN,NaN,NaN,NaN,NaN,
126.296,-0.01893,-0.00603,0.12997,0.63398,0.23285,-0.21125,-0.70656,NaN,NaN,NaN,NaN,NaN,NaN,NaN,NaN,NaN,NaN,NaN,NaN,NaN,NaN,NaN,NaN,NaN,NaN,NaN,NaN,NaN,
126.321,-0.01901,-0.00617,0.13006,0.63132,0.23600,-0.20972,-0.70835,NaN,NaN,NaN,NaN,NaN,NaN,NaN,NaN,NaN,NaN,NaN,NaN,NaN,NaN,NaN,NaN,NaN,NaN,NaN,NaN,NaN,
126.346,-0.01910,-0.00623,0.13014,0.62934,0.23839,-0.20873,-0.70960,NaN,NaN,NaN,NaN,NaN,NaN,NaN,NaN,NaN,NaN,NaN,NaN,NaN,NaN,NaN,NaN,NaN,NaN,NaN,NaN,NaN,
126.371,-0.01920,-0.00630,0.13022,0.62804,0.24023,-0.20856,-0.71018,NaN,NaN,NaN,NaN,NaN,NaN,NaN,NaN,NaN,NaN,NaN,NaN,NaN,NaN,NaN,NaN,NaN,NaN,NaN,NaN,NaN,
126.396,-0.01922,-0.00638,0.13029,0.62644,0.24208,-0.20763,-0.71124,NaN,NaN,NaN,NaN,NaN,NaN,NaN,NaN,NaN,NaN,NaN,NaN,NaN,NaN,NaN,NaN,NaN,NaN,NaN,NaN,NaN,
126.421,-0.01920,-0.00649,0.13041,0.62461,0.24367,-0.20560,-0.71289,NaN,NaN,NaN,NaN,NaN,NaN,NaN,NaN,NaN,NaN,NaN,NaN,NaN,NaN,NaN,NaN,NaN,NaN,NaN,NaN,NaN,
126.446,-0.01910,-0.00671,0.13055,0.62274,0.24515,-0.20330,-0.71468,NaN,NaN,NaN,NaN,NaN,NaN,NaN,NaN,NaN,NaN,NaN,NaN,NaN,NaN,NaN,NaN,NaN,NaN,NaN,NaN,NaN,
126.471,-0.01909,-0.00671,0.13060,0.62277,0.24505,-0.20319,-0.71472,NaN,NaN,NaN,NaN,NaN,NaN,NaN,NaN,NaN,NaN,NaN,NaN,NaN,NaN,NaN,NaN,NaN,NaN,NaN,NaN,NaN,
126.496,-0.01911,-0.00665,0.13053,0.62350,0.24435,-0.20387,-0.71413,NaN,NaN,NaN,NaN,NaN,NaN,NaN,NaN,NaN,NaN,NaN,NaN,NaN,NaN,NaN,NaN,NaN,NaN,NaN,NaN,NaN,
126.521,-0.01908,-0.00671,0.13062,0.62344,0.24415,-0.20335,-0.71440,NaN,NaN,NaN,NaN,NaN,NaN,NaN,NaN,NaN,NaN,NaN,NaN,NaN,NaN,NaN,NaN,NaN,NaN,NaN,NaN,NaN,
126.546,-0.01909,-0.00671,0.13064,0.62417,0.24336,-0.20384,-0.71389,NaN,NaN,NaN,NaN,NaN,NaN,NaN,NaN,NaN,NaN,NaN,NaN,NaN,NaN,NaN,NaN,NaN,NaN,NaN,NaN,NaN,
126.571,-0.01906,-0.00664,0.13058,0.62485,0.24274,-0.20457,-0.71329,NaN,NaN,NaN,NaN,NaN,NaN,NaN,NaN,NaN,NaN,NaN,NaN,NaN,NaN,NaN,NaN,NaN,NaN,NaN,NaN,NaN,
126.596,-0.01902,-0.00674,0.13070,0.62429,0.24307,-0.20365,-0.71394,NaN,NaN,NaN,NaN,NaN,NaN,NaN,NaN,NaN,NaN,NaN,NaN,NaN,NaN,NaN,NaN,NaN,NaN,NaN,NaN,NaN,
126.621,-0.01905,-0.00670,0.13062,0.62487,0.24279,-0.20468,-0.71323,NaN,NaN,NaN,NaN,NaN,NaN,NaN,NaN,NaN,NaN,NaN,NaN,NaN,NaN,NaN,NaN,NaN,NaN,NaN,NaN,NaN,
126.646,-0.01909,-0.00661,0.13063,0.62601,0.24185,-0.20604,-0.71216,NaN,NaN,NaN,NaN,NaN,NaN,NaN,NaN,NaN,NaN,NaN,NaN,NaN,NaN,NaN,NaN,NaN,NaN,NaN,NaN,NaN,
126.671,-0.01913,-0.00656,0.13059,0.62643,0.24153,-0.20658,-0.71174,NaN,NaN,NaN,NaN,NaN,NaN,NaN,NaN,NaN,NaN,NaN,NaN,NaN,NaN,NaN,NaN,NaN,NaN,NaN,NaN,NaN,
126.696,-0.01916,-0.00647,0.13045,0.62750,0.24078,-0.20812,-0.71060,NaN,NaN,NaN,NaN,NaN,NaN,NaN,NaN,NaN,NaN,NaN,NaN,NaN,NaN,NaN,NaN,NaN,NaN,NaN,NaN,NaN,
126.721,-0.01918,-0.00643,0.13048,0.62846,0.23968,-0.20868,-0.70996,NaN,NaN,NaN,NaN,NaN,NaN,NaN,NaN,NaN,NaN,NaN,NaN,NaN,NaN,NaN,NaN,NaN,NaN,NaN,NaN,NaN,
126.746,-0.01918,-0.00639,0.13040,0.62928,0.23896,-0.20961,-0.70920,NaN,NaN,NaN,NaN,NaN,NaN,NaN,NaN,NaN,NaN,NaN,NaN,NaN,NaN,NaN,NaN,NaN,NaN,NaN,NaN,NaN,
126.771,-0.01921,-0.00633,0.13040,0.62988,0.23837,-0.21015,-0.70871,NaN,NaN,NaN,NaN,NaN,NaN,NaN,NaN,NaN,NaN,NaN,NaN,NaN,NaN,NaN,NaN,NaN,NaN,NaN,NaN,NaN,
126.796,-0.01918,-0.00634,0.13038,0.63054,0.23764,-0.21061,-0.70823,NaN,NaN,NaN,NaN,NaN,NaN,NaN,NaN,NaN,NaN,NaN,NaN,NaN,NaN,NaN,NaN,NaN,NaN,NaN,NaN,NaN,
126.821,-0.01917,-0.00634,0.13034,0.63038,0.23788,-0.21063,-0.70828,NaN,NaN,NaN,NaN,NaN,NaN,NaN,NaN,NaN,NaN,NaN,NaN,NaN,NaN,NaN,NaN,NaN,NaN,NaN,NaN,NaN,
126.846,-0.01917,-0.00634,0.13034,0.63010,0.23812,-0.21028,-0.70856,NaN,NaN,NaN,NaN,NaN,NaN,NaN,NaN,NaN,NaN,NaN,NaN,NaN,NaN,NaN,NaN,NaN,NaN,NaN,NaN,NaN,
126.871,-0.01914,-0.00634,0.13023,0.63006,0.23812,-0.21019,-0.70862,NaN,NaN,NaN,NaN,NaN,NaN,NaN,NaN,NaN,NaN,NaN,NaN,NaN,NaN,NaN,NaN,NaN,NaN,NaN,NaN,NaN,
126.896,-0.01913,-0.00630,0.13018,0.63035,0.23766,-0.21013,-0.70854,NaN,NaN,NaN,NaN,NaN,NaN,NaN,NaN,NaN,NaN,NaN,NaN,NaN,NaN,NaN,NaN,NaN,NaN,NaN,NaN,NaN,
126.921,-0.01907,-0.00631,0.13007,0.63024,0.23748,-0.20952,-0.70887,NaN,NaN,NaN,NaN,NaN,NaN,NaN,NaN,NaN,NaN,NaN,NaN,NaN,NaN,NaN,NaN,NaN,NaN,NaN,NaN,NaN,
126.946,-0.01899,-0.00633,0.12994,0.62983,0.23774,-0.20888,-0.70934,NaN,NaN,NaN,NaN,NaN,NaN,NaN,NaN,NaN,NaN,NaN,NaN,NaN,NaN,NaN,NaN,NaN,NaN,NaN,NaN,NaN,
126.971,-0.01893,-0.00640,0.12998,0.62888,0.23824,-0.20720,-0.71050,NaN,NaN,NaN,NaN,NaN,NaN,NaN,NaN,NaN,NaN,NaN,NaN,NaN,NaN,NaN,NaN,NaN,NaN,NaN,NaN,NaN,
126.996,-0.01888,-0.00639,0.12982,0.62864,0.23835,-0.20675,-0.71081,NaN,NaN,NaN,NaN,NaN,NaN,NaN,NaN,NaN,NaN,NaN,NaN,NaN,NaN,NaN,NaN,NaN,NaN,NaN,NaN,NaN,
127.021,-0.01874,-0.00653,0.12975,0.62586,0.24049,-0.20316,-0.71358,NaN,NaN,NaN,NaN,NaN,NaN,NaN,NaN,NaN,NaN,NaN,NaN,NaN,NaN,NaN,NaN,NaN,NaN,NaN,NaN,NaN,
127.046,-0.01874,-0.00653,0.12975,0.62586,0.24049,-0.20316,-0.71358,NaN,NaN,NaN,NaN,NaN,NaN,NaN,NaN,NaN,NaN,NaN,NaN,NaN,NaN,NaN,NaN,NaN,NaN,NaN,NaN,NaN,
127.071,-0.01856,-0.00669,0.12960,0.62290,0.24277,-0.19941,-0.71644,NaN,NaN,NaN,NaN,NaN,NaN,NaN,NaN,NaN,NaN,NaN,NaN,NaN,NaN,NaN,NaN,NaN,NaN,NaN,NaN,NaN,
127.096,-0.01856,-0.00669,0.12960,0.62290,0.24277,-0.19941,-0.71644,NaN,NaN,NaN,NaN,NaN,NaN,NaN,NaN,NaN,NaN,NaN,NaN,NaN,NaN,NaN,NaN,NaN,NaN,NaN,NaN,NaN,
127.121,-0.01849,-0.00672,0.12944,0.62197,0.24357,-0.19840,-0.71726,NaN,NaN,NaN,NaN,NaN,NaN,NaN,NaN,NaN,NaN,NaN,NaN,NaN,NaN,NaN,NaN,NaN,NaN,NaN,NaN,NaN,
127.146,-0.01836,-0.00703,0.12954,0.61755,0.24693,-0.19287,-0.72143,NaN,NaN,NaN,NaN,NaN,NaN,NaN,NaN,NaN,NaN,NaN,NaN,NaN,NaN,NaN,NaN,NaN,NaN,NaN,NaN,NaN,
127.171,-0.01836,-0.00703,0.12954,0.61755,0.24693,-0.19287,-0.72143,NaN,NaN,NaN,NaN,NaN,NaN,NaN,NaN,NaN,NaN,NaN,NaN,NaN,NaN,NaN,NaN,NaN,NaN,NaN,NaN,NaN,
127.196,-0.01826,-0.00720,0.12950,0.61450,0.24948,-0.18957,-0.72402,NaN,NaN,NaN,NaN,NaN,NaN,NaN,NaN,NaN,NaN,NaN,NaN,NaN,NaN,NaN,NaN,NaN,NaN,NaN,NaN,NaN,
127.221,-0.01816,-0.00738,0.12954,0.61162,0.25179,-0.18631,-0.72651,NaN,NaN,NaN,NaN,NaN,NaN,NaN,NaN,NaN,NaN,NaN,NaN,NaN,NaN,NaN,NaN,NaN,NaN,NaN,NaN,NaN,
127.246,-0.01802,-0.00751,0.12953,0.60913,0.25367,-0.18335,-0.72869,NaN,NaN,NaN,NaN,NaN,NaN,NaN,NaN,NaN,NaN,NaN,NaN,NaN,NaN,NaN,NaN,NaN,NaN,NaN,NaN,NaN,
127.271,-0.01797,-0.00762,0.12954,0.60686,0.25556,-0.18098,-0.73052,NaN,NaN,NaN,NaN,NaN,NaN,NaN,NaN,NaN,NaN,NaN,NaN,NaN,NaN,NaN,NaN,NaN,NaN,NaN,NaN,NaN,
127.297,-0.01793,-0.00768,0.12945,0.60518,0.25701,-0.17932,-0.73181,NaN,NaN,NaN,NaN,NaN,NaN,NaN,NaN,NaN,NaN,NaN,NaN,NaN,NaN,NaN,NaN,NaN,NaN,NaN,NaN,NaN,
127.321,-0.01788,-0.00778,0.12945,0.60308,0.25858,-0.17688,-0.73358,NaN,NaN,NaN,NaN,NaN,NaN,NaN,NaN,NaN,NaN,NaN,NaN,NaN,NaN,NaN,NaN,NaN,NaN,NaN,NaN,NaN,
127.346,-0.01783,-0.00793,0.12947,0.60101,0.26007,-0.17439,-0.73535,NaN,NaN,NaN,NaN,NaN,NaN,NaN,NaN,NaN,NaN,NaN,NaN,NaN,NaN,NaN,NaN,NaN,NaN,NaN,NaN,NaN,
127.371,-0.01783,-0.00793,0.12947,0.60101,0.26007,-0.17439,-0.73535,NaN,NaN,NaN,NaN,NaN,NaN,NaN,NaN,NaN,NaN,NaN,NaN,NaN,NaN,NaN,NaN,NaN,NaN,NaN,NaN,NaN,
127.396,-0.01765,-0.00824,0.12956,0.59636,0.26315,-0.16846,-0.73941,NaN,NaN,NaN,NaN,NaN,NaN,NaN,NaN,NaN,NaN,NaN,NaN,NaN,NaN,NaN,NaN,NaN,NaN,NaN,NaN,NaN,
127.421,-0.01758,-0.00833,0.12953,0.59422,0.26471,-0.16601,-0.74113,NaN,NaN,NaN,NaN,NaN,NaN,NaN,NaN,NaN,NaN,NaN,NaN,NaN,NaN,NaN,NaN,NaN,NaN,NaN,NaN,NaN,
127.446,-0.01758,-0.00833,0.12953,0.59422,0.26471,-0.16601,-0.74113,NaN,NaN,NaN,NaN,NaN,NaN,NaN,NaN,NaN,NaN,NaN,NaN,NaN,NaN,NaN,NaN,NaN,NaN,NaN,NaN,NaN,
127.471,-0.01746,-0.00852,0.12950,0.59050,0.26743,-0.16184,-0.74404,NaN,NaN,NaN,NaN,NaN,NaN,NaN,NaN,NaN,NaN,NaN,NaN,NaN,NaN,NaN,NaN,NaN,NaN,NaN,NaN,NaN,
127.496,-0.01742,-0.00860,0.12951,0.58887,0.26864,-0.16007,-0.74528,NaN,NaN,NaN,NaN,NaN,NaN,NaN,NaN,NaN,NaN,NaN,NaN,NaN,NaN,NaN,NaN,NaN,NaN,NaN,NaN,NaN,
127.521,-0.01742,-0.00860,0.12951,0.58887,0.26864,-0.16007,-0.74528,NaN,NaN,NaN,NaN,NaN,NaN,NaN,NaN,NaN,NaN,NaN,NaN,NaN,NaN,NaN,NaN,NaN,NaN,NaN,NaN,NaN,
127.546,-0.01733,-0.00877,0.12948,0.58596,0.27055,-0.15651,-0.74763,NaN,NaN,NaN,NaN,NaN,NaN,NaN,NaN,NaN,NaN,NaN,NaN,NaN,NaN,NaN,NaN,NaN,NaN,NaN,NaN,NaN,
127.571,-0.01733,-0.00884,0.12946,0.58464,0.27153,-0.15509,-0.74861,NaN,NaN,NaN,NaN,NaN,NaN,NaN,NaN,NaN,NaN,NaN,NaN,NaN,NaN,NaN,NaN,NaN,NaN,NaN,NaN,NaN,
127.596,-0.01725,-0.00892,0.12951,0.58334,0.27218,-0.15319,-0.74978,NaN,NaN,NaN,NaN,NaN,NaN,NaN,NaN,NaN,NaN,NaN,NaN,NaN,NaN,NaN,NaN,NaN,NaN,NaN,NaN,NaN,
127.621,-0.01720,-0.00900,0.12957,0.58216,0.27289,-0.15168,-0.75075,NaN,NaN,NaN,NaN,NaN,NaN,NaN,NaN,NaN,NaN,NaN,NaN,NaN,NaN,NaN,NaN,NaN,NaN,NaN,NaN,NaN,
127.646,-0.01719,-0.00900,0.12951,0.58177,0.27324,-0.15138,-0.75098,NaN,NaN,NaN,NaN,NaN,NaN,NaN,NaN,NaN,NaN,NaN,NaN,NaN,NaN,NaN,NaN,NaN,NaN,NaN,NaN,NaN,
127.671,-0.01717,-0.00904,0.12957,0.58101,0.27368,-0.15038,-0.75161,NaN,NaN,NaN,NaN,NaN,NaN,NaN,NaN,NaN,NaN,NaN,NaN,NaN,NaN,NaN,NaN,NaN,NaN,NaN,NaN,NaN,
127.696,-0.01712,-0.00907,0.12950,0.58026,0.27422,-0.14957,-0.75215,NaN,NaN,NaN,NaN,NaN,NaN,NaN,NaN,NaN,NaN,NaN,NaN,NaN,NaN,NaN,NaN,NaN,NaN,NaN,NaN,NaN,
127.721,-0.01705,-0.00915,0.12955,0.57872,0.27506,-0.14749,-0.75344,NaN,NaN,NaN,NaN,NaN,NaN,NaN,NaN,NaN,NaN,NaN,NaN,NaN,NaN,NaN,NaN,NaN,NaN,NaN,NaN,NaN,
127.746,-0.01704,-0.00922,0.12950,0.57732,0.27606,-0.14599,-0.75444,NaN,NaN,NaN,NaN,NaN,NaN,NaN,NaN,NaN,NaN,NaN,NaN,NaN,NaN,NaN,NaN,NaN,NaN,NaN,NaN,NaN,
127.771,-0.01694,-0.00933,0.12948,0.57570,0.27701,-0.14393,-0.75572,NaN,NaN,NaN,NaN,NaN,NaN,NaN,NaN,NaN,NaN,NaN,NaN,NaN,NaN,NaN,NaN,NaN,NaN,NaN,NaN,NaN,
127.796,-0.01692,-0.00945,0.12955,0.57371,0.27820,-0.14143,-0.75727,NaN,NaN,NaN,NaN,NaN,NaN,NaN,NaN,NaN,NaN,NaN,NaN,NaN,NaN,NaN,NaN,NaN,NaN,NaN,NaN,NaN,
127.821,-0.01685,-0.00952,0.12950,0.57248,0.27898,-0.13999,-0.75819,NaN,NaN,NaN,NaN,NaN,NaN,NaN,NaN,NaN,NaN,NaN,NaN,NaN,NaN,NaN,NaN,NaN,NaN,NaN,NaN,NaN,
127.846,-0.01682,-0.00958,0.12956,0.57107,0.27967,-0.13802,-0.75935,NaN,NaN,NaN,NaN,NaN,NaN,NaN,NaN,NaN,NaN,NaN,NaN,NaN,NaN,NaN,NaN,NaN,NaN,NaN,NaN,NaN,
127.871,-0.01674,-0.00964,0.12957,0.57007,0.28019,-0.13669,-0.76015,NaN,NaN,NaN,NaN,NaN,NaN,NaN,NaN,NaN,NaN,NaN,NaN,NaN,NaN,NaN,NaN,NaN,NaN,NaN,NaN,NaN,
127.896,-0.01671,-0.00963,0.12949,0.56989,0.28047,-0.13673,-0.76018,NaN,NaN,NaN,NaN,NaN,NaN,NaN,NaN,NaN,NaN,NaN,NaN,NaN,NaN,NaN,NaN,NaN,NaN,NaN,NaN,NaN,
127.921,-0.01670,-0.00965,0.12952,0.56971,0.28057,-0.13652,-0.76031,NaN,NaN,NaN,NaN,NaN,NaN,NaN,NaN,NaN,NaN,NaN,NaN,NaN,NaN,NaN,NaN,NaN,NaN,NaN,NaN,NaN,
127.946,-0.01670,-0.00967,0.12950,0.56933,0.28086,-0.13614,-0.76055,NaN,NaN,NaN,NaN,NaN,NaN,NaN,NaN,NaN,NaN,NaN,NaN,NaN,NaN,NaN,NaN,NaN,NaN,NaN,NaN,NaN,
127.971,-0.01670,-0.00968,0.12946,0.56887,0.28114,-0.13560,-0.76089,NaN,NaN,NaN,NaN,NaN,NaN,NaN,NaN,NaN,NaN,NaN,NaN,NaN,NaN,NaN,NaN,NaN,NaN,NaN,NaN,NaN,
127.996,-0.01671,-0.00971,0.12955,0.56832,0.28129,-0.13463,-0.76143,NaN,NaN,NaN,NaN,NaN,NaN,NaN,NaN,NaN,NaN,NaN,NaN,NaN,NaN,NaN,NaN,NaN,NaN,NaN,NaN,NaN,
128.021,-0.01665,-0.00975,0.12953,0.56772,0.28161,-0.13384,-0.76189,NaN,NaN,NaN,NaN,NaN,NaN,NaN,NaN,NaN,NaN,NaN,NaN,NaN,NaN,NaN,NaN,NaN,NaN,NaN,NaN,NaN,
128.046,-0.01659,-0.00978,0.12952,0.56696,0.28201,-0.13284,-0.76248,NaN,NaN,NaN,NaN,NaN,NaN,NaN,NaN,NaN,NaN,NaN,NaN,NaN,NaN,NaN,NaN,NaN,NaN,NaN,NaN,NaN,
128.071,-0.01655,-0.00986,0.12959,0.56559,0.28285,-0.13123,-0.76347,NaN,NaN,NaN,NaN,NaN,NaN,NaN,NaN,NaN,NaN,NaN,NaN,NaN,NaN,NaN,NaN,NaN,NaN,NaN,NaN,NaN,
128.096,-0.01648,-0.00993,0.12950,0.56355,0.28434,-0.12925,-0.76476,NaN,NaN,NaN,NaN,NaN,NaN,NaN,NaN,NaN,NaN,NaN,NaN,NaN,NaN,NaN,NaN,NaN,NaN,NaN,NaN,NaN,
128.121,-0.01643,-0.01009,0.12949,0.55965,0.28710,-0.12535,-0.76723,NaN,NaN,NaN,NaN,NaN,NaN,NaN,NaN,NaN,NaN,NaN,NaN,NaN,NaN,NaN,NaN,NaN,NaN,NaN,NaN,NaN,
128.146,-0.01648,-0.01013,0.12946,0.55757,0.28865,-0.12342,-0.76848,NaN,NaN,NaN,NaN,NaN,NaN,NaN,NaN,NaN,NaN,NaN,NaN,NaN,NaN,NaN,NaN,NaN,NaN,NaN,NaN,NaN,
128.171,-0.01637,-0.01035,0.12952,0.55357,0.29102,-0.11879,-0.77120,NaN,NaN,NaN,NaN,NaN,NaN,NaN,NaN,NaN,NaN,NaN,NaN,NaN,NaN,NaN,NaN,NaN,NaN,NaN,NaN,NaN,
128.196,-0.01644,-0.01044,0.12945,0.54964,0.29395,-0.11528,-0.77343,NaN,NaN,NaN,NaN,NaN,NaN,NaN,NaN,NaN,NaN,NaN,NaN,NaN,NaN,NaN,NaN,NaN,NaN,NaN,NaN,NaN,
128.221,-0.01644,-0.01053,0.12950,0.54809,0.29497,-0.11369,-0.77438,NaN,NaN,NaN,NaN,NaN,NaN,NaN,NaN,NaN,NaN,NaN,NaN,NaN,NaN,NaN,NaN,NaN,NaN,NaN,NaN,NaN,
128.246,-0.01639,-0.01059,0.12945,0.54729,0.29559,-0.11302,-0.77481,NaN,NaN,NaN,NaN,NaN,NaN,NaN,NaN,NaN,NaN,NaN,NaN,NaN,NaN,NaN,NaN,NaN,NaN,NaN,NaN,NaN,
128.271,-0.01639,-0.01066,0.12952,0.54544,0.29671,-0.11099,-0.77597,NaN,NaN,NaN,NaN,NaN,NaN,NaN,NaN,NaN,NaN,NaN,NaN,NaN,NaN,NaN,NaN,NaN,NaN,NaN,NaN,NaN,
128.296,-0.01636,-0.01074,0.12950,0.54360,0.29784,-0.10900,-0.77712,NaN,NaN,NaN,NaN,NaN,NaN,NaN,NaN,NaN,NaN,NaN,NaN,NaN,NaN,NaN,NaN,NaN,NaN,NaN,NaN,NaN,
128.321,-0.01627,-0.01084,0.12951,0.54187,0.29878,-0.10698,-0.77824,NaN,NaN,NaN,NaN,NaN,NaN,NaN,NaN,NaN,NaN,NaN,NaN,NaN,NaN,NaN,NaN,NaN,NaN,NaN,NaN,NaN,
128.346,-0.01632,-0.01087,0.12949,0.53979,0.30025,-0.10508,-0.77938,NaN,NaN,NaN,NaN,NaN,NaN,NaN,NaN,NaN,NaN,NaN,NaN,NaN,NaN,NaN,NaN,NaN,NaN,NaN,NaN,NaN,
128.371,-0.01630,-0.01092,0.12939,0.53843,0.30126,-0.10392,-0.78009,NaN,NaN,NaN,NaN,NaN,NaN,NaN,NaN,NaN,NaN,NaN,NaN,NaN,NaN,NaN,NaN,NaN,NaN,NaN,NaN,NaN,
128.396,-0.01628,-0.01100,0.12940,0.53695,0.30202,-0.10215,-0.78104,NaN,NaN,NaN,NaN,NaN,NaN,NaN,NaN,NaN,NaN,NaN,NaN,NaN,NaN,NaN,NaN,NaN,NaN,NaN,NaN,NaN,
128.421,-0.01626,-0.01105,0.12945,0.53603,0.30243,-0.10093,-0.78168,NaN,NaN,NaN,NaN,NaN,NaN,NaN,NaN,NaN,NaN,NaN,NaN,NaN,NaN,NaN,NaN,NaN,NaN,NaN,NaN,NaN,
128.446,-0.01621,-0.01111,0.12945,0.53570,0.30241,-0.10024,-0.78200,NaN,NaN,NaN,NaN,NaN,NaN,NaN,NaN,NaN,NaN,NaN,NaN,NaN,NaN,NaN,NaN,NaN,NaN,NaN,NaN,NaN,
128.471,-0.01623,-0.01111,0.12949,0.53547,0.30252,-0.09995,-0.78215,NaN,NaN,NaN,NaN,NaN,NaN,NaN,NaN,NaN,NaN,NaN,NaN,NaN,NaN,NaN,NaN,NaN,NaN,NaN,NaN,NaN,
128.496,-0.01617,-0.01117,0.12955,0.53487,0.30253,-0.09879,-0.78271,NaN,NaN,NaN,NaN,NaN,NaN,NaN,NaN,NaN,NaN,NaN,NaN,NaN,NaN,NaN,NaN,NaN,NaN,NaN,NaN,NaN,
128.521,-0.01617,-0.01119,0.12950,0.53396,0.30327,-0.09812,-0.78313,NaN,NaN,NaN,NaN,NaN,NaN,NaN,NaN,NaN,NaN,NaN,NaN,NaN,NaN,NaN,NaN,NaN,NaN,NaN,NaN,NaN,
128.546,-0.01612,-0.01123,0.12955,0.53360,0.30332,-0.09749,-0.78343,NaN,NaN,NaN,NaN,NaN,NaN,NaN,NaN,NaN,NaN,NaN,NaN,NaN,NaN,NaN,NaN,NaN,NaN,NaN,NaN,NaN,
128.571,-0.01609,-0.01122,0.12945,0.53315,0.30369,-0.09717,-0.78364,NaN,NaN,NaN,NaN,NaN,NaN,NaN,NaN,NaN,NaN,NaN,NaN,NaN,NaN,NaN,NaN,NaN,NaN,NaN,NaN,NaN,
128.596,-0.01610,-0.01124,0.12944,0.53247,0.30403,-0.09636,-0.78406,NaN,NaN,NaN,NaN,NaN,NaN,NaN,NaN,NaN,NaN,NaN,NaN,NaN,NaN,NaN,NaN,NaN,NaN,NaN,NaN,NaN,
128.621,-0.01604,-0.01134,0.12950,0.53177,0.30415,-0.09516,-0.78464,NaN,NaN,NaN,NaN,NaN,NaN,NaN,NaN,NaN,NaN,NaN,NaN,NaN,NaN,NaN,NaN,NaN,NaN,NaN,NaN,NaN,
128.646,-0.01604,-0.01141,0.12950,0.53097,0.30447,-0.09409,-0.78518,NaN,NaN,NaN,NaN,NaN,NaN,NaN,NaN,NaN,NaN,NaN,NaN,NaN,NaN,NaN,NaN,NaN,NaN,NaN,NaN,NaN,
128.671,-0.01605,-0.01142,0.12956,0.53060,0.30458,-0.09351,-0.78546,NaN,NaN,NaN,NaN,NaN,NaN,NaN,NaN,NaN,NaN,NaN,NaN,NaN,NaN,NaN,NaN,NaN,NaN,NaN,NaN,NaN,
128.696,-0.01600,-0.01149,0.12962,0.52933,0.30500,-0.09169,-0.78637,NaN,NaN,NaN,NaN,NaN,NaN,NaN,NaN,NaN,NaN,NaN,NaN,NaN,NaN,NaN,NaN,NaN,NaN,NaN,NaN,NaN,
128.721,-0.01597,-0.01152,0.12953,0.52820,0.30589,-0.09086,-0.78688,NaN,NaN,NaN,NaN,NaN,NaN,NaN,NaN,NaN,NaN,NaN,NaN,NaN,NaN,NaN,NaN,NaN,NaN,NaN,NaN,NaN,
128.746,-0.01596,-0.01155,0.12961,0.52755,0.30607,-0.08985,-0.78736,NaN,NaN,NaN,NaN,NaN,NaN,NaN,NaN,NaN,NaN,NaN,NaN,NaN,NaN,NaN,NaN,NaN,NaN,NaN,NaN,NaN,
128.771,-0.01594,-0.01156,0.12958,0.52672,0.30653,-0.08895,-0.78784,NaN,NaN,NaN,NaN,NaN,NaN,NaN,NaN,NaN,NaN,NaN,NaN,NaN,NaN,NaN,NaN,NaN,NaN,NaN,NaN,NaN,
128.796,-0.01589,-0.01161,0.12951,0.52593,0.30699,-0.08813,-0.78828,NaN,NaN,NaN,NaN,NaN,NaN,NaN,NaN,NaN,NaN,NaN,NaN,NaN,NaN,NaN,NaN,NaN,NaN,NaN,NaN,NaN,
128.821,-0.01591,-0.01165,0.12955,0.52487,0.30754,-0.08691,-0.78891,NaN,NaN,NaN,NaN,NaN,NaN,NaN,NaN,NaN,NaN,NaN,NaN,NaN,NaN,NaN,NaN,NaN,NaN,NaN,NaN,NaN,
128.846,-0.01593,-0.01167,0.12957,0.52429,0.30776,-0.08614,-0.78929,NaN,NaN,NaN,NaN,NaN,NaN,NaN,NaN,NaN,NaN,NaN,NaN,NaN,NaN,NaN,NaN,NaN,NaN,NaN,NaN,NaN,
128.871,-0.01590,-0.01172,0.12952,0.52358,0.30815,-0.08537,-0.78969,NaN,NaN,NaN,NaN,NaN,NaN,NaN,NaN,NaN,NaN,NaN,NaN,NaN,NaN,NaN,NaN,NaN,NaN,NaN,NaN,NaN,
128.896,-0.01588,-0.01177,0.12963,0.52286,0.30823,-0.08409,-0.79028,NaN,NaN,NaN,NaN,NaN,NaN,NaN,NaN,NaN,NaN,NaN,NaN,NaN,NaN,NaN,NaN,NaN,NaN,NaN,NaN,NaN,
128.921,-0.01585,-0.01176,0.12959,0.52269,0.30839,-0.08402,-0.79033,NaN,NaN,NaN,NaN,NaN,NaN,NaN,NaN,NaN,NaN,NaN,NaN,NaN,NaN,NaN,NaN,NaN,NaN,NaN,NaN,NaN,
128.946,-0.01584,-0.01176,0.12957,0.52269,0.30837,-0.08399,-0.79035,NaN,NaN,NaN,NaN,NaN,NaN,NaN,NaN,NaN,NaN,NaN,NaN,NaN,NaN,NaN,NaN,NaN,NaN,NaN,NaN,NaN,
128.971,-0.01584,-0.01177,0.12963,0.52257,0.30838,-0.08378,-0.79044,NaN,NaN,NaN,NaN,NaN,NaN,NaN,NaN,NaN,NaN,NaN,NaN,NaN,NaN,NaN,NaN,NaN,NaN,NaN,NaN,NaN,
128.996,-0.01585,-0.01178,0.12956,0.52257,0.30843,-0.08385,-0.79042,NaN,NaN,NaN,NaN,NaN,NaN,NaN,NaN,NaN,NaN,NaN,NaN,NaN,NaN,NaN,NaN,NaN,NaN,NaN,NaN,NaN,
129.021,-0.01588,-0.01173,0.12956,0.52321,0.30824,-0.08478,-0.78997,NaN,NaN,NaN,NaN,NaN,NaN,NaN,NaN,NaN,NaN,NaN,NaN,NaN,NaN,NaN,NaN,NaN,NaN,NaN,NaN,NaN,
129.046,-0.01587,-0.01174,0.12957,0.52300,0.30831,-0.08449,-0.79011,NaN,NaN,NaN,NaN,NaN,NaN,NaN,NaN,NaN,NaN,NaN,NaN,NaN,NaN,NaN,NaN,NaN,NaN,NaN,NaN,NaN,
129.071,-0.01586,-0.01176,0.12957,0.52275,0.30841,-0.08416,-0.79028,NaN,NaN,NaN,NaN,NaN,NaN,NaN,NaN,NaN,NaN,NaN,NaN,NaN,NaN,NaN,NaN,NaN,NaN,NaN,NaN,NaN,
129.096,-0.01585,-0.01177,0.12958,0.52261,0.30843,-0.08393,-0.79038,NaN,NaN,NaN,NaN,NaN,NaN,NaN,NaN,NaN,NaN,NaN,NaN,NaN,NaN,NaN,NaN,NaN,NaN,NaN,NaN,NaN,
129.121,-0.01584,-0.01177,0.12959,0.52255,0.30844,-0.08383,-0.79043,NaN,NaN,NaN,NaN,NaN,NaN,NaN,NaN,NaN,NaN,NaN,NaN,NaN,NaN,NaN,NaN,NaN,NaN,NaN,NaN,NaN,
129.146,-0.01583,-0.01178,0.12959,0.52252,0.30844,-0.08378,-0.79045,NaN,NaN,NaN,NaN,NaN,NaN,NaN,NaN,NaN,NaN,NaN,NaN,NaN,NaN,NaN,NaN,NaN,NaN,NaN,NaN,NaN,
129.171,-0.01584,-0.01178,0.12959,0.52249,0.30845,-0.08372,-0.79048,NaN,NaN,NaN,NaN,NaN,NaN,NaN,NaN,NaN,NaN,NaN,NaN,NaN,NaN,NaN,NaN,NaN,NaN,NaN,NaN,NaN,
129.196,-0.01583,-0.01179,0.12959,0.52248,0.30846,-0.08373,-0.79048,NaN,NaN,NaN,NaN,NaN,NaN,NaN,NaN,NaN,NaN,NaN,NaN,NaN,NaN,NaN,NaN,NaN,NaN,NaN,NaN,NaN,
129.221,-0.01583,-0.01179,0.12959,0.52246,0.30845,-0.08368,-0.79050,NaN,NaN,NaN,NaN,NaN,NaN,NaN,NaN,NaN,NaN,NaN,NaN,NaN,NaN,NaN,NaN,NaN,NaN,NaN,NaN,NaN,
129.246,-0.01583,-0.01179,0.12959,0.52246,0.30846,-0.08368,-0.79050,NaN,NaN,NaN,NaN,NaN,NaN,NaN,NaN,NaN,NaN,NaN,NaN,NaN,NaN,NaN,NaN,NaN,NaN,NaN,NaN,NaN,
129.271,-0.01582,-0.01180,0.12959,0.52245,0.30846,-0.08366,-0.79051,NaN,NaN,NaN,NaN,NaN,NaN,NaN,NaN,NaN,NaN,NaN,NaN,NaN,NaN,NaN,NaN,NaN,NaN,NaN,NaN,NaN,
129.296,-0.01581,-0.01180,0.12959,0.52245,0.30847,-0.08368,-0.79050,NaN,NaN,NaN,NaN,NaN,NaN,NaN,NaN,NaN,NaN,NaN,NaN,NaN,NaN,NaN,NaN,NaN,NaN,NaN,NaN,NaN,
129.321,-0.01581,-0.01180,0.12959,0.52246,0.30846,-0.08367,-0.79050,NaN,NaN,NaN,NaN,NaN,NaN,NaN,NaN,NaN,NaN,NaN,NaN,NaN,NaN,NaN,NaN,NaN,NaN,NaN,NaN,NaN,
129.346,-0.01581,-0.01180,0.12959,0.52246,0.30846,-0.08368,-0.79050,NaN,NaN,NaN,NaN,NaN,NaN,NaN,NaN,NaN,NaN,NaN,NaN,NaN,NaN,NaN,NaN,NaN,NaN,NaN,NaN,NaN,
129.371,-0.01580,-0.01180,0.12959,0.52248,0.30845,-0.08370,-0.79049,NaN,NaN,NaN,NaN,NaN,NaN,NaN,NaN,NaN,NaN,NaN,NaN,NaN,NaN,NaN,NaN,NaN,NaN,NaN,NaN,NaN,
129.396,-0.01581,-0.01180,0.12959,0.52248,0.30845,-0.08371,-0.79048,NaN,NaN,NaN,NaN,NaN,NaN,NaN,NaN,NaN,NaN,NaN,NaN,NaN,NaN,NaN,NaN,NaN,NaN,NaN,NaN,NaN,
129.421,-0.01580,-0.01180,0.12959,0.52252,0.30844,-0.08377,-0.79046,NaN,NaN,NaN,NaN,NaN,NaN,NaN,NaN,NaN,NaN,NaN,NaN,NaN,NaN,NaN,NaN,NaN,NaN,NaN,NaN,NaN,
129.446,-0.01580,-0.01180,0.12959,0.52254,0.30843,-0.08379,-0.79045,NaN,NaN,NaN,NaN,NaN,NaN,NaN,NaN,NaN,NaN,NaN,NaN,NaN,NaN,NaN,NaN,NaN,NaN,NaN,NaN,NaN,
129.471,-0.01580,-0.01179,0.12958,0.52256,0.30843,-0.08384,-0.79042,NaN,NaN,NaN,NaN,NaN,NaN,NaN,NaN,NaN,NaN,NaN,NaN,NaN,NaN,NaN,NaN,NaN,NaN,NaN,NaN,NaN,
129.496,-0.01579,-0.01180,0.12958,0.52257,0.30842,-0.08385,-0.79042,NaN,NaN,NaN,NaN,NaN,NaN,NaN,NaN,NaN,NaN,NaN,NaN,NaN,NaN,NaN,NaN,NaN,NaN,NaN,NaN,NaN,
129.521,-0.01579,-0.01179,0.12958,0.52261,0.30840,-0.08388,-0.79040,NaN,NaN,NaN,NaN,NaN,NaN,NaN,NaN,NaN,NaN,NaN,NaN,NaN,NaN,NaN,NaN,NaN,NaN,NaN,NaN,NaN,
129.546,-0.01579,-0.01179,0.12958,0.52261,0.30841,-0.08389,-0.79040,NaN,NaN,NaN,NaN,NaN,NaN,NaN,NaN,NaN,NaN,NaN,NaN,NaN,NaN,NaN,NaN,NaN,NaN,NaN,NaN,NaN,
129.571,-0.01579,-0.01179,0.12958,0.52263,0.30839,-0.08391,-0.79038,NaN,NaN,NaN,NaN,NaN,NaN,NaN,NaN,NaN,NaN,NaN,NaN,NaN,NaN,NaN,NaN,NaN,NaN,NaN,NaN,NaN,
129.596,-0.01579,-0.01179,0.12958,0.52267,0.30839,-0.08397,-0.79036,NaN,NaN,NaN,NaN,NaN,NaN,NaN,NaN,NaN,NaN,NaN,NaN,NaN,NaN,NaN,NaN,NaN,NaN,NaN,NaN,NaN,
129.621,-0.01578,-0.01179,0.12958,0.52269,0.30836,-0.08399,-0.79035,NaN,NaN,NaN,NaN,NaN,NaN,NaN,NaN,NaN,NaN,NaN,NaN,NaN,NaN,NaN,NaN,NaN,NaN,NaN,NaN,NaN,
129.646,-0.01578,-0.01179,0.12958,0.52273,0.30836,-0.08404,-0.79032,NaN,NaN,NaN,NaN,NaN,NaN,NaN,NaN,NaN,NaN,NaN,NaN,NaN,NaN,NaN,NaN,NaN,NaN,NaN,NaN,NaN,
129.671,-0.01578,-0.01179,0.12958,0.52275,0.30834,-0.08406,-0.79031,NaN,NaN,NaN,NaN,NaN,NaN,NaN,NaN,NaN,NaN,NaN,NaN,NaN,NaN,NaN,NaN,NaN,NaN,NaN,NaN,NaN,
129.696,-0.01578,-0.01178,0.12958,0.52276,0.30834,-0.08407,-0.79031,NaN,NaN,NaN,NaN,NaN,NaN,NaN,NaN,NaN,NaN,NaN,NaN,NaN,NaN,NaN,NaN,NaN,NaN,NaN,NaN,NaN,
129.721,-0.01579,-0.01178,0.12957,0.52276,0.30835,-0.08410,-0.79029,NaN,NaN,NaN,NaN,NaN,NaN,NaN,NaN,NaN,NaN,NaN,NaN,NaN,NaN,NaN,NaN,NaN,NaN,NaN,NaN,NaN,
129.746,-0.01579,-0.01178,0.12957,0.52278,0.30834,-0.08412,-0.79029,NaN,NaN,NaN,NaN,NaN,NaN,NaN,NaN,NaN,NaN,NaN,NaN,NaN,NaN,NaN,NaN,NaN,NaN,NaN,NaN,NaN,
129.771,-0.01580,-0.01177,0.12957,0.52281,0.30835,-0.08418,-0.79026,NaN,NaN,NaN,NaN,NaN,NaN,NaN,NaN,NaN,NaN,NaN,NaN,NaN,NaN,NaN,NaN,NaN,NaN,NaN,NaN,NaN,
129.796,-0.01580,-0.01177,0.12957,0.52279,0.30835,-0.08415,-0.79027,NaN,NaN,NaN,NaN,NaN,NaN,NaN,NaN,NaN,NaN,NaN,NaN,NaN,NaN,NaN,NaN,NaN,NaN,NaN,NaN,NaN,
129.821,-0.01580,-0.01176,0.12957,0.52282,0.30835,-0.08421,-0.79025,NaN,NaN,NaN,NaN,NaN,NaN,NaN,NaN,NaN,NaN,NaN,NaN,NaN,NaN,NaN,NaN,NaN,NaN,NaN,NaN,NaN,
129.846,-0.01581,-0.01177,0.12956,0.52277,0.30838,-0.08415,-0.79027,NaN,NaN,NaN,NaN,NaN,NaN,NaN,NaN,NaN,NaN,NaN,NaN,NaN,NaN,NaN,NaN,NaN,NaN,NaN,NaN,NaN,
129.871,-0.01581,-0.01175,0.12957,0.52281,0.30836,-0.08420,-0.79025,NaN,NaN,NaN,NaN,NaN,NaN,NaN,NaN,NaN,NaN,NaN,NaN,NaN,NaN,NaN,NaN,NaN,NaN,NaN,NaN,NaN,
129.896,-0.01582,-0.01176,0.12956,0.52276,0.30840,-0.08416,-0.79027,NaN,NaN,NaN,NaN,NaN,NaN,NaN,NaN,NaN,NaN,NaN,NaN,NaN,NaN,NaN,NaN,NaN,NaN,NaN,NaN,NaN,
129.921,-0.01582,-0.01175,0.12957,0.52276,0.30837,-0.08414,-0.79028,NaN,NaN,NaN,NaN,NaN,NaN,NaN,NaN,NaN,NaN,NaN,NaN,NaN,NaN,NaN,NaN,NaN,NaN,NaN,NaN,NaN,
129.946,-0.01583,-0.01175,0.12956,0.52273,0.30840,-0.08412,-0.79029,NaN,NaN,NaN,NaN,NaN,NaN,NaN,NaN,NaN,NaN,NaN,NaN,NaN,NaN,NaN,NaN,NaN,NaN,NaN,NaN,NaN,
129.971,-0.01583,-0.01176,0.12957,0.52274,0.30838,-0.08409,-0.79030,NaN,NaN,NaN,NaN,NaN,NaN,NaN,NaN,NaN,NaN,NaN,NaN,NaN,NaN,NaN,NaN,NaN,NaN,NaN,NaN,NaN,
129.996,-0.01583,-0.01176,0.12957,0.52272,0.30839,-0.08408,-0.79031,NaN,NaN,NaN,NaN,NaN,NaN,NaN,NaN,NaN,NaN,NaN,NaN,NaN,NaN,NaN,NaN,NaN,NaN,NaN,NaN,NaN,
130.021,-0.01583,-0.01176,0.12957,0.52269,0.30839,-0.08403,-0.79033,NaN,NaN,NaN,NaN,NaN,NaN,NaN,NaN,NaN,NaN,NaN,NaN,NaN,NaN,NaN,NaN,NaN,NaN,NaN,NaN,NaN,
130.046,-0.01584,-0.01176,0.12957,0.52269,0.30839,-0.08403,-0.79033,NaN,NaN,NaN,NaN,NaN,NaN,NaN,NaN,NaN,NaN,NaN,NaN,NaN,NaN,NaN,NaN,NaN,NaN,NaN,NaN,NaN,
130.071,-0.01584,-0.01176,0.12957,0.52267,0.30840,-0.08400,-0.79035,NaN,NaN,NaN,NaN,NaN,NaN,NaN,NaN,NaN,NaN,NaN,NaN,NaN,NaN,NaN,NaN,NaN,NaN,NaN,NaN,NaN,
130.096,-0.01584,-0.01175,0.12957,0.52266,0.30841,-0.08399,-0.79035,NaN,NaN,NaN,NaN,NaN,NaN,NaN,NaN,NaN,NaN,NaN,NaN,NaN,NaN,NaN,NaN,NaN,NaN,NaN,NaN,NaN,
130.121,-0.01584,-0.01176,0.12957,0.52261,0.30843,-0.08392,-0.79039,NaN,NaN,NaN,NaN,NaN,NaN,NaN,NaN,NaN,NaN,NaN,NaN,NaN,NaN,NaN,NaN,NaN,NaN,NaN,NaN,NaN,
130.146,-0.01585,-0.01176,0.12958,0.52262,0.30841,-0.08391,-0.79039,NaN,NaN,NaN,NaN,NaN,NaN,NaN,NaN,NaN,NaN,NaN,NaN,NaN,NaN,NaN,NaN,NaN,NaN,NaN,NaN,NaN,
130.171,-0.01584,-0.01176,0.12958,0.52257,0.30845,-0.08388,-0.79041,NaN,NaN,NaN,NaN,NaN,NaN,NaN,NaN,NaN,NaN,NaN,NaN,NaN,NaN,NaN,NaN,NaN,NaN,NaN,NaN,NaN,
130.196,-0.01585,-0.01176,0.12959,0.52257,0.30842,-0.08384,-0.79042,NaN,NaN,NaN,NaN,NaN,NaN,NaN,NaN,NaN,NaN,NaN,NaN,NaN,NaN,NaN,NaN,NaN,NaN,NaN,NaN,NaN,
130.221,-0.01585,-0.01176,0.12958,0.52253,0.30846,-0.08382,-0.79043,NaN,NaN,NaN,NaN,NaN,NaN,NaN,NaN,NaN,NaN,NaN,NaN,NaN,NaN,NaN,NaN,NaN,NaN,NaN,NaN,NaN,
