t,x,y,z,qw,qx,qy,qz,s1_x,s1_y,s1_z,s1_qw,s1_qx,s1_qy,s1_qz,s2_x,s2_y,s2_z,s2_qw,s2_qx,s2_qy,s2_qz,s3_x,s3_y,s3_z,s3_qw,s3_qx,s3_qy,s3_qz
0.012,0.00047,-0.03391,0.14014,-0.26208,-0.16148,-0.39538,0.86540,NaN,NaN,NaN,NaN,NaN,NaN,NaN,NaN,NaN,NaN,NaN,NaN,NaN,NaN,NaN,NaN,NaN,NaN,NaN,NaN,NaN,
0.037,0.00048,-0.03390,0.14014,-0.26207,-0.16149,-0.39538,0.86540,NaN,NaN,NaN,NaN,NaN,NaN,NaN,NaN,NaN,NaN,NaN,NaN,NaN,NaN,NaN,NaN,NaN,NaN,NaN,NaN,NaN,
0.062,0.00047,-0.03390,0.14014,-0.26207,-0.16149,-0.39538,0.86540,NaN,NaN,NaN,NaN,NaN,NaN,NaN,NaN,NaN,NaN,NaN,NaN,NaN,NaN,NaN,NaN,NaN,NaN,NaN,NaN,NaN,
0.087,0.00047,-0.03390,0.14014,-0.26206,-0.16151,-0.39537,0.86540,NaN,NaN,NaN,NaN,NaN,NaN,NaN,NaN,NaN,NaN,NaN,NaN,NaN,NaN,NaN,NaN,NaN,NaN,NaN,NaN,NaN,
0.113,0.00047,-0.03390,0.14013,-0.26205,-0.16153,-0.39537,0.86540,NaN,NaN,NaN,NaN,NaN,NaN,NaN,NaN,NaN,NaN,NaN,NaN,NaN,NaN,NaN,NaN,NaN,NaN,NaN,NaN,NaN,
0.138,0.00046,-0.03390,0.14013,-0.26206,-0.16153,-0.39536,0.86540,NaN,NaN,NaN,NaN,NaN,NaN,NaN,NaN,NaN,NaN,NaN,NaN,NaN,NaN,NaN,NaN,NaN,NaN,NaN,NaN,NaN,
0.162,0.00046,-0.03390,0.14013,-0.26206,-0.16153,-0.39536,0.86540,NaN,NaN,NaN,NaN,NaN,NaN,NaN,NaN,NaN,NaN,NaN,NaN,NaN,NaN,NaN,NaN,NaN,NaN,NaN,NaN,NaN,
0.187,0.00046,-0.03390,0.14013,-0.26206,-0.16151,-0.39537,0.86540,NaN,NaN,NaN,NaN,NaN,NaN,NaN,NaN,NaN,NaN,NaN,NaN,NaN,NaN,NaN,NaN,NaN,NaN,NaN,NaN,NaN,
0.213,0.00047,-0.03390,0.14013,-0.26205,-0.16151,-0.39538,0.86540,NaN,NaN,NaN,NaN,NaN,NaN,NaN,NaN,NaN,NaN,NaN,NaN,NaN,NaN,NaN,NaN,NaN,NaN,NaN,NaN,NaN,
0.238,0.00046,-0.03390,0.14013,-0.26204,-0.16151,-0.39538,0.86540,NaN,NaN,NaN,NaN,NaN,NaN,NaN,NaN,NaN,NaN,NaN,NaN,NaN,NaN,NaN,NaN,NaN,NaN,NaN,NaN,NaN,
0.262,0.00046,-0.03390,0.14013,-0.26204,-0.16151,-0.39538,0.86540,NaN,NaN,NaN,NaN,NaN,NaN,NaN,NaN,NaN,NaN,NaN,NaN,NaN,NaN,NaN,NaN,NaN,NaN,NaN,NaN,NaN,
0.288,0.00047,-0.03390,0.14014,-0.26204,-0.16151,-0.39539,0.86540,NaN,NaN,NaN,NaN,NaN,NaN,NaN,NaN,NaN,NaN,NaN,NaN,NaN,NaN,NaN,NaN,NaN,NaN,NaN,NaN,NaN,
0.313,0.00047,-0.03390,0.14014,-0.26204,-0.16150,-0.39540,0.86540,NaN,NaN,NaN,NaN,NaN,NaN,NaN,NaN,NaN,NaN,NaN,NaN,NaN,NaN,NaN,NaN,NaN,NaN,NaN,NaN,NaN,
0.338,0.00046,-0.03390,0.14013,-0.26205,-0.16151,-0.39538,0.86540,NaN,NaN,NaN,NaN,NaN,NaN,NaN,NaN,NaN,NaN,NaN,NaN,NaN,NaN,NaN,NaN,NaN,NaN,NaN,NaN,NaN,
0.363,0.00046,-0.03391,0.14013,-0.26207,-0.16150,-0.39537,0.86540,NaN,NaN,NaN,NaN,NaN,NaN,NaN,NaN,NaN,NaN,NaN,NaN,NaN,NaN,NaN,NaN,NaN,NaN,NaN,NaN,NaN,
0.388,0.00047,-0.03390,0.14013,-0.26208,-0.16150,-0.39536,0.86540,NaN,NaN,NaN,NaN,NaN,NaN,NaN,NaN,NaN,NaN,NaN,NaN,NaN,NaN,NaN,NaN,NaN,NaN,NaN,NaN,NaN,
0.412,0.00047,-0.03390,0.14013,-0.26208,-0.16150,-0.39536,0.86540,NaN,NaN,NaN,NaN,NaN,NaN,NaN,NaN,NaN,NaN,NaN,NaN,NaN,NaN,NaN,NaN,NaN,NaN,NaN,NaN,NaN,
0.437,0.00046,-0.03391,0.14012,-0.26210,-0.16150,-0.39534,0.86541,NaN,NaN,NaN,NaN,NaN,NaN,NaN,NaN,NaN,NaN,NaN,NaN,NaN,NaN,NaN,NaN,NaN,NaN,NaN,NaN,NaN,
0.462,0.00046,-0.03391,0.14011,-0.26213,-0.16150,-0.39531,0.86541,NaN,NaN,NaN,NaN,NaN,NaN,NaN,NaN,NaN,NaN,NaN,NaN,NaN,NaN,NaN,NaN,NaN,NaN,NaN,NaN,NaN,
0.487,0.00046,-0.03391,0.14011,-0.26214,-0.16150,-0.39531,0.86541,NaN,NaN,NaN,NaN,NaN,NaN,NaN,NaN,NaN,NaN,NaN,NaN,NaN,NaN,NaN,NaN,NaN,NaN,NaN,NaN,NaN,
0.512,0.00046,-0.03391,0.14010,-0.26215,-0.16151,-0.39529,0.86541,NaN,NaN,NaN,NaN,NaN,NaN,NaN,NaN,NaN,NaN,NaN,NaN,NaN,NaN,NaN,NaN,NaN,NaN,NaN,NaN,NaN,
0.538,0.00045,-0.03392,0.14009,-0.26219,-0.16149,-0.39526,0.86541,NaN,NaN,NaN,NaN,NaN,NaN,NaN,NaN,NaN,NaN,NaN,NaN,NaN,NaN,NaN,NaN,NaN,NaN,NaN,NaN,NaN,
0.562,0.00045,-0.03392,0.14009,-0.26219,-0.16149,-0.39526,0.86541,NaN,NaN,NaN,NaN,NaN,NaN,NaN,NaN,NaN,NaN,NaN,NaN,NaN,NaN,NaN,NaN,NaN,NaN,NaN,NaN,NaN,
0.588,0.00046,-0.03392,0.14010,-0.26218,-0.16148,-0.39528,0.86541,NaN,NaN,NaN,NaN,NaN,NaN,NaN,NaN,NaN,NaN,NaN,NaN,NaN,NaN,NaN,NaN,NaN,NaN,NaN,NaN,NaN,
0.612,0.00046,-0.03392,0.14010,-0.26218,-0.16148,-0.39528,0.86541,NaN,NaN,NaN,NaN,NaN,NaN,NaN,NaN,NaN,NaN,NaN,NaN,NaN,NaN,NaN,NaN,NaN,NaN,NaN,NaN,NaN,
0.638,0.00046,-0.03391,0.14010,-0.26216,-0.16150,-0.39529,0.86541,NaN,NaN,NaN,NaN,NaN,NaN,NaN,NaN,NaN,NaN,NaN,NaN,NaN,NaN,NaN,NaN,NaN,NaN,NaN,NaN,NaN,
0.662,0.00046,-0.03391,0.14010,-0.26216,-0.16150,-0.39529,0.86541,NaN,NaN,NaN,NaN,NaN,NaN,NaN,NaN,NaN,NaN,NaN,NaN,NaN,NaN,NaN,NaN,NaN,NaN,NaN,NaN,NaN,
0.688,0.00046,-0.03391,0.14011,-0.26214,-0.16150,-0.39530,0.86541,NaN,NaN,NaN,NaN,NaN,NaN,NaN,NaN,NaN,NaN,NaN,NaN,NaN,NaN,NaN,NaN,NaN,NaN,NaN,NaN,NaN,
0.712,0.00046,-0.03391,0.14011,-0.26214,-0.16150,-0.39530,0.86541,NaN,NaN,NaN,NaN,NaN,NaN,NaN,NaN,NaN,NaN,NaN,NaN,NaN,NaN,NaN,NaN,NaN,NaN,NaN,NaN,NaN,
0.738,0.00046,-0.03391,0.14011,-0.26217,-0.16149,-0.39529,0.86541,NaN,NaN,NaN,NaN,NaN,NaN,NaN,NaN,NaN,NaN,NaN,NaN,NaN,NaN,NaN,NaN,NaN,NaN,NaN,NaN,NaN,
0.763,0.00046,-0.03391,0.14010,-0.26217,-0.16150,-0.39527,0.86541,NaN,NaN,NaN,NaN,NaN,NaN,NaN,NaN,NaN,NaN,NaN,NaN,NaN,NaN,NaN,NaN,NaN,NaN,NaN,NaN,NaN,
0.788,0.00046,-0.03391,0.14009,-0.26218,-0.16151,-0.39526,0.86542,NaN,NaN,NaN,NaN,NaN,NaN,NaN,NaN,NaN,NaN,NaN,NaN,NaN,NaN,NaN,NaN,NaN,NaN,NaN,NaN,NaN,
0.813,0.00046,-0.03391,0.14008,-0.26220,-0.16152,-0.39523,0.86542,NaN,NaN,NaN,NaN,NaN,NaN,NaN,NaN,NaN,NaN,NaN,NaN,NaN,NaN,NaN,NaN,NaN,NaN,NaN,NaN,NaN,
0.838,0.00045,-0.03391,0.14007,-0.26221,-0.16154,-0.39520,0.86543,NaN,NaN,NaN,NaN,NaN,NaN,NaN,NaN,NaN,NaN,NaN,NaN,NaN,NaN,NaN,NaN,NaN,NaN,NaN,NaN,NaN,
0.862,0.00045,-0.03391,0.14007,-0.26221,-0.16154,-0.39520,0.86543,NaN,NaN,NaN,NaN,NaN,NaN,NaN,NaN,NaN,NaN,NaN,NaN,NaN,NaN,NaN,NaN,NaN,NaN,NaN,NaN,NaN,
0.888,0.00045,-0.03391,0.14006,-0.26226,-0.16154,-0.39516,0.86543,NaN,NaN,NaN,NaN,NaN,NaN,NaN,NaN,NaN,NaN,NaN,NaN,NaN,NaN,NaN,NaN,NaN,NaN,NaN,NaN,NaN,
0.912,0.00045,-0.03391,0.14006,-0.26226,-0.16155,-0.39515,0.86543,NaN,NaN,NaN,NaN,NaN,NaN,NaN,NaN,NaN,NaN,NaN,NaN,NaN,NaN,NaN,NaN,NaN,NaN,NaN,NaN,NaN,
0.938,0.00045,-0.03392,0.14006,-0.26227,-0.16154,-0.39515,0.86543,NaN,NaN,NaN,NaN,NaN,NaN,NaN,NaN,NaN,NaN,NaN,NaN,NaN,NaN,NaN,NaN,NaN,NaN,NaN,NaN,NaN,
0.962,0.00045,-0.03392,0.14006,-0.26227,-0.16154,-0.39515,0.86543,NaN,NaN,NaN,NaN,NaN,NaN,NaN,NaN,NaN,NaN,NaN,NaN,NaN,NaN,NaN,NaN,NaN,NaN,NaN,NaN,NaN,
0.988,0.00045,-0.03391,0.14007,-0.26225,-0.16154,-0.39516,0.86543,NaN,NaN,NaN,NaN,NaN,NaN,NaN,NaN,NaN,NaN,NaN,NaN,NaN,NaN,NaN,NaN,NaN,NaN,NaN,NaN,NaN,
1.012,0.00045,-0.03391,0.14007,-0.26225,-0.16154,-0.39516,0.86543,NaN,NaN,NaN,NaN,NaN,NaN,NaN,NaN,NaN,NaN,NaN,NaN,NaN,NaN,NaN,NaN,NaN,NaN,NaN,NaN,NaN,
1.038,0.00045,-0.03391,0.14008,-0.26222,-0.16153,-0.39520,0.86543,NaN,NaN,NaN,NaN,NaN,NaN,NaN,NaN,NaN,NaN,NaN,NaN,NaN,NaN,NaN,NaN,NaN,NaN,NaN,NaN,NaN,
1.062,0.00045,-0.03391,0.14008,-0.26222,-0.16153,-0.39520,0.86543,NaN,NaN,NaN,NaN,NaN,NaN,NaN,NaN,NaN,NaN,NaN,NaN,NaN,NaN,NaN,NaN,NaN,NaN,NaN,NaN,NaN,
1.088,0.00046,-0.03391,0.14009,-0.26220,-0.16152,-0.39523,0.86542,NaN,NaN,NaN,NaN,NaN,NaN,NaN,NaN,NaN,NaN,NaN,NaN,NaN,NaN,NaN,NaN,NaN,NaN,NaN,NaN,NaN,
1.112,0.00046,-0.03391,0.14009,-0.26220,-0.16152,-0.39523,0.86542,NaN,NaN,NaN,NaN,NaN,NaN,NaN,NaN,NaN,NaN,NaN,NaN,NaN,NaN,NaN,NaN,NaN,NaN,NaN,NaN,NaN,
1.137,0.00046,-0.03391,0.14010,-0.26218,-0.16151,-0.39526,0.86542,NaN,NaN,NaN,NaN,NaN,NaN,NaN,NaN,NaN,NaN,NaN,NaN,NaN,NaN,NaN,NaN,NaN,NaN,NaN,NaN,NaN,
1.162,0.00046,-0.03391,0.14011,-0.26215,-0.16151,-0.39528,0.86541,NaN,NaN,NaN,NaN,NaN,NaN,NaN,NaN,NaN,NaN,NaN,NaN,NaN,NaN,NaN,NaN,NaN,NaN,NaN,NaN,NaN,
1.188,0.00046,-0.03390,0.14012,-0.26213,-0.16151,-0.39531,0.86541,NaN,NaN,NaN,NaN,NaN,NaN,NaN,NaN,NaN,NaN,NaN,NaN,NaN,NaN,NaN,NaN,NaN,NaN,NaN,NaN,NaN,
1.213,0.00046,-0.03390,0.14012,-0.26212,-0.16153,-0.39530,0.86541,NaN,NaN,NaN,NaN,NaN,NaN,NaN,NaN,NaN,NaN,NaN,NaN,NaN,NaN,NaN,NaN,NaN,NaN,NaN,NaN,NaN,
1.237,0.00046,-0.03390,0.14012,-0.26212,-0.16153,-0.39530,0.86541,NaN,NaN,NaN,NaN,NaN,NaN,NaN,NaN,NaN,NaN,NaN,NaN,NaN,NaN,NaN,NaN,NaN,NaN,NaN,NaN,NaN,
1.262,0.00047,-0.03390,0.14012,-0.26211,-0.16152,-0.39531,0.86541,NaN,NaN,NaN,NaN,NaN,NaN,NaN,NaN,NaN,NaN,NaN,NaN,NaN,NaN,NaN,NaN,NaN,NaN,NaN,NaN,NaN,
1.288,0.00047,-0.03390,0.14013,-0.26211,-0.16152,-0.39532,0.86541,NaN,NaN,NaN,NaN,NaN,NaN,NaN,NaN,NaN,NaN,NaN,NaN,NaN,NaN,NaN,NaN,NaN,NaN,NaN,NaN,NaN,
1.313,0.00047,-0.03390,0.14013,-0.26210,-0.16151,-0.39533,0.86541,NaN,NaN,NaN,NaN,NaN,NaN,NaN,NaN,NaN,NaN,NaN,NaN,NaN,NaN,NaN,NaN,NaN,NaN,NaN,NaN,NaN,
1.338,0.00047,-0.03390,0.14013,-0.26209,-0.16150,-0.39535,0.86540,NaN,NaN,NaN,NaN,NaN,NaN,NaN,NaN,NaN,NaN,NaN,NaN,NaN,NaN,NaN,NaN,NaN,NaN,NaN,NaN,NaN,
1.362,0.00047,-0.03390,0.14013,-0.26209,-0.16150,-0.39535,0.86540,NaN,NaN,NaN,NaN,NaN,NaN,NaN,NaN,NaN,NaN,NaN,NaN,NaN,NaN,NaN,NaN,NaN,NaN,NaN,NaN,NaN,
1.388,0.00047,-0.03390,0.14013,-0.26211,-0.16150,-0.39533,0.86541,NaN,NaN,NaN,NaN,NaN,NaN,NaN,NaN,NaN,NaN,NaN,NaN,NaN,NaN,NaN,NaN,NaN,NaN,NaN,NaN,NaN,
1.412,0.00047,-0.03390,0.14013,-0.26211,-0.16150,-0.39533,0.86541,NaN,NaN,NaN,NaN,NaN,NaN,NaN,NaN,NaN,NaN,NaN,NaN,NaN,NaN,NaN,NaN,NaN,NaN,NaN,NaN,NaN,
1.438,0.00046,-0.03391,0.14012,-0.26213,-0.16151,-0.39531,0.86541,NaN,NaN,NaN,NaN,NaN,NaN,NaN,NaN,NaN,NaN,NaN,NaN,NaN,NaN,NaN,NaN,NaN,NaN,NaN,NaN,NaN,
1.462,0.00046,-0.03391,0.14012,-0.26213,-0.16151,-0.39531,0.86541,NaN,NaN,NaN,NaN,NaN,NaN,NaN,NaN,NaN,NaN,NaN,NaN,NaN,NaN,NaN,NaN,NaN,NaN,NaN,NaN,NaN,
1.488,0.00046,-0.03391,0.14011,-0.26217,-0.16150,-0.39528,0.86541,NaN,NaN,NaN,NaN,NaN,NaN,NaN,NaN,NaN,NaN,NaN,NaN,NaN,NaN,NaN,NaN,NaN,NaN,NaN,NaN,NaN,
1.512,0.00046,-0.03391,0.14011,-0.26217,-0.16150,-0.39528,0.86541,NaN,NaN,NaN,NaN,NaN,NaN,NaN,NaN,NaN,NaN,NaN,NaN,NaN,NaN,NaN,NaN,NaN,NaN,NaN,NaN,NaN,
1.538,0.00045,-0.03391,0.14011,-0.26217,-0.16149,-0.39528,0.86541,NaN,NaN,NaN,NaN,NaN,NaN,NaN,NaN,NaN,NaN,NaN,NaN,NaN,NaN,NaN,NaN,NaN,NaN,NaN,NaN,NaN,
1.562,0.00045,-0.03391,0.14011,-0.26217,-0.16149,-0.39528,0.86541,NaN,NaN,NaN,NaN,NaN,NaN,NaN,NaN,NaN,NaN,NaN,NaN,NaN,NaN,NaN,NaN,NaN,NaN,NaN,NaN,NaN,
1.588,0.00045,-0.03391,0.14010,-0.26217,-0.16151,-0.39527,0.86542,NaN,NaN,NaN,NaN,NaN,NaN,NaN,NaN,NaN,NaN,NaN,NaN,NaN,NaN,NaN,NaN,NaN,NaN,NaN,NaN,NaN,
1.612,0.00045,-0.03391,0.14010,-0.26218,-0.16151,-0.39526,0.86542,NaN,NaN,NaN,NaN,NaN,NaN,NaN,NaN,NaN,NaN,NaN,NaN,NaN,NaN,NaN,NaN,NaN,NaN,NaN,NaN,NaN,
1.637,0.00045,-0.03391,0.14010,-0.26218,-0.16151,-0.39526,0.86542,NaN,NaN,NaN,NaN,NaN,NaN,NaN,NaN,NaN,NaN,NaN,NaN,NaN,NaN,NaN,NaN,NaN,NaN,NaN,NaN,NaN,
1.662,0.00045,-0.03391,0.14010,-0.26218,-0.16152,-0.39526,0.86542,NaN,NaN,NaN,NaN,NaN,NaN,NaN,NaN,NaN,NaN,NaN,NaN,NaN,NaN,NaN,NaN,NaN,NaN,NaN,NaN,NaN,
1.687,0.00045,-0.03391,0.14010,-0.26218,-0.16151,-0.39526,0.86542,NaN,NaN,NaN,NaN,NaN,NaN,NaN,NaN,NaN,NaN,NaN,NaN,NaN,NaN,NaN,NaN,NaN,NaN,NaN,NaN,NaN,
1.712,0.00045,-0.03391,0.14010,-0.26218,-0.16150,-0.39526,0.86542,NaN,NaN,NaN,NaN,NaN,NaN,NaN,NaN,NaN,NaN,NaN,NaN,NaN,NaN,NaN,NaN,NaN,NaN,NaN,NaN,NaN,
1.737,0.00045,-0.03391,0.14010,-0.26217,-0.16151,-0.39527,0.86542,NaN,NaN,NaN,NaN,NaN,NaN,NaN,NaN,NaN,NaN,NaN,NaN,NaN,NaN,NaN,NaN,NaN,NaN,NaN,NaN,NaN,
1.762,0.00045,-0.03391,0.14010,-0.26215,-0.16152,-0.39528,0.86542,NaN,NaN,NaN,NaN,NaN,NaN,NaN,NaN,NaN,NaN,NaN,NaN,NaN,NaN,NaN,NaN,NaN,NaN,NaN,NaN,NaN,
1.787,0.00045,-0.03391,0.14010,-0.26216,-0.16151,-0.39528,0.86541,NaN,NaN,NaN,NaN,NaN,NaN,NaN,NaN,NaN,NaN,NaN,NaN,NaN,NaN,NaN,NaN,NaN,NaN,NaN,NaN,NaN,
1.812,0.00046,-0.03391,0.14010,-0.26216,-0.16150,-0.39529,0.86541,NaN,NaN,NaN,NaN,NaN,NaN,NaN,NaN,NaN,NaN,NaN,NaN,NaN,NaN,NaN,NaN,NaN,NaN,NaN,NaN,NaN,
1.837,0.00046,-0.03391,0.14010,-0.26216,-0.16150,-0.39529,0.86541,NaN,NaN,NaN,NaN,NaN,NaN,NaN,NaN,NaN,NaN,NaN,NaN,NaN,NaN,NaN,NaN,NaN,NaN,NaN,NaN,NaN,
1.863,0.00046,-0.03391,0.14011,-0.26214,-0.16149,-0.39531,0.86541,NaN,NaN,NaN,NaN,NaN,NaN,NaN,NaN,NaN,NaN,NaN,NaN,NaN,NaN,NaN,NaN,NaN,NaN,NaN,NaN,NaN,
1.888,0.00047,-0.03391,0.14012,-0.26213,-0.16148,-0.39533,0.86540,NaN,NaN,NaN,NaN,NaN,NaN,NaN,NaN,NaN,NaN,NaN,NaN,NaN,NaN,NaN,NaN,NaN,NaN,NaN,NaN,NaN,
1.912,0.00047,-0.03391,0.14013,-0.26211,-0.16148,-0.39535,0.86540,NaN,NaN,NaN,NaN,NaN,NaN,NaN,NaN,NaN,NaN,NaN,NaN,NaN,NaN,NaN,NaN,NaN,NaN,NaN,NaN,NaN,
1.937,0.00047,-0.03391,0.14013,-0.26211,-0.16148,-0.39535,0.86540,NaN,NaN,NaN,NaN,NaN,NaN,NaN,NaN,NaN,NaN,NaN,NaN,NaN,NaN,NaN,NaN,NaN,NaN,NaN,NaN,NaN,
1.962,0.00046,-0.03391,0.14013,-0.26210,-0.16149,-0.39535,0.86540,NaN,NaN,NaN,NaN,NaN,NaN,NaN,NaN,NaN,NaN,NaN,NaN,NaN,NaN,NaN,NaN,NaN,NaN,NaN,NaN,NaN,
1.987,0.00047,-0.03392,0.14014,-0.26209,-0.16146,-0.39539,0.86540,NaN,NaN,NaN,NaN,NaN,NaN,NaN,NaN,NaN,NaN,NaN,NaN,NaN,NaN,NaN,NaN,NaN,NaN,NaN,NaN,NaN,
2.012,0.00047,-0.03393,0.14013,-0.26209,-0.16146,-0.39539,0.86540,NaN,NaN,NaN,NaN,NaN,NaN,NaN,NaN,NaN,NaN,NaN,NaN,NaN,NaN,NaN,NaN,NaN,NaN,NaN,NaN,NaN,
2.037,0.00047,-0.03393,0.14013,-0.26209,-0.16146,-0.39538,0.86540,NaN,NaN,NaN,NaN,NaN,NaN,NaN,NaN,NaN,NaN,NaN,NaN,NaN,NaN,NaN,NaN,NaN,NaN,NaN,NaN,NaN,
2.062,0.00047,-0.03394,0.14012,-0.26211,-0.16146,-0.39537,0.86540,NaN,NaN,NaN,NaN,NaN,NaN,NaN,NaN,NaN,NaN,NaN,NaN,NaN,NaN,NaN,NaN,NaN,NaN,NaN,NaN,NaN,
2.088,0.00046,-0.03395,0.14011,-0.26212,-0.16148,-0.39534,0.86540,NaN,NaN,NaN,NaN,NaN,NaN,NaN,NaN,NaN,NaN,NaN,NaN,NaN,NaN,NaN,NaN,NaN,NaN,NaN,NaN,NaN,
2.112,0.00046,-0.03395,0.14011,-0.26212,-0.16148,-0.39534,0.86540,NaN,NaN,NaN,NaN,NaN,NaN,NaN,NaN,NaN,NaN,NaN,NaN,NaN,NaN,NaN,NaN,NaN,NaN,NaN,NaN,NaN,
2.138,0.00046,-0.03396,0.14010,-0.26214,-0.16148,-0.39533,0.86541,NaN,NaN,NaN,NaN,NaN,NaN,NaN,NaN,NaN,NaN,NaN,NaN,NaN,NaN,NaN,NaN,NaN,NaN,NaN,NaN,NaN,
2.162,0.00046,-0.03396,0.14010,-0.26214,-0.16148,-0.39533,0.86541,NaN,NaN,NaN,NaN,NaN,NaN,NaN,NaN,NaN,NaN,NaN,NaN,NaN,NaN,NaN,NaN,NaN,NaN,NaN,NaN,NaN,
2.188,0.00046,-0.03396,0.14010,-0.26214,-0.16146,-0.39533,0.86540,NaN,NaN,NaN,NaN,NaN,NaN,NaN,NaN,NaN,NaN,NaN,NaN,NaN,NaN,NaN,NaN,NaN,NaN,NaN,NaN,NaN,
2.212,0.00046,-0.03396,0.14009,-0.26213,-0.16149,-0.39532,0.86541,NaN,NaN,NaN,NaN,NaN,NaN,NaN,NaN,NaN,NaN,NaN,NaN,NaN,NaN,NaN,NaN,NaN,NaN,NaN,NaN,NaN,
2.238,0.00046,-0.03396,0.14009,-0.26214,-0.16149,-0.39532,0.86541,NaN,NaN,NaN,NaN,NaN,NaN,NaN,NaN,NaN,NaN,NaN,NaN,NaN,NaN,NaN,NaN,NaN,NaN,NaN,NaN,NaN,
2.262,0.00046,-0.03396,0.14009,-0.26214,-0.16149,-0.39532,0.86541,NaN,NaN,NaN,NaN,NaN,NaN,NaN,NaN,NaN,NaN,NaN,NaN,NaN,NaN,NaN,NaN,NaN,NaN,NaN,NaN,NaN,
2.288,0.00045,-0.03396,0.14009,-0.26214,-0.16150,-0.39530,0.86541,NaN,NaN,NaN,NaN,NaN,NaN,NaN,NaN,NaN,NaN,NaN,NaN,NaN,NaN,NaN,NaN,NaN,NaN,NaN,NaN,NaN,
2.312,0.00045,-0.03396,0.14008,-0.26215,-0.16152,-0.39528,0.86541,NaN,NaN,NaN,NaN,NaN,NaN,NaN,NaN,NaN,NaN,NaN,NaN,NaN,NaN,NaN,NaN,NaN,NaN,NaN,NaN,NaN,
2.337,0.00045,-0.03396,0.14008,-0.26215,-0.16152,-0.39528,0.86541,NaN,NaN,NaN,NaN,NaN,NaN,NaN,NaN,NaN,NaN,NaN,NaN,NaN,NaN,NaN,NaN,NaN,NaN,NaN,NaN,NaN,
2.362,0.00045,-0.03396,0.14008,-0.26217,-0.16150,-0.39528,0.86541,NaN,NaN,NaN,NaN,NaN,NaN,NaN,NaN,NaN,NaN,NaN,NaN,NaN,NaN,NaN,NaN,NaN,NaN,NaN,NaN,NaN,
2.387,0.00044,-0.03396,0.14007,-0.26216,-0.16153,-0.39526,0.86542,NaN,NaN,NaN,NaN,NaN,NaN,NaN,NaN,NaN,NaN,NaN,NaN,NaN,NaN,NaN,NaN,NaN,NaN,NaN,NaN,NaN,
2.412,0.00044,-0.03396,0.14006,-0.26218,-0.16154,-0.39524,0.86542,NaN,NaN,NaN,NaN,NaN,NaN,NaN,NaN,NaN,NaN,NaN,NaN,NaN,NaN,NaN,NaN,NaN,NaN,NaN,NaN,NaN,
2.437,0.00044,-0.03396,0.14006,-0.26219,-0.16154,-0.39522,0.86542,NaN,NaN,NaN,NaN,NaN,NaN,NaN,NaN,NaN,NaN,NaN,NaN,NaN,NaN,NaN,NaN,NaN,NaN,NaN,NaN,NaN,
2.462,0.00043,-0.03396,0.14004,-0.26222,-0.16155,-0.39519,0.86543,NaN,NaN,NaN,NaN,NaN,NaN,NaN,NaN,NaN,NaN,NaN,NaN,NaN,NaN,NaN,NaN,NaN,NaN,NaN,NaN,NaN,
2.487,0.00043,-0.03396,0.14004,-0.26222,-0.16155,-0.39519,0.86543,NaN,NaN,NaN,NaN,NaN,NaN,NaN,NaN,NaN,NaN,NaN,NaN,NaN,NaN,NaN,NaN,NaN,NaN,NaN,NaN,NaN,
2.512,0.00043,-0.03396,0.14005,-0.26222,-0.16154,-0.39520,0.86543,NaN,NaN,NaN,NaN,NaN,NaN,NaN,NaN,NaN,NaN,NaN,NaN,NaN,NaN,NaN,NaN,NaN,NaN,NaN,NaN,NaN,
2.538,0.00043,-0.03396,0.14005,-0.26220,-0.16154,-0.39521,0.86543,NaN,NaN,NaN,NaN,NaN,NaN,NaN,NaN,NaN,NaN,NaN,NaN,NaN,NaN,NaN,NaN,NaN,NaN,NaN,NaN,NaN,
2.562,0.00043,-0.03396,0.14005,-0.26220,-0.16154,-0.39521,0.86543,NaN,NaN,NaN,NaN,NaN,NaN,NaN,NaN,NaN,NaN,NaN,NaN,NaN,NaN,NaN,NaN,NaN,NaN,NaN,NaN,NaN,
2.587,0.00044,-0.03395,0.14006,-0.26219,-0.16153,-0.39523,0.86542,NaN,NaN,NaN,NaN,NaN,NaN,NaN,NaN,NaN,NaN,NaN,NaN,NaN,NaN,NaN,NaN,NaN,NaN,NaN,NaN,NaN,
2.612,0.00044,-0.03395,0.14007,-0.26217,-0.16152,-0.39526,0.86542,NaN,NaN,NaN,NaN,NaN,NaN,NaN,NaN,NaN,NaN,NaN,NaN,NaN,NaN,NaN,NaN,NaN,NaN,NaN,NaN,NaN,
2.638,0.00044,-0.03395,0.14008,-0.26215,-0.16151,-0.39529,0.86541,NaN,NaN,NaN,NaN,NaN,NaN,NaN,NaN,NaN,NaN,NaN,NaN,NaN,NaN,NaN,NaN,NaN,NaN,NaN,NaN,NaN,
2.662,0.00044,-0.03395,0.14008,-0.26215,-0.16151,-0.39529,0.86541,NaN,NaN,NaN,NaN,NaN,NaN,NaN,NaN,NaN,NaN,NaN,NaN,NaN,NaN,NaN,NaN,NaN,NaN,NaN,NaN,NaN,
2.687,0.00044,-0.03395,0.14009,-0.26215,-0.16151,-0.39529,0.86541,NaN,NaN,NaN,NaN,NaN,NaN,NaN,NaN,NaN,NaN,NaN,NaN,NaN,NaN,NaN,NaN,NaN,NaN,NaN,NaN,NaN,
2.712,0.00045,-0.03395,0.14010,-0.26215,-0.16149,-0.39531,0.86541,NaN,NaN,NaN,NaN,NaN,NaN,NaN,NaN,NaN,NaN,NaN,NaN,NaN,NaN,NaN,NaN,NaN,NaN,NaN,NaN,NaN,
2.738,0.00045,-0.03394,0.14009,-0.26215,-0.16150,-0.39530,0.86541,NaN,NaN,NaN,NaN,NaN,NaN,NaN,NaN,NaN,NaN,NaN,NaN,NaN,NaN,NaN,NaN,NaN,NaN,NaN,NaN,NaN,
2.762,0.00045,-0.03394,0.14009,-0.26215,-0.16150,-0.39530,0.86541,NaN,NaN,NaN,NaN,NaN,NaN,NaN,NaN,NaN,NaN,NaN,NaN,NaN,NaN,NaN,NaN,NaN,NaN,NaN,NaN,NaN,
2.788,0.00044,-0.03395,0.14008,-0.26218,-0.16150,-0.39527,0.86541,NaN,NaN,NaN,NaN,NaN,NaN,NaN,NaN,NaN,NaN,NaN,NaN,NaN,NaN,NaN,NaN,NaN,NaN,NaN,NaN,NaN,
2.813,0.00044,-0.03395,0.14008,-0.26221,-0.16150,-0.39524,0.86542,NaN,NaN,NaN,NaN,NaN,NaN,NaN,NaN,NaN,NaN,NaN,NaN,NaN,NaN,NaN,NaN,NaN,NaN,NaN,NaN,NaN,
2.838,0.00044,-0.03395,0.14007,-0.26222,-0.16150,-0.39523,0.86542,NaN,NaN,NaN,NaN,NaN,NaN,NaN,NaN,NaN,NaN,NaN,NaN,NaN,NaN,NaN,NaN,NaN,NaN,NaN,NaN,NaN,
2.862,0.00044,-0.03395,0.14007,-0.26222,-0.16150,-0.39523,0.86542,NaN,NaN,NaN,NaN,NaN,NaN,NaN,NaN,NaN,NaN,NaN,NaN,NaN,NaN,NaN,NaN,NaN,NaN,NaN,NaN,NaN,
2.888,0.00044,-0.03395,0.14007,-0.26222,-0.16150,-0.39523,0.86542,NaN,NaN,NaN,NaN,NaN,NaN,NaN,NaN,NaN,NaN,NaN,NaN,NaN,NaN,NaN,NaN,NaN,NaN,NaN,NaN,NaN,
2.912,0.00044,-0.03395,0.14007,-0.26223,-0.16148,-0.39524,0.86542,NaN,NaN,NaN,NaN,NaN,NaN,NaN,NaN,NaN,NaN,NaN,NaN,NaN,NaN,NaN,NaN,NaN,NaN,NaN,NaN,NaN,
2.938,0.00044,-0.03395,0.14008,-0.26221,-0.16148,-0.39525,0.86542,NaN,NaN,NaN,NaN,NaN,NaN,NaN,NaN,NaN,NaN,NaN,NaN,NaN,NaN,NaN,NaN,NaN,NaN,NaN,NaN,NaN,
2.963,0.00045,-0.03395,0.14009,-0.26219,-0.16148,-0.39528,0.86541,NaN,NaN,NaN,NaN,NaN,NaN,NaN,NaN,NaN,NaN,NaN,NaN,NaN,NaN,NaN,NaN,NaN,NaN,NaN,NaN,NaN,
2.988,0.00045,-0.03395,0.14009,-0.26218,-0.16146,-0.39530,0.86541,NaN,NaN,NaN,NaN,NaN,NaN,NaN,NaN,NaN,NaN,NaN,NaN,NaN,NaN,NaN,NaN,NaN,NaN,NaN,NaN,NaN,
3.012,0.00046,-0.03395,0.14010,-0.26215,-0.16146,-0.39533,0.86540,NaN,NaN,NaN,NaN,NaN,NaN,NaN,NaN,NaN,NaN,NaN,NaN,NaN,NaN,NaN,NaN,NaN,NaN,NaN,NaN,NaN,
3.038,0.00046,-0.03395,0.14011,-0.26214,-0.16147,-0.39534,0.86540,NaN,NaN,NaN,NaN,NaN,NaN,NaN,NaN,NaN,NaN,NaN,NaN,NaN,NaN,NaN,NaN,NaN,NaN,NaN,NaN,NaN,
3.062,0.00046,-0.03395,0.14011,-0.26214,-0.16147,-0.39534,0.86540,NaN,NaN,NaN,NaN,NaN,NaN,NaN,NaN,NaN,NaN,NaN,NaN,NaN,NaN,NaN,NaN,NaN,NaN,NaN,NaN,NaN,
3.088,0.00046,-0.03394,0.14012,-0.26211,-0.16147,-0.39536,0.86540,NaN,NaN,NaN,NaN,NaN,NaN,NaN,NaN,NaN,NaN,NaN,NaN,NaN,NaN,NaN,NaN,NaN,NaN,NaN,NaN,NaN,
3.112,0.00047,-0.03394,0.14013,-0.26210,-0.16146,-0.39538,0.86540,NaN,NaN,NaN,NaN,NaN,NaN,NaN,NaN,NaN,NaN,NaN,NaN,NaN,NaN,NaN,NaN,NaN,NaN,NaN,NaN,NaN,
3.138,0.00047,-0.03394,0.14013,-0.26209,-0.16145,-0.39539,0.86540,NaN,NaN,NaN,NaN,NaN,NaN,NaN,NaN,NaN,NaN,NaN,NaN,NaN,NaN,NaN,NaN,NaN,NaN,NaN,NaN,NaN,
3.162,0.00047,-0.03394,0.14013,-0.26207,-0.16146,-0.39540,0.86539,NaN,NaN,NaN,NaN,NaN,NaN,NaN,NaN,NaN,NaN,NaN,NaN,NaN,NaN,NaN,NaN,NaN,NaN,NaN,NaN,NaN,
3.188,0.00047,-0.03394,0.14013,-0.26208,-0.16146,-0.39539,0.86540,NaN,NaN,NaN,NaN,NaN,NaN,NaN,NaN,NaN,NaN,NaN,NaN,NaN,NaN,NaN,NaN,NaN,NaN,NaN,NaN,NaN,
3.212,0.00047,-0.03394,0.14013,-0.26208,-0.16146,-0.39539,0.86540,NaN,NaN,NaN,NaN,NaN,NaN,NaN,NaN,NaN,NaN,NaN,NaN,NaN,NaN,NaN,NaN,NaN,NaN,NaN,NaN,NaN,
3.237,0.00047,-0.03394,0.14013,-0.26208,-0.16147,-0.39539,0.86540,NaN,NaN,NaN,NaN,NaN,NaN,NaN,NaN,NaN,NaN,NaN,NaN,NaN,NaN,NaN,NaN,NaN,NaN,NaN,NaN,NaN,
3.262,0.00047,-0.03394,0.14012,-0.26209,-0.16147,-0.39537,0.86540,NaN,NaN,NaN,NaN,NaN,NaN,NaN,NaN,NaN,NaN,NaN,NaN,NaN,NaN,NaN,NaN,NaN,NaN,NaN,NaN,NaN,
3.288,0.00047,-0.03394,0.14012,-0.26211,-0.16147,-0.39536,0.86540,NaN,NaN,NaN,NaN,NaN,NaN,NaN,NaN,NaN,NaN,NaN,NaN,NaN,NaN,NaN,NaN,NaN,NaN,NaN,NaN,NaN,
3.312,0.00047,-0.03394,0.14011,-0.26212,-0.16147,-0.39534,0.86540,NaN,NaN,NaN,NaN,NaN,NaN,NaN,NaN,NaN,NaN,NaN,NaN,NaN,NaN,NaN,NaN,NaN,NaN,NaN,NaN,NaN,
3.338,0.00047,-0.03394,0.14011,-0.26215,-0.16148,-0.39531,0.86541,NaN,NaN,NaN,NaN,NaN,NaN,NaN,NaN,NaN,NaN,NaN,NaN,NaN,NaN,NaN,NaN,NaN,NaN,NaN,NaN,NaN,
3.362,0.00047,-0.03394,0.14011,-0.26215,-0.16148,-0.39531,0.86541,NaN,NaN,NaN,NaN,NaN,NaN,NaN,NaN,NaN,NaN,NaN,NaN,NaN,NaN,NaN,NaN,NaN,NaN,NaN,NaN,NaN,
3.388,0.00046,-0.03394,0.14009,-0.26218,-0.16149,-0.39528,0.86541,NaN,NaN,NaN,NaN,NaN,NaN,NaN,NaN,NaN,NaN,NaN,NaN,NaN,NaN,NaN,NaN,NaN,NaN,NaN,NaN,NaN,
3.412,0.00047,-0.03395,0.14009,-0.26219,-0.16150,-0.39526,0.86542,NaN,NaN,NaN,NaN,NaN,NaN,NaN,NaN,NaN,NaN,NaN,NaN,NaN,NaN,NaN,NaN,NaN,NaN,NaN,NaN,NaN,
3.438,0.00047,-0.03394,0.14010,-0.26219,-0.16149,-0.39527,0.86541,NaN,NaN,NaN,NaN,NaN,NaN,NaN,NaN,NaN,NaN,NaN,NaN,NaN,NaN,NaN,NaN,NaN,NaN,NaN,NaN,NaN,
3.462,0.00047,-0.03394,0.14010,-0.26219,-0.16149,-0.39527,0.86541,NaN,NaN,NaN,NaN,NaN,NaN,NaN,NaN,NaN,NaN,NaN,NaN,NaN,NaN,NaN,NaN,NaN,NaN,NaN,NaN,NaN,
3.488,0.00046,-0.03394,0.14009,-0.26220,-0.16150,-0.39525,0.86542,NaN,NaN,NaN,NaN,NaN,NaN,NaN,NaN,NaN,NaN,NaN,NaN,NaN,NaN,NaN,NaN,NaN,NaN,NaN,NaN,NaN,
3.512,0.00046,-0.03394,0.14009,-0.26219,-0.16152,-0.39524,0.86542,NaN,NaN,NaN,NaN,NaN,NaN,NaN,NaN,NaN,NaN,NaN,NaN,NaN,NaN,NaN,NaN,NaN,NaN,NaN,NaN,NaN,
3.538,0.00046,-0.03394,0.14009,-0.26219,-0.16152,-0.39523,0.86542,NaN,NaN,NaN,NaN,NaN,NaN,NaN,NaN,NaN,NaN,NaN,NaN,NaN,NaN,NaN,NaN,NaN,NaN,NaN,NaN,NaN,
3.562,0.00046,-0.03394,0.14009,-0.26219,-0.16152,-0.39523,0.86542,NaN,NaN,NaN,NaN,NaN,NaN,NaN,NaN,NaN,NaN,NaN,NaN,NaN,NaN,NaN,NaN,NaN,NaN,NaN,NaN,NaN,
3.588,0.00046,-0.03394,0.14009,-0.26220,-0.16153,-0.39523,0.86542,NaN,NaN,NaN,NaN,NaN,NaN,NaN,NaN,NaN,NaN,NaN,NaN,NaN,NaN,NaN,NaN,NaN,NaN,NaN,NaN,NaN,
3.612,0.00046,-0.03394,0.14009,-0.26219,-0.16151,-0.39525,0.86542,NaN,NaN,NaN,NaN,NaN,NaN,NaN,NaN,NaN,NaN,NaN,NaN,NaN,NaN,NaN,NaN,NaN,NaN,NaN,NaN,NaN,
3.637,0.00046,-0.03394,0.14009,-0.26219,-0.16151,-0.39525,0.86542,NaN,NaN,NaN,NaN,NaN,NaN,NaN,NaN,NaN,NaN,NaN,NaN,NaN,NaN,NaN,NaN,NaN,NaN,NaN,NaN,NaN,
3.662,0.00045,-0.03394,0.14009,-0.26217,-0.16153,-0.39525,0.86542,NaN,NaN,NaN,NaN,NaN,NaN,NaN,NaN,NaN,NaN,NaN,NaN,NaN,NaN,NaN,NaN,NaN,NaN,NaN,NaN,NaN,
3.688,0.00045,-0.03394,0.14009,-0.26217,-0.16154,-0.39524,0.86542,NaN,NaN,NaN,NaN,NaN,NaN,NaN,NaN,NaN,NaN,NaN,NaN,NaN,NaN,NaN,NaN,NaN,NaN,NaN,NaN,NaN,
3.713,0.00045,-0.03394,0.14009,-0.26218,-0.16154,-0.39524,0.86542,NaN,NaN,NaN,NaN,NaN,NaN,NaN,NaN,NaN,NaN,NaN,NaN,NaN,NaN,NaN,NaN,NaN,NaN,NaN,NaN,NaN,
3.737,0.00045,-0.03394,0.14009,-0.26218,-0.16154,-0.39524,0.86542,NaN,NaN,NaN,NaN,NaN,NaN,NaN,NaN,NaN,NaN,NaN,NaN,NaN,NaN,NaN,NaN,NaN,NaN,NaN,NaN,NaN,
3.762,0.00045,-0.03394,0.14008,-0.26218,-0.16155,-0.39523,0.86542,NaN,NaN,NaN,NaN,NaN,NaN,NaN,NaN,NaN,NaN,NaN,NaN,NaN,NaN,NaN,NaN,NaN,NaN,NaN,NaN,NaN,
3.787,0.00044,-0.03394,0.14008,-0.26220,-0.16154,-0.39521,0.86543,NaN,NaN,NaN,NaN,NaN,NaN,NaN,NaN,NaN,NaN,NaN,NaN,NaN,NaN,NaN,NaN,NaN,NaN,NaN,NaN,NaN,
3.812,0.00044,-0.03394,0.14008,-0.26220,-0.16153,-0.39522,0.86542,NaN,NaN,NaN,NaN,NaN,NaN,NaN,NaN,NaN,NaN,NaN,NaN,NaN,NaN,NaN,NaN,NaN,NaN,NaN,NaN,NaN,
3.838,0.00044,-0.03394,0.14008,-0.26220,-0.16152,-0.39523,0.86542,NaN,NaN,NaN,NaN,NaN,NaN,NaN,NaN,NaN,NaN,NaN,NaN,NaN,NaN,NaN,NaN,NaN,NaN,NaN,NaN,NaN,
3.862,0.00044,-0.03394,0.14008,-0.26220,-0.16152,-0.39523,0.86542,NaN,NaN,NaN,NaN,NaN,NaN,NaN,NaN,NaN,NaN,NaN,NaN,NaN,NaN,NaN,NaN,NaN,NaN,NaN,NaN,NaN,
3.888,0.00045,-0.03394,0.14008,-0.26221,-0.16151,-0.39523,0.86542,NaN,NaN,NaN,NaN,NaN,NaN,NaN,NaN,NaN,NaN,NaN,NaN,NaN,NaN,NaN,NaN,NaN,NaN,NaN,NaN,NaN,
3.913,0.00045,-0.03394,0.14009,-0.26221,-0.16151,-0.39524,0.86542,NaN,NaN,NaN,NaN,NaN,NaN,NaN,NaN,NaN,NaN,NaN,NaN,NaN,NaN,NaN,NaN,NaN,NaN,NaN,NaN,NaN,
3.938,0.00045,-0.03394,0.14009,-0.26222,-0.16149,-0.39524,0.86542,NaN,NaN,NaN,NaN,NaN,NaN,NaN,NaN,NaN,NaN,NaN,NaN,NaN,NaN,NaN,NaN,NaN,NaN,NaN,NaN,NaN,
3.962,0.00045,-0.03394,0.14009,-0.26222,-0.16149,-0.39524,0.86542,NaN,NaN,NaN,NaN,NaN,NaN,NaN,NaN,NaN,NaN,NaN,NaN,NaN,NaN,NaN,NaN,NaN,NaN,NaN,NaN,NaN,
3.987,0.00045,-0.03394,0.14009,-0.26221,-0.16149,-0.39525,0.86542,NaN,NaN,NaN,NaN,NaN,NaN,NaN,NaN,NaN,NaN,NaN,NaN,NaN,NaN,NaN,NaN,NaN,NaN,NaN,NaN,NaN,
4.013,0.00046,-0.03394,0.14010,-0.26220,-0.16146,-0.39528,0.86541,NaN,NaN,NaN,NaN,NaN,NaN,NaN,NaN,NaN,NaN,NaN,NaN,NaN,NaN,NaN,NaN,NaN,NaN,NaN,NaN,NaN,
4.038,0.00046,-0.03394,0.14010,-0.26220,-0.16147,-0.39527,0.86541,NaN,NaN,NaN,NaN,NaN,NaN,NaN,NaN,NaN,NaN,NaN,NaN,NaN,NaN,NaN,NaN,NaN,NaN,NaN,NaN,NaN,
4.062,0.00046,-0.03394,0.14010,-0.26220,-0.16147,-0.39527,0.86541,NaN,NaN,NaN,NaN,NaN,NaN,NaN,NaN,NaN,NaN,NaN,NaN,NaN,NaN,NaN,NaN,NaN,NaN,NaN,NaN,NaN,
4.088,0.00046,-0.03394,0.14010,-0.26221,-0.16147,-0.39527,0.86541,NaN,NaN,NaN,NaN,NaN,NaN,NaN,NaN,NaN,NaN,NaN,NaN,NaN,NaN,NaN,NaN,NaN,NaN,NaN,NaN,NaN,
4.112,0.00046,-0.03394,0.14010,-0.26221,-0.16147,-0.39527,0.86541,NaN,NaN,NaN,NaN,NaN,NaN,NaN,NaN,NaN,NaN,NaN,NaN,NaN,NaN,NaN,NaN,NaN,NaN,NaN,NaN,NaN,
4.138,0.00046,-0.03395,0.14008,-0.26223,-0.16148,-0.39524,0.86542,NaN,NaN,NaN,NaN,NaN,NaN,NaN,NaN,NaN,NaN,NaN,NaN,NaN,NaN,NaN,NaN,NaN,NaN,NaN,NaN,NaN,
4.162,0.00046,-0.03395,0.14008,-0.26225,-0.16147,-0.39523,0.86542,NaN,NaN,NaN,NaN,NaN,NaN,NaN,NaN,NaN,NaN,NaN,NaN,NaN,NaN,NaN,NaN,NaN,NaN,NaN,NaN,NaN,
4.188,0.00046,-0.03395,0.14007,-0.26226,-0.16146,-0.39522,0.86542,NaN,NaN,NaN,NaN,NaN,NaN,NaN,NaN,NaN,NaN,NaN,NaN,NaN,NaN,NaN,NaN,NaN,NaN,NaN,NaN,NaN,
4.212,0.00046,-0.03396,0.14007,-0.26229,-0.16145,-0.39520,0.86542,NaN,NaN,NaN,NaN,NaN,NaN,NaN,NaN,NaN,NaN,NaN,NaN,NaN,NaN,NaN,NaN,NaN,NaN,NaN,NaN,NaN,
4.237,0.00046,-0.03396,0.14007,-0.26229,-0.16145,-0.39520,0.86542,NaN,NaN,NaN,NaN,NaN,NaN,NaN,NaN,NaN,NaN,NaN,NaN,NaN,NaN,NaN,NaN,NaN,NaN,NaN,NaN,NaN,
4.262,0.00045,-0.03395,0.14006,-0.26228,-0.16148,-0.39519,0.86542,NaN,NaN,NaN,NaN,NaN,NaN,NaN,NaN,NaN,NaN,NaN,NaN,NaN,NaN,NaN,NaN,NaN,NaN,NaN,NaN,NaN,
4.288,0.00045,-0.03395,0.14006,-0.26228,-0.16148,-0.39519,0.86542,NaN,NaN,NaN,NaN,NaN,NaN,NaN,NaN,NaN,NaN,NaN,NaN,NaN,NaN,NaN,NaN,NaN,NaN,NaN,NaN,NaN,
4.312,0.00045,-0.03395,0.14006,-0.26228,-0.16148,-0.39519,0.86542,NaN,NaN,NaN,NaN,NaN,NaN,NaN,NaN,NaN,NaN,NaN,NaN,NaN,NaN,NaN,NaN,NaN,NaN,NaN,NaN,NaN,
4.338,0.00046,-0.03395,0.14007,-0.26228,-0.16147,-0.39520,0.86542,NaN,NaN,NaN,NaN,NaN,NaN,NaN,NaN,NaN,NaN,NaN,NaN,NaN,NaN,NaN,NaN,NaN,NaN,NaN,NaN,NaN,
4.362,0.00046,-0.03396,0.14007,-0.26229,-0.16146,-0.39520,0.86542,NaN,NaN,NaN,NaN,NaN,NaN,NaN,NaN,NaN,NaN,NaN,NaN,NaN,NaN,NaN,NaN,NaN,NaN,NaN,NaN,NaN,
4.388,0.00046,-0.03396,0.14007,-0.26230,-0.16145,-0.39520,0.86542,NaN,NaN,NaN,NaN,NaN,NaN,NaN,NaN,NaN,NaN,NaN,NaN,NaN,NaN,NaN,NaN,NaN,NaN,NaN,NaN,NaN,
4.412,0.00046,-0.03396,0.14007,-0.26230,-0.16145,-0.39520,0.86542,NaN,NaN,NaN,NaN,NaN,NaN,NaN,NaN,NaN,NaN,NaN,NaN,NaN,NaN,NaN,NaN,NaN,NaN,NaN,NaN,NaN,
4.437,0.00046,-0.03395,0.14007,-0.26229,-0.16146,-0.39520,0.86542,NaN,NaN,NaN,NaN,NaN,NaN,NaN,NaN,NaN,NaN,NaN,NaN,NaN,NaN,NaN,NaN,NaN,NaN,NaN,NaN,NaN,
4.463,0.00046,-0.03395,0.14007,-0.26226,-0.16150,-0.39519,0.86542,NaN,NaN,NaN,NaN,NaN,NaN,NaN,NaN,NaN,NaN,NaN,NaN,NaN,NaN,NaN,NaN,NaN,NaN,NaN,NaN,NaN,
4.488,0.00046,-0.03395,0.14007,-0.26226,-0.16150,-0.39520,0.86542,NaN,NaN,NaN,NaN,NaN,NaN,NaN,NaN,NaN,NaN,NaN,NaN,NaN,NaN,NaN,NaN,NaN,NaN,NaN,NaN,NaN,
4.512,0.00046,-0.03395,0.14007,-0.26227,-0.16148,-0.39520,0.86542,NaN,NaN,NaN,NaN,NaN,NaN,NaN,NaN,NaN,NaN,NaN,NaN,NaN,NaN,NaN,NaN,NaN,NaN,NaN,NaN,NaN,
4.538,0.00046,-0.03395,0.14007,-0.26227,-0.16148,-0.39519,0.86542,NaN,NaN,NaN,NaN,NaN,NaN,NaN,NaN,NaN,NaN,NaN,NaN,NaN,NaN,NaN,NaN,NaN,NaN,NaN,NaN,NaN,
4.562,0.00046,-0.03395,0.14007,-0.26227,-0.16148,-0.39519,0.86542,NaN,NaN,NaN,NaN,NaN,NaN,NaN,NaN,NaN,NaN,NaN,NaN,NaN,NaN,NaN,NaN,NaN,NaN,NaN,NaN,NaN,
4.588,0.00045,-0.03395,0.14006,-0.26230,-0.16150,-0.39515,0.86543,NaN,NaN,NaN,NaN,NaN,NaN,NaN,NaN,NaN,NaN,NaN,NaN,NaN,NaN,NaN,NaN,NaN,NaN,NaN,NaN,NaN,
4.613,0.00045,-0.03395,0.14006,-0.26230,-0.16152,-0.39514,0.86543,NaN,NaN,NaN,NaN,NaN,NaN,NaN,NaN,NaN,NaN,NaN,NaN,NaN,NaN,NaN,NaN,NaN,NaN,NaN,NaN,NaN,
4.638,0.00045,-0.03395,0.14006,-0.26230,-0.16151,-0.39515,0.86543,NaN,NaN,NaN,NaN,NaN,NaN,NaN,NaN,NaN,NaN,NaN,NaN,NaN,NaN,NaN,NaN,NaN,NaN,NaN,NaN,NaN,
4.662,0.00045,-0.03395,0.14006,-0.26229,-0.16151,-0.39515,0.86543,NaN,NaN,NaN,NaN,NaN,NaN,NaN,NaN,NaN,NaN,NaN,NaN,NaN,NaN,NaN,NaN,NaN,NaN,NaN,NaN,NaN,
4.688,0.00045,-0.03395,0.14005,-0.26229,-0.16152,-0.39515,0.86543,NaN,NaN,NaN,NaN,NaN,NaN,NaN,NaN,NaN,NaN,NaN,NaN,NaN,NaN,NaN,NaN,NaN,NaN,NaN,NaN,NaN,
4.712,0.00045,-0.03395,0.14005,-0.26229,-0.16152,-0.39515,0.86543,NaN,NaN,NaN,NaN,NaN,NaN,NaN,NaN,NaN,NaN,NaN,NaN,NaN,NaN,NaN,NaN,NaN,NaN,NaN,NaN,NaN,
4.738,0.00044,-0.03395,0.14005,-0.26230,-0.16154,-0.39512,0.86544,NaN,NaN,NaN,NaN,NaN,NaN,NaN,NaN,NaN,NaN,NaN,NaN,NaN,NaN,NaN,NaN,NaN,NaN,NaN,NaN,NaN,
4.763,0.00044,-0.03395,0.14005,-0.26231,-0.16153,-0.39512,0.86544,NaN,NaN,NaN,NaN,NaN,NaN,NaN,NaN,NaN,NaN,NaN,NaN,NaN,NaN,NaN,NaN,NaN,NaN,NaN,NaN,NaN,
4.788,0.00044,-0.03395,0.14005,-0.26230,-0.16153,-0.39513,0.86544,NaN,NaN,NaN,NaN,NaN,NaN,NaN,NaN,NaN,NaN,NaN,NaN,NaN,NaN,NaN,NaN,NaN,NaN,NaN,NaN,NaN,
4.812,0.00044,-0.03395,0.14006,-0.26229,-0.16154,-0.39514,0.86544,NaN,NaN,NaN,NaN,NaN,NaN,NaN,NaN,NaN,NaN,NaN,NaN,NaN,NaN,NaN,NaN,NaN,NaN,NaN,NaN,NaN,
4.838,0.00044,-0.03394,0.14006,-0.26226,-0.16155,-0.39515,0.86543,NaN,NaN,NaN,NaN,NaN,NaN,NaN,NaN,NaN,NaN,NaN,NaN,NaN,NaN,NaN,NaN,NaN,NaN,NaN,NaN,NaN,
4.862,0.00044,-0.03394,0.14006,-0.26226,-0.16155,-0.39515,0.86543,NaN,NaN,NaN,NaN,NaN,NaN,NaN,NaN,NaN,NaN,NaN,NaN,NaN,NaN,NaN,NaN,NaN,NaN,NaN,NaN,NaN,
4.888,0.00044,-0.03394,0.14006,-0.26222,-0.16155,-0.39519,0.86543,NaN,NaN,NaN,NaN,NaN,NaN,NaN,NaN,NaN,NaN,NaN,NaN,NaN,NaN,NaN,NaN,NaN,NaN,NaN,NaN,NaN,
4.912,0.00044,-0.03394,0.14007,-0.26221,-0.16154,-0.39521,0.86543,NaN,NaN,NaN,NaN,NaN,NaN,NaN,NaN,NaN,NaN,NaN,NaN,NaN,NaN,NaN,NaN,NaN,NaN,NaN,NaN,NaN,
4.938,0.00044,-0.03394,0.14008,-0.26221,-0.16152,-0.39523,0.86542,NaN,NaN,NaN,NaN,NaN,NaN,NaN,NaN,NaN,NaN,NaN,NaN,NaN,NaN,NaN,NaN,NaN,NaN,NaN,NaN,NaN,
4.962,0.00044,-0.03394,0.14009,-0.26220,-0.16151,-0.39524,0.86542,NaN,NaN,NaN,NaN,NaN,NaN,NaN,NaN,NaN,NaN,NaN,NaN,NaN,NaN,NaN,NaN,NaN,NaN,NaN,NaN,NaN,
4.988,0.00044,-0.03394,0.14010,-0.26220,-0.16150,-0.39525,0.86542,NaN,NaN,NaN,NaN,NaN,NaN,NaN,NaN,NaN,NaN,NaN,NaN,NaN,NaN,NaN,NaN,NaN,NaN,NaN,NaN,NaN,
5.012,0.00045,-0.03393,0.14010,-0.26218,-0.16150,-0.39527,0.86542,NaN,NaN,NaN,NaN,NaN,NaN,NaN,NaN,NaN,NaN,NaN,NaN,NaN,NaN,NaN,NaN,NaN,NaN,NaN,NaN,NaN,
5.038,0.00045,-0.03393,0.14011,-0.26216,-0.16150,-0.39528,0.86541,NaN,NaN,NaN,NaN,NaN,NaN,NaN,NaN,NaN,NaN,NaN,NaN,NaN,NaN,NaN,NaN,NaN,NaN,NaN,NaN,NaN,
5.062,0.00046,-0.03393,0.14012,-0.26216,-0.16149,-0.39530,0.86541,NaN,NaN,NaN,NaN,NaN,NaN,NaN,NaN,NaN,NaN,NaN,NaN,NaN,NaN,NaN,NaN,NaN,NaN,NaN,NaN,NaN,
5.087,0.00046,-0.03393,0.14012,-0.26216,-0.16149,-0.39530,0.86541,NaN,NaN,NaN,NaN,NaN,NaN,NaN,NaN,NaN,NaN,NaN,NaN,NaN,NaN,NaN,NaN,NaN,NaN,NaN,NaN,NaN,
5.113,0.00046,-0.03393,0.14010,-0.26218,-0.16150,-0.39527,0.86541,NaN,NaN,NaN,NaN,NaN,NaN,NaN,NaN,NaN,NaN,NaN,NaN,NaN,NaN,NaN,NaN,NaN,NaN,NaN,NaN,NaN,
5.138,0.00045,-0.03394,0.14009,-0.26221,-0.16150,-0.39524,0.86542,NaN,NaN,NaN,NaN,NaN,NaN,NaN,NaN,NaN,NaN,NaN,NaN,NaN,NaN,NaN,NaN,NaN,NaN,NaN,NaN,NaN,
5.162,0.00045,-0.03394,0.14009,-0.26221,-0.16150,-0.39524,0.86542,NaN,NaN,NaN,NaN,NaN,NaN,NaN,NaN,NaN,NaN,NaN,NaN,NaN,NaN,NaN,NaN,NaN,NaN,NaN,NaN,NaN,
5.188,0.00045,-0.03394,0.14008,-0.26225,-0.16152,-0.39518,0.86543,NaN,NaN,NaN,NaN,NaN,NaN,NaN,NaN,NaN,NaN,NaN,NaN,NaN,NaN,NaN,NaN,NaN,NaN,NaN,NaN,NaN,
5.212,0.00045,-0.03394,0.14008,-0.26225,-0.16152,-0.39518,0.86543,NaN,NaN,NaN,NaN,NaN,NaN,NaN,NaN,NaN,NaN,NaN,NaN,NaN,NaN,NaN,NaN,NaN,NaN,NaN,NaN,NaN,
5.238,0.00045,-0.03394,0.14008,-0.26226,-0.16150,-0.39519,0.86543,NaN,NaN,NaN,NaN,NaN,NaN,NaN,NaN,NaN,NaN,NaN,NaN,NaN,NaN,NaN,NaN,NaN,NaN,NaN,NaN,NaN,
5.262,0.00046,-0.03394,0.14009,-0.26226,-0.16148,-0.39521,0.86542,NaN,NaN,NaN,NaN,NaN,NaN,NaN,NaN,NaN,NaN,NaN,NaN,NaN,NaN,NaN,NaN,NaN,NaN,NaN,NaN,NaN,
5.288,0.00046,-0.03394,0.14009,-0.26226,-0.16147,-0.39521,0.86542,NaN,NaN,NaN,NaN,NaN,NaN,NaN,NaN,NaN,NaN,NaN,NaN,NaN,NaN,NaN,NaN,NaN,NaN,NaN,NaN,NaN,
5.312,0.00046,-0.03394,0.14009,-0.26226,-0.16147,-0.39521,0.86542,NaN,NaN,NaN,NaN,NaN,NaN,NaN,NaN,NaN,NaN,NaN,NaN,NaN,NaN,NaN,NaN,NaN,NaN,NaN,NaN,NaN,
5.338,0.00045,-0.03395,0.14009,-0.26224,-0.16148,-0.39522,0.86542,NaN,NaN,NaN,NaN,NaN,NaN,NaN,NaN,NaN,NaN,NaN,NaN,NaN,NaN,NaN,NaN,NaN,NaN,NaN,NaN,NaN,
5.362,0.00045,-0.03394,0.14009,-0.26222,-0.16148,-0.39524,0.86542,NaN,NaN,NaN,NaN,NaN,NaN,NaN,NaN,NaN,NaN,NaN,NaN,NaN,NaN,NaN,NaN,NaN,NaN,NaN,NaN,NaN,
5.388,0.00045,-0.03394,0.14010,-0.26219,-0.16148,-0.39527,0.86541,NaN,NaN,NaN,NaN,NaN,NaN,NaN,NaN,NaN,NaN,NaN,NaN,NaN,NaN,NaN,NaN,NaN,NaN,NaN,NaN,NaN,
5.412,0.00046,-0.03394,0.14012,-0.26217,-0.16146,-0.39531,0.86541,NaN,NaN,NaN,NaN,NaN,NaN,NaN,NaN,NaN,NaN,NaN,NaN,NaN,NaN,NaN,NaN,NaN,NaN,NaN,NaN,NaN,
5.438,0.00047,-0.03394,0.14013,-0.26217,-0.16143,-0.39534,0.86540,NaN,NaN,NaN,NaN,NaN,NaN,NaN,NaN,NaN,NaN,NaN,NaN,NaN,NaN,NaN,NaN,NaN,NaN,NaN,NaN,NaN,
5.462,0.00047,-0.03394,0.14014,-0.26214,-0.16144,-0.39535,0.86540,NaN,NaN,NaN,NaN,NaN,NaN,NaN,NaN,NaN,NaN,NaN,NaN,NaN,NaN,NaN,NaN,NaN,NaN,NaN,NaN,NaN,
5.487,0.00047,-0.03394,0.14014,-0.26214,-0.16144,-0.39535,0.86540,NaN,NaN,NaN,NaN,NaN,NaN,NaN,NaN,NaN,NaN,NaN,NaN,NaN,NaN,NaN,NaN,NaN,NaN,NaN,NaN,NaN,
5.512,0.00048,-0.03395,0.14014,-0.26213,-0.16143,-0.39537,0.86540,NaN,NaN,NaN,NaN,NaN,NaN,NaN,NaN,NaN,NaN,NaN,NaN,NaN,NaN,NaN,NaN,NaN,NaN,NaN,NaN,NaN,
5.538,0.00048,-0.03395,0.14014,-0.26214,-0.16142,-0.39537,0.86540,NaN,NaN,NaN,NaN,NaN,NaN,NaN,NaN,NaN,NaN,NaN,NaN,NaN,NaN,NaN,NaN,NaN,NaN,NaN,NaN,NaN,
5.562,0.00048,-0.03395,0.14014,-0.26214,-0.16142,-0.39537,0.86540,NaN,NaN,NaN,NaN,NaN,NaN,NaN,NaN,NaN,NaN,NaN,NaN,NaN,NaN,NaN,NaN,NaN,NaN,NaN,NaN,NaN,
5.587,0.00048,-0.03396,0.14014,-0.26215,-0.16141,-0.39537,0.86539,NaN,NaN,NaN,NaN,NaN,NaN,NaN,NaN,NaN,NaN,NaN,NaN,NaN,NaN,NaN,NaN,NaN,NaN,NaN,NaN,NaN,
5.612,0.00049,-0.03397,0.14015,-0.26218,-0.16136,-0.39538,0.86539,NaN,NaN,NaN,NaN,NaN,NaN,NaN,NaN,NaN,NaN,NaN,NaN,NaN,NaN,NaN,NaN,NaN,NaN,NaN,NaN,NaN,
5.638,0.00049,-0.03398,0.14014,-0.26220,-0.16135,-0.39537,0.86539,NaN,NaN,NaN,NaN,NaN,NaN,NaN,NaN,NaN,NaN,NaN,NaN,NaN,NaN,NaN,NaN,NaN,NaN,NaN,NaN,NaN,
5.663,0.00049,-0.03399,0.14013,-0.26222,-0.16136,-0.39534,0.86539,NaN,NaN,NaN,NaN,NaN,NaN,NaN,NaN,NaN,NaN,NaN,NaN,NaN,NaN,NaN,NaN,NaN,NaN,NaN,NaN,NaN,
5.687,0.00049,-0.03399,0.14013,-0.26222,-0.16136,-0.39534,0.86539,NaN,NaN,NaN,NaN,NaN,NaN,NaN,NaN,NaN,NaN,NaN,NaN,NaN,NaN,NaN,NaN,NaN,NaN,NaN,NaN,NaN,
5.713,0.00048,-0.03400,0.14011,-0.26222,-0.16139,-0.39532,0.86540,NaN,NaN,NaN,NaN,NaN,NaN,NaN,NaN,NaN,NaN,NaN,NaN,NaN,NaN,NaN,NaN,NaN,NaN,NaN,NaN,NaN,
5.738,0.00047,-0.03400,0.14010,-0.26222,-0.16140,-0.39531,0.86540,NaN,NaN,NaN,NaN,NaN,NaN,NaN,NaN,NaN,NaN,NaN,NaN,NaN,NaN,NaN,NaN,NaN,NaN,NaN,NaN,NaN,
5.762,0.00047,-0.03400,0.14010,-0.26222,-0.16140,-0.39531,0.86540,NaN,NaN,NaN,NaN,NaN,NaN,NaN,NaN,NaN,NaN,NaN,NaN,NaN,NaN,NaN,NaN,NaN,NaN,NaN,NaN,NaN,
5.788,0.00047,-0.03400,0.14010,-0.26222,-0.16140,-0.39530,0.86540,NaN,NaN,NaN,NaN,NaN,NaN,NaN,NaN,NaN,NaN,NaN,NaN,NaN,NaN,NaN,NaN,NaN,NaN,NaN,NaN,NaN,
5.813,0.00047,-0.03400,0.14009,-0.26224,-0.16142,-0.39527,0.86541,NaN,NaN,NaN,NaN,NaN,NaN,NaN,NaN,NaN,NaN,NaN,NaN,NaN,NaN,NaN,NaN,NaN,NaN,NaN,NaN,NaN,
5.837,0.00047,-0.03400,0.14009,-0.26224,-0.16142,-0.39527,0.86541,NaN,NaN,NaN,NaN,NaN,NaN,NaN,NaN,NaN,NaN,NaN,NaN,NaN,NaN,NaN,NaN,NaN,NaN,NaN,NaN,NaN,
5.863,0.00045,-0.03400,0.14006,-0.26225,-0.16149,-0.39521,0.86542,NaN,NaN,NaN,NaN,NaN,NaN,NaN,NaN,NaN,NaN,NaN,NaN,NaN,NaN,NaN,NaN,NaN,NaN,NaN,NaN,NaN,
5.888,0.00045,-0.03399,0.14006,-0.26224,-0.16150,-0.39521,0.86542,NaN,NaN,NaN,NaN,NaN,NaN,NaN,NaN,NaN,NaN,NaN,NaN,NaN,NaN,NaN,NaN,NaN,NaN,NaN,NaN,NaN,
5.913,0.00045,-0.03399,0.14005,-0.26225,-0.16151,-0.39519,0.86543,NaN,NaN,NaN,NaN,NaN,NaN,NaN,NaN,NaN,NaN,NaN,NaN,NaN,NaN,NaN,NaN,NaN,NaN,NaN,NaN,NaN,
5.937,0.00045,-0.03399,0.14005,-0.26225,-0.16151,-0.39519,0.86543,NaN,NaN,NaN,NaN,NaN,NaN,NaN,NaN,NaN,NaN,NaN,NaN,NaN,NaN,NaN,NaN,NaN,NaN,NaN,NaN,NaN,
5.963,0.00045,-0.03399,0.14004,-0.26228,-0.16151,-0.39517,0.86543,NaN,NaN,NaN,NaN,NaN,NaN,NaN,NaN,NaN,NaN,NaN,NaN,NaN,NaN,NaN,NaN,NaN,NaN,NaN,NaN,NaN,
5.987,0.00045,-0.03399,0.14004,-0.26228,-0.16151,-0.39517,0.86543,NaN,NaN,NaN,NaN,NaN,NaN,NaN,NaN,NaN,NaN,NaN,NaN,NaN,NaN,NaN,NaN,NaN,NaN,NaN,NaN,NaN,
6.012,0.00044,-0.03399,0.14003,-0.26231,-0.16152,-0.39512,0.86544,NaN,NaN,NaN,NaN,NaN,NaN,NaN,NaN,NaN,NaN,NaN,NaN,NaN,NaN,NaN,NaN,NaN,NaN,NaN,NaN,NaN,
6.038,0.00043,-0.03399,0.14002,-0.26232,-0.16155,-0.39510,0.86544,NaN,NaN,NaN,NaN,NaN,NaN,NaN,NaN,NaN,NaN,NaN,NaN,NaN,NaN,NaN,NaN,NaN,NaN,NaN,NaN,NaN,
6.062,0.00043,-0.03399,0.14002,-0.26230,-0.16156,-0.39510,0.86544,NaN,NaN,NaN,NaN,NaN,NaN,NaN,NaN,NaN,NaN,NaN,NaN,NaN,NaN,NaN,NaN,NaN,NaN,NaN,NaN,NaN,
6.087,0.00043,-0.03399,0.14002,-0.26230,-0.16156,-0.39510,0.86544,NaN,NaN,NaN,NaN,NaN,NaN,NaN,NaN,NaN,NaN,NaN,NaN,NaN,NaN,NaN,NaN,NaN,NaN,NaN,NaN,NaN,
6.112,-0.00031,-0.03398,0.13940,-0.26009,-0.16002,-0.39844,0.86487,NaN,NaN,NaN,NaN,NaN,NaN,NaN,NaN,NaN,NaN,NaN,NaN,NaN,NaN,NaN,NaN,NaN,NaN,NaN,NaN,NaN,
6.138,0.00191,-0.03383,0.13985,-0.27165,-0.14248,-0.40168,0.86288,NaN,NaN,NaN,NaN,NaN,NaN,NaN,NaN,NaN,NaN,NaN,NaN,NaN,NaN,NaN,NaN,NaN,NaN,NaN,NaN,NaN,
6.162,0.00191,-0.03383,0.13985,-0.27165,-0.14248,-0.40168,0.86288,NaN,NaN,NaN,NaN,NaN,NaN,NaN,NaN,NaN,NaN,NaN,NaN,NaN,NaN,NaN,NaN,NaN,NaN,NaN,NaN,NaN,
6.188,0.00172,-0.03342,0.13917,-0.27306,-0.14292,-0.40000,0.86314,NaN,NaN,NaN,NaN,NaN,NaN,NaN,NaN,NaN,NaN,NaN,NaN,NaN,NaN,NaN,NaN,NaN,NaN,NaN,NaN,NaN,
6.212,0.00175,-0.03320,0.13905,-0.27475,-0.14292,-0.39840,0.86334,NaN,NaN,NaN,NaN,NaN,NaN,NaN,NaN,NaN,NaN,NaN,NaN,NaN,NaN,NaN,NaN,NaN,NaN,NaN,NaN,NaN,
6.238,0.00173,-0.03307,0.13887,-0.27576,-0.14276,-0.39757,0.86343,NaN,NaN,NaN,NaN,NaN,NaN,NaN,NaN,NaN,NaN,NaN,NaN,NaN,NaN,NaN,NaN,NaN,NaN,NaN,NaN,NaN,
6.262,0.00173,-0.03307,0.13887,-0.27576,-0.14276,-0.39757,0.86343,NaN,NaN,NaN,NaN,NaN,NaN,NaN,NaN,NaN,NaN,NaN,NaN,NaN,NaN,NaN,NaN,NaN,NaN,NaN,NaN,NaN,
6.287,0.00169,-0.03293,0.13856,-0.27663,-0.14279,-0.39672,0.86354,NaN,NaN,NaN,NaN,NaN,NaN,NaN,NaN,NaN,NaN,NaN,NaN,NaN,NaN,NaN,NaN,NaN,NaN,NaN,NaN,NaN,
6.312,0.00170,-0.03250,0.13818,-0.27907,-0.14224,-0.39484,0.86371,NaN,NaN,NaN,NaN,NaN,NaN,NaN,NaN,NaN,NaN,NaN,NaN,NaN,NaN,NaN,NaN,NaN,NaN,NaN,NaN,NaN,
6.338,0.00185,-0.03229,0.13811,-0.28073,-0.14163,-0.39375,0.86377,NaN,NaN,NaN,NaN,NaN,NaN,NaN,NaN,NaN,NaN,NaN,NaN,NaN,NaN,NaN,NaN,NaN,NaN,NaN,NaN,NaN,
6.362,0.00185,-0.03229,0.13811,-0.28073,-0.14163,-0.39375,0.86377,NaN,NaN,NaN,NaN,NaN,NaN,NaN,NaN,NaN,NaN,NaN,NaN,NaN,NaN,NaN,NaN,NaN,NaN,NaN,NaN,NaN,
6.388,0.00187,-0.03193,0.13758,-0.28332,-0.14078,-0.39195,0.86388,NaN,NaN,NaN,NaN,NaN,NaN,NaN,NaN,NaN,NaN,NaN,NaN,NaN,NaN,NaN,NaN,NaN,NaN,NaN,NaN,NaN,
6.412,0.00187,-0.03193,0.13758,-0.28332,-0.14078,-0.39195,0.86388,NaN,NaN,NaN,NaN,NaN,NaN,NaN,NaN,NaN,NaN,NaN,NaN,NaN,NaN,NaN,NaN,NaN,NaN,NaN,NaN,NaN,
6.438,0.00197,-0.03159,0.13720,-0.28650,-0.13943,-0.38997,0.86394,NaN,NaN,NaN,NaN,NaN,NaN,NaN,NaN,NaN,NaN,NaN,NaN,NaN,NaN,NaN,NaN,NaN,NaN,NaN,NaN,NaN,
6.462,0.00200,-0.03137,0.13699,-0.28847,-0.13912,-0.38832,0.86408,NaN,NaN,NaN,NaN,NaN,NaN,NaN,NaN,NaN,NaN,NaN,NaN,NaN,NaN,NaN,NaN,NaN,NaN,NaN,NaN,NaN,
6.487,0.00200,-0.03137,0.13699,-0.28847,-0.13912,-0.38832,0.86408,NaN,NaN,NaN,NaN,NaN,NaN,NaN,NaN,NaN,NaN,NaN,NaN,NaN,NaN,NaN,NaN,NaN,NaN,NaN,NaN,NaN,
6.513,0.00208,-0.03095,0.13660,-0.29158,-0.13826,-0.38601,0.86421,NaN,NaN,NaN,NaN,NaN,NaN,NaN,NaN,NaN,NaN,NaN,NaN,NaN,NaN,NaN,NaN,NaN,NaN,NaN,NaN,NaN,
6.537,0.00208,-0.03095,0.13660,-0.29158,-0.13826,-0.38601,0.86421,NaN,NaN,NaN,NaN,NaN,NaN,NaN,NaN,NaN,NaN,NaN,NaN,NaN,NaN,NaN,NaN,NaN,NaN,NaN,NaN,NaN,
6.563,0.00204,-0.03052,0.13620,-0.29482,-0.13820,-0.38291,0.86450,NaN,NaN,NaN,NaN,NaN,NaN,NaN,NaN,NaN,NaN,NaN,NaN,NaN,NaN,NaN,NaN,NaN,NaN,NaN,NaN,NaN,
6.587,0.00204,-0.03052,0.13620,-0.29482,-0.13820,-0.38291,0.86450,NaN,NaN,NaN,NaN,NaN,NaN,NaN,NaN,NaN,NaN,NaN,NaN,NaN,NaN,NaN,NaN,NaN,NaN,NaN,NaN,NaN,
6.613,0.00205,-0.03054,0.13616,-0.29492,-0.13805,-0.38293,0.86448,NaN,NaN,NaN,NaN,NaN,NaN,NaN,NaN,NaN,NaN,NaN,NaN,NaN,NaN,NaN,NaN,NaN,NaN,NaN,NaN,NaN,
6.638,0.00203,-0.03051,0.13613,-0.29493,-0.13820,-0.38280,0.86451,NaN,NaN,NaN,NaN,NaN,NaN,NaN,NaN,NaN,NaN,NaN,NaN,NaN,NaN,NaN,NaN,NaN,NaN,NaN,NaN,NaN,
6.662,0.00203,-0.03051,0.13613,-0.29493,-0.13820,-0.38280,0.86451,NaN,NaN,NaN,NaN,NaN,NaN,NaN,NaN,NaN,NaN,NaN,NaN,NaN,NaN,NaN,NaN,NaN,NaN,NaN,NaN,NaN,
6.688,0.00196,-0.03048,0.13606,-0.29526,-0.13824,-0.38245,0.86455,NaN,NaN,NaN,NaN,NaN,NaN,NaN,NaN,NaN,NaN,NaN,NaN,NaN,NaN,NaN,NaN,NaN,NaN,NaN,NaN,NaN,
6.712,0.00196,-0.03048,0.13606,-0.29526,-0.13824,-0.38245,0.86455,NaN,NaN,NaN,NaN,NaN,NaN,NaN,NaN,NaN,NaN,NaN,NaN,NaN,NaN,NaN,NaN,NaN,NaN,NaN,NaN,NaN,
6.737,0.00211,-0.03030,0.13604,-0.29691,-0.13797,-0.38105,0.86464,NaN,NaN,NaN,NaN,NaN,NaN,NaN,NaN,NaN,NaN,NaN,NaN,NaN,NaN,NaN,NaN,NaN,NaN,NaN,NaN,NaN,
6.762,0.00194,-0.02982,0.13553,-0.29942,-0.13870,-0.37800,0.86500,NaN,NaN,NaN,NaN,NaN,NaN,NaN,NaN,NaN,NaN,NaN,NaN,NaN,NaN,NaN,NaN,NaN,NaN,NaN,NaN,NaN,
6.788,0.00197,-0.02963,0.13533,-0.30101,-0.13865,-0.37648,0.86512,NaN,NaN,NaN,NaN,NaN,NaN,NaN,NaN,NaN,NaN,NaN,NaN,NaN,NaN,NaN,NaN,NaN,NaN,NaN,NaN,NaN,
6.813,0.00205,-0.02944,0.13515,-0.30305,-0.13811,-0.37491,0.86518,NaN,NaN,NaN,NaN,NaN,NaN,NaN,NaN,NaN,NaN,NaN,NaN,NaN,NaN,NaN,NaN,NaN,NaN,NaN,NaN,NaN,
6.838,0.00192,-0.02925,0.13490,-0.30450,-0.13841,-0.37324,0.86534,NaN,NaN,NaN,NaN,NaN,NaN,NaN,NaN,NaN,NaN,NaN,NaN,NaN,NaN,NaN,NaN,NaN,NaN,NaN,NaN,NaN,
6.862,0.00192,-0.02925,0.13490,-0.30450,-0.13841,-0.37324,0.86534,NaN,NaN,NaN,NaN,NaN,NaN,NaN,NaN,NaN,NaN,NaN,NaN,NaN,NaN,NaN,NaN,NaN,NaN,NaN,NaN,NaN,
6.888,0.00193,-0.02887,0.13446,-0.30739,-0.13901,-0.36989,0.86566,NaN,NaN,NaN,NaN,NaN,NaN,NaN,NaN,NaN,NaN,NaN,NaN,NaN,NaN,NaN,NaN,NaN,NaN,NaN,NaN,NaN,
6.912,0.00193,-0.02887,0.13446,-0.30739,-0.13901,-0.36989,0.86566,NaN,NaN,NaN,NaN,NaN,NaN,NaN,NaN,NaN,NaN,NaN,NaN,NaN,NaN,NaN,NaN,NaN,NaN,NaN,NaN,NaN,
6.937,0.00199,-0.02868,0.13428,-0.30936,-0.13849,-0.36834,0.86570,NaN,NaN,NaN,NaN,NaN,NaN,NaN,NaN,NaN,NaN,NaN,NaN,NaN,NaN,NaN,NaN,NaN,NaN,NaN,NaN,NaN,
6.962,0.00188,-0.02827,0.13381,-0.31184,-0.13838,-0.36595,0.86584,NaN,NaN,NaN,NaN,NaN,NaN,NaN,NaN,NaN,NaN,NaN,NaN,NaN,NaN,NaN,NaN,NaN,NaN,NaN,NaN,NaN,
6.988,0.00201,-0.02806,0.13368,-0.31375,-0.13791,-0.36442,0.86587,NaN,NaN,NaN,NaN,NaN,NaN,NaN,NaN,NaN,NaN,NaN,NaN,NaN,NaN,NaN,NaN,NaN,NaN,NaN,NaN,NaN,
7.012,0.00193,-0.02791,0.13343,-0.31504,-0.13794,-0.36310,0.86596,NaN,NaN,NaN,NaN,NaN,NaN,NaN,NaN,NaN,NaN,NaN,NaN,NaN,NaN,NaN,NaN,NaN,NaN,NaN,NaN,NaN,
7.038,0.00198,-0.02771,0.13313,-0.31636,-0.13825,-0.36152,0.86609,NaN,NaN,NaN,NaN,NaN,NaN,NaN,NaN,NaN,NaN,NaN,NaN,NaN,NaN,NaN,NaN,NaN,NaN,NaN,NaN,NaN,
7.062,0.00198,-0.02771,0.13313,-0.31636,-0.13825,-0.36152,0.86609,NaN,NaN,NaN,NaN,NaN,NaN,NaN,NaN,NaN,NaN,NaN,NaN,NaN,NaN,NaN,NaN,NaN,NaN,NaN,NaN,NaN,
7.088,0.00197,-0.02734,0.13271,-0.32009,-0.13726,-0.35856,0.86610,NaN,NaN,NaN,NaN,NaN,NaN,NaN,NaN,NaN,NaN,NaN,NaN,NaN,NaN,NaN,NaN,NaN,NaN,NaN,NaN,NaN,
7.112,0.00197,-0.02718,0.13249,-0.32140,-0.13723,-0.35726,0.86616,NaN,NaN,NaN,NaN,NaN,NaN,NaN,NaN,NaN,NaN,NaN,NaN,NaN,NaN,NaN,NaN,NaN,NaN,NaN,NaN,NaN,
7.138,0.00187,-0.02700,0.13226,-0.32226,-0.13778,-0.35593,0.86630,NaN,NaN,NaN,NaN,NaN,NaN,NaN,NaN,NaN,NaN,NaN,NaN,NaN,NaN,NaN,NaN,NaN,NaN,NaN,NaN,NaN,
7.163,0.00167,-0.02665,0.13208,-0.32412,-0.13859,-0.35337,0.86653,NaN,NaN,NaN,NaN,NaN,NaN,NaN,NaN,NaN,NaN,NaN,NaN,NaN,NaN,NaN,NaN,NaN,NaN,NaN,NaN,NaN,
7.188,0.00124,-0.02670,0.13195,-0.32152,-0.14336,-0.35208,0.86724,NaN,NaN,NaN,NaN,NaN,NaN,NaN,NaN,NaN,NaN,NaN,NaN,NaN,NaN,NaN,NaN,NaN,NaN,NaN,NaN,NaN,
7.212,0.00102,-0.02662,0.13197,-0.32089,-0.14572,-0.35076,0.86762,NaN,NaN,NaN,NaN,NaN,NaN,NaN,NaN,NaN,NaN,NaN,NaN,NaN,NaN,NaN,NaN,NaN,NaN,NaN,NaN,NaN,
7.238,0.00103,-0.02657,0.13173,-0.32187,-0.14465,-0.35064,0.86748,NaN,NaN,NaN,NaN,NaN,NaN,NaN,NaN,NaN,NaN,NaN,NaN,NaN,NaN,NaN,NaN,NaN,NaN,NaN,NaN,NaN,
7.262,0.00103,-0.02657,0.13173,-0.32187,-0.14465,-0.35064,0.86748,NaN,NaN,NaN,NaN,NaN,NaN,NaN,NaN,NaN,NaN,NaN,NaN,NaN,NaN,NaN,NaN,NaN,NaN,NaN,NaN,NaN,
7.288,0.00117,-0.02675,0.13147,-0.32133,-0.14288,-0.35267,0.86715,NaN,NaN,NaN,NaN,NaN,NaN,NaN,NaN,NaN,NaN,NaN,NaN,NaN,NaN,NaN,NaN,NaN,NaN,NaN,NaN,NaN,
7.312,0.00104,-0.02685,0.13132,-0.32021,-0.14330,-0.35346,0.86718,NaN,NaN,NaN,NaN,NaN,NaN,NaN,NaN,NaN,NaN,NaN,NaN,NaN,NaN,NaN,NaN,NaN,NaN,NaN,NaN,NaN,
7.338,0.00112,-0.02696,0.13139,-0.31998,-0.14311,-0.35385,0.86713,NaN,NaN,NaN,NaN,NaN,NaN,NaN,NaN,NaN,NaN,NaN,NaN,NaN,NaN,NaN,NaN,NaN,NaN,NaN,NaN,NaN,
7.362,0.00112,-0.02696,0.13139,-0.31998,-0.14311,-0.35385,0.86713,NaN,NaN,NaN,NaN,NaN,NaN,NaN,NaN,NaN,NaN,NaN,NaN,NaN,NaN,NaN,NaN,NaN,NaN,NaN,NaN,NaN,
7.388,0.00115,-0.02702,0.13130,-0.31814,-0.14373,-0.35522,0.86715,NaN,NaN,NaN,NaN,NaN,NaN,NaN,NaN,NaN,NaN,NaN,NaN,NaN,NaN,NaN,NaN,NaN,NaN,NaN,NaN,NaN,
7.412,0.00098,-0.02706,0.13112,-0.31689,-0.14442,-0.35591,0.86721,NaN,NaN,NaN,NaN,NaN,NaN,NaN,NaN,NaN,NaN,NaN,NaN,NaN,NaN,NaN,NaN,NaN,NaN,NaN,NaN,NaN,
7.438,0.00100,-0.02719,0.13097,-0.31664,-0.14400,-0.35651,0.86712,NaN,NaN,NaN,NaN,NaN,NaN,NaN,NaN,NaN,NaN,NaN,NaN,NaN,NaN,NaN,NaN,NaN,NaN,NaN,NaN,NaN,
7.462,0.00100,-0.02719,0.13097,-0.31664,-0.14400,-0.35651,0.86712,NaN,NaN,NaN,NaN,NaN,NaN,NaN,NaN,NaN,NaN,NaN,NaN,NaN,NaN,NaN,NaN,NaN,NaN,NaN,NaN,NaN,
7.487,0.00091,-0.02740,0.13076,-0.31545,-0.14405,-0.35767,0.86707,NaN,NaN,NaN,NaN,NaN,NaN,NaN,NaN,NaN,NaN,NaN,NaN,NaN,NaN,NaN,NaN,NaN,NaN,NaN,NaN,NaN,
7.512,0.00109,-0.02748,0.13097,-0.31505,-0.14302,-0.35892,0.86687,NaN,NaN,NaN,NaN,NaN,NaN,NaN,NaN,NaN,NaN,NaN,NaN,NaN,NaN,NaN,NaN,NaN,NaN,NaN,NaN,NaN,
7.538,0.00086,-0.02778,0.13093,-0.31279,-0.14283,-0.36135,0.86671,NaN,NaN,NaN,NaN,NaN,NaN,NaN,NaN,NaN,NaN,NaN,NaN,NaN,NaN,NaN,NaN,NaN,NaN,NaN,NaN,NaN,
7.562,0.00103,-0.02787,0.13088,-0.31200,-0.14298,-0.36203,0.86669,NaN,NaN,NaN,NaN,NaN,NaN,NaN,NaN,NaN,NaN,NaN,NaN,NaN,NaN,NaN,NaN,NaN,NaN,NaN,NaN,NaN,
7.588,0.00113,-0.02806,0.13079,-0.31097,-0.14225,-0.36365,0.86650,NaN,NaN,NaN,NaN,NaN,NaN,NaN,NaN,NaN,NaN,NaN,NaN,NaN,NaN,NaN,NaN,NaN,NaN,NaN,NaN,NaN,
7.612,0.00113,-0.02813,0.13080,-0.31047,-0.14178,-0.36455,0.86638,NaN,NaN,NaN,NaN,NaN,NaN,NaN,NaN,NaN,NaN,NaN,NaN,NaN,NaN,NaN,NaN,NaN,NaN,NaN,NaN,NaN,
7.638,0.00123,-0.02822,0.13070,-0.30924,-0.14221,-0.36541,0.86638,NaN,NaN,NaN,NaN,NaN,NaN,NaN,NaN,NaN,NaN,NaN,NaN,NaN,NaN,NaN,NaN,NaN,NaN,NaN,NaN,NaN,
7.663,0.00101,-0.02832,0.13049,-0.30786,-0.14303,-0.36613,0.86644,NaN,NaN,NaN,NaN,NaN,NaN,NaN,NaN,NaN,NaN,NaN,NaN,NaN,NaN,NaN,NaN,NaN,NaN,NaN,NaN,NaN,
7.688,0.00106,-0.02841,0.13052,-0.30717,-0.14282,-0.36698,0.86635,NaN,NaN,NaN,NaN,NaN,NaN,NaN,NaN,NaN,NaN,NaN,NaN,NaN,NaN,NaN,NaN,NaN,NaN,NaN,NaN,NaN,
7.712,0.00105,-0.02857,0.13044,-0.30610,-0.14313,-0.36780,0.86634,NaN,NaN,NaN,NaN,NaN,NaN,NaN,NaN,NaN,NaN,NaN,NaN,NaN,NaN,NaN,NaN,NaN,NaN,NaN,NaN,NaN,
7.738,0.00112,-0.02867,0.13053,-0.30451,-0.14356,-0.36903,0.86630,NaN,NaN,NaN,NaN,NaN,NaN,NaN,NaN,NaN,NaN,NaN,NaN,NaN,NaN,NaN,NaN,NaN,NaN,NaN,NaN,NaN,
7.762,0.00112,-0.02867,0.13053,-0.30451,-0.14356,-0.36903,0.86630,NaN,NaN,NaN,NaN,NaN,NaN,NaN,NaN,NaN,NaN,NaN,NaN,NaN,NaN,NaN,NaN,NaN,NaN,NaN,NaN,NaN,
7.787,0.00088,-0.02881,0.13032,-0.30320,-0.14409,-0.36989,0.86631,NaN,NaN,NaN,NaN,NaN,NaN,NaN,NaN,NaN,NaN,NaN,NaN,NaN,NaN,NaN,NaN,NaN,NaN,NaN,NaN,NaN,
7.813,0.00108,-0.02914,0.13028,-0.30200,-0.14239,-0.37248,0.86590,NaN,NaN,NaN,NaN,NaN,NaN,NaN,NaN,NaN,NaN,NaN,NaN,NaN,NaN,NaN,NaN,NaN,NaN,NaN,NaN,NaN,
7.838,0.00111,-0.02924,0.13022,-0.30084,-0.14250,-0.37352,0.86583,NaN,NaN,NaN,NaN,NaN,NaN,NaN,NaN,NaN,NaN,NaN,NaN,NaN,NaN,NaN,NaN,NaN,NaN,NaN,NaN,NaN,
7.862,0.00101,-0.02927,0.13018,-0.30021,-0.14280,-0.37390,0.86584,NaN,NaN,NaN,NaN,NaN,NaN,NaN,NaN,NaN,NaN,NaN,NaN,NaN,NaN,NaN,NaN,NaN,NaN,NaN,NaN,NaN,
7.888,0.00096,-0.02923,0.13016,-0.30041,-0.14290,-0.37362,0.86588,NaN,NaN,NaN,NaN,NaN,NaN,NaN,NaN,NaN,NaN,NaN,NaN,NaN,NaN,NaN,NaN,NaN,NaN,NaN,NaN,NaN,
7.912,0.00096,-0.02923,0.13016,-0.30041,-0.14290,-0.37362,0.86588,NaN,NaN,NaN,NaN,NaN,NaN,NaN,NaN,NaN,NaN,NaN,NaN,NaN,NaN,NaN,NaN,NaN,NaN,NaN,NaN,NaN,
7.938,0.00102,-0.02925,0.13020,-0.30031,-0.14279,-0.37381,0.86585,NaN,NaN,NaN,NaN,NaN,NaN,NaN,NaN,NaN,NaN,NaN,NaN,NaN,NaN,NaN,NaN,NaN,NaN,NaN,NaN,NaN,
7.963,0.00098,-0.02924,0.13017,-0.30033,-0.14296,-0.37366,0.86588,NaN,NaN,NaN,NaN,NaN,NaN,NaN,NaN,NaN,NaN,NaN,NaN,NaN,NaN,NaN,NaN,NaN,NaN,NaN,NaN,NaN,
7.988,0.00100,-0.02927,0.13021,-0.30039,-0.14279,-0.37373,0.86585,NaN,NaN,NaN,NaN,NaN,NaN,NaN,NaN,NaN,NaN,NaN,NaN,NaN,NaN,NaN,NaN,NaN,NaN,NaN,NaN,NaN,
8.012,0.00101,-0.02927,0.13022,-0.30035,-0.14270,-0.37384,0.86583,NaN,NaN,NaN,NaN,NaN,NaN,NaN,NaN,NaN,NaN,NaN,NaN,NaN,NaN,NaN,NaN,NaN,NaN,NaN,NaN,NaN,
8.037,0.00101,-0.02927,0.13022,-0.30035,-0.14270,-0.37384,0.86583,NaN,NaN,NaN,NaN,NaN,NaN,NaN,NaN,NaN,NaN,NaN,NaN,NaN,NaN,NaN,NaN,NaN,NaN,NaN,NaN,NaN,
8.062,0.00101,-0.02925,0.13021,-0.30052,-0.14269,-0.37368,0.86584,NaN,NaN,NaN,NaN,NaN,NaN,NaN,NaN,NaN,NaN,NaN,NaN,NaN,NaN,NaN,NaN,NaN,NaN,NaN,NaN,NaN,
8.088,0.00100,-0.02925,0.13020,-0.30037,-0.14281,-0.37374,0.86585,NaN,NaN,NaN,NaN,NaN,NaN,NaN,NaN,NaN,NaN,NaN,NaN,NaN,NaN,NaN,NaN,NaN,NaN,NaN,NaN,NaN,
8.113,0.00100,-0.02926,0.13020,-0.30041,-0.14279,-0.37371,0.86585,NaN,NaN,NaN,NaN,NaN,NaN,NaN,NaN,NaN,NaN,NaN,NaN,NaN,NaN,NaN,NaN,NaN,NaN,NaN,NaN,NaN,
8.138,0.00101,-0.02926,0.13020,-0.30042,-0.14279,-0.37371,0.86585,NaN,NaN,NaN,NaN,NaN,NaN,NaN,NaN,NaN,NaN,NaN,NaN,NaN,NaN,NaN,NaN,NaN,NaN,NaN,NaN,NaN,
8.162,0.00100,-0.02926,0.13020,-0.30041,-0.14281,-0.37369,0.86586,NaN,NaN,NaN,NaN,NaN,NaN,NaN,NaN,NaN,NaN,NaN,NaN,NaN,NaN,NaN,NaN,NaN,NaN,NaN,NaN,NaN,
8.188,0.00100,-0.02926,0.13019,-0.30045,-0.14280,-0.37367,0.86586,NaN,NaN,NaN,NaN,NaN,NaN,NaN,NaN,NaN,NaN,NaN,NaN,NaN,NaN,NaN,NaN,NaN,NaN,NaN,NaN,NaN,
8.212,0.00100,-0.02926,0.13019,-0.30047,-0.14280,-0.37365,0.86586,NaN,NaN,NaN,NaN,NaN,NaN,NaN,NaN,NaN,NaN,NaN,NaN,NaN,NaN,NaN,NaN,NaN,NaN,NaN,NaN,NaN,
8.237,0.00100,-0.02926,0.13019,-0.30047,-0.14280,-0.37365,0.86586,NaN,NaN,NaN,NaN,NaN,NaN,NaN,NaN,NaN,NaN,NaN,NaN,NaN,NaN,NaN,NaN,NaN,NaN,NaN,NaN,NaN,
8.262,0.00100,-0.02926,0.13019,-0.30052,-0.14282,-0.37358,0.86587,NaN,NaN,NaN,NaN,NaN,NaN,NaN,NaN,NaN,NaN,NaN,NaN,NaN,NaN,NaN,NaN,NaN,NaN,NaN,NaN,NaN,
8.288,0.00089,-0.02915,0.12997,-0.30155,-0.14347,-0.37203,0.86607,NaN,NaN,NaN,NaN,NaN,NaN,NaN,NaN,NaN,NaN,NaN,NaN,NaN,NaN,NaN,NaN,NaN,NaN,NaN,NaN,NaN,
8.312,0.00089,-0.02915,0.12997,-0.30155,-0.14347,-0.37203,0.86607,NaN,NaN,NaN,NaN,NaN,NaN,NaN,NaN,NaN,NaN,NaN,NaN,NaN,NaN,NaN,NaN,NaN,NaN,NaN,NaN,NaN,
8.338,0.00087,-0.02867,0.12962,-0.30465,-0.14462,-0.36802,0.86651,NaN,NaN,NaN,NaN,NaN,NaN,NaN,NaN,NaN,NaN,NaN,NaN,NaN,NaN,NaN,NaN,NaN,NaN,NaN,NaN,NaN,
8.362,0.00070,-0.02851,0.12928,-0.30531,-0.14591,-0.36631,0.86678,NaN,NaN,NaN,NaN,NaN,NaN,NaN,NaN,NaN,NaN,NaN,NaN,NaN,NaN,NaN,NaN,NaN,NaN,NaN,NaN,NaN,
8.388,0.00074,-0.02831,0.12919,-0.30746,-0.14538,-0.36459,0.86683,NaN,NaN,NaN,NaN,NaN,NaN,NaN,NaN,NaN,NaN,NaN,NaN,NaN,NaN,NaN,NaN,NaN,NaN,NaN,NaN,NaN,
8.412,0.00074,-0.02831,0.12919,-0.30746,-0.14538,-0.36459,0.86683,NaN,NaN,NaN,NaN,NaN,NaN,NaN,NaN,NaN,NaN,NaN,NaN,NaN,NaN,NaN,NaN,NaN,NaN,NaN,NaN,NaN,
8.438,0.00077,-0.02779,0.12877,-0.31092,-0.14513,-0.36134,0.86701,NaN,NaN,NaN,NaN,NaN,NaN,NaN,NaN,NaN,NaN,NaN,NaN,NaN,NaN,NaN,NaN,NaN,NaN,NaN,NaN,NaN,
8.462,0.00072,-0.02761,0.12857,-0.31240,-0.14528,-0.35973,0.86712,NaN,NaN,NaN,NaN,NaN,NaN,NaN,NaN,NaN,NaN,NaN,NaN,NaN,NaN,NaN,NaN,NaN,NaN,NaN,NaN,NaN,
8.488,0.00082,-0.02737,0.12845,-0.31405,-0.14507,-0.35824,0.86717,NaN,NaN,NaN,NaN,NaN,NaN,NaN,NaN,NaN,NaN,NaN,NaN,NaN,NaN,NaN,NaN,NaN,NaN,NaN,NaN,NaN,
8.512,0.00074,-0.02714,0.12819,-0.31540,-0.14546,-0.35655,0.86731,NaN,NaN,NaN,NaN,NaN,NaN,NaN,NaN,NaN,NaN,NaN,NaN,NaN,NaN,NaN,NaN,NaN,NaN,NaN,NaN,NaN,
8.538,0.00068,-0.02699,0.12788,-0.31668,-0.14593,-0.35487,0.86746,NaN,NaN,NaN,NaN,NaN,NaN,NaN,NaN,NaN,NaN,NaN,NaN,NaN,NaN,NaN,NaN,NaN,NaN,NaN,NaN,NaN,
8.562,0.00068,-0.02699,0.12788,-0.31668,-0.14593,-0.35487,0.86746,NaN,NaN,NaN,NaN,NaN,NaN,NaN,NaN,NaN,NaN,NaN,NaN,NaN,NaN,NaN,NaN,NaN,NaN,NaN,NaN,NaN,
8.588,0.00065,-0.02655,0.12757,-0.32023,-0.14584,-0.35133,0.86761,NaN,NaN,NaN,NaN,NaN,NaN,NaN,NaN,NaN,NaN,NaN,NaN,NaN,NaN,NaN,NaN,NaN,NaN,NaN,NaN,NaN,
8.612,0.00062,-0.02639,0.12731,-0.32136,-0.14615,-0.34992,0.86771,NaN,NaN,NaN,NaN,NaN,NaN,NaN,NaN,NaN,NaN,NaN,NaN,NaN,NaN,NaN,NaN,NaN,NaN,NaN,NaN,NaN,
8.638,0.00067,-0.02622,0.12717,-0.32284,-0.14594,-0.34859,0.86774,NaN,NaN,NaN,NaN,NaN,NaN,NaN,NaN,NaN,NaN,NaN,NaN,NaN,NaN,NaN,NaN,NaN,NaN,NaN,NaN,NaN,
8.663,0.00062,-0.02602,0.12687,-0.32407,-0.14660,-0.34678,0.86789,NaN,NaN,NaN,NaN,NaN,NaN,NaN,NaN,NaN,NaN,NaN,NaN,NaN,NaN,NaN,NaN,NaN,NaN,NaN,NaN,NaN,
8.688,0.00050,-0.02588,0.12666,-0.32498,-0.14742,-0.34515,0.86806,NaN,NaN,NaN,NaN,NaN,NaN,NaN,NaN,NaN,NaN,NaN,NaN,NaN,NaN,NaN,NaN,NaN,NaN,NaN,NaN,NaN,
8.712,0.00050,-0.02588,0.12666,-0.32498,-0.14742,-0.34515,0.86806,NaN,NaN,NaN,NaN,NaN,NaN,NaN,NaN,NaN,NaN,NaN,NaN,NaN,NaN,NaN,NaN,NaN,NaN,NaN,NaN,NaN,
8.738,0.00051,-0.02563,0.12638,-0.32651,-0.14808,-0.34303,0.86821,NaN,NaN,NaN,NaN,NaN,NaN,NaN,NaN,NaN,NaN,NaN,NaN,NaN,NaN,NaN,NaN,NaN,NaN,NaN,NaN,NaN,
8.762,0.00051,-0.02563,0.12638,-0.32651,-0.14808,-0.34303,0.86821,NaN,NaN,NaN,NaN,NaN,NaN,NaN,NaN,NaN,NaN,NaN,NaN,NaN,NaN,NaN,NaN,NaN,NaN,NaN,NaN,NaN,
8.787,0.00056,-0.02564,0.12643,-0.32652,-0.14791,-0.34316,0.86819,NaN,NaN,NaN,NaN,NaN,NaN,NaN,NaN,NaN,NaN,NaN,NaN,NaN,NaN,NaN,NaN,NaN,NaN,NaN,NaN,NaN,
8.812,0.00054,-0.02569,0.12641,-0.32659,-0.14792,-0.34308,0.86819,NaN,NaN,NaN,NaN,NaN,NaN,NaN,NaN,NaN,NaN,NaN,NaN,NaN,NaN,NaN,NaN,NaN,NaN,NaN,NaN,NaN,
8.838,0.00055,-0.02567,0.12641,-0.32666,-0.14788,-0.34304,0.86819,NaN,NaN,NaN,NaN,NaN,NaN,NaN,NaN,NaN,NaN,NaN,NaN,NaN,NaN,NaN,NaN,NaN,NaN,NaN,NaN,NaN,
8.862,0.00055,-0.02567,0.12641,-0.32666,-0.14788,-0.34304,0.86819,NaN,NaN,NaN,NaN,NaN,NaN,NaN,NaN,NaN,NaN,NaN,NaN,NaN,NaN,NaN,NaN,NaN,NaN,NaN,NaN,NaN,
8.888,0.00056,-0.02564,0.12643,-0.32657,-0.14791,-0.34310,0.86819,NaN,NaN,NaN,NaN,NaN,NaN,NaN,NaN,NaN,NaN,NaN,NaN,NaN,NaN,NaN,NaN,NaN,NaN,NaN,NaN,NaN,
8.912,0.00056,-0.02564,0.12643,-0.32657,-0.14791,-0.34310,0.86819,NaN,NaN,NaN,NaN,NaN,NaN,NaN,NaN,NaN,NaN,NaN,NaN,NaN,NaN,NaN,NaN,NaN,NaN,NaN,NaN,NaN,
8.938,0.00045,-0.02560,0.12646,-0.32620,-0.14903,-0.34255,0.86836,NaN,NaN,NaN,NaN,NaN,NaN,NaN,NaN,NaN,NaN,NaN,NaN,NaN,NaN,NaN,NaN,NaN,NaN,NaN,NaN,NaN,
8.962,0.00045,-0.02560,0.12646,-0.32620,-0.14903,-0.34255,0.86836,NaN,NaN,NaN,NaN,NaN,NaN,NaN,NaN,NaN,NaN,NaN,NaN,NaN,NaN,NaN,NaN,NaN,NaN,NaN,NaN,NaN,
8.988,-0.00004,-0.02566,0.12651,-0.32307,-0.15903,-0.33731,0.86980,NaN,NaN,NaN,NaN,NaN,NaN,NaN,NaN,NaN,NaN,NaN,NaN,NaN,NaN,NaN,NaN,NaN,NaN,NaN,NaN,NaN,
9.012,-0.00004,-0.02566,0.12651,-0.32307,-0.15903,-0.33731,0.86980,NaN,NaN,NaN,NaN,NaN,NaN,NaN,NaN,NaN,NaN,NaN,NaN,NaN,NaN,NaN,NaN,NaN,NaN,NaN,NaN,NaN,
9.038,-0.00066,-0.02553,0.12641,-0.32081,-0.16703,-0.33280,0.87088,NaN,NaN,NaN,NaN,NaN,NaN,NaN,NaN,NaN,NaN,NaN,NaN,NaN,NaN,NaN,NaN,NaN,NaN,NaN,NaN,NaN,
9.062,-0.00064,-0.02552,0.12646,-0.32086,-0.16699,-0.33278,0.87087,NaN,NaN,NaN,NaN,NaN,NaN,NaN,NaN,NaN,NaN,NaN,NaN,NaN,NaN,NaN,NaN,NaN,NaN,NaN,NaN,NaN,
9.088,-0.00064,-0.02551,0.12646,-0.32070,-0.16716,-0.33280,0.87089,NaN,NaN,NaN,NaN,NaN,NaN,NaN,NaN,NaN,NaN,NaN,NaN,NaN,NaN,NaN,NaN,NaN,NaN,NaN,NaN,NaN,
9.112,-0.00063,-0.02551,0.12648,-0.32076,-0.16708,-0.33281,0.87088,NaN,NaN,NaN,NaN,NaN,NaN,NaN,NaN,NaN,NaN,NaN,NaN,NaN,NaN,NaN,NaN,NaN,NaN,NaN,NaN,NaN,
9.138,-0.00064,-0.02550,0.12647,-0.32070,-0.16719,-0.33278,0.87090,NaN,NaN,NaN,NaN,NaN,NaN,NaN,NaN,NaN,NaN,NaN,NaN,NaN,NaN,NaN,NaN,NaN,NaN,NaN,NaN,NaN,
9.162,-0.00064,-0.02550,0.12647,-0.32070,-0.16719,-0.33278,0.87090,NaN,NaN,NaN,NaN,NaN,NaN,NaN,NaN,NaN,NaN,NaN,NaN,NaN,NaN,NaN,NaN,NaN,NaN,NaN,NaN,NaN,
9.188,-0.00064,-0.02551,0.12646,-0.32062,-0.16731,-0.33275,0.87091,NaN,NaN,NaN,NaN,NaN,NaN,NaN,NaN,NaN,NaN,NaN,NaN,NaN,NaN,NaN,NaN,NaN,NaN,NaN,NaN,NaN,
9.213,-0.00066,-0.02551,0.12643,-0.32079,-0.16727,-0.33261,0.87091,NaN,NaN,NaN,NaN,NaN,NaN,NaN,NaN,NaN,NaN,NaN,NaN,NaN,NaN,NaN,NaN,NaN,NaN,NaN,NaN,NaN,
9.238,-0.00065,-0.02551,0.12646,-0.32079,-0.16712,-0.33275,0.87089,NaN,NaN,NaN,NaN,NaN,NaN,NaN,NaN,NaN,NaN,NaN,NaN,NaN,NaN,NaN,NaN,NaN,NaN,NaN,NaN,NaN,
9.262,-0.00065,-0.02551,0.12646,-0.32079,-0.16712,-0.33275,0.87089,NaN,NaN,NaN,NaN,NaN,NaN,NaN,NaN,NaN,NaN,NaN,NaN,NaN,NaN,NaN,NaN,NaN,NaN,NaN,NaN,NaN,
9.288,-0.00065,-0.02551,0.12646,-0.32076,-0.16721,-0.33269,0.87090,NaN,NaN,NaN,NaN,NaN,NaN,NaN,NaN,NaN,NaN,NaN,NaN,NaN,NaN,NaN,NaN,NaN,NaN,NaN,NaN,NaN,
9.313,-0.00065,-0.02551,0.12646,-0.32076,-0.16723,-0.33268,0.87090,NaN,NaN,NaN,NaN,NaN,NaN,NaN,NaN,NaN,NaN,NaN,NaN,NaN,NaN,NaN,NaN,NaN,NaN,NaN,NaN,NaN,
9.338,-0.00065,-0.02551,0.12646,-0.32075,-0.16727,-0.33265,0.87091,NaN,NaN,NaN,NaN,NaN,NaN,NaN,NaN,NaN,NaN,NaN,NaN,NaN,NaN,NaN,NaN,NaN,NaN,NaN,NaN,NaN,
9.363,-0.00065,-0.02551,0.12645,-0.32075,-0.16731,-0.33262,0.87091,NaN,NaN,NaN,NaN,NaN,NaN,NaN,NaN,NaN,NaN,NaN,NaN,NaN,NaN,NaN,NaN,NaN,NaN,NaN,NaN,NaN,
9.387,-0.00065,-0.02551,0.12645,-0.32075,-0.16731,-0.33262,0.87091,NaN,NaN,NaN,NaN,NaN,NaN,NaN,NaN,NaN,NaN,NaN,NaN,NaN,NaN,NaN,NaN,NaN,NaN,NaN,NaN,NaN,
9.413,-0.00066,-0.02551,0.12644,-0.32075,-0.16735,-0.33259,0.87092,NaN,NaN,NaN,NaN,NaN,NaN,NaN,NaN,NaN,NaN,NaN,NaN,NaN,NaN,NaN,NaN,NaN,NaN,NaN,NaN,NaN,
9.438,-0.00067,-0.02551,0.12644,-0.32075,-0.16738,-0.33256,0.87092,NaN,NaN,NaN,NaN,NaN,NaN,NaN,NaN,NaN,NaN,NaN,NaN,NaN,NaN,NaN,NaN,NaN,NaN,NaN,NaN,NaN,
9.462,-0.00067,-0.02551,0.12644,-0.32075,-0.16738,-0.33256,0.87092,NaN,NaN,NaN,NaN,NaN,NaN,NaN,NaN,NaN,NaN,NaN,NaN,NaN,NaN,NaN,NaN,NaN,NaN,NaN,NaN,NaN,
9.487,-0.00067,-0.02551,0.12644,-0.32074,-0.16741,-0.33255,0.87093,NaN,NaN,NaN,NaN,NaN,NaN,NaN,NaN,NaN,NaN,NaN,NaN,NaN,NaN,NaN,NaN,NaN,NaN,NaN,NaN,NaN,
9.512,-0.00067,-0.02550,0.12644,-0.32071,-0.16744,-0.33255,0.87093,NaN,NaN,NaN,NaN,NaN,NaN,NaN,NaN,NaN,NaN,NaN,NaN,NaN,NaN,NaN,NaN,NaN,NaN,NaN,NaN,NaN,
9.538,-0.00068,-0.02550,0.12644,-0.32069,-0.16748,-0.33254,0.87094,NaN,NaN,NaN,NaN,NaN,NaN,NaN,NaN,NaN,NaN,NaN,NaN,NaN,NaN,NaN,NaN,NaN,NaN,NaN,NaN,NaN,
9.562,-0.00068,-0.02550,0.12644,-0.32069,-0.16748,-0.33254,0.87094,NaN,NaN,NaN,NaN,NaN,NaN,NaN,NaN,NaN,NaN,NaN,NaN,NaN,NaN,NaN,NaN,NaN,NaN,NaN,NaN,NaN,
9.588,-0.00068,-0.02550,0.12644,-0.32064,-0.16751,-0.33256,0.87094,NaN,NaN,NaN,NaN,NaN,NaN,NaN,NaN,NaN,NaN,NaN,NaN,NaN,NaN,NaN,NaN,NaN,NaN,NaN,NaN,NaN,
9.612,-0.00068,-0.02550,0.12644,-0.32064,-0.16751,-0.33256,0.87094,NaN,NaN,NaN,NaN,NaN,NaN,NaN,NaN,NaN,NaN,NaN,NaN,NaN,NaN,NaN,NaN,NaN,NaN,NaN,NaN,NaN,
9.638,-0.00069,-0.02549,0.12645,-0.32060,-0.16755,-0.33256,0.87094,NaN,NaN,NaN,NaN,NaN,NaN,NaN,NaN,NaN,NaN,NaN,NaN,NaN,NaN,NaN,NaN,NaN,NaN,NaN,NaN,NaN,
9.662,-0.00069,-0.02549,0.12645,-0.32060,-0.16755,-0.33256,0.87094,NaN,NaN,NaN,NaN,NaN,NaN,NaN,NaN,NaN,NaN,NaN,NaN,NaN,NaN,NaN,NaN,NaN,NaN,NaN,NaN,NaN,
9.688,-0.00083,-0.02562,0.12665,-0.31892,-0.17246,-0.33006,0.87155,NaN,NaN,NaN,NaN,NaN,NaN,NaN,NaN,NaN,NaN,NaN,NaN,NaN,NaN,NaN,NaN,NaN,NaN,NaN,NaN,NaN,
9.712,-0.00083,-0.02562,0.12665,-0.31892,-0.17246,-0.33006,0.87155,NaN,NaN,NaN,NaN,NaN,NaN,NaN,NaN,NaN,NaN,NaN,NaN,NaN,NaN,NaN,NaN,NaN,NaN,NaN,NaN,NaN,
9.738,-0.00368,-0.02524,0.12655,-0.31186,-0.20132,-0.31183,0.87463,NaN,NaN,NaN,NaN,NaN,NaN,NaN,NaN,NaN,NaN,NaN,NaN,NaN,NaN,NaN,NaN,NaN,NaN,NaN,NaN,NaN,
9.763,-0.00503,-0.02480,0.12651,-0.30758,-0.21649,-0.30243,0.87582,NaN,NaN,NaN,NaN,NaN,NaN,NaN,NaN,NaN,NaN,NaN,NaN,NaN,NaN,NaN,NaN,NaN,NaN,NaN,NaN,NaN,
9.788,-0.00633,-0.02435,0.12650,-0.30635,-0.22973,-0.29136,0.87663,NaN,NaN,NaN,NaN,NaN,NaN,NaN,NaN,NaN,NaN,NaN,NaN,NaN,NaN,NaN,NaN,NaN,NaN,NaN,NaN,NaN,
9.812,-0.00633,-0.02435,0.12650,-0.30635,-0.22973,-0.29136,0.87663,NaN,NaN,NaN,NaN,NaN,NaN,NaN,NaN,NaN,NaN,NaN,NaN,NaN,NaN,NaN,NaN,NaN,NaN,NaN,NaN,NaN,
9.837,-0.00779,-0.02410,0.12651,-0.30177,-0.24165,-0.28486,0.87715,NaN,NaN,NaN,NaN,NaN,NaN,NaN,NaN,NaN,NaN,NaN,NaN,NaN,NaN,NaN,NaN,NaN,NaN,NaN,NaN,NaN,
9.862,-0.00772,-0.02423,0.12622,-0.30215,-0.24445,-0.28177,0.87724,NaN,NaN,NaN,NaN,NaN,NaN,NaN,NaN,NaN,NaN,NaN,NaN,NaN,NaN,NaN,NaN,NaN,NaN,NaN,NaN,NaN,
9.888,-0.00770,-0.02420,0.12623,-0.30217,-0.24480,-0.28141,0.87726,NaN,NaN,NaN,NaN,NaN,NaN,NaN,NaN,NaN,NaN,NaN,NaN,NaN,NaN,NaN,NaN,NaN,NaN,NaN,NaN,NaN,
9.912,-0.00770,-0.02420,0.12623,-0.30217,-0.24480,-0.28141,0.87726,NaN,NaN,NaN,NaN,NaN,NaN,NaN,NaN,NaN,NaN,NaN,NaN,NaN,NaN,NaN,NaN,NaN,NaN,NaN,NaN,NaN,
9.938,-0.00764,-0.02421,0.12632,-0.30243,-0.24462,-0.28131,0.87725,NaN,NaN,NaN,NaN,NaN,NaN,NaN,NaN,NaN,NaN,NaN,NaN,NaN,NaN,NaN,NaN,NaN,NaN,NaN,NaN,NaN,
9.962,-0.00764,-0.02421,0.12632,-0.30243,-0.24462,-0.28131,0.87725,NaN,NaN,NaN,NaN,NaN,NaN,NaN,NaN,NaN,NaN,NaN,NaN,NaN,NaN,NaN,NaN,NaN,NaN,NaN,NaN,NaN,
9.988,-0.00759,-0.02422,0.12637,-0.30258,-0.24443,-0.28132,0.87724,NaN,NaN,NaN,NaN,NaN,NaN,NaN,NaN,NaN,NaN,NaN,NaN,NaN,NaN,NaN,NaN,NaN,NaN,NaN,NaN,NaN,
10.012,-0.00757,-0.02431,0.12647,-0.30285,-0.24377,-0.28167,0.87722,NaN,NaN,NaN,NaN,NaN,NaN,NaN,NaN,NaN,NaN,NaN,NaN,NaN,NaN,NaN,NaN,NaN,NaN,NaN,NaN,NaN,
10.037,-0.00757,-0.02431,0.12647,-0.30285,-0.24377,-0.28167,0.87722,NaN,NaN,NaN,NaN,NaN,NaN,NaN,NaN,NaN,NaN,NaN,NaN,NaN,NaN,NaN,NaN,NaN,NaN,NaN,NaN,NaN,
10.062,-0.00758,-0.02428,0.12643,-0.30275,-0.24395,-0.28160,0.87723,NaN,NaN,NaN,NaN,NaN,NaN,NaN,NaN,NaN,NaN,NaN,NaN,NaN,NaN,NaN,NaN,NaN,NaN,NaN,NaN,NaN,
10.088,-0.00758,-0.02428,0.12645,-0.30280,-0.24393,-0.28157,0.87723,NaN,NaN,NaN,NaN,NaN,NaN,NaN,NaN,NaN,NaN,NaN,NaN,NaN,NaN,NaN,NaN,NaN,NaN,NaN,NaN,NaN,
10.112,-0.00758,-0.02429,0.12641,-0.30273,-0.24402,-0.28156,0.87723,NaN,NaN,NaN,NaN,NaN,NaN,NaN,NaN,NaN,NaN,NaN,NaN,NaN,NaN,NaN,NaN,NaN,NaN,NaN,NaN,NaN,
10.138,-0.00758,-0.02428,0.12644,-0.30283,-0.24399,-0.28148,0.87723,NaN,NaN,NaN,NaN,NaN,NaN,NaN,NaN,NaN,NaN,NaN,NaN,NaN,NaN,NaN,NaN,NaN,NaN,NaN,NaN,NaN,
10.162,-0.00758,-0.02429,0.12642,-0.30277,-0.24402,-0.28152,0.87723,NaN,NaN,NaN,NaN,NaN,NaN,NaN,NaN,NaN,NaN,NaN,NaN,NaN,NaN,NaN,NaN,NaN,NaN,NaN,NaN,NaN,
10.188,-0.00757,-0.02428,0.12643,-0.30283,-0.24402,-0.28146,0.87723,NaN,NaN,NaN,NaN,NaN,NaN,NaN,NaN,NaN,NaN,NaN,NaN,NaN,NaN,NaN,NaN,NaN,NaN,NaN,NaN,NaN,
10.212,-0.00758,-0.02429,0.12642,-0.30275,-0.24406,-0.28150,0.87723,NaN,NaN,NaN,NaN,NaN,NaN,NaN,NaN,NaN,NaN,NaN,NaN,NaN,NaN,NaN,NaN,NaN,NaN,NaN,NaN,NaN,
10.238,-0.00757,-0.02428,0.12643,-0.30280,-0.24406,-0.28145,0.87723,NaN,NaN,NaN,NaN,NaN,NaN,NaN,NaN,NaN,NaN,NaN,NaN,NaN,NaN,NaN,NaN,NaN,NaN,NaN,NaN,NaN,
10.262,-0.00757,-0.02429,0.12643,-0.30276,-0.24406,-0.28150,0.87723,NaN,NaN,NaN,NaN,NaN,NaN,NaN,NaN,NaN,NaN,NaN,NaN,NaN,NaN,NaN,NaN,NaN,NaN,NaN,NaN,NaN,
10.288,-0.00757,-0.02428,0.12644,-0.30277,-0.24407,-0.28147,0.87723,NaN,NaN,NaN,NaN,NaN,NaN,NaN,NaN,NaN,NaN,NaN,NaN,NaN,NaN,NaN,NaN,NaN,NaN,NaN,NaN,NaN,
10.312,-0.00757,-0.02428,0.12644,-0.30277,-0.24407,-0.28147,0.87723,NaN,NaN,NaN,NaN,NaN,NaN,NaN,NaN,NaN,NaN,NaN,NaN,NaN,NaN,NaN,NaN,NaN,NaN,NaN,NaN,NaN,
10.338,-0.00757,-0.02428,0.12645,-0.30275,-0.24409,-0.28147,0.87723,NaN,NaN,NaN,NaN,NaN,NaN,NaN,NaN,NaN,NaN,NaN,NaN,NaN,NaN,NaN,NaN,NaN,NaN,NaN,NaN,NaN,
10.362,-0.00757,-0.02427,0.12647,-0.30274,-0.24409,-0.28148,0.87723,NaN,NaN,NaN,NaN,NaN,NaN,NaN,NaN,NaN,NaN,NaN,NaN,NaN,NaN,NaN,NaN,NaN,NaN,NaN,NaN,NaN,
10.388,-0.00758,-0.02427,0.12646,-0.30271,-0.24413,-0.28148,0.87723,NaN,NaN,NaN,NaN,NaN,NaN,NaN,NaN,NaN,NaN,NaN,NaN,NaN,NaN,NaN,NaN,NaN,NaN,NaN,NaN,NaN,
10.412,-0.00758,-0.02426,0.12647,-0.30270,-0.24414,-0.28148,0.87723,NaN,NaN,NaN,NaN,NaN,NaN,NaN,NaN,NaN,NaN,NaN,NaN,NaN,NaN,NaN,NaN,NaN,NaN,NaN,NaN,NaN,
10.438,-0.00758,-0.02426,0.12647,-0.30267,-0.24417,-0.28148,0.87723,NaN,NaN,NaN,NaN,NaN,NaN,NaN,NaN,NaN,NaN,NaN,NaN,NaN,NaN,NaN,NaN,NaN,NaN,NaN,NaN,NaN,
10.462,-0.00758,-0.02426,0.12647,-0.30267,-0.24418,-0.28147,0.87723,NaN,NaN,NaN,NaN,NaN,NaN,NaN,NaN,NaN,NaN,NaN,NaN,NaN,NaN,NaN,NaN,NaN,NaN,NaN,NaN,NaN,
10.488,-0.00759,-0.02426,0.12646,-0.30265,-0.24420,-0.28148,0.87724,NaN,NaN,NaN,NaN,NaN,NaN,NaN,NaN,NaN,NaN,NaN,NaN,NaN,NaN,NaN,NaN,NaN,NaN,NaN,NaN,NaN,
10.512,-0.00759,-0.02426,0.12646,-0.30265,-0.24420,-0.28148,0.87724,NaN,NaN,NaN,NaN,NaN,NaN,NaN,NaN,NaN,NaN,NaN,NaN,NaN,NaN,NaN,NaN,NaN,NaN,NaN,NaN,NaN,
10.538,-0.00759,-0.02426,0.12645,-0.30267,-0.24421,-0.28144,0.87724,NaN,NaN,NaN,NaN,NaN,NaN,NaN,NaN,NaN,NaN,NaN,NaN,NaN,NaN,NaN,NaN,NaN,NaN,NaN,NaN,NaN,
10.562,-0.00759,-0.02426,0.12645,-0.30267,-0.24421,-0.28144,0.87724,NaN,NaN,NaN,NaN,NaN,NaN,NaN,NaN,NaN,NaN,NaN,NaN,NaN,NaN,NaN,NaN,NaN,NaN,NaN,NaN,NaN,
10.588,-0.00759,-0.02426,0.12645,-0.30270,-0.24421,-0.28141,0.87724,NaN,NaN,NaN,NaN,NaN,NaN,NaN,NaN,NaN,NaN,NaN,NaN,NaN,NaN,NaN,NaN,NaN,NaN,NaN,NaN,NaN,
10.612,-0.00759,-0.02426,0.12645,-0.30270,-0.24421,-0.28141,0.87724,NaN,NaN,NaN,NaN,NaN,NaN,NaN,NaN,NaN,NaN,NaN,NaN,NaN,NaN,NaN,NaN,NaN,NaN,NaN,NaN,NaN,
10.638,-0.00760,-0.02426,0.12643,-0.30271,-0.24424,-0.28137,0.87724,NaN,NaN,NaN,NaN,NaN,NaN,NaN,NaN,NaN,NaN,NaN,NaN,NaN,NaN,NaN,NaN,NaN,NaN,NaN,NaN,NaN,
10.662,-0.00760,-0.02426,0.12643,-0.30271,-0.24424,-0.28137,0.87724,NaN,NaN,NaN,NaN,NaN,NaN,NaN,NaN,NaN,NaN,NaN,NaN,NaN,NaN,NaN,NaN,NaN,NaN,NaN,NaN,NaN,
10.688,-0.00760,-0.02427,0.12642,-0.30272,-0.24427,-0.28134,0.87724,NaN,NaN,NaN,NaN,NaN,NaN,NaN,NaN,NaN,NaN,NaN,NaN,NaN,NaN,NaN,NaN,NaN,NaN,NaN,NaN,NaN,
10.712,-0.00760,-0.02427,0.12641,-0.30272,-0.24427,-0.28134,0.87724,NaN,NaN,NaN,NaN,NaN,NaN,NaN,NaN,NaN,NaN,NaN,NaN,NaN,NaN,NaN,NaN,NaN,NaN,NaN,NaN,NaN,
10.738,-0.00760,-0.02427,0.12642,-0.30274,-0.24425,-0.28133,0.87724,NaN,NaN,NaN,NaN,NaN,NaN,NaN,NaN,NaN,NaN,NaN,NaN,NaN,NaN,NaN,NaN,NaN,NaN,NaN,NaN,NaN,
10.762,-0.00760,-0.02426,0.12643,-0.30273,-0.24425,-0.28133,0.87724,NaN,NaN,NaN,NaN,NaN,NaN,NaN,NaN,NaN,NaN,NaN,NaN,NaN,NaN,NaN,NaN,NaN,NaN,NaN,NaN,NaN,
10.787,-0.00760,-0.02426,0.12643,-0.30273,-0.24425,-0.28133,0.87724,NaN,NaN,NaN,NaN,NaN,NaN,NaN,NaN,NaN,NaN,NaN,NaN,NaN,NaN,NaN,NaN,NaN,NaN,NaN,NaN,NaN,
10.812,-0.00760,-0.02426,0.12644,-0.30274,-0.24425,-0.28133,0.87724,NaN,NaN,NaN,NaN,NaN,NaN,NaN,NaN,NaN,NaN,NaN,NaN,NaN,NaN,NaN,NaN,NaN,NaN,NaN,NaN,NaN,
10.837,-0.00760,-0.02426,0.12644,-0.30271,-0.24426,-0.28135,0.87724,NaN,NaN,NaN,NaN,NaN,NaN,NaN,NaN,NaN,NaN,NaN,NaN,NaN,NaN,NaN,NaN,NaN,NaN,NaN,NaN,NaN,
10.862,-0.00760,-0.02425,0.12644,-0.30271,-0.24428,-0.28134,0.87724,NaN,NaN,NaN,NaN,NaN,NaN,NaN,NaN,NaN,NaN,NaN,NaN,NaN,NaN,NaN,NaN,NaN,NaN,NaN,NaN,NaN,
10.888,-0.00760,-0.02425,0.12644,-0.30269,-0.24429,-0.28135,0.87724,NaN,NaN,NaN,NaN,NaN,NaN,NaN,NaN,NaN,NaN,NaN,NaN,NaN,NaN,NaN,NaN,NaN,NaN,NaN,NaN,NaN,
10.912,-0.00760,-0.02425,0.12644,-0.30269,-0.24429,-0.28135,0.87724,NaN,NaN,NaN,NaN,NaN,NaN,NaN,NaN,NaN,NaN,NaN,NaN,NaN,NaN,NaN,NaN,NaN,NaN,NaN,NaN,NaN,
10.938,-0.00760,-0.02426,0.12644,-0.30269,-0.24429,-0.28134,0.87724,NaN,NaN,NaN,NaN,NaN,NaN,NaN,NaN,NaN,NaN,NaN,NaN,NaN,NaN,NaN,NaN,NaN,NaN,NaN,NaN,NaN,
10.962,-0.00760,-0.02426,0.12644,-0.30269,-0.24429,-0.28134,0.87724,NaN,NaN,NaN,NaN,NaN,NaN,NaN,NaN,NaN,NaN,NaN,NaN,NaN,NaN,NaN,NaN,NaN,NaN,NaN,NaN,NaN,
10.988,-0.00760,-0.02426,0.12643,-0.30272,-0.24430,-0.28130,0.87724,NaN,NaN,NaN,NaN,NaN,NaN,NaN,NaN,NaN,NaN,NaN,NaN,NaN,NaN,NaN,NaN,NaN,NaN,NaN,NaN,NaN,
11.012,-0.00760,-0.02426,0.12643,-0.30272,-0.24430,-0.28130,0.87724,NaN,NaN,NaN,NaN,NaN,NaN,NaN,NaN,NaN,NaN,NaN,NaN,NaN,NaN,NaN,NaN,NaN,NaN,NaN,NaN,NaN,
11.038,-0.00760,-0.02426,0.12641,-0.30273,-0.24431,-0.28129,0.87724,NaN,NaN,NaN,NaN,NaN,NaN,NaN,NaN,NaN,NaN,NaN,NaN,NaN,NaN,NaN,NaN,NaN,NaN,NaN,NaN,NaN,
11.063,-0.00760,-0.02426,0.12640,-0.30272,-0.24433,-0.28128,0.87724,NaN,NaN,NaN,NaN,NaN,NaN,NaN,NaN,NaN,NaN,NaN,NaN,NaN,NaN,NaN,NaN,NaN,NaN,NaN,NaN,NaN,
11.088,-0.00760,-0.02427,0.12640,-0.30271,-0.24432,-0.28129,0.87724,NaN,NaN,NaN,NaN,NaN,NaN,NaN,NaN,NaN,NaN,NaN,NaN,NaN,NaN,NaN,NaN,NaN,NaN,NaN,NaN,NaN,
11.113,-0.00760,-0.02427,0.12640,-0.30270,-0.24431,-0.28131,0.87724,NaN,NaN,NaN,NaN,NaN,NaN,NaN,NaN,NaN,NaN,NaN,NaN,NaN,NaN,NaN,NaN,NaN,NaN,NaN,NaN,NaN,
11.138,-0.00760,-0.02427,0.12641,-0.30269,-0.24429,-0.28134,0.87724,NaN,NaN,NaN,NaN,NaN,NaN,NaN,NaN,NaN,NaN,NaN,NaN,NaN,NaN,NaN,NaN,NaN,NaN,NaN,NaN,NaN,
11.162,-0.00760,-0.02427,0.12641,-0.30269,-0.24429,-0.28134,0.87724,NaN,NaN,NaN,NaN,NaN,NaN,NaN,NaN,NaN,NaN,NaN,NaN,NaN,NaN,NaN,NaN,NaN,NaN,NaN,NaN,NaN,
11.188,-0.00760,-0.02427,0.12642,-0.30269,-0.24427,-0.28136,0.87724,NaN,NaN,NaN,NaN,NaN,NaN,NaN,NaN,NaN,NaN,NaN,NaN,NaN,NaN,NaN,NaN,NaN,NaN,NaN,NaN,NaN,
11.212,-0.00759,-0.02427,0.12644,-0.30270,-0.24426,-0.28136,0.87724,NaN,NaN,NaN,NaN,NaN,NaN,NaN,NaN,NaN,NaN,NaN,NaN,NaN,NaN,NaN,NaN,NaN,NaN,NaN,NaN,NaN,
11.238,-0.00759,-0.02427,0.12645,-0.30268,-0.24427,-0.28138,0.87724,NaN,NaN,NaN,NaN,NaN,NaN,NaN,NaN,NaN,NaN,NaN,NaN,NaN,NaN,NaN,NaN,NaN,NaN,NaN,NaN,NaN,
11.262,-0.00759,-0.02426,0.12646,-0.30266,-0.24426,-0.28140,0.87724,NaN,NaN,NaN,NaN,NaN,NaN,NaN,NaN,NaN,NaN,NaN,NaN,NaN,NaN,NaN,NaN,NaN,NaN,NaN,NaN,NaN,
11.288,-0.00759,-0.02426,0.12646,-0.30264,-0.24428,-0.28141,0.87724,NaN,NaN,NaN,NaN,NaN,NaN,NaN,NaN,NaN,NaN,NaN,NaN,NaN,NaN,NaN,NaN,NaN,NaN,NaN,NaN,NaN,
11.312,-0.00759,-0.02426,0.12647,-0.30266,-0.24426,-0.28140,0.87724,NaN,NaN,NaN,NaN,NaN,NaN,NaN,NaN,NaN,NaN,NaN,NaN,NaN,NaN,NaN,NaN,NaN,NaN,NaN,NaN,NaN,
11.338,-0.00759,-0.02427,0.12647,-0.30265,-0.24427,-0.28141,0.87724,NaN,NaN,NaN,NaN,NaN,NaN,NaN,NaN,NaN,NaN,NaN,NaN,NaN,NaN,NaN,NaN,NaN,NaN,NaN,NaN,NaN,
11.363,-0.00759,-0.02427,0.12647,-0.30266,-0.24427,-0.28140,0.87724,NaN,NaN,NaN,NaN,NaN,NaN,NaN,NaN,NaN,NaN,NaN,NaN,NaN,NaN,NaN,NaN,NaN,NaN,NaN,NaN,NaN,
11.387,-0.00759,-0.02427,0.12647,-0.30266,-0.24427,-0.28140,0.87724,NaN,NaN,NaN,NaN,NaN,NaN,NaN,NaN,NaN,NaN,NaN,NaN,NaN,NaN,NaN,NaN,NaN,NaN,NaN,NaN,NaN,
11.412,-0.00759,-0.02427,0.12647,-0.30267,-0.24427,-0.28138,0.87724,NaN,NaN,NaN,NaN,NaN,NaN,NaN,NaN,NaN,NaN,NaN,NaN,NaN,NaN,NaN,NaN,NaN,NaN,NaN,NaN,NaN,
11.438,-0.00759,-0.02427,0.12646,-0.30266,-0.24428,-0.28138,0.87724,NaN,NaN,NaN,NaN,NaN,NaN,NaN,NaN,NaN,NaN,NaN,NaN,NaN,NaN,NaN,NaN,NaN,NaN,NaN,NaN,NaN,
11.463,-0.00759,-0.02427,0.12646,-0.30265,-0.24430,-0.28138,0.87724,NaN,NaN,NaN,NaN,NaN,NaN,NaN,NaN,NaN,NaN,NaN,NaN,NaN,NaN,NaN,NaN,NaN,NaN,NaN,NaN,NaN,
11.488,-0.00759,-0.02428,0.12644,-0.30264,-0.24431,-0.28138,0.87724,NaN,NaN,NaN,NaN,NaN,NaN,NaN,NaN,NaN,NaN,NaN,NaN,NaN,NaN,NaN,NaN,NaN,NaN,NaN,NaN,NaN,
11.512,-0.00759,-0.02429,0.12643,-0.30265,-0.24432,-0.28136,0.87724,NaN,NaN,NaN,NaN,NaN,NaN,NaN,NaN,NaN,NaN,NaN,NaN,NaN,NaN,NaN,NaN,NaN,NaN,NaN,NaN,NaN,
11.538,-0.00759,-0.02430,0.12643,-0.30266,-0.24431,-0.28136,0.87724,NaN,NaN,NaN,NaN,NaN,NaN,NaN,NaN,NaN,NaN,NaN,NaN,NaN,NaN,NaN,NaN,NaN,NaN,NaN,NaN,NaN,
11.562,-0.00759,-0.02430,0.12642,-0.30266,-0.24433,-0.28134,0.87724,NaN,NaN,NaN,NaN,NaN,NaN,NaN,NaN,NaN,NaN,NaN,NaN,NaN,NaN,NaN,NaN,NaN,NaN,NaN,NaN,NaN,
11.588,-0.00759,-0.02430,0.12641,-0.30270,-0.24433,-0.28129,0.87724,NaN,NaN,NaN,NaN,NaN,NaN,NaN,NaN,NaN,NaN,NaN,NaN,NaN,NaN,NaN,NaN,NaN,NaN,NaN,NaN,NaN,
11.613,-0.00759,-0.02430,0.12641,-0.30272,-0.24432,-0.28128,0.87724,NaN,NaN,NaN,NaN,NaN,NaN,NaN,NaN,NaN,NaN,NaN,NaN,NaN,NaN,NaN,NaN,NaN,NaN,NaN,NaN,NaN,
11.638,-0.00760,-0.02429,0.12640,-0.30273,-0.24434,-0.28125,0.87724,NaN,NaN,NaN,NaN,NaN,NaN,NaN,NaN,NaN,NaN,NaN,NaN,NaN,NaN,NaN,NaN,NaN,NaN,NaN,NaN,NaN,
11.662,-0.00760,-0.02429,0.12640,-0.30273,-0.24434,-0.28125,0.87724,NaN,NaN,NaN,NaN,NaN,NaN,NaN,NaN,NaN,NaN,NaN,NaN,NaN,NaN,NaN,NaN,NaN,NaN,NaN,NaN,NaN,
11.687,-0.00759,-0.02429,0.12640,-0.30273,-0.24435,-0.28124,0.87724,NaN,NaN,NaN,NaN,NaN,NaN,NaN,NaN,NaN,NaN,NaN,NaN,NaN,NaN,NaN,NaN,NaN,NaN,NaN,NaN,NaN,
11.712,-0.00760,-0.02429,0.12640,-0.30274,-0.24436,-0.28123,0.87724,NaN,NaN,NaN,NaN,NaN,NaN,NaN,NaN,NaN,NaN,NaN,NaN,NaN,NaN,NaN,NaN,NaN,NaN,NaN,NaN,NaN,
11.738,-0.00759,-0.02428,0.12640,-0.30275,-0.24437,-0.28120,0.87724,NaN,NaN,NaN,NaN,NaN,NaN,NaN,NaN,NaN,NaN,NaN,NaN,NaN,NaN,NaN,NaN,NaN,NaN,NaN,NaN,NaN,
11.762,-0.00759,-0.02428,0.12640,-0.30275,-0.24437,-0.28120,0.87724,NaN,NaN,NaN,NaN,NaN,NaN,NaN,NaN,NaN,NaN,NaN,NaN,NaN,NaN,NaN,NaN,NaN,NaN,NaN,NaN,NaN,
11.788,-0.00760,-0.02427,0.12641,-0.30277,-0.24437,-0.28118,0.87724,NaN,NaN,NaN,NaN,NaN,NaN,NaN,NaN,NaN,NaN,NaN,NaN,NaN,NaN,NaN,NaN,NaN,NaN,NaN,NaN,NaN,
11.812,-0.00760,-0.02427,0.12641,-0.30277,-0.24437,-0.28118,0.87724,NaN,NaN,NaN,NaN,NaN,NaN,NaN,NaN,NaN,NaN,NaN,NaN,NaN,NaN,NaN,NaN,NaN,NaN,NaN,NaN,NaN,
11.838,-0.00760,-0.02427,0.12642,-0.30276,-0.24437,-0.28120,0.87724,NaN,NaN,NaN,NaN,NaN,NaN,NaN,NaN,NaN,NaN,NaN,NaN,NaN,NaN,NaN,NaN,NaN,NaN,NaN,NaN,NaN,
11.862,-0.00760,-0.02425,0.12643,-0.30274,-0.24438,-0.28120,0.87724,NaN,NaN,NaN,NaN,NaN,NaN,NaN,NaN,NaN,NaN,NaN,NaN,NaN,NaN,NaN,NaN,NaN,NaN,NaN,NaN,NaN,
11.888,-0.00760,-0.02425,0.12643,-0.30273,-0.24437,-0.28122,0.87724,NaN,NaN,NaN,NaN,NaN,NaN,NaN,NaN,NaN,NaN,NaN,NaN,NaN,NaN,NaN,NaN,NaN,NaN,NaN,NaN,NaN,
11.912,-0.00760,-0.02425,0.12643,-0.30273,-0.24437,-0.28122,0.87724,NaN,NaN,NaN,NaN,NaN,NaN,NaN,NaN,NaN,NaN,NaN,NaN,NaN,NaN,NaN,NaN,NaN,NaN,NaN,NaN,NaN,
11.938,-0.00761,-0.02425,0.12644,-0.30269,-0.24439,-0.28125,0.87724,NaN,NaN,NaN,NaN,NaN,NaN,NaN,NaN,NaN,NaN,NaN,NaN,NaN,NaN,NaN,NaN,NaN,NaN,NaN,NaN,NaN,
11.962,-0.00761,-0.02424,0.12645,-0.30267,-0.24439,-0.28127,0.87724,NaN,NaN,NaN,NaN,NaN,NaN,NaN,NaN,NaN,NaN,NaN,NaN,NaN,NaN,NaN,NaN,NaN,NaN,NaN,NaN,NaN,
11.988,-0.00762,-0.02425,0.12644,-0.30265,-0.24440,-0.28128,0.87724,NaN,NaN,NaN,NaN,NaN,NaN,NaN,NaN,NaN,NaN,NaN,NaN,NaN,NaN,NaN,NaN,NaN,NaN,NaN,NaN,NaN,
12.012,-0.00762,-0.02425,0.12644,-0.30265,-0.24440,-0.28128,0.87724,NaN,NaN,NaN,NaN,NaN,NaN,NaN,NaN,NaN,NaN,NaN,NaN,NaN,NaN,NaN,NaN,NaN,NaN,NaN,NaN,NaN,
12.038,-0.00762,-0.02425,0.12646,-0.30265,-0.24439,-0.28129,0.87724,NaN,NaN,NaN,NaN,NaN,NaN,NaN,NaN,NaN,NaN,NaN,NaN,NaN,NaN,NaN,NaN,NaN,NaN,NaN,NaN,NaN,
12.062,-0.00762,-0.02425,0.12646,-0.30265,-0.24439,-0.28129,0.87724,NaN,NaN,NaN,NaN,NaN,NaN,NaN,NaN,NaN,NaN,NaN,NaN,NaN,NaN,NaN,NaN,NaN,NaN,NaN,NaN,NaN,
12.088,-0.00762,-0.02424,0.12646,-0.30262,-0.24439,-0.28132,0.87724,NaN,NaN,NaN,NaN,NaN,NaN,NaN,NaN,NaN,NaN,NaN,NaN,NaN,NaN,NaN,NaN,NaN,NaN,NaN,NaN,NaN,
12.112,-0.00763,-0.02425,0.12646,-0.30263,-0.24439,-0.28131,0.87724,NaN,NaN,NaN,NaN,NaN,NaN,NaN,NaN,NaN,NaN,NaN,NaN,NaN,NaN,NaN,NaN,NaN,NaN,NaN,NaN,NaN,
12.138,-0.00762,-0.02425,0.12646,-0.30261,-0.24440,-0.28132,0.87724,NaN,NaN,NaN,NaN,NaN,NaN,NaN,NaN,NaN,NaN,NaN,NaN,NaN,NaN,NaN,NaN,NaN,NaN,NaN,NaN,NaN,
12.162,-0.00762,-0.02426,0.12645,-0.30262,-0.24440,-0.28131,0.87724,NaN,NaN,NaN,NaN,NaN,NaN,NaN,NaN,NaN,NaN,NaN,NaN,NaN,NaN,NaN,NaN,NaN,NaN,NaN,NaN,NaN,
12.188,-0.00763,-0.02426,0.12644,-0.30263,-0.24441,-0.28130,0.87724,NaN,NaN,NaN,NaN,NaN,NaN,NaN,NaN,NaN,NaN,NaN,NaN,NaN,NaN,NaN,NaN,NaN,NaN,NaN,NaN,NaN,
12.212,-0.00763,-0.02426,0.12644,-0.30263,-0.24441,-0.28130,0.87724,NaN,NaN,NaN,NaN,NaN,NaN,NaN,NaN,NaN,NaN,NaN,NaN,NaN,NaN,NaN,NaN,NaN,NaN,NaN,NaN,NaN,
12.238,-0.00762,-0.02427,0.12643,-0.30266,-0.24439,-0.28127,0.87724,NaN,NaN,NaN,NaN,NaN,NaN,NaN,NaN,NaN,NaN,NaN,NaN,NaN,NaN,NaN,NaN,NaN,NaN,NaN,NaN,NaN,
12.262,-0.00762,-0.02427,0.12643,-0.30266,-0.24439,-0.28127,0.87724,NaN,NaN,NaN,NaN,NaN,NaN,NaN,NaN,NaN,NaN,NaN,NaN,NaN,NaN,NaN,NaN,NaN,NaN,NaN,NaN,NaN,
12.288,-0.00761,-0.02427,0.12642,-0.30268,-0.24438,-0.28127,0.87724,NaN,NaN,NaN,NaN,NaN,NaN,NaN,NaN,NaN,NaN,NaN,NaN,NaN,NaN,NaN,NaN,NaN,NaN,NaN,NaN,NaN,
12.312,-0.00761,-0.02427,0.12642,-0.30268,-0.24438,-0.28127,0.87724,NaN,NaN,NaN,NaN,NaN,NaN,NaN,NaN,NaN,NaN,NaN,NaN,NaN,NaN,NaN,NaN,NaN,NaN,NaN,NaN,NaN,
12.338,-0.00761,-0.02428,0.12642,-0.30269,-0.24437,-0.28126,0.87724,NaN,NaN,NaN,NaN,NaN,NaN,NaN,NaN,NaN,NaN,NaN,NaN,NaN,NaN,NaN,NaN,NaN,NaN,NaN,NaN,NaN,
12.362,-0.00760,-0.02428,0.12642,-0.30267,-0.24437,-0.28129,0.87724,NaN,NaN,NaN,NaN,NaN,NaN,NaN,NaN,NaN,NaN,NaN,NaN,NaN,NaN,NaN,NaN,NaN,NaN,NaN,NaN,NaN,
12.388,-0.00760,-0.02428,0.12642,-0.30268,-0.24437,-0.28128,0.87724,NaN,NaN,NaN,NaN,NaN,NaN,NaN,NaN,NaN,NaN,NaN,NaN,NaN,NaN,NaN,NaN,NaN,NaN,NaN,NaN,NaN,
12.413,-0.00760,-0.02429,0.12642,-0.30267,-0.24436,-0.28130,0.87724,NaN,NaN,NaN,NaN,NaN,NaN,NaN,NaN,NaN,NaN,NaN,NaN,NaN,NaN,NaN,NaN,NaN,NaN,NaN,NaN,NaN,
12.437,-0.00760,-0.02429,0.12642,-0.30267,-0.24436,-0.28130,0.87724,NaN,NaN,NaN,NaN,NaN,NaN,NaN,NaN,NaN,NaN,NaN,NaN,NaN,NaN,NaN,NaN,NaN,NaN,NaN,NaN,NaN,
12.462,-0.00760,-0.02429,0.12643,-0.30267,-0.24435,-0.28131,0.87724,NaN,NaN,NaN,NaN,NaN,NaN,NaN,NaN,NaN,NaN,NaN,NaN,NaN,NaN,NaN,NaN,NaN,NaN,NaN,NaN,NaN,
12.488,-0.00760,-0.02428,0.12645,-0.30267,-0.24434,-0.28131,0.87724,NaN,NaN,NaN,NaN,NaN,NaN,NaN,NaN,NaN,NaN,NaN,NaN,NaN,NaN,NaN,NaN,NaN,NaN,NaN,NaN,NaN,
12.512,-0.00760,-0.02428,0.12645,-0.30267,-0.24434,-0.28131,0.87724,NaN,NaN,NaN,NaN,NaN,NaN,NaN,NaN,NaN,NaN,NaN,NaN,NaN,NaN,NaN,NaN,NaN,NaN,NaN,NaN,NaN,
12.538,-0.00761,-0.02427,0.12646,-0.30265,-0.24436,-0.28132,0.87724,NaN,NaN,NaN,NaN,NaN,NaN,NaN,NaN,NaN,NaN,NaN,NaN,NaN,NaN,NaN,NaN,NaN,NaN,NaN,NaN,NaN,
12.562,-0.00761,-0.02426,0.12646,-0.30263,-0.24437,-0.28133,0.87724,NaN,NaN,NaN,NaN,NaN,NaN,NaN,NaN,NaN,NaN,NaN,NaN,NaN,NaN,NaN,NaN,NaN,NaN,NaN,NaN,NaN,
12.587,-0.00761,-0.02426,0.12646,-0.30263,-0.24437,-0.28133,0.87724,NaN,NaN,NaN,NaN,NaN,NaN,NaN,NaN,NaN,NaN,NaN,NaN,NaN,NaN,NaN,NaN,NaN,NaN,NaN,NaN,NaN,
12.612,-0.00761,-0.02426,0.12646,-0.30261,-0.24438,-0.28134,0.87724,NaN,NaN,NaN,NaN,NaN,NaN,NaN,NaN,NaN,NaN,NaN,NaN,NaN,NaN,NaN,NaN,NaN,NaN,NaN,NaN,NaN,
12.637,-0.00761,-0.02426,0.12646,-0.30262,-0.24438,-0.28133,0.87724,NaN,NaN,NaN,NaN,NaN,NaN,NaN,NaN,NaN,NaN,NaN,NaN,NaN,NaN,NaN,NaN,NaN,NaN,NaN,NaN,NaN,
12.662,-0.00761,-0.02426,0.12647,-0.30263,-0.24437,-0.28133,0.87724,NaN,NaN,NaN,NaN,NaN,NaN,NaN,NaN,NaN,NaN,NaN,NaN,NaN,NaN,NaN,NaN,NaN,NaN,NaN,NaN,NaN,
12.688,-0.00761,-0.02426,0.12647,-0.30262,-0.24439,-0.28132,0.87724,NaN,NaN,NaN,NaN,NaN,NaN,NaN,NaN,NaN,NaN,NaN,NaN,NaN,NaN,NaN,NaN,NaN,NaN,NaN,NaN,NaN,
12.712,-0.00761,-0.02426,0.12647,-0.30262,-0.24439,-0.28132,0.87724,NaN,NaN,NaN,NaN,NaN,NaN,NaN,NaN,NaN,NaN,NaN,NaN,NaN,NaN,NaN,NaN,NaN,NaN,NaN,NaN,NaN,
12.738,-0.00760,-0.02426,0.12647,-0.30262,-0.24440,-0.28132,0.87724,NaN,NaN,NaN,NaN,NaN,NaN,NaN,NaN,NaN,NaN,NaN,NaN,NaN,NaN,NaN,NaN,NaN,NaN,NaN,NaN,NaN,
12.762,-0.00760,-0.02426,0.12647,-0.30262,-0.24440,-0.28132,0.87724,NaN,NaN,NaN,NaN,NaN,NaN,NaN,NaN,NaN,NaN,NaN,NaN,NaN,NaN,NaN,NaN,NaN,NaN,NaN,NaN,NaN,
12.788,-0.00760,-0.02427,0.12646,-0.30262,-0.24440,-0.28131,0.87724,NaN,NaN,NaN,NaN,NaN,NaN,NaN,NaN,NaN,NaN,NaN,NaN,NaN,NaN,NaN,NaN,NaN,NaN,NaN,NaN,NaN,
12.812,-0.00760,-0.02427,0.12645,-0.30265,-0.24440,-0.28128,0.87724,NaN,NaN,NaN,NaN,NaN,NaN,NaN,NaN,NaN,NaN,NaN,NaN,NaN,NaN,NaN,NaN,NaN,NaN,NaN,NaN,NaN,
12.838,-0.00760,-0.02427,0.12644,-0.30266,-0.24441,-0.28126,0.87724,NaN,NaN,NaN,NaN,NaN,NaN,NaN,NaN,NaN,NaN,NaN,NaN,NaN,NaN,NaN,NaN,NaN,NaN,NaN,NaN,NaN,
12.862,-0.00760,-0.02428,0.12643,-0.30269,-0.24441,-0.28123,0.87724,NaN,NaN,NaN,NaN,NaN,NaN,NaN,NaN,NaN,NaN,NaN,NaN,NaN,NaN,NaN,NaN,NaN,NaN,NaN,NaN,NaN,
12.887,-0.00760,-0.02428,0.12643,-0.30269,-0.24441,-0.28123,0.87724,NaN,NaN,NaN,NaN,NaN,NaN,NaN,NaN,NaN,NaN,NaN,NaN,NaN,NaN,NaN,NaN,NaN,NaN,NaN,NaN,NaN,
12.912,-0.00760,-0.02428,0.12642,-0.30274,-0.24440,-0.28118,0.87724,NaN,NaN,NaN,NaN,NaN,NaN,NaN,NaN,NaN,NaN,NaN,NaN,NaN,NaN,NaN,NaN,NaN,NaN,NaN,NaN,NaN,
12.938,-0.00760,-0.02427,0.12642,-0.30275,-0.24440,-0.28117,0.87724,NaN,NaN,NaN,NaN,NaN,NaN,NaN,NaN,NaN,NaN,NaN,NaN,NaN,NaN,NaN,NaN,NaN,NaN,NaN,NaN,NaN,
12.962,-0.00761,-0.02427,0.12641,-0.30274,-0.24444,-0.28114,0.87724,NaN,NaN,NaN,NaN,NaN,NaN,NaN,NaN,NaN,NaN,NaN,NaN,NaN,NaN,NaN,NaN,NaN,NaN,NaN,NaN,NaN,
12.988,-0.00760,-0.02427,0.12641,-0.30275,-0.24444,-0.28114,0.87724,NaN,NaN,NaN,NaN,NaN,NaN,NaN,NaN,NaN,NaN,NaN,NaN,NaN,NaN,NaN,NaN,NaN,NaN,NaN,NaN,NaN,
13.012,-0.00760,-0.02427,0.12641,-0.30275,-0.24444,-0.28114,0.87724,NaN,NaN,NaN,NaN,NaN,NaN,NaN,NaN,NaN,NaN,NaN,NaN,NaN,NaN,NaN,NaN,NaN,NaN,NaN,NaN,NaN,
13.038,-0.00761,-0.02427,0.12640,-0.30275,-0.24446,-0.28112,0.87724,NaN,NaN,NaN,NaN,NaN,NaN,NaN,NaN,NaN,NaN,NaN,NaN,NaN,NaN,NaN,NaN,NaN,NaN,NaN,NaN,NaN,
13.062,-0.00761,-0.02427,0.12640,-0.30275,-0.24446,-0.28112,0.87724,NaN,NaN,NaN,NaN,NaN,NaN,NaN,NaN,NaN,NaN,NaN,NaN,NaN,NaN,NaN,NaN,NaN,NaN,NaN,NaN,NaN,
13.087,-0.00761,-0.02427,0.12640,-0.30274,-0.24446,-0.28113,0.87724,NaN,NaN,NaN,NaN,NaN,NaN,NaN,NaN,NaN,NaN,NaN,NaN,NaN,NaN,NaN,NaN,NaN,NaN,NaN,NaN,NaN,
13.112,-0.00762,-0.02427,0.12640,-0.30274,-0.24447,-0.28112,0.87724,NaN,NaN,NaN,NaN,NaN,NaN,NaN,NaN,NaN,NaN,NaN,NaN,NaN,NaN,NaN,NaN,NaN,NaN,NaN,NaN,NaN,
13.138,-0.00762,-0.02426,0.12642,-0.30272,-0.24448,-0.28113,0.87724,NaN,NaN,NaN,NaN,NaN,NaN,NaN,NaN,NaN,NaN,NaN,NaN,NaN,NaN,NaN,NaN,NaN,NaN,NaN,NaN,NaN,
13.162,-0.00762,-0.02426,0.12642,-0.30272,-0.24448,-0.28113,0.87724,NaN,NaN,NaN,NaN,NaN,NaN,NaN,NaN,NaN,NaN,NaN,NaN,NaN,NaN,NaN,NaN,NaN,NaN,NaN,NaN,NaN,
13.188,-0.00762,-0.02425,0.12642,-0.30268,-0.24449,-0.28116,0.87724,NaN,NaN,NaN,NaN,NaN,NaN,NaN,NaN,NaN,NaN,NaN,NaN,NaN,NaN,NaN,NaN,NaN,NaN,NaN,NaN,NaN,
13.212,-0.00762,-0.02425,0.12642,-0.30268,-0.24449,-0.28116,0.87724,NaN,NaN,NaN,NaN,NaN,NaN,NaN,NaN,NaN,NaN,NaN,NaN,NaN,NaN,NaN,NaN,NaN,NaN,NaN,NaN,NaN,
13.238,-0.00762,-0.02426,0.12644,-0.30265,-0.24446,-0.28122,0.87724,NaN,NaN,NaN,NaN,NaN,NaN,NaN,NaN,NaN,NaN,NaN,NaN,NaN,NaN,NaN,NaN,NaN,NaN,NaN,NaN,NaN,
13.262,-0.00763,-0.02426,0.12644,-0.30265,-0.24445,-0.28123,0.87724,NaN,NaN,NaN,NaN,NaN,NaN,NaN,NaN,NaN,NaN,NaN,NaN,NaN,NaN,NaN,NaN,NaN,NaN,NaN,NaN,NaN,
13.288,-0.00763,-0.02426,0.12644,-0.30265,-0.24445,-0.28124,0.87724,NaN,NaN,NaN,NaN,NaN,NaN,NaN,NaN,NaN,NaN,NaN,NaN,NaN,NaN,NaN,NaN,NaN,NaN,NaN,NaN,NaN,
13.312,-0.00763,-0.02425,0.12645,-0.30266,-0.24444,-0.28123,0.87724,NaN,NaN,NaN,NaN,NaN,NaN,NaN,NaN,NaN,NaN,NaN,NaN,NaN,NaN,NaN,NaN,NaN,NaN,NaN,NaN,NaN,
13.338,-0.00762,-0.02425,0.12645,-0.30266,-0.24444,-0.28123,0.87724,NaN,NaN,NaN,NaN,NaN,NaN,NaN,NaN,NaN,NaN,NaN,NaN,NaN,NaN,NaN,NaN,NaN,NaN,NaN,NaN,NaN,
13.362,-0.00762,-0.02425,0.12644,-0.30266,-0.24445,-0.28123,0.87724,NaN,NaN,NaN,NaN,NaN,NaN,NaN,NaN,NaN,NaN,NaN,NaN,NaN,NaN,NaN,NaN,NaN,NaN,NaN,NaN,NaN,
13.388,-0.00762,-0.02426,0.12644,-0.30266,-0.24445,-0.28122,0.87724,NaN,NaN,NaN,NaN,NaN,NaN,NaN,NaN,NaN,NaN,NaN,NaN,NaN,NaN,NaN,NaN,NaN,NaN,NaN,NaN,NaN,
13.412,-0.00762,-0.02426,0.12644,-0.30267,-0.24444,-0.28122,0.87724,NaN,NaN,NaN,NaN,NaN,NaN,NaN,NaN,NaN,NaN,NaN,NaN,NaN,NaN,NaN,NaN,NaN,NaN,NaN,NaN,NaN,
13.438,-0.00762,-0.02426,0.12643,-0.30267,-0.24444,-0.28122,0.87724,NaN,NaN,NaN,NaN,NaN,NaN,NaN,NaN,NaN,NaN,NaN,NaN,NaN,NaN,NaN,NaN,NaN,NaN,NaN,NaN,NaN,
13.462,-0.00762,-0.02426,0.12643,-0.30267,-0.24444,-0.28122,0.87724,NaN,NaN,NaN,NaN,NaN,NaN,NaN,NaN,NaN,NaN,NaN,NaN,NaN,NaN,NaN,NaN,NaN,NaN,NaN,NaN,NaN,
13.488,-0.00761,-0.02427,0.12642,-0.30269,-0.24443,-0.28121,0.87724,NaN,NaN,NaN,NaN,NaN,NaN,NaN,NaN,NaN,NaN,NaN,NaN,NaN,NaN,NaN,NaN,NaN,NaN,NaN,NaN,NaN,
13.512,-0.00761,-0.02427,0.12643,-0.30270,-0.24442,-0.28121,0.87724,NaN,NaN,NaN,NaN,NaN,NaN,NaN,NaN,NaN,NaN,NaN,NaN,NaN,NaN,NaN,NaN,NaN,NaN,NaN,NaN,NaN,
13.538,-0.00761,-0.02427,0.12643,-0.30269,-0.24442,-0.28121,0.87724,NaN,NaN,NaN,NaN,NaN,NaN,NaN,NaN,NaN,NaN,NaN,NaN,NaN,NaN,NaN,NaN,NaN,NaN,NaN,NaN,NaN,
13.562,-0.00761,-0.02427,0.12644,-0.30269,-0.24441,-0.28123,0.87724,NaN,NaN,NaN,NaN,NaN,NaN,NaN,NaN,NaN,NaN,NaN,NaN,NaN,NaN,NaN,NaN,NaN,NaN,NaN,NaN,NaN,
13.588,-0.00761,-0.02427,0.12645,-0.30267,-0.24441,-0.28125,0.87724,NaN,NaN,NaN,NaN,NaN,NaN,NaN,NaN,NaN,NaN,NaN,NaN,NaN,NaN,NaN,NaN,NaN,NaN,NaN,NaN,NaN,
13.612,-0.00761,-0.02427,0.12645,-0.30267,-0.24441,-0.28125,0.87724,NaN,NaN,NaN,NaN,NaN,NaN,NaN,NaN,NaN,NaN,NaN,NaN,NaN,NaN,NaN,NaN,NaN,NaN,NaN,NaN,NaN,
13.638,-0.00761,-0.02426,0.12647,-0.30263,-0.24441,-0.28130,0.87724,NaN,NaN,NaN,NaN,NaN,NaN,NaN,NaN,NaN,NaN,NaN,NaN,NaN,NaN,NaN,NaN,NaN,NaN,NaN,NaN,NaN,
13.663,-0.00761,-0.02427,0.12647,-0.30261,-0.24442,-0.28130,0.87724,NaN,NaN,NaN,NaN,NaN,NaN,NaN,NaN,NaN,NaN,NaN,NaN,NaN,NaN,NaN,NaN,NaN,NaN,NaN,NaN,NaN,
13.687,-0.00761,-0.02427,0.12647,-0.30261,-0.24442,-0.28130,0.87724,NaN,NaN,NaN,NaN,NaN,NaN,NaN,NaN,NaN,NaN,NaN,NaN,NaN,NaN,NaN,NaN,NaN,NaN,NaN,NaN,NaN,
13.712,-0.00761,-0.02427,0.12647,-0.30261,-0.24441,-0.28131,0.87724,NaN,NaN,NaN,NaN,NaN,NaN,NaN,NaN,NaN,NaN,NaN,NaN,NaN,NaN,NaN,NaN,NaN,NaN,NaN,NaN,NaN,
13.738,-0.00761,-0.02426,0.12647,-0.30263,-0.24444,-0.28127,0.87724,NaN,NaN,NaN,NaN,NaN,NaN,NaN,NaN,NaN,NaN,NaN,NaN,NaN,NaN,NaN,NaN,NaN,NaN,NaN,NaN,NaN,
13.762,-0.00761,-0.02426,0.12647,-0.30263,-0.24444,-0.28127,0.87724,NaN,NaN,NaN,NaN,NaN,NaN,NaN,NaN,NaN,NaN,NaN,NaN,NaN,NaN,NaN,NaN,NaN,NaN,NaN,NaN,NaN,
13.788,-0.00760,-0.02427,0.12646,-0.30263,-0.24445,-0.28125,0.87724,NaN,NaN,NaN,NaN,NaN,NaN,NaN,NaN,NaN,NaN,NaN,NaN,NaN,NaN,NaN,NaN,NaN,NaN,NaN,NaN,NaN,
13.812,-0.00760,-0.02427,0.12646,-0.30263,-0.24445,-0.28125,0.87724,NaN,NaN,NaN,NaN,NaN,NaN,NaN,NaN,NaN,NaN,NaN,NaN,NaN,NaN,NaN,NaN,NaN,NaN,NaN,NaN,NaN,
13.838,-0.00760,-0.02427,0.12644,-0.30264,-0.24447,-0.28122,0.87724,NaN,NaN,NaN,NaN,NaN,NaN,NaN,NaN,NaN,NaN,NaN,NaN,NaN,NaN,NaN,NaN,NaN,NaN,NaN,NaN,NaN,
13.862,-0.00760,-0.02427,0.12644,-0.30264,-0.24447,-0.28122,0.87724,NaN,NaN,NaN,NaN,NaN,NaN,NaN,NaN,NaN,NaN,NaN,NaN,NaN,NaN,NaN,NaN,NaN,NaN,NaN,NaN,NaN,
13.887,-0.00760,-0.02428,0.12643,-0.30266,-0.24448,-0.28120,0.87724,NaN,NaN,NaN,NaN,NaN,NaN,NaN,NaN,NaN,NaN,NaN,NaN,NaN,NaN,NaN,NaN,NaN,NaN,NaN,NaN,NaN,
13.912,-0.00760,-0.02428,0.12642,-0.30268,-0.24448,-0.28118,0.87724,NaN,NaN,NaN,NaN,NaN,NaN,NaN,NaN,NaN,NaN,NaN,NaN,NaN,NaN,NaN,NaN,NaN,NaN,NaN,NaN,NaN,
13.938,-0.00760,-0.02428,0.12641,-0.30272,-0.24447,-0.28113,0.87724,NaN,NaN,NaN,NaN,NaN,NaN,NaN,NaN,NaN,NaN,NaN,NaN,NaN,NaN,NaN,NaN,NaN,NaN,NaN,NaN,NaN,
13.962,-0.00760,-0.02428,0.12641,-0.30272,-0.24447,-0.28113,0.87724,NaN,NaN,NaN,NaN,NaN,NaN,NaN,NaN,NaN,NaN,NaN,NaN,NaN,NaN,NaN,NaN,NaN,NaN,NaN,NaN,NaN,
13.987,-0.00760,-0.02428,0.12640,-0.30273,-0.24448,-0.28112,0.87724,NaN,NaN,NaN,NaN,NaN,NaN,NaN,NaN,NaN,NaN,NaN,NaN,NaN,NaN,NaN,NaN,NaN,NaN,NaN,NaN,NaN,
14.012,-0.00760,-0.02429,0.12640,-0.30275,-0.24447,-0.28111,0.87724,NaN,NaN,NaN,NaN,NaN,NaN,NaN,NaN,NaN,NaN,NaN,NaN,NaN,NaN,NaN,NaN,NaN,NaN,NaN,NaN,NaN,
14.037,-0.00760,-0.02429,0.12640,-0.30275,-0.24447,-0.28111,0.87724,NaN,NaN,NaN,NaN,NaN,NaN,NaN,NaN,NaN,NaN,NaN,NaN,NaN,NaN,NaN,NaN,NaN,NaN,NaN,NaN,NaN,
14.062,-0.00760,-0.02429,0.12640,-0.30276,-0.24446,-0.28111,0.87724,NaN,NaN,NaN,NaN,NaN,NaN,NaN,NaN,NaN,NaN,NaN,NaN,NaN,NaN,NaN,NaN,NaN,NaN,NaN,NaN,NaN,
14.088,-0.00760,-0.02429,0.12640,-0.30277,-0.24445,-0.28110,0.87724,NaN,NaN,NaN,NaN,NaN,NaN,NaN,NaN,NaN,NaN,NaN,NaN,NaN,NaN,NaN,NaN,NaN,NaN,NaN,NaN,NaN,
14.113,-0.00760,-0.02429,0.12640,-0.30276,-0.24446,-0.28111,0.87724,NaN,NaN,NaN,NaN,NaN,NaN,NaN,NaN,NaN,NaN,NaN,NaN,NaN,NaN,NaN,NaN,NaN,NaN,NaN,NaN,NaN,
14.138,-0.00760,-0.02429,0.12640,-0.30278,-0.24445,-0.28109,0.87724,NaN,NaN,NaN,NaN,NaN,NaN,NaN,NaN,NaN,NaN,NaN,NaN,NaN,NaN,NaN,NaN,NaN,NaN,NaN,NaN,NaN,
14.162,-0.00760,-0.02429,0.12640,-0.30278,-0.24445,-0.28109,0.87724,NaN,NaN,NaN,NaN,NaN,NaN,NaN,NaN,NaN,NaN,NaN,NaN,NaN,NaN,NaN,NaN,NaN,NaN,NaN,NaN,NaN,
14.188,-0.00760,-0.02428,0.12641,-0.30275,-0.24445,-0.28112,0.87724,NaN,NaN,NaN,NaN,NaN,NaN,NaN,NaN,NaN,NaN,NaN,NaN,NaN,NaN,NaN,NaN,NaN,NaN,NaN,NaN,NaN,
14.212,-0.00760,-0.02428,0.12642,-0.30275,-0.24445,-0.28113,0.87724,NaN,NaN,NaN,NaN,NaN,NaN,NaN,NaN,NaN,NaN,NaN,NaN,NaN,NaN,NaN,NaN,NaN,NaN,NaN,NaN,NaN,
14.238,-0.00761,-0.02428,0.12642,-0.30273,-0.24446,-0.28114,0.87724,NaN,NaN,NaN,NaN,NaN,NaN,NaN,NaN,NaN,NaN,NaN,NaN,NaN,NaN,NaN,NaN,NaN,NaN,NaN,NaN,NaN,
14.262,-0.00761,-0.02428,0.12642,-0.30273,-0.24446,-0.28114,0.87724,NaN,NaN,NaN,NaN,NaN,NaN,NaN,NaN,NaN,NaN,NaN,NaN,NaN,NaN,NaN,NaN,NaN,NaN,NaN,NaN,NaN,
14.288,-0.00761,-0.02427,0.12643,-0.30271,-0.24447,-0.28115,0.87724,NaN,NaN,NaN,NaN,NaN,NaN,NaN,NaN,NaN,NaN,NaN,NaN,NaN,NaN,NaN,NaN,NaN,NaN,NaN,NaN,NaN,
14.313,-0.00762,-0.02427,0.12643,-0.30270,-0.24447,-0.28116,0.87724,NaN,NaN,NaN,NaN,NaN,NaN,NaN,NaN,NaN,NaN,NaN,NaN,NaN,NaN,NaN,NaN,NaN,NaN,NaN,NaN,NaN,
14.338,-0.00762,-0.02427,0.12644,-0.30268,-0.24447,-0.28118,0.87724,NaN,NaN,NaN,NaN,NaN,NaN,NaN,NaN,NaN,NaN,NaN,NaN,NaN,NaN,NaN,NaN,NaN,NaN,NaN,NaN,NaN,
14.362,-0.00762,-0.02426,0.12644,-0.30267,-0.24447,-0.28120,0.87724,NaN,NaN,NaN,NaN,NaN,NaN,NaN,NaN,NaN,NaN,NaN,NaN,NaN,NaN,NaN,NaN,NaN,NaN,NaN,NaN,NaN,
14.388,-0.00762,-0.02426,0.12645,-0.30265,-0.24448,-0.28120,0.87724,NaN,NaN,NaN,NaN,NaN,NaN,NaN,NaN,NaN,NaN,NaN,NaN,NaN,NaN,NaN,NaN,NaN,NaN,NaN,NaN,NaN,
14.412,-0.00762,-0.02426,0.12645,-0.30265,-0.24448,-0.28120,0.87724,NaN,NaN,NaN,NaN,NaN,NaN,NaN,NaN,NaN,NaN,NaN,NaN,NaN,NaN,NaN,NaN,NaN,NaN,NaN,NaN,NaN,
14.438,-0.00763,-0.02425,0.12646,-0.30263,-0.24448,-0.28122,0.87724,NaN,NaN,NaN,NaN,NaN,NaN,NaN,NaN,NaN,NaN,NaN,NaN,NaN,NaN,NaN,NaN,NaN,NaN,NaN,NaN,NaN,
14.462,-0.00763,-0.02425,0.12646,-0.30263,-0.24448,-0.28122,0.87724,NaN,NaN,NaN,NaN,NaN,NaN,NaN,NaN,NaN,NaN,NaN,NaN,NaN,NaN,NaN,NaN,NaN,NaN,NaN,NaN,NaN,
14.487,-0.00763,-0.02425,0.12646,-0.30262,-0.24449,-0.28123,0.87724,NaN,NaN,NaN,NaN,NaN,NaN,NaN,NaN,NaN,NaN,NaN,NaN,NaN,NaN,NaN,NaN,NaN,NaN,NaN,NaN,NaN,
14.512,-0.00763,-0.02425,0.12646,-0.30261,-0.24449,-0.28123,0.87724,NaN,NaN,NaN,NaN,NaN,NaN,NaN,NaN,NaN,NaN,NaN,NaN,NaN,NaN,NaN,NaN,NaN,NaN,NaN,NaN,NaN,
14.538,-0.00763,-0.02425,0.12646,-0.30259,-0.24450,-0.28125,0.87724,NaN,NaN,NaN,NaN,NaN,NaN,NaN,NaN,NaN,NaN,NaN,NaN,NaN,NaN,NaN,NaN,NaN,NaN,NaN,NaN,NaN,
14.562,-0.00763,-0.02425,0.12646,-0.30259,-0.24448,-0.28127,0.87724,NaN,NaN,NaN,NaN,NaN,NaN,NaN,NaN,NaN,NaN,NaN,NaN,NaN,NaN,NaN,NaN,NaN,NaN,NaN,NaN,NaN,
14.587,-0.00763,-0.02425,0.12646,-0.30259,-0.24448,-0.28127,0.87724,NaN,NaN,NaN,NaN,NaN,NaN,NaN,NaN,NaN,NaN,NaN,NaN,NaN,NaN,NaN,NaN,NaN,NaN,NaN,NaN,NaN,
14.612,-0.00764,-0.02425,0.12646,-0.30259,-0.24448,-0.28127,0.87724,NaN,NaN,NaN,NaN,NaN,NaN,NaN,NaN,NaN,NaN,NaN,NaN,NaN,NaN,NaN,NaN,NaN,NaN,NaN,NaN,NaN,
14.637,-0.00764,-0.02425,0.12646,-0.30259,-0.24448,-0.28127,0.87724,NaN,NaN,NaN,NaN,NaN,NaN,NaN,NaN,NaN,NaN,NaN,NaN,NaN,NaN,NaN,NaN,NaN,NaN,NaN,NaN,NaN,
14.662,-0.00763,-0.02425,0.12647,-0.30260,-0.24447,-0.28127,0.87724,NaN,NaN,NaN,NaN,NaN,NaN,NaN,NaN,NaN,NaN,NaN,NaN,NaN,NaN,NaN,NaN,NaN,NaN,NaN,NaN,NaN,
14.688,-0.00763,-0.02426,0.12647,-0.30259,-0.24447,-0.28128,0.87724,NaN,NaN,NaN,NaN,NaN,NaN,NaN,NaN,NaN,NaN,NaN,NaN,NaN,NaN,NaN,NaN,NaN,NaN,NaN,NaN,NaN,
14.712,-0.00763,-0.02426,0.12647,-0.30259,-0.24447,-0.28128,0.87724,NaN,NaN,NaN,NaN,NaN,NaN,NaN,NaN,NaN,NaN,NaN,NaN,NaN,NaN,NaN,NaN,NaN,NaN,NaN,NaN,NaN,
14.738,-0.00762,-0.02426,0.12647,-0.30258,-0.24446,-0.28130,0.87724,NaN,NaN,NaN,NaN,NaN,NaN,NaN,NaN,NaN,NaN,NaN,NaN,NaN,NaN,NaN,NaN,NaN,NaN,NaN,NaN,NaN,
14.762,-0.00762,-0.02427,0.12647,-0.30258,-0.24445,-0.28130,0.87724,NaN,NaN,NaN,NaN,NaN,NaN,NaN,NaN,NaN,NaN,NaN,NaN,NaN,NaN,NaN,NaN,NaN,NaN,NaN,NaN,NaN,
14.788,-0.00762,-0.02427,0.12647,-0.30259,-0.24445,-0.28130,0.87724,NaN,NaN,NaN,NaN,NaN,NaN,NaN,NaN,NaN,NaN,NaN,NaN,NaN,NaN,NaN,NaN,NaN,NaN,NaN,NaN,NaN,
14.812,-0.00762,-0.02427,0.12647,-0.30259,-0.24445,-0.28130,0.87724,NaN,NaN,NaN,NaN,NaN,NaN,NaN,NaN,NaN,NaN,NaN,NaN,NaN,NaN,NaN,NaN,NaN,NaN,NaN,NaN,NaN,
14.838,-0.00761,-0.02426,0.12649,-0.30265,-0.24439,-0.28128,0.87724,NaN,NaN,NaN,NaN,NaN,NaN,NaN,NaN,NaN,NaN,NaN,NaN,NaN,NaN,NaN,NaN,NaN,NaN,NaN,NaN,NaN,
14.862,-0.00761,-0.02426,0.12649,-0.30265,-0.24439,-0.28128,0.87724,NaN,NaN,NaN,NaN,NaN,NaN,NaN,NaN,NaN,NaN,NaN,NaN,NaN,NaN,NaN,NaN,NaN,NaN,NaN,NaN,NaN,
14.887,-0.00761,-0.02426,0.12647,-0.30263,-0.24447,-0.28123,0.87724,NaN,NaN,NaN,NaN,NaN,NaN,NaN,NaN,NaN,NaN,NaN,NaN,NaN,NaN,NaN,NaN,NaN,NaN,NaN,NaN,NaN,
14.912,-0.00760,-0.02425,0.12646,-0.30267,-0.24446,-0.28120,0.87724,NaN,NaN,NaN,NaN,NaN,NaN,NaN,NaN,NaN,NaN,NaN,NaN,NaN,NaN,NaN,NaN,NaN,NaN,NaN,NaN,NaN,
14.938,-0.00758,-0.02423,0.12638,-0.30289,-0.24454,-0.28089,0.87724,NaN,NaN,NaN,NaN,NaN,NaN,NaN,NaN,NaN,NaN,NaN,NaN,NaN,NaN,NaN,NaN,NaN,NaN,NaN,NaN,NaN,
14.962,-0.00758,-0.02423,0.12638,-0.30289,-0.24454,-0.28089,0.87724,NaN,NaN,NaN,NaN,NaN,NaN,NaN,NaN,NaN,NaN,NaN,NaN,NaN,NaN,NaN,NaN,NaN,NaN,NaN,NaN,NaN,
14.987,-0.00755,-0.02429,0.12646,-0.30276,-0.24440,-0.28116,0.87724,NaN,NaN,NaN,NaN,NaN,NaN,NaN,NaN,NaN,NaN,NaN,NaN,NaN,NaN,NaN,NaN,NaN,NaN,NaN,NaN,NaN,
15.012,-0.00761,-0.02427,0.12642,-0.30265,-0.24452,-0.28117,0.87725,NaN,NaN,NaN,NaN,NaN,NaN,NaN,NaN,NaN,NaN,NaN,NaN,NaN,NaN,NaN,NaN,NaN,NaN,NaN,NaN,NaN,
15.037,-0.00762,-0.02427,0.12640,-0.30264,-0.24453,-0.28117,0.87725,NaN,NaN,NaN,NaN,NaN,NaN,NaN,NaN,NaN,NaN,NaN,NaN,NaN,NaN,NaN,NaN,NaN,NaN,NaN,NaN,NaN,
15.062,-0.00753,-0.02428,0.12651,-0.30287,-0.24430,-0.28113,0.87724,NaN,NaN,NaN,NaN,NaN,NaN,NaN,NaN,NaN,NaN,NaN,NaN,NaN,NaN,NaN,NaN,NaN,NaN,NaN,NaN,NaN,
15.087,-0.00753,-0.02428,0.12651,-0.30287,-0.24430,-0.28113,0.87724,NaN,NaN,NaN,NaN,NaN,NaN,NaN,NaN,NaN,NaN,NaN,NaN,NaN,NaN,NaN,NaN,NaN,NaN,NaN,NaN,NaN,
15.113,-0.00759,-0.02422,0.12642,-0.30298,-0.24442,-0.28090,0.87724,NaN,NaN,NaN,NaN,NaN,NaN,NaN,NaN,NaN,NaN,NaN,NaN,NaN,NaN,NaN,NaN,NaN,NaN,NaN,NaN,NaN,
15.138,-0.00760,-0.02426,0.12644,-0.30252,-0.24460,-0.28122,0.87725,NaN,NaN,NaN,NaN,NaN,NaN,NaN,NaN,NaN,NaN,NaN,NaN,NaN,NaN,NaN,NaN,NaN,NaN,NaN,NaN,NaN,
15.163,-0.00754,-0.02426,0.12654,-0.30275,-0.24435,-0.28123,0.87724,NaN,NaN,NaN,NaN,NaN,NaN,NaN,NaN,NaN,NaN,NaN,NaN,NaN,NaN,NaN,NaN,NaN,NaN,NaN,NaN,NaN,
15.187,-0.00754,-0.02426,0.12654,-0.30275,-0.24435,-0.28123,0.87724,NaN,NaN,NaN,NaN,NaN,NaN,NaN,NaN,NaN,NaN,NaN,NaN,NaN,NaN,NaN,NaN,NaN,NaN,NaN,NaN,NaN,
15.212,-0.00767,-0.02421,0.12637,-0.30257,-0.24469,-0.28109,0.87725,NaN,NaN,NaN,NaN,NaN,NaN,NaN,NaN,NaN,NaN,NaN,NaN,NaN,NaN,NaN,NaN,NaN,NaN,NaN,NaN,NaN,
15.238,-0.00758,-0.02424,0.12648,-0.30269,-0.24450,-0.28114,0.87724,NaN,NaN,NaN,NaN,NaN,NaN,NaN,NaN,NaN,NaN,NaN,NaN,NaN,NaN,NaN,NaN,NaN,NaN,NaN,NaN,NaN,
15.262,-0.00758,-0.02424,0.12648,-0.30269,-0.24450,-0.28114,0.87724,NaN,NaN,NaN,NaN,NaN,NaN,NaN,NaN,NaN,NaN,NaN,NaN,NaN,NaN,NaN,NaN,NaN,NaN,NaN,NaN,NaN,
15.288,-0.00764,-0.02418,0.12638,-0.30278,-0.24466,-0.28089,0.87725,NaN,NaN,NaN,NaN,NaN,NaN,NaN,NaN,NaN,NaN,NaN,NaN,NaN,NaN,NaN,NaN,NaN,NaN,NaN,NaN,NaN,
15.312,-0.00759,-0.02422,0.12646,-0.30266,-0.24456,-0.28111,0.87725,NaN,NaN,NaN,NaN,NaN,NaN,NaN,NaN,NaN,NaN,NaN,NaN,NaN,NaN,NaN,NaN,NaN,NaN,NaN,NaN,NaN,
15.338,-0.00756,-0.02423,0.12650,-0.30275,-0.24450,-0.28108,0.87724,NaN,NaN,NaN,NaN,NaN,NaN,NaN,NaN,NaN,NaN,NaN,NaN,NaN,NaN,NaN,NaN,NaN,NaN,NaN,NaN,NaN,
15.362,-0.00756,-0.02423,0.12650,-0.30275,-0.24450,-0.28108,0.87724,NaN,NaN,NaN,NaN,NaN,NaN,NaN,NaN,NaN,NaN,NaN,NaN,NaN,NaN,NaN,NaN,NaN,NaN,NaN,NaN,NaN,
15.387,-0.00763,-0.02421,0.12642,-0.30267,-0.24462,-0.28105,0.87725,NaN,NaN,NaN,NaN,NaN,NaN,NaN,NaN,NaN,NaN,NaN,NaN,NaN,NaN,NaN,NaN,NaN,NaN,NaN,NaN,NaN,
15.412,-0.00760,-0.02423,0.12649,-0.30259,-0.24452,-0.28122,0.87725,NaN,NaN,NaN,NaN,NaN,NaN,NaN,NaN,NaN,NaN,NaN,NaN,NaN,NaN,NaN,NaN,NaN,NaN,NaN,NaN,NaN,
15.437,-0.00760,-0.02423,0.12649,-0.30259,-0.24452,-0.28122,0.87725,NaN,NaN,NaN,NaN,NaN,NaN,NaN,NaN,NaN,NaN,NaN,NaN,NaN,NaN,NaN,NaN,NaN,NaN,NaN,NaN,NaN,
15.462,-0.00761,-0.02422,0.12646,-0.30270,-0.24455,-0.28108,0.87725,NaN,NaN,NaN,NaN,NaN,NaN,NaN,NaN,NaN,NaN,NaN,NaN,NaN,NaN,NaN,NaN,NaN,NaN,NaN,NaN,NaN,
15.487,-0.00764,-0.02421,0.12643,-0.30271,-0.24456,-0.28105,0.87725,NaN,NaN,NaN,NaN,NaN,NaN,NaN,NaN,NaN,NaN,NaN,NaN,NaN,NaN,NaN,NaN,NaN,NaN,NaN,NaN,NaN,
15.512,-0.00762,-0.02422,0.12645,-0.30269,-0.24455,-0.28109,0.87725,NaN,NaN,NaN,NaN,NaN,NaN,NaN,NaN,NaN,NaN,NaN,NaN,NaN,NaN,NaN,NaN,NaN,NaN,NaN,NaN,NaN,
15.538,-0.00761,-0.02422,0.12646,-0.30270,-0.24456,-0.28107,0.87725,NaN,NaN,NaN,NaN,NaN,NaN,NaN,NaN,NaN,NaN,NaN,NaN,NaN,NaN,NaN,NaN,NaN,NaN,NaN,NaN,NaN,
15.562,-0.00761,-0.02422,0.12646,-0.30270,-0.24456,-0.28107,0.87725,NaN,NaN,NaN,NaN,NaN,NaN,NaN,NaN,NaN,NaN,NaN,NaN,NaN,NaN,NaN,NaN,NaN,NaN,NaN,NaN,NaN,
15.588,-0.00762,-0.02422,0.12644,-0.30271,-0.24456,-0.28107,0.87725,NaN,NaN,NaN,NaN,NaN,NaN,NaN,NaN,NaN,NaN,NaN,NaN,NaN,NaN,NaN,NaN,NaN,NaN,NaN,NaN,NaN,
15.612,-0.00762,-0.02422,0.12644,-0.30271,-0.24456,-0.28107,0.87725,NaN,NaN,NaN,NaN,NaN,NaN,NaN,NaN,NaN,NaN,NaN,NaN,NaN,NaN,NaN,NaN,NaN,NaN,NaN,NaN,NaN,
15.638,-0.00761,-0.02423,0.12643,-0.30273,-0.24455,-0.28105,0.87725,NaN,NaN,NaN,NaN,NaN,NaN,NaN,NaN,NaN,NaN,NaN,NaN,NaN,NaN,NaN,NaN,NaN,NaN,NaN,NaN,NaN,
15.663,-0.00761,-0.02423,0.12643,-0.30275,-0.24452,-0.28106,0.87725,NaN,NaN,NaN,NaN,NaN,NaN,NaN,NaN,NaN,NaN,NaN,NaN,NaN,NaN,NaN,NaN,NaN,NaN,NaN,NaN,NaN,
15.688,-0.00762,-0.02423,0.12641,-0.30274,-0.24455,-0.28104,0.87725,NaN,NaN,NaN,NaN,NaN,NaN,NaN,NaN,NaN,NaN,NaN,NaN,NaN,NaN,NaN,NaN,NaN,NaN,NaN,NaN,NaN,
15.712,-0.00762,-0.02423,0.12641,-0.30274,-0.24457,-0.28102,0.87725,NaN,NaN,NaN,NaN,NaN,NaN,NaN,NaN,NaN,NaN,NaN,NaN,NaN,NaN,NaN,NaN,NaN,NaN,NaN,NaN,NaN,
15.738,-0.00761,-0.02423,0.12641,-0.30275,-0.24456,-0.28103,0.87725,NaN,NaN,NaN,NaN,NaN,NaN,NaN,NaN,NaN,NaN,NaN,NaN,NaN,NaN,NaN,NaN,NaN,NaN,NaN,NaN,NaN,
15.763,-0.00761,-0.02423,0.12641,-0.30273,-0.24456,-0.28104,0.87725,NaN,NaN,NaN,NaN,NaN,NaN,NaN,NaN,NaN,NaN,NaN,NaN,NaN,NaN,NaN,NaN,NaN,NaN,NaN,NaN,NaN,
15.788,-0.00762,-0.02423,0.12641,-0.30273,-0.24455,-0.28105,0.87725,NaN,NaN,NaN,NaN,NaN,NaN,NaN,NaN,NaN,NaN,NaN,NaN,NaN,NaN,NaN,NaN,NaN,NaN,NaN,NaN,NaN,
15.812,-0.00762,-0.02423,0.12641,-0.30271,-0.24456,-0.28107,0.87725,NaN,NaN,NaN,NaN,NaN,NaN,NaN,NaN,NaN,NaN,NaN,NaN,NaN,NaN,NaN,NaN,NaN,NaN,NaN,NaN,NaN,
15.837,-0.00762,-0.02423,0.12641,-0.30271,-0.24456,-0.28107,0.87725,NaN,NaN,NaN,NaN,NaN,NaN,NaN,NaN,NaN,NaN,NaN,NaN,NaN,NaN,NaN,NaN,NaN,NaN,NaN,NaN,NaN,
15.862,-0.00761,-0.02424,0.12643,-0.30271,-0.24453,-0.28110,0.87725,NaN,NaN,NaN,NaN,NaN,NaN,NaN,NaN,NaN,NaN,NaN,NaN,NaN,NaN,NaN,NaN,NaN,NaN,NaN,NaN,NaN,
15.888,-0.00761,-0.02423,0.12644,-0.30269,-0.24450,-0.28114,0.87724,NaN,NaN,NaN,NaN,NaN,NaN,NaN,NaN,NaN,NaN,NaN,NaN,NaN,NaN,NaN,NaN,NaN,NaN,NaN,NaN,NaN,
15.912,-0.00761,-0.02423,0.12644,-0.30269,-0.24450,-0.28114,0.87724,NaN,NaN,NaN,NaN,NaN,NaN,NaN,NaN,NaN,NaN,NaN,NaN,NaN,NaN,NaN,NaN,NaN,NaN,NaN,NaN,NaN,
15.938,-0.00760,-0.02423,0.12646,-0.30268,-0.24449,-0.28116,0.87724,NaN,NaN,NaN,NaN,NaN,NaN,NaN,NaN,NaN,NaN,NaN,NaN,NaN,NaN,NaN,NaN,NaN,NaN,NaN,NaN,NaN,
15.962,-0.00760,-0.02423,0.12646,-0.30268,-0.24449,-0.28116,0.87724,NaN,NaN,NaN,NaN,NaN,NaN,NaN,NaN,NaN,NaN,NaN,NaN,NaN,NaN,NaN,NaN,NaN,NaN,NaN,NaN,NaN,
15.988,-0.00761,-0.02424,0.12646,-0.30267,-0.24448,-0.28118,0.87724,NaN,NaN,NaN,NaN,NaN,NaN,NaN,NaN,NaN,NaN,NaN,NaN,NaN,NaN,NaN,NaN,NaN,NaN,NaN,NaN,NaN,
16.012,-0.00761,-0.02424,0.12646,-0.30267,-0.24448,-0.28118,0.87724,NaN,NaN,NaN,NaN,NaN,NaN,NaN,NaN,NaN,NaN,NaN,NaN,NaN,NaN,NaN,NaN,NaN,NaN,NaN,NaN,NaN,
16.038,-0.00760,-0.02424,0.12646,-0.30269,-0.24447,-0.28118,0.87724,NaN,NaN,NaN,NaN,NaN,NaN,NaN,NaN,NaN,NaN,NaN,NaN,NaN,NaN,NaN,NaN,NaN,NaN,NaN,NaN,NaN,
16.062,-0.00760,-0.02424,0.12646,-0.30269,-0.24447,-0.28118,0.87724,NaN,NaN,NaN,NaN,NaN,NaN,NaN,NaN,NaN,NaN,NaN,NaN,NaN,NaN,NaN,NaN,NaN,NaN,NaN,NaN,NaN,
16.087,-0.00760,-0.02424,0.12646,-0.30270,-0.24446,-0.28116,0.87724,NaN,NaN,NaN,NaN,NaN,NaN,NaN,NaN,NaN,NaN,NaN,NaN,NaN,NaN,NaN,NaN,NaN,NaN,NaN,NaN,NaN,
16.112,-0.00760,-0.02424,0.12645,-0.30271,-0.24449,-0.28113,0.87724,NaN,NaN,NaN,NaN,NaN,NaN,NaN,NaN,NaN,NaN,NaN,NaN,NaN,NaN,NaN,NaN,NaN,NaN,NaN,NaN,NaN,
16.138,-0.00759,-0.02425,0.12644,-0.30273,-0.24449,-0.28111,0.87724,NaN,NaN,NaN,NaN,NaN,NaN,NaN,NaN,NaN,NaN,NaN,NaN,NaN,NaN,NaN,NaN,NaN,NaN,NaN,NaN,NaN,
16.163,-0.00759,-0.02424,0.12644,-0.30275,-0.24449,-0.28110,0.87724,NaN,NaN,NaN,NaN,NaN,NaN,NaN,NaN,NaN,NaN,NaN,NaN,NaN,NaN,NaN,NaN,NaN,NaN,NaN,NaN,NaN,
16.187,-0.00759,-0.02424,0.12644,-0.30275,-0.24449,-0.28110,0.87724,NaN,NaN,NaN,NaN,NaN,NaN,NaN,NaN,NaN,NaN,NaN,NaN,NaN,NaN,NaN,NaN,NaN,NaN,NaN,NaN,NaN,
16.212,-0.00760,-0.02425,0.12643,-0.30273,-0.24450,-0.28109,0.87724,NaN,NaN,NaN,NaN,NaN,NaN,NaN,NaN,NaN,NaN,NaN,NaN,NaN,NaN,NaN,NaN,NaN,NaN,NaN,NaN,NaN,
16.237,-0.00759,-0.02425,0.12643,-0.30275,-0.24449,-0.28109,0.87724,NaN,NaN,NaN,NaN,NaN,NaN,NaN,NaN,NaN,NaN,NaN,NaN,NaN,NaN,NaN,NaN,NaN,NaN,NaN,NaN,NaN,
16.262,-0.00759,-0.02425,0.12642,-0.30276,-0.24451,-0.28106,0.87724,NaN,NaN,NaN,NaN,NaN,NaN,NaN,NaN,NaN,NaN,NaN,NaN,NaN,NaN,NaN,NaN,NaN,NaN,NaN,NaN,NaN,
16.287,-0.00759,-0.02425,0.12642,-0.30276,-0.24451,-0.28106,0.87724,NaN,NaN,NaN,NaN,NaN,NaN,NaN,NaN,NaN,NaN,NaN,NaN,NaN,NaN,NaN,NaN,NaN,NaN,NaN,NaN,NaN,
16.312,-0.00760,-0.02425,0.12642,-0.30275,-0.24453,-0.28105,0.87725,NaN,NaN,NaN,NaN,NaN,NaN,NaN,NaN,NaN,NaN,NaN,NaN,NaN,NaN,NaN,NaN,NaN,NaN,NaN,NaN,NaN,
16.338,-0.00759,-0.02425,0.12642,-0.30277,-0.24452,-0.28104,0.87724,NaN,NaN,NaN,NaN,NaN,NaN,NaN,NaN,NaN,NaN,NaN,NaN,NaN,NaN,NaN,NaN,NaN,NaN,NaN,NaN,NaN,
16.362,-0.00760,-0.02425,0.12641,-0.30277,-0.24453,-0.28103,0.87725,NaN,NaN,NaN,NaN,NaN,NaN,NaN,NaN,NaN,NaN,NaN,NaN,NaN,NaN,NaN,NaN,NaN,NaN,NaN,NaN,NaN,
16.388,-0.00760,-0.02425,0.12641,-0.30277,-0.24454,-0.28102,0.87725,NaN,NaN,NaN,NaN,NaN,NaN,NaN,NaN,NaN,NaN,NaN,NaN,NaN,NaN,NaN,NaN,NaN,NaN,NaN,NaN,NaN,
16.412,-0.00760,-0.02425,0.12641,-0.30277,-0.24454,-0.28102,0.87725,NaN,NaN,NaN,NaN,NaN,NaN,NaN,NaN,NaN,NaN,NaN,NaN,NaN,NaN,NaN,NaN,NaN,NaN,NaN,NaN,NaN,
16.438,-0.00759,-0.02425,0.12641,-0.30279,-0.24453,-0.28100,0.87725,NaN,NaN,NaN,NaN,NaN,NaN,NaN,NaN,NaN,NaN,NaN,NaN,NaN,NaN,NaN,NaN,NaN,NaN,NaN,NaN,NaN,
16.462,-0.00760,-0.02425,0.12640,-0.30279,-0.24455,-0.28098,0.87725,NaN,NaN,NaN,NaN,NaN,NaN,NaN,NaN,NaN,NaN,NaN,NaN,NaN,NaN,NaN,NaN,NaN,NaN,NaN,NaN,NaN,
16.488,-0.00760,-0.02425,0.12641,-0.30280,-0.24455,-0.28098,0.87725,NaN,NaN,NaN,NaN,NaN,NaN,NaN,NaN,NaN,NaN,NaN,NaN,NaN,NaN,NaN,NaN,NaN,NaN,NaN,NaN,NaN,
16.513,-0.00759,-0.02425,0.12642,-0.30281,-0.24454,-0.28098,0.87725,NaN,NaN,NaN,NaN,NaN,NaN,NaN,NaN,NaN,NaN,NaN,NaN,NaN,NaN,NaN,NaN,NaN,NaN,NaN,NaN,NaN,
16.538,-0.00760,-0.02424,0.12642,-0.30280,-0.24454,-0.28099,0.87725,NaN,NaN,NaN,NaN,NaN,NaN,NaN,NaN,NaN,NaN,NaN,NaN,NaN,NaN,NaN,NaN,NaN,NaN,NaN,NaN,NaN,
16.562,-0.00761,-0.02424,0.12641,-0.30279,-0.24456,-0.28098,0.87725,NaN,NaN,NaN,NaN,NaN,NaN,NaN,NaN,NaN,NaN,NaN,NaN,NaN,NaN,NaN,NaN,NaN,NaN,NaN,NaN,NaN,
16.588,-0.00760,-0.02424,0.12642,-0.30278,-0.24456,-0.28098,0.87725,NaN,NaN,NaN,NaN,NaN,NaN,NaN,NaN,NaN,NaN,NaN,NaN,NaN,NaN,NaN,NaN,NaN,NaN,NaN,NaN,NaN,
16.613,-0.00760,-0.02424,0.12643,-0.30278,-0.24455,-0.28100,0.87725,NaN,NaN,NaN,NaN,NaN,NaN,NaN,NaN,NaN,NaN,NaN,NaN,NaN,NaN,NaN,NaN,NaN,NaN,NaN,NaN,NaN,
16.638,-0.00761,-0.02423,0.12642,-0.30276,-0.24456,-0.28100,0.87725,NaN,NaN,NaN,NaN,NaN,NaN,NaN,NaN,NaN,NaN,NaN,NaN,NaN,NaN,NaN,NaN,NaN,NaN,NaN,NaN,NaN,
16.662,-0.00761,-0.02423,0.12642,-0.30276,-0.24456,-0.28100,0.87725,NaN,NaN,NaN,NaN,NaN,NaN,NaN,NaN,NaN,NaN,NaN,NaN,NaN,NaN,NaN,NaN,NaN,NaN,NaN,NaN,NaN,
16.687,-0.00761,-0.02423,0.12643,-0.30274,-0.24457,-0.28102,0.87725,NaN,NaN,NaN,NaN,NaN,NaN,NaN,NaN,NaN,NaN,NaN,NaN,NaN,NaN,NaN,NaN,NaN,NaN,NaN,NaN,NaN,
16.712,-0.00761,-0.02423,0.12644,-0.30273,-0.24457,-0.28103,0.87725,NaN,NaN,NaN,NaN,NaN,NaN,NaN,NaN,NaN,NaN,NaN,NaN,NaN,NaN,NaN,NaN,NaN,NaN,NaN,NaN,NaN,
16.737,-0.00761,-0.02423,0.12644,-0.30273,-0.24457,-0.28103,0.87725,NaN,NaN,NaN,NaN,NaN,NaN,NaN,NaN,NaN,NaN,NaN,NaN,NaN,NaN,NaN,NaN,NaN,NaN,NaN,NaN,NaN,
16.762,-0.00762,-0.02422,0.12643,-0.30271,-0.24459,-0.28104,0.87725,NaN,NaN,NaN,NaN,NaN,NaN,NaN,NaN,NaN,NaN,NaN,NaN,NaN,NaN,NaN,NaN,NaN,NaN,NaN,NaN,NaN,
16.787,-0.00762,-0.02422,0.12643,-0.30271,-0.24459,-0.28104,0.87725,NaN,NaN,NaN,NaN,NaN,NaN,NaN,NaN,NaN,NaN,NaN,NaN,NaN,NaN,NaN,NaN,NaN,NaN,NaN,NaN,NaN,
16.812,-0.00762,-0.02423,0.12644,-0.30271,-0.24458,-0.28104,0.87725,NaN,NaN,NaN,NaN,NaN,NaN,NaN,NaN,NaN,NaN,NaN,NaN,NaN,NaN,NaN,NaN,NaN,NaN,NaN,NaN,NaN,
16.838,-0.00763,-0.02422,0.12644,-0.30269,-0.24457,-0.28107,0.87725,NaN,NaN,NaN,NaN,NaN,NaN,NaN,NaN,NaN,NaN,NaN,NaN,NaN,NaN,NaN,NaN,NaN,NaN,NaN,NaN,NaN,
16.863,-0.00763,-0.02422,0.12644,-0.30268,-0.24459,-0.28107,0.87725,NaN,NaN,NaN,NaN,NaN,NaN,NaN,NaN,NaN,NaN,NaN,NaN,NaN,NaN,NaN,NaN,NaN,NaN,NaN,NaN,NaN,
16.888,-0.00762,-0.02422,0.12645,-0.30269,-0.24456,-0.28109,0.87725,NaN,NaN,NaN,NaN,NaN,NaN,NaN,NaN,NaN,NaN,NaN,NaN,NaN,NaN,NaN,NaN,NaN,NaN,NaN,NaN,NaN,
16.912,-0.00762,-0.02422,0.12645,-0.30269,-0.24456,-0.28109,0.87725,NaN,NaN,NaN,NaN,NaN,NaN,NaN,NaN,NaN,NaN,NaN,NaN,NaN,NaN,NaN,NaN,NaN,NaN,NaN,NaN,NaN,
16.938,-0.00763,-0.02422,0.12645,-0.30266,-0.24457,-0.28110,0.87725,NaN,NaN,NaN,NaN,NaN,NaN,NaN,NaN,NaN,NaN,NaN,NaN,NaN,NaN,NaN,NaN,NaN,NaN,NaN,NaN,NaN,
16.962,-0.00763,-0.02422,0.12646,-0.30266,-0.24456,-0.28112,0.87725,NaN,NaN,NaN,NaN,NaN,NaN,NaN,NaN,NaN,NaN,NaN,NaN,NaN,NaN,NaN,NaN,NaN,NaN,NaN,NaN,NaN,
16.988,-0.00762,-0.02422,0.12647,-0.30266,-0.24453,-0.28114,0.87725,NaN,NaN,NaN,NaN,NaN,NaN,NaN,NaN,NaN,NaN,NaN,NaN,NaN,NaN,NaN,NaN,NaN,NaN,NaN,NaN,NaN,
17.012,-0.00762,-0.02422,0.12647,-0.30265,-0.24453,-0.28116,0.87725,NaN,NaN,NaN,NaN,NaN,NaN,NaN,NaN,NaN,NaN,NaN,NaN,NaN,NaN,NaN,NaN,NaN,NaN,NaN,NaN,NaN,
17.037,-0.00762,-0.02422,0.12647,-0.30265,-0.24453,-0.28116,0.87725,NaN,NaN,NaN,NaN,NaN,NaN,NaN,NaN,NaN,NaN,NaN,NaN,NaN,NaN,NaN,NaN,NaN,NaN,NaN,NaN,NaN,
17.063,-0.00762,-0.02422,0.12648,-0.30263,-0.24452,-0.28118,0.87725,NaN,NaN,NaN,NaN,NaN,NaN,NaN,NaN,NaN,NaN,NaN,NaN,NaN,NaN,NaN,NaN,NaN,NaN,NaN,NaN,NaN,
17.087,-0.00762,-0.02422,0.12648,-0.30263,-0.24452,-0.28118,0.87725,NaN,NaN,NaN,NaN,NaN,NaN,NaN,NaN,NaN,NaN,NaN,NaN,NaN,NaN,NaN,NaN,NaN,NaN,NaN,NaN,NaN,
17.113,-0.00762,-0.02422,0.12648,-0.30265,-0.24452,-0.28117,0.87725,NaN,NaN,NaN,NaN,NaN,NaN,NaN,NaN,NaN,NaN,NaN,NaN,NaN,NaN,NaN,NaN,NaN,NaN,NaN,NaN,NaN,
17.138,-0.00762,-0.02422,0.12648,-0.30263,-0.24454,-0.28117,0.87725,NaN,NaN,NaN,NaN,NaN,NaN,NaN,NaN,NaN,NaN,NaN,NaN,NaN,NaN,NaN,NaN,NaN,NaN,NaN,NaN,NaN,
17.162,-0.00762,-0.02422,0.12648,-0.30263,-0.24454,-0.28117,0.87725,NaN,NaN,NaN,NaN,NaN,NaN,NaN,NaN,NaN,NaN,NaN,NaN,NaN,NaN,NaN,NaN,NaN,NaN,NaN,NaN,NaN,
17.187,-0.00761,-0.02422,0.12648,-0.30264,-0.24454,-0.28116,0.87725,NaN,NaN,NaN,NaN,NaN,NaN,NaN,NaN,NaN,NaN,NaN,NaN,NaN,NaN,NaN,NaN,NaN,NaN,NaN,NaN,NaN,
17.213,-0.00761,-0.02422,0.12647,-0.30266,-0.24454,-0.28114,0.87725,NaN,NaN,NaN,NaN,NaN,NaN,NaN,NaN,NaN,NaN,NaN,NaN,NaN,NaN,NaN,NaN,NaN,NaN,NaN,NaN,NaN,
17.238,-0.00761,-0.02422,0.12647,-0.30266,-0.24455,-0.28113,0.87725,NaN,NaN,NaN,NaN,NaN,NaN,NaN,NaN,NaN,NaN,NaN,NaN,NaN,NaN,NaN,NaN,NaN,NaN,NaN,NaN,NaN,
17.263,-0.00761,-0.02422,0.12647,-0.30267,-0.24455,-0.28111,0.87725,NaN,NaN,NaN,NaN,NaN,NaN,NaN,NaN,NaN,NaN,NaN,NaN,NaN,NaN,NaN,NaN,NaN,NaN,NaN,NaN,NaN,
17.288,-0.00761,-0.02422,0.12646,-0.30267,-0.24456,-0.28110,0.87725,NaN,NaN,NaN,NaN,NaN,NaN,NaN,NaN,NaN,NaN,NaN,NaN,NaN,NaN,NaN,NaN,NaN,NaN,NaN,NaN,NaN,
17.312,-0.00761,-0.02422,0.12646,-0.30267,-0.24456,-0.28110,0.87725,NaN,NaN,NaN,NaN,NaN,NaN,NaN,NaN,NaN,NaN,NaN,NaN,NaN,NaN,NaN,NaN,NaN,NaN,NaN,NaN,NaN,
17.338,-0.00761,-0.02422,0.12646,-0.30267,-0.24458,-0.28108,0.87725,NaN,NaN,NaN,NaN,NaN,NaN,NaN,NaN,NaN,NaN,NaN,NaN,NaN,NaN,NaN,NaN,NaN,NaN,NaN,NaN,NaN,
17.362,-0.00761,-0.02422,0.12646,-0.30267,-0.24458,-0.28108,0.87725,NaN,NaN,NaN,NaN,NaN,NaN,NaN,NaN,NaN,NaN,NaN,NaN,NaN,NaN,NaN,NaN,NaN,NaN,NaN,NaN,NaN,
17.388,-0.00761,-0.02422,0.12646,-0.30267,-0.24458,-0.28108,0.87725,NaN,NaN,NaN,NaN,NaN,NaN,NaN,NaN,NaN,NaN,NaN,NaN,NaN,NaN,NaN,NaN,NaN,NaN,NaN,NaN,NaN,
17.413,-0.00761,-0.02422,0.12646,-0.30266,-0.24459,-0.28108,0.87725,NaN,NaN,NaN,NaN,NaN,NaN,NaN,NaN,NaN,NaN,NaN,NaN,NaN,NaN,NaN,NaN,NaN,NaN,NaN,NaN,NaN,
17.438,-0.00761,-0.02422,0.12646,-0.30266,-0.24459,-0.28108,0.87725,NaN,NaN,NaN,NaN,NaN,NaN,NaN,NaN,NaN,NaN,NaN,NaN,NaN,NaN,NaN,NaN,NaN,NaN,NaN,NaN,NaN,
17.463,-0.00760,-0.02422,0.12646,-0.30268,-0.24458,-0.28108,0.87725,NaN,NaN,NaN,NaN,NaN,NaN,NaN,NaN,NaN,NaN,NaN,NaN,NaN,NaN,NaN,NaN,NaN,NaN,NaN,NaN,NaN,
17.487,-0.00760,-0.02422,0.12646,-0.30268,-0.24458,-0.28108,0.87725,NaN,NaN,NaN,NaN,NaN,NaN,NaN,NaN,NaN,NaN,NaN,NaN,NaN,NaN,NaN,NaN,NaN,NaN,NaN,NaN,NaN,
17.512,-0.00761,-0.02422,0.12645,-0.30270,-0.24459,-0.28105,0.87725,NaN,NaN,NaN,NaN,NaN,NaN,NaN,NaN,NaN,NaN,NaN,NaN,NaN,NaN,NaN,NaN,NaN,NaN,NaN,NaN,NaN,
17.537,-0.00761,-0.02422,0.12644,-0.30270,-0.24460,-0.28104,0.87725,NaN,NaN,NaN,NaN,NaN,NaN,NaN,NaN,NaN,NaN,NaN,NaN,NaN,NaN,NaN,NaN,NaN,NaN,NaN,NaN,NaN,
17.563,-0.00760,-0.02423,0.12645,-0.30273,-0.24458,-0.28103,0.87725,NaN,NaN,NaN,NaN,NaN,NaN,NaN,NaN,NaN,NaN,NaN,NaN,NaN,NaN,NaN,NaN,NaN,NaN,NaN,NaN,NaN,
17.588,-0.00760,-0.02423,0.12644,-0.30274,-0.24458,-0.28101,0.87725,NaN,NaN,NaN,NaN,NaN,NaN,NaN,NaN,NaN,NaN,NaN,NaN,NaN,NaN,NaN,NaN,NaN,NaN,NaN,NaN,NaN,
17.613,-0.00760,-0.02423,0.12643,-0.30275,-0.24459,-0.28100,0.87725,NaN,NaN,NaN,NaN,NaN,NaN,NaN,NaN,NaN,NaN,NaN,NaN,NaN,NaN,NaN,NaN,NaN,NaN,NaN,NaN,NaN,
17.638,-0.00760,-0.02423,0.12643,-0.30277,-0.24459,-0.28097,0.87725,NaN,NaN,NaN,NaN,NaN,NaN,NaN,NaN,NaN,NaN,NaN,NaN,NaN,NaN,NaN,NaN,NaN,NaN,NaN,NaN,NaN,
17.662,-0.00760,-0.02423,0.12643,-0.30277,-0.24459,-0.28097,0.87725,NaN,NaN,NaN,NaN,NaN,NaN,NaN,NaN,NaN,NaN,NaN,NaN,NaN,NaN,NaN,NaN,NaN,NaN,NaN,NaN,NaN,
17.688,-0.00761,-0.02423,0.12643,-0.30276,-0.24460,-0.28097,0.87725,NaN,NaN,NaN,NaN,NaN,NaN,NaN,NaN,NaN,NaN,NaN,NaN,NaN,NaN,NaN,NaN,NaN,NaN,NaN,NaN,NaN,
17.712,-0.00761,-0.02423,0.12643,-0.30276,-0.24460,-0.28097,0.87725,NaN,NaN,NaN,NaN,NaN,NaN,NaN,NaN,NaN,NaN,NaN,NaN,NaN,NaN,NaN,NaN,NaN,NaN,NaN,NaN,NaN,
17.738,-0.00761,-0.02422,0.12644,-0.30272,-0.24461,-0.28100,0.87725,NaN,NaN,NaN,NaN,NaN,NaN,NaN,NaN,NaN,NaN,NaN,NaN,NaN,NaN,NaN,NaN,NaN,NaN,NaN,NaN,NaN,
17.762,-0.00761,-0.02422,0.12644,-0.30272,-0.24461,-0.28100,0.87725,NaN,NaN,NaN,NaN,NaN,NaN,NaN,NaN,NaN,NaN,NaN,NaN,NaN,NaN,NaN,NaN,NaN,NaN,NaN,NaN,NaN,
17.787,-0.00762,-0.02422,0.12645,-0.30271,-0.24461,-0.28102,0.87725,NaN,NaN,NaN,NaN,NaN,NaN,NaN,NaN,NaN,NaN,NaN,NaN,NaN,NaN,NaN,NaN,NaN,NaN,NaN,NaN,NaN,
17.812,-0.00762,-0.02422,0.12645,-0.30269,-0.24462,-0.28103,0.87725,NaN,NaN,NaN,NaN,NaN,NaN,NaN,NaN,NaN,NaN,NaN,NaN,NaN,NaN,NaN,NaN,NaN,NaN,NaN,NaN,NaN,
17.837,-0.00763,-0.02421,0.12645,-0.30267,-0.24463,-0.28104,0.87725,NaN,NaN,NaN,NaN,NaN,NaN,NaN,NaN,NaN,NaN,NaN,NaN,NaN,NaN,NaN,NaN,NaN,NaN,NaN,NaN,NaN,
17.863,-0.00763,-0.02421,0.12646,-0.30264,-0.24464,-0.28107,0.87725,NaN,NaN,NaN,NaN,NaN,NaN,NaN,NaN,NaN,NaN,NaN,NaN,NaN,NaN,NaN,NaN,NaN,NaN,NaN,NaN,NaN,
17.887,-0.00763,-0.02421,0.12646,-0.30264,-0.24464,-0.28107,0.87725,NaN,NaN,NaN,NaN,NaN,NaN,NaN,NaN,NaN,NaN,NaN,NaN,NaN,NaN,NaN,NaN,NaN,NaN,NaN,NaN,NaN,
17.912,-0.00764,-0.02421,0.12646,-0.30262,-0.24464,-0.28108,0.87725,NaN,NaN,NaN,NaN,NaN,NaN,NaN,NaN,NaN,NaN,NaN,NaN,NaN,NaN,NaN,NaN,NaN,NaN,NaN,NaN,NaN,
17.937,-0.00764,-0.02421,0.12647,-0.30262,-0.24463,-0.28109,0.87725,NaN,NaN,NaN,NaN,NaN,NaN,NaN,NaN,NaN,NaN,NaN,NaN,NaN,NaN,NaN,NaN,NaN,NaN,NaN,NaN,NaN,
17.962,-0.00763,-0.02421,0.12647,-0.30262,-0.24461,-0.28111,0.87725,NaN,NaN,NaN,NaN,NaN,NaN,NaN,NaN,NaN,NaN,NaN,NaN,NaN,NaN,NaN,NaN,NaN,NaN,NaN,NaN,NaN,
17.987,-0.00763,-0.02421,0.12647,-0.30263,-0.24461,-0.28111,0.87725,NaN,NaN,NaN,NaN,NaN,NaN,NaN,NaN,NaN,NaN,NaN,NaN,NaN,NaN,NaN,NaN,NaN,NaN,NaN,NaN,NaN,
18.012,-0.00763,-0.02421,0.12648,-0.30263,-0.24461,-0.28111,0.87725,NaN,NaN,NaN,NaN,NaN,NaN,NaN,NaN,NaN,NaN,NaN,NaN,NaN,NaN,NaN,NaN,NaN,NaN,NaN,NaN,NaN,
18.037,-0.00763,-0.02421,0.12648,-0.30263,-0.24461,-0.28111,0.87725,NaN,NaN,NaN,NaN,NaN,NaN,NaN,NaN,NaN,NaN,NaN,NaN,NaN,NaN,NaN,NaN,NaN,NaN,NaN,NaN,NaN,
18.062,-0.00763,-0.02421,0.12648,-0.30262,-0.24460,-0.28112,0.87725,NaN,NaN,NaN,NaN,NaN,NaN,NaN,NaN,NaN,NaN,NaN,NaN,NaN,NaN,NaN,NaN,NaN,NaN,NaN,NaN,NaN,
18.088,-0.00763,-0.02421,0.12648,-0.30262,-0.24459,-0.28113,0.87725,NaN,NaN,NaN,NaN,NaN,NaN,NaN,NaN,NaN,NaN,NaN,NaN,NaN,NaN,NaN,NaN,NaN,NaN,NaN,NaN,NaN,
18.112,-0.00763,-0.02421,0.12648,-0.30262,-0.24459,-0.28113,0.87725,NaN,NaN,NaN,NaN,NaN,NaN,NaN,NaN,NaN,NaN,NaN,NaN,NaN,NaN,NaN,NaN,NaN,NaN,NaN,NaN,NaN,
18.137,-0.00763,-0.02421,0.12648,-0.30263,-0.24459,-0.28112,0.87725,NaN,NaN,NaN,NaN,NaN,NaN,NaN,NaN,NaN,NaN,NaN,NaN,NaN,NaN,NaN,NaN,NaN,NaN,NaN,NaN,NaN,
18.162,-0.00762,-0.02421,0.12649,-0.30263,-0.24458,-0.28113,0.87725,NaN,NaN,NaN,NaN,NaN,NaN,NaN,NaN,NaN,NaN,NaN,NaN,NaN,NaN,NaN,NaN,NaN,NaN,NaN,NaN,NaN,
18.188,-0.00763,-0.02421,0.12647,-0.30263,-0.24460,-0.28110,0.87725,NaN,NaN,NaN,NaN,NaN,NaN,NaN,NaN,NaN,NaN,NaN,NaN,NaN,NaN,NaN,NaN,NaN,NaN,NaN,NaN,NaN,
18.212,-0.00763,-0.02421,0.12647,-0.30263,-0.24460,-0.28110,0.87725,NaN,NaN,NaN,NaN,NaN,NaN,NaN,NaN,NaN,NaN,NaN,NaN,NaN,NaN,NaN,NaN,NaN,NaN,NaN,NaN,NaN,
18.238,-0.00762,-0.02422,0.12646,-0.30265,-0.24460,-0.28108,0.87725,NaN,NaN,NaN,NaN,NaN,NaN,NaN,NaN,NaN,NaN,NaN,NaN,NaN,NaN,NaN,NaN,NaN,NaN,NaN,NaN,NaN,
18.263,-0.00762,-0.02422,0.12646,-0.30266,-0.24460,-0.28108,0.87725,NaN,NaN,NaN,NaN,NaN,NaN,NaN,NaN,NaN,NaN,NaN,NaN,NaN,NaN,NaN,NaN,NaN,NaN,NaN,NaN,NaN,
18.287,-0.00762,-0.02422,0.12646,-0.30266,-0.24460,-0.28108,0.87725,NaN,NaN,NaN,NaN,NaN,NaN,NaN,NaN,NaN,NaN,NaN,NaN,NaN,NaN,NaN,NaN,NaN,NaN,NaN,NaN,NaN,
18.313,-0.00762,-0.02422,0.12645,-0.30267,-0.24458,-0.28108,0.87725,NaN,NaN,NaN,NaN,NaN,NaN,NaN,NaN,NaN,NaN,NaN,NaN,NaN,NaN,NaN,NaN,NaN,NaN,NaN,NaN,NaN,
18.338,-0.00761,-0.02423,0.12646,-0.30268,-0.24456,-0.28109,0.87725,NaN,NaN,NaN,NaN,NaN,NaN,NaN,NaN,NaN,NaN,NaN,NaN,NaN,NaN,NaN,NaN,NaN,NaN,NaN,NaN,NaN,
18.363,-0.00761,-0.02423,0.12646,-0.30267,-0.24456,-0.28110,0.87725,NaN,NaN,NaN,NaN,NaN,NaN,NaN,NaN,NaN,NaN,NaN,NaN,NaN,NaN,NaN,NaN,NaN,NaN,NaN,NaN,NaN,
18.388,-0.00762,-0.02422,0.12646,-0.30266,-0.24457,-0.28110,0.87725,NaN,NaN,NaN,NaN,NaN,NaN,NaN,NaN,NaN,NaN,NaN,NaN,NaN,NaN,NaN,NaN,NaN,NaN,NaN,NaN,NaN,
18.412,-0.00762,-0.02422,0.12646,-0.30266,-0.24457,-0.28110,0.87725,NaN,NaN,NaN,NaN,NaN,NaN,NaN,NaN,NaN,NaN,NaN,NaN,NaN,NaN,NaN,NaN,NaN,NaN,NaN,NaN,NaN,
18.437,-0.00761,-0.02423,0.12646,-0.30268,-0.24455,-0.28110,0.87725,NaN,NaN,NaN,NaN,NaN,NaN,NaN,NaN,NaN,NaN,NaN,NaN,NaN,NaN,NaN,NaN,NaN,NaN,NaN,NaN,NaN,
18.463,-0.00761,-0.02423,0.12646,-0.30269,-0.24455,-0.28110,0.87725,NaN,NaN,NaN,NaN,NaN,NaN,NaN,NaN,NaN,NaN,NaN,NaN,NaN,NaN,NaN,NaN,NaN,NaN,NaN,NaN,NaN,
18.488,-0.00761,-0.02423,0.12647,-0.30268,-0.24455,-0.28111,0.87725,NaN,NaN,NaN,NaN,NaN,NaN,NaN,NaN,NaN,NaN,NaN,NaN,NaN,NaN,NaN,NaN,NaN,NaN,NaN,NaN,NaN,
18.512,-0.00761,-0.02423,0.12647,-0.30268,-0.24455,-0.28111,0.87725,NaN,NaN,NaN,NaN,NaN,NaN,NaN,NaN,NaN,NaN,NaN,NaN,NaN,NaN,NaN,NaN,NaN,NaN,NaN,NaN,NaN,
18.537,-0.00760,-0.02423,0.12647,-0.30267,-0.24455,-0.28112,0.87725,NaN,NaN,NaN,NaN,NaN,NaN,NaN,NaN,NaN,NaN,NaN,NaN,NaN,NaN,NaN,NaN,NaN,NaN,NaN,NaN,NaN,
18.562,-0.00760,-0.02422,0.12648,-0.30265,-0.24456,-0.28113,0.87725,NaN,NaN,NaN,NaN,NaN,NaN,NaN,NaN,NaN,NaN,NaN,NaN,NaN,NaN,NaN,NaN,NaN,NaN,NaN,NaN,NaN,
18.587,-0.00760,-0.02422,0.12647,-0.30266,-0.24458,-0.28110,0.87725,NaN,NaN,NaN,NaN,NaN,NaN,NaN,NaN,NaN,NaN,NaN,NaN,NaN,NaN,NaN,NaN,NaN,NaN,NaN,NaN,NaN,
18.613,-0.00760,-0.02423,0.12645,-0.30269,-0.24459,-0.28105,0.87725,NaN,NaN,NaN,NaN,NaN,NaN,NaN,NaN,NaN,NaN,NaN,NaN,NaN,NaN,NaN,NaN,NaN,NaN,NaN,NaN,NaN,
18.638,-0.00760,-0.02423,0.12645,-0.30271,-0.24459,-0.28103,0.87725,NaN,NaN,NaN,NaN,NaN,NaN,NaN,NaN,NaN,NaN,NaN,NaN,NaN,NaN,NaN,NaN,NaN,NaN,NaN,NaN,NaN,
18.663,-0.00761,-0.02423,0.12644,-0.30270,-0.24460,-0.28103,0.87725,NaN,NaN,NaN,NaN,NaN,NaN,NaN,NaN,NaN,NaN,NaN,NaN,NaN,NaN,NaN,NaN,NaN,NaN,NaN,NaN,NaN,
18.688,-0.00761,-0.02423,0.12645,-0.30268,-0.24460,-0.28105,0.87725,NaN,NaN,NaN,NaN,NaN,NaN,NaN,NaN,NaN,NaN,NaN,NaN,NaN,NaN,NaN,NaN,NaN,NaN,NaN,NaN,NaN,
18.713,-0.00760,-0.02423,0.12646,-0.30267,-0.24459,-0.28107,0.87725,NaN,NaN,NaN,NaN,NaN,NaN,NaN,NaN,NaN,NaN,NaN,NaN,NaN,NaN,NaN,NaN,NaN,NaN,NaN,NaN,NaN,
18.737,-0.00761,-0.02422,0.12645,-0.30267,-0.24461,-0.28106,0.87725,NaN,NaN,NaN,NaN,NaN,NaN,NaN,NaN,NaN,NaN,NaN,NaN,NaN,NaN,NaN,NaN,NaN,NaN,NaN,NaN,NaN,
18.762,-0.00761,-0.02422,0.12645,-0.30267,-0.24461,-0.28106,0.87725,NaN,NaN,NaN,NaN,NaN,NaN,NaN,NaN,NaN,NaN,NaN,NaN,NaN,NaN,NaN,NaN,NaN,NaN,NaN,NaN,NaN,
18.788,-0.00761,-0.02422,0.12646,-0.30268,-0.24462,-0.28103,0.87725,NaN,NaN,NaN,NaN,NaN,NaN,NaN,NaN,NaN,NaN,NaN,NaN,NaN,NaN,NaN,NaN,NaN,NaN,NaN,NaN,NaN,
18.812,-0.00761,-0.02422,0.12646,-0.30268,-0.24461,-0.28104,0.87725,NaN,NaN,NaN,NaN,NaN,NaN,NaN,NaN,NaN,NaN,NaN,NaN,NaN,NaN,NaN,NaN,NaN,NaN,NaN,NaN,NaN,
18.838,-0.00762,-0.02421,0.12646,-0.30267,-0.24463,-0.28104,0.87725,NaN,NaN,NaN,NaN,NaN,NaN,NaN,NaN,NaN,NaN,NaN,NaN,NaN,NaN,NaN,NaN,NaN,NaN,NaN,NaN,NaN,
18.862,-0.00762,-0.02421,0.12647,-0.30266,-0.24463,-0.28105,0.87725,NaN,NaN,NaN,NaN,NaN,NaN,NaN,NaN,NaN,NaN,NaN,NaN,NaN,NaN,NaN,NaN,NaN,NaN,NaN,NaN,NaN,
18.888,-0.00762,-0.02420,0.12647,-0.30265,-0.24464,-0.28105,0.87725,NaN,NaN,NaN,NaN,NaN,NaN,NaN,NaN,NaN,NaN,NaN,NaN,NaN,NaN,NaN,NaN,NaN,NaN,NaN,NaN,NaN,
18.913,-0.00762,-0.02420,0.12648,-0.30265,-0.24463,-0.28106,0.87725,NaN,NaN,NaN,NaN,NaN,NaN,NaN,NaN,NaN,NaN,NaN,NaN,NaN,NaN,NaN,NaN,NaN,NaN,NaN,NaN,NaN,
18.938,-0.00762,-0.02420,0.12647,-0.30265,-0.24465,-0.28103,0.87725,NaN,NaN,NaN,NaN,NaN,NaN,NaN,NaN,NaN,NaN,NaN,NaN,NaN,NaN,NaN,NaN,NaN,NaN,NaN,NaN,NaN,
18.962,-0.00762,-0.02420,0.12647,-0.30265,-0.24465,-0.28103,0.87725,NaN,NaN,NaN,NaN,NaN,NaN,NaN,NaN,NaN,NaN,NaN,NaN,NaN,NaN,NaN,NaN,NaN,NaN,NaN,NaN,NaN,
18.988,-0.00762,-0.02420,0.12646,-0.30268,-0.24466,-0.28100,0.87725,NaN,NaN,NaN,NaN,NaN,NaN,NaN,NaN,NaN,NaN,NaN,NaN,NaN,NaN,NaN,NaN,NaN,NaN,NaN,NaN,NaN,
19.012,-0.00762,-0.02420,0.12646,-0.30268,-0.24466,-0.28100,0.87725,NaN,NaN,NaN,NaN,NaN,NaN,NaN,NaN,NaN,NaN,NaN,NaN,NaN,NaN,NaN,NaN,NaN,NaN,NaN,NaN,NaN,
19.038,-0.00763,-0.02421,0.12644,-0.30269,-0.24467,-0.28098,0.87725,NaN,NaN,NaN,NaN,NaN,NaN,NaN,NaN,NaN,NaN,NaN,NaN,NaN,NaN,NaN,NaN,NaN,NaN,NaN,NaN,NaN,
19.063,-0.00763,-0.02421,0.12643,-0.30271,-0.24466,-0.28096,0.87725,NaN,NaN,NaN,NaN,NaN,NaN,NaN,NaN,NaN,NaN,NaN,NaN,NaN,NaN,NaN,NaN,NaN,NaN,NaN,NaN,NaN,
19.087,-0.00763,-0.02421,0.12643,-0.30271,-0.24466,-0.28096,0.87725,NaN,NaN,NaN,NaN,NaN,NaN,NaN,NaN,NaN,NaN,NaN,NaN,NaN,NaN,NaN,NaN,NaN,NaN,NaN,NaN,NaN,
19.113,-0.00763,-0.02422,0.12642,-0.30273,-0.24465,-0.28095,0.87725,NaN,NaN,NaN,NaN,NaN,NaN,NaN,NaN,NaN,NaN,NaN,NaN,NaN,NaN,NaN,NaN,NaN,NaN,NaN,NaN,NaN,
19.138,-0.00763,-0.02422,0.12641,-0.30274,-0.24466,-0.28093,0.87725,NaN,NaN,NaN,NaN,NaN,NaN,NaN,NaN,NaN,NaN,NaN,NaN,NaN,NaN,NaN,NaN,NaN,NaN,NaN,NaN,NaN,
19.162,-0.00763,-0.02422,0.12641,-0.30275,-0.24466,-0.28093,0.87725,NaN,NaN,NaN,NaN,NaN,NaN,NaN,NaN,NaN,NaN,NaN,NaN,NaN,NaN,NaN,NaN,NaN,NaN,NaN,NaN,NaN,
19.188,-0.00763,-0.02422,0.12641,-0.30275,-0.24465,-0.28093,0.87725,NaN,NaN,NaN,NaN,NaN,NaN,NaN,NaN,NaN,NaN,NaN,NaN,NaN,NaN,NaN,NaN,NaN,NaN,NaN,NaN,NaN,
19.212,-0.00763,-0.02422,0.12641,-0.30275,-0.24465,-0.28093,0.87725,NaN,NaN,NaN,NaN,NaN,NaN,NaN,NaN,NaN,NaN,NaN,NaN,NaN,NaN,NaN,NaN,NaN,NaN,NaN,NaN,NaN,
19.237,-0.00763,-0.02422,0.12641,-0.30274,-0.24465,-0.28095,0.87725,NaN,NaN,NaN,NaN,NaN,NaN,NaN,NaN,NaN,NaN,NaN,NaN,NaN,NaN,NaN,NaN,NaN,NaN,NaN,NaN,NaN,
19.262,-0.00763,-0.02422,0.12642,-0.30273,-0.24464,-0.28096,0.87725,NaN,NaN,NaN,NaN,NaN,NaN,NaN,NaN,NaN,NaN,NaN,NaN,NaN,NaN,NaN,NaN,NaN,NaN,NaN,NaN,NaN,
19.288,-0.00763,-0.02422,0.12642,-0.30272,-0.24463,-0.28098,0.87725,NaN,NaN,NaN,NaN,NaN,NaN,NaN,NaN,NaN,NaN,NaN,NaN,NaN,NaN,NaN,NaN,NaN,NaN,NaN,NaN,NaN,
19.312,-0.00763,-0.02422,0.12642,-0.30272,-0.24463,-0.28098,0.87725,NaN,NaN,NaN,NaN,NaN,NaN,NaN,NaN,NaN,NaN,NaN,NaN,NaN,NaN,NaN,NaN,NaN,NaN,NaN,NaN,NaN,
19.338,-0.00763,-0.02422,0.12644,-0.30268,-0.24463,-0.28103,0.87725,NaN,NaN,NaN,NaN,NaN,NaN,NaN,NaN,NaN,NaN,NaN,NaN,NaN,NaN,NaN,NaN,NaN,NaN,NaN,NaN,NaN,
19.362,-0.00763,-0.02422,0.12645,-0.30267,-0.24461,-0.28105,0.87725,NaN,NaN,NaN,NaN,NaN,NaN,NaN,NaN,NaN,NaN,NaN,NaN,NaN,NaN,NaN,NaN,NaN,NaN,NaN,NaN,NaN,
19.388,-0.00763,-0.02421,0.12646,-0.30265,-0.24461,-0.28107,0.87725,NaN,NaN,NaN,NaN,NaN,NaN,NaN,NaN,NaN,NaN,NaN,NaN,NaN,NaN,NaN,NaN,NaN,NaN,NaN,NaN,NaN,
19.412,-0.00763,-0.02421,0.12646,-0.30264,-0.24462,-0.28108,0.87725,NaN,NaN,NaN,NaN,NaN,NaN,NaN,NaN,NaN,NaN,NaN,NaN,NaN,NaN,NaN,NaN,NaN,NaN,NaN,NaN,NaN,
19.437,-0.00763,-0.02421,0.12646,-0.30264,-0.24462,-0.28108,0.87725,NaN,NaN,NaN,NaN,NaN,NaN,NaN,NaN,NaN,NaN,NaN,NaN,NaN,NaN,NaN,NaN,NaN,NaN,NaN,NaN,NaN,
19.462,-0.00762,-0.02421,0.12647,-0.30264,-0.24462,-0.28108,0.87725,NaN,NaN,NaN,NaN,NaN,NaN,NaN,NaN,NaN,NaN,NaN,NaN,NaN,NaN,NaN,NaN,NaN,NaN,NaN,NaN,NaN,
19.488,-0.00762,-0.02421,0.12646,-0.30265,-0.24462,-0.28107,0.87725,NaN,NaN,NaN,NaN,NaN,NaN,NaN,NaN,NaN,NaN,NaN,NaN,NaN,NaN,NaN,NaN,NaN,NaN,NaN,NaN,NaN,
19.512,-0.00762,-0.02421,0.12646,-0.30266,-0.24462,-0.28106,0.87725,NaN,NaN,NaN,NaN,NaN,NaN,NaN,NaN,NaN,NaN,NaN,NaN,NaN,NaN,NaN,NaN,NaN,NaN,NaN,NaN,NaN,
19.537,-0.00762,-0.02421,0.12646,-0.30266,-0.24462,-0.28106,0.87725,NaN,NaN,NaN,NaN,NaN,NaN,NaN,NaN,NaN,NaN,NaN,NaN,NaN,NaN,NaN,NaN,NaN,NaN,NaN,NaN,NaN,
19.562,-0.00761,-0.02422,0.12645,-0.30270,-0.24461,-0.28102,0.87725,NaN,NaN,NaN,NaN,NaN,NaN,NaN,NaN,NaN,NaN,NaN,NaN,NaN,NaN,NaN,NaN,NaN,NaN,NaN,NaN,NaN,
19.587,-0.00761,-0.02422,0.12645,-0.30270,-0.24461,-0.28102,0.87725,NaN,NaN,NaN,NaN,NaN,NaN,NaN,NaN,NaN,NaN,NaN,NaN,NaN,NaN,NaN,NaN,NaN,NaN,NaN,NaN,NaN,
19.612,-0.00761,-0.02422,0.12644,-0.30271,-0.24463,-0.28100,0.87725,NaN,NaN,NaN,NaN,NaN,NaN,NaN,NaN,NaN,NaN,NaN,NaN,NaN,NaN,NaN,NaN,NaN,NaN,NaN,NaN,NaN,
19.637,-0.00761,-0.02422,0.12644,-0.30271,-0.24463,-0.28100,0.87725,NaN,NaN,NaN,NaN,NaN,NaN,NaN,NaN,NaN,NaN,NaN,NaN,NaN,NaN,NaN,NaN,NaN,NaN,NaN,NaN,NaN,
19.662,-0.00761,-0.02422,0.12644,-0.30271,-0.24462,-0.28099,0.87725,NaN,NaN,NaN,NaN,NaN,NaN,NaN,NaN,NaN,NaN,NaN,NaN,NaN,NaN,NaN,NaN,NaN,NaN,NaN,NaN,NaN,
19.688,-0.00761,-0.02422,0.12646,-0.30271,-0.24461,-0.28101,0.87725,NaN,NaN,NaN,NaN,NaN,NaN,NaN,NaN,NaN,NaN,NaN,NaN,NaN,NaN,NaN,NaN,NaN,NaN,NaN,NaN,NaN,
19.712,-0.00761,-0.02422,0.12646,-0.30271,-0.24460,-0.28102,0.87725,NaN,NaN,NaN,NaN,NaN,NaN,NaN,NaN,NaN,NaN,NaN,NaN,NaN,NaN,NaN,NaN,NaN,NaN,NaN,NaN,NaN,
19.738,-0.00761,-0.02422,0.12647,-0.30270,-0.24459,-0.28104,0.87725,NaN,NaN,NaN,NaN,NaN,NaN,NaN,NaN,NaN,NaN,NaN,NaN,NaN,NaN,NaN,NaN,NaN,NaN,NaN,NaN,NaN,
19.762,-0.00761,-0.02422,0.12647,-0.30270,-0.24459,-0.28104,0.87725,NaN,NaN,NaN,NaN,NaN,NaN,NaN,NaN,NaN,NaN,NaN,NaN,NaN,NaN,NaN,NaN,NaN,NaN,NaN,NaN,NaN,
19.788,-0.00761,-0.02422,0.12647,-0.30269,-0.24460,-0.28105,0.87725,NaN,NaN,NaN,NaN,NaN,NaN,NaN,NaN,NaN,NaN,NaN,NaN,NaN,NaN,NaN,NaN,NaN,NaN,NaN,NaN,NaN,
19.812,-0.00761,-0.02422,0.12647,-0.30269,-0.24461,-0.28103,0.87725,NaN,NaN,NaN,NaN,NaN,NaN,NaN,NaN,NaN,NaN,NaN,NaN,NaN,NaN,NaN,NaN,NaN,NaN,NaN,NaN,NaN,
19.838,-0.00760,-0.02422,0.12646,-0.30269,-0.24461,-0.28103,0.87725,NaN,NaN,NaN,NaN,NaN,NaN,NaN,NaN,NaN,NaN,NaN,NaN,NaN,NaN,NaN,NaN,NaN,NaN,NaN,NaN,NaN,
19.862,-0.00761,-0.02422,0.12646,-0.30271,-0.24462,-0.28101,0.87725,NaN,NaN,NaN,NaN,NaN,NaN,NaN,NaN,NaN,NaN,NaN,NaN,NaN,NaN,NaN,NaN,NaN,NaN,NaN,NaN,NaN,
19.887,-0.00761,-0.02422,0.12646,-0.30271,-0.24462,-0.28101,0.87725,NaN,NaN,NaN,NaN,NaN,NaN,NaN,NaN,NaN,NaN,NaN,NaN,NaN,NaN,NaN,NaN,NaN,NaN,NaN,NaN,NaN,
19.912,-0.00761,-0.02422,0.12645,-0.30271,-0.24464,-0.28099,0.87725,NaN,NaN,NaN,NaN,NaN,NaN,NaN,NaN,NaN,NaN,NaN,NaN,NaN,NaN,NaN,NaN,NaN,NaN,NaN,NaN,NaN,
19.937,-0.00761,-0.02422,0.12645,-0.30271,-0.24464,-0.28099,0.87725,NaN,NaN,NaN,NaN,NaN,NaN,NaN,NaN,NaN,NaN,NaN,NaN,NaN,NaN,NaN,NaN,NaN,NaN,NaN,NaN,NaN,
19.962,-0.00761,-0.02422,0.12645,-0.30272,-0.24464,-0.28097,0.87725,NaN,NaN,NaN,NaN,NaN,NaN,NaN,NaN,NaN,NaN,NaN,NaN,NaN,NaN,NaN,NaN,NaN,NaN,NaN,NaN,NaN,
19.987,-0.00761,-0.02422,0.12645,-0.30272,-0.24464,-0.28097,0.87725,NaN,NaN,NaN,NaN,NaN,NaN,NaN,NaN,NaN,NaN,NaN,NaN,NaN,NaN,NaN,NaN,NaN,NaN,NaN,NaN,NaN,
20.012,-0.00761,-0.02422,0.12644,-0.30271,-0.24465,-0.28097,0.87725,NaN,NaN,NaN,NaN,NaN,NaN,NaN,NaN,NaN,NaN,NaN,NaN,NaN,NaN,NaN,NaN,NaN,NaN,NaN,NaN,NaN,
20.037,-0.00761,-0.02422,0.12645,-0.30271,-0.24464,-0.28098,0.87725,NaN,NaN,NaN,NaN,NaN,NaN,NaN,NaN,NaN,NaN,NaN,NaN,NaN,NaN,NaN,NaN,NaN,NaN,NaN,NaN,NaN,
20.062,-0.00762,-0.02420,0.12646,-0.30267,-0.24466,-0.28101,0.87725,NaN,NaN,NaN,NaN,NaN,NaN,NaN,NaN,NaN,NaN,NaN,NaN,NaN,NaN,NaN,NaN,NaN,NaN,NaN,NaN,NaN,
20.087,-0.00762,-0.02420,0.12646,-0.30267,-0.24466,-0.28101,0.87725,NaN,NaN,NaN,NaN,NaN,NaN,NaN,NaN,NaN,NaN,NaN,NaN,NaN,NaN,NaN,NaN,NaN,NaN,NaN,NaN,NaN,
20.112,-0.00762,-0.02420,0.12647,-0.30265,-0.24467,-0.28102,0.87725,NaN,NaN,NaN,NaN,NaN,NaN,NaN,NaN,NaN,NaN,NaN,NaN,NaN,NaN,NaN,NaN,NaN,NaN,NaN,NaN,NaN,
20.137,-0.00762,-0.02420,0.12647,-0.30264,-0.24467,-0.28103,0.87725,NaN,NaN,NaN,NaN,NaN,NaN,NaN,NaN,NaN,NaN,NaN,NaN,NaN,NaN,NaN,NaN,NaN,NaN,NaN,NaN,NaN,
20.162,-0.00762,-0.02419,0.12647,-0.30263,-0.24469,-0.28103,0.87725,NaN,NaN,NaN,NaN,NaN,NaN,NaN,NaN,NaN,NaN,NaN,NaN,NaN,NaN,NaN,NaN,NaN,NaN,NaN,NaN,NaN,
20.188,-0.00763,-0.02419,0.12647,-0.30261,-0.24469,-0.28104,0.87725,NaN,NaN,NaN,NaN,NaN,NaN,NaN,NaN,NaN,NaN,NaN,NaN,NaN,NaN,NaN,NaN,NaN,NaN,NaN,NaN,NaN,
20.212,-0.00763,-0.02419,0.12647,-0.30261,-0.24469,-0.28104,0.87725,NaN,NaN,NaN,NaN,NaN,NaN,NaN,NaN,NaN,NaN,NaN,NaN,NaN,NaN,NaN,NaN,NaN,NaN,NaN,NaN,NaN,
20.237,-0.00763,-0.02419,0.12647,-0.30261,-0.24469,-0.28105,0.87725,NaN,NaN,NaN,NaN,NaN,NaN,NaN,NaN,NaN,NaN,NaN,NaN,NaN,NaN,NaN,NaN,NaN,NaN,NaN,NaN,NaN,
20.262,-0.00764,-0.02419,0.12647,-0.30260,-0.24469,-0.28106,0.87725,NaN,NaN,NaN,NaN,NaN,NaN,NaN,NaN,NaN,NaN,NaN,NaN,NaN,NaN,NaN,NaN,NaN,NaN,NaN,NaN,NaN,
20.288,-0.00764,-0.02420,0.12647,-0.30261,-0.24468,-0.28105,0.87725,NaN,NaN,NaN,NaN,NaN,NaN,NaN,NaN,NaN,NaN,NaN,NaN,NaN,NaN,NaN,NaN,NaN,NaN,NaN,NaN,NaN,
20.312,-0.00764,-0.02420,0.12647,-0.30261,-0.24468,-0.28105,0.87725,NaN,NaN,NaN,NaN,NaN,NaN,NaN,NaN,NaN,NaN,NaN,NaN,NaN,NaN,NaN,NaN,NaN,NaN,NaN,NaN,NaN,
20.338,-0.00764,-0.02420,0.12647,-0.30261,-0.24466,-0.28106,0.87725,NaN,NaN,NaN,NaN,NaN,NaN,NaN,NaN,NaN,NaN,NaN,NaN,NaN,NaN,NaN,NaN,NaN,NaN,NaN,NaN,NaN,
20.362,-0.00764,-0.02420,0.12647,-0.30261,-0.24466,-0.28106,0.87725,NaN,NaN,NaN,NaN,NaN,NaN,NaN,NaN,NaN,NaN,NaN,NaN,NaN,NaN,NaN,NaN,NaN,NaN,NaN,NaN,NaN,
20.388,-0.00764,-0.02420,0.12648,-0.30262,-0.24466,-0.28107,0.87725,NaN,NaN,NaN,NaN,NaN,NaN,NaN,NaN,NaN,NaN,NaN,NaN,NaN,NaN,NaN,NaN,NaN,NaN,NaN,NaN,NaN,
20.412,-0.00763,-0.02419,0.12648,-0.30262,-0.24466,-0.28107,0.87725,NaN,NaN,NaN,NaN,NaN,NaN,NaN,NaN,NaN,NaN,NaN,NaN,NaN,NaN,NaN,NaN,NaN,NaN,NaN,NaN,NaN,
20.438,-0.00764,-0.02419,0.12648,-0.30262,-0.24467,-0.28106,0.87725,NaN,NaN,NaN,NaN,NaN,NaN,NaN,NaN,NaN,NaN,NaN,NaN,NaN,NaN,NaN,NaN,NaN,NaN,NaN,NaN,NaN,
20.462,-0.00764,-0.02419,0.12647,-0.30262,-0.24466,-0.28106,0.87725,NaN,NaN,NaN,NaN,NaN,NaN,NaN,NaN,NaN,NaN,NaN,NaN,NaN,NaN,NaN,NaN,NaN,NaN,NaN,NaN,NaN,
20.487,-0.00764,-0.02419,0.12647,-0.30262,-0.24466,-0.28106,0.87725,NaN,NaN,NaN,NaN,NaN,NaN,NaN,NaN,NaN,NaN,NaN,NaN,NaN,NaN,NaN,NaN,NaN,NaN,NaN,NaN,NaN,
20.512,-0.00763,-0.02420,0.12647,-0.30264,-0.24466,-0.28104,0.87725,NaN,NaN,NaN,NaN,NaN,NaN,NaN,NaN,NaN,NaN,NaN,NaN,NaN,NaN,NaN,NaN,NaN,NaN,NaN,NaN,NaN,
20.537,-0.00763,-0.02420,0.12647,-0.30264,-0.24466,-0.28104,0.87725,NaN,NaN,NaN,NaN,NaN,NaN,NaN,NaN,NaN,NaN,NaN,NaN,NaN,NaN,NaN,NaN,NaN,NaN,NaN,NaN,NaN,
20.563,-0.00763,-0.02421,0.12645,-0.30265,-0.24467,-0.28103,0.87725,NaN,NaN,NaN,NaN,NaN,NaN,NaN,NaN,NaN,NaN,NaN,NaN,NaN,NaN,NaN,NaN,NaN,NaN,NaN,NaN,NaN,
20.588,-0.00762,-0.02421,0.12644,-0.30267,-0.24466,-0.28101,0.87725,NaN,NaN,NaN,NaN,NaN,NaN,NaN,NaN,NaN,NaN,NaN,NaN,NaN,NaN,NaN,NaN,NaN,NaN,NaN,NaN,NaN,
20.612,-0.00762,-0.02422,0.12644,-0.30269,-0.24465,-0.28100,0.87725,NaN,NaN,NaN,NaN,NaN,NaN,NaN,NaN,NaN,NaN,NaN,NaN,NaN,NaN,NaN,NaN,NaN,NaN,NaN,NaN,NaN,
20.638,-0.00762,-0.02422,0.12643,-0.30269,-0.24465,-0.28100,0.87725,NaN,NaN,NaN,NaN,NaN,NaN,NaN,NaN,NaN,NaN,NaN,NaN,NaN,NaN,NaN,NaN,NaN,NaN,NaN,NaN,NaN,
20.662,-0.00762,-0.02423,0.12643,-0.30270,-0.24465,-0.28099,0.87725,NaN,NaN,NaN,NaN,NaN,NaN,NaN,NaN,NaN,NaN,NaN,NaN,NaN,NaN,NaN,NaN,NaN,NaN,NaN,NaN,NaN,
20.688,-0.00762,-0.02423,0.12642,-0.30272,-0.24463,-0.28098,0.87725,NaN,NaN,NaN,NaN,NaN,NaN,NaN,NaN,NaN,NaN,NaN,NaN,NaN,NaN,NaN,NaN,NaN,NaN,NaN,NaN,NaN,
20.712,-0.00762,-0.02423,0.12642,-0.30272,-0.24463,-0.28098,0.87725,NaN,NaN,NaN,NaN,NaN,NaN,NaN,NaN,NaN,NaN,NaN,NaN,NaN,NaN,NaN,NaN,NaN,NaN,NaN,NaN,NaN,
20.738,-0.00762,-0.02423,0.12642,-0.30273,-0.24464,-0.28097,0.87725,NaN,NaN,NaN,NaN,NaN,NaN,NaN,NaN,NaN,NaN,NaN,NaN,NaN,NaN,NaN,NaN,NaN,NaN,NaN,NaN,NaN,
20.763,-0.00762,-0.02423,0.12642,-0.30273,-0.24463,-0.28097,0.87725,NaN,NaN,NaN,NaN,NaN,NaN,NaN,NaN,NaN,NaN,NaN,NaN,NaN,NaN,NaN,NaN,NaN,NaN,NaN,NaN,NaN,
20.788,-0.00761,-0.02423,0.12642,-0.30274,-0.24463,-0.28097,0.87725,NaN,NaN,NaN,NaN,NaN,NaN,NaN,NaN,NaN,NaN,NaN,NaN,NaN,NaN,NaN,NaN,NaN,NaN,NaN,NaN,NaN,
20.812,-0.00761,-0.02423,0.12642,-0.30274,-0.24463,-0.28097,0.87725,NaN,NaN,NaN,NaN,NaN,NaN,NaN,NaN,NaN,NaN,NaN,NaN,NaN,NaN,NaN,NaN,NaN,NaN,NaN,NaN,NaN,
20.837,-0.00761,-0.02423,0.12642,-0.30274,-0.24462,-0.28097,0.87725,NaN,NaN,NaN,NaN,NaN,NaN,NaN,NaN,NaN,NaN,NaN,NaN,NaN,NaN,NaN,NaN,NaN,NaN,NaN,NaN,NaN,
20.862,-0.00761,-0.02423,0.12643,-0.30272,-0.24463,-0.28098,0.87725,NaN,NaN,NaN,NaN,NaN,NaN,NaN,NaN,NaN,NaN,NaN,NaN,NaN,NaN,NaN,NaN,NaN,NaN,NaN,NaN,NaN,
20.887,-0.00761,-0.02423,0.12643,-0.30272,-0.24463,-0.28098,0.87725,NaN,NaN,NaN,NaN,NaN,NaN,NaN,NaN,NaN,NaN,NaN,NaN,NaN,NaN,NaN,NaN,NaN,NaN,NaN,NaN,NaN,
20.912,-0.00761,-0.02423,0.12643,-0.30272,-0.24463,-0.28098,0.87725,NaN,NaN,NaN,NaN,NaN,NaN,NaN,NaN,NaN,NaN,NaN,NaN,NaN,NaN,NaN,NaN,NaN,NaN,NaN,NaN,NaN,
20.937,-0.00761,-0.02423,0.12643,-0.30272,-0.24463,-0.28098,0.87725,NaN,NaN,NaN,NaN,NaN,NaN,NaN,NaN,NaN,NaN,NaN,NaN,NaN,NaN,NaN,NaN,NaN,NaN,NaN,NaN,NaN,
20.962,-0.00761,-0.02423,0.12643,-0.30271,-0.24464,-0.28098,0.87725,NaN,NaN,NaN,NaN,NaN,NaN,NaN,NaN,NaN,NaN,NaN,NaN,NaN,NaN,NaN,NaN,NaN,NaN,NaN,NaN,NaN,
20.988,-0.00761,-0.02423,0.12644,-0.30272,-0.24462,-0.28099,0.87725,NaN,NaN,NaN,NaN,NaN,NaN,NaN,NaN,NaN,NaN,NaN,NaN,NaN,NaN,NaN,NaN,NaN,NaN,NaN,NaN,NaN,
21.012,-0.00761,-0.02423,0.12644,-0.30272,-0.24462,-0.28099,0.87725,NaN,NaN,NaN,NaN,NaN,NaN,NaN,NaN,NaN,NaN,NaN,NaN,NaN,NaN,NaN,NaN,NaN,NaN,NaN,NaN,NaN,
21.038,-0.00761,-0.02423,0.12644,-0.30272,-0.24464,-0.28097,0.87725,NaN,NaN,NaN,NaN,NaN,NaN,NaN,NaN,NaN,NaN,NaN,NaN,NaN,NaN,NaN,NaN,NaN,NaN,NaN,NaN,NaN,
21.062,-0.00761,-0.02423,0.12644,-0.30272,-0.24464,-0.28097,0.87725,NaN,NaN,NaN,NaN,NaN,NaN,NaN,NaN,NaN,NaN,NaN,NaN,NaN,NaN,NaN,NaN,NaN,NaN,NaN,NaN,NaN,
21.088,-0.00761,-0.02423,0.12644,-0.30272,-0.24466,-0.28096,0.87725,NaN,NaN,NaN,NaN,NaN,NaN,NaN,NaN,NaN,NaN,NaN,NaN,NaN,NaN,NaN,NaN,NaN,NaN,NaN,NaN,NaN,
21.112,-0.00762,-0.02422,0.12644,-0.30272,-0.24466,-0.28095,0.87725,NaN,NaN,NaN,NaN,NaN,NaN,NaN,NaN,NaN,NaN,NaN,NaN,NaN,NaN,NaN,NaN,NaN,NaN,NaN,NaN,NaN,
21.138,-0.00762,-0.02422,0.12644,-0.30271,-0.24467,-0.28095,0.87725,NaN,NaN,NaN,NaN,NaN,NaN,NaN,NaN,NaN,NaN,NaN,NaN,NaN,NaN,NaN,NaN,NaN,NaN,NaN,NaN,NaN,
21.163,-0.00762,-0.02422,0.12644,-0.30271,-0.24468,-0.28095,0.87725,NaN,NaN,NaN,NaN,NaN,NaN,NaN,NaN,NaN,NaN,NaN,NaN,NaN,NaN,NaN,NaN,NaN,NaN,NaN,NaN,NaN,
21.188,-0.00762,-0.02422,0.12644,-0.30272,-0.24467,-0.28095,0.87725,NaN,NaN,NaN,NaN,NaN,NaN,NaN,NaN,NaN,NaN,NaN,NaN,NaN,NaN,NaN,NaN,NaN,NaN,NaN,NaN,NaN,
21.212,-0.00763,-0.02421,0.12644,-0.30270,-0.24469,-0.28095,0.87725,NaN,NaN,NaN,NaN,NaN,NaN,NaN,NaN,NaN,NaN,NaN,NaN,NaN,NaN,NaN,NaN,NaN,NaN,NaN,NaN,NaN,
21.237,-0.00763,-0.02421,0.12644,-0.30270,-0.24469,-0.28095,0.87725,NaN,NaN,NaN,NaN,NaN,NaN,NaN,NaN,NaN,NaN,NaN,NaN,NaN,NaN,NaN,NaN,NaN,NaN,NaN,NaN,NaN,
21.262,-0.00763,-0.02421,0.12644,-0.30269,-0.24469,-0.28095,0.87725,NaN,NaN,NaN,NaN,NaN,NaN,NaN,NaN,NaN,NaN,NaN,NaN,NaN,NaN,NaN,NaN,NaN,NaN,NaN,NaN,NaN,
21.287,-0.00763,-0.02421,0.12645,-0.30269,-0.24468,-0.28096,0.87725,NaN,NaN,NaN,NaN,NaN,NaN,NaN,NaN,NaN,NaN,NaN,NaN,NaN,NaN,NaN,NaN,NaN,NaN,NaN,NaN,NaN,
21.312,-0.00763,-0.02421,0.12645,-0.30268,-0.24469,-0.28097,0.87725,NaN,NaN,NaN,NaN,NaN,NaN,NaN,NaN,NaN,NaN,NaN,NaN,NaN,NaN,NaN,NaN,NaN,NaN,NaN,NaN,NaN,
21.338,-0.00763,-0.02421,0.12646,-0.30267,-0.24467,-0.28100,0.87725,NaN,NaN,NaN,NaN,NaN,NaN,NaN,NaN,NaN,NaN,NaN,NaN,NaN,NaN,NaN,NaN,NaN,NaN,NaN,NaN,NaN,
21.363,-0.00763,-0.02421,0.12646,-0.30265,-0.24468,-0.28102,0.87725,NaN,NaN,NaN,NaN,NaN,NaN,NaN,NaN,NaN,NaN,NaN,NaN,NaN,NaN,NaN,NaN,NaN,NaN,NaN,NaN,NaN,
21.388,-0.00763,-0.02421,0.12647,-0.30264,-0.24467,-0.28103,0.87725,NaN,NaN,NaN,NaN,NaN,NaN,NaN,NaN,NaN,NaN,NaN,NaN,NaN,NaN,NaN,NaN,NaN,NaN,NaN,NaN,NaN,
21.412,-0.00763,-0.02421,0.12647,-0.30262,-0.24468,-0.28104,0.87725,NaN,NaN,NaN,NaN,NaN,NaN,NaN,NaN,NaN,NaN,NaN,NaN,NaN,NaN,NaN,NaN,NaN,NaN,NaN,NaN,NaN,
21.438,-0.00764,-0.02420,0.12647,-0.30260,-0.24469,-0.28105,0.87725,NaN,NaN,NaN,NaN,NaN,NaN,NaN,NaN,NaN,NaN,NaN,NaN,NaN,NaN,NaN,NaN,NaN,NaN,NaN,NaN,NaN,
21.462,-0.00764,-0.02420,0.12647,-0.30260,-0.24469,-0.28105,0.87725,NaN,NaN,NaN,NaN,NaN,NaN,NaN,NaN,NaN,NaN,NaN,NaN,NaN,NaN,NaN,NaN,NaN,NaN,NaN,NaN,NaN,
21.488,-0.00763,-0.02420,0.12647,-0.30259,-0.24468,-0.28107,0.87725,NaN,NaN,NaN,NaN,NaN,NaN,NaN,NaN,NaN,NaN,NaN,NaN,NaN,NaN,NaN,NaN,NaN,NaN,NaN,NaN,NaN,
21.512,-0.00763,-0.02420,0.12647,-0.30259,-0.24468,-0.28107,0.87725,NaN,NaN,NaN,NaN,NaN,NaN,NaN,NaN,NaN,NaN,NaN,NaN,NaN,NaN,NaN,NaN,NaN,NaN,NaN,NaN,NaN,
21.538,-0.00764,-0.02421,0.12646,-0.30259,-0.24470,-0.28105,0.87725,NaN,NaN,NaN,NaN,NaN,NaN,NaN,NaN,NaN,NaN,NaN,NaN,NaN,NaN,NaN,NaN,NaN,NaN,NaN,NaN,NaN,
21.562,-0.00764,-0.02421,0.12646,-0.30259,-0.24470,-0.28105,0.87725,NaN,NaN,NaN,NaN,NaN,NaN,NaN,NaN,NaN,NaN,NaN,NaN,NaN,NaN,NaN,NaN,NaN,NaN,NaN,NaN,NaN,
21.588,-0.00764,-0.02421,0.12645,-0.30262,-0.24472,-0.28101,0.87725,NaN,NaN,NaN,NaN,NaN,NaN,NaN,NaN,NaN,NaN,NaN,NaN,NaN,NaN,NaN,NaN,NaN,NaN,NaN,NaN,NaN,
21.612,-0.00764,-0.02421,0.12645,-0.30262,-0.24472,-0.28101,0.87725,NaN,NaN,NaN,NaN,NaN,NaN,NaN,NaN,NaN,NaN,NaN,NaN,NaN,NaN,NaN,NaN,NaN,NaN,NaN,NaN,NaN,
21.638,-0.00764,-0.02421,0.12644,-0.30263,-0.24470,-0.28101,0.87725,NaN,NaN,NaN,NaN,NaN,NaN,NaN,NaN,NaN,NaN,NaN,NaN,NaN,NaN,NaN,NaN,NaN,NaN,NaN,NaN,NaN,
21.662,-0.00764,-0.02421,0.12644,-0.30263,-0.24470,-0.28101,0.87725,NaN,NaN,NaN,NaN,NaN,NaN,NaN,NaN,NaN,NaN,NaN,NaN,NaN,NaN,NaN,NaN,NaN,NaN,NaN,NaN,NaN,
21.688,-0.00764,-0.02421,0.12644,-0.30266,-0.24468,-0.28100,0.87725,NaN,NaN,NaN,NaN,NaN,NaN,NaN,NaN,NaN,NaN,NaN,NaN,NaN,NaN,NaN,NaN,NaN,NaN,NaN,NaN,NaN,
21.712,-0.00764,-0.02421,0.12644,-0.30266,-0.24468,-0.28100,0.87725,NaN,NaN,NaN,NaN,NaN,NaN,NaN,NaN,NaN,NaN,NaN,NaN,NaN,NaN,NaN,NaN,NaN,NaN,NaN,NaN,NaN,
21.738,-0.00763,-0.02421,0.12645,-0.30266,-0.24467,-0.28101,0.87725,NaN,NaN,NaN,NaN,NaN,NaN,NaN,NaN,NaN,NaN,NaN,NaN,NaN,NaN,NaN,NaN,NaN,NaN,NaN,NaN,NaN,
21.762,-0.00763,-0.02421,0.12646,-0.30265,-0.24465,-0.28103,0.87725,NaN,NaN,NaN,NaN,NaN,NaN,NaN,NaN,NaN,NaN,NaN,NaN,NaN,NaN,NaN,NaN,NaN,NaN,NaN,NaN,NaN,
21.787,-0.00763,-0.02421,0.12646,-0.30265,-0.24465,-0.28103,0.87725,NaN,NaN,NaN,NaN,NaN,NaN,NaN,NaN,NaN,NaN,NaN,NaN,NaN,NaN,NaN,NaN,NaN,NaN,NaN,NaN,NaN,
21.812,-0.00763,-0.02421,0.12646,-0.30263,-0.24466,-0.28105,0.87725,NaN,NaN,NaN,NaN,NaN,NaN,NaN,NaN,NaN,NaN,NaN,NaN,NaN,NaN,NaN,NaN,NaN,NaN,NaN,NaN,NaN,
21.838,-0.00763,-0.02422,0.12647,-0.30263,-0.24464,-0.28107,0.87725,NaN,NaN,NaN,NaN,NaN,NaN,NaN,NaN,NaN,NaN,NaN,NaN,NaN,NaN,NaN,NaN,NaN,NaN,NaN,NaN,NaN,
21.862,-0.00762,-0.02422,0.12646,-0.30263,-0.24464,-0.28107,0.87725,NaN,NaN,NaN,NaN,NaN,NaN,NaN,NaN,NaN,NaN,NaN,NaN,NaN,NaN,NaN,NaN,NaN,NaN,NaN,NaN,NaN,
21.887,-0.00762,-0.02422,0.12646,-0.30263,-0.24464,-0.28107,0.87725,NaN,NaN,NaN,NaN,NaN,NaN,NaN,NaN,NaN,NaN,NaN,NaN,NaN,NaN,NaN,NaN,NaN,NaN,NaN,NaN,NaN,
21.912,-0.00762,-0.02422,0.12646,-0.30264,-0.24466,-0.28105,0.87725,NaN,NaN,NaN,NaN,NaN,NaN,NaN,NaN,NaN,NaN,NaN,NaN,NaN,NaN,NaN,NaN,NaN,NaN,NaN,NaN,NaN,
21.938,-0.00762,-0.02422,0.12645,-0.30265,-0.24465,-0.28104,0.87725,NaN,NaN,NaN,NaN,NaN,NaN,NaN,NaN,NaN,NaN,NaN,NaN,NaN,NaN,NaN,NaN,NaN,NaN,NaN,NaN,NaN,
21.962,-0.00762,-0.02422,0.12645,-0.30265,-0.24465,-0.28104,0.87725,NaN,NaN,NaN,NaN,NaN,NaN,NaN,NaN,NaN,NaN,NaN,NaN,NaN,NaN,NaN,NaN,NaN,NaN,NaN,NaN,NaN,
21.988,-0.00762,-0.02422,0.12643,-0.30267,-0.24466,-0.28100,0.87725,NaN,NaN,NaN,NaN,NaN,NaN,NaN,NaN,NaN,NaN,NaN,NaN,NaN,NaN,NaN,NaN,NaN,NaN,NaN,NaN,NaN,
22.012,-0.00762,-0.02422,0.12643,-0.30267,-0.24466,-0.28100,0.87725,NaN,NaN,NaN,NaN,NaN,NaN,NaN,NaN,NaN,NaN,NaN,NaN,NaN,NaN,NaN,NaN,NaN,NaN,NaN,NaN,NaN,
22.038,-0.00761,-0.02422,0.12644,-0.30268,-0.24466,-0.28100,0.87725,NaN,NaN,NaN,NaN,NaN,NaN,NaN,NaN,NaN,NaN,NaN,NaN,NaN,NaN,NaN,NaN,NaN,NaN,NaN,NaN,NaN,
22.063,-0.00762,-0.02422,0.12644,-0.30267,-0.24466,-0.28100,0.87725,NaN,NaN,NaN,NaN,NaN,NaN,NaN,NaN,NaN,NaN,NaN,NaN,NaN,NaN,NaN,NaN,NaN,NaN,NaN,NaN,NaN,
22.088,-0.00762,-0.02422,0.12644,-0.30267,-0.24468,-0.28099,0.87725,NaN,NaN,NaN,NaN,NaN,NaN,NaN,NaN,NaN,NaN,NaN,NaN,NaN,NaN,NaN,NaN,NaN,NaN,NaN,NaN,NaN,
22.112,-0.00762,-0.02422,0.12644,-0.30267,-0.24468,-0.28099,0.87725,NaN,NaN,NaN,NaN,NaN,NaN,NaN,NaN,NaN,NaN,NaN,NaN,NaN,NaN,NaN,NaN,NaN,NaN,NaN,NaN,NaN,
22.138,-0.00761,-0.02421,0.12645,-0.30265,-0.24468,-0.28101,0.87725,NaN,NaN,NaN,NaN,NaN,NaN,NaN,NaN,NaN,NaN,NaN,NaN,NaN,NaN,NaN,NaN,NaN,NaN,NaN,NaN,NaN,
22.162,-0.00761,-0.02421,0.12645,-0.30265,-0.24468,-0.28101,0.87725,NaN,NaN,NaN,NaN,NaN,NaN,NaN,NaN,NaN,NaN,NaN,NaN,NaN,NaN,NaN,NaN,NaN,NaN,NaN,NaN,NaN,
22.188,-0.00762,-0.02421,0.12645,-0.30263,-0.24469,-0.28102,0.87725,NaN,NaN,NaN,NaN,NaN,NaN,NaN,NaN,NaN,NaN,NaN,NaN,NaN,NaN,NaN,NaN,NaN,NaN,NaN,NaN,NaN,
22.212,-0.00762,-0.02421,0.12645,-0.30263,-0.24469,-0.28102,0.87725,NaN,NaN,NaN,NaN,NaN,NaN,NaN,NaN,NaN,NaN,NaN,NaN,NaN,NaN,NaN,NaN,NaN,NaN,NaN,NaN,NaN,
22.238,-0.00761,-0.02422,0.12645,-0.30264,-0.24469,-0.28101,0.87725,NaN,NaN,NaN,NaN,NaN,NaN,NaN,NaN,NaN,NaN,NaN,NaN,NaN,NaN,NaN,NaN,NaN,NaN,NaN,NaN,NaN,
22.263,-0.00762,-0.02421,0.12644,-0.30265,-0.24470,-0.28099,0.87725,NaN,NaN,NaN,NaN,NaN,NaN,NaN,NaN,NaN,NaN,NaN,NaN,NaN,NaN,NaN,NaN,NaN,NaN,NaN,NaN,NaN,
22.287,-0.00762,-0.02421,0.12644,-0.30265,-0.24470,-0.28099,0.87725,NaN,NaN,NaN,NaN,NaN,NaN,NaN,NaN,NaN,NaN,NaN,NaN,NaN,NaN,NaN,NaN,NaN,NaN,NaN,NaN,NaN,
22.312,-0.00762,-0.02422,0.12644,-0.30267,-0.24470,-0.28097,0.87725,NaN,NaN,NaN,NaN,NaN,NaN,NaN,NaN,NaN,NaN,NaN,NaN,NaN,NaN,NaN,NaN,NaN,NaN,NaN,NaN,NaN,
22.338,-0.00762,-0.02422,0.12643,-0.30270,-0.24468,-0.28096,0.87725,NaN,NaN,NaN,NaN,NaN,NaN,NaN,NaN,NaN,NaN,NaN,NaN,NaN,NaN,NaN,NaN,NaN,NaN,NaN,NaN,NaN,
22.362,-0.00762,-0.02422,0.12643,-0.30270,-0.24468,-0.28096,0.87725,NaN,NaN,NaN,NaN,NaN,NaN,NaN,NaN,NaN,NaN,NaN,NaN,NaN,NaN,NaN,NaN,NaN,NaN,NaN,NaN,NaN,
22.387,-0.00762,-0.02422,0.12643,-0.30271,-0.24468,-0.28095,0.87725,NaN,NaN,NaN,NaN,NaN,NaN,NaN,NaN,NaN,NaN,NaN,NaN,NaN,NaN,NaN,NaN,NaN,NaN,NaN,NaN,NaN,
22.412,-0.00762,-0.02422,0.12643,-0.30271,-0.24468,-0.28094,0.87725,NaN,NaN,NaN,NaN,NaN,NaN,NaN,NaN,NaN,NaN,NaN,NaN,NaN,NaN,NaN,NaN,NaN,NaN,NaN,NaN,NaN,
22.438,-0.00762,-0.02422,0.12644,-0.30271,-0.24469,-0.28094,0.87725,NaN,NaN,NaN,NaN,NaN,NaN,NaN,NaN,NaN,NaN,NaN,NaN,NaN,NaN,NaN,NaN,NaN,NaN,NaN,NaN,NaN,
22.463,-0.00762,-0.02421,0.12643,-0.30270,-0.24471,-0.28093,0.87725,NaN,NaN,NaN,NaN,NaN,NaN,NaN,NaN,NaN,NaN,NaN,NaN,NaN,NaN,NaN,NaN,NaN,NaN,NaN,NaN,NaN,
22.488,-0.00762,-0.02421,0.12644,-0.30270,-0.24471,-0.28093,0.87725,NaN,NaN,NaN,NaN,NaN,NaN,NaN,NaN,NaN,NaN,NaN,NaN,NaN,NaN,NaN,NaN,NaN,NaN,NaN,NaN,NaN,
22.512,-0.00762,-0.02421,0.12643,-0.30270,-0.24471,-0.28093,0.87725,NaN,NaN,NaN,NaN,NaN,NaN,NaN,NaN,NaN,NaN,NaN,NaN,NaN,NaN,NaN,NaN,NaN,NaN,NaN,NaN,NaN,
22.538,-0.00763,-0.02421,0.12643,-0.30268,-0.24472,-0.28094,0.87725,NaN,NaN,NaN,NaN,NaN,NaN,NaN,NaN,NaN,NaN,NaN,NaN,NaN,NaN,NaN,NaN,NaN,NaN,NaN,NaN,NaN,
22.562,-0.00763,-0.02421,0.12643,-0.30268,-0.24472,-0.28094,0.87725,NaN,NaN,NaN,NaN,NaN,NaN,NaN,NaN,NaN,NaN,NaN,NaN,NaN,NaN,NaN,NaN,NaN,NaN,NaN,NaN,NaN,
22.587,-0.00763,-0.02421,0.12644,-0.30268,-0.24471,-0.28095,0.87725,NaN,NaN,NaN,NaN,NaN,NaN,NaN,NaN,NaN,NaN,NaN,NaN,NaN,NaN,NaN,NaN,NaN,NaN,NaN,NaN,NaN,
22.613,-0.00763,-0.02421,0.12644,-0.30265,-0.24472,-0.28096,0.87725,NaN,NaN,NaN,NaN,NaN,NaN,NaN,NaN,NaN,NaN,NaN,NaN,NaN,NaN,NaN,NaN,NaN,NaN,NaN,NaN,NaN,
22.637,-0.00763,-0.02421,0.12644,-0.30265,-0.24472,-0.28096,0.87725,NaN,NaN,NaN,NaN,NaN,NaN,NaN,NaN,NaN,NaN,NaN,NaN,NaN,NaN,NaN,NaN,NaN,NaN,NaN,NaN,NaN,
22.662,-0.00764,-0.02421,0.12644,-0.30264,-0.24472,-0.28098,0.87725,NaN,NaN,NaN,NaN,NaN,NaN,NaN,NaN,NaN,NaN,NaN,NaN,NaN,NaN,NaN,NaN,NaN,NaN,NaN,NaN,NaN,
22.687,-0.00764,-0.02421,0.12644,-0.30264,-0.24472,-0.28098,0.87725,NaN,NaN,NaN,NaN,NaN,NaN,NaN,NaN,NaN,NaN,NaN,NaN,NaN,NaN,NaN,NaN,NaN,NaN,NaN,NaN,NaN,
22.712,-0.00763,-0.02421,0.12645,-0.30264,-0.24469,-0.28101,0.87725,NaN,NaN,NaN,NaN,NaN,NaN,NaN,NaN,NaN,NaN,NaN,NaN,NaN,NaN,NaN,NaN,NaN,NaN,NaN,NaN,NaN,
22.738,-0.00764,-0.02421,0.12645,-0.30263,-0.24470,-0.28102,0.87725,NaN,NaN,NaN,NaN,NaN,NaN,NaN,NaN,NaN,NaN,NaN,NaN,NaN,NaN,NaN,NaN,NaN,NaN,NaN,NaN,NaN,
22.762,-0.00764,-0.02421,0.12645,-0.30264,-0.24470,-0.28101,0.87725,NaN,NaN,NaN,NaN,NaN,NaN,NaN,NaN,NaN,NaN,NaN,NaN,NaN,NaN,NaN,NaN,NaN,NaN,NaN,NaN,NaN,
22.788,-0.00764,-0.02421,0.12645,-0.30263,-0.24469,-0.28102,0.87725,NaN,NaN,NaN,NaN,NaN,NaN,NaN,NaN,NaN,NaN,NaN,NaN,NaN,NaN,NaN,NaN,NaN,NaN,NaN,NaN,NaN,
22.812,-0.00763,-0.02421,0.12645,-0.30263,-0.24470,-0.28102,0.87725,NaN,NaN,NaN,NaN,NaN,NaN,NaN,NaN,NaN,NaN,NaN,NaN,NaN,NaN,NaN,NaN,NaN,NaN,NaN,NaN,NaN,
22.838,-0.00763,-0.02421,0.12644,-0.30264,-0.24470,-0.28100,0.87725,NaN,NaN,NaN,NaN,NaN,NaN,NaN,NaN,NaN,NaN,NaN,NaN,NaN,NaN,NaN,NaN,NaN,NaN,NaN,NaN,NaN,
22.862,-0.00763,-0.02422,0.12644,-0.30265,-0.24470,-0.28099,0.87725,NaN,NaN,NaN,NaN,NaN,NaN,NaN,NaN,NaN,NaN,NaN,NaN,NaN,NaN,NaN,NaN,NaN,NaN,NaN,NaN,NaN,
22.888,-0.00763,-0.02422,0.12644,-0.30266,-0.24470,-0.28098,0.87725,NaN,NaN,NaN,NaN,NaN,NaN,NaN,NaN,NaN,NaN,NaN,NaN,NaN,NaN,NaN,NaN,NaN,NaN,NaN,NaN,NaN,
22.912,-0.00763,-0.02422,0.12643,-0.30267,-0.24470,-0.28097,0.87725,NaN,NaN,NaN,NaN,NaN,NaN,NaN,NaN,NaN,NaN,NaN,NaN,NaN,NaN,NaN,NaN,NaN,NaN,NaN,NaN,NaN,
22.938,-0.00763,-0.02422,0.12643,-0.30266,-0.24469,-0.28098,0.87725,NaN,NaN,NaN,NaN,NaN,NaN,NaN,NaN,NaN,NaN,NaN,NaN,NaN,NaN,NaN,NaN,NaN,NaN,NaN,NaN,NaN,
22.962,-0.00763,-0.02422,0.12643,-0.30265,-0.24470,-0.28099,0.87725,NaN,NaN,NaN,NaN,NaN,NaN,NaN,NaN,NaN,NaN,NaN,NaN,NaN,NaN,NaN,NaN,NaN,NaN,NaN,NaN,NaN,
22.988,-0.00763,-0.02422,0.12644,-0.30265,-0.24469,-0.28100,0.87725,NaN,NaN,NaN,NaN,NaN,NaN,NaN,NaN,NaN,NaN,NaN,NaN,NaN,NaN,NaN,NaN,NaN,NaN,NaN,NaN,NaN,
23.012,-0.00763,-0.02422,0.12644,-0.30265,-0.24469,-0.28100,0.87725,NaN,NaN,NaN,NaN,NaN,NaN,NaN,NaN,NaN,NaN,NaN,NaN,NaN,NaN,NaN,NaN,NaN,NaN,NaN,NaN,NaN,
23.037,-0.00763,-0.02422,0.12644,-0.30263,-0.24468,-0.28103,0.87725,NaN,NaN,NaN,NaN,NaN,NaN,NaN,NaN,NaN,NaN,NaN,NaN,NaN,NaN,NaN,NaN,NaN,NaN,NaN,NaN,NaN,
23.062,-0.00763,-0.02422,0.12645,-0.30263,-0.24468,-0.28104,0.87725,NaN,NaN,NaN,NaN,NaN,NaN,NaN,NaN,NaN,NaN,NaN,NaN,NaN,NaN,NaN,NaN,NaN,NaN,NaN,NaN,NaN,
23.088,-0.00763,-0.02422,0.12647,-0.30261,-0.24466,-0.28107,0.87725,NaN,NaN,NaN,NaN,NaN,NaN,NaN,NaN,NaN,NaN,NaN,NaN,NaN,NaN,NaN,NaN,NaN,NaN,NaN,NaN,NaN,
23.113,-0.00763,-0.02421,0.12647,-0.30259,-0.24466,-0.28109,0.87725,NaN,NaN,NaN,NaN,NaN,NaN,NaN,NaN,NaN,NaN,NaN,NaN,NaN,NaN,NaN,NaN,NaN,NaN,NaN,NaN,NaN,
23.137,-0.00763,-0.02421,0.12647,-0.30259,-0.24466,-0.28109,0.87725,NaN,NaN,NaN,NaN,NaN,NaN,NaN,NaN,NaN,NaN,NaN,NaN,NaN,NaN,NaN,NaN,NaN,NaN,NaN,NaN,NaN,
23.162,-0.00763,-0.02421,0.12649,-0.30258,-0.24466,-0.28111,0.87725,NaN,NaN,NaN,NaN,NaN,NaN,NaN,NaN,NaN,NaN,NaN,NaN,NaN,NaN,NaN,NaN,NaN,NaN,NaN,NaN,NaN,
23.188,-0.00763,-0.02421,0.12649,-0.30257,-0.24467,-0.28110,0.87725,NaN,NaN,NaN,NaN,NaN,NaN,NaN,NaN,NaN,NaN,NaN,NaN,NaN,NaN,NaN,NaN,NaN,NaN,NaN,NaN,NaN,
23.213,-0.00763,-0.02421,0.12649,-0.30259,-0.24466,-0.28109,0.87725,NaN,NaN,NaN,NaN,NaN,NaN,NaN,NaN,NaN,NaN,NaN,NaN,NaN,NaN,NaN,NaN,NaN,NaN,NaN,NaN,NaN,
23.238,-0.00763,-0.02421,0.12649,-0.30258,-0.24467,-0.28110,0.87725,NaN,NaN,NaN,NaN,NaN,NaN,NaN,NaN,NaN,NaN,NaN,NaN,NaN,NaN,NaN,NaN,NaN,NaN,NaN,NaN,NaN,
23.262,-0.00763,-0.02420,0.12649,-0.30258,-0.24468,-0.28108,0.87725,NaN,NaN,NaN,NaN,NaN,NaN,NaN,NaN,NaN,NaN,NaN,NaN,NaN,NaN,NaN,NaN,NaN,NaN,NaN,NaN,NaN,
23.288,-0.00763,-0.02420,0.12649,-0.30258,-0.24469,-0.28107,0.87725,NaN,NaN,NaN,NaN,NaN,NaN,NaN,NaN,NaN,NaN,NaN,NaN,NaN,NaN,NaN,NaN,NaN,NaN,NaN,NaN,NaN,
23.312,-0.00762,-0.02420,0.12649,-0.30258,-0.24469,-0.28108,0.87725,NaN,NaN,NaN,NaN,NaN,NaN,NaN,NaN,NaN,NaN,NaN,NaN,NaN,NaN,NaN,NaN,NaN,NaN,NaN,NaN,NaN,
23.338,-0.00763,-0.02420,0.12649,-0.30258,-0.24470,-0.28107,0.87725,NaN,NaN,NaN,NaN,NaN,NaN,NaN,NaN,NaN,NaN,NaN,NaN,NaN,NaN,NaN,NaN,NaN,NaN,NaN,NaN,NaN,
23.362,-0.00763,-0.02420,0.12649,-0.30258,-0.24470,-0.28107,0.87725,NaN,NaN,NaN,NaN,NaN,NaN,NaN,NaN,NaN,NaN,NaN,NaN,NaN,NaN,NaN,NaN,NaN,NaN,NaN,NaN,NaN,
23.387,-0.00762,-0.02420,0.12648,-0.30259,-0.24470,-0.28105,0.87725,NaN,NaN,NaN,NaN,NaN,NaN,NaN,NaN,NaN,NaN,NaN,NaN,NaN,NaN,NaN,NaN,NaN,NaN,NaN,NaN,NaN,
23.412,-0.00763,-0.02420,0.12648,-0.30259,-0.24472,-0.28104,0.87725,NaN,NaN,NaN,NaN,NaN,NaN,NaN,NaN,NaN,NaN,NaN,NaN,NaN,NaN,NaN,NaN,NaN,NaN,NaN,NaN,NaN,
23.438,-0.00763,-0.02420,0.12647,-0.30261,-0.24472,-0.28101,0.87725,NaN,NaN,NaN,NaN,NaN,NaN,NaN,NaN,NaN,NaN,NaN,NaN,NaN,NaN,NaN,NaN,NaN,NaN,NaN,NaN,NaN,
23.462,-0.00762,-0.02421,0.12646,-0.30262,-0.24473,-0.28100,0.87725,NaN,NaN,NaN,NaN,NaN,NaN,NaN,NaN,NaN,NaN,NaN,NaN,NaN,NaN,NaN,NaN,NaN,NaN,NaN,NaN,NaN,
23.488,-0.00762,-0.02421,0.12645,-0.30263,-0.24474,-0.28098,0.87725,NaN,NaN,NaN,NaN,NaN,NaN,NaN,NaN,NaN,NaN,NaN,NaN,NaN,NaN,NaN,NaN,NaN,NaN,NaN,NaN,NaN,
23.512,-0.00762,-0.02421,0.12645,-0.30265,-0.24473,-0.28096,0.87725,NaN,NaN,NaN,NaN,NaN,NaN,NaN,NaN,NaN,NaN,NaN,NaN,NaN,NaN,NaN,NaN,NaN,NaN,NaN,NaN,NaN,
23.537,-0.00762,-0.02421,0.12645,-0.30265,-0.24473,-0.28096,0.87725,NaN,NaN,NaN,NaN,NaN,NaN,NaN,NaN,NaN,NaN,NaN,NaN,NaN,NaN,NaN,NaN,NaN,NaN,NaN,NaN,NaN,
23.562,-0.00763,-0.02421,0.12642,-0.30269,-0.24474,-0.28091,0.87725,NaN,NaN,NaN,NaN,NaN,NaN,NaN,NaN,NaN,NaN,NaN,NaN,NaN,NaN,NaN,NaN,NaN,NaN,NaN,NaN,NaN,
23.587,-0.00763,-0.02421,0.12642,-0.30269,-0.24474,-0.28091,0.87725,NaN,NaN,NaN,NaN,NaN,NaN,NaN,NaN,NaN,NaN,NaN,NaN,NaN,NaN,NaN,NaN,NaN,NaN,NaN,NaN,NaN,
23.613,-0.00763,-0.02422,0.12642,-0.30271,-0.24474,-0.28089,0.87725,NaN,NaN,NaN,NaN,NaN,NaN,NaN,NaN,NaN,NaN,NaN,NaN,NaN,NaN,NaN,NaN,NaN,NaN,NaN,NaN,NaN,
23.637,-0.00763,-0.02422,0.12642,-0.30271,-0.24474,-0.28089,0.87725,NaN,NaN,NaN,NaN,NaN,NaN,NaN,NaN,NaN,NaN,NaN,NaN,NaN,NaN,NaN,NaN,NaN,NaN,NaN,NaN,NaN,
23.663,-0.00762,-0.02422,0.12641,-0.30273,-0.24473,-0.28088,0.87725,NaN,NaN,NaN,NaN,NaN,NaN,NaN,NaN,NaN,NaN,NaN,NaN,NaN,NaN,NaN,NaN,NaN,NaN,NaN,NaN,NaN,
23.688,-0.00762,-0.02422,0.12642,-0.30272,-0.24473,-0.28089,0.87725,NaN,NaN,NaN,NaN,NaN,NaN,NaN,NaN,NaN,NaN,NaN,NaN,NaN,NaN,NaN,NaN,NaN,NaN,NaN,NaN,NaN,
23.712,-0.00762,-0.02422,0.12642,-0.30272,-0.24473,-0.28089,0.87725,NaN,NaN,NaN,NaN,NaN,NaN,NaN,NaN,NaN,NaN,NaN,NaN,NaN,NaN,NaN,NaN,NaN,NaN,NaN,NaN,NaN,
23.738,-0.00762,-0.02422,0.12642,-0.30272,-0.24472,-0.28090,0.87725,NaN,NaN,NaN,NaN,NaN,NaN,NaN,NaN,NaN,NaN,NaN,NaN,NaN,NaN,NaN,NaN,NaN,NaN,NaN,NaN,NaN,
23.762,-0.00763,-0.02422,0.12642,-0.30272,-0.24472,-0.28090,0.87725,NaN,NaN,NaN,NaN,NaN,NaN,NaN,NaN,NaN,NaN,NaN,NaN,NaN,NaN,NaN,NaN,NaN,NaN,NaN,NaN,NaN,
23.787,-0.00763,-0.02422,0.12642,-0.30272,-0.24472,-0.28090,0.87725,NaN,NaN,NaN,NaN,NaN,NaN,NaN,NaN,NaN,NaN,NaN,NaN,NaN,NaN,NaN,NaN,NaN,NaN,NaN,NaN,NaN,
23.812,-0.00763,-0.02421,0.12644,-0.30269,-0.24470,-0.28095,0.87725,NaN,NaN,NaN,NaN,NaN,NaN,NaN,NaN,NaN,NaN,NaN,NaN,NaN,NaN,NaN,NaN,NaN,NaN,NaN,NaN,NaN,
23.838,-0.00763,-0.02421,0.12644,-0.30267,-0.24472,-0.28095,0.87725,NaN,NaN,NaN,NaN,NaN,NaN,NaN,NaN,NaN,NaN,NaN,NaN,NaN,NaN,NaN,NaN,NaN,NaN,NaN,NaN,NaN,
23.862,-0.00763,-0.02421,0.12645,-0.30266,-0.24470,-0.28098,0.87725,NaN,NaN,NaN,NaN,NaN,NaN,NaN,NaN,NaN,NaN,NaN,NaN,NaN,NaN,NaN,NaN,NaN,NaN,NaN,NaN,NaN,
23.887,-0.00763,-0.02421,0.12645,-0.30266,-0.24470,-0.28098,0.87725,NaN,NaN,NaN,NaN,NaN,NaN,NaN,NaN,NaN,NaN,NaN,NaN,NaN,NaN,NaN,NaN,NaN,NaN,NaN,NaN,NaN,
23.912,-0.00763,-0.02421,0.12646,-0.30263,-0.24470,-0.28100,0.87725,NaN,NaN,NaN,NaN,NaN,NaN,NaN,NaN,NaN,NaN,NaN,NaN,NaN,NaN,NaN,NaN,NaN,NaN,NaN,NaN,NaN,
23.938,-0.00763,-0.02420,0.12646,-0.30263,-0.24470,-0.28101,0.87725,NaN,NaN,NaN,NaN,NaN,NaN,NaN,NaN,NaN,NaN,NaN,NaN,NaN,NaN,NaN,NaN,NaN,NaN,NaN,NaN,NaN,
23.962,-0.00764,-0.02420,0.12647,-0.30261,-0.24470,-0.28104,0.87725,NaN,NaN,NaN,NaN,NaN,NaN,NaN,NaN,NaN,NaN,NaN,NaN,NaN,NaN,NaN,NaN,NaN,NaN,NaN,NaN,NaN,
23.987,-0.00764,-0.02420,0.12647,-0.30261,-0.24470,-0.28104,0.87725,NaN,NaN,NaN,NaN,NaN,NaN,NaN,NaN,NaN,NaN,NaN,NaN,NaN,NaN,NaN,NaN,NaN,NaN,NaN,NaN,NaN,
24.012,-0.00763,-0.02420,0.12647,-0.30260,-0.24471,-0.28104,0.87725,NaN,NaN,NaN,NaN,NaN,NaN,NaN,NaN,NaN,NaN,NaN,NaN,NaN,NaN,NaN,NaN,NaN,NaN,NaN,NaN,NaN,
24.037,-0.00763,-0.02420,0.12648,-0.30259,-0.24470,-0.28106,0.87725,NaN,NaN,NaN,NaN,NaN,NaN,NaN,NaN,NaN,NaN,NaN,NaN,NaN,NaN,NaN,NaN,NaN,NaN,NaN,NaN,NaN,
24.062,-0.00763,-0.02420,0.12648,-0.30258,-0.24471,-0.28106,0.87725,NaN,NaN,NaN,NaN,NaN,NaN,NaN,NaN,NaN,NaN,NaN,NaN,NaN,NaN,NaN,NaN,NaN,NaN,NaN,NaN,NaN,
24.087,-0.00763,-0.02420,0.12647,-0.30256,-0.24472,-0.28106,0.87725,NaN,NaN,NaN,NaN,NaN,NaN,NaN,NaN,NaN,NaN,NaN,NaN,NaN,NaN,NaN,NaN,NaN,NaN,NaN,NaN,NaN,
24.112,-0.00763,-0.02420,0.12648,-0.30256,-0.24471,-0.28108,0.87725,NaN,NaN,NaN,NaN,NaN,NaN,NaN,NaN,NaN,NaN,NaN,NaN,NaN,NaN,NaN,NaN,NaN,NaN,NaN,NaN,NaN,
24.138,-0.00763,-0.02420,0.12648,-0.30256,-0.24470,-0.28109,0.87725,NaN,NaN,NaN,NaN,NaN,NaN,NaN,NaN,NaN,NaN,NaN,NaN,NaN,NaN,NaN,NaN,NaN,NaN,NaN,NaN,NaN,
24.162,-0.00763,-0.02420,0.12649,-0.30255,-0.24470,-0.28110,0.87725,NaN,NaN,NaN,NaN,NaN,NaN,NaN,NaN,NaN,NaN,NaN,NaN,NaN,NaN,NaN,NaN,NaN,NaN,NaN,NaN,NaN,
24.188,-0.00762,-0.02420,0.12648,-0.30256,-0.24469,-0.28110,0.87725,NaN,NaN,NaN,NaN,NaN,NaN,NaN,NaN,NaN,NaN,NaN,NaN,NaN,NaN,NaN,NaN,NaN,NaN,NaN,NaN,NaN,
24.212,-0.00762,-0.02420,0.12648,-0.30256,-0.24469,-0.28110,0.87725,NaN,NaN,NaN,NaN,NaN,NaN,NaN,NaN,NaN,NaN,NaN,NaN,NaN,NaN,NaN,NaN,NaN,NaN,NaN,NaN,NaN,
24.237,-0.00762,-0.02421,0.12648,-0.30256,-0.24469,-0.28110,0.87725,NaN,NaN,NaN,NaN,NaN,NaN,NaN,NaN,NaN,NaN,NaN,NaN,NaN,NaN,NaN,NaN,NaN,NaN,NaN,NaN,NaN,
24.262,-0.00762,-0.02421,0.12648,-0.30257,-0.24468,-0.28109,0.87725,NaN,NaN,NaN,NaN,NaN,NaN,NaN,NaN,NaN,NaN,NaN,NaN,NaN,NaN,NaN,NaN,NaN,NaN,NaN,NaN,NaN,
24.288,-0.00762,-0.02421,0.12647,-0.30258,-0.24467,-0.28109,0.87725,NaN,NaN,NaN,NaN,NaN,NaN,NaN,NaN,NaN,NaN,NaN,NaN,NaN,NaN,NaN,NaN,NaN,NaN,NaN,NaN,NaN,
24.313,-0.00762,-0.02422,0.12647,-0.30260,-0.24467,-0.28106,0.87725,NaN,NaN,NaN,NaN,NaN,NaN,NaN,NaN,NaN,NaN,NaN,NaN,NaN,NaN,NaN,NaN,NaN,NaN,NaN,NaN,NaN,
24.338,-0.00761,-0.02422,0.12646,-0.30262,-0.24468,-0.28104,0.87725,NaN,NaN,NaN,NaN,NaN,NaN,NaN,NaN,NaN,NaN,NaN,NaN,NaN,NaN,NaN,NaN,NaN,NaN,NaN,NaN,NaN,
24.362,-0.00761,-0.02422,0.12645,-0.30264,-0.24469,-0.28101,0.87725,NaN,NaN,NaN,NaN,NaN,NaN,NaN,NaN,NaN,NaN,NaN,NaN,NaN,NaN,NaN,NaN,NaN,NaN,NaN,NaN,NaN,
24.388,-0.00761,-0.02422,0.12644,-0.30264,-0.24470,-0.28100,0.87725,NaN,NaN,NaN,NaN,NaN,NaN,NaN,NaN,NaN,NaN,NaN,NaN,NaN,NaN,NaN,NaN,NaN,NaN,NaN,NaN,NaN,
24.412,-0.00762,-0.02422,0.12644,-0.30266,-0.24470,-0.28098,0.87725,NaN,NaN,NaN,NaN,NaN,NaN,NaN,NaN,NaN,NaN,NaN,NaN,NaN,NaN,NaN,NaN,NaN,NaN,NaN,NaN,NaN,
24.438,-0.00762,-0.02422,0.12644,-0.30266,-0.24470,-0.28098,0.87725,NaN,NaN,NaN,NaN,NaN,NaN,NaN,NaN,NaN,NaN,NaN,NaN,NaN,NaN,NaN,NaN,NaN,NaN,NaN,NaN,NaN,
24.462,-0.00761,-0.02421,0.12645,-0.30266,-0.24470,-0.28098,0.87725,NaN,NaN,NaN,NaN,NaN,NaN,NaN,NaN,NaN,NaN,NaN,NaN,NaN,NaN,NaN,NaN,NaN,NaN,NaN,NaN,NaN,
24.488,-0.00762,-0.02421,0.12645,-0.30265,-0.24471,-0.28098,0.87725,NaN,NaN,NaN,NaN,NaN,NaN,NaN,NaN,NaN,NaN,NaN,NaN,NaN,NaN,NaN,NaN,NaN,NaN,NaN,NaN,NaN,
24.512,-0.00762,-0.02421,0.12644,-0.30266,-0.24471,-0.28097,0.87725,NaN,NaN,NaN,NaN,NaN,NaN,NaN,NaN,NaN,NaN,NaN,NaN,NaN,NaN,NaN,NaN,NaN,NaN,NaN,NaN,NaN,
24.538,-0.00762,-0.02421,0.12644,-0.30266,-0.24471,-0.28097,0.87725,NaN,NaN,NaN,NaN,NaN,NaN,NaN,NaN,NaN,NaN,NaN,NaN,NaN,NaN,NaN,NaN,NaN,NaN,NaN,NaN,NaN,
24.562,-0.00762,-0.02421,0.12644,-0.30266,-0.24471,-0.28097,0.87725,NaN,NaN,NaN,NaN,NaN,NaN,NaN,NaN,NaN,NaN,NaN,NaN,NaN,NaN,NaN,NaN,NaN,NaN,NaN,NaN,NaN,
24.587,-0.00762,-0.02421,0.12645,-0.30267,-0.24471,-0.28097,0.87725,NaN,NaN,NaN,NaN,NaN,NaN,NaN,NaN,NaN,NaN,NaN,NaN,NaN,NaN,NaN,NaN,NaN,NaN,NaN,NaN,NaN,
24.612,-0.00762,-0.02421,0.12646,-0.30265,-0.24469,-0.28099,0.87725,NaN,NaN,NaN,NaN,NaN,NaN,NaN,NaN,NaN,NaN,NaN,NaN,NaN,NaN,NaN,NaN,NaN,NaN,NaN,NaN,NaN,
24.637,-0.00762,-0.02421,0.12646,-0.30265,-0.24469,-0.28099,0.87725,NaN,NaN,NaN,NaN,NaN,NaN,NaN,NaN,NaN,NaN,NaN,NaN,NaN,NaN,NaN,NaN,NaN,NaN,NaN,NaN,NaN,
24.662,-0.00762,-0.02421,0.12647,-0.30264,-0.24470,-0.28100,0.87725,NaN,NaN,NaN,NaN,NaN,NaN,NaN,NaN,NaN,NaN,NaN,NaN,NaN,NaN,NaN,NaN,NaN,NaN,NaN,NaN,NaN,
24.687,-0.00762,-0.02421,0.12647,-0.30264,-0.24470,-0.28100,0.87725,NaN,NaN,NaN,NaN,NaN,NaN,NaN,NaN,NaN,NaN,NaN,NaN,NaN,NaN,NaN,NaN,NaN,NaN,NaN,NaN,NaN,
24.713,-0.00762,-0.02421,0.12645,-0.30265,-0.24473,-0.28097,0.87725,NaN,NaN,NaN,NaN,NaN,NaN,NaN,NaN,NaN,NaN,NaN,NaN,NaN,NaN,NaN,NaN,NaN,NaN,NaN,NaN,NaN,
24.738,-0.00762,-0.02421,0.12645,-0.30267,-0.24472,-0.28095,0.87725,NaN,NaN,NaN,NaN,NaN,NaN,NaN,NaN,NaN,NaN,NaN,NaN,NaN,NaN,NaN,NaN,NaN,NaN,NaN,NaN,NaN,
24.762,-0.00762,-0.02421,0.12644,-0.30267,-0.24473,-0.28094,0.87725,NaN,NaN,NaN,NaN,NaN,NaN,NaN,NaN,NaN,NaN,NaN,NaN,NaN,NaN,NaN,NaN,NaN,NaN,NaN,NaN,NaN,
24.788,-0.00762,-0.02421,0.12644,-0.30267,-0.24474,-0.28093,0.87725,NaN,NaN,NaN,NaN,NaN,NaN,NaN,NaN,NaN,NaN,NaN,NaN,NaN,NaN,NaN,NaN,NaN,NaN,NaN,NaN,NaN,
24.813,-0.00763,-0.02421,0.12644,-0.30267,-0.24475,-0.28093,0.87725,NaN,NaN,NaN,NaN,NaN,NaN,NaN,NaN,NaN,NaN,NaN,NaN,NaN,NaN,NaN,NaN,NaN,NaN,NaN,NaN,NaN,
24.838,-0.00763,-0.02421,0.12644,-0.30265,-0.24475,-0.28094,0.87725,NaN,NaN,NaN,NaN,NaN,NaN,NaN,NaN,NaN,NaN,NaN,NaN,NaN,NaN,NaN,NaN,NaN,NaN,NaN,NaN,NaN,
24.862,-0.00763,-0.02421,0.12644,-0.30265,-0.24475,-0.28094,0.87725,NaN,NaN,NaN,NaN,NaN,NaN,NaN,NaN,NaN,NaN,NaN,NaN,NaN,NaN,NaN,NaN,NaN,NaN,NaN,NaN,NaN,
24.888,-0.00763,-0.02421,0.12644,-0.30264,-0.24476,-0.28094,0.87725,NaN,NaN,NaN,NaN,NaN,NaN,NaN,NaN,NaN,NaN,NaN,NaN,NaN,NaN,NaN,NaN,NaN,NaN,NaN,NaN,NaN,
24.913,-0.00764,-0.02421,0.12644,-0.30264,-0.24476,-0.28095,0.87725,NaN,NaN,NaN,NaN,NaN,NaN,NaN,NaN,NaN,NaN,NaN,NaN,NaN,NaN,NaN,NaN,NaN,NaN,NaN,NaN,NaN,
24.938,-0.00764,-0.02421,0.12644,-0.30264,-0.24475,-0.28095,0.87725,NaN,NaN,NaN,NaN,NaN,NaN,NaN,NaN,NaN,NaN,NaN,NaN,NaN,NaN,NaN,NaN,NaN,NaN,NaN,NaN,NaN,
24.963,-0.00764,-0.02421,0.12644,-0.30263,-0.24475,-0.28097,0.87725,NaN,NaN,NaN,NaN,NaN,NaN,NaN,NaN,NaN,NaN,NaN,NaN,NaN,NaN,NaN,NaN,NaN,NaN,NaN,NaN,NaN,
24.987,-0.00764,-0.02421,0.12644,-0.30263,-0.24475,-0.28097,0.87725,NaN,NaN,NaN,NaN,NaN,NaN,NaN,NaN,NaN,NaN,NaN,NaN,NaN,NaN,NaN,NaN,NaN,NaN,NaN,NaN,NaN,
25.012,-0.00764,-0.02420,0.12645,-0.30262,-0.24475,-0.28098,0.87725,NaN,NaN,NaN,NaN,NaN,NaN,NaN,NaN,NaN,NaN,NaN,NaN,NaN,NaN,NaN,NaN,NaN,NaN,NaN,NaN,NaN,
25.037,-0.00764,-0.02420,0.12645,-0.30262,-0.24475,-0.28098,0.87725,NaN,NaN,NaN,NaN,NaN,NaN,NaN,NaN,NaN,NaN,NaN,NaN,NaN,NaN,NaN,NaN,NaN,NaN,NaN,NaN,NaN,
25.062,-0.00764,-0.02420,0.12645,-0.30261,-0.24474,-0.28099,0.87725,NaN,NaN,NaN,NaN,NaN,NaN,NaN,NaN,NaN,NaN,NaN,NaN,NaN,NaN,NaN,NaN,NaN,NaN,NaN,NaN,NaN,
25.088,-0.00764,-0.02420,0.12645,-0.30262,-0.24474,-0.28098,0.87725,NaN,NaN,NaN,NaN,NaN,NaN,NaN,NaN,NaN,NaN,NaN,NaN,NaN,NaN,NaN,NaN,NaN,NaN,NaN,NaN,NaN,
25.113,-0.00764,-0.02421,0.12644,-0.30264,-0.24474,-0.28096,0.87725,NaN,NaN,NaN,NaN,NaN,NaN,NaN,NaN,NaN,NaN,NaN,NaN,NaN,NaN,NaN,NaN,NaN,NaN,NaN,NaN,NaN,
25.137,-0.00764,-0.02421,0.12644,-0.30264,-0.24474,-0.28096,0.87725,NaN,NaN,NaN,NaN,NaN,NaN,NaN,NaN,NaN,NaN,NaN,NaN,NaN,NaN,NaN,NaN,NaN,NaN,NaN,NaN,NaN,
25.162,-0.00763,-0.02421,0.12644,-0.30266,-0.24474,-0.28095,0.87725,NaN,NaN,NaN,NaN,NaN,NaN,NaN,NaN,NaN,NaN,NaN,NaN,NaN,NaN,NaN,NaN,NaN,NaN,NaN,NaN,NaN,
25.187,-0.00764,-0.02422,0.12644,-0.30264,-0.24470,-0.28101,0.87725,NaN,NaN,NaN,NaN,NaN,NaN,NaN,NaN,NaN,NaN,NaN,NaN,NaN,NaN,NaN,NaN,NaN,NaN,NaN,NaN,NaN,
25.213,-0.00832,-0.02382,0.12636,-0.30420,-0.25628,-0.26804,0.87746,NaN,NaN,NaN,NaN,NaN,NaN,NaN,NaN,NaN,NaN,NaN,NaN,NaN,NaN,NaN,NaN,NaN,NaN,NaN,NaN,NaN,
25.237,-0.00832,-0.02382,0.12636,-0.30420,-0.25628,-0.26804,0.87746,NaN,NaN,NaN,NaN,NaN,NaN,NaN,NaN,NaN,NaN,NaN,NaN,NaN,NaN,NaN,NaN,NaN,NaN,NaN,NaN,NaN,
25.263,-0.00892,-0.02329,0.12619,-0.30750,-0.26756,-0.25321,0.87735,NaN,NaN,NaN,NaN,NaN,NaN,NaN,NaN,NaN,NaN,NaN,NaN,NaN,NaN,NaN,NaN,NaN,NaN,NaN,NaN,NaN,
25.287,-0.00892,-0.02329,0.12619,-0.30750,-0.26756,-0.25321,0.87735,NaN,NaN,NaN,NaN,NaN,NaN,NaN,NaN,NaN,NaN,NaN,NaN,NaN,NaN,NaN,NaN,NaN,NaN,NaN,NaN,NaN,
25.312,-0.00870,-0.02314,0.12618,-0.31078,-0.26854,-0.24862,0.87721,NaN,NaN,NaN,NaN,NaN,NaN,NaN,NaN,NaN,NaN,NaN,NaN,NaN,NaN,NaN,NaN,NaN,NaN,NaN,NaN,NaN,
25.337,-0.00824,-0.02299,0.12607,-0.31527,-0.26815,-0.24404,0.87701,NaN,NaN,NaN,NaN,NaN,NaN,NaN,NaN,NaN,NaN,NaN,NaN,NaN,NaN,NaN,NaN,NaN,NaN,NaN,NaN,NaN,
25.362,-0.00718,-0.02261,0.12641,-0.32524,-0.26402,-0.23711,0.87652,NaN,NaN,NaN,NaN,NaN,NaN,NaN,NaN,NaN,NaN,NaN,NaN,NaN,NaN,NaN,NaN,NaN,NaN,NaN,NaN,NaN,
25.388,-0.00681,-0.02223,0.12651,-0.32967,-0.26211,-0.23404,0.87626,NaN,NaN,NaN,NaN,NaN,NaN,NaN,NaN,NaN,NaN,NaN,NaN,NaN,NaN,NaN,NaN,NaN,NaN,NaN,NaN,NaN,
25.413,-0.00605,-0.02217,0.12617,-0.33380,-0.26092,-0.23056,0.87598,NaN,NaN,NaN,NaN,NaN,NaN,NaN,NaN,NaN,NaN,NaN,NaN,NaN,NaN,NaN,NaN,NaN,NaN,NaN,NaN,NaN,
25.438,-0.00561,-0.02192,0.12618,-0.34006,-0.25851,-0.22587,0.87551,NaN,NaN,NaN,NaN,NaN,NaN,NaN,NaN,NaN,NaN,NaN,NaN,NaN,NaN,NaN,NaN,NaN,NaN,NaN,NaN,NaN,
25.462,-0.00503,-0.02157,0.12610,-0.34632,-0.25608,-0.22113,0.87498,NaN,NaN,NaN,NaN,NaN,NaN,NaN,NaN,NaN,NaN,NaN,NaN,NaN,NaN,NaN,NaN,NaN,NaN,NaN,NaN,NaN,
25.488,-0.00422,-0.02126,0.12647,-0.35408,-0.25193,-0.21633,0.87427,NaN,NaN,NaN,NaN,NaN,NaN,NaN,NaN,NaN,NaN,NaN,NaN,NaN,NaN,NaN,NaN,NaN,NaN,NaN,NaN,NaN,
25.512,-0.00358,-0.02075,0.12628,-0.36091,-0.24963,-0.21066,0.87353,NaN,NaN,NaN,NaN,NaN,NaN,NaN,NaN,NaN,NaN,NaN,NaN,NaN,NaN,NaN,NaN,NaN,NaN,NaN,NaN,NaN,
25.538,-0.00302,-0.02040,0.12656,-0.36748,-0.24494,-0.20768,0.87283,NaN,NaN,NaN,NaN,NaN,NaN,NaN,NaN,NaN,NaN,NaN,NaN,NaN,NaN,NaN,NaN,NaN,NaN,NaN,NaN,NaN,
25.562,-0.00302,-0.02040,0.12656,-0.36748,-0.24494,-0.20768,0.87283,NaN,NaN,NaN,NaN,NaN,NaN,NaN,NaN,NaN,NaN,NaN,NaN,NaN,NaN,NaN,NaN,NaN,NaN,NaN,NaN,NaN,
25.588,-0.00190,-0.01964,0.12674,-0.37999,-0.23643,-0.20138,0.87129,NaN,NaN,NaN,NaN,NaN,NaN,NaN,NaN,NaN,NaN,NaN,NaN,NaN,NaN,NaN,NaN,NaN,NaN,NaN,NaN,NaN,
25.612,-0.00132,-0.01914,0.12662,-0.38674,-0.23382,-0.19583,0.87029,NaN,NaN,NaN,NaN,NaN,NaN,NaN,NaN,NaN,NaN,NaN,NaN,NaN,NaN,NaN,NaN,NaN,NaN,NaN,NaN,NaN,
25.638,-0.00061,-0.01873,0.12688,-0.39547,-0.22863,-0.19044,0.86894,NaN,NaN,NaN,NaN,NaN,NaN,NaN,NaN,NaN,NaN,NaN,NaN,NaN,NaN,NaN,NaN,NaN,NaN,NaN,NaN,NaN,
25.662,-0.00034,-0.01816,0.12680,-0.40176,-0.22435,-0.18703,0.86792,NaN,NaN,NaN,NaN,NaN,NaN,NaN,NaN,NaN,NaN,NaN,NaN,NaN,NaN,NaN,NaN,NaN,NaN,NaN,NaN,NaN,
25.688,0.00017,-0.01772,0.12686,-0.40739,-0.21902,-0.18546,0.86699,NaN,NaN,NaN,NaN,NaN,NaN,NaN,NaN,NaN,NaN,NaN,NaN,NaN,NaN,NaN,NaN,NaN,NaN,NaN,NaN,NaN,
25.712,0.00111,-0.01744,0.12688,-0.41542,-0.21474,-0.17971,0.86546,NaN,NaN,NaN,NaN,NaN,NaN,NaN,NaN,NaN,NaN,NaN,NaN,NaN,NaN,NaN,NaN,NaN,NaN,NaN,NaN,NaN,
25.738,0.00143,-0.01690,0.12689,-0.42314,-0.20954,-0.17520,0.86392,NaN,NaN,NaN,NaN,NaN,NaN,NaN,NaN,NaN,NaN,NaN,NaN,NaN,NaN,NaN,NaN,NaN,NaN,NaN,NaN,NaN,
25.762,0.00143,-0.01690,0.12689,-0.42314,-0.20954,-0.17520,0.86392,NaN,NaN,NaN,NaN,NaN,NaN,NaN,NaN,NaN,NaN,NaN,NaN,NaN,NaN,NaN,NaN,NaN,NaN,NaN,NaN,NaN,
25.788,0.00249,-0.01591,0.12703,-0.43652,-0.19944,-0.16825,0.86103,NaN,NaN,NaN,NaN,NaN,NaN,NaN,NaN,NaN,NaN,NaN,NaN,NaN,NaN,NaN,NaN,NaN,NaN,NaN,NaN,NaN,
25.812,0.00282,-0.01540,0.12708,-0.44215,-0.19595,-0.16445,0.85969,NaN,NaN,NaN,NaN,NaN,NaN,NaN,NaN,NaN,NaN,NaN,NaN,NaN,NaN,NaN,NaN,NaN,NaN,NaN,NaN,NaN,
25.838,0.00305,-0.01473,0.12696,-0.44988,-0.19219,-0.15809,0.85772,NaN,NaN,NaN,NaN,NaN,NaN,NaN,NaN,NaN,NaN,NaN,NaN,NaN,NaN,NaN,NaN,NaN,NaN,NaN,NaN,NaN,
25.862,0.00305,-0.01473,0.12696,-0.44988,-0.19219,-0.15809,0.85772,NaN,NaN,NaN,NaN,NaN,NaN,NaN,NaN,NaN,NaN,NaN,NaN,NaN,NaN,NaN,NaN,NaN,NaN,NaN,NaN,NaN,
25.888,0.00376,-0.01314,0.12720,-0.47135,-0.18181,-0.13975,0.85162,NaN,NaN,NaN,NaN,NaN,NaN,NaN,NaN,NaN,NaN,NaN,NaN,NaN,NaN,NaN,NaN,NaN,NaN,NaN,NaN,NaN,
25.912,0.00425,-0.01276,0.12740,-0.47910,-0.17514,-0.13592,0.84930,NaN,NaN,NaN,NaN,NaN,NaN,NaN,NaN,NaN,NaN,NaN,NaN,NaN,NaN,NaN,NaN,NaN,NaN,NaN,NaN,NaN,
25.938,0.00465,-0.01198,0.12727,-0.48863,-0.17098,-0.12687,0.84612,NaN,NaN,NaN,NaN,NaN,NaN,NaN,NaN,NaN,NaN,NaN,NaN,NaN,NaN,NaN,NaN,NaN,NaN,NaN,NaN,NaN,
25.962,0.00455,-0.01146,0.12741,-0.49476,-0.16735,-0.12193,0.84400,NaN,NaN,NaN,NaN,NaN,NaN,NaN,NaN,NaN,NaN,NaN,NaN,NaN,NaN,NaN,NaN,NaN,NaN,NaN,NaN,NaN,
25.988,0.00494,-0.01085,0.12726,0.50235,0.16283,0.11574,-0.84127,NaN,NaN,NaN,NaN,NaN,NaN,NaN,NaN,NaN,NaN,NaN,NaN,NaN,NaN,NaN,NaN,NaN,NaN,NaN,NaN,NaN,
26.012,0.00494,-0.01085,0.12726,0.50235,0.16283,0.11574,-0.84127,NaN,NaN,NaN,NaN,NaN,NaN,NaN,NaN,NaN,NaN,NaN,NaN,NaN,NaN,NaN,NaN,NaN,NaN,NaN,NaN,NaN,
26.038,0.00564,-0.00986,0.12735,0.51584,0.15326,0.10602,-0.83617,NaN,NaN,NaN,NaN,NaN,NaN,NaN,NaN,NaN,NaN,NaN,NaN,NaN,NaN,NaN,NaN,NaN,NaN,NaN,NaN,NaN,
26.062,0.00575,-0.00936,0.12751,0.52046,0.14903,0.10359,-0.83437,NaN,NaN,NaN,NaN,NaN,NaN,NaN,NaN,NaN,NaN,NaN,NaN,NaN,NaN,NaN,NaN,NaN,NaN,NaN,NaN,NaN,
26.088,0.00605,-0.00902,0.12741,0.52445,0.14485,0.10200,-0.83281,NaN,NaN,NaN,NaN,NaN,NaN,NaN,NaN,NaN,NaN,NaN,NaN,NaN,NaN,NaN,NaN,NaN,NaN,NaN,NaN,NaN,
26.112,0.00605,-0.00902,0.12741,0.52445,0.14485,0.10200,-0.83281,NaN,NaN,NaN,NaN,NaN,NaN,NaN,NaN,NaN,NaN,NaN,NaN,NaN,NaN,NaN,NaN,NaN,NaN,NaN,NaN,NaN,
26.138,0.00658,-0.00810,0.12749,0.53545,0.13560,0.09505,-0.82817,NaN,NaN,NaN,NaN,NaN,NaN,NaN,NaN,NaN,NaN,NaN,NaN,NaN,NaN,NaN,NaN,NaN,NaN,NaN,NaN,NaN,
26.162,0.00661,-0.00759,0.12751,0.53985,0.13233,0.09175,-0.82622,NaN,NaN,NaN,NaN,NaN,NaN,NaN,NaN,NaN,NaN,NaN,NaN,NaN,NaN,NaN,NaN,NaN,NaN,NaN,NaN,NaN,
26.188,0.00679,-0.00727,0.12755,0.54299,0.12896,0.09044,-0.82484,NaN,NaN,NaN,NaN,NaN,NaN,NaN,NaN,NaN,NaN,NaN,NaN,NaN,NaN,NaN,NaN,NaN,NaN,NaN,NaN,NaN,
26.212,0.00714,-0.00699,0.12760,0.54601,0.12544,0.08944,-0.82349,NaN,NaN,NaN,NaN,NaN,NaN,NaN,NaN,NaN,NaN,NaN,NaN,NaN,NaN,NaN,NaN,NaN,NaN,NaN,NaN,NaN,
26.238,0.00725,-0.00682,0.12757,0.54611,0.12393,0.09084,-0.82350,NaN,NaN,NaN,NaN,NaN,NaN,NaN,NaN,NaN,NaN,NaN,NaN,NaN,NaN,NaN,NaN,NaN,NaN,NaN,NaN,NaN,
26.262,0.00725,-0.00682,0.12757,0.54611,0.12393,0.09084,-0.82350,NaN,NaN,NaN,NaN,NaN,NaN,NaN,NaN,NaN,NaN,NaN,NaN,NaN,NaN,NaN,NaN,NaN,NaN,NaN,NaN,NaN,
26.287,0.00743,-0.00670,0.12762,0.54559,0.12168,0.09395,-0.82383,NaN,NaN,NaN,NaN,NaN,NaN,NaN,NaN,NaN,NaN,NaN,NaN,NaN,NaN,NaN,NaN,NaN,NaN,NaN,NaN,NaN,
26.312,0.00755,-0.00649,0.12756,0.54521,0.11978,0.09647,-0.82407,NaN,NaN,NaN,NaN,NaN,NaN,NaN,NaN,NaN,NaN,NaN,NaN,NaN,NaN,NaN,NaN,NaN,NaN,NaN,NaN,NaN,
26.338,0.00796,-0.00623,0.12757,0.54474,0.11527,0.10175,-0.82439,NaN,NaN,NaN,NaN,NaN,NaN,NaN,NaN,NaN,NaN,NaN,NaN,NaN,NaN,NaN,NaN,NaN,NaN,NaN,NaN,NaN,
26.362,0.00796,-0.00623,0.12757,0.54474,0.11527,0.10175,-0.82439,NaN,NaN,NaN,NaN,NaN,NaN,NaN,NaN,NaN,NaN,NaN,NaN,NaN,NaN,NaN,NaN,NaN,NaN,NaN,NaN,NaN,
26.387,0.00808,-0.00598,0.12763,0.54547,0.11218,0.10376,-0.82408,NaN,NaN,NaN,NaN,NaN,NaN,NaN,NaN,NaN,NaN,NaN,NaN,NaN,NaN,NaN,NaN,NaN,NaN,NaN,NaN,NaN,
26.412,0.00845,-0.00535,0.12768,0.54788,0.10597,0.10632,-0.82298,NaN,NaN,NaN,NaN,NaN,NaN,NaN,NaN,NaN,NaN,NaN,NaN,NaN,NaN,NaN,NaN,NaN,NaN,NaN,NaN,NaN,
26.437,0.00845,-0.00535,0.12768,0.54788,0.10597,0.10632,-0.82298,NaN,NaN,NaN,NaN,NaN,NaN,NaN,NaN,NaN,NaN,NaN,NaN,NaN,NaN,NaN,NaN,NaN,NaN,NaN,NaN,NaN,
26.463,0.00916,-0.00463,0.12768,0.55434,0.09921,0.10320,-0.81989,NaN,NaN,NaN,NaN,NaN,NaN,NaN,NaN,NaN,NaN,NaN,NaN,NaN,NaN,NaN,NaN,NaN,NaN,NaN,NaN,NaN,
26.487,0.00916,-0.00463,0.12768,0.55434,0.09921,0.10320,-0.81989,NaN,NaN,NaN,NaN,NaN,NaN,NaN,NaN,NaN,NaN,NaN,NaN,NaN,NaN,NaN,NaN,NaN,NaN,NaN,NaN,NaN,
26.512,0.00861,-0.00438,0.12764,0.55469,0.10030,0.10159,-0.81972,NaN,NaN,NaN,NaN,NaN,NaN,NaN,NaN,NaN,NaN,NaN,NaN,NaN,NaN,NaN,NaN,NaN,NaN,NaN,NaN,NaN,
26.537,0.00889,-0.00408,0.12771,0.55685,0.09680,0.10173,-0.81865,NaN,NaN,NaN,NaN,NaN,NaN,NaN,NaN,NaN,NaN,NaN,NaN,NaN,NaN,NaN,NaN,NaN,NaN,NaN,NaN,NaN,
26.562,0.00894,-0.00384,0.12768,0.55769,0.09465,0.10258,-0.81823,NaN,NaN,NaN,NaN,NaN,NaN,NaN,NaN,NaN,NaN,NaN,NaN,NaN,NaN,NaN,NaN,NaN,NaN,NaN,NaN,NaN,
26.588,0.00915,-0.00341,0.12768,0.55838,0.08984,0.10625,-0.81783,NaN,NaN,NaN,NaN,NaN,NaN,NaN,NaN,NaN,NaN,NaN,NaN,NaN,NaN,NaN,NaN,NaN,NaN,NaN,NaN,NaN,
26.612,0.00931,-0.00323,0.12770,0.55877,0.08751,0.10792,-0.81760,NaN,NaN,NaN,NaN,NaN,NaN,NaN,NaN,NaN,NaN,NaN,NaN,NaN,NaN,NaN,NaN,NaN,NaN,NaN,NaN,NaN,
26.638,0.00942,-0.00307,0.12768,0.55897,0.08565,0.10943,-0.81746,NaN,NaN,NaN,NaN,NaN,NaN,NaN,NaN,NaN,NaN,NaN,NaN,NaN,NaN,NaN,NaN,NaN,NaN,NaN,NaN,NaN,
26.662,0.00952,-0.00289,0.12768,0.55922,0.08345,0.11118,-0.81728,NaN,NaN,NaN,NaN,NaN,NaN,NaN,NaN,NaN,NaN,NaN,NaN,NaN,NaN,NaN,NaN,NaN,NaN,NaN,NaN,NaN,
26.688,0.00960,-0.00270,0.12767,0.55956,0.08111,0.11292,-0.81704,NaN,NaN,NaN,NaN,NaN,NaN,NaN,NaN,NaN,NaN,NaN,NaN,NaN,NaN,NaN,NaN,NaN,NaN,NaN,NaN,NaN,
26.712,0.00967,-0.00254,0.12767,0.55981,0.07900,0.11457,-0.81685,NaN,NaN,NaN,NaN,NaN,NaN,NaN,NaN,NaN,NaN,NaN,NaN,NaN,NaN,NaN,NaN,NaN,NaN,NaN,NaN,NaN,
26.738,0.00976,-0.00236,0.12769,0.56034,0.07662,0.11603,-0.81651,NaN,NaN,NaN,NaN,NaN,NaN,NaN,NaN,NaN,NaN,NaN,NaN,NaN,NaN,NaN,NaN,NaN,NaN,NaN,NaN,NaN,
26.762,0.00976,-0.00236,0.12769,0.56034,0.07662,0.11603,-0.81651,NaN,NaN,NaN,NaN,NaN,NaN,NaN,NaN,NaN,NaN,NaN,NaN,NaN,NaN,NaN,NaN,NaN,NaN,NaN,NaN,NaN,
26.787,0.00988,-0.00218,0.12769,0.56097,0.07446,0.11714,-0.81612,NaN,NaN,NaN,NaN,NaN,NaN,NaN,NaN,NaN,NaN,NaN,NaN,NaN,NaN,NaN,NaN,NaN,NaN,NaN,NaN,NaN,
26.812,0.00994,-0.00207,0.12770,0.56124,0.07277,0.11833,-0.81591,NaN,NaN,NaN,NaN,NaN,NaN,NaN,NaN,NaN,NaN,NaN,NaN,NaN,NaN,NaN,NaN,NaN,NaN,NaN,NaN,NaN,
26.838,0.01000,-0.00189,0.12770,0.56169,0.07086,0.11945,-0.81561,NaN,NaN,NaN,NaN,NaN,NaN,NaN,NaN,NaN,NaN,NaN,NaN,NaN,NaN,NaN,NaN,NaN,NaN,NaN,NaN,NaN,
26.862,0.00973,-0.00117,0.12780,0.56576,0.06925,0.11480,-0.81359,NaN,NaN,NaN,NaN,NaN,NaN,NaN,NaN,NaN,NaN,NaN,NaN,NaN,NaN,NaN,NaN,NaN,NaN,NaN,NaN,NaN,
26.888,0.00938,-0.00100,0.12787,0.56833,0.07188,0.10837,-0.81246,NaN,NaN,NaN,NaN,NaN,NaN,NaN,NaN,NaN,NaN,NaN,NaN,NaN,NaN,NaN,NaN,NaN,NaN,NaN,NaN,NaN,
26.912,0.00938,-0.00100,0.12787,0.56833,0.07188,0.10837,-0.81246,NaN,NaN,NaN,NaN,NaN,NaN,NaN,NaN,NaN,NaN,NaN,NaN,NaN,NaN,NaN,NaN,NaN,NaN,NaN,NaN,NaN,
26.938,0.00939,-0.00003,0.12805,0.57670,0.06886,0.09827,-0.80809,NaN,NaN,NaN,NaN,NaN,NaN,NaN,NaN,NaN,NaN,NaN,NaN,NaN,NaN,NaN,NaN,NaN,NaN,NaN,NaN,NaN,
26.962,0.00908,0.00015,0.12813,0.57838,0.07104,0.09353,-0.80727,NaN,NaN,NaN,NaN,NaN,NaN,NaN,NaN,NaN,NaN,NaN,NaN,NaN,NaN,NaN,NaN,NaN,NaN,NaN,NaN,NaN,
26.988,0.00912,0.00048,0.12829,0.58164,0.06950,0.08987,-0.80547,NaN,NaN,NaN,NaN,NaN,NaN,NaN,NaN,NaN,NaN,NaN,NaN,NaN,NaN,NaN,NaN,NaN,NaN,NaN,NaN,NaN,
27.012,0.00912,0.00048,0.12829,0.58164,0.06950,0.08987,-0.80547,NaN,NaN,NaN,NaN,NaN,NaN,NaN,NaN,NaN,NaN,NaN,NaN,NaN,NaN,NaN,NaN,NaN,NaN,NaN,NaN,NaN,
27.037,0.00904,0.00077,0.12835,0.58380,0.06970,0.08623,-0.80429,NaN,NaN,NaN,NaN,NaN,NaN,NaN,NaN,NaN,NaN,NaN,NaN,NaN,NaN,NaN,NaN,NaN,NaN,NaN,NaN,NaN,
27.062,0.00906,0.00097,0.12849,0.58624,0.06993,0.08211,-0.80293,NaN,NaN,NaN,NaN,NaN,NaN,NaN,NaN,NaN,NaN,NaN,NaN,NaN,NaN,NaN,NaN,NaN,NaN,NaN,NaN,NaN,
27.088,0.00876,0.00159,0.12862,0.59003,0.06905,0.07685,-0.80074,NaN,NaN,NaN,NaN,NaN,NaN,NaN,NaN,NaN,NaN,NaN,NaN,NaN,NaN,NaN,NaN,NaN,NaN,NaN,NaN,NaN,
27.112,0.00841,0.00178,0.12861,0.59060,0.07091,0.07408,-0.80042,NaN,NaN,NaN,NaN,NaN,NaN,NaN,NaN,NaN,NaN,NaN,NaN,NaN,NaN,NaN,NaN,NaN,NaN,NaN,NaN,NaN,
27.138,0.00835,0.00195,0.12870,0.59143,0.07053,0.07311,-0.79993,NaN,NaN,NaN,NaN,NaN,NaN,NaN,NaN,NaN,NaN,NaN,NaN,NaN,NaN,NaN,NaN,NaN,NaN,NaN,NaN,NaN,
27.162,0.00835,0.00195,0.12870,0.59143,0.07053,0.07311,-0.79993,NaN,NaN,NaN,NaN,NaN,NaN,NaN,NaN,NaN,NaN,NaN,NaN,NaN,NaN,NaN,NaN,NaN,NaN,NaN,NaN,NaN,
27.188,0.00825,0.00229,0.12881,0.59482,0.07062,0.06747,-0.79791,NaN,NaN,NaN,NaN,NaN,NaN,NaN,NaN,NaN,NaN,NaN,NaN,NaN,NaN,NaN,NaN,NaN,NaN,NaN,NaN,NaN,
27.212,0.00816,0.00250,0.12888,0.59567,0.06997,0.06671,-0.79739,NaN,NaN,NaN,NaN,NaN,NaN,NaN,NaN,NaN,NaN,NaN,NaN,NaN,NaN,NaN,NaN,NaN,NaN,NaN,NaN,NaN,
27.237,0.00816,0.00250,0.12888,0.59567,0.06997,0.06671,-0.79739,NaN,NaN,NaN,NaN,NaN,NaN,NaN,NaN,NaN,NaN,NaN,NaN,NaN,NaN,NaN,NaN,NaN,NaN,NaN,NaN,NaN,
27.262,0.00821,0.00261,0.12891,0.59603,0.06919,0.06690,-0.79717,NaN,NaN,NaN,NaN,NaN,NaN,NaN,NaN,NaN,NaN,NaN,NaN,NaN,NaN,NaN,NaN,NaN,NaN,NaN,NaN,NaN,
27.288,0.00823,0.00278,0.12900,0.59577,0.06800,0.06852,-0.79733,NaN,NaN,NaN,NaN,NaN,NaN,NaN,NaN,NaN,NaN,NaN,NaN,NaN,NaN,NaN,NaN,NaN,NaN,NaN,NaN,NaN,
27.312,0.00819,0.00285,0.12904,0.59530,0.06775,0.06952,-0.79761,NaN,NaN,NaN,NaN,NaN,NaN,NaN,NaN,NaN,NaN,NaN,NaN,NaN,NaN,NaN,NaN,NaN,NaN,NaN,NaN,NaN,
27.338,0.00817,0.00290,0.12910,0.59506,0.06709,0.07059,-0.79776,NaN,NaN,NaN,NaN,NaN,NaN,NaN,NaN,NaN,NaN,NaN,NaN,NaN,NaN,NaN,NaN,NaN,NaN,NaN,NaN,NaN,
27.362,0.00817,0.00290,0.12910,0.59506,0.06709,0.07059,-0.79776,NaN,NaN,NaN,NaN,NaN,NaN,NaN,NaN,NaN,NaN,NaN,NaN,NaN,NaN,NaN,NaN,NaN,NaN,NaN,NaN,NaN,
27.388,0.00815,0.00301,0.12922,0.59412,0.06617,0.07303,-0.79832,NaN,NaN,NaN,NaN,NaN,NaN,NaN,NaN,NaN,NaN,NaN,NaN,NaN,NaN,NaN,NaN,NaN,NaN,NaN,NaN,NaN,
27.412,0.00812,0.00309,0.12927,0.59400,0.06533,0.07405,-0.79838,NaN,NaN,NaN,NaN,NaN,NaN,NaN,NaN,NaN,NaN,NaN,NaN,NaN,NaN,NaN,NaN,NaN,NaN,NaN,NaN,NaN,
27.438,0.00822,0.00321,0.12927,0.59450,0.06395,0.07459,-0.79807,NaN,NaN,NaN,NaN,NaN,NaN,NaN,NaN,NaN,NaN,NaN,NaN,NaN,NaN,NaN,NaN,NaN,NaN,NaN,NaN,NaN,
27.462,0.00822,0.00321,0.12927,0.59450,0.06395,0.07459,-0.79807,NaN,NaN,NaN,NaN,NaN,NaN,NaN,NaN,NaN,NaN,NaN,NaN,NaN,NaN,NaN,NaN,NaN,NaN,NaN,NaN,NaN,
27.488,0.00828,0.00336,0.12935,0.59446,0.06218,0.07640,-0.79807,NaN,NaN,NaN,NaN,NaN,NaN,NaN,NaN,NaN,NaN,NaN,NaN,NaN,NaN,NaN,NaN,NaN,NaN,NaN,NaN,NaN,
27.512,0.00824,0.00335,0.12940,0.59404,0.06206,0.07720,-0.79831,NaN,NaN,NaN,NaN,NaN,NaN,NaN,NaN,NaN,NaN,NaN,NaN,NaN,NaN,NaN,NaN,NaN,NaN,NaN,NaN,NaN,
27.538,0.00832,0.00348,0.12937,0.59412,0.06134,0.07777,-0.79825,NaN,NaN,NaN,NaN,NaN,NaN,NaN,NaN,NaN,NaN,NaN,NaN,NaN,NaN,NaN,NaN,NaN,NaN,NaN,NaN,NaN,
27.563,0.00828,0.00360,0.12939,0.59408,0.06011,0.07904,-0.79825,NaN,NaN,NaN,NaN,NaN,NaN,NaN,NaN,NaN,NaN,NaN,NaN,NaN,NaN,NaN,NaN,NaN,NaN,NaN,NaN,NaN,
27.587,0.00828,0.00360,0.12939,0.59408,0.06011,0.07904,-0.79825,NaN,NaN,NaN,NaN,NaN,NaN,NaN,NaN,NaN,NaN,NaN,NaN,NaN,NaN,NaN,NaN,NaN,NaN,NaN,NaN,NaN,
27.612,0.00823,0.00357,0.12945,0.59384,0.05932,0.08019,-0.79837,NaN,NaN,NaN,NaN,NaN,NaN,NaN,NaN,NaN,NaN,NaN,NaN,NaN,NaN,NaN,NaN,NaN,NaN,NaN,NaN,NaN,
27.638,0.00828,0.00367,0.12947,0.59303,0.05811,0.08269,-0.79882,NaN,NaN,NaN,NaN,NaN,NaN,NaN,NaN,NaN,NaN,NaN,NaN,NaN,NaN,NaN,NaN,NaN,NaN,NaN,NaN,NaN,
27.662,0.00828,0.00367,0.12947,0.59303,0.05811,0.08269,-0.79882,NaN,NaN,NaN,NaN,NaN,NaN,NaN,NaN,NaN,NaN,NaN,NaN,NaN,NaN,NaN,NaN,NaN,NaN,NaN,NaN,NaN,
27.688,0.00836,0.00373,0.12965,0.59233,0.05603,0.08582,-0.79915,NaN,NaN,NaN,NaN,NaN,NaN,NaN,NaN,NaN,NaN,NaN,NaN,NaN,NaN,NaN,NaN,NaN,NaN,NaN,NaN,NaN,
27.712,0.00836,0.00373,0.12965,0.59233,0.05603,0.08582,-0.79915,NaN,NaN,NaN,NaN,NaN,NaN,NaN,NaN,NaN,NaN,NaN,NaN,NaN,NaN,NaN,NaN,NaN,NaN,NaN,NaN,NaN,
27.737,0.00835,0.00383,0.12962,0.59227,0.05493,0.08698,-0.79915,NaN,NaN,NaN,NaN,NaN,NaN,NaN,NaN,NaN,NaN,NaN,NaN,NaN,NaN,NaN,NaN,NaN,NaN,NaN,NaN,NaN,
27.762,0.00842,0.00391,0.12971,0.59238,0.05256,0.08907,-0.79900,NaN,NaN,NaN,NaN,NaN,NaN,NaN,NaN,NaN,NaN,NaN,NaN,NaN,NaN,NaN,NaN,NaN,NaN,NaN,NaN,NaN,
27.787,0.00842,0.00391,0.12971,0.59238,0.05256,0.08907,-0.79900,NaN,NaN,NaN,NaN,NaN,NaN,NaN,NaN,NaN,NaN,NaN,NaN,NaN,NaN,NaN,NaN,NaN,NaN,NaN,NaN,NaN,
27.812,0.00836,0.00385,0.12972,0.59109,0.05253,0.09116,-0.79972,NaN,NaN,NaN,NaN,NaN,NaN,NaN,NaN,NaN,NaN,NaN,NaN,NaN,NaN,NaN,NaN,NaN,NaN,NaN,NaN,NaN,
27.837,0.00857,0.00394,0.12979,0.59107,0.05032,0.09329,-0.79962,NaN,NaN,NaN,NaN,NaN,NaN,NaN,NaN,NaN,NaN,NaN,NaN,NaN,NaN,NaN,NaN,NaN,NaN,NaN,NaN,NaN,
27.862,0.00852,0.00394,0.12979,0.59011,0.04951,0.09559,-0.80011,NaN,NaN,NaN,NaN,NaN,NaN,NaN,NaN,NaN,NaN,NaN,NaN,NaN,NaN,NaN,NaN,NaN,NaN,NaN,NaN,NaN,
27.888,0.00876,0.00389,0.12984,0.58949,0.04600,0.09988,-0.80026,NaN,NaN,NaN,NaN,NaN,NaN,NaN,NaN,NaN,NaN,NaN,NaN,NaN,NaN,NaN,NaN,NaN,NaN,NaN,NaN,NaN,
27.912,0.00876,0.00389,0.12984,0.58949,0.04600,0.09988,-0.80026,NaN,NaN,NaN,NaN,NaN,NaN,NaN,NaN,NaN,NaN,NaN,NaN,NaN,NaN,NaN,NaN,NaN,NaN,NaN,NaN,NaN,
27.938,0.00903,0.00390,0.12988,0.58894,0.04272,0.10380,-0.80034,NaN,NaN,NaN,NaN,NaN,NaN,NaN,NaN,NaN,NaN,NaN,NaN,NaN,NaN,NaN,NaN,NaN,NaN,NaN,NaN,NaN,
27.962,0.00908,0.00394,0.12986,0.58848,0.04180,0.10537,-0.80052,NaN,NaN,NaN,NaN,NaN,NaN,NaN,NaN,NaN,NaN,NaN,NaN,NaN,NaN,NaN,NaN,NaN,NaN,NaN,NaN,NaN,
27.988,0.00909,0.00395,0.12985,0.58831,0.04045,0.10690,-0.80052,NaN,NaN,NaN,NaN,NaN,NaN,NaN,NaN,NaN,NaN,NaN,NaN,NaN,NaN,NaN,NaN,NaN,NaN,NaN,NaN,NaN,
28.013,0.00912,0.00398,0.12988,0.58804,0.03875,0.10888,-0.80053,NaN,NaN,NaN,NaN,NaN,NaN,NaN,NaN,NaN,NaN,NaN,NaN,NaN,NaN,NaN,NaN,NaN,NaN,NaN,NaN,NaN,
28.038,0.00915,0.00404,0.12992,0.58803,0.03732,0.11022,-0.80043,NaN,NaN,NaN,NaN,NaN,NaN,NaN,NaN,NaN,NaN,NaN,NaN,NaN,NaN,NaN,NaN,NaN,NaN,NaN,NaN,NaN,
28.062,0.00915,0.00404,0.12992,0.58803,0.03732,0.11022,-0.80043,NaN,NaN,NaN,NaN,NaN,NaN,NaN,NaN,NaN,NaN,NaN,NaN,NaN,NaN,NaN,NaN,NaN,NaN,NaN,NaN,NaN,
28.088,0.00922,0.00410,0.12996,0.58787,0.03366,0.11381,-0.80020,NaN,NaN,NaN,NaN,NaN,NaN,NaN,NaN,NaN,NaN,NaN,NaN,NaN,NaN,NaN,NaN,NaN,NaN,NaN,NaN,NaN,
28.112,0.00922,0.00410,0.12996,0.58787,0.03366,0.11381,-0.80020,NaN,NaN,NaN,NaN,NaN,NaN,NaN,NaN,NaN,NaN,NaN,NaN,NaN,NaN,NaN,NaN,NaN,NaN,NaN,NaN,NaN,
28.138,0.00930,0.00422,0.13000,0.58813,0.03141,0.11545,-0.79987,NaN,NaN,NaN,NaN,NaN,NaN,NaN,NaN,NaN,NaN,NaN,NaN,NaN,NaN,NaN,NaN,NaN,NaN,NaN,NaN,NaN,
28.162,0.00926,0.00427,0.12994,0.58834,0.03072,0.11575,-0.79970,NaN,NaN,NaN,NaN,NaN,NaN,NaN,NaN,NaN,NaN,NaN,NaN,NaN,NaN,NaN,NaN,NaN,NaN,NaN,NaN,NaN,
28.188,0.00928,0.00433,0.12994,0.58887,0.02948,0.11605,-0.79931,NaN,NaN,NaN,NaN,NaN,NaN,NaN,NaN,NaN,NaN,NaN,NaN,NaN,NaN,NaN,NaN,NaN,NaN,NaN,NaN,NaN,
28.212,0.00928,0.00433,0.12994,0.58887,0.02948,0.11605,-0.79931,NaN,NaN,NaN,NaN,NaN,NaN,NaN,NaN,NaN,NaN,NaN,NaN,NaN,NaN,NaN,NaN,NaN,NaN,NaN,NaN,NaN,
28.238,0.00922,0.00443,0.12992,0.58929,0.02822,0.11654,-0.79898,NaN,NaN,NaN,NaN,NaN,NaN,NaN,NaN,NaN,NaN,NaN,NaN,NaN,NaN,NaN,NaN,NaN,NaN,NaN,NaN,NaN,
28.262,0.00922,0.00443,0.12992,0.58929,0.02822,0.11654,-0.79898,NaN,NaN,NaN,NaN,NaN,NaN,NaN,NaN,NaN,NaN,NaN,NaN,NaN,NaN,NaN,NaN,NaN,NaN,NaN,NaN,NaN,
28.288,0.00915,0.00455,0.12986,0.58996,0.02657,0.11698,-0.79847,NaN,NaN,NaN,NaN,NaN,NaN,NaN,NaN,NaN,NaN,NaN,NaN,NaN,NaN,NaN,NaN,NaN,NaN,NaN,NaN,NaN,
28.312,0.00915,0.00455,0.12986,0.58996,0.02657,0.11698,-0.79847,NaN,NaN,NaN,NaN,NaN,NaN,NaN,NaN,NaN,NaN,NaN,NaN,NaN,NaN,NaN,NaN,NaN,NaN,NaN,NaN,NaN,
28.338,0.00919,0.00470,0.12994,0.59070,0.02444,0.11773,-0.79788,NaN,NaN,NaN,NaN,NaN,NaN,NaN,NaN,NaN,NaN,NaN,NaN,NaN,NaN,NaN,NaN,NaN,NaN,NaN,NaN,NaN,
28.362,0.00919,0.00470,0.12994,0.59070,0.02444,0.11773,-0.79788,NaN,NaN,NaN,NaN,NaN,NaN,NaN,NaN,NaN,NaN,NaN,NaN,NaN,NaN,NaN,NaN,NaN,NaN,NaN,NaN,NaN,
28.388,0.00917,0.00483,0.12993,0.59153,0.02265,0.11804,-0.79727,NaN,NaN,NaN,NaN,NaN,NaN,NaN,NaN,NaN,NaN,NaN,NaN,NaN,NaN,NaN,NaN,NaN,NaN,NaN,NaN,NaN,
28.412,0.00917,0.00483,0.12993,0.59153,0.02265,0.11804,-0.79727,NaN,NaN,NaN,NaN,NaN,NaN,NaN,NaN,NaN,NaN,NaN,NaN,NaN,NaN,NaN,NaN,NaN,NaN,NaN,NaN,NaN,
28.438,0.00912,0.00498,0.12991,0.59217,0.02102,0.11851,-0.79677,NaN,NaN,NaN,NaN,NaN,NaN,NaN,NaN,NaN,NaN,NaN,NaN,NaN,NaN,NaN,NaN,NaN,NaN,NaN,NaN,NaN,
28.462,0.00912,0.00498,0.12991,0.59217,0.02102,0.11851,-0.79677,NaN,NaN,NaN,NaN,NaN,NaN,NaN,NaN,NaN,NaN,NaN,NaN,NaN,NaN,NaN,NaN,NaN,NaN,NaN,NaN,NaN,
28.488,0.00895,0.00505,0.12996,0.59256,0.01966,0.11912,-0.79643,NaN,NaN,NaN,NaN,NaN,NaN,NaN,NaN,NaN,NaN,NaN,NaN,NaN,NaN,NaN,NaN,NaN,NaN,NaN,NaN,NaN,
28.513,0.00908,0.00521,0.12993,0.59341,0.01825,0.11904,-0.79584,NaN,NaN,NaN,NaN,NaN,NaN,NaN,NaN,NaN,NaN,NaN,NaN,NaN,NaN,NaN,NaN,NaN,NaN,NaN,NaN,NaN,
28.538,0.00878,0.00508,0.12986,0.59170,0.01863,0.12136,-0.79675,NaN,NaN,NaN,NaN,NaN,NaN,NaN,NaN,NaN,NaN,NaN,NaN,NaN,NaN,NaN,NaN,NaN,NaN,NaN,NaN,NaN,
28.562,0.00878,0.00508,0.12986,0.59170,0.01863,0.12136,-0.79675,NaN,NaN,NaN,NaN,NaN,NaN,NaN,NaN,NaN,NaN,NaN,NaN,NaN,NaN,NaN,NaN,NaN,NaN,NaN,NaN,NaN,
28.587,0.00938,0.00530,0.12994,0.59383,0.01186,0.12404,-0.79489,NaN,NaN,NaN,NaN,NaN,NaN,NaN,NaN,NaN,NaN,NaN,NaN,NaN,NaN,NaN,NaN,NaN,NaN,NaN,NaN,NaN,
28.612,0.00959,0.00531,0.13004,0.59406,0.00913,0.12608,-0.79443,NaN,NaN,NaN,NaN,NaN,NaN,NaN,NaN,NaN,NaN,NaN,NaN,NaN,NaN,NaN,NaN,NaN,NaN,NaN,NaN,NaN,
28.638,0.00982,0.00539,0.12996,0.59435,0.00060,0.13299,-0.79313,NaN,NaN,NaN,NaN,NaN,NaN,NaN,NaN,NaN,NaN,NaN,NaN,NaN,NaN,NaN,NaN,NaN,NaN,NaN,NaN,NaN,
28.662,0.00982,0.00539,0.12996,0.59435,0.00060,0.13299,-0.79313,NaN,NaN,NaN,NaN,NaN,NaN,NaN,NaN,NaN,NaN,NaN,NaN,NaN,NaN,NaN,NaN,NaN,NaN,NaN,NaN,NaN,
28.687,0.00981,0.00541,0.12988,0.59430,-0.00032,0.13385,-0.79302,NaN,NaN,NaN,NaN,NaN,NaN,NaN,NaN,NaN,NaN,NaN,NaN,NaN,NaN,NaN,NaN,NaN,NaN,NaN,NaN,NaN,
28.713,0.01005,0.00559,0.12995,0.59579,-0.00594,0.13634,-0.79146,NaN,NaN,NaN,NaN,NaN,NaN,NaN,NaN,NaN,NaN,NaN,NaN,NaN,NaN,NaN,NaN,NaN,NaN,NaN,NaN,NaN,
28.737,0.01005,0.00559,0.12995,0.59579,-0.00594,0.13634,-0.79146,NaN,NaN,NaN,NaN,NaN,NaN,NaN,NaN,NaN,NaN,NaN,NaN,NaN,NaN,NaN,NaN,NaN,NaN,NaN,NaN,NaN,
28.763,0.01023,0.00547,0.13007,0.59604,-0.00914,0.13866,-0.79084,NaN,NaN,NaN,NaN,NaN,NaN,NaN,NaN,NaN,NaN,NaN,NaN,NaN,NaN,NaN,NaN,NaN,NaN,NaN,NaN,NaN,
28.787,0.01023,0.00547,0.13007,0.59604,-0.00914,0.13866,-0.79084,NaN,NaN,NaN,NaN,NaN,NaN,NaN,NaN,NaN,NaN,NaN,NaN,NaN,NaN,NaN,NaN,NaN,NaN,NaN,NaN,NaN,
28.812,0.01058,0.00564,0.13010,0.59784,-0.01825,0.14352,-0.78845,NaN,NaN,NaN,NaN,NaN,NaN,NaN,NaN,NaN,NaN,NaN,NaN,NaN,NaN,NaN,NaN,NaN,NaN,NaN,NaN,NaN,
28.838,0.01061,0.00573,0.12992,0.59829,-0.02383,0.14742,-0.78724,NaN,NaN,NaN,NaN,NaN,NaN,NaN,NaN,NaN,NaN,NaN,NaN,NaN,NaN,NaN,NaN,NaN,NaN,NaN,NaN,NaN,
28.862,0.01061,0.00573,0.12992,0.59829,-0.02383,0.14742,-0.78724,NaN,NaN,NaN,NaN,NaN,NaN,NaN,NaN,NaN,NaN,NaN,NaN,NaN,NaN,NaN,NaN,NaN,NaN,NaN,NaN,NaN,
28.888,0.01064,0.00585,0.12987,0.59956,-0.02787,0.14878,-0.78588,NaN,NaN,NaN,NaN,NaN,NaN,NaN,NaN,NaN,NaN,NaN,NaN,NaN,NaN,NaN,NaN,NaN,NaN,NaN,NaN,NaN,
28.912,0.01067,0.00595,0.12980,0.60018,-0.03078,0.15019,-0.78503,NaN,NaN,NaN,NaN,NaN,NaN,NaN,NaN,NaN,NaN,NaN,NaN,NaN,NaN,NaN,NaN,NaN,NaN,NaN,NaN,NaN,
28.937,0.01067,0.00595,0.12980,0.60018,-0.03078,0.15019,-0.78503,NaN,NaN,NaN,NaN,NaN,NaN,NaN,NaN,NaN,NaN,NaN,NaN,NaN,NaN,NaN,NaN,NaN,NaN,NaN,NaN,NaN,
28.962,0.01085,0.00647,0.12987,0.60415,-0.04187,0.15303,-0.78091,NaN,NaN,NaN,NaN,NaN,NaN,NaN,NaN,NaN,NaN,NaN,NaN,NaN,NaN,NaN,NaN,NaN,NaN,NaN,NaN,NaN,
28.987,0.01085,0.00647,0.12987,0.60415,-0.04187,0.15303,-0.78091,NaN,NaN,NaN,NaN,NaN,NaN,NaN,NaN,NaN,NaN,NaN,NaN,NaN,NaN,NaN,NaN,NaN,NaN,NaN,NaN,NaN,
29.012,0.01099,0.00680,0.12991,0.60815,-0.05116,0.15426,-0.77700,NaN,NaN,NaN,NaN,NaN,NaN,NaN,NaN,NaN,NaN,NaN,NaN,NaN,NaN,NaN,NaN,NaN,NaN,NaN,NaN,NaN,
29.037,0.01099,0.00680,0.12991,0.60815,-0.05116,0.15426,-0.77700,NaN,NaN,NaN,NaN,NaN,NaN,NaN,NaN,NaN,NaN,NaN,NaN,NaN,NaN,NaN,NaN,NaN,NaN,NaN,NaN,NaN,
29.063,0.01117,0.00712,0.12992,0.61004,-0.05605,0.15519,-0.77500,NaN,NaN,NaN,NaN,NaN,NaN,NaN,NaN,NaN,NaN,NaN,NaN,NaN,NaN,NaN,NaN,NaN,NaN,NaN,NaN,NaN,
29.088,0.01114,0.00716,0.13000,0.61056,-0.05820,0.15605,-0.77426,NaN,NaN,NaN,NaN,NaN,NaN,NaN,NaN,NaN,NaN,NaN,NaN,NaN,NaN,NaN,NaN,NaN,NaN,NaN,NaN,NaN,
29.112,0.01107,0.00725,0.13000,0.61108,-0.05982,0.15650,-0.77363,NaN,NaN,NaN,NaN,NaN,NaN,NaN,NaN,NaN,NaN,NaN,NaN,NaN,NaN,NaN,NaN,NaN,NaN,NaN,NaN,NaN,
29.138,0.01119,0.00736,0.13002,0.61201,-0.06173,0.15655,-0.77274,NaN,NaN,NaN,NaN,NaN,NaN,NaN,NaN,NaN,NaN,NaN,NaN,NaN,NaN,NaN,NaN,NaN,NaN,NaN,NaN,NaN,
29.162,0.01126,0.00748,0.12999,0.61275,-0.06377,0.15699,-0.77190,NaN,NaN,NaN,NaN,NaN,NaN,NaN,NaN,NaN,NaN,NaN,NaN,NaN,NaN,NaN,NaN,NaN,NaN,NaN,NaN,NaN,
29.188,0.01128,0.00749,0.13008,0.61273,-0.06485,0.15785,-0.77165,NaN,NaN,NaN,NaN,NaN,NaN,NaN,NaN,NaN,NaN,NaN,NaN,NaN,NaN,NaN,NaN,NaN,NaN,NaN,NaN,NaN,
29.212,0.01128,0.00749,0.13008,0.61273,-0.06485,0.15785,-0.77165,NaN,NaN,NaN,NaN,NaN,NaN,NaN,NaN,NaN,NaN,NaN,NaN,NaN,NaN,NaN,NaN,NaN,NaN,NaN,NaN,NaN,
29.238,0.01143,0.00770,0.13005,0.61373,-0.06822,0.15889,-0.77035,NaN,NaN,NaN,NaN,NaN,NaN,NaN,NaN,NaN,NaN,NaN,NaN,NaN,NaN,NaN,NaN,NaN,NaN,NaN,NaN,NaN,
29.262,0.01140,0.00771,0.13009,0.61409,-0.06937,0.15921,-0.76989,NaN,NaN,NaN,NaN,NaN,NaN,NaN,NaN,NaN,NaN,NaN,NaN,NaN,NaN,NaN,NaN,NaN,NaN,NaN,NaN,NaN,
29.288,0.01136,0.00775,0.13009,0.61455,-0.07017,0.15912,-0.76947,NaN,NaN,NaN,NaN,NaN,NaN,NaN,NaN,NaN,NaN,NaN,NaN,NaN,NaN,NaN,NaN,NaN,NaN,NaN,NaN,NaN,
29.312,0.01136,0.00775,0.13009,0.61455,-0.07017,0.15912,-0.76947,NaN,NaN,NaN,NaN,NaN,NaN,NaN,NaN,NaN,NaN,NaN,NaN,NaN,NaN,NaN,NaN,NaN,NaN,NaN,NaN,NaN,
29.338,0.01140,0.00789,0.13019,0.61454,-0.07125,0.15993,-0.76921,NaN,NaN,NaN,NaN,NaN,NaN,NaN,NaN,NaN,NaN,NaN,NaN,NaN,NaN,NaN,NaN,NaN,NaN,NaN,NaN,NaN,
29.362,0.01140,0.00789,0.13019,0.61454,-0.07125,0.15993,-0.76921,NaN,NaN,NaN,NaN,NaN,NaN,NaN,NaN,NaN,NaN,NaN,NaN,NaN,NaN,NaN,NaN,NaN,NaN,NaN,NaN,NaN,
29.387,0.01130,0.00786,0.13028,0.61467,-0.07199,0.16030,-0.76896,NaN,NaN,NaN,NaN,NaN,NaN,NaN,NaN,NaN,NaN,NaN,NaN,NaN,NaN,NaN,NaN,NaN,NaN,NaN,NaN,NaN,
29.413,0.01148,0.00811,0.13034,0.61514,-0.07385,0.16098,-0.76827,NaN,NaN,NaN,NaN,NaN,NaN,NaN,NaN,NaN,NaN,NaN,NaN,NaN,NaN,NaN,NaN,NaN,NaN,NaN,NaN,NaN,
29.438,0.01118,0.00793,0.13041,0.61495,-0.07371,0.16116,-0.76840,NaN,NaN,NaN,NaN,NaN,NaN,NaN,NaN,NaN,NaN,NaN,NaN,NaN,NaN,NaN,NaN,NaN,NaN,NaN,NaN,NaN,
29.462,0.01134,0.00804,0.13045,0.61510,-0.07444,0.16148,-0.76814,NaN,NaN,NaN,NaN,NaN,NaN,NaN,NaN,NaN,NaN,NaN,NaN,NaN,NaN,NaN,NaN,NaN,NaN,NaN,NaN,NaN,
29.488,0.01111,0.00790,0.13042,0.61481,-0.07391,0.16153,-0.76841,NaN,NaN,NaN,NaN,NaN,NaN,NaN,NaN,NaN,NaN,NaN,NaN,NaN,NaN,NaN,NaN,NaN,NaN,NaN,NaN,NaN,
29.512,0.01111,0.00790,0.13042,0.61481,-0.07391,0.16153,-0.76841,NaN,NaN,NaN,NaN,NaN,NaN,NaN,NaN,NaN,NaN,NaN,NaN,NaN,NaN,NaN,NaN,NaN,NaN,NaN,NaN,NaN,
29.538,0.01111,0.00804,0.13046,0.61491,-0.07459,0.16188,-0.76819,NaN,NaN,NaN,NaN,NaN,NaN,NaN,NaN,NaN,NaN,NaN,NaN,NaN,NaN,NaN,NaN,NaN,NaN,NaN,NaN,NaN,
29.562,0.01111,0.00804,0.13046,0.61491,-0.07459,0.16188,-0.76819,NaN,NaN,NaN,NaN,NaN,NaN,NaN,NaN,NaN,NaN,NaN,NaN,NaN,NaN,NaN,NaN,NaN,NaN,NaN,NaN,NaN,
29.588,0.01127,0.00817,0.13060,0.61511,-0.07596,0.16261,-0.76774,NaN,NaN,NaN,NaN,NaN,NaN,NaN,NaN,NaN,NaN,NaN,NaN,NaN,NaN,NaN,NaN,NaN,NaN,NaN,NaN,NaN,
29.613,0.01117,0.00814,0.13059,0.61501,-0.07587,0.16269,-0.76781,NaN,NaN,NaN,NaN,NaN,NaN,NaN,NaN,NaN,NaN,NaN,NaN,NaN,NaN,NaN,NaN,NaN,NaN,NaN,NaN,NaN,
29.637,0.01117,0.00814,0.13059,0.61501,-0.07587,0.16269,-0.76781,NaN,NaN,NaN,NaN,NaN,NaN,NaN,NaN,NaN,NaN,NaN,NaN,NaN,NaN,NaN,NaN,NaN,NaN,NaN,NaN,NaN,
29.663,0.01110,0.00820,0.13068,0.61440,-0.07579,0.16356,-0.76813,NaN,NaN,NaN,NaN,NaN,NaN,NaN,NaN,NaN,NaN,NaN,NaN,NaN,NaN,NaN,NaN,NaN,NaN,NaN,NaN,NaN,
29.687,0.01110,0.00820,0.13068,0.61440,-0.07579,0.16356,-0.76813,NaN,NaN,NaN,NaN,NaN,NaN,NaN,NaN,NaN,NaN,NaN,NaN,NaN,NaN,NaN,NaN,NaN,NaN,NaN,NaN,NaN,
29.713,0.01111,0.00820,0.13083,0.61491,-0.07862,0.16489,-0.76715,NaN,NaN,NaN,NaN,NaN,NaN,NaN,NaN,NaN,NaN,NaN,NaN,NaN,NaN,NaN,NaN,NaN,NaN,NaN,NaN,NaN,
29.737,0.01111,0.00820,0.13083,0.61491,-0.07862,0.16489,-0.76715,NaN,NaN,NaN,NaN,NaN,NaN,NaN,NaN,NaN,NaN,NaN,NaN,NaN,NaN,NaN,NaN,NaN,NaN,NaN,NaN,NaN,
29.762,0.01106,0.00817,0.13092,0.61517,-0.07941,0.16508,-0.76682,NaN,NaN,NaN,NaN,NaN,NaN,NaN,NaN,NaN,NaN,NaN,NaN,NaN,NaN,NaN,NaN,NaN,NaN,NaN,NaN,NaN,
29.788,0.01108,0.00821,0.13102,0.61431,-0.07774,0.16514,-0.76766,NaN,NaN,NaN,NaN,NaN,NaN,NaN,NaN,NaN,NaN,NaN,NaN,NaN,NaN,NaN,NaN,NaN,NaN,NaN,NaN,NaN,
29.812,0.01094,0.00818,0.13106,0.61405,-0.07727,0.16518,-0.76791,NaN,NaN,NaN,NaN,NaN,NaN,NaN,NaN,NaN,NaN,NaN,NaN,NaN,NaN,NaN,NaN,NaN,NaN,NaN,NaN,NaN,
29.838,0.01091,0.00825,0.13102,0.61413,-0.07731,0.16510,-0.76786,NaN,NaN,NaN,NaN,NaN,NaN,NaN,NaN,NaN,NaN,NaN,NaN,NaN,NaN,NaN,NaN,NaN,NaN,NaN,NaN,NaN,
29.862,0.01099,0.00826,0.13114,0.61427,-0.07837,0.16567,-0.76752,NaN,NaN,NaN,NaN,NaN,NaN,NaN,NaN,NaN,NaN,NaN,NaN,NaN,NaN,NaN,NaN,NaN,NaN,NaN,NaN,NaN,
29.888,0.01107,0.00823,0.13099,0.61457,-0.07841,0.16525,-0.76736,NaN,NaN,NaN,NaN,NaN,NaN,NaN,NaN,NaN,NaN,NaN,NaN,NaN,NaN,NaN,NaN,NaN,NaN,NaN,NaN,NaN,
29.913,0.01102,0.00822,0.13104,0.61448,-0.07856,0.16550,-0.76737,NaN,NaN,NaN,NaN,NaN,NaN,NaN,NaN,NaN,NaN,NaN,NaN,NaN,NaN,NaN,NaN,NaN,NaN,NaN,NaN,NaN,
29.937,0.01102,0.00822,0.13104,0.61448,-0.07856,0.16550,-0.76737,NaN,NaN,NaN,NaN,NaN,NaN,NaN,NaN,NaN,NaN,NaN,NaN,NaN,NaN,NaN,NaN,NaN,NaN,NaN,NaN,NaN,
29.962,0.01092,0.00824,0.13112,0.61428,-0.07841,0.16569,-0.76750,NaN,NaN,NaN,NaN,NaN,NaN,NaN,NaN,NaN,NaN,NaN,NaN,NaN,NaN,NaN,NaN,NaN,NaN,NaN,NaN,NaN,
29.988,0.01089,0.00827,0.13115,0.61408,-0.07810,0.16576,-0.76767,NaN,NaN,NaN,NaN,NaN,NaN,NaN,NaN,NaN,NaN,NaN,NaN,NaN,NaN,NaN,NaN,NaN,NaN,NaN,NaN,NaN,
30.012,0.01089,0.00827,0.13115,0.61408,-0.07810,0.16576,-0.76767,NaN,NaN,NaN,NaN,NaN,NaN,NaN,NaN,NaN,NaN,NaN,NaN,NaN,NaN,NaN,NaN,NaN,NaN,NaN,NaN,NaN,
30.037,0.01085,0.00827,0.13122,0.61408,-0.07826,0.16588,-0.76764,NaN,NaN,NaN,NaN,NaN,NaN,NaN,NaN,NaN,NaN,NaN,NaN,NaN,NaN,NaN,NaN,NaN,NaN,NaN,NaN,NaN,
30.062,0.01083,0.00831,0.13127,0.61411,-0.07851,0.16601,-0.76756,NaN,NaN,NaN,NaN,NaN,NaN,NaN,NaN,NaN,NaN,NaN,NaN,NaN,NaN,NaN,NaN,NaN,NaN,NaN,NaN,NaN,
30.087,0.01078,0.00836,0.13135,0.61407,-0.07879,0.16629,-0.76750,NaN,NaN,NaN,NaN,NaN,NaN,NaN,NaN,NaN,NaN,NaN,NaN,NaN,NaN,NaN,NaN,NaN,NaN,NaN,NaN,NaN,
30.113,0.01072,0.00836,0.13140,0.61395,-0.07877,0.16645,-0.76756,NaN,NaN,NaN,NaN,NaN,NaN,NaN,NaN,NaN,NaN,NaN,NaN,NaN,NaN,NaN,NaN,NaN,NaN,NaN,NaN,NaN,
30.138,0.01065,0.00835,0.13147,0.61396,-0.07892,0.16654,-0.76752,NaN,NaN,NaN,NaN,NaN,NaN,NaN,NaN,NaN,NaN,NaN,NaN,NaN,NaN,NaN,NaN,NaN,NaN,NaN,NaN,NaN,
30.162,0.01045,0.00841,0.13170,0.61439,-0.08053,0.16710,-0.76689,NaN,NaN,NaN,NaN,NaN,NaN,NaN,NaN,NaN,NaN,NaN,NaN,NaN,NaN,NaN,NaN,NaN,NaN,NaN,NaN,NaN,
30.188,0.01072,0.00862,0.13167,0.61510,-0.08228,0.16731,-0.76609,NaN,NaN,NaN,NaN,NaN,NaN,NaN,NaN,NaN,NaN,NaN,NaN,NaN,NaN,NaN,NaN,NaN,NaN,NaN,NaN,NaN,
30.213,0.01054,0.00855,0.13161,0.61490,-0.08189,0.16732,-0.76629,NaN,NaN,NaN,NaN,NaN,NaN,NaN,NaN,NaN,NaN,NaN,NaN,NaN,NaN,NaN,NaN,NaN,NaN,NaN,NaN,NaN,
30.238,0.01046,0.00854,0.13168,0.61452,-0.08155,0.16764,-0.76656,NaN,NaN,NaN,NaN,NaN,NaN,NaN,NaN,NaN,NaN,NaN,NaN,NaN,NaN,NaN,NaN,NaN,NaN,NaN,NaN,NaN,
30.262,0.01046,0.00854,0.13168,0.61452,-0.08155,0.16764,-0.76656,NaN,NaN,NaN,NaN,NaN,NaN,NaN,NaN,NaN,NaN,NaN,NaN,NaN,NaN,NaN,NaN,NaN,NaN,NaN,NaN,NaN,
30.288,0.01042,0.00858,0.13178,0.61432,-0.08119,0.16768,-0.76675,NaN,NaN,NaN,NaN,NaN,NaN,NaN,NaN,NaN,NaN,NaN,NaN,NaN,NaN,NaN,NaN,NaN,NaN,NaN,NaN,NaN,
30.312,0.01046,0.00865,0.13178,0.61432,-0.08128,0.16774,-0.76672,NaN,NaN,NaN,NaN,NaN,NaN,NaN,NaN,NaN,NaN,NaN,NaN,NaN,NaN,NaN,NaN,NaN,NaN,NaN,NaN,NaN,
30.338,0.01048,0.00852,0.13176,0.61442,-0.08125,0.16757,-0.76668,NaN,NaN,NaN,NaN,NaN,NaN,NaN,NaN,NaN,NaN,NaN,NaN,NaN,NaN,NaN,NaN,NaN,NaN,NaN,NaN,NaN,
30.362,0.01048,0.00852,0.13176,0.61442,-0.08125,0.16757,-0.76668,NaN,NaN,NaN,NaN,NaN,NaN,NaN,NaN,NaN,NaN,NaN,NaN,NaN,NaN,NaN,NaN,NaN,NaN,NaN,NaN,NaN,
30.387,0.01046,0.00854,0.13179,0.61452,-0.08150,0.16762,-0.76657,NaN,NaN,NaN,NaN,NaN,NaN,NaN,NaN,NaN,NaN,NaN,NaN,NaN,NaN,NaN,NaN,NaN,NaN,NaN,NaN,NaN,
30.413,0.01040,0.00859,0.13184,0.61455,-0.08183,0.16781,-0.76647,NaN,NaN,NaN,NaN,NaN,NaN,NaN,NaN,NaN,NaN,NaN,NaN,NaN,NaN,NaN,NaN,NaN,NaN,NaN,NaN,NaN,
30.438,0.01036,0.00861,0.13187,0.61451,-0.08189,0.16791,-0.76647,NaN,NaN,NaN,NaN,NaN,NaN,NaN,NaN,NaN,NaN,NaN,NaN,NaN,NaN,NaN,NaN,NaN,NaN,NaN,NaN,NaN,
30.462,0.01032,0.00864,0.13192,0.61449,-0.08201,0.16803,-0.76645,NaN,NaN,NaN,NaN,NaN,NaN,NaN,NaN,NaN,NaN,NaN,NaN,NaN,NaN,NaN,NaN,NaN,NaN,NaN,NaN,NaN,
30.488,0.01030,0.00866,0.13197,0.61445,-0.08203,0.16811,-0.76646,NaN,NaN,NaN,NaN,NaN,NaN,NaN,NaN,NaN,NaN,NaN,NaN,NaN,NaN,NaN,NaN,NaN,NaN,NaN,NaN,NaN,
30.512,0.01031,0.00869,0.13203,0.61442,-0.08221,0.16828,-0.76642,NaN,NaN,NaN,NaN,NaN,NaN,NaN,NaN,NaN,NaN,NaN,NaN,NaN,NaN,NaN,NaN,NaN,NaN,NaN,NaN,NaN,
30.538,0.01027,0.00871,0.13208,0.61440,-0.08229,0.16837,-0.76642,NaN,NaN,NaN,NaN,NaN,NaN,NaN,NaN,NaN,NaN,NaN,NaN,NaN,NaN,NaN,NaN,NaN,NaN,NaN,NaN,NaN,
30.562,0.01026,0.00874,0.13210,0.61438,-0.08233,0.16842,-0.76641,NaN,NaN,NaN,NaN,NaN,NaN,NaN,NaN,NaN,NaN,NaN,NaN,NaN,NaN,NaN,NaN,NaN,NaN,NaN,NaN,NaN,
30.588,0.01023,0.00878,0.13213,0.61434,-0.08239,0.16854,-0.76642,NaN,NaN,NaN,NaN,NaN,NaN,NaN,NaN,NaN,NaN,NaN,NaN,NaN,NaN,NaN,NaN,NaN,NaN,NaN,NaN,NaN,
30.612,0.01019,0.00880,0.13216,0.61420,-0.08232,0.16870,-0.76650,NaN,NaN,NaN,NaN,NaN,NaN,NaN,NaN,NaN,NaN,NaN,NaN,NaN,NaN,NaN,NaN,NaN,NaN,NaN,NaN,NaN,
30.637,0.01019,0.00880,0.13216,0.61420,-0.08232,0.16870,-0.76650,NaN,NaN,NaN,NaN,NaN,NaN,NaN,NaN,NaN,NaN,NaN,NaN,NaN,NaN,NaN,NaN,NaN,NaN,NaN,NaN,NaN,
30.662,0.01019,0.00881,0.13221,0.61410,-0.08243,0.16894,-0.76652,NaN,NaN,NaN,NaN,NaN,NaN,NaN,NaN,NaN,NaN,NaN,NaN,NaN,NaN,NaN,NaN,NaN,NaN,NaN,NaN,NaN,
30.688,0.01021,0.00886,0.13228,0.61385,-0.08265,0.16947,-0.76657,NaN,NaN,NaN,NaN,NaN,NaN,NaN,NaN,NaN,NaN,NaN,NaN,NaN,NaN,NaN,NaN,NaN,NaN,NaN,NaN,NaN,
30.713,0.01034,0.00890,0.13244,0.61336,-0.08441,0.17150,-0.76633,NaN,NaN,NaN,NaN,NaN,NaN,NaN,NaN,NaN,NaN,NaN,NaN,NaN,NaN,NaN,NaN,NaN,NaN,NaN,NaN,NaN,
30.737,0.01034,0.00890,0.13244,0.61336,-0.08441,0.17150,-0.76633,NaN,NaN,NaN,NaN,NaN,NaN,NaN,NaN,NaN,NaN,NaN,NaN,NaN,NaN,NaN,NaN,NaN,NaN,NaN,NaN,NaN,
30.762,0.01007,0.00866,0.13260,0.61292,-0.08502,0.17261,-0.76636,NaN,NaN,NaN,NaN,NaN,NaN,NaN,NaN,NaN,NaN,NaN,NaN,NaN,NaN,NaN,NaN,NaN,NaN,NaN,NaN,NaN,
30.787,0.01007,0.00866,0.13260,0.61292,-0.08502,0.17261,-0.76636,NaN,NaN,NaN,NaN,NaN,NaN,NaN,NaN,NaN,NaN,NaN,NaN,NaN,NaN,NaN,NaN,NaN,NaN,NaN,NaN,NaN,
30.812,0.01035,0.00886,0.13246,0.61333,-0.08603,0.17272,-0.76589,NaN,NaN,NaN,NaN,NaN,NaN,NaN,NaN,NaN,NaN,NaN,NaN,NaN,NaN,NaN,NaN,NaN,NaN,NaN,NaN,NaN,
30.838,0.01066,0.00899,0.13255,0.61344,-0.08736,0.17352,-0.76547,NaN,NaN,NaN,NaN,NaN,NaN,NaN,NaN,NaN,NaN,NaN,NaN,NaN,NaN,NaN,NaN,NaN,NaN,NaN,NaN,NaN,
30.863,0.01038,0.00882,0.13254,0.61338,-0.08744,0.17367,-0.76548,NaN,NaN,NaN,NaN,NaN,NaN,NaN,NaN,NaN,NaN,NaN,NaN,NaN,NaN,NaN,NaN,NaN,NaN,NaN,NaN,NaN,
30.887,0.01038,0.00882,0.13254,0.61338,-0.08744,0.17367,-0.76548,NaN,NaN,NaN,NaN,NaN,NaN,NaN,NaN,NaN,NaN,NaN,NaN,NaN,NaN,NaN,NaN,NaN,NaN,NaN,NaN,NaN,
30.913,0.01065,0.00890,0.13261,0.61387,-0.09025,0.17498,-0.76446,NaN,NaN,NaN,NaN,NaN,NaN,NaN,NaN,NaN,NaN,NaN,NaN,NaN,NaN,NaN,NaN,NaN,NaN,NaN,NaN,NaN,
30.938,0.01056,0.00887,0.13254,0.61369,-0.09056,0.17547,-0.76446,NaN,NaN,NaN,NaN,NaN,NaN,NaN,NaN,NaN,NaN,NaN,NaN,NaN,NaN,NaN,NaN,NaN,NaN,NaN,NaN,NaN,
30.962,0.01069,0.00883,0.13268,0.61409,-0.09298,0.17660,-0.76358,NaN,NaN,NaN,NaN,NaN,NaN,NaN,NaN,NaN,NaN,NaN,NaN,NaN,NaN,NaN,NaN,NaN,NaN,NaN,NaN,NaN,
30.988,0.01097,0.00900,0.13267,0.61455,-0.09502,0.17737,-0.76278,NaN,NaN,NaN,NaN,NaN,NaN,NaN,NaN,NaN,NaN,NaN,NaN,NaN,NaN,NaN,NaN,NaN,NaN,NaN,NaN,NaN,
31.012,0.01090,0.00890,0.13264,0.61432,-0.09532,0.17794,-0.76280,NaN,NaN,NaN,NaN,NaN,NaN,NaN,NaN,NaN,NaN,NaN,NaN,NaN,NaN,NaN,NaN,NaN,NaN,NaN,NaN,NaN,
31.038,0.01103,0.00893,0.13268,0.61446,-0.09631,0.17842,-0.76245,NaN,NaN,NaN,NaN,NaN,NaN,NaN,NaN,NaN,NaN,NaN,NaN,NaN,NaN,NaN,NaN,NaN,NaN,NaN,NaN,NaN,
31.062,0.01103,0.00893,0.13268,0.61446,-0.09631,0.17842,-0.76245,NaN,NaN,NaN,NaN,NaN,NaN,NaN,NaN,NaN,NaN,NaN,NaN,NaN,NaN,NaN,NaN,NaN,NaN,NaN,NaN,NaN,
31.088,0.01109,0.00908,0.13269,0.61459,-0.09777,0.17927,-0.76196,NaN,NaN,NaN,NaN,NaN,NaN,NaN,NaN,NaN,NaN,NaN,NaN,NaN,NaN,NaN,NaN,NaN,NaN,NaN,NaN,NaN,
31.112,0.01095,0.00890,0.13279,0.61439,-0.09833,0.17997,-0.76189,NaN,NaN,NaN,NaN,NaN,NaN,NaN,NaN,NaN,NaN,NaN,NaN,NaN,NaN,NaN,NaN,NaN,NaN,NaN,NaN,NaN,
31.138,0.01112,0.00896,0.13269,0.61418,-0.09832,0.18028,-0.76198,NaN,NaN,NaN,NaN,NaN,NaN,NaN,NaN,NaN,NaN,NaN,NaN,NaN,NaN,NaN,NaN,NaN,NaN,NaN,NaN,NaN,
31.162,0.01112,0.00896,0.13269,0.61418,-0.09832,0.18028,-0.76198,NaN,NaN,NaN,NaN,NaN,NaN,NaN,NaN,NaN,NaN,NaN,NaN,NaN,NaN,NaN,NaN,NaN,NaN,NaN,NaN,NaN,
31.188,0.01123,0.00892,0.13284,0.61375,-0.10016,0.18223,-0.76163,NaN,NaN,NaN,NaN,NaN,NaN,NaN,NaN,NaN,NaN,NaN,NaN,NaN,NaN,NaN,NaN,NaN,NaN,NaN,NaN,NaN,
31.212,0.01123,0.00892,0.13284,0.61375,-0.10016,0.18223,-0.76163,NaN,NaN,NaN,NaN,NaN,NaN,NaN,NaN,NaN,NaN,NaN,NaN,NaN,NaN,NaN,NaN,NaN,NaN,NaN,NaN,NaN,
31.238,0.01141,0.00893,0.13275,0.61351,-0.10099,0.18316,-0.76148,NaN,NaN,NaN,NaN,NaN,NaN,NaN,NaN,NaN,NaN,NaN,NaN,NaN,NaN,NaN,NaN,NaN,NaN,NaN,NaN,NaN,
31.262,0.01141,0.00893,0.13275,0.61351,-0.10099,0.18316,-0.76148,NaN,NaN,NaN,NaN,NaN,NaN,NaN,NaN,NaN,NaN,NaN,NaN,NaN,NaN,NaN,NaN,NaN,NaN,NaN,NaN,NaN,
31.288,0.01155,0.00900,0.13281,0.61347,-0.10319,0.18476,-0.76084,NaN,NaN,NaN,NaN,NaN,NaN,NaN,NaN,NaN,NaN,NaN,NaN,NaN,NaN,NaN,NaN,NaN,NaN,NaN,NaN,NaN,
31.312,0.01155,0.00900,0.13281,0.61347,-0.10319,0.18476,-0.76084,NaN,NaN,NaN,NaN,NaN,NaN,NaN,NaN,NaN,NaN,NaN,NaN,NaN,NaN,NaN,NaN,NaN,NaN,NaN,NaN,NaN,
31.338,0.01183,0.00895,0.13278,0.61389,-0.10636,0.18635,-0.75967,NaN,NaN,NaN,NaN,NaN,NaN,NaN,NaN,NaN,NaN,NaN,NaN,NaN,NaN,NaN,NaN,NaN,NaN,NaN,NaN,NaN,
31.362,0.01183,0.00895,0.13278,0.61389,-0.10636,0.18635,-0.75967,NaN,NaN,NaN,NaN,NaN,NaN,NaN,NaN,NaN,NaN,NaN,NaN,NaN,NaN,NaN,NaN,NaN,NaN,NaN,NaN,NaN,
31.388,0.01230,0.00911,0.13265,0.61482,-0.11129,0.18837,-0.75771,NaN,NaN,NaN,NaN,NaN,NaN,NaN,NaN,NaN,NaN,NaN,NaN,NaN,NaN,NaN,NaN,NaN,NaN,NaN,NaN,NaN,
31.412,0.01237,0.00905,0.13266,0.61438,-0.11208,0.18956,-0.75765,NaN,NaN,NaN,NaN,NaN,NaN,NaN,NaN,NaN,NaN,NaN,NaN,NaN,NaN,NaN,NaN,NaN,NaN,NaN,NaN,NaN,
31.437,0.01237,0.00905,0.13266,0.61438,-0.11208,0.18956,-0.75765,NaN,NaN,NaN,NaN,NaN,NaN,NaN,NaN,NaN,NaN,NaN,NaN,NaN,NaN,NaN,NaN,NaN,NaN,NaN,NaN,NaN,
31.462,0.01230,0.00894,0.13252,0.61428,-0.11304,0.19038,-0.75739,NaN,NaN,NaN,NaN,NaN,NaN,NaN,NaN,NaN,NaN,NaN,NaN,NaN,NaN,NaN,NaN,NaN,NaN,NaN,NaN,NaN,
31.488,0.01267,0.00886,0.13254,0.61416,-0.11688,0.19317,-0.75620,NaN,NaN,NaN,NaN,NaN,NaN,NaN,NaN,NaN,NaN,NaN,NaN,NaN,NaN,NaN,NaN,NaN,NaN,NaN,NaN,NaN,
31.512,0.01324,0.00911,0.13248,0.61368,-0.11842,0.19492,-0.75590,NaN,NaN,NaN,NaN,NaN,NaN,NaN,NaN,NaN,NaN,NaN,NaN,NaN,NaN,NaN,NaN,NaN,NaN,NaN,NaN,NaN,
31.538,0.01299,0.00877,0.13252,0.61189,-0.11704,0.19662,-0.75712,NaN,NaN,NaN,NaN,NaN,NaN,NaN,NaN,NaN,NaN,NaN,NaN,NaN,NaN,NaN,NaN,NaN,NaN,NaN,NaN,NaN,
31.562,0.01324,0.00885,0.13238,0.61135,-0.11666,0.19716,-0.75747,NaN,NaN,NaN,NaN,NaN,NaN,NaN,NaN,NaN,NaN,NaN,NaN,NaN,NaN,NaN,NaN,NaN,NaN,NaN,NaN,NaN,
31.588,0.01350,0.00877,0.13259,0.61059,-0.11845,0.19948,-0.75720,NaN,NaN,NaN,NaN,NaN,NaN,NaN,NaN,NaN,NaN,NaN,NaN,NaN,NaN,NaN,NaN,NaN,NaN,NaN,NaN,NaN,
31.612,0.01368,0.00865,0.13247,0.60997,-0.11895,0.20073,-0.75729,NaN,NaN,NaN,NaN,NaN,NaN,NaN,NaN,NaN,NaN,NaN,NaN,NaN,NaN,NaN,NaN,NaN,NaN,NaN,NaN,NaN,
31.638,0.01391,0.00864,0.13241,0.60898,-0.11906,0.20226,-0.75767,NaN,NaN,NaN,NaN,NaN,NaN,NaN,NaN,NaN,NaN,NaN,NaN,NaN,NaN,NaN,NaN,NaN,NaN,NaN,NaN,NaN,
31.662,0.01353,0.00828,0.13238,0.60717,-0.11747,0.20383,-0.75895,NaN,NaN,NaN,NaN,NaN,NaN,NaN,NaN,NaN,NaN,NaN,NaN,NaN,NaN,NaN,NaN,NaN,NaN,NaN,NaN,NaN,
31.688,0.01431,0.00846,0.13250,0.60702,-0.12060,0.20613,-0.75795,NaN,NaN,NaN,NaN,NaN,NaN,NaN,NaN,NaN,NaN,NaN,NaN,NaN,NaN,NaN,NaN,NaN,NaN,NaN,NaN,NaN,
31.712,0.01431,0.00846,0.13250,0.60702,-0.12060,0.20613,-0.75795,NaN,NaN,NaN,NaN,NaN,NaN,NaN,NaN,NaN,NaN,NaN,NaN,NaN,NaN,NaN,NaN,NaN,NaN,NaN,NaN,NaN,
31.738,0.01400,0.00803,0.13239,0.60514,-0.11965,0.20823,-0.75903,NaN,NaN,NaN,NaN,NaN,NaN,NaN,NaN,NaN,NaN,NaN,NaN,NaN,NaN,NaN,NaN,NaN,NaN,NaN,NaN,NaN,
31.763,0.01415,0.00797,0.13238,0.60453,-0.12020,0.20947,-0.75909,NaN,NaN,NaN,NaN,NaN,NaN,NaN,NaN,NaN,NaN,NaN,NaN,NaN,NaN,NaN,NaN,NaN,NaN,NaN,NaN,NaN,
31.788,0.01488,0.00829,0.13204,0.60486,-0.12146,0.20984,-0.75853,NaN,NaN,NaN,NaN,NaN,NaN,NaN,NaN,NaN,NaN,NaN,NaN,NaN,NaN,NaN,NaN,NaN,NaN,NaN,NaN,NaN,
31.812,0.01490,0.00796,0.13227,0.60317,-0.12212,0.21271,-0.75896,NaN,NaN,NaN,NaN,NaN,NaN,NaN,NaN,NaN,NaN,NaN,NaN,NaN,NaN,NaN,NaN,NaN,NaN,NaN,NaN,NaN,
31.837,0.01490,0.00796,0.13227,0.60317,-0.12212,0.21271,-0.75896,NaN,NaN,NaN,NaN,NaN,NaN,NaN,NaN,NaN,NaN,NaN,NaN,NaN,NaN,NaN,NaN,NaN,NaN,NaN,NaN,NaN,
31.862,0.01546,0.00784,0.13224,0.60175,-0.12475,0.21648,-0.75859,NaN,NaN,NaN,NaN,NaN,NaN,NaN,NaN,NaN,NaN,NaN,NaN,NaN,NaN,NaN,NaN,NaN,NaN,NaN,NaN,NaN,
31.888,0.01565,0.00787,0.13215,0.60233,-0.12752,0.21746,-0.75739,NaN,NaN,NaN,NaN,NaN,NaN,NaN,NaN,NaN,NaN,NaN,NaN,NaN,NaN,NaN,NaN,NaN,NaN,NaN,NaN,NaN,
31.912,0.01565,0.00787,0.13215,0.60233,-0.12752,0.21746,-0.75739,NaN,NaN,NaN,NaN,NaN,NaN,NaN,NaN,NaN,NaN,NaN,NaN,NaN,NaN,NaN,NaN,NaN,NaN,NaN,NaN,NaN,
31.938,0.01592,0.00760,0.13204,0.59971,-0.12692,0.22080,-0.75860,NaN,NaN,NaN,NaN,NaN,NaN,NaN,NaN,NaN,NaN,NaN,NaN,NaN,NaN,NaN,NaN,NaN,NaN,NaN,NaN,NaN,
31.962,0.01592,0.00760,0.13204,0.59971,-0.12692,0.22080,-0.75860,NaN,NaN,NaN,NaN,NaN,NaN,NaN,NaN,NaN,NaN,NaN,NaN,NaN,NaN,NaN,NaN,NaN,NaN,NaN,NaN,NaN,
31.988,0.01616,0.00711,0.13194,0.59813,-0.12894,0.22436,-0.75847,NaN,NaN,NaN,NaN,NaN,NaN,NaN,NaN,NaN,NaN,NaN,NaN,NaN,NaN,NaN,NaN,NaN,NaN,NaN,NaN,NaN,
32.012,0.01659,0.00729,0.13178,0.59746,-0.12949,0.22566,-0.75852,NaN,NaN,NaN,NaN,NaN,NaN,NaN,NaN,NaN,NaN,NaN,NaN,NaN,NaN,NaN,NaN,NaN,NaN,NaN,NaN,NaN,
32.037,0.01659,0.00729,0.13178,0.59746,-0.12949,0.22566,-0.75852,NaN,NaN,NaN,NaN,NaN,NaN,NaN,NaN,NaN,NaN,NaN,NaN,NaN,NaN,NaN,NaN,NaN,NaN,NaN,NaN,NaN,
32.062,0.01676,0.00718,0.13177,0.59677,-0.12896,0.22631,-0.75896,NaN,NaN,NaN,NaN,NaN,NaN,NaN,NaN,NaN,NaN,NaN,NaN,NaN,NaN,NaN,NaN,NaN,NaN,NaN,NaN,NaN,
32.088,0.01689,0.00700,0.13176,0.59462,-0.12681,0.22794,-0.76052,NaN,NaN,NaN,NaN,NaN,NaN,NaN,NaN,NaN,NaN,NaN,NaN,NaN,NaN,NaN,NaN,NaN,NaN,NaN,NaN,NaN,
32.112,0.01689,0.00700,0.13176,0.59462,-0.12681,0.22794,-0.76052,NaN,NaN,NaN,NaN,NaN,NaN,NaN,NaN,NaN,NaN,NaN,NaN,NaN,NaN,NaN,NaN,NaN,NaN,NaN,NaN,NaN,
32.138,0.01684,0.00662,0.13166,0.59229,-0.12399,0.22939,-0.76236,NaN,NaN,NaN,NaN,NaN,NaN,NaN,NaN,NaN,NaN,NaN,NaN,NaN,NaN,NaN,NaN,NaN,NaN,NaN,NaN,NaN,
32.162,0.01684,0.00662,0.13166,0.59229,-0.12399,0.22939,-0.76236,NaN,NaN,NaN,NaN,NaN,NaN,NaN,NaN,NaN,NaN,NaN,NaN,NaN,NaN,NaN,NaN,NaN,NaN,NaN,NaN,NaN,
32.188,0.01676,0.00628,0.13155,0.58967,-0.12029,0.23066,-0.76460,NaN,NaN,NaN,NaN,NaN,NaN,NaN,NaN,NaN,NaN,NaN,NaN,NaN,NaN,NaN,NaN,NaN,NaN,NaN,NaN,NaN,
32.213,0.01689,0.00619,0.13149,0.58823,-0.11885,0.23172,-0.76561,NaN,NaN,NaN,NaN,NaN,NaN,NaN,NaN,NaN,NaN,NaN,NaN,NaN,NaN,NaN,NaN,NaN,NaN,NaN,NaN,NaN,
32.238,0.01687,0.00604,0.13144,0.58702,-0.11723,0.23235,-0.76660,NaN,NaN,NaN,NaN,NaN,NaN,NaN,NaN,NaN,NaN,NaN,NaN,NaN,NaN,NaN,NaN,NaN,NaN,NaN,NaN,NaN,
32.262,0.01687,0.00604,0.13144,0.58702,-0.11723,0.23235,-0.76660,NaN,NaN,NaN,NaN,NaN,NaN,NaN,NaN,NaN,NaN,NaN,NaN,NaN,NaN,NaN,NaN,NaN,NaN,NaN,NaN,NaN,
32.287,0.01693,0.00595,0.13130,0.58590,-0.11557,0.23282,-0.76756,NaN,NaN,NaN,NaN,NaN,NaN,NaN,NaN,NaN,NaN,NaN,NaN,NaN,NaN,NaN,NaN,NaN,NaN,NaN,NaN,NaN,
32.312,0.01680,0.00562,0.13131,0.58441,-0.11415,0.23396,-0.76857,NaN,NaN,NaN,NaN,NaN,NaN,NaN,NaN,NaN,NaN,NaN,NaN,NaN,NaN,NaN,NaN,NaN,NaN,NaN,NaN,NaN,
32.338,0.01687,0.00529,0.13124,0.58184,-0.11132,0.23565,-0.77041,NaN,NaN,NaN,NaN,NaN,NaN,NaN,NaN,NaN,NaN,NaN,NaN,NaN,NaN,NaN,NaN,NaN,NaN,NaN,NaN,NaN,
32.362,0.01687,0.00529,0.13124,0.58184,-0.11132,0.23565,-0.77041,NaN,NaN,NaN,NaN,NaN,NaN,NaN,NaN,NaN,NaN,NaN,NaN,NaN,NaN,NaN,NaN,NaN,NaN,NaN,NaN,NaN,
32.388,0.01700,0.00515,0.13100,0.57982,-0.10867,0.23669,-0.77200,NaN,NaN,NaN,NaN,NaN,NaN,NaN,NaN,NaN,NaN,NaN,NaN,NaN,NaN,NaN,NaN,NaN,NaN,NaN,NaN,NaN,
32.413,0.01702,0.00501,0.13099,0.57917,-0.10828,0.23733,-0.77234,NaN,NaN,NaN,NaN,NaN,NaN,NaN,NaN,NaN,NaN,NaN,NaN,NaN,NaN,NaN,NaN,NaN,NaN,NaN,NaN,NaN,
32.438,0.01705,0.00497,0.13091,0.57821,-0.10684,0.23769,-0.77315,NaN,NaN,NaN,NaN,NaN,NaN,NaN,NaN,NaN,NaN,NaN,NaN,NaN,NaN,NaN,NaN,NaN,NaN,NaN,NaN,NaN,
32.462,0.01705,0.00497,0.13091,0.57821,-0.10684,0.23769,-0.77315,NaN,NaN,NaN,NaN,NaN,NaN,NaN,NaN,NaN,NaN,NaN,NaN,NaN,NaN,NaN,NaN,NaN,NaN,NaN,NaN,NaN,
32.488,0.01701,0.00469,0.13074,0.57672,-0.10462,0.23826,-0.77439,NaN,NaN,NaN,NaN,NaN,NaN,NaN,NaN,NaN,NaN,NaN,NaN,NaN,NaN,NaN,NaN,NaN,NaN,NaN,NaN,NaN,
32.512,0.01701,0.00469,0.13074,0.57672,-0.10462,0.23826,-0.77439,NaN,NaN,NaN,NaN,NaN,NaN,NaN,NaN,NaN,NaN,NaN,NaN,NaN,NaN,NaN,NaN,NaN,NaN,NaN,NaN,NaN,
32.538,0.01697,0.00448,0.13072,0.57556,-0.10346,0.23908,-0.77516,NaN,NaN,NaN,NaN,NaN,NaN,NaN,NaN,NaN,NaN,NaN,NaN,NaN,NaN,NaN,NaN,NaN,NaN,NaN,NaN,NaN,
32.563,0.01697,0.00444,0.13068,0.57468,-0.10227,0.23948,-0.77584,NaN,NaN,NaN,NaN,NaN,NaN,NaN,NaN,NaN,NaN,NaN,NaN,NaN,NaN,NaN,NaN,NaN,NaN,NaN,NaN,NaN,
32.588,0.01699,0.00432,0.13068,0.57397,-0.10174,0.24010,-0.77624,NaN,NaN,NaN,NaN,NaN,NaN,NaN,NaN,NaN,NaN,NaN,NaN,NaN,NaN,NaN,NaN,NaN,NaN,NaN,NaN,NaN,
32.612,0.01699,0.00432,0.13068,0.57397,-0.10174,0.24010,-0.77624,NaN,NaN,NaN,NaN,NaN,NaN,NaN,NaN,NaN,NaN,NaN,NaN,NaN,NaN,NaN,NaN,NaN,NaN,NaN,NaN,NaN,
32.638,0.01701,0.00409,0.13065,0.57211,-0.09979,0.24134,-0.77749,NaN,NaN,NaN,NaN,NaN,NaN,NaN,NaN,NaN,NaN,NaN,NaN,NaN,NaN,NaN,NaN,NaN,NaN,NaN,NaN,NaN,
32.662,0.01701,0.00409,0.13065,0.57211,-0.09979,0.24134,-0.77749,NaN,NaN,NaN,NaN,NaN,NaN,NaN,NaN,NaN,NaN,NaN,NaN,NaN,NaN,NaN,NaN,NaN,NaN,NaN,NaN,NaN,
32.688,0.01702,0.00398,0.13061,0.57097,-0.09822,0.24183,-0.77837,NaN,NaN,NaN,NaN,NaN,NaN,NaN,NaN,NaN,NaN,NaN,NaN,NaN,NaN,NaN,NaN,NaN,NaN,NaN,NaN,NaN,
32.712,0.01703,0.00396,0.13051,0.57060,-0.09744,0.24182,-0.77875,NaN,NaN,NaN,NaN,NaN,NaN,NaN,NaN,NaN,NaN,NaN,NaN,NaN,NaN,NaN,NaN,NaN,NaN,NaN,NaN,NaN,
32.738,0.01704,0.00387,0.13051,0.56973,-0.09663,0.24246,-0.77929,NaN,NaN,NaN,NaN,NaN,NaN,NaN,NaN,NaN,NaN,NaN,NaN,NaN,NaN,NaN,NaN,NaN,NaN,NaN,NaN,NaN,
32.762,0.01708,0.00380,0.13046,0.56952,-0.09669,0.24278,-0.77933,NaN,NaN,NaN,NaN,NaN,NaN,NaN,NaN,NaN,NaN,NaN,NaN,NaN,NaN,NaN,NaN,NaN,NaN,NaN,NaN,NaN,
32.788,0.01738,0.00390,0.13043,0.56942,-0.09770,0.24360,-0.77902,NaN,NaN,NaN,NaN,NaN,NaN,NaN,NaN,NaN,NaN,NaN,NaN,NaN,NaN,NaN,NaN,NaN,NaN,NaN,NaN,NaN,
32.812,0.01738,0.00390,0.13043,0.56942,-0.09770,0.24360,-0.77902,NaN,NaN,NaN,NaN,NaN,NaN,NaN,NaN,NaN,NaN,NaN,NaN,NaN,NaN,NaN,NaN,NaN,NaN,NaN,NaN,NaN,
32.838,0.01789,0.00404,0.13022,0.57343,-0.10898,0.24564,-0.77393,NaN,NaN,NaN,NaN,NaN,NaN,NaN,NaN,NaN,NaN,NaN,NaN,NaN,NaN,NaN,NaN,NaN,NaN,NaN,NaN,NaN,
32.863,0.01812,0.00415,0.13021,0.57415,-0.11199,0.24663,-0.77264,NaN,NaN,NaN,NaN,NaN,NaN,NaN,NaN,NaN,NaN,NaN,NaN,NaN,NaN,NaN,NaN,NaN,NaN,NaN,NaN,NaN,
32.888,0.01822,0.00415,0.13018,0.57418,-0.11273,0.24708,-0.77237,NaN,NaN,NaN,NaN,NaN,NaN,NaN,NaN,NaN,NaN,NaN,NaN,NaN,NaN,NaN,NaN,NaN,NaN,NaN,NaN,NaN,
32.912,0.01842,0.00420,0.13008,0.57461,-0.11385,0.24721,-0.77184,NaN,NaN,NaN,NaN,NaN,NaN,NaN,NaN,NaN,NaN,NaN,NaN,NaN,NaN,NaN,NaN,NaN,NaN,NaN,NaN,NaN,
32.938,0.01831,0.00398,0.13015,0.57419,-0.11400,0.24790,-0.77192,NaN,NaN,NaN,NaN,NaN,NaN,NaN,NaN,NaN,NaN,NaN,NaN,NaN,NaN,NaN,NaN,NaN,NaN,NaN,NaN,NaN,
32.962,0.01831,0.00398,0.13015,0.57419,-0.11400,0.24790,-0.77192,NaN,NaN,NaN,NaN,NaN,NaN,NaN,NaN,NaN,NaN,NaN,NaN,NaN,NaN,NaN,NaN,NaN,NaN,NaN,NaN,NaN,
32.987,0.01851,0.00411,0.13006,0.57394,-0.11395,0.24820,-0.77202,NaN,NaN,NaN,NaN,NaN,NaN,NaN,NaN,NaN,NaN,NaN,NaN,NaN,NaN,NaN,NaN,NaN,NaN,NaN,NaN,NaN,
33.012,0.01855,0.00405,0.12996,0.57311,-0.11278,0.24856,-0.77269,NaN,NaN,NaN,NaN,NaN,NaN,NaN,NaN,NaN,NaN,NaN,NaN,NaN,NaN,NaN,NaN,NaN,NaN,NaN,NaN,NaN,
33.037,0.01859,0.00376,0.13002,0.57150,-0.11207,0.25028,-0.77343,NaN,NaN,NaN,NaN,NaN,NaN,NaN,NaN,NaN,NaN,NaN,NaN,NaN,NaN,NaN,NaN,NaN,NaN,NaN,NaN,NaN,
33.062,0.01864,0.00358,0.12999,0.57035,-0.11111,0.25121,-0.77411,NaN,NaN,NaN,NaN,NaN,NaN,NaN,NaN,NaN,NaN,NaN,NaN,NaN,NaN,NaN,NaN,NaN,NaN,NaN,NaN,NaN,
33.087,0.01871,0.00353,0.12996,0.56981,-0.11079,0.25172,-0.77439,NaN,NaN,NaN,NaN,NaN,NaN,NaN,NaN,NaN,NaN,NaN,NaN,NaN,NaN,NaN,NaN,NaN,NaN,NaN,NaN,NaN,
33.113,0.01881,0.00328,0.13012,0.56999,-0.11361,0.25331,-0.77333,NaN,NaN,NaN,NaN,NaN,NaN,NaN,NaN,NaN,NaN,NaN,NaN,NaN,NaN,NaN,NaN,NaN,NaN,NaN,NaN,NaN,
33.138,0.01927,0.00355,0.12995,0.57317,-0.12196,0.25440,-0.76934,NaN,NaN,NaN,NaN,NaN,NaN,NaN,NaN,NaN,NaN,NaN,NaN,NaN,NaN,NaN,NaN,NaN,NaN,NaN,NaN,NaN,
33.162,0.01968,0.00380,0.12964,0.57451,-0.12550,0.25484,-0.76762,NaN,NaN,NaN,NaN,NaN,NaN,NaN,NaN,NaN,NaN,NaN,NaN,NaN,NaN,NaN,NaN,NaN,NaN,NaN,NaN,NaN,
33.188,0.01965,0.00377,0.12958,0.57410,-0.12541,0.25534,-0.76778,NaN,NaN,NaN,NaN,NaN,NaN,NaN,NaN,NaN,NaN,NaN,NaN,NaN,NaN,NaN,NaN,NaN,NaN,NaN,NaN,NaN,
33.212,0.01981,0.00380,0.12956,0.57350,-0.12483,0.25578,-0.76817,NaN,NaN,NaN,NaN,NaN,NaN,NaN,NaN,NaN,NaN,NaN,NaN,NaN,NaN,NaN,NaN,NaN,NaN,NaN,NaN,NaN,
33.238,0.01980,0.00371,0.12955,0.57294,-0.12445,0.25629,-0.76848,NaN,NaN,NaN,NaN,NaN,NaN,NaN,NaN,NaN,NaN,NaN,NaN,NaN,NaN,NaN,NaN,NaN,NaN,NaN,NaN,NaN,
33.262,0.01980,0.00371,0.12955,0.57294,-0.12445,0.25629,-0.76848,NaN,NaN,NaN,NaN,NaN,NaN,NaN,NaN,NaN,NaN,NaN,NaN,NaN,NaN,NaN,NaN,NaN,NaN,NaN,NaN,NaN,
33.288,0.01982,0.00364,0.12950,0.57201,-0.12314,0.25672,-0.76924,NaN,NaN,NaN,NaN,NaN,NaN,NaN,NaN,NaN,NaN,NaN,NaN,NaN,NaN,NaN,NaN,NaN,NaN,NaN,NaN,NaN,
33.312,0.01974,0.00352,0.12953,0.57159,-0.12278,0.25705,-0.76950,NaN,NaN,NaN,NaN,NaN,NaN,NaN,NaN,NaN,NaN,NaN,NaN,NaN,NaN,NaN,NaN,NaN,NaN,NaN,NaN,NaN,
33.337,0.01974,0.00352,0.12953,0.57159,-0.12278,0.25705,-0.76950,NaN,NaN,NaN,NaN,NaN,NaN,NaN,NaN,NaN,NaN,NaN,NaN,NaN,NaN,NaN,NaN,NaN,NaN,NaN,NaN,NaN,
33.362,0.01973,0.00351,0.12953,0.57121,-0.12235,0.25729,-0.76978,NaN,NaN,NaN,NaN,NaN,NaN,NaN,NaN,NaN,NaN,NaN,NaN,NaN,NaN,NaN,NaN,NaN,NaN,NaN,NaN,NaN,
33.388,0.01972,0.00330,0.12950,0.56984,-0.12062,0.25802,-0.77081,NaN,NaN,NaN,NaN,NaN,NaN,NaN,NaN,NaN,NaN,NaN,NaN,NaN,NaN,NaN,NaN,NaN,NaN,NaN,NaN,NaN,
33.412,0.01972,0.00330,0.12950,0.56984,-0.12062,0.25802,-0.77081,NaN,NaN,NaN,NaN,NaN,NaN,NaN,NaN,NaN,NaN,NaN,NaN,NaN,NaN,NaN,NaN,NaN,NaN,NaN,NaN,NaN,
33.437,0.01974,0.00324,0.12945,0.56893,-0.11949,0.25852,-0.77150,NaN,NaN,NaN,NaN,NaN,NaN,NaN,NaN,NaN,NaN,NaN,NaN,NaN,NaN,NaN,NaN,NaN,NaN,NaN,NaN,NaN,
33.462,0.01974,0.00304,0.12937,0.56831,-0.11865,0.25881,-0.77198,NaN,NaN,NaN,NaN,NaN,NaN,NaN,NaN,NaN,NaN,NaN,NaN,NaN,NaN,NaN,NaN,NaN,NaN,NaN,NaN,NaN,
33.488,0.01975,0.00307,0.12935,0.56807,-0.11828,0.25890,-0.77219,NaN,NaN,NaN,NaN,NaN,NaN,NaN,NaN,NaN,NaN,NaN,NaN,NaN,NaN,NaN,NaN,NaN,NaN,NaN,NaN,NaN,
33.512,0.01975,0.00304,0.12934,0.56778,-0.11785,0.25901,-0.77243,NaN,NaN,NaN,NaN,NaN,NaN,NaN,NaN,NaN,NaN,NaN,NaN,NaN,NaN,NaN,NaN,NaN,NaN,NaN,NaN,NaN,
33.537,0.01975,0.00304,0.12934,0.56778,-0.11785,0.25901,-0.77243,NaN,NaN,NaN,NaN,NaN,NaN,NaN,NaN,NaN,NaN,NaN,NaN,NaN,NaN,NaN,NaN,NaN,NaN,NaN,NaN,NaN,
33.562,0.01971,0.00299,0.12932,0.56743,-0.11740,0.25919,-0.77270,NaN,NaN,NaN,NaN,NaN,NaN,NaN,NaN,NaN,NaN,NaN,NaN,NaN,NaN,NaN,NaN,NaN,NaN,NaN,NaN,NaN,
33.588,0.01974,0.00309,0.12933,0.56823,-0.11820,0.25864,-0.77217,NaN,NaN,NaN,NaN,NaN,NaN,NaN,NaN,NaN,NaN,NaN,NaN,NaN,NaN,NaN,NaN,NaN,NaN,NaN,NaN,NaN,
33.612,0.01973,0.00303,0.12932,0.56782,-0.11773,0.25888,-0.77246,NaN,NaN,NaN,NaN,NaN,NaN,NaN,NaN,NaN,NaN,NaN,NaN,NaN,NaN,NaN,NaN,NaN,NaN,NaN,NaN,NaN,
33.638,0.01964,0.00269,0.12932,0.56595,-0.11557,0.25999,-0.77378,NaN,NaN,NaN,NaN,NaN,NaN,NaN,NaN,NaN,NaN,NaN,NaN,NaN,NaN,NaN,NaN,NaN,NaN,NaN,NaN,NaN,
33.662,0.01967,0.00268,0.12926,0.56551,-0.11476,0.26007,-0.77421,NaN,NaN,NaN,NaN,NaN,NaN,NaN,NaN,NaN,NaN,NaN,NaN,NaN,NaN,NaN,NaN,NaN,NaN,NaN,NaN,NaN,
33.688,0.01968,0.00270,0.12931,0.56521,-0.11461,0.26037,-0.77434,NaN,NaN,NaN,NaN,NaN,NaN,NaN,NaN,NaN,NaN,NaN,NaN,NaN,NaN,NaN,NaN,NaN,NaN,NaN,NaN,NaN,
33.713,0.01967,0.00268,0.12930,0.56515,-0.11448,0.26036,-0.77441,NaN,NaN,NaN,NaN,NaN,NaN,NaN,NaN,NaN,NaN,NaN,NaN,NaN,NaN,NaN,NaN,NaN,NaN,NaN,NaN,NaN,
33.738,0.01966,0.00265,0.12927,0.56506,-0.11407,0.26022,-0.77458,NaN,NaN,NaN,NaN,NaN,NaN,NaN,NaN,NaN,NaN,NaN,NaN,NaN,NaN,NaN,NaN,NaN,NaN,NaN,NaN,NaN,
33.763,0.01966,0.00261,0.12927,0.56478,-0.11380,0.26042,-0.77476,NaN,NaN,NaN,NaN,NaN,NaN,NaN,NaN,NaN,NaN,NaN,NaN,NaN,NaN,NaN,NaN,NaN,NaN,NaN,NaN,NaN,
33.787,0.01966,0.00261,0.12927,0.56478,-0.11380,0.26042,-0.77476,NaN,NaN,NaN,NaN,NaN,NaN,NaN,NaN,NaN,NaN,NaN,NaN,NaN,NaN,NaN,NaN,NaN,NaN,NaN,NaN,NaN,
33.812,0.01966,0.00256,0.12930,0.56390,-0.11265,0.26085,-0.77543,NaN,NaN,NaN,NaN,NaN,NaN,NaN,NaN,NaN,NaN,NaN,NaN,NaN,NaN,NaN,NaN,NaN,NaN,NaN,NaN,NaN,
33.838,0.01962,0.00238,0.12932,0.56298,-0.11171,0.26146,-0.77602,NaN,NaN,NaN,NaN,NaN,NaN,NaN,NaN,NaN,NaN,NaN,NaN,NaN,NaN,NaN,NaN,NaN,NaN,NaN,NaN,NaN,
33.863,0.01966,0.00237,0.12925,0.56227,-0.11046,0.26160,-0.77667,NaN,NaN,NaN,NaN,NaN,NaN,NaN,NaN,NaN,NaN,NaN,NaN,NaN,NaN,NaN,NaN,NaN,NaN,NaN,NaN,NaN,
33.888,0.01964,0.00221,0.12930,0.56148,-0.10972,0.26217,-0.77715,NaN,NaN,NaN,NaN,NaN,NaN,NaN,NaN,NaN,NaN,NaN,NaN,NaN,NaN,NaN,NaN,NaN,NaN,NaN,NaN,NaN,
33.913,0.01965,0.00214,0.12925,0.56075,-0.10857,0.26239,-0.77777,NaN,NaN,NaN,NaN,NaN,NaN,NaN,NaN,NaN,NaN,NaN,NaN,NaN,NaN,NaN,NaN,NaN,NaN,NaN,NaN,NaN,
33.937,0.01965,0.00214,0.12925,0.56075,-0.10857,0.26239,-0.77777,NaN,NaN,NaN,NaN,NaN,NaN,NaN,NaN,NaN,NaN,NaN,NaN,NaN,NaN,NaN,NaN,NaN,NaN,NaN,NaN,NaN,
33.963,0.01957,0.00197,0.12927,0.55935,-0.10691,0.26318,-0.77874,NaN,NaN,NaN,NaN,NaN,NaN,NaN,NaN,NaN,NaN,NaN,NaN,NaN,NaN,NaN,NaN,NaN,NaN,NaN,NaN,NaN,
33.988,0.01958,0.00192,0.12920,0.55887,-0.10589,0.26314,-0.77923,NaN,NaN,NaN,NaN,NaN,NaN,NaN,NaN,NaN,NaN,NaN,NaN,NaN,NaN,NaN,NaN,NaN,NaN,NaN,NaN,NaN,
34.012,0.01958,0.00192,0.12920,0.55887,-0.10589,0.26314,-0.77923,NaN,NaN,NaN,NaN,NaN,NaN,NaN,NaN,NaN,NaN,NaN,NaN,NaN,NaN,NaN,NaN,NaN,NaN,NaN,NaN,NaN,
34.038,0.01954,0.00147,0.12916,0.55552,-0.10155,0.26473,-0.78167,NaN,NaN,NaN,NaN,NaN,NaN,NaN,NaN,NaN,NaN,NaN,NaN,NaN,NaN,NaN,NaN,NaN,NaN,NaN,NaN,NaN,
34.062,0.01954,0.00147,0.12916,0.55552,-0.10155,0.26473,-0.78167,NaN,NaN,NaN,NaN,NaN,NaN,NaN,NaN,NaN,NaN,NaN,NaN,NaN,NaN,NaN,NaN,NaN,NaN,NaN,NaN,NaN,
34.088,0.01948,0.00117,0.12913,0.55263,-0.09802,0.26620,-0.78366,NaN,NaN,NaN,NaN,NaN,NaN,NaN,NaN,NaN,NaN,NaN,NaN,NaN,NaN,NaN,NaN,NaN,NaN,NaN,NaN,NaN,
34.113,0.01952,0.00111,0.12909,0.55212,-0.09737,0.26644,-0.78402,NaN,NaN,NaN,NaN,NaN,NaN,NaN,NaN,NaN,NaN,NaN,NaN,NaN,NaN,NaN,NaN,NaN,NaN,NaN,NaN,NaN,
34.138,0.01948,0.00098,0.12906,0.55127,-0.09618,0.26677,-0.78465,NaN,NaN,NaN,NaN,NaN,NaN,NaN,NaN,NaN,NaN,NaN,NaN,NaN,NaN,NaN,NaN,NaN,NaN,NaN,NaN,NaN,
34.163,0.01946,0.00093,0.12902,0.55076,-0.09528,0.26684,-0.78510,NaN,NaN,NaN,NaN,NaN,NaN,NaN,NaN,NaN,NaN,NaN,NaN,NaN,NaN,NaN,NaN,NaN,NaN,NaN,NaN,NaN,
34.188,0.01944,0.00087,0.12902,0.55050,-0.09473,0.26683,-0.78535,NaN,NaN,NaN,NaN,NaN,NaN,NaN,NaN,NaN,NaN,NaN,NaN,NaN,NaN,NaN,NaN,NaN,NaN,NaN,NaN,NaN,
34.212,0.01944,0.00087,0.12902,0.55050,-0.09473,0.26683,-0.78535,NaN,NaN,NaN,NaN,NaN,NaN,NaN,NaN,NaN,NaN,NaN,NaN,NaN,NaN,NaN,NaN,NaN,NaN,NaN,NaN,NaN,
34.238,0.01945,0.00081,0.12899,0.54975,-0.09354,0.26701,-0.78595,NaN,NaN,NaN,NaN,NaN,NaN,NaN,NaN,NaN,NaN,NaN,NaN,NaN,NaN,NaN,NaN,NaN,NaN,NaN,NaN,NaN,
34.262,0.01945,0.00081,0.12899,0.54975,-0.09354,0.26701,-0.78595,NaN,NaN,NaN,NaN,NaN,NaN,NaN,NaN,NaN,NaN,NaN,NaN,NaN,NaN,NaN,NaN,NaN,NaN,NaN,NaN,NaN,
34.288,0.01938,0.00057,0.12903,0.54795,-0.09126,0.26786,-0.78720,NaN,NaN,NaN,NaN,NaN,NaN,NaN,NaN,NaN,NaN,NaN,NaN,NaN,NaN,NaN,NaN,NaN,NaN,NaN,NaN,NaN,
34.312,0.01938,0.00052,0.12901,0.54762,-0.09071,0.26792,-0.78747,NaN,NaN,NaN,NaN,NaN,NaN,NaN,NaN,NaN,NaN,NaN,NaN,NaN,NaN,NaN,NaN,NaN,NaN,NaN,NaN,NaN,
34.338,0.01935,0.00044,0.12898,0.54719,-0.09000,0.26801,-0.78782,NaN,NaN,NaN,NaN,NaN,NaN,NaN,NaN,NaN,NaN,NaN,NaN,NaN,NaN,NaN,NaN,NaN,NaN,NaN,NaN,NaN,
34.363,0.01937,0.00040,0.12904,0.54682,-0.08978,0.26834,-0.78799,NaN,NaN,NaN,NaN,NaN,NaN,NaN,NaN,NaN,NaN,NaN,NaN,NaN,NaN,NaN,NaN,NaN,NaN,NaN,NaN,NaN,
34.388,0.01937,0.00038,0.12902,0.54668,-0.08943,0.26829,-0.78814,NaN,NaN,NaN,NaN,NaN,NaN,NaN,NaN,NaN,NaN,NaN,NaN,NaN,NaN,NaN,NaN,NaN,NaN,NaN,NaN,NaN,
34.412,0.01933,0.00030,0.12904,0.54609,-0.08870,0.26858,-0.78853,NaN,NaN,NaN,NaN,NaN,NaN,NaN,NaN,NaN,NaN,NaN,NaN,NaN,NaN,NaN,NaN,NaN,NaN,NaN,NaN,NaN,
34.438,0.01929,0.00022,0.12903,0.54546,-0.08771,0.26874,-0.78903,NaN,NaN,NaN,NaN,NaN,NaN,NaN,NaN,NaN,NaN,NaN,NaN,NaN,NaN,NaN,NaN,NaN,NaN,NaN,NaN,NaN,
34.462,0.01929,0.00022,0.12903,0.54546,-0.08771,0.26874,-0.78903,NaN,NaN,NaN,NaN,NaN,NaN,NaN,NaN,NaN,NaN,NaN,NaN,NaN,NaN,NaN,NaN,NaN,NaN,NaN,NaN,NaN,
34.488,0.01926,0.00008,0.12900,0.54405,-0.08551,0.26910,-0.79012,NaN,NaN,NaN,NaN,NaN,NaN,NaN,NaN,NaN,NaN,NaN,NaN,NaN,NaN,NaN,NaN,NaN,NaN,NaN,NaN,NaN,
34.513,0.01925,-0.00011,0.12908,0.54277,-0.08425,0.26991,-0.79085,NaN,NaN,NaN,NaN,NaN,NaN,NaN,NaN,NaN,NaN,NaN,NaN,NaN,NaN,NaN,NaN,NaN,NaN,NaN,NaN,NaN,
34.538,0.01923,-0.00024,0.12906,0.54142,-0.08210,0.27021,-0.79190,NaN,NaN,NaN,NaN,NaN,NaN,NaN,NaN,NaN,NaN,NaN,NaN,NaN,NaN,NaN,NaN,NaN,NaN,NaN,NaN,NaN,
34.562,0.01923,-0.00024,0.12906,0.54142,-0.08210,0.27021,-0.79190,NaN,NaN,NaN,NaN,NaN,NaN,NaN,NaN,NaN,NaN,NaN,NaN,NaN,NaN,NaN,NaN,NaN,NaN,NaN,NaN,NaN,
34.588,0.01921,-0.00048,0.12904,0.53934,-0.07922,0.27096,-0.79336,NaN,NaN,NaN,NaN,NaN,NaN,NaN,NaN,NaN,NaN,NaN,NaN,NaN,NaN,NaN,NaN,NaN,NaN,NaN,NaN,NaN,
34.613,0.01915,-0.00062,0.12908,0.53847,-0.07820,0.27140,-0.79390,NaN,NaN,NaN,NaN,NaN,NaN,NaN,NaN,NaN,NaN,NaN,NaN,NaN,NaN,NaN,NaN,NaN,NaN,NaN,NaN,NaN,
34.638,0.01912,-0.00074,0.12905,0.53745,-0.07648,0.27154,-0.79471,NaN,NaN,NaN,NaN,NaN,NaN,NaN,NaN,NaN,NaN,NaN,NaN,NaN,NaN,NaN,NaN,NaN,NaN,NaN,NaN,NaN,
34.662,0.01912,-0.00074,0.12905,0.53745,-0.07648,0.27154,-0.79471,NaN,NaN,NaN,NaN,NaN,NaN,NaN,NaN,NaN,NaN,NaN,NaN,NaN,NaN,NaN,NaN,NaN,NaN,NaN,NaN,NaN,
34.687,0.01908,-0.00092,0.12904,0.53590,-0.07426,0.27203,-0.79580,NaN,NaN,NaN,NaN,NaN,NaN,NaN,NaN,NaN,NaN,NaN,NaN,NaN,NaN,NaN,NaN,NaN,NaN,NaN,NaN,NaN,
34.712,0.01908,-0.00115,0.12905,0.53383,-0.07150,0.27281,-0.79717,NaN,NaN,NaN,NaN,NaN,NaN,NaN,NaN,NaN,NaN,NaN,NaN,NaN,NaN,NaN,NaN,NaN,NaN,NaN,NaN,NaN,
34.738,0.01903,-0.00132,0.12908,0.53269,-0.06997,0.27324,-0.79793,NaN,NaN,NaN,NaN,NaN,NaN,NaN,NaN,NaN,NaN,NaN,NaN,NaN,NaN,NaN,NaN,NaN,NaN,NaN,NaN,NaN,
34.762,0.01903,-0.00132,0.12908,0.53269,-0.06997,0.27324,-0.79793,NaN,NaN,NaN,NaN,NaN,NaN,NaN,NaN,NaN,NaN,NaN,NaN,NaN,NaN,NaN,NaN,NaN,NaN,NaN,NaN,NaN,
34.787,0.01899,-0.00149,0.12907,0.53099,-0.06751,0.27372,-0.79910,NaN,NaN,NaN,NaN,NaN,NaN,NaN,NaN,NaN,NaN,NaN,NaN,NaN,NaN,NaN,NaN,NaN,NaN,NaN,NaN,NaN,
34.812,0.01897,-0.00176,0.12905,0.52897,-0.06457,0.27428,-0.80049,NaN,NaN,NaN,NaN,NaN,NaN,NaN,NaN,NaN,NaN,NaN,NaN,NaN,NaN,NaN,NaN,NaN,NaN,NaN,NaN,NaN,
34.837,0.01897,-0.00176,0.12905,0.52897,-0.06457,0.27428,-0.80049,NaN,NaN,NaN,NaN,NaN,NaN,NaN,NaN,NaN,NaN,NaN,NaN,NaN,NaN,NaN,NaN,NaN,NaN,NaN,NaN,NaN,
34.862,0.01894,-0.00187,0.12908,0.52817,-0.06352,0.27458,-0.80100,NaN,NaN,NaN,NaN,NaN,NaN,NaN,NaN,NaN,NaN,NaN,NaN,NaN,NaN,NaN,NaN,NaN,NaN,NaN,NaN,NaN,
34.888,0.01882,-0.00212,0.12905,0.52644,-0.06068,0.27483,-0.80228,NaN,NaN,NaN,NaN,NaN,NaN,NaN,NaN,NaN,NaN,NaN,NaN,NaN,NaN,NaN,NaN,NaN,NaN,NaN,NaN,NaN,
34.912,0.01876,-0.00227,0.12909,0.52517,-0.05906,0.27531,-0.80306,NaN,NaN,NaN,NaN,NaN,NaN,NaN,NaN,NaN,NaN,NaN,NaN,NaN,NaN,NaN,NaN,NaN,NaN,NaN,NaN,NaN,
34.938,0.01880,-0.00229,0.12906,0.52424,-0.05755,0.27545,-0.80374,NaN,NaN,NaN,NaN,NaN,NaN,NaN,NaN,NaN,NaN,NaN,NaN,NaN,NaN,NaN,NaN,NaN,NaN,NaN,NaN,NaN,
34.962,0.01875,-0.00241,0.12909,0.52329,-0.05622,0.27573,-0.80435,NaN,NaN,NaN,NaN,NaN,NaN,NaN,NaN,NaN,NaN,NaN,NaN,NaN,NaN,NaN,NaN,NaN,NaN,NaN,NaN,NaN,
34.987,0.01875,-0.00241,0.12909,0.52329,-0.05622,0.27573,-0.80435,NaN,NaN,NaN,NaN,NaN,NaN,NaN,NaN,NaN,NaN,NaN,NaN,NaN,NaN,NaN,NaN,NaN,NaN,NaN,NaN,NaN,
35.012,0.01873,-0.00271,0.12914,0.52162,-0.05404,0.27632,-0.80538,NaN,NaN,NaN,NaN,NaN,NaN,NaN,NaN,NaN,NaN,NaN,NaN,NaN,NaN,NaN,NaN,NaN,NaN,NaN,NaN,NaN,
35.038,0.01857,-0.00329,0.12915,0.51657,-0.04692,0.27771,-0.80860,NaN,NaN,NaN,NaN,NaN,NaN,NaN,NaN,NaN,NaN,NaN,NaN,NaN,NaN,NaN,NaN,NaN,NaN,NaN,NaN,NaN,
35.062,0.01856,-0.00343,0.12913,0.51541,-0.04531,0.27803,-0.80932,NaN,NaN,NaN,NaN,NaN,NaN,NaN,NaN,NaN,NaN,NaN,NaN,NaN,NaN,NaN,NaN,NaN,NaN,NaN,NaN,NaN,
35.087,0.01858,-0.00347,0.12916,0.51538,-0.04565,0.27831,-0.80922,NaN,NaN,NaN,NaN,NaN,NaN,NaN,NaN,NaN,NaN,NaN,NaN,NaN,NaN,NaN,NaN,NaN,NaN,NaN,NaN,NaN,
35.112,0.01858,-0.00347,0.12916,0.51538,-0.04565,0.27831,-0.80922,NaN,NaN,NaN,NaN,NaN,NaN,NaN,NaN,NaN,NaN,NaN,NaN,NaN,NaN,NaN,NaN,NaN,NaN,NaN,NaN,NaN,
35.137,0.01860,-0.00362,0.12925,0.51399,-0.04432,0.27912,-0.80990,NaN,NaN,NaN,NaN,NaN,NaN,NaN,NaN,NaN,NaN,NaN,NaN,NaN,NaN,NaN,NaN,NaN,NaN,NaN,NaN,NaN,
35.163,0.01848,-0.00376,0.12916,0.51202,-0.04074,0.27905,-0.81136,NaN,NaN,NaN,NaN,NaN,NaN,NaN,NaN,NaN,NaN,NaN,NaN,NaN,NaN,NaN,NaN,NaN,NaN,NaN,NaN,NaN,
35.188,0.01849,-0.00395,0.12919,0.51029,-0.03843,0.27958,-0.81238,NaN,NaN,NaN,NaN,NaN,NaN,NaN,NaN,NaN,NaN,NaN,NaN,NaN,NaN,NaN,NaN,NaN,NaN,NaN,NaN,NaN,
35.212,0.01845,-0.00411,0.12924,0.50941,-0.03745,0.27998,-0.81284,NaN,NaN,NaN,NaN,NaN,NaN,NaN,NaN,NaN,NaN,NaN,NaN,NaN,NaN,NaN,NaN,NaN,NaN,NaN,NaN,NaN,
35.238,0.01845,-0.00417,0.12927,0.50881,-0.03663,0.28014,-0.81320,NaN,NaN,NaN,NaN,NaN,NaN,NaN,NaN,NaN,NaN,NaN,NaN,NaN,NaN,NaN,NaN,NaN,NaN,NaN,NaN,NaN,
35.263,0.01839,-0.00424,0.12933,0.50788,-0.03516,0.28026,-0.81381,NaN,NaN,NaN,NaN,NaN,NaN,NaN,NaN,NaN,NaN,NaN,NaN,NaN,NaN,NaN,NaN,NaN,NaN,NaN,NaN,NaN,
35.288,0.01837,-0.00438,0.12941,0.50694,-0.03404,0.28063,-0.81431,NaN,NaN,NaN,NaN,NaN,NaN,NaN,NaN,NaN,NaN,NaN,NaN,NaN,NaN,NaN,NaN,NaN,NaN,NaN,NaN,NaN,
35.312,0.01837,-0.00438,0.12941,0.50694,-0.03404,0.28063,-0.81431,NaN,NaN,NaN,NaN,NaN,NaN,NaN,NaN,NaN,NaN,NaN,NaN,NaN,NaN,NaN,NaN,NaN,NaN,NaN,NaN,NaN,
35.338,0.01836,-0.00449,0.12944,0.50565,-0.03199,0.28077,-0.81515,NaN,NaN,NaN,NaN,NaN,NaN,NaN,NaN,NaN,NaN,NaN,NaN,NaN,NaN,NaN,NaN,NaN,NaN,NaN,NaN,NaN,
35.363,0.01836,-0.00456,0.12944,0.50482,-0.03061,0.28081,-0.81570,NaN,NaN,NaN,NaN,NaN,NaN,NaN,NaN,NaN,NaN,NaN,NaN,NaN,NaN,NaN,NaN,NaN,NaN,NaN,NaN,NaN,
35.388,0.01832,-0.00470,0.12954,0.50405,-0.02972,0.28113,-0.81610,NaN,NaN,NaN,NaN,NaN,NaN,NaN,NaN,NaN,NaN,NaN,NaN,NaN,NaN,NaN,NaN,NaN,NaN,NaN,NaN,NaN,
35.412,0.01832,-0.00470,0.12954,0.50405,-0.02972,0.28113,-0.81610,NaN,NaN,NaN,NaN,NaN,NaN,NaN,NaN,NaN,NaN,NaN,NaN,NaN,NaN,NaN,NaN,NaN,NaN,NaN,NaN,NaN,
35.438,0.01835,-0.00481,0.12957,0.50290,-0.02803,0.28134,-0.81680,NaN,NaN,NaN,NaN,NaN,NaN,NaN,NaN,NaN,NaN,NaN,NaN,NaN,NaN,NaN,NaN,NaN,NaN,NaN,NaN,NaN,
35.462,0.01835,-0.00481,0.12957,0.50290,-0.02803,0.28134,-0.81680,NaN,NaN,NaN,NaN,NaN,NaN,NaN,NaN,NaN,NaN,NaN,NaN,NaN,NaN,NaN,NaN,NaN,NaN,NaN,NaN,NaN,
35.488,0.01826,-0.00494,0.12965,0.50251,-0.02730,0.28129,-0.81707,NaN,NaN,NaN,NaN,NaN,NaN,NaN,NaN,NaN,NaN,NaN,NaN,NaN,NaN,NaN,NaN,NaN,NaN,NaN,NaN,NaN,
35.513,0.01829,-0.00501,0.12970,0.50174,-0.02635,0.28157,-0.81749,NaN,NaN,NaN,NaN,NaN,NaN,NaN,NaN,NaN,NaN,NaN,NaN,NaN,NaN,NaN,NaN,NaN,NaN,NaN,NaN,NaN,
35.538,0.01831,-0.00506,0.12973,0.50096,-0.02541,0.28185,-0.81790,NaN,NaN,NaN,NaN,NaN,NaN,NaN,NaN,NaN,NaN,NaN,NaN,NaN,NaN,NaN,NaN,NaN,NaN,NaN,NaN,NaN,
35.562,0.01831,-0.00506,0.12973,0.50096,-0.02541,0.28185,-0.81790,NaN,NaN,NaN,NaN,NaN,NaN,NaN,NaN,NaN,NaN,NaN,NaN,NaN,NaN,NaN,NaN,NaN,NaN,NaN,NaN,NaN,
35.588,0.01831,-0.00511,0.12973,0.50058,-0.02440,0.28159,-0.81825,NaN,NaN,NaN,NaN,NaN,NaN,NaN,NaN,NaN,NaN,NaN,NaN,NaN,NaN,NaN,NaN,NaN,NaN,NaN,NaN,NaN,
35.613,0.01827,-0.00517,0.12976,0.50001,-0.02365,0.28175,-0.81856,NaN,NaN,NaN,NaN,NaN,NaN,NaN,NaN,NaN,NaN,NaN,NaN,NaN,NaN,NaN,NaN,NaN,NaN,NaN,NaN,NaN,
35.638,0.01824,-0.00524,0.12978,-0.49945,0.02271,-0.28177,0.81893,NaN,NaN,NaN,NaN,NaN,NaN,NaN,NaN,NaN,NaN,NaN,NaN,NaN,NaN,NaN,NaN,NaN,NaN,NaN,NaN,NaN,
35.662,0.01820,-0.00534,0.12978,-0.49875,0.02167,-0.28187,0.81935,NaN,NaN,NaN,NaN,NaN,NaN,NaN,NaN,NaN,NaN,NaN,NaN,NaN,NaN,NaN,NaN,NaN,NaN,NaN,NaN,NaN,
35.688,0.01813,-0.00544,0.12982,-0.49836,0.02113,-0.28196,0.81956,NaN,NaN,NaN,NaN,NaN,NaN,NaN,NaN,NaN,NaN,NaN,NaN,NaN,NaN,NaN,NaN,NaN,NaN,NaN,NaN,NaN,
35.712,0.01813,-0.00547,0.12980,-0.49770,0.01997,-0.28194,0.82000,NaN,NaN,NaN,NaN,NaN,NaN,NaN,NaN,NaN,NaN,NaN,NaN,NaN,NaN,NaN,NaN,NaN,NaN,NaN,NaN,NaN,
35.737,0.01813,-0.00547,0.12980,-0.49770,0.01997,-0.28194,0.82000,NaN,NaN,NaN,NaN,NaN,NaN,NaN,NaN,NaN,NaN,NaN,NaN,NaN,NaN,NaN,NaN,NaN,NaN,NaN,NaN,NaN,
35.762,0.01816,-0.00546,0.12979,-0.49726,0.01913,-0.28187,0.82032,NaN,NaN,NaN,NaN,NaN,NaN,NaN,NaN,NaN,NaN,NaN,NaN,NaN,NaN,NaN,NaN,NaN,NaN,NaN,NaN,NaN,
35.788,0.01817,-0.00565,0.12986,-0.49653,0.01832,-0.28218,0.82067,NaN,NaN,NaN,NaN,NaN,NaN,NaN,NaN,NaN,NaN,NaN,NaN,NaN,NaN,NaN,NaN,NaN,NaN,NaN,NaN,NaN,
35.812,0.01815,-0.00574,0.12984,-0.49554,0.01668,-0.28220,0.82129,NaN,NaN,NaN,NaN,NaN,NaN,NaN,NaN,NaN,NaN,NaN,NaN,NaN,NaN,NaN,NaN,NaN,NaN,NaN,NaN,NaN,
35.838,0.01806,-0.00579,0.12981,-0.49496,0.01549,-0.28205,0.82172,NaN,NaN,NaN,NaN,NaN,NaN,NaN,NaN,NaN,NaN,NaN,NaN,NaN,NaN,NaN,NaN,NaN,NaN,NaN,NaN,NaN,
35.862,0.01806,-0.00579,0.12981,-0.49496,0.01549,-0.28205,0.82172,NaN,NaN,NaN,NaN,NaN,NaN,NaN,NaN,NaN,NaN,NaN,NaN,NaN,NaN,NaN,NaN,NaN,NaN,NaN,NaN,NaN,
35.888,0.01800,-0.00595,0.12983,-0.49387,0.01399,-0.28229,0.82232,NaN,NaN,NaN,NaN,NaN,NaN,NaN,NaN,NaN,NaN,NaN,NaN,NaN,NaN,NaN,NaN,NaN,NaN,NaN,NaN,NaN,
35.912,0.01800,-0.00595,0.12983,-0.49387,0.01399,-0.28229,0.82232,NaN,NaN,NaN,NaN,NaN,NaN,NaN,NaN,NaN,NaN,NaN,NaN,NaN,NaN,NaN,NaN,NaN,NaN,NaN,NaN,NaN,
35.938,0.01797,-0.00600,0.12986,-0.49346,0.01353,-0.28246,0.82252,NaN,NaN,NaN,NaN,NaN,NaN,NaN,NaN,NaN,NaN,NaN,NaN,NaN,NaN,NaN,NaN,NaN,NaN,NaN,NaN,NaN,
35.962,0.01797,-0.00602,0.12986,-0.49315,0.01290,-0.28237,0.82274,NaN,NaN,NaN,NaN,NaN,NaN,NaN,NaN,NaN,NaN,NaN,NaN,NaN,NaN,NaN,NaN,NaN,NaN,NaN,NaN,NaN,
35.988,0.01793,-0.00607,0.12987,-0.49253,0.01198,-0.28245,0.82310,NaN,NaN,NaN,NaN,NaN,NaN,NaN,NaN,NaN,NaN,NaN,NaN,NaN,NaN,NaN,NaN,NaN,NaN,NaN,NaN,NaN,
36.013,0.01787,-0.00618,0.12989,-0.49162,0.01074,-0.28266,0.82359,NaN,NaN,NaN,NaN,NaN,NaN,NaN,NaN,NaN,NaN,NaN,NaN,NaN,NaN,NaN,NaN,NaN,NaN,NaN,NaN,NaN,
36.037,0.01787,-0.00618,0.12989,-0.49162,0.01074,-0.28266,0.82359,NaN,NaN,NaN,NaN,NaN,NaN,NaN,NaN,NaN,NaN,NaN,NaN,NaN,NaN,NaN,NaN,NaN,NaN,NaN,NaN,NaN,
36.063,0.01782,-0.00629,0.12986,-0.49037,0.00842,-0.28248,0.82442,NaN,NaN,NaN,NaN,NaN,NaN,NaN,NaN,NaN,NaN,NaN,NaN,NaN,NaN,NaN,NaN,NaN,NaN,NaN,NaN,NaN,
36.087,0.01782,-0.00629,0.12986,-0.49037,0.00842,-0.28248,0.82442,NaN,NaN,NaN,NaN,NaN,NaN,NaN,NaN,NaN,NaN,NaN,NaN,NaN,NaN,NaN,NaN,NaN,NaN,NaN,NaN,NaN,
36.112,0.01775,-0.00646,0.12985,-0.48943,0.00688,-0.28250,0.82499,NaN,NaN,NaN,NaN,NaN,NaN,NaN,NaN,NaN,NaN,NaN,NaN,NaN,NaN,NaN,NaN,NaN,NaN,NaN,NaN,NaN,
36.138,0.01761,-0.00666,0.12987,-0.48770,0.00407,-0.28254,0.82602,NaN,NaN,NaN,NaN,NaN,NaN,NaN,NaN,NaN,NaN,NaN,NaN,NaN,NaN,NaN,NaN,NaN,NaN,NaN,NaN,NaN,
36.162,0.01761,-0.00666,0.12987,-0.48770,0.00407,-0.28254,0.82602,NaN,NaN,NaN,NaN,NaN,NaN,NaN,NaN,NaN,NaN,NaN,NaN,NaN,NaN,NaN,NaN,NaN,NaN,NaN,NaN,NaN,
36.188,0.01756,-0.00691,0.12989,-0.48522,0.00046,-0.28288,0.82737,NaN,NaN,NaN,NaN,NaN,NaN,NaN,NaN,NaN,NaN,NaN,NaN,NaN,NaN,NaN,NaN,NaN,NaN,NaN,NaN,NaN,
36.212,0.01753,-0.00704,0.12991,-0.48451,-0.00010,-0.28334,0.82763,NaN,NaN,NaN,NaN,NaN,NaN,NaN,NaN,NaN,NaN,NaN,NaN,NaN,NaN,NaN,NaN,NaN,NaN,NaN,NaN,NaN,
36.238,0.01754,-0.00713,0.12993,-0.48421,-0.00025,-0.28359,0.82772,NaN,NaN,NaN,NaN,NaN,NaN,NaN,NaN,NaN,NaN,NaN,NaN,NaN,NaN,NaN,NaN,NaN,NaN,NaN,NaN,NaN,
36.262,0.01754,-0.00713,0.12993,-0.48421,-0.00025,-0.28359,0.82772,NaN,NaN,NaN,NaN,NaN,NaN,NaN,NaN,NaN,NaN,NaN,NaN,NaN,NaN,NaN,NaN,NaN,NaN,NaN,NaN,NaN,
36.287,0.01804,-0.00709,0.12973,-0.48494,0.00129,-0.28385,0.82720,NaN,NaN,NaN,NaN,NaN,NaN,NaN,NaN,NaN,NaN,NaN,NaN,NaN,NaN,NaN,NaN,NaN,NaN,NaN,NaN,NaN,
36.312,0.01847,-0.00601,0.12880,-0.49101,0.01019,-0.28301,0.82384,NaN,NaN,NaN,NaN,NaN,NaN,NaN,NaN,NaN,NaN,NaN,NaN,NaN,NaN,NaN,NaN,NaN,NaN,NaN,NaN,NaN,
36.338,0.01846,-0.00775,0.12978,-0.48505,0.01874,-0.29651,0.82247,NaN,NaN,NaN,NaN,NaN,NaN,NaN,NaN,NaN,NaN,NaN,NaN,NaN,NaN,NaN,NaN,NaN,NaN,NaN,NaN,NaN,
36.362,0.01846,-0.00775,0.12978,-0.48505,0.01874,-0.29651,0.82247,NaN,NaN,NaN,NaN,NaN,NaN,NaN,NaN,NaN,NaN,NaN,NaN,NaN,NaN,NaN,NaN,NaN,NaN,NaN,NaN,NaN,
36.387,0.01891,-0.00770,0.12954,-0.48419,0.01737,-0.29656,0.82299,NaN,NaN,NaN,NaN,NaN,NaN,NaN,NaN,NaN,NaN,NaN,NaN,NaN,NaN,NaN,NaN,NaN,NaN,NaN,NaN,NaN,
36.413,0.01909,-0.00767,0.12965,-0.48355,0.01739,-0.29735,0.82308,NaN,NaN,NaN,NaN,NaN,NaN,NaN,NaN,NaN,NaN,NaN,NaN,NaN,NaN,NaN,NaN,NaN,NaN,NaN,NaN,NaN,
36.437,0.01909,-0.00767,0.12965,-0.48355,0.01739,-0.29735,0.82308,NaN,NaN,NaN,NaN,NaN,NaN,NaN,NaN,NaN,NaN,NaN,NaN,NaN,NaN,NaN,NaN,NaN,NaN,NaN,NaN,NaN,
36.463,0.01900,-0.00782,0.12969,-0.48310,0.01717,-0.29774,0.82321,NaN,NaN,NaN,NaN,NaN,NaN,NaN,NaN,NaN,NaN,NaN,NaN,NaN,NaN,NaN,NaN,NaN,NaN,NaN,NaN,NaN,
36.487,0.01900,-0.00782,0.12969,-0.48310,0.01717,-0.29774,0.82321,NaN,NaN,NaN,NaN,NaN,NaN,NaN,NaN,NaN,NaN,NaN,NaN,NaN,NaN,NaN,NaN,NaN,NaN,NaN,NaN,NaN,
36.513,0.01880,-0.00787,0.12962,-0.48259,0.01559,-0.29721,0.82373,NaN,NaN,NaN,NaN,NaN,NaN,NaN,NaN,NaN,NaN,NaN,NaN,NaN,NaN,NaN,NaN,NaN,NaN,NaN,NaN,NaN,
36.537,0.01880,-0.00787,0.12962,-0.48259,0.01559,-0.29721,0.82373,NaN,NaN,NaN,NaN,NaN,NaN,NaN,NaN,NaN,NaN,NaN,NaN,NaN,NaN,NaN,NaN,NaN,NaN,NaN,NaN,NaN,
36.562,0.01872,-0.00815,0.12957,-0.47999,0.01111,-0.29708,0.82536,NaN,NaN,NaN,NaN,NaN,NaN,NaN,NaN,NaN,NaN,NaN,NaN,NaN,NaN,NaN,NaN,NaN,NaN,NaN,NaN,NaN,
36.588,0.01876,-0.00832,0.12962,-0.47858,0.00909,-0.29732,0.82613,NaN,NaN,NaN,NaN,NaN,NaN,NaN,NaN,NaN,NaN,NaN,NaN,NaN,NaN,NaN,NaN,NaN,NaN,NaN,NaN,NaN,
36.613,0.01866,-0.00838,0.12958,-0.47789,0.00792,-0.29728,0.82655,NaN,NaN,NaN,NaN,NaN,NaN,NaN,NaN,NaN,NaN,NaN,NaN,NaN,NaN,NaN,NaN,NaN,NaN,NaN,NaN,NaN,
36.638,0.01867,-0.00844,0.12965,-0.47748,0.00782,-0.29770,0.82663,NaN,NaN,NaN,NaN,NaN,NaN,NaN,NaN,NaN,NaN,NaN,NaN,NaN,NaN,NaN,NaN,NaN,NaN,NaN,NaN,NaN,
36.663,0.01868,-0.00847,0.12960,-0.47731,0.00725,-0.29749,0.82681,NaN,NaN,NaN,NaN,NaN,NaN,NaN,NaN,NaN,NaN,NaN,NaN,NaN,NaN,NaN,NaN,NaN,NaN,NaN,NaN,NaN,
36.688,0.01860,-0.00853,0.12960,-0.47686,0.00652,-0.29750,0.82708,NaN,NaN,NaN,NaN,NaN,NaN,NaN,NaN,NaN,NaN,NaN,NaN,NaN,NaN,NaN,NaN,NaN,NaN,NaN,NaN,NaN,
36.713,0.01877,-0.00880,0.12973,-0.47620,0.00664,-0.29837,0.82714,NaN,NaN,NaN,NaN,NaN,NaN,NaN,NaN,NaN,NaN,NaN,NaN,NaN,NaN,NaN,NaN,NaN,NaN,NaN,NaN,NaN,
36.737,0.01877,-0.00880,0.12973,-0.47620,0.00664,-0.29837,0.82714,NaN,NaN,NaN,NaN,NaN,NaN,NaN,NaN,NaN,NaN,NaN,NaN,NaN,NaN,NaN,NaN,NaN,NaN,NaN,NaN,NaN,
36.762,0.01910,-0.00874,0.12942,-0.47599,0.01169,-0.30231,0.82578,NaN,NaN,NaN,NaN,NaN,NaN,NaN,NaN,NaN,NaN,NaN,NaN,NaN,NaN,NaN,NaN,NaN,NaN,NaN,NaN,NaN,
36.787,0.01910,-0.00874,0.12942,-0.47599,0.01169,-0.30231,0.82578,NaN,NaN,NaN,NaN,NaN,NaN,NaN,NaN,NaN,NaN,NaN,NaN,NaN,NaN,NaN,NaN,NaN,NaN,NaN,NaN,NaN,
36.813,0.01911,-0.00904,0.12945,-0.47432,0.01133,-0.30404,0.82610,NaN,NaN,NaN,NaN,NaN,NaN,NaN,NaN,NaN,NaN,NaN,NaN,NaN,NaN,NaN,NaN,NaN,NaN,NaN,NaN,NaN,
36.838,0.01915,-0.00919,0.12951,-0.47338,0.01088,-0.30484,0.82636,NaN,NaN,NaN,NaN,NaN,NaN,NaN,NaN,NaN,NaN,NaN,NaN,NaN,NaN,NaN,NaN,NaN,NaN,NaN,NaN,NaN,
36.862,0.01916,-0.00922,0.12948,-0.47272,0.01007,-0.30503,0.82667,NaN,NaN,NaN,NaN,NaN,NaN,NaN,NaN,NaN,NaN,NaN,NaN,NaN,NaN,NaN,NaN,NaN,NaN,NaN,NaN,NaN,
36.888,0.01910,-0.00926,0.12947,-0.47254,0.00958,-0.30489,0.82683,NaN,NaN,NaN,NaN,NaN,NaN,NaN,NaN,NaN,NaN,NaN,NaN,NaN,NaN,NaN,NaN,NaN,NaN,NaN,NaN,NaN,
36.912,0.01910,-0.00926,0.12947,-0.47254,0.00958,-0.30489,0.82683,NaN,NaN,NaN,NaN,NaN,NaN,NaN,NaN,NaN,NaN,NaN,NaN,NaN,NaN,NaN,NaN,NaN,NaN,NaN,NaN,NaN,
36.938,0.01902,-0.00975,0.12961,-0.46960,0.00677,-0.30634,0.82800,NaN,NaN,NaN,NaN,NaN,NaN,NaN,NaN,NaN,NaN,NaN,NaN,NaN,NaN,NaN,NaN,NaN,NaN,NaN,NaN,NaN,
36.962,0.01902,-0.00975,0.12961,-0.46960,0.00677,-0.30634,0.82800,NaN,NaN,NaN,NaN,NaN,NaN,NaN,NaN,NaN,NaN,NaN,NaN,NaN,NaN,NaN,NaN,NaN,NaN,NaN,NaN,NaN,
36.988,0.01938,-0.00989,0.12961,-0.46928,0.01052,-0.30944,0.82699,NaN,NaN,NaN,NaN,NaN,NaN,NaN,NaN,NaN,NaN,NaN,NaN,NaN,NaN,NaN,NaN,NaN,NaN,NaN,NaN,NaN,
37.013,0.01949,-0.00994,0.12957,-0.47046,0.01364,-0.31029,0.82596,NaN,NaN,NaN,NaN,NaN,NaN,NaN,NaN,NaN,NaN,NaN,NaN,NaN,NaN,NaN,NaN,NaN,NaN,NaN,NaN,NaN,
37.037,0.01949,-0.00994,0.12957,-0.47046,0.01364,-0.31029,0.82596,NaN,NaN,NaN,NaN,NaN,NaN,NaN,NaN,NaN,NaN,NaN,NaN,NaN,NaN,NaN,NaN,NaN,NaN,NaN,NaN,NaN,
37.063,0.01953,-0.00986,0.12943,-0.46979,0.01285,-0.31052,0.82626,NaN,NaN,NaN,NaN,NaN,NaN,NaN,NaN,NaN,NaN,NaN,NaN,NaN,NaN,NaN,NaN,NaN,NaN,NaN,NaN,NaN,
37.087,0.01953,-0.00986,0.12943,-0.46979,0.01285,-0.31052,0.82626,NaN,NaN,NaN,NaN,NaN,NaN,NaN,NaN,NaN,NaN,NaN,NaN,NaN,NaN,NaN,NaN,NaN,NaN,NaN,NaN,NaN,
37.112,0.01960,-0.01001,0.12947,-0.46853,0.01180,-0.31125,0.82672,NaN,NaN,NaN,NaN,NaN,NaN,NaN,NaN,NaN,NaN,NaN,NaN,NaN,NaN,NaN,NaN,NaN,NaN,NaN,NaN,NaN,
37.138,0.01951,-0.01020,0.12948,-0.46800,0.01134,-0.31154,0.82691,NaN,NaN,NaN,NaN,NaN,NaN,NaN,NaN,NaN,NaN,NaN,NaN,NaN,NaN,NaN,NaN,NaN,NaN,NaN,NaN,NaN,
37.163,0.01955,-0.01020,0.12947,-0.46769,0.01113,-0.31175,0.82701,NaN,NaN,NaN,NaN,NaN,NaN,NaN,NaN,NaN,NaN,NaN,NaN,NaN,NaN,NaN,NaN,NaN,NaN,NaN,NaN,NaN,
37.188,0.01947,-0.01021,0.12945,-0.46752,0.01078,-0.31170,0.82713,NaN,NaN,NaN,NaN,NaN,NaN,NaN,NaN,NaN,NaN,NaN,NaN,NaN,NaN,NaN,NaN,NaN,NaN,NaN,NaN,NaN,
37.212,0.01947,-0.01021,0.12945,-0.46752,0.01078,-0.31170,0.82713,NaN,NaN,NaN,NaN,NaN,NaN,NaN,NaN,NaN,NaN,NaN,NaN,NaN,NaN,NaN,NaN,NaN,NaN,NaN,NaN,NaN,
37.238,0.01944,-0.01054,0.12961,-0.46520,0.00824,-0.31260,0.82813,NaN,NaN,NaN,NaN,NaN,NaN,NaN,NaN,NaN,NaN,NaN,NaN,NaN,NaN,NaN,NaN,NaN,NaN,NaN,NaN,NaN,
37.262,0.01931,-0.01066,0.12953,-0.46349,0.00501,-0.31227,0.82924,NaN,NaN,NaN,NaN,NaN,NaN,NaN,NaN,NaN,NaN,NaN,NaN,NaN,NaN,NaN,NaN,NaN,NaN,NaN,NaN,NaN,
37.288,0.01921,-0.01075,0.12952,-0.46270,0.00363,-0.31220,0.82971,NaN,NaN,NaN,NaN,NaN,NaN,NaN,NaN,NaN,NaN,NaN,NaN,NaN,NaN,NaN,NaN,NaN,NaN,NaN,NaN,NaN,
37.312,0.01930,-0.01085,0.12960,-0.46181,0.00353,-0.31317,0.82984,NaN,NaN,NaN,NaN,NaN,NaN,NaN,NaN,NaN,NaN,NaN,NaN,NaN,NaN,NaN,NaN,NaN,NaN,NaN,NaN,NaN,
37.338,0.01938,-0.01071,0.12941,-0.46150,0.00542,-0.31491,0.82935,NaN,NaN,NaN,NaN,NaN,NaN,NaN,NaN,NaN,NaN,NaN,NaN,NaN,NaN,NaN,NaN,NaN,NaN,NaN,NaN,NaN,
37.362,0.01938,-0.01071,0.12941,-0.46150,0.00542,-0.31491,0.82935,NaN,NaN,NaN,NaN,NaN,NaN,NaN,NaN,NaN,NaN,NaN,NaN,NaN,NaN,NaN,NaN,NaN,NaN,NaN,NaN,NaN,
37.388,0.02002,-0.01089,0.12939,-0.46452,0.01668,-0.31944,0.82577,NaN,NaN,NaN,NaN,NaN,NaN,NaN,NaN,NaN,NaN,NaN,NaN,NaN,NaN,NaN,NaN,NaN,NaN,NaN,NaN,NaN,
37.412,0.02002,-0.01089,0.12939,-0.46452,0.01668,-0.31944,0.82577,NaN,NaN,NaN,NaN,NaN,NaN,NaN,NaN,NaN,NaN,NaN,NaN,NaN,NaN,NaN,NaN,NaN,NaN,NaN,NaN,NaN,
37.437,0.02018,-0.01101,0.12942,-0.46370,0.01672,-0.32043,0.82585,NaN,NaN,NaN,NaN,NaN,NaN,NaN,NaN,NaN,NaN,NaN,NaN,NaN,NaN,NaN,NaN,NaN,NaN,NaN,NaN,NaN,
37.462,0.02012,-0.01123,0.12946,-0.46214,0.01526,-0.32121,0.82645,NaN,NaN,NaN,NaN,NaN,NaN,NaN,NaN,NaN,NaN,NaN,NaN,NaN,NaN,NaN,NaN,NaN,NaN,NaN,NaN,NaN,
37.488,0.02010,-0.01133,0.12948,-0.46138,0.01441,-0.32150,0.82678,NaN,NaN,NaN,NaN,NaN,NaN,NaN,NaN,NaN,NaN,NaN,NaN,NaN,NaN,NaN,NaN,NaN,NaN,NaN,NaN,NaN,
37.512,0.02010,-0.01133,0.12948,-0.46138,0.01441,-0.32150,0.82678,NaN,NaN,NaN,NaN,NaN,NaN,NaN,NaN,NaN,NaN,NaN,NaN,NaN,NaN,NaN,NaN,NaN,NaN,NaN,NaN,NaN,
37.538,0.02008,-0.01137,0.12945,-0.46099,0.01446,-0.32199,0.82681,NaN,NaN,NaN,NaN,NaN,NaN,NaN,NaN,NaN,NaN,NaN,NaN,NaN,NaN,NaN,NaN,NaN,NaN,NaN,NaN,NaN,
37.563,0.02003,-0.01146,0.12946,-0.46082,0.01393,-0.32180,0.82698,NaN,NaN,NaN,NaN,NaN,NaN,NaN,NaN,NaN,NaN,NaN,NaN,NaN,NaN,NaN,NaN,NaN,NaN,NaN,NaN,NaN,
37.588,0.01993,-0.01159,0.12949,-0.45928,0.01187,-0.32212,0.82774,NaN,NaN,NaN,NaN,NaN,NaN,NaN,NaN,NaN,NaN,NaN,NaN,NaN,NaN,NaN,NaN,NaN,NaN,NaN,NaN,NaN,
37.612,0.01993,-0.01159,0.12949,-0.45928,0.01187,-0.32212,0.82774,NaN,NaN,NaN,NaN,NaN,NaN,NaN,NaN,NaN,NaN,NaN,NaN,NaN,NaN,NaN,NaN,NaN,NaN,NaN,NaN,NaN,
37.638,0.01993,-0.01170,0.12947,-0.45848,0.01057,-0.32212,0.82820,NaN,NaN,NaN,NaN,NaN,NaN,NaN,NaN,NaN,NaN,NaN,NaN,NaN,NaN,NaN,NaN,NaN,NaN,NaN,NaN,NaN,
37.662,0.01996,-0.01170,0.12947,-0.45837,0.01050,-0.32220,0.82823,NaN,NaN,NaN,NaN,NaN,NaN,NaN,NaN,NaN,NaN,NaN,NaN,NaN,NaN,NaN,NaN,NaN,NaN,NaN,NaN,NaN,
37.688,0.01989,-0.01171,0.12944,-0.45829,0.01011,-0.32201,0.82836,NaN,NaN,NaN,NaN,NaN,NaN,NaN,NaN,NaN,NaN,NaN,NaN,NaN,NaN,NaN,NaN,NaN,NaN,NaN,NaN,NaN,
37.712,0.01992,-0.01176,0.12949,-0.45789,0.00987,-0.32230,0.82847,NaN,NaN,NaN,NaN,NaN,NaN,NaN,NaN,NaN,NaN,NaN,NaN,NaN,NaN,NaN,NaN,NaN,NaN,NaN,NaN,NaN,
37.737,0.01992,-0.01176,0.12949,-0.45789,0.00987,-0.32230,0.82847,NaN,NaN,NaN,NaN,NaN,NaN,NaN,NaN,NaN,NaN,NaN,NaN,NaN,NaN,NaN,NaN,NaN,NaN,NaN,NaN,NaN,
37.762,0.01986,-0.01181,0.12948,-0.45759,0.00920,-0.32218,0.82869,NaN,NaN,NaN,NaN,NaN,NaN,NaN,NaN,NaN,NaN,NaN,NaN,NaN,NaN,NaN,NaN,NaN,NaN,NaN,NaN,NaN,
37.788,0.01972,-0.01200,0.12948,-0.45588,0.00643,-0.32217,0.82966,NaN,NaN,NaN,NaN,NaN,NaN,NaN,NaN,NaN,NaN,NaN,NaN,NaN,NaN,NaN,NaN,NaN,NaN,NaN,NaN,NaN,
37.812,0.01972,-0.01200,0.12948,-0.45588,0.00643,-0.32217,0.82966,NaN,NaN,NaN,NaN,NaN,NaN,NaN,NaN,NaN,NaN,NaN,NaN,NaN,NaN,NaN,NaN,NaN,NaN,NaN,NaN,NaN,
37.837,0.01963,-0.01220,0.12954,-0.45436,0.00457,-0.32260,0.83034,NaN,NaN,NaN,NaN,NaN,NaN,NaN,NaN,NaN,NaN,NaN,NaN,NaN,NaN,NaN,NaN,NaN,NaN,NaN,NaN,NaN,
37.862,0.01940,-0.01225,0.12947,-0.45354,0.00244,-0.32201,0.83103,NaN,NaN,NaN,NaN,NaN,NaN,NaN,NaN,NaN,NaN,NaN,NaN,NaN,NaN,NaN,NaN,NaN,NaN,NaN,NaN,NaN,
37.890,0.01923,-0.01262,0.12954,-0.45054,-0.00200,-0.32225,0.83256,NaN,NaN,NaN,NaN,NaN,NaN,NaN,NaN,NaN,NaN,NaN,NaN,NaN,NaN,NaN,NaN,NaN,NaN,NaN,NaN,NaN,
37.912,0.01923,-0.01262,0.12954,-0.45054,-0.00200,-0.32225,0.83256,NaN,NaN,NaN,NaN,NaN,NaN,NaN,NaN,NaN,NaN,NaN,NaN,NaN,NaN,NaN,NaN,NaN,NaN,NaN,NaN,NaN,
37.938,0.01999,-0.01282,0.12950,-0.45144,0.00648,-0.32733,0.83007,NaN,NaN,NaN,NaN,NaN,NaN,NaN,NaN,NaN,NaN,NaN,NaN,NaN,NaN,NaN,NaN,NaN,NaN,NaN,NaN,NaN,
37.962,0.01999,-0.01282,0.12950,-0.45144,0.00648,-0.32733,0.83007,NaN,NaN,NaN,NaN,NaN,NaN,NaN,NaN,NaN,NaN,NaN,NaN,NaN,NaN,NaN,NaN,NaN,NaN,NaN,NaN,NaN,
37.987,0.01985,-0.01281,0.12938,-0.45134,0.00718,-0.32794,0.82987,NaN,NaN,NaN,NaN,NaN,NaN,NaN,NaN,NaN,NaN,NaN,NaN,NaN,NaN,NaN,NaN,NaN,NaN,NaN,NaN,NaN,
38.012,0.01995,-0.01302,0.12947,-0.44991,0.00649,-0.32909,0.83020,NaN,NaN,NaN,NaN,NaN,NaN,NaN,NaN,NaN,NaN,NaN,NaN,NaN,NaN,NaN,NaN,NaN,NaN,NaN,NaN,NaN,
38.038,0.01976,-0.01317,0.12949,-0.44832,0.00413,-0.32922,0.83103,NaN,NaN,NaN,NaN,NaN,NaN,NaN,NaN,NaN,NaN,NaN,NaN,NaN,NaN,NaN,NaN,NaN,NaN,NaN,NaN,NaN,
38.062,0.01976,-0.01317,0.12949,-0.44832,0.00413,-0.32922,0.83103,NaN,NaN,NaN,NaN,NaN,NaN,NaN,NaN,NaN,NaN,NaN,NaN,NaN,NaN,NaN,NaN,NaN,NaN,NaN,NaN,NaN,
38.087,0.01977,-0.01316,0.12943,-0.44805,0.00352,-0.32909,0.83123,NaN,NaN,NaN,NaN,NaN,NaN,NaN,NaN,NaN,NaN,NaN,NaN,NaN,NaN,NaN,NaN,NaN,NaN,NaN,NaN,NaN,
38.112,0.01965,-0.01350,0.12950,-0.44533,0.00032,-0.32990,0.83237,NaN,NaN,NaN,NaN,NaN,NaN,NaN,NaN,NaN,NaN,NaN,NaN,NaN,NaN,NaN,NaN,NaN,NaN,NaN,NaN,NaN,
38.138,0.01959,-0.01367,0.12955,-0.44538,0.00041,-0.32991,0.83234,NaN,NaN,NaN,NaN,NaN,NaN,NaN,NaN,NaN,NaN,NaN,NaN,NaN,NaN,NaN,NaN,NaN,NaN,NaN,NaN,NaN,
38.162,0.01943,-0.01374,0.12947,-0.44268,-0.00345,-0.33021,0.83366,NaN,NaN,NaN,NaN,NaN,NaN,NaN,NaN,NaN,NaN,NaN,NaN,NaN,NaN,NaN,NaN,NaN,NaN,NaN,NaN,NaN,
38.187,0.01943,-0.01374,0.12947,-0.44268,-0.00345,-0.33021,0.83366,NaN,NaN,NaN,NaN,NaN,NaN,NaN,NaN,NaN,NaN,NaN,NaN,NaN,NaN,NaN,NaN,NaN,NaN,NaN,NaN,NaN,
38.213,0.01935,-0.01402,0.12964,-0.44185,-0.00438,-0.33048,0.83399,NaN,NaN,NaN,NaN,NaN,NaN,NaN,NaN,NaN,NaN,NaN,NaN,NaN,NaN,NaN,NaN,NaN,NaN,NaN,NaN,NaN,
38.238,0.01924,-0.01410,0.12968,-0.44060,-0.00606,-0.33069,0.83456,NaN,NaN,NaN,NaN,NaN,NaN,NaN,NaN,NaN,NaN,NaN,NaN,NaN,NaN,NaN,NaN,NaN,NaN,NaN,NaN,NaN,
38.262,0.01923,-0.01421,0.12970,-0.44011,-0.00675,-0.33074,0.83478,NaN,NaN,NaN,NaN,NaN,NaN,NaN,NaN,NaN,NaN,NaN,NaN,NaN,NaN,NaN,NaN,NaN,NaN,NaN,NaN,NaN,
38.288,0.01915,-0.01429,0.12975,-0.43938,-0.00778,-0.33083,0.83513,NaN,NaN,NaN,NaN,NaN,NaN,NaN,NaN,NaN,NaN,NaN,NaN,NaN,NaN,NaN,NaN,NaN,NaN,NaN,NaN,NaN,
38.312,0.01915,-0.01429,0.12975,-0.43938,-0.00778,-0.33083,0.83513,NaN,NaN,NaN,NaN,NaN,NaN,NaN,NaN,NaN,NaN,NaN,NaN,NaN,NaN,NaN,NaN,NaN,NaN,NaN,NaN,NaN,
38.338,0.01907,-0.01443,0.12981,-0.43792,-0.00995,-0.33091,0.83584,NaN,NaN,NaN,NaN,NaN,NaN,NaN,NaN,NaN,NaN,NaN,NaN,NaN,NaN,NaN,NaN,NaN,NaN,NaN,NaN,NaN,
38.362,0.01907,-0.01443,0.12981,-0.43792,-0.00995,-0.33091,0.83584,NaN,NaN,NaN,NaN,NaN,NaN,NaN,NaN,NaN,NaN,NaN,NaN,NaN,NaN,NaN,NaN,NaN,NaN,NaN,NaN,NaN,
38.388,0.01902,-0.01456,0.12983,-0.43656,-0.01201,-0.33094,0.83651,NaN,NaN,NaN,NaN,NaN,NaN,NaN,NaN,NaN,NaN,NaN,NaN,NaN,NaN,NaN,NaN,NaN,NaN,NaN,NaN,NaN,
38.412,0.01902,-0.01456,0.12983,-0.43656,-0.01201,-0.33094,0.83651,NaN,NaN,NaN,NaN,NaN,NaN,NaN,NaN,NaN,NaN,NaN,NaN,NaN,NaN,NaN,NaN,NaN,NaN,NaN,NaN,NaN,
38.438,0.01885,-0.01472,0.12981,-0.43493,-0.01441,-0.33103,0.83728,NaN,NaN,NaN,NaN,NaN,NaN,NaN,NaN,NaN,NaN,NaN,NaN,NaN,NaN,NaN,NaN,NaN,NaN,NaN,NaN,NaN,
38.463,0.01887,-0.01485,0.12987,-0.43452,-0.01405,-0.33176,0.83721,NaN,NaN,NaN,NaN,NaN,NaN,NaN,NaN,NaN,NaN,NaN,NaN,NaN,NaN,NaN,NaN,NaN,NaN,NaN,NaN,NaN,
38.488,0.01878,-0.01492,0.12983,-0.43428,-0.01481,-0.33148,0.83744,NaN,NaN,NaN,NaN,NaN,NaN,NaN,NaN,NaN,NaN,NaN,NaN,NaN,NaN,NaN,NaN,NaN,NaN,NaN,NaN,NaN,
38.512,0.01871,-0.01502,0.12990,-0.43313,-0.01608,-0.33184,0.83787,NaN,NaN,NaN,NaN,NaN,NaN,NaN,NaN,NaN,NaN,NaN,NaN,NaN,NaN,NaN,NaN,NaN,NaN,NaN,NaN,NaN,
38.538,0.01874,-0.01510,0.12998,-0.43225,-0.01682,-0.33229,0.83813,NaN,NaN,NaN,NaN,NaN,NaN,NaN,NaN,NaN,NaN,NaN,NaN,NaN,NaN,NaN,NaN,NaN,NaN,NaN,NaN,NaN,
38.562,0.01874,-0.01510,0.12998,-0.43225,-0.01682,-0.33229,0.83813,NaN,NaN,NaN,NaN,NaN,NaN,NaN,NaN,NaN,NaN,NaN,NaN,NaN,NaN,NaN,NaN,NaN,NaN,NaN,NaN,NaN,
38.587,0.01871,-0.01514,0.12997,-0.43220,-0.01731,-0.33200,0.83826,NaN,NaN,NaN,NaN,NaN,NaN,NaN,NaN,NaN,NaN,NaN,NaN,NaN,NaN,NaN,NaN,NaN,NaN,NaN,NaN,NaN,
38.612,0.01860,-0.01527,0.12998,-0.43144,-0.01869,-0.33183,0.83869,NaN,NaN,NaN,NaN,NaN,NaN,NaN,NaN,NaN,NaN,NaN,NaN,NaN,NaN,NaN,NaN,NaN,NaN,NaN,NaN,NaN,
38.637,0.01860,-0.01527,0.12998,-0.43144,-0.01869,-0.33183,0.83869,NaN,NaN,NaN,NaN,NaN,NaN,NaN,NaN,NaN,NaN,NaN,NaN,NaN,NaN,NaN,NaN,NaN,NaN,NaN,NaN,NaN,
38.662,0.01857,-0.01541,0.13004,-0.43023,-0.01978,-0.33239,0.83906,NaN,NaN,NaN,NaN,NaN,NaN,NaN,NaN,NaN,NaN,NaN,NaN,NaN,NaN,NaN,NaN,NaN,NaN,NaN,NaN,NaN,
38.688,0.01837,-0.01558,0.12998,-0.42887,-0.02161,-0.33258,0.83964,NaN,NaN,NaN,NaN,NaN,NaN,NaN,NaN,NaN,NaN,NaN,NaN,NaN,NaN,NaN,NaN,NaN,NaN,NaN,NaN,NaN,
38.712,0.01837,-0.01571,0.13003,-0.42826,-0.02197,-0.33299,0.83978,NaN,NaN,NaN,NaN,NaN,NaN,NaN,NaN,NaN,NaN,NaN,NaN,NaN,NaN,NaN,NaN,NaN,NaN,NaN,NaN,NaN,
38.738,0.01844,-0.01577,0.13007,-0.42743,-0.02249,-0.33355,0.83997,NaN,NaN,NaN,NaN,NaN,NaN,NaN,NaN,NaN,NaN,NaN,NaN,NaN,NaN,NaN,NaN,NaN,NaN,NaN,NaN,NaN,
38.762,0.01844,-0.01577,0.13007,-0.42743,-0.02249,-0.33355,0.83997,NaN,NaN,NaN,NaN,NaN,NaN,NaN,NaN,NaN,NaN,NaN,NaN,NaN,NaN,NaN,NaN,NaN,NaN,NaN,NaN,NaN,
38.787,0.01836,-0.01578,0.13005,-0.42705,-0.02310,-0.33352,0.84015,NaN,NaN,NaN,NaN,NaN,NaN,NaN,NaN,NaN,NaN,NaN,NaN,NaN,NaN,NaN,NaN,NaN,NaN,NaN,NaN,NaN,
38.812,0.01830,-0.01581,0.13005,-0.42683,-0.02345,-0.33351,0.84026,NaN,NaN,NaN,NaN,NaN,NaN,NaN,NaN,NaN,NaN,NaN,NaN,NaN,NaN,NaN,NaN,NaN,NaN,NaN,NaN,NaN,
38.838,0.01825,-0.01598,0.13009,-0.42576,-0.02471,-0.33378,0.84066,NaN,NaN,NaN,NaN,NaN,NaN,NaN,NaN,NaN,NaN,NaN,NaN,NaN,NaN,NaN,NaN,NaN,NaN,NaN,NaN,NaN,
38.862,0.01825,-0.01598,0.13009,-0.42576,-0.02471,-0.33378,0.84066,NaN,NaN,NaN,NaN,NaN,NaN,NaN,NaN,NaN,NaN,NaN,NaN,NaN,NaN,NaN,NaN,NaN,NaN,NaN,NaN,NaN,
38.888,0.01814,-0.01602,0.13005,-0.42517,-0.02570,-0.33371,0.84096,NaN,NaN,NaN,NaN,NaN,NaN,NaN,NaN,NaN,NaN,NaN,NaN,NaN,NaN,NaN,NaN,NaN,NaN,NaN,NaN,NaN,
38.912,0.01814,-0.01602,0.13005,-0.42517,-0.02570,-0.33371,0.84096,NaN,NaN,NaN,NaN,NaN,NaN,NaN,NaN,NaN,NaN,NaN,NaN,NaN,NaN,NaN,NaN,NaN,NaN,NaN,NaN,NaN,
38.938,0.01807,-0.01623,0.13014,-0.42356,-0.02764,-0.33407,0.84156,NaN,NaN,NaN,NaN,NaN,NaN,NaN,NaN,NaN,NaN,NaN,NaN,NaN,NaN,NaN,NaN,NaN,NaN,NaN,NaN,NaN,
38.962,0.01817,-0.01630,0.13013,-0.42272,-0.02841,-0.33444,0.84181,NaN,NaN,NaN,NaN,NaN,NaN,NaN,NaN,NaN,NaN,NaN,NaN,NaN,NaN,NaN,NaN,NaN,NaN,NaN,NaN,NaN,
38.987,0.01817,-0.01630,0.13013,-0.42272,-0.02841,-0.33444,0.84181,NaN,NaN,NaN,NaN,NaN,NaN,NaN,NaN,NaN,NaN,NaN,NaN,NaN,NaN,NaN,NaN,NaN,NaN,NaN,NaN,NaN,
39.012,0.01774,-0.01654,0.13011,-0.42099,-0.03139,-0.33415,0.84269,NaN,NaN,NaN,NaN,NaN,NaN,NaN,NaN,NaN,NaN,NaN,NaN,NaN,NaN,NaN,NaN,NaN,NaN,NaN,NaN,NaN,
39.038,0.01771,-0.01668,0.13017,-0.41950,-0.03338,-0.33433,0.84328,NaN,NaN,NaN,NaN,NaN,NaN,NaN,NaN,NaN,NaN,NaN,NaN,NaN,NaN,NaN,NaN,NaN,NaN,NaN,NaN,NaN,
39.062,0.01771,-0.01668,0.13017,-0.41950,-0.03338,-0.33433,0.84328,NaN,NaN,NaN,NaN,NaN,NaN,NaN,NaN,NaN,NaN,NaN,NaN,NaN,NaN,NaN,NaN,NaN,NaN,NaN,NaN,NaN,
39.087,0.01756,-0.01676,0.13017,-0.41885,-0.03508,-0.33379,0.84375,NaN,NaN,NaN,NaN,NaN,NaN,NaN,NaN,NaN,NaN,NaN,NaN,NaN,NaN,NaN,NaN,NaN,NaN,NaN,NaN,NaN,
39.112,0.01749,-0.01696,0.13026,-0.41747,-0.03719,-0.33375,0.84436,NaN,NaN,NaN,NaN,NaN,NaN,NaN,NaN,NaN,NaN,NaN,NaN,NaN,NaN,NaN,NaN,NaN,NaN,NaN,NaN,NaN,
39.138,0.01734,-0.01709,0.13029,-0.41611,-0.03923,-0.33372,0.84495,NaN,NaN,NaN,NaN,NaN,NaN,NaN,NaN,NaN,NaN,NaN,NaN,NaN,NaN,NaN,NaN,NaN,NaN,NaN,NaN,NaN,
39.162,0.01726,-0.01721,0.13028,-0.41444,-0.04161,-0.33379,0.84563,NaN,NaN,NaN,NaN,NaN,NaN,NaN,NaN,NaN,NaN,NaN,NaN,NaN,NaN,NaN,NaN,NaN,NaN,NaN,NaN,NaN,
39.188,0.01710,-0.01729,0.13028,-0.41371,-0.04261,-0.33384,0.84592,NaN,NaN,NaN,NaN,NaN,NaN,NaN,NaN,NaN,NaN,NaN,NaN,NaN,NaN,NaN,NaN,NaN,NaN,NaN,NaN,NaN,
39.212,0.01710,-0.01729,0.13028,-0.41371,-0.04261,-0.33384,0.84592,NaN,NaN,NaN,NaN,NaN,NaN,NaN,NaN,NaN,NaN,NaN,NaN,NaN,NaN,NaN,NaN,NaN,NaN,NaN,NaN,NaN,
39.237,0.01744,-0.01750,0.13044,-0.41244,-0.03897,-0.33799,0.84507,NaN,NaN,NaN,NaN,NaN,NaN,NaN,NaN,NaN,NaN,NaN,NaN,NaN,NaN,NaN,NaN,NaN,NaN,NaN,NaN,NaN,
39.263,0.01855,-0.01766,0.13022,-0.41587,-0.02286,-0.34613,0.84067,NaN,NaN,NaN,NaN,NaN,NaN,NaN,NaN,NaN,NaN,NaN,NaN,NaN,NaN,NaN,NaN,NaN,NaN,NaN,NaN,NaN,
39.288,0.01831,-0.01767,0.13014,-0.41487,-0.02518,-0.34554,0.84134,NaN,NaN,NaN,NaN,NaN,NaN,NaN,NaN,NaN,NaN,NaN,NaN,NaN,NaN,NaN,NaN,NaN,NaN,NaN,NaN,NaN,
39.312,0.01831,-0.01767,0.13014,-0.41487,-0.02518,-0.34554,0.84134,NaN,NaN,NaN,NaN,NaN,NaN,NaN,NaN,NaN,NaN,NaN,NaN,NaN,NaN,NaN,NaN,NaN,NaN,NaN,NaN,NaN,
39.337,0.01829,-0.01772,0.13014,-0.41373,-0.02606,-0.34613,0.84163,NaN,NaN,NaN,NaN,NaN,NaN,NaN,NaN,NaN,NaN,NaN,NaN,NaN,NaN,NaN,NaN,NaN,NaN,NaN,NaN,NaN,
39.363,0.01845,-0.01789,0.13017,-0.41342,-0.02448,-0.34764,0.84121,NaN,NaN,NaN,NaN,NaN,NaN,NaN,NaN,NaN,NaN,NaN,NaN,NaN,NaN,NaN,NaN,NaN,NaN,NaN,NaN,NaN,
39.388,0.01842,-0.01786,0.13008,-0.41367,-0.02403,-0.34770,0.84108,NaN,NaN,NaN,NaN,NaN,NaN,NaN,NaN,NaN,NaN,NaN,NaN,NaN,NaN,NaN,NaN,NaN,NaN,NaN,NaN,NaN,
39.412,0.01843,-0.01798,0.13017,-0.41334,-0.02301,-0.34880,0.84081,NaN,NaN,NaN,NaN,NaN,NaN,NaN,NaN,NaN,NaN,NaN,NaN,NaN,NaN,NaN,NaN,NaN,NaN,NaN,NaN,NaN,
39.438,0.01844,-0.01793,0.13013,-0.41313,-0.02340,-0.34874,0.84093,NaN,NaN,NaN,NaN,NaN,NaN,NaN,NaN,NaN,NaN,NaN,NaN,NaN,NaN,NaN,NaN,NaN,NaN,NaN,NaN,NaN,
39.462,0.01844,-0.01793,0.13013,-0.41313,-0.02340,-0.34874,0.84093,NaN,NaN,NaN,NaN,NaN,NaN,NaN,NaN,NaN,NaN,NaN,NaN,NaN,NaN,NaN,NaN,NaN,NaN,NaN,NaN,NaN,
39.487,0.01842,-0.01816,0.13022,-0.41121,-0.02518,-0.34954,0.84148,NaN,NaN,NaN,NaN,NaN,NaN,NaN,NaN,NaN,NaN,NaN,NaN,NaN,NaN,NaN,NaN,NaN,NaN,NaN,NaN,NaN,
39.512,0.01813,-0.01835,0.13018,-0.40939,-0.02831,-0.34925,0.84239,NaN,NaN,NaN,NaN,NaN,NaN,NaN,NaN,NaN,NaN,NaN,NaN,NaN,NaN,NaN,NaN,NaN,NaN,NaN,NaN,NaN,
39.538,0.01798,-0.01847,0.13020,-0.40888,-0.02940,-0.34901,0.84270,NaN,NaN,NaN,NaN,NaN,NaN,NaN,NaN,NaN,NaN,NaN,NaN,NaN,NaN,NaN,NaN,NaN,NaN,NaN,NaN,NaN,
39.562,0.01798,-0.01847,0.13020,-0.40888,-0.02940,-0.34901,0.84270,NaN,NaN,NaN,NaN,NaN,NaN,NaN,NaN,NaN,NaN,NaN,NaN,NaN,NaN,NaN,NaN,NaN,NaN,NaN,NaN,NaN,
39.588,0.01806,-0.01860,0.13022,-0.40766,-0.03101,-0.34916,0.84317,NaN,NaN,NaN,NaN,NaN,NaN,NaN,NaN,NaN,NaN,NaN,NaN,NaN,NaN,NaN,NaN,NaN,NaN,NaN,NaN,NaN,
39.613,0.01765,-0.01875,0.13008,-0.40585,-0.03464,-0.34845,0.84420,NaN,NaN,NaN,NaN,NaN,NaN,NaN,NaN,NaN,NaN,NaN,NaN,NaN,NaN,NaN,NaN,NaN,NaN,NaN,NaN,NaN,
39.638,0.01753,-0.01898,0.13025,-0.40492,-0.03565,-0.34872,0.84449,NaN,NaN,NaN,NaN,NaN,NaN,NaN,NaN,NaN,NaN,NaN,NaN,NaN,NaN,NaN,NaN,NaN,NaN,NaN,NaN,NaN,
39.662,0.01757,-0.01911,0.13032,-0.40421,-0.03491,-0.35004,0.84431,NaN,NaN,NaN,NaN,NaN,NaN,NaN,NaN,NaN,NaN,NaN,NaN,NaN,NaN,NaN,NaN,NaN,NaN,NaN,NaN,NaN,
39.688,0.01783,-0.01929,0.13029,-0.40441,-0.03210,-0.35189,0.84356,NaN,NaN,NaN,NaN,NaN,NaN,NaN,NaN,NaN,NaN,NaN,NaN,NaN,NaN,NaN,NaN,NaN,NaN,NaN,NaN,NaN,
39.712,0.01775,-0.01930,0.13028,-0.40405,-0.03201,-0.35235,0.84355,NaN,NaN,NaN,NaN,NaN,NaN,NaN,NaN,NaN,NaN,NaN,NaN,NaN,NaN,NaN,NaN,NaN,NaN,NaN,NaN,NaN,
39.738,0.01778,-0.01931,0.13028,-0.40288,-0.03325,-0.35271,0.84391,NaN,NaN,NaN,NaN,NaN,NaN,NaN,NaN,NaN,NaN,NaN,NaN,NaN,NaN,NaN,NaN,NaN,NaN,NaN,NaN,NaN,
39.762,0.01778,-0.01931,0.13028,-0.40288,-0.03325,-0.35271,0.84391,NaN,NaN,NaN,NaN,NaN,NaN,NaN,NaN,NaN,NaN,NaN,NaN,NaN,NaN,NaN,NaN,NaN,NaN,NaN,NaN,NaN,
39.788,0.01754,-0.01949,0.13026,-0.40156,-0.03517,-0.35272,0.84445,NaN,NaN,NaN,NaN,NaN,NaN,NaN,NaN,NaN,NaN,NaN,NaN,NaN,NaN,NaN,NaN,NaN,NaN,NaN,NaN,NaN,
39.812,0.01754,-0.01949,0.13026,-0.40156,-0.03517,-0.35272,0.84445,NaN,NaN,NaN,NaN,NaN,NaN,NaN,NaN,NaN,NaN,NaN,NaN,NaN,NaN,NaN,NaN,NaN,NaN,NaN,NaN,NaN,
39.837,0.01737,-0.01958,0.13028,-0.40079,-0.03673,-0.35241,0.84488,NaN,NaN,NaN,NaN,NaN,NaN,NaN,NaN,NaN,NaN,NaN,NaN,NaN,NaN,NaN,NaN,NaN,NaN,NaN,NaN,NaN,
39.862,0.01768,-0.01991,0.13051,-0.39784,-0.03570,-0.35636,0.84467,NaN,NaN,NaN,NaN,NaN,NaN,NaN,NaN,NaN,NaN,NaN,NaN,NaN,NaN,NaN,NaN,NaN,NaN,NaN,NaN,NaN,
39.888,0.01800,-0.01999,0.13034,-0.40145,-0.02837,-0.35783,0.84261,NaN,NaN,NaN,NaN,NaN,NaN,NaN,NaN,NaN,NaN,NaN,NaN,NaN,NaN,NaN,NaN,NaN,NaN,NaN,NaN,NaN,
39.912,0.01800,-0.01999,0.13034,-0.40145,-0.02837,-0.35783,0.84261,NaN,NaN,NaN,NaN,NaN,NaN,NaN,NaN,NaN,NaN,NaN,NaN,NaN,NaN,NaN,NaN,NaN,NaN,NaN,NaN,NaN,
39.937,0.01818,-0.01990,0.13031,-0.40030,-0.02723,-0.35989,0.84231,NaN,NaN,NaN,NaN,NaN,NaN,NaN,NaN,NaN,NaN,NaN,NaN,NaN,NaN,NaN,NaN,NaN,NaN,NaN,NaN,NaN,
39.962,0.01809,-0.01990,0.13021,-0.39992,-0.02817,-0.35962,0.84258,NaN,NaN,NaN,NaN,NaN,NaN,NaN,NaN,NaN,NaN,NaN,NaN,NaN,NaN,NaN,NaN,NaN,NaN,NaN,NaN,NaN,
39.988,0.01787,-0.02013,0.13033,-0.39777,-0.03102,-0.35985,0.84340,NaN,NaN,NaN,NaN,NaN,NaN,NaN,NaN,NaN,NaN,NaN,NaN,NaN,NaN,NaN,NaN,NaN,NaN,NaN,NaN,NaN,
40.012,0.01787,-0.02013,0.13033,-0.39777,-0.03102,-0.35985,0.84340,NaN,NaN,NaN,NaN,NaN,NaN,NaN,NaN,NaN,NaN,NaN,NaN,NaN,NaN,NaN,NaN,NaN,NaN,NaN,NaN,NaN,
40.038,0.01770,-0.02040,0.13048,-0.39629,-0.03324,-0.35983,0.84402,NaN,NaN,NaN,NaN,NaN,NaN,NaN,NaN,NaN,NaN,NaN,NaN,NaN,NaN,NaN,NaN,NaN,NaN,NaN,NaN,NaN,
40.062,0.01770,-0.02040,0.13048,-0.39629,-0.03324,-0.35983,0.84402,NaN,NaN,NaN,NaN,NaN,NaN,NaN,NaN,NaN,NaN,NaN,NaN,NaN,NaN,NaN,NaN,NaN,NaN,NaN,NaN,NaN,
40.088,0.01795,-0.02047,0.13038,-0.39679,-0.02996,-0.36169,0.84312,NaN,NaN,NaN,NaN,NaN,NaN,NaN,NaN,NaN,NaN,NaN,NaN,NaN,NaN,NaN,NaN,NaN,NaN,NaN,NaN,NaN,
40.112,0.01791,-0.02055,0.13041,-0.39591,-0.02995,-0.36263,0.84312,NaN,NaN,NaN,NaN,NaN,NaN,NaN,NaN,NaN,NaN,NaN,NaN,NaN,NaN,NaN,NaN,NaN,NaN,NaN,NaN,NaN,
40.138,0.01784,-0.02059,0.13039,-0.39591,-0.03021,-0.36245,0.84320,NaN,NaN,NaN,NaN,NaN,NaN,NaN,NaN,NaN,NaN,NaN,NaN,NaN,NaN,NaN,NaN,NaN,NaN,NaN,NaN,NaN,
40.162,0.01766,-0.02075,0.13040,-0.39407,-0.03231,-0.36288,0.84379,NaN,NaN,NaN,NaN,NaN,NaN,NaN,NaN,NaN,NaN,NaN,NaN,NaN,NaN,NaN,NaN,NaN,NaN,NaN,NaN,NaN,
40.188,0.01758,-0.02088,0.13051,-0.39291,-0.03400,-0.36289,0.84426,NaN,NaN,NaN,NaN,NaN,NaN,NaN,NaN,NaN,NaN,NaN,NaN,NaN,NaN,NaN,NaN,NaN,NaN,NaN,NaN,NaN,
40.213,0.01763,-0.02097,0.13055,-0.39230,-0.03476,-0.36298,0.84447,NaN,NaN,NaN,NaN,NaN,NaN,NaN,NaN,NaN,NaN,NaN,NaN,NaN,NaN,NaN,NaN,NaN,NaN,NaN,NaN,NaN,
40.238,0.01775,-0.02099,0.13049,-0.39214,-0.03292,-0.36449,0.84397,NaN,NaN,NaN,NaN,NaN,NaN,NaN,NaN,NaN,NaN,NaN,NaN,NaN,NaN,NaN,NaN,NaN,NaN,NaN,NaN,NaN,
40.262,0.01775,-0.02099,0.13049,-0.39214,-0.03292,-0.36449,0.84397,NaN,NaN,NaN,NaN,NaN,NaN,NaN,NaN,NaN,NaN,NaN,NaN,NaN,NaN,NaN,NaN,NaN,NaN,NaN,NaN,NaN,
40.288,0.01818,-0.02111,0.13041,-0.39242,-0.02618,-0.36908,0.84208,NaN,NaN,NaN,NaN,NaN,NaN,NaN,NaN,NaN,NaN,NaN,NaN,NaN,NaN,NaN,NaN,NaN,NaN,NaN,NaN,NaN,
40.312,0.01818,-0.02111,0.13041,-0.39242,-0.02618,-0.36908,0.84208,NaN,NaN,NaN,NaN,NaN,NaN,NaN,NaN,NaN,NaN,NaN,NaN,NaN,NaN,NaN,NaN,NaN,NaN,NaN,NaN,NaN,
40.338,0.01777,-0.02135,0.13046,-0.39036,-0.02950,-0.36887,0.84302,NaN,NaN,NaN,NaN,NaN,NaN,NaN,NaN,NaN,NaN,NaN,NaN,NaN,NaN,NaN,NaN,NaN,NaN,NaN,NaN,NaN,
40.362,0.01777,-0.02135,0.13046,-0.39036,-0.02950,-0.36887,0.84302,NaN,NaN,NaN,NaN,NaN,NaN,NaN,NaN,NaN,NaN,NaN,NaN,NaN,NaN,NaN,NaN,NaN,NaN,NaN,NaN,NaN,
40.388,0.01767,-0.02144,0.13052,-0.38921,-0.03097,-0.36902,0.84343,NaN,NaN,NaN,NaN,NaN,NaN,NaN,NaN,NaN,NaN,NaN,NaN,NaN,NaN,NaN,NaN,NaN,NaN,NaN,NaN,NaN,
40.412,0.01767,-0.02144,0.13052,-0.38921,-0.03097,-0.36902,0.84343,NaN,NaN,NaN,NaN,NaN,NaN,NaN,NaN,NaN,NaN,NaN,NaN,NaN,NaN,NaN,NaN,NaN,NaN,NaN,NaN,NaN,
40.438,0.01775,-0.02158,0.13051,-0.38880,-0.03014,-0.37005,0.84320,NaN,NaN,NaN,NaN,NaN,NaN,NaN,NaN,NaN,NaN,NaN,NaN,NaN,NaN,NaN,NaN,NaN,NaN,NaN,NaN,NaN,
40.463,0.01757,-0.02172,0.13051,-0.38766,-0.03181,-0.37005,0.84366,NaN,NaN,NaN,NaN,NaN,NaN,NaN,NaN,NaN,NaN,NaN,NaN,NaN,NaN,NaN,NaN,NaN,NaN,NaN,NaN,NaN,
40.488,0.01745,-0.02184,0.13056,-0.38693,-0.03293,-0.37002,0.84397,NaN,NaN,NaN,NaN,NaN,NaN,NaN,NaN,NaN,NaN,NaN,NaN,NaN,NaN,NaN,NaN,NaN,NaN,NaN,NaN,NaN,
40.512,0.01745,-0.02184,0.13056,-0.38693,-0.03293,-0.37002,0.84397,NaN,NaN,NaN,NaN,NaN,NaN,NaN,NaN,NaN,NaN,NaN,NaN,NaN,NaN,NaN,NaN,NaN,NaN,NaN,NaN,NaN,
40.538,0.01735,-0.02196,0.13064,-0.38528,-0.03509,-0.37019,0.84456,NaN,NaN,NaN,NaN,NaN,NaN,NaN,NaN,NaN,NaN,NaN,NaN,NaN,NaN,NaN,NaN,NaN,NaN,NaN,NaN,NaN,
40.562,0.01730,-0.02203,0.13066,-0.38489,-0.03588,-0.37003,0.84478,NaN,NaN,NaN,NaN,NaN,NaN,NaN,NaN,NaN,NaN,NaN,NaN,NaN,NaN,NaN,NaN,NaN,NaN,NaN,NaN,NaN,
40.588,0.01719,-0.02209,0.13067,-0.38407,-0.03706,-0.37004,0.84510,NaN,NaN,NaN,NaN,NaN,NaN,NaN,NaN,NaN,NaN,NaN,NaN,NaN,NaN,NaN,NaN,NaN,NaN,NaN,NaN,NaN,
40.612,0.01722,-0.02217,0.13071,-0.38366,-0.03723,-0.37034,0.84514,NaN,NaN,NaN,NaN,NaN,NaN,NaN,NaN,NaN,NaN,NaN,NaN,NaN,NaN,NaN,NaN,NaN,NaN,NaN,NaN,NaN,
40.638,0.01713,-0.02222,0.13070,-0.38315,-0.03785,-0.37043,0.84531,NaN,NaN,NaN,NaN,NaN,NaN,NaN,NaN,NaN,NaN,NaN,NaN,NaN,NaN,NaN,NaN,NaN,NaN,NaN,NaN,NaN,
40.662,0.01713,-0.02222,0.13070,-0.38315,-0.03785,-0.37043,0.84531,NaN,NaN,NaN,NaN,NaN,NaN,NaN,NaN,NaN,NaN,NaN,NaN,NaN,NaN,NaN,NaN,NaN,NaN,NaN,NaN,NaN,
40.688,0.01753,-0.02234,0.13076,-0.38338,-0.03312,-0.37362,0.84400,NaN,NaN,NaN,NaN,NaN,NaN,NaN,NaN,NaN,NaN,NaN,NaN,NaN,NaN,NaN,NaN,NaN,NaN,NaN,NaN,NaN,
40.712,0.01742,-0.02234,0.13065,-0.38336,-0.03331,-0.37351,0.84405,NaN,NaN,NaN,NaN,NaN,NaN,NaN,NaN,NaN,NaN,NaN,NaN,NaN,NaN,NaN,NaN,NaN,NaN,NaN,NaN,NaN,
40.738,0.01730,-0.02248,0.13068,-0.38280,-0.03376,-0.37376,0.84417,NaN,NaN,NaN,NaN,NaN,NaN,NaN,NaN,NaN,NaN,NaN,NaN,NaN,NaN,NaN,NaN,NaN,NaN,NaN,NaN,NaN,
40.762,0.01730,-0.02248,0.13068,-0.38280,-0.03376,-0.37376,0.84417,NaN,NaN,NaN,NaN,NaN,NaN,NaN,NaN,NaN,NaN,NaN,NaN,NaN,NaN,NaN,NaN,NaN,NaN,NaN,NaN,NaN,
40.788,0.01732,-0.02253,0.13068,-0.38212,-0.03401,-0.37430,0.84423,NaN,NaN,NaN,NaN,NaN,NaN,NaN,NaN,NaN,NaN,NaN,NaN,NaN,NaN,NaN,NaN,NaN,NaN,NaN,NaN,NaN,
40.812,0.01730,-0.02251,0.13058,-0.38257,-0.03217,-0.37516,0.84372,NaN,NaN,NaN,NaN,NaN,NaN,NaN,NaN,NaN,NaN,NaN,NaN,NaN,NaN,NaN,NaN,NaN,NaN,NaN,NaN,NaN,
40.838,0.01778,-0.02274,0.13077,-0.38212,-0.02864,-0.37817,0.84271,NaN,NaN,NaN,NaN,NaN,NaN,NaN,NaN,NaN,NaN,NaN,NaN,NaN,NaN,NaN,NaN,NaN,NaN,NaN,NaN,NaN,
40.862,0.01763,-0.02278,0.13061,-0.38147,-0.02922,-0.37843,0.84286,NaN,NaN,NaN,NaN,NaN,NaN,NaN,NaN,NaN,NaN,NaN,NaN,NaN,NaN,NaN,NaN,NaN,NaN,NaN,NaN,NaN,
40.888,0.01762,-0.02291,0.13061,-0.38079,-0.02885,-0.37940,0.84274,NaN,NaN,NaN,NaN,NaN,NaN,NaN,NaN,NaN,NaN,NaN,NaN,NaN,NaN,NaN,NaN,NaN,NaN,NaN,NaN,NaN,
40.913,0.01755,-0.02303,0.13057,-0.38107,-0.02732,-0.38021,0.84231,NaN,NaN,NaN,NaN,NaN,NaN,NaN,NaN,NaN,NaN,NaN,NaN,NaN,NaN,NaN,NaN,NaN,NaN,NaN,NaN,NaN,
40.937,0.01755,-0.02303,0.13057,-0.38107,-0.02732,-0.38021,0.84231,NaN,NaN,NaN,NaN,NaN,NaN,NaN,NaN,NaN,NaN,NaN,NaN,NaN,NaN,NaN,NaN,NaN,NaN,NaN,NaN,NaN,
40.962,0.01799,-0.02311,0.13061,-0.38214,-0.02280,-0.38231,0.84100,NaN,NaN,NaN,NaN,NaN,NaN,NaN,NaN,NaN,NaN,NaN,NaN,NaN,NaN,NaN,NaN,NaN,NaN,NaN,NaN,NaN,
40.987,0.01774,-0.02322,0.13054,-0.38102,-0.02258,-0.38363,0.84092,NaN,NaN,NaN,NaN,NaN,NaN,NaN,NaN,NaN,NaN,NaN,NaN,NaN,NaN,NaN,NaN,NaN,NaN,NaN,NaN,NaN,
41.012,0.01797,-0.02329,0.13046,-0.38131,-0.01907,-0.38582,0.83987,NaN,NaN,NaN,NaN,NaN,NaN,NaN,NaN,NaN,NaN,NaN,NaN,NaN,NaN,NaN,NaN,NaN,NaN,NaN,NaN,NaN,
41.038,0.01791,-0.02325,0.13041,-0.38176,-0.01828,-0.38590,0.83965,NaN,NaN,NaN,NaN,NaN,NaN,NaN,NaN,NaN,NaN,NaN,NaN,NaN,NaN,NaN,NaN,NaN,NaN,NaN,NaN,NaN,
41.062,0.01791,-0.02325,0.13041,-0.38176,-0.01828,-0.38590,0.83965,NaN,NaN,NaN,NaN,NaN,NaN,NaN,NaN,NaN,NaN,NaN,NaN,NaN,NaN,NaN,NaN,NaN,NaN,NaN,NaN,NaN,
41.088,0.01794,-0.02359,0.13058,-0.37878,-0.01900,-0.38849,0.83979,NaN,NaN,NaN,NaN,NaN,NaN,NaN,NaN,NaN,NaN,NaN,NaN,NaN,NaN,NaN,NaN,NaN,NaN,NaN,NaN,NaN,
41.113,0.01795,-0.02361,0.13051,-0.37991,-0.01755,-0.38833,0.83938,NaN,NaN,NaN,NaN,NaN,NaN,NaN,NaN,NaN,NaN,NaN,NaN,NaN,NaN,NaN,NaN,NaN,NaN,NaN,NaN,NaN,
41.138,0.01799,-0.02369,0.13054,-0.37910,-0.01712,-0.38947,0.83923,NaN,NaN,NaN,NaN,NaN,NaN,NaN,NaN,NaN,NaN,NaN,NaN,NaN,NaN,NaN,NaN,NaN,NaN,NaN,NaN,NaN,
41.162,0.01746,-0.02363,0.13014,-0.38190,-0.01614,-0.38727,0.83900,NaN,NaN,NaN,NaN,NaN,NaN,NaN,NaN,NaN,NaN,NaN,NaN,NaN,NaN,NaN,NaN,NaN,NaN,NaN,NaN,NaN,
41.188,0.01795,-0.02383,0.13041,-0.37980,-0.01268,-0.39186,0.83788,NaN,NaN,NaN,NaN,NaN,NaN,NaN,NaN,NaN,NaN,NaN,NaN,NaN,NaN,NaN,NaN,NaN,NaN,NaN,NaN,NaN,
41.212,0.01795,-0.02383,0.13041,-0.37980,-0.01268,-0.39186,0.83788,NaN,NaN,NaN,NaN,NaN,NaN,NaN,NaN,NaN,NaN,NaN,NaN,NaN,NaN,NaN,NaN,NaN,NaN,NaN,NaN,NaN,
41.238,0.01825,-0.02404,0.13058,-0.37859,-0.01079,-0.39441,0.83725,NaN,NaN,NaN,NaN,NaN,NaN,NaN,NaN,NaN,NaN,NaN,NaN,NaN,NaN,NaN,NaN,NaN,NaN,NaN,NaN,NaN,
41.262,0.01814,-0.02411,0.13055,-0.37891,-0.01031,-0.39441,0.83712,NaN,NaN,NaN,NaN,NaN,NaN,NaN,NaN,NaN,NaN,NaN,NaN,NaN,NaN,NaN,NaN,NaN,NaN,NaN,NaN,NaN,
41.287,0.01814,-0.02411,0.13055,-0.37891,-0.01031,-0.39441,0.83712,NaN,NaN,NaN,NaN,NaN,NaN,NaN,NaN,NaN,NaN,NaN,NaN,NaN,NaN,NaN,NaN,NaN,NaN,NaN,NaN,NaN,
41.313,0.01810,-0.02428,0.13053,-0.37827,-0.00982,-0.39541,0.83694,NaN,NaN,NaN,NaN,NaN,NaN,NaN,NaN,NaN,NaN,NaN,NaN,NaN,NaN,NaN,NaN,NaN,NaN,NaN,NaN,NaN,
41.338,0.01808,-0.02438,0.13060,-0.37759,-0.00962,-0.39624,0.83685,NaN,NaN,NaN,NaN,NaN,NaN,NaN,NaN,NaN,NaN,NaN,NaN,NaN,NaN,NaN,NaN,NaN,NaN,NaN,NaN,NaN,
41.362,0.01806,-0.02444,0.13062,-0.37704,-0.00958,-0.39684,0.83682,NaN,NaN,NaN,NaN,NaN,NaN,NaN,NaN,NaN,NaN,NaN,NaN,NaN,NaN,NaN,NaN,NaN,NaN,NaN,NaN,NaN,
41.388,0.01807,-0.02448,0.13060,-0.37662,-0.00866,-0.39790,0.83651,NaN,NaN,NaN,NaN,NaN,NaN,NaN,NaN,NaN,NaN,NaN,NaN,NaN,NaN,NaN,NaN,NaN,NaN,NaN,NaN,NaN,
41.412,0.01841,-0.02456,0.13073,-0.37752,-0.00546,-0.39918,0.83553,NaN,NaN,NaN,NaN,NaN,NaN,NaN,NaN,NaN,NaN,NaN,NaN,NaN,NaN,NaN,NaN,NaN,NaN,NaN,NaN,NaN,
41.438,0.01819,-0.02454,0.13055,-0.37822,-0.00465,-0.39902,0.83529,NaN,NaN,NaN,NaN,NaN,NaN,NaN,NaN,NaN,NaN,NaN,NaN,NaN,NaN,NaN,NaN,NaN,NaN,NaN,NaN,NaN,
41.462,0.01819,-0.02454,0.13055,-0.37822,-0.00465,-0.39902,0.83529,NaN,NaN,NaN,NaN,NaN,NaN,NaN,NaN,NaN,NaN,NaN,NaN,NaN,NaN,NaN,NaN,NaN,NaN,NaN,NaN,NaN,
41.488,0.01836,-0.02472,0.13067,-0.37811,-0.00259,-0.40054,0.83462,NaN,NaN,NaN,NaN,NaN,NaN,NaN,NaN,NaN,NaN,NaN,NaN,NaN,NaN,NaN,NaN,NaN,NaN,NaN,NaN,NaN,
41.512,0.01824,-0.02483,0.13069,-0.37712,-0.00348,-0.40095,0.83487,NaN,NaN,NaN,NaN,NaN,NaN,NaN,NaN,NaN,NaN,NaN,NaN,NaN,NaN,NaN,NaN,NaN,NaN,NaN,NaN,NaN,
41.538,0.01817,-0.02483,0.13065,-0.37717,-0.00391,-0.40060,0.83501,NaN,NaN,NaN,NaN,NaN,NaN,NaN,NaN,NaN,NaN,NaN,NaN,NaN,NaN,NaN,NaN,NaN,NaN,NaN,NaN,NaN,
41.562,0.01817,-0.02483,0.13065,-0.37717,-0.00391,-0.40060,0.83501,NaN,NaN,NaN,NaN,NaN,NaN,NaN,NaN,NaN,NaN,NaN,NaN,NaN,NaN,NaN,NaN,NaN,NaN,NaN,NaN,NaN,
41.588,0.01819,-0.02498,0.13068,-0.37716,-0.00180,-0.40205,0.83433,NaN,NaN,NaN,NaN,NaN,NaN,NaN,NaN,NaN,NaN,NaN,NaN,NaN,NaN,NaN,NaN,NaN,NaN,NaN,NaN,NaN,
41.612,0.01820,-0.02506,0.13067,-0.37699,-0.00114,-0.40267,0.83411,NaN,NaN,NaN,NaN,NaN,NaN,NaN,NaN,NaN,NaN,NaN,NaN,NaN,NaN,NaN,NaN,NaN,NaN,NaN,NaN,NaN,
41.637,0.01820,-0.02506,0.13067,-0.37699,-0.00114,-0.40267,0.83411,NaN,NaN,NaN,NaN,NaN,NaN,NaN,NaN,NaN,NaN,NaN,NaN,NaN,NaN,NaN,NaN,NaN,NaN,NaN,NaN,NaN,
41.662,0.01815,-0.02519,0.13077,-0.37548,-0.00089,-0.40438,0.83396,NaN,NaN,NaN,NaN,NaN,NaN,NaN,NaN,NaN,NaN,NaN,NaN,NaN,NaN,NaN,NaN,NaN,NaN,NaN,NaN,NaN,
41.688,0.01827,-0.02529,0.13083,-0.37619,0.00061,-0.40467,0.83350,NaN,NaN,NaN,NaN,NaN,NaN,NaN,NaN,NaN,NaN,NaN,NaN,NaN,NaN,NaN,NaN,NaN,NaN,NaN,NaN,NaN,
41.712,0.01827,-0.02529,0.13083,-0.37619,0.00061,-0.40467,0.83350,NaN,NaN,NaN,NaN,NaN,NaN,NaN,NaN,NaN,NaN,NaN,NaN,NaN,NaN,NaN,NaN,NaN,NaN,NaN,NaN,NaN,
41.738,0.01818,-0.02539,0.13080,-0.37597,0.00152,-0.40552,0.83319,NaN,NaN,NaN,NaN,NaN,NaN,NaN,NaN,NaN,NaN,NaN,NaN,NaN,NaN,NaN,NaN,NaN,NaN,NaN,NaN,NaN,
41.762,0.01801,-0.02546,0.13071,-0.37635,0.00166,-0.40522,0.83316,NaN,NaN,NaN,NaN,NaN,NaN,NaN,NaN,NaN,NaN,NaN,NaN,NaN,NaN,NaN,NaN,NaN,NaN,NaN,NaN,NaN,
41.787,0.01801,-0.02546,0.13071,-0.37635,0.00166,-0.40522,0.83316,NaN,NaN,NaN,NaN,NaN,NaN,NaN,NaN,NaN,NaN,NaN,NaN,NaN,NaN,NaN,NaN,NaN,NaN,NaN,NaN,NaN,
41.812,0.01794,-0.02560,0.13076,-0.37520,0.00162,-0.40637,0.83312,NaN,NaN,NaN,NaN,NaN,NaN,NaN,NaN,NaN,NaN,NaN,NaN,NaN,NaN,NaN,NaN,NaN,NaN,NaN,NaN,NaN,
41.838,0.01793,-0.02568,0.13084,-0.37500,0.00220,-0.40696,0.83292,NaN,NaN,NaN,NaN,NaN,NaN,NaN,NaN,NaN,NaN,NaN,NaN,NaN,NaN,NaN,NaN,NaN,NaN,NaN,NaN,NaN,
41.862,0.01796,-0.02573,0.13086,-0.37494,0.00262,-0.40731,0.83278,NaN,NaN,NaN,NaN,NaN,NaN,NaN,NaN,NaN,NaN,NaN,NaN,NaN,NaN,NaN,NaN,NaN,NaN,NaN,NaN,NaN,
41.888,0.01790,-0.02574,0.13084,-0.37491,0.00282,-0.40747,0.83271,NaN,NaN,NaN,NaN,NaN,NaN,NaN,NaN,NaN,NaN,NaN,NaN,NaN,NaN,NaN,NaN,NaN,NaN,NaN,NaN,NaN,
41.913,0.01794,-0.02577,0.13090,-0.37517,0.00359,-0.40772,0.83246,NaN,NaN,NaN,NaN,NaN,NaN,NaN,NaN,NaN,NaN,NaN,NaN,NaN,NaN,NaN,NaN,NaN,NaN,NaN,NaN,NaN,
41.938,0.01800,-0.02576,0.13090,-0.37552,0.00423,-0.40780,0.83227,NaN,NaN,NaN,NaN,NaN,NaN,NaN,NaN,NaN,NaN,NaN,NaN,NaN,NaN,NaN,NaN,NaN,NaN,NaN,NaN,NaN,
41.962,0.01800,-0.02576,0.13090,-0.37552,0.00423,-0.40780,0.83227,NaN,NaN,NaN,NaN,NaN,NaN,NaN,NaN,NaN,NaN,NaN,NaN,NaN,NaN,NaN,NaN,NaN,NaN,NaN,NaN,NaN,
41.988,0.01805,-0.02576,0.13092,-0.37542,0.00496,-0.40839,0.83202,NaN,NaN,NaN,NaN,NaN,NaN,NaN,NaN,NaN,NaN,NaN,NaN,NaN,NaN,NaN,NaN,NaN,NaN,NaN,NaN,NaN,
42.012,0.01805,-0.02576,0.13092,-0.37542,0.00496,-0.40839,0.83202,NaN,NaN,NaN,NaN,NaN,NaN,NaN,NaN,NaN,NaN,NaN,NaN,NaN,NaN,NaN,NaN,NaN,NaN,NaN,NaN,NaN,
42.037,0.01802,-0.02576,0.13090,-0.37598,0.00559,-0.40824,0.83183,NaN,NaN,NaN,NaN,NaN,NaN,NaN,NaN,NaN,NaN,NaN,NaN,NaN,NaN,NaN,NaN,NaN,NaN,NaN,NaN,NaN,
42.062,0.01811,-0.02577,0.13093,-0.37615,0.00657,-0.40873,0.83151,NaN,NaN,NaN,NaN,NaN,NaN,NaN,NaN,NaN,NaN,NaN,NaN,NaN,NaN,NaN,NaN,NaN,NaN,NaN,NaN,NaN,
42.087,0.01799,-0.02560,0.13068,-0.37842,0.00851,-0.40771,0.83096,NaN,NaN,NaN,NaN,NaN,NaN,NaN,NaN,NaN,NaN,NaN,NaN,NaN,NaN,NaN,NaN,NaN,NaN,NaN,NaN,NaN,
42.112,0.01821,-0.02577,0.13083,-0.37862,0.01151,-0.40950,0.82995,NaN,NaN,NaN,NaN,NaN,NaN,NaN,NaN,NaN,NaN,NaN,NaN,NaN,NaN,NaN,NaN,NaN,NaN,NaN,NaN,NaN,
42.137,0.01821,-0.02577,0.13083,-0.37862,0.01151,-0.40950,0.82995,NaN,NaN,NaN,NaN,NaN,NaN,NaN,NaN,NaN,NaN,NaN,NaN,NaN,NaN,NaN,NaN,NaN,NaN,NaN,NaN,NaN,
42.162,0.01798,-0.02586,0.13078,-0.37739,0.00957,-0.40946,0.83056,NaN,NaN,NaN,NaN,NaN,NaN,NaN,NaN,NaN,NaN,NaN,NaN,NaN,NaN,NaN,NaN,NaN,NaN,NaN,NaN,NaN,
42.188,0.01796,-0.02600,0.13080,-0.37655,0.01050,-0.41094,0.83020,NaN,NaN,NaN,NaN,NaN,NaN,NaN,NaN,NaN,NaN,NaN,NaN,NaN,NaN,NaN,NaN,NaN,NaN,NaN,NaN,NaN,
42.212,0.01803,-0.02599,0.13078,-0.37805,0.01257,-0.41079,0.82956,NaN,NaN,NaN,NaN,NaN,NaN,NaN,NaN,NaN,NaN,NaN,NaN,NaN,NaN,NaN,NaN,NaN,NaN,NaN,NaN,NaN,
42.237,0.01803,-0.02599,0.13078,-0.37805,0.01257,-0.41079,0.82956,NaN,NaN,NaN,NaN,NaN,NaN,NaN,NaN,NaN,NaN,NaN,NaN,NaN,NaN,NaN,NaN,NaN,NaN,NaN,NaN,NaN,
42.262,0.01789,-0.02603,0.13068,-0.37809,0.01304,-0.41106,0.82940,NaN,NaN,NaN,NaN,NaN,NaN,NaN,NaN,NaN,NaN,NaN,NaN,NaN,NaN,NaN,NaN,NaN,NaN,NaN,NaN,NaN,
42.288,0.01770,-0.02612,0.13057,-0.37845,0.01322,-0.41082,0.82936,NaN,NaN,NaN,NaN,NaN,NaN,NaN,NaN,NaN,NaN,NaN,NaN,NaN,NaN,NaN,NaN,NaN,NaN,NaN,NaN,NaN,
42.312,0.01767,-0.02617,0.13056,-0.37827,0.01321,-0.41099,0.82935,NaN,NaN,NaN,NaN,NaN,NaN,NaN,NaN,NaN,NaN,NaN,NaN,NaN,NaN,NaN,NaN,NaN,NaN,NaN,NaN,NaN,
42.338,0.01767,-0.02615,0.13055,-0.37857,0.01363,-0.41097,0.82922,NaN,NaN,NaN,NaN,NaN,NaN,NaN,NaN,NaN,NaN,NaN,NaN,NaN,NaN,NaN,NaN,NaN,NaN,NaN,NaN,NaN,
42.362,0.01767,-0.02615,0.13055,-0.37857,0.01363,-0.41097,0.82922,NaN,NaN,NaN,NaN,NaN,NaN,NaN,NaN,NaN,NaN,NaN,NaN,NaN,NaN,NaN,NaN,NaN,NaN,NaN,NaN,NaN,
42.388,0.01761,-0.02623,0.13051,-0.37838,0.01406,-0.41144,0.82906,NaN,NaN,NaN,NaN,NaN,NaN,NaN,NaN,NaN,NaN,NaN,NaN,NaN,NaN,NaN,NaN,NaN,NaN,NaN,NaN,NaN,
42.412,0.01752,-0.02624,0.13048,-0.37841,0.01373,-0.41120,0.82918,NaN,NaN,NaN,NaN,NaN,NaN,NaN,NaN,NaN,NaN,NaN,NaN,NaN,NaN,NaN,NaN,NaN,NaN,NaN,NaN,NaN,
42.437,0.01752,-0.02624,0.13048,-0.37841,0.01373,-0.41120,0.82918,NaN,NaN,NaN,NaN,NaN,NaN,NaN,NaN,NaN,NaN,NaN,NaN,NaN,NaN,NaN,NaN,NaN,NaN,NaN,NaN,NaN,
42.463,0.01705,-0.02630,0.13028,-0.37741,0.01107,-0.41045,0.83004,NaN,NaN,NaN,NaN,NaN,NaN,NaN,NaN,NaN,NaN,NaN,NaN,NaN,NaN,NaN,NaN,NaN,NaN,NaN,NaN,NaN,
42.488,0.01698,-0.02643,0.13037,-0.37639,0.01047,-0.41109,0.83020,NaN,NaN,NaN,NaN,NaN,NaN,NaN,NaN,NaN,NaN,NaN,NaN,NaN,NaN,NaN,NaN,NaN,NaN,NaN,NaN,NaN,
42.512,0.01698,-0.02643,0.13037,-0.37639,0.01047,-0.41109,0.83020,NaN,NaN,NaN,NaN,NaN,NaN,NaN,NaN,NaN,NaN,NaN,NaN,NaN,NaN,NaN,NaN,NaN,NaN,NaN,NaN,NaN,
42.538,0.01653,-0.02679,0.13030,-0.37288,0.00580,-0.41152,0.83161,NaN,NaN,NaN,NaN,NaN,NaN,NaN,NaN,NaN,NaN,NaN,NaN,NaN,NaN,NaN,NaN,NaN,NaN,NaN,NaN,NaN,
42.562,0.01632,-0.02687,0.13023,-0.37172,0.00392,-0.41144,0.83218,NaN,NaN,NaN,NaN,NaN,NaN,NaN,NaN,NaN,NaN,NaN,NaN,NaN,NaN,NaN,NaN,NaN,NaN,NaN,NaN,NaN,
42.587,0.01632,-0.02687,0.13023,-0.37172,0.00392,-0.41144,0.83218,NaN,NaN,NaN,NaN,NaN,NaN,NaN,NaN,NaN,NaN,NaN,NaN,NaN,NaN,NaN,NaN,NaN,NaN,NaN,NaN,NaN,
42.612,0.01609,-0.02695,0.13018,-0.37120,0.00288,-0.41127,0.83250,NaN,NaN,NaN,NaN,NaN,NaN,NaN,NaN,NaN,NaN,NaN,NaN,NaN,NaN,NaN,NaN,NaN,NaN,NaN,NaN,NaN,
42.637,0.01609,-0.02695,0.13018,-0.37120,0.00288,-0.41127,0.83250,NaN,NaN,NaN,NaN,NaN,NaN,NaN,NaN,NaN,NaN,NaN,NaN,NaN,NaN,NaN,NaN,NaN,NaN,NaN,NaN,NaN,
42.662,0.01583,-0.02707,0.13019,-0.36936,0.00022,-0.41133,0.83329,NaN,NaN,NaN,NaN,NaN,NaN,NaN,NaN,NaN,NaN,NaN,NaN,NaN,NaN,NaN,NaN,NaN,NaN,NaN,NaN,NaN,
42.688,0.01570,-0.02708,0.13009,-0.36959,-0.00006,-0.41091,0.83340,NaN,NaN,NaN,NaN,NaN,NaN,NaN,NaN,NaN,NaN,NaN,NaN,NaN,NaN,NaN,NaN,NaN,NaN,NaN,NaN,NaN,
42.712,0.01570,-0.02708,0.13009,-0.36959,-0.00006,-0.41091,0.83340,NaN,NaN,NaN,NaN,NaN,NaN,NaN,NaN,NaN,NaN,NaN,NaN,NaN,NaN,NaN,NaN,NaN,NaN,NaN,NaN,NaN,
42.737,0.01569,-0.02708,0.13004,-0.36991,0.00010,-0.41070,0.83336,NaN,NaN,NaN,NaN,NaN,NaN,NaN,NaN,NaN,NaN,NaN,NaN,NaN,NaN,NaN,NaN,NaN,NaN,NaN,NaN,NaN,
42.762,0.01556,-0.02721,0.13006,-0.36883,-0.00019,-0.41159,0.83340,NaN,NaN,NaN,NaN,NaN,NaN,NaN,NaN,NaN,NaN,NaN,NaN,NaN,NaN,NaN,NaN,NaN,NaN,NaN,NaN,NaN,
42.788,0.01556,-0.02713,0.12998,-0.37022,0.00126,-0.41117,0.83299,NaN,NaN,NaN,NaN,NaN,NaN,NaN,NaN,NaN,NaN,NaN,NaN,NaN,NaN,NaN,NaN,NaN,NaN,NaN,NaN,NaN,
42.812,0.01556,-0.02713,0.12998,-0.37022,0.00126,-0.41117,0.83299,NaN,NaN,NaN,NaN,NaN,NaN,NaN,NaN,NaN,NaN,NaN,NaN,NaN,NaN,NaN,NaN,NaN,NaN,NaN,NaN,NaN,
42.838,0.01613,-0.02692,0.13000,-0.37434,0.00820,-0.41165,0.83087,NaN,NaN,NaN,NaN,NaN,NaN,NaN,NaN,NaN,NaN,NaN,NaN,NaN,NaN,NaN,NaN,NaN,NaN,NaN,NaN,NaN,
42.862,0.01613,-0.02692,0.13000,-0.37434,0.00820,-0.41165,0.83087,NaN,NaN,NaN,NaN,NaN,NaN,NaN,NaN,NaN,NaN,NaN,NaN,NaN,NaN,NaN,NaN,NaN,NaN,NaN,NaN,NaN,
42.888,0.01620,-0.02686,0.12995,-0.37526,0.00981,-0.41178,0.83037,NaN,NaN,NaN,NaN,NaN,NaN,NaN,NaN,NaN,NaN,NaN,NaN,NaN,NaN,NaN,NaN,NaN,NaN,NaN,NaN,NaN,
42.912,0.01616,-0.02685,0.12991,-0.37553,0.00968,-0.41142,0.83043,NaN,NaN,NaN,NaN,NaN,NaN,NaN,NaN,NaN,NaN,NaN,NaN,NaN,NaN,NaN,NaN,NaN,NaN,NaN,NaN,NaN,
42.938,0.01607,-0.02688,0.12987,-0.37538,0.00921,-0.41127,0.83058,NaN,NaN,NaN,NaN,NaN,NaN,NaN,NaN,NaN,NaN,NaN,NaN,NaN,NaN,NaN,NaN,NaN,NaN,NaN,NaN,NaN,
42.962,0.01607,-0.02688,0.12987,-0.37538,0.00921,-0.41127,0.83058,NaN,NaN,NaN,NaN,NaN,NaN,NaN,NaN,NaN,NaN,NaN,NaN,NaN,NaN,NaN,NaN,NaN,NaN,NaN,NaN,NaN,
42.988,0.01598,-0.02687,0.12981,-0.37559,0.00894,-0.41088,0.83068,NaN,NaN,NaN,NaN,NaN,NaN,NaN,NaN,NaN,NaN,NaN,NaN,NaN,NaN,NaN,NaN,NaN,NaN,NaN,NaN,NaN,
43.012,0.01598,-0.02687,0.12981,-0.37559,0.00894,-0.41088,0.83068,NaN,NaN,NaN,NaN,NaN,NaN,NaN,NaN,NaN,NaN,NaN,NaN,NaN,NaN,NaN,NaN,NaN,NaN,NaN,NaN,NaN,
43.038,0.01587,-0.02688,0.12979,-0.37589,0.00914,-0.41071,0.83063,NaN,NaN,NaN,NaN,NaN,NaN,NaN,NaN,NaN,NaN,NaN,NaN,NaN,NaN,NaN,NaN,NaN,NaN,NaN,NaN,NaN,
43.062,0.01560,-0.02700,0.12970,-0.37464,0.00714,-0.41064,0.83125,NaN,NaN,NaN,NaN,NaN,NaN,NaN,NaN,NaN,NaN,NaN,NaN,NaN,NaN,NaN,NaN,NaN,NaN,NaN,NaN,NaN,
43.087,0.01560,-0.02700,0.12970,-0.37464,0.00714,-0.41064,0.83125,NaN,NaN,NaN,NaN,NaN,NaN,NaN,NaN,NaN,NaN,NaN,NaN,NaN,NaN,NaN,NaN,NaN,NaN,NaN,NaN,NaN,
43.112,0.01521,-0.02719,0.12960,-0.37338,0.00541,-0.41076,0.83177,NaN,NaN,NaN,NaN,NaN,NaN,NaN,NaN,NaN,NaN,NaN,NaN,NaN,NaN,NaN,NaN,NaN,NaN,NaN,NaN,NaN,
43.138,0.01498,-0.02709,0.12948,-0.37429,0.00478,-0.40941,0.83203,NaN,NaN,NaN,NaN,NaN,NaN,NaN,NaN,NaN,NaN,NaN,NaN,NaN,NaN,NaN,NaN,NaN,NaN,NaN,NaN,NaN,
43.162,0.01495,-0.02714,0.12962,-0.37402,0.00530,-0.41004,0.83184,NaN,NaN,NaN,NaN,NaN,NaN,NaN,NaN,NaN,NaN,NaN,NaN,NaN,NaN,NaN,NaN,NaN,NaN,NaN,NaN,NaN,
43.188,0.01487,-0.02705,0.12958,-0.37491,0.00576,-0.40944,0.83173,NaN,NaN,NaN,NaN,NaN,NaN,NaN,NaN,NaN,NaN,NaN,NaN,NaN,NaN,NaN,NaN,NaN,NaN,NaN,NaN,NaN,
43.213,0.01484,-0.02699,0.12956,-0.37567,0.00623,-0.40899,0.83160,NaN,NaN,NaN,NaN,NaN,NaN,NaN,NaN,NaN,NaN,NaN,NaN,NaN,NaN,NaN,NaN,NaN,NaN,NaN,NaN,NaN,
43.238,0.01484,-0.02694,0.12960,-0.37540,0.00598,-0.40909,0.83168,NaN,NaN,NaN,NaN,NaN,NaN,NaN,NaN,NaN,NaN,NaN,NaN,NaN,NaN,NaN,NaN,NaN,NaN,NaN,NaN,NaN,
43.263,0.01475,-0.02688,0.12958,-0.37597,0.00562,-0.40827,0.83182,NaN,NaN,NaN,NaN,NaN,NaN,NaN,NaN,NaN,NaN,NaN,NaN,NaN,NaN,NaN,NaN,NaN,NaN,NaN,NaN,NaN,
43.287,0.01475,-0.02688,0.12958,-0.37597,0.00562,-0.40827,0.83182,NaN,NaN,NaN,NaN,NaN,NaN,NaN,NaN,NaN,NaN,NaN,NaN,NaN,NaN,NaN,NaN,NaN,NaN,NaN,NaN,NaN,
43.312,0.01447,-0.02694,0.12952,-0.37605,0.00475,-0.40761,0.83212,NaN,NaN,NaN,NaN,NaN,NaN,NaN,NaN,NaN,NaN,NaN,NaN,NaN,NaN,NaN,NaN,NaN,NaN,NaN,NaN,NaN,
43.338,0.01420,-0.02683,0.12950,-0.37594,0.00347,-0.40686,0.83254,NaN,NaN,NaN,NaN,NaN,NaN,NaN,NaN,NaN,NaN,NaN,NaN,NaN,NaN,NaN,NaN,NaN,NaN,NaN,NaN,NaN,
43.362,0.01422,-0.02686,0.12960,-0.37632,0.00389,-0.40675,0.83242,NaN,NaN,NaN,NaN,NaN,NaN,NaN,NaN,NaN,NaN,NaN,NaN,NaN,NaN,NaN,NaN,NaN,NaN,NaN,NaN,NaN,
43.388,0.01411,-0.02676,0.12956,-0.37768,0.00379,-0.40530,0.83251,NaN,NaN,NaN,NaN,NaN,NaN,NaN,NaN,NaN,NaN,NaN,NaN,NaN,NaN,NaN,NaN,NaN,NaN,NaN,NaN,NaN,
43.412,0.01378,-0.02670,0.12946,-0.37688,0.00162,-0.40465,0.83320,NaN,NaN,NaN,NaN,NaN,NaN,NaN,NaN,NaN,NaN,NaN,NaN,NaN,NaN,NaN,NaN,NaN,NaN,NaN,NaN,NaN,
43.438,0.01373,-0.02665,0.12940,-0.37679,0.00057,-0.40403,0.83354,NaN,NaN,NaN,NaN,NaN,NaN,NaN,NaN,NaN,NaN,NaN,NaN,NaN,NaN,NaN,NaN,NaN,NaN,NaN,NaN,NaN,
43.462,0.01357,-0.02673,0.12944,-0.37719,0.00018,-0.40336,0.83368,NaN,NaN,NaN,NaN,NaN,NaN,NaN,NaN,NaN,NaN,NaN,NaN,NaN,NaN,NaN,NaN,NaN,NaN,NaN,NaN,NaN,
43.488,0.01356,-0.02671,0.12959,-0.37699,-0.00005,-0.40341,0.83375,NaN,NaN,NaN,NaN,NaN,NaN,NaN,NaN,NaN,NaN,NaN,NaN,NaN,NaN,NaN,NaN,NaN,NaN,NaN,NaN,NaN,
43.512,0.01341,-0.02654,0.12952,-0.37749,-0.00096,-0.40228,0.83407,NaN,NaN,NaN,NaN,NaN,NaN,NaN,NaN,NaN,NaN,NaN,NaN,NaN,NaN,NaN,NaN,NaN,NaN,NaN,NaN,NaN,
43.538,0.01327,-0.02655,0.12944,-0.37766,-0.00199,-0.40141,0.83441,NaN,NaN,NaN,NaN,NaN,NaN,NaN,NaN,NaN,NaN,NaN,NaN,NaN,NaN,NaN,NaN,NaN,NaN,NaN,NaN,NaN,
43.562,0.01327,-0.02655,0.12944,-0.37766,-0.00199,-0.40141,0.83441,NaN,NaN,NaN,NaN,NaN,NaN,NaN,NaN,NaN,NaN,NaN,NaN,NaN,NaN,NaN,NaN,NaN,NaN,NaN,NaN,NaN,
43.588,0.01320,-0.02644,0.12955,-0.37832,-0.00199,-0.40073,0.83444,NaN,NaN,NaN,NaN,NaN,NaN,NaN,NaN,NaN,NaN,NaN,NaN,NaN,NaN,NaN,NaN,NaN,NaN,NaN,NaN,NaN,
43.612,0.01320,-0.02644,0.12955,-0.37832,-0.00199,-0.40073,0.83444,NaN,NaN,NaN,NaN,NaN,NaN,NaN,NaN,NaN,NaN,NaN,NaN,NaN,NaN,NaN,NaN,NaN,NaN,NaN,NaN,NaN,
43.637,0.01302,-0.02650,0.12961,-0.37825,-0.00264,-0.40036,0.83465,NaN,NaN,NaN,NaN,NaN,NaN,NaN,NaN,NaN,NaN,NaN,NaN,NaN,NaN,NaN,NaN,NaN,NaN,NaN,NaN,NaN,
43.662,0.01287,-0.02642,0.12964,-0.37849,-0.00323,-0.39971,0.83485,NaN,NaN,NaN,NaN,NaN,NaN,NaN,NaN,NaN,NaN,NaN,NaN,NaN,NaN,NaN,NaN,NaN,NaN,NaN,NaN,NaN,
43.687,0.01287,-0.02642,0.12964,-0.37849,-0.00323,-0.39971,0.83485,NaN,NaN,NaN,NaN,NaN,NaN,NaN,NaN,NaN,NaN,NaN,NaN,NaN,NaN,NaN,NaN,NaN,NaN,NaN,NaN,NaN,
43.712,0.01269,-0.02641,0.12969,-0.37892,-0.00380,-0.39888,0.83504,NaN,NaN,NaN,NaN,NaN,NaN,NaN,NaN,NaN,NaN,NaN,NaN,NaN,NaN,NaN,NaN,NaN,NaN,NaN,NaN,NaN,
43.738,0.01262,-0.02638,0.12971,-0.37806,-0.00512,-0.39886,0.83544,NaN,NaN,NaN,NaN,NaN,NaN,NaN,NaN,NaN,NaN,NaN,NaN,NaN,NaN,NaN,NaN,NaN,NaN,NaN,NaN,NaN,
43.762,0.01262,-0.02638,0.12971,-0.37806,-0.00512,-0.39886,0.83544,NaN,NaN,NaN,NaN,NaN,NaN,NaN,NaN,NaN,NaN,NaN,NaN,NaN,NaN,NaN,NaN,NaN,NaN,NaN,NaN,NaN,
43.788,0.01231,-0.02648,0.12968,-0.37725,-0.00691,-0.39846,0.83598,NaN,NaN,NaN,NaN,NaN,NaN,NaN,NaN,NaN,NaN,NaN,NaN,NaN,NaN,NaN,NaN,NaN,NaN,NaN,NaN,NaN,
43.813,0.01219,-0.02645,0.12968,-0.37706,-0.00765,-0.39815,0.83621,NaN,NaN,NaN,NaN,NaN,NaN,NaN,NaN,NaN,NaN,NaN,NaN,NaN,NaN,NaN,NaN,NaN,NaN,NaN,NaN,NaN,
43.837,0.01219,-0.02645,0.12968,-0.37706,-0.00765,-0.39815,0.83621,NaN,NaN,NaN,NaN,NaN,NaN,NaN,NaN,NaN,NaN,NaN,NaN,NaN,NaN,NaN,NaN,NaN,NaN,NaN,NaN,NaN,
43.862,0.01208,-0.02651,0.12972,-0.37651,-0.00859,-0.39806,0.83649,NaN,NaN,NaN,NaN,NaN,NaN,NaN,NaN,NaN,NaN,NaN,NaN,NaN,NaN,NaN,NaN,NaN,NaN,NaN,NaN,NaN,
43.888,0.01189,-0.02653,0.12980,-0.37563,-0.01015,-0.39789,0.83695,NaN,NaN,NaN,NaN,NaN,NaN,NaN,NaN,NaN,NaN,NaN,NaN,NaN,NaN,NaN,NaN,NaN,NaN,NaN,NaN,NaN,
43.913,0.01181,-0.02654,0.12979,-0.37571,-0.01032,-0.39769,0.83700,NaN,NaN,NaN,NaN,NaN,NaN,NaN,NaN,NaN,NaN,NaN,NaN,NaN,NaN,NaN,NaN,NaN,NaN,NaN,NaN,NaN,
43.938,0.01184,-0.02653,0.12982,-0.37611,-0.00977,-0.39766,0.83685,NaN,NaN,NaN,NaN,NaN,NaN,NaN,NaN,NaN,NaN,NaN,NaN,NaN,NaN,NaN,NaN,NaN,NaN,NaN,NaN,NaN,
43.962,0.01184,-0.02653,0.12982,-0.37611,-0.00977,-0.39766,0.83685,NaN,NaN,NaN,NaN,NaN,NaN,NaN,NaN,NaN,NaN,NaN,NaN,NaN,NaN,NaN,NaN,NaN,NaN,NaN,NaN,NaN,
43.987,0.01174,-0.02648,0.12974,-0.37621,-0.01041,-0.39711,0.83705,NaN,NaN,NaN,NaN,NaN,NaN,NaN,NaN,NaN,NaN,NaN,NaN,NaN,NaN,NaN,NaN,NaN,NaN,NaN,NaN,NaN,
44.012,0.01164,-0.02646,0.12971,-0.37656,-0.01077,-0.39651,0.83718,NaN,NaN,NaN,NaN,NaN,NaN,NaN,NaN,NaN,NaN,NaN,NaN,NaN,NaN,NaN,NaN,NaN,NaN,NaN,NaN,NaN,
44.037,0.01164,-0.02652,0.12980,-0.37616,-0.01103,-0.39674,0.83724,NaN,NaN,NaN,NaN,NaN,NaN,NaN,NaN,NaN,NaN,NaN,NaN,NaN,NaN,NaN,NaN,NaN,NaN,NaN,NaN,NaN,
44.062,0.01143,-0.02655,0.12975,-0.37571,-0.01196,-0.39656,0.83752,NaN,NaN,NaN,NaN,NaN,NaN,NaN,NaN,NaN,NaN,NaN,NaN,NaN,NaN,NaN,NaN,NaN,NaN,NaN,NaN,NaN,
44.088,0.01164,-0.02651,0.12980,-0.37618,-0.01057,-0.39704,0.83710,NaN,NaN,NaN,NaN,NaN,NaN,NaN,NaN,NaN,NaN,NaN,NaN,NaN,NaN,NaN,NaN,NaN,NaN,NaN,NaN,NaN,
44.112,0.01163,-0.02650,0.12980,-0.37633,-0.01054,-0.39690,0.83710,NaN,NaN,NaN,NaN,NaN,NaN,NaN,NaN,NaN,NaN,NaN,NaN,NaN,NaN,NaN,NaN,NaN,NaN,NaN,NaN,NaN,
44.137,0.01163,-0.02650,0.12980,-0.37633,-0.01054,-0.39690,0.83710,NaN,NaN,NaN,NaN,NaN,NaN,NaN,NaN,NaN,NaN,NaN,NaN,NaN,NaN,NaN,NaN,NaN,NaN,NaN,NaN,NaN,
44.162,0.01147,-0.02644,0.12970,-0.37803,-0.00964,-0.39578,0.83688,NaN,NaN,NaN,NaN,NaN,NaN,NaN,NaN,NaN,NaN,NaN,NaN,NaN,NaN,NaN,NaN,NaN,NaN,NaN,NaN,NaN,
44.188,0.01146,-0.02638,0.12967,-0.37809,-0.00987,-0.39556,0.83695,NaN,NaN,NaN,NaN,NaN,NaN,NaN,NaN,NaN,NaN,NaN,NaN,NaN,NaN,NaN,NaN,NaN,NaN,NaN,NaN,NaN,
44.213,0.01144,-0.02638,0.12968,-0.37795,-0.01050,-0.39527,0.83714,NaN,NaN,NaN,NaN,NaN,NaN,NaN,NaN,NaN,NaN,NaN,NaN,NaN,NaN,NaN,NaN,NaN,NaN,NaN,NaN,NaN,
44.237,0.01144,-0.02638,0.12968,-0.37795,-0.01050,-0.39527,0.83714,NaN,NaN,NaN,NaN,NaN,NaN,NaN,NaN,NaN,NaN,NaN,NaN,NaN,NaN,NaN,NaN,NaN,NaN,NaN,NaN,NaN,
44.262,0.01119,-0.02646,0.12969,-0.37721,-0.01200,-0.39499,0.83759,NaN,NaN,NaN,NaN,NaN,NaN,NaN,NaN,NaN,NaN,NaN,NaN,NaN,NaN,NaN,NaN,NaN,NaN,NaN,NaN,NaN,
44.287,0.01105,-0.02644,0.12965,-0.37722,-0.01268,-0.39450,0.83780,NaN,NaN,NaN,NaN,NaN,NaN,NaN,NaN,NaN,NaN,NaN,NaN,NaN,NaN,NaN,NaN,NaN,NaN,NaN,NaN,NaN,
44.312,0.01096,-0.02634,0.12968,-0.37771,-0.01233,-0.39424,0.83771,NaN,NaN,NaN,NaN,NaN,NaN,NaN,NaN,NaN,NaN,NaN,NaN,NaN,NaN,NaN,NaN,NaN,NaN,NaN,NaN,NaN,
44.338,0.01101,-0.02630,0.12970,-0.37847,-0.01169,-0.39390,0.83753,NaN,NaN,NaN,NaN,NaN,NaN,NaN,NaN,NaN,NaN,NaN,NaN,NaN,NaN,NaN,NaN,NaN,NaN,NaN,NaN,NaN,
44.362,0.01101,-0.02630,0.12970,-0.37847,-0.01169,-0.39390,0.83753,NaN,NaN,NaN,NaN,NaN,NaN,NaN,NaN,NaN,NaN,NaN,NaN,NaN,NaN,NaN,NaN,NaN,NaN,NaN,NaN,NaN,
44.388,0.01080,-0.02621,0.12964,-0.37972,-0.01155,-0.39271,0.83753,NaN,NaN,NaN,NaN,NaN,NaN,NaN,NaN,NaN,NaN,NaN,NaN,NaN,NaN,NaN,NaN,NaN,NaN,NaN,NaN,NaN,
44.412,0.01042,-0.02638,0.12963,-0.37765,-0.01480,-0.39260,0.83847,NaN,NaN,NaN,NaN,NaN,NaN,NaN,NaN,NaN,NaN,NaN,NaN,NaN,NaN,NaN,NaN,NaN,NaN,NaN,NaN,NaN,
44.438,0.01017,-0.02649,0.12972,-0.37472,-0.01884,-0.39278,0.83961,NaN,NaN,NaN,NaN,NaN,NaN,NaN,NaN,NaN,NaN,NaN,NaN,NaN,NaN,NaN,NaN,NaN,NaN,NaN,NaN,NaN,
44.462,0.01017,-0.02649,0.12972,-0.37472,-0.01884,-0.39278,0.83961,NaN,NaN,NaN,NaN,NaN,NaN,NaN,NaN,NaN,NaN,NaN,NaN,NaN,NaN,NaN,NaN,NaN,NaN,NaN,NaN,NaN,
44.488,0.00967,-0.02655,0.12950,-0.37257,-0.02259,-0.39236,0.84067,NaN,NaN,NaN,NaN,NaN,NaN,NaN,NaN,NaN,NaN,NaN,NaN,NaN,NaN,NaN,NaN,NaN,NaN,NaN,NaN,NaN,
44.512,0.00967,-0.02655,0.12950,-0.37257,-0.02259,-0.39236,0.84067,NaN,NaN,NaN,NaN,NaN,NaN,NaN,NaN,NaN,NaN,NaN,NaN,NaN,NaN,NaN,NaN,NaN,NaN,NaN,NaN,NaN,
44.537,0.00964,-0.02640,0.12943,-0.37646,-0.01945,-0.39056,0.83986,NaN,NaN,NaN,NaN,NaN,NaN,NaN,NaN,NaN,NaN,NaN,NaN,NaN,NaN,NaN,NaN,NaN,NaN,NaN,NaN,NaN,
44.562,0.00950,-0.02629,0.12930,-0.37857,-0.01742,-0.38981,0.83930,NaN,NaN,NaN,NaN,NaN,NaN,NaN,NaN,NaN,NaN,NaN,NaN,NaN,NaN,NaN,NaN,NaN,NaN,NaN,NaN,NaN,
44.587,0.01005,-0.02632,0.12953,-0.37846,-0.01504,-0.39159,0.83857,NaN,NaN,NaN,NaN,NaN,NaN,NaN,NaN,NaN,NaN,NaN,NaN,NaN,NaN,NaN,NaN,NaN,NaN,NaN,NaN,NaN,
44.612,0.00971,-0.02610,0.12918,-0.38222,-0.01306,-0.38908,0.83807,NaN,NaN,NaN,NaN,NaN,NaN,NaN,NaN,NaN,NaN,NaN,NaN,NaN,NaN,NaN,NaN,NaN,NaN,NaN,NaN,NaN,
44.637,0.01022,-0.02602,0.12937,-0.38597,-0.00718,-0.38927,0.83633,NaN,NaN,NaN,NaN,NaN,NaN,NaN,NaN,NaN,NaN,NaN,NaN,NaN,NaN,NaN,NaN,NaN,NaN,NaN,NaN,NaN,
44.662,0.01030,-0.02596,0.12931,-0.38733,-0.00480,-0.38950,0.83561,NaN,NaN,NaN,NaN,NaN,NaN,NaN,NaN,NaN,NaN,NaN,NaN,NaN,NaN,NaN,NaN,NaN,NaN,NaN,NaN,NaN,
44.688,0.01036,-0.02599,0.12931,-0.38923,-0.00250,-0.38911,0.83492,NaN,NaN,NaN,NaN,NaN,NaN,NaN,NaN,NaN,NaN,NaN,NaN,NaN,NaN,NaN,NaN,NaN,NaN,NaN,NaN,NaN,
44.712,0.01056,-0.02594,0.12936,-0.39066,-0.00021,-0.38918,0.83422,NaN,NaN,NaN,NaN,NaN,NaN,NaN,NaN,NaN,NaN,NaN,NaN,NaN,NaN,NaN,NaN,NaN,NaN,NaN,NaN,NaN,
44.738,0.01063,-0.02579,0.12934,-0.39091,0.00120,-0.38989,0.83377,NaN,NaN,NaN,NaN,NaN,NaN,NaN,NaN,NaN,NaN,NaN,NaN,NaN,NaN,NaN,NaN,NaN,NaN,NaN,NaN,NaN,
44.762,0.01079,-0.02589,0.12940,-0.39219,0.00317,-0.38991,0.83316,NaN,NaN,NaN,NaN,NaN,NaN,NaN,NaN,NaN,NaN,NaN,NaN,NaN,NaN,NaN,NaN,NaN,NaN,NaN,NaN,NaN,
44.788,0.01053,-0.02605,0.12937,-0.39219,0.00330,-0.39000,0.83311,NaN,NaN,NaN,NaN,NaN,NaN,NaN,NaN,NaN,NaN,NaN,NaN,NaN,NaN,NaN,NaN,NaN,NaN,NaN,NaN,NaN,
44.812,0.01053,-0.02605,0.12937,-0.39219,0.00330,-0.39000,0.83311,NaN,NaN,NaN,NaN,NaN,NaN,NaN,NaN,NaN,NaN,NaN,NaN,NaN,NaN,NaN,NaN,NaN,NaN,NaN,NaN,NaN,
44.838,0.01076,-0.02585,0.12928,-0.39422,0.00555,-0.38940,0.83242,NaN,NaN,NaN,NaN,NaN,NaN,NaN,NaN,NaN,NaN,NaN,NaN,NaN,NaN,NaN,NaN,NaN,NaN,NaN,NaN,NaN,
44.862,0.01076,-0.02585,0.12928,-0.39422,0.00555,-0.38940,0.83242,NaN,NaN,NaN,NaN,NaN,NaN,NaN,NaN,NaN,NaN,NaN,NaN,NaN,NaN,NaN,NaN,NaN,NaN,NaN,NaN,NaN,
44.887,0.01081,-0.02586,0.12926,-0.39553,0.00720,-0.38916,0.83190,NaN,NaN,NaN,NaN,NaN,NaN,NaN,NaN,NaN,NaN,NaN,NaN,NaN,NaN,NaN,NaN,NaN,NaN,NaN,NaN,NaN,
44.912,0.01086,-0.02582,0.12927,-0.39700,0.00898,-0.38882,0.83134,NaN,NaN,NaN,NaN,NaN,NaN,NaN,NaN,NaN,NaN,NaN,NaN,NaN,NaN,NaN,NaN,NaN,NaN,NaN,NaN,NaN,
44.938,0.01083,-0.02584,0.12921,-0.39740,0.00931,-0.38862,0.83124,NaN,NaN,NaN,NaN,NaN,NaN,NaN,NaN,NaN,NaN,NaN,NaN,NaN,NaN,NaN,NaN,NaN,NaN,NaN,NaN,NaN,
44.962,0.01083,-0.02584,0.12921,-0.39740,0.00931,-0.38862,0.83124,NaN,NaN,NaN,NaN,NaN,NaN,NaN,NaN,NaN,NaN,NaN,NaN,NaN,NaN,NaN,NaN,NaN,NaN,NaN,NaN,NaN,
44.987,0.01091,-0.02587,0.12929,-0.39831,0.01096,-0.38879,0.83070,NaN,NaN,NaN,NaN,NaN,NaN,NaN,NaN,NaN,NaN,NaN,NaN,NaN,NaN,NaN,NaN,NaN,NaN,NaN,NaN,NaN,
45.012,0.01101,-0.02577,0.12929,-0.39989,0.01260,-0.38824,0.83018,NaN,NaN,NaN,NaN,NaN,NaN,NaN,NaN,NaN,NaN,NaN,NaN,NaN,NaN,NaN,NaN,NaN,NaN,NaN,NaN,NaN,
45.038,0.01118,-0.02572,0.12928,-0.40249,0.01633,-0.38801,0.82896,NaN,NaN,NaN,NaN,NaN,NaN,NaN,NaN,NaN,NaN,NaN,NaN,NaN,NaN,NaN,NaN,NaN,NaN,NaN,NaN,NaN,
45.062,0.01118,-0.02572,0.12928,-0.40249,0.01633,-0.38801,0.82896,NaN,NaN,NaN,NaN,NaN,NaN,NaN,NaN,NaN,NaN,NaN,NaN,NaN,NaN,NaN,NaN,NaN,NaN,NaN,NaN,NaN,
45.087,0.01124,-0.02578,0.12936,-0.40253,0.01755,-0.38879,0.82856,NaN,NaN,NaN,NaN,NaN,NaN,NaN,NaN,NaN,NaN,NaN,NaN,NaN,NaN,NaN,NaN,NaN,NaN,NaN,NaN,NaN,
45.112,0.01122,-0.02580,0.12930,-0.40528,0.01987,-0.38744,0.82779,NaN,NaN,NaN,NaN,NaN,NaN,NaN,NaN,NaN,NaN,NaN,NaN,NaN,NaN,NaN,NaN,NaN,NaN,NaN,NaN,NaN,
45.138,0.01124,-0.02566,0.12918,-0.40612,0.02008,-0.38670,0.82772,NaN,NaN,NaN,NaN,NaN,NaN,NaN,NaN,NaN,NaN,NaN,NaN,NaN,NaN,NaN,NaN,NaN,NaN,NaN,NaN,NaN,
45.162,0.01124,-0.02566,0.12918,-0.40612,0.02008,-0.38670,0.82772,NaN,NaN,NaN,NaN,NaN,NaN,NaN,NaN,NaN,NaN,NaN,NaN,NaN,NaN,NaN,NaN,NaN,NaN,NaN,NaN,NaN,
45.188,0.01113,-0.02562,0.12923,-0.40823,0.02233,-0.38597,0.82697,NaN,NaN,NaN,NaN,NaN,NaN,NaN,NaN,NaN,NaN,NaN,NaN,NaN,NaN,NaN,NaN,NaN,NaN,NaN,NaN,NaN,
45.212,0.01127,-0.02555,0.12929,-0.40937,0.02373,-0.38569,0.82650,NaN,NaN,NaN,NaN,NaN,NaN,NaN,NaN,NaN,NaN,NaN,NaN,NaN,NaN,NaN,NaN,NaN,NaN,NaN,NaN,NaN,
45.237,0.01127,-0.02555,0.12929,-0.40937,0.02373,-0.38569,0.82650,NaN,NaN,NaN,NaN,NaN,NaN,NaN,NaN,NaN,NaN,NaN,NaN,NaN,NaN,NaN,NaN,NaN,NaN,NaN,NaN,NaN,
45.263,0.01114,-0.02553,0.12921,-0.41043,0.02426,-0.38492,0.82631,NaN,NaN,NaN,NaN,NaN,NaN,NaN,NaN,NaN,NaN,NaN,NaN,NaN,NaN,NaN,NaN,NaN,NaN,NaN,NaN,NaN,
45.288,0.01116,-0.02550,0.12928,-0.41123,0.02526,-0.38473,0.82597,NaN,NaN,NaN,NaN,NaN,NaN,NaN,NaN,NaN,NaN,NaN,NaN,NaN,NaN,NaN,NaN,NaN,NaN,NaN,NaN,NaN,
45.312,0.01116,-0.02550,0.12928,-0.41123,0.02526,-0.38473,0.82597,NaN,NaN,NaN,NaN,NaN,NaN,NaN,NaN,NaN,NaN,NaN,NaN,NaN,NaN,NaN,NaN,NaN,NaN,NaN,NaN,NaN,
45.338,0.01087,-0.02536,0.12912,-0.41339,0.02549,-0.38258,0.82589,NaN,NaN,NaN,NaN,NaN,NaN,NaN,NaN,NaN,NaN,NaN,NaN,NaN,NaN,NaN,NaN,NaN,NaN,NaN,NaN,NaN,
45.362,0.01087,-0.02536,0.12912,-0.41339,0.02549,-0.38258,0.82589,NaN,NaN,NaN,NaN,NaN,NaN,NaN,NaN,NaN,NaN,NaN,NaN,NaN,NaN,NaN,NaN,NaN,NaN,NaN,NaN,NaN,
45.388,0.01105,-0.02515,0.12922,-0.41675,0.02897,-0.38131,0.82467,NaN,NaN,NaN,NaN,NaN,NaN,NaN,NaN,NaN,NaN,NaN,NaN,NaN,NaN,NaN,NaN,NaN,NaN,NaN,NaN,NaN,
45.413,0.01110,-0.02512,0.12928,-0.41760,0.02992,-0.38103,0.82434,NaN,NaN,NaN,NaN,NaN,NaN,NaN,NaN,NaN,NaN,NaN,NaN,NaN,NaN,NaN,NaN,NaN,NaN,NaN,NaN,NaN,
45.438,0.01105,-0.02503,0.12931,-0.41950,0.03135,-0.37993,0.82382,NaN,NaN,NaN,NaN,NaN,NaN,NaN,NaN,NaN,NaN,NaN,NaN,NaN,NaN,NaN,NaN,NaN,NaN,NaN,NaN,NaN,
45.462,0.01105,-0.02503,0.12931,-0.41950,0.03135,-0.37993,0.82382,NaN,NaN,NaN,NaN,NaN,NaN,NaN,NaN,NaN,NaN,NaN,NaN,NaN,NaN,NaN,NaN,NaN,NaN,NaN,NaN,NaN,
45.488,0.01122,-0.02489,0.12937,-0.42266,0.03468,-0.37873,0.82263,NaN,NaN,NaN,NaN,NaN,NaN,NaN,NaN,NaN,NaN,NaN,NaN,NaN,NaN,NaN,NaN,NaN,NaN,NaN,NaN,NaN,
45.512,0.01122,-0.02489,0.12937,-0.42266,0.03468,-0.37873,0.82263,NaN,NaN,NaN,NaN,NaN,NaN,NaN,NaN,NaN,NaN,NaN,NaN,NaN,NaN,NaN,NaN,NaN,NaN,NaN,NaN,NaN,
45.538,0.01129,-0.02469,0.12940,-0.42653,0.03788,-0.37667,0.82144,NaN,NaN,NaN,NaN,NaN,NaN,NaN,NaN,NaN,NaN,NaN,NaN,NaN,NaN,NaN,NaN,NaN,NaN,NaN,NaN,NaN,
45.562,0.01130,-0.02459,0.12943,-0.42764,0.03897,-0.37618,0.82103,NaN,NaN,NaN,NaN,NaN,NaN,NaN,NaN,NaN,NaN,NaN,NaN,NaN,NaN,NaN,NaN,NaN,NaN,NaN,NaN,NaN,
45.587,0.01130,-0.02459,0.12943,-0.42764,0.03897,-0.37618,0.82103,NaN,NaN,NaN,NaN,NaN,NaN,NaN,NaN,NaN,NaN,NaN,NaN,NaN,NaN,NaN,NaN,NaN,NaN,NaN,NaN,NaN,
45.612,0.01127,-0.02442,0.12951,-0.43257,0.04285,-0.37337,0.81954,NaN,NaN,NaN,NaN,NaN,NaN,NaN,NaN,NaN,NaN,NaN,NaN,NaN,NaN,NaN,NaN,NaN,NaN,NaN,NaN,NaN,
45.638,0.01141,-0.02429,0.12951,-0.43448,0.04470,-0.37250,0.81883,NaN,NaN,NaN,NaN,NaN,NaN,NaN,NaN,NaN,NaN,NaN,NaN,NaN,NaN,NaN,NaN,NaN,NaN,NaN,NaN,NaN,
45.662,0.01135,-0.02418,0.12944,-0.43562,0.04520,-0.37157,0.81861,NaN,NaN,NaN,NaN,NaN,NaN,NaN,NaN,NaN,NaN,NaN,NaN,NaN,NaN,NaN,NaN,NaN,NaN,NaN,NaN,NaN,
45.687,0.01135,-0.02418,0.12944,-0.43562,0.04520,-0.37157,0.81861,NaN,NaN,NaN,NaN,NaN,NaN,NaN,NaN,NaN,NaN,NaN,NaN,NaN,NaN,NaN,NaN,NaN,NaN,NaN,NaN,NaN,
45.712,0.01140,-0.02398,0.12946,-0.43842,0.04692,-0.36963,0.81790,NaN,NaN,NaN,NaN,NaN,NaN,NaN,NaN,NaN,NaN,NaN,NaN,NaN,NaN,NaN,NaN,NaN,NaN,NaN,NaN,NaN,
45.738,0.01135,-0.02385,0.12957,-0.44159,0.04955,-0.36785,0.81684,NaN,NaN,NaN,NaN,NaN,NaN,NaN,NaN,NaN,NaN,NaN,NaN,NaN,NaN,NaN,NaN,NaN,NaN,NaN,NaN,NaN,
45.762,0.01135,-0.02385,0.12957,-0.44159,0.04955,-0.36785,0.81684,NaN,NaN,NaN,NaN,NaN,NaN,NaN,NaN,NaN,NaN,NaN,NaN,NaN,NaN,NaN,NaN,NaN,NaN,NaN,NaN,NaN,
45.788,0.01133,-0.02370,0.12953,-0.44191,0.04897,-0.36713,0.81703,NaN,NaN,NaN,NaN,NaN,NaN,NaN,NaN,NaN,NaN,NaN,NaN,NaN,NaN,NaN,NaN,NaN,NaN,NaN,NaN,NaN,
45.813,0.01103,-0.02377,0.12948,-0.44152,0.04720,-0.36640,0.81767,NaN,NaN,NaN,NaN,NaN,NaN,NaN,NaN,NaN,NaN,NaN,NaN,NaN,NaN,NaN,NaN,NaN,NaN,NaN,NaN,NaN,
45.838,0.01091,-0.02380,0.12942,-0.43826,0.04331,-0.36744,0.81917,NaN,NaN,NaN,NaN,NaN,NaN,NaN,NaN,NaN,NaN,NaN,NaN,NaN,NaN,NaN,NaN,NaN,NaN,NaN,NaN,NaN,
45.862,0.01091,-0.02380,0.12942,-0.43826,0.04331,-0.36744,0.81917,NaN,NaN,NaN,NaN,NaN,NaN,NaN,NaN,NaN,NaN,NaN,NaN,NaN,NaN,NaN,NaN,NaN,NaN,NaN,NaN,NaN,
45.888,0.01042,-0.02397,0.12923,-0.43680,0.04033,-0.36708,0.82026,NaN,NaN,NaN,NaN,NaN,NaN,NaN,NaN,NaN,NaN,NaN,NaN,NaN,NaN,NaN,NaN,NaN,NaN,NaN,NaN,NaN,
45.912,0.01046,-0.02400,0.12933,-0.43621,0.04002,-0.36752,0.82040,NaN,NaN,NaN,NaN,NaN,NaN,NaN,NaN,NaN,NaN,NaN,NaN,NaN,NaN,NaN,NaN,NaN,NaN,NaN,NaN,NaN,
45.937,0.01046,-0.02400,0.12933,-0.43621,0.04002,-0.36752,0.82040,NaN,NaN,NaN,NaN,NaN,NaN,NaN,NaN,NaN,NaN,NaN,NaN,NaN,NaN,NaN,NaN,NaN,NaN,NaN,NaN,NaN,
45.962,0.01037,-0.02406,0.12917,-0.43552,0.03893,-0.36756,0.82080,NaN,NaN,NaN,NaN,NaN,NaN,NaN,NaN,NaN,NaN,NaN,NaN,NaN,NaN,NaN,NaN,NaN,NaN,NaN,NaN,NaN,
45.988,0.01005,-0.02405,0.12908,-0.43561,0.03772,-0.36665,0.82121,NaN,NaN,NaN,NaN,NaN,NaN,NaN,NaN,NaN,NaN,NaN,NaN,NaN,NaN,NaN,NaN,NaN,NaN,NaN,NaN,NaN,
46.012,0.01005,-0.02405,0.12908,-0.43561,0.03772,-0.36665,0.82121,NaN,NaN,NaN,NaN,NaN,NaN,NaN,NaN,NaN,NaN,NaN,NaN,NaN,NaN,NaN,NaN,NaN,NaN,NaN,NaN,NaN,
46.038,0.01033,-0.02371,0.12914,-0.43930,0.04095,-0.36473,0.81995,NaN,NaN,NaN,NaN,NaN,NaN,NaN,NaN,NaN,NaN,NaN,NaN,NaN,NaN,NaN,NaN,NaN,NaN,NaN,NaN,NaN,
46.062,0.01031,-0.02363,0.12909,-0.44068,0.04186,-0.36380,0.81957,NaN,NaN,NaN,NaN,NaN,NaN,NaN,NaN,NaN,NaN,NaN,NaN,NaN,NaN,NaN,NaN,NaN,NaN,NaN,NaN,NaN,
46.088,0.01025,-0.02353,0.12911,-0.44264,0.04315,-0.36249,0.81903,NaN,NaN,NaN,NaN,NaN,NaN,NaN,NaN,NaN,NaN,NaN,NaN,NaN,NaN,NaN,NaN,NaN,NaN,NaN,NaN,NaN,
46.112,0.01030,-0.02328,0.12909,-0.44500,0.04453,-0.36078,0.81843,NaN,NaN,NaN,NaN,NaN,NaN,NaN,NaN,NaN,NaN,NaN,NaN,NaN,NaN,NaN,NaN,NaN,NaN,NaN,NaN,NaN,
46.138,0.01022,-0.02317,0.12906,-0.44638,0.04522,-0.35970,0.81812,NaN,NaN,NaN,NaN,NaN,NaN,NaN,NaN,NaN,NaN,NaN,NaN,NaN,NaN,NaN,NaN,NaN,NaN,NaN,NaN,NaN,
46.162,0.01017,-0.02304,0.12904,-0.44856,0.04636,-0.35802,0.81760,NaN,NaN,NaN,NaN,NaN,NaN,NaN,NaN,NaN,NaN,NaN,NaN,NaN,NaN,NaN,NaN,NaN,NaN,NaN,NaN,NaN,
46.188,0.01019,-0.02293,0.12900,-0.44950,0.04689,-0.35731,0.81736,NaN,NaN,NaN,NaN,NaN,NaN,NaN,NaN,NaN,NaN,NaN,NaN,NaN,NaN,NaN,NaN,NaN,NaN,NaN,NaN,NaN,
46.212,0.01019,-0.02293,0.12900,-0.44950,0.04689,-0.35731,0.81736,NaN,NaN,NaN,NaN,NaN,NaN,NaN,NaN,NaN,NaN,NaN,NaN,NaN,NaN,NaN,NaN,NaN,NaN,NaN,NaN,NaN,
46.237,0.01018,-0.02283,0.12897,-0.45051,0.04738,-0.35650,0.81713,NaN,NaN,NaN,NaN,NaN,NaN,NaN,NaN,NaN,NaN,NaN,NaN,NaN,NaN,NaN,NaN,NaN,NaN,NaN,NaN,NaN,
46.263,0.01011,-0.02275,0.12899,-0.45154,0.04796,-0.35573,0.81686,NaN,NaN,NaN,NaN,NaN,NaN,NaN,NaN,NaN,NaN,NaN,NaN,NaN,NaN,NaN,NaN,NaN,NaN,NaN,NaN,NaN,
46.288,0.01031,-0.02268,0.12907,-0.45335,0.05043,-0.35533,0.81589,NaN,NaN,NaN,NaN,NaN,NaN,NaN,NaN,NaN,NaN,NaN,NaN,NaN,NaN,NaN,NaN,NaN,NaN,NaN,NaN,NaN,
46.313,0.01051,-0.02214,0.12920,-0.46124,0.05673,-0.35055,0.81312,NaN,NaN,NaN,NaN,NaN,NaN,NaN,NaN,NaN,NaN,NaN,NaN,NaN,NaN,NaN,NaN,NaN,NaN,NaN,NaN,NaN,
46.337,0.01051,-0.02214,0.12920,-0.46124,0.05673,-0.35055,0.81312,NaN,NaN,NaN,NaN,NaN,NaN,NaN,NaN,NaN,NaN,NaN,NaN,NaN,NaN,NaN,NaN,NaN,NaN,NaN,NaN,NaN,
46.362,0.01067,-0.02175,0.12910,-0.46530,0.05954,-0.34776,0.81180,NaN,NaN,NaN,NaN,NaN,NaN,NaN,NaN,NaN,NaN,NaN,NaN,NaN,NaN,NaN,NaN,NaN,NaN,NaN,NaN,NaN,
46.388,0.01055,-0.02156,0.12912,-0.46808,0.06084,-0.34543,0.81110,NaN,NaN,NaN,NaN,NaN,NaN,NaN,NaN,NaN,NaN,NaN,NaN,NaN,NaN,NaN,NaN,NaN,NaN,NaN,NaN,NaN,
46.412,0.01055,-0.02156,0.12912,-0.46808,0.06084,-0.34543,0.81110,NaN,NaN,NaN,NaN,NaN,NaN,NaN,NaN,NaN,NaN,NaN,NaN,NaN,NaN,NaN,NaN,NaN,NaN,NaN,NaN,NaN,
46.438,0.01064,-0.02116,0.12914,-0.47363,0.06507,-0.34180,0.80908,NaN,NaN,NaN,NaN,NaN,NaN,NaN,NaN,NaN,NaN,NaN,NaN,NaN,NaN,NaN,NaN,NaN,NaN,NaN,NaN,NaN,
46.462,0.01079,-0.02096,0.12924,-0.47647,0.06769,-0.34022,0.80786,NaN,NaN,NaN,NaN,NaN,NaN,NaN,NaN,NaN,NaN,NaN,NaN,NaN,NaN,NaN,NaN,NaN,NaN,NaN,NaN,NaN,
46.488,0.01067,-0.02090,0.12918,-0.47678,0.06715,-0.33950,0.80803,NaN,NaN,NaN,NaN,NaN,NaN,NaN,NaN,NaN,NaN,NaN,NaN,NaN,NaN,NaN,NaN,NaN,NaN,NaN,NaN,NaN,
46.512,0.01070,-0.02086,0.12915,-0.47724,0.06718,-0.33900,0.80797,NaN,NaN,NaN,NaN,NaN,NaN,NaN,NaN,NaN,NaN,NaN,NaN,NaN,NaN,NaN,NaN,NaN,NaN,NaN,NaN,NaN,
46.537,0.01070,-0.02086,0.12915,-0.47724,0.06718,-0.33900,0.80797,NaN,NaN,NaN,NaN,NaN,NaN,NaN,NaN,NaN,NaN,NaN,NaN,NaN,NaN,NaN,NaN,NaN,NaN,NaN,NaN,NaN,
46.562,0.01073,-0.02065,0.12910,-0.48025,0.06929,-0.33686,0.80690,NaN,NaN,NaN,NaN,NaN,NaN,NaN,NaN,NaN,NaN,NaN,NaN,NaN,NaN,NaN,NaN,NaN,NaN,NaN,NaN,NaN,
46.587,0.01073,-0.02065,0.12910,-0.48025,0.06929,-0.33686,0.80690,NaN,NaN,NaN,NaN,NaN,NaN,NaN,NaN,NaN,NaN,NaN,NaN,NaN,NaN,NaN,NaN,NaN,NaN,NaN,NaN,NaN,
46.612,0.01081,-0.02028,0.12912,-0.48519,0.07303,-0.33351,0.80500,NaN,NaN,NaN,NaN,NaN,NaN,NaN,NaN,NaN,NaN,NaN,NaN,NaN,NaN,NaN,NaN,NaN,NaN,NaN,NaN,NaN,
46.637,0.01081,-0.02028,0.12912,-0.48519,0.07303,-0.33351,0.80500,NaN,NaN,NaN,NaN,NaN,NaN,NaN,NaN,NaN,NaN,NaN,NaN,NaN,NaN,NaN,NaN,NaN,NaN,NaN,NaN,NaN,
46.662,0.01085,-0.02013,0.12915,-0.48722,0.07461,-0.33216,0.80419,NaN,NaN,NaN,NaN,NaN,NaN,NaN,NaN,NaN,NaN,NaN,NaN,NaN,NaN,NaN,NaN,NaN,NaN,NaN,NaN,NaN,
46.688,0.01100,-0.01982,0.12916,-0.49039,0.07671,-0.32976,0.80305,NaN,NaN,NaN,NaN,NaN,NaN,NaN,NaN,NaN,NaN,NaN,NaN,NaN,NaN,NaN,NaN,NaN,NaN,NaN,NaN,NaN,
46.712,0.01100,-0.01982,0.12916,-0.49039,0.07671,-0.32976,0.80305,NaN,NaN,NaN,NaN,NaN,NaN,NaN,NaN,NaN,NaN,NaN,NaN,NaN,NaN,NaN,NaN,NaN,NaN,NaN,NaN,NaN,
46.738,0.01088,-0.01962,0.12911,-0.49401,0.07880,-0.32682,0.80183,NaN,NaN,NaN,NaN,NaN,NaN,NaN,NaN,NaN,NaN,NaN,NaN,NaN,NaN,NaN,NaN,NaN,NaN,NaN,NaN,NaN,
46.762,0.01108,-0.01945,0.12924,-0.49640,0.08143,-0.32567,0.80056,NaN,NaN,NaN,NaN,NaN,NaN,NaN,NaN,NaN,NaN,NaN,NaN,NaN,NaN,NaN,NaN,NaN,NaN,NaN,NaN,NaN,
46.788,0.01105,-0.01934,0.12923,-0.49730,0.08187,-0.32489,0.80028,NaN,NaN,NaN,NaN,NaN,NaN,NaN,NaN,NaN,NaN,NaN,NaN,NaN,NaN,NaN,NaN,NaN,NaN,NaN,NaN,NaN,
46.812,0.01105,-0.01934,0.12923,-0.49730,0.08187,-0.32489,0.80028,NaN,NaN,NaN,NaN,NaN,NaN,NaN,NaN,NaN,NaN,NaN,NaN,NaN,NaN,NaN,NaN,NaN,NaN,NaN,NaN,NaN,
46.837,0.01103,-0.01929,0.12921,-0.49786,0.08213,-0.32439,0.80010,NaN,NaN,NaN,NaN,NaN,NaN,NaN,NaN,NaN,NaN,NaN,NaN,NaN,NaN,NaN,NaN,NaN,NaN,NaN,NaN,NaN,
46.862,0.01107,-0.01929,0.12932,-0.49883,0.08332,-0.32400,0.79953,NaN,NaN,NaN,NaN,NaN,NaN,NaN,NaN,NaN,NaN,NaN,NaN,NaN,NaN,NaN,NaN,NaN,NaN,NaN,NaN,NaN,
46.888,0.01096,-0.01911,0.12921,-0.49915,0.08212,-0.32283,0.79993,NaN,NaN,NaN,NaN,NaN,NaN,NaN,NaN,NaN,NaN,NaN,NaN,NaN,NaN,NaN,NaN,NaN,NaN,NaN,NaN,NaN,
46.913,0.01109,-0.01890,0.12925,0.50164,-0.08414,0.32116,-0.79884,NaN,NaN,NaN,NaN,NaN,NaN,NaN,NaN,NaN,NaN,NaN,NaN,NaN,NaN,NaN,NaN,NaN,NaN,NaN,NaN,NaN,
46.938,0.01106,-0.01868,0.12929,0.50516,-0.08677,0.31861,-0.79735,NaN,NaN,NaN,NaN,NaN,NaN,NaN,NaN,NaN,NaN,NaN,NaN,NaN,NaN,NaN,NaN,NaN,NaN,NaN,NaN,NaN,
46.962,0.01112,-0.01858,0.12926,0.50563,-0.08695,0.31815,-0.79722,NaN,NaN,NaN,NaN,NaN,NaN,NaN,NaN,NaN,NaN,NaN,NaN,NaN,NaN,NaN,NaN,NaN,NaN,NaN,NaN,NaN,
46.988,0.01102,-0.01847,0.12920,0.50717,-0.08743,0.31660,-0.79681,NaN,NaN,NaN,NaN,NaN,NaN,NaN,NaN,NaN,NaN,NaN,NaN,NaN,NaN,NaN,NaN,NaN,NaN,NaN,NaN,NaN,
47.012,0.01109,-0.01826,0.12928,0.50962,-0.08932,0.31484,-0.79573,NaN,NaN,NaN,NaN,NaN,NaN,NaN,NaN,NaN,NaN,NaN,NaN,NaN,NaN,NaN,NaN,NaN,NaN,NaN,NaN,NaN,
47.038,0.01103,-0.01812,0.12931,0.51145,-0.09028,0.31322,-0.79508,NaN,NaN,NaN,NaN,NaN,NaN,NaN,NaN,NaN,NaN,NaN,NaN,NaN,NaN,NaN,NaN,NaN,NaN,NaN,NaN,NaN,
47.062,0.01103,-0.01812,0.12931,0.51145,-0.09028,0.31322,-0.79508,NaN,NaN,NaN,NaN,NaN,NaN,NaN,NaN,NaN,NaN,NaN,NaN,NaN,NaN,NaN,NaN,NaN,NaN,NaN,NaN,NaN,
47.088,0.01111,-0.01780,0.12932,0.51507,-0.09281,0.31043,-0.79355,NaN,NaN,NaN,NaN,NaN,NaN,NaN,NaN,NaN,NaN,NaN,NaN,NaN,NaN,NaN,NaN,NaN,NaN,NaN,NaN,NaN,
47.113,0.01110,-0.01774,0.12931,0.51582,-0.09320,0.30976,-0.79328,NaN,NaN,NaN,NaN,NaN,NaN,NaN,NaN,NaN,NaN,NaN,NaN,NaN,NaN,NaN,NaN,NaN,NaN,NaN,NaN,NaN,
47.138,0.01114,-0.01764,0.12933,0.51653,-0.09375,0.30924,-0.79296,NaN,NaN,NaN,NaN,NaN,NaN,NaN,NaN,NaN,NaN,NaN,NaN,NaN,NaN,NaN,NaN,NaN,NaN,NaN,NaN,NaN,
47.162,0.01114,-0.01764,0.12933,0.51653,-0.09375,0.30924,-0.79296,NaN,NaN,NaN,NaN,NaN,NaN,NaN,NaN,NaN,NaN,NaN,NaN,NaN,NaN,NaN,NaN,NaN,NaN,NaN,NaN,NaN,
47.187,0.01113,-0.01740,0.12923,0.51906,-0.09501,0.30693,-0.79205,NaN,NaN,NaN,NaN,NaN,NaN,NaN,NaN,NaN,NaN,NaN,NaN,NaN,NaN,NaN,NaN,NaN,NaN,NaN,NaN,NaN,
47.212,0.01115,-0.01720,0.12931,0.52187,-0.09734,0.30495,-0.79068,NaN,NaN,NaN,NaN,NaN,NaN,NaN,NaN,NaN,NaN,NaN,NaN,NaN,NaN,NaN,NaN,NaN,NaN,NaN,NaN,NaN,
47.238,0.01113,-0.01718,0.12936,0.52275,-0.09822,0.30442,-0.79020,NaN,NaN,NaN,NaN,NaN,NaN,NaN,NaN,NaN,NaN,NaN,NaN,NaN,NaN,NaN,NaN,NaN,NaN,NaN,NaN,NaN,
47.262,0.01113,-0.01718,0.12936,0.52275,-0.09822,0.30442,-0.79020,NaN,NaN,NaN,NaN,NaN,NaN,NaN,NaN,NaN,NaN,NaN,NaN,NaN,NaN,NaN,NaN,NaN,NaN,NaN,NaN,NaN,
47.287,0.01117,-0.01706,0.12933,0.52358,-0.09876,0.30373,-0.78984,NaN,NaN,NaN,NaN,NaN,NaN,NaN,NaN,NaN,NaN,NaN,NaN,NaN,NaN,NaN,NaN,NaN,NaN,NaN,NaN,NaN,
47.312,0.01119,-0.01699,0.12934,0.52441,-0.09963,0.30327,-0.78937,NaN,NaN,NaN,NaN,NaN,NaN,NaN,NaN,NaN,NaN,NaN,NaN,NaN,NaN,NaN,NaN,NaN,NaN,NaN,NaN,NaN,
47.337,0.01122,-0.01685,0.12923,0.52490,-0.09958,0.30261,-0.78929,NaN,NaN,NaN,NaN,NaN,NaN,NaN,NaN,NaN,NaN,NaN,NaN,NaN,NaN,NaN,NaN,NaN,NaN,NaN,NaN,NaN,
47.362,0.01119,-0.01682,0.12925,0.52597,-0.10024,0.30171,-0.78885,NaN,NaN,NaN,NaN,NaN,NaN,NaN,NaN,NaN,NaN,NaN,NaN,NaN,NaN,NaN,NaN,NaN,NaN,NaN,NaN,NaN,
47.387,0.01119,-0.01682,0.12925,0.52597,-0.10024,0.30171,-0.78885,NaN,NaN,NaN,NaN,NaN,NaN,NaN,NaN,NaN,NaN,NaN,NaN,NaN,NaN,NaN,NaN,NaN,NaN,NaN,NaN,NaN,
47.412,0.01123,-0.01672,0.12919,0.52678,-0.10047,0.30085,-0.78860,NaN,NaN,NaN,NaN,NaN,NaN,NaN,NaN,NaN,NaN,NaN,NaN,NaN,NaN,NaN,NaN,NaN,NaN,NaN,NaN,NaN,
47.438,0.01122,-0.01669,0.12922,0.52765,-0.10124,0.30025,-0.78816,NaN,NaN,NaN,NaN,NaN,NaN,NaN,NaN,NaN,NaN,NaN,NaN,NaN,NaN,NaN,NaN,NaN,NaN,NaN,NaN,NaN,
47.463,0.01127,-0.01659,0.12928,0.52895,-0.10257,0.29947,-0.78741,NaN,NaN,NaN,NaN,NaN,NaN,NaN,NaN,NaN,NaN,NaN,NaN,NaN,NaN,NaN,NaN,NaN,NaN,NaN,NaN,NaN,
47.488,0.01121,-0.01625,0.12920,0.53381,-0.10512,0.29499,-0.78548,NaN,NaN,NaN,NaN,NaN,NaN,NaN,NaN,NaN,NaN,NaN,NaN,NaN,NaN,NaN,NaN,NaN,NaN,NaN,NaN,NaN,
47.512,0.01140,-0.01592,0.12946,0.53803,-0.10946,0.29241,-0.78297,NaN,NaN,NaN,NaN,NaN,NaN,NaN,NaN,NaN,NaN,NaN,NaN,NaN,NaN,NaN,NaN,NaN,NaN,NaN,NaN,NaN,
47.538,0.01146,-0.01580,0.12935,0.53842,-0.10902,0.29164,-0.78305,NaN,NaN,NaN,NaN,NaN,NaN,NaN,NaN,NaN,NaN,NaN,NaN,NaN,NaN,NaN,NaN,NaN,NaN,NaN,NaN,NaN,
47.562,0.01146,-0.01580,0.12935,0.53842,-0.10902,0.29164,-0.78305,NaN,NaN,NaN,NaN,NaN,NaN,NaN,NaN,NaN,NaN,NaN,NaN,NaN,NaN,NaN,NaN,NaN,NaN,NaN,NaN,NaN,
47.588,0.01141,-0.01580,0.12936,0.53913,-0.10949,0.29103,-0.78272,NaN,NaN,NaN,NaN,NaN,NaN,NaN,NaN,NaN,NaN,NaN,NaN,NaN,NaN,NaN,NaN,NaN,NaN,NaN,NaN,NaN,
47.612,0.01141,-0.01580,0.12936,0.53913,-0.10949,0.29103,-0.78272,NaN,NaN,NaN,NaN,NaN,NaN,NaN,NaN,NaN,NaN,NaN,NaN,NaN,NaN,NaN,NaN,NaN,NaN,NaN,NaN,NaN,
47.638,0.01143,-0.01545,0.12942,0.54344,-0.11227,0.28730,-0.78072,NaN,NaN,NaN,NaN,NaN,NaN,NaN,NaN,NaN,NaN,NaN,NaN,NaN,NaN,NaN,NaN,NaN,NaN,NaN,NaN,NaN,
47.662,0.01143,-0.01545,0.12942,0.54344,-0.11227,0.28730,-0.78072,NaN,NaN,NaN,NaN,NaN,NaN,NaN,NaN,NaN,NaN,NaN,NaN,NaN,NaN,NaN,NaN,NaN,NaN,NaN,NaN,NaN,
47.688,0.01147,-0.01537,0.12937,0.54410,-0.11241,0.28655,-0.78052,NaN,NaN,NaN,NaN,NaN,NaN,NaN,NaN,NaN,NaN,NaN,NaN,NaN,NaN,NaN,NaN,NaN,NaN,NaN,NaN,NaN,
47.712,0.01138,-0.01541,0.12950,0.54401,-0.11280,0.28691,-0.78040,NaN,NaN,NaN,NaN,NaN,NaN,NaN,NaN,NaN,NaN,NaN,NaN,NaN,NaN,NaN,NaN,NaN,NaN,NaN,NaN,NaN,
47.738,0.01148,-0.01535,0.12945,0.54413,-0.11273,0.28671,-0.78040,NaN,NaN,NaN,NaN,NaN,NaN,NaN,NaN,NaN,NaN,NaN,NaN,NaN,NaN,NaN,NaN,NaN,NaN,NaN,NaN,NaN,
47.762,0.01148,-0.01535,0.12945,0.54413,-0.11273,0.28671,-0.78040,NaN,NaN,NaN,NaN,NaN,NaN,NaN,NaN,NaN,NaN,NaN,NaN,NaN,NaN,NaN,NaN,NaN,NaN,NaN,NaN,NaN,
47.787,0.01142,-0.01542,0.12947,0.54423,-0.11289,0.28668,-0.78031,NaN,NaN,NaN,NaN,NaN,NaN,NaN,NaN,NaN,NaN,NaN,NaN,NaN,NaN,NaN,NaN,NaN,NaN,NaN,NaN,NaN,
47.812,0.01143,-0.01541,0.12946,0.54426,-0.11285,0.28661,-0.78032,NaN,NaN,NaN,NaN,NaN,NaN,NaN,NaN,NaN,NaN,NaN,NaN,NaN,NaN,NaN,NaN,NaN,NaN,NaN,NaN,NaN,
47.838,0.01146,-0.01540,0.12946,0.54402,-0.11274,0.28686,-0.78042,NaN,NaN,NaN,NaN,NaN,NaN,NaN,NaN,NaN,NaN,NaN,NaN,NaN,NaN,NaN,NaN,NaN,NaN,NaN,NaN,NaN,
47.862,0.01146,-0.01540,0.12946,0.54402,-0.11274,0.28686,-0.78042,NaN,NaN,NaN,NaN,NaN,NaN,NaN,NaN,NaN,NaN,NaN,NaN,NaN,NaN,NaN,NaN,NaN,NaN,NaN,NaN,NaN,
47.888,0.01144,-0.01538,0.12946,0.54441,-0.11295,0.28648,-0.78025,NaN,NaN,NaN,NaN,NaN,NaN,NaN,NaN,NaN,NaN,NaN,NaN,NaN,NaN,NaN,NaN,NaN,NaN,NaN,NaN,NaN,
47.912,0.01143,-0.01536,0.12947,0.54457,-0.11303,0.28633,-0.78018,NaN,NaN,NaN,NaN,NaN,NaN,NaN,NaN,NaN,NaN,NaN,NaN,NaN,NaN,NaN,NaN,NaN,NaN,NaN,NaN,NaN,
47.938,0.01143,-0.01535,0.12949,0.54477,-0.11322,0.28619,-0.78007,NaN,NaN,NaN,NaN,NaN,NaN,NaN,NaN,NaN,NaN,NaN,NaN,NaN,NaN,NaN,NaN,NaN,NaN,NaN,NaN,NaN,
47.962,0.01143,-0.01535,0.12949,0.54477,-0.11322,0.28619,-0.78007,NaN,NaN,NaN,NaN,NaN,NaN,NaN,NaN,NaN,NaN,NaN,NaN,NaN,NaN,NaN,NaN,NaN,NaN,NaN,NaN,NaN,
47.988,0.01141,-0.01530,0.12950,0.54535,-0.11347,0.28561,-0.77984,NaN,NaN,NaN,NaN,NaN,NaN,NaN,NaN,NaN,NaN,NaN,NaN,NaN,NaN,NaN,NaN,NaN,NaN,NaN,NaN,NaN,
48.012,0.01136,-0.01528,0.12952,0.54555,-0.11342,0.28532,-0.77981,NaN,NaN,NaN,NaN,NaN,NaN,NaN,NaN,NaN,NaN,NaN,NaN,NaN,NaN,NaN,NaN,NaN,NaN,NaN,NaN,NaN,
48.038,0.01109,-0.01500,0.12953,0.54771,-0.11241,0.28190,-0.77969,NaN,NaN,NaN,NaN,NaN,NaN,NaN,NaN,NaN,NaN,NaN,NaN,NaN,NaN,NaN,NaN,NaN,NaN,NaN,NaN,NaN,
48.062,0.01088,-0.01461,0.12964,0.55124,-0.11277,0.27756,-0.77870,NaN,NaN,NaN,NaN,NaN,NaN,NaN,NaN,NaN,NaN,NaN,NaN,NaN,NaN,NaN,NaN,NaN,NaN,NaN,NaN,NaN,
48.087,0.01088,-0.01461,0.12964,0.55124,-0.11277,0.27756,-0.77870,NaN,NaN,NaN,NaN,NaN,NaN,NaN,NaN,NaN,NaN,NaN,NaN,NaN,NaN,NaN,NaN,NaN,NaN,NaN,NaN,NaN,
48.112,0.01091,-0.01439,0.12999,0.55476,-0.11506,0.27444,-0.77697,NaN,NaN,NaN,NaN,NaN,NaN,NaN,NaN,NaN,NaN,NaN,NaN,NaN,NaN,NaN,NaN,NaN,NaN,NaN,NaN,NaN,
48.137,0.01058,-0.01393,0.13031,0.56358,-0.11975,0.26582,-0.77290,NaN,NaN,NaN,NaN,NaN,NaN,NaN,NaN,NaN,NaN,NaN,NaN,NaN,NaN,NaN,NaN,NaN,NaN,NaN,NaN,NaN,
48.162,0.01085,-0.01246,0.13046,0.57453,-0.12511,0.25456,-0.76776,NaN,NaN,NaN,NaN,NaN,NaN,NaN,NaN,NaN,NaN,NaN,NaN,NaN,NaN,NaN,NaN,NaN,NaN,NaN,NaN,NaN,
48.187,0.01045,-0.01212,0.13060,0.58071,-0.12721,0.24750,-0.76507,NaN,NaN,NaN,NaN,NaN,NaN,NaN,NaN,NaN,NaN,NaN,NaN,NaN,NaN,NaN,NaN,NaN,NaN,NaN,NaN,NaN,
48.212,0.01025,-0.01155,0.13064,0.58454,-0.12738,0.24236,-0.76377,NaN,NaN,NaN,NaN,NaN,NaN,NaN,NaN,NaN,NaN,NaN,NaN,NaN,NaN,NaN,NaN,NaN,NaN,NaN,NaN,NaN,
48.238,0.01009,-0.01164,0.13068,0.58492,-0.12678,0.24144,-0.76387,NaN,NaN,NaN,NaN,NaN,NaN,NaN,NaN,NaN,NaN,NaN,NaN,NaN,NaN,NaN,NaN,NaN,NaN,NaN,NaN,NaN,
48.262,0.01009,-0.01164,0.13068,0.58492,-0.12678,0.24144,-0.76387,NaN,NaN,NaN,NaN,NaN,NaN,NaN,NaN,NaN,NaN,NaN,NaN,NaN,NaN,NaN,NaN,NaN,NaN,NaN,NaN,NaN,
48.287,0.00967,-0.01190,0.13061,0.58464,-0.12490,0.24063,-0.76465,NaN,NaN,NaN,NaN,NaN,NaN,NaN,NaN,NaN,NaN,NaN,NaN,NaN,NaN,NaN,NaN,NaN,NaN,NaN,NaN,NaN,
48.312,0.00938,-0.01176,0.13057,0.58545,-0.12236,0.23787,-0.76530,NaN,NaN,NaN,NaN,NaN,NaN,NaN,NaN,NaN,NaN,NaN,NaN,NaN,NaN,NaN,NaN,NaN,NaN,NaN,NaN,NaN,
48.338,0.00907,-0.01184,0.13060,0.58497,-0.12101,0.23766,-0.76595,NaN,NaN,NaN,NaN,NaN,NaN,NaN,NaN,NaN,NaN,NaN,NaN,NaN,NaN,NaN,NaN,NaN,NaN,NaN,NaN,NaN,
48.363,0.00925,-0.01171,0.13047,0.58396,-0.11927,0.23793,-0.76691,NaN,NaN,NaN,NaN,NaN,NaN,NaN,NaN,NaN,NaN,NaN,NaN,NaN,NaN,NaN,NaN,NaN,NaN,NaN,NaN,NaN,
48.388,0.00904,-0.01184,0.13045,0.58419,-0.11899,0.23743,-0.76693,NaN,NaN,NaN,NaN,NaN,NaN,NaN,NaN,NaN,NaN,NaN,NaN,NaN,NaN,NaN,NaN,NaN,NaN,NaN,NaN,NaN,
48.413,0.00896,-0.01185,0.13040,0.58288,-0.11704,0.23797,-0.76806,NaN,NaN,NaN,NaN,NaN,NaN,NaN,NaN,NaN,NaN,NaN,NaN,NaN,NaN,NaN,NaN,NaN,NaN,NaN,NaN,NaN,
48.438,0.00884,-0.01193,0.13022,0.58178,-0.11494,0.23811,-0.76917,NaN,NaN,NaN,NaN,NaN,NaN,NaN,NaN,NaN,NaN,NaN,NaN,NaN,NaN,NaN,NaN,NaN,NaN,NaN,NaN,NaN,
48.462,0.00868,-0.01218,0.13028,0.58049,-0.11363,0.23903,-0.77005,NaN,NaN,NaN,NaN,NaN,NaN,NaN,NaN,NaN,NaN,NaN,NaN,NaN,NaN,NaN,NaN,NaN,NaN,NaN,NaN,NaN,
48.488,0.00855,-0.01222,0.13021,0.57985,-0.11215,0.23894,-0.77078,NaN,NaN,NaN,NaN,NaN,NaN,NaN,NaN,NaN,NaN,NaN,NaN,NaN,NaN,NaN,NaN,NaN,NaN,NaN,NaN,NaN,
48.512,0.00855,-0.01224,0.13025,0.57914,-0.11114,0.23925,-0.77136,NaN,NaN,NaN,NaN,NaN,NaN,NaN,NaN,NaN,NaN,NaN,NaN,NaN,NaN,NaN,NaN,NaN,NaN,NaN,NaN,NaN,
48.538,0.00832,-0.01225,0.13014,0.57811,-0.10889,0.23918,-0.77248,NaN,NaN,NaN,NaN,NaN,NaN,NaN,NaN,NaN,NaN,NaN,NaN,NaN,NaN,NaN,NaN,NaN,NaN,NaN,NaN,NaN,
48.562,0.00828,-0.01240,0.13018,0.57644,-0.10754,0.24057,-0.77348,NaN,NaN,NaN,NaN,NaN,NaN,NaN,NaN,NaN,NaN,NaN,NaN,NaN,NaN,NaN,NaN,NaN,NaN,NaN,NaN,NaN,
48.588,0.00819,-0.01265,0.13006,0.57402,-0.10506,0.24225,-0.77510,NaN,NaN,NaN,NaN,NaN,NaN,NaN,NaN,NaN,NaN,NaN,NaN,NaN,NaN,NaN,NaN,NaN,NaN,NaN,NaN,NaN,
48.612,0.00819,-0.01265,0.13006,0.57402,-0.10506,0.24225,-0.77510,NaN,NaN,NaN,NaN,NaN,NaN,NaN,NaN,NaN,NaN,NaN,NaN,NaN,NaN,NaN,NaN,NaN,NaN,NaN,NaN,NaN,
48.638,0.00805,-0.01285,0.12996,0.57073,-0.10147,0.24434,-0.77735,NaN,NaN,NaN,NaN,NaN,NaN,NaN,NaN,NaN,NaN,NaN,NaN,NaN,NaN,NaN,NaN,NaN,NaN,NaN,NaN,NaN,
48.662,0.00792,-0.01289,0.12989,0.56917,-0.09917,0.24492,-0.77861,NaN,NaN,NaN,NaN,NaN,NaN,NaN,NaN,NaN,NaN,NaN,NaN,NaN,NaN,NaN,NaN,NaN,NaN,NaN,NaN,NaN,
48.688,0.00793,-0.01293,0.12983,0.56797,-0.09758,0.24547,-0.77951,NaN,NaN,NaN,NaN,NaN,NaN,NaN,NaN,NaN,NaN,NaN,NaN,NaN,NaN,NaN,NaN,NaN,NaN,NaN,NaN,NaN,
48.712,0.00760,-0.01323,0.12989,0.56621,-0.09579,0.24666,-0.78064,NaN,NaN,NaN,NaN,NaN,NaN,NaN,NaN,NaN,NaN,NaN,NaN,NaN,NaN,NaN,NaN,NaN,NaN,NaN,NaN,NaN,
48.738,0.00750,-0.01331,0.12983,0.56478,-0.09375,0.24721,-0.78175,NaN,NaN,NaN,NaN,NaN,NaN,NaN,NaN,NaN,NaN,NaN,NaN,NaN,NaN,NaN,NaN,NaN,NaN,NaN,NaN,NaN,
48.762,0.00750,-0.01331,0.12983,0.56478,-0.09375,0.24721,-0.78175,NaN,NaN,NaN,NaN,NaN,NaN,NaN,NaN,NaN,NaN,NaN,NaN,NaN,NaN,NaN,NaN,NaN,NaN,NaN,NaN,NaN,
48.788,0.00740,-0.01328,0.12971,0.56365,-0.09091,0.24682,-0.78302,NaN,NaN,NaN,NaN,NaN,NaN,NaN,NaN,NaN,NaN,NaN,NaN,NaN,NaN,NaN,NaN,NaN,NaN,NaN,NaN,NaN,
48.813,0.00733,-0.01329,0.12967,0.56275,-0.08953,0.24709,-0.78374,NaN,NaN,NaN,NaN,NaN,NaN,NaN,NaN,NaN,NaN,NaN,NaN,NaN,NaN,NaN,NaN,NaN,NaN,NaN,NaN,NaN,
48.838,0.00720,-0.01328,0.12960,0.56173,-0.08768,0.24721,-0.78464,NaN,NaN,NaN,NaN,NaN,NaN,NaN,NaN,NaN,NaN,NaN,NaN,NaN,NaN,NaN,NaN,NaN,NaN,NaN,NaN,NaN,
48.862,0.00720,-0.01328,0.12960,0.56173,-0.08768,0.24721,-0.78464,NaN,NaN,NaN,NaN,NaN,NaN,NaN,NaN,NaN,NaN,NaN,NaN,NaN,NaN,NaN,NaN,NaN,NaN,NaN,NaN,NaN,
48.887,0.00708,-0.01349,0.12973,0.56076,-0.08679,0.24791,-0.78521,NaN,NaN,NaN,NaN,NaN,NaN,NaN,NaN,NaN,NaN,NaN,NaN,NaN,NaN,NaN,NaN,NaN,NaN,NaN,NaN,NaN,
48.912,0.00696,-0.01337,0.12953,0.55949,-0.08385,0.24761,-0.78653,NaN,NaN,NaN,NaN,NaN,NaN,NaN,NaN,NaN,NaN,NaN,NaN,NaN,NaN,NaN,NaN,NaN,NaN,NaN,NaN,NaN,
48.938,0.00669,-0.01370,0.12967,0.55813,-0.08234,0.24839,-0.78741,NaN,NaN,NaN,NaN,NaN,NaN,NaN,NaN,NaN,NaN,NaN,NaN,NaN,NaN,NaN,NaN,NaN,NaN,NaN,NaN,NaN,
48.962,0.00669,-0.01370,0.12967,0.55813,-0.08234,0.24839,-0.78741,NaN,NaN,NaN,NaN,NaN,NaN,NaN,NaN,NaN,NaN,NaN,NaN,NaN,NaN,NaN,NaN,NaN,NaN,NaN,NaN,NaN,
48.988,0.00660,-0.01386,0.12964,0.55528,-0.07945,0.25021,-0.78914,NaN,NaN,NaN,NaN,NaN,NaN,NaN,NaN,NaN,NaN,NaN,NaN,NaN,NaN,NaN,NaN,NaN,NaN,NaN,NaN,NaN,
49.012,0.00660,-0.01386,0.12964,0.55528,-0.07945,0.25021,-0.78914,NaN,NaN,NaN,NaN,NaN,NaN,NaN,NaN,NaN,NaN,NaN,NaN,NaN,NaN,NaN,NaN,NaN,NaN,NaN,NaN,NaN,
49.038,0.00643,-0.01405,0.12957,0.55198,-0.07565,0.25198,-0.79127,NaN,NaN,NaN,NaN,NaN,NaN,NaN,NaN,NaN,NaN,NaN,NaN,NaN,NaN,NaN,NaN,NaN,NaN,NaN,NaN,NaN,
49.062,0.00643,-0.01405,0.12957,0.55198,-0.07565,0.25198,-0.79127,NaN,NaN,NaN,NaN,NaN,NaN,NaN,NaN,NaN,NaN,NaN,NaN,NaN,NaN,NaN,NaN,NaN,NaN,NaN,NaN,NaN,
49.087,0.00639,-0.01399,0.12945,0.55112,-0.07400,0.25198,-0.79202,NaN,NaN,NaN,NaN,NaN,NaN,NaN,NaN,NaN,NaN,NaN,NaN,NaN,NaN,NaN,NaN,NaN,NaN,NaN,NaN,NaN,
49.113,0.00616,-0.01419,0.12954,0.54999,-0.07229,0.25230,-0.79286,NaN,NaN,NaN,NaN,NaN,NaN,NaN,NaN,NaN,NaN,NaN,NaN,NaN,NaN,NaN,NaN,NaN,NaN,NaN,NaN,NaN,
49.137,0.00616,-0.01419,0.12954,0.54999,-0.07229,0.25230,-0.79286,NaN,NaN,NaN,NaN,NaN,NaN,NaN,NaN,NaN,NaN,NaN,NaN,NaN,NaN,NaN,NaN,NaN,NaN,NaN,NaN,NaN,
49.162,0.00619,-0.01408,0.12955,0.54977,-0.07152,0.25206,-0.79316,NaN,NaN,NaN,NaN,NaN,NaN,NaN,NaN,NaN,NaN,NaN,NaN,NaN,NaN,NaN,NaN,NaN,NaN,NaN,NaN,NaN,
49.188,0.00609,-0.01416,0.12959,0.54896,-0.07045,0.25238,-0.79371,NaN,NaN,NaN,NaN,NaN,NaN,NaN,NaN,NaN,NaN,NaN,NaN,NaN,NaN,NaN,NaN,NaN,NaN,NaN,NaN,NaN,
49.212,0.00597,-0.01422,0.12951,0.54823,-0.06910,0.25240,-0.79433,NaN,NaN,NaN,NaN,NaN,NaN,NaN,NaN,NaN,NaN,NaN,NaN,NaN,NaN,NaN,NaN,NaN,NaN,NaN,NaN,NaN,
49.238,0.00584,-0.01435,0.12964,0.54757,-0.06855,0.25289,-0.79468,NaN,NaN,NaN,NaN,NaN,NaN,NaN,NaN,NaN,NaN,NaN,NaN,NaN,NaN,NaN,NaN,NaN,NaN,NaN,NaN,NaN,
49.262,0.00584,-0.01435,0.12964,0.54757,-0.06855,0.25289,-0.79468,NaN,NaN,NaN,NaN,NaN,NaN,NaN,NaN,NaN,NaN,NaN,NaN,NaN,NaN,NaN,NaN,NaN,NaN,NaN,NaN,NaN,
49.287,0.00578,-0.01425,0.12951,0.54748,-0.06724,0.25210,-0.79511,NaN,NaN,NaN,NaN,NaN,NaN,NaN,NaN,NaN,NaN,NaN,NaN,NaN,NaN,NaN,NaN,NaN,NaN,NaN,NaN,NaN,
49.312,0.00578,-0.01423,0.12968,0.54730,-0.06713,0.25225,-0.79519,NaN,NaN,NaN,NaN,NaN,NaN,NaN,NaN,NaN,NaN,NaN,NaN,NaN,NaN,NaN,NaN,NaN,NaN,NaN,NaN,NaN,
49.337,0.00575,-0.01414,0.12959,0.54756,-0.06639,0.25139,-0.79534,NaN,NaN,NaN,NaN,NaN,NaN,NaN,NaN,NaN,NaN,NaN,NaN,NaN,NaN,NaN,NaN,NaN,NaN,NaN,NaN,NaN,
49.362,0.00551,-0.01424,0.12962,0.54671,-0.06462,0.25128,-0.79611,NaN,NaN,NaN,NaN,NaN,NaN,NaN,NaN,NaN,NaN,NaN,NaN,NaN,NaN,NaN,NaN,NaN,NaN,NaN,NaN,NaN,
49.388,0.00550,-0.01431,0.12966,0.54603,-0.06387,0.25165,-0.79652,NaN,NaN,NaN,NaN,NaN,NaN,NaN,NaN,NaN,NaN,NaN,NaN,NaN,NaN,NaN,NaN,NaN,NaN,NaN,NaN,NaN,
49.412,0.00539,-0.01434,0.12962,0.54555,-0.06271,0.25147,-0.79700,NaN,NaN,NaN,NaN,NaN,NaN,NaN,NaN,NaN,NaN,NaN,NaN,NaN,NaN,NaN,NaN,NaN,NaN,NaN,NaN,NaN,
49.437,0.00539,-0.01434,0.12962,0.54555,-0.06271,0.25147,-0.79700,NaN,NaN,NaN,NaN,NaN,NaN,NaN,NaN,NaN,NaN,NaN,NaN,NaN,NaN,NaN,NaN,NaN,NaN,NaN,NaN,NaN,
49.463,0.00528,-0.01427,0.12960,0.54524,-0.06130,0.25088,-0.79750,NaN,NaN,NaN,NaN,NaN,NaN,NaN,NaN,NaN,NaN,NaN,NaN,NaN,NaN,NaN,NaN,NaN,NaN,NaN,NaN,NaN,
49.488,0.00520,-0.01433,0.12966,0.54488,-0.06078,0.25099,-0.79776,NaN,NaN,NaN,NaN,NaN,NaN,NaN,NaN,NaN,NaN,NaN,NaN,NaN,NaN,NaN,NaN,NaN,NaN,NaN,NaN,NaN,
49.512,0.00522,-0.01425,0.12960,0.54447,-0.05982,0.25085,-0.79815,NaN,NaN,NaN,NaN,NaN,NaN,NaN,NaN,NaN,NaN,NaN,NaN,NaN,NaN,NaN,NaN,NaN,NaN,NaN,NaN,NaN,
49.537,0.00522,-0.01425,0.12960,0.54447,-0.05982,0.25085,-0.79815,NaN,NaN,NaN,NaN,NaN,NaN,NaN,NaN,NaN,NaN,NaN,NaN,NaN,NaN,NaN,NaN,NaN,NaN,NaN,NaN,NaN,
49.562,0.00511,-0.01419,0.12948,0.54321,-0.05725,0.25069,-0.79925,NaN,NaN,NaN,NaN,NaN,NaN,NaN,NaN,NaN,NaN,NaN,NaN,NaN,NaN,NaN,NaN,NaN,NaN,NaN,NaN,NaN,
49.588,0.00489,-0.01443,0.12965,0.54307,-0.05738,0.25097,-0.79925,NaN,NaN,NaN,NaN,NaN,NaN,NaN,NaN,NaN,NaN,NaN,NaN,NaN,NaN,NaN,NaN,NaN,NaN,NaN,NaN,NaN,
49.612,0.00493,-0.01426,0.12953,0.54299,-0.05634,0.25034,-0.79958,NaN,NaN,NaN,NaN,NaN,NaN,NaN,NaN,NaN,NaN,NaN,NaN,NaN,NaN,NaN,NaN,NaN,NaN,NaN,NaN,NaN,
49.638,0.00469,-0.01442,0.12961,0.54242,-0.05556,0.25053,-0.79996,NaN,NaN,NaN,NaN,NaN,NaN,NaN,NaN,NaN,NaN,NaN,NaN,NaN,NaN,NaN,NaN,NaN,NaN,NaN,NaN,NaN,
49.662,0.00488,-0.01425,0.12951,0.54235,-0.05466,0.24998,-0.80024,NaN,NaN,NaN,NaN,NaN,NaN,NaN,NaN,NaN,NaN,NaN,NaN,NaN,NaN,NaN,NaN,NaN,NaN,NaN,NaN,NaN,
49.688,0.00463,-0.01442,0.12959,0.54222,-0.05430,0.24989,-0.80037,NaN,NaN,NaN,NaN,NaN,NaN,NaN,NaN,NaN,NaN,NaN,NaN,NaN,NaN,NaN,NaN,NaN,NaN,NaN,NaN,NaN,
49.712,0.00463,-0.01442,0.12959,0.54222,-0.05430,0.24989,-0.80037,NaN,NaN,NaN,NaN,NaN,NaN,NaN,NaN,NaN,NaN,NaN,NaN,NaN,NaN,NaN,NaN,NaN,NaN,NaN,NaN,NaN,
49.737,0.00486,-0.01426,0.12955,0.54259,-0.05435,0.24945,-0.80026,NaN,NaN,NaN,NaN,NaN,NaN,NaN,NaN,NaN,NaN,NaN,NaN,NaN,NaN,NaN,NaN,NaN,NaN,NaN,NaN,NaN,
49.762,0.00467,-0.01428,0.12956,0.54262,-0.05382,0.24901,-0.80041,NaN,NaN,NaN,NaN,NaN,NaN,NaN,NaN,NaN,NaN,NaN,NaN,NaN,NaN,NaN,NaN,NaN,NaN,NaN,NaN,NaN,
49.787,0.00462,-0.01421,0.12956,0.54268,-0.05324,0.24852,-0.80056,NaN,NaN,NaN,NaN,NaN,NaN,NaN,NaN,NaN,NaN,NaN,NaN,NaN,NaN,NaN,NaN,NaN,NaN,NaN,NaN,NaN,
49.812,0.00447,-0.01430,0.12958,0.54230,-0.05249,0.24850,-0.80088,NaN,NaN,NaN,NaN,NaN,NaN,NaN,NaN,NaN,NaN,NaN,NaN,NaN,NaN,NaN,NaN,NaN,NaN,NaN,NaN,NaN,
49.838,0.00440,-0.01428,0.12956,0.54209,-0.05141,0.24799,-0.80125,NaN,NaN,NaN,NaN,NaN,NaN,NaN,NaN,NaN,NaN,NaN,NaN,NaN,NaN,NaN,NaN,NaN,NaN,NaN,NaN,NaN,
49.863,0.00434,-0.01431,0.12961,0.54197,-0.05095,0.24783,-0.80141,NaN,NaN,NaN,NaN,NaN,NaN,NaN,NaN,NaN,NaN,NaN,NaN,NaN,NaN,NaN,NaN,NaN,NaN,NaN,NaN,NaN,
49.888,0.00435,-0.01418,0.12952,0.54198,-0.05006,0.24717,-0.80166,NaN,NaN,NaN,NaN,NaN,NaN,NaN,NaN,NaN,NaN,NaN,NaN,NaN,NaN,NaN,NaN,NaN,NaN,NaN,NaN,NaN,
49.913,0.00433,-0.01421,0.12956,0.54142,-0.04931,0.24736,-0.80202,NaN,NaN,NaN,NaN,NaN,NaN,NaN,NaN,NaN,NaN,NaN,NaN,NaN,NaN,NaN,NaN,NaN,NaN,NaN,NaN,NaN,
49.937,0.00433,-0.01421,0.12956,0.54142,-0.04931,0.24736,-0.80202,NaN,NaN,NaN,NaN,NaN,NaN,NaN,NaN,NaN,NaN,NaN,NaN,NaN,NaN,NaN,NaN,NaN,NaN,NaN,NaN,NaN,
49.962,0.00426,-0.01412,0.12942,0.54180,-0.04853,0.24631,-0.80214,NaN,NaN,NaN,NaN,NaN,NaN,NaN,NaN,NaN,NaN,NaN,NaN,NaN,NaN,NaN,NaN,NaN,NaN,NaN,NaN,NaN,
49.988,0.00404,-0.01416,0.12942,0.54123,-0.04682,0.24582,-0.80278,NaN,NaN,NaN,NaN,NaN,NaN,NaN,NaN,NaN,NaN,NaN,NaN,NaN,NaN,NaN,NaN,NaN,NaN,NaN,NaN,NaN,
50.012,0.00402,-0.01416,0.12940,0.54063,-0.04589,0.24594,-0.80320,NaN,NaN,NaN,NaN,NaN,NaN,NaN,NaN,NaN,NaN,NaN,NaN,NaN,NaN,NaN,NaN,NaN,NaN,NaN,NaN,NaN,
50.038,0.00391,-0.01431,0.12954,0.53994,-0.04545,0.24654,-0.80351,NaN,NaN,NaN,NaN,NaN,NaN,NaN,NaN,NaN,NaN,NaN,NaN,NaN,NaN,NaN,NaN,NaN,NaN,NaN,NaN,NaN,
50.063,0.00383,-0.01420,0.12942,0.53993,-0.04425,0.24567,-0.80384,NaN,NaN,NaN,NaN,NaN,NaN,NaN,NaN,NaN,NaN,NaN,NaN,NaN,NaN,NaN,NaN,NaN,NaN,NaN,NaN,NaN,
50.087,0.00383,-0.01420,0.12942,0.53993,-0.04425,0.24567,-0.80384,NaN,NaN,NaN,NaN,NaN,NaN,NaN,NaN,NaN,NaN,NaN,NaN,NaN,NaN,NaN,NaN,NaN,NaN,NaN,NaN,NaN,
50.112,0.00382,-0.01424,0.12953,0.53979,-0.04393,0.24562,-0.80397,NaN,NaN,NaN,NaN,NaN,NaN,NaN,NaN,NaN,NaN,NaN,NaN,NaN,NaN,NaN,NaN,NaN,NaN,NaN,NaN,NaN,
50.137,0.00372,-0.01420,0.12945,0.53901,-0.04170,0.24503,-0.80479,NaN,NaN,NaN,NaN,NaN,NaN,NaN,NaN,NaN,NaN,NaN,NaN,NaN,NaN,NaN,NaN,NaN,NaN,NaN,NaN,NaN,
50.163,0.00370,-0.01409,0.12942,0.53829,-0.04039,0.24502,-0.80534,NaN,NaN,NaN,NaN,NaN,NaN,NaN,NaN,NaN,NaN,NaN,NaN,NaN,NaN,NaN,NaN,NaN,NaN,NaN,NaN,NaN,
50.188,0.00340,-0.01424,0.12941,0.53731,-0.03891,0.24523,-0.80600,NaN,NaN,NaN,NaN,NaN,NaN,NaN,NaN,NaN,NaN,NaN,NaN,NaN,NaN,NaN,NaN,NaN,NaN,NaN,NaN,NaN,
50.212,0.00345,-0.01433,0.12937,0.53716,-0.03832,0.24499,-0.80621,NaN,NaN,NaN,NaN,NaN,NaN,NaN,NaN,NaN,NaN,NaN,NaN,NaN,NaN,NaN,NaN,NaN,NaN,NaN,NaN,NaN,
50.238,0.00337,-0.01435,0.12947,0.53720,-0.03818,0.24483,-0.80623,NaN,NaN,NaN,NaN,NaN,NaN,NaN,NaN,NaN,NaN,NaN,NaN,NaN,NaN,NaN,NaN,NaN,NaN,NaN,NaN,NaN,
50.262,0.00329,-0.01429,0.12939,0.53649,-0.03660,0.24462,-0.80685,NaN,NaN,NaN,NaN,NaN,NaN,NaN,NaN,NaN,NaN,NaN,NaN,NaN,NaN,NaN,NaN,NaN,NaN,NaN,NaN,NaN,
50.287,0.00329,-0.01429,0.12939,0.53649,-0.03660,0.24462,-0.80685,NaN,NaN,NaN,NaN,NaN,NaN,NaN,NaN,NaN,NaN,NaN,NaN,NaN,NaN,NaN,NaN,NaN,NaN,NaN,NaN,NaN,
50.312,0.00330,-0.01428,0.12951,0.53606,-0.03606,0.24478,-0.80711,NaN,NaN,NaN,NaN,NaN,NaN,NaN,NaN,NaN,NaN,NaN,NaN,NaN,NaN,NaN,NaN,NaN,NaN,NaN,NaN,NaN,
50.337,0.00315,-0.01422,0.12941,0.53568,-0.03467,0.24427,-0.80758,NaN,NaN,NaN,NaN,NaN,NaN,NaN,NaN,NaN,NaN,NaN,NaN,NaN,NaN,NaN,NaN,NaN,NaN,NaN,NaN,NaN,
50.362,0.00314,-0.01419,0.12941,0.53500,-0.03353,0.24431,-0.80806,NaN,NaN,NaN,NaN,NaN,NaN,NaN,NaN,NaN,NaN,NaN,NaN,NaN,NaN,NaN,NaN,NaN,NaN,NaN,NaN,NaN,
50.387,0.00303,-0.01425,0.12931,0.53369,-0.03147,0.24451,-0.80895,NaN,NaN,NaN,NaN,NaN,NaN,NaN,NaN,NaN,NaN,NaN,NaN,NaN,NaN,NaN,NaN,NaN,NaN,NaN,NaN,NaN,
50.412,0.00307,-0.01434,0.12938,0.53316,-0.03103,0.24488,-0.80920,NaN,NaN,NaN,NaN,NaN,NaN,NaN,NaN,NaN,NaN,NaN,NaN,NaN,NaN,NaN,NaN,NaN,NaN,NaN,NaN,NaN,
50.438,0.00294,-0.01434,0.12935,0.53276,-0.02950,0.24427,-0.80971,NaN,NaN,NaN,NaN,NaN,NaN,NaN,NaN,NaN,NaN,NaN,NaN,NaN,NaN,NaN,NaN,NaN,NaN,NaN,NaN,NaN,
50.462,0.00272,-0.01438,0.12936,0.53259,-0.02885,0.24401,-0.80992,NaN,NaN,NaN,NaN,NaN,NaN,NaN,NaN,NaN,NaN,NaN,NaN,NaN,NaN,NaN,NaN,NaN,NaN,NaN,NaN,NaN,
50.488,0.00275,-0.01434,0.12940,0.53316,-0.02893,0.24333,-0.80975,NaN,NaN,NaN,NaN,NaN,NaN,NaN,NaN,NaN,NaN,NaN,NaN,NaN,NaN,NaN,NaN,NaN,NaN,NaN,NaN,NaN,
50.512,0.00275,-0.01434,0.12940,0.53316,-0.02893,0.24333,-0.80975,NaN,NaN,NaN,NaN,NaN,NaN,NaN,NaN,NaN,NaN,NaN,NaN,NaN,NaN,NaN,NaN,NaN,NaN,NaN,NaN,NaN,
50.537,0.00279,-0.01426,0.12936,0.53331,-0.02828,0.24264,-0.80988,NaN,NaN,NaN,NaN,NaN,NaN,NaN,NaN,NaN,NaN,NaN,NaN,NaN,NaN,NaN,NaN,NaN,NaN,NaN,NaN,NaN,
50.562,0.00275,-0.01427,0.12934,0.53200,-0.02638,0.24294,-0.81071,NaN,NaN,NaN,NaN,NaN,NaN,NaN,NaN,NaN,NaN,NaN,NaN,NaN,NaN,NaN,NaN,NaN,NaN,NaN,NaN,NaN,
50.588,0.00237,-0.01440,0.12930,0.53051,-0.02344,0.24270,-0.81185,NaN,NaN,NaN,NaN,NaN,NaN,NaN,NaN,NaN,NaN,NaN,NaN,NaN,NaN,NaN,NaN,NaN,NaN,NaN,NaN,NaN,
50.612,0.00236,-0.01437,0.12922,0.53021,-0.02215,0.24212,-0.81226,NaN,NaN,NaN,NaN,NaN,NaN,NaN,NaN,NaN,NaN,NaN,NaN,NaN,NaN,NaN,NaN,NaN,NaN,NaN,NaN,NaN,
50.638,0.00243,-0.01430,0.12938,0.53053,-0.02231,0.24182,-0.81213,NaN,NaN,NaN,NaN,NaN,NaN,NaN,NaN,NaN,NaN,NaN,NaN,NaN,NaN,NaN,NaN,NaN,NaN,NaN,NaN,NaN,
50.662,0.00243,-0.01430,0.12938,0.53053,-0.02231,0.24182,-0.81213,NaN,NaN,NaN,NaN,NaN,NaN,NaN,NaN,NaN,NaN,NaN,NaN,NaN,NaN,NaN,NaN,NaN,NaN,NaN,NaN,NaN,
50.688,0.00218,-0.01414,0.12930,0.53031,-0.01985,0.24025,-0.81280,NaN,NaN,NaN,NaN,NaN,NaN,NaN,NaN,NaN,NaN,NaN,NaN,NaN,NaN,NaN,NaN,NaN,NaN,NaN,NaN,NaN,
50.713,0.00200,-0.01423,0.12931,0.52950,-0.01845,0.24027,-0.81336,NaN,NaN,NaN,NaN,NaN,NaN,NaN,NaN,NaN,NaN,NaN,NaN,NaN,NaN,NaN,NaN,NaN,NaN,NaN,NaN,NaN,
50.738,0.00190,-0.01416,0.12930,0.52856,-0.01659,0.24010,-0.81407,NaN,NaN,NaN,NaN,NaN,NaN,NaN,NaN,NaN,NaN,NaN,NaN,NaN,NaN,NaN,NaN,NaN,NaN,NaN,NaN,NaN,
50.762,0.00166,-0.01422,0.12926,0.52752,-0.01453,0.23990,-0.81484,NaN,NaN,NaN,NaN,NaN,NaN,NaN,NaN,NaN,NaN,NaN,NaN,NaN,NaN,NaN,NaN,NaN,NaN,NaN,NaN,NaN,
50.787,0.00166,-0.01422,0.12926,0.52752,-0.01453,0.23990,-0.81484,NaN,NaN,NaN,NaN,NaN,NaN,NaN,NaN,NaN,NaN,NaN,NaN,NaN,NaN,NaN,NaN,NaN,NaN,NaN,NaN,NaN,
50.812,0.00173,-0.01416,0.12921,0.52638,-0.01244,0.23979,-0.81564,NaN,NaN,NaN,NaN,NaN,NaN,NaN,NaN,NaN,NaN,NaN,NaN,NaN,NaN,NaN,NaN,NaN,NaN,NaN,NaN,NaN,
50.837,0.00153,-0.01417,0.12920,0.52590,-0.01079,0.23917,-0.81616,NaN,NaN,NaN,NaN,NaN,NaN,NaN,NaN,NaN,NaN,NaN,NaN,NaN,NaN,NaN,NaN,NaN,NaN,NaN,NaN,NaN,
50.862,0.00128,-0.01427,0.12929,0.52532,-0.00954,0.23896,-0.81660,NaN,NaN,NaN,NaN,NaN,NaN,NaN,NaN,NaN,NaN,NaN,NaN,NaN,NaN,NaN,NaN,NaN,NaN,NaN,NaN,NaN,
50.888,0.00113,-0.01423,0.12935,0.52362,-0.00619,0.23862,-0.81783,NaN,NaN,NaN,NaN,NaN,NaN,NaN,NaN,NaN,NaN,NaN,NaN,NaN,NaN,NaN,NaN,NaN,NaN,NaN,NaN,NaN,
50.913,0.00089,-0.01424,0.12933,0.52371,-0.00467,0.23733,-0.81816,NaN,NaN,NaN,NaN,NaN,NaN,NaN,NaN,NaN,NaN,NaN,NaN,NaN,NaN,NaN,NaN,NaN,NaN,NaN,NaN,NaN,
50.938,0.00076,-0.01415,0.12938,0.52403,-0.00389,0.23630,-0.81825,NaN,NaN,NaN,NaN,NaN,NaN,NaN,NaN,NaN,NaN,NaN,NaN,NaN,NaN,NaN,NaN,NaN,NaN,NaN,NaN,NaN,
50.962,0.00076,-0.01415,0.12938,0.52403,-0.00389,0.23630,-0.81825,NaN,NaN,NaN,NaN,NaN,NaN,NaN,NaN,NaN,NaN,NaN,NaN,NaN,NaN,NaN,NaN,NaN,NaN,NaN,NaN,NaN,
50.988,0.00048,-0.01414,0.12932,0.52319,-0.00100,0.23516,-0.81912,NaN,NaN,NaN,NaN,NaN,NaN,NaN,NaN,NaN,NaN,NaN,NaN,NaN,NaN,NaN,NaN,NaN,NaN,NaN,NaN,NaN,
51.012,0.00048,-0.01414,0.12932,0.52319,-0.00100,0.23516,-0.81912,NaN,NaN,NaN,NaN,NaN,NaN,NaN,NaN,NaN,NaN,NaN,NaN,NaN,NaN,NaN,NaN,NaN,NaN,NaN,NaN,NaN,
51.038,0.00036,-0.01390,0.12937,0.52344,0.00052,0.23366,-0.81940,NaN,NaN,NaN,NaN,NaN,NaN,NaN,NaN,NaN,NaN,NaN,NaN,NaN,NaN,NaN,NaN,NaN,NaN,NaN,NaN,NaN,
51.062,0.00036,-0.01390,0.12937,0.52344,0.00052,0.23366,-0.81940,NaN,NaN,NaN,NaN,NaN,NaN,NaN,NaN,NaN,NaN,NaN,NaN,NaN,NaN,NaN,NaN,NaN,NaN,NaN,NaN,NaN,
51.087,0.00029,-0.01401,0.12942,0.52278,0.00134,0.23388,-0.81975,NaN,NaN,NaN,NaN,NaN,NaN,NaN,NaN,NaN,NaN,NaN,NaN,NaN,NaN,NaN,NaN,NaN,NaN,NaN,NaN,NaN,
51.112,0.00008,-0.01407,0.12937,0.52062,0.00485,0.23397,-0.82109,NaN,NaN,NaN,NaN,NaN,NaN,NaN,NaN,NaN,NaN,NaN,NaN,NaN,NaN,NaN,NaN,NaN,NaN,NaN,NaN,NaN,
51.138,-0.00000,-0.01401,0.12939,0.52065,0.00569,0.23327,-0.82126,NaN,NaN,NaN,NaN,NaN,NaN,NaN,NaN,NaN,NaN,NaN,NaN,NaN,NaN,NaN,NaN,NaN,NaN,NaN,NaN,NaN,
51.162,-0.00000,-0.01401,0.12939,0.52065,0.00569,0.23327,-0.82126,NaN,NaN,NaN,NaN,NaN,NaN,NaN,NaN,NaN,NaN,NaN,NaN,NaN,NaN,NaN,NaN,NaN,NaN,NaN,NaN,NaN,
51.187,0.00005,-0.01401,0.12945,0.52067,0.00607,0.23294,-0.82134,NaN,NaN,NaN,NaN,NaN,NaN,NaN,NaN,NaN,NaN,NaN,NaN,NaN,NaN,NaN,NaN,NaN,NaN,NaN,NaN,NaN,
51.212,-0.00006,-0.01389,0.12938,0.52047,0.00791,0.23177,-0.82179,NaN,NaN,NaN,NaN,NaN,NaN,NaN,NaN,NaN,NaN,NaN,NaN,NaN,NaN,NaN,NaN,NaN,NaN,NaN,NaN,NaN,
51.237,-0.00006,-0.01389,0.12938,0.52047,0.00791,0.23177,-0.82179,NaN,NaN,NaN,NaN,NaN,NaN,NaN,NaN,NaN,NaN,NaN,NaN,NaN,NaN,NaN,NaN,NaN,NaN,NaN,NaN,NaN,
51.262,-0.00011,-0.01398,0.12939,0.51947,0.00916,0.23209,-0.82231,NaN,NaN,NaN,NaN,NaN,NaN,NaN,NaN,NaN,NaN,NaN,NaN,NaN,NaN,NaN,NaN,NaN,NaN,NaN,NaN,NaN,
51.287,-0.00023,-0.01391,0.12928,0.51896,0.01066,0.23157,-0.82276,NaN,NaN,NaN,NaN,NaN,NaN,NaN,NaN,NaN,NaN,NaN,NaN,NaN,NaN,NaN,NaN,NaN,NaN,NaN,NaN,NaN,
51.312,-0.00028,-0.01394,0.12940,0.51914,0.01066,0.23134,-0.82272,NaN,NaN,NaN,NaN,NaN,NaN,NaN,NaN,NaN,NaN,NaN,NaN,NaN,NaN,NaN,NaN,NaN,NaN,NaN,NaN,NaN,
51.338,-0.00035,-0.01393,0.12944,0.51948,0.01068,0.23087,-0.82263,NaN,NaN,NaN,NaN,NaN,NaN,NaN,NaN,NaN,NaN,NaN,NaN,NaN,NaN,NaN,NaN,NaN,NaN,NaN,NaN,NaN,
51.363,-0.00036,-0.01387,0.12936,0.51971,0.01074,0.23052,-0.82258,NaN,NaN,NaN,NaN,NaN,NaN,NaN,NaN,NaN,NaN,NaN,NaN,NaN,NaN,NaN,NaN,NaN,NaN,NaN,NaN,NaN,
51.388,-0.00030,-0.01394,0.12943,0.51965,0.00964,0.23147,-0.82237,NaN,NaN,NaN,NaN,NaN,NaN,NaN,NaN,NaN,NaN,NaN,NaN,NaN,NaN,NaN,NaN,NaN,NaN,NaN,NaN,NaN,
51.413,-0.00032,-0.01391,0.12941,0.51964,0.01004,0.23118,-0.82246,NaN,NaN,NaN,NaN,NaN,NaN,NaN,NaN,NaN,NaN,NaN,NaN,NaN,NaN,NaN,NaN,NaN,NaN,NaN,NaN,NaN,
51.438,-0.00034,-0.01391,0.12940,0.51950,0.01038,0.23109,-0.82257,NaN,NaN,NaN,NaN,NaN,NaN,NaN,NaN,NaN,NaN,NaN,NaN,NaN,NaN,NaN,NaN,NaN,NaN,NaN,NaN,NaN,
51.462,-0.00034,-0.01391,0.12940,0.51950,0.01038,0.23109,-0.82257,NaN,NaN,NaN,NaN,NaN,NaN,NaN,NaN,NaN,NaN,NaN,NaN,NaN,NaN,NaN,NaN,NaN,NaN,NaN,NaN,NaN,
51.487,-0.00035,-0.01389,0.12938,0.51941,0.01075,0.23092,-0.82267,NaN,NaN,NaN,NaN,NaN,NaN,NaN,NaN,NaN,NaN,NaN,NaN,NaN,NaN,NaN,NaN,NaN,NaN,NaN,NaN,NaN,
51.512,-0.00036,-0.01388,0.12935,0.51938,0.01100,0.23075,-0.82273,NaN,NaN,NaN,NaN,NaN,NaN,NaN,NaN,NaN,NaN,NaN,NaN,NaN,NaN,NaN,NaN,NaN,NaN,NaN,NaN,NaN,
51.538,-0.00039,-0.01389,0.12930,0.51906,0.01161,0.23068,-0.82294,NaN,NaN,NaN,NaN,NaN,NaN,NaN,NaN,NaN,NaN,NaN,NaN,NaN,NaN,NaN,NaN,NaN,NaN,NaN,NaN,NaN,
51.562,-0.00039,-0.01389,0.12930,0.51906,0.01161,0.23068,-0.82294,NaN,NaN,NaN,NaN,NaN,NaN,NaN,NaN,NaN,NaN,NaN,NaN,NaN,NaN,NaN,NaN,NaN,NaN,NaN,NaN,NaN,
51.587,-0.00041,-0.01390,0.12926,0.51881,0.01198,0.23073,-0.82308,NaN,NaN,NaN,NaN,NaN,NaN,NaN,NaN,NaN,NaN,NaN,NaN,NaN,NaN,NaN,NaN,NaN,NaN,NaN,NaN,NaN,
51.613,-0.00046,-0.01391,0.12919,0.51807,0.01297,0.23091,-0.82348,NaN,NaN,NaN,NaN,NaN,NaN,NaN,NaN,NaN,NaN,NaN,NaN,NaN,NaN,NaN,NaN,NaN,NaN,NaN,NaN,NaN,
51.638,-0.00057,-0.01396,0.12897,0.51544,0.01647,0.23157,-0.82488,NaN,NaN,NaN,NaN,NaN,NaN,NaN,NaN,NaN,NaN,NaN,NaN,NaN,NaN,NaN,NaN,NaN,NaN,NaN,NaN,NaN,
51.663,-0.00067,-0.01402,0.12895,0.51396,0.01798,0.23230,-0.82557,NaN,NaN,NaN,NaN,NaN,NaN,NaN,NaN,NaN,NaN,NaN,NaN,NaN,NaN,NaN,NaN,NaN,NaN,NaN,NaN,NaN,
51.688,-0.00068,-0.01404,0.12896,0.51241,0.01950,0.23311,-0.82626,NaN,NaN,NaN,NaN,NaN,NaN,NaN,NaN,NaN,NaN,NaN,NaN,NaN,NaN,NaN,NaN,NaN,NaN,NaN,NaN,NaN,
51.713,-0.00084,-0.01410,0.12887,0.51080,0.02153,0.23359,-0.82708,NaN,NaN,NaN,NaN,NaN,NaN,NaN,NaN,NaN,NaN,NaN,NaN,NaN,NaN,NaN,NaN,NaN,NaN,NaN,NaN,NaN,
51.737,-0.00084,-0.01410,0.12887,0.51080,0.02153,0.23359,-0.82708,NaN,NaN,NaN,NaN,NaN,NaN,NaN,NaN,NaN,NaN,NaN,NaN,NaN,NaN,NaN,NaN,NaN,NaN,NaN,NaN,NaN,
51.763,-0.00103,-0.01413,0.12882,0.50850,0.02447,0.23421,-0.82823,NaN,NaN,NaN,NaN,NaN,NaN,NaN,NaN,NaN,NaN,NaN,NaN,NaN,NaN,NaN,NaN,NaN,NaN,NaN,NaN,NaN,
51.788,-0.00108,-0.01413,0.12883,0.50706,0.02632,0.23459,-0.82895,NaN,NaN,NaN,NaN,NaN,NaN,NaN,NaN,NaN,NaN,NaN,NaN,NaN,NaN,NaN,NaN,NaN,NaN,NaN,NaN,NaN,
51.812,-0.00108,-0.01413,0.12883,0.50706,0.02632,0.23459,-0.82895,NaN,NaN,NaN,NaN,NaN,NaN,NaN,NaN,NaN,NaN,NaN,NaN,NaN,NaN,NaN,NaN,NaN,NaN,NaN,NaN,NaN,
51.837,-0.00124,-0.01417,0.12882,0.50583,0.02810,0.23475,-0.82960,NaN,NaN,NaN,NaN,NaN,NaN,NaN,NaN,NaN,NaN,NaN,NaN,NaN,NaN,NaN,NaN,NaN,NaN,NaN,NaN,NaN,
51.862,-0.00138,-0.01415,0.12876,0.50457,0.03027,0.23463,-0.83032,NaN,NaN,NaN,NaN,NaN,NaN,NaN,NaN,NaN,NaN,NaN,NaN,NaN,NaN,NaN,NaN,NaN,NaN,NaN,NaN,NaN,
51.887,-0.00152,-0.01419,0.12875,0.50292,0.03239,0.23505,-0.83113,NaN,NaN,NaN,NaN,NaN,NaN,NaN,NaN,NaN,NaN,NaN,NaN,NaN,NaN,NaN,NaN,NaN,NaN,NaN,NaN,NaN,
51.913,-0.00177,-0.01419,0.12870,0.50045,0.03605,0.23527,-0.83241,NaN,NaN,NaN,NaN,NaN,NaN,NaN,NaN,NaN,NaN,NaN,NaN,NaN,NaN,NaN,NaN,NaN,NaN,NaN,NaN,NaN,
51.938,-0.00186,-0.01421,0.12867,-0.49958,-0.03761,-0.23512,0.83290,NaN,NaN,NaN,NaN,NaN,NaN,NaN,NaN,NaN,NaN,NaN,NaN,NaN,NaN,NaN,NaN,NaN,NaN,NaN,NaN,NaN,
51.962,-0.00199,-0.01429,0.12870,-0.49850,-0.03926,-0.23516,0.83346,NaN,NaN,NaN,NaN,NaN,NaN,NaN,NaN,NaN,NaN,NaN,NaN,NaN,NaN,NaN,NaN,NaN,NaN,NaN,NaN,NaN,
51.987,-0.00199,-0.01429,0.12870,-0.49850,-0.03926,-0.23516,0.83346,NaN,NaN,NaN,NaN,NaN,NaN,NaN,NaN,NaN,NaN,NaN,NaN,NaN,NaN,NaN,NaN,NaN,NaN,NaN,NaN,NaN,
52.012,-0.00222,-0.01422,0.12864,-0.49669,-0.04276,-0.23463,0.83452,NaN,NaN,NaN,NaN,NaN,NaN,NaN,NaN,NaN,NaN,NaN,NaN,NaN,NaN,NaN,NaN,NaN,NaN,NaN,NaN,NaN,
52.038,-0.00230,-0.01419,0.12861,-0.49610,-0.04418,-0.23422,0.83491,NaN,NaN,NaN,NaN,NaN,NaN,NaN,NaN,NaN,NaN,NaN,NaN,NaN,NaN,NaN,NaN,NaN,NaN,NaN,NaN,NaN,
52.062,-0.00230,-0.01419,0.12861,-0.49610,-0.04418,-0.23422,0.83491,NaN,NaN,NaN,NaN,NaN,NaN,NaN,NaN,NaN,NaN,NaN,NaN,NaN,NaN,NaN,NaN,NaN,NaN,NaN,NaN,NaN,
52.088,-0.00243,-0.01416,0.12860,-0.49492,-0.04666,-0.23370,0.83562,NaN,NaN,NaN,NaN,NaN,NaN,NaN,NaN,NaN,NaN,NaN,NaN,NaN,NaN,NaN,NaN,NaN,NaN,NaN,NaN,NaN,
52.112,-0.00262,-0.01420,0.12861,-0.49417,-0.04801,-0.23354,0.83603,NaN,NaN,NaN,NaN,NaN,NaN,NaN,NaN,NaN,NaN,NaN,NaN,NaN,NaN,NaN,NaN,NaN,NaN,NaN,NaN,NaN,
52.137,-0.00262,-0.01420,0.12861,-0.49417,-0.04801,-0.23354,0.83603,NaN,NaN,NaN,NaN,NaN,NaN,NaN,NaN,NaN,NaN,NaN,NaN,NaN,NaN,NaN,NaN,NaN,NaN,NaN,NaN,NaN,
52.162,-0.00276,-0.01416,0.12857,-0.49346,-0.04955,-0.23317,0.83646,NaN,NaN,NaN,NaN,NaN,NaN,NaN,NaN,NaN,NaN,NaN,NaN,NaN,NaN,NaN,NaN,NaN,NaN,NaN,NaN,NaN,
52.188,-0.00289,-0.01414,0.12863,-0.49251,-0.05119,-0.23303,0.83696,NaN,NaN,NaN,NaN,NaN,NaN,NaN,NaN,NaN,NaN,NaN,NaN,NaN,NaN,NaN,NaN,NaN,NaN,NaN,NaN,NaN,
52.212,-0.00289,-0.01414,0.12863,-0.49251,-0.05119,-0.23303,0.83696,NaN,NaN,NaN,NaN,NaN,NaN,NaN,NaN,NaN,NaN,NaN,NaN,NaN,NaN,NaN,NaN,NaN,NaN,NaN,NaN,NaN,
52.238,-0.00313,-0.01403,0.12863,-0.49109,-0.05448,-0.23211,0.83784,NaN,NaN,NaN,NaN,NaN,NaN,NaN,NaN,NaN,NaN,NaN,NaN,NaN,NaN,NaN,NaN,NaN,NaN,NaN,NaN,NaN,
52.263,-0.00320,-0.01399,0.12864,-0.49058,-0.05556,-0.23187,0.83814,NaN,NaN,NaN,NaN,NaN,NaN,NaN,NaN,NaN,NaN,NaN,NaN,NaN,NaN,NaN,NaN,NaN,NaN,NaN,NaN,NaN,
52.288,-0.00328,-0.01396,0.12860,-0.49007,-0.05678,-0.23150,0.83846,NaN,NaN,NaN,NaN,NaN,NaN,NaN,NaN,NaN,NaN,NaN,NaN,NaN,NaN,NaN,NaN,NaN,NaN,NaN,NaN,NaN,
52.312,-0.00328,-0.01396,0.12860,-0.49007,-0.05678,-0.23150,0.83846,NaN,NaN,NaN,NaN,NaN,NaN,NaN,NaN,NaN,NaN,NaN,NaN,NaN,NaN,NaN,NaN,NaN,NaN,NaN,NaN,NaN,
52.338,-0.00351,-0.01394,0.12857,-0.48895,-0.05934,-0.23080,0.83913,NaN,NaN,NaN,NaN,NaN,NaN,NaN,NaN,NaN,NaN,NaN,NaN,NaN,NaN,NaN,NaN,NaN,NaN,NaN,NaN,NaN,
52.363,-0.00363,-0.01397,0.12863,-0.48836,-0.06042,-0.23065,0.83944,NaN,NaN,NaN,NaN,NaN,NaN,NaN,NaN,NaN,NaN,NaN,NaN,NaN,NaN,NaN,NaN,NaN,NaN,NaN,NaN,NaN,
52.388,-0.00381,-0.01386,0.12862,-0.48796,-0.06236,-0.22953,0.83984,NaN,NaN,NaN,NaN,NaN,NaN,NaN,NaN,NaN,NaN,NaN,NaN,NaN,NaN,NaN,NaN,NaN,NaN,NaN,NaN,NaN,
52.412,-0.00381,-0.01386,0.12862,-0.48796,-0.06236,-0.22953,0.83984,NaN,NaN,NaN,NaN,NaN,NaN,NaN,NaN,NaN,NaN,NaN,NaN,NaN,NaN,NaN,NaN,NaN,NaN,NaN,NaN,NaN,
52.438,-0.00410,-0.01378,0.12864,-0.48611,-0.06688,-0.22807,0.84095,NaN,NaN,NaN,NaN,NaN,NaN,NaN,NaN,NaN,NaN,NaN,NaN,NaN,NaN,NaN,NaN,NaN,NaN,NaN,NaN,NaN,
52.462,-0.00418,-0.01375,0.12864,-0.48562,-0.06817,-0.22761,0.84126,NaN,NaN,NaN,NaN,NaN,NaN,NaN,NaN,NaN,NaN,NaN,NaN,NaN,NaN,NaN,NaN,NaN,NaN,NaN,NaN,NaN,
52.488,-0.00427,-0.01371,0.12862,-0.48509,-0.06950,-0.22716,0.84158,NaN,NaN,NaN,NaN,NaN,NaN,NaN,NaN,NaN,NaN,NaN,NaN,NaN,NaN,NaN,NaN,NaN,NaN,NaN,NaN,NaN,
52.512,-0.00427,-0.01371,0.12862,-0.48509,-0.06950,-0.22716,0.84158,NaN,NaN,NaN,NaN,NaN,NaN,NaN,NaN,NaN,NaN,NaN,NaN,NaN,NaN,NaN,NaN,NaN,NaN,NaN,NaN,NaN,
52.538,-0.00447,-0.01365,0.12862,-0.48413,-0.07206,-0.22621,0.84218,NaN,NaN,NaN,NaN,NaN,NaN,NaN,NaN,NaN,NaN,NaN,NaN,NaN,NaN,NaN,NaN,NaN,NaN,NaN,NaN,NaN,
52.562,-0.00447,-0.01365,0.12862,-0.48413,-0.07206,-0.22621,0.84218,NaN,NaN,NaN,NaN,NaN,NaN,NaN,NaN,NaN,NaN,NaN,NaN,NaN,NaN,NaN,NaN,NaN,NaN,NaN,NaN,NaN,
52.588,-0.00474,-0.01359,0.12864,-0.48302,-0.07473,-0.22535,0.84281,NaN,NaN,NaN,NaN,NaN,NaN,NaN,NaN,NaN,NaN,NaN,NaN,NaN,NaN,NaN,NaN,NaN,NaN,NaN,NaN,NaN,
52.613,-0.00487,-0.01356,0.12865,-0.48242,-0.07598,-0.22503,0.84312,NaN,NaN,NaN,NaN,NaN,NaN,NaN,NaN,NaN,NaN,NaN,NaN,NaN,NaN,NaN,NaN,NaN,NaN,NaN,NaN,NaN,
52.638,-0.00495,-0.01353,0.12869,-0.48189,-0.07708,-0.22477,0.84340,NaN,NaN,NaN,NaN,NaN,NaN,NaN,NaN,NaN,NaN,NaN,NaN,NaN,NaN,NaN,NaN,NaN,NaN,NaN,NaN,NaN,
52.662,-0.00495,-0.01353,0.12869,-0.48189,-0.07708,-0.22477,0.84340,NaN,NaN,NaN,NaN,NaN,NaN,NaN,NaN,NaN,NaN,NaN,NaN,NaN,NaN,NaN,NaN,NaN,NaN,NaN,NaN,NaN,
52.688,-0.00501,-0.01343,0.12866,-0.48147,-0.07846,-0.22411,0.84368,NaN,NaN,NaN,NaN,NaN,NaN,NaN,NaN,NaN,NaN,NaN,NaN,NaN,NaN,NaN,NaN,NaN,NaN,NaN,NaN,NaN,
52.712,-0.00501,-0.01343,0.12866,-0.48147,-0.07846,-0.22411,0.84368,NaN,NaN,NaN,NaN,NaN,NaN,NaN,NaN,NaN,NaN,NaN,NaN,NaN,NaN,NaN,NaN,NaN,NaN,NaN,NaN,NaN,
52.738,-0.00513,-0.01340,0.12863,-0.48085,-0.07997,-0.22361,0.84403,NaN,NaN,NaN,NaN,NaN,NaN,NaN,NaN,NaN,NaN,NaN,NaN,NaN,NaN,NaN,NaN,NaN,NaN,NaN,NaN,NaN,
52.763,-0.00524,-0.01340,0.12865,-0.48027,-0.08150,-0.22303,0.84437,NaN,NaN,NaN,NaN,NaN,NaN,NaN,NaN,NaN,NaN,NaN,NaN,NaN,NaN,NaN,NaN,NaN,NaN,NaN,NaN,NaN,
52.788,-0.00552,-0.01332,0.12860,-0.47937,-0.08428,-0.22177,0.84494,NaN,NaN,NaN,NaN,NaN,NaN,NaN,NaN,NaN,NaN,NaN,NaN,NaN,NaN,NaN,NaN,NaN,NaN,NaN,NaN,NaN,
52.812,-0.00577,-0.01330,0.12857,-0.47698,-0.08837,-0.22126,0.84600,NaN,NaN,NaN,NaN,NaN,NaN,NaN,NaN,NaN,NaN,NaN,NaN,NaN,NaN,NaN,NaN,NaN,NaN,NaN,NaN,NaN,
52.837,-0.00577,-0.01330,0.12857,-0.47698,-0.08837,-0.22126,0.84600,NaN,NaN,NaN,NaN,NaN,NaN,NaN,NaN,NaN,NaN,NaN,NaN,NaN,NaN,NaN,NaN,NaN,NaN,NaN,NaN,NaN,
52.862,-0.00613,-0.01369,0.12854,-0.46867,-0.09737,-0.22397,0.84894,NaN,NaN,NaN,NaN,NaN,NaN,NaN,NaN,NaN,NaN,NaN,NaN,NaN,NaN,NaN,NaN,NaN,NaN,NaN,NaN,NaN,
52.887,-0.00628,-0.01392,0.12861,-0.46304,-0.10302,-0.22611,0.85079,NaN,NaN,NaN,NaN,NaN,NaN,NaN,NaN,NaN,NaN,NaN,NaN,NaN,NaN,NaN,NaN,NaN,NaN,NaN,NaN,NaN,
52.912,-0.00664,-0.01416,0.12857,-0.45630,-0.11012,-0.22829,0.85296,NaN,NaN,NaN,NaN,NaN,NaN,NaN,NaN,NaN,NaN,NaN,NaN,NaN,NaN,NaN,NaN,NaN,NaN,NaN,NaN,NaN,
52.937,-0.00664,-0.01416,0.12857,-0.45630,-0.11012,-0.22829,0.85296,NaN,NaN,NaN,NaN,NaN,NaN,NaN,NaN,NaN,NaN,NaN,NaN,NaN,NaN,NaN,NaN,NaN,NaN,NaN,NaN,NaN,
52.963,-0.00679,-0.01430,0.12858,-0.45363,-0.11305,-0.22903,0.85380,NaN,NaN,NaN,NaN,NaN,NaN,NaN,NaN,NaN,NaN,NaN,NaN,NaN,NaN,NaN,NaN,NaN,NaN,NaN,NaN,NaN,
52.988,-0.00686,-0.01431,0.12856,-0.45277,-0.11410,-0.22917,0.85409,NaN,NaN,NaN,NaN,NaN,NaN,NaN,NaN,NaN,NaN,NaN,NaN,NaN,NaN,NaN,NaN,NaN,NaN,NaN,NaN,NaN,
53.012,-0.00686,-0.01431,0.12856,-0.45277,-0.11410,-0.22917,0.85409,NaN,NaN,NaN,NaN,NaN,NaN,NaN,NaN,NaN,NaN,NaN,NaN,NaN,NaN,NaN,NaN,NaN,NaN,NaN,NaN,NaN,
53.038,-0.00703,-0.01445,0.12871,-0.44990,-0.11681,-0.23032,0.85492,NaN,NaN,NaN,NaN,NaN,NaN,NaN,NaN,NaN,NaN,NaN,NaN,NaN,NaN,NaN,NaN,NaN,NaN,NaN,NaN,NaN,
53.062,-0.00703,-0.01445,0.12871,-0.44990,-0.11681,-0.23032,0.85492,NaN,NaN,NaN,NaN,NaN,NaN,NaN,NaN,NaN,NaN,NaN,NaN,NaN,NaN,NaN,NaN,NaN,NaN,NaN,NaN,NaN,
53.088,-0.00715,-0.01448,0.12886,-0.44763,-0.11910,-0.23110,0.85559,NaN,NaN,NaN,NaN,NaN,NaN,NaN,NaN,NaN,NaN,NaN,NaN,NaN,NaN,NaN,NaN,NaN,NaN,NaN,NaN,NaN,
53.112,-0.00726,-0.01456,0.12896,-0.44616,-0.12054,-0.23164,0.85601,NaN,NaN,NaN,NaN,NaN,NaN,NaN,NaN,NaN,NaN,NaN,NaN,NaN,NaN,NaN,NaN,NaN,NaN,NaN,NaN,NaN,
53.138,-0.00732,-0.01458,0.12899,-0.44525,-0.12164,-0.23178,0.85629,NaN,NaN,NaN,NaN,NaN,NaN,NaN,NaN,NaN,NaN,NaN,NaN,NaN,NaN,NaN,NaN,NaN,NaN,NaN,NaN,NaN,
53.162,-0.00737,-0.01460,0.12901,-0.44470,-0.12236,-0.23182,0.85647,NaN,NaN,NaN,NaN,NaN,NaN,NaN,NaN,NaN,NaN,NaN,NaN,NaN,NaN,NaN,NaN,NaN,NaN,NaN,NaN,NaN,
53.187,-0.00737,-0.01460,0.12901,-0.44470,-0.12236,-0.23182,0.85647,NaN,NaN,NaN,NaN,NaN,NaN,NaN,NaN,NaN,NaN,NaN,NaN,NaN,NaN,NaN,NaN,NaN,NaN,NaN,NaN,NaN,
53.212,-0.00752,-0.01464,0.12908,-0.44383,-0.12394,-0.23147,0.85678,NaN,NaN,NaN,NaN,NaN,NaN,NaN,NaN,NaN,NaN,NaN,NaN,NaN,NaN,NaN,NaN,NaN,NaN,NaN,NaN,NaN,
53.238,-0.00758,-0.01465,0.12916,-0.44338,-0.12479,-0.23126,0.85695,NaN,NaN,NaN,NaN,NaN,NaN,NaN,NaN,NaN,NaN,NaN,NaN,NaN,NaN,NaN,NaN,NaN,NaN,NaN,NaN,NaN,
53.262,-0.00758,-0.01465,0.12916,-0.44338,-0.12479,-0.23126,0.85695,NaN,NaN,NaN,NaN,NaN,NaN,NaN,NaN,NaN,NaN,NaN,NaN,NaN,NaN,NaN,NaN,NaN,NaN,NaN,NaN,NaN,
53.287,-0.00766,-0.01467,0.12922,-0.44284,-0.12561,-0.23120,0.85713,NaN,NaN,NaN,NaN,NaN,NaN,NaN,NaN,NaN,NaN,NaN,NaN,NaN,NaN,NaN,NaN,NaN,NaN,NaN,NaN,NaN,
53.312,-0.00770,-0.01466,0.12930,-0.44239,-0.12630,-0.23113,0.85727,NaN,NaN,NaN,NaN,NaN,NaN,NaN,NaN,NaN,NaN,NaN,NaN,NaN,NaN,NaN,NaN,NaN,NaN,NaN,NaN,NaN,
53.337,-0.00778,-0.01468,0.12934,-0.44120,-0.12785,-0.23120,0.85764,NaN,NaN,NaN,NaN,NaN,NaN,NaN,NaN,NaN,NaN,NaN,NaN,NaN,NaN,NaN,NaN,NaN,NaN,NaN,NaN,NaN,
53.362,-0.00795,-0.01470,0.12939,-0.43942,-0.13022,-0.23126,0.85818,NaN,NaN,NaN,NaN,NaN,NaN,NaN,NaN,NaN,NaN,NaN,NaN,NaN,NaN,NaN,NaN,NaN,NaN,NaN,NaN,NaN,
53.388,-0.00801,-0.01470,0.12945,-0.43911,-0.13080,-0.23112,0.85829,NaN,NaN,NaN,NaN,NaN,NaN,NaN,NaN,NaN,NaN,NaN,NaN,NaN,NaN,NaN,NaN,NaN,NaN,NaN,NaN,NaN,
53.412,-0.00801,-0.01470,0.12945,-0.43911,-0.13080,-0.23112,0.85829,NaN,NaN,NaN,NaN,NaN,NaN,NaN,NaN,NaN,NaN,NaN,NaN,NaN,NaN,NaN,NaN,NaN,NaN,NaN,NaN,NaN,
53.438,-0.00816,-0.01469,0.12951,-0.43820,-0.13243,-0.23076,0.85860,NaN,NaN,NaN,NaN,NaN,NaN,NaN,NaN,NaN,NaN,NaN,NaN,NaN,NaN,NaN,NaN,NaN,NaN,NaN,NaN,NaN,
53.463,-0.00820,-0.01464,0.12954,-0.43785,-0.13333,-0.23038,0.85874,NaN,NaN,NaN,NaN,NaN,NaN,NaN,NaN,NaN,NaN,NaN,NaN,NaN,NaN,NaN,NaN,NaN,NaN,NaN,NaN,NaN,
53.488,-0.00831,-0.01463,0.12959,-0.43729,-0.13435,-0.23014,0.85893,NaN,NaN,NaN,NaN,NaN,NaN,NaN,NaN,NaN,NaN,NaN,NaN,NaN,NaN,NaN,NaN,NaN,NaN,NaN,NaN,NaN,
53.512,-0.00838,-0.01461,0.12959,-0.43646,-0.13581,-0.22983,0.85921,NaN,NaN,NaN,NaN,NaN,NaN,NaN,NaN,NaN,NaN,NaN,NaN,NaN,NaN,NaN,NaN,NaN,NaN,NaN,NaN,NaN,
53.538,-0.00844,-0.01458,0.12959,-0.43607,-0.13665,-0.22955,0.85935,NaN,NaN,NaN,NaN,NaN,NaN,NaN,NaN,NaN,NaN,NaN,NaN,NaN,NaN,NaN,NaN,NaN,NaN,NaN,NaN,NaN,
53.562,-0.00844,-0.01458,0.12959,-0.43607,-0.13665,-0.22955,0.85935,NaN,NaN,NaN,NaN,NaN,NaN,NaN,NaN,NaN,NaN,NaN,NaN,NaN,NaN,NaN,NaN,NaN,NaN,NaN,NaN,NaN,
53.588,-0.00852,-0.01462,0.12957,-0.43570,-0.13780,-0.22894,0.85951,NaN,NaN,NaN,NaN,NaN,NaN,NaN,NaN,NaN,NaN,NaN,NaN,NaN,NaN,NaN,NaN,NaN,NaN,NaN,NaN,NaN,
53.612,-0.00856,-0.01462,0.12957,-0.43521,-0.13885,-0.22860,0.85968,NaN,NaN,NaN,NaN,NaN,NaN,NaN,NaN,NaN,NaN,NaN,NaN,NaN,NaN,NaN,NaN,NaN,NaN,NaN,NaN,NaN,
53.638,-0.00869,-0.01463,0.12958,-0.43467,-0.13981,-0.22838,0.85986,NaN,NaN,NaN,NaN,NaN,NaN,NaN,NaN,NaN,NaN,NaN,NaN,NaN,NaN,NaN,NaN,NaN,NaN,NaN,NaN,NaN,
53.662,-0.00869,-0.01463,0.12958,-0.43467,-0.13981,-0.22838,0.85986,NaN,NaN,NaN,NaN,NaN,NaN,NaN,NaN,NaN,NaN,NaN,NaN,NaN,NaN,NaN,NaN,NaN,NaN,NaN,NaN,NaN,
53.687,-0.00869,-0.01461,0.12961,-0.43465,-0.14055,-0.22773,0.85992,NaN,NaN,NaN,NaN,NaN,NaN,NaN,NaN,NaN,NaN,NaN,NaN,NaN,NaN,NaN,NaN,NaN,NaN,NaN,NaN,NaN,
53.712,-0.00884,-0.01456,0.12965,-0.43424,-0.14173,-0.22714,0.86009,NaN,NaN,NaN,NaN,NaN,NaN,NaN,NaN,NaN,NaN,NaN,NaN,NaN,NaN,NaN,NaN,NaN,NaN,NaN,NaN,NaN,
53.738,-0.00892,-0.01445,0.12972,-0.43375,-0.14336,-0.22626,0.86030,NaN,NaN,NaN,NaN,NaN,NaN,NaN,NaN,NaN,NaN,NaN,NaN,NaN,NaN,NaN,NaN,NaN,NaN,NaN,NaN,NaN,
53.762,-0.00892,-0.01445,0.12972,-0.43375,-0.14336,-0.22626,0.86030,NaN,NaN,NaN,NaN,NaN,NaN,NaN,NaN,NaN,NaN,NaN,NaN,NaN,NaN,NaN,NaN,NaN,NaN,NaN,NaN,NaN,
53.788,-0.00905,-0.01443,0.12975,-0.43284,-0.14501,-0.22585,0.86059,NaN,NaN,NaN,NaN,NaN,NaN,NaN,NaN,NaN,NaN,NaN,NaN,NaN,NaN,NaN,NaN,NaN,NaN,NaN,NaN,NaN,
53.812,-0.00905,-0.01443,0.12975,-0.43284,-0.14501,-0.22585,0.86059,NaN,NaN,NaN,NaN,NaN,NaN,NaN,NaN,NaN,NaN,NaN,NaN,NaN,NaN,NaN,NaN,NaN,NaN,NaN,NaN,NaN,
53.838,-0.00921,-0.01440,0.12981,-0.43202,-0.14667,-0.22534,0.86085,NaN,NaN,NaN,NaN,NaN,NaN,NaN,NaN,NaN,NaN,NaN,NaN,NaN,NaN,NaN,NaN,NaN,NaN,NaN,NaN,NaN,
53.862,-0.00930,-0.01437,0.12981,-0.43161,-0.14786,-0.22474,0.86101,NaN,NaN,NaN,NaN,NaN,NaN,NaN,NaN,NaN,NaN,NaN,NaN,NaN,NaN,NaN,NaN,NaN,NaN,NaN,NaN,NaN,
53.888,-0.00942,-0.01433,0.12982,-0.43104,-0.14910,-0.22428,0.86120,NaN,NaN,NaN,NaN,NaN,NaN,NaN,NaN,NaN,NaN,NaN,NaN,NaN,NaN,NaN,NaN,NaN,NaN,NaN,NaN,NaN,
53.912,-0.00950,-0.01434,0.12986,-0.43049,-0.15005,-0.22409,0.86136,NaN,NaN,NaN,NaN,NaN,NaN,NaN,NaN,NaN,NaN,NaN,NaN,NaN,NaN,NaN,NaN,NaN,NaN,NaN,NaN,NaN,
53.937,-0.00950,-0.01434,0.12986,-0.43049,-0.15005,-0.22409,0.86136,NaN,NaN,NaN,NaN,NaN,NaN,NaN,NaN,NaN,NaN,NaN,NaN,NaN,NaN,NaN,NaN,NaN,NaN,NaN,NaN,NaN,
53.962,-0.00957,-0.01428,0.12991,-0.42964,-0.15195,-0.22337,0.86164,NaN,NaN,NaN,NaN,NaN,NaN,NaN,NaN,NaN,NaN,NaN,NaN,NaN,NaN,NaN,NaN,NaN,NaN,NaN,NaN,NaN,
53.988,-0.00965,-0.01428,0.12988,-0.42900,-0.15312,-0.22308,0.86183,NaN,NaN,NaN,NaN,NaN,NaN,NaN,NaN,NaN,NaN,NaN,NaN,NaN,NaN,NaN,NaN,NaN,NaN,NaN,NaN,NaN,
54.012,-0.00965,-0.01428,0.12988,-0.42900,-0.15312,-0.22308,0.86183,NaN,NaN,NaN,NaN,NaN,NaN,NaN,NaN,NaN,NaN,NaN,NaN,NaN,NaN,NaN,NaN,NaN,NaN,NaN,NaN,NaN,
54.038,-0.00977,-0.01435,0.12989,-0.42803,-0.15481,-0.22269,0.86211,NaN,NaN,NaN,NaN,NaN,NaN,NaN,NaN,NaN,NaN,NaN,NaN,NaN,NaN,NaN,NaN,NaN,NaN,NaN,NaN,NaN,
54.063,-0.00983,-0.01436,0.12988,-0.42772,-0.15561,-0.22232,0.86221,NaN,NaN,NaN,NaN,NaN,NaN,NaN,NaN,NaN,NaN,NaN,NaN,NaN,NaN,NaN,NaN,NaN,NaN,NaN,NaN,NaN,
54.088,-0.00993,-0.01436,0.12989,-0.42708,-0.15656,-0.22222,0.86238,NaN,NaN,NaN,NaN,NaN,NaN,NaN,NaN,NaN,NaN,NaN,NaN,NaN,NaN,NaN,NaN,NaN,NaN,NaN,NaN,NaN,
54.112,-0.00997,-0.01435,0.12992,-0.42683,-0.15727,-0.22187,0.86247,NaN,NaN,NaN,NaN,NaN,NaN,NaN,NaN,NaN,NaN,NaN,NaN,NaN,NaN,NaN,NaN,NaN,NaN,NaN,NaN,NaN,
54.137,-0.00997,-0.01435,0.12992,-0.42683,-0.15727,-0.22187,0.86247,NaN,NaN,NaN,NaN,NaN,NaN,NaN,NaN,NaN,NaN,NaN,NaN,NaN,NaN,NaN,NaN,NaN,NaN,NaN,NaN,NaN,
54.162,-0.01005,-0.01431,0.12993,-0.42615,-0.15855,-0.22151,0.86267,NaN,NaN,NaN,NaN,NaN,NaN,NaN,NaN,NaN,NaN,NaN,NaN,NaN,NaN,NaN,NaN,NaN,NaN,NaN,NaN,NaN,
54.188,-0.01013,-0.01424,0.12996,-0.42499,-0.16108,-0.22055,0.86301,NaN,NaN,NaN,NaN,NaN,NaN,NaN,NaN,NaN,NaN,NaN,NaN,NaN,NaN,NaN,NaN,NaN,NaN,NaN,NaN,NaN,
54.212,-0.01029,-0.01421,0.12992,-0.42439,-0.16245,-0.22000,0.86319,NaN,NaN,NaN,NaN,NaN,NaN,NaN,NaN,NaN,NaN,NaN,NaN,NaN,NaN,NaN,NaN,NaN,NaN,NaN,NaN,NaN,
54.238,-0.01037,-0.01422,0.12996,-0.42379,-0.16372,-0.21954,0.86336,NaN,NaN,NaN,NaN,NaN,NaN,NaN,NaN,NaN,NaN,NaN,NaN,NaN,NaN,NaN,NaN,NaN,NaN,NaN,NaN,NaN,
54.262,-0.01037,-0.01422,0.12996,-0.42379,-0.16372,-0.21954,0.86336,NaN,NaN,NaN,NaN,NaN,NaN,NaN,NaN,NaN,NaN,NaN,NaN,NaN,NaN,NaN,NaN,NaN,NaN,NaN,NaN,NaN,
54.287,-0.01049,-0.01420,0.12995,-0.42323,-0.16506,-0.21896,0.86353,NaN,NaN,NaN,NaN,NaN,NaN,NaN,NaN,NaN,NaN,NaN,NaN,NaN,NaN,NaN,NaN,NaN,NaN,NaN,NaN,NaN,
54.312,-0.01056,-0.01414,0.13004,-0.42297,-0.16603,-0.21836,0.86363,NaN,NaN,NaN,NaN,NaN,NaN,NaN,NaN,NaN,NaN,NaN,NaN,NaN,NaN,NaN,NaN,NaN,NaN,NaN,NaN,NaN,
54.337,-0.01056,-0.01414,0.13004,-0.42297,-0.16603,-0.21836,0.86363,NaN,NaN,NaN,NaN,NaN,NaN,NaN,NaN,NaN,NaN,NaN,NaN,NaN,NaN,NaN,NaN,NaN,NaN,NaN,NaN,NaN,
54.362,-0.01066,-0.01407,0.13008,-0.42252,-0.16721,-0.21780,0.86376,NaN,NaN,NaN,NaN,NaN,NaN,NaN,NaN,NaN,NaN,NaN,NaN,NaN,NaN,NaN,NaN,NaN,NaN,NaN,NaN,NaN,
54.387,-0.01071,-0.01403,0.13004,-0.42200,-0.16823,-0.21747,0.86390,NaN,NaN,NaN,NaN,NaN,NaN,NaN,NaN,NaN,NaN,NaN,NaN,NaN,NaN,NaN,NaN,NaN,NaN,NaN,NaN,NaN,
54.412,-0.01078,-0.01408,0.13007,-0.42102,-0.16939,-0.21758,0.86413,NaN,NaN,NaN,NaN,NaN,NaN,NaN,NaN,NaN,NaN,NaN,NaN,NaN,NaN,NaN,NaN,NaN,NaN,NaN,NaN,NaN,
54.438,-0.01082,-0.01409,0.13008,-0.42033,-0.17032,-0.21753,0.86429,NaN,NaN,NaN,NaN,NaN,NaN,NaN,NaN,NaN,NaN,NaN,NaN,NaN,NaN,NaN,NaN,NaN,NaN,NaN,NaN,NaN,
54.463,-0.01088,-0.01414,0.13011,-0.41967,-0.17107,-0.21764,0.86444,NaN,NaN,NaN,NaN,NaN,NaN,NaN,NaN,NaN,NaN,NaN,NaN,NaN,NaN,NaN,NaN,NaN,NaN,NaN,NaN,NaN,
54.488,-0.01094,-0.01418,0.13014,-0.41913,-0.17168,-0.21772,0.86455,NaN,NaN,NaN,NaN,NaN,NaN,NaN,NaN,NaN,NaN,NaN,NaN,NaN,NaN,NaN,NaN,NaN,NaN,NaN,NaN,NaN,
54.512,-0.01094,-0.01418,0.13014,-0.41913,-0.17168,-0.21772,0.86455,NaN,NaN,NaN,NaN,NaN,NaN,NaN,NaN,NaN,NaN,NaN,NaN,NaN,NaN,NaN,NaN,NaN,NaN,NaN,NaN,NaN,
54.537,-0.01101,-0.01422,0.13020,-0.41815,-0.17264,-0.21801,0.86477,NaN,NaN,NaN,NaN,NaN,NaN,NaN,NaN,NaN,NaN,NaN,NaN,NaN,NaN,NaN,NaN,NaN,NaN,NaN,NaN,NaN,
54.562,-0.01130,-0.01414,0.13028,-0.41630,-0.17608,-0.21698,0.86522,NaN,NaN,NaN,NaN,NaN,NaN,NaN,NaN,NaN,NaN,NaN,NaN,NaN,NaN,NaN,NaN,NaN,NaN,NaN,NaN,NaN,
54.588,-0.01160,-0.01405,0.13029,-0.41402,-0.18030,-0.21573,0.86576,NaN,NaN,NaN,NaN,NaN,NaN,NaN,NaN,NaN,NaN,NaN,NaN,NaN,NaN,NaN,NaN,NaN,NaN,NaN,NaN,NaN,
54.613,-0.01164,-0.01396,0.13025,-0.41442,-0.18188,-0.21372,0.86574,NaN,NaN,NaN,NaN,NaN,NaN,NaN,NaN,NaN,NaN,NaN,NaN,NaN,NaN,NaN,NaN,NaN,NaN,NaN,NaN,NaN,
54.638,-0.01172,-0.01396,0.13031,-0.41416,-0.18289,-0.21306,0.86581,NaN,NaN,NaN,NaN,NaN,NaN,NaN,NaN,NaN,NaN,NaN,NaN,NaN,NaN,NaN,NaN,NaN,NaN,NaN,NaN,NaN,
54.662,-0.01183,-0.01391,0.13029,-0.41380,-0.18384,-0.21258,0.86590,NaN,NaN,NaN,NaN,NaN,NaN,NaN,NaN,NaN,NaN,NaN,NaN,NaN,NaN,NaN,NaN,NaN,NaN,NaN,NaN,NaN,
54.688,-0.01192,-0.01396,0.13028,-0.41311,-0.18466,-0.21263,0.86604,NaN,NaN,NaN,NaN,NaN,NaN,NaN,NaN,NaN,NaN,NaN,NaN,NaN,NaN,NaN,NaN,NaN,NaN,NaN,NaN,NaN,
54.712,-0.01192,-0.01396,0.13028,-0.41311,-0.18466,-0.21263,0.86604,NaN,NaN,NaN,NaN,NaN,NaN,NaN,NaN,NaN,NaN,NaN,NaN,NaN,NaN,NaN,NaN,NaN,NaN,NaN,NaN,NaN,
54.737,-0.01195,-0.01401,0.13034,-0.41253,-0.18505,-0.21296,0.86615,NaN,NaN,NaN,NaN,NaN,NaN,NaN,NaN,NaN,NaN,NaN,NaN,NaN,NaN,NaN,NaN,NaN,NaN,NaN,NaN,NaN,
54.762,-0.01198,-0.01410,0.13037,-0.41143,-0.18555,-0.21384,0.86636,NaN,NaN,NaN,NaN,NaN,NaN,NaN,NaN,NaN,NaN,NaN,NaN,NaN,NaN,NaN,NaN,NaN,NaN,NaN,NaN,NaN,
54.788,-0.01193,-0.01418,0.13047,-0.41047,-0.18581,-0.21476,0.86653,NaN,NaN,NaN,NaN,NaN,NaN,NaN,NaN,NaN,NaN,NaN,NaN,NaN,NaN,NaN,NaN,NaN,NaN,NaN,NaN,NaN,
54.813,-0.01196,-0.01425,0.13049,-0.40911,-0.18687,-0.21539,0.86678,NaN,NaN,NaN,NaN,NaN,NaN,NaN,NaN,NaN,NaN,NaN,NaN,NaN,NaN,NaN,NaN,NaN,NaN,NaN,NaN,NaN,
54.838,-0.01202,-0.01433,0.13047,-0.40792,-0.18772,-0.21603,0.86700,NaN,NaN,NaN,NaN,NaN,NaN,NaN,NaN,NaN,NaN,NaN,NaN,NaN,NaN,NaN,NaN,NaN,NaN,NaN,NaN,NaN,
54.862,-0.01202,-0.01433,0.13047,-0.40792,-0.18772,-0.21603,0.86700,NaN,NaN,NaN,NaN,NaN,NaN,NaN,NaN,NaN,NaN,NaN,NaN,NaN,NaN,NaN,NaN,NaN,NaN,NaN,NaN,NaN,
54.888,-0.01205,-0.01456,0.13051,-0.40511,-0.18945,-0.21777,0.86751,NaN,NaN,NaN,NaN,NaN,NaN,NaN,NaN,NaN,NaN,NaN,NaN,NaN,NaN,NaN,NaN,NaN,NaN,NaN,NaN,NaN,
54.912,-0.01205,-0.01456,0.13051,-0.40511,-0.18945,-0.21777,0.86751,NaN,NaN,NaN,NaN,NaN,NaN,NaN,NaN,NaN,NaN,NaN,NaN,NaN,NaN,NaN,NaN,NaN,NaN,NaN,NaN,NaN,
54.938,-0.01213,-0.01473,0.13052,-0.40335,-0.18957,-0.21980,0.86779,NaN,NaN,NaN,NaN,NaN,NaN,NaN,NaN,NaN,NaN,NaN,NaN,NaN,NaN,NaN,NaN,NaN,NaN,NaN,NaN,NaN,
54.962,-0.01213,-0.01473,0.13052,-0.40335,-0.18957,-0.21980,0.86779,NaN,NaN,NaN,NaN,NaN,NaN,NaN,NaN,NaN,NaN,NaN,NaN,NaN,NaN,NaN,NaN,NaN,NaN,NaN,NaN,NaN,
54.988,-0.01217,-0.01490,0.13064,-0.40080,-0.19078,-0.22172,0.86822,NaN,NaN,NaN,NaN,NaN,NaN,NaN,NaN,NaN,NaN,NaN,NaN,NaN,NaN,NaN,NaN,NaN,NaN,NaN,NaN,NaN,
55.013,-0.01216,-0.01491,0.13068,-0.39993,-0.19121,-0.22235,0.86836,NaN,NaN,NaN,NaN,NaN,NaN,NaN,NaN,NaN,NaN,NaN,NaN,NaN,NaN,NaN,NaN,NaN,NaN,NaN,NaN,NaN,
55.038,-0.01216,-0.01505,0.13070,-0.39889,-0.19116,-0.22366,0.86852,NaN,NaN,NaN,NaN,NaN,NaN,NaN,NaN,NaN,NaN,NaN,NaN,NaN,NaN,NaN,NaN,NaN,NaN,NaN,NaN,NaN,
55.062,-0.01207,-0.01518,0.13075,-0.39787,-0.19096,-0.22507,0.86866,NaN,NaN,NaN,NaN,NaN,NaN,NaN,NaN,NaN,NaN,NaN,NaN,NaN,NaN,NaN,NaN,NaN,NaN,NaN,NaN,NaN,
55.088,-0.01202,-0.01530,0.13074,-0.39713,-0.19072,-0.22619,0.86876,NaN,NaN,NaN,NaN,NaN,NaN,NaN,NaN,NaN,NaN,NaN,NaN,NaN,NaN,NaN,NaN,NaN,NaN,NaN,NaN,NaN,
55.113,-0.01206,-0.01544,0.13072,-0.39540,-0.19178,-0.22725,0.86904,NaN,NaN,NaN,NaN,NaN,NaN,NaN,NaN,NaN,NaN,NaN,NaN,NaN,NaN,NaN,NaN,NaN,NaN,NaN,NaN,NaN,
55.138,-0.01218,-0.01558,0.13071,-0.39388,-0.19235,-0.22851,0.86928,NaN,NaN,NaN,NaN,NaN,NaN,NaN,NaN,NaN,NaN,NaN,NaN,NaN,NaN,NaN,NaN,NaN,NaN,NaN,NaN,NaN,
55.162,-0.01201,-0.01567,0.13079,-0.39358,-0.19161,-0.22958,0.86929,NaN,NaN,NaN,NaN,NaN,NaN,NaN,NaN,NaN,NaN,NaN,NaN,NaN,NaN,NaN,NaN,NaN,NaN,NaN,NaN,NaN,
55.187,-0.01201,-0.01567,0.13079,-0.39358,-0.19161,-0.22958,0.86929,NaN,NaN,NaN,NaN,NaN,NaN,NaN,NaN,NaN,NaN,NaN,NaN,NaN,NaN,NaN,NaN,NaN,NaN,NaN,NaN,NaN,
55.213,-0.01203,-0.01595,0.13082,-0.39072,-0.19221,-0.23242,0.86970,NaN,NaN,NaN,NaN,NaN,NaN,NaN,NaN,NaN,NaN,NaN,NaN,NaN,NaN,NaN,NaN,NaN,NaN,NaN,NaN,NaN,
55.238,-0.01201,-0.01604,0.13081,-0.38977,-0.19239,-0.23337,0.86983,NaN,NaN,NaN,NaN,NaN,NaN,NaN,NaN,NaN,NaN,NaN,NaN,NaN,NaN,NaN,NaN,NaN,NaN,NaN,NaN,NaN,
55.263,-0.01191,-0.01612,0.13083,-0.38941,-0.19165,-0.23450,0.86985,NaN,NaN,NaN,NaN,NaN,NaN,NaN,NaN,NaN,NaN,NaN,NaN,NaN,NaN,NaN,NaN,NaN,NaN,NaN,NaN,NaN,
55.287,-0.01191,-0.01612,0.13083,-0.38941,-0.19165,-0.23450,0.86985,NaN,NaN,NaN,NaN,NaN,NaN,NaN,NaN,NaN,NaN,NaN,NaN,NaN,NaN,NaN,NaN,NaN,NaN,NaN,NaN,NaN,
55.312,-0.01195,-0.01640,0.13078,-0.38706,-0.19206,-0.23690,0.87016,NaN,NaN,NaN,NaN,NaN,NaN,NaN,NaN,NaN,NaN,NaN,NaN,NaN,NaN,NaN,NaN,NaN,NaN,NaN,NaN,NaN,
55.338,-0.01189,-0.01649,0.13082,-0.38653,-0.19134,-0.23820,0.87020,NaN,NaN,NaN,NaN,NaN,NaN,NaN,NaN,NaN,NaN,NaN,NaN,NaN,NaN,NaN,NaN,NaN,NaN,NaN,NaN,NaN,
55.362,-0.01189,-0.01649,0.13082,-0.38653,-0.19134,-0.23820,0.87020,NaN,NaN,NaN,NaN,NaN,NaN,NaN,NaN,NaN,NaN,NaN,NaN,NaN,NaN,NaN,NaN,NaN,NaN,NaN,NaN,NaN,
55.387,-0.01182,-0.01665,0.13090,-0.38529,-0.19117,-0.23983,0.87034,NaN,NaN,NaN,NaN,NaN,NaN,NaN,NaN,NaN,NaN,NaN,NaN,NaN,NaN,NaN,NaN,NaN,NaN,NaN,NaN,NaN,
55.412,-0.01175,-0.01688,0.13092,-0.38349,-0.19089,-0.24221,0.87053,NaN,NaN,NaN,NaN,NaN,NaN,NaN,NaN,NaN,NaN,NaN,NaN,NaN,NaN,NaN,NaN,NaN,NaN,NaN,NaN,NaN,
55.438,-0.01172,-0.01697,0.13093,-0.38234,-0.19118,-0.24328,0.87068,NaN,NaN,NaN,NaN,NaN,NaN,NaN,NaN,NaN,NaN,NaN,NaN,NaN,NaN,NaN,NaN,NaN,NaN,NaN,NaN,NaN,
55.462,-0.01172,-0.01697,0.13093,-0.38234,-0.19118,-0.24328,0.87068,NaN,NaN,NaN,NaN,NaN,NaN,NaN,NaN,NaN,NaN,NaN,NaN,NaN,NaN,NaN,NaN,NaN,NaN,NaN,NaN,NaN,
55.488,-0.01164,-0.01724,0.13097,-0.38054,-0.19098,-0.24558,0.87087,NaN,NaN,NaN,NaN,NaN,NaN,NaN,NaN,NaN,NaN,NaN,NaN,NaN,NaN,NaN,NaN,NaN,NaN,NaN,NaN,NaN,
55.512,-0.01151,-0.01734,0.13101,-0.38034,-0.18985,-0.24687,0.87083,NaN,NaN,NaN,NaN,NaN,NaN,NaN,NaN,NaN,NaN,NaN,NaN,NaN,NaN,NaN,NaN,NaN,NaN,NaN,NaN,NaN,
55.538,-0.01144,-0.01750,0.13103,-0.37968,-0.18915,-0.24830,0.87087,NaN,NaN,NaN,NaN,NaN,NaN,NaN,NaN,NaN,NaN,NaN,NaN,NaN,NaN,NaN,NaN,NaN,NaN,NaN,NaN,NaN,
55.562,-0.01144,-0.01755,0.13100,-0.37897,-0.18926,-0.24903,0.87095,NaN,NaN,NaN,NaN,NaN,NaN,NaN,NaN,NaN,NaN,NaN,NaN,NaN,NaN,NaN,NaN,NaN,NaN,NaN,NaN,NaN,
55.587,-0.01144,-0.01755,0.13100,-0.37897,-0.18926,-0.24903,0.87095,NaN,NaN,NaN,NaN,NaN,NaN,NaN,NaN,NaN,NaN,NaN,NaN,NaN,NaN,NaN,NaN,NaN,NaN,NaN,NaN,NaN,
55.612,-0.01150,-0.01763,0.13102,-0.37802,-0.18935,-0.25003,0.87105,NaN,NaN,NaN,NaN,NaN,NaN,NaN,NaN,NaN,NaN,NaN,NaN,NaN,NaN,NaN,NaN,NaN,NaN,NaN,NaN,NaN,
55.638,-0.01158,-0.01780,0.13101,-0.37468,-0.19140,-0.25197,0.87149,NaN,NaN,NaN,NaN,NaN,NaN,NaN,NaN,NaN,NaN,NaN,NaN,NaN,NaN,NaN,NaN,NaN,NaN,NaN,NaN,NaN,
55.662,-0.01151,-0.01794,0.13109,-0.37402,-0.19086,-0.25324,0.87152,NaN,NaN,NaN,NaN,NaN,NaN,NaN,NaN,NaN,NaN,NaN,NaN,NaN,NaN,NaN,NaN,NaN,NaN,NaN,NaN,NaN,
55.687,-0.01151,-0.01794,0.13109,-0.37402,-0.19086,-0.25324,0.87152,NaN,NaN,NaN,NaN,NaN,NaN,NaN,NaN,NaN,NaN,NaN,NaN,NaN,NaN,NaN,NaN,NaN,NaN,NaN,NaN,NaN,
55.712,-0.01136,-0.01807,0.13116,-0.37340,-0.19037,-0.25442,0.87155,NaN,NaN,NaN,NaN,NaN,NaN,NaN,NaN,NaN,NaN,NaN,NaN,NaN,NaN,NaN,NaN,NaN,NaN,NaN,NaN,NaN,
55.738,-0.01132,-0.01820,0.13120,-0.37250,-0.18958,-0.25619,0.87159,NaN,NaN,NaN,NaN,NaN,NaN,NaN,NaN,NaN,NaN,NaN,NaN,NaN,NaN,NaN,NaN,NaN,NaN,NaN,NaN,NaN,
55.762,-0.01129,-0.01833,0.13120,-0.37156,-0.18954,-0.25731,0.87167,NaN,NaN,NaN,NaN,NaN,NaN,NaN,NaN,NaN,NaN,NaN,NaN,NaN,NaN,NaN,NaN,NaN,NaN,NaN,NaN,NaN,
55.787,-0.01129,-0.01833,0.13120,-0.37156,-0.18954,-0.25731,0.87167,NaN,NaN,NaN,NaN,NaN,NaN,NaN,NaN,NaN,NaN,NaN,NaN,NaN,NaN,NaN,NaN,NaN,NaN,NaN,NaN,NaN,
55.812,-0.01128,-0.01847,0.13121,-0.36999,-0.19004,-0.25864,0.87184,NaN,NaN,NaN,NaN,NaN,NaN,NaN,NaN,NaN,NaN,NaN,NaN,NaN,NaN,NaN,NaN,NaN,NaN,NaN,NaN,NaN,
55.838,-0.01130,-0.01872,0.13123,-0.36764,-0.19127,-0.26016,0.87211,NaN,NaN,NaN,NaN,NaN,NaN,NaN,NaN,NaN,NaN,NaN,NaN,NaN,NaN,NaN,NaN,NaN,NaN,NaN,NaN,NaN,
55.863,-0.01124,-0.01878,0.13128,-0.36711,-0.19094,-0.26108,0.87213,NaN,NaN,NaN,NaN,NaN,NaN,NaN,NaN,NaN,NaN,NaN,NaN,NaN,NaN,NaN,NaN,NaN,NaN,NaN,NaN,NaN,
55.888,-0.01126,-0.01890,0.13120,-0.36551,-0.19167,-0.26222,0.87230,NaN,NaN,NaN,NaN,NaN,NaN,NaN,NaN,NaN,NaN,NaN,NaN,NaN,NaN,NaN,NaN,NaN,NaN,NaN,NaN,NaN,
55.912,-0.01126,-0.01890,0.13120,-0.36551,-0.19167,-0.26222,0.87230,NaN,NaN,NaN,NaN,NaN,NaN,NaN,NaN,NaN,NaN,NaN,NaN,NaN,NaN,NaN,NaN,NaN,NaN,NaN,NaN,NaN,
55.937,-0.01120,-0.01901,0.13126,-0.36521,-0.19104,-0.26315,0.87228,NaN,NaN,NaN,NaN,NaN,NaN,NaN,NaN,NaN,NaN,NaN,NaN,NaN,NaN,NaN,NaN,NaN,NaN,NaN,NaN,NaN,
55.963,-0.01111,-0.01920,0.13123,-0.36362,-0.19095,-0.26503,0.87240,NaN,NaN,NaN,NaN,NaN,NaN,NaN,NaN,NaN,NaN,NaN,NaN,NaN,NaN,NaN,NaN,NaN,NaN,NaN,NaN,NaN,
55.988,-0.01101,-0.01933,0.13125,-0.36352,-0.19010,-0.26594,0.87235,NaN,NaN,NaN,NaN,NaN,NaN,NaN,NaN,NaN,NaN,NaN,NaN,NaN,NaN,NaN,NaN,NaN,NaN,NaN,NaN,NaN,
56.012,-0.01101,-0.01933,0.13125,-0.36352,-0.19010,-0.26594,0.87235,NaN,NaN,NaN,NaN,NaN,NaN,NaN,NaN,NaN,NaN,NaN,NaN,NaN,NaN,NaN,NaN,NaN,NaN,NaN,NaN,NaN,
56.037,-0.01106,-0.01942,0.13125,-0.36216,-0.19037,-0.26722,0.87246,NaN,NaN,NaN,NaN,NaN,NaN,NaN,NaN,NaN,NaN,NaN,NaN,NaN,NaN,NaN,NaN,NaN,NaN,NaN,NaN,NaN,
56.062,-0.01094,-0.01951,0.13130,-0.36172,-0.19021,-0.26787,0.87248,NaN,NaN,NaN,NaN,NaN,NaN,NaN,NaN,NaN,NaN,NaN,NaN,NaN,NaN,NaN,NaN,NaN,NaN,NaN,NaN,NaN,
56.088,-0.01099,-0.01967,0.13133,-0.35919,-0.19166,-0.26937,0.87275,NaN,NaN,NaN,NaN,NaN,NaN,NaN,NaN,NaN,NaN,NaN,NaN,NaN,NaN,NaN,NaN,NaN,NaN,NaN,NaN,NaN,
56.112,-0.01099,-0.01967,0.13133,-0.35919,-0.19166,-0.26937,0.87275,NaN,NaN,NaN,NaN,NaN,NaN,NaN,NaN,NaN,NaN,NaN,NaN,NaN,NaN,NaN,NaN,NaN,NaN,NaN,NaN,NaN,
56.138,-0.01092,-0.01980,0.13133,-0.35766,-0.19199,-0.27078,0.87287,NaN,NaN,NaN,NaN,NaN,NaN,NaN,NaN,NaN,NaN,NaN,NaN,NaN,NaN,NaN,NaN,NaN,NaN,NaN,NaN,NaN,
56.162,-0.01092,-0.01980,0.13133,-0.35766,-0.19199,-0.27078,0.87287,NaN,NaN,NaN,NaN,NaN,NaN,NaN,NaN,NaN,NaN,NaN,NaN,NaN,NaN,NaN,NaN,NaN,NaN,NaN,NaN,NaN,
56.188,-0.01094,-0.02003,0.13135,-0.35528,-0.19298,-0.27253,0.87308,NaN,NaN,NaN,NaN,NaN,NaN,NaN,NaN,NaN,NaN,NaN,NaN,NaN,NaN,NaN,NaN,NaN,NaN,NaN,NaN,NaN,
56.212,-0.01094,-0.02003,0.13135,-0.35528,-0.19298,-0.27253,0.87308,NaN,NaN,NaN,NaN,NaN,NaN,NaN,NaN,NaN,NaN,NaN,NaN,NaN,NaN,NaN,NaN,NaN,NaN,NaN,NaN,NaN,
56.238,-0.01108,-0.02017,0.13132,-0.35327,-0.19399,-0.27383,0.87326,NaN,NaN,NaN,NaN,NaN,NaN,NaN,NaN,NaN,NaN,NaN,NaN,NaN,NaN,NaN,NaN,NaN,NaN,NaN,NaN,NaN,
56.263,-0.01105,-0.02019,0.13135,-0.35288,-0.19395,-0.27431,0.87328,NaN,NaN,NaN,NaN,NaN,NaN,NaN,NaN,NaN,NaN,NaN,NaN,NaN,NaN,NaN,NaN,NaN,NaN,NaN,NaN,NaN,
56.288,-0.01097,-0.02026,0.13138,-0.35288,-0.19347,-0.27474,0.87325,NaN,NaN,NaN,NaN,NaN,NaN,NaN,NaN,NaN,NaN,NaN,NaN,NaN,NaN,NaN,NaN,NaN,NaN,NaN,NaN,NaN,
56.312,-0.01097,-0.02027,0.13138,-0.35245,-0.19411,-0.27464,0.87331,NaN,NaN,NaN,NaN,NaN,NaN,NaN,NaN,NaN,NaN,NaN,NaN,NaN,NaN,NaN,NaN,NaN,NaN,NaN,NaN,NaN,
56.338,-0.01106,-0.02034,0.13142,-0.35138,-0.19453,-0.27543,0.87340,NaN,NaN,NaN,NaN,NaN,NaN,NaN,NaN,NaN,NaN,NaN,NaN,NaN,NaN,NaN,NaN,NaN,NaN,NaN,NaN,NaN,
56.362,-0.01106,-0.02034,0.13142,-0.35138,-0.19453,-0.27543,0.87340,NaN,NaN,NaN,NaN,NaN,NaN,NaN,NaN,NaN,NaN,NaN,NaN,NaN,NaN,NaN,NaN,NaN,NaN,NaN,NaN,NaN,
56.388,-0.01120,-0.02049,0.13134,-0.34931,-0.19603,-0.27634,0.87361,NaN,NaN,NaN,NaN,NaN,NaN,NaN,NaN,NaN,NaN,NaN,NaN,NaN,NaN,NaN,NaN,NaN,NaN,NaN,NaN,NaN,
56.412,-0.01120,-0.02049,0.13134,-0.34931,-0.19603,-0.27634,0.87361,NaN,NaN,NaN,NaN,NaN,NaN,NaN,NaN,NaN,NaN,NaN,NaN,NaN,NaN,NaN,NaN,NaN,NaN,NaN,NaN,NaN,
56.438,-0.01117,-0.02052,0.13137,-0.34856,-0.19673,-0.27652,0.87369,NaN,NaN,NaN,NaN,NaN,NaN,NaN,NaN,NaN,NaN,NaN,NaN,NaN,NaN,NaN,NaN,NaN,NaN,NaN,NaN,NaN,
56.462,-0.01117,-0.02052,0.13137,-0.34856,-0.19673,-0.27652,0.87369,NaN,NaN,NaN,NaN,NaN,NaN,NaN,NaN,NaN,NaN,NaN,NaN,NaN,NaN,NaN,NaN,NaN,NaN,NaN,NaN,NaN,
56.488,-0.01118,-0.02066,0.13146,-0.34771,-0.19694,-0.27727,0.87375,NaN,NaN,NaN,NaN,NaN,NaN,NaN,NaN,NaN,NaN,NaN,NaN,NaN,NaN,NaN,NaN,NaN,NaN,NaN,NaN,NaN,
56.512,-0.01118,-0.02066,0.13146,-0.34771,-0.19694,-0.27727,0.87375,NaN,NaN,NaN,NaN,NaN,NaN,NaN,NaN,NaN,NaN,NaN,NaN,NaN,NaN,NaN,NaN,NaN,NaN,NaN,NaN,NaN,
56.538,-0.01116,-0.02068,0.13149,-0.34676,-0.19749,-0.27781,0.87383,NaN,NaN,NaN,NaN,NaN,NaN,NaN,NaN,NaN,NaN,NaN,NaN,NaN,NaN,NaN,NaN,NaN,NaN,NaN,NaN,NaN,
56.562,-0.01116,-0.02068,0.13149,-0.34676,-0.19749,-0.27781,0.87383,NaN,NaN,NaN,NaN,NaN,NaN,NaN,NaN,NaN,NaN,NaN,NaN,NaN,NaN,NaN,NaN,NaN,NaN,NaN,NaN,NaN,
56.588,-0.01134,-0.02082,0.13147,-0.34547,-0.19808,-0.27869,0.87393,NaN,NaN,NaN,NaN,NaN,NaN,NaN,NaN,NaN,NaN,NaN,NaN,NaN,NaN,NaN,NaN,NaN,NaN,NaN,NaN,NaN,
56.612,-0.01122,-0.02088,0.13151,-0.34544,-0.19765,-0.27912,0.87390,NaN,NaN,NaN,NaN,NaN,NaN,NaN,NaN,NaN,NaN,NaN,NaN,NaN,NaN,NaN,NaN,NaN,NaN,NaN,NaN,NaN,
56.638,-0.01123,-0.02090,0.13151,-0.34504,-0.19774,-0.27947,0.87392,NaN,NaN,NaN,NaN,NaN,NaN,NaN,NaN,NaN,NaN,NaN,NaN,NaN,NaN,NaN,NaN,NaN,NaN,NaN,NaN,NaN,
56.662,-0.01123,-0.02090,0.13151,-0.34504,-0.19774,-0.27947,0.87392,NaN,NaN,NaN,NaN,NaN,NaN,NaN,NaN,NaN,NaN,NaN,NaN,NaN,NaN,NaN,NaN,NaN,NaN,NaN,NaN,NaN,
56.688,-0.01136,-0.02101,0.13152,-0.34350,-0.19875,-0.28024,0.87406,NaN,NaN,NaN,NaN,NaN,NaN,NaN,NaN,NaN,NaN,NaN,NaN,NaN,NaN,NaN,NaN,NaN,NaN,NaN,NaN,NaN,
56.712,-0.01136,-0.02101,0.13152,-0.34350,-0.19875,-0.28024,0.87406,NaN,NaN,NaN,NaN,NaN,NaN,NaN,NaN,NaN,NaN,NaN,NaN,NaN,NaN,NaN,NaN,NaN,NaN,NaN,NaN,NaN,
56.738,-0.01135,-0.02100,0.13155,-0.34171,-0.20023,-0.28084,0.87423,NaN,NaN,NaN,NaN,NaN,NaN,NaN,NaN,NaN,NaN,NaN,NaN,NaN,NaN,NaN,NaN,NaN,NaN,NaN,NaN,NaN,
56.762,-0.01135,-0.02100,0.13155,-0.34171,-0.20023,-0.28084,0.87423,NaN,NaN,NaN,NaN,NaN,NaN,NaN,NaN,NaN,NaN,NaN,NaN,NaN,NaN,NaN,NaN,NaN,NaN,NaN,NaN,NaN,
56.788,-0.01145,-0.02118,0.13153,-0.33957,-0.20156,-0.28194,0.87440,NaN,NaN,NaN,NaN,NaN,NaN,NaN,NaN,NaN,NaN,NaN,NaN,NaN,NaN,NaN,NaN,NaN,NaN,NaN,NaN,NaN,
56.813,-0.01147,-0.02120,0.13158,-0.33921,-0.20173,-0.28218,0.87442,NaN,NaN,NaN,NaN,NaN,NaN,NaN,NaN,NaN,NaN,NaN,NaN,NaN,NaN,NaN,NaN,NaN,NaN,NaN,NaN,NaN,
56.838,-0.01152,-0.02130,0.13153,-0.33831,-0.20186,-0.28305,0.87446,NaN,NaN,NaN,NaN,NaN,NaN,NaN,NaN,NaN,NaN,NaN,NaN,NaN,NaN,NaN,NaN,NaN,NaN,NaN,NaN,NaN,
56.862,-0.01152,-0.02130,0.13153,-0.33831,-0.20186,-0.28305,0.87446,NaN,NaN,NaN,NaN,NaN,NaN,NaN,NaN,NaN,NaN,NaN,NaN,NaN,NaN,NaN,NaN,NaN,NaN,NaN,NaN,NaN,
56.888,-0.01152,-0.02137,0.13163,-0.33729,-0.20200,-0.28404,0.87450,NaN,NaN,NaN,NaN,NaN,NaN,NaN,NaN,NaN,NaN,NaN,NaN,NaN,NaN,NaN,NaN,NaN,NaN,NaN,NaN,NaN,
56.912,-0.01152,-0.02137,0.13163,-0.33729,-0.20200,-0.28404,0.87450,NaN,NaN,NaN,NaN,NaN,NaN,NaN,NaN,NaN,NaN,NaN,NaN,NaN,NaN,NaN,NaN,NaN,NaN,NaN,NaN,NaN,
56.938,-0.01152,-0.02140,0.13164,-0.33604,-0.20268,-0.28477,0.87459,NaN,NaN,NaN,NaN,NaN,NaN,NaN,NaN,NaN,NaN,NaN,NaN,NaN,NaN,NaN,NaN,NaN,NaN,NaN,NaN,NaN,
56.962,-0.01147,-0.02153,0.13171,-0.33487,-0.20260,-0.28610,0.87462,NaN,NaN,NaN,NaN,NaN,NaN,NaN,NaN,NaN,NaN,NaN,NaN,NaN,NaN,NaN,NaN,NaN,NaN,NaN,NaN,NaN,
56.988,-0.01138,-0.02161,0.13169,-0.33480,-0.20168,-0.28703,0.87455,NaN,NaN,NaN,NaN,NaN,NaN,NaN,NaN,NaN,NaN,NaN,NaN,NaN,NaN,NaN,NaN,NaN,NaN,NaN,NaN,NaN,
57.012,-0.01132,-0.02175,0.13167,-0.33379,-0.20194,-0.28789,0.87460,NaN,NaN,NaN,NaN,NaN,NaN,NaN,NaN,NaN,NaN,NaN,NaN,NaN,NaN,NaN,NaN,NaN,NaN,NaN,NaN,NaN,
57.038,-0.01135,-0.02182,0.13160,-0.33345,-0.20188,-0.28831,0.87460,NaN,NaN,NaN,NaN,NaN,NaN,NaN,NaN,NaN,NaN,NaN,NaN,NaN,NaN,NaN,NaN,NaN,NaN,NaN,NaN,NaN,
57.062,-0.01135,-0.02182,0.13160,-0.33345,-0.20188,-0.28831,0.87460,NaN,NaN,NaN,NaN,NaN,NaN,NaN,NaN,NaN,NaN,NaN,NaN,NaN,NaN,NaN,NaN,NaN,NaN,NaN,NaN,NaN,
57.087,-0.01127,-0.02186,0.13166,-0.33348,-0.20105,-0.28905,0.87454,NaN,NaN,NaN,NaN,NaN,NaN,NaN,NaN,NaN,NaN,NaN,NaN,NaN,NaN,NaN,NaN,NaN,NaN,NaN,NaN,NaN,
57.112,-0.01114,-0.02204,0.13165,-0.33260,-0.20008,-0.29090,0.87448,NaN,NaN,NaN,NaN,NaN,NaN,NaN,NaN,NaN,NaN,NaN,NaN,NaN,NaN,NaN,NaN,NaN,NaN,NaN,NaN,NaN,
57.138,-0.01107,-0.02217,0.13166,-0.33099,-0.20027,-0.29247,0.87453,NaN,NaN,NaN,NaN,NaN,NaN,NaN,NaN,NaN,NaN,NaN,NaN,NaN,NaN,NaN,NaN,NaN,NaN,NaN,NaN,NaN,
57.162,-0.01107,-0.02217,0.13166,-0.33099,-0.20027,-0.29247,0.87453,NaN,NaN,NaN,NaN,NaN,NaN,NaN,NaN,NaN,NaN,NaN,NaN,NaN,NaN,NaN,NaN,NaN,NaN,NaN,NaN,NaN,
57.187,-0.01105,-0.02228,0.13164,-0.32985,-0.20076,-0.29325,0.87459,NaN,NaN,NaN,NaN,NaN,NaN,NaN,NaN,NaN,NaN,NaN,NaN,NaN,NaN,NaN,NaN,NaN,NaN,NaN,NaN,NaN,
57.212,-0.01102,-0.02242,0.13159,-0.32881,-0.20071,-0.29441,0.87460,NaN,NaN,NaN,NaN,NaN,NaN,NaN,NaN,NaN,NaN,NaN,NaN,NaN,NaN,NaN,NaN,NaN,NaN,NaN,NaN,NaN,
57.238,-0.01107,-0.02254,0.13154,-0.32695,-0.20162,-0.29557,0.87470,NaN,NaN,NaN,NaN,NaN,NaN,NaN,NaN,NaN,NaN,NaN,NaN,NaN,NaN,NaN,NaN,NaN,NaN,NaN,NaN,NaN,
57.262,-0.01107,-0.02254,0.13154,-0.32695,-0.20162,-0.29557,0.87470,NaN,NaN,NaN,NaN,NaN,NaN,NaN,NaN,NaN,NaN,NaN,NaN,NaN,NaN,NaN,NaN,NaN,NaN,NaN,NaN,NaN,
57.287,-0.01106,-0.02265,0.13153,-0.32593,-0.20185,-0.29644,0.87472,NaN,NaN,NaN,NaN,NaN,NaN,NaN,NaN,NaN,NaN,NaN,NaN,NaN,NaN,NaN,NaN,NaN,NaN,NaN,NaN,NaN,
57.312,-0.01105,-0.02288,0.13150,-0.32390,-0.20216,-0.29834,0.87477,NaN,NaN,NaN,NaN,NaN,NaN,NaN,NaN,NaN,NaN,NaN,NaN,NaN,NaN,NaN,NaN,NaN,NaN,NaN,NaN,NaN,
57.338,-0.01086,-0.02296,0.13157,-0.32397,-0.20119,-0.29916,0.87469,NaN,NaN,NaN,NaN,NaN,NaN,NaN,NaN,NaN,NaN,NaN,NaN,NaN,NaN,NaN,NaN,NaN,NaN,NaN,NaN,NaN,
57.362,-0.01086,-0.02300,0.13156,-0.32287,-0.20150,-0.30004,0.87472,NaN,NaN,NaN,NaN,NaN,NaN,NaN,NaN,NaN,NaN,NaN,NaN,NaN,NaN,NaN,NaN,NaN,NaN,NaN,NaN,NaN,
57.387,-0.01086,-0.02300,0.13156,-0.32287,-0.20150,-0.30004,0.87472,NaN,NaN,NaN,NaN,NaN,NaN,NaN,NaN,NaN,NaN,NaN,NaN,NaN,NaN,NaN,NaN,NaN,NaN,NaN,NaN,NaN,
57.412,-0.01086,-0.02310,0.13157,-0.32203,-0.20121,-0.30120,0.87469,NaN,NaN,NaN,NaN,NaN,NaN,NaN,NaN,NaN,NaN,NaN,NaN,NaN,NaN,NaN,NaN,NaN,NaN,NaN,NaN,NaN,
57.438,-0.01070,-0.02330,0.13153,-0.32085,-0.20042,-0.30317,0.87463,NaN,NaN,NaN,NaN,NaN,NaN,NaN,NaN,NaN,NaN,NaN,NaN,NaN,NaN,NaN,NaN,NaN,NaN,NaN,NaN,NaN,
57.462,-0.01070,-0.02330,0.13153,-0.32085,-0.20042,-0.30317,0.87463,NaN,NaN,NaN,NaN,NaN,NaN,NaN,NaN,NaN,NaN,NaN,NaN,NaN,NaN,NaN,NaN,NaN,NaN,NaN,NaN,NaN,
57.487,-0.01064,-0.02347,0.13149,-0.32008,-0.20029,-0.30411,0.87462,NaN,NaN,NaN,NaN,NaN,NaN,NaN,NaN,NaN,NaN,NaN,NaN,NaN,NaN,NaN,NaN,NaN,NaN,NaN,NaN,NaN,
57.512,-0.01070,-0.02351,0.13152,-0.31967,-0.20013,-0.30469,0.87460,NaN,NaN,NaN,NaN,NaN,NaN,NaN,NaN,NaN,NaN,NaN,NaN,NaN,NaN,NaN,NaN,NaN,NaN,NaN,NaN,NaN,
57.538,-0.01067,-0.02360,0.13159,-0.31849,-0.20068,-0.30544,0.87464,NaN,NaN,NaN,NaN,NaN,NaN,NaN,NaN,NaN,NaN,NaN,NaN,NaN,NaN,NaN,NaN,NaN,NaN,NaN,NaN,NaN,
57.562,-0.01067,-0.02360,0.13159,-0.31849,-0.20068,-0.30544,0.87464,NaN,NaN,NaN,NaN,NaN,NaN,NaN,NaN,NaN,NaN,NaN,NaN,NaN,NaN,NaN,NaN,NaN,NaN,NaN,NaN,NaN,
57.587,-0.01067,-0.02362,0.13155,-0.31787,-0.20117,-0.30564,0.87468,NaN,NaN,NaN,NaN,NaN,NaN,NaN,NaN,NaN,NaN,NaN,NaN,NaN,NaN,NaN,NaN,NaN,NaN,NaN,NaN,NaN,
57.612,-0.01078,-0.02376,0.13154,-0.31610,-0.20217,-0.30660,0.87476,NaN,NaN,NaN,NaN,NaN,NaN,NaN,NaN,NaN,NaN,NaN,NaN,NaN,NaN,NaN,NaN,NaN,NaN,NaN,NaN,NaN,
57.638,-0.01076,-0.02379,0.13156,-0.31582,-0.20224,-0.30683,0.87476,NaN,NaN,NaN,NaN,NaN,NaN,NaN,NaN,NaN,NaN,NaN,NaN,NaN,NaN,NaN,NaN,NaN,NaN,NaN,NaN,NaN,
57.662,-0.01078,-0.02383,0.13151,-0.31526,-0.20260,-0.30709,0.87479,NaN,NaN,NaN,NaN,NaN,NaN,NaN,NaN,NaN,NaN,NaN,NaN,NaN,NaN,NaN,NaN,NaN,NaN,NaN,NaN,NaN,
57.688,-0.01084,-0.02390,0.13150,-0.31438,-0.20313,-0.30754,0.87483,NaN,NaN,NaN,NaN,NaN,NaN,NaN,NaN,NaN,NaN,NaN,NaN,NaN,NaN,NaN,NaN,NaN,NaN,NaN,NaN,NaN,
57.713,-0.01085,-0.02393,0.13153,-0.31406,-0.20308,-0.30792,0.87482,NaN,NaN,NaN,NaN,NaN,NaN,NaN,NaN,NaN,NaN,NaN,NaN,NaN,NaN,NaN,NaN,NaN,NaN,NaN,NaN,NaN,
57.738,-0.01086,-0.02398,0.13152,-0.31367,-0.20306,-0.30835,0.87481,NaN,NaN,NaN,NaN,NaN,NaN,NaN,NaN,NaN,NaN,NaN,NaN,NaN,NaN,NaN,NaN,NaN,NaN,NaN,NaN,NaN,
57.762,-0.01086,-0.02398,0.13152,-0.31367,-0.20306,-0.30835,0.87481,NaN,NaN,NaN,NaN,NaN,NaN,NaN,NaN,NaN,NaN,NaN,NaN,NaN,NaN,NaN,NaN,NaN,NaN,NaN,NaN,NaN,
57.788,-0.01078,-0.02406,0.13158,-0.31273,-0.20282,-0.30955,0.87478,NaN,NaN,NaN,NaN,NaN,NaN,NaN,NaN,NaN,NaN,NaN,NaN,NaN,NaN,NaN,NaN,NaN,NaN,NaN,NaN,NaN,
57.812,-0.01078,-0.02406,0.13158,-0.31273,-0.20282,-0.30955,0.87478,NaN,NaN,NaN,NaN,NaN,NaN,NaN,NaN,NaN,NaN,NaN,NaN,NaN,NaN,NaN,NaN,NaN,NaN,NaN,NaN,NaN,
57.838,-0.01067,-0.02420,0.13152,-0.31191,-0.20188,-0.31126,0.87468,NaN,NaN,NaN,NaN,NaN,NaN,NaN,NaN,NaN,NaN,NaN,NaN,NaN,NaN,NaN,NaN,NaN,NaN,NaN,NaN,NaN,
57.862,-0.01056,-0.02425,0.13157,-0.31204,-0.20150,-0.31148,0.87465,NaN,NaN,NaN,NaN,NaN,NaN,NaN,NaN,NaN,NaN,NaN,NaN,NaN,NaN,NaN,NaN,NaN,NaN,NaN,NaN,NaN,
57.887,-0.01056,-0.02425,0.13157,-0.31204,-0.20150,-0.31148,0.87465,NaN,NaN,NaN,NaN,NaN,NaN,NaN,NaN,NaN,NaN,NaN,NaN,NaN,NaN,NaN,NaN,NaN,NaN,NaN,NaN,NaN,
57.912,-0.01064,-0.02433,0.13155,-0.31153,-0.20169,-0.31183,0.87466,NaN,NaN,NaN,NaN,NaN,NaN,NaN,NaN,NaN,NaN,NaN,NaN,NaN,NaN,NaN,NaN,NaN,NaN,NaN,NaN,NaN,
57.938,-0.01058,-0.02446,0.13150,-0.31006,-0.20136,-0.31367,0.87460,NaN,NaN,NaN,NaN,NaN,NaN,NaN,NaN,NaN,NaN,NaN,NaN,NaN,NaN,NaN,NaN,NaN,NaN,NaN,NaN,NaN,
57.963,-0.01052,-0.02456,0.13154,-0.30960,-0.20106,-0.31442,0.87457,NaN,NaN,NaN,NaN,NaN,NaN,NaN,NaN,NaN,NaN,NaN,NaN,NaN,NaN,NaN,NaN,NaN,NaN,NaN,NaN,NaN,
57.988,-0.01048,-0.02464,0.13159,-0.30905,-0.20085,-0.31518,0.87453,NaN,NaN,NaN,NaN,NaN,NaN,NaN,NaN,NaN,NaN,NaN,NaN,NaN,NaN,NaN,NaN,NaN,NaN,NaN,NaN,NaN,
58.013,-0.01038,-0.02467,0.13164,-0.30870,-0.20082,-0.31557,0.87452,NaN,NaN,NaN,NaN,NaN,NaN,NaN,NaN,NaN,NaN,NaN,NaN,NaN,NaN,NaN,NaN,NaN,NaN,NaN,NaN,NaN,
58.037,-0.01038,-0.02467,0.13164,-0.30870,-0.20082,-0.31557,0.87452,NaN,NaN,NaN,NaN,NaN,NaN,NaN,NaN,NaN,NaN,NaN,NaN,NaN,NaN,NaN,NaN,NaN,NaN,NaN,NaN,NaN,
58.062,-0.01051,-0.02472,0.13155,-0.30725,-0.20182,-0.31618,0.87459,NaN,NaN,NaN,NaN,NaN,NaN,NaN,NaN,NaN,NaN,NaN,NaN,NaN,NaN,NaN,NaN,NaN,NaN,NaN,NaN,NaN,
58.088,-0.01049,-0.02487,0.13161,-0.30560,-0.20275,-0.31705,0.87463,NaN,NaN,NaN,NaN,NaN,NaN,NaN,NaN,NaN,NaN,NaN,NaN,NaN,NaN,NaN,NaN,NaN,NaN,NaN,NaN,NaN,
58.112,-0.01057,-0.02493,0.13150,-0.30468,-0.20304,-0.31775,0.87463,NaN,NaN,NaN,NaN,NaN,NaN,NaN,NaN,NaN,NaN,NaN,NaN,NaN,NaN,NaN,NaN,NaN,NaN,NaN,NaN,NaN,
58.138,-0.01026,-0.02507,0.13156,-0.30503,-0.20114,-0.31908,0.87446,NaN,NaN,NaN,NaN,NaN,NaN,NaN,NaN,NaN,NaN,NaN,NaN,NaN,NaN,NaN,NaN,NaN,NaN,NaN,NaN,NaN,
58.162,-0.01021,-0.02524,0.13146,-0.30394,-0.20097,-0.32037,0.87441,NaN,NaN,NaN,NaN,NaN,NaN,NaN,NaN,NaN,NaN,NaN,NaN,NaN,NaN,NaN,NaN,NaN,NaN,NaN,NaN,NaN,
58.188,-0.01028,-0.02528,0.13145,-0.30331,-0.20155,-0.32050,0.87445,NaN,NaN,NaN,NaN,NaN,NaN,NaN,NaN,NaN,NaN,NaN,NaN,NaN,NaN,NaN,NaN,NaN,NaN,NaN,NaN,NaN,
58.212,-0.01028,-0.02528,0.13145,-0.30331,-0.20155,-0.32050,0.87445,NaN,NaN,NaN,NaN,NaN,NaN,NaN,NaN,NaN,NaN,NaN,NaN,NaN,NaN,NaN,NaN,NaN,NaN,NaN,NaN,NaN,
58.238,-0.01032,-0.02533,0.13141,-0.30184,-0.20323,-0.32050,0.87457,NaN,NaN,NaN,NaN,NaN,NaN,NaN,NaN,NaN,NaN,NaN,NaN,NaN,NaN,NaN,NaN,NaN,NaN,NaN,NaN,NaN,
58.263,-0.01035,-0.02538,0.13139,-0.30087,-0.20411,-0.32071,0.87462,NaN,NaN,NaN,NaN,NaN,NaN,NaN,NaN,NaN,NaN,NaN,NaN,NaN,NaN,NaN,NaN,NaN,NaN,NaN,NaN,NaN,
58.288,-0.01049,-0.02543,0.13133,-0.29996,-0.20457,-0.32123,0.87464,NaN,NaN,NaN,NaN,NaN,NaN,NaN,NaN,NaN,NaN,NaN,NaN,NaN,NaN,NaN,NaN,NaN,NaN,NaN,NaN,NaN,
58.312,-0.01049,-0.02543,0.13133,-0.29996,-0.20457,-0.32123,0.87464,NaN,NaN,NaN,NaN,NaN,NaN,NaN,NaN,NaN,NaN,NaN,NaN,NaN,NaN,NaN,NaN,NaN,NaN,NaN,NaN,NaN,
58.338,-0.01037,-0.02565,0.13143,-0.29845,-0.20471,-0.32265,0.87460,NaN,NaN,NaN,NaN,NaN,NaN,NaN,NaN,NaN,NaN,NaN,NaN,NaN,NaN,NaN,NaN,NaN,NaN,NaN,NaN,NaN,
58.363,-0.01032,-0.02566,0.13140,-0.29800,-0.20508,-0.32279,0.87461,NaN,NaN,NaN,NaN,NaN,NaN,NaN,NaN,NaN,NaN,NaN,NaN,NaN,NaN,NaN,NaN,NaN,NaN,NaN,NaN,NaN,
58.388,-0.01039,-0.02565,0.13136,-0.29781,-0.20531,-0.32277,0.87463,NaN,NaN,NaN,NaN,NaN,NaN,NaN,NaN,NaN,NaN,NaN,NaN,NaN,NaN,NaN,NaN,NaN,NaN,NaN,NaN,NaN,
58.412,-0.01031,-0.02569,0.13140,-0.29769,-0.20528,-0.32292,0.87462,NaN,NaN,NaN,NaN,NaN,NaN,NaN,NaN,NaN,NaN,NaN,NaN,NaN,NaN,NaN,NaN,NaN,NaN,NaN,NaN,NaN,
58.438,-0.01039,-0.02572,0.13137,-0.29689,-0.20596,-0.32313,0.87466,NaN,NaN,NaN,NaN,NaN,NaN,NaN,NaN,NaN,NaN,NaN,NaN,NaN,NaN,NaN,NaN,NaN,NaN,NaN,NaN,NaN,
58.462,-0.01046,-0.02577,0.13134,-0.29571,-0.20678,-0.32359,0.87469,NaN,NaN,NaN,NaN,NaN,NaN,NaN,NaN,NaN,NaN,NaN,NaN,NaN,NaN,NaN,NaN,NaN,NaN,NaN,NaN,NaN,
58.488,-0.01041,-0.02583,0.13128,-0.29558,-0.20664,-0.32386,0.87467,NaN,NaN,NaN,NaN,NaN,NaN,NaN,NaN,NaN,NaN,NaN,NaN,NaN,NaN,NaN,NaN,NaN,NaN,NaN,NaN,NaN,
58.513,-0.01040,-0.02589,0.13129,-0.29554,-0.20589,-0.32457,0.87460,NaN,NaN,NaN,NaN,NaN,NaN,NaN,NaN,NaN,NaN,NaN,NaN,NaN,NaN,NaN,NaN,NaN,NaN,NaN,NaN,NaN,
58.538,-0.01030,-0.02593,0.13129,-0.29558,-0.20541,-0.32496,0.87455,NaN,NaN,NaN,NaN,NaN,NaN,NaN,NaN,NaN,NaN,NaN,NaN,NaN,NaN,NaN,NaN,NaN,NaN,NaN,NaN,NaN,
58.562,-0.01030,-0.02593,0.13129,-0.29558,-0.20541,-0.32496,0.87455,NaN,NaN,NaN,NaN,NaN,NaN,NaN,NaN,NaN,NaN,NaN,NaN,NaN,NaN,NaN,NaN,NaN,NaN,NaN,NaN,NaN,
58.587,-0.01036,-0.02594,0.13125,-0.29492,-0.20601,-0.32509,0.87458,NaN,NaN,NaN,NaN,NaN,NaN,NaN,NaN,NaN,NaN,NaN,NaN,NaN,NaN,NaN,NaN,NaN,NaN,NaN,NaN,NaN,
58.612,-0.01051,-0.02599,0.13120,-0.29351,-0.20805,-0.32469,0.87472,NaN,NaN,NaN,NaN,NaN,NaN,NaN,NaN,NaN,NaN,NaN,NaN,NaN,NaN,NaN,NaN,NaN,NaN,NaN,NaN,NaN,
58.638,-0.01062,-0.02601,0.13121,-0.29247,-0.20952,-0.32443,0.87482,NaN,NaN,NaN,NaN,NaN,NaN,NaN,NaN,NaN,NaN,NaN,NaN,NaN,NaN,NaN,NaN,NaN,NaN,NaN,NaN,NaN,
58.663,-0.01060,-0.02606,0.13114,-0.29159,-0.21065,-0.32431,0.87489,NaN,NaN,NaN,NaN,NaN,NaN,NaN,NaN,NaN,NaN,NaN,NaN,NaN,NaN,NaN,NaN,NaN,NaN,NaN,NaN,NaN,
58.688,-0.01068,-0.02607,0.13112,-0.29117,-0.21129,-0.32416,0.87493,NaN,NaN,NaN,NaN,NaN,NaN,NaN,NaN,NaN,NaN,NaN,NaN,NaN,NaN,NaN,NaN,NaN,NaN,NaN,NaN,NaN,
58.712,-0.01068,-0.02607,0.13112,-0.29117,-0.21129,-0.32416,0.87493,NaN,NaN,NaN,NaN,NaN,NaN,NaN,NaN,NaN,NaN,NaN,NaN,NaN,NaN,NaN,NaN,NaN,NaN,NaN,NaN,NaN,
58.738,-0.01070,-0.02617,0.13114,-0.29054,-0.21158,-0.32454,0.87493,NaN,NaN,NaN,NaN,NaN,NaN,NaN,NaN,NaN,NaN,NaN,NaN,NaN,NaN,NaN,NaN,NaN,NaN,NaN,NaN,NaN,
58.762,-0.01070,-0.02620,0.13112,-0.28995,-0.21221,-0.32457,0.87496,NaN,NaN,NaN,NaN,NaN,NaN,NaN,NaN,NaN,NaN,NaN,NaN,NaN,NaN,NaN,NaN,NaN,NaN,NaN,NaN,NaN,
58.788,-0.01078,-0.02620,0.13105,-0.28925,-0.21316,-0.32441,0.87501,NaN,NaN,NaN,NaN,NaN,NaN,NaN,NaN,NaN,NaN,NaN,NaN,NaN,NaN,NaN,NaN,NaN,NaN,NaN,NaN,NaN,
58.812,-0.01078,-0.02620,0.13105,-0.28925,-0.21316,-0.32441,0.87501,NaN,NaN,NaN,NaN,NaN,NaN,NaN,NaN,NaN,NaN,NaN,NaN,NaN,NaN,NaN,NaN,NaN,NaN,NaN,NaN,NaN,
58.837,-0.01092,-0.02621,0.13096,-0.28864,-0.21409,-0.32419,0.87507,NaN,NaN,NaN,NaN,NaN,NaN,NaN,NaN,NaN,NaN,NaN,NaN,NaN,NaN,NaN,NaN,NaN,NaN,NaN,NaN,NaN,
58.862,-0.01082,-0.02630,0.13116,-0.28807,-0.21380,-0.32504,0.87502,NaN,NaN,NaN,NaN,NaN,NaN,NaN,NaN,NaN,NaN,NaN,NaN,NaN,NaN,NaN,NaN,NaN,NaN,NaN,NaN,NaN,
58.888,-0.01094,-0.02629,0.13107,-0.28702,-0.21493,-0.32507,0.87507,NaN,NaN,NaN,NaN,NaN,NaN,NaN,NaN,NaN,NaN,NaN,NaN,NaN,NaN,NaN,NaN,NaN,NaN,NaN,NaN,NaN,
58.912,-0.01094,-0.02629,0.13107,-0.28702,-0.21493,-0.32507,0.87507,NaN,NaN,NaN,NaN,NaN,NaN,NaN,NaN,NaN,NaN,NaN,NaN,NaN,NaN,NaN,NaN,NaN,NaN,NaN,NaN,NaN,
58.937,-0.01103,-0.02625,0.13107,-0.28628,-0.21641,-0.32449,0.87517,NaN,NaN,NaN,NaN,NaN,NaN,NaN,NaN,NaN,NaN,NaN,NaN,NaN,NaN,NaN,NaN,NaN,NaN,NaN,NaN,NaN,
58.962,-0.01110,-0.02625,0.13108,-0.28551,-0.21783,-0.32398,0.87526,NaN,NaN,NaN,NaN,NaN,NaN,NaN,NaN,NaN,NaN,NaN,NaN,NaN,NaN,NaN,NaN,NaN,NaN,NaN,NaN,NaN,
58.988,-0.01134,-0.02634,0.13097,-0.28335,-0.22011,-0.32410,0.87535,NaN,NaN,NaN,NaN,NaN,NaN,NaN,NaN,NaN,NaN,NaN,NaN,NaN,NaN,NaN,NaN,NaN,NaN,NaN,NaN,NaN,
59.013,-0.01137,-0.02637,0.13101,-0.28336,-0.22012,-0.32408,0.87535,NaN,NaN,NaN,NaN,NaN,NaN,NaN,NaN,NaN,NaN,NaN,NaN,NaN,NaN,NaN,NaN,NaN,NaN,NaN,NaN,NaN,
59.038,-0.01134,-0.02640,0.13113,-0.28355,-0.21989,-0.32408,0.87534,NaN,NaN,NaN,NaN,NaN,NaN,NaN,NaN,NaN,NaN,NaN,NaN,NaN,NaN,NaN,NaN,NaN,NaN,NaN,NaN,NaN,
59.062,-0.01134,-0.02640,0.13113,-0.28355,-0.21989,-0.32408,0.87534,NaN,NaN,NaN,NaN,NaN,NaN,NaN,NaN,NaN,NaN,NaN,NaN,NaN,NaN,NaN,NaN,NaN,NaN,NaN,NaN,NaN,
59.088,-0.01151,-0.02643,0.13098,-0.28146,-0.22222,-0.32407,0.87543,NaN,NaN,NaN,NaN,NaN,NaN,NaN,NaN,NaN,NaN,NaN,NaN,NaN,NaN,NaN,NaN,NaN,NaN,NaN,NaN,NaN,
59.113,-0.01152,-0.02648,0.13094,-0.28086,-0.22276,-0.32419,0.87544,NaN,NaN,NaN,NaN,NaN,NaN,NaN,NaN,NaN,NaN,NaN,NaN,NaN,NaN,NaN,NaN,NaN,NaN,NaN,NaN,NaN,
59.137,-0.01152,-0.02651,0.13097,-0.28083,-0.22268,-0.32430,0.87543,NaN,NaN,NaN,NaN,NaN,NaN,NaN,NaN,NaN,NaN,NaN,NaN,NaN,NaN,NaN,NaN,NaN,NaN,NaN,NaN,NaN,
59.162,-0.01149,-0.02656,0.13100,-0.28023,-0.22287,-0.32473,0.87542,NaN,NaN,NaN,NaN,NaN,NaN,NaN,NaN,NaN,NaN,NaN,NaN,NaN,NaN,NaN,NaN,NaN,NaN,NaN,NaN,NaN,
59.188,-0.01149,-0.02656,0.13097,-0.28018,-0.22332,-0.32436,0.87545,NaN,NaN,NaN,NaN,NaN,NaN,NaN,NaN,NaN,NaN,NaN,NaN,NaN,NaN,NaN,NaN,NaN,NaN,NaN,NaN,NaN,
59.212,-0.01149,-0.02656,0.13097,-0.28018,-0.22332,-0.32436,0.87545,NaN,NaN,NaN,NaN,NaN,NaN,NaN,NaN,NaN,NaN,NaN,NaN,NaN,NaN,NaN,NaN,NaN,NaN,NaN,NaN,NaN,
59.238,-0.01184,-0.02656,0.13080,-0.27853,-0.22572,-0.32383,0.87556,NaN,NaN,NaN,NaN,NaN,NaN,NaN,NaN,NaN,NaN,NaN,NaN,NaN,NaN,NaN,NaN,NaN,NaN,NaN,NaN,NaN,
59.262,-0.01184,-0.02656,0.13080,-0.27853,-0.22572,-0.32383,0.87556,NaN,NaN,NaN,NaN,NaN,NaN,NaN,NaN,NaN,NaN,NaN,NaN,NaN,NaN,NaN,NaN,NaN,NaN,NaN,NaN,NaN,
59.287,-0.01183,-0.02660,0.13083,-0.27765,-0.22689,-0.32366,0.87560,NaN,NaN,NaN,NaN,NaN,NaN,NaN,NaN,NaN,NaN,NaN,NaN,NaN,NaN,NaN,NaN,NaN,NaN,NaN,NaN,NaN,
59.312,-0.01193,-0.02661,0.13091,-0.27707,-0.22792,-0.32329,0.87565,NaN,NaN,NaN,NaN,NaN,NaN,NaN,NaN,NaN,NaN,NaN,NaN,NaN,NaN,NaN,NaN,NaN,NaN,NaN,NaN,NaN,
59.338,-0.01179,-0.02662,0.13106,-0.27716,-0.22803,-0.32310,0.87567,NaN,NaN,NaN,NaN,NaN,NaN,NaN,NaN,NaN,NaN,NaN,NaN,NaN,NaN,NaN,NaN,NaN,NaN,NaN,NaN,NaN,
59.362,-0.01179,-0.02662,0.13106,-0.27716,-0.22803,-0.32310,0.87567,NaN,NaN,NaN,NaN,NaN,NaN,NaN,NaN,NaN,NaN,NaN,NaN,NaN,NaN,NaN,NaN,NaN,NaN,NaN,NaN,NaN,
59.387,-0.01196,-0.02660,0.13099,-0.27664,-0.22891,-0.32281,0.87571,NaN,NaN,NaN,NaN,NaN,NaN,NaN,NaN,NaN,NaN,NaN,NaN,NaN,NaN,NaN,NaN,NaN,NaN,NaN,NaN,NaN,
59.412,-0.01218,-0.02654,0.13069,-0.27495,-0.23077,-0.32281,0.87575,NaN,NaN,NaN,NaN,NaN,NaN,NaN,NaN,NaN,NaN,NaN,NaN,NaN,NaN,NaN,NaN,NaN,NaN,NaN,NaN,NaN,
59.438,-0.01226,-0.02675,0.13070,-0.27327,-0.23251,-0.32288,0.87579,NaN,NaN,NaN,NaN,NaN,NaN,NaN,NaN,NaN,NaN,NaN,NaN,NaN,NaN,NaN,NaN,NaN,NaN,NaN,NaN,NaN,
59.462,-0.01240,-0.02669,0.13067,-0.27331,-0.23392,-0.32155,0.87589,NaN,NaN,NaN,NaN,NaN,NaN,NaN,NaN,NaN,NaN,NaN,NaN,NaN,NaN,NaN,NaN,NaN,NaN,NaN,NaN,NaN,
59.487,-0.01240,-0.02669,0.13067,-0.27331,-0.23392,-0.32155,0.87589,NaN,NaN,NaN,NaN,NaN,NaN,NaN,NaN,NaN,NaN,NaN,NaN,NaN,NaN,NaN,NaN,NaN,NaN,NaN,NaN,NaN,
59.512,-0.01253,-0.02669,0.13081,-0.27175,-0.23637,-0.32085,0.87598,NaN,NaN,NaN,NaN,NaN,NaN,NaN,NaN,NaN,NaN,NaN,NaN,NaN,NaN,NaN,NaN,NaN,NaN,NaN,NaN,NaN,
59.538,-0.01255,-0.02665,0.13091,-0.27136,-0.23727,-0.32040,0.87602,NaN,NaN,NaN,NaN,NaN,NaN,NaN,NaN,NaN,NaN,NaN,NaN,NaN,NaN,NaN,NaN,NaN,NaN,NaN,NaN,NaN,
59.563,-0.01271,-0.02664,0.13082,-0.27024,-0.23894,-0.31998,0.87607,NaN,NaN,NaN,NaN,NaN,NaN,NaN,NaN,NaN,NaN,NaN,NaN,NaN,NaN,NaN,NaN,NaN,NaN,NaN,NaN,NaN,
59.587,-0.01271,-0.02664,0.13082,-0.27024,-0.23894,-0.31998,0.87607,NaN,NaN,NaN,NaN,NaN,NaN,NaN,NaN,NaN,NaN,NaN,NaN,NaN,NaN,NaN,NaN,NaN,NaN,NaN,NaN,NaN,
59.612,-0.01289,-0.02665,0.13063,-0.26891,-0.24091,-0.31948,0.87612,NaN,NaN,NaN,NaN,NaN,NaN,NaN,NaN,NaN,NaN,NaN,NaN,NaN,NaN,NaN,NaN,NaN,NaN,NaN,NaN,NaN,
59.637,-0.01298,-0.02670,0.13066,-0.26874,-0.24129,-0.31930,0.87613,NaN,NaN,NaN,NaN,NaN,NaN,NaN,NaN,NaN,NaN,NaN,NaN,NaN,NaN,NaN,NaN,NaN,NaN,NaN,NaN,NaN,
59.662,-0.01295,-0.02678,0.13086,-0.26807,-0.24253,-0.31881,0.87617,NaN,NaN,NaN,NaN,NaN,NaN,NaN,NaN,NaN,NaN,NaN,NaN,NaN,NaN,NaN,NaN,NaN,NaN,NaN,NaN,NaN,
59.688,-0.01300,-0.02671,0.13089,-0.26804,-0.24318,-0.31823,0.87621,NaN,NaN,NaN,NaN,NaN,NaN,NaN,NaN,NaN,NaN,NaN,NaN,NaN,NaN,NaN,NaN,NaN,NaN,NaN,NaN,NaN,
59.712,-0.01300,-0.02671,0.13089,-0.26804,-0.24318,-0.31823,0.87621,NaN,NaN,NaN,NaN,NaN,NaN,NaN,NaN,NaN,NaN,NaN,NaN,NaN,NaN,NaN,NaN,NaN,NaN,NaN,NaN,NaN,
59.737,-0.01311,-0.02672,0.13082,-0.26680,-0.24450,-0.31824,0.87622,NaN,NaN,NaN,NaN,NaN,NaN,NaN,NaN,NaN,NaN,NaN,NaN,NaN,NaN,NaN,NaN,NaN,NaN,NaN,NaN,NaN,
59.763,-0.01320,-0.02669,0.13072,-0.26616,-0.24564,-0.31782,0.87625,NaN,NaN,NaN,NaN,NaN,NaN,NaN,NaN,NaN,NaN,NaN,NaN,NaN,NaN,NaN,NaN,NaN,NaN,NaN,NaN,NaN,
59.788,-0.01316,-0.02669,0.13078,-0.26646,-0.24558,-0.31758,0.87626,NaN,NaN,NaN,NaN,NaN,NaN,NaN,NaN,NaN,NaN,NaN,NaN,NaN,NaN,NaN,NaN,NaN,NaN,NaN,NaN,NaN,
59.813,-0.01324,-0.02670,0.13067,-0.26628,-0.24597,-0.31740,0.87627,NaN,NaN,NaN,NaN,NaN,NaN,NaN,NaN,NaN,NaN,NaN,NaN,NaN,NaN,NaN,NaN,NaN,NaN,NaN,NaN,NaN,
59.838,-0.01328,-0.02666,0.13059,-0.26624,-0.24636,-0.31707,0.87629,NaN,NaN,NaN,NaN,NaN,NaN,NaN,NaN,NaN,NaN,NaN,NaN,NaN,NaN,NaN,NaN,NaN,NaN,NaN,NaN,NaN,
59.862,-0.01328,-0.02666,0.13059,-0.26624,-0.24636,-0.31707,0.87629,NaN,NaN,NaN,NaN,NaN,NaN,NaN,NaN,NaN,NaN,NaN,NaN,NaN,NaN,NaN,NaN,NaN,NaN,NaN,NaN,NaN,
59.888,-0.01326,-0.02666,0.13072,-0.26664,-0.24595,-0.31704,0.87629,NaN,NaN,NaN,NaN,NaN,NaN,NaN,NaN,NaN,NaN,NaN,NaN,NaN,NaN,NaN,NaN,NaN,NaN,NaN,NaN,NaN,
59.912,-0.01326,-0.02667,0.13072,-0.26652,-0.24601,-0.31711,0.87629,NaN,NaN,NaN,NaN,NaN,NaN,NaN,NaN,NaN,NaN,NaN,NaN,NaN,NaN,NaN,NaN,NaN,NaN,NaN,NaN,NaN,
59.938,-0.01321,-0.02667,0.13074,-0.26655,-0.24575,-0.31734,0.87628,NaN,NaN,NaN,NaN,NaN,NaN,NaN,NaN,NaN,NaN,NaN,NaN,NaN,NaN,NaN,NaN,NaN,NaN,NaN,NaN,NaN,
59.962,-0.01321,-0.02667,0.13074,-0.26655,-0.24575,-0.31734,0.87628,NaN,NaN,NaN,NaN,NaN,NaN,NaN,NaN,NaN,NaN,NaN,NaN,NaN,NaN,NaN,NaN,NaN,NaN,NaN,NaN,NaN,
59.987,-0.01323,-0.02666,0.13072,-0.26642,-0.24593,-0.31728,0.87628,NaN,NaN,NaN,NaN,NaN,NaN,NaN,NaN,NaN,NaN,NaN,NaN,NaN,NaN,NaN,NaN,NaN,NaN,NaN,NaN,NaN,
60.012,-0.01319,-0.02660,0.13074,-0.26676,-0.24672,-0.31620,0.87635,NaN,NaN,NaN,NaN,NaN,NaN,NaN,NaN,NaN,NaN,NaN,NaN,NaN,NaN,NaN,NaN,NaN,NaN,NaN,NaN,NaN,
60.038,-0.01383,-0.02656,0.13067,-0.26301,-0.25446,-0.31268,0.87653,NaN,NaN,NaN,NaN,NaN,NaN,NaN,NaN,NaN,NaN,NaN,NaN,NaN,NaN,NaN,NaN,NaN,NaN,NaN,NaN,NaN,
60.062,-0.01383,-0.02656,0.13067,-0.26301,-0.25446,-0.31268,0.87653,NaN,NaN,NaN,NaN,NaN,NaN,NaN,NaN,NaN,NaN,NaN,NaN,NaN,NaN,NaN,NaN,NaN,NaN,NaN,NaN,NaN,
60.087,-0.01395,-0.02654,0.13075,-0.26300,-0.25710,-0.31018,0.87665,NaN,NaN,NaN,NaN,NaN,NaN,NaN,NaN,NaN,NaN,NaN,NaN,NaN,NaN,NaN,NaN,NaN,NaN,NaN,NaN,NaN,
60.112,-0.01450,-0.02641,0.13061,-0.26023,-0.26154,-0.30872,0.87668,NaN,NaN,NaN,NaN,NaN,NaN,NaN,NaN,NaN,NaN,NaN,NaN,NaN,NaN,NaN,NaN,NaN,NaN,NaN,NaN,NaN,
60.137,-0.01461,-0.02643,0.13075,-0.25916,-0.26427,-0.30718,0.87672,NaN,NaN,NaN,NaN,NaN,NaN,NaN,NaN,NaN,NaN,NaN,NaN,NaN,NaN,NaN,NaN,NaN,NaN,NaN,NaN,NaN,
60.162,-0.01493,-0.02637,0.13070,-0.25739,-0.26855,-0.30484,0.87676,NaN,NaN,NaN,NaN,NaN,NaN,NaN,NaN,NaN,NaN,NaN,NaN,NaN,NaN,NaN,NaN,NaN,NaN,NaN,NaN,NaN,
60.188,-0.01492,-0.02638,0.13075,-0.25746,-0.26967,-0.30369,0.87679,NaN,NaN,NaN,NaN,NaN,NaN,NaN,NaN,NaN,NaN,NaN,NaN,NaN,NaN,NaN,NaN,NaN,NaN,NaN,NaN,NaN,
60.212,-0.01507,-0.02635,0.13073,-0.25656,-0.27129,-0.30303,0.87679,NaN,NaN,NaN,NaN,NaN,NaN,NaN,NaN,NaN,NaN,NaN,NaN,NaN,NaN,NaN,NaN,NaN,NaN,NaN,NaN,NaN,
60.238,-0.01516,-0.02635,0.13066,-0.25609,-0.27192,-0.30289,0.87678,NaN,NaN,NaN,NaN,NaN,NaN,NaN,NaN,NaN,NaN,NaN,NaN,NaN,NaN,NaN,NaN,NaN,NaN,NaN,NaN,NaN,
60.262,-0.01516,-0.02636,0.13062,-0.25614,-0.27201,-0.30276,0.87678,NaN,NaN,NaN,NaN,NaN,NaN,NaN,NaN,NaN,NaN,NaN,NaN,NaN,NaN,NaN,NaN,NaN,NaN,NaN,NaN,NaN,
60.287,-0.01516,-0.02636,0.13062,-0.25614,-0.27201,-0.30276,0.87678,NaN,NaN,NaN,NaN,NaN,NaN,NaN,NaN,NaN,NaN,NaN,NaN,NaN,NaN,NaN,NaN,NaN,NaN,NaN,NaN,NaN,
60.312,-0.01509,-0.02641,0.13075,-0.25632,-0.27176,-0.30281,0.87678,NaN,NaN,NaN,NaN,NaN,NaN,NaN,NaN,NaN,NaN,NaN,NaN,NaN,NaN,NaN,NaN,NaN,NaN,NaN,NaN,NaN,
60.337,-0.01509,-0.02641,0.13075,-0.25632,-0.27176,-0.30281,0.87678,NaN,NaN,NaN,NaN,NaN,NaN,NaN,NaN,NaN,NaN,NaN,NaN,NaN,NaN,NaN,NaN,NaN,NaN,NaN,NaN,NaN,
60.362,-0.01512,-0.02638,0.13077,-0.25633,-0.27187,-0.30269,0.87679,NaN,NaN,NaN,NaN,NaN,NaN,NaN,NaN,NaN,NaN,NaN,NaN,NaN,NaN,NaN,NaN,NaN,NaN,NaN,NaN,NaN,
60.388,-0.01513,-0.02637,0.13075,-0.25631,-0.27186,-0.30272,0.87679,NaN,NaN,NaN,NaN,NaN,NaN,NaN,NaN,NaN,NaN,NaN,NaN,NaN,NaN,NaN,NaN,NaN,NaN,NaN,NaN,NaN,
60.412,-0.01510,-0.02638,0.13077,-0.25655,-0.27152,-0.30281,0.87679,NaN,NaN,NaN,NaN,NaN,NaN,NaN,NaN,NaN,NaN,NaN,NaN,NaN,NaN,NaN,NaN,NaN,NaN,NaN,NaN,NaN,
60.438,-0.01512,-0.02638,0.13075,-0.25637,-0.27173,-0.30279,0.87679,NaN,NaN,NaN,NaN,NaN,NaN,NaN,NaN,NaN,NaN,NaN,NaN,NaN,NaN,NaN,NaN,NaN,NaN,NaN,NaN,NaN,
60.462,-0.01513,-0.02638,0.13073,-0.25626,-0.27182,-0.30282,0.87678,NaN,NaN,NaN,NaN,NaN,NaN,NaN,NaN,NaN,NaN,NaN,NaN,NaN,NaN,NaN,NaN,NaN,NaN,NaN,NaN,NaN,
60.488,-0.01513,-0.02639,0.13074,-0.25628,-0.27178,-0.30284,0.87678,NaN,NaN,NaN,NaN,NaN,NaN,NaN,NaN,NaN,NaN,NaN,NaN,NaN,NaN,NaN,NaN,NaN,NaN,NaN,NaN,NaN,
60.512,-0.01512,-0.02638,0.13075,-0.25626,-0.27177,-0.30286,0.87678,NaN,NaN,NaN,NaN,NaN,NaN,NaN,NaN,NaN,NaN,NaN,NaN,NaN,NaN,NaN,NaN,NaN,NaN,NaN,NaN,NaN,
60.537,-0.01512,-0.02638,0.13075,-0.25626,-0.27177,-0.30286,0.87678,NaN,NaN,NaN,NaN,NaN,NaN,NaN,NaN,NaN,NaN,NaN,NaN,NaN,NaN,NaN,NaN,NaN,NaN,NaN,NaN,NaN,
60.562,-0.01483,-0.02636,0.13106,-0.25747,-0.27459,-0.29890,0.87691,NaN,NaN,NaN,NaN,NaN,NaN,NaN,NaN,NaN,NaN,NaN,NaN,NaN,NaN,NaN,NaN,NaN,NaN,NaN,NaN,NaN,
60.588,-0.01586,-0.02603,0.13076,-0.25439,-0.28227,-0.29449,0.87686,NaN,NaN,NaN,NaN,NaN,NaN,NaN,NaN,NaN,NaN,NaN,NaN,NaN,NaN,NaN,NaN,NaN,NaN,NaN,NaN,NaN,
60.612,-0.01586,-0.02603,0.13076,-0.25439,-0.28227,-0.29449,0.87686,NaN,NaN,NaN,NaN,NaN,NaN,NaN,NaN,NaN,NaN,NaN,NaN,NaN,NaN,NaN,NaN,NaN,NaN,NaN,NaN,NaN,
60.638,-0.01634,-0.02570,0.13048,-0.25352,-0.29007,-0.28763,0.87684,NaN,NaN,NaN,NaN,NaN,NaN,NaN,NaN,NaN,NaN,NaN,NaN,NaN,NaN,NaN,NaN,NaN,NaN,NaN,NaN,NaN,
60.662,-0.01646,-0.02566,0.13042,-0.25308,-0.29268,-0.28548,0.87681,NaN,NaN,NaN,NaN,NaN,NaN,NaN,NaN,NaN,NaN,NaN,NaN,NaN,NaN,NaN,NaN,NaN,NaN,NaN,NaN,NaN,
60.688,-0.01662,-0.02557,0.13039,-0.25315,-0.29457,-0.28350,0.87679,NaN,NaN,NaN,NaN,NaN,NaN,NaN,NaN,NaN,NaN,NaN,NaN,NaN,NaN,NaN,NaN,NaN,NaN,NaN,NaN,NaN,
60.713,-0.01670,-0.02546,0.13033,-0.25363,-0.29597,-0.28161,0.87680,NaN,NaN,NaN,NaN,NaN,NaN,NaN,NaN,NaN,NaN,NaN,NaN,NaN,NaN,NaN,NaN,NaN,NaN,NaN,NaN,NaN,
60.738,-0.01672,-0.02544,0.13034,-0.25434,-0.29732,-0.27952,0.87680,NaN,NaN,NaN,NaN,NaN,NaN,NaN,NaN,NaN,NaN,NaN,NaN,NaN,NaN,NaN,NaN,NaN,NaN,NaN,NaN,NaN,
60.762,-0.01699,-0.02531,0.13018,-0.25341,-0.29975,-0.27801,0.87672,NaN,NaN,NaN,NaN,NaN,NaN,NaN,NaN,NaN,NaN,NaN,NaN,NaN,NaN,NaN,NaN,NaN,NaN,NaN,NaN,NaN,
60.788,-0.01694,-0.02529,0.13020,-0.25374,-0.30088,-0.27653,0.87671,NaN,NaN,NaN,NaN,NaN,NaN,NaN,NaN,NaN,NaN,NaN,NaN,NaN,NaN,NaN,NaN,NaN,NaN,NaN,NaN,NaN,
60.813,-0.01704,-0.02521,0.13019,-0.25395,-0.30198,-0.27518,0.87669,NaN,NaN,NaN,NaN,NaN,NaN,NaN,NaN,NaN,NaN,NaN,NaN,NaN,NaN,NaN,NaN,NaN,NaN,NaN,NaN,NaN,
60.838,-0.01698,-0.02523,0.13008,-0.25389,-0.30328,-0.27393,0.87666,NaN,NaN,NaN,NaN,NaN,NaN,NaN,NaN,NaN,NaN,NaN,NaN,NaN,NaN,NaN,NaN,NaN,NaN,NaN,NaN,NaN,
60.863,-0.01710,-0.02506,0.13001,-0.25465,-0.30452,-0.27188,0.87664,NaN,NaN,NaN,NaN,NaN,NaN,NaN,NaN,NaN,NaN,NaN,NaN,NaN,NaN,NaN,NaN,NaN,NaN,NaN,NaN,NaN,
60.888,-0.01726,-0.02489,0.12996,-0.25506,-0.30614,-0.26979,0.87660,NaN,NaN,NaN,NaN,NaN,NaN,NaN,NaN,NaN,NaN,NaN,NaN,NaN,NaN,NaN,NaN,NaN,NaN,NaN,NaN,NaN,
60.912,-0.01717,-0.02480,0.13000,-0.25632,-0.30707,-0.26753,0.87660,NaN,NaN,NaN,NaN,NaN,NaN,NaN,NaN,NaN,NaN,NaN,NaN,NaN,NaN,NaN,NaN,NaN,NaN,NaN,NaN,NaN,
60.938,-0.01716,-0.02462,0.12993,-0.25768,-0.30816,-0.26499,0.87659,NaN,NaN,NaN,NaN,NaN,NaN,NaN,NaN,NaN,NaN,NaN,NaN,NaN,NaN,NaN,NaN,NaN,NaN,NaN,NaN,NaN,
60.962,-0.01744,-0.02437,0.12976,-0.25778,-0.31010,-0.26288,0.87652,NaN,NaN,NaN,NaN,NaN,NaN,NaN,NaN,NaN,NaN,NaN,NaN,NaN,NaN,NaN,NaN,NaN,NaN,NaN,NaN,NaN,
60.988,-0.01733,-0.02427,0.12993,-0.25997,-0.31072,-0.25994,0.87652,NaN,NaN,NaN,NaN,NaN,NaN,NaN,NaN,NaN,NaN,NaN,NaN,NaN,NaN,NaN,NaN,NaN,NaN,NaN,NaN,NaN,
61.012,-0.01733,-0.02403,0.12996,-0.26207,-0.31178,-0.25664,0.87650,NaN,NaN,NaN,NaN,NaN,NaN,NaN,NaN,NaN,NaN,NaN,NaN,NaN,NaN,NaN,NaN,NaN,NaN,NaN,NaN,NaN,
61.038,-0.01732,-0.02386,0.12993,-0.26292,-0.31287,-0.25460,0.87645,NaN,NaN,NaN,NaN,NaN,NaN,NaN,NaN,NaN,NaN,NaN,NaN,NaN,NaN,NaN,NaN,NaN,NaN,NaN,NaN,NaN,
61.062,-0.01732,-0.02386,0.12993,-0.26292,-0.31287,-0.25460,0.87645,NaN,NaN,NaN,NaN,NaN,NaN,NaN,NaN,NaN,NaN,NaN,NaN,NaN,NaN,NaN,NaN,NaN,NaN,NaN,NaN,NaN,
61.087,-0.01740,-0.02366,0.12979,-0.26403,-0.31392,-0.25234,0.87640,NaN,NaN,NaN,NaN,NaN,NaN,NaN,NaN,NaN,NaN,NaN,NaN,NaN,NaN,NaN,NaN,NaN,NaN,NaN,NaN,NaN,
61.112,-0.01718,-0.02351,0.13001,-0.26828,-0.31363,-0.24812,0.87641,NaN,NaN,NaN,NaN,NaN,NaN,NaN,NaN,NaN,NaN,NaN,NaN,NaN,NaN,NaN,NaN,NaN,NaN,NaN,NaN,NaN,
61.137,-0.01718,-0.02351,0.13001,-0.26828,-0.31363,-0.24812,0.87641,NaN,NaN,NaN,NaN,NaN,NaN,NaN,NaN,NaN,NaN,NaN,NaN,NaN,NaN,NaN,NaN,NaN,NaN,NaN,NaN,NaN,
61.162,-0.01750,-0.02312,0.12968,-0.26973,-0.31650,-0.24355,0.87622,NaN,NaN,NaN,NaN,NaN,NaN,NaN,NaN,NaN,NaN,NaN,NaN,NaN,NaN,NaN,NaN,NaN,NaN,NaN,NaN,NaN,
61.188,-0.01749,-0.02296,0.12976,-0.27155,-0.31827,-0.23972,0.87607,NaN,NaN,NaN,NaN,NaN,NaN,NaN,NaN,NaN,NaN,NaN,NaN,NaN,NaN,NaN,NaN,NaN,NaN,NaN,NaN,NaN,
61.212,-0.01749,-0.02296,0.12976,-0.27155,-0.31827,-0.23972,0.87607,NaN,NaN,NaN,NaN,NaN,NaN,NaN,NaN,NaN,NaN,NaN,NaN,NaN,NaN,NaN,NaN,NaN,NaN,NaN,NaN,NaN,
61.237,-0.01736,-0.02282,0.13002,-0.27422,-0.31863,-0.23645,0.87600,NaN,NaN,NaN,NaN,NaN,NaN,NaN,NaN,NaN,NaN,NaN,NaN,NaN,NaN,NaN,NaN,NaN,NaN,NaN,NaN,NaN,
61.262,-0.01752,-0.02255,0.12979,-0.27430,-0.32085,-0.23400,0.87582,NaN,NaN,NaN,NaN,NaN,NaN,NaN,NaN,NaN,NaN,NaN,NaN,NaN,NaN,NaN,NaN,NaN,NaN,NaN,NaN,NaN,
61.288,-0.01769,-0.02230,0.12972,-0.27540,-0.32298,-0.23050,0.87562,NaN,NaN,NaN,NaN,NaN,NaN,NaN,NaN,NaN,NaN,NaN,NaN,NaN,NaN,NaN,NaN,NaN,NaN,NaN,NaN,NaN,
61.313,-0.01753,-0.02231,0.12991,-0.27732,-0.32196,-0.22952,0.87565,NaN,NaN,NaN,NaN,NaN,NaN,NaN,NaN,NaN,NaN,NaN,NaN,NaN,NaN,NaN,NaN,NaN,NaN,NaN,NaN,NaN,
61.338,-0.01760,-0.02222,0.12970,-0.27732,-0.32321,-0.22817,0.87554,NaN,NaN,NaN,NaN,NaN,NaN,NaN,NaN,NaN,NaN,NaN,NaN,NaN,NaN,NaN,NaN,NaN,NaN,NaN,NaN,NaN,
61.362,-0.01760,-0.02222,0.12970,-0.27732,-0.32321,-0.22817,0.87554,NaN,NaN,NaN,NaN,NaN,NaN,NaN,NaN,NaN,NaN,NaN,NaN,NaN,NaN,NaN,NaN,NaN,NaN,NaN,NaN,NaN,
61.388,-0.01754,-0.02215,0.12980,-0.27880,-0.32289,-0.22689,0.87552,NaN,NaN,NaN,NaN,NaN,NaN,NaN,NaN,NaN,NaN,NaN,NaN,NaN,NaN,NaN,NaN,NaN,NaN,NaN,NaN,NaN,
61.413,-0.01748,-0.02214,0.12983,-0.27944,-0.32275,-0.22634,0.87551,NaN,NaN,NaN,NaN,NaN,NaN,NaN,NaN,NaN,NaN,NaN,NaN,NaN,NaN,NaN,NaN,NaN,NaN,NaN,NaN,NaN,
61.438,-0.01752,-0.02207,0.12983,-0.27960,-0.32332,-0.22555,0.87545,NaN,NaN,NaN,NaN,NaN,NaN,NaN,NaN,NaN,NaN,NaN,NaN,NaN,NaN,NaN,NaN,NaN,NaN,NaN,NaN,NaN,
61.462,-0.01754,-0.02202,0.12984,-0.28001,-0.32374,-0.22465,0.87540,NaN,NaN,NaN,NaN,NaN,NaN,NaN,NaN,NaN,NaN,NaN,NaN,NaN,NaN,NaN,NaN,NaN,NaN,NaN,NaN,NaN,
61.488,-0.01754,-0.02196,0.12986,-0.28074,-0.32393,-0.22363,0.87535,NaN,NaN,NaN,NaN,NaN,NaN,NaN,NaN,NaN,NaN,NaN,NaN,NaN,NaN,NaN,NaN,NaN,NaN,NaN,NaN,NaN,
61.512,-0.01755,-0.02192,0.12979,-0.28106,-0.32456,-0.22260,0.87528,NaN,NaN,NaN,NaN,NaN,NaN,NaN,NaN,NaN,NaN,NaN,NaN,NaN,NaN,NaN,NaN,NaN,NaN,NaN,NaN,NaN,
61.537,-0.01755,-0.02192,0.12979,-0.28106,-0.32456,-0.22260,0.87528,NaN,NaN,NaN,NaN,NaN,NaN,NaN,NaN,NaN,NaN,NaN,NaN,NaN,NaN,NaN,NaN,NaN,NaN,NaN,NaN,NaN,
61.562,-0.01758,-0.02188,0.12984,-0.28194,-0.32528,-0.22086,0.87517,NaN,NaN,NaN,NaN,NaN,NaN,NaN,NaN,NaN,NaN,NaN,NaN,NaN,NaN,NaN,NaN,NaN,NaN,NaN,NaN,NaN,
61.588,-0.01763,-0.02182,0.12980,-0.28232,-0.32590,-0.21976,0.87510,NaN,NaN,NaN,NaN,NaN,NaN,NaN,NaN,NaN,NaN,NaN,NaN,NaN,NaN,NaN,NaN,NaN,NaN,NaN,NaN,NaN,
61.612,-0.01763,-0.02182,0.12980,-0.28232,-0.32590,-0.21976,0.87510,NaN,NaN,NaN,NaN,NaN,NaN,NaN,NaN,NaN,NaN,NaN,NaN,NaN,NaN,NaN,NaN,NaN,NaN,NaN,NaN,NaN,
61.638,-0.01764,-0.02173,0.12985,-0.28301,-0.32639,-0.21845,0.87501,NaN,NaN,NaN,NaN,NaN,NaN,NaN,NaN,NaN,NaN,NaN,NaN,NaN,NaN,NaN,NaN,NaN,NaN,NaN,NaN,NaN,
61.662,-0.01764,-0.02173,0.12985,-0.28301,-0.32639,-0.21845,0.87501,NaN,NaN,NaN,NaN,NaN,NaN,NaN,NaN,NaN,NaN,NaN,NaN,NaN,NaN,NaN,NaN,NaN,NaN,NaN,NaN,NaN,
61.688,-0.01766,-0.02162,0.12977,-0.28379,-0.32716,-0.21676,0.87490,NaN,NaN,NaN,NaN,NaN,NaN,NaN,NaN,NaN,NaN,NaN,NaN,NaN,NaN,NaN,NaN,NaN,NaN,NaN,NaN,NaN,
61.712,-0.01765,-0.02156,0.12978,-0.28448,-0.32761,-0.21550,0.87482,NaN,NaN,NaN,NaN,NaN,NaN,NaN,NaN,NaN,NaN,NaN,NaN,NaN,NaN,NaN,NaN,NaN,NaN,NaN,NaN,NaN,
61.738,-0.01764,-0.02154,0.12981,-0.28527,-0.32791,-0.21429,0.87474,NaN,NaN,NaN,NaN,NaN,NaN,NaN,NaN,NaN,NaN,NaN,NaN,NaN,NaN,NaN,NaN,NaN,NaN,NaN,NaN,NaN,
61.763,-0.01773,-0.02149,0.12975,-0.28514,-0.32882,-0.21343,0.87465,NaN,NaN,NaN,NaN,NaN,NaN,NaN,NaN,NaN,NaN,NaN,NaN,NaN,NaN,NaN,NaN,NaN,NaN,NaN,NaN,NaN,
61.788,-0.01777,-0.02143,0.12970,-0.28609,-0.32887,-0.21232,0.87460,NaN,NaN,NaN,NaN,NaN,NaN,NaN,NaN,NaN,NaN,NaN,NaN,NaN,NaN,NaN,NaN,NaN,NaN,NaN,NaN,NaN,
61.812,-0.01777,-0.02143,0.12970,-0.28609,-0.32887,-0.21232,0.87460,NaN,NaN,NaN,NaN,NaN,NaN,NaN,NaN,NaN,NaN,NaN,NaN,NaN,NaN,NaN,NaN,NaN,NaN,NaN,NaN,NaN,
61.838,-0.01786,-0.02123,0.12959,-0.28746,-0.33041,-0.20908,0.87434,NaN,NaN,NaN,NaN,NaN,NaN,NaN,NaN,NaN,NaN,NaN,NaN,NaN,NaN,NaN,NaN,NaN,NaN,NaN,NaN,NaN,
61.862,-0.01785,-0.02115,0.12959,-0.28835,-0.33059,-0.20790,0.87427,NaN,NaN,NaN,NaN,NaN,NaN,NaN,NaN,NaN,NaN,NaN,NaN,NaN,NaN,NaN,NaN,NaN,NaN,NaN,NaN,NaN,
61.888,-0.01786,-0.02107,0.12955,-0.28903,-0.33121,-0.20644,0.87415,NaN,NaN,NaN,NaN,NaN,NaN,NaN,NaN,NaN,NaN,NaN,NaN,NaN,NaN,NaN,NaN,NaN,NaN,NaN,NaN,NaN,
61.912,-0.01785,-0.02098,0.12946,-0.29003,-0.33202,-0.20442,0.87399,NaN,NaN,NaN,NaN,NaN,NaN,NaN,NaN,NaN,NaN,NaN,NaN,NaN,NaN,NaN,NaN,NaN,NaN,NaN,NaN,NaN,
61.937,-0.01785,-0.02098,0.12946,-0.29003,-0.33202,-0.20442,0.87399,NaN,NaN,NaN,NaN,NaN,NaN,NaN,NaN,NaN,NaN,NaN,NaN,NaN,NaN,NaN,NaN,NaN,NaN,NaN,NaN,NaN,
61.963,-0.01788,-0.02086,0.12947,-0.29153,-0.33314,-0.20148,0.87375,NaN,NaN,NaN,NaN,NaN,NaN,NaN,NaN,NaN,NaN,NaN,NaN,NaN,NaN,NaN,NaN,NaN,NaN,NaN,NaN,NaN,
61.988,-0.01790,-0.02079,0.12951,-0.29255,-0.33335,-0.20009,0.87365,NaN,NaN,NaN,NaN,NaN,NaN,NaN,NaN,NaN,NaN,NaN,NaN,NaN,NaN,NaN,NaN,NaN,NaN,NaN,NaN,NaN,
62.012,-0.01778,-0.02069,0.12967,-0.29464,-0.33257,-0.19859,0.87358,NaN,NaN,NaN,NaN,NaN,NaN,NaN,NaN,NaN,NaN,NaN,NaN,NaN,NaN,NaN,NaN,NaN,NaN,NaN,NaN,NaN,
62.038,-0.01779,-0.02057,0.12963,-0.29475,-0.33246,-0.19859,0.87359,NaN,NaN,NaN,NaN,NaN,NaN,NaN,NaN,NaN,NaN,NaN,NaN,NaN,NaN,NaN,NaN,NaN,NaN,NaN,NaN,NaN,
62.062,-0.01783,-0.02046,0.12940,-0.29494,-0.33312,-0.19763,0.87349,NaN,NaN,NaN,NaN,NaN,NaN,NaN,NaN,NaN,NaN,NaN,NaN,NaN,NaN,NaN,NaN,NaN,NaN,NaN,NaN,NaN,
62.088,-0.01775,-0.02038,0.12971,-0.29764,-0.33222,-0.19557,0.87338,NaN,NaN,NaN,NaN,NaN,NaN,NaN,NaN,NaN,NaN,NaN,NaN,NaN,NaN,NaN,NaN,NaN,NaN,NaN,NaN,NaN,
62.112,-0.01758,-0.02027,0.12985,-0.29988,-0.33189,-0.19336,0.87323,NaN,NaN,NaN,NaN,NaN,NaN,NaN,NaN,NaN,NaN,NaN,NaN,NaN,NaN,NaN,NaN,NaN,NaN,NaN,NaN,NaN,
62.137,-0.01758,-0.02027,0.12985,-0.29988,-0.33189,-0.19336,0.87323,NaN,NaN,NaN,NaN,NaN,NaN,NaN,NaN,NaN,NaN,NaN,NaN,NaN,NaN,NaN,NaN,NaN,NaN,NaN,NaN,NaN,
62.162,-0.01779,-0.02010,0.12958,-0.29944,-0.33329,-0.19229,0.87308,NaN,NaN,NaN,NaN,NaN,NaN,NaN,NaN,NaN,NaN,NaN,NaN,NaN,NaN,NaN,NaN,NaN,NaN,NaN,NaN,NaN,
62.187,-0.01779,-0.02008,0.12952,-0.29994,-0.33410,-0.19081,0.87293,NaN,NaN,NaN,NaN,NaN,NaN,NaN,NaN,NaN,NaN,NaN,NaN,NaN,NaN,NaN,NaN,NaN,NaN,NaN,NaN,NaN,
62.212,-0.01769,-0.02000,0.12959,-0.30180,-0.33398,-0.18881,0.87277,NaN,NaN,NaN,NaN,NaN,NaN,NaN,NaN,NaN,NaN,NaN,NaN,NaN,NaN,NaN,NaN,NaN,NaN,NaN,NaN,NaN,
62.238,-0.01757,-0.01996,0.12963,-0.30337,-0.33332,-0.18773,0.87271,NaN,NaN,NaN,NaN,NaN,NaN,NaN,NaN,NaN,NaN,NaN,NaN,NaN,NaN,NaN,NaN,NaN,NaN,NaN,NaN,NaN,
62.263,-0.01763,-0.01985,0.12950,-0.30417,-0.33401,-0.18603,0.87253,NaN,NaN,NaN,NaN,NaN,NaN,NaN,NaN,NaN,NaN,NaN,NaN,NaN,NaN,NaN,NaN,NaN,NaN,NaN,NaN,NaN,
62.288,-0.01779,-0.01968,0.12935,-0.30446,-0.33573,-0.18374,0.87225,NaN,NaN,NaN,NaN,NaN,NaN,NaN,NaN,NaN,NaN,NaN,NaN,NaN,NaN,NaN,NaN,NaN,NaN,NaN,NaN,NaN,
62.312,-0.01775,-0.01962,0.12949,-0.30587,-0.33580,-0.18202,0.87210,NaN,NaN,NaN,NaN,NaN,NaN,NaN,NaN,NaN,NaN,NaN,NaN,NaN,NaN,NaN,NaN,NaN,NaN,NaN,NaN,NaN,
62.337,-0.01775,-0.01962,0.12949,-0.30587,-0.33580,-0.18202,0.87210,NaN,NaN,NaN,NaN,NaN,NaN,NaN,NaN,NaN,NaN,NaN,NaN,NaN,NaN,NaN,NaN,NaN,NaN,NaN,NaN,NaN,
62.362,-0.01775,-0.01954,0.12940,-0.30657,-0.33642,-0.18051,0.87193,NaN,NaN,NaN,NaN,NaN,NaN,NaN,NaN,NaN,NaN,NaN,NaN,NaN,NaN,NaN,NaN,NaN,NaN,NaN,NaN,NaN,
62.387,-0.01778,-0.01948,0.12942,-0.30717,-0.33668,-0.17951,0.87182,NaN,NaN,NaN,NaN,NaN,NaN,NaN,NaN,NaN,NaN,NaN,NaN,NaN,NaN,NaN,NaN,NaN,NaN,NaN,NaN,NaN,
62.412,-0.01772,-0.01941,0.12943,-0.30865,-0.33665,-0.17780,0.87166,NaN,NaN,NaN,NaN,NaN,NaN,NaN,NaN,NaN,NaN,NaN,NaN,NaN,NaN,NaN,NaN,NaN,NaN,NaN,NaN,NaN,
62.437,-0.01785,-0.01932,0.12938,-0.30896,-0.33721,-0.17680,0.87154,NaN,NaN,NaN,NaN,NaN,NaN,NaN,NaN,NaN,NaN,NaN,NaN,NaN,NaN,NaN,NaN,NaN,NaN,NaN,NaN,NaN,
62.462,-0.01773,-0.01928,0.12947,-0.31060,-0.33674,-0.17541,0.87141,NaN,NaN,NaN,NaN,NaN,NaN,NaN,NaN,NaN,NaN,NaN,NaN,NaN,NaN,NaN,NaN,NaN,NaN,NaN,NaN,NaN,
62.488,-0.01771,-0.01920,0.12943,-0.31131,-0.33710,-0.17416,0.87127,NaN,NaN,NaN,NaN,NaN,NaN,NaN,NaN,NaN,NaN,NaN,NaN,NaN,NaN,NaN,NaN,NaN,NaN,NaN,NaN,NaN,
62.512,-0.01772,-0.01912,0.12940,-0.31199,-0.33742,-0.17300,0.87114,NaN,NaN,NaN,NaN,NaN,NaN,NaN,NaN,NaN,NaN,NaN,NaN,NaN,NaN,NaN,NaN,NaN,NaN,NaN,NaN,NaN,
62.538,-0.01768,-0.01905,0.12947,-0.31315,-0.33717,-0.17191,0.87103,NaN,NaN,NaN,NaN,NaN,NaN,NaN,NaN,NaN,NaN,NaN,NaN,NaN,NaN,NaN,NaN,NaN,NaN,NaN,NaN,NaN,
62.562,-0.01768,-0.01905,0.12947,-0.31315,-0.33717,-0.17191,0.87103,NaN,NaN,NaN,NaN,NaN,NaN,NaN,NaN,NaN,NaN,NaN,NaN,NaN,NaN,NaN,NaN,NaN,NaN,NaN,NaN,NaN,
62.587,-0.01774,-0.01896,0.12945,-0.31410,-0.33751,-0.17040,0.87086,NaN,NaN,NaN,NaN,NaN,NaN,NaN,NaN,NaN,NaN,NaN,NaN,NaN,NaN,NaN,NaN,NaN,NaN,NaN,NaN,NaN,
62.612,-0.01783,-0.01876,0.12933,-0.31579,-0.33913,-0.16652,0.87037,NaN,NaN,NaN,NaN,NaN,NaN,NaN,NaN,NaN,NaN,NaN,NaN,NaN,NaN,NaN,NaN,NaN,NaN,NaN,NaN,NaN,
62.638,-0.01771,-0.01878,0.12954,-0.31736,-0.33776,-0.16623,0.87038,NaN,NaN,NaN,NaN,NaN,NaN,NaN,NaN,NaN,NaN,NaN,NaN,NaN,NaN,NaN,NaN,NaN,NaN,NaN,NaN,NaN,
62.662,-0.01771,-0.01878,0.12954,-0.31736,-0.33776,-0.16623,0.87038,NaN,NaN,NaN,NaN,NaN,NaN,NaN,NaN,NaN,NaN,NaN,NaN,NaN,NaN,NaN,NaN,NaN,NaN,NaN,NaN,NaN,
62.688,-0.01774,-0.01860,0.12941,-0.31867,-0.33856,-0.16374,0.87007,NaN,NaN,NaN,NaN,NaN,NaN,NaN,NaN,NaN,NaN,NaN,NaN,NaN,NaN,NaN,NaN,NaN,NaN,NaN,NaN,NaN,
62.712,-0.01774,-0.01860,0.12941,-0.31867,-0.33856,-0.16374,0.87007,NaN,NaN,NaN,NaN,NaN,NaN,NaN,NaN,NaN,NaN,NaN,NaN,NaN,NaN,NaN,NaN,NaN,NaN,NaN,NaN,NaN,
62.738,-0.01756,-0.01847,0.12954,-0.32133,-0.33807,-0.16111,0.86977,NaN,NaN,NaN,NaN,NaN,NaN,NaN,NaN,NaN,NaN,NaN,NaN,NaN,NaN,NaN,NaN,NaN,NaN,NaN,NaN,NaN,
62.762,-0.01758,-0.01841,0.12950,-0.32218,-0.33853,-0.15956,0.86956,NaN,NaN,NaN,NaN,NaN,NaN,NaN,NaN,NaN,NaN,NaN,NaN,NaN,NaN,NaN,NaN,NaN,NaN,NaN,NaN,NaN,
62.787,-0.01758,-0.01841,0.12950,-0.32218,-0.33853,-0.15956,0.86956,NaN,NaN,NaN,NaN,NaN,NaN,NaN,NaN,NaN,NaN,NaN,NaN,NaN,NaN,NaN,NaN,NaN,NaN,NaN,NaN,NaN,
62.812,-0.01773,-0.01829,0.12938,-0.32238,-0.33951,-0.15818,0.86936,NaN,NaN,NaN,NaN,NaN,NaN,NaN,NaN,NaN,NaN,NaN,NaN,NaN,NaN,NaN,NaN,NaN,NaN,NaN,NaN,NaN,
62.838,-0.01761,-0.01825,0.12945,-0.32436,-0.33925,-0.15608,0.86910,NaN,NaN,NaN,NaN,NaN,NaN,NaN,NaN,NaN,NaN,NaN,NaN,NaN,NaN,NaN,NaN,NaN,NaN,NaN,NaN,NaN,
62.863,-0.01769,-0.01817,0.12941,-0.32504,-0.33983,-0.15458,0.86889,NaN,NaN,NaN,NaN,NaN,NaN,NaN,NaN,NaN,NaN,NaN,NaN,NaN,NaN,NaN,NaN,NaN,NaN,NaN,NaN,NaN,
62.888,-0.01766,-0.01811,0.12945,-0.32614,-0.33998,-0.15307,0.86869,NaN,NaN,NaN,NaN,NaN,NaN,NaN,NaN,NaN,NaN,NaN,NaN,NaN,NaN,NaN,NaN,NaN,NaN,NaN,NaN,NaN,
62.913,-0.01763,-0.01806,0.12943,-0.32684,-0.34019,-0.15198,0.86854,NaN,NaN,NaN,NaN,NaN,NaN,NaN,NaN,NaN,NaN,NaN,NaN,NaN,NaN,NaN,NaN,NaN,NaN,NaN,NaN,NaN,
62.938,-0.01759,-0.01802,0.12949,-0.32788,-0.33999,-0.15092,0.86840,NaN,NaN,NaN,NaN,NaN,NaN,NaN,NaN,NaN,NaN,NaN,NaN,NaN,NaN,NaN,NaN,NaN,NaN,NaN,NaN,NaN,
62.962,-0.01773,-0.01787,0.12939,-0.32823,-0.34092,-0.14941,0.86817,NaN,NaN,NaN,NaN,NaN,NaN,NaN,NaN,NaN,NaN,NaN,NaN,NaN,NaN,NaN,NaN,NaN,NaN,NaN,NaN,NaN,
62.988,-0.01771,-0.01785,0.12940,-0.32882,-0.34115,-0.14842,0.86802,NaN,NaN,NaN,NaN,NaN,NaN,NaN,NaN,NaN,NaN,NaN,NaN,NaN,NaN,NaN,NaN,NaN,NaN,NaN,NaN,NaN,
63.012,-0.01771,-0.01785,0.12940,-0.32882,-0.34115,-0.14842,0.86802,NaN,NaN,NaN,NaN,NaN,NaN,NaN,NaN,NaN,NaN,NaN,NaN,NaN,NaN,NaN,NaN,NaN,NaN,NaN,NaN,NaN,
63.038,-0.01778,-0.01775,0.12924,-0.32971,-0.34207,-0.14623,0.86769,NaN,NaN,NaN,NaN,NaN,NaN,NaN,NaN,NaN,NaN,NaN,NaN,NaN,NaN,NaN,NaN,NaN,NaN,NaN,NaN,NaN,
63.062,-0.01778,-0.01775,0.12924,-0.32971,-0.34207,-0.14623,0.86769,NaN,NaN,NaN,NaN,NaN,NaN,NaN,NaN,NaN,NaN,NaN,NaN,NaN,NaN,NaN,NaN,NaN,NaN,NaN,NaN,NaN,
63.087,-0.01775,-0.01776,0.12926,-0.33051,-0.34191,-0.14544,0.86759,NaN,NaN,NaN,NaN,NaN,NaN,NaN,NaN,NaN,NaN,NaN,NaN,NaN,NaN,NaN,NaN,NaN,NaN,NaN,NaN,NaN,
63.112,-0.01775,-0.01771,0.12925,-0.33118,-0.34211,-0.14438,0.86743,NaN,NaN,NaN,NaN,NaN,NaN,NaN,NaN,NaN,NaN,NaN,NaN,NaN,NaN,NaN,NaN,NaN,NaN,NaN,NaN,NaN,
63.138,-0.01778,-0.01758,0.12925,-0.33233,-0.34252,-0.14249,0.86714,NaN,NaN,NaN,NaN,NaN,NaN,NaN,NaN,NaN,NaN,NaN,NaN,NaN,NaN,NaN,NaN,NaN,NaN,NaN,NaN,NaN,
63.162,-0.01778,-0.01758,0.12925,-0.33233,-0.34252,-0.14249,0.86714,NaN,NaN,NaN,NaN,NaN,NaN,NaN,NaN,NaN,NaN,NaN,NaN,NaN,NaN,NaN,NaN,NaN,NaN,NaN,NaN,NaN,
63.188,-0.01784,-0.01747,0.12907,-0.33315,-0.34349,-0.14031,0.86680,NaN,NaN,NaN,NaN,NaN,NaN,NaN,NaN,NaN,NaN,NaN,NaN,NaN,NaN,NaN,NaN,NaN,NaN,NaN,NaN,NaN,
63.212,-0.01784,-0.01747,0.12907,-0.33315,-0.34349,-0.14031,0.86680,NaN,NaN,NaN,NaN,NaN,NaN,NaN,NaN,NaN,NaN,NaN,NaN,NaN,NaN,NaN,NaN,NaN,NaN,NaN,NaN,NaN,
63.238,-0.01785,-0.01742,0.12896,-0.33408,-0.34402,-0.13853,0.86652,NaN,NaN,NaN,NaN,NaN,NaN,NaN,NaN,NaN,NaN,NaN,NaN,NaN,NaN,NaN,NaN,NaN,NaN,NaN,NaN,NaN,
63.262,-0.01785,-0.01742,0.12896,-0.33408,-0.34402,-0.13853,0.86652,NaN,NaN,NaN,NaN,NaN,NaN,NaN,NaN,NaN,NaN,NaN,NaN,NaN,NaN,NaN,NaN,NaN,NaN,NaN,NaN,NaN,
63.288,-0.01783,-0.01741,0.12891,-0.33478,-0.34434,-0.13727,0.86632,NaN,NaN,NaN,NaN,NaN,NaN,NaN,NaN,NaN,NaN,NaN,NaN,NaN,NaN,NaN,NaN,NaN,NaN,NaN,NaN,NaN,
63.312,-0.01783,-0.01741,0.12891,-0.33478,-0.34434,-0.13727,0.86632,NaN,NaN,NaN,NaN,NaN,NaN,NaN,NaN,NaN,NaN,NaN,NaN,NaN,NaN,NaN,NaN,NaN,NaN,NaN,NaN,NaN,
63.338,-0.01791,-0.01722,0.12888,-0.33625,-0.34502,-0.13463,0.86589,NaN,NaN,NaN,NaN,NaN,NaN,NaN,NaN,NaN,NaN,NaN,NaN,NaN,NaN,NaN,NaN,NaN,NaN,NaN,NaN,NaN,
63.362,-0.01791,-0.01722,0.12888,-0.33625,-0.34502,-0.13463,0.86589,NaN,NaN,NaN,NaN,NaN,NaN,NaN,NaN,NaN,NaN,NaN,NaN,NaN,NaN,NaN,NaN,NaN,NaN,NaN,NaN,NaN,
63.388,-0.01792,-0.01708,0.12886,-0.33778,-0.34571,-0.13188,0.86544,NaN,NaN,NaN,NaN,NaN,NaN,NaN,NaN,NaN,NaN,NaN,NaN,NaN,NaN,NaN,NaN,NaN,NaN,NaN,NaN,NaN,
63.412,-0.01792,-0.01708,0.12886,-0.33778,-0.34571,-0.13188,0.86544,NaN,NaN,NaN,NaN,NaN,NaN,NaN,NaN,NaN,NaN,NaN,NaN,NaN,NaN,NaN,NaN,NaN,NaN,NaN,NaN,NaN,
63.438,-0.01797,-0.01696,0.12874,-0.33935,-0.34667,-0.12876,0.86492,NaN,NaN,NaN,NaN,NaN,NaN,NaN,NaN,NaN,NaN,NaN,NaN,NaN,NaN,NaN,NaN,NaN,NaN,NaN,NaN,NaN,
63.462,-0.01796,-0.01695,0.12876,-0.34010,-0.34655,-0.12796,0.86479,NaN,NaN,NaN,NaN,NaN,NaN,NaN,NaN,NaN,NaN,NaN,NaN,NaN,NaN,NaN,NaN,NaN,NaN,NaN,NaN,NaN,
63.488,-0.01801,-0.01690,0.12872,-0.34067,-0.34672,-0.12704,0.86463,NaN,NaN,NaN,NaN,NaN,NaN,NaN,NaN,NaN,NaN,NaN,NaN,NaN,NaN,NaN,NaN,NaN,NaN,NaN,NaN,NaN,
63.512,-0.01801,-0.01690,0.12872,-0.34067,-0.34672,-0.12704,0.86463,NaN,NaN,NaN,NaN,NaN,NaN,NaN,NaN,NaN,NaN,NaN,NaN,NaN,NaN,NaN,NaN,NaN,NaN,NaN,NaN,NaN,
63.537,-0.01802,-0.01685,0.12875,-0.34159,-0.34663,-0.12598,0.86446,NaN,NaN,NaN,NaN,NaN,NaN,NaN,NaN,NaN,NaN,NaN,NaN,NaN,NaN,NaN,NaN,NaN,NaN,NaN,NaN,NaN,
63.562,-0.01799,-0.01677,0.12878,-0.34281,-0.34681,-0.12421,0.86416,NaN,NaN,NaN,NaN,NaN,NaN,NaN,NaN,NaN,NaN,NaN,NaN,NaN,NaN,NaN,NaN,NaN,NaN,NaN,NaN,NaN,
63.588,-0.01799,-0.01670,0.12881,-0.34360,-0.34701,-0.12297,0.86395,NaN,NaN,NaN,NaN,NaN,NaN,NaN,NaN,NaN,NaN,NaN,NaN,NaN,NaN,NaN,NaN,NaN,NaN,NaN,NaN,NaN,
63.612,-0.01804,-0.01662,0.12872,-0.34451,-0.34743,-0.12130,0.86365,NaN,NaN,NaN,NaN,NaN,NaN,NaN,NaN,NaN,NaN,NaN,NaN,NaN,NaN,NaN,NaN,NaN,NaN,NaN,NaN,NaN,
63.637,-0.01804,-0.01662,0.12872,-0.34451,-0.34743,-0.12130,0.86365,NaN,NaN,NaN,NaN,NaN,NaN,NaN,NaN,NaN,NaN,NaN,NaN,NaN,NaN,NaN,NaN,NaN,NaN,NaN,NaN,NaN,
63.662,-0.01808,-0.01655,0.12864,-0.34601,-0.34815,-0.11852,0.86315,NaN,NaN,NaN,NaN,NaN,NaN,NaN,NaN,NaN,NaN,NaN,NaN,NaN,NaN,NaN,NaN,NaN,NaN,NaN,NaN,NaN,
63.688,-0.01810,-0.01652,0.12858,-0.34664,-0.34848,-0.11730,0.86293,NaN,NaN,NaN,NaN,NaN,NaN,NaN,NaN,NaN,NaN,NaN,NaN,NaN,NaN,NaN,NaN,NaN,NaN,NaN,NaN,NaN,
63.713,-0.01810,-0.01651,0.12856,-0.34749,-0.34855,-0.11612,0.86272,NaN,NaN,NaN,NaN,NaN,NaN,NaN,NaN,NaN,NaN,NaN,NaN,NaN,NaN,NaN,NaN,NaN,NaN,NaN,NaN,NaN,
63.738,-0.01813,-0.01646,0.12855,-0.34818,-0.34864,-0.11513,0.86253,NaN,NaN,NaN,NaN,NaN,NaN,NaN,NaN,NaN,NaN,NaN,NaN,NaN,NaN,NaN,NaN,NaN,NaN,NaN,NaN,NaN,
63.762,-0.01813,-0.01646,0.12855,-0.34818,-0.34864,-0.11513,0.86253,NaN,NaN,NaN,NaN,NaN,NaN,NaN,NaN,NaN,NaN,NaN,NaN,NaN,NaN,NaN,NaN,NaN,NaN,NaN,NaN,NaN,
63.787,-0.01812,-0.01639,0.12857,-0.34886,-0.34875,-0.11411,0.86235,NaN,NaN,NaN,NaN,NaN,NaN,NaN,NaN,NaN,NaN,NaN,NaN,NaN,NaN,NaN,NaN,NaN,NaN,NaN,NaN,NaN,
63.812,-0.01813,-0.01634,0.12857,-0.34971,-0.34890,-0.11285,0.86211,NaN,NaN,NaN,NaN,NaN,NaN,NaN,NaN,NaN,NaN,NaN,NaN,NaN,NaN,NaN,NaN,NaN,NaN,NaN,NaN,NaN,
63.838,-0.01819,-0.01616,0.12845,-0.35164,-0.34989,-0.10913,0.86141,NaN,NaN,NaN,NaN,NaN,NaN,NaN,NaN,NaN,NaN,NaN,NaN,NaN,NaN,NaN,NaN,NaN,NaN,NaN,NaN,NaN,
63.862,-0.01819,-0.01616,0.12845,-0.35164,-0.34989,-0.10913,0.86141,NaN,NaN,NaN,NaN,NaN,NaN,NaN,NaN,NaN,NaN,NaN,NaN,NaN,NaN,NaN,NaN,NaN,NaN,NaN,NaN,NaN,
63.888,-0.01817,-0.01616,0.12840,-0.35236,-0.35005,-0.10799,0.86119,NaN,NaN,NaN,NaN,NaN,NaN,NaN,NaN,NaN,NaN,NaN,NaN,NaN,NaN,NaN,NaN,NaN,NaN,NaN,NaN,NaN,
63.912,-0.01817,-0.01616,0.12840,-0.35236,-0.35005,-0.10799,0.86119,NaN,NaN,NaN,NaN,NaN,NaN,NaN,NaN,NaN,NaN,NaN,NaN,NaN,NaN,NaN,NaN,NaN,NaN,NaN,NaN,NaN,
63.937,-0.01816,-0.01609,0.12838,-0.35377,-0.35032,-0.10581,0.86077,NaN,NaN,NaN,NaN,NaN,NaN,NaN,NaN,NaN,NaN,NaN,NaN,NaN,NaN,NaN,NaN,NaN,NaN,NaN,NaN,NaN,
63.963,-0.01822,-0.01602,0.12834,-0.35468,-0.35082,-0.10403,0.86041,NaN,NaN,NaN,NaN,NaN,NaN,NaN,NaN,NaN,NaN,NaN,NaN,NaN,NaN,NaN,NaN,NaN,NaN,NaN,NaN,NaN,
63.988,-0.01823,-0.01591,0.12832,-0.35595,-0.35122,-0.10185,0.85998,NaN,NaN,NaN,NaN,NaN,NaN,NaN,NaN,NaN,NaN,NaN,NaN,NaN,NaN,NaN,NaN,NaN,NaN,NaN,NaN,NaN,
64.012,-0.01826,-0.01584,0.12829,-0.35712,-0.35153,-0.09993,0.85959,NaN,NaN,NaN,NaN,NaN,NaN,NaN,NaN,NaN,NaN,NaN,NaN,NaN,NaN,NaN,NaN,NaN,NaN,NaN,NaN,NaN,
64.037,-0.01826,-0.01584,0.12829,-0.35712,-0.35153,-0.09993,0.85959,NaN,NaN,NaN,NaN,NaN,NaN,NaN,NaN,NaN,NaN,NaN,NaN,NaN,NaN,NaN,NaN,NaN,NaN,NaN,NaN,NaN,
64.062,-0.01828,-0.01576,0.12817,-0.35883,-0.35207,-0.09701,0.85900,NaN,NaN,NaN,NaN,NaN,NaN,NaN,NaN,NaN,NaN,NaN,NaN,NaN,NaN,NaN,NaN,NaN,NaN,NaN,NaN,NaN,
64.088,-0.01826,-0.01575,0.12814,-0.35982,-0.35202,-0.09575,0.85874,NaN,NaN,NaN,NaN,NaN,NaN,NaN,NaN,NaN,NaN,NaN,NaN,NaN,NaN,NaN,NaN,NaN,NaN,NaN,NaN,NaN,
64.112,-0.01826,-0.01575,0.12814,-0.35982,-0.35202,-0.09575,0.85874,NaN,NaN,NaN,NaN,NaN,NaN,NaN,NaN,NaN,NaN,NaN,NaN,NaN,NaN,NaN,NaN,NaN,NaN,NaN,NaN,NaN,
64.138,-0.01832,-0.01562,0.12808,-0.36220,-0.35270,-0.09173,0.85790,NaN,NaN,NaN,NaN,NaN,NaN,NaN,NaN,NaN,NaN,NaN,NaN,NaN,NaN,NaN,NaN,NaN,NaN,NaN,NaN,NaN,
64.162,-0.01838,-0.01551,0.12804,-0.36371,-0.35311,-0.08921,0.85736,NaN,NaN,NaN,NaN,NaN,NaN,NaN,NaN,NaN,NaN,NaN,NaN,NaN,NaN,NaN,NaN,NaN,NaN,NaN,NaN,NaN,
64.188,-0.01843,-0.01540,0.12804,-0.36518,-0.35332,-0.08699,0.85688,NaN,NaN,NaN,NaN,NaN,NaN,NaN,NaN,NaN,NaN,NaN,NaN,NaN,NaN,NaN,NaN,NaN,NaN,NaN,NaN,NaN,
64.212,-0.01843,-0.01540,0.12804,-0.36518,-0.35332,-0.08699,0.85688,NaN,NaN,NaN,NaN,NaN,NaN,NaN,NaN,NaN,NaN,NaN,NaN,NaN,NaN,NaN,NaN,NaN,NaN,NaN,NaN,NaN,
64.238,-0.01850,-0.01525,0.12794,-0.36748,-0.35411,-0.08288,0.85598,NaN,NaN,NaN,NaN,NaN,NaN,NaN,NaN,NaN,NaN,NaN,NaN,NaN,NaN,NaN,NaN,NaN,NaN,NaN,NaN,NaN,
64.262,-0.01852,-0.01520,0.12792,-0.36845,-0.35441,-0.08120,0.85560,NaN,NaN,NaN,NaN,NaN,NaN,NaN,NaN,NaN,NaN,NaN,NaN,NaN,NaN,NaN,NaN,NaN,NaN,NaN,NaN,NaN,
64.288,-0.01850,-0.01517,0.12791,-0.36946,-0.35470,-0.07944,0.85520,NaN,NaN,NaN,NaN,NaN,NaN,NaN,NaN,NaN,NaN,NaN,NaN,NaN,NaN,NaN,NaN,NaN,NaN,NaN,NaN,NaN,
64.312,-0.01850,-0.01517,0.12791,-0.36946,-0.35470,-0.07944,0.85520,NaN,NaN,NaN,NaN,NaN,NaN,NaN,NaN,NaN,NaN,NaN,NaN,NaN,NaN,NaN,NaN,NaN,NaN,NaN,NaN,NaN,
64.337,-0.01853,-0.01508,0.12789,-0.37055,-0.35518,-0.07735,0.85473,NaN,NaN,NaN,NaN,NaN,NaN,NaN,NaN,NaN,NaN,NaN,NaN,NaN,NaN,NaN,NaN,NaN,NaN,NaN,NaN,NaN,
64.362,-0.01852,-0.01503,0.12794,-0.37220,-0.35507,-0.07524,0.85424,NaN,NaN,NaN,NaN,NaN,NaN,NaN,NaN,NaN,NaN,NaN,NaN,NaN,NaN,NaN,NaN,NaN,NaN,NaN,NaN,NaN,
64.387,-0.01857,-0.01491,0.12795,-0.37381,-0.35533,-0.07271,0.85365,NaN,NaN,NaN,NaN,NaN,NaN,NaN,NaN,NaN,NaN,NaN,NaN,NaN,NaN,NaN,NaN,NaN,NaN,NaN,NaN,NaN,
64.413,-0.01866,-0.01471,0.12798,-0.37687,-0.35571,-0.06800,0.85253,NaN,NaN,NaN,NaN,NaN,NaN,NaN,NaN,NaN,NaN,NaN,NaN,NaN,NaN,NaN,NaN,NaN,NaN,NaN,NaN,NaN,
64.437,-0.01866,-0.01471,0.12798,-0.37687,-0.35571,-0.06800,0.85253,NaN,NaN,NaN,NaN,NaN,NaN,NaN,NaN,NaN,NaN,NaN,NaN,NaN,NaN,NaN,NaN,NaN,NaN,NaN,NaN,NaN,
64.462,-0.01873,-0.01455,0.12790,-0.37919,-0.35616,-0.06420,0.85161,NaN,NaN,NaN,NaN,NaN,NaN,NaN,NaN,NaN,NaN,NaN,NaN,NaN,NaN,NaN,NaN,NaN,NaN,NaN,NaN,NaN,
64.487,-0.01873,-0.01455,0.12790,-0.37919,-0.35616,-0.06420,0.85161,NaN,NaN,NaN,NaN,NaN,NaN,NaN,NaN,NaN,NaN,NaN,NaN,NaN,NaN,NaN,NaN,NaN,NaN,NaN,NaN,NaN,
64.513,-0.01880,-0.01440,0.12786,-0.38237,-0.35642,-0.05943,0.85043,NaN,NaN,NaN,NaN,NaN,NaN,NaN,NaN,NaN,NaN,NaN,NaN,NaN,NaN,NaN,NaN,NaN,NaN,NaN,NaN,NaN,
64.538,-0.01884,-0.01432,0.12784,-0.38412,-0.35651,-0.05685,0.84977,NaN,NaN,NaN,NaN,NaN,NaN,NaN,NaN,NaN,NaN,NaN,NaN,NaN,NaN,NaN,NaN,NaN,NaN,NaN,NaN,NaN,
64.562,-0.01884,-0.01432,0.12784,-0.38412,-0.35651,-0.05685,0.84977,NaN,NaN,NaN,NaN,NaN,NaN,NaN,NaN,NaN,NaN,NaN,NaN,NaN,NaN,NaN,NaN,NaN,NaN,NaN,NaN,NaN,
64.588,-0.01890,-0.01419,0.12780,-0.38676,-0.35682,-0.05273,0.84872,NaN,NaN,NaN,NaN,NaN,NaN,NaN,NaN,NaN,NaN,NaN,NaN,NaN,NaN,NaN,NaN,NaN,NaN,NaN,NaN,NaN,
64.612,-0.01890,-0.01419,0.12780,-0.38676,-0.35682,-0.05273,0.84872,NaN,NaN,NaN,NaN,NaN,NaN,NaN,NaN,NaN,NaN,NaN,NaN,NaN,NaN,NaN,NaN,NaN,NaN,NaN,NaN,NaN,
64.637,-0.01893,-0.01414,0.12783,-0.38823,-0.35671,-0.05078,0.84821,NaN,NaN,NaN,NaN,NaN,NaN,NaN,NaN,NaN,NaN,NaN,NaN,NaN,NaN,NaN,NaN,NaN,NaN,NaN,NaN,NaN,
64.662,-0.01899,-0.01404,0.12780,-0.38963,-0.35709,-0.04829,0.84755,NaN,NaN,NaN,NaN,NaN,NaN,NaN,NaN,NaN,NaN,NaN,NaN,NaN,NaN,NaN,NaN,NaN,NaN,NaN,NaN,NaN,
64.687,-0.01902,-0.01400,0.12777,-0.39089,-0.35735,-0.04613,0.84698,NaN,NaN,NaN,NaN,NaN,NaN,NaN,NaN,NaN,NaN,NaN,NaN,NaN,NaN,NaN,NaN,NaN,NaN,NaN,NaN,NaN,
64.712,-0.01908,-0.01390,0.12774,-0.39297,-0.35753,-0.04293,0.84611,NaN,NaN,NaN,NaN,NaN,NaN,NaN,NaN,NaN,NaN,NaN,NaN,NaN,NaN,NaN,NaN,NaN,NaN,NaN,NaN,NaN,
64.738,-0.01920,-0.01367,0.12771,-0.39756,-0.35759,-0.03620,0.84425,NaN,NaN,NaN,NaN,NaN,NaN,NaN,NaN,NaN,NaN,NaN,NaN,NaN,NaN,NaN,NaN,NaN,NaN,NaN,NaN,NaN,
64.762,-0.01920,-0.01367,0.12771,-0.39756,-0.35759,-0.03620,0.84425,NaN,NaN,NaN,NaN,NaN,NaN,NaN,NaN,NaN,NaN,NaN,NaN,NaN,NaN,NaN,NaN,NaN,NaN,NaN,NaN,NaN,
64.787,-0.01923,-0.01359,0.12773,-0.39957,-0.35748,-0.03341,0.84346,NaN,NaN,NaN,NaN,NaN,NaN,NaN,NaN,NaN,NaN,NaN,NaN,NaN,NaN,NaN,NaN,NaN,NaN,NaN,NaN,NaN,
64.813,-0.01926,-0.01343,0.12772,-0.40366,-0.35712,-0.02789,0.84187,NaN,NaN,NaN,NaN,NaN,NaN,NaN,NaN,NaN,NaN,NaN,NaN,NaN,NaN,NaN,NaN,NaN,NaN,NaN,NaN,NaN,
64.837,-0.01926,-0.01343,0.12772,-0.40366,-0.35712,-0.02789,0.84187,NaN,NaN,NaN,NaN,NaN,NaN,NaN,NaN,NaN,NaN,NaN,NaN,NaN,NaN,NaN,NaN,NaN,NaN,NaN,NaN,NaN,
64.862,-0.01930,-0.01334,0.12772,-0.40519,-0.35735,-0.02531,0.84112,NaN,NaN,NaN,NaN,NaN,NaN,NaN,NaN,NaN,NaN,NaN,NaN,NaN,NaN,NaN,NaN,NaN,NaN,NaN,NaN,NaN,
64.888,-0.01936,-0.01316,0.12769,-0.40872,-0.35775,-0.01951,0.83940,NaN,NaN,NaN,NaN,NaN,NaN,NaN,NaN,NaN,NaN,NaN,NaN,NaN,NaN,NaN,NaN,NaN,NaN,NaN,NaN,NaN,
64.912,-0.01936,-0.01303,0.12771,-0.41217,-0.35717,-0.01511,0.83804,NaN,NaN,NaN,NaN,NaN,NaN,NaN,NaN,NaN,NaN,NaN,NaN,NaN,NaN,NaN,NaN,NaN,NaN,NaN,NaN,NaN,
64.938,-0.01944,-0.01288,0.12771,-0.41507,-0.35686,-0.01116,0.83681,NaN,NaN,NaN,NaN,NaN,NaN,NaN,NaN,NaN,NaN,NaN,NaN,NaN,NaN,NaN,NaN,NaN,NaN,NaN,NaN,NaN,
64.962,-0.01944,-0.01283,0.12769,-0.41671,-0.35665,-0.00894,0.83610,NaN,NaN,NaN,NaN,NaN,NaN,NaN,NaN,NaN,NaN,NaN,NaN,NaN,NaN,NaN,NaN,NaN,NaN,NaN,NaN,NaN,
64.988,-0.01947,-0.01275,0.12770,-0.41848,-0.35633,-0.00669,0.83538,NaN,NaN,NaN,NaN,NaN,NaN,NaN,NaN,NaN,NaN,NaN,NaN,NaN,NaN,NaN,NaN,NaN,NaN,NaN,NaN,NaN,
65.012,-0.01947,-0.01275,0.12770,-0.41848,-0.35633,-0.00669,0.83538,NaN,NaN,NaN,NaN,NaN,NaN,NaN,NaN,NaN,NaN,NaN,NaN,NaN,NaN,NaN,NaN,NaN,NaN,NaN,NaN,NaN,
65.038,-0.01952,-0.01264,0.12773,-0.42083,-0.35601,-0.00352,0.83435,NaN,NaN,NaN,NaN,NaN,NaN,NaN,NaN,NaN,NaN,NaN,NaN,NaN,NaN,NaN,NaN,NaN,NaN,NaN,NaN,NaN,
65.062,-0.01952,-0.01264,0.12773,-0.42083,-0.35601,-0.00352,0.83435,NaN,NaN,NaN,NaN,NaN,NaN,NaN,NaN,NaN,NaN,NaN,NaN,NaN,NaN,NaN,NaN,NaN,NaN,NaN,NaN,NaN,
65.088,-0.01957,-0.01250,0.12777,-0.42442,-0.35546,0.00127,0.83277,NaN,NaN,NaN,NaN,NaN,NaN,NaN,NaN,NaN,NaN,NaN,NaN,NaN,NaN,NaN,NaN,NaN,NaN,NaN,NaN,NaN,
65.112,-0.01957,-0.01250,0.12777,-0.42442,-0.35546,0.00127,0.83277,NaN,NaN,NaN,NaN,NaN,NaN,NaN,NaN,NaN,NaN,NaN,NaN,NaN,NaN,NaN,NaN,NaN,NaN,NaN,NaN,NaN,
65.138,-0.01960,-0.01231,0.12784,-0.42914,-0.35466,0.00751,0.83066,NaN,NaN,NaN,NaN,NaN,NaN,NaN,NaN,NaN,NaN,NaN,NaN,NaN,NaN,NaN,NaN,NaN,NaN,NaN,NaN,NaN,
65.163,-0.01965,-0.01223,0.12786,-0.43128,-0.35425,0.01031,0.82970,NaN,NaN,NaN,NaN,NaN,NaN,NaN,NaN,NaN,NaN,NaN,NaN,NaN,NaN,NaN,NaN,NaN,NaN,NaN,NaN,NaN,
65.187,-0.01966,-0.01214,0.12788,-0.43360,-0.35376,0.01328,0.82866,NaN,NaN,NaN,NaN,NaN,NaN,NaN,NaN,NaN,NaN,NaN,NaN,NaN,NaN,NaN,NaN,NaN,NaN,NaN,NaN,NaN,
65.212,-0.01967,-0.01209,0.12792,-0.43566,-0.35312,0.01565,0.82781,NaN,NaN,NaN,NaN,NaN,NaN,NaN,NaN,NaN,NaN,NaN,NaN,NaN,NaN,NaN,NaN,NaN,NaN,NaN,NaN,NaN,
65.237,-0.01967,-0.01209,0.12792,-0.43566,-0.35312,0.01565,0.82781,NaN,NaN,NaN,NaN,NaN,NaN,NaN,NaN,NaN,NaN,NaN,NaN,NaN,NaN,NaN,NaN,NaN,NaN,NaN,NaN,NaN,
65.262,-0.01976,-0.01182,0.12795,-0.44180,-0.35172,0.02353,0.82496,NaN,NaN,NaN,NaN,NaN,NaN,NaN,NaN,NaN,NaN,NaN,NaN,NaN,NaN,NaN,NaN,NaN,NaN,NaN,NaN,NaN,
65.288,-0.01975,-0.01173,0.12793,-0.44435,-0.35121,0.02694,0.82370,NaN,NaN,NaN,NaN,NaN,NaN,NaN,NaN,NaN,NaN,NaN,NaN,NaN,NaN,NaN,NaN,NaN,NaN,NaN,NaN,NaN,
65.312,-0.01975,-0.01173,0.12793,-0.44435,-0.35121,0.02694,0.82370,NaN,NaN,NaN,NaN,NaN,NaN,NaN,NaN,NaN,NaN,NaN,NaN,NaN,NaN,NaN,NaN,NaN,NaN,NaN,NaN,NaN,
65.338,-0.01982,-0.01155,0.12790,-0.44933,-0.35007,0.03346,0.82124,NaN,NaN,NaN,NaN,NaN,NaN,NaN,NaN,NaN,NaN,NaN,NaN,NaN,NaN,NaN,NaN,NaN,NaN,NaN,NaN,NaN,
65.362,-0.01988,-0.01138,0.12781,-0.45301,-0.34952,0.03877,0.81922,NaN,NaN,NaN,NaN,NaN,NaN,NaN,NaN,NaN,NaN,NaN,NaN,NaN,NaN,NaN,NaN,NaN,NaN,NaN,NaN,NaN,
65.387,-0.01988,-0.01138,0.12781,-0.45301,-0.34952,0.03877,0.81922,NaN,NaN,NaN,NaN,NaN,NaN,NaN,NaN,NaN,NaN,NaN,NaN,NaN,NaN,NaN,NaN,NaN,NaN,NaN,NaN,NaN,
65.412,-0.01997,-0.01111,0.12790,-0.46074,-0.34685,0.04786,0.81555,NaN,NaN,NaN,NaN,NaN,NaN,NaN,NaN,NaN,NaN,NaN,NaN,NaN,NaN,NaN,NaN,NaN,NaN,NaN,NaN,NaN,
65.438,-0.01997,-0.01103,0.12793,-0.46355,-0.34585,0.05117,0.81418,NaN,NaN,NaN,NaN,NaN,NaN,NaN,NaN,NaN,NaN,NaN,NaN,NaN,NaN,NaN,NaN,NaN,NaN,NaN,NaN,NaN,
65.462,-0.01997,-0.01103,0.12793,-0.46355,-0.34585,0.05117,0.81418,NaN,NaN,NaN,NaN,NaN,NaN,NaN,NaN,NaN,NaN,NaN,NaN,NaN,NaN,NaN,NaN,NaN,NaN,NaN,NaN,NaN,
65.487,-0.01998,-0.01087,0.12797,-0.46690,-0.34454,0.05497,0.81257,NaN,NaN,NaN,NaN,NaN,NaN,NaN,NaN,NaN,NaN,NaN,NaN,NaN,NaN,NaN,NaN,NaN,NaN,NaN,NaN,NaN,
65.512,-0.01997,-0.01074,0.12807,-0.47043,-0.34306,0.05888,0.81089,NaN,NaN,NaN,NaN,NaN,NaN,NaN,NaN,NaN,NaN,NaN,NaN,NaN,NaN,NaN,NaN,NaN,NaN,NaN,NaN,NaN,
65.538,-0.02000,-0.01048,0.12811,-0.47749,-0.34033,0.06713,0.80727,NaN,NaN,NaN,NaN,NaN,NaN,NaN,NaN,NaN,NaN,NaN,NaN,NaN,NaN,NaN,NaN,NaN,NaN,NaN,NaN,NaN,
65.562,-0.02000,-0.01048,0.12811,-0.47749,-0.34033,0.06713,0.80727,NaN,NaN,NaN,NaN,NaN,NaN,NaN,NaN,NaN,NaN,NaN,NaN,NaN,NaN,NaN,NaN,NaN,NaN,NaN,NaN,NaN,
65.587,-0.02003,-0.01033,0.12808,-0.48155,-0.33878,0.07202,0.80508,NaN,NaN,NaN,NaN,NaN,NaN,NaN,NaN,NaN,NaN,NaN,NaN,NaN,NaN,NaN,NaN,NaN,NaN,NaN,NaN,NaN,
65.612,-0.02008,-0.01021,0.12820,-0.48555,-0.33695,0.07642,0.80303,NaN,NaN,NaN,NaN,NaN,NaN,NaN,NaN,NaN,NaN,NaN,NaN,NaN,NaN,NaN,NaN,NaN,NaN,NaN,NaN,NaN,
65.637,-0.02008,-0.01021,0.12820,-0.48555,-0.33695,0.07642,0.80303,NaN,NaN,NaN,NaN,NaN,NaN,NaN,NaN,NaN,NaN,NaN,NaN,NaN,NaN,NaN,NaN,NaN,NaN,NaN,NaN,NaN,
65.662,-0.02017,-0.00977,0.12836,-0.49911,-0.33048,0.09133,0.79582,NaN,NaN,NaN,NaN,NaN,NaN,NaN,NaN,NaN,NaN,NaN,NaN,NaN,NaN,NaN,NaN,NaN,NaN,NaN,NaN,NaN,
65.688,-0.02018,-0.00967,0.12837,0.50266,0.32884,-0.09543,-0.79378,NaN,NaN,NaN,NaN,NaN,NaN,NaN,NaN,NaN,NaN,NaN,NaN,NaN,NaN,NaN,NaN,NaN,NaN,NaN,NaN,NaN,
65.712,-0.02024,-0.00956,0.12835,0.50477,0.32772,-0.09767,-0.79263,NaN,NaN,NaN,NaN,NaN,NaN,NaN,NaN,NaN,NaN,NaN,NaN,NaN,NaN,NaN,NaN,NaN,NaN,NaN,NaN,NaN,
65.737,-0.02024,-0.00956,0.12835,0.50477,0.32772,-0.09767,-0.79263,NaN,NaN,NaN,NaN,NaN,NaN,NaN,NaN,NaN,NaN,NaN,NaN,NaN,NaN,NaN,NaN,NaN,NaN,NaN,NaN,NaN,
65.762,-0.02025,-0.00944,0.12827,0.50784,0.32645,-0.10151,-0.79071,NaN,NaN,NaN,NaN,NaN,NaN,NaN,NaN,NaN,NaN,NaN,NaN,NaN,NaN,NaN,NaN,NaN,NaN,NaN,NaN,NaN,
65.788,-0.02029,-0.00937,0.12829,0.51123,0.32467,-0.10520,-0.78878,NaN,NaN,NaN,NaN,NaN,NaN,NaN,NaN,NaN,NaN,NaN,NaN,NaN,NaN,NaN,NaN,NaN,NaN,NaN,NaN,NaN,
65.812,-0.02029,-0.00937,0.12829,0.51123,0.32467,-0.10520,-0.78878,NaN,NaN,NaN,NaN,NaN,NaN,NaN,NaN,NaN,NaN,NaN,NaN,NaN,NaN,NaN,NaN,NaN,NaN,NaN,NaN,NaN,
65.838,-0.02033,-0.00925,0.12830,0.51553,0.32222,-0.10965,-0.78637,NaN,NaN,NaN,NaN,NaN,NaN,NaN,NaN,NaN,NaN,NaN,NaN,NaN,NaN,NaN,NaN,NaN,NaN,NaN,NaN,NaN,
65.862,-0.02033,-0.00925,0.12830,0.51553,0.32222,-0.10965,-0.78637,NaN,NaN,NaN,NaN,NaN,NaN,NaN,NaN,NaN,NaN,NaN,NaN,NaN,NaN,NaN,NaN,NaN,NaN,NaN,NaN,NaN,
65.888,-0.02034,-0.00905,0.12837,0.52118,0.31898,-0.11557,-0.78311,NaN,NaN,NaN,NaN,NaN,NaN,NaN,NaN,NaN,NaN,NaN,NaN,NaN,NaN,NaN,NaN,NaN,NaN,NaN,NaN,NaN,
65.912,-0.02034,-0.00892,0.12836,0.52474,0.31695,-0.11936,-0.78099,NaN,NaN,NaN,NaN,NaN,NaN,NaN,NaN,NaN,NaN,NaN,NaN,NaN,NaN,NaN,NaN,NaN,NaN,NaN,NaN,NaN,
65.938,-0.02034,-0.00880,0.12845,0.52821,0.31477,-0.12282,-0.77899,NaN,NaN,NaN,NaN,NaN,NaN,NaN,NaN,NaN,NaN,NaN,NaN,NaN,NaN,NaN,NaN,NaN,NaN,NaN,NaN,NaN,
65.962,-0.02034,-0.00880,0.12845,0.52821,0.31477,-0.12282,-0.77899,NaN,NaN,NaN,NaN,NaN,NaN,NaN,NaN,NaN,NaN,NaN,NaN,NaN,NaN,NaN,NaN,NaN,NaN,NaN,NaN,NaN,
65.987,-0.02031,-0.00876,0.12855,0.53025,0.31326,-0.12449,-0.77795,NaN,NaN,NaN,NaN,NaN,NaN,NaN,NaN,NaN,NaN,NaN,NaN,NaN,NaN,NaN,NaN,NaN,NaN,NaN,NaN,NaN,
66.012,-0.02036,-0.00869,0.12853,0.53166,0.31244,-0.12600,-0.77708,NaN,NaN,NaN,NaN,NaN,NaN,NaN,NaN,NaN,NaN,NaN,NaN,NaN,NaN,NaN,NaN,NaN,NaN,NaN,NaN,NaN,
66.037,-0.02034,-0.00869,0.12857,0.53310,0.31139,-0.12722,-0.77631,NaN,NaN,NaN,NaN,NaN,NaN,NaN,NaN,NaN,NaN,NaN,NaN,NaN,NaN,NaN,NaN,NaN,NaN,NaN,NaN,NaN,
66.062,-0.02037,-0.00860,0.12859,0.53584,0.30979,-0.13023,-0.77456,NaN,NaN,NaN,NaN,NaN,NaN,NaN,NaN,NaN,NaN,NaN,NaN,NaN,NaN,NaN,NaN,NaN,NaN,NaN,NaN,NaN,
66.088,-0.02036,-0.00841,0.12861,0.54115,0.30630,-0.13549,-0.77135,NaN,NaN,NaN,NaN,NaN,NaN,NaN,NaN,NaN,NaN,NaN,NaN,NaN,NaN,NaN,NaN,NaN,NaN,NaN,NaN,NaN,
66.112,-0.02036,-0.00841,0.12861,0.54115,0.30630,-0.13549,-0.77135,NaN,NaN,NaN,NaN,NaN,NaN,NaN,NaN,NaN,NaN,NaN,NaN,NaN,NaN,NaN,NaN,NaN,NaN,NaN,NaN,NaN,
66.137,-0.02034,-0.00840,0.12865,0.54236,0.30550,-0.13670,-0.77060,NaN,NaN,NaN,NaN,NaN,NaN,NaN,NaN,NaN,NaN,NaN,NaN,NaN,NaN,NaN,NaN,NaN,NaN,NaN,NaN,NaN,
66.162,-0.02035,-0.00810,0.12867,0.55042,0.30006,-0.14473,-0.76554,NaN,NaN,NaN,NaN,NaN,NaN,NaN,NaN,NaN,NaN,NaN,NaN,NaN,NaN,NaN,NaN,NaN,NaN,NaN,NaN,NaN,
66.188,-0.02029,-0.00810,0.12870,0.55169,0.29919,-0.14600,-0.76473,NaN,NaN,NaN,NaN,NaN,NaN,NaN,NaN,NaN,NaN,NaN,NaN,NaN,NaN,NaN,NaN,NaN,NaN,NaN,NaN,NaN,
66.213,-0.02030,-0.00809,0.12871,0.55189,0.29910,-0.14627,-0.76457,NaN,NaN,NaN,NaN,NaN,NaN,NaN,NaN,NaN,NaN,NaN,NaN,NaN,NaN,NaN,NaN,NaN,NaN,NaN,NaN,NaN,
66.238,-0.02030,-0.00804,0.12873,0.55360,0.29767,-0.14756,-0.76364,NaN,NaN,NaN,NaN,NaN,NaN,NaN,NaN,NaN,NaN,NaN,NaN,NaN,NaN,NaN,NaN,NaN,NaN,NaN,NaN,NaN,
66.262,-0.02030,-0.00804,0.12873,0.55360,0.29767,-0.14756,-0.76364,NaN,NaN,NaN,NaN,NaN,NaN,NaN,NaN,NaN,NaN,NaN,NaN,NaN,NaN,NaN,NaN,NaN,NaN,NaN,NaN,NaN,
66.287,-0.02035,-0.00790,0.12875,0.55662,0.29569,-0.15079,-0.76158,NaN,NaN,NaN,NaN,NaN,NaN,NaN,NaN,NaN,NaN,NaN,NaN,NaN,NaN,NaN,NaN,NaN,NaN,NaN,NaN,NaN,
66.312,-0.02029,-0.00789,0.12887,0.55808,0.29464,-0.15220,-0.76063,NaN,NaN,NaN,NaN,NaN,NaN,NaN,NaN,NaN,NaN,NaN,NaN,NaN,NaN,NaN,NaN,NaN,NaN,NaN,NaN,NaN,
66.337,-0.02028,-0.00789,0.12893,0.55866,0.29414,-0.15262,-0.76032,NaN,NaN,NaN,NaN,NaN,NaN,NaN,NaN,NaN,NaN,NaN,NaN,NaN,NaN,NaN,NaN,NaN,NaN,NaN,NaN,NaN,
66.362,-0.02031,-0.00772,0.12897,0.56280,0.29106,-0.15652,-0.75765,NaN,NaN,NaN,NaN,NaN,NaN,NaN,NaN,NaN,NaN,NaN,NaN,NaN,NaN,NaN,NaN,NaN,NaN,NaN,NaN,NaN,
66.388,-0.02027,-0.00768,0.12902,0.56469,0.28966,-0.15835,-0.75640,NaN,NaN,NaN,NaN,NaN,NaN,NaN,NaN,NaN,NaN,NaN,NaN,NaN,NaN,NaN,NaN,NaN,NaN,NaN,NaN,NaN,
66.412,-0.02032,-0.00756,0.12903,0.56751,0.28753,-0.16101,-0.75455,NaN,NaN,NaN,NaN,NaN,NaN,NaN,NaN,NaN,NaN,NaN,NaN,NaN,NaN,NaN,NaN,NaN,NaN,NaN,NaN,NaN,
66.438,-0.02032,-0.00747,0.12906,0.57036,0.28524,-0.16352,-0.75272,NaN,NaN,NaN,NaN,NaN,NaN,NaN,NaN,NaN,NaN,NaN,NaN,NaN,NaN,NaN,NaN,NaN,NaN,NaN,NaN,NaN,
66.463,-0.02030,-0.00741,0.12912,0.57321,0.28302,-0.16617,-0.75081,NaN,NaN,NaN,NaN,NaN,NaN,NaN,NaN,NaN,NaN,NaN,NaN,NaN,NaN,NaN,NaN,NaN,NaN,NaN,NaN,NaN,
66.488,-0.02029,-0.00735,0.12920,0.57531,0.28125,-0.16793,-0.74948,NaN,NaN,NaN,NaN,NaN,NaN,NaN,NaN,NaN,NaN,NaN,NaN,NaN,NaN,NaN,NaN,NaN,NaN,NaN,NaN,NaN,
66.512,-0.02030,-0.00728,0.12918,0.57670,0.28017,-0.16924,-0.74852,NaN,NaN,NaN,NaN,NaN,NaN,NaN,NaN,NaN,NaN,NaN,NaN,NaN,NaN,NaN,NaN,NaN,NaN,NaN,NaN,NaN,
66.537,-0.02030,-0.00728,0.12918,0.57670,0.28017,-0.16924,-0.74852,NaN,NaN,NaN,NaN,NaN,NaN,NaN,NaN,NaN,NaN,NaN,NaN,NaN,NaN,NaN,NaN,NaN,NaN,NaN,NaN,NaN,
66.562,-0.02029,-0.00722,0.12918,0.57857,0.27872,-0.17108,-0.74719,NaN,NaN,NaN,NaN,NaN,NaN,NaN,NaN,NaN,NaN,NaN,NaN,NaN,NaN,NaN,NaN,NaN,NaN,NaN,NaN,NaN,
66.588,-0.02030,-0.00715,0.12929,0.58082,0.27672,-0.17282,-0.74579,NaN,NaN,NaN,NaN,NaN,NaN,NaN,NaN,NaN,NaN,NaN,NaN,NaN,NaN,NaN,NaN,NaN,NaN,NaN,NaN,NaN,
66.612,-0.02030,-0.00715,0.12929,0.58082,0.27672,-0.17282,-0.74579,NaN,NaN,NaN,NaN,NaN,NaN,NaN,NaN,NaN,NaN,NaN,NaN,NaN,NaN,NaN,NaN,NaN,NaN,NaN,NaN,NaN,
66.638,-0.02026,-0.00709,0.12928,0.58301,0.27513,-0.17519,-0.74412,NaN,NaN,NaN,NaN,NaN,NaN,NaN,NaN,NaN,NaN,NaN,NaN,NaN,NaN,NaN,NaN,NaN,NaN,NaN,NaN,NaN,
66.662,-0.02026,-0.00709,0.12928,0.58301,0.27513,-0.17519,-0.74412,NaN,NaN,NaN,NaN,NaN,NaN,NaN,NaN,NaN,NaN,NaN,NaN,NaN,NaN,NaN,NaN,NaN,NaN,NaN,NaN,NaN,
66.688,-0.02029,-0.00697,0.12934,0.58581,0.27276,-0.17764,-0.74221,NaN,NaN,NaN,NaN,NaN,NaN,NaN,NaN,NaN,NaN,NaN,NaN,NaN,NaN,NaN,NaN,NaN,NaN,NaN,NaN,NaN,
66.712,-0.02027,-0.00693,0.12938,0.58733,0.27166,-0.17932,-0.74101,NaN,NaN,NaN,NaN,NaN,NaN,NaN,NaN,NaN,NaN,NaN,NaN,NaN,NaN,NaN,NaN,NaN,NaN,NaN,NaN,NaN,
66.738,-0.02027,-0.00688,0.12942,0.58952,0.26985,-0.18136,-0.73943,NaN,NaN,NaN,NaN,NaN,NaN,NaN,NaN,NaN,NaN,NaN,NaN,NaN,NaN,NaN,NaN,NaN,NaN,NaN,NaN,NaN,
66.762,-0.02027,-0.00688,0.12942,0.58952,0.26985,-0.18136,-0.73943,NaN,NaN,NaN,NaN,NaN,NaN,NaN,NaN,NaN,NaN,NaN,NaN,NaN,NaN,NaN,NaN,NaN,NaN,NaN,NaN,NaN,
66.788,-0.02033,-0.00676,0.12943,0.59209,0.26739,-0.18322,-0.73781,NaN,NaN,NaN,NaN,NaN,NaN,NaN,NaN,NaN,NaN,NaN,NaN,NaN,NaN,NaN,NaN,NaN,NaN,NaN,NaN,NaN,
66.812,-0.02027,-0.00672,0.12945,0.59394,0.26579,-0.18484,-0.73650,NaN,NaN,NaN,NaN,NaN,NaN,NaN,NaN,NaN,NaN,NaN,NaN,NaN,NaN,NaN,NaN,NaN,NaN,NaN,NaN,NaN,
66.838,-0.02027,-0.00663,0.12950,0.59652,0.26341,-0.18690,-0.73475,NaN,NaN,NaN,NaN,NaN,NaN,NaN,NaN,NaN,NaN,NaN,NaN,NaN,NaN,NaN,NaN,NaN,NaN,NaN,NaN,NaN,
66.862,-0.02027,-0.00663,0.12950,0.59652,0.26341,-0.18690,-0.73475,NaN,NaN,NaN,NaN,NaN,NaN,NaN,NaN,NaN,NaN,NaN,NaN,NaN,NaN,NaN,NaN,NaN,NaN,NaN,NaN,NaN,
66.888,-0.02029,-0.00650,0.12959,0.60015,0.26017,-0.19006,-0.73213,NaN,NaN,NaN,NaN,NaN,NaN,NaN,NaN,NaN,NaN,NaN,NaN,NaN,NaN,NaN,NaN,NaN,NaN,NaN,NaN,NaN,
66.912,-0.02029,-0.00649,0.12963,0.60066,0.25964,-0.19038,-0.73181,NaN,NaN,NaN,NaN,NaN,NaN,NaN,NaN,NaN,NaN,NaN,NaN,NaN,NaN,NaN,NaN,NaN,NaN,NaN,NaN,NaN,
66.938,-0.02033,-0.00642,0.12959,0.60185,0.25861,-0.19148,-0.73091,NaN,NaN,NaN,NaN,NaN,NaN,NaN,NaN,NaN,NaN,NaN,NaN,NaN,NaN,NaN,NaN,NaN,NaN,NaN,NaN,NaN,
66.962,-0.02033,-0.00642,0.12959,0.60185,0.25861,-0.19148,-0.73091,NaN,NaN,NaN,NaN,NaN,NaN,NaN,NaN,NaN,NaN,NaN,NaN,NaN,NaN,NaN,NaN,NaN,NaN,NaN,NaN,NaN,
66.987,-0.02033,-0.00638,0.12962,0.60289,0.25757,-0.19223,-0.73022,NaN,NaN,NaN,NaN,NaN,NaN,NaN,NaN,NaN,NaN,NaN,NaN,NaN,NaN,NaN,NaN,NaN,NaN,NaN,NaN,NaN,
67.012,-0.02036,-0.00630,0.12973,0.60508,0.25551,-0.19399,-0.72867,NaN,NaN,NaN,NaN,NaN,NaN,NaN,NaN,NaN,NaN,NaN,NaN,NaN,NaN,NaN,NaN,NaN,NaN,NaN,NaN,NaN,
67.038,-0.02033,-0.00625,0.12971,0.60673,0.25402,-0.19548,-0.72742,NaN,NaN,NaN,NaN,NaN,NaN,NaN,NaN,NaN,NaN,NaN,NaN,NaN,NaN,NaN,NaN,NaN,NaN,NaN,NaN,NaN,
67.062,-0.02033,-0.00625,0.12971,0.60673,0.25402,-0.19548,-0.72742,NaN,NaN,NaN,NaN,NaN,NaN,NaN,NaN,NaN,NaN,NaN,NaN,NaN,NaN,NaN,NaN,NaN,NaN,NaN,NaN,NaN,
67.088,-0.02031,-0.00618,0.12977,0.60936,0.25159,-0.19774,-0.72546,NaN,NaN,NaN,NaN,NaN,NaN,NaN,NaN,NaN,NaN,NaN,NaN,NaN,NaN,NaN,NaN,NaN,NaN,NaN,NaN,NaN,
67.112,-0.02031,-0.00618,0.12977,0.60936,0.25159,-0.19774,-0.72546,NaN,NaN,NaN,NaN,NaN,NaN,NaN,NaN,NaN,NaN,NaN,NaN,NaN,NaN,NaN,NaN,NaN,NaN,NaN,NaN,NaN,
67.138,-0.02030,-0.00606,0.12977,0.61252,0.24852,-0.20025,-0.72316,NaN,NaN,NaN,NaN,NaN,NaN,NaN,NaN,NaN,NaN,NaN,NaN,NaN,NaN,NaN,NaN,NaN,NaN,NaN,NaN,NaN,
67.162,-0.02030,-0.00606,0.12977,0.61252,0.24852,-0.20025,-0.72316,NaN,NaN,NaN,NaN,NaN,NaN,NaN,NaN,NaN,NaN,NaN,NaN,NaN,NaN,NaN,NaN,NaN,NaN,NaN,NaN,NaN,
67.188,-0.02028,-0.00601,0.12991,0.61505,0.24593,-0.20208,-0.72138,NaN,NaN,NaN,NaN,NaN,NaN,NaN,NaN,NaN,NaN,NaN,NaN,NaN,NaN,NaN,NaN,NaN,NaN,NaN,NaN,NaN,
67.212,-0.02031,-0.00595,0.12986,0.61585,0.24526,-0.20292,-0.72069,NaN,NaN,NaN,NaN,NaN,NaN,NaN,NaN,NaN,NaN,NaN,NaN,NaN,NaN,NaN,NaN,NaN,NaN,NaN,NaN,NaN,
67.238,-0.02031,-0.00592,0.12983,0.61682,0.24445,-0.20397,-0.71984,NaN,NaN,NaN,NaN,NaN,NaN,NaN,NaN,NaN,NaN,NaN,NaN,NaN,NaN,NaN,NaN,NaN,NaN,NaN,NaN,NaN,
67.262,-0.02031,-0.00592,0.12983,0.61682,0.24445,-0.20397,-0.71984,NaN,NaN,NaN,NaN,NaN,NaN,NaN,NaN,NaN,NaN,NaN,NaN,NaN,NaN,NaN,NaN,NaN,NaN,NaN,NaN,NaN,
67.288,-0.02033,-0.00589,0.12986,0.61809,0.24331,-0.20520,-0.71879,NaN,NaN,NaN,NaN,NaN,NaN,NaN,NaN,NaN,NaN,NaN,NaN,NaN,NaN,NaN,NaN,NaN,NaN,NaN,NaN,NaN,
67.312,-0.02033,-0.00589,0.12986,0.61809,0.24331,-0.20520,-0.71879,NaN,NaN,NaN,NaN,NaN,NaN,NaN,NaN,NaN,NaN,NaN,NaN,NaN,NaN,NaN,NaN,NaN,NaN,NaN,NaN,NaN,
67.338,-0.02034,-0.00582,0.12988,0.61972,0.24182,-0.20673,-0.71745,NaN,NaN,NaN,NaN,NaN,NaN,NaN,NaN,NaN,NaN,NaN,NaN,NaN,NaN,NaN,NaN,NaN,NaN,NaN,NaN,NaN,
67.362,-0.02034,-0.00582,0.12988,0.61972,0.24182,-0.20673,-0.71745,NaN,NaN,NaN,NaN,NaN,NaN,NaN,NaN,NaN,NaN,NaN,NaN,NaN,NaN,NaN,NaN,NaN,NaN,NaN,NaN,NaN,
67.388,-0.02030,-0.00580,0.12993,0.62199,0.23947,-0.20841,-0.71579,NaN,NaN,NaN,NaN,NaN,NaN,NaN,NaN,NaN,NaN,NaN,NaN,NaN,NaN,NaN,NaN,NaN,NaN,NaN,NaN,NaN,
67.412,-0.02030,-0.00575,0.12993,0.62306,0.23839,-0.20925,-0.71497,NaN,NaN,NaN,NaN,NaN,NaN,NaN,NaN,NaN,NaN,NaN,NaN,NaN,NaN,NaN,NaN,NaN,NaN,NaN,NaN,NaN,
67.438,-0.02028,-0.00569,0.12999,0.62450,0.23681,-0.21020,-0.71396,NaN,NaN,NaN,NaN,NaN,NaN,NaN,NaN,NaN,NaN,NaN,NaN,NaN,NaN,NaN,NaN,NaN,NaN,NaN,NaN,NaN,
67.462,-0.02028,-0.00569,0.12999,0.62450,0.23681,-0.21020,-0.71396,NaN,NaN,NaN,NaN,NaN,NaN,NaN,NaN,NaN,NaN,NaN,NaN,NaN,NaN,NaN,NaN,NaN,NaN,NaN,NaN,NaN,
67.488,-0.02028,-0.00558,0.13002,0.62713,0.23412,-0.21226,-0.71193,NaN,NaN,NaN,NaN,NaN,NaN,NaN,NaN,NaN,NaN,NaN,NaN,NaN,NaN,NaN,NaN,NaN,NaN,NaN,NaN,NaN,
67.512,-0.02028,-0.00558,0.13002,0.62713,0.23412,-0.21226,-0.71193,NaN,NaN,NaN,NaN,NaN,NaN,NaN,NaN,NaN,NaN,NaN,NaN,NaN,NaN,NaN,NaN,NaN,NaN,NaN,NaN,NaN,
67.538,-0.02027,-0.00550,0.13006,0.62959,0.23146,-0.21400,-0.71010,NaN,NaN,NaN,NaN,NaN,NaN,NaN,NaN,NaN,NaN,NaN,NaN,NaN,NaN,NaN,NaN,NaN,NaN,NaN,NaN,NaN,
67.562,-0.02023,-0.00549,0.13012,0.63091,0.22995,-0.21479,-0.70918,NaN,NaN,NaN,NaN,NaN,NaN,NaN,NaN,NaN,NaN,NaN,NaN,NaN,NaN,NaN,NaN,NaN,NaN,NaN,NaN,NaN,
67.587,-0.02023,-0.00549,0.13012,0.63091,0.22995,-0.21479,-0.70918,NaN,NaN,NaN,NaN,NaN,NaN,NaN,NaN,NaN,NaN,NaN,NaN,NaN,NaN,NaN,NaN,NaN,NaN,NaN,NaN,NaN,
67.613,-0.02016,-0.00529,0.13017,0.63650,0.22389,-0.21884,-0.70487,NaN,NaN,NaN,NaN,NaN,NaN,NaN,NaN,NaN,NaN,NaN,NaN,NaN,NaN,NaN,NaN,NaN,NaN,NaN,NaN,NaN,
67.637,-0.02018,-0.00519,0.13021,0.63848,0.22173,-0.22032,-0.70330,NaN,NaN,NaN,NaN,NaN,NaN,NaN,NaN,NaN,NaN,NaN,NaN,NaN,NaN,NaN,NaN,NaN,NaN,NaN,NaN,NaN,
67.662,-0.02018,-0.00519,0.13021,0.63848,0.22173,-0.22032,-0.70330,NaN,NaN,NaN,NaN,NaN,NaN,NaN,NaN,NaN,NaN,NaN,NaN,NaN,NaN,NaN,NaN,NaN,NaN,NaN,NaN,NaN,
67.688,-0.02018,-0.00514,0.13025,0.64024,0.21989,-0.22177,-0.70183,NaN,NaN,NaN,NaN,NaN,NaN,NaN,NaN,NaN,NaN,NaN,NaN,NaN,NaN,NaN,NaN,NaN,NaN,NaN,NaN,NaN,
67.713,-0.02016,-0.00508,0.13023,0.64192,0.21812,-0.22316,-0.70040,NaN,NaN,NaN,NaN,NaN,NaN,NaN,NaN,NaN,NaN,NaN,NaN,NaN,NaN,NaN,NaN,NaN,NaN,NaN,NaN,NaN,
67.738,-0.02018,-0.00502,0.13029,0.64348,0.21638,-0.22431,-0.69914,NaN,NaN,NaN,NaN,NaN,NaN,NaN,NaN,NaN,NaN,NaN,NaN,NaN,NaN,NaN,NaN,NaN,NaN,NaN,NaN,NaN,
67.762,-0.02013,-0.00503,0.13034,0.64449,0.21524,-0.22503,-0.69833,NaN,NaN,NaN,NaN,NaN,NaN,NaN,NaN,NaN,NaN,NaN,NaN,NaN,NaN,NaN,NaN,NaN,NaN,NaN,NaN,NaN,
67.787,-0.02013,-0.00503,0.13034,0.64449,0.21524,-0.22503,-0.69833,NaN,NaN,NaN,NaN,NaN,NaN,NaN,NaN,NaN,NaN,NaN,NaN,NaN,NaN,NaN,NaN,NaN,NaN,NaN,NaN,NaN,
67.812,-0.02021,-0.00495,0.13039,0.64560,0.21406,-0.22596,-0.69737,NaN,NaN,NaN,NaN,NaN,NaN,NaN,NaN,NaN,NaN,NaN,NaN,NaN,NaN,NaN,NaN,NaN,NaN,NaN,NaN,NaN,
67.837,-0.02022,-0.00484,0.13043,0.64748,0.21201,-0.22747,-0.69576,NaN,NaN,NaN,NaN,NaN,NaN,NaN,NaN,NaN,NaN,NaN,NaN,NaN,NaN,NaN,NaN,NaN,NaN,NaN,NaN,NaN,
67.862,-0.02022,-0.00460,0.13053,0.65212,0.20686,-0.23114,-0.69175,NaN,NaN,NaN,NaN,NaN,NaN,NaN,NaN,NaN,NaN,NaN,NaN,NaN,NaN,NaN,NaN,NaN,NaN,NaN,NaN,NaN,
67.888,-0.02051,-0.00406,0.13050,0.65932,0.19973,-0.23880,-0.68438,NaN,NaN,NaN,NaN,NaN,NaN,NaN,NaN,NaN,NaN,NaN,NaN,NaN,NaN,NaN,NaN,NaN,NaN,NaN,NaN,NaN,
67.912,-0.02051,-0.00406,0.13050,0.65932,0.19973,-0.23880,-0.68438,NaN,NaN,NaN,NaN,NaN,NaN,NaN,NaN,NaN,NaN,NaN,NaN,NaN,NaN,NaN,NaN,NaN,NaN,NaN,NaN,NaN,
67.937,-0.02049,-0.00401,0.13050,0.66064,0.19837,-0.24012,-0.68304,NaN,NaN,NaN,NaN,NaN,NaN,NaN,NaN,NaN,NaN,NaN,NaN,NaN,NaN,NaN,NaN,NaN,NaN,NaN,NaN,NaN,
67.962,-0.02050,-0.00402,0.13055,0.66099,0.19805,-0.24057,-0.68264,NaN,NaN,NaN,NaN,NaN,NaN,NaN,NaN,NaN,NaN,NaN,NaN,NaN,NaN,NaN,NaN,NaN,NaN,NaN,NaN,NaN,
67.987,-0.02059,-0.00397,0.13055,0.66107,0.19809,-0.24091,-0.68242,NaN,NaN,NaN,NaN,NaN,NaN,NaN,NaN,NaN,NaN,NaN,NaN,NaN,NaN,NaN,NaN,NaN,NaN,NaN,NaN,NaN,
68.012,-0.02055,-0.00397,0.13057,0.66196,0.19704,-0.24156,-0.68164,NaN,NaN,NaN,NaN,NaN,NaN,NaN,NaN,NaN,NaN,NaN,NaN,NaN,NaN,NaN,NaN,NaN,NaN,NaN,NaN,NaN,
68.038,-0.02059,-0.00389,0.13060,0.66298,0.19595,-0.24257,-0.68060,NaN,NaN,NaN,NaN,NaN,NaN,NaN,NaN,NaN,NaN,NaN,NaN,NaN,NaN,NaN,NaN,NaN,NaN,NaN,NaN,NaN,
68.062,-0.02059,-0.00389,0.13060,0.66298,0.19595,-0.24257,-0.68060,NaN,NaN,NaN,NaN,NaN,NaN,NaN,NaN,NaN,NaN,NaN,NaN,NaN,NaN,NaN,NaN,NaN,NaN,NaN,NaN,NaN,
68.087,-0.02059,-0.00367,0.13060,0.66706,0.19137,-0.24620,-0.67660,NaN,NaN,NaN,NaN,NaN,NaN,NaN,NaN,NaN,NaN,NaN,NaN,NaN,NaN,NaN,NaN,NaN,NaN,NaN,NaN,NaN,
68.112,-0.02120,-0.00271,0.13036,0.67708,0.18055,-0.25661,-0.66567,NaN,NaN,NaN,NaN,NaN,NaN,NaN,NaN,NaN,NaN,NaN,NaN,NaN,NaN,NaN,NaN,NaN,NaN,NaN,NaN,NaN,
68.138,-0.02134,-0.00217,0.13036,0.68609,0.17010,-0.26544,-0.65565,NaN,NaN,NaN,NaN,NaN,NaN,NaN,NaN,NaN,NaN,NaN,NaN,NaN,NaN,NaN,NaN,NaN,NaN,NaN,NaN,NaN,
68.163,-0.02137,-0.00205,0.13036,0.68799,0.16801,-0.26762,-0.65332,NaN,NaN,NaN,NaN,NaN,NaN,NaN,NaN,NaN,NaN,NaN,NaN,NaN,NaN,NaN,NaN,NaN,NaN,NaN,NaN,NaN,
68.188,-0.02140,-0.00195,0.13032,0.68909,0.16669,-0.26871,-0.65205,NaN,NaN,NaN,NaN,NaN,NaN,NaN,NaN,NaN,NaN,NaN,NaN,NaN,NaN,NaN,NaN,NaN,NaN,NaN,NaN,NaN,
68.213,-0.02157,-0.00173,0.13029,0.69068,0.16500,-0.27073,-0.64996,NaN,NaN,NaN,NaN,NaN,NaN,NaN,NaN,NaN,NaN,NaN,NaN,NaN,NaN,NaN,NaN,NaN,NaN,NaN,NaN,NaN,
68.237,-0.02157,-0.00173,0.13029,0.69068,0.16500,-0.27073,-0.64996,NaN,NaN,NaN,NaN,NaN,NaN,NaN,NaN,NaN,NaN,NaN,NaN,NaN,NaN,NaN,NaN,NaN,NaN,NaN,NaN,NaN,
68.262,-0.02150,-0.00171,0.13032,0.69178,0.16349,-0.27143,-0.64888,NaN,NaN,NaN,NaN,NaN,NaN,NaN,NaN,NaN,NaN,NaN,NaN,NaN,NaN,NaN,NaN,NaN,NaN,NaN,NaN,NaN,
68.288,-0.02160,-0.00151,0.13032,0.69387,0.16095,-0.27351,-0.64640,NaN,NaN,NaN,NaN,NaN,NaN,NaN,NaN,NaN,NaN,NaN,NaN,NaN,NaN,NaN,NaN,NaN,NaN,NaN,NaN,NaN,
68.312,-0.02160,-0.00151,0.13032,0.69387,0.16095,-0.27351,-0.64640,NaN,NaN,NaN,NaN,NaN,NaN,NaN,NaN,NaN,NaN,NaN,NaN,NaN,NaN,NaN,NaN,NaN,NaN,NaN,NaN,NaN,
68.338,-0.02153,-0.00134,0.13031,0.69679,0.15674,-0.27512,-0.64361,NaN,NaN,NaN,NaN,NaN,NaN,NaN,NaN,NaN,NaN,NaN,NaN,NaN,NaN,NaN,NaN,NaN,NaN,NaN,NaN,NaN,
68.363,-0.02155,-0.00128,0.13030,0.69775,0.15531,-0.27561,-0.64269,NaN,NaN,NaN,NaN,NaN,NaN,NaN,NaN,NaN,NaN,NaN,NaN,NaN,NaN,NaN,NaN,NaN,NaN,NaN,NaN,NaN,
68.388,-0.02152,-0.00126,0.13031,0.69839,0.15450,-0.27620,-0.64194,NaN,NaN,NaN,NaN,NaN,NaN,NaN,NaN,NaN,NaN,NaN,NaN,NaN,NaN,NaN,NaN,NaN,NaN,NaN,NaN,NaN,
68.412,-0.02152,-0.00116,0.13031,0.70002,0.15212,-0.27711,-0.64035,NaN,NaN,NaN,NaN,NaN,NaN,NaN,NaN,NaN,NaN,NaN,NaN,NaN,NaN,NaN,NaN,NaN,NaN,NaN,NaN,NaN,
68.438,-0.02151,-0.00111,0.13030,0.70125,0.15036,-0.27787,-0.63908,NaN,NaN,NaN,NaN,NaN,NaN,NaN,NaN,NaN,NaN,NaN,NaN,NaN,NaN,NaN,NaN,NaN,NaN,NaN,NaN,NaN,
68.462,-0.02157,-0.00094,0.13027,0.70331,0.14732,-0.27902,-0.63702,NaN,NaN,NaN,NaN,NaN,NaN,NaN,NaN,NaN,NaN,NaN,NaN,NaN,NaN,NaN,NaN,NaN,NaN,NaN,NaN,NaN,
68.487,-0.02157,-0.00094,0.13027,0.70331,0.14732,-0.27902,-0.63702,NaN,NaN,NaN,NaN,NaN,NaN,NaN,NaN,NaN,NaN,NaN,NaN,NaN,NaN,NaN,NaN,NaN,NaN,NaN,NaN,NaN,
68.512,-0.02150,-0.00088,0.13032,0.70450,0.14561,-0.27981,-0.63575,NaN,NaN,NaN,NaN,NaN,NaN,NaN,NaN,NaN,NaN,NaN,NaN,NaN,NaN,NaN,NaN,NaN,NaN,NaN,NaN,NaN,
68.538,-0.02153,-0.00070,0.13025,0.70745,0.14143,-0.28195,-0.63246,NaN,NaN,NaN,NaN,NaN,NaN,NaN,NaN,NaN,NaN,NaN,NaN,NaN,NaN,NaN,NaN,NaN,NaN,NaN,NaN,NaN,
68.562,-0.02153,-0.00070,0.13025,0.70745,0.14143,-0.28195,-0.63246,NaN,NaN,NaN,NaN,NaN,NaN,NaN,NaN,NaN,NaN,NaN,NaN,NaN,NaN,NaN,NaN,NaN,NaN,NaN,NaN,NaN,
68.587,-0.02155,-0.00053,0.13023,0.70998,0.13774,-0.28367,-0.62967,NaN,NaN,NaN,NaN,NaN,NaN,NaN,NaN,NaN,NaN,NaN,NaN,NaN,NaN,NaN,NaN,NaN,NaN,NaN,NaN,NaN,
68.612,-0.02148,-0.00034,0.13026,0.71383,0.13189,-0.28592,-0.62554,NaN,NaN,NaN,NaN,NaN,NaN,NaN,NaN,NaN,NaN,NaN,NaN,NaN,NaN,NaN,NaN,NaN,NaN,NaN,NaN,NaN,
68.638,-0.02150,-0.00023,0.13021,0.71547,0.12940,-0.28695,-0.62371,NaN,NaN,NaN,NaN,NaN,NaN,NaN,NaN,NaN,NaN,NaN,NaN,NaN,NaN,NaN,NaN,NaN,NaN,NaN,NaN,NaN,
68.662,-0.02150,-0.00023,0.13021,0.71547,0.12940,-0.28695,-0.62371,NaN,NaN,NaN,NaN,NaN,NaN,NaN,NaN,NaN,NaN,NaN,NaN,NaN,NaN,NaN,NaN,NaN,NaN,NaN,NaN,NaN,
68.688,-0.02142,-0.00010,0.13031,0.71840,0.12458,-0.28808,-0.62079,NaN,NaN,NaN,NaN,NaN,NaN,NaN,NaN,NaN,NaN,NaN,NaN,NaN,NaN,NaN,NaN,NaN,NaN,NaN,NaN,NaN,
68.712,-0.02142,-0.00010,0.13031,0.71840,0.12458,-0.28808,-0.62079,NaN,NaN,NaN,NaN,NaN,NaN,NaN,NaN,NaN,NaN,NaN,NaN,NaN,NaN,NaN,NaN,NaN,NaN,NaN,NaN,NaN,
68.738,-0.02140,0.00010,0.13034,0.72126,0.11981,-0.28911,-0.61794,NaN,NaN,NaN,NaN,NaN,NaN,NaN,NaN,NaN,NaN,NaN,NaN,NaN,NaN,NaN,NaN,NaN,NaN,NaN,NaN,NaN,
68.762,-0.02140,0.00010,0.13034,0.72126,0.11981,-0.28911,-0.61794,NaN,NaN,NaN,NaN,NaN,NaN,NaN,NaN,NaN,NaN,NaN,NaN,NaN,NaN,NaN,NaN,NaN,NaN,NaN,NaN,NaN,
68.787,-0.02127,0.00013,0.13037,0.72253,0.11756,-0.28935,-0.61677,NaN,NaN,NaN,NaN,NaN,NaN,NaN,NaN,NaN,NaN,NaN,NaN,NaN,NaN,NaN,NaN,NaN,NaN,NaN,NaN,NaN,
68.813,-0.02132,0.00033,0.13038,0.72488,0.11360,-0.29029,-0.61430,NaN,NaN,NaN,NaN,NaN,NaN,NaN,NaN,NaN,NaN,NaN,NaN,NaN,NaN,NaN,NaN,NaN,NaN,NaN,NaN,NaN,
68.838,-0.02131,0.00036,0.13041,0.72583,0.11193,-0.29053,-0.61338,NaN,NaN,NaN,NaN,NaN,NaN,NaN,NaN,NaN,NaN,NaN,NaN,NaN,NaN,NaN,NaN,NaN,NaN,NaN,NaN,NaN,
68.862,-0.02131,0.00036,0.13041,0.72583,0.11193,-0.29053,-0.61338,NaN,NaN,NaN,NaN,NaN,NaN,NaN,NaN,NaN,NaN,NaN,NaN,NaN,NaN,NaN,NaN,NaN,NaN,NaN,NaN,NaN,
68.888,-0.02130,0.00047,0.13048,0.72748,0.10909,-0.29112,-0.61165,NaN,NaN,NaN,NaN,NaN,NaN,NaN,NaN,NaN,NaN,NaN,NaN,NaN,NaN,NaN,NaN,NaN,NaN,NaN,NaN,NaN,
68.912,-0.02130,0.00047,0.13048,0.72748,0.10909,-0.29112,-0.61165,NaN,NaN,NaN,NaN,NaN,NaN,NaN,NaN,NaN,NaN,NaN,NaN,NaN,NaN,NaN,NaN,NaN,NaN,NaN,NaN,NaN,
68.938,-0.02115,0.00074,0.13055,0.73244,0.10018,-0.29235,-0.60665,NaN,NaN,NaN,NaN,NaN,NaN,NaN,NaN,NaN,NaN,NaN,NaN,NaN,NaN,NaN,NaN,NaN,NaN,NaN,NaN,NaN,
68.962,-0.02112,0.00081,0.13061,0.73364,0.09805,-0.29276,-0.60535,NaN,NaN,NaN,NaN,NaN,NaN,NaN,NaN,NaN,NaN,NaN,NaN,NaN,NaN,NaN,NaN,NaN,NaN,NaN,NaN,NaN,
68.988,-0.02111,0.00092,0.13063,0.73501,0.09580,-0.29363,-0.60362,NaN,NaN,NaN,NaN,NaN,NaN,NaN,NaN,NaN,NaN,NaN,NaN,NaN,NaN,NaN,NaN,NaN,NaN,NaN,NaN,NaN,
69.012,-0.02111,0.00092,0.13063,0.73501,0.09580,-0.29363,-0.60362,NaN,NaN,NaN,NaN,NaN,NaN,NaN,NaN,NaN,NaN,NaN,NaN,NaN,NaN,NaN,NaN,NaN,NaN,NaN,NaN,NaN,
69.037,-0.02116,0.00111,0.13063,0.73726,0.09167,-0.29425,-0.60121,NaN,NaN,NaN,NaN,NaN,NaN,NaN,NaN,NaN,NaN,NaN,NaN,NaN,NaN,NaN,NaN,NaN,NaN,NaN,NaN,NaN,
69.062,-0.02107,0.00124,0.13065,0.73983,0.08688,-0.29486,-0.59846,NaN,NaN,NaN,NaN,NaN,NaN,NaN,NaN,NaN,NaN,NaN,NaN,NaN,NaN,NaN,NaN,NaN,NaN,NaN,NaN,NaN,
69.087,-0.02100,0.00128,0.13073,0.74118,0.08430,-0.29508,-0.59706,NaN,NaN,NaN,NaN,NaN,NaN,NaN,NaN,NaN,NaN,NaN,NaN,NaN,NaN,NaN,NaN,NaN,NaN,NaN,NaN,NaN,
69.113,-0.02100,0.00147,0.13074,0.74375,0.07933,-0.29548,-0.59434,NaN,NaN,NaN,NaN,NaN,NaN,NaN,NaN,NaN,NaN,NaN,NaN,NaN,NaN,NaN,NaN,NaN,NaN,NaN,NaN,NaN,
69.138,-0.02092,0.00157,0.13072,0.74538,0.07626,-0.29603,-0.59241,NaN,NaN,NaN,NaN,NaN,NaN,NaN,NaN,NaN,NaN,NaN,NaN,NaN,NaN,NaN,NaN,NaN,NaN,NaN,NaN,NaN,
69.162,-0.02092,0.00157,0.13072,0.74538,0.07626,-0.29603,-0.59241,NaN,NaN,NaN,NaN,NaN,NaN,NaN,NaN,NaN,NaN,NaN,NaN,NaN,NaN,NaN,NaN,NaN,NaN,NaN,NaN,NaN,
69.188,-0.02092,0.00184,0.13068,0.74827,0.07092,-0.29724,-0.58882,NaN,NaN,NaN,NaN,NaN,NaN,NaN,NaN,NaN,NaN,NaN,NaN,NaN,NaN,NaN,NaN,NaN,NaN,NaN,NaN,NaN,
69.212,-0.02096,0.00197,0.13064,0.74943,0.06878,-0.29779,-0.58732,NaN,NaN,NaN,NaN,NaN,NaN,NaN,NaN,NaN,NaN,NaN,NaN,NaN,NaN,NaN,NaN,NaN,NaN,NaN,NaN,NaN,
69.238,-0.02093,0.00210,0.13063,0.75114,0.06549,-0.29837,-0.58522,NaN,NaN,NaN,NaN,NaN,NaN,NaN,NaN,NaN,NaN,NaN,NaN,NaN,NaN,NaN,NaN,NaN,NaN,NaN,NaN,NaN,
69.262,-0.02093,0.00210,0.13063,0.75114,0.06549,-0.29837,-0.58522,NaN,NaN,NaN,NaN,NaN,NaN,NaN,NaN,NaN,NaN,NaN,NaN,NaN,NaN,NaN,NaN,NaN,NaN,NaN,NaN,NaN,
69.288,-0.02090,0.00240,0.13063,0.75474,0.05820,-0.29899,-0.58102,NaN,NaN,NaN,NaN,NaN,NaN,NaN,NaN,NaN,NaN,NaN,NaN,NaN,NaN,NaN,NaN,NaN,NaN,NaN,NaN,NaN,
69.313,-0.02088,0.00254,0.13066,0.75645,0.05468,-0.29925,-0.57900,NaN,NaN,NaN,NaN,NaN,NaN,NaN,NaN,NaN,NaN,NaN,NaN,NaN,NaN,NaN,NaN,NaN,NaN,NaN,NaN,NaN,
69.338,-0.02088,0.00266,0.13077,0.75783,0.05195,-0.29973,-0.57720,NaN,NaN,NaN,NaN,NaN,NaN,NaN,NaN,NaN,NaN,NaN,NaN,NaN,NaN,NaN,NaN,NaN,NaN,NaN,NaN,NaN,
69.363,-0.02082,0.00274,0.13078,0.75920,0.04919,-0.30019,-0.57539,NaN,NaN,NaN,NaN,NaN,NaN,NaN,NaN,NaN,NaN,NaN,NaN,NaN,NaN,NaN,NaN,NaN,NaN,NaN,NaN,NaN,
69.388,-0.02086,0.00293,0.13074,0.76068,0.04622,-0.30070,-0.57342,NaN,NaN,NaN,NaN,NaN,NaN,NaN,NaN,NaN,NaN,NaN,NaN,NaN,NaN,NaN,NaN,NaN,NaN,NaN,NaN,NaN,
69.412,-0.02086,0.00293,0.13074,0.76068,0.04622,-0.30070,-0.57342,NaN,NaN,NaN,NaN,NaN,NaN,NaN,NaN,NaN,NaN,NaN,NaN,NaN,NaN,NaN,NaN,NaN,NaN,NaN,NaN,NaN,
69.437,-0.02082,0.00297,0.13078,0.76138,0.04469,-0.30070,-0.57261,NaN,NaN,NaN,NaN,NaN,NaN,NaN,NaN,NaN,NaN,NaN,NaN,NaN,NaN,NaN,NaN,NaN,NaN,NaN,NaN,NaN,
69.462,-0.02075,0.00306,0.13079,0.76267,0.04196,-0.30092,-0.57099,NaN,NaN,NaN,NaN,NaN,NaN,NaN,NaN,NaN,NaN,NaN,NaN,NaN,NaN,NaN,NaN,NaN,NaN,NaN,NaN,NaN,
69.488,-0.02081,0.00326,0.13086,0.76488,0.03716,-0.30114,-0.56824,NaN,NaN,NaN,NaN,NaN,NaN,NaN,NaN,NaN,NaN,NaN,NaN,NaN,NaN,NaN,NaN,NaN,NaN,NaN,NaN,NaN,
69.512,-0.02081,0.00326,0.13086,0.76488,0.03716,-0.30114,-0.56824,NaN,NaN,NaN,NaN,NaN,NaN,NaN,NaN,NaN,NaN,NaN,NaN,NaN,NaN,NaN,NaN,NaN,NaN,NaN,NaN,NaN,
69.537,-0.02072,0.00333,0.13092,0.76623,0.03402,-0.30091,-0.56673,NaN,NaN,NaN,NaN,NaN,NaN,NaN,NaN,NaN,NaN,NaN,NaN,NaN,NaN,NaN,NaN,NaN,NaN,NaN,NaN,NaN,
69.562,-0.02084,0.00349,0.13094,0.76718,0.03201,-0.30121,-0.56540,NaN,NaN,NaN,NaN,NaN,NaN,NaN,NaN,NaN,NaN,NaN,NaN,NaN,NaN,NaN,NaN,NaN,NaN,NaN,NaN,NaN,
69.587,-0.02066,0.00351,0.13093,0.76861,0.02888,-0.30142,-0.56352,NaN,NaN,NaN,NaN,NaN,NaN,NaN,NaN,NaN,NaN,NaN,NaN,NaN,NaN,NaN,NaN,NaN,NaN,NaN,NaN,NaN,
69.612,-0.02074,0.00367,0.13090,0.76944,0.02722,-0.30193,-0.56219,NaN,NaN,NaN,NaN,NaN,NaN,NaN,NaN,NaN,NaN,NaN,NaN,NaN,NaN,NaN,NaN,NaN,NaN,NaN,NaN,NaN,
69.637,-0.02072,0.00376,0.13090,0.77035,0.02501,-0.30167,-0.56118,NaN,NaN,NaN,NaN,NaN,NaN,NaN,NaN,NaN,NaN,NaN,NaN,NaN,NaN,NaN,NaN,NaN,NaN,NaN,NaN,NaN,
69.662,-0.02076,0.00392,0.13080,0.77171,0.02231,-0.30259,-0.55894,NaN,NaN,NaN,NaN,NaN,NaN,NaN,NaN,NaN,NaN,NaN,NaN,NaN,NaN,NaN,NaN,NaN,NaN,NaN,NaN,NaN,
69.688,-0.02076,0.00399,0.13078,0.77251,0.02047,-0.30266,-0.55786,NaN,NaN,NaN,NaN,NaN,NaN,NaN,NaN,NaN,NaN,NaN,NaN,NaN,NaN,NaN,NaN,NaN,NaN,NaN,NaN,NaN,
69.712,-0.02076,0.00399,0.13078,0.77251,0.02047,-0.30266,-0.55786,NaN,NaN,NaN,NaN,NaN,NaN,NaN,NaN,NaN,NaN,NaN,NaN,NaN,NaN,NaN,NaN,NaN,NaN,NaN,NaN,NaN,
69.738,-0.02074,0.00418,0.13076,0.77427,0.01652,-0.30303,-0.55534,NaN,NaN,NaN,NaN,NaN,NaN,NaN,NaN,NaN,NaN,NaN,NaN,NaN,NaN,NaN,NaN,NaN,NaN,NaN,NaN,NaN,
69.763,-0.02073,0.00427,0.13076,0.77524,0.01436,-0.30328,-0.55391,NaN,NaN,NaN,NaN,NaN,NaN,NaN,NaN,NaN,NaN,NaN,NaN,NaN,NaN,NaN,NaN,NaN,NaN,NaN,NaN,NaN,
69.788,-0.02068,0.00431,0.13071,0.77597,0.01271,-0.30349,-0.55281,NaN,NaN,NaN,NaN,NaN,NaN,NaN,NaN,NaN,NaN,NaN,NaN,NaN,NaN,NaN,NaN,NaN,NaN,NaN,NaN,NaN,
69.812,-0.02065,0.00436,0.13069,0.77665,0.01134,-0.30401,-0.55160,NaN,NaN,NaN,NaN,NaN,NaN,NaN,NaN,NaN,NaN,NaN,NaN,NaN,NaN,NaN,NaN,NaN,NaN,NaN,NaN,NaN,
69.838,-0.02061,0.00452,0.13068,0.77816,0.00763,-0.30382,-0.54963,NaN,NaN,NaN,NaN,NaN,NaN,NaN,NaN,NaN,NaN,NaN,NaN,NaN,NaN,NaN,NaN,NaN,NaN,NaN,NaN,NaN,
69.862,-0.02059,0.00465,0.13072,0.77938,0.00463,-0.30370,-0.54800,NaN,NaN,NaN,NaN,NaN,NaN,NaN,NaN,NaN,NaN,NaN,NaN,NaN,NaN,NaN,NaN,NaN,NaN,NaN,NaN,NaN,
69.887,-0.02059,0.00465,0.13072,0.77938,0.00463,-0.30370,-0.54800,NaN,NaN,NaN,NaN,NaN,NaN,NaN,NaN,NaN,NaN,NaN,NaN,NaN,NaN,NaN,NaN,NaN,NaN,NaN,NaN,NaN,
69.912,-0.02063,0.00473,0.13067,0.77997,0.00328,-0.30387,-0.54708,NaN,NaN,NaN,NaN,NaN,NaN,NaN,NaN,NaN,NaN,NaN,NaN,NaN,NaN,NaN,NaN,NaN,NaN,NaN,NaN,NaN,
69.938,-0.02057,0.00492,0.13069,0.78184,-0.00141,-0.30362,-0.54456,NaN,NaN,NaN,NaN,NaN,NaN,NaN,NaN,NaN,NaN,NaN,NaN,NaN,NaN,NaN,NaN,NaN,NaN,NaN,NaN,NaN,
69.963,-0.02055,0.00501,0.13071,0.78247,-0.00334,-0.30284,-0.54407,NaN,NaN,NaN,NaN,NaN,NaN,NaN,NaN,NaN,NaN,NaN,NaN,NaN,NaN,NaN,NaN,NaN,NaN,NaN,NaN,NaN,
69.988,-0.02057,0.00511,0.13070,0.78320,-0.00510,-0.30296,-0.54294,NaN,NaN,NaN,NaN,NaN,NaN,NaN,NaN,NaN,NaN,NaN,NaN,NaN,NaN,NaN,NaN,NaN,NaN,NaN,NaN,NaN,
70.012,-0.02057,0.00511,0.13070,0.78320,-0.00510,-0.30296,-0.54294,NaN,NaN,NaN,NaN,NaN,NaN,NaN,NaN,NaN,NaN,NaN,NaN,NaN,NaN,NaN,NaN,NaN,NaN,NaN,NaN,NaN,
70.038,-0.02054,0.00531,0.13070,0.78493,-0.00914,-0.30355,-0.54006,NaN,NaN,NaN,NaN,NaN,NaN,NaN,NaN,NaN,NaN,NaN,NaN,NaN,NaN,NaN,NaN,NaN,NaN,NaN,NaN,NaN,
70.062,-0.02054,0.00531,0.13070,0.78493,-0.00914,-0.30355,-0.54006,NaN,NaN,NaN,NaN,NaN,NaN,NaN,NaN,NaN,NaN,NaN,NaN,NaN,NaN,NaN,NaN,NaN,NaN,NaN,NaN,NaN,
70.088,-0.02055,0.00544,0.13066,0.78622,-0.01246,-0.30346,-0.53815,NaN,NaN,NaN,NaN,NaN,NaN,NaN,NaN,NaN,NaN,NaN,NaN,NaN,NaN,NaN,NaN,NaN,NaN,NaN,NaN,NaN,
70.112,-0.02055,0.00544,0.13066,0.78622,-0.01246,-0.30346,-0.53815,NaN,NaN,NaN,NaN,NaN,NaN,NaN,NaN,NaN,NaN,NaN,NaN,NaN,NaN,NaN,NaN,NaN,NaN,NaN,NaN,NaN,
70.138,-0.02040,0.00570,0.13072,0.78847,-0.01872,-0.30238,-0.53529,NaN,NaN,NaN,NaN,NaN,NaN,NaN,NaN,NaN,NaN,NaN,NaN,NaN,NaN,NaN,NaN,NaN,NaN,NaN,NaN,NaN,
70.162,-0.02040,0.00570,0.13072,0.78847,-0.01872,-0.30238,-0.53529,NaN,NaN,NaN,NaN,NaN,NaN,NaN,NaN,NaN,NaN,NaN,NaN,NaN,NaN,NaN,NaN,NaN,NaN,NaN,NaN,NaN,
70.187,-0.02028,0.00594,0.13074,0.79086,-0.02533,-0.30162,-0.53190,NaN,NaN,NaN,NaN,NaN,NaN,NaN,NaN,NaN,NaN,NaN,NaN,NaN,NaN,NaN,NaN,NaN,NaN,NaN,NaN,NaN,
70.212,-0.02039,0.00602,0.13073,0.79111,-0.02559,-0.30242,-0.53107,NaN,NaN,NaN,NaN,NaN,NaN,NaN,NaN,NaN,NaN,NaN,NaN,NaN,NaN,NaN,NaN,NaN,NaN,NaN,NaN,NaN,
70.238,-0.02048,0.00606,0.13071,0.79129,-0.02565,-0.30331,-0.53029,NaN,NaN,NaN,NaN,NaN,NaN,NaN,NaN,NaN,NaN,NaN,NaN,NaN,NaN,NaN,NaN,NaN,NaN,NaN,NaN,NaN,
70.262,-0.02048,0.00606,0.13071,0.79129,-0.02565,-0.30331,-0.53029,NaN,NaN,NaN,NaN,NaN,NaN,NaN,NaN,NaN,NaN,NaN,NaN,NaN,NaN,NaN,NaN,NaN,NaN,NaN,NaN,NaN,
70.287,-0.02048,0.00613,0.13068,0.79172,-0.02653,-0.30385,-0.52929,NaN,NaN,NaN,NaN,NaN,NaN,NaN,NaN,NaN,NaN,NaN,NaN,NaN,NaN,NaN,NaN,NaN,NaN,NaN,NaN,NaN,
70.312,-0.02055,0.00630,0.13066,0.79271,-0.02888,-0.30443,-0.52735,NaN,NaN,NaN,NaN,NaN,NaN,NaN,NaN,NaN,NaN,NaN,NaN,NaN,NaN,NaN,NaN,NaN,NaN,NaN,NaN,NaN,
70.338,-0.02061,0.00652,0.13068,0.79399,-0.03218,-0.30471,-0.52507,NaN,NaN,NaN,NaN,NaN,NaN,NaN,NaN,NaN,NaN,NaN,NaN,NaN,NaN,NaN,NaN,NaN,NaN,NaN,NaN,NaN,
70.362,-0.02061,0.00652,0.13068,0.79399,-0.03218,-0.30471,-0.52507,NaN,NaN,NaN,NaN,NaN,NaN,NaN,NaN,NaN,NaN,NaN,NaN,NaN,NaN,NaN,NaN,NaN,NaN,NaN,NaN,NaN,
70.388,-0.02036,0.00668,0.13075,0.79606,-0.03855,-0.30314,-0.52240,NaN,NaN,NaN,NaN,NaN,NaN,NaN,NaN,NaN,NaN,NaN,NaN,NaN,NaN,NaN,NaN,NaN,NaN,NaN,NaN,NaN,
70.413,-0.02060,0.00692,0.13073,0.79691,-0.04053,-0.30389,-0.52052,NaN,NaN,NaN,NaN,NaN,NaN,NaN,NaN,NaN,NaN,NaN,NaN,NaN,NaN,NaN,NaN,NaN,NaN,NaN,NaN,NaN,
70.438,-0.02046,0.00693,0.13083,0.79741,-0.04213,-0.30342,-0.51991,NaN,NaN,NaN,NaN,NaN,NaN,NaN,NaN,NaN,NaN,NaN,NaN,NaN,NaN,NaN,NaN,NaN,NaN,NaN,NaN,NaN,
70.462,-0.02050,0.00706,0.13083,0.79816,-0.04419,-0.30346,-0.51856,NaN,NaN,NaN,NaN,NaN,NaN,NaN,NaN,NaN,NaN,NaN,NaN,NaN,NaN,NaN,NaN,NaN,NaN,NaN,NaN,NaN,
70.488,-0.02047,0.00708,0.13082,0.79858,-0.04509,-0.30407,-0.51748,NaN,NaN,NaN,NaN,NaN,NaN,NaN,NaN,NaN,NaN,NaN,NaN,NaN,NaN,NaN,NaN,NaN,NaN,NaN,NaN,NaN,
70.513,-0.02055,0.00723,0.13082,0.79894,-0.04606,-0.30417,-0.51677,NaN,NaN,NaN,NaN,NaN,NaN,NaN,NaN,NaN,NaN,NaN,NaN,NaN,NaN,NaN,NaN,NaN,NaN,NaN,NaN,NaN,
70.538,-0.02056,0.00735,0.13083,0.79987,-0.04861,-0.30432,-0.51501,NaN,NaN,NaN,NaN,NaN,NaN,NaN,NaN,NaN,NaN,NaN,NaN,NaN,NaN,NaN,NaN,NaN,NaN,NaN,NaN,NaN,
70.562,-0.02053,0.00748,0.13083,0.80069,-0.05121,-0.30370,-0.51385,NaN,NaN,NaN,NaN,NaN,NaN,NaN,NaN,NaN,NaN,NaN,NaN,NaN,NaN,NaN,NaN,NaN,NaN,NaN,NaN,NaN,
70.588,-0.02056,0.00759,0.13081,0.80166,-0.05393,-0.30388,-0.51194,NaN,NaN,NaN,NaN,NaN,NaN,NaN,NaN,NaN,NaN,NaN,NaN,NaN,NaN,NaN,NaN,NaN,NaN,NaN,NaN,NaN,
70.612,-0.02056,0.00759,0.13081,0.80166,-0.05393,-0.30388,-0.51194,NaN,NaN,NaN,NaN,NaN,NaN,NaN,NaN,NaN,NaN,NaN,NaN,NaN,NaN,NaN,NaN,NaN,NaN,NaN,NaN,NaN,
70.638,-0.02027,0.00779,0.13087,0.80353,-0.06079,-0.30095,-0.50997,NaN,NaN,NaN,NaN,NaN,NaN,NaN,NaN,NaN,NaN,NaN,NaN,NaN,NaN,NaN,NaN,NaN,NaN,NaN,NaN,NaN,
70.662,-0.02007,0.00788,0.13094,0.80448,-0.06477,-0.29854,-0.50941,NaN,NaN,NaN,NaN,NaN,NaN,NaN,NaN,NaN,NaN,NaN,NaN,NaN,NaN,NaN,NaN,NaN,NaN,NaN,NaN,NaN,
70.688,-0.02019,0.00805,0.13090,0.80502,-0.06634,-0.29860,-0.50831,NaN,NaN,NaN,NaN,NaN,NaN,NaN,NaN,NaN,NaN,NaN,NaN,NaN,NaN,NaN,NaN,NaN,NaN,NaN,NaN,NaN,
70.713,-0.02027,0.00816,0.13089,0.80537,-0.06729,-0.29879,-0.50752,NaN,NaN,NaN,NaN,NaN,NaN,NaN,NaN,NaN,NaN,NaN,NaN,NaN,NaN,NaN,NaN,NaN,NaN,NaN,NaN,NaN,
70.739,-0.02009,0.00818,0.13087,0.80608,-0.06983,-0.29797,-0.50654,NaN,NaN,NaN,NaN,NaN,NaN,NaN,NaN,NaN,NaN,NaN,NaN,NaN,NaN,NaN,NaN,NaN,NaN,NaN,NaN,NaN,
70.762,-0.02009,0.00818,0.13087,0.80608,-0.06983,-0.29797,-0.50654,NaN,NaN,NaN,NaN,NaN,NaN,NaN,NaN,NaN,NaN,NaN,NaN,NaN,NaN,NaN,NaN,NaN,NaN,NaN,NaN,NaN,
70.788,-0.02022,0.00836,0.13077,0.80667,-0.07175,-0.29771,-0.50547,NaN,NaN,NaN,NaN,NaN,NaN,NaN,NaN,NaN,NaN,NaN,NaN,NaN,NaN,NaN,NaN,NaN,NaN,NaN,NaN,NaN,
70.812,-0.02008,0.00837,0.13079,0.80711,-0.07357,-0.29673,-0.50509,NaN,NaN,NaN,NaN,NaN,NaN,NaN,NaN,NaN,NaN,NaN,NaN,NaN,NaN,NaN,NaN,NaN,NaN,NaN,NaN,NaN,
70.837,-0.02008,0.00837,0.13079,0.80711,-0.07357,-0.29673,-0.50509,NaN,NaN,NaN,NaN,NaN,NaN,NaN,NaN,NaN,NaN,NaN,NaN,NaN,NaN,NaN,NaN,NaN,NaN,NaN,NaN,NaN,
70.862,-0.01998,0.00840,0.13073,0.80751,-0.07482,-0.29669,-0.50429,NaN,NaN,NaN,NaN,NaN,NaN,NaN,NaN,NaN,NaN,NaN,NaN,NaN,NaN,NaN,NaN,NaN,NaN,NaN,NaN,NaN,
70.888,-0.01996,0.00854,0.13062,0.80824,-0.07745,-0.29592,-0.50318,NaN,NaN,NaN,NaN,NaN,NaN,NaN,NaN,NaN,NaN,NaN,NaN,NaN,NaN,NaN,NaN,NaN,NaN,NaN,NaN,NaN,
70.913,-0.01990,0.00858,0.13061,0.80845,-0.07824,-0.29567,-0.50286,NaN,NaN,NaN,NaN,NaN,NaN,NaN,NaN,NaN,NaN,NaN,NaN,NaN,NaN,NaN,NaN,NaN,NaN,NaN,NaN,NaN,
70.938,-0.01986,0.00865,0.13054,0.80891,-0.07970,-0.29560,-0.50193,NaN,NaN,NaN,NaN,NaN,NaN,NaN,NaN,NaN,NaN,NaN,NaN,NaN,NaN,NaN,NaN,NaN,NaN,NaN,NaN,NaN,
70.963,-0.01986,0.00868,0.13050,0.80916,-0.08053,-0.29552,-0.50143,NaN,NaN,NaN,NaN,NaN,NaN,NaN,NaN,NaN,NaN,NaN,NaN,NaN,NaN,NaN,NaN,NaN,NaN,NaN,NaN,NaN,
70.989,-0.01986,0.00872,0.13047,0.80944,-0.08167,-0.29502,-0.50110,NaN,NaN,NaN,NaN,NaN,NaN,NaN,NaN,NaN,NaN,NaN,NaN,NaN,NaN,NaN,NaN,NaN,NaN,NaN,NaN,NaN,
71.012,-0.01986,0.00872,0.13047,0.80944,-0.08167,-0.29502,-0.50110,NaN,NaN,NaN,NaN,NaN,NaN,NaN,NaN,NaN,NaN,NaN,NaN,NaN,NaN,NaN,NaN,NaN,NaN,NaN,NaN,NaN,
71.037,-0.01975,0.00875,0.13048,0.80983,-0.08336,-0.29407,-0.50076,NaN,NaN,NaN,NaN,NaN,NaN,NaN,NaN,NaN,NaN,NaN,NaN,NaN,NaN,NaN,NaN,NaN,NaN,NaN,NaN,NaN,
71.063,-0.01956,0.00883,0.13043,0.81060,-0.08720,-0.29143,-0.50039,NaN,NaN,NaN,NaN,NaN,NaN,NaN,NaN,NaN,NaN,NaN,NaN,NaN,NaN,NaN,NaN,NaN,NaN,NaN,NaN,NaN,
71.088,-0.01953,0.00894,0.13037,0.81109,-0.08901,-0.29091,-0.49959,NaN,NaN,NaN,NaN,NaN,NaN,NaN,NaN,NaN,NaN,NaN,NaN,NaN,NaN,NaN,NaN,NaN,NaN,NaN,NaN,NaN,
71.113,-0.01938,0.00900,0.13037,0.81148,-0.09079,-0.28997,-0.49917,NaN,NaN,NaN,NaN,NaN,NaN,NaN,NaN,NaN,NaN,NaN,NaN,NaN,NaN,NaN,NaN,NaN,NaN,NaN,NaN,NaN,
71.138,-0.01943,0.00909,0.13030,0.81178,-0.09178,-0.28990,-0.49854,NaN,NaN,NaN,NaN,NaN,NaN,NaN,NaN,NaN,NaN,NaN,NaN,NaN,NaN,NaN,NaN,NaN,NaN,NaN,NaN,NaN,
71.163,-0.01944,0.00914,0.13027,0.81192,-0.09274,-0.28898,-0.49867,NaN,NaN,NaN,NaN,NaN,NaN,NaN,NaN,NaN,NaN,NaN,NaN,NaN,NaN,NaN,NaN,NaN,NaN,NaN,NaN,NaN,
71.188,-0.01917,0.00919,0.13023,0.81263,-0.09630,-0.28667,-0.49817,NaN,NaN,NaN,NaN,NaN,NaN,NaN,NaN,NaN,NaN,NaN,NaN,NaN,NaN,NaN,NaN,NaN,NaN,NaN,NaN,NaN,
71.212,-0.01917,0.00919,0.13023,0.81263,-0.09630,-0.28667,-0.49817,NaN,NaN,NaN,NaN,NaN,NaN,NaN,NaN,NaN,NaN,NaN,NaN,NaN,NaN,NaN,NaN,NaN,NaN,NaN,NaN,NaN,
71.238,-0.01914,0.00923,0.13029,0.81282,-0.09783,-0.28499,-0.49854,NaN,NaN,NaN,NaN,NaN,NaN,NaN,NaN,NaN,NaN,NaN,NaN,NaN,NaN,NaN,NaN,NaN,NaN,NaN,NaN,NaN,
71.262,-0.01912,0.00930,0.13022,0.81311,-0.09894,-0.28475,-0.49797,NaN,NaN,NaN,NaN,NaN,NaN,NaN,NaN,NaN,NaN,NaN,NaN,NaN,NaN,NaN,NaN,NaN,NaN,NaN,NaN,NaN,
71.287,-0.01912,0.00930,0.13022,0.81311,-0.09894,-0.28475,-0.49797,NaN,NaN,NaN,NaN,NaN,NaN,NaN,NaN,NaN,NaN,NaN,NaN,NaN,NaN,NaN,NaN,NaN,NaN,NaN,NaN,NaN,
71.312,-0.01905,0.00932,0.13021,0.81327,-0.09980,-0.28412,-0.49790,NaN,NaN,NaN,NaN,NaN,NaN,NaN,NaN,NaN,NaN,NaN,NaN,NaN,NaN,NaN,NaN,NaN,NaN,NaN,NaN,NaN,
71.338,-0.01887,0.00944,0.13017,0.81406,-0.10365,-0.28196,-0.49705,NaN,NaN,NaN,NaN,NaN,NaN,NaN,NaN,NaN,NaN,NaN,NaN,NaN,NaN,NaN,NaN,NaN,NaN,NaN,NaN,NaN,
71.363,-0.01880,0.00955,0.13015,0.81441,-0.10585,-0.28014,-0.49705,NaN,NaN,NaN,NaN,NaN,NaN,NaN,NaN,NaN,NaN,NaN,NaN,NaN,NaN,NaN,NaN,NaN,NaN,NaN,NaN,NaN,
71.388,-0.01876,0.00960,0.13018,0.81475,-0.10729,-0.27962,-0.49648,NaN,NaN,NaN,NaN,NaN,NaN,NaN,NaN,NaN,NaN,NaN,NaN,NaN,NaN,NaN,NaN,NaN,NaN,NaN,NaN,NaN,
71.412,-0.01876,0.00960,0.13018,0.81475,-0.10729,-0.27962,-0.49648,NaN,NaN,NaN,NaN,NaN,NaN,NaN,NaN,NaN,NaN,NaN,NaN,NaN,NaN,NaN,NaN,NaN,NaN,NaN,NaN,NaN,
71.438,-0.01870,0.00964,0.13008,0.81487,-0.10844,-0.27839,-0.49671,NaN,NaN,NaN,NaN,NaN,NaN,NaN,NaN,NaN,NaN,NaN,NaN,NaN,NaN,NaN,NaN,NaN,NaN,NaN,NaN,NaN,
71.463,-0.01865,0.00962,0.13003,0.81501,-0.10894,-0.27829,-0.49644,NaN,NaN,NaN,NaN,NaN,NaN,NaN,NaN,NaN,NaN,NaN,NaN,NaN,NaN,NaN,NaN,NaN,NaN,NaN,NaN,NaN,
71.488,-0.01859,0.00963,0.12998,0.81503,-0.10911,-0.27812,-0.49646,NaN,NaN,NaN,NaN,NaN,NaN,NaN,NaN,NaN,NaN,NaN,NaN,NaN,NaN,NaN,NaN,NaN,NaN,NaN,NaN,NaN,
71.512,-0.01859,0.00963,0.12998,0.81503,-0.10911,-0.27812,-0.49646,NaN,NaN,NaN,NaN,NaN,NaN,NaN,NaN,NaN,NaN,NaN,NaN,NaN,NaN,NaN,NaN,NaN,NaN,NaN,NaN,NaN,
71.538,-0.01859,0.00975,0.12988,0.81511,-0.11033,-0.27655,-0.49693,NaN,NaN,NaN,NaN,NaN,NaN,NaN,NaN,NaN,NaN,NaN,NaN,NaN,NaN,NaN,NaN,NaN,NaN,NaN,NaN,NaN,
71.562,-0.01859,0.00975,0.12988,0.81511,-0.11033,-0.27655,-0.49693,NaN,NaN,NaN,NaN,NaN,NaN,NaN,NaN,NaN,NaN,NaN,NaN,NaN,NaN,NaN,NaN,NaN,NaN,NaN,NaN,NaN,
71.587,-0.01853,0.00983,0.12988,0.81519,-0.11190,-0.27438,-0.49765,NaN,NaN,NaN,NaN,NaN,NaN,NaN,NaN,NaN,NaN,NaN,NaN,NaN,NaN,NaN,NaN,NaN,NaN,NaN,NaN,NaN,
71.612,-0.01831,0.00978,0.12995,0.81561,-0.11426,-0.27285,-0.49727,NaN,NaN,NaN,NaN,NaN,NaN,NaN,NaN,NaN,NaN,NaN,NaN,NaN,NaN,NaN,NaN,NaN,NaN,NaN,NaN,NaN,
71.638,-0.01815,0.00973,0.12997,0.81570,-0.11578,-0.27088,-0.49784,NaN,NaN,NaN,NaN,NaN,NaN,NaN,NaN,NaN,NaN,NaN,NaN,NaN,NaN,NaN,NaN,NaN,NaN,NaN,NaN,NaN,
71.662,-0.01799,0.00970,0.12998,0.81567,-0.11679,-0.26905,-0.49866,NaN,NaN,NaN,NaN,NaN,NaN,NaN,NaN,NaN,NaN,NaN,NaN,NaN,NaN,NaN,NaN,NaN,NaN,NaN,NaN,NaN,
71.688,-0.01801,0.00967,0.13001,0.81551,-0.11648,-0.26868,-0.49918,NaN,NaN,NaN,NaN,NaN,NaN,NaN,NaN,NaN,NaN,NaN,NaN,NaN,NaN,NaN,NaN,NaN,NaN,NaN,NaN,NaN,
71.713,-0.01803,0.00967,0.12996,0.81547,-0.11628,-0.26876,-0.49926,NaN,NaN,NaN,NaN,NaN,NaN,NaN,NaN,NaN,NaN,NaN,NaN,NaN,NaN,NaN,NaN,NaN,NaN,NaN,NaN,NaN,
71.738,-0.01772,0.00960,0.12992,0.81615,-0.11917,-0.26793,-0.49790,NaN,NaN,NaN,NaN,NaN,NaN,NaN,NaN,NaN,NaN,NaN,NaN,NaN,NaN,NaN,NaN,NaN,NaN,NaN,NaN,NaN,
71.762,-0.01772,0.00960,0.12992,0.81615,-0.11917,-0.26793,-0.49790,NaN,NaN,NaN,NaN,NaN,NaN,NaN,NaN,NaN,NaN,NaN,NaN,NaN,NaN,NaN,NaN,NaN,NaN,NaN,NaN,NaN,
71.787,-0.01724,0.00967,0.12994,0.81629,-0.12389,-0.26133,-0.50003,NaN,NaN,NaN,NaN,NaN,NaN,NaN,NaN,NaN,NaN,NaN,NaN,NaN,NaN,NaN,NaN,NaN,NaN,NaN,NaN,NaN,
71.812,-0.01726,0.00974,0.13010,0.81601,-0.12466,-0.25869,-0.50167,NaN,NaN,NaN,NaN,NaN,NaN,NaN,NaN,NaN,NaN,NaN,NaN,NaN,NaN,NaN,NaN,NaN,NaN,NaN,NaN,NaN,
71.838,-0.01633,0.00960,0.13024,0.81652,-0.13307,-0.24905,-0.50355,NaN,NaN,NaN,NaN,NaN,NaN,NaN,NaN,NaN,NaN,NaN,NaN,NaN,NaN,NaN,NaN,NaN,NaN,NaN,NaN,NaN,
71.862,-0.01633,0.00960,0.13024,0.81652,-0.13307,-0.24905,-0.50355,NaN,NaN,NaN,NaN,NaN,NaN,NaN,NaN,NaN,NaN,NaN,NaN,NaN,NaN,NaN,NaN,NaN,NaN,NaN,NaN,NaN,
71.888,-0.01599,0.00970,0.13052,0.81508,-0.13722,-0.23641,-0.51081,NaN,NaN,NaN,NaN,NaN,NaN,NaN,NaN,NaN,NaN,NaN,NaN,NaN,NaN,NaN,NaN,NaN,NaN,NaN,NaN,NaN,
71.912,-0.01599,0.00970,0.13052,0.81508,-0.13722,-0.23641,-0.51081,NaN,NaN,NaN,NaN,NaN,NaN,NaN,NaN,NaN,NaN,NaN,NaN,NaN,NaN,NaN,NaN,NaN,NaN,NaN,NaN,NaN,
71.938,-0.01563,0.00966,0.13048,0.81488,-0.13978,-0.23209,-0.51242,NaN,NaN,NaN,NaN,NaN,NaN,NaN,NaN,NaN,NaN,NaN,NaN,NaN,NaN,NaN,NaN,NaN,NaN,NaN,NaN,NaN,
71.962,-0.01564,0.00964,0.13037,0.81491,-0.13972,-0.23229,-0.51230,NaN,NaN,NaN,NaN,NaN,NaN,NaN,NaN,NaN,NaN,NaN,NaN,NaN,NaN,NaN,NaN,NaN,NaN,NaN,NaN,NaN,
71.987,-0.01564,0.00964,0.13037,0.81491,-0.13972,-0.23229,-0.51230,NaN,NaN,NaN,NaN,NaN,NaN,NaN,NaN,NaN,NaN,NaN,NaN,NaN,NaN,NaN,NaN,NaN,NaN,NaN,NaN,NaN,
72.012,-0.01547,0.00962,0.13032,0.81510,-0.14060,-0.23207,-0.51184,NaN,NaN,NaN,NaN,NaN,NaN,NaN,NaN,NaN,NaN,NaN,NaN,NaN,NaN,NaN,NaN,NaN,NaN,NaN,NaN,NaN,
72.037,-0.01532,0.00964,0.13032,0.81495,-0.14247,-0.22897,-0.51296,NaN,NaN,NaN,NaN,NaN,NaN,NaN,NaN,NaN,NaN,NaN,NaN,NaN,NaN,NaN,NaN,NaN,NaN,NaN,NaN,NaN,
72.063,-0.01493,0.00960,0.13039,0.81441,-0.14552,-0.22272,-0.51570,NaN,NaN,NaN,NaN,NaN,NaN,NaN,NaN,NaN,NaN,NaN,NaN,NaN,NaN,NaN,NaN,NaN,NaN,NaN,NaN,NaN,
72.087,-0.01493,0.00960,0.13039,0.81441,-0.14552,-0.22272,-0.51570,NaN,NaN,NaN,NaN,NaN,NaN,NaN,NaN,NaN,NaN,NaN,NaN,NaN,NaN,NaN,NaN,NaN,NaN,NaN,NaN,NaN,
72.112,-0.01505,0.00960,0.13033,0.81421,-0.14469,-0.22284,-0.51620,NaN,NaN,NaN,NaN,NaN,NaN,NaN,NaN,NaN,NaN,NaN,NaN,NaN,NaN,NaN,NaN,NaN,NaN,NaN,NaN,NaN,
72.138,-0.01489,0.00953,0.13019,0.81429,-0.14486,-0.22301,-0.51596,NaN,NaN,NaN,NaN,NaN,NaN,NaN,NaN,NaN,NaN,NaN,NaN,NaN,NaN,NaN,NaN,NaN,NaN,NaN,NaN,NaN,
72.162,-0.01479,0.00953,0.13015,0.81425,-0.14568,-0.22182,-0.51630,NaN,NaN,NaN,NaN,NaN,NaN,NaN,NaN,NaN,NaN,NaN,NaN,NaN,NaN,NaN,NaN,NaN,NaN,NaN,NaN,NaN,
72.188,-0.01480,0.00962,0.13018,0.81299,-0.14639,-0.21547,-0.52076,NaN,NaN,NaN,NaN,NaN,NaN,NaN,NaN,NaN,NaN,NaN,NaN,NaN,NaN,NaN,NaN,NaN,NaN,NaN,NaN,NaN,
72.212,-0.01442,0.00956,0.13023,0.81289,-0.14932,-0.21156,-0.52169,NaN,NaN,NaN,NaN,NaN,NaN,NaN,NaN,NaN,NaN,NaN,NaN,NaN,NaN,NaN,NaN,NaN,NaN,NaN,NaN,NaN,
72.238,-0.01405,0.00953,0.13023,0.81313,-0.15184,-0.20961,-0.52137,NaN,NaN,NaN,NaN,NaN,NaN,NaN,NaN,NaN,NaN,NaN,NaN,NaN,NaN,NaN,NaN,NaN,NaN,NaN,NaN,NaN,
72.262,-0.01405,0.00953,0.13023,0.81313,-0.15184,-0.20961,-0.52137,NaN,NaN,NaN,NaN,NaN,NaN,NaN,NaN,NaN,NaN,NaN,NaN,NaN,NaN,NaN,NaN,NaN,NaN,NaN,NaN,NaN,
72.288,-0.01398,0.00948,0.13014,0.81309,-0.15183,-0.20944,-0.52151,NaN,NaN,NaN,NaN,NaN,NaN,NaN,NaN,NaN,NaN,NaN,NaN,NaN,NaN,NaN,NaN,NaN,NaN,NaN,NaN,NaN,
72.312,-0.01393,0.00948,0.13009,0.81321,-0.15236,-0.20932,-0.52122,NaN,NaN,NaN,NaN,NaN,NaN,NaN,NaN,NaN,NaN,NaN,NaN,NaN,NaN,NaN,NaN,NaN,NaN,NaN,NaN,NaN,
72.338,-0.01371,0.00947,0.13016,0.81187,-0.15258,-0.20357,-0.52549,NaN,NaN,NaN,NaN,NaN,NaN,NaN,NaN,NaN,NaN,NaN,NaN,NaN,NaN,NaN,NaN,NaN,NaN,NaN,NaN,NaN,
72.362,-0.01371,0.00947,0.13016,0.81187,-0.15258,-0.20357,-0.52549,NaN,NaN,NaN,NaN,NaN,NaN,NaN,NaN,NaN,NaN,NaN,NaN,NaN,NaN,NaN,NaN,NaN,NaN,NaN,NaN,NaN,
72.388,-0.01312,0.00948,0.13025,0.81179,-0.15869,-0.19641,-0.52653,NaN,NaN,NaN,NaN,NaN,NaN,NaN,NaN,NaN,NaN,NaN,NaN,NaN,NaN,NaN,NaN,NaN,NaN,NaN,NaN,NaN,
72.412,-0.01292,0.00947,0.13027,0.81155,-0.16049,-0.19350,-0.52743,NaN,NaN,NaN,NaN,NaN,NaN,NaN,NaN,NaN,NaN,NaN,NaN,NaN,NaN,NaN,NaN,NaN,NaN,NaN,NaN,NaN,
72.438,-0.01270,0.00945,0.13030,0.81134,-0.16205,-0.19099,-0.52819,NaN,NaN,NaN,NaN,NaN,NaN,NaN,NaN,NaN,NaN,NaN,NaN,NaN,NaN,NaN,NaN,NaN,NaN,NaN,NaN,NaN,
72.463,-0.01274,0.00941,0.13029,0.81114,-0.16158,-0.19072,-0.52874,NaN,NaN,NaN,NaN,NaN,NaN,NaN,NaN,NaN,NaN,NaN,NaN,NaN,NaN,NaN,NaN,NaN,NaN,NaN,NaN,NaN,
72.488,-0.01283,0.00939,0.13027,0.81085,-0.16074,-0.19049,-0.52952,NaN,NaN,NaN,NaN,NaN,NaN,NaN,NaN,NaN,NaN,NaN,NaN,NaN,NaN,NaN,NaN,NaN,NaN,NaN,NaN,NaN,
72.512,-0.01283,0.00939,0.13027,0.81085,-0.16074,-0.19049,-0.52952,NaN,NaN,NaN,NaN,NaN,NaN,NaN,NaN,NaN,NaN,NaN,NaN,NaN,NaN,NaN,NaN,NaN,NaN,NaN,NaN,NaN,
72.538,-0.01272,0.00941,0.13023,0.81061,-0.16100,-0.18928,-0.53025,NaN,NaN,NaN,NaN,NaN,NaN,NaN,NaN,NaN,NaN,NaN,NaN,NaN,NaN,NaN,NaN,NaN,NaN,NaN,NaN,NaN,
72.562,-0.01272,0.00941,0.13023,0.81061,-0.16100,-0.18928,-0.53025,NaN,NaN,NaN,NaN,NaN,NaN,NaN,NaN,NaN,NaN,NaN,NaN,NaN,NaN,NaN,NaN,NaN,NaN,NaN,NaN,NaN,
72.588,-0.01271,0.00941,0.13015,0.80992,-0.15978,-0.18792,-0.53215,NaN,NaN,NaN,NaN,NaN,NaN,NaN,NaN,NaN,NaN,NaN,NaN,NaN,NaN,NaN,NaN,NaN,NaN,NaN,NaN,NaN,
72.612,-0.01276,0.00942,0.13010,0.80973,-0.15930,-0.18769,-0.53267,NaN,NaN,NaN,NaN,NaN,NaN,NaN,NaN,NaN,NaN,NaN,NaN,NaN,NaN,NaN,NaN,NaN,NaN,NaN,NaN,NaN,
72.638,-0.01273,0.00942,0.13009,0.80950,-0.15909,-0.18705,-0.53330,NaN,NaN,NaN,NaN,NaN,NaN,NaN,NaN,NaN,NaN,NaN,NaN,NaN,NaN,NaN,NaN,NaN,NaN,NaN,NaN,NaN,
72.662,-0.01265,0.00942,0.13008,0.80929,-0.15906,-0.18629,-0.53389,NaN,NaN,NaN,NaN,NaN,NaN,NaN,NaN,NaN,NaN,NaN,NaN,NaN,NaN,NaN,NaN,NaN,NaN,NaN,NaN,NaN,
72.688,-0.01273,0.00945,0.13004,0.80929,-0.15891,-0.18642,-0.53390,NaN,NaN,NaN,NaN,NaN,NaN,NaN,NaN,NaN,NaN,NaN,NaN,NaN,NaN,NaN,NaN,NaN,NaN,NaN,NaN,NaN,
72.712,-0.01273,0.00945,0.13004,0.80929,-0.15891,-0.18642,-0.53390,NaN,NaN,NaN,NaN,NaN,NaN,NaN,NaN,NaN,NaN,NaN,NaN,NaN,NaN,NaN,NaN,NaN,NaN,NaN,NaN,NaN,
72.737,-0.01265,0.00942,0.13005,0.80926,-0.15903,-0.18618,-0.53399,NaN,NaN,NaN,NaN,NaN,NaN,NaN,NaN,NaN,NaN,NaN,NaN,NaN,NaN,NaN,NaN,NaN,NaN,NaN,NaN,NaN,
72.762,-0.01262,0.00940,0.13005,0.80891,-0.15860,-0.18533,-0.53494,NaN,NaN,NaN,NaN,NaN,NaN,NaN,NaN,NaN,NaN,NaN,NaN,NaN,NaN,NaN,NaN,NaN,NaN,NaN,NaN,NaN,
72.787,-0.01262,0.00940,0.13005,0.80891,-0.15860,-0.18533,-0.53494,NaN,NaN,NaN,NaN,NaN,NaN,NaN,NaN,NaN,NaN,NaN,NaN,NaN,NaN,NaN,NaN,NaN,NaN,NaN,NaN,NaN,
72.812,-0.01269,0.00943,0.13001,0.80875,-0.15819,-0.18518,-0.53535,NaN,NaN,NaN,NaN,NaN,NaN,NaN,NaN,NaN,NaN,NaN,NaN,NaN,NaN,NaN,NaN,NaN,NaN,NaN,NaN,NaN,
72.837,-0.01268,0.00944,0.12999,0.80869,-0.15816,-0.18496,-0.53553,NaN,NaN,NaN,NaN,NaN,NaN,NaN,NaN,NaN,NaN,NaN,NaN,NaN,NaN,NaN,NaN,NaN,NaN,NaN,NaN,NaN,
72.862,-0.01267,0.00944,0.12999,0.80868,-0.15815,-0.18495,-0.53555,NaN,NaN,NaN,NaN,NaN,NaN,NaN,NaN,NaN,NaN,NaN,NaN,NaN,NaN,NaN,NaN,NaN,NaN,NaN,NaN,NaN,
72.888,-0.01270,0.00946,0.12997,0.80855,-0.15794,-0.18468,-0.53590,NaN,NaN,NaN,NaN,NaN,NaN,NaN,NaN,NaN,NaN,NaN,NaN,NaN,NaN,NaN,NaN,NaN,NaN,NaN,NaN,NaN,
72.912,-0.01267,0.00938,0.13000,0.80810,-0.15687,-0.18412,-0.53709,NaN,NaN,NaN,NaN,NaN,NaN,NaN,NaN,NaN,NaN,NaN,NaN,NaN,NaN,NaN,NaN,NaN,NaN,NaN,NaN,NaN,
72.938,-0.01277,0.00936,0.13000,0.80768,-0.15536,-0.18414,-0.53816,NaN,NaN,NaN,NaN,NaN,NaN,NaN,NaN,NaN,NaN,NaN,NaN,NaN,NaN,NaN,NaN,NaN,NaN,NaN,NaN,NaN,
72.962,-0.01277,0.00936,0.13000,0.80768,-0.15536,-0.18414,-0.53816,NaN,NaN,NaN,NaN,NaN,NaN,NaN,NaN,NaN,NaN,NaN,NaN,NaN,NaN,NaN,NaN,NaN,NaN,NaN,NaN,NaN,
72.987,-0.01272,0.00935,0.13000,0.80748,-0.15496,-0.18384,-0.53867,NaN,NaN,NaN,NaN,NaN,NaN,NaN,NaN,NaN,NaN,NaN,NaN,NaN,NaN,NaN,NaN,NaN,NaN,NaN,NaN,NaN,
73.013,-0.01269,0.00934,0.13002,0.80727,-0.15439,-0.18367,-0.53920,NaN,NaN,NaN,NaN,NaN,NaN,NaN,NaN,NaN,NaN,NaN,NaN,NaN,NaN,NaN,NaN,NaN,NaN,NaN,NaN,NaN,
73.038,-0.01274,0.00936,0.13000,0.80719,-0.15410,-0.18366,-0.53942,NaN,NaN,NaN,NaN,NaN,NaN,NaN,NaN,NaN,NaN,NaN,NaN,NaN,NaN,NaN,NaN,NaN,NaN,NaN,NaN,NaN,
73.063,-0.01272,0.00936,0.12998,0.80714,-0.15402,-0.18357,-0.53955,NaN,NaN,NaN,NaN,NaN,NaN,NaN,NaN,NaN,NaN,NaN,NaN,NaN,NaN,NaN,NaN,NaN,NaN,NaN,NaN,NaN,
73.087,-0.01272,0.00936,0.12998,0.80714,-0.15402,-0.18357,-0.53955,NaN,NaN,NaN,NaN,NaN,NaN,NaN,NaN,NaN,NaN,NaN,NaN,NaN,NaN,NaN,NaN,NaN,NaN,NaN,NaN,NaN,
73.112,-0.01273,0.00935,0.12998,0.80702,-0.15369,-0.18348,-0.53984,NaN,NaN,NaN,NaN,NaN,NaN,NaN,NaN,NaN,NaN,NaN,NaN,NaN,NaN,NaN,NaN,NaN,NaN,NaN,NaN,NaN,
73.138,-0.01274,0.00936,0.12998,0.80724,-0.15420,-0.18376,-0.53927,NaN,NaN,NaN,NaN,NaN,NaN,NaN,NaN,NaN,NaN,NaN,NaN,NaN,NaN,NaN,NaN,NaN,NaN,NaN,NaN,NaN,
73.162,-0.01274,0.00936,0.12998,0.80724,-0.15420,-0.18376,-0.53927,NaN,NaN,NaN,NaN,NaN,NaN,NaN,NaN,NaN,NaN,NaN,NaN,NaN,NaN,NaN,NaN,NaN,NaN,NaN,NaN,NaN,
73.187,-0.01274,0.00925,0.12999,0.80654,-0.15183,-0.18368,-0.54103,NaN,NaN,NaN,NaN,NaN,NaN,NaN,NaN,NaN,NaN,NaN,NaN,NaN,NaN,NaN,NaN,NaN,NaN,NaN,NaN,NaN,
73.212,-0.01129,0.00849,0.13036,0.80015,-0.15390,-0.15896,-0.55750,NaN,NaN,NaN,NaN,NaN,NaN,NaN,NaN,NaN,NaN,NaN,NaN,NaN,NaN,NaN,NaN,NaN,NaN,NaN,NaN,NaN,
73.238,-0.00976,0.00811,0.13053,0.79733,-0.15964,-0.14405,-0.56395,NaN,NaN,NaN,NaN,NaN,NaN,NaN,NaN,NaN,NaN,NaN,NaN,NaN,NaN,NaN,NaN,NaN,NaN,NaN,NaN,NaN,
73.262,-0.00976,0.00773,0.13058,0.79513,-0.15752,-0.13907,-0.56887,NaN,NaN,NaN,NaN,NaN,NaN,NaN,NaN,NaN,NaN,NaN,NaN,NaN,NaN,NaN,NaN,NaN,NaN,NaN,NaN,NaN,
73.288,-0.00980,0.00759,0.13052,0.79350,-0.15607,-0.13535,-0.57244,NaN,NaN,NaN,NaN,NaN,NaN,NaN,NaN,NaN,NaN,NaN,NaN,NaN,NaN,NaN,NaN,NaN,NaN,NaN,NaN,NaN,
73.312,-0.00980,0.00759,0.13052,0.79350,-0.15607,-0.13535,-0.57244,NaN,NaN,NaN,NaN,NaN,NaN,NaN,NaN,NaN,NaN,NaN,NaN,NaN,NaN,NaN,NaN,NaN,NaN,NaN,NaN,NaN,
73.337,-0.00932,0.00719,0.13073,0.79098,-0.15527,-0.12838,-0.57772,NaN,NaN,NaN,NaN,NaN,NaN,NaN,NaN,NaN,NaN,NaN,NaN,NaN,NaN,NaN,NaN,NaN,NaN,NaN,NaN,NaN,
73.363,-0.00902,0.00677,0.13069,0.78891,-0.15254,-0.12470,-0.58207,NaN,NaN,NaN,NaN,NaN,NaN,NaN,NaN,NaN,NaN,NaN,NaN,NaN,NaN,NaN,NaN,NaN,NaN,NaN,NaN,NaN,
73.387,-0.00952,0.00667,0.13053,0.78750,-0.14818,-0.12461,-0.58511,NaN,NaN,NaN,NaN,NaN,NaN,NaN,NaN,NaN,NaN,NaN,NaN,NaN,NaN,NaN,NaN,NaN,NaN,NaN,NaN,NaN,
73.412,-0.00952,0.00667,0.13053,0.78750,-0.14818,-0.12461,-0.58511,NaN,NaN,NaN,NaN,NaN,NaN,NaN,NaN,NaN,NaN,NaN,NaN,NaN,NaN,NaN,NaN,NaN,NaN,NaN,NaN,NaN,
73.437,-0.00923,0.00640,0.13045,0.78605,-0.14653,-0.12189,-0.58804,NaN,NaN,NaN,NaN,NaN,NaN,NaN,NaN,NaN,NaN,NaN,NaN,NaN,NaN,NaN,NaN,NaN,NaN,NaN,NaN,NaN,
73.462,-0.00877,0.00626,0.13039,0.78554,-0.14688,-0.12005,-0.58902,NaN,NaN,NaN,NaN,NaN,NaN,NaN,NaN,NaN,NaN,NaN,NaN,NaN,NaN,NaN,NaN,NaN,NaN,NaN,NaN,NaN,
73.488,-0.00893,0.00616,0.13032,0.78429,-0.14418,-0.11896,-0.59157,NaN,NaN,NaN,NaN,NaN,NaN,NaN,NaN,NaN,NaN,NaN,NaN,NaN,NaN,NaN,NaN,NaN,NaN,NaN,NaN,NaN,
73.512,-0.00883,0.00603,0.13030,0.78407,-0.14301,-0.11943,-0.59204,NaN,NaN,NaN,NaN,NaN,NaN,NaN,NaN,NaN,NaN,NaN,NaN,NaN,NaN,NaN,NaN,NaN,NaN,NaN,NaN,NaN,
73.538,-0.00925,0.00605,0.13017,0.78421,-0.13990,-0.12279,-0.59191,NaN,NaN,NaN,NaN,NaN,NaN,NaN,NaN,NaN,NaN,NaN,NaN,NaN,NaN,NaN,NaN,NaN,NaN,NaN,NaN,NaN,
73.562,-0.00919,0.00597,0.13018,0.78416,-0.13842,-0.12407,-0.59207,NaN,NaN,NaN,NaN,NaN,NaN,NaN,NaN,NaN,NaN,NaN,NaN,NaN,NaN,NaN,NaN,NaN,NaN,NaN,NaN,NaN,
73.588,-0.00959,0.00590,0.13007,0.78363,-0.13461,-0.12621,-0.59319,NaN,NaN,NaN,NaN,NaN,NaN,NaN,NaN,NaN,NaN,NaN,NaN,NaN,NaN,NaN,NaN,NaN,NaN,NaN,NaN,NaN,
73.612,-0.00907,0.00590,0.13005,0.78423,-0.13667,-0.12598,-0.59197,NaN,NaN,NaN,NaN,NaN,NaN,NaN,NaN,NaN,NaN,NaN,NaN,NaN,NaN,NaN,NaN,NaN,NaN,NaN,NaN,NaN,
73.637,-0.00907,0.00590,0.13005,0.78423,-0.13667,-0.12598,-0.59197,NaN,NaN,NaN,NaN,NaN,NaN,NaN,NaN,NaN,NaN,NaN,NaN,NaN,NaN,NaN,NaN,NaN,NaN,NaN,NaN,NaN,
73.663,-0.00939,0.00590,0.12994,0.78389,-0.13336,-0.12818,-0.59271,NaN,NaN,NaN,NaN,NaN,NaN,NaN,NaN,NaN,NaN,NaN,NaN,NaN,NaN,NaN,NaN,NaN,NaN,NaN,NaN,NaN,
73.687,-0.00939,0.00590,0.12994,0.78389,-0.13336,-0.12818,-0.59271,NaN,NaN,NaN,NaN,NaN,NaN,NaN,NaN,NaN,NaN,NaN,NaN,NaN,NaN,NaN,NaN,NaN,NaN,NaN,NaN,NaN,
73.713,-0.00966,0.00590,0.12982,0.78368,-0.13031,-0.13060,-0.59313,NaN,NaN,NaN,NaN,NaN,NaN,NaN,NaN,NaN,NaN,NaN,NaN,NaN,NaN,NaN,NaN,NaN,NaN,NaN,NaN,NaN,
73.737,-0.00966,0.00590,0.12982,0.78368,-0.13031,-0.13060,-0.59313,NaN,NaN,NaN,NaN,NaN,NaN,NaN,NaN,NaN,NaN,NaN,NaN,NaN,NaN,NaN,NaN,NaN,NaN,NaN,NaN,NaN,
73.762,-0.00965,0.00573,0.12988,0.78298,-0.12859,-0.13021,-0.59452,NaN,NaN,NaN,NaN,NaN,NaN,NaN,NaN,NaN,NaN,NaN,NaN,NaN,NaN,NaN,NaN,NaN,NaN,NaN,NaN,NaN,
73.788,-0.00977,0.00572,0.12985,0.78299,-0.12624,-0.13260,-0.59448,NaN,NaN,NaN,NaN,NaN,NaN,NaN,NaN,NaN,NaN,NaN,NaN,NaN,NaN,NaN,NaN,NaN,NaN,NaN,NaN,NaN,
73.812,-0.00977,0.00572,0.12985,0.78299,-0.12624,-0.13260,-0.59448,NaN,NaN,NaN,NaN,NaN,NaN,NaN,NaN,NaN,NaN,NaN,NaN,NaN,NaN,NaN,NaN,NaN,NaN,NaN,NaN,NaN,
73.837,-0.01016,0.00570,0.12975,0.78250,-0.12326,-0.13415,-0.59541,NaN,NaN,NaN,NaN,NaN,NaN,NaN,NaN,NaN,NaN,NaN,NaN,NaN,NaN,NaN,NaN,NaN,NaN,NaN,NaN,NaN,
73.863,-0.01000,0.00562,0.12975,0.78213,-0.12194,-0.13441,-0.59610,NaN,NaN,NaN,NaN,NaN,NaN,NaN,NaN,NaN,NaN,NaN,NaN,NaN,NaN,NaN,NaN,NaN,NaN,NaN,NaN,NaN,
73.888,-0.01001,0.00562,0.12969,0.78197,-0.12063,-0.13526,-0.59639,NaN,NaN,NaN,NaN,NaN,NaN,NaN,NaN,NaN,NaN,NaN,NaN,NaN,NaN,NaN,NaN,NaN,NaN,NaN,NaN,NaN,
73.912,-0.01001,0.00562,0.12969,0.78197,-0.12063,-0.13526,-0.59639,NaN,NaN,NaN,NaN,NaN,NaN,NaN,NaN,NaN,NaN,NaN,NaN,NaN,NaN,NaN,NaN,NaN,NaN,NaN,NaN,NaN,
73.938,-0.01026,0.00555,0.12959,0.78142,-0.11750,-0.13685,-0.59737,NaN,NaN,NaN,NaN,NaN,NaN,NaN,NaN,NaN,NaN,NaN,NaN,NaN,NaN,NaN,NaN,NaN,NaN,NaN,NaN,NaN,
73.963,-0.01009,0.00554,0.12961,0.78166,-0.11738,-0.13767,-0.59689,NaN,NaN,NaN,NaN,NaN,NaN,NaN,NaN,NaN,NaN,NaN,NaN,NaN,NaN,NaN,NaN,NaN,NaN,NaN,NaN,NaN,
73.988,-0.01040,0.00545,0.12963,0.78096,-0.11462,-0.13846,-0.59816,NaN,NaN,NaN,NaN,NaN,NaN,NaN,NaN,NaN,NaN,NaN,NaN,NaN,NaN,NaN,NaN,NaN,NaN,NaN,NaN,NaN,
74.013,-0.01022,0.00538,0.12966,0.78098,-0.11410,-0.13906,-0.59809,NaN,NaN,NaN,NaN,NaN,NaN,NaN,NaN,NaN,NaN,NaN,NaN,NaN,NaN,NaN,NaN,NaN,NaN,NaN,NaN,NaN,
74.038,-0.01047,0.00530,0.12960,0.78008,-0.11094,-0.13968,-0.59971,NaN,NaN,NaN,NaN,NaN,NaN,NaN,NaN,NaN,NaN,NaN,NaN,NaN,NaN,NaN,NaN,NaN,NaN,NaN,NaN,NaN,
74.063,-0.01046,0.00527,0.12951,0.77999,-0.11006,-0.14035,-0.59983,NaN,NaN,NaN,NaN,NaN,NaN,NaN,NaN,NaN,NaN,NaN,NaN,NaN,NaN,NaN,NaN,NaN,NaN,NaN,NaN,NaN,
74.088,-0.01029,0.00531,0.12951,0.78045,-0.11037,-0.14138,-0.59894,NaN,NaN,NaN,NaN,NaN,NaN,NaN,NaN,NaN,NaN,NaN,NaN,NaN,NaN,NaN,NaN,NaN,NaN,NaN,NaN,NaN,
74.112,-0.01029,0.00531,0.12951,0.78045,-0.11037,-0.14138,-0.59894,NaN,NaN,NaN,NaN,NaN,NaN,NaN,NaN,NaN,NaN,NaN,NaN,NaN,NaN,NaN,NaN,NaN,NaN,NaN,NaN,NaN,
74.138,-0.01058,0.00526,0.12948,0.78014,-0.10606,-0.14506,-0.59924,NaN,NaN,NaN,NaN,NaN,NaN,NaN,NaN,NaN,NaN,NaN,NaN,NaN,NaN,NaN,NaN,NaN,NaN,NaN,NaN,NaN,
74.162,-0.01084,0.00525,0.12942,0.78017,-0.10308,-0.14838,-0.59891,NaN,NaN,NaN,NaN,NaN,NaN,NaN,NaN,NaN,NaN,NaN,NaN,NaN,NaN,NaN,NaN,NaN,NaN,NaN,NaN,NaN,
74.188,-0.01103,0.00523,0.12940,0.77965,-0.10084,-0.14924,-0.59975,NaN,NaN,NaN,NaN,NaN,NaN,NaN,NaN,NaN,NaN,NaN,NaN,NaN,NaN,NaN,NaN,NaN,NaN,NaN,NaN,NaN,
74.212,-0.01087,0.00517,0.12941,0.77963,-0.10030,-0.14977,-0.59973,NaN,NaN,NaN,NaN,NaN,NaN,NaN,NaN,NaN,NaN,NaN,NaN,NaN,NaN,NaN,NaN,NaN,NaN,NaN,NaN,NaN,
74.238,-0.01102,0.00515,0.12939,0.77939,-0.09836,-0.15115,-0.60003,NaN,NaN,NaN,NaN,NaN,NaN,NaN,NaN,NaN,NaN,NaN,NaN,NaN,NaN,NaN,NaN,NaN,NaN,NaN,NaN,NaN,
74.262,-0.01117,0.00510,0.12936,0.77873,-0.09614,-0.15161,-0.60113,NaN,NaN,NaN,NaN,NaN,NaN,NaN,NaN,NaN,NaN,NaN,NaN,NaN,NaN,NaN,NaN,NaN,NaN,NaN,NaN,NaN,
74.287,-0.01117,0.00510,0.12936,0.77873,-0.09614,-0.15161,-0.60113,NaN,NaN,NaN,NaN,NaN,NaN,NaN,NaN,NaN,NaN,NaN,NaN,NaN,NaN,NaN,NaN,NaN,NaN,NaN,NaN,NaN,
74.312,-0.01141,0.00506,0.12929,0.77799,-0.09363,-0.15215,-0.60234,NaN,NaN,NaN,NaN,NaN,NaN,NaN,NaN,NaN,NaN,NaN,NaN,NaN,NaN,NaN,NaN,NaN,NaN,NaN,NaN,NaN,
74.338,-0.01156,0.00486,0.12932,0.77555,-0.08934,-0.14955,-0.60677,NaN,NaN,NaN,NaN,NaN,NaN,NaN,NaN,NaN,NaN,NaN,NaN,NaN,NaN,NaN,NaN,NaN,NaN,NaN,NaN,NaN,
74.362,-0.01156,0.00486,0.12932,0.77555,-0.08934,-0.14955,-0.60677,NaN,NaN,NaN,NaN,NaN,NaN,NaN,NaN,NaN,NaN,NaN,NaN,NaN,NaN,NaN,NaN,NaN,NaN,NaN,NaN,NaN,
74.388,-0.01116,0.00474,0.12931,0.77539,-0.08940,-0.14899,-0.60711,NaN,NaN,NaN,NaN,NaN,NaN,NaN,NaN,NaN,NaN,NaN,NaN,NaN,NaN,NaN,NaN,NaN,NaN,NaN,NaN,NaN,
74.412,-0.01116,0.00474,0.12931,0.77539,-0.08940,-0.14899,-0.60711,NaN,NaN,NaN,NaN,NaN,NaN,NaN,NaN,NaN,NaN,NaN,NaN,NaN,NaN,NaN,NaN,NaN,NaN,NaN,NaN,NaN,
74.438,-0.01098,0.00452,0.12937,0.77420,-0.08783,-0.14718,-0.60929,NaN,NaN,NaN,NaN,NaN,NaN,NaN,NaN,NaN,NaN,NaN,NaN,NaN,NaN,NaN,NaN,NaN,NaN,NaN,NaN,NaN,
74.462,-0.01098,0.00452,0.12937,0.77420,-0.08783,-0.14718,-0.60929,NaN,NaN,NaN,NaN,NaN,NaN,NaN,NaN,NaN,NaN,NaN,NaN,NaN,NaN,NaN,NaN,NaN,NaN,NaN,NaN,NaN,
74.488,-0.01111,0.00427,0.12945,0.77230,-0.08335,-0.14657,-0.61247,NaN,NaN,NaN,NaN,NaN,NaN,NaN,NaN,NaN,NaN,NaN,NaN,NaN,NaN,NaN,NaN,NaN,NaN,NaN,NaN,NaN,
74.512,-0.01116,0.00416,0.12946,0.77136,-0.08136,-0.14601,-0.61406,NaN,NaN,NaN,NaN,NaN,NaN,NaN,NaN,NaN,NaN,NaN,NaN,NaN,NaN,NaN,NaN,NaN,NaN,NaN,NaN,NaN,
74.537,-0.01113,0.00404,0.12953,0.77055,-0.08021,-0.14493,-0.61548,NaN,NaN,NaN,NaN,NaN,NaN,NaN,NaN,NaN,NaN,NaN,NaN,NaN,NaN,NaN,NaN,NaN,NaN,NaN,NaN,NaN,
74.562,-0.01113,0.00404,0.12953,0.77055,-0.08021,-0.14493,-0.61548,NaN,NaN,NaN,NaN,NaN,NaN,NaN,NaN,NaN,NaN,NaN,NaN,NaN,NaN,NaN,NaN,NaN,NaN,NaN,NaN,NaN,
74.588,-0.01103,0.00384,0.12955,0.76908,-0.07775,-0.14339,-0.61799,NaN,NaN,NaN,NaN,NaN,NaN,NaN,NaN,NaN,NaN,NaN,NaN,NaN,NaN,NaN,NaN,NaN,NaN,NaN,NaN,NaN,
74.613,-0.01091,0.00380,0.12951,0.76822,-0.07726,-0.14146,-0.61956,NaN,NaN,NaN,NaN,NaN,NaN,NaN,NaN,NaN,NaN,NaN,NaN,NaN,NaN,NaN,NaN,NaN,NaN,NaN,NaN,NaN,
74.638,-0.01101,0.00365,0.12954,0.76707,-0.07534,-0.14027,-0.62150,NaN,NaN,NaN,NaN,NaN,NaN,NaN,NaN,NaN,NaN,NaN,NaN,NaN,NaN,NaN,NaN,NaN,NaN,NaN,NaN,NaN,
74.662,-0.01101,0.00365,0.12954,0.76707,-0.07534,-0.14027,-0.62150,NaN,NaN,NaN,NaN,NaN,NaN,NaN,NaN,NaN,NaN,NaN,NaN,NaN,NaN,NaN,NaN,NaN,NaN,NaN,NaN,NaN,
74.688,-0.01095,0.00342,0.12956,0.76488,-0.07203,-0.13774,-0.62514,NaN,NaN,NaN,NaN,NaN,NaN,NaN,NaN,NaN,NaN,NaN,NaN,NaN,NaN,NaN,NaN,NaN,NaN,NaN,NaN,NaN,
74.713,-0.01096,0.00336,0.12953,0.76406,-0.07040,-0.13723,-0.62644,NaN,NaN,NaN,NaN,NaN,NaN,NaN,NaN,NaN,NaN,NaN,NaN,NaN,NaN,NaN,NaN,NaN,NaN,NaN,NaN,NaN,
74.738,-0.01081,0.00321,0.12954,0.76313,-0.06940,-0.13571,-0.62802,NaN,NaN,NaN,NaN,NaN,NaN,NaN,NaN,NaN,NaN,NaN,NaN,NaN,NaN,NaN,NaN,NaN,NaN,NaN,NaN,NaN,
74.763,-0.01082,0.00312,0.12950,0.76198,-0.06776,-0.13433,-0.62988,NaN,NaN,NaN,NaN,NaN,NaN,NaN,NaN,NaN,NaN,NaN,NaN,NaN,NaN,NaN,NaN,NaN,NaN,NaN,NaN,NaN,
74.788,-0.01079,0.00309,0.12944,0.76173,-0.06751,-0.13392,-0.63030,NaN,NaN,NaN,NaN,NaN,NaN,NaN,NaN,NaN,NaN,NaN,NaN,NaN,NaN,NaN,NaN,NaN,NaN,NaN,NaN,NaN,
74.812,-0.01079,0.00309,0.12944,0.76173,-0.06751,-0.13392,-0.63030,NaN,NaN,NaN,NaN,NaN,NaN,NaN,NaN,NaN,NaN,NaN,NaN,NaN,NaN,NaN,NaN,NaN,NaN,NaN,NaN,NaN,
74.838,-0.01083,0.00301,0.12938,0.76055,-0.06678,-0.13143,-0.63232,NaN,NaN,NaN,NaN,NaN,NaN,NaN,NaN,NaN,NaN,NaN,NaN,NaN,NaN,NaN,NaN,NaN,NaN,NaN,NaN,NaN,
74.862,-0.01053,0.00300,0.12936,0.76052,-0.06855,-0.12939,-0.63259,NaN,NaN,NaN,NaN,NaN,NaN,NaN,NaN,NaN,NaN,NaN,NaN,NaN,NaN,NaN,NaN,NaN,NaN,NaN,NaN,NaN,
74.887,-0.01053,0.00300,0.12936,0.76052,-0.06855,-0.12939,-0.63259,NaN,NaN,NaN,NaN,NaN,NaN,NaN,NaN,NaN,NaN,NaN,NaN,NaN,NaN,NaN,NaN,NaN,NaN,NaN,NaN,NaN,
74.912,-0.01051,0.00294,0.12930,0.76028,-0.06801,-0.12933,-0.63295,NaN,NaN,NaN,NaN,NaN,NaN,NaN,NaN,NaN,NaN,NaN,NaN,NaN,NaN,NaN,NaN,NaN,NaN,NaN,NaN,NaN,
74.938,-0.01054,0.00296,0.12915,0.75994,-0.06708,-0.12943,-0.63343,NaN,NaN,NaN,NaN,NaN,NaN,NaN,NaN,NaN,NaN,NaN,NaN,NaN,NaN,NaN,NaN,NaN,NaN,NaN,NaN,NaN,
74.963,-0.01055,0.00295,0.12910,0.75994,-0.06675,-0.12978,-0.63340,NaN,NaN,NaN,NaN,NaN,NaN,NaN,NaN,NaN,NaN,NaN,NaN,NaN,NaN,NaN,NaN,NaN,NaN,NaN,NaN,NaN,
74.987,-0.01055,0.00295,0.12910,0.75994,-0.06675,-0.12978,-0.63340,NaN,NaN,NaN,NaN,NaN,NaN,NaN,NaN,NaN,NaN,NaN,NaN,NaN,NaN,NaN,NaN,NaN,NaN,NaN,NaN,NaN,
75.012,-0.01054,0.00294,0.12909,0.75972,-0.06639,-0.12958,-0.63374,NaN,NaN,NaN,NaN,NaN,NaN,NaN,NaN,NaN,NaN,NaN,NaN,NaN,NaN,NaN,NaN,NaN,NaN,NaN,NaN,NaN,
75.037,-0.01058,0.00294,0.12909,0.75962,-0.06608,-0.12963,-0.63389,NaN,NaN,NaN,NaN,NaN,NaN,NaN,NaN,NaN,NaN,NaN,NaN,NaN,NaN,NaN,NaN,NaN,NaN,NaN,NaN,NaN,
75.062,-0.01055,0.00291,0.12906,0.75960,-0.06580,-0.12990,-0.63388,NaN,NaN,NaN,NaN,NaN,NaN,NaN,NaN,NaN,NaN,NaN,NaN,NaN,NaN,NaN,NaN,NaN,NaN,NaN,NaN,NaN,
75.088,-0.01052,0.00284,0.12905,0.75942,-0.06514,-0.13015,-0.63411,NaN,NaN,NaN,NaN,NaN,NaN,NaN,NaN,NaN,NaN,NaN,NaN,NaN,NaN,NaN,NaN,NaN,NaN,NaN,NaN,NaN,
75.112,-0.01052,0.00284,0.12905,0.75942,-0.06514,-0.13015,-0.63411,NaN,NaN,NaN,NaN,NaN,NaN,NaN,NaN,NaN,NaN,NaN,NaN,NaN,NaN,NaN,NaN,NaN,NaN,NaN,NaN,NaN,
75.137,-0.01052,0.00278,0.12904,0.75926,-0.06436,-0.13056,-0.63430,NaN,NaN,NaN,NaN,NaN,NaN,NaN,NaN,NaN,NaN,NaN,NaN,NaN,NaN,NaN,NaN,NaN,NaN,NaN,NaN,NaN,
75.163,-0.01056,0.00269,0.12900,0.75885,-0.06232,-0.13173,-0.63475,NaN,NaN,NaN,NaN,NaN,NaN,NaN,NaN,NaN,NaN,NaN,NaN,NaN,NaN,NaN,NaN,NaN,NaN,NaN,NaN,NaN,
75.188,-0.01063,0.00265,0.12895,0.75861,-0.06106,-0.13247,-0.63501,NaN,NaN,NaN,NaN,NaN,NaN,NaN,NaN,NaN,NaN,NaN,NaN,NaN,NaN,NaN,NaN,NaN,NaN,NaN,NaN,NaN,
75.212,-0.01064,0.00257,0.12894,0.75847,-0.06022,-0.13304,-0.63513,NaN,NaN,NaN,NaN,NaN,NaN,NaN,NaN,NaN,NaN,NaN,NaN,NaN,NaN,NaN,NaN,NaN,NaN,NaN,NaN,NaN,
75.237,-0.01064,0.00257,0.12894,0.75847,-0.06022,-0.13304,-0.63513,NaN,NaN,NaN,NaN,NaN,NaN,NaN,NaN,NaN,NaN,NaN,NaN,NaN,NaN,NaN,NaN,NaN,NaN,NaN,NaN,NaN,
75.263,-0.01067,0.00240,0.12893,0.75783,-0.05790,-0.13390,-0.63593,NaN,NaN,NaN,NaN,NaN,NaN,NaN,NaN,NaN,NaN,NaN,NaN,NaN,NaN,NaN,NaN,NaN,NaN,NaN,NaN,NaN,
75.288,-0.01064,0.00223,0.12896,0.75730,-0.05616,-0.13439,-0.63662,NaN,NaN,NaN,NaN,NaN,NaN,NaN,NaN,NaN,NaN,NaN,NaN,NaN,NaN,NaN,NaN,NaN,NaN,NaN,NaN,NaN,
75.312,-0.01064,0.00223,0.12896,0.75730,-0.05616,-0.13439,-0.63662,NaN,NaN,NaN,NaN,NaN,NaN,NaN,NaN,NaN,NaN,NaN,NaN,NaN,NaN,NaN,NaN,NaN,NaN,NaN,NaN,NaN,
75.338,-0.01060,0.00200,0.12893,0.75639,-0.05306,-0.13544,-0.63774,NaN,NaN,NaN,NaN,NaN,NaN,NaN,NaN,NaN,NaN,NaN,NaN,NaN,NaN,NaN,NaN,NaN,NaN,NaN,NaN,NaN,
75.362,-0.01060,0.00200,0.12893,0.75639,-0.05306,-0.13544,-0.63774,NaN,NaN,NaN,NaN,NaN,NaN,NaN,NaN,NaN,NaN,NaN,NaN,NaN,NaN,NaN,NaN,NaN,NaN,NaN,NaN,NaN,
75.388,-0.01059,0.00187,0.12886,0.75563,-0.05045,-0.13634,-0.63866,NaN,NaN,NaN,NaN,NaN,NaN,NaN,NaN,NaN,NaN,NaN,NaN,NaN,NaN,NaN,NaN,NaN,NaN,NaN,NaN,NaN,
75.412,-0.01060,0.00179,0.12882,0.75529,-0.04933,-0.13668,-0.63908,NaN,NaN,NaN,NaN,NaN,NaN,NaN,NaN,NaN,NaN,NaN,NaN,NaN,NaN,NaN,NaN,NaN,NaN,NaN,NaN,NaN,
75.438,-0.01059,0.00169,0.12885,0.75490,-0.04846,-0.13661,-0.63962,NaN,NaN,NaN,NaN,NaN,NaN,NaN,NaN,NaN,NaN,NaN,NaN,NaN,NaN,NaN,NaN,NaN,NaN,NaN,NaN,NaN,
75.462,-0.01059,0.00162,0.12881,0.75455,-0.04729,-0.13701,-0.64003,NaN,NaN,NaN,NaN,NaN,NaN,NaN,NaN,NaN,NaN,NaN,NaN,NaN,NaN,NaN,NaN,NaN,NaN,NaN,NaN,NaN,
75.488,-0.01055,0.00151,0.12883,0.75420,-0.04626,-0.13722,-0.64048,NaN,NaN,NaN,NaN,NaN,NaN,NaN,NaN,NaN,NaN,NaN,NaN,NaN,NaN,NaN,NaN,NaN,NaN,NaN,NaN,NaN,
75.512,-0.01055,0.00151,0.12883,0.75420,-0.04626,-0.13722,-0.64048,NaN,NaN,NaN,NaN,NaN,NaN,NaN,NaN,NaN,NaN,NaN,NaN,NaN,NaN,NaN,NaN,NaN,NaN,NaN,NaN,NaN,
75.537,-0.01053,0.00141,0.12882,0.75382,-0.04498,-0.13767,-0.64093,NaN,NaN,NaN,NaN,NaN,NaN,NaN,NaN,NaN,NaN,NaN,NaN,NaN,NaN,NaN,NaN,NaN,NaN,NaN,NaN,NaN,
75.562,-0.01047,0.00127,0.12880,0.75322,-0.04290,-0.13846,-0.64160,NaN,NaN,NaN,NaN,NaN,NaN,NaN,NaN,NaN,NaN,NaN,NaN,NaN,NaN,NaN,NaN,NaN,NaN,NaN,NaN,NaN,
75.588,-0.01047,0.00118,0.12880,0.75277,-0.04160,-0.13874,-0.64215,NaN,NaN,NaN,NaN,NaN,NaN,NaN,NaN,NaN,NaN,NaN,NaN,NaN,NaN,NaN,NaN,NaN,NaN,NaN,NaN,NaN,
75.612,-0.01047,0.00118,0.12880,0.75277,-0.04160,-0.13874,-0.64215,NaN,NaN,NaN,NaN,NaN,NaN,NaN,NaN,NaN,NaN,NaN,NaN,NaN,NaN,NaN,NaN,NaN,NaN,NaN,NaN,NaN,
75.638,-0.01042,0.00096,0.12877,0.75181,-0.03869,-0.13951,-0.64329,NaN,NaN,NaN,NaN,NaN,NaN,NaN,NaN,NaN,NaN,NaN,NaN,NaN,NaN,NaN,NaN,NaN,NaN,NaN,NaN,NaN,
75.662,-0.01040,0.00086,0.12877,0.75141,-0.03746,-0.13988,-0.64374,NaN,NaN,NaN,NaN,NaN,NaN,NaN,NaN,NaN,NaN,NaN,NaN,NaN,NaN,NaN,NaN,NaN,NaN,NaN,NaN,NaN,
75.688,-0.01036,0.00078,0.12880,0.75106,-0.03652,-0.14002,-0.64418,NaN,NaN,NaN,NaN,NaN,NaN,NaN,NaN,NaN,NaN,NaN,NaN,NaN,NaN,NaN,NaN,NaN,NaN,NaN,NaN,NaN,
75.712,-0.01038,0.00070,0.12878,0.75056,-0.03515,-0.14025,-0.64479,NaN,NaN,NaN,NaN,NaN,NaN,NaN,NaN,NaN,NaN,NaN,NaN,NaN,NaN,NaN,NaN,NaN,NaN,NaN,NaN,NaN,
75.738,-0.01034,0.00060,0.12880,0.75017,-0.03412,-0.14042,-0.64526,NaN,NaN,NaN,NaN,NaN,NaN,NaN,NaN,NaN,NaN,NaN,NaN,NaN,NaN,NaN,NaN,NaN,NaN,NaN,NaN,NaN,
75.763,-0.01031,0.00054,0.12880,0.74982,-0.03316,-0.14059,-0.64568,NaN,NaN,NaN,NaN,NaN,NaN,NaN,NaN,NaN,NaN,NaN,NaN,NaN,NaN,NaN,NaN,NaN,NaN,NaN,NaN,NaN,
75.787,-0.01031,0.00054,0.12880,0.74982,-0.03316,-0.14059,-0.64568,NaN,NaN,NaN,NaN,NaN,NaN,NaN,NaN,NaN,NaN,NaN,NaN,NaN,NaN,NaN,NaN,NaN,NaN,NaN,NaN,NaN,
75.812,-0.01029,0.00047,0.12877,0.74953,-0.03215,-0.14099,-0.64599,NaN,NaN,NaN,NaN,NaN,NaN,NaN,NaN,NaN,NaN,NaN,NaN,NaN,NaN,NaN,NaN,NaN,NaN,NaN,NaN,NaN,
75.838,-0.01024,0.00030,0.12880,0.74864,-0.02980,-0.14136,-0.64705,NaN,NaN,NaN,NaN,NaN,NaN,NaN,NaN,NaN,NaN,NaN,NaN,NaN,NaN,NaN,NaN,NaN,NaN,NaN,NaN,NaN,
75.863,-0.01022,0.00024,0.12876,0.74836,-0.02893,-0.14165,-0.64734,NaN,NaN,NaN,NaN,NaN,NaN,NaN,NaN,NaN,NaN,NaN,NaN,NaN,NaN,NaN,NaN,NaN,NaN,NaN,NaN,NaN,
75.888,-0.01019,0.00014,0.12878,0.74801,-0.02797,-0.14184,-0.64775,NaN,NaN,NaN,NaN,NaN,NaN,NaN,NaN,NaN,NaN,NaN,NaN,NaN,NaN,NaN,NaN,NaN,NaN,NaN,NaN,NaN,
75.913,-0.01019,0.00006,0.12880,0.74742,-0.02659,-0.14187,-0.64849,NaN,NaN,NaN,NaN,NaN,NaN,NaN,NaN,NaN,NaN,NaN,NaN,NaN,NaN,NaN,NaN,NaN,NaN,NaN,NaN,NaN,
75.938,-0.01015,-0.00002,0.12879,0.74710,-0.02570,-0.14208,-0.64884,NaN,NaN,NaN,NaN,NaN,NaN,NaN,NaN,NaN,NaN,NaN,NaN,NaN,NaN,NaN,NaN,NaN,NaN,NaN,NaN,NaN,
75.962,-0.01015,-0.00002,0.12879,0.74710,-0.02570,-0.14208,-0.64884,NaN,NaN,NaN,NaN,NaN,NaN,NaN,NaN,NaN,NaN,NaN,NaN,NaN,NaN,NaN,NaN,NaN,NaN,NaN,NaN,NaN,
75.988,-0.01017,-0.00013,0.12879,0.74625,-0.02352,-0.14237,-0.64984,NaN,NaN,NaN,NaN,NaN,NaN,NaN,NaN,NaN,NaN,NaN,NaN,NaN,NaN,NaN,NaN,NaN,NaN,NaN,NaN,NaN,
76.012,-0.01017,-0.00013,0.12879,0.74625,-0.02352,-0.14237,-0.64984,NaN,NaN,NaN,NaN,NaN,NaN,NaN,NaN,NaN,NaN,NaN,NaN,NaN,NaN,NaN,NaN,NaN,NaN,NaN,NaN,NaN,
76.037,-0.01013,-0.00022,0.12879,0.74577,-0.02224,-0.14261,-0.65038,NaN,NaN,NaN,NaN,NaN,NaN,NaN,NaN,NaN,NaN,NaN,NaN,NaN,NaN,NaN,NaN,NaN,NaN,NaN,NaN,NaN,
76.063,-0.01008,-0.00037,0.12882,0.74491,-0.02011,-0.14286,-0.65138,NaN,NaN,NaN,NaN,NaN,NaN,NaN,NaN,NaN,NaN,NaN,NaN,NaN,NaN,NaN,NaN,NaN,NaN,NaN,NaN,NaN,
76.088,-0.01010,-0.00046,0.12882,0.74431,-0.01871,-0.14293,-0.65209,NaN,NaN,NaN,NaN,NaN,NaN,NaN,NaN,NaN,NaN,NaN,NaN,NaN,NaN,NaN,NaN,NaN,NaN,NaN,NaN,NaN,
76.112,-0.01007,-0.00051,0.12882,0.74399,-0.01786,-0.14310,-0.65244,NaN,NaN,NaN,NaN,NaN,NaN,NaN,NaN,NaN,NaN,NaN,NaN,NaN,NaN,NaN,NaN,NaN,NaN,NaN,NaN,NaN,
76.138,-0.01008,-0.00058,0.12883,0.74345,-0.01665,-0.14312,-0.65309,NaN,NaN,NaN,NaN,NaN,NaN,NaN,NaN,NaN,NaN,NaN,NaN,NaN,NaN,NaN,NaN,NaN,NaN,NaN,NaN,NaN,
76.162,-0.01008,-0.00058,0.12883,0.74345,-0.01665,-0.14312,-0.65309,NaN,NaN,NaN,NaN,NaN,NaN,NaN,NaN,NaN,NaN,NaN,NaN,NaN,NaN,NaN,NaN,NaN,NaN,NaN,NaN,NaN,
76.187,-0.01011,-0.00072,0.12888,0.74251,-0.01457,-0.14311,-0.65420,NaN,NaN,NaN,NaN,NaN,NaN,NaN,NaN,NaN,NaN,NaN,NaN,NaN,NaN,NaN,NaN,NaN,NaN,NaN,NaN,NaN,
76.213,-0.01078,-0.00086,0.12865,0.74036,-0.00043,-0.15499,-0.65410,NaN,NaN,NaN,NaN,NaN,NaN,NaN,NaN,NaN,NaN,NaN,NaN,NaN,NaN,NaN,NaN,NaN,NaN,NaN,NaN,NaN,
76.237,-0.01078,-0.00086,0.12865,0.74036,-0.00043,-0.15499,-0.65410,NaN,NaN,NaN,NaN,NaN,NaN,NaN,NaN,NaN,NaN,NaN,NaN,NaN,NaN,NaN,NaN,NaN,NaN,NaN,NaN,NaN,
76.263,-0.01097,-0.00098,0.12855,0.73939,0.00572,-0.16025,-0.65391,NaN,NaN,NaN,NaN,NaN,NaN,NaN,NaN,NaN,NaN,NaN,NaN,NaN,NaN,NaN,NaN,NaN,NaN,NaN,NaN,NaN,
76.288,-0.01131,-0.00115,0.12846,0.73658,0.01412,-0.16346,-0.65615,NaN,NaN,NaN,NaN,NaN,NaN,NaN,NaN,NaN,NaN,NaN,NaN,NaN,NaN,NaN,NaN,NaN,NaN,NaN,NaN,NaN,
76.312,-0.01131,-0.00115,0.12846,0.73658,0.01412,-0.16346,-0.65615,NaN,NaN,NaN,NaN,NaN,NaN,NaN,NaN,NaN,NaN,NaN,NaN,NaN,NaN,NaN,NaN,NaN,NaN,NaN,NaN,NaN,
76.337,-0.01131,-0.00126,0.12850,0.73571,0.01612,-0.16369,-0.65702,NaN,NaN,NaN,NaN,NaN,NaN,NaN,NaN,NaN,NaN,NaN,NaN,NaN,NaN,NaN,NaN,NaN,NaN,NaN,NaN,NaN,
76.362,-0.01107,-0.00151,0.12847,0.73452,0.02043,-0.16614,-0.65761,NaN,NaN,NaN,NaN,NaN,NaN,NaN,NaN,NaN,NaN,NaN,NaN,NaN,NaN,NaN,NaN,NaN,NaN,NaN,NaN,NaN,
76.387,-0.01107,-0.00151,0.12847,0.73452,0.02043,-0.16614,-0.65761,NaN,NaN,NaN,NaN,NaN,NaN,NaN,NaN,NaN,NaN,NaN,NaN,NaN,NaN,NaN,NaN,NaN,NaN,NaN,NaN,NaN,
76.412,-0.01160,-0.00161,0.12836,0.73148,0.02778,-0.16757,-0.66037,NaN,NaN,NaN,NaN,NaN,NaN,NaN,NaN,NaN,NaN,NaN,NaN,NaN,NaN,NaN,NaN,NaN,NaN,NaN,NaN,NaN,
76.438,-0.01157,-0.00182,0.12834,0.72922,0.03248,-0.16764,-0.66264,NaN,NaN,NaN,NaN,NaN,NaN,NaN,NaN,NaN,NaN,NaN,NaN,NaN,NaN,NaN,NaN,NaN,NaN,NaN,NaN,NaN,
76.462,-0.01157,-0.00182,0.12834,0.72922,0.03248,-0.16764,-0.66264,NaN,NaN,NaN,NaN,NaN,NaN,NaN,NaN,NaN,NaN,NaN,NaN,NaN,NaN,NaN,NaN,NaN,NaN,NaN,NaN,NaN,
76.488,-0.01150,-0.00204,0.12835,0.72746,0.03561,-0.16707,-0.66454,NaN,NaN,NaN,NaN,NaN,NaN,NaN,NaN,NaN,NaN,NaN,NaN,NaN,NaN,NaN,NaN,NaN,NaN,NaN,NaN,NaN,
76.512,-0.01147,-0.00214,0.12837,0.72651,0.03716,-0.16655,-0.66563,NaN,NaN,NaN,NaN,NaN,NaN,NaN,NaN,NaN,NaN,NaN,NaN,NaN,NaN,NaN,NaN,NaN,NaN,NaN,NaN,NaN,
76.537,-0.01147,-0.00214,0.12837,0.72651,0.03716,-0.16655,-0.66563,NaN,NaN,NaN,NaN,NaN,NaN,NaN,NaN,NaN,NaN,NaN,NaN,NaN,NaN,NaN,NaN,NaN,NaN,NaN,NaN,NaN,
76.562,-0.01141,-0.00225,0.12839,0.72549,0.03883,-0.16601,-0.66678,NaN,NaN,NaN,NaN,NaN,NaN,NaN,NaN,NaN,NaN,NaN,NaN,NaN,NaN,NaN,NaN,NaN,NaN,NaN,NaN,NaN,
76.587,-0.01138,-0.00234,0.12841,0.72457,0.04030,-0.16549,-0.66783,NaN,NaN,NaN,NaN,NaN,NaN,NaN,NaN,NaN,NaN,NaN,NaN,NaN,NaN,NaN,NaN,NaN,NaN,NaN,NaN,NaN,
76.612,-0.01127,-0.00254,0.12844,0.72274,0.04333,-0.16463,-0.66982,NaN,NaN,NaN,NaN,NaN,NaN,NaN,NaN,NaN,NaN,NaN,NaN,NaN,NaN,NaN,NaN,NaN,NaN,NaN,NaN,NaN,
76.638,-0.01125,-0.00261,0.12842,0.72185,0.04488,-0.16434,-0.67075,NaN,NaN,NaN,NaN,NaN,NaN,NaN,NaN,NaN,NaN,NaN,NaN,NaN,NaN,NaN,NaN,NaN,NaN,NaN,NaN,NaN,
76.663,-0.01125,-0.00268,0.12843,0.72096,0.04631,-0.16386,-0.67174,NaN,NaN,NaN,NaN,NaN,NaN,NaN,NaN,NaN,NaN,NaN,NaN,NaN,NaN,NaN,NaN,NaN,NaN,NaN,NaN,NaN,
76.688,-0.01120,-0.00277,0.12842,0.72013,0.04772,-0.16357,-0.67259,NaN,NaN,NaN,NaN,NaN,NaN,NaN,NaN,NaN,NaN,NaN,NaN,NaN,NaN,NaN,NaN,NaN,NaN,NaN,NaN,NaN,
76.712,-0.01117,-0.00285,0.12843,0.71918,0.04921,-0.16303,-0.67364,NaN,NaN,NaN,NaN,NaN,NaN,NaN,NaN,NaN,NaN,NaN,NaN,NaN,NaN,NaN,NaN,NaN,NaN,NaN,NaN,NaN,
76.738,-0.01115,-0.00293,0.12841,0.71829,0.05069,-0.16266,-0.67456,NaN,NaN,NaN,NaN,NaN,NaN,NaN,NaN,NaN,NaN,NaN,NaN,NaN,NaN,NaN,NaN,NaN,NaN,NaN,NaN,NaN,
76.762,-0.01115,-0.00293,0.12841,0.71829,0.05069,-0.16266,-0.67456,NaN,NaN,NaN,NaN,NaN,NaN,NaN,NaN,NaN,NaN,NaN,NaN,NaN,NaN,NaN,NaN,NaN,NaN,NaN,NaN,NaN,
76.788,-0.01108,-0.00308,0.12841,0.71665,0.05336,-0.16191,-0.67628,NaN,NaN,NaN,NaN,NaN,NaN,NaN,NaN,NaN,NaN,NaN,NaN,NaN,NaN,NaN,NaN,NaN,NaN,NaN,NaN,NaN,
76.812,-0.01105,-0.00315,0.12840,0.71579,0.05482,-0.16163,-0.67714,NaN,NaN,NaN,NaN,NaN,NaN,NaN,NaN,NaN,NaN,NaN,NaN,NaN,NaN,NaN,NaN,NaN,NaN,NaN,NaN,NaN,
76.837,-0.01105,-0.00315,0.12840,0.71579,0.05482,-0.16163,-0.67714,NaN,NaN,NaN,NaN,NaN,NaN,NaN,NaN,NaN,NaN,NaN,NaN,NaN,NaN,NaN,NaN,NaN,NaN,NaN,NaN,NaN,
76.862,-0.01133,-0.00363,0.12836,0.71101,0.06590,-0.16430,-0.68054,NaN,NaN,NaN,NaN,NaN,NaN,NaN,NaN,NaN,NaN,NaN,NaN,NaN,NaN,NaN,NaN,NaN,NaN,NaN,NaN,NaN,
76.888,-0.01132,-0.00360,0.12830,0.70916,0.06891,-0.16359,-0.68234,NaN,NaN,NaN,NaN,NaN,NaN,NaN,NaN,NaN,NaN,NaN,NaN,NaN,NaN,NaN,NaN,NaN,NaN,NaN,NaN,NaN,
76.912,-0.01132,-0.00360,0.12830,0.70916,0.06891,-0.16359,-0.68234,NaN,NaN,NaN,NaN,NaN,NaN,NaN,NaN,NaN,NaN,NaN,NaN,NaN,NaN,NaN,NaN,NaN,NaN,NaN,NaN,NaN,
76.938,-0.01126,-0.00377,0.12826,0.70705,0.07243,-0.16295,-0.68431,NaN,NaN,NaN,NaN,NaN,NaN,NaN,NaN,NaN,NaN,NaN,NaN,NaN,NaN,NaN,NaN,NaN,NaN,NaN,NaN,NaN,
76.962,-0.01128,-0.00383,0.12820,0.70595,0.07442,-0.16284,-0.68526,NaN,NaN,NaN,NaN,NaN,NaN,NaN,NaN,NaN,NaN,NaN,NaN,NaN,NaN,NaN,NaN,NaN,NaN,NaN,NaN,NaN,
76.988,-0.01125,-0.00396,0.12823,0.70465,0.07644,-0.16227,-0.68651,NaN,NaN,NaN,NaN,NaN,NaN,NaN,NaN,NaN,NaN,NaN,NaN,NaN,NaN,NaN,NaN,NaN,NaN,NaN,NaN,NaN,
77.012,-0.01125,-0.00396,0.12823,0.70465,0.07644,-0.16227,-0.68651,NaN,NaN,NaN,NaN,NaN,NaN,NaN,NaN,NaN,NaN,NaN,NaN,NaN,NaN,NaN,NaN,NaN,NaN,NaN,NaN,NaN,
77.038,-0.01134,-0.00421,0.12816,0.70023,0.08424,-0.16174,-0.69024,NaN,NaN,NaN,NaN,NaN,NaN,NaN,NaN,NaN,NaN,NaN,NaN,NaN,NaN,NaN,NaN,NaN,NaN,NaN,NaN,NaN,
77.062,-0.01134,-0.00421,0.12816,0.70023,0.08424,-0.16174,-0.69024,NaN,NaN,NaN,NaN,NaN,NaN,NaN,NaN,NaN,NaN,NaN,NaN,NaN,NaN,NaN,NaN,NaN,NaN,NaN,NaN,NaN,
77.088,-0.01121,-0.00441,0.12819,0.69775,0.08771,-0.16023,-0.69266,NaN,NaN,NaN,NaN,NaN,NaN,NaN,NaN,NaN,NaN,NaN,NaN,NaN,NaN,NaN,NaN,NaN,NaN,NaN,NaN,NaN,
77.112,-0.01121,-0.00441,0.12819,0.69775,0.08771,-0.16023,-0.69266,NaN,NaN,NaN,NaN,NaN,NaN,NaN,NaN,NaN,NaN,NaN,NaN,NaN,NaN,NaN,NaN,NaN,NaN,NaN,NaN,NaN,
77.138,-0.01121,-0.00458,0.12819,0.69505,0.09190,-0.15921,-0.69506,NaN,NaN,NaN,NaN,NaN,NaN,NaN,NaN,NaN,NaN,NaN,NaN,NaN,NaN,NaN,NaN,NaN,NaN,NaN,NaN,NaN,
77.163,-0.01120,-0.00467,0.12817,0.69367,0.09404,-0.15871,-0.69627,NaN,NaN,NaN,NaN,NaN,NaN,NaN,NaN,NaN,NaN,NaN,NaN,NaN,NaN,NaN,NaN,NaN,NaN,NaN,NaN,NaN,
77.188,-0.01089,-0.00492,0.12825,0.69163,0.09700,-0.15770,-0.69812,NaN,NaN,NaN,NaN,NaN,NaN,NaN,NaN,NaN,NaN,NaN,NaN,NaN,NaN,NaN,NaN,NaN,NaN,NaN,NaN,NaN,
77.212,-0.01089,-0.00492,0.12825,0.69163,0.09700,-0.15770,-0.69812,NaN,NaN,NaN,NaN,NaN,NaN,NaN,NaN,NaN,NaN,NaN,NaN,NaN,NaN,NaN,NaN,NaN,NaN,NaN,NaN,NaN,
77.238,-0.01138,-0.00527,0.12813,0.68351,0.11025,-0.15614,-0.70447,NaN,NaN,NaN,NaN,NaN,NaN,NaN,NaN,NaN,NaN,NaN,NaN,NaN,NaN,NaN,NaN,NaN,NaN,NaN,NaN,NaN,
77.262,-0.01138,-0.00527,0.12813,0.68351,0.11025,-0.15614,-0.70447,NaN,NaN,NaN,NaN,NaN,NaN,NaN,NaN,NaN,NaN,NaN,NaN,NaN,NaN,NaN,NaN,NaN,NaN,NaN,NaN,NaN,
77.287,-0.01139,-0.00539,0.12810,0.68142,0.11343,-0.15548,-0.70613,NaN,NaN,NaN,NaN,NaN,NaN,NaN,NaN,NaN,NaN,NaN,NaN,NaN,NaN,NaN,NaN,NaN,NaN,NaN,NaN,NaN,
77.312,-0.01146,-0.00555,0.12812,0.67829,0.11778,-0.15393,-0.70877,NaN,NaN,NaN,NaN,NaN,NaN,NaN,NaN,NaN,NaN,NaN,NaN,NaN,NaN,NaN,NaN,NaN,NaN,NaN,NaN,NaN,
77.338,-0.01191,-0.00612,0.12796,0.66590,0.13681,-0.15115,-0.71764,NaN,NaN,NaN,NaN,NaN,NaN,NaN,NaN,NaN,NaN,NaN,NaN,NaN,NaN,NaN,NaN,NaN,NaN,NaN,NaN,NaN,
77.362,-0.01172,-0.00644,0.12800,0.66109,0.14265,-0.14807,-0.72158,NaN,NaN,NaN,NaN,NaN,NaN,NaN,NaN,NaN,NaN,NaN,NaN,NaN,NaN,NaN,NaN,NaN,NaN,NaN,NaN,NaN,
77.388,-0.01207,-0.00674,0.12795,0.65341,0.15333,-0.14537,-0.72692,NaN,NaN,NaN,NaN,NaN,NaN,NaN,NaN,NaN,NaN,NaN,NaN,NaN,NaN,NaN,NaN,NaN,NaN,NaN,NaN,NaN,
77.412,-0.01213,-0.00698,0.12802,0.64898,0.15925,-0.14364,-0.72995,NaN,NaN,NaN,NaN,NaN,NaN,NaN,NaN,NaN,NaN,NaN,NaN,NaN,NaN,NaN,NaN,NaN,NaN,NaN,NaN,NaN,
77.437,-0.01213,-0.00698,0.12802,0.64898,0.15925,-0.14364,-0.72995,NaN,NaN,NaN,NaN,NaN,NaN,NaN,NaN,NaN,NaN,NaN,NaN,NaN,NaN,NaN,NaN,NaN,NaN,NaN,NaN,NaN,
77.463,-0.01232,-0.00733,0.12808,0.64118,0.16870,-0.13938,-0.73553,NaN,NaN,NaN,NaN,NaN,NaN,NaN,NaN,NaN,NaN,NaN,NaN,NaN,NaN,NaN,NaN,NaN,NaN,NaN,NaN,NaN,
77.488,-0.01244,-0.00741,0.12803,0.63822,0.17260,-0.13832,-0.73739,NaN,NaN,NaN,NaN,NaN,NaN,NaN,NaN,NaN,NaN,NaN,NaN,NaN,NaN,NaN,NaN,NaN,NaN,NaN,NaN,NaN,
77.512,-0.01244,-0.00741,0.12803,0.63822,0.17260,-0.13832,-0.73739,NaN,NaN,NaN,NaN,NaN,NaN,NaN,NaN,NaN,NaN,NaN,NaN,NaN,NaN,NaN,NaN,NaN,NaN,NaN,NaN,NaN,
77.538,-0.01250,-0.00774,0.12811,0.63230,0.17959,-0.13512,-0.74141,NaN,NaN,NaN,NaN,NaN,NaN,NaN,NaN,NaN,NaN,NaN,NaN,NaN,NaN,NaN,NaN,NaN,NaN,NaN,NaN,NaN,
77.562,-0.01250,-0.00774,0.12811,0.63230,0.17959,-0.13512,-0.74141,NaN,NaN,NaN,NaN,NaN,NaN,NaN,NaN,NaN,NaN,NaN,NaN,NaN,NaN,NaN,NaN,NaN,NaN,NaN,NaN,NaN,
77.588,-0.01250,-0.00787,0.12821,0.62999,0.18206,-0.13352,-0.74307,NaN,NaN,NaN,NaN,NaN,NaN,NaN,NaN,NaN,NaN,NaN,NaN,NaN,NaN,NaN,NaN,NaN,NaN,NaN,NaN,NaN,
77.613,-0.01243,-0.00804,0.12840,0.62810,0.18370,-0.13169,-0.74458,NaN,NaN,NaN,NaN,NaN,NaN,NaN,NaN,NaN,NaN,NaN,NaN,NaN,NaN,NaN,NaN,NaN,NaN,NaN,NaN,NaN,
77.638,-0.01242,-0.00820,0.12854,0.62577,0.18608,-0.12996,-0.74626,NaN,NaN,NaN,NaN,NaN,NaN,NaN,NaN,NaN,NaN,NaN,NaN,NaN,NaN,NaN,NaN,NaN,NaN,NaN,NaN,NaN,
77.662,-0.01245,-0.00827,0.12859,0.62411,0.18779,-0.12878,-0.74742,NaN,NaN,NaN,NaN,NaN,NaN,NaN,NaN,NaN,NaN,NaN,NaN,NaN,NaN,NaN,NaN,NaN,NaN,NaN,NaN,NaN,
77.687,-0.01245,-0.00827,0.12859,0.62411,0.18779,-0.12878,-0.74742,NaN,NaN,NaN,NaN,NaN,NaN,NaN,NaN,NaN,NaN,NaN,NaN,NaN,NaN,NaN,NaN,NaN,NaN,NaN,NaN,NaN,
77.712,-0.01238,-0.00837,0.12865,0.62277,0.18887,-0.12741,-0.74850,NaN,NaN,NaN,NaN,NaN,NaN,NaN,NaN,NaN,NaN,NaN,NaN,NaN,NaN,NaN,NaN,NaN,NaN,NaN,NaN,NaN,
77.737,-0.01235,-0.00848,0.12874,0.62045,0.19097,-0.12534,-0.75024,NaN,NaN,NaN,NaN,NaN,NaN,NaN,NaN,NaN,NaN,NaN,NaN,NaN,NaN,NaN,NaN,NaN,NaN,NaN,NaN,NaN,
77.762,-0.01233,-0.00859,0.12883,0.61875,0.19264,-0.12404,-0.75143,NaN,NaN,NaN,NaN,NaN,NaN,NaN,NaN,NaN,NaN,NaN,NaN,NaN,NaN,NaN,NaN,NaN,NaN,NaN,NaN,NaN,
77.788,-0.01215,-0.00879,0.12905,0.61686,0.19372,-0.12147,-0.75313,NaN,NaN,NaN,NaN,NaN,NaN,NaN,NaN,NaN,NaN,NaN,NaN,NaN,NaN,NaN,NaN,NaN,NaN,NaN,NaN,NaN,
77.813,-0.01218,-0.00882,0.12905,0.61543,0.19507,-0.12034,-0.75413,NaN,NaN,NaN,NaN,NaN,NaN,NaN,NaN,NaN,NaN,NaN,NaN,NaN,NaN,NaN,NaN,NaN,NaN,NaN,NaN,NaN,
77.838,-0.01216,-0.00896,0.12903,0.61265,0.19759,-0.11799,-0.75611,NaN,NaN,NaN,NaN,NaN,NaN,NaN,NaN,NaN,NaN,NaN,NaN,NaN,NaN,NaN,NaN,NaN,NaN,NaN,NaN,NaN,
77.862,-0.01216,-0.00896,0.12903,0.61265,0.19759,-0.11799,-0.75611,NaN,NaN,NaN,NaN,NaN,NaN,NaN,NaN,NaN,NaN,NaN,NaN,NaN,NaN,NaN,NaN,NaN,NaN,NaN,NaN,NaN,
77.888,-0.01174,-0.00923,0.12918,0.60899,0.19892,-0.11207,-0.75960,NaN,NaN,NaN,NaN,NaN,NaN,NaN,NaN,NaN,NaN,NaN,NaN,NaN,NaN,NaN,NaN,NaN,NaN,NaN,NaN,NaN,
77.912,-0.01157,-0.00925,0.12929,0.61029,0.19694,-0.11196,-0.75910,NaN,NaN,NaN,NaN,NaN,NaN,NaN,NaN,NaN,NaN,NaN,NaN,NaN,NaN,NaN,NaN,NaN,NaN,NaN,NaN,NaN,
77.938,-0.01138,-0.00930,0.12935,0.61054,0.19605,-0.11120,-0.75924,NaN,NaN,NaN,NaN,NaN,NaN,NaN,NaN,NaN,NaN,NaN,NaN,NaN,NaN,NaN,NaN,NaN,NaN,NaN,NaN,NaN,
77.962,-0.01138,-0.00930,0.12935,0.61054,0.19605,-0.11120,-0.75924,NaN,NaN,NaN,NaN,NaN,NaN,NaN,NaN,NaN,NaN,NaN,NaN,NaN,NaN,NaN,NaN,NaN,NaN,NaN,NaN,NaN,
77.988,-0.01128,-0.00939,0.12935,0.60868,0.19736,-0.10912,-0.76070,NaN,NaN,NaN,NaN,NaN,NaN,NaN,NaN,NaN,NaN,NaN,NaN,NaN,NaN,NaN,NaN,NaN,NaN,NaN,NaN,NaN,
78.012,-0.01128,-0.00939,0.12935,0.60868,0.19736,-0.10912,-0.76070,NaN,NaN,NaN,NaN,NaN,NaN,NaN,NaN,NaN,NaN,NaN,NaN,NaN,NaN,NaN,NaN,NaN,NaN,NaN,NaN,NaN,
78.038,-0.01105,-0.00953,0.12944,0.60730,0.19771,-0.10670,-0.76205,NaN,NaN,NaN,NaN,NaN,NaN,NaN,NaN,NaN,NaN,NaN,NaN,NaN,NaN,NaN,NaN,NaN,NaN,NaN,NaN,NaN,
78.062,-0.01105,-0.00953,0.12944,0.60730,0.19771,-0.10670,-0.76205,NaN,NaN,NaN,NaN,NaN,NaN,NaN,NaN,NaN,NaN,NaN,NaN,NaN,NaN,NaN,NaN,NaN,NaN,NaN,NaN,NaN,
78.088,-0.01083,-0.00966,0.12948,0.60587,0.19814,-0.10432,-0.76340,NaN,NaN,NaN,NaN,NaN,NaN,NaN,NaN,NaN,NaN,NaN,NaN,NaN,NaN,NaN,NaN,NaN,NaN,NaN,NaN,NaN,
78.112,-0.01083,-0.00966,0.12948,0.60587,0.19814,-0.10432,-0.76340,NaN,NaN,NaN,NaN,NaN,NaN,NaN,NaN,NaN,NaN,NaN,NaN,NaN,NaN,NaN,NaN,NaN,NaN,NaN,NaN,NaN,
78.138,-0.01073,-0.00968,0.12943,0.60462,0.19889,-0.10276,-0.76441,NaN,NaN,NaN,NaN,NaN,NaN,NaN,NaN,NaN,NaN,NaN,NaN,NaN,NaN,NaN,NaN,NaN,NaN,NaN,NaN,NaN,
78.162,-0.01073,-0.00968,0.12943,0.60462,0.19889,-0.10276,-0.76441,NaN,NaN,NaN,NaN,NaN,NaN,NaN,NaN,NaN,NaN,NaN,NaN,NaN,NaN,NaN,NaN,NaN,NaN,NaN,NaN,NaN,
78.187,-0.01061,-0.00961,0.12943,0.60594,0.19738,-0.10336,-0.76368,NaN,NaN,NaN,NaN,NaN,NaN,NaN,NaN,NaN,NaN,NaN,NaN,NaN,NaN,NaN,NaN,NaN,NaN,NaN,NaN,NaN,
78.212,-0.01051,-0.00963,0.12947,0.60635,0.19673,-0.10330,-0.76352,NaN,NaN,NaN,NaN,NaN,NaN,NaN,NaN,NaN,NaN,NaN,NaN,NaN,NaN,NaN,NaN,NaN,NaN,NaN,NaN,NaN,
78.238,-0.01030,-0.00975,0.12951,0.60496,0.19727,-0.10117,-0.76477,NaN,NaN,NaN,NaN,NaN,NaN,NaN,NaN,NaN,NaN,NaN,NaN,NaN,NaN,NaN,NaN,NaN,NaN,NaN,NaN,NaN,
78.262,-0.01030,-0.00975,0.12951,0.60496,0.19727,-0.10117,-0.76477,NaN,NaN,NaN,NaN,NaN,NaN,NaN,NaN,NaN,NaN,NaN,NaN,NaN,NaN,NaN,NaN,NaN,NaN,NaN,NaN,NaN,
78.288,-0.01015,-0.00981,0.12947,0.60361,0.19803,-0.09942,-0.76587,NaN,NaN,NaN,NaN,NaN,NaN,NaN,NaN,NaN,NaN,NaN,NaN,NaN,NaN,NaN,NaN,NaN,NaN,NaN,NaN,NaN,
78.313,-0.01000,-0.00981,0.12950,0.60428,0.19691,-0.09924,-0.76565,NaN,NaN,NaN,NaN,NaN,NaN,NaN,NaN,NaN,NaN,NaN,NaN,NaN,NaN,NaN,NaN,NaN,NaN,NaN,NaN,NaN,
78.338,-0.00987,-0.00979,0.12952,0.60533,0.19568,-0.09967,-0.76508,NaN,NaN,NaN,NaN,NaN,NaN,NaN,NaN,NaN,NaN,NaN,NaN,NaN,NaN,NaN,NaN,NaN,NaN,NaN,NaN,NaN,
78.362,-0.00987,-0.00979,0.12952,0.60533,0.19568,-0.09967,-0.76508,NaN,NaN,NaN,NaN,NaN,NaN,NaN,NaN,NaN,NaN,NaN,NaN,NaN,NaN,NaN,NaN,NaN,NaN,NaN,NaN,NaN,
78.388,-0.00971,-0.00971,0.12949,0.60659,0.19385,-0.09971,-0.76455,NaN,NaN,NaN,NaN,NaN,NaN,NaN,NaN,NaN,NaN,NaN,NaN,NaN,NaN,NaN,NaN,NaN,NaN,NaN,NaN,NaN,
78.412,-0.00971,-0.00971,0.12949,0.60659,0.19385,-0.09971,-0.76455,NaN,NaN,NaN,NaN,NaN,NaN,NaN,NaN,NaN,NaN,NaN,NaN,NaN,NaN,NaN,NaN,NaN,NaN,NaN,NaN,NaN,
78.438,-0.00948,-0.00969,0.12953,0.60744,0.19222,-0.09918,-0.76435,NaN,NaN,NaN,NaN,NaN,NaN,NaN,NaN,NaN,NaN,NaN,NaN,NaN,NaN,NaN,NaN,NaN,NaN,NaN,NaN,NaN,
78.462,-0.00941,-0.00966,0.12952,0.60837,0.19116,-0.09963,-0.76381,NaN,NaN,NaN,NaN,NaN,NaN,NaN,NaN,NaN,NaN,NaN,NaN,NaN,NaN,NaN,NaN,NaN,NaN,NaN,NaN,NaN,
78.488,-0.00930,-0.00959,0.12956,0.60964,0.18939,-0.09977,-0.76323,NaN,NaN,NaN,NaN,NaN,NaN,NaN,NaN,NaN,NaN,NaN,NaN,NaN,NaN,NaN,NaN,NaN,NaN,NaN,NaN,NaN,
78.512,-0.00930,-0.00959,0.12956,0.60964,0.18939,-0.09977,-0.76323,NaN,NaN,NaN,NaN,NaN,NaN,NaN,NaN,NaN,NaN,NaN,NaN,NaN,NaN,NaN,NaN,NaN,NaN,NaN,NaN,NaN,
78.538,-0.00905,-0.00967,0.12965,0.60995,0.18836,-0.09899,-0.76333,NaN,NaN,NaN,NaN,NaN,NaN,NaN,NaN,NaN,NaN,NaN,NaN,NaN,NaN,NaN,NaN,NaN,NaN,NaN,NaN,NaN,
78.562,-0.00905,-0.00967,0.12965,0.60995,0.18836,-0.09899,-0.76333,NaN,NaN,NaN,NaN,NaN,NaN,NaN,NaN,NaN,NaN,NaN,NaN,NaN,NaN,NaN,NaN,NaN,NaN,NaN,NaN,NaN,
78.587,-0.00900,-0.00971,0.12966,0.60925,0.18876,-0.09808,-0.76391,NaN,NaN,NaN,NaN,NaN,NaN,NaN,NaN,NaN,NaN,NaN,NaN,NaN,NaN,NaN,NaN,NaN,NaN,NaN,NaN,NaN,
78.612,-0.00902,-0.00964,0.12955,0.60819,0.18997,-0.09758,-0.76452,NaN,NaN,NaN,NaN,NaN,NaN,NaN,NaN,NaN,NaN,NaN,NaN,NaN,NaN,NaN,NaN,NaN,NaN,NaN,NaN,NaN,
78.637,-0.00880,-0.00972,0.12967,0.60816,0.18927,-0.09651,-0.76486,NaN,NaN,NaN,NaN,NaN,NaN,NaN,NaN,NaN,NaN,NaN,NaN,NaN,NaN,NaN,NaN,NaN,NaN,NaN,NaN,NaN,
78.662,-0.00881,-0.00968,0.12961,0.60775,0.18969,-0.09627,-0.76510,NaN,NaN,NaN,NaN,NaN,NaN,NaN,NaN,NaN,NaN,NaN,NaN,NaN,NaN,NaN,NaN,NaN,NaN,NaN,NaN,NaN,
78.687,-0.00872,-0.00976,0.12968,0.60664,0.19028,-0.09478,-0.76603,NaN,NaN,NaN,NaN,NaN,NaN,NaN,NaN,NaN,NaN,NaN,NaN,NaN,NaN,NaN,NaN,NaN,NaN,NaN,NaN,NaN,
78.712,-0.00862,-0.00981,0.12969,0.60594,0.19037,-0.09346,-0.76672,NaN,NaN,NaN,NaN,NaN,NaN,NaN,NaN,NaN,NaN,NaN,NaN,NaN,NaN,NaN,NaN,NaN,NaN,NaN,NaN,NaN,
78.737,-0.00862,-0.00981,0.12969,0.60594,0.19037,-0.09346,-0.76672,NaN,NaN,NaN,NaN,NaN,NaN,NaN,NaN,NaN,NaN,NaN,NaN,NaN,NaN,NaN,NaN,NaN,NaN,NaN,NaN,NaN,
78.762,-0.00837,-0.00980,0.12978,0.60689,0.18869,-0.09307,-0.76643,NaN,NaN,NaN,NaN,NaN,NaN,NaN,NaN,NaN,NaN,NaN,NaN,NaN,NaN,NaN,NaN,NaN,NaN,NaN,NaN,NaN,
78.788,-0.00827,-0.00979,0.12979,0.60717,0.18811,-0.09285,-0.76638,NaN,NaN,NaN,NaN,NaN,NaN,NaN,NaN,NaN,NaN,NaN,NaN,NaN,NaN,NaN,NaN,NaN,NaN,NaN,NaN,NaN,
78.813,-0.00821,-0.00983,0.12976,0.60635,0.18863,-0.09188,-0.76702,NaN,NaN,NaN,NaN,NaN,NaN,NaN,NaN,NaN,NaN,NaN,NaN,NaN,NaN,NaN,NaN,NaN,NaN,NaN,NaN,NaN,
78.838,-0.00815,-0.00991,0.12975,0.60534,0.18958,-0.09112,-0.76768,NaN,NaN,NaN,NaN,NaN,NaN,NaN,NaN,NaN,NaN,NaN,NaN,NaN,NaN,NaN,NaN,NaN,NaN,NaN,NaN,NaN,
78.863,-0.00805,-0.00999,0.12978,0.60393,0.19047,-0.08947,-0.76875,NaN,NaN,NaN,NaN,NaN,NaN,NaN,NaN,NaN,NaN,NaN,NaN,NaN,NaN,NaN,NaN,NaN,NaN,NaN,NaN,NaN,
78.888,-0.00808,-0.01001,0.12975,0.60308,0.19118,-0.08870,-0.76934,NaN,NaN,NaN,NaN,NaN,NaN,NaN,NaN,NaN,NaN,NaN,NaN,NaN,NaN,NaN,NaN,NaN,NaN,NaN,NaN,NaN,
78.913,-0.00800,-0.01007,0.12976,0.60241,0.19151,-0.08780,-0.76988,NaN,NaN,NaN,NaN,NaN,NaN,NaN,NaN,NaN,NaN,NaN,NaN,NaN,NaN,NaN,NaN,NaN,NaN,NaN,NaN,NaN,
78.938,-0.00786,-0.01015,0.12980,0.60213,0.19157,-0.08732,-0.77014,NaN,NaN,NaN,NaN,NaN,NaN,NaN,NaN,NaN,NaN,NaN,NaN,NaN,NaN,NaN,NaN,NaN,NaN,NaN,NaN,NaN,
78.962,-0.00786,-0.01015,0.12980,0.60213,0.19157,-0.08732,-0.77014,NaN,NaN,NaN,NaN,NaN,NaN,NaN,NaN,NaN,NaN,NaN,NaN,NaN,NaN,NaN,NaN,NaN,NaN,NaN,NaN,NaN,
78.987,-0.00789,-0.01014,0.12982,0.60142,0.19226,-0.08682,-0.77058,NaN,NaN,NaN,NaN,NaN,NaN,NaN,NaN,NaN,NaN,NaN,NaN,NaN,NaN,NaN,NaN,NaN,NaN,NaN,NaN,NaN,
79.012,-0.00779,-0.01019,0.12988,0.60054,0.19263,-0.08556,-0.77131,NaN,NaN,NaN,NaN,NaN,NaN,NaN,NaN,NaN,NaN,NaN,NaN,NaN,NaN,NaN,NaN,NaN,NaN,NaN,NaN,NaN,
79.037,-0.00784,-0.01016,0.12982,0.59975,0.19368,-0.08540,-0.77168,NaN,NaN,NaN,NaN,NaN,NaN,NaN,NaN,NaN,NaN,NaN,NaN,NaN,NaN,NaN,NaN,NaN,NaN,NaN,NaN,NaN,
79.062,-0.00764,-0.01029,0.12993,0.59883,0.19388,-0.08380,-0.77253,NaN,NaN,NaN,NaN,NaN,NaN,NaN,NaN,NaN,NaN,NaN,NaN,NaN,NaN,NaN,NaN,NaN,NaN,NaN,NaN,NaN,
79.087,-0.00755,-0.01030,0.12991,0.59784,0.19437,-0.08249,-0.77331,NaN,NaN,NaN,NaN,NaN,NaN,NaN,NaN,NaN,NaN,NaN,NaN,NaN,NaN,NaN,NaN,NaN,NaN,NaN,NaN,NaN,
79.112,-0.00761,-0.01024,0.12983,0.59782,0.19463,-0.08280,-0.77323,NaN,NaN,NaN,NaN,NaN,NaN,NaN,NaN,NaN,NaN,NaN,NaN,NaN,NaN,NaN,NaN,NaN,NaN,NaN,NaN,NaN,
79.138,-0.00745,-0.01020,0.12993,0.59882,0.19324,-0.08292,-0.77278,NaN,NaN,NaN,NaN,NaN,NaN,NaN,NaN,NaN,NaN,NaN,NaN,NaN,NaN,NaN,NaN,NaN,NaN,NaN,NaN,NaN,
79.162,-0.00745,-0.01020,0.12993,0.59882,0.19324,-0.08292,-0.77278,NaN,NaN,NaN,NaN,NaN,NaN,NaN,NaN,NaN,NaN,NaN,NaN,NaN,NaN,NaN,NaN,NaN,NaN,NaN,NaN,NaN,
79.188,-0.00724,-0.01022,0.12998,0.59870,0.19292,-0.08224,-0.77303,NaN,NaN,NaN,NaN,NaN,NaN,NaN,NaN,NaN,NaN,NaN,NaN,NaN,NaN,NaN,NaN,NaN,NaN,NaN,NaN,NaN,
79.212,-0.00724,-0.01022,0.12998,0.59870,0.19292,-0.08224,-0.77303,NaN,NaN,NaN,NaN,NaN,NaN,NaN,NaN,NaN,NaN,NaN,NaN,NaN,NaN,NaN,NaN,NaN,NaN,NaN,NaN,NaN,
79.238,-0.00715,-0.01018,0.13001,0.59960,0.19227,-0.08315,-0.77240,NaN,NaN,NaN,NaN,NaN,NaN,NaN,NaN,NaN,NaN,NaN,NaN,NaN,NaN,NaN,NaN,NaN,NaN,NaN,NaN,NaN,
79.262,-0.00715,-0.01018,0.13001,0.59960,0.19227,-0.08315,-0.77240,NaN,NaN,NaN,NaN,NaN,NaN,NaN,NaN,NaN,NaN,NaN,NaN,NaN,NaN,NaN,NaN,NaN,NaN,NaN,NaN,NaN,
79.288,-0.00697,-0.01013,0.13012,0.60142,0.19032,-0.08413,-0.77136,NaN,NaN,NaN,NaN,NaN,NaN,NaN,NaN,NaN,NaN,NaN,NaN,NaN,NaN,NaN,NaN,NaN,NaN,NaN,NaN,NaN,
79.312,-0.00697,-0.01013,0.13012,0.60142,0.19032,-0.08413,-0.77136,NaN,NaN,NaN,NaN,NaN,NaN,NaN,NaN,NaN,NaN,NaN,NaN,NaN,NaN,NaN,NaN,NaN,NaN,NaN,NaN,NaN,
79.337,-0.00688,-0.01021,0.13022,0.60011,0.19098,-0.08240,-0.77240,NaN,NaN,NaN,NaN,NaN,NaN,NaN,NaN,NaN,NaN,NaN,NaN,NaN,NaN,NaN,NaN,NaN,NaN,NaN,NaN,NaN,
79.363,-0.00669,-0.01026,0.13018,0.59838,0.19205,-0.08039,-0.77369,NaN,NaN,NaN,NaN,NaN,NaN,NaN,NaN,NaN,NaN,NaN,NaN,NaN,NaN,NaN,NaN,NaN,NaN,NaN,NaN,NaN,
79.388,-0.00667,-0.01025,0.13018,0.59841,0.19239,-0.08091,-0.77353,NaN,NaN,NaN,NaN,NaN,NaN,NaN,NaN,NaN,NaN,NaN,NaN,NaN,NaN,NaN,NaN,NaN,NaN,NaN,NaN,NaN,
79.412,-0.00662,-0.01029,0.13022,0.59741,0.19290,-0.07961,-0.77431,NaN,NaN,NaN,NaN,NaN,NaN,NaN,NaN,NaN,NaN,NaN,NaN,NaN,NaN,NaN,NaN,NaN,NaN,NaN,NaN,NaN,
79.438,-0.00646,-0.01025,0.13023,0.59805,0.19190,-0.07952,-0.77407,NaN,NaN,NaN,NaN,NaN,NaN,NaN,NaN,NaN,NaN,NaN,NaN,NaN,NaN,NaN,NaN,NaN,NaN,NaN,NaN,NaN,
79.462,-0.00654,-0.01023,0.13022,0.59771,0.19271,-0.07995,-0.77409,NaN,NaN,NaN,NaN,NaN,NaN,NaN,NaN,NaN,NaN,NaN,NaN,NaN,NaN,NaN,NaN,NaN,NaN,NaN,NaN,NaN,
79.487,-0.00654,-0.01023,0.13022,0.59771,0.19271,-0.07995,-0.77409,NaN,NaN,NaN,NaN,NaN,NaN,NaN,NaN,NaN,NaN,NaN,NaN,NaN,NaN,NaN,NaN,NaN,NaN,NaN,NaN,NaN,
79.512,-0.00641,-0.01024,0.13025,0.59852,0.19205,-0.08068,-0.77355,NaN,NaN,NaN,NaN,NaN,NaN,NaN,NaN,NaN,NaN,NaN,NaN,NaN,NaN,NaN,NaN,NaN,NaN,NaN,NaN,NaN,
79.538,-0.00637,-0.01023,0.13027,0.59800,0.19256,-0.08032,-0.77387,NaN,NaN,NaN,NaN,NaN,NaN,NaN,NaN,NaN,NaN,NaN,NaN,NaN,NaN,NaN,NaN,NaN,NaN,NaN,NaN,NaN,
79.562,-0.00637,-0.01023,0.13027,0.59800,0.19256,-0.08032,-0.77387,NaN,NaN,NaN,NaN,NaN,NaN,NaN,NaN,NaN,NaN,NaN,NaN,NaN,NaN,NaN,NaN,NaN,NaN,NaN,NaN,NaN,
79.588,-0.00628,-0.01019,0.13034,0.59850,0.19211,-0.08070,-0.77355,NaN,NaN,NaN,NaN,NaN,NaN,NaN,NaN,NaN,NaN,NaN,NaN,NaN,NaN,NaN,NaN,NaN,NaN,NaN,NaN,NaN,
79.612,-0.00612,-0.01020,0.13039,0.59906,0.19160,-0.08115,-0.77319,NaN,NaN,NaN,NaN,NaN,NaN,NaN,NaN,NaN,NaN,NaN,NaN,NaN,NaN,NaN,NaN,NaN,NaN,NaN,NaN,NaN,
79.638,-0.00608,-0.01021,0.13045,0.59844,0.19205,-0.08051,-0.77363,NaN,NaN,NaN,NaN,NaN,NaN,NaN,NaN,NaN,NaN,NaN,NaN,NaN,NaN,NaN,NaN,NaN,NaN,NaN,NaN,NaN,
79.662,-0.00598,-0.01021,0.13046,0.59862,0.19206,-0.08089,-0.77345,NaN,NaN,NaN,NaN,NaN,NaN,NaN,NaN,NaN,NaN,NaN,NaN,NaN,NaN,NaN,NaN,NaN,NaN,NaN,NaN,NaN,
79.688,-0.00597,-0.01021,0.13047,0.59797,0.19268,-0.08043,-0.77385,NaN,NaN,NaN,NaN,NaN,NaN,NaN,NaN,NaN,NaN,NaN,NaN,NaN,NaN,NaN,NaN,NaN,NaN,NaN,NaN,NaN,
79.712,-0.00597,-0.01021,0.13047,0.59797,0.19268,-0.08043,-0.77385,NaN,NaN,NaN,NaN,NaN,NaN,NaN,NaN,NaN,NaN,NaN,NaN,NaN,NaN,NaN,NaN,NaN,NaN,NaN,NaN,NaN,
79.738,-0.00590,-0.01024,0.13045,0.59569,0.19474,-0.07869,-0.77526,NaN,NaN,NaN,NaN,NaN,NaN,NaN,NaN,NaN,NaN,NaN,NaN,NaN,NaN,NaN,NaN,NaN,NaN,NaN,NaN,NaN,
79.762,-0.00590,-0.01024,0.13045,0.59569,0.19474,-0.07869,-0.77526,NaN,NaN,NaN,NaN,NaN,NaN,NaN,NaN,NaN,NaN,NaN,NaN,NaN,NaN,NaN,NaN,NaN,NaN,NaN,NaN,NaN,
79.787,-0.00579,-0.01031,0.13055,0.59490,0.19520,-0.07774,-0.77586,NaN,NaN,NaN,NaN,NaN,NaN,NaN,NaN,NaN,NaN,NaN,NaN,NaN,NaN,NaN,NaN,NaN,NaN,NaN,NaN,NaN,
79.812,-0.00580,-0.01031,0.13055,0.59312,0.19714,-0.07686,-0.77681,NaN,NaN,NaN,NaN,NaN,NaN,NaN,NaN,NaN,NaN,NaN,NaN,NaN,NaN,NaN,NaN,NaN,NaN,NaN,NaN,NaN,
79.838,-0.00574,-0.01034,0.13063,0.59039,0.20015,-0.07558,-0.77824,NaN,NaN,NaN,NaN,NaN,NaN,NaN,NaN,NaN,NaN,NaN,NaN,NaN,NaN,NaN,NaN,NaN,NaN,NaN,NaN,NaN,
79.862,-0.00564,-0.01033,0.13068,0.59013,0.20020,-0.07512,-0.77848,NaN,NaN,NaN,NaN,NaN,NaN,NaN,NaN,NaN,NaN,NaN,NaN,NaN,NaN,NaN,NaN,NaN,NaN,NaN,NaN,NaN,
79.887,-0.00555,-0.01045,0.13076,0.58787,0.20189,-0.07298,-0.77995,NaN,NaN,NaN,NaN,NaN,NaN,NaN,NaN,NaN,NaN,NaN,NaN,NaN,NaN,NaN,NaN,NaN,NaN,NaN,NaN,NaN,
79.912,-0.00556,-0.01043,0.13071,0.58575,0.20369,-0.07129,-0.78123,NaN,NaN,NaN,NaN,NaN,NaN,NaN,NaN,NaN,NaN,NaN,NaN,NaN,NaN,NaN,NaN,NaN,NaN,NaN,NaN,NaN,
79.938,-0.00537,-0.01049,0.13085,0.58498,0.20387,-0.07003,-0.78187,NaN,NaN,NaN,NaN,NaN,NaN,NaN,NaN,NaN,NaN,NaN,NaN,NaN,NaN,NaN,NaN,NaN,NaN,NaN,NaN,NaN,
79.963,-0.00538,-0.01050,0.13080,0.58290,0.20601,-0.06889,-0.78297,NaN,NaN,NaN,NaN,NaN,NaN,NaN,NaN,NaN,NaN,NaN,NaN,NaN,NaN,NaN,NaN,NaN,NaN,NaN,NaN,NaN,
79.988,-0.00522,-0.01058,0.13085,0.58120,0.20698,-0.06692,-0.78415,NaN,NaN,NaN,NaN,NaN,NaN,NaN,NaN,NaN,NaN,NaN,NaN,NaN,NaN,NaN,NaN,NaN,NaN,NaN,NaN,NaN,
80.012,-0.00522,-0.01058,0.13085,0.58120,0.20698,-0.06692,-0.78415,NaN,NaN,NaN,NaN,NaN,NaN,NaN,NaN,NaN,NaN,NaN,NaN,NaN,NaN,NaN,NaN,NaN,NaN,NaN,NaN,NaN,
80.038,-0.00511,-0.01055,0.13096,0.57899,0.20888,-0.06523,-0.78542,NaN,NaN,NaN,NaN,NaN,NaN,NaN,NaN,NaN,NaN,NaN,NaN,NaN,NaN,NaN,NaN,NaN,NaN,NaN,NaN,NaN,
80.062,-0.00511,-0.01055,0.13096,0.57899,0.20888,-0.06523,-0.78542,NaN,NaN,NaN,NaN,NaN,NaN,NaN,NaN,NaN,NaN,NaN,NaN,NaN,NaN,NaN,NaN,NaN,NaN,NaN,NaN,NaN,
80.087,-0.00505,-0.01054,0.13099,0.57773,0.20983,-0.06411,-0.78618,NaN,NaN,NaN,NaN,NaN,NaN,NaN,NaN,NaN,NaN,NaN,NaN,NaN,NaN,NaN,NaN,NaN,NaN,NaN,NaN,NaN,
80.112,-0.00501,-0.01052,0.13098,0.57700,0.21051,-0.06363,-0.78658,NaN,NaN,NaN,NaN,NaN,NaN,NaN,NaN,NaN,NaN,NaN,NaN,NaN,NaN,NaN,NaN,NaN,NaN,NaN,NaN,NaN,
80.138,-0.00486,-0.01043,0.13113,0.57694,0.21061,-0.06364,-0.78660,NaN,NaN,NaN,NaN,NaN,NaN,NaN,NaN,NaN,NaN,NaN,NaN,NaN,NaN,NaN,NaN,NaN,NaN,NaN,NaN,NaN,
80.162,-0.00486,-0.01043,0.13113,0.57694,0.21061,-0.06364,-0.78660,NaN,NaN,NaN,NaN,NaN,NaN,NaN,NaN,NaN,NaN,NaN,NaN,NaN,NaN,NaN,NaN,NaN,NaN,NaN,NaN,NaN,
80.188,-0.00490,-0.01035,0.13114,0.57585,0.21225,-0.06378,-0.78695,NaN,NaN,NaN,NaN,NaN,NaN,NaN,NaN,NaN,NaN,NaN,NaN,NaN,NaN,NaN,NaN,NaN,NaN,NaN,NaN,NaN,
80.212,-0.00476,-0.01037,0.13124,0.57540,0.21254,-0.06331,-0.78723,NaN,NaN,NaN,NaN,NaN,NaN,NaN,NaN,NaN,NaN,NaN,NaN,NaN,NaN,NaN,NaN,NaN,NaN,NaN,NaN,NaN,
80.238,-0.00472,-0.01029,0.13128,0.57511,0.21298,-0.06336,-0.78732,NaN,NaN,NaN,NaN,NaN,NaN,NaN,NaN,NaN,NaN,NaN,NaN,NaN,NaN,NaN,NaN,NaN,NaN,NaN,NaN,NaN,
80.263,-0.00466,-0.01024,0.13131,0.57547,0.21311,-0.06422,-0.78695,NaN,NaN,NaN,NaN,NaN,NaN,NaN,NaN,NaN,NaN,NaN,NaN,NaN,NaN,NaN,NaN,NaN,NaN,NaN,NaN,NaN,
80.288,-0.00456,-0.01016,0.13140,0.57589,0.21276,-0.06455,-0.78672,NaN,NaN,NaN,NaN,NaN,NaN,NaN,NaN,NaN,NaN,NaN,NaN,NaN,NaN,NaN,NaN,NaN,NaN,NaN,NaN,NaN,
80.312,-0.00456,-0.01016,0.13140,0.57589,0.21276,-0.06455,-0.78672,NaN,NaN,NaN,NaN,NaN,NaN,NaN,NaN,NaN,NaN,NaN,NaN,NaN,NaN,NaN,NaN,NaN,NaN,NaN,NaN,NaN,
80.338,-0.00434,-0.01011,0.13149,0.57393,0.21406,-0.06258,-0.78795,NaN,NaN,NaN,NaN,NaN,NaN,NaN,NaN,NaN,NaN,NaN,NaN,NaN,NaN,NaN,NaN,NaN,NaN,NaN,NaN,NaN,
80.362,-0.00424,-0.01020,0.13159,0.57260,0.21505,-0.06139,-0.78874,NaN,NaN,NaN,NaN,NaN,NaN,NaN,NaN,NaN,NaN,NaN,NaN,NaN,NaN,NaN,NaN,NaN,NaN,NaN,NaN,NaN,
80.387,-0.00424,-0.01020,0.13159,0.57260,0.21505,-0.06139,-0.78874,NaN,NaN,NaN,NaN,NaN,NaN,NaN,NaN,NaN,NaN,NaN,NaN,NaN,NaN,NaN,NaN,NaN,NaN,NaN,NaN,NaN,
80.413,-0.00416,-0.01009,0.13161,0.57143,0.21639,-0.06099,-0.78925,NaN,NaN,NaN,NaN,NaN,NaN,NaN,NaN,NaN,NaN,NaN,NaN,NaN,NaN,NaN,NaN,NaN,NaN,NaN,NaN,NaN,
80.438,-0.00413,-0.01012,0.13158,0.56932,0.21782,-0.05893,-0.79054,NaN,NaN,NaN,NaN,NaN,NaN,NaN,NaN,NaN,NaN,NaN,NaN,NaN,NaN,NaN,NaN,NaN,NaN,NaN,NaN,NaN,
80.463,-0.00401,-0.01009,0.13156,0.56801,0.21870,-0.05765,-0.79133,NaN,NaN,NaN,NaN,NaN,NaN,NaN,NaN,NaN,NaN,NaN,NaN,NaN,NaN,NaN,NaN,NaN,NaN,NaN,NaN,NaN,
80.488,-0.00388,-0.00996,0.13156,0.56841,0.21832,-0.05788,-0.79114,NaN,NaN,NaN,NaN,NaN,NaN,NaN,NaN,NaN,NaN,NaN,NaN,NaN,NaN,NaN,NaN,NaN,NaN,NaN,NaN,NaN,
80.512,-0.00369,-0.00971,0.13157,0.57139,0.21602,-0.06040,-0.78943,NaN,NaN,NaN,NaN,NaN,NaN,NaN,NaN,NaN,NaN,NaN,NaN,NaN,NaN,NaN,NaN,NaN,NaN,NaN,NaN,NaN,
80.538,-0.00370,-0.00940,0.13159,0.57396,0.21428,-0.06293,-0.78784,NaN,NaN,NaN,NaN,NaN,NaN,NaN,NaN,NaN,NaN,NaN,NaN,NaN,NaN,NaN,NaN,NaN,NaN,NaN,NaN,NaN,
80.563,-0.00355,-0.00927,0.13162,0.57503,0.21271,-0.06285,-0.78749,NaN,NaN,NaN,NaN,NaN,NaN,NaN,NaN,NaN,NaN,NaN,NaN,NaN,NaN,NaN,NaN,NaN,NaN,NaN,NaN,NaN,
80.587,-0.00355,-0.00927,0.13162,0.57503,0.21271,-0.06285,-0.78749,NaN,NaN,NaN,NaN,NaN,NaN,NaN,NaN,NaN,NaN,NaN,NaN,NaN,NaN,NaN,NaN,NaN,NaN,NaN,NaN,NaN,
80.612,-0.00340,-0.00919,0.13151,0.57425,0.21283,-0.06152,-0.78813,NaN,NaN,NaN,NaN,NaN,NaN,NaN,NaN,NaN,NaN,NaN,NaN,NaN,NaN,NaN,NaN,NaN,NaN,NaN,NaN,NaN,
80.638,-0.00302,-0.00921,0.13133,0.56988,0.21406,-0.05491,-0.79145,NaN,NaN,NaN,NaN,NaN,NaN,NaN,NaN,NaN,NaN,NaN,NaN,NaN,NaN,NaN,NaN,NaN,NaN,NaN,NaN,NaN,
80.663,-0.00290,-0.00913,0.13121,0.56864,0.21439,-0.05301,-0.79239,NaN,NaN,NaN,NaN,NaN,NaN,NaN,NaN,NaN,NaN,NaN,NaN,NaN,NaN,NaN,NaN,NaN,NaN,NaN,NaN,NaN,
80.688,-0.00276,-0.00908,0.13111,0.56625,0.21535,-0.04983,-0.79404,NaN,NaN,NaN,NaN,NaN,NaN,NaN,NaN,NaN,NaN,NaN,NaN,NaN,NaN,NaN,NaN,NaN,NaN,NaN,NaN,NaN,
80.712,-0.00254,-0.00912,0.13104,0.56296,0.21649,-0.04525,-0.79634,NaN,NaN,NaN,NaN,NaN,NaN,NaN,NaN,NaN,NaN,NaN,NaN,NaN,NaN,NaN,NaN,NaN,NaN,NaN,NaN,NaN,
80.738,-0.00254,-0.00912,0.13104,0.56296,0.21649,-0.04525,-0.79634,NaN,NaN,NaN,NaN,NaN,NaN,NaN,NaN,NaN,NaN,NaN,NaN,NaN,NaN,NaN,NaN,NaN,NaN,NaN,NaN,NaN,
80.762,-0.00254,-0.00912,0.13104,0.56296,0.21649,-0.04525,-0.79634,NaN,NaN,NaN,NaN,NaN,NaN,NaN,NaN,NaN,NaN,NaN,NaN,NaN,NaN,NaN,NaN,NaN,NaN,NaN,NaN,NaN,
80.787,-0.00217,-0.00916,0.13072,0.55677,0.21823,-0.03625,-0.80067,NaN,NaN,NaN,NaN,NaN,NaN,NaN,NaN,NaN,NaN,NaN,NaN,NaN,NaN,NaN,NaN,NaN,NaN,NaN,NaN,NaN,
80.812,-0.00179,-0.00921,0.13057,0.55000,0.21962,-0.02593,-0.80535,NaN,NaN,NaN,NaN,NaN,NaN,NaN,NaN,NaN,NaN,NaN,NaN,NaN,NaN,NaN,NaN,NaN,NaN,NaN,NaN,NaN,
80.837,-0.00179,-0.00921,0.13057,0.55000,0.21962,-0.02593,-0.80535,NaN,NaN,NaN,NaN,NaN,NaN,NaN,NaN,NaN,NaN,NaN,NaN,NaN,NaN,NaN,NaN,NaN,NaN,NaN,NaN,NaN,
80.863,-0.00132,-0.00922,0.13055,0.54453,0.21917,-0.01572,-0.80945,NaN,NaN,NaN,NaN,NaN,NaN,NaN,NaN,NaN,NaN,NaN,NaN,NaN,NaN,NaN,NaN,NaN,NaN,NaN,NaN,NaN,
80.888,-0.00119,-0.00891,0.13038,0.54610,0.21842,-0.01752,-0.80855,NaN,NaN,NaN,NaN,NaN,NaN,NaN,NaN,NaN,NaN,NaN,NaN,NaN,NaN,NaN,NaN,NaN,NaN,NaN,NaN,NaN,
80.912,-0.00119,-0.00891,0.13038,0.54610,0.21842,-0.01752,-0.80855,NaN,NaN,NaN,NaN,NaN,NaN,NaN,NaN,NaN,NaN,NaN,NaN,NaN,NaN,NaN,NaN,NaN,NaN,NaN,NaN,NaN,
80.937,-0.00098,-0.00873,0.13044,0.54677,0.21657,-0.01631,-0.80863,NaN,NaN,NaN,NaN,NaN,NaN,NaN,NaN,NaN,NaN,NaN,NaN,NaN,NaN,NaN,NaN,NaN,NaN,NaN,NaN,NaN,
80.962,-0.00064,-0.00868,0.13029,0.54126,0.21705,-0.00738,-0.81233,NaN,NaN,NaN,NaN,NaN,NaN,NaN,NaN,NaN,NaN,NaN,NaN,NaN,NaN,NaN,NaN,NaN,NaN,NaN,NaN,NaN,
80.988,-0.00032,-0.00869,0.13035,0.53893,0.21605,-0.00214,-0.81417,NaN,NaN,NaN,NaN,NaN,NaN,NaN,NaN,NaN,NaN,NaN,NaN,NaN,NaN,NaN,NaN,NaN,NaN,NaN,NaN,NaN,
81.012,-0.00032,-0.00869,0.13035,0.53893,0.21605,-0.00214,-0.81417,NaN,NaN,NaN,NaN,NaN,NaN,NaN,NaN,NaN,NaN,NaN,NaN,NaN,NaN,NaN,NaN,NaN,NaN,NaN,NaN,NaN,
81.038,-0.00001,-0.00869,0.13027,0.53353,0.21641,0.00655,-0.81760,NaN,NaN,NaN,NaN,NaN,NaN,NaN,NaN,NaN,NaN,NaN,NaN,NaN,NaN,NaN,NaN,NaN,NaN,NaN,NaN,NaN,
81.062,-0.00001,-0.00869,0.13027,0.53353,0.21641,0.00655,-0.81760,NaN,NaN,NaN,NaN,NaN,NaN,NaN,NaN,NaN,NaN,NaN,NaN,NaN,NaN,NaN,NaN,NaN,NaN,NaN,NaN,NaN,
81.088,0.00042,-0.00859,0.13017,0.52916,0.21522,0.01530,-0.82063,NaN,NaN,NaN,NaN,NaN,NaN,NaN,NaN,NaN,NaN,NaN,NaN,NaN,NaN,NaN,NaN,NaN,NaN,NaN,NaN,NaN,
81.112,0.00042,-0.00859,0.13017,0.52916,0.21522,0.01530,-0.82063,NaN,NaN,NaN,NaN,NaN,NaN,NaN,NaN,NaN,NaN,NaN,NaN,NaN,NaN,NaN,NaN,NaN,NaN,NaN,NaN,NaN,
81.138,0.00090,-0.00868,0.13013,0.52403,0.21422,0.02493,-0.82394,NaN,NaN,NaN,NaN,NaN,NaN,NaN,NaN,NaN,NaN,NaN,NaN,NaN,NaN,NaN,NaN,NaN,NaN,NaN,NaN,NaN,
81.162,0.00109,-0.00865,0.13011,0.52215,0.21328,0.02910,-0.82524,NaN,NaN,NaN,NaN,NaN,NaN,NaN,NaN,NaN,NaN,NaN,NaN,NaN,NaN,NaN,NaN,NaN,NaN,NaN,NaN,NaN,
81.188,0.00113,-0.00862,0.12998,0.52001,0.21343,0.03238,-0.82643,NaN,NaN,NaN,NaN,NaN,NaN,NaN,NaN,NaN,NaN,NaN,NaN,NaN,NaN,NaN,NaN,NaN,NaN,NaN,NaN,NaN,
81.212,0.00113,-0.00862,0.12998,0.52001,0.21343,0.03238,-0.82643,NaN,NaN,NaN,NaN,NaN,NaN,NaN,NaN,NaN,NaN,NaN,NaN,NaN,NaN,NaN,NaN,NaN,NaN,NaN,NaN,NaN,
81.237,0.00139,-0.00864,0.12998,0.51859,0.21219,0.03614,-0.82749,NaN,NaN,NaN,NaN,NaN,NaN,NaN,NaN,NaN,NaN,NaN,NaN,NaN,NaN,NaN,NaN,NaN,NaN,NaN,NaN,NaN,
81.263,0.00175,-0.00854,0.12997,0.51492,0.20967,0.04494,-0.82999,NaN,NaN,NaN,NaN,NaN,NaN,NaN,NaN,NaN,NaN,NaN,NaN,NaN,NaN,NaN,NaN,NaN,NaN,NaN,NaN,NaN,
81.288,0.00165,-0.00833,0.13008,0.51314,0.20887,0.04868,-0.83108,NaN,NaN,NaN,NaN,NaN,NaN,NaN,NaN,NaN,NaN,NaN,NaN,NaN,NaN,NaN,NaN,NaN,NaN,NaN,NaN,NaN,
81.312,0.00115,-0.00775,0.12953,0.52114,0.21301,0.03106,-0.82588,NaN,NaN,NaN,NaN,NaN,NaN,NaN,NaN,NaN,NaN,NaN,NaN,NaN,NaN,NaN,NaN,NaN,NaN,NaN,NaN,NaN,
81.337,0.00115,-0.00775,0.12953,0.52114,0.21301,0.03106,-0.82588,NaN,NaN,NaN,NaN,NaN,NaN,NaN,NaN,NaN,NaN,NaN,NaN,NaN,NaN,NaN,NaN,NaN,NaN,NaN,NaN,NaN,
81.362,0.00132,-0.00658,0.12993,0.53706,0.20417,0.01566,-0.81831,NaN,NaN,NaN,NaN,NaN,NaN,NaN,NaN,NaN,NaN,NaN,NaN,NaN,NaN,NaN,NaN,NaN,NaN,NaN,NaN,NaN,
81.388,0.00238,-0.00571,0.13023,0.55158,0.19492,0.00241,-0.81102,NaN,NaN,NaN,NaN,NaN,NaN,NaN,NaN,NaN,NaN,NaN,NaN,NaN,NaN,NaN,NaN,NaN,NaN,NaN,NaN,NaN,
81.412,0.00128,-0.00499,0.13031,0.55614,0.19601,-0.00679,-0.80761,NaN,NaN,NaN,NaN,NaN,NaN,NaN,NaN,NaN,NaN,NaN,NaN,NaN,NaN,NaN,NaN,NaN,NaN,NaN,NaN,NaN,
81.437,0.00128,-0.00499,0.13031,0.55614,0.19601,-0.00679,-0.80761,NaN,NaN,NaN,NaN,NaN,NaN,NaN,NaN,NaN,NaN,NaN,NaN,NaN,NaN,NaN,NaN,NaN,NaN,NaN,NaN,NaN,
81.462,0.00108,-0.00398,0.13000,0.56859,0.19312,-0.02520,-0.79924,NaN,NaN,NaN,NaN,NaN,NaN,NaN,NaN,NaN,NaN,NaN,NaN,NaN,NaN,NaN,NaN,NaN,NaN,NaN,NaN,NaN,
81.488,0.00041,-0.00277,0.13019,0.58111,0.18853,-0.04231,-0.79055,NaN,NaN,NaN,NaN,NaN,NaN,NaN,NaN,NaN,NaN,NaN,NaN,NaN,NaN,NaN,NaN,NaN,NaN,NaN,NaN,NaN,
81.512,0.00041,-0.00277,0.13019,0.58111,0.18853,-0.04231,-0.79055,NaN,NaN,NaN,NaN,NaN,NaN,NaN,NaN,NaN,NaN,NaN,NaN,NaN,NaN,NaN,NaN,NaN,NaN,NaN,NaN,NaN,
81.538,0.00045,-0.00154,0.13037,0.59672,0.17939,-0.06012,-0.77983,NaN,NaN,NaN,NaN,NaN,NaN,NaN,NaN,NaN,NaN,NaN,NaN,NaN,NaN,NaN,NaN,NaN,NaN,NaN,NaN,NaN,
81.563,0.00029,-0.00117,0.13059,0.60084,0.17744,-0.06561,-0.77666,NaN,NaN,NaN,NaN,NaN,NaN,NaN,NaN,NaN,NaN,NaN,NaN,NaN,NaN,NaN,NaN,NaN,NaN,NaN,NaN,NaN,
81.588,-0.00019,-0.00064,0.13059,0.60447,0.17723,-0.07253,-0.77327,NaN,NaN,NaN,NaN,NaN,NaN,NaN,NaN,NaN,NaN,NaN,NaN,NaN,NaN,NaN,NaN,NaN,NaN,NaN,NaN,NaN,
81.613,-0.00023,-0.00018,0.13046,0.60891,0.17537,-0.07896,-0.76957,NaN,NaN,NaN,NaN,NaN,NaN,NaN,NaN,NaN,NaN,NaN,NaN,NaN,NaN,NaN,NaN,NaN,NaN,NaN,NaN,NaN,
81.638,-0.00027,0.00003,0.13054,0.61054,0.17431,-0.08082,-0.76833,NaN,NaN,NaN,NaN,NaN,NaN,NaN,NaN,NaN,NaN,NaN,NaN,NaN,NaN,NaN,NaN,NaN,NaN,NaN,NaN,NaN,
81.662,-0.00027,0.00003,0.13054,0.61054,0.17431,-0.08082,-0.76833,NaN,NaN,NaN,NaN,NaN,NaN,NaN,NaN,NaN,NaN,NaN,NaN,NaN,NaN,NaN,NaN,NaN,NaN,NaN,NaN,NaN,
81.688,-0.00035,0.00035,0.13057,0.61329,0.17328,-0.08506,-0.76591,NaN,NaN,NaN,NaN,NaN,NaN,NaN,NaN,NaN,NaN,NaN,NaN,NaN,NaN,NaN,NaN,NaN,NaN,NaN,NaN,NaN,
81.712,-0.00035,0.00035,0.13057,0.61329,0.17328,-0.08506,-0.76591,NaN,NaN,NaN,NaN,NaN,NaN,NaN,NaN,NaN,NaN,NaN,NaN,NaN,NaN,NaN,NaN,NaN,NaN,NaN,NaN,NaN,
81.738,-0.00052,0.00050,0.13054,0.61086,0.17543,-0.08301,-0.76758,NaN,NaN,NaN,NaN,NaN,NaN,NaN,NaN,NaN,NaN,NaN,NaN,NaN,NaN,NaN,NaN,NaN,NaN,NaN,NaN,NaN,
81.762,-0.00052,0.00050,0.13054,0.61086,0.17543,-0.08301,-0.76758,NaN,NaN,NaN,NaN,NaN,NaN,NaN,NaN,NaN,NaN,NaN,NaN,NaN,NaN,NaN,NaN,NaN,NaN,NaN,NaN,NaN,
81.788,-0.00062,0.00059,0.13056,0.60947,0.17701,-0.08231,-0.76840,NaN,NaN,NaN,NaN,NaN,NaN,NaN,NaN,NaN,NaN,NaN,NaN,NaN,NaN,NaN,NaN,NaN,NaN,NaN,NaN,NaN,
81.812,-0.00062,0.00059,0.13056,0.60947,0.17701,-0.08231,-0.76840,NaN,NaN,NaN,NaN,NaN,NaN,NaN,NaN,NaN,NaN,NaN,NaN,NaN,NaN,NaN,NaN,NaN,NaN,NaN,NaN,NaN,
81.838,-0.00060,0.00057,0.13054,0.60601,0.17938,-0.07851,-0.77098,NaN,NaN,NaN,NaN,NaN,NaN,NaN,NaN,NaN,NaN,NaN,NaN,NaN,NaN,NaN,NaN,NaN,NaN,NaN,NaN,NaN,
81.863,-0.00071,0.00054,0.13055,0.60304,0.18130,-0.07512,-0.77320,NaN,NaN,NaN,NaN,NaN,NaN,NaN,NaN,NaN,NaN,NaN,NaN,NaN,NaN,NaN,NaN,NaN,NaN,NaN,NaN,NaN,
81.888,-0.00068,0.00049,0.13061,0.60121,0.18214,-0.07261,-0.77466,NaN,NaN,NaN,NaN,NaN,NaN,NaN,NaN,NaN,NaN,NaN,NaN,NaN,NaN,NaN,NaN,NaN,NaN,NaN,NaN,NaN,
81.912,-0.00068,0.00049,0.13061,0.60121,0.18214,-0.07261,-0.77466,NaN,NaN,NaN,NaN,NaN,NaN,NaN,NaN,NaN,NaN,NaN,NaN,NaN,NaN,NaN,NaN,NaN,NaN,NaN,NaN,NaN,
81.938,-0.00060,0.00038,0.13061,0.59873,0.18337,-0.06935,-0.77658,NaN,NaN,NaN,NaN,NaN,NaN,NaN,NaN,NaN,NaN,NaN,NaN,NaN,NaN,NaN,NaN,NaN,NaN,NaN,NaN,NaN,
81.962,-0.00069,0.00044,0.13053,0.59735,0.18465,-0.06833,-0.77744,NaN,NaN,NaN,NaN,NaN,NaN,NaN,NaN,NaN,NaN,NaN,NaN,NaN,NaN,NaN,NaN,NaN,NaN,NaN,NaN,NaN,
81.988,-0.00064,0.00035,0.13059,0.59618,0.18514,-0.06668,-0.77836,NaN,NaN,NaN,NaN,NaN,NaN,NaN,NaN,NaN,NaN,NaN,NaN,NaN,NaN,NaN,NaN,NaN,NaN,NaN,NaN,NaN,
82.012,-0.00075,0.00041,0.13055,0.59420,0.18641,-0.06449,-0.77976,NaN,NaN,NaN,NaN,NaN,NaN,NaN,NaN,NaN,NaN,NaN,NaN,NaN,NaN,NaN,NaN,NaN,NaN,NaN,NaN,NaN,
82.038,-0.00072,0.00035,0.13058,0.59252,0.18727,-0.06237,-0.78100,NaN,NaN,NaN,NaN,NaN,NaN,NaN,NaN,NaN,NaN,NaN,NaN,NaN,NaN,NaN,NaN,NaN,NaN,NaN,NaN,NaN,
82.062,-0.00072,0.00035,0.13058,0.59252,0.18727,-0.06237,-0.78100,NaN,NaN,NaN,NaN,NaN,NaN,NaN,NaN,NaN,NaN,NaN,NaN,NaN,NaN,NaN,NaN,NaN,NaN,NaN,NaN,NaN,
82.088,-0.00067,0.00025,0.13046,0.58860,0.18941,-0.05763,-0.78381,NaN,NaN,NaN,NaN,NaN,NaN,NaN,NaN,NaN,NaN,NaN,NaN,NaN,NaN,NaN,NaN,NaN,NaN,NaN,NaN,NaN,
82.112,-0.00067,0.00025,0.13046,0.58860,0.18941,-0.05763,-0.78381,NaN,NaN,NaN,NaN,NaN,NaN,NaN,NaN,NaN,NaN,NaN,NaN,NaN,NaN,NaN,NaN,NaN,NaN,NaN,NaN,NaN,
82.138,-0.00070,0.00011,0.13054,0.58452,0.19144,-0.05252,-0.78672,NaN,NaN,NaN,NaN,NaN,NaN,NaN,NaN,NaN,NaN,NaN,NaN,NaN,NaN,NaN,NaN,NaN,NaN,NaN,NaN,NaN,
82.162,-0.00071,0.00012,0.13051,0.58392,0.19176,-0.05179,-0.78714,NaN,NaN,NaN,NaN,NaN,NaN,NaN,NaN,NaN,NaN,NaN,NaN,NaN,NaN,NaN,NaN,NaN,NaN,NaN,NaN,NaN,
82.187,-0.00071,0.00012,0.13051,0.58392,0.19176,-0.05179,-0.78714,NaN,NaN,NaN,NaN,NaN,NaN,NaN,NaN,NaN,NaN,NaN,NaN,NaN,NaN,NaN,NaN,NaN,NaN,NaN,NaN,NaN,
82.212,-0.00070,0.00005,0.13048,0.58279,0.19236,-0.05044,-0.78791,NaN,NaN,NaN,NaN,NaN,NaN,NaN,NaN,NaN,NaN,NaN,NaN,NaN,NaN,NaN,NaN,NaN,NaN,NaN,NaN,NaN,
82.237,-0.00071,0.00007,0.13048,0.58018,0.19344,-0.04693,-0.78979,NaN,NaN,NaN,NaN,NaN,NaN,NaN,NaN,NaN,NaN,NaN,NaN,NaN,NaN,NaN,NaN,NaN,NaN,NaN,NaN,NaN,
82.262,-0.00063,0.00006,0.13046,0.57801,0.19404,-0.04365,-0.79142,NaN,NaN,NaN,NaN,NaN,NaN,NaN,NaN,NaN,NaN,NaN,NaN,NaN,NaN,NaN,NaN,NaN,NaN,NaN,NaN,NaN,
82.287,-0.00060,-0.00011,0.13053,0.57568,0.19504,-0.04061,-0.79304,NaN,NaN,NaN,NaN,NaN,NaN,NaN,NaN,NaN,NaN,NaN,NaN,NaN,NaN,NaN,NaN,NaN,NaN,NaN,NaN,NaN,
82.312,-0.00066,-0.00032,0.13047,0.57008,0.19723,-0.03316,-0.79687,NaN,NaN,NaN,NaN,NaN,NaN,NaN,NaN,NaN,NaN,NaN,NaN,NaN,NaN,NaN,NaN,NaN,NaN,NaN,NaN,NaN,
82.338,-0.00070,-0.00035,0.13039,0.56894,0.19805,-0.03213,-0.79753,NaN,NaN,NaN,NaN,NaN,NaN,NaN,NaN,NaN,NaN,NaN,NaN,NaN,NaN,NaN,NaN,NaN,NaN,NaN,NaN,NaN,
82.362,-0.00070,-0.00035,0.13039,0.56894,0.19805,-0.03213,-0.79753,NaN,NaN,NaN,NaN,NaN,NaN,NaN,NaN,NaN,NaN,NaN,NaN,NaN,NaN,NaN,NaN,NaN,NaN,NaN,NaN,NaN,
82.387,-0.00062,-0.00031,0.13039,0.56867,0.19778,-0.03130,-0.79782,NaN,NaN,NaN,NaN,NaN,NaN,NaN,NaN,NaN,NaN,NaN,NaN,NaN,NaN,NaN,NaN,NaN,NaN,NaN,NaN,NaN,
82.412,-0.00065,-0.00045,0.13038,0.56521,0.19942,-0.02713,-0.80002,NaN,NaN,NaN,NaN,NaN,NaN,NaN,NaN,NaN,NaN,NaN,NaN,NaN,NaN,NaN,NaN,NaN,NaN,NaN,NaN,NaN,
82.438,-0.00054,-0.00064,0.13037,0.55914,0.20061,-0.01781,-0.80424,NaN,NaN,NaN,NaN,NaN,NaN,NaN,NaN,NaN,NaN,NaN,NaN,NaN,NaN,NaN,NaN,NaN,NaN,NaN,NaN,NaN,
82.462,-0.00054,-0.00064,0.13037,0.55914,0.20061,-0.01781,-0.80424,NaN,NaN,NaN,NaN,NaN,NaN,NaN,NaN,NaN,NaN,NaN,NaN,NaN,NaN,NaN,NaN,NaN,NaN,NaN,NaN,NaN,
82.487,-0.00041,-0.00077,0.13035,0.55729,0.20078,-0.01476,-0.80554,NaN,NaN,NaN,NaN,NaN,NaN,NaN,NaN,NaN,NaN,NaN,NaN,NaN,NaN,NaN,NaN,NaN,NaN,NaN,NaN,NaN,
82.512,-0.00043,-0.00079,0.13025,0.55544,0.20145,-0.01235,-0.80669,NaN,NaN,NaN,NaN,NaN,NaN,NaN,NaN,NaN,NaN,NaN,NaN,NaN,NaN,NaN,NaN,NaN,NaN,NaN,NaN,NaN,
82.538,-0.00033,-0.00090,0.13029,0.55415,0.20124,-0.00982,-0.80767,NaN,NaN,NaN,NaN,NaN,NaN,NaN,NaN,NaN,NaN,NaN,NaN,NaN,NaN,NaN,NaN,NaN,NaN,NaN,NaN,NaN,
82.562,-0.00033,-0.00090,0.13029,0.55415,0.20124,-0.00982,-0.80767,NaN,NaN,NaN,NaN,NaN,NaN,NaN,NaN,NaN,NaN,NaN,NaN,NaN,NaN,NaN,NaN,NaN,NaN,NaN,NaN,NaN,
82.588,-0.00009,-0.00129,0.13030,0.54880,0.20178,-0.00124,-0.81124,NaN,NaN,NaN,NaN,NaN,NaN,NaN,NaN,NaN,NaN,NaN,NaN,NaN,NaN,NaN,NaN,NaN,NaN,NaN,NaN,NaN,
82.612,-0.00009,-0.00129,0.13030,0.54880,0.20178,-0.00124,-0.81124,NaN,NaN,NaN,NaN,NaN,NaN,NaN,NaN,NaN,NaN,NaN,NaN,NaN,NaN,NaN,NaN,NaN,NaN,NaN,NaN,NaN,
82.638,-0.00015,-0.00132,0.13015,0.54605,0.20288,0.00210,-0.81281,NaN,NaN,NaN,NaN,NaN,NaN,NaN,NaN,NaN,NaN,NaN,NaN,NaN,NaN,NaN,NaN,NaN,NaN,NaN,NaN,NaN,
82.662,-0.00011,-0.00133,0.13014,0.54566,0.20268,0.00300,-0.81312,NaN,NaN,NaN,NaN,NaN,NaN,NaN,NaN,NaN,NaN,NaN,NaN,NaN,NaN,NaN,NaN,NaN,NaN,NaN,NaN,NaN,
82.688,-0.00027,-0.00127,0.13008,0.54429,0.20328,0.00460,-0.81388,NaN,NaN,NaN,NaN,NaN,NaN,NaN,NaN,NaN,NaN,NaN,NaN,NaN,NaN,NaN,NaN,NaN,NaN,NaN,NaN,NaN,
82.713,-0.00019,-0.00135,0.13013,0.54275,0.20326,0.00723,-0.81490,NaN,NaN,NaN,NaN,NaN,NaN,NaN,NaN,NaN,NaN,NaN,NaN,NaN,NaN,NaN,NaN,NaN,NaN,NaN,NaN,NaN,
82.737,-0.00019,-0.00135,0.13013,0.54275,0.20326,0.00723,-0.81490,NaN,NaN,NaN,NaN,NaN,NaN,NaN,NaN,NaN,NaN,NaN,NaN,NaN,NaN,NaN,NaN,NaN,NaN,NaN,NaN,NaN,
82.762,-0.00013,-0.00160,0.13006,0.53928,0.20424,0.01186,-0.81689,NaN,NaN,NaN,NaN,NaN,NaN,NaN,NaN,NaN,NaN,NaN,NaN,NaN,NaN,NaN,NaN,NaN,NaN,NaN,NaN,NaN,
82.788,0.00014,-0.00173,0.13006,0.53516,0.20289,0.02035,-0.81977,NaN,NaN,NaN,NaN,NaN,NaN,NaN,NaN,NaN,NaN,NaN,NaN,NaN,NaN,NaN,NaN,NaN,NaN,NaN,NaN,NaN,
82.812,0.00014,-0.00173,0.13006,0.53516,0.20289,0.02035,-0.81977,NaN,NaN,NaN,NaN,NaN,NaN,NaN,NaN,NaN,NaN,NaN,NaN,NaN,NaN,NaN,NaN,NaN,NaN,NaN,NaN,NaN,
82.838,0.00047,-0.00210,0.13018,0.52927,0.20213,0.03090,-0.82344,NaN,NaN,NaN,NaN,NaN,NaN,NaN,NaN,NaN,NaN,NaN,NaN,NaN,NaN,NaN,NaN,NaN,NaN,NaN,NaN,NaN,
82.862,0.00049,-0.00213,0.13012,0.52860,0.20219,0.03191,-0.82382,NaN,NaN,NaN,NaN,NaN,NaN,NaN,NaN,NaN,NaN,NaN,NaN,NaN,NaN,NaN,NaN,NaN,NaN,NaN,NaN,NaN,
82.887,0.00049,-0.00213,0.13012,0.52860,0.20219,0.03191,-0.82382,NaN,NaN,NaN,NaN,NaN,NaN,NaN,NaN,NaN,NaN,NaN,NaN,NaN,NaN,NaN,NaN,NaN,NaN,NaN,NaN,NaN,
82.912,0.00042,-0.00213,0.12996,0.52794,0.20229,0.03287,-0.82418,NaN,NaN,NaN,NaN,NaN,NaN,NaN,NaN,NaN,NaN,NaN,NaN,NaN,NaN,NaN,NaN,NaN,NaN,NaN,NaN,NaN,
82.938,0.00047,-0.00211,0.12997,0.52783,0.20211,0.03326,-0.82428,NaN,NaN,NaN,NaN,NaN,NaN,NaN,NaN,NaN,NaN,NaN,NaN,NaN,NaN,NaN,NaN,NaN,NaN,NaN,NaN,NaN,
82.962,0.00047,-0.00211,0.12997,0.52783,0.20211,0.03326,-0.82428,NaN,NaN,NaN,NaN,NaN,NaN,NaN,NaN,NaN,NaN,NaN,NaN,NaN,NaN,NaN,NaN,NaN,NaN,NaN,NaN,NaN,
82.987,0.00042,-0.00212,0.12992,0.52741,0.20240,0.03359,-0.82446,NaN,NaN,NaN,NaN,NaN,NaN,NaN,NaN,NaN,NaN,NaN,NaN,NaN,NaN,NaN,NaN,NaN,NaN,NaN,NaN,NaN,
83.012,0.00040,-0.00212,0.12997,0.52706,0.20241,0.03415,-0.82467,NaN,NaN,NaN,NaN,NaN,NaN,NaN,NaN,NaN,NaN,NaN,NaN,NaN,NaN,NaN,NaN,NaN,NaN,NaN,NaN,NaN,
83.037,0.00040,-0.00215,0.13000,0.52674,0.20255,0.03450,-0.82482,NaN,NaN,NaN,NaN,NaN,NaN,NaN,NaN,NaN,NaN,NaN,NaN,NaN,NaN,NaN,NaN,NaN,NaN,NaN,NaN,NaN,
83.063,0.00048,-0.00213,0.12998,0.52769,0.20236,0.03319,-0.82431,NaN,NaN,NaN,NaN,NaN,NaN,NaN,NaN,NaN,NaN,NaN,NaN,NaN,NaN,NaN,NaN,NaN,NaN,NaN,NaN,NaN,
83.087,0.00048,-0.00213,0.12998,0.52769,0.20236,0.03319,-0.82431,NaN,NaN,NaN,NaN,NaN,NaN,NaN,NaN,NaN,NaN,NaN,NaN,NaN,NaN,NaN,NaN,NaN,NaN,NaN,NaN,NaN,
83.112,0.00047,-0.00212,0.12996,0.52751,0.20236,0.03348,-0.82442,NaN,NaN,NaN,NaN,NaN,NaN,NaN,NaN,NaN,NaN,NaN,NaN,NaN,NaN,NaN,NaN,NaN,NaN,NaN,NaN,NaN,
83.138,0.00047,-0.00213,0.12995,0.52710,0.20239,0.03410,-0.82464,NaN,NaN,NaN,NaN,NaN,NaN,NaN,NaN,NaN,NaN,NaN,NaN,NaN,NaN,NaN,NaN,NaN,NaN,NaN,NaN,NaN,
83.162,0.00047,-0.00213,0.12995,0.52693,0.20242,0.03435,-0.82474,NaN,NaN,NaN,NaN,NaN,NaN,NaN,NaN,NaN,NaN,NaN,NaN,NaN,NaN,NaN,NaN,NaN,NaN,NaN,NaN,NaN,
83.187,0.00047,-0.00213,0.12995,0.52693,0.20242,0.03435,-0.82474,NaN,NaN,NaN,NaN,NaN,NaN,NaN,NaN,NaN,NaN,NaN,NaN,NaN,NaN,NaN,NaN,NaN,NaN,NaN,NaN,NaN,
83.212,0.00047,-0.00213,0.12996,0.52681,0.20241,0.03454,-0.82481,NaN,NaN,NaN,NaN,NaN,NaN,NaN,NaN,NaN,NaN,NaN,NaN,NaN,NaN,NaN,NaN,NaN,NaN,NaN,NaN,NaN,
83.238,0.00050,-0.00214,0.12996,0.52657,0.20235,0.03500,-0.82496,NaN,NaN,NaN,NaN,NaN,NaN,NaN,NaN,NaN,NaN,NaN,NaN,NaN,NaN,NaN,NaN,NaN,NaN,NaN,NaN,NaN,
83.263,0.00051,-0.00215,0.12995,0.52635,0.20232,0.03539,-0.82509,NaN,NaN,NaN,NaN,NaN,NaN,NaN,NaN,NaN,NaN,NaN,NaN,NaN,NaN,NaN,NaN,NaN,NaN,NaN,NaN,NaN,
83.287,0.00051,-0.00215,0.12995,0.52635,0.20232,0.03539,-0.82509,NaN,NaN,NaN,NaN,NaN,NaN,NaN,NaN,NaN,NaN,NaN,NaN,NaN,NaN,NaN,NaN,NaN,NaN,NaN,NaN,NaN,
83.312,0.00053,-0.00215,0.12994,0.52614,0.20228,0.03578,-0.82522,NaN,NaN,NaN,NaN,NaN,NaN,NaN,NaN,NaN,NaN,NaN,NaN,NaN,NaN,NaN,NaN,NaN,NaN,NaN,NaN,NaN,
83.337,0.00055,-0.00215,0.12994,0.52590,0.20219,0.03627,-0.82537,NaN,NaN,NaN,NaN,NaN,NaN,NaN,NaN,NaN,NaN,NaN,NaN,NaN,NaN,NaN,NaN,NaN,NaN,NaN,NaN,NaN,
83.363,0.00059,-0.00218,0.12989,0.52523,0.20205,0.03751,-0.82577,NaN,NaN,NaN,NaN,NaN,NaN,NaN,NaN,NaN,NaN,NaN,NaN,NaN,NaN,NaN,NaN,NaN,NaN,NaN,NaN,NaN,
83.388,-0.00029,-0.00319,0.12966,0.50263,0.20987,0.06380,-0.83621,NaN,NaN,NaN,NaN,NaN,NaN,NaN,NaN,NaN,NaN,NaN,NaN,NaN,NaN,NaN,NaN,NaN,NaN,NaN,NaN,NaN,
83.412,-0.00029,-0.00319,0.12966,0.50263,0.20987,0.06380,-0.83621,NaN,NaN,NaN,NaN,NaN,NaN,NaN,NaN,NaN,NaN,NaN,NaN,NaN,NaN,NaN,NaN,NaN,NaN,NaN,NaN,NaN,
83.438,0.00194,-0.00375,0.13010,0.50513,0.19345,0.07861,-0.83740,NaN,NaN,NaN,NaN,NaN,NaN,NaN,NaN,NaN,NaN,NaN,NaN,NaN,NaN,NaN,NaN,NaN,NaN,NaN,NaN,NaN,
83.463,0.00179,-0.00334,0.12950,0.50530,0.19563,0.07592,-0.83704,NaN,NaN,NaN,NaN,NaN,NaN,NaN,NaN,NaN,NaN,NaN,NaN,NaN,NaN,NaN,NaN,NaN,NaN,NaN,NaN,NaN,
83.488,0.00193,-0.00373,0.12988,0.50406,0.19372,0.07991,-0.83786,NaN,NaN,NaN,NaN,NaN,NaN,NaN,NaN,NaN,NaN,NaN,NaN,NaN,NaN,NaN,NaN,NaN,NaN,NaN,NaN,NaN,
83.512,0.00200,-0.00358,0.12965,0.50330,0.19388,0.08088,-0.83819,NaN,NaN,NaN,NaN,NaN,NaN,NaN,NaN,NaN,NaN,NaN,NaN,NaN,NaN,NaN,NaN,NaN,NaN,NaN,NaN,NaN,
83.538,0.00211,-0.00383,0.12970,0.50158,0.19298,0.08446,-0.83907,NaN,NaN,NaN,NaN,NaN,NaN,NaN,NaN,NaN,NaN,NaN,NaN,NaN,NaN,NaN,NaN,NaN,NaN,NaN,NaN,NaN,
83.562,0.00231,-0.00392,0.12969,-0.49898,-0.19057,-0.09099,0.84049,NaN,NaN,NaN,NaN,NaN,NaN,NaN,NaN,NaN,NaN,NaN,NaN,NaN,NaN,NaN,NaN,NaN,NaN,NaN,NaN,NaN,
83.588,0.00261,-0.00421,0.12970,-0.49649,-0.18879,-0.09660,0.84174,NaN,NaN,NaN,NaN,NaN,NaN,NaN,NaN,NaN,NaN,NaN,NaN,NaN,NaN,NaN,NaN,NaN,NaN,NaN,NaN,NaN,
83.613,0.00267,-0.00423,0.12969,-0.49583,-0.18834,-0.09806,0.84206,NaN,NaN,NaN,NaN,NaN,NaN,NaN,NaN,NaN,NaN,NaN,NaN,NaN,NaN,NaN,NaN,NaN,NaN,NaN,NaN,NaN,
83.638,0.00267,-0.00430,0.12963,-0.49528,-0.18819,-0.09903,0.84231,NaN,NaN,NaN,NaN,NaN,NaN,NaN,NaN,NaN,NaN,NaN,NaN,NaN,NaN,NaN,NaN,NaN,NaN,NaN,NaN,NaN,
83.662,0.00267,-0.00430,0.12963,-0.49528,-0.18819,-0.09903,0.84231,NaN,NaN,NaN,NaN,NaN,NaN,NaN,NaN,NaN,NaN,NaN,NaN,NaN,NaN,NaN,NaN,NaN,NaN,NaN,NaN,NaN,
83.688,0.00308,-0.00434,0.12955,-0.49470,-0.18641,-0.10179,0.84271,NaN,NaN,NaN,NaN,NaN,NaN,NaN,NaN,NaN,NaN,NaN,NaN,NaN,NaN,NaN,NaN,NaN,NaN,NaN,NaN,NaN,
83.713,0.00379,-0.00445,0.13025,-0.49306,-0.17595,-0.11535,0.84417,NaN,NaN,NaN,NaN,NaN,NaN,NaN,NaN,NaN,NaN,NaN,NaN,NaN,NaN,NaN,NaN,NaN,NaN,NaN,NaN,NaN,
83.738,0.00383,-0.00499,0.12932,-0.48572,-0.17900,-0.12261,0.84676,NaN,NaN,NaN,NaN,NaN,NaN,NaN,NaN,NaN,NaN,NaN,NaN,NaN,NaN,NaN,NaN,NaN,NaN,NaN,NaN,NaN,
83.762,0.00383,-0.00499,0.12932,-0.48572,-0.17900,-0.12261,0.84676,NaN,NaN,NaN,NaN,NaN,NaN,NaN,NaN,NaN,NaN,NaN,NaN,NaN,NaN,NaN,NaN,NaN,NaN,NaN,NaN,NaN,
83.788,0.00386,-0.00512,0.12942,-0.48487,-0.17822,-0.12462,0.84712,NaN,NaN,NaN,NaN,NaN,NaN,NaN,NaN,NaN,NaN,NaN,NaN,NaN,NaN,NaN,NaN,NaN,NaN,NaN,NaN,NaN,
83.812,0.00379,-0.00530,0.12959,-0.48431,-0.17745,-0.12622,0.84736,NaN,NaN,NaN,NaN,NaN,NaN,NaN,NaN,NaN,NaN,NaN,NaN,NaN,NaN,NaN,NaN,NaN,NaN,NaN,NaN,NaN,
83.837,0.00379,-0.00530,0.12959,-0.48431,-0.17745,-0.12622,0.84736,NaN,NaN,NaN,NaN,NaN,NaN,NaN,NaN,NaN,NaN,NaN,NaN,NaN,NaN,NaN,NaN,NaN,NaN,NaN,NaN,NaN,
83.863,0.00440,-0.00674,0.12928,-0.46845,-0.18168,-0.14386,0.85256,NaN,NaN,NaN,NaN,NaN,NaN,NaN,NaN,NaN,NaN,NaN,NaN,NaN,NaN,NaN,NaN,NaN,NaN,NaN,NaN,NaN,
83.888,0.00733,-0.00709,0.13013,-0.47529,-0.15436,-0.16213,0.85087,NaN,NaN,NaN,NaN,NaN,NaN,NaN,NaN,NaN,NaN,NaN,NaN,NaN,NaN,NaN,NaN,NaN,NaN,NaN,NaN,NaN,
83.912,0.00733,-0.00709,0.13013,-0.47529,-0.15436,-0.16213,0.85087,NaN,NaN,NaN,NaN,NaN,NaN,NaN,NaN,NaN,NaN,NaN,NaN,NaN,NaN,NaN,NaN,NaN,NaN,NaN,NaN,NaN,
83.938,0.00628,-0.00689,0.12960,-0.47072,-0.15656,-0.16612,0.85224,NaN,NaN,NaN,NaN,NaN,NaN,NaN,NaN,NaN,NaN,NaN,NaN,NaN,NaN,NaN,NaN,NaN,NaN,NaN,NaN,NaN,
83.963,0.00569,-0.00673,0.12885,-0.47006,-0.15961,-0.16398,0.85245,NaN,NaN,NaN,NaN,NaN,NaN,NaN,NaN,NaN,NaN,NaN,NaN,NaN,NaN,NaN,NaN,NaN,NaN,NaN,NaN,NaN,
83.988,0.00607,-0.00696,0.12947,-0.46995,-0.15675,-0.16697,0.85247,NaN,NaN,NaN,NaN,NaN,NaN,NaN,NaN,NaN,NaN,NaN,NaN,NaN,NaN,NaN,NaN,NaN,NaN,NaN,NaN,NaN,
84.013,0.00595,-0.00681,0.12893,-0.47001,-0.15814,-0.16552,0.85246,NaN,NaN,NaN,NaN,NaN,NaN,NaN,NaN,NaN,NaN,NaN,NaN,NaN,NaN,NaN,NaN,NaN,NaN,NaN,NaN,NaN,
84.038,0.00613,-0.00703,0.12939,-0.46953,-0.15605,-0.16821,0.85258,NaN,NaN,NaN,NaN,NaN,NaN,NaN,NaN,NaN,NaN,NaN,NaN,NaN,NaN,NaN,NaN,NaN,NaN,NaN,NaN,NaN,
84.062,0.00603,-0.00692,0.12907,-0.46795,-0.15639,-0.16998,0.85303,NaN,NaN,NaN,NaN,NaN,NaN,NaN,NaN,NaN,NaN,NaN,NaN,NaN,NaN,NaN,NaN,NaN,NaN,NaN,NaN,NaN,
84.088,0.00642,-0.00714,0.12927,-0.46835,-0.15266,-0.17312,0.85286,NaN,NaN,NaN,NaN,NaN,NaN,NaN,NaN,NaN,NaN,NaN,NaN,NaN,NaN,NaN,NaN,NaN,NaN,NaN,NaN,NaN,
84.112,0.00642,-0.00714,0.12927,-0.46835,-0.15266,-0.17312,0.85286,NaN,NaN,NaN,NaN,NaN,NaN,NaN,NaN,NaN,NaN,NaN,NaN,NaN,NaN,NaN,NaN,NaN,NaN,NaN,NaN,NaN,
84.138,0.00614,-0.00717,0.12905,-0.46383,-0.14897,-0.18267,0.85399,NaN,NaN,NaN,NaN,NaN,NaN,NaN,NaN,NaN,NaN,NaN,NaN,NaN,NaN,NaN,NaN,NaN,NaN,NaN,NaN,NaN,
84.162,0.00732,-0.00748,0.12900,-0.46453,-0.14226,-0.18818,0.85356,NaN,NaN,NaN,NaN,NaN,NaN,NaN,NaN,NaN,NaN,NaN,NaN,NaN,NaN,NaN,NaN,NaN,NaN,NaN,NaN,NaN,
84.187,0.00732,-0.00748,0.12900,-0.46453,-0.14226,-0.18818,0.85356,NaN,NaN,NaN,NaN,NaN,NaN,NaN,NaN,NaN,NaN,NaN,NaN,NaN,NaN,NaN,NaN,NaN,NaN,NaN,NaN,NaN,
84.212,0.00744,-0.00754,0.12890,-0.46397,-0.14048,-0.19061,0.85362,NaN,NaN,NaN,NaN,NaN,NaN,NaN,NaN,NaN,NaN,NaN,NaN,NaN,NaN,NaN,NaN,NaN,NaN,NaN,NaN,NaN,
84.237,0.00781,-0.00779,0.12899,-0.46325,-0.13834,-0.19357,0.85369,NaN,NaN,NaN,NaN,NaN,NaN,NaN,NaN,NaN,NaN,NaN,NaN,NaN,NaN,NaN,NaN,NaN,NaN,NaN,NaN,NaN,
84.262,0.00849,-0.00753,0.12882,-0.46572,-0.13005,-0.19813,0.85260,NaN,NaN,NaN,NaN,NaN,NaN,NaN,NaN,NaN,NaN,NaN,NaN,NaN,NaN,NaN,NaN,NaN,NaN,NaN,NaN,NaN,
84.288,0.00833,-0.00808,0.12900,-0.46075,-0.12829,-0.20618,0.85366,NaN,NaN,NaN,NaN,NaN,NaN,NaN,NaN,NaN,NaN,NaN,NaN,NaN,NaN,NaN,NaN,NaN,NaN,NaN,NaN,NaN,
84.312,0.00833,-0.00808,0.12900,-0.46075,-0.12829,-0.20618,0.85366,NaN,NaN,NaN,NaN,NaN,NaN,NaN,NaN,NaN,NaN,NaN,NaN,NaN,NaN,NaN,NaN,NaN,NaN,NaN,NaN,NaN,
84.337,0.00859,-0.00797,0.12890,-0.46079,-0.12732,-0.20702,0.85358,NaN,NaN,NaN,NaN,NaN,NaN,NaN,NaN,NaN,NaN,NaN,NaN,NaN,NaN,NaN,NaN,NaN,NaN,NaN,NaN,NaN,
84.363,0.00924,-0.00886,0.12891,-0.45606,-0.11495,-0.22429,0.85352,NaN,NaN,NaN,NaN,NaN,NaN,NaN,NaN,NaN,NaN,NaN,NaN,NaN,NaN,NaN,NaN,NaN,NaN,NaN,NaN,NaN,
84.388,0.01002,-0.00858,0.12874,-0.45782,-0.11139,-0.22525,0.85279,NaN,NaN,NaN,NaN,NaN,NaN,NaN,NaN,NaN,NaN,NaN,NaN,NaN,NaN,NaN,NaN,NaN,NaN,NaN,NaN,NaN,
84.412,0.01002,-0.00858,0.12874,-0.45782,-0.11139,-0.22525,0.85279,NaN,NaN,NaN,NaN,NaN,NaN,NaN,NaN,NaN,NaN,NaN,NaN,NaN,NaN,NaN,NaN,NaN,NaN,NaN,NaN,NaN,
84.438,0.01014,-0.00888,0.12881,-0.45593,-0.10789,-0.23074,0.85279,NaN,NaN,NaN,NaN,NaN,NaN,NaN,NaN,NaN,NaN,NaN,NaN,NaN,NaN,NaN,NaN,NaN,NaN,NaN,NaN,NaN,
84.462,0.01023,-0.00896,0.12871,-0.45556,-0.10744,-0.23161,0.85281,NaN,NaN,NaN,NaN,NaN,NaN,NaN,NaN,NaN,NaN,NaN,NaN,NaN,NaN,NaN,NaN,NaN,NaN,NaN,NaN,NaN,
84.488,0.01019,-0.00904,0.12881,-0.45509,-0.10768,-0.23198,0.85293,NaN,NaN,NaN,NaN,NaN,NaN,NaN,NaN,NaN,NaN,NaN,NaN,NaN,NaN,NaN,NaN,NaN,NaN,NaN,NaN,NaN,
84.512,0.01019,-0.00904,0.12881,-0.45509,-0.10768,-0.23198,0.85293,NaN,NaN,NaN,NaN,NaN,NaN,NaN,NaN,NaN,NaN,NaN,NaN,NaN,NaN,NaN,NaN,NaN,NaN,NaN,NaN,NaN,
84.538,0.01021,-0.00903,0.12889,-0.45501,-0.10727,-0.23243,0.85290,NaN,NaN,NaN,NaN,NaN,NaN,NaN,NaN,NaN,NaN,NaN,NaN,NaN,NaN,NaN,NaN,NaN,NaN,NaN,NaN,NaN,
84.562,0.01021,-0.00903,0.12889,-0.45501,-0.10727,-0.23243,0.85290,NaN,NaN,NaN,NaN,NaN,NaN,NaN,NaN,NaN,NaN,NaN,NaN,NaN,NaN,NaN,NaN,NaN,NaN,NaN,NaN,NaN,
84.588,0.01026,-0.00899,0.12884,-0.45536,-0.10666,-0.23254,0.85276,NaN,NaN,NaN,NaN,NaN,NaN,NaN,NaN,NaN,NaN,NaN,NaN,NaN,NaN,NaN,NaN,NaN,NaN,NaN,NaN,NaN,
84.612,0.01039,-0.00893,0.12889,-0.45554,-0.10617,-0.23274,0.85267,NaN,NaN,NaN,NaN,NaN,NaN,NaN,NaN,NaN,NaN,NaN,NaN,NaN,NaN,NaN,NaN,NaN,NaN,NaN,NaN,NaN,
84.637,0.01039,-0.00893,0.12889,-0.45554,-0.10617,-0.23274,0.85267,NaN,NaN,NaN,NaN,NaN,NaN,NaN,NaN,NaN,NaN,NaN,NaN,NaN,NaN,NaN,NaN,NaN,NaN,NaN,NaN,NaN,
84.662,0.01037,-0.00892,0.12876,-0.45559,-0.10724,-0.23174,0.85278,NaN,NaN,NaN,NaN,NaN,NaN,NaN,NaN,NaN,NaN,NaN,NaN,NaN,NaN,NaN,NaN,NaN,NaN,NaN,NaN,NaN,
84.688,0.01049,-0.00882,0.12897,-0.45637,-0.10325,-0.23429,0.85216,NaN,NaN,NaN,NaN,NaN,NaN,NaN,NaN,NaN,NaN,NaN,NaN,NaN,NaN,NaN,NaN,NaN,NaN,NaN,NaN,NaN,
84.712,0.01068,-0.00872,0.12904,-0.45719,-0.10136,-0.23491,0.85177,NaN,NaN,NaN,NaN,NaN,NaN,NaN,NaN,NaN,NaN,NaN,NaN,NaN,NaN,NaN,NaN,NaN,NaN,NaN,NaN,NaN,
84.738,0.01072,-0.00861,0.12900,-0.45778,-0.09958,-0.23573,0.85144,NaN,NaN,NaN,NaN,NaN,NaN,NaN,NaN,NaN,NaN,NaN,NaN,NaN,NaN,NaN,NaN,NaN,NaN,NaN,NaN,NaN,
84.762,0.01090,-0.00855,0.12908,-0.45842,-0.09738,-0.23687,0.85104,NaN,NaN,NaN,NaN,NaN,NaN,NaN,NaN,NaN,NaN,NaN,NaN,NaN,NaN,NaN,NaN,NaN,NaN,NaN,NaN,NaN,
84.787,0.01090,-0.00855,0.12908,-0.45842,-0.09738,-0.23687,0.85104,NaN,NaN,NaN,NaN,NaN,NaN,NaN,NaN,NaN,NaN,NaN,NaN,NaN,NaN,NaN,NaN,NaN,NaN,NaN,NaN,NaN,
84.812,0.01108,-0.00832,0.12910,-0.46003,-0.09248,-0.23910,0.85009,NaN,NaN,NaN,NaN,NaN,NaN,NaN,NaN,NaN,NaN,NaN,NaN,NaN,NaN,NaN,NaN,NaN,NaN,NaN,NaN,NaN,
84.838,0.01133,-0.00813,0.12914,-0.46202,-0.08884,-0.23977,0.84921,NaN,NaN,NaN,NaN,NaN,NaN,NaN,NaN,NaN,NaN,NaN,NaN,NaN,NaN,NaN,NaN,NaN,NaN,NaN,NaN,NaN,
84.862,0.01133,-0.00813,0.12914,-0.46202,-0.08884,-0.23977,0.84921,NaN,NaN,NaN,NaN,NaN,NaN,NaN,NaN,NaN,NaN,NaN,NaN,NaN,NaN,NaN,NaN,NaN,NaN,NaN,NaN,NaN,
84.888,0.01166,-0.00782,0.12921,-0.46438,-0.08308,-0.24176,0.84794,NaN,NaN,NaN,NaN,NaN,NaN,NaN,NaN,NaN,NaN,NaN,NaN,NaN,NaN,NaN,NaN,NaN,NaN,NaN,NaN,NaN,
84.912,0.01191,-0.00769,0.12933,-0.46672,-0.07914,-0.24220,0.84690,NaN,NaN,NaN,NaN,NaN,NaN,NaN,NaN,NaN,NaN,NaN,NaN,NaN,NaN,NaN,NaN,NaN,NaN,NaN,NaN,NaN,
84.938,0.01206,-0.00752,0.12938,-0.46823,-0.07663,-0.24245,0.84623,NaN,NaN,NaN,NaN,NaN,NaN,NaN,NaN,NaN,NaN,NaN,NaN,NaN,NaN,NaN,NaN,NaN,NaN,NaN,NaN,NaN,
84.962,0.01218,-0.00729,0.12942,-0.46915,-0.07463,-0.24299,0.84575,NaN,NaN,NaN,NaN,NaN,NaN,NaN,NaN,NaN,NaN,NaN,NaN,NaN,NaN,NaN,NaN,NaN,NaN,NaN,NaN,NaN,
84.988,0.01230,-0.00722,0.12956,-0.47000,-0.07254,-0.24369,0.84525,NaN,NaN,NaN,NaN,NaN,NaN,NaN,NaN,NaN,NaN,NaN,NaN,NaN,NaN,NaN,NaN,NaN,NaN,NaN,NaN,NaN,
85.012,0.01242,-0.00713,0.12961,-0.47118,-0.07062,-0.24382,0.84472,NaN,NaN,NaN,NaN,NaN,NaN,NaN,NaN,NaN,NaN,NaN,NaN,NaN,NaN,NaN,NaN,NaN,NaN,NaN,NaN,NaN,
85.038,0.01256,-0.00700,0.12966,-0.47281,-0.06801,-0.24399,0.84398,NaN,NaN,NaN,NaN,NaN,NaN,NaN,NaN,NaN,NaN,NaN,NaN,NaN,NaN,NaN,NaN,NaN,NaN,NaN,NaN,NaN,
85.063,0.01263,-0.00686,0.12974,-0.47379,-0.06577,-0.24462,0.84342,NaN,NaN,NaN,NaN,NaN,NaN,NaN,NaN,NaN,NaN,NaN,NaN,NaN,NaN,NaN,NaN,NaN,NaN,NaN,NaN,NaN,
85.088,0.01272,-0.00672,0.12977,-0.47495,-0.06399,-0.24467,0.84289,NaN,NaN,NaN,NaN,NaN,NaN,NaN,NaN,NaN,NaN,NaN,NaN,NaN,NaN,NaN,NaN,NaN,NaN,NaN,NaN,NaN,
85.113,0.01287,-0.00656,0.12984,-0.47557,-0.06164,-0.24584,0.84238,NaN,NaN,NaN,NaN,NaN,NaN,NaN,NaN,NaN,NaN,NaN,NaN,NaN,NaN,NaN,NaN,NaN,NaN,NaN,NaN,NaN,
85.138,0.01339,-0.00627,0.12973,-0.47929,-0.05609,-0.24577,0.84067,NaN,NaN,NaN,NaN,NaN,NaN,NaN,NaN,NaN,NaN,NaN,NaN,NaN,NaN,NaN,NaN,NaN,NaN,NaN,NaN,NaN,
85.162,0.01318,-0.00634,0.12993,-0.47965,-0.05428,-0.24680,0.84028,NaN,NaN,NaN,NaN,NaN,NaN,NaN,NaN,NaN,NaN,NaN,NaN,NaN,NaN,NaN,NaN,NaN,NaN,NaN,NaN,NaN,
85.187,0.01318,-0.00634,0.12993,-0.47965,-0.05428,-0.24680,0.84028,NaN,NaN,NaN,NaN,NaN,NaN,NaN,NaN,NaN,NaN,NaN,NaN,NaN,NaN,NaN,NaN,NaN,NaN,NaN,NaN,NaN,
85.213,0.01336,-0.00598,0.12978,-0.48220,-0.05190,-0.24556,0.83934,NaN,NaN,NaN,NaN,NaN,NaN,NaN,NaN,NaN,NaN,NaN,NaN,NaN,NaN,NaN,NaN,NaN,NaN,NaN,NaN,NaN,
85.237,0.01349,-0.00580,0.12992,-0.48360,-0.04979,-0.24553,0.83867,NaN,NaN,NaN,NaN,NaN,NaN,NaN,NaN,NaN,NaN,NaN,NaN,NaN,NaN,NaN,NaN,NaN,NaN,NaN,NaN,NaN,
85.262,0.01362,-0.00555,0.12988,-0.48509,-0.04845,-0.24475,0.83812,NaN,NaN,NaN,NaN,NaN,NaN,NaN,NaN,NaN,NaN,NaN,NaN,NaN,NaN,NaN,NaN,NaN,NaN,NaN,NaN,NaN,
85.288,0.01339,-0.00554,0.12998,-0.48562,-0.04787,-0.24455,0.83790,NaN,NaN,NaN,NaN,NaN,NaN,NaN,NaN,NaN,NaN,NaN,NaN,NaN,NaN,NaN,NaN,NaN,NaN,NaN,NaN,NaN,
85.313,0.01362,-0.00533,0.13004,-0.48740,-0.04633,-0.24355,0.83724,NaN,NaN,NaN,NaN,NaN,NaN,NaN,NaN,NaN,NaN,NaN,NaN,NaN,NaN,NaN,NaN,NaN,NaN,NaN,NaN,NaN,
85.338,0.01353,-0.00516,0.13000,-0.48860,-0.04611,-0.24222,0.83694,NaN,NaN,NaN,NaN,NaN,NaN,NaN,NaN,NaN,NaN,NaN,NaN,NaN,NaN,NaN,NaN,NaN,NaN,NaN,NaN,NaN,
85.362,0.01354,-0.00498,0.13006,-0.48979,-0.04553,-0.24118,0.83658,NaN,NaN,NaN,NaN,NaN,NaN,NaN,NaN,NaN,NaN,NaN,NaN,NaN,NaN,NaN,NaN,NaN,NaN,NaN,NaN,NaN,
85.388,0.01361,-0.00483,0.13001,-0.49065,-0.04539,-0.24020,0.83636,NaN,NaN,NaN,NaN,NaN,NaN,NaN,NaN,NaN,NaN,NaN,NaN,NaN,NaN,NaN,NaN,NaN,NaN,NaN,NaN,NaN,
85.412,0.01361,-0.00483,0.13001,-0.49065,-0.04539,-0.24020,0.83636,NaN,NaN,NaN,NaN,NaN,NaN,NaN,NaN,NaN,NaN,NaN,NaN,NaN,NaN,NaN,NaN,NaN,NaN,NaN,NaN,NaN,
85.438,0.01349,-0.00454,0.13015,-0.49277,-0.04417,-0.23850,0.83567,NaN,NaN,NaN,NaN,NaN,NaN,NaN,NaN,NaN,NaN,NaN,NaN,NaN,NaN,NaN,NaN,NaN,NaN,NaN,NaN,NaN,
85.462,0.01349,-0.00454,0.13015,-0.49277,-0.04417,-0.23850,0.83567,NaN,NaN,NaN,NaN,NaN,NaN,NaN,NaN,NaN,NaN,NaN,NaN,NaN,NaN,NaN,NaN,NaN,NaN,NaN,NaN,NaN,
85.488,0.01340,-0.00442,0.13017,-0.49430,-0.04323,-0.23731,0.83516,NaN,NaN,NaN,NaN,NaN,NaN,NaN,NaN,NaN,NaN,NaN,NaN,NaN,NaN,NaN,NaN,NaN,NaN,NaN,NaN,NaN,
85.512,0.01340,-0.00442,0.13017,-0.49430,-0.04323,-0.23731,0.83516,NaN,NaN,NaN,NaN,NaN,NaN,NaN,NaN,NaN,NaN,NaN,NaN,NaN,NaN,NaN,NaN,NaN,NaN,NaN,NaN,NaN,
85.538,0.01346,-0.00417,0.13020,-0.49590,-0.04212,-0.23616,0.83459,NaN,NaN,NaN,NaN,NaN,NaN,NaN,NaN,NaN,NaN,NaN,NaN,NaN,NaN,NaN,NaN,NaN,NaN,NaN,NaN,NaN,
85.563,0.01350,-0.00398,0.13017,-0.49681,-0.04209,-0.23502,0.83437,NaN,NaN,NaN,NaN,NaN,NaN,NaN,NaN,NaN,NaN,NaN,NaN,NaN,NaN,NaN,NaN,NaN,NaN,NaN,NaN,NaN,
85.588,0.01340,-0.00397,0.13024,-0.49698,-0.04254,-0.23443,0.83441,NaN,NaN,NaN,NaN,NaN,NaN,NaN,NaN,NaN,NaN,NaN,NaN,NaN,NaN,NaN,NaN,NaN,NaN,NaN,NaN,NaN,
85.613,0.01333,-0.00393,0.13026,-0.49773,-0.04270,-0.23333,0.83426,NaN,NaN,NaN,NaN,NaN,NaN,NaN,NaN,NaN,NaN,NaN,NaN,NaN,NaN,NaN,NaN,NaN,NaN,NaN,NaN,NaN,
85.637,0.01333,-0.00393,0.13026,-0.49773,-0.04270,-0.23333,0.83426,NaN,NaN,NaN,NaN,NaN,NaN,NaN,NaN,NaN,NaN,NaN,NaN,NaN,NaN,NaN,NaN,NaN,NaN,NaN,NaN,NaN,
85.662,0.01324,-0.00383,0.13019,-0.49794,-0.04369,-0.23225,0.83439,NaN,NaN,NaN,NaN,NaN,NaN,NaN,NaN,NaN,NaN,NaN,NaN,NaN,NaN,NaN,NaN,NaN,NaN,NaN,NaN,NaN,
85.688,0.01313,-0.00360,0.13018,-0.49933,-0.04368,-0.23045,0.83406,NaN,NaN,NaN,NaN,NaN,NaN,NaN,NaN,NaN,NaN,NaN,NaN,NaN,NaN,NaN,NaN,NaN,NaN,NaN,NaN,NaN,
85.712,0.01302,-0.00351,0.13018,-0.49999,-0.04372,-0.22958,0.83390,NaN,NaN,NaN,NaN,NaN,NaN,NaN,NaN,NaN,NaN,NaN,NaN,NaN,NaN,NaN,NaN,NaN,NaN,NaN,NaN,NaN,
85.738,0.01313,-0.00344,0.13020,0.50113,0.04265,0.22898,-0.83344,NaN,NaN,NaN,NaN,NaN,NaN,NaN,NaN,NaN,NaN,NaN,NaN,NaN,NaN,NaN,NaN,NaN,NaN,NaN,NaN,NaN,
85.762,0.01313,-0.00344,0.13020,0.50113,0.04265,0.22898,-0.83344,NaN,NaN,NaN,NaN,NaN,NaN,NaN,NaN,NaN,NaN,NaN,NaN,NaN,NaN,NaN,NaN,NaN,NaN,NaN,NaN,NaN,
85.788,0.01302,-0.00325,0.13013,0.50189,0.04192,0.22860,-0.83312,NaN,NaN,NaN,NaN,NaN,NaN,NaN,NaN,NaN,NaN,NaN,NaN,NaN,NaN,NaN,NaN,NaN,NaN,NaN,NaN,NaN,
85.812,0.01302,-0.00325,0.13013,0.50189,0.04192,0.22860,-0.83312,NaN,NaN,NaN,NaN,NaN,NaN,NaN,NaN,NaN,NaN,NaN,NaN,NaN,NaN,NaN,NaN,NaN,NaN,NaN,NaN,NaN,
85.838,0.01307,-0.00313,0.13015,0.50354,0.04039,0.22771,-0.83244,NaN,NaN,NaN,NaN,NaN,NaN,NaN,NaN,NaN,NaN,NaN,NaN,NaN,NaN,NaN,NaN,NaN,NaN,NaN,NaN,NaN,
85.862,0.01307,-0.00313,0.13015,0.50354,0.04039,0.22771,-0.83244,NaN,NaN,NaN,NaN,NaN,NaN,NaN,NaN,NaN,NaN,NaN,NaN,NaN,NaN,NaN,NaN,NaN,NaN,NaN,NaN,NaN,
85.888,0.01300,-0.00306,0.13019,0.50454,0.04113,0.22580,-0.83232,NaN,NaN,NaN,NaN,NaN,NaN,NaN,NaN,NaN,NaN,NaN,NaN,NaN,NaN,NaN,NaN,NaN,NaN,NaN,NaN,NaN,
85.913,0.01282,-0.00289,0.13022,0.50549,0.04224,0.22364,-0.83228,NaN,NaN,NaN,NaN,NaN,NaN,NaN,NaN,NaN,NaN,NaN,NaN,NaN,NaN,NaN,NaN,NaN,NaN,NaN,NaN,NaN,
85.938,0.01267,-0.00270,0.13014,0.50586,0.04389,0.22177,-0.83246,NaN,NaN,NaN,NaN,NaN,NaN,NaN,NaN,NaN,NaN,NaN,NaN,NaN,NaN,NaN,NaN,NaN,NaN,NaN,NaN,NaN,
85.962,0.01267,-0.00270,0.13014,0.50586,0.04389,0.22177,-0.83246,NaN,NaN,NaN,NaN,NaN,NaN,NaN,NaN,NaN,NaN,NaN,NaN,NaN,NaN,NaN,NaN,NaN,NaN,NaN,NaN,NaN,
85.988,0.01261,-0.00257,0.13020,0.50655,0.04406,0.22074,-0.83231,NaN,NaN,NaN,NaN,NaN,NaN,NaN,NaN,NaN,NaN,NaN,NaN,NaN,NaN,NaN,NaN,NaN,NaN,NaN,NaN,NaN,
86.012,0.01238,-0.00261,0.13017,0.50693,0.04426,0.22007,-0.83225,NaN,NaN,NaN,NaN,NaN,NaN,NaN,NaN,NaN,NaN,NaN,NaN,NaN,NaN,NaN,NaN,NaN,NaN,NaN,NaN,NaN,
86.038,0.01241,-0.00251,0.13026,0.50714,0.04477,0.21937,-0.83227,NaN,NaN,NaN,NaN,NaN,NaN,NaN,NaN,NaN,NaN,NaN,NaN,NaN,NaN,NaN,NaN,NaN,NaN,NaN,NaN,NaN,
86.063,0.01239,-0.00233,0.13008,0.50875,0.04497,0.21708,-0.83188,NaN,NaN,NaN,NaN,NaN,NaN,NaN,NaN,NaN,NaN,NaN,NaN,NaN,NaN,NaN,NaN,NaN,NaN,NaN,NaN,NaN,
86.088,0.01213,-0.00236,0.13027,0.50855,0.04620,0.21632,-0.83214,NaN,NaN,NaN,NaN,NaN,NaN,NaN,NaN,NaN,NaN,NaN,NaN,NaN,NaN,NaN,NaN,NaN,NaN,NaN,NaN,NaN,
86.112,0.01212,-0.00209,0.13014,0.50946,0.04766,0.21389,-0.83212,NaN,NaN,NaN,NaN,NaN,NaN,NaN,NaN,NaN,NaN,NaN,NaN,NaN,NaN,NaN,NaN,NaN,NaN,NaN,NaN,NaN,
86.138,0.01177,-0.00225,0.13024,0.50930,0.04861,0.21330,-0.83232,NaN,NaN,NaN,NaN,NaN,NaN,NaN,NaN,NaN,NaN,NaN,NaN,NaN,NaN,NaN,NaN,NaN,NaN,NaN,NaN,NaN,
86.162,0.01177,-0.00225,0.13024,0.50930,0.04861,0.21330,-0.83232,NaN,NaN,NaN,NaN,NaN,NaN,NaN,NaN,NaN,NaN,NaN,NaN,NaN,NaN,NaN,NaN,NaN,NaN,NaN,NaN,NaN,
86.188,0.01164,-0.00198,0.13022,0.51076,0.04914,0.21092,-0.83200,NaN,NaN,NaN,NaN,NaN,NaN,NaN,NaN,NaN,NaN,NaN,NaN,NaN,NaN,NaN,NaN,NaN,NaN,NaN,NaN,NaN,
86.212,0.01164,-0.00198,0.13022,0.51076,0.04914,0.21092,-0.83200,NaN,NaN,NaN,NaN,NaN,NaN,NaN,NaN,NaN,NaN,NaN,NaN,NaN,NaN,NaN,NaN,NaN,NaN,NaN,NaN,NaN,
86.238,0.01157,-0.00174,0.13016,0.51269,0.04848,0.20890,-0.83136,NaN,NaN,NaN,NaN,NaN,NaN,NaN,NaN,NaN,NaN,NaN,NaN,NaN,NaN,NaN,NaN,NaN,NaN,NaN,NaN,NaN,
86.262,0.01170,-0.00154,0.13016,0.51379,0.04745,0.20831,-0.83089,NaN,NaN,NaN,NaN,NaN,NaN,NaN,NaN,NaN,NaN,NaN,NaN,NaN,NaN,NaN,NaN,NaN,NaN,NaN,NaN,NaN,
86.288,0.01172,-0.00138,0.13010,0.51522,0.04671,0.20703,-0.83037,NaN,NaN,NaN,NaN,NaN,NaN,NaN,NaN,NaN,NaN,NaN,NaN,NaN,NaN,NaN,NaN,NaN,NaN,NaN,NaN,NaN,
86.312,0.01172,-0.00138,0.13010,0.51522,0.04671,0.20703,-0.83037,NaN,NaN,NaN,NaN,NaN,NaN,NaN,NaN,NaN,NaN,NaN,NaN,NaN,NaN,NaN,NaN,NaN,NaN,NaN,NaN,NaN,
86.337,0.01160,-0.00135,0.13012,0.51611,0.04723,0.20539,-0.83019,NaN,NaN,NaN,NaN,NaN,NaN,NaN,NaN,NaN,NaN,NaN,NaN,NaN,NaN,NaN,NaN,NaN,NaN,NaN,NaN,NaN,
86.362,0.01132,-0.00123,0.13004,0.51711,0.04779,0.20357,-0.82998,NaN,NaN,NaN,NaN,NaN,NaN,NaN,NaN,NaN,NaN,NaN,NaN,NaN,NaN,NaN,NaN,NaN,NaN,NaN,NaN,NaN,
86.388,0.01146,-0.00111,0.13009,0.51853,0.04686,0.20246,-0.82942,NaN,NaN,NaN,NaN,NaN,NaN,NaN,NaN,NaN,NaN,NaN,NaN,NaN,NaN,NaN,NaN,NaN,NaN,NaN,NaN,NaN,
86.413,0.01138,-0.00108,0.13005,0.51931,0.04608,0.20207,-0.82907,NaN,NaN,NaN,NaN,NaN,NaN,NaN,NaN,NaN,NaN,NaN,NaN,NaN,NaN,NaN,NaN,NaN,NaN,NaN,NaN,NaN,
86.437,0.01138,-0.00108,0.13005,0.51931,0.04608,0.20207,-0.82907,NaN,NaN,NaN,NaN,NaN,NaN,NaN,NaN,NaN,NaN,NaN,NaN,NaN,NaN,NaN,NaN,NaN,NaN,NaN,NaN,NaN,
86.463,0.01149,-0.00077,0.12999,0.52176,0.04347,0.20097,-0.82794,NaN,NaN,NaN,NaN,NaN,NaN,NaN,NaN,NaN,NaN,NaN,NaN,NaN,NaN,NaN,NaN,NaN,NaN,NaN,NaN,NaN,
86.488,0.01148,-0.00062,0.12996,0.52279,0.04289,0.20007,-0.82754,NaN,NaN,NaN,NaN,NaN,NaN,NaN,NaN,NaN,NaN,NaN,NaN,NaN,NaN,NaN,NaN,NaN,NaN,NaN,NaN,NaN,
86.513,0.01143,-0.00052,0.12994,0.52405,0.04166,0.19940,-0.82697,NaN,NaN,NaN,NaN,NaN,NaN,NaN,NaN,NaN,NaN,NaN,NaN,NaN,NaN,NaN,NaN,NaN,NaN,NaN,NaN,NaN,
86.538,0.01137,-0.00046,0.12990,0.52487,0.04144,0.19847,-0.82668,NaN,NaN,NaN,NaN,NaN,NaN,NaN,NaN,NaN,NaN,NaN,NaN,NaN,NaN,NaN,NaN,NaN,NaN,NaN,NaN,NaN,
86.562,0.01142,-0.00038,0.12991,0.52597,0.04018,0.19804,-0.82615,NaN,NaN,NaN,NaN,NaN,NaN,NaN,NaN,NaN,NaN,NaN,NaN,NaN,NaN,NaN,NaN,NaN,NaN,NaN,NaN,NaN,
86.588,0.01162,-0.00014,0.12985,0.52749,0.03819,0.19765,-0.82537,NaN,NaN,NaN,NaN,NaN,NaN,NaN,NaN,NaN,NaN,NaN,NaN,NaN,NaN,NaN,NaN,NaN,NaN,NaN,NaN,NaN,
86.612,0.01162,-0.00014,0.12985,0.52749,0.03819,0.19765,-0.82537,NaN,NaN,NaN,NaN,NaN,NaN,NaN,NaN,NaN,NaN,NaN,NaN,NaN,NaN,NaN,NaN,NaN,NaN,NaN,NaN,NaN,
86.638,0.01152,0.00008,0.12987,0.52984,0.03654,0.19584,-0.82437,NaN,NaN,NaN,NaN,NaN,NaN,NaN,NaN,NaN,NaN,NaN,NaN,NaN,NaN,NaN,NaN,NaN,NaN,NaN,NaN,NaN,
86.662,0.01152,0.00008,0.12987,0.52984,0.03654,0.19584,-0.82437,NaN,NaN,NaN,NaN,NaN,NaN,NaN,NaN,NaN,NaN,NaN,NaN,NaN,NaN,NaN,NaN,NaN,NaN,NaN,NaN,NaN,
86.687,0.01142,0.00021,0.12987,0.53076,0.03585,0.19515,-0.82397,NaN,NaN,NaN,NaN,NaN,NaN,NaN,NaN,NaN,NaN,NaN,NaN,NaN,NaN,NaN,NaN,NaN,NaN,NaN,NaN,NaN,
86.713,0.01140,0.00041,0.12987,0.53326,0.03384,0.19343,-0.82285,NaN,NaN,NaN,NaN,NaN,NaN,NaN,NaN,NaN,NaN,NaN,NaN,NaN,NaN,NaN,NaN,NaN,NaN,NaN,NaN,NaN,
86.737,0.01140,0.00041,0.12987,0.53326,0.03384,0.19343,-0.82285,NaN,NaN,NaN,NaN,NaN,NaN,NaN,NaN,NaN,NaN,NaN,NaN,NaN,NaN,NaN,NaN,NaN,NaN,NaN,NaN,NaN,
86.763,0.01111,0.00054,0.12988,0.53437,0.03455,0.19129,-0.82259,NaN,NaN,NaN,NaN,NaN,NaN,NaN,NaN,NaN,NaN,NaN,NaN,NaN,NaN,NaN,NaN,NaN,NaN,NaN,NaN,NaN,
86.788,0.01115,0.00077,0.12985,0.53574,0.03445,0.18949,-0.82213,NaN,NaN,NaN,NaN,NaN,NaN,NaN,NaN,NaN,NaN,NaN,NaN,NaN,NaN,NaN,NaN,NaN,NaN,NaN,NaN,NaN,
86.812,0.01110,0.00082,0.12994,0.53665,0.03410,0.18853,-0.82177,NaN,NaN,NaN,NaN,NaN,NaN,NaN,NaN,NaN,NaN,NaN,NaN,NaN,NaN,NaN,NaN,NaN,NaN,NaN,NaN,NaN,
86.838,0.01117,0.00094,0.12994,0.53715,0.03461,0.18740,-0.82168,NaN,NaN,NaN,NaN,NaN,NaN,NaN,NaN,NaN,NaN,NaN,NaN,NaN,NaN,NaN,NaN,NaN,NaN,NaN,NaN,NaN,
86.862,0.01110,0.00103,0.12994,0.53801,0.03400,0.18672,-0.82129,NaN,NaN,NaN,NaN,NaN,NaN,NaN,NaN,NaN,NaN,NaN,NaN,NaN,NaN,NaN,NaN,NaN,NaN,NaN,NaN,NaN,
86.888,0.01126,0.00125,0.12985,0.53923,0.03266,0.18617,-0.82068,NaN,NaN,NaN,NaN,NaN,NaN,NaN,NaN,NaN,NaN,NaN,NaN,NaN,NaN,NaN,NaN,NaN,NaN,NaN,NaN,NaN,
86.913,0.01104,0.00109,0.12996,0.53932,0.03225,0.18638,-0.82058,NaN,NaN,NaN,NaN,NaN,NaN,NaN,NaN,NaN,NaN,NaN,NaN,NaN,NaN,NaN,NaN,NaN,NaN,NaN,NaN,NaN,
86.937,0.01104,0.00109,0.12996,0.53932,0.03225,0.18638,-0.82058,NaN,NaN,NaN,NaN,NaN,NaN,NaN,NaN,NaN,NaN,NaN,NaN,NaN,NaN,NaN,NaN,NaN,NaN,NaN,NaN,NaN,
86.962,0.01099,0.00138,0.12986,0.54113,0.03118,0.18478,-0.81980,NaN,NaN,NaN,NaN,NaN,NaN,NaN,NaN,NaN,NaN,NaN,NaN,NaN,NaN,NaN,NaN,NaN,NaN,NaN,NaN,NaN,
86.988,0.01093,0.00140,0.12977,0.54136,0.03100,0.18461,-0.81969,NaN,NaN,NaN,NaN,NaN,NaN,NaN,NaN,NaN,NaN,NaN,NaN,NaN,NaN,NaN,NaN,NaN,NaN,NaN,NaN,NaN,
87.012,0.01093,0.00140,0.12977,0.54136,0.03100,0.18461,-0.81969,NaN,NaN,NaN,NaN,NaN,NaN,NaN,NaN,NaN,NaN,NaN,NaN,NaN,NaN,NaN,NaN,NaN,NaN,NaN,NaN,NaN,
87.038,0.01113,0.00157,0.12978,0.54405,0.02749,0.18382,-0.81821,NaN,NaN,NaN,NaN,NaN,NaN,NaN,NaN,NaN,NaN,NaN,NaN,NaN,NaN,NaN,NaN,NaN,NaN,NaN,NaN,NaN,
87.062,0.01105,0.00160,0.12975,0.54438,0.02747,0.18337,-0.81809,NaN,NaN,NaN,NaN,NaN,NaN,NaN,NaN,NaN,NaN,NaN,NaN,NaN,NaN,NaN,NaN,NaN,NaN,NaN,NaN,NaN,
87.088,0.01115,0.00176,0.12973,0.54529,0.02673,0.18271,-0.81765,NaN,NaN,NaN,NaN,NaN,NaN,NaN,NaN,NaN,NaN,NaN,NaN,NaN,NaN,NaN,NaN,NaN,NaN,NaN,NaN,NaN,
87.112,0.01098,0.00174,0.12975,0.54536,0.02717,0.18225,-0.81770,NaN,NaN,NaN,NaN,NaN,NaN,NaN,NaN,NaN,NaN,NaN,NaN,NaN,NaN,NaN,NaN,NaN,NaN,NaN,NaN,NaN,
87.138,0.01108,0.00188,0.12977,0.54643,0.02583,0.18187,-0.81711,NaN,NaN,NaN,NaN,NaN,NaN,NaN,NaN,NaN,NaN,NaN,NaN,NaN,NaN,NaN,NaN,NaN,NaN,NaN,NaN,NaN,
87.162,0.01097,0.00190,0.12976,0.54679,0.02566,0.18151,-0.81695,NaN,NaN,NaN,NaN,NaN,NaN,NaN,NaN,NaN,NaN,NaN,NaN,NaN,NaN,NaN,NaN,NaN,NaN,NaN,NaN,NaN,
87.188,0.01101,0.00196,0.12981,0.54785,0.02486,0.18071,-0.81645,NaN,NaN,NaN,NaN,NaN,NaN,NaN,NaN,NaN,NaN,NaN,NaN,NaN,NaN,NaN,NaN,NaN,NaN,NaN,NaN,NaN,
87.212,0.01093,0.00205,0.12978,0.54843,0.02463,0.18007,-0.81620,NaN,NaN,NaN,NaN,NaN,NaN,NaN,NaN,NaN,NaN,NaN,NaN,NaN,NaN,NaN,NaN,NaN,NaN,NaN,NaN,NaN,
87.237,0.01093,0.00205,0.12978,0.54843,0.02463,0.18007,-0.81620,NaN,NaN,NaN,NaN,NaN,NaN,NaN,NaN,NaN,NaN,NaN,NaN,NaN,NaN,NaN,NaN,NaN,NaN,NaN,NaN,NaN,
87.262,0.01087,0.00210,0.12982,0.54937,0.02328,0.17990,-0.81565,NaN,NaN,NaN,NaN,NaN,NaN,NaN,NaN,NaN,NaN,NaN,NaN,NaN,NaN,NaN,NaN,NaN,NaN,NaN,NaN,NaN,
87.288,0.01078,0.00214,0.12983,0.54978,0.02321,0.17938,-0.81549,NaN,NaN,NaN,NaN,NaN,NaN,NaN,NaN,NaN,NaN,NaN,NaN,NaN,NaN,NaN,NaN,NaN,NaN,NaN,NaN,NaN,
87.312,0.01078,0.00214,0.12983,0.54978,0.02321,0.17938,-0.81549,NaN,NaN,NaN,NaN,NaN,NaN,NaN,NaN,NaN,NaN,NaN,NaN,NaN,NaN,NaN,NaN,NaN,NaN,NaN,NaN,NaN,
87.338,0.01083,0.00244,0.12980,0.55222,0.02115,0.17765,-0.81428,NaN,NaN,NaN,NaN,NaN,NaN,NaN,NaN,NaN,NaN,NaN,NaN,NaN,NaN,NaN,NaN,NaN,NaN,NaN,NaN,NaN,
87.362,0.01083,0.00244,0.12980,0.55222,0.02115,0.17765,-0.81428,NaN,NaN,NaN,NaN,NaN,NaN,NaN,NaN,NaN,NaN,NaN,NaN,NaN,NaN,NaN,NaN,NaN,NaN,NaN,NaN,NaN,
87.388,0.01063,0.00256,0.12979,0.55319,0.02207,0.17550,-0.81406,NaN,NaN,NaN,NaN,NaN,NaN,NaN,NaN,NaN,NaN,NaN,NaN,NaN,NaN,NaN,NaN,NaN,NaN,NaN,NaN,NaN,
87.412,0.01063,0.00256,0.12979,0.55319,0.02207,0.17550,-0.81406,NaN,NaN,NaN,NaN,NaN,NaN,NaN,NaN,NaN,NaN,NaN,NaN,NaN,NaN,NaN,NaN,NaN,NaN,NaN,NaN,NaN,
87.438,0.01078,0.00266,0.12977,0.55514,0.01854,0.17571,-0.81277,NaN,NaN,NaN,NaN,NaN,NaN,NaN,NaN,NaN,NaN,NaN,NaN,NaN,NaN,NaN,NaN,NaN,NaN,NaN,NaN,NaN,
87.462,0.01078,0.00266,0.12977,0.55514,0.01854,0.17571,-0.81277,NaN,NaN,NaN,NaN,NaN,NaN,NaN,NaN,NaN,NaN,NaN,NaN,NaN,NaN,NaN,NaN,NaN,NaN,NaN,NaN,NaN,
87.487,0.01072,0.00272,0.12969,0.55612,0.01743,0.17525,-0.81223,NaN,NaN,NaN,NaN,NaN,NaN,NaN,NaN,NaN,NaN,NaN,NaN,NaN,NaN,NaN,NaN,NaN,NaN,NaN,NaN,NaN,
87.512,0.01065,0.00275,0.12973,0.55652,0.01662,0.17535,-0.81195,NaN,NaN,NaN,NaN,NaN,NaN,NaN,NaN,NaN,NaN,NaN,NaN,NaN,NaN,NaN,NaN,NaN,NaN,NaN,NaN,NaN,
87.538,0.01073,0.00288,0.12971,0.55787,0.01472,0.17502,-0.81113,NaN,NaN,NaN,NaN,NaN,NaN,NaN,NaN,NaN,NaN,NaN,NaN,NaN,NaN,NaN,NaN,NaN,NaN,NaN,NaN,NaN,
87.562,0.01073,0.00288,0.12971,0.55787,0.01472,0.17502,-0.81113,NaN,NaN,NaN,NaN,NaN,NaN,NaN,NaN,NaN,NaN,NaN,NaN,NaN,NaN,NaN,NaN,NaN,NaN,NaN,NaN,NaN,
87.587,0.01073,0.00294,0.12968,0.55877,0.01298,0.17520,-0.81051,NaN,NaN,NaN,NaN,NaN,NaN,NaN,NaN,NaN,NaN,NaN,NaN,NaN,NaN,NaN,NaN,NaN,NaN,NaN,NaN,NaN,
87.612,0.01068,0.00307,0.12965,0.56006,0.01066,0.17529,-0.80963,NaN,NaN,NaN,NaN,NaN,NaN,NaN,NaN,NaN,NaN,NaN,NaN,NaN,NaN,NaN,NaN,NaN,NaN,NaN,NaN,NaN,
87.638,0.01080,0.00325,0.12961,0.56128,0.00937,0.17461,-0.80894,NaN,NaN,NaN,NaN,NaN,NaN,NaN,NaN,NaN,NaN,NaN,NaN,NaN,NaN,NaN,NaN,NaN,NaN,NaN,NaN,NaN,
87.663,0.01068,0.00315,0.12970,0.56178,0.00835,0.17474,-0.80858,NaN,NaN,NaN,NaN,NaN,NaN,NaN,NaN,NaN,NaN,NaN,NaN,NaN,NaN,NaN,NaN,NaN,NaN,NaN,NaN,NaN,
87.687,0.01068,0.00315,0.12970,0.56178,0.00835,0.17474,-0.80858,NaN,NaN,NaN,NaN,NaN,NaN,NaN,NaN,NaN,NaN,NaN,NaN,NaN,NaN,NaN,NaN,NaN,NaN,NaN,NaN,NaN,
87.712,0.01075,0.00325,0.12970,0.56262,0.00749,0.17425,-0.80811,NaN,NaN,NaN,NaN,NaN,NaN,NaN,NaN,NaN,NaN,NaN,NaN,NaN,NaN,NaN,NaN,NaN,NaN,NaN,NaN,NaN,
87.738,0.01090,0.00343,0.12962,0.56460,0.00413,0.17419,-0.80676,NaN,NaN,NaN,NaN,NaN,NaN,NaN,NaN,NaN,NaN,NaN,NaN,NaN,NaN,NaN,NaN,NaN,NaN,NaN,NaN,NaN,
87.762,0.01094,0.00353,0.12961,0.56539,0.00290,0.17408,-0.80624,NaN,NaN,NaN,NaN,NaN,NaN,NaN,NaN,NaN,NaN,NaN,NaN,NaN,NaN,NaN,NaN,NaN,NaN,NaN,NaN,NaN,
87.788,0.01086,0.00350,0.12962,0.56619,0.00209,0.17359,-0.80578,NaN,NaN,NaN,NaN,NaN,NaN,NaN,NaN,NaN,NaN,NaN,NaN,NaN,NaN,NaN,NaN,NaN,NaN,NaN,NaN,NaN,
87.812,0.01091,0.00362,0.12959,0.56703,0.00123,0.17309,-0.80530,NaN,NaN,NaN,NaN,NaN,NaN,NaN,NaN,NaN,NaN,NaN,NaN,NaN,NaN,NaN,NaN,NaN,NaN,NaN,NaN,NaN,
87.837,0.01091,0.00362,0.12959,0.56703,0.00123,0.17309,-0.80530,NaN,NaN,NaN,NaN,NaN,NaN,NaN,NaN,NaN,NaN,NaN,NaN,NaN,NaN,NaN,NaN,NaN,NaN,NaN,NaN,NaN,
87.862,0.01087,0.00368,0.12964,0.56784,-0.00005,0.17298,-0.80476,NaN,NaN,NaN,NaN,NaN,NaN,NaN,NaN,NaN,NaN,NaN,NaN,NaN,NaN,NaN,NaN,NaN,NaN,NaN,NaN,NaN,
87.887,0.01064,0.00367,0.12957,0.56821,0.00040,0.17208,-0.80469,NaN,NaN,NaN,NaN,NaN,NaN,NaN,NaN,NaN,NaN,NaN,NaN,NaN,NaN,NaN,NaN,NaN,NaN,NaN,NaN,NaN,
87.912,0.01065,0.00392,0.12960,0.56990,-0.00019,0.17011,-0.80391,NaN,NaN,NaN,NaN,NaN,NaN,NaN,NaN,NaN,NaN,NaN,NaN,NaN,NaN,NaN,NaN,NaN,NaN,NaN,NaN,NaN,
87.938,0.01072,0.00405,0.12961,0.57096,-0.00085,0.16912,-0.80337,NaN,NaN,NaN,NaN,NaN,NaN,NaN,NaN,NaN,NaN,NaN,NaN,NaN,NaN,NaN,NaN,NaN,NaN,NaN,NaN,NaN,
87.963,0.01060,0.00408,0.12963,0.57180,-0.00169,0.16860,-0.80288,NaN,NaN,NaN,NaN,NaN,NaN,NaN,NaN,NaN,NaN,NaN,NaN,NaN,NaN,NaN,NaN,NaN,NaN,NaN,NaN,NaN,
87.987,0.01060,0.00408,0.12963,0.57180,-0.00169,0.16860,-0.80288,NaN,NaN,NaN,NaN,NaN,NaN,NaN,NaN,NaN,NaN,NaN,NaN,NaN,NaN,NaN,NaN,NaN,NaN,NaN,NaN,NaN,
88.012,0.01064,0.00417,0.12967,0.57225,-0.00203,0.16822,-0.80264,NaN,NaN,NaN,NaN,NaN,NaN,NaN,NaN,NaN,NaN,NaN,NaN,NaN,NaN,NaN,NaN,NaN,NaN,NaN,NaN,NaN,
88.038,0.01065,0.00425,0.12970,0.57403,-0.00332,0.16669,-0.80168,NaN,NaN,NaN,NaN,NaN,NaN,NaN,NaN,NaN,NaN,NaN,NaN,NaN,NaN,NaN,NaN,NaN,NaN,NaN,NaN,NaN,
88.062,0.01040,0.00427,0.12959,0.57420,-0.00174,0.16513,-0.80188,NaN,NaN,NaN,NaN,NaN,NaN,NaN,NaN,NaN,NaN,NaN,NaN,NaN,NaN,NaN,NaN,NaN,NaN,NaN,NaN,NaN,
88.087,0.01040,0.00427,0.12959,0.57420,-0.00174,0.16513,-0.80188,NaN,NaN,NaN,NaN,NaN,NaN,NaN,NaN,NaN,NaN,NaN,NaN,NaN,NaN,NaN,NaN,NaN,NaN,NaN,NaN,NaN,
88.112,0.01043,0.00439,0.12971,0.57511,-0.00226,0.16424,-0.80142,NaN,NaN,NaN,NaN,NaN,NaN,NaN,NaN,NaN,NaN,NaN,NaN,NaN,NaN,NaN,NaN,NaN,NaN,NaN,NaN,NaN,
88.138,0.01032,0.00452,0.12970,0.57651,-0.00266,0.16252,-0.80076,NaN,NaN,NaN,NaN,NaN,NaN,NaN,NaN,NaN,NaN,NaN,NaN,NaN,NaN,NaN,NaN,NaN,NaN,NaN,NaN,NaN,
88.162,0.01032,0.00452,0.12970,0.57651,-0.00266,0.16252,-0.80076,NaN,NaN,NaN,NaN,NaN,NaN,NaN,NaN,NaN,NaN,NaN,NaN,NaN,NaN,NaN,NaN,NaN,NaN,NaN,NaN,NaN,
88.188,0.01030,0.00461,0.12970,0.57797,-0.00417,0.16162,-0.79988,NaN,NaN,NaN,NaN,NaN,NaN,NaN,NaN,NaN,NaN,NaN,NaN,NaN,NaN,NaN,NaN,NaN,NaN,NaN,NaN,NaN,
88.212,0.01030,0.00461,0.12970,0.57797,-0.00417,0.16162,-0.79988,NaN,NaN,NaN,NaN,NaN,NaN,NaN,NaN,NaN,NaN,NaN,NaN,NaN,NaN,NaN,NaN,NaN,NaN,NaN,NaN,NaN,
88.238,0.01029,0.00473,0.12971,0.57987,-0.00660,0.16083,-0.79865,NaN,NaN,NaN,NaN,NaN,NaN,NaN,NaN,NaN,NaN,NaN,NaN,NaN,NaN,NaN,NaN,NaN,NaN,NaN,NaN,NaN,
88.262,0.01029,0.00473,0.12971,0.57987,-0.00660,0.16083,-0.79865,NaN,NaN,NaN,NaN,NaN,NaN,NaN,NaN,NaN,NaN,NaN,NaN,NaN,NaN,NaN,NaN,NaN,NaN,NaN,NaN,NaN,
88.288,0.01011,0.00481,0.12956,0.58141,-0.00726,0.15910,-0.79787,NaN,NaN,NaN,NaN,NaN,NaN,NaN,NaN,NaN,NaN,NaN,NaN,NaN,NaN,NaN,NaN,NaN,NaN,NaN,NaN,NaN,
88.312,0.01026,0.00498,0.12958,0.58273,-0.00891,0.15851,-0.79701,NaN,NaN,NaN,NaN,NaN,NaN,NaN,NaN,NaN,NaN,NaN,NaN,NaN,NaN,NaN,NaN,NaN,NaN,NaN,NaN,NaN,
88.338,0.01030,0.00506,0.12958,0.58353,-0.00947,0.15779,-0.79656,NaN,NaN,NaN,NaN,NaN,NaN,NaN,NaN,NaN,NaN,NaN,NaN,NaN,NaN,NaN,NaN,NaN,NaN,NaN,NaN,NaN,
88.362,0.01030,0.00506,0.12958,0.58353,-0.00947,0.15779,-0.79656,NaN,NaN,NaN,NaN,NaN,NaN,NaN,NaN,NaN,NaN,NaN,NaN,NaN,NaN,NaN,NaN,NaN,NaN,NaN,NaN,NaN,
88.388,0.01036,0.00523,0.12960,0.58531,-0.01174,0.15701,-0.79538,NaN,NaN,NaN,NaN,NaN,NaN,NaN,NaN,NaN,NaN,NaN,NaN,NaN,NaN,NaN,NaN,NaN,NaN,NaN,NaN,NaN,
88.412,0.01036,0.00523,0.12960,0.58531,-0.01174,0.15701,-0.79538,NaN,NaN,NaN,NaN,NaN,NaN,NaN,NaN,NaN,NaN,NaN,NaN,NaN,NaN,NaN,NaN,NaN,NaN,NaN,NaN,NaN,
88.438,0.01032,0.00537,0.12957,0.58706,-0.01346,0.15583,-0.79429,NaN,NaN,NaN,NaN,NaN,NaN,NaN,NaN,NaN,NaN,NaN,NaN,NaN,NaN,NaN,NaN,NaN,NaN,NaN,NaN,NaN,
88.462,0.01021,0.00538,0.12947,0.58738,-0.01441,0.15613,-0.79398,NaN,NaN,NaN,NaN,NaN,NaN,NaN,NaN,NaN,NaN,NaN,NaN,NaN,NaN,NaN,NaN,NaN,NaN,NaN,NaN,NaN,
88.488,0.01042,0.00542,0.12953,0.58867,-0.01753,0.15676,-0.79284,NaN,NaN,NaN,NaN,NaN,NaN,NaN,NaN,NaN,NaN,NaN,NaN,NaN,NaN,NaN,NaN,NaN,NaN,NaN,NaN,NaN,
88.512,0.01042,0.00542,0.12953,0.58867,-0.01753,0.15676,-0.79284,NaN,NaN,NaN,NaN,NaN,NaN,NaN,NaN,NaN,NaN,NaN,NaN,NaN,NaN,NaN,NaN,NaN,NaN,NaN,NaN,NaN,
88.537,0.01045,0.00548,0.12946,0.58976,-0.01910,0.15641,-0.79206,NaN,NaN,NaN,NaN,NaN,NaN,NaN,NaN,NaN,NaN,NaN,NaN,NaN,NaN,NaN,NaN,NaN,NaN,NaN,NaN,NaN,
88.563,0.01060,0.00557,0.12954,0.59170,-0.02271,0.15644,-0.79050,NaN,NaN,NaN,NaN,NaN,NaN,NaN,NaN,NaN,NaN,NaN,NaN,NaN,NaN,NaN,NaN,NaN,NaN,NaN,NaN,NaN,
88.588,0.01092,0.00585,0.12946,0.59387,-0.02768,0.15721,-0.78856,NaN,NaN,NaN,NaN,NaN,NaN,NaN,NaN,NaN,NaN,NaN,NaN,NaN,NaN,NaN,NaN,NaN,NaN,NaN,NaN,NaN,
88.612,0.01092,0.00585,0.12946,0.59387,-0.02768,0.15721,-0.78856,NaN,NaN,NaN,NaN,NaN,NaN,NaN,NaN,NaN,NaN,NaN,NaN,NaN,NaN,NaN,NaN,NaN,NaN,NaN,NaN,NaN,
88.638,0.01130,0.00600,0.12932,0.59594,-0.03455,0.15962,-0.78625,NaN,NaN,NaN,NaN,NaN,NaN,NaN,NaN,NaN,NaN,NaN,NaN,NaN,NaN,NaN,NaN,NaN,NaN,NaN,NaN,NaN,
88.662,0.01130,0.00600,0.12932,0.59594,-0.03455,0.15962,-0.78625,NaN,NaN,NaN,NaN,NaN,NaN,NaN,NaN,NaN,NaN,NaN,NaN,NaN,NaN,NaN,NaN,NaN,NaN,NaN,NaN,NaN,
88.688,0.01146,0.00605,0.12924,0.59862,-0.04203,0.16152,-0.78346,NaN,NaN,NaN,NaN,NaN,NaN,NaN,NaN,NaN,NaN,NaN,NaN,NaN,NaN,NaN,NaN,NaN,NaN,NaN,NaN,NaN,
88.712,0.01130,0.00613,0.12920,0.59928,-0.04192,0.16045,-0.78318,NaN,NaN,NaN,NaN,NaN,NaN,NaN,NaN,NaN,NaN,NaN,NaN,NaN,NaN,NaN,NaN,NaN,NaN,NaN,NaN,NaN,
88.738,0.01134,0.00621,0.12923,0.60050,-0.04294,0.15941,-0.78240,NaN,NaN,NaN,NaN,NaN,NaN,NaN,NaN,NaN,NaN,NaN,NaN,NaN,NaN,NaN,NaN,NaN,NaN,NaN,NaN,NaN,
88.762,0.01134,0.00621,0.12923,0.60050,-0.04294,0.15941,-0.78240,NaN,NaN,NaN,NaN,NaN,NaN,NaN,NaN,NaN,NaN,NaN,NaN,NaN,NaN,NaN,NaN,NaN,NaN,NaN,NaN,NaN,
88.788,0.01132,0.00641,0.12920,0.60225,-0.04387,0.15750,-0.78139,NaN,NaN,NaN,NaN,NaN,NaN,NaN,NaN,NaN,NaN,NaN,NaN,NaN,NaN,NaN,NaN,NaN,NaN,NaN,NaN,NaN,
88.812,0.01132,0.00641,0.12920,0.60225,-0.04387,0.15750,-0.78139,NaN,NaN,NaN,NaN,NaN,NaN,NaN,NaN,NaN,NaN,NaN,NaN,NaN,NaN,NaN,NaN,NaN,NaN,NaN,NaN,NaN,
88.837,0.01143,0.00653,0.12926,0.60345,-0.04551,0.15697,-0.78047,NaN,NaN,NaN,NaN,NaN,NaN,NaN,NaN,NaN,NaN,NaN,NaN,NaN,NaN,NaN,NaN,NaN,NaN,NaN,NaN,NaN,
88.862,0.01119,0.00655,0.12936,0.60462,-0.04690,0.15629,-0.77962,NaN,NaN,NaN,NaN,NaN,NaN,NaN,NaN,NaN,NaN,NaN,NaN,NaN,NaN,NaN,NaN,NaN,NaN,NaN,NaN,NaN,
88.888,0.01123,0.00667,0.12934,0.60577,-0.04782,0.15527,-0.77887,NaN,NaN,NaN,NaN,NaN,NaN,NaN,NaN,NaN,NaN,NaN,NaN,NaN,NaN,NaN,NaN,NaN,NaN,NaN,NaN,NaN,
88.912,0.01123,0.00667,0.12934,0.60577,-0.04782,0.15527,-0.77887,NaN,NaN,NaN,NaN,NaN,NaN,NaN,NaN,NaN,NaN,NaN,NaN,NaN,NaN,NaN,NaN,NaN,NaN,NaN,NaN,NaN,
88.937,0.01116,0.00671,0.12935,0.60673,-0.04845,0.15430,-0.77828,NaN,NaN,NaN,NaN,NaN,NaN,NaN,NaN,NaN,NaN,NaN,NaN,NaN,NaN,NaN,NaN,NaN,NaN,NaN,NaN,NaN,
88.962,0.01115,0.00681,0.12941,0.60754,-0.04937,0.15379,-0.77769,NaN,NaN,NaN,NaN,NaN,NaN,NaN,NaN,NaN,NaN,NaN,NaN,NaN,NaN,NaN,NaN,NaN,NaN,NaN,NaN,NaN,
88.988,0.01086,0.00683,0.12953,0.60911,-0.05064,0.15238,-0.77666,NaN,NaN,NaN,NaN,NaN,NaN,NaN,NaN,NaN,NaN,NaN,NaN,NaN,NaN,NaN,NaN,NaN,NaN,NaN,NaN,NaN,
89.012,0.01113,0.00714,0.12945,0.61086,-0.05254,0.15120,-0.77539,NaN,NaN,NaN,NaN,NaN,NaN,NaN,NaN,NaN,NaN,NaN,NaN,NaN,NaN,NaN,NaN,NaN,NaN,NaN,NaN,NaN,
89.038,0.01095,0.00712,0.12948,0.61140,-0.05287,0.15063,-0.77505,NaN,NaN,NaN,NaN,NaN,NaN,NaN,NaN,NaN,NaN,NaN,NaN,NaN,NaN,NaN,NaN,NaN,NaN,NaN,NaN,NaN,
89.062,0.01107,0.00732,0.12943,0.61308,-0.05519,0.14986,-0.77371,NaN,NaN,NaN,NaN,NaN,NaN,NaN,NaN,NaN,NaN,NaN,NaN,NaN,NaN,NaN,NaN,NaN,NaN,NaN,NaN,NaN,
89.088,0.01094,0.00734,0.12947,0.61388,-0.05594,0.14922,-0.77315,NaN,NaN,NaN,NaN,NaN,NaN,NaN,NaN,NaN,NaN,NaN,NaN,NaN,NaN,NaN,NaN,NaN,NaN,NaN,NaN,NaN,
89.113,0.01104,0.00749,0.12950,0.61509,-0.05731,0.14841,-0.77224,NaN,NaN,NaN,NaN,NaN,NaN,NaN,NaN,NaN,NaN,NaN,NaN,NaN,NaN,NaN,NaN,NaN,NaN,NaN,NaN,NaN,
89.138,0.01090,0.00753,0.12950,0.61599,-0.05842,0.14789,-0.77154,NaN,NaN,NaN,NaN,NaN,NaN,NaN,NaN,NaN,NaN,NaN,NaN,NaN,NaN,NaN,NaN,NaN,NaN,NaN,NaN,NaN,
89.162,0.01102,0.00765,0.12953,0.61708,-0.06007,0.14748,-0.77062,NaN,NaN,NaN,NaN,NaN,NaN,NaN,NaN,NaN,NaN,NaN,NaN,NaN,NaN,NaN,NaN,NaN,NaN,NaN,NaN,NaN,
89.187,0.01102,0.00765,0.12953,0.61708,-0.06007,0.14748,-0.77062,NaN,NaN,NaN,NaN,NaN,NaN,NaN,NaN,NaN,NaN,NaN,NaN,NaN,NaN,NaN,NaN,NaN,NaN,NaN,NaN,NaN,
89.212,0.01098,0.00764,0.12958,0.61796,-0.06129,0.14707,-0.76990,NaN,NaN,NaN,NaN,NaN,NaN,NaN,NaN,NaN,NaN,NaN,NaN,NaN,NaN,NaN,NaN,NaN,NaN,NaN,NaN,NaN,
89.237,0.01119,0.00787,0.12952,0.61923,-0.06335,0.14670,-0.76878,NaN,NaN,NaN,NaN,NaN,NaN,NaN,NaN,NaN,NaN,NaN,NaN,NaN,NaN,NaN,NaN,NaN,NaN,NaN,NaN,NaN,
89.262,0.01107,0.00790,0.12950,0.61999,-0.06453,0.14642,-0.76812,NaN,NaN,NaN,NaN,NaN,NaN,NaN,NaN,NaN,NaN,NaN,NaN,NaN,NaN,NaN,NaN,NaN,NaN,NaN,NaN,NaN,
89.287,0.01107,0.00790,0.12950,0.61999,-0.06453,0.14642,-0.76812,NaN,NaN,NaN,NaN,NaN,NaN,NaN,NaN,NaN,NaN,NaN,NaN,NaN,NaN,NaN,NaN,NaN,NaN,NaN,NaN,NaN,
89.312,0.01110,0.00796,0.12947,0.62012,-0.06465,0.14631,-0.76803,NaN,NaN,NaN,NaN,NaN,NaN,NaN,NaN,NaN,NaN,NaN,NaN,NaN,NaN,NaN,NaN,NaN,NaN,NaN,NaN,NaN,
89.338,0.01107,0.00790,0.12952,0.62004,-0.06470,0.14647,-0.76805,NaN,NaN,NaN,NaN,NaN,NaN,NaN,NaN,NaN,NaN,NaN,NaN,NaN,NaN,NaN,NaN,NaN,NaN,NaN,NaN,NaN,
89.362,0.01107,0.00790,0.12952,0.62004,-0.06470,0.14647,-0.76805,NaN,NaN,NaN,NaN,NaN,NaN,NaN,NaN,NaN,NaN,NaN,NaN,NaN,NaN,NaN,NaN,NaN,NaN,NaN,NaN,NaN,
89.387,0.01091,0.00783,0.12953,0.61980,-0.06428,0.14653,-0.76828,NaN,NaN,NaN,NaN,NaN,NaN,NaN,NaN,NaN,NaN,NaN,NaN,NaN,NaN,NaN,NaN,NaN,NaN,NaN,NaN,NaN,
89.412,0.01105,0.00787,0.12955,0.61986,-0.06451,0.14661,-0.76819,NaN,NaN,NaN,NaN,NaN,NaN,NaN,NaN,NaN,NaN,NaN,NaN,NaN,NaN,NaN,NaN,NaN,NaN,NaN,NaN,NaN,
89.437,0.01105,0.00787,0.12955,0.61986,-0.06451,0.14661,-0.76819,NaN,NaN,NaN,NaN,NaN,NaN,NaN,NaN,NaN,NaN,NaN,NaN,NaN,NaN,NaN,NaN,NaN,NaN,NaN,NaN,NaN,
89.462,0.01101,0.00786,0.12953,0.61993,-0.06459,0.14656,-0.76814,NaN,NaN,NaN,NaN,NaN,NaN,NaN,NaN,NaN,NaN,NaN,NaN,NaN,NaN,NaN,NaN,NaN,NaN,NaN,NaN,NaN,
89.488,0.01100,0.00788,0.12951,0.62000,-0.06462,0.14648,-0.76810,NaN,NaN,NaN,NaN,NaN,NaN,NaN,NaN,NaN,NaN,NaN,NaN,NaN,NaN,NaN,NaN,NaN,NaN,NaN,NaN,NaN,
89.512,0.01100,0.00789,0.12951,0.62001,-0.06465,0.14649,-0.76808,NaN,NaN,NaN,NaN,NaN,NaN,NaN,NaN,NaN,NaN,NaN,NaN,NaN,NaN,NaN,NaN,NaN,NaN,NaN,NaN,NaN,
89.538,0.01099,0.00788,0.12951,0.62000,-0.06470,0.14653,-0.76808,NaN,NaN,NaN,NaN,NaN,NaN,NaN,NaN,NaN,NaN,NaN,NaN,NaN,NaN,NaN,NaN,NaN,NaN,NaN,NaN,NaN,
89.562,0.01098,0.00789,0.12950,0.61999,-0.06467,0.14654,-0.76809,NaN,NaN,NaN,NaN,NaN,NaN,NaN,NaN,NaN,NaN,NaN,NaN,NaN,NaN,NaN,NaN,NaN,NaN,NaN,NaN,NaN,
89.588,0.01099,0.00789,0.12950,0.62003,-0.06474,0.14653,-0.76805,NaN,NaN,NaN,NaN,NaN,NaN,NaN,NaN,NaN,NaN,NaN,NaN,NaN,NaN,NaN,NaN,NaN,NaN,NaN,NaN,NaN,
89.612,0.01099,0.00789,0.12950,0.62003,-0.06474,0.14653,-0.76805,NaN,NaN,NaN,NaN,NaN,NaN,NaN,NaN,NaN,NaN,NaN,NaN,NaN,NaN,NaN,NaN,NaN,NaN,NaN,NaN,NaN,
89.638,0.01100,0.00789,0.12950,0.62004,-0.06483,0.14658,-0.76803,NaN,NaN,NaN,NaN,NaN,NaN,NaN,NaN,NaN,NaN,NaN,NaN,NaN,NaN,NaN,NaN,NaN,NaN,NaN,NaN,NaN,
89.663,0.01099,0.00789,0.12950,0.62000,-0.06482,0.14663,-0.76804,NaN,NaN,NaN,NaN,NaN,NaN,NaN,NaN,NaN,NaN,NaN,NaN,NaN,NaN,NaN,NaN,NaN,NaN,NaN,NaN,NaN,
89.687,0.01099,0.00789,0.12950,0.62000,-0.06482,0.14663,-0.76804,NaN,NaN,NaN,NaN,NaN,NaN,NaN,NaN,NaN,NaN,NaN,NaN,NaN,NaN,NaN,NaN,NaN,NaN,NaN,NaN,NaN,
89.713,0.01100,0.00789,0.12951,0.62001,-0.06490,0.14668,-0.76802,NaN,NaN,NaN,NaN,NaN,NaN,NaN,NaN,NaN,NaN,NaN,NaN,NaN,NaN,NaN,NaN,NaN,NaN,NaN,NaN,NaN,
89.738,0.01100,0.00789,0.12951,0.61999,-0.06491,0.14672,-0.76804,NaN,NaN,NaN,NaN,NaN,NaN,NaN,NaN,NaN,NaN,NaN,NaN,NaN,NaN,NaN,NaN,NaN,NaN,NaN,NaN,NaN,
89.762,0.01100,0.00789,0.12951,0.61999,-0.06491,0.14672,-0.76804,NaN,NaN,NaN,NaN,NaN,NaN,NaN,NaN,NaN,NaN,NaN,NaN,NaN,NaN,NaN,NaN,NaN,NaN,NaN,NaN,NaN,
89.787,0.01098,0.00788,0.12951,0.61995,-0.06488,0.14676,-0.76806,NaN,NaN,NaN,NaN,NaN,NaN,NaN,NaN,NaN,NaN,NaN,NaN,NaN,NaN,NaN,NaN,NaN,NaN,NaN,NaN,NaN,
89.812,0.01097,0.00787,0.12951,0.61993,-0.06487,0.14678,-0.76807,NaN,NaN,NaN,NaN,NaN,NaN,NaN,NaN,NaN,NaN,NaN,NaN,NaN,NaN,NaN,NaN,NaN,NaN,NaN,NaN,NaN,
89.837,0.01096,0.00786,0.12951,0.61993,-0.06490,0.14681,-0.76807,NaN,NaN,NaN,NaN,NaN,NaN,NaN,NaN,NaN,NaN,NaN,NaN,NaN,NaN,NaN,NaN,NaN,NaN,NaN,NaN,NaN,
89.862,0.01095,0.00785,0.12951,0.61992,-0.06492,0.14683,-0.76807,NaN,NaN,NaN,NaN,NaN,NaN,NaN,NaN,NaN,NaN,NaN,NaN,NaN,NaN,NaN,NaN,NaN,NaN,NaN,NaN,NaN,
89.887,0.01095,0.00786,0.12951,0.61990,-0.06491,0.14686,-0.76808,NaN,NaN,NaN,NaN,NaN,NaN,NaN,NaN,NaN,NaN,NaN,NaN,NaN,NaN,NaN,NaN,NaN,NaN,NaN,NaN,NaN,
89.913,0.01094,0.00785,0.12951,0.61992,-0.06501,0.14691,-0.76805,NaN,NaN,NaN,NaN,NaN,NaN,NaN,NaN,NaN,NaN,NaN,NaN,NaN,NaN,NaN,NaN,NaN,NaN,NaN,NaN,NaN,
89.938,0.01095,0.00785,0.12952,0.61994,-0.06510,0.14695,-0.76801,NaN,NaN,NaN,NaN,NaN,NaN,NaN,NaN,NaN,NaN,NaN,NaN,NaN,NaN,NaN,NaN,NaN,NaN,NaN,NaN,NaN,
89.962,0.01095,0.00785,0.12952,0.61994,-0.06510,0.14695,-0.76801,NaN,NaN,NaN,NaN,NaN,NaN,NaN,NaN,NaN,NaN,NaN,NaN,NaN,NaN,NaN,NaN,NaN,NaN,NaN,NaN,NaN,
89.988,0.01094,0.00785,0.12952,0.61993,-0.06516,0.14701,-0.76800,NaN,NaN,NaN,NaN,NaN,NaN,NaN,NaN,NaN,NaN,NaN,NaN,NaN,NaN,NaN,NaN,NaN,NaN,NaN,NaN,NaN,
90.012,0.01095,0.00785,0.12952,0.61994,-0.06525,0.14706,-0.76798,NaN,NaN,NaN,NaN,NaN,NaN,NaN,NaN,NaN,NaN,NaN,NaN,NaN,NaN,NaN,NaN,NaN,NaN,NaN,NaN,NaN,
90.038,0.01096,0.00785,0.12952,0.61994,-0.06533,0.14711,-0.76796,NaN,NaN,NaN,NaN,NaN,NaN,NaN,NaN,NaN,NaN,NaN,NaN,NaN,NaN,NaN,NaN,NaN,NaN,NaN,NaN,NaN,
90.062,0.01096,0.00785,0.12952,0.61994,-0.06533,0.14711,-0.76796,NaN,NaN,NaN,NaN,NaN,NaN,NaN,NaN,NaN,NaN,NaN,NaN,NaN,NaN,NaN,NaN,NaN,NaN,NaN,NaN,NaN,
90.087,0.01097,0.00786,0.12951,0.61994,-0.06539,0.14716,-0.76795,NaN,NaN,NaN,NaN,NaN,NaN,NaN,NaN,NaN,NaN,NaN,NaN,NaN,NaN,NaN,NaN,NaN,NaN,NaN,NaN,NaN,
90.112,0.01099,0.00786,0.12952,0.61993,-0.06557,0.14732,-0.76791,NaN,NaN,NaN,NaN,NaN,NaN,NaN,NaN,NaN,NaN,NaN,NaN,NaN,NaN,NaN,NaN,NaN,NaN,NaN,NaN,NaN,
90.138,0.01114,0.00795,0.12951,0.62021,-0.06622,0.14738,-0.76762,NaN,NaN,NaN,NaN,NaN,NaN,NaN,NaN,NaN,NaN,NaN,NaN,NaN,NaN,NaN,NaN,NaN,NaN,NaN,NaN,NaN,
90.162,0.01114,0.00795,0.12951,0.62021,-0.06622,0.14738,-0.76762,NaN,NaN,NaN,NaN,NaN,NaN,NaN,NaN,NaN,NaN,NaN,NaN,NaN,NaN,NaN,NaN,NaN,NaN,NaN,NaN,NaN,
90.188,0.01230,0.00844,0.12944,0.62607,-0.08918,0.15556,-0.75887,NaN,NaN,NaN,NaN,NaN,NaN,NaN,NaN,NaN,NaN,NaN,NaN,NaN,NaN,NaN,NaN,NaN,NaN,NaN,NaN,NaN,
90.212,0.01180,0.00818,0.12922,0.62556,-0.08720,0.15489,-0.75966,NaN,NaN,NaN,NaN,NaN,NaN,NaN,NaN,NaN,NaN,NaN,NaN,NaN,NaN,NaN,NaN,NaN,NaN,NaN,NaN,NaN,
90.238,0.01210,0.00821,0.12949,0.62588,-0.09048,0.15681,-0.75861,NaN,NaN,NaN,NaN,NaN,NaN,NaN,NaN,NaN,NaN,NaN,NaN,NaN,NaN,NaN,NaN,NaN,NaN,NaN,NaN,NaN,
90.262,0.01253,0.00868,0.12898,0.62892,-0.09840,0.15786,-0.75488,NaN,NaN,NaN,NaN,NaN,NaN,NaN,NaN,NaN,NaN,NaN,NaN,NaN,NaN,NaN,NaN,NaN,NaN,NaN,NaN,NaN,
90.288,0.01274,0.00865,0.12920,0.63030,-0.10495,0.16043,-0.75231,NaN,NaN,NaN,NaN,NaN,NaN,NaN,NaN,NaN,NaN,NaN,NaN,NaN,NaN,NaN,NaN,NaN,NaN,NaN,NaN,NaN,
90.313,0.01326,0.00891,0.12916,0.63107,-0.10862,0.16185,-0.75084,NaN,NaN,NaN,NaN,NaN,NaN,NaN,NaN,NaN,NaN,NaN,NaN,NaN,NaN,NaN,NaN,NaN,NaN,NaN,NaN,NaN,
90.337,0.01326,0.00891,0.12916,0.63107,-0.10862,0.16185,-0.75084,NaN,NaN,NaN,NaN,NaN,NaN,NaN,NaN,NaN,NaN,NaN,NaN,NaN,NaN,NaN,NaN,NaN,NaN,NaN,NaN,NaN,
90.362,0.01310,0.00876,0.12908,0.63102,-0.10939,0.16247,-0.75064,NaN,NaN,NaN,NaN,NaN,NaN,NaN,NaN,NaN,NaN,NaN,NaN,NaN,NaN,NaN,NaN,NaN,NaN,NaN,NaN,NaN,
90.388,0.01370,0.00894,0.12916,0.63340,-0.11858,0.16522,-0.74662,NaN,NaN,NaN,NaN,NaN,NaN,NaN,NaN,NaN,NaN,NaN,NaN,NaN,NaN,NaN,NaN,NaN,NaN,NaN,NaN,NaN,
90.412,0.01370,0.00894,0.12916,0.63340,-0.11858,0.16522,-0.74662,NaN,NaN,NaN,NaN,NaN,NaN,NaN,NaN,NaN,NaN,NaN,NaN,NaN,NaN,NaN,NaN,NaN,NaN,NaN,NaN,NaN,
90.437,0.01373,0.00881,0.12921,0.63366,-0.12072,0.16629,-0.74582,NaN,NaN,NaN,NaN,NaN,NaN,NaN,NaN,NaN,NaN,NaN,NaN,NaN,NaN,NaN,NaN,NaN,NaN,NaN,NaN,NaN,
90.462,0.01398,0.00863,0.12910,0.63228,-0.12398,0.17065,-0.74547,NaN,NaN,NaN,NaN,NaN,NaN,NaN,NaN,NaN,NaN,NaN,NaN,NaN,NaN,NaN,NaN,NaN,NaN,NaN,NaN,NaN,
90.488,0.01472,0.00887,0.12911,0.63453,-0.13304,0.17332,-0.74137,NaN,NaN,NaN,NaN,NaN,NaN,NaN,NaN,NaN,NaN,NaN,NaN,NaN,NaN,NaN,NaN,NaN,NaN,NaN,NaN,NaN,
90.512,0.01472,0.00887,0.12911,0.63453,-0.13304,0.17332,-0.74137,NaN,NaN,NaN,NaN,NaN,NaN,NaN,NaN,NaN,NaN,NaN,NaN,NaN,NaN,NaN,NaN,NaN,NaN,NaN,NaN,NaN,
90.538,0.01510,0.00909,0.12916,0.63590,-0.13865,0.17496,-0.73878,NaN,NaN,NaN,NaN,NaN,NaN,NaN,NaN,NaN,NaN,NaN,NaN,NaN,NaN,NaN,NaN,NaN,NaN,NaN,NaN,NaN,
90.562,0.01510,0.00909,0.12916,0.63590,-0.13865,0.17496,-0.73878,NaN,NaN,NaN,NaN,NaN,NaN,NaN,NaN,NaN,NaN,NaN,NaN,NaN,NaN,NaN,NaN,NaN,NaN,NaN,NaN,NaN,
90.587,0.01531,0.00920,0.12920,0.63693,-0.14218,0.17569,-0.73704,NaN,NaN,NaN,NaN,NaN,NaN,NaN,NaN,NaN,NaN,NaN,NaN,NaN,NaN,NaN,NaN,NaN,NaN,NaN,NaN,NaN,
90.612,0.01541,0.00930,0.12926,0.63746,-0.14403,0.17610,-0.73613,NaN,NaN,NaN,NaN,NaN,NaN,NaN,NaN,NaN,NaN,NaN,NaN,NaN,NaN,NaN,NaN,NaN,NaN,NaN,NaN,NaN,
90.638,0.01555,0.00935,0.12943,0.63766,-0.14653,0.17742,-0.73515,NaN,NaN,NaN,NaN,NaN,NaN,NaN,NaN,NaN,NaN,NaN,NaN,NaN,NaN,NaN,NaN,NaN,NaN,NaN,NaN,NaN,
90.662,0.01555,0.00935,0.12943,0.63766,-0.14653,0.17742,-0.73515,NaN,NaN,NaN,NaN,NaN,NaN,NaN,NaN,NaN,NaN,NaN,NaN,NaN,NaN,NaN,NaN,NaN,NaN,NaN,NaN,NaN,
90.688,0.01585,0.00945,0.12941,0.63697,-0.14702,0.17879,-0.73531,NaN,NaN,NaN,NaN,NaN,NaN,NaN,NaN,NaN,NaN,NaN,NaN,NaN,NaN,NaN,NaN,NaN,NaN,NaN,NaN,NaN,
90.712,0.01585,0.00945,0.12941,0.63697,-0.14702,0.17879,-0.73531,NaN,NaN,NaN,NaN,NaN,NaN,NaN,NaN,NaN,NaN,NaN,NaN,NaN,NaN,NaN,NaN,NaN,NaN,NaN,NaN,NaN,
90.737,0.01594,0.00941,0.12960,0.63712,-0.14926,0.18002,-0.73443,NaN,NaN,NaN,NaN,NaN,NaN,NaN,NaN,NaN,NaN,NaN,NaN,NaN,NaN,NaN,NaN,NaN,NaN,NaN,NaN,NaN,
90.762,0.01608,0.00877,0.12978,0.63319,-0.14797,0.18519,-0.73680,NaN,NaN,NaN,NaN,NaN,NaN,NaN,NaN,NaN,NaN,NaN,NaN,NaN,NaN,NaN,NaN,NaN,NaN,NaN,NaN,NaN,
90.788,0.01678,0.00921,0.12982,0.63387,-0.15138,0.18634,-0.73523,NaN,NaN,NaN,NaN,NaN,NaN,NaN,NaN,NaN,NaN,NaN,NaN,NaN,NaN,NaN,NaN,NaN,NaN,NaN,NaN,NaN,
90.813,0.01654,0.00908,0.12971,0.63466,-0.15260,0.18593,-0.73441,NaN,NaN,NaN,NaN,NaN,NaN,NaN,NaN,NaN,NaN,NaN,NaN,NaN,NaN,NaN,NaN,NaN,NaN,NaN,NaN,NaN,
90.838,0.01661,0.00907,0.12988,0.63466,-0.15411,0.18688,-0.73385,NaN,NaN,NaN,NaN,NaN,NaN,NaN,NaN,NaN,NaN,NaN,NaN,NaN,NaN,NaN,NaN,NaN,NaN,NaN,NaN,NaN,
90.862,0.01698,0.00934,0.12987,0.63521,-0.15614,0.18733,-0.73282,NaN,NaN,NaN,NaN,NaN,NaN,NaN,NaN,NaN,NaN,NaN,NaN,NaN,NaN,NaN,NaN,NaN,NaN,NaN,NaN,NaN,
90.887,0.01698,0.00934,0.12987,0.63521,-0.15614,0.18733,-0.73282,NaN,NaN,NaN,NaN,NaN,NaN,NaN,NaN,NaN,NaN,NaN,NaN,NaN,NaN,NaN,NaN,NaN,NaN,NaN,NaN,NaN,
90.912,0.01678,0.00919,0.12986,0.63598,-0.15771,0.18715,-0.73187,NaN,NaN,NaN,NaN,NaN,NaN,NaN,NaN,NaN,NaN,NaN,NaN,NaN,NaN,NaN,NaN,NaN,NaN,NaN,NaN,NaN,
90.938,0.01713,0.00946,0.12991,0.63654,-0.16050,0.18806,-0.73054,NaN,NaN,NaN,NaN,NaN,NaN,NaN,NaN,NaN,NaN,NaN,NaN,NaN,NaN,NaN,NaN,NaN,NaN,NaN,NaN,NaN,
90.962,0.01701,0.00933,0.12999,0.63653,-0.16120,0.18851,-0.73028,NaN,NaN,NaN,NaN,NaN,NaN,NaN,NaN,NaN,NaN,NaN,NaN,NaN,NaN,NaN,NaN,NaN,NaN,NaN,NaN,NaN,
90.988,0.01715,0.00940,0.13002,0.63677,-0.16242,0.18891,-0.72970,NaN,NaN,NaN,NaN,NaN,NaN,NaN,NaN,NaN,NaN,NaN,NaN,NaN,NaN,NaN,NaN,NaN,NaN,NaN,NaN,NaN,
91.012,0.01727,0.00951,0.13003,0.63715,-0.16385,0.18922,-0.72896,NaN,NaN,NaN,NaN,NaN,NaN,NaN,NaN,NaN,NaN,NaN,NaN,NaN,NaN,NaN,NaN,NaN,NaN,NaN,NaN,NaN,
91.038,0.01739,0.00959,0.12999,0.63774,-0.16524,0.18919,-0.72814,NaN,NaN,NaN,NaN,NaN,NaN,NaN,NaN,NaN,NaN,NaN,NaN,NaN,NaN,NaN,NaN,NaN,NaN,NaN,NaN,NaN,
91.062,0.01744,0.00959,0.13005,0.63798,-0.16653,0.18961,-0.72752,NaN,NaN,NaN,NaN,NaN,NaN,NaN,NaN,NaN,NaN,NaN,NaN,NaN,NaN,NaN,NaN,NaN,NaN,NaN,NaN,NaN,
91.087,0.01744,0.00959,0.13005,0.63798,-0.16653,0.18961,-0.72752,NaN,NaN,NaN,NaN,NaN,NaN,NaN,NaN,NaN,NaN,NaN,NaN,NaN,NaN,NaN,NaN,NaN,NaN,NaN,NaN,NaN,
91.112,0.01784,0.00965,0.13006,0.63695,-0.16651,0.19117,-0.72802,NaN,NaN,NaN,NaN,NaN,NaN,NaN,NaN,NaN,NaN,NaN,NaN,NaN,NaN,NaN,NaN,NaN,NaN,NaN,NaN,NaN,
91.137,0.01780,0.00936,0.13013,0.63522,-0.16560,0.19324,-0.72920,NaN,NaN,NaN,NaN,NaN,NaN,NaN,NaN,NaN,NaN,NaN,NaN,NaN,NaN,NaN,NaN,NaN,NaN,NaN,NaN,NaN,
91.162,0.01797,0.00911,0.13020,0.63437,-0.16849,0.19630,-0.72846,NaN,NaN,NaN,NaN,NaN,NaN,NaN,NaN,NaN,NaN,NaN,NaN,NaN,NaN,NaN,NaN,NaN,NaN,NaN,NaN,NaN,
91.188,0.01821,0.00910,0.13024,0.63352,-0.16905,0.19792,-0.72863,NaN,NaN,NaN,NaN,NaN,NaN,NaN,NaN,NaN,NaN,NaN,NaN,NaN,NaN,NaN,NaN,NaN,NaN,NaN,NaN,NaN,
91.213,0.01840,0.00911,0.13018,0.63316,-0.17003,0.19907,-0.72841,NaN,NaN,NaN,NaN,NaN,NaN,NaN,NaN,NaN,NaN,NaN,NaN,NaN,NaN,NaN,NaN,NaN,NaN,NaN,NaN,NaN,
91.237,0.01840,0.00911,0.13018,0.63316,-0.17003,0.19907,-0.72841,NaN,NaN,NaN,NaN,NaN,NaN,NaN,NaN,NaN,NaN,NaN,NaN,NaN,NaN,NaN,NaN,NaN,NaN,NaN,NaN,NaN,
91.262,0.01853,0.00905,0.13021,0.63322,-0.17240,0.20042,-0.72743,NaN,NaN,NaN,NaN,NaN,NaN,NaN,NaN,NaN,NaN,NaN,NaN,NaN,NaN,NaN,NaN,NaN,NaN,NaN,NaN,NaN,
91.288,0.01879,0.00909,0.13024,0.63213,-0.17273,0.20225,-0.72778,NaN,NaN,NaN,NaN,NaN,NaN,NaN,NaN,NaN,NaN,NaN,NaN,NaN,NaN,NaN,NaN,NaN,NaN,NaN,NaN,NaN,
91.312,0.01879,0.00903,0.13028,0.63186,-0.17338,0.20304,-0.72765,NaN,NaN,NaN,NaN,NaN,NaN,NaN,NaN,NaN,NaN,NaN,NaN,NaN,NaN,NaN,NaN,NaN,NaN,NaN,NaN,NaN,
91.337,0.01879,0.00903,0.13028,0.63186,-0.17338,0.20304,-0.72765,NaN,NaN,NaN,NaN,NaN,NaN,NaN,NaN,NaN,NaN,NaN,NaN,NaN,NaN,NaN,NaN,NaN,NaN,NaN,NaN,NaN,
91.363,0.01894,0.00899,0.13017,0.63290,-0.17719,0.20377,-0.72562,NaN,NaN,NaN,NaN,NaN,NaN,NaN,NaN,NaN,NaN,NaN,NaN,NaN,NaN,NaN,NaN,NaN,NaN,NaN,NaN,NaN,
91.388,0.01917,0.00911,0.13016,0.63304,-0.17906,0.20468,-0.72478,NaN,NaN,NaN,NaN,NaN,NaN,NaN,NaN,NaN,NaN,NaN,NaN,NaN,NaN,NaN,NaN,NaN,NaN,NaN,NaN,NaN,
91.412,0.01917,0.00911,0.13016,0.63304,-0.17906,0.20468,-0.72478,NaN,NaN,NaN,NaN,NaN,NaN,NaN,NaN,NaN,NaN,NaN,NaN,NaN,NaN,NaN,NaN,NaN,NaN,NaN,NaN,NaN,
91.438,0.01925,0.00903,0.13017,0.63280,-0.18028,0.20575,-0.72438,NaN,NaN,NaN,NaN,NaN,NaN,NaN,NaN,NaN,NaN,NaN,NaN,NaN,NaN,NaN,NaN,NaN,NaN,NaN,NaN,NaN,
91.462,0.01927,0.00901,0.13014,0.63300,-0.18122,0.20602,-0.72390,NaN,NaN,NaN,NaN,NaN,NaN,NaN,NaN,NaN,NaN,NaN,NaN,NaN,NaN,NaN,NaN,NaN,NaN,NaN,NaN,NaN,
91.488,0.01930,0.00901,0.13008,0.63255,-0.18061,0.20632,-0.72435,NaN,NaN,NaN,NaN,NaN,NaN,NaN,NaN,NaN,NaN,NaN,NaN,NaN,NaN,NaN,NaN,NaN,NaN,NaN,NaN,NaN,
91.512,0.01930,0.00901,0.13008,0.63255,-0.18061,0.20632,-0.72435,NaN,NaN,NaN,NaN,NaN,NaN,NaN,NaN,NaN,NaN,NaN,NaN,NaN,NaN,NaN,NaN,NaN,NaN,NaN,NaN,NaN,
91.537,0.01916,0.00879,0.13016,0.63195,-0.17989,0.20679,-0.72492,NaN,NaN,NaN,NaN,NaN,NaN,NaN,NaN,NaN,NaN,NaN,NaN,NaN,NaN,NaN,NaN,NaN,NaN,NaN,NaN,NaN,
91.562,0.01927,0.00884,0.13015,0.63106,-0.17841,0.20724,-0.72594,NaN,NaN,NaN,NaN,NaN,NaN,NaN,NaN,NaN,NaN,NaN,NaN,NaN,NaN,NaN,NaN,NaN,NaN,NaN,NaN,NaN,
91.588,0.01945,0.00890,0.13012,0.63072,-0.17920,0.20821,-0.72576,NaN,NaN,NaN,NaN,NaN,NaN,NaN,NaN,NaN,NaN,NaN,NaN,NaN,NaN,NaN,NaN,NaN,NaN,NaN,NaN,NaN,
91.612,0.01945,0.00890,0.13012,0.63072,-0.17920,0.20821,-0.72576,NaN,NaN,NaN,NaN,NaN,NaN,NaN,NaN,NaN,NaN,NaN,NaN,NaN,NaN,NaN,NaN,NaN,NaN,NaN,NaN,NaN,
91.637,0.01944,0.00883,0.13011,0.63049,-0.17925,0.20860,-0.72584,NaN,NaN,NaN,NaN,NaN,NaN,NaN,NaN,NaN,NaN,NaN,NaN,NaN,NaN,NaN,NaN,NaN,NaN,NaN,NaN,NaN,
91.662,0.01954,0.00892,0.13007,0.62978,-0.17820,0.20902,-0.72659,NaN,NaN,NaN,NaN,NaN,NaN,NaN,NaN,NaN,NaN,NaN,NaN,NaN,NaN,NaN,NaN,NaN,NaN,NaN,NaN,NaN,
91.688,0.01942,0.00868,0.13020,0.62946,-0.17862,0.20974,-0.72655,NaN,NaN,NaN,NaN,NaN,NaN,NaN,NaN,NaN,NaN,NaN,NaN,NaN,NaN,NaN,NaN,NaN,NaN,NaN,NaN,NaN,
91.712,0.01942,0.00868,0.13020,0.62946,-0.17862,0.20974,-0.72655,NaN,NaN,NaN,NaN,NaN,NaN,NaN,NaN,NaN,NaN,NaN,NaN,NaN,NaN,NaN,NaN,NaN,NaN,NaN,NaN,NaN,
91.737,0.01957,0.00884,0.13004,0.62873,-0.17675,0.20971,-0.72765,NaN,NaN,NaN,NaN,NaN,NaN,NaN,NaN,NaN,NaN,NaN,NaN,NaN,NaN,NaN,NaN,NaN,NaN,NaN,NaN,NaN,
91.762,0.01945,0.00862,0.13015,0.62833,-0.17688,0.21038,-0.72777,NaN,NaN,NaN,NaN,NaN,NaN,NaN,NaN,NaN,NaN,NaN,NaN,NaN,NaN,NaN,NaN,NaN,NaN,NaN,NaN,NaN,
91.788,0.01951,0.00856,0.13023,0.62661,-0.17438,0.21144,-0.72955,NaN,NaN,NaN,NaN,NaN,NaN,NaN,NaN,NaN,NaN,NaN,NaN,NaN,NaN,NaN,NaN,NaN,NaN,NaN,NaN,NaN,
91.813,0.01947,0.00848,0.13024,0.62586,-0.17345,0.21200,-0.73025,NaN,NaN,NaN,NaN,NaN,NaN,NaN,NaN,NaN,NaN,NaN,NaN,NaN,NaN,NaN,NaN,NaN,NaN,NaN,NaN,NaN,
91.838,0.01945,0.00836,0.13020,0.62549,-0.17261,0.21204,-0.73076,NaN,NaN,NaN,NaN,NaN,NaN,NaN,NaN,NaN,NaN,NaN,NaN,NaN,NaN,NaN,NaN,NaN,NaN,NaN,NaN,NaN,
91.862,0.01955,0.00840,0.13021,0.62465,-0.17199,0.21291,-0.73137,NaN,NaN,NaN,NaN,NaN,NaN,NaN,NaN,NaN,NaN,NaN,NaN,NaN,NaN,NaN,NaN,NaN,NaN,NaN,NaN,NaN,
91.888,0.01961,0.00846,0.13015,0.62451,-0.17219,0.21323,-0.73135,NaN,NaN,NaN,NaN,NaN,NaN,NaN,NaN,NaN,NaN,NaN,NaN,NaN,NaN,NaN,NaN,NaN,NaN,NaN,NaN,NaN,
91.913,0.01951,0.00831,0.13023,0.62406,-0.17146,0.21345,-0.73184,NaN,NaN,NaN,NaN,NaN,NaN,NaN,NaN,NaN,NaN,NaN,NaN,NaN,NaN,NaN,NaN,NaN,NaN,NaN,NaN,NaN,
91.937,0.01951,0.00831,0.13023,0.62406,-0.17146,0.21345,-0.73184,NaN,NaN,NaN,NaN,NaN,NaN,NaN,NaN,NaN,NaN,NaN,NaN,NaN,NaN,NaN,NaN,NaN,NaN,NaN,NaN,NaN,
91.962,0.01950,0.00824,0.13023,0.62357,-0.17106,0.21394,-0.73221,NaN,NaN,NaN,NaN,NaN,NaN,NaN,NaN,NaN,NaN,NaN,NaN,NaN,NaN,NaN,NaN,NaN,NaN,NaN,NaN,NaN,
91.988,0.01957,0.00817,0.13024,0.62298,-0.17141,0.21501,-0.73232,NaN,NaN,NaN,NaN,NaN,NaN,NaN,NaN,NaN,NaN,NaN,NaN,NaN,NaN,NaN,NaN,NaN,NaN,NaN,NaN,NaN,
92.012,0.01957,0.00817,0.13024,0.62298,-0.17141,0.21501,-0.73232,NaN,NaN,NaN,NaN,NaN,NaN,NaN,NaN,NaN,NaN,NaN,NaN,NaN,NaN,NaN,NaN,NaN,NaN,NaN,NaN,NaN,
92.037,0.01955,0.00812,0.13019,0.62248,-0.17072,0.21533,-0.73281,NaN,NaN,NaN,NaN,NaN,NaN,NaN,NaN,NaN,NaN,NaN,NaN,NaN,NaN,NaN,NaN,NaN,NaN,NaN,NaN,NaN,
92.062,0.01968,0.00819,0.13026,0.62199,-0.17081,0.21610,-0.73298,NaN,NaN,NaN,NaN,NaN,NaN,NaN,NaN,NaN,NaN,NaN,NaN,NaN,NaN,NaN,NaN,NaN,NaN,NaN,NaN,NaN,
92.087,0.01971,0.00813,0.13024,0.62195,-0.17090,0.21621,-0.73296,NaN,NaN,NaN,NaN,NaN,NaN,NaN,NaN,NaN,NaN,NaN,NaN,NaN,NaN,NaN,NaN,NaN,NaN,NaN,NaN,NaN,
92.113,0.01970,0.00806,0.13029,0.62092,-0.16986,0.21710,-0.73381,NaN,NaN,NaN,NaN,NaN,NaN,NaN,NaN,NaN,NaN,NaN,NaN,NaN,NaN,NaN,NaN,NaN,NaN,NaN,NaN,NaN,
92.138,0.01964,0.00792,0.13028,0.62035,-0.16890,0.21735,-0.73444,NaN,NaN,NaN,NaN,NaN,NaN,NaN,NaN,NaN,NaN,NaN,NaN,NaN,NaN,NaN,NaN,NaN,NaN,NaN,NaN,NaN,
92.162,0.01964,0.00792,0.13028,0.62035,-0.16890,0.21735,-0.73444,NaN,NaN,NaN,NaN,NaN,NaN,NaN,NaN,NaN,NaN,NaN,NaN,NaN,NaN,NaN,NaN,NaN,NaN,NaN,NaN,NaN,
92.188,0.01969,0.00787,0.13030,0.61917,-0.16756,0.21826,-0.73547,NaN,NaN,NaN,NaN,NaN,NaN,NaN,NaN,NaN,NaN,NaN,NaN,NaN,NaN,NaN,NaN,NaN,NaN,NaN,NaN,NaN,
92.212,0.01971,0.00782,0.13043,0.61868,-0.16787,0.21916,-0.73554,NaN,NaN,NaN,NaN,NaN,NaN,NaN,NaN,NaN,NaN,NaN,NaN,NaN,NaN,NaN,NaN,NaN,NaN,NaN,NaN,NaN,
92.238,0.01969,0.00783,0.13032,0.61793,-0.16567,0.21892,-0.73674,NaN,NaN,NaN,NaN,NaN,NaN,NaN,NaN,NaN,NaN,NaN,NaN,NaN,NaN,NaN,NaN,NaN,NaN,NaN,NaN,NaN,
92.262,0.01971,0.00778,0.13041,0.61671,-0.16394,0.21966,-0.73793,NaN,NaN,NaN,NaN,NaN,NaN,NaN,NaN,NaN,NaN,NaN,NaN,NaN,NaN,NaN,NaN,NaN,NaN,NaN,NaN,NaN,
92.288,0.01971,0.00774,0.13042,0.61600,-0.16265,0.21990,-0.73874,NaN,NaN,NaN,NaN,NaN,NaN,NaN,NaN,NaN,NaN,NaN,NaN,NaN,NaN,NaN,NaN,NaN,NaN,NaN,NaN,NaN,
92.312,0.01971,0.00774,0.13042,0.61600,-0.16265,0.21990,-0.73874,NaN,NaN,NaN,NaN,NaN,NaN,NaN,NaN,NaN,NaN,NaN,NaN,NaN,NaN,NaN,NaN,NaN,NaN,NaN,NaN,NaN,
92.337,0.01962,0.00763,0.13041,0.61597,-0.16287,0.22008,-0.73866,NaN,NaN,NaN,NaN,NaN,NaN,NaN,NaN,NaN,NaN,NaN,NaN,NaN,NaN,NaN,NaN,NaN,NaN,NaN,NaN,NaN,
92.363,0.01982,0.00777,0.13030,0.61548,-0.16238,0.22049,-0.73906,NaN,NaN,NaN,NaN,NaN,NaN,NaN,NaN,NaN,NaN,NaN,NaN,NaN,NaN,NaN,NaN,NaN,NaN,NaN,NaN,NaN,
92.387,0.01982,0.00777,0.13030,0.61548,-0.16238,0.22049,-0.73906,NaN,NaN,NaN,NaN,NaN,NaN,NaN,NaN,NaN,NaN,NaN,NaN,NaN,NaN,NaN,NaN,NaN,NaN,NaN,NaN,NaN,
92.413,0.01984,0.00770,0.13046,0.61472,-0.16220,0.22147,-0.73943,NaN,NaN,NaN,NaN,NaN,NaN,NaN,NaN,NaN,NaN,NaN,NaN,NaN,NaN,NaN,NaN,NaN,NaN,NaN,NaN,NaN,
92.438,0.01976,0.00759,0.13050,0.61431,-0.16205,0.22199,-0.73966,NaN,NaN,NaN,NaN,NaN,NaN,NaN,NaN,NaN,NaN,NaN,NaN,NaN,NaN,NaN,NaN,NaN,NaN,NaN,NaN,NaN,
92.462,0.01976,0.00759,0.13050,0.61431,-0.16205,0.22199,-0.73966,NaN,NaN,NaN,NaN,NaN,NaN,NaN,NaN,NaN,NaN,NaN,NaN,NaN,NaN,NaN,NaN,NaN,NaN,NaN,NaN,NaN,
92.488,0.01986,0.00762,0.13042,0.61383,-0.16147,0.22233,-0.74008,NaN,NaN,NaN,NaN,NaN,NaN,NaN,NaN,NaN,NaN,NaN,NaN,NaN,NaN,NaN,NaN,NaN,NaN,NaN,NaN,NaN,
92.512,0.01986,0.00762,0.13042,0.61383,-0.16147,0.22233,-0.74008,NaN,NaN,NaN,NaN,NaN,NaN,NaN,NaN,NaN,NaN,NaN,NaN,NaN,NaN,NaN,NaN,NaN,NaN,NaN,NaN,NaN,
92.537,0.01985,0.00751,0.13044,0.61355,-0.16161,0.22282,-0.74013,NaN,NaN,NaN,NaN,NaN,NaN,NaN,NaN,NaN,NaN,NaN,NaN,NaN,NaN,NaN,NaN,NaN,NaN,NaN,NaN,NaN,
92.562,0.01992,0.00752,0.13040,0.61309,-0.16103,0.22312,-0.74055,NaN,NaN,NaN,NaN,NaN,NaN,NaN,NaN,NaN,NaN,NaN,NaN,NaN,NaN,NaN,NaN,NaN,NaN,NaN,NaN,NaN,
92.587,0.01999,0.00753,0.13037,0.61274,-0.16072,0.22344,-0.74080,NaN,NaN,NaN,NaN,NaN,NaN,NaN,NaN,NaN,NaN,NaN,NaN,NaN,NaN,NaN,NaN,NaN,NaN,NaN,NaN,NaN,
92.612,0.02004,0.00757,0.13029,0.61250,-0.16038,0.22357,-0.74104,NaN,NaN,NaN,NaN,NaN,NaN,NaN,NaN,NaN,NaN,NaN,NaN,NaN,NaN,NaN,NaN,NaN,NaN,NaN,NaN,NaN,
92.637,0.02001,0.00751,0.13026,0.61246,-0.16062,0.22377,-0.74096,NaN,NaN,NaN,NaN,NaN,NaN,NaN,NaN,NaN,NaN,NaN,NaN,NaN,NaN,NaN,NaN,NaN,NaN,NaN,NaN,NaN,
92.662,0.02009,0.00731,0.13037,0.61110,-0.15956,0.22509,-0.74191,NaN,NaN,NaN,NaN,NaN,NaN,NaN,NaN,NaN,NaN,NaN,NaN,NaN,NaN,NaN,NaN,NaN,NaN,NaN,NaN,NaN,
92.687,0.02009,0.00731,0.13037,0.61110,-0.15956,0.22509,-0.74191,NaN,NaN,NaN,NaN,NaN,NaN,NaN,NaN,NaN,NaN,NaN,NaN,NaN,NaN,NaN,NaN,NaN,NaN,NaN,NaN,NaN,
92.712,0.02025,0.00746,0.13017,0.61025,-0.15834,0.22557,-0.74273,NaN,NaN,NaN,NaN,NaN,NaN,NaN,NaN,NaN,NaN,NaN,NaN,NaN,NaN,NaN,NaN,NaN,NaN,NaN,NaN,NaN,
92.738,0.02024,0.00727,0.13034,0.60947,-0.15816,0.22657,-0.74310,NaN,NaN,NaN,NaN,NaN,NaN,NaN,NaN,NaN,NaN,NaN,NaN,NaN,NaN,NaN,NaN,NaN,NaN,NaN,NaN,NaN,
92.762,0.02006,0.00698,0.13048,0.60797,-0.15600,0.22739,-0.74453,NaN,NaN,NaN,NaN,NaN,NaN,NaN,NaN,NaN,NaN,NaN,NaN,NaN,NaN,NaN,NaN,NaN,NaN,NaN,NaN,NaN,
92.787,0.02006,0.00698,0.13048,0.60797,-0.15600,0.22739,-0.74453,NaN,NaN,NaN,NaN,NaN,NaN,NaN,NaN,NaN,NaN,NaN,NaN,NaN,NaN,NaN,NaN,NaN,NaN,NaN,NaN,NaN,
92.812,0.02006,0.00707,0.13030,0.60650,-0.15206,0.22708,-0.74664,NaN,NaN,NaN,NaN,NaN,NaN,NaN,NaN,NaN,NaN,NaN,NaN,NaN,NaN,NaN,NaN,NaN,NaN,NaN,NaN,NaN,
92.838,0.02000,0.00676,0.13053,0.60403,-0.14865,0.22848,-0.74890,NaN,NaN,NaN,NaN,NaN,NaN,NaN,NaN,NaN,NaN,NaN,NaN,NaN,NaN,NaN,NaN,NaN,NaN,NaN,NaN,NaN,
92.862,0.02000,0.00676,0.13053,0.60403,-0.14865,0.22848,-0.74890,NaN,NaN,NaN,NaN,NaN,NaN,NaN,NaN,NaN,NaN,NaN,NaN,NaN,NaN,NaN,NaN,NaN,NaN,NaN,NaN,NaN,
92.888,0.01969,0.00644,0.13061,0.60155,-0.14458,0.22946,-0.75138,NaN,NaN,NaN,NaN,NaN,NaN,NaN,NaN,NaN,NaN,NaN,NaN,NaN,NaN,NaN,NaN,NaN,NaN,NaN,NaN,NaN,
92.913,0.01977,0.00640,0.13064,0.60096,-0.14366,0.22972,-0.75196,NaN,NaN,NaN,NaN,NaN,NaN,NaN,NaN,NaN,NaN,NaN,NaN,NaN,NaN,NaN,NaN,NaN,NaN,NaN,NaN,NaN,
92.938,0.01974,0.00624,0.13084,0.59969,-0.14236,0.23070,-0.75292,NaN,NaN,NaN,NaN,NaN,NaN,NaN,NaN,NaN,NaN,NaN,NaN,NaN,NaN,NaN,NaN,NaN,NaN,NaN,NaN,NaN,
92.962,0.01978,0.00636,0.13061,0.59929,-0.14103,0.23043,-0.75356,NaN,NaN,NaN,NaN,NaN,NaN,NaN,NaN,NaN,NaN,NaN,NaN,NaN,NaN,NaN,NaN,NaN,NaN,NaN,NaN,NaN,
92.987,0.01978,0.00636,0.13061,0.59929,-0.14103,0.23043,-0.75356,NaN,NaN,NaN,NaN,NaN,NaN,NaN,NaN,NaN,NaN,NaN,NaN,NaN,NaN,NaN,NaN,NaN,NaN,NaN,NaN,NaN,
93.012,0.01986,0.00643,0.13055,0.59908,-0.14140,0.23096,-0.75350,NaN,NaN,NaN,NaN,NaN,NaN,NaN,NaN,NaN,NaN,NaN,NaN,NaN,NaN,NaN,NaN,NaN,NaN,NaN,NaN,NaN,
93.038,0.01977,0.00595,0.13087,0.59615,-0.13798,0.23293,-0.75585,NaN,NaN,NaN,NaN,NaN,NaN,NaN,NaN,NaN,NaN,NaN,NaN,NaN,NaN,NaN,NaN,NaN,NaN,NaN,NaN,NaN,
93.062,0.01977,0.00595,0.13087,0.59615,-0.13798,0.23293,-0.75585,NaN,NaN,NaN,NaN,NaN,NaN,NaN,NaN,NaN,NaN,NaN,NaN,NaN,NaN,NaN,NaN,NaN,NaN,NaN,NaN,NaN,
93.088,0.01985,0.00589,0.13080,0.59524,-0.13739,0.23384,-0.75640,NaN,NaN,NaN,NaN,NaN,NaN,NaN,NaN,NaN,NaN,NaN,NaN,NaN,NaN,NaN,NaN,NaN,NaN,NaN,NaN,NaN,
93.112,0.01984,0.00581,0.13083,0.59401,-0.13513,0.23414,-0.75768,NaN,NaN,NaN,NaN,NaN,NaN,NaN,NaN,NaN,NaN,NaN,NaN,NaN,NaN,NaN,NaN,NaN,NaN,NaN,NaN,NaN,
93.138,0.01964,0.00561,0.13090,0.59291,-0.13331,0.23452,-0.75874,NaN,NaN,NaN,NaN,NaN,NaN,NaN,NaN,NaN,NaN,NaN,NaN,NaN,NaN,NaN,NaN,NaN,NaN,NaN,NaN,NaN,
93.163,0.01965,0.00558,0.13087,0.59167,-0.13103,0.23480,-0.76002,NaN,NaN,NaN,NaN,NaN,NaN,NaN,NaN,NaN,NaN,NaN,NaN,NaN,NaN,NaN,NaN,NaN,NaN,NaN,NaN,NaN,
93.187,0.01965,0.00558,0.13087,0.59167,-0.13103,0.23480,-0.76002,NaN,NaN,NaN,NaN,NaN,NaN,NaN,NaN,NaN,NaN,NaN,NaN,NaN,NaN,NaN,NaN,NaN,NaN,NaN,NaN,NaN,
93.212,0.01950,0.00546,0.13092,0.59022,-0.12831,0.23508,-0.76152,NaN,NaN,NaN,NaN,NaN,NaN,NaN,NaN,NaN,NaN,NaN,NaN,NaN,NaN,NaN,NaN,NaN,NaN,NaN,NaN,NaN,
93.238,0.01956,0.00526,0.13094,0.58805,-0.12497,0.23596,-0.76348,NaN,NaN,NaN,NaN,NaN,NaN,NaN,NaN,NaN,NaN,NaN,NaN,NaN,NaN,NaN,NaN,NaN,NaN,NaN,NaN,NaN,
93.262,0.01955,0.00520,0.13084,0.58724,-0.12367,0.23625,-0.76423,NaN,NaN,NaN,NaN,NaN,NaN,NaN,NaN,NaN,NaN,NaN,NaN,NaN,NaN,NaN,NaN,NaN,NaN,NaN,NaN,NaN,
93.287,0.01955,0.00520,0.13084,0.58724,-0.12367,0.23625,-0.76423,NaN,NaN,NaN,NaN,NaN,NaN,NaN,NaN,NaN,NaN,NaN,NaN,NaN,NaN,NaN,NaN,NaN,NaN,NaN,NaN,NaN,
93.312,0.01967,0.00488,0.13105,0.58522,-0.12321,0.23874,-0.76507,NaN,NaN,NaN,NaN,NaN,NaN,NaN,NaN,NaN,NaN,NaN,NaN,NaN,NaN,NaN,NaN,NaN,NaN,NaN,NaN,NaN,
93.337,0.01967,0.00488,0.13105,0.58522,-0.12321,0.23874,-0.76507,NaN,NaN,NaN,NaN,NaN,NaN,NaN,NaN,NaN,NaN,NaN,NaN,NaN,NaN,NaN,NaN,NaN,NaN,NaN,NaN,NaN,
93.362,0.01956,0.00486,0.13087,0.58404,-0.12061,0.23870,-0.76641,NaN,NaN,NaN,NaN,NaN,NaN,NaN,NaN,NaN,NaN,NaN,NaN,NaN,NaN,NaN,NaN,NaN,NaN,NaN,NaN,NaN,
93.388,0.01971,0.00465,0.13092,0.58161,-0.11770,0.24016,-0.76825,NaN,NaN,NaN,NaN,NaN,NaN,NaN,NaN,NaN,NaN,NaN,NaN,NaN,NaN,NaN,NaN,NaN,NaN,NaN,NaN,NaN,
93.413,0.01959,0.00437,0.13100,0.57980,-0.11618,0.24164,-0.76938,NaN,NaN,NaN,NaN,NaN,NaN,NaN,NaN,NaN,NaN,NaN,NaN,NaN,NaN,NaN,NaN,NaN,NaN,NaN,NaN,NaN,
93.438,0.01974,0.00435,0.13094,0.57877,-0.11550,0.24261,-0.76995,NaN,NaN,NaN,NaN,NaN,NaN,NaN,NaN,NaN,NaN,NaN,NaN,NaN,NaN,NaN,NaN,NaN,NaN,NaN,NaN,NaN,
93.463,0.01974,0.00419,0.13103,0.57775,-0.11507,0.24374,-0.77043,NaN,NaN,NaN,NaN,NaN,NaN,NaN,NaN,NaN,NaN,NaN,NaN,NaN,NaN,NaN,NaN,NaN,NaN,NaN,NaN,NaN,
93.488,0.01969,0.00406,0.13100,0.57664,-0.11360,0.24429,-0.77130,NaN,NaN,NaN,NaN,NaN,NaN,NaN,NaN,NaN,NaN,NaN,NaN,NaN,NaN,NaN,NaN,NaN,NaN,NaN,NaN,NaN,
93.512,0.01969,0.00406,0.13100,0.57664,-0.11360,0.24429,-0.77130,NaN,NaN,NaN,NaN,NaN,NaN,NaN,NaN,NaN,NaN,NaN,NaN,NaN,NaN,NaN,NaN,NaN,NaN,NaN,NaN,NaN,
93.538,0.02003,0.00408,0.13082,0.57582,-0.11445,0.24597,-0.77126,NaN,NaN,NaN,NaN,NaN,NaN,NaN,NaN,NaN,NaN,NaN,NaN,NaN,NaN,NaN,NaN,NaN,NaN,NaN,NaN,NaN,
93.563,0.02005,0.00388,0.13084,0.57530,-0.11501,0.24704,-0.77122,NaN,NaN,NaN,NaN,NaN,NaN,NaN,NaN,NaN,NaN,NaN,NaN,NaN,NaN,NaN,NaN,NaN,NaN,NaN,NaN,NaN,
93.587,0.02005,0.00388,0.13084,0.57530,-0.11501,0.24704,-0.77122,NaN,NaN,NaN,NaN,NaN,NaN,NaN,NaN,NaN,NaN,NaN,NaN,NaN,NaN,NaN,NaN,NaN,NaN,NaN,NaN,NaN,
93.612,0.02021,0.00394,0.13073,0.57436,-0.11443,0.24794,-0.77172,NaN,NaN,NaN,NaN,NaN,NaN,NaN,NaN,NaN,NaN,NaN,NaN,NaN,NaN,NaN,NaN,NaN,NaN,NaN,NaN,NaN,
93.638,0.02031,0.00357,0.13072,0.57244,-0.11361,0.25000,-0.77259,NaN,NaN,NaN,NaN,NaN,NaN,NaN,NaN,NaN,NaN,NaN,NaN,NaN,NaN,NaN,NaN,NaN,NaN,NaN,NaN,NaN,
93.662,0.02031,0.00357,0.13072,0.57244,-0.11361,0.25000,-0.77259,NaN,NaN,NaN,NaN,NaN,NaN,NaN,NaN,NaN,NaN,NaN,NaN,NaN,NaN,NaN,NaN,NaN,NaN,NaN,NaN,NaN,
93.688,0.02020,0.00324,0.13089,0.57003,-0.11108,0.25161,-0.77422,NaN,NaN,NaN,NaN,NaN,NaN,NaN,NaN,NaN,NaN,NaN,NaN,NaN,NaN,NaN,NaN,NaN,NaN,NaN,NaN,NaN,
93.712,0.02020,0.00324,0.13089,0.57003,-0.11108,0.25161,-0.77422,NaN,NaN,NaN,NaN,NaN,NaN,NaN,NaN,NaN,NaN,NaN,NaN,NaN,NaN,NaN,NaN,NaN,NaN,NaN,NaN,NaN,
93.737,0.02031,0.00327,0.13074,0.56921,-0.11016,0.25212,-0.77479,NaN,NaN,NaN,NaN,NaN,NaN,NaN,NaN,NaN,NaN,NaN,NaN,NaN,NaN,NaN,NaN,NaN,NaN,NaN,NaN,NaN,
93.763,0.02031,0.00294,0.13077,0.56679,-0.10804,0.25400,-0.77625,NaN,NaN,NaN,NaN,NaN,NaN,NaN,NaN,NaN,NaN,NaN,NaN,NaN,NaN,NaN,NaN,NaN,NaN,NaN,NaN,NaN,
93.788,0.02032,0.00281,0.13074,0.56576,-0.10650,0.25436,-0.77709,NaN,NaN,NaN,NaN,NaN,NaN,NaN,NaN,NaN,NaN,NaN,NaN,NaN,NaN,NaN,NaN,NaN,NaN,NaN,NaN,NaN,
93.812,0.02012,0.00251,0.13085,0.56434,-0.10506,0.25532,-0.77800,NaN,NaN,NaN,NaN,NaN,NaN,NaN,NaN,NaN,NaN,NaN,NaN,NaN,NaN,NaN,NaN,NaN,NaN,NaN,NaN,NaN,
93.837,0.02012,0.00251,0.13085,0.56434,-0.10506,0.25532,-0.77800,NaN,NaN,NaN,NaN,NaN,NaN,NaN,NaN,NaN,NaN,NaN,NaN,NaN,NaN,NaN,NaN,NaN,NaN,NaN,NaN,NaN,
93.862,0.02029,0.00232,0.13082,0.56205,-0.10165,0.25613,-0.77984,NaN,NaN,NaN,NaN,NaN,NaN,NaN,NaN,NaN,NaN,NaN,NaN,NaN,NaN,NaN,NaN,NaN,NaN,NaN,NaN,NaN,
93.888,0.02029,0.00231,0.13082,0.56078,-0.09981,0.25662,-0.78084,NaN,NaN,NaN,NaN,NaN,NaN,NaN,NaN,NaN,NaN,NaN,NaN,NaN,NaN,NaN,NaN,NaN,NaN,NaN,NaN,NaN,
93.912,0.02016,0.00205,0.13087,0.56029,-0.09998,0.25738,-0.78092,NaN,NaN,NaN,NaN,NaN,NaN,NaN,NaN,NaN,NaN,NaN,NaN,NaN,NaN,NaN,NaN,NaN,NaN,NaN,NaN,NaN,
93.938,0.02012,0.00201,0.13082,0.55921,-0.09854,0.25787,-0.78172,NaN,NaN,NaN,NaN,NaN,NaN,NaN,NaN,NaN,NaN,NaN,NaN,NaN,NaN,NaN,NaN,NaN,NaN,NaN,NaN,NaN,
93.962,0.02012,0.00201,0.13082,0.55921,-0.09854,0.25787,-0.78172,NaN,NaN,NaN,NaN,NaN,NaN,NaN,NaN,NaN,NaN,NaN,NaN,NaN,NaN,NaN,NaN,NaN,NaN,NaN,NaN,NaN,
93.988,0.02021,0.00189,0.13081,0.55723,-0.09595,0.25878,-0.78315,NaN,NaN,NaN,NaN,NaN,NaN,NaN,NaN,NaN,NaN,NaN,NaN,NaN,NaN,NaN,NaN,NaN,NaN,NaN,NaN,NaN,
94.012,0.02021,0.00189,0.13081,0.55723,-0.09595,0.25878,-0.78315,NaN,NaN,NaN,NaN,NaN,NaN,NaN,NaN,NaN,NaN,NaN,NaN,NaN,NaN,NaN,NaN,NaN,NaN,NaN,NaN,NaN,
94.038,0.02020,0.00169,0.13080,0.55468,-0.09289,0.26011,-0.78489,NaN,NaN,NaN,NaN,NaN,NaN,NaN,NaN,NaN,NaN,NaN,NaN,NaN,NaN,NaN,NaN,NaN,NaN,NaN,NaN,NaN,
94.062,0.02011,0.00146,0.13078,0.55360,-0.09169,0.26072,-0.78558,NaN,NaN,NaN,NaN,NaN,NaN,NaN,NaN,NaN,NaN,NaN,NaN,NaN,NaN,NaN,NaN,NaN,NaN,NaN,NaN,NaN,
94.087,0.02011,0.00146,0.13078,0.55360,-0.09169,0.26072,-0.78558,NaN,NaN,NaN,NaN,NaN,NaN,NaN,NaN,NaN,NaN,NaN,NaN,NaN,NaN,NaN,NaN,NaN,NaN,NaN,NaN,NaN,
94.112,0.02006,0.00131,0.13071,0.55276,-0.09108,0.26143,-0.78601,NaN,NaN,NaN,NaN,NaN,NaN,NaN,NaN,NaN,NaN,NaN,NaN,NaN,NaN,NaN,NaN,NaN,NaN,NaN,NaN,NaN,
94.138,0.02006,0.00118,0.13060,0.55076,-0.08881,0.26255,-0.78731,NaN,NaN,NaN,NaN,NaN,NaN,NaN,NaN,NaN,NaN,NaN,NaN,NaN,NaN,NaN,NaN,NaN,NaN,NaN,NaN,NaN,
94.163,0.02011,0.00102,0.13066,0.54919,-0.08766,0.26383,-0.78810,NaN,NaN,NaN,NaN,NaN,NaN,NaN,NaN,NaN,NaN,NaN,NaN,NaN,NaN,NaN,NaN,NaN,NaN,NaN,NaN,NaN,
94.188,0.02006,0.00074,0.13071,0.54743,-0.08579,0.26488,-0.78918,NaN,NaN,NaN,NaN,NaN,NaN,NaN,NaN,NaN,NaN,NaN,NaN,NaN,NaN,NaN,NaN,NaN,NaN,NaN,NaN,NaN,
94.212,0.02006,0.00074,0.13071,0.54743,-0.08579,0.26488,-0.78918,NaN,NaN,NaN,NaN,NaN,NaN,NaN,NaN,NaN,NaN,NaN,NaN,NaN,NaN,NaN,NaN,NaN,NaN,NaN,NaN,NaN,
94.238,0.01979,0.00050,0.13059,0.54400,-0.07952,0.26512,-0.79212,NaN,NaN,NaN,NaN,NaN,NaN,NaN,NaN,NaN,NaN,NaN,NaN,NaN,NaN,NaN,NaN,NaN,NaN,NaN,NaN,NaN,
94.263,0.01981,0.00033,0.13077,0.54274,-0.07861,0.26615,-0.79273,NaN,NaN,NaN,NaN,NaN,NaN,NaN,NaN,NaN,NaN,NaN,NaN,NaN,NaN,NaN,NaN,NaN,NaN,NaN,NaN,NaN,
94.288,0.01975,0.00009,0.13063,0.54201,-0.07773,0.26649,-0.79320,NaN,NaN,NaN,NaN,NaN,NaN,NaN,NaN,NaN,NaN,NaN,NaN,NaN,NaN,NaN,NaN,NaN,NaN,NaN,NaN,NaN,
94.312,0.01975,0.00009,0.13063,0.54201,-0.07773,0.26649,-0.79320,NaN,NaN,NaN,NaN,NaN,NaN,NaN,NaN,NaN,NaN,NaN,NaN,NaN,NaN,NaN,NaN,NaN,NaN,NaN,NaN,NaN,
94.337,0.01944,-0.00008,0.13072,0.53964,-0.07458,0.26742,-0.79480,NaN,NaN,NaN,NaN,NaN,NaN,NaN,NaN,NaN,NaN,NaN,NaN,NaN,NaN,NaN,NaN,NaN,NaN,NaN,NaN,NaN,
94.362,0.01947,-0.00005,0.13068,0.53868,-0.07285,0.26749,-0.79560,NaN,NaN,NaN,NaN,NaN,NaN,NaN,NaN,NaN,NaN,NaN,NaN,NaN,NaN,NaN,NaN,NaN,NaN,NaN,NaN,NaN,
94.388,0.01954,-0.00076,0.13101,0.53640,-0.07303,0.27055,-0.79608,NaN,NaN,NaN,NaN,NaN,NaN,NaN,NaN,NaN,NaN,NaN,NaN,NaN,NaN,NaN,NaN,NaN,NaN,NaN,NaN,NaN,
94.412,0.01954,-0.00076,0.13101,0.53640,-0.07303,0.27055,-0.79608,NaN,NaN,NaN,NaN,NaN,NaN,NaN,NaN,NaN,NaN,NaN,NaN,NaN,NaN,NaN,NaN,NaN,NaN,NaN,NaN,NaN,
94.438,0.01953,-0.00060,0.13064,0.53434,-0.06864,0.27020,-0.79797,NaN,NaN,NaN,NaN,NaN,NaN,NaN,NaN,NaN,NaN,NaN,NaN,NaN,NaN,NaN,NaN,NaN,NaN,NaN,NaN,NaN,
94.462,0.01953,-0.00060,0.13064,0.53434,-0.06864,0.27020,-0.79797,NaN,NaN,NaN,NaN,NaN,NaN,NaN,NaN,NaN,NaN,NaN,NaN,NaN,NaN,NaN,NaN,NaN,NaN,NaN,NaN,NaN,
94.488,0.01945,-0.00067,0.13065,0.53391,-0.06816,0.27042,-0.79823,NaN,NaN,NaN,NaN,NaN,NaN,NaN,NaN,NaN,NaN,NaN,NaN,NaN,NaN,NaN,NaN,NaN,NaN,NaN,NaN,NaN,
94.512,0.01945,-0.00067,0.13065,0.53391,-0.06816,0.27042,-0.79823,NaN,NaN,NaN,NaN,NaN,NaN,NaN,NaN,NaN,NaN,NaN,NaN,NaN,NaN,NaN,NaN,NaN,NaN,NaN,NaN,NaN,
94.538,0.01928,-0.00092,0.13064,0.53268,-0.06661,0.27094,-0.79900,NaN,NaN,NaN,NaN,NaN,NaN,NaN,NaN,NaN,NaN,NaN,NaN,NaN,NaN,NaN,NaN,NaN,NaN,NaN,NaN,NaN,
94.562,0.01938,-0.00098,0.13055,0.53201,-0.06569,0.27117,-0.79945,NaN,NaN,NaN,NaN,NaN,NaN,NaN,NaN,NaN,NaN,NaN,NaN,NaN,NaN,NaN,NaN,NaN,NaN,NaN,NaN,NaN,
94.587,0.01938,-0.00098,0.13055,0.53201,-0.06569,0.27117,-0.79945,NaN,NaN,NaN,NaN,NaN,NaN,NaN,NaN,NaN,NaN,NaN,NaN,NaN,NaN,NaN,NaN,NaN,NaN,NaN,NaN,NaN,
94.612,0.01930,-0.00102,0.13039,0.53152,-0.06461,0.27105,-0.79990,NaN,NaN,NaN,NaN,NaN,NaN,NaN,NaN,NaN,NaN,NaN,NaN,NaN,NaN,NaN,NaN,NaN,NaN,NaN,NaN,NaN,
94.637,0.01922,-0.00110,0.13037,0.53100,-0.06392,0.27123,-0.80024,NaN,NaN,NaN,NaN,NaN,NaN,NaN,NaN,NaN,NaN,NaN,NaN,NaN,NaN,NaN,NaN,NaN,NaN,NaN,NaN,NaN,
94.662,0.01932,-0.00119,0.13036,0.53011,-0.06304,0.27176,-0.80072,NaN,NaN,NaN,NaN,NaN,NaN,NaN,NaN,NaN,NaN,NaN,NaN,NaN,NaN,NaN,NaN,NaN,NaN,NaN,NaN,NaN,
94.687,0.01918,-0.00131,0.13026,0.52949,-0.06163,0.27158,-0.80130,NaN,NaN,NaN,NaN,NaN,NaN,NaN,NaN,NaN,NaN,NaN,NaN,NaN,NaN,NaN,NaN,NaN,NaN,NaN,NaN,NaN,
94.712,0.01912,-0.00143,0.13019,0.52879,-0.06048,0.27168,-0.80182,NaN,NaN,NaN,NaN,NaN,NaN,NaN,NaN,NaN,NaN,NaN,NaN,NaN,NaN,NaN,NaN,NaN,NaN,NaN,NaN,NaN,
94.737,0.01915,-0.00150,0.13016,0.52812,-0.05979,0.27206,-0.80218,NaN,NaN,NaN,NaN,NaN,NaN,NaN,NaN,NaN,NaN,NaN,NaN,NaN,NaN,NaN,NaN,NaN,NaN,NaN,NaN,NaN,
94.763,0.01903,-0.00166,0.13009,0.52704,-0.05807,0.27225,-0.80296,NaN,NaN,NaN,NaN,NaN,NaN,NaN,NaN,NaN,NaN,NaN,NaN,NaN,NaN,NaN,NaN,NaN,NaN,NaN,NaN,NaN,
94.787,0.01903,-0.00166,0.13009,0.52704,-0.05807,0.27225,-0.80296,NaN,NaN,NaN,NaN,NaN,NaN,NaN,NaN,NaN,NaN,NaN,NaN,NaN,NaN,NaN,NaN,NaN,NaN,NaN,NaN,NaN,
94.813,0.01896,-0.00190,0.13001,0.52531,-0.05562,0.27274,-0.80409,NaN,NaN,NaN,NaN,NaN,NaN,NaN,NaN,NaN,NaN,NaN,NaN,NaN,NaN,NaN,NaN,NaN,NaN,NaN,NaN,NaN,
94.838,0.01899,-0.00197,0.12996,0.52426,-0.05413,0.27304,-0.80478,NaN,NaN,NaN,NaN,NaN,NaN,NaN,NaN,NaN,NaN,NaN,NaN,NaN,NaN,NaN,NaN,NaN,NaN,NaN,NaN,NaN,
94.862,0.01888,-0.00210,0.12990,0.52358,-0.05284,0.27300,-0.80532,NaN,NaN,NaN,NaN,NaN,NaN,NaN,NaN,NaN,NaN,NaN,NaN,NaN,NaN,NaN,NaN,NaN,NaN,NaN,NaN,NaN,
94.888,0.01886,-0.00223,0.12995,0.52264,-0.05175,0.27343,-0.80586,NaN,NaN,NaN,NaN,NaN,NaN,NaN,NaN,NaN,NaN,NaN,NaN,NaN,NaN,NaN,NaN,NaN,NaN,NaN,NaN,NaN,
94.913,0.01880,-0.00232,0.12988,0.52180,-0.05031,0.27348,-0.80648,NaN,NaN,NaN,NaN,NaN,NaN,NaN,NaN,NaN,NaN,NaN,NaN,NaN,NaN,NaN,NaN,NaN,NaN,NaN,NaN,NaN,
94.938,0.01869,-0.00245,0.12984,0.52066,-0.04858,0.27371,-0.80724,NaN,NaN,NaN,NaN,NaN,NaN,NaN,NaN,NaN,NaN,NaN,NaN,NaN,NaN,NaN,NaN,NaN,NaN,NaN,NaN,NaN,
94.962,0.01869,-0.00257,0.12980,0.51978,-0.04727,0.27390,-0.80782,NaN,NaN,NaN,NaN,NaN,NaN,NaN,NaN,NaN,NaN,NaN,NaN,NaN,NaN,NaN,NaN,NaN,NaN,NaN,NaN,NaN,
94.988,0.01863,-0.00274,0.12978,0.51899,-0.04610,0.27407,-0.80834,NaN,NaN,NaN,NaN,NaN,NaN,NaN,NaN,NaN,NaN,NaN,NaN,NaN,NaN,NaN,NaN,NaN,NaN,NaN,NaN,NaN,
95.013,0.01862,-0.00281,0.12979,0.51802,-0.04492,0.27447,-0.80889,NaN,NaN,NaN,NaN,NaN,NaN,NaN,NaN,NaN,NaN,NaN,NaN,NaN,NaN,NaN,NaN,NaN,NaN,NaN,NaN,NaN,
95.038,0.01863,-0.00285,0.12968,0.51744,-0.04375,0.27437,-0.80936,NaN,NaN,NaN,NaN,NaN,NaN,NaN,NaN,NaN,NaN,NaN,NaN,NaN,NaN,NaN,NaN,NaN,NaN,NaN,NaN,NaN,
95.063,0.01853,-0.00297,0.12968,0.51668,-0.04254,0.27447,-0.80988,NaN,NaN,NaN,NaN,NaN,NaN,NaN,NaN,NaN,NaN,NaN,NaN,NaN,NaN,NaN,NaN,NaN,NaN,NaN,NaN,NaN,
95.087,0.01853,-0.00297,0.12968,0.51668,-0.04254,0.27447,-0.80988,NaN,NaN,NaN,NaN,NaN,NaN,NaN,NaN,NaN,NaN,NaN,NaN,NaN,NaN,NaN,NaN,NaN,NaN,NaN,NaN,NaN,
95.112,0.01852,-0.00303,0.12964,0.51609,-0.04154,0.27450,-0.81029,NaN,NaN,NaN,NaN,NaN,NaN,NaN,NaN,NaN,NaN,NaN,NaN,NaN,NaN,NaN,NaN,NaN,NaN,NaN,NaN,NaN,
95.138,0.01842,-0.00316,0.12965,0.51542,-0.04056,0.27465,-0.81072,NaN,NaN,NaN,NaN,NaN,NaN,NaN,NaN,NaN,NaN,NaN,NaN,NaN,NaN,NaN,NaN,NaN,NaN,NaN,NaN,NaN,
95.162,0.01842,-0.00316,0.12965,0.51542,-0.04056,0.27465,-0.81072,NaN,NaN,NaN,NaN,NaN,NaN,NaN,NaN,NaN,NaN,NaN,NaN,NaN,NaN,NaN,NaN,NaN,NaN,NaN,NaN,NaN,
95.187,0.01845,-0.00321,0.12962,0.51516,-0.04010,0.27465,-0.81091,NaN,NaN,NaN,NaN,NaN,NaN,NaN,NaN,NaN,NaN,NaN,NaN,NaN,NaN,NaN,NaN,NaN,NaN,NaN,NaN,NaN,
95.212,0.01838,-0.00325,0.12960,0.51465,-0.03927,0.27470,-0.81125,NaN,NaN,NaN,NaN,NaN,NaN,NaN,NaN,NaN,NaN,NaN,NaN,NaN,NaN,NaN,NaN,NaN,NaN,NaN,NaN,NaN,
95.238,0.01840,-0.00333,0.12960,0.51386,-0.03810,0.27486,-0.81176,NaN,NaN,NaN,NaN,NaN,NaN,NaN,NaN,NaN,NaN,NaN,NaN,NaN,NaN,NaN,NaN,NaN,NaN,NaN,NaN,NaN,
95.263,0.01837,-0.00336,0.12960,0.51346,-0.03763,0.27503,-0.81197,NaN,NaN,NaN,NaN,NaN,NaN,NaN,NaN,NaN,NaN,NaN,NaN,NaN,NaN,NaN,NaN,NaN,NaN,NaN,NaN,NaN,
95.288,0.01838,-0.00337,0.12958,0.51332,-0.03739,0.27504,-0.81207,NaN,NaN,NaN,NaN,NaN,NaN,NaN,NaN,NaN,NaN,NaN,NaN,NaN,NaN,NaN,NaN,NaN,NaN,NaN,NaN,NaN,
95.312,0.01836,-0.00343,0.12959,0.51308,-0.03696,0.27502,-0.81225,NaN,NaN,NaN,NaN,NaN,NaN,NaN,NaN,NaN,NaN,NaN,NaN,NaN,NaN,NaN,NaN,NaN,NaN,NaN,NaN,NaN,
95.338,0.01834,-0.00350,0.12959,0.51246,-0.03611,0.27520,-0.81262,NaN,NaN,NaN,NaN,NaN,NaN,NaN,NaN,NaN,NaN,NaN,NaN,NaN,NaN,NaN,NaN,NaN,NaN,NaN,NaN,NaN,
95.363,0.01826,-0.00358,0.12957,0.51172,-0.03485,0.27522,-0.81313,NaN,NaN,NaN,NaN,NaN,NaN,NaN,NaN,NaN,NaN,NaN,NaN,NaN,NaN,NaN,NaN,NaN,NaN,NaN,NaN,NaN,
95.388,0.01827,-0.00375,0.12964,0.51074,-0.03362,0.27557,-0.81368,NaN,NaN,NaN,NaN,NaN,NaN,NaN,NaN,NaN,NaN,NaN,NaN,NaN,NaN,NaN,NaN,NaN,NaN,NaN,NaN,NaN,
95.412,0.01819,-0.00384,0.12958,0.50977,-0.03176,0.27545,-0.81440,NaN,NaN,NaN,NaN,NaN,NaN,NaN,NaN,NaN,NaN,NaN,NaN,NaN,NaN,NaN,NaN,NaN,NaN,NaN,NaN,NaN,
95.438,0.01815,-0.00398,0.12961,0.50859,-0.03009,0.27573,-0.81511,NaN,NaN,NaN,NaN,NaN,NaN,NaN,NaN,NaN,NaN,NaN,NaN,NaN,NaN,NaN,NaN,NaN,NaN,NaN,NaN,NaN,
95.462,0.01815,-0.00398,0.12961,0.50859,-0.03009,0.27573,-0.81511,NaN,NaN,NaN,NaN,NaN,NaN,NaN,NaN,NaN,NaN,NaN,NaN,NaN,NaN,NaN,NaN,NaN,NaN,NaN,NaN,NaN,
95.487,0.01811,-0.00410,0.12963,0.50751,-0.02854,0.27596,-0.81576,NaN,NaN,NaN,NaN,NaN,NaN,NaN,NaN,NaN,NaN,NaN,NaN,NaN,NaN,NaN,NaN,NaN,NaN,NaN,NaN,NaN,
95.512,0.01803,-0.00432,0.12964,0.50574,-0.02575,0.27615,-0.81689,NaN,NaN,NaN,NaN,NaN,NaN,NaN,NaN,NaN,NaN,NaN,NaN,NaN,NaN,NaN,NaN,NaN,NaN,NaN,NaN,NaN,
95.538,0.01794,-0.00443,0.12962,0.50465,-0.02394,0.27619,-0.81760,NaN,NaN,NaN,NaN,NaN,NaN,NaN,NaN,NaN,NaN,NaN,NaN,NaN,NaN,NaN,NaN,NaN,NaN,NaN,NaN,NaN,
95.562,0.01794,-0.00443,0.12962,0.50465,-0.02394,0.27619,-0.81760,NaN,NaN,NaN,NaN,NaN,NaN,NaN,NaN,NaN,NaN,NaN,NaN,NaN,NaN,NaN,NaN,NaN,NaN,NaN,NaN,NaN,
95.587,0.01789,-0.00470,0.12968,0.50250,-0.02086,0.27663,-0.81886,NaN,NaN,NaN,NaN,NaN,NaN,NaN,NaN,NaN,NaN,NaN,NaN,NaN,NaN,NaN,NaN,NaN,NaN,NaN,NaN,NaN,
95.612,0.01778,-0.00483,0.12970,0.50160,-0.01949,0.27674,-0.81941,NaN,NaN,NaN,NaN,NaN,NaN,NaN,NaN,NaN,NaN,NaN,NaN,NaN,NaN,NaN,NaN,NaN,NaN,NaN,NaN,NaN,
95.637,0.01778,-0.00483,0.12970,0.50160,-0.01949,0.27674,-0.81941,NaN,NaN,NaN,NaN,NaN,NaN,NaN,NaN,NaN,NaN,NaN,NaN,NaN,NaN,NaN,NaN,NaN,NaN,NaN,NaN,NaN,
95.663,0.01770,-0.00493,0.12964,-0.49986,0.01646,-0.27668,0.82056,NaN,NaN,NaN,NaN,NaN,NaN,NaN,NaN,NaN,NaN,NaN,NaN,NaN,NaN,NaN,NaN,NaN,NaN,NaN,NaN,NaN,
95.688,0.01772,-0.00513,0.12969,-0.49885,0.01513,-0.27696,0.82110,NaN,NaN,NaN,NaN,NaN,NaN,NaN,NaN,NaN,NaN,NaN,NaN,NaN,NaN,NaN,NaN,NaN,NaN,NaN,NaN,NaN,
95.713,0.01762,-0.00521,0.12965,-0.49762,0.01307,-0.27697,0.82188,NaN,NaN,NaN,NaN,NaN,NaN,NaN,NaN,NaN,NaN,NaN,NaN,NaN,NaN,NaN,NaN,NaN,NaN,NaN,NaN,NaN,
95.738,0.01754,-0.00532,0.12968,-0.49665,0.01165,-0.27713,0.82244,NaN,NaN,NaN,NaN,NaN,NaN,NaN,NaN,NaN,NaN,NaN,NaN,NaN,NaN,NaN,NaN,NaN,NaN,NaN,NaN,NaN,
95.763,0.01751,-0.00543,0.12968,-0.49607,0.01061,-0.27708,0.82282,NaN,NaN,NaN,NaN,NaN,NaN,NaN,NaN,NaN,NaN,NaN,NaN,NaN,NaN,NaN,NaN,NaN,NaN,NaN,NaN,NaN,
95.787,0.01751,-0.00543,0.12968,-0.49607,0.01061,-0.27708,0.82282,NaN,NaN,NaN,NaN,NaN,NaN,NaN,NaN,NaN,NaN,NaN,NaN,NaN,NaN,NaN,NaN,NaN,NaN,NaN,NaN,NaN,
95.812,0.01748,-0.00554,0.12967,-0.49506,0.00898,-0.27712,0.82343,NaN,NaN,NaN,NaN,NaN,NaN,NaN,NaN,NaN,NaN,NaN,NaN,NaN,NaN,NaN,NaN,NaN,NaN,NaN,NaN,NaN,
95.838,0.01762,-0.00584,0.12973,-0.49109,0.00533,-0.27931,0.82510,NaN,NaN,NaN,NaN,NaN,NaN,NaN,NaN,NaN,NaN,NaN,NaN,NaN,NaN,NaN,NaN,NaN,NaN,NaN,NaN,NaN,
95.862,0.01762,-0.00584,0.12973,-0.49109,0.00533,-0.27931,0.82510,NaN,NaN,NaN,NaN,NaN,NaN,NaN,NaN,NaN,NaN,NaN,NaN,NaN,NaN,NaN,NaN,NaN,NaN,NaN,NaN,NaN,
95.887,0.01775,-0.00602,0.12968,-0.49240,0.00896,-0.28039,0.82392,NaN,NaN,NaN,NaN,NaN,NaN,NaN,NaN,NaN,NaN,NaN,NaN,NaN,NaN,NaN,NaN,NaN,NaN,NaN,NaN,NaN,
95.912,0.01783,-0.00617,0.12958,-0.49033,0.00694,-0.28144,0.82482,NaN,NaN,NaN,NaN,NaN,NaN,NaN,NaN,NaN,NaN,NaN,NaN,NaN,NaN,NaN,NaN,NaN,NaN,NaN,NaN,NaN,
95.938,0.01792,-0.00660,0.12966,-0.49034,0.01025,-0.28387,0.82394,NaN,NaN,NaN,NaN,NaN,NaN,NaN,NaN,NaN,NaN,NaN,NaN,NaN,NaN,NaN,NaN,NaN,NaN,NaN,NaN,NaN,
95.962,0.01792,-0.00660,0.12966,-0.49034,0.01025,-0.28387,0.82394,NaN,NaN,NaN,NaN,NaN,NaN,NaN,NaN,NaN,NaN,NaN,NaN,NaN,NaN,NaN,NaN,NaN,NaN,NaN,NaN,NaN,
95.987,0.01793,-0.00662,0.12962,-0.48797,0.00706,-0.28443,0.82519,NaN,NaN,NaN,NaN,NaN,NaN,NaN,NaN,NaN,NaN,NaN,NaN,NaN,NaN,NaN,NaN,NaN,NaN,NaN,NaN,NaN,
96.012,0.01786,-0.00683,0.12965,-0.48652,0.00486,-0.28457,0.82601,NaN,NaN,NaN,NaN,NaN,NaN,NaN,NaN,NaN,NaN,NaN,NaN,NaN,NaN,NaN,NaN,NaN,NaN,NaN,NaN,NaN,
96.038,0.01772,-0.00709,0.12968,-0.48529,0.00228,-0.28416,0.82689,NaN,NaN,NaN,NaN,NaN,NaN,NaN,NaN,NaN,NaN,NaN,NaN,NaN,NaN,NaN,NaN,NaN,NaN,NaN,NaN,NaN,
96.062,0.01772,-0.00709,0.12968,-0.48529,0.00228,-0.28416,0.82689,NaN,NaN,NaN,NaN,NaN,NaN,NaN,NaN,NaN,NaN,NaN,NaN,NaN,NaN,NaN,NaN,NaN,NaN,NaN,NaN,NaN,
96.088,0.01771,-0.00740,0.12982,-0.48214,-0.00180,-0.28495,0.82846,NaN,NaN,NaN,NaN,NaN,NaN,NaN,NaN,NaN,NaN,NaN,NaN,NaN,NaN,NaN,NaN,NaN,NaN,NaN,NaN,NaN,
96.112,0.01771,-0.00740,0.12982,-0.48214,-0.00180,-0.28495,0.82846,NaN,NaN,NaN,NaN,NaN,NaN,NaN,NaN,NaN,NaN,NaN,NaN,NaN,NaN,NaN,NaN,NaN,NaN,NaN,NaN,NaN,
96.138,0.01759,-0.00756,0.12986,-0.48055,-0.00443,-0.28491,0.82938,NaN,NaN,NaN,NaN,NaN,NaN,NaN,NaN,NaN,NaN,NaN,NaN,NaN,NaN,NaN,NaN,NaN,NaN,NaN,NaN,NaN,
96.162,0.01759,-0.00756,0.12986,-0.48055,-0.00443,-0.28491,0.82938,NaN,NaN,NaN,NaN,NaN,NaN,NaN,NaN,NaN,NaN,NaN,NaN,NaN,NaN,NaN,NaN,NaN,NaN,NaN,NaN,NaN,
96.187,0.01758,-0.00754,0.12982,-0.48024,-0.00531,-0.28464,0.82965,NaN,NaN,NaN,NaN,NaN,NaN,NaN,NaN,NaN,NaN,NaN,NaN,NaN,NaN,NaN,NaN,NaN,NaN,NaN,NaN,NaN,
96.212,0.01753,-0.00772,0.12993,-0.47951,-0.00600,-0.28500,0.82994,NaN,NaN,NaN,NaN,NaN,NaN,NaN,NaN,NaN,NaN,NaN,NaN,NaN,NaN,NaN,NaN,NaN,NaN,NaN,NaN,NaN,
96.238,0.01756,-0.00783,0.13001,-0.47823,-0.00772,-0.28526,0.83058,NaN,NaN,NaN,NaN,NaN,NaN,NaN,NaN,NaN,NaN,NaN,NaN,NaN,NaN,NaN,NaN,NaN,NaN,NaN,NaN,NaN,
96.263,0.01749,-0.00787,0.13002,-0.47811,-0.00806,-0.28515,0.83068,NaN,NaN,NaN,NaN,NaN,NaN,NaN,NaN,NaN,NaN,NaN,NaN,NaN,NaN,NaN,NaN,NaN,NaN,NaN,NaN,NaN,
96.287,0.01749,-0.00787,0.13002,-0.47811,-0.00806,-0.28515,0.83068,NaN,NaN,NaN,NaN,NaN,NaN,NaN,NaN,NaN,NaN,NaN,NaN,NaN,NaN,NaN,NaN,NaN,NaN,NaN,NaN,NaN,
96.312,0.01753,-0.00796,0.13006,-0.47762,-0.00872,-0.28525,0.83092,NaN,NaN,NaN,NaN,NaN,NaN,NaN,NaN,NaN,NaN,NaN,NaN,NaN,NaN,NaN,NaN,NaN,NaN,NaN,NaN,NaN,
96.338,0.01750,-0.00805,0.13008,-0.47690,-0.00984,-0.28528,0.83132,NaN,NaN,NaN,NaN,NaN,NaN,NaN,NaN,NaN,NaN,NaN,NaN,NaN,NaN,NaN,NaN,NaN,NaN,NaN,NaN,NaN,
96.363,0.01742,-0.00812,0.13010,-0.47603,-0.01102,-0.28544,0.83174,NaN,NaN,NaN,NaN,NaN,NaN,NaN,NaN,NaN,NaN,NaN,NaN,NaN,NaN,NaN,NaN,NaN,NaN,NaN,NaN,NaN,
96.388,0.01738,-0.00820,0.13015,-0.47541,-0.01184,-0.28556,0.83204,NaN,NaN,NaN,NaN,NaN,NaN,NaN,NaN,NaN,NaN,NaN,NaN,NaN,NaN,NaN,NaN,NaN,NaN,NaN,NaN,NaN,
96.412,0.01738,-0.00820,0.13015,-0.47541,-0.01184,-0.28556,0.83204,NaN,NaN,NaN,NaN,NaN,NaN,NaN,NaN,NaN,NaN,NaN,NaN,NaN,NaN,NaN,NaN,NaN,NaN,NaN,NaN,NaN,
96.438,0.01733,-0.00831,0.13019,-0.47492,-0.01296,-0.28531,0.83239,NaN,NaN,NaN,NaN,NaN,NaN,NaN,NaN,NaN,NaN,NaN,NaN,NaN,NaN,NaN,NaN,NaN,NaN,NaN,NaN,NaN,
96.462,0.01733,-0.00830,0.13018,-0.47442,-0.01398,-0.28515,0.83272,NaN,NaN,NaN,NaN,NaN,NaN,NaN,NaN,NaN,NaN,NaN,NaN,NaN,NaN,NaN,NaN,NaN,NaN,NaN,NaN,NaN,
96.488,0.01733,-0.00838,0.13025,-0.47384,-0.01450,-0.28544,0.83294,NaN,NaN,NaN,NaN,NaN,NaN,NaN,NaN,NaN,NaN,NaN,NaN,NaN,NaN,NaN,NaN,NaN,NaN,NaN,NaN,NaN,
96.512,0.01733,-0.00838,0.13025,-0.47384,-0.01450,-0.28544,0.83294,NaN,NaN,NaN,NaN,NaN,NaN,NaN,NaN,NaN,NaN,NaN,NaN,NaN,NaN,NaN,NaN,NaN,NaN,NaN,NaN,NaN,
96.537,0.01735,-0.00844,0.13027,-0.47347,-0.01515,-0.28540,0.83315,NaN,NaN,NaN,NaN,NaN,NaN,NaN,NaN,NaN,NaN,NaN,NaN,NaN,NaN,NaN,NaN,NaN,NaN,NaN,NaN,NaN,
96.562,0.01732,-0.00853,0.13027,-0.47288,-0.01598,-0.28549,0.83344,NaN,NaN,NaN,NaN,NaN,NaN,NaN,NaN,NaN,NaN,NaN,NaN,NaN,NaN,NaN,NaN,NaN,NaN,NaN,NaN,NaN,
96.588,0.01805,-0.00881,0.13054,-0.46888,-0.01448,-0.29144,0.83367,NaN,NaN,NaN,NaN,NaN,NaN,NaN,NaN,NaN,NaN,NaN,NaN,NaN,NaN,NaN,NaN,NaN,NaN,NaN,NaN,NaN,
96.612,0.01805,-0.00881,0.13054,-0.46888,-0.01448,-0.29144,0.83367,NaN,NaN,NaN,NaN,NaN,NaN,NaN,NaN,NaN,NaN,NaN,NaN,NaN,NaN,NaN,NaN,NaN,NaN,NaN,NaN,NaN,
96.637,0.01847,-0.00908,0.13071,-0.47385,-0.00221,-0.29467,0.82984,NaN,NaN,NaN,NaN,NaN,NaN,NaN,NaN,NaN,NaN,NaN,NaN,NaN,NaN,NaN,NaN,NaN,NaN,NaN,NaN,NaN,
96.663,0.01779,-0.00894,0.13004,-0.47374,-0.00471,-0.29295,0.83050,NaN,NaN,NaN,NaN,NaN,NaN,NaN,NaN,NaN,NaN,NaN,NaN,NaN,NaN,NaN,NaN,NaN,NaN,NaN,NaN,NaN,
96.688,0.01840,-0.00886,0.13022,-0.47259,-0.00478,-0.29427,0.83069,NaN,NaN,NaN,NaN,NaN,NaN,NaN,NaN,NaN,NaN,NaN,NaN,NaN,NaN,NaN,NaN,NaN,NaN,NaN,NaN,NaN,
96.712,0.01840,-0.00886,0.13022,-0.47259,-0.00478,-0.29427,0.83069,NaN,NaN,NaN,NaN,NaN,NaN,NaN,NaN,NaN,NaN,NaN,NaN,NaN,NaN,NaN,NaN,NaN,NaN,NaN,NaN,NaN,
96.737,0.01828,-0.00880,0.12992,-0.47218,-0.00662,-0.29339,0.83122,NaN,NaN,NaN,NaN,NaN,NaN,NaN,NaN,NaN,NaN,NaN,NaN,NaN,NaN,NaN,NaN,NaN,NaN,NaN,NaN,NaN,
96.762,0.01772,-0.00834,0.12951,-0.47115,-0.00628,-0.29488,0.83128,NaN,NaN,NaN,NaN,NaN,NaN,NaN,NaN,NaN,NaN,NaN,NaN,NaN,NaN,NaN,NaN,NaN,NaN,NaN,NaN,NaN,
96.787,0.01923,-0.00889,0.12995,-0.47370,0.00786,-0.30226,0.82716,NaN,NaN,NaN,NaN,NaN,NaN,NaN,NaN,NaN,NaN,NaN,NaN,NaN,NaN,NaN,NaN,NaN,NaN,NaN,NaN,NaN,
96.812,0.01951,-0.00912,0.12992,-0.47703,0.01656,-0.30458,0.82425,NaN,NaN,NaN,NaN,NaN,NaN,NaN,NaN,NaN,NaN,NaN,NaN,NaN,NaN,NaN,NaN,NaN,NaN,NaN,NaN,NaN,
96.837,0.01981,-0.00889,0.12974,-0.47585,0.01641,-0.30589,0.82446,NaN,NaN,NaN,NaN,NaN,NaN,NaN,NaN,NaN,NaN,NaN,NaN,NaN,NaN,NaN,NaN,NaN,NaN,NaN,NaN,NaN,
96.862,0.01965,-0.00915,0.12979,-0.47425,0.01451,-0.30642,0.82522,NaN,NaN,NaN,NaN,NaN,NaN,NaN,NaN,NaN,NaN,NaN,NaN,NaN,NaN,NaN,NaN,NaN,NaN,NaN,NaN,NaN,
96.887,0.01965,-0.00915,0.12979,-0.47425,0.01451,-0.30642,0.82522,NaN,NaN,NaN,NaN,NaN,NaN,NaN,NaN,NaN,NaN,NaN,NaN,NaN,NaN,NaN,NaN,NaN,NaN,NaN,NaN,NaN,
96.912,0.01963,-0.00915,0.12977,-0.47409,0.01421,-0.30639,0.82532,NaN,NaN,NaN,NaN,NaN,NaN,NaN,NaN,NaN,NaN,NaN,NaN,NaN,NaN,NaN,NaN,NaN,NaN,NaN,NaN,NaN,
96.938,0.01963,-0.00917,0.12976,-0.47366,0.01357,-0.30645,0.82556,NaN,NaN,NaN,NaN,NaN,NaN,NaN,NaN,NaN,NaN,NaN,NaN,NaN,NaN,NaN,NaN,NaN,NaN,NaN,NaN,NaN,
96.963,0.01960,-0.00919,0.12975,-0.47312,0.01268,-0.30645,0.82589,NaN,NaN,NaN,NaN,NaN,NaN,NaN,NaN,NaN,NaN,NaN,NaN,NaN,NaN,NaN,NaN,NaN,NaN,NaN,NaN,NaN,
96.988,0.01948,-0.00927,0.12975,-0.47251,0.01168,-0.30645,0.82625,NaN,NaN,NaN,NaN,NaN,NaN,NaN,NaN,NaN,NaN,NaN,NaN,NaN,NaN,NaN,NaN,NaN,NaN,NaN,NaN,NaN,
97.013,0.01943,-0.00935,0.12975,-0.47206,0.01092,-0.30644,0.82652,NaN,NaN,NaN,NaN,NaN,NaN,NaN,NaN,NaN,NaN,NaN,NaN,NaN,NaN,NaN,NaN,NaN,NaN,NaN,NaN,NaN,
97.037,0.01943,-0.00935,0.12975,-0.47206,0.01092,-0.30644,0.82652,NaN,NaN,NaN,NaN,NaN,NaN,NaN,NaN,NaN,NaN,NaN,NaN,NaN,NaN,NaN,NaN,NaN,NaN,NaN,NaN,NaN,
97.062,0.01937,-0.00944,0.12976,-0.47137,0.00991,-0.30652,0.82690,NaN,NaN,NaN,NaN,NaN,NaN,NaN,NaN,NaN,NaN,NaN,NaN,NaN,NaN,NaN,NaN,NaN,NaN,NaN,NaN,NaN,
97.087,0.01931,-0.00954,0.12980,-0.47036,0.00849,-0.30669,0.82742,NaN,NaN,NaN,NaN,NaN,NaN,NaN,NaN,NaN,NaN,NaN,NaN,NaN,NaN,NaN,NaN,NaN,NaN,NaN,NaN,NaN,
97.113,0.01926,-0.00979,0.12980,-0.46857,0.00571,-0.30680,0.82842,NaN,NaN,NaN,NaN,NaN,NaN,NaN,NaN,NaN,NaN,NaN,NaN,NaN,NaN,NaN,NaN,NaN,NaN,NaN,NaN,NaN,
97.138,0.01927,-0.00984,0.12980,-0.46775,0.00457,-0.30693,0.82884,NaN,NaN,NaN,NaN,NaN,NaN,NaN,NaN,NaN,NaN,NaN,NaN,NaN,NaN,NaN,NaN,NaN,NaN,NaN,NaN,NaN,
97.162,0.01927,-0.00984,0.12980,-0.46775,0.00457,-0.30693,0.82884,NaN,NaN,NaN,NaN,NaN,NaN,NaN,NaN,NaN,NaN,NaN,NaN,NaN,NaN,NaN,NaN,NaN,NaN,NaN,NaN,NaN,
97.188,0.01908,-0.01000,0.12976,-0.46647,0.00207,-0.30662,0.82969,NaN,NaN,NaN,NaN,NaN,NaN,NaN,NaN,NaN,NaN,NaN,NaN,NaN,NaN,NaN,NaN,NaN,NaN,NaN,NaN,NaN,
97.213,0.01900,-0.01011,0.12979,-0.46589,0.00107,-0.30657,0.83004,NaN,NaN,NaN,NaN,NaN,NaN,NaN,NaN,NaN,NaN,NaN,NaN,NaN,NaN,NaN,NaN,NaN,NaN,NaN,NaN,NaN,
97.238,0.01894,-0.01020,0.12980,-0.46520,0.00002,-0.30663,0.83040,NaN,NaN,NaN,NaN,NaN,NaN,NaN,NaN,NaN,NaN,NaN,NaN,NaN,NaN,NaN,NaN,NaN,NaN,NaN,NaN,NaN,
97.262,0.01894,-0.01020,0.12980,-0.46520,0.00002,-0.30663,0.83040,NaN,NaN,NaN,NaN,NaN,NaN,NaN,NaN,NaN,NaN,NaN,NaN,NaN,NaN,NaN,NaN,NaN,NaN,NaN,NaN,NaN,
97.287,0.01889,-0.01026,0.12976,-0.46465,-0.00108,-0.30647,0.83077,NaN,NaN,NaN,NaN,NaN,NaN,NaN,NaN,NaN,NaN,NaN,NaN,NaN,NaN,NaN,NaN,NaN,NaN,NaN,NaN,NaN,
97.312,0.01885,-0.01033,0.12978,-0.46385,-0.00233,-0.30649,0.83121,NaN,NaN,NaN,NaN,NaN,NaN,NaN,NaN,NaN,NaN,NaN,NaN,NaN,NaN,NaN,NaN,NaN,NaN,NaN,NaN,NaN,
97.338,0.01868,-0.01057,0.12980,-0.46184,-0.00545,-0.30656,0.83228,NaN,NaN,NaN,NaN,NaN,NaN,NaN,NaN,NaN,NaN,NaN,NaN,NaN,NaN,NaN,NaN,NaN,NaN,NaN,NaN,NaN,
97.362,0.01860,-0.01076,0.12983,-0.46073,-0.00730,-0.30649,0.83291,NaN,NaN,NaN,NaN,NaN,NaN,NaN,NaN,NaN,NaN,NaN,NaN,NaN,NaN,NaN,NaN,NaN,NaN,NaN,NaN,NaN,
97.387,0.01860,-0.01076,0.12983,-0.46073,-0.00730,-0.30649,0.83291,NaN,NaN,NaN,NaN,NaN,NaN,NaN,NaN,NaN,NaN,NaN,NaN,NaN,NaN,NaN,NaN,NaN,NaN,NaN,NaN,NaN,
97.412,0.01844,-0.01100,0.12980,-0.45871,-0.01084,-0.30624,0.83407,NaN,NaN,NaN,NaN,NaN,NaN,NaN,NaN,NaN,NaN,NaN,NaN,NaN,NaN,NaN,NaN,NaN,NaN,NaN,NaN,NaN,
97.438,0.01835,-0.01106,0.12976,-0.45802,-0.01215,-0.30609,0.83450,NaN,NaN,NaN,NaN,NaN,NaN,NaN,NaN,NaN,NaN,NaN,NaN,NaN,NaN,NaN,NaN,NaN,NaN,NaN,NaN,NaN,
97.463,0.01829,-0.01114,0.12977,-0.45749,-0.01310,-0.30600,0.83480,NaN,NaN,NaN,NaN,NaN,NaN,NaN,NaN,NaN,NaN,NaN,NaN,NaN,NaN,NaN,NaN,NaN,NaN,NaN,NaN,NaN,
97.488,0.01822,-0.01119,0.12977,-0.45656,-0.01472,-0.30588,0.83533,NaN,NaN,NaN,NaN,NaN,NaN,NaN,NaN,NaN,NaN,NaN,NaN,NaN,NaN,NaN,NaN,NaN,NaN,NaN,NaN,NaN,
97.512,0.01816,-0.01140,0.12980,-0.45556,-0.01644,-0.30577,0.83588,NaN,NaN,NaN,NaN,NaN,NaN,NaN,NaN,NaN,NaN,NaN,NaN,NaN,NaN,NaN,NaN,NaN,NaN,NaN,NaN,NaN,
97.537,0.01816,-0.01140,0.12980,-0.45556,-0.01644,-0.30577,0.83588,NaN,NaN,NaN,NaN,NaN,NaN,NaN,NaN,NaN,NaN,NaN,NaN,NaN,NaN,NaN,NaN,NaN,NaN,NaN,NaN,NaN,
97.562,0.01828,-0.01188,0.13003,-0.45170,-0.01703,-0.30984,0.83647,NaN,NaN,NaN,NaN,NaN,NaN,NaN,NaN,NaN,NaN,NaN,NaN,NaN,NaN,NaN,NaN,NaN,NaN,NaN,NaN,NaN,
97.588,0.01898,-0.01167,0.12970,-0.45485,-0.00669,-0.31382,0.83341,NaN,NaN,NaN,NaN,NaN,NaN,NaN,NaN,NaN,NaN,NaN,NaN,NaN,NaN,NaN,NaN,NaN,NaN,NaN,NaN,NaN,
97.612,0.01935,-0.01190,0.12967,-0.45346,-0.00515,-0.31658,0.83314,NaN,NaN,NaN,NaN,NaN,NaN,NaN,NaN,NaN,NaN,NaN,NaN,NaN,NaN,NaN,NaN,NaN,NaN,NaN,NaN,NaN,
97.638,0.01903,-0.01219,0.12961,-0.45315,-0.00441,-0.31748,0.83297,NaN,NaN,NaN,NaN,NaN,NaN,NaN,NaN,NaN,NaN,NaN,NaN,NaN,NaN,NaN,NaN,NaN,NaN,NaN,NaN,NaN,
97.663,0.01915,-0.01218,0.12956,-0.45232,-0.00449,-0.31838,0.83308,NaN,NaN,NaN,NaN,NaN,NaN,NaN,NaN,NaN,NaN,NaN,NaN,NaN,NaN,NaN,NaN,NaN,NaN,NaN,NaN,NaN,
97.687,0.01915,-0.01218,0.12956,-0.45232,-0.00449,-0.31838,0.83308,NaN,NaN,NaN,NaN,NaN,NaN,NaN,NaN,NaN,NaN,NaN,NaN,NaN,NaN,NaN,NaN,NaN,NaN,NaN,NaN,NaN,
97.712,0.01915,-0.01221,0.12942,-0.45222,-0.00397,-0.31888,0.83294,NaN,NaN,NaN,NaN,NaN,NaN,NaN,NaN,NaN,NaN,NaN,NaN,NaN,NaN,NaN,NaN,NaN,NaN,NaN,NaN,NaN,
97.738,0.01935,-0.01218,0.12928,-0.44970,-0.00302,-0.32248,0.83293,NaN,NaN,NaN,NaN,NaN,NaN,NaN,NaN,NaN,NaN,NaN,NaN,NaN,NaN,NaN,NaN,NaN,NaN,NaN,NaN,NaN,
97.762,0.01935,-0.01218,0.12928,-0.44970,-0.00302,-0.32248,0.83293,NaN,NaN,NaN,NaN,NaN,NaN,NaN,NaN,NaN,NaN,NaN,NaN,NaN,NaN,NaN,NaN,NaN,NaN,NaN,NaN,NaN,
97.788,0.01959,-0.01259,0.12943,-0.45154,0.00292,-0.32467,0.83108,NaN,NaN,NaN,NaN,NaN,NaN,NaN,NaN,NaN,NaN,NaN,NaN,NaN,NaN,NaN,NaN,NaN,NaN,NaN,NaN,NaN,
97.812,0.01959,-0.01259,0.12943,-0.45154,0.00292,-0.32467,0.83108,NaN,NaN,NaN,NaN,NaN,NaN,NaN,NaN,NaN,NaN,NaN,NaN,NaN,NaN,NaN,NaN,NaN,NaN,NaN,NaN,NaN,
97.837,0.01975,-0.01250,0.12929,-0.44972,0.00207,-0.32614,0.83149,NaN,NaN,NaN,NaN,NaN,NaN,NaN,NaN,NaN,NaN,NaN,NaN,NaN,NaN,NaN,NaN,NaN,NaN,NaN,NaN,NaN,
97.862,0.02001,-0.01296,0.12951,-0.44895,0.00439,-0.32869,0.83089,NaN,NaN,NaN,NaN,NaN,NaN,NaN,NaN,NaN,NaN,NaN,NaN,NaN,NaN,NaN,NaN,NaN,NaN,NaN,NaN,NaN,
97.888,0.01969,-0.01297,0.12932,-0.44857,0.00214,-0.32752,0.83157,NaN,NaN,NaN,NaN,NaN,NaN,NaN,NaN,NaN,NaN,NaN,NaN,NaN,NaN,NaN,NaN,NaN,NaN,NaN,NaN,NaN,
97.912,0.01969,-0.01297,0.12932,-0.44857,0.00214,-0.32752,0.83157,NaN,NaN,NaN,NaN,NaN,NaN,NaN,NaN,NaN,NaN,NaN,NaN,NaN,NaN,NaN,NaN,NaN,NaN,NaN,NaN,NaN,
97.938,0.01980,-0.01314,0.12934,-0.44849,0.00337,-0.32848,0.83123,NaN,NaN,NaN,NaN,NaN,NaN,NaN,NaN,NaN,NaN,NaN,NaN,NaN,NaN,NaN,NaN,NaN,NaN,NaN,NaN,NaN,
97.963,0.01978,-0.01328,0.12940,-0.44736,0.00347,-0.32985,0.83130,NaN,NaN,NaN,NaN,NaN,NaN,NaN,NaN,NaN,NaN,NaN,NaN,NaN,NaN,NaN,NaN,NaN,NaN,NaN,NaN,NaN,
97.988,0.01982,-0.01330,0.12941,-0.44730,0.00351,-0.32994,0.83129,NaN,NaN,NaN,NaN,NaN,NaN,NaN,NaN,NaN,NaN,NaN,NaN,NaN,NaN,NaN,NaN,NaN,NaN,NaN,NaN,NaN,
98.013,0.01985,-0.01333,0.12941,-0.44670,0.00272,-0.33007,0.83157,NaN,NaN,NaN,NaN,NaN,NaN,NaN,NaN,NaN,NaN,NaN,NaN,NaN,NaN,NaN,NaN,NaN,NaN,NaN,NaN,NaN,
98.038,0.01974,-0.01345,0.12946,-0.44523,0.00088,-0.33042,0.83222,NaN,NaN,NaN,NaN,NaN,NaN,NaN,NaN,NaN,NaN,NaN,NaN,NaN,NaN,NaN,NaN,NaN,NaN,NaN,NaN,NaN,
98.063,0.01968,-0.01351,0.12945,-0.44456,-0.00037,-0.33028,0.83263,NaN,NaN,NaN,NaN,NaN,NaN,NaN,NaN,NaN,NaN,NaN,NaN,NaN,NaN,NaN,NaN,NaN,NaN,NaN,NaN,NaN,
98.087,0.01968,-0.01351,0.12945,-0.44456,-0.00037,-0.33028,0.83263,NaN,NaN,NaN,NaN,NaN,NaN,NaN,NaN,NaN,NaN,NaN,NaN,NaN,NaN,NaN,NaN,NaN,NaN,NaN,NaN,NaN,
98.112,0.01967,-0.01371,0.12954,-0.44338,-0.00142,-0.33088,0.83303,NaN,NaN,NaN,NaN,NaN,NaN,NaN,NaN,NaN,NaN,NaN,NaN,NaN,NaN,NaN,NaN,NaN,NaN,NaN,NaN,NaN,
98.138,0.01971,-0.01376,0.12952,-0.44339,-0.00076,-0.33134,0.83284,NaN,NaN,NaN,NaN,NaN,NaN,NaN,NaN,NaN,NaN,NaN,NaN,NaN,NaN,NaN,NaN,NaN,NaN,NaN,NaN,NaN,
98.163,0.01972,-0.01387,0.12954,-0.44291,-0.00081,-0.33185,0.83289,NaN,NaN,NaN,NaN,NaN,NaN,NaN,NaN,NaN,NaN,NaN,NaN,NaN,NaN,NaN,NaN,NaN,NaN,NaN,NaN,NaN,
98.188,0.01966,-0.01395,0.12960,-0.44195,-0.00187,-0.33218,0.83327,NaN,NaN,NaN,NaN,NaN,NaN,NaN,NaN,NaN,NaN,NaN,NaN,NaN,NaN,NaN,NaN,NaN,NaN,NaN,NaN,NaN,
98.212,0.01966,-0.01395,0.12960,-0.44195,-0.00187,-0.33218,0.83327,NaN,NaN,NaN,NaN,NaN,NaN,NaN,NaN,NaN,NaN,NaN,NaN,NaN,NaN,NaN,NaN,NaN,NaN,NaN,NaN,NaN,
98.238,0.01958,-0.01411,0.12966,-0.44087,-0.00336,-0.33233,0.83377,NaN,NaN,NaN,NaN,NaN,NaN,NaN,NaN,NaN,NaN,NaN,NaN,NaN,NaN,NaN,NaN,NaN,NaN,NaN,NaN,NaN,
98.263,0.01953,-0.01412,0.12964,-0.44069,-0.00386,-0.33218,0.83393,NaN,NaN,NaN,NaN,NaN,NaN,NaN,NaN,NaN,NaN,NaN,NaN,NaN,NaN,NaN,NaN,NaN,NaN,NaN,NaN,NaN,
98.288,0.01954,-0.01417,0.12967,-0.44045,-0.00378,-0.33251,0.83392,NaN,NaN,NaN,NaN,NaN,NaN,NaN,NaN,NaN,NaN,NaN,NaN,NaN,NaN,NaN,NaN,NaN,NaN,NaN,NaN,NaN,
98.312,0.01947,-0.01418,0.12962,-0.44027,-0.00440,-0.33226,0.83411,NaN,NaN,NaN,NaN,NaN,NaN,NaN,NaN,NaN,NaN,NaN,NaN,NaN,NaN,NaN,NaN,NaN,NaN,NaN,NaN,NaN,
98.338,0.01950,-0.01422,0.12969,-0.43922,-0.00538,-0.33274,0.83447,NaN,NaN,NaN,NaN,NaN,NaN,NaN,NaN,NaN,NaN,NaN,NaN,NaN,NaN,NaN,NaN,NaN,NaN,NaN,NaN,NaN,
98.362,0.01954,-0.01429,0.12965,-0.43920,-0.00555,-0.33265,0.83452,NaN,NaN,NaN,NaN,NaN,NaN,NaN,NaN,NaN,NaN,NaN,NaN,NaN,NaN,NaN,NaN,NaN,NaN,NaN,NaN,NaN,
98.387,0.01954,-0.01429,0.12965,-0.43920,-0.00555,-0.33265,0.83452,NaN,NaN,NaN,NaN,NaN,NaN,NaN,NaN,NaN,NaN,NaN,NaN,NaN,NaN,NaN,NaN,NaN,NaN,NaN,NaN,NaN,
98.413,0.01939,-0.01434,0.12967,-0.43898,-0.00623,-0.33241,0.83473,NaN,NaN,NaN,NaN,NaN,NaN,NaN,NaN,NaN,NaN,NaN,NaN,NaN,NaN,NaN,NaN,NaN,NaN,NaN,NaN,NaN,
98.438,0.01931,-0.01448,0.12966,-0.43772,-0.00808,-0.33249,0.83534,NaN,NaN,NaN,NaN,NaN,NaN,NaN,NaN,NaN,NaN,NaN,NaN,NaN,NaN,NaN,NaN,NaN,NaN,NaN,NaN,NaN,
98.462,0.01931,-0.01448,0.12966,-0.43772,-0.00808,-0.33249,0.83534,NaN,NaN,NaN,NaN,NaN,NaN,NaN,NaN,NaN,NaN,NaN,NaN,NaN,NaN,NaN,NaN,NaN,NaN,NaN,NaN,NaN,
98.487,0.01923,-0.01481,0.12979,-0.43564,-0.01079,-0.33288,0.83624,NaN,NaN,NaN,NaN,NaN,NaN,NaN,NaN,NaN,NaN,NaN,NaN,NaN,NaN,NaN,NaN,NaN,NaN,NaN,NaN,NaN,
98.512,0.01880,-0.01500,0.12972,-0.43317,-0.01533,-0.33234,0.83766,NaN,NaN,NaN,NaN,NaN,NaN,NaN,NaN,NaN,NaN,NaN,NaN,NaN,NaN,NaN,NaN,NaN,NaN,NaN,NaN,NaN,
98.537,0.01880,-0.01500,0.12972,-0.43317,-0.01533,-0.33234,0.83766,NaN,NaN,NaN,NaN,NaN,NaN,NaN,NaN,NaN,NaN,NaN,NaN,NaN,NaN,NaN,NaN,NaN,NaN,NaN,NaN,NaN,
98.562,0.01872,-0.01515,0.12983,-0.43226,-0.01640,-0.33259,0.83801,NaN,NaN,NaN,NaN,NaN,NaN,NaN,NaN,NaN,NaN,NaN,NaN,NaN,NaN,NaN,NaN,NaN,NaN,NaN,NaN,NaN,
98.587,0.01873,-0.01519,0.12981,-0.43146,-0.01810,-0.33225,0.83853,NaN,NaN,NaN,NaN,NaN,NaN,NaN,NaN,NaN,NaN,NaN,NaN,NaN,NaN,NaN,NaN,NaN,NaN,NaN,NaN,NaN,
98.613,0.01853,-0.01542,0.12989,-0.42945,-0.02113,-0.33228,0.83947,NaN,NaN,NaN,NaN,NaN,NaN,NaN,NaN,NaN,NaN,NaN,NaN,NaN,NaN,NaN,NaN,NaN,NaN,NaN,NaN,NaN,
98.637,0.01853,-0.01542,0.12989,-0.42945,-0.02113,-0.33228,0.83947,NaN,NaN,NaN,NaN,NaN,NaN,NaN,NaN,NaN,NaN,NaN,NaN,NaN,NaN,NaN,NaN,NaN,NaN,NaN,NaN,NaN,
98.662,0.01854,-0.01546,0.12993,-0.42899,-0.02190,-0.33223,0.83971,NaN,NaN,NaN,NaN,NaN,NaN,NaN,NaN,NaN,NaN,NaN,NaN,NaN,NaN,NaN,NaN,NaN,NaN,NaN,NaN,NaN,
98.687,0.01850,-0.01559,0.12995,-0.42837,-0.02275,-0.33230,0.83997,NaN,NaN,NaN,NaN,NaN,NaN,NaN,NaN,NaN,NaN,NaN,NaN,NaN,NaN,NaN,NaN,NaN,NaN,NaN,NaN,NaN,
98.713,0.01839,-0.01574,0.13002,-0.42682,-0.02487,-0.33247,0.84064,NaN,NaN,NaN,NaN,NaN,NaN,NaN,NaN,NaN,NaN,NaN,NaN,NaN,NaN,NaN,NaN,NaN,NaN,NaN,NaN,NaN,
98.738,0.01833,-0.01567,0.12995,-0.42727,-0.02466,-0.33212,0.84055,NaN,NaN,NaN,NaN,NaN,NaN,NaN,NaN,NaN,NaN,NaN,NaN,NaN,NaN,NaN,NaN,NaN,NaN,NaN,NaN,NaN,
98.762,0.01833,-0.01567,0.12995,-0.42727,-0.02466,-0.33212,0.84055,NaN,NaN,NaN,NaN,NaN,NaN,NaN,NaN,NaN,NaN,NaN,NaN,NaN,NaN,NaN,NaN,NaN,NaN,NaN,NaN,NaN,
98.788,0.01835,-0.01592,0.13007,-0.42617,-0.02481,-0.33325,0.84066,NaN,NaN,NaN,NaN,NaN,NaN,NaN,NaN,NaN,NaN,NaN,NaN,NaN,NaN,NaN,NaN,NaN,NaN,NaN,NaN,NaN,
98.812,0.01836,-0.01596,0.13006,-0.42555,-0.02537,-0.33353,0.84085,NaN,NaN,NaN,NaN,NaN,NaN,NaN,NaN,NaN,NaN,NaN,NaN,NaN,NaN,NaN,NaN,NaN,NaN,NaN,NaN,NaN,
98.837,0.01836,-0.01596,0.13006,-0.42555,-0.02537,-0.33353,0.84085,NaN,NaN,NaN,NaN,NaN,NaN,NaN,NaN,NaN,NaN,NaN,NaN,NaN,NaN,NaN,NaN,NaN,NaN,NaN,NaN,NaN,
98.862,0.01897,-0.01592,0.12971,-0.42812,-0.01430,-0.33877,0.83770,NaN,NaN,NaN,NaN,NaN,NaN,NaN,NaN,NaN,NaN,NaN,NaN,NaN,NaN,NaN,NaN,NaN,NaN,NaN,NaN,NaN,
98.888,0.01876,-0.01632,0.12986,-0.42526,-0.01516,-0.34135,0.83810,NaN,NaN,NaN,NaN,NaN,NaN,NaN,NaN,NaN,NaN,NaN,NaN,NaN,NaN,NaN,NaN,NaN,NaN,NaN,NaN,NaN,
98.912,0.01876,-0.01632,0.12986,-0.42526,-0.01516,-0.34135,0.83810,NaN,NaN,NaN,NaN,NaN,NaN,NaN,NaN,NaN,NaN,NaN,NaN,NaN,NaN,NaN,NaN,NaN,NaN,NaN,NaN,NaN,
98.938,0.01916,-0.01630,0.12986,-0.42465,-0.01555,-0.34174,0.83824,NaN,NaN,NaN,NaN,NaN,NaN,NaN,NaN,NaN,NaN,NaN,NaN,NaN,NaN,NaN,NaN,NaN,NaN,NaN,NaN,NaN,
98.963,0.01887,-0.01642,0.12985,-0.42457,-0.01590,-0.34157,0.83834,NaN,NaN,NaN,NaN,NaN,NaN,NaN,NaN,NaN,NaN,NaN,NaN,NaN,NaN,NaN,NaN,NaN,NaN,NaN,NaN,NaN,
98.988,0.01894,-0.01648,0.12986,-0.42356,-0.01694,-0.34193,0.83868,NaN,NaN,NaN,NaN,NaN,NaN,NaN,NaN,NaN,NaN,NaN,NaN,NaN,NaN,NaN,NaN,NaN,NaN,NaN,NaN,NaN,
99.012,0.01894,-0.01648,0.12986,-0.42356,-0.01694,-0.34193,0.83868,NaN,NaN,NaN,NaN,NaN,NaN,NaN,NaN,NaN,NaN,NaN,NaN,NaN,NaN,NaN,NaN,NaN,NaN,NaN,NaN,NaN,
99.037,0.01893,-0.01659,0.12992,-0.42251,-0.01814,-0.34223,0.83907,NaN,NaN,NaN,NaN,NaN,NaN,NaN,NaN,NaN,NaN,NaN,NaN,NaN,NaN,NaN,NaN,NaN,NaN,NaN,NaN,NaN,
99.063,0.01880,-0.01681,0.12993,-0.42110,-0.01952,-0.34278,0.83952,NaN,NaN,NaN,NaN,NaN,NaN,NaN,NaN,NaN,NaN,NaN,NaN,NaN,NaN,NaN,NaN,NaN,NaN,NaN,NaN,NaN,
99.088,0.01883,-0.01681,0.12992,-0.42074,-0.01965,-0.34309,0.83957,NaN,NaN,NaN,NaN,NaN,NaN,NaN,NaN,NaN,NaN,NaN,NaN,NaN,NaN,NaN,NaN,NaN,NaN,NaN,NaN,NaN,
99.112,0.01883,-0.01681,0.12992,-0.42074,-0.01965,-0.34309,0.83957,NaN,NaN,NaN,NaN,NaN,NaN,NaN,NaN,NaN,NaN,NaN,NaN,NaN,NaN,NaN,NaN,NaN,NaN,NaN,NaN,NaN,
99.138,0.01867,-0.01694,0.12995,-0.42004,-0.01995,-0.34365,0.83969,NaN,NaN,NaN,NaN,NaN,NaN,NaN,NaN,NaN,NaN,NaN,NaN,NaN,NaN,NaN,NaN,NaN,NaN,NaN,NaN,NaN,
99.162,0.01867,-0.01694,0.12995,-0.42004,-0.01995,-0.34365,0.83969,NaN,NaN,NaN,NaN,NaN,NaN,NaN,NaN,NaN,NaN,NaN,NaN,NaN,NaN,NaN,NaN,NaN,NaN,NaN,NaN,NaN,
99.188,0.01857,-0.01727,0.13005,-0.41730,-0.02378,-0.34388,0.84086,NaN,NaN,NaN,NaN,NaN,NaN,NaN,NaN,NaN,NaN,NaN,NaN,NaN,NaN,NaN,NaN,NaN,NaN,NaN,NaN,NaN,
99.212,0.01857,-0.01727,0.13005,-0.41730,-0.02378,-0.34388,0.84086,NaN,NaN,NaN,NaN,NaN,NaN,NaN,NaN,NaN,NaN,NaN,NaN,NaN,NaN,NaN,NaN,NaN,NaN,NaN,NaN,NaN,
99.238,0.01840,-0.01743,0.13005,-0.41559,-0.02607,-0.34409,0.84155,NaN,NaN,NaN,NaN,NaN,NaN,NaN,NaN,NaN,NaN,NaN,NaN,NaN,NaN,NaN,NaN,NaN,NaN,NaN,NaN,NaN,
99.262,0.01840,-0.01743,0.13005,-0.41559,-0.02607,-0.34409,0.84155,NaN,NaN,NaN,NaN,NaN,NaN,NaN,NaN,NaN,NaN,NaN,NaN,NaN,NaN,NaN,NaN,NaN,NaN,NaN,NaN,NaN,
99.287,0.01833,-0.01757,0.13007,-0.41485,-0.02682,-0.34435,0.84179,NaN,NaN,NaN,NaN,NaN,NaN,NaN,NaN,NaN,NaN,NaN,NaN,NaN,NaN,NaN,NaN,NaN,NaN,NaN,NaN,NaN,
99.313,0.01833,-0.01761,0.13012,-0.41429,-0.02726,-0.34465,0.84193,NaN,NaN,NaN,NaN,NaN,NaN,NaN,NaN,NaN,NaN,NaN,NaN,NaN,NaN,NaN,NaN,NaN,NaN,NaN,NaN,NaN,
99.338,0.01835,-0.01767,0.13013,-0.41320,-0.02826,-0.34510,0.84224,NaN,NaN,NaN,NaN,NaN,NaN,NaN,NaN,NaN,NaN,NaN,NaN,NaN,NaN,NaN,NaN,NaN,NaN,NaN,NaN,NaN,
99.363,0.01833,-0.01767,0.13004,-0.41380,-0.02759,-0.34494,0.84204,NaN,NaN,NaN,NaN,NaN,NaN,NaN,NaN,NaN,NaN,NaN,NaN,NaN,NaN,NaN,NaN,NaN,NaN,NaN,NaN,NaN,
99.387,0.01833,-0.01767,0.13004,-0.41380,-0.02759,-0.34494,0.84204,NaN,NaN,NaN,NaN,NaN,NaN,NaN,NaN,NaN,NaN,NaN,NaN,NaN,NaN,NaN,NaN,NaN,NaN,NaN,NaN,NaN,
99.413,0.01839,-0.01797,0.13011,-0.41182,-0.02738,-0.34727,0.84206,NaN,NaN,NaN,NaN,NaN,NaN,NaN,NaN,NaN,NaN,NaN,NaN,NaN,NaN,NaN,NaN,NaN,NaN,NaN,NaN,NaN,
99.437,0.01839,-0.01797,0.13011,-0.41182,-0.02738,-0.34727,0.84206,NaN,NaN,NaN,NaN,NaN,NaN,NaN,NaN,NaN,NaN,NaN,NaN,NaN,NaN,NaN,NaN,NaN,NaN,NaN,NaN,NaN,
99.463,0.01812,-0.01811,0.13009,-0.41049,-0.02897,-0.34755,0.84253,NaN,NaN,NaN,NaN,NaN,NaN,NaN,NaN,NaN,NaN,NaN,NaN,NaN,NaN,NaN,NaN,NaN,NaN,NaN,NaN,NaN,
99.488,0.01836,-0.01821,0.13012,-0.40979,-0.02868,-0.34853,0.84248,NaN,NaN,NaN,NaN,NaN,NaN,NaN,NaN,NaN,NaN,NaN,NaN,NaN,NaN,NaN,NaN,NaN,NaN,NaN,NaN,NaN,
99.512,0.01836,-0.01821,0.13012,-0.40979,-0.02868,-0.34853,0.84248,NaN,NaN,NaN,NaN,NaN,NaN,NaN,NaN,NaN,NaN,NaN,NaN,NaN,NaN,NaN,NaN,NaN,NaN,NaN,NaN,NaN,
99.537,0.01820,-0.01835,0.13015,-0.40950,-0.02925,-0.34844,0.84264,NaN,NaN,NaN,NaN,NaN,NaN,NaN,NaN,NaN,NaN,NaN,NaN,NaN,NaN,NaN,NaN,NaN,NaN,NaN,NaN,NaN,
99.562,0.01806,-0.01848,0.13019,-0.40803,-0.03050,-0.34913,0.84303,NaN,NaN,NaN,NaN,NaN,NaN,NaN,NaN,NaN,NaN,NaN,NaN,NaN,NaN,NaN,NaN,NaN,NaN,NaN,NaN,NaN,
99.588,0.01834,-0.01857,0.13021,-0.40709,-0.02906,-0.35120,0.84267,NaN,NaN,NaN,NaN,NaN,NaN,NaN,NaN,NaN,NaN,NaN,NaN,NaN,NaN,NaN,NaN,NaN,NaN,NaN,NaN,NaN,
99.612,0.01834,-0.01857,0.13021,-0.40709,-0.02906,-0.35120,0.84267,NaN,NaN,NaN,NaN,NaN,NaN,NaN,NaN,NaN,NaN,NaN,NaN,NaN,NaN,NaN,NaN,NaN,NaN,NaN,NaN,NaN,
99.637,0.01809,-0.01871,0.13018,-0.40651,-0.02967,-0.35139,0.84285,NaN,NaN,NaN,NaN,NaN,NaN,NaN,NaN,NaN,NaN,NaN,NaN,NaN,NaN,NaN,NaN,NaN,NaN,NaN,NaN,NaN,
99.663,0.01823,-0.01878,0.13017,-0.40644,-0.02896,-0.35199,0.84266,NaN,NaN,NaN,NaN,NaN,NaN,NaN,NaN,NaN,NaN,NaN,NaN,NaN,NaN,NaN,NaN,NaN,NaN,NaN,NaN,NaN,
99.688,0.01828,-0.01889,0.13016,-0.40576,-0.02881,-0.35284,0.84263,NaN,NaN,NaN,NaN,NaN,NaN,NaN,NaN,NaN,NaN,NaN,NaN,NaN,NaN,NaN,NaN,NaN,NaN,NaN,NaN,NaN,
99.713,0.01814,-0.01906,0.13020,-0.40492,-0.02918,-0.35348,0.84276,NaN,NaN,NaN,NaN,NaN,NaN,NaN,NaN,NaN,NaN,NaN,NaN,NaN,NaN,NaN,NaN,NaN,NaN,NaN,NaN,NaN,
99.738,0.01816,-0.01913,0.13024,-0.40475,-0.02886,-0.35389,0.84267,NaN,NaN,NaN,NaN,NaN,NaN,NaN,NaN,NaN,NaN,NaN,NaN,NaN,NaN,NaN,NaN,NaN,NaN,NaN,NaN,NaN,
99.763,0.01824,-0.01918,0.13024,-0.40372,-0.02918,-0.35478,0.84279,NaN,NaN,NaN,NaN,NaN,NaN,NaN,NaN,NaN,NaN,NaN,NaN,NaN,NaN,NaN,NaN,NaN,NaN,NaN,NaN,NaN,
99.788,0.01820,-0.01930,0.13019,-0.40314,-0.02966,-0.35506,0.84293,NaN,NaN,NaN,NaN,NaN,NaN,NaN,NaN,NaN,NaN,NaN,NaN,NaN,NaN,NaN,NaN,NaN,NaN,NaN,NaN,NaN,
99.813,0.01819,-0.01957,0.13029,-0.40122,-0.02935,-0.35736,0.84288,NaN,NaN,NaN,NaN,NaN,NaN,NaN,NaN,NaN,NaN,NaN,NaN,NaN,NaN,NaN,NaN,NaN,NaN,NaN,NaN,NaN,
99.838,0.01839,-0.01961,0.13020,-0.40314,-0.02608,-0.35767,0.84194,NaN,NaN,NaN,NaN,NaN,NaN,NaN,NaN,NaN,NaN,NaN,NaN,NaN,NaN,NaN,NaN,NaN,NaN,NaN,NaN,NaN,
99.863,0.01823,-0.01960,0.13018,-0.40205,-0.02703,-0.35815,0.84223,NaN,NaN,NaN,NaN,NaN,NaN,NaN,NaN,NaN,NaN,NaN,NaN,NaN,NaN,NaN,NaN,NaN,NaN,NaN,NaN,NaN,
99.888,0.01823,-0.01967,0.13020,-0.40144,-0.02786,-0.35822,0.84247,NaN,NaN,NaN,NaN,NaN,NaN,NaN,NaN,NaN,NaN,NaN,NaN,NaN,NaN,NaN,NaN,NaN,NaN,NaN,NaN,NaN,
99.913,0.01816,-0.01974,0.13019,-0.40077,-0.02818,-0.35870,0.84257,NaN,NaN,NaN,NaN,NaN,NaN,NaN,NaN,NaN,NaN,NaN,NaN,NaN,NaN,NaN,NaN,NaN,NaN,NaN,NaN,NaN,
99.938,0.01827,-0.01984,0.13025,-0.40023,-0.02753,-0.35976,0.84240,NaN,NaN,NaN,NaN,NaN,NaN,NaN,NaN,NaN,NaN,NaN,NaN,NaN,NaN,NaN,NaN,NaN,NaN,NaN,NaN,NaN,
99.962,0.01827,-0.01984,0.13025,-0.40023,-0.02753,-0.35976,0.84240,NaN,NaN,NaN,NaN,NaN,NaN,NaN,NaN,NaN,NaN,NaN,NaN,NaN,NaN,NaN,NaN,NaN,NaN,NaN,NaN,NaN,
99.988,0.01862,-0.01992,0.13033,-0.39950,-0.02452,-0.36271,0.84157,NaN,NaN,NaN,NaN,NaN,NaN,NaN,NaN,NaN,NaN,NaN,NaN,NaN,NaN,NaN,NaN,NaN,NaN,NaN,NaN,NaN,
100.012,0.01862,-0.01992,0.13033,-0.39950,-0.02452,-0.36271,0.84157,NaN,NaN,NaN,NaN,NaN,NaN,NaN,NaN,NaN,NaN,NaN,NaN,NaN,NaN,NaN,NaN,NaN,NaN,NaN,NaN,NaN,
100.038,0.01833,-0.02010,0.13023,-0.39890,-0.02609,-0.36223,0.84202,NaN,NaN,NaN,NaN,NaN,NaN,NaN,NaN,NaN,NaN,NaN,NaN,NaN,NaN,NaN,NaN,NaN,NaN,NaN,NaN,NaN,
100.063,0.01819,-0.02022,0.13026,-0.39812,-0.02740,-0.36211,0.84239,NaN,NaN,NaN,NaN,NaN,NaN,NaN,NaN,NaN,NaN,NaN,NaN,NaN,NaN,NaN,NaN,NaN,NaN,NaN,NaN,NaN,
100.088,0.01807,-0.02034,0.13034,-0.39594,-0.02977,-0.36272,0.84307,NaN,NaN,NaN,NaN,NaN,NaN,NaN,NaN,NaN,NaN,NaN,NaN,NaN,NaN,NaN,NaN,NaN,NaN,NaN,NaN,NaN,
100.113,0.01804,-0.02044,0.13032,-0.39576,-0.03068,-0.36227,0.84333,NaN,NaN,NaN,NaN,NaN,NaN,NaN,NaN,NaN,NaN,NaN,NaN,NaN,NaN,NaN,NaN,NaN,NaN,NaN,NaN,NaN,
100.138,0.01786,-0.02052,0.13032,-0.39507,-0.03160,-0.36233,0.84359,NaN,NaN,NaN,NaN,NaN,NaN,NaN,NaN,NaN,NaN,NaN,NaN,NaN,NaN,NaN,NaN,NaN,NaN,NaN,NaN,NaN,
100.162,0.01786,-0.02052,0.13032,-0.39507,-0.03160,-0.36233,0.84359,NaN,NaN,NaN,NaN,NaN,NaN,NaN,NaN,NaN,NaN,NaN,NaN,NaN,NaN,NaN,NaN,NaN,NaN,NaN,NaN,NaN,
100.188,0.01757,-0.02067,0.13031,-0.39320,-0.03472,-0.36205,0.84446,NaN,NaN,NaN,NaN,NaN,NaN,NaN,NaN,NaN,NaN,NaN,NaN,NaN,NaN,NaN,NaN,NaN,NaN,NaN,NaN,NaN,
100.212,0.01757,-0.02067,0.13031,-0.39320,-0.03472,-0.36205,0.84446,NaN,NaN,NaN,NaN,NaN,NaN,NaN,NaN,NaN,NaN,NaN,NaN,NaN,NaN,NaN,NaN,NaN,NaN,NaN,NaN,NaN,
100.238,0.01749,-0.02092,0.13043,-0.39104,-0.03672,-0.36290,0.84501,NaN,NaN,NaN,NaN,NaN,NaN,NaN,NaN,NaN,NaN,NaN,NaN,NaN,NaN,NaN,NaN,NaN,NaN,NaN,NaN,NaN,
100.262,0.01749,-0.02092,0.13043,-0.39104,-0.03672,-0.36290,0.84501,NaN,NaN,NaN,NaN,NaN,NaN,NaN,NaN,NaN,NaN,NaN,NaN,NaN,NaN,NaN,NaN,NaN,NaN,NaN,NaN,NaN,
100.287,0.01732,-0.02109,0.13046,-0.38899,-0.03882,-0.36353,0.84559,NaN,NaN,NaN,NaN,NaN,NaN,NaN,NaN,NaN,NaN,NaN,NaN,NaN,NaN,NaN,NaN,NaN,NaN,NaN,NaN,NaN,
100.312,0.01729,-0.02121,0.13052,-0.38792,-0.04003,-0.36378,0.84592,NaN,NaN,NaN,NaN,NaN,NaN,NaN,NaN,NaN,NaN,NaN,NaN,NaN,NaN,NaN,NaN,NaN,NaN,NaN,NaN,NaN,
100.338,0.01703,-0.02148,0.13065,-0.38618,-0.04247,-0.36384,0.84657,NaN,NaN,NaN,NaN,NaN,NaN,NaN,NaN,NaN,NaN,NaN,NaN,NaN,NaN,NaN,NaN,NaN,NaN,NaN,NaN,NaN,
100.363,0.01717,-0.02154,0.13069,-0.38554,-0.04338,-0.36384,0.84681,NaN,NaN,NaN,NaN,NaN,NaN,NaN,NaN,NaN,NaN,NaN,NaN,NaN,NaN,NaN,NaN,NaN,NaN,NaN,NaN,NaN,
100.388,0.01699,-0.02167,0.13069,-0.38406,-0.04511,-0.36414,0.84727,NaN,NaN,NaN,NaN,NaN,NaN,NaN,NaN,NaN,NaN,NaN,NaN,NaN,NaN,NaN,NaN,NaN,NaN,NaN,NaN,NaN,
100.413,0.01689,-0.02169,0.13065,-0.38487,-0.04435,-0.36384,0.84707,NaN,NaN,NaN,NaN,NaN,NaN,NaN,NaN,NaN,NaN,NaN,NaN,NaN,NaN,NaN,NaN,NaN,NaN,NaN,NaN,NaN,
100.438,0.01682,-0.02177,0.13070,-0.38345,-0.04493,-0.36491,0.84722,NaN,NaN,NaN,NaN,NaN,NaN,NaN,NaN,NaN,NaN,NaN,NaN,NaN,NaN,NaN,NaN,NaN,NaN,NaN,NaN,NaN,
100.462,0.01682,-0.02177,0.13070,-0.38345,-0.04493,-0.36491,0.84722,NaN,NaN,NaN,NaN,NaN,NaN,NaN,NaN,NaN,NaN,NaN,NaN,NaN,NaN,NaN,NaN,NaN,NaN,NaN,NaN,NaN,
100.488,0.01692,-0.02185,0.13073,-0.38336,-0.04437,-0.36542,0.84707,NaN,NaN,NaN,NaN,NaN,NaN,NaN,NaN,NaN,NaN,NaN,NaN,NaN,NaN,NaN,NaN,NaN,NaN,NaN,NaN,NaN,
100.512,0.01707,-0.02195,0.13076,-0.38306,-0.04304,-0.36672,0.84672,NaN,NaN,NaN,NaN,NaN,NaN,NaN,NaN,NaN,NaN,NaN,NaN,NaN,NaN,NaN,NaN,NaN,NaN,NaN,NaN,NaN,
100.538,0.01737,-0.02188,0.13061,-0.38502,-0.03944,-0.36730,0.84575,NaN,NaN,NaN,NaN,NaN,NaN,NaN,NaN,NaN,NaN,NaN,NaN,NaN,NaN,NaN,NaN,NaN,NaN,NaN,NaN,NaN,
100.562,0.01737,-0.02188,0.13061,-0.38502,-0.03944,-0.36730,0.84575,NaN,NaN,NaN,NaN,NaN,NaN,NaN,NaN,NaN,NaN,NaN,NaN,NaN,NaN,NaN,NaN,NaN,NaN,NaN,NaN,NaN,
100.587,0.01723,-0.02208,0.13067,-0.38319,-0.03882,-0.36968,0.84557,NaN,NaN,NaN,NaN,NaN,NaN,NaN,NaN,NaN,NaN,NaN,NaN,NaN,NaN,NaN,NaN,NaN,NaN,NaN,NaN,NaN,
100.612,0.01719,-0.02213,0.13067,-0.38286,-0.03879,-0.37004,0.84556,NaN,NaN,NaN,NaN,NaN,NaN,NaN,NaN,NaN,NaN,NaN,NaN,NaN,NaN,NaN,NaN,NaN,NaN,NaN,NaN,NaN,
100.637,0.01716,-0.02214,0.13062,-0.38278,-0.03900,-0.36998,0.84562,NaN,NaN,NaN,NaN,NaN,NaN,NaN,NaN,NaN,NaN,NaN,NaN,NaN,NaN,NaN,NaN,NaN,NaN,NaN,NaN,NaN,
100.662,0.01711,-0.02233,0.13073,-0.38167,-0.03917,-0.37102,0.84566,NaN,NaN,NaN,NaN,NaN,NaN,NaN,NaN,NaN,NaN,NaN,NaN,NaN,NaN,NaN,NaN,NaN,NaN,NaN,NaN,NaN,
100.688,0.01716,-0.02232,0.13056,-0.38180,-0.03707,-0.37242,0.84508,NaN,NaN,NaN,NaN,NaN,NaN,NaN,NaN,NaN,NaN,NaN,NaN,NaN,NaN,NaN,NaN,NaN,NaN,NaN,NaN,NaN,
100.712,0.01751,-0.02249,0.13065,-0.38097,-0.03504,-0.37476,0.84451,NaN,NaN,NaN,NaN,NaN,NaN,NaN,NaN,NaN,NaN,NaN,NaN,NaN,NaN,NaN,NaN,NaN,NaN,NaN,NaN,NaN,
100.738,0.01733,-0.02252,0.13063,-0.38039,-0.03621,-0.37452,0.84482,NaN,NaN,NaN,NaN,NaN,NaN,NaN,NaN,NaN,NaN,NaN,NaN,NaN,NaN,NaN,NaN,NaN,NaN,NaN,NaN,NaN,
100.762,0.01733,-0.02252,0.13063,-0.38039,-0.03621,-0.37452,0.84482,NaN,NaN,NaN,NaN,NaN,NaN,NaN,NaN,NaN,NaN,NaN,NaN,NaN,NaN,NaN,NaN,NaN,NaN,NaN,NaN,NaN,
100.788,0.01727,-0.02271,0.13070,-0.37987,-0.03650,-0.37486,0.84490,NaN,NaN,NaN,NaN,NaN,NaN,NaN,NaN,NaN,NaN,NaN,NaN,NaN,NaN,NaN,NaN,NaN,NaN,NaN,NaN,NaN,
100.813,0.01709,-0.02278,0.13068,-0.37940,-0.03681,-0.37512,0.84498,NaN,NaN,NaN,NaN,NaN,NaN,NaN,NaN,NaN,NaN,NaN,NaN,NaN,NaN,NaN,NaN,NaN,NaN,NaN,NaN,NaN,
100.838,0.01690,-0.02263,0.13049,-0.37855,-0.03502,-0.37731,0.84446,NaN,NaN,NaN,NaN,NaN,NaN,NaN,NaN,NaN,NaN,NaN,NaN,NaN,NaN,NaN,NaN,NaN,NaN,NaN,NaN,NaN,
100.862,0.01690,-0.02263,0.13049,-0.37855,-0.03502,-0.37731,0.84446,NaN,NaN,NaN,NaN,NaN,NaN,NaN,NaN,NaN,NaN,NaN,NaN,NaN,NaN,NaN,NaN,NaN,NaN,NaN,NaN,NaN,
100.887,0.01773,-0.02263,0.13060,-0.37910,-0.02706,-0.38244,0.84219,NaN,NaN,NaN,NaN,NaN,NaN,NaN,NaN,NaN,NaN,NaN,NaN,NaN,NaN,NaN,NaN,NaN,NaN,NaN,NaN,NaN,
100.912,0.01824,-0.02300,0.13070,-0.38144,-0.02000,-0.38503,0.84015,NaN,NaN,NaN,NaN,NaN,NaN,NaN,NaN,NaN,NaN,NaN,NaN,NaN,NaN,NaN,NaN,NaN,NaN,NaN,NaN,NaN,
100.938,0.01878,-0.02310,0.13052,-0.38444,-0.01280,-0.38696,0.83804,NaN,NaN,NaN,NaN,NaN,NaN,NaN,NaN,NaN,NaN,NaN,NaN,NaN,NaN,NaN,NaN,NaN,NaN,NaN,NaN,NaN,
100.962,0.01822,-0.02313,0.13030,-0.38217,-0.01429,-0.38827,0.83844,NaN,NaN,NaN,NaN,NaN,NaN,NaN,NaN,NaN,NaN,NaN,NaN,NaN,NaN,NaN,NaN,NaN,NaN,NaN,NaN,NaN,
100.988,0.01877,-0.02319,0.13047,-0.38327,-0.01048,-0.38978,0.83729,NaN,NaN,NaN,NaN,NaN,NaN,NaN,NaN,NaN,NaN,NaN,NaN,NaN,NaN,NaN,NaN,NaN,NaN,NaN,NaN,NaN,
101.012,0.01881,-0.02322,0.13046,-0.38297,-0.01014,-0.39034,0.83718,NaN,NaN,NaN,NaN,NaN,NaN,NaN,NaN,NaN,NaN,NaN,NaN,NaN,NaN,NaN,NaN,NaN,NaN,NaN,NaN,NaN,
101.038,0.01855,-0.02326,0.13042,-0.38355,-0.00939,-0.39025,0.83696,NaN,NaN,NaN,NaN,NaN,NaN,NaN,NaN,NaN,NaN,NaN,NaN,NaN,NaN,NaN,NaN,NaN,NaN,NaN,NaN,NaN,
101.062,0.01855,-0.02326,0.13042,-0.38355,-0.00939,-0.39025,0.83696,NaN,NaN,NaN,NaN,NaN,NaN,NaN,NaN,NaN,NaN,NaN,NaN,NaN,NaN,NaN,NaN,NaN,NaN,NaN,NaN,NaN,
101.088,0.01861,-0.02343,0.13036,-0.38235,-0.00927,-0.39157,0.83689,NaN,NaN,NaN,NaN,NaN,NaN,NaN,NaN,NaN,NaN,NaN,NaN,NaN,NaN,NaN,NaN,NaN,NaN,NaN,NaN,NaN,
101.112,0.01861,-0.02343,0.13036,-0.38235,-0.00927,-0.39157,0.83689,NaN,NaN,NaN,NaN,NaN,NaN,NaN,NaN,NaN,NaN,NaN,NaN,NaN,NaN,NaN,NaN,NaN,NaN,NaN,NaN,NaN,
101.138,0.01827,-0.02361,0.13035,-0.37961,-0.01263,-0.39208,0.83786,NaN,NaN,NaN,NaN,NaN,NaN,NaN,NaN,NaN,NaN,NaN,NaN,NaN,NaN,NaN,NaN,NaN,NaN,NaN,NaN,NaN,
101.162,0.01837,-0.02386,0.13049,-0.37848,-0.01308,-0.39294,0.83796,NaN,NaN,NaN,NaN,NaN,NaN,NaN,NaN,NaN,NaN,NaN,NaN,NaN,NaN,NaN,NaN,NaN,NaN,NaN,NaN,NaN,
101.188,0.01802,-0.02394,0.13040,-0.37793,-0.01519,-0.39203,0.83860,NaN,NaN,NaN,NaN,NaN,NaN,NaN,NaN,NaN,NaN,NaN,NaN,NaN,NaN,NaN,NaN,NaN,NaN,NaN,NaN,NaN,
101.212,0.01802,-0.02394,0.13040,-0.37793,-0.01519,-0.39203,0.83860,NaN,NaN,NaN,NaN,NaN,NaN,NaN,NaN,NaN,NaN,NaN,NaN,NaN,NaN,NaN,NaN,NaN,NaN,NaN,NaN,NaN,
101.238,0.01784,-0.02415,0.13043,-0.37652,-0.01636,-0.39267,0.83891,NaN,NaN,NaN,NaN,NaN,NaN,NaN,NaN,NaN,NaN,NaN,NaN,NaN,NaN,NaN,NaN,NaN,NaN,NaN,NaN,NaN,
101.262,0.01779,-0.02425,0.13039,-0.37608,-0.01613,-0.39328,0.83883,NaN,NaN,NaN,NaN,NaN,NaN,NaN,NaN,NaN,NaN,NaN,NaN,NaN,NaN,NaN,NaN,NaN,NaN,NaN,NaN,NaN,
101.288,0.01785,-0.02433,0.13047,-0.37533,-0.01591,-0.39421,0.83873,NaN,NaN,NaN,NaN,NaN,NaN,NaN,NaN,NaN,NaN,NaN,NaN,NaN,NaN,NaN,NaN,NaN,NaN,NaN,NaN,NaN,
101.312,0.01785,-0.02433,0.13047,-0.37533,-0.01591,-0.39421,0.83873,NaN,NaN,NaN,NaN,NaN,NaN,NaN,NaN,NaN,NaN,NaN,NaN,NaN,NaN,NaN,NaN,NaN,NaN,NaN,NaN,NaN,
101.338,0.01769,-0.02450,0.13051,-0.37355,-0.01695,-0.39531,0.83899,NaN,NaN,NaN,NaN,NaN,NaN,NaN,NaN,NaN,NaN,NaN,NaN,NaN,NaN,NaN,NaN,NaN,NaN,NaN,NaN,NaN,
101.362,0.01769,-0.02450,0.13051,-0.37355,-0.01695,-0.39531,0.83899,NaN,NaN,NaN,NaN,NaN,NaN,NaN,NaN,NaN,NaN,NaN,NaN,NaN,NaN,NaN,NaN,NaN,NaN,NaN,NaN,NaN,
101.388,0.01763,-0.02473,0.13061,-0.37272,-0.01715,-0.39602,0.83902,NaN,NaN,NaN,NaN,NaN,NaN,NaN,NaN,NaN,NaN,NaN,NaN,NaN,NaN,NaN,NaN,NaN,NaN,NaN,NaN,NaN,
101.412,0.01762,-0.02480,0.13065,-0.37200,-0.01727,-0.39667,0.83903,NaN,NaN,NaN,NaN,NaN,NaN,NaN,NaN,NaN,NaN,NaN,NaN,NaN,NaN,NaN,NaN,NaN,NaN,NaN,NaN,NaN,
101.438,0.01770,-0.02482,0.13069,-0.37224,-0.01600,-0.39731,0.83865,NaN,NaN,NaN,NaN,NaN,NaN,NaN,NaN,NaN,NaN,NaN,NaN,NaN,NaN,NaN,NaN,NaN,NaN,NaN,NaN,NaN,
101.462,0.01770,-0.02482,0.13069,-0.37224,-0.01600,-0.39731,0.83865,NaN,NaN,NaN,NaN,NaN,NaN,NaN,NaN,NaN,NaN,NaN,NaN,NaN,NaN,NaN,NaN,NaN,NaN,NaN,NaN,NaN,
101.487,0.01770,-0.02488,0.13066,-0.37220,-0.01462,-0.39830,0.83822,NaN,NaN,NaN,NaN,NaN,NaN,NaN,NaN,NaN,NaN,NaN,NaN,NaN,NaN,NaN,NaN,NaN,NaN,NaN,NaN,NaN,
101.512,0.01786,-0.02495,0.13072,-0.37282,-0.01251,-0.39914,0.83758,NaN,NaN,NaN,NaN,NaN,NaN,NaN,NaN,NaN,NaN,NaN,NaN,NaN,NaN,NaN,NaN,NaN,NaN,NaN,NaN,NaN,
101.537,0.01776,-0.02498,0.13064,-0.37300,-0.01202,-0.39929,0.83743,NaN,NaN,NaN,NaN,NaN,NaN,NaN,NaN,NaN,NaN,NaN,NaN,NaN,NaN,NaN,NaN,NaN,NaN,NaN,NaN,NaN,
101.562,0.01772,-0.02514,0.13068,-0.37320,-0.01032,-0.40026,0.83690,NaN,NaN,NaN,NaN,NaN,NaN,NaN,NaN,NaN,NaN,NaN,NaN,NaN,NaN,NaN,NaN,NaN,NaN,NaN,NaN,NaN,
101.587,0.01772,-0.02514,0.13068,-0.37320,-0.01032,-0.40026,0.83690,NaN,NaN,NaN,NaN,NaN,NaN,NaN,NaN,NaN,NaN,NaN,NaN,NaN,NaN,NaN,NaN,NaN,NaN,NaN,NaN,NaN,
101.612,0.01760,-0.02522,0.13069,-0.37214,-0.01054,-0.40120,0.83693,NaN,NaN,NaN,NaN,NaN,NaN,NaN,NaN,NaN,NaN,NaN,NaN,NaN,NaN,NaN,NaN,NaN,NaN,NaN,NaN,NaN,
101.638,0.01774,-0.02532,0.13072,-0.37283,-0.00795,-0.40226,0.83613,NaN,NaN,NaN,NaN,NaN,NaN,NaN,NaN,NaN,NaN,NaN,NaN,NaN,NaN,NaN,NaN,NaN,NaN,NaN,NaN,NaN,
101.662,0.01774,-0.02532,0.13072,-0.37283,-0.00795,-0.40226,0.83613,NaN,NaN,NaN,NaN,NaN,NaN,NaN,NaN,NaN,NaN,NaN,NaN,NaN,NaN,NaN,NaN,NaN,NaN,NaN,NaN,NaN,
101.688,0.01780,-0.02523,0.13061,-0.37402,-0.00479,-0.40321,0.83517,NaN,NaN,NaN,NaN,NaN,NaN,NaN,NaN,NaN,NaN,NaN,NaN,NaN,NaN,NaN,NaN,NaN,NaN,NaN,NaN,NaN,
101.712,0.01801,-0.02534,0.13071,-0.37396,-0.00281,-0.40462,0.83452,NaN,NaN,NaN,NaN,NaN,NaN,NaN,NaN,NaN,NaN,NaN,NaN,NaN,NaN,NaN,NaN,NaN,NaN,NaN,NaN,NaN,
101.738,0.01783,-0.02558,0.13072,-0.37279,-0.00358,-0.40530,0.83472,NaN,NaN,NaN,NaN,NaN,NaN,NaN,NaN,NaN,NaN,NaN,NaN,NaN,NaN,NaN,NaN,NaN,NaN,NaN,NaN,NaN,
101.762,0.01783,-0.02558,0.13072,-0.37279,-0.00358,-0.40530,0.83472,NaN,NaN,NaN,NaN,NaN,NaN,NaN,NaN,NaN,NaN,NaN,NaN,NaN,NaN,NaN,NaN,NaN,NaN,NaN,NaN,NaN,
101.788,0.01776,-0.02565,0.13078,-0.37261,-0.00318,-0.40575,0.83458,NaN,NaN,NaN,NaN,NaN,NaN,NaN,NaN,NaN,NaN,NaN,NaN,NaN,NaN,NaN,NaN,NaN,NaN,NaN,NaN,NaN,
101.812,0.01780,-0.02570,0.13080,-0.37278,-0.00226,-0.40619,0.83429,NaN,NaN,NaN,NaN,NaN,NaN,NaN,NaN,NaN,NaN,NaN,NaN,NaN,NaN,NaN,NaN,NaN,NaN,NaN,NaN,NaN,
101.838,0.01780,-0.02572,0.13082,-0.37278,-0.00194,-0.40641,0.83418,NaN,NaN,NaN,NaN,NaN,NaN,NaN,NaN,NaN,NaN,NaN,NaN,NaN,NaN,NaN,NaN,NaN,NaN,NaN,NaN,NaN,
101.862,0.01768,-0.02587,0.13089,-0.37086,-0.00279,-0.40779,0.83437,NaN,NaN,NaN,NaN,NaN,NaN,NaN,NaN,NaN,NaN,NaN,NaN,NaN,NaN,NaN,NaN,NaN,NaN,NaN,NaN,NaN,
101.888,0.01773,-0.02584,0.13087,-0.37195,-0.00182,-0.40734,0.83410,NaN,NaN,NaN,NaN,NaN,NaN,NaN,NaN,NaN,NaN,NaN,NaN,NaN,NaN,NaN,NaN,NaN,NaN,NaN,NaN,NaN,
101.912,0.01773,-0.02584,0.13087,-0.37195,-0.00182,-0.40734,0.83410,NaN,NaN,NaN,NaN,NaN,NaN,NaN,NaN,NaN,NaN,NaN,NaN,NaN,NaN,NaN,NaN,NaN,NaN,NaN,NaN,NaN,
101.938,0.01782,-0.02585,0.13084,-0.37250,-0.00032,-0.40779,0.83364,NaN,NaN,NaN,NaN,NaN,NaN,NaN,NaN,NaN,NaN,NaN,NaN,NaN,NaN,NaN,NaN,NaN,NaN,NaN,NaN,NaN,
101.962,0.01782,-0.02585,0.13084,-0.37250,-0.00032,-0.40779,0.83364,NaN,NaN,NaN,NaN,NaN,NaN,NaN,NaN,NaN,NaN,NaN,NaN,NaN,NaN,NaN,NaN,NaN,NaN,NaN,NaN,NaN,
101.988,0.01785,-0.02584,0.13083,-0.37317,0.00104,-0.40804,0.83322,NaN,NaN,NaN,NaN,NaN,NaN,NaN,NaN,NaN,NaN,NaN,NaN,NaN,NaN,NaN,NaN,NaN,NaN,NaN,NaN,NaN,
102.012,0.01788,-0.02584,0.13085,-0.37340,0.00167,-0.40823,0.83302,NaN,NaN,NaN,NaN,NaN,NaN,NaN,NaN,NaN,NaN,NaN,NaN,NaN,NaN,NaN,NaN,NaN,NaN,NaN,NaN,NaN,
102.038,0.01785,-0.02583,0.13088,-0.37331,0.00184,-0.40843,0.83296,NaN,NaN,NaN,NaN,NaN,NaN,NaN,NaN,NaN,NaN,NaN,NaN,NaN,NaN,NaN,NaN,NaN,NaN,NaN,NaN,NaN,
102.063,0.01789,-0.02587,0.13086,-0.37334,0.00259,-0.40891,0.83271,NaN,NaN,NaN,NaN,NaN,NaN,NaN,NaN,NaN,NaN,NaN,NaN,NaN,NaN,NaN,NaN,NaN,NaN,NaN,NaN,NaN,
102.088,0.01788,-0.02586,0.13079,-0.37458,0.00426,-0.40877,0.83221,NaN,NaN,NaN,NaN,NaN,NaN,NaN,NaN,NaN,NaN,NaN,NaN,NaN,NaN,NaN,NaN,NaN,NaN,NaN,NaN,NaN,
102.113,0.01785,-0.02594,0.13075,-0.37431,0.00481,-0.40942,0.83201,NaN,NaN,NaN,NaN,NaN,NaN,NaN,NaN,NaN,NaN,NaN,NaN,NaN,NaN,NaN,NaN,NaN,NaN,NaN,NaN,NaN,
102.138,0.01781,-0.02602,0.13081,-0.37354,0.00442,-0.40993,0.83211,NaN,NaN,NaN,NaN,NaN,NaN,NaN,NaN,NaN,NaN,NaN,NaN,NaN,NaN,NaN,NaN,NaN,NaN,NaN,NaN,NaN,
102.163,0.01763,-0.02607,0.13076,-0.37324,0.00380,-0.40982,0.83230,NaN,NaN,NaN,NaN,NaN,NaN,NaN,NaN,NaN,NaN,NaN,NaN,NaN,NaN,NaN,NaN,NaN,NaN,NaN,NaN,NaN,
102.188,0.01753,-0.02611,0.13069,-0.37366,0.00466,-0.40997,0.83203,NaN,NaN,NaN,NaN,NaN,NaN,NaN,NaN,NaN,NaN,NaN,NaN,NaN,NaN,NaN,NaN,NaN,NaN,NaN,NaN,NaN,
102.212,0.01753,-0.02611,0.13069,-0.37366,0.00466,-0.40997,0.83203,NaN,NaN,NaN,NaN,NaN,NaN,NaN,NaN,NaN,NaN,NaN,NaN,NaN,NaN,NaN,NaN,NaN,NaN,NaN,NaN,NaN,
102.238,0.01781,-0.02612,0.13070,-0.37542,0.00944,-0.41139,0.83050,NaN,NaN,NaN,NaN,NaN,NaN,NaN,NaN,NaN,NaN,NaN,NaN,NaN,NaN,NaN,NaN,NaN,NaN,NaN,NaN,NaN,
102.262,0.01774,-0.02610,0.13058,-0.37666,0.01041,-0.41077,0.83023,NaN,NaN,NaN,NaN,NaN,NaN,NaN,NaN,NaN,NaN,NaN,NaN,NaN,NaN,NaN,NaN,NaN,NaN,NaN,NaN,NaN,
102.287,0.01774,-0.02610,0.13058,-0.37666,0.01041,-0.41077,0.83023,NaN,NaN,NaN,NaN,NaN,NaN,NaN,NaN,NaN,NaN,NaN,NaN,NaN,NaN,NaN,NaN,NaN,NaN,NaN,NaN,NaN,
102.312,0.01765,-0.02609,0.13055,-0.37701,0.01126,-0.41098,0.82996,NaN,NaN,NaN,NaN,NaN,NaN,NaN,NaN,NaN,NaN,NaN,NaN,NaN,NaN,NaN,NaN,NaN,NaN,NaN,NaN,NaN,
102.338,0.01776,-0.02618,0.13056,-0.37683,0.01218,-0.41177,0.82964,NaN,NaN,NaN,NaN,NaN,NaN,NaN,NaN,NaN,NaN,NaN,NaN,NaN,NaN,NaN,NaN,NaN,NaN,NaN,NaN,NaN,
102.362,0.01775,-0.02619,0.13052,-0.37684,0.01252,-0.41199,0.82952,NaN,NaN,NaN,NaN,NaN,NaN,NaN,NaN,NaN,NaN,NaN,NaN,NaN,NaN,NaN,NaN,NaN,NaN,NaN,NaN,NaN,
102.388,0.01760,-0.02623,0.13045,-0.37735,0.01267,-0.41157,0.82949,NaN,NaN,NaN,NaN,NaN,NaN,NaN,NaN,NaN,NaN,NaN,NaN,NaN,NaN,NaN,NaN,NaN,NaN,NaN,NaN,NaN,
102.412,0.01760,-0.02623,0.13045,-0.37735,0.01267,-0.41157,0.82949,NaN,NaN,NaN,NaN,NaN,NaN,NaN,NaN,NaN,NaN,NaN,NaN,NaN,NaN,NaN,NaN,NaN,NaN,NaN,NaN,NaN,
102.437,0.01740,-0.02635,0.13045,-0.37634,0.01175,-0.41199,0.82976,NaN,NaN,NaN,NaN,NaN,NaN,NaN,NaN,NaN,NaN,NaN,NaN,NaN,NaN,NaN,NaN,NaN,NaN,NaN,NaN,NaN,
102.462,0.01705,-0.02656,0.13037,-0.37361,0.00833,-0.41247,0.83079,NaN,NaN,NaN,NaN,NaN,NaN,NaN,NaN,NaN,NaN,NaN,NaN,NaN,NaN,NaN,NaN,NaN,NaN,NaN,NaN,NaN,
102.487,0.01705,-0.02656,0.13037,-0.37361,0.00833,-0.41247,0.83079,NaN,NaN,NaN,NaN,NaN,NaN,NaN,NaN,NaN,NaN,NaN,NaN,NaN,NaN,NaN,NaN,NaN,NaN,NaN,NaN,NaN,
102.512,0.01674,-0.02666,0.13034,-0.37224,0.00602,-0.41232,0.83150,NaN,NaN,NaN,NaN,NaN,NaN,NaN,NaN,NaN,NaN,NaN,NaN,NaN,NaN,NaN,NaN,NaN,NaN,NaN,NaN,NaN,
102.537,0.01674,-0.02666,0.13034,-0.37224,0.00602,-0.41232,0.83150,NaN,NaN,NaN,NaN,NaN,NaN,NaN,NaN,NaN,NaN,NaN,NaN,NaN,NaN,NaN,NaN,NaN,NaN,NaN,NaN,NaN,
102.562,0.01665,-0.02672,0.13029,-0.37156,0.00463,-0.41208,0.83194,NaN,NaN,NaN,NaN,NaN,NaN,NaN,NaN,NaN,NaN,NaN,NaN,NaN,NaN,NaN,NaN,NaN,NaN,NaN,NaN,NaN,
102.588,0.01613,-0.02697,0.13020,-0.36886,0.00054,-0.41205,0.83316,NaN,NaN,NaN,NaN,NaN,NaN,NaN,NaN,NaN,NaN,NaN,NaN,NaN,NaN,NaN,NaN,NaN,NaN,NaN,NaN,NaN,
102.613,0.01603,-0.02702,0.13018,-0.36819,-0.00063,-0.41194,0.83351,NaN,NaN,NaN,NaN,NaN,NaN,NaN,NaN,NaN,NaN,NaN,NaN,NaN,NaN,NaN,NaN,NaN,NaN,NaN,NaN,NaN,
102.637,0.01603,-0.02702,0.13018,-0.36819,-0.00063,-0.41194,0.83351,NaN,NaN,NaN,NaN,NaN,NaN,NaN,NaN,NaN,NaN,NaN,NaN,NaN,NaN,NaN,NaN,NaN,NaN,NaN,NaN,NaN,
102.662,0.01589,-0.02712,0.13015,-0.36763,-0.00166,-0.41181,0.83382,NaN,NaN,NaN,NaN,NaN,NaN,NaN,NaN,NaN,NaN,NaN,NaN,NaN,NaN,NaN,NaN,NaN,NaN,NaN,NaN,NaN,
102.688,0.01570,-0.02715,0.13007,-0.36721,-0.00275,-0.41149,0.83416,NaN,NaN,NaN,NaN,NaN,NaN,NaN,NaN,NaN,NaN,NaN,NaN,NaN,NaN,NaN,NaN,NaN,NaN,NaN,NaN,NaN,
102.712,0.01570,-0.02715,0.13007,-0.36721,-0.00275,-0.41149,0.83416,NaN,NaN,NaN,NaN,NaN,NaN,NaN,NaN,NaN,NaN,NaN,NaN,NaN,NaN,NaN,NaN,NaN,NaN,NaN,NaN,NaN,
102.737,0.01568,-0.02717,0.13008,-0.36714,-0.00274,-0.41157,0.83415,NaN,NaN,NaN,NaN,NaN,NaN,NaN,NaN,NaN,NaN,NaN,NaN,NaN,NaN,NaN,NaN,NaN,NaN,NaN,NaN,NaN,
102.762,0.01553,-0.02723,0.12998,-0.36643,-0.00350,-0.41178,0.83436,NaN,NaN,NaN,NaN,NaN,NaN,NaN,NaN,NaN,NaN,NaN,NaN,NaN,NaN,NaN,NaN,NaN,NaN,NaN,NaN,NaN,
102.787,0.01553,-0.02723,0.12998,-0.36643,-0.00350,-0.41178,0.83436,NaN,NaN,NaN,NaN,NaN,NaN,NaN,NaN,NaN,NaN,NaN,NaN,NaN,NaN,NaN,NaN,NaN,NaN,NaN,NaN,NaN,
102.812,0.01565,-0.02717,0.12995,-0.36880,0.00056,-0.41213,0.83315,NaN,NaN,NaN,NaN,NaN,NaN,NaN,NaN,NaN,NaN,NaN,NaN,NaN,NaN,NaN,NaN,NaN,NaN,NaN,NaN,NaN,
102.838,0.01588,-0.02708,0.12998,-0.37140,0.00475,-0.41232,0.83189,NaN,NaN,NaN,NaN,NaN,NaN,NaN,NaN,NaN,NaN,NaN,NaN,NaN,NaN,NaN,NaN,NaN,NaN,NaN,NaN,NaN,
102.862,0.01588,-0.02708,0.12998,-0.37140,0.00475,-0.41232,0.83189,NaN,NaN,NaN,NaN,NaN,NaN,NaN,NaN,NaN,NaN,NaN,NaN,NaN,NaN,NaN,NaN,NaN,NaN,NaN,NaN,NaN,
102.887,0.01603,-0.02699,0.12988,-0.37333,0.00700,-0.41187,0.83123,NaN,NaN,NaN,NaN,NaN,NaN,NaN,NaN,NaN,NaN,NaN,NaN,NaN,NaN,NaN,NaN,NaN,NaN,NaN,NaN,NaN,
102.912,0.01626,-0.02692,0.12991,-0.37390,0.00862,-0.41238,0.83071,NaN,NaN,NaN,NaN,NaN,NaN,NaN,NaN,NaN,NaN,NaN,NaN,NaN,NaN,NaN,NaN,NaN,NaN,NaN,NaN,NaN,
102.938,0.01625,-0.02687,0.12987,-0.37474,0.00945,-0.41207,0.83047,NaN,NaN,NaN,NaN,NaN,NaN,NaN,NaN,NaN,NaN,NaN,NaN,NaN,NaN,NaN,NaN,NaN,NaN,NaN,NaN,NaN,
102.963,0.01594,-0.02695,0.12972,-0.37418,0.00799,-0.41167,0.83094,NaN,NaN,NaN,NaN,NaN,NaN,NaN,NaN,NaN,NaN,NaN,NaN,NaN,NaN,NaN,NaN,NaN,NaN,NaN,NaN,NaN,
102.988,0.01604,-0.02690,0.12977,-0.37443,0.00851,-0.41177,0.83077,NaN,NaN,NaN,NaN,NaN,NaN,NaN,NaN,NaN,NaN,NaN,NaN,NaN,NaN,NaN,NaN,NaN,NaN,NaN,NaN,NaN,
103.012,0.01604,-0.02690,0.12977,-0.37443,0.00851,-0.41177,0.83077,NaN,NaN,NaN,NaN,NaN,NaN,NaN,NaN,NaN,NaN,NaN,NaN,NaN,NaN,NaN,NaN,NaN,NaN,NaN,NaN,NaN,
103.037,0.01592,-0.02689,0.12968,-0.37470,0.00822,-0.41130,0.83088,NaN,NaN,NaN,NaN,NaN,NaN,NaN,NaN,NaN,NaN,NaN,NaN,NaN,NaN,NaN,NaN,NaN,NaN,NaN,NaN,NaN,
103.062,0.01579,-0.02695,0.12964,-0.37434,0.00785,-0.41142,0.83099,NaN,NaN,NaN,NaN,NaN,NaN,NaN,NaN,NaN,NaN,NaN,NaN,NaN,NaN,NaN,NaN,NaN,NaN,NaN,NaN,NaN,
103.088,0.01570,-0.02700,0.12967,-0.37426,0.00779,-0.41146,0.83101,NaN,NaN,NaN,NaN,NaN,NaN,NaN,NaN,NaN,NaN,NaN,NaN,NaN,NaN,NaN,NaN,NaN,NaN,NaN,NaN,NaN,
103.112,0.01570,-0.02700,0.12967,-0.37426,0.00779,-0.41146,0.83101,NaN,NaN,NaN,NaN,NaN,NaN,NaN,NaN,NaN,NaN,NaN,NaN,NaN,NaN,NaN,NaN,NaN,NaN,NaN,NaN,NaN,
103.138,0.01520,-0.02716,0.12951,-0.37320,0.00558,-0.41105,0.83170,NaN,NaN,NaN,NaN,NaN,NaN,NaN,NaN,NaN,NaN,NaN,NaN,NaN,NaN,NaN,NaN,NaN,NaN,NaN,NaN,NaN,
103.162,0.01521,-0.02704,0.12951,-0.37476,0.00649,-0.41009,0.83147,NaN,NaN,NaN,NaN,NaN,NaN,NaN,NaN,NaN,NaN,NaN,NaN,NaN,NaN,NaN,NaN,NaN,NaN,NaN,NaN,NaN,
103.188,0.01521,-0.02699,0.12957,-0.37527,0.00681,-0.40978,0.83139,NaN,NaN,NaN,NaN,NaN,NaN,NaN,NaN,NaN,NaN,NaN,NaN,NaN,NaN,NaN,NaN,NaN,NaN,NaN,NaN,NaN,
103.212,0.01489,-0.02697,0.12947,-0.37583,0.00599,-0.40866,0.83169,NaN,NaN,NaN,NaN,NaN,NaN,NaN,NaN,NaN,NaN,NaN,NaN,NaN,NaN,NaN,NaN,NaN,NaN,NaN,NaN,NaN,
103.237,0.01489,-0.02697,0.12947,-0.37583,0.00599,-0.40866,0.83169,NaN,NaN,NaN,NaN,NaN,NaN,NaN,NaN,NaN,NaN,NaN,NaN,NaN,NaN,NaN,NaN,NaN,NaN,NaN,NaN,NaN,
103.262,0.01486,-0.02689,0.12938,-0.37647,0.00643,-0.40831,0.83157,NaN,NaN,NaN,NaN,NaN,NaN,NaN,NaN,NaN,NaN,NaN,NaN,NaN,NaN,NaN,NaN,NaN,NaN,NaN,NaN,NaN,
103.288,0.01463,-0.02676,0.12949,-0.37695,0.00600,-0.40752,0.83174,NaN,NaN,NaN,NaN,NaN,NaN,NaN,NaN,NaN,NaN,NaN,NaN,NaN,NaN,NaN,NaN,NaN,NaN,NaN,NaN,NaN,
103.312,0.01463,-0.02676,0.12949,-0.37695,0.00600,-0.40752,0.83174,NaN,NaN,NaN,NaN,NaN,NaN,NaN,NaN,NaN,NaN,NaN,NaN,NaN,NaN,NaN,NaN,NaN,NaN,NaN,NaN,NaN,
103.338,0.01440,-0.02677,0.12944,-0.37567,0.00283,-0.40669,0.83274,NaN,NaN,NaN,NaN,NaN,NaN,NaN,NaN,NaN,NaN,NaN,NaN,NaN,NaN,NaN,NaN,NaN,NaN,NaN,NaN,NaN,
103.362,0.01440,-0.02677,0.12944,-0.37567,0.00283,-0.40669,0.83274,NaN,NaN,NaN,NaN,NaN,NaN,NaN,NaN,NaN,NaN,NaN,NaN,NaN,NaN,NaN,NaN,NaN,NaN,NaN,NaN,NaN,
103.387,0.01405,-0.02679,0.12938,-0.37531,0.00131,-0.40604,0.83323,NaN,NaN,NaN,NaN,NaN,NaN,NaN,NaN,NaN,NaN,NaN,NaN,NaN,NaN,NaN,NaN,NaN,NaN,NaN,NaN,NaN,
103.412,0.01394,-0.02664,0.12957,-0.37637,0.00162,-0.40517,0.83317,NaN,NaN,NaN,NaN,NaN,NaN,NaN,NaN,NaN,NaN,NaN,NaN,NaN,NaN,NaN,NaN,NaN,NaN,NaN,NaN,NaN,
103.438,0.01390,-0.02652,0.12952,-0.37642,0.00090,-0.40464,0.83342,NaN,NaN,NaN,NaN,NaN,NaN,NaN,NaN,NaN,NaN,NaN,NaN,NaN,NaN,NaN,NaN,NaN,NaN,NaN,NaN,NaN,
103.462,0.01387,-0.02653,0.12957,-0.37680,0.00049,-0.40397,0.83356,NaN,NaN,NaN,NaN,NaN,NaN,NaN,NaN,NaN,NaN,NaN,NaN,NaN,NaN,NaN,NaN,NaN,NaN,NaN,NaN,NaN,
103.488,0.01373,-0.02659,0.12967,-0.37721,0.00025,-0.40338,0.83366,NaN,NaN,NaN,NaN,NaN,NaN,NaN,NaN,NaN,NaN,NaN,NaN,NaN,NaN,NaN,NaN,NaN,NaN,NaN,NaN,NaN,
103.513,0.01346,-0.02664,0.12966,-0.37758,0.00007,-0.40289,0.83373,NaN,NaN,NaN,NaN,NaN,NaN,NaN,NaN,NaN,NaN,NaN,NaN,NaN,NaN,NaN,NaN,NaN,NaN,NaN,NaN,NaN,
103.538,0.01343,-0.02636,0.12961,-0.37784,-0.00063,-0.40215,0.83398,NaN,NaN,NaN,NaN,NaN,NaN,NaN,NaN,NaN,NaN,NaN,NaN,NaN,NaN,NaN,NaN,NaN,NaN,NaN,NaN,NaN,
103.562,0.01343,-0.02636,0.12961,-0.37784,-0.00063,-0.40215,0.83398,NaN,NaN,NaN,NaN,NaN,NaN,NaN,NaN,NaN,NaN,NaN,NaN,NaN,NaN,NaN,NaN,NaN,NaN,NaN,NaN,NaN,
103.588,0.01331,-0.02639,0.12972,-0.37787,-0.00179,-0.40133,0.83435,NaN,NaN,NaN,NaN,NaN,NaN,NaN,NaN,NaN,NaN,NaN,NaN,NaN,NaN,NaN,NaN,NaN,NaN,NaN,NaN,NaN,
103.613,0.01312,-0.02637,0.12971,-0.37722,-0.00295,-0.40120,0.83470,NaN,NaN,NaN,NaN,NaN,NaN,NaN,NaN,NaN,NaN,NaN,NaN,NaN,NaN,NaN,NaN,NaN,NaN,NaN,NaN,NaN,
103.637,0.01312,-0.02637,0.12971,-0.37722,-0.00295,-0.40120,0.83470,NaN,NaN,NaN,NaN,NaN,NaN,NaN,NaN,NaN,NaN,NaN,NaN,NaN,NaN,NaN,NaN,NaN,NaN,NaN,NaN,NaN,
103.662,0.01306,-0.02629,0.12971,-0.37678,-0.00401,-0.40093,0.83503,NaN,NaN,NaN,NaN,NaN,NaN,NaN,NaN,NaN,NaN,NaN,NaN,NaN,NaN,NaN,NaN,NaN,NaN,NaN,NaN,NaN,
103.687,0.01292,-0.02627,0.12961,-0.37793,-0.00462,-0.39934,0.83527,NaN,NaN,NaN,NaN,NaN,NaN,NaN,NaN,NaN,NaN,NaN,NaN,NaN,NaN,NaN,NaN,NaN,NaN,NaN,NaN,NaN,
103.712,0.01266,-0.02638,0.12978,-0.37705,-0.00588,-0.39937,0.83564,NaN,NaN,NaN,NaN,NaN,NaN,NaN,NaN,NaN,NaN,NaN,NaN,NaN,NaN,NaN,NaN,NaN,NaN,NaN,NaN,NaN,
103.738,0.01252,-0.02627,0.12972,-0.37784,-0.00628,-0.39829,0.83580,NaN,NaN,NaN,NaN,NaN,NaN,NaN,NaN,NaN,NaN,NaN,NaN,NaN,NaN,NaN,NaN,NaN,NaN,NaN,NaN,NaN,
103.762,0.01252,-0.02627,0.12972,-0.37784,-0.00628,-0.39829,0.83580,NaN,NaN,NaN,NaN,NaN,NaN,NaN,NaN,NaN,NaN,NaN,NaN,NaN,NaN,NaN,NaN,NaN,NaN,NaN,NaN,NaN,
103.788,0.01224,-0.02633,0.12969,-0.37638,-0.00880,-0.39806,0.83655,NaN,NaN,NaN,NaN,NaN,NaN,NaN,NaN,NaN,NaN,NaN,NaN,NaN,NaN,NaN,NaN,NaN,NaN,NaN,NaN,NaN,
103.812,0.01217,-0.02634,0.12972,-0.37683,-0.00867,-0.39767,0.83653,NaN,NaN,NaN,NaN,NaN,NaN,NaN,NaN,NaN,NaN,NaN,NaN,NaN,NaN,NaN,NaN,NaN,NaN,NaN,NaN,NaN,
103.838,0.01210,-0.02633,0.12975,-0.37594,-0.00974,-0.39786,0.83683,NaN,NaN,NaN,NaN,NaN,NaN,NaN,NaN,NaN,NaN,NaN,NaN,NaN,NaN,NaN,NaN,NaN,NaN,NaN,NaN,NaN,
103.863,0.01194,-0.02632,0.12972,-0.37584,-0.01084,-0.39720,0.83717,NaN,NaN,NaN,NaN,NaN,NaN,NaN,NaN,NaN,NaN,NaN,NaN,NaN,NaN,NaN,NaN,NaN,NaN,NaN,NaN,NaN,
103.888,0.01186,-0.02634,0.12974,-0.37581,-0.01122,-0.39697,0.83729,NaN,NaN,NaN,NaN,NaN,NaN,NaN,NaN,NaN,NaN,NaN,NaN,NaN,NaN,NaN,NaN,NaN,NaN,NaN,NaN,NaN,
103.912,0.01182,-0.02639,0.12973,-0.37579,-0.01148,-0.39681,0.83737,NaN,NaN,NaN,NaN,NaN,NaN,NaN,NaN,NaN,NaN,NaN,NaN,NaN,NaN,NaN,NaN,NaN,NaN,NaN,NaN,NaN,
103.938,0.01178,-0.02637,0.12974,-0.37568,-0.01192,-0.39662,0.83751,NaN,NaN,NaN,NaN,NaN,NaN,NaN,NaN,NaN,NaN,NaN,NaN,NaN,NaN,NaN,NaN,NaN,NaN,NaN,NaN,NaN,
103.962,0.01176,-0.02635,0.12974,-0.37528,-0.01244,-0.39666,0.83765,NaN,NaN,NaN,NaN,NaN,NaN,NaN,NaN,NaN,NaN,NaN,NaN,NaN,NaN,NaN,NaN,NaN,NaN,NaN,NaN,NaN,
103.988,0.01172,-0.02634,0.12978,-0.37490,-0.01288,-0.39675,0.83778,NaN,NaN,NaN,NaN,NaN,NaN,NaN,NaN,NaN,NaN,NaN,NaN,NaN,NaN,NaN,NaN,NaN,NaN,NaN,NaN,NaN,
104.012,0.01172,-0.02634,0.12978,-0.37490,-0.01288,-0.39675,0.83778,NaN,NaN,NaN,NaN,NaN,NaN,NaN,NaN,NaN,NaN,NaN,NaN,NaN,NaN,NaN,NaN,NaN,NaN,NaN,NaN,NaN,
104.038,0.01163,-0.02641,0.12981,-0.37413,-0.01427,-0.39658,0.83818,NaN,NaN,NaN,NaN,NaN,NaN,NaN,NaN,NaN,NaN,NaN,NaN,NaN,NaN,NaN,NaN,NaN,NaN,NaN,NaN,NaN,
104.062,0.01163,-0.02641,0.12981,-0.37413,-0.01427,-0.39658,0.83818,NaN,NaN,NaN,NaN,NaN,NaN,NaN,NaN,NaN,NaN,NaN,NaN,NaN,NaN,NaN,NaN,NaN,NaN,NaN,NaN,NaN,
104.088,0.01131,-0.02643,0.12973,-0.37382,-0.01544,-0.39608,0.83853,NaN,NaN,NaN,NaN,NaN,NaN,NaN,NaN,NaN,NaN,NaN,NaN,NaN,NaN,NaN,NaN,NaN,NaN,NaN,NaN,NaN,
104.112,0.01131,-0.02643,0.12973,-0.37382,-0.01544,-0.39608,0.83853,NaN,NaN,NaN,NaN,NaN,NaN,NaN,NaN,NaN,NaN,NaN,NaN,NaN,NaN,NaN,NaN,NaN,NaN,NaN,NaN,NaN,
104.138,0.01129,-0.02632,0.12973,-0.37513,-0.01461,-0.39532,0.83833,NaN,NaN,NaN,NaN,NaN,NaN,NaN,NaN,NaN,NaN,NaN,NaN,NaN,NaN,NaN,NaN,NaN,NaN,NaN,NaN,NaN,
104.162,0.01129,-0.02632,0.12973,-0.37513,-0.01461,-0.39532,0.83833,NaN,NaN,NaN,NaN,NaN,NaN,NaN,NaN,NaN,NaN,NaN,NaN,NaN,NaN,NaN,NaN,NaN,NaN,NaN,NaN,NaN,
104.187,0.01115,-0.02636,0.12975,-0.37457,-0.01550,-0.39527,0.83858,NaN,NaN,NaN,NaN,NaN,NaN,NaN,NaN,NaN,NaN,NaN,NaN,NaN,NaN,NaN,NaN,NaN,NaN,NaN,NaN,NaN,
104.212,0.01099,-0.02638,0.12977,-0.37282,-0.01861,-0.39490,0.83947,NaN,NaN,NaN,NaN,NaN,NaN,NaN,NaN,NaN,NaN,NaN,NaN,NaN,NaN,NaN,NaN,NaN,NaN,NaN,NaN,NaN,
104.238,0.01068,-0.02654,0.12975,-0.37244,-0.01956,-0.39462,0.83975,NaN,NaN,NaN,NaN,NaN,NaN,NaN,NaN,NaN,NaN,NaN,NaN,NaN,NaN,NaN,NaN,NaN,NaN,NaN,NaN,NaN,
104.262,0.01042,-0.02655,0.12969,-0.37223,-0.02085,-0.39393,0.84013,NaN,NaN,NaN,NaN,NaN,NaN,NaN,NaN,NaN,NaN,NaN,NaN,NaN,NaN,NaN,NaN,NaN,NaN,NaN,NaN,NaN,
104.288,0.01020,-0.02659,0.12975,-0.37039,-0.02310,-0.39423,0.84075,NaN,NaN,NaN,NaN,NaN,NaN,NaN,NaN,NaN,NaN,NaN,NaN,NaN,NaN,NaN,NaN,NaN,NaN,NaN,NaN,NaN,
104.312,0.00993,-0.02662,0.12970,-0.36901,-0.02617,-0.39349,0.84162,NaN,NaN,NaN,NaN,NaN,NaN,NaN,NaN,NaN,NaN,NaN,NaN,NaN,NaN,NaN,NaN,NaN,NaN,NaN,NaN,NaN,
104.338,0.00965,-0.02673,0.12959,-0.36698,-0.02902,-0.39355,0.84238,NaN,NaN,NaN,NaN,NaN,NaN,NaN,NaN,NaN,NaN,NaN,NaN,NaN,NaN,NaN,NaN,NaN,NaN,NaN,NaN,NaN,
104.362,0.00965,-0.02673,0.12959,-0.36698,-0.02902,-0.39355,0.84238,NaN,NaN,NaN,NaN,NaN,NaN,NaN,NaN,NaN,NaN,NaN,NaN,NaN,NaN,NaN,NaN,NaN,NaN,NaN,NaN,NaN,
104.388,0.00966,-0.02650,0.12947,-0.37221,-0.02504,-0.39101,0.84140,NaN,NaN,NaN,NaN,NaN,NaN,NaN,NaN,NaN,NaN,NaN,NaN,NaN,NaN,NaN,NaN,NaN,NaN,NaN,NaN,NaN,
104.412,0.00966,-0.02650,0.12947,-0.37221,-0.02504,-0.39101,0.84140,NaN,NaN,NaN,NaN,NaN,NaN,NaN,NaN,NaN,NaN,NaN,NaN,NaN,NaN,NaN,NaN,NaN,NaN,NaN,NaN,NaN,
104.438,0.01021,-0.02636,0.12950,-0.37711,-0.01694,-0.39166,0.83911,NaN,NaN,NaN,NaN,NaN,NaN,NaN,NaN,NaN,NaN,NaN,NaN,NaN,NaN,NaN,NaN,NaN,NaN,NaN,NaN,NaN,
104.462,0.01021,-0.02610,0.12942,-0.38180,-0.01270,-0.38977,0.83794,NaN,NaN,NaN,NaN,NaN,NaN,NaN,NaN,NaN,NaN,NaN,NaN,NaN,NaN,NaN,NaN,NaN,NaN,NaN,NaN,NaN,
104.487,0.01021,-0.02610,0.12942,-0.38180,-0.01270,-0.38977,0.83794,NaN,NaN,NaN,NaN,NaN,NaN,NaN,NaN,NaN,NaN,NaN,NaN,NaN,NaN,NaN,NaN,NaN,NaN,NaN,NaN,NaN,
104.512,0.01023,-0.02614,0.12939,-0.38188,-0.01112,-0.39078,0.83746,NaN,NaN,NaN,NaN,NaN,NaN,NaN,NaN,NaN,NaN,NaN,NaN,NaN,NaN,NaN,NaN,NaN,NaN,NaN,NaN,NaN,
104.537,0.01023,-0.02614,0.12939,-0.38188,-0.01112,-0.39078,0.83746,NaN,NaN,NaN,NaN,NaN,NaN,NaN,NaN,NaN,NaN,NaN,NaN,NaN,NaN,NaN,NaN,NaN,NaN,NaN,NaN,NaN,
104.562,0.01047,-0.02615,0.12941,-0.38443,-0.00677,-0.39116,0.83616,NaN,NaN,NaN,NaN,NaN,NaN,NaN,NaN,NaN,NaN,NaN,NaN,NaN,NaN,NaN,NaN,NaN,NaN,NaN,NaN,NaN,
104.588,0.01066,-0.02620,0.12944,-0.38541,-0.00465,-0.39160,0.83552,NaN,NaN,NaN,NaN,NaN,NaN,NaN,NaN,NaN,NaN,NaN,NaN,NaN,NaN,NaN,NaN,NaN,NaN,NaN,NaN,NaN,
104.612,0.01066,-0.02620,0.12944,-0.38541,-0.00465,-0.39160,0.83552,NaN,NaN,NaN,NaN,NaN,NaN,NaN,NaN,NaN,NaN,NaN,NaN,NaN,NaN,NaN,NaN,NaN,NaN,NaN,NaN,NaN,
104.638,0.01031,-0.02634,0.12925,-0.38545,-0.00431,-0.39179,0.83541,NaN,NaN,NaN,NaN,NaN,NaN,NaN,NaN,NaN,NaN,NaN,NaN,NaN,NaN,NaN,NaN,NaN,NaN,NaN,NaN,NaN,
104.662,0.01031,-0.02634,0.12925,-0.38545,-0.00431,-0.39179,0.83541,NaN,NaN,NaN,NaN,NaN,NaN,NaN,NaN,NaN,NaN,NaN,NaN,NaN,NaN,NaN,NaN,NaN,NaN,NaN,NaN,NaN,
104.688,0.01072,-0.02628,0.12925,-0.38701,-0.00109,-0.39239,0.83442,NaN,NaN,NaN,NaN,NaN,NaN,NaN,NaN,NaN,NaN,NaN,NaN,NaN,NaN,NaN,NaN,NaN,NaN,NaN,NaN,NaN,
104.712,0.01072,-0.02628,0.12925,-0.38701,-0.00109,-0.39239,0.83442,NaN,NaN,NaN,NaN,NaN,NaN,NaN,NaN,NaN,NaN,NaN,NaN,NaN,NaN,NaN,NaN,NaN,NaN,NaN,NaN,NaN,
104.738,0.01075,-0.02630,0.12917,-0.38872,0.00112,-0.39212,0.83375,NaN,NaN,NaN,NaN,NaN,NaN,NaN,NaN,NaN,NaN,NaN,NaN,NaN,NaN,NaN,NaN,NaN,NaN,NaN,NaN,NaN,
104.762,0.01066,-0.02633,0.12916,-0.38920,0.00176,-0.39206,0.83355,NaN,NaN,NaN,NaN,NaN,NaN,NaN,NaN,NaN,NaN,NaN,NaN,NaN,NaN,NaN,NaN,NaN,NaN,NaN,NaN,NaN,
104.788,0.01078,-0.02621,0.12918,-0.38961,0.00240,-0.39207,0.83335,NaN,NaN,NaN,NaN,NaN,NaN,NaN,NaN,NaN,NaN,NaN,NaN,NaN,NaN,NaN,NaN,NaN,NaN,NaN,NaN,NaN,
104.812,0.01078,-0.02621,0.12918,-0.38961,0.00240,-0.39207,0.83335,NaN,NaN,NaN,NaN,NaN,NaN,NaN,NaN,NaN,NaN,NaN,NaN,NaN,NaN,NaN,NaN,NaN,NaN,NaN,NaN,NaN,
104.838,0.01069,-0.02625,0.12907,-0.39143,0.00403,-0.39129,0.83286,NaN,NaN,NaN,NaN,NaN,NaN,NaN,NaN,NaN,NaN,NaN,NaN,NaN,NaN,NaN,NaN,NaN,NaN,NaN,NaN,NaN,
104.863,0.01080,-0.02614,0.12906,-0.39231,0.00543,-0.39132,0.83243,NaN,NaN,NaN,NaN,NaN,NaN,NaN,NaN,NaN,NaN,NaN,NaN,NaN,NaN,NaN,NaN,NaN,NaN,NaN,NaN,NaN,
104.888,0.01100,-0.02609,0.12912,-0.39328,0.00698,-0.39136,0.83194,NaN,NaN,NaN,NaN,NaN,NaN,NaN,NaN,NaN,NaN,NaN,NaN,NaN,NaN,NaN,NaN,NaN,NaN,NaN,NaN,NaN,
104.912,0.01100,-0.02609,0.12912,-0.39328,0.00698,-0.39136,0.83194,NaN,NaN,NaN,NaN,NaN,NaN,NaN,NaN,NaN,NaN,NaN,NaN,NaN,NaN,NaN,NaN,NaN,NaN,NaN,NaN,NaN,
104.937,0.01084,-0.02610,0.12908,-0.39330,0.00693,-0.39131,0.83196,NaN,NaN,NaN,NaN,NaN,NaN,NaN,NaN,NaN,NaN,NaN,NaN,NaN,NaN,NaN,NaN,NaN,NaN,NaN,NaN,NaN,
104.962,0.01103,-0.02612,0.12915,-0.39453,0.00874,-0.39125,0.83138,NaN,NaN,NaN,NaN,NaN,NaN,NaN,NaN,NaN,NaN,NaN,NaN,NaN,NaN,NaN,NaN,NaN,NaN,NaN,NaN,NaN,
104.988,0.01079,-0.02591,0.12904,-0.39812,0.01050,-0.38868,0.83085,NaN,NaN,NaN,NaN,NaN,NaN,NaN,NaN,NaN,NaN,NaN,NaN,NaN,NaN,NaN,NaN,NaN,NaN,NaN,NaN,NaN,
105.012,0.01093,-0.02593,0.12911,-0.39896,0.01260,-0.38921,0.83017,NaN,NaN,NaN,NaN,NaN,NaN,NaN,NaN,NaN,NaN,NaN,NaN,NaN,NaN,NaN,NaN,NaN,NaN,NaN,NaN,NaN,
105.038,0.01103,-0.02584,0.12914,-0.40064,0.01452,-0.38875,0.82955,NaN,NaN,NaN,NaN,NaN,NaN,NaN,NaN,NaN,NaN,NaN,NaN,NaN,NaN,NaN,NaN,NaN,NaN,NaN,NaN,NaN,
105.062,0.01103,-0.02584,0.12914,-0.40064,0.01452,-0.38875,0.82955,NaN,NaN,NaN,NaN,NaN,NaN,NaN,NaN,NaN,NaN,NaN,NaN,NaN,NaN,NaN,NaN,NaN,NaN,NaN,NaN,NaN,
105.088,0.01110,-0.02570,0.12913,-0.40358,0.01714,-0.38741,0.82870,NaN,NaN,NaN,NaN,NaN,NaN,NaN,NaN,NaN,NaN,NaN,NaN,NaN,NaN,NaN,NaN,NaN,NaN,NaN,NaN,NaN,
105.112,0.01110,-0.02570,0.12913,-0.40358,0.01714,-0.38741,0.82870,NaN,NaN,NaN,NaN,NaN,NaN,NaN,NaN,NaN,NaN,NaN,NaN,NaN,NaN,NaN,NaN,NaN,NaN,NaN,NaN,NaN,
105.138,0.01110,-0.02554,0.12911,-0.40654,0.01944,-0.38583,0.82794,NaN,NaN,NaN,NaN,NaN,NaN,NaN,NaN,NaN,NaN,NaN,NaN,NaN,NaN,NaN,NaN,NaN,NaN,NaN,NaN,NaN,
105.162,0.01110,-0.02554,0.12911,-0.40654,0.01944,-0.38583,0.82794,NaN,NaN,NaN,NaN,NaN,NaN,NaN,NaN,NaN,NaN,NaN,NaN,NaN,NaN,NaN,NaN,NaN,NaN,NaN,NaN,NaN,
105.188,0.01119,-0.02554,0.12924,-0.40945,0.02320,-0.38525,0.82668,NaN,NaN,NaN,NaN,NaN,NaN,NaN,NaN,NaN,NaN,NaN,NaN,NaN,NaN,NaN,NaN,NaN,NaN,NaN,NaN,NaN,
105.212,0.01123,-0.02548,0.12926,-0.41020,0.02435,-0.38522,0.82629,NaN,NaN,NaN,NaN,NaN,NaN,NaN,NaN,NaN,NaN,NaN,NaN,NaN,NaN,NaN,NaN,NaN,NaN,NaN,NaN,NaN,
105.238,0.01131,-0.02540,0.12926,-0.41152,0.02570,-0.38472,0.82582,NaN,NaN,NaN,NaN,NaN,NaN,NaN,NaN,NaN,NaN,NaN,NaN,NaN,NaN,NaN,NaN,NaN,NaN,NaN,NaN,NaN,
105.262,0.01131,-0.02540,0.12926,-0.41152,0.02570,-0.38472,0.82582,NaN,NaN,NaN,NaN,NaN,NaN,NaN,NaN,NaN,NaN,NaN,NaN,NaN,NaN,NaN,NaN,NaN,NaN,NaN,NaN,NaN,
105.287,0.01138,-0.02537,0.12930,-0.41287,0.02695,-0.38412,0.82539,NaN,NaN,NaN,NaN,NaN,NaN,NaN,NaN,NaN,NaN,NaN,NaN,NaN,NaN,NaN,NaN,NaN,NaN,NaN,NaN,NaN,
105.312,0.01128,-0.02533,0.12927,-0.41362,0.02732,-0.38356,0.82526,NaN,NaN,NaN,NaN,NaN,NaN,NaN,NaN,NaN,NaN,NaN,NaN,NaN,NaN,NaN,NaN,NaN,NaN,NaN,NaN,NaN,
105.337,0.01133,-0.02528,0.12929,-0.41577,0.02944,-0.38267,0.82452,NaN,NaN,NaN,NaN,NaN,NaN,NaN,NaN,NaN,NaN,NaN,NaN,NaN,NaN,NaN,NaN,NaN,NaN,NaN,NaN,NaN,
105.362,0.01126,-0.02517,0.12929,-0.41798,0.03105,-0.38137,0.82394,NaN,NaN,NaN,NaN,NaN,NaN,NaN,NaN,NaN,NaN,NaN,NaN,NaN,NaN,NaN,NaN,NaN,NaN,NaN,NaN,NaN,
105.388,0.01145,-0.02505,0.12932,-0.41998,0.03360,-0.38091,0.82304,NaN,NaN,NaN,NaN,NaN,NaN,NaN,NaN,NaN,NaN,NaN,NaN,NaN,NaN,NaN,NaN,NaN,NaN,NaN,NaN,NaN,
105.412,0.01145,-0.02505,0.12932,-0.41998,0.03360,-0.38091,0.82304,NaN,NaN,NaN,NaN,NaN,NaN,NaN,NaN,NaN,NaN,NaN,NaN,NaN,NaN,NaN,NaN,NaN,NaN,NaN,NaN,NaN,
105.438,0.01143,-0.02495,0.12933,-0.42297,0.03589,-0.37920,0.82220,NaN,NaN,NaN,NaN,NaN,NaN,NaN,NaN,NaN,NaN,NaN,NaN,NaN,NaN,NaN,NaN,NaN,NaN,NaN,NaN,NaN,
105.462,0.01143,-0.02495,0.12933,-0.42297,0.03589,-0.37920,0.82220,NaN,NaN,NaN,NaN,NaN,NaN,NaN,NaN,NaN,NaN,NaN,NaN,NaN,NaN,NaN,NaN,NaN,NaN,NaN,NaN,NaN,
105.488,0.01138,-0.02489,0.12937,-0.42413,0.03710,-0.37875,0.82176,NaN,NaN,NaN,NaN,NaN,NaN,NaN,NaN,NaN,NaN,NaN,NaN,NaN,NaN,NaN,NaN,NaN,NaN,NaN,NaN,NaN,
105.512,0.01138,-0.02489,0.12937,-0.42413,0.03710,-0.37875,0.82176,NaN,NaN,NaN,NaN,NaN,NaN,NaN,NaN,NaN,NaN,NaN,NaN,NaN,NaN,NaN,NaN,NaN,NaN,NaN,NaN,NaN,
105.537,0.01163,-0.02464,0.12945,-0.42684,0.03980,-0.37759,0.82076,NaN,NaN,NaN,NaN,NaN,NaN,NaN,NaN,NaN,NaN,NaN,NaN,NaN,NaN,NaN,NaN,NaN,NaN,NaN,NaN,NaN,
105.562,0.01154,-0.02450,0.12937,-0.42929,0.04112,-0.37580,0.82024,NaN,NaN,NaN,NaN,NaN,NaN,NaN,NaN,NaN,NaN,NaN,NaN,NaN,NaN,NaN,NaN,NaN,NaN,NaN,NaN,NaN,
105.587,0.01156,-0.02444,0.12941,-0.43067,0.04214,-0.37498,0.81984,NaN,NaN,NaN,NaN,NaN,NaN,NaN,NaN,NaN,NaN,NaN,NaN,NaN,NaN,NaN,NaN,NaN,NaN,NaN,NaN,NaN,
105.612,0.01143,-0.02441,0.12940,-0.43123,0.04200,-0.37427,0.81988,NaN,NaN,NaN,NaN,NaN,NaN,NaN,NaN,NaN,NaN,NaN,NaN,NaN,NaN,NaN,NaN,NaN,NaN,NaN,NaN,NaN,
105.638,0.01139,-0.02428,0.12952,-0.43430,0.04425,-0.37240,0.81899,NaN,NaN,NaN,NaN,NaN,NaN,NaN,NaN,NaN,NaN,NaN,NaN,NaN,NaN,NaN,NaN,NaN,NaN,NaN,NaN,NaN,
105.662,0.01139,-0.02428,0.12952,-0.43430,0.04425,-0.37240,0.81899,NaN,NaN,NaN,NaN,NaN,NaN,NaN,NaN,NaN,NaN,NaN,NaN,NaN,NaN,NaN,NaN,NaN,NaN,NaN,NaN,NaN,
105.688,0.01165,-0.02377,0.12970,-0.44037,0.04956,-0.36921,0.81689,NaN,NaN,NaN,NaN,NaN,NaN,NaN,NaN,NaN,NaN,NaN,NaN,NaN,NaN,NaN,NaN,NaN,NaN,NaN,NaN,NaN,
105.712,0.01165,-0.02377,0.12970,-0.44037,0.04956,-0.36921,0.81689,NaN,NaN,NaN,NaN,NaN,NaN,NaN,NaN,NaN,NaN,NaN,NaN,NaN,NaN,NaN,NaN,NaN,NaN,NaN,NaN,NaN,
105.738,0.01163,-0.02370,0.12970,-0.44218,0.05027,-0.36767,0.81656,NaN,NaN,NaN,NaN,NaN,NaN,NaN,NaN,NaN,NaN,NaN,NaN,NaN,NaN,NaN,NaN,NaN,NaN,NaN,NaN,NaN,
105.763,0.01145,-0.02370,0.12961,-0.44190,0.04901,-0.36716,0.81701,NaN,NaN,NaN,NaN,NaN,NaN,NaN,NaN,NaN,NaN,NaN,NaN,NaN,NaN,NaN,NaN,NaN,NaN,NaN,NaN,NaN,
105.788,0.01128,-0.02377,0.12959,-0.44187,0.04822,-0.36668,0.81730,NaN,NaN,NaN,NaN,NaN,NaN,NaN,NaN,NaN,NaN,NaN,NaN,NaN,NaN,NaN,NaN,NaN,NaN,NaN,NaN,NaN,
105.812,0.01128,-0.02377,0.12959,-0.44187,0.04822,-0.36668,0.81730,NaN,NaN,NaN,NaN,NaN,NaN,NaN,NaN,NaN,NaN,NaN,NaN,NaN,NaN,NaN,NaN,NaN,NaN,NaN,NaN,NaN,
105.838,0.01115,-0.02377,0.12958,-0.43990,0.04511,-0.36680,0.81848,NaN,NaN,NaN,NaN,NaN,NaN,NaN,NaN,NaN,NaN,NaN,NaN,NaN,NaN,NaN,NaN,NaN,NaN,NaN,NaN,NaN,
105.862,0.01115,-0.02377,0.12958,-0.43990,0.04511,-0.36680,0.81848,NaN,NaN,NaN,NaN,NaN,NaN,NaN,NaN,NaN,NaN,NaN,NaN,NaN,NaN,NaN,NaN,NaN,NaN,NaN,NaN,NaN,
105.888,0.01037,-0.02412,0.12954,-0.43664,0.04026,-0.36720,0.82030,NaN,NaN,NaN,NaN,NaN,NaN,NaN,NaN,NaN,NaN,NaN,NaN,NaN,NaN,NaN,NaN,NaN,NaN,NaN,NaN,NaN,
105.912,0.01037,-0.02412,0.12954,-0.43664,0.04026,-0.36720,0.82030,NaN,NaN,NaN,NaN,NaN,NaN,NaN,NaN,NaN,NaN,NaN,NaN,NaN,NaN,NaN,NaN,NaN,NaN,NaN,NaN,NaN,
105.938,0.01051,-0.02400,0.12939,-0.43511,0.03858,-0.36777,0.82093,NaN,NaN,NaN,NaN,NaN,NaN,NaN,NaN,NaN,NaN,NaN,NaN,NaN,NaN,NaN,NaN,NaN,NaN,NaN,NaN,NaN,
105.963,0.01022,-0.02408,0.12937,-0.43495,0.03769,-0.36736,0.82125,NaN,NaN,NaN,NaN,NaN,NaN,NaN,NaN,NaN,NaN,NaN,NaN,NaN,NaN,NaN,NaN,NaN,NaN,NaN,NaN,NaN,
105.988,0.01015,-0.02406,0.12941,-0.43544,0.03793,-0.36698,0.82115,NaN,NaN,NaN,NaN,NaN,NaN,NaN,NaN,NaN,NaN,NaN,NaN,NaN,NaN,NaN,NaN,NaN,NaN,NaN,NaN,NaN,
106.012,0.01015,-0.02406,0.12941,-0.43544,0.03793,-0.36698,0.82115,NaN,NaN,NaN,NaN,NaN,NaN,NaN,NaN,NaN,NaN,NaN,NaN,NaN,NaN,NaN,NaN,NaN,NaN,NaN,NaN,NaN,
106.038,0.01011,-0.02387,0.12933,-0.43692,0.03810,-0.36546,0.82103,NaN,NaN,NaN,NaN,NaN,NaN,NaN,NaN,NaN,NaN,NaN,NaN,NaN,NaN,NaN,NaN,NaN,NaN,NaN,NaN,NaN,
106.062,0.01011,-0.02387,0.12933,-0.43692,0.03810,-0.36546,0.82103,NaN,NaN,NaN,NaN,NaN,NaN,NaN,NaN,NaN,NaN,NaN,NaN,NaN,NaN,NaN,NaN,NaN,NaN,NaN,NaN,NaN,
106.088,0.01034,-0.02347,0.12963,-0.44481,0.04551,-0.36164,0.81810,NaN,NaN,NaN,NaN,NaN,NaN,NaN,NaN,NaN,NaN,NaN,NaN,NaN,NaN,NaN,NaN,NaN,NaN,NaN,NaN,NaN,
106.112,0.01017,-0.02324,0.12936,-0.44649,0.04482,-0.35931,0.81825,NaN,NaN,NaN,NaN,NaN,NaN,NaN,NaN,NaN,NaN,NaN,NaN,NaN,NaN,NaN,NaN,NaN,NaN,NaN,NaN,NaN,
106.138,0.01036,-0.02316,0.12946,-0.44792,0.04682,-0.35904,0.81748,NaN,NaN,NaN,NaN,NaN,NaN,NaN,NaN,NaN,NaN,NaN,NaN,NaN,NaN,NaN,NaN,NaN,NaN,NaN,NaN,NaN,
106.162,0.01036,-0.02316,0.12946,-0.44792,0.04682,-0.35904,0.81748,NaN,NaN,NaN,NaN,NaN,NaN,NaN,NaN,NaN,NaN,NaN,NaN,NaN,NaN,NaN,NaN,NaN,NaN,NaN,NaN,NaN,
106.188,0.01043,-0.02303,0.12949,-0.44972,0.04832,-0.35802,0.81685,NaN,NaN,NaN,NaN,NaN,NaN,NaN,NaN,NaN,NaN,NaN,NaN,NaN,NaN,NaN,NaN,NaN,NaN,NaN,NaN,NaN,
106.212,0.01043,-0.02303,0.12949,-0.44972,0.04832,-0.35802,0.81685,NaN,NaN,NaN,NaN,NaN,NaN,NaN,NaN,NaN,NaN,NaN,NaN,NaN,NaN,NaN,NaN,NaN,NaN,NaN,NaN,NaN,
106.237,0.01042,-0.02300,0.12942,-0.44988,0.04815,-0.35772,0.81690,NaN,NaN,NaN,NaN,NaN,NaN,NaN,NaN,NaN,NaN,NaN,NaN,NaN,NaN,NaN,NaN,NaN,NaN,NaN,NaN,NaN,
106.263,0.01042,-0.02273,0.12941,-0.45302,0.04983,-0.35530,0.81612,NaN,NaN,NaN,NaN,NaN,NaN,NaN,NaN,NaN,NaN,NaN,NaN,NaN,NaN,NaN,NaN,NaN,NaN,NaN,NaN,NaN,
106.287,0.01042,-0.02273,0.12941,-0.45302,0.04983,-0.35530,0.81612,NaN,NaN,NaN,NaN,NaN,NaN,NaN,NaN,NaN,NaN,NaN,NaN,NaN,NaN,NaN,NaN,NaN,NaN,NaN,NaN,NaN,
106.313,0.01062,-0.02206,0.12946,-0.46230,0.05720,-0.34965,0.81287,NaN,NaN,NaN,NaN,NaN,NaN,NaN,NaN,NaN,NaN,NaN,NaN,NaN,NaN,NaN,NaN,NaN,NaN,NaN,NaN,NaN,
106.338,0.01058,-0.02189,0.12936,-0.46443,0.05854,-0.34809,0.81222,NaN,NaN,NaN,NaN,NaN,NaN,NaN,NaN,NaN,NaN,NaN,NaN,NaN,NaN,NaN,NaN,NaN,NaN,NaN,NaN,NaN,
106.362,0.01057,-0.02164,0.12931,-0.46743,0.06039,-0.34588,0.81131,NaN,NaN,NaN,NaN,NaN,NaN,NaN,NaN,NaN,NaN,NaN,NaN,NaN,NaN,NaN,NaN,NaN,NaN,NaN,NaN,NaN,
106.388,0.01079,-0.02147,0.12933,-0.46937,0.06212,-0.34478,0.81053,NaN,NaN,NaN,NaN,NaN,NaN,NaN,NaN,NaN,NaN,NaN,NaN,NaN,NaN,NaN,NaN,NaN,NaN,NaN,NaN,NaN,
106.412,0.01079,-0.02147,0.12933,-0.46937,0.06212,-0.34478,0.81053,NaN,NaN,NaN,NaN,NaN,NaN,NaN,NaN,NaN,NaN,NaN,NaN,NaN,NaN,NaN,NaN,NaN,NaN,NaN,NaN,NaN,
106.438,0.01070,-0.02121,0.12928,-0.47326,0.06448,-0.34185,0.80933,NaN,NaN,NaN,NaN,NaN,NaN,NaN,NaN,NaN,NaN,NaN,NaN,NaN,NaN,NaN,NaN,NaN,NaN,NaN,NaN,NaN,
106.462,0.01070,-0.02121,0.12928,-0.47326,0.06448,-0.34185,0.80933,NaN,NaN,NaN,NaN,NaN,NaN,NaN,NaN,NaN,NaN,NaN,NaN,NaN,NaN,NaN,NaN,NaN,NaN,NaN,NaN,NaN,
106.488,0.01075,-0.02088,0.12925,-0.47775,0.06751,-0.33861,0.80780,NaN,NaN,NaN,NaN,NaN,NaN,NaN,NaN,NaN,NaN,NaN,NaN,NaN,NaN,NaN,NaN,NaN,NaN,NaN,NaN,NaN,
106.512,0.01075,-0.02088,0.12925,-0.47775,0.06751,-0.33861,0.80780,NaN,NaN,NaN,NaN,NaN,NaN,NaN,NaN,NaN,NaN,NaN,NaN,NaN,NaN,NaN,NaN,NaN,NaN,NaN,NaN,NaN,
106.538,0.01083,-0.02054,0.12930,-0.48139,0.07024,-0.33615,0.80643,NaN,NaN,NaN,NaN,NaN,NaN,NaN,NaN,NaN,NaN,NaN,NaN,NaN,NaN,NaN,NaN,NaN,NaN,NaN,NaN,NaN,
106.562,0.01061,-0.02019,0.12910,-0.48526,0.07131,-0.33231,0.80561,NaN,NaN,NaN,NaN,NaN,NaN,NaN,NaN,NaN,NaN,NaN,NaN,NaN,NaN,NaN,NaN,NaN,NaN,NaN,NaN,NaN,
106.588,0.01080,-0.02007,0.12936,-0.48836,0.07507,-0.33110,0.80389,NaN,NaN,NaN,NaN,NaN,NaN,NaN,NaN,NaN,NaN,NaN,NaN,NaN,NaN,NaN,NaN,NaN,NaN,NaN,NaN,NaN,
106.612,0.01080,-0.02007,0.12936,-0.48836,0.07507,-0.33110,0.80389,NaN,NaN,NaN,NaN,NaN,NaN,NaN,NaN,NaN,NaN,NaN,NaN,NaN,NaN,NaN,NaN,NaN,NaN,NaN,NaN,NaN,
106.638,0.01096,-0.01986,0.12930,-0.48974,0.07605,-0.33010,0.80337,NaN,NaN,NaN,NaN,NaN,NaN,NaN,NaN,NaN,NaN,NaN,NaN,NaN,NaN,NaN,NaN,NaN,NaN,NaN,NaN,NaN,
106.662,0.01082,-0.01981,0.12928,-0.49081,0.07608,-0.32887,0.80322,NaN,NaN,NaN,NaN,NaN,NaN,NaN,NaN,NaN,NaN,NaN,NaN,NaN,NaN,NaN,NaN,NaN,NaN,NaN,NaN,NaN,
106.688,0.01084,-0.01977,0.12928,-0.49173,0.07669,-0.32817,0.80289,NaN,NaN,NaN,NaN,NaN,NaN,NaN,NaN,NaN,NaN,NaN,NaN,NaN,NaN,NaN,NaN,NaN,NaN,NaN,NaN,NaN,
106.712,0.01083,-0.01970,0.12926,-0.49267,0.07742,-0.32752,0.80250,NaN,NaN,NaN,NaN,NaN,NaN,NaN,NaN,NaN,NaN,NaN,NaN,NaN,NaN,NaN,NaN,NaN,NaN,NaN,NaN,NaN,
106.737,0.01083,-0.01970,0.12926,-0.49267,0.07742,-0.32752,0.80250,NaN,NaN,NaN,NaN,NaN,NaN,NaN,NaN,NaN,NaN,NaN,NaN,NaN,NaN,NaN,NaN,NaN,NaN,NaN,NaN,NaN,
106.763,0.01083,-0.01946,0.12916,-0.49503,0.07836,-0.32533,0.80185,NaN,NaN,NaN,NaN,NaN,NaN,NaN,NaN,NaN,NaN,NaN,NaN,NaN,NaN,NaN,NaN,NaN,NaN,NaN,NaN,NaN,
106.788,0.01087,-0.01937,0.12916,-0.49630,0.07929,-0.32441,0.80134,NaN,NaN,NaN,NaN,NaN,NaN,NaN,NaN,NaN,NaN,NaN,NaN,NaN,NaN,NaN,NaN,NaN,NaN,NaN,NaN,NaN,
106.812,0.01087,-0.01937,0.12916,-0.49630,0.07929,-0.32441,0.80134,NaN,NaN,NaN,NaN,NaN,NaN,NaN,NaN,NaN,NaN,NaN,NaN,NaN,NaN,NaN,NaN,NaN,NaN,NaN,NaN,NaN,
106.838,0.01089,-0.01920,0.12909,-0.49694,0.07939,-0.32371,0.80122,NaN,NaN,NaN,NaN,NaN,NaN,NaN,NaN,NaN,NaN,NaN,NaN,NaN,NaN,NaN,NaN,NaN,NaN,NaN,NaN,NaN,
106.862,0.01089,-0.01920,0.12909,-0.49694,0.07939,-0.32371,0.80122,NaN,NaN,NaN,NaN,NaN,NaN,NaN,NaN,NaN,NaN,NaN,NaN,NaN,NaN,NaN,NaN,NaN,NaN,NaN,NaN,NaN,
106.888,0.01087,-0.01903,0.12899,-0.49969,0.08105,-0.32150,0.80023,NaN,NaN,NaN,NaN,NaN,NaN,NaN,NaN,NaN,NaN,NaN,NaN,NaN,NaN,NaN,NaN,NaN,NaN,NaN,NaN,NaN,
106.912,0.01087,-0.01903,0.12899,-0.49969,0.08105,-0.32150,0.80023,NaN,NaN,NaN,NaN,NaN,NaN,NaN,NaN,NaN,NaN,NaN,NaN,NaN,NaN,NaN,NaN,NaN,NaN,NaN,NaN,NaN,
106.938,0.01100,-0.01882,0.12909,0.50242,-0.08379,0.31999,-0.79885,NaN,NaN,NaN,NaN,NaN,NaN,NaN,NaN,NaN,NaN,NaN,NaN,NaN,NaN,NaN,NaN,NaN,NaN,NaN,NaN,NaN,
106.963,0.01100,-0.01856,0.12918,0.50604,-0.08679,0.31755,-0.79721,NaN,NaN,NaN,NaN,NaN,NaN,NaN,NaN,NaN,NaN,NaN,NaN,NaN,NaN,NaN,NaN,NaN,NaN,NaN,NaN,NaN,
106.988,0.01115,-0.01822,0.12912,0.50924,-0.08880,0.31497,-0.79598,NaN,NaN,NaN,NaN,NaN,NaN,NaN,NaN,NaN,NaN,NaN,NaN,NaN,NaN,NaN,NaN,NaN,NaN,NaN,NaN,NaN,
107.013,0.01115,-0.01805,0.12915,0.51129,-0.09035,0.31347,-0.79508,NaN,NaN,NaN,NaN,NaN,NaN,NaN,NaN,NaN,NaN,NaN,NaN,NaN,NaN,NaN,NaN,NaN,NaN,NaN,NaN,NaN,
107.038,0.01114,-0.01804,0.12916,0.51203,-0.09069,0.31279,-0.79484,NaN,NaN,NaN,NaN,NaN,NaN,NaN,NaN,NaN,NaN,NaN,NaN,NaN,NaN,NaN,NaN,NaN,NaN,NaN,NaN,NaN,
107.063,0.01122,-0.01797,0.12917,0.51271,-0.09098,0.31214,-0.79462,NaN,NaN,NaN,NaN,NaN,NaN,NaN,NaN,NaN,NaN,NaN,NaN,NaN,NaN,NaN,NaN,NaN,NaN,NaN,NaN,NaN,
107.088,0.01125,-0.01788,0.12911,0.51349,-0.09121,0.31134,-0.79440,NaN,NaN,NaN,NaN,NaN,NaN,NaN,NaN,NaN,NaN,NaN,NaN,NaN,NaN,NaN,NaN,NaN,NaN,NaN,NaN,NaN,
107.112,0.01119,-0.01792,0.12919,0.51419,-0.09201,0.31099,-0.79399,NaN,NaN,NaN,NaN,NaN,NaN,NaN,NaN,NaN,NaN,NaN,NaN,NaN,NaN,NaN,NaN,NaN,NaN,NaN,NaN,NaN,
107.137,0.01119,-0.01792,0.12919,0.51419,-0.09201,0.31099,-0.79399,NaN,NaN,NaN,NaN,NaN,NaN,NaN,NaN,NaN,NaN,NaN,NaN,NaN,NaN,NaN,NaN,NaN,NaN,NaN,NaN,NaN,
107.162,0.01127,-0.01768,0.12925,0.51718,-0.09453,0.30894,-0.79256,NaN,NaN,NaN,NaN,NaN,NaN,NaN,NaN,NaN,NaN,NaN,NaN,NaN,NaN,NaN,NaN,NaN,NaN,NaN,NaN,NaN,
107.188,0.01127,-0.01759,0.12929,0.51803,-0.09515,0.30830,-0.79218,NaN,NaN,NaN,NaN,NaN,NaN,NaN,NaN,NaN,NaN,NaN,NaN,NaN,NaN,NaN,NaN,NaN,NaN,NaN,NaN,NaN,
107.213,0.01140,-0.01739,0.12928,0.51949,-0.09590,0.30697,-0.79165,NaN,NaN,NaN,NaN,NaN,NaN,NaN,NaN,NaN,NaN,NaN,NaN,NaN,NaN,NaN,NaN,NaN,NaN,NaN,NaN,NaN,
107.237,0.01140,-0.01739,0.12928,0.51949,-0.09590,0.30697,-0.79165,NaN,NaN,NaN,NaN,NaN,NaN,NaN,NaN,NaN,NaN,NaN,NaN,NaN,NaN,NaN,NaN,NaN,NaN,NaN,NaN,NaN,
107.262,0.01133,-0.01706,0.12930,0.52409,-0.09873,0.30309,-0.78976,NaN,NaN,NaN,NaN,NaN,NaN,NaN,NaN,NaN,NaN,NaN,NaN,NaN,NaN,NaN,NaN,NaN,NaN,NaN,NaN,NaN,
107.287,0.01141,-0.01692,0.12943,0.52650,-0.10094,0.30150,-0.78849,NaN,NaN,NaN,NaN,NaN,NaN,NaN,NaN,NaN,NaN,NaN,NaN,NaN,NaN,NaN,NaN,NaN,NaN,NaN,NaN,NaN,
107.312,0.01138,-0.01683,0.12940,0.52724,-0.10102,0.30062,-0.78832,NaN,NaN,NaN,NaN,NaN,NaN,NaN,NaN,NaN,NaN,NaN,NaN,NaN,NaN,NaN,NaN,NaN,NaN,NaN,NaN,NaN,
107.337,0.01129,-0.01677,0.12940,0.52758,-0.10092,0.30013,-0.78829,NaN,NaN,NaN,NaN,NaN,NaN,NaN,NaN,NaN,NaN,NaN,NaN,NaN,NaN,NaN,NaN,NaN,NaN,NaN,NaN,NaN,
107.362,0.01130,-0.01673,0.12940,0.52808,-0.10139,0.29981,-0.78802,NaN,NaN,NaN,NaN,NaN,NaN,NaN,NaN,NaN,NaN,NaN,NaN,NaN,NaN,NaN,NaN,NaN,NaN,NaN,NaN,NaN,
107.387,0.01130,-0.01673,0.12940,0.52808,-0.10139,0.29981,-0.78802,NaN,NaN,NaN,NaN,NaN,NaN,NaN,NaN,NaN,NaN,NaN,NaN,NaN,NaN,NaN,NaN,NaN,NaN,NaN,NaN,NaN,
107.412,0.01135,-0.01664,0.12929,0.52860,-0.10117,0.29902,-0.78799,NaN,NaN,NaN,NaN,NaN,NaN,NaN,NaN,NaN,NaN,NaN,NaN,NaN,NaN,NaN,NaN,NaN,NaN,NaN,NaN,NaN,
107.437,0.01134,-0.01658,0.12934,0.52953,-0.10200,0.29839,-0.78750,NaN,NaN,NaN,NaN,NaN,NaN,NaN,NaN,NaN,NaN,NaN,NaN,NaN,NaN,NaN,NaN,NaN,NaN,NaN,NaN,NaN,
107.462,0.01131,-0.01630,0.12934,0.53357,-0.10440,0.29484,-0.78580,NaN,NaN,NaN,NaN,NaN,NaN,NaN,NaN,NaN,NaN,NaN,NaN,NaN,NaN,NaN,NaN,NaN,NaN,NaN,NaN,NaN,
107.488,0.01144,-0.01596,0.12946,0.53708,-0.10730,0.29224,-0.78398,NaN,NaN,NaN,NaN,NaN,NaN,NaN,NaN,NaN,NaN,NaN,NaN,NaN,NaN,NaN,NaN,NaN,NaN,NaN,NaN,NaN,
107.512,0.01143,-0.01595,0.12943,0.53729,-0.10724,0.29194,-0.78396,NaN,NaN,NaN,NaN,NaN,NaN,NaN,NaN,NaN,NaN,NaN,NaN,NaN,NaN,NaN,NaN,NaN,NaN,NaN,NaN,NaN,
107.537,0.01143,-0.01595,0.12943,0.53729,-0.10724,0.29194,-0.78396,NaN,NaN,NaN,NaN,NaN,NaN,NaN,NaN,NaN,NaN,NaN,NaN,NaN,NaN,NaN,NaN,NaN,NaN,NaN,NaN,NaN,
107.562,0.01137,-0.01591,0.12941,0.53785,-0.10744,0.29136,-0.78376,NaN,NaN,NaN,NaN,NaN,NaN,NaN,NaN,NaN,NaN,NaN,NaN,NaN,NaN,NaN,NaN,NaN,NaN,NaN,NaN,NaN,
107.588,0.01130,-0.01586,0.12941,0.53861,-0.10792,0.29069,-0.78342,NaN,NaN,NaN,NaN,NaN,NaN,NaN,NaN,NaN,NaN,NaN,NaN,NaN,NaN,NaN,NaN,NaN,NaN,NaN,NaN,NaN,
107.613,0.01137,-0.01580,0.12943,0.53921,-0.10843,0.29026,-0.78310,NaN,NaN,NaN,NaN,NaN,NaN,NaN,NaN,NaN,NaN,NaN,NaN,NaN,NaN,NaN,NaN,NaN,NaN,NaN,NaN,NaN,
107.638,0.01135,-0.01576,0.12944,0.53969,-0.10873,0.28983,-0.78288,NaN,NaN,NaN,NaN,NaN,NaN,NaN,NaN,NaN,NaN,NaN,NaN,NaN,NaN,NaN,NaN,NaN,NaN,NaN,NaN,NaN,
107.662,0.01139,-0.01587,0.12946,0.53827,-0.10807,0.29122,-0.78344,NaN,NaN,NaN,NaN,NaN,NaN,NaN,NaN,NaN,NaN,NaN,NaN,NaN,NaN,NaN,NaN,NaN,NaN,NaN,NaN,NaN,
107.688,0.01137,-0.01584,0.12946,0.53862,-0.10820,0.29087,-0.78331,NaN,NaN,NaN,NaN,NaN,NaN,NaN,NaN,NaN,NaN,NaN,NaN,NaN,NaN,NaN,NaN,NaN,NaN,NaN,NaN,NaN,
107.712,0.01136,-0.01582,0.12946,0.53896,-0.10842,0.29057,-0.78316,NaN,NaN,NaN,NaN,NaN,NaN,NaN,NaN,NaN,NaN,NaN,NaN,NaN,NaN,NaN,NaN,NaN,NaN,NaN,NaN,NaN,
107.738,0.01135,-0.01579,0.12946,0.53931,-0.10865,0.29027,-0.78300,NaN,NaN,NaN,NaN,NaN,NaN,NaN,NaN,NaN,NaN,NaN,NaN,NaN,NaN,NaN,NaN,NaN,NaN,NaN,NaN,NaN,
107.762,0.01135,-0.01579,0.12946,0.53931,-0.10865,0.29027,-0.78300,NaN,NaN,NaN,NaN,NaN,NaN,NaN,NaN,NaN,NaN,NaN,NaN,NaN,NaN,NaN,NaN,NaN,NaN,NaN,NaN,NaN,
107.788,0.01135,-0.01573,0.12947,0.53995,-0.10909,0.28973,-0.78269,NaN,NaN,NaN,NaN,NaN,NaN,NaN,NaN,NaN,NaN,NaN,NaN,NaN,NaN,NaN,NaN,NaN,NaN,NaN,NaN,NaN,
107.812,0.01135,-0.01573,0.12947,0.53995,-0.10909,0.28973,-0.78269,NaN,NaN,NaN,NaN,NaN,NaN,NaN,NaN,NaN,NaN,NaN,NaN,NaN,NaN,NaN,NaN,NaN,NaN,NaN,NaN,NaN,
107.837,0.01136,-0.01570,0.12947,0.54030,-0.10933,0.28945,-0.78252,NaN,NaN,NaN,NaN,NaN,NaN,NaN,NaN,NaN,NaN,NaN,NaN,NaN,NaN,NaN,NaN,NaN,NaN,NaN,NaN,NaN,
107.862,0.01138,-0.01565,0.12950,0.54100,-0.10991,0.28892,-0.78216,NaN,NaN,NaN,NaN,NaN,NaN,NaN,NaN,NaN,NaN,NaN,NaN,NaN,NaN,NaN,NaN,NaN,NaN,NaN,NaN,NaN,
107.888,0.01138,-0.01562,0.12951,0.54138,-0.11020,0.28862,-0.78196,NaN,NaN,NaN,NaN,NaN,NaN,NaN,NaN,NaN,NaN,NaN,NaN,NaN,NaN,NaN,NaN,NaN,NaN,NaN,NaN,NaN,
107.912,0.01138,-0.01562,0.12951,0.54138,-0.11020,0.28862,-0.78196,NaN,NaN,NaN,NaN,NaN,NaN,NaN,NaN,NaN,NaN,NaN,NaN,NaN,NaN,NaN,NaN,NaN,NaN,NaN,NaN,NaN,
107.937,0.01139,-0.01559,0.12952,0.54184,-0.11055,0.28826,-0.78173,NaN,NaN,NaN,NaN,NaN,NaN,NaN,NaN,NaN,NaN,NaN,NaN,NaN,NaN,NaN,NaN,NaN,NaN,NaN,NaN,NaN,
107.962,0.01139,-0.01555,0.12954,0.54232,-0.11094,0.28788,-0.78147,NaN,NaN,NaN,NaN,NaN,NaN,NaN,NaN,NaN,NaN,NaN,NaN,NaN,NaN,NaN,NaN,NaN,NaN,NaN,NaN,NaN,
107.988,0.01137,-0.01527,0.12956,0.54527,-0.11265,0.28519,-0.78017,NaN,NaN,NaN,NaN,NaN,NaN,NaN,NaN,NaN,NaN,NaN,NaN,NaN,NaN,NaN,NaN,NaN,NaN,NaN,NaN,NaN,
108.013,0.01143,-0.01523,0.12958,0.54553,-0.11295,0.28505,-0.77999,NaN,NaN,NaN,NaN,NaN,NaN,NaN,NaN,NaN,NaN,NaN,NaN,NaN,NaN,NaN,NaN,NaN,NaN,NaN,NaN,NaN,
108.038,0.01142,-0.01537,0.12957,0.54429,-0.11230,0.28623,-0.78052,NaN,NaN,NaN,NaN,NaN,NaN,NaN,NaN,NaN,NaN,NaN,NaN,NaN,NaN,NaN,NaN,NaN,NaN,NaN,NaN,NaN,
108.063,0.01143,-0.01531,0.12957,0.54483,-0.11262,0.28573,-0.78028,NaN,NaN,NaN,NaN,NaN,NaN,NaN,NaN,NaN,NaN,NaN,NaN,NaN,NaN,NaN,NaN,NaN,NaN,NaN,NaN,NaN,
108.088,0.01145,-0.01503,0.12972,0.54877,-0.11473,0.28200,-0.77856,NaN,NaN,NaN,NaN,NaN,NaN,NaN,NaN,NaN,NaN,NaN,NaN,NaN,NaN,NaN,NaN,NaN,NaN,NaN,NaN,NaN,
108.113,0.01147,-0.01457,0.12995,0.55355,-0.11612,0.27669,-0.77688,NaN,NaN,NaN,NaN,NaN,NaN,NaN,NaN,NaN,NaN,NaN,NaN,NaN,NaN,NaN,NaN,NaN,NaN,NaN,NaN,NaN,
108.138,0.01067,-0.01366,0.13006,0.56403,-0.11862,0.26450,-0.77320,NaN,NaN,NaN,NaN,NaN,NaN,NaN,NaN,NaN,NaN,NaN,NaN,NaN,NaN,NaN,NaN,NaN,NaN,NaN,NaN,NaN,
108.162,0.01067,-0.01366,0.13006,0.56403,-0.11862,0.26450,-0.77320,NaN,NaN,NaN,NaN,NaN,NaN,NaN,NaN,NaN,NaN,NaN,NaN,NaN,NaN,NaN,NaN,NaN,NaN,NaN,NaN,NaN,
108.188,0.01025,-0.01221,0.13050,0.58011,-0.12575,0.24739,-0.76580,NaN,NaN,NaN,NaN,NaN,NaN,NaN,NaN,NaN,NaN,NaN,NaN,NaN,NaN,NaN,NaN,NaN,NaN,NaN,NaN,NaN,
108.212,0.01025,-0.01221,0.13050,0.58011,-0.12575,0.24739,-0.76580,NaN,NaN,NaN,NaN,NaN,NaN,NaN,NaN,NaN,NaN,NaN,NaN,NaN,NaN,NaN,NaN,NaN,NaN,NaN,NaN,NaN,
108.237,0.01005,-0.01192,0.13071,0.58290,-0.12713,0.24446,-0.76440,NaN,NaN,NaN,NaN,NaN,NaN,NaN,NaN,NaN,NaN,NaN,NaN,NaN,NaN,NaN,NaN,NaN,NaN,NaN,NaN,NaN,
108.262,0.01010,-0.01166,0.13062,0.58375,-0.12656,0.24292,-0.76434,NaN,NaN,NaN,NaN,NaN,NaN,NaN,NaN,NaN,NaN,NaN,NaN,NaN,NaN,NaN,NaN,NaN,NaN,NaN,NaN,NaN,
108.288,0.00967,-0.01187,0.13068,0.58499,-0.12504,0.24024,-0.76448,NaN,NaN,NaN,NaN,NaN,NaN,NaN,NaN,NaN,NaN,NaN,NaN,NaN,NaN,NaN,NaN,NaN,NaN,NaN,NaN,NaN,
108.312,0.00967,-0.01187,0.13068,0.58499,-0.12504,0.24024,-0.76448,NaN,NaN,NaN,NaN,NaN,NaN,NaN,NaN,NaN,NaN,NaN,NaN,NaN,NaN,NaN,NaN,NaN,NaN,NaN,NaN,NaN,
108.338,0.00940,-0.01154,0.13040,0.58534,-0.12121,0.23728,-0.76575,NaN,NaN,NaN,NaN,NaN,NaN,NaN,NaN,NaN,NaN,NaN,NaN,NaN,NaN,NaN,NaN,NaN,NaN,NaN,NaN,NaN,
108.362,0.00892,-0.01187,0.13058,0.58432,-0.11992,0.23786,-0.76656,NaN,NaN,NaN,NaN,NaN,NaN,NaN,NaN,NaN,NaN,NaN,NaN,NaN,NaN,NaN,NaN,NaN,NaN,NaN,NaN,NaN,
108.388,0.00912,-0.01162,0.13042,0.58325,-0.11783,0.23797,-0.76766,NaN,NaN,NaN,NaN,NaN,NaN,NaN,NaN,NaN,NaN,NaN,NaN,NaN,NaN,NaN,NaN,NaN,NaN,NaN,NaN,NaN,
108.412,0.00912,-0.01162,0.13042,0.58325,-0.11783,0.23797,-0.76766,NaN,NaN,NaN,NaN,NaN,NaN,NaN,NaN,NaN,NaN,NaN,NaN,NaN,NaN,NaN,NaN,NaN,NaN,NaN,NaN,NaN,
108.437,0.00874,-0.01181,0.13040,0.58285,-0.11641,0.23760,-0.76829,NaN,NaN,NaN,NaN,NaN,NaN,NaN,NaN,NaN,NaN,NaN,NaN,NaN,NaN,NaN,NaN,NaN,NaN,NaN,NaN,NaN,
108.462,0.00874,-0.01195,0.13037,0.58215,-0.11521,0.23778,-0.76895,NaN,NaN,NaN,NaN,NaN,NaN,NaN,NaN,NaN,NaN,NaN,NaN,NaN,NaN,NaN,NaN,NaN,NaN,NaN,NaN,NaN,
108.488,0.00856,-0.01198,0.13020,0.57972,-0.11147,0.23867,-0.77106,NaN,NaN,NaN,NaN,NaN,NaN,NaN,NaN,NaN,NaN,NaN,NaN,NaN,NaN,NaN,NaN,NaN,NaN,NaN,NaN,NaN,
108.512,0.00856,-0.01198,0.13020,0.57972,-0.11147,0.23867,-0.77106,NaN,NaN,NaN,NaN,NaN,NaN,NaN,NaN,NaN,NaN,NaN,NaN,NaN,NaN,NaN,NaN,NaN,NaN,NaN,NaN,NaN,
108.537,0.00847,-0.01195,0.13011,0.57903,-0.11004,0.23868,-0.77178,NaN,NaN,NaN,NaN,NaN,NaN,NaN,NaN,NaN,NaN,NaN,NaN,NaN,NaN,NaN,NaN,NaN,NaN,NaN,NaN,NaN,
108.562,0.00823,-0.01221,0.13016,0.57808,-0.10864,0.23906,-0.77257,NaN,NaN,NaN,NaN,NaN,NaN,NaN,NaN,NaN,NaN,NaN,NaN,NaN,NaN,NaN,NaN,NaN,NaN,NaN,NaN,NaN,
108.588,0.00804,-0.01250,0.13008,0.57531,-0.10502,0.24046,-0.77471,NaN,NaN,NaN,NaN,NaN,NaN,NaN,NaN,NaN,NaN,NaN,NaN,NaN,NaN,NaN,NaN,NaN,NaN,NaN,NaN,NaN,
108.612,0.00804,-0.01250,0.13008,0.57531,-0.10502,0.24046,-0.77471,NaN,NaN,NaN,NaN,NaN,NaN,NaN,NaN,NaN,NaN,NaN,NaN,NaN,NaN,NaN,NaN,NaN,NaN,NaN,NaN,NaN,
108.637,0.00798,-0.01262,0.13013,0.57358,-0.10348,0.24179,-0.77578,NaN,NaN,NaN,NaN,NaN,NaN,NaN,NaN,NaN,NaN,NaN,NaN,NaN,NaN,NaN,NaN,NaN,NaN,NaN,NaN,NaN,
108.662,0.00782,-0.01269,0.12995,0.57222,-0.10123,0.24214,-0.77697,NaN,NaN,NaN,NaN,NaN,NaN,NaN,NaN,NaN,NaN,NaN,NaN,NaN,NaN,NaN,NaN,NaN,NaN,NaN,NaN,NaN,
108.688,0.00775,-0.01280,0.12981,0.56824,-0.09690,0.24466,-0.77965,NaN,NaN,NaN,NaN,NaN,NaN,NaN,NaN,NaN,NaN,NaN,NaN,NaN,NaN,NaN,NaN,NaN,NaN,NaN,NaN,NaN,
108.713,0.00754,-0.01314,0.12990,0.56615,-0.09511,0.24628,-0.78088,NaN,NaN,NaN,NaN,NaN,NaN,NaN,NaN,NaN,NaN,NaN,NaN,NaN,NaN,NaN,NaN,NaN,NaN,NaN,NaN,NaN,
108.737,0.00754,-0.01314,0.12990,0.56615,-0.09511,0.24628,-0.78088,NaN,NaN,NaN,NaN,NaN,NaN,NaN,NaN,NaN,NaN,NaN,NaN,NaN,NaN,NaN,NaN,NaN,NaN,NaN,NaN,NaN,
108.762,0.00735,-0.01336,0.12986,0.56432,-0.09221,0.24680,-0.78239,NaN,NaN,NaN,NaN,NaN,NaN,NaN,NaN,NaN,NaN,NaN,NaN,NaN,NaN,NaN,NaN,NaN,NaN,NaN,NaN,NaN,
108.787,0.00735,-0.01336,0.12986,0.56432,-0.09221,0.24680,-0.78239,NaN,NaN,NaN,NaN,NaN,NaN,NaN,NaN,NaN,NaN,NaN,NaN,NaN,NaN,NaN,NaN,NaN,NaN,NaN,NaN,NaN,
108.812,0.00726,-0.01328,0.12973,0.56350,-0.09001,0.24640,-0.78336,NaN,NaN,NaN,NaN,NaN,NaN,NaN,NaN,NaN,NaN,NaN,NaN,NaN,NaN,NaN,NaN,NaN,NaN,NaN,NaN,NaN,
108.838,0.00709,-0.01338,0.12968,0.56217,-0.08758,0.24654,-0.78454,NaN,NaN,NaN,NaN,NaN,NaN,NaN,NaN,NaN,NaN,NaN,NaN,NaN,NaN,NaN,NaN,NaN,NaN,NaN,NaN,NaN,
108.862,0.00709,-0.01338,0.12968,0.56217,-0.08758,0.24654,-0.78454,NaN,NaN,NaN,NaN,NaN,NaN,NaN,NaN,NaN,NaN,NaN,NaN,NaN,NaN,NaN,NaN,NaN,NaN,NaN,NaN,NaN,
108.887,0.00694,-0.01352,0.12976,0.56157,-0.08696,0.24694,-0.78492,NaN,NaN,NaN,NaN,NaN,NaN,NaN,NaN,NaN,NaN,NaN,NaN,NaN,NaN,NaN,NaN,NaN,NaN,NaN,NaN,NaN,
108.912,0.00681,-0.01348,0.12968,0.55995,-0.08414,0.24719,-0.78631,NaN,NaN,NaN,NaN,NaN,NaN,NaN,NaN,NaN,NaN,NaN,NaN,NaN,NaN,NaN,NaN,NaN,NaN,NaN,NaN,NaN,
108.938,0.00677,-0.01357,0.12974,0.55921,-0.08337,0.24765,-0.78677,NaN,NaN,NaN,NaN,NaN,NaN,NaN,NaN,NaN,NaN,NaN,NaN,NaN,NaN,NaN,NaN,NaN,NaN,NaN,NaN,NaN,
108.963,0.00667,-0.01368,0.12975,0.55820,-0.08221,0.24820,-0.78743,NaN,NaN,NaN,NaN,NaN,NaN,NaN,NaN,NaN,NaN,NaN,NaN,NaN,NaN,NaN,NaN,NaN,NaN,NaN,NaN,NaN,
108.988,0.00657,-0.01382,0.12967,0.55637,-0.08012,0.24922,-0.78862,NaN,NaN,NaN,NaN,NaN,NaN,NaN,NaN,NaN,NaN,NaN,NaN,NaN,NaN,NaN,NaN,NaN,NaN,NaN,NaN,NaN,
109.012,0.00653,-0.01385,0.12959,0.55528,-0.07855,0.24959,-0.78943,NaN,NaN,NaN,NaN,NaN,NaN,NaN,NaN,NaN,NaN,NaN,NaN,NaN,NaN,NaN,NaN,NaN,NaN,NaN,NaN,NaN,
109.037,0.00653,-0.01385,0.12959,0.55528,-0.07855,0.24959,-0.78943,NaN,NaN,NaN,NaN,NaN,NaN,NaN,NaN,NaN,NaN,NaN,NaN,NaN,NaN,NaN,NaN,NaN,NaN,NaN,NaN,NaN,
109.062,0.00631,-0.01407,0.12955,0.55235,-0.07516,0.25116,-0.79132,NaN,NaN,NaN,NaN,NaN,NaN,NaN,NaN,NaN,NaN,NaN,NaN,NaN,NaN,NaN,NaN,NaN,NaN,NaN,NaN,NaN,
109.087,0.00631,-0.01407,0.12955,0.55235,-0.07516,0.25116,-0.79132,NaN,NaN,NaN,NaN,NaN,NaN,NaN,NaN,NaN,NaN,NaN,NaN,NaN,NaN,NaN,NaN,NaN,NaN,NaN,NaN,NaN,
109.112,0.00636,-0.01400,0.12953,0.55149,-0.07396,0.25147,-0.79193,NaN,NaN,NaN,NaN,NaN,NaN,NaN,NaN,NaN,NaN,NaN,NaN,NaN,NaN,NaN,NaN,NaN,NaN,NaN,NaN,NaN,
109.138,0.00622,-0.01403,0.12949,0.55047,-0.07184,0.25135,-0.79287,NaN,NaN,NaN,NaN,NaN,NaN,NaN,NaN,NaN,NaN,NaN,NaN,NaN,NaN,NaN,NaN,NaN,NaN,NaN,NaN,NaN,
109.162,0.00599,-0.01421,0.12955,0.55018,-0.07138,0.25140,-0.79310,NaN,NaN,NaN,NaN,NaN,NaN,NaN,NaN,NaN,NaN,NaN,NaN,NaN,NaN,NaN,NaN,NaN,NaN,NaN,NaN,NaN,
109.188,0.00616,-0.01406,0.12951,0.54952,-0.07051,0.25168,-0.79355,NaN,NaN,NaN,NaN,NaN,NaN,NaN,NaN,NaN,NaN,NaN,NaN,NaN,NaN,NaN,NaN,NaN,NaN,NaN,NaN,NaN,
109.212,0.00616,-0.01406,0.12951,0.54952,-0.07051,0.25168,-0.79355,NaN,NaN,NaN,NaN,NaN,NaN,NaN,NaN,NaN,NaN,NaN,NaN,NaN,NaN,NaN,NaN,NaN,NaN,NaN,NaN,NaN,
109.238,0.00596,-0.01420,0.12953,0.54820,-0.06875,0.25219,-0.79445,NaN,NaN,NaN,NaN,NaN,NaN,NaN,NaN,NaN,NaN,NaN,NaN,NaN,NaN,NaN,NaN,NaN,NaN,NaN,NaN,NaN,
109.262,0.00596,-0.01420,0.12953,0.54820,-0.06875,0.25219,-0.79445,NaN,NaN,NaN,NaN,NaN,NaN,NaN,NaN,NaN,NaN,NaN,NaN,NaN,NaN,NaN,NaN,NaN,NaN,NaN,NaN,NaN,
109.287,0.00584,-0.01415,0.12947,0.54830,-0.06800,0.25155,-0.79465,NaN,NaN,NaN,NaN,NaN,NaN,NaN,NaN,NaN,NaN,NaN,NaN,NaN,NaN,NaN,NaN,NaN,NaN,NaN,NaN,NaN,
109.312,0.00573,-0.01415,0.12950,0.54836,-0.06683,0.25065,-0.79499,NaN,NaN,NaN,NaN,NaN,NaN,NaN,NaN,NaN,NaN,NaN,NaN,NaN,NaN,NaN,NaN,NaN,NaN,NaN,NaN,NaN,
109.337,0.00573,-0.01415,0.12950,0.54836,-0.06683,0.25065,-0.79499,NaN,NaN,NaN,NaN,NaN,NaN,NaN,NaN,NaN,NaN,NaN,NaN,NaN,NaN,NaN,NaN,NaN,NaN,NaN,NaN,NaN,
109.362,0.00560,-0.01425,0.12959,0.54784,-0.06629,0.25095,-0.79530,NaN,NaN,NaN,NaN,NaN,NaN,NaN,NaN,NaN,NaN,NaN,NaN,NaN,NaN,NaN,NaN,NaN,NaN,NaN,NaN,NaN,
109.387,0.00561,-0.01418,0.12955,0.54703,-0.06495,0.25109,-0.79592,NaN,NaN,NaN,NaN,NaN,NaN,NaN,NaN,NaN,NaN,NaN,NaN,NaN,NaN,NaN,NaN,NaN,NaN,NaN,NaN,NaN,
109.412,0.00535,-0.01427,0.12954,0.54531,-0.06230,0.25149,-0.79719,NaN,NaN,NaN,NaN,NaN,NaN,NaN,NaN,NaN,NaN,NaN,NaN,NaN,NaN,NaN,NaN,NaN,NaN,NaN,NaN,NaN,
109.438,0.00535,-0.01426,0.12947,0.54545,-0.06178,0.25094,-0.79731,NaN,NaN,NaN,NaN,NaN,NaN,NaN,NaN,NaN,NaN,NaN,NaN,NaN,NaN,NaN,NaN,NaN,NaN,NaN,NaN,NaN,
109.462,0.00535,-0.01426,0.12947,0.54545,-0.06178,0.25094,-0.79731,NaN,NaN,NaN,NaN,NaN,NaN,NaN,NaN,NaN,NaN,NaN,NaN,NaN,NaN,NaN,NaN,NaN,NaN,NaN,NaN,NaN,
109.488,0.00512,-0.01430,0.12954,0.54426,-0.05980,0.25112,-0.79821,NaN,NaN,NaN,NaN,NaN,NaN,NaN,NaN,NaN,NaN,NaN,NaN,NaN,NaN,NaN,NaN,NaN,NaN,NaN,NaN,NaN,
109.513,0.00509,-0.01424,0.12949,0.54367,-0.05857,0.25101,-0.79874,NaN,NaN,NaN,NaN,NaN,NaN,NaN,NaN,NaN,NaN,NaN,NaN,NaN,NaN,NaN,NaN,NaN,NaN,NaN,NaN,NaN,
109.537,0.00509,-0.01424,0.12949,0.54367,-0.05857,0.25101,-0.79874,NaN,NaN,NaN,NaN,NaN,NaN,NaN,NaN,NaN,NaN,NaN,NaN,NaN,NaN,NaN,NaN,NaN,NaN,NaN,NaN,NaN,
109.562,0.00508,-0.01422,0.12945,0.54357,-0.05774,0.25057,-0.79901,NaN,NaN,NaN,NaN,NaN,NaN,NaN,NaN,NaN,NaN,NaN,NaN,NaN,NaN,NaN,NaN,NaN,NaN,NaN,NaN,NaN,
109.587,0.00497,-0.01428,0.12954,0.54344,-0.05724,0.25039,-0.79919,NaN,NaN,NaN,NaN,NaN,NaN,NaN,NaN,NaN,NaN,NaN,NaN,NaN,NaN,NaN,NaN,NaN,NaN,NaN,NaN,NaN,
109.612,0.00491,-0.01431,0.12966,0.54296,-0.05683,0.25071,-0.79944,NaN,NaN,NaN,NaN,NaN,NaN,NaN,NaN,NaN,NaN,NaN,NaN,NaN,NaN,NaN,NaN,NaN,NaN,NaN,NaN,NaN,
109.637,0.00484,-0.01424,0.12951,0.54281,-0.05549,0.24997,-0.79987,NaN,NaN,NaN,NaN,NaN,NaN,NaN,NaN,NaN,NaN,NaN,NaN,NaN,NaN,NaN,NaN,NaN,NaN,NaN,NaN,NaN,
109.663,0.00471,-0.01419,0.12956,0.54233,-0.05408,0.24959,-0.80041,NaN,NaN,NaN,NaN,NaN,NaN,NaN,NaN,NaN,NaN,NaN,NaN,NaN,NaN,NaN,NaN,NaN,NaN,NaN,NaN,NaN,
109.688,0.00447,-0.01427,0.12955,0.54243,-0.05353,0.24906,-0.80054,NaN,NaN,NaN,NaN,NaN,NaN,NaN,NaN,NaN,NaN,NaN,NaN,NaN,NaN,NaN,NaN,NaN,NaN,NaN,NaN,NaN,
109.713,0.00459,-0.01418,0.12952,0.54289,-0.05353,0.24846,-0.80042,NaN,NaN,NaN,NaN,NaN,NaN,NaN,NaN,NaN,NaN,NaN,NaN,NaN,NaN,NaN,NaN,NaN,NaN,NaN,NaN,NaN,
109.738,0.00449,-0.01424,0.12951,0.54276,-0.05299,0.24825,-0.80061,NaN,NaN,NaN,NaN,NaN,NaN,NaN,NaN,NaN,NaN,NaN,NaN,NaN,NaN,NaN,NaN,NaN,NaN,NaN,NaN,NaN,
109.763,0.00440,-0.01421,0.12960,0.54233,-0.05232,0.24833,-0.80092,NaN,NaN,NaN,NaN,NaN,NaN,NaN,NaN,NaN,NaN,NaN,NaN,NaN,NaN,NaN,NaN,NaN,NaN,NaN,NaN,NaN,
109.788,0.00443,-0.01412,0.12952,0.54251,-0.05178,0.24771,-0.80103,NaN,NaN,NaN,NaN,NaN,NaN,NaN,NaN,NaN,NaN,NaN,NaN,NaN,NaN,NaN,NaN,NaN,NaN,NaN,NaN,NaN,
109.812,0.00443,-0.01412,0.12952,0.54251,-0.05178,0.24771,-0.80103,NaN,NaN,NaN,NaN,NaN,NaN,NaN,NaN,NaN,NaN,NaN,NaN,NaN,NaN,NaN,NaN,NaN,NaN,NaN,NaN,NaN,
109.838,0.00432,-0.01420,0.12960,0.54203,-0.05051,0.24743,-0.80152,NaN,NaN,NaN,NaN,NaN,NaN,NaN,NaN,NaN,NaN,NaN,NaN,NaN,NaN,NaN,NaN,NaN,NaN,NaN,NaN,NaN,
109.862,0.00432,-0.01420,0.12960,0.54203,-0.05051,0.24743,-0.80152,NaN,NaN,NaN,NaN,NaN,NaN,NaN,NaN,NaN,NaN,NaN,NaN,NaN,NaN,NaN,NaN,NaN,NaN,NaN,NaN,NaN,
109.888,0.00427,-0.01409,0.12949,0.54236,-0.04955,0.24630,-0.80170,NaN,NaN,NaN,NaN,NaN,NaN,NaN,NaN,NaN,NaN,NaN,NaN,NaN,NaN,NaN,NaN,NaN,NaN,NaN,NaN,NaN,
109.913,0.00413,-0.01416,0.12955,0.54253,-0.04943,0.24599,-0.80169,NaN,NaN,NaN,NaN,NaN,NaN,NaN,NaN,NaN,NaN,NaN,NaN,NaN,NaN,NaN,NaN,NaN,NaN,NaN,NaN,NaN,
109.937,0.00413,-0.01416,0.12955,0.54253,-0.04943,0.24599,-0.80169,NaN,NaN,NaN,NaN,NaN,NaN,NaN,NaN,NaN,NaN,NaN,NaN,NaN,NaN,NaN,NaN,NaN,NaN,NaN,NaN,NaN,
109.962,0.00409,-0.01417,0.12955,0.54182,-0.04819,0.24603,-0.80223,NaN,NaN,NaN,NaN,NaN,NaN,NaN,NaN,NaN,NaN,NaN,NaN,NaN,NaN,NaN,NaN,NaN,NaN,NaN,NaN,NaN,
109.988,0.00397,-0.01415,0.12940,0.54050,-0.04577,0.24603,-0.80327,NaN,NaN,NaN,NaN,NaN,NaN,NaN,NaN,NaN,NaN,NaN,NaN,NaN,NaN,NaN,NaN,NaN,NaN,NaN,NaN,NaN,
110.012,0.00397,-0.01415,0.12940,0.54050,-0.04577,0.24603,-0.80327,NaN,NaN,NaN,NaN,NaN,NaN,NaN,NaN,NaN,NaN,NaN,NaN,NaN,NaN,NaN,NaN,NaN,NaN,NaN,NaN,NaN,
110.038,0.00401,-0.01413,0.12943,0.54046,-0.04501,0.24553,-0.80349,NaN,NaN,NaN,NaN,NaN,NaN,NaN,NaN,NaN,NaN,NaN,NaN,NaN,NaN,NaN,NaN,NaN,NaN,NaN,NaN,NaN,
110.063,0.00379,-0.01418,0.12942,0.53999,-0.04378,0.24525,-0.80395,NaN,NaN,NaN,NaN,NaN,NaN,NaN,NaN,NaN,NaN,NaN,NaN,NaN,NaN,NaN,NaN,NaN,NaN,NaN,NaN,NaN,
110.087,0.00379,-0.01418,0.12942,0.53999,-0.04378,0.24525,-0.80395,NaN,NaN,NaN,NaN,NaN,NaN,NaN,NaN,NaN,NaN,NaN,NaN,NaN,NaN,NaN,NaN,NaN,NaN,NaN,NaN,NaN,
110.112,0.00380,-0.01411,0.12935,0.53977,-0.04287,0.24487,-0.80427,NaN,NaN,NaN,NaN,NaN,NaN,NaN,NaN,NaN,NaN,NaN,NaN,NaN,NaN,NaN,NaN,NaN,NaN,NaN,NaN,NaN,
110.138,0.00363,-0.01432,0.12943,0.53856,-0.04101,0.24512,-0.80510,NaN,NaN,NaN,NaN,NaN,NaN,NaN,NaN,NaN,NaN,NaN,NaN,NaN,NaN,NaN,NaN,NaN,NaN,NaN,NaN,NaN,
110.162,0.00363,-0.01432,0.12943,0.53856,-0.04101,0.24512,-0.80510,NaN,NaN,NaN,NaN,NaN,NaN,NaN,NaN,NaN,NaN,NaN,NaN,NaN,NaN,NaN,NaN,NaN,NaN,NaN,NaN,NaN,
110.188,0.00356,-0.01427,0.12935,0.53769,-0.03942,0.24510,-0.80577,NaN,NaN,NaN,NaN,NaN,NaN,NaN,NaN,NaN,NaN,NaN,NaN,NaN,NaN,NaN,NaN,NaN,NaN,NaN,NaN,NaN,
110.212,0.00361,-0.01426,0.12935,0.53711,-0.03846,0.24517,-0.80618,NaN,NaN,NaN,NaN,NaN,NaN,NaN,NaN,NaN,NaN,NaN,NaN,NaN,NaN,NaN,NaN,NaN,NaN,NaN,NaN,NaN,
110.238,0.00358,-0.01421,0.12933,0.53683,-0.03743,0.24478,-0.80654,NaN,NaN,NaN,NaN,NaN,NaN,NaN,NaN,NaN,NaN,NaN,NaN,NaN,NaN,NaN,NaN,NaN,NaN,NaN,NaN,NaN,
110.262,0.00358,-0.01421,0.12933,0.53683,-0.03743,0.24478,-0.80654,NaN,NaN,NaN,NaN,NaN,NaN,NaN,NaN,NaN,NaN,NaN,NaN,NaN,NaN,NaN,NaN,NaN,NaN,NaN,NaN,NaN,
110.287,0.00336,-0.01420,0.12927,0.53552,-0.03442,0.24428,-0.80769,NaN,NaN,NaN,NaN,NaN,NaN,NaN,NaN,NaN,NaN,NaN,NaN,NaN,NaN,NaN,NaN,NaN,NaN,NaN,NaN,NaN,
110.312,0.00322,-0.01441,0.12935,0.53460,-0.03360,0.24489,-0.80815,NaN,NaN,NaN,NaN,NaN,NaN,NaN,NaN,NaN,NaN,NaN,NaN,NaN,NaN,NaN,NaN,NaN,NaN,NaN,NaN,NaN,
110.337,0.00322,-0.01441,0.12935,0.53460,-0.03360,0.24489,-0.80815,NaN,NaN,NaN,NaN,NaN,NaN,NaN,NaN,NaN,NaN,NaN,NaN,NaN,NaN,NaN,NaN,NaN,NaN,NaN,NaN,NaN,
110.363,0.00321,-0.01431,0.12929,0.53439,-0.03258,0.24441,-0.80847,NaN,NaN,NaN,NaN,NaN,NaN,NaN,NaN,NaN,NaN,NaN,NaN,NaN,NaN,NaN,NaN,NaN,NaN,NaN,NaN,NaN,
110.387,0.00321,-0.01431,0.12929,0.53439,-0.03258,0.24441,-0.80847,NaN,NaN,NaN,NaN,NaN,NaN,NaN,NaN,NaN,NaN,NaN,NaN,NaN,NaN,NaN,NaN,NaN,NaN,NaN,NaN,NaN,
110.412,0.00318,-0.01432,0.12931,0.53390,-0.03160,0.24434,-0.80886,NaN,NaN,NaN,NaN,NaN,NaN,NaN,NaN,NaN,NaN,NaN,NaN,NaN,NaN,NaN,NaN,NaN,NaN,NaN,NaN,NaN,
110.438,0.00290,-0.01442,0.12933,0.53357,-0.02975,0.24338,-0.80943,NaN,NaN,NaN,NaN,NaN,NaN,NaN,NaN,NaN,NaN,NaN,NaN,NaN,NaN,NaN,NaN,NaN,NaN,NaN,NaN,NaN,
110.462,0.00290,-0.01442,0.12933,0.53357,-0.02975,0.24338,-0.80943,NaN,NaN,NaN,NaN,NaN,NaN,NaN,NaN,NaN,NaN,NaN,NaN,NaN,NaN,NaN,NaN,NaN,NaN,NaN,NaN,NaN,
110.487,0.00286,-0.01427,0.12930,0.53275,-0.02817,0.24330,-0.81006,NaN,NaN,NaN,NaN,NaN,NaN,NaN,NaN,NaN,NaN,NaN,NaN,NaN,NaN,NaN,NaN,NaN,NaN,NaN,NaN,NaN,
110.512,0.00268,-0.01433,0.12923,0.53123,-0.02536,0.24320,-0.81118,NaN,NaN,NaN,NaN,NaN,NaN,NaN,NaN,NaN,NaN,NaN,NaN,NaN,NaN,NaN,NaN,NaN,NaN,NaN,NaN,NaN,
110.538,0.00243,-0.01444,0.12921,0.53058,-0.02381,0.24289,-0.81174,NaN,NaN,NaN,NaN,NaN,NaN,NaN,NaN,NaN,NaN,NaN,NaN,NaN,NaN,NaN,NaN,NaN,NaN,NaN,NaN,NaN,
110.562,0.00243,-0.01444,0.12921,0.53058,-0.02381,0.24289,-0.81174,NaN,NaN,NaN,NaN,NaN,NaN,NaN,NaN,NaN,NaN,NaN,NaN,NaN,NaN,NaN,NaN,NaN,NaN,NaN,NaN,NaN,
110.588,0.00241,-0.01423,0.12918,0.53014,-0.02118,0.24149,-0.81252,NaN,NaN,NaN,NaN,NaN,NaN,NaN,NaN,NaN,NaN,NaN,NaN,NaN,NaN,NaN,NaN,NaN,NaN,NaN,NaN,NaN,
110.612,0.00241,-0.01423,0.12918,0.53014,-0.02118,0.24149,-0.81252,NaN,NaN,NaN,NaN,NaN,NaN,NaN,NaN,NaN,NaN,NaN,NaN,NaN,NaN,NaN,NaN,NaN,NaN,NaN,NaN,NaN,
110.637,0.00204,-0.01435,0.12926,0.52937,-0.01978,0.24144,-0.81307,NaN,NaN,NaN,NaN,NaN,NaN,NaN,NaN,NaN,NaN,NaN,NaN,NaN,NaN,NaN,NaN,NaN,NaN,NaN,NaN,NaN,
110.662,0.00204,-0.01425,0.12928,0.52861,-0.01747,0.24070,-0.81384,NaN,NaN,NaN,NaN,NaN,NaN,NaN,NaN,NaN,NaN,NaN,NaN,NaN,NaN,NaN,NaN,NaN,NaN,NaN,NaN,NaN,
110.688,0.00184,-0.01429,0.12927,0.52763,-0.01556,0.24053,-0.81456,NaN,NaN,NaN,NaN,NaN,NaN,NaN,NaN,NaN,NaN,NaN,NaN,NaN,NaN,NaN,NaN,NaN,NaN,NaN,NaN,NaN,
110.712,0.00184,-0.01429,0.12927,0.52763,-0.01556,0.24053,-0.81456,NaN,NaN,NaN,NaN,NaN,NaN,NaN,NaN,NaN,NaN,NaN,NaN,NaN,NaN,NaN,NaN,NaN,NaN,NaN,NaN,NaN,
110.738,0.00162,-0.01435,0.12929,0.52603,-0.01259,0.24036,-0.81569,NaN,NaN,NaN,NaN,NaN,NaN,NaN,NaN,NaN,NaN,NaN,NaN,NaN,NaN,NaN,NaN,NaN,NaN,NaN,NaN,NaN,
110.762,0.00163,-0.01424,0.12933,0.52587,-0.01153,0.23977,-0.81599,NaN,NaN,NaN,NaN,NaN,NaN,NaN,NaN,NaN,NaN,NaN,NaN,NaN,NaN,NaN,NaN,NaN,NaN,NaN,NaN,NaN,
110.787,0.00163,-0.01424,0.12933,0.52587,-0.01153,0.23977,-0.81599,NaN,NaN,NaN,NaN,NaN,NaN,NaN,NaN,NaN,NaN,NaN,NaN,NaN,NaN,NaN,NaN,NaN,NaN,NaN,NaN,NaN,
110.812,0.00140,-0.01422,0.12939,0.52468,-0.00853,0.23903,-0.81701,NaN,NaN,NaN,NaN,NaN,NaN,NaN,NaN,NaN,NaN,NaN,NaN,NaN,NaN,NaN,NaN,NaN,NaN,NaN,NaN,NaN,
110.838,0.00116,-0.01417,0.12937,0.52392,-0.00619,0.23822,-0.81775,NaN,NaN,NaN,NaN,NaN,NaN,NaN,NaN,NaN,NaN,NaN,NaN,NaN,NaN,NaN,NaN,NaN,NaN,NaN,NaN,NaN,
110.862,0.00101,-0.01416,0.12942,0.52420,-0.00517,0.23707,-0.81791,NaN,NaN,NaN,NaN,NaN,NaN,NaN,NaN,NaN,NaN,NaN,NaN,NaN,NaN,NaN,NaN,NaN,NaN,NaN,NaN,NaN,
110.887,0.00101,-0.01416,0.12942,0.52420,-0.00517,0.23707,-0.81791,NaN,NaN,NaN,NaN,NaN,NaN,NaN,NaN,NaN,NaN,NaN,NaN,NaN,NaN,NaN,NaN,NaN,NaN,NaN,NaN,NaN,
110.912,0.00090,-0.01407,0.12946,0.52427,-0.00439,0.23637,-0.81807,NaN,NaN,NaN,NaN,NaN,NaN,NaN,NaN,NaN,NaN,NaN,NaN,NaN,NaN,NaN,NaN,NaN,NaN,NaN,NaN,NaN,
110.938,0.00059,-0.01404,0.12940,0.52304,-0.00141,0.23569,-0.81907,NaN,NaN,NaN,NaN,NaN,NaN,NaN,NaN,NaN,NaN,NaN,NaN,NaN,NaN,NaN,NaN,NaN,NaN,NaN,NaN,NaN,
110.963,0.00047,-0.01412,0.12947,0.52274,-0.00058,0.23543,-0.81934,NaN,NaN,NaN,NaN,NaN,NaN,NaN,NaN,NaN,NaN,NaN,NaN,NaN,NaN,NaN,NaN,NaN,NaN,NaN,NaN,NaN,
110.987,0.00047,-0.01412,0.12947,0.52274,-0.00058,0.23543,-0.81934,NaN,NaN,NaN,NaN,NaN,NaN,NaN,NaN,NaN,NaN,NaN,NaN,NaN,NaN,NaN,NaN,NaN,NaN,NaN,NaN,NaN,
111.012,0.00056,-0.01387,0.12935,0.52347,0.00017,0.23390,-0.81931,NaN,NaN,NaN,NaN,NaN,NaN,NaN,NaN,NaN,NaN,NaN,NaN,NaN,NaN,NaN,NaN,NaN,NaN,NaN,NaN,NaN,
111.038,0.00044,-0.01391,0.12939,0.52246,0.00184,0.23391,-0.81995,NaN,NaN,NaN,NaN,NaN,NaN,NaN,NaN,NaN,NaN,NaN,NaN,NaN,NaN,NaN,NaN,NaN,NaN,NaN,NaN,NaN,
111.062,0.00044,-0.01391,0.12939,0.52246,0.00184,0.23391,-0.81995,NaN,NaN,NaN,NaN,NaN,NaN,NaN,NaN,NaN,NaN,NaN,NaN,NaN,NaN,NaN,NaN,NaN,NaN,NaN,NaN,NaN,
111.088,0.00017,-0.01399,0.12941,0.52076,0.00498,0.23369,-0.82108,NaN,NaN,NaN,NaN,NaN,NaN,NaN,NaN,NaN,NaN,NaN,NaN,NaN,NaN,NaN,NaN,NaN,NaN,NaN,NaN,NaN,
111.112,0.00017,-0.01399,0.12941,0.52076,0.00498,0.23369,-0.82108,NaN,NaN,NaN,NaN,NaN,NaN,NaN,NaN,NaN,NaN,NaN,NaN,NaN,NaN,NaN,NaN,NaN,NaN,NaN,NaN,NaN,
111.137,0.00009,-0.01399,0.12939,0.52033,0.00679,0.23283,-0.82158,NaN,NaN,NaN,NaN,NaN,NaN,NaN,NaN,NaN,NaN,NaN,NaN,NaN,NaN,NaN,NaN,NaN,NaN,NaN,NaN,NaN,
111.162,0.00009,-0.01399,0.12939,0.52033,0.00679,0.23283,-0.82158,NaN,NaN,NaN,NaN,NaN,NaN,NaN,NaN,NaN,NaN,NaN,NaN,NaN,NaN,NaN,NaN,NaN,NaN,NaN,NaN,NaN,
111.188,-0.00004,-0.01408,0.12948,0.51909,0.00850,0.23311,-0.82227,NaN,NaN,NaN,NaN,NaN,NaN,NaN,NaN,NaN,NaN,NaN,NaN,NaN,NaN,NaN,NaN,NaN,NaN,NaN,NaN,NaN,
111.212,-0.00004,-0.01408,0.12948,0.51909,0.00850,0.23311,-0.82227,NaN,NaN,NaN,NaN,NaN,NaN,NaN,NaN,NaN,NaN,NaN,NaN,NaN,NaN,NaN,NaN,NaN,NaN,NaN,NaN,NaN,
111.238,-0.00026,-0.01399,0.12944,0.51854,0.01052,0.23223,-0.82284,NaN,NaN,NaN,NaN,NaN,NaN,NaN,NaN,NaN,NaN,NaN,NaN,NaN,NaN,NaN,NaN,NaN,NaN,NaN,NaN,NaN,
111.262,-0.00026,-0.01399,0.12944,0.51854,0.01052,0.23223,-0.82284,NaN,NaN,NaN,NaN,NaN,NaN,NaN,NaN,NaN,NaN,NaN,NaN,NaN,NaN,NaN,NaN,NaN,NaN,NaN,NaN,NaN,
111.288,-0.00026,-0.01396,0.12939,0.51856,0.01074,0.23204,-0.82289,NaN,NaN,NaN,NaN,NaN,NaN,NaN,NaN,NaN,NaN,NaN,NaN,NaN,NaN,NaN,NaN,NaN,NaN,NaN,NaN,NaN,
111.312,-0.00026,-0.01396,0.12939,0.51856,0.01074,0.23204,-0.82289,NaN,NaN,NaN,NaN,NaN,NaN,NaN,NaN,NaN,NaN,NaN,NaN,NaN,NaN,NaN,NaN,NaN,NaN,NaN,NaN,NaN,
111.338,-0.00028,-0.01404,0.12927,0.51807,0.01148,0.23209,-0.82317,NaN,NaN,NaN,NaN,NaN,NaN,NaN,NaN,NaN,NaN,NaN,NaN,NaN,NaN,NaN,NaN,NaN,NaN,NaN,NaN,NaN,
111.363,-0.00027,-0.01402,0.12938,0.51863,0.01020,0.23237,-0.82275,NaN,NaN,NaN,NaN,NaN,NaN,NaN,NaN,NaN,NaN,NaN,NaN,NaN,NaN,NaN,NaN,NaN,NaN,NaN,NaN,NaN,
111.388,-0.00030,-0.01401,0.12935,0.51837,0.01075,0.23228,-0.82294,NaN,NaN,NaN,NaN,NaN,NaN,NaN,NaN,NaN,NaN,NaN,NaN,NaN,NaN,NaN,NaN,NaN,NaN,NaN,NaN,NaN,
111.412,-0.00030,-0.01401,0.12935,0.51837,0.01075,0.23228,-0.82294,NaN,NaN,NaN,NaN,NaN,NaN,NaN,NaN,NaN,NaN,NaN,NaN,NaN,NaN,NaN,NaN,NaN,NaN,NaN,NaN,NaN,
111.438,-0.00031,-0.01397,0.12928,0.51819,0.01143,0.23198,-0.82313,NaN,NaN,NaN,NaN,NaN,NaN,NaN,NaN,NaN,NaN,NaN,NaN,NaN,NaN,NaN,NaN,NaN,NaN,NaN,NaN,NaN,
111.462,-0.00031,-0.01396,0.12924,0.51810,0.01167,0.23190,-0.82320,NaN,NaN,NaN,NaN,NaN,NaN,NaN,NaN,NaN,NaN,NaN,NaN,NaN,NaN,NaN,NaN,NaN,NaN,NaN,NaN,NaN,
111.488,-0.00033,-0.01395,0.12920,0.51790,0.01202,0.23188,-0.82332,NaN,NaN,NaN,NaN,NaN,NaN,NaN,NaN,NaN,NaN,NaN,NaN,NaN,NaN,NaN,NaN,NaN,NaN,NaN,NaN,NaN,
111.512,-0.00033,-0.01395,0.12920,0.51790,0.01202,0.23188,-0.82332,NaN,NaN,NaN,NaN,NaN,NaN,NaN,NaN,NaN,NaN,NaN,NaN,NaN,NaN,NaN,NaN,NaN,NaN,NaN,NaN,NaN,
111.538,-0.00038,-0.01395,0.12915,0.51745,0.01268,0.23195,-0.82358,NaN,NaN,NaN,NaN,NaN,NaN,NaN,NaN,NaN,NaN,NaN,NaN,NaN,NaN,NaN,NaN,NaN,NaN,NaN,NaN,NaN,
111.562,-0.00040,-0.01394,0.12912,0.51723,0.01303,0.23195,-0.82371,NaN,NaN,NaN,NaN,NaN,NaN,NaN,NaN,NaN,NaN,NaN,NaN,NaN,NaN,NaN,NaN,NaN,NaN,NaN,NaN,NaN,
111.588,-0.00043,-0.01394,0.12910,0.51700,0.01344,0.23194,-0.82385,NaN,NaN,NaN,NaN,NaN,NaN,NaN,NaN,NaN,NaN,NaN,NaN,NaN,NaN,NaN,NaN,NaN,NaN,NaN,NaN,NaN,
111.613,-0.00047,-0.01395,0.12909,0.51667,0.01389,0.23200,-0.82403,NaN,NaN,NaN,NaN,NaN,NaN,NaN,NaN,NaN,NaN,NaN,NaN,NaN,NaN,NaN,NaN,NaN,NaN,NaN,NaN,NaN,
111.637,-0.00053,-0.01397,0.12908,0.51628,0.01441,0.23211,-0.82424,NaN,NaN,NaN,NaN,NaN,NaN,NaN,NaN,NaN,NaN,NaN,NaN,NaN,NaN,NaN,NaN,NaN,NaN,NaN,NaN,NaN,
111.663,-0.00074,-0.01403,0.12892,0.51312,0.01867,0.23285,-0.82592,NaN,NaN,NaN,NaN,NaN,NaN,NaN,NaN,NaN,NaN,NaN,NaN,NaN,NaN,NaN,NaN,NaN,NaN,NaN,NaN,NaN,
111.688,-0.00082,-0.01413,0.12890,0.51082,0.02094,0.23404,-0.82696,NaN,NaN,NaN,NaN,NaN,NaN,NaN,NaN,NaN,NaN,NaN,NaN,NaN,NaN,NaN,NaN,NaN,NaN,NaN,NaN,NaN,
111.712,-0.00092,-0.01417,0.12879,0.50892,0.02323,0.23466,-0.82788,NaN,NaN,NaN,NaN,NaN,NaN,NaN,NaN,NaN,NaN,NaN,NaN,NaN,NaN,NaN,NaN,NaN,NaN,NaN,NaN,NaN,
111.738,-0.00100,-0.01425,0.12874,0.50665,0.02563,0.23568,-0.82892,NaN,NaN,NaN,NaN,NaN,NaN,NaN,NaN,NaN,NaN,NaN,NaN,NaN,NaN,NaN,NaN,NaN,NaN,NaN,NaN,NaN,
111.762,-0.00100,-0.01425,0.12874,0.50665,0.02563,0.23568,-0.82892,NaN,NaN,NaN,NaN,NaN,NaN,NaN,NaN,NaN,NaN,NaN,NaN,NaN,NaN,NaN,NaN,NaN,NaN,NaN,NaN,NaN,
111.788,-0.00115,-0.01431,0.12870,0.50388,0.02897,0.23658,-0.83024,NaN,NaN,NaN,NaN,NaN,NaN,NaN,NaN,NaN,NaN,NaN,NaN,NaN,NaN,NaN,NaN,NaN,NaN,NaN,NaN,NaN,
111.812,-0.00115,-0.01431,0.12870,0.50388,0.02897,0.23658,-0.83024,NaN,NaN,NaN,NaN,NaN,NaN,NaN,NaN,NaN,NaN,NaN,NaN,NaN,NaN,NaN,NaN,NaN,NaN,NaN,NaN,NaN,
111.837,-0.00125,-0.01433,0.12863,0.50315,0.03058,0.23622,-0.83073,NaN,NaN,NaN,NaN,NaN,NaN,NaN,NaN,NaN,NaN,NaN,NaN,NaN,NaN,NaN,NaN,NaN,NaN,NaN,NaN,NaN,
111.862,-0.00137,-0.01436,0.12865,0.50207,0.03221,0.23629,-0.83130,NaN,NaN,NaN,NaN,NaN,NaN,NaN,NaN,NaN,NaN,NaN,NaN,NaN,NaN,NaN,NaN,NaN,NaN,NaN,NaN,NaN,
111.887,-0.00154,-0.01437,0.12860,0.50046,0.03462,0.23641,-0.83213,NaN,NaN,NaN,NaN,NaN,NaN,NaN,NaN,NaN,NaN,NaN,NaN,NaN,NaN,NaN,NaN,NaN,NaN,NaN,NaN,NaN,
111.912,-0.00176,-0.01428,0.12858,-0.49874,-0.03803,-0.23586,0.83318,NaN,NaN,NaN,NaN,NaN,NaN,NaN,NaN,NaN,NaN,NaN,NaN,NaN,NaN,NaN,NaN,NaN,NaN,NaN,NaN,NaN,
111.938,-0.00184,-0.01429,0.12859,-0.49802,-0.03940,-0.23566,0.83360,NaN,NaN,NaN,NaN,NaN,NaN,NaN,NaN,NaN,NaN,NaN,NaN,NaN,NaN,NaN,NaN,NaN,NaN,NaN,NaN,NaN,
111.962,-0.00199,-0.01429,0.12859,-0.49715,-0.04080,-0.23564,0.83406,NaN,NaN,NaN,NaN,NaN,NaN,NaN,NaN,NaN,NaN,NaN,NaN,NaN,NaN,NaN,NaN,NaN,NaN,NaN,NaN,NaN,
111.988,-0.00214,-0.01431,0.12861,-0.49644,-0.04218,-0.23543,0.83447,NaN,NaN,NaN,NaN,NaN,NaN,NaN,NaN,NaN,NaN,NaN,NaN,NaN,NaN,NaN,NaN,NaN,NaN,NaN,NaN,NaN,
112.013,-0.00222,-0.01426,0.12858,-0.49567,-0.04400,-0.23492,0.83498,NaN,NaN,NaN,NaN,NaN,NaN,NaN,NaN,NaN,NaN,NaN,NaN,NaN,NaN,NaN,NaN,NaN,NaN,NaN,NaN,NaN,
112.038,-0.00239,-0.01425,0.12860,-0.49489,-0.04563,-0.23457,0.83545,NaN,NaN,NaN,NaN,NaN,NaN,NaN,NaN,NaN,NaN,NaN,NaN,NaN,NaN,NaN,NaN,NaN,NaN,NaN,NaN,NaN,
112.062,-0.00239,-0.01425,0.12860,-0.49489,-0.04563,-0.23457,0.83545,NaN,NaN,NaN,NaN,NaN,NaN,NaN,NaN,NaN,NaN,NaN,NaN,NaN,NaN,NaN,NaN,NaN,NaN,NaN,NaN,NaN,
112.088,-0.00283,-0.01422,0.12855,-0.49307,-0.04969,-0.23357,0.83658,NaN,NaN,NaN,NaN,NaN,NaN,NaN,NaN,NaN,NaN,NaN,NaN,NaN,NaN,NaN,NaN,NaN,NaN,NaN,NaN,NaN,
112.112,-0.00282,-0.01417,0.12860,-0.49237,-0.05091,-0.23345,0.83695,NaN,NaN,NaN,NaN,NaN,NaN,NaN,NaN,NaN,NaN,NaN,NaN,NaN,NaN,NaN,NaN,NaN,NaN,NaN,NaN,NaN,
112.137,-0.00282,-0.01417,0.12860,-0.49237,-0.05091,-0.23345,0.83695,NaN,NaN,NaN,NaN,NaN,NaN,NaN,NaN,NaN,NaN,NaN,NaN,NaN,NaN,NaN,NaN,NaN,NaN,NaN,NaN,NaN,
112.163,-0.00304,-0.01414,0.12864,-0.49119,-0.05335,-0.23293,0.83763,NaN,NaN,NaN,NaN,NaN,NaN,NaN,NaN,NaN,NaN,NaN,NaN,NaN,NaN,NaN,NaN,NaN,NaN,NaN,NaN,NaN,
112.188,-0.00313,-0.01406,0.12856,-0.49070,-0.05472,-0.23241,0.83797,NaN,NaN,NaN,NaN,NaN,NaN,NaN,NaN,NaN,NaN,NaN,NaN,NaN,NaN,NaN,NaN,NaN,NaN,NaN,NaN,NaN,
112.212,-0.00322,-0.01405,0.12862,-0.49016,-0.05568,-0.23231,0.83826,NaN,NaN,NaN,NaN,NaN,NaN,NaN,NaN,NaN,NaN,NaN,NaN,NaN,NaN,NaN,NaN,NaN,NaN,NaN,NaN,NaN,
112.238,-0.00331,-0.01401,0.12859,-0.48959,-0.05713,-0.23183,0.83863,NaN,NaN,NaN,NaN,NaN,NaN,NaN,NaN,NaN,NaN,NaN,NaN,NaN,NaN,NaN,NaN,NaN,NaN,NaN,NaN,NaN,
112.262,-0.00347,-0.01403,0.12864,-0.48888,-0.05835,-0.23173,0.83899,NaN,NaN,NaN,NaN,NaN,NaN,NaN,NaN,NaN,NaN,NaN,NaN,NaN,NaN,NaN,NaN,NaN,NaN,NaN,NaN,NaN,
112.288,-0.00358,-0.01399,0.12863,-0.48830,-0.05985,-0.23120,0.83936,NaN,NaN,NaN,NaN,NaN,NaN,NaN,NaN,NaN,NaN,NaN,NaN,NaN,NaN,NaN,NaN,NaN,NaN,NaN,NaN,NaN,
112.312,-0.00358,-0.01399,0.12863,-0.48830,-0.05985,-0.23120,0.83936,NaN,NaN,NaN,NaN,NaN,NaN,NaN,NaN,NaN,NaN,NaN,NaN,NaN,NaN,NaN,NaN,NaN,NaN,NaN,NaN,NaN,
112.337,-0.00368,-0.01397,0.12866,-0.48770,-0.06111,-0.23091,0.83970,NaN,NaN,NaN,NaN,NaN,NaN,NaN,NaN,NaN,NaN,NaN,NaN,NaN,NaN,NaN,NaN,NaN,NaN,NaN,NaN,NaN,
112.363,-0.00382,-0.01389,0.12867,-0.48690,-0.06308,-0.23028,0.84019,NaN,NaN,NaN,NaN,NaN,NaN,NaN,NaN,NaN,NaN,NaN,NaN,NaN,NaN,NaN,NaN,NaN,NaN,NaN,NaN,NaN,
112.388,-0.00386,-0.01385,0.12866,-0.48657,-0.06389,-0.23003,0.84039,NaN,NaN,NaN,NaN,NaN,NaN,NaN,NaN,NaN,NaN,NaN,NaN,NaN,NaN,NaN,NaN,NaN,NaN,NaN,NaN,NaN,
112.412,-0.00386,-0.01385,0.12866,-0.48657,-0.06389,-0.23003,0.84039,NaN,NaN,NaN,NaN,NaN,NaN,NaN,NaN,NaN,NaN,NaN,NaN,NaN,NaN,NaN,NaN,NaN,NaN,NaN,NaN,NaN,
112.438,-0.00397,-0.01383,0.12866,-0.48576,-0.06584,-0.22941,0.84088,NaN,NaN,NaN,NaN,NaN,NaN,NaN,NaN,NaN,NaN,NaN,NaN,NaN,NaN,NaN,NaN,NaN,NaN,NaN,NaN,NaN,
112.462,-0.00414,-0.01383,0.12865,-0.48511,-0.06722,-0.22907,0.84123,NaN,NaN,NaN,NaN,NaN,NaN,NaN,NaN,NaN,NaN,NaN,NaN,NaN,NaN,NaN,NaN,NaN,NaN,NaN,NaN,NaN,
112.488,-0.00423,-0.01381,0.12867,-0.48468,-0.06821,-0.22878,0.84148,NaN,NaN,NaN,NaN,NaN,NaN,NaN,NaN,NaN,NaN,NaN,NaN,NaN,NaN,NaN,NaN,NaN,NaN,NaN,NaN,NaN,
112.512,-0.00423,-0.01381,0.12867,-0.48468,-0.06821,-0.22878,0.84148,NaN,NaN,NaN,NaN,NaN,NaN,NaN,NaN,NaN,NaN,NaN,NaN,NaN,NaN,NaN,NaN,NaN,NaN,NaN,NaN,NaN,
112.537,-0.00435,-0.01382,0.12867,-0.48402,-0.06976,-0.22831,0.84186,NaN,NaN,NaN,NaN,NaN,NaN,NaN,NaN,NaN,NaN,NaN,NaN,NaN,NaN,NaN,NaN,NaN,NaN,NaN,NaN,NaN,
112.562,-0.00447,-0.01375,0.12868,-0.48350,-0.07123,-0.22772,0.84220,NaN,NaN,NaN,NaN,NaN,NaN,NaN,NaN,NaN,NaN,NaN,NaN,NaN,NaN,NaN,NaN,NaN,NaN,NaN,NaN,NaN,
112.588,-0.00464,-0.01367,0.12869,-0.48238,-0.07425,-0.22658,0.84289,NaN,NaN,NaN,NaN,NaN,NaN,NaN,NaN,NaN,NaN,NaN,NaN,NaN,NaN,NaN,NaN,NaN,NaN,NaN,NaN,NaN,
112.612,-0.00475,-0.01361,0.12865,-0.48194,-0.07570,-0.22589,0.84319,NaN,NaN,NaN,NaN,NaN,NaN,NaN,NaN,NaN,NaN,NaN,NaN,NaN,NaN,NaN,NaN,NaN,NaN,NaN,NaN,NaN,
112.638,-0.00486,-0.01358,0.12864,-0.48143,-0.07711,-0.22533,0.84351,NaN,NaN,NaN,NaN,NaN,NaN,NaN,NaN,NaN,NaN,NaN,NaN,NaN,NaN,NaN,NaN,NaN,NaN,NaN,NaN,NaN,
112.663,-0.00503,-0.01357,0.12864,-0.48058,-0.07895,-0.22484,0.84395,NaN,NaN,NaN,NaN,NaN,NaN,NaN,NaN,NaN,NaN,NaN,NaN,NaN,NaN,NaN,NaN,NaN,NaN,NaN,NaN,NaN,
112.688,-0.00517,-0.01352,0.12867,-0.48006,-0.08048,-0.22417,0.84428,NaN,NaN,NaN,NaN,NaN,NaN,NaN,NaN,NaN,NaN,NaN,NaN,NaN,NaN,NaN,NaN,NaN,NaN,NaN,NaN,NaN,
112.712,-0.00517,-0.01352,0.12867,-0.48006,-0.08048,-0.22417,0.84428,NaN,NaN,NaN,NaN,NaN,NaN,NaN,NaN,NaN,NaN,NaN,NaN,NaN,NaN,NaN,NaN,NaN,NaN,NaN,NaN,NaN,
112.738,-0.00549,-0.01339,0.12872,-0.47862,-0.08454,-0.22250,0.84514,NaN,NaN,NaN,NaN,NaN,NaN,NaN,NaN,NaN,NaN,NaN,NaN,NaN,NaN,NaN,NaN,NaN,NaN,NaN,NaN,NaN,
112.763,-0.00555,-0.01335,0.12869,-0.47794,-0.08598,-0.22212,0.84548,NaN,NaN,NaN,NaN,NaN,NaN,NaN,NaN,NaN,NaN,NaN,NaN,NaN,NaN,NaN,NaN,NaN,NaN,NaN,NaN,NaN,
112.788,-0.00547,-0.01351,0.12885,-0.47427,-0.08982,-0.22347,0.84680,NaN,NaN,NaN,NaN,NaN,NaN,NaN,NaN,NaN,NaN,NaN,NaN,NaN,NaN,NaN,NaN,NaN,NaN,NaN,NaN,NaN,
112.812,-0.00547,-0.01351,0.12885,-0.47427,-0.08982,-0.22347,0.84680,NaN,NaN,NaN,NaN,NaN,NaN,NaN,NaN,NaN,NaN,NaN,NaN,NaN,NaN,NaN,NaN,NaN,NaN,NaN,NaN,NaN,
112.837,-0.00607,-0.01373,0.12856,-0.46799,-0.09683,-0.22531,0.84903,NaN,NaN,NaN,NaN,NaN,NaN,NaN,NaN,NaN,NaN,NaN,NaN,NaN,NaN,NaN,NaN,NaN,NaN,NaN,NaN,NaN,
112.862,-0.00617,-0.01384,0.12860,-0.46627,-0.09841,-0.22610,0.84958,NaN,NaN,NaN,NaN,NaN,NaN,NaN,NaN,NaN,NaN,NaN,NaN,NaN,NaN,NaN,NaN,NaN,NaN,NaN,NaN,NaN,
112.888,-0.00643,-0.01406,0.12859,-0.46099,-0.10386,-0.22795,0.85132,NaN,NaN,NaN,NaN,NaN,NaN,NaN,NaN,NaN,NaN,NaN,NaN,NaN,NaN,NaN,NaN,NaN,NaN,NaN,NaN,NaN,
112.912,-0.00643,-0.01406,0.12859,-0.46099,-0.10386,-0.22795,0.85132,NaN,NaN,NaN,NaN,NaN,NaN,NaN,NaN,NaN,NaN,NaN,NaN,NaN,NaN,NaN,NaN,NaN,NaN,NaN,NaN,NaN,
112.938,-0.00662,-0.01419,0.12860,-0.45666,-0.10857,-0.22921,0.85272,NaN,NaN,NaN,NaN,NaN,NaN,NaN,NaN,NaN,NaN,NaN,NaN,NaN,NaN,NaN,NaN,NaN,NaN,NaN,NaN,NaN,
112.962,-0.00671,-0.01427,0.12865,-0.45455,-0.11065,-0.23002,0.85337,NaN,NaN,NaN,NaN,NaN,NaN,NaN,NaN,NaN,NaN,NaN,NaN,NaN,NaN,NaN,NaN,NaN,NaN,NaN,NaN,NaN,
112.988,-0.00683,-0.01437,0.12866,-0.45267,-0.11254,-0.23068,0.85394,NaN,NaN,NaN,NaN,NaN,NaN,NaN,NaN,NaN,NaN,NaN,NaN,NaN,NaN,NaN,NaN,NaN,NaN,NaN,NaN,NaN,
113.012,-0.00683,-0.01437,0.12866,-0.45267,-0.11254,-0.23068,0.85394,NaN,NaN,NaN,NaN,NaN,NaN,NaN,NaN,NaN,NaN,NaN,NaN,NaN,NaN,NaN,NaN,NaN,NaN,NaN,NaN,NaN,
113.037,-0.00690,-0.01439,0.12867,-0.45143,-0.11395,-0.23098,0.85433,NaN,NaN,NaN,NaN,NaN,NaN,NaN,NaN,NaN,NaN,NaN,NaN,NaN,NaN,NaN,NaN,NaN,NaN,NaN,NaN,NaN,
113.062,-0.00692,-0.01448,0.12877,-0.45016,-0.11504,-0.23158,0.85469,NaN,NaN,NaN,NaN,NaN,NaN,NaN,NaN,NaN,NaN,NaN,NaN,NaN,NaN,NaN,NaN,NaN,NaN,NaN,NaN,NaN,
113.088,-0.00707,-0.01455,0.12879,-0.44847,-0.11703,-0.23192,0.85522,NaN,NaN,NaN,NaN,NaN,NaN,NaN,NaN,NaN,NaN,NaN,NaN,NaN,NaN,NaN,NaN,NaN,NaN,NaN,NaN,NaN,
113.112,-0.00707,-0.01455,0.12879,-0.44847,-0.11703,-0.23192,0.85522,NaN,NaN,NaN,NaN,NaN,NaN,NaN,NaN,NaN,NaN,NaN,NaN,NaN,NaN,NaN,NaN,NaN,NaN,NaN,NaN,NaN,
113.138,-0.00715,-0.01466,0.12900,-0.44629,-0.11936,-0.23253,0.85587,NaN,NaN,NaN,NaN,NaN,NaN,NaN,NaN,NaN,NaN,NaN,NaN,NaN,NaN,NaN,NaN,NaN,NaN,NaN,NaN,NaN,
113.162,-0.00715,-0.01466,0.12900,-0.44629,-0.11936,-0.23253,0.85587,NaN,NaN,NaN,NaN,NaN,NaN,NaN,NaN,NaN,NaN,NaN,NaN,NaN,NaN,NaN,NaN,NaN,NaN,NaN,NaN,NaN,
113.188,-0.00737,-0.01465,0.12898,-0.44486,-0.12149,-0.23240,0.85635,NaN,NaN,NaN,NaN,NaN,NaN,NaN,NaN,NaN,NaN,NaN,NaN,NaN,NaN,NaN,NaN,NaN,NaN,NaN,NaN,NaN,
113.212,-0.00734,-0.01470,0.12914,-0.44431,-0.12211,-0.23252,0.85651,NaN,NaN,NaN,NaN,NaN,NaN,NaN,NaN,NaN,NaN,NaN,NaN,NaN,NaN,NaN,NaN,NaN,NaN,NaN,NaN,NaN,
113.238,-0.00740,-0.01470,0.12920,-0.44386,-0.12294,-0.23234,0.85668,NaN,NaN,NaN,NaN,NaN,NaN,NaN,NaN,NaN,NaN,NaN,NaN,NaN,NaN,NaN,NaN,NaN,NaN,NaN,NaN,NaN,
113.263,-0.00755,-0.01469,0.12916,-0.44309,-0.12405,-0.23229,0.85693,NaN,NaN,NaN,NaN,NaN,NaN,NaN,NaN,NaN,NaN,NaN,NaN,NaN,NaN,NaN,NaN,NaN,NaN,NaN,NaN,NaN,
113.287,-0.00755,-0.01469,0.12916,-0.44309,-0.12405,-0.23229,0.85693,NaN,NaN,NaN,NaN,NaN,NaN,NaN,NaN,NaN,NaN,NaN,NaN,NaN,NaN,NaN,NaN,NaN,NaN,NaN,NaN,NaN,
113.312,-0.00762,-0.01469,0.12920,-0.44277,-0.12465,-0.23215,0.85705,NaN,NaN,NaN,NaN,NaN,NaN,NaN,NaN,NaN,NaN,NaN,NaN,NaN,NaN,NaN,NaN,NaN,NaN,NaN,NaN,NaN,
113.338,-0.00775,-0.01478,0.12935,-0.44083,-0.12705,-0.23239,0.85763,NaN,NaN,NaN,NaN,NaN,NaN,NaN,NaN,NaN,NaN,NaN,NaN,NaN,NaN,NaN,NaN,NaN,NaN,NaN,NaN,NaN,
113.362,-0.00785,-0.01478,0.12932,-0.44016,-0.12825,-0.23213,0.85786,NaN,NaN,NaN,NaN,NaN,NaN,NaN,NaN,NaN,NaN,NaN,NaN,NaN,NaN,NaN,NaN,NaN,NaN,NaN,NaN,NaN,
113.387,-0.00785,-0.01478,0.12932,-0.44016,-0.12825,-0.23213,0.85786,NaN,NaN,NaN,NaN,NaN,NaN,NaN,NaN,NaN,NaN,NaN,NaN,NaN,NaN,NaN,NaN,NaN,NaN,NaN,NaN,NaN,
113.412,-0.00790,-0.01479,0.12941,-0.43948,-0.12913,-0.23217,0.85807,NaN,NaN,NaN,NaN,NaN,NaN,NaN,NaN,NaN,NaN,NaN,NaN,NaN,NaN,NaN,NaN,NaN,NaN,NaN,NaN,NaN,
113.437,-0.00792,-0.01483,0.12952,-0.43895,-0.12984,-0.23218,0.85823,NaN,NaN,NaN,NaN,NaN,NaN,NaN,NaN,NaN,NaN,NaN,NaN,NaN,NaN,NaN,NaN,NaN,NaN,NaN,NaN,NaN,
113.462,-0.00801,-0.01478,0.12950,-0.43837,-0.13107,-0.23178,0.85844,NaN,NaN,NaN,NaN,NaN,NaN,NaN,NaN,NaN,NaN,NaN,NaN,NaN,NaN,NaN,NaN,NaN,NaN,NaN,NaN,NaN,
113.488,-0.00817,-0.01480,0.12956,-0.43699,-0.13334,-0.23143,0.85890,NaN,NaN,NaN,NaN,NaN,NaN,NaN,NaN,NaN,NaN,NaN,NaN,NaN,NaN,NaN,NaN,NaN,NaN,NaN,NaN,NaN,
113.512,-0.00823,-0.01476,0.12962,-0.43684,-0.13398,-0.23102,0.85898,NaN,NaN,NaN,NaN,NaN,NaN,NaN,NaN,NaN,NaN,NaN,NaN,NaN,NaN,NaN,NaN,NaN,NaN,NaN,NaN,NaN,
113.538,-0.00836,-0.01474,0.12957,-0.43612,-0.13544,-0.23059,0.85924,NaN,NaN,NaN,NaN,NaN,NaN,NaN,NaN,NaN,NaN,NaN,NaN,NaN,NaN,NaN,NaN,NaN,NaN,NaN,NaN,NaN,
113.562,-0.00844,-0.01472,0.12962,-0.43585,-0.13623,-0.23021,0.85935,NaN,NaN,NaN,NaN,NaN,NaN,NaN,NaN,NaN,NaN,NaN,NaN,NaN,NaN,NaN,NaN,NaN,NaN,NaN,NaN,NaN,
113.587,-0.00844,-0.01472,0.12962,-0.43585,-0.13623,-0.23021,0.85935,NaN,NaN,NaN,NaN,NaN,NaN,NaN,NaN,NaN,NaN,NaN,NaN,NaN,NaN,NaN,NaN,NaN,NaN,NaN,NaN,NaN,
113.613,-0.00857,-0.01465,0.12969,-0.43529,-0.13804,-0.22924,0.85960,NaN,NaN,NaN,NaN,NaN,NaN,NaN,NaN,NaN,NaN,NaN,NaN,NaN,NaN,NaN,NaN,NaN,NaN,NaN,NaN,NaN,
113.638,-0.00863,-0.01463,0.12971,-0.43495,-0.13882,-0.22894,0.85973,NaN,NaN,NaN,NaN,NaN,NaN,NaN,NaN,NaN,NaN,NaN,NaN,NaN,NaN,NaN,NaN,NaN,NaN,NaN,NaN,NaN,
113.662,-0.00863,-0.01463,0.12971,-0.43495,-0.13882,-0.22894,0.85973,NaN,NaN,NaN,NaN,NaN,NaN,NaN,NaN,NaN,NaN,NaN,NaN,NaN,NaN,NaN,NaN,NaN,NaN,NaN,NaN,NaN,
113.688,-0.00882,-0.01454,0.12978,-0.43415,-0.14074,-0.22817,0.86002,NaN,NaN,NaN,NaN,NaN,NaN,NaN,NaN,NaN,NaN,NaN,NaN,NaN,NaN,NaN,NaN,NaN,NaN,NaN,NaN,NaN,
113.712,-0.00882,-0.01454,0.12978,-0.43415,-0.14074,-0.22817,0.86002,NaN,NaN,NaN,NaN,NaN,NaN,NaN,NaN,NaN,NaN,NaN,NaN,NaN,NaN,NaN,NaN,NaN,NaN,NaN,NaN,NaN,
113.737,-0.00885,-0.01448,0.12982,-0.43413,-0.14156,-0.22744,0.86009,NaN,NaN,NaN,NaN,NaN,NaN,NaN,NaN,NaN,NaN,NaN,NaN,NaN,NaN,NaN,NaN,NaN,NaN,NaN,NaN,NaN,
113.762,-0.00903,-0.01445,0.12978,-0.43324,-0.14353,-0.22673,0.86040,NaN,NaN,NaN,NaN,NaN,NaN,NaN,NaN,NaN,NaN,NaN,NaN,NaN,NaN,NaN,NaN,NaN,NaN,NaN,NaN,NaN,
113.787,-0.00911,-0.01441,0.12981,-0.43309,-0.14434,-0.22617,0.86049,NaN,NaN,NaN,NaN,NaN,NaN,NaN,NaN,NaN,NaN,NaN,NaN,NaN,NaN,NaN,NaN,NaN,NaN,NaN,NaN,NaN,
113.813,-0.00926,-0.01442,0.12986,-0.43215,-0.14602,-0.22577,0.86078,NaN,NaN,NaN,NaN,NaN,NaN,NaN,NaN,NaN,NaN,NaN,NaN,NaN,NaN,NaN,NaN,NaN,NaN,NaN,NaN,NaN,
113.837,-0.00926,-0.01442,0.12986,-0.43215,-0.14602,-0.22577,0.86078,NaN,NaN,NaN,NaN,NaN,NaN,NaN,NaN,NaN,NaN,NaN,NaN,NaN,NaN,NaN,NaN,NaN,NaN,NaN,NaN,NaN,
113.863,-0.00937,-0.01435,0.12990,-0.43132,-0.14815,-0.22483,0.86109,NaN,NaN,NaN,NaN,NaN,NaN,NaN,NaN,NaN,NaN,NaN,NaN,NaN,NaN,NaN,NaN,NaN,NaN,NaN,NaN,NaN,
113.888,-0.00942,-0.01437,0.12998,-0.43077,-0.14891,-0.22480,0.86124,NaN,NaN,NaN,NaN,NaN,NaN,NaN,NaN,NaN,NaN,NaN,NaN,NaN,NaN,NaN,NaN,NaN,NaN,NaN,NaN,NaN,
113.912,-0.00942,-0.01437,0.12998,-0.43077,-0.14891,-0.22480,0.86124,NaN,NaN,NaN,NaN,NaN,NaN,NaN,NaN,NaN,NaN,NaN,NaN,NaN,NaN,NaN,NaN,NaN,NaN,NaN,NaN,NaN,
113.938,-0.00955,-0.01436,0.12995,-0.42977,-0.15050,-0.22456,0.86152,NaN,NaN,NaN,NaN,NaN,NaN,NaN,NaN,NaN,NaN,NaN,NaN,NaN,NaN,NaN,NaN,NaN,NaN,NaN,NaN,NaN,
113.963,-0.00960,-0.01435,0.12996,-0.42934,-0.15134,-0.22431,0.86165,NaN,NaN,NaN,NaN,NaN,NaN,NaN,NaN,NaN,NaN,NaN,NaN,NaN,NaN,NaN,NaN,NaN,NaN,NaN,NaN,NaN,
113.988,-0.00967,-0.01438,0.13003,-0.42868,-0.15223,-0.22429,0.86183,NaN,NaN,NaN,NaN,NaN,NaN,NaN,NaN,NaN,NaN,NaN,NaN,NaN,NaN,NaN,NaN,NaN,NaN,NaN,NaN,NaN,
114.013,-0.00977,-0.01433,0.13002,-0.42826,-0.15332,-0.22379,0.86198,NaN,NaN,NaN,NaN,NaN,NaN,NaN,NaN,NaN,NaN,NaN,NaN,NaN,NaN,NaN,NaN,NaN,NaN,NaN,NaN,NaN,
114.037,-0.00977,-0.01433,0.13002,-0.42826,-0.15332,-0.22379,0.86198,NaN,NaN,NaN,NaN,NaN,NaN,NaN,NaN,NaN,NaN,NaN,NaN,NaN,NaN,NaN,NaN,NaN,NaN,NaN,NaN,NaN,
114.062,-0.00985,-0.01431,0.13001,-0.42796,-0.15415,-0.22339,0.86208,NaN,NaN,NaN,NaN,NaN,NaN,NaN,NaN,NaN,NaN,NaN,NaN,NaN,NaN,NaN,NaN,NaN,NaN,NaN,NaN,NaN,
114.088,-0.00984,-0.01432,0.13013,-0.42770,-0.15489,-0.22302,0.86217,NaN,NaN,NaN,NaN,NaN,NaN,NaN,NaN,NaN,NaN,NaN,NaN,NaN,NaN,NaN,NaN,NaN,NaN,NaN,NaN,NaN,
114.112,-0.00984,-0.01432,0.13013,-0.42770,-0.15489,-0.22302,0.86217,NaN,NaN,NaN,NaN,NaN,NaN,NaN,NaN,NaN,NaN,NaN,NaN,NaN,NaN,NaN,NaN,NaN,NaN,NaN,NaN,NaN,
114.137,-0.00992,-0.01428,0.13009,-0.42736,-0.15571,-0.22268,0.86229,NaN,NaN,NaN,NaN,NaN,NaN,NaN,NaN,NaN,NaN,NaN,NaN,NaN,NaN,NaN,NaN,NaN,NaN,NaN,NaN,NaN,
114.162,-0.00998,-0.01425,0.13006,-0.42717,-0.15634,-0.22231,0.86236,NaN,NaN,NaN,NaN,NaN,NaN,NaN,NaN,NaN,NaN,NaN,NaN,NaN,NaN,NaN,NaN,NaN,NaN,NaN,NaN,NaN,
114.188,-0.01008,-0.01426,0.13012,-0.42667,-0.15786,-0.22151,0.86253,NaN,NaN,NaN,NaN,NaN,NaN,NaN,NaN,NaN,NaN,NaN,NaN,NaN,NaN,NaN,NaN,NaN,NaN,NaN,NaN,NaN,
114.213,-0.01019,-0.01424,0.13010,-0.42653,-0.15842,-0.22115,0.86259,NaN,NaN,NaN,NaN,NaN,NaN,NaN,NaN,NaN,NaN,NaN,NaN,NaN,NaN,NaN,NaN,NaN,NaN,NaN,NaN,NaN,
114.238,-0.01023,-0.01421,0.13013,-0.42647,-0.15886,-0.22082,0.86263,NaN,NaN,NaN,NaN,NaN,NaN,NaN,NaN,NaN,NaN,NaN,NaN,NaN,NaN,NaN,NaN,NaN,NaN,NaN,NaN,NaN,
114.262,-0.01026,-0.01420,0.13017,-0.42612,-0.15962,-0.22053,0.86273,NaN,NaN,NaN,NaN,NaN,NaN,NaN,NaN,NaN,NaN,NaN,NaN,NaN,NaN,NaN,NaN,NaN,NaN,NaN,NaN,NaN,
114.288,-0.01029,-0.01416,0.13020,-0.42587,-0.16035,-0.22015,0.86282,NaN,NaN,NaN,NaN,NaN,NaN,NaN,NaN,NaN,NaN,NaN,NaN,NaN,NaN,NaN,NaN,NaN,NaN,NaN,NaN,NaN,
114.312,-0.01029,-0.01416,0.13020,-0.42587,-0.16035,-0.22015,0.86282,NaN,NaN,NaN,NaN,NaN,NaN,NaN,NaN,NaN,NaN,NaN,NaN,NaN,NaN,NaN,NaN,NaN,NaN,NaN,NaN,NaN,
114.338,-0.01038,-0.01415,0.13020,-0.42525,-0.16155,-0.21979,0.86299,NaN,NaN,NaN,NaN,NaN,NaN,NaN,NaN,NaN,NaN,NaN,NaN,NaN,NaN,NaN,NaN,NaN,NaN,NaN,NaN,NaN,
114.362,-0.01041,-0.01415,0.13020,-0.42505,-0.16199,-0.21962,0.86305,NaN,NaN,NaN,NaN,NaN,NaN,NaN,NaN,NaN,NaN,NaN,NaN,NaN,NaN,NaN,NaN,NaN,NaN,NaN,NaN,NaN,
114.388,-0.01046,-0.01415,0.13019,-0.42480,-0.16249,-0.21946,0.86312,NaN,NaN,NaN,NaN,NaN,NaN,NaN,NaN,NaN,NaN,NaN,NaN,NaN,NaN,NaN,NaN,NaN,NaN,NaN,NaN,NaN,
114.413,-0.01048,-0.01416,0.13019,-0.42467,-0.16294,-0.21920,0.86317,NaN,NaN,NaN,NaN,NaN,NaN,NaN,NaN,NaN,NaN,NaN,NaN,NaN,NaN,NaN,NaN,NaN,NaN,NaN,NaN,NaN,
114.438,-0.01056,-0.01416,0.13018,-0.42413,-0.16373,-0.21911,0.86331,NaN,NaN,NaN,NaN,NaN,NaN,NaN,NaN,NaN,NaN,NaN,NaN,NaN,NaN,NaN,NaN,NaN,NaN,NaN,NaN,NaN,
114.462,-0.01059,-0.01416,0.13025,-0.42369,-0.16425,-0.21916,0.86341,NaN,NaN,NaN,NaN,NaN,NaN,NaN,NaN,NaN,NaN,NaN,NaN,NaN,NaN,NaN,NaN,NaN,NaN,NaN,NaN,NaN,
114.488,-0.01062,-0.01416,0.13029,-0.42295,-0.16512,-0.21924,0.86358,NaN,NaN,NaN,NaN,NaN,NaN,NaN,NaN,NaN,NaN,NaN,NaN,NaN,NaN,NaN,NaN,NaN,NaN,NaN,NaN,NaN,
114.512,-0.01062,-0.01416,0.13029,-0.42295,-0.16512,-0.21924,0.86358,NaN,NaN,NaN,NaN,NaN,NaN,NaN,NaN,NaN,NaN,NaN,NaN,NaN,NaN,NaN,NaN,NaN,NaN,NaN,NaN,NaN,
114.538,-0.01072,-0.01419,0.13033,-0.42129,-0.16700,-0.21951,0.86397,NaN,NaN,NaN,NaN,NaN,NaN,NaN,NaN,NaN,NaN,NaN,NaN,NaN,NaN,NaN,NaN,NaN,NaN,NaN,NaN,NaN,
114.562,-0.01079,-0.01419,0.13037,-0.42051,-0.16802,-0.21951,0.86415,NaN,NaN,NaN,NaN,NaN,NaN,NaN,NaN,NaN,NaN,NaN,NaN,NaN,NaN,NaN,NaN,NaN,NaN,NaN,NaN,NaN,
114.587,-0.01079,-0.01419,0.13037,-0.42051,-0.16802,-0.21951,0.86415,NaN,NaN,NaN,NaN,NaN,NaN,NaN,NaN,NaN,NaN,NaN,NaN,NaN,NaN,NaN,NaN,NaN,NaN,NaN,NaN,NaN,
114.612,-0.01088,-0.01416,0.13037,-0.42013,-0.16918,-0.21887,0.86427,NaN,NaN,NaN,NaN,NaN,NaN,NaN,NaN,NaN,NaN,NaN,NaN,NaN,NaN,NaN,NaN,NaN,NaN,NaN,NaN,NaN,
114.638,-0.01106,-0.01413,0.13037,-0.41905,-0.17143,-0.21805,0.86456,NaN,NaN,NaN,NaN,NaN,NaN,NaN,NaN,NaN,NaN,NaN,NaN,NaN,NaN,NaN,NaN,NaN,NaN,NaN,NaN,NaN,
114.662,-0.01106,-0.01413,0.13037,-0.41905,-0.17143,-0.21805,0.86456,NaN,NaN,NaN,NaN,NaN,NaN,NaN,NaN,NaN,NaN,NaN,NaN,NaN,NaN,NaN,NaN,NaN,NaN,NaN,NaN,NaN,
114.688,-0.01116,-0.01423,0.13051,-0.41743,-0.17305,-0.21851,0.86491,NaN,NaN,NaN,NaN,NaN,NaN,NaN,NaN,NaN,NaN,NaN,NaN,NaN,NaN,NaN,NaN,NaN,NaN,NaN,NaN,NaN,
114.712,-0.01117,-0.01419,0.13048,-0.41711,-0.17410,-0.21788,0.86500,NaN,NaN,NaN,NaN,NaN,NaN,NaN,NaN,NaN,NaN,NaN,NaN,NaN,NaN,NaN,NaN,NaN,NaN,NaN,NaN,NaN,
114.738,-0.01131,-0.01424,0.13054,-0.41530,-0.17632,-0.21799,0.86540,NaN,NaN,NaN,NaN,NaN,NaN,NaN,NaN,NaN,NaN,NaN,NaN,NaN,NaN,NaN,NaN,NaN,NaN,NaN,NaN,NaN,
114.762,-0.01145,-0.01426,0.13055,-0.41353,-0.17886,-0.21772,0.86580,NaN,NaN,NaN,NaN,NaN,NaN,NaN,NaN,NaN,NaN,NaN,NaN,NaN,NaN,NaN,NaN,NaN,NaN,NaN,NaN,NaN,
114.788,-0.01158,-0.01425,0.13057,-0.41256,-0.18086,-0.21698,0.86603,NaN,NaN,NaN,NaN,NaN,NaN,NaN,NaN,NaN,NaN,NaN,NaN,NaN,NaN,NaN,NaN,NaN,NaN,NaN,NaN,NaN,
114.812,-0.01169,-0.01424,0.13064,-0.41191,-0.18197,-0.21671,0.86617,NaN,NaN,NaN,NaN,NaN,NaN,NaN,NaN,NaN,NaN,NaN,NaN,NaN,NaN,NaN,NaN,NaN,NaN,NaN,NaN,NaN,
114.838,-0.01181,-0.01425,0.13054,-0.41132,-0.18278,-0.21665,0.86630,NaN,NaN,NaN,NaN,NaN,NaN,NaN,NaN,NaN,NaN,NaN,NaN,NaN,NaN,NaN,NaN,NaN,NaN,NaN,NaN,NaN,
114.863,-0.01176,-0.01430,0.13063,-0.41125,-0.18259,-0.21692,0.86630,NaN,NaN,NaN,NaN,NaN,NaN,NaN,NaN,NaN,NaN,NaN,NaN,NaN,NaN,NaN,NaN,NaN,NaN,NaN,NaN,NaN,
114.887,-0.01176,-0.01430,0.13063,-0.41125,-0.18259,-0.21692,0.86630,NaN,NaN,NaN,NaN,NaN,NaN,NaN,NaN,NaN,NaN,NaN,NaN,NaN,NaN,NaN,NaN,NaN,NaN,NaN,NaN,NaN,
114.912,-0.01178,-0.01433,0.13067,-0.41077,-0.18281,-0.21730,0.86639,NaN,NaN,NaN,NaN,NaN,NaN,NaN,NaN,NaN,NaN,NaN,NaN,NaN,NaN,NaN,NaN,NaN,NaN,NaN,NaN,NaN,
114.938,-0.01183,-0.01449,0.13071,-0.40862,-0.18407,-0.21870,0.86678,NaN,NaN,NaN,NaN,NaN,NaN,NaN,NaN,NaN,NaN,NaN,NaN,NaN,NaN,NaN,NaN,NaN,NaN,NaN,NaN,NaN,
114.962,-0.01183,-0.01449,0.13071,-0.40862,-0.18407,-0.21870,0.86678,NaN,NaN,NaN,NaN,NaN,NaN,NaN,NaN,NaN,NaN,NaN,NaN,NaN,NaN,NaN,NaN,NaN,NaN,NaN,NaN,NaN,
114.987,-0.01196,-0.01457,0.13071,-0.40675,-0.18596,-0.21916,0.86715,NaN,NaN,NaN,NaN,NaN,NaN,NaN,NaN,NaN,NaN,NaN,NaN,NaN,NaN,NaN,NaN,NaN,NaN,NaN,NaN,NaN,
115.012,-0.01198,-0.01468,0.13072,-0.40516,-0.18758,-0.21952,0.86745,NaN,NaN,NaN,NaN,NaN,NaN,NaN,NaN,NaN,NaN,NaN,NaN,NaN,NaN,NaN,NaN,NaN,NaN,NaN,NaN,NaN,
115.038,-0.01204,-0.01485,0.13073,-0.40330,-0.18852,-0.22087,0.86777,NaN,NaN,NaN,NaN,NaN,NaN,NaN,NaN,NaN,NaN,NaN,NaN,NaN,NaN,NaN,NaN,NaN,NaN,NaN,NaN,NaN,
115.062,-0.01201,-0.01491,0.13075,-0.40249,-0.18893,-0.22145,0.86791,NaN,NaN,NaN,NaN,NaN,NaN,NaN,NaN,NaN,NaN,NaN,NaN,NaN,NaN,NaN,NaN,NaN,NaN,NaN,NaN,NaN,
115.088,-0.01220,-0.01501,0.13066,-0.40031,-0.19049,-0.22259,0.86829,NaN,NaN,NaN,NaN,NaN,NaN,NaN,NaN,NaN,NaN,NaN,NaN,NaN,NaN,NaN,NaN,NaN,NaN,NaN,NaN,NaN,
115.112,-0.01207,-0.01513,0.13078,-0.40029,-0.18972,-0.22336,0.86827,NaN,NaN,NaN,NaN,NaN,NaN,NaN,NaN,NaN,NaN,NaN,NaN,NaN,NaN,NaN,NaN,NaN,NaN,NaN,NaN,NaN,
115.138,-0.01205,-0.01519,0.13085,-0.39886,-0.19059,-0.22423,0.86851,NaN,NaN,NaN,NaN,NaN,NaN,NaN,NaN,NaN,NaN,NaN,NaN,NaN,NaN,NaN,NaN,NaN,NaN,NaN,NaN,NaN,
115.162,-0.01205,-0.01519,0.13085,-0.39886,-0.19059,-0.22423,0.86851,NaN,NaN,NaN,NaN,NaN,NaN,NaN,NaN,NaN,NaN,NaN,NaN,NaN,NaN,NaN,NaN,NaN,NaN,NaN,NaN,NaN,
115.188,-0.01208,-0.01539,0.13082,-0.39656,-0.19093,-0.22668,0.86885,NaN,NaN,NaN,NaN,NaN,NaN,NaN,NaN,NaN,NaN,NaN,NaN,NaN,NaN,NaN,NaN,NaN,NaN,NaN,NaN,NaN,
115.212,-0.01208,-0.01539,0.13082,-0.39656,-0.19093,-0.22668,0.86885,NaN,NaN,NaN,NaN,NaN,NaN,NaN,NaN,NaN,NaN,NaN,NaN,NaN,NaN,NaN,NaN,NaN,NaN,NaN,NaN,NaN,
115.238,-0.01202,-0.01571,0.13084,-0.39365,-0.19135,-0.22976,0.86927,NaN,NaN,NaN,NaN,NaN,NaN,NaN,NaN,NaN,NaN,NaN,NaN,NaN,NaN,NaN,NaN,NaN,NaN,NaN,NaN,NaN,
115.263,-0.01205,-0.01582,0.13081,-0.39288,-0.19115,-0.23086,0.86937,NaN,NaN,NaN,NaN,NaN,NaN,NaN,NaN,NaN,NaN,NaN,NaN,NaN,NaN,NaN,NaN,NaN,NaN,NaN,NaN,NaN,
115.287,-0.01205,-0.01582,0.13081,-0.39288,-0.19115,-0.23086,0.86937,NaN,NaN,NaN,NaN,NaN,NaN,NaN,NaN,NaN,NaN,NaN,NaN,NaN,NaN,NaN,NaN,NaN,NaN,NaN,NaN,NaN,
115.312,-0.01200,-0.01592,0.13092,-0.39271,-0.19018,-0.23200,0.86936,NaN,NaN,NaN,NaN,NaN,NaN,NaN,NaN,NaN,NaN,NaN,NaN,NaN,NaN,NaN,NaN,NaN,NaN,NaN,NaN,NaN,
115.337,-0.01201,-0.01607,0.13089,-0.39054,-0.19106,-0.23374,0.86968,NaN,NaN,NaN,NaN,NaN,NaN,NaN,NaN,NaN,NaN,NaN,NaN,NaN,NaN,NaN,NaN,NaN,NaN,NaN,NaN,NaN,
115.362,-0.01197,-0.01625,0.13099,-0.38972,-0.19019,-0.23554,0.86975,NaN,NaN,NaN,NaN,NaN,NaN,NaN,NaN,NaN,NaN,NaN,NaN,NaN,NaN,NaN,NaN,NaN,NaN,NaN,NaN,NaN,
115.388,-0.01182,-0.01639,0.13103,-0.38751,-0.19014,-0.23820,0.87003,NaN,NaN,NaN,NaN,NaN,NaN,NaN,NaN,NaN,NaN,NaN,NaN,NaN,NaN,NaN,NaN,NaN,NaN,NaN,NaN,NaN,
115.412,-0.01182,-0.01639,0.13103,-0.38751,-0.19014,-0.23820,0.87003,NaN,NaN,NaN,NaN,NaN,NaN,NaN,NaN,NaN,NaN,NaN,NaN,NaN,NaN,NaN,NaN,NaN,NaN,NaN,NaN,NaN,
115.438,-0.01176,-0.01664,0.13114,-0.38569,-0.18954,-0.24092,0.87022,NaN,NaN,NaN,NaN,NaN,NaN,NaN,NaN,NaN,NaN,NaN,NaN,NaN,NaN,NaN,NaN,NaN,NaN,NaN,NaN,NaN,
115.462,-0.01176,-0.01664,0.13114,-0.38569,-0.18954,-0.24092,0.87022,NaN,NaN,NaN,NaN,NaN,NaN,NaN,NaN,NaN,NaN,NaN,NaN,NaN,NaN,NaN,NaN,NaN,NaN,NaN,NaN,NaN,
115.487,-0.01177,-0.01682,0.13105,-0.38395,-0.18998,-0.24254,0.87044,NaN,NaN,NaN,NaN,NaN,NaN,NaN,NaN,NaN,NaN,NaN,NaN,NaN,NaN,NaN,NaN,NaN,NaN,NaN,NaN,NaN,
115.512,-0.01175,-0.01688,0.13106,-0.38349,-0.18972,-0.24332,0.87048,NaN,NaN,NaN,NaN,NaN,NaN,NaN,NaN,NaN,NaN,NaN,NaN,NaN,NaN,NaN,NaN,NaN,NaN,NaN,NaN,NaN,
115.538,-0.01172,-0.01708,0.13110,-0.38131,-0.19044,-0.24519,0.87076,NaN,NaN,NaN,NaN,NaN,NaN,NaN,NaN,NaN,NaN,NaN,NaN,NaN,NaN,NaN,NaN,NaN,NaN,NaN,NaN,NaN,
115.562,-0.01172,-0.01708,0.13110,-0.38131,-0.19044,-0.24519,0.87076,NaN,NaN,NaN,NaN,NaN,NaN,NaN,NaN,NaN,NaN,NaN,NaN,NaN,NaN,NaN,NaN,NaN,NaN,NaN,NaN,NaN,
115.588,-0.01173,-0.01725,0.13110,-0.37943,-0.19084,-0.24700,0.87098,NaN,NaN,NaN,NaN,NaN,NaN,NaN,NaN,NaN,NaN,NaN,NaN,NaN,NaN,NaN,NaN,NaN,NaN,NaN,NaN,NaN,
115.612,-0.01158,-0.01738,0.13112,-0.37867,-0.19013,-0.24855,0.87102,NaN,NaN,NaN,NaN,NaN,NaN,NaN,NaN,NaN,NaN,NaN,NaN,NaN,NaN,NaN,NaN,NaN,NaN,NaN,NaN,NaN,
115.638,-0.01146,-0.01753,0.13117,-0.37766,-0.18970,-0.25013,0.87110,NaN,NaN,NaN,NaN,NaN,NaN,NaN,NaN,NaN,NaN,NaN,NaN,NaN,NaN,NaN,NaN,NaN,NaN,NaN,NaN,NaN,
115.663,-0.01141,-0.01769,0.13114,-0.37635,-0.19023,-0.25115,0.87126,NaN,NaN,NaN,NaN,NaN,NaN,NaN,NaN,NaN,NaN,NaN,NaN,NaN,NaN,NaN,NaN,NaN,NaN,NaN,NaN,NaN,
115.688,-0.01151,-0.01778,0.13112,-0.37484,-0.19107,-0.25210,0.87145,NaN,NaN,NaN,NaN,NaN,NaN,NaN,NaN,NaN,NaN,NaN,NaN,NaN,NaN,NaN,NaN,NaN,NaN,NaN,NaN,NaN,
115.712,-0.01151,-0.01778,0.13112,-0.37484,-0.19107,-0.25210,0.87145,NaN,NaN,NaN,NaN,NaN,NaN,NaN,NaN,NaN,NaN,NaN,NaN,NaN,NaN,NaN,NaN,NaN,NaN,NaN,NaN,NaN,
115.737,-0.01153,-0.01791,0.13109,-0.37346,-0.19135,-0.25343,0.87160,NaN,NaN,NaN,NaN,NaN,NaN,NaN,NaN,NaN,NaN,NaN,NaN,NaN,NaN,NaN,NaN,NaN,NaN,NaN,NaN,NaN,
115.762,-0.01140,-0.01799,0.13112,-0.37367,-0.19012,-0.25434,0.87151,NaN,NaN,NaN,NaN,NaN,NaN,NaN,NaN,NaN,NaN,NaN,NaN,NaN,NaN,NaN,NaN,NaN,NaN,NaN,NaN,NaN,
115.788,-0.01129,-0.01826,0.13118,-0.37196,-0.18906,-0.25730,0.87161,NaN,NaN,NaN,NaN,NaN,NaN,NaN,NaN,NaN,NaN,NaN,NaN,NaN,NaN,NaN,NaN,NaN,NaN,NaN,NaN,NaN,
115.812,-0.01116,-0.01841,0.13110,-0.37088,-0.18949,-0.25814,0.87173,NaN,NaN,NaN,NaN,NaN,NaN,NaN,NaN,NaN,NaN,NaN,NaN,NaN,NaN,NaN,NaN,NaN,NaN,NaN,NaN,NaN,
115.838,-0.01120,-0.01850,0.13104,-0.36960,-0.19008,-0.25905,0.87187,NaN,NaN,NaN,NaN,NaN,NaN,NaN,NaN,NaN,NaN,NaN,NaN,NaN,NaN,NaN,NaN,NaN,NaN,NaN,NaN,NaN,
115.862,-0.01120,-0.01850,0.13104,-0.36960,-0.19008,-0.25905,0.87187,NaN,NaN,NaN,NaN,NaN,NaN,NaN,NaN,NaN,NaN,NaN,NaN,NaN,NaN,NaN,NaN,NaN,NaN,NaN,NaN,NaN,
115.888,-0.01119,-0.01876,0.13101,-0.36710,-0.19098,-0.26107,0.87213,NaN,NaN,NaN,NaN,NaN,NaN,NaN,NaN,NaN,NaN,NaN,NaN,NaN,NaN,NaN,NaN,NaN,NaN,NaN,NaN,NaN,
115.912,-0.01119,-0.01876,0.13101,-0.36710,-0.19098,-0.26107,0.87213,NaN,NaN,NaN,NaN,NaN,NaN,NaN,NaN,NaN,NaN,NaN,NaN,NaN,NaN,NaN,NaN,NaN,NaN,NaN,NaN,NaN,
115.938,-0.01124,-0.01897,0.13099,-0.36506,-0.19104,-0.26332,0.87229,NaN,NaN,NaN,NaN,NaN,NaN,NaN,NaN,NaN,NaN,NaN,NaN,NaN,NaN,NaN,NaN,NaN,NaN,NaN,NaN,NaN,
115.963,-0.01117,-0.01906,0.13106,-0.36416,-0.19144,-0.26397,0.87239,NaN,NaN,NaN,NaN,NaN,NaN,NaN,NaN,NaN,NaN,NaN,NaN,NaN,NaN,NaN,NaN,NaN,NaN,NaN,NaN,NaN,
115.988,-0.01109,-0.01914,0.13106,-0.36369,-0.19155,-0.26440,0.87243,NaN,NaN,NaN,NaN,NaN,NaN,NaN,NaN,NaN,NaN,NaN,NaN,NaN,NaN,NaN,NaN,NaN,NaN,NaN,NaN,NaN,
116.013,-0.01101,-0.01919,0.13111,-0.36308,-0.19143,-0.26520,0.87247,NaN,NaN,NaN,NaN,NaN,NaN,NaN,NaN,NaN,NaN,NaN,NaN,NaN,NaN,NaN,NaN,NaN,NaN,NaN,NaN,NaN,
116.038,-0.01107,-0.01921,0.13115,-0.36240,-0.19125,-0.26613,0.87250,NaN,NaN,NaN,NaN,NaN,NaN,NaN,NaN,NaN,NaN,NaN,NaN,NaN,NaN,NaN,NaN,NaN,NaN,NaN,NaN,NaN,
116.062,-0.01107,-0.01921,0.13115,-0.36240,-0.19125,-0.26613,0.87250,NaN,NaN,NaN,NaN,NaN,NaN,NaN,NaN,NaN,NaN,NaN,NaN,NaN,NaN,NaN,NaN,NaN,NaN,NaN,NaN,NaN,
116.088,-0.01111,-0.01944,0.13107,-0.35932,-0.19325,-0.26774,0.87284,NaN,NaN,NaN,NaN,NaN,NaN,NaN,NaN,NaN,NaN,NaN,NaN,NaN,NaN,NaN,NaN,NaN,NaN,NaN,NaN,NaN,
116.112,-0.01115,-0.01955,0.13104,-0.35829,-0.19360,-0.26857,0.87293,NaN,NaN,NaN,NaN,NaN,NaN,NaN,NaN,NaN,NaN,NaN,NaN,NaN,NaN,NaN,NaN,NaN,NaN,NaN,NaN,NaN,
116.138,-0.01111,-0.01969,0.13100,-0.35772,-0.19345,-0.26936,0.87296,NaN,NaN,NaN,NaN,NaN,NaN,NaN,NaN,NaN,NaN,NaN,NaN,NaN,NaN,NaN,NaN,NaN,NaN,NaN,NaN,NaN,
116.162,-0.01111,-0.01969,0.13100,-0.35772,-0.19345,-0.26936,0.87296,NaN,NaN,NaN,NaN,NaN,NaN,NaN,NaN,NaN,NaN,NaN,NaN,NaN,NaN,NaN,NaN,NaN,NaN,NaN,NaN,NaN,
116.188,-0.01110,-0.01993,0.13111,-0.35434,-0.19476,-0.27192,0.87325,NaN,NaN,NaN,NaN,NaN,NaN,NaN,NaN,NaN,NaN,NaN,NaN,NaN,NaN,NaN,NaN,NaN,NaN,NaN,NaN,NaN,
116.212,-0.01110,-0.01993,0.13111,-0.35434,-0.19476,-0.27192,0.87325,NaN,NaN,NaN,NaN,NaN,NaN,NaN,NaN,NaN,NaN,NaN,NaN,NaN,NaN,NaN,NaN,NaN,NaN,NaN,NaN,NaN,
116.238,-0.01107,-0.02006,0.13107,-0.35315,-0.19466,-0.27334,0.87331,NaN,NaN,NaN,NaN,NaN,NaN,NaN,NaN,NaN,NaN,NaN,NaN,NaN,NaN,NaN,NaN,NaN,NaN,NaN,NaN,NaN,
116.263,-0.01096,-0.02012,0.13110,-0.35292,-0.19393,-0.27428,0.87327,NaN,NaN,NaN,NaN,NaN,NaN,NaN,NaN,NaN,NaN,NaN,NaN,NaN,NaN,NaN,NaN,NaN,NaN,NaN,NaN,NaN,
116.288,-0.01095,-0.02021,0.13107,-0.35208,-0.19413,-0.27503,0.87333,NaN,NaN,NaN,NaN,NaN,NaN,NaN,NaN,NaN,NaN,NaN,NaN,NaN,NaN,NaN,NaN,NaN,NaN,NaN,NaN,NaN,
116.313,-0.01093,-0.02033,0.13112,-0.35153,-0.19380,-0.27594,0.87334,NaN,NaN,NaN,NaN,NaN,NaN,NaN,NaN,NaN,NaN,NaN,NaN,NaN,NaN,NaN,NaN,NaN,NaN,NaN,NaN,NaN,
116.338,-0.01096,-0.02046,0.13104,-0.35003,-0.19487,-0.27661,0.87349,NaN,NaN,NaN,NaN,NaN,NaN,NaN,NaN,NaN,NaN,NaN,NaN,NaN,NaN,NaN,NaN,NaN,NaN,NaN,NaN,NaN,
116.362,-0.01096,-0.02046,0.13104,-0.35003,-0.19487,-0.27661,0.87349,NaN,NaN,NaN,NaN,NaN,NaN,NaN,NaN,NaN,NaN,NaN,NaN,NaN,NaN,NaN,NaN,NaN,NaN,NaN,NaN,NaN,
116.387,-0.01102,-0.02052,0.13103,-0.34963,-0.19523,-0.27673,0.87354,NaN,NaN,NaN,NaN,NaN,NaN,NaN,NaN,NaN,NaN,NaN,NaN,NaN,NaN,NaN,NaN,NaN,NaN,NaN,NaN,NaN,
116.412,-0.01104,-0.02051,0.13107,-0.34815,-0.19634,-0.27734,0.87368,NaN,NaN,NaN,NaN,NaN,NaN,NaN,NaN,NaN,NaN,NaN,NaN,NaN,NaN,NaN,NaN,NaN,NaN,NaN,NaN,NaN,
116.438,-0.01105,-0.02062,0.13110,-0.34739,-0.19665,-0.27790,0.87374,NaN,NaN,NaN,NaN,NaN,NaN,NaN,NaN,NaN,NaN,NaN,NaN,NaN,NaN,NaN,NaN,NaN,NaN,NaN,NaN,NaN,
116.462,-0.01105,-0.02062,0.13110,-0.34739,-0.19665,-0.27790,0.87374,NaN,NaN,NaN,NaN,NaN,NaN,NaN,NaN,NaN,NaN,NaN,NaN,NaN,NaN,NaN,NaN,NaN,NaN,NaN,NaN,NaN,
116.488,-0.01106,-0.02069,0.13117,-0.34588,-0.19739,-0.27888,0.87386,NaN,NaN,NaN,NaN,NaN,NaN,NaN,NaN,NaN,NaN,NaN,NaN,NaN,NaN,NaN,NaN,NaN,NaN,NaN,NaN,NaN,
116.512,-0.01106,-0.02069,0.13117,-0.34588,-0.19739,-0.27888,0.87386,NaN,NaN,NaN,NaN,NaN,NaN,NaN,NaN,NaN,NaN,NaN,NaN,NaN,NaN,NaN,NaN,NaN,NaN,NaN,NaN,NaN,
116.538,-0.01119,-0.02084,0.13123,-0.34427,-0.19873,-0.27941,0.87402,NaN,NaN,NaN,NaN,NaN,NaN,NaN,NaN,NaN,NaN,NaN,NaN,NaN,NaN,NaN,NaN,NaN,NaN,NaN,NaN,NaN,
116.562,-0.01119,-0.02084,0.13123,-0.34427,-0.19873,-0.27941,0.87402,NaN,NaN,NaN,NaN,NaN,NaN,NaN,NaN,NaN,NaN,NaN,NaN,NaN,NaN,NaN,NaN,NaN,NaN,NaN,NaN,NaN,
116.588,-0.01133,-0.02097,0.13116,-0.34225,-0.20078,-0.27973,0.87424,NaN,NaN,NaN,NaN,NaN,NaN,NaN,NaN,NaN,NaN,NaN,NaN,NaN,NaN,NaN,NaN,NaN,NaN,NaN,NaN,NaN,
116.612,-0.01142,-0.02103,0.13118,-0.34107,-0.20143,-0.28042,0.87433,NaN,NaN,NaN,NaN,NaN,NaN,NaN,NaN,NaN,NaN,NaN,NaN,NaN,NaN,NaN,NaN,NaN,NaN,NaN,NaN,NaN,
116.637,-0.01142,-0.02103,0.13118,-0.34107,-0.20143,-0.28042,0.87433,NaN,NaN,NaN,NaN,NaN,NaN,NaN,NaN,NaN,NaN,NaN,NaN,NaN,NaN,NaN,NaN,NaN,NaN,NaN,NaN,NaN,
116.662,-0.01159,-0.02103,0.13120,-0.33887,-0.20377,-0.28065,0.87457,NaN,NaN,NaN,NaN,NaN,NaN,NaN,NaN,NaN,NaN,NaN,NaN,NaN,NaN,NaN,NaN,NaN,NaN,NaN,NaN,NaN,
116.688,-0.01149,-0.02107,0.13126,-0.33851,-0.20395,-0.28088,0.87460,NaN,NaN,NaN,NaN,NaN,NaN,NaN,NaN,NaN,NaN,NaN,NaN,NaN,NaN,NaN,NaN,NaN,NaN,NaN,NaN,NaN,
116.713,-0.01156,-0.02115,0.13119,-0.33759,-0.20421,-0.28165,0.87465,NaN,NaN,NaN,NaN,NaN,NaN,NaN,NaN,NaN,NaN,NaN,NaN,NaN,NaN,NaN,NaN,NaN,NaN,NaN,NaN,NaN,
116.738,-0.01151,-0.02129,0.13124,-0.33681,-0.20419,-0.28252,0.87467,NaN,NaN,NaN,NaN,NaN,NaN,NaN,NaN,NaN,NaN,NaN,NaN,NaN,NaN,NaN,NaN,NaN,NaN,NaN,NaN,NaN,
116.762,-0.01151,-0.02129,0.13124,-0.33681,-0.20419,-0.28252,0.87467,NaN,NaN,NaN,NaN,NaN,NaN,NaN,NaN,NaN,NaN,NaN,NaN,NaN,NaN,NaN,NaN,NaN,NaN,NaN,NaN,NaN,
116.788,-0.01150,-0.02134,0.13132,-0.33629,-0.20415,-0.28313,0.87468,NaN,NaN,NaN,NaN,NaN,NaN,NaN,NaN,NaN,NaN,NaN,NaN,NaN,NaN,NaN,NaN,NaN,NaN,NaN,NaN,NaN,
116.812,-0.01164,-0.02137,0.13129,-0.33533,-0.20498,-0.28340,0.87477,NaN,NaN,NaN,NaN,NaN,NaN,NaN,NaN,NaN,NaN,NaN,NaN,NaN,NaN,NaN,NaN,NaN,NaN,NaN,NaN,NaN,
116.838,-0.01167,-0.02143,0.13135,-0.33417,-0.20550,-0.28418,0.87484,NaN,NaN,NaN,NaN,NaN,NaN,NaN,NaN,NaN,NaN,NaN,NaN,NaN,NaN,NaN,NaN,NaN,NaN,NaN,NaN,NaN,
116.862,-0.01166,-0.02147,0.13134,-0.33343,-0.20586,-0.28466,0.87488,NaN,NaN,NaN,NaN,NaN,NaN,NaN,NaN,NaN,NaN,NaN,NaN,NaN,NaN,NaN,NaN,NaN,NaN,NaN,NaN,NaN,
116.888,-0.01168,-0.02150,0.13134,-0.33284,-0.20611,-0.28507,0.87491,NaN,NaN,NaN,NaN,NaN,NaN,NaN,NaN,NaN,NaN,NaN,NaN,NaN,NaN,NaN,NaN,NaN,NaN,NaN,NaN,NaN,
116.912,-0.01168,-0.02150,0.13134,-0.33284,-0.20611,-0.28507,0.87491,NaN,NaN,NaN,NaN,NaN,NaN,NaN,NaN,NaN,NaN,NaN,NaN,NaN,NaN,NaN,NaN,NaN,NaN,NaN,NaN,NaN,
116.938,-0.01158,-0.02160,0.13149,-0.33218,-0.20640,-0.28551,0.87495,NaN,NaN,NaN,NaN,NaN,NaN,NaN,NaN,NaN,NaN,NaN,NaN,NaN,NaN,NaN,NaN,NaN,NaN,NaN,NaN,NaN,
116.962,-0.01174,-0.02168,0.13142,-0.33100,-0.20698,-0.28625,0.87502,NaN,NaN,NaN,NaN,NaN,NaN,NaN,NaN,NaN,NaN,NaN,NaN,NaN,NaN,NaN,NaN,NaN,NaN,NaN,NaN,NaN,
116.987,-0.01166,-0.02182,0.13146,-0.33007,-0.20660,-0.28762,0.87501,NaN,NaN,NaN,NaN,NaN,NaN,NaN,NaN,NaN,NaN,NaN,NaN,NaN,NaN,NaN,NaN,NaN,NaN,NaN,NaN,NaN,
117.012,-0.01160,-0.02189,0.13152,-0.33027,-0.20576,-0.28818,0.87495,NaN,NaN,NaN,NaN,NaN,NaN,NaN,NaN,NaN,NaN,NaN,NaN,NaN,NaN,NaN,NaN,NaN,NaN,NaN,NaN,NaN,
117.038,-0.01168,-0.02192,0.13149,-0.32948,-0.20606,-0.28875,0.87499,NaN,NaN,NaN,NaN,NaN,NaN,NaN,NaN,NaN,NaN,NaN,NaN,NaN,NaN,NaN,NaN,NaN,NaN,NaN,NaN,NaN,
117.062,-0.01168,-0.02192,0.13149,-0.32948,-0.20606,-0.28875,0.87499,NaN,NaN,NaN,NaN,NaN,NaN,NaN,NaN,NaN,NaN,NaN,NaN,NaN,NaN,NaN,NaN,NaN,NaN,NaN,NaN,NaN,
117.088,-0.01169,-0.02197,0.13159,-0.32854,-0.20645,-0.28941,0.87503,NaN,NaN,NaN,NaN,NaN,NaN,NaN,NaN,NaN,NaN,NaN,NaN,NaN,NaN,NaN,NaN,NaN,NaN,NaN,NaN,NaN,
117.112,-0.01173,-0.02201,0.13155,-0.32778,-0.20718,-0.28955,0.87510,NaN,NaN,NaN,NaN,NaN,NaN,NaN,NaN,NaN,NaN,NaN,NaN,NaN,NaN,NaN,NaN,NaN,NaN,NaN,NaN,NaN,
117.138,-0.01184,-0.02208,0.13147,-0.32682,-0.20759,-0.29021,0.87514,NaN,NaN,NaN,NaN,NaN,NaN,NaN,NaN,NaN,NaN,NaN,NaN,NaN,NaN,NaN,NaN,NaN,NaN,NaN,NaN,NaN,
117.162,-0.01184,-0.02208,0.13147,-0.32682,-0.20759,-0.29021,0.87514,NaN,NaN,NaN,NaN,NaN,NaN,NaN,NaN,NaN,NaN,NaN,NaN,NaN,NaN,NaN,NaN,NaN,NaN,NaN,NaN,NaN,
117.187,-0.01167,-0.02225,0.13155,-0.32631,-0.20675,-0.29154,0.87509,NaN,NaN,NaN,NaN,NaN,NaN,NaN,NaN,NaN,NaN,NaN,NaN,NaN,NaN,NaN,NaN,NaN,NaN,NaN,NaN,NaN,
117.212,-0.01178,-0.02231,0.13149,-0.32521,-0.20746,-0.29205,0.87516,NaN,NaN,NaN,NaN,NaN,NaN,NaN,NaN,NaN,NaN,NaN,NaN,NaN,NaN,NaN,NaN,NaN,NaN,NaN,NaN,NaN,
117.238,-0.01176,-0.02230,0.13150,-0.32564,-0.20704,-0.29198,0.87512,NaN,NaN,NaN,NaN,NaN,NaN,NaN,NaN,NaN,NaN,NaN,NaN,NaN,NaN,NaN,NaN,NaN,NaN,NaN,NaN,NaN,
117.262,-0.01178,-0.02236,0.13156,-0.32515,-0.20693,-0.29261,0.87512,NaN,NaN,NaN,NaN,NaN,NaN,NaN,NaN,NaN,NaN,NaN,NaN,NaN,NaN,NaN,NaN,NaN,NaN,NaN,NaN,NaN,
117.288,-0.01176,-0.02242,0.13160,-0.32437,-0.20688,-0.29350,0.87513,NaN,NaN,NaN,NaN,NaN,NaN,NaN,NaN,NaN,NaN,NaN,NaN,NaN,NaN,NaN,NaN,NaN,NaN,NaN,NaN,NaN,
117.312,-0.01176,-0.02242,0.13160,-0.32437,-0.20688,-0.29350,0.87513,NaN,NaN,NaN,NaN,NaN,NaN,NaN,NaN,NaN,NaN,NaN,NaN,NaN,NaN,NaN,NaN,NaN,NaN,NaN,NaN,NaN,
117.338,-0.01178,-0.02256,0.13155,-0.32321,-0.20708,-0.29455,0.87515,NaN,NaN,NaN,NaN,NaN,NaN,NaN,NaN,NaN,NaN,NaN,NaN,NaN,NaN,NaN,NaN,NaN,NaN,NaN,NaN,NaN,
117.362,-0.01180,-0.02264,0.13155,-0.32207,-0.20785,-0.29506,0.87522,NaN,NaN,NaN,NaN,NaN,NaN,NaN,NaN,NaN,NaN,NaN,NaN,NaN,NaN,NaN,NaN,NaN,NaN,NaN,NaN,NaN,
117.387,-0.01180,-0.02264,0.13155,-0.32207,-0.20785,-0.29506,0.87522,NaN,NaN,NaN,NaN,NaN,NaN,NaN,NaN,NaN,NaN,NaN,NaN,NaN,NaN,NaN,NaN,NaN,NaN,NaN,NaN,NaN,
117.412,-0.01183,-0.02270,0.13155,-0.32105,-0.20848,-0.29556,0.87527,NaN,NaN,NaN,NaN,NaN,NaN,NaN,NaN,NaN,NaN,NaN,NaN,NaN,NaN,NaN,NaN,NaN,NaN,NaN,NaN,NaN,
117.438,-0.01188,-0.02274,0.13158,-0.32056,-0.20832,-0.29624,0.87526,NaN,NaN,NaN,NaN,NaN,NaN,NaN,NaN,NaN,NaN,NaN,NaN,NaN,NaN,NaN,NaN,NaN,NaN,NaN,NaN,NaN,
117.462,-0.01187,-0.02281,0.13159,-0.32005,-0.20814,-0.29695,0.87525,NaN,NaN,NaN,NaN,NaN,NaN,NaN,NaN,NaN,NaN,NaN,NaN,NaN,NaN,NaN,NaN,NaN,NaN,NaN,NaN,NaN,
117.488,-0.01191,-0.02287,0.13158,-0.31907,-0.20857,-0.29759,0.87529,NaN,NaN,NaN,NaN,NaN,NaN,NaN,NaN,NaN,NaN,NaN,NaN,NaN,NaN,NaN,NaN,NaN,NaN,NaN,NaN,NaN,
117.512,-0.01180,-0.02291,0.13172,-0.31920,-0.20803,-0.29795,0.87525,NaN,NaN,NaN,NaN,NaN,NaN,NaN,NaN,NaN,NaN,NaN,NaN,NaN,NaN,NaN,NaN,NaN,NaN,NaN,NaN,NaN,
117.538,-0.01187,-0.02289,0.13162,-0.31840,-0.20834,-0.29852,0.87527,NaN,NaN,NaN,NaN,NaN,NaN,NaN,NaN,NaN,NaN,NaN,NaN,NaN,NaN,NaN,NaN,NaN,NaN,NaN,NaN,NaN,
117.562,-0.01184,-0.02295,0.13170,-0.31799,-0.20802,-0.29924,0.87525,NaN,NaN,NaN,NaN,NaN,NaN,NaN,NaN,NaN,NaN,NaN,NaN,NaN,NaN,NaN,NaN,NaN,NaN,NaN,NaN,NaN,
117.588,-0.01186,-0.02304,0.13166,-0.31752,-0.20791,-0.29986,0.87524,NaN,NaN,NaN,NaN,NaN,NaN,NaN,NaN,NaN,NaN,NaN,NaN,NaN,NaN,NaN,NaN,NaN,NaN,NaN,NaN,NaN,
117.613,-0.01181,-0.02329,0.13163,-0.31625,-0.20774,-0.30135,0.87522,NaN,NaN,NaN,NaN,NaN,NaN,NaN,NaN,NaN,NaN,NaN,NaN,NaN,NaN,NaN,NaN,NaN,NaN,NaN,NaN,NaN,
117.638,-0.01174,-0.02334,0.13161,-0.31587,-0.20751,-0.30196,0.87521,NaN,NaN,NaN,NaN,NaN,NaN,NaN,NaN,NaN,NaN,NaN,NaN,NaN,NaN,NaN,NaN,NaN,NaN,NaN,NaN,NaN,
117.663,-0.01183,-0.02338,0.13156,-0.31514,-0.20727,-0.30296,0.87518,NaN,NaN,NaN,NaN,NaN,NaN,NaN,NaN,NaN,NaN,NaN,NaN,NaN,NaN,NaN,NaN,NaN,NaN,NaN,NaN,NaN,
117.688,-0.01165,-0.02348,0.13163,-0.31510,-0.20593,-0.30422,0.87507,NaN,NaN,NaN,NaN,NaN,NaN,NaN,NaN,NaN,NaN,NaN,NaN,NaN,NaN,NaN,NaN,NaN,NaN,NaN,NaN,NaN,
117.712,-0.01165,-0.02348,0.13163,-0.31510,-0.20593,-0.30422,0.87507,NaN,NaN,NaN,NaN,NaN,NaN,NaN,NaN,NaN,NaN,NaN,NaN,NaN,NaN,NaN,NaN,NaN,NaN,NaN,NaN,NaN,
117.737,-0.01156,-0.02360,0.13170,-0.31452,-0.20501,-0.30569,0.87499,NaN,NaN,NaN,NaN,NaN,NaN,NaN,NaN,NaN,NaN,NaN,NaN,NaN,NaN,NaN,NaN,NaN,NaN,NaN,NaN,NaN,
117.762,-0.01148,-0.02364,0.13172,-0.31429,-0.20420,-0.30665,0.87492,NaN,NaN,NaN,NaN,NaN,NaN,NaN,NaN,NaN,NaN,NaN,NaN,NaN,NaN,NaN,NaN,NaN,NaN,NaN,NaN,NaN,
117.787,-0.01142,-0.02374,0.13168,-0.31350,-0.20409,-0.30759,0.87490,NaN,NaN,NaN,NaN,NaN,NaN,NaN,NaN,NaN,NaN,NaN,NaN,NaN,NaN,NaN,NaN,NaN,NaN,NaN,NaN,NaN,
117.812,-0.01144,-0.02397,0.13172,-0.31154,-0.20504,-0.30879,0.87496,NaN,NaN,NaN,NaN,NaN,NaN,NaN,NaN,NaN,NaN,NaN,NaN,NaN,NaN,NaN,NaN,NaN,NaN,NaN,NaN,NaN,
117.838,-0.01154,-0.02401,0.13169,-0.31071,-0.20553,-0.30921,0.87499,NaN,NaN,NaN,NaN,NaN,NaN,NaN,NaN,NaN,NaN,NaN,NaN,NaN,NaN,NaN,NaN,NaN,NaN,NaN,NaN,NaN,
117.862,-0.01154,-0.02401,0.13169,-0.31071,-0.20553,-0.30921,0.87499,NaN,NaN,NaN,NaN,NaN,NaN,NaN,NaN,NaN,NaN,NaN,NaN,NaN,NaN,NaN,NaN,NaN,NaN,NaN,NaN,NaN,
117.888,-0.01137,-0.02416,0.13176,-0.31039,-0.20442,-0.31055,0.87489,NaN,NaN,NaN,NaN,NaN,NaN,NaN,NaN,NaN,NaN,NaN,NaN,NaN,NaN,NaN,NaN,NaN,NaN,NaN,NaN,NaN,
117.912,-0.01142,-0.02420,0.13185,-0.30954,-0.20448,-0.31138,0.87488,NaN,NaN,NaN,NaN,NaN,NaN,NaN,NaN,NaN,NaN,NaN,NaN,NaN,NaN,NaN,NaN,NaN,NaN,NaN,NaN,NaN,
117.938,-0.01139,-0.02430,0.13186,-0.30825,-0.20493,-0.31232,0.87490,NaN,NaN,NaN,NaN,NaN,NaN,NaN,NaN,NaN,NaN,NaN,NaN,NaN,NaN,NaN,NaN,NaN,NaN,NaN,NaN,NaN,
117.962,-0.01139,-0.02430,0.13186,-0.30825,-0.20493,-0.31232,0.87490,NaN,NaN,NaN,NaN,NaN,NaN,NaN,NaN,NaN,NaN,NaN,NaN,NaN,NaN,NaN,NaN,NaN,NaN,NaN,NaN,NaN,
117.988,-0.01132,-0.02442,0.13182,-0.30761,-0.20337,-0.31440,0.87474,NaN,NaN,NaN,NaN,NaN,NaN,NaN,NaN,NaN,NaN,NaN,NaN,NaN,NaN,NaN,NaN,NaN,NaN,NaN,NaN,NaN,
118.013,-0.01128,-0.02451,0.13176,-0.30729,-0.20256,-0.31547,0.87466,NaN,NaN,NaN,NaN,NaN,NaN,NaN,NaN,NaN,NaN,NaN,NaN,NaN,NaN,NaN,NaN,NaN,NaN,NaN,NaN,NaN,
118.038,-0.01120,-0.02471,0.13177,-0.30630,-0.20232,-0.31672,0.87461,NaN,NaN,NaN,NaN,NaN,NaN,NaN,NaN,NaN,NaN,NaN,NaN,NaN,NaN,NaN,NaN,NaN,NaN,NaN,NaN,NaN,
118.063,-0.01125,-0.02480,0.13168,-0.30547,-0.20258,-0.31734,0.87461,NaN,NaN,NaN,NaN,NaN,NaN,NaN,NaN,NaN,NaN,NaN,NaN,NaN,NaN,NaN,NaN,NaN,NaN,NaN,NaN,NaN,
118.088,-0.01120,-0.02489,0.13175,-0.30509,-0.20220,-0.31807,0.87457,NaN,NaN,NaN,NaN,NaN,NaN,NaN,NaN,NaN,NaN,NaN,NaN,NaN,NaN,NaN,NaN,NaN,NaN,NaN,NaN,NaN,
118.113,-0.01116,-0.02493,0.13176,-0.30489,-0.20191,-0.31855,0.87453,NaN,NaN,NaN,NaN,NaN,NaN,NaN,NaN,NaN,NaN,NaN,NaN,NaN,NaN,NaN,NaN,NaN,NaN,NaN,NaN,NaN,
118.138,-0.01113,-0.02505,0.13177,-0.30382,-0.20216,-0.31942,0.87453,NaN,NaN,NaN,NaN,NaN,NaN,NaN,NaN,NaN,NaN,NaN,NaN,NaN,NaN,NaN,NaN,NaN,NaN,NaN,NaN,NaN,
118.162,-0.01109,-0.02513,0.13181,-0.30287,-0.20237,-0.32021,0.87452,NaN,NaN,NaN,NaN,NaN,NaN,NaN,NaN,NaN,NaN,NaN,NaN,NaN,NaN,NaN,NaN,NaN,NaN,NaN,NaN,NaN,
118.188,-0.01104,-0.02519,0.13180,-0.30195,-0.20255,-0.32100,0.87451,NaN,NaN,NaN,NaN,NaN,NaN,NaN,NaN,NaN,NaN,NaN,NaN,NaN,NaN,NaN,NaN,NaN,NaN,NaN,NaN,NaN,
118.212,-0.01104,-0.02519,0.13180,-0.30195,-0.20255,-0.32100,0.87451,NaN,NaN,NaN,NaN,NaN,NaN,NaN,NaN,NaN,NaN,NaN,NaN,NaN,NaN,NaN,NaN,NaN,NaN,NaN,NaN,NaN,
118.237,-0.01099,-0.02527,0.13170,-0.30183,-0.20229,-0.32136,0.87448,NaN,NaN,NaN,NaN,NaN,NaN,NaN,NaN,NaN,NaN,NaN,NaN,NaN,NaN,NaN,NaN,NaN,NaN,NaN,NaN,NaN,
118.262,-0.01097,-0.02554,0.13175,-0.30061,-0.20124,-0.32355,0.87433,NaN,NaN,NaN,NaN,NaN,NaN,NaN,NaN,NaN,NaN,NaN,NaN,NaN,NaN,NaN,NaN,NaN,NaN,NaN,NaN,NaN,
118.288,-0.01100,-0.02559,0.13178,-0.29960,-0.20212,-0.32380,0.87438,NaN,NaN,NaN,NaN,NaN,NaN,NaN,NaN,NaN,NaN,NaN,NaN,NaN,NaN,NaN,NaN,NaN,NaN,NaN,NaN,NaN,
118.312,-0.01100,-0.02559,0.13178,-0.29960,-0.20212,-0.32380,0.87438,NaN,NaN,NaN,NaN,NaN,NaN,NaN,NaN,NaN,NaN,NaN,NaN,NaN,NaN,NaN,NaN,NaN,NaN,NaN,NaN,NaN,
118.337,-0.01104,-0.02563,0.13176,-0.29770,-0.20377,-0.32426,0.87447,NaN,NaN,NaN,NaN,NaN,NaN,NaN,NaN,NaN,NaN,NaN,NaN,NaN,NaN,NaN,NaN,NaN,NaN,NaN,NaN,NaN,
118.362,-0.01106,-0.02579,0.13173,-0.29627,-0.20429,-0.32526,0.87447,NaN,NaN,NaN,NaN,NaN,NaN,NaN,NaN,NaN,NaN,NaN,NaN,NaN,NaN,NaN,NaN,NaN,NaN,NaN,NaN,NaN,
118.388,-0.01114,-0.02584,0.13170,-0.29534,-0.20531,-0.32530,0.87453,NaN,NaN,NaN,NaN,NaN,NaN,NaN,NaN,NaN,NaN,NaN,NaN,NaN,NaN,NaN,NaN,NaN,NaN,NaN,NaN,NaN,
118.412,-0.01125,-0.02586,0.13163,-0.29457,-0.20584,-0.32560,0.87455,NaN,NaN,NaN,NaN,NaN,NaN,NaN,NaN,NaN,NaN,NaN,NaN,NaN,NaN,NaN,NaN,NaN,NaN,NaN,NaN,NaN,
118.438,-0.01120,-0.02596,0.13163,-0.29427,-0.20561,-0.32612,0.87452,NaN,NaN,NaN,NaN,NaN,NaN,NaN,NaN,NaN,NaN,NaN,NaN,NaN,NaN,NaN,NaN,NaN,NaN,NaN,NaN,NaN,
118.462,-0.01120,-0.02596,0.13163,-0.29427,-0.20561,-0.32612,0.87452,NaN,NaN,NaN,NaN,NaN,NaN,NaN,NaN,NaN,NaN,NaN,NaN,NaN,NaN,NaN,NaN,NaN,NaN,NaN,NaN,NaN,
118.488,-0.01135,-0.02606,0.13157,-0.29268,-0.20734,-0.32618,0.87462,NaN,NaN,NaN,NaN,NaN,NaN,NaN,NaN,NaN,NaN,NaN,NaN,NaN,NaN,NaN,NaN,NaN,NaN,NaN,NaN,NaN,
118.512,-0.01136,-0.02606,0.13160,-0.29291,-0.20708,-0.32618,0.87460,NaN,NaN,NaN,NaN,NaN,NaN,NaN,NaN,NaN,NaN,NaN,NaN,NaN,NaN,NaN,NaN,NaN,NaN,NaN,NaN,NaN,
118.538,-0.01129,-0.02609,0.13161,-0.29264,-0.20704,-0.32649,0.87458,NaN,NaN,NaN,NaN,NaN,NaN,NaN,NaN,NaN,NaN,NaN,NaN,NaN,NaN,NaN,NaN,NaN,NaN,NaN,NaN,NaN,
118.562,-0.01129,-0.02609,0.13161,-0.29264,-0.20704,-0.32649,0.87458,NaN,NaN,NaN,NaN,NaN,NaN,NaN,NaN,NaN,NaN,NaN,NaN,NaN,NaN,NaN,NaN,NaN,NaN,NaN,NaN,NaN,
118.588,-0.01124,-0.02599,0.13149,-0.29271,-0.20743,-0.32608,0.87463,NaN,NaN,NaN,NaN,NaN,NaN,NaN,NaN,NaN,NaN,NaN,NaN,NaN,NaN,NaN,NaN,NaN,NaN,NaN,NaN,NaN,
118.613,-0.01134,-0.02599,0.13132,-0.29243,-0.20764,-0.32616,0.87463,NaN,NaN,NaN,NaN,NaN,NaN,NaN,NaN,NaN,NaN,NaN,NaN,NaN,NaN,NaN,NaN,NaN,NaN,NaN,NaN,NaN,
118.638,-0.01131,-0.02600,0.13125,-0.29246,-0.20765,-0.32613,0.87464,NaN,NaN,NaN,NaN,NaN,NaN,NaN,NaN,NaN,NaN,NaN,NaN,NaN,NaN,NaN,NaN,NaN,NaN,NaN,NaN,NaN,
118.663,-0.01130,-0.02602,0.13123,-0.29261,-0.20749,-0.32613,0.87463,NaN,NaN,NaN,NaN,NaN,NaN,NaN,NaN,NaN,NaN,NaN,NaN,NaN,NaN,NaN,NaN,NaN,NaN,NaN,NaN,NaN,
118.688,-0.01122,-0.02602,0.13122,-0.29324,-0.20707,-0.32585,0.87462,NaN,NaN,NaN,NaN,NaN,NaN,NaN,NaN,NaN,NaN,NaN,NaN,NaN,NaN,NaN,NaN,NaN,NaN,NaN,NaN,NaN,
118.712,-0.01122,-0.02602,0.13122,-0.29324,-0.20707,-0.32585,0.87462,NaN,NaN,NaN,NaN,NaN,NaN,NaN,NaN,NaN,NaN,NaN,NaN,NaN,NaN,NaN,NaN,NaN,NaN,NaN,NaN,NaN,
118.737,-0.01128,-0.02599,0.13115,-0.29304,-0.20730,-0.32584,0.87463,NaN,NaN,NaN,NaN,NaN,NaN,NaN,NaN,NaN,NaN,NaN,NaN,NaN,NaN,NaN,NaN,NaN,NaN,NaN,NaN,NaN,
118.762,-0.01133,-0.02595,0.13102,-0.29281,-0.20770,-0.32572,0.87466,NaN,NaN,NaN,NaN,NaN,NaN,NaN,NaN,NaN,NaN,NaN,NaN,NaN,NaN,NaN,NaN,NaN,NaN,NaN,NaN,NaN,
118.787,-0.01135,-0.02592,0.13097,-0.29306,-0.20769,-0.32548,0.87467,NaN,NaN,NaN,NaN,NaN,NaN,NaN,NaN,NaN,NaN,NaN,NaN,NaN,NaN,NaN,NaN,NaN,NaN,NaN,NaN,NaN,
118.812,-0.01124,-0.02587,0.13107,-0.29328,-0.20768,-0.32527,0.87468,NaN,NaN,NaN,NaN,NaN,NaN,NaN,NaN,NaN,NaN,NaN,NaN,NaN,NaN,NaN,NaN,NaN,NaN,NaN,NaN,NaN,
118.837,-0.01124,-0.02587,0.13107,-0.29328,-0.20768,-0.32527,0.87468,NaN,NaN,NaN,NaN,NaN,NaN,NaN,NaN,NaN,NaN,NaN,NaN,NaN,NaN,NaN,NaN,NaN,NaN,NaN,NaN,NaN,
118.862,-0.01134,-0.02586,0.13075,-0.29295,-0.20817,-0.32515,0.87471,NaN,NaN,NaN,NaN,NaN,NaN,NaN,NaN,NaN,NaN,NaN,NaN,NaN,NaN,NaN,NaN,NaN,NaN,NaN,NaN,NaN,
118.887,-0.01134,-0.02586,0.13075,-0.29295,-0.20817,-0.32515,0.87471,NaN,NaN,NaN,NaN,NaN,NaN,NaN,NaN,NaN,NaN,NaN,NaN,NaN,NaN,NaN,NaN,NaN,NaN,NaN,NaN,NaN,
118.912,-0.01130,-0.02589,0.13072,-0.29350,-0.20763,-0.32509,0.87468,NaN,NaN,NaN,NaN,NaN,NaN,NaN,NaN,NaN,NaN,NaN,NaN,NaN,NaN,NaN,NaN,NaN,NaN,NaN,NaN,NaN,
118.937,-0.01123,-0.02590,0.13082,-0.29381,-0.20721,-0.32515,0.87465,NaN,NaN,NaN,NaN,NaN,NaN,NaN,NaN,NaN,NaN,NaN,NaN,NaN,NaN,NaN,NaN,NaN,NaN,NaN,NaN,NaN,
118.962,-0.01125,-0.02591,0.13078,-0.29368,-0.20733,-0.32517,0.87466,NaN,NaN,NaN,NaN,NaN,NaN,NaN,NaN,NaN,NaN,NaN,NaN,NaN,NaN,NaN,NaN,NaN,NaN,NaN,NaN,NaN,
118.988,-0.01124,-0.02592,0.13080,-0.29381,-0.20725,-0.32511,0.87466,NaN,NaN,NaN,NaN,NaN,NaN,NaN,NaN,NaN,NaN,NaN,NaN,NaN,NaN,NaN,NaN,NaN,NaN,NaN,NaN,NaN,
119.012,-0.01122,-0.02590,0.13083,-0.29378,-0.20727,-0.32513,0.87466,NaN,NaN,NaN,NaN,NaN,NaN,NaN,NaN,NaN,NaN,NaN,NaN,NaN,NaN,NaN,NaN,NaN,NaN,NaN,NaN,NaN,
119.037,-0.01122,-0.02590,0.13083,-0.29378,-0.20727,-0.32513,0.87466,NaN,NaN,NaN,NaN,NaN,NaN,NaN,NaN,NaN,NaN,NaN,NaN,NaN,NaN,NaN,NaN,NaN,NaN,NaN,NaN,NaN,
119.062,-0.01125,-0.02587,0.13075,-0.29348,-0.20765,-0.32509,0.87468,NaN,NaN,NaN,NaN,NaN,NaN,NaN,NaN,NaN,NaN,NaN,NaN,NaN,NaN,NaN,NaN,NaN,NaN,NaN,NaN,NaN,
119.088,-0.01144,-0.02590,0.13077,-0.29165,-0.21039,-0.32449,0.87486,NaN,NaN,NaN,NaN,NaN,NaN,NaN,NaN,NaN,NaN,NaN,NaN,NaN,NaN,NaN,NaN,NaN,NaN,NaN,NaN,NaN,
119.112,-0.01144,-0.02590,0.13077,-0.29165,-0.21039,-0.32449,0.87486,NaN,NaN,NaN,NaN,NaN,NaN,NaN,NaN,NaN,NaN,NaN,NaN,NaN,NaN,NaN,NaN,NaN,NaN,NaN,NaN,NaN,
119.138,-0.01165,-0.02591,0.13077,-0.29002,-0.21353,-0.32330,0.87508,NaN,NaN,NaN,NaN,NaN,NaN,NaN,NaN,NaN,NaN,NaN,NaN,NaN,NaN,NaN,NaN,NaN,NaN,NaN,NaN,NaN,
119.162,-0.01168,-0.02591,0.13080,-0.28970,-0.21416,-0.32306,0.87513,NaN,NaN,NaN,NaN,NaN,NaN,NaN,NaN,NaN,NaN,NaN,NaN,NaN,NaN,NaN,NaN,NaN,NaN,NaN,NaN,NaN,
119.188,-0.01175,-0.02587,0.13083,-0.28961,-0.21486,-0.32251,0.87518,NaN,NaN,NaN,NaN,NaN,NaN,NaN,NaN,NaN,NaN,NaN,NaN,NaN,NaN,NaN,NaN,NaN,NaN,NaN,NaN,NaN,
119.212,-0.01175,-0.02587,0.13083,-0.28961,-0.21486,-0.32251,0.87518,NaN,NaN,NaN,NaN,NaN,NaN,NaN,NaN,NaN,NaN,NaN,NaN,NaN,NaN,NaN,NaN,NaN,NaN,NaN,NaN,NaN,
119.237,-0.01125,-0.02603,0.13122,-0.28832,-0.22001,-0.31913,0.87557,NaN,NaN,NaN,NaN,NaN,NaN,NaN,NaN,NaN,NaN,NaN,NaN,NaN,NaN,NaN,NaN,NaN,NaN,NaN,NaN,NaN,
119.262,-0.01271,-0.02586,0.13082,-0.28146,-0.23172,-0.31534,0.87616,NaN,NaN,NaN,NaN,NaN,NaN,NaN,NaN,NaN,NaN,NaN,NaN,NaN,NaN,NaN,NaN,NaN,NaN,NaN,NaN,NaN,
119.288,-0.01382,-0.02573,0.13051,-0.27432,-0.24374,-0.31137,0.87658,NaN,NaN,NaN,NaN,NaN,NaN,NaN,NaN,NaN,NaN,NaN,NaN,NaN,NaN,NaN,NaN,NaN,NaN,NaN,NaN,NaN,
119.312,-0.01385,-0.02574,0.13052,-0.27428,-0.24517,-0.31007,0.87665,NaN,NaN,NaN,NaN,NaN,NaN,NaN,NaN,NaN,NaN,NaN,NaN,NaN,NaN,NaN,NaN,NaN,NaN,NaN,NaN,NaN,
119.337,-0.01385,-0.02574,0.13052,-0.27428,-0.24517,-0.31007,0.87665,NaN,NaN,NaN,NaN,NaN,NaN,NaN,NaN,NaN,NaN,NaN,NaN,NaN,NaN,NaN,NaN,NaN,NaN,NaN,NaN,NaN,
119.362,-0.01396,-0.02580,0.13061,-0.27328,-0.24701,-0.30935,0.87670,NaN,NaN,NaN,NaN,NaN,NaN,NaN,NaN,NaN,NaN,NaN,NaN,NaN,NaN,NaN,NaN,NaN,NaN,NaN,NaN,NaN,
119.388,-0.01405,-0.02580,0.13060,-0.27256,-0.24873,-0.30845,0.87676,NaN,NaN,NaN,NaN,NaN,NaN,NaN,NaN,NaN,NaN,NaN,NaN,NaN,NaN,NaN,NaN,NaN,NaN,NaN,NaN,NaN,
119.412,-0.01431,-0.02574,0.13049,-0.27129,-0.25082,-0.30776,0.87680,NaN,NaN,NaN,NaN,NaN,NaN,NaN,NaN,NaN,NaN,NaN,NaN,NaN,NaN,NaN,NaN,NaN,NaN,NaN,NaN,NaN,
119.437,-0.01431,-0.02574,0.13049,-0.27129,-0.25082,-0.30776,0.87680,NaN,NaN,NaN,NaN,NaN,NaN,NaN,NaN,NaN,NaN,NaN,NaN,NaN,NaN,NaN,NaN,NaN,NaN,NaN,NaN,NaN,
119.462,-0.01435,-0.02569,0.13060,-0.27165,-0.25088,-0.30734,0.87682,NaN,NaN,NaN,NaN,NaN,NaN,NaN,NaN,NaN,NaN,NaN,NaN,NaN,NaN,NaN,NaN,NaN,NaN,NaN,NaN,NaN,
119.488,-0.01446,-0.02580,0.13061,-0.26940,-0.25511,-0.30559,0.87690,NaN,NaN,NaN,NaN,NaN,NaN,NaN,NaN,NaN,NaN,NaN,NaN,NaN,NaN,NaN,NaN,NaN,NaN,NaN,NaN,NaN,
119.512,-0.01443,-0.02581,0.13054,-0.26930,-0.25470,-0.30609,0.87688,NaN,NaN,NaN,NaN,NaN,NaN,NaN,NaN,NaN,NaN,NaN,NaN,NaN,NaN,NaN,NaN,NaN,NaN,NaN,NaN,NaN,
119.538,-0.01444,-0.02585,0.13042,-0.26931,-0.25424,-0.30651,0.87686,NaN,NaN,NaN,NaN,NaN,NaN,NaN,NaN,NaN,NaN,NaN,NaN,NaN,NaN,NaN,NaN,NaN,NaN,NaN,NaN,NaN,
119.562,-0.01416,-0.02602,0.13055,-0.26820,-0.25623,-0.30575,0.87689,NaN,NaN,NaN,NaN,NaN,NaN,NaN,NaN,NaN,NaN,NaN,NaN,NaN,NaN,NaN,NaN,NaN,NaN,NaN,NaN,NaN,
119.588,-0.01472,-0.02605,0.13043,-0.26500,-0.26077,-0.30464,0.87691,NaN,NaN,NaN,NaN,NaN,NaN,NaN,NaN,NaN,NaN,NaN,NaN,NaN,NaN,NaN,NaN,NaN,NaN,NaN,NaN,NaN,
119.613,-0.01478,-0.02605,0.13060,-0.26480,-0.26224,-0.30343,0.87695,NaN,NaN,NaN,NaN,NaN,NaN,NaN,NaN,NaN,NaN,NaN,NaN,NaN,NaN,NaN,NaN,NaN,NaN,NaN,NaN,NaN,
119.638,-0.01486,-0.02610,0.13055,-0.26336,-0.26307,-0.30410,0.87690,NaN,NaN,NaN,NaN,NaN,NaN,NaN,NaN,NaN,NaN,NaN,NaN,NaN,NaN,NaN,NaN,NaN,NaN,NaN,NaN,NaN,
119.662,-0.01486,-0.02610,0.13055,-0.26336,-0.26307,-0.30410,0.87690,NaN,NaN,NaN,NaN,NaN,NaN,NaN,NaN,NaN,NaN,NaN,NaN,NaN,NaN,NaN,NaN,NaN,NaN,NaN,NaN,NaN,
119.688,-0.01484,-0.02625,0.13047,-0.26093,-0.26480,-0.30488,0.87683,NaN,NaN,NaN,NaN,NaN,NaN,NaN,NaN,NaN,NaN,NaN,NaN,NaN,NaN,NaN,NaN,NaN,NaN,NaN,NaN,NaN,
119.712,-0.01495,-0.02628,0.13053,-0.26004,-0.26604,-0.30460,0.87683,NaN,NaN,NaN,NaN,NaN,NaN,NaN,NaN,NaN,NaN,NaN,NaN,NaN,NaN,NaN,NaN,NaN,NaN,NaN,NaN,NaN,
119.738,-0.01485,-0.02637,0.13059,-0.26009,-0.26544,-0.30512,0.87681,NaN,NaN,NaN,NaN,NaN,NaN,NaN,NaN,NaN,NaN,NaN,NaN,NaN,NaN,NaN,NaN,NaN,NaN,NaN,NaN,NaN,
119.763,-0.01478,-0.02649,0.13056,-0.25918,-0.26594,-0.30555,0.87678,NaN,NaN,NaN,NaN,NaN,NaN,NaN,NaN,NaN,NaN,NaN,NaN,NaN,NaN,NaN,NaN,NaN,NaN,NaN,NaN,NaN,
119.788,-0.01490,-0.02654,0.13049,-0.25841,-0.26635,-0.30593,0.87675,NaN,NaN,NaN,NaN,NaN,NaN,NaN,NaN,NaN,NaN,NaN,NaN,NaN,NaN,NaN,NaN,NaN,NaN,NaN,NaN,NaN,
119.812,-0.01433,-0.02666,0.13083,-0.26085,-0.26485,-0.30492,0.87683,NaN,NaN,NaN,NaN,NaN,NaN,NaN,NaN,NaN,NaN,NaN,NaN,NaN,NaN,NaN,NaN,NaN,NaN,NaN,NaN,NaN,
119.838,-0.01485,-0.02666,0.13050,-0.25780,-0.26702,-0.30591,0.87673,NaN,NaN,NaN,NaN,NaN,NaN,NaN,NaN,NaN,NaN,NaN,NaN,NaN,NaN,NaN,NaN,NaN,NaN,NaN,NaN,NaN,
119.862,-0.01485,-0.02666,0.13050,-0.25780,-0.26702,-0.30591,0.87673,NaN,NaN,NaN,NaN,NaN,NaN,NaN,NaN,NaN,NaN,NaN,NaN,NaN,NaN,NaN,NaN,NaN,NaN,NaN,NaN,NaN,
119.888,-0.01443,-0.02699,0.13053,-0.25541,-0.26578,-0.30949,0.87655,NaN,NaN,NaN,NaN,NaN,NaN,NaN,NaN,NaN,NaN,NaN,NaN,NaN,NaN,NaN,NaN,NaN,NaN,NaN,NaN,NaN,
119.912,-0.01443,-0.02699,0.13053,-0.25541,-0.26578,-0.30949,0.87655,NaN,NaN,NaN,NaN,NaN,NaN,NaN,NaN,NaN,NaN,NaN,NaN,NaN,NaN,NaN,NaN,NaN,NaN,NaN,NaN,NaN,
119.937,-0.01405,-0.02704,0.13087,-0.25800,-0.26235,-0.31019,0.87658,NaN,NaN,NaN,NaN,NaN,NaN,NaN,NaN,NaN,NaN,NaN,NaN,NaN,NaN,NaN,NaN,NaN,NaN,NaN,NaN,NaN,
119.962,-0.01439,-0.02712,0.13043,-0.25506,-0.26406,-0.31150,0.87646,NaN,NaN,NaN,NaN,NaN,NaN,NaN,NaN,NaN,NaN,NaN,NaN,NaN,NaN,NaN,NaN,NaN,NaN,NaN,NaN,NaN,
119.987,-0.01439,-0.02712,0.13043,-0.25506,-0.26406,-0.31150,0.87646,NaN,NaN,NaN,NaN,NaN,NaN,NaN,NaN,NaN,NaN,NaN,NaN,NaN,NaN,NaN,NaN,NaN,NaN,NaN,NaN,NaN,
120.012,-0.01422,-0.02725,0.13057,-0.25556,-0.26308,-0.31193,0.87646,NaN,NaN,NaN,NaN,NaN,NaN,NaN,NaN,NaN,NaN,NaN,NaN,NaN,NaN,NaN,NaN,NaN,NaN,NaN,NaN,NaN,
120.038,-0.01373,-0.02740,0.13097,-0.25695,-0.26234,-0.31125,0.87651,NaN,NaN,NaN,NaN,NaN,NaN,NaN,NaN,NaN,NaN,NaN,NaN,NaN,NaN,NaN,NaN,NaN,NaN,NaN,NaN,NaN,
120.062,-0.01373,-0.02740,0.13097,-0.25695,-0.26234,-0.31125,0.87651,NaN,NaN,NaN,NaN,NaN,NaN,NaN,NaN,NaN,NaN,NaN,NaN,NaN,NaN,NaN,NaN,NaN,NaN,NaN,NaN,NaN,
120.087,-0.01454,-0.02724,0.13067,-0.25242,-0.26762,-0.31073,0.87642,NaN,NaN,NaN,NaN,NaN,NaN,NaN,NaN,NaN,NaN,NaN,NaN,NaN,NaN,NaN,NaN,NaN,NaN,NaN,NaN,NaN,
120.112,-0.01440,-0.02718,0.13075,-0.25356,-0.26730,-0.30988,0.87649,NaN,NaN,NaN,NaN,NaN,NaN,NaN,NaN,NaN,NaN,NaN,NaN,NaN,NaN,NaN,NaN,NaN,NaN,NaN,NaN,NaN,
120.137,-0.01441,-0.02725,0.13070,-0.25302,-0.26685,-0.31087,0.87643,NaN,NaN,NaN,NaN,NaN,NaN,NaN,NaN,NaN,NaN,NaN,NaN,NaN,NaN,NaN,NaN,NaN,NaN,NaN,NaN,NaN,
120.162,-0.01431,-0.02731,0.13076,-0.25331,-0.26614,-0.31125,0.87643,NaN,NaN,NaN,NaN,NaN,NaN,NaN,NaN,NaN,NaN,NaN,NaN,NaN,NaN,NaN,NaN,NaN,NaN,NaN,NaN,NaN,
120.188,-0.01420,-0.02736,0.13092,-0.25400,-0.26583,-0.31086,0.87646,NaN,NaN,NaN,NaN,NaN,NaN,NaN,NaN,NaN,NaN,NaN,NaN,NaN,NaN,NaN,NaN,NaN,NaN,NaN,NaN,NaN,
120.212,-0.01420,-0.02736,0.13092,-0.25400,-0.26583,-0.31086,0.87646,NaN,NaN,NaN,NaN,NaN,NaN,NaN,NaN,NaN,NaN,NaN,NaN,NaN,NaN,NaN,NaN,NaN,NaN,NaN,NaN,NaN,
120.238,-0.01465,-0.02722,0.13078,-0.25225,-0.27045,-0.30816,0.87650,NaN,NaN,NaN,NaN,NaN,NaN,NaN,NaN,NaN,NaN,NaN,NaN,NaN,NaN,NaN,NaN,NaN,NaN,NaN,NaN,NaN,
120.262,-0.01465,-0.02722,0.13078,-0.25225,-0.27045,-0.30816,0.87650,NaN,NaN,NaN,NaN,NaN,NaN,NaN,NaN,NaN,NaN,NaN,NaN,NaN,NaN,NaN,NaN,NaN,NaN,NaN,NaN,NaN,
120.287,-0.01472,-0.02715,0.13080,-0.25241,-0.27233,-0.30619,0.87657,NaN,NaN,NaN,NaN,NaN,NaN,NaN,NaN,NaN,NaN,NaN,NaN,NaN,NaN,NaN,NaN,NaN,NaN,NaN,NaN,NaN,
120.312,-0.01480,-0.02709,0.13087,-0.25233,-0.27353,-0.30511,0.87660,NaN,NaN,NaN,NaN,NaN,NaN,NaN,NaN,NaN,NaN,NaN,NaN,NaN,NaN,NaN,NaN,NaN,NaN,NaN,NaN,NaN,
120.337,-0.01492,-0.02699,0.13094,-0.25326,-0.27509,-0.30267,0.87669,NaN,NaN,NaN,NaN,NaN,NaN,NaN,NaN,NaN,NaN,NaN,NaN,NaN,NaN,NaN,NaN,NaN,NaN,NaN,NaN,NaN,
120.362,-0.01540,-0.02690,0.13072,-0.25002,-0.28009,-0.30104,0.87659,NaN,NaN,NaN,NaN,NaN,NaN,NaN,NaN,NaN,NaN,NaN,NaN,NaN,NaN,NaN,NaN,NaN,NaN,NaN,NaN,NaN,
120.388,-0.01538,-0.02686,0.13078,-0.25087,-0.28209,-0.29822,0.87667,NaN,NaN,NaN,NaN,NaN,NaN,NaN,NaN,NaN,NaN,NaN,NaN,NaN,NaN,NaN,NaN,NaN,NaN,NaN,NaN,NaN,
120.412,-0.01553,-0.02686,0.13076,-0.25055,-0.28331,-0.29735,0.87667,NaN,NaN,NaN,NaN,NaN,NaN,NaN,NaN,NaN,NaN,NaN,NaN,NaN,NaN,NaN,NaN,NaN,NaN,NaN,NaN,NaN,
120.437,-0.01553,-0.02686,0.13076,-0.25055,-0.28331,-0.29735,0.87667,NaN,NaN,NaN,NaN,NaN,NaN,NaN,NaN,NaN,NaN,NaN,NaN,NaN,NaN,NaN,NaN,NaN,NaN,NaN,NaN,NaN,
120.462,-0.01617,-0.02650,0.13078,-0.24980,-0.29361,-0.28789,0.87665,NaN,NaN,NaN,NaN,NaN,NaN,NaN,NaN,NaN,NaN,NaN,NaN,NaN,NaN,NaN,NaN,NaN,NaN,NaN,NaN,NaN,
120.488,-0.01624,-0.02632,0.13082,-0.25111,-0.29604,-0.28412,0.87669,NaN,NaN,NaN,NaN,NaN,NaN,NaN,NaN,NaN,NaN,NaN,NaN,NaN,NaN,NaN,NaN,NaN,NaN,NaN,NaN,NaN,
120.513,-0.01656,-0.02617,0.13056,-0.24995,-0.29901,-0.28229,0.87660,NaN,NaN,NaN,NaN,NaN,NaN,NaN,NaN,NaN,NaN,NaN,NaN,NaN,NaN,NaN,NaN,NaN,NaN,NaN,NaN,NaN,
120.537,-0.01656,-0.02617,0.13056,-0.24995,-0.29901,-0.28229,0.87660,NaN,NaN,NaN,NaN,NaN,NaN,NaN,NaN,NaN,NaN,NaN,NaN,NaN,NaN,NaN,NaN,NaN,NaN,NaN,NaN,NaN,
120.563,-0.01669,-0.02607,0.13042,-0.25013,-0.30101,-0.28009,0.87657,NaN,NaN,NaN,NaN,NaN,NaN,NaN,NaN,NaN,NaN,NaN,NaN,NaN,NaN,NaN,NaN,NaN,NaN,NaN,NaN,NaN,
120.587,-0.01669,-0.02607,0.13042,-0.25013,-0.30101,-0.28009,0.87657,NaN,NaN,NaN,NaN,NaN,NaN,NaN,NaN,NaN,NaN,NaN,NaN,NaN,NaN,NaN,NaN,NaN,NaN,NaN,NaN,NaN,
120.612,-0.01668,-0.02606,0.13046,-0.25039,-0.30139,-0.27944,0.87657,NaN,NaN,NaN,NaN,NaN,NaN,NaN,NaN,NaN,NaN,NaN,NaN,NaN,NaN,NaN,NaN,NaN,NaN,NaN,NaN,NaN,
120.637,-0.01669,-0.02604,0.13041,-0.25074,-0.30199,-0.27848,0.87657,NaN,NaN,NaN,NaN,NaN,NaN,NaN,NaN,NaN,NaN,NaN,NaN,NaN,NaN,NaN,NaN,NaN,NaN,NaN,NaN,NaN,
120.662,-0.01676,-0.02593,0.13041,-0.25173,-0.30274,-0.27670,0.87659,NaN,NaN,NaN,NaN,NaN,NaN,NaN,NaN,NaN,NaN,NaN,NaN,NaN,NaN,NaN,NaN,NaN,NaN,NaN,NaN,NaN,
120.688,-0.01693,-0.02583,0.13030,-0.25088,-0.30504,-0.27522,0.87650,NaN,NaN,NaN,NaN,NaN,NaN,NaN,NaN,NaN,NaN,NaN,NaN,NaN,NaN,NaN,NaN,NaN,NaN,NaN,NaN,NaN,
120.712,-0.01702,-0.02574,0.13029,-0.25127,-0.30669,-0.27314,0.87647,NaN,NaN,NaN,NaN,NaN,NaN,NaN,NaN,NaN,NaN,NaN,NaN,NaN,NaN,NaN,NaN,NaN,NaN,NaN,NaN,NaN,
120.738,-0.01706,-0.02568,0.13035,-0.25189,-0.30789,-0.27127,0.87645,NaN,NaN,NaN,NaN,NaN,NaN,NaN,NaN,NaN,NaN,NaN,NaN,NaN,NaN,NaN,NaN,NaN,NaN,NaN,NaN,NaN,
120.762,-0.01720,-0.02560,0.13022,-0.25175,-0.30983,-0.26942,0.87638,NaN,NaN,NaN,NaN,NaN,NaN,NaN,NaN,NaN,NaN,NaN,NaN,NaN,NaN,NaN,NaN,NaN,NaN,NaN,NaN,NaN,
120.788,-0.01731,-0.02552,0.13015,-0.25194,-0.31130,-0.26771,0.87633,NaN,NaN,NaN,NaN,NaN,NaN,NaN,NaN,NaN,NaN,NaN,NaN,NaN,NaN,NaN,NaN,NaN,NaN,NaN,NaN,NaN,
120.812,-0.01731,-0.02552,0.13015,-0.25194,-0.31130,-0.26771,0.87633,NaN,NaN,NaN,NaN,NaN,NaN,NaN,NaN,NaN,NaN,NaN,NaN,NaN,NaN,NaN,NaN,NaN,NaN,NaN,NaN,NaN,
120.838,-0.01742,-0.02539,0.13006,-0.25272,-0.31377,-0.26435,0.87624,NaN,NaN,NaN,NaN,NaN,NaN,NaN,NaN,NaN,NaN,NaN,NaN,NaN,NaN,NaN,NaN,NaN,NaN,NaN,NaN,NaN,
120.862,-0.01757,-0.02531,0.12993,-0.25265,-0.31534,-0.26278,0.87617,NaN,NaN,NaN,NaN,NaN,NaN,NaN,NaN,NaN,NaN,NaN,NaN,NaN,NaN,NaN,NaN,NaN,NaN,NaN,NaN,NaN,
120.887,-0.01757,-0.02531,0.12993,-0.25265,-0.31534,-0.26278,0.87617,NaN,NaN,NaN,NaN,NaN,NaN,NaN,NaN,NaN,NaN,NaN,NaN,NaN,NaN,NaN,NaN,NaN,NaN,NaN,NaN,NaN,
120.912,-0.01760,-0.02519,0.12992,-0.25380,-0.31582,-0.26109,0.87617,NaN,NaN,NaN,NaN,NaN,NaN,NaN,NaN,NaN,NaN,NaN,NaN,NaN,NaN,NaN,NaN,NaN,NaN,NaN,NaN,NaN,
120.938,-0.01771,-0.02501,0.12984,-0.25448,-0.31780,-0.25832,0.87608,NaN,NaN,NaN,NaN,NaN,NaN,NaN,NaN,NaN,NaN,NaN,NaN,NaN,NaN,NaN,NaN,NaN,NaN,NaN,NaN,NaN,
120.962,-0.01777,-0.02491,0.12976,-0.25475,-0.31903,-0.25674,0.87602,NaN,NaN,NaN,NaN,NaN,NaN,NaN,NaN,NaN,NaN,NaN,NaN,NaN,NaN,NaN,NaN,NaN,NaN,NaN,NaN,NaN,
120.987,-0.01777,-0.02491,0.12976,-0.25475,-0.31903,-0.25674,0.87602,NaN,NaN,NaN,NaN,NaN,NaN,NaN,NaN,NaN,NaN,NaN,NaN,NaN,NaN,NaN,NaN,NaN,NaN,NaN,NaN,NaN,
121.012,-0.01778,-0.02490,0.12963,-0.25488,-0.31992,-0.25568,0.87597,NaN,NaN,NaN,NaN,NaN,NaN,NaN,NaN,NaN,NaN,NaN,NaN,NaN,NaN,NaN,NaN,NaN,NaN,NaN,NaN,NaN,
121.037,-0.01720,-0.02506,0.13009,-0.25788,-0.31757,-0.25499,0.87614,NaN,NaN,NaN,NaN,NaN,NaN,NaN,NaN,NaN,NaN,NaN,NaN,NaN,NaN,NaN,NaN,NaN,NaN,NaN,NaN,NaN,
121.062,-0.01760,-0.02471,0.12956,-0.25747,-0.32158,-0.25120,0.87590,NaN,NaN,NaN,NaN,NaN,NaN,NaN,NaN,NaN,NaN,NaN,NaN,NaN,NaN,NaN,NaN,NaN,NaN,NaN,NaN,NaN,
121.088,-0.01739,-0.02461,0.12994,-0.26091,-0.32125,-0.24792,0.87594,NaN,NaN,NaN,NaN,NaN,NaN,NaN,NaN,NaN,NaN,NaN,NaN,NaN,NaN,NaN,NaN,NaN,NaN,NaN,NaN,NaN,
121.112,-0.01751,-0.02447,0.12973,-0.26020,-0.32336,-0.24644,0.87579,NaN,NaN,NaN,NaN,NaN,NaN,NaN,NaN,NaN,NaN,NaN,NaN,NaN,NaN,NaN,NaN,NaN,NaN,NaN,NaN,NaN,
121.138,-0.01733,-0.02443,0.13002,-0.26256,-0.32245,-0.24489,0.87585,NaN,NaN,NaN,NaN,NaN,NaN,NaN,NaN,NaN,NaN,NaN,NaN,NaN,NaN,NaN,NaN,NaN,NaN,NaN,NaN,NaN,
121.162,-0.01733,-0.02443,0.13002,-0.26256,-0.32245,-0.24489,0.87585,NaN,NaN,NaN,NaN,NaN,NaN,NaN,NaN,NaN,NaN,NaN,NaN,NaN,NaN,NaN,NaN,NaN,NaN,NaN,NaN,NaN,
121.188,-0.01746,-0.02410,0.12960,-0.26348,-0.32531,-0.24087,0.87564,NaN,NaN,NaN,NaN,NaN,NaN,NaN,NaN,NaN,NaN,NaN,NaN,NaN,NaN,NaN,NaN,NaN,NaN,NaN,NaN,NaN,
121.212,-0.01746,-0.02410,0.12960,-0.26348,-0.32531,-0.24087,0.87564,NaN,NaN,NaN,NaN,NaN,NaN,NaN,NaN,NaN,NaN,NaN,NaN,NaN,NaN,NaN,NaN,NaN,NaN,NaN,NaN,NaN,
121.238,-0.01742,-0.02398,0.12969,-0.26560,-0.32627,-0.23757,0.87554,NaN,NaN,NaN,NaN,NaN,NaN,NaN,NaN,NaN,NaN,NaN,NaN,NaN,NaN,NaN,NaN,NaN,NaN,NaN,NaN,NaN,
121.262,-0.01742,-0.02398,0.12969,-0.26560,-0.32627,-0.23757,0.87554,NaN,NaN,NaN,NaN,NaN,NaN,NaN,NaN,NaN,NaN,NaN,NaN,NaN,NaN,NaN,NaN,NaN,NaN,NaN,NaN,NaN,
121.288,-0.01754,-0.02366,0.12962,-0.26790,-0.32792,-0.23332,0.87536,NaN,NaN,NaN,NaN,NaN,NaN,NaN,NaN,NaN,NaN,NaN,NaN,NaN,NaN,NaN,NaN,NaN,NaN,NaN,NaN,NaN,
121.313,-0.01758,-0.02349,0.12960,-0.26969,-0.32930,-0.22989,0.87520,NaN,NaN,NaN,NaN,NaN,NaN,NaN,NaN,NaN,NaN,NaN,NaN,NaN,NaN,NaN,NaN,NaN,NaN,NaN,NaN,NaN,
121.338,-0.01781,-0.02312,0.12964,-0.27179,-0.33078,-0.22600,0.87501,NaN,NaN,NaN,NaN,NaN,NaN,NaN,NaN,NaN,NaN,NaN,NaN,NaN,NaN,NaN,NaN,NaN,NaN,NaN,NaN,NaN,
121.363,-0.01759,-0.02305,0.12979,-0.27423,-0.33053,-0.22361,0.87496,NaN,NaN,NaN,NaN,NaN,NaN,NaN,NaN,NaN,NaN,NaN,NaN,NaN,NaN,NaN,NaN,NaN,NaN,NaN,NaN,NaN,
121.388,-0.01765,-0.02297,0.12965,-0.27410,-0.33209,-0.22204,0.87480,NaN,NaN,NaN,NaN,NaN,NaN,NaN,NaN,NaN,NaN,NaN,NaN,NaN,NaN,NaN,NaN,NaN,NaN,NaN,NaN,NaN,
121.412,-0.01759,-0.02284,0.12969,-0.27594,-0.33211,-0.22000,0.87473,NaN,NaN,NaN,NaN,NaN,NaN,NaN,NaN,NaN,NaN,NaN,NaN,NaN,NaN,NaN,NaN,NaN,NaN,NaN,NaN,NaN,
121.438,-0.01753,-0.02270,0.12981,-0.27866,-0.33167,-0.21750,0.87467,NaN,NaN,NaN,NaN,NaN,NaN,NaN,NaN,NaN,NaN,NaN,NaN,NaN,NaN,NaN,NaN,NaN,NaN,NaN,NaN,NaN,
121.462,-0.01753,-0.02270,0.12981,-0.27866,-0.33167,-0.21750,0.87467,NaN,NaN,NaN,NaN,NaN,NaN,NaN,NaN,NaN,NaN,NaN,NaN,NaN,NaN,NaN,NaN,NaN,NaN,NaN,NaN,NaN,
121.488,-0.01772,-0.02243,0.12966,-0.27992,-0.33389,-0.21364,0.87436,NaN,NaN,NaN,NaN,NaN,NaN,NaN,NaN,NaN,NaN,NaN,NaN,NaN,NaN,NaN,NaN,NaN,NaN,NaN,NaN,NaN,
121.512,-0.01772,-0.02243,0.12966,-0.27992,-0.33389,-0.21364,0.87436,NaN,NaN,NaN,NaN,NaN,NaN,NaN,NaN,NaN,NaN,NaN,NaN,NaN,NaN,NaN,NaN,NaN,NaN,NaN,NaN,NaN,
121.538,-0.01765,-0.02221,0.12972,-0.28379,-0.33461,-0.20855,0.87407,NaN,NaN,NaN,NaN,NaN,NaN,NaN,NaN,NaN,NaN,NaN,NaN,NaN,NaN,NaN,NaN,NaN,NaN,NaN,NaN,NaN,
121.562,-0.01749,-0.02215,0.12980,-0.28505,-0.33487,-0.20685,0.87397,NaN,NaN,NaN,NaN,NaN,NaN,NaN,NaN,NaN,NaN,NaN,NaN,NaN,NaN,NaN,NaN,NaN,NaN,NaN,NaN,NaN,
121.588,-0.01757,-0.02196,0.12975,-0.28566,-0.33559,-0.20536,0.87384,NaN,NaN,NaN,NaN,NaN,NaN,NaN,NaN,NaN,NaN,NaN,NaN,NaN,NaN,NaN,NaN,NaN,NaN,NaN,NaN,NaN,
121.612,-0.01766,-0.02181,0.12972,-0.28658,-0.33603,-0.20384,0.87373,NaN,NaN,NaN,NaN,NaN,NaN,NaN,NaN,NaN,NaN,NaN,NaN,NaN,NaN,NaN,NaN,NaN,NaN,NaN,NaN,NaN,
121.638,-0.01771,-0.02176,0.12972,-0.28701,-0.33682,-0.20247,0.87360,NaN,NaN,NaN,NaN,NaN,NaN,NaN,NaN,NaN,NaN,NaN,NaN,NaN,NaN,NaN,NaN,NaN,NaN,NaN,NaN,NaN,
121.662,-0.01768,-0.02173,0.12974,-0.28807,-0.33707,-0.20101,0.87350,NaN,NaN,NaN,NaN,NaN,NaN,NaN,NaN,NaN,NaN,NaN,NaN,NaN,NaN,NaN,NaN,NaN,NaN,NaN,NaN,NaN,
121.688,-0.01763,-0.02172,0.12979,-0.28905,-0.33700,-0.19997,0.87344,NaN,NaN,NaN,NaN,NaN,NaN,NaN,NaN,NaN,NaN,NaN,NaN,NaN,NaN,NaN,NaN,NaN,NaN,NaN,NaN,NaN,
121.712,-0.01763,-0.02172,0.12979,-0.28905,-0.33700,-0.19997,0.87344,NaN,NaN,NaN,NaN,NaN,NaN,NaN,NaN,NaN,NaN,NaN,NaN,NaN,NaN,NaN,NaN,NaN,NaN,NaN,NaN,NaN,
121.737,-0.01761,-0.02164,0.12981,-0.29012,-0.33716,-0.19858,0.87334,NaN,NaN,NaN,NaN,NaN,NaN,NaN,NaN,NaN,NaN,NaN,NaN,NaN,NaN,NaN,NaN,NaN,NaN,NaN,NaN,NaN,
121.762,-0.01763,-0.02159,0.12980,-0.29072,-0.33811,-0.19683,0.87317,NaN,NaN,NaN,NaN,NaN,NaN,NaN,NaN,NaN,NaN,NaN,NaN,NaN,NaN,NaN,NaN,NaN,NaN,NaN,NaN,NaN,
121.787,-0.01771,-0.02146,0.12980,-0.29175,-0.33873,-0.19497,0.87300,NaN,NaN,NaN,NaN,NaN,NaN,NaN,NaN,NaN,NaN,NaN,NaN,NaN,NaN,NaN,NaN,NaN,NaN,NaN,NaN,NaN,
121.812,-0.01772,-0.02143,0.12981,-0.29207,-0.33885,-0.19447,0.87296,NaN,NaN,NaN,NaN,NaN,NaN,NaN,NaN,NaN,NaN,NaN,NaN,NaN,NaN,NaN,NaN,NaN,NaN,NaN,NaN,NaN,
121.838,-0.01771,-0.02138,0.12974,-0.29283,-0.33961,-0.19275,0.87279,NaN,NaN,NaN,NaN,NaN,NaN,NaN,NaN,NaN,NaN,NaN,NaN,NaN,NaN,NaN,NaN,NaN,NaN,NaN,NaN,NaN,
121.863,-0.01771,-0.02138,0.12974,-0.29283,-0.33961,-0.19275,0.87279,NaN,NaN,NaN,NaN,NaN,NaN,NaN,NaN,NaN,NaN,NaN,NaN,NaN,NaN,NaN,NaN,NaN,NaN,NaN,NaN,NaN,
121.888,-0.01778,-0.02129,0.12971,-0.29378,-0.34069,-0.19043,0.87256,NaN,NaN,NaN,NaN,NaN,NaN,NaN,NaN,NaN,NaN,NaN,NaN,NaN,NaN,NaN,NaN,NaN,NaN,NaN,NaN,NaN,
121.912,-0.01778,-0.02129,0.12971,-0.29378,-0.34069,-0.19043,0.87256,NaN,NaN,NaN,NaN,NaN,NaN,NaN,NaN,NaN,NaN,NaN,NaN,NaN,NaN,NaN,NaN,NaN,NaN,NaN,NaN,NaN,
121.938,-0.01783,-0.02120,0.12965,-0.29527,-0.34158,-0.18772,0.87230,NaN,NaN,NaN,NaN,NaN,NaN,NaN,NaN,NaN,NaN,NaN,NaN,NaN,NaN,NaN,NaN,NaN,NaN,NaN,NaN,NaN,
121.962,-0.01788,-0.02113,0.12967,-0.29586,-0.34248,-0.18602,0.87211,NaN,NaN,NaN,NaN,NaN,NaN,NaN,NaN,NaN,NaN,NaN,NaN,NaN,NaN,NaN,NaN,NaN,NaN,NaN,NaN,NaN,
121.987,-0.01788,-0.02113,0.12967,-0.29586,-0.34248,-0.18602,0.87211,NaN,NaN,NaN,NaN,NaN,NaN,NaN,NaN,NaN,NaN,NaN,NaN,NaN,NaN,NaN,NaN,NaN,NaN,NaN,NaN,NaN,
122.012,-0.01792,-0.02102,0.12963,-0.29672,-0.34330,-0.18408,0.87190,NaN,NaN,NaN,NaN,NaN,NaN,NaN,NaN,NaN,NaN,NaN,NaN,NaN,NaN,NaN,NaN,NaN,NaN,NaN,NaN,NaN,
122.038,-0.01795,-0.02089,0.12954,-0.29847,-0.34416,-0.18108,0.87160,NaN,NaN,NaN,NaN,NaN,NaN,NaN,NaN,NaN,NaN,NaN,NaN,NaN,NaN,NaN,NaN,NaN,NaN,NaN,NaN,NaN,
122.063,-0.01799,-0.02084,0.12950,-0.29922,-0.34470,-0.17960,0.87143,NaN,NaN,NaN,NaN,NaN,NaN,NaN,NaN,NaN,NaN,NaN,NaN,NaN,NaN,NaN,NaN,NaN,NaN,NaN,NaN,NaN,
122.088,-0.01805,-0.02076,0.12940,-0.29967,-0.34519,-0.17851,0.87131,NaN,NaN,NaN,NaN,NaN,NaN,NaN,NaN,NaN,NaN,NaN,NaN,NaN,NaN,NaN,NaN,NaN,NaN,NaN,NaN,NaN,
122.112,-0.01805,-0.02076,0.12940,-0.29967,-0.34519,-0.17851,0.87131,NaN,NaN,NaN,NaN,NaN,NaN,NaN,NaN,NaN,NaN,NaN,NaN,NaN,NaN,NaN,NaN,NaN,NaN,NaN,NaN,NaN,
122.138,-0.01814,-0.02055,0.12934,-0.30235,-0.34662,-0.17373,0.87078,NaN,NaN,NaN,NaN,NaN,NaN,NaN,NaN,NaN,NaN,NaN,NaN,NaN,NaN,NaN,NaN,NaN,NaN,NaN,NaN,NaN,
122.162,-0.01814,-0.02055,0.12934,-0.30235,-0.34662,-0.17373,0.87078,NaN,NaN,NaN,NaN,NaN,NaN,NaN,NaN,NaN,NaN,NaN,NaN,NaN,NaN,NaN,NaN,NaN,NaN,NaN,NaN,NaN,
122.188,-0.01818,-0.02035,0.12933,-0.30469,-0.34715,-0.17036,0.87042,NaN,NaN,NaN,NaN,NaN,NaN,NaN,NaN,NaN,NaN,NaN,NaN,NaN,NaN,NaN,NaN,NaN,NaN,NaN,NaN,NaN,
122.213,-0.01814,-0.02029,0.12931,-0.30585,-0.34754,-0.16856,0.87021,NaN,NaN,NaN,NaN,NaN,NaN,NaN,NaN,NaN,NaN,NaN,NaN,NaN,NaN,NaN,NaN,NaN,NaN,NaN,NaN,NaN,
122.238,-0.01816,-0.02020,0.12927,-0.30641,-0.34829,-0.16702,0.87001,NaN,NaN,NaN,NaN,NaN,NaN,NaN,NaN,NaN,NaN,NaN,NaN,NaN,NaN,NaN,NaN,NaN,NaN,NaN,NaN,NaN,
122.262,-0.01816,-0.02020,0.12927,-0.30641,-0.34829,-0.16702,0.87001,NaN,NaN,NaN,NaN,NaN,NaN,NaN,NaN,NaN,NaN,NaN,NaN,NaN,NaN,NaN,NaN,NaN,NaN,NaN,NaN,NaN,
122.288,-0.01818,-0.02006,0.12926,-0.30863,-0.34899,-0.16357,0.86960,NaN,NaN,NaN,NaN,NaN,NaN,NaN,NaN,NaN,NaN,NaN,NaN,NaN,NaN,NaN,NaN,NaN,NaN,NaN,NaN,NaN,
122.313,-0.01827,-0.01994,0.12925,-0.30993,-0.34961,-0.16130,0.86931,NaN,NaN,NaN,NaN,NaN,NaN,NaN,NaN,NaN,NaN,NaN,NaN,NaN,NaN,NaN,NaN,NaN,NaN,NaN,NaN,NaN,
122.338,-0.01818,-0.01990,0.12928,-0.31173,-0.34955,-0.15922,0.86907,NaN,NaN,NaN,NaN,NaN,NaN,NaN,NaN,NaN,NaN,NaN,NaN,NaN,NaN,NaN,NaN,NaN,NaN,NaN,NaN,NaN,
122.362,-0.01818,-0.01990,0.12928,-0.31173,-0.34955,-0.15922,0.86907,NaN,NaN,NaN,NaN,NaN,NaN,NaN,NaN,NaN,NaN,NaN,NaN,NaN,NaN,NaN,NaN,NaN,NaN,NaN,NaN,NaN,
122.388,-0.01818,-0.01973,0.12922,-0.31388,-0.35060,-0.15541,0.86857,NaN,NaN,NaN,NaN,NaN,NaN,NaN,NaN,NaN,NaN,NaN,NaN,NaN,NaN,NaN,NaN,NaN,NaN,NaN,NaN,NaN,
122.412,-0.01812,-0.01968,0.12926,-0.31505,-0.35038,-0.15426,0.86844,NaN,NaN,NaN,NaN,NaN,NaN,NaN,NaN,NaN,NaN,NaN,NaN,NaN,NaN,NaN,NaN,NaN,NaN,NaN,NaN,NaN,
122.438,-0.01814,-0.01957,0.12928,-0.31635,-0.35039,-0.15268,0.86824,NaN,NaN,NaN,NaN,NaN,NaN,NaN,NaN,NaN,NaN,NaN,NaN,NaN,NaN,NaN,NaN,NaN,NaN,NaN,NaN,NaN,
122.462,-0.01816,-0.01950,0.12931,-0.31708,-0.35043,-0.15175,0.86812,NaN,NaN,NaN,NaN,NaN,NaN,NaN,NaN,NaN,NaN,NaN,NaN,NaN,NaN,NaN,NaN,NaN,NaN,NaN,NaN,NaN,
122.487,-0.01816,-0.01950,0.12931,-0.31708,-0.35043,-0.15175,0.86812,NaN,NaN,NaN,NaN,NaN,NaN,NaN,NaN,NaN,NaN,NaN,NaN,NaN,NaN,NaN,NaN,NaN,NaN,NaN,NaN,NaN,
122.512,-0.01807,-0.01947,0.12932,-0.31813,-0.35037,-0.15054,0.86797,NaN,NaN,NaN,NaN,NaN,NaN,NaN,NaN,NaN,NaN,NaN,NaN,NaN,NaN,NaN,NaN,NaN,NaN,NaN,NaN,NaN,
122.537,-0.01815,-0.01936,0.12923,-0.31918,-0.35110,-0.14840,0.86766,NaN,NaN,NaN,NaN,NaN,NaN,NaN,NaN,NaN,NaN,NaN,NaN,NaN,NaN,NaN,NaN,NaN,NaN,NaN,NaN,NaN,
122.562,-0.01821,-0.01925,0.12919,-0.32006,-0.35154,-0.14681,0.86743,NaN,NaN,NaN,NaN,NaN,NaN,NaN,NaN,NaN,NaN,NaN,NaN,NaN,NaN,NaN,NaN,NaN,NaN,NaN,NaN,NaN,
122.588,-0.01820,-0.01906,0.12938,-0.32372,-0.35183,-0.14199,0.86675,NaN,NaN,NaN,NaN,NaN,NaN,NaN,NaN,NaN,NaN,NaN,NaN,NaN,NaN,NaN,NaN,NaN,NaN,NaN,NaN,NaN,
122.612,-0.01820,-0.01906,0.12938,-0.32372,-0.35183,-0.14199,0.86675,NaN,NaN,NaN,NaN,NaN,NaN,NaN,NaN,NaN,NaN,NaN,NaN,NaN,NaN,NaN,NaN,NaN,NaN,NaN,NaN,NaN,
122.638,-0.01815,-0.01888,0.12941,-0.32714,-0.35226,-0.13726,0.86606,NaN,NaN,NaN,NaN,NaN,NaN,NaN,NaN,NaN,NaN,NaN,NaN,NaN,NaN,NaN,NaN,NaN,NaN,NaN,NaN,NaN,
122.662,-0.01815,-0.01888,0.12941,-0.32714,-0.35226,-0.13726,0.86606,NaN,NaN,NaN,NaN,NaN,NaN,NaN,NaN,NaN,NaN,NaN,NaN,NaN,NaN,NaN,NaN,NaN,NaN,NaN,NaN,NaN,
122.688,-0.01833,-0.01862,0.12927,-0.32906,-0.35384,-0.13297,0.86535,NaN,NaN,NaN,NaN,NaN,NaN,NaN,NaN,NaN,NaN,NaN,NaN,NaN,NaN,NaN,NaN,NaN,NaN,NaN,NaN,NaN,
122.712,-0.01833,-0.01862,0.12927,-0.32906,-0.35384,-0.13297,0.86535,NaN,NaN,NaN,NaN,NaN,NaN,NaN,NaN,NaN,NaN,NaN,NaN,NaN,NaN,NaN,NaN,NaN,NaN,NaN,NaN,NaN,
122.738,-0.01831,-0.01847,0.12932,-0.33185,-0.35430,-0.12893,0.86471,NaN,NaN,NaN,NaN,NaN,NaN,NaN,NaN,NaN,NaN,NaN,NaN,NaN,NaN,NaN,NaN,NaN,NaN,NaN,NaN,NaN,
122.762,-0.01831,-0.01847,0.12932,-0.33185,-0.35430,-0.12893,0.86471,NaN,NaN,NaN,NaN,NaN,NaN,NaN,NaN,NaN,NaN,NaN,NaN,NaN,NaN,NaN,NaN,NaN,NaN,NaN,NaN,NaN,
122.788,-0.01836,-0.01829,0.12937,-0.33447,-0.35467,-0.12519,0.86410,NaN,NaN,NaN,NaN,NaN,NaN,NaN,NaN,NaN,NaN,NaN,NaN,NaN,NaN,NaN,NaN,NaN,NaN,NaN,NaN,NaN,
122.813,-0.01837,-0.01821,0.12937,-0.33588,-0.35510,-0.12289,0.86370,NaN,NaN,NaN,NaN,NaN,NaN,NaN,NaN,NaN,NaN,NaN,NaN,NaN,NaN,NaN,NaN,NaN,NaN,NaN,NaN,NaN,
122.838,-0.01835,-0.01814,0.12933,-0.33724,-0.35579,-0.12033,0.86325,NaN,NaN,NaN,NaN,NaN,NaN,NaN,NaN,NaN,NaN,NaN,NaN,NaN,NaN,NaN,NaN,NaN,NaN,NaN,NaN,NaN,
122.863,-0.01832,-0.01804,0.12936,-0.33960,-0.35569,-0.11745,0.86277,NaN,NaN,NaN,NaN,NaN,NaN,NaN,NaN,NaN,NaN,NaN,NaN,NaN,NaN,NaN,NaN,NaN,NaN,NaN,NaN,NaN,
122.888,-0.01834,-0.01791,0.12937,-0.34152,-0.35546,-0.11528,0.86239,NaN,NaN,NaN,NaN,NaN,NaN,NaN,NaN,NaN,NaN,NaN,NaN,NaN,NaN,NaN,NaN,NaN,NaN,NaN,NaN,NaN,
122.912,-0.01843,-0.01784,0.12927,-0.34123,-0.35642,-0.11447,0.86222,NaN,NaN,NaN,NaN,NaN,NaN,NaN,NaN,NaN,NaN,NaN,NaN,NaN,NaN,NaN,NaN,NaN,NaN,NaN,NaN,NaN,
122.938,-0.01841,-0.01779,0.12920,-0.34251,-0.35668,-0.11250,0.86186,NaN,NaN,NaN,NaN,NaN,NaN,NaN,NaN,NaN,NaN,NaN,NaN,NaN,NaN,NaN,NaN,NaN,NaN,NaN,NaN,NaN,
122.962,-0.01841,-0.01779,0.12920,-0.34251,-0.35668,-0.11250,0.86186,NaN,NaN,NaN,NaN,NaN,NaN,NaN,NaN,NaN,NaN,NaN,NaN,NaN,NaN,NaN,NaN,NaN,NaN,NaN,NaN,NaN,
122.988,-0.01845,-0.01761,0.12925,-0.34586,-0.35680,-0.10805,0.86105,NaN,NaN,NaN,NaN,NaN,NaN,NaN,NaN,NaN,NaN,NaN,NaN,NaN,NaN,NaN,NaN,NaN,NaN,NaN,NaN,NaN,
123.012,-0.01845,-0.01761,0.12925,-0.34586,-0.35680,-0.10805,0.86105,NaN,NaN,NaN,NaN,NaN,NaN,NaN,NaN,NaN,NaN,NaN,NaN,NaN,NaN,NaN,NaN,NaN,NaN,NaN,NaN,NaN,
123.037,-0.01846,-0.01749,0.12923,-0.34846,-0.35716,-0.10422,0.86032,NaN,NaN,NaN,NaN,NaN,NaN,NaN,NaN,NaN,NaN,NaN,NaN,NaN,NaN,NaN,NaN,NaN,NaN,NaN,NaN,NaN,
123.062,-0.01846,-0.01749,0.12923,-0.34846,-0.35716,-0.10422,0.86032,NaN,NaN,NaN,NaN,NaN,NaN,NaN,NaN,NaN,NaN,NaN,NaN,NaN,NaN,NaN,NaN,NaN,NaN,NaN,NaN,NaN,
123.088,-0.01849,-0.01735,0.12918,-0.35029,-0.35744,-0.10149,0.85979,NaN,NaN,NaN,NaN,NaN,NaN,NaN,NaN,NaN,NaN,NaN,NaN,NaN,NaN,NaN,NaN,NaN,NaN,NaN,NaN,NaN,
123.112,-0.01849,-0.01735,0.12918,-0.35029,-0.35744,-0.10149,0.85979,NaN,NaN,NaN,NaN,NaN,NaN,NaN,NaN,NaN,NaN,NaN,NaN,NaN,NaN,NaN,NaN,NaN,NaN,NaN,NaN,NaN,
123.138,-0.01846,-0.01719,0.12924,-0.35301,-0.35767,-0.09764,0.85902,NaN,NaN,NaN,NaN,NaN,NaN,NaN,NaN,NaN,NaN,NaN,NaN,NaN,NaN,NaN,NaN,NaN,NaN,NaN,NaN,NaN,
123.163,-0.01844,-0.01712,0.12927,-0.35507,-0.35758,-0.09504,0.85850,NaN,NaN,NaN,NaN,NaN,NaN,NaN,NaN,NaN,NaN,NaN,NaN,NaN,NaN,NaN,NaN,NaN,NaN,NaN,NaN,NaN,
123.188,-0.01845,-0.01702,0.12928,-0.35697,-0.35754,-0.09258,0.85800,NaN,NaN,NaN,NaN,NaN,NaN,NaN,NaN,NaN,NaN,NaN,NaN,NaN,NaN,NaN,NaN,NaN,NaN,NaN,NaN,NaN,
123.212,-0.01845,-0.01702,0.12928,-0.35697,-0.35754,-0.09258,0.85800,NaN,NaN,NaN,NaN,NaN,NaN,NaN,NaN,NaN,NaN,NaN,NaN,NaN,NaN,NaN,NaN,NaN,NaN,NaN,NaN,NaN,
123.238,-0.01851,-0.01685,0.12936,-0.35997,-0.35745,-0.08870,0.85719,NaN,NaN,NaN,NaN,NaN,NaN,NaN,NaN,NaN,NaN,NaN,NaN,NaN,NaN,NaN,NaN,NaN,NaN,NaN,NaN,NaN,
123.262,-0.01851,-0.01685,0.12936,-0.35997,-0.35745,-0.08870,0.85719,NaN,NaN,NaN,NaN,NaN,NaN,NaN,NaN,NaN,NaN,NaN,NaN,NaN,NaN,NaN,NaN,NaN,NaN,NaN,NaN,NaN,
123.288,-0.01858,-0.01668,0.12926,-0.36189,-0.35835,-0.08500,0.85639,NaN,NaN,NaN,NaN,NaN,NaN,NaN,NaN,NaN,NaN,NaN,NaN,NaN,NaN,NaN,NaN,NaN,NaN,NaN,NaN,NaN,
123.312,-0.01858,-0.01668,0.12926,-0.36189,-0.35835,-0.08500,0.85639,NaN,NaN,NaN,NaN,NaN,NaN,NaN,NaN,NaN,NaN,NaN,NaN,NaN,NaN,NaN,NaN,NaN,NaN,NaN,NaN,NaN,
123.337,-0.01855,-0.01659,0.12929,-0.36393,-0.35835,-0.08225,0.85579,NaN,NaN,NaN,NaN,NaN,NaN,NaN,NaN,NaN,NaN,NaN,NaN,NaN,NaN,NaN,NaN,NaN,NaN,NaN,NaN,NaN,
123.362,-0.01854,-0.01653,0.12925,-0.36509,-0.35837,-0.08066,0.85544,NaN,NaN,NaN,NaN,NaN,NaN,NaN,NaN,NaN,NaN,NaN,NaN,NaN,NaN,NaN,NaN,NaN,NaN,NaN,NaN,NaN,
123.388,-0.01849,-0.01647,0.12923,-0.36686,-0.35790,-0.07887,0.85504,NaN,NaN,NaN,NaN,NaN,NaN,NaN,NaN,NaN,NaN,NaN,NaN,NaN,NaN,NaN,NaN,NaN,NaN,NaN,NaN,NaN,
123.412,-0.01857,-0.01638,0.12917,-0.36763,-0.35855,-0.07699,0.85461,NaN,NaN,NaN,NaN,NaN,NaN,NaN,NaN,NaN,NaN,NaN,NaN,NaN,NaN,NaN,NaN,NaN,NaN,NaN,NaN,NaN,
123.438,-0.01845,-0.01635,0.12921,-0.36971,-0.35809,-0.07476,0.85411,NaN,NaN,NaN,NaN,NaN,NaN,NaN,NaN,NaN,NaN,NaN,NaN,NaN,NaN,NaN,NaN,NaN,NaN,NaN,NaN,NaN,
123.462,-0.01852,-0.01621,0.12918,-0.37191,-0.35813,-0.07170,0.85340,NaN,NaN,NaN,NaN,NaN,NaN,NaN,NaN,NaN,NaN,NaN,NaN,NaN,NaN,NaN,NaN,NaN,NaN,NaN,NaN,NaN,
123.487,-0.01852,-0.01621,0.12918,-0.37191,-0.35813,-0.07170,0.85340,NaN,NaN,NaN,NaN,NaN,NaN,NaN,NaN,NaN,NaN,NaN,NaN,NaN,NaN,NaN,NaN,NaN,NaN,NaN,NaN,NaN,
123.512,-0.01862,-0.01605,0.12920,-0.37381,-0.35816,-0.06905,0.85277,NaN,NaN,NaN,NaN,NaN,NaN,NaN,NaN,NaN,NaN,NaN,NaN,NaN,NaN,NaN,NaN,NaN,NaN,NaN,NaN,NaN,
123.537,-0.01858,-0.01601,0.12921,-0.37505,-0.35804,-0.06750,0.85240,NaN,NaN,NaN,NaN,NaN,NaN,NaN,NaN,NaN,NaN,NaN,NaN,NaN,NaN,NaN,NaN,NaN,NaN,NaN,NaN,NaN,
123.562,-0.01865,-0.01587,0.12914,-0.37707,-0.35815,-0.06456,0.85169,NaN,NaN,NaN,NaN,NaN,NaN,NaN,NaN,NaN,NaN,NaN,NaN,NaN,NaN,NaN,NaN,NaN,NaN,NaN,NaN,NaN,
123.587,-0.01865,-0.01587,0.12914,-0.37707,-0.35815,-0.06456,0.85169,NaN,NaN,NaN,NaN,NaN,NaN,NaN,NaN,NaN,NaN,NaN,NaN,NaN,NaN,NaN,NaN,NaN,NaN,NaN,NaN,NaN,
123.612,-0.01860,-0.01589,0.12915,-0.37743,-0.35788,-0.06441,0.85166,NaN,NaN,NaN,NaN,NaN,NaN,NaN,NaN,NaN,NaN,NaN,NaN,NaN,NaN,NaN,NaN,NaN,NaN,NaN,NaN,NaN,
123.637,-0.01857,-0.01589,0.12913,-0.37806,-0.35790,-0.06351,0.85144,NaN,NaN,NaN,NaN,NaN,NaN,NaN,NaN,NaN,NaN,NaN,NaN,NaN,NaN,NaN,NaN,NaN,NaN,NaN,NaN,NaN,
123.662,-0.01858,-0.01585,0.12911,-0.37926,-0.35784,-0.06191,0.85104,NaN,NaN,NaN,NaN,NaN,NaN,NaN,NaN,NaN,NaN,NaN,NaN,NaN,NaN,NaN,NaN,NaN,NaN,NaN,NaN,NaN,
123.688,-0.01863,-0.01568,0.12912,-0.38196,-0.35781,-0.05818,0.85011,NaN,NaN,NaN,NaN,NaN,NaN,NaN,NaN,NaN,NaN,NaN,NaN,NaN,NaN,NaN,NaN,NaN,NaN,NaN,NaN,NaN,
123.712,-0.01867,-0.01558,0.12915,-0.38343,-0.35777,-0.05616,0.84960,NaN,NaN,NaN,NaN,NaN,NaN,NaN,NaN,NaN,NaN,NaN,NaN,NaN,NaN,NaN,NaN,NaN,NaN,NaN,NaN,NaN,
123.738,-0.01864,-0.01557,0.12918,-0.38458,-0.35762,-0.05475,0.84924,NaN,NaN,NaN,NaN,NaN,NaN,NaN,NaN,NaN,NaN,NaN,NaN,NaN,NaN,NaN,NaN,NaN,NaN,NaN,NaN,NaN,
123.762,-0.01864,-0.01557,0.12918,-0.38458,-0.35762,-0.05475,0.84924,NaN,NaN,NaN,NaN,NaN,NaN,NaN,NaN,NaN,NaN,NaN,NaN,NaN,NaN,NaN,NaN,NaN,NaN,NaN,NaN,NaN,
123.787,-0.01866,-0.01552,0.12916,-0.38571,-0.35759,-0.05319,0.84884,NaN,NaN,NaN,NaN,NaN,NaN,NaN,NaN,NaN,NaN,NaN,NaN,NaN,NaN,NaN,NaN,NaN,NaN,NaN,NaN,NaN,
123.812,-0.01868,-0.01544,0.12913,-0.38741,-0.35780,-0.05051,0.84814,NaN,NaN,NaN,NaN,NaN,NaN,NaN,NaN,NaN,NaN,NaN,NaN,NaN,NaN,NaN,NaN,NaN,NaN,NaN,NaN,NaN,
123.838,-0.01874,-0.01528,0.12909,-0.39069,-0.35769,-0.04598,0.84694,NaN,NaN,NaN,NaN,NaN,NaN,NaN,NaN,NaN,NaN,NaN,NaN,NaN,NaN,NaN,NaN,NaN,NaN,NaN,NaN,NaN,
123.862,-0.01874,-0.01528,0.12909,-0.39069,-0.35769,-0.04598,0.84694,NaN,NaN,NaN,NaN,NaN,NaN,NaN,NaN,NaN,NaN,NaN,NaN,NaN,NaN,NaN,NaN,NaN,NaN,NaN,NaN,NaN,
123.888,-0.01872,-0.01521,0.12917,-0.39242,-0.35734,-0.04397,0.84639,NaN,NaN,NaN,NaN,NaN,NaN,NaN,NaN,NaN,NaN,NaN,NaN,NaN,NaN,NaN,NaN,NaN,NaN,NaN,NaN,NaN,
123.912,-0.01872,-0.01521,0.12917,-0.39242,-0.35734,-0.04397,0.84639,NaN,NaN,NaN,NaN,NaN,NaN,NaN,NaN,NaN,NaN,NaN,NaN,NaN,NaN,NaN,NaN,NaN,NaN,NaN,NaN,NaN,
123.938,-0.01867,-0.01517,0.12925,-0.39482,-0.35666,-0.04141,0.84569,NaN,NaN,NaN,NaN,NaN,NaN,NaN,NaN,NaN,NaN,NaN,NaN,NaN,NaN,NaN,NaN,NaN,NaN,NaN,NaN,NaN,
123.963,-0.01875,-0.01502,0.12918,-0.39677,-0.35687,-0.03832,0.84484,NaN,NaN,NaN,NaN,NaN,NaN,NaN,NaN,NaN,NaN,NaN,NaN,NaN,NaN,NaN,NaN,NaN,NaN,NaN,NaN,NaN,
123.988,-0.01877,-0.01493,0.12921,-0.39886,-0.35668,-0.03553,0.84406,NaN,NaN,NaN,NaN,NaN,NaN,NaN,NaN,NaN,NaN,NaN,NaN,NaN,NaN,NaN,NaN,NaN,NaN,NaN,NaN,NaN,
124.013,-0.01878,-0.01487,0.12919,-0.40059,-0.35651,-0.03324,0.84340,NaN,NaN,NaN,NaN,NaN,NaN,NaN,NaN,NaN,NaN,NaN,NaN,NaN,NaN,NaN,NaN,NaN,NaN,NaN,NaN,NaN,
124.038,-0.01877,-0.01482,0.12917,-0.40205,-0.35642,-0.03122,0.84282,NaN,NaN,NaN,NaN,NaN,NaN,NaN,NaN,NaN,NaN,NaN,NaN,NaN,NaN,NaN,NaN,NaN,NaN,NaN,NaN,NaN,
124.063,-0.01876,-0.01479,0.12916,-0.40337,-0.35620,-0.02957,0.84234,NaN,NaN,NaN,NaN,NaN,NaN,NaN,NaN,NaN,NaN,NaN,NaN,NaN,NaN,NaN,NaN,NaN,NaN,NaN,NaN,NaN,
124.088,-0.01874,-0.01473,0.12918,-0.40546,-0.35589,-0.02690,0.84156,NaN,NaN,NaN,NaN,NaN,NaN,NaN,NaN,NaN,NaN,NaN,NaN,NaN,NaN,NaN,NaN,NaN,NaN,NaN,NaN,NaN,
124.112,-0.01874,-0.01473,0.12918,-0.40546,-0.35589,-0.02690,0.84156,NaN,NaN,NaN,NaN,NaN,NaN,NaN,NaN,NaN,NaN,NaN,NaN,NaN,NaN,NaN,NaN,NaN,NaN,NaN,NaN,NaN,
124.138,-0.01874,-0.01451,0.12927,-0.40979,-0.35519,-0.02141,0.83991,NaN,NaN,NaN,NaN,NaN,NaN,NaN,NaN,NaN,NaN,NaN,NaN,NaN,NaN,NaN,NaN,NaN,NaN,NaN,NaN,NaN,
124.162,-0.01874,-0.01451,0.12927,-0.40979,-0.35519,-0.02141,0.83991,NaN,NaN,NaN,NaN,NaN,NaN,NaN,NaN,NaN,NaN,NaN,NaN,NaN,NaN,NaN,NaN,NaN,NaN,NaN,NaN,NaN,
124.188,-0.01882,-0.01443,0.12924,-0.40968,-0.35619,-0.02021,0.83957,NaN,NaN,NaN,NaN,NaN,NaN,NaN,NaN,NaN,NaN,NaN,NaN,NaN,NaN,NaN,NaN,NaN,NaN,NaN,NaN,NaN,
124.212,-0.01882,-0.01443,0.12924,-0.40968,-0.35619,-0.02021,0.83957,NaN,NaN,NaN,NaN,NaN,NaN,NaN,NaN,NaN,NaN,NaN,NaN,NaN,NaN,NaN,NaN,NaN,NaN,NaN,NaN,NaN,
124.237,-0.01881,-0.01441,0.12930,-0.41015,-0.35590,-0.01990,0.83947,NaN,NaN,NaN,NaN,NaN,NaN,NaN,NaN,NaN,NaN,NaN,NaN,NaN,NaN,NaN,NaN,NaN,NaN,NaN,NaN,NaN,
124.262,-0.01885,-0.01422,0.12926,-0.41565,-0.35506,-0.01276,0.83726,NaN,NaN,NaN,NaN,NaN,NaN,NaN,NaN,NaN,NaN,NaN,NaN,NaN,NaN,NaN,NaN,NaN,NaN,NaN,NaN,NaN,
124.288,-0.01895,-0.01406,0.12922,-0.41799,-0.35481,-0.00955,0.83624,NaN,NaN,NaN,NaN,NaN,NaN,NaN,NaN,NaN,NaN,NaN,NaN,NaN,NaN,NaN,NaN,NaN,NaN,NaN,NaN,NaN,
124.312,-0.01895,-0.01406,0.12922,-0.41799,-0.35481,-0.00955,0.83624,NaN,NaN,NaN,NaN,NaN,NaN,NaN,NaN,NaN,NaN,NaN,NaN,NaN,NaN,NaN,NaN,NaN,NaN,NaN,NaN,NaN,
124.338,-0.01894,-0.01403,0.12916,-0.41875,-0.35482,-0.00837,0.83587,NaN,NaN,NaN,NaN,NaN,NaN,NaN,NaN,NaN,NaN,NaN,NaN,NaN,NaN,NaN,NaN,NaN,NaN,NaN,NaN,NaN,
124.363,-0.01889,-0.01407,0.12919,-0.41906,-0.35456,-0.00827,0.83583,NaN,NaN,NaN,NaN,NaN,NaN,NaN,NaN,NaN,NaN,NaN,NaN,NaN,NaN,NaN,NaN,NaN,NaN,NaN,NaN,NaN,
124.387,-0.01889,-0.01407,0.12919,-0.41906,-0.35456,-0.00827,0.83583,NaN,NaN,NaN,NaN,NaN,NaN,NaN,NaN,NaN,NaN,NaN,NaN,NaN,NaN,NaN,NaN,NaN,NaN,NaN,NaN,NaN,
124.412,-0.01893,-0.01403,0.12913,-0.41939,-0.35474,-0.00750,0.83559,NaN,NaN,NaN,NaN,NaN,NaN,NaN,NaN,NaN,NaN,NaN,NaN,NaN,NaN,NaN,NaN,NaN,NaN,NaN,NaN,NaN,
124.438,-0.01901,-0.01382,0.12908,-0.42425,-0.35408,-0.00095,0.83345,NaN,NaN,NaN,NaN,NaN,NaN,NaN,NaN,NaN,NaN,NaN,NaN,NaN,NaN,NaN,NaN,NaN,NaN,NaN,NaN,NaN,
124.462,-0.01895,-0.01377,0.12905,-0.42716,-0.35345,0.00269,0.83223,NaN,NaN,NaN,NaN,NaN,NaN,NaN,NaN,NaN,NaN,NaN,NaN,NaN,NaN,NaN,NaN,NaN,NaN,NaN,NaN,NaN,
124.488,-0.01904,-0.01365,0.12911,-0.42907,-0.35291,0.00494,0.83146,NaN,NaN,NaN,NaN,NaN,NaN,NaN,NaN,NaN,NaN,NaN,NaN,NaN,NaN,NaN,NaN,NaN,NaN,NaN,NaN,NaN,
124.513,-0.01901,-0.01365,0.12918,-0.42993,-0.35247,0.00566,0.83120,NaN,NaN,NaN,NaN,NaN,NaN,NaN,NaN,NaN,NaN,NaN,NaN,NaN,NaN,NaN,NaN,NaN,NaN,NaN,NaN,NaN,
124.538,-0.01904,-0.01358,0.12918,-0.43094,-0.35232,0.00704,0.83073,NaN,NaN,NaN,NaN,NaN,NaN,NaN,NaN,NaN,NaN,NaN,NaN,NaN,NaN,NaN,NaN,NaN,NaN,NaN,NaN,NaN,
124.562,-0.01902,-0.01358,0.12923,-0.43157,-0.35205,0.00765,0.83051,NaN,NaN,NaN,NaN,NaN,NaN,NaN,NaN,NaN,NaN,NaN,NaN,NaN,NaN,NaN,NaN,NaN,NaN,NaN,NaN,NaN,
124.588,-0.01901,-0.01356,0.12927,-0.43237,-0.35187,0.00865,0.83016,NaN,NaN,NaN,NaN,NaN,NaN,NaN,NaN,NaN,NaN,NaN,NaN,NaN,NaN,NaN,NaN,NaN,NaN,NaN,NaN,NaN,
124.612,-0.01906,-0.01349,0.12927,-0.43311,-0.35180,0.00972,0.82979,NaN,NaN,NaN,NaN,NaN,NaN,NaN,NaN,NaN,NaN,NaN,NaN,NaN,NaN,NaN,NaN,NaN,NaN,NaN,NaN,NaN,
124.638,-0.01907,-0.01343,0.12928,-0.43455,-0.35134,0.01135,0.82921,NaN,NaN,NaN,NaN,NaN,NaN,NaN,NaN,NaN,NaN,NaN,NaN,NaN,NaN,NaN,NaN,NaN,NaN,NaN,NaN,NaN,
124.662,-0.01907,-0.01343,0.12928,-0.43455,-0.35134,0.01135,0.82921,NaN,NaN,NaN,NaN,NaN,NaN,NaN,NaN,NaN,NaN,NaN,NaN,NaN,NaN,NaN,NaN,NaN,NaN,NaN,NaN,NaN,
124.688,-0.01913,-0.01332,0.12925,-0.43701,-0.35093,0.01469,0.82804,NaN,NaN,NaN,NaN,NaN,NaN,NaN,NaN,NaN,NaN,NaN,NaN,NaN,NaN,NaN,NaN,NaN,NaN,NaN,NaN,NaN,
124.713,-0.01908,-0.01328,0.12928,-0.43938,-0.35000,0.01716,0.82713,NaN,NaN,NaN,NaN,NaN,NaN,NaN,NaN,NaN,NaN,NaN,NaN,NaN,NaN,NaN,NaN,NaN,NaN,NaN,NaN,NaN,
124.737,-0.01908,-0.01328,0.12928,-0.43938,-0.35000,0.01716,0.82713,NaN,NaN,NaN,NaN,NaN,NaN,NaN,NaN,NaN,NaN,NaN,NaN,NaN,NaN,NaN,NaN,NaN,NaN,NaN,NaN,NaN,
124.762,-0.01917,-0.01312,0.12928,-0.44259,-0.34932,0.02135,0.82561,NaN,NaN,NaN,NaN,NaN,NaN,NaN,NaN,NaN,NaN,NaN,NaN,NaN,NaN,NaN,NaN,NaN,NaN,NaN,NaN,NaN,
124.788,-0.01919,-0.01306,0.12923,-0.44525,-0.34868,0.02474,0.82436,NaN,NaN,NaN,NaN,NaN,NaN,NaN,NaN,NaN,NaN,NaN,NaN,NaN,NaN,NaN,NaN,NaN,NaN,NaN,NaN,NaN,
124.812,-0.01926,-0.01295,0.12922,-0.44652,-0.34838,0.02640,0.82374,NaN,NaN,NaN,NaN,NaN,NaN,NaN,NaN,NaN,NaN,NaN,NaN,NaN,NaN,NaN,NaN,NaN,NaN,NaN,NaN,NaN,
124.838,-0.01928,-0.01285,0.12916,-0.44928,-0.34780,0.03008,0.82236,NaN,NaN,NaN,NaN,NaN,NaN,NaN,NaN,NaN,NaN,NaN,NaN,NaN,NaN,NaN,NaN,NaN,NaN,NaN,NaN,NaN,
124.862,-0.01928,-0.01285,0.12916,-0.44928,-0.34780,0.03008,0.82236,NaN,NaN,NaN,NaN,NaN,NaN,NaN,NaN,NaN,NaN,NaN,NaN,NaN,NaN,NaN,NaN,NaN,NaN,NaN,NaN,NaN,
124.888,-0.01927,-0.01274,0.12921,-0.45258,-0.34659,0.03377,0.82092,NaN,NaN,NaN,NaN,NaN,NaN,NaN,NaN,NaN,NaN,NaN,NaN,NaN,NaN,NaN,NaN,NaN,NaN,NaN,NaN,NaN,
124.912,-0.01927,-0.01274,0.12921,-0.45258,-0.34659,0.03377,0.82092,NaN,NaN,NaN,NaN,NaN,NaN,NaN,NaN,NaN,NaN,NaN,NaN,NaN,NaN,NaN,NaN,NaN,NaN,NaN,NaN,NaN,
124.938,-0.01927,-0.01271,0.12930,-0.45489,-0.34584,0.03650,0.81984,NaN,NaN,NaN,NaN,NaN,NaN,NaN,NaN,NaN,NaN,NaN,NaN,NaN,NaN,NaN,NaN,NaN,NaN,NaN,NaN,NaN,
124.962,-0.01927,-0.01265,0.12935,-0.45655,-0.34513,0.03824,0.81914,NaN,NaN,NaN,NaN,NaN,NaN,NaN,NaN,NaN,NaN,NaN,NaN,NaN,NaN,NaN,NaN,NaN,NaN,NaN,NaN,NaN,
124.988,-0.01929,-0.01254,0.12941,-0.45875,-0.34423,0.04062,0.81817,NaN,NaN,NaN,NaN,NaN,NaN,NaN,NaN,NaN,NaN,NaN,NaN,NaN,NaN,NaN,NaN,NaN,NaN,NaN,NaN,NaN,
125.012,-0.01931,-0.01246,0.12948,-0.46108,-0.34331,0.04320,0.81711,NaN,NaN,NaN,NaN,NaN,NaN,NaN,NaN,NaN,NaN,NaN,NaN,NaN,NaN,NaN,NaN,NaN,NaN,NaN,NaN,NaN,
125.037,-0.01931,-0.01246,0.12948,-0.46108,-0.34331,0.04320,0.81711,NaN,NaN,NaN,NaN,NaN,NaN,NaN,NaN,NaN,NaN,NaN,NaN,NaN,NaN,NaN,NaN,NaN,NaN,NaN,NaN,NaN,
125.063,-0.01936,-0.01218,0.12941,-0.46761,-0.34119,0.05118,0.81382,NaN,NaN,NaN,NaN,NaN,NaN,NaN,NaN,NaN,NaN,NaN,NaN,NaN,NaN,NaN,NaN,NaN,NaN,NaN,NaN,NaN,
125.088,-0.01934,-0.01215,0.12935,-0.46875,-0.34092,0.05275,0.81318,NaN,NaN,NaN,NaN,NaN,NaN,NaN,NaN,NaN,NaN,NaN,NaN,NaN,NaN,NaN,NaN,NaN,NaN,NaN,NaN,NaN,
125.112,-0.01935,-0.01220,0.12936,-0.46875,-0.34083,0.05261,0.81323,NaN,NaN,NaN,NaN,NaN,NaN,NaN,NaN,NaN,NaN,NaN,NaN,NaN,NaN,NaN,NaN,NaN,NaN,NaN,NaN,NaN,
125.138,-0.01937,-0.01218,0.12932,-0.46914,-0.34080,0.05324,0.81298,NaN,NaN,NaN,NaN,NaN,NaN,NaN,NaN,NaN,NaN,NaN,NaN,NaN,NaN,NaN,NaN,NaN,NaN,NaN,NaN,NaN,
125.162,-0.01937,-0.01218,0.12932,-0.46914,-0.34080,0.05324,0.81298,NaN,NaN,NaN,NaN,NaN,NaN,NaN,NaN,NaN,NaN,NaN,NaN,NaN,NaN,NaN,NaN,NaN,NaN,NaN,NaN,NaN,
125.188,-0.01936,-0.01214,0.12935,-0.47108,-0.33998,0.05539,0.81205,NaN,NaN,NaN,NaN,NaN,NaN,NaN,NaN,NaN,NaN,NaN,NaN,NaN,NaN,NaN,NaN,NaN,NaN,NaN,NaN,NaN,
125.212,-0.01936,-0.01214,0.12935,-0.47108,-0.33998,0.05539,0.81205,NaN,NaN,NaN,NaN,NaN,NaN,NaN,NaN,NaN,NaN,NaN,NaN,NaN,NaN,NaN,NaN,NaN,NaN,NaN,NaN,NaN,
125.237,-0.01938,-0.01207,0.12945,-0.47256,-0.33911,0.05665,0.81147,NaN,NaN,NaN,NaN,NaN,NaN,NaN,NaN,NaN,NaN,NaN,NaN,NaN,NaN,NaN,NaN,NaN,NaN,NaN,NaN,NaN,
125.262,-0.01936,-0.01163,0.12961,-0.48594,-0.33298,0.07104,0.80495,NaN,NaN,NaN,NaN,NaN,NaN,NaN,NaN,NaN,NaN,NaN,NaN,NaN,NaN,NaN,NaN,NaN,NaN,NaN,NaN,NaN,
125.288,-0.01945,-0.01138,0.12956,-0.49083,-0.33105,0.07693,0.80223,NaN,NaN,NaN,NaN,NaN,NaN,NaN,NaN,NaN,NaN,NaN,NaN,NaN,NaN,NaN,NaN,NaN,NaN,NaN,NaN,NaN,
125.312,-0.01940,-0.01134,0.12958,-0.49362,-0.32950,0.07965,0.80089,NaN,NaN,NaN,NaN,NaN,NaN,NaN,NaN,NaN,NaN,NaN,NaN,NaN,NaN,NaN,NaN,NaN,NaN,NaN,NaN,NaN,
125.338,-0.01945,-0.01129,0.12954,-0.49458,-0.32921,0.08094,0.80029,NaN,NaN,NaN,NaN,NaN,NaN,NaN,NaN,NaN,NaN,NaN,NaN,NaN,NaN,NaN,NaN,NaN,NaN,NaN,NaN,NaN,
125.362,-0.01945,-0.01124,0.12954,-0.49577,-0.32859,0.08217,0.79968,NaN,NaN,NaN,NaN,NaN,NaN,NaN,NaN,NaN,NaN,NaN,NaN,NaN,NaN,NaN,NaN,NaN,NaN,NaN,NaN,NaN,
125.388,-0.01943,-0.01121,0.12954,-0.49802,-0.32741,0.08453,0.79852,NaN,NaN,NaN,NaN,NaN,NaN,NaN,NaN,NaN,NaN,NaN,NaN,NaN,NaN,NaN,NaN,NaN,NaN,NaN,NaN,NaN,
125.412,-0.01943,-0.01121,0.12954,-0.49802,-0.32741,0.08453,0.79852,NaN,NaN,NaN,NaN,NaN,NaN,NaN,NaN,NaN,NaN,NaN,NaN,NaN,NaN,NaN,NaN,NaN,NaN,NaN,NaN,NaN,
125.438,-0.01944,-0.01109,0.12952,0.50101,0.32590,-0.08773,-0.79692,NaN,NaN,NaN,NaN,NaN,NaN,NaN,NaN,NaN,NaN,NaN,NaN,NaN,NaN,NaN,NaN,NaN,NaN,NaN,NaN,NaN,
125.463,-0.01943,-0.01106,0.12951,0.50220,0.32537,-0.08914,-0.79623,NaN,NaN,NaN,NaN,NaN,NaN,NaN,NaN,NaN,NaN,NaN,NaN,NaN,NaN,NaN,NaN,NaN,NaN,NaN,NaN,NaN,
125.487,-0.01943,-0.01106,0.12951,0.50220,0.32537,-0.08914,-0.79623,NaN,NaN,NaN,NaN,NaN,NaN,NaN,NaN,NaN,NaN,NaN,NaN,NaN,NaN,NaN,NaN,NaN,NaN,NaN,NaN,NaN,
125.512,-0.01948,-0.01091,0.12948,0.50514,0.32393,-0.09241,-0.79458,NaN,NaN,NaN,NaN,NaN,NaN,NaN,NaN,NaN,NaN,NaN,NaN,NaN,NaN,NaN,NaN,NaN,NaN,NaN,NaN,NaN,
125.538,-0.01950,-0.01085,0.12951,0.50665,0.32310,-0.09396,-0.79378,NaN,NaN,NaN,NaN,NaN,NaN,NaN,NaN,NaN,NaN,NaN,NaN,NaN,NaN,NaN,NaN,NaN,NaN,NaN,NaN,NaN,
125.562,-0.01950,-0.01085,0.12951,0.50665,0.32310,-0.09396,-0.79378,NaN,NaN,NaN,NaN,NaN,NaN,NaN,NaN,NaN,NaN,NaN,NaN,NaN,NaN,NaN,NaN,NaN,NaN,NaN,NaN,NaN,
125.588,-0.01946,-0.01078,0.12961,0.50992,0.32110,-0.09703,-0.79213,NaN,NaN,NaN,NaN,NaN,NaN,NaN,NaN,NaN,NaN,NaN,NaN,NaN,NaN,NaN,NaN,NaN,NaN,NaN,NaN,NaN,
125.612,-0.01949,-0.01071,0.12963,0.51124,0.32044,-0.09852,-0.79136,NaN,NaN,NaN,NaN,NaN,NaN,NaN,NaN,NaN,NaN,NaN,NaN,NaN,NaN,NaN,NaN,NaN,NaN,NaN,NaN,NaN,
125.638,-0.01944,-0.01068,0.12969,0.51281,0.31937,-0.09985,-0.79061,NaN,NaN,NaN,NaN,NaN,NaN,NaN,NaN,NaN,NaN,NaN,NaN,NaN,NaN,NaN,NaN,NaN,NaN,NaN,NaN,NaN,
125.663,-0.01946,-0.01064,0.12972,0.51417,0.31860,-0.10125,-0.78986,NaN,NaN,NaN,NaN,NaN,NaN,NaN,NaN,NaN,NaN,NaN,NaN,NaN,NaN,NaN,NaN,NaN,NaN,NaN,NaN,NaN,
125.688,-0.01951,-0.01048,0.12967,0.51697,0.31716,-0.10438,-0.78820,NaN,NaN,NaN,NaN,NaN,NaN,NaN,NaN,NaN,NaN,NaN,NaN,NaN,NaN,NaN,NaN,NaN,NaN,NaN,NaN,NaN,
125.712,-0.01951,-0.01048,0.12967,0.51697,0.31716,-0.10438,-0.78820,NaN,NaN,NaN,NaN,NaN,NaN,NaN,NaN,NaN,NaN,NaN,NaN,NaN,NaN,NaN,NaN,NaN,NaN,NaN,NaN,NaN,
125.737,-0.01949,-0.01042,0.12967,0.51967,0.31559,-0.10716,-0.78668,NaN,NaN,NaN,NaN,NaN,NaN,NaN,NaN,NaN,NaN,NaN,NaN,NaN,NaN,NaN,NaN,NaN,NaN,NaN,NaN,NaN,
125.762,-0.01950,-0.01034,0.12966,0.52160,0.31451,-0.10923,-0.78555,NaN,NaN,NaN,NaN,NaN,NaN,NaN,NaN,NaN,NaN,NaN,NaN,NaN,NaN,NaN,NaN,NaN,NaN,NaN,NaN,NaN,
125.787,-0.01953,-0.01030,0.12966,0.52279,0.31375,-0.11035,-0.78490,NaN,NaN,NaN,NaN,NaN,NaN,NaN,NaN,NaN,NaN,NaN,NaN,NaN,NaN,NaN,NaN,NaN,NaN,NaN,NaN,NaN,
125.812,-0.01954,-0.01027,0.12963,0.52347,0.31340,-0.11113,-0.78448,NaN,NaN,NaN,NaN,NaN,NaN,NaN,NaN,NaN,NaN,NaN,NaN,NaN,NaN,NaN,NaN,NaN,NaN,NaN,NaN,NaN,
125.838,-0.01954,-0.01027,0.12961,0.52369,0.31332,-0.11143,-0.78432,NaN,NaN,NaN,NaN,NaN,NaN,NaN,NaN,NaN,NaN,NaN,NaN,NaN,NaN,NaN,NaN,NaN,NaN,NaN,NaN,NaN,
125.862,-0.01954,-0.01027,0.12961,0.52369,0.31332,-0.11143,-0.78432,NaN,NaN,NaN,NaN,NaN,NaN,NaN,NaN,NaN,NaN,NaN,NaN,NaN,NaN,NaN,NaN,NaN,NaN,NaN,NaN,NaN,
125.888,-0.01955,-0.01025,0.12960,0.52387,0.31320,-0.11161,-0.78422,NaN,NaN,NaN,NaN,NaN,NaN,NaN,NaN,NaN,NaN,NaN,NaN,NaN,NaN,NaN,NaN,NaN,NaN,NaN,NaN,NaN,
125.912,-0.01955,-0.01025,0.12960,0.52387,0.31320,-0.11161,-0.78422,NaN,NaN,NaN,NaN,NaN,NaN,NaN,NaN,NaN,NaN,NaN,NaN,NaN,NaN,NaN,NaN,NaN,NaN,NaN,NaN,NaN,
125.937,-0.01955,-0.01025,0.12961,0.52390,0.31315,-0.11160,-0.78422,NaN,NaN,NaN,NaN,NaN,NaN,NaN,NaN,NaN,NaN,NaN,NaN,NaN,NaN,NaN,NaN,NaN,NaN,NaN,NaN,NaN,
125.962,-0.01953,-0.01027,0.12963,0.52362,0.31329,-0.11126,-0.78440,NaN,NaN,NaN,NaN,NaN,NaN,NaN,NaN,NaN,NaN,NaN,NaN,NaN,NaN,NaN,NaN,NaN,NaN,NaN,NaN,NaN,
125.988,-0.01953,-0.01026,0.12963,0.52380,0.31318,-0.11143,-0.78431,NaN,NaN,NaN,NaN,NaN,NaN,NaN,NaN,NaN,NaN,NaN,NaN,NaN,NaN,NaN,NaN,NaN,NaN,NaN,NaN,NaN,
126.012,-0.01953,-0.01026,0.12963,0.52380,0.31318,-0.11143,-0.78431,NaN,NaN,NaN,NaN,NaN,NaN,NaN,NaN,NaN,NaN,NaN,NaN,NaN,NaN,NaN,NaN,NaN,NaN,NaN,NaN,NaN,
126.038,-0.01953,-0.01027,0.12965,0.52390,0.31308,-0.11146,-0.78428,NaN,NaN,NaN,NaN,NaN,NaN,NaN,NaN,NaN,NaN,NaN,NaN,NaN,NaN,NaN,NaN,NaN,NaN,NaN,NaN,NaN,
126.062,-0.01953,-0.01027,0.12965,0.52390,0.31308,-0.11146,-0.78428,NaN,NaN,NaN,NaN,NaN,NaN,NaN,NaN,NaN,NaN,NaN,NaN,NaN,NaN,NaN,NaN,NaN,NaN,NaN,NaN,NaN,
126.088,-0.01952,-0.01027,0.12968,0.52396,0.31298,-0.11143,-0.78428,NaN,NaN,NaN,NaN,NaN,NaN,NaN,NaN,NaN,NaN,NaN,NaN,NaN,NaN,NaN,NaN,NaN,NaN,NaN,NaN,NaN,
126.112,-0.01952,-0.01027,0.12968,0.52396,0.31298,-0.11143,-0.78428,NaN,NaN,NaN,NaN,NaN,NaN,NaN,NaN,NaN,NaN,NaN,NaN,NaN,NaN,NaN,NaN,NaN,NaN,NaN,NaN,NaN,
126.138,-0.01951,-0.01027,0.12971,0.52399,0.31289,-0.11134,-0.78431,NaN,NaN,NaN,NaN,NaN,NaN,NaN,NaN,NaN,NaN,NaN,NaN,NaN,NaN,NaN,NaN,NaN,NaN,NaN,NaN,NaN,
126.162,-0.01951,-0.01027,0.12971,0.52399,0.31289,-0.11134,-0.78431,NaN,NaN,NaN,NaN,NaN,NaN,NaN,NaN,NaN,NaN,NaN,NaN,NaN,NaN,NaN,NaN,NaN,NaN,NaN,NaN,NaN,
126.188,-0.01951,-0.01027,0.12972,0.52402,0.31286,-0.11135,-0.78430,NaN,NaN,NaN,NaN,NaN,NaN,NaN,NaN,NaN,NaN,NaN,NaN,NaN,NaN,NaN,NaN,NaN,NaN,NaN,NaN,NaN,
126.212,-0.01951,-0.01027,0.12972,0.52402,0.31286,-0.11135,-0.78430,NaN,NaN,NaN,NaN,NaN,NaN,NaN,NaN,NaN,NaN,NaN,NaN,NaN,NaN,NaN,NaN,NaN,NaN,NaN,NaN,NaN,
126.238,-0.01951,-0.01027,0.12971,0.52405,0.31286,-0.11141,-0.78427,NaN,NaN,NaN,NaN,NaN,NaN,NaN,NaN,NaN,NaN,NaN,NaN,NaN,NaN,NaN,NaN,NaN,NaN,NaN,NaN,NaN,
126.262,-0.01950,-0.01027,0.12970,0.52406,0.31287,-0.11145,-0.78426,NaN,NaN,NaN,NaN,NaN,NaN,NaN,NaN,NaN,NaN,NaN,NaN,NaN,NaN,NaN,NaN,NaN,NaN,NaN,NaN,NaN,
