t,x,y,z,qw,qx,qy,qz,s1_x,s1_y,s1_z,s1_qw,s1_qx,s1_qy,s1_qz,s2_x,s2_y,s2_z,s2_qw,s2_qx,s2_qy,s2_qz,s3_x,s3_y,s3_z,s3_qw,s3_qx,s3_qy,s3_qz
0.004,-0.02030,0.01149,0.12842,0.64565,0.22854,-0.23658,-0.68915,NaN,NaN,NaN,NaN,NaN,NaN,NaN,NaN,NaN,NaN,NaN,NaN,NaN,NaN,NaN,NaN,NaN,NaN,NaN,NaN,NaN,
0.029,-0.02030,0.01149,0.12842,0.64565,0.22854,-0.23657,-0.68916,NaN,NaN,NaN,NaN,NaN,NaN,NaN,NaN,NaN,NaN,NaN,NaN,NaN,NaN,NaN,NaN,NaN,NaN,NaN,NaN,NaN,
0.054,-0.02030,0.01149,0.12843,0.64563,0.22855,-0.23653,-0.68919,NaN,NaN,NaN,NaN,NaN,NaN,NaN,NaN,NaN,NaN,NaN,NaN,NaN,NaN,NaN,NaN,NaN,NaN,NaN,NaN,NaN,
0.079,-0.02030,0.01149,0.12842,0.64566,0.22853,-0.23658,-0.68915,NaN,NaN,NaN,NaN,NaN,NaN,NaN,NaN,NaN,NaN,NaN,NaN,NaN,NaN,NaN,NaN,NaN,NaN,NaN,NaN,NaN,
0.104,-0.02030,0.01149,0.12842,0.64567,0.22851,-0.23659,-0.68914,NaN,NaN,NaN,NaN,NaN,NaN,NaN,NaN,NaN,NaN,NaN,NaN,NaN,NaN,NaN,NaN,NaN,NaN,NaN,NaN,NaN,
0.129,-0.02030,0.01149,0.12842,0.64568,0.22850,-0.23659,-0.68914,NaN,NaN,NaN,NaN,NaN,NaN,NaN,NaN,NaN,NaN,NaN,NaN,NaN,NaN,NaN,NaN,NaN,NaN,NaN,NaN,NaN,
0.154,-0.02030,0.01149,0.12842,0.64568,0.22850,-0.23659,-0.68914,NaN,NaN,NaN,NaN,NaN,NaN,NaN,NaN,NaN,NaN,NaN,NaN,NaN,NaN,NaN,NaN,NaN,NaN,NaN,NaN,NaN,
0.179,-0.02030,0.01149,0.12842,0.64568,0.22851,-0.23661,-0.68913,NaN,NaN,NaN,NaN,NaN,NaN,NaN,NaN,NaN,NaN,NaN,NaN,NaN,NaN,NaN,NaN,NaN,NaN,NaN,NaN,NaN,
0.204,-0.02030,0.01149,0.12842,0.64569,0.22850,-0.23662,-0.68912,NaN,NaN,NaN,NaN,NaN,NaN,NaN,NaN,NaN,NaN,NaN,NaN,NaN,NaN,NaN,NaN,NaN,NaN,NaN,NaN,NaN,
0.229,-0.02030,0.01149,0.12843,0.64570,0.22848,-0.23659,-0.68913,NaN,NaN,NaN,NaN,NaN,NaN,NaN,NaN,NaN,NaN,NaN,NaN,NaN,NaN,NaN,NaN,NaN,NaN,NaN,NaN,NaN,
0.254,-0.02030,0.01149,0.12843,0.64571,0.22847,-0.23661,-0.68911,NaN,NaN,NaN,NaN,NaN,NaN,NaN,NaN,NaN,NaN,NaN,NaN,NaN,NaN,NaN,NaN,NaN,NaN,NaN,NaN,NaN,
0.279,-0.02030,0.01149,0.12842,0.64571,0.22848,-0.23664,-0.68910,NaN,NaN,NaN,NaN,NaN,NaN,NaN,NaN,NaN,NaN,NaN,NaN,NaN,NaN,NaN,NaN,NaN,NaN,NaN,NaN,NaN,
0.304,-0.02030,0.01149,0.12841,0.64574,0.22847,-0.23670,-0.68906,NaN,NaN,NaN,NaN,NaN,NaN,NaN,NaN,NaN,NaN,NaN,NaN,NaN,NaN,NaN,NaN,NaN,NaN,NaN,NaN,NaN,
0.329,-0.02030,0.01149,0.12842,0.64572,0.22847,-0.23665,-0.68909,NaN,NaN,NaN,NaN,NaN,NaN,NaN,NaN,NaN,NaN,NaN,NaN,NaN,NaN,NaN,NaN,NaN,NaN,NaN,NaN,NaN,
0.354,-0.02031,0.01149,0.12843,0.64573,0.22845,-0.23662,-0.68910,NaN,NaN,NaN,NaN,NaN,NaN,NaN,NaN,NaN,NaN,NaN,NaN,NaN,NaN,NaN,NaN,NaN,NaN,NaN,NaN,NaN,
0.379,-0.02031,0.01150,0.12843,0.64573,0.22844,-0.23661,-0.68911,NaN,NaN,NaN,NaN,NaN,NaN,NaN,NaN,NaN,NaN,NaN,NaN,NaN,NaN,NaN,NaN,NaN,NaN,NaN,NaN,NaN,
0.404,-0.02031,0.01150,0.12843,0.64573,0.22844,-0.23663,-0.68910,NaN,NaN,NaN,NaN,NaN,NaN,NaN,NaN,NaN,NaN,NaN,NaN,NaN,NaN,NaN,NaN,NaN,NaN,NaN,NaN,NaN,
0.429,-0.02031,0.01150,0.12843,0.64573,0.22843,-0.23662,-0.68910,NaN,NaN,NaN,NaN,NaN,NaN,NaN,NaN,NaN,NaN,NaN,NaN,NaN,NaN,NaN,NaN,NaN,NaN,NaN,NaN,NaN,
0.454,-0.02031,0.01150,0.12843,0.64575,0.22842,-0.23663,-0.68909,NaN,NaN,NaN,NaN,NaN,NaN,NaN,NaN,NaN,NaN,NaN,NaN,NaN,NaN,NaN,NaN,NaN,NaN,NaN,NaN,NaN,
0.479,-0.02032,0.01150,0.12842,0.64574,0.22843,-0.23663,-0.68909,NaN,NaN,NaN,NaN,NaN,NaN,NaN,NaN,NaN,NaN,NaN,NaN,NaN,NaN,NaN,NaN,NaN,NaN,NaN,NaN,NaN,
0.504,-0.02032,0.01150,0.12843,0.64572,0.22844,-0.23659,-0.68912,NaN,NaN,NaN,NaN,NaN,NaN,NaN,NaN,NaN,NaN,NaN,NaN,NaN,NaN,NaN,NaN,NaN,NaN,NaN,NaN,NaN,
0.529,-0.02032,0.01150,0.12843,0.64573,0.22842,-0.23658,-0.68912,NaN,NaN,NaN,NaN,NaN,NaN,NaN,NaN,NaN,NaN,NaN,NaN,NaN,NaN,NaN,NaN,NaN,NaN,NaN,NaN,NaN,
0.554,-0.02032,0.01150,0.12843,0.64573,0.22841,-0.23657,-0.68912,NaN,NaN,NaN,NaN,NaN,NaN,NaN,NaN,NaN,NaN,NaN,NaN,NaN,NaN,NaN,NaN,NaN,NaN,NaN,NaN,NaN,
0.579,-0.02032,0.01150,0.12843,0.64572,0.22842,-0.23656,-0.68913,NaN,NaN,NaN,NaN,NaN,NaN,NaN,NaN,NaN,NaN,NaN,NaN,NaN,NaN,NaN,NaN,NaN,NaN,NaN,NaN,NaN,
0.604,-0.02032,0.01150,0.12844,0.64571,0.22843,-0.23655,-0.68914,NaN,NaN,NaN,NaN,NaN,NaN,NaN,NaN,NaN,NaN,NaN,NaN,NaN,NaN,NaN,NaN,NaN,NaN,NaN,NaN,NaN,
0.629,-0.02032,0.01150,0.12842,0.64571,0.22845,-0.23659,-0.68912,NaN,NaN,NaN,NaN,NaN,NaN,NaN,NaN,NaN,NaN,NaN,NaN,NaN,NaN,NaN,NaN,NaN,NaN,NaN,NaN,NaN,
0.654,-0.02032,0.01150,0.12842,0.64569,0.22848,-0.23658,-0.68914,NaN,NaN,NaN,NaN,NaN,NaN,NaN,NaN,NaN,NaN,NaN,NaN,NaN,NaN,NaN,NaN,NaN,NaN,NaN,NaN,NaN,
0.679,-0.02032,0.01150,0.12843,0.64567,0.22848,-0.23652,-0.68918,NaN,NaN,NaN,NaN,NaN,NaN,NaN,NaN,NaN,NaN,NaN,NaN,NaN,NaN,NaN,NaN,NaN,NaN,NaN,NaN,NaN,
0.704,-0.02033,0.01150,0.12844,0.64567,0.22847,-0.23650,-0.68919,NaN,NaN,NaN,NaN,NaN,NaN,NaN,NaN,NaN,NaN,NaN,NaN,NaN,NaN,NaN,NaN,NaN,NaN,NaN,NaN,NaN,
0.729,-0.02032,0.01150,0.12842,0.64568,0.22848,-0.23656,-0.68915,NaN,NaN,NaN,NaN,NaN,NaN,NaN,NaN,NaN,NaN,NaN,NaN,NaN,NaN,NaN,NaN,NaN,NaN,NaN,NaN,NaN,
0.754,-0.02032,0.01150,0.12842,0.64565,0.22853,-0.23655,-0.68917,NaN,NaN,NaN,NaN,NaN,NaN,NaN,NaN,NaN,NaN,NaN,NaN,NaN,NaN,NaN,NaN,NaN,NaN,NaN,NaN,NaN,
0.779,-0.02032,0.01149,0.12842,0.64561,0.22856,-0.23652,-0.68920,NaN,NaN,NaN,NaN,NaN,NaN,NaN,NaN,NaN,NaN,NaN,NaN,NaN,NaN,NaN,NaN,NaN,NaN,NaN,NaN,NaN,
0.804,-0.02033,0.01149,0.12842,0.64558,0.22860,-0.23649,-0.68923,NaN,NaN,NaN,NaN,NaN,NaN,NaN,NaN,NaN,NaN,NaN,NaN,NaN,NaN,NaN,NaN,NaN,NaN,NaN,NaN,NaN,
0.829,-0.02033,0.01149,0.12842,0.64558,0.22860,-0.23650,-0.68923,NaN,NaN,NaN,NaN,NaN,NaN,NaN,NaN,NaN,NaN,NaN,NaN,NaN,NaN,NaN,NaN,NaN,NaN,NaN,NaN,NaN,
0.854,-0.02032,0.01149,0.12841,0.64556,0.22863,-0.23649,-0.68924,NaN,NaN,NaN,NaN,NaN,NaN,NaN,NaN,NaN,NaN,NaN,NaN,NaN,NaN,NaN,NaN,NaN,NaN,NaN,NaN,NaN,
0.879,-0.02032,0.01148,0.12843,0.64556,0.22860,-0.23643,-0.68927,NaN,NaN,NaN,NaN,NaN,NaN,NaN,NaN,NaN,NaN,NaN,NaN,NaN,NaN,NaN,NaN,NaN,NaN,NaN,NaN,NaN,
0.904,-0.02032,0.01149,0.12843,0.64556,0.22859,-0.23642,-0.68928,NaN,NaN,NaN,NaN,NaN,NaN,NaN,NaN,NaN,NaN,NaN,NaN,NaN,NaN,NaN,NaN,NaN,NaN,NaN,NaN,NaN,
0.929,-0.02032,0.01149,0.12842,0.64557,0.22861,-0.23648,-0.68924,NaN,NaN,NaN,NaN,NaN,NaN,NaN,NaN,NaN,NaN,NaN,NaN,NaN,NaN,NaN,NaN,NaN,NaN,NaN,NaN,NaN,
0.954,-0.02032,0.01148,0.12842,0.64552,0.22866,-0.23641,-0.68930,NaN,NaN,NaN,NaN,NaN,NaN,NaN,NaN,NaN,NaN,NaN,NaN,NaN,NaN,NaN,NaN,NaN,NaN,NaN,NaN,NaN,
0.979,-0.02032,0.01148,0.12844,0.64553,0.22863,-0.23638,-0.68931,NaN,NaN,NaN,NaN,NaN,NaN,NaN,NaN,NaN,NaN,NaN,NaN,NaN,NaN,NaN,NaN,NaN,NaN,NaN,NaN,NaN,
1.004,-0.02032,0.01149,0.12843,0.64556,0.22861,-0.23643,-0.68927,NaN,NaN,NaN,NaN,NaN,NaN,NaN,NaN,NaN,NaN,NaN,NaN,NaN,NaN,NaN,NaN,NaN,NaN,NaN,NaN,NaN,
1.029,-0.02032,0.01148,0.12842,0.64556,0.22862,-0.23647,-0.68925,NaN,NaN,NaN,NaN,NaN,NaN,NaN,NaN,NaN,NaN,NaN,NaN,NaN,NaN,NaN,NaN,NaN,NaN,NaN,NaN,NaN,
1.054,-0.02031,0.01148,0.12843,0.64555,0.22860,-0.23640,-0.68929,NaN,NaN,NaN,NaN,NaN,NaN,NaN,NaN,NaN,NaN,NaN,NaN,NaN,NaN,NaN,NaN,NaN,NaN,NaN,NaN,NaN,
1.079,-0.02031,0.01149,0.12844,0.64556,0.22860,-0.23642,-0.68927,NaN,NaN,NaN,NaN,NaN,NaN,NaN,NaN,NaN,NaN,NaN,NaN,NaN,NaN,NaN,NaN,NaN,NaN,NaN,NaN,NaN,
1.104,-0.02031,0.01149,0.12843,0.64557,0.22860,-0.23646,-0.68925,NaN,NaN,NaN,NaN,NaN,NaN,NaN,NaN,NaN,NaN,NaN,NaN,NaN,NaN,NaN,NaN,NaN,NaN,NaN,NaN,NaN,
1.129,-0.02031,0.01148,0.12841,0.64556,0.22864,-0.23649,-0.68924,NaN,NaN,NaN,NaN,NaN,NaN,NaN,NaN,NaN,NaN,NaN,NaN,NaN,NaN,NaN,NaN,NaN,NaN,NaN,NaN,NaN,
1.154,-0.02031,0.01148,0.12842,0.64558,0.22860,-0.23647,-0.68924,NaN,NaN,NaN,NaN,NaN,NaN,NaN,NaN,NaN,NaN,NaN,NaN,NaN,NaN,NaN,NaN,NaN,NaN,NaN,NaN,NaN,
1.179,-0.02030,0.01148,0.12843,0.64560,0.22858,-0.23649,-0.68922,NaN,NaN,NaN,NaN,NaN,NaN,NaN,NaN,NaN,NaN,NaN,NaN,NaN,NaN,NaN,NaN,NaN,NaN,NaN,NaN,NaN,
1.204,-0.02030,0.01148,0.12842,0.64562,0.22857,-0.23654,-0.68919,NaN,NaN,NaN,NaN,NaN,NaN,NaN,NaN,NaN,NaN,NaN,NaN,NaN,NaN,NaN,NaN,NaN,NaN,NaN,NaN,NaN,
1.229,-0.02030,0.01147,0.12842,0.64562,0.22856,-0.23655,-0.68918,NaN,NaN,NaN,NaN,NaN,NaN,NaN,NaN,NaN,NaN,NaN,NaN,NaN,NaN,NaN,NaN,NaN,NaN,NaN,NaN,NaN,
1.254,-0.02030,0.01147,0.12842,0.64562,0.22857,-0.23653,-0.68919,NaN,NaN,NaN,NaN,NaN,NaN,NaN,NaN,NaN,NaN,NaN,NaN,NaN,NaN,NaN,NaN,NaN,NaN,NaN,NaN,NaN,
1.279,-0.02029,0.01147,0.12842,0.64565,0.22854,-0.23658,-0.68915,NaN,NaN,NaN,NaN,NaN,NaN,NaN,NaN,NaN,NaN,NaN,NaN,NaN,NaN,NaN,NaN,NaN,NaN,NaN,NaN,NaN,
1.304,-0.02029,0.01147,0.12842,0.64567,0.22851,-0.23659,-0.68914,NaN,NaN,NaN,NaN,NaN,NaN,NaN,NaN,NaN,NaN,NaN,NaN,NaN,NaN,NaN,NaN,NaN,NaN,NaN,NaN,NaN,
1.329,-0.02029,0.01147,0.12842,0.64568,0.22850,-0.23657,-0.68915,NaN,NaN,NaN,NaN,NaN,NaN,NaN,NaN,NaN,NaN,NaN,NaN,NaN,NaN,NaN,NaN,NaN,NaN,NaN,NaN,NaN,
1.354,-0.02029,0.01147,0.12842,0.64568,0.22850,-0.23659,-0.68914,NaN,NaN,NaN,NaN,NaN,NaN,NaN,NaN,NaN,NaN,NaN,NaN,NaN,NaN,NaN,NaN,NaN,NaN,NaN,NaN,NaN,
1.379,-0.02029,0.01147,0.12842,0.64570,0.22847,-0.23660,-0.68912,NaN,NaN,NaN,NaN,NaN,NaN,NaN,NaN,NaN,NaN,NaN,NaN,NaN,NaN,NaN,NaN,NaN,NaN,NaN,NaN,NaN,
1.404,-0.02029,0.01147,0.12842,0.64573,0.22845,-0.23663,-0.68910,NaN,NaN,NaN,NaN,NaN,NaN,NaN,NaN,NaN,NaN,NaN,NaN,NaN,NaN,NaN,NaN,NaN,NaN,NaN,NaN,NaN,
1.429,-0.02029,0.01147,0.12841,0.64573,0.22846,-0.23665,-0.68909,NaN,NaN,NaN,NaN,NaN,NaN,NaN,NaN,NaN,NaN,NaN,NaN,NaN,NaN,NaN,NaN,NaN,NaN,NaN,NaN,NaN,
1.454,-0.02029,0.01148,0.12842,0.64574,0.22843,-0.23663,-0.68910,NaN,NaN,NaN,NaN,NaN,NaN,NaN,NaN,NaN,NaN,NaN,NaN,NaN,NaN,NaN,NaN,NaN,NaN,NaN,NaN,NaN,
1.479,-0.02029,0.01148,0.12842,0.64574,0.22844,-0.23664,-0.68908,NaN,NaN,NaN,NaN,NaN,NaN,NaN,NaN,NaN,NaN,NaN,NaN,NaN,NaN,NaN,NaN,NaN,NaN,NaN,NaN,NaN,
1.504,-0.02029,0.01148,0.12841,0.64574,0.22845,-0.23666,-0.68907,NaN,NaN,NaN,NaN,NaN,NaN,NaN,NaN,NaN,NaN,NaN,NaN,NaN,NaN,NaN,NaN,NaN,NaN,NaN,NaN,NaN,
1.529,-0.02030,0.01148,0.12841,0.64572,0.22846,-0.23664,-0.68909,NaN,NaN,NaN,NaN,NaN,NaN,NaN,NaN,NaN,NaN,NaN,NaN,NaN,NaN,NaN,NaN,NaN,NaN,NaN,NaN,NaN,
1.554,-0.02030,0.01148,0.12841,0.64572,0.22847,-0.23666,-0.68908,NaN,NaN,NaN,NaN,NaN,NaN,NaN,NaN,NaN,NaN,NaN,NaN,NaN,NaN,NaN,NaN,NaN,NaN,NaN,NaN,NaN,
1.579,-0.02030,0.01148,0.12841,0.64574,0.22845,-0.23665,-0.68908,NaN,NaN,NaN,NaN,NaN,NaN,NaN,NaN,NaN,NaN,NaN,NaN,NaN,NaN,NaN,NaN,NaN,NaN,NaN,NaN,NaN,
1.604,-0.02030,0.01148,0.12842,0.64575,0.22842,-0.23666,-0.68907,NaN,NaN,NaN,NaN,NaN,NaN,NaN,NaN,NaN,NaN,NaN,NaN,NaN,NaN,NaN,NaN,NaN,NaN,NaN,NaN,NaN,
1.629,-0.02030,0.01148,0.12842,0.64575,0.22842,-0.23665,-0.68908,NaN,NaN,NaN,NaN,NaN,NaN,NaN,NaN,NaN,NaN,NaN,NaN,NaN,NaN,NaN,NaN,NaN,NaN,NaN,NaN,NaN,
1.654,-0.02030,0.01148,0.12842,0.64574,0.22843,-0.23665,-0.68908,NaN,NaN,NaN,NaN,NaN,NaN,NaN,NaN,NaN,NaN,NaN,NaN,NaN,NaN,NaN,NaN,NaN,NaN,NaN,NaN,NaN,
1.679,-0.02031,0.01148,0.12842,0.64573,0.22844,-0.23663,-0.68910,NaN,NaN,NaN,NaN,NaN,NaN,NaN,NaN,NaN,NaN,NaN,NaN,NaN,NaN,NaN,NaN,NaN,NaN,NaN,NaN,NaN,
1.704,-0.02031,0.01149,0.12842,0.64573,0.22844,-0.23664,-0.68909,NaN,NaN,NaN,NaN,NaN,NaN,NaN,NaN,NaN,NaN,NaN,NaN,NaN,NaN,NaN,NaN,NaN,NaN,NaN,NaN,NaN,
1.729,-0.02031,0.01149,0.12842,0.64573,0.22844,-0.23663,-0.68909,NaN,NaN,NaN,NaN,NaN,NaN,NaN,NaN,NaN,NaN,NaN,NaN,NaN,NaN,NaN,NaN,NaN,NaN,NaN,NaN,NaN,
1.754,-0.02031,0.01149,0.12842,0.64575,0.22842,-0.23664,-0.68908,NaN,NaN,NaN,NaN,NaN,NaN,NaN,NaN,NaN,NaN,NaN,NaN,NaN,NaN,NaN,NaN,NaN,NaN,NaN,NaN,NaN,
1.779,-0.02031,0.01150,0.12843,0.64575,0.22839,-0.23659,-0.68911,NaN,NaN,NaN,NaN,NaN,NaN,NaN,NaN,NaN,NaN,NaN,NaN,NaN,NaN,NaN,NaN,NaN,NaN,NaN,NaN,NaN,
1.804,-0.02032,0.01151,0.12843,0.64578,0.22838,-0.23664,-0.68907,NaN,NaN,NaN,NaN,NaN,NaN,NaN,NaN,NaN,NaN,NaN,NaN,NaN,NaN,NaN,NaN,NaN,NaN,NaN,NaN,NaN,
1.829,-0.02032,0.01150,0.12842,0.64574,0.22843,-0.23664,-0.68909,NaN,NaN,NaN,NaN,NaN,NaN,NaN,NaN,NaN,NaN,NaN,NaN,NaN,NaN,NaN,NaN,NaN,NaN,NaN,NaN,NaN,
1.854,-0.02032,0.01151,0.12843,0.64573,0.22842,-0.23659,-0.68912,NaN,NaN,NaN,NaN,NaN,NaN,NaN,NaN,NaN,NaN,NaN,NaN,NaN,NaN,NaN,NaN,NaN,NaN,NaN,NaN,NaN,
1.879,-0.02032,0.01151,0.12843,0.64573,0.22844,-0.23661,-0.68911,NaN,NaN,NaN,NaN,NaN,NaN,NaN,NaN,NaN,NaN,NaN,NaN,NaN,NaN,NaN,NaN,NaN,NaN,NaN,NaN,NaN,
1.904,-0.02032,0.01150,0.12842,0.64569,0.22849,-0.23660,-0.68912,NaN,NaN,NaN,NaN,NaN,NaN,NaN,NaN,NaN,NaN,NaN,NaN,NaN,NaN,NaN,NaN,NaN,NaN,NaN,NaN,NaN,
1.929,-0.02032,0.01150,0.12844,0.64567,0.22849,-0.23652,-0.68918,NaN,NaN,NaN,NaN,NaN,NaN,NaN,NaN,NaN,NaN,NaN,NaN,NaN,NaN,NaN,NaN,NaN,NaN,NaN,NaN,NaN,
1.954,-0.02032,0.01150,0.12843,0.64567,0.22848,-0.23654,-0.68917,NaN,NaN,NaN,NaN,NaN,NaN,NaN,NaN,NaN,NaN,NaN,NaN,NaN,NaN,NaN,NaN,NaN,NaN,NaN,NaN,NaN,
1.979,-0.02079,0.01138,0.12813,0.63800,0.23670,-0.22991,-0.69575,NaN,NaN,NaN,NaN,NaN,NaN,NaN,NaN,NaN,NaN,NaN,NaN,NaN,NaN,NaN,NaN,NaN,NaN,NaN,NaN,NaN,
2.004,-0.02035,0.00991,0.12897,0.62074,0.24779,-0.20279,-0.71565,NaN,NaN,NaN,NaN,NaN,NaN,NaN,NaN,NaN,NaN,NaN,NaN,NaN,NaN,NaN,NaN,NaN,NaN,NaN,NaN,NaN,
2.029,-0.02187,0.00905,0.12875,0.59639,0.27234,-0.18457,-0.73217,NaN,NaN,NaN,NaN,NaN,NaN,NaN,NaN,NaN,NaN,NaN,NaN,NaN,NaN,NaN,NaN,NaN,NaN,NaN,NaN,NaN,
2.054,-0.02237,0.00753,0.12925,0.57369,0.28820,-0.15811,-0.75022,NaN,NaN,NaN,NaN,NaN,NaN,NaN,NaN,NaN,NaN,NaN,NaN,NaN,NaN,NaN,NaN,NaN,NaN,NaN,NaN,NaN,
2.079,-0.02224,0.00622,0.12967,0.55549,0.29619,-0.13117,-0.76583,NaN,NaN,NaN,NaN,NaN,NaN,NaN,NaN,NaN,NaN,NaN,NaN,NaN,NaN,NaN,NaN,NaN,NaN,NaN,NaN,NaN,
2.104,-0.02249,0.00505,0.12995,0.53650,0.30476,-0.10551,-0.77984,NaN,NaN,NaN,NaN,NaN,NaN,NaN,NaN,NaN,NaN,NaN,NaN,NaN,NaN,NaN,NaN,NaN,NaN,NaN,NaN,NaN,
2.129,-0.02304,0.00379,0.13013,0.51583,0.31417,-0.07972,-0.79301,NaN,NaN,NaN,NaN,NaN,NaN,NaN,NaN,NaN,NaN,NaN,NaN,NaN,NaN,NaN,NaN,NaN,NaN,NaN,NaN,NaN,
2.154,-0.02305,0.00264,0.13026,0.50016,0.31864,-0.05742,-0.80313,NaN,NaN,NaN,NaN,NaN,NaN,NaN,NaN,NaN,NaN,NaN,NaN,NaN,NaN,NaN,NaN,NaN,NaN,NaN,NaN,NaN,
2.179,-0.02311,0.00151,0.13032,-0.48610,-0.31983,0.03431,0.81255,NaN,NaN,NaN,NaN,NaN,NaN,NaN,NaN,NaN,NaN,NaN,NaN,NaN,NaN,NaN,NaN,NaN,NaN,NaN,NaN,NaN,
2.204,-0.02311,0.00009,0.13062,-0.46949,-0.32275,0.01040,0.82176,NaN,NaN,NaN,NaN,NaN,NaN,NaN,NaN,NaN,NaN,NaN,NaN,NaN,NaN,NaN,NaN,NaN,NaN,NaN,NaN,NaN,
2.229,-0.02331,-0.00131,0.13092,-0.45417,-0.32385,-0.01284,0.82987,NaN,NaN,NaN,NaN,NaN,NaN,NaN,NaN,NaN,NaN,NaN,NaN,NaN,NaN,NaN,NaN,NaN,NaN,NaN,NaN,NaN,
2.254,-0.02354,-0.00227,0.13097,-0.44062,-0.32443,-0.03311,0.83636,NaN,NaN,NaN,NaN,NaN,NaN,NaN,NaN,NaN,NaN,NaN,NaN,NaN,NaN,NaN,NaN,NaN,NaN,NaN,NaN,NaN,
2.279,-0.02339,-0.00331,0.13113,-0.43014,-0.32307,-0.05063,0.84145,NaN,NaN,NaN,NaN,NaN,NaN,NaN,NaN,NaN,NaN,NaN,NaN,NaN,NaN,NaN,NaN,NaN,NaN,NaN,NaN,NaN,
2.304,-0.02358,-0.00429,0.13137,-0.42008,-0.32015,-0.06902,0.84633,NaN,NaN,NaN,NaN,NaN,NaN,NaN,NaN,NaN,NaN,NaN,NaN,NaN,NaN,NaN,NaN,NaN,NaN,NaN,NaN,NaN,
2.329,-0.02340,-0.00571,0.13194,-0.40940,-0.31681,-0.08830,0.85102,NaN,NaN,NaN,NaN,NaN,NaN,NaN,NaN,NaN,NaN,NaN,NaN,NaN,NaN,NaN,NaN,NaN,NaN,NaN,NaN,NaN,
2.354,-0.02363,-0.00673,0.13180,-0.39926,-0.31383,-0.10587,0.85492,NaN,NaN,NaN,NaN,NaN,NaN,NaN,NaN,NaN,NaN,NaN,NaN,NaN,NaN,NaN,NaN,NaN,NaN,NaN,NaN,NaN,
2.379,-0.02285,-0.00807,0.13231,-0.39472,-0.30019,-0.12796,0.85890,NaN,NaN,NaN,NaN,NaN,NaN,NaN,NaN,NaN,NaN,NaN,NaN,NaN,NaN,NaN,NaN,NaN,NaN,NaN,NaN,NaN,
2.404,-0.02180,-0.00942,0.13271,-0.39251,-0.28448,-0.14864,0.86192,NaN,NaN,NaN,NaN,NaN,NaN,NaN,NaN,NaN,NaN,NaN,NaN,NaN,NaN,NaN,NaN,NaN,NaN,NaN,NaN,NaN,
2.429,-0.02100,-0.01051,0.13299,-0.39075,-0.27187,-0.16475,0.86386,NaN,NaN,NaN,NaN,NaN,NaN,NaN,NaN,NaN,NaN,NaN,NaN,NaN,NaN,NaN,NaN,NaN,NaN,NaN,NaN,NaN,
2.454,-0.02057,-0.01154,0.13319,-0.38892,-0.26065,-0.17907,0.86530,NaN,NaN,NaN,NaN,NaN,NaN,NaN,NaN,NaN,NaN,NaN,NaN,NaN,NaN,NaN,NaN,NaN,NaN,NaN,NaN,NaN,
2.479,-0.01984,-0.01252,0.13354,-0.39048,-0.24628,-0.19215,0.86600,NaN,NaN,NaN,NaN,NaN,NaN,NaN,NaN,NaN,NaN,NaN,NaN,NaN,NaN,NaN,NaN,NaN,NaN,NaN,NaN,NaN,
2.504,-0.01869,-0.01344,0.13422,-0.39617,-0.22723,-0.20450,0.86580,NaN,NaN,NaN,NaN,NaN,NaN,NaN,NaN,NaN,NaN,NaN,NaN,NaN,NaN,NaN,NaN,NaN,NaN,NaN,NaN,NaN,
2.529,-0.01747,-0.01430,0.13481,-0.40213,-0.20925,-0.21496,0.86504,NaN,NaN,NaN,NaN,NaN,NaN,NaN,NaN,NaN,NaN,NaN,NaN,NaN,NaN,NaN,NaN,NaN,NaN,NaN,NaN,NaN,
2.554,-0.01659,-0.01501,0.13502,-0.40720,-0.19471,-0.22282,0.86408,NaN,NaN,NaN,NaN,NaN,NaN,NaN,NaN,NaN,NaN,NaN,NaN,NaN,NaN,NaN,NaN,NaN,NaN,NaN,NaN,NaN,
2.579,-0.01580,-0.01555,0.13523,-0.41576,-0.17811,-0.22807,0.86221,NaN,NaN,NaN,NaN,NaN,NaN,NaN,NaN,NaN,NaN,NaN,NaN,NaN,NaN,NaN,NaN,NaN,NaN,NaN,NaN,NaN,
2.604,-0.01426,-0.01598,0.13594,-0.43074,-0.15484,-0.23118,0.85851,NaN,NaN,NaN,NaN,NaN,NaN,NaN,NaN,NaN,NaN,NaN,NaN,NaN,NaN,NaN,NaN,NaN,NaN,NaN,NaN,NaN,
2.629,-0.01272,-0.01646,0.13683,-0.44614,-0.12997,-0.23450,0.85386,NaN,NaN,NaN,NaN,NaN,NaN,NaN,NaN,NaN,NaN,NaN,NaN,NaN,NaN,NaN,NaN,NaN,NaN,NaN,NaN,NaN,
2.654,-0.01111,-0.01643,0.13725,-0.46327,-0.10844,-0.23191,0.84843,NaN,NaN,NaN,NaN,NaN,NaN,NaN,NaN,NaN,NaN,NaN,NaN,NaN,NaN,NaN,NaN,NaN,NaN,NaN,NaN,NaN,
2.679,-0.01015,-0.01635,0.13767,-0.47957,-0.09014,-0.22691,0.84285,NaN,NaN,NaN,NaN,NaN,NaN,NaN,NaN,NaN,NaN,NaN,NaN,NaN,NaN,NaN,NaN,NaN,NaN,NaN,NaN,NaN,
2.704,-0.00890,-0.01615,0.13834,-0.49933,-0.06791,-0.22008,0.83524,NaN,NaN,NaN,NaN,NaN,NaN,NaN,NaN,NaN,NaN,NaN,NaN,NaN,NaN,NaN,NaN,NaN,NaN,NaN,NaN,NaN,
2.729,-0.00743,-0.01585,0.13897,0.52014,0.04449,0.21187,-0.82619,NaN,NaN,NaN,NaN,NaN,NaN,NaN,NaN,NaN,NaN,NaN,NaN,NaN,NaN,NaN,NaN,NaN,NaN,NaN,NaN,NaN,
2.754,-0.00609,-0.01536,0.13949,0.53521,0.02586,0.20659,-0.81866,NaN,NaN,NaN,NaN,NaN,NaN,NaN,NaN,NaN,NaN,NaN,NaN,NaN,NaN,NaN,NaN,NaN,NaN,NaN,NaN,NaN,
2.779,-0.00550,-0.01540,0.13947,0.53766,0.02107,0.20708,-0.81706,NaN,NaN,NaN,NaN,NaN,NaN,NaN,NaN,NaN,NaN,NaN,NaN,NaN,NaN,NaN,NaN,NaN,NaN,NaN,NaN,NaN,
2.804,-0.00560,-0.01540,0.13941,0.53731,0.02145,0.20726,-0.81724,NaN,NaN,NaN,NaN,NaN,NaN,NaN,NaN,NaN,NaN,NaN,NaN,NaN,NaN,NaN,NaN,NaN,NaN,NaN,NaN,NaN,
2.829,-0.00558,-0.01542,0.13943,0.53738,0.02135,0.20724,-0.81720,NaN,NaN,NaN,NaN,NaN,NaN,NaN,NaN,NaN,NaN,NaN,NaN,NaN,NaN,NaN,NaN,NaN,NaN,NaN,NaN,NaN,
2.854,-0.00555,-0.01545,0.13940,0.53736,0.02138,0.20726,-0.81721,NaN,NaN,NaN,NaN,NaN,NaN,NaN,NaN,NaN,NaN,NaN,NaN,NaN,NaN,NaN,NaN,NaN,NaN,NaN,NaN,NaN,
2.879,-0.00552,-0.01547,0.13938,0.53743,0.02132,0.20721,-0.81718,NaN,NaN,NaN,NaN,NaN,NaN,NaN,NaN,NaN,NaN,NaN,NaN,NaN,NaN,NaN,NaN,NaN,NaN,NaN,NaN,NaN,
2.904,-0.00553,-0.01550,0.13940,0.53743,0.02126,0.20725,-0.81717,NaN,NaN,NaN,NaN,NaN,NaN,NaN,NaN,NaN,NaN,NaN,NaN,NaN,NaN,NaN,NaN,NaN,NaN,NaN,NaN,NaN,
2.929,-0.00556,-0.01548,0.13942,0.53744,0.02123,0.20726,-0.81716,NaN,NaN,NaN,NaN,NaN,NaN,NaN,NaN,NaN,NaN,NaN,NaN,NaN,NaN,NaN,NaN,NaN,NaN,NaN,NaN,NaN,
2.954,-0.00559,-0.01548,0.13944,0.53734,0.02129,0.20736,-0.81720,NaN,NaN,NaN,NaN,NaN,NaN,NaN,NaN,NaN,NaN,NaN,NaN,NaN,NaN,NaN,NaN,NaN,NaN,NaN,NaN,NaN,
2.979,-0.00557,-0.01551,0.13943,0.53734,0.02126,0.20738,-0.81720,NaN,NaN,NaN,NaN,NaN,NaN,NaN,NaN,NaN,NaN,NaN,NaN,NaN,NaN,NaN,NaN,NaN,NaN,NaN,NaN,NaN,
3.004,-0.00556,-0.01547,0.13941,0.53736,0.02132,0.20729,-0.81720,NaN,NaN,NaN,NaN,NaN,NaN,NaN,NaN,NaN,NaN,NaN,NaN,NaN,NaN,NaN,NaN,NaN,NaN,NaN,NaN,NaN,
3.029,-0.00556,-0.01548,0.13941,0.53736,0.02132,0.20730,-0.81720,NaN,NaN,NaN,NaN,NaN,NaN,NaN,NaN,NaN,NaN,NaN,NaN,NaN,NaN,NaN,NaN,NaN,NaN,NaN,NaN,NaN,
3.054,-0.00556,-0.01549,0.13942,0.53734,0.02130,0.20733,-0.81720,NaN,NaN,NaN,NaN,NaN,NaN,NaN,NaN,NaN,NaN,NaN,NaN,NaN,NaN,NaN,NaN,NaN,NaN,NaN,NaN,NaN,
3.079,-0.00555,-0.01550,0.13941,0.53734,0.02130,0.20734,-0.81720,NaN,NaN,NaN,NaN,NaN,NaN,NaN,NaN,NaN,NaN,NaN,NaN,NaN,NaN,NaN,NaN,NaN,NaN,NaN,NaN,NaN,
3.104,-0.00555,-0.01551,0.13941,0.53735,0.02127,0.20736,-0.81720,NaN,NaN,NaN,NaN,NaN,NaN,NaN,NaN,NaN,NaN,NaN,NaN,NaN,NaN,NaN,NaN,NaN,NaN,NaN,NaN,NaN,
3.129,-0.00556,-0.01551,0.13942,0.53732,0.02127,0.20740,-0.81720,NaN,NaN,NaN,NaN,NaN,NaN,NaN,NaN,NaN,NaN,NaN,NaN,NaN,NaN,NaN,NaN,NaN,NaN,NaN,NaN,NaN,
3.154,-0.00556,-0.01551,0.13942,0.53730,0.02127,0.20742,-0.81721,NaN,NaN,NaN,NaN,NaN,NaN,NaN,NaN,NaN,NaN,NaN,NaN,NaN,NaN,NaN,NaN,NaN,NaN,NaN,NaN,NaN,
3.179,-0.00556,-0.01552,0.13942,0.53730,0.02126,0.20743,-0.81721,NaN,NaN,NaN,NaN,NaN,NaN,NaN,NaN,NaN,NaN,NaN,NaN,NaN,NaN,NaN,NaN,NaN,NaN,NaN,NaN,NaN,
3.204,-0.00556,-0.01552,0.13942,0.53729,0.02125,0.20745,-0.81721,NaN,NaN,NaN,NaN,NaN,NaN,NaN,NaN,NaN,NaN,NaN,NaN,NaN,NaN,NaN,NaN,NaN,NaN,NaN,NaN,NaN,
3.229,-0.00556,-0.01552,0.13942,0.53728,0.02124,0.20747,-0.81721,NaN,NaN,NaN,NaN,NaN,NaN,NaN,NaN,NaN,NaN,NaN,NaN,NaN,NaN,NaN,NaN,NaN,NaN,NaN,NaN,NaN,
3.254,-0.00556,-0.01552,0.13942,0.53728,0.02123,0.20747,-0.81721,NaN,NaN,NaN,NaN,NaN,NaN,NaN,NaN,NaN,NaN,NaN,NaN,NaN,NaN,NaN,NaN,NaN,NaN,NaN,NaN,NaN,
3.279,-0.00555,-0.01552,0.13942,0.53729,0.02121,0.20748,-0.81720,NaN,NaN,NaN,NaN,NaN,NaN,NaN,NaN,NaN,NaN,NaN,NaN,NaN,NaN,NaN,NaN,NaN,NaN,NaN,NaN,NaN,
3.304,-0.00555,-0.01553,0.13941,0.53729,0.02120,0.20749,-0.81720,NaN,NaN,NaN,NaN,NaN,NaN,NaN,NaN,NaN,NaN,NaN,NaN,NaN,NaN,NaN,NaN,NaN,NaN,NaN,NaN,NaN,
3.329,-0.00556,-0.01552,0.13942,0.53729,0.02119,0.20750,-0.81720,NaN,NaN,NaN,NaN,NaN,NaN,NaN,NaN,NaN,NaN,NaN,NaN,NaN,NaN,NaN,NaN,NaN,NaN,NaN,NaN,NaN,
3.354,-0.00556,-0.01552,0.13942,0.53728,0.02119,0.20751,-0.81720,NaN,NaN,NaN,NaN,NaN,NaN,NaN,NaN,NaN,NaN,NaN,NaN,NaN,NaN,NaN,NaN,NaN,NaN,NaN,NaN,NaN,
3.379,-0.00555,-0.01552,0.13942,0.53729,0.02117,0.20751,-0.81719,NaN,NaN,NaN,NaN,NaN,NaN,NaN,NaN,NaN,NaN,NaN,NaN,NaN,NaN,NaN,NaN,NaN,NaN,NaN,NaN,NaN,
3.404,-0.00556,-0.01553,0.13942,0.53729,0.02116,0.20752,-0.81719,NaN,NaN,NaN,NaN,NaN,NaN,NaN,NaN,NaN,NaN,NaN,NaN,NaN,NaN,NaN,NaN,NaN,NaN,NaN,NaN,NaN,
3.429,-0.00556,-0.01553,0.13942,0.53728,0.02116,0.20754,-0.81720,NaN,NaN,NaN,NaN,NaN,NaN,NaN,NaN,NaN,NaN,NaN,NaN,NaN,NaN,NaN,NaN,NaN,NaN,NaN,NaN,NaN,
3.454,-0.00555,-0.01553,0.13943,0.53729,0.02115,0.20754,-0.81719,NaN,NaN,NaN,NaN,NaN,NaN,NaN,NaN,NaN,NaN,NaN,NaN,NaN,NaN,NaN,NaN,NaN,NaN,NaN,NaN,NaN,
3.479,-0.00555,-0.01553,0.13943,0.53728,0.02114,0.20756,-0.81719,NaN,NaN,NaN,NaN,NaN,NaN,NaN,NaN,NaN,NaN,NaN,NaN,NaN,NaN,NaN,NaN,NaN,NaN,NaN,NaN,NaN,
3.504,-0.00555,-0.01553,0.13942,0.53728,0.02113,0.20755,-0.81719,NaN,NaN,NaN,NaN,NaN,NaN,NaN,NaN,NaN,NaN,NaN,NaN,NaN,NaN,NaN,NaN,NaN,NaN,NaN,NaN,NaN,
3.529,-0.00556,-0.01554,0.13943,0.53728,0.02113,0.20756,-0.81719,NaN,NaN,NaN,NaN,NaN,NaN,NaN,NaN,NaN,NaN,NaN,NaN,NaN,NaN,NaN,NaN,NaN,NaN,NaN,NaN,NaN,
3.554,-0.00556,-0.01554,0.13943,0.53729,0.02111,0.20757,-0.81719,NaN,NaN,NaN,NaN,NaN,NaN,NaN,NaN,NaN,NaN,NaN,NaN,NaN,NaN,NaN,NaN,NaN,NaN,NaN,NaN,NaN,
3.579,-0.00555,-0.01554,0.13942,0.53729,0.02111,0.20756,-0.81719,NaN,NaN,NaN,NaN,NaN,NaN,NaN,NaN,NaN,NaN,NaN,NaN,NaN,NaN,NaN,NaN,NaN,NaN,NaN,NaN,NaN,
3.604,-0.00556,-0.01555,0.13943,0.53728,0.02110,0.20758,-0.81719,NaN,NaN,NaN,NaN,NaN,NaN,NaN,NaN,NaN,NaN,NaN,NaN,NaN,NaN,NaN,NaN,NaN,NaN,NaN,NaN,NaN,
3.629,-0.00555,-0.01554,0.13943,0.53728,0.02110,0.20758,-0.81719,NaN,NaN,NaN,NaN,NaN,NaN,NaN,NaN,NaN,NaN,NaN,NaN,NaN,NaN,NaN,NaN,NaN,NaN,NaN,NaN,NaN,
3.654,-0.00555,-0.01554,0.13942,0.53730,0.02109,0.20757,-0.81718,NaN,NaN,NaN,NaN,NaN,NaN,NaN,NaN,NaN,NaN,NaN,NaN,NaN,NaN,NaN,NaN,NaN,NaN,NaN,NaN,NaN,
3.679,-0.00555,-0.01554,0.13942,0.53730,0.02109,0.20757,-0.81718,NaN,NaN,NaN,NaN,NaN,NaN,NaN,NaN,NaN,NaN,NaN,NaN,NaN,NaN,NaN,NaN,NaN,NaN,NaN,NaN,NaN,
3.704,-0.00555,-0.01554,0.13942,0.53730,0.02110,0.20755,-0.81718,NaN,NaN,NaN,NaN,NaN,NaN,NaN,NaN,NaN,NaN,NaN,NaN,NaN,NaN,NaN,NaN,NaN,NaN,NaN,NaN,NaN,
3.729,-0.00554,-0.01554,0.13942,0.53732,0.02108,0.20755,-0.81717,NaN,NaN,NaN,NaN,NaN,NaN,NaN,NaN,NaN,NaN,NaN,NaN,NaN,NaN,NaN,NaN,NaN,NaN,NaN,NaN,NaN,
3.754,-0.00554,-0.01554,0.13942,0.53732,0.02107,0.20756,-0.81717,NaN,NaN,NaN,NaN,NaN,NaN,NaN,NaN,NaN,NaN,NaN,NaN,NaN,NaN,NaN,NaN,NaN,NaN,NaN,NaN,NaN,
3.779,-0.00554,-0.01553,0.13942,0.53732,0.02107,0.20755,-0.81717,NaN,NaN,NaN,NaN,NaN,NaN,NaN,NaN,NaN,NaN,NaN,NaN,NaN,NaN,NaN,NaN,NaN,NaN,NaN,NaN,NaN,
3.804,-0.00553,-0.01554,0.13941,0.53734,0.02107,0.20752,-0.81716,NaN,NaN,NaN,NaN,NaN,NaN,NaN,NaN,NaN,NaN,NaN,NaN,NaN,NaN,NaN,NaN,NaN,NaN,NaN,NaN,NaN,
3.829,-0.00553,-0.01554,0.13941,0.53734,0.02106,0.20754,-0.81716,NaN,NaN,NaN,NaN,NaN,NaN,NaN,NaN,NaN,NaN,NaN,NaN,NaN,NaN,NaN,NaN,NaN,NaN,NaN,NaN,NaN,
3.854,-0.00554,-0.01553,0.13942,0.53734,0.02105,0.20754,-0.81716,NaN,NaN,NaN,NaN,NaN,NaN,NaN,NaN,NaN,NaN,NaN,NaN,NaN,NaN,NaN,NaN,NaN,NaN,NaN,NaN,NaN,
3.879,-0.00553,-0.01553,0.13941,0.53735,0.02108,0.20751,-0.81716,NaN,NaN,NaN,NaN,NaN,NaN,NaN,NaN,NaN,NaN,NaN,NaN,NaN,NaN,NaN,NaN,NaN,NaN,NaN,NaN,NaN,
3.904,-0.00553,-0.01553,0.13940,0.53737,0.02107,0.20748,-0.81715,NaN,NaN,NaN,NaN,NaN,NaN,NaN,NaN,NaN,NaN,NaN,NaN,NaN,NaN,NaN,NaN,NaN,NaN,NaN,NaN,NaN,
3.929,-0.00553,-0.01553,0.13941,0.53737,0.02106,0.20749,-0.81715,NaN,NaN,NaN,NaN,NaN,NaN,NaN,NaN,NaN,NaN,NaN,NaN,NaN,NaN,NaN,NaN,NaN,NaN,NaN,NaN,NaN,
3.954,-0.00554,-0.01553,0.13940,0.53737,0.02107,0.20749,-0.81715,NaN,NaN,NaN,NaN,NaN,NaN,NaN,NaN,NaN,NaN,NaN,NaN,NaN,NaN,NaN,NaN,NaN,NaN,NaN,NaN,NaN,
3.979,-0.00553,-0.01553,0.13940,0.53737,0.02108,0.20747,-0.81715,NaN,NaN,NaN,NaN,NaN,NaN,NaN,NaN,NaN,NaN,NaN,NaN,NaN,NaN,NaN,NaN,NaN,NaN,NaN,NaN,NaN,
4.004,-0.00553,-0.01553,0.13940,0.53739,0.02107,0.20746,-0.81715,NaN,NaN,NaN,NaN,NaN,NaN,NaN,NaN,NaN,NaN,NaN,NaN,NaN,NaN,NaN,NaN,NaN,NaN,NaN,NaN,NaN,
4.029,-0.00553,-0.01553,0.13940,0.53738,0.02106,0.20747,-0.81715,NaN,NaN,NaN,NaN,NaN,NaN,NaN,NaN,NaN,NaN,NaN,NaN,NaN,NaN,NaN,NaN,NaN,NaN,NaN,NaN,NaN,
4.054,-0.00553,-0.01552,0.13940,0.53738,0.02108,0.20747,-0.81715,NaN,NaN,NaN,NaN,NaN,NaN,NaN,NaN,NaN,NaN,NaN,NaN,NaN,NaN,NaN,NaN,NaN,NaN,NaN,NaN,NaN,
4.079,-0.00553,-0.01552,0.13940,0.53739,0.02107,0.20745,-0.81715,NaN,NaN,NaN,NaN,NaN,NaN,NaN,NaN,NaN,NaN,NaN,NaN,NaN,NaN,NaN,NaN,NaN,NaN,NaN,NaN,NaN,
4.104,-0.00553,-0.01553,0.13940,0.53740,0.02107,0.20744,-0.81714,NaN,NaN,NaN,NaN,NaN,NaN,NaN,NaN,NaN,NaN,NaN,NaN,NaN,NaN,NaN,NaN,NaN,NaN,NaN,NaN,NaN,
4.129,-0.00553,-0.01552,0.13940,0.53739,0.02106,0.20747,-0.81714,NaN,NaN,NaN,NaN,NaN,NaN,NaN,NaN,NaN,NaN,NaN,NaN,NaN,NaN,NaN,NaN,NaN,NaN,NaN,NaN,NaN,
4.154,-0.00553,-0.01552,0.13940,0.53739,0.02106,0.20747,-0.81715,NaN,NaN,NaN,NaN,NaN,NaN,NaN,NaN,NaN,NaN,NaN,NaN,NaN,NaN,NaN,NaN,NaN,NaN,NaN,NaN,NaN,
4.179,-0.00553,-0.01552,0.13940,0.53739,0.02107,0.20746,-0.81715,NaN,NaN,NaN,NaN,NaN,NaN,NaN,NaN,NaN,NaN,NaN,NaN,NaN,NaN,NaN,NaN,NaN,NaN,NaN,NaN,NaN,
4.204,-0.00553,-0.01553,0.13940,0.53738,0.02106,0.20748,-0.81715,NaN,NaN,NaN,NaN,NaN,NaN,NaN,NaN,NaN,NaN,NaN,NaN,NaN,NaN,NaN,NaN,NaN,NaN,NaN,NaN,NaN,
4.229,-0.00554,-0.01552,0.13940,0.53737,0.02107,0.20749,-0.81715,NaN,NaN,NaN,NaN,NaN,NaN,NaN,NaN,NaN,NaN,NaN,NaN,NaN,NaN,NaN,NaN,NaN,NaN,NaN,NaN,NaN,
4.254,-0.00554,-0.01552,0.13940,0.53735,0.02108,0.20750,-0.81716,NaN,NaN,NaN,NaN,NaN,NaN,NaN,NaN,NaN,NaN,NaN,NaN,NaN,NaN,NaN,NaN,NaN,NaN,NaN,NaN,NaN,
4.279,-0.00553,-0.01553,0.13940,0.53736,0.02107,0.20750,-0.81716,NaN,NaN,NaN,NaN,NaN,NaN,NaN,NaN,NaN,NaN,NaN,NaN,NaN,NaN,NaN,NaN,NaN,NaN,NaN,NaN,NaN,
4.304,-0.00554,-0.01553,0.13940,0.53734,0.02106,0.20753,-0.81716,NaN,NaN,NaN,NaN,NaN,NaN,NaN,NaN,NaN,NaN,NaN,NaN,NaN,NaN,NaN,NaN,NaN,NaN,NaN,NaN,NaN,
4.329,-0.00554,-0.01553,0.13940,0.53732,0.02108,0.20755,-0.81717,NaN,NaN,NaN,NaN,NaN,NaN,NaN,NaN,NaN,NaN,NaN,NaN,NaN,NaN,NaN,NaN,NaN,NaN,NaN,NaN,NaN,
4.354,-0.00554,-0.01553,0.13940,0.53732,0.02109,0.20755,-0.81717,NaN,NaN,NaN,NaN,NaN,NaN,NaN,NaN,NaN,NaN,NaN,NaN,NaN,NaN,NaN,NaN,NaN,NaN,NaN,NaN,NaN,
4.379,-0.00554,-0.01553,0.13940,0.53731,0.02106,0.20757,-0.81717,NaN,NaN,NaN,NaN,NaN,NaN,NaN,NaN,NaN,NaN,NaN,NaN,NaN,NaN,NaN,NaN,NaN,NaN,NaN,NaN,NaN,
4.404,-0.00554,-0.01553,0.13941,0.53729,0.02106,0.20760,-0.81718,NaN,NaN,NaN,NaN,NaN,NaN,NaN,NaN,NaN,NaN,NaN,NaN,NaN,NaN,NaN,NaN,NaN,NaN,NaN,NaN,NaN,
4.429,-0.00554,-0.01553,0.13941,0.53730,0.02106,0.20760,-0.81717,NaN,NaN,NaN,NaN,NaN,NaN,NaN,NaN,NaN,NaN,NaN,NaN,NaN,NaN,NaN,NaN,NaN,NaN,NaN,NaN,NaN,
4.454,-0.00554,-0.01553,0.13941,0.53730,0.02105,0.20760,-0.81717,NaN,NaN,NaN,NaN,NaN,NaN,NaN,NaN,NaN,NaN,NaN,NaN,NaN,NaN,NaN,NaN,NaN,NaN,NaN,NaN,NaN,
4.479,-0.00554,-0.01553,0.13941,0.53729,0.02105,0.20761,-0.81718,NaN,NaN,NaN,NaN,NaN,NaN,NaN,NaN,NaN,NaN,NaN,NaN,NaN,NaN,NaN,NaN,NaN,NaN,NaN,NaN,NaN,
4.504,-0.00554,-0.01553,0.13941,0.53729,0.02104,0.20763,-0.81717,NaN,NaN,NaN,NaN,NaN,NaN,NaN,NaN,NaN,NaN,NaN,NaN,NaN,NaN,NaN,NaN,NaN,NaN,NaN,NaN,NaN,
4.529,-0.00554,-0.01553,0.13942,0.53729,0.02102,0.20763,-0.81717,NaN,NaN,NaN,NaN,NaN,NaN,NaN,NaN,NaN,NaN,NaN,NaN,NaN,NaN,NaN,NaN,NaN,NaN,NaN,NaN,NaN,
4.554,-0.00553,-0.01553,0.13942,0.53729,0.02102,0.20763,-0.81717,NaN,NaN,NaN,NaN,NaN,NaN,NaN,NaN,NaN,NaN,NaN,NaN,NaN,NaN,NaN,NaN,NaN,NaN,NaN,NaN,NaN,
4.579,-0.00553,-0.01553,0.13942,0.53731,0.02100,0.20763,-0.81716,NaN,NaN,NaN,NaN,NaN,NaN,NaN,NaN,NaN,NaN,NaN,NaN,NaN,NaN,NaN,NaN,NaN,NaN,NaN,NaN,NaN,
4.604,-0.00554,-0.01553,0.13942,0.53729,0.02099,0.20766,-0.81717,NaN,NaN,NaN,NaN,NaN,NaN,NaN,NaN,NaN,NaN,NaN,NaN,NaN,NaN,NaN,NaN,NaN,NaN,NaN,NaN,NaN,
4.629,-0.00553,-0.01553,0.13942,0.53729,0.02101,0.20765,-0.81717,NaN,NaN,NaN,NaN,NaN,NaN,NaN,NaN,NaN,NaN,NaN,NaN,NaN,NaN,NaN,NaN,NaN,NaN,NaN,NaN,NaN,
4.654,-0.00553,-0.01554,0.13942,0.53729,0.02100,0.20765,-0.81716,NaN,NaN,NaN,NaN,NaN,NaN,NaN,NaN,NaN,NaN,NaN,NaN,NaN,NaN,NaN,NaN,NaN,NaN,NaN,NaN,NaN,
4.679,-0.00554,-0.01554,0.13942,0.53729,0.02098,0.20766,-0.81716,NaN,NaN,NaN,NaN,NaN,NaN,NaN,NaN,NaN,NaN,NaN,NaN,NaN,NaN,NaN,NaN,NaN,NaN,NaN,NaN,NaN,
4.704,-0.00553,-0.01553,0.13942,0.53729,0.02099,0.20766,-0.81716,NaN,NaN,NaN,NaN,NaN,NaN,NaN,NaN,NaN,NaN,NaN,NaN,NaN,NaN,NaN,NaN,NaN,NaN,NaN,NaN,NaN,
4.729,-0.00553,-0.01554,0.13942,0.53731,0.02096,0.20765,-0.81715,NaN,NaN,NaN,NaN,NaN,NaN,NaN,NaN,NaN,NaN,NaN,NaN,NaN,NaN,NaN,NaN,NaN,NaN,NaN,NaN,NaN,
4.754,-0.00554,-0.01554,0.13942,0.53731,0.02095,0.20767,-0.81715,NaN,NaN,NaN,NaN,NaN,NaN,NaN,NaN,NaN,NaN,NaN,NaN,NaN,NaN,NaN,NaN,NaN,NaN,NaN,NaN,NaN,
4.779,-0.00554,-0.01554,0.13942,0.53730,0.02097,0.20766,-0.81716,NaN,NaN,NaN,NaN,NaN,NaN,NaN,NaN,NaN,NaN,NaN,NaN,NaN,NaN,NaN,NaN,NaN,NaN,NaN,NaN,NaN,
4.804,-0.00554,-0.01554,0.13942,0.53731,0.02097,0.20765,-0.81715,NaN,NaN,NaN,NaN,NaN,NaN,NaN,NaN,NaN,NaN,NaN,NaN,NaN,NaN,NaN,NaN,NaN,NaN,NaN,NaN,NaN,
4.829,-0.00554,-0.01554,0.13942,0.53730,0.02095,0.20767,-0.81715,NaN,NaN,NaN,NaN,NaN,NaN,NaN,NaN,NaN,NaN,NaN,NaN,NaN,NaN,NaN,NaN,NaN,NaN,NaN,NaN,NaN,
4.854,-0.00554,-0.01554,0.13942,0.53730,0.02095,0.20767,-0.81715,NaN,NaN,NaN,NaN,NaN,NaN,NaN,NaN,NaN,NaN,NaN,NaN,NaN,NaN,NaN,NaN,NaN,NaN,NaN,NaN,NaN,
4.879,-0.00554,-0.01554,0.13942,0.53731,0.02095,0.20766,-0.81715,NaN,NaN,NaN,NaN,NaN,NaN,NaN,NaN,NaN,NaN,NaN,NaN,NaN,NaN,NaN,NaN,NaN,NaN,NaN,NaN,NaN,
4.904,-0.00553,-0.01553,0.13942,0.53732,0.02094,0.20765,-0.81715,NaN,NaN,NaN,NaN,NaN,NaN,NaN,NaN,NaN,NaN,NaN,NaN,NaN,NaN,NaN,NaN,NaN,NaN,NaN,NaN,NaN,
4.929,-0.00553,-0.01554,0.13942,0.53733,0.02094,0.20765,-0.81714,NaN,NaN,NaN,NaN,NaN,NaN,NaN,NaN,NaN,NaN,NaN,NaN,NaN,NaN,NaN,NaN,NaN,NaN,NaN,NaN,NaN,
4.954,-0.00553,-0.01554,0.13942,0.53733,0.02093,0.20765,-0.81714,NaN,NaN,NaN,NaN,NaN,NaN,NaN,NaN,NaN,NaN,NaN,NaN,NaN,NaN,NaN,NaN,NaN,NaN,NaN,NaN,NaN,
4.979,-0.00553,-0.01554,0.13942,0.53733,0.02093,0.20765,-0.81714,NaN,NaN,NaN,NaN,NaN,NaN,NaN,NaN,NaN,NaN,NaN,NaN,NaN,NaN,NaN,NaN,NaN,NaN,NaN,NaN,NaN,
5.004,-0.00552,-0.01553,0.13942,0.53735,0.02093,0.20763,-0.81714,NaN,NaN,NaN,NaN,NaN,NaN,NaN,NaN,NaN,NaN,NaN,NaN,NaN,NaN,NaN,NaN,NaN,NaN,NaN,NaN,NaN,
5.029,-0.00552,-0.01554,0.13942,0.53735,0.02091,0.20763,-0.81713,NaN,NaN,NaN,NaN,NaN,NaN,NaN,NaN,NaN,NaN,NaN,NaN,NaN,NaN,NaN,NaN,NaN,NaN,NaN,NaN,NaN,
5.054,-0.00553,-0.01554,0.13942,0.53734,0.02092,0.20765,-0.81714,NaN,NaN,NaN,NaN,NaN,NaN,NaN,NaN,NaN,NaN,NaN,NaN,NaN,NaN,NaN,NaN,NaN,NaN,NaN,NaN,NaN,
5.079,-0.00552,-0.01553,0.13942,0.53735,0.02094,0.20762,-0.81714,NaN,NaN,NaN,NaN,NaN,NaN,NaN,NaN,NaN,NaN,NaN,NaN,NaN,NaN,NaN,NaN,NaN,NaN,NaN,NaN,NaN,
5.104,-0.00552,-0.01554,0.13941,0.53737,0.02093,0.20760,-0.81713,NaN,NaN,NaN,NaN,NaN,NaN,NaN,NaN,NaN,NaN,NaN,NaN,NaN,NaN,NaN,NaN,NaN,NaN,NaN,NaN,NaN,
5.129,-0.00552,-0.01554,0.13942,0.53737,0.02092,0.20760,-0.81713,NaN,NaN,NaN,NaN,NaN,NaN,NaN,NaN,NaN,NaN,NaN,NaN,NaN,NaN,NaN,NaN,NaN,NaN,NaN,NaN,NaN,
5.154,-0.00553,-0.01553,0.13942,0.53736,0.02093,0.20761,-0.81713,NaN,NaN,NaN,NaN,NaN,NaN,NaN,NaN,NaN,NaN,NaN,NaN,NaN,NaN,NaN,NaN,NaN,NaN,NaN,NaN,NaN,
5.179,-0.00552,-0.01553,0.13941,0.53736,0.02094,0.20760,-0.81713,NaN,NaN,NaN,NaN,NaN,NaN,NaN,NaN,NaN,NaN,NaN,NaN,NaN,NaN,NaN,NaN,NaN,NaN,NaN,NaN,NaN,
5.204,-0.00552,-0.01553,0.13941,0.53737,0.02094,0.20759,-0.81713,NaN,NaN,NaN,NaN,NaN,NaN,NaN,NaN,NaN,NaN,NaN,NaN,NaN,NaN,NaN,NaN,NaN,NaN,NaN,NaN,NaN,
5.229,-0.00552,-0.01553,0.13941,0.53737,0.02095,0.20758,-0.81713,NaN,NaN,NaN,NaN,NaN,NaN,NaN,NaN,NaN,NaN,NaN,NaN,NaN,NaN,NaN,NaN,NaN,NaN,NaN,NaN,NaN,
5.254,-0.00553,-0.01552,0.13941,0.53736,0.02096,0.20758,-0.81714,NaN,NaN,NaN,NaN,NaN,NaN,NaN,NaN,NaN,NaN,NaN,NaN,NaN,NaN,NaN,NaN,NaN,NaN,NaN,NaN,NaN,
5.279,-0.00553,-0.01552,0.13941,0.53735,0.02098,0.20758,-0.81714,NaN,NaN,NaN,NaN,NaN,NaN,NaN,NaN,NaN,NaN,NaN,NaN,NaN,NaN,NaN,NaN,NaN,NaN,NaN,NaN,NaN,
5.304,-0.00552,-0.01552,0.13940,0.53736,0.02098,0.20757,-0.81714,NaN,NaN,NaN,NaN,NaN,NaN,NaN,NaN,NaN,NaN,NaN,NaN,NaN,NaN,NaN,NaN,NaN,NaN,NaN,NaN,NaN,
5.329,-0.00552,-0.01552,0.13940,0.53736,0.02097,0.20758,-0.81714,NaN,NaN,NaN,NaN,NaN,NaN,NaN,NaN,NaN,NaN,NaN,NaN,NaN,NaN,NaN,NaN,NaN,NaN,NaN,NaN,NaN,
5.354,-0.00553,-0.01552,0.13940,0.53736,0.02099,0.20757,-0.81714,NaN,NaN,NaN,NaN,NaN,NaN,NaN,NaN,NaN,NaN,NaN,NaN,NaN,NaN,NaN,NaN,NaN,NaN,NaN,NaN,NaN,
5.379,-0.00553,-0.01552,0.13940,0.53734,0.02099,0.20759,-0.81715,NaN,NaN,NaN,NaN,NaN,NaN,NaN,NaN,NaN,NaN,NaN,NaN,NaN,NaN,NaN,NaN,NaN,NaN,NaN,NaN,NaN,
5.404,-0.00553,-0.01552,0.13940,0.53734,0.02099,0.20760,-0.81715,NaN,NaN,NaN,NaN,NaN,NaN,NaN,NaN,NaN,NaN,NaN,NaN,NaN,NaN,NaN,NaN,NaN,NaN,NaN,NaN,NaN,
5.429,-0.00553,-0.01552,0.13940,0.53733,0.02099,0.20761,-0.81715,NaN,NaN,NaN,NaN,NaN,NaN,NaN,NaN,NaN,NaN,NaN,NaN,NaN,NaN,NaN,NaN,NaN,NaN,NaN,NaN,NaN,
5.454,-0.00553,-0.01552,0.13940,0.53732,0.02099,0.20761,-0.81715,NaN,NaN,NaN,NaN,NaN,NaN,NaN,NaN,NaN,NaN,NaN,NaN,NaN,NaN,NaN,NaN,NaN,NaN,NaN,NaN,NaN,
5.479,-0.00553,-0.01553,0.13941,0.53731,0.02099,0.20763,-0.81716,NaN,NaN,NaN,NaN,NaN,NaN,NaN,NaN,NaN,NaN,NaN,NaN,NaN,NaN,NaN,NaN,NaN,NaN,NaN,NaN,NaN,
5.504,-0.00553,-0.01553,0.13941,0.53731,0.02098,0.20763,-0.81716,NaN,NaN,NaN,NaN,NaN,NaN,NaN,NaN,NaN,NaN,NaN,NaN,NaN,NaN,NaN,NaN,NaN,NaN,NaN,NaN,NaN,
5.529,-0.00553,-0.01553,0.13941,0.53731,0.02097,0.20764,-0.81715,NaN,NaN,NaN,NaN,NaN,NaN,NaN,NaN,NaN,NaN,NaN,NaN,NaN,NaN,NaN,NaN,NaN,NaN,NaN,NaN,NaN,
5.554,-0.00554,-0.01553,0.13941,0.53731,0.02097,0.20765,-0.81715,NaN,NaN,NaN,NaN,NaN,NaN,NaN,NaN,NaN,NaN,NaN,NaN,NaN,NaN,NaN,NaN,NaN,NaN,NaN,NaN,NaN,
5.579,-0.00554,-0.01553,0.13941,0.53730,0.02098,0.20765,-0.81716,NaN,NaN,NaN,NaN,NaN,NaN,NaN,NaN,NaN,NaN,NaN,NaN,NaN,NaN,NaN,NaN,NaN,NaN,NaN,NaN,NaN,
5.604,-0.00553,-0.01553,0.13941,0.53731,0.02098,0.20764,-0.81716,NaN,NaN,NaN,NaN,NaN,NaN,NaN,NaN,NaN,NaN,NaN,NaN,NaN,NaN,NaN,NaN,NaN,NaN,NaN,NaN,NaN,
5.629,-0.00553,-0.01553,0.13941,0.53731,0.02098,0.20764,-0.81716,NaN,NaN,NaN,NaN,NaN,NaN,NaN,NaN,NaN,NaN,NaN,NaN,NaN,NaN,NaN,NaN,NaN,NaN,NaN,NaN,NaN,
5.654,-0.00553,-0.01553,0.13941,0.53731,0.02098,0.20763,-0.81716,NaN,NaN,NaN,NaN,NaN,NaN,NaN,NaN,NaN,NaN,NaN,NaN,NaN,NaN,NaN,NaN,NaN,NaN,NaN,NaN,NaN,
5.679,-0.00553,-0.01553,0.13941,0.53731,0.02098,0.20764,-0.81716,NaN,NaN,NaN,NaN,NaN,NaN,NaN,NaN,NaN,NaN,NaN,NaN,NaN,NaN,NaN,NaN,NaN,NaN,NaN,NaN,NaN,
5.704,-0.00553,-0.01553,0.13941,0.53731,0.02097,0.20764,-0.81715,NaN,NaN,NaN,NaN,NaN,NaN,NaN,NaN,NaN,NaN,NaN,NaN,NaN,NaN,NaN,NaN,NaN,NaN,NaN,NaN,NaN,
5.729,-0.00553,-0.01553,0.13941,0.53731,0.02097,0.20765,-0.81716,NaN,NaN,NaN,NaN,NaN,NaN,NaN,NaN,NaN,NaN,NaN,NaN,NaN,NaN,NaN,NaN,NaN,NaN,NaN,NaN,NaN,
5.754,-0.00553,-0.01554,0.13941,0.53731,0.02097,0.20764,-0.81715,NaN,NaN,NaN,NaN,NaN,NaN,NaN,NaN,NaN,NaN,NaN,NaN,NaN,NaN,NaN,NaN,NaN,NaN,NaN,NaN,NaN,
5.779,-0.00553,-0.01554,0.13941,0.53731,0.02097,0.20765,-0.81715,NaN,NaN,NaN,NaN,NaN,NaN,NaN,NaN,NaN,NaN,NaN,NaN,NaN,NaN,NaN,NaN,NaN,NaN,NaN,NaN,NaN,
5.804,-0.00553,-0.01554,0.13941,0.53730,0.02097,0.20766,-0.81716,NaN,NaN,NaN,NaN,NaN,NaN,NaN,NaN,NaN,NaN,NaN,NaN,NaN,NaN,NaN,NaN,NaN,NaN,NaN,NaN,NaN,
5.829,-0.00553,-0.01555,0.13941,0.53731,0.02095,0.20766,-0.81715,NaN,NaN,NaN,NaN,NaN,NaN,NaN,NaN,NaN,NaN,NaN,NaN,NaN,NaN,NaN,NaN,NaN,NaN,NaN,NaN,NaN,
5.854,-0.00553,-0.01555,0.13941,0.53731,0.02094,0.20767,-0.81715,NaN,NaN,NaN,NaN,NaN,NaN,NaN,NaN,NaN,NaN,NaN,NaN,NaN,NaN,NaN,NaN,NaN,NaN,NaN,NaN,NaN,
5.879,-0.00553,-0.01556,0.13941,0.53730,0.02091,0.20771,-0.81715,NaN,NaN,NaN,NaN,NaN,NaN,NaN,NaN,NaN,NaN,NaN,NaN,NaN,NaN,NaN,NaN,NaN,NaN,NaN,NaN,NaN,
5.904,-0.00553,-0.01556,0.13941,0.53730,0.02092,0.20770,-0.81715,NaN,NaN,NaN,NaN,NaN,NaN,NaN,NaN,NaN,NaN,NaN,NaN,NaN,NaN,NaN,NaN,NaN,NaN,NaN,NaN,NaN,
5.929,-0.00552,-0.01557,0.13941,0.53732,0.02092,0.20767,-0.81714,NaN,NaN,NaN,NaN,NaN,NaN,NaN,NaN,NaN,NaN,NaN,NaN,NaN,NaN,NaN,NaN,NaN,NaN,NaN,NaN,NaN,
5.954,-0.00552,-0.01558,0.13941,0.53734,0.02087,0.20768,-0.81713,NaN,NaN,NaN,NaN,NaN,NaN,NaN,NaN,NaN,NaN,NaN,NaN,NaN,NaN,NaN,NaN,NaN,NaN,NaN,NaN,NaN,
5.979,-0.00553,-0.01558,0.13941,0.53733,0.02087,0.20770,-0.81713,NaN,NaN,NaN,NaN,NaN,NaN,NaN,NaN,NaN,NaN,NaN,NaN,NaN,NaN,NaN,NaN,NaN,NaN,NaN,NaN,NaN,
6.004,-0.00552,-0.01558,0.13941,0.53733,0.02088,0.20769,-0.81713,NaN,NaN,NaN,NaN,NaN,NaN,NaN,NaN,NaN,NaN,NaN,NaN,NaN,NaN,NaN,NaN,NaN,NaN,NaN,NaN,NaN,
6.029,-0.00551,-0.01558,0.13941,0.53736,0.02086,0.20767,-0.81712,NaN,NaN,NaN,NaN,NaN,NaN,NaN,NaN,NaN,NaN,NaN,NaN,NaN,NaN,NaN,NaN,NaN,NaN,NaN,NaN,NaN,
6.054,-0.00551,-0.01559,0.13940,0.53737,0.02083,0.20767,-0.81711,NaN,NaN,NaN,NaN,NaN,NaN,NaN,NaN,NaN,NaN,NaN,NaN,NaN,NaN,NaN,NaN,NaN,NaN,NaN,NaN,NaN,
6.079,-0.00552,-0.01558,0.13940,0.53737,0.02085,0.20766,-0.81712,NaN,NaN,NaN,NaN,NaN,NaN,NaN,NaN,NaN,NaN,NaN,NaN,NaN,NaN,NaN,NaN,NaN,NaN,NaN,NaN,NaN,
6.104,-0.00552,-0.01558,0.13940,0.53736,0.02086,0.20767,-0.81712,NaN,NaN,NaN,NaN,NaN,NaN,NaN,NaN,NaN,NaN,NaN,NaN,NaN,NaN,NaN,NaN,NaN,NaN,NaN,NaN,NaN,
6.129,-0.00551,-0.01558,0.13940,0.53739,0.02086,0.20763,-0.81711,NaN,NaN,NaN,NaN,NaN,NaN,NaN,NaN,NaN,NaN,NaN,NaN,NaN,NaN,NaN,NaN,NaN,NaN,NaN,NaN,NaN,
6.154,-0.00551,-0.01558,0.13940,0.53739,0.02083,0.20765,-0.81710,NaN,NaN,NaN,NaN,NaN,NaN,NaN,NaN,NaN,NaN,NaN,NaN,NaN,NaN,NaN,NaN,NaN,NaN,NaN,NaN,NaN,
6.179,-0.00552,-0.01558,0.13940,0.53738,0.02083,0.20766,-0.81711,NaN,NaN,NaN,NaN,NaN,NaN,NaN,NaN,NaN,NaN,NaN,NaN,NaN,NaN,NaN,NaN,NaN,NaN,NaN,NaN,NaN,
6.204,-0.00552,-0.01558,0.13940,0.53736,0.02086,0.20766,-0.81712,NaN,NaN,NaN,NaN,NaN,NaN,NaN,NaN,NaN,NaN,NaN,NaN,NaN,NaN,NaN,NaN,NaN,NaN,NaN,NaN,NaN,
6.229,-0.00551,-0.01558,0.13940,0.53739,0.02087,0.20762,-0.81711,NaN,NaN,NaN,NaN,NaN,NaN,NaN,NaN,NaN,NaN,NaN,NaN,NaN,NaN,NaN,NaN,NaN,NaN,NaN,NaN,NaN,
6.254,-0.00552,-0.01558,0.13940,0.53738,0.02084,0.20765,-0.81711,NaN,NaN,NaN,NaN,NaN,NaN,NaN,NaN,NaN,NaN,NaN,NaN,NaN,NaN,NaN,NaN,NaN,NaN,NaN,NaN,NaN,
6.279,-0.00552,-0.01557,0.13940,0.53737,0.02086,0.20765,-0.81712,NaN,NaN,NaN,NaN,NaN,NaN,NaN,NaN,NaN,NaN,NaN,NaN,NaN,NaN,NaN,NaN,NaN,NaN,NaN,NaN,NaN,
6.304,-0.00552,-0.01557,0.13940,0.53737,0.02087,0.20765,-0.81712,NaN,NaN,NaN,NaN,NaN,NaN,NaN,NaN,NaN,NaN,NaN,NaN,NaN,NaN,NaN,NaN,NaN,NaN,NaN,NaN,NaN,
6.329,-0.00552,-0.01558,0.13940,0.53738,0.02084,0.20765,-0.81711,NaN,NaN,NaN,NaN,NaN,NaN,NaN,NaN,NaN,NaN,NaN,NaN,NaN,NaN,NaN,NaN,NaN,NaN,NaN,NaN,NaN,
6.354,-0.00552,-0.01558,0.13941,0.53737,0.02083,0.20767,-0.81711,NaN,NaN,NaN,NaN,NaN,NaN,NaN,NaN,NaN,NaN,NaN,NaN,NaN,NaN,NaN,NaN,NaN,NaN,NaN,NaN,NaN,
6.379,-0.00553,-0.01557,0.13941,0.53736,0.02086,0.20767,-0.81712,NaN,NaN,NaN,NaN,NaN,NaN,NaN,NaN,NaN,NaN,NaN,NaN,NaN,NaN,NaN,NaN,NaN,NaN,NaN,NaN,NaN,
6.404,-0.00552,-0.01558,0.13940,0.53737,0.02086,0.20766,-0.81712,NaN,NaN,NaN,NaN,NaN,NaN,NaN,NaN,NaN,NaN,NaN,NaN,NaN,NaN,NaN,NaN,NaN,NaN,NaN,NaN,NaN,
6.429,-0.00552,-0.01558,0.13940,0.53738,0.02084,0.20765,-0.81711,NaN,NaN,NaN,NaN,NaN,NaN,NaN,NaN,NaN,NaN,NaN,NaN,NaN,NaN,NaN,NaN,NaN,NaN,NaN,NaN,NaN,
6.454,-0.00553,-0.01557,0.13941,0.53736,0.02085,0.20767,-0.81712,NaN,NaN,NaN,NaN,NaN,NaN,NaN,NaN,NaN,NaN,NaN,NaN,NaN,NaN,NaN,NaN,NaN,NaN,NaN,NaN,NaN,
6.479,-0.00553,-0.01557,0.13941,0.53736,0.02086,0.20767,-0.81712,NaN,NaN,NaN,NaN,NaN,NaN,NaN,NaN,NaN,NaN,NaN,NaN,NaN,NaN,NaN,NaN,NaN,NaN,NaN,NaN,NaN,
6.504,-0.00552,-0.01557,0.13940,0.53737,0.02086,0.20765,-0.81712,NaN,NaN,NaN,NaN,NaN,NaN,NaN,NaN,NaN,NaN,NaN,NaN,NaN,NaN,NaN,NaN,NaN,NaN,NaN,NaN,NaN,
6.529,-0.00553,-0.01557,0.13940,0.53736,0.02086,0.20766,-0.81712,NaN,NaN,NaN,NaN,NaN,NaN,NaN,NaN,NaN,NaN,NaN,NaN,NaN,NaN,NaN,NaN,NaN,NaN,NaN,NaN,NaN,
6.554,-0.00553,-0.01557,0.13940,0.53735,0.02087,0.20767,-0.81712,NaN,NaN,NaN,NaN,NaN,NaN,NaN,NaN,NaN,NaN,NaN,NaN,NaN,NaN,NaN,NaN,NaN,NaN,NaN,NaN,NaN,
6.579,-0.00553,-0.01557,0.13940,0.53735,0.02088,0.20767,-0.81713,NaN,NaN,NaN,NaN,NaN,NaN,NaN,NaN,NaN,NaN,NaN,NaN,NaN,NaN,NaN,NaN,NaN,NaN,NaN,NaN,NaN,
6.604,-0.00553,-0.01557,0.13940,0.53735,0.02087,0.20767,-0.81712,NaN,NaN,NaN,NaN,NaN,NaN,NaN,NaN,NaN,NaN,NaN,NaN,NaN,NaN,NaN,NaN,NaN,NaN,NaN,NaN,NaN,
6.629,-0.00553,-0.01557,0.13940,0.53735,0.02086,0.20769,-0.81712,NaN,NaN,NaN,NaN,NaN,NaN,NaN,NaN,NaN,NaN,NaN,NaN,NaN,NaN,NaN,NaN,NaN,NaN,NaN,NaN,NaN,
6.654,-0.00554,-0.01557,0.13941,0.53734,0.02087,0.20769,-0.81713,NaN,NaN,NaN,NaN,NaN,NaN,NaN,NaN,NaN,NaN,NaN,NaN,NaN,NaN,NaN,NaN,NaN,NaN,NaN,NaN,NaN,
6.679,-0.00554,-0.01557,0.13940,0.53733,0.02087,0.20769,-0.81713,NaN,NaN,NaN,NaN,NaN,NaN,NaN,NaN,NaN,NaN,NaN,NaN,NaN,NaN,NaN,NaN,NaN,NaN,NaN,NaN,NaN,
6.704,-0.00554,-0.01558,0.13941,0.53733,0.02086,0.20770,-0.81713,NaN,NaN,NaN,NaN,NaN,NaN,NaN,NaN,NaN,NaN,NaN,NaN,NaN,NaN,NaN,NaN,NaN,NaN,NaN,NaN,NaN,
6.729,-0.00554,-0.01558,0.13941,0.53733,0.02085,0.20773,-0.81713,NaN,NaN,NaN,NaN,NaN,NaN,NaN,NaN,NaN,NaN,NaN,NaN,NaN,NaN,NaN,NaN,NaN,NaN,NaN,NaN,NaN,
6.754,-0.00555,-0.01558,0.13941,0.53732,0.02085,0.20773,-0.81713,NaN,NaN,NaN,NaN,NaN,NaN,NaN,NaN,NaN,NaN,NaN,NaN,NaN,NaN,NaN,NaN,NaN,NaN,NaN,NaN,NaN,
6.779,-0.00555,-0.01558,0.13941,0.53732,0.02084,0.20773,-0.81713,NaN,NaN,NaN,NaN,NaN,NaN,NaN,NaN,NaN,NaN,NaN,NaN,NaN,NaN,NaN,NaN,NaN,NaN,NaN,NaN,NaN,
6.804,-0.00555,-0.01558,0.13941,0.53732,0.02083,0.20774,-0.81713,NaN,NaN,NaN,NaN,NaN,NaN,NaN,NaN,NaN,NaN,NaN,NaN,NaN,NaN,NaN,NaN,NaN,NaN,NaN,NaN,NaN,
6.829,-0.00555,-0.01558,0.13941,0.53732,0.02083,0.20775,-0.81713,NaN,NaN,NaN,NaN,NaN,NaN,NaN,NaN,NaN,NaN,NaN,NaN,NaN,NaN,NaN,NaN,NaN,NaN,NaN,NaN,NaN,
6.854,-0.00554,-0.01558,0.13941,0.53733,0.02084,0.20773,-0.81713,NaN,NaN,NaN,NaN,NaN,NaN,NaN,NaN,NaN,NaN,NaN,NaN,NaN,NaN,NaN,NaN,NaN,NaN,NaN,NaN,NaN,
6.879,-0.00554,-0.01558,0.13941,0.53733,0.02084,0.20773,-0.81713,NaN,NaN,NaN,NaN,NaN,NaN,NaN,NaN,NaN,NaN,NaN,NaN,NaN,NaN,NaN,NaN,NaN,NaN,NaN,NaN,NaN,
6.904,-0.00554,-0.01558,0.13941,0.53733,0.02083,0.20773,-0.81712,NaN,NaN,NaN,NaN,NaN,NaN,NaN,NaN,NaN,NaN,NaN,NaN,NaN,NaN,NaN,NaN,NaN,NaN,NaN,NaN,NaN,
6.929,-0.00554,-0.01558,0.13941,0.53733,0.02084,0.20772,-0.81712,NaN,NaN,NaN,NaN,NaN,NaN,NaN,NaN,NaN,NaN,NaN,NaN,NaN,NaN,NaN,NaN,NaN,NaN,NaN,NaN,NaN,
6.954,-0.00554,-0.01558,0.13941,0.53734,0.02084,0.20772,-0.81712,NaN,NaN,NaN,NaN,NaN,NaN,NaN,NaN,NaN,NaN,NaN,NaN,NaN,NaN,NaN,NaN,NaN,NaN,NaN,NaN,NaN,
6.979,-0.00554,-0.01558,0.13941,0.53734,0.02083,0.20772,-0.81712,NaN,NaN,NaN,NaN,NaN,NaN,NaN,NaN,NaN,NaN,NaN,NaN,NaN,NaN,NaN,NaN,NaN,NaN,NaN,NaN,NaN,
7.004,-0.00554,-0.01558,0.13941,0.53732,0.02083,0.20774,-0.81712,NaN,NaN,NaN,NaN,NaN,NaN,NaN,NaN,NaN,NaN,NaN,NaN,NaN,NaN,NaN,NaN,NaN,NaN,NaN,NaN,NaN,
7.029,-0.00553,-0.01558,0.13941,0.53733,0.02082,0.20774,-0.81712,NaN,NaN,NaN,NaN,NaN,NaN,NaN,NaN,NaN,NaN,NaN,NaN,NaN,NaN,NaN,NaN,NaN,NaN,NaN,NaN,NaN,
7.054,-0.00553,-0.01559,0.13940,0.53734,0.02082,0.20773,-0.81712,NaN,NaN,NaN,NaN,NaN,NaN,NaN,NaN,NaN,NaN,NaN,NaN,NaN,NaN,NaN,NaN,NaN,NaN,NaN,NaN,NaN,
7.079,-0.00552,-0.01558,0.13941,0.53735,0.02082,0.20772,-0.81712,NaN,NaN,NaN,NaN,NaN,NaN,NaN,NaN,NaN,NaN,NaN,NaN,NaN,NaN,NaN,NaN,NaN,NaN,NaN,NaN,NaN,
7.104,-0.00553,-0.01558,0.13941,0.53734,0.02081,0.20774,-0.81712,NaN,NaN,NaN,NaN,NaN,NaN,NaN,NaN,NaN,NaN,NaN,NaN,NaN,NaN,NaN,NaN,NaN,NaN,NaN,NaN,NaN,
7.129,-0.00552,-0.01558,0.13941,0.53734,0.02079,0.20775,-0.81711,NaN,NaN,NaN,NaN,NaN,NaN,NaN,NaN,NaN,NaN,NaN,NaN,NaN,NaN,NaN,NaN,NaN,NaN,NaN,NaN,NaN,
7.154,-0.00551,-0.01558,0.13942,0.53737,0.02072,0.20776,-0.81709,NaN,NaN,NaN,NaN,NaN,NaN,NaN,NaN,NaN,NaN,NaN,NaN,NaN,NaN,NaN,NaN,NaN,NaN,NaN,NaN,NaN,
7.179,-0.00545,-0.01557,0.13940,0.53774,0.02050,0.20744,-0.81694,NaN,NaN,NaN,NaN,NaN,NaN,NaN,NaN,NaN,NaN,NaN,NaN,NaN,NaN,NaN,NaN,NaN,NaN,NaN,NaN,NaN,
7.204,-0.00556,-0.01559,0.13941,0.53708,0.02129,0.20771,-0.81728,NaN,NaN,NaN,NaN,NaN,NaN,NaN,NaN,NaN,NaN,NaN,NaN,NaN,NaN,NaN,NaN,NaN,NaN,NaN,NaN,NaN,
7.229,-0.00550,-0.01555,0.13939,0.53749,0.02054,0.20775,-0.81702,NaN,NaN,NaN,NaN,NaN,NaN,NaN,NaN,NaN,NaN,NaN,NaN,NaN,NaN,NaN,NaN,NaN,NaN,NaN,NaN,NaN,
7.254,-0.00551,-0.01555,0.13942,0.53738,0.02061,0.20783,-0.81707,NaN,NaN,NaN,NaN,NaN,NaN,NaN,NaN,NaN,NaN,NaN,NaN,NaN,NaN,NaN,NaN,NaN,NaN,NaN,NaN,NaN,
7.279,-0.00551,-0.01560,0.13945,0.53730,0.02088,0.20773,-0.81714,NaN,NaN,NaN,NaN,NaN,NaN,NaN,NaN,NaN,NaN,NaN,NaN,NaN,NaN,NaN,NaN,NaN,NaN,NaN,NaN,NaN,
7.304,-0.00550,-0.01553,0.13940,0.53740,0.02092,0.20756,-0.81712,NaN,NaN,NaN,NaN,NaN,NaN,NaN,NaN,NaN,NaN,NaN,NaN,NaN,NaN,NaN,NaN,NaN,NaN,NaN,NaN,NaN,
7.329,-0.00552,-0.01550,0.13939,0.53737,0.02077,0.20773,-0.81710,NaN,NaN,NaN,NaN,NaN,NaN,NaN,NaN,NaN,NaN,NaN,NaN,NaN,NaN,NaN,NaN,NaN,NaN,NaN,NaN,NaN,
7.354,-0.00549,-0.01554,0.13944,0.53738,0.02072,0.20776,-0.81709,NaN,NaN,NaN,NaN,NaN,NaN,NaN,NaN,NaN,NaN,NaN,NaN,NaN,NaN,NaN,NaN,NaN,NaN,NaN,NaN,NaN,
7.379,-0.00551,-0.01557,0.13943,0.53735,0.02092,0.20764,-0.81713,NaN,NaN,NaN,NaN,NaN,NaN,NaN,NaN,NaN,NaN,NaN,NaN,NaN,NaN,NaN,NaN,NaN,NaN,NaN,NaN,NaN,
7.404,-0.00549,-0.01552,0.13938,0.53747,0.02074,0.20761,-0.81706,NaN,NaN,NaN,NaN,NaN,NaN,NaN,NaN,NaN,NaN,NaN,NaN,NaN,NaN,NaN,NaN,NaN,NaN,NaN,NaN,NaN,
7.429,-0.00553,-0.01552,0.13942,0.53735,0.02071,0.20780,-0.81710,NaN,NaN,NaN,NaN,NaN,NaN,NaN,NaN,NaN,NaN,NaN,NaN,NaN,NaN,NaN,NaN,NaN,NaN,NaN,NaN,NaN,
7.454,-0.00551,-0.01555,0.13943,0.53735,0.02085,0.20769,-0.81712,NaN,NaN,NaN,NaN,NaN,NaN,NaN,NaN,NaN,NaN,NaN,NaN,NaN,NaN,NaN,NaN,NaN,NaN,NaN,NaN,NaN,
7.479,-0.00551,-0.01554,0.13942,0.53738,0.02081,0.20768,-0.81710,NaN,NaN,NaN,NaN,NaN,NaN,NaN,NaN,NaN,NaN,NaN,NaN,NaN,NaN,NaN,NaN,NaN,NaN,NaN,NaN,NaN,
7.504,-0.00550,-0.01554,0.13942,0.53739,0.02079,0.20768,-0.81710,NaN,NaN,NaN,NaN,NaN,NaN,NaN,NaN,NaN,NaN,NaN,NaN,NaN,NaN,NaN,NaN,NaN,NaN,NaN,NaN,NaN,
7.529,-0.00551,-0.01553,0.13941,0.53738,0.02079,0.20769,-0.81710,NaN,NaN,NaN,NaN,NaN,NaN,NaN,NaN,NaN,NaN,NaN,NaN,NaN,NaN,NaN,NaN,NaN,NaN,NaN,NaN,NaN,
7.554,-0.00551,-0.01553,0.13941,0.53737,0.02082,0.20768,-0.81711,NaN,NaN,NaN,NaN,NaN,NaN,NaN,NaN,NaN,NaN,NaN,NaN,NaN,NaN,NaN,NaN,NaN,NaN,NaN,NaN,NaN,
7.579,-0.00551,-0.01554,0.13941,0.53740,0.02081,0.20766,-0.81710,NaN,NaN,NaN,NaN,NaN,NaN,NaN,NaN,NaN,NaN,NaN,NaN,NaN,NaN,NaN,NaN,NaN,NaN,NaN,NaN,NaN,
7.604,-0.00551,-0.01553,0.13941,0.53739,0.02080,0.20767,-0.81710,NaN,NaN,NaN,NaN,NaN,NaN,NaN,NaN,NaN,NaN,NaN,NaN,NaN,NaN,NaN,NaN,NaN,NaN,NaN,NaN,NaN,
7.629,-0.00552,-0.01553,0.13941,0.53738,0.02082,0.20768,-0.81711,NaN,NaN,NaN,NaN,NaN,NaN,NaN,NaN,NaN,NaN,NaN,NaN,NaN,NaN,NaN,NaN,NaN,NaN,NaN,NaN,NaN,
7.654,-0.00551,-0.01553,0.13940,0.53738,0.02084,0.20766,-0.81711,NaN,NaN,NaN,NaN,NaN,NaN,NaN,NaN,NaN,NaN,NaN,NaN,NaN,NaN,NaN,NaN,NaN,NaN,NaN,NaN,NaN,
7.679,-0.00551,-0.01553,0.13941,0.53739,0.02083,0.20765,-0.81710,NaN,NaN,NaN,NaN,NaN,NaN,NaN,NaN,NaN,NaN,NaN,NaN,NaN,NaN,NaN,NaN,NaN,NaN,NaN,NaN,NaN,
7.704,-0.00552,-0.01553,0.13941,0.53737,0.02082,0.20769,-0.81711,NaN,NaN,NaN,NaN,NaN,NaN,NaN,NaN,NaN,NaN,NaN,NaN,NaN,NaN,NaN,NaN,NaN,NaN,NaN,NaN,NaN,
7.729,-0.00552,-0.01552,0.13941,0.53736,0.02085,0.20767,-0.81712,NaN,NaN,NaN,NaN,NaN,NaN,NaN,NaN,NaN,NaN,NaN,NaN,NaN,NaN,NaN,NaN,NaN,NaN,NaN,NaN,NaN,
7.754,-0.00552,-0.01552,0.13940,0.53737,0.02087,0.20765,-0.81712,NaN,NaN,NaN,NaN,NaN,NaN,NaN,NaN,NaN,NaN,NaN,NaN,NaN,NaN,NaN,NaN,NaN,NaN,NaN,NaN,NaN,
7.779,-0.00552,-0.01552,0.13941,0.53735,0.02086,0.20768,-0.81712,NaN,NaN,NaN,NaN,NaN,NaN,NaN,NaN,NaN,NaN,NaN,NaN,NaN,NaN,NaN,NaN,NaN,NaN,NaN,NaN,NaN,
7.804,-0.00552,-0.01551,0.13941,0.53735,0.02086,0.20768,-0.81712,NaN,NaN,NaN,NaN,NaN,NaN,NaN,NaN,NaN,NaN,NaN,NaN,NaN,NaN,NaN,NaN,NaN,NaN,NaN,NaN,NaN,
7.829,-0.00552,-0.01551,0.13941,0.53734,0.02087,0.20769,-0.81713,NaN,NaN,NaN,NaN,NaN,NaN,NaN,NaN,NaN,NaN,NaN,NaN,NaN,NaN,NaN,NaN,NaN,NaN,NaN,NaN,NaN,
7.854,-0.00552,-0.01551,0.13941,0.53734,0.02086,0.20770,-0.81713,NaN,NaN,NaN,NaN,NaN,NaN,NaN,NaN,NaN,NaN,NaN,NaN,NaN,NaN,NaN,NaN,NaN,NaN,NaN,NaN,NaN,
7.879,-0.00552,-0.01550,0.13941,0.53733,0.02086,0.20770,-0.81713,NaN,NaN,NaN,NaN,NaN,NaN,NaN,NaN,NaN,NaN,NaN,NaN,NaN,NaN,NaN,NaN,NaN,NaN,NaN,NaN,NaN,
7.904,-0.00553,-0.01550,0.13942,0.53732,0.02086,0.20771,-0.81713,NaN,NaN,NaN,NaN,NaN,NaN,NaN,NaN,NaN,NaN,NaN,NaN,NaN,NaN,NaN,NaN,NaN,NaN,NaN,NaN,NaN,
7.929,-0.00552,-0.01550,0.13942,0.53732,0.02086,0.20772,-0.81713,NaN,NaN,NaN,NaN,NaN,NaN,NaN,NaN,NaN,NaN,NaN,NaN,NaN,NaN,NaN,NaN,NaN,NaN,NaN,NaN,NaN,
7.954,-0.00553,-0.01550,0.13942,0.53732,0.02086,0.20772,-0.81713,NaN,NaN,NaN,NaN,NaN,NaN,NaN,NaN,NaN,NaN,NaN,NaN,NaN,NaN,NaN,NaN,NaN,NaN,NaN,NaN,NaN,
7.979,-0.00553,-0.01550,0.13942,0.53731,0.02085,0.20775,-0.81713,NaN,NaN,NaN,NaN,NaN,NaN,NaN,NaN,NaN,NaN,NaN,NaN,NaN,NaN,NaN,NaN,NaN,NaN,NaN,NaN,NaN,
8.004,-0.00553,-0.01550,0.13942,0.53731,0.02085,0.20774,-0.81713,NaN,NaN,NaN,NaN,NaN,NaN,NaN,NaN,NaN,NaN,NaN,NaN,NaN,NaN,NaN,NaN,NaN,NaN,NaN,NaN,NaN,
8.029,-0.00552,-0.01551,0.13942,0.53731,0.02086,0.20774,-0.81713,NaN,NaN,NaN,NaN,NaN,NaN,NaN,NaN,NaN,NaN,NaN,NaN,NaN,NaN,NaN,NaN,NaN,NaN,NaN,NaN,NaN,
8.054,-0.00553,-0.01551,0.13942,0.53730,0.02086,0.20775,-0.81714,NaN,NaN,NaN,NaN,NaN,NaN,NaN,NaN,NaN,NaN,NaN,NaN,NaN,NaN,NaN,NaN,NaN,NaN,NaN,NaN,NaN,
8.079,-0.00553,-0.01550,0.13942,0.53729,0.02085,0.20777,-0.81714,NaN,NaN,NaN,NaN,NaN,NaN,NaN,NaN,NaN,NaN,NaN,NaN,NaN,NaN,NaN,NaN,NaN,NaN,NaN,NaN,NaN,
8.104,-0.00553,-0.01551,0.13942,0.53729,0.02085,0.20776,-0.81714,NaN,NaN,NaN,NaN,NaN,NaN,NaN,NaN,NaN,NaN,NaN,NaN,NaN,NaN,NaN,NaN,NaN,NaN,NaN,NaN,NaN,
8.129,-0.00552,-0.01551,0.13942,0.53729,0.02084,0.20777,-0.81714,NaN,NaN,NaN,NaN,NaN,NaN,NaN,NaN,NaN,NaN,NaN,NaN,NaN,NaN,NaN,NaN,NaN,NaN,NaN,NaN,NaN,
8.154,-0.00553,-0.01551,0.13943,0.53729,0.02083,0.20778,-0.81713,NaN,NaN,NaN,NaN,NaN,NaN,NaN,NaN,NaN,NaN,NaN,NaN,NaN,NaN,NaN,NaN,NaN,NaN,NaN,NaN,NaN,
8.179,-0.00553,-0.01551,0.13943,0.53729,0.02083,0.20779,-0.81714,NaN,NaN,NaN,NaN,NaN,NaN,NaN,NaN,NaN,NaN,NaN,NaN,NaN,NaN,NaN,NaN,NaN,NaN,NaN,NaN,NaN,
8.204,-0.00552,-0.01551,0.13942,0.53730,0.02084,0.20776,-0.81713,NaN,NaN,NaN,NaN,NaN,NaN,NaN,NaN,NaN,NaN,NaN,NaN,NaN,NaN,NaN,NaN,NaN,NaN,NaN,NaN,NaN,
8.229,-0.00552,-0.01551,0.13942,0.53732,0.02083,0.20775,-0.81713,NaN,NaN,NaN,NaN,NaN,NaN,NaN,NaN,NaN,NaN,NaN,NaN,NaN,NaN,NaN,NaN,NaN,NaN,NaN,NaN,NaN,
8.254,-0.00552,-0.01551,0.13943,0.53730,0.02081,0.20779,-0.81713,NaN,NaN,NaN,NaN,NaN,NaN,NaN,NaN,NaN,NaN,NaN,NaN,NaN,NaN,NaN,NaN,NaN,NaN,NaN,NaN,NaN,
8.279,-0.00552,-0.01551,0.13943,0.53730,0.02081,0.20779,-0.81713,NaN,NaN,NaN,NaN,NaN,NaN,NaN,NaN,NaN,NaN,NaN,NaN,NaN,NaN,NaN,NaN,NaN,NaN,NaN,NaN,NaN,
8.304,-0.00551,-0.01551,0.13942,0.53731,0.02082,0.20776,-0.81713,NaN,NaN,NaN,NaN,NaN,NaN,NaN,NaN,NaN,NaN,NaN,NaN,NaN,NaN,NaN,NaN,NaN,NaN,NaN,NaN,NaN,
8.329,-0.00551,-0.01551,0.13941,0.53733,0.02082,0.20774,-0.81712,NaN,NaN,NaN,NaN,NaN,NaN,NaN,NaN,NaN,NaN,NaN,NaN,NaN,NaN,NaN,NaN,NaN,NaN,NaN,NaN,NaN,
8.354,-0.00551,-0.01551,0.13942,0.53733,0.02081,0.20775,-0.81712,NaN,NaN,NaN,NaN,NaN,NaN,NaN,NaN,NaN,NaN,NaN,NaN,NaN,NaN,NaN,NaN,NaN,NaN,NaN,NaN,NaN,
8.379,-0.00552,-0.01551,0.13942,0.53733,0.02080,0.20776,-0.81712,NaN,NaN,NaN,NaN,NaN,NaN,NaN,NaN,NaN,NaN,NaN,NaN,NaN,NaN,NaN,NaN,NaN,NaN,NaN,NaN,NaN,
8.404,-0.00551,-0.01550,0.13942,0.53733,0.02082,0.20774,-0.81712,NaN,NaN,NaN,NaN,NaN,NaN,NaN,NaN,NaN,NaN,NaN,NaN,NaN,NaN,NaN,NaN,NaN,NaN,NaN,NaN,NaN,
8.429,-0.00550,-0.01550,0.13941,0.53735,0.02082,0.20772,-0.81712,NaN,NaN,NaN,NaN,NaN,NaN,NaN,NaN,NaN,NaN,NaN,NaN,NaN,NaN,NaN,NaN,NaN,NaN,NaN,NaN,NaN,
8.454,-0.00550,-0.01550,0.13941,0.53735,0.02081,0.20772,-0.81711,NaN,NaN,NaN,NaN,NaN,NaN,NaN,NaN,NaN,NaN,NaN,NaN,NaN,NaN,NaN,NaN,NaN,NaN,NaN,NaN,NaN,
8.479,-0.00550,-0.01550,0.13941,0.53735,0.02081,0.20772,-0.81711,NaN,NaN,NaN,NaN,NaN,NaN,NaN,NaN,NaN,NaN,NaN,NaN,NaN,NaN,NaN,NaN,NaN,NaN,NaN,NaN,NaN,
8.504,-0.00550,-0.01550,0.13941,0.53735,0.02082,0.20771,-0.81712,NaN,NaN,NaN,NaN,NaN,NaN,NaN,NaN,NaN,NaN,NaN,NaN,NaN,NaN,NaN,NaN,NaN,NaN,NaN,NaN,NaN,
8.529,-0.00551,-0.01551,0.13941,0.53735,0.02082,0.20771,-0.81711,NaN,NaN,NaN,NaN,NaN,NaN,NaN,NaN,NaN,NaN,NaN,NaN,NaN,NaN,NaN,NaN,NaN,NaN,NaN,NaN,NaN,
8.554,-0.00551,-0.01551,0.13942,0.53736,0.02080,0.20772,-0.81711,NaN,NaN,NaN,NaN,NaN,NaN,NaN,NaN,NaN,NaN,NaN,NaN,NaN,NaN,NaN,NaN,NaN,NaN,NaN,NaN,NaN,
8.579,-0.00551,-0.01550,0.13942,0.53737,0.02079,0.20771,-0.81710,NaN,NaN,NaN,NaN,NaN,NaN,NaN,NaN,NaN,NaN,NaN,NaN,NaN,NaN,NaN,NaN,NaN,NaN,NaN,NaN,NaN,
8.604,-0.00550,-0.01550,0.13942,0.53739,0.02078,0.20769,-0.81710,NaN,NaN,NaN,NaN,NaN,NaN,NaN,NaN,NaN,NaN,NaN,NaN,NaN,NaN,NaN,NaN,NaN,NaN,NaN,NaN,NaN,
8.629,-0.00549,-0.01550,0.13941,0.53740,0.02078,0.20767,-0.81709,NaN,NaN,NaN,NaN,NaN,NaN,NaN,NaN,NaN,NaN,NaN,NaN,NaN,NaN,NaN,NaN,NaN,NaN,NaN,NaN,NaN,
8.654,-0.00550,-0.01550,0.13942,0.53740,0.02076,0.20769,-0.81709,NaN,NaN,NaN,NaN,NaN,NaN,NaN,NaN,NaN,NaN,NaN,NaN,NaN,NaN,NaN,NaN,NaN,NaN,NaN,NaN,NaN,
8.679,-0.00550,-0.01550,0.13942,0.53739,0.02077,0.20769,-0.81709,NaN,NaN,NaN,NaN,NaN,NaN,NaN,NaN,NaN,NaN,NaN,NaN,NaN,NaN,NaN,NaN,NaN,NaN,NaN,NaN,NaN,
8.704,-0.00551,-0.01550,0.13942,0.53739,0.02078,0.20769,-0.81710,NaN,NaN,NaN,NaN,NaN,NaN,NaN,NaN,NaN,NaN,NaN,NaN,NaN,NaN,NaN,NaN,NaN,NaN,NaN,NaN,NaN,
8.729,-0.00551,-0.01550,0.13941,0.53739,0.02078,0.20769,-0.81710,NaN,NaN,NaN,NaN,NaN,NaN,NaN,NaN,NaN,NaN,NaN,NaN,NaN,NaN,NaN,NaN,NaN,NaN,NaN,NaN,NaN,
8.754,-0.00550,-0.01551,0.13941,0.53741,0.02077,0.20766,-0.81709,NaN,NaN,NaN,NaN,NaN,NaN,NaN,NaN,NaN,NaN,NaN,NaN,NaN,NaN,NaN,NaN,NaN,NaN,NaN,NaN,NaN,
8.779,-0.00550,-0.01551,0.13941,0.53743,0.02076,0.20764,-0.81708,NaN,NaN,NaN,NaN,NaN,NaN,NaN,NaN,NaN,NaN,NaN,NaN,NaN,NaN,NaN,NaN,NaN,NaN,NaN,NaN,NaN,
8.804,-0.00550,-0.01550,0.13941,0.53742,0.02077,0.20765,-0.81708,NaN,NaN,NaN,NaN,NaN,NaN,NaN,NaN,NaN,NaN,NaN,NaN,NaN,NaN,NaN,NaN,NaN,NaN,NaN,NaN,NaN,
8.829,-0.00550,-0.01550,0.13941,0.53741,0.02079,0.20766,-0.81709,NaN,NaN,NaN,NaN,NaN,NaN,NaN,NaN,NaN,NaN,NaN,NaN,NaN,NaN,NaN,NaN,NaN,NaN,NaN,NaN,NaN,
8.854,-0.00550,-0.01549,0.13941,0.53738,0.02080,0.20768,-0.81710,NaN,NaN,NaN,NaN,NaN,NaN,NaN,NaN,NaN,NaN,NaN,NaN,NaN,NaN,NaN,NaN,NaN,NaN,NaN,NaN,NaN,
8.879,-0.00550,-0.01549,0.13940,0.53737,0.02083,0.20768,-0.81711,NaN,NaN,NaN,NaN,NaN,NaN,NaN,NaN,NaN,NaN,NaN,NaN,NaN,NaN,NaN,NaN,NaN,NaN,NaN,NaN,NaN,
8.904,-0.00550,-0.01550,0.13940,0.53738,0.02084,0.20766,-0.81711,NaN,NaN,NaN,NaN,NaN,NaN,NaN,NaN,NaN,NaN,NaN,NaN,NaN,NaN,NaN,NaN,NaN,NaN,NaN,NaN,NaN,
8.929,-0.00550,-0.01551,0.13940,0.53738,0.02082,0.20766,-0.81711,NaN,NaN,NaN,NaN,NaN,NaN,NaN,NaN,NaN,NaN,NaN,NaN,NaN,NaN,NaN,NaN,NaN,NaN,NaN,NaN,NaN,
8.954,-0.00551,-0.01551,0.13940,0.53737,0.02080,0.20769,-0.81710,NaN,NaN,NaN,NaN,NaN,NaN,NaN,NaN,NaN,NaN,NaN,NaN,NaN,NaN,NaN,NaN,NaN,NaN,NaN,NaN,NaN,
8.979,-0.00551,-0.01551,0.13941,0.53737,0.02080,0.20770,-0.81711,NaN,NaN,NaN,NaN,NaN,NaN,NaN,NaN,NaN,NaN,NaN,NaN,NaN,NaN,NaN,NaN,NaN,NaN,NaN,NaN,NaN,
9.004,-0.00551,-0.01550,0.13941,0.53736,0.02080,0.20771,-0.81711,NaN,NaN,NaN,NaN,NaN,NaN,NaN,NaN,NaN,NaN,NaN,NaN,NaN,NaN,NaN,NaN,NaN,NaN,NaN,NaN,NaN,
9.029,-0.00551,-0.01551,0.13941,0.53735,0.02080,0.20773,-0.81711,NaN,NaN,NaN,NaN,NaN,NaN,NaN,NaN,NaN,NaN,NaN,NaN,NaN,NaN,NaN,NaN,NaN,NaN,NaN,NaN,NaN,
9.054,-0.00550,-0.01550,0.13941,0.53736,0.02080,0.20772,-0.81711,NaN,NaN,NaN,NaN,NaN,NaN,NaN,NaN,NaN,NaN,NaN,NaN,NaN,NaN,NaN,NaN,NaN,NaN,NaN,NaN,NaN,
9.079,-0.00551,-0.01551,0.13941,0.53735,0.02080,0.20773,-0.81711,NaN,NaN,NaN,NaN,NaN,NaN,NaN,NaN,NaN,NaN,NaN,NaN,NaN,NaN,NaN,NaN,NaN,NaN,NaN,NaN,NaN,
9.104,-0.00551,-0.01551,0.13941,0.53734,0.02081,0.20774,-0.81712,NaN,NaN,NaN,NaN,NaN,NaN,NaN,NaN,NaN,NaN,NaN,NaN,NaN,NaN,NaN,NaN,NaN,NaN,NaN,NaN,NaN,
9.129,-0.00552,-0.01551,0.13942,0.53733,0.02080,0.20776,-0.81712,NaN,NaN,NaN,NaN,NaN,NaN,NaN,NaN,NaN,NaN,NaN,NaN,NaN,NaN,NaN,NaN,NaN,NaN,NaN,NaN,NaN,
9.154,-0.00553,-0.01551,0.13942,0.53732,0.02080,0.20777,-0.81712,NaN,NaN,NaN,NaN,NaN,NaN,NaN,NaN,NaN,NaN,NaN,NaN,NaN,NaN,NaN,NaN,NaN,NaN,NaN,NaN,NaN,
9.179,-0.00553,-0.01551,0.13942,0.53732,0.02080,0.20778,-0.81712,NaN,NaN,NaN,NaN,NaN,NaN,NaN,NaN,NaN,NaN,NaN,NaN,NaN,NaN,NaN,NaN,NaN,NaN,NaN,NaN,NaN,
9.204,-0.00552,-0.01550,0.13942,0.53733,0.02080,0.20776,-0.81712,NaN,NaN,NaN,NaN,NaN,NaN,NaN,NaN,NaN,NaN,NaN,NaN,NaN,NaN,NaN,NaN,NaN,NaN,NaN,NaN,NaN,
9.229,-0.00552,-0.01550,0.13942,0.53733,0.02079,0.20776,-0.81712,NaN,NaN,NaN,NaN,NaN,NaN,NaN,NaN,NaN,NaN,NaN,NaN,NaN,NaN,NaN,NaN,NaN,NaN,NaN,NaN,NaN,
9.254,-0.00553,-0.01550,0.13942,0.53731,0.02079,0.20779,-0.81712,NaN,NaN,NaN,NaN,NaN,NaN,NaN,NaN,NaN,NaN,NaN,NaN,NaN,NaN,NaN,NaN,NaN,NaN,NaN,NaN,NaN,
9.279,-0.00553,-0.01550,0.13942,0.53730,0.02081,0.20780,-0.81713,NaN,NaN,NaN,NaN,NaN,NaN,NaN,NaN,NaN,NaN,NaN,NaN,NaN,NaN,NaN,NaN,NaN,NaN,NaN,NaN,NaN,
9.304,-0.00553,-0.01550,0.13942,0.53729,0.02082,0.20780,-0.81713,NaN,NaN,NaN,NaN,NaN,NaN,NaN,NaN,NaN,NaN,NaN,NaN,NaN,NaN,NaN,NaN,NaN,NaN,NaN,NaN,NaN,
9.329,-0.00553,-0.01550,0.13942,0.53730,0.02081,0.20779,-0.81713,NaN,NaN,NaN,NaN,NaN,NaN,NaN,NaN,NaN,NaN,NaN,NaN,NaN,NaN,NaN,NaN,NaN,NaN,NaN,NaN,NaN,
9.354,-0.00553,-0.01551,0.13942,0.53731,0.02081,0.20777,-0.81712,NaN,NaN,NaN,NaN,NaN,NaN,NaN,NaN,NaN,NaN,NaN,NaN,NaN,NaN,NaN,NaN,NaN,NaN,NaN,NaN,NaN,
9.379,-0.00552,-0.01551,0.13942,0.53731,0.02081,0.20778,-0.81712,NaN,NaN,NaN,NaN,NaN,NaN,NaN,NaN,NaN,NaN,NaN,NaN,NaN,NaN,NaN,NaN,NaN,NaN,NaN,NaN,NaN,
9.404,-0.00553,-0.01551,0.13942,0.53728,0.02082,0.20781,-0.81714,NaN,NaN,NaN,NaN,NaN,NaN,NaN,NaN,NaN,NaN,NaN,NaN,NaN,NaN,NaN,NaN,NaN,NaN,NaN,NaN,NaN,
9.429,-0.00553,-0.01551,0.13942,0.53716,0.02092,0.20789,-0.81719,NaN,NaN,NaN,NaN,NaN,NaN,NaN,NaN,NaN,NaN,NaN,NaN,NaN,NaN,NaN,NaN,NaN,NaN,NaN,NaN,NaN,
9.454,-0.00552,-0.01556,0.13938,0.53580,0.02224,0.20870,-0.81785,NaN,NaN,NaN,NaN,NaN,NaN,NaN,NaN,NaN,NaN,NaN,NaN,NaN,NaN,NaN,NaN,NaN,NaN,NaN,NaN,NaN,
9.479,-0.00554,-0.01573,0.13932,0.53322,0.02495,0.21004,-0.81911,NaN,NaN,NaN,NaN,NaN,NaN,NaN,NaN,NaN,NaN,NaN,NaN,NaN,NaN,NaN,NaN,NaN,NaN,NaN,NaN,NaN,
9.504,-0.00522,-0.01632,0.13959,0.52346,0.02995,0.21922,-0.82282,NaN,NaN,NaN,NaN,NaN,NaN,NaN,NaN,NaN,NaN,NaN,NaN,NaN,NaN,NaN,NaN,NaN,NaN,NaN,NaN,NaN,
9.529,-0.00552,-0.01712,0.13894,0.50869,0.04110,0.22985,-0.82868,NaN,NaN,NaN,NaN,NaN,NaN,NaN,NaN,NaN,NaN,NaN,NaN,NaN,NaN,NaN,NaN,NaN,NaN,NaN,NaN,NaN,
9.554,-0.00527,-0.01763,0.13889,-0.49449,-0.04852,-0.24231,0.83331,NaN,NaN,NaN,NaN,NaN,NaN,NaN,NaN,NaN,NaN,NaN,NaN,NaN,NaN,NaN,NaN,NaN,NaN,NaN,NaN,NaN,
9.579,-0.00589,-0.01880,0.13837,-0.47236,-0.06322,-0.25843,0.84030,NaN,NaN,NaN,NaN,NaN,NaN,NaN,NaN,NaN,NaN,NaN,NaN,NaN,NaN,NaN,NaN,NaN,NaN,NaN,NaN,NaN,
9.604,-0.00548,-0.01962,0.13843,-0.45796,-0.07264,-0.26854,0.84432,NaN,NaN,NaN,NaN,NaN,NaN,NaN,NaN,NaN,NaN,NaN,NaN,NaN,NaN,NaN,NaN,NaN,NaN,NaN,NaN,NaN,
9.629,-0.00612,-0.02033,0.13784,-0.44294,-0.08639,-0.27552,0.84878,NaN,NaN,NaN,NaN,NaN,NaN,NaN,NaN,NaN,NaN,NaN,NaN,NaN,NaN,NaN,NaN,NaN,NaN,NaN,NaN,NaN,
9.654,-0.00675,-0.02064,0.13752,-0.43162,-0.09729,-0.28006,0.85194,NaN,NaN,NaN,NaN,NaN,NaN,NaN,NaN,NaN,NaN,NaN,NaN,NaN,NaN,NaN,NaN,NaN,NaN,NaN,NaN,NaN,
9.679,-0.00739,-0.02092,0.13732,-0.42145,-0.10678,-0.28418,0.85453,NaN,NaN,NaN,NaN,NaN,NaN,NaN,NaN,NaN,NaN,NaN,NaN,NaN,NaN,NaN,NaN,NaN,NaN,NaN,NaN,NaN,
9.704,-0.00785,-0.02122,0.13701,-0.41312,-0.11462,-0.28736,0.85652,NaN,NaN,NaN,NaN,NaN,NaN,NaN,NaN,NaN,NaN,NaN,NaN,NaN,NaN,NaN,NaN,NaN,NaN,NaN,NaN,NaN,
9.729,-0.00821,-0.02175,0.13695,-0.40121,-0.12460,-0.29272,0.85896,NaN,NaN,NaN,NaN,NaN,NaN,NaN,NaN,NaN,NaN,NaN,NaN,NaN,NaN,NaN,NaN,NaN,NaN,NaN,NaN,NaN,
9.754,-0.00870,-0.02188,0.13685,-0.39647,-0.13113,-0.29264,0.86022,NaN,NaN,NaN,NaN,NaN,NaN,NaN,NaN,NaN,NaN,NaN,NaN,NaN,NaN,NaN,NaN,NaN,NaN,NaN,NaN,NaN,
9.779,-0.00869,-0.02191,0.13683,-0.39647,-0.13237,-0.29159,0.86039,NaN,NaN,NaN,NaN,NaN,NaN,NaN,NaN,NaN,NaN,NaN,NaN,NaN,NaN,NaN,NaN,NaN,NaN,NaN,NaN,NaN,
9.804,-0.00863,-0.02194,0.13678,-0.39611,-0.13263,-0.29178,0.86045,NaN,NaN,NaN,NaN,NaN,NaN,NaN,NaN,NaN,NaN,NaN,NaN,NaN,NaN,NaN,NaN,NaN,NaN,NaN,NaN,NaN,
9.829,-0.00864,-0.02193,0.13675,-0.39573,-0.13294,-0.29195,0.86052,NaN,NaN,NaN,NaN,NaN,NaN,NaN,NaN,NaN,NaN,NaN,NaN,NaN,NaN,NaN,NaN,NaN,NaN,NaN,NaN,NaN,
9.854,-0.00857,-0.02193,0.13680,-0.39390,-0.13415,-0.29300,0.86081,NaN,NaN,NaN,NaN,NaN,NaN,NaN,NaN,NaN,NaN,NaN,NaN,NaN,NaN,NaN,NaN,NaN,NaN,NaN,NaN,NaN,
9.879,-0.00844,-0.02231,0.13701,-0.38424,-0.14092,-0.29818,0.86232,NaN,NaN,NaN,NaN,NaN,NaN,NaN,NaN,NaN,NaN,NaN,NaN,NaN,NaN,NaN,NaN,NaN,NaN,NaN,NaN,NaN,
9.904,-0.00961,-0.02285,0.13622,-0.36890,-0.15652,-0.30196,0.86501,NaN,NaN,NaN,NaN,NaN,NaN,NaN,NaN,NaN,NaN,NaN,NaN,NaN,NaN,NaN,NaN,NaN,NaN,NaN,NaN,NaN,
9.929,-0.01042,-0.02308,0.13598,-0.35824,-0.16936,-0.30259,0.86684,NaN,NaN,NaN,NaN,NaN,NaN,NaN,NaN,NaN,NaN,NaN,NaN,NaN,NaN,NaN,NaN,NaN,NaN,NaN,NaN,NaN,
9.954,-0.01091,-0.02319,0.13572,-0.35035,-0.17867,-0.30309,0.86803,NaN,NaN,NaN,NaN,NaN,NaN,NaN,NaN,NaN,NaN,NaN,NaN,NaN,NaN,NaN,NaN,NaN,NaN,NaN,NaN,NaN,
9.979,-0.01113,-0.02336,0.13570,-0.34602,-0.18332,-0.30371,0.86858,NaN,NaN,NaN,NaN,NaN,NaN,NaN,NaN,NaN,NaN,NaN,NaN,NaN,NaN,NaN,NaN,NaN,NaN,NaN,NaN,NaN,
10.004,-0.01125,-0.02338,0.13568,-0.34494,-0.18520,-0.30322,0.86878,NaN,NaN,NaN,NaN,NaN,NaN,NaN,NaN,NaN,NaN,NaN,NaN,NaN,NaN,NaN,NaN,NaN,NaN,NaN,NaN,NaN,
10.029,-0.01123,-0.02339,0.13570,-0.34491,-0.18536,-0.30311,0.86880,NaN,NaN,NaN,NaN,NaN,NaN,NaN,NaN,NaN,NaN,NaN,NaN,NaN,NaN,NaN,NaN,NaN,NaN,NaN,NaN,NaN,
10.054,-0.01121,-0.02338,0.13571,-0.34469,-0.18550,-0.30322,0.86881,NaN,NaN,NaN,NaN,NaN,NaN,NaN,NaN,NaN,NaN,NaN,NaN,NaN,NaN,NaN,NaN,NaN,NaN,NaN,NaN,NaN,
10.079,-0.01122,-0.02336,0.13572,-0.34452,-0.18563,-0.30329,0.86883,NaN,NaN,NaN,NaN,NaN,NaN,NaN,NaN,NaN,NaN,NaN,NaN,NaN,NaN,NaN,NaN,NaN,NaN,NaN,NaN,NaN,
10.104,-0.01126,-0.02333,0.13570,-0.34432,-0.18586,-0.30330,0.86885,NaN,NaN,NaN,NaN,NaN,NaN,NaN,NaN,NaN,NaN,NaN,NaN,NaN,NaN,NaN,NaN,NaN,NaN,NaN,NaN,NaN,
10.129,-0.01128,-0.02334,0.13571,-0.34430,-0.18585,-0.30333,0.86885,NaN,NaN,NaN,NaN,NaN,NaN,NaN,NaN,NaN,NaN,NaN,NaN,NaN,NaN,NaN,NaN,NaN,NaN,NaN,NaN,NaN,
10.154,-0.01127,-0.02335,0.13570,-0.34428,-0.18586,-0.30335,0.86885,NaN,NaN,NaN,NaN,NaN,NaN,NaN,NaN,NaN,NaN,NaN,NaN,NaN,NaN,NaN,NaN,NaN,NaN,NaN,NaN,NaN,
10.179,-0.01125,-0.02339,0.13569,-0.34437,-0.18576,-0.30333,0.86884,NaN,NaN,NaN,NaN,NaN,NaN,NaN,NaN,NaN,NaN,NaN,NaN,NaN,NaN,NaN,NaN,NaN,NaN,NaN,NaN,NaN,
10.204,-0.01126,-0.02337,0.13572,-0.34470,-0.18548,-0.30323,0.86881,NaN,NaN,NaN,NaN,NaN,NaN,NaN,NaN,NaN,NaN,NaN,NaN,NaN,NaN,NaN,NaN,NaN,NaN,NaN,NaN,NaN,
10.229,-0.01125,-0.02337,0.13569,-0.34452,-0.18569,-0.30324,0.86883,NaN,NaN,NaN,NaN,NaN,NaN,NaN,NaN,NaN,NaN,NaN,NaN,NaN,NaN,NaN,NaN,NaN,NaN,NaN,NaN,NaN,
10.254,-0.01126,-0.02337,0.13569,-0.34444,-0.18576,-0.30326,0.86884,NaN,NaN,NaN,NaN,NaN,NaN,NaN,NaN,NaN,NaN,NaN,NaN,NaN,NaN,NaN,NaN,NaN,NaN,NaN,NaN,NaN,
10.279,-0.01126,-0.02337,0.13570,-0.34438,-0.18582,-0.30328,0.86885,NaN,NaN,NaN,NaN,NaN,NaN,NaN,NaN,NaN,NaN,NaN,NaN,NaN,NaN,NaN,NaN,NaN,NaN,NaN,NaN,NaN,
10.304,-0.01127,-0.02337,0.13570,-0.34431,-0.18588,-0.30329,0.86886,NaN,NaN,NaN,NaN,NaN,NaN,NaN,NaN,NaN,NaN,NaN,NaN,NaN,NaN,NaN,NaN,NaN,NaN,NaN,NaN,NaN,
10.329,-0.01127,-0.02337,0.13569,-0.34427,-0.18593,-0.30330,0.86886,NaN,NaN,NaN,NaN,NaN,NaN,NaN,NaN,NaN,NaN,NaN,NaN,NaN,NaN,NaN,NaN,NaN,NaN,NaN,NaN,NaN,
10.354,-0.01127,-0.02337,0.13569,-0.34425,-0.18595,-0.30330,0.86886,NaN,NaN,NaN,NaN,NaN,NaN,NaN,NaN,NaN,NaN,NaN,NaN,NaN,NaN,NaN,NaN,NaN,NaN,NaN,NaN,NaN,
10.379,-0.01126,-0.02339,0.13568,-0.34424,-0.18597,-0.30330,0.86886,NaN,NaN,NaN,NaN,NaN,NaN,NaN,NaN,NaN,NaN,NaN,NaN,NaN,NaN,NaN,NaN,NaN,NaN,NaN,NaN,NaN,
10.404,-0.01127,-0.02339,0.13567,-0.34425,-0.18598,-0.30328,0.86887,NaN,NaN,NaN,NaN,NaN,NaN,NaN,NaN,NaN,NaN,NaN,NaN,NaN,NaN,NaN,NaN,NaN,NaN,NaN,NaN,NaN,
10.429,-0.01127,-0.02339,0.13567,-0.34423,-0.18601,-0.30328,0.86887,NaN,NaN,NaN,NaN,NaN,NaN,NaN,NaN,NaN,NaN,NaN,NaN,NaN,NaN,NaN,NaN,NaN,NaN,NaN,NaN,NaN,
10.454,-0.01128,-0.02340,0.13568,-0.34419,-0.18602,-0.30331,0.86887,NaN,NaN,NaN,NaN,NaN,NaN,NaN,NaN,NaN,NaN,NaN,NaN,NaN,NaN,NaN,NaN,NaN,NaN,NaN,NaN,NaN,
10.479,-0.01128,-0.02340,0.13569,-0.34415,-0.18604,-0.30334,0.86887,NaN,NaN,NaN,NaN,NaN,NaN,NaN,NaN,NaN,NaN,NaN,NaN,NaN,NaN,NaN,NaN,NaN,NaN,NaN,NaN,NaN,
10.504,-0.01128,-0.02340,0.13568,-0.34411,-0.18605,-0.30336,0.86888,NaN,NaN,NaN,NaN,NaN,NaN,NaN,NaN,NaN,NaN,NaN,NaN,NaN,NaN,NaN,NaN,NaN,NaN,NaN,NaN,NaN,
10.529,-0.01127,-0.02342,0.13568,-0.34411,-0.18606,-0.30335,0.86888,NaN,NaN,NaN,NaN,NaN,NaN,NaN,NaN,NaN,NaN,NaN,NaN,NaN,NaN,NaN,NaN,NaN,NaN,NaN,NaN,NaN,
10.554,-0.01127,-0.02343,0.13567,-0.34412,-0.18606,-0.30334,0.86888,NaN,NaN,NaN,NaN,NaN,NaN,NaN,NaN,NaN,NaN,NaN,NaN,NaN,NaN,NaN,NaN,NaN,NaN,NaN,NaN,NaN,
10.579,-0.01126,-0.02344,0.13567,-0.34413,-0.18604,-0.30335,0.86887,NaN,NaN,NaN,NaN,NaN,NaN,NaN,NaN,NaN,NaN,NaN,NaN,NaN,NaN,NaN,NaN,NaN,NaN,NaN,NaN,NaN,
10.604,-0.01127,-0.02345,0.13567,-0.34413,-0.18603,-0.30337,0.86887,NaN,NaN,NaN,NaN,NaN,NaN,NaN,NaN,NaN,NaN,NaN,NaN,NaN,NaN,NaN,NaN,NaN,NaN,NaN,NaN,NaN,
10.629,-0.01128,-0.02345,0.13568,-0.34411,-0.18604,-0.30338,0.86887,NaN,NaN,NaN,NaN,NaN,NaN,NaN,NaN,NaN,NaN,NaN,NaN,NaN,NaN,NaN,NaN,NaN,NaN,NaN,NaN,NaN,
10.654,-0.01127,-0.02345,0.13569,-0.34409,-0.18606,-0.30338,0.86888,NaN,NaN,NaN,NaN,NaN,NaN,NaN,NaN,NaN,NaN,NaN,NaN,NaN,NaN,NaN,NaN,NaN,NaN,NaN,NaN,NaN,
10.679,-0.01127,-0.02345,0.13569,-0.34408,-0.18605,-0.30340,0.86888,NaN,NaN,NaN,NaN,NaN,NaN,NaN,NaN,NaN,NaN,NaN,NaN,NaN,NaN,NaN,NaN,NaN,NaN,NaN,NaN,NaN,
10.704,-0.01127,-0.02345,0.13568,-0.34409,-0.18606,-0.30338,0.86888,NaN,NaN,NaN,NaN,NaN,NaN,NaN,NaN,NaN,NaN,NaN,NaN,NaN,NaN,NaN,NaN,NaN,NaN,NaN,NaN,NaN,
10.729,-0.01126,-0.02345,0.13568,-0.34409,-0.18606,-0.30337,0.86888,NaN,NaN,NaN,NaN,NaN,NaN,NaN,NaN,NaN,NaN,NaN,NaN,NaN,NaN,NaN,NaN,NaN,NaN,NaN,NaN,NaN,
10.754,-0.01126,-0.02346,0.13568,-0.34411,-0.18607,-0.30335,0.86888,NaN,NaN,NaN,NaN,NaN,NaN,NaN,NaN,NaN,NaN,NaN,NaN,NaN,NaN,NaN,NaN,NaN,NaN,NaN,NaN,NaN,
10.779,-0.01126,-0.02346,0.13568,-0.34409,-0.18608,-0.30336,0.86888,NaN,NaN,NaN,NaN,NaN,NaN,NaN,NaN,NaN,NaN,NaN,NaN,NaN,NaN,NaN,NaN,NaN,NaN,NaN,NaN,NaN,
10.804,-0.01126,-0.02346,0.13568,-0.34407,-0.18607,-0.30339,0.86888,NaN,NaN,NaN,NaN,NaN,NaN,NaN,NaN,NaN,NaN,NaN,NaN,NaN,NaN,NaN,NaN,NaN,NaN,NaN,NaN,NaN,
10.829,-0.01127,-0.02345,0.13568,-0.34406,-0.18608,-0.30339,0.86888,NaN,NaN,NaN,NaN,NaN,NaN,NaN,NaN,NaN,NaN,NaN,NaN,NaN,NaN,NaN,NaN,NaN,NaN,NaN,NaN,NaN,
10.854,-0.01126,-0.02345,0.13568,-0.34407,-0.18609,-0.30338,0.86888,NaN,NaN,NaN,NaN,NaN,NaN,NaN,NaN,NaN,NaN,NaN,NaN,NaN,NaN,NaN,NaN,NaN,NaN,NaN,NaN,NaN,
10.879,-0.01126,-0.02345,0.13568,-0.34406,-0.18609,-0.30338,0.86888,NaN,NaN,NaN,NaN,NaN,NaN,NaN,NaN,NaN,NaN,NaN,NaN,NaN,NaN,NaN,NaN,NaN,NaN,NaN,NaN,NaN,
10.904,-0.01126,-0.02346,0.13568,-0.34407,-0.18608,-0.30339,0.86888,NaN,NaN,NaN,NaN,NaN,NaN,NaN,NaN,NaN,NaN,NaN,NaN,NaN,NaN,NaN,NaN,NaN,NaN,NaN,NaN,NaN,
10.929,-0.01126,-0.02346,0.13568,-0.34406,-0.18608,-0.30339,0.86888,NaN,NaN,NaN,NaN,NaN,NaN,NaN,NaN,NaN,NaN,NaN,NaN,NaN,NaN,NaN,NaN,NaN,NaN,NaN,NaN,NaN,
10.954,-0.01126,-0.02346,0.13568,-0.34405,-0.18610,-0.30339,0.86888,NaN,NaN,NaN,NaN,NaN,NaN,NaN,NaN,NaN,NaN,NaN,NaN,NaN,NaN,NaN,NaN,NaN,NaN,NaN,NaN,NaN,
10.979,-0.01127,-0.02345,0.13568,-0.34403,-0.18612,-0.30340,0.86888,NaN,NaN,NaN,NaN,NaN,NaN,NaN,NaN,NaN,NaN,NaN,NaN,NaN,NaN,NaN,NaN,NaN,NaN,NaN,NaN,NaN,
11.004,-0.01128,-0.02345,0.13568,-0.34402,-0.18613,-0.30340,0.86888,NaN,NaN,NaN,NaN,NaN,NaN,NaN,NaN,NaN,NaN,NaN,NaN,NaN,NaN,NaN,NaN,NaN,NaN,NaN,NaN,NaN,
11.029,-0.01136,-0.02347,0.13561,-0.34377,-0.18636,-0.30346,0.86891,NaN,NaN,NaN,NaN,NaN,NaN,NaN,NaN,NaN,NaN,NaN,NaN,NaN,NaN,NaN,NaN,NaN,NaN,NaN,NaN,NaN,
11.054,-0.01117,-0.02383,0.13581,-0.33789,-0.18990,-0.30668,0.86932,NaN,NaN,NaN,NaN,NaN,NaN,NaN,NaN,NaN,NaN,NaN,NaN,NaN,NaN,NaN,NaN,NaN,NaN,NaN,NaN,NaN,
11.079,-0.01163,-0.02368,0.13507,-0.33266,-0.19868,-0.30449,0.87014,NaN,NaN,NaN,NaN,NaN,NaN,NaN,NaN,NaN,NaN,NaN,NaN,NaN,NaN,NaN,NaN,NaN,NaN,NaN,NaN,NaN,
11.104,-0.01236,-0.02349,0.13473,-0.32886,-0.20562,-0.30234,0.87073,NaN,NaN,NaN,NaN,NaN,NaN,NaN,NaN,NaN,NaN,NaN,NaN,NaN,NaN,NaN,NaN,NaN,NaN,NaN,NaN,NaN,
11.129,-0.01227,-0.02331,0.13466,-0.32991,-0.20656,-0.30036,0.87079,NaN,NaN,NaN,NaN,NaN,NaN,NaN,NaN,NaN,NaN,NaN,NaN,NaN,NaN,NaN,NaN,NaN,NaN,NaN,NaN,NaN,
11.154,-0.01215,-0.02316,0.13434,-0.33085,-0.20704,-0.29891,0.87082,NaN,NaN,NaN,NaN,NaN,NaN,NaN,NaN,NaN,NaN,NaN,NaN,NaN,NaN,NaN,NaN,NaN,NaN,NaN,NaN,NaN,
11.179,-0.01214,-0.02305,0.13403,-0.33176,-0.20730,-0.29770,0.87083,NaN,NaN,NaN,NaN,NaN,NaN,NaN,NaN,NaN,NaN,NaN,NaN,NaN,NaN,NaN,NaN,NaN,NaN,NaN,NaN,NaN,
11.204,-0.01205,-0.02295,0.13379,-0.33244,-0.20764,-0.29665,0.87084,NaN,NaN,NaN,NaN,NaN,NaN,NaN,NaN,NaN,NaN,NaN,NaN,NaN,NaN,NaN,NaN,NaN,NaN,NaN,NaN,NaN,
11.229,-0.01205,-0.02280,0.13360,-0.33385,-0.20760,-0.29516,0.87082,NaN,NaN,NaN,NaN,NaN,NaN,NaN,NaN,NaN,NaN,NaN,NaN,NaN,NaN,NaN,NaN,NaN,NaN,NaN,NaN,NaN,
11.254,-0.01200,-0.02265,0.13329,-0.33470,-0.20809,-0.29380,0.87084,NaN,NaN,NaN,NaN,NaN,NaN,NaN,NaN,NaN,NaN,NaN,NaN,NaN,NaN,NaN,NaN,NaN,NaN,NaN,NaN,NaN,
11.279,-0.01194,-0.02255,0.13304,-0.33492,-0.20870,-0.29300,0.87087,NaN,NaN,NaN,NaN,NaN,NaN,NaN,NaN,NaN,NaN,NaN,NaN,NaN,NaN,NaN,NaN,NaN,NaN,NaN,NaN,NaN,
11.304,-0.01190,-0.02238,0.13279,-0.33552,-0.20937,-0.29174,0.87091,NaN,NaN,NaN,NaN,NaN,NaN,NaN,NaN,NaN,NaN,NaN,NaN,NaN,NaN,NaN,NaN,NaN,NaN,NaN,NaN,NaN,
11.329,-0.01195,-0.02225,0.13251,-0.33587,-0.21013,-0.29067,0.87095,NaN,NaN,NaN,NaN,NaN,NaN,NaN,NaN,NaN,NaN,NaN,NaN,NaN,NaN,NaN,NaN,NaN,NaN,NaN,NaN,NaN,
11.354,-0.01183,-0.02210,0.13233,-0.33743,-0.20990,-0.28917,0.87090,NaN,NaN,NaN,NaN,NaN,NaN,NaN,NaN,NaN,NaN,NaN,NaN,NaN,NaN,NaN,NaN,NaN,NaN,NaN,NaN,NaN,
11.379,-0.01176,-0.02193,0.13210,-0.33821,-0.21026,-0.28798,0.87090,NaN,NaN,NaN,NaN,NaN,NaN,NaN,NaN,NaN,NaN,NaN,NaN,NaN,NaN,NaN,NaN,NaN,NaN,NaN,NaN,NaN,
11.404,-0.01184,-0.02183,0.13180,-0.33843,-0.21094,-0.28712,0.87094,NaN,NaN,NaN,NaN,NaN,NaN,NaN,NaN,NaN,NaN,NaN,NaN,NaN,NaN,NaN,NaN,NaN,NaN,NaN,NaN,NaN,
11.429,-0.01163,-0.02192,0.13170,-0.33808,-0.21169,-0.28681,0.87099,NaN,NaN,NaN,NaN,NaN,NaN,NaN,NaN,NaN,NaN,NaN,NaN,NaN,NaN,NaN,NaN,NaN,NaN,NaN,NaN,NaN,
11.454,-0.01175,-0.02188,0.13121,-0.33743,-0.21334,-0.28601,0.87111,NaN,NaN,NaN,NaN,NaN,NaN,NaN,NaN,NaN,NaN,NaN,NaN,NaN,NaN,NaN,NaN,NaN,NaN,NaN,NaN,NaN,
11.479,-0.01166,-0.02182,0.13096,-0.33768,-0.21356,-0.28553,0.87111,NaN,NaN,NaN,NaN,NaN,NaN,NaN,NaN,NaN,NaN,NaN,NaN,NaN,NaN,NaN,NaN,NaN,NaN,NaN,NaN,NaN,
11.504,-0.01167,-0.02171,0.13057,-0.33747,-0.21448,-0.28492,0.87117,NaN,NaN,NaN,NaN,NaN,NaN,NaN,NaN,NaN,NaN,NaN,NaN,NaN,NaN,NaN,NaN,NaN,NaN,NaN,NaN,NaN,
11.529,-0.01166,-0.02168,0.13031,-0.33818,-0.21458,-0.28404,0.87115,NaN,NaN,NaN,NaN,NaN,NaN,NaN,NaN,NaN,NaN,NaN,NaN,NaN,NaN,NaN,NaN,NaN,NaN,NaN,NaN,NaN,
11.554,-0.01158,-0.02162,0.13017,-0.33907,-0.21424,-0.28337,0.87111,NaN,NaN,NaN,NaN,NaN,NaN,NaN,NaN,NaN,NaN,NaN,NaN,NaN,NaN,NaN,NaN,NaN,NaN,NaN,NaN,NaN,
11.579,-0.01156,-0.02149,0.12975,-0.33936,-0.21488,-0.28247,0.87113,NaN,NaN,NaN,NaN,NaN,NaN,NaN,NaN,NaN,NaN,NaN,NaN,NaN,NaN,NaN,NaN,NaN,NaN,NaN,NaN,NaN,
11.604,-0.01156,-0.02143,0.12953,-0.33985,-0.21485,-0.28196,0.87111,NaN,NaN,NaN,NaN,NaN,NaN,NaN,NaN,NaN,NaN,NaN,NaN,NaN,NaN,NaN,NaN,NaN,NaN,NaN,NaN,NaN,
11.629,-0.01146,-0.02135,0.12926,-0.34032,-0.21504,-0.28127,0.87111,NaN,NaN,NaN,NaN,NaN,NaN,NaN,NaN,NaN,NaN,NaN,NaN,NaN,NaN,NaN,NaN,NaN,NaN,NaN,NaN,NaN,
11.654,-0.01148,-0.02125,0.12900,-0.34095,-0.21537,-0.28026,0.87110,NaN,NaN,NaN,NaN,NaN,NaN,NaN,NaN,NaN,NaN,NaN,NaN,NaN,NaN,NaN,NaN,NaN,NaN,NaN,NaN,NaN,
11.679,-0.01147,-0.02114,0.12876,-0.34084,-0.21634,-0.27949,0.87116,NaN,NaN,NaN,NaN,NaN,NaN,NaN,NaN,NaN,NaN,NaN,NaN,NaN,NaN,NaN,NaN,NaN,NaN,NaN,NaN,NaN,
11.704,-0.01147,-0.02103,0.12848,-0.34159,-0.21690,-0.27814,0.87115,NaN,NaN,NaN,NaN,NaN,NaN,NaN,NaN,NaN,NaN,NaN,NaN,NaN,NaN,NaN,NaN,NaN,NaN,NaN,NaN,NaN,
11.729,-0.01138,-0.02097,0.12839,-0.34239,-0.21692,-0.27723,0.87112,NaN,NaN,NaN,NaN,NaN,NaN,NaN,NaN,NaN,NaN,NaN,NaN,NaN,NaN,NaN,NaN,NaN,NaN,NaN,NaN,NaN,
11.754,-0.01137,-0.02095,0.12825,-0.34233,-0.21735,-0.27691,0.87115,NaN,NaN,NaN,NaN,NaN,NaN,NaN,NaN,NaN,NaN,NaN,NaN,NaN,NaN,NaN,NaN,NaN,NaN,NaN,NaN,NaN,
11.779,-0.01141,-0.02093,0.12828,-0.34235,-0.21729,-0.27693,0.87114,NaN,NaN,NaN,NaN,NaN,NaN,NaN,NaN,NaN,NaN,NaN,NaN,NaN,NaN,NaN,NaN,NaN,NaN,NaN,NaN,NaN,
11.804,-0.01141,-0.02091,0.12833,-0.34217,-0.21731,-0.27711,0.87115,NaN,NaN,NaN,NaN,NaN,NaN,NaN,NaN,NaN,NaN,NaN,NaN,NaN,NaN,NaN,NaN,NaN,NaN,NaN,NaN,NaN,
11.829,-0.01144,-0.02090,0.12834,-0.34213,-0.21732,-0.27715,0.87115,NaN,NaN,NaN,NaN,NaN,NaN,NaN,NaN,NaN,NaN,NaN,NaN,NaN,NaN,NaN,NaN,NaN,NaN,NaN,NaN,NaN,
11.854,-0.01142,-0.02090,0.12834,-0.34207,-0.21730,-0.27723,0.87115,NaN,NaN,NaN,NaN,NaN,NaN,NaN,NaN,NaN,NaN,NaN,NaN,NaN,NaN,NaN,NaN,NaN,NaN,NaN,NaN,NaN,
11.879,-0.01142,-0.02092,0.12830,-0.34226,-0.21729,-0.27703,0.87115,NaN,NaN,NaN,NaN,NaN,NaN,NaN,NaN,NaN,NaN,NaN,NaN,NaN,NaN,NaN,NaN,NaN,NaN,NaN,NaN,NaN,
11.904,-0.01140,-0.02094,0.12835,-0.34209,-0.21723,-0.27728,0.87115,NaN,NaN,NaN,NaN,NaN,NaN,NaN,NaN,NaN,NaN,NaN,NaN,NaN,NaN,NaN,NaN,NaN,NaN,NaN,NaN,NaN,
11.929,-0.01140,-0.02093,0.12832,-0.34223,-0.21726,-0.27709,0.87115,NaN,NaN,NaN,NaN,NaN,NaN,NaN,NaN,NaN,NaN,NaN,NaN,NaN,NaN,NaN,NaN,NaN,NaN,NaN,NaN,NaN,
11.954,-0.01140,-0.02092,0.12832,-0.34226,-0.21726,-0.27706,0.87115,NaN,NaN,NaN,NaN,NaN,NaN,NaN,NaN,NaN,NaN,NaN,NaN,NaN,NaN,NaN,NaN,NaN,NaN,NaN,NaN,NaN,
11.979,-0.01141,-0.02091,0.12831,-0.34222,-0.21730,-0.27707,0.87115,NaN,NaN,NaN,NaN,NaN,NaN,NaN,NaN,NaN,NaN,NaN,NaN,NaN,NaN,NaN,NaN,NaN,NaN,NaN,NaN,NaN,
12.004,-0.01141,-0.02091,0.12832,-0.34222,-0.21728,-0.27708,0.87115,NaN,NaN,NaN,NaN,NaN,NaN,NaN,NaN,NaN,NaN,NaN,NaN,NaN,NaN,NaN,NaN,NaN,NaN,NaN,NaN,NaN,
12.029,-0.01139,-0.02091,0.12831,-0.34224,-0.21729,-0.27706,0.87115,NaN,NaN,NaN,NaN,NaN,NaN,NaN,NaN,NaN,NaN,NaN,NaN,NaN,NaN,NaN,NaN,NaN,NaN,NaN,NaN,NaN,
12.054,-0.01134,-0.02087,0.12802,-0.34310,-0.21719,-0.27620,0.87111,NaN,NaN,NaN,NaN,NaN,NaN,NaN,NaN,NaN,NaN,NaN,NaN,NaN,NaN,NaN,NaN,NaN,NaN,NaN,NaN,NaN,
12.079,-0.01134,-0.02076,0.12773,-0.34387,-0.21730,-0.27524,0.87108,NaN,NaN,NaN,NaN,NaN,NaN,NaN,NaN,NaN,NaN,NaN,NaN,NaN,NaN,NaN,NaN,NaN,NaN,NaN,NaN,NaN,
12.104,-0.01132,-0.02070,0.12742,-0.34423,-0.21762,-0.27454,0.87108,NaN,NaN,NaN,NaN,NaN,NaN,NaN,NaN,NaN,NaN,NaN,NaN,NaN,NaN,NaN,NaN,NaN,NaN,NaN,NaN,NaN,
12.129,-0.01131,-0.02061,0.12726,-0.34481,-0.21725,-0.27424,0.87103,NaN,NaN,NaN,NaN,NaN,NaN,NaN,NaN,NaN,NaN,NaN,NaN,NaN,NaN,NaN,NaN,NaN,NaN,NaN,NaN,NaN,
12.154,-0.01119,-0.02049,0.12694,-0.34570,-0.21643,-0.27401,0.87096,NaN,NaN,NaN,NaN,NaN,NaN,NaN,NaN,NaN,NaN,NaN,NaN,NaN,NaN,NaN,NaN,NaN,NaN,NaN,NaN,NaN,
12.179,-0.01101,-0.02047,0.12674,-0.34699,-0.21507,-0.27385,0.87083,NaN,NaN,NaN,NaN,NaN,NaN,NaN,NaN,NaN,NaN,NaN,NaN,NaN,NaN,NaN,NaN,NaN,NaN,NaN,NaN,NaN,
12.204,-0.01086,-0.02043,0.12638,-0.34745,-0.21490,-0.27348,0.87080,NaN,NaN,NaN,NaN,NaN,NaN,NaN,NaN,NaN,NaN,NaN,NaN,NaN,NaN,NaN,NaN,NaN,NaN,NaN,NaN,NaN,
12.229,-0.01073,-0.02040,0.12619,-0.34855,-0.21431,-0.27281,0.87072,NaN,NaN,NaN,NaN,NaN,NaN,NaN,NaN,NaN,NaN,NaN,NaN,NaN,NaN,NaN,NaN,NaN,NaN,NaN,NaN,NaN,
12.254,-0.01077,-0.02037,0.12602,-0.34718,-0.21545,-0.27328,0.87084,NaN,NaN,NaN,NaN,NaN,NaN,NaN,NaN,NaN,NaN,NaN,NaN,NaN,NaN,NaN,NaN,NaN,NaN,NaN,NaN,NaN,
12.279,-0.01082,-0.02038,0.12607,-0.34683,-0.21553,-0.27359,0.87086,NaN,NaN,NaN,NaN,NaN,NaN,NaN,NaN,NaN,NaN,NaN,NaN,NaN,NaN,NaN,NaN,NaN,NaN,NaN,NaN,NaN,
12.304,-0.01081,-0.02036,0.12606,-0.34699,-0.21550,-0.27344,0.87085,NaN,NaN,NaN,NaN,NaN,NaN,NaN,NaN,NaN,NaN,NaN,NaN,NaN,NaN,NaN,NaN,NaN,NaN,NaN,NaN,NaN,
12.329,-0.01080,-0.02038,0.12607,-0.34709,-0.21535,-0.27347,0.87084,NaN,NaN,NaN,NaN,NaN,NaN,NaN,NaN,NaN,NaN,NaN,NaN,NaN,NaN,NaN,NaN,NaN,NaN,NaN,NaN,NaN,
12.354,-0.01075,-0.02041,0.12605,-0.34718,-0.21532,-0.27340,0.87084,NaN,NaN,NaN,NaN,NaN,NaN,NaN,NaN,NaN,NaN,NaN,NaN,NaN,NaN,NaN,NaN,NaN,NaN,NaN,NaN,NaN,
12.379,-0.01077,-0.02041,0.12607,-0.34722,-0.21531,-0.27337,0.87083,NaN,NaN,NaN,NaN,NaN,NaN,NaN,NaN,NaN,NaN,NaN,NaN,NaN,NaN,NaN,NaN,NaN,NaN,NaN,NaN,NaN,
12.404,-0.01076,-0.02038,0.12609,-0.34723,-0.21525,-0.27341,0.87083,NaN,NaN,NaN,NaN,NaN,NaN,NaN,NaN,NaN,NaN,NaN,NaN,NaN,NaN,NaN,NaN,NaN,NaN,NaN,NaN,NaN,
12.429,-0.01081,-0.02035,0.12608,-0.34702,-0.21541,-0.27349,0.87085,NaN,NaN,NaN,NaN,NaN,NaN,NaN,NaN,NaN,NaN,NaN,NaN,NaN,NaN,NaN,NaN,NaN,NaN,NaN,NaN,NaN,
12.454,-0.01080,-0.02037,0.12606,-0.34716,-0.21538,-0.27337,0.87084,NaN,NaN,NaN,NaN,NaN,NaN,NaN,NaN,NaN,NaN,NaN,NaN,NaN,NaN,NaN,NaN,NaN,NaN,NaN,NaN,NaN,
12.479,-0.01079,-0.02037,0.12607,-0.34704,-0.21542,-0.27346,0.87085,NaN,NaN,NaN,NaN,NaN,NaN,NaN,NaN,NaN,NaN,NaN,NaN,NaN,NaN,NaN,NaN,NaN,NaN,NaN,NaN,NaN,
12.504,-0.01079,-0.02038,0.12607,-0.34705,-0.21541,-0.27345,0.87085,NaN,NaN,NaN,NaN,NaN,NaN,NaN,NaN,NaN,NaN,NaN,NaN,NaN,NaN,NaN,NaN,NaN,NaN,NaN,NaN,NaN,
12.529,-0.01079,-0.02038,0.12607,-0.34707,-0.21538,-0.27346,0.87084,NaN,NaN,NaN,NaN,NaN,NaN,NaN,NaN,NaN,NaN,NaN,NaN,NaN,NaN,NaN,NaN,NaN,NaN,NaN,NaN,NaN,
12.554,-0.01078,-0.02039,0.12607,-0.34710,-0.21535,-0.27346,0.87084,NaN,NaN,NaN,NaN,NaN,NaN,NaN,NaN,NaN,NaN,NaN,NaN,NaN,NaN,NaN,NaN,NaN,NaN,NaN,NaN,NaN,
12.579,-0.01079,-0.02039,0.12607,-0.34711,-0.21535,-0.27345,0.87084,NaN,NaN,NaN,NaN,NaN,NaN,NaN,NaN,NaN,NaN,NaN,NaN,NaN,NaN,NaN,NaN,NaN,NaN,NaN,NaN,NaN,
12.604,-0.01079,-0.02038,0.12608,-0.34710,-0.21533,-0.27347,0.87084,NaN,NaN,NaN,NaN,NaN,NaN,NaN,NaN,NaN,NaN,NaN,NaN,NaN,NaN,NaN,NaN,NaN,NaN,NaN,NaN,NaN,
12.629,-0.01079,-0.02038,0.12608,-0.34707,-0.21533,-0.27351,0.87084,NaN,NaN,NaN,NaN,NaN,NaN,NaN,NaN,NaN,NaN,NaN,NaN,NaN,NaN,NaN,NaN,NaN,NaN,NaN,NaN,NaN,
12.654,-0.01081,-0.02035,0.12608,-0.34701,-0.21513,-0.27377,0.87084,NaN,NaN,NaN,NaN,NaN,NaN,NaN,NaN,NaN,NaN,NaN,NaN,NaN,NaN,NaN,NaN,NaN,NaN,NaN,NaN,NaN,
12.679,-0.01071,-0.02044,0.12603,-0.34764,-0.21287,-0.27517,0.87070,NaN,NaN,NaN,NaN,NaN,NaN,NaN,NaN,NaN,NaN,NaN,NaN,NaN,NaN,NaN,NaN,NaN,NaN,NaN,NaN,NaN,
12.704,-0.01005,-0.02061,0.12607,-0.35203,-0.20356,-0.27887,0.86998,NaN,NaN,NaN,NaN,NaN,NaN,NaN,NaN,NaN,NaN,NaN,NaN,NaN,NaN,NaN,NaN,NaN,NaN,NaN,NaN,NaN,
12.729,-0.00876,-0.02077,0.12624,-0.35925,-0.18811,-0.28488,0.86856,NaN,NaN,NaN,NaN,NaN,NaN,NaN,NaN,NaN,NaN,NaN,NaN,NaN,NaN,NaN,NaN,NaN,NaN,NaN,NaN,NaN,
12.754,-0.00740,-0.02096,0.12647,-0.36683,-0.17259,-0.29026,0.86683,NaN,NaN,NaN,NaN,NaN,NaN,NaN,NaN,NaN,NaN,NaN,NaN,NaN,NaN,NaN,NaN,NaN,NaN,NaN,NaN,NaN,
12.779,-0.00639,-0.02109,0.12641,-0.37262,-0.16139,-0.29360,0.86539,NaN,NaN,NaN,NaN,NaN,NaN,NaN,NaN,NaN,NaN,NaN,NaN,NaN,NaN,NaN,NaN,NaN,NaN,NaN,NaN,NaN,
12.804,-0.00548,-0.02107,0.12652,-0.37947,-0.14912,-0.29654,0.86361,NaN,NaN,NaN,NaN,NaN,NaN,NaN,NaN,NaN,NaN,NaN,NaN,NaN,NaN,NaN,NaN,NaN,NaN,NaN,NaN,NaN,
12.829,-0.00432,-0.02095,0.12664,-0.38697,-0.13581,-0.29944,0.86148,NaN,NaN,NaN,NaN,NaN,NaN,NaN,NaN,NaN,NaN,NaN,NaN,NaN,NaN,NaN,NaN,NaN,NaN,NaN,NaN,NaN,
12.854,-0.00369,-0.02113,0.12677,-0.38816,-0.13003,-0.30296,0.86060,NaN,NaN,NaN,NaN,NaN,NaN,NaN,NaN,NaN,NaN,NaN,NaN,NaN,NaN,NaN,NaN,NaN,NaN,NaN,NaN,NaN,
12.879,-0.00376,-0.02113,0.12668,-0.38803,-0.13016,-0.30300,0.86063,NaN,NaN,NaN,NaN,NaN,NaN,NaN,NaN,NaN,NaN,NaN,NaN,NaN,NaN,NaN,NaN,NaN,NaN,NaN,NaN,NaN,
12.904,-0.00373,-0.02116,0.12665,-0.38823,-0.13014,-0.30279,0.86062,NaN,NaN,NaN,NaN,NaN,NaN,NaN,NaN,NaN,NaN,NaN,NaN,NaN,NaN,NaN,NaN,NaN,NaN,NaN,NaN,NaN,
12.929,-0.00373,-0.02119,0.12666,-0.38833,-0.13004,-0.30276,0.86060,NaN,NaN,NaN,NaN,NaN,NaN,NaN,NaN,NaN,NaN,NaN,NaN,NaN,NaN,NaN,NaN,NaN,NaN,NaN,NaN,NaN,
12.954,-0.00374,-0.02117,0.12667,-0.38832,-0.13003,-0.30278,0.86059,NaN,NaN,NaN,NaN,NaN,NaN,NaN,NaN,NaN,NaN,NaN,NaN,NaN,NaN,NaN,NaN,NaN,NaN,NaN,NaN,NaN,
12.979,-0.00376,-0.02115,0.12669,-0.38826,-0.13003,-0.30286,0.86060,NaN,NaN,NaN,NaN,NaN,NaN,NaN,NaN,NaN,NaN,NaN,NaN,NaN,NaN,NaN,NaN,NaN,NaN,NaN,NaN,NaN,
13.004,-0.00376,-0.02113,0.12668,-0.38819,-0.13009,-0.30288,0.86061,NaN,NaN,NaN,NaN,NaN,NaN,NaN,NaN,NaN,NaN,NaN,NaN,NaN,NaN,NaN,NaN,NaN,NaN,NaN,NaN,NaN,
13.029,-0.00376,-0.02115,0.12671,-0.38823,-0.12998,-0.30293,0.86059,NaN,NaN,NaN,NaN,NaN,NaN,NaN,NaN,NaN,NaN,NaN,NaN,NaN,NaN,NaN,NaN,NaN,NaN,NaN,NaN,NaN,
13.054,-0.00370,-0.02114,0.12666,-0.38834,-0.13008,-0.30273,0.86060,NaN,NaN,NaN,NaN,NaN,NaN,NaN,NaN,NaN,NaN,NaN,NaN,NaN,NaN,NaN,NaN,NaN,NaN,NaN,NaN,NaN,
13.079,-0.00373,-0.02115,0.12668,-0.38823,-0.13006,-0.30285,0.86060,NaN,NaN,NaN,NaN,NaN,NaN,NaN,NaN,NaN,NaN,NaN,NaN,NaN,NaN,NaN,NaN,NaN,NaN,NaN,NaN,NaN,
13.104,-0.00373,-0.02115,0.12667,-0.38826,-0.13006,-0.30283,0.86060,NaN,NaN,NaN,NaN,NaN,NaN,NaN,NaN,NaN,NaN,NaN,NaN,NaN,NaN,NaN,NaN,NaN,NaN,NaN,NaN,NaN,
13.129,-0.00373,-0.02115,0.12667,-0.38828,-0.13005,-0.30281,0.86060,NaN,NaN,NaN,NaN,NaN,NaN,NaN,NaN,NaN,NaN,NaN,NaN,NaN,NaN,NaN,NaN,NaN,NaN,NaN,NaN,NaN,
13.154,-0.00374,-0.02115,0.12667,-0.38828,-0.13006,-0.30280,0.86060,NaN,NaN,NaN,NaN,NaN,NaN,NaN,NaN,NaN,NaN,NaN,NaN,NaN,NaN,NaN,NaN,NaN,NaN,NaN,NaN,NaN,
13.179,-0.00374,-0.02114,0.12667,-0.38829,-0.13007,-0.30279,0.86060,NaN,NaN,NaN,NaN,NaN,NaN,NaN,NaN,NaN,NaN,NaN,NaN,NaN,NaN,NaN,NaN,NaN,NaN,NaN,NaN,NaN,
13.204,-0.00373,-0.02114,0.12666,-0.38831,-0.13007,-0.30276,0.86060,NaN,NaN,NaN,NaN,NaN,NaN,NaN,NaN,NaN,NaN,NaN,NaN,NaN,NaN,NaN,NaN,NaN,NaN,NaN,NaN,NaN,
13.229,-0.00372,-0.02114,0.12667,-0.38835,-0.13003,-0.30275,0.86059,NaN,NaN,NaN,NaN,NaN,NaN,NaN,NaN,NaN,NaN,NaN,NaN,NaN,NaN,NaN,NaN,NaN,NaN,NaN,NaN,NaN,
13.254,-0.00371,-0.02110,0.12665,-0.39027,-0.12891,-0.30154,0.86032,NaN,NaN,NaN,NaN,NaN,NaN,NaN,NaN,NaN,NaN,NaN,NaN,NaN,NaN,NaN,NaN,NaN,NaN,NaN,NaN,NaN,
13.279,-0.00338,-0.02101,0.12675,-0.39573,-0.12242,-0.30078,0.85904,NaN,NaN,NaN,NaN,NaN,NaN,NaN,NaN,NaN,NaN,NaN,NaN,NaN,NaN,NaN,NaN,NaN,NaN,NaN,NaN,NaN,
13.304,-0.00204,-0.02065,0.12686,-0.40654,-0.10616,-0.30190,0.85575,NaN,NaN,NaN,NaN,NaN,NaN,NaN,NaN,NaN,NaN,NaN,NaN,NaN,NaN,NaN,NaN,NaN,NaN,NaN,NaN,NaN,
13.329,-0.00035,-0.02044,0.12708,-0.41774,-0.08779,-0.30393,0.85171,NaN,NaN,NaN,NaN,NaN,NaN,NaN,NaN,NaN,NaN,NaN,NaN,NaN,NaN,NaN,NaN,NaN,NaN,NaN,NaN,NaN,
13.354,0.00052,-0.02029,0.12723,-0.42632,-0.07543,-0.30387,0.84866,NaN,NaN,NaN,NaN,NaN,NaN,NaN,NaN,NaN,NaN,NaN,NaN,NaN,NaN,NaN,NaN,NaN,NaN,NaN,NaN,NaN,
13.379,0.00137,-0.01992,0.12722,-0.43409,-0.06440,-0.30350,0.84576,NaN,NaN,NaN,NaN,NaN,NaN,NaN,NaN,NaN,NaN,NaN,NaN,NaN,NaN,NaN,NaN,NaN,NaN,NaN,NaN,NaN,
13.404,0.00214,-0.01995,0.12734,-0.43687,-0.05714,-0.30589,0.84399,NaN,NaN,NaN,NaN,NaN,NaN,NaN,NaN,NaN,NaN,NaN,NaN,NaN,NaN,NaN,NaN,NaN,NaN,NaN,NaN,NaN,
13.429,0.00207,-0.01992,0.12724,-0.43672,-0.05726,-0.30597,0.84403,NaN,NaN,NaN,NaN,NaN,NaN,NaN,NaN,NaN,NaN,NaN,NaN,NaN,NaN,NaN,NaN,NaN,NaN,NaN,NaN,NaN,
13.454,0.00207,-0.01990,0.12727,-0.43675,-0.05724,-0.30595,0.84402,NaN,NaN,NaN,NaN,NaN,NaN,NaN,NaN,NaN,NaN,NaN,NaN,NaN,NaN,NaN,NaN,NaN,NaN,NaN,NaN,NaN,
13.479,0.00210,-0.01991,0.12724,-0.43686,-0.05725,-0.30582,0.84401,NaN,NaN,NaN,NaN,NaN,NaN,NaN,NaN,NaN,NaN,NaN,NaN,NaN,NaN,NaN,NaN,NaN,NaN,NaN,NaN,NaN,
13.504,0.00221,-0.01993,0.12745,-0.43754,-0.05555,-0.30633,0.84358,NaN,NaN,NaN,NaN,NaN,NaN,NaN,NaN,NaN,NaN,NaN,NaN,NaN,NaN,NaN,NaN,NaN,NaN,NaN,NaN,NaN,
13.529,0.00218,-0.01954,0.12726,-0.44435,-0.05181,-0.30124,0.84209,NaN,NaN,NaN,NaN,NaN,NaN,NaN,NaN,NaN,NaN,NaN,NaN,NaN,NaN,NaN,NaN,NaN,NaN,NaN,NaN,NaN,
13.554,0.00224,-0.01928,0.12706,-0.44716,-0.05038,-0.29904,0.84148,NaN,NaN,NaN,NaN,NaN,NaN,NaN,NaN,NaN,NaN,NaN,NaN,NaN,NaN,NaN,NaN,NaN,NaN,NaN,NaN,NaN,
13.579,0.00225,-0.01923,0.12673,-0.44784,-0.04990,-0.29860,0.84130,NaN,NaN,NaN,NaN,NaN,NaN,NaN,NaN,NaN,NaN,NaN,NaN,NaN,NaN,NaN,NaN,NaN,NaN,NaN,NaN,NaN,
13.604,0.00227,-0.01911,0.12660,-0.44799,-0.04954,-0.29871,0.84120,NaN,NaN,NaN,NaN,NaN,NaN,NaN,NaN,NaN,NaN,NaN,NaN,NaN,NaN,NaN,NaN,NaN,NaN,NaN,NaN,NaN,
13.629,0.00228,-0.01900,0.12618,-0.44909,-0.04963,-0.29735,0.84110,NaN,NaN,NaN,NaN,NaN,NaN,NaN,NaN,NaN,NaN,NaN,NaN,NaN,NaN,NaN,NaN,NaN,NaN,NaN,NaN,NaN,
13.654,0.00243,-0.01891,0.12594,-0.44925,-0.04936,-0.29736,0.84102,NaN,NaN,NaN,NaN,NaN,NaN,NaN,NaN,NaN,NaN,NaN,NaN,NaN,NaN,NaN,NaN,NaN,NaN,NaN,NaN,NaN,
13.679,0.00250,-0.01879,0.12571,-0.44994,-0.04899,-0.29683,0.84086,NaN,NaN,NaN,NaN,NaN,NaN,NaN,NaN,NaN,NaN,NaN,NaN,NaN,NaN,NaN,NaN,NaN,NaN,NaN,NaN,NaN,
13.704,0.00253,-0.01866,0.12543,-0.45057,-0.04879,-0.29623,0.84074,NaN,NaN,NaN,NaN,NaN,NaN,NaN,NaN,NaN,NaN,NaN,NaN,NaN,NaN,NaN,NaN,NaN,NaN,NaN,NaN,NaN,
13.729,0.00248,-0.01856,0.12518,-0.45085,-0.04873,-0.29596,0.84070,NaN,NaN,NaN,NaN,NaN,NaN,NaN,NaN,NaN,NaN,NaN,NaN,NaN,NaN,NaN,NaN,NaN,NaN,NaN,NaN,NaN,
13.754,0.00249,-0.01844,0.12482,-0.45162,-0.04897,-0.29486,0.84066,NaN,NaN,NaN,NaN,NaN,NaN,NaN,NaN,NaN,NaN,NaN,NaN,NaN,NaN,NaN,NaN,NaN,NaN,NaN,NaN,NaN,
13.779,0.00251,-0.01840,0.12464,-0.45166,-0.04882,-0.29493,0.84062,NaN,NaN,NaN,NaN,NaN,NaN,NaN,NaN,NaN,NaN,NaN,NaN,NaN,NaN,NaN,NaN,NaN,NaN,NaN,NaN,NaN,
13.804,0.00251,-0.01835,0.12461,-0.45142,-0.04903,-0.29504,0.84069,NaN,NaN,NaN,NaN,NaN,NaN,NaN,NaN,NaN,NaN,NaN,NaN,NaN,NaN,NaN,NaN,NaN,NaN,NaN,NaN,NaN,
13.829,0.00253,-0.01836,0.12459,-0.45149,-0.04908,-0.29492,0.84069,NaN,NaN,NaN,NaN,NaN,NaN,NaN,NaN,NaN,NaN,NaN,NaN,NaN,NaN,NaN,NaN,NaN,NaN,NaN,NaN,NaN,
13.854,0.00258,-0.01835,0.12460,-0.45150,-0.04899,-0.29498,0.84068,NaN,NaN,NaN,NaN,NaN,NaN,NaN,NaN,NaN,NaN,NaN,NaN,NaN,NaN,NaN,NaN,NaN,NaN,NaN,NaN,NaN,
13.879,0.00257,-0.01834,0.12459,-0.45145,-0.04905,-0.29499,0.84069,NaN,NaN,NaN,NaN,NaN,NaN,NaN,NaN,NaN,NaN,NaN,NaN,NaN,NaN,NaN,NaN,NaN,NaN,NaN,NaN,NaN,
13.904,0.00254,-0.01835,0.12459,-0.45143,-0.04904,-0.29502,0.84069,NaN,NaN,NaN,NaN,NaN,NaN,NaN,NaN,NaN,NaN,NaN,NaN,NaN,NaN,NaN,NaN,NaN,NaN,NaN,NaN,NaN,
13.929,0.00252,-0.01833,0.12459,-0.45134,-0.04922,-0.29500,0.84074,NaN,NaN,NaN,NaN,NaN,NaN,NaN,NaN,NaN,NaN,NaN,NaN,NaN,NaN,NaN,NaN,NaN,NaN,NaN,NaN,NaN,
13.954,0.00252,-0.01834,0.12459,-0.45136,-0.04916,-0.29502,0.84073,NaN,NaN,NaN,NaN,NaN,NaN,NaN,NaN,NaN,NaN,NaN,NaN,NaN,NaN,NaN,NaN,NaN,NaN,NaN,NaN,NaN,
13.979,0.00254,-0.01836,0.12462,-0.45148,-0.04894,-0.29504,0.84067,NaN,NaN,NaN,NaN,NaN,NaN,NaN,NaN,NaN,NaN,NaN,NaN,NaN,NaN,NaN,NaN,NaN,NaN,NaN,NaN,NaN,
14.004,0.00254,-0.01835,0.12459,-0.45145,-0.04907,-0.29498,0.84070,NaN,NaN,NaN,NaN,NaN,NaN,NaN,NaN,NaN,NaN,NaN,NaN,NaN,NaN,NaN,NaN,NaN,NaN,NaN,NaN,NaN,
14.029,0.00254,-0.01836,0.12459,-0.45147,-0.04905,-0.29497,0.84069,NaN,NaN,NaN,NaN,NaN,NaN,NaN,NaN,NaN,NaN,NaN,NaN,NaN,NaN,NaN,NaN,NaN,NaN,NaN,NaN,NaN,
14.054,0.00254,-0.01836,0.12459,-0.45149,-0.04904,-0.29496,0.84069,NaN,NaN,NaN,NaN,NaN,NaN,NaN,NaN,NaN,NaN,NaN,NaN,NaN,NaN,NaN,NaN,NaN,NaN,NaN,NaN,NaN,
14.079,0.00254,-0.01835,0.12460,-0.45147,-0.04904,-0.29498,0.84069,NaN,NaN,NaN,NaN,NaN,NaN,NaN,NaN,NaN,NaN,NaN,NaN,NaN,NaN,NaN,NaN,NaN,NaN,NaN,NaN,NaN,
14.104,0.00253,-0.01835,0.12460,-0.45146,-0.04904,-0.29498,0.84069,NaN,NaN,NaN,NaN,NaN,NaN,NaN,NaN,NaN,NaN,NaN,NaN,NaN,NaN,NaN,NaN,NaN,NaN,NaN,NaN,NaN,
14.129,0.00254,-0.01835,0.12460,-0.45146,-0.04905,-0.29498,0.84069,NaN,NaN,NaN,NaN,NaN,NaN,NaN,NaN,NaN,NaN,NaN,NaN,NaN,NaN,NaN,NaN,NaN,NaN,NaN,NaN,NaN,
14.154,0.00254,-0.01835,0.12460,-0.45147,-0.04905,-0.29497,0.84069,NaN,NaN,NaN,NaN,NaN,NaN,NaN,NaN,NaN,NaN,NaN,NaN,NaN,NaN,NaN,NaN,NaN,NaN,NaN,NaN,NaN,
14.179,0.00254,-0.01841,0.12456,-0.45111,-0.04953,-0.29502,0.84084,NaN,NaN,NaN,NaN,NaN,NaN,NaN,NaN,NaN,NaN,NaN,NaN,NaN,NaN,NaN,NaN,NaN,NaN,NaN,NaN,NaN,
14.204,0.00255,-0.01856,0.12456,-0.44848,-0.05129,-0.29679,0.84152,NaN,NaN,NaN,NaN,NaN,NaN,NaN,NaN,NaN,NaN,NaN,NaN,NaN,NaN,NaN,NaN,NaN,NaN,NaN,NaN,NaN,
14.229,0.00250,-0.01880,0.12448,-0.44341,-0.05502,-0.29988,0.84287,NaN,NaN,NaN,NaN,NaN,NaN,NaN,NaN,NaN,NaN,NaN,NaN,NaN,NaN,NaN,NaN,NaN,NaN,NaN,NaN,NaN,
14.254,0.00245,-0.01896,0.12430,-0.43880,-0.05888,-0.30230,0.84416,NaN,NaN,NaN,NaN,NaN,NaN,NaN,NaN,NaN,NaN,NaN,NaN,NaN,NaN,NaN,NaN,NaN,NaN,NaN,NaN,NaN,
14.279,0.00232,-0.01912,0.12422,-0.43320,-0.06439,-0.30454,0.84584,NaN,NaN,NaN,NaN,NaN,NaN,NaN,NaN,NaN,NaN,NaN,NaN,NaN,NaN,NaN,NaN,NaN,NaN,NaN,NaN,NaN,
14.304,0.00149,-0.01946,0.12420,-0.42496,-0.07650,-0.30459,0.84899,NaN,NaN,NaN,NaN,NaN,NaN,NaN,NaN,NaN,NaN,NaN,NaN,NaN,NaN,NaN,NaN,NaN,NaN,NaN,NaN,NaN,
14.329,-0.00002,-0.01981,0.12410,-0.41401,-0.09410,-0.30315,0.85314,NaN,NaN,NaN,NaN,NaN,NaN,NaN,NaN,NaN,NaN,NaN,NaN,NaN,NaN,NaN,NaN,NaN,NaN,NaN,NaN,NaN,
14.354,-0.00108,-0.01994,0.12393,-0.40535,-0.10919,-0.30078,0.85633,NaN,NaN,NaN,NaN,NaN,NaN,NaN,NaN,NaN,NaN,NaN,NaN,NaN,NaN,NaN,NaN,NaN,NaN,NaN,NaN,NaN,
14.379,-0.00218,-0.02012,0.12391,-0.39680,-0.12351,-0.29866,0.85913,NaN,NaN,NaN,NaN,NaN,NaN,NaN,NaN,NaN,NaN,NaN,NaN,NaN,NaN,NaN,NaN,NaN,NaN,NaN,NaN,NaN,
14.404,-0.00340,-0.02020,0.12378,-0.38865,-0.13868,-0.29512,0.86176,NaN,NaN,NaN,NaN,NaN,NaN,NaN,NaN,NaN,NaN,NaN,NaN,NaN,NaN,NaN,NaN,NaN,NaN,NaN,NaN,NaN,
14.429,-0.00450,-0.02009,0.12372,-0.38240,-0.15146,-0.29123,0.86372,NaN,NaN,NaN,NaN,NaN,NaN,NaN,NaN,NaN,NaN,NaN,NaN,NaN,NaN,NaN,NaN,NaN,NaN,NaN,NaN,NaN,
14.454,-0.00536,-0.02004,0.12366,-0.37698,-0.16337,-0.28698,0.86535,NaN,NaN,NaN,NaN,NaN,NaN,NaN,NaN,NaN,NaN,NaN,NaN,NaN,NaN,NaN,NaN,NaN,NaN,NaN,NaN,NaN,
14.479,-0.00646,-0.01996,0.12355,-0.37090,-0.17724,-0.28156,0.86703,NaN,NaN,NaN,NaN,NaN,NaN,NaN,NaN,NaN,NaN,NaN,NaN,NaN,NaN,NaN,NaN,NaN,NaN,NaN,NaN,NaN,
14.504,-0.00737,-0.01992,0.12332,-0.36581,-0.18710,-0.27843,0.86813,NaN,NaN,NaN,NaN,NaN,NaN,NaN,NaN,NaN,NaN,NaN,NaN,NaN,NaN,NaN,NaN,NaN,NaN,NaN,NaN,NaN,
14.529,-0.00721,-0.01989,0.12352,-0.36630,-0.18739,-0.27761,0.86812,NaN,NaN,NaN,NaN,NaN,NaN,NaN,NaN,NaN,NaN,NaN,NaN,NaN,NaN,NaN,NaN,NaN,NaN,NaN,NaN,NaN,
14.554,-0.00723,-0.01991,0.12346,-0.36620,-0.18759,-0.27755,0.86814,NaN,NaN,NaN,NaN,NaN,NaN,NaN,NaN,NaN,NaN,NaN,NaN,NaN,NaN,NaN,NaN,NaN,NaN,NaN,NaN,NaN,
14.579,-0.00725,-0.01988,0.12347,-0.36609,-0.18769,-0.27759,0.86816,NaN,NaN,NaN,NaN,NaN,NaN,NaN,NaN,NaN,NaN,NaN,NaN,NaN,NaN,NaN,NaN,NaN,NaN,NaN,NaN,NaN,
14.604,-0.00728,-0.01987,0.12349,-0.36597,-0.18771,-0.27770,0.86817,NaN,NaN,NaN,NaN,NaN,NaN,NaN,NaN,NaN,NaN,NaN,NaN,NaN,NaN,NaN,NaN,NaN,NaN,NaN,NaN,NaN,
14.629,-0.00728,-0.01988,0.12347,-0.36599,-0.18773,-0.27766,0.86817,NaN,NaN,NaN,NaN,NaN,NaN,NaN,NaN,NaN,NaN,NaN,NaN,NaN,NaN,NaN,NaN,NaN,NaN,NaN,NaN,NaN,
14.654,-0.00728,-0.01989,0.12347,-0.36605,-0.18772,-0.27761,0.86816,NaN,NaN,NaN,NaN,NaN,NaN,NaN,NaN,NaN,NaN,NaN,NaN,NaN,NaN,NaN,NaN,NaN,NaN,NaN,NaN,NaN,
14.679,-0.00727,-0.01991,0.12349,-0.36612,-0.18758,-0.27765,0.86815,NaN,NaN,NaN,NaN,NaN,NaN,NaN,NaN,NaN,NaN,NaN,NaN,NaN,NaN,NaN,NaN,NaN,NaN,NaN,NaN,NaN,
14.704,-0.00723,-0.01992,0.12353,-0.36608,-0.18748,-0.27779,0.86814,NaN,NaN,NaN,NaN,NaN,NaN,NaN,NaN,NaN,NaN,NaN,NaN,NaN,NaN,NaN,NaN,NaN,NaN,NaN,NaN,NaN,
14.729,-0.00727,-0.01987,0.12344,-0.36590,-0.18795,-0.27756,0.86819,NaN,NaN,NaN,NaN,NaN,NaN,NaN,NaN,NaN,NaN,NaN,NaN,NaN,NaN,NaN,NaN,NaN,NaN,NaN,NaN,NaN,
14.754,-0.00740,-0.01972,0.12349,-0.36516,-0.19016,-0.27640,0.86839,NaN,NaN,NaN,NaN,NaN,NaN,NaN,NaN,NaN,NaN,NaN,NaN,NaN,NaN,NaN,NaN,NaN,NaN,NaN,NaN,NaN,
14.779,-0.00803,-0.01964,0.12349,-0.36142,-0.20024,-0.27139,0.86927,NaN,NaN,NaN,NaN,NaN,NaN,NaN,NaN,NaN,NaN,NaN,NaN,NaN,NaN,NaN,NaN,NaN,NaN,NaN,NaN,NaN,
14.804,-0.00959,-0.01943,0.12319,-0.35493,-0.21656,-0.26353,0.87045,NaN,NaN,NaN,NaN,NaN,NaN,NaN,NaN,NaN,NaN,NaN,NaN,NaN,NaN,NaN,NaN,NaN,NaN,NaN,NaN,NaN,
14.829,-0.01045,-0.01907,0.12322,-0.35287,-0.22717,-0.25579,0.87089,NaN,NaN,NaN,NaN,NaN,NaN,NaN,NaN,NaN,NaN,NaN,NaN,NaN,NaN,NaN,NaN,NaN,NaN,NaN,NaN,NaN,
14.854,-0.01110,-0.01877,0.12322,-0.35143,-0.23722,-0.24773,0.87112,NaN,NaN,NaN,NaN,NaN,NaN,NaN,NaN,NaN,NaN,NaN,NaN,NaN,NaN,NaN,NaN,NaN,NaN,NaN,NaN,NaN,
14.879,-0.01224,-0.01832,0.12316,-0.34833,-0.25028,-0.23845,0.87130,NaN,NaN,NaN,NaN,NaN,NaN,NaN,NaN,NaN,NaN,NaN,NaN,NaN,NaN,NaN,NaN,NaN,NaN,NaN,NaN,NaN,
14.904,-0.01331,-0.01770,0.12309,-0.34724,-0.26232,-0.22764,0.87109,NaN,NaN,NaN,NaN,NaN,NaN,NaN,NaN,NaN,NaN,NaN,NaN,NaN,NaN,NaN,NaN,NaN,NaN,NaN,NaN,NaN,
14.929,-0.01419,-0.01720,0.12308,-0.34641,-0.27462,-0.21601,0.87059,NaN,NaN,NaN,NaN,NaN,NaN,NaN,NaN,NaN,NaN,NaN,NaN,NaN,NaN,NaN,NaN,NaN,NaN,NaN,NaN,NaN,
14.954,-0.01524,-0.01675,0.12282,-0.34467,-0.28639,-0.20575,0.86997,NaN,NaN,NaN,NaN,NaN,NaN,NaN,NaN,NaN,NaN,NaN,NaN,NaN,NaN,NaN,NaN,NaN,NaN,NaN,NaN,NaN,
14.979,-0.01563,-0.01619,0.12302,-0.34883,-0.29207,-0.19477,0.86895,NaN,NaN,NaN,NaN,NaN,NaN,NaN,NaN,NaN,NaN,NaN,NaN,NaN,NaN,NaN,NaN,NaN,NaN,NaN,NaN,NaN,
15.004,-0.01652,-0.01555,0.12280,-0.34986,-0.30390,-0.18070,0.86752,NaN,NaN,NaN,NaN,NaN,NaN,NaN,NaN,NaN,NaN,NaN,NaN,NaN,NaN,NaN,NaN,NaN,NaN,NaN,NaN,NaN,
15.029,-0.01778,-0.01485,0.12251,-0.34955,-0.31715,-0.16635,0.86577,NaN,NaN,NaN,NaN,NaN,NaN,NaN,NaN,NaN,NaN,NaN,NaN,NaN,NaN,NaN,NaN,NaN,NaN,NaN,NaN,NaN,
15.054,-0.01818,-0.01416,0.12288,-0.35618,-0.32185,-0.15278,0.86383,NaN,NaN,NaN,NaN,NaN,NaN,NaN,NaN,NaN,NaN,NaN,NaN,NaN,NaN,NaN,NaN,NaN,NaN,NaN,NaN,NaN,
15.079,-0.01885,-0.01336,0.12280,-0.36102,-0.33027,-0.13690,0.86130,NaN,NaN,NaN,NaN,NaN,NaN,NaN,NaN,NaN,NaN,NaN,NaN,NaN,NaN,NaN,NaN,NaN,NaN,NaN,NaN,NaN,
15.104,-0.01984,-0.01254,0.12256,-0.36474,-0.34059,-0.11985,0.85825,NaN,NaN,NaN,NaN,NaN,NaN,NaN,NaN,NaN,NaN,NaN,NaN,NaN,NaN,NaN,NaN,NaN,NaN,NaN,NaN,NaN,
15.129,-0.02023,-0.01188,0.12251,-0.37043,-0.34605,-0.10571,0.85549,NaN,NaN,NaN,NaN,NaN,NaN,NaN,NaN,NaN,NaN,NaN,NaN,NaN,NaN,NaN,NaN,NaN,NaN,NaN,NaN,NaN,
15.154,-0.02059,-0.01169,0.12246,-0.37101,-0.34916,-0.10111,0.85453,NaN,NaN,NaN,NaN,NaN,NaN,NaN,NaN,NaN,NaN,NaN,NaN,NaN,NaN,NaN,NaN,NaN,NaN,NaN,NaN,NaN,
15.179,-0.02059,-0.01165,0.12246,-0.37137,-0.34924,-0.10053,0.85441,NaN,NaN,NaN,NaN,NaN,NaN,NaN,NaN,NaN,NaN,NaN,NaN,NaN,NaN,NaN,NaN,NaN,NaN,NaN,NaN,NaN,
15.204,-0.02061,-0.01166,0.12244,-0.37098,-0.34943,-0.10082,0.85446,NaN,NaN,NaN,NaN,NaN,NaN,NaN,NaN,NaN,NaN,NaN,NaN,NaN,NaN,NaN,NaN,NaN,NaN,NaN,NaN,NaN,
15.229,-0.02062,-0.01165,0.12252,-0.37130,-0.34908,-0.10083,0.85447,NaN,NaN,NaN,NaN,NaN,NaN,NaN,NaN,NaN,NaN,NaN,NaN,NaN,NaN,NaN,NaN,NaN,NaN,NaN,NaN,NaN,
15.254,-0.02062,-0.01169,0.12256,-0.37119,-0.34899,-0.10107,0.85452,NaN,NaN,NaN,NaN,NaN,NaN,NaN,NaN,NaN,NaN,NaN,NaN,NaN,NaN,NaN,NaN,NaN,NaN,NaN,NaN,NaN,
15.279,-0.02061,-0.01168,0.12254,-0.37135,-0.34900,-0.10086,0.85448,NaN,NaN,NaN,NaN,NaN,NaN,NaN,NaN,NaN,NaN,NaN,NaN,NaN,NaN,NaN,NaN,NaN,NaN,NaN,NaN,NaN,
15.304,-0.02058,-0.01168,0.12259,-0.37157,-0.34877,-0.10085,0.85447,NaN,NaN,NaN,NaN,NaN,NaN,NaN,NaN,NaN,NaN,NaN,NaN,NaN,NaN,NaN,NaN,NaN,NaN,NaN,NaN,NaN,
15.329,-0.02057,-0.01168,0.12251,-0.37152,-0.34893,-0.10072,0.85445,NaN,NaN,NaN,NaN,NaN,NaN,NaN,NaN,NaN,NaN,NaN,NaN,NaN,NaN,NaN,NaN,NaN,NaN,NaN,NaN,NaN,
15.354,-0.02057,-0.01170,0.12259,-0.37170,-0.34853,-0.10096,0.85450,NaN,NaN,NaN,NaN,NaN,NaN,NaN,NaN,NaN,NaN,NaN,NaN,NaN,NaN,NaN,NaN,NaN,NaN,NaN,NaN,NaN,
15.379,-0.02059,-0.01168,0.12252,-0.37133,-0.34904,-0.10083,0.85447,NaN,NaN,NaN,NaN,NaN,NaN,NaN,NaN,NaN,NaN,NaN,NaN,NaN,NaN,NaN,NaN,NaN,NaN,NaN,NaN,NaN,
15.404,-0.02059,-0.01168,0.12253,-0.37130,-0.34905,-0.10085,0.85447,NaN,NaN,NaN,NaN,NaN,NaN,NaN,NaN,NaN,NaN,NaN,NaN,NaN,NaN,NaN,NaN,NaN,NaN,NaN,NaN,NaN,
15.429,-0.02059,-0.01167,0.12254,-0.37133,-0.34903,-0.10085,0.85447,NaN,NaN,NaN,NaN,NaN,NaN,NaN,NaN,NaN,NaN,NaN,NaN,NaN,NaN,NaN,NaN,NaN,NaN,NaN,NaN,NaN,
15.454,-0.02059,-0.01167,0.12254,-0.37135,-0.34901,-0.10085,0.85447,NaN,NaN,NaN,NaN,NaN,NaN,NaN,NaN,NaN,NaN,NaN,NaN,NaN,NaN,NaN,NaN,NaN,NaN,NaN,NaN,NaN,
15.479,-0.02059,-0.01167,0.12255,-0.37140,-0.34900,-0.10079,0.85446,NaN,NaN,NaN,NaN,NaN,NaN,NaN,NaN,NaN,NaN,NaN,NaN,NaN,NaN,NaN,NaN,NaN,NaN,NaN,NaN,NaN,
15.504,-0.02059,-0.01167,0.12255,-0.37140,-0.34899,-0.10080,0.85446,NaN,NaN,NaN,NaN,NaN,NaN,NaN,NaN,NaN,NaN,NaN,NaN,NaN,NaN,NaN,NaN,NaN,NaN,NaN,NaN,NaN,
15.529,-0.02058,-0.01167,0.12254,-0.37140,-0.34900,-0.10080,0.85446,NaN,NaN,NaN,NaN,NaN,NaN,NaN,NaN,NaN,NaN,NaN,NaN,NaN,NaN,NaN,NaN,NaN,NaN,NaN,NaN,NaN,
15.554,-0.02058,-0.01168,0.12254,-0.37136,-0.34902,-0.10082,0.85447,NaN,NaN,NaN,NaN,NaN,NaN,NaN,NaN,NaN,NaN,NaN,NaN,NaN,NaN,NaN,NaN,NaN,NaN,NaN,NaN,NaN,
15.579,-0.02059,-0.01167,0.12254,-0.37134,-0.34903,-0.10083,0.85447,NaN,NaN,NaN,NaN,NaN,NaN,NaN,NaN,NaN,NaN,NaN,NaN,NaN,NaN,NaN,NaN,NaN,NaN,NaN,NaN,NaN,
15.604,-0.02059,-0.01167,0.12255,-0.37134,-0.34904,-0.10083,0.85447,NaN,NaN,NaN,NaN,NaN,NaN,NaN,NaN,NaN,NaN,NaN,NaN,NaN,NaN,NaN,NaN,NaN,NaN,NaN,NaN,NaN,
15.629,-0.02060,-0.01166,0.12254,-0.37133,-0.34907,-0.10079,0.85446,NaN,NaN,NaN,NaN,NaN,NaN,NaN,NaN,NaN,NaN,NaN,NaN,NaN,NaN,NaN,NaN,NaN,NaN,NaN,NaN,NaN,
15.654,-0.02060,-0.01167,0.12252,-0.37132,-0.34909,-0.10078,0.85446,NaN,NaN,NaN,NaN,NaN,NaN,NaN,NaN,NaN,NaN,NaN,NaN,NaN,NaN,NaN,NaN,NaN,NaN,NaN,NaN,NaN,
15.679,-0.02059,-0.01167,0.12251,-0.37131,-0.34910,-0.10079,0.85446,NaN,NaN,NaN,NaN,NaN,NaN,NaN,NaN,NaN,NaN,NaN,NaN,NaN,NaN,NaN,NaN,NaN,NaN,NaN,NaN,NaN,
15.704,-0.02059,-0.01168,0.12251,-0.37132,-0.34908,-0.10079,0.85446,NaN,NaN,NaN,NaN,NaN,NaN,NaN,NaN,NaN,NaN,NaN,NaN,NaN,NaN,NaN,NaN,NaN,NaN,NaN,NaN,NaN,
15.729,-0.02059,-0.01168,0.12251,-0.37131,-0.34908,-0.10081,0.85446,NaN,NaN,NaN,NaN,NaN,NaN,NaN,NaN,NaN,NaN,NaN,NaN,NaN,NaN,NaN,NaN,NaN,NaN,NaN,NaN,NaN,
15.754,-0.02060,-0.01168,0.12251,-0.37131,-0.34908,-0.10081,0.85446,NaN,NaN,NaN,NaN,NaN,NaN,NaN,NaN,NaN,NaN,NaN,NaN,NaN,NaN,NaN,NaN,NaN,NaN,NaN,NaN,NaN,
15.779,-0.02061,-0.01167,0.12252,-0.37131,-0.34907,-0.10083,0.85447,NaN,NaN,NaN,NaN,NaN,NaN,NaN,NaN,NaN,NaN,NaN,NaN,NaN,NaN,NaN,NaN,NaN,NaN,NaN,NaN,NaN,
15.804,-0.02061,-0.01166,0.12252,-0.37131,-0.34909,-0.10080,0.85446,NaN,NaN,NaN,NaN,NaN,NaN,NaN,NaN,NaN,NaN,NaN,NaN,NaN,NaN,NaN,NaN,NaN,NaN,NaN,NaN,NaN,
15.829,-0.02060,-0.01166,0.12251,-0.37130,-0.34913,-0.10077,0.85446,NaN,NaN,NaN,NaN,NaN,NaN,NaN,NaN,NaN,NaN,NaN,NaN,NaN,NaN,NaN,NaN,NaN,NaN,NaN,NaN,NaN,
15.854,-0.02059,-0.01167,0.12250,-0.37135,-0.34911,-0.10072,0.85445,NaN,NaN,NaN,NaN,NaN,NaN,NaN,NaN,NaN,NaN,NaN,NaN,NaN,NaN,NaN,NaN,NaN,NaN,NaN,NaN,NaN,
15.879,-0.02060,-0.01167,0.12249,-0.37130,-0.34908,-0.10082,0.85447,NaN,NaN,NaN,NaN,NaN,NaN,NaN,NaN,NaN,NaN,NaN,NaN,NaN,NaN,NaN,NaN,NaN,NaN,NaN,NaN,NaN,
15.904,-0.02060,-0.01167,0.12252,-0.37134,-0.34907,-0.10077,0.85446,NaN,NaN,NaN,NaN,NaN,NaN,NaN,NaN,NaN,NaN,NaN,NaN,NaN,NaN,NaN,NaN,NaN,NaN,NaN,NaN,NaN,
15.929,-0.02060,-0.01166,0.12253,-0.37138,-0.34904,-0.10077,0.85446,NaN,NaN,NaN,NaN,NaN,NaN,NaN,NaN,NaN,NaN,NaN,NaN,NaN,NaN,NaN,NaN,NaN,NaN,NaN,NaN,NaN,
15.954,-0.02061,-0.01164,0.12254,-0.37140,-0.34902,-0.10077,0.85446,NaN,NaN,NaN,NaN,NaN,NaN,NaN,NaN,NaN,NaN,NaN,NaN,NaN,NaN,NaN,NaN,NaN,NaN,NaN,NaN,NaN,
15.979,-0.02058,-0.01165,0.12260,-0.37151,-0.34897,-0.10068,0.85444,NaN,NaN,NaN,NaN,NaN,NaN,NaN,NaN,NaN,NaN,NaN,NaN,NaN,NaN,NaN,NaN,NaN,NaN,NaN,NaN,NaN,
16.004,-0.02058,-0.01164,0.12245,-0.37116,-0.34940,-0.10061,0.85442,NaN,NaN,NaN,NaN,NaN,NaN,NaN,NaN,NaN,NaN,NaN,NaN,NaN,NaN,NaN,NaN,NaN,NaN,NaN,NaN,NaN,
16.029,-0.02058,-0.01165,0.12251,-0.37134,-0.34911,-0.10074,0.85445,NaN,NaN,NaN,NaN,NaN,NaN,NaN,NaN,NaN,NaN,NaN,NaN,NaN,NaN,NaN,NaN,NaN,NaN,NaN,NaN,NaN,
16.054,-0.02059,-0.01165,0.12251,-0.37133,-0.34908,-0.10078,0.85446,NaN,NaN,NaN,NaN,NaN,NaN,NaN,NaN,NaN,NaN,NaN,NaN,NaN,NaN,NaN,NaN,NaN,NaN,NaN,NaN,NaN,
16.079,-0.02059,-0.01165,0.12253,-0.37133,-0.34907,-0.10080,0.85446,NaN,NaN,NaN,NaN,NaN,NaN,NaN,NaN,NaN,NaN,NaN,NaN,NaN,NaN,NaN,NaN,NaN,NaN,NaN,NaN,NaN,
16.104,-0.02061,-0.01164,0.12254,-0.37129,-0.34907,-0.10086,0.85447,NaN,NaN,NaN,NaN,NaN,NaN,NaN,NaN,NaN,NaN,NaN,NaN,NaN,NaN,NaN,NaN,NaN,NaN,NaN,NaN,NaN,
16.129,-0.02060,-0.01164,0.12254,-0.37133,-0.34907,-0.10080,0.85446,NaN,NaN,NaN,NaN,NaN,NaN,NaN,NaN,NaN,NaN,NaN,NaN,NaN,NaN,NaN,NaN,NaN,NaN,NaN,NaN,NaN,
16.154,-0.02061,-0.01164,0.12253,-0.37133,-0.34906,-0.10081,0.85447,NaN,NaN,NaN,NaN,NaN,NaN,NaN,NaN,NaN,NaN,NaN,NaN,NaN,NaN,NaN,NaN,NaN,NaN,NaN,NaN,NaN,
16.179,-0.02060,-0.01164,0.12253,-0.37130,-0.34907,-0.10084,0.85447,NaN,NaN,NaN,NaN,NaN,NaN,NaN,NaN,NaN,NaN,NaN,NaN,NaN,NaN,NaN,NaN,NaN,NaN,NaN,NaN,NaN,
16.204,-0.02059,-0.01165,0.12252,-0.37126,-0.34911,-0.10083,0.85447,NaN,NaN,NaN,NaN,NaN,NaN,NaN,NaN,NaN,NaN,NaN,NaN,NaN,NaN,NaN,NaN,NaN,NaN,NaN,NaN,NaN,
16.229,-0.02060,-0.01165,0.12252,-0.37122,-0.34912,-0.10088,0.85448,NaN,NaN,NaN,NaN,NaN,NaN,NaN,NaN,NaN,NaN,NaN,NaN,NaN,NaN,NaN,NaN,NaN,NaN,NaN,NaN,NaN,
16.254,-0.02061,-0.01164,0.12253,-0.37120,-0.34910,-0.10093,0.85449,NaN,NaN,NaN,NaN,NaN,NaN,NaN,NaN,NaN,NaN,NaN,NaN,NaN,NaN,NaN,NaN,NaN,NaN,NaN,NaN,NaN,
16.279,-0.02061,-0.01164,0.12253,-0.37120,-0.34911,-0.10091,0.85449,NaN,NaN,NaN,NaN,NaN,NaN,NaN,NaN,NaN,NaN,NaN,NaN,NaN,NaN,NaN,NaN,NaN,NaN,NaN,NaN,NaN,
16.304,-0.02060,-0.01164,0.12252,-0.37120,-0.34913,-0.10089,0.85448,NaN,NaN,NaN,NaN,NaN,NaN,NaN,NaN,NaN,NaN,NaN,NaN,NaN,NaN,NaN,NaN,NaN,NaN,NaN,NaN,NaN,
16.329,-0.02060,-0.01165,0.12251,-0.37121,-0.34912,-0.10090,0.85448,NaN,NaN,NaN,NaN,NaN,NaN,NaN,NaN,NaN,NaN,NaN,NaN,NaN,NaN,NaN,NaN,NaN,NaN,NaN,NaN,NaN,
16.354,-0.02059,-0.01165,0.12250,-0.37120,-0.34913,-0.10088,0.85448,NaN,NaN,NaN,NaN,NaN,NaN,NaN,NaN,NaN,NaN,NaN,NaN,NaN,NaN,NaN,NaN,NaN,NaN,NaN,NaN,NaN,
16.379,-0.02059,-0.01165,0.12251,-0.37121,-0.34911,-0.10090,0.85448,NaN,NaN,NaN,NaN,NaN,NaN,NaN,NaN,NaN,NaN,NaN,NaN,NaN,NaN,NaN,NaN,NaN,NaN,NaN,NaN,NaN,
16.404,-0.02060,-0.01165,0.12252,-0.37118,-0.34911,-0.10096,0.85449,NaN,NaN,NaN,NaN,NaN,NaN,NaN,NaN,NaN,NaN,NaN,NaN,NaN,NaN,NaN,NaN,NaN,NaN,NaN,NaN,NaN,
16.429,-0.02060,-0.01165,0.12251,-0.37115,-0.34913,-0.10097,0.85450,NaN,NaN,NaN,NaN,NaN,NaN,NaN,NaN,NaN,NaN,NaN,NaN,NaN,NaN,NaN,NaN,NaN,NaN,NaN,NaN,NaN,
16.454,-0.02060,-0.01165,0.12251,-0.37111,-0.34916,-0.10098,0.85450,NaN,NaN,NaN,NaN,NaN,NaN,NaN,NaN,NaN,NaN,NaN,NaN,NaN,NaN,NaN,NaN,NaN,NaN,NaN,NaN,NaN,
16.479,-0.02059,-0.01166,0.12250,-0.37110,-0.34916,-0.10099,0.85450,NaN,NaN,NaN,NaN,NaN,NaN,NaN,NaN,NaN,NaN,NaN,NaN,NaN,NaN,NaN,NaN,NaN,NaN,NaN,NaN,NaN,
16.504,-0.02059,-0.01166,0.12249,-0.37112,-0.34915,-0.10099,0.85450,NaN,NaN,NaN,NaN,NaN,NaN,NaN,NaN,NaN,NaN,NaN,NaN,NaN,NaN,NaN,NaN,NaN,NaN,NaN,NaN,NaN,
16.529,-0.02060,-0.01166,0.12250,-0.37114,-0.34911,-0.10100,0.85450,NaN,NaN,NaN,NaN,NaN,NaN,NaN,NaN,NaN,NaN,NaN,NaN,NaN,NaN,NaN,NaN,NaN,NaN,NaN,NaN,NaN,
16.554,-0.02060,-0.01166,0.12251,-0.37116,-0.34909,-0.10099,0.85450,NaN,NaN,NaN,NaN,NaN,NaN,NaN,NaN,NaN,NaN,NaN,NaN,NaN,NaN,NaN,NaN,NaN,NaN,NaN,NaN,NaN,
16.579,-0.02060,-0.01166,0.12252,-0.37117,-0.34908,-0.10100,0.85450,NaN,NaN,NaN,NaN,NaN,NaN,NaN,NaN,NaN,NaN,NaN,NaN,NaN,NaN,NaN,NaN,NaN,NaN,NaN,NaN,NaN,
16.604,-0.02059,-0.01166,0.12252,-0.37116,-0.34908,-0.10100,0.85450,NaN,NaN,NaN,NaN,NaN,NaN,NaN,NaN,NaN,NaN,NaN,NaN,NaN,NaN,NaN,NaN,NaN,NaN,NaN,NaN,NaN,
16.629,-0.02059,-0.01166,0.12251,-0.37114,-0.34912,-0.10098,0.85450,NaN,NaN,NaN,NaN,NaN,NaN,NaN,NaN,NaN,NaN,NaN,NaN,NaN,NaN,NaN,NaN,NaN,NaN,NaN,NaN,NaN,
16.654,-0.02059,-0.01166,0.12250,-0.37112,-0.34914,-0.10099,0.85450,NaN,NaN,NaN,NaN,NaN,NaN,NaN,NaN,NaN,NaN,NaN,NaN,NaN,NaN,NaN,NaN,NaN,NaN,NaN,NaN,NaN,
16.679,-0.02059,-0.01166,0.12250,-0.37112,-0.34915,-0.10097,0.85450,NaN,NaN,NaN,NaN,NaN,NaN,NaN,NaN,NaN,NaN,NaN,NaN,NaN,NaN,NaN,NaN,NaN,NaN,NaN,NaN,NaN,
16.704,-0.02059,-0.01166,0.12251,-0.37114,-0.34913,-0.10097,0.85450,NaN,NaN,NaN,NaN,NaN,NaN,NaN,NaN,NaN,NaN,NaN,NaN,NaN,NaN,NaN,NaN,NaN,NaN,NaN,NaN,NaN,
16.729,-0.02060,-0.01166,0.12251,-0.37118,-0.34911,-0.10095,0.85449,NaN,NaN,NaN,NaN,NaN,NaN,NaN,NaN,NaN,NaN,NaN,NaN,NaN,NaN,NaN,NaN,NaN,NaN,NaN,NaN,NaN,
16.754,-0.02059,-0.01166,0.12252,-0.37121,-0.34911,-0.10091,0.85448,NaN,NaN,NaN,NaN,NaN,NaN,NaN,NaN,NaN,NaN,NaN,NaN,NaN,NaN,NaN,NaN,NaN,NaN,NaN,NaN,NaN,
16.779,-0.02058,-0.01166,0.12251,-0.37123,-0.34911,-0.10088,0.85448,NaN,NaN,NaN,NaN,NaN,NaN,NaN,NaN,NaN,NaN,NaN,NaN,NaN,NaN,NaN,NaN,NaN,NaN,NaN,NaN,NaN,
16.804,-0.02058,-0.01167,0.12251,-0.37121,-0.34910,-0.10092,0.85449,NaN,NaN,NaN,NaN,NaN,NaN,NaN,NaN,NaN,NaN,NaN,NaN,NaN,NaN,NaN,NaN,NaN,NaN,NaN,NaN,NaN,
16.829,-0.02058,-0.01166,0.12251,-0.37119,-0.34912,-0.10092,0.85449,NaN,NaN,NaN,NaN,NaN,NaN,NaN,NaN,NaN,NaN,NaN,NaN,NaN,NaN,NaN,NaN,NaN,NaN,NaN,NaN,NaN,
16.854,-0.02059,-0.01166,0.12252,-0.37117,-0.34912,-0.10094,0.85449,NaN,NaN,NaN,NaN,NaN,NaN,NaN,NaN,NaN,NaN,NaN,NaN,NaN,NaN,NaN,NaN,NaN,NaN,NaN,NaN,NaN,
16.879,-0.02059,-0.01166,0.12252,-0.37120,-0.34910,-0.10093,0.85449,NaN,NaN,NaN,NaN,NaN,NaN,NaN,NaN,NaN,NaN,NaN,NaN,NaN,NaN,NaN,NaN,NaN,NaN,NaN,NaN,NaN,
16.904,-0.02059,-0.01166,0.12253,-0.37120,-0.34909,-0.10094,0.85449,NaN,NaN,NaN,NaN,NaN,NaN,NaN,NaN,NaN,NaN,NaN,NaN,NaN,NaN,NaN,NaN,NaN,NaN,NaN,NaN,NaN,
16.929,-0.02060,-0.01179,0.12256,-0.36919,-0.34891,-0.10385,0.85509,NaN,NaN,NaN,NaN,NaN,NaN,NaN,NaN,NaN,NaN,NaN,NaN,NaN,NaN,NaN,NaN,NaN,NaN,NaN,NaN,NaN,
16.954,-0.02060,-0.01199,0.12264,-0.36602,-0.34794,-0.10925,0.85617,NaN,NaN,NaN,NaN,NaN,NaN,NaN,NaN,NaN,NaN,NaN,NaN,NaN,NaN,NaN,NaN,NaN,NaN,NaN,NaN,NaN,
16.979,-0.02065,-0.01215,0.12283,-0.36230,-0.34686,-0.11545,0.85738,NaN,NaN,NaN,NaN,NaN,NaN,NaN,NaN,NaN,NaN,NaN,NaN,NaN,NaN,NaN,NaN,NaN,NaN,NaN,NaN,NaN,
17.004,-0.02070,-0.01249,0.12302,-0.35762,-0.34570,-0.12296,0.85877,NaN,NaN,NaN,NaN,NaN,NaN,NaN,NaN,NaN,NaN,NaN,NaN,NaN,NaN,NaN,NaN,NaN,NaN,NaN,NaN,NaN,
17.029,-0.02071,-0.01304,0.12307,-0.34971,-0.34562,-0.13321,0.86053,NaN,NaN,NaN,NaN,NaN,NaN,NaN,NaN,NaN,NaN,NaN,NaN,NaN,NaN,NaN,NaN,NaN,NaN,NaN,NaN,NaN,
17.054,-0.02022,-0.01369,0.12347,-0.34559,-0.34017,-0.14485,0.86248,NaN,NaN,NaN,NaN,NaN,NaN,NaN,NaN,NaN,NaN,NaN,NaN,NaN,NaN,NaN,NaN,NaN,NaN,NaN,NaN,NaN,
17.079,-0.01978,-0.01455,0.12364,-0.33935,-0.33448,-0.15921,0.86465,NaN,NaN,NaN,NaN,NaN,NaN,NaN,NaN,NaN,NaN,NaN,NaN,NaN,NaN,NaN,NaN,NaN,NaN,NaN,NaN,NaN,
17.104,-0.01925,-0.01520,0.12403,-0.33570,-0.32789,-0.17117,0.86631,NaN,NaN,NaN,NaN,NaN,NaN,NaN,NaN,NaN,NaN,NaN,NaN,NaN,NaN,NaN,NaN,NaN,NaN,NaN,NaN,NaN,
17.129,-0.01893,-0.01580,0.12410,-0.33076,-0.32302,-0.18259,0.86771,NaN,NaN,NaN,NaN,NaN,NaN,NaN,NaN,NaN,NaN,NaN,NaN,NaN,NaN,NaN,NaN,NaN,NaN,NaN,NaN,NaN,
17.154,-0.01842,-0.01643,0.12464,-0.32844,-0.31560,-0.19354,0.86895,NaN,NaN,NaN,NaN,NaN,NaN,NaN,NaN,NaN,NaN,NaN,NaN,NaN,NaN,NaN,NaN,NaN,NaN,NaN,NaN,NaN,
17.179,-0.01778,-0.01701,0.12491,-0.32621,-0.30861,-0.20375,0.86996,NaN,NaN,NaN,NaN,NaN,NaN,NaN,NaN,NaN,NaN,NaN,NaN,NaN,NaN,NaN,NaN,NaN,NaN,NaN,NaN,NaN,
17.204,-0.01724,-0.01767,0.12523,-0.32343,-0.30144,-0.21464,0.87090,NaN,NaN,NaN,NaN,NaN,NaN,NaN,NaN,NaN,NaN,NaN,NaN,NaN,NaN,NaN,NaN,NaN,NaN,NaN,NaN,NaN,
17.229,-0.01658,-0.01824,0.12543,-0.32187,-0.29435,-0.22389,0.87157,NaN,NaN,NaN,NaN,NaN,NaN,NaN,NaN,NaN,NaN,NaN,NaN,NaN,NaN,NaN,NaN,NaN,NaN,NaN,NaN,NaN,
17.254,-0.01604,-0.01884,0.12570,-0.32014,-0.28815,-0.23230,0.87208,NaN,NaN,NaN,NaN,NaN,NaN,NaN,NaN,NaN,NaN,NaN,NaN,NaN,NaN,NaN,NaN,NaN,NaN,NaN,NaN,NaN,
17.279,-0.01553,-0.01932,0.12582,-0.31799,-0.28373,-0.23927,0.87243,NaN,NaN,NaN,NaN,NaN,NaN,NaN,NaN,NaN,NaN,NaN,NaN,NaN,NaN,NaN,NaN,NaN,NaN,NaN,NaN,NaN,
17.304,-0.01498,-0.01990,0.12614,-0.31570,-0.27941,-0.24621,0.87272,NaN,NaN,NaN,NaN,NaN,NaN,NaN,NaN,NaN,NaN,NaN,NaN,NaN,NaN,NaN,NaN,NaN,NaN,NaN,NaN,NaN,
17.329,-0.01456,-0.02026,0.12641,-0.31483,-0.27446,-0.25217,0.87291,NaN,NaN,NaN,NaN,NaN,NaN,NaN,NaN,NaN,NaN,NaN,NaN,NaN,NaN,NaN,NaN,NaN,NaN,NaN,NaN,NaN,
17.354,-0.01413,-0.02065,0.12669,-0.31354,-0.27032,-0.25773,0.87304,NaN,NaN,NaN,NaN,NaN,NaN,NaN,NaN,NaN,NaN,NaN,NaN,NaN,NaN,NaN,NaN,NaN,NaN,NaN,NaN,NaN,
17.379,-0.01374,-0.02108,0.12686,-0.31103,-0.26673,-0.26402,0.87316,NaN,NaN,NaN,NaN,NaN,NaN,NaN,NaN,NaN,NaN,NaN,NaN,NaN,NaN,NaN,NaN,NaN,NaN,NaN,NaN,NaN,
17.404,-0.01307,-0.02150,0.12738,-0.31167,-0.25899,-0.27091,0.87315,NaN,NaN,NaN,NaN,NaN,NaN,NaN,NaN,NaN,NaN,NaN,NaN,NaN,NaN,NaN,NaN,NaN,NaN,NaN,NaN,NaN,
17.429,-0.01230,-0.02188,0.12756,-0.31176,-0.25319,-0.27642,0.87309,NaN,NaN,NaN,NaN,NaN,NaN,NaN,NaN,NaN,NaN,NaN,NaN,NaN,NaN,NaN,NaN,NaN,NaN,NaN,NaN,NaN,
17.454,-0.01185,-0.02219,0.12783,-0.31095,-0.24965,-0.28070,0.87304,NaN,NaN,NaN,NaN,NaN,NaN,NaN,NaN,NaN,NaN,NaN,NaN,NaN,NaN,NaN,NaN,NaN,NaN,NaN,NaN,NaN,
17.479,-0.01153,-0.02249,0.12811,-0.31068,-0.24668,-0.28383,0.87297,NaN,NaN,NaN,NaN,NaN,NaN,NaN,NaN,NaN,NaN,NaN,NaN,NaN,NaN,NaN,NaN,NaN,NaN,NaN,NaN,NaN,
17.504,-0.01131,-0.02277,0.12827,-0.30928,-0.24515,-0.28677,0.87293,NaN,NaN,NaN,NaN,NaN,NaN,NaN,NaN,NaN,NaN,NaN,NaN,NaN,NaN,NaN,NaN,NaN,NaN,NaN,NaN,NaN,
17.529,-0.01107,-0.02300,0.12849,-0.30893,-0.24281,-0.28936,0.87286,NaN,NaN,NaN,NaN,NaN,NaN,NaN,NaN,NaN,NaN,NaN,NaN,NaN,NaN,NaN,NaN,NaN,NaN,NaN,NaN,NaN,
17.554,-0.01077,-0.02315,0.12871,-0.30966,-0.23886,-0.29230,0.87271,NaN,NaN,NaN,NaN,NaN,NaN,NaN,NaN,NaN,NaN,NaN,NaN,NaN,NaN,NaN,NaN,NaN,NaN,NaN,NaN,NaN,
17.579,-0.01044,-0.02326,0.12894,-0.31099,-0.23415,-0.29528,0.87251,NaN,NaN,NaN,NaN,NaN,NaN,NaN,NaN,NaN,NaN,NaN,NaN,NaN,NaN,NaN,NaN,NaN,NaN,NaN,NaN,NaN,
17.604,-0.00997,-0.02338,0.12918,-0.31173,-0.23040,-0.29797,0.87232,NaN,NaN,NaN,NaN,NaN,NaN,NaN,NaN,NaN,NaN,NaN,NaN,NaN,NaN,NaN,NaN,NaN,NaN,NaN,NaN,NaN,
17.629,-0.00979,-0.02346,0.12920,-0.31167,-0.22881,-0.29951,0.87224,NaN,NaN,NaN,NaN,NaN,NaN,NaN,NaN,NaN,NaN,NaN,NaN,NaN,NaN,NaN,NaN,NaN,NaN,NaN,NaN,NaN,
17.654,-0.00969,-0.02355,0.12932,-0.31168,-0.22774,-0.30049,0.87218,NaN,NaN,NaN,NaN,NaN,NaN,NaN,NaN,NaN,NaN,NaN,NaN,NaN,NaN,NaN,NaN,NaN,NaN,NaN,NaN,NaN,
17.679,-0.00962,-0.02357,0.12930,-0.31197,-0.22670,-0.30114,0.87212,NaN,NaN,NaN,NaN,NaN,NaN,NaN,NaN,NaN,NaN,NaN,NaN,NaN,NaN,NaN,NaN,NaN,NaN,NaN,NaN,NaN,
17.704,-0.00946,-0.02360,0.12930,-0.31346,-0.22407,-0.30198,0.87198,NaN,NaN,NaN,NaN,NaN,NaN,NaN,NaN,NaN,NaN,NaN,NaN,NaN,NaN,NaN,NaN,NaN,NaN,NaN,NaN,NaN,
17.729,-0.00913,-0.02364,0.12940,-0.31515,-0.22063,-0.30333,0.87177,NaN,NaN,NaN,NaN,NaN,NaN,NaN,NaN,NaN,NaN,NaN,NaN,NaN,NaN,NaN,NaN,NaN,NaN,NaN,NaN,NaN,
17.754,-0.00891,-0.02368,0.12942,-0.31626,-0.21789,-0.30466,0.87160,NaN,NaN,NaN,NaN,NaN,NaN,NaN,NaN,NaN,NaN,NaN,NaN,NaN,NaN,NaN,NaN,NaN,NaN,NaN,NaN,NaN,
17.779,-0.00875,-0.02366,0.12949,-0.31726,-0.21558,-0.30570,0.87145,NaN,NaN,NaN,NaN,NaN,NaN,NaN,NaN,NaN,NaN,NaN,NaN,NaN,NaN,NaN,NaN,NaN,NaN,NaN,NaN,NaN,
17.804,-0.00859,-0.02366,0.12953,-0.31813,-0.21369,-0.30648,0.87132,NaN,NaN,NaN,NaN,NaN,NaN,NaN,NaN,NaN,NaN,NaN,NaN,NaN,NaN,NaN,NaN,NaN,NaN,NaN,NaN,NaN,
17.829,-0.00842,-0.02368,0.12947,-0.31915,-0.21162,-0.30728,0.87117,NaN,NaN,NaN,NaN,NaN,NaN,NaN,NaN,NaN,NaN,NaN,NaN,NaN,NaN,NaN,NaN,NaN,NaN,NaN,NaN,NaN,
17.854,-0.00806,-0.02369,0.12947,-0.32126,-0.20796,-0.30834,0.87090,NaN,NaN,NaN,NaN,NaN,NaN,NaN,NaN,NaN,NaN,NaN,NaN,NaN,NaN,NaN,NaN,NaN,NaN,NaN,NaN,NaN,
17.879,-0.00764,-0.02373,0.12943,-0.32319,-0.20428,-0.30960,0.87061,NaN,NaN,NaN,NaN,NaN,NaN,NaN,NaN,NaN,NaN,NaN,NaN,NaN,NaN,NaN,NaN,NaN,NaN,NaN,NaN,NaN,
17.904,-0.00731,-0.02373,0.12935,-0.32476,-0.20067,-0.31115,0.87031,NaN,NaN,NaN,NaN,NaN,NaN,NaN,NaN,NaN,NaN,NaN,NaN,NaN,NaN,NaN,NaN,NaN,NaN,NaN,NaN,NaN,
17.929,-0.00686,-0.02366,0.12929,-0.32759,-0.19648,-0.31187,0.86995,NaN,NaN,NaN,NaN,NaN,NaN,NaN,NaN,NaN,NaN,NaN,NaN,NaN,NaN,NaN,NaN,NaN,NaN,NaN,NaN,NaN,
17.954,-0.00659,-0.02362,0.12912,-0.32950,-0.19340,-0.31257,0.86967,NaN,NaN,NaN,NaN,NaN,NaN,NaN,NaN,NaN,NaN,NaN,NaN,NaN,NaN,NaN,NaN,NaN,NaN,NaN,NaN,NaN,
17.979,-0.00621,-0.02355,0.12894,-0.33228,-0.18975,-0.31282,0.86933,NaN,NaN,NaN,NaN,NaN,NaN,NaN,NaN,NaN,NaN,NaN,NaN,NaN,NaN,NaN,NaN,NaN,NaN,NaN,NaN,NaN,
18.004,-0.00590,-0.02346,0.12881,-0.33472,-0.18638,-0.31318,0.86899,NaN,NaN,NaN,NaN,NaN,NaN,NaN,NaN,NaN,NaN,NaN,NaN,NaN,NaN,NaN,NaN,NaN,NaN,NaN,NaN,NaN,
18.029,-0.00564,-0.02340,0.12876,-0.33649,-0.18356,-0.31376,0.86870,NaN,NaN,NaN,NaN,NaN,NaN,NaN,NaN,NaN,NaN,NaN,NaN,NaN,NaN,NaN,NaN,NaN,NaN,NaN,NaN,NaN,
18.054,-0.00538,-0.02332,0.12865,-0.33857,-0.18068,-0.31406,0.86839,NaN,NaN,NaN,NaN,NaN,NaN,NaN,NaN,NaN,NaN,NaN,NaN,NaN,NaN,NaN,NaN,NaN,NaN,NaN,NaN,NaN,
18.079,-0.00510,-0.02329,0.12857,-0.34049,-0.17761,-0.31468,0.86805,NaN,NaN,NaN,NaN,NaN,NaN,NaN,NaN,NaN,NaN,NaN,NaN,NaN,NaN,NaN,NaN,NaN,NaN,NaN,NaN,NaN,
18.104,-0.00480,-0.02328,0.12848,-0.34232,-0.17461,-0.31531,0.86770,NaN,NaN,NaN,NaN,NaN,NaN,NaN,NaN,NaN,NaN,NaN,NaN,NaN,NaN,NaN,NaN,NaN,NaN,NaN,NaN,NaN,
18.129,-0.00453,-0.02323,0.12843,-0.34432,-0.17132,-0.31600,0.86731,NaN,NaN,NaN,NaN,NaN,NaN,NaN,NaN,NaN,NaN,NaN,NaN,NaN,NaN,NaN,NaN,NaN,NaN,NaN,NaN,NaN,
18.154,-0.00430,-0.02318,0.12835,-0.34617,-0.16837,-0.31656,0.86695,NaN,NaN,NaN,NaN,NaN,NaN,NaN,NaN,NaN,NaN,NaN,NaN,NaN,NaN,NaN,NaN,NaN,NaN,NaN,NaN,NaN,
18.179,-0.00409,-0.02309,0.12824,-0.34801,-0.16554,-0.31702,0.86660,NaN,NaN,NaN,NaN,NaN,NaN,NaN,NaN,NaN,NaN,NaN,NaN,NaN,NaN,NaN,NaN,NaN,NaN,NaN,NaN,NaN,
18.204,-0.00375,-0.02306,0.12819,-0.35028,-0.16202,-0.31758,0.86614,NaN,NaN,NaN,NaN,NaN,NaN,NaN,NaN,NaN,NaN,NaN,NaN,NaN,NaN,NaN,NaN,NaN,NaN,NaN,NaN,NaN,
18.229,-0.00342,-0.02304,0.12810,-0.35230,-0.15897,-0.31801,0.86573,NaN,NaN,NaN,NaN,NaN,NaN,NaN,NaN,NaN,NaN,NaN,NaN,NaN,NaN,NaN,NaN,NaN,NaN,NaN,NaN,NaN,
18.254,-0.00323,-0.02297,0.12805,-0.35405,-0.15625,-0.31843,0.86536,NaN,NaN,NaN,NaN,NaN,NaN,NaN,NaN,NaN,NaN,NaN,NaN,NaN,NaN,NaN,NaN,NaN,NaN,NaN,NaN,NaN,
18.279,-0.00299,-0.02288,0.12795,-0.35632,-0.15294,-0.31877,0.86489,NaN,NaN,NaN,NaN,NaN,NaN,NaN,NaN,NaN,NaN,NaN,NaN,NaN,NaN,NaN,NaN,NaN,NaN,NaN,NaN,NaN,
18.304,-0.00265,-0.02284,0.12797,-0.35807,-0.14938,-0.31988,0.86438,NaN,NaN,NaN,NaN,NaN,NaN,NaN,NaN,NaN,NaN,NaN,NaN,NaN,NaN,NaN,NaN,NaN,NaN,NaN,NaN,NaN,
18.329,-0.00243,-0.02279,0.12795,-0.35971,-0.14665,-0.32040,0.86397,NaN,NaN,NaN,NaN,NaN,NaN,NaN,NaN,NaN,NaN,NaN,NaN,NaN,NaN,NaN,NaN,NaN,NaN,NaN,NaN,NaN,
18.354,-0.00224,-0.02282,0.12799,-0.36075,-0.14446,-0.32111,0.86364,NaN,NaN,NaN,NaN,NaN,NaN,NaN,NaN,NaN,NaN,NaN,NaN,NaN,NaN,NaN,NaN,NaN,NaN,NaN,NaN,NaN,
18.379,-0.00205,-0.02284,0.12796,-0.36193,-0.14272,-0.32129,0.86337,NaN,NaN,NaN,NaN,NaN,NaN,NaN,NaN,NaN,NaN,NaN,NaN,NaN,NaN,NaN,NaN,NaN,NaN,NaN,NaN,NaN,
18.404,-0.00191,-0.02281,0.12800,-0.36282,-0.14129,-0.32152,0.86315,NaN,NaN,NaN,NaN,NaN,NaN,NaN,NaN,NaN,NaN,NaN,NaN,NaN,NaN,NaN,NaN,NaN,NaN,NaN,NaN,NaN,
18.429,-0.00181,-0.02277,0.12798,-0.36413,-0.13947,-0.32161,0.86286,NaN,NaN,NaN,NaN,NaN,NaN,NaN,NaN,NaN,NaN,NaN,NaN,NaN,NaN,NaN,NaN,NaN,NaN,NaN,NaN,NaN,
18.454,-0.00157,-0.02265,0.12804,-0.36681,-0.13566,-0.32187,0.86224,NaN,NaN,NaN,NaN,NaN,NaN,NaN,NaN,NaN,NaN,NaN,NaN,NaN,NaN,NaN,NaN,NaN,NaN,NaN,NaN,NaN,
18.479,-0.00108,-0.02255,0.12808,-0.36981,-0.13078,-0.32263,0.86142,NaN,NaN,NaN,NaN,NaN,NaN,NaN,NaN,NaN,NaN,NaN,NaN,NaN,NaN,NaN,NaN,NaN,NaN,NaN,NaN,NaN,
18.504,-0.00075,-0.02255,0.12811,-0.37196,-0.12680,-0.32356,0.86074,NaN,NaN,NaN,NaN,NaN,NaN,NaN,NaN,NaN,NaN,NaN,NaN,NaN,NaN,NaN,NaN,NaN,NaN,NaN,NaN,NaN,
18.529,-0.00040,-0.02246,0.12814,-0.37476,-0.12290,-0.32370,0.86004,NaN,NaN,NaN,NaN,NaN,NaN,NaN,NaN,NaN,NaN,NaN,NaN,NaN,NaN,NaN,NaN,NaN,NaN,NaN,NaN,NaN,
18.554,-0.00008,-0.02239,0.12818,-0.37712,-0.11930,-0.32405,0.85938,NaN,NaN,NaN,NaN,NaN,NaN,NaN,NaN,NaN,NaN,NaN,NaN,NaN,NaN,NaN,NaN,NaN,NaN,NaN,NaN,NaN,
18.579,0.00008,-0.02232,0.12816,-0.37926,-0.11631,-0.32413,0.85882,NaN,NaN,NaN,NaN,NaN,NaN,NaN,NaN,NaN,NaN,NaN,NaN,NaN,NaN,NaN,NaN,NaN,NaN,NaN,NaN,NaN,
18.604,0.00039,-0.02224,0.12825,-0.38150,-0.11278,-0.32453,0.85815,NaN,NaN,NaN,NaN,NaN,NaN,NaN,NaN,NaN,NaN,NaN,NaN,NaN,NaN,NaN,NaN,NaN,NaN,NaN,NaN,NaN,
18.629,0.00070,-0.02215,0.12826,-0.38449,-0.10881,-0.32444,0.85736,NaN,NaN,NaN,NaN,NaN,NaN,NaN,NaN,NaN,NaN,NaN,NaN,NaN,NaN,NaN,NaN,NaN,NaN,NaN,NaN,NaN,
18.654,0.00111,-0.02202,0.12831,-0.38760,-0.10408,-0.32481,0.85641,NaN,NaN,NaN,NaN,NaN,NaN,NaN,NaN,NaN,NaN,NaN,NaN,NaN,NaN,NaN,NaN,NaN,NaN,NaN,NaN,NaN,
18.679,0.00149,-0.02192,0.12838,-0.39038,-0.09954,-0.32536,0.85547,NaN,NaN,NaN,NaN,NaN,NaN,NaN,NaN,NaN,NaN,NaN,NaN,NaN,NaN,NaN,NaN,NaN,NaN,NaN,NaN,NaN,
18.704,0.00181,-0.02177,0.12841,-0.39341,-0.09558,-0.32516,0.85461,NaN,NaN,NaN,NaN,NaN,NaN,NaN,NaN,NaN,NaN,NaN,NaN,NaN,NaN,NaN,NaN,NaN,NaN,NaN,NaN,NaN,
18.729,0.00213,-0.02169,0.12842,-0.39606,-0.09182,-0.32519,0.85379,NaN,NaN,NaN,NaN,NaN,NaN,NaN,NaN,NaN,NaN,NaN,NaN,NaN,NaN,NaN,NaN,NaN,NaN,NaN,NaN,NaN,
18.754,0.00245,-0.02161,0.12845,-0.39844,-0.08834,-0.32529,0.85301,NaN,NaN,NaN,NaN,NaN,NaN,NaN,NaN,NaN,NaN,NaN,NaN,NaN,NaN,NaN,NaN,NaN,NaN,NaN,NaN,NaN,
18.779,0.00264,-0.02150,0.12851,-0.40068,-0.08541,-0.32510,0.85233,NaN,NaN,NaN,NaN,NaN,NaN,NaN,NaN,NaN,NaN,NaN,NaN,NaN,NaN,NaN,NaN,NaN,NaN,NaN,NaN,NaN,
18.804,0.00294,-0.02135,0.12855,-0.40371,-0.08153,-0.32475,0.85142,NaN,NaN,NaN,NaN,NaN,NaN,NaN,NaN,NaN,NaN,NaN,NaN,NaN,NaN,NaN,NaN,NaN,NaN,NaN,NaN,NaN,
18.829,0.00333,-0.02121,0.12856,-0.40711,-0.07686,-0.32459,0.85029,NaN,NaN,NaN,NaN,NaN,NaN,NaN,NaN,NaN,NaN,NaN,NaN,NaN,NaN,NaN,NaN,NaN,NaN,NaN,NaN,NaN,
18.854,0.00375,-0.02111,0.12867,-0.41021,-0.07225,-0.32468,0.84917,NaN,NaN,NaN,NaN,NaN,NaN,NaN,NaN,NaN,NaN,NaN,NaN,NaN,NaN,NaN,NaN,NaN,NaN,NaN,NaN,NaN,
18.879,0.00401,-0.02092,0.12864,-0.41300,-0.06859,-0.32437,0.84824,NaN,NaN,NaN,NaN,NaN,NaN,NaN,NaN,NaN,NaN,NaN,NaN,NaN,NaN,NaN,NaN,NaN,NaN,NaN,NaN,NaN,
18.904,0.00440,-0.02072,0.12866,-0.41619,-0.06420,-0.32414,0.84711,NaN,NaN,NaN,NaN,NaN,NaN,NaN,NaN,NaN,NaN,NaN,NaN,NaN,NaN,NaN,NaN,NaN,NaN,NaN,NaN,NaN,
18.929,0.00471,-0.02062,0.12875,-0.41899,-0.06027,-0.32399,0.84608,NaN,NaN,NaN,NaN,NaN,NaN,NaN,NaN,NaN,NaN,NaN,NaN,NaN,NaN,NaN,NaN,NaN,NaN,NaN,NaN,NaN,
18.954,0.00503,-0.02045,0.12882,-0.42272,-0.05587,-0.32310,0.84486,NaN,NaN,NaN,NaN,NaN,NaN,NaN,NaN,NaN,NaN,NaN,NaN,NaN,NaN,NaN,NaN,NaN,NaN,NaN,NaN,NaN,
18.979,0.00549,-0.02021,0.12882,-0.42608,-0.05097,-0.32299,0.84353,NaN,NaN,NaN,NaN,NaN,NaN,NaN,NaN,NaN,NaN,NaN,NaN,NaN,NaN,NaN,NaN,NaN,NaN,NaN,NaN,NaN,
19.004,0.00569,-0.02019,0.12886,-0.42785,-0.04773,-0.32341,0.84266,NaN,NaN,NaN,NaN,NaN,NaN,NaN,NaN,NaN,NaN,NaN,NaN,NaN,NaN,NaN,NaN,NaN,NaN,NaN,NaN,NaN,
19.029,0.00593,-0.02030,0.12912,-0.42644,-0.04711,-0.32548,0.84261,NaN,NaN,NaN,NaN,NaN,NaN,NaN,NaN,NaN,NaN,NaN,NaN,NaN,NaN,NaN,NaN,NaN,NaN,NaN,NaN,NaN,
19.054,0.00605,-0.02014,0.12889,-0.42509,-0.05016,-0.32472,0.84341,NaN,NaN,NaN,NaN,NaN,NaN,NaN,NaN,NaN,NaN,NaN,NaN,NaN,NaN,NaN,NaN,NaN,NaN,NaN,NaN,NaN,
19.079,0.00613,-0.02012,0.12896,-0.42426,-0.05091,-0.32509,0.84364,NaN,NaN,NaN,NaN,NaN,NaN,NaN,NaN,NaN,NaN,NaN,NaN,NaN,NaN,NaN,NaN,NaN,NaN,NaN,NaN,NaN,
19.104,0.00622,-0.02009,0.12921,-0.42395,-0.05079,-0.32555,0.84363,NaN,NaN,NaN,NaN,NaN,NaN,NaN,NaN,NaN,NaN,NaN,NaN,NaN,NaN,NaN,NaN,NaN,NaN,NaN,NaN,NaN,
19.129,0.00628,-0.02000,0.12938,-0.42472,-0.05042,-0.32494,0.84349,NaN,NaN,NaN,NaN,NaN,NaN,NaN,NaN,NaN,NaN,NaN,NaN,NaN,NaN,NaN,NaN,NaN,NaN,NaN,NaN,NaN,
19.154,0.00636,-0.01990,0.12942,-0.42670,-0.04926,-0.32356,0.84309,NaN,NaN,NaN,NaN,NaN,NaN,NaN,NaN,NaN,NaN,NaN,NaN,NaN,NaN,NaN,NaN,NaN,NaN,NaN,NaN,NaN,
19.179,0.00659,-0.01975,0.12942,-0.42873,-0.04613,-0.32362,0.84222,NaN,NaN,NaN,NaN,NaN,NaN,NaN,NaN,NaN,NaN,NaN,NaN,NaN,NaN,NaN,NaN,NaN,NaN,NaN,NaN,NaN,
19.204,0.00727,-0.01960,0.12950,-0.43243,-0.03933,-0.32446,0.84034,NaN,NaN,NaN,NaN,NaN,NaN,NaN,NaN,NaN,NaN,NaN,NaN,NaN,NaN,NaN,NaN,NaN,NaN,NaN,NaN,NaN,
19.229,0.00759,-0.01945,0.12960,-0.43476,-0.03526,-0.32482,0.83919,NaN,NaN,NaN,NaN,NaN,NaN,NaN,NaN,NaN,NaN,NaN,NaN,NaN,NaN,NaN,NaN,NaN,NaN,NaN,NaN,NaN,
19.254,0.00771,-0.01936,0.12976,-0.43652,-0.03291,-0.32454,0.83848,NaN,NaN,NaN,NaN,NaN,NaN,NaN,NaN,NaN,NaN,NaN,NaN,NaN,NaN,NaN,NaN,NaN,NaN,NaN,NaN,NaN,
19.279,0.00792,-0.01921,0.12982,-0.43829,-0.03066,-0.32416,0.83778,NaN,NaN,NaN,NaN,NaN,NaN,NaN,NaN,NaN,NaN,NaN,NaN,NaN,NaN,NaN,NaN,NaN,NaN,NaN,NaN,NaN,
19.304,0.00822,-0.01914,0.12990,-0.44009,-0.02760,-0.32434,0.83687,NaN,NaN,NaN,NaN,NaN,NaN,NaN,NaN,NaN,NaN,NaN,NaN,NaN,NaN,NaN,NaN,NaN,NaN,NaN,NaN,NaN,
19.329,0.00840,-0.01906,0.12993,-0.44121,-0.02606,-0.32418,0.83640,NaN,NaN,NaN,NaN,NaN,NaN,NaN,NaN,NaN,NaN,NaN,NaN,NaN,NaN,NaN,NaN,NaN,NaN,NaN,NaN,NaN,
19.354,0.00844,-0.01900,0.12996,-0.44085,-0.02634,-0.32439,0.83650,NaN,NaN,NaN,NaN,NaN,NaN,NaN,NaN,NaN,NaN,NaN,NaN,NaN,NaN,NaN,NaN,NaN,NaN,NaN,NaN,NaN,
19.379,0.00845,-0.01891,0.13003,-0.44113,-0.02641,-0.32402,0.83649,NaN,NaN,NaN,NaN,NaN,NaN,NaN,NaN,NaN,NaN,NaN,NaN,NaN,NaN,NaN,NaN,NaN,NaN,NaN,NaN,NaN,
19.404,0.00850,-0.01886,0.13009,-0.44152,-0.02641,-0.32357,0.83646,NaN,NaN,NaN,NaN,NaN,NaN,NaN,NaN,NaN,NaN,NaN,NaN,NaN,NaN,NaN,NaN,NaN,NaN,NaN,NaN,NaN,
19.429,0.00850,-0.01881,0.13006,-0.44164,-0.02697,-0.32303,0.83659,NaN,NaN,NaN,NaN,NaN,NaN,NaN,NaN,NaN,NaN,NaN,NaN,NaN,NaN,NaN,NaN,NaN,NaN,NaN,NaN,NaN,
19.454,0.00860,-0.01878,0.13013,-0.44248,-0.02543,-0.32318,0.83613,NaN,NaN,NaN,NaN,NaN,NaN,NaN,NaN,NaN,NaN,NaN,NaN,NaN,NaN,NaN,NaN,NaN,NaN,NaN,NaN,NaN,
19.479,0.00901,-0.01856,0.13007,-0.44545,-0.02134,-0.32274,0.83484,NaN,NaN,NaN,NaN,NaN,NaN,NaN,NaN,NaN,NaN,NaN,NaN,NaN,NaN,NaN,NaN,NaN,NaN,NaN,NaN,NaN,
19.504,0.00944,-0.01831,0.13008,-0.44837,-0.01687,-0.32261,0.83343,NaN,NaN,NaN,NaN,NaN,NaN,NaN,NaN,NaN,NaN,NaN,NaN,NaN,NaN,NaN,NaN,NaN,NaN,NaN,NaN,NaN,
19.529,0.00954,-0.01821,0.13019,-0.44944,-0.01491,-0.32279,0.83282,NaN,NaN,NaN,NaN,NaN,NaN,NaN,NaN,NaN,NaN,NaN,NaN,NaN,NaN,NaN,NaN,NaN,NaN,NaN,NaN,NaN,
19.554,0.00954,-0.01821,0.13019,-0.44944,-0.01491,-0.32279,0.83282,NaN,NaN,NaN,NaN,NaN,NaN,NaN,NaN,NaN,NaN,NaN,NaN,NaN,NaN,NaN,NaN,NaN,NaN,NaN,NaN,NaN,
19.579,0.00987,-0.01793,0.13023,-0.45241,-0.01115,-0.32206,0.83156,NaN,NaN,NaN,NaN,NaN,NaN,NaN,NaN,NaN,NaN,NaN,NaN,NaN,NaN,NaN,NaN,NaN,NaN,NaN,NaN,NaN,
19.604,0.01007,-0.01780,0.13022,-0.45437,-0.00856,-0.32163,0.83068,NaN,NaN,NaN,NaN,NaN,NaN,NaN,NaN,NaN,NaN,NaN,NaN,NaN,NaN,NaN,NaN,NaN,NaN,NaN,NaN,NaN,
19.629,0.01022,-0.01772,0.13025,-0.45614,-0.00607,-0.32135,0.82984,NaN,NaN,NaN,NaN,NaN,NaN,NaN,NaN,NaN,NaN,NaN,NaN,NaN,NaN,NaN,NaN,NaN,NaN,NaN,NaN,NaN,
19.654,0.01038,-0.01758,0.13025,-0.45801,-0.00378,-0.32079,0.82904,NaN,NaN,NaN,NaN,NaN,NaN,NaN,NaN,NaN,NaN,NaN,NaN,NaN,NaN,NaN,NaN,NaN,NaN,NaN,NaN,NaN,
19.679,0.01051,-0.01747,0.13024,-0.45933,-0.00201,-0.32052,0.82842,NaN,NaN,NaN,NaN,NaN,NaN,NaN,NaN,NaN,NaN,NaN,NaN,NaN,NaN,NaN,NaN,NaN,NaN,NaN,NaN,NaN,
19.704,0.01063,-0.01733,0.13018,-0.46046,-0.00068,-0.32014,0.82794,NaN,NaN,NaN,NaN,NaN,NaN,NaN,NaN,NaN,NaN,NaN,NaN,NaN,NaN,NaN,NaN,NaN,NaN,NaN,NaN,NaN,
19.729,0.01075,-0.01712,0.13014,-0.46199,0.00109,-0.31960,0.82729,NaN,NaN,NaN,NaN,NaN,NaN,NaN,NaN,NaN,NaN,NaN,NaN,NaN,NaN,NaN,NaN,NaN,NaN,NaN,NaN,NaN,
19.754,0.01085,-0.01705,0.13006,-0.46291,0.00245,-0.31948,0.82682,NaN,NaN,NaN,NaN,NaN,NaN,NaN,NaN,NaN,NaN,NaN,NaN,NaN,NaN,NaN,NaN,NaN,NaN,NaN,NaN,NaN,
19.779,0.01095,-0.01699,0.13002,-0.46377,0.00351,-0.31923,0.82644,NaN,NaN,NaN,NaN,NaN,NaN,NaN,NaN,NaN,NaN,NaN,NaN,NaN,NaN,NaN,NaN,NaN,NaN,NaN,NaN,NaN,
19.804,0.01098,-0.01676,0.12993,-0.46546,0.00458,-0.31799,0.82596,NaN,NaN,NaN,NaN,NaN,NaN,NaN,NaN,NaN,NaN,NaN,NaN,NaN,NaN,NaN,NaN,NaN,NaN,NaN,NaN,NaN,
19.829,0.01116,-0.01668,0.12987,-0.46636,0.00610,-0.31800,0.82543,NaN,NaN,NaN,NaN,NaN,NaN,NaN,NaN,NaN,NaN,NaN,NaN,NaN,NaN,NaN,NaN,NaN,NaN,NaN,NaN,NaN,
19.854,0.01119,-0.01664,0.12978,-0.46689,0.00693,-0.31797,0.82515,NaN,NaN,NaN,NaN,NaN,NaN,NaN,NaN,NaN,NaN,NaN,NaN,NaN,NaN,NaN,NaN,NaN,NaN,NaN,NaN,NaN,
19.879,0.01128,-0.01658,0.12975,-0.46767,0.00799,-0.31779,0.82476,NaN,NaN,NaN,NaN,NaN,NaN,NaN,NaN,NaN,NaN,NaN,NaN,NaN,NaN,NaN,NaN,NaN,NaN,NaN,NaN,NaN,
19.904,0.01131,-0.01647,0.12976,-0.46888,0.00919,-0.31720,0.82429,NaN,NaN,NaN,NaN,NaN,NaN,NaN,NaN,NaN,NaN,NaN,NaN,NaN,NaN,NaN,NaN,NaN,NaN,NaN,NaN,NaN,
19.929,0.01146,-0.01624,0.12976,-0.47098,0.01150,-0.31635,0.82339,NaN,NaN,NaN,NaN,NaN,NaN,NaN,NaN,NaN,NaN,NaN,NaN,NaN,NaN,NaN,NaN,NaN,NaN,NaN,NaN,NaN,
19.954,0.01182,-0.01595,0.12961,-0.47329,0.01450,-0.31571,0.82226,NaN,NaN,NaN,NaN,NaN,NaN,NaN,NaN,NaN,NaN,NaN,NaN,NaN,NaN,NaN,NaN,NaN,NaN,NaN,NaN,NaN,
19.979,0.01205,-0.01590,0.12971,-0.47469,0.01702,-0.31580,0.82137,NaN,NaN,NaN,NaN,NaN,NaN,NaN,NaN,NaN,NaN,NaN,NaN,NaN,NaN,NaN,NaN,NaN,NaN,NaN,NaN,NaN,
20.004,0.01203,-0.01576,0.12968,-0.47594,0.01753,-0.31466,0.82107,NaN,NaN,NaN,NaN,NaN,NaN,NaN,NaN,NaN,NaN,NaN,NaN,NaN,NaN,NaN,NaN,NaN,NaN,NaN,NaN,NaN,
20.029,0.01223,-0.01559,0.12970,-0.47704,0.01917,-0.31450,0.82046,NaN,NaN,NaN,NaN,NaN,NaN,NaN,NaN,NaN,NaN,NaN,NaN,NaN,NaN,NaN,NaN,NaN,NaN,NaN,NaN,NaN,
20.054,0.01244,-0.01533,0.12955,-0.47859,0.02088,-0.31384,0.81977,NaN,NaN,NaN,NaN,NaN,NaN,NaN,NaN,NaN,NaN,NaN,NaN,NaN,NaN,NaN,NaN,NaN,NaN,NaN,NaN,NaN,
20.079,0.01263,-0.01530,0.12970,-0.48031,0.02453,-0.31430,0.81848,NaN,NaN,NaN,NaN,NaN,NaN,NaN,NaN,NaN,NaN,NaN,NaN,NaN,NaN,NaN,NaN,NaN,NaN,NaN,NaN,NaN,
20.104,0.01271,-0.01514,0.12967,-0.48148,0.02531,-0.31344,0.81810,NaN,NaN,NaN,NaN,NaN,NaN,NaN,NaN,NaN,NaN,NaN,NaN,NaN,NaN,NaN,NaN,NaN,NaN,NaN,NaN,NaN,
20.129,0.01287,-0.01509,0.12967,-0.48253,0.02692,-0.31329,0.81749,NaN,NaN,NaN,NaN,NaN,NaN,NaN,NaN,NaN,NaN,NaN,NaN,NaN,NaN,NaN,NaN,NaN,NaN,NaN,NaN,NaN,
20.154,0.01289,-0.01499,0.12967,-0.48310,0.02763,-0.31310,0.81720,NaN,NaN,NaN,NaN,NaN,NaN,NaN,NaN,NaN,NaN,NaN,NaN,NaN,NaN,NaN,NaN,NaN,NaN,NaN,NaN,NaN,
20.179,0.01287,-0.01485,0.12967,-0.48436,0.02883,-0.31241,0.81668,NaN,NaN,NaN,NaN,NaN,NaN,NaN,NaN,NaN,NaN,NaN,NaN,NaN,NaN,NaN,NaN,NaN,NaN,NaN,NaN,NaN,
20.204,0.01312,-0.01466,0.12958,-0.48617,0.03050,-0.31138,0.81594,NaN,NaN,NaN,NaN,NaN,NaN,NaN,NaN,NaN,NaN,NaN,NaN,NaN,NaN,NaN,NaN,NaN,NaN,NaN,NaN,NaN,
20.229,0.01321,-0.01464,0.12970,-0.48700,0.03251,-0.31175,0.81522,NaN,NaN,NaN,NaN,NaN,NaN,NaN,NaN,NaN,NaN,NaN,NaN,NaN,NaN,NaN,NaN,NaN,NaN,NaN,NaN,NaN,
20.254,0.01329,-0.01451,0.12964,-0.48825,0.03344,-0.31088,0.81477,NaN,NaN,NaN,NaN,NaN,NaN,NaN,NaN,NaN,NaN,NaN,NaN,NaN,NaN,NaN,NaN,NaN,NaN,NaN,NaN,NaN,
20.279,0.01339,-0.01438,0.12958,-0.48924,0.03433,-0.31030,0.81436,NaN,NaN,NaN,NaN,NaN,NaN,NaN,NaN,NaN,NaN,NaN,NaN,NaN,NaN,NaN,NaN,NaN,NaN,NaN,NaN,NaN,
20.304,0.01341,-0.01431,0.12965,-0.48986,0.03573,-0.31051,0.81385,NaN,NaN,NaN,NaN,NaN,NaN,NaN,NaN,NaN,NaN,NaN,NaN,NaN,NaN,NaN,NaN,NaN,NaN,NaN,NaN,NaN,
20.329,0.01352,-0.01410,0.12969,-0.49137,0.03748,-0.30986,0.81310,NaN,NaN,NaN,NaN,NaN,NaN,NaN,NaN,NaN,NaN,NaN,NaN,NaN,NaN,NaN,NaN,NaN,NaN,NaN,NaN,NaN,
20.354,0.01377,-0.01388,0.12969,-0.49304,0.03926,-0.30906,0.81232,NaN,NaN,NaN,NaN,NaN,NaN,NaN,NaN,NaN,NaN,NaN,NaN,NaN,NaN,NaN,NaN,NaN,NaN,NaN,NaN,NaN,
20.379,0.01385,-0.01384,0.12967,-0.49451,0.04141,-0.30873,0.81144,NaN,NaN,NaN,NaN,NaN,NaN,NaN,NaN,NaN,NaN,NaN,NaN,NaN,NaN,NaN,NaN,NaN,NaN,NaN,NaN,NaN,
20.404,0.01394,-0.01375,0.12963,-0.49515,0.04210,-0.30841,0.81113,NaN,NaN,NaN,NaN,NaN,NaN,NaN,NaN,NaN,NaN,NaN,NaN,NaN,NaN,NaN,NaN,NaN,NaN,NaN,NaN,NaN,
20.429,0.01396,-0.01364,0.12966,-0.49571,0.04257,-0.30805,0.81090,NaN,NaN,NaN,NaN,NaN,NaN,NaN,NaN,NaN,NaN,NaN,NaN,NaN,NaN,NaN,NaN,NaN,NaN,NaN,NaN,NaN,
20.454,0.01402,-0.01358,0.12962,-0.49646,0.04335,-0.30767,0.81055,NaN,NaN,NaN,NaN,NaN,NaN,NaN,NaN,NaN,NaN,NaN,NaN,NaN,NaN,NaN,NaN,NaN,NaN,NaN,NaN,NaN,
20.479,0.01404,-0.01353,0.12966,-0.49729,0.04451,-0.30743,0.81007,NaN,NaN,NaN,NaN,NaN,NaN,NaN,NaN,NaN,NaN,NaN,NaN,NaN,NaN,NaN,NaN,NaN,NaN,NaN,NaN,NaN,
20.504,0.01402,-0.01347,0.12969,-0.49785,0.04498,-0.30707,0.80983,NaN,NaN,NaN,NaN,NaN,NaN,NaN,NaN,NaN,NaN,NaN,NaN,NaN,NaN,NaN,NaN,NaN,NaN,NaN,NaN,NaN,
20.529,0.01404,-0.01339,0.12969,-0.49843,0.04528,-0.30656,0.80965,NaN,NaN,NaN,NaN,NaN,NaN,NaN,NaN,NaN,NaN,NaN,NaN,NaN,NaN,NaN,NaN,NaN,NaN,NaN,NaN,NaN,
20.554,0.01411,-0.01338,0.12975,-0.49848,0.04591,-0.30693,0.80945,NaN,NaN,NaN,NaN,NaN,NaN,NaN,NaN,NaN,NaN,NaN,NaN,NaN,NaN,NaN,NaN,NaN,NaN,NaN,NaN,NaN,
20.579,0.01423,-0.01320,0.12967,-0.49910,0.04656,-0.30661,0.80915,NaN,NaN,NaN,NaN,NaN,NaN,NaN,NaN,NaN,NaN,NaN,NaN,NaN,NaN,NaN,NaN,NaN,NaN,NaN,NaN,NaN,
20.604,0.01438,-0.01318,0.12967,-0.49982,0.04772,-0.30650,0.80868,NaN,NaN,NaN,NaN,NaN,NaN,NaN,NaN,NaN,NaN,NaN,NaN,NaN,NaN,NaN,NaN,NaN,NaN,NaN,NaN,NaN,
20.629,0.01438,-0.01310,0.12968,0.50033,-0.04803,0.30610,-0.80850,NaN,NaN,NaN,NaN,NaN,NaN,NaN,NaN,NaN,NaN,NaN,NaN,NaN,NaN,NaN,NaN,NaN,NaN,NaN,NaN,NaN,
20.654,0.01439,-0.01299,0.12975,0.50107,-0.04859,0.30557,-0.80821,NaN,NaN,NaN,NaN,NaN,NaN,NaN,NaN,NaN,NaN,NaN,NaN,NaN,NaN,NaN,NaN,NaN,NaN,NaN,NaN,NaN,
20.679,0.01441,-0.01293,0.12977,0.50162,-0.04933,0.30538,-0.80789,NaN,NaN,NaN,NaN,NaN,NaN,NaN,NaN,NaN,NaN,NaN,NaN,NaN,NaN,NaN,NaN,NaN,NaN,NaN,NaN,NaN,
20.704,0.01461,-0.01281,0.12967,0.50278,-0.05055,0.30478,-0.80732,NaN,NaN,NaN,NaN,NaN,NaN,NaN,NaN,NaN,NaN,NaN,NaN,NaN,NaN,NaN,NaN,NaN,NaN,NaN,NaN,NaN,
20.729,0.01463,-0.01282,0.12975,0.50318,-0.05164,0.30502,-0.80691,NaN,NaN,NaN,NaN,NaN,NaN,NaN,NaN,NaN,NaN,NaN,NaN,NaN,NaN,NaN,NaN,NaN,NaN,NaN,NaN,NaN,
20.754,0.01463,-0.01279,0.12976,0.50338,-0.05185,0.30491,-0.80681,NaN,NaN,NaN,NaN,NaN,NaN,NaN,NaN,NaN,NaN,NaN,NaN,NaN,NaN,NaN,NaN,NaN,NaN,NaN,NaN,NaN,
20.779,0.01465,-0.01267,0.12974,0.50369,-0.05201,0.30465,-0.80671,NaN,NaN,NaN,NaN,NaN,NaN,NaN,NaN,NaN,NaN,NaN,NaN,NaN,NaN,NaN,NaN,NaN,NaN,NaN,NaN,NaN,
20.804,0.01473,-0.01262,0.12975,0.50400,-0.05247,0.30457,-0.80651,NaN,NaN,NaN,NaN,NaN,NaN,NaN,NaN,NaN,NaN,NaN,NaN,NaN,NaN,NaN,NaN,NaN,NaN,NaN,NaN,NaN,
20.829,0.01474,-0.01259,0.12979,0.50412,-0.05284,0.30467,-0.80638,NaN,NaN,NaN,NaN,NaN,NaN,NaN,NaN,NaN,NaN,NaN,NaN,NaN,NaN,NaN,NaN,NaN,NaN,NaN,NaN,NaN,
20.854,0.01476,-0.01258,0.12978,0.50428,-0.05283,0.30447,-0.80636,NaN,NaN,NaN,NaN,NaN,NaN,NaN,NaN,NaN,NaN,NaN,NaN,NaN,NaN,NaN,NaN,NaN,NaN,NaN,NaN,NaN,
20.879,0.01474,-0.01258,0.12976,0.50444,-0.05279,0.30425,-0.80634,NaN,NaN,NaN,NaN,NaN,NaN,NaN,NaN,NaN,NaN,NaN,NaN,NaN,NaN,NaN,NaN,NaN,NaN,NaN,NaN,NaN,
20.904,0.01472,-0.01259,0.12981,0.50452,-0.05308,0.30434,-0.80624,NaN,NaN,NaN,NaN,NaN,NaN,NaN,NaN,NaN,NaN,NaN,NaN,NaN,NaN,NaN,NaN,NaN,NaN,NaN,NaN,NaN,
20.929,0.01471,-0.01266,0.12979,0.50402,-0.05267,0.30468,-0.80645,NaN,NaN,NaN,NaN,NaN,NaN,NaN,NaN,NaN,NaN,NaN,NaN,NaN,NaN,NaN,NaN,NaN,NaN,NaN,NaN,NaN,
20.954,0.01472,-0.01262,0.12980,0.50426,-0.05286,0.30452,-0.80635,NaN,NaN,NaN,NaN,NaN,NaN,NaN,NaN,NaN,NaN,NaN,NaN,NaN,NaN,NaN,NaN,NaN,NaN,NaN,NaN,NaN,
20.979,0.01473,-0.01259,0.12980,0.50447,-0.05303,0.30437,-0.80626,NaN,NaN,NaN,NaN,NaN,NaN,NaN,NaN,NaN,NaN,NaN,NaN,NaN,NaN,NaN,NaN,NaN,NaN,NaN,NaN,NaN,
21.004,0.01475,-0.01256,0.12981,0.50469,-0.05326,0.30424,-0.80616,NaN,NaN,NaN,NaN,NaN,NaN,NaN,NaN,NaN,NaN,NaN,NaN,NaN,NaN,NaN,NaN,NaN,NaN,NaN,NaN,NaN,
21.029,0.01476,-0.01255,0.12982,0.50488,-0.05349,0.30416,-0.80605,NaN,NaN,NaN,NaN,NaN,NaN,NaN,NaN,NaN,NaN,NaN,NaN,NaN,NaN,NaN,NaN,NaN,NaN,NaN,NaN,NaN,
21.054,0.01476,-0.01254,0.12983,0.50507,-0.05372,0.30409,-0.80594,NaN,NaN,NaN,NaN,NaN,NaN,NaN,NaN,NaN,NaN,NaN,NaN,NaN,NaN,NaN,NaN,NaN,NaN,NaN,NaN,NaN,
21.079,0.01484,-0.01245,0.12983,0.50617,-0.05507,0.30363,-0.80534,NaN,NaN,NaN,NaN,NaN,NaN,NaN,NaN,NaN,NaN,NaN,NaN,NaN,NaN,NaN,NaN,NaN,NaN,NaN,NaN,NaN,
21.104,0.01489,-0.01239,0.12982,0.50650,-0.05526,0.30336,-0.80522,NaN,NaN,NaN,NaN,NaN,NaN,NaN,NaN,NaN,NaN,NaN,NaN,NaN,NaN,NaN,NaN,NaN,NaN,NaN,NaN,NaN,
21.129,0.01489,-0.01237,0.12982,0.50704,-0.05559,0.30291,-0.80503,NaN,NaN,NaN,NaN,NaN,NaN,NaN,NaN,NaN,NaN,NaN,NaN,NaN,NaN,NaN,NaN,NaN,NaN,NaN,NaN,NaN,
21.154,0.01486,-0.01232,0.12981,0.50750,-0.05582,0.30250,-0.80488,NaN,NaN,NaN,NaN,NaN,NaN,NaN,NaN,NaN,NaN,NaN,NaN,NaN,NaN,NaN,NaN,NaN,NaN,NaN,NaN,NaN,
21.179,0.01486,-0.01231,0.12988,0.50806,-0.05693,0.30254,-0.80443,NaN,NaN,NaN,NaN,NaN,NaN,NaN,NaN,NaN,NaN,NaN,NaN,NaN,NaN,NaN,NaN,NaN,NaN,NaN,NaN,NaN,
21.204,0.01498,-0.01219,0.12984,0.50893,-0.05781,0.30206,-0.80400,NaN,NaN,NaN,NaN,NaN,NaN,NaN,NaN,NaN,NaN,NaN,NaN,NaN,NaN,NaN,NaN,NaN,NaN,NaN,NaN,NaN,
21.229,0.01501,-0.01210,0.12985,0.50927,-0.05847,0.30207,-0.80373,NaN,NaN,NaN,NaN,NaN,NaN,NaN,NaN,NaN,NaN,NaN,NaN,NaN,NaN,NaN,NaN,NaN,NaN,NaN,NaN,NaN,
21.254,0.01505,-0.01207,0.12984,0.50989,-0.05918,0.30178,-0.80339,NaN,NaN,NaN,NaN,NaN,NaN,NaN,NaN,NaN,NaN,NaN,NaN,NaN,NaN,NaN,NaN,NaN,NaN,NaN,NaN,NaN,
21.279,0.01510,-0.01203,0.12983,0.51046,-0.05985,0.30151,-0.80308,NaN,NaN,NaN,NaN,NaN,NaN,NaN,NaN,NaN,NaN,NaN,NaN,NaN,NaN,NaN,NaN,NaN,NaN,NaN,NaN,NaN,
21.304,0.01514,-0.01199,0.12985,0.51089,-0.06049,0.30140,-0.80280,NaN,NaN,NaN,NaN,NaN,NaN,NaN,NaN,NaN,NaN,NaN,NaN,NaN,NaN,NaN,NaN,NaN,NaN,NaN,NaN,NaN,
21.329,0.01515,-0.01197,0.12987,0.51154,-0.06129,0.30113,-0.80243,NaN,NaN,NaN,NaN,NaN,NaN,NaN,NaN,NaN,NaN,NaN,NaN,NaN,NaN,NaN,NaN,NaN,NaN,NaN,NaN,NaN,
21.354,0.01513,-0.01192,0.12989,0.51197,-0.06171,0.30088,-0.80222,NaN,NaN,NaN,NaN,NaN,NaN,NaN,NaN,NaN,NaN,NaN,NaN,NaN,NaN,NaN,NaN,NaN,NaN,NaN,NaN,NaN,
21.379,0.01514,-0.01187,0.12987,0.51258,-0.06207,0.30036,-0.80199,NaN,NaN,NaN,NaN,NaN,NaN,NaN,NaN,NaN,NaN,NaN,NaN,NaN,NaN,NaN,NaN,NaN,NaN,NaN,NaN,NaN,
21.404,0.01516,-0.01182,0.12991,0.51302,-0.06261,0.30016,-0.80174,NaN,NaN,NaN,NaN,NaN,NaN,NaN,NaN,NaN,NaN,NaN,NaN,NaN,NaN,NaN,NaN,NaN,NaN,NaN,NaN,NaN,
21.429,0.01520,-0.01175,0.12992,0.51346,-0.06304,0.29990,-0.80153,NaN,NaN,NaN,NaN,NaN,NaN,NaN,NaN,NaN,NaN,NaN,NaN,NaN,NaN,NaN,NaN,NaN,NaN,NaN,NaN,NaN,
21.454,0.01530,-0.01161,0.12989,0.51441,-0.06416,0.29945,-0.80099,NaN,NaN,NaN,NaN,NaN,NaN,NaN,NaN,NaN,NaN,NaN,NaN,NaN,NaN,NaN,NaN,NaN,NaN,NaN,NaN,NaN,
21.479,0.01545,-0.01142,0.12983,0.51624,-0.06617,0.29850,-0.80001,NaN,NaN,NaN,NaN,NaN,NaN,NaN,NaN,NaN,NaN,NaN,NaN,NaN,NaN,NaN,NaN,NaN,NaN,NaN,NaN,NaN,
21.504,0.01560,-0.01129,0.12986,0.51766,-0.06838,0.29818,-0.79903,NaN,NaN,NaN,NaN,NaN,NaN,NaN,NaN,NaN,NaN,NaN,NaN,NaN,NaN,NaN,NaN,NaN,NaN,NaN,NaN,NaN,
21.529,0.01565,-0.01121,0.12988,0.51830,-0.06918,0.29791,-0.79864,NaN,NaN,NaN,NaN,NaN,NaN,NaN,NaN,NaN,NaN,NaN,NaN,NaN,NaN,NaN,NaN,NaN,NaN,NaN,NaN,NaN,
21.554,0.01567,-0.01117,0.12987,0.51905,-0.06988,0.29742,-0.79827,NaN,NaN,NaN,NaN,NaN,NaN,NaN,NaN,NaN,NaN,NaN,NaN,NaN,NaN,NaN,NaN,NaN,NaN,NaN,NaN,NaN,
21.579,0.01569,-0.01103,0.12987,0.51970,-0.07049,0.29701,-0.79795,NaN,NaN,NaN,NaN,NaN,NaN,NaN,NaN,NaN,NaN,NaN,NaN,NaN,NaN,NaN,NaN,NaN,NaN,NaN,NaN,NaN,
21.604,0.01577,-0.01097,0.12990,0.52058,-0.07173,0.29672,-0.79738,NaN,NaN,NaN,NaN,NaN,NaN,NaN,NaN,NaN,NaN,NaN,NaN,NaN,NaN,NaN,NaN,NaN,NaN,NaN,NaN,NaN,
21.629,0.01579,-0.01092,0.12992,0.52141,-0.07251,0.29619,-0.79696,NaN,NaN,NaN,NaN,NaN,NaN,NaN,NaN,NaN,NaN,NaN,NaN,NaN,NaN,NaN,NaN,NaN,NaN,NaN,NaN,NaN,
21.654,0.01582,-0.01082,0.12994,0.52185,-0.07288,0.29588,-0.79676,NaN,NaN,NaN,NaN,NaN,NaN,NaN,NaN,NaN,NaN,NaN,NaN,NaN,NaN,NaN,NaN,NaN,NaN,NaN,NaN,NaN,
21.679,0.01587,-0.01075,0.12993,0.52247,-0.07365,0.29560,-0.79638,NaN,NaN,NaN,NaN,NaN,NaN,NaN,NaN,NaN,NaN,NaN,NaN,NaN,NaN,NaN,NaN,NaN,NaN,NaN,NaN,NaN,
21.704,0.01594,-0.01074,0.12992,0.52339,-0.07503,0.29534,-0.79574,NaN,NaN,NaN,NaN,NaN,NaN,NaN,NaN,NaN,NaN,NaN,NaN,NaN,NaN,NaN,NaN,NaN,NaN,NaN,NaN,NaN,
21.729,0.01602,-0.01061,0.12990,0.52393,-0.07553,0.29498,-0.79547,NaN,NaN,NaN,NaN,NaN,NaN,NaN,NaN,NaN,NaN,NaN,NaN,NaN,NaN,NaN,NaN,NaN,NaN,NaN,NaN,NaN,
21.754,0.01601,-0.01059,0.12993,0.52462,-0.07620,0.29455,-0.79512,NaN,NaN,NaN,NaN,NaN,NaN,NaN,NaN,NaN,NaN,NaN,NaN,NaN,NaN,NaN,NaN,NaN,NaN,NaN,NaN,NaN,
21.779,0.01606,-0.01044,0.12990,0.52538,-0.07648,0.29378,-0.79487,NaN,NaN,NaN,NaN,NaN,NaN,NaN,NaN,NaN,NaN,NaN,NaN,NaN,NaN,NaN,NaN,NaN,NaN,NaN,NaN,NaN,
21.804,0.01609,-0.01037,0.12992,0.52597,-0.07704,0.29339,-0.79457,NaN,NaN,NaN,NaN,NaN,NaN,NaN,NaN,NaN,NaN,NaN,NaN,NaN,NaN,NaN,NaN,NaN,NaN,NaN,NaN,NaN,
21.829,0.01615,-0.01026,0.12986,0.52645,-0.07734,0.29298,-0.79437,NaN,NaN,NaN,NaN,NaN,NaN,NaN,NaN,NaN,NaN,NaN,NaN,NaN,NaN,NaN,NaN,NaN,NaN,NaN,NaN,NaN,
21.854,0.01623,-0.01022,0.12993,0.52698,-0.07876,0.29324,-0.79379,NaN,NaN,NaN,NaN,NaN,NaN,NaN,NaN,NaN,NaN,NaN,NaN,NaN,NaN,NaN,NaN,NaN,NaN,NaN,NaN,NaN,
21.879,0.01625,-0.01016,0.12991,0.52740,-0.07901,0.29286,-0.79362,NaN,NaN,NaN,NaN,NaN,NaN,NaN,NaN,NaN,NaN,NaN,NaN,NaN,NaN,NaN,NaN,NaN,NaN,NaN,NaN,NaN,
21.904,0.01622,-0.01012,0.12992,0.52745,-0.07894,0.29276,-0.79364,NaN,NaN,NaN,NaN,NaN,NaN,NaN,NaN,NaN,NaN,NaN,NaN,NaN,NaN,NaN,NaN,NaN,NaN,NaN,NaN,NaN,
21.929,0.01629,-0.01006,0.12986,0.52737,-0.07845,0.29255,-0.79382,NaN,NaN,NaN,NaN,NaN,NaN,NaN,NaN,NaN,NaN,NaN,NaN,NaN,NaN,NaN,NaN,NaN,NaN,NaN,NaN,NaN,
21.954,0.01622,-0.01011,0.12995,0.52779,-0.07915,0.29247,-0.79350,NaN,NaN,NaN,NaN,NaN,NaN,NaN,NaN,NaN,NaN,NaN,NaN,NaN,NaN,NaN,NaN,NaN,NaN,NaN,NaN,NaN,
21.979,0.01622,-0.01008,0.12994,0.52833,-0.07940,0.29195,-0.79331,NaN,NaN,NaN,NaN,NaN,NaN,NaN,NaN,NaN,NaN,NaN,NaN,NaN,NaN,NaN,NaN,NaN,NaN,NaN,NaN,NaN,
22.004,0.01627,-0.00999,0.12995,0.52892,-0.07992,0.29154,-0.79301,NaN,NaN,NaN,NaN,NaN,NaN,NaN,NaN,NaN,NaN,NaN,NaN,NaN,NaN,NaN,NaN,NaN,NaN,NaN,NaN,NaN,
22.029,0.01630,-0.00993,0.12994,0.52908,-0.08014,0.29147,-0.79290,NaN,NaN,NaN,NaN,NaN,NaN,NaN,NaN,NaN,NaN,NaN,NaN,NaN,NaN,NaN,NaN,NaN,NaN,NaN,NaN,NaN,
22.054,0.01629,-0.01007,0.12994,0.52798,-0.07943,0.29241,-0.79337,NaN,NaN,NaN,NaN,NaN,NaN,NaN,NaN,NaN,NaN,NaN,NaN,NaN,NaN,NaN,NaN,NaN,NaN,NaN,NaN,NaN,
22.079,0.01629,-0.01003,0.12994,0.52816,-0.07944,0.29218,-0.79333,NaN,NaN,NaN,NaN,NaN,NaN,NaN,NaN,NaN,NaN,NaN,NaN,NaN,NaN,NaN,NaN,NaN,NaN,NaN,NaN,NaN,
22.104,0.01630,-0.00998,0.12992,0.52822,-0.07925,0.29199,-0.79338,NaN,NaN,NaN,NaN,NaN,NaN,NaN,NaN,NaN,NaN,NaN,NaN,NaN,NaN,NaN,NaN,NaN,NaN,NaN,NaN,NaN,
22.129,0.01635,-0.00989,0.12999,0.52758,-0.07832,0.29219,-0.79382,NaN,NaN,NaN,NaN,NaN,NaN,NaN,NaN,NaN,NaN,NaN,NaN,NaN,NaN,NaN,NaN,NaN,NaN,NaN,NaN,NaN,
22.154,0.01637,-0.00990,0.13003,0.52742,-0.07804,0.29222,-0.79394,NaN,NaN,NaN,NaN,NaN,NaN,NaN,NaN,NaN,NaN,NaN,NaN,NaN,NaN,NaN,NaN,NaN,NaN,NaN,NaN,NaN,
22.179,0.01637,-0.00980,0.12998,0.52775,-0.07756,0.29148,-0.79404,NaN,NaN,NaN,NaN,NaN,NaN,NaN,NaN,NaN,NaN,NaN,NaN,NaN,NaN,NaN,NaN,NaN,NaN,NaN,NaN,NaN,
22.204,0.01640,-0.00978,0.13007,0.52767,-0.07761,0.29162,-0.79404,NaN,NaN,NaN,NaN,NaN,NaN,NaN,NaN,NaN,NaN,NaN,NaN,NaN,NaN,NaN,NaN,NaN,NaN,NaN,NaN,NaN,
22.229,0.01643,-0.00973,0.13001,0.52690,-0.07624,0.29170,-0.79465,NaN,NaN,NaN,NaN,NaN,NaN,NaN,NaN,NaN,NaN,NaN,NaN,NaN,NaN,NaN,NaN,NaN,NaN,NaN,NaN,NaN,
22.254,0.01641,-0.00976,0.13007,0.52660,-0.07610,0.29199,-0.79476,NaN,NaN,NaN,NaN,NaN,NaN,NaN,NaN,NaN,NaN,NaN,NaN,NaN,NaN,NaN,NaN,NaN,NaN,NaN,NaN,NaN,
22.279,0.01638,-0.00977,0.13011,0.52647,-0.07594,0.29205,-0.79484,NaN,NaN,NaN,NaN,NaN,NaN,NaN,NaN,NaN,NaN,NaN,NaN,NaN,NaN,NaN,NaN,NaN,NaN,NaN,NaN,NaN,
22.304,0.01643,-0.00971,0.13013,0.52627,-0.07563,0.29210,-0.79498,NaN,NaN,NaN,NaN,NaN,NaN,NaN,NaN,NaN,NaN,NaN,NaN,NaN,NaN,NaN,NaN,NaN,NaN,NaN,NaN,NaN,
22.329,0.01644,-0.00967,0.13012,0.52659,-0.07548,0.29161,-0.79497,NaN,NaN,NaN,NaN,NaN,NaN,NaN,NaN,NaN,NaN,NaN,NaN,NaN,NaN,NaN,NaN,NaN,NaN,NaN,NaN,NaN,
22.354,0.01639,-0.00970,0.13017,0.52733,-0.07623,0.29115,-0.79457,NaN,NaN,NaN,NaN,NaN,NaN,NaN,NaN,NaN,NaN,NaN,NaN,NaN,NaN,NaN,NaN,NaN,NaN,NaN,NaN,NaN,
22.379,0.01640,-0.00958,0.13012,0.52783,-0.07615,0.29047,-0.79450,NaN,NaN,NaN,NaN,NaN,NaN,NaN,NaN,NaN,NaN,NaN,NaN,NaN,NaN,NaN,NaN,NaN,NaN,NaN,NaN,NaN,
22.404,0.01639,-0.00950,0.13013,0.52841,-0.07654,0.28999,-0.79425,NaN,NaN,NaN,NaN,NaN,NaN,NaN,NaN,NaN,NaN,NaN,NaN,NaN,NaN,NaN,NaN,NaN,NaN,NaN,NaN,NaN,
22.429,0.01640,-0.00963,0.13011,0.52737,-0.07621,0.29109,-0.79457,NaN,NaN,NaN,NaN,NaN,NaN,NaN,NaN,NaN,NaN,NaN,NaN,NaN,NaN,NaN,NaN,NaN,NaN,NaN,NaN,NaN,
22.454,0.01641,-0.00936,0.13023,0.53010,-0.07838,0.28904,-0.79329,NaN,NaN,NaN,NaN,NaN,NaN,NaN,NaN,NaN,NaN,NaN,NaN,NaN,NaN,NaN,NaN,NaN,NaN,NaN,NaN,NaN,
22.479,0.01662,-0.00912,0.13018,0.53169,-0.08019,0.28819,-0.79235,NaN,NaN,NaN,NaN,NaN,NaN,NaN,NaN,NaN,NaN,NaN,NaN,NaN,NaN,NaN,NaN,NaN,NaN,NaN,NaN,NaN,
22.504,0.01673,-0.00897,0.13019,0.53379,-0.08313,0.28741,-0.79092,NaN,NaN,NaN,NaN,NaN,NaN,NaN,NaN,NaN,NaN,NaN,NaN,NaN,NaN,NaN,NaN,NaN,NaN,NaN,NaN,NaN,
22.529,0.01683,-0.00875,0.13022,0.53536,-0.08489,0.28655,-0.78999,NaN,NaN,NaN,NaN,NaN,NaN,NaN,NaN,NaN,NaN,NaN,NaN,NaN,NaN,NaN,NaN,NaN,NaN,NaN,NaN,NaN,
22.554,0.01686,-0.00862,0.13024,0.53679,-0.08656,0.28579,-0.78911,NaN,NaN,NaN,NaN,NaN,NaN,NaN,NaN,NaN,NaN,NaN,NaN,NaN,NaN,NaN,NaN,NaN,NaN,NaN,NaN,NaN,
22.579,0.01688,-0.00856,0.13029,0.53762,-0.08787,0.28556,-0.78848,NaN,NaN,NaN,NaN,NaN,NaN,NaN,NaN,NaN,NaN,NaN,NaN,NaN,NaN,NaN,NaN,NaN,NaN,NaN,NaN,NaN,
22.604,0.01698,-0.00842,0.13024,0.53842,-0.08845,0.28492,-0.78810,NaN,NaN,NaN,NaN,NaN,NaN,NaN,NaN,NaN,NaN,NaN,NaN,NaN,NaN,NaN,NaN,NaN,NaN,NaN,NaN,NaN,
22.629,0.01702,-0.00831,0.13026,0.53944,-0.08975,0.28443,-0.78743,NaN,NaN,NaN,NaN,NaN,NaN,NaN,NaN,NaN,NaN,NaN,NaN,NaN,NaN,NaN,NaN,NaN,NaN,NaN,NaN,NaN,
22.654,0.01704,-0.00828,0.13032,0.54028,-0.09107,0.28420,-0.78679,NaN,NaN,NaN,NaN,NaN,NaN,NaN,NaN,NaN,NaN,NaN,NaN,NaN,NaN,NaN,NaN,NaN,NaN,NaN,NaN,NaN,
22.679,0.01712,-0.00813,0.13029,0.54140,-0.09186,0.28325,-0.78626,NaN,NaN,NaN,NaN,NaN,NaN,NaN,NaN,NaN,NaN,NaN,NaN,NaN,NaN,NaN,NaN,NaN,NaN,NaN,NaN,NaN,
22.704,0.01718,-0.00803,0.13031,0.54267,-0.09346,0.28264,-0.78542,NaN,NaN,NaN,NaN,NaN,NaN,NaN,NaN,NaN,NaN,NaN,NaN,NaN,NaN,NaN,NaN,NaN,NaN,NaN,NaN,NaN,
22.729,0.01727,-0.00795,0.13030,0.54318,-0.09413,0.28241,-0.78507,NaN,NaN,NaN,NaN,NaN,NaN,NaN,NaN,NaN,NaN,NaN,NaN,NaN,NaN,NaN,NaN,NaN,NaN,NaN,NaN,NaN,
22.754,0.01728,-0.00788,0.13029,0.54363,-0.09435,0.28197,-0.78489,NaN,NaN,NaN,NaN,NaN,NaN,NaN,NaN,NaN,NaN,NaN,NaN,NaN,NaN,NaN,NaN,NaN,NaN,NaN,NaN,NaN,
22.779,0.01728,-0.00776,0.13028,0.54416,-0.09484,0.28159,-0.78460,NaN,NaN,NaN,NaN,NaN,NaN,NaN,NaN,NaN,NaN,NaN,NaN,NaN,NaN,NaN,NaN,NaN,NaN,NaN,NaN,NaN,
22.804,0.01728,-0.00781,0.13035,0.54500,-0.09641,0.28150,-0.78386,NaN,NaN,NaN,NaN,NaN,NaN,NaN,NaN,NaN,NaN,NaN,NaN,NaN,NaN,NaN,NaN,NaN,NaN,NaN,NaN,NaN,
22.829,0.01737,-0.00772,0.13032,0.54540,-0.09649,0.28104,-0.78374,NaN,NaN,NaN,NaN,NaN,NaN,NaN,NaN,NaN,NaN,NaN,NaN,NaN,NaN,NaN,NaN,NaN,NaN,NaN,NaN,NaN,
22.854,0.01736,-0.00770,0.13035,0.54615,-0.09717,0.28050,-0.78333,NaN,NaN,NaN,NaN,NaN,NaN,NaN,NaN,NaN,NaN,NaN,NaN,NaN,NaN,NaN,NaN,NaN,NaN,NaN,NaN,NaN,
22.879,0.01740,-0.00764,0.13040,0.54693,-0.09823,0.28015,-0.78277,NaN,NaN,NaN,NaN,NaN,NaN,NaN,NaN,NaN,NaN,NaN,NaN,NaN,NaN,NaN,NaN,NaN,NaN,NaN,NaN,NaN,
22.904,0.01747,-0.00758,0.13035,0.54720,-0.09873,0.28013,-0.78253,NaN,NaN,NaN,NaN,NaN,NaN,NaN,NaN,NaN,NaN,NaN,NaN,NaN,NaN,NaN,NaN,NaN,NaN,NaN,NaN,NaN,
22.929,0.01748,-0.00750,0.13034,0.54695,-0.09874,0.28044,-0.78259,NaN,NaN,NaN,NaN,NaN,NaN,NaN,NaN,NaN,NaN,NaN,NaN,NaN,NaN,NaN,NaN,NaN,NaN,NaN,NaN,NaN,
22.954,0.01748,-0.00750,0.13034,0.54728,-0.09898,0.28016,-0.78243,NaN,NaN,NaN,NaN,NaN,NaN,NaN,NaN,NaN,NaN,NaN,NaN,NaN,NaN,NaN,NaN,NaN,NaN,NaN,NaN,NaN,
22.979,0.01748,-0.00750,0.13032,0.54773,-0.09923,0.27975,-0.78224,NaN,NaN,NaN,NaN,NaN,NaN,NaN,NaN,NaN,NaN,NaN,NaN,NaN,NaN,NaN,NaN,NaN,NaN,NaN,NaN,NaN,
23.004,0.01748,-0.00746,0.13035,0.54807,-0.09965,0.27957,-0.78200,NaN,NaN,NaN,NaN,NaN,NaN,NaN,NaN,NaN,NaN,NaN,NaN,NaN,NaN,NaN,NaN,NaN,NaN,NaN,NaN,NaN,
23.029,0.01750,-0.00742,0.13033,0.54833,-0.09973,0.27928,-0.78192,NaN,NaN,NaN,NaN,NaN,NaN,NaN,NaN,NaN,NaN,NaN,NaN,NaN,NaN,NaN,NaN,NaN,NaN,NaN,NaN,NaN,
23.054,0.01748,-0.00736,0.13032,0.54849,-0.09970,0.27906,-0.78189,NaN,NaN,NaN,NaN,NaN,NaN,NaN,NaN,NaN,NaN,NaN,NaN,NaN,NaN,NaN,NaN,NaN,NaN,NaN,NaN,NaN,
23.079,0.01746,-0.00735,0.13037,0.54859,-0.10012,0.27919,-0.78171,NaN,NaN,NaN,NaN,NaN,NaN,NaN,NaN,NaN,NaN,NaN,NaN,NaN,NaN,NaN,NaN,NaN,NaN,NaN,NaN,NaN,
23.104,0.01749,-0.00747,0.13038,0.54792,-0.09973,0.27982,-0.78201,NaN,NaN,NaN,NaN,NaN,NaN,NaN,NaN,NaN,NaN,NaN,NaN,NaN,NaN,NaN,NaN,NaN,NaN,NaN,NaN,NaN,
23.129,0.01749,-0.00742,0.13036,0.54806,-0.09976,0.27965,-0.78197,NaN,NaN,NaN,NaN,NaN,NaN,NaN,NaN,NaN,NaN,NaN,NaN,NaN,NaN,NaN,NaN,NaN,NaN,NaN,NaN,NaN,
23.154,0.01749,-0.00739,0.13036,0.54827,-0.09993,0.27949,-0.78186,NaN,NaN,NaN,NaN,NaN,NaN,NaN,NaN,NaN,NaN,NaN,NaN,NaN,NaN,NaN,NaN,NaN,NaN,NaN,NaN,NaN,
23.179,0.01749,-0.00737,0.13037,0.54854,-0.10019,0.27930,-0.78170,NaN,NaN,NaN,NaN,NaN,NaN,NaN,NaN,NaN,NaN,NaN,NaN,NaN,NaN,NaN,NaN,NaN,NaN,NaN,NaN,NaN,
23.204,0.01749,-0.00735,0.13038,0.54882,-0.10048,0.27911,-0.78153,NaN,NaN,NaN,NaN,NaN,NaN,NaN,NaN,NaN,NaN,NaN,NaN,NaN,NaN,NaN,NaN,NaN,NaN,NaN,NaN,NaN,
23.229,0.01748,-0.00721,0.13041,0.55067,-0.10214,0.27775,-0.78050,NaN,NaN,NaN,NaN,NaN,NaN,NaN,NaN,NaN,NaN,NaN,NaN,NaN,NaN,NaN,NaN,NaN,NaN,NaN,NaN,NaN,
23.254,0.01759,-0.00702,0.13034,0.55105,-0.10229,0.27735,-0.78036,NaN,NaN,NaN,NaN,NaN,NaN,NaN,NaN,NaN,NaN,NaN,NaN,NaN,NaN,NaN,NaN,NaN,NaN,NaN,NaN,NaN,
23.279,0.01759,-0.00706,0.13042,0.55172,-0.10404,0.27758,-0.77957,NaN,NaN,NaN,NaN,NaN,NaN,NaN,NaN,NaN,NaN,NaN,NaN,NaN,NaN,NaN,NaN,NaN,NaN,NaN,NaN,NaN,
23.304,0.01762,-0.00700,0.13042,0.55215,-0.10425,0.27714,-0.77939,NaN,NaN,NaN,NaN,NaN,NaN,NaN,NaN,NaN,NaN,NaN,NaN,NaN,NaN,NaN,NaN,NaN,NaN,NaN,NaN,NaN,
23.329,0.01766,-0.00690,0.13038,0.55252,-0.10419,0.27662,-0.77933,NaN,NaN,NaN,NaN,NaN,NaN,NaN,NaN,NaN,NaN,NaN,NaN,NaN,NaN,NaN,NaN,NaN,NaN,NaN,NaN,NaN,
23.354,0.01768,-0.00684,0.13036,0.55298,-0.10436,0.27613,-0.77915,NaN,NaN,NaN,NaN,NaN,NaN,NaN,NaN,NaN,NaN,NaN,NaN,NaN,NaN,NaN,NaN,NaN,NaN,NaN,NaN,NaN,
23.379,0.01766,-0.00680,0.13036,0.55366,-0.10484,0.27554,-0.77881,NaN,NaN,NaN,NaN,NaN,NaN,NaN,NaN,NaN,NaN,NaN,NaN,NaN,NaN,NaN,NaN,NaN,NaN,NaN,NaN,NaN,
23.404,0.01763,-0.00671,0.13035,0.55400,-0.10485,0.27510,-0.77873,NaN,NaN,NaN,NaN,NaN,NaN,NaN,NaN,NaN,NaN,NaN,NaN,NaN,NaN,NaN,NaN,NaN,NaN,NaN,NaN,NaN,
23.429,0.01761,-0.00680,0.13048,0.55301,-0.10491,0.27644,-0.77895,NaN,NaN,NaN,NaN,NaN,NaN,NaN,NaN,NaN,NaN,NaN,NaN,NaN,NaN,NaN,NaN,NaN,NaN,NaN,NaN,NaN,
23.454,0.01768,-0.00673,0.13034,0.55179,-0.10255,0.27655,-0.78008,NaN,NaN,NaN,NaN,NaN,NaN,NaN,NaN,NaN,NaN,NaN,NaN,NaN,NaN,NaN,NaN,NaN,NaN,NaN,NaN,NaN,
23.479,0.01764,-0.00684,0.13039,0.55260,-0.10407,0.27645,-0.77935,NaN,NaN,NaN,NaN,NaN,NaN,NaN,NaN,NaN,NaN,NaN,NaN,NaN,NaN,NaN,NaN,NaN,NaN,NaN,NaN,NaN,
23.504,0.01765,-0.00679,0.13038,0.55276,-0.10399,0.27618,-0.77933,NaN,NaN,NaN,NaN,NaN,NaN,NaN,NaN,NaN,NaN,NaN,NaN,NaN,NaN,NaN,NaN,NaN,NaN,NaN,NaN,NaN,
23.529,0.01765,-0.00674,0.13038,0.55291,-0.10396,0.27598,-0.77931,NaN,NaN,NaN,NaN,NaN,NaN,NaN,NaN,NaN,NaN,NaN,NaN,NaN,NaN,NaN,NaN,NaN,NaN,NaN,NaN,NaN,
23.554,0.01766,-0.00670,0.13037,0.55306,-0.10393,0.27575,-0.77928,NaN,NaN,NaN,NaN,NaN,NaN,NaN,NaN,NaN,NaN,NaN,NaN,NaN,NaN,NaN,NaN,NaN,NaN,NaN,NaN,NaN,
23.579,0.01766,-0.00665,0.13037,0.55322,-0.10394,0.27555,-0.77924,NaN,NaN,NaN,NaN,NaN,NaN,NaN,NaN,NaN,NaN,NaN,NaN,NaN,NaN,NaN,NaN,NaN,NaN,NaN,NaN,NaN,
23.604,0.01765,-0.00641,0.13038,0.55459,-0.10461,0.27417,-0.77866,NaN,NaN,NaN,NaN,NaN,NaN,NaN,NaN,NaN,NaN,NaN,NaN,NaN,NaN,NaN,NaN,NaN,NaN,NaN,NaN,NaN,
23.629,0.01766,-0.00638,0.13037,0.55539,-0.10524,0.27352,-0.77824,NaN,NaN,NaN,NaN,NaN,NaN,NaN,NaN,NaN,NaN,NaN,NaN,NaN,NaN,NaN,NaN,NaN,NaN,NaN,NaN,NaN,
23.654,0.01767,-0.00630,0.13037,0.55639,-0.10601,0.27268,-0.77771,NaN,NaN,NaN,NaN,NaN,NaN,NaN,NaN,NaN,NaN,NaN,NaN,NaN,NaN,NaN,NaN,NaN,NaN,NaN,NaN,NaN,
23.679,0.01772,-0.00622,0.13042,0.55727,-0.10712,0.27223,-0.77709,NaN,NaN,NaN,NaN,NaN,NaN,NaN,NaN,NaN,NaN,NaN,NaN,NaN,NaN,NaN,NaN,NaN,NaN,NaN,NaN,NaN,
23.704,0.01783,-0.00603,0.13037,0.55822,-0.10829,0.27169,-0.77643,NaN,NaN,NaN,NaN,NaN,NaN,NaN,NaN,NaN,NaN,NaN,NaN,NaN,NaN,NaN,NaN,NaN,NaN,NaN,NaN,NaN,
23.729,0.01789,-0.00593,0.13040,0.55888,-0.10958,0.27163,-0.77579,NaN,NaN,NaN,NaN,NaN,NaN,NaN,NaN,NaN,NaN,NaN,NaN,NaN,NaN,NaN,NaN,NaN,NaN,NaN,NaN,NaN,
23.754,0.01792,-0.00580,0.13034,0.55950,-0.10950,0.27077,-0.77566,NaN,NaN,NaN,NaN,NaN,NaN,NaN,NaN,NaN,NaN,NaN,NaN,NaN,NaN,NaN,NaN,NaN,NaN,NaN,NaN,NaN,
23.779,0.01789,-0.00578,0.13041,0.56036,-0.11066,0.27035,-0.77502,NaN,NaN,NaN,NaN,NaN,NaN,NaN,NaN,NaN,NaN,NaN,NaN,NaN,NaN,NaN,NaN,NaN,NaN,NaN,NaN,NaN,
23.804,0.01797,-0.00565,0.13036,0.56124,-0.11143,0.26967,-0.77451,NaN,NaN,NaN,NaN,NaN,NaN,NaN,NaN,NaN,NaN,NaN,NaN,NaN,NaN,NaN,NaN,NaN,NaN,NaN,NaN,NaN,
23.829,0.01801,-0.00560,0.13037,0.56231,-0.11308,0.26928,-0.77364,NaN,NaN,NaN,NaN,NaN,NaN,NaN,NaN,NaN,NaN,NaN,NaN,NaN,NaN,NaN,NaN,NaN,NaN,NaN,NaN,NaN,
23.854,0.01797,-0.00553,0.13040,0.56309,-0.11403,0.26883,-0.77309,NaN,NaN,NaN,NaN,NaN,NaN,NaN,NaN,NaN,NaN,NaN,NaN,NaN,NaN,NaN,NaN,NaN,NaN,NaN,NaN,NaN,
23.879,0.01800,-0.00543,0.13040,0.56405,-0.11486,0.26807,-0.77253,NaN,NaN,NaN,NaN,NaN,NaN,NaN,NaN,NaN,NaN,NaN,NaN,NaN,NaN,NaN,NaN,NaN,NaN,NaN,NaN,NaN,
23.904,0.01804,-0.00527,0.13038,0.56489,-0.11535,0.26725,-0.77212,NaN,NaN,NaN,NaN,NaN,NaN,NaN,NaN,NaN,NaN,NaN,NaN,NaN,NaN,NaN,NaN,NaN,NaN,NaN,NaN,NaN,
23.929,0.01806,-0.00518,0.13042,0.56580,-0.11633,0.26665,-0.77152,NaN,NaN,NaN,NaN,NaN,NaN,NaN,NaN,NaN,NaN,NaN,NaN,NaN,NaN,NaN,NaN,NaN,NaN,NaN,NaN,NaN,
23.954,0.01809,-0.00504,0.13039,0.56691,-0.11709,0.26564,-0.77094,NaN,NaN,NaN,NaN,NaN,NaN,NaN,NaN,NaN,NaN,NaN,NaN,NaN,NaN,NaN,NaN,NaN,NaN,NaN,NaN,NaN,
23.979,0.01816,-0.00485,0.13036,0.56821,-0.11843,0.26472,-0.77009,NaN,NaN,NaN,NaN,NaN,NaN,NaN,NaN,NaN,NaN,NaN,NaN,NaN,NaN,NaN,NaN,NaN,NaN,NaN,NaN,NaN,
24.004,0.01815,-0.00469,0.13042,0.56995,-0.12069,0.26378,-0.76877,NaN,NaN,NaN,NaN,NaN,NaN,NaN,NaN,NaN,NaN,NaN,NaN,NaN,NaN,NaN,NaN,NaN,NaN,NaN,NaN,NaN,
24.029,0.01820,-0.00445,0.13038,0.57177,-0.12210,0.26220,-0.76774,NaN,NaN,NaN,NaN,NaN,NaN,NaN,NaN,NaN,NaN,NaN,NaN,NaN,NaN,NaN,NaN,NaN,NaN,NaN,NaN,NaN,
24.054,0.01820,-0.00431,0.13041,0.57327,-0.12376,0.26120,-0.76670,NaN,NaN,NaN,NaN,NaN,NaN,NaN,NaN,NaN,NaN,NaN,NaN,NaN,NaN,NaN,NaN,NaN,NaN,NaN,NaN,NaN,
24.079,0.01829,-0.00415,0.13033,0.57433,-0.12437,0.26013,-0.76616,NaN,NaN,NaN,NaN,NaN,NaN,NaN,NaN,NaN,NaN,NaN,NaN,NaN,NaN,NaN,NaN,NaN,NaN,NaN,NaN,NaN,
24.104,0.01828,-0.00410,0.13040,0.57530,-0.12600,0.25982,-0.76527,NaN,NaN,NaN,NaN,NaN,NaN,NaN,NaN,NaN,NaN,NaN,NaN,NaN,NaN,NaN,NaN,NaN,NaN,NaN,NaN,NaN,
24.129,0.01833,-0.00401,0.13038,0.57561,-0.12620,0.25953,-0.76511,NaN,NaN,NaN,NaN,NaN,NaN,NaN,NaN,NaN,NaN,NaN,NaN,NaN,NaN,NaN,NaN,NaN,NaN,NaN,NaN,NaN,
24.154,0.01831,-0.00395,0.13040,0.57597,-0.12664,0.25931,-0.76484,NaN,NaN,NaN,NaN,NaN,NaN,NaN,NaN,NaN,NaN,NaN,NaN,NaN,NaN,NaN,NaN,NaN,NaN,NaN,NaN,NaN,
24.179,0.01831,-0.00386,0.13037,0.57643,-0.12679,0.25878,-0.76465,NaN,NaN,NaN,NaN,NaN,NaN,NaN,NaN,NaN,NaN,NaN,NaN,NaN,NaN,NaN,NaN,NaN,NaN,NaN,NaN,NaN,
24.204,0.01833,-0.00389,0.13038,0.57677,-0.12728,0.25862,-0.76437,NaN,NaN,NaN,NaN,NaN,NaN,NaN,NaN,NaN,NaN,NaN,NaN,NaN,NaN,NaN,NaN,NaN,NaN,NaN,NaN,NaN,
24.229,0.01833,-0.00381,0.13030,0.57697,-0.12686,0.25809,-0.76446,NaN,NaN,NaN,NaN,NaN,NaN,NaN,NaN,NaN,NaN,NaN,NaN,NaN,NaN,NaN,NaN,NaN,NaN,NaN,NaN,NaN,
24.254,0.01831,-0.00386,0.13035,0.57736,-0.12774,0.25809,-0.76402,NaN,NaN,NaN,NaN,NaN,NaN,NaN,NaN,NaN,NaN,NaN,NaN,NaN,NaN,NaN,NaN,NaN,NaN,NaN,NaN,NaN,
24.279,0.01833,-0.00377,0.13033,0.57776,-0.12782,0.25760,-0.76387,NaN,NaN,NaN,NaN,NaN,NaN,NaN,NaN,NaN,NaN,NaN,NaN,NaN,NaN,NaN,NaN,NaN,NaN,NaN,NaN,NaN,
24.304,0.01834,-0.00368,0.13036,0.57838,-0.12871,0.25730,-0.76336,NaN,NaN,NaN,NaN,NaN,NaN,NaN,NaN,NaN,NaN,NaN,NaN,NaN,NaN,NaN,NaN,NaN,NaN,NaN,NaN,NaN,
24.329,0.01834,-0.00363,0.13034,0.57879,-0.12894,0.25688,-0.76314,NaN,NaN,NaN,NaN,NaN,NaN,NaN,NaN,NaN,NaN,NaN,NaN,NaN,NaN,NaN,NaN,NaN,NaN,NaN,NaN,NaN,
24.354,0.01839,-0.00356,0.13031,0.57914,-0.12911,0.25651,-0.76298,NaN,NaN,NaN,NaN,NaN,NaN,NaN,NaN,NaN,NaN,NaN,NaN,NaN,NaN,NaN,NaN,NaN,NaN,NaN,NaN,NaN,
24.379,0.01842,-0.00349,0.13031,0.57990,-0.12997,0.25600,-0.76242,NaN,NaN,NaN,NaN,NaN,NaN,NaN,NaN,NaN,NaN,NaN,NaN,NaN,NaN,NaN,NaN,NaN,NaN,NaN,NaN,NaN,
24.404,0.01838,-0.00348,0.13034,0.58076,-0.13091,0.25540,-0.76181,NaN,NaN,NaN,NaN,NaN,NaN,NaN,NaN,NaN,NaN,NaN,NaN,NaN,NaN,NaN,NaN,NaN,NaN,NaN,NaN,NaN,
24.429,0.01834,-0.00339,0.13031,0.58150,-0.13137,0.25467,-0.76141,NaN,NaN,NaN,NaN,NaN,NaN,NaN,NaN,NaN,NaN,NaN,NaN,NaN,NaN,NaN,NaN,NaN,NaN,NaN,NaN,NaN,
24.454,0.01831,-0.00334,0.13032,0.58227,-0.13221,0.25411,-0.76086,NaN,NaN,NaN,NaN,NaN,NaN,NaN,NaN,NaN,NaN,NaN,NaN,NaN,NaN,NaN,NaN,NaN,NaN,NaN,NaN,NaN,
24.479,0.01835,-0.00321,0.13027,0.58297,-0.13262,0.25341,-0.76049,NaN,NaN,NaN,NaN,NaN,NaN,NaN,NaN,NaN,NaN,NaN,NaN,NaN,NaN,NaN,NaN,NaN,NaN,NaN,NaN,NaN,
24.504,0.01836,-0.00317,0.13030,0.58367,-0.13357,0.25303,-0.75991,NaN,NaN,NaN,NaN,NaN,NaN,NaN,NaN,NaN,NaN,NaN,NaN,NaN,NaN,NaN,NaN,NaN,NaN,NaN,NaN,NaN,
24.529,0.01839,-0.00308,0.13031,0.58461,-0.13470,0.25242,-0.75919,NaN,NaN,NaN,NaN,NaN,NaN,NaN,NaN,NaN,NaN,NaN,NaN,NaN,NaN,NaN,NaN,NaN,NaN,NaN,NaN,NaN,
24.554,0.01841,-0.00299,0.13030,0.58541,-0.13550,0.25179,-0.75864,NaN,NaN,NaN,NaN,NaN,NaN,NaN,NaN,NaN,NaN,NaN,NaN,NaN,NaN,NaN,NaN,NaN,NaN,NaN,NaN,NaN,
24.579,0.01849,-0.00281,0.13020,0.58619,-0.13594,0.25100,-0.75823,NaN,NaN,NaN,NaN,NaN,NaN,NaN,NaN,NaN,NaN,NaN,NaN,NaN,NaN,NaN,NaN,NaN,NaN,NaN,NaN,NaN,
24.604,0.01845,-0.00279,0.13027,0.58690,-0.13717,0.25075,-0.75753,NaN,NaN,NaN,NaN,NaN,NaN,NaN,NaN,NaN,NaN,NaN,NaN,NaN,NaN,NaN,NaN,NaN,NaN,NaN,NaN,NaN,
24.629,0.01845,-0.00269,0.13023,0.58749,-0.13745,0.25011,-0.75724,NaN,NaN,NaN,NaN,NaN,NaN,NaN,NaN,NaN,NaN,NaN,NaN,NaN,NaN,NaN,NaN,NaN,NaN,NaN,NaN,NaN,
24.654,0.01843,-0.00264,0.13024,0.58833,-0.13833,0.24949,-0.75663,NaN,NaN,NaN,NaN,NaN,NaN,NaN,NaN,NaN,NaN,NaN,NaN,NaN,NaN,NaN,NaN,NaN,NaN,NaN,NaN,NaN,
24.679,0.01846,-0.00255,0.13022,0.58909,-0.13888,0.24876,-0.75618,NaN,NaN,NaN,NaN,NaN,NaN,NaN,NaN,NaN,NaN,NaN,NaN,NaN,NaN,NaN,NaN,NaN,NaN,NaN,NaN,NaN,
24.704,0.01850,-0.00249,0.13020,0.58960,-0.13925,0.24828,-0.75587,NaN,NaN,NaN,NaN,NaN,NaN,NaN,NaN,NaN,NaN,NaN,NaN,NaN,NaN,NaN,NaN,NaN,NaN,NaN,NaN,NaN,
24.729,0.01844,-0.00239,0.13022,0.59039,-0.14020,0.24776,-0.75525,NaN,NaN,NaN,NaN,NaN,NaN,NaN,NaN,NaN,NaN,NaN,NaN,NaN,NaN,NaN,NaN,NaN,NaN,NaN,NaN,NaN,
24.754,0.01849,-0.00229,0.13024,0.59136,-0.14137,0.24710,-0.75448,NaN,NaN,NaN,NaN,NaN,NaN,NaN,NaN,NaN,NaN,NaN,NaN,NaN,NaN,NaN,NaN,NaN,NaN,NaN,NaN,NaN,
24.779,0.01853,-0.00214,0.13018,0.59208,-0.14170,0.24630,-0.75412,NaN,NaN,NaN,NaN,NaN,NaN,NaN,NaN,NaN,NaN,NaN,NaN,NaN,NaN,NaN,NaN,NaN,NaN,NaN,NaN,NaN,
24.804,0.01854,-0.00210,0.13021,0.59278,-0.14252,0.24583,-0.75357,NaN,NaN,NaN,NaN,NaN,NaN,NaN,NaN,NaN,NaN,NaN,NaN,NaN,NaN,NaN,NaN,NaN,NaN,NaN,NaN,NaN,
24.829,0.01848,-0.00205,0.13017,0.59367,-0.14312,0.24494,-0.75304,NaN,NaN,NaN,NaN,NaN,NaN,NaN,NaN,NaN,NaN,NaN,NaN,NaN,NaN,NaN,NaN,NaN,NaN,NaN,NaN,NaN,
24.854,0.01849,-0.00198,0.13014,0.59454,-0.14373,0.24409,-0.75252,NaN,NaN,NaN,NaN,NaN,NaN,NaN,NaN,NaN,NaN,NaN,NaN,NaN,NaN,NaN,NaN,NaN,NaN,NaN,NaN,NaN,
24.879,0.01853,-0.00190,0.13016,0.59523,-0.14488,0.24381,-0.75184,NaN,NaN,NaN,NaN,NaN,NaN,NaN,NaN,NaN,NaN,NaN,NaN,NaN,NaN,NaN,NaN,NaN,NaN,NaN,NaN,NaN,
24.904,0.01852,-0.00187,0.13016,0.59591,-0.14577,0.24340,-0.75127,NaN,NaN,NaN,NaN,NaN,NaN,NaN,NaN,NaN,NaN,NaN,NaN,NaN,NaN,NaN,NaN,NaN,NaN,NaN,NaN,NaN,
24.929,0.01854,-0.00177,0.13016,0.59637,-0.14620,0.24300,-0.75094,NaN,NaN,NaN,NaN,NaN,NaN,NaN,NaN,NaN,NaN,NaN,NaN,NaN,NaN,NaN,NaN,NaN,NaN,NaN,NaN,NaN,
24.954,0.01857,-0.00165,0.13016,0.59694,-0.14679,0.24256,-0.75052,NaN,NaN,NaN,NaN,NaN,NaN,NaN,NaN,NaN,NaN,NaN,NaN,NaN,NaN,NaN,NaN,NaN,NaN,NaN,NaN,NaN,
24.979,0.01858,-0.00158,0.13017,0.59762,-0.14777,0.24219,-0.74991,NaN,NaN,NaN,NaN,NaN,NaN,NaN,NaN,NaN,NaN,NaN,NaN,NaN,NaN,NaN,NaN,NaN,NaN,NaN,NaN,NaN,
25.004,0.01857,-0.00151,0.13019,0.59814,-0.14852,0.24190,-0.74943,NaN,NaN,NaN,NaN,NaN,NaN,NaN,NaN,NaN,NaN,NaN,NaN,NaN,NaN,NaN,NaN,NaN,NaN,NaN,NaN,NaN,
25.029,0.01862,-0.00144,0.13010,0.59871,-0.14874,0.24122,-0.74915,NaN,NaN,NaN,NaN,NaN,NaN,NaN,NaN,NaN,NaN,NaN,NaN,NaN,NaN,NaN,NaN,NaN,NaN,NaN,NaN,NaN,
25.054,0.01862,-0.00139,0.13009,0.59937,-0.14938,0.24069,-0.74867,NaN,NaN,NaN,NaN,NaN,NaN,NaN,NaN,NaN,NaN,NaN,NaN,NaN,NaN,NaN,NaN,NaN,NaN,NaN,NaN,NaN,
25.079,0.01864,-0.00130,0.13007,0.59984,-0.14972,0.24022,-0.74838,NaN,NaN,NaN,NaN,NaN,NaN,NaN,NaN,NaN,NaN,NaN,NaN,NaN,NaN,NaN,NaN,NaN,NaN,NaN,NaN,NaN,
25.104,0.01863,-0.00126,0.13011,0.60028,-0.15053,0.24008,-0.74791,NaN,NaN,NaN,NaN,NaN,NaN,NaN,NaN,NaN,NaN,NaN,NaN,NaN,NaN,NaN,NaN,NaN,NaN,NaN,NaN,NaN,
25.129,0.01867,-0.00119,0.13005,0.60057,-0.15052,0.23967,-0.74781,NaN,NaN,NaN,NaN,NaN,NaN,NaN,NaN,NaN,NaN,NaN,NaN,NaN,NaN,NaN,NaN,NaN,NaN,NaN,NaN,NaN,
25.154,0.01864,-0.00117,0.13004,0.60104,-0.15094,0.23925,-0.74748,NaN,NaN,NaN,NaN,NaN,NaN,NaN,NaN,NaN,NaN,NaN,NaN,NaN,NaN,NaN,NaN,NaN,NaN,NaN,NaN,NaN,
25.179,0.01868,-0.00112,0.13003,0.60168,-0.15166,0.23878,-0.74697,NaN,NaN,NaN,NaN,NaN,NaN,NaN,NaN,NaN,NaN,NaN,NaN,NaN,NaN,NaN,NaN,NaN,NaN,NaN,NaN,NaN,
25.204,0.01866,-0.00108,0.13006,0.60214,-0.15230,0.23850,-0.74656,NaN,NaN,NaN,NaN,NaN,NaN,NaN,NaN,NaN,NaN,NaN,NaN,NaN,NaN,NaN,NaN,NaN,NaN,NaN,NaN,NaN,
25.229,0.01872,-0.00093,0.12997,0.60263,-0.15220,0.23775,-0.74642,NaN,NaN,NaN,NaN,NaN,NaN,NaN,NaN,NaN,NaN,NaN,NaN,NaN,NaN,NaN,NaN,NaN,NaN,NaN,NaN,NaN,
25.254,0.01869,-0.00085,0.13002,0.60344,-0.15338,0.23729,-0.74567,NaN,NaN,NaN,NaN,NaN,NaN,NaN,NaN,NaN,NaN,NaN,NaN,NaN,NaN,NaN,NaN,NaN,NaN,NaN,NaN,NaN,
25.279,0.01869,-0.00077,0.12999,0.60451,-0.15441,0.23638,-0.74488,NaN,NaN,NaN,NaN,NaN,NaN,NaN,NaN,NaN,NaN,NaN,NaN,NaN,NaN,NaN,NaN,NaN,NaN,NaN,NaN,NaN,
25.304,0.01866,-0.00063,0.13001,0.60550,-0.15550,0.23562,-0.74409,NaN,NaN,NaN,NaN,NaN,NaN,NaN,NaN,NaN,NaN,NaN,NaN,NaN,NaN,NaN,NaN,NaN,NaN,NaN,NaN,NaN,
25.329,0.01867,-0.00052,0.13001,0.60647,-0.15653,0.23485,-0.74333,NaN,NaN,NaN,NaN,NaN,NaN,NaN,NaN,NaN,NaN,NaN,NaN,NaN,NaN,NaN,NaN,NaN,NaN,NaN,NaN,NaN,
25.354,0.01873,-0.00039,0.12995,0.60754,-0.15728,0.23375,-0.74264,NaN,NaN,NaN,NaN,NaN,NaN,NaN,NaN,NaN,NaN,NaN,NaN,NaN,NaN,NaN,NaN,NaN,NaN,NaN,NaN,NaN,
25.379,0.01881,-0.00027,0.12992,0.60852,-0.15840,0.23302,-0.74183,NaN,NaN,NaN,NaN,NaN,NaN,NaN,NaN,NaN,NaN,NaN,NaN,NaN,NaN,NaN,NaN,NaN,NaN,NaN,NaN,NaN,
25.404,0.01874,-0.00027,0.12995,0.60928,-0.15963,0.23264,-0.74106,NaN,NaN,NaN,NaN,NaN,NaN,NaN,NaN,NaN,NaN,NaN,NaN,NaN,NaN,NaN,NaN,NaN,NaN,NaN,NaN,NaN,
25.429,0.01878,-0.00011,0.12990,0.61008,-0.16025,0.23186,-0.74052,NaN,NaN,NaN,NaN,NaN,NaN,NaN,NaN,NaN,NaN,NaN,NaN,NaN,NaN,NaN,NaN,NaN,NaN,NaN,NaN,NaN,
25.454,0.01879,-0.00000,0.12986,0.61074,-0.16071,0.23118,-0.74008,NaN,NaN,NaN,NaN,NaN,NaN,NaN,NaN,NaN,NaN,NaN,NaN,NaN,NaN,NaN,NaN,NaN,NaN,NaN,NaN,NaN,
25.479,0.01873,0.00004,0.12990,0.61155,-0.16186,0.23069,-0.73932,NaN,NaN,NaN,NaN,NaN,NaN,NaN,NaN,NaN,NaN,NaN,NaN,NaN,NaN,NaN,NaN,NaN,NaN,NaN,NaN,NaN,
25.504,0.01879,0.00021,0.12984,0.61225,-0.16212,0.22983,-0.73895,NaN,NaN,NaN,NaN,NaN,NaN,NaN,NaN,NaN,NaN,NaN,NaN,NaN,NaN,NaN,NaN,NaN,NaN,NaN,NaN,NaN,
25.529,0.01881,0.00023,0.12985,0.61302,-0.16318,0.22934,-0.73823,NaN,NaN,NaN,NaN,NaN,NaN,NaN,NaN,NaN,NaN,NaN,NaN,NaN,NaN,NaN,NaN,NaN,NaN,NaN,NaN,NaN,
25.554,0.01880,0.00031,0.12980,0.61382,-0.16364,0.22845,-0.73773,NaN,NaN,NaN,NaN,NaN,NaN,NaN,NaN,NaN,NaN,NaN,NaN,NaN,NaN,NaN,NaN,NaN,NaN,NaN,NaN,NaN,
25.579,0.01881,0.00040,0.12980,0.61437,-0.16437,0.22809,-0.73723,NaN,NaN,NaN,NaN,NaN,NaN,NaN,NaN,NaN,NaN,NaN,NaN,NaN,NaN,NaN,NaN,NaN,NaN,NaN,NaN,NaN,
25.604,0.01885,0.00051,0.12978,0.61490,-0.16493,0.22765,-0.73680,NaN,NaN,NaN,NaN,NaN,NaN,NaN,NaN,NaN,NaN,NaN,NaN,NaN,NaN,NaN,NaN,NaN,NaN,NaN,NaN,NaN,
25.629,0.01883,0.00059,0.12982,0.61565,-0.16609,0.22722,-0.73604,NaN,NaN,NaN,NaN,NaN,NaN,NaN,NaN,NaN,NaN,NaN,NaN,NaN,NaN,NaN,NaN,NaN,NaN,NaN,NaN,NaN,
25.654,0.01882,0.00064,0.12979,0.61625,-0.16653,0.22662,-0.73563,NaN,NaN,NaN,NaN,NaN,NaN,NaN,NaN,NaN,NaN,NaN,NaN,NaN,NaN,NaN,NaN,NaN,NaN,NaN,NaN,NaN,
25.679,0.01884,0.00071,0.12975,0.61680,-0.16682,0.22598,-0.73530,NaN,NaN,NaN,NaN,NaN,NaN,NaN,NaN,NaN,NaN,NaN,NaN,NaN,NaN,NaN,NaN,NaN,NaN,NaN,NaN,NaN,
25.704,0.01881,0.00074,0.12977,0.61754,-0.16763,0.22538,-0.73468,NaN,NaN,NaN,NaN,NaN,NaN,NaN,NaN,NaN,NaN,NaN,NaN,NaN,NaN,NaN,NaN,NaN,NaN,NaN,NaN,NaN,
25.729,0.01878,0.00089,0.12980,0.61868,-0.16904,0.22454,-0.73365,NaN,NaN,NaN,NaN,NaN,NaN,NaN,NaN,NaN,NaN,NaN,NaN,NaN,NaN,NaN,NaN,NaN,NaN,NaN,NaN,NaN,
25.754,0.01879,0.00102,0.12977,0.61981,-0.17012,0.22352,-0.73276,NaN,NaN,NaN,NaN,NaN,NaN,NaN,NaN,NaN,NaN,NaN,NaN,NaN,NaN,NaN,NaN,NaN,NaN,NaN,NaN,NaN,
25.779,0.01885,0.00107,0.12973,0.62063,-0.17081,0.22271,-0.73215,NaN,NaN,NaN,NaN,NaN,NaN,NaN,NaN,NaN,NaN,NaN,NaN,NaN,NaN,NaN,NaN,NaN,NaN,NaN,NaN,NaN,
25.804,0.01885,0.00112,0.12973,0.62100,-0.17110,0.22233,-0.73188,NaN,NaN,NaN,NaN,NaN,NaN,NaN,NaN,NaN,NaN,NaN,NaN,NaN,NaN,NaN,NaN,NaN,NaN,NaN,NaN,NaN,
25.829,0.01887,0.00116,0.12975,0.62131,-0.17176,0.22225,-0.73149,NaN,NaN,NaN,NaN,NaN,NaN,NaN,NaN,NaN,NaN,NaN,NaN,NaN,NaN,NaN,NaN,NaN,NaN,NaN,NaN,NaN,
25.854,0.01888,0.00126,0.12970,0.62164,-0.17181,0.22180,-0.73133,NaN,NaN,NaN,NaN,NaN,NaN,NaN,NaN,NaN,NaN,NaN,NaN,NaN,NaN,NaN,NaN,NaN,NaN,NaN,NaN,NaN,
25.879,0.01890,0.00132,0.12967,0.62207,-0.17208,0.22133,-0.73105,NaN,NaN,NaN,NaN,NaN,NaN,NaN,NaN,NaN,NaN,NaN,NaN,NaN,NaN,NaN,NaN,NaN,NaN,NaN,NaN,NaN,
25.904,0.01882,0.00130,0.12968,0.62285,-0.17290,0.22066,-0.73039,NaN,NaN,NaN,NaN,NaN,NaN,NaN,NaN,NaN,NaN,NaN,NaN,NaN,NaN,NaN,NaN,NaN,NaN,NaN,NaN,NaN,
25.929,0.01890,0.00154,0.12971,0.62409,-0.17443,0.21971,-0.72925,NaN,NaN,NaN,NaN,NaN,NaN,NaN,NaN,NaN,NaN,NaN,NaN,NaN,NaN,NaN,NaN,NaN,NaN,NaN,NaN,NaN,
25.954,0.01889,0.00166,0.12966,0.62622,-0.17637,0.21768,-0.72757,NaN,NaN,NaN,NaN,NaN,NaN,NaN,NaN,NaN,NaN,NaN,NaN,NaN,NaN,NaN,NaN,NaN,NaN,NaN,NaN,NaN,
25.979,0.01890,0.00183,0.12965,0.62811,-0.17817,0.21590,-0.72603,NaN,NaN,NaN,NaN,NaN,NaN,NaN,NaN,NaN,NaN,NaN,NaN,NaN,NaN,NaN,NaN,NaN,NaN,NaN,NaN,NaN,
26.004,0.01888,0.00192,0.12966,0.62932,-0.17938,0.21479,-0.72501,NaN,NaN,NaN,NaN,NaN,NaN,NaN,NaN,NaN,NaN,NaN,NaN,NaN,NaN,NaN,NaN,NaN,NaN,NaN,NaN,NaN,
26.029,0.01889,0.00206,0.12968,0.63006,-0.18018,0.21415,-0.72436,NaN,NaN,NaN,NaN,NaN,NaN,NaN,NaN,NaN,NaN,NaN,NaN,NaN,NaN,NaN,NaN,NaN,NaN,NaN,NaN,NaN,
26.054,0.01889,0.00211,0.12971,0.63069,-0.18098,0.21367,-0.72375,NaN,NaN,NaN,NaN,NaN,NaN,NaN,NaN,NaN,NaN,NaN,NaN,NaN,NaN,NaN,NaN,NaN,NaN,NaN,NaN,NaN,
26.079,0.01894,0.00226,0.12977,0.63117,-0.18161,0.21332,-0.72329,NaN,NaN,NaN,NaN,NaN,NaN,NaN,NaN,NaN,NaN,NaN,NaN,NaN,NaN,NaN,NaN,NaN,NaN,NaN,NaN,NaN,
26.104,0.01880,0.00214,0.12983,0.63208,-0.18277,0.21261,-0.72240,NaN,NaN,NaN,NaN,NaN,NaN,NaN,NaN,NaN,NaN,NaN,NaN,NaN,NaN,NaN,NaN,NaN,NaN,NaN,NaN,NaN,
26.129,0.01893,0.00238,0.12980,0.63251,-0.18287,0.21201,-0.72218,NaN,NaN,NaN,NaN,NaN,NaN,NaN,NaN,NaN,NaN,NaN,NaN,NaN,NaN,NaN,NaN,NaN,NaN,NaN,NaN,NaN,
26.154,0.01894,0.00239,0.12982,0.63232,-0.18248,0.21209,-0.72242,NaN,NaN,NaN,NaN,NaN,NaN,NaN,NaN,NaN,NaN,NaN,NaN,NaN,NaN,NaN,NaN,NaN,NaN,NaN,NaN,NaN,
26.179,0.01888,0.00229,0.12993,0.63229,-0.18289,0.21236,-0.72226,NaN,NaN,NaN,NaN,NaN,NaN,NaN,NaN,NaN,NaN,NaN,NaN,NaN,NaN,NaN,NaN,NaN,NaN,NaN,NaN,NaN,
26.204,0.01896,0.00233,0.12994,0.63242,-0.18274,0.21208,-0.72227,NaN,NaN,NaN,NaN,NaN,NaN,NaN,NaN,NaN,NaN,NaN,NaN,NaN,NaN,NaN,NaN,NaN,NaN,NaN,NaN,NaN,
26.229,0.01893,0.00229,0.12982,0.63169,-0.18189,0.21270,-0.72294,NaN,NaN,NaN,NaN,NaN,NaN,NaN,NaN,NaN,NaN,NaN,NaN,NaN,NaN,NaN,NaN,NaN,NaN,NaN,NaN,NaN,
26.254,0.01894,0.00232,0.12985,0.63196,-0.18226,0.21250,-0.72267,NaN,NaN,NaN,NaN,NaN,NaN,NaN,NaN,NaN,NaN,NaN,NaN,NaN,NaN,NaN,NaN,NaN,NaN,NaN,NaN,NaN,
26.279,0.01895,0.00235,0.12989,0.63223,-0.18267,0.21233,-0.72238,NaN,NaN,NaN,NaN,NaN,NaN,NaN,NaN,NaN,NaN,NaN,NaN,NaN,NaN,NaN,NaN,NaN,NaN,NaN,NaN,NaN,
26.304,0.01897,0.00236,0.12992,0.63239,-0.18292,0.21222,-0.72220,NaN,NaN,NaN,NaN,NaN,NaN,NaN,NaN,NaN,NaN,NaN,NaN,NaN,NaN,NaN,NaN,NaN,NaN,NaN,NaN,NaN,
26.329,0.01900,0.00238,0.12994,0.63254,-0.18309,0.21210,-0.72207,NaN,NaN,NaN,NaN,NaN,NaN,NaN,NaN,NaN,NaN,NaN,NaN,NaN,NaN,NaN,NaN,NaN,NaN,NaN,NaN,NaN,
26.354,0.01903,0.00241,0.12996,0.63257,-0.18311,0.21206,-0.72205,NaN,NaN,NaN,NaN,NaN,NaN,NaN,NaN,NaN,NaN,NaN,NaN,NaN,NaN,NaN,NaN,NaN,NaN,NaN,NaN,NaN,
26.379,0.01906,0.00243,0.12999,0.63262,-0.18321,0.21204,-0.72198,NaN,NaN,NaN,NaN,NaN,NaN,NaN,NaN,NaN,NaN,NaN,NaN,NaN,NaN,NaN,NaN,NaN,NaN,NaN,NaN,NaN,
26.404,0.01908,0.00244,0.13003,0.63275,-0.18351,0.21202,-0.72180,NaN,NaN,NaN,NaN,NaN,NaN,NaN,NaN,NaN,NaN,NaN,NaN,NaN,NaN,NaN,NaN,NaN,NaN,NaN,NaN,NaN,
26.429,0.01909,0.00245,0.13007,0.63286,-0.18378,0.21201,-0.72164,NaN,NaN,NaN,NaN,NaN,NaN,NaN,NaN,NaN,NaN,NaN,NaN,NaN,NaN,NaN,NaN,NaN,NaN,NaN,NaN,NaN,
26.454,0.01911,0.00247,0.13011,0.63296,-0.18403,0.21201,-0.72149,NaN,NaN,NaN,NaN,NaN,NaN,NaN,NaN,NaN,NaN,NaN,NaN,NaN,NaN,NaN,NaN,NaN,NaN,NaN,NaN,NaN,
26.479,0.01912,0.00248,0.13014,0.63309,-0.18432,0.21197,-0.72131,NaN,NaN,NaN,NaN,NaN,NaN,NaN,NaN,NaN,NaN,NaN,NaN,NaN,NaN,NaN,NaN,NaN,NaN,NaN,NaN,NaN,
26.504,0.01914,0.00251,0.13015,0.63322,-0.18444,0.21184,-0.72121,NaN,NaN,NaN,NaN,NaN,NaN,NaN,NaN,NaN,NaN,NaN,NaN,NaN,NaN,NaN,NaN,NaN,NaN,NaN,NaN,NaN,
26.529,0.01916,0.00255,0.13017,0.63337,-0.18454,0.21168,-0.72110,NaN,NaN,NaN,NaN,NaN,NaN,NaN,NaN,NaN,NaN,NaN,NaN,NaN,NaN,NaN,NaN,NaN,NaN,NaN,NaN,NaN,
26.554,0.01916,0.00259,0.13020,0.63363,-0.18486,0.21147,-0.72085,NaN,NaN,NaN,NaN,NaN,NaN,NaN,NaN,NaN,NaN,NaN,NaN,NaN,NaN,NaN,NaN,NaN,NaN,NaN,NaN,NaN,
26.579,0.01903,0.00284,0.13019,0.63795,-0.18867,0.20710,-0.71731,NaN,NaN,NaN,NaN,NaN,NaN,NaN,NaN,NaN,NaN,NaN,NaN,NaN,NaN,NaN,NaN,NaN,NaN,NaN,NaN,NaN,
26.604,0.01914,0.00344,0.13027,0.64136,-0.19213,0.20386,-0.71427,NaN,NaN,NaN,NaN,NaN,NaN,NaN,NaN,NaN,NaN,NaN,NaN,NaN,NaN,NaN,NaN,NaN,NaN,NaN,NaN,NaN,
26.629,0.01917,0.00371,0.13029,0.64373,-0.19459,0.20162,-0.71211,NaN,NaN,NaN,NaN,NaN,NaN,NaN,NaN,NaN,NaN,NaN,NaN,NaN,NaN,NaN,NaN,NaN,NaN,NaN,NaN,NaN,
26.654,0.01924,0.00401,0.13035,0.64499,-0.19609,0.20052,-0.71086,NaN,NaN,NaN,NaN,NaN,NaN,NaN,NaN,NaN,NaN,NaN,NaN,NaN,NaN,NaN,NaN,NaN,NaN,NaN,NaN,NaN,
26.679,0.01921,0.00409,0.13038,0.64557,-0.19657,0.19990,-0.71039,NaN,NaN,NaN,NaN,NaN,NaN,NaN,NaN,NaN,NaN,NaN,NaN,NaN,NaN,NaN,NaN,NaN,NaN,NaN,NaN,NaN,
26.704,0.01920,0.00412,0.13041,0.64602,-0.19706,0.19947,-0.70995,NaN,NaN,NaN,NaN,NaN,NaN,NaN,NaN,NaN,NaN,NaN,NaN,NaN,NaN,NaN,NaN,NaN,NaN,NaN,NaN,NaN,
26.729,0.01920,0.00411,0.13038,0.64672,-0.19775,0.19878,-0.70932,NaN,NaN,NaN,NaN,NaN,NaN,NaN,NaN,NaN,NaN,NaN,NaN,NaN,NaN,NaN,NaN,NaN,NaN,NaN,NaN,NaN,
26.754,0.01926,0.00430,0.13042,0.64757,-0.19903,0.19818,-0.70836,NaN,NaN,NaN,NaN,NaN,NaN,NaN,NaN,NaN,NaN,NaN,NaN,NaN,NaN,NaN,NaN,NaN,NaN,NaN,NaN,NaN,
26.779,0.01928,0.00451,0.13028,0.64924,-0.19974,0.19599,-0.70723,NaN,NaN,NaN,NaN,NaN,NaN,NaN,NaN,NaN,NaN,NaN,NaN,NaN,NaN,NaN,NaN,NaN,NaN,NaN,NaN,NaN,
26.804,0.01919,0.00471,0.13048,0.65048,-0.20172,0.19515,-0.70576,NaN,NaN,NaN,NaN,NaN,NaN,NaN,NaN,NaN,NaN,NaN,NaN,NaN,NaN,NaN,NaN,NaN,NaN,NaN,NaN,NaN,
26.829,0.01923,0.00476,0.13053,0.65115,-0.20260,0.19460,-0.70505,NaN,NaN,NaN,NaN,NaN,NaN,NaN,NaN,NaN,NaN,NaN,NaN,NaN,NaN,NaN,NaN,NaN,NaN,NaN,NaN,NaN,
26.854,0.01926,0.00487,0.13060,0.65178,-0.20367,0.19420,-0.70426,NaN,NaN,NaN,NaN,NaN,NaN,NaN,NaN,NaN,NaN,NaN,NaN,NaN,NaN,NaN,NaN,NaN,NaN,NaN,NaN,NaN,
26.879,0.01922,0.00494,0.13059,0.65222,-0.20413,0.19376,-0.70384,NaN,NaN,NaN,NaN,NaN,NaN,NaN,NaN,NaN,NaN,NaN,NaN,NaN,NaN,NaN,NaN,NaN,NaN,NaN,NaN,NaN,
26.904,0.01924,0.00498,0.13055,0.65249,-0.20412,0.19334,-0.70371,NaN,NaN,NaN,NaN,NaN,NaN,NaN,NaN,NaN,NaN,NaN,NaN,NaN,NaN,NaN,NaN,NaN,NaN,NaN,NaN,NaN,
26.929,0.01927,0.00507,0.13053,0.65276,-0.20404,0.19288,-0.70362,NaN,NaN,NaN,NaN,NaN,NaN,NaN,NaN,NaN,NaN,NaN,NaN,NaN,NaN,NaN,NaN,NaN,NaN,NaN,NaN,NaN,
26.954,0.01923,0.00507,0.13059,0.65293,-0.20454,0.19288,-0.70331,NaN,NaN,NaN,NaN,NaN,NaN,NaN,NaN,NaN,NaN,NaN,NaN,NaN,NaN,NaN,NaN,NaN,NaN,NaN,NaN,NaN,
26.979,0.01926,0.00509,0.13054,0.65324,-0.20487,0.19258,-0.70301,NaN,NaN,NaN,NaN,NaN,NaN,NaN,NaN,NaN,NaN,NaN,NaN,NaN,NaN,NaN,NaN,NaN,NaN,NaN,NaN,NaN,
27.004,0.01924,0.00496,0.13056,0.65223,-0.20395,0.19365,-0.70392,NaN,NaN,NaN,NaN,NaN,NaN,NaN,NaN,NaN,NaN,NaN,NaN,NaN,NaN,NaN,NaN,NaN,NaN,NaN,NaN,NaN,
27.029,0.01921,0.00507,0.13047,0.65360,-0.20573,0.19249,-0.70245,NaN,NaN,NaN,NaN,NaN,NaN,NaN,NaN,NaN,NaN,NaN,NaN,NaN,NaN,NaN,NaN,NaN,NaN,NaN,NaN,NaN,
27.054,0.01925,0.00512,0.13035,0.65380,-0.20559,0.19210,-0.70241,NaN,NaN,NaN,NaN,NaN,NaN,NaN,NaN,NaN,NaN,NaN,NaN,NaN,NaN,NaN,NaN,NaN,NaN,NaN,NaN,NaN,
27.079,0.01918,0.00504,0.13031,0.65397,-0.20617,0.19215,-0.70207,NaN,NaN,NaN,NaN,NaN,NaN,NaN,NaN,NaN,NaN,NaN,NaN,NaN,NaN,NaN,NaN,NaN,NaN,NaN,NaN,NaN,
27.104,0.01924,0.00512,0.13018,0.65400,-0.20595,0.19198,-0.70215,NaN,NaN,NaN,NaN,NaN,NaN,NaN,NaN,NaN,NaN,NaN,NaN,NaN,NaN,NaN,NaN,NaN,NaN,NaN,NaN,NaN,
27.129,0.01929,0.00520,0.13009,0.65424,-0.20659,0.19195,-0.70175,NaN,NaN,NaN,NaN,NaN,NaN,NaN,NaN,NaN,NaN,NaN,NaN,NaN,NaN,NaN,NaN,NaN,NaN,NaN,NaN,NaN,
27.154,0.01925,0.00526,0.13004,0.65439,-0.20722,0.19205,-0.70139,NaN,NaN,NaN,NaN,NaN,NaN,NaN,NaN,NaN,NaN,NaN,NaN,NaN,NaN,NaN,NaN,NaN,NaN,NaN,NaN,NaN,
27.179,0.01920,0.00524,0.12998,0.65478,-0.20790,0.19182,-0.70089,NaN,NaN,NaN,NaN,NaN,NaN,NaN,NaN,NaN,NaN,NaN,NaN,NaN,NaN,NaN,NaN,NaN,NaN,NaN,NaN,NaN,
27.204,0.01927,0.00530,0.12988,0.65523,-0.20861,0.19149,-0.70034,NaN,NaN,NaN,NaN,NaN,NaN,NaN,NaN,NaN,NaN,NaN,NaN,NaN,NaN,NaN,NaN,NaN,NaN,NaN,NaN,NaN,
27.229,0.01933,0.00535,0.12973,0.65564,-0.20889,0.19101,-0.70001,NaN,NaN,NaN,NaN,NaN,NaN,NaN,NaN,NaN,NaN,NaN,NaN,NaN,NaN,NaN,NaN,NaN,NaN,NaN,NaN,NaN,
27.254,0.01927,0.00529,0.12957,0.65615,-0.20904,0.19028,-0.69968,NaN,NaN,NaN,NaN,NaN,NaN,NaN,NaN,NaN,NaN,NaN,NaN,NaN,NaN,NaN,NaN,NaN,NaN,NaN,NaN,NaN,
27.279,0.01929,0.00537,0.12959,0.65628,-0.20982,0.19051,-0.69927,NaN,NaN,NaN,NaN,NaN,NaN,NaN,NaN,NaN,NaN,NaN,NaN,NaN,NaN,NaN,NaN,NaN,NaN,NaN,NaN,NaN,
27.304,0.01928,0.00542,0.12957,0.65629,-0.20971,0.19043,-0.69931,NaN,NaN,NaN,NaN,NaN,NaN,NaN,NaN,NaN,NaN,NaN,NaN,NaN,NaN,NaN,NaN,NaN,NaN,NaN,NaN,NaN,
27.329,0.01932,0.00547,0.12953,0.65644,-0.20976,0.19022,-0.69922,NaN,NaN,NaN,NaN,NaN,NaN,NaN,NaN,NaN,NaN,NaN,NaN,NaN,NaN,NaN,NaN,NaN,NaN,NaN,NaN,NaN,
27.354,0.01931,0.00543,0.12950,0.65674,-0.21017,0.18997,-0.69888,NaN,NaN,NaN,NaN,NaN,NaN,NaN,NaN,NaN,NaN,NaN,NaN,NaN,NaN,NaN,NaN,NaN,NaN,NaN,NaN,NaN,
27.379,0.01928,0.00543,0.12949,0.65707,-0.21058,0.18967,-0.69853,NaN,NaN,NaN,NaN,NaN,NaN,NaN,NaN,NaN,NaN,NaN,NaN,NaN,NaN,NaN,NaN,NaN,NaN,NaN,NaN,NaN,
27.404,0.01925,0.00546,0.12952,0.65724,-0.21089,0.18957,-0.69830,NaN,NaN,NaN,NaN,NaN,NaN,NaN,NaN,NaN,NaN,NaN,NaN,NaN,NaN,NaN,NaN,NaN,NaN,NaN,NaN,NaN,
27.429,0.01922,0.00549,0.12957,0.65757,-0.21143,0.18934,-0.69789,NaN,NaN,NaN,NaN,NaN,NaN,NaN,NaN,NaN,NaN,NaN,NaN,NaN,NaN,NaN,NaN,NaN,NaN,NaN,NaN,NaN,
27.454,0.01938,0.00592,0.12963,0.65871,-0.21263,0.18820,-0.69676,NaN,NaN,NaN,NaN,NaN,NaN,NaN,NaN,NaN,NaN,NaN,NaN,NaN,NaN,NaN,NaN,NaN,NaN,NaN,NaN,NaN,
27.479,0.01949,0.00668,0.12933,0.66494,-0.21780,0.18105,-0.69111,NaN,NaN,NaN,NaN,NaN,NaN,NaN,NaN,NaN,NaN,NaN,NaN,NaN,NaN,NaN,NaN,NaN,NaN,NaN,NaN,NaN,
27.504,0.01936,0.00737,0.12940,0.66976,-0.22311,0.17610,-0.68603,NaN,NaN,NaN,NaN,NaN,NaN,NaN,NaN,NaN,NaN,NaN,NaN,NaN,NaN,NaN,NaN,NaN,NaN,NaN,NaN,NaN,
27.529,0.01915,0.00741,0.12962,0.67154,-0.22654,0.17501,-0.68344,NaN,NaN,NaN,NaN,NaN,NaN,NaN,NaN,NaN,NaN,NaN,NaN,NaN,NaN,NaN,NaN,NaN,NaN,NaN,NaN,NaN,
27.554,0.01915,0.00760,0.12973,0.67233,-0.22736,0.17415,-0.68260,NaN,NaN,NaN,NaN,NaN,NaN,NaN,NaN,NaN,NaN,NaN,NaN,NaN,NaN,NaN,NaN,NaN,NaN,NaN,NaN,NaN,
27.579,0.01918,0.00777,0.12967,0.67293,-0.22698,0.17298,-0.68244,NaN,NaN,NaN,NaN,NaN,NaN,NaN,NaN,NaN,NaN,NaN,NaN,NaN,NaN,NaN,NaN,NaN,NaN,NaN,NaN,NaN,
27.604,0.01911,0.00779,0.12976,0.67337,-0.22808,0.17283,-0.68167,NaN,NaN,NaN,NaN,NaN,NaN,NaN,NaN,NaN,NaN,NaN,NaN,NaN,NaN,NaN,NaN,NaN,NaN,NaN,NaN,NaN,
27.629,0.01919,0.00792,0.12969,0.67383,-0.22853,0.17232,-0.68120,NaN,NaN,NaN,NaN,NaN,NaN,NaN,NaN,NaN,NaN,NaN,NaN,NaN,NaN,NaN,NaN,NaN,NaN,NaN,NaN,NaN,
27.654,0.01918,0.00793,0.12966,0.67451,-0.22948,0.17169,-0.68036,NaN,NaN,NaN,NaN,NaN,NaN,NaN,NaN,NaN,NaN,NaN,NaN,NaN,NaN,NaN,NaN,NaN,NaN,NaN,NaN,NaN,
27.679,0.01911,0.00792,0.12969,0.67506,-0.23019,0.17117,-0.67971,NaN,NaN,NaN,NaN,NaN,NaN,NaN,NaN,NaN,NaN,NaN,NaN,NaN,NaN,NaN,NaN,NaN,NaN,NaN,NaN,NaN,
27.704,0.01909,0.00806,0.12971,0.67562,-0.23048,0.17039,-0.67925,NaN,NaN,NaN,NaN,NaN,NaN,NaN,NaN,NaN,NaN,NaN,NaN,NaN,NaN,NaN,NaN,NaN,NaN,NaN,NaN,NaN,
27.729,0.01916,0.00827,0.12972,0.67619,-0.23109,0.16978,-0.67863,NaN,NaN,NaN,NaN,NaN,NaN,NaN,NaN,NaN,NaN,NaN,NaN,NaN,NaN,NaN,NaN,NaN,NaN,NaN,NaN,NaN,
27.754,0.01917,0.00832,0.12967,0.67689,-0.23206,0.16912,-0.67776,NaN,NaN,NaN,NaN,NaN,NaN,NaN,NaN,NaN,NaN,NaN,NaN,NaN,NaN,NaN,NaN,NaN,NaN,NaN,NaN,NaN,
27.779,0.01914,0.00839,0.12968,0.67755,-0.23332,0.16869,-0.67678,NaN,NaN,NaN,NaN,NaN,NaN,NaN,NaN,NaN,NaN,NaN,NaN,NaN,NaN,NaN,NaN,NaN,NaN,NaN,NaN,NaN,
27.804,0.01908,0.00840,0.12967,0.67792,-0.23335,0.16809,-0.67655,NaN,NaN,NaN,NaN,NaN,NaN,NaN,NaN,NaN,NaN,NaN,NaN,NaN,NaN,NaN,NaN,NaN,NaN,NaN,NaN,NaN,
27.829,0.01909,0.00837,0.12965,0.67753,-0.23237,0.16823,-0.67724,NaN,NaN,NaN,NaN,NaN,NaN,NaN,NaN,NaN,NaN,NaN,NaN,NaN,NaN,NaN,NaN,NaN,NaN,NaN,NaN,NaN,
27.854,0.01905,0.00834,0.12964,0.67709,-0.23178,0.16865,-0.67778,NaN,NaN,NaN,NaN,NaN,NaN,NaN,NaN,NaN,NaN,NaN,NaN,NaN,NaN,NaN,NaN,NaN,NaN,NaN,NaN,NaN,
27.879,0.01916,0.00850,0.12961,0.67696,-0.23188,0.16891,-0.67781,NaN,NaN,NaN,NaN,NaN,NaN,NaN,NaN,NaN,NaN,NaN,NaN,NaN,NaN,NaN,NaN,NaN,NaN,NaN,NaN,NaN,
27.904,0.01914,0.00861,0.12967,0.67677,-0.23226,0.16943,-0.67774,NaN,NaN,NaN,NaN,NaN,NaN,NaN,NaN,NaN,NaN,NaN,NaN,NaN,NaN,NaN,NaN,NaN,NaN,NaN,NaN,NaN,
27.929,0.01911,0.00842,0.12967,0.67694,-0.23204,0.16903,-0.67774,NaN,NaN,NaN,NaN,NaN,NaN,NaN,NaN,NaN,NaN,NaN,NaN,NaN,NaN,NaN,NaN,NaN,NaN,NaN,NaN,NaN,
27.954,0.01909,0.00841,0.12965,0.67675,-0.23170,0.16916,-0.67802,NaN,NaN,NaN,NaN,NaN,NaN,NaN,NaN,NaN,NaN,NaN,NaN,NaN,NaN,NaN,NaN,NaN,NaN,NaN,NaN,NaN,
27.979,0.01899,0.00840,0.12964,0.67322,-0.22685,0.17244,-0.68234,NaN,NaN,NaN,NaN,NaN,NaN,NaN,NaN,NaN,NaN,NaN,NaN,NaN,NaN,NaN,NaN,NaN,NaN,NaN,NaN,NaN,
28.004,0.01908,0.00856,0.12956,0.67281,-0.22597,0.17266,-0.68298,NaN,NaN,NaN,NaN,NaN,NaN,NaN,NaN,NaN,NaN,NaN,NaN,NaN,NaN,NaN,NaN,NaN,NaN,NaN,NaN,NaN,
28.029,0.01897,0.00856,0.12953,0.67297,-0.22556,0.17218,-0.68308,NaN,NaN,NaN,NaN,NaN,NaN,NaN,NaN,NaN,NaN,NaN,NaN,NaN,NaN,NaN,NaN,NaN,NaN,NaN,NaN,NaN,
28.054,0.01885,0.00854,0.12960,0.67259,-0.22464,0.17230,-0.68371,NaN,NaN,NaN,NaN,NaN,NaN,NaN,NaN,NaN,NaN,NaN,NaN,NaN,NaN,NaN,NaN,NaN,NaN,NaN,NaN,NaN,
28.079,0.01878,0.00852,0.12950,0.67221,-0.22304,0.17208,-0.68467,NaN,NaN,NaN,NaN,NaN,NaN,NaN,NaN,NaN,NaN,NaN,NaN,NaN,NaN,NaN,NaN,NaN,NaN,NaN,NaN,NaN,
28.104,0.01872,0.00854,0.12947,0.67222,-0.22309,0.17210,-0.68464,NaN,NaN,NaN,NaN,NaN,NaN,NaN,NaN,NaN,NaN,NaN,NaN,NaN,NaN,NaN,NaN,NaN,NaN,NaN,NaN,NaN,
28.129,0.01865,0.00860,0.12938,0.67272,-0.22343,0.17146,-0.68420,NaN,NaN,NaN,NaN,NaN,NaN,NaN,NaN,NaN,NaN,NaN,NaN,NaN,NaN,NaN,NaN,NaN,NaN,NaN,NaN,NaN,
28.154,0.01864,0.00874,0.12938,0.67314,-0.22405,0.17110,-0.68367,NaN,NaN,NaN,NaN,NaN,NaN,NaN,NaN,NaN,NaN,NaN,NaN,NaN,NaN,NaN,NaN,NaN,NaN,NaN,NaN,NaN,
28.179,0.01861,0.00887,0.12936,0.67392,-0.22474,0.17018,-0.68290,NaN,NaN,NaN,NaN,NaN,NaN,NaN,NaN,NaN,NaN,NaN,NaN,NaN,NaN,NaN,NaN,NaN,NaN,NaN,NaN,NaN,
28.204,0.01866,0.00912,0.12924,0.67484,-0.22445,0.16853,-0.68251,NaN,NaN,NaN,NaN,NaN,NaN,NaN,NaN,NaN,NaN,NaN,NaN,NaN,NaN,NaN,NaN,NaN,NaN,NaN,NaN,NaN,
28.229,0.01839,0.00906,0.12927,0.67579,-0.22538,0.16745,-0.68152,NaN,NaN,NaN,NaN,NaN,NaN,NaN,NaN,NaN,NaN,NaN,NaN,NaN,NaN,NaN,NaN,NaN,NaN,NaN,NaN,NaN,
28.254,0.01840,0.00932,0.12924,0.67677,-0.22592,0.16613,-0.68069,NaN,NaN,NaN,NaN,NaN,NaN,NaN,NaN,NaN,NaN,NaN,NaN,NaN,NaN,NaN,NaN,NaN,NaN,NaN,NaN,NaN,
28.279,0.01837,0.00957,0.12928,0.67743,-0.22654,0.16537,-0.68002,NaN,NaN,NaN,NaN,NaN,NaN,NaN,NaN,NaN,NaN,NaN,NaN,NaN,NaN,NaN,NaN,NaN,NaN,NaN,NaN,NaN,
28.304,0.01815,0.00959,0.12935,0.67869,-0.22805,0.16407,-0.67857,NaN,NaN,NaN,NaN,NaN,NaN,NaN,NaN,NaN,NaN,NaN,NaN,NaN,NaN,NaN,NaN,NaN,NaN,NaN,NaN,NaN,
28.329,0.01815,0.00984,0.12925,0.67982,-0.22769,0.16201,-0.67806,NaN,NaN,NaN,NaN,NaN,NaN,NaN,NaN,NaN,NaN,NaN,NaN,NaN,NaN,NaN,NaN,NaN,NaN,NaN,NaN,NaN,
28.354,0.01807,0.00996,0.12922,0.68082,-0.22847,0.16075,-0.67709,NaN,NaN,NaN,NaN,NaN,NaN,NaN,NaN,NaN,NaN,NaN,NaN,NaN,NaN,NaN,NaN,NaN,NaN,NaN,NaN,NaN,
28.379,0.01807,0.01012,0.12921,0.68125,-0.22907,0.16035,-0.67654,NaN,NaN,NaN,NaN,NaN,NaN,NaN,NaN,NaN,NaN,NaN,NaN,NaN,NaN,NaN,NaN,NaN,NaN,NaN,NaN,NaN,
28.404,0.01805,0.01027,0.12929,0.68195,-0.22973,0.15953,-0.67581,NaN,NaN,NaN,NaN,NaN,NaN,NaN,NaN,NaN,NaN,NaN,NaN,NaN,NaN,NaN,NaN,NaN,NaN,NaN,NaN,NaN,
28.429,0.01808,0.01046,0.12921,0.68263,-0.22966,0.15835,-0.67542,NaN,NaN,NaN,NaN,NaN,NaN,NaN,NaN,NaN,NaN,NaN,NaN,NaN,NaN,NaN,NaN,NaN,NaN,NaN,NaN,NaN,
28.454,0.01784,0.01042,0.12916,0.68341,-0.23004,0.15724,-0.67476,NaN,NaN,NaN,NaN,NaN,NaN,NaN,NaN,NaN,NaN,NaN,NaN,NaN,NaN,NaN,NaN,NaN,NaN,NaN,NaN,NaN,
28.479,0.01768,0.01049,0.12924,0.68297,-0.22793,0.15688,-0.67601,NaN,NaN,NaN,NaN,NaN,NaN,NaN,NaN,NaN,NaN,NaN,NaN,NaN,NaN,NaN,NaN,NaN,NaN,NaN,NaN,NaN,
28.504,0.01768,0.01049,0.12924,0.68297,-0.22793,0.15688,-0.67601,NaN,NaN,NaN,NaN,NaN,NaN,NaN,NaN,NaN,NaN,NaN,NaN,NaN,NaN,NaN,NaN,NaN,NaN,NaN,NaN,NaN,
28.529,0.01758,0.01040,0.12939,0.68132,-0.22591,0.15856,-0.67795,NaN,NaN,NaN,NaN,NaN,NaN,NaN,NaN,NaN,NaN,NaN,NaN,NaN,NaN,NaN,NaN,NaN,NaN,NaN,NaN,NaN,
28.554,0.01743,0.01040,0.12967,0.67907,-0.22026,0.15931,-0.68189,NaN,NaN,NaN,NaN,NaN,NaN,NaN,NaN,NaN,NaN,NaN,NaN,NaN,NaN,NaN,NaN,NaN,NaN,NaN,NaN,NaN,
28.579,0.01734,0.01039,0.12975,0.67844,-0.21869,0.15951,-0.68297,NaN,NaN,NaN,NaN,NaN,NaN,NaN,NaN,NaN,NaN,NaN,NaN,NaN,NaN,NaN,NaN,NaN,NaN,NaN,NaN,NaN,
28.604,0.01723,0.01032,0.12982,0.67832,-0.21831,0.15951,-0.68322,NaN,NaN,NaN,NaN,NaN,NaN,NaN,NaN,NaN,NaN,NaN,NaN,NaN,NaN,NaN,NaN,NaN,NaN,NaN,NaN,NaN,
28.629,0.01713,0.01039,0.12981,0.67916,-0.21861,0.15826,-0.68257,NaN,NaN,NaN,NaN,NaN,NaN,NaN,NaN,NaN,NaN,NaN,NaN,NaN,NaN,NaN,NaN,NaN,NaN,NaN,NaN,NaN,
28.654,0.01710,0.01057,0.12992,0.67987,-0.21906,0.15732,-0.68193,NaN,NaN,NaN,NaN,NaN,NaN,NaN,NaN,NaN,NaN,NaN,NaN,NaN,NaN,NaN,NaN,NaN,NaN,NaN,NaN,NaN,
28.679,0.01711,0.01070,0.12999,0.67985,-0.21885,0.15726,-0.68204,NaN,NaN,NaN,NaN,NaN,NaN,NaN,NaN,NaN,NaN,NaN,NaN,NaN,NaN,NaN,NaN,NaN,NaN,NaN,NaN,NaN,
28.704,0.01721,0.01083,0.13009,0.67926,-0.21824,0.15790,-0.68267,NaN,NaN,NaN,NaN,NaN,NaN,NaN,NaN,NaN,NaN,NaN,NaN,NaN,NaN,NaN,NaN,NaN,NaN,NaN,NaN,NaN,
28.729,0.01713,0.01073,0.13016,0.67892,-0.21760,0.15812,-0.68317,NaN,NaN,NaN,NaN,NaN,NaN,NaN,NaN,NaN,NaN,NaN,NaN,NaN,NaN,NaN,NaN,NaN,NaN,NaN,NaN,NaN,
28.754,0.01717,0.01080,0.13015,0.67885,-0.21704,0.15793,-0.68345,NaN,NaN,NaN,NaN,NaN,NaN,NaN,NaN,NaN,NaN,NaN,NaN,NaN,NaN,NaN,NaN,NaN,NaN,NaN,NaN,NaN,
28.779,0.01719,0.01083,0.13011,0.67917,-0.21700,0.15738,-0.68328,NaN,NaN,NaN,NaN,NaN,NaN,NaN,NaN,NaN,NaN,NaN,NaN,NaN,NaN,NaN,NaN,NaN,NaN,NaN,NaN,NaN,
28.804,0.01699,0.01073,0.13024,0.67958,-0.21748,0.15696,-0.68282,NaN,NaN,NaN,NaN,NaN,NaN,NaN,NaN,NaN,NaN,NaN,NaN,NaN,NaN,NaN,NaN,NaN,NaN,NaN,NaN,NaN,
28.829,0.01705,0.01096,0.13021,0.67963,-0.21659,0.15639,-0.68318,NaN,NaN,NaN,NaN,NaN,NaN,NaN,NaN,NaN,NaN,NaN,NaN,NaN,NaN,NaN,NaN,NaN,NaN,NaN,NaN,NaN,
28.854,0.01691,0.01090,0.13025,0.68000,-0.21735,0.15619,-0.68261,NaN,NaN,NaN,NaN,NaN,NaN,NaN,NaN,NaN,NaN,NaN,NaN,NaN,NaN,NaN,NaN,NaN,NaN,NaN,NaN,NaN,
28.879,0.01695,0.01095,0.13025,0.68036,-0.21768,0.15577,-0.68225,NaN,NaN,NaN,NaN,NaN,NaN,NaN,NaN,NaN,NaN,NaN,NaN,NaN,NaN,NaN,NaN,NaN,NaN,NaN,NaN,NaN,
28.904,0.01697,0.01101,0.13025,0.68066,-0.21814,0.15552,-0.68186,NaN,NaN,NaN,NaN,NaN,NaN,NaN,NaN,NaN,NaN,NaN,NaN,NaN,NaN,NaN,NaN,NaN,NaN,NaN,NaN,NaN,
28.929,0.01695,0.01106,0.13026,0.68107,-0.21836,0.15494,-0.68150,NaN,NaN,NaN,NaN,NaN,NaN,NaN,NaN,NaN,NaN,NaN,NaN,NaN,NaN,NaN,NaN,NaN,NaN,NaN,NaN,NaN,
28.954,0.01695,0.01112,0.13028,0.68132,-0.21817,0.15442,-0.68144,NaN,NaN,NaN,NaN,NaN,NaN,NaN,NaN,NaN,NaN,NaN,NaN,NaN,NaN,NaN,NaN,NaN,NaN,NaN,NaN,NaN,
28.979,0.01698,0.01123,0.13020,0.68154,-0.21793,0.15392,-0.68141,NaN,NaN,NaN,NaN,NaN,NaN,NaN,NaN,NaN,NaN,NaN,NaN,NaN,NaN,NaN,NaN,NaN,NaN,NaN,NaN,NaN,
29.004,0.01697,0.01130,0.13024,0.68189,-0.21872,0.15376,-0.68084,NaN,NaN,NaN,NaN,NaN,NaN,NaN,NaN,NaN,NaN,NaN,NaN,NaN,NaN,NaN,NaN,NaN,NaN,NaN,NaN,NaN,
29.029,0.01687,0.01129,0.13022,0.68252,-0.21947,0.15312,-0.68012,NaN,NaN,NaN,NaN,NaN,NaN,NaN,NaN,NaN,NaN,NaN,NaN,NaN,NaN,NaN,NaN,NaN,NaN,NaN,NaN,NaN,
29.054,0.01685,0.01135,0.13024,0.68317,-0.22039,0.15251,-0.67930,NaN,NaN,NaN,NaN,NaN,NaN,NaN,NaN,NaN,NaN,NaN,NaN,NaN,NaN,NaN,NaN,NaN,NaN,NaN,NaN,NaN,
29.079,0.01677,0.01147,0.13014,0.68384,-0.22046,0.15142,-0.67884,NaN,NaN,NaN,NaN,NaN,NaN,NaN,NaN,NaN,NaN,NaN,NaN,NaN,NaN,NaN,NaN,NaN,NaN,NaN,NaN,NaN,
29.104,0.01652,0.01132,0.13026,0.68356,-0.21988,0.15159,-0.67928,NaN,NaN,NaN,NaN,NaN,NaN,NaN,NaN,NaN,NaN,NaN,NaN,NaN,NaN,NaN,NaN,NaN,NaN,NaN,NaN,NaN,
29.129,0.01664,0.01150,0.13012,0.68288,-0.21670,0.15100,-0.68112,NaN,NaN,NaN,NaN,NaN,NaN,NaN,NaN,NaN,NaN,NaN,NaN,NaN,NaN,NaN,NaN,NaN,NaN,NaN,NaN,NaN,
29.154,0.01659,0.01154,0.13006,0.68267,-0.21641,0.15120,-0.68138,NaN,NaN,NaN,NaN,NaN,NaN,NaN,NaN,NaN,NaN,NaN,NaN,NaN,NaN,NaN,NaN,NaN,NaN,NaN,NaN,NaN,
29.179,0.01658,0.01152,0.13001,0.68218,-0.21624,0.15192,-0.68175,NaN,NaN,NaN,NaN,NaN,NaN,NaN,NaN,NaN,NaN,NaN,NaN,NaN,NaN,NaN,NaN,NaN,NaN,NaN,NaN,NaN,
29.204,0.01658,0.01158,0.12992,0.68214,-0.21585,0.15178,-0.68195,NaN,NaN,NaN,NaN,NaN,NaN,NaN,NaN,NaN,NaN,NaN,NaN,NaN,NaN,NaN,NaN,NaN,NaN,NaN,NaN,NaN,
29.229,0.01612,0.01130,0.12998,0.68334,-0.21632,0.15002,-0.68099,NaN,NaN,NaN,NaN,NaN,NaN,NaN,NaN,NaN,NaN,NaN,NaN,NaN,NaN,NaN,NaN,NaN,NaN,NaN,NaN,NaN,
29.254,0.01619,0.01158,0.12969,0.68359,-0.21298,0.14776,-0.68228,NaN,NaN,NaN,NaN,NaN,NaN,NaN,NaN,NaN,NaN,NaN,NaN,NaN,NaN,NaN,NaN,NaN,NaN,NaN,NaN,NaN,
29.279,0.01614,0.01159,0.12967,0.68368,-0.21340,0.14784,-0.68205,NaN,NaN,NaN,NaN,NaN,NaN,NaN,NaN,NaN,NaN,NaN,NaN,NaN,NaN,NaN,NaN,NaN,NaN,NaN,NaN,NaN,
29.304,0.01610,0.01158,0.12963,0.68394,-0.21393,0.14769,-0.68165,NaN,NaN,NaN,NaN,NaN,NaN,NaN,NaN,NaN,NaN,NaN,NaN,NaN,NaN,NaN,NaN,NaN,NaN,NaN,NaN,NaN,
29.329,0.01608,0.01170,0.12957,0.68445,-0.21435,0.14706,-0.68115,NaN,NaN,NaN,NaN,NaN,NaN,NaN,NaN,NaN,NaN,NaN,NaN,NaN,NaN,NaN,NaN,NaN,NaN,NaN,NaN,NaN,
29.354,0.01601,0.01181,0.12956,0.68518,-0.21486,0.14611,-0.68046,NaN,NaN,NaN,NaN,NaN,NaN,NaN,NaN,NaN,NaN,NaN,NaN,NaN,NaN,NaN,NaN,NaN,NaN,NaN,NaN,NaN,
29.379,0.01593,0.01190,0.12956,0.68607,-0.21581,0.14511,-0.67947,NaN,NaN,NaN,NaN,NaN,NaN,NaN,NaN,NaN,NaN,NaN,NaN,NaN,NaN,NaN,NaN,NaN,NaN,NaN,NaN,NaN,
29.404,0.01585,0.01198,0.12953,0.68715,-0.21691,0.14387,-0.67829,NaN,NaN,NaN,NaN,NaN,NaN,NaN,NaN,NaN,NaN,NaN,NaN,NaN,NaN,NaN,NaN,NaN,NaN,NaN,NaN,NaN,
29.429,0.01575,0.01207,0.12948,0.68838,-0.21790,0.14231,-0.67705,NaN,NaN,NaN,NaN,NaN,NaN,NaN,NaN,NaN,NaN,NaN,NaN,NaN,NaN,NaN,NaN,NaN,NaN,NaN,NaN,NaN,
29.454,0.01567,0.01217,0.12946,0.68939,-0.21833,0.14083,-0.67620,NaN,NaN,NaN,NaN,NaN,NaN,NaN,NaN,NaN,NaN,NaN,NaN,NaN,NaN,NaN,NaN,NaN,NaN,NaN,NaN,NaN,
29.479,0.01561,0.01230,0.12947,0.69020,-0.21914,0.13987,-0.67531,NaN,NaN,NaN,NaN,NaN,NaN,NaN,NaN,NaN,NaN,NaN,NaN,NaN,NaN,NaN,NaN,NaN,NaN,NaN,NaN,NaN,
29.504,0.01569,0.01254,0.12949,0.69102,-0.22037,0.13913,-0.67422,NaN,NaN,NaN,NaN,NaN,NaN,NaN,NaN,NaN,NaN,NaN,NaN,NaN,NaN,NaN,NaN,NaN,NaN,NaN,NaN,NaN,
29.529,0.01560,0.01263,0.12950,0.69200,-0.22161,0.13811,-0.67302,NaN,NaN,NaN,NaN,NaN,NaN,NaN,NaN,NaN,NaN,NaN,NaN,NaN,NaN,NaN,NaN,NaN,NaN,NaN,NaN,NaN,
29.554,0.01559,0.01277,0.12950,0.69293,-0.22266,0.13706,-0.67192,NaN,NaN,NaN,NaN,NaN,NaN,NaN,NaN,NaN,NaN,NaN,NaN,NaN,NaN,NaN,NaN,NaN,NaN,NaN,NaN,NaN,
29.579,0.01552,0.01284,0.12942,0.69406,-0.22342,0.13552,-0.67082,NaN,NaN,NaN,NaN,NaN,NaN,NaN,NaN,NaN,NaN,NaN,NaN,NaN,NaN,NaN,NaN,NaN,NaN,NaN,NaN,NaN,
29.604,0.01542,0.01296,0.12945,0.69506,-0.22452,0.13439,-0.66965,NaN,NaN,NaN,NaN,NaN,NaN,NaN,NaN,NaN,NaN,NaN,NaN,NaN,NaN,NaN,NaN,NaN,NaN,NaN,NaN,NaN,
29.629,0.01538,0.01317,0.12941,0.69622,-0.22533,0.13279,-0.66848,NaN,NaN,NaN,NaN,NaN,NaN,NaN,NaN,NaN,NaN,NaN,NaN,NaN,NaN,NaN,NaN,NaN,NaN,NaN,NaN,NaN,
29.654,0.01525,0.01310,0.12981,0.69491,-0.22450,0.13464,-0.66976,NaN,NaN,NaN,NaN,NaN,NaN,NaN,NaN,NaN,NaN,NaN,NaN,NaN,NaN,NaN,NaN,NaN,NaN,NaN,NaN,NaN,
29.679,0.01525,0.01310,0.12981,0.69491,-0.22450,0.13464,-0.66976,NaN,NaN,NaN,NaN,NaN,NaN,NaN,NaN,NaN,NaN,NaN,NaN,NaN,NaN,NaN,NaN,NaN,NaN,NaN,NaN,NaN,
29.704,0.01505,0.01301,0.12984,0.69367,-0.21968,0.13416,-0.67273,NaN,NaN,NaN,NaN,NaN,NaN,NaN,NaN,NaN,NaN,NaN,NaN,NaN,NaN,NaN,NaN,NaN,NaN,NaN,NaN,NaN,
29.729,0.01513,0.01312,0.12986,0.69398,-0.21946,0.13351,-0.67262,NaN,NaN,NaN,NaN,NaN,NaN,NaN,NaN,NaN,NaN,NaN,NaN,NaN,NaN,NaN,NaN,NaN,NaN,NaN,NaN,NaN,
29.754,0.01504,0.01317,0.12997,0.69429,-0.21990,0.13320,-0.67220,NaN,NaN,NaN,NaN,NaN,NaN,NaN,NaN,NaN,NaN,NaN,NaN,NaN,NaN,NaN,NaN,NaN,NaN,NaN,NaN,NaN,
29.779,0.01512,0.01336,0.13008,0.69453,-0.22030,0.13300,-0.67187,NaN,NaN,NaN,NaN,NaN,NaN,NaN,NaN,NaN,NaN,NaN,NaN,NaN,NaN,NaN,NaN,NaN,NaN,NaN,NaN,NaN,
29.804,0.01514,0.01348,0.13013,0.69490,-0.22045,0.13244,-0.67155,NaN,NaN,NaN,NaN,NaN,NaN,NaN,NaN,NaN,NaN,NaN,NaN,NaN,NaN,NaN,NaN,NaN,NaN,NaN,NaN,NaN,
29.829,0.01494,0.01341,0.13027,0.69525,-0.22070,0.13197,-0.67120,NaN,NaN,NaN,NaN,NaN,NaN,NaN,NaN,NaN,NaN,NaN,NaN,NaN,NaN,NaN,NaN,NaN,NaN,NaN,NaN,NaN,
29.854,0.01494,0.01348,0.13021,0.69546,-0.21987,0.13115,-0.67141,NaN,NaN,NaN,NaN,NaN,NaN,NaN,NaN,NaN,NaN,NaN,NaN,NaN,NaN,NaN,NaN,NaN,NaN,NaN,NaN,NaN,
29.879,0.01489,0.01350,0.13017,0.69585,-0.22002,0.13055,-0.67108,NaN,NaN,NaN,NaN,NaN,NaN,NaN,NaN,NaN,NaN,NaN,NaN,NaN,NaN,NaN,NaN,NaN,NaN,NaN,NaN,NaN,
29.904,0.01484,0.01353,0.13020,0.69619,-0.22047,0.13020,-0.67064,NaN,NaN,NaN,NaN,NaN,NaN,NaN,NaN,NaN,NaN,NaN,NaN,NaN,NaN,NaN,NaN,NaN,NaN,NaN,NaN,NaN,
29.929,0.01486,0.01362,0.13022,0.69648,-0.22098,0.12996,-0.67022,NaN,NaN,NaN,NaN,NaN,NaN,NaN,NaN,NaN,NaN,NaN,NaN,NaN,NaN,NaN,NaN,NaN,NaN,NaN,NaN,NaN,
29.954,0.01484,0.01365,0.13021,0.69685,-0.22139,0.12953,-0.66978,NaN,NaN,NaN,NaN,NaN,NaN,NaN,NaN,NaN,NaN,NaN,NaN,NaN,NaN,NaN,NaN,NaN,NaN,NaN,NaN,NaN,
29.979,0.01485,0.01368,0.13018,0.69723,-0.22156,0.12897,-0.66944,NaN,NaN,NaN,NaN,NaN,NaN,NaN,NaN,NaN,NaN,NaN,NaN,NaN,NaN,NaN,NaN,NaN,NaN,NaN,NaN,NaN,
30.004,0.01485,0.01374,0.13017,0.69754,-0.22180,0.12856,-0.66912,NaN,NaN,NaN,NaN,NaN,NaN,NaN,NaN,NaN,NaN,NaN,NaN,NaN,NaN,NaN,NaN,NaN,NaN,NaN,NaN,NaN,
30.029,0.01484,0.01380,0.13019,0.69768,-0.22198,0.12841,-0.66894,NaN,NaN,NaN,NaN,NaN,NaN,NaN,NaN,NaN,NaN,NaN,NaN,NaN,NaN,NaN,NaN,NaN,NaN,NaN,NaN,NaN,
30.054,0.01481,0.01382,0.13021,0.69777,-0.22219,0.12836,-0.66879,NaN,NaN,NaN,NaN,NaN,NaN,NaN,NaN,NaN,NaN,NaN,NaN,NaN,NaN,NaN,NaN,NaN,NaN,NaN,NaN,NaN,
30.079,0.01475,0.01382,0.13020,0.69802,-0.22222,0.12793,-0.66859,NaN,NaN,NaN,NaN,NaN,NaN,NaN,NaN,NaN,NaN,NaN,NaN,NaN,NaN,NaN,NaN,NaN,NaN,NaN,NaN,NaN,
30.104,0.01472,0.01388,0.13014,0.69855,-0.22242,0.12712,-0.66813,NaN,NaN,NaN,NaN,NaN,NaN,NaN,NaN,NaN,NaN,NaN,NaN,NaN,NaN,NaN,NaN,NaN,NaN,NaN,NaN,NaN,
30.129,0.01468,0.01392,0.13011,0.69902,-0.22280,0.12650,-0.66763,NaN,NaN,NaN,NaN,NaN,NaN,NaN,NaN,NaN,NaN,NaN,NaN,NaN,NaN,NaN,NaN,NaN,NaN,NaN,NaN,NaN,
30.154,0.01462,0.01396,0.13013,0.69952,-0.22361,0.12605,-0.66692,NaN,NaN,NaN,NaN,NaN,NaN,NaN,NaN,NaN,NaN,NaN,NaN,NaN,NaN,NaN,NaN,NaN,NaN,NaN,NaN,NaN,
30.179,0.01463,0.01411,0.13008,0.70029,-0.22463,0.12525,-0.66592,NaN,NaN,NaN,NaN,NaN,NaN,NaN,NaN,NaN,NaN,NaN,NaN,NaN,NaN,NaN,NaN,NaN,NaN,NaN,NaN,NaN,
30.204,0.01460,0.01417,0.13014,0.70016,-0.22464,0.12549,-0.66601,NaN,NaN,NaN,NaN,NaN,NaN,NaN,NaN,NaN,NaN,NaN,NaN,NaN,NaN,NaN,NaN,NaN,NaN,NaN,NaN,NaN,
30.229,0.01454,0.01418,0.13011,0.69978,-0.22298,0.12525,-0.66701,NaN,NaN,NaN,NaN,NaN,NaN,NaN,NaN,NaN,NaN,NaN,NaN,NaN,NaN,NaN,NaN,NaN,NaN,NaN,NaN,NaN,
30.254,0.01448,0.01413,0.13009,0.69917,-0.22115,0.12533,-0.66825,NaN,NaN,NaN,NaN,NaN,NaN,NaN,NaN,NaN,NaN,NaN,NaN,NaN,NaN,NaN,NaN,NaN,NaN,NaN,NaN,NaN,
30.279,0.01432,0.01401,0.12996,0.69891,-0.21943,0.12483,-0.66917,NaN,NaN,NaN,NaN,NaN,NaN,NaN,NaN,NaN,NaN,NaN,NaN,NaN,NaN,NaN,NaN,NaN,NaN,NaN,NaN,NaN,
30.304,0.01423,0.01393,0.12991,0.69896,-0.21900,0.12451,-0.66932,NaN,NaN,NaN,NaN,NaN,NaN,NaN,NaN,NaN,NaN,NaN,NaN,NaN,NaN,NaN,NaN,NaN,NaN,NaN,NaN,NaN,
30.329,0.01426,0.01395,0.12985,0.69883,-0.21855,0.12449,-0.66961,NaN,NaN,NaN,NaN,NaN,NaN,NaN,NaN,NaN,NaN,NaN,NaN,NaN,NaN,NaN,NaN,NaN,NaN,NaN,NaN,NaN,
30.354,0.01409,0.01390,0.12984,0.69901,-0.21837,0.12406,-0.66955,NaN,NaN,NaN,NaN,NaN,NaN,NaN,NaN,NaN,NaN,NaN,NaN,NaN,NaN,NaN,NaN,NaN,NaN,NaN,NaN,NaN,
30.379,0.01418,0.01409,0.12979,0.69967,-0.21916,0.12334,-0.66875,NaN,NaN,NaN,NaN,NaN,NaN,NaN,NaN,NaN,NaN,NaN,NaN,NaN,NaN,NaN,NaN,NaN,NaN,NaN,NaN,NaN,
30.404,0.01411,0.01413,0.12988,0.70015,-0.22003,0.12297,-0.66802,NaN,NaN,NaN,NaN,NaN,NaN,NaN,NaN,NaN,NaN,NaN,NaN,NaN,NaN,NaN,NaN,NaN,NaN,NaN,NaN,NaN,
30.429,0.01417,0.01426,0.12983,0.70055,-0.22038,0.12245,-0.66758,NaN,NaN,NaN,NaN,NaN,NaN,NaN,NaN,NaN,NaN,NaN,NaN,NaN,NaN,NaN,NaN,NaN,NaN,NaN,NaN,NaN,
30.454,0.01409,0.01425,0.12982,0.70092,-0.22079,0.12202,-0.66714,NaN,NaN,NaN,NaN,NaN,NaN,NaN,NaN,NaN,NaN,NaN,NaN,NaN,NaN,NaN,NaN,NaN,NaN,NaN,NaN,NaN,
30.479,0.01401,0.01423,0.12976,0.70115,-0.22067,0.12154,-0.66702,NaN,NaN,NaN,NaN,NaN,NaN,NaN,NaN,NaN,NaN,NaN,NaN,NaN,NaN,NaN,NaN,NaN,NaN,NaN,NaN,NaN,
30.504,0.01395,0.01420,0.12969,0.70134,-0.22043,0.12108,-0.66699,NaN,NaN,NaN,NaN,NaN,NaN,NaN,NaN,NaN,NaN,NaN,NaN,NaN,NaN,NaN,NaN,NaN,NaN,NaN,NaN,NaN,
30.529,0.01388,0.01417,0.12966,0.70149,-0.22041,0.12079,-0.66689,NaN,NaN,NaN,NaN,NaN,NaN,NaN,NaN,NaN,NaN,NaN,NaN,NaN,NaN,NaN,NaN,NaN,NaN,NaN,NaN,NaN,
30.554,0.01387,0.01422,0.12961,0.70170,-0.22076,0.12060,-0.66658,NaN,NaN,NaN,NaN,NaN,NaN,NaN,NaN,NaN,NaN,NaN,NaN,NaN,NaN,NaN,NaN,NaN,NaN,NaN,NaN,NaN,
30.579,0.01402,0.01434,0.12956,0.70153,-0.22068,0.12086,-0.66674,NaN,NaN,NaN,NaN,NaN,NaN,NaN,NaN,NaN,NaN,NaN,NaN,NaN,NaN,NaN,NaN,NaN,NaN,NaN,NaN,NaN,
30.604,0.01378,0.01414,0.12975,0.70144,-0.22151,0.12149,-0.66645,NaN,NaN,NaN,NaN,NaN,NaN,NaN,NaN,NaN,NaN,NaN,NaN,NaN,NaN,NaN,NaN,NaN,NaN,NaN,NaN,NaN,
30.629,0.01394,0.01422,0.12972,0.70130,-0.22067,0.12127,-0.66692,NaN,NaN,NaN,NaN,NaN,NaN,NaN,NaN,NaN,NaN,NaN,NaN,NaN,NaN,NaN,NaN,NaN,NaN,NaN,NaN,NaN,
30.654,0.01388,0.01413,0.12980,0.70085,-0.21980,0.12159,-0.66762,NaN,NaN,NaN,NaN,NaN,NaN,NaN,NaN,NaN,NaN,NaN,NaN,NaN,NaN,NaN,NaN,NaN,NaN,NaN,NaN,NaN,
30.679,0.01397,0.01412,0.12981,0.70029,-0.21869,0.12197,-0.66850,NaN,NaN,NaN,NaN,NaN,NaN,NaN,NaN,NaN,NaN,NaN,NaN,NaN,NaN,NaN,NaN,NaN,NaN,NaN,NaN,NaN,
30.704,0.01377,0.01393,0.12996,0.69913,-0.21683,0.12300,-0.67013,NaN,NaN,NaN,NaN,NaN,NaN,NaN,NaN,NaN,NaN,NaN,NaN,NaN,NaN,NaN,NaN,NaN,NaN,NaN,NaN,NaN,
30.729,0.01380,0.01389,0.13010,0.69800,-0.21523,0.12410,-0.67162,NaN,NaN,NaN,NaN,NaN,NaN,NaN,NaN,NaN,NaN,NaN,NaN,NaN,NaN,NaN,NaN,NaN,NaN,NaN,NaN,NaN,
30.754,0.01390,0.01385,0.13021,0.69741,-0.21441,0.12468,-0.67239,NaN,NaN,NaN,NaN,NaN,NaN,NaN,NaN,NaN,NaN,NaN,NaN,NaN,NaN,NaN,NaN,NaN,NaN,NaN,NaN,NaN,
30.779,0.01396,0.01378,0.13031,0.69657,-0.21316,0.12546,-0.67351,NaN,NaN,NaN,NaN,NaN,NaN,NaN,NaN,NaN,NaN,NaN,NaN,NaN,NaN,NaN,NaN,NaN,NaN,NaN,NaN,NaN,
30.804,0.01401,0.01369,0.13038,0.69554,-0.21139,0.12626,-0.67497,NaN,NaN,NaN,NaN,NaN,NaN,NaN,NaN,NaN,NaN,NaN,NaN,NaN,NaN,NaN,NaN,NaN,NaN,NaN,NaN,NaN,
30.829,0.01398,0.01351,0.13052,0.69451,-0.20979,0.12717,-0.67637,NaN,NaN,NaN,NaN,NaN,NaN,NaN,NaN,NaN,NaN,NaN,NaN,NaN,NaN,NaN,NaN,NaN,NaN,NaN,NaN,NaN,
30.854,0.01401,0.01347,0.13062,0.69380,-0.20881,0.12786,-0.67727,NaN,NaN,NaN,NaN,NaN,NaN,NaN,NaN,NaN,NaN,NaN,NaN,NaN,NaN,NaN,NaN,NaN,NaN,NaN,NaN,NaN,
30.879,0.01402,0.01342,0.13072,0.69310,-0.20788,0.12854,-0.67814,NaN,NaN,NaN,NaN,NaN,NaN,NaN,NaN,NaN,NaN,NaN,NaN,NaN,NaN,NaN,NaN,NaN,NaN,NaN,NaN,NaN,
30.904,0.01393,0.01330,0.13078,0.69260,-0.20687,0.12884,-0.67890,NaN,NaN,NaN,NaN,NaN,NaN,NaN,NaN,NaN,NaN,NaN,NaN,NaN,NaN,NaN,NaN,NaN,NaN,NaN,NaN,NaN,
30.929,0.01390,0.01316,0.13088,0.69194,-0.20592,0.12945,-0.67975,NaN,NaN,NaN,NaN,NaN,NaN,NaN,NaN,NaN,NaN,NaN,NaN,NaN,NaN,NaN,NaN,NaN,NaN,NaN,NaN,NaN,
30.954,0.01394,0.01304,0.13100,0.69084,-0.20485,0.13075,-0.68094,NaN,NaN,NaN,NaN,NaN,NaN,NaN,NaN,NaN,NaN,NaN,NaN,NaN,NaN,NaN,NaN,NaN,NaN,NaN,NaN,NaN,
30.979,0.01404,0.01301,0.13091,0.69044,-0.20375,0.13081,-0.68167,NaN,NaN,NaN,NaN,NaN,NaN,NaN,NaN,NaN,NaN,NaN,NaN,NaN,NaN,NaN,NaN,NaN,NaN,NaN,NaN,NaN,
31.005,0.01408,0.01289,0.13092,0.68987,-0.20284,0.13127,-0.68242,NaN,NaN,NaN,NaN,NaN,NaN,NaN,NaN,NaN,NaN,NaN,NaN,NaN,NaN,NaN,NaN,NaN,NaN,NaN,NaN,NaN,
31.029,0.01407,0.01264,0.13099,0.68856,-0.20121,0.13259,-0.68397,NaN,NaN,NaN,NaN,NaN,NaN,NaN,NaN,NaN,NaN,NaN,NaN,NaN,NaN,NaN,NaN,NaN,NaN,NaN,NaN,NaN,
31.054,0.01410,0.01241,0.13105,0.68741,-0.19968,0.13369,-0.68536,NaN,NaN,NaN,NaN,NaN,NaN,NaN,NaN,NaN,NaN,NaN,NaN,NaN,NaN,NaN,NaN,NaN,NaN,NaN,NaN,NaN,
31.079,0.01421,0.01227,0.13103,0.68638,-0.19804,0.13451,-0.68671,NaN,NaN,NaN,NaN,NaN,NaN,NaN,NaN,NaN,NaN,NaN,NaN,NaN,NaN,NaN,NaN,NaN,NaN,NaN,NaN,NaN,
31.104,0.01425,0.01209,0.13104,0.68508,-0.19627,0.13571,-0.68828,NaN,NaN,NaN,NaN,NaN,NaN,NaN,NaN,NaN,NaN,NaN,NaN,NaN,NaN,NaN,NaN,NaN,NaN,NaN,NaN,NaN,
31.129,0.01421,0.01175,0.13108,0.68296,-0.19367,0.13781,-0.69070,NaN,NaN,NaN,NaN,NaN,NaN,NaN,NaN,NaN,NaN,NaN,NaN,NaN,NaN,NaN,NaN,NaN,NaN,NaN,NaN,NaN,
31.154,0.01419,0.01146,0.13102,0.68105,-0.19076,0.13935,-0.69308,NaN,NaN,NaN,NaN,NaN,NaN,NaN,NaN,NaN,NaN,NaN,NaN,NaN,NaN,NaN,NaN,NaN,NaN,NaN,NaN,NaN,
31.179,0.01421,0.01123,0.13100,0.67949,-0.18860,0.14071,-0.69492,NaN,NaN,NaN,NaN,NaN,NaN,NaN,NaN,NaN,NaN,NaN,NaN,NaN,NaN,NaN,NaN,NaN,NaN,NaN,NaN,NaN,
31.204,0.01427,0.01098,0.13101,0.67751,-0.18620,0.14262,-0.69712,NaN,NaN,NaN,NaN,NaN,NaN,NaN,NaN,NaN,NaN,NaN,NaN,NaN,NaN,NaN,NaN,NaN,NaN,NaN,NaN,NaN,
31.229,0.01435,0.01070,0.13098,0.67551,-0.18385,0.14457,-0.69927,NaN,NaN,NaN,NaN,NaN,NaN,NaN,NaN,NaN,NaN,NaN,NaN,NaN,NaN,NaN,NaN,NaN,NaN,NaN,NaN,NaN,
31.254,0.01452,0.01045,0.13099,0.67299,-0.18174,0.14753,-0.70163,NaN,NaN,NaN,NaN,NaN,NaN,NaN,NaN,NaN,NaN,NaN,NaN,NaN,NaN,NaN,NaN,NaN,NaN,NaN,NaN,NaN,
31.279,0.01421,0.01005,0.13105,0.67345,-0.18413,0.14819,-0.70043,NaN,NaN,NaN,NaN,NaN,NaN,NaN,NaN,NaN,NaN,NaN,NaN,NaN,NaN,NaN,NaN,NaN,NaN,NaN,NaN,NaN,
31.304,0.01470,0.01042,0.13097,0.67612,-0.18994,0.14716,-0.69651,NaN,NaN,NaN,NaN,NaN,NaN,NaN,NaN,NaN,NaN,NaN,NaN,NaN,NaN,NaN,NaN,NaN,NaN,NaN,NaN,NaN,
31.329,0.01551,0.01067,0.13078,0.67665,-0.19416,0.14876,-0.69449,NaN,NaN,NaN,NaN,NaN,NaN,NaN,NaN,NaN,NaN,NaN,NaN,NaN,NaN,NaN,NaN,NaN,NaN,NaN,NaN,NaN,
31.354,0.01552,0.01034,0.13037,0.67656,-0.19496,0.14935,-0.69422,NaN,NaN,NaN,NaN,NaN,NaN,NaN,NaN,NaN,NaN,NaN,NaN,NaN,NaN,NaN,NaN,NaN,NaN,NaN,NaN,NaN,
31.379,0.01551,0.01008,0.13046,0.67647,-0.19709,0.15074,-0.69341,NaN,NaN,NaN,NaN,NaN,NaN,NaN,NaN,NaN,NaN,NaN,NaN,NaN,NaN,NaN,NaN,NaN,NaN,NaN,NaN,NaN,
31.404,0.01575,0.00993,0.13037,0.67530,-0.19658,0.15240,-0.69433,NaN,NaN,NaN,NaN,NaN,NaN,NaN,NaN,NaN,NaN,NaN,NaN,NaN,NaN,NaN,NaN,NaN,NaN,NaN,NaN,NaN,
31.429,0.01587,0.00967,0.13012,0.67511,-0.19737,0.15317,-0.69413,NaN,NaN,NaN,NaN,NaN,NaN,NaN,NaN,NaN,NaN,NaN,NaN,NaN,NaN,NaN,NaN,NaN,NaN,NaN,NaN,NaN,
31.454,0.01628,0.00942,0.13010,0.67252,-0.19731,0.15743,-0.69570,NaN,NaN,NaN,NaN,NaN,NaN,NaN,NaN,NaN,NaN,NaN,NaN,NaN,NaN,NaN,NaN,NaN,NaN,NaN,NaN,NaN,
31.479,0.01626,0.00878,0.13005,0.66967,-0.19622,0.16150,-0.69783,NaN,NaN,NaN,NaN,NaN,NaN,NaN,NaN,NaN,NaN,NaN,NaN,NaN,NaN,NaN,NaN,NaN,NaN,NaN,NaN,NaN,
31.504,0.01645,0.00893,0.12966,0.67270,-0.19977,0.15853,-0.69458,NaN,NaN,NaN,NaN,NaN,NaN,NaN,NaN,NaN,NaN,NaN,NaN,NaN,NaN,NaN,NaN,NaN,NaN,NaN,NaN,NaN,
31.529,0.01697,0.00977,0.12929,0.68022,-0.21143,0.15257,-0.68507,NaN,NaN,NaN,NaN,NaN,NaN,NaN,NaN,NaN,NaN,NaN,NaN,NaN,NaN,NaN,NaN,NaN,NaN,NaN,NaN,NaN,
31.554,0.01696,0.00973,0.12946,0.68377,-0.22018,0.15139,-0.67901,NaN,NaN,NaN,NaN,NaN,NaN,NaN,NaN,NaN,NaN,NaN,NaN,NaN,NaN,NaN,NaN,NaN,NaN,NaN,NaN,NaN,
31.579,0.01729,0.00977,0.12937,0.68453,-0.22268,0.15146,-0.67742,NaN,NaN,NaN,NaN,NaN,NaN,NaN,NaN,NaN,NaN,NaN,NaN,NaN,NaN,NaN,NaN,NaN,NaN,NaN,NaN,NaN,
31.604,0.01711,0.00957,0.12933,0.68540,-0.22364,0.15049,-0.67643,NaN,NaN,NaN,NaN,NaN,NaN,NaN,NaN,NaN,NaN,NaN,NaN,NaN,NaN,NaN,NaN,NaN,NaN,NaN,NaN,NaN,
31.629,0.01724,0.00972,0.12943,0.68670,-0.22581,0.14945,-0.67462,NaN,NaN,NaN,NaN,NaN,NaN,NaN,NaN,NaN,NaN,NaN,NaN,NaN,NaN,NaN,NaN,NaN,NaN,NaN,NaN,NaN,
31.654,0.01761,0.01007,0.12934,0.68751,-0.22642,0.14840,-0.67382,NaN,NaN,NaN,NaN,NaN,NaN,NaN,NaN,NaN,NaN,NaN,NaN,NaN,NaN,NaN,NaN,NaN,NaN,NaN,NaN,NaN,
31.679,0.01731,0.00974,0.12955,0.68874,-0.22901,0.14768,-0.67185,NaN,NaN,NaN,NaN,NaN,NaN,NaN,NaN,NaN,NaN,NaN,NaN,NaN,NaN,NaN,NaN,NaN,NaN,NaN,NaN,NaN,
31.704,0.01760,0.01010,0.12959,0.68917,-0.22917,0.14703,-0.67149,NaN,NaN,NaN,NaN,NaN,NaN,NaN,NaN,NaN,NaN,NaN,NaN,NaN,NaN,NaN,NaN,NaN,NaN,NaN,NaN,NaN,
31.729,0.01753,0.01008,0.12967,0.68979,-0.22942,0.14611,-0.67098,NaN,NaN,NaN,NaN,NaN,NaN,NaN,NaN,NaN,NaN,NaN,NaN,NaN,NaN,NaN,NaN,NaN,NaN,NaN,NaN,NaN,
31.754,0.01753,0.01008,0.12985,0.69028,-0.23024,0.14570,-0.67028,NaN,NaN,NaN,NaN,NaN,NaN,NaN,NaN,NaN,NaN,NaN,NaN,NaN,NaN,NaN,NaN,NaN,NaN,NaN,NaN,NaN,
31.779,0.01742,0.00998,0.12989,0.69094,-0.23032,0.14462,-0.66981,NaN,NaN,NaN,NaN,NaN,NaN,NaN,NaN,NaN,NaN,NaN,NaN,NaN,NaN,NaN,NaN,NaN,NaN,NaN,NaN,NaN,
31.804,0.01744,0.01005,0.12997,0.69171,-0.23116,0.14373,-0.66891,NaN,NaN,NaN,NaN,NaN,NaN,NaN,NaN,NaN,NaN,NaN,NaN,NaN,NaN,NaN,NaN,NaN,NaN,NaN,NaN,NaN,
31.829,0.01748,0.01010,0.13006,0.69230,-0.23218,0.14325,-0.66805,NaN,NaN,NaN,NaN,NaN,NaN,NaN,NaN,NaN,NaN,NaN,NaN,NaN,NaN,NaN,NaN,NaN,NaN,NaN,NaN,NaN,
31.854,0.01752,0.01015,0.13012,0.69250,-0.23250,0.14308,-0.66777,NaN,NaN,NaN,NaN,NaN,NaN,NaN,NaN,NaN,NaN,NaN,NaN,NaN,NaN,NaN,NaN,NaN,NaN,NaN,NaN,NaN,
31.879,0.01749,0.01013,0.13025,0.69278,-0.23348,0.14311,-0.66713,NaN,NaN,NaN,NaN,NaN,NaN,NaN,NaN,NaN,NaN,NaN,NaN,NaN,NaN,NaN,NaN,NaN,NaN,NaN,NaN,NaN,
31.904,0.01771,0.01026,0.13027,0.69254,-0.23390,0.14373,-0.66710,NaN,NaN,NaN,NaN,NaN,NaN,NaN,NaN,NaN,NaN,NaN,NaN,NaN,NaN,NaN,NaN,NaN,NaN,NaN,NaN,NaN,
31.929,0.01770,0.01015,0.13024,0.69249,-0.23463,0.14421,-0.66679,NaN,NaN,NaN,NaN,NaN,NaN,NaN,NaN,NaN,NaN,NaN,NaN,NaN,NaN,NaN,NaN,NaN,NaN,NaN,NaN,NaN,
31.954,0.01786,0.01025,0.13020,0.69240,-0.23438,0.14423,-0.66696,NaN,NaN,NaN,NaN,NaN,NaN,NaN,NaN,NaN,NaN,NaN,NaN,NaN,NaN,NaN,NaN,NaN,NaN,NaN,NaN,NaN,
31.979,0.01781,0.01022,0.13016,0.69241,-0.23412,0.14409,-0.66708,NaN,NaN,NaN,NaN,NaN,NaN,NaN,NaN,NaN,NaN,NaN,NaN,NaN,NaN,NaN,NaN,NaN,NaN,NaN,NaN,NaN,
32.004,0.01778,0.01020,0.13020,0.69230,-0.23415,0.14429,-0.66714,NaN,NaN,NaN,NaN,NaN,NaN,NaN,NaN,NaN,NaN,NaN,NaN,NaN,NaN,NaN,NaN,NaN,NaN,NaN,NaN,NaN,
32.029,0.01781,0.01020,0.13022,0.69215,-0.23397,0.14445,-0.66732,NaN,NaN,NaN,NaN,NaN,NaN,NaN,NaN,NaN,NaN,NaN,NaN,NaN,NaN,NaN,NaN,NaN,NaN,NaN,NaN,NaN,
32.054,0.01784,0.01015,0.13025,0.69171,-0.23355,0.14498,-0.66781,NaN,NaN,NaN,NaN,NaN,NaN,NaN,NaN,NaN,NaN,NaN,NaN,NaN,NaN,NaN,NaN,NaN,NaN,NaN,NaN,NaN,
32.079,0.01811,0.01008,0.13011,0.68984,-0.23027,0.14647,-0.67055,NaN,NaN,NaN,NaN,NaN,NaN,NaN,NaN,NaN,NaN,NaN,NaN,NaN,NaN,NaN,NaN,NaN,NaN,NaN,NaN,NaN,
32.104,0.01754,0.00902,0.13052,0.68744,-0.22950,0.15015,-0.67247,NaN,NaN,NaN,NaN,NaN,NaN,NaN,NaN,NaN,NaN,NaN,NaN,NaN,NaN,NaN,NaN,NaN,NaN,NaN,NaN,NaN,
32.129,0.01816,0.00920,0.13044,0.68510,-0.22869,0.15369,-0.67433,NaN,NaN,NaN,NaN,NaN,NaN,NaN,NaN,NaN,NaN,NaN,NaN,NaN,NaN,NaN,NaN,NaN,NaN,NaN,NaN,NaN,
32.154,0.01845,0.00907,0.13007,0.68571,-0.23176,0.15428,-0.67253,NaN,NaN,NaN,NaN,NaN,NaN,NaN,NaN,NaN,NaN,NaN,NaN,NaN,NaN,NaN,NaN,NaN,NaN,NaN,NaN,NaN,
32.179,0.01853,0.00902,0.13012,0.68580,-0.23355,0.15505,-0.67163,NaN,NaN,NaN,NaN,NaN,NaN,NaN,NaN,NaN,NaN,NaN,NaN,NaN,NaN,NaN,NaN,NaN,NaN,NaN,NaN,NaN,
32.204,0.01870,0.00909,0.12996,0.68547,-0.23263,0.15513,-0.67227,NaN,NaN,NaN,NaN,NaN,NaN,NaN,NaN,NaN,NaN,NaN,NaN,NaN,NaN,NaN,NaN,NaN,NaN,NaN,NaN,NaN,
32.229,0.01866,0.00894,0.12990,0.68531,-0.23261,0.15538,-0.67238,NaN,NaN,NaN,NaN,NaN,NaN,NaN,NaN,NaN,NaN,NaN,NaN,NaN,NaN,NaN,NaN,NaN,NaN,NaN,NaN,NaN,
32.254,0.01879,0.00894,0.12981,0.68490,-0.23252,0.15603,-0.67268,NaN,NaN,NaN,NaN,NaN,NaN,NaN,NaN,NaN,NaN,NaN,NaN,NaN,NaN,NaN,NaN,NaN,NaN,NaN,NaN,NaN,
32.279,0.01878,0.00884,0.12969,0.68453,-0.23231,0.15654,-0.67301,NaN,NaN,NaN,NaN,NaN,NaN,NaN,NaN,NaN,NaN,NaN,NaN,NaN,NaN,NaN,NaN,NaN,NaN,NaN,NaN,NaN,
32.304,0.01869,0.00873,0.12966,0.68450,-0.23291,0.15691,-0.67275,NaN,NaN,NaN,NaN,NaN,NaN,NaN,NaN,NaN,NaN,NaN,NaN,NaN,NaN,NaN,NaN,NaN,NaN,NaN,NaN,NaN,
32.329,0.01876,0.00878,0.12962,0.68460,-0.23303,0.15681,-0.67263,NaN,NaN,NaN,NaN,NaN,NaN,NaN,NaN,NaN,NaN,NaN,NaN,NaN,NaN,NaN,NaN,NaN,NaN,NaN,NaN,NaN,
32.354,0.01877,0.00876,0.12951,0.68493,-0.23321,0.15634,-0.67234,NaN,NaN,NaN,NaN,NaN,NaN,NaN,NaN,NaN,NaN,NaN,NaN,NaN,NaN,NaN,NaN,NaN,NaN,NaN,NaN,NaN,
32.379,0.01873,0.00874,0.12942,0.68522,-0.23354,0.15602,-0.67201,NaN,NaN,NaN,NaN,NaN,NaN,NaN,NaN,NaN,NaN,NaN,NaN,NaN,NaN,NaN,NaN,NaN,NaN,NaN,NaN,NaN,
32.404,0.01872,0.00881,0.12928,0.68583,-0.23398,0.15521,-0.67141,NaN,NaN,NaN,NaN,NaN,NaN,NaN,NaN,NaN,NaN,NaN,NaN,NaN,NaN,NaN,NaN,NaN,NaN,NaN,NaN,NaN,
32.429,0.01874,0.00890,0.12926,0.68627,-0.23501,0.15501,-0.67065,NaN,NaN,NaN,NaN,NaN,NaN,NaN,NaN,NaN,NaN,NaN,NaN,NaN,NaN,NaN,NaN,NaN,NaN,NaN,NaN,NaN,
32.454,0.01875,0.00890,0.12926,0.68628,-0.23527,0.15512,-0.67053,NaN,NaN,NaN,NaN,NaN,NaN,NaN,NaN,NaN,NaN,NaN,NaN,NaN,NaN,NaN,NaN,NaN,NaN,NaN,NaN,NaN,
32.479,0.01873,0.00884,0.12923,0.68607,-0.23491,0.15530,-0.67083,NaN,NaN,NaN,NaN,NaN,NaN,NaN,NaN,NaN,NaN,NaN,NaN,NaN,NaN,NaN,NaN,NaN,NaN,NaN,NaN,NaN,
32.504,0.01882,0.00858,0.12943,0.68398,-0.23360,0.15814,-0.67275,NaN,NaN,NaN,NaN,NaN,NaN,NaN,NaN,NaN,NaN,NaN,NaN,NaN,NaN,NaN,NaN,NaN,NaN,NaN,NaN,NaN,
32.529,0.01884,0.00824,0.12924,0.68269,-0.23055,0.15872,-0.67497,NaN,NaN,NaN,NaN,NaN,NaN,NaN,NaN,NaN,NaN,NaN,NaN,NaN,NaN,NaN,NaN,NaN,NaN,NaN,NaN,NaN,
32.554,0.01882,0.00811,0.12930,0.68257,-0.23054,0.15891,-0.67506,NaN,NaN,NaN,NaN,NaN,NaN,NaN,NaN,NaN,NaN,NaN,NaN,NaN,NaN,NaN,NaN,NaN,NaN,NaN,NaN,NaN,
32.579,0.01892,0.00805,0.12926,0.68206,-0.22966,0.15931,-0.67577,NaN,NaN,NaN,NaN,NaN,NaN,NaN,NaN,NaN,NaN,NaN,NaN,NaN,NaN,NaN,NaN,NaN,NaN,NaN,NaN,NaN,
32.604,0.01873,0.00774,0.12937,0.68189,-0.23000,0.15977,-0.67572,NaN,NaN,NaN,NaN,NaN,NaN,NaN,NaN,NaN,NaN,NaN,NaN,NaN,NaN,NaN,NaN,NaN,NaN,NaN,NaN,NaN,
32.629,0.01864,0.00757,0.12940,0.68198,-0.23013,0.15968,-0.67560,NaN,NaN,NaN,NaN,NaN,NaN,NaN,NaN,NaN,NaN,NaN,NaN,NaN,NaN,NaN,NaN,NaN,NaN,NaN,NaN,NaN,
32.654,0.01867,0.00752,0.12964,0.68150,-0.23082,0.16085,-0.67558,NaN,NaN,NaN,NaN,NaN,NaN,NaN,NaN,NaN,NaN,NaN,NaN,NaN,NaN,NaN,NaN,NaN,NaN,NaN,NaN,NaN,
32.679,0.01897,0.00761,0.12961,0.68069,-0.22961,0.16156,-0.67664,NaN,NaN,NaN,NaN,NaN,NaN,NaN,NaN,NaN,NaN,NaN,NaN,NaN,NaN,NaN,NaN,NaN,NaN,NaN,NaN,NaN,
32.704,0.01897,0.00761,0.12961,0.68069,-0.22961,0.16156,-0.67664,NaN,NaN,NaN,NaN,NaN,NaN,NaN,NaN,NaN,NaN,NaN,NaN,NaN,NaN,NaN,NaN,NaN,NaN,NaN,NaN,NaN,
32.729,0.01904,0.00755,0.12972,0.68109,-0.23107,0.16165,-0.67571,NaN,NaN,NaN,NaN,NaN,NaN,NaN,NaN,NaN,NaN,NaN,NaN,NaN,NaN,NaN,NaN,NaN,NaN,NaN,NaN,NaN,
32.754,0.01904,0.00754,0.12984,0.68102,-0.23107,0.16178,-0.67576,NaN,NaN,NaN,NaN,NaN,NaN,NaN,NaN,NaN,NaN,NaN,NaN,NaN,NaN,NaN,NaN,NaN,NaN,NaN,NaN,NaN,
32.779,0.01902,0.00750,0.12992,0.68165,-0.23203,0.16123,-0.67492,NaN,NaN,NaN,NaN,NaN,NaN,NaN,NaN,NaN,NaN,NaN,NaN,NaN,NaN,NaN,NaN,NaN,NaN,NaN,NaN,NaN,
32.804,0.01882,0.00737,0.13004,0.68239,-0.23329,0.16063,-0.67388,NaN,NaN,NaN,NaN,NaN,NaN,NaN,NaN,NaN,NaN,NaN,NaN,NaN,NaN,NaN,NaN,NaN,NaN,NaN,NaN,NaN,
32.829,0.01905,0.00759,0.12999,0.68215,-0.23199,0.16038,-0.67464,NaN,NaN,NaN,NaN,NaN,NaN,NaN,NaN,NaN,NaN,NaN,NaN,NaN,NaN,NaN,NaN,NaN,NaN,NaN,NaN,NaN,
32.854,0.01886,0.00727,0.13016,0.68229,-0.23337,0.16085,-0.67390,NaN,NaN,NaN,NaN,NaN,NaN,NaN,NaN,NaN,NaN,NaN,NaN,NaN,NaN,NaN,NaN,NaN,NaN,NaN,NaN,NaN,
32.879,0.01892,0.00738,0.13014,0.68232,-0.23318,0.16071,-0.67397,NaN,NaN,NaN,NaN,NaN,NaN,NaN,NaN,NaN,NaN,NaN,NaN,NaN,NaN,NaN,NaN,NaN,NaN,NaN,NaN,NaN,
32.904,0.01892,0.00735,0.13013,0.68243,-0.23341,0.16063,-0.67380,NaN,NaN,NaN,NaN,NaN,NaN,NaN,NaN,NaN,NaN,NaN,NaN,NaN,NaN,NaN,NaN,NaN,NaN,NaN,NaN,NaN,
32.929,0.01894,0.00735,0.13014,0.68254,-0.23362,0.16056,-0.67363,NaN,NaN,NaN,NaN,NaN,NaN,NaN,NaN,NaN,NaN,NaN,NaN,NaN,NaN,NaN,NaN,NaN,NaN,NaN,NaN,NaN,
32.954,0.01900,0.00748,0.13000,0.68205,-0.23235,0.16072,-0.67453,NaN,NaN,NaN,NaN,NaN,NaN,NaN,NaN,NaN,NaN,NaN,NaN,NaN,NaN,NaN,NaN,NaN,NaN,NaN,NaN,NaN,
32.979,0.01898,0.00744,0.13005,0.68223,-0.23277,0.16063,-0.67422,NaN,NaN,NaN,NaN,NaN,NaN,NaN,NaN,NaN,NaN,NaN,NaN,NaN,NaN,NaN,NaN,NaN,NaN,NaN,NaN,NaN,
33.004,0.01895,0.00739,0.13008,0.68237,-0.23310,0.16058,-0.67398,NaN,NaN,NaN,NaN,NaN,NaN,NaN,NaN,NaN,NaN,NaN,NaN,NaN,NaN,NaN,NaN,NaN,NaN,NaN,NaN,NaN,
33.029,0.01894,0.00736,0.13011,0.68247,-0.23336,0.16054,-0.67379,NaN,NaN,NaN,NaN,NaN,NaN,NaN,NaN,NaN,NaN,NaN,NaN,NaN,NaN,NaN,NaN,NaN,NaN,NaN,NaN,NaN,
33.054,0.01892,0.00729,0.13012,0.68253,-0.23368,0.16061,-0.67361,NaN,NaN,NaN,NaN,NaN,NaN,NaN,NaN,NaN,NaN,NaN,NaN,NaN,NaN,NaN,NaN,NaN,NaN,NaN,NaN,NaN,
33.079,0.01892,0.00710,0.13002,0.68225,-0.23368,0.16107,-0.67378,NaN,NaN,NaN,NaN,NaN,NaN,NaN,NaN,NaN,NaN,NaN,NaN,NaN,NaN,NaN,NaN,NaN,NaN,NaN,NaN,NaN,
33.104,0.01898,0.00699,0.12992,0.68156,-0.23273,0.16173,-0.67465,NaN,NaN,NaN,NaN,NaN,NaN,NaN,NaN,NaN,NaN,NaN,NaN,NaN,NaN,NaN,NaN,NaN,NaN,NaN,NaN,NaN,
33.129,0.01898,0.00698,0.12986,0.68114,-0.23216,0.16213,-0.67517,NaN,NaN,NaN,NaN,NaN,NaN,NaN,NaN,NaN,NaN,NaN,NaN,NaN,NaN,NaN,NaN,NaN,NaN,NaN,NaN,NaN,
33.154,0.01901,0.00698,0.12976,0.68105,-0.23196,0.16218,-0.67532,NaN,NaN,NaN,NaN,NaN,NaN,NaN,NaN,NaN,NaN,NaN,NaN,NaN,NaN,NaN,NaN,NaN,NaN,NaN,NaN,NaN,
33.179,0.01896,0.00687,0.12971,0.68093,-0.23212,0.16247,-0.67532,NaN,NaN,NaN,NaN,NaN,NaN,NaN,NaN,NaN,NaN,NaN,NaN,NaN,NaN,NaN,NaN,NaN,NaN,NaN,NaN,NaN,
33.204,0.01890,0.00663,0.12978,0.67977,-0.23193,0.16429,-0.67611,NaN,NaN,NaN,NaN,NaN,NaN,NaN,NaN,NaN,NaN,NaN,NaN,NaN,NaN,NaN,NaN,NaN,NaN,NaN,NaN,NaN,
33.229,0.01896,0.00650,0.12958,0.67882,-0.23006,0.16491,-0.67756,NaN,NaN,NaN,NaN,NaN,NaN,NaN,NaN,NaN,NaN,NaN,NaN,NaN,NaN,NaN,NaN,NaN,NaN,NaN,NaN,NaN,
33.254,0.01895,0.00641,0.12961,0.67821,-0.22998,0.16586,-0.67795,NaN,NaN,NaN,NaN,NaN,NaN,NaN,NaN,NaN,NaN,NaN,NaN,NaN,NaN,NaN,NaN,NaN,NaN,NaN,NaN,NaN,
33.279,0.01903,0.00638,0.12951,0.67765,-0.22898,0.16627,-0.67876,NaN,NaN,NaN,NaN,NaN,NaN,NaN,NaN,NaN,NaN,NaN,NaN,NaN,NaN,NaN,NaN,NaN,NaN,NaN,NaN,NaN,
33.304,0.01895,0.00621,0.12950,0.67733,-0.22894,0.16678,-0.67897,NaN,NaN,NaN,NaN,NaN,NaN,NaN,NaN,NaN,NaN,NaN,NaN,NaN,NaN,NaN,NaN,NaN,NaN,NaN,NaN,NaN,
33.329,0.01904,0.00615,0.12949,0.67651,-0.22822,0.16776,-0.67979,NaN,NaN,NaN,NaN,NaN,NaN,NaN,NaN,NaN,NaN,NaN,NaN,NaN,NaN,NaN,NaN,NaN,NaN,NaN,NaN,NaN,
33.354,0.01908,0.00608,0.12942,0.67521,-0.22612,0.16880,-0.68152,NaN,NaN,NaN,NaN,NaN,NaN,NaN,NaN,NaN,NaN,NaN,NaN,NaN,NaN,NaN,NaN,NaN,NaN,NaN,NaN,NaN,
33.379,0.01906,0.00591,0.12956,0.67434,-0.22603,0.17018,-0.68206,NaN,NaN,NaN,NaN,NaN,NaN,NaN,NaN,NaN,NaN,NaN,NaN,NaN,NaN,NaN,NaN,NaN,NaN,NaN,NaN,NaN,
33.404,0.01906,0.00576,0.12946,0.67324,-0.22423,0.17103,-0.68353,NaN,NaN,NaN,NaN,NaN,NaN,NaN,NaN,NaN,NaN,NaN,NaN,NaN,NaN,NaN,NaN,NaN,NaN,NaN,NaN,NaN,
33.429,0.01905,0.00541,0.12956,0.67083,-0.22241,0.17399,-0.68574,NaN,NaN,NaN,NaN,NaN,NaN,NaN,NaN,NaN,NaN,NaN,NaN,NaN,NaN,NaN,NaN,NaN,NaN,NaN,NaN,NaN,
33.454,0.01907,0.00514,0.12954,0.66876,-0.22002,0.17609,-0.68800,NaN,NaN,NaN,NaN,NaN,NaN,NaN,NaN,NaN,NaN,NaN,NaN,NaN,NaN,NaN,NaN,NaN,NaN,NaN,NaN,NaN,
33.479,0.01906,0.00495,0.12958,0.66773,-0.21891,0.17715,-0.68908,NaN,NaN,NaN,NaN,NaN,NaN,NaN,NaN,NaN,NaN,NaN,NaN,NaN,NaN,NaN,NaN,NaN,NaN,NaN,NaN,NaN,
33.504,0.01910,0.00487,0.12952,0.66702,-0.21752,0.17757,-0.69010,NaN,NaN,NaN,NaN,NaN,NaN,NaN,NaN,NaN,NaN,NaN,NaN,NaN,NaN,NaN,NaN,NaN,NaN,NaN,NaN,NaN,
33.529,0.01907,0.00490,0.12962,0.66728,-0.21857,0.17770,-0.68948,NaN,NaN,NaN,NaN,NaN,NaN,NaN,NaN,NaN,NaN,NaN,NaN,NaN,NaN,NaN,NaN,NaN,NaN,NaN,NaN,NaN,
33.554,0.01924,0.00508,0.12956,0.66863,-0.21972,0.17613,-0.68821,NaN,NaN,NaN,NaN,NaN,NaN,NaN,NaN,NaN,NaN,NaN,NaN,NaN,NaN,NaN,NaN,NaN,NaN,NaN,NaN,NaN,
33.579,0.01913,0.00497,0.12970,0.66928,-0.22081,0.17566,-0.68735,NaN,NaN,NaN,NaN,NaN,NaN,NaN,NaN,NaN,NaN,NaN,NaN,NaN,NaN,NaN,NaN,NaN,NaN,NaN,NaN,NaN,
33.604,0.01913,0.00487,0.12981,0.66916,-0.22058,0.17573,-0.68752,NaN,NaN,NaN,NaN,NaN,NaN,NaN,NaN,NaN,NaN,NaN,NaN,NaN,NaN,NaN,NaN,NaN,NaN,NaN,NaN,NaN,
33.629,0.01921,0.00491,0.12983,0.66841,-0.21912,0.17618,-0.68861,NaN,NaN,NaN,NaN,NaN,NaN,NaN,NaN,NaN,NaN,NaN,NaN,NaN,NaN,NaN,NaN,NaN,NaN,NaN,NaN,NaN,
33.654,0.01915,0.00468,0.12991,0.66789,-0.21887,0.17687,-0.68900,NaN,NaN,NaN,NaN,NaN,NaN,NaN,NaN,NaN,NaN,NaN,NaN,NaN,NaN,NaN,NaN,NaN,NaN,NaN,NaN,NaN,
33.679,0.01918,0.00460,0.13003,0.66750,-0.21902,0.17759,-0.68916,NaN,NaN,NaN,NaN,NaN,NaN,NaN,NaN,NaN,NaN,NaN,NaN,NaN,NaN,NaN,NaN,NaN,NaN,NaN,NaN,NaN,
33.704,0.01912,0.00443,0.13020,0.66728,-0.21942,0.17816,-0.68910,NaN,NaN,NaN,NaN,NaN,NaN,NaN,NaN,NaN,NaN,NaN,NaN,NaN,NaN,NaN,NaN,NaN,NaN,NaN,NaN,NaN,
33.729,0.01928,0.00445,0.13025,0.66636,-0.21833,0.17905,-0.69010,NaN,NaN,NaN,NaN,NaN,NaN,NaN,NaN,NaN,NaN,NaN,NaN,NaN,NaN,NaN,NaN,NaN,NaN,NaN,NaN,NaN,
33.754,0.01924,0.00422,0.13033,0.66508,-0.21711,0.18046,-0.69135,NaN,NaN,NaN,NaN,NaN,NaN,NaN,NaN,NaN,NaN,NaN,NaN,NaN,NaN,NaN,NaN,NaN,NaN,NaN,NaN,NaN,
33.779,0.01930,0.00413,0.13036,0.66404,-0.21595,0.18150,-0.69244,NaN,NaN,NaN,NaN,NaN,NaN,NaN,NaN,NaN,NaN,NaN,NaN,NaN,NaN,NaN,NaN,NaN,NaN,NaN,NaN,NaN,
33.804,0.01935,0.00399,0.13041,0.66311,-0.21543,0.18272,-0.69318,NaN,NaN,NaN,NaN,NaN,NaN,NaN,NaN,NaN,NaN,NaN,NaN,NaN,NaN,NaN,NaN,NaN,NaN,NaN,NaN,NaN,
33.829,0.01933,0.00369,0.13045,0.66106,-0.21378,0.18510,-0.69501,NaN,NaN,NaN,NaN,NaN,NaN,NaN,NaN,NaN,NaN,NaN,NaN,NaN,NaN,NaN,NaN,NaN,NaN,NaN,NaN,NaN,
33.854,0.01920,0.00315,0.13050,0.65844,-0.21120,0.18784,-0.69754,NaN,NaN,NaN,NaN,NaN,NaN,NaN,NaN,NaN,NaN,NaN,NaN,NaN,NaN,NaN,NaN,NaN,NaN,NaN,NaN,NaN,
33.879,0.01939,0.00307,0.13042,0.65701,-0.20922,0.18903,-0.69916,NaN,NaN,NaN,NaN,NaN,NaN,NaN,NaN,NaN,NaN,NaN,NaN,NaN,NaN,NaN,NaN,NaN,NaN,NaN,NaN,NaN,
33.904,0.01934,0.00298,0.13040,0.65669,-0.20918,0.18952,-0.69935,NaN,NaN,NaN,NaN,NaN,NaN,NaN,NaN,NaN,NaN,NaN,NaN,NaN,NaN,NaN,NaN,NaN,NaN,NaN,NaN,NaN,
33.929,0.01934,0.00288,0.13046,0.65627,-0.20939,0.19028,-0.69947,NaN,NaN,NaN,NaN,NaN,NaN,NaN,NaN,NaN,NaN,NaN,NaN,NaN,NaN,NaN,NaN,NaN,NaN,NaN,NaN,NaN,
33.954,0.01935,0.00283,0.13048,0.65578,-0.20905,0.19087,-0.69987,NaN,NaN,NaN,NaN,NaN,NaN,NaN,NaN,NaN,NaN,NaN,NaN,NaN,NaN,NaN,NaN,NaN,NaN,NaN,NaN,NaN,
33.979,0.01939,0.00287,0.13038,0.65541,-0.20777,0.19077,-0.70063,NaN,NaN,NaN,NaN,NaN,NaN,NaN,NaN,NaN,NaN,NaN,NaN,NaN,NaN,NaN,NaN,NaN,NaN,NaN,NaN,NaN,
34.004,0.01938,0.00279,0.13033,0.65535,-0.20776,0.19085,-0.70066,NaN,NaN,NaN,NaN,NaN,NaN,NaN,NaN,NaN,NaN,NaN,NaN,NaN,NaN,NaN,NaN,NaN,NaN,NaN,NaN,NaN,
34.029,0.01941,0.00274,0.13033,0.65518,-0.20821,0.19135,-0.70055,NaN,NaN,NaN,NaN,NaN,NaN,NaN,NaN,NaN,NaN,NaN,NaN,NaN,NaN,NaN,NaN,NaN,NaN,NaN,NaN,NaN,
34.054,0.01938,0.00270,0.13033,0.65441,-0.20749,0.19218,-0.70126,NaN,NaN,NaN,NaN,NaN,NaN,NaN,NaN,NaN,NaN,NaN,NaN,NaN,NaN,NaN,NaN,NaN,NaN,NaN,NaN,NaN,
34.079,0.01936,0.00268,0.13028,0.65384,-0.20680,0.19269,-0.70186,NaN,NaN,NaN,NaN,NaN,NaN,NaN,NaN,NaN,NaN,NaN,NaN,NaN,NaN,NaN,NaN,NaN,NaN,NaN,NaN,NaN,
34.104,0.01935,0.00274,0.13037,0.65530,-0.20842,0.19128,-0.70040,NaN,NaN,NaN,NaN,NaN,NaN,NaN,NaN,NaN,NaN,NaN,NaN,NaN,NaN,NaN,NaN,NaN,NaN,NaN,NaN,NaN,
34.129,0.01942,0.00273,0.13020,0.65404,-0.20705,0.19252,-0.70164,NaN,NaN,NaN,NaN,NaN,NaN,NaN,NaN,NaN,NaN,NaN,NaN,NaN,NaN,NaN,NaN,NaN,NaN,NaN,NaN,NaN,
34.154,0.01938,0.00261,0.13015,0.65368,-0.20651,0.19278,-0.70206,NaN,NaN,NaN,NaN,NaN,NaN,NaN,NaN,NaN,NaN,NaN,NaN,NaN,NaN,NaN,NaN,NaN,NaN,NaN,NaN,NaN,
34.179,0.01940,0.00260,0.13013,0.65314,-0.20611,0.19341,-0.70251,NaN,NaN,NaN,NaN,NaN,NaN,NaN,NaN,NaN,NaN,NaN,NaN,NaN,NaN,NaN,NaN,NaN,NaN,NaN,NaN,NaN,
34.204,0.01949,0.00269,0.13012,0.65254,-0.20579,0.19417,-0.70296,NaN,NaN,NaN,NaN,NaN,NaN,NaN,NaN,NaN,NaN,NaN,NaN,NaN,NaN,NaN,NaN,NaN,NaN,NaN,NaN,NaN,
34.229,0.01937,0.00259,0.13023,0.65370,-0.20702,0.19302,-0.70182,NaN,NaN,NaN,NaN,NaN,NaN,NaN,NaN,NaN,NaN,NaN,NaN,NaN,NaN,NaN,NaN,NaN,NaN,NaN,NaN,NaN,
34.254,0.01938,0.00257,0.13020,0.65324,-0.20655,0.19348,-0.70226,NaN,NaN,NaN,NaN,NaN,NaN,NaN,NaN,NaN,NaN,NaN,NaN,NaN,NaN,NaN,NaN,NaN,NaN,NaN,NaN,NaN,
34.279,0.01938,0.00255,0.13018,0.65288,-0.20621,0.19387,-0.70260,NaN,NaN,NaN,NaN,NaN,NaN,NaN,NaN,NaN,NaN,NaN,NaN,NaN,NaN,NaN,NaN,NaN,NaN,NaN,NaN,NaN,
34.304,0.01939,0.00253,0.13015,0.65259,-0.20590,0.19416,-0.70288,NaN,NaN,NaN,NaN,NaN,NaN,NaN,NaN,NaN,NaN,NaN,NaN,NaN,NaN,NaN,NaN,NaN,NaN,NaN,NaN,NaN,
34.329,0.01942,0.00242,0.13001,0.65083,-0.20372,0.19570,-0.70471,NaN,NaN,NaN,NaN,NaN,NaN,NaN,NaN,NaN,NaN,NaN,NaN,NaN,NaN,NaN,NaN,NaN,NaN,NaN,NaN,NaN,
34.354,0.01941,0.00247,0.13008,0.65186,-0.20492,0.19475,-0.70367,NaN,NaN,NaN,NaN,NaN,NaN,NaN,NaN,NaN,NaN,NaN,NaN,NaN,NaN,NaN,NaN,NaN,NaN,NaN,NaN,NaN,
34.379,0.01941,0.00245,0.13006,0.65145,-0.20450,0.19517,-0.70407,NaN,NaN,NaN,NaN,NaN,NaN,NaN,NaN,NaN,NaN,NaN,NaN,NaN,NaN,NaN,NaN,NaN,NaN,NaN,NaN,NaN,
34.404,0.01943,0.00245,0.13004,0.65107,-0.20402,0.19549,-0.70446,NaN,NaN,NaN,NaN,NaN,NaN,NaN,NaN,NaN,NaN,NaN,NaN,NaN,NaN,NaN,NaN,NaN,NaN,NaN,NaN,NaN,
34.429,0.01944,0.00244,0.13002,0.65074,-0.20357,0.19576,-0.70482,NaN,NaN,NaN,NaN,NaN,NaN,NaN,NaN,NaN,NaN,NaN,NaN,NaN,NaN,NaN,NaN,NaN,NaN,NaN,NaN,NaN,
34.454,0.01944,0.00243,0.13001,0.65051,-0.20323,0.19593,-0.70508,NaN,NaN,NaN,NaN,NaN,NaN,NaN,NaN,NaN,NaN,NaN,NaN,NaN,NaN,NaN,NaN,NaN,NaN,NaN,NaN,NaN,
34.479,0.01944,0.00242,0.13000,0.65034,-0.20294,0.19603,-0.70530,NaN,NaN,NaN,NaN,NaN,NaN,NaN,NaN,NaN,NaN,NaN,NaN,NaN,NaN,NaN,NaN,NaN,NaN,NaN,NaN,NaN,
34.504,0.01944,0.00240,0.12998,0.65023,-0.20268,0.19607,-0.70546,NaN,NaN,NaN,NaN,NaN,NaN,NaN,NaN,NaN,NaN,NaN,NaN,NaN,NaN,NaN,NaN,NaN,NaN,NaN,NaN,NaN,
34.529,0.01945,0.00239,0.12997,0.65005,-0.20239,0.19618,-0.70568,NaN,NaN,NaN,NaN,NaN,NaN,NaN,NaN,NaN,NaN,NaN,NaN,NaN,NaN,NaN,NaN,NaN,NaN,NaN,NaN,NaN,
34.554,0.01945,0.00238,0.12996,0.64987,-0.20212,0.19632,-0.70589,NaN,NaN,NaN,NaN,NaN,NaN,NaN,NaN,NaN,NaN,NaN,NaN,NaN,NaN,NaN,NaN,NaN,NaN,NaN,NaN,NaN,
34.579,0.01946,0.00238,0.12996,0.64974,-0.20189,0.19639,-0.70605,NaN,NaN,NaN,NaN,NaN,NaN,NaN,NaN,NaN,NaN,NaN,NaN,NaN,NaN,NaN,NaN,NaN,NaN,NaN,NaN,NaN,
34.604,0.01946,0.00238,0.12997,0.64968,-0.20188,0.19647,-0.70609,NaN,NaN,NaN,NaN,NaN,NaN,NaN,NaN,NaN,NaN,NaN,NaN,NaN,NaN,NaN,NaN,NaN,NaN,NaN,NaN,NaN,
34.629,0.01946,0.00237,0.12997,0.64964,-0.20183,0.19651,-0.70613,NaN,NaN,NaN,NaN,NaN,NaN,NaN,NaN,NaN,NaN,NaN,NaN,NaN,NaN,NaN,NaN,NaN,NaN,NaN,NaN,NaN,
34.654,0.01945,0.00237,0.12997,0.64963,-0.20178,0.19650,-0.70616,NaN,NaN,NaN,NaN,NaN,NaN,NaN,NaN,NaN,NaN,NaN,NaN,NaN,NaN,NaN,NaN,NaN,NaN,NaN,NaN,NaN,
34.679,0.01945,0.00236,0.12997,0.64962,-0.20173,0.19649,-0.70618,NaN,NaN,NaN,NaN,NaN,NaN,NaN,NaN,NaN,NaN,NaN,NaN,NaN,NaN,NaN,NaN,NaN,NaN,NaN,NaN,NaN,
34.704,0.01945,0.00234,0.12996,0.64956,-0.20159,0.19650,-0.70627,NaN,NaN,NaN,NaN,NaN,NaN,NaN,NaN,NaN,NaN,NaN,NaN,NaN,NaN,NaN,NaN,NaN,NaN,NaN,NaN,NaN,
34.729,0.01945,0.00234,0.12995,0.64947,-0.20147,0.19657,-0.70637,NaN,NaN,NaN,NaN,NaN,NaN,NaN,NaN,NaN,NaN,NaN,NaN,NaN,NaN,NaN,NaN,NaN,NaN,NaN,NaN,NaN,
34.754,0.01945,0.00233,0.12996,0.64941,-0.20144,0.19666,-0.70641,NaN,NaN,NaN,NaN,NaN,NaN,NaN,NaN,NaN,NaN,NaN,NaN,NaN,NaN,NaN,NaN,NaN,NaN,NaN,NaN,NaN,
34.779,0.01945,0.00233,0.12996,0.64933,-0.20136,0.19673,-0.70648,NaN,NaN,NaN,NaN,NaN,NaN,NaN,NaN,NaN,NaN,NaN,NaN,NaN,NaN,NaN,NaN,NaN,NaN,NaN,NaN,NaN,
34.804,0.01945,0.00233,0.12996,0.64929,-0.20126,0.19675,-0.70655,NaN,NaN,NaN,NaN,NaN,NaN,NaN,NaN,NaN,NaN,NaN,NaN,NaN,NaN,NaN,NaN,NaN,NaN,NaN,NaN,NaN,
34.829,0.01944,0.00232,0.12998,0.64925,-0.20132,0.19684,-0.70654,NaN,NaN,NaN,NaN,NaN,NaN,NaN,NaN,NaN,NaN,NaN,NaN,NaN,NaN,NaN,NaN,NaN,NaN,NaN,NaN,NaN,
34.854,0.01944,0.00230,0.12998,0.64918,-0.20125,0.19690,-0.70661,NaN,NaN,NaN,NaN,NaN,NaN,NaN,NaN,NaN,NaN,NaN,NaN,NaN,NaN,NaN,NaN,NaN,NaN,NaN,NaN,NaN,
34.879,0.01944,0.00228,0.12997,0.64903,-0.20103,0.19701,-0.70677,NaN,NaN,NaN,NaN,NaN,NaN,NaN,NaN,NaN,NaN,NaN,NaN,NaN,NaN,NaN,NaN,NaN,NaN,NaN,NaN,NaN,
34.904,0.01944,0.00225,0.12997,0.64888,-0.20088,0.19716,-0.70691,NaN,NaN,NaN,NaN,NaN,NaN,NaN,NaN,NaN,NaN,NaN,NaN,NaN,NaN,NaN,NaN,NaN,NaN,NaN,NaN,NaN,
34.929,0.01943,0.00222,0.12996,0.64867,-0.20061,0.19735,-0.70714,NaN,NaN,NaN,NaN,NaN,NaN,NaN,NaN,NaN,NaN,NaN,NaN,NaN,NaN,NaN,NaN,NaN,NaN,NaN,NaN,NaN,
34.954,0.01943,0.00218,0.12997,0.64842,-0.20042,0.19763,-0.70734,NaN,NaN,NaN,NaN,NaN,NaN,NaN,NaN,NaN,NaN,NaN,NaN,NaN,NaN,NaN,NaN,NaN,NaN,NaN,NaN,NaN,
34.979,0.01943,0.00213,0.12997,0.64810,-0.20016,0.19798,-0.70761,NaN,NaN,NaN,NaN,NaN,NaN,NaN,NaN,NaN,NaN,NaN,NaN,NaN,NaN,NaN,NaN,NaN,NaN,NaN,NaN,NaN,
35.004,0.01948,0.00181,0.13000,0.64552,-0.19802,0.20078,-0.70978,NaN,NaN,NaN,NaN,NaN,NaN,NaN,NaN,NaN,NaN,NaN,NaN,NaN,NaN,NaN,NaN,NaN,NaN,NaN,NaN,NaN,
35.029,0.01950,0.00179,0.12996,0.64457,-0.19665,0.20148,-0.71082,NaN,NaN,NaN,NaN,NaN,NaN,NaN,NaN,NaN,NaN,NaN,NaN,NaN,NaN,NaN,NaN,NaN,NaN,NaN,NaN,NaN,
35.054,0.01945,0.00161,0.13002,0.64358,-0.19625,0.20277,-0.71146,NaN,NaN,NaN,NaN,NaN,NaN,NaN,NaN,NaN,NaN,NaN,NaN,NaN,NaN,NaN,NaN,NaN,NaN,NaN,NaN,NaN,
35.079,0.01945,0.00140,0.13002,0.64239,-0.19515,0.20398,-0.71250,NaN,NaN,NaN,NaN,NaN,NaN,NaN,NaN,NaN,NaN,NaN,NaN,NaN,NaN,NaN,NaN,NaN,NaN,NaN,NaN,NaN,
35.104,0.01949,0.00131,0.12996,0.64142,-0.19376,0.20468,-0.71354,NaN,NaN,NaN,NaN,NaN,NaN,NaN,NaN,NaN,NaN,NaN,NaN,NaN,NaN,NaN,NaN,NaN,NaN,NaN,NaN,NaN,
35.129,0.01945,0.00123,0.12997,0.64098,-0.19344,0.20518,-0.71388,NaN,NaN,NaN,NaN,NaN,NaN,NaN,NaN,NaN,NaN,NaN,NaN,NaN,NaN,NaN,NaN,NaN,NaN,NaN,NaN,NaN,
35.154,0.01943,0.00116,0.12999,0.64055,-0.19324,0.20572,-0.71417,NaN,NaN,NaN,NaN,NaN,NaN,NaN,NaN,NaN,NaN,NaN,NaN,NaN,NaN,NaN,NaN,NaN,NaN,NaN,NaN,NaN,
35.179,0.01953,0.00117,0.12998,0.64011,-0.19285,0.20616,-0.71454,NaN,NaN,NaN,NaN,NaN,NaN,NaN,NaN,NaN,NaN,NaN,NaN,NaN,NaN,NaN,NaN,NaN,NaN,NaN,NaN,NaN,
35.204,0.01950,0.00108,0.12996,0.63973,-0.19239,0.20648,-0.71491,NaN,NaN,NaN,NaN,NaN,NaN,NaN,NaN,NaN,NaN,NaN,NaN,NaN,NaN,NaN,NaN,NaN,NaN,NaN,NaN,NaN,
35.229,0.01943,0.00093,0.12995,0.63922,-0.19183,0.20695,-0.71538,NaN,NaN,NaN,NaN,NaN,NaN,NaN,NaN,NaN,NaN,NaN,NaN,NaN,NaN,NaN,NaN,NaN,NaN,NaN,NaN,NaN,
35.254,0.01940,0.00074,0.13000,0.63811,-0.19122,0.20828,-0.71614,NaN,NaN,NaN,NaN,NaN,NaN,NaN,NaN,NaN,NaN,NaN,NaN,NaN,NaN,NaN,NaN,NaN,NaN,NaN,NaN,NaN,
35.279,0.01948,0.00076,0.13002,0.63724,-0.19066,0.20929,-0.71678,NaN,NaN,NaN,NaN,NaN,NaN,NaN,NaN,NaN,NaN,NaN,NaN,NaN,NaN,NaN,NaN,NaN,NaN,NaN,NaN,NaN,
35.304,0.01951,0.00076,0.12998,0.63671,-0.18987,0.20965,-0.71735,NaN,NaN,NaN,NaN,NaN,NaN,NaN,NaN,NaN,NaN,NaN,NaN,NaN,NaN,NaN,NaN,NaN,NaN,NaN,NaN,NaN,
35.329,0.01948,0.00063,0.12994,0.63608,-0.18915,0.21019,-0.71794,NaN,NaN,NaN,NaN,NaN,NaN,NaN,NaN,NaN,NaN,NaN,NaN,NaN,NaN,NaN,NaN,NaN,NaN,NaN,NaN,NaN,
35.354,0.01950,0.00056,0.12996,0.63526,-0.18859,0.21112,-0.71855,NaN,NaN,NaN,NaN,NaN,NaN,NaN,NaN,NaN,NaN,NaN,NaN,NaN,NaN,NaN,NaN,NaN,NaN,NaN,NaN,NaN,
35.379,0.01951,0.00043,0.12994,0.63431,-0.18763,0.21201,-0.71937,NaN,NaN,NaN,NaN,NaN,NaN,NaN,NaN,NaN,NaN,NaN,NaN,NaN,NaN,NaN,NaN,NaN,NaN,NaN,NaN,NaN,
35.404,0.01954,0.00033,0.12993,0.63341,-0.18682,0.21290,-0.72012,NaN,NaN,NaN,NaN,NaN,NaN,NaN,NaN,NaN,NaN,NaN,NaN,NaN,NaN,NaN,NaN,NaN,NaN,NaN,NaN,NaN,
35.429,0.01954,0.00024,0.12995,0.63282,-0.18641,0.21354,-0.72055,NaN,NaN,NaN,NaN,NaN,NaN,NaN,NaN,NaN,NaN,NaN,NaN,NaN,NaN,NaN,NaN,NaN,NaN,NaN,NaN,NaN,
35.454,0.01960,0.00026,0.12991,0.63205,-0.18553,0.21421,-0.72125,NaN,NaN,NaN,NaN,NaN,NaN,NaN,NaN,NaN,NaN,NaN,NaN,NaN,NaN,NaN,NaN,NaN,NaN,NaN,NaN,NaN,
35.479,0.01949,0.00007,0.12998,0.63135,-0.18544,0.21520,-0.72159,NaN,NaN,NaN,NaN,NaN,NaN,NaN,NaN,NaN,NaN,NaN,NaN,NaN,NaN,NaN,NaN,NaN,NaN,NaN,NaN,NaN,
35.504,0.01954,-0.00001,0.12991,0.63056,-0.18438,0.21579,-0.72238,NaN,NaN,NaN,NaN,NaN,NaN,NaN,NaN,NaN,NaN,NaN,NaN,NaN,NaN,NaN,NaN,NaN,NaN,NaN,NaN,NaN,
35.529,0.01947,-0.00018,0.12994,0.62998,-0.18403,0.21645,-0.72278,NaN,NaN,NaN,NaN,NaN,NaN,NaN,NaN,NaN,NaN,NaN,NaN,NaN,NaN,NaN,NaN,NaN,NaN,NaN,NaN,NaN,
35.554,0.01944,-0.00033,0.12996,0.62959,-0.18400,0.21701,-0.72296,NaN,NaN,NaN,NaN,NaN,NaN,NaN,NaN,NaN,NaN,NaN,NaN,NaN,NaN,NaN,NaN,NaN,NaN,NaN,NaN,NaN,
35.579,0.01943,-0.00044,0.12992,0.62896,-0.18325,0.21753,-0.72354,NaN,NaN,NaN,NaN,NaN,NaN,NaN,NaN,NaN,NaN,NaN,NaN,NaN,NaN,NaN,NaN,NaN,NaN,NaN,NaN,NaN,
35.604,0.01951,-0.00045,0.12989,0.62833,-0.18252,0.21804,-0.72411,NaN,NaN,NaN,NaN,NaN,NaN,NaN,NaN,NaN,NaN,NaN,NaN,NaN,NaN,NaN,NaN,NaN,NaN,NaN,NaN,NaN,
35.629,0.01956,-0.00046,0.12985,0.62779,-0.18197,0.21853,-0.72457,NaN,NaN,NaN,NaN,NaN,NaN,NaN,NaN,NaN,NaN,NaN,NaN,NaN,NaN,NaN,NaN,NaN,NaN,NaN,NaN,NaN,
35.654,0.01960,-0.00047,0.12984,0.62712,-0.18146,0.21923,-0.72507,NaN,NaN,NaN,NaN,NaN,NaN,NaN,NaN,NaN,NaN,NaN,NaN,NaN,NaN,NaN,NaN,NaN,NaN,NaN,NaN,NaN,
35.679,0.01955,-0.00058,0.12981,0.62655,-0.18096,0.21979,-0.72552,NaN,NaN,NaN,NaN,NaN,NaN,NaN,NaN,NaN,NaN,NaN,NaN,NaN,NaN,NaN,NaN,NaN,NaN,NaN,NaN,NaN,
35.704,0.01953,-0.00065,0.12983,0.62637,-0.18103,0.22010,-0.72556,NaN,NaN,NaN,NaN,NaN,NaN,NaN,NaN,NaN,NaN,NaN,NaN,NaN,NaN,NaN,NaN,NaN,NaN,NaN,NaN,NaN,
35.729,0.01954,-0.00063,0.12981,0.62624,-0.18075,0.22014,-0.72574,NaN,NaN,NaN,NaN,NaN,NaN,NaN,NaN,NaN,NaN,NaN,NaN,NaN,NaN,NaN,NaN,NaN,NaN,NaN,NaN,NaN,
35.754,0.01954,-0.00069,0.12980,0.62612,-0.18061,0.22023,-0.72584,NaN,NaN,NaN,NaN,NaN,NaN,NaN,NaN,NaN,NaN,NaN,NaN,NaN,NaN,NaN,NaN,NaN,NaN,NaN,NaN,NaN,
35.779,0.01953,-0.00061,0.12983,0.62712,-0.18154,0.21929,-0.72504,NaN,NaN,NaN,NaN,NaN,NaN,NaN,NaN,NaN,NaN,NaN,NaN,NaN,NaN,NaN,NaN,NaN,NaN,NaN,NaN,NaN,
35.804,0.01955,-0.00064,0.12981,0.62671,-0.18111,0.21965,-0.72539,NaN,NaN,NaN,NaN,NaN,NaN,NaN,NaN,NaN,NaN,NaN,NaN,NaN,NaN,NaN,NaN,NaN,NaN,NaN,NaN,NaN,
35.829,0.01956,-0.00067,0.12980,0.62633,-0.18074,0.22000,-0.72570,NaN,NaN,NaN,NaN,NaN,NaN,NaN,NaN,NaN,NaN,NaN,NaN,NaN,NaN,NaN,NaN,NaN,NaN,NaN,NaN,NaN,
35.854,0.01956,-0.00070,0.12978,0.62596,-0.18039,0.22035,-0.72600,NaN,NaN,NaN,NaN,NaN,NaN,NaN,NaN,NaN,NaN,NaN,NaN,NaN,NaN,NaN,NaN,NaN,NaN,NaN,NaN,NaN,
35.879,0.01956,-0.00074,0.12978,0.62563,-0.18011,0.22068,-0.72626,NaN,NaN,NaN,NaN,NaN,NaN,NaN,NaN,NaN,NaN,NaN,NaN,NaN,NaN,NaN,NaN,NaN,NaN,NaN,NaN,NaN,
35.904,0.01955,-0.00078,0.12977,0.62534,-0.17985,0.22095,-0.72648,NaN,NaN,NaN,NaN,NaN,NaN,NaN,NaN,NaN,NaN,NaN,NaN,NaN,NaN,NaN,NaN,NaN,NaN,NaN,NaN,NaN,
35.929,0.01955,-0.00083,0.12977,0.62509,-0.17969,0.22124,-0.72666,NaN,NaN,NaN,NaN,NaN,NaN,NaN,NaN,NaN,NaN,NaN,NaN,NaN,NaN,NaN,NaN,NaN,NaN,NaN,NaN,NaN,
35.954,0.01956,-0.00086,0.12976,0.62480,-0.17939,0.22149,-0.72690,NaN,NaN,NaN,NaN,NaN,NaN,NaN,NaN,NaN,NaN,NaN,NaN,NaN,NaN,NaN,NaN,NaN,NaN,NaN,NaN,NaN,
35.979,0.01955,-0.00090,0.12976,0.62454,-0.17916,0.22174,-0.72710,NaN,NaN,NaN,NaN,NaN,NaN,NaN,NaN,NaN,NaN,NaN,NaN,NaN,NaN,NaN,NaN,NaN,NaN,NaN,NaN,NaN,
36.004,0.01956,-0.00092,0.12975,0.62424,-0.17886,0.22202,-0.72736,NaN,NaN,NaN,NaN,NaN,NaN,NaN,NaN,NaN,NaN,NaN,NaN,NaN,NaN,NaN,NaN,NaN,NaN,NaN,NaN,NaN,
36.029,0.01955,-0.00096,0.12975,0.62396,-0.17863,0.22229,-0.72756,NaN,NaN,NaN,NaN,NaN,NaN,NaN,NaN,NaN,NaN,NaN,NaN,NaN,NaN,NaN,NaN,NaN,NaN,NaN,NaN,NaN,
36.054,0.01955,-0.00099,0.12976,0.62372,-0.17846,0.22256,-0.72773,NaN,NaN,NaN,NaN,NaN,NaN,NaN,NaN,NaN,NaN,NaN,NaN,NaN,NaN,NaN,NaN,NaN,NaN,NaN,NaN,NaN,
36.079,0.01955,-0.00101,0.12976,0.62349,-0.17831,0.22280,-0.72789,NaN,NaN,NaN,NaN,NaN,NaN,NaN,NaN,NaN,NaN,NaN,NaN,NaN,NaN,NaN,NaN,NaN,NaN,NaN,NaN,NaN,
36.104,0.01955,-0.00104,0.12976,0.62329,-0.17817,0.22301,-0.72803,NaN,NaN,NaN,NaN,NaN,NaN,NaN,NaN,NaN,NaN,NaN,NaN,NaN,NaN,NaN,NaN,NaN,NaN,NaN,NaN,NaN,
36.129,0.01955,-0.00106,0.12976,0.62310,-0.17799,0.22320,-0.72818,NaN,NaN,NaN,NaN,NaN,NaN,NaN,NaN,NaN,NaN,NaN,NaN,NaN,NaN,NaN,NaN,NaN,NaN,NaN,NaN,NaN,
36.154,0.01956,-0.00109,0.12976,0.62290,-0.17779,0.22337,-0.72834,NaN,NaN,NaN,NaN,NaN,NaN,NaN,NaN,NaN,NaN,NaN,NaN,NaN,NaN,NaN,NaN,NaN,NaN,NaN,NaN,NaN,
36.179,0.01956,-0.00110,0.12975,0.62270,-0.17753,0.22353,-0.72854,NaN,NaN,NaN,NaN,NaN,NaN,NaN,NaN,NaN,NaN,NaN,NaN,NaN,NaN,NaN,NaN,NaN,NaN,NaN,NaN,NaN,
36.204,0.01956,-0.00115,0.12975,0.62248,-0.17735,0.22375,-0.72870,NaN,NaN,NaN,NaN,NaN,NaN,NaN,NaN,NaN,NaN,NaN,NaN,NaN,NaN,NaN,NaN,NaN,NaN,NaN,NaN,NaN,
36.229,0.01956,-0.00118,0.12975,0.62223,-0.17718,0.22401,-0.72887,NaN,NaN,NaN,NaN,NaN,NaN,NaN,NaN,NaN,NaN,NaN,NaN,NaN,NaN,NaN,NaN,NaN,NaN,NaN,NaN,NaN,
36.254,0.01956,-0.00122,0.12975,0.62195,-0.17695,0.22429,-0.72908,NaN,NaN,NaN,NaN,NaN,NaN,NaN,NaN,NaN,NaN,NaN,NaN,NaN,NaN,NaN,NaN,NaN,NaN,NaN,NaN,NaN,
36.279,0.01956,-0.00126,0.12975,0.62160,-0.17666,0.22464,-0.72934,NaN,NaN,NaN,NaN,NaN,NaN,NaN,NaN,NaN,NaN,NaN,NaN,NaN,NaN,NaN,NaN,NaN,NaN,NaN,NaN,NaN,
36.304,0.01957,-0.00152,0.12976,0.61891,-0.17459,0.22738,-0.73128,NaN,NaN,NaN,NaN,NaN,NaN,NaN,NaN,NaN,NaN,NaN,NaN,NaN,NaN,NaN,NaN,NaN,NaN,NaN,NaN,NaN,
36.329,0.01956,-0.00168,0.12975,0.61797,-0.17384,0.22833,-0.73196,NaN,NaN,NaN,NaN,NaN,NaN,NaN,NaN,NaN,NaN,NaN,NaN,NaN,NaN,NaN,NaN,NaN,NaN,NaN,NaN,NaN,
36.354,0.01961,-0.00175,0.12969,0.61724,-0.17284,0.22881,-0.73266,NaN,NaN,NaN,NaN,NaN,NaN,NaN,NaN,NaN,NaN,NaN,NaN,NaN,NaN,NaN,NaN,NaN,NaN,NaN,NaN,NaN,
36.379,0.01958,-0.00187,0.12979,0.61639,-0.17294,0.23010,-0.73295,NaN,NaN,NaN,NaN,NaN,NaN,NaN,NaN,NaN,NaN,NaN,NaN,NaN,NaN,NaN,NaN,NaN,NaN,NaN,NaN,NaN,
36.404,0.01960,-0.00192,0.12973,0.61553,-0.17186,0.23072,-0.73372,NaN,NaN,NaN,NaN,NaN,NaN,NaN,NaN,NaN,NaN,NaN,NaN,NaN,NaN,NaN,NaN,NaN,NaN,NaN,NaN,NaN,
36.429,0.01955,-0.00208,0.12970,0.61497,-0.17121,0.23117,-0.73421,NaN,NaN,NaN,NaN,NaN,NaN,NaN,NaN,NaN,NaN,NaN,NaN,NaN,NaN,NaN,NaN,NaN,NaN,NaN,NaN,NaN,
36.454,0.01958,-0.00208,0.12970,0.61447,-0.17089,0.23171,-0.73453,NaN,NaN,NaN,NaN,NaN,NaN,NaN,NaN,NaN,NaN,NaN,NaN,NaN,NaN,NaN,NaN,NaN,NaN,NaN,NaN,NaN,
36.479,0.01953,-0.00223,0.12971,0.61388,-0.17044,0.23229,-0.73494,NaN,NaN,NaN,NaN,NaN,NaN,NaN,NaN,NaN,NaN,NaN,NaN,NaN,NaN,NaN,NaN,NaN,NaN,NaN,NaN,NaN,
36.504,0.01956,-0.00235,0.12973,0.61293,-0.16988,0.23335,-0.73554,NaN,NaN,NaN,NaN,NaN,NaN,NaN,NaN,NaN,NaN,NaN,NaN,NaN,NaN,NaN,NaN,NaN,NaN,NaN,NaN,NaN,
36.529,0.01959,-0.00246,0.12972,0.61180,-0.16887,0.23439,-0.73638,NaN,NaN,NaN,NaN,NaN,NaN,NaN,NaN,NaN,NaN,NaN,NaN,NaN,NaN,NaN,NaN,NaN,NaN,NaN,NaN,NaN,
36.554,0.01963,-0.00253,0.12967,0.61084,-0.16787,0.23520,-0.73714,NaN,NaN,NaN,NaN,NaN,NaN,NaN,NaN,NaN,NaN,NaN,NaN,NaN,NaN,NaN,NaN,NaN,NaN,NaN,NaN,NaN,
36.579,0.01959,-0.00270,0.12973,0.60999,-0.16770,0.23630,-0.73753,NaN,NaN,NaN,NaN,NaN,NaN,NaN,NaN,NaN,NaN,NaN,NaN,NaN,NaN,NaN,NaN,NaN,NaN,NaN,NaN,NaN,
36.604,0.01960,-0.00276,0.12970,0.60928,-0.16702,0.23693,-0.73807,NaN,NaN,NaN,NaN,NaN,NaN,NaN,NaN,NaN,NaN,NaN,NaN,NaN,NaN,NaN,NaN,NaN,NaN,NaN,NaN,NaN,
36.629,0.01954,-0.00287,0.12970,0.60861,-0.16644,0.23756,-0.73855,NaN,NaN,NaN,NaN,NaN,NaN,NaN,NaN,NaN,NaN,NaN,NaN,NaN,NaN,NaN,NaN,NaN,NaN,NaN,NaN,NaN,
36.654,0.01953,-0.00292,0.12967,0.60786,-0.16568,0.23818,-0.73913,NaN,NaN,NaN,NaN,NaN,NaN,NaN,NaN,NaN,NaN,NaN,NaN,NaN,NaN,NaN,NaN,NaN,NaN,NaN,NaN,NaN,
36.679,0.01950,-0.00309,0.12970,0.60708,-0.16538,0.23913,-0.73954,NaN,NaN,NaN,NaN,NaN,NaN,NaN,NaN,NaN,NaN,NaN,NaN,NaN,NaN,NaN,NaN,NaN,NaN,NaN,NaN,NaN,
36.704,0.01961,-0.00313,0.12965,0.60601,-0.16422,0.23998,-0.74040,NaN,NaN,NaN,NaN,NaN,NaN,NaN,NaN,NaN,NaN,NaN,NaN,NaN,NaN,NaN,NaN,NaN,NaN,NaN,NaN,NaN,
36.729,0.01959,-0.00326,0.12964,0.60520,-0.16349,0.24071,-0.74099,NaN,NaN,NaN,NaN,NaN,NaN,NaN,NaN,NaN,NaN,NaN,NaN,NaN,NaN,NaN,NaN,NaN,NaN,NaN,NaN,NaN,
36.754,0.01960,-0.00326,0.12961,0.60443,-0.16257,0.24127,-0.74164,NaN,NaN,NaN,NaN,NaN,NaN,NaN,NaN,NaN,NaN,NaN,NaN,NaN,NaN,NaN,NaN,NaN,NaN,NaN,NaN,NaN,
36.779,0.01955,-0.00337,0.12963,0.60386,-0.16233,0.24193,-0.74193,NaN,NaN,NaN,NaN,NaN,NaN,NaN,NaN,NaN,NaN,NaN,NaN,NaN,NaN,NaN,NaN,NaN,NaN,NaN,NaN,NaN,
36.804,0.01956,-0.00342,0.12956,0.60322,-0.16117,0.24217,-0.74264,NaN,NaN,NaN,NaN,NaN,NaN,NaN,NaN,NaN,NaN,NaN,NaN,NaN,NaN,NaN,NaN,NaN,NaN,NaN,NaN,NaN,
36.829,0.01944,-0.00360,0.12971,0.60249,-0.16068,0.24291,-0.74309,NaN,NaN,NaN,NaN,NaN,NaN,NaN,NaN,NaN,NaN,NaN,NaN,NaN,NaN,NaN,NaN,NaN,NaN,NaN,NaN,NaN,
36.854,0.01942,-0.00365,0.12965,0.60209,-0.15941,0.24274,-0.74374,NaN,NaN,NaN,NaN,NaN,NaN,NaN,NaN,NaN,NaN,NaN,NaN,NaN,NaN,NaN,NaN,NaN,NaN,NaN,NaN,NaN,
36.879,0.01941,-0.00371,0.12964,0.60144,-0.15871,0.24325,-0.74425,NaN,NaN,NaN,NaN,NaN,NaN,NaN,NaN,NaN,NaN,NaN,NaN,NaN,NaN,NaN,NaN,NaN,NaN,NaN,NaN,NaN,
36.904,0.01944,-0.00379,0.12963,0.60051,-0.15806,0.24419,-0.74483,NaN,NaN,NaN,NaN,NaN,NaN,NaN,NaN,NaN,NaN,NaN,NaN,NaN,NaN,NaN,NaN,NaN,NaN,NaN,NaN,NaN,
36.929,0.01941,-0.00396,0.12964,0.59937,-0.15742,0.24541,-0.74548,NaN,NaN,NaN,NaN,NaN,NaN,NaN,NaN,NaN,NaN,NaN,NaN,NaN,NaN,NaN,NaN,NaN,NaN,NaN,NaN,NaN,
36.954,0.01946,-0.00402,0.12959,0.59808,-0.15618,0.24650,-0.74642,NaN,NaN,NaN,NaN,NaN,NaN,NaN,NaN,NaN,NaN,NaN,NaN,NaN,NaN,NaN,NaN,NaN,NaN,NaN,NaN,NaN,
36.979,0.01930,-0.00430,0.12968,0.59718,-0.15572,0.24749,-0.74691,NaN,NaN,NaN,NaN,NaN,NaN,NaN,NaN,NaN,NaN,NaN,NaN,NaN,NaN,NaN,NaN,NaN,NaN,NaN,NaN,NaN,
37.004,0.01928,-0.00432,0.12960,0.59603,-0.15312,0.24758,-0.74834,NaN,NaN,NaN,NaN,NaN,NaN,NaN,NaN,NaN,NaN,NaN,NaN,NaN,NaN,NaN,NaN,NaN,NaN,NaN,NaN,NaN,
37.029,0.01920,-0.00446,0.12963,0.59557,-0.15281,0.24804,-0.74861,NaN,NaN,NaN,NaN,NaN,NaN,NaN,NaN,NaN,NaN,NaN,NaN,NaN,NaN,NaN,NaN,NaN,NaN,NaN,NaN,NaN,
37.054,0.01922,-0.00452,0.12962,0.59520,-0.15246,0.24835,-0.74888,NaN,NaN,NaN,NaN,NaN,NaN,NaN,NaN,NaN,NaN,NaN,NaN,NaN,NaN,NaN,NaN,NaN,NaN,NaN,NaN,NaN,
37.079,0.01920,-0.00461,0.12964,0.59459,-0.15213,0.24901,-0.74921,NaN,NaN,NaN,NaN,NaN,NaN,NaN,NaN,NaN,NaN,NaN,NaN,NaN,NaN,NaN,NaN,NaN,NaN,NaN,NaN,NaN,
37.104,0.01917,-0.00466,0.12963,0.59378,-0.15095,0.24943,-0.74994,NaN,NaN,NaN,NaN,NaN,NaN,NaN,NaN,NaN,NaN,NaN,NaN,NaN,NaN,NaN,NaN,NaN,NaN,NaN,NaN,NaN,
37.129,0.01913,-0.00473,0.12960,0.59286,-0.14936,0.24978,-0.75088,NaN,NaN,NaN,NaN,NaN,NaN,NaN,NaN,NaN,NaN,NaN,NaN,NaN,NaN,NaN,NaN,NaN,NaN,NaN,NaN,NaN,
37.154,0.01908,-0.00484,0.12970,0.59227,-0.14938,0.25061,-0.75106,NaN,NaN,NaN,NaN,NaN,NaN,NaN,NaN,NaN,NaN,NaN,NaN,NaN,NaN,NaN,NaN,NaN,NaN,NaN,NaN,NaN,
37.179,0.01907,-0.00495,0.12963,0.59141,-0.14796,0.25097,-0.75191,NaN,NaN,NaN,NaN,NaN,NaN,NaN,NaN,NaN,NaN,NaN,NaN,NaN,NaN,NaN,NaN,NaN,NaN,NaN,NaN,NaN,
37.204,0.01903,-0.00509,0.12961,0.59071,-0.14732,0.25156,-0.75238,NaN,NaN,NaN,NaN,NaN,NaN,NaN,NaN,NaN,NaN,NaN,NaN,NaN,NaN,NaN,NaN,NaN,NaN,NaN,NaN,NaN,
37.229,0.01901,-0.00522,0.12961,0.59007,-0.14689,0.25218,-0.75276,NaN,NaN,NaN,NaN,NaN,NaN,NaN,NaN,NaN,NaN,NaN,NaN,NaN,NaN,NaN,NaN,NaN,NaN,NaN,NaN,NaN,
37.254,0.01896,-0.00528,0.12962,0.58924,-0.14597,0.25279,-0.75338,NaN,NaN,NaN,NaN,NaN,NaN,NaN,NaN,NaN,NaN,NaN,NaN,NaN,NaN,NaN,NaN,NaN,NaN,NaN,NaN,NaN,
37.279,0.01888,-0.00536,0.12966,0.58843,-0.14516,0.25342,-0.75396,NaN,NaN,NaN,NaN,NaN,NaN,NaN,NaN,NaN,NaN,NaN,NaN,NaN,NaN,NaN,NaN,NaN,NaN,NaN,NaN,NaN,
37.304,0.01885,-0.00546,0.12965,0.58798,-0.14461,0.25372,-0.75432,NaN,NaN,NaN,NaN,NaN,NaN,NaN,NaN,NaN,NaN,NaN,NaN,NaN,NaN,NaN,NaN,NaN,NaN,NaN,NaN,NaN,
37.329,0.01887,-0.00554,0.12966,0.58731,-0.14428,0.25445,-0.75466,NaN,NaN,NaN,NaN,NaN,NaN,NaN,NaN,NaN,NaN,NaN,NaN,NaN,NaN,NaN,NaN,NaN,NaN,NaN,NaN,NaN,
37.354,0.01890,-0.00556,0.12961,0.58664,-0.14337,0.25484,-0.75522,NaN,NaN,NaN,NaN,NaN,NaN,NaN,NaN,NaN,NaN,NaN,NaN,NaN,NaN,NaN,NaN,NaN,NaN,NaN,NaN,NaN,
37.379,0.01895,-0.00562,0.12960,0.58599,-0.14286,0.25542,-0.75562,NaN,NaN,NaN,NaN,NaN,NaN,NaN,NaN,NaN,NaN,NaN,NaN,NaN,NaN,NaN,NaN,NaN,NaN,NaN,NaN,NaN,
37.404,0.01893,-0.00570,0.12956,0.58542,-0.14209,0.25575,-0.75610,NaN,NaN,NaN,NaN,NaN,NaN,NaN,NaN,NaN,NaN,NaN,NaN,NaN,NaN,NaN,NaN,NaN,NaN,NaN,NaN,NaN,
37.429,0.01881,-0.00580,0.12961,0.58510,-0.14164,0.25591,-0.75638,NaN,NaN,NaN,NaN,NaN,NaN,NaN,NaN,NaN,NaN,NaN,NaN,NaN,NaN,NaN,NaN,NaN,NaN,NaN,NaN,NaN,
37.454,0.01878,-0.00577,0.12958,0.58458,-0.14036,0.25586,-0.75703,NaN,NaN,NaN,NaN,NaN,NaN,NaN,NaN,NaN,NaN,NaN,NaN,NaN,NaN,NaN,NaN,NaN,NaN,NaN,NaN,NaN,
37.479,0.01874,-0.00586,0.12959,0.58421,-0.14022,0.25630,-0.75720,NaN,NaN,NaN,NaN,NaN,NaN,NaN,NaN,NaN,NaN,NaN,NaN,NaN,NaN,NaN,NaN,NaN,NaN,NaN,NaN,NaN,
37.504,0.01868,-0.00597,0.12964,0.58378,-0.14028,0.25691,-0.75731,NaN,NaN,NaN,NaN,NaN,NaN,NaN,NaN,NaN,NaN,NaN,NaN,NaN,NaN,NaN,NaN,NaN,NaN,NaN,NaN,NaN,
37.529,0.01868,-0.00602,0.12960,0.58297,-0.13924,0.25740,-0.75796,NaN,NaN,NaN,NaN,NaN,NaN,NaN,NaN,NaN,NaN,NaN,NaN,NaN,NaN,NaN,NaN,NaN,NaN,NaN,NaN,NaN,
37.554,0.01863,-0.00621,0.12962,0.58223,-0.13835,0.25788,-0.75853,NaN,NaN,NaN,NaN,NaN,NaN,NaN,NaN,NaN,NaN,NaN,NaN,NaN,NaN,NaN,NaN,NaN,NaN,NaN,NaN,NaN,
37.579,0.01861,-0.00630,0.12960,0.58158,-0.13718,0.25806,-0.75917,NaN,NaN,NaN,NaN,NaN,NaN,NaN,NaN,NaN,NaN,NaN,NaN,NaN,NaN,NaN,NaN,NaN,NaN,NaN,NaN,NaN,
37.604,0.01855,-0.00642,0.12964,0.58133,-0.13716,0.25840,-0.75926,NaN,NaN,NaN,NaN,NaN,NaN,NaN,NaN,NaN,NaN,NaN,NaN,NaN,NaN,NaN,NaN,NaN,NaN,NaN,NaN,NaN,
37.629,0.01854,-0.00646,0.12962,0.58081,-0.13656,0.25874,-0.75965,NaN,NaN,NaN,NaN,NaN,NaN,NaN,NaN,NaN,NaN,NaN,NaN,NaN,NaN,NaN,NaN,NaN,NaN,NaN,NaN,NaN,
37.654,0.01854,-0.00653,0.12961,0.58022,-0.13607,0.25924,-0.76001,NaN,NaN,NaN,NaN,NaN,NaN,NaN,NaN,NaN,NaN,NaN,NaN,NaN,NaN,NaN,NaN,NaN,NaN,NaN,NaN,NaN,
37.679,0.01847,-0.00663,0.12964,0.57970,-0.13574,0.25976,-0.76029,NaN,NaN,NaN,NaN,NaN,NaN,NaN,NaN,NaN,NaN,NaN,NaN,NaN,NaN,NaN,NaN,NaN,NaN,NaN,NaN,NaN,
37.704,0.01847,-0.00659,0.12958,0.57931,-0.13494,0.25980,-0.76072,NaN,NaN,NaN,NaN,NaN,NaN,NaN,NaN,NaN,NaN,NaN,NaN,NaN,NaN,NaN,NaN,NaN,NaN,NaN,NaN,NaN,
37.729,0.01845,-0.00675,0.12962,0.57899,-0.13523,0.26042,-0.76070,NaN,NaN,NaN,NaN,NaN,NaN,NaN,NaN,NaN,NaN,NaN,NaN,NaN,NaN,NaN,NaN,NaN,NaN,NaN,NaN,NaN,
37.754,0.01837,-0.00688,0.12964,0.57821,-0.13469,0.26115,-0.76114,NaN,NaN,NaN,NaN,NaN,NaN,NaN,NaN,NaN,NaN,NaN,NaN,NaN,NaN,NaN,NaN,NaN,NaN,NaN,NaN,NaN,
37.779,0.01831,-0.00703,0.12968,0.57736,-0.13365,0.26169,-0.76179,NaN,NaN,NaN,NaN,NaN,NaN,NaN,NaN,NaN,NaN,NaN,NaN,NaN,NaN,NaN,NaN,NaN,NaN,NaN,NaN,NaN,
37.804,0.01831,-0.00704,0.12961,0.57678,-0.13212,0.26155,-0.76254,NaN,NaN,NaN,NaN,NaN,NaN,NaN,NaN,NaN,NaN,NaN,NaN,NaN,NaN,NaN,NaN,NaN,NaN,NaN,NaN,NaN,
37.829,0.01831,-0.00711,0.12960,0.57651,-0.13201,0.26184,-0.76266,NaN,NaN,NaN,NaN,NaN,NaN,NaN,NaN,NaN,NaN,NaN,NaN,NaN,NaN,NaN,NaN,NaN,NaN,NaN,NaN,NaN,
37.854,0.01827,-0.00720,0.12960,0.57625,-0.13198,0.26218,-0.76275,NaN,NaN,NaN,NaN,NaN,NaN,NaN,NaN,NaN,NaN,NaN,NaN,NaN,NaN,NaN,NaN,NaN,NaN,NaN,NaN,NaN,
37.879,0.01821,-0.00718,0.12956,0.57591,-0.13128,0.26221,-0.76311,NaN,NaN,NaN,NaN,NaN,NaN,NaN,NaN,NaN,NaN,NaN,NaN,NaN,NaN,NaN,NaN,NaN,NaN,NaN,NaN,NaN,
37.904,0.01810,-0.00731,0.12967,0.57583,-0.13145,0.26242,-0.76307,NaN,NaN,NaN,NaN,NaN,NaN,NaN,NaN,NaN,NaN,NaN,NaN,NaN,NaN,NaN,NaN,NaN,NaN,NaN,NaN,NaN,
37.929,0.01808,-0.00736,0.12959,0.57558,-0.13024,0.26203,-0.76360,NaN,NaN,NaN,NaN,NaN,NaN,NaN,NaN,NaN,NaN,NaN,NaN,NaN,NaN,NaN,NaN,NaN,NaN,NaN,NaN,NaN,
37.954,0.01807,-0.00747,0.12961,0.57512,-0.13025,0.26266,-0.76373,NaN,NaN,NaN,NaN,NaN,NaN,NaN,NaN,NaN,NaN,NaN,NaN,NaN,NaN,NaN,NaN,NaN,NaN,NaN,NaN,NaN,
37.979,0.01798,-0.00764,0.12966,0.57480,-0.13031,0.26312,-0.76380,NaN,NaN,NaN,NaN,NaN,NaN,NaN,NaN,NaN,NaN,NaN,NaN,NaN,NaN,NaN,NaN,NaN,NaN,NaN,NaN,NaN,
38.004,0.01800,-0.00761,0.12956,0.57407,-0.12851,0.26302,-0.76469,NaN,NaN,NaN,NaN,NaN,NaN,NaN,NaN,NaN,NaN,NaN,NaN,NaN,NaN,NaN,NaN,NaN,NaN,NaN,NaN,NaN,
38.029,0.01793,-0.00781,0.12962,0.57341,-0.12838,0.26383,-0.76493,NaN,NaN,NaN,NaN,NaN,NaN,NaN,NaN,NaN,NaN,NaN,NaN,NaN,NaN,NaN,NaN,NaN,NaN,NaN,NaN,NaN,
38.054,0.01792,-0.00785,0.12961,0.57247,-0.12720,0.26438,-0.76564,NaN,NaN,NaN,NaN,NaN,NaN,NaN,NaN,NaN,NaN,NaN,NaN,NaN,NaN,NaN,NaN,NaN,NaN,NaN,NaN,NaN,
38.079,0.01786,-0.00796,0.12960,0.57215,-0.12703,0.26470,-0.76579,NaN,NaN,NaN,NaN,NaN,NaN,NaN,NaN,NaN,NaN,NaN,NaN,NaN,NaN,NaN,NaN,NaN,NaN,NaN,NaN,NaN,
38.104,0.01790,-0.00798,0.12957,0.57181,-0.12673,0.26498,-0.76600,NaN,NaN,NaN,NaN,NaN,NaN,NaN,NaN,NaN,NaN,NaN,NaN,NaN,NaN,NaN,NaN,NaN,NaN,NaN,NaN,NaN,
38.129,0.01787,-0.00806,0.12962,0.57181,-0.12725,0.26530,-0.76581,NaN,NaN,NaN,NaN,NaN,NaN,NaN,NaN,NaN,NaN,NaN,NaN,NaN,NaN,NaN,NaN,NaN,NaN,NaN,NaN,NaN,
38.154,0.01785,-0.00810,0.12959,0.57179,-0.12690,0.26511,-0.76594,NaN,NaN,NaN,NaN,NaN,NaN,NaN,NaN,NaN,NaN,NaN,NaN,NaN,NaN,NaN,NaN,NaN,NaN,NaN,NaN,NaN,
38.179,0.01776,-0.00821,0.12967,0.57178,-0.12710,0.26524,-0.76587,NaN,NaN,NaN,NaN,NaN,NaN,NaN,NaN,NaN,NaN,NaN,NaN,NaN,NaN,NaN,NaN,NaN,NaN,NaN,NaN,NaN,
38.204,0.01778,-0.00809,0.12958,0.57116,-0.12514,0.26489,-0.76678,NaN,NaN,NaN,NaN,NaN,NaN,NaN,NaN,NaN,NaN,NaN,NaN,NaN,NaN,NaN,NaN,NaN,NaN,NaN,NaN,NaN,
38.229,0.01774,-0.00817,0.12960,0.57090,-0.12511,0.26521,-0.76686,NaN,NaN,NaN,NaN,NaN,NaN,NaN,NaN,NaN,NaN,NaN,NaN,NaN,NaN,NaN,NaN,NaN,NaN,NaN,NaN,NaN,
38.254,0.01772,-0.00823,0.12960,0.57073,-0.12514,0.26546,-0.76690,NaN,NaN,NaN,NaN,NaN,NaN,NaN,NaN,NaN,NaN,NaN,NaN,NaN,NaN,NaN,NaN,NaN,NaN,NaN,NaN,NaN,
38.279,0.01773,-0.00826,0.12961,0.57069,-0.12522,0.26556,-0.76688,NaN,NaN,NaN,NaN,NaN,NaN,NaN,NaN,NaN,NaN,NaN,NaN,NaN,NaN,NaN,NaN,NaN,NaN,NaN,NaN,NaN,
38.304,0.01770,-0.00828,0.12958,0.57049,-0.12490,0.26564,-0.76706,NaN,NaN,NaN,NaN,NaN,NaN,NaN,NaN,NaN,NaN,NaN,NaN,NaN,NaN,NaN,NaN,NaN,NaN,NaN,NaN,NaN,
38.329,0.01769,-0.00837,0.12958,0.57039,-0.12484,0.26574,-0.76711,NaN,NaN,NaN,NaN,NaN,NaN,NaN,NaN,NaN,NaN,NaN,NaN,NaN,NaN,NaN,NaN,NaN,NaN,NaN,NaN,NaN,
38.354,0.01774,-0.00833,0.12958,0.57033,-0.12478,0.26578,-0.76715,NaN,NaN,NaN,NaN,NaN,NaN,NaN,NaN,NaN,NaN,NaN,NaN,NaN,NaN,NaN,NaN,NaN,NaN,NaN,NaN,NaN,
38.379,0.01775,-0.00822,0.12957,0.57073,-0.12499,0.26536,-0.76696,NaN,NaN,NaN,NaN,NaN,NaN,NaN,NaN,NaN,NaN,NaN,NaN,NaN,NaN,NaN,NaN,NaN,NaN,NaN,NaN,NaN,
38.404,0.01773,-0.00824,0.12956,0.57054,-0.12466,0.26543,-0.76713,NaN,NaN,NaN,NaN,NaN,NaN,NaN,NaN,NaN,NaN,NaN,NaN,NaN,NaN,NaN,NaN,NaN,NaN,NaN,NaN,NaN,
38.429,0.01767,-0.00841,0.12958,0.56956,-0.12374,0.26617,-0.76775,NaN,NaN,NaN,NaN,NaN,NaN,NaN,NaN,NaN,NaN,NaN,NaN,NaN,NaN,NaN,NaN,NaN,NaN,NaN,NaN,NaN,
38.454,0.01757,-0.00853,0.12957,0.56876,-0.12243,0.26645,-0.76846,NaN,NaN,NaN,NaN,NaN,NaN,NaN,NaN,NaN,NaN,NaN,NaN,NaN,NaN,NaN,NaN,NaN,NaN,NaN,NaN,NaN,
38.479,0.01751,-0.00856,0.12958,0.56796,-0.12118,0.26676,-0.76914,NaN,NaN,NaN,NaN,NaN,NaN,NaN,NaN,NaN,NaN,NaN,NaN,NaN,NaN,NaN,NaN,NaN,NaN,NaN,NaN,NaN,
38.504,0.01751,-0.00865,0.12956,0.56771,-0.12091,0.26693,-0.76931,NaN,NaN,NaN,NaN,NaN,NaN,NaN,NaN,NaN,NaN,NaN,NaN,NaN,NaN,NaN,NaN,NaN,NaN,NaN,NaN,NaN,
38.529,0.01748,-0.00874,0.12957,0.56738,-0.12084,0.26732,-0.76943,NaN,NaN,NaN,NaN,NaN,NaN,NaN,NaN,NaN,NaN,NaN,NaN,NaN,NaN,NaN,NaN,NaN,NaN,NaN,NaN,NaN,
38.554,0.01747,-0.00876,0.12955,0.56682,-0.12026,0.26771,-0.76979,NaN,NaN,NaN,NaN,NaN,NaN,NaN,NaN,NaN,NaN,NaN,NaN,NaN,NaN,NaN,NaN,NaN,NaN,NaN,NaN,NaN,
38.579,0.01740,-0.00888,0.12957,0.56605,-0.11957,0.26831,-0.77026,NaN,NaN,NaN,NaN,NaN,NaN,NaN,NaN,NaN,NaN,NaN,NaN,NaN,NaN,NaN,NaN,NaN,NaN,NaN,NaN,NaN,
38.604,0.01735,-0.00895,0.12960,0.56538,-0.11882,0.26874,-0.77072,NaN,NaN,NaN,NaN,NaN,NaN,NaN,NaN,NaN,NaN,NaN,NaN,NaN,NaN,NaN,NaN,NaN,NaN,NaN,NaN,NaN,
38.629,0.01730,-0.00909,0.12963,0.56487,-0.11851,0.26923,-0.77097,NaN,NaN,NaN,NaN,NaN,NaN,NaN,NaN,NaN,NaN,NaN,NaN,NaN,NaN,NaN,NaN,NaN,NaN,NaN,NaN,NaN,
38.654,0.01728,-0.00918,0.12962,0.56436,-0.11788,0.26951,-0.77134,NaN,NaN,NaN,NaN,NaN,NaN,NaN,NaN,NaN,NaN,NaN,NaN,NaN,NaN,NaN,NaN,NaN,NaN,NaN,NaN,NaN,
38.679,0.01729,-0.00916,0.12958,0.56394,-0.11727,0.26971,-0.77167,NaN,NaN,NaN,NaN,NaN,NaN,NaN,NaN,NaN,NaN,NaN,NaN,NaN,NaN,NaN,NaN,NaN,NaN,NaN,NaN,NaN,
38.704,0.01721,-0.00925,0.12958,0.56327,-0.11674,0.27027,-0.77205,NaN,NaN,NaN,NaN,NaN,NaN,NaN,NaN,NaN,NaN,NaN,NaN,NaN,NaN,NaN,NaN,NaN,NaN,NaN,NaN,NaN,
38.729,0.01721,-0.00938,0.12957,0.56256,-0.11625,0.27090,-0.77241,NaN,NaN,NaN,NaN,NaN,NaN,NaN,NaN,NaN,NaN,NaN,NaN,NaN,NaN,NaN,NaN,NaN,NaN,NaN,NaN,NaN,
38.754,0.01717,-0.00949,0.12958,0.56164,-0.11531,0.27154,-0.77300,NaN,NaN,NaN,NaN,NaN,NaN,NaN,NaN,NaN,NaN,NaN,NaN,NaN,NaN,NaN,NaN,NaN,NaN,NaN,NaN,NaN,
38.779,0.01709,-0.00959,0.12957,0.56118,-0.11441,0.27160,-0.77345,NaN,NaN,NaN,NaN,NaN,NaN,NaN,NaN,NaN,NaN,NaN,NaN,NaN,NaN,NaN,NaN,NaN,NaN,NaN,NaN,NaN,
38.804,0.01706,-0.00962,0.12959,0.56113,-0.11436,0.27163,-0.77348,NaN,NaN,NaN,NaN,NaN,NaN,NaN,NaN,NaN,NaN,NaN,NaN,NaN,NaN,NaN,NaN,NaN,NaN,NaN,NaN,NaN,
38.829,0.01704,-0.00962,0.12957,0.56116,-0.11433,0.27158,-0.77348,NaN,NaN,NaN,NaN,NaN,NaN,NaN,NaN,NaN,NaN,NaN,NaN,NaN,NaN,NaN,NaN,NaN,NaN,NaN,NaN,NaN,
38.854,0.01700,-0.00973,0.12959,0.56081,-0.11405,0.27186,-0.77367,NaN,NaN,NaN,NaN,NaN,NaN,NaN,NaN,NaN,NaN,NaN,NaN,NaN,NaN,NaN,NaN,NaN,NaN,NaN,NaN,NaN,
38.879,0.01694,-0.00985,0.12959,0.56008,-0.11296,0.27215,-0.77426,NaN,NaN,NaN,NaN,NaN,NaN,NaN,NaN,NaN,NaN,NaN,NaN,NaN,NaN,NaN,NaN,NaN,NaN,NaN,NaN,NaN,
38.904,0.01692,-0.00989,0.12959,0.55978,-0.11258,0.27232,-0.77448,NaN,NaN,NaN,NaN,NaN,NaN,NaN,NaN,NaN,NaN,NaN,NaN,NaN,NaN,NaN,NaN,NaN,NaN,NaN,NaN,NaN,
38.929,0.01687,-0.00992,0.12956,0.55946,-0.11202,0.27238,-0.77476,NaN,NaN,NaN,NaN,NaN,NaN,NaN,NaN,NaN,NaN,NaN,NaN,NaN,NaN,NaN,NaN,NaN,NaN,NaN,NaN,NaN,
38.954,0.01688,-0.01001,0.12958,0.55926,-0.11211,0.27271,-0.77478,NaN,NaN,NaN,NaN,NaN,NaN,NaN,NaN,NaN,NaN,NaN,NaN,NaN,NaN,NaN,NaN,NaN,NaN,NaN,NaN,NaN,
38.979,0.01689,-0.00997,0.12953,0.55907,-0.11160,0.27265,-0.77502,NaN,NaN,NaN,NaN,NaN,NaN,NaN,NaN,NaN,NaN,NaN,NaN,NaN,NaN,NaN,NaN,NaN,NaN,NaN,NaN,NaN,
39.004,0.01688,-0.00997,0.12955,0.55878,-0.11160,0.27302,-0.77509,NaN,NaN,NaN,NaN,NaN,NaN,NaN,NaN,NaN,NaN,NaN,NaN,NaN,NaN,NaN,NaN,NaN,NaN,NaN,NaN,NaN,
39.029,0.01687,-0.01005,0.12957,0.55842,-0.11163,0.27353,-0.77517,NaN,NaN,NaN,NaN,NaN,NaN,NaN,NaN,NaN,NaN,NaN,NaN,NaN,NaN,NaN,NaN,NaN,NaN,NaN,NaN,NaN,
39.054,0.01684,-0.01012,0.12957,0.55786,-0.11129,0.27405,-0.77544,NaN,NaN,NaN,NaN,NaN,NaN,NaN,NaN,NaN,NaN,NaN,NaN,NaN,NaN,NaN,NaN,NaN,NaN,NaN,NaN,NaN,
39.079,0.01689,-0.00998,0.12953,0.55878,-0.11145,0.27293,-0.77514,NaN,NaN,NaN,NaN,NaN,NaN,NaN,NaN,NaN,NaN,NaN,NaN,NaN,NaN,NaN,NaN,NaN,NaN,NaN,NaN,NaN,
39.104,0.01689,-0.01022,0.12950,0.55656,-0.10996,0.27493,-0.77625,NaN,NaN,NaN,NaN,NaN,NaN,NaN,NaN,NaN,NaN,NaN,NaN,NaN,NaN,NaN,NaN,NaN,NaN,NaN,NaN,NaN,
39.129,0.01683,-0.01038,0.12951,0.55632,-0.10955,0.27499,-0.77646,NaN,NaN,NaN,NaN,NaN,NaN,NaN,NaN,NaN,NaN,NaN,NaN,NaN,NaN,NaN,NaN,NaN,NaN,NaN,NaN,NaN,
39.154,0.01667,-0.01041,0.12955,0.55558,-0.10795,0.27497,-0.77722,NaN,NaN,NaN,NaN,NaN,NaN,NaN,NaN,NaN,NaN,NaN,NaN,NaN,NaN,NaN,NaN,NaN,NaN,NaN,NaN,NaN,
39.179,0.01659,-0.01048,0.12954,0.55498,-0.10680,0.27504,-0.77778,NaN,NaN,NaN,NaN,NaN,NaN,NaN,NaN,NaN,NaN,NaN,NaN,NaN,NaN,NaN,NaN,NaN,NaN,NaN,NaN,NaN,
39.204,0.01654,-0.01057,0.12954,0.55392,-0.10613,0.27601,-0.77829,NaN,NaN,NaN,NaN,NaN,NaN,NaN,NaN,NaN,NaN,NaN,NaN,NaN,NaN,NaN,NaN,NaN,NaN,NaN,NaN,NaN,
39.229,0.01657,-0.01067,0.12951,0.55311,-0.10547,0.27665,-0.77872,NaN,NaN,NaN,NaN,NaN,NaN,NaN,NaN,NaN,NaN,NaN,NaN,NaN,NaN,NaN,NaN,NaN,NaN,NaN,NaN,NaN,
39.254,0.01650,-0.01075,0.12955,0.55278,-0.10526,0.27695,-0.77888,NaN,NaN,NaN,NaN,NaN,NaN,NaN,NaN,NaN,NaN,NaN,NaN,NaN,NaN,NaN,NaN,NaN,NaN,NaN,NaN,NaN,
39.279,0.01646,-0.01082,0.12954,0.55225,-0.10431,0.27706,-0.77935,NaN,NaN,NaN,NaN,NaN,NaN,NaN,NaN,NaN,NaN,NaN,NaN,NaN,NaN,NaN,NaN,NaN,NaN,NaN,NaN,NaN,
39.304,0.01643,-0.01092,0.12950,0.55200,-0.10364,0.27696,-0.77965,NaN,NaN,NaN,NaN,NaN,NaN,NaN,NaN,NaN,NaN,NaN,NaN,NaN,NaN,NaN,NaN,NaN,NaN,NaN,NaN,NaN,
39.329,0.01631,-0.01110,0.12954,0.55116,-0.10316,0.27775,-0.78002,NaN,NaN,NaN,NaN,NaN,NaN,NaN,NaN,NaN,NaN,NaN,NaN,NaN,NaN,NaN,NaN,NaN,NaN,NaN,NaN,NaN,
39.354,0.01616,-0.01122,0.12952,0.54986,-0.10140,0.27835,-0.78096,NaN,NaN,NaN,NaN,NaN,NaN,NaN,NaN,NaN,NaN,NaN,NaN,NaN,NaN,NaN,NaN,NaN,NaN,NaN,NaN,NaN,
39.379,0.01611,-0.01129,0.12953,0.54935,-0.10073,0.27858,-0.78132,NaN,NaN,NaN,NaN,NaN,NaN,NaN,NaN,NaN,NaN,NaN,NaN,NaN,NaN,NaN,NaN,NaN,NaN,NaN,NaN,NaN,
39.404,0.01610,-0.01132,0.12952,0.54932,-0.10059,0.27853,-0.78137,NaN,NaN,NaN,NaN,NaN,NaN,NaN,NaN,NaN,NaN,NaN,NaN,NaN,NaN,NaN,NaN,NaN,NaN,NaN,NaN,NaN,
39.429,0.01608,-0.01135,0.12950,0.54958,-0.10050,0.27814,-0.78134,NaN,NaN,NaN,NaN,NaN,NaN,NaN,NaN,NaN,NaN,NaN,NaN,NaN,NaN,NaN,NaN,NaN,NaN,NaN,NaN,NaN,
39.454,0.01608,-0.01137,0.12950,0.54950,-0.10019,0.27805,-0.78147,NaN,NaN,NaN,NaN,NaN,NaN,NaN,NaN,NaN,NaN,NaN,NaN,NaN,NaN,NaN,NaN,NaN,NaN,NaN,NaN,NaN,
39.479,0.01607,-0.01138,0.12953,0.54936,-0.10025,0.27827,-0.78149,NaN,NaN,NaN,NaN,NaN,NaN,NaN,NaN,NaN,NaN,NaN,NaN,NaN,NaN,NaN,NaN,NaN,NaN,NaN,NaN,NaN,
39.504,0.01604,-0.01142,0.12954,0.54938,-0.10037,0.27831,-0.78144,NaN,NaN,NaN,NaN,NaN,NaN,NaN,NaN,NaN,NaN,NaN,NaN,NaN,NaN,NaN,NaN,NaN,NaN,NaN,NaN,NaN,
39.529,0.01604,-0.01143,0.12952,0.54913,-0.09998,0.27840,-0.78164,NaN,NaN,NaN,NaN,NaN,NaN,NaN,NaN,NaN,NaN,NaN,NaN,NaN,NaN,NaN,NaN,NaN,NaN,NaN,NaN,NaN,
39.554,0.01599,-0.01153,0.12956,0.54820,-0.09953,0.27932,-0.78202,NaN,NaN,NaN,NaN,NaN,NaN,NaN,NaN,NaN,NaN,NaN,NaN,NaN,NaN,NaN,NaN,NaN,NaN,NaN,NaN,NaN,
39.579,0.01588,-0.01163,0.12954,0.54759,-0.09839,0.27940,-0.78256,NaN,NaN,NaN,NaN,NaN,NaN,NaN,NaN,NaN,NaN,NaN,NaN,NaN,NaN,NaN,NaN,NaN,NaN,NaN,NaN,NaN,
39.604,0.01584,-0.01171,0.12951,0.54727,-0.09772,0.27938,-0.78287,NaN,NaN,NaN,NaN,NaN,NaN,NaN,NaN,NaN,NaN,NaN,NaN,NaN,NaN,NaN,NaN,NaN,NaN,NaN,NaN,NaN,
39.629,0.01581,-0.01179,0.12953,0.54675,-0.09738,0.27985,-0.78311,NaN,NaN,NaN,NaN,NaN,NaN,NaN,NaN,NaN,NaN,NaN,NaN,NaN,NaN,NaN,NaN,NaN,NaN,NaN,NaN,NaN,
39.654,0.01580,-0.01189,0.12953,0.54634,-0.09694,0.28010,-0.78336,NaN,NaN,NaN,NaN,NaN,NaN,NaN,NaN,NaN,NaN,NaN,NaN,NaN,NaN,NaN,NaN,NaN,NaN,NaN,NaN,NaN,
39.679,0.01580,-0.01188,0.12946,0.54569,-0.09586,0.28026,-0.78389,NaN,NaN,NaN,NaN,NaN,NaN,NaN,NaN,NaN,NaN,NaN,NaN,NaN,NaN,NaN,NaN,NaN,NaN,NaN,NaN,NaN,
39.704,0.01572,-0.01197,0.12951,0.54527,-0.09602,0.28091,-0.78393,NaN,NaN,NaN,NaN,NaN,NaN,NaN,NaN,NaN,NaN,NaN,NaN,NaN,NaN,NaN,NaN,NaN,NaN,NaN,NaN,NaN,
39.729,0.01568,-0.01206,0.12952,0.54489,-0.09567,0.28118,-0.78415,NaN,NaN,NaN,NaN,NaN,NaN,NaN,NaN,NaN,NaN,NaN,NaN,NaN,NaN,NaN,NaN,NaN,NaN,NaN,NaN,NaN,
39.754,0.01551,-0.01226,0.12958,0.54398,-0.09460,0.28167,-0.78473,NaN,NaN,NaN,NaN,NaN,NaN,NaN,NaN,NaN,NaN,NaN,NaN,NaN,NaN,NaN,NaN,NaN,NaN,NaN,NaN,NaN,
39.779,0.01545,-0.01220,0.12948,0.54345,-0.09273,0.28117,-0.78550,NaN,NaN,NaN,NaN,NaN,NaN,NaN,NaN,NaN,NaN,NaN,NaN,NaN,NaN,NaN,NaN,NaN,NaN,NaN,NaN,NaN,
39.804,0.01544,-0.01225,0.12947,0.54314,-0.09247,0.28140,-0.78566,NaN,NaN,NaN,NaN,NaN,NaN,NaN,NaN,NaN,NaN,NaN,NaN,NaN,NaN,NaN,NaN,NaN,NaN,NaN,NaN,NaN,
39.829,0.01536,-0.01234,0.12948,0.54268,-0.09207,0.28174,-0.78591,NaN,NaN,NaN,NaN,NaN,NaN,NaN,NaN,NaN,NaN,NaN,NaN,NaN,NaN,NaN,NaN,NaN,NaN,NaN,NaN,NaN,
39.854,0.01536,-0.01250,0.12951,0.54217,-0.09180,0.28223,-0.78611,NaN,NaN,NaN,NaN,NaN,NaN,NaN,NaN,NaN,NaN,NaN,NaN,NaN,NaN,NaN,NaN,NaN,NaN,NaN,NaN,NaN,
39.879,0.01533,-0.01250,0.12950,0.54164,-0.09076,0.28225,-0.78659,NaN,NaN,NaN,NaN,NaN,NaN,NaN,NaN,NaN,NaN,NaN,NaN,NaN,NaN,NaN,NaN,NaN,NaN,NaN,NaN,NaN,
39.904,0.01532,-0.01257,0.12951,0.54108,-0.09050,0.28280,-0.78681,NaN,NaN,NaN,NaN,NaN,NaN,NaN,NaN,NaN,NaN,NaN,NaN,NaN,NaN,NaN,NaN,NaN,NaN,NaN,NaN,NaN,
39.929,0.01525,-0.01265,0.12954,0.54064,-0.09039,0.28329,-0.78694,NaN,NaN,NaN,NaN,NaN,NaN,NaN,NaN,NaN,NaN,NaN,NaN,NaN,NaN,NaN,NaN,NaN,NaN,NaN,NaN,NaN,
39.954,0.01516,-0.01267,0.12951,0.54046,-0.08978,0.28314,-0.78720,NaN,NaN,NaN,NaN,NaN,NaN,NaN,NaN,NaN,NaN,NaN,NaN,NaN,NaN,NaN,NaN,NaN,NaN,NaN,NaN,NaN,
39.979,0.01516,-0.01274,0.12947,0.53972,-0.08892,0.28355,-0.78766,NaN,NaN,NaN,NaN,NaN,NaN,NaN,NaN,NaN,NaN,NaN,NaN,NaN,NaN,NaN,NaN,NaN,NaN,NaN,NaN,NaN,
40.004,0.01503,-0.01285,0.12950,0.53935,-0.08837,0.28366,-0.78793,NaN,NaN,NaN,NaN,NaN,NaN,NaN,NaN,NaN,NaN,NaN,NaN,NaN,NaN,NaN,NaN,NaN,NaN,NaN,NaN,NaN,
40.029,0.01500,-0.01287,0.12949,0.53945,-0.08814,0.28339,-0.78798,NaN,NaN,NaN,NaN,NaN,NaN,NaN,NaN,NaN,NaN,NaN,NaN,NaN,NaN,NaN,NaN,NaN,NaN,NaN,NaN,NaN,
40.054,0.01503,-0.01297,0.12954,0.53921,-0.08831,0.28380,-0.78798,NaN,NaN,NaN,NaN,NaN,NaN,NaN,NaN,NaN,NaN,NaN,NaN,NaN,NaN,NaN,NaN,NaN,NaN,NaN,NaN,NaN,
40.079,0.01502,-0.01297,0.12949,0.53860,-0.08728,0.28392,-0.78846,NaN,NaN,NaN,NaN,NaN,NaN,NaN,NaN,NaN,NaN,NaN,NaN,NaN,NaN,NaN,NaN,NaN,NaN,NaN,NaN,NaN,
40.104,0.01505,-0.01300,0.12946,0.53837,-0.08701,0.28405,-0.78861,NaN,NaN,NaN,NaN,NaN,NaN,NaN,NaN,NaN,NaN,NaN,NaN,NaN,NaN,NaN,NaN,NaN,NaN,NaN,NaN,NaN,
40.129,0.01500,-0.01307,0.12950,0.53835,-0.08726,0.28423,-0.78853,NaN,NaN,NaN,NaN,NaN,NaN,NaN,NaN,NaN,NaN,NaN,NaN,NaN,NaN,NaN,NaN,NaN,NaN,NaN,NaN,NaN,
40.154,0.01494,-0.01316,0.12952,0.53799,-0.08698,0.28452,-0.78870,NaN,NaN,NaN,NaN,NaN,NaN,NaN,NaN,NaN,NaN,NaN,NaN,NaN,NaN,NaN,NaN,NaN,NaN,NaN,NaN,NaN,
40.179,0.01484,-0.01321,0.12946,0.53705,-0.08541,0.28471,-0.78944,NaN,NaN,NaN,NaN,NaN,NaN,NaN,NaN,NaN,NaN,NaN,NaN,NaN,NaN,NaN,NaN,NaN,NaN,NaN,NaN,NaN,
40.204,0.01469,-0.01342,0.12951,0.53597,-0.08450,0.28551,-0.78999,NaN,NaN,NaN,NaN,NaN,NaN,NaN,NaN,NaN,NaN,NaN,NaN,NaN,NaN,NaN,NaN,NaN,NaN,NaN,NaN,NaN,
40.229,0.01459,-0.01348,0.12948,0.53502,-0.08313,0.28585,-0.79065,NaN,NaN,NaN,NaN,NaN,NaN,NaN,NaN,NaN,NaN,NaN,NaN,NaN,NaN,NaN,NaN,NaN,NaN,NaN,NaN,NaN,
40.254,0.01454,-0.01363,0.12944,0.53406,-0.08199,0.28634,-0.79125,NaN,NaN,NaN,NaN,NaN,NaN,NaN,NaN,NaN,NaN,NaN,NaN,NaN,NaN,NaN,NaN,NaN,NaN,NaN,NaN,NaN,
40.280,0.01447,-0.01370,0.12945,0.53315,-0.08028,0.28639,-0.79202,NaN,NaN,NaN,NaN,NaN,NaN,NaN,NaN,NaN,NaN,NaN,NaN,NaN,NaN,NaN,NaN,NaN,NaN,NaN,NaN,NaN,
40.304,0.01441,-0.01375,0.12950,0.53330,-0.08024,0.28618,-0.79200,NaN,NaN,NaN,NaN,NaN,NaN,NaN,NaN,NaN,NaN,NaN,NaN,NaN,NaN,NaN,NaN,NaN,NaN,NaN,NaN,NaN,
40.329,0.01439,-0.01378,0.12948,0.53326,-0.07999,0.28606,-0.79209,NaN,NaN,NaN,NaN,NaN,NaN,NaN,NaN,NaN,NaN,NaN,NaN,NaN,NaN,NaN,NaN,NaN,NaN,NaN,NaN,NaN,
40.354,0.01432,-0.01381,0.12952,0.53334,-0.08005,0.28600,-0.79205,NaN,NaN,NaN,NaN,NaN,NaN,NaN,NaN,NaN,NaN,NaN,NaN,NaN,NaN,NaN,NaN,NaN,NaN,NaN,NaN,NaN,
40.379,0.01432,-0.01377,0.12948,0.53346,-0.07987,0.28573,-0.79209,NaN,NaN,NaN,NaN,NaN,NaN,NaN,NaN,NaN,NaN,NaN,NaN,NaN,NaN,NaN,NaN,NaN,NaN,NaN,NaN,NaN,
40.404,0.01432,-0.01374,0.12946,0.53330,-0.07951,0.28570,-0.79224,NaN,NaN,NaN,NaN,NaN,NaN,NaN,NaN,NaN,NaN,NaN,NaN,NaN,NaN,NaN,NaN,NaN,NaN,NaN,NaN,NaN,
40.429,0.01434,-0.01381,0.12948,0.53300,-0.07968,0.28619,-0.79225,NaN,NaN,NaN,NaN,NaN,NaN,NaN,NaN,NaN,NaN,NaN,NaN,NaN,NaN,NaN,NaN,NaN,NaN,NaN,NaN,NaN,
40.454,0.01434,-0.01388,0.12945,0.53253,-0.07949,0.28666,-0.79241,NaN,NaN,NaN,NaN,NaN,NaN,NaN,NaN,NaN,NaN,NaN,NaN,NaN,NaN,NaN,NaN,NaN,NaN,NaN,NaN,NaN,
40.479,0.01433,-0.01378,0.12944,0.53301,-0.07955,0.28610,-0.79229,NaN,NaN,NaN,NaN,NaN,NaN,NaN,NaN,NaN,NaN,NaN,NaN,NaN,NaN,NaN,NaN,NaN,NaN,NaN,NaN,NaN,
40.504,0.01430,-0.01383,0.12946,0.53293,-0.07950,0.28617,-0.79232,NaN,NaN,NaN,NaN,NaN,NaN,NaN,NaN,NaN,NaN,NaN,NaN,NaN,NaN,NaN,NaN,NaN,NaN,NaN,NaN,NaN,
40.529,0.01415,-0.01406,0.12944,0.53221,-0.07800,0.28611,-0.79298,NaN,NaN,NaN,NaN,NaN,NaN,NaN,NaN,NaN,NaN,NaN,NaN,NaN,NaN,NaN,NaN,NaN,NaN,NaN,NaN,NaN,
40.554,0.01409,-0.01407,0.12945,0.53168,-0.07735,0.28636,-0.79330,NaN,NaN,NaN,NaN,NaN,NaN,NaN,NaN,NaN,NaN,NaN,NaN,NaN,NaN,NaN,NaN,NaN,NaN,NaN,NaN,NaN,
40.579,0.01403,-0.01412,0.12945,0.53141,-0.07707,0.28652,-0.79345,NaN,NaN,NaN,NaN,NaN,NaN,NaN,NaN,NaN,NaN,NaN,NaN,NaN,NaN,NaN,NaN,NaN,NaN,NaN,NaN,NaN,
40.604,0.01402,-0.01415,0.12943,0.53139,-0.07677,0.28635,-0.79355,NaN,NaN,NaN,NaN,NaN,NaN,NaN,NaN,NaN,NaN,NaN,NaN,NaN,NaN,NaN,NaN,NaN,NaN,NaN,NaN,NaN,
40.629,0.01397,-0.01420,0.12943,0.53139,-0.07657,0.28622,-0.79362,NaN,NaN,NaN,NaN,NaN,NaN,NaN,NaN,NaN,NaN,NaN,NaN,NaN,NaN,NaN,NaN,NaN,NaN,NaN,NaN,NaN,
40.654,0.01389,-0.01427,0.12944,0.53092,-0.07616,0.28655,-0.79386,NaN,NaN,NaN,NaN,NaN,NaN,NaN,NaN,NaN,NaN,NaN,NaN,NaN,NaN,NaN,NaN,NaN,NaN,NaN,NaN,NaN,
40.679,0.01391,-0.01437,0.12941,0.53041,-0.07591,0.28704,-0.79405,NaN,NaN,NaN,NaN,NaN,NaN,NaN,NaN,NaN,NaN,NaN,NaN,NaN,NaN,NaN,NaN,NaN,NaN,NaN,NaN,NaN,
40.704,0.01391,-0.01443,0.12941,0.53014,-0.07573,0.28726,-0.79416,NaN,NaN,NaN,NaN,NaN,NaN,NaN,NaN,NaN,NaN,NaN,NaN,NaN,NaN,NaN,NaN,NaN,NaN,NaN,NaN,NaN,
40.729,0.01387,-0.01437,0.12941,0.52987,-0.07524,0.28729,-0.79438,NaN,NaN,NaN,NaN,NaN,NaN,NaN,NaN,NaN,NaN,NaN,NaN,NaN,NaN,NaN,NaN,NaN,NaN,NaN,NaN,NaN,
40.754,0.01381,-0.01445,0.12943,0.52953,-0.07503,0.28758,-0.79452,NaN,NaN,NaN,NaN,NaN,NaN,NaN,NaN,NaN,NaN,NaN,NaN,NaN,NaN,NaN,NaN,NaN,NaN,NaN,NaN,NaN,
40.779,0.01378,-0.01447,0.12937,0.52967,-0.07469,0.28719,-0.79460,NaN,NaN,NaN,NaN,NaN,NaN,NaN,NaN,NaN,NaN,NaN,NaN,NaN,NaN,NaN,NaN,NaN,NaN,NaN,NaN,NaN,
40.804,0.01369,-0.01455,0.12941,0.52974,-0.07471,0.28711,-0.79458,NaN,NaN,NaN,NaN,NaN,NaN,NaN,NaN,NaN,NaN,NaN,NaN,NaN,NaN,NaN,NaN,NaN,NaN,NaN,NaN,NaN,
40.829,0.01359,-0.01457,0.12938,0.52960,-0.07401,0.28683,-0.79484,NaN,NaN,NaN,NaN,NaN,NaN,NaN,NaN,NaN,NaN,NaN,NaN,NaN,NaN,NaN,NaN,NaN,NaN,NaN,NaN,NaN,
40.854,0.01356,-0.01460,0.12934,0.52937,-0.07352,0.28680,-0.79505,NaN,NaN,NaN,NaN,NaN,NaN,NaN,NaN,NaN,NaN,NaN,NaN,NaN,NaN,NaN,NaN,NaN,NaN,NaN,NaN,NaN,
40.879,0.01357,-0.01466,0.12931,0.52848,-0.07255,0.28729,-0.79556,NaN,NaN,NaN,NaN,NaN,NaN,NaN,NaN,NaN,NaN,NaN,NaN,NaN,NaN,NaN,NaN,NaN,NaN,NaN,NaN,NaN,
40.904,0.01346,-0.01478,0.12934,0.52771,-0.07218,0.28803,-0.79583,NaN,NaN,NaN,NaN,NaN,NaN,NaN,NaN,NaN,NaN,NaN,NaN,NaN,NaN,NaN,NaN,NaN,NaN,NaN,NaN,NaN,
40.929,0.01341,-0.01483,0.12929,0.52684,-0.07097,0.28834,-0.79641,NaN,NaN,NaN,NaN,NaN,NaN,NaN,NaN,NaN,NaN,NaN,NaN,NaN,NaN,NaN,NaN,NaN,NaN,NaN,NaN,NaN,
40.954,0.01333,-0.01498,0.12935,0.52548,-0.07022,0.28956,-0.79693,NaN,NaN,NaN,NaN,NaN,NaN,NaN,NaN,NaN,NaN,NaN,NaN,NaN,NaN,NaN,NaN,NaN,NaN,NaN,NaN,NaN,
40.979,0.01325,-0.01507,0.12930,0.52494,-0.06887,0.28937,-0.79748,NaN,NaN,NaN,NaN,NaN,NaN,NaN,NaN,NaN,NaN,NaN,NaN,NaN,NaN,NaN,NaN,NaN,NaN,NaN,NaN,NaN,
41.004,0.01314,-0.01514,0.12934,0.52545,-0.06888,0.28873,-0.79737,NaN,NaN,NaN,NaN,NaN,NaN,NaN,NaN,NaN,NaN,NaN,NaN,NaN,NaN,NaN,NaN,NaN,NaN,NaN,NaN,NaN,
41.029,0.01301,-0.01515,0.12937,0.52547,-0.06866,0.28855,-0.79744,NaN,NaN,NaN,NaN,NaN,NaN,NaN,NaN,NaN,NaN,NaN,NaN,NaN,NaN,NaN,NaN,NaN,NaN,NaN,NaN,NaN,
41.054,0.01296,-0.01513,0.12928,0.52513,-0.06774,0.28838,-0.79780,NaN,NaN,NaN,NaN,NaN,NaN,NaN,NaN,NaN,NaN,NaN,NaN,NaN,NaN,NaN,NaN,NaN,NaN,NaN,NaN,NaN,
41.079,0.01298,-0.01525,0.12927,0.52489,-0.06786,0.28876,-0.79781,NaN,NaN,NaN,NaN,NaN,NaN,NaN,NaN,NaN,NaN,NaN,NaN,NaN,NaN,NaN,NaN,NaN,NaN,NaN,NaN,NaN,
41.104,0.01300,-0.01530,0.12929,0.52451,-0.06764,0.28910,-0.79796,NaN,NaN,NaN,NaN,NaN,NaN,NaN,NaN,NaN,NaN,NaN,NaN,NaN,NaN,NaN,NaN,NaN,NaN,NaN,NaN,NaN,
41.129,0.01284,-0.01535,0.12929,0.52400,-0.06653,0.28901,-0.79842,NaN,NaN,NaN,NaN,NaN,NaN,NaN,NaN,NaN,NaN,NaN,NaN,NaN,NaN,NaN,NaN,NaN,NaN,NaN,NaN,NaN,
41.154,0.01274,-0.01539,0.12925,0.52335,-0.06518,0.28894,-0.79898,NaN,NaN,NaN,NaN,NaN,NaN,NaN,NaN,NaN,NaN,NaN,NaN,NaN,NaN,NaN,NaN,NaN,NaN,NaN,NaN,NaN,
41.179,0.01266,-0.01547,0.12921,0.52257,-0.06448,0.28946,-0.79936,NaN,NaN,NaN,NaN,NaN,NaN,NaN,NaN,NaN,NaN,NaN,NaN,NaN,NaN,NaN,NaN,NaN,NaN,NaN,NaN,NaN,
41.204,0.01253,-0.01573,0.12926,0.52129,-0.06366,0.29052,-0.79987,NaN,NaN,NaN,NaN,NaN,NaN,NaN,NaN,NaN,NaN,NaN,NaN,NaN,NaN,NaN,NaN,NaN,NaN,NaN,NaN,NaN,
41.229,0.01235,-0.01576,0.12922,0.52080,-0.06211,0.29011,-0.80047,NaN,NaN,NaN,NaN,NaN,NaN,NaN,NaN,NaN,NaN,NaN,NaN,NaN,NaN,NaN,NaN,NaN,NaN,NaN,NaN,NaN,
41.254,0.01233,-0.01579,0.12924,0.52127,-0.06256,0.28982,-0.80023,NaN,NaN,NaN,NaN,NaN,NaN,NaN,NaN,NaN,NaN,NaN,NaN,NaN,NaN,NaN,NaN,NaN,NaN,NaN,NaN,NaN,
41.279,0.01232,-0.01575,0.12922,0.52154,-0.06264,0.28953,-0.80015,NaN,NaN,NaN,NaN,NaN,NaN,NaN,NaN,NaN,NaN,NaN,NaN,NaN,NaN,NaN,NaN,NaN,NaN,NaN,NaN,NaN,
41.304,0.01234,-0.01578,0.12926,0.52174,-0.06317,0.28963,-0.79995,NaN,NaN,NaN,NaN,NaN,NaN,NaN,NaN,NaN,NaN,NaN,NaN,NaN,NaN,NaN,NaN,NaN,NaN,NaN,NaN,NaN,
41.329,0.01234,-0.01588,0.12926,0.52151,-0.06297,0.28979,-0.80005,NaN,NaN,NaN,NaN,NaN,NaN,NaN,NaN,NaN,NaN,NaN,NaN,NaN,NaN,NaN,NaN,NaN,NaN,NaN,NaN,NaN,
41.354,0.01229,-0.01581,0.12919,0.52114,-0.06177,0.28946,-0.80051,NaN,NaN,NaN,NaN,NaN,NaN,NaN,NaN,NaN,NaN,NaN,NaN,NaN,NaN,NaN,NaN,NaN,NaN,NaN,NaN,NaN,
41.379,0.01210,-0.01587,0.12923,0.52038,-0.06043,0.28952,-0.80108,NaN,NaN,NaN,NaN,NaN,NaN,NaN,NaN,NaN,NaN,NaN,NaN,NaN,NaN,NaN,NaN,NaN,NaN,NaN,NaN,NaN,
41.404,0.01194,-0.01602,0.12922,0.51927,-0.05868,0.28975,-0.80185,NaN,NaN,NaN,NaN,NaN,NaN,NaN,NaN,NaN,NaN,NaN,NaN,NaN,NaN,NaN,NaN,NaN,NaN,NaN,NaN,NaN,
41.429,0.01189,-0.01612,0.12917,0.51835,-0.05776,0.29029,-0.80231,NaN,NaN,NaN,NaN,NaN,NaN,NaN,NaN,NaN,NaN,NaN,NaN,NaN,NaN,NaN,NaN,NaN,NaN,NaN,NaN,NaN,
41.454,0.01191,-0.01621,0.12915,0.51785,-0.05775,0.29091,-0.80241,NaN,NaN,NaN,NaN,NaN,NaN,NaN,NaN,NaN,NaN,NaN,NaN,NaN,NaN,NaN,NaN,NaN,NaN,NaN,NaN,NaN,
41.479,0.01188,-0.01621,0.12911,0.51785,-0.05779,0.29094,-0.80240,NaN,NaN,NaN,NaN,NaN,NaN,NaN,NaN,NaN,NaN,NaN,NaN,NaN,NaN,NaN,NaN,NaN,NaN,NaN,NaN,NaN,
41.504,0.01190,-0.01624,0.12908,0.51797,-0.05793,0.29089,-0.80233,NaN,NaN,NaN,NaN,NaN,NaN,NaN,NaN,NaN,NaN,NaN,NaN,NaN,NaN,NaN,NaN,NaN,NaN,NaN,NaN,NaN,
41.529,0.01189,-0.01623,0.12910,0.51856,-0.05881,0.29073,-0.80194,NaN,NaN,NaN,NaN,NaN,NaN,NaN,NaN,NaN,NaN,NaN,NaN,NaN,NaN,NaN,NaN,NaN,NaN,NaN,NaN,NaN,
41.554,0.01185,-0.01627,0.12909,0.51809,-0.05886,0.29136,-0.80202,NaN,NaN,NaN,NaN,NaN,NaN,NaN,NaN,NaN,NaN,NaN,NaN,NaN,NaN,NaN,NaN,NaN,NaN,NaN,NaN,NaN,
41.579,0.01179,-0.01633,0.12899,0.51723,-0.05747,0.29151,-0.80262,NaN,NaN,NaN,NaN,NaN,NaN,NaN,NaN,NaN,NaN,NaN,NaN,NaN,NaN,NaN,NaN,NaN,NaN,NaN,NaN,NaN,
41.604,0.01144,-0.01657,0.12912,0.51631,-0.05518,0.29113,-0.80351,NaN,NaN,NaN,NaN,NaN,NaN,NaN,NaN,NaN,NaN,NaN,NaN,NaN,NaN,NaN,NaN,NaN,NaN,NaN,NaN,NaN,
41.629,0.01105,-0.01665,0.12918,0.51517,-0.05198,0.29039,-0.80472,NaN,NaN,NaN,NaN,NaN,NaN,NaN,NaN,NaN,NaN,NaN,NaN,NaN,NaN,NaN,NaN,NaN,NaN,NaN,NaN,NaN,
41.654,0.01098,-0.01661,0.12909,0.51592,-0.05111,0.28887,-0.80484,NaN,NaN,NaN,NaN,NaN,NaN,NaN,NaN,NaN,NaN,NaN,NaN,NaN,NaN,NaN,NaN,NaN,NaN,NaN,NaN,NaN,
41.679,0.01099,-0.01664,0.12915,0.51669,-0.05203,0.28852,-0.80441,NaN,NaN,NaN,NaN,NaN,NaN,NaN,NaN,NaN,NaN,NaN,NaN,NaN,NaN,NaN,NaN,NaN,NaN,NaN,NaN,NaN,
41.704,0.01100,-0.01659,0.12915,0.51657,-0.05198,0.28865,-0.80445,NaN,NaN,NaN,NaN,NaN,NaN,NaN,NaN,NaN,NaN,NaN,NaN,NaN,NaN,NaN,NaN,NaN,NaN,NaN,NaN,NaN,
41.729,0.01099,-0.01661,0.12913,0.51604,-0.05166,0.28908,-0.80465,NaN,NaN,NaN,NaN,NaN,NaN,NaN,NaN,NaN,NaN,NaN,NaN,NaN,NaN,NaN,NaN,NaN,NaN,NaN,NaN,NaN,
41.754,0.01096,-0.01667,0.12907,0.51560,-0.05099,0.28919,-0.80494,NaN,NaN,NaN,NaN,NaN,NaN,NaN,NaN,NaN,NaN,NaN,NaN,NaN,NaN,NaN,NaN,NaN,NaN,NaN,NaN,NaN,
41.779,0.01092,-0.01672,0.12905,0.51506,-0.05046,0.28950,-0.80520,NaN,NaN,NaN,NaN,NaN,NaN,NaN,NaN,NaN,NaN,NaN,NaN,NaN,NaN,NaN,NaN,NaN,NaN,NaN,NaN,NaN,
41.804,0.01087,-0.01678,0.12906,0.51457,-0.04994,0.28978,-0.80546,NaN,NaN,NaN,NaN,NaN,NaN,NaN,NaN,NaN,NaN,NaN,NaN,NaN,NaN,NaN,NaN,NaN,NaN,NaN,NaN,NaN,
41.829,0.01066,-0.01680,0.12901,0.51414,-0.04855,0.28936,-0.80596,NaN,NaN,NaN,NaN,NaN,NaN,NaN,NaN,NaN,NaN,NaN,NaN,NaN,NaN,NaN,NaN,NaN,NaN,NaN,NaN,NaN,
41.854,0.01052,-0.01694,0.12905,0.51369,-0.04809,0.28962,-0.80618,NaN,NaN,NaN,NaN,NaN,NaN,NaN,NaN,NaN,NaN,NaN,NaN,NaN,NaN,NaN,NaN,NaN,NaN,NaN,NaN,NaN,
41.879,0.01037,-0.01701,0.12901,0.51322,-0.04686,0.28937,-0.80665,NaN,NaN,NaN,NaN,NaN,NaN,NaN,NaN,NaN,NaN,NaN,NaN,NaN,NaN,NaN,NaN,NaN,NaN,NaN,NaN,NaN,
41.904,0.01027,-0.01700,0.12899,0.51292,-0.04592,0.28910,-0.80699,NaN,NaN,NaN,NaN,NaN,NaN,NaN,NaN,NaN,NaN,NaN,NaN,NaN,NaN,NaN,NaN,NaN,NaN,NaN,NaN,NaN,
41.929,0.01026,-0.01712,0.12908,0.51248,-0.04596,0.28967,-0.80706,NaN,NaN,NaN,NaN,NaN,NaN,NaN,NaN,NaN,NaN,NaN,NaN,NaN,NaN,NaN,NaN,NaN,NaN,NaN,NaN,NaN,
41.954,0.01026,-0.01715,0.12900,0.51211,-0.04504,0.28951,-0.80740,NaN,NaN,NaN,NaN,NaN,NaN,NaN,NaN,NaN,NaN,NaN,NaN,NaN,NaN,NaN,NaN,NaN,NaN,NaN,NaN,NaN,
41.979,0.01014,-0.01718,0.12899,0.51157,-0.04446,0.28979,-0.80768,NaN,NaN,NaN,NaN,NaN,NaN,NaN,NaN,NaN,NaN,NaN,NaN,NaN,NaN,NaN,NaN,NaN,NaN,NaN,NaN,NaN,
42.004,0.01008,-0.01723,0.12893,0.51035,-0.04326,0.29050,-0.80826,NaN,NaN,NaN,NaN,NaN,NaN,NaN,NaN,NaN,NaN,NaN,NaN,NaN,NaN,NaN,NaN,NaN,NaN,NaN,NaN,NaN,
42.029,0.00999,-0.01731,0.12890,0.51009,-0.04244,0.29026,-0.80855,NaN,NaN,NaN,NaN,NaN,NaN,NaN,NaN,NaN,NaN,NaN,NaN,NaN,NaN,NaN,NaN,NaN,NaN,NaN,NaN,NaN,
42.054,0.00985,-0.01732,0.12889,0.51020,-0.04166,0.28958,-0.80876,NaN,NaN,NaN,NaN,NaN,NaN,NaN,NaN,NaN,NaN,NaN,NaN,NaN,NaN,NaN,NaN,NaN,NaN,NaN,NaN,NaN,
42.079,0.00974,-0.01742,0.12893,0.51033,-0.04172,0.28946,-0.80872,NaN,NaN,NaN,NaN,NaN,NaN,NaN,NaN,NaN,NaN,NaN,NaN,NaN,NaN,NaN,NaN,NaN,NaN,NaN,NaN,NaN,
42.104,0.00962,-0.01750,0.12892,0.50986,-0.04084,0.28945,-0.80907,NaN,NaN,NaN,NaN,NaN,NaN,NaN,NaN,NaN,NaN,NaN,NaN,NaN,NaN,NaN,NaN,NaN,NaN,NaN,NaN,NaN,
42.129,0.00946,-0.01755,0.12896,0.50884,-0.03920,0.28959,-0.80974,NaN,NaN,NaN,NaN,NaN,NaN,NaN,NaN,NaN,NaN,NaN,NaN,NaN,NaN,NaN,NaN,NaN,NaN,NaN,NaN,NaN,
42.154,0.00940,-0.01750,0.12882,0.50844,-0.03752,0.28893,-0.81031,NaN,NaN,NaN,NaN,NaN,NaN,NaN,NaN,NaN,NaN,NaN,NaN,NaN,NaN,NaN,NaN,NaN,NaN,NaN,NaN,NaN,
42.179,0.00939,-0.01751,0.12884,0.50805,-0.03707,0.28911,-0.81051,NaN,NaN,NaN,NaN,NaN,NaN,NaN,NaN,NaN,NaN,NaN,NaN,NaN,NaN,NaN,NaN,NaN,NaN,NaN,NaN,NaN,
42.204,0.00921,-0.01764,0.12888,0.50717,-0.03620,0.28960,-0.81092,NaN,NaN,NaN,NaN,NaN,NaN,NaN,NaN,NaN,NaN,NaN,NaN,NaN,NaN,NaN,NaN,NaN,NaN,NaN,NaN,NaN,
42.229,0.00907,-0.01763,0.12888,0.50687,-0.03528,0.28934,-0.81125,NaN,NaN,NaN,NaN,NaN,NaN,NaN,NaN,NaN,NaN,NaN,NaN,NaN,NaN,NaN,NaN,NaN,NaN,NaN,NaN,NaN,
42.254,0.00908,-0.01765,0.12882,0.50702,-0.03524,0.28913,-0.81123,NaN,NaN,NaN,NaN,NaN,NaN,NaN,NaN,NaN,NaN,NaN,NaN,NaN,NaN,NaN,NaN,NaN,NaN,NaN,NaN,NaN,
42.279,0.00904,-0.01774,0.12878,0.50663,-0.03523,0.28961,-0.81130,NaN,NaN,NaN,NaN,NaN,NaN,NaN,NaN,NaN,NaN,NaN,NaN,NaN,NaN,NaN,NaN,NaN,NaN,NaN,NaN,NaN,
42.304,0.00899,-0.01783,0.12876,0.50650,-0.03504,0.28964,-0.81138,NaN,NaN,NaN,NaN,NaN,NaN,NaN,NaN,NaN,NaN,NaN,NaN,NaN,NaN,NaN,NaN,NaN,NaN,NaN,NaN,NaN,
42.329,0.00885,-0.01781,0.12880,0.50691,-0.03480,0.28897,-0.81138,NaN,NaN,NaN,NaN,NaN,NaN,NaN,NaN,NaN,NaN,NaN,NaN,NaN,NaN,NaN,NaN,NaN,NaN,NaN,NaN,NaN,
42.354,0.00873,-0.01776,0.12882,0.50708,-0.03439,0.28847,-0.81147,NaN,NaN,NaN,NaN,NaN,NaN,NaN,NaN,NaN,NaN,NaN,NaN,NaN,NaN,NaN,NaN,NaN,NaN,NaN,NaN,NaN,
42.379,0.00872,-0.01780,0.12878,0.50605,-0.03335,0.28902,-0.81195,NaN,NaN,NaN,NaN,NaN,NaN,NaN,NaN,NaN,NaN,NaN,NaN,NaN,NaN,NaN,NaN,NaN,NaN,NaN,NaN,NaN,
42.404,0.00872,-0.01790,0.12877,0.50548,-0.03333,0.28972,-0.81206,NaN,NaN,NaN,NaN,NaN,NaN,NaN,NaN,NaN,NaN,NaN,NaN,NaN,NaN,NaN,NaN,NaN,NaN,NaN,NaN,NaN,
42.429,0.00882,-0.01779,0.12881,0.50646,-0.03443,0.28927,-0.81157,NaN,NaN,NaN,NaN,NaN,NaN,NaN,NaN,NaN,NaN,NaN,NaN,NaN,NaN,NaN,NaN,NaN,NaN,NaN,NaN,NaN,
42.454,0.00880,-0.01783,0.12879,0.50629,-0.03429,0.28938,-0.81164,NaN,NaN,NaN,NaN,NaN,NaN,NaN,NaN,NaN,NaN,NaN,NaN,NaN,NaN,NaN,NaN,NaN,NaN,NaN,NaN,NaN,
42.479,0.00876,-0.01787,0.12877,0.50608,-0.03411,0.28951,-0.81173,NaN,NaN,NaN,NaN,NaN,NaN,NaN,NaN,NaN,NaN,NaN,NaN,NaN,NaN,NaN,NaN,NaN,NaN,NaN,NaN,NaN,
42.504,0.00873,-0.01790,0.12876,0.50592,-0.03396,0.28961,-0.81180,NaN,NaN,NaN,NaN,NaN,NaN,NaN,NaN,NaN,NaN,NaN,NaN,NaN,NaN,NaN,NaN,NaN,NaN,NaN,NaN,NaN,
42.529,0.00868,-0.01792,0.12875,0.50581,-0.03382,0.28965,-0.81186,NaN,NaN,NaN,NaN,NaN,NaN,NaN,NaN,NaN,NaN,NaN,NaN,NaN,NaN,NaN,NaN,NaN,NaN,NaN,NaN,NaN,
42.554,0.00855,-0.01808,0.12875,0.50591,-0.03349,0.28930,-0.81194,NaN,NaN,NaN,NaN,NaN,NaN,NaN,NaN,NaN,NaN,NaN,NaN,NaN,NaN,NaN,NaN,NaN,NaN,NaN,NaN,NaN,
42.579,0.00825,-0.01800,0.12874,0.50527,-0.03050,0.28801,-0.81291,NaN,NaN,NaN,NaN,NaN,NaN,NaN,NaN,NaN,NaN,NaN,NaN,NaN,NaN,NaN,NaN,NaN,NaN,NaN,NaN,NaN,
42.604,0.00815,-0.01802,0.12871,0.50475,-0.02916,0.28772,-0.81338,NaN,NaN,NaN,NaN,NaN,NaN,NaN,NaN,NaN,NaN,NaN,NaN,NaN,NaN,NaN,NaN,NaN,NaN,NaN,NaN,NaN,
42.629,0.00806,-0.01809,0.12868,0.50414,-0.02819,0.28780,-0.81377,NaN,NaN,NaN,NaN,NaN,NaN,NaN,NaN,NaN,NaN,NaN,NaN,NaN,NaN,NaN,NaN,NaN,NaN,NaN,NaN,NaN,
42.654,0.00797,-0.01812,0.12860,0.50318,-0.02690,0.28809,-0.81430,NaN,NaN,NaN,NaN,NaN,NaN,NaN,NaN,NaN,NaN,NaN,NaN,NaN,NaN,NaN,NaN,NaN,NaN,NaN,NaN,NaN,
42.679,0.00788,-0.01819,0.12863,0.50224,-0.02632,0.28886,-0.81463,NaN,NaN,NaN,NaN,NaN,NaN,NaN,NaN,NaN,NaN,NaN,NaN,NaN,NaN,NaN,NaN,NaN,NaN,NaN,NaN,NaN,
42.704,0.00768,-0.01833,0.12863,0.50122,-0.02494,0.28915,-0.81520,NaN,NaN,NaN,NaN,NaN,NaN,NaN,NaN,NaN,NaN,NaN,NaN,NaN,NaN,NaN,NaN,NaN,NaN,NaN,NaN,NaN,
42.729,0.00750,-0.01839,0.12860,0.50021,-0.02335,0.28929,-0.81582,NaN,NaN,NaN,NaN,NaN,NaN,NaN,NaN,NaN,NaN,NaN,NaN,NaN,NaN,NaN,NaN,NaN,NaN,NaN,NaN,NaN,
42.754,0.00741,-0.01842,0.12853,-0.49969,0.02233,-0.28921,0.81619,NaN,NaN,NaN,NaN,NaN,NaN,NaN,NaN,NaN,NaN,NaN,NaN,NaN,NaN,NaN,NaN,NaN,NaN,NaN,NaN,NaN,
42.779,0.00733,-0.01848,0.12855,-0.49890,0.02112,-0.28932,0.81667,NaN,NaN,NaN,NaN,NaN,NaN,NaN,NaN,NaN,NaN,NaN,NaN,NaN,NaN,NaN,NaN,NaN,NaN,NaN,NaN,NaN,
42.804,0.00721,-0.01847,0.12840,-0.49792,0.01872,-0.28885,0.81749,NaN,NaN,NaN,NaN,NaN,NaN,NaN,NaN,NaN,NaN,NaN,NaN,NaN,NaN,NaN,NaN,NaN,NaN,NaN,NaN,NaN,
42.829,0.00713,-0.01846,0.12848,-0.49781,0.01850,-0.28882,0.81757,NaN,NaN,NaN,NaN,NaN,NaN,NaN,NaN,NaN,NaN,NaN,NaN,NaN,NaN,NaN,NaN,NaN,NaN,NaN,NaN,NaN,
42.854,0.00701,-0.01848,0.12849,-0.49764,0.01814,-0.28879,0.81770,NaN,NaN,NaN,NaN,NaN,NaN,NaN,NaN,NaN,NaN,NaN,NaN,NaN,NaN,NaN,NaN,NaN,NaN,NaN,NaN,NaN,
42.879,0.00691,-0.01850,0.12849,-0.49752,0.01788,-0.28874,0.81779,NaN,NaN,NaN,NaN,NaN,NaN,NaN,NaN,NaN,NaN,NaN,NaN,NaN,NaN,NaN,NaN,NaN,NaN,NaN,NaN,NaN,
42.904,0.00680,-0.01851,0.12839,-0.49831,0.01726,-0.28732,0.81782,NaN,NaN,NaN,NaN,NaN,NaN,NaN,NaN,NaN,NaN,NaN,NaN,NaN,NaN,NaN,NaN,NaN,NaN,NaN,NaN,NaN,
42.929,0.00662,-0.01842,0.12836,-0.49932,0.01685,-0.28577,0.81776,NaN,NaN,NaN,NaN,NaN,NaN,NaN,NaN,NaN,NaN,NaN,NaN,NaN,NaN,NaN,NaN,NaN,NaN,NaN,NaN,NaN,
42.954,0.00662,-0.01844,0.12843,-0.49954,0.01742,-0.28591,0.81756,NaN,NaN,NaN,NaN,NaN,NaN,NaN,NaN,NaN,NaN,NaN,NaN,NaN,NaN,NaN,NaN,NaN,NaN,NaN,NaN,NaN,
42.979,0.00659,-0.01848,0.12842,-0.49914,0.01727,-0.28630,0.81768,NaN,NaN,NaN,NaN,NaN,NaN,NaN,NaN,NaN,NaN,NaN,NaN,NaN,NaN,NaN,NaN,NaN,NaN,NaN,NaN,NaN,
43.004,0.00654,-0.01846,0.12837,-0.49894,0.01671,-0.28615,0.81786,NaN,NaN,NaN,NaN,NaN,NaN,NaN,NaN,NaN,NaN,NaN,NaN,NaN,NaN,NaN,NaN,NaN,NaN,NaN,NaN,NaN,
43.029,0.00644,-0.01848,0.12842,-0.49862,0.01615,-0.28615,0.81807,NaN,NaN,NaN,NaN,NaN,NaN,NaN,NaN,NaN,NaN,NaN,NaN,NaN,NaN,NaN,NaN,NaN,NaN,NaN,NaN,NaN,
43.054,0.00627,-0.01850,0.12831,-0.49740,0.01424,-0.28630,0.81880,NaN,NaN,NaN,NaN,NaN,NaN,NaN,NaN,NaN,NaN,NaN,NaN,NaN,NaN,NaN,NaN,NaN,NaN,NaN,NaN,NaN,
43.079,0.00625,-0.01858,0.12826,-0.49707,0.01416,-0.28665,0.81887,NaN,NaN,NaN,NaN,NaN,NaN,NaN,NaN,NaN,NaN,NaN,NaN,NaN,NaN,NaN,NaN,NaN,NaN,NaN,NaN,NaN,
43.104,0.00615,-0.01860,0.12820,-0.49728,0.01399,-0.28627,0.81888,NaN,NaN,NaN,NaN,NaN,NaN,NaN,NaN,NaN,NaN,NaN,NaN,NaN,NaN,NaN,NaN,NaN,NaN,NaN,NaN,NaN,
43.129,0.00605,-0.01865,0.12829,-0.49755,0.01376,-0.28576,0.81890,NaN,NaN,NaN,NaN,NaN,NaN,NaN,NaN,NaN,NaN,NaN,NaN,NaN,NaN,NaN,NaN,NaN,NaN,NaN,NaN,NaN,
43.154,0.00575,-0.01859,0.12818,-0.49645,0.01038,-0.28470,0.81998,NaN,NaN,NaN,NaN,NaN,NaN,NaN,NaN,NaN,NaN,NaN,NaN,NaN,NaN,NaN,NaN,NaN,NaN,NaN,NaN,NaN,
43.179,0.00569,-0.01861,0.12818,-0.49589,0.00942,-0.28471,0.82033,NaN,NaN,NaN,NaN,NaN,NaN,NaN,NaN,NaN,NaN,NaN,NaN,NaN,NaN,NaN,NaN,NaN,NaN,NaN,NaN,NaN,
43.204,0.00556,-0.01868,0.12816,-0.49498,0.00862,-0.28525,0.82070,NaN,NaN,NaN,NaN,NaN,NaN,NaN,NaN,NaN,NaN,NaN,NaN,NaN,NaN,NaN,NaN,NaN,NaN,NaN,NaN,NaN,
43.229,0.00548,-0.01871,0.12819,-0.49465,0.00818,-0.28534,0.82087,NaN,NaN,NaN,NaN,NaN,NaN,NaN,NaN,NaN,NaN,NaN,NaN,NaN,NaN,NaN,NaN,NaN,NaN,NaN,NaN,NaN,
43.254,0.00540,-0.01869,0.12810,-0.49392,0.00670,-0.28518,0.82138,NaN,NaN,NaN,NaN,NaN,NaN,NaN,NaN,NaN,NaN,NaN,NaN,NaN,NaN,NaN,NaN,NaN,NaN,NaN,NaN,NaN,
43.279,0.00536,-0.01869,0.12807,-0.49421,0.00677,-0.28487,0.82131,NaN,NaN,NaN,NaN,NaN,NaN,NaN,NaN,NaN,NaN,NaN,NaN,NaN,NaN,NaN,NaN,NaN,NaN,NaN,NaN,NaN,
43.304,0.00542,-0.01865,0.12802,-0.49460,0.00675,-0.28437,0.82125,NaN,NaN,NaN,NaN,NaN,NaN,NaN,NaN,NaN,NaN,NaN,NaN,NaN,NaN,NaN,NaN,NaN,NaN,NaN,NaN,NaN,
43.329,0.00526,-0.01868,0.12811,-0.49535,0.00715,-0.28374,0.82102,NaN,NaN,NaN,NaN,NaN,NaN,NaN,NaN,NaN,NaN,NaN,NaN,NaN,NaN,NaN,NaN,NaN,NaN,NaN,NaN,NaN,
43.354,0.00522,-0.01862,0.12807,-0.49588,0.00712,-0.28306,0.82093,NaN,NaN,NaN,NaN,NaN,NaN,NaN,NaN,NaN,NaN,NaN,NaN,NaN,NaN,NaN,NaN,NaN,NaN,NaN,NaN,NaN,
43.379,0.00533,-0.01865,0.12814,-0.49533,0.00780,-0.28423,0.82085,NaN,NaN,NaN,NaN,NaN,NaN,NaN,NaN,NaN,NaN,NaN,NaN,NaN,NaN,NaN,NaN,NaN,NaN,NaN,NaN,NaN,
43.404,0.00528,-0.01864,0.12813,-0.49534,0.00752,-0.28402,0.82093,NaN,NaN,NaN,NaN,NaN,NaN,NaN,NaN,NaN,NaN,NaN,NaN,NaN,NaN,NaN,NaN,NaN,NaN,NaN,NaN,NaN,
43.429,0.00523,-0.01862,0.12811,-0.49543,0.00726,-0.28371,0.82098,NaN,NaN,NaN,NaN,NaN,NaN,NaN,NaN,NaN,NaN,NaN,NaN,NaN,NaN,NaN,NaN,NaN,NaN,NaN,NaN,NaN,
43.454,0.00519,-0.01861,0.12809,-0.49555,0.00696,-0.28335,0.82103,NaN,NaN,NaN,NaN,NaN,NaN,NaN,NaN,NaN,NaN,NaN,NaN,NaN,NaN,NaN,NaN,NaN,NaN,NaN,NaN,NaN,
43.479,0.00516,-0.01860,0.12808,-0.49568,0.00681,-0.28308,0.82105,NaN,NaN,NaN,NaN,NaN,NaN,NaN,NaN,NaN,NaN,NaN,NaN,NaN,NaN,NaN,NaN,NaN,NaN,NaN,NaN,NaN,
43.504,0.00510,-0.01859,0.12805,-0.49583,0.00656,-0.28272,0.82109,NaN,NaN,NaN,NaN,NaN,NaN,NaN,NaN,NaN,NaN,NaN,NaN,NaN,NaN,NaN,NaN,NaN,NaN,NaN,NaN,NaN,
43.529,0.00491,-0.01861,0.12787,-0.49522,0.00428,-0.28181,0.82178,NaN,NaN,NaN,NaN,NaN,NaN,NaN,NaN,NaN,NaN,NaN,NaN,NaN,NaN,NaN,NaN,NaN,NaN,NaN,NaN,NaN,
43.554,0.00484,-0.01859,0.12782,-0.49482,0.00354,-0.28177,0.82204,NaN,NaN,NaN,NaN,NaN,NaN,NaN,NaN,NaN,NaN,NaN,NaN,NaN,NaN,NaN,NaN,NaN,NaN,NaN,NaN,NaN,
43.579,0.00469,-0.01861,0.12788,-0.49443,0.00313,-0.28197,0.82221,NaN,NaN,NaN,NaN,NaN,NaN,NaN,NaN,NaN,NaN,NaN,NaN,NaN,NaN,NaN,NaN,NaN,NaN,NaN,NaN,NaN,
43.604,0.00457,-0.01862,0.12782,-0.49364,0.00197,-0.28208,0.82264,NaN,NaN,NaN,NaN,NaN,NaN,NaN,NaN,NaN,NaN,NaN,NaN,NaN,NaN,NaN,NaN,NaN,NaN,NaN,NaN,NaN,
43.629,0.00472,-0.01862,0.12775,-0.49331,0.00171,-0.28231,0.82277,NaN,NaN,NaN,NaN,NaN,NaN,NaN,NaN,NaN,NaN,NaN,NaN,NaN,NaN,NaN,NaN,NaN,NaN,NaN,NaN,NaN,
43.654,0.00465,-0.01872,0.12772,-0.49250,0.00135,-0.28305,0.82300,NaN,NaN,NaN,NaN,NaN,NaN,NaN,NaN,NaN,NaN,NaN,NaN,NaN,NaN,NaN,NaN,NaN,NaN,NaN,NaN,NaN,
43.679,0.00462,-0.01874,0.12761,-0.49166,-0.00002,-0.28309,0.82349,NaN,NaN,NaN,NaN,NaN,NaN,NaN,NaN,NaN,NaN,NaN,NaN,NaN,NaN,NaN,NaN,NaN,NaN,NaN,NaN,NaN,
43.704,0.00444,-0.01887,0.12771,-0.49078,-0.00134,-0.28322,0.82397,NaN,NaN,NaN,NaN,NaN,NaN,NaN,NaN,NaN,NaN,NaN,NaN,NaN,NaN,NaN,NaN,NaN,NaN,NaN,NaN,NaN,
43.729,0.00426,-0.01884,0.12764,-0.49027,-0.00298,-0.28265,0.82446,NaN,NaN,NaN,NaN,NaN,NaN,NaN,NaN,NaN,NaN,NaN,NaN,NaN,NaN,NaN,NaN,NaN,NaN,NaN,NaN,NaN,
43.754,0.00423,-0.01881,0.12757,-0.48981,-0.00353,-0.28281,0.82468,NaN,NaN,NaN,NaN,NaN,NaN,NaN,NaN,NaN,NaN,NaN,NaN,NaN,NaN,NaN,NaN,NaN,NaN,NaN,NaN,NaN,
43.779,0.00422,-0.01884,0.12755,-0.48955,-0.00357,-0.28310,0.82473,NaN,NaN,NaN,NaN,NaN,NaN,NaN,NaN,NaN,NaN,NaN,NaN,NaN,NaN,NaN,NaN,NaN,NaN,NaN,NaN,NaN,
43.804,0.00421,-0.01884,0.12750,-0.48880,-0.00424,-0.28353,0.82503,NaN,NaN,NaN,NaN,NaN,NaN,NaN,NaN,NaN,NaN,NaN,NaN,NaN,NaN,NaN,NaN,NaN,NaN,NaN,NaN,NaN,
43.829,0.00414,-0.01892,0.12751,-0.48812,-0.00508,-0.28375,0.82535,NaN,NaN,NaN,NaN,NaN,NaN,NaN,NaN,NaN,NaN,NaN,NaN,NaN,NaN,NaN,NaN,NaN,NaN,NaN,NaN,NaN,
43.854,0.00412,-0.01892,0.12748,-0.48746,-0.00605,-0.28385,0.82570,NaN,NaN,NaN,NaN,NaN,NaN,NaN,NaN,NaN,NaN,NaN,NaN,NaN,NaN,NaN,NaN,NaN,NaN,NaN,NaN,NaN,
43.879,0.00394,-0.01899,0.12743,-0.48630,-0.00704,-0.28455,0.82613,NaN,NaN,NaN,NaN,NaN,NaN,NaN,NaN,NaN,NaN,NaN,NaN,NaN,NaN,NaN,NaN,NaN,NaN,NaN,NaN,NaN,
43.904,0.00396,-0.01898,0.12737,-0.48543,-0.00821,-0.28476,0.82656,NaN,NaN,NaN,NaN,NaN,NaN,NaN,NaN,NaN,NaN,NaN,NaN,NaN,NaN,NaN,NaN,NaN,NaN,NaN,NaN,NaN,
43.929,0.00369,-0.01907,0.12736,-0.48480,-0.00992,-0.28426,0.82708,NaN,NaN,NaN,NaN,NaN,NaN,NaN,NaN,NaN,NaN,NaN,NaN,NaN,NaN,NaN,NaN,NaN,NaN,NaN,NaN,NaN,
43.954,0.00359,-0.01913,0.12731,-0.48377,-0.01163,-0.28426,0.82766,NaN,NaN,NaN,NaN,NaN,NaN,NaN,NaN,NaN,NaN,NaN,NaN,NaN,NaN,NaN,NaN,NaN,NaN,NaN,NaN,NaN,
43.979,0.00355,-0.01913,0.12725,-0.48329,-0.01230,-0.28436,0.82790,NaN,NaN,NaN,NaN,NaN,NaN,NaN,NaN,NaN,NaN,NaN,NaN,NaN,NaN,NaN,NaN,NaN,NaN,NaN,NaN,NaN,
44.004,0.00348,-0.01913,0.12723,-0.48254,-0.01303,-0.28474,0.82820,NaN,NaN,NaN,NaN,NaN,NaN,NaN,NaN,NaN,NaN,NaN,NaN,NaN,NaN,NaN,NaN,NaN,NaN,NaN,NaN,NaN,
44.029,0.00324,-0.01922,0.12727,-0.48145,-0.01435,-0.28510,0.82869,NaN,NaN,NaN,NaN,NaN,NaN,NaN,NaN,NaN,NaN,NaN,NaN,NaN,NaN,NaN,NaN,NaN,NaN,NaN,NaN,NaN,
44.054,0.00325,-0.01920,0.12725,-0.48066,-0.01549,-0.28522,0.82908,NaN,NaN,NaN,NaN,NaN,NaN,NaN,NaN,NaN,NaN,NaN,NaN,NaN,NaN,NaN,NaN,NaN,NaN,NaN,NaN,NaN,
44.079,0.00320,-0.01923,0.12710,-0.47926,-0.01749,-0.28543,0.82978,NaN,NaN,NaN,NaN,NaN,NaN,NaN,NaN,NaN,NaN,NaN,NaN,NaN,NaN,NaN,NaN,NaN,NaN,NaN,NaN,NaN,
44.104,0.00311,-0.01923,0.12708,-0.47843,-0.01869,-0.28555,0.83019,NaN,NaN,NaN,NaN,NaN,NaN,NaN,NaN,NaN,NaN,NaN,NaN,NaN,NaN,NaN,NaN,NaN,NaN,NaN,NaN,NaN,
44.129,0.00302,-0.01925,0.12704,-0.47731,-0.02003,-0.28592,0.83068,NaN,NaN,NaN,NaN,NaN,NaN,NaN,NaN,NaN,NaN,NaN,NaN,NaN,NaN,NaN,NaN,NaN,NaN,NaN,NaN,NaN,
44.154,0.00284,-0.01936,0.12703,-0.47633,-0.02095,-0.28642,0.83105,NaN,NaN,NaN,NaN,NaN,NaN,NaN,NaN,NaN,NaN,NaN,NaN,NaN,NaN,NaN,NaN,NaN,NaN,NaN,NaN,NaN,
44.179,0.00272,-0.01944,0.12697,-0.47549,-0.02233,-0.28642,0.83149,NaN,NaN,NaN,NaN,NaN,NaN,NaN,NaN,NaN,NaN,NaN,NaN,NaN,NaN,NaN,NaN,NaN,NaN,NaN,NaN,NaN,
44.204,0.00256,-0.01955,0.12702,-0.47449,-0.02336,-0.28685,0.83188,NaN,NaN,NaN,NaN,NaN,NaN,NaN,NaN,NaN,NaN,NaN,NaN,NaN,NaN,NaN,NaN,NaN,NaN,NaN,NaN,NaN,
44.229,0.00246,-0.01955,0.12693,-0.47370,-0.02454,-0.28693,0.83227,NaN,NaN,NaN,NaN,NaN,NaN,NaN,NaN,NaN,NaN,NaN,NaN,NaN,NaN,NaN,NaN,NaN,NaN,NaN,NaN,NaN,
44.254,0.00246,-0.01955,0.12693,-0.47370,-0.02454,-0.28693,0.83227,NaN,NaN,NaN,NaN,NaN,NaN,NaN,NaN,NaN,NaN,NaN,NaN,NaN,NaN,NaN,NaN,NaN,NaN,NaN,NaN,NaN,
44.279,0.00237,-0.01948,0.12681,-0.47220,-0.02686,-0.28701,0.83303,NaN,NaN,NaN,NaN,NaN,NaN,NaN,NaN,NaN,NaN,NaN,NaN,NaN,NaN,NaN,NaN,NaN,NaN,NaN,NaN,NaN,
44.304,0.00228,-0.01948,0.12678,-0.47167,-0.02777,-0.28696,0.83331,NaN,NaN,NaN,NaN,NaN,NaN,NaN,NaN,NaN,NaN,NaN,NaN,NaN,NaN,NaN,NaN,NaN,NaN,NaN,NaN,NaN,
44.329,0.00221,-0.01941,0.12668,-0.47206,-0.02807,-0.28626,0.83332,NaN,NaN,NaN,NaN,NaN,NaN,NaN,NaN,NaN,NaN,NaN,NaN,NaN,NaN,NaN,NaN,NaN,NaN,NaN,NaN,NaN,
44.354,0.00221,-0.01941,0.12680,-0.47325,-0.02656,-0.28595,0.83280,NaN,NaN,NaN,NaN,NaN,NaN,NaN,NaN,NaN,NaN,NaN,NaN,NaN,NaN,NaN,NaN,NaN,NaN,NaN,NaN,NaN,
44.379,0.00219,-0.01925,0.12676,-0.47530,-0.02564,-0.28416,0.83228,NaN,NaN,NaN,NaN,NaN,NaN,NaN,NaN,NaN,NaN,NaN,NaN,NaN,NaN,NaN,NaN,NaN,NaN,NaN,NaN,NaN,
44.404,0.00205,-0.01916,0.12661,-0.47713,-0.02567,-0.28188,0.83200,NaN,NaN,NaN,NaN,NaN,NaN,NaN,NaN,NaN,NaN,NaN,NaN,NaN,NaN,NaN,NaN,NaN,NaN,NaN,NaN,NaN,
44.429,0.00210,-0.01897,0.12683,-0.47943,-0.02346,-0.28074,0.83113,NaN,NaN,NaN,NaN,NaN,NaN,NaN,NaN,NaN,NaN,NaN,NaN,NaN,NaN,NaN,NaN,NaN,NaN,NaN,NaN,NaN,
44.454,0.00202,-0.01895,0.12679,-0.47937,-0.02379,-0.28057,0.83122,NaN,NaN,NaN,NaN,NaN,NaN,NaN,NaN,NaN,NaN,NaN,NaN,NaN,NaN,NaN,NaN,NaN,NaN,NaN,NaN,NaN,
44.480,0.00204,-0.01888,0.12672,-0.47974,-0.02383,-0.28009,0.83117,NaN,NaN,NaN,NaN,NaN,NaN,NaN,NaN,NaN,NaN,NaN,NaN,NaN,NaN,NaN,NaN,NaN,NaN,NaN,NaN,NaN,
44.504,0.00202,-0.01881,0.12670,-0.48106,-0.02334,-0.27884,0.83084,NaN,NaN,NaN,NaN,NaN,NaN,NaN,NaN,NaN,NaN,NaN,NaN,NaN,NaN,NaN,NaN,NaN,NaN,NaN,NaN,NaN,
44.529,0.00196,-0.01871,0.12669,-0.48249,-0.02294,-0.27737,0.83051,NaN,NaN,NaN,NaN,NaN,NaN,NaN,NaN,NaN,NaN,NaN,NaN,NaN,NaN,NaN,NaN,NaN,NaN,NaN,NaN,NaN,
44.554,0.00195,-0.01863,0.12675,-0.48353,-0.02203,-0.27678,0.83013,NaN,NaN,NaN,NaN,NaN,NaN,NaN,NaN,NaN,NaN,NaN,NaN,NaN,NaN,NaN,NaN,NaN,NaN,NaN,NaN,NaN,
44.579,0.00192,-0.01859,0.12674,-0.48455,-0.02129,-0.27607,0.82978,NaN,NaN,NaN,NaN,NaN,NaN,NaN,NaN,NaN,NaN,NaN,NaN,NaN,NaN,NaN,NaN,NaN,NaN,NaN,NaN,NaN,
44.604,0.00192,-0.01852,0.12680,-0.48573,-0.02023,-0.27542,0.82934,NaN,NaN,NaN,NaN,NaN,NaN,NaN,NaN,NaN,NaN,NaN,NaN,NaN,NaN,NaN,NaN,NaN,NaN,NaN,NaN,NaN,
44.629,0.00193,-0.01849,0.12681,-0.48670,-0.01964,-0.27466,0.82904,NaN,NaN,NaN,NaN,NaN,NaN,NaN,NaN,NaN,NaN,NaN,NaN,NaN,NaN,NaN,NaN,NaN,NaN,NaN,NaN,NaN,
44.654,0.00197,-0.01841,0.12683,-0.48784,-0.01878,-0.27389,0.82864,NaN,NaN,NaN,NaN,NaN,NaN,NaN,NaN,NaN,NaN,NaN,NaN,NaN,NaN,NaN,NaN,NaN,NaN,NaN,NaN,NaN,
44.679,0.00195,-0.01836,0.12683,-0.48820,-0.01852,-0.27364,0.82852,NaN,NaN,NaN,NaN,NaN,NaN,NaN,NaN,NaN,NaN,NaN,NaN,NaN,NaN,NaN,NaN,NaN,NaN,NaN,NaN,NaN,
44.704,0.00190,-0.01837,0.12683,-0.48784,-0.01898,-0.27374,0.82869,NaN,NaN,NaN,NaN,NaN,NaN,NaN,NaN,NaN,NaN,NaN,NaN,NaN,NaN,NaN,NaN,NaN,NaN,NaN,NaN,NaN,
44.729,0.00186,-0.01836,0.12681,-0.48767,-0.01952,-0.27353,0.82884,NaN,NaN,NaN,NaN,NaN,NaN,NaN,NaN,NaN,NaN,NaN,NaN,NaN,NaN,NaN,NaN,NaN,NaN,NaN,NaN,NaN,
44.754,0.00185,-0.01838,0.12678,-0.48760,-0.01985,-0.27338,0.82892,NaN,NaN,NaN,NaN,NaN,NaN,NaN,NaN,NaN,NaN,NaN,NaN,NaN,NaN,NaN,NaN,NaN,NaN,NaN,NaN,NaN,
44.779,0.00182,-0.01841,0.12677,-0.48762,-0.02005,-0.27320,0.82897,NaN,NaN,NaN,NaN,NaN,NaN,NaN,NaN,NaN,NaN,NaN,NaN,NaN,NaN,NaN,NaN,NaN,NaN,NaN,NaN,NaN,
44.804,0.00179,-0.01843,0.12677,-0.48756,-0.02029,-0.27310,0.82903,NaN,NaN,NaN,NaN,NaN,NaN,NaN,NaN,NaN,NaN,NaN,NaN,NaN,NaN,NaN,NaN,NaN,NaN,NaN,NaN,NaN,
44.829,0.00173,-0.01842,0.12679,-0.48740,-0.02052,-0.27312,0.82911,NaN,NaN,NaN,NaN,NaN,NaN,NaN,NaN,NaN,NaN,NaN,NaN,NaN,NaN,NaN,NaN,NaN,NaN,NaN,NaN,NaN,
44.854,0.00174,-0.01840,0.12678,-0.48719,-0.02077,-0.27319,0.82921,NaN,NaN,NaN,NaN,NaN,NaN,NaN,NaN,NaN,NaN,NaN,NaN,NaN,NaN,NaN,NaN,NaN,NaN,NaN,NaN,NaN,
44.879,0.00174,-0.01841,0.12677,-0.48689,-0.02107,-0.27333,0.82933,NaN,NaN,NaN,NaN,NaN,NaN,NaN,NaN,NaN,NaN,NaN,NaN,NaN,NaN,NaN,NaN,NaN,NaN,NaN,NaN,NaN,
44.904,0.00177,-0.01844,0.12673,-0.48674,-0.02138,-0.27329,0.82942,NaN,NaN,NaN,NaN,NaN,NaN,NaN,NaN,NaN,NaN,NaN,NaN,NaN,NaN,NaN,NaN,NaN,NaN,NaN,NaN,NaN,
44.929,0.00177,-0.01846,0.12673,-0.48646,-0.02167,-0.27342,0.82954,NaN,NaN,NaN,NaN,NaN,NaN,NaN,NaN,NaN,NaN,NaN,NaN,NaN,NaN,NaN,NaN,NaN,NaN,NaN,NaN,NaN,
44.954,0.00173,-0.01844,0.12670,-0.48609,-0.02219,-0.27348,0.82972,NaN,NaN,NaN,NaN,NaN,NaN,NaN,NaN,NaN,NaN,NaN,NaN,NaN,NaN,NaN,NaN,NaN,NaN,NaN,NaN,NaN,
44.979,0.00162,-0.01847,0.12672,-0.48565,-0.02281,-0.27355,0.82993,NaN,NaN,NaN,NaN,NaN,NaN,NaN,NaN,NaN,NaN,NaN,NaN,NaN,NaN,NaN,NaN,NaN,NaN,NaN,NaN,NaN,
45.004,0.00157,-0.01851,0.12673,-0.48553,-0.02351,-0.27318,0.83011,NaN,NaN,NaN,NaN,NaN,NaN,NaN,NaN,NaN,NaN,NaN,NaN,NaN,NaN,NaN,NaN,NaN,NaN,NaN,NaN,NaN,
45.029,0.00153,-0.01851,0.12674,-0.48541,-0.02402,-0.27294,0.83024,NaN,NaN,NaN,NaN,NaN,NaN,NaN,NaN,NaN,NaN,NaN,NaN,NaN,NaN,NaN,NaN,NaN,NaN,NaN,NaN,NaN,
45.054,0.00153,-0.01852,0.12671,-0.48518,-0.02433,-0.27299,0.83035,NaN,NaN,NaN,NaN,NaN,NaN,NaN,NaN,NaN,NaN,NaN,NaN,NaN,NaN,NaN,NaN,NaN,NaN,NaN,NaN,NaN,
45.079,0.00152,-0.01856,0.12673,-0.48459,-0.02456,-0.27354,0.83051,NaN,NaN,NaN,NaN,NaN,NaN,NaN,NaN,NaN,NaN,NaN,NaN,NaN,NaN,NaN,NaN,NaN,NaN,NaN,NaN,NaN,
45.104,0.00151,-0.01854,0.12670,-0.48411,-0.02503,-0.27378,0.83070,NaN,NaN,NaN,NaN,NaN,NaN,NaN,NaN,NaN,NaN,NaN,NaN,NaN,NaN,NaN,NaN,NaN,NaN,NaN,NaN,NaN,
45.129,0.00144,-0.01857,0.12672,-0.48321,-0.02572,-0.27437,0.83100,NaN,NaN,NaN,NaN,NaN,NaN,NaN,NaN,NaN,NaN,NaN,NaN,NaN,NaN,NaN,NaN,NaN,NaN,NaN,NaN,NaN,
45.154,0.00143,-0.01861,0.12668,-0.48257,-0.02630,-0.27472,0.83124,NaN,NaN,NaN,NaN,NaN,NaN,NaN,NaN,NaN,NaN,NaN,NaN,NaN,NaN,NaN,NaN,NaN,NaN,NaN,NaN,NaN,
45.179,0.00136,-0.01868,0.12667,-0.48177,-0.02736,-0.27490,0.83161,NaN,NaN,NaN,NaN,NaN,NaN,NaN,NaN,NaN,NaN,NaN,NaN,NaN,NaN,NaN,NaN,NaN,NaN,NaN,NaN,NaN,
45.204,0.00119,-0.01875,0.12666,-0.48064,-0.02922,-0.27488,0.83221,NaN,NaN,NaN,NaN,NaN,NaN,NaN,NaN,NaN,NaN,NaN,NaN,NaN,NaN,NaN,NaN,NaN,NaN,NaN,NaN,NaN,
45.229,0.00105,-0.01875,0.12664,-0.47963,-0.03095,-0.27480,0.83276,NaN,NaN,NaN,NaN,NaN,NaN,NaN,NaN,NaN,NaN,NaN,NaN,NaN,NaN,NaN,NaN,NaN,NaN,NaN,NaN,NaN,
45.254,0.00089,-0.01877,0.12664,-0.47863,-0.03220,-0.27508,0.83319,NaN,NaN,NaN,NaN,NaN,NaN,NaN,NaN,NaN,NaN,NaN,NaN,NaN,NaN,NaN,NaN,NaN,NaN,NaN,NaN,NaN,
45.279,0.00080,-0.01879,0.12665,-0.47742,-0.03341,-0.27564,0.83365,NaN,NaN,NaN,NaN,NaN,NaN,NaN,NaN,NaN,NaN,NaN,NaN,NaN,NaN,NaN,NaN,NaN,NaN,NaN,NaN,NaN,
45.304,0.00066,-0.01884,0.12662,-0.47640,-0.03495,-0.27571,0.83415,NaN,NaN,NaN,NaN,NaN,NaN,NaN,NaN,NaN,NaN,NaN,NaN,NaN,NaN,NaN,NaN,NaN,NaN,NaN,NaN,NaN,
45.329,0.00060,-0.01889,0.12665,-0.47538,-0.03627,-0.27595,0.83460,NaN,NaN,NaN,NaN,NaN,NaN,NaN,NaN,NaN,NaN,NaN,NaN,NaN,NaN,NaN,NaN,NaN,NaN,NaN,NaN,NaN,
45.354,0.00050,-0.01891,0.12658,-0.47461,-0.03757,-0.27589,0.83499,NaN,NaN,NaN,NaN,NaN,NaN,NaN,NaN,NaN,NaN,NaN,NaN,NaN,NaN,NaN,NaN,NaN,NaN,NaN,NaN,NaN,
45.379,0.00046,-0.01894,0.12655,-0.47343,-0.03881,-0.27639,0.83545,NaN,NaN,NaN,NaN,NaN,NaN,NaN,NaN,NaN,NaN,NaN,NaN,NaN,NaN,NaN,NaN,NaN,NaN,NaN,NaN,NaN,
45.404,0.00019,-0.01903,0.12655,-0.47106,-0.04170,-0.27704,0.83643,NaN,NaN,NaN,NaN,NaN,NaN,NaN,NaN,NaN,NaN,NaN,NaN,NaN,NaN,NaN,NaN,NaN,NaN,NaN,NaN,NaN,
45.429,-0.00019,-0.01913,0.12656,-0.46811,-0.04599,-0.27731,0.83777,NaN,NaN,NaN,NaN,NaN,NaN,NaN,NaN,NaN,NaN,NaN,NaN,NaN,NaN,NaN,NaN,NaN,NaN,NaN,NaN,NaN,
45.454,-0.00057,-0.01923,0.12654,-0.46577,-0.04968,-0.27730,0.83887,NaN,NaN,NaN,NaN,NaN,NaN,NaN,NaN,NaN,NaN,NaN,NaN,NaN,NaN,NaN,NaN,NaN,NaN,NaN,NaN,NaN,
45.479,-0.00069,-0.01923,0.12657,-0.46477,-0.05123,-0.27731,0.83933,NaN,NaN,NaN,NaN,NaN,NaN,NaN,NaN,NaN,NaN,NaN,NaN,NaN,NaN,NaN,NaN,NaN,NaN,NaN,NaN,NaN,
45.504,-0.00083,-0.01927,0.12656,-0.46376,-0.05262,-0.27744,0.83975,NaN,NaN,NaN,NaN,NaN,NaN,NaN,NaN,NaN,NaN,NaN,NaN,NaN,NaN,NaN,NaN,NaN,NaN,NaN,NaN,NaN,
45.529,-0.00092,-0.01932,0.12661,-0.46316,-0.05360,-0.27740,0.84004,NaN,NaN,NaN,NaN,NaN,NaN,NaN,NaN,NaN,NaN,NaN,NaN,NaN,NaN,NaN,NaN,NaN,NaN,NaN,NaN,NaN,
45.554,-0.00102,-0.01919,0.12656,-0.46456,-0.05364,-0.27565,0.83983,NaN,NaN,NaN,NaN,NaN,NaN,NaN,NaN,NaN,NaN,NaN,NaN,NaN,NaN,NaN,NaN,NaN,NaN,NaN,NaN,NaN,
45.579,-0.00102,-0.01913,0.12667,-0.46540,-0.05285,-0.27526,0.83955,NaN,NaN,NaN,NaN,NaN,NaN,NaN,NaN,NaN,NaN,NaN,NaN,NaN,NaN,NaN,NaN,NaN,NaN,NaN,NaN,NaN,
45.604,-0.00104,-0.01911,0.12668,-0.46507,-0.05323,-0.27536,0.83967,NaN,NaN,NaN,NaN,NaN,NaN,NaN,NaN,NaN,NaN,NaN,NaN,NaN,NaN,NaN,NaN,NaN,NaN,NaN,NaN,NaN,
45.629,-0.00119,-0.01908,0.12668,-0.46497,-0.05414,-0.27477,0.83987,NaN,NaN,NaN,NaN,NaN,NaN,NaN,NaN,NaN,NaN,NaN,NaN,NaN,NaN,NaN,NaN,NaN,NaN,NaN,NaN,NaN,
45.654,-0.00137,-0.01905,0.12672,-0.46492,-0.05505,-0.27410,0.84005,NaN,NaN,NaN,NaN,NaN,NaN,NaN,NaN,NaN,NaN,NaN,NaN,NaN,NaN,NaN,NaN,NaN,NaN,NaN,NaN,NaN,
45.679,-0.00138,-0.01905,0.12675,-0.46506,-0.05514,-0.27386,0.84004,NaN,NaN,NaN,NaN,NaN,NaN,NaN,NaN,NaN,NaN,NaN,NaN,NaN,NaN,NaN,NaN,NaN,NaN,NaN,NaN,NaN,
45.704,-0.00136,-0.01905,0.12674,-0.46506,-0.05521,-0.27382,0.84006,NaN,NaN,NaN,NaN,NaN,NaN,NaN,NaN,NaN,NaN,NaN,NaN,NaN,NaN,NaN,NaN,NaN,NaN,NaN,NaN,NaN,
45.729,-0.00136,-0.01908,0.12676,-0.46500,-0.05519,-0.27390,0.84006,NaN,NaN,NaN,NaN,NaN,NaN,NaN,NaN,NaN,NaN,NaN,NaN,NaN,NaN,NaN,NaN,NaN,NaN,NaN,NaN,NaN,
45.754,-0.00135,-0.01907,0.12673,-0.46489,-0.05548,-0.27381,0.84013,NaN,NaN,NaN,NaN,NaN,NaN,NaN,NaN,NaN,NaN,NaN,NaN,NaN,NaN,NaN,NaN,NaN,NaN,NaN,NaN,NaN,
45.779,-0.00137,-0.01905,0.12676,-0.46462,-0.05566,-0.27399,0.84021,NaN,NaN,NaN,NaN,NaN,NaN,NaN,NaN,NaN,NaN,NaN,NaN,NaN,NaN,NaN,NaN,NaN,NaN,NaN,NaN,NaN,
45.804,-0.00138,-0.01907,0.12673,-0.46450,-0.05585,-0.27399,0.84027,NaN,NaN,NaN,NaN,NaN,NaN,NaN,NaN,NaN,NaN,NaN,NaN,NaN,NaN,NaN,NaN,NaN,NaN,NaN,NaN,NaN,
45.829,-0.00143,-0.01907,0.12673,-0.46420,-0.05612,-0.27415,0.84037,NaN,NaN,NaN,NaN,NaN,NaN,NaN,NaN,NaN,NaN,NaN,NaN,NaN,NaN,NaN,NaN,NaN,NaN,NaN,NaN,NaN,
45.854,-0.00146,-0.01908,0.12674,-0.46408,-0.05634,-0.27411,0.84043,NaN,NaN,NaN,NaN,NaN,NaN,NaN,NaN,NaN,NaN,NaN,NaN,NaN,NaN,NaN,NaN,NaN,NaN,NaN,NaN,NaN,
45.879,-0.00149,-0.01912,0.12674,-0.46390,-0.05661,-0.27412,0.84050,NaN,NaN,NaN,NaN,NaN,NaN,NaN,NaN,NaN,NaN,NaN,NaN,NaN,NaN,NaN,NaN,NaN,NaN,NaN,NaN,NaN,
45.904,-0.00148,-0.01912,0.12673,-0.46371,-0.05698,-0.27407,0.84060,NaN,NaN,NaN,NaN,NaN,NaN,NaN,NaN,NaN,NaN,NaN,NaN,NaN,NaN,NaN,NaN,NaN,NaN,NaN,NaN,NaN,
45.929,-0.00151,-0.01913,0.12673,-0.46338,-0.05739,-0.27414,0.84073,NaN,NaN,NaN,NaN,NaN,NaN,NaN,NaN,NaN,NaN,NaN,NaN,NaN,NaN,NaN,NaN,NaN,NaN,NaN,NaN,NaN,
45.954,-0.00159,-0.01909,0.12669,-0.46298,-0.05809,-0.27408,0.84093,NaN,NaN,NaN,NaN,NaN,NaN,NaN,NaN,NaN,NaN,NaN,NaN,NaN,NaN,NaN,NaN,NaN,NaN,NaN,NaN,NaN,
45.979,-0.00168,-0.01907,0.12679,-0.46296,-0.05822,-0.27399,0.84096,NaN,NaN,NaN,NaN,NaN,NaN,NaN,NaN,NaN,NaN,NaN,NaN,NaN,NaN,NaN,NaN,NaN,NaN,NaN,NaN,NaN,
46.004,-0.00180,-0.01900,0.12675,-0.46218,-0.05976,-0.27372,0.84136,NaN,NaN,NaN,NaN,NaN,NaN,NaN,NaN,NaN,NaN,NaN,NaN,NaN,NaN,NaN,NaN,NaN,NaN,NaN,NaN,NaN,
46.029,-0.00203,-0.01908,0.12676,-0.46077,-0.06208,-0.27360,0.84201,NaN,NaN,NaN,NaN,NaN,NaN,NaN,NaN,NaN,NaN,NaN,NaN,NaN,NaN,NaN,NaN,NaN,NaN,NaN,NaN,NaN,
46.054,-0.00222,-0.01911,0.12675,-0.45973,-0.06423,-0.27315,0.84256,NaN,NaN,NaN,NaN,NaN,NaN,NaN,NaN,NaN,NaN,NaN,NaN,NaN,NaN,NaN,NaN,NaN,NaN,NaN,NaN,NaN,
46.079,-0.00230,-0.01912,0.12678,-0.45926,-0.06513,-0.27300,0.84280,NaN,NaN,NaN,NaN,NaN,NaN,NaN,NaN,NaN,NaN,NaN,NaN,NaN,NaN,NaN,NaN,NaN,NaN,NaN,NaN,NaN,
46.104,-0.00236,-0.01915,0.12679,-0.45882,-0.06583,-0.27298,0.84299,NaN,NaN,NaN,NaN,NaN,NaN,NaN,NaN,NaN,NaN,NaN,NaN,NaN,NaN,NaN,NaN,NaN,NaN,NaN,NaN,NaN,
46.130,-0.00242,-0.01912,0.12681,-0.45855,-0.06622,-0.27300,0.84310,NaN,NaN,NaN,NaN,NaN,NaN,NaN,NaN,NaN,NaN,NaN,NaN,NaN,NaN,NaN,NaN,NaN,NaN,NaN,NaN,NaN,
46.154,-0.00246,-0.01913,0.12681,-0.45781,-0.06684,-0.27340,0.84333,NaN,NaN,NaN,NaN,NaN,NaN,NaN,NaN,NaN,NaN,NaN,NaN,NaN,NaN,NaN,NaN,NaN,NaN,NaN,NaN,NaN,
46.179,-0.00251,-0.01914,0.12682,-0.45706,-0.06755,-0.27373,0.84356,NaN,NaN,NaN,NaN,NaN,NaN,NaN,NaN,NaN,NaN,NaN,NaN,NaN,NaN,NaN,NaN,NaN,NaN,NaN,NaN,NaN,
46.204,-0.00258,-0.01919,0.12685,-0.45619,-0.06886,-0.27374,0.84393,NaN,NaN,NaN,NaN,NaN,NaN,NaN,NaN,NaN,NaN,NaN,NaN,NaN,NaN,NaN,NaN,NaN,NaN,NaN,NaN,NaN,
46.229,-0.00273,-0.01920,0.12683,-0.45552,-0.07040,-0.27331,0.84430,NaN,NaN,NaN,NaN,NaN,NaN,NaN,NaN,NaN,NaN,NaN,NaN,NaN,NaN,NaN,NaN,NaN,NaN,NaN,NaN,NaN,
46.254,-0.00280,-0.01921,0.12686,-0.45502,-0.07125,-0.27324,0.84452,NaN,NaN,NaN,NaN,NaN,NaN,NaN,NaN,NaN,NaN,NaN,NaN,NaN,NaN,NaN,NaN,NaN,NaN,NaN,NaN,NaN,
46.279,-0.00293,-0.01916,0.12683,-0.45449,-0.07213,-0.27317,0.84475,NaN,NaN,NaN,NaN,NaN,NaN,NaN,NaN,NaN,NaN,NaN,NaN,NaN,NaN,NaN,NaN,NaN,NaN,NaN,NaN,NaN,
46.304,-0.00300,-0.01914,0.12688,-0.45390,-0.07256,-0.27354,0.84492,NaN,NaN,NaN,NaN,NaN,NaN,NaN,NaN,NaN,NaN,NaN,NaN,NaN,NaN,NaN,NaN,NaN,NaN,NaN,NaN,NaN,
46.329,-0.00306,-0.01916,0.12693,-0.45355,-0.07305,-0.27357,0.84505,NaN,NaN,NaN,NaN,NaN,NaN,NaN,NaN,NaN,NaN,NaN,NaN,NaN,NaN,NaN,NaN,NaN,NaN,NaN,NaN,NaN,
46.354,-0.00306,-0.01915,0.12693,-0.45341,-0.07336,-0.27349,0.84513,NaN,NaN,NaN,NaN,NaN,NaN,NaN,NaN,NaN,NaN,NaN,NaN,NaN,NaN,NaN,NaN,NaN,NaN,NaN,NaN,NaN,
46.379,-0.00307,-0.01913,0.12690,-0.45332,-0.07366,-0.27336,0.84519,NaN,NaN,NaN,NaN,NaN,NaN,NaN,NaN,NaN,NaN,NaN,NaN,NaN,NaN,NaN,NaN,NaN,NaN,NaN,NaN,NaN,
46.404,-0.00312,-0.01914,0.12692,-0.45290,-0.07425,-0.27338,0.84536,NaN,NaN,NaN,NaN,NaN,NaN,NaN,NaN,NaN,NaN,NaN,NaN,NaN,NaN,NaN,NaN,NaN,NaN,NaN,NaN,NaN,
46.429,-0.00322,-0.01910,0.12692,-0.45258,-0.07499,-0.27318,0.84553,NaN,NaN,NaN,NaN,NaN,NaN,NaN,NaN,NaN,NaN,NaN,NaN,NaN,NaN,NaN,NaN,NaN,NaN,NaN,NaN,NaN,
46.454,-0.00326,-0.01908,0.12689,-0.45219,-0.07555,-0.27320,0.84568,NaN,NaN,NaN,NaN,NaN,NaN,NaN,NaN,NaN,NaN,NaN,NaN,NaN,NaN,NaN,NaN,NaN,NaN,NaN,NaN,NaN,
46.479,-0.00330,-0.01910,0.12692,-0.45198,-0.07600,-0.27309,0.84579,NaN,NaN,NaN,NaN,NaN,NaN,NaN,NaN,NaN,NaN,NaN,NaN,NaN,NaN,NaN,NaN,NaN,NaN,NaN,NaN,NaN,
46.504,-0.00338,-0.01914,0.12691,-0.45169,-0.07682,-0.27277,0.84597,NaN,NaN,NaN,NaN,NaN,NaN,NaN,NaN,NaN,NaN,NaN,NaN,NaN,NaN,NaN,NaN,NaN,NaN,NaN,NaN,NaN,
46.529,-0.00339,-0.01916,0.12690,-0.45168,-0.07701,-0.27264,0.84601,NaN,NaN,NaN,NaN,NaN,NaN,NaN,NaN,NaN,NaN,NaN,NaN,NaN,NaN,NaN,NaN,NaN,NaN,NaN,NaN,NaN,
46.554,-0.00340,-0.01915,0.12690,-0.45157,-0.07705,-0.27272,0.84603,NaN,NaN,NaN,NaN,NaN,NaN,NaN,NaN,NaN,NaN,NaN,NaN,NaN,NaN,NaN,NaN,NaN,NaN,NaN,NaN,NaN,
46.579,-0.00341,-0.01914,0.12692,-0.45101,-0.07737,-0.27315,0.84616,NaN,NaN,NaN,NaN,NaN,NaN,NaN,NaN,NaN,NaN,NaN,NaN,NaN,NaN,NaN,NaN,NaN,NaN,NaN,NaN,NaN,
46.604,-0.00347,-0.01914,0.12694,-0.45034,-0.07827,-0.27324,0.84641,NaN,NaN,NaN,NaN,NaN,NaN,NaN,NaN,NaN,NaN,NaN,NaN,NaN,NaN,NaN,NaN,NaN,NaN,NaN,NaN,NaN,
46.629,-0.00362,-0.01911,0.12693,-0.44971,-0.07959,-0.27292,0.84672,NaN,NaN,NaN,NaN,NaN,NaN,NaN,NaN,NaN,NaN,NaN,NaN,NaN,NaN,NaN,NaN,NaN,NaN,NaN,NaN,NaN,
46.654,-0.00373,-0.01915,0.12692,-0.44922,-0.08049,-0.27278,0.84694,NaN,NaN,NaN,NaN,NaN,NaN,NaN,NaN,NaN,NaN,NaN,NaN,NaN,NaN,NaN,NaN,NaN,NaN,NaN,NaN,NaN,
46.679,-0.00371,-0.01913,0.12703,-0.44995,-0.08012,-0.27220,0.84678,NaN,NaN,NaN,NaN,NaN,NaN,NaN,NaN,NaN,NaN,NaN,NaN,NaN,NaN,NaN,NaN,NaN,NaN,NaN,NaN,NaN,
46.704,-0.00372,-0.01895,0.12700,-0.45234,-0.07913,-0.27011,0.84627,NaN,NaN,NaN,NaN,NaN,NaN,NaN,NaN,NaN,NaN,NaN,NaN,NaN,NaN,NaN,NaN,NaN,NaN,NaN,NaN,NaN,
46.729,-0.00381,-0.01890,0.12703,-0.45265,-0.07915,-0.26972,0.84622,NaN,NaN,NaN,NaN,NaN,NaN,NaN,NaN,NaN,NaN,NaN,NaN,NaN,NaN,NaN,NaN,NaN,NaN,NaN,NaN,NaN,
46.754,-0.00392,-0.01887,0.12705,-0.45277,-0.07958,-0.26923,0.84628,NaN,NaN,NaN,NaN,NaN,NaN,NaN,NaN,NaN,NaN,NaN,NaN,NaN,NaN,NaN,NaN,NaN,NaN,NaN,NaN,NaN,
46.779,-0.00406,-0.01878,0.12706,-0.45417,-0.07943,-0.26764,0.84604,NaN,NaN,NaN,NaN,NaN,NaN,NaN,NaN,NaN,NaN,NaN,NaN,NaN,NaN,NaN,NaN,NaN,NaN,NaN,NaN,NaN,
46.804,-0.00399,-0.01866,0.12717,-0.45597,-0.07817,-0.26648,0.84556,NaN,NaN,NaN,NaN,NaN,NaN,NaN,NaN,NaN,NaN,NaN,NaN,NaN,NaN,NaN,NaN,NaN,NaN,NaN,NaN,NaN,
46.829,-0.00393,-0.01863,0.12723,-0.45666,-0.07761,-0.26608,0.84536,NaN,NaN,NaN,NaN,NaN,NaN,NaN,NaN,NaN,NaN,NaN,NaN,NaN,NaN,NaN,NaN,NaN,NaN,NaN,NaN,NaN,
46.854,-0.00393,-0.01864,0.12724,-0.45700,-0.07726,-0.26597,0.84525,NaN,NaN,NaN,NaN,NaN,NaN,NaN,NaN,NaN,NaN,NaN,NaN,NaN,NaN,NaN,NaN,NaN,NaN,NaN,NaN,NaN,
46.879,-0.00391,-0.01861,0.12731,-0.45738,-0.07678,-0.26589,0.84511,NaN,NaN,NaN,NaN,NaN,NaN,NaN,NaN,NaN,NaN,NaN,NaN,NaN,NaN,NaN,NaN,NaN,NaN,NaN,NaN,NaN,
46.904,-0.00391,-0.01845,0.12731,-0.45934,-0.07565,-0.26442,0.84461,NaN,NaN,NaN,NaN,NaN,NaN,NaN,NaN,NaN,NaN,NaN,NaN,NaN,NaN,NaN,NaN,NaN,NaN,NaN,NaN,NaN,
46.929,-0.00395,-0.01830,0.12736,-0.46081,-0.07460,-0.26346,0.84420,NaN,NaN,NaN,NaN,NaN,NaN,NaN,NaN,NaN,NaN,NaN,NaN,NaN,NaN,NaN,NaN,NaN,NaN,NaN,NaN,NaN,
46.954,-0.00401,-0.01825,0.12740,-0.46159,-0.07450,-0.26258,0.84406,NaN,NaN,NaN,NaN,NaN,NaN,NaN,NaN,NaN,NaN,NaN,NaN,NaN,NaN,NaN,NaN,NaN,NaN,NaN,NaN,NaN,
46.979,-0.00410,-0.01825,0.12742,-0.46138,-0.07539,-0.26213,0.84424,NaN,NaN,NaN,NaN,NaN,NaN,NaN,NaN,NaN,NaN,NaN,NaN,NaN,NaN,NaN,NaN,NaN,NaN,NaN,NaN,NaN,
47.004,-0.00413,-0.01814,0.12734,-0.46268,-0.07528,-0.26061,0.84400,NaN,NaN,NaN,NaN,NaN,NaN,NaN,NaN,NaN,NaN,NaN,NaN,NaN,NaN,NaN,NaN,NaN,NaN,NaN,NaN,NaN,
47.029,-0.00409,-0.01808,0.12747,-0.46414,-0.07394,-0.25990,0.84354,NaN,NaN,NaN,NaN,NaN,NaN,NaN,NaN,NaN,NaN,NaN,NaN,NaN,NaN,NaN,NaN,NaN,NaN,NaN,NaN,NaN,
47.054,-0.00412,-0.01804,0.12750,-0.46482,-0.07352,-0.25940,0.84335,NaN,NaN,NaN,NaN,NaN,NaN,NaN,NaN,NaN,NaN,NaN,NaN,NaN,NaN,NaN,NaN,NaN,NaN,NaN,NaN,NaN,
47.079,-0.00415,-0.01797,0.12755,-0.46505,-0.07352,-0.25912,0.84332,NaN,NaN,NaN,NaN,NaN,NaN,NaN,NaN,NaN,NaN,NaN,NaN,NaN,NaN,NaN,NaN,NaN,NaN,NaN,NaN,NaN,
47.104,-0.00421,-0.01794,0.12757,-0.46520,-0.07389,-0.25864,0.84335,NaN,NaN,NaN,NaN,NaN,NaN,NaN,NaN,NaN,NaN,NaN,NaN,NaN,NaN,NaN,NaN,NaN,NaN,NaN,NaN,NaN,
47.129,-0.00425,-0.01783,0.12755,-0.46596,-0.07399,-0.25761,0.84323,NaN,NaN,NaN,NaN,NaN,NaN,NaN,NaN,NaN,NaN,NaN,NaN,NaN,NaN,NaN,NaN,NaN,NaN,NaN,NaN,NaN,
47.154,-0.00430,-0.01786,0.12761,-0.46654,-0.07387,-0.25699,0.84311,NaN,NaN,NaN,NaN,NaN,NaN,NaN,NaN,NaN,NaN,NaN,NaN,NaN,NaN,NaN,NaN,NaN,NaN,NaN,NaN,NaN,
47.179,-0.00438,-0.01785,0.12760,-0.46633,-0.07459,-0.25666,0.84327,NaN,NaN,NaN,NaN,NaN,NaN,NaN,NaN,NaN,NaN,NaN,NaN,NaN,NaN,NaN,NaN,NaN,NaN,NaN,NaN,NaN,
47.204,-0.00440,-0.01781,0.12762,-0.46615,-0.07487,-0.25665,0.84334,NaN,NaN,NaN,NaN,NaN,NaN,NaN,NaN,NaN,NaN,NaN,NaN,NaN,NaN,NaN,NaN,NaN,NaN,NaN,NaN,NaN,
47.229,-0.00444,-0.01776,0.12764,-0.46558,-0.07567,-0.25671,0.84357,NaN,NaN,NaN,NaN,NaN,NaN,NaN,NaN,NaN,NaN,NaN,NaN,NaN,NaN,NaN,NaN,NaN,NaN,NaN,NaN,NaN,
47.254,-0.00456,-0.01770,0.12767,-0.46533,-0.07649,-0.25635,0.84375,NaN,NaN,NaN,NaN,NaN,NaN,NaN,NaN,NaN,NaN,NaN,NaN,NaN,NaN,NaN,NaN,NaN,NaN,NaN,NaN,NaN,
47.279,-0.00470,-0.01770,0.12766,-0.46465,-0.07818,-0.25579,0.84413,NaN,NaN,NaN,NaN,NaN,NaN,NaN,NaN,NaN,NaN,NaN,NaN,NaN,NaN,NaN,NaN,NaN,NaN,NaN,NaN,NaN,
47.304,-0.00484,-0.01765,0.12762,-0.46426,-0.07961,-0.25510,0.84442,NaN,NaN,NaN,NaN,NaN,NaN,NaN,NaN,NaN,NaN,NaN,NaN,NaN,NaN,NaN,NaN,NaN,NaN,NaN,NaN,NaN,
47.329,-0.00488,-0.01767,0.12761,-0.46397,-0.08031,-0.25488,0.84458,NaN,NaN,NaN,NaN,NaN,NaN,NaN,NaN,NaN,NaN,NaN,NaN,NaN,NaN,NaN,NaN,NaN,NaN,NaN,NaN,NaN,
47.354,-0.00497,-0.01767,0.12762,-0.46342,-0.08143,-0.25464,0.84485,NaN,NaN,NaN,NaN,NaN,NaN,NaN,NaN,NaN,NaN,NaN,NaN,NaN,NaN,NaN,NaN,NaN,NaN,NaN,NaN,NaN,
47.379,-0.00512,-0.01764,0.12762,-0.46312,-0.08237,-0.25423,0.84504,NaN,NaN,NaN,NaN,NaN,NaN,NaN,NaN,NaN,NaN,NaN,NaN,NaN,NaN,NaN,NaN,NaN,NaN,NaN,NaN,NaN,
47.404,-0.00518,-0.01754,0.12766,-0.46302,-0.08296,-0.25387,0.84515,NaN,NaN,NaN,NaN,NaN,NaN,NaN,NaN,NaN,NaN,NaN,NaN,NaN,NaN,NaN,NaN,NaN,NaN,NaN,NaN,NaN,
47.429,-0.00532,-0.01757,0.12772,-0.46218,-0.08425,-0.25383,0.84549,NaN,NaN,NaN,NaN,NaN,NaN,NaN,NaN,NaN,NaN,NaN,NaN,NaN,NaN,NaN,NaN,NaN,NaN,NaN,NaN,NaN,
47.454,-0.00539,-0.01750,0.12767,-0.46204,-0.08538,-0.25307,0.84569,NaN,NaN,NaN,NaN,NaN,NaN,NaN,NaN,NaN,NaN,NaN,NaN,NaN,NaN,NaN,NaN,NaN,NaN,NaN,NaN,NaN,
47.479,-0.00547,-0.01750,0.12770,-0.46177,-0.08616,-0.25276,0.84585,NaN,NaN,NaN,NaN,NaN,NaN,NaN,NaN,NaN,NaN,NaN,NaN,NaN,NaN,NaN,NaN,NaN,NaN,NaN,NaN,NaN,
47.504,-0.00553,-0.01748,0.12769,-0.46209,-0.08678,-0.25185,0.84588,NaN,NaN,NaN,NaN,NaN,NaN,NaN,NaN,NaN,NaN,NaN,NaN,NaN,NaN,NaN,NaN,NaN,NaN,NaN,NaN,NaN,
47.529,-0.00559,-0.01748,0.12772,-0.46176,-0.08724,-0.25187,0.84601,NaN,NaN,NaN,NaN,NaN,NaN,NaN,NaN,NaN,NaN,NaN,NaN,NaN,NaN,NaN,NaN,NaN,NaN,NaN,NaN,NaN,
47.554,-0.00564,-0.01742,0.12773,-0.46146,-0.08763,-0.25191,0.84612,NaN,NaN,NaN,NaN,NaN,NaN,NaN,NaN,NaN,NaN,NaN,NaN,NaN,NaN,NaN,NaN,NaN,NaN,NaN,NaN,NaN,
47.579,-0.00574,-0.01741,0.12776,-0.46083,-0.08866,-0.25183,0.84638,NaN,NaN,NaN,NaN,NaN,NaN,NaN,NaN,NaN,NaN,NaN,NaN,NaN,NaN,NaN,NaN,NaN,NaN,NaN,NaN,NaN,
47.604,-0.00589,-0.01736,0.12778,-0.46059,-0.08973,-0.25124,0.84657,NaN,NaN,NaN,NaN,NaN,NaN,NaN,NaN,NaN,NaN,NaN,NaN,NaN,NaN,NaN,NaN,NaN,NaN,NaN,NaN,NaN,
47.629,-0.00594,-0.01734,0.12781,-0.46032,-0.09049,-0.25093,0.84673,NaN,NaN,NaN,NaN,NaN,NaN,NaN,NaN,NaN,NaN,NaN,NaN,NaN,NaN,NaN,NaN,NaN,NaN,NaN,NaN,NaN,
47.654,-0.00593,-0.01732,0.12779,-0.46026,-0.09093,-0.25065,0.84680,NaN,NaN,NaN,NaN,NaN,NaN,NaN,NaN,NaN,NaN,NaN,NaN,NaN,NaN,NaN,NaN,NaN,NaN,NaN,NaN,NaN,
47.679,-0.00595,-0.01734,0.12783,-0.45998,-0.09140,-0.25060,0.84692,NaN,NaN,NaN,NaN,NaN,NaN,NaN,NaN,NaN,NaN,NaN,NaN,NaN,NaN,NaN,NaN,NaN,NaN,NaN,NaN,NaN,
47.704,-0.00602,-0.01731,0.12783,-0.45955,-0.09210,-0.25054,0.84709,NaN,NaN,NaN,NaN,NaN,NaN,NaN,NaN,NaN,NaN,NaN,NaN,NaN,NaN,NaN,NaN,NaN,NaN,NaN,NaN,NaN,
47.729,-0.00605,-0.01725,0.12781,-0.45950,-0.09250,-0.25026,0.84715,NaN,NaN,NaN,NaN,NaN,NaN,NaN,NaN,NaN,NaN,NaN,NaN,NaN,NaN,NaN,NaN,NaN,NaN,NaN,NaN,NaN,
47.754,-0.00615,-0.01720,0.12784,-0.45910,-0.09345,-0.24997,0.84736,NaN,NaN,NaN,NaN,NaN,NaN,NaN,NaN,NaN,NaN,NaN,NaN,NaN,NaN,NaN,NaN,NaN,NaN,NaN,NaN,NaN,
47.779,-0.00629,-0.01725,0.12788,-0.45838,-0.09452,-0.24995,0.84763,NaN,NaN,NaN,NaN,NaN,NaN,NaN,NaN,NaN,NaN,NaN,NaN,NaN,NaN,NaN,NaN,NaN,NaN,NaN,NaN,NaN,
47.804,-0.00632,-0.01721,0.12788,-0.45822,-0.09513,-0.24964,0.84774,NaN,NaN,NaN,NaN,NaN,NaN,NaN,NaN,NaN,NaN,NaN,NaN,NaN,NaN,NaN,NaN,NaN,NaN,NaN,NaN,NaN,
47.829,-0.00633,-0.01719,0.12788,-0.45834,-0.09533,-0.24932,0.84775,NaN,NaN,NaN,NaN,NaN,NaN,NaN,NaN,NaN,NaN,NaN,NaN,NaN,NaN,NaN,NaN,NaN,NaN,NaN,NaN,NaN,
47.854,-0.00638,-0.01715,0.12788,-0.45793,-0.09615,-0.24913,0.84793,NaN,NaN,NaN,NaN,NaN,NaN,NaN,NaN,NaN,NaN,NaN,NaN,NaN,NaN,NaN,NaN,NaN,NaN,NaN,NaN,NaN,
47.879,-0.00649,-0.01709,0.12794,-0.45759,-0.09682,-0.24899,0.84808,NaN,NaN,NaN,NaN,NaN,NaN,NaN,NaN,NaN,NaN,NaN,NaN,NaN,NaN,NaN,NaN,NaN,NaN,NaN,NaN,NaN,
47.904,-0.00656,-0.01703,0.12792,-0.45728,-0.09779,-0.24856,0.84827,NaN,NaN,NaN,NaN,NaN,NaN,NaN,NaN,NaN,NaN,NaN,NaN,NaN,NaN,NaN,NaN,NaN,NaN,NaN,NaN,NaN,
47.929,-0.00666,-0.01705,0.12794,-0.45667,-0.09901,-0.24828,0.84853,NaN,NaN,NaN,NaN,NaN,NaN,NaN,NaN,NaN,NaN,NaN,NaN,NaN,NaN,NaN,NaN,NaN,NaN,NaN,NaN,NaN,
47.954,-0.00680,-0.01707,0.12793,-0.45604,-0.10055,-0.24775,0.84885,NaN,NaN,NaN,NaN,NaN,NaN,NaN,NaN,NaN,NaN,NaN,NaN,NaN,NaN,NaN,NaN,NaN,NaN,NaN,NaN,NaN,
47.979,-0.00692,-0.01709,0.12792,-0.45566,-0.10156,-0.24736,0.84904,NaN,NaN,NaN,NaN,NaN,NaN,NaN,NaN,NaN,NaN,NaN,NaN,NaN,NaN,NaN,NaN,NaN,NaN,NaN,NaN,NaN,
48.004,-0.00691,-0.01709,0.12791,-0.45529,-0.10213,-0.24733,0.84918,NaN,NaN,NaN,NaN,NaN,NaN,NaN,NaN,NaN,NaN,NaN,NaN,NaN,NaN,NaN,NaN,NaN,NaN,NaN,NaN,NaN,
48.029,-0.00694,-0.01707,0.12794,-0.45470,-0.10271,-0.24757,0.84936,NaN,NaN,NaN,NaN,NaN,NaN,NaN,NaN,NaN,NaN,NaN,NaN,NaN,NaN,NaN,NaN,NaN,NaN,NaN,NaN,NaN,
48.054,-0.00700,-0.01707,0.12795,-0.45361,-0.10390,-0.24791,0.84970,NaN,NaN,NaN,NaN,NaN,NaN,NaN,NaN,NaN,NaN,NaN,NaN,NaN,NaN,NaN,NaN,NaN,NaN,NaN,NaN,NaN,
48.079,-0.00709,-0.01705,0.12799,-0.45293,-0.10483,-0.24795,0.84993,NaN,NaN,NaN,NaN,NaN,NaN,NaN,NaN,NaN,NaN,NaN,NaN,NaN,NaN,NaN,NaN,NaN,NaN,NaN,NaN,NaN,
48.104,-0.00718,-0.01704,0.12794,-0.45175,-0.10668,-0.24783,0.85037,NaN,NaN,NaN,NaN,NaN,NaN,NaN,NaN,NaN,NaN,NaN,NaN,NaN,NaN,NaN,NaN,NaN,NaN,NaN,NaN,NaN,
48.129,-0.00734,-0.01713,0.12793,-0.44978,-0.10908,-0.24821,0.85100,NaN,NaN,NaN,NaN,NaN,NaN,NaN,NaN,NaN,NaN,NaN,NaN,NaN,NaN,NaN,NaN,NaN,NaN,NaN,NaN,NaN,
48.154,-0.00739,-0.01718,0.12787,-0.44872,-0.11101,-0.24785,0.85141,NaN,NaN,NaN,NaN,NaN,NaN,NaN,NaN,NaN,NaN,NaN,NaN,NaN,NaN,NaN,NaN,NaN,NaN,NaN,NaN,NaN,
48.179,-0.00756,-0.01717,0.12790,-0.44800,-0.11212,-0.24780,0.85166,NaN,NaN,NaN,NaN,NaN,NaN,NaN,NaN,NaN,NaN,NaN,NaN,NaN,NaN,NaN,NaN,NaN,NaN,NaN,NaN,NaN,
48.204,-0.00758,-0.01716,0.12791,-0.44741,-0.11310,-0.24768,0.85188,NaN,NaN,NaN,NaN,NaN,NaN,NaN,NaN,NaN,NaN,NaN,NaN,NaN,NaN,NaN,NaN,NaN,NaN,NaN,NaN,NaN,
48.229,-0.00773,-0.01714,0.12794,-0.44675,-0.11433,-0.24743,0.85213,NaN,NaN,NaN,NaN,NaN,NaN,NaN,NaN,NaN,NaN,NaN,NaN,NaN,NaN,NaN,NaN,NaN,NaN,NaN,NaN,NaN,
48.254,-0.00781,-0.01710,0.12796,-0.44621,-0.11530,-0.24725,0.85233,NaN,NaN,NaN,NaN,NaN,NaN,NaN,NaN,NaN,NaN,NaN,NaN,NaN,NaN,NaN,NaN,NaN,NaN,NaN,NaN,NaN,
48.279,-0.00787,-0.01710,0.12796,-0.44589,-0.11591,-0.24711,0.85246,NaN,NaN,NaN,NaN,NaN,NaN,NaN,NaN,NaN,NaN,NaN,NaN,NaN,NaN,NaN,NaN,NaN,NaN,NaN,NaN,NaN,
48.304,-0.00780,-0.01707,0.12799,-0.44638,-0.11604,-0.24640,0.85239,NaN,NaN,NaN,NaN,NaN,NaN,NaN,NaN,NaN,NaN,NaN,NaN,NaN,NaN,NaN,NaN,NaN,NaN,NaN,NaN,NaN,
48.329,-0.00789,-0.01703,0.12795,-0.44604,-0.11714,-0.24587,0.85257,NaN,NaN,NaN,NaN,NaN,NaN,NaN,NaN,NaN,NaN,NaN,NaN,NaN,NaN,NaN,NaN,NaN,NaN,NaN,NaN,NaN,
48.354,-0.00800,-0.01705,0.12794,-0.44550,-0.11808,-0.24573,0.85277,NaN,NaN,NaN,NaN,NaN,NaN,NaN,NaN,NaN,NaN,NaN,NaN,NaN,NaN,NaN,NaN,NaN,NaN,NaN,NaN,NaN,
48.379,-0.00804,-0.01701,0.12802,-0.44557,-0.11798,-0.24572,0.85274,NaN,NaN,NaN,NaN,NaN,NaN,NaN,NaN,NaN,NaN,NaN,NaN,NaN,NaN,NaN,NaN,NaN,NaN,NaN,NaN,NaN,
48.404,-0.00810,-0.01695,0.12799,-0.44563,-0.11851,-0.24519,0.85279,NaN,NaN,NaN,NaN,NaN,NaN,NaN,NaN,NaN,NaN,NaN,NaN,NaN,NaN,NaN,NaN,NaN,NaN,NaN,NaN,NaN,
48.429,-0.00821,-0.01693,0.12806,-0.44549,-0.11916,-0.24479,0.85289,NaN,NaN,NaN,NaN,NaN,NaN,NaN,NaN,NaN,NaN,NaN,NaN,NaN,NaN,NaN,NaN,NaN,NaN,NaN,NaN,NaN,
48.454,-0.00820,-0.01683,0.12804,-0.44643,-0.11914,-0.24365,0.85273,NaN,NaN,NaN,NaN,NaN,NaN,NaN,NaN,NaN,NaN,NaN,NaN,NaN,NaN,NaN,NaN,NaN,NaN,NaN,NaN,NaN,
48.479,-0.00821,-0.01685,0.12810,-0.44628,-0.11953,-0.24350,0.85279,NaN,NaN,NaN,NaN,NaN,NaN,NaN,NaN,NaN,NaN,NaN,NaN,NaN,NaN,NaN,NaN,NaN,NaN,NaN,NaN,NaN,
48.504,-0.00827,-0.01681,0.12806,-0.44585,-0.12062,-0.24308,0.85299,NaN,NaN,NaN,NaN,NaN,NaN,NaN,NaN,NaN,NaN,NaN,NaN,NaN,NaN,NaN,NaN,NaN,NaN,NaN,NaN,NaN,
48.529,-0.00835,-0.01677,0.12809,-0.44564,-0.12119,-0.24284,0.85308,NaN,NaN,NaN,NaN,NaN,NaN,NaN,NaN,NaN,NaN,NaN,NaN,NaN,NaN,NaN,NaN,NaN,NaN,NaN,NaN,NaN,
48.554,-0.00841,-0.01671,0.12811,-0.44538,-0.12193,-0.24251,0.85320,NaN,NaN,NaN,NaN,NaN,NaN,NaN,NaN,NaN,NaN,NaN,NaN,NaN,NaN,NaN,NaN,NaN,NaN,NaN,NaN,NaN,
48.579,-0.00854,-0.01670,0.12812,-0.44525,-0.12288,-0.24184,0.85333,NaN,NaN,NaN,NaN,NaN,NaN,NaN,NaN,NaN,NaN,NaN,NaN,NaN,NaN,NaN,NaN,NaN,NaN,NaN,NaN,NaN,
48.604,-0.00860,-0.01663,0.12812,-0.44580,-0.12326,-0.24082,0.85327,NaN,NaN,NaN,NaN,NaN,NaN,NaN,NaN,NaN,NaN,NaN,NaN,NaN,NaN,NaN,NaN,NaN,NaN,NaN,NaN,NaN,
48.629,-0.00862,-0.01661,0.12815,-0.44617,-0.12340,-0.24024,0.85322,NaN,NaN,NaN,NaN,NaN,NaN,NaN,NaN,NaN,NaN,NaN,NaN,NaN,NaN,NaN,NaN,NaN,NaN,NaN,NaN,NaN,
48.654,-0.00869,-0.01657,0.12817,-0.44630,-0.12375,-0.23978,0.85323,NaN,NaN,NaN,NaN,NaN,NaN,NaN,NaN,NaN,NaN,NaN,NaN,NaN,NaN,NaN,NaN,NaN,NaN,NaN,NaN,NaN,
48.679,-0.00874,-0.01649,0.12824,-0.44627,-0.12401,-0.23959,0.85327,NaN,NaN,NaN,NaN,NaN,NaN,NaN,NaN,NaN,NaN,NaN,NaN,NaN,NaN,NaN,NaN,NaN,NaN,NaN,NaN,NaN,
48.704,-0.00881,-0.01643,0.12821,-0.44580,-0.12539,-0.23896,0.85349,NaN,NaN,NaN,NaN,NaN,NaN,NaN,NaN,NaN,NaN,NaN,NaN,NaN,NaN,NaN,NaN,NaN,NaN,NaN,NaN,NaN,
48.729,-0.00895,-0.01638,0.12826,-0.44577,-0.12629,-0.23820,0.85358,NaN,NaN,NaN,NaN,NaN,NaN,NaN,NaN,NaN,NaN,NaN,NaN,NaN,NaN,NaN,NaN,NaN,NaN,NaN,NaN,NaN,
48.754,-0.00897,-0.01634,0.12826,-0.44592,-0.12680,-0.23758,0.85360,NaN,NaN,NaN,NaN,NaN,NaN,NaN,NaN,NaN,NaN,NaN,NaN,NaN,NaN,NaN,NaN,NaN,NaN,NaN,NaN,NaN,
48.779,-0.00898,-0.01629,0.12827,-0.44608,-0.12718,-0.23703,0.85361,NaN,NaN,NaN,NaN,NaN,NaN,NaN,NaN,NaN,NaN,NaN,NaN,NaN,NaN,NaN,NaN,NaN,NaN,NaN,NaN,NaN,
48.804,-0.00904,-0.01630,0.12826,-0.44591,-0.12776,-0.23673,0.85370,NaN,NaN,NaN,NaN,NaN,NaN,NaN,NaN,NaN,NaN,NaN,NaN,NaN,NaN,NaN,NaN,NaN,NaN,NaN,NaN,NaN,
48.829,-0.00914,-0.01624,0.12827,-0.44527,-0.12889,-0.23653,0.85392,NaN,NaN,NaN,NaN,NaN,NaN,NaN,NaN,NaN,NaN,NaN,NaN,NaN,NaN,NaN,NaN,NaN,NaN,NaN,NaN,NaN,
48.854,-0.00929,-0.01626,0.12830,-0.44460,-0.12991,-0.23645,0.85413,NaN,NaN,NaN,NaN,NaN,NaN,NaN,NaN,NaN,NaN,NaN,NaN,NaN,NaN,NaN,NaN,NaN,NaN,NaN,NaN,NaN,
48.879,-0.00933,-0.01619,0.12832,-0.44470,-0.13039,-0.23591,0.85416,NaN,NaN,NaN,NaN,NaN,NaN,NaN,NaN,NaN,NaN,NaN,NaN,NaN,NaN,NaN,NaN,NaN,NaN,NaN,NaN,NaN,
48.904,-0.00937,-0.01621,0.12833,-0.44436,-0.13110,-0.23570,0.85428,NaN,NaN,NaN,NaN,NaN,NaN,NaN,NaN,NaN,NaN,NaN,NaN,NaN,NaN,NaN,NaN,NaN,NaN,NaN,NaN,NaN,
48.929,-0.00936,-0.01619,0.12835,-0.44423,-0.13153,-0.23548,0.85435,NaN,NaN,NaN,NaN,NaN,NaN,NaN,NaN,NaN,NaN,NaN,NaN,NaN,NaN,NaN,NaN,NaN,NaN,NaN,NaN,NaN,
48.954,-0.00940,-0.01616,0.12834,-0.44389,-0.13222,-0.23529,0.85447,NaN,NaN,NaN,NaN,NaN,NaN,NaN,NaN,NaN,NaN,NaN,NaN,NaN,NaN,NaN,NaN,NaN,NaN,NaN,NaN,NaN,
48.979,-0.00945,-0.01614,0.12833,-0.44361,-0.13287,-0.23506,0.85458,NaN,NaN,NaN,NaN,NaN,NaN,NaN,NaN,NaN,NaN,NaN,NaN,NaN,NaN,NaN,NaN,NaN,NaN,NaN,NaN,NaN,
49.004,-0.00951,-0.01611,0.12837,-0.44354,-0.13297,-0.23505,0.85460,NaN,NaN,NaN,NaN,NaN,NaN,NaN,NaN,NaN,NaN,NaN,NaN,NaN,NaN,NaN,NaN,NaN,NaN,NaN,NaN,NaN,
49.029,-0.00955,-0.01608,0.12837,-0.44398,-0.13287,-0.23460,0.85451,NaN,NaN,NaN,NaN,NaN,NaN,NaN,NaN,NaN,NaN,NaN,NaN,NaN,NaN,NaN,NaN,NaN,NaN,NaN,NaN,NaN,
49.054,-0.00956,-0.01603,0.12842,-0.44471,-0.13244,-0.23407,0.85434,NaN,NaN,NaN,NaN,NaN,NaN,NaN,NaN,NaN,NaN,NaN,NaN,NaN,NaN,NaN,NaN,NaN,NaN,NaN,NaN,NaN,
49.079,-0.00957,-0.01600,0.12841,-0.44545,-0.13222,-0.23335,0.85419,NaN,NaN,NaN,NaN,NaN,NaN,NaN,NaN,NaN,NaN,NaN,NaN,NaN,NaN,NaN,NaN,NaN,NaN,NaN,NaN,NaN,
49.104,-0.00954,-0.01594,0.12848,-0.44610,-0.13226,-0.23250,0.85408,NaN,NaN,NaN,NaN,NaN,NaN,NaN,NaN,NaN,NaN,NaN,NaN,NaN,NaN,NaN,NaN,NaN,NaN,NaN,NaN,NaN,
49.129,-0.00963,-0.01592,0.12848,-0.44566,-0.13327,-0.23215,0.85424,NaN,NaN,NaN,NaN,NaN,NaN,NaN,NaN,NaN,NaN,NaN,NaN,NaN,NaN,NaN,NaN,NaN,NaN,NaN,NaN,NaN,
49.154,-0.00970,-0.01584,0.12853,-0.44555,-0.13375,-0.23186,0.85431,NaN,NaN,NaN,NaN,NaN,NaN,NaN,NaN,NaN,NaN,NaN,NaN,NaN,NaN,NaN,NaN,NaN,NaN,NaN,NaN,NaN,
49.179,-0.00978,-0.01580,0.12855,-0.44524,-0.13436,-0.23171,0.85441,NaN,NaN,NaN,NaN,NaN,NaN,NaN,NaN,NaN,NaN,NaN,NaN,NaN,NaN,NaN,NaN,NaN,NaN,NaN,NaN,NaN,
49.204,-0.00976,-0.01574,0.12859,-0.44603,-0.13393,-0.23110,0.85423,NaN,NaN,NaN,NaN,NaN,NaN,NaN,NaN,NaN,NaN,NaN,NaN,NaN,NaN,NaN,NaN,NaN,NaN,NaN,NaN,NaN,
49.229,-0.00974,-0.01570,0.12855,-0.44653,-0.13395,-0.23046,0.85414,NaN,NaN,NaN,NaN,NaN,NaN,NaN,NaN,NaN,NaN,NaN,NaN,NaN,NaN,NaN,NaN,NaN,NaN,NaN,NaN,NaN,
49.254,-0.00977,-0.01563,0.12859,-0.44700,-0.13432,-0.22953,0.85409,NaN,NaN,NaN,NaN,NaN,NaN,NaN,NaN,NaN,NaN,NaN,NaN,NaN,NaN,NaN,NaN,NaN,NaN,NaN,NaN,NaN,
49.279,-0.00996,-0.01563,0.12859,-0.44636,-0.13601,-0.22883,0.85434,NaN,NaN,NaN,NaN,NaN,NaN,NaN,NaN,NaN,NaN,NaN,NaN,NaN,NaN,NaN,NaN,NaN,NaN,NaN,NaN,NaN,
49.304,-0.01004,-0.01562,0.12865,-0.44592,-0.13712,-0.22837,0.85452,NaN,NaN,NaN,NaN,NaN,NaN,NaN,NaN,NaN,NaN,NaN,NaN,NaN,NaN,NaN,NaN,NaN,NaN,NaN,NaN,NaN,
49.329,-0.01015,-0.01554,0.12864,-0.44545,-0.13821,-0.22798,0.85469,NaN,NaN,NaN,NaN,NaN,NaN,NaN,NaN,NaN,NaN,NaN,NaN,NaN,NaN,NaN,NaN,NaN,NaN,NaN,NaN,NaN,
49.354,-0.01019,-0.01547,0.12871,-0.44525,-0.13881,-0.22769,0.85478,NaN,NaN,NaN,NaN,NaN,NaN,NaN,NaN,NaN,NaN,NaN,NaN,NaN,NaN,NaN,NaN,NaN,NaN,NaN,NaN,NaN,
49.379,-0.01029,-0.01541,0.12869,-0.44458,-0.14042,-0.22708,0.85502,NaN,NaN,NaN,NaN,NaN,NaN,NaN,NaN,NaN,NaN,NaN,NaN,NaN,NaN,NaN,NaN,NaN,NaN,NaN,NaN,NaN,
49.404,-0.01048,-0.01544,0.12869,-0.44345,-0.14241,-0.22669,0.85538,NaN,NaN,NaN,NaN,NaN,NaN,NaN,NaN,NaN,NaN,NaN,NaN,NaN,NaN,NaN,NaN,NaN,NaN,NaN,NaN,NaN,
49.429,-0.01054,-0.01542,0.12868,-0.44331,-0.14346,-0.22591,0.85549,NaN,NaN,NaN,NaN,NaN,NaN,NaN,NaN,NaN,NaN,NaN,NaN,NaN,NaN,NaN,NaN,NaN,NaN,NaN,NaN,NaN,
49.454,-0.01059,-0.01541,0.12869,-0.44350,-0.14373,-0.22543,0.85547,NaN,NaN,NaN,NaN,NaN,NaN,NaN,NaN,NaN,NaN,NaN,NaN,NaN,NaN,NaN,NaN,NaN,NaN,NaN,NaN,NaN,
49.479,-0.01058,-0.01541,0.12871,-0.44317,-0.14428,-0.22535,0.85557,NaN,NaN,NaN,NaN,NaN,NaN,NaN,NaN,NaN,NaN,NaN,NaN,NaN,NaN,NaN,NaN,NaN,NaN,NaN,NaN,NaN,
49.504,-0.01067,-0.01540,0.12871,-0.44272,-0.14554,-0.22477,0.85574,NaN,NaN,NaN,NaN,NaN,NaN,NaN,NaN,NaN,NaN,NaN,NaN,NaN,NaN,NaN,NaN,NaN,NaN,NaN,NaN,NaN,
49.529,-0.01078,-0.01530,0.12875,-0.44236,-0.14684,-0.22403,0.85590,NaN,NaN,NaN,NaN,NaN,NaN,NaN,NaN,NaN,NaN,NaN,NaN,NaN,NaN,NaN,NaN,NaN,NaN,NaN,NaN,NaN,
49.554,-0.01090,-0.01521,0.12880,-0.44205,-0.14770,-0.22364,0.85602,NaN,NaN,NaN,NaN,NaN,NaN,NaN,NaN,NaN,NaN,NaN,NaN,NaN,NaN,NaN,NaN,NaN,NaN,NaN,NaN,NaN,
49.579,-0.01097,-0.01511,0.12880,-0.44182,-0.14890,-0.22284,0.85614,NaN,NaN,NaN,NaN,NaN,NaN,NaN,NaN,NaN,NaN,NaN,NaN,NaN,NaN,NaN,NaN,NaN,NaN,NaN,NaN,NaN,
49.604,-0.01113,-0.01508,0.12872,-0.44184,-0.15009,-0.22171,0.85621,NaN,NaN,NaN,NaN,NaN,NaN,NaN,NaN,NaN,NaN,NaN,NaN,NaN,NaN,NaN,NaN,NaN,NaN,NaN,NaN,NaN,
49.629,-0.01111,-0.01504,0.12880,-0.44234,-0.15020,-0.22098,0.85612,NaN,NaN,NaN,NaN,NaN,NaN,NaN,NaN,NaN,NaN,NaN,NaN,NaN,NaN,NaN,NaN,NaN,NaN,NaN,NaN,NaN,
49.654,-0.01113,-0.01499,0.12877,-0.44289,-0.15029,-0.22022,0.85602,NaN,NaN,NaN,NaN,NaN,NaN,NaN,NaN,NaN,NaN,NaN,NaN,NaN,NaN,NaN,NaN,NaN,NaN,NaN,NaN,NaN,
49.679,-0.01122,-0.01495,0.12882,-0.44285,-0.15076,-0.21984,0.85606,NaN,NaN,NaN,NaN,NaN,NaN,NaN,NaN,NaN,NaN,NaN,NaN,NaN,NaN,NaN,NaN,NaN,NaN,NaN,NaN,NaN,
49.704,-0.01133,-0.01489,0.12885,-0.44259,-0.15182,-0.21919,0.85617,NaN,NaN,NaN,NaN,NaN,NaN,NaN,NaN,NaN,NaN,NaN,NaN,NaN,NaN,NaN,NaN,NaN,NaN,NaN,NaN,NaN,
49.729,-0.01141,-0.01480,0.12891,-0.44278,-0.15221,-0.21858,0.85615,NaN,NaN,NaN,NaN,NaN,NaN,NaN,NaN,NaN,NaN,NaN,NaN,NaN,NaN,NaN,NaN,NaN,NaN,NaN,NaN,NaN,
49.754,-0.01140,-0.01476,0.12892,-0.44335,-0.15208,-0.21798,0.85603,NaN,NaN,NaN,NaN,NaN,NaN,NaN,NaN,NaN,NaN,NaN,NaN,NaN,NaN,NaN,NaN,NaN,NaN,NaN,NaN,NaN,
49.779,-0.01138,-0.01469,0.12892,-0.44393,-0.15209,-0.21724,0.85592,NaN,NaN,NaN,NaN,NaN,NaN,NaN,NaN,NaN,NaN,NaN,NaN,NaN,NaN,NaN,NaN,NaN,NaN,NaN,NaN,NaN,
49.804,-0.01139,-0.01460,0.12895,-0.44419,-0.15290,-0.21617,0.85591,NaN,NaN,NaN,NaN,NaN,NaN,NaN,NaN,NaN,NaN,NaN,NaN,NaN,NaN,NaN,NaN,NaN,NaN,NaN,NaN,NaN,
49.829,-0.01162,-0.01455,0.12890,-0.44325,-0.15520,-0.21522,0.85622,NaN,NaN,NaN,NaN,NaN,NaN,NaN,NaN,NaN,NaN,NaN,NaN,NaN,NaN,NaN,NaN,NaN,NaN,NaN,NaN,NaN,
49.854,-0.01176,-0.01450,0.12890,-0.44296,-0.15631,-0.21456,0.85634,NaN,NaN,NaN,NaN,NaN,NaN,NaN,NaN,NaN,NaN,NaN,NaN,NaN,NaN,NaN,NaN,NaN,NaN,NaN,NaN,NaN,
49.879,-0.01181,-0.01443,0.12901,-0.44281,-0.15693,-0.21417,0.85640,NaN,NaN,NaN,NaN,NaN,NaN,NaN,NaN,NaN,NaN,NaN,NaN,NaN,NaN,NaN,NaN,NaN,NaN,NaN,NaN,NaN,
49.904,-0.01194,-0.01443,0.12897,-0.44226,-0.15839,-0.21351,0.85658,NaN,NaN,NaN,NaN,NaN,NaN,NaN,NaN,NaN,NaN,NaN,NaN,NaN,NaN,NaN,NaN,NaN,NaN,NaN,NaN,NaN,
49.929,-0.01197,-0.01441,0.12897,-0.44196,-0.15912,-0.21321,0.85667,NaN,NaN,NaN,NaN,NaN,NaN,NaN,NaN,NaN,NaN,NaN,NaN,NaN,NaN,NaN,NaN,NaN,NaN,NaN,NaN,NaN,
49.954,-0.01197,-0.01439,0.12900,-0.44182,-0.15978,-0.21277,0.85673,NaN,NaN,NaN,NaN,NaN,NaN,NaN,NaN,NaN,NaN,NaN,NaN,NaN,NaN,NaN,NaN,NaN,NaN,NaN,NaN,NaN,
49.979,-0.01208,-0.01436,0.12900,-0.44103,-0.16146,-0.21221,0.85697,NaN,NaN,NaN,NaN,NaN,NaN,NaN,NaN,NaN,NaN,NaN,NaN,NaN,NaN,NaN,NaN,NaN,NaN,NaN,NaN,NaN,
50.004,-0.01220,-0.01432,0.12897,-0.44004,-0.16329,-0.21175,0.85724,NaN,NaN,NaN,NaN,NaN,NaN,NaN,NaN,NaN,NaN,NaN,NaN,NaN,NaN,NaN,NaN,NaN,NaN,NaN,NaN,NaN,
50.029,-0.01234,-0.01429,0.12894,-0.43894,-0.16510,-0.21144,0.85753,NaN,NaN,NaN,NaN,NaN,NaN,NaN,NaN,NaN,NaN,NaN,NaN,NaN,NaN,NaN,NaN,NaN,NaN,NaN,NaN,NaN,
50.054,-0.01245,-0.01427,0.12894,-0.43828,-0.16635,-0.21110,0.85772,NaN,NaN,NaN,NaN,NaN,NaN,NaN,NaN,NaN,NaN,NaN,NaN,NaN,NaN,NaN,NaN,NaN,NaN,NaN,NaN,NaN,
50.079,-0.01253,-0.01425,0.12900,-0.43757,-0.16748,-0.21094,0.85790,NaN,NaN,NaN,NaN,NaN,NaN,NaN,NaN,NaN,NaN,NaN,NaN,NaN,NaN,NaN,NaN,NaN,NaN,NaN,NaN,NaN,
50.104,-0.01266,-0.01430,0.12893,-0.43638,-0.16946,-0.21058,0.85820,NaN,NaN,NaN,NaN,NaN,NaN,NaN,NaN,NaN,NaN,NaN,NaN,NaN,NaN,NaN,NaN,NaN,NaN,NaN,NaN,NaN,
50.129,-0.01264,-0.01427,0.12897,-0.43643,-0.16984,-0.21014,0.85821,NaN,NaN,NaN,NaN,NaN,NaN,NaN,NaN,NaN,NaN,NaN,NaN,NaN,NaN,NaN,NaN,NaN,NaN,NaN,NaN,NaN,
50.154,-0.01266,-0.01427,0.12901,-0.43594,-0.17028,-0.21035,0.85832,NaN,NaN,NaN,NaN,NaN,NaN,NaN,NaN,NaN,NaN,NaN,NaN,NaN,NaN,NaN,NaN,NaN,NaN,NaN,NaN,NaN,
50.179,-0.01262,-0.01423,0.12901,-0.43577,-0.17092,-0.20997,0.85837,NaN,NaN,NaN,NaN,NaN,NaN,NaN,NaN,NaN,NaN,NaN,NaN,NaN,NaN,NaN,NaN,NaN,NaN,NaN,NaN,NaN,
50.204,-0.01269,-0.01415,0.12901,-0.43550,-0.17232,-0.20897,0.85847,NaN,NaN,NaN,NaN,NaN,NaN,NaN,NaN,NaN,NaN,NaN,NaN,NaN,NaN,NaN,NaN,NaN,NaN,NaN,NaN,NaN,
50.229,-0.01290,-0.01408,0.12902,-0.43429,-0.17477,-0.20818,0.85878,NaN,NaN,NaN,NaN,NaN,NaN,NaN,NaN,NaN,NaN,NaN,NaN,NaN,NaN,NaN,NaN,NaN,NaN,NaN,NaN,NaN,
50.254,-0.01308,-0.01406,0.12901,-0.43336,-0.17634,-0.20785,0.85901,NaN,NaN,NaN,NaN,NaN,NaN,NaN,NaN,NaN,NaN,NaN,NaN,NaN,NaN,NaN,NaN,NaN,NaN,NaN,NaN,NaN,
50.279,-0.01309,-0.01407,0.12910,-0.43318,-0.17645,-0.20798,0.85905,NaN,NaN,NaN,NaN,NaN,NaN,NaN,NaN,NaN,NaN,NaN,NaN,NaN,NaN,NaN,NaN,NaN,NaN,NaN,NaN,NaN,
50.304,-0.01311,-0.01405,0.12907,-0.43291,-0.17697,-0.20783,0.85911,NaN,NaN,NaN,NaN,NaN,NaN,NaN,NaN,NaN,NaN,NaN,NaN,NaN,NaN,NaN,NaN,NaN,NaN,NaN,NaN,NaN,
50.329,-0.01311,-0.01400,0.12916,-0.43315,-0.17741,-0.20711,0.85908,NaN,NaN,NaN,NaN,NaN,NaN,NaN,NaN,NaN,NaN,NaN,NaN,NaN,NaN,NaN,NaN,NaN,NaN,NaN,NaN,NaN,
50.354,-0.01330,-0.01396,0.12913,-0.43234,-0.18003,-0.20562,0.85930,NaN,NaN,NaN,NaN,NaN,NaN,NaN,NaN,NaN,NaN,NaN,NaN,NaN,NaN,NaN,NaN,NaN,NaN,NaN,NaN,NaN,
50.379,-0.01355,-0.01389,0.12912,-0.43113,-0.18311,-0.20419,0.85959,NaN,NaN,NaN,NaN,NaN,NaN,NaN,NaN,NaN,NaN,NaN,NaN,NaN,NaN,NaN,NaN,NaN,NaN,NaN,NaN,NaN,
50.404,-0.01368,-0.01382,0.12908,-0.43030,-0.18511,-0.20332,0.85979,NaN,NaN,NaN,NaN,NaN,NaN,NaN,NaN,NaN,NaN,NaN,NaN,NaN,NaN,NaN,NaN,NaN,NaN,NaN,NaN,NaN,
50.429,-0.01371,-0.01376,0.12913,-0.42990,-0.18594,-0.20302,0.85988,NaN,NaN,NaN,NaN,NaN,NaN,NaN,NaN,NaN,NaN,NaN,NaN,NaN,NaN,NaN,NaN,NaN,NaN,NaN,NaN,NaN,
50.454,-0.01377,-0.01373,0.12911,-0.42931,-0.18694,-0.20280,0.86001,NaN,NaN,NaN,NaN,NaN,NaN,NaN,NaN,NaN,NaN,NaN,NaN,NaN,NaN,NaN,NaN,NaN,NaN,NaN,NaN,NaN,
50.479,-0.01383,-0.01371,0.12916,-0.42915,-0.18762,-0.20235,0.86005,NaN,NaN,NaN,NaN,NaN,NaN,NaN,NaN,NaN,NaN,NaN,NaN,NaN,NaN,NaN,NaN,NaN,NaN,NaN,NaN,NaN,
50.504,-0.01395,-0.01371,0.12912,-0.42859,-0.18880,-0.20192,0.86017,NaN,NaN,NaN,NaN,NaN,NaN,NaN,NaN,NaN,NaN,NaN,NaN,NaN,NaN,NaN,NaN,NaN,NaN,NaN,NaN,NaN,
50.529,-0.01391,-0.01370,0.12918,-0.42849,-0.18913,-0.20173,0.86019,NaN,NaN,NaN,NaN,NaN,NaN,NaN,NaN,NaN,NaN,NaN,NaN,NaN,NaN,NaN,NaN,NaN,NaN,NaN,NaN,NaN,
50.554,-0.01394,-0.01365,0.12923,-0.42836,-0.19024,-0.20081,0.86023,NaN,NaN,NaN,NaN,NaN,NaN,NaN,NaN,NaN,NaN,NaN,NaN,NaN,NaN,NaN,NaN,NaN,NaN,NaN,NaN,NaN,
50.579,-0.01416,-0.01359,0.12921,-0.42773,-0.19219,-0.19970,0.86036,NaN,NaN,NaN,NaN,NaN,NaN,NaN,NaN,NaN,NaN,NaN,NaN,NaN,NaN,NaN,NaN,NaN,NaN,NaN,NaN,NaN,
50.604,-0.01427,-0.01353,0.12922,-0.42722,-0.19361,-0.19897,0.86047,NaN,NaN,NaN,NaN,NaN,NaN,NaN,NaN,NaN,NaN,NaN,NaN,NaN,NaN,NaN,NaN,NaN,NaN,NaN,NaN,NaN,
50.629,-0.01433,-0.01340,0.12923,-0.42725,-0.19447,-0.19810,0.86046,NaN,NaN,NaN,NaN,NaN,NaN,NaN,NaN,NaN,NaN,NaN,NaN,NaN,NaN,NaN,NaN,NaN,NaN,NaN,NaN,NaN,
50.654,-0.01440,-0.01337,0.12931,-0.42707,-0.19490,-0.19790,0.86050,NaN,NaN,NaN,NaN,NaN,NaN,NaN,NaN,NaN,NaN,NaN,NaN,NaN,NaN,NaN,NaN,NaN,NaN,NaN,NaN,NaN,
50.679,-0.01443,-0.01335,0.12932,-0.42705,-0.19546,-0.19738,0.86050,NaN,NaN,NaN,NaN,NaN,NaN,NaN,NaN,NaN,NaN,NaN,NaN,NaN,NaN,NaN,NaN,NaN,NaN,NaN,NaN,NaN,
50.704,-0.01451,-0.01334,0.12929,-0.42682,-0.19632,-0.19682,0.86055,NaN,NaN,NaN,NaN,NaN,NaN,NaN,NaN,NaN,NaN,NaN,NaN,NaN,NaN,NaN,NaN,NaN,NaN,NaN,NaN,NaN,
50.729,-0.01452,-0.01332,0.12934,-0.42708,-0.19642,-0.19639,0.86049,NaN,NaN,NaN,NaN,NaN,NaN,NaN,NaN,NaN,NaN,NaN,NaN,NaN,NaN,NaN,NaN,NaN,NaN,NaN,NaN,NaN,
50.754,-0.01448,-0.01322,0.12938,-0.42800,-0.19643,-0.19521,0.86030,NaN,NaN,NaN,NaN,NaN,NaN,NaN,NaN,NaN,NaN,NaN,NaN,NaN,NaN,NaN,NaN,NaN,NaN,NaN,NaN,NaN,
50.779,-0.01468,-0.01317,0.12935,-0.42745,-0.19819,-0.19419,0.86041,NaN,NaN,NaN,NaN,NaN,NaN,NaN,NaN,NaN,NaN,NaN,NaN,NaN,NaN,NaN,NaN,NaN,NaN,NaN,NaN,NaN,
50.804,-0.01478,-0.01306,0.12944,-0.42770,-0.19889,-0.19317,0.86035,NaN,NaN,NaN,NaN,NaN,NaN,NaN,NaN,NaN,NaN,NaN,NaN,NaN,NaN,NaN,NaN,NaN,NaN,NaN,NaN,NaN,
50.829,-0.01478,-0.01300,0.12945,-0.42757,-0.19935,-0.19289,0.86037,NaN,NaN,NaN,NaN,NaN,NaN,NaN,NaN,NaN,NaN,NaN,NaN,NaN,NaN,NaN,NaN,NaN,NaN,NaN,NaN,NaN,
50.854,-0.01481,-0.01294,0.12944,-0.42750,-0.19965,-0.19268,0.86038,NaN,NaN,NaN,NaN,NaN,NaN,NaN,NaN,NaN,NaN,NaN,NaN,NaN,NaN,NaN,NaN,NaN,NaN,NaN,NaN,NaN,
50.879,-0.01486,-0.01293,0.12948,-0.42726,-0.20025,-0.19239,0.86043,NaN,NaN,NaN,NaN,NaN,NaN,NaN,NaN,NaN,NaN,NaN,NaN,NaN,NaN,NaN,NaN,NaN,NaN,NaN,NaN,NaN,
50.904,-0.01495,-0.01292,0.12949,-0.42695,-0.20152,-0.19153,0.86048,NaN,NaN,NaN,NaN,NaN,NaN,NaN,NaN,NaN,NaN,NaN,NaN,NaN,NaN,NaN,NaN,NaN,NaN,NaN,NaN,NaN,
50.929,-0.01505,-0.01292,0.12945,-0.42673,-0.20256,-0.19078,0.86051,NaN,NaN,NaN,NaN,NaN,NaN,NaN,NaN,NaN,NaN,NaN,NaN,NaN,NaN,NaN,NaN,NaN,NaN,NaN,NaN,NaN,
50.954,-0.01503,-0.01288,0.12948,-0.42699,-0.20271,-0.19030,0.86045,NaN,NaN,NaN,NaN,NaN,NaN,NaN,NaN,NaN,NaN,NaN,NaN,NaN,NaN,NaN,NaN,NaN,NaN,NaN,NaN,NaN,
50.979,-0.01513,-0.01284,0.12956,-0.42683,-0.20341,-0.18981,0.86047,NaN,NaN,NaN,NaN,NaN,NaN,NaN,NaN,NaN,NaN,NaN,NaN,NaN,NaN,NaN,NaN,NaN,NaN,NaN,NaN,NaN,
51.004,-0.01522,-0.01278,0.12958,-0.42646,-0.20447,-0.18922,0.86053,NaN,NaN,NaN,NaN,NaN,NaN,NaN,NaN,NaN,NaN,NaN,NaN,NaN,NaN,NaN,NaN,NaN,NaN,NaN,NaN,NaN,
51.029,-0.01527,-0.01270,0.12963,-0.42642,-0.20483,-0.18892,0.86054,NaN,NaN,NaN,NaN,NaN,NaN,NaN,NaN,NaN,NaN,NaN,NaN,NaN,NaN,NaN,NaN,NaN,NaN,NaN,NaN,NaN,
51.054,-0.01526,-0.01267,0.12963,-0.42644,-0.20509,-0.18863,0.86052,NaN,NaN,NaN,NaN,NaN,NaN,NaN,NaN,NaN,NaN,NaN,NaN,NaN,NaN,NaN,NaN,NaN,NaN,NaN,NaN,NaN,
51.079,-0.01527,-0.01269,0.12962,-0.42644,-0.20557,-0.18816,0.86052,NaN,NaN,NaN,NaN,NaN,NaN,NaN,NaN,NaN,NaN,NaN,NaN,NaN,NaN,NaN,NaN,NaN,NaN,NaN,NaN,NaN,
51.104,-0.01536,-0.01269,0.12957,-0.42624,-0.20638,-0.18760,0.86054,NaN,NaN,NaN,NaN,NaN,NaN,NaN,NaN,NaN,NaN,NaN,NaN,NaN,NaN,NaN,NaN,NaN,NaN,NaN,NaN,NaN,
51.129,-0.01542,-0.01265,0.12961,-0.42620,-0.20687,-0.18716,0.86054,NaN,NaN,NaN,NaN,NaN,NaN,NaN,NaN,NaN,NaN,NaN,NaN,NaN,NaN,NaN,NaN,NaN,NaN,NaN,NaN,NaN,
51.154,-0.01546,-0.01258,0.12966,-0.42615,-0.20724,-0.18686,0.86054,NaN,NaN,NaN,NaN,NaN,NaN,NaN,NaN,NaN,NaN,NaN,NaN,NaN,NaN,NaN,NaN,NaN,NaN,NaN,NaN,NaN,
51.179,-0.01550,-0.01259,0.12973,-0.42612,-0.20732,-0.18681,0.86055,NaN,NaN,NaN,NaN,NaN,NaN,NaN,NaN,NaN,NaN,NaN,NaN,NaN,NaN,NaN,NaN,NaN,NaN,NaN,NaN,NaN,
51.204,-0.01549,-0.01258,0.12975,-0.42617,-0.20792,-0.18615,0.86052,NaN,NaN,NaN,NaN,NaN,NaN,NaN,NaN,NaN,NaN,NaN,NaN,NaN,NaN,NaN,NaN,NaN,NaN,NaN,NaN,NaN,
51.229,-0.01562,-0.01254,0.12975,-0.42567,-0.20901,-0.18569,0.86060,NaN,NaN,NaN,NaN,NaN,NaN,NaN,NaN,NaN,NaN,NaN,NaN,NaN,NaN,NaN,NaN,NaN,NaN,NaN,NaN,NaN,
51.254,-0.01564,-0.01248,0.12976,-0.42566,-0.20950,-0.18522,0.86059,NaN,NaN,NaN,NaN,NaN,NaN,NaN,NaN,NaN,NaN,NaN,NaN,NaN,NaN,NaN,NaN,NaN,NaN,NaN,NaN,NaN,
51.279,-0.01569,-0.01241,0.12975,-0.42567,-0.21030,-0.18440,0.86057,NaN,NaN,NaN,NaN,NaN,NaN,NaN,NaN,NaN,NaN,NaN,NaN,NaN,NaN,NaN,NaN,NaN,NaN,NaN,NaN,NaN,
51.304,-0.01574,-0.01238,0.12968,-0.42539,-0.21168,-0.18338,0.86059,NaN,NaN,NaN,NaN,NaN,NaN,NaN,NaN,NaN,NaN,NaN,NaN,NaN,NaN,NaN,NaN,NaN,NaN,NaN,NaN,NaN,
51.329,-0.01582,-0.01231,0.12963,-0.42527,-0.21267,-0.18253,0.86058,NaN,NaN,NaN,NaN,NaN,NaN,NaN,NaN,NaN,NaN,NaN,NaN,NaN,NaN,NaN,NaN,NaN,NaN,NaN,NaN,NaN,
51.354,-0.01595,-0.01225,0.12968,-0.42488,-0.21380,-0.18189,0.86063,NaN,NaN,NaN,NaN,NaN,NaN,NaN,NaN,NaN,NaN,NaN,NaN,NaN,NaN,NaN,NaN,NaN,NaN,NaN,NaN,NaN,
51.379,-0.01604,-0.01218,0.12971,-0.42490,-0.21447,-0.18118,0.86060,NaN,NaN,NaN,NaN,NaN,NaN,NaN,NaN,NaN,NaN,NaN,NaN,NaN,NaN,NaN,NaN,NaN,NaN,NaN,NaN,NaN,
51.404,-0.01601,-0.01215,0.12978,-0.42518,-0.21483,-0.18046,0.86053,NaN,NaN,NaN,NaN,NaN,NaN,NaN,NaN,NaN,NaN,NaN,NaN,NaN,NaN,NaN,NaN,NaN,NaN,NaN,NaN,NaN,
51.429,-0.01608,-0.01203,0.12966,-0.42583,-0.21585,-0.17858,0.86034,NaN,NaN,NaN,NaN,NaN,NaN,NaN,NaN,NaN,NaN,NaN,NaN,NaN,NaN,NaN,NaN,NaN,NaN,NaN,NaN,NaN,
51.454,-0.01606,-0.01186,0.12965,-0.42685,-0.21642,-0.17669,0.86008,NaN,NaN,NaN,NaN,NaN,NaN,NaN,NaN,NaN,NaN,NaN,NaN,NaN,NaN,NaN,NaN,NaN,NaN,NaN,NaN,NaN,
51.479,-0.01614,-0.01174,0.12959,-0.42687,-0.21748,-0.17558,0.86003,NaN,NaN,NaN,NaN,NaN,NaN,NaN,NaN,NaN,NaN,NaN,NaN,NaN,NaN,NaN,NaN,NaN,NaN,NaN,NaN,NaN,
51.504,-0.01622,-0.01164,0.12957,-0.42732,-0.21778,-0.17469,0.85991,NaN,NaN,NaN,NaN,NaN,NaN,NaN,NaN,NaN,NaN,NaN,NaN,NaN,NaN,NaN,NaN,NaN,NaN,NaN,NaN,NaN,
51.529,-0.01627,-0.01153,0.12951,-0.42770,-0.21829,-0.17368,0.85980,NaN,NaN,NaN,NaN,NaN,NaN,NaN,NaN,NaN,NaN,NaN,NaN,NaN,NaN,NaN,NaN,NaN,NaN,NaN,NaN,NaN,
51.554,-0.01631,-0.01145,0.12946,-0.42818,-0.21907,-0.17226,0.85965,NaN,NaN,NaN,NaN,NaN,NaN,NaN,NaN,NaN,NaN,NaN,NaN,NaN,NaN,NaN,NaN,NaN,NaN,NaN,NaN,NaN,
51.579,-0.01634,-0.01135,0.12947,-0.42900,-0.21957,-0.17068,0.85943,NaN,NaN,NaN,NaN,NaN,NaN,NaN,NaN,NaN,NaN,NaN,NaN,NaN,NaN,NaN,NaN,NaN,NaN,NaN,NaN,NaN,
51.604,-0.01641,-0.01125,0.12946,-0.42929,-0.22063,-0.16920,0.85930,NaN,NaN,NaN,NaN,NaN,NaN,NaN,NaN,NaN,NaN,NaN,NaN,NaN,NaN,NaN,NaN,NaN,NaN,NaN,NaN,NaN,
51.629,-0.01645,-0.01113,0.12943,-0.42968,-0.22156,-0.16773,0.85916,NaN,NaN,NaN,NaN,NaN,NaN,NaN,NaN,NaN,NaN,NaN,NaN,NaN,NaN,NaN,NaN,NaN,NaN,NaN,NaN,NaN,
51.654,-0.01651,-0.01105,0.12942,-0.42988,-0.22223,-0.16677,0.85907,NaN,NaN,NaN,NaN,NaN,NaN,NaN,NaN,NaN,NaN,NaN,NaN,NaN,NaN,NaN,NaN,NaN,NaN,NaN,NaN,NaN,
51.679,-0.01659,-0.01093,0.12942,-0.42982,-0.22339,-0.16566,0.85902,NaN,NaN,NaN,NaN,NaN,NaN,NaN,NaN,NaN,NaN,NaN,NaN,NaN,NaN,NaN,NaN,NaN,NaN,NaN,NaN,NaN,
51.704,-0.01668,-0.01080,0.12941,-0.43013,-0.22454,-0.16406,0.85887,NaN,NaN,NaN,NaN,NaN,NaN,NaN,NaN,NaN,NaN,NaN,NaN,NaN,NaN,NaN,NaN,NaN,NaN,NaN,NaN,NaN,
51.729,-0.01682,-0.01070,0.12938,-0.43045,-0.22541,-0.16273,0.85873,NaN,NaN,NaN,NaN,NaN,NaN,NaN,NaN,NaN,NaN,NaN,NaN,NaN,NaN,NaN,NaN,NaN,NaN,NaN,NaN,NaN,
51.754,-0.01683,-0.01063,0.12942,-0.43123,-0.22545,-0.16166,0.85853,NaN,NaN,NaN,NaN,NaN,NaN,NaN,NaN,NaN,NaN,NaN,NaN,NaN,NaN,NaN,NaN,NaN,NaN,NaN,NaN,NaN,
51.779,-0.01682,-0.01060,0.12937,-0.43175,-0.22573,-0.16067,0.85838,NaN,NaN,NaN,NaN,NaN,NaN,NaN,NaN,NaN,NaN,NaN,NaN,NaN,NaN,NaN,NaN,NaN,NaN,NaN,NaN,NaN,
51.804,-0.01681,-0.01056,0.12942,-0.43231,-0.22589,-0.15978,0.85823,NaN,NaN,NaN,NaN,NaN,NaN,NaN,NaN,NaN,NaN,NaN,NaN,NaN,NaN,NaN,NaN,NaN,NaN,NaN,NaN,NaN,
51.829,-0.01686,-0.01047,0.12946,-0.43230,-0.22695,-0.15868,0.85816,NaN,NaN,NaN,NaN,NaN,NaN,NaN,NaN,NaN,NaN,NaN,NaN,NaN,NaN,NaN,NaN,NaN,NaN,NaN,NaN,NaN,
51.854,-0.01697,-0.01031,0.12946,-0.43242,-0.22832,-0.15709,0.85803,NaN,NaN,NaN,NaN,NaN,NaN,NaN,NaN,NaN,NaN,NaN,NaN,NaN,NaN,NaN,NaN,NaN,NaN,NaN,NaN,NaN,
51.879,-0.01706,-0.01020,0.12947,-0.43238,-0.22929,-0.15612,0.85796,NaN,NaN,NaN,NaN,NaN,NaN,NaN,NaN,NaN,NaN,NaN,NaN,NaN,NaN,NaN,NaN,NaN,NaN,NaN,NaN,NaN,
51.904,-0.01709,-0.01020,0.12948,-0.43236,-0.22966,-0.15575,0.85794,NaN,NaN,NaN,NaN,NaN,NaN,NaN,NaN,NaN,NaN,NaN,NaN,NaN,NaN,NaN,NaN,NaN,NaN,NaN,NaN,NaN,
51.929,-0.01708,-0.01021,0.12942,-0.43261,-0.22993,-0.15514,0.85785,NaN,NaN,NaN,NaN,NaN,NaN,NaN,NaN,NaN,NaN,NaN,NaN,NaN,NaN,NaN,NaN,NaN,NaN,NaN,NaN,NaN,
51.954,-0.01711,-0.01019,0.12936,-0.43286,-0.23019,-0.15453,0.85777,NaN,NaN,NaN,NaN,NaN,NaN,NaN,NaN,NaN,NaN,NaN,NaN,NaN,NaN,NaN,NaN,NaN,NaN,NaN,NaN,NaN,
51.979,-0.01712,-0.01015,0.12939,-0.43282,-0.23079,-0.15396,0.85773,NaN,NaN,NaN,NaN,NaN,NaN,NaN,NaN,NaN,NaN,NaN,NaN,NaN,NaN,NaN,NaN,NaN,NaN,NaN,NaN,NaN,
52.004,-0.01720,-0.01004,0.12940,-0.43293,-0.23146,-0.15310,0.85765,NaN,NaN,NaN,NaN,NaN,NaN,NaN,NaN,NaN,NaN,NaN,NaN,NaN,NaN,NaN,NaN,NaN,NaN,NaN,NaN,NaN,
52.029,-0.01728,-0.01000,0.12943,-0.43272,-0.23216,-0.15264,0.85764,NaN,NaN,NaN,NaN,NaN,NaN,NaN,NaN,NaN,NaN,NaN,NaN,NaN,NaN,NaN,NaN,NaN,NaN,NaN,NaN,NaN,
52.054,-0.01729,-0.00996,0.12949,-0.43282,-0.23240,-0.15226,0.85760,NaN,NaN,NaN,NaN,NaN,NaN,NaN,NaN,NaN,NaN,NaN,NaN,NaN,NaN,NaN,NaN,NaN,NaN,NaN,NaN,NaN,
52.079,-0.01724,-0.00996,0.12948,-0.43284,-0.23285,-0.15174,0.85756,NaN,NaN,NaN,NaN,NaN,NaN,NaN,NaN,NaN,NaN,NaN,NaN,NaN,NaN,NaN,NaN,NaN,NaN,NaN,NaN,NaN,
52.104,-0.01726,-0.00994,0.12945,-0.43297,-0.23317,-0.15124,0.85749,NaN,NaN,NaN,NaN,NaN,NaN,NaN,NaN,NaN,NaN,NaN,NaN,NaN,NaN,NaN,NaN,NaN,NaN,NaN,NaN,NaN,
52.129,-0.01732,-0.00992,0.12945,-0.43267,-0.23359,-0.15119,0.85754,NaN,NaN,NaN,NaN,NaN,NaN,NaN,NaN,NaN,NaN,NaN,NaN,NaN,NaN,NaN,NaN,NaN,NaN,NaN,NaN,NaN,
52.154,-0.01744,-0.00986,0.12945,-0.43223,-0.23428,-0.15104,0.85760,NaN,NaN,NaN,NaN,NaN,NaN,NaN,NaN,NaN,NaN,NaN,NaN,NaN,NaN,NaN,NaN,NaN,NaN,NaN,NaN,NaN,
52.179,-0.01742,-0.00983,0.12956,-0.43258,-0.23446,-0.15039,0.85749,NaN,NaN,NaN,NaN,NaN,NaN,NaN,NaN,NaN,NaN,NaN,NaN,NaN,NaN,NaN,NaN,NaN,NaN,NaN,NaN,NaN,
52.204,-0.01753,-0.00984,0.12947,-0.43215,-0.23558,-0.14977,0.85751,NaN,NaN,NaN,NaN,NaN,NaN,NaN,NaN,NaN,NaN,NaN,NaN,NaN,NaN,NaN,NaN,NaN,NaN,NaN,NaN,NaN,
52.229,-0.01749,-0.00982,0.12950,-0.43259,-0.23551,-0.14925,0.85739,NaN,NaN,NaN,NaN,NaN,NaN,NaN,NaN,NaN,NaN,NaN,NaN,NaN,NaN,NaN,NaN,NaN,NaN,NaN,NaN,NaN,
52.254,-0.01759,-0.00970,0.12958,-0.43244,-0.23621,-0.14872,0.85737,NaN,NaN,NaN,NaN,NaN,NaN,NaN,NaN,NaN,NaN,NaN,NaN,NaN,NaN,NaN,NaN,NaN,NaN,NaN,NaN,NaN,
52.279,-0.01766,-0.00960,0.12964,-0.43219,-0.23722,-0.14797,0.85735,NaN,NaN,NaN,NaN,NaN,NaN,NaN,NaN,NaN,NaN,NaN,NaN,NaN,NaN,NaN,NaN,NaN,NaN,NaN,NaN,NaN,
52.304,-0.01771,-0.00962,0.12957,-0.43203,-0.23781,-0.14755,0.85734,NaN,NaN,NaN,NaN,NaN,NaN,NaN,NaN,NaN,NaN,NaN,NaN,NaN,NaN,NaN,NaN,NaN,NaN,NaN,NaN,NaN,
52.329,-0.01770,-0.00960,0.12951,-0.43201,-0.23824,-0.14712,0.85730,NaN,NaN,NaN,NaN,NaN,NaN,NaN,NaN,NaN,NaN,NaN,NaN,NaN,NaN,NaN,NaN,NaN,NaN,NaN,NaN,NaN,
52.354,-0.01776,-0.00957,0.12954,-0.43198,-0.23847,-0.14691,0.85729,NaN,NaN,NaN,NaN,NaN,NaN,NaN,NaN,NaN,NaN,NaN,NaN,NaN,NaN,NaN,NaN,NaN,NaN,NaN,NaN,NaN,
52.379,-0.01779,-0.00952,0.12957,-0.43208,-0.23869,-0.14654,0.85724,NaN,NaN,NaN,NaN,NaN,NaN,NaN,NaN,NaN,NaN,NaN,NaN,NaN,NaN,NaN,NaN,NaN,NaN,NaN,NaN,NaN,
52.404,-0.01783,-0.00947,0.12951,-0.43217,-0.23930,-0.14577,0.85716,NaN,NaN,NaN,NaN,NaN,NaN,NaN,NaN,NaN,NaN,NaN,NaN,NaN,NaN,NaN,NaN,NaN,NaN,NaN,NaN,NaN,
52.429,-0.01782,-0.00946,0.12954,-0.43233,-0.23964,-0.14519,0.85708,NaN,NaN,NaN,NaN,NaN,NaN,NaN,NaN,NaN,NaN,NaN,NaN,NaN,NaN,NaN,NaN,NaN,NaN,NaN,NaN,NaN,
52.454,-0.01786,-0.00940,0.12954,-0.43242,-0.24028,-0.14438,0.85699,NaN,NaN,NaN,NaN,NaN,NaN,NaN,NaN,NaN,NaN,NaN,NaN,NaN,NaN,NaN,NaN,NaN,NaN,NaN,NaN,NaN,
52.479,-0.01791,-0.00931,0.12960,-0.43246,-0.24089,-0.14366,0.85692,NaN,NaN,NaN,NaN,NaN,NaN,NaN,NaN,NaN,NaN,NaN,NaN,NaN,NaN,NaN,NaN,NaN,NaN,NaN,NaN,NaN,
52.504,-0.01798,-0.00924,0.12958,-0.43246,-0.24166,-0.14283,0.85684,NaN,NaN,NaN,NaN,NaN,NaN,NaN,NaN,NaN,NaN,NaN,NaN,NaN,NaN,NaN,NaN,NaN,NaN,NaN,NaN,NaN,
52.529,-0.01798,-0.00918,0.12957,-0.43269,-0.24215,-0.14200,0.85673,NaN,NaN,NaN,NaN,NaN,NaN,NaN,NaN,NaN,NaN,NaN,NaN,NaN,NaN,NaN,NaN,NaN,NaN,NaN,NaN,NaN,
52.554,-0.01802,-0.00916,0.12951,-0.43271,-0.24305,-0.14100,0.85663,NaN,NaN,NaN,NaN,NaN,NaN,NaN,NaN,NaN,NaN,NaN,NaN,NaN,NaN,NaN,NaN,NaN,NaN,NaN,NaN,NaN,
52.579,-0.01808,-0.00910,0.12950,-0.43287,-0.24381,-0.13995,0.85650,NaN,NaN,NaN,NaN,NaN,NaN,NaN,NaN,NaN,NaN,NaN,NaN,NaN,NaN,NaN,NaN,NaN,NaN,NaN,NaN,NaN,
52.604,-0.01816,-0.00899,0.12954,-0.43301,-0.24483,-0.13868,0.85635,NaN,NaN,NaN,NaN,NaN,NaN,NaN,NaN,NaN,NaN,NaN,NaN,NaN,NaN,NaN,NaN,NaN,NaN,NaN,NaN,NaN,
52.629,-0.01826,-0.00890,0.12953,-0.43312,-0.24574,-0.13753,0.85621,NaN,NaN,NaN,NaN,NaN,NaN,NaN,NaN,NaN,NaN,NaN,NaN,NaN,NaN,NaN,NaN,NaN,NaN,NaN,NaN,NaN,
52.654,-0.01826,-0.00889,0.12955,-0.43345,-0.24603,-0.13677,0.85609,NaN,NaN,NaN,NaN,NaN,NaN,NaN,NaN,NaN,NaN,NaN,NaN,NaN,NaN,NaN,NaN,NaN,NaN,NaN,NaN,NaN,
52.679,-0.01827,-0.00879,0.12956,-0.43398,-0.24675,-0.13528,0.85585,NaN,NaN,NaN,NaN,NaN,NaN,NaN,NaN,NaN,NaN,NaN,NaN,NaN,NaN,NaN,NaN,NaN,NaN,NaN,NaN,NaN,
52.704,-0.01840,-0.00862,0.12953,-0.43385,-0.24908,-0.13289,0.85561,NaN,NaN,NaN,NaN,NaN,NaN,NaN,NaN,NaN,NaN,NaN,NaN,NaN,NaN,NaN,NaN,NaN,NaN,NaN,NaN,NaN,
52.729,-0.01860,-0.00843,0.12947,-0.43388,-0.25100,-0.13075,0.85537,NaN,NaN,NaN,NaN,NaN,NaN,NaN,NaN,NaN,NaN,NaN,NaN,NaN,NaN,NaN,NaN,NaN,NaN,NaN,NaN,NaN,
52.754,-0.01857,-0.00835,0.12947,-0.43448,-0.25157,-0.12930,0.85511,NaN,NaN,NaN,NaN,NaN,NaN,NaN,NaN,NaN,NaN,NaN,NaN,NaN,NaN,NaN,NaN,NaN,NaN,NaN,NaN,NaN,
52.779,-0.01859,-0.00833,0.12940,-0.43469,-0.25206,-0.12848,0.85499,NaN,NaN,NaN,NaN,NaN,NaN,NaN,NaN,NaN,NaN,NaN,NaN,NaN,NaN,NaN,NaN,NaN,NaN,NaN,NaN,NaN,
52.804,-0.01859,-0.00828,0.12940,-0.43512,-0.25231,-0.12761,0.85482,NaN,NaN,NaN,NaN,NaN,NaN,NaN,NaN,NaN,NaN,NaN,NaN,NaN,NaN,NaN,NaN,NaN,NaN,NaN,NaN,NaN,
52.829,-0.01870,-0.00815,0.12940,-0.43545,-0.25298,-0.12642,0.85464,NaN,NaN,NaN,NaN,NaN,NaN,NaN,NaN,NaN,NaN,NaN,NaN,NaN,NaN,NaN,NaN,NaN,NaN,NaN,NaN,NaN,
52.854,-0.01875,-0.00803,0.12944,-0.43637,-0.25315,-0.12496,0.85433,NaN,NaN,NaN,NaN,NaN,NaN,NaN,NaN,NaN,NaN,NaN,NaN,NaN,NaN,NaN,NaN,NaN,NaN,NaN,NaN,NaN,
52.879,-0.01874,-0.00794,0.12942,-0.43705,-0.25354,-0.12360,0.85407,NaN,NaN,NaN,NaN,NaN,NaN,NaN,NaN,NaN,NaN,NaN,NaN,NaN,NaN,NaN,NaN,NaN,NaN,NaN,NaN,NaN,
52.904,-0.01877,-0.00786,0.12942,-0.43743,-0.25400,-0.12258,0.85388,NaN,NaN,NaN,NaN,NaN,NaN,NaN,NaN,NaN,NaN,NaN,NaN,NaN,NaN,NaN,NaN,NaN,NaN,NaN,NaN,NaN,
52.929,-0.01883,-0.00775,0.12942,-0.43767,-0.25467,-0.12149,0.85371,NaN,NaN,NaN,NaN,NaN,NaN,NaN,NaN,NaN,NaN,NaN,NaN,NaN,NaN,NaN,NaN,NaN,NaN,NaN,NaN,NaN,
52.954,-0.01882,-0.00768,0.12942,-0.43807,-0.25544,-0.12008,0.85348,NaN,NaN,NaN,NaN,NaN,NaN,NaN,NaN,NaN,NaN,NaN,NaN,NaN,NaN,NaN,NaN,NaN,NaN,NaN,NaN,NaN,
52.979,-0.01888,-0.00763,0.12934,-0.43822,-0.25658,-0.11860,0.85327,NaN,NaN,NaN,NaN,NaN,NaN,NaN,NaN,NaN,NaN,NaN,NaN,NaN,NaN,NaN,NaN,NaN,NaN,NaN,NaN,NaN,
53.004,-0.01897,-0.00751,0.12935,-0.43864,-0.25748,-0.11701,0.85300,NaN,NaN,NaN,NaN,NaN,NaN,NaN,NaN,NaN,NaN,NaN,NaN,NaN,NaN,NaN,NaN,NaN,NaN,NaN,NaN,NaN,
53.029,-0.01907,-0.00739,0.12936,-0.43881,-0.25887,-0.11521,0.85274,NaN,NaN,NaN,NaN,NaN,NaN,NaN,NaN,NaN,NaN,NaN,NaN,NaN,NaN,NaN,NaN,NaN,NaN,NaN,NaN,NaN,
53.054,-0.01910,-0.00729,0.12939,-0.43965,-0.25953,-0.11330,0.85236,NaN,NaN,NaN,NaN,NaN,NaN,NaN,NaN,NaN,NaN,NaN,NaN,NaN,NaN,NaN,NaN,NaN,NaN,NaN,NaN,NaN,
53.079,-0.01917,-0.00721,0.12933,-0.43978,-0.26057,-0.11194,0.85215,NaN,NaN,NaN,NaN,NaN,NaN,NaN,NaN,NaN,NaN,NaN,NaN,NaN,NaN,NaN,NaN,NaN,NaN,NaN,NaN,NaN,
53.104,-0.01917,-0.00713,0.12932,-0.44025,-0.26124,-0.11052,0.85189,NaN,NaN,NaN,NaN,NaN,NaN,NaN,NaN,NaN,NaN,NaN,NaN,NaN,NaN,NaN,NaN,NaN,NaN,NaN,NaN,NaN,
53.129,-0.01922,-0.00698,0.12937,-0.44083,-0.26176,-0.10913,0.85161,NaN,NaN,NaN,NaN,NaN,NaN,NaN,NaN,NaN,NaN,NaN,NaN,NaN,NaN,NaN,NaN,NaN,NaN,NaN,NaN,NaN,
53.154,-0.01927,-0.00683,0.12944,-0.44144,-0.26251,-0.10742,0.85128,NaN,NaN,NaN,NaN,NaN,NaN,NaN,NaN,NaN,NaN,NaN,NaN,NaN,NaN,NaN,NaN,NaN,NaN,NaN,NaN,NaN,
53.179,-0.01940,-0.00673,0.12930,-0.44131,-0.26434,-0.10551,0.85102,NaN,NaN,NaN,NaN,NaN,NaN,NaN,NaN,NaN,NaN,NaN,NaN,NaN,NaN,NaN,NaN,NaN,NaN,NaN,NaN,NaN,
53.204,-0.01940,-0.00671,0.12926,-0.44186,-0.26481,-0.10420,0.85075,NaN,NaN,NaN,NaN,NaN,NaN,NaN,NaN,NaN,NaN,NaN,NaN,NaN,NaN,NaN,NaN,NaN,NaN,NaN,NaN,NaN,
53.229,-0.01943,-0.00662,0.12926,-0.44240,-0.26523,-0.10295,0.85049,NaN,NaN,NaN,NaN,NaN,NaN,NaN,NaN,NaN,NaN,NaN,NaN,NaN,NaN,NaN,NaN,NaN,NaN,NaN,NaN,NaN,
53.254,-0.01954,-0.00650,0.12930,-0.44254,-0.26634,-0.10148,0.85025,NaN,NaN,NaN,NaN,NaN,NaN,NaN,NaN,NaN,NaN,NaN,NaN,NaN,NaN,NaN,NaN,NaN,NaN,NaN,NaN,NaN,
53.279,-0.01963,-0.00639,0.12930,-0.44290,-0.26713,-0.10007,0.84998,NaN,NaN,NaN,NaN,NaN,NaN,NaN,NaN,NaN,NaN,NaN,NaN,NaN,NaN,NaN,NaN,NaN,NaN,NaN,NaN,NaN,
53.304,-0.01963,-0.00634,0.12933,-0.44347,-0.26741,-0.09893,0.84973,NaN,NaN,NaN,NaN,NaN,NaN,NaN,NaN,NaN,NaN,NaN,NaN,NaN,NaN,NaN,NaN,NaN,NaN,NaN,NaN,NaN,
53.329,-0.01965,-0.00626,0.12929,-0.44384,-0.26832,-0.09736,0.84943,NaN,NaN,NaN,NaN,NaN,NaN,NaN,NaN,NaN,NaN,NaN,NaN,NaN,NaN,NaN,NaN,NaN,NaN,NaN,NaN,NaN,
53.354,-0.01971,-0.00615,0.12927,-0.44422,-0.26929,-0.09569,0.84911,NaN,NaN,NaN,NaN,NaN,NaN,NaN,NaN,NaN,NaN,NaN,NaN,NaN,NaN,NaN,NaN,NaN,NaN,NaN,NaN,NaN,
53.379,-0.01978,-0.00600,0.12928,-0.44463,-0.27025,-0.09399,0.84878,NaN,NaN,NaN,NaN,NaN,NaN,NaN,NaN,NaN,NaN,NaN,NaN,NaN,NaN,NaN,NaN,NaN,NaN,NaN,NaN,NaN,
53.404,-0.01985,-0.00589,0.12929,-0.44487,-0.27092,-0.09286,0.84857,NaN,NaN,NaN,NaN,NaN,NaN,NaN,NaN,NaN,NaN,NaN,NaN,NaN,NaN,NaN,NaN,NaN,NaN,NaN,NaN,NaN,
53.429,-0.01990,-0.00586,0.12919,-0.44448,-0.27215,-0.09200,0.84848,NaN,NaN,NaN,NaN,NaN,NaN,NaN,NaN,NaN,NaN,NaN,NaN,NaN,NaN,NaN,NaN,NaN,NaN,NaN,NaN,NaN,
53.454,-0.01991,-0.00584,0.12921,-0.44475,-0.27239,-0.09132,0.84833,NaN,NaN,NaN,NaN,NaN,NaN,NaN,NaN,NaN,NaN,NaN,NaN,NaN,NaN,NaN,NaN,NaN,NaN,NaN,NaN,NaN,
53.479,-0.01993,-0.00576,0.12923,-0.44517,-0.27263,-0.09044,0.84812,NaN,NaN,NaN,NaN,NaN,NaN,NaN,NaN,NaN,NaN,NaN,NaN,NaN,NaN,NaN,NaN,NaN,NaN,NaN,NaN,NaN,
53.504,-0.01996,-0.00567,0.12932,-0.44545,-0.27297,-0.08964,0.84795,NaN,NaN,NaN,NaN,NaN,NaN,NaN,NaN,NaN,NaN,NaN,NaN,NaN,NaN,NaN,NaN,NaN,NaN,NaN,NaN,NaN,
53.529,-0.02000,-0.00554,0.12935,-0.44597,-0.27348,-0.08830,0.84766,NaN,NaN,NaN,NaN,NaN,NaN,NaN,NaN,NaN,NaN,NaN,NaN,NaN,NaN,NaN,NaN,NaN,NaN,NaN,NaN,NaN,
53.554,-0.02004,-0.00547,0.12935,-0.44622,-0.27423,-0.08706,0.84741,NaN,NaN,NaN,NaN,NaN,NaN,NaN,NaN,NaN,NaN,NaN,NaN,NaN,NaN,NaN,NaN,NaN,NaN,NaN,NaN,NaN,
53.579,-0.02005,-0.00541,0.12927,-0.44653,-0.27499,-0.08572,0.84714,NaN,NaN,NaN,NaN,NaN,NaN,NaN,NaN,NaN,NaN,NaN,NaN,NaN,NaN,NaN,NaN,NaN,NaN,NaN,NaN,NaN,
53.604,-0.02006,-0.00536,0.12919,-0.44695,-0.27553,-0.08446,0.84686,NaN,NaN,NaN,NaN,NaN,NaN,NaN,NaN,NaN,NaN,NaN,NaN,NaN,NaN,NaN,NaN,NaN,NaN,NaN,NaN,NaN,
53.629,-0.02010,-0.00526,0.12917,-0.44730,-0.27623,-0.08314,0.84659,NaN,NaN,NaN,NaN,NaN,NaN,NaN,NaN,NaN,NaN,NaN,NaN,NaN,NaN,NaN,NaN,NaN,NaN,NaN,NaN,NaN,
53.654,-0.02022,-0.00519,0.12923,-0.44741,-0.27691,-0.08217,0.84640,NaN,NaN,NaN,NaN,NaN,NaN,NaN,NaN,NaN,NaN,NaN,NaN,NaN,NaN,NaN,NaN,NaN,NaN,NaN,NaN,NaN,
53.679,-0.02026,-0.00507,0.12927,-0.44798,-0.27742,-0.08073,0.84607,NaN,NaN,NaN,NaN,NaN,NaN,NaN,NaN,NaN,NaN,NaN,NaN,NaN,NaN,NaN,NaN,NaN,NaN,NaN,NaN,NaN,
53.704,-0.02031,-0.00497,0.12931,-0.44845,-0.27777,-0.07963,0.84581,NaN,NaN,NaN,NaN,NaN,NaN,NaN,NaN,NaN,NaN,NaN,NaN,NaN,NaN,NaN,NaN,NaN,NaN,NaN,NaN,NaN,
53.729,-0.02026,-0.00489,0.12932,-0.44946,-0.27808,-0.07780,0.84534,NaN,NaN,NaN,NaN,NaN,NaN,NaN,NaN,NaN,NaN,NaN,NaN,NaN,NaN,NaN,NaN,NaN,NaN,NaN,NaN,NaN,
53.754,-0.02028,-0.00480,0.12927,-0.45010,-0.27897,-0.07581,0.84489,NaN,NaN,NaN,NaN,NaN,NaN,NaN,NaN,NaN,NaN,NaN,NaN,NaN,NaN,NaN,NaN,NaN,NaN,NaN,NaN,NaN,
53.779,-0.02031,-0.00468,0.12921,-0.45093,-0.27994,-0.07342,0.84434,NaN,NaN,NaN,NaN,NaN,NaN,NaN,NaN,NaN,NaN,NaN,NaN,NaN,NaN,NaN,NaN,NaN,NaN,NaN,NaN,NaN,
53.804,-0.02043,-0.00454,0.12916,-0.45136,-0.28123,-0.07125,0.84387,NaN,NaN,NaN,NaN,NaN,NaN,NaN,NaN,NaN,NaN,NaN,NaN,NaN,NaN,NaN,NaN,NaN,NaN,NaN,NaN,NaN,
53.829,-0.02052,-0.00437,0.12919,-0.45194,-0.28201,-0.06946,0.84345,NaN,NaN,NaN,NaN,NaN,NaN,NaN,NaN,NaN,NaN,NaN,NaN,NaN,NaN,NaN,NaN,NaN,NaN,NaN,NaN,NaN,
53.854,-0.02059,-0.00423,0.12921,-0.45261,-0.28263,-0.06771,0.84302,NaN,NaN,NaN,NaN,NaN,NaN,NaN,NaN,NaN,NaN,NaN,NaN,NaN,NaN,NaN,NaN,NaN,NaN,NaN,NaN,NaN,
53.879,-0.02061,-0.00414,0.12929,-0.45359,-0.28306,-0.06573,0.84250,NaN,NaN,NaN,NaN,NaN,NaN,NaN,NaN,NaN,NaN,NaN,NaN,NaN,NaN,NaN,NaN,NaN,NaN,NaN,NaN,NaN,
53.904,-0.02060,-0.00392,0.12923,-0.45516,-0.28380,-0.06250,0.84165,NaN,NaN,NaN,NaN,NaN,NaN,NaN,NaN,NaN,NaN,NaN,NaN,NaN,NaN,NaN,NaN,NaN,NaN,NaN,NaN,NaN,
53.929,-0.02076,-0.00355,0.12921,-0.45740,-0.28163,-0.06181,0.84122,NaN,NaN,NaN,NaN,NaN,NaN,NaN,NaN,NaN,NaN,NaN,NaN,NaN,NaN,NaN,NaN,NaN,NaN,NaN,NaN,NaN,
53.954,-0.02059,-0.00361,0.12908,-0.45827,-0.28124,-0.06098,0.84094,NaN,NaN,NaN,NaN,NaN,NaN,NaN,NaN,NaN,NaN,NaN,NaN,NaN,NaN,NaN,NaN,NaN,NaN,NaN,NaN,NaN,
53.979,-0.02069,-0.00345,0.12913,-0.45883,-0.28062,-0.06089,0.84084,NaN,NaN,NaN,NaN,NaN,NaN,NaN,NaN,NaN,NaN,NaN,NaN,NaN,NaN,NaN,NaN,NaN,NaN,NaN,NaN,NaN,
54.004,-0.02064,-0.00337,0.12939,-0.46064,-0.27842,-0.06086,0.84059,NaN,NaN,NaN,NaN,NaN,NaN,NaN,NaN,NaN,NaN,NaN,NaN,NaN,NaN,NaN,NaN,NaN,NaN,NaN,NaN,NaN,
54.029,-0.02079,-0.00319,0.12923,-0.46124,-0.27830,-0.06011,0.84035,NaN,NaN,NaN,NaN,NaN,NaN,NaN,NaN,NaN,NaN,NaN,NaN,NaN,NaN,NaN,NaN,NaN,NaN,NaN,NaN,NaN,
54.054,-0.02074,-0.00316,0.12928,-0.46247,-0.27712,-0.05969,0.84010,NaN,NaN,NaN,NaN,NaN,NaN,NaN,NaN,NaN,NaN,NaN,NaN,NaN,NaN,NaN,NaN,NaN,NaN,NaN,NaN,NaN,
54.079,-0.02063,-0.00311,0.12934,-0.46408,-0.27566,-0.05904,0.83973,NaN,NaN,NaN,NaN,NaN,NaN,NaN,NaN,NaN,NaN,NaN,NaN,NaN,NaN,NaN,NaN,NaN,NaN,NaN,NaN,NaN,
54.104,-0.02064,-0.00308,0.12932,-0.46446,-0.27539,-0.05880,0.83963,NaN,NaN,NaN,NaN,NaN,NaN,NaN,NaN,NaN,NaN,NaN,NaN,NaN,NaN,NaN,NaN,NaN,NaN,NaN,NaN,NaN,
54.129,-0.02061,-0.00299,0.12939,-0.46535,-0.27479,-0.05820,0.83938,NaN,NaN,NaN,NaN,NaN,NaN,NaN,NaN,NaN,NaN,NaN,NaN,NaN,NaN,NaN,NaN,NaN,NaN,NaN,NaN,NaN,
54.154,-0.02066,-0.00287,0.12945,-0.46564,-0.27482,-0.05772,0.83924,NaN,NaN,NaN,NaN,NaN,NaN,NaN,NaN,NaN,NaN,NaN,NaN,NaN,NaN,NaN,NaN,NaN,NaN,NaN,NaN,NaN,
54.179,-0.02066,-0.00278,0.12950,-0.46618,-0.27460,-0.05716,0.83905,NaN,NaN,NaN,NaN,NaN,NaN,NaN,NaN,NaN,NaN,NaN,NaN,NaN,NaN,NaN,NaN,NaN,NaN,NaN,NaN,NaN,
54.204,-0.02064,-0.00272,0.12945,-0.46662,-0.27458,-0.05652,0.83885,NaN,NaN,NaN,NaN,NaN,NaN,NaN,NaN,NaN,NaN,NaN,NaN,NaN,NaN,NaN,NaN,NaN,NaN,NaN,NaN,NaN,
54.229,-0.02063,-0.00273,0.12942,-0.46711,-0.27412,-0.05634,0.83874,NaN,NaN,NaN,NaN,NaN,NaN,NaN,NaN,NaN,NaN,NaN,NaN,NaN,NaN,NaN,NaN,NaN,NaN,NaN,NaN,NaN,
54.254,-0.02061,-0.00269,0.12943,-0.46747,-0.27384,-0.05614,0.83865,NaN,NaN,NaN,NaN,NaN,NaN,NaN,NaN,NaN,NaN,NaN,NaN,NaN,NaN,NaN,NaN,NaN,NaN,NaN,NaN,NaN,
54.279,-0.02063,-0.00284,0.12942,-0.46607,-0.27468,-0.05723,0.83908,NaN,NaN,NaN,NaN,NaN,NaN,NaN,NaN,NaN,NaN,NaN,NaN,NaN,NaN,NaN,NaN,NaN,NaN,NaN,NaN,NaN,
54.304,-0.02069,-0.00251,0.12954,-0.46835,-0.27352,-0.05520,0.83833,NaN,NaN,NaN,NaN,NaN,NaN,NaN,NaN,NaN,NaN,NaN,NaN,NaN,NaN,NaN,NaN,NaN,NaN,NaN,NaN,NaN,
54.329,-0.02068,-0.00247,0.12961,-0.46855,-0.27358,-0.05482,0.83822,NaN,NaN,NaN,NaN,NaN,NaN,NaN,NaN,NaN,NaN,NaN,NaN,NaN,NaN,NaN,NaN,NaN,NaN,NaN,NaN,NaN,
54.354,-0.02065,-0.00245,0.12958,-0.46892,-0.27358,-0.05426,0.83805,NaN,NaN,NaN,NaN,NaN,NaN,NaN,NaN,NaN,NaN,NaN,NaN,NaN,NaN,NaN,NaN,NaN,NaN,NaN,NaN,NaN,
54.379,-0.02063,-0.00241,0.12958,-0.46912,-0.27360,-0.05393,0.83795,NaN,NaN,NaN,NaN,NaN,NaN,NaN,NaN,NaN,NaN,NaN,NaN,NaN,NaN,NaN,NaN,NaN,NaN,NaN,NaN,NaN,
54.404,-0.02064,-0.00235,0.12963,-0.46917,-0.27365,-0.05379,0.83791,NaN,NaN,NaN,NaN,NaN,NaN,NaN,NaN,NaN,NaN,NaN,NaN,NaN,NaN,NaN,NaN,NaN,NaN,NaN,NaN,NaN,
54.429,-0.02063,-0.00233,0.12972,-0.46947,-0.27340,-0.05364,0.83784,NaN,NaN,NaN,NaN,NaN,NaN,NaN,NaN,NaN,NaN,NaN,NaN,NaN,NaN,NaN,NaN,NaN,NaN,NaN,NaN,NaN,
54.454,-0.02067,-0.00224,0.12971,-0.46958,-0.27371,-0.05310,0.83771,NaN,NaN,NaN,NaN,NaN,NaN,NaN,NaN,NaN,NaN,NaN,NaN,NaN,NaN,NaN,NaN,NaN,NaN,NaN,NaN,NaN,
54.479,-0.02069,-0.00228,0.12971,-0.46931,-0.27394,-0.05322,0.83778,NaN,NaN,NaN,NaN,NaN,NaN,NaN,NaN,NaN,NaN,NaN,NaN,NaN,NaN,NaN,NaN,NaN,NaN,NaN,NaN,NaN,
54.504,-0.02062,-0.00227,0.12971,-0.46953,-0.27382,-0.05303,0.83771,NaN,NaN,NaN,NaN,NaN,NaN,NaN,NaN,NaN,NaN,NaN,NaN,NaN,NaN,NaN,NaN,NaN,NaN,NaN,NaN,NaN,
54.529,-0.02064,-0.00226,0.12968,-0.46969,-0.27387,-0.05274,0.83762,NaN,NaN,NaN,NaN,NaN,NaN,NaN,NaN,NaN,NaN,NaN,NaN,NaN,NaN,NaN,NaN,NaN,NaN,NaN,NaN,NaN,
54.554,-0.02063,-0.00222,0.12974,-0.46994,-0.27382,-0.05241,0.83752,NaN,NaN,NaN,NaN,NaN,NaN,NaN,NaN,NaN,NaN,NaN,NaN,NaN,NaN,NaN,NaN,NaN,NaN,NaN,NaN,NaN,
54.579,-0.02064,-0.00213,0.12979,-0.47031,-0.27390,-0.05175,0.83732,NaN,NaN,NaN,NaN,NaN,NaN,NaN,NaN,NaN,NaN,NaN,NaN,NaN,NaN,NaN,NaN,NaN,NaN,NaN,NaN,NaN,
54.604,-0.02063,-0.00206,0.12981,-0.47070,-0.27401,-0.05102,0.83711,NaN,NaN,NaN,NaN,NaN,NaN,NaN,NaN,NaN,NaN,NaN,NaN,NaN,NaN,NaN,NaN,NaN,NaN,NaN,NaN,NaN,
54.629,-0.02068,-0.00201,0.12974,-0.47076,-0.27429,-0.05058,0.83701,NaN,NaN,NaN,NaN,NaN,NaN,NaN,NaN,NaN,NaN,NaN,NaN,NaN,NaN,NaN,NaN,NaN,NaN,NaN,NaN,NaN,
54.654,-0.02064,-0.00203,0.12972,-0.47088,-0.27430,-0.05039,0.83695,NaN,NaN,NaN,NaN,NaN,NaN,NaN,NaN,NaN,NaN,NaN,NaN,NaN,NaN,NaN,NaN,NaN,NaN,NaN,NaN,NaN,
54.679,-0.02061,-0.00202,0.12971,-0.47106,-0.27436,-0.05004,0.83685,NaN,NaN,NaN,NaN,NaN,NaN,NaN,NaN,NaN,NaN,NaN,NaN,NaN,NaN,NaN,NaN,NaN,NaN,NaN,NaN,NaN,
54.704,-0.02064,-0.00193,0.12981,-0.47162,-0.27409,-0.04952,0.83666,NaN,NaN,NaN,NaN,NaN,NaN,NaN,NaN,NaN,NaN,NaN,NaN,NaN,NaN,NaN,NaN,NaN,NaN,NaN,NaN,NaN,
54.729,-0.02069,-0.00183,0.12979,-0.47173,-0.27457,-0.04875,0.83648,NaN,NaN,NaN,NaN,NaN,NaN,NaN,NaN,NaN,NaN,NaN,NaN,NaN,NaN,NaN,NaN,NaN,NaN,NaN,NaN,NaN,
54.754,-0.02068,-0.00177,0.12982,-0.47205,-0.27458,-0.04825,0.83633,NaN,NaN,NaN,NaN,NaN,NaN,NaN,NaN,NaN,NaN,NaN,NaN,NaN,NaN,NaN,NaN,NaN,NaN,NaN,NaN,NaN,
54.779,-0.02065,-0.00175,0.12982,-0.47235,-0.27477,-0.04754,0.83613,NaN,NaN,NaN,NaN,NaN,NaN,NaN,NaN,NaN,NaN,NaN,NaN,NaN,NaN,NaN,NaN,NaN,NaN,NaN,NaN,NaN,
54.804,-0.02060,-0.00172,0.12980,-0.47287,-0.27477,-0.04675,0.83589,NaN,NaN,NaN,NaN,NaN,NaN,NaN,NaN,NaN,NaN,NaN,NaN,NaN,NaN,NaN,NaN,NaN,NaN,NaN,NaN,NaN,
54.829,-0.02062,-0.00166,0.12980,-0.47301,-0.27492,-0.04635,0.83578,NaN,NaN,NaN,NaN,NaN,NaN,NaN,NaN,NaN,NaN,NaN,NaN,NaN,NaN,NaN,NaN,NaN,NaN,NaN,NaN,NaN,
54.854,-0.02066,-0.00157,0.12980,-0.47324,-0.27519,-0.04567,0.83560,NaN,NaN,NaN,NaN,NaN,NaN,NaN,NaN,NaN,NaN,NaN,NaN,NaN,NaN,NaN,NaN,NaN,NaN,NaN,NaN,NaN,
54.879,-0.02064,-0.00151,0.12982,-0.47374,-0.27521,-0.04487,0.83535,NaN,NaN,NaN,NaN,NaN,NaN,NaN,NaN,NaN,NaN,NaN,NaN,NaN,NaN,NaN,NaN,NaN,NaN,NaN,NaN,NaN,
54.904,-0.02064,-0.00148,0.12976,-0.47410,-0.27544,-0.04403,0.83512,NaN,NaN,NaN,NaN,NaN,NaN,NaN,NaN,NaN,NaN,NaN,NaN,NaN,NaN,NaN,NaN,NaN,NaN,NaN,NaN,NaN,
54.929,-0.02061,-0.00147,0.12971,-0.47442,-0.27552,-0.04344,0.83494,NaN,NaN,NaN,NaN,NaN,NaN,NaN,NaN,NaN,NaN,NaN,NaN,NaN,NaN,NaN,NaN,NaN,NaN,NaN,NaN,NaN,
54.954,-0.02062,-0.00143,0.12980,-0.47466,-0.27544,-0.04316,0.83484,NaN,NaN,NaN,NaN,NaN,NaN,NaN,NaN,NaN,NaN,NaN,NaN,NaN,NaN,NaN,NaN,NaN,NaN,NaN,NaN,NaN,
54.979,-0.02065,-0.00134,0.12986,-0.47506,-0.27560,-0.04235,0.83461,NaN,NaN,NaN,NaN,NaN,NaN,NaN,NaN,NaN,NaN,NaN,NaN,NaN,NaN,NaN,NaN,NaN,NaN,NaN,NaN,NaN,
55.004,-0.02062,-0.00124,0.12984,-0.47578,-0.27569,-0.04112,0.83423,NaN,NaN,NaN,NaN,NaN,NaN,NaN,NaN,NaN,NaN,NaN,NaN,NaN,NaN,NaN,NaN,NaN,NaN,NaN,NaN,NaN,
55.029,-0.02061,-0.00119,0.12981,-0.47610,-0.27608,-0.04014,0.83397,NaN,NaN,NaN,NaN,NaN,NaN,NaN,NaN,NaN,NaN,NaN,NaN,NaN,NaN,NaN,NaN,NaN,NaN,NaN,NaN,NaN,
55.054,-0.02059,-0.00115,0.12974,-0.47653,-0.27621,-0.03931,0.83372,NaN,NaN,NaN,NaN,NaN,NaN,NaN,NaN,NaN,NaN,NaN,NaN,NaN,NaN,NaN,NaN,NaN,NaN,NaN,NaN,NaN,
55.079,-0.02059,-0.00108,0.12976,-0.47687,-0.27615,-0.03885,0.83356,NaN,NaN,NaN,NaN,NaN,NaN,NaN,NaN,NaN,NaN,NaN,NaN,NaN,NaN,NaN,NaN,NaN,NaN,NaN,NaN,NaN,
55.104,-0.02062,-0.00096,0.12979,-0.47748,-0.27622,-0.03782,0.83324,NaN,NaN,NaN,NaN,NaN,NaN,NaN,NaN,NaN,NaN,NaN,NaN,NaN,NaN,NaN,NaN,NaN,NaN,NaN,NaN,NaN,
55.129,-0.02063,-0.00091,0.12978,-0.47806,-0.27629,-0.03682,0.83293,NaN,NaN,NaN,NaN,NaN,NaN,NaN,NaN,NaN,NaN,NaN,NaN,NaN,NaN,NaN,NaN,NaN,NaN,NaN,NaN,NaN,
55.154,-0.02058,-0.00084,0.12975,-0.47879,-0.27641,-0.03553,0.83252,NaN,NaN,NaN,NaN,NaN,NaN,NaN,NaN,NaN,NaN,NaN,NaN,NaN,NaN,NaN,NaN,NaN,NaN,NaN,NaN,NaN,
55.179,-0.02058,-0.00075,0.12982,-0.47929,-0.27638,-0.03479,0.83228,NaN,NaN,NaN,NaN,NaN,NaN,NaN,NaN,NaN,NaN,NaN,NaN,NaN,NaN,NaN,NaN,NaN,NaN,NaN,NaN,NaN,
55.204,-0.02058,-0.00065,0.12983,-0.47985,-0.27658,-0.03365,0.83193,NaN,NaN,NaN,NaN,NaN,NaN,NaN,NaN,NaN,NaN,NaN,NaN,NaN,NaN,NaN,NaN,NaN,NaN,NaN,NaN,NaN,
55.229,-0.02055,-0.00062,0.12975,-0.48060,-0.27683,-0.03216,0.83148,NaN,NaN,NaN,NaN,NaN,NaN,NaN,NaN,NaN,NaN,NaN,NaN,NaN,NaN,NaN,NaN,NaN,NaN,NaN,NaN,NaN,
55.254,-0.02054,-0.00049,0.12964,-0.48130,-0.27739,-0.03036,0.83096,NaN,NaN,NaN,NaN,NaN,NaN,NaN,NaN,NaN,NaN,NaN,NaN,NaN,NaN,NaN,NaN,NaN,NaN,NaN,NaN,NaN,
55.279,-0.02054,-0.00041,0.12966,-0.48185,-0.27753,-0.02930,0.83063,NaN,NaN,NaN,NaN,NaN,NaN,NaN,NaN,NaN,NaN,NaN,NaN,NaN,NaN,NaN,NaN,NaN,NaN,NaN,NaN,NaN,
55.304,-0.02055,-0.00034,0.12962,-0.48243,-0.27785,-0.02797,0.83022,NaN,NaN,NaN,NaN,NaN,NaN,NaN,NaN,NaN,NaN,NaN,NaN,NaN,NaN,NaN,NaN,NaN,NaN,NaN,NaN,NaN,
55.329,-0.02053,-0.00034,0.12957,-0.48301,-0.27795,-0.02694,0.82989,NaN,NaN,NaN,NaN,NaN,NaN,NaN,NaN,NaN,NaN,NaN,NaN,NaN,NaN,NaN,NaN,NaN,NaN,NaN,NaN,NaN,
55.354,-0.02053,-0.00030,0.12949,-0.48346,-0.27837,-0.02569,0.82953,NaN,NaN,NaN,NaN,NaN,NaN,NaN,NaN,NaN,NaN,NaN,NaN,NaN,NaN,NaN,NaN,NaN,NaN,NaN,NaN,NaN,
55.379,-0.02052,-0.00016,0.12950,-0.48429,-0.27837,-0.02437,0.82908,NaN,NaN,NaN,NaN,NaN,NaN,NaN,NaN,NaN,NaN,NaN,NaN,NaN,NaN,NaN,NaN,NaN,NaN,NaN,NaN,NaN,
55.404,-0.02055,-0.00007,0.12953,-0.48490,-0.27842,-0.02332,0.82874,NaN,NaN,NaN,NaN,NaN,NaN,NaN,NaN,NaN,NaN,NaN,NaN,NaN,NaN,NaN,NaN,NaN,NaN,NaN,NaN,NaN,
55.429,-0.02054,-0.00002,0.12949,-0.48530,-0.27858,-0.02248,0.82847,NaN,NaN,NaN,NaN,NaN,NaN,NaN,NaN,NaN,NaN,NaN,NaN,NaN,NaN,NaN,NaN,NaN,NaN,NaN,NaN,NaN,
55.454,-0.02050,-0.00000,0.12941,-0.48591,-0.27872,-0.02133,0.82810,NaN,NaN,NaN,NaN,NaN,NaN,NaN,NaN,NaN,NaN,NaN,NaN,NaN,NaN,NaN,NaN,NaN,NaN,NaN,NaN,NaN,
55.479,-0.02049,0.00010,0.12935,-0.48663,-0.27905,-0.01976,0.82761,NaN,NaN,NaN,NaN,NaN,NaN,NaN,NaN,NaN,NaN,NaN,NaN,NaN,NaN,NaN,NaN,NaN,NaN,NaN,NaN,NaN,
55.504,-0.02053,0.00023,0.12934,-0.48722,-0.27931,-0.01848,0.82720,NaN,NaN,NaN,NaN,NaN,NaN,NaN,NaN,NaN,NaN,NaN,NaN,NaN,NaN,NaN,NaN,NaN,NaN,NaN,NaN,NaN,
55.529,-0.02054,0.00025,0.12936,-0.48759,-0.27938,-0.01779,0.82698,NaN,NaN,NaN,NaN,NaN,NaN,NaN,NaN,NaN,NaN,NaN,NaN,NaN,NaN,NaN,NaN,NaN,NaN,NaN,NaN,NaN,
55.554,-0.02046,0.00028,0.12927,-0.48831,-0.27960,-0.01633,0.82650,NaN,NaN,NaN,NaN,NaN,NaN,NaN,NaN,NaN,NaN,NaN,NaN,NaN,NaN,NaN,NaN,NaN,NaN,NaN,NaN,NaN,
55.579,-0.02046,0.00032,0.12922,-0.48893,-0.27985,-0.01501,0.82608,NaN,NaN,NaN,NaN,NaN,NaN,NaN,NaN,NaN,NaN,NaN,NaN,NaN,NaN,NaN,NaN,NaN,NaN,NaN,NaN,NaN,
55.604,-0.02048,0.00044,0.12930,-0.48972,-0.27985,-0.01373,0.82563,NaN,NaN,NaN,NaN,NaN,NaN,NaN,NaN,NaN,NaN,NaN,NaN,NaN,NaN,NaN,NaN,NaN,NaN,NaN,NaN,NaN,
55.629,-0.02053,0.00055,0.12931,-0.49012,-0.28003,-0.01285,0.82535,NaN,NaN,NaN,NaN,NaN,NaN,NaN,NaN,NaN,NaN,NaN,NaN,NaN,NaN,NaN,NaN,NaN,NaN,NaN,NaN,NaN,
55.654,-0.02048,0.00056,0.12928,-0.49051,-0.28028,-0.01189,0.82505,NaN,NaN,NaN,NaN,NaN,NaN,NaN,NaN,NaN,NaN,NaN,NaN,NaN,NaN,NaN,NaN,NaN,NaN,NaN,NaN,NaN,
55.679,-0.02047,0.00060,0.12920,-0.49098,-0.28051,-0.01083,0.82470,NaN,NaN,NaN,NaN,NaN,NaN,NaN,NaN,NaN,NaN,NaN,NaN,NaN,NaN,NaN,NaN,NaN,NaN,NaN,NaN,NaN,
55.704,-0.02045,0.00061,0.12918,-0.49136,-0.28057,-0.01013,0.82447,NaN,NaN,NaN,NaN,NaN,NaN,NaN,NaN,NaN,NaN,NaN,NaN,NaN,NaN,NaN,NaN,NaN,NaN,NaN,NaN,NaN,
55.729,-0.02045,0.00066,0.12915,-0.49172,-0.28074,-0.00932,0.82420,NaN,NaN,NaN,NaN,NaN,NaN,NaN,NaN,NaN,NaN,NaN,NaN,NaN,NaN,NaN,NaN,NaN,NaN,NaN,NaN,NaN,
55.754,-0.02048,0.00075,0.12921,-0.49221,-0.28085,-0.00837,0.82388,NaN,NaN,NaN,NaN,NaN,NaN,NaN,NaN,NaN,NaN,NaN,NaN,NaN,NaN,NaN,NaN,NaN,NaN,NaN,NaN,NaN,
55.779,-0.02053,0.00085,0.12925,-0.49293,-0.28093,-0.00709,0.82343,NaN,NaN,NaN,NaN,NaN,NaN,NaN,NaN,NaN,NaN,NaN,NaN,NaN,NaN,NaN,NaN,NaN,NaN,NaN,NaN,NaN,
55.804,-0.02053,0.00092,0.12925,-0.49356,-0.28108,-0.00586,0.82302,NaN,NaN,NaN,NaN,NaN,NaN,NaN,NaN,NaN,NaN,NaN,NaN,NaN,NaN,NaN,NaN,NaN,NaN,NaN,NaN,NaN,
55.829,-0.02050,0.00095,0.12923,-0.49396,-0.28123,-0.00502,0.82274,NaN,NaN,NaN,NaN,NaN,NaN,NaN,NaN,NaN,NaN,NaN,NaN,NaN,NaN,NaN,NaN,NaN,NaN,NaN,NaN,NaN,
55.854,-0.02048,0.00096,0.12919,-0.49413,-0.28144,-0.00444,0.82256,NaN,NaN,NaN,NaN,NaN,NaN,NaN,NaN,NaN,NaN,NaN,NaN,NaN,NaN,NaN,NaN,NaN,NaN,NaN,NaN,NaN,
55.879,-0.02045,0.00104,0.12914,-0.49485,-0.28186,-0.00272,0.82199,NaN,NaN,NaN,NaN,NaN,NaN,NaN,NaN,NaN,NaN,NaN,NaN,NaN,NaN,NaN,NaN,NaN,NaN,NaN,NaN,NaN,
55.904,-0.02046,0.00117,0.12920,-0.49588,-0.28189,-0.00096,0.82136,NaN,NaN,NaN,NaN,NaN,NaN,NaN,NaN,NaN,NaN,NaN,NaN,NaN,NaN,NaN,NaN,NaN,NaN,NaN,NaN,NaN,
55.929,-0.02046,0.00132,0.12920,-0.49716,-0.28215,0.00150,0.82050,NaN,NaN,NaN,NaN,NaN,NaN,NaN,NaN,NaN,NaN,NaN,NaN,NaN,NaN,NaN,NaN,NaN,NaN,NaN,NaN,NaN,
55.954,-0.02051,0.00147,0.12923,-0.49823,-0.28225,0.00342,0.81981,NaN,NaN,NaN,NaN,NaN,NaN,NaN,NaN,NaN,NaN,NaN,NaN,NaN,NaN,NaN,NaN,NaN,NaN,NaN,NaN,NaN,
55.979,-0.02052,0.00156,0.12923,-0.49888,-0.28261,0.00499,0.81928,NaN,NaN,NaN,NaN,NaN,NaN,NaN,NaN,NaN,NaN,NaN,NaN,NaN,NaN,NaN,NaN,NaN,NaN,NaN,NaN,NaN,
56.004,-0.02048,0.00160,0.12921,-0.49950,-0.28273,0.00618,0.81886,NaN,NaN,NaN,NaN,NaN,NaN,NaN,NaN,NaN,NaN,NaN,NaN,NaN,NaN,NaN,NaN,NaN,NaN,NaN,NaN,NaN,
56.029,-0.02042,0.00165,0.12916,0.50035,0.28276,-0.00765,-0.81831,NaN,NaN,NaN,NaN,NaN,NaN,NaN,NaN,NaN,NaN,NaN,NaN,NaN,NaN,NaN,NaN,NaN,NaN,NaN,NaN,NaN,
56.054,-0.02043,0.00173,0.12916,0.50119,0.28294,-0.00930,-0.81772,NaN,NaN,NaN,NaN,NaN,NaN,NaN,NaN,NaN,NaN,NaN,NaN,NaN,NaN,NaN,NaN,NaN,NaN,NaN,NaN,NaN,
56.079,-0.02044,0.00185,0.12916,0.50214,0.28334,-0.01145,-0.81697,NaN,NaN,NaN,NaN,NaN,NaN,NaN,NaN,NaN,NaN,NaN,NaN,NaN,NaN,NaN,NaN,NaN,NaN,NaN,NaN,NaN,
56.104,-0.02043,0.00200,0.12921,0.50364,0.28312,-0.01370,-0.81609,NaN,NaN,NaN,NaN,NaN,NaN,NaN,NaN,NaN,NaN,NaN,NaN,NaN,NaN,NaN,NaN,NaN,NaN,NaN,NaN,NaN,
56.129,-0.02047,0.00215,0.12922,0.50477,0.28340,-0.01600,-0.81525,NaN,NaN,NaN,NaN,NaN,NaN,NaN,NaN,NaN,NaN,NaN,NaN,NaN,NaN,NaN,NaN,NaN,NaN,NaN,NaN,NaN,
56.154,-0.02041,0.00240,0.12927,0.50740,0.28316,-0.02019,-0.81361,NaN,NaN,NaN,NaN,NaN,NaN,NaN,NaN,NaN,NaN,NaN,NaN,NaN,NaN,NaN,NaN,NaN,NaN,NaN,NaN,NaN,
56.179,-0.02046,0.00269,0.12923,0.50961,0.28386,-0.02497,-0.81184,NaN,NaN,NaN,NaN,NaN,NaN,NaN,NaN,NaN,NaN,NaN,NaN,NaN,NaN,NaN,NaN,NaN,NaN,NaN,NaN,NaN,
56.204,-0.02042,0.00282,0.12923,0.51135,0.28376,-0.02785,-0.81069,NaN,NaN,NaN,NaN,NaN,NaN,NaN,NaN,NaN,NaN,NaN,NaN,NaN,NaN,NaN,NaN,NaN,NaN,NaN,NaN,NaN,
56.229,-0.02041,0.00294,0.12926,0.51276,0.28381,-0.03040,-0.80969,NaN,NaN,NaN,NaN,NaN,NaN,NaN,NaN,NaN,NaN,NaN,NaN,NaN,NaN,NaN,NaN,NaN,NaN,NaN,NaN,NaN,
56.254,-0.02042,0.00316,0.12920,0.51432,0.28456,-0.03417,-0.80829,NaN,NaN,NaN,NaN,NaN,NaN,NaN,NaN,NaN,NaN,NaN,NaN,NaN,NaN,NaN,NaN,NaN,NaN,NaN,NaN,NaN,
56.279,-0.02041,0.00334,0.12927,0.51567,0.28451,-0.03650,-0.80734,NaN,NaN,NaN,NaN,NaN,NaN,NaN,NaN,NaN,NaN,NaN,NaN,NaN,NaN,NaN,NaN,NaN,NaN,NaN,NaN,NaN,
56.304,-0.02039,0.00346,0.12932,0.51613,0.28473,-0.03761,-0.80692,NaN,NaN,NaN,NaN,NaN,NaN,NaN,NaN,NaN,NaN,NaN,NaN,NaN,NaN,NaN,NaN,NaN,NaN,NaN,NaN,NaN,
56.329,-0.02061,0.00361,0.12938,0.51526,0.28348,-0.03434,-0.80806,NaN,NaN,NaN,NaN,NaN,NaN,NaN,NaN,NaN,NaN,NaN,NaN,NaN,NaN,NaN,NaN,NaN,NaN,NaN,NaN,NaN,
56.354,-0.02040,0.00355,0.12955,0.51562,0.28216,-0.03316,-0.80834,NaN,NaN,NaN,NaN,NaN,NaN,NaN,NaN,NaN,NaN,NaN,NaN,NaN,NaN,NaN,NaN,NaN,NaN,NaN,NaN,NaN,
56.379,-0.02043,0.00364,0.12936,0.51576,0.28249,-0.03386,-0.80811,NaN,NaN,NaN,NaN,NaN,NaN,NaN,NaN,NaN,NaN,NaN,NaN,NaN,NaN,NaN,NaN,NaN,NaN,NaN,NaN,NaN,
56.404,-0.02046,0.00363,0.12949,0.51570,0.28219,-0.03333,-0.80828,NaN,NaN,NaN,NaN,NaN,NaN,NaN,NaN,NaN,NaN,NaN,NaN,NaN,NaN,NaN,NaN,NaN,NaN,NaN,NaN,NaN,
56.429,-0.02045,0.00364,0.12941,0.51593,0.28229,-0.03388,-0.80807,NaN,NaN,NaN,NaN,NaN,NaN,NaN,NaN,NaN,NaN,NaN,NaN,NaN,NaN,NaN,NaN,NaN,NaN,NaN,NaN,NaN,
56.454,-0.02042,0.00361,0.12935,0.51598,0.28252,-0.03428,-0.80794,NaN,NaN,NaN,NaN,NaN,NaN,NaN,NaN,NaN,NaN,NaN,NaN,NaN,NaN,NaN,NaN,NaN,NaN,NaN,NaN,NaN,
56.479,-0.02041,0.00358,0.12939,0.51611,0.28235,-0.03428,-0.80792,NaN,NaN,NaN,NaN,NaN,NaN,NaN,NaN,NaN,NaN,NaN,NaN,NaN,NaN,NaN,NaN,NaN,NaN,NaN,NaN,NaN,
56.504,-0.02040,0.00364,0.12936,0.51643,0.28239,-0.03490,-0.80768,NaN,NaN,NaN,NaN,NaN,NaN,NaN,NaN,NaN,NaN,NaN,NaN,NaN,NaN,NaN,NaN,NaN,NaN,NaN,NaN,NaN,
56.529,-0.02041,0.00370,0.12940,0.51679,0.28220,-0.03528,-0.80749,NaN,NaN,NaN,NaN,NaN,NaN,NaN,NaN,NaN,NaN,NaN,NaN,NaN,NaN,NaN,NaN,NaN,NaN,NaN,NaN,NaN,
56.554,-0.02042,0.00364,0.12943,0.51616,0.28232,-0.03433,-0.80790,NaN,NaN,NaN,NaN,NaN,NaN,NaN,NaN,NaN,NaN,NaN,NaN,NaN,NaN,NaN,NaN,NaN,NaN,NaN,NaN,NaN,
56.579,-0.02043,0.00377,0.12941,0.51739,0.28216,-0.03628,-0.80708,NaN,NaN,NaN,NaN,NaN,NaN,NaN,NaN,NaN,NaN,NaN,NaN,NaN,NaN,NaN,NaN,NaN,NaN,NaN,NaN,NaN,
56.604,-0.02040,0.00378,0.12939,0.51802,0.28205,-0.03725,-0.80667,NaN,NaN,NaN,NaN,NaN,NaN,NaN,NaN,NaN,NaN,NaN,NaN,NaN,NaN,NaN,NaN,NaN,NaN,NaN,NaN,NaN,
56.629,-0.02042,0.00381,0.12931,0.51856,0.28238,-0.03868,-0.80614,NaN,NaN,NaN,NaN,NaN,NaN,NaN,NaN,NaN,NaN,NaN,NaN,NaN,NaN,NaN,NaN,NaN,NaN,NaN,NaN,NaN,
56.654,-0.02038,0.00395,0.12932,0.51999,0.28225,-0.04104,-0.80515,NaN,NaN,NaN,NaN,NaN,NaN,NaN,NaN,NaN,NaN,NaN,NaN,NaN,NaN,NaN,NaN,NaN,NaN,NaN,NaN,NaN,
56.679,-0.02043,0.00411,0.12939,0.52130,0.28233,-0.04352,-0.80414,NaN,NaN,NaN,NaN,NaN,NaN,NaN,NaN,NaN,NaN,NaN,NaN,NaN,NaN,NaN,NaN,NaN,NaN,NaN,NaN,NaN,
56.704,-0.02027,0.00430,0.12949,0.52446,0.28173,-0.04838,-0.80202,NaN,NaN,NaN,NaN,NaN,NaN,NaN,NaN,NaN,NaN,NaN,NaN,NaN,NaN,NaN,NaN,NaN,NaN,NaN,NaN,NaN,
56.729,-0.02039,0.00463,0.12940,0.52659,0.28213,-0.05284,-0.80020,NaN,NaN,NaN,NaN,NaN,NaN,NaN,NaN,NaN,NaN,NaN,NaN,NaN,NaN,NaN,NaN,NaN,NaN,NaN,NaN,NaN,
56.754,-0.02039,0.00478,0.12937,0.52799,0.28176,-0.05488,-0.79927,NaN,NaN,NaN,NaN,NaN,NaN,NaN,NaN,NaN,NaN,NaN,NaN,NaN,NaN,NaN,NaN,NaN,NaN,NaN,NaN,NaN,
56.779,-0.02028,0.00490,0.12931,0.52940,0.28033,-0.05545,-0.79880,NaN,NaN,NaN,NaN,NaN,NaN,NaN,NaN,NaN,NaN,NaN,NaN,NaN,NaN,NaN,NaN,NaN,NaN,NaN,NaN,NaN,
56.804,-0.01995,0.00502,0.12942,0.53218,0.27638,-0.05499,-0.79836,NaN,NaN,NaN,NaN,NaN,NaN,NaN,NaN,NaN,NaN,NaN,NaN,NaN,NaN,NaN,NaN,NaN,NaN,NaN,NaN,NaN,
56.829,-0.01992,0.00512,0.12946,0.53287,0.27520,-0.05460,-0.79833,NaN,NaN,NaN,NaN,NaN,NaN,NaN,NaN,NaN,NaN,NaN,NaN,NaN,NaN,NaN,NaN,NaN,NaN,NaN,NaN,NaN,
56.854,-0.01985,0.00523,0.12955,0.53422,0.27402,-0.05543,-0.79778,NaN,NaN,NaN,NaN,NaN,NaN,NaN,NaN,NaN,NaN,NaN,NaN,NaN,NaN,NaN,NaN,NaN,NaN,NaN,NaN,NaN,
56.879,-0.01977,0.00537,0.12965,0.53582,0.27226,-0.05591,-0.79727,NaN,NaN,NaN,NaN,NaN,NaN,NaN,NaN,NaN,NaN,NaN,NaN,NaN,NaN,NaN,NaN,NaN,NaN,NaN,NaN,NaN,
56.904,-0.01960,0.00541,0.12966,0.53731,0.27102,-0.05694,-0.79662,NaN,NaN,NaN,NaN,NaN,NaN,NaN,NaN,NaN,NaN,NaN,NaN,NaN,NaN,NaN,NaN,NaN,NaN,NaN,NaN,NaN,
56.929,-0.01955,0.00550,0.12962,0.53842,0.27028,-0.05795,-0.79605,NaN,NaN,NaN,NaN,NaN,NaN,NaN,NaN,NaN,NaN,NaN,NaN,NaN,NaN,NaN,NaN,NaN,NaN,NaN,NaN,NaN,
56.954,-0.01950,0.00557,0.12961,0.53928,0.26988,-0.05899,-0.79553,NaN,NaN,NaN,NaN,NaN,NaN,NaN,NaN,NaN,NaN,NaN,NaN,NaN,NaN,NaN,NaN,NaN,NaN,NaN,NaN,NaN,
56.979,-0.01951,0.00566,0.12963,0.53998,0.26970,-0.06006,-0.79503,NaN,NaN,NaN,NaN,NaN,NaN,NaN,NaN,NaN,NaN,NaN,NaN,NaN,NaN,NaN,NaN,NaN,NaN,NaN,NaN,NaN,
57.004,-0.01951,0.00577,0.12968,0.54096,0.26944,-0.06154,-0.79434,NaN,NaN,NaN,NaN,NaN,NaN,NaN,NaN,NaN,NaN,NaN,NaN,NaN,NaN,NaN,NaN,NaN,NaN,NaN,NaN,NaN,
57.029,-0.01951,0.00585,0.12972,0.54205,0.26907,-0.06306,-0.79360,NaN,NaN,NaN,NaN,NaN,NaN,NaN,NaN,NaN,NaN,NaN,NaN,NaN,NaN,NaN,NaN,NaN,NaN,NaN,NaN,NaN,
57.054,-0.01947,0.00591,0.12972,0.54313,0.26875,-0.06464,-0.79285,NaN,NaN,NaN,NaN,NaN,NaN,NaN,NaN,NaN,NaN,NaN,NaN,NaN,NaN,NaN,NaN,NaN,NaN,NaN,NaN,NaN,
57.079,-0.01946,0.00596,0.12968,0.54385,0.26873,-0.06598,-0.79225,NaN,NaN,NaN,NaN,NaN,NaN,NaN,NaN,NaN,NaN,NaN,NaN,NaN,NaN,NaN,NaN,NaN,NaN,NaN,NaN,NaN,
57.104,-0.01940,0.00599,0.12969,0.54464,0.26836,-0.06696,-0.79174,NaN,NaN,NaN,NaN,NaN,NaN,NaN,NaN,NaN,NaN,NaN,NaN,NaN,NaN,NaN,NaN,NaN,NaN,NaN,NaN,NaN,
57.129,-0.01940,0.00604,0.12973,0.54500,0.26830,-0.06753,-0.79148,NaN,NaN,NaN,NaN,NaN,NaN,NaN,NaN,NaN,NaN,NaN,NaN,NaN,NaN,NaN,NaN,NaN,NaN,NaN,NaN,NaN,
57.154,-0.01938,0.00614,0.12978,0.54598,0.26804,-0.06903,-0.79076,NaN,NaN,NaN,NaN,NaN,NaN,NaN,NaN,NaN,NaN,NaN,NaN,NaN,NaN,NaN,NaN,NaN,NaN,NaN,NaN,NaN,
57.179,-0.01942,0.00626,0.12977,0.54672,0.26810,-0.07053,-0.79009,NaN,NaN,NaN,NaN,NaN,NaN,NaN,NaN,NaN,NaN,NaN,NaN,NaN,NaN,NaN,NaN,NaN,NaN,NaN,NaN,NaN,
57.204,-0.01941,0.00631,0.12978,0.54736,0.26795,-0.07155,-0.78961,NaN,NaN,NaN,NaN,NaN,NaN,NaN,NaN,NaN,NaN,NaN,NaN,NaN,NaN,NaN,NaN,NaN,NaN,NaN,NaN,NaN,
57.229,-0.01939,0.00630,0.12981,0.54787,0.26774,-0.07222,-0.78927,NaN,NaN,NaN,NaN,NaN,NaN,NaN,NaN,NaN,NaN,NaN,NaN,NaN,NaN,NaN,NaN,NaN,NaN,NaN,NaN,NaN,
57.254,-0.01937,0.00631,0.12973,0.54828,0.26754,-0.07272,-0.78900,NaN,NaN,NaN,NaN,NaN,NaN,NaN,NaN,NaN,NaN,NaN,NaN,NaN,NaN,NaN,NaN,NaN,NaN,NaN,NaN,NaN,
57.279,-0.01934,0.00628,0.12973,0.54831,0.26747,-0.07267,-0.78901,NaN,NaN,NaN,NaN,NaN,NaN,NaN,NaN,NaN,NaN,NaN,NaN,NaN,NaN,NaN,NaN,NaN,NaN,NaN,NaN,NaN,
57.304,-0.01935,0.00629,0.12978,0.54834,0.26742,-0.07266,-0.78901,NaN,NaN,NaN,NaN,NaN,NaN,NaN,NaN,NaN,NaN,NaN,NaN,NaN,NaN,NaN,NaN,NaN,NaN,NaN,NaN,NaN,
57.329,-0.01935,0.00637,0.12983,0.54862,0.26735,-0.07310,-0.78880,NaN,NaN,NaN,NaN,NaN,NaN,NaN,NaN,NaN,NaN,NaN,NaN,NaN,NaN,NaN,NaN,NaN,NaN,NaN,NaN,NaN,
57.354,-0.01936,0.00638,0.12988,0.54867,0.26730,-0.07314,-0.78877,NaN,NaN,NaN,NaN,NaN,NaN,NaN,NaN,NaN,NaN,NaN,NaN,NaN,NaN,NaN,NaN,NaN,NaN,NaN,NaN,NaN,
57.379,-0.01935,0.00641,0.12982,0.54912,0.26731,-0.07401,-0.78837,NaN,NaN,NaN,NaN,NaN,NaN,NaN,NaN,NaN,NaN,NaN,NaN,NaN,NaN,NaN,NaN,NaN,NaN,NaN,NaN,NaN,
57.404,-0.01931,0.00640,0.12977,0.54988,0.26720,-0.07532,-0.78776,NaN,NaN,NaN,NaN,NaN,NaN,NaN,NaN,NaN,NaN,NaN,NaN,NaN,NaN,NaN,NaN,NaN,NaN,NaN,NaN,NaN,
57.429,-0.01931,0.00650,0.12967,0.55128,0.26736,-0.07827,-0.78644,NaN,NaN,NaN,NaN,NaN,NaN,NaN,NaN,NaN,NaN,NaN,NaN,NaN,NaN,NaN,NaN,NaN,NaN,NaN,NaN,NaN,
57.454,-0.01930,0.00663,0.12971,0.55305,0.26688,-0.08103,-0.78508,NaN,NaN,NaN,NaN,NaN,NaN,NaN,NaN,NaN,NaN,NaN,NaN,NaN,NaN,NaN,NaN,NaN,NaN,NaN,NaN,NaN,
57.479,-0.01932,0.00682,0.12976,0.55481,0.26645,-0.08385,-0.78368,NaN,NaN,NaN,NaN,NaN,NaN,NaN,NaN,NaN,NaN,NaN,NaN,NaN,NaN,NaN,NaN,NaN,NaN,NaN,NaN,NaN,
57.504,-0.01930,0.00699,0.12980,0.55670,0.26594,-0.08684,-0.78219,NaN,NaN,NaN,NaN,NaN,NaN,NaN,NaN,NaN,NaN,NaN,NaN,NaN,NaN,NaN,NaN,NaN,NaN,NaN,NaN,NaN,
57.529,-0.01921,0.00710,0.12984,0.55881,0.26504,-0.08972,-0.78066,NaN,NaN,NaN,NaN,NaN,NaN,NaN,NaN,NaN,NaN,NaN,NaN,NaN,NaN,NaN,NaN,NaN,NaN,NaN,NaN,NaN,
57.554,-0.01916,0.00721,0.12975,0.56069,0.26462,-0.09286,-0.77909,NaN,NaN,NaN,NaN,NaN,NaN,NaN,NaN,NaN,NaN,NaN,NaN,NaN,NaN,NaN,NaN,NaN,NaN,NaN,NaN,NaN,
57.579,-0.01906,0.00744,0.12963,0.56391,0.26390,-0.09829,-0.77634,NaN,NaN,NaN,NaN,NaN,NaN,NaN,NaN,NaN,NaN,NaN,NaN,NaN,NaN,NaN,NaN,NaN,NaN,NaN,NaN,NaN,
57.604,-0.01895,0.00768,0.12973,0.56740,0.26194,-0.10248,-0.77391,NaN,NaN,NaN,NaN,NaN,NaN,NaN,NaN,NaN,NaN,NaN,NaN,NaN,NaN,NaN,NaN,NaN,NaN,NaN,NaN,NaN,
57.629,-0.01889,0.00789,0.12981,0.57039,0.26033,-0.10622,-0.77175,NaN,NaN,NaN,NaN,NaN,NaN,NaN,NaN,NaN,NaN,NaN,NaN,NaN,NaN,NaN,NaN,NaN,NaN,NaN,NaN,NaN,
57.654,-0.01893,0.00812,0.12982,0.57257,0.25950,-0.10949,-0.76996,NaN,NaN,NaN,NaN,NaN,NaN,NaN,NaN,NaN,NaN,NaN,NaN,NaN,NaN,NaN,NaN,NaN,NaN,NaN,NaN,NaN,
57.679,-0.01881,0.00821,0.12979,0.57372,0.25918,-0.11141,-0.76893,NaN,NaN,NaN,NaN,NaN,NaN,NaN,NaN,NaN,NaN,NaN,NaN,NaN,NaN,NaN,NaN,NaN,NaN,NaN,NaN,NaN,
57.704,-0.01855,0.00825,0.12985,0.57478,0.25601,-0.10881,-0.76958,NaN,NaN,NaN,NaN,NaN,NaN,NaN,NaN,NaN,NaN,NaN,NaN,NaN,NaN,NaN,NaN,NaN,NaN,NaN,NaN,NaN,
57.729,-0.01814,0.00825,0.13005,0.57588,0.25185,-0.10484,-0.77068,NaN,NaN,NaN,NaN,NaN,NaN,NaN,NaN,NaN,NaN,NaN,NaN,NaN,NaN,NaN,NaN,NaN,NaN,NaN,NaN,NaN,
57.754,-0.01789,0.00830,0.13016,0.57676,0.24941,-0.10302,-0.77106,NaN,NaN,NaN,NaN,NaN,NaN,NaN,NaN,NaN,NaN,NaN,NaN,NaN,NaN,NaN,NaN,NaN,NaN,NaN,NaN,NaN,
57.779,-0.01784,0.00839,0.13021,0.57767,0.24872,-0.10389,-0.77048,NaN,NaN,NaN,NaN,NaN,NaN,NaN,NaN,NaN,NaN,NaN,NaN,NaN,NaN,NaN,NaN,NaN,NaN,NaN,NaN,NaN,
57.804,-0.01789,0.00843,0.13017,0.57796,0.24903,-0.10496,-0.77002,NaN,NaN,NaN,NaN,NaN,NaN,NaN,NaN,NaN,NaN,NaN,NaN,NaN,NaN,NaN,NaN,NaN,NaN,NaN,NaN,NaN,
57.829,-0.01785,0.00845,0.13008,0.57855,0.24896,-0.10608,-0.76944,NaN,NaN,NaN,NaN,NaN,NaN,NaN,NaN,NaN,NaN,NaN,NaN,NaN,NaN,NaN,NaN,NaN,NaN,NaN,NaN,NaN,
57.854,-0.01784,0.00845,0.13004,0.57878,0.24887,-0.10644,-0.76925,NaN,NaN,NaN,NaN,NaN,NaN,NaN,NaN,NaN,NaN,NaN,NaN,NaN,NaN,NaN,NaN,NaN,NaN,NaN,NaN,NaN,
57.879,-0.01785,0.00848,0.13004,0.57912,0.24865,-0.10679,-0.76902,NaN,NaN,NaN,NaN,NaN,NaN,NaN,NaN,NaN,NaN,NaN,NaN,NaN,NaN,NaN,NaN,NaN,NaN,NaN,NaN,NaN,
57.904,-0.01787,0.00852,0.13007,0.57940,0.24837,-0.10696,-0.76888,NaN,NaN,NaN,NaN,NaN,NaN,NaN,NaN,NaN,NaN,NaN,NaN,NaN,NaN,NaN,NaN,NaN,NaN,NaN,NaN,NaN,
57.929,-0.01785,0.00852,0.13014,0.57965,0.24809,-0.10707,-0.76876,NaN,NaN,NaN,NaN,NaN,NaN,NaN,NaN,NaN,NaN,NaN,NaN,NaN,NaN,NaN,NaN,NaN,NaN,NaN,NaN,NaN,
57.954,-0.01786,0.00855,0.13016,0.57976,0.24804,-0.10723,-0.76868,NaN,NaN,NaN,NaN,NaN,NaN,NaN,NaN,NaN,NaN,NaN,NaN,NaN,NaN,NaN,NaN,NaN,NaN,NaN,NaN,NaN,
57.979,-0.01786,0.00859,0.13020,0.58003,0.24783,-0.10748,-0.76850,NaN,NaN,NaN,NaN,NaN,NaN,NaN,NaN,NaN,NaN,NaN,NaN,NaN,NaN,NaN,NaN,NaN,NaN,NaN,NaN,NaN,
58.004,-0.01789,0.00860,0.13009,0.58008,0.24809,-0.10799,-0.76831,NaN,NaN,NaN,NaN,NaN,NaN,NaN,NaN,NaN,NaN,NaN,NaN,NaN,NaN,NaN,NaN,NaN,NaN,NaN,NaN,NaN,
58.029,-0.01787,0.00856,0.13007,0.58015,0.24818,-0.10827,-0.76818,NaN,NaN,NaN,NaN,NaN,NaN,NaN,NaN,NaN,NaN,NaN,NaN,NaN,NaN,NaN,NaN,NaN,NaN,NaN,NaN,NaN,
58.054,-0.01784,0.00856,0.13001,0.58058,0.24810,-0.10905,-0.76778,NaN,NaN,NaN,NaN,NaN,NaN,NaN,NaN,NaN,NaN,NaN,NaN,NaN,NaN,NaN,NaN,NaN,NaN,NaN,NaN,NaN,
58.079,-0.01784,0.00858,0.13002,0.58082,0.24804,-0.10948,-0.76755,NaN,NaN,NaN,NaN,NaN,NaN,NaN,NaN,NaN,NaN,NaN,NaN,NaN,NaN,NaN,NaN,NaN,NaN,NaN,NaN,NaN,
58.104,-0.01785,0.00860,0.13000,0.58118,0.24792,-0.11002,-0.76725,NaN,NaN,NaN,NaN,NaN,NaN,NaN,NaN,NaN,NaN,NaN,NaN,NaN,NaN,NaN,NaN,NaN,NaN,NaN,NaN,NaN,
58.129,-0.01785,0.00863,0.13009,0.58162,0.24757,-0.11045,-0.76696,NaN,NaN,NaN,NaN,NaN,NaN,NaN,NaN,NaN,NaN,NaN,NaN,NaN,NaN,NaN,NaN,NaN,NaN,NaN,NaN,NaN,
58.154,-0.01787,0.00871,0.13011,0.58219,0.24740,-0.11140,-0.76644,NaN,NaN,NaN,NaN,NaN,NaN,NaN,NaN,NaN,NaN,NaN,NaN,NaN,NaN,NaN,NaN,NaN,NaN,NaN,NaN,NaN,
58.179,-0.01758,0.00878,0.13025,0.58568,0.24534,-0.11569,-0.76381,NaN,NaN,NaN,NaN,NaN,NaN,NaN,NaN,NaN,NaN,NaN,NaN,NaN,NaN,NaN,NaN,NaN,NaN,NaN,NaN,NaN,
58.204,-0.01779,0.00906,0.13003,0.58720,0.24544,-0.11911,-0.76208,NaN,NaN,NaN,NaN,NaN,NaN,NaN,NaN,NaN,NaN,NaN,NaN,NaN,NaN,NaN,NaN,NaN,NaN,NaN,NaN,NaN,
58.229,-0.01766,0.00913,0.12998,0.58890,0.24439,-0.12117,-0.76078,NaN,NaN,NaN,NaN,NaN,NaN,NaN,NaN,NaN,NaN,NaN,NaN,NaN,NaN,NaN,NaN,NaN,NaN,NaN,NaN,NaN,
58.254,-0.01763,0.00918,0.12999,0.58979,0.24372,-0.12208,-0.76016,NaN,NaN,NaN,NaN,NaN,NaN,NaN,NaN,NaN,NaN,NaN,NaN,NaN,NaN,NaN,NaN,NaN,NaN,NaN,NaN,NaN,
58.279,-0.01766,0.00926,0.12997,0.59032,0.24338,-0.12272,-0.75975,NaN,NaN,NaN,NaN,NaN,NaN,NaN,NaN,NaN,NaN,NaN,NaN,NaN,NaN,NaN,NaN,NaN,NaN,NaN,NaN,NaN,
58.304,-0.01760,0.00924,0.13002,0.59060,0.24301,-0.12273,-0.75966,NaN,NaN,NaN,NaN,NaN,NaN,NaN,NaN,NaN,NaN,NaN,NaN,NaN,NaN,NaN,NaN,NaN,NaN,NaN,NaN,NaN,
58.329,-0.01760,0.00923,0.12996,0.59089,0.24293,-0.12327,-0.75936,NaN,NaN,NaN,NaN,NaN,NaN,NaN,NaN,NaN,NaN,NaN,NaN,NaN,NaN,NaN,NaN,NaN,NaN,NaN,NaN,NaN,
58.354,-0.01756,0.00924,0.12984,0.59160,0.24265,-0.12437,-0.75873,NaN,NaN,NaN,NaN,NaN,NaN,NaN,NaN,NaN,NaN,NaN,NaN,NaN,NaN,NaN,NaN,NaN,NaN,NaN,NaN,NaN,
58.379,-0.01752,0.00932,0.12989,0.59334,0.24148,-0.12639,-0.75740,NaN,NaN,NaN,NaN,NaN,NaN,NaN,NaN,NaN,NaN,NaN,NaN,NaN,NaN,NaN,NaN,NaN,NaN,NaN,NaN,NaN,
58.404,-0.01751,0.00965,0.12974,0.59679,0.24071,-0.13282,-0.75383,NaN,NaN,NaN,NaN,NaN,NaN,NaN,NaN,NaN,NaN,NaN,NaN,NaN,NaN,NaN,NaN,NaN,NaN,NaN,NaN,NaN,
58.429,-0.01714,0.00971,0.12996,0.60018,0.23648,-0.13381,-0.75230,NaN,NaN,NaN,NaN,NaN,NaN,NaN,NaN,NaN,NaN,NaN,NaN,NaN,NaN,NaN,NaN,NaN,NaN,NaN,NaN,NaN,
58.454,-0.01705,0.00980,0.12977,0.60176,0.23580,-0.13631,-0.75080,NaN,NaN,NaN,NaN,NaN,NaN,NaN,NaN,NaN,NaN,NaN,NaN,NaN,NaN,NaN,NaN,NaN,NaN,NaN,NaN,NaN,
58.479,-0.01703,0.00990,0.12971,0.60296,0.23500,-0.13776,-0.74982,NaN,NaN,NaN,NaN,NaN,NaN,NaN,NaN,NaN,NaN,NaN,NaN,NaN,NaN,NaN,NaN,NaN,NaN,NaN,NaN,NaN,
58.504,-0.01687,0.00998,0.12976,0.60467,0.23298,-0.13848,-0.74894,NaN,NaN,NaN,NaN,NaN,NaN,NaN,NaN,NaN,NaN,NaN,NaN,NaN,NaN,NaN,NaN,NaN,NaN,NaN,NaN,NaN,
58.529,-0.01682,0.01006,0.12980,0.60543,0.23167,-0.13816,-0.74879,NaN,NaN,NaN,NaN,NaN,NaN,NaN,NaN,NaN,NaN,NaN,NaN,NaN,NaN,NaN,NaN,NaN,NaN,NaN,NaN,NaN,
58.554,-0.01666,0.01005,0.12985,0.60596,0.23030,-0.13721,-0.74897,NaN,NaN,NaN,NaN,NaN,NaN,NaN,NaN,NaN,NaN,NaN,NaN,NaN,NaN,NaN,NaN,NaN,NaN,NaN,NaN,NaN,
58.579,-0.01652,0.01004,0.12982,0.60669,0.22912,-0.13703,-0.74877,NaN,NaN,NaN,NaN,NaN,NaN,NaN,NaN,NaN,NaN,NaN,NaN,NaN,NaN,NaN,NaN,NaN,NaN,NaN,NaN,NaN,
58.604,-0.01643,0.01013,0.12979,0.60810,0.22796,-0.13844,-0.74772,NaN,NaN,NaN,NaN,NaN,NaN,NaN,NaN,NaN,NaN,NaN,NaN,NaN,NaN,NaN,NaN,NaN,NaN,NaN,NaN,NaN,
58.629,-0.01638,0.01020,0.12993,0.60902,0.22704,-0.13911,-0.74712,NaN,NaN,NaN,NaN,NaN,NaN,NaN,NaN,NaN,NaN,NaN,NaN,NaN,NaN,NaN,NaN,NaN,NaN,NaN,NaN,NaN,
58.654,-0.01634,0.01031,0.13004,0.61012,0.22616,-0.14024,-0.74628,NaN,NaN,NaN,NaN,NaN,NaN,NaN,NaN,NaN,NaN,NaN,NaN,NaN,NaN,NaN,NaN,NaN,NaN,NaN,NaN,NaN,
58.679,-0.01631,0.01036,0.13001,0.61130,0.22551,-0.14192,-0.74520,NaN,NaN,NaN,NaN,NaN,NaN,NaN,NaN,NaN,NaN,NaN,NaN,NaN,NaN,NaN,NaN,NaN,NaN,NaN,NaN,NaN,
58.704,-0.01631,0.01041,0.12998,0.61175,0.22538,-0.14277,-0.74470,NaN,NaN,NaN,NaN,NaN,NaN,NaN,NaN,NaN,NaN,NaN,NaN,NaN,NaN,NaN,NaN,NaN,NaN,NaN,NaN,NaN,
58.729,-0.01631,0.01041,0.12998,0.61175,0.22538,-0.14277,-0.74470,NaN,NaN,NaN,NaN,NaN,NaN,NaN,NaN,NaN,NaN,NaN,NaN,NaN,NaN,NaN,NaN,NaN,NaN,NaN,NaN,NaN,
58.754,-0.01626,0.01042,0.13015,0.61238,0.22465,-0.14309,-0.74434,NaN,NaN,NaN,NaN,NaN,NaN,NaN,NaN,NaN,NaN,NaN,NaN,NaN,NaN,NaN,NaN,NaN,NaN,NaN,NaN,NaN,
58.779,-0.01626,0.01051,0.13036,0.61320,0.22389,-0.14378,-0.74376,NaN,NaN,NaN,NaN,NaN,NaN,NaN,NaN,NaN,NaN,NaN,NaN,NaN,NaN,NaN,NaN,NaN,NaN,NaN,NaN,NaN,
58.804,-0.01627,0.01056,0.13032,0.61352,0.22412,-0.14488,-0.74322,NaN,NaN,NaN,NaN,NaN,NaN,NaN,NaN,NaN,NaN,NaN,NaN,NaN,NaN,NaN,NaN,NaN,NaN,NaN,NaN,NaN,
58.829,-0.01620,0.01055,0.13037,0.61402,0.22375,-0.14547,-0.74280,NaN,NaN,NaN,NaN,NaN,NaN,NaN,NaN,NaN,NaN,NaN,NaN,NaN,NaN,NaN,NaN,NaN,NaN,NaN,NaN,NaN,
58.854,-0.01622,0.01060,0.13038,0.61435,0.22362,-0.14603,-0.74246,NaN,NaN,NaN,NaN,NaN,NaN,NaN,NaN,NaN,NaN,NaN,NaN,NaN,NaN,NaN,NaN,NaN,NaN,NaN,NaN,NaN,
58.879,-0.01623,0.01063,0.13044,0.61464,0.22341,-0.14638,-0.74221,NaN,NaN,NaN,NaN,NaN,NaN,NaN,NaN,NaN,NaN,NaN,NaN,NaN,NaN,NaN,NaN,NaN,NaN,NaN,NaN,NaN,
58.904,-0.01623,0.01067,0.13043,0.61514,0.22320,-0.14720,-0.74170,NaN,NaN,NaN,NaN,NaN,NaN,NaN,NaN,NaN,NaN,NaN,NaN,NaN,NaN,NaN,NaN,NaN,NaN,NaN,NaN,NaN,
58.929,-0.01622,0.01068,0.13044,0.61572,0.22288,-0.14805,-0.74115,NaN,NaN,NaN,NaN,NaN,NaN,NaN,NaN,NaN,NaN,NaN,NaN,NaN,NaN,NaN,NaN,NaN,NaN,NaN,NaN,NaN,
58.954,-0.01619,0.01069,0.13043,0.61630,0.22249,-0.14879,-0.74064,NaN,NaN,NaN,NaN,NaN,NaN,NaN,NaN,NaN,NaN,NaN,NaN,NaN,NaN,NaN,NaN,NaN,NaN,NaN,NaN,NaN,
58.979,-0.01619,0.01072,0.13046,0.61661,0.22225,-0.14914,-0.74038,NaN,NaN,NaN,NaN,NaN,NaN,NaN,NaN,NaN,NaN,NaN,NaN,NaN,NaN,NaN,NaN,NaN,NaN,NaN,NaN,NaN,
59.004,-0.01618,0.01077,0.13054,0.61701,0.22188,-0.14951,-0.74008,NaN,NaN,NaN,NaN,NaN,NaN,NaN,NaN,NaN,NaN,NaN,NaN,NaN,NaN,NaN,NaN,NaN,NaN,NaN,NaN,NaN,
59.029,-0.01623,0.01085,0.13059,0.61776,0.22128,-0.15031,-0.73947,NaN,NaN,NaN,NaN,NaN,NaN,NaN,NaN,NaN,NaN,NaN,NaN,NaN,NaN,NaN,NaN,NaN,NaN,NaN,NaN,NaN,
59.054,-0.01621,0.01104,0.13042,0.62103,0.21996,-0.15599,-0.73594,NaN,NaN,NaN,NaN,NaN,NaN,NaN,NaN,NaN,NaN,NaN,NaN,NaN,NaN,NaN,NaN,NaN,NaN,NaN,NaN,NaN,
59.079,-0.01616,0.01118,0.13026,0.62546,0.21729,-0.16238,-0.73159,NaN,NaN,NaN,NaN,NaN,NaN,NaN,NaN,NaN,NaN,NaN,NaN,NaN,NaN,NaN,NaN,NaN,NaN,NaN,NaN,NaN,
59.104,-0.01623,0.01134,0.13015,0.62881,0.21556,-0.16778,-0.72800,NaN,NaN,NaN,NaN,NaN,NaN,NaN,NaN,NaN,NaN,NaN,NaN,NaN,NaN,NaN,NaN,NaN,NaN,NaN,NaN,NaN,
59.129,-0.01621,0.01145,0.13006,0.63132,0.21392,-0.17134,-0.72548,NaN,NaN,NaN,NaN,NaN,NaN,NaN,NaN,NaN,NaN,NaN,NaN,NaN,NaN,NaN,NaN,NaN,NaN,NaN,NaN,NaN,
59.154,-0.01621,0.01149,0.13010,0.63250,0.21295,-0.17270,-0.72441,NaN,NaN,NaN,NaN,NaN,NaN,NaN,NaN,NaN,NaN,NaN,NaN,NaN,NaN,NaN,NaN,NaN,NaN,NaN,NaN,NaN,
59.179,-0.01618,0.01151,0.13009,0.63367,0.21204,-0.17413,-0.72332,NaN,NaN,NaN,NaN,NaN,NaN,NaN,NaN,NaN,NaN,NaN,NaN,NaN,NaN,NaN,NaN,NaN,NaN,NaN,NaN,NaN,
59.204,-0.01613,0.01155,0.12992,0.63569,0.21072,-0.17706,-0.72121,NaN,NaN,NaN,NaN,NaN,NaN,NaN,NaN,NaN,NaN,NaN,NaN,NaN,NaN,NaN,NaN,NaN,NaN,NaN,NaN,NaN,
59.229,-0.01616,0.01163,0.12975,0.63746,0.20987,-0.18016,-0.71913,NaN,NaN,NaN,NaN,NaN,NaN,NaN,NaN,NaN,NaN,NaN,NaN,NaN,NaN,NaN,NaN,NaN,NaN,NaN,NaN,NaN,
59.254,-0.01615,0.01171,0.12964,0.63897,0.20881,-0.18229,-0.71755,NaN,NaN,NaN,NaN,NaN,NaN,NaN,NaN,NaN,NaN,NaN,NaN,NaN,NaN,NaN,NaN,NaN,NaN,NaN,NaN,NaN,
59.279,-0.01616,0.01179,0.12961,0.64040,0.20773,-0.18418,-0.71611,NaN,NaN,NaN,NaN,NaN,NaN,NaN,NaN,NaN,NaN,NaN,NaN,NaN,NaN,NaN,NaN,NaN,NaN,NaN,NaN,NaN,
59.304,-0.01618,0.01182,0.12962,0.64119,0.20700,-0.18499,-0.71541,NaN,NaN,NaN,NaN,NaN,NaN,NaN,NaN,NaN,NaN,NaN,NaN,NaN,NaN,NaN,NaN,NaN,NaN,NaN,NaN,NaN,
59.329,-0.01616,0.01184,0.12950,0.64237,0.20625,-0.18682,-0.71409,NaN,NaN,NaN,NaN,NaN,NaN,NaN,NaN,NaN,NaN,NaN,NaN,NaN,NaN,NaN,NaN,NaN,NaN,NaN,NaN,NaN,
59.354,-0.01616,0.01189,0.12939,0.64392,0.20527,-0.18925,-0.71233,NaN,NaN,NaN,NaN,NaN,NaN,NaN,NaN,NaN,NaN,NaN,NaN,NaN,NaN,NaN,NaN,NaN,NaN,NaN,NaN,NaN,
59.379,-0.01618,0.01193,0.12942,0.64497,0.20440,-0.19054,-0.71128,NaN,NaN,NaN,NaN,NaN,NaN,NaN,NaN,NaN,NaN,NaN,NaN,NaN,NaN,NaN,NaN,NaN,NaN,NaN,NaN,NaN,
59.404,-0.01619,0.01198,0.12948,0.64583,0.20371,-0.19164,-0.71041,NaN,NaN,NaN,NaN,NaN,NaN,NaN,NaN,NaN,NaN,NaN,NaN,NaN,NaN,NaN,NaN,NaN,NaN,NaN,NaN,NaN,
59.429,-0.01616,0.01206,0.12949,0.64742,0.20243,-0.19368,-0.70878,NaN,NaN,NaN,NaN,NaN,NaN,NaN,NaN,NaN,NaN,NaN,NaN,NaN,NaN,NaN,NaN,NaN,NaN,NaN,NaN,NaN,
59.454,-0.01617,0.01212,0.12941,0.64844,0.20201,-0.19572,-0.70740,NaN,NaN,NaN,NaN,NaN,NaN,NaN,NaN,NaN,NaN,NaN,NaN,NaN,NaN,NaN,NaN,NaN,NaN,NaN,NaN,NaN,
59.479,-0.01616,0.01219,0.12929,0.64968,0.20131,-0.19786,-0.70586,NaN,NaN,NaN,NaN,NaN,NaN,NaN,NaN,NaN,NaN,NaN,NaN,NaN,NaN,NaN,NaN,NaN,NaN,NaN,NaN,NaN,
59.504,-0.01612,0.01226,0.12929,0.65121,0.19997,-0.19971,-0.70431,NaN,NaN,NaN,NaN,NaN,NaN,NaN,NaN,NaN,NaN,NaN,NaN,NaN,NaN,NaN,NaN,NaN,NaN,NaN,NaN,NaN,
59.529,-0.01611,0.01241,0.12936,0.65336,0.19801,-0.20222,-0.70215,NaN,NaN,NaN,NaN,NaN,NaN,NaN,NaN,NaN,NaN,NaN,NaN,NaN,NaN,NaN,NaN,NaN,NaN,NaN,NaN,NaN,
59.554,-0.01614,0.01254,0.12938,0.65550,0.19649,-0.20548,-0.69963,NaN,NaN,NaN,NaN,NaN,NaN,NaN,NaN,NaN,NaN,NaN,NaN,NaN,NaN,NaN,NaN,NaN,NaN,NaN,NaN,NaN,
59.579,-0.01605,0.01261,0.12936,0.65759,0.19452,-0.20787,-0.69751,NaN,NaN,NaN,NaN,NaN,NaN,NaN,NaN,NaN,NaN,NaN,NaN,NaN,NaN,NaN,NaN,NaN,NaN,NaN,NaN,NaN,
59.604,-0.01597,0.01269,0.12931,0.65963,0.19269,-0.21039,-0.69534,NaN,NaN,NaN,NaN,NaN,NaN,NaN,NaN,NaN,NaN,NaN,NaN,NaN,NaN,NaN,NaN,NaN,NaN,NaN,NaN,NaN,
59.629,-0.01586,0.01281,0.12936,0.66205,0.19020,-0.21286,-0.69297,NaN,NaN,NaN,NaN,NaN,NaN,NaN,NaN,NaN,NaN,NaN,NaN,NaN,NaN,NaN,NaN,NaN,NaN,NaN,NaN,NaN,
59.654,-0.01573,0.01296,0.12946,0.66458,0.18733,-0.21504,-0.69065,NaN,NaN,NaN,NaN,NaN,NaN,NaN,NaN,NaN,NaN,NaN,NaN,NaN,NaN,NaN,NaN,NaN,NaN,NaN,NaN,NaN,
59.679,-0.01566,0.01309,0.12945,0.66680,0.18514,-0.21758,-0.68830,NaN,NaN,NaN,NaN,NaN,NaN,NaN,NaN,NaN,NaN,NaN,NaN,NaN,NaN,NaN,NaN,NaN,NaN,NaN,NaN,NaN,
59.704,-0.01554,0.01316,0.12938,0.66900,0.18287,-0.21995,-0.68602,NaN,NaN,NaN,NaN,NaN,NaN,NaN,NaN,NaN,NaN,NaN,NaN,NaN,NaN,NaN,NaN,NaN,NaN,NaN,NaN,NaN,
59.729,-0.01540,0.01326,0.12932,0.67146,0.18019,-0.22241,-0.68352,NaN,NaN,NaN,NaN,NaN,NaN,NaN,NaN,NaN,NaN,NaN,NaN,NaN,NaN,NaN,NaN,NaN,NaN,NaN,NaN,NaN,
59.754,-0.01532,0.01339,0.12940,0.67355,0.17766,-0.22405,-0.68160,NaN,NaN,NaN,NaN,NaN,NaN,NaN,NaN,NaN,NaN,NaN,NaN,NaN,NaN,NaN,NaN,NaN,NaN,NaN,NaN,NaN,
59.779,-0.01524,0.01346,0.12950,0.67541,0.17539,-0.22554,-0.67985,NaN,NaN,NaN,NaN,NaN,NaN,NaN,NaN,NaN,NaN,NaN,NaN,NaN,NaN,NaN,NaN,NaN,NaN,NaN,NaN,NaN,
59.804,-0.01516,0.01354,0.12950,0.67730,0.17333,-0.22750,-0.67784,NaN,NaN,NaN,NaN,NaN,NaN,NaN,NaN,NaN,NaN,NaN,NaN,NaN,NaN,NaN,NaN,NaN,NaN,NaN,NaN,NaN,
59.829,-0.01503,0.01362,0.12944,0.67930,0.17111,-0.22958,-0.67570,NaN,NaN,NaN,NaN,NaN,NaN,NaN,NaN,NaN,NaN,NaN,NaN,NaN,NaN,NaN,NaN,NaN,NaN,NaN,NaN,NaN,
59.854,-0.01492,0.01370,0.12943,0.68125,0.16885,-0.23145,-0.67366,NaN,NaN,NaN,NaN,NaN,NaN,NaN,NaN,NaN,NaN,NaN,NaN,NaN,NaN,NaN,NaN,NaN,NaN,NaN,NaN,NaN,
59.879,-0.01483,0.01383,0.12948,0.68362,0.16621,-0.23396,-0.67105,NaN,NaN,NaN,NaN,NaN,NaN,NaN,NaN,NaN,NaN,NaN,NaN,NaN,NaN,NaN,NaN,NaN,NaN,NaN,NaN,NaN,
59.904,-0.01463,0.01403,0.12953,0.68711,0.16214,-0.23747,-0.66723,NaN,NaN,NaN,NaN,NaN,NaN,NaN,NaN,NaN,NaN,NaN,NaN,NaN,NaN,NaN,NaN,NaN,NaN,NaN,NaN,NaN,
59.929,-0.01433,0.01415,0.12966,0.69012,0.15770,-0.23882,-0.66470,NaN,NaN,NaN,NaN,NaN,NaN,NaN,NaN,NaN,NaN,NaN,NaN,NaN,NaN,NaN,NaN,NaN,NaN,NaN,NaN,NaN,
59.954,-0.01432,0.01417,0.12972,0.68894,0.15847,-0.23648,-0.66658,NaN,NaN,NaN,NaN,NaN,NaN,NaN,NaN,NaN,NaN,NaN,NaN,NaN,NaN,NaN,NaN,NaN,NaN,NaN,NaN,NaN,
59.979,-0.01415,0.01407,0.12970,0.68799,0.15973,-0.23580,-0.66749,NaN,NaN,NaN,NaN,NaN,NaN,NaN,NaN,NaN,NaN,NaN,NaN,NaN,NaN,NaN,NaN,NaN,NaN,NaN,NaN,NaN,
60.004,-0.01407,0.01394,0.12989,0.68554,0.16155,-0.23141,-0.67111,NaN,NaN,NaN,NaN,NaN,NaN,NaN,NaN,NaN,NaN,NaN,NaN,NaN,NaN,NaN,NaN,NaN,NaN,NaN,NaN,NaN,
60.029,-0.01407,0.01388,0.13006,0.68311,0.16377,-0.22791,-0.67424,NaN,NaN,NaN,NaN,NaN,NaN,NaN,NaN,NaN,NaN,NaN,NaN,NaN,NaN,NaN,NaN,NaN,NaN,NaN,NaN,NaN,
60.054,-0.01405,0.01384,0.13026,0.68218,0.16473,-0.22679,-0.67532,NaN,NaN,NaN,NaN,NaN,NaN,NaN,NaN,NaN,NaN,NaN,NaN,NaN,NaN,NaN,NaN,NaN,NaN,NaN,NaN,NaN,
60.079,-0.01404,0.01387,0.13035,0.68216,0.16486,-0.22697,-0.67525,NaN,NaN,NaN,NaN,NaN,NaN,NaN,NaN,NaN,NaN,NaN,NaN,NaN,NaN,NaN,NaN,NaN,NaN,NaN,NaN,NaN,
60.104,-0.01409,0.01392,0.13037,0.68227,0.16517,-0.22785,-0.67477,NaN,NaN,NaN,NaN,NaN,NaN,NaN,NaN,NaN,NaN,NaN,NaN,NaN,NaN,NaN,NaN,NaN,NaN,NaN,NaN,NaN,
60.129,-0.01408,0.01397,0.13037,0.68291,0.16458,-0.22877,-0.67395,NaN,NaN,NaN,NaN,NaN,NaN,NaN,NaN,NaN,NaN,NaN,NaN,NaN,NaN,NaN,NaN,NaN,NaN,NaN,NaN,NaN,
60.154,-0.01410,0.01400,0.13040,0.68326,0.16442,-0.22956,-0.67337,NaN,NaN,NaN,NaN,NaN,NaN,NaN,NaN,NaN,NaN,NaN,NaN,NaN,NaN,NaN,NaN,NaN,NaN,NaN,NaN,NaN,
60.179,-0.01407,0.01401,0.13045,0.68406,0.16352,-0.23041,-0.67248,NaN,NaN,NaN,NaN,NaN,NaN,NaN,NaN,NaN,NaN,NaN,NaN,NaN,NaN,NaN,NaN,NaN,NaN,NaN,NaN,NaN,
60.204,-0.01415,0.01409,0.13048,0.68470,0.16307,-0.23156,-0.67155,NaN,NaN,NaN,NaN,NaN,NaN,NaN,NaN,NaN,NaN,NaN,NaN,NaN,NaN,NaN,NaN,NaN,NaN,NaN,NaN,NaN,
60.229,-0.01415,0.01409,0.13054,0.68487,0.16280,-0.23161,-0.67142,NaN,NaN,NaN,NaN,NaN,NaN,NaN,NaN,NaN,NaN,NaN,NaN,NaN,NaN,NaN,NaN,NaN,NaN,NaN,NaN,NaN,
60.254,-0.01414,0.01409,0.13058,0.68492,0.16267,-0.23151,-0.67144,NaN,NaN,NaN,NaN,NaN,NaN,NaN,NaN,NaN,NaN,NaN,NaN,NaN,NaN,NaN,NaN,NaN,NaN,NaN,NaN,NaN,
60.279,-0.01401,0.01416,0.13047,0.68776,0.15977,-0.23513,-0.66796,NaN,NaN,NaN,NaN,NaN,NaN,NaN,NaN,NaN,NaN,NaN,NaN,NaN,NaN,NaN,NaN,NaN,NaN,NaN,NaN,NaN,
60.304,-0.01395,0.01433,0.13026,0.68944,0.15791,-0.23704,-0.66600,NaN,NaN,NaN,NaN,NaN,NaN,NaN,NaN,NaN,NaN,NaN,NaN,NaN,NaN,NaN,NaN,NaN,NaN,NaN,NaN,NaN,
60.329,-0.01334,0.01425,0.13034,0.68967,0.15513,-0.23263,-0.66796,NaN,NaN,NaN,NaN,NaN,NaN,NaN,NaN,NaN,NaN,NaN,NaN,NaN,NaN,NaN,NaN,NaN,NaN,NaN,NaN,NaN,
60.354,-0.01319,0.01414,0.13046,0.68800,0.15605,-0.22905,-0.67070,NaN,NaN,NaN,NaN,NaN,NaN,NaN,NaN,NaN,NaN,NaN,NaN,NaN,NaN,NaN,NaN,NaN,NaN,NaN,NaN,NaN,
60.379,-0.01327,0.01416,0.13035,0.68701,0.15758,-0.22875,-0.67146,NaN,NaN,NaN,NaN,NaN,NaN,NaN,NaN,NaN,NaN,NaN,NaN,NaN,NaN,NaN,NaN,NaN,NaN,NaN,NaN,NaN,
60.404,-0.01328,0.01402,0.13048,0.68496,0.15948,-0.22583,-0.67409,NaN,NaN,NaN,NaN,NaN,NaN,NaN,NaN,NaN,NaN,NaN,NaN,NaN,NaN,NaN,NaN,NaN,NaN,NaN,NaN,NaN,
60.429,-0.01327,0.01399,0.13038,0.68429,0.16048,-0.22559,-0.67461,NaN,NaN,NaN,NaN,NaN,NaN,NaN,NaN,NaN,NaN,NaN,NaN,NaN,NaN,NaN,NaN,NaN,NaN,NaN,NaN,NaN,
60.454,-0.01330,0.01403,0.13027,0.68446,0.16086,-0.22677,-0.67396,NaN,NaN,NaN,NaN,NaN,NaN,NaN,NaN,NaN,NaN,NaN,NaN,NaN,NaN,NaN,NaN,NaN,NaN,NaN,NaN,NaN,
60.479,-0.01326,0.01396,0.13034,0.68386,0.16134,-0.22581,-0.67477,NaN,NaN,NaN,NaN,NaN,NaN,NaN,NaN,NaN,NaN,NaN,NaN,NaN,NaN,NaN,NaN,NaN,NaN,NaN,NaN,NaN,
60.504,-0.01332,0.01400,0.13026,0.68323,0.16287,-0.22665,-0.67475,NaN,NaN,NaN,NaN,NaN,NaN,NaN,NaN,NaN,NaN,NaN,NaN,NaN,NaN,NaN,NaN,NaN,NaN,NaN,NaN,NaN,
60.529,-0.01331,0.01401,0.13035,0.68196,0.16428,-0.22529,-0.67616,NaN,NaN,NaN,NaN,NaN,NaN,NaN,NaN,NaN,NaN,NaN,NaN,NaN,NaN,NaN,NaN,NaN,NaN,NaN,NaN,NaN,
60.554,-0.01326,0.01389,0.13063,0.67980,0.16614,-0.22208,-0.67894,NaN,NaN,NaN,NaN,NaN,NaN,NaN,NaN,NaN,NaN,NaN,NaN,NaN,NaN,NaN,NaN,NaN,NaN,NaN,NaN,NaN,
60.579,-0.01337,0.01382,0.13068,0.67761,0.16903,-0.22069,-0.68086,NaN,NaN,NaN,NaN,NaN,NaN,NaN,NaN,NaN,NaN,NaN,NaN,NaN,NaN,NaN,NaN,NaN,NaN,NaN,NaN,NaN,
60.604,-0.01323,0.01372,0.13065,0.67631,0.17052,-0.21945,-0.68218,NaN,NaN,NaN,NaN,NaN,NaN,NaN,NaN,NaN,NaN,NaN,NaN,NaN,NaN,NaN,NaN,NaN,NaN,NaN,NaN,NaN,
60.629,-0.01331,0.01365,0.13083,0.67365,0.17312,-0.21621,-0.68518,NaN,NaN,NaN,NaN,NaN,NaN,NaN,NaN,NaN,NaN,NaN,NaN,NaN,NaN,NaN,NaN,NaN,NaN,NaN,NaN,NaN,
60.654,-0.01334,0.01359,0.13091,0.67223,0.17489,-0.21515,-0.68647,NaN,NaN,NaN,NaN,NaN,NaN,NaN,NaN,NaN,NaN,NaN,NaN,NaN,NaN,NaN,NaN,NaN,NaN,NaN,NaN,NaN,
60.679,-0.01323,0.01349,0.13101,0.67160,0.17557,-0.21452,-0.68711,NaN,NaN,NaN,NaN,NaN,NaN,NaN,NaN,NaN,NaN,NaN,NaN,NaN,NaN,NaN,NaN,NaN,NaN,NaN,NaN,NaN,
60.704,-0.01333,0.01355,0.13104,0.67077,0.17682,-0.21433,-0.68765,NaN,NaN,NaN,NaN,NaN,NaN,NaN,NaN,NaN,NaN,NaN,NaN,NaN,NaN,NaN,NaN,NaN,NaN,NaN,NaN,NaN,
60.729,-0.01340,0.01357,0.13107,0.66997,0.17853,-0.21502,-0.68777,NaN,NaN,NaN,NaN,NaN,NaN,NaN,NaN,NaN,NaN,NaN,NaN,NaN,NaN,NaN,NaN,NaN,NaN,NaN,NaN,NaN,
60.754,-0.01334,0.01350,0.13125,0.66840,0.17998,-0.21303,-0.68954,NaN,NaN,NaN,NaN,NaN,NaN,NaN,NaN,NaN,NaN,NaN,NaN,NaN,NaN,NaN,NaN,NaN,NaN,NaN,NaN,NaN,
60.779,-0.01341,0.01338,0.13142,0.66515,0.18297,-0.20896,-0.69313,NaN,NaN,NaN,NaN,NaN,NaN,NaN,NaN,NaN,NaN,NaN,NaN,NaN,NaN,NaN,NaN,NaN,NaN,NaN,NaN,NaN,
60.804,-0.01364,0.01325,0.13142,0.66227,0.18706,-0.20795,-0.69510,NaN,NaN,NaN,NaN,NaN,NaN,NaN,NaN,NaN,NaN,NaN,NaN,NaN,NaN,NaN,NaN,NaN,NaN,NaN,NaN,NaN,
60.829,-0.01387,0.01320,0.13144,0.66140,0.18907,-0.20901,-0.69507,NaN,NaN,NaN,NaN,NaN,NaN,NaN,NaN,NaN,NaN,NaN,NaN,NaN,NaN,NaN,NaN,NaN,NaN,NaN,NaN,NaN,
60.854,-0.01395,0.01316,0.13147,0.66116,0.18993,-0.20984,-0.69481,NaN,NaN,NaN,NaN,NaN,NaN,NaN,NaN,NaN,NaN,NaN,NaN,NaN,NaN,NaN,NaN,NaN,NaN,NaN,NaN,NaN,
60.879,-0.01419,0.01322,0.13139,0.66052,0.19221,-0.21207,-0.69412,NaN,NaN,NaN,NaN,NaN,NaN,NaN,NaN,NaN,NaN,NaN,NaN,NaN,NaN,NaN,NaN,NaN,NaN,NaN,NaN,NaN,
60.904,-0.01433,0.01316,0.13150,0.65906,0.19446,-0.21193,-0.69492,NaN,NaN,NaN,NaN,NaN,NaN,NaN,NaN,NaN,NaN,NaN,NaN,NaN,NaN,NaN,NaN,NaN,NaN,NaN,NaN,NaN,
60.929,-0.01440,0.01315,0.13148,0.65850,0.19569,-0.21252,-0.69493,NaN,NaN,NaN,NaN,NaN,NaN,NaN,NaN,NaN,NaN,NaN,NaN,NaN,NaN,NaN,NaN,NaN,NaN,NaN,NaN,NaN,
60.954,-0.01461,0.01320,0.13132,0.65775,0.19763,-0.21388,-0.69466,NaN,NaN,NaN,NaN,NaN,NaN,NaN,NaN,NaN,NaN,NaN,NaN,NaN,NaN,NaN,NaN,NaN,NaN,NaN,NaN,NaN,
60.979,-0.01485,0.01311,0.13131,0.65533,0.20088,-0.21282,-0.69635,NaN,NaN,NaN,NaN,NaN,NaN,NaN,NaN,NaN,NaN,NaN,NaN,NaN,NaN,NaN,NaN,NaN,NaN,NaN,NaN,NaN,
61.004,-0.01499,0.01286,0.13138,0.65217,0.20452,-0.21043,-0.69897,NaN,NaN,NaN,NaN,NaN,NaN,NaN,NaN,NaN,NaN,NaN,NaN,NaN,NaN,NaN,NaN,NaN,NaN,NaN,NaN,NaN,
61.029,-0.01522,0.01290,0.13114,0.65101,0.20689,-0.21143,-0.69906,NaN,NaN,NaN,NaN,NaN,NaN,NaN,NaN,NaN,NaN,NaN,NaN,NaN,NaN,NaN,NaN,NaN,NaN,NaN,NaN,NaN,
61.054,-0.01533,0.01280,0.13126,0.64889,0.20888,-0.20905,-0.70114,NaN,NaN,NaN,NaN,NaN,NaN,NaN,NaN,NaN,NaN,NaN,NaN,NaN,NaN,NaN,NaN,NaN,NaN,NaN,NaN,NaN,
61.079,-0.01535,0.01262,0.13139,0.64755,0.21037,-0.20799,-0.70226,NaN,NaN,NaN,NaN,NaN,NaN,NaN,NaN,NaN,NaN,NaN,NaN,NaN,NaN,NaN,NaN,NaN,NaN,NaN,NaN,NaN,
61.104,-0.01559,0.01269,0.13111,0.64719,0.21210,-0.21008,-0.70145,NaN,NaN,NaN,NaN,NaN,NaN,NaN,NaN,NaN,NaN,NaN,NaN,NaN,NaN,NaN,NaN,NaN,NaN,NaN,NaN,NaN,
61.129,-0.01570,0.01259,0.13083,0.64542,0.21481,-0.21004,-0.70227,NaN,NaN,NaN,NaN,NaN,NaN,NaN,NaN,NaN,NaN,NaN,NaN,NaN,NaN,NaN,NaN,NaN,NaN,NaN,NaN,NaN,
61.154,-0.01585,0.01252,0.13073,0.64353,0.21722,-0.20915,-0.70352,NaN,NaN,NaN,NaN,NaN,NaN,NaN,NaN,NaN,NaN,NaN,NaN,NaN,NaN,NaN,NaN,NaN,NaN,NaN,NaN,NaN,
61.179,-0.01595,0.01238,0.13085,0.64191,0.21878,-0.20747,-0.70502,NaN,NaN,NaN,NaN,NaN,NaN,NaN,NaN,NaN,NaN,NaN,NaN,NaN,NaN,NaN,NaN,NaN,NaN,NaN,NaN,NaN,
61.204,-0.01613,0.01241,0.13059,0.64123,0.22034,-0.20842,-0.70487,NaN,NaN,NaN,NaN,NaN,NaN,NaN,NaN,NaN,NaN,NaN,NaN,NaN,NaN,NaN,NaN,NaN,NaN,NaN,NaN,NaN,
61.229,-0.01619,0.01232,0.13053,0.64102,0.22125,-0.20951,-0.70445,NaN,NaN,NaN,NaN,NaN,NaN,NaN,NaN,NaN,NaN,NaN,NaN,NaN,NaN,NaN,NaN,NaN,NaN,NaN,NaN,NaN,
61.254,-0.01637,0.01231,0.13029,0.64064,0.22257,-0.21084,-0.70398,NaN,NaN,NaN,NaN,NaN,NaN,NaN,NaN,NaN,NaN,NaN,NaN,NaN,NaN,NaN,NaN,NaN,NaN,NaN,NaN,NaN,
61.279,-0.01639,0.01218,0.13009,0.63987,0.22352,-0.21044,-0.70450,NaN,NaN,NaN,NaN,NaN,NaN,NaN,NaN,NaN,NaN,NaN,NaN,NaN,NaN,NaN,NaN,NaN,NaN,NaN,NaN,NaN,
61.304,-0.01641,0.01220,0.13005,0.63983,0.22403,-0.21126,-0.70413,NaN,NaN,NaN,NaN,NaN,NaN,NaN,NaN,NaN,NaN,NaN,NaN,NaN,NaN,NaN,NaN,NaN,NaN,NaN,NaN,NaN,
61.329,-0.01653,0.01209,0.13013,0.63852,0.22599,-0.21120,-0.70471,NaN,NaN,NaN,NaN,NaN,NaN,NaN,NaN,NaN,NaN,NaN,NaN,NaN,NaN,NaN,NaN,NaN,NaN,NaN,NaN,NaN,
61.354,-0.01669,0.01214,0.13005,0.63768,0.22738,-0.21141,-0.70497,NaN,NaN,NaN,NaN,NaN,NaN,NaN,NaN,NaN,NaN,NaN,NaN,NaN,NaN,NaN,NaN,NaN,NaN,NaN,NaN,NaN,
61.379,-0.01678,0.01208,0.13004,0.63613,0.22924,-0.21055,-0.70602,NaN,NaN,NaN,NaN,NaN,NaN,NaN,NaN,NaN,NaN,NaN,NaN,NaN,NaN,NaN,NaN,NaN,NaN,NaN,NaN,NaN,
61.404,-0.01696,0.01202,0.12989,0.63426,0.23181,-0.21012,-0.70698,NaN,NaN,NaN,NaN,NaN,NaN,NaN,NaN,NaN,NaN,NaN,NaN,NaN,NaN,NaN,NaN,NaN,NaN,NaN,NaN,NaN,
61.429,-0.01701,0.01189,0.12982,0.63266,0.23380,-0.20937,-0.70799,NaN,NaN,NaN,NaN,NaN,NaN,NaN,NaN,NaN,NaN,NaN,NaN,NaN,NaN,NaN,NaN,NaN,NaN,NaN,NaN,NaN,
61.454,-0.01703,0.01175,0.12978,0.63150,0.23491,-0.20823,-0.70899,NaN,NaN,NaN,NaN,NaN,NaN,NaN,NaN,NaN,NaN,NaN,NaN,NaN,NaN,NaN,NaN,NaN,NaN,NaN,NaN,NaN,
61.479,-0.01720,0.01180,0.12967,0.63059,0.23652,-0.20868,-0.70913,NaN,NaN,NaN,NaN,NaN,NaN,NaN,NaN,NaN,NaN,NaN,NaN,NaN,NaN,NaN,NaN,NaN,NaN,NaN,NaN,NaN,
61.504,-0.01725,0.01168,0.12983,0.62879,0.23833,-0.20713,-0.71058,NaN,NaN,NaN,NaN,NaN,NaN,NaN,NaN,NaN,NaN,NaN,NaN,NaN,NaN,NaN,NaN,NaN,NaN,NaN,NaN,NaN,
61.529,-0.01750,0.01164,0.12980,0.62572,0.24196,-0.20548,-0.71253,NaN,NaN,NaN,NaN,NaN,NaN,NaN,NaN,NaN,NaN,NaN,NaN,NaN,NaN,NaN,NaN,NaN,NaN,NaN,NaN,NaN,
61.554,-0.01738,0.01141,0.12983,0.62393,0.24380,-0.20401,-0.71390,NaN,NaN,NaN,NaN,NaN,NaN,NaN,NaN,NaN,NaN,NaN,NaN,NaN,NaN,NaN,NaN,NaN,NaN,NaN,NaN,NaN,
61.579,-0.01738,0.01135,0.12973,0.62248,0.24560,-0.20344,-0.71470,NaN,NaN,NaN,NaN,NaN,NaN,NaN,NaN,NaN,NaN,NaN,NaN,NaN,NaN,NaN,NaN,NaN,NaN,NaN,NaN,NaN,
61.604,-0.01748,0.01129,0.12982,0.61961,0.24815,-0.20045,-0.71717,NaN,NaN,NaN,NaN,NaN,NaN,NaN,NaN,NaN,NaN,NaN,NaN,NaN,NaN,NaN,NaN,NaN,NaN,NaN,NaN,NaN,
61.629,-0.01752,0.01123,0.12995,0.61806,0.24950,-0.19882,-0.71848,NaN,NaN,NaN,NaN,NaN,NaN,NaN,NaN,NaN,NaN,NaN,NaN,NaN,NaN,NaN,NaN,NaN,NaN,NaN,NaN,NaN,
61.654,-0.01750,0.01125,0.12995,0.61855,0.24929,-0.19971,-0.71790,NaN,NaN,NaN,NaN,NaN,NaN,NaN,NaN,NaN,NaN,NaN,NaN,NaN,NaN,NaN,NaN,NaN,NaN,NaN,NaN,NaN,
61.679,-0.01750,0.01110,0.13001,0.61756,0.25051,-0.19932,-0.71843,NaN,NaN,NaN,NaN,NaN,NaN,NaN,NaN,NaN,NaN,NaN,NaN,NaN,NaN,NaN,NaN,NaN,NaN,NaN,NaN,NaN,
61.704,-0.01757,0.01106,0.12998,0.61647,0.25200,-0.19919,-0.71887,NaN,NaN,NaN,NaN,NaN,NaN,NaN,NaN,NaN,NaN,NaN,NaN,NaN,NaN,NaN,NaN,NaN,NaN,NaN,NaN,NaN,
61.729,-0.01762,0.01101,0.13011,0.61500,0.25319,-0.19750,-0.72018,NaN,NaN,NaN,NaN,NaN,NaN,NaN,NaN,NaN,NaN,NaN,NaN,NaN,NaN,NaN,NaN,NaN,NaN,NaN,NaN,NaN,
61.754,-0.01764,0.01096,0.13023,0.61376,0.25437,-0.19639,-0.72113,NaN,NaN,NaN,NaN,NaN,NaN,NaN,NaN,NaN,NaN,NaN,NaN,NaN,NaN,NaN,NaN,NaN,NaN,NaN,NaN,NaN,
61.779,-0.01760,0.01096,0.13033,0.61346,0.25468,-0.19619,-0.72133,NaN,NaN,NaN,NaN,NaN,NaN,NaN,NaN,NaN,NaN,NaN,NaN,NaN,NaN,NaN,NaN,NaN,NaN,NaN,NaN,NaN,
61.804,-0.01761,0.01090,0.13022,0.61209,0.25655,-0.19602,-0.72187,NaN,NaN,NaN,NaN,NaN,NaN,NaN,NaN,NaN,NaN,NaN,NaN,NaN,NaN,NaN,NaN,NaN,NaN,NaN,NaN,NaN,
61.829,-0.01754,0.01050,0.13040,0.60709,0.25995,-0.18928,-0.72667,NaN,NaN,NaN,NaN,NaN,NaN,NaN,NaN,NaN,NaN,NaN,NaN,NaN,NaN,NaN,NaN,NaN,NaN,NaN,NaN,NaN,
61.854,-0.01757,0.01036,0.13030,0.60362,0.26288,-0.18577,-0.72940,NaN,NaN,NaN,NaN,NaN,NaN,NaN,NaN,NaN,NaN,NaN,NaN,NaN,NaN,NaN,NaN,NaN,NaN,NaN,NaN,NaN,
61.879,-0.01764,0.01021,0.13037,0.60079,0.26538,-0.18314,-0.73149,NaN,NaN,NaN,NaN,NaN,NaN,NaN,NaN,NaN,NaN,NaN,NaN,NaN,NaN,NaN,NaN,NaN,NaN,NaN,NaN,NaN,
61.904,-0.01767,0.01015,0.13043,0.59890,0.26676,-0.18088,-0.73310,NaN,NaN,NaN,NaN,NaN,NaN,NaN,NaN,NaN,NaN,NaN,NaN,NaN,NaN,NaN,NaN,NaN,NaN,NaN,NaN,NaN,
61.929,-0.01763,0.01015,0.13040,0.59868,0.26715,-0.18102,-0.73311,NaN,NaN,NaN,NaN,NaN,NaN,NaN,NaN,NaN,NaN,NaN,NaN,NaN,NaN,NaN,NaN,NaN,NaN,NaN,NaN,NaN,
61.954,-0.01751,0.00994,0.13054,0.59789,0.26735,-0.17943,-0.73407,NaN,NaN,NaN,NaN,NaN,NaN,NaN,NaN,NaN,NaN,NaN,NaN,NaN,NaN,NaN,NaN,NaN,NaN,NaN,NaN,NaN,
61.979,-0.01755,0.00992,0.13036,0.59701,0.26851,-0.17930,-0.73440,NaN,NaN,NaN,NaN,NaN,NaN,NaN,NaN,NaN,NaN,NaN,NaN,NaN,NaN,NaN,NaN,NaN,NaN,NaN,NaN,NaN,
62.004,-0.01754,0.00980,0.13026,0.59584,0.26969,-0.17852,-0.73510,NaN,NaN,NaN,NaN,NaN,NaN,NaN,NaN,NaN,NaN,NaN,NaN,NaN,NaN,NaN,NaN,NaN,NaN,NaN,NaN,NaN,
62.029,-0.01754,0.00980,0.13016,0.59545,0.27017,-0.17842,-0.73526,NaN,NaN,NaN,NaN,NaN,NaN,NaN,NaN,NaN,NaN,NaN,NaN,NaN,NaN,NaN,NaN,NaN,NaN,NaN,NaN,NaN,
62.054,-0.01749,0.00970,0.13026,0.59525,0.26989,-0.17742,-0.73577,NaN,NaN,NaN,NaN,NaN,NaN,NaN,NaN,NaN,NaN,NaN,NaN,NaN,NaN,NaN,NaN,NaN,NaN,NaN,NaN,NaN,
62.079,-0.01755,0.00974,0.13024,0.59539,0.26987,-0.17773,-0.73559,NaN,NaN,NaN,NaN,NaN,NaN,NaN,NaN,NaN,NaN,NaN,NaN,NaN,NaN,NaN,NaN,NaN,NaN,NaN,NaN,NaN,
62.104,-0.01755,0.00969,0.13021,0.59490,0.27003,-0.17682,-0.73615,NaN,NaN,NaN,NaN,NaN,NaN,NaN,NaN,NaN,NaN,NaN,NaN,NaN,NaN,NaN,NaN,NaN,NaN,NaN,NaN,NaN,
62.129,-0.01755,0.00966,0.13013,0.59433,0.27075,-0.17669,-0.73637,NaN,NaN,NaN,NaN,NaN,NaN,NaN,NaN,NaN,NaN,NaN,NaN,NaN,NaN,NaN,NaN,NaN,NaN,NaN,NaN,NaN,
62.154,-0.01741,0.00952,0.13001,0.59388,0.27089,-0.17584,-0.73689,NaN,NaN,NaN,NaN,NaN,NaN,NaN,NaN,NaN,NaN,NaN,NaN,NaN,NaN,NaN,NaN,NaN,NaN,NaN,NaN,NaN,
62.179,-0.01744,0.00945,0.12995,0.59288,0.27154,-0.17455,-0.73776,NaN,NaN,NaN,NaN,NaN,NaN,NaN,NaN,NaN,NaN,NaN,NaN,NaN,NaN,NaN,NaN,NaN,NaN,NaN,NaN,NaN,
62.204,-0.01756,0.00945,0.12988,0.59154,0.27281,-0.17354,-0.73861,NaN,NaN,NaN,NaN,NaN,NaN,NaN,NaN,NaN,NaN,NaN,NaN,NaN,NaN,NaN,NaN,NaN,NaN,NaN,NaN,NaN,
62.229,-0.01749,0.00941,0.12991,0.59134,0.27269,-0.17283,-0.73898,NaN,NaN,NaN,NaN,NaN,NaN,NaN,NaN,NaN,NaN,NaN,NaN,NaN,NaN,NaN,NaN,NaN,NaN,NaN,NaN,NaN,
62.254,-0.01754,0.00939,0.12990,0.59056,0.27331,-0.17206,-0.73955,NaN,NaN,NaN,NaN,NaN,NaN,NaN,NaN,NaN,NaN,NaN,NaN,NaN,NaN,NaN,NaN,NaN,NaN,NaN,NaN,NaN,
62.279,-0.01755,0.00927,0.12986,0.58836,0.27416,-0.16825,-0.74187,NaN,NaN,NaN,NaN,NaN,NaN,NaN,NaN,NaN,NaN,NaN,NaN,NaN,NaN,NaN,NaN,NaN,NaN,NaN,NaN,NaN,
62.304,-0.01750,0.00907,0.12974,0.58597,0.27577,-0.16537,-0.74381,NaN,NaN,NaN,NaN,NaN,NaN,NaN,NaN,NaN,NaN,NaN,NaN,NaN,NaN,NaN,NaN,NaN,NaN,NaN,NaN,NaN,
62.329,-0.01758,0.00901,0.12967,0.58423,0.27679,-0.16305,-0.74530,NaN,NaN,NaN,NaN,NaN,NaN,NaN,NaN,NaN,NaN,NaN,NaN,NaN,NaN,NaN,NaN,NaN,NaN,NaN,NaN,NaN,
62.354,-0.01761,0.00891,0.12974,0.58245,0.27817,-0.16124,-0.74658,NaN,NaN,NaN,NaN,NaN,NaN,NaN,NaN,NaN,NaN,NaN,NaN,NaN,NaN,NaN,NaN,NaN,NaN,NaN,NaN,NaN,
62.379,-0.01765,0.00884,0.12975,0.57980,0.27972,-0.15775,-0.74880,NaN,NaN,NaN,NaN,NaN,NaN,NaN,NaN,NaN,NaN,NaN,NaN,NaN,NaN,NaN,NaN,NaN,NaN,NaN,NaN,NaN,
62.404,-0.01756,0.00867,0.12970,0.57750,0.28059,-0.15395,-0.75104,NaN,NaN,NaN,NaN,NaN,NaN,NaN,NaN,NaN,NaN,NaN,NaN,NaN,NaN,NaN,NaN,NaN,NaN,NaN,NaN,NaN,
62.429,-0.01762,0.00855,0.12960,0.57552,0.28203,-0.15185,-0.75245,NaN,NaN,NaN,NaN,NaN,NaN,NaN,NaN,NaN,NaN,NaN,NaN,NaN,NaN,NaN,NaN,NaN,NaN,NaN,NaN,NaN,
62.454,-0.01769,0.00848,0.12949,0.57373,0.28339,-0.15009,-0.75365,NaN,NaN,NaN,NaN,NaN,NaN,NaN,NaN,NaN,NaN,NaN,NaN,NaN,NaN,NaN,NaN,NaN,NaN,NaN,NaN,NaN,
62.479,-0.01771,0.00832,0.12956,0.57147,0.28421,-0.14637,-0.75580,NaN,NaN,NaN,NaN,NaN,NaN,NaN,NaN,NaN,NaN,NaN,NaN,NaN,NaN,NaN,NaN,NaN,NaN,NaN,NaN,NaN,
62.504,-0.01786,0.00828,0.12954,0.56950,0.28576,-0.14457,-0.75704,NaN,NaN,NaN,NaN,NaN,NaN,NaN,NaN,NaN,NaN,NaN,NaN,NaN,NaN,NaN,NaN,NaN,NaN,NaN,NaN,NaN,
62.529,-0.01789,0.00821,0.12968,0.56791,0.28624,-0.14184,-0.75857,NaN,NaN,NaN,NaN,NaN,NaN,NaN,NaN,NaN,NaN,NaN,NaN,NaN,NaN,NaN,NaN,NaN,NaN,NaN,NaN,NaN,
62.554,-0.01787,0.00813,0.12967,0.56674,0.28687,-0.14028,-0.75950,NaN,NaN,NaN,NaN,NaN,NaN,NaN,NaN,NaN,NaN,NaN,NaN,NaN,NaN,NaN,NaN,NaN,NaN,NaN,NaN,NaN,
62.579,-0.01786,0.00810,0.12960,0.56611,0.28747,-0.13990,-0.75981,NaN,NaN,NaN,NaN,NaN,NaN,NaN,NaN,NaN,NaN,NaN,NaN,NaN,NaN,NaN,NaN,NaN,NaN,NaN,NaN,NaN,
62.604,-0.01783,0.00802,0.12952,0.56493,0.28845,-0.13894,-0.76049,NaN,NaN,NaN,NaN,NaN,NaN,NaN,NaN,NaN,NaN,NaN,NaN,NaN,NaN,NaN,NaN,NaN,NaN,NaN,NaN,NaN,
62.629,-0.01782,0.00790,0.12957,0.56192,0.28948,-0.13406,-0.76320,NaN,NaN,NaN,NaN,NaN,NaN,NaN,NaN,NaN,NaN,NaN,NaN,NaN,NaN,NaN,NaN,NaN,NaN,NaN,NaN,NaN,
62.654,-0.01793,0.00752,0.12988,0.55429,0.29125,-0.12068,-0.77030,NaN,NaN,NaN,NaN,NaN,NaN,NaN,NaN,NaN,NaN,NaN,NaN,NaN,NaN,NaN,NaN,NaN,NaN,NaN,NaN,NaN,
62.679,-0.01812,0.00722,0.12986,0.54750,0.29611,-0.11427,-0.77428,NaN,NaN,NaN,NaN,NaN,NaN,NaN,NaN,NaN,NaN,NaN,NaN,NaN,NaN,NaN,NaN,NaN,NaN,NaN,NaN,NaN,
62.704,-0.01835,0.00719,0.12983,0.54609,0.29797,-0.11432,-0.77455,NaN,NaN,NaN,NaN,NaN,NaN,NaN,NaN,NaN,NaN,NaN,NaN,NaN,NaN,NaN,NaN,NaN,NaN,NaN,NaN,NaN,
62.729,-0.01854,0.00712,0.12983,0.54354,0.29965,-0.11174,-0.77607,NaN,NaN,NaN,NaN,NaN,NaN,NaN,NaN,NaN,NaN,NaN,NaN,NaN,NaN,NaN,NaN,NaN,NaN,NaN,NaN,NaN,
62.754,-0.01849,0.00687,0.12996,0.54087,0.30030,-0.10734,-0.77830,NaN,NaN,NaN,NaN,NaN,NaN,NaN,NaN,NaN,NaN,NaN,NaN,NaN,NaN,NaN,NaN,NaN,NaN,NaN,NaN,NaN,
62.779,-0.01866,0.00682,0.12993,0.53812,0.30176,-0.10406,-0.78009,NaN,NaN,NaN,NaN,NaN,NaN,NaN,NaN,NaN,NaN,NaN,NaN,NaN,NaN,NaN,NaN,NaN,NaN,NaN,NaN,NaN,
62.804,-0.01864,0.00675,0.12999,0.53766,0.30218,-0.10380,-0.78028,NaN,NaN,NaN,NaN,NaN,NaN,NaN,NaN,NaN,NaN,NaN,NaN,NaN,NaN,NaN,NaN,NaN,NaN,NaN,NaN,NaN,
62.829,-0.01892,0.00683,0.13005,0.53666,0.30287,-0.10287,-0.78082,NaN,NaN,NaN,NaN,NaN,NaN,NaN,NaN,NaN,NaN,NaN,NaN,NaN,NaN,NaN,NaN,NaN,NaN,NaN,NaN,NaN,
62.854,-0.01917,0.00685,0.12994,0.53550,0.30610,-0.10560,-0.78000,NaN,NaN,NaN,NaN,NaN,NaN,NaN,NaN,NaN,NaN,NaN,NaN,NaN,NaN,NaN,NaN,NaN,NaN,NaN,NaN,NaN,
62.879,-0.01934,0.00686,0.13000,0.53579,0.30672,-0.10718,-0.77933,NaN,NaN,NaN,NaN,NaN,NaN,NaN,NaN,NaN,NaN,NaN,NaN,NaN,NaN,NaN,NaN,NaN,NaN,NaN,NaN,NaN,
62.904,-0.01938,0.00679,0.12996,0.53491,0.30760,-0.10679,-0.77964,NaN,NaN,NaN,NaN,NaN,NaN,NaN,NaN,NaN,NaN,NaN,NaN,NaN,NaN,NaN,NaN,NaN,NaN,NaN,NaN,NaN,
62.929,-0.01941,0.00665,0.12999,0.53298,0.30796,-0.10348,-0.78127,NaN,NaN,NaN,NaN,NaN,NaN,NaN,NaN,NaN,NaN,NaN,NaN,NaN,NaN,NaN,NaN,NaN,NaN,NaN,NaN,NaN,
62.954,-0.01944,0.00661,0.13006,0.53170,0.30848,-0.10176,-0.78216,NaN,NaN,NaN,NaN,NaN,NaN,NaN,NaN,NaN,NaN,NaN,NaN,NaN,NaN,NaN,NaN,NaN,NaN,NaN,NaN,NaN,
62.979,-0.01952,0.00663,0.13016,0.53120,0.30865,-0.10102,-0.78253,NaN,NaN,NaN,NaN,NaN,NaN,NaN,NaN,NaN,NaN,NaN,NaN,NaN,NaN,NaN,NaN,NaN,NaN,NaN,NaN,NaN,
63.004,-0.01953,0.00667,0.13016,0.53122,0.30876,-0.10122,-0.78245,NaN,NaN,NaN,NaN,NaN,NaN,NaN,NaN,NaN,NaN,NaN,NaN,NaN,NaN,NaN,NaN,NaN,NaN,NaN,NaN,NaN,
63.029,-0.01950,0.00664,0.13011,0.53099,0.30898,-0.10113,-0.78253,NaN,NaN,NaN,NaN,NaN,NaN,NaN,NaN,NaN,NaN,NaN,NaN,NaN,NaN,NaN,NaN,NaN,NaN,NaN,NaN,NaN,
63.054,-0.01952,0.00659,0.12998,0.53050,0.30952,-0.10099,-0.78267,NaN,NaN,NaN,NaN,NaN,NaN,NaN,NaN,NaN,NaN,NaN,NaN,NaN,NaN,NaN,NaN,NaN,NaN,NaN,NaN,NaN,
63.079,-0.01953,0.00655,0.12997,0.53024,0.30965,-0.10068,-0.78283,NaN,NaN,NaN,NaN,NaN,NaN,NaN,NaN,NaN,NaN,NaN,NaN,NaN,NaN,NaN,NaN,NaN,NaN,NaN,NaN,NaN,
63.104,-0.01956,0.00661,0.12999,0.53063,0.30931,-0.10092,-0.78267,NaN,NaN,NaN,NaN,NaN,NaN,NaN,NaN,NaN,NaN,NaN,NaN,NaN,NaN,NaN,NaN,NaN,NaN,NaN,NaN,NaN,
63.129,-0.01957,0.00660,0.13011,0.53051,0.30916,-0.10045,-0.78287,NaN,NaN,NaN,NaN,NaN,NaN,NaN,NaN,NaN,NaN,NaN,NaN,NaN,NaN,NaN,NaN,NaN,NaN,NaN,NaN,NaN,
63.154,-0.01952,0.00661,0.13008,0.53091,0.30902,-0.10103,-0.78258,NaN,NaN,NaN,NaN,NaN,NaN,NaN,NaN,NaN,NaN,NaN,NaN,NaN,NaN,NaN,NaN,NaN,NaN,NaN,NaN,NaN,
63.179,-0.01953,0.00661,0.13008,0.53077,0.30909,-0.10085,-0.78268,NaN,NaN,NaN,NaN,NaN,NaN,NaN,NaN,NaN,NaN,NaN,NaN,NaN,NaN,NaN,NaN,NaN,NaN,NaN,NaN,NaN,
63.204,-0.01953,0.00660,0.13007,0.53063,0.30920,-0.10074,-0.78274,NaN,NaN,NaN,NaN,NaN,NaN,NaN,NaN,NaN,NaN,NaN,NaN,NaN,NaN,NaN,NaN,NaN,NaN,NaN,NaN,NaN,
63.229,-0.01953,0.00659,0.13006,0.53055,0.30926,-0.10068,-0.78278,NaN,NaN,NaN,NaN,NaN,NaN,NaN,NaN,NaN,NaN,NaN,NaN,NaN,NaN,NaN,NaN,NaN,NaN,NaN,NaN,NaN,
63.254,-0.01954,0.00658,0.13005,0.53045,0.30932,-0.10058,-0.78283,NaN,NaN,NaN,NaN,NaN,NaN,NaN,NaN,NaN,NaN,NaN,NaN,NaN,NaN,NaN,NaN,NaN,NaN,NaN,NaN,NaN,
63.279,-0.01954,0.00659,0.13005,0.53042,0.30933,-0.10052,-0.78286,NaN,NaN,NaN,NaN,NaN,NaN,NaN,NaN,NaN,NaN,NaN,NaN,NaN,NaN,NaN,NaN,NaN,NaN,NaN,NaN,NaN,
63.304,-0.01954,0.00659,0.13006,0.53045,0.30927,-0.10051,-0.78286,NaN,NaN,NaN,NaN,NaN,NaN,NaN,NaN,NaN,NaN,NaN,NaN,NaN,NaN,NaN,NaN,NaN,NaN,NaN,NaN,NaN,
63.329,-0.01954,0.00659,0.13005,0.53044,0.30926,-0.10045,-0.78288,NaN,NaN,NaN,NaN,NaN,NaN,NaN,NaN,NaN,NaN,NaN,NaN,NaN,NaN,NaN,NaN,NaN,NaN,NaN,NaN,NaN,
63.354,-0.01954,0.00658,0.13005,0.53040,0.30925,-0.10038,-0.78292,NaN,NaN,NaN,NaN,NaN,NaN,NaN,NaN,NaN,NaN,NaN,NaN,NaN,NaN,NaN,NaN,NaN,NaN,NaN,NaN,NaN,
63.379,-0.01954,0.00653,0.12999,0.52976,0.30947,-0.09945,-0.78339,NaN,NaN,NaN,NaN,NaN,NaN,NaN,NaN,NaN,NaN,NaN,NaN,NaN,NaN,NaN,NaN,NaN,NaN,NaN,NaN,NaN,
63.404,-0.01954,0.00642,0.13008,0.52748,0.30974,-0.09538,-0.78532,NaN,NaN,NaN,NaN,NaN,NaN,NaN,NaN,NaN,NaN,NaN,NaN,NaN,NaN,NaN,NaN,NaN,NaN,NaN,NaN,NaN,
63.429,-0.01948,0.00610,0.13019,0.52383,0.30988,-0.08848,-0.78851,NaN,NaN,NaN,NaN,NaN,NaN,NaN,NaN,NaN,NaN,NaN,NaN,NaN,NaN,NaN,NaN,NaN,NaN,NaN,NaN,NaN,
63.454,-0.01958,0.00600,0.12999,0.52083,0.31185,-0.08571,-0.79003,NaN,NaN,NaN,NaN,NaN,NaN,NaN,NaN,NaN,NaN,NaN,NaN,NaN,NaN,NaN,NaN,NaN,NaN,NaN,NaN,NaN,
63.479,-0.01962,0.00583,0.12989,0.51885,0.31267,-0.08318,-0.79127,NaN,NaN,NaN,NaN,NaN,NaN,NaN,NaN,NaN,NaN,NaN,NaN,NaN,NaN,NaN,NaN,NaN,NaN,NaN,NaN,NaN,
63.504,-0.01965,0.00567,0.12971,0.51698,0.31333,-0.08063,-0.79250,NaN,NaN,NaN,NaN,NaN,NaN,NaN,NaN,NaN,NaN,NaN,NaN,NaN,NaN,NaN,NaN,NaN,NaN,NaN,NaN,NaN,
63.529,-0.01961,0.00554,0.12963,0.51579,0.31374,-0.07900,-0.79327,NaN,NaN,NaN,NaN,NaN,NaN,NaN,NaN,NaN,NaN,NaN,NaN,NaN,NaN,NaN,NaN,NaN,NaN,NaN,NaN,NaN,
63.554,-0.01956,0.00549,0.12961,0.51525,0.31394,-0.07827,-0.79362,NaN,NaN,NaN,NaN,NaN,NaN,NaN,NaN,NaN,NaN,NaN,NaN,NaN,NaN,NaN,NaN,NaN,NaN,NaN,NaN,NaN,
63.579,-0.01957,0.00537,0.12968,0.51343,0.31361,-0.07437,-0.79530,NaN,NaN,NaN,NaN,NaN,NaN,NaN,NaN,NaN,NaN,NaN,NaN,NaN,NaN,NaN,NaN,NaN,NaN,NaN,NaN,NaN,
63.604,-0.01963,0.00518,0.12967,0.51059,0.31438,-0.07021,-0.79720,NaN,NaN,NaN,NaN,NaN,NaN,NaN,NaN,NaN,NaN,NaN,NaN,NaN,NaN,NaN,NaN,NaN,NaN,NaN,NaN,NaN,
63.629,-0.01966,0.00514,0.12959,0.50976,0.31465,-0.06906,-0.79773,NaN,NaN,NaN,NaN,NaN,NaN,NaN,NaN,NaN,NaN,NaN,NaN,NaN,NaN,NaN,NaN,NaN,NaN,NaN,NaN,NaN,
63.654,-0.01965,0.00501,0.12953,0.50854,0.31469,-0.06688,-0.79868,NaN,NaN,NaN,NaN,NaN,NaN,NaN,NaN,NaN,NaN,NaN,NaN,NaN,NaN,NaN,NaN,NaN,NaN,NaN,NaN,NaN,
63.679,-0.01966,0.00495,0.12938,0.50736,0.31541,-0.06579,-0.79923,NaN,NaN,NaN,NaN,NaN,NaN,NaN,NaN,NaN,NaN,NaN,NaN,NaN,NaN,NaN,NaN,NaN,NaN,NaN,NaN,NaN,
63.704,-0.01963,0.00494,0.12930,0.50730,0.31548,-0.06577,-0.79925,NaN,NaN,NaN,NaN,NaN,NaN,NaN,NaN,NaN,NaN,NaN,NaN,NaN,NaN,NaN,NaN,NaN,NaN,NaN,NaN,NaN,
63.729,-0.01968,0.00493,0.12945,0.50694,0.31545,-0.06506,-0.79955,NaN,NaN,NaN,NaN,NaN,NaN,NaN,NaN,NaN,NaN,NaN,NaN,NaN,NaN,NaN,NaN,NaN,NaN,NaN,NaN,NaN,
63.754,-0.01969,0.00500,0.12951,0.50726,0.31521,-0.06530,-0.79941,NaN,NaN,NaN,NaN,NaN,NaN,NaN,NaN,NaN,NaN,NaN,NaN,NaN,NaN,NaN,NaN,NaN,NaN,NaN,NaN,NaN,
63.779,-0.01968,0.00498,0.12949,0.50716,0.31518,-0.06506,-0.79951,NaN,NaN,NaN,NaN,NaN,NaN,NaN,NaN,NaN,NaN,NaN,NaN,NaN,NaN,NaN,NaN,NaN,NaN,NaN,NaN,NaN,
63.804,-0.01968,0.00492,0.12944,0.50675,0.31548,-0.06476,-0.79968,NaN,NaN,NaN,NaN,NaN,NaN,NaN,NaN,NaN,NaN,NaN,NaN,NaN,NaN,NaN,NaN,NaN,NaN,NaN,NaN,NaN,
63.829,-0.01967,0.00493,0.12939,0.50667,0.31570,-0.06494,-0.79963,NaN,NaN,NaN,NaN,NaN,NaN,NaN,NaN,NaN,NaN,NaN,NaN,NaN,NaN,NaN,NaN,NaN,NaN,NaN,NaN,NaN,
63.854,-0.01971,0.00494,0.12950,0.50640,0.31556,-0.06424,-0.79991,NaN,NaN,NaN,NaN,NaN,NaN,NaN,NaN,NaN,NaN,NaN,NaN,NaN,NaN,NaN,NaN,NaN,NaN,NaN,NaN,NaN,
63.879,-0.01967,0.00495,0.12943,0.50691,0.31551,-0.06510,-0.79953,NaN,NaN,NaN,NaN,NaN,NaN,NaN,NaN,NaN,NaN,NaN,NaN,NaN,NaN,NaN,NaN,NaN,NaN,NaN,NaN,NaN,
63.904,-0.01967,0.00494,0.12942,0.50672,0.31559,-0.06486,-0.79965,NaN,NaN,NaN,NaN,NaN,NaN,NaN,NaN,NaN,NaN,NaN,NaN,NaN,NaN,NaN,NaN,NaN,NaN,NaN,NaN,NaN,
63.929,-0.01968,0.00492,0.12943,0.50649,0.31565,-0.06455,-0.79979,NaN,NaN,NaN,NaN,NaN,NaN,NaN,NaN,NaN,NaN,NaN,NaN,NaN,NaN,NaN,NaN,NaN,NaN,NaN,NaN,NaN,
63.954,-0.01970,0.00484,0.12943,0.50502,0.31614,-0.06255,-0.80069,NaN,NaN,NaN,NaN,NaN,NaN,NaN,NaN,NaN,NaN,NaN,NaN,NaN,NaN,NaN,NaN,NaN,NaN,NaN,NaN,NaN,
63.979,-0.01974,0.00482,0.12951,0.50450,0.31614,-0.06162,-0.80109,NaN,NaN,NaN,NaN,NaN,NaN,NaN,NaN,NaN,NaN,NaN,NaN,NaN,NaN,NaN,NaN,NaN,NaN,NaN,NaN,NaN,
64.004,-0.01971,0.00477,0.12945,0.50387,0.31636,-0.06081,-0.80145,NaN,NaN,NaN,NaN,NaN,NaN,NaN,NaN,NaN,NaN,NaN,NaN,NaN,NaN,NaN,NaN,NaN,NaN,NaN,NaN,NaN,
64.029,-0.01963,0.00459,0.12943,0.50224,0.31636,-0.05783,-0.80270,NaN,NaN,NaN,NaN,NaN,NaN,NaN,NaN,NaN,NaN,NaN,NaN,NaN,NaN,NaN,NaN,NaN,NaN,NaN,NaN,NaN,
64.054,-0.01993,0.00430,0.12948,-0.49506,-0.31644,0.04510,0.80793,NaN,NaN,NaN,NaN,NaN,NaN,NaN,NaN,NaN,NaN,NaN,NaN,NaN,NaN,NaN,NaN,NaN,NaN,NaN,NaN,NaN,
64.079,-0.01967,0.00382,0.12960,-0.49033,-0.31650,0.03691,0.81120,NaN,NaN,NaN,NaN,NaN,NaN,NaN,NaN,NaN,NaN,NaN,NaN,NaN,NaN,NaN,NaN,NaN,NaN,NaN,NaN,NaN,
64.104,-0.01977,0.00384,0.12957,-0.48947,-0.31689,0.03598,0.81160,NaN,NaN,NaN,NaN,NaN,NaN,NaN,NaN,NaN,NaN,NaN,NaN,NaN,NaN,NaN,NaN,NaN,NaN,NaN,NaN,NaN,
64.129,-0.01978,0.00378,0.12955,-0.48835,-0.31726,0.03455,0.81220,NaN,NaN,NaN,NaN,NaN,NaN,NaN,NaN,NaN,NaN,NaN,NaN,NaN,NaN,NaN,NaN,NaN,NaN,NaN,NaN,NaN,
64.154,-0.01984,0.00360,0.12949,-0.48569,-0.31740,0.03017,0.81391,NaN,NaN,NaN,NaN,NaN,NaN,NaN,NaN,NaN,NaN,NaN,NaN,NaN,NaN,NaN,NaN,NaN,NaN,NaN,NaN,NaN,
64.179,-0.01977,0.00334,0.12949,-0.48348,-0.31707,0.02593,0.81550,NaN,NaN,NaN,NaN,NaN,NaN,NaN,NaN,NaN,NaN,NaN,NaN,NaN,NaN,NaN,NaN,NaN,NaN,NaN,NaN,NaN,
64.204,-0.01980,0.00326,0.12957,-0.48209,-0.31672,0.02308,0.81655,NaN,NaN,NaN,NaN,NaN,NaN,NaN,NaN,NaN,NaN,NaN,NaN,NaN,NaN,NaN,NaN,NaN,NaN,NaN,NaN,NaN,
64.229,-0.01981,0.00323,0.12963,-0.48076,-0.31676,0.02089,0.81737,NaN,NaN,NaN,NaN,NaN,NaN,NaN,NaN,NaN,NaN,NaN,NaN,NaN,NaN,NaN,NaN,NaN,NaN,NaN,NaN,NaN,
64.254,-0.01981,0.00311,0.12968,-0.47911,-0.31656,0.01784,0.81849,NaN,NaN,NaN,NaN,NaN,NaN,NaN,NaN,NaN,NaN,NaN,NaN,NaN,NaN,NaN,NaN,NaN,NaN,NaN,NaN,NaN,
64.279,-0.01979,0.00291,0.12962,-0.47702,-0.31658,0.01436,0.81977,NaN,NaN,NaN,NaN,NaN,NaN,NaN,NaN,NaN,NaN,NaN,NaN,NaN,NaN,NaN,NaN,NaN,NaN,NaN,NaN,NaN,
64.304,-0.01989,0.00250,0.12948,-0.46976,-0.31856,0.00509,0.82330,NaN,NaN,NaN,NaN,NaN,NaN,NaN,NaN,NaN,NaN,NaN,NaN,NaN,NaN,NaN,NaN,NaN,NaN,NaN,NaN,NaN,
64.329,-0.01962,0.00184,0.12980,-0.46596,-0.31404,-0.00718,0.82717,NaN,NaN,NaN,NaN,NaN,NaN,NaN,NaN,NaN,NaN,NaN,NaN,NaN,NaN,NaN,NaN,NaN,NaN,NaN,NaN,NaN,
64.354,-0.01979,0.00169,0.12975,-0.46233,-0.31422,-0.01275,0.82907,NaN,NaN,NaN,NaN,NaN,NaN,NaN,NaN,NaN,NaN,NaN,NaN,NaN,NaN,NaN,NaN,NaN,NaN,NaN,NaN,NaN,
64.379,-0.01989,0.00159,0.12971,-0.46066,-0.31411,-0.01556,0.82999,NaN,NaN,NaN,NaN,NaN,NaN,NaN,NaN,NaN,NaN,NaN,NaN,NaN,NaN,NaN,NaN,NaN,NaN,NaN,NaN,NaN,
64.404,-0.01989,0.00139,0.12973,-0.45880,-0.31327,-0.01960,0.83125,NaN,NaN,NaN,NaN,NaN,NaN,NaN,NaN,NaN,NaN,NaN,NaN,NaN,NaN,NaN,NaN,NaN,NaN,NaN,NaN,NaN,
64.429,-0.01979,0.00114,0.12980,-0.45616,-0.31258,-0.02463,0.83283,NaN,NaN,NaN,NaN,NaN,NaN,NaN,NaN,NaN,NaN,NaN,NaN,NaN,NaN,NaN,NaN,NaN,NaN,NaN,NaN,NaN,
64.454,-0.01984,0.00088,0.13001,-0.45387,-0.31073,-0.03060,0.83457,NaN,NaN,NaN,NaN,NaN,NaN,NaN,NaN,NaN,NaN,NaN,NaN,NaN,NaN,NaN,NaN,NaN,NaN,NaN,NaN,NaN,
64.479,-0.01990,0.00075,0.13002,-0.45184,-0.31030,-0.03430,0.83569,NaN,NaN,NaN,NaN,NaN,NaN,NaN,NaN,NaN,NaN,NaN,NaN,NaN,NaN,NaN,NaN,NaN,NaN,NaN,NaN,NaN,
64.504,-0.01985,0.00066,0.12995,-0.45088,-0.31035,-0.03570,0.83613,NaN,NaN,NaN,NaN,NaN,NaN,NaN,NaN,NaN,NaN,NaN,NaN,NaN,NaN,NaN,NaN,NaN,NaN,NaN,NaN,NaN,
64.529,-0.01989,0.00066,0.12997,-0.45067,-0.31024,-0.03616,0.83627,NaN,NaN,NaN,NaN,NaN,NaN,NaN,NaN,NaN,NaN,NaN,NaN,NaN,NaN,NaN,NaN,NaN,NaN,NaN,NaN,NaN,
64.554,-0.01991,0.00068,0.12998,-0.45055,-0.31017,-0.03643,0.83634,NaN,NaN,NaN,NaN,NaN,NaN,NaN,NaN,NaN,NaN,NaN,NaN,NaN,NaN,NaN,NaN,NaN,NaN,NaN,NaN,NaN,
64.579,-0.01995,0.00062,0.13007,-0.44990,-0.30965,-0.03809,0.83681,NaN,NaN,NaN,NaN,NaN,NaN,NaN,NaN,NaN,NaN,NaN,NaN,NaN,NaN,NaN,NaN,NaN,NaN,NaN,NaN,NaN,
64.604,-0.01988,0.00054,0.13018,-0.45011,-0.30881,-0.03886,0.83698,NaN,NaN,NaN,NaN,NaN,NaN,NaN,NaN,NaN,NaN,NaN,NaN,NaN,NaN,NaN,NaN,NaN,NaN,NaN,NaN,NaN,
64.629,-0.01988,0.00063,0.13025,-0.45045,-0.30879,-0.03837,0.83682,NaN,NaN,NaN,NaN,NaN,NaN,NaN,NaN,NaN,NaN,NaN,NaN,NaN,NaN,NaN,NaN,NaN,NaN,NaN,NaN,NaN,
64.654,-0.01993,0.00067,0.13044,-0.45045,-0.30871,-0.03846,0.83685,NaN,NaN,NaN,NaN,NaN,NaN,NaN,NaN,NaN,NaN,NaN,NaN,NaN,NaN,NaN,NaN,NaN,NaN,NaN,NaN,NaN,
64.679,-0.02000,0.00070,0.13056,-0.45017,-0.30863,-0.03900,0.83700,NaN,NaN,NaN,NaN,NaN,NaN,NaN,NaN,NaN,NaN,NaN,NaN,NaN,NaN,NaN,NaN,NaN,NaN,NaN,NaN,NaN,
64.704,-0.01976,0.00065,0.13087,-0.45300,-0.30834,-0.03503,0.83576,NaN,NaN,NaN,NaN,NaN,NaN,NaN,NaN,NaN,NaN,NaN,NaN,NaN,NaN,NaN,NaN,NaN,NaN,NaN,NaN,NaN,
64.730,-0.02051,0.00107,0.13026,-0.45392,-0.31514,-0.02478,0.83308,NaN,NaN,NaN,NaN,NaN,NaN,NaN,NaN,NaN,NaN,NaN,NaN,NaN,NaN,NaN,NaN,NaN,NaN,NaN,NaN,NaN,
64.754,-0.02119,0.00134,0.12969,-0.45355,-0.32228,-0.01592,0.83077,NaN,NaN,NaN,NaN,NaN,NaN,NaN,NaN,NaN,NaN,NaN,NaN,NaN,NaN,NaN,NaN,NaN,NaN,NaN,NaN,NaN,
64.779,-0.02131,0.00142,0.12975,-0.45563,-0.32299,-0.01170,0.82943,NaN,NaN,NaN,NaN,NaN,NaN,NaN,NaN,NaN,NaN,NaN,NaN,NaN,NaN,NaN,NaN,NaN,NaN,NaN,NaN,NaN,
64.804,-0.02140,0.00155,0.12985,-0.45742,-0.32263,-0.00933,0.82861,NaN,NaN,NaN,NaN,NaN,NaN,NaN,NaN,NaN,NaN,NaN,NaN,NaN,NaN,NaN,NaN,NaN,NaN,NaN,NaN,NaN,
64.830,-0.02136,0.00162,0.12977,-0.45891,-0.32256,-0.00705,0.82784,NaN,NaN,NaN,NaN,NaN,NaN,NaN,NaN,NaN,NaN,NaN,NaN,NaN,NaN,NaN,NaN,NaN,NaN,NaN,NaN,NaN,
64.854,-0.02133,0.00164,0.12965,-0.45998,-0.32245,-0.00548,0.82729,NaN,NaN,NaN,NaN,NaN,NaN,NaN,NaN,NaN,NaN,NaN,NaN,NaN,NaN,NaN,NaN,NaN,NaN,NaN,NaN,NaN,
64.879,-0.02133,0.00170,0.12952,-0.46087,-0.32283,-0.00353,0.82666,NaN,NaN,NaN,NaN,NaN,NaN,NaN,NaN,NaN,NaN,NaN,NaN,NaN,NaN,NaN,NaN,NaN,NaN,NaN,NaN,NaN,
64.904,-0.02131,0.00174,0.12956,-0.46175,-0.32238,-0.00273,0.82635,NaN,NaN,NaN,NaN,NaN,NaN,NaN,NaN,NaN,NaN,NaN,NaN,NaN,NaN,NaN,NaN,NaN,NaN,NaN,NaN,NaN,
64.929,-0.02142,0.00183,0.12944,-0.46174,-0.32271,-0.00229,0.82622,NaN,NaN,NaN,NaN,NaN,NaN,NaN,NaN,NaN,NaN,NaN,NaN,NaN,NaN,NaN,NaN,NaN,NaN,NaN,NaN,NaN,
64.954,-0.02139,0.00183,0.12941,-0.46209,-0.32252,-0.00199,0.82611,NaN,NaN,NaN,NaN,NaN,NaN,NaN,NaN,NaN,NaN,NaN,NaN,NaN,NaN,NaN,NaN,NaN,NaN,NaN,NaN,NaN,
64.979,-0.02135,0.00177,0.12933,-0.46195,-0.32259,-0.00212,0.82616,NaN,NaN,NaN,NaN,NaN,NaN,NaN,NaN,NaN,NaN,NaN,NaN,NaN,NaN,NaN,NaN,NaN,NaN,NaN,NaN,NaN,
65.004,-0.02135,0.00174,0.12934,-0.46189,-0.32255,-0.00228,0.82621,NaN,NaN,NaN,NaN,NaN,NaN,NaN,NaN,NaN,NaN,NaN,NaN,NaN,NaN,NaN,NaN,NaN,NaN,NaN,NaN,NaN,
65.029,-0.02139,0.00179,0.12934,-0.46193,-0.32256,-0.00219,0.82618,NaN,NaN,NaN,NaN,NaN,NaN,NaN,NaN,NaN,NaN,NaN,NaN,NaN,NaN,NaN,NaN,NaN,NaN,NaN,NaN,NaN,
65.054,-0.02139,0.00182,0.12941,-0.46207,-0.32235,-0.00225,0.82618,NaN,NaN,NaN,NaN,NaN,NaN,NaN,NaN,NaN,NaN,NaN,NaN,NaN,NaN,NaN,NaN,NaN,NaN,NaN,NaN,NaN,
65.079,-0.02137,0.00179,0.12945,-0.46177,-0.32248,-0.00257,0.82630,NaN,NaN,NaN,NaN,NaN,NaN,NaN,NaN,NaN,NaN,NaN,NaN,NaN,NaN,NaN,NaN,NaN,NaN,NaN,NaN,NaN,
65.104,-0.02137,0.00179,0.12943,-0.46190,-0.32248,-0.00236,0.82623,NaN,NaN,NaN,NaN,NaN,NaN,NaN,NaN,NaN,NaN,NaN,NaN,NaN,NaN,NaN,NaN,NaN,NaN,NaN,NaN,NaN,
65.129,-0.02137,0.00180,0.12940,-0.46189,-0.32250,-0.00235,0.82623,NaN,NaN,NaN,NaN,NaN,NaN,NaN,NaN,NaN,NaN,NaN,NaN,NaN,NaN,NaN,NaN,NaN,NaN,NaN,NaN,NaN,
65.154,-0.02137,0.00179,0.12937,-0.46180,-0.32254,-0.00243,0.82626,NaN,NaN,NaN,NaN,NaN,NaN,NaN,NaN,NaN,NaN,NaN,NaN,NaN,NaN,NaN,NaN,NaN,NaN,NaN,NaN,NaN,
65.179,-0.02136,0.00167,0.12930,-0.46058,-0.32275,-0.00410,0.82685,NaN,NaN,NaN,NaN,NaN,NaN,NaN,NaN,NaN,NaN,NaN,NaN,NaN,NaN,NaN,NaN,NaN,NaN,NaN,NaN,NaN,
65.204,-0.02141,0.00160,0.12927,-0.45940,-0.32268,-0.00611,0.82752,NaN,NaN,NaN,NaN,NaN,NaN,NaN,NaN,NaN,NaN,NaN,NaN,NaN,NaN,NaN,NaN,NaN,NaN,NaN,NaN,NaN,
65.229,-0.02153,0.00133,0.12931,-0.45449,-0.32323,-0.01317,0.82993,NaN,NaN,NaN,NaN,NaN,NaN,NaN,NaN,NaN,NaN,NaN,NaN,NaN,NaN,NaN,NaN,NaN,NaN,NaN,NaN,NaN,
65.254,-0.02148,0.00105,0.12948,-0.45066,-0.32072,-0.02252,0.83279,NaN,NaN,NaN,NaN,NaN,NaN,NaN,NaN,NaN,NaN,NaN,NaN,NaN,NaN,NaN,NaN,NaN,NaN,NaN,NaN,NaN,
65.279,-0.02144,0.00069,0.12959,-0.44657,-0.31987,-0.02996,0.83508,NaN,NaN,NaN,NaN,NaN,NaN,NaN,NaN,NaN,NaN,NaN,NaN,NaN,NaN,NaN,NaN,NaN,NaN,NaN,NaN,NaN,
65.304,-0.02141,0.00048,0.12949,-0.44395,-0.31997,-0.03385,0.83629,NaN,NaN,NaN,NaN,NaN,NaN,NaN,NaN,NaN,NaN,NaN,NaN,NaN,NaN,NaN,NaN,NaN,NaN,NaN,NaN,NaN,
65.329,-0.02146,0.00031,0.12947,-0.44096,-0.32011,-0.03823,0.83763,NaN,NaN,NaN,NaN,NaN,NaN,NaN,NaN,NaN,NaN,NaN,NaN,NaN,NaN,NaN,NaN,NaN,NaN,NaN,NaN,NaN,
65.354,-0.02137,0.00009,0.12961,-0.43881,-0.31954,-0.04221,0.83878,NaN,NaN,NaN,NaN,NaN,NaN,NaN,NaN,NaN,NaN,NaN,NaN,NaN,NaN,NaN,NaN,NaN,NaN,NaN,NaN,NaN,
65.379,-0.02148,-0.00011,0.12973,-0.43569,-0.31942,-0.04704,0.84020,NaN,NaN,NaN,NaN,NaN,NaN,NaN,NaN,NaN,NaN,NaN,NaN,NaN,NaN,NaN,NaN,NaN,NaN,NaN,NaN,NaN,
65.404,-0.02148,-0.00025,0.12985,-0.43464,-0.31856,-0.04971,0.84091,NaN,NaN,NaN,NaN,NaN,NaN,NaN,NaN,NaN,NaN,NaN,NaN,NaN,NaN,NaN,NaN,NaN,NaN,NaN,NaN,NaN,
65.429,-0.02155,-0.00026,0.12975,-0.43435,-0.31849,-0.05024,0.84106,NaN,NaN,NaN,NaN,NaN,NaN,NaN,NaN,NaN,NaN,NaN,NaN,NaN,NaN,NaN,NaN,NaN,NaN,NaN,NaN,NaN,
65.454,-0.02153,-0.00030,0.12977,-0.43400,-0.31837,-0.05089,0.84124,NaN,NaN,NaN,NaN,NaN,NaN,NaN,NaN,NaN,NaN,NaN,NaN,NaN,NaN,NaN,NaN,NaN,NaN,NaN,NaN,NaN,
65.479,-0.02152,-0.00035,0.12977,-0.43377,-0.31826,-0.05139,0.84138,NaN,NaN,NaN,NaN,NaN,NaN,NaN,NaN,NaN,NaN,NaN,NaN,NaN,NaN,NaN,NaN,NaN,NaN,NaN,NaN,NaN,
65.504,-0.02176,-0.00042,0.12946,-0.43114,-0.31898,-0.05437,0.84227,NaN,NaN,NaN,NaN,NaN,NaN,NaN,NaN,NaN,NaN,NaN,NaN,NaN,NaN,NaN,NaN,NaN,NaN,NaN,NaN,NaN,
65.529,-0.02145,-0.00070,0.12967,-0.43111,-0.31706,-0.05683,0.84284,NaN,NaN,NaN,NaN,NaN,NaN,NaN,NaN,NaN,NaN,NaN,NaN,NaN,NaN,NaN,NaN,NaN,NaN,NaN,NaN,NaN,
65.554,-0.02144,-0.00072,0.12972,-0.43092,-0.31691,-0.05730,0.84296,NaN,NaN,NaN,NaN,NaN,NaN,NaN,NaN,NaN,NaN,NaN,NaN,NaN,NaN,NaN,NaN,NaN,NaN,NaN,NaN,NaN,
65.579,-0.02151,-0.00081,0.12976,-0.43024,-0.31607,-0.05937,0.84349,NaN,NaN,NaN,NaN,NaN,NaN,NaN,NaN,NaN,NaN,NaN,NaN,NaN,NaN,NaN,NaN,NaN,NaN,NaN,NaN,NaN,
65.604,-0.02146,-0.00090,0.12966,-0.42900,-0.31584,-0.06147,0.84405,NaN,NaN,NaN,NaN,NaN,NaN,NaN,NaN,NaN,NaN,NaN,NaN,NaN,NaN,NaN,NaN,NaN,NaN,NaN,NaN,NaN,
65.629,-0.02148,-0.00101,0.12961,-0.42836,-0.31512,-0.06331,0.84451,NaN,NaN,NaN,NaN,NaN,NaN,NaN,NaN,NaN,NaN,NaN,NaN,NaN,NaN,NaN,NaN,NaN,NaN,NaN,NaN,NaN,
65.654,-0.02135,-0.00108,0.12957,-0.42854,-0.31402,-0.06442,0.84474,NaN,NaN,NaN,NaN,NaN,NaN,NaN,NaN,NaN,NaN,NaN,NaN,NaN,NaN,NaN,NaN,NaN,NaN,NaN,NaN,NaN,
65.680,-0.02128,-0.00115,0.12956,-0.42836,-0.31360,-0.06522,0.84493,NaN,NaN,NaN,NaN,NaN,NaN,NaN,NaN,NaN,NaN,NaN,NaN,NaN,NaN,NaN,NaN,NaN,NaN,NaN,NaN,NaN,
65.704,-0.02130,-0.00121,0.12954,-0.42794,-0.31337,-0.06610,0.84516,NaN,NaN,NaN,NaN,NaN,NaN,NaN,NaN,NaN,NaN,NaN,NaN,NaN,NaN,NaN,NaN,NaN,NaN,NaN,NaN,NaN,
65.729,-0.02126,-0.00122,0.12955,-0.42774,-0.31309,-0.06675,0.84532,NaN,NaN,NaN,NaN,NaN,NaN,NaN,NaN,NaN,NaN,NaN,NaN,NaN,NaN,NaN,NaN,NaN,NaN,NaN,NaN,NaN,
65.754,-0.02126,-0.00122,0.12954,-0.42728,-0.31316,-0.06732,0.84548,NaN,NaN,NaN,NaN,NaN,NaN,NaN,NaN,NaN,NaN,NaN,NaN,NaN,NaN,NaN,NaN,NaN,NaN,NaN,NaN,NaN,
65.779,-0.02127,-0.00124,0.12945,-0.42700,-0.31319,-0.06771,0.84558,NaN,NaN,NaN,NaN,NaN,NaN,NaN,NaN,NaN,NaN,NaN,NaN,NaN,NaN,NaN,NaN,NaN,NaN,NaN,NaN,NaN,
65.804,-0.02126,-0.00134,0.12934,-0.42619,-0.31311,-0.06897,0.84591,NaN,NaN,NaN,NaN,NaN,NaN,NaN,NaN,NaN,NaN,NaN,NaN,NaN,NaN,NaN,NaN,NaN,NaN,NaN,NaN,NaN,
65.829,-0.02120,-0.00151,0.12926,-0.42563,-0.31252,-0.07050,0.84628,NaN,NaN,NaN,NaN,NaN,NaN,NaN,NaN,NaN,NaN,NaN,NaN,NaN,NaN,NaN,NaN,NaN,NaN,NaN,NaN,NaN,
65.854,-0.02113,-0.00165,0.12924,-0.42519,-0.31194,-0.07185,0.84661,NaN,NaN,NaN,NaN,NaN,NaN,NaN,NaN,NaN,NaN,NaN,NaN,NaN,NaN,NaN,NaN,NaN,NaN,NaN,NaN,NaN,
65.879,-0.02116,-0.00166,0.12924,-0.42488,-0.31163,-0.07269,0.84681,NaN,NaN,NaN,NaN,NaN,NaN,NaN,NaN,NaN,NaN,NaN,NaN,NaN,NaN,NaN,NaN,NaN,NaN,NaN,NaN,NaN,
65.904,-0.02116,-0.00162,0.12927,-0.42472,-0.31121,-0.07345,0.84698,NaN,NaN,NaN,NaN,NaN,NaN,NaN,NaN,NaN,NaN,NaN,NaN,NaN,NaN,NaN,NaN,NaN,NaN,NaN,NaN,NaN,
65.929,-0.02115,-0.00167,0.12923,-0.42425,-0.31101,-0.07436,0.84720,NaN,NaN,NaN,NaN,NaN,NaN,NaN,NaN,NaN,NaN,NaN,NaN,NaN,NaN,NaN,NaN,NaN,NaN,NaN,NaN,NaN,
65.954,-0.02110,-0.00173,0.12919,-0.42395,-0.31077,-0.07509,0.84738,NaN,NaN,NaN,NaN,NaN,NaN,NaN,NaN,NaN,NaN,NaN,NaN,NaN,NaN,NaN,NaN,NaN,NaN,NaN,NaN,NaN,
65.979,-0.02108,-0.00185,0.12907,-0.42323,-0.31061,-0.07632,0.84769,NaN,NaN,NaN,NaN,NaN,NaN,NaN,NaN,NaN,NaN,NaN,NaN,NaN,NaN,NaN,NaN,NaN,NaN,NaN,NaN,NaN,
66.004,-0.02102,-0.00192,0.12903,-0.42316,-0.30980,-0.07742,0.84792,NaN,NaN,NaN,NaN,NaN,NaN,NaN,NaN,NaN,NaN,NaN,NaN,NaN,NaN,NaN,NaN,NaN,NaN,NaN,NaN,NaN,
66.029,-0.02100,-0.00198,0.12904,-0.42283,-0.30940,-0.07836,0.84814,NaN,NaN,NaN,NaN,NaN,NaN,NaN,NaN,NaN,NaN,NaN,NaN,NaN,NaN,NaN,NaN,NaN,NaN,NaN,NaN,NaN,
66.054,-0.02099,-0.00197,0.12907,-0.42279,-0.30885,-0.07910,0.84829,NaN,NaN,NaN,NaN,NaN,NaN,NaN,NaN,NaN,NaN,NaN,NaN,NaN,NaN,NaN,NaN,NaN,NaN,NaN,NaN,NaN,
66.079,-0.02103,-0.00203,0.12904,-0.42211,-0.30824,-0.08082,0.84869,NaN,NaN,NaN,NaN,NaN,NaN,NaN,NaN,NaN,NaN,NaN,NaN,NaN,NaN,NaN,NaN,NaN,NaN,NaN,NaN,NaN,
66.104,-0.02094,-0.00218,0.12909,-0.42178,-0.30712,-0.08265,0.84909,NaN,NaN,NaN,NaN,NaN,NaN,NaN,NaN,NaN,NaN,NaN,NaN,NaN,NaN,NaN,NaN,NaN,NaN,NaN,NaN,NaN,
66.129,-0.02093,-0.00222,0.12901,-0.42132,-0.30692,-0.08354,0.84930,NaN,NaN,NaN,NaN,NaN,NaN,NaN,NaN,NaN,NaN,NaN,NaN,NaN,NaN,NaN,NaN,NaN,NaN,NaN,NaN,NaN,
66.154,-0.02085,-0.00229,0.12901,-0.42122,-0.30637,-0.08436,0.84947,NaN,NaN,NaN,NaN,NaN,NaN,NaN,NaN,NaN,NaN,NaN,NaN,NaN,NaN,NaN,NaN,NaN,NaN,NaN,NaN,NaN,
66.179,-0.02082,-0.00231,0.12902,-0.42128,-0.30588,-0.08487,0.84957,NaN,NaN,NaN,NaN,NaN,NaN,NaN,NaN,NaN,NaN,NaN,NaN,NaN,NaN,NaN,NaN,NaN,NaN,NaN,NaN,NaN,
66.204,-0.02085,-0.00231,0.12902,-0.42097,-0.30583,-0.08537,0.84969,NaN,NaN,NaN,NaN,NaN,NaN,NaN,NaN,NaN,NaN,NaN,NaN,NaN,NaN,NaN,NaN,NaN,NaN,NaN,NaN,NaN,
66.229,-0.02091,-0.00236,0.12898,-0.41987,-0.30568,-0.08710,0.85011,NaN,NaN,NaN,NaN,NaN,NaN,NaN,NaN,NaN,NaN,NaN,NaN,NaN,NaN,NaN,NaN,NaN,NaN,NaN,NaN,NaN,
66.254,-0.02087,-0.00252,0.12902,-0.41945,-0.30448,-0.08913,0.85053,NaN,NaN,NaN,NaN,NaN,NaN,NaN,NaN,NaN,NaN,NaN,NaN,NaN,NaN,NaN,NaN,NaN,NaN,NaN,NaN,NaN,
66.279,-0.02086,-0.00257,0.12899,-0.41916,-0.30404,-0.09007,0.85073,NaN,NaN,NaN,NaN,NaN,NaN,NaN,NaN,NaN,NaN,NaN,NaN,NaN,NaN,NaN,NaN,NaN,NaN,NaN,NaN,NaN,
66.304,-0.02082,-0.00260,0.12900,-0.41924,-0.30337,-0.09078,0.85086,NaN,NaN,NaN,NaN,NaN,NaN,NaN,NaN,NaN,NaN,NaN,NaN,NaN,NaN,NaN,NaN,NaN,NaN,NaN,NaN,NaN,
66.329,-0.02079,-0.00266,0.12900,-0.41917,-0.30298,-0.09133,0.85097,NaN,NaN,NaN,NaN,NaN,NaN,NaN,NaN,NaN,NaN,NaN,NaN,NaN,NaN,NaN,NaN,NaN,NaN,NaN,NaN,NaN,
66.354,-0.02077,-0.00272,0.12899,-0.41892,-0.30289,-0.09181,0.85108,NaN,NaN,NaN,NaN,NaN,NaN,NaN,NaN,NaN,NaN,NaN,NaN,NaN,NaN,NaN,NaN,NaN,NaN,NaN,NaN,NaN,
66.379,-0.02073,-0.00274,0.12898,-0.41889,-0.30271,-0.09205,0.85113,NaN,NaN,NaN,NaN,NaN,NaN,NaN,NaN,NaN,NaN,NaN,NaN,NaN,NaN,NaN,NaN,NaN,NaN,NaN,NaN,NaN,
66.404,-0.02074,-0.00271,0.12895,-0.41883,-0.30261,-0.09226,0.85117,NaN,NaN,NaN,NaN,NaN,NaN,NaN,NaN,NaN,NaN,NaN,NaN,NaN,NaN,NaN,NaN,NaN,NaN,NaN,NaN,NaN,
66.429,-0.02082,-0.00282,0.12896,-0.41778,-0.30172,-0.09479,0.85173,NaN,NaN,NaN,NaN,NaN,NaN,NaN,NaN,NaN,NaN,NaN,NaN,NaN,NaN,NaN,NaN,NaN,NaN,NaN,NaN,NaN,
66.454,-0.02074,-0.00300,0.12890,-0.41695,-0.30057,-0.09731,0.85225,NaN,NaN,NaN,NaN,NaN,NaN,NaN,NaN,NaN,NaN,NaN,NaN,NaN,NaN,NaN,NaN,NaN,NaN,NaN,NaN,NaN,
66.479,-0.02068,-0.00313,0.12891,-0.41687,-0.29929,-0.09895,0.85256,NaN,NaN,NaN,NaN,NaN,NaN,NaN,NaN,NaN,NaN,NaN,NaN,NaN,NaN,NaN,NaN,NaN,NaN,NaN,NaN,NaN,
66.504,-0.02062,-0.00316,0.12894,-0.41700,-0.29853,-0.09967,0.85267,NaN,NaN,NaN,NaN,NaN,NaN,NaN,NaN,NaN,NaN,NaN,NaN,NaN,NaN,NaN,NaN,NaN,NaN,NaN,NaN,NaN,
66.529,-0.02059,-0.00317,0.12896,-0.41693,-0.29812,-0.10025,0.85278,NaN,NaN,NaN,NaN,NaN,NaN,NaN,NaN,NaN,NaN,NaN,NaN,NaN,NaN,NaN,NaN,NaN,NaN,NaN,NaN,NaN,
66.554,-0.02058,-0.00320,0.12900,-0.41650,-0.29769,-0.10136,0.85301,NaN,NaN,NaN,NaN,NaN,NaN,NaN,NaN,NaN,NaN,NaN,NaN,NaN,NaN,NaN,NaN,NaN,NaN,NaN,NaN,NaN,
66.579,-0.02051,-0.00334,0.12901,-0.41595,-0.29647,-0.10356,0.85344,NaN,NaN,NaN,NaN,NaN,NaN,NaN,NaN,NaN,NaN,NaN,NaN,NaN,NaN,NaN,NaN,NaN,NaN,NaN,NaN,NaN,
66.604,-0.02051,-0.00351,0.12894,-0.41533,-0.29440,-0.10684,0.85405,NaN,NaN,NaN,NaN,NaN,NaN,NaN,NaN,NaN,NaN,NaN,NaN,NaN,NaN,NaN,NaN,NaN,NaN,NaN,NaN,NaN,
66.629,-0.02038,-0.00369,0.12887,-0.41444,-0.29302,-0.10969,0.85460,NaN,NaN,NaN,NaN,NaN,NaN,NaN,NaN,NaN,NaN,NaN,NaN,NaN,NaN,NaN,NaN,NaN,NaN,NaN,NaN,NaN,
66.654,-0.02030,-0.00381,0.12883,-0.41443,-0.29174,-0.11118,0.85485,NaN,NaN,NaN,NaN,NaN,NaN,NaN,NaN,NaN,NaN,NaN,NaN,NaN,NaN,NaN,NaN,NaN,NaN,NaN,NaN,NaN,
66.679,-0.02023,-0.00388,0.12891,-0.41441,-0.29048,-0.11268,0.85510,NaN,NaN,NaN,NaN,NaN,NaN,NaN,NaN,NaN,NaN,NaN,NaN,NaN,NaN,NaN,NaN,NaN,NaN,NaN,NaN,NaN,
66.704,-0.02026,-0.00395,0.12896,-0.41381,-0.28935,-0.11481,0.85549,NaN,NaN,NaN,NaN,NaN,NaN,NaN,NaN,NaN,NaN,NaN,NaN,NaN,NaN,NaN,NaN,NaN,NaN,NaN,NaN,NaN,
66.729,-0.02008,-0.00405,0.12902,-0.41435,-0.28740,-0.11633,0.85568,NaN,NaN,NaN,NaN,NaN,NaN,NaN,NaN,NaN,NaN,NaN,NaN,NaN,NaN,NaN,NaN,NaN,NaN,NaN,NaN,NaN,
66.754,-0.02004,-0.00414,0.12894,-0.41392,-0.28694,-0.11745,0.85589,NaN,NaN,NaN,NaN,NaN,NaN,NaN,NaN,NaN,NaN,NaN,NaN,NaN,NaN,NaN,NaN,NaN,NaN,NaN,NaN,NaN,
66.779,-0.01997,-0.00424,0.12891,-0.41362,-0.28653,-0.11833,0.85605,NaN,NaN,NaN,NaN,NaN,NaN,NaN,NaN,NaN,NaN,NaN,NaN,NaN,NaN,NaN,NaN,NaN,NaN,NaN,NaN,NaN,
66.806,-0.02000,-0.00425,0.12885,-0.41324,-0.28641,-0.11897,0.85618,NaN,NaN,NaN,NaN,NaN,NaN,NaN,NaN,NaN,NaN,NaN,NaN,NaN,NaN,NaN,NaN,NaN,NaN,NaN,NaN,NaN,
66.829,-0.01997,-0.00429,0.12888,-0.41312,-0.28588,-0.11975,0.85631,NaN,NaN,NaN,NaN,NaN,NaN,NaN,NaN,NaN,NaN,NaN,NaN,NaN,NaN,NaN,NaN,NaN,NaN,NaN,NaN,NaN,
66.854,-0.01992,-0.00427,0.12886,-0.41342,-0.28543,-0.11986,0.85630,NaN,NaN,NaN,NaN,NaN,NaN,NaN,NaN,NaN,NaN,NaN,NaN,NaN,NaN,NaN,NaN,NaN,NaN,NaN,NaN,NaN,
66.879,-0.01989,-0.00430,0.12888,-0.41363,-0.28487,-0.12022,0.85634,NaN,NaN,NaN,NaN,NaN,NaN,NaN,NaN,NaN,NaN,NaN,NaN,NaN,NaN,NaN,NaN,NaN,NaN,NaN,NaN,NaN,
66.904,-0.01985,-0.00438,0.12887,-0.41363,-0.28454,-0.12059,0.85639,NaN,NaN,NaN,NaN,NaN,NaN,NaN,NaN,NaN,NaN,NaN,NaN,NaN,NaN,NaN,NaN,NaN,NaN,NaN,NaN,NaN,
66.929,-0.01982,-0.00441,0.12888,-0.41360,-0.28438,-0.12081,0.85643,NaN,NaN,NaN,NaN,NaN,NaN,NaN,NaN,NaN,NaN,NaN,NaN,NaN,NaN,NaN,NaN,NaN,NaN,NaN,NaN,NaN,
66.954,-0.01984,-0.00434,0.12889,-0.41372,-0.28431,-0.12074,0.85640,NaN,NaN,NaN,NaN,NaN,NaN,NaN,NaN,NaN,NaN,NaN,NaN,NaN,NaN,NaN,NaN,NaN,NaN,NaN,NaN,NaN,
66.980,-0.01985,-0.00432,0.12896,-0.41369,-0.28414,-0.12096,0.85644,NaN,NaN,NaN,NaN,NaN,NaN,NaN,NaN,NaN,NaN,NaN,NaN,NaN,NaN,NaN,NaN,NaN,NaN,NaN,NaN,NaN,
67.004,-0.01986,-0.00433,0.12896,-0.41350,-0.28419,-0.12117,0.85649,NaN,NaN,NaN,NaN,NaN,NaN,NaN,NaN,NaN,NaN,NaN,NaN,NaN,NaN,NaN,NaN,NaN,NaN,NaN,NaN,NaN,
67.029,-0.01980,-0.00437,0.12894,-0.41357,-0.28397,-0.12133,0.85651,NaN,NaN,NaN,NaN,NaN,NaN,NaN,NaN,NaN,NaN,NaN,NaN,NaN,NaN,NaN,NaN,NaN,NaN,NaN,NaN,NaN,
67.054,-0.01979,-0.00442,0.12886,-0.41355,-0.28396,-0.12136,0.85651,NaN,NaN,NaN,NaN,NaN,NaN,NaN,NaN,NaN,NaN,NaN,NaN,NaN,NaN,NaN,NaN,NaN,NaN,NaN,NaN,NaN,
67.079,-0.01982,-0.00436,0.12888,-0.41358,-0.28437,-0.12086,0.85643,NaN,NaN,NaN,NaN,NaN,NaN,NaN,NaN,NaN,NaN,NaN,NaN,NaN,NaN,NaN,NaN,NaN,NaN,NaN,NaN,NaN,
67.104,-0.01981,-0.00438,0.12889,-0.41360,-0.28419,-0.12103,0.85646,NaN,NaN,NaN,NaN,NaN,NaN,NaN,NaN,NaN,NaN,NaN,NaN,NaN,NaN,NaN,NaN,NaN,NaN,NaN,NaN,NaN,
67.129,-0.01982,-0.00439,0.12889,-0.41362,-0.28363,-0.12165,0.85655,NaN,NaN,NaN,NaN,NaN,NaN,NaN,NaN,NaN,NaN,NaN,NaN,NaN,NaN,NaN,NaN,NaN,NaN,NaN,NaN,NaN,
67.154,-0.01982,-0.00439,0.12900,-0.41372,-0.28326,-0.12193,0.85658,NaN,NaN,NaN,NaN,NaN,NaN,NaN,NaN,NaN,NaN,NaN,NaN,NaN,NaN,NaN,NaN,NaN,NaN,NaN,NaN,NaN,
67.179,-0.01981,-0.00442,0.12895,-0.41333,-0.28310,-0.12264,0.85672,NaN,NaN,NaN,NaN,NaN,NaN,NaN,NaN,NaN,NaN,NaN,NaN,NaN,NaN,NaN,NaN,NaN,NaN,NaN,NaN,NaN,
67.204,-0.01974,-0.00460,0.12893,-0.41305,-0.28191,-0.12438,0.85700,NaN,NaN,NaN,NaN,NaN,NaN,NaN,NaN,NaN,NaN,NaN,NaN,NaN,NaN,NaN,NaN,NaN,NaN,NaN,NaN,NaN,
67.229,-0.01976,-0.00479,0.12875,-0.41215,-0.27949,-0.12833,0.85764,NaN,NaN,NaN,NaN,NaN,NaN,NaN,NaN,NaN,NaN,NaN,NaN,NaN,NaN,NaN,NaN,NaN,NaN,NaN,NaN,NaN,
67.254,-0.01937,-0.00522,0.12896,-0.41234,-0.27469,-0.13348,0.85831,NaN,NaN,NaN,NaN,NaN,NaN,NaN,NaN,NaN,NaN,NaN,NaN,NaN,NaN,NaN,NaN,NaN,NaN,NaN,NaN,NaN,
67.279,-0.01928,-0.00535,0.12896,-0.41244,-0.27112,-0.13734,0.85879,NaN,NaN,NaN,NaN,NaN,NaN,NaN,NaN,NaN,NaN,NaN,NaN,NaN,NaN,NaN,NaN,NaN,NaN,NaN,NaN,NaN,
67.304,-0.01921,-0.00555,0.12894,-0.41179,-0.26873,-0.14086,0.85929,NaN,NaN,NaN,NaN,NaN,NaN,NaN,NaN,NaN,NaN,NaN,NaN,NaN,NaN,NaN,NaN,NaN,NaN,NaN,NaN,NaN,
67.329,-0.01917,-0.00569,0.12892,-0.41159,-0.26679,-0.14327,0.85959,NaN,NaN,NaN,NaN,NaN,NaN,NaN,NaN,NaN,NaN,NaN,NaN,NaN,NaN,NaN,NaN,NaN,NaN,NaN,NaN,NaN,
67.354,-0.01906,-0.00580,0.12895,-0.41166,-0.26525,-0.14487,0.85977,NaN,NaN,NaN,NaN,NaN,NaN,NaN,NaN,NaN,NaN,NaN,NaN,NaN,NaN,NaN,NaN,NaN,NaN,NaN,NaN,NaN,
67.379,-0.01904,-0.00591,0.12892,-0.41146,-0.26464,-0.14579,0.85989,NaN,NaN,NaN,NaN,NaN,NaN,NaN,NaN,NaN,NaN,NaN,NaN,NaN,NaN,NaN,NaN,NaN,NaN,NaN,NaN,NaN,
67.404,-0.01900,-0.00596,0.12884,-0.41152,-0.26426,-0.14614,0.85992,NaN,NaN,NaN,NaN,NaN,NaN,NaN,NaN,NaN,NaN,NaN,NaN,NaN,NaN,NaN,NaN,NaN,NaN,NaN,NaN,NaN,
67.429,-0.01900,-0.00600,0.12880,-0.41144,-0.26396,-0.14656,0.85998,NaN,NaN,NaN,NaN,NaN,NaN,NaN,NaN,NaN,NaN,NaN,NaN,NaN,NaN,NaN,NaN,NaN,NaN,NaN,NaN,NaN,
67.454,-0.01900,-0.00598,0.12883,-0.41143,-0.26382,-0.14674,0.86000,NaN,NaN,NaN,NaN,NaN,NaN,NaN,NaN,NaN,NaN,NaN,NaN,NaN,NaN,NaN,NaN,NaN,NaN,NaN,NaN,NaN,
67.479,-0.01903,-0.00598,0.12881,-0.41129,-0.26391,-0.14681,0.86002,NaN,NaN,NaN,NaN,NaN,NaN,NaN,NaN,NaN,NaN,NaN,NaN,NaN,NaN,NaN,NaN,NaN,NaN,NaN,NaN,NaN,
67.504,-0.01907,-0.00596,0.12888,-0.41130,-0.26374,-0.14699,0.86004,NaN,NaN,NaN,NaN,NaN,NaN,NaN,NaN,NaN,NaN,NaN,NaN,NaN,NaN,NaN,NaN,NaN,NaN,NaN,NaN,NaN,
67.529,-0.01906,-0.00592,0.12881,-0.41131,-0.26393,-0.14677,0.86001,NaN,NaN,NaN,NaN,NaN,NaN,NaN,NaN,NaN,NaN,NaN,NaN,NaN,NaN,NaN,NaN,NaN,NaN,NaN,NaN,NaN,
67.554,-0.01907,-0.00597,0.12885,-0.41130,-0.26367,-0.14706,0.86005,NaN,NaN,NaN,NaN,NaN,NaN,NaN,NaN,NaN,NaN,NaN,NaN,NaN,NaN,NaN,NaN,NaN,NaN,NaN,NaN,NaN,
67.579,-0.01902,-0.00599,0.12885,-0.41134,-0.26365,-0.14704,0.86004,NaN,NaN,NaN,NaN,NaN,NaN,NaN,NaN,NaN,NaN,NaN,NaN,NaN,NaN,NaN,NaN,NaN,NaN,NaN,NaN,NaN,
67.604,-0.01904,-0.00601,0.12884,-0.41131,-0.26359,-0.14714,0.86005,NaN,NaN,NaN,NaN,NaN,NaN,NaN,NaN,NaN,NaN,NaN,NaN,NaN,NaN,NaN,NaN,NaN,NaN,NaN,NaN,NaN,
67.629,-0.01903,-0.00599,0.12883,-0.41132,-0.26379,-0.14691,0.86003,NaN,NaN,NaN,NaN,NaN,NaN,NaN,NaN,NaN,NaN,NaN,NaN,NaN,NaN,NaN,NaN,NaN,NaN,NaN,NaN,NaN,
67.654,-0.01903,-0.00599,0.12883,-0.41131,-0.26372,-0.14700,0.86004,NaN,NaN,NaN,NaN,NaN,NaN,NaN,NaN,NaN,NaN,NaN,NaN,NaN,NaN,NaN,NaN,NaN,NaN,NaN,NaN,NaN,
67.679,-0.01903,-0.00600,0.12883,-0.41130,-0.26369,-0.14705,0.86005,NaN,NaN,NaN,NaN,NaN,NaN,NaN,NaN,NaN,NaN,NaN,NaN,NaN,NaN,NaN,NaN,NaN,NaN,NaN,NaN,NaN,
67.704,-0.01904,-0.00600,0.12883,-0.41129,-0.26365,-0.14711,0.86005,NaN,NaN,NaN,NaN,NaN,NaN,NaN,NaN,NaN,NaN,NaN,NaN,NaN,NaN,NaN,NaN,NaN,NaN,NaN,NaN,NaN,
67.729,-0.01903,-0.00601,0.12883,-0.41128,-0.26361,-0.14716,0.86006,NaN,NaN,NaN,NaN,NaN,NaN,NaN,NaN,NaN,NaN,NaN,NaN,NaN,NaN,NaN,NaN,NaN,NaN,NaN,NaN,NaN,
67.754,-0.01903,-0.00602,0.12883,-0.41128,-0.26356,-0.14722,0.86007,NaN,NaN,NaN,NaN,NaN,NaN,NaN,NaN,NaN,NaN,NaN,NaN,NaN,NaN,NaN,NaN,NaN,NaN,NaN,NaN,NaN,
67.779,-0.01903,-0.00602,0.12883,-0.41128,-0.26350,-0.14729,0.86007,NaN,NaN,NaN,NaN,NaN,NaN,NaN,NaN,NaN,NaN,NaN,NaN,NaN,NaN,NaN,NaN,NaN,NaN,NaN,NaN,NaN,
67.804,-0.01903,-0.00602,0.12883,-0.41127,-0.26345,-0.14736,0.86008,NaN,NaN,NaN,NaN,NaN,NaN,NaN,NaN,NaN,NaN,NaN,NaN,NaN,NaN,NaN,NaN,NaN,NaN,NaN,NaN,NaN,
67.829,-0.01904,-0.00603,0.12883,-0.41125,-0.26339,-0.14744,0.86009,NaN,NaN,NaN,NaN,NaN,NaN,NaN,NaN,NaN,NaN,NaN,NaN,NaN,NaN,NaN,NaN,NaN,NaN,NaN,NaN,NaN,
67.854,-0.01903,-0.00603,0.12884,-0.41125,-0.26333,-0.14751,0.86010,NaN,NaN,NaN,NaN,NaN,NaN,NaN,NaN,NaN,NaN,NaN,NaN,NaN,NaN,NaN,NaN,NaN,NaN,NaN,NaN,NaN,
67.879,-0.01903,-0.00604,0.12884,-0.41126,-0.26325,-0.14759,0.86011,NaN,NaN,NaN,NaN,NaN,NaN,NaN,NaN,NaN,NaN,NaN,NaN,NaN,NaN,NaN,NaN,NaN,NaN,NaN,NaN,NaN,
67.904,-0.01900,-0.00611,0.12884,-0.41126,-0.26256,-0.14833,0.86019,NaN,NaN,NaN,NaN,NaN,NaN,NaN,NaN,NaN,NaN,NaN,NaN,NaN,NaN,NaN,NaN,NaN,NaN,NaN,NaN,NaN,
67.929,-0.01899,-0.00612,0.12878,-0.41117,-0.26245,-0.14857,0.86022,NaN,NaN,NaN,NaN,NaN,NaN,NaN,NaN,NaN,NaN,NaN,NaN,NaN,NaN,NaN,NaN,NaN,NaN,NaN,NaN,NaN,
67.954,-0.01895,-0.00612,0.12886,-0.41147,-0.26133,-0.14940,0.86028,NaN,NaN,NaN,NaN,NaN,NaN,NaN,NaN,NaN,NaN,NaN,NaN,NaN,NaN,NaN,NaN,NaN,NaN,NaN,NaN,NaN,
67.979,-0.01886,-0.00613,0.12893,-0.41187,-0.25999,-0.15034,0.86033,NaN,NaN,NaN,NaN,NaN,NaN,NaN,NaN,NaN,NaN,NaN,NaN,NaN,NaN,NaN,NaN,NaN,NaN,NaN,NaN,NaN,
68.004,-0.01882,-0.00621,0.12895,-0.41183,-0.25910,-0.15136,0.86044,NaN,NaN,NaN,NaN,NaN,NaN,NaN,NaN,NaN,NaN,NaN,NaN,NaN,NaN,NaN,NaN,NaN,NaN,NaN,NaN,NaN,
68.029,-0.01877,-0.00634,0.12894,-0.41190,-0.25808,-0.15237,0.86053,NaN,NaN,NaN,NaN,NaN,NaN,NaN,NaN,NaN,NaN,NaN,NaN,NaN,NaN,NaN,NaN,NaN,NaN,NaN,NaN,NaN,
68.054,-0.01865,-0.00643,0.12891,-0.41223,-0.25649,-0.15366,0.86062,NaN,NaN,NaN,NaN,NaN,NaN,NaN,NaN,NaN,NaN,NaN,NaN,NaN,NaN,NaN,NaN,NaN,NaN,NaN,NaN,NaN,
68.079,-0.01853,-0.00653,0.12896,-0.41264,-0.25410,-0.15570,0.86077,NaN,NaN,NaN,NaN,NaN,NaN,NaN,NaN,NaN,NaN,NaN,NaN,NaN,NaN,NaN,NaN,NaN,NaN,NaN,NaN,NaN,
68.104,-0.01843,-0.00661,0.12902,-0.41285,-0.25208,-0.15760,0.86092,NaN,NaN,NaN,NaN,NaN,NaN,NaN,NaN,NaN,NaN,NaN,NaN,NaN,NaN,NaN,NaN,NaN,NaN,NaN,NaN,NaN,
68.129,-0.01838,-0.00666,0.12905,-0.41286,-0.25098,-0.15876,0.86102,NaN,NaN,NaN,NaN,NaN,NaN,NaN,NaN,NaN,NaN,NaN,NaN,NaN,NaN,NaN,NaN,NaN,NaN,NaN,NaN,NaN,
68.154,-0.01838,-0.00676,0.12898,-0.41253,-0.25013,-0.16010,0.86118,NaN,NaN,NaN,NaN,NaN,NaN,NaN,NaN,NaN,NaN,NaN,NaN,NaN,NaN,NaN,NaN,NaN,NaN,NaN,NaN,NaN,
68.179,-0.01828,-0.00703,0.12899,-0.41275,-0.24756,-0.16255,0.86135,NaN,NaN,NaN,NaN,NaN,NaN,NaN,NaN,NaN,NaN,NaN,NaN,NaN,NaN,NaN,NaN,NaN,NaN,NaN,NaN,NaN,
68.204,-0.01801,-0.00722,0.12915,-0.41386,-0.24408,-0.16480,0.86139,NaN,NaN,NaN,NaN,NaN,NaN,NaN,NaN,NaN,NaN,NaN,NaN,NaN,NaN,NaN,NaN,NaN,NaN,NaN,NaN,NaN,
68.229,-0.01795,-0.00728,0.12909,-0.41498,-0.24092,-0.16668,0.86137,NaN,NaN,NaN,NaN,NaN,NaN,NaN,NaN,NaN,NaN,NaN,NaN,NaN,NaN,NaN,NaN,NaN,NaN,NaN,NaN,NaN,
68.254,-0.01788,-0.00743,0.12923,-0.41496,-0.23818,-0.16957,0.86158,NaN,NaN,NaN,NaN,NaN,NaN,NaN,NaN,NaN,NaN,NaN,NaN,NaN,NaN,NaN,NaN,NaN,NaN,NaN,NaN,NaN,
68.279,-0.01771,-0.00754,0.12925,-0.41547,-0.23609,-0.17111,0.86161,NaN,NaN,NaN,NaN,NaN,NaN,NaN,NaN,NaN,NaN,NaN,NaN,NaN,NaN,NaN,NaN,NaN,NaN,NaN,NaN,NaN,
68.304,-0.01762,-0.00771,0.12926,-0.41596,-0.23384,-0.17281,0.86164,NaN,NaN,NaN,NaN,NaN,NaN,NaN,NaN,NaN,NaN,NaN,NaN,NaN,NaN,NaN,NaN,NaN,NaN,NaN,NaN,NaN,
68.329,-0.01745,-0.00781,0.12927,-0.41676,-0.23162,-0.17410,0.86160,NaN,NaN,NaN,NaN,NaN,NaN,NaN,NaN,NaN,NaN,NaN,NaN,NaN,NaN,NaN,NaN,NaN,NaN,NaN,NaN,NaN,
68.354,-0.01737,-0.00794,0.12928,-0.41720,-0.22967,-0.17554,0.86161,NaN,NaN,NaN,NaN,NaN,NaN,NaN,NaN,NaN,NaN,NaN,NaN,NaN,NaN,NaN,NaN,NaN,NaN,NaN,NaN,NaN,
68.379,-0.01727,-0.00803,0.12937,-0.41793,-0.22732,-0.17702,0.86158,NaN,NaN,NaN,NaN,NaN,NaN,NaN,NaN,NaN,NaN,NaN,NaN,NaN,NaN,NaN,NaN,NaN,NaN,NaN,NaN,NaN,
68.404,-0.01726,-0.00810,0.12945,-0.41833,-0.22542,-0.17846,0.86159,NaN,NaN,NaN,NaN,NaN,NaN,NaN,NaN,NaN,NaN,NaN,NaN,NaN,NaN,NaN,NaN,NaN,NaN,NaN,NaN,NaN,
68.429,-0.01718,-0.00813,0.12952,-0.41887,-0.22392,-0.17931,0.86154,NaN,NaN,NaN,NaN,NaN,NaN,NaN,NaN,NaN,NaN,NaN,NaN,NaN,NaN,NaN,NaN,NaN,NaN,NaN,NaN,NaN,
68.454,-0.01711,-0.00817,0.12955,-0.41922,-0.22250,-0.18031,0.86153,NaN,NaN,NaN,NaN,NaN,NaN,NaN,NaN,NaN,NaN,NaN,NaN,NaN,NaN,NaN,NaN,NaN,NaN,NaN,NaN,NaN,
68.479,-0.01700,-0.00829,0.12961,-0.41944,-0.22138,-0.18117,0.86153,NaN,NaN,NaN,NaN,NaN,NaN,NaN,NaN,NaN,NaN,NaN,NaN,NaN,NaN,NaN,NaN,NaN,NaN,NaN,NaN,NaN,
68.504,-0.01698,-0.00836,0.12957,-0.41967,-0.22066,-0.18161,0.86151,NaN,NaN,NaN,NaN,NaN,NaN,NaN,NaN,NaN,NaN,NaN,NaN,NaN,NaN,NaN,NaN,NaN,NaN,NaN,NaN,NaN,
68.529,-0.01700,-0.00845,0.12956,-0.41942,-0.22020,-0.18241,0.86159,NaN,NaN,NaN,NaN,NaN,NaN,NaN,NaN,NaN,NaN,NaN,NaN,NaN,NaN,NaN,NaN,NaN,NaN,NaN,NaN,NaN,
68.554,-0.01703,-0.00852,0.12959,-0.41922,-0.21966,-0.18321,0.86165,NaN,NaN,NaN,NaN,NaN,NaN,NaN,NaN,NaN,NaN,NaN,NaN,NaN,NaN,NaN,NaN,NaN,NaN,NaN,NaN,NaN,
68.579,-0.01704,-0.00857,0.12963,-0.41907,-0.21891,-0.18416,0.86171,NaN,NaN,NaN,NaN,NaN,NaN,NaN,NaN,NaN,NaN,NaN,NaN,NaN,NaN,NaN,NaN,NaN,NaN,NaN,NaN,NaN,
68.604,-0.01697,-0.00865,0.12975,-0.41974,-0.21699,-0.18525,0.86164,NaN,NaN,NaN,NaN,NaN,NaN,NaN,NaN,NaN,NaN,NaN,NaN,NaN,NaN,NaN,NaN,NaN,NaN,NaN,NaN,NaN,
68.629,-0.01685,-0.00873,0.12981,-0.41991,-0.21581,-0.18622,0.86164,NaN,NaN,NaN,NaN,NaN,NaN,NaN,NaN,NaN,NaN,NaN,NaN,NaN,NaN,NaN,NaN,NaN,NaN,NaN,NaN,NaN,
68.654,-0.01684,-0.00883,0.12979,-0.42008,-0.21489,-0.18692,0.86163,NaN,NaN,NaN,NaN,NaN,NaN,NaN,NaN,NaN,NaN,NaN,NaN,NaN,NaN,NaN,NaN,NaN,NaN,NaN,NaN,NaN,
68.679,-0.01674,-0.00887,0.12984,-0.42065,-0.21357,-0.18754,0.86155,NaN,NaN,NaN,NaN,NaN,NaN,NaN,NaN,NaN,NaN,NaN,NaN,NaN,NaN,NaN,NaN,NaN,NaN,NaN,NaN,NaN,
68.704,-0.01671,-0.00894,0.12982,-0.42079,-0.21266,-0.18827,0.86155,NaN,NaN,NaN,NaN,NaN,NaN,NaN,NaN,NaN,NaN,NaN,NaN,NaN,NaN,NaN,NaN,NaN,NaN,NaN,NaN,NaN,
68.729,-0.01667,-0.00900,0.12986,-0.42132,-0.21134,-0.18892,0.86147,NaN,NaN,NaN,NaN,NaN,NaN,NaN,NaN,NaN,NaN,NaN,NaN,NaN,NaN,NaN,NaN,NaN,NaN,NaN,NaN,NaN,
68.754,-0.01666,-0.00903,0.12990,-0.42145,-0.21038,-0.18972,0.86147,NaN,NaN,NaN,NaN,NaN,NaN,NaN,NaN,NaN,NaN,NaN,NaN,NaN,NaN,NaN,NaN,NaN,NaN,NaN,NaN,NaN,
68.779,-0.01666,-0.00905,0.12990,-0.42173,-0.20932,-0.19042,0.86143,NaN,NaN,NaN,NaN,NaN,NaN,NaN,NaN,NaN,NaN,NaN,NaN,NaN,NaN,NaN,NaN,NaN,NaN,NaN,NaN,NaN,
68.804,-0.01661,-0.00908,0.13000,-0.42232,-0.20778,-0.19120,0.86134,NaN,NaN,NaN,NaN,NaN,NaN,NaN,NaN,NaN,NaN,NaN,NaN,NaN,NaN,NaN,NaN,NaN,NaN,NaN,NaN,NaN,
68.829,-0.01654,-0.00918,0.13007,-0.42280,-0.20652,-0.19186,0.86127,NaN,NaN,NaN,NaN,NaN,NaN,NaN,NaN,NaN,NaN,NaN,NaN,NaN,NaN,NaN,NaN,NaN,NaN,NaN,NaN,NaN,
68.854,-0.01647,-0.00922,0.13004,-0.42336,-0.20547,-0.19217,0.86117,NaN,NaN,NaN,NaN,NaN,NaN,NaN,NaN,NaN,NaN,NaN,NaN,NaN,NaN,NaN,NaN,NaN,NaN,NaN,NaN,NaN,
68.879,-0.01640,-0.00928,0.13012,-0.42400,-0.20392,-0.19291,0.86106,NaN,NaN,NaN,NaN,NaN,NaN,NaN,NaN,NaN,NaN,NaN,NaN,NaN,NaN,NaN,NaN,NaN,NaN,NaN,NaN,NaN,
68.904,-0.01633,-0.00933,0.13014,-0.42447,-0.20276,-0.19346,0.86098,NaN,NaN,NaN,NaN,NaN,NaN,NaN,NaN,NaN,NaN,NaN,NaN,NaN,NaN,NaN,NaN,NaN,NaN,NaN,NaN,NaN,
68.929,-0.01630,-0.00936,0.13016,-0.42469,-0.20198,-0.19395,0.86094,NaN,NaN,NaN,NaN,NaN,NaN,NaN,NaN,NaN,NaN,NaN,NaN,NaN,NaN,NaN,NaN,NaN,NaN,NaN,NaN,NaN,
68.954,-0.01635,-0.00941,0.13011,-0.42509,-0.20103,-0.19438,0.86087,NaN,NaN,NaN,NaN,NaN,NaN,NaN,NaN,NaN,NaN,NaN,NaN,NaN,NaN,NaN,NaN,NaN,NaN,NaN,NaN,NaN,
68.979,-0.01632,-0.00949,0.13021,-0.42544,-0.19951,-0.19544,0.86081,NaN,NaN,NaN,NaN,NaN,NaN,NaN,NaN,NaN,NaN,NaN,NaN,NaN,NaN,NaN,NaN,NaN,NaN,NaN,NaN,NaN,
69.004,-0.01622,-0.00955,0.13032,-0.42621,-0.19765,-0.19629,0.86067,NaN,NaN,NaN,NaN,NaN,NaN,NaN,NaN,NaN,NaN,NaN,NaN,NaN,NaN,NaN,NaN,NaN,NaN,NaN,NaN,NaN,
69.029,-0.01610,-0.00962,0.13035,-0.42712,-0.19574,-0.19701,0.86049,NaN,NaN,NaN,NaN,NaN,NaN,NaN,NaN,NaN,NaN,NaN,NaN,NaN,NaN,NaN,NaN,NaN,NaN,NaN,NaN,NaN,
69.054,-0.01601,-0.00976,0.13038,-0.42776,-0.19398,-0.19793,0.86036,NaN,NaN,NaN,NaN,NaN,NaN,NaN,NaN,NaN,NaN,NaN,NaN,NaN,NaN,NaN,NaN,NaN,NaN,NaN,NaN,NaN,
69.079,-0.01588,-0.00984,0.13040,-0.42866,-0.19215,-0.19857,0.86017,NaN,NaN,NaN,NaN,NaN,NaN,NaN,NaN,NaN,NaN,NaN,NaN,NaN,NaN,NaN,NaN,NaN,NaN,NaN,NaN,NaN,
69.104,-0.01581,-0.00992,0.13046,-0.42950,-0.19012,-0.19948,0.86000,NaN,NaN,NaN,NaN,NaN,NaN,NaN,NaN,NaN,NaN,NaN,NaN,NaN,NaN,NaN,NaN,NaN,NaN,NaN,NaN,NaN,
69.129,-0.01572,-0.00994,0.13051,-0.43016,-0.18842,-0.20030,0.85985,NaN,NaN,NaN,NaN,NaN,NaN,NaN,NaN,NaN,NaN,NaN,NaN,NaN,NaN,NaN,NaN,NaN,NaN,NaN,NaN,NaN,
69.154,-0.01566,-0.00999,0.13057,-0.43081,-0.18680,-0.20105,0.85971,NaN,NaN,NaN,NaN,NaN,NaN,NaN,NaN,NaN,NaN,NaN,NaN,NaN,NaN,NaN,NaN,NaN,NaN,NaN,NaN,NaN,
69.179,-0.01559,-0.01006,0.13060,-0.43170,-0.18501,-0.20164,0.85950,NaN,NaN,NaN,NaN,NaN,NaN,NaN,NaN,NaN,NaN,NaN,NaN,NaN,NaN,NaN,NaN,NaN,NaN,NaN,NaN,NaN,
69.204,-0.01550,-0.01017,0.13063,-0.43237,-0.18360,-0.20215,0.85935,NaN,NaN,NaN,NaN,NaN,NaN,NaN,NaN,NaN,NaN,NaN,NaN,NaN,NaN,NaN,NaN,NaN,NaN,NaN,NaN,NaN,
69.229,-0.01544,-0.01027,0.13061,-0.43293,-0.18269,-0.20232,0.85922,NaN,NaN,NaN,NaN,NaN,NaN,NaN,NaN,NaN,NaN,NaN,NaN,NaN,NaN,NaN,NaN,NaN,NaN,NaN,NaN,NaN,
69.254,-0.01540,-0.01037,0.13062,-0.43264,-0.18206,-0.20330,0.85927,NaN,NaN,NaN,NaN,NaN,NaN,NaN,NaN,NaN,NaN,NaN,NaN,NaN,NaN,NaN,NaN,NaN,NaN,NaN,NaN,NaN,
69.279,-0.01539,-0.01056,0.13059,-0.43044,-0.18275,-0.20542,0.85973,NaN,NaN,NaN,NaN,NaN,NaN,NaN,NaN,NaN,NaN,NaN,NaN,NaN,NaN,NaN,NaN,NaN,NaN,NaN,NaN,NaN,
69.304,-0.01553,-0.01094,0.13041,-0.42519,-0.18629,-0.20862,0.86080,NaN,NaN,NaN,NaN,NaN,NaN,NaN,NaN,NaN,NaN,NaN,NaN,NaN,NaN,NaN,NaN,NaN,NaN,NaN,NaN,NaN,
69.329,-0.01532,-0.01110,0.13053,-0.42371,-0.18655,-0.21022,0.86109,NaN,NaN,NaN,NaN,NaN,NaN,NaN,NaN,NaN,NaN,NaN,NaN,NaN,NaN,NaN,NaN,NaN,NaN,NaN,NaN,NaN,
69.354,-0.01537,-0.01135,0.13041,-0.42192,-0.18747,-0.21158,0.86144,NaN,NaN,NaN,NaN,NaN,NaN,NaN,NaN,NaN,NaN,NaN,NaN,NaN,NaN,NaN,NaN,NaN,NaN,NaN,NaN,NaN,
69.379,-0.01525,-0.01152,0.13038,-0.42092,-0.18784,-0.21247,0.86163,NaN,NaN,NaN,NaN,NaN,NaN,NaN,NaN,NaN,NaN,NaN,NaN,NaN,NaN,NaN,NaN,NaN,NaN,NaN,NaN,NaN,
69.404,-0.01535,-0.01168,0.13023,-0.41909,-0.18887,-0.21377,0.86197,NaN,NaN,NaN,NaN,NaN,NaN,NaN,NaN,NaN,NaN,NaN,NaN,NaN,NaN,NaN,NaN,NaN,NaN,NaN,NaN,NaN,
69.429,-0.01542,-0.01182,0.13023,-0.41834,-0.18892,-0.21464,0.86211,NaN,NaN,NaN,NaN,NaN,NaN,NaN,NaN,NaN,NaN,NaN,NaN,NaN,NaN,NaN,NaN,NaN,NaN,NaN,NaN,NaN,
69.454,-0.01541,-0.01190,0.13021,-0.41769,-0.18910,-0.21528,0.86222,NaN,NaN,NaN,NaN,NaN,NaN,NaN,NaN,NaN,NaN,NaN,NaN,NaN,NaN,NaN,NaN,NaN,NaN,NaN,NaN,NaN,
69.479,-0.01542,-0.01199,0.13018,-0.41740,-0.18890,-0.21583,0.86227,NaN,NaN,NaN,NaN,NaN,NaN,NaN,NaN,NaN,NaN,NaN,NaN,NaN,NaN,NaN,NaN,NaN,NaN,NaN,NaN,NaN,
69.504,-0.01543,-0.01211,0.13009,-0.41659,-0.18922,-0.21652,0.86242,NaN,NaN,NaN,NaN,NaN,NaN,NaN,NaN,NaN,NaN,NaN,NaN,NaN,NaN,NaN,NaN,NaN,NaN,NaN,NaN,NaN,
69.529,-0.01540,-0.01231,0.13005,-0.41576,-0.18931,-0.21747,0.86256,NaN,NaN,NaN,NaN,NaN,NaN,NaN,NaN,NaN,NaN,NaN,NaN,NaN,NaN,NaN,NaN,NaN,NaN,NaN,NaN,NaN,
69.554,-0.01539,-0.01243,0.12998,-0.41506,-0.18955,-0.21810,0.86269,NaN,NaN,NaN,NaN,NaN,NaN,NaN,NaN,NaN,NaN,NaN,NaN,NaN,NaN,NaN,NaN,NaN,NaN,NaN,NaN,NaN,
69.579,-0.01539,-0.01252,0.12993,-0.41484,-0.18947,-0.21844,0.86272,NaN,NaN,NaN,NaN,NaN,NaN,NaN,NaN,NaN,NaN,NaN,NaN,NaN,NaN,NaN,NaN,NaN,NaN,NaN,NaN,NaN,
69.604,-0.01535,-0.01260,0.12992,-0.41398,-0.18983,-0.21916,0.86287,NaN,NaN,NaN,NaN,NaN,NaN,NaN,NaN,NaN,NaN,NaN,NaN,NaN,NaN,NaN,NaN,NaN,NaN,NaN,NaN,NaN,
69.629,-0.01548,-0.01269,0.12982,-0.41304,-0.19048,-0.21970,0.86305,NaN,NaN,NaN,NaN,NaN,NaN,NaN,NaN,NaN,NaN,NaN,NaN,NaN,NaN,NaN,NaN,NaN,NaN,NaN,NaN,NaN,
69.654,-0.01545,-0.01275,0.12983,-0.41263,-0.19057,-0.22012,0.86312,NaN,NaN,NaN,NaN,NaN,NaN,NaN,NaN,NaN,NaN,NaN,NaN,NaN,NaN,NaN,NaN,NaN,NaN,NaN,NaN,NaN,
69.679,-0.01553,-0.01278,0.12977,-0.41218,-0.19086,-0.22039,0.86319,NaN,NaN,NaN,NaN,NaN,NaN,NaN,NaN,NaN,NaN,NaN,NaN,NaN,NaN,NaN,NaN,NaN,NaN,NaN,NaN,NaN,
69.704,-0.01551,-0.01279,0.12985,-0.41241,-0.19041,-0.22055,0.86315,NaN,NaN,NaN,NaN,NaN,NaN,NaN,NaN,NaN,NaN,NaN,NaN,NaN,NaN,NaN,NaN,NaN,NaN,NaN,NaN,NaN,
69.729,-0.01548,-0.01277,0.12981,-0.41259,-0.19026,-0.22046,0.86312,NaN,NaN,NaN,NaN,NaN,NaN,NaN,NaN,NaN,NaN,NaN,NaN,NaN,NaN,NaN,NaN,NaN,NaN,NaN,NaN,NaN,
69.754,-0.01546,-0.01277,0.12984,-0.41270,-0.19011,-0.22048,0.86309,NaN,NaN,NaN,NaN,NaN,NaN,NaN,NaN,NaN,NaN,NaN,NaN,NaN,NaN,NaN,NaN,NaN,NaN,NaN,NaN,NaN,
69.779,-0.01542,-0.01280,0.12979,-0.41276,-0.19008,-0.22042,0.86308,NaN,NaN,NaN,NaN,NaN,NaN,NaN,NaN,NaN,NaN,NaN,NaN,NaN,NaN,NaN,NaN,NaN,NaN,NaN,NaN,NaN,
69.804,-0.01545,-0.01278,0.12976,-0.41275,-0.19019,-0.22033,0.86309,NaN,NaN,NaN,NaN,NaN,NaN,NaN,NaN,NaN,NaN,NaN,NaN,NaN,NaN,NaN,NaN,NaN,NaN,NaN,NaN,NaN,
69.829,-0.01545,-0.01283,0.12974,-0.41269,-0.19043,-0.22019,0.86310,NaN,NaN,NaN,NaN,NaN,NaN,NaN,NaN,NaN,NaN,NaN,NaN,NaN,NaN,NaN,NaN,NaN,NaN,NaN,NaN,NaN,
69.854,-0.01545,-0.01289,0.12974,-0.41306,-0.19007,-0.22007,0.86303,NaN,NaN,NaN,NaN,NaN,NaN,NaN,NaN,NaN,NaN,NaN,NaN,NaN,NaN,NaN,NaN,NaN,NaN,NaN,NaN,NaN,
69.879,-0.01547,-0.01296,0.12966,-0.41432,-0.18883,-0.21969,0.86279,NaN,NaN,NaN,NaN,NaN,NaN,NaN,NaN,NaN,NaN,NaN,NaN,NaN,NaN,NaN,NaN,NaN,NaN,NaN,NaN,NaN,
69.904,-0.01548,-0.01306,0.12964,-0.41453,-0.18754,-0.22067,0.86273,NaN,NaN,NaN,NaN,NaN,NaN,NaN,NaN,NaN,NaN,NaN,NaN,NaN,NaN,NaN,NaN,NaN,NaN,NaN,NaN,NaN,
69.929,-0.01521,-0.01326,0.12990,-0.41261,-0.18679,-0.22374,0.86302,NaN,NaN,NaN,NaN,NaN,NaN,NaN,NaN,NaN,NaN,NaN,NaN,NaN,NaN,NaN,NaN,NaN,NaN,NaN,NaN,NaN,
69.954,-0.01524,-0.01355,0.12974,-0.40741,-0.18975,-0.22728,0.86392,NaN,NaN,NaN,NaN,NaN,NaN,NaN,NaN,NaN,NaN,NaN,NaN,NaN,NaN,NaN,NaN,NaN,NaN,NaN,NaN,NaN,
69.979,-0.01527,-0.01372,0.12968,-0.40575,-0.19050,-0.22860,0.86419,NaN,NaN,NaN,NaN,NaN,NaN,NaN,NaN,NaN,NaN,NaN,NaN,NaN,NaN,NaN,NaN,NaN,NaN,NaN,NaN,NaN,
70.004,-0.01525,-0.01385,0.12970,-0.40521,-0.19041,-0.22933,0.86427,NaN,NaN,NaN,NaN,NaN,NaN,NaN,NaN,NaN,NaN,NaN,NaN,NaN,NaN,NaN,NaN,NaN,NaN,NaN,NaN,NaN,
70.029,-0.01523,-0.01400,0.12971,-0.40419,-0.19055,-0.23043,0.86442,NaN,NaN,NaN,NaN,NaN,NaN,NaN,NaN,NaN,NaN,NaN,NaN,NaN,NaN,NaN,NaN,NaN,NaN,NaN,NaN,NaN,
70.054,-0.01530,-0.01414,0.12968,-0.40394,-0.19038,-0.23090,0.86445,NaN,NaN,NaN,NaN,NaN,NaN,NaN,NaN,NaN,NaN,NaN,NaN,NaN,NaN,NaN,NaN,NaN,NaN,NaN,NaN,NaN,
70.079,-0.01529,-0.01412,0.12967,-0.40395,-0.19036,-0.23090,0.86445,NaN,NaN,NaN,NaN,NaN,NaN,NaN,NaN,NaN,NaN,NaN,NaN,NaN,NaN,NaN,NaN,NaN,NaN,NaN,NaN,NaN,
70.104,-0.01534,-0.01409,0.12969,-0.40393,-0.19031,-0.23097,0.86445,NaN,NaN,NaN,NaN,NaN,NaN,NaN,NaN,NaN,NaN,NaN,NaN,NaN,NaN,NaN,NaN,NaN,NaN,NaN,NaN,NaN,
70.129,-0.01534,-0.01406,0.12976,-0.40405,-0.19001,-0.23111,0.86442,NaN,NaN,NaN,NaN,NaN,NaN,NaN,NaN,NaN,NaN,NaN,NaN,NaN,NaN,NaN,NaN,NaN,NaN,NaN,NaN,NaN,
70.154,-0.01530,-0.01405,0.12974,-0.40420,-0.18958,-0.23134,0.86439,NaN,NaN,NaN,NaN,NaN,NaN,NaN,NaN,NaN,NaN,NaN,NaN,NaN,NaN,NaN,NaN,NaN,NaN,NaN,NaN,NaN,
70.179,-0.01523,-0.01411,0.12974,-0.40478,-0.18866,-0.23150,0.86427,NaN,NaN,NaN,NaN,NaN,NaN,NaN,NaN,NaN,NaN,NaN,NaN,NaN,NaN,NaN,NaN,NaN,NaN,NaN,NaN,NaN,
70.204,-0.01517,-0.01423,0.12968,-0.40527,-0.18738,-0.23212,0.86416,NaN,NaN,NaN,NaN,NaN,NaN,NaN,NaN,NaN,NaN,NaN,NaN,NaN,NaN,NaN,NaN,NaN,NaN,NaN,NaN,NaN,
70.229,-0.01490,-0.01432,0.12966,-0.40718,-0.18398,-0.23300,0.86375,NaN,NaN,NaN,NaN,NaN,NaN,NaN,NaN,NaN,NaN,NaN,NaN,NaN,NaN,NaN,NaN,NaN,NaN,NaN,NaN,NaN,
70.254,-0.01457,-0.01444,0.12974,-0.40893,-0.17993,-0.23468,0.86332,NaN,NaN,NaN,NaN,NaN,NaN,NaN,NaN,NaN,NaN,NaN,NaN,NaN,NaN,NaN,NaN,NaN,NaN,NaN,NaN,NaN,
70.279,-0.01439,-0.01453,0.12973,-0.40988,-0.17761,-0.23568,0.86308,NaN,NaN,NaN,NaN,NaN,NaN,NaN,NaN,NaN,NaN,NaN,NaN,NaN,NaN,NaN,NaN,NaN,NaN,NaN,NaN,NaN,
70.304,-0.01437,-0.01459,0.12974,-0.41036,-0.17622,-0.23640,0.86294,NaN,NaN,NaN,NaN,NaN,NaN,NaN,NaN,NaN,NaN,NaN,NaN,NaN,NaN,NaN,NaN,NaN,NaN,NaN,NaN,NaN,
70.329,-0.01423,-0.01460,0.12972,-0.41129,-0.17432,-0.23703,0.86271,NaN,NaN,NaN,NaN,NaN,NaN,NaN,NaN,NaN,NaN,NaN,NaN,NaN,NaN,NaN,NaN,NaN,NaN,NaN,NaN,NaN,
70.354,-0.01405,-0.01462,0.12976,-0.41232,-0.17233,-0.23763,0.86245,NaN,NaN,NaN,NaN,NaN,NaN,NaN,NaN,NaN,NaN,NaN,NaN,NaN,NaN,NaN,NaN,NaN,NaN,NaN,NaN,NaN,
70.379,-0.01392,-0.01468,0.12971,-0.41306,-0.17094,-0.23802,0.86227,NaN,NaN,NaN,NaN,NaN,NaN,NaN,NaN,NaN,NaN,NaN,NaN,NaN,NaN,NaN,NaN,NaN,NaN,NaN,NaN,NaN,
70.404,-0.01372,-0.01473,0.12969,-0.41402,-0.16939,-0.23828,0.86204,NaN,NaN,NaN,NaN,NaN,NaN,NaN,NaN,NaN,NaN,NaN,NaN,NaN,NaN,NaN,NaN,NaN,NaN,NaN,NaN,NaN,
70.429,-0.01373,-0.01477,0.12957,-0.41438,-0.16908,-0.23813,0.86197,NaN,NaN,NaN,NaN,NaN,NaN,NaN,NaN,NaN,NaN,NaN,NaN,NaN,NaN,NaN,NaN,NaN,NaN,NaN,NaN,NaN,
70.454,-0.01372,-0.01479,0.12962,-0.41484,-0.16821,-0.23838,0.86185,NaN,NaN,NaN,NaN,NaN,NaN,NaN,NaN,NaN,NaN,NaN,NaN,NaN,NaN,NaN,NaN,NaN,NaN,NaN,NaN,NaN,
70.479,-0.01360,-0.01479,0.12960,-0.41534,-0.16676,-0.23910,0.86169,NaN,NaN,NaN,NaN,NaN,NaN,NaN,NaN,NaN,NaN,NaN,NaN,NaN,NaN,NaN,NaN,NaN,NaN,NaN,NaN,NaN,
70.504,-0.01338,-0.01482,0.12968,-0.41650,-0.16413,-0.24011,0.86136,NaN,NaN,NaN,NaN,NaN,NaN,NaN,NaN,NaN,NaN,NaN,NaN,NaN,NaN,NaN,NaN,NaN,NaN,NaN,NaN,NaN,
70.529,-0.01322,-0.01489,0.12967,-0.41716,-0.16246,-0.24083,0.86115,NaN,NaN,NaN,NaN,NaN,NaN,NaN,NaN,NaN,NaN,NaN,NaN,NaN,NaN,NaN,NaN,NaN,NaN,NaN,NaN,NaN,
70.554,-0.01311,-0.01493,0.12966,-0.41768,-0.16156,-0.24102,0.86102,NaN,NaN,NaN,NaN,NaN,NaN,NaN,NaN,NaN,NaN,NaN,NaN,NaN,NaN,NaN,NaN,NaN,NaN,NaN,NaN,NaN,
70.579,-0.01305,-0.01492,0.12968,-0.41785,-0.16095,-0.24137,0.86095,NaN,NaN,NaN,NaN,NaN,NaN,NaN,NaN,NaN,NaN,NaN,NaN,NaN,NaN,NaN,NaN,NaN,NaN,NaN,NaN,NaN,
70.604,-0.01304,-0.01490,0.12966,-0.41793,-0.16065,-0.24156,0.86092,NaN,NaN,NaN,NaN,NaN,NaN,NaN,NaN,NaN,NaN,NaN,NaN,NaN,NaN,NaN,NaN,NaN,NaN,NaN,NaN,NaN,
70.629,-0.01304,-0.01489,0.12969,-0.41789,-0.16059,-0.24166,0.86092,NaN,NaN,NaN,NaN,NaN,NaN,NaN,NaN,NaN,NaN,NaN,NaN,NaN,NaN,NaN,NaN,NaN,NaN,NaN,NaN,NaN,
70.654,-0.01302,-0.01494,0.12965,-0.41795,-0.16064,-0.24154,0.86091,NaN,NaN,NaN,NaN,NaN,NaN,NaN,NaN,NaN,NaN,NaN,NaN,NaN,NaN,NaN,NaN,NaN,NaN,NaN,NaN,NaN,
70.679,-0.01298,-0.01496,0.12963,-0.41812,-0.16060,-0.24137,0.86089,NaN,NaN,NaN,NaN,NaN,NaN,NaN,NaN,NaN,NaN,NaN,NaN,NaN,NaN,NaN,NaN,NaN,NaN,NaN,NaN,NaN,
70.704,-0.01297,-0.01501,0.12967,-0.41807,-0.16054,-0.24148,0.86089,NaN,NaN,NaN,NaN,NaN,NaN,NaN,NaN,NaN,NaN,NaN,NaN,NaN,NaN,NaN,NaN,NaN,NaN,NaN,NaN,NaN,
70.729,-0.01307,-0.01503,0.12967,-0.41721,-0.16104,-0.24206,0.86105,NaN,NaN,NaN,NaN,NaN,NaN,NaN,NaN,NaN,NaN,NaN,NaN,NaN,NaN,NaN,NaN,NaN,NaN,NaN,NaN,NaN,
70.754,-0.01309,-0.01522,0.12974,-0.41577,-0.16125,-0.24362,0.86127,NaN,NaN,NaN,NaN,NaN,NaN,NaN,NaN,NaN,NaN,NaN,NaN,NaN,NaN,NaN,NaN,NaN,NaN,NaN,NaN,NaN,
70.779,-0.01304,-0.01542,0.12962,-0.41396,-0.16213,-0.24500,0.86158,NaN,NaN,NaN,NaN,NaN,NaN,NaN,NaN,NaN,NaN,NaN,NaN,NaN,NaN,NaN,NaN,NaN,NaN,NaN,NaN,NaN,
70.804,-0.01298,-0.01568,0.12972,-0.41180,-0.16278,-0.24700,0.86193,NaN,NaN,NaN,NaN,NaN,NaN,NaN,NaN,NaN,NaN,NaN,NaN,NaN,NaN,NaN,NaN,NaN,NaN,NaN,NaN,NaN,
70.829,-0.01291,-0.01572,0.12973,-0.41197,-0.16242,-0.24712,0.86188,NaN,NaN,NaN,NaN,NaN,NaN,NaN,NaN,NaN,NaN,NaN,NaN,NaN,NaN,NaN,NaN,NaN,NaN,NaN,NaN,NaN,
70.854,-0.01293,-0.01583,0.12973,-0.41209,-0.16152,-0.24779,0.86179,NaN,NaN,NaN,NaN,NaN,NaN,NaN,NaN,NaN,NaN,NaN,NaN,NaN,NaN,NaN,NaN,NaN,NaN,NaN,NaN,NaN,
70.879,-0.01280,-0.01591,0.12977,-0.41262,-0.15976,-0.24875,0.86159,NaN,NaN,NaN,NaN,NaN,NaN,NaN,NaN,NaN,NaN,NaN,NaN,NaN,NaN,NaN,NaN,NaN,NaN,NaN,NaN,NaN,
70.904,-0.01272,-0.01598,0.12982,-0.41266,-0.15873,-0.24963,0.86151,NaN,NaN,NaN,NaN,NaN,NaN,NaN,NaN,NaN,NaN,NaN,NaN,NaN,NaN,NaN,NaN,NaN,NaN,NaN,NaN,NaN,
70.929,-0.01273,-0.01598,0.12981,-0.41258,-0.15864,-0.24981,0.86151,NaN,NaN,NaN,NaN,NaN,NaN,NaN,NaN,NaN,NaN,NaN,NaN,NaN,NaN,NaN,NaN,NaN,NaN,NaN,NaN,NaN,
70.954,-0.01272,-0.01600,0.12981,-0.41281,-0.15843,-0.24973,0.86147,NaN,NaN,NaN,NaN,NaN,NaN,NaN,NaN,NaN,NaN,NaN,NaN,NaN,NaN,NaN,NaN,NaN,NaN,NaN,NaN,NaN,
70.979,-0.01271,-0.01604,0.12983,-0.41299,-0.15818,-0.24974,0.86142,NaN,NaN,NaN,NaN,NaN,NaN,NaN,NaN,NaN,NaN,NaN,NaN,NaN,NaN,NaN,NaN,NaN,NaN,NaN,NaN,NaN,
71.004,-0.01267,-0.01606,0.12982,-0.41315,-0.15797,-0.24973,0.86139,NaN,NaN,NaN,NaN,NaN,NaN,NaN,NaN,NaN,NaN,NaN,NaN,NaN,NaN,NaN,NaN,NaN,NaN,NaN,NaN,NaN,
71.029,-0.01262,-0.01605,0.12982,-0.41329,-0.15741,-0.25007,0.86132,NaN,NaN,NaN,NaN,NaN,NaN,NaN,NaN,NaN,NaN,NaN,NaN,NaN,NaN,NaN,NaN,NaN,NaN,NaN,NaN,NaN,
71.054,-0.01249,-0.01603,0.12985,-0.41389,-0.15617,-0.25047,0.86115,NaN,NaN,NaN,NaN,NaN,NaN,NaN,NaN,NaN,NaN,NaN,NaN,NaN,NaN,NaN,NaN,NaN,NaN,NaN,NaN,NaN,
71.079,-0.01247,-0.01604,0.12985,-0.41375,-0.15577,-0.25100,0.86113,NaN,NaN,NaN,NaN,NaN,NaN,NaN,NaN,NaN,NaN,NaN,NaN,NaN,NaN,NaN,NaN,NaN,NaN,NaN,NaN,NaN,
71.104,-0.01247,-0.01606,0.12984,-0.41402,-0.15551,-0.25090,0.86108,NaN,NaN,NaN,NaN,NaN,NaN,NaN,NaN,NaN,NaN,NaN,NaN,NaN,NaN,NaN,NaN,NaN,NaN,NaN,NaN,NaN,
71.129,-0.01247,-0.01608,0.12980,-0.41428,-0.15540,-0.25070,0.86103,NaN,NaN,NaN,NaN,NaN,NaN,NaN,NaN,NaN,NaN,NaN,NaN,NaN,NaN,NaN,NaN,NaN,NaN,NaN,NaN,NaN,
71.154,-0.01245,-0.01609,0.12983,-0.41449,-0.15516,-0.25066,0.86099,NaN,NaN,NaN,NaN,NaN,NaN,NaN,NaN,NaN,NaN,NaN,NaN,NaN,NaN,NaN,NaN,NaN,NaN,NaN,NaN,NaN,
71.179,-0.01248,-0.01607,0.12983,-0.41461,-0.15498,-0.25067,0.86095,NaN,NaN,NaN,NaN,NaN,NaN,NaN,NaN,NaN,NaN,NaN,NaN,NaN,NaN,NaN,NaN,NaN,NaN,NaN,NaN,NaN,
71.204,-0.01248,-0.01606,0.12988,-0.41484,-0.15437,-0.25094,0.86087,NaN,NaN,NaN,NaN,NaN,NaN,NaN,NaN,NaN,NaN,NaN,NaN,NaN,NaN,NaN,NaN,NaN,NaN,NaN,NaN,NaN,
71.229,-0.01239,-0.01603,0.12987,-0.41512,-0.15390,-0.25104,0.86080,NaN,NaN,NaN,NaN,NaN,NaN,NaN,NaN,NaN,NaN,NaN,NaN,NaN,NaN,NaN,NaN,NaN,NaN,NaN,NaN,NaN,
71.254,-0.01234,-0.01605,0.12987,-0.41555,-0.15333,-0.25102,0.86069,NaN,NaN,NaN,NaN,NaN,NaN,NaN,NaN,NaN,NaN,NaN,NaN,NaN,NaN,NaN,NaN,NaN,NaN,NaN,NaN,NaN,
71.279,-0.01230,-0.01609,0.12983,-0.41616,-0.15273,-0.25084,0.86056,NaN,NaN,NaN,NaN,NaN,NaN,NaN,NaN,NaN,NaN,NaN,NaN,NaN,NaN,NaN,NaN,NaN,NaN,NaN,NaN,NaN,
71.304,-0.01227,-0.01616,0.12986,-0.41665,-0.15162,-0.25123,0.86040,NaN,NaN,NaN,NaN,NaN,NaN,NaN,NaN,NaN,NaN,NaN,NaN,NaN,NaN,NaN,NaN,NaN,NaN,NaN,NaN,NaN,
71.329,-0.01216,-0.01620,0.12984,-0.41843,-0.14894,-0.25150,0.85993,NaN,NaN,NaN,NaN,NaN,NaN,NaN,NaN,NaN,NaN,NaN,NaN,NaN,NaN,NaN,NaN,NaN,NaN,NaN,NaN,NaN,
71.354,-0.01184,-0.01629,0.12992,-0.42073,-0.14484,-0.25238,0.85925,NaN,NaN,NaN,NaN,NaN,NaN,NaN,NaN,NaN,NaN,NaN,NaN,NaN,NaN,NaN,NaN,NaN,NaN,NaN,NaN,NaN,
71.379,-0.01152,-0.01641,0.12993,-0.42318,-0.14084,-0.25298,0.85854,NaN,NaN,NaN,NaN,NaN,NaN,NaN,NaN,NaN,NaN,NaN,NaN,NaN,NaN,NaN,NaN,NaN,NaN,NaN,NaN,NaN,
71.404,-0.01118,-0.01642,0.12992,-0.42504,-0.13769,-0.25350,0.85797,NaN,NaN,NaN,NaN,NaN,NaN,NaN,NaN,NaN,NaN,NaN,NaN,NaN,NaN,NaN,NaN,NaN,NaN,NaN,NaN,NaN,
71.429,-0.01105,-0.01642,0.12996,-0.42583,-0.13580,-0.25422,0.85767,NaN,NaN,NaN,NaN,NaN,NaN,NaN,NaN,NaN,NaN,NaN,NaN,NaN,NaN,NaN,NaN,NaN,NaN,NaN,NaN,NaN,
71.454,-0.01097,-0.01646,0.12996,-0.42677,-0.13424,-0.25445,0.85738,NaN,NaN,NaN,NaN,NaN,NaN,NaN,NaN,NaN,NaN,NaN,NaN,NaN,NaN,NaN,NaN,NaN,NaN,NaN,NaN,NaN,
71.479,-0.01073,-0.01650,0.12996,-0.42828,-0.13191,-0.25467,0.85692,NaN,NaN,NaN,NaN,NaN,NaN,NaN,NaN,NaN,NaN,NaN,NaN,NaN,NaN,NaN,NaN,NaN,NaN,NaN,NaN,NaN,
71.504,-0.01052,-0.01657,0.12984,-0.42981,-0.12966,-0.25479,0.85647,NaN,NaN,NaN,NaN,NaN,NaN,NaN,NaN,NaN,NaN,NaN,NaN,NaN,NaN,NaN,NaN,NaN,NaN,NaN,NaN,NaN,
71.529,-0.01031,-0.01661,0.12988,-0.43124,-0.12720,-0.25521,0.85599,NaN,NaN,NaN,NaN,NaN,NaN,NaN,NaN,NaN,NaN,NaN,NaN,NaN,NaN,NaN,NaN,NaN,NaN,NaN,NaN,NaN,
71.554,-0.01021,-0.01660,0.12985,-0.43217,-0.12587,-0.25523,0.85571,NaN,NaN,NaN,NaN,NaN,NaN,NaN,NaN,NaN,NaN,NaN,NaN,NaN,NaN,NaN,NaN,NaN,NaN,NaN,NaN,NaN,
71.579,-0.01018,-0.01658,0.12988,-0.43290,-0.12482,-0.25527,0.85549,NaN,NaN,NaN,NaN,NaN,NaN,NaN,NaN,NaN,NaN,NaN,NaN,NaN,NaN,NaN,NaN,NaN,NaN,NaN,NaN,NaN,
71.604,-0.01004,-0.01661,0.12988,-0.43337,-0.12389,-0.25550,0.85532,NaN,NaN,NaN,NaN,NaN,NaN,NaN,NaN,NaN,NaN,NaN,NaN,NaN,NaN,NaN,NaN,NaN,NaN,NaN,NaN,NaN,
71.629,-0.00994,-0.01662,0.12987,-0.43396,-0.12303,-0.25553,0.85513,NaN,NaN,NaN,NaN,NaN,NaN,NaN,NaN,NaN,NaN,NaN,NaN,NaN,NaN,NaN,NaN,NaN,NaN,NaN,NaN,NaN,
71.654,-0.00988,-0.01663,0.12988,-0.43406,-0.12264,-0.25574,0.85507,NaN,NaN,NaN,NaN,NaN,NaN,NaN,NaN,NaN,NaN,NaN,NaN,NaN,NaN,NaN,NaN,NaN,NaN,NaN,NaN,NaN,
71.679,-0.00990,-0.01661,0.12986,-0.43398,-0.12276,-0.25574,0.85510,NaN,NaN,NaN,NaN,NaN,NaN,NaN,NaN,NaN,NaN,NaN,NaN,NaN,NaN,NaN,NaN,NaN,NaN,NaN,NaN,NaN,
71.704,-0.00991,-0.01659,0.12987,-0.43401,-0.12275,-0.25571,0.85509,NaN,NaN,NaN,NaN,NaN,NaN,NaN,NaN,NaN,NaN,NaN,NaN,NaN,NaN,NaN,NaN,NaN,NaN,NaN,NaN,NaN,
71.729,-0.00990,-0.01663,0.12984,-0.43398,-0.12278,-0.25571,0.85510,NaN,NaN,NaN,NaN,NaN,NaN,NaN,NaN,NaN,NaN,NaN,NaN,NaN,NaN,NaN,NaN,NaN,NaN,NaN,NaN,NaN,
71.754,-0.00989,-0.01669,0.12986,-0.43412,-0.12253,-0.25577,0.85505,NaN,NaN,NaN,NaN,NaN,NaN,NaN,NaN,NaN,NaN,NaN,NaN,NaN,NaN,NaN,NaN,NaN,NaN,NaN,NaN,NaN,
71.779,-0.00989,-0.01668,0.12988,-0.43419,-0.12229,-0.25588,0.85501,NaN,NaN,NaN,NaN,NaN,NaN,NaN,NaN,NaN,NaN,NaN,NaN,NaN,NaN,NaN,NaN,NaN,NaN,NaN,NaN,NaN,
71.804,-0.00987,-0.01666,0.12990,-0.43427,-0.12204,-0.25600,0.85497,NaN,NaN,NaN,NaN,NaN,NaN,NaN,NaN,NaN,NaN,NaN,NaN,NaN,NaN,NaN,NaN,NaN,NaN,NaN,NaN,NaN,
71.829,-0.00987,-0.01663,0.12987,-0.43407,-0.12258,-0.25577,0.85506,NaN,NaN,NaN,NaN,NaN,NaN,NaN,NaN,NaN,NaN,NaN,NaN,NaN,NaN,NaN,NaN,NaN,NaN,NaN,NaN,NaN,
71.854,-0.00986,-0.01663,0.12987,-0.43418,-0.12244,-0.25577,0.85503,NaN,NaN,NaN,NaN,NaN,NaN,NaN,NaN,NaN,NaN,NaN,NaN,NaN,NaN,NaN,NaN,NaN,NaN,NaN,NaN,NaN,
71.879,-0.00984,-0.01665,0.12978,-0.43459,-0.12247,-0.25525,0.85498,NaN,NaN,NaN,NaN,NaN,NaN,NaN,NaN,NaN,NaN,NaN,NaN,NaN,NaN,NaN,NaN,NaN,NaN,NaN,NaN,NaN,
71.904,-0.00983,-0.01704,0.12986,-0.43045,-0.12459,-0.25841,0.85581,NaN,NaN,NaN,NaN,NaN,NaN,NaN,NaN,NaN,NaN,NaN,NaN,NaN,NaN,NaN,NaN,NaN,NaN,NaN,NaN,NaN,
71.929,-0.00981,-0.01736,0.12980,-0.42593,-0.12706,-0.26170,0.85671,NaN,NaN,NaN,NaN,NaN,NaN,NaN,NaN,NaN,NaN,NaN,NaN,NaN,NaN,NaN,NaN,NaN,NaN,NaN,NaN,NaN,
71.954,-0.00983,-0.01753,0.12973,-0.42401,-0.12830,-0.26293,0.85710,NaN,NaN,NaN,NaN,NaN,NaN,NaN,NaN,NaN,NaN,NaN,NaN,NaN,NaN,NaN,NaN,NaN,NaN,NaN,NaN,NaN,
71.979,-0.00990,-0.01773,0.12975,-0.42233,-0.12918,-0.26417,0.85742,NaN,NaN,NaN,NaN,NaN,NaN,NaN,NaN,NaN,NaN,NaN,NaN,NaN,NaN,NaN,NaN,NaN,NaN,NaN,NaN,NaN,
72.004,-0.00981,-0.01788,0.12970,-0.42203,-0.12914,-0.26456,0.85745,NaN,NaN,NaN,NaN,NaN,NaN,NaN,NaN,NaN,NaN,NaN,NaN,NaN,NaN,NaN,NaN,NaN,NaN,NaN,NaN,NaN,
72.029,-0.00970,-0.01794,0.12976,-0.42250,-0.12742,-0.26550,0.85719,NaN,NaN,NaN,NaN,NaN,NaN,NaN,NaN,NaN,NaN,NaN,NaN,NaN,NaN,NaN,NaN,NaN,NaN,NaN,NaN,NaN,
72.054,-0.00944,-0.01803,0.12982,-0.42299,-0.12545,-0.26660,0.85689,NaN,NaN,NaN,NaN,NaN,NaN,NaN,NaN,NaN,NaN,NaN,NaN,NaN,NaN,NaN,NaN,NaN,NaN,NaN,NaN,NaN,
72.079,-0.00940,-0.01807,0.12983,-0.42325,-0.12447,-0.26713,0.85674,NaN,NaN,NaN,NaN,NaN,NaN,NaN,NaN,NaN,NaN,NaN,NaN,NaN,NaN,NaN,NaN,NaN,NaN,NaN,NaN,NaN,
72.104,-0.00927,-0.01806,0.12982,-0.42396,-0.12311,-0.26745,0.85649,NaN,NaN,NaN,NaN,NaN,NaN,NaN,NaN,NaN,NaN,NaN,NaN,NaN,NaN,NaN,NaN,NaN,NaN,NaN,NaN,NaN,
72.129,-0.00921,-0.01811,0.12981,-0.42410,-0.12254,-0.26778,0.85640,NaN,NaN,NaN,NaN,NaN,NaN,NaN,NaN,NaN,NaN,NaN,NaN,NaN,NaN,NaN,NaN,NaN,NaN,NaN,NaN,NaN,
72.154,-0.00922,-0.01820,0.12986,-0.42430,-0.12213,-0.26789,0.85632,NaN,NaN,NaN,NaN,NaN,NaN,NaN,NaN,NaN,NaN,NaN,NaN,NaN,NaN,NaN,NaN,NaN,NaN,NaN,NaN,NaN,
72.179,-0.00913,-0.01823,0.12985,-0.42479,-0.12126,-0.26805,0.85615,NaN,NaN,NaN,NaN,NaN,NaN,NaN,NaN,NaN,NaN,NaN,NaN,NaN,NaN,NaN,NaN,NaN,NaN,NaN,NaN,NaN,
72.204,-0.00901,-0.01821,0.12984,-0.42551,-0.12006,-0.26822,0.85591,NaN,NaN,NaN,NaN,NaN,NaN,NaN,NaN,NaN,NaN,NaN,NaN,NaN,NaN,NaN,NaN,NaN,NaN,NaN,NaN,NaN,
72.229,-0.00898,-0.01821,0.12991,-0.42570,-0.11948,-0.26848,0.85581,NaN,NaN,NaN,NaN,NaN,NaN,NaN,NaN,NaN,NaN,NaN,NaN,NaN,NaN,NaN,NaN,NaN,NaN,NaN,NaN,NaN,
72.254,-0.00897,-0.01818,0.12993,-0.42570,-0.11938,-0.26857,0.85580,NaN,NaN,NaN,NaN,NaN,NaN,NaN,NaN,NaN,NaN,NaN,NaN,NaN,NaN,NaN,NaN,NaN,NaN,NaN,NaN,NaN,
72.279,-0.00896,-0.01814,0.12992,-0.42581,-0.11917,-0.26862,0.85576,NaN,NaN,NaN,NaN,NaN,NaN,NaN,NaN,NaN,NaN,NaN,NaN,NaN,NaN,NaN,NaN,NaN,NaN,NaN,NaN,NaN,
72.304,-0.00892,-0.01817,0.12989,-0.42598,-0.11899,-0.26857,0.85572,NaN,NaN,NaN,NaN,NaN,NaN,NaN,NaN,NaN,NaN,NaN,NaN,NaN,NaN,NaN,NaN,NaN,NaN,NaN,NaN,NaN,
72.329,-0.00892,-0.01821,0.12986,-0.42613,-0.11909,-0.26831,0.85571,NaN,NaN,NaN,NaN,NaN,NaN,NaN,NaN,NaN,NaN,NaN,NaN,NaN,NaN,NaN,NaN,NaN,NaN,NaN,NaN,NaN,
72.354,-0.00894,-0.01821,0.12985,-0.42626,-0.11895,-0.26828,0.85568,NaN,NaN,NaN,NaN,NaN,NaN,NaN,NaN,NaN,NaN,NaN,NaN,NaN,NaN,NaN,NaN,NaN,NaN,NaN,NaN,NaN,
72.379,-0.00896,-0.01819,0.12985,-0.42638,-0.11875,-0.26830,0.85564,NaN,NaN,NaN,NaN,NaN,NaN,NaN,NaN,NaN,NaN,NaN,NaN,NaN,NaN,NaN,NaN,NaN,NaN,NaN,NaN,NaN,
72.404,-0.00899,-0.01818,0.12991,-0.42649,-0.11862,-0.26828,0.85561,NaN,NaN,NaN,NaN,NaN,NaN,NaN,NaN,NaN,NaN,NaN,NaN,NaN,NaN,NaN,NaN,NaN,NaN,NaN,NaN,NaN,
72.429,-0.00897,-0.01817,0.12992,-0.42659,-0.11840,-0.26834,0.85557,NaN,NaN,NaN,NaN,NaN,NaN,NaN,NaN,NaN,NaN,NaN,NaN,NaN,NaN,NaN,NaN,NaN,NaN,NaN,NaN,NaN,
72.454,-0.00886,-0.01816,0.12992,-0.42700,-0.11760,-0.26853,0.85541,NaN,NaN,NaN,NaN,NaN,NaN,NaN,NaN,NaN,NaN,NaN,NaN,NaN,NaN,NaN,NaN,NaN,NaN,NaN,NaN,NaN,
72.479,-0.00880,-0.01819,0.12992,-0.42717,-0.11727,-0.26863,0.85535,NaN,NaN,NaN,NaN,NaN,NaN,NaN,NaN,NaN,NaN,NaN,NaN,NaN,NaN,NaN,NaN,NaN,NaN,NaN,NaN,NaN,
72.504,-0.00881,-0.01818,0.12991,-0.42730,-0.11733,-0.26842,0.85534,NaN,NaN,NaN,NaN,NaN,NaN,NaN,NaN,NaN,NaN,NaN,NaN,NaN,NaN,NaN,NaN,NaN,NaN,NaN,NaN,NaN,
72.529,-0.00883,-0.01818,0.12990,-0.42758,-0.11712,-0.26825,0.85527,NaN,NaN,NaN,NaN,NaN,NaN,NaN,NaN,NaN,NaN,NaN,NaN,NaN,NaN,NaN,NaN,NaN,NaN,NaN,NaN,NaN,
72.554,-0.00886,-0.01816,0.12994,-0.42786,-0.11678,-0.26822,0.85520,NaN,NaN,NaN,NaN,NaN,NaN,NaN,NaN,NaN,NaN,NaN,NaN,NaN,NaN,NaN,NaN,NaN,NaN,NaN,NaN,NaN,
72.579,-0.00884,-0.01818,0.12993,-0.42836,-0.11615,-0.26814,0.85505,NaN,NaN,NaN,NaN,NaN,NaN,NaN,NaN,NaN,NaN,NaN,NaN,NaN,NaN,NaN,NaN,NaN,NaN,NaN,NaN,NaN,
72.604,-0.00869,-0.01815,0.12996,-0.42985,-0.11414,-0.26808,0.85460,NaN,NaN,NaN,NaN,NaN,NaN,NaN,NaN,NaN,NaN,NaN,NaN,NaN,NaN,NaN,NaN,NaN,NaN,NaN,NaN,NaN,
72.629,-0.00853,-0.01819,0.12998,-0.43094,-0.11239,-0.26826,0.85422,NaN,NaN,NaN,NaN,NaN,NaN,NaN,NaN,NaN,NaN,NaN,NaN,NaN,NaN,NaN,NaN,NaN,NaN,NaN,NaN,NaN,
72.654,-0.00843,-0.01821,0.13001,-0.43172,-0.11120,-0.26833,0.85396,NaN,NaN,NaN,NaN,NaN,NaN,NaN,NaN,NaN,NaN,NaN,NaN,NaN,NaN,NaN,NaN,NaN,NaN,NaN,NaN,NaN,
72.679,-0.00835,-0.01821,0.13001,-0.43220,-0.11046,-0.26839,0.85380,NaN,NaN,NaN,NaN,NaN,NaN,NaN,NaN,NaN,NaN,NaN,NaN,NaN,NaN,NaN,NaN,NaN,NaN,NaN,NaN,NaN,
72.704,-0.00828,-0.01820,0.13004,-0.43308,-0.10930,-0.26831,0.85353,NaN,NaN,NaN,NaN,NaN,NaN,NaN,NaN,NaN,NaN,NaN,NaN,NaN,NaN,NaN,NaN,NaN,NaN,NaN,NaN,NaN,
72.729,-0.00816,-0.01813,0.13003,-0.43483,-0.10741,-0.26781,0.85303,NaN,NaN,NaN,NaN,NaN,NaN,NaN,NaN,NaN,NaN,NaN,NaN,NaN,NaN,NaN,NaN,NaN,NaN,NaN,NaN,NaN,
72.754,-0.00797,-0.01820,0.13005,-0.43697,-0.10406,-0.26805,0.85228,NaN,NaN,NaN,NaN,NaN,NaN,NaN,NaN,NaN,NaN,NaN,NaN,NaN,NaN,NaN,NaN,NaN,NaN,NaN,NaN,NaN,
72.779,-0.00757,-0.01820,0.13004,-0.44017,-0.09932,-0.26816,0.85116,NaN,NaN,NaN,NaN,NaN,NaN,NaN,NaN,NaN,NaN,NaN,NaN,NaN,NaN,NaN,NaN,NaN,NaN,NaN,NaN,NaN,
72.804,-0.00720,-0.01820,0.13009,-0.44279,-0.09529,-0.26837,0.85020,NaN,NaN,NaN,NaN,NaN,NaN,NaN,NaN,NaN,NaN,NaN,NaN,NaN,NaN,NaN,NaN,NaN,NaN,NaN,NaN,NaN,
72.829,-0.00697,-0.01820,0.13010,-0.44465,-0.09249,-0.26844,0.84951,NaN,NaN,NaN,NaN,NaN,NaN,NaN,NaN,NaN,NaN,NaN,NaN,NaN,NaN,NaN,NaN,NaN,NaN,NaN,NaN,NaN,
72.854,-0.00669,-0.01821,0.13012,-0.44655,-0.08968,-0.26848,0.84881,NaN,NaN,NaN,NaN,NaN,NaN,NaN,NaN,NaN,NaN,NaN,NaN,NaN,NaN,NaN,NaN,NaN,NaN,NaN,NaN,NaN,
72.879,-0.00651,-0.01819,0.13007,-0.44822,-0.08783,-0.26798,0.84828,NaN,NaN,NaN,NaN,NaN,NaN,NaN,NaN,NaN,NaN,NaN,NaN,NaN,NaN,NaN,NaN,NaN,NaN,NaN,NaN,NaN,
72.904,-0.00631,-0.01818,0.13009,-0.45000,-0.08556,-0.26768,0.84766,NaN,NaN,NaN,NaN,NaN,NaN,NaN,NaN,NaN,NaN,NaN,NaN,NaN,NaN,NaN,NaN,NaN,NaN,NaN,NaN,NaN,
72.929,-0.00607,-0.01816,0.13002,-0.45147,-0.08326,-0.26780,0.84707,NaN,NaN,NaN,NaN,NaN,NaN,NaN,NaN,NaN,NaN,NaN,NaN,NaN,NaN,NaN,NaN,NaN,NaN,NaN,NaN,NaN,
72.954,-0.00590,-0.01816,0.13004,-0.45250,-0.08125,-0.26818,0.84659,NaN,NaN,NaN,NaN,NaN,NaN,NaN,NaN,NaN,NaN,NaN,NaN,NaN,NaN,NaN,NaN,NaN,NaN,NaN,NaN,NaN,
72.979,-0.00583,-0.01816,0.13005,-0.45315,-0.08020,-0.26826,0.84632,NaN,NaN,NaN,NaN,NaN,NaN,NaN,NaN,NaN,NaN,NaN,NaN,NaN,NaN,NaN,NaN,NaN,NaN,NaN,NaN,NaN,
73.004,-0.00578,-0.01816,0.13000,-0.45357,-0.07946,-0.26835,0.84614,NaN,NaN,NaN,NaN,NaN,NaN,NaN,NaN,NaN,NaN,NaN,NaN,NaN,NaN,NaN,NaN,NaN,NaN,NaN,NaN,NaN,
73.029,-0.00574,-0.01816,0.13005,-0.45401,-0.07865,-0.26847,0.84594,NaN,NaN,NaN,NaN,NaN,NaN,NaN,NaN,NaN,NaN,NaN,NaN,NaN,NaN,NaN,NaN,NaN,NaN,NaN,NaN,NaN,
73.054,-0.00571,-0.01816,0.13003,-0.45427,-0.07855,-0.26824,0.84588,NaN,NaN,NaN,NaN,NaN,NaN,NaN,NaN,NaN,NaN,NaN,NaN,NaN,NaN,NaN,NaN,NaN,NaN,NaN,NaN,NaN,
73.079,-0.00568,-0.01815,0.13004,-0.45451,-0.07843,-0.26804,0.84583,NaN,NaN,NaN,NaN,NaN,NaN,NaN,NaN,NaN,NaN,NaN,NaN,NaN,NaN,NaN,NaN,NaN,NaN,NaN,NaN,NaN,
73.104,-0.00564,-0.01816,0.13006,-0.45461,-0.07831,-0.26802,0.84579,NaN,NaN,NaN,NaN,NaN,NaN,NaN,NaN,NaN,NaN,NaN,NaN,NaN,NaN,NaN,NaN,NaN,NaN,NaN,NaN,NaN,
73.129,-0.00565,-0.01818,0.13002,-0.45448,-0.07851,-0.26801,0.84584,NaN,NaN,NaN,NaN,NaN,NaN,NaN,NaN,NaN,NaN,NaN,NaN,NaN,NaN,NaN,NaN,NaN,NaN,NaN,NaN,NaN,
73.154,-0.00563,-0.01816,0.13000,-0.45443,-0.07855,-0.26805,0.84586,NaN,NaN,NaN,NaN,NaN,NaN,NaN,NaN,NaN,NaN,NaN,NaN,NaN,NaN,NaN,NaN,NaN,NaN,NaN,NaN,NaN,
73.179,-0.00562,-0.01818,0.13000,-0.45433,-0.07852,-0.26819,0.84587,NaN,NaN,NaN,NaN,NaN,NaN,NaN,NaN,NaN,NaN,NaN,NaN,NaN,NaN,NaN,NaN,NaN,NaN,NaN,NaN,NaN,
73.204,-0.00564,-0.01817,0.13002,-0.45421,-0.07852,-0.26833,0.84589,NaN,NaN,NaN,NaN,NaN,NaN,NaN,NaN,NaN,NaN,NaN,NaN,NaN,NaN,NaN,NaN,NaN,NaN,NaN,NaN,NaN,
73.229,-0.00565,-0.01816,0.13002,-0.45427,-0.07854,-0.26824,0.84588,NaN,NaN,NaN,NaN,NaN,NaN,NaN,NaN,NaN,NaN,NaN,NaN,NaN,NaN,NaN,NaN,NaN,NaN,NaN,NaN,NaN,
73.254,-0.00565,-0.01816,0.13002,-0.45431,-0.07849,-0.26823,0.84587,NaN,NaN,NaN,NaN,NaN,NaN,NaN,NaN,NaN,NaN,NaN,NaN,NaN,NaN,NaN,NaN,NaN,NaN,NaN,NaN,NaN,
73.279,-0.00564,-0.01816,0.13001,-0.45431,-0.07847,-0.26826,0.84586,NaN,NaN,NaN,NaN,NaN,NaN,NaN,NaN,NaN,NaN,NaN,NaN,NaN,NaN,NaN,NaN,NaN,NaN,NaN,NaN,NaN,
73.304,-0.00563,-0.01817,0.13001,-0.45428,-0.07844,-0.26831,0.84586,NaN,NaN,NaN,NaN,NaN,NaN,NaN,NaN,NaN,NaN,NaN,NaN,NaN,NaN,NaN,NaN,NaN,NaN,NaN,NaN,NaN,
73.329,-0.00562,-0.01817,0.13001,-0.45424,-0.07841,-0.26839,0.84586,NaN,NaN,NaN,NaN,NaN,NaN,NaN,NaN,NaN,NaN,NaN,NaN,NaN,NaN,NaN,NaN,NaN,NaN,NaN,NaN,NaN,
73.354,-0.00562,-0.01817,0.13000,-0.45421,-0.07839,-0.26844,0.84587,NaN,NaN,NaN,NaN,NaN,NaN,NaN,NaN,NaN,NaN,NaN,NaN,NaN,NaN,NaN,NaN,NaN,NaN,NaN,NaN,NaN,
73.379,-0.00562,-0.01817,0.13000,-0.45417,-0.07836,-0.26851,0.84587,NaN,NaN,NaN,NaN,NaN,NaN,NaN,NaN,NaN,NaN,NaN,NaN,NaN,NaN,NaN,NaN,NaN,NaN,NaN,NaN,NaN,
73.404,-0.00562,-0.01817,0.13000,-0.45413,-0.07834,-0.26858,0.84587,NaN,NaN,NaN,NaN,NaN,NaN,NaN,NaN,NaN,NaN,NaN,NaN,NaN,NaN,NaN,NaN,NaN,NaN,NaN,NaN,NaN,
73.429,-0.00562,-0.01817,0.13000,-0.45410,-0.07832,-0.26864,0.84587,NaN,NaN,NaN,NaN,NaN,NaN,NaN,NaN,NaN,NaN,NaN,NaN,NaN,NaN,NaN,NaN,NaN,NaN,NaN,NaN,NaN,
73.454,-0.00561,-0.01817,0.13000,-0.45409,-0.07831,-0.26866,0.84587,NaN,NaN,NaN,NaN,NaN,NaN,NaN,NaN,NaN,NaN,NaN,NaN,NaN,NaN,NaN,NaN,NaN,NaN,NaN,NaN,NaN,
73.479,-0.00561,-0.01817,0.12999,-0.45409,-0.07830,-0.26865,0.84587,NaN,NaN,NaN,NaN,NaN,NaN,NaN,NaN,NaN,NaN,NaN,NaN,NaN,NaN,NaN,NaN,NaN,NaN,NaN,NaN,NaN,
73.504,-0.00561,-0.01818,0.12999,-0.45409,-0.07828,-0.26867,0.84586,NaN,NaN,NaN,NaN,NaN,NaN,NaN,NaN,NaN,NaN,NaN,NaN,NaN,NaN,NaN,NaN,NaN,NaN,NaN,NaN,NaN,
73.529,-0.00561,-0.01817,0.12999,-0.45408,-0.07829,-0.26868,0.84587,NaN,NaN,NaN,NaN,NaN,NaN,NaN,NaN,NaN,NaN,NaN,NaN,NaN,NaN,NaN,NaN,NaN,NaN,NaN,NaN,NaN,
73.554,-0.00562,-0.01817,0.12999,-0.45406,-0.07830,-0.26870,0.84587,NaN,NaN,NaN,NaN,NaN,NaN,NaN,NaN,NaN,NaN,NaN,NaN,NaN,NaN,NaN,NaN,NaN,NaN,NaN,NaN,NaN,
73.579,-0.00562,-0.01817,0.12999,-0.45404,-0.07832,-0.26870,0.84588,NaN,NaN,NaN,NaN,NaN,NaN,NaN,NaN,NaN,NaN,NaN,NaN,NaN,NaN,NaN,NaN,NaN,NaN,NaN,NaN,NaN,
73.604,-0.00562,-0.01817,0.12999,-0.45402,-0.07834,-0.26871,0.84588,NaN,NaN,NaN,NaN,NaN,NaN,NaN,NaN,NaN,NaN,NaN,NaN,NaN,NaN,NaN,NaN,NaN,NaN,NaN,NaN,NaN,
73.629,-0.00562,-0.01817,0.12999,-0.45400,-0.07834,-0.26873,0.84589,NaN,NaN,NaN,NaN,NaN,NaN,NaN,NaN,NaN,NaN,NaN,NaN,NaN,NaN,NaN,NaN,NaN,NaN,NaN,NaN,NaN,
73.654,-0.00562,-0.01817,0.12998,-0.45399,-0.07837,-0.26873,0.84589,NaN,NaN,NaN,NaN,NaN,NaN,NaN,NaN,NaN,NaN,NaN,NaN,NaN,NaN,NaN,NaN,NaN,NaN,NaN,NaN,NaN,
73.679,-0.00561,-0.01817,0.12998,-0.45399,-0.07836,-0.26873,0.84589,NaN,NaN,NaN,NaN,NaN,NaN,NaN,NaN,NaN,NaN,NaN,NaN,NaN,NaN,NaN,NaN,NaN,NaN,NaN,NaN,NaN,
73.704,-0.00562,-0.01817,0.12999,-0.45397,-0.07836,-0.26876,0.84590,NaN,NaN,NaN,NaN,NaN,NaN,NaN,NaN,NaN,NaN,NaN,NaN,NaN,NaN,NaN,NaN,NaN,NaN,NaN,NaN,NaN,
73.729,-0.00563,-0.01817,0.12999,-0.45393,-0.07837,-0.26879,0.84590,NaN,NaN,NaN,NaN,NaN,NaN,NaN,NaN,NaN,NaN,NaN,NaN,NaN,NaN,NaN,NaN,NaN,NaN,NaN,NaN,NaN,
73.754,-0.00562,-0.01817,0.12999,-0.45392,-0.07837,-0.26881,0.84590,NaN,NaN,NaN,NaN,NaN,NaN,NaN,NaN,NaN,NaN,NaN,NaN,NaN,NaN,NaN,NaN,NaN,NaN,NaN,NaN,NaN,
73.779,-0.00562,-0.01817,0.12999,-0.45392,-0.07836,-0.26883,0.84590,NaN,NaN,NaN,NaN,NaN,NaN,NaN,NaN,NaN,NaN,NaN,NaN,NaN,NaN,NaN,NaN,NaN,NaN,NaN,NaN,NaN,
73.804,-0.00562,-0.01817,0.12999,-0.45391,-0.07836,-0.26884,0.84591,NaN,NaN,NaN,NaN,NaN,NaN,NaN,NaN,NaN,NaN,NaN,NaN,NaN,NaN,NaN,NaN,NaN,NaN,NaN,NaN,NaN,
73.829,-0.00562,-0.01818,0.12999,-0.45390,-0.07835,-0.26886,0.84591,NaN,NaN,NaN,NaN,NaN,NaN,NaN,NaN,NaN,NaN,NaN,NaN,NaN,NaN,NaN,NaN,NaN,NaN,NaN,NaN,NaN,
73.854,-0.00563,-0.01818,0.13000,-0.45388,-0.07835,-0.26888,0.84591,NaN,NaN,NaN,NaN,NaN,NaN,NaN,NaN,NaN,NaN,NaN,NaN,NaN,NaN,NaN,NaN,NaN,NaN,NaN,NaN,NaN,
73.879,-0.00563,-0.01818,0.13000,-0.45387,-0.07835,-0.26888,0.84591,NaN,NaN,NaN,NaN,NaN,NaN,NaN,NaN,NaN,NaN,NaN,NaN,NaN,NaN,NaN,NaN,NaN,NaN,NaN,NaN,NaN,
73.904,-0.00563,-0.01818,0.13000,-0.45387,-0.07832,-0.26890,0.84590,NaN,NaN,NaN,NaN,NaN,NaN,NaN,NaN,NaN,NaN,NaN,NaN,NaN,NaN,NaN,NaN,NaN,NaN,NaN,NaN,NaN,
73.929,-0.00563,-0.01819,0.13000,-0.45386,-0.07831,-0.26893,0.84591,NaN,NaN,NaN,NaN,NaN,NaN,NaN,NaN,NaN,NaN,NaN,NaN,NaN,NaN,NaN,NaN,NaN,NaN,NaN,NaN,NaN,
73.954,-0.00563,-0.01818,0.13000,-0.45385,-0.07833,-0.26893,0.84591,NaN,NaN,NaN,NaN,NaN,NaN,NaN,NaN,NaN,NaN,NaN,NaN,NaN,NaN,NaN,NaN,NaN,NaN,NaN,NaN,NaN,
73.979,-0.00562,-0.01819,0.13000,-0.45385,-0.07832,-0.26894,0.84591,NaN,NaN,NaN,NaN,NaN,NaN,NaN,NaN,NaN,NaN,NaN,NaN,NaN,NaN,NaN,NaN,NaN,NaN,NaN,NaN,NaN,
74.004,-0.00563,-0.01818,0.13000,-0.45382,-0.07832,-0.26897,0.84591,NaN,NaN,NaN,NaN,NaN,NaN,NaN,NaN,NaN,NaN,NaN,NaN,NaN,NaN,NaN,NaN,NaN,NaN,NaN,NaN,NaN,
74.029,-0.00562,-0.01818,0.13000,-0.45381,-0.07833,-0.26898,0.84592,NaN,NaN,NaN,NaN,NaN,NaN,NaN,NaN,NaN,NaN,NaN,NaN,NaN,NaN,NaN,NaN,NaN,NaN,NaN,NaN,NaN,
74.054,-0.00562,-0.01819,0.13000,-0.45382,-0.07831,-0.26897,0.84591,NaN,NaN,NaN,NaN,NaN,NaN,NaN,NaN,NaN,NaN,NaN,NaN,NaN,NaN,NaN,NaN,NaN,NaN,NaN,NaN,NaN,
74.079,-0.00562,-0.01819,0.13001,-0.45380,-0.07831,-0.26900,0.84591,NaN,NaN,NaN,NaN,NaN,NaN,NaN,NaN,NaN,NaN,NaN,NaN,NaN,NaN,NaN,NaN,NaN,NaN,NaN,NaN,NaN,
74.104,-0.00562,-0.01819,0.13000,-0.45380,-0.07832,-0.26900,0.84592,NaN,NaN,NaN,NaN,NaN,NaN,NaN,NaN,NaN,NaN,NaN,NaN,NaN,NaN,NaN,NaN,NaN,NaN,NaN,NaN,NaN,
74.129,-0.00561,-0.01819,0.13001,-0.45381,-0.07829,-0.26902,0.84591,NaN,NaN,NaN,NaN,NaN,NaN,NaN,NaN,NaN,NaN,NaN,NaN,NaN,NaN,NaN,NaN,NaN,NaN,NaN,NaN,NaN,
74.154,-0.00562,-0.01819,0.13001,-0.45379,-0.07829,-0.26903,0.84591,NaN,NaN,NaN,NaN,NaN,NaN,NaN,NaN,NaN,NaN,NaN,NaN,NaN,NaN,NaN,NaN,NaN,NaN,NaN,NaN,NaN,
74.179,-0.00561,-0.01819,0.13001,-0.45378,-0.07830,-0.26904,0.84592,NaN,NaN,NaN,NaN,NaN,NaN,NaN,NaN,NaN,NaN,NaN,NaN,NaN,NaN,NaN,NaN,NaN,NaN,NaN,NaN,NaN,
74.204,-0.00561,-0.01820,0.13001,-0.45380,-0.07827,-0.26904,0.84591,NaN,NaN,NaN,NaN,NaN,NaN,NaN,NaN,NaN,NaN,NaN,NaN,NaN,NaN,NaN,NaN,NaN,NaN,NaN,NaN,NaN,
74.229,-0.00561,-0.01820,0.13001,-0.45379,-0.07826,-0.26906,0.84591,NaN,NaN,NaN,NaN,NaN,NaN,NaN,NaN,NaN,NaN,NaN,NaN,NaN,NaN,NaN,NaN,NaN,NaN,NaN,NaN,NaN,
74.254,-0.00561,-0.01820,0.13001,-0.45380,-0.07825,-0.26905,0.84590,NaN,NaN,NaN,NaN,NaN,NaN,NaN,NaN,NaN,NaN,NaN,NaN,NaN,NaN,NaN,NaN,NaN,NaN,NaN,NaN,NaN,
74.279,-0.00560,-0.01821,0.13001,-0.45382,-0.07823,-0.26905,0.84590,NaN,NaN,NaN,NaN,NaN,NaN,NaN,NaN,NaN,NaN,NaN,NaN,NaN,NaN,NaN,NaN,NaN,NaN,NaN,NaN,NaN,
74.304,-0.00560,-0.01821,0.13002,-0.45382,-0.07822,-0.26906,0.84590,NaN,NaN,NaN,NaN,NaN,NaN,NaN,NaN,NaN,NaN,NaN,NaN,NaN,NaN,NaN,NaN,NaN,NaN,NaN,NaN,NaN,
74.329,-0.00560,-0.01821,0.13002,-0.45382,-0.07823,-0.26905,0.84590,NaN,NaN,NaN,NaN,NaN,NaN,NaN,NaN,NaN,NaN,NaN,NaN,NaN,NaN,NaN,NaN,NaN,NaN,NaN,NaN,NaN,
74.354,-0.00560,-0.01821,0.13002,-0.45383,-0.07821,-0.26905,0.84589,NaN,NaN,NaN,NaN,NaN,NaN,NaN,NaN,NaN,NaN,NaN,NaN,NaN,NaN,NaN,NaN,NaN,NaN,NaN,NaN,NaN,
74.379,-0.00560,-0.01821,0.13001,-0.45384,-0.07822,-0.26903,0.84589,NaN,NaN,NaN,NaN,NaN,NaN,NaN,NaN,NaN,NaN,NaN,NaN,NaN,NaN,NaN,NaN,NaN,NaN,NaN,NaN,NaN,
74.404,-0.00559,-0.01821,0.13001,-0.45385,-0.07823,-0.26901,0.84589,NaN,NaN,NaN,NaN,NaN,NaN,NaN,NaN,NaN,NaN,NaN,NaN,NaN,NaN,NaN,NaN,NaN,NaN,NaN,NaN,NaN,
74.429,-0.00559,-0.01820,0.13001,-0.45386,-0.07823,-0.26900,0.84589,NaN,NaN,NaN,NaN,NaN,NaN,NaN,NaN,NaN,NaN,NaN,NaN,NaN,NaN,NaN,NaN,NaN,NaN,NaN,NaN,NaN,
74.454,-0.00559,-0.01820,0.13001,-0.45385,-0.07825,-0.26899,0.84590,NaN,NaN,NaN,NaN,NaN,NaN,NaN,NaN,NaN,NaN,NaN,NaN,NaN,NaN,NaN,NaN,NaN,NaN,NaN,NaN,NaN,
74.479,-0.00559,-0.01820,0.13000,-0.45387,-0.07825,-0.26897,0.84589,NaN,NaN,NaN,NaN,NaN,NaN,NaN,NaN,NaN,NaN,NaN,NaN,NaN,NaN,NaN,NaN,NaN,NaN,NaN,NaN,NaN,
74.504,-0.00559,-0.01820,0.13000,-0.45388,-0.07826,-0.26896,0.84589,NaN,NaN,NaN,NaN,NaN,NaN,NaN,NaN,NaN,NaN,NaN,NaN,NaN,NaN,NaN,NaN,NaN,NaN,NaN,NaN,NaN,
74.529,-0.00559,-0.01819,0.13000,-0.45386,-0.07828,-0.26896,0.84590,NaN,NaN,NaN,NaN,NaN,NaN,NaN,NaN,NaN,NaN,NaN,NaN,NaN,NaN,NaN,NaN,NaN,NaN,NaN,NaN,NaN,
74.554,-0.00559,-0.01819,0.13000,-0.45386,-0.07830,-0.26894,0.84590,NaN,NaN,NaN,NaN,NaN,NaN,NaN,NaN,NaN,NaN,NaN,NaN,NaN,NaN,NaN,NaN,NaN,NaN,NaN,NaN,NaN,
74.579,-0.00558,-0.01819,0.12999,-0.45388,-0.07830,-0.26892,0.84590,NaN,NaN,NaN,NaN,NaN,NaN,NaN,NaN,NaN,NaN,NaN,NaN,NaN,NaN,NaN,NaN,NaN,NaN,NaN,NaN,NaN,
74.604,-0.00559,-0.01819,0.12999,-0.45388,-0.07830,-0.26892,0.84590,NaN,NaN,NaN,NaN,NaN,NaN,NaN,NaN,NaN,NaN,NaN,NaN,NaN,NaN,NaN,NaN,NaN,NaN,NaN,NaN,NaN,
74.629,-0.00559,-0.01819,0.12999,-0.45385,-0.07832,-0.26893,0.84591,NaN,NaN,NaN,NaN,NaN,NaN,NaN,NaN,NaN,NaN,NaN,NaN,NaN,NaN,NaN,NaN,NaN,NaN,NaN,NaN,NaN,
74.654,-0.00559,-0.01819,0.12999,-0.45386,-0.07833,-0.26891,0.84591,NaN,NaN,NaN,NaN,NaN,NaN,NaN,NaN,NaN,NaN,NaN,NaN,NaN,NaN,NaN,NaN,NaN,NaN,NaN,NaN,NaN,
