X,Y,Z,Q0,Qx,Qy,Qz,Error
-16.3653,1.13323,17.1615,0.743086,-0.0140191,-0.0154097,-0.668872,0.346165
