X,Y,Z,Q0,Qx,Qy,Qz,Error
-34.3396,9.03946,-262.546,-0.460246,0.0690951,0.0235731,0.884784,1.16096
