X,Y,Z,Q0,Qx,Qy,Qz,Error
-52.3578,-3.47974,-23.4147,0.644328,0.283613,-0.646535,-0.293935,0.167388
