X,Y,Z,Q0,Qx,Qy,Qz,Error
5.149,-3.11613,10.2183,-0.0119325,-0.268292,-0.182582,-0.945802,0.342273
