X,Y,Z,Q0,Qx,Qy,Qz,Error
4.82114,-2.9462,12.5004,-0.0151088,-0.265702,-0.183641,-0.946282,0.629121
