Targ_X,Targ_Y,Targ_Z, Phan_Tool_X, Phan_Tool_Y, Phan_Tool_Z, Base_Tool_X, Base_Tool_Y, Base_Tool_Z
0,0,0,0.137,0.0390771,0.180174,0.00050462,-0.00722953,0.0633259
1,1,1,0.136997,0.0390789,0.180168,0.000496497,-0.00722314,0.0633378
2,2,2,0.137001,0.0390767,0.180176,0.000501241,-0.0072227,0.0633364
