t,x_r,y_r,z_r,x_sim,y_sim,z_sim,f_x,f_y,f_z,f_mag,ctrl_time
0.000,0.000000,0.000000,0.000000,-0.019483,-0.010146,0.129724,0.165830,0.109292,-0.362656,0.413478,0.000000
0.025,0.000000,0.000000,0.000000,-0.019483,-0.010146,0.129724,0.165808,0.109300,-0.362708,0.413516,0.000000
0.050,-0.018500,-0.026915,0.130000,-0.019489,-0.010146,0.129722,0.165795,0.109311,-0.362797,0.413593,0.000000
0.075,-0.018500,-0.026830,0.130000,-0.019494,-0.010150,0.129719,0.165798,0.109325,-0.362893,0.413682,64.982000
0.100,-0.018500,-0.026745,0.130000,-0.019498,-0.010153,0.129717,0.165815,0.109339,-0.362960,0.413751,25.400000
0.125,-0.018500,-0.026660,0.130000,-0.019499,-0.010152,0.129716,0.165839,0.109350,-0.362988,0.413788,28.500000
0.150,-0.018500,-0.026575,0.130000,-0.019497,-0.010149,0.129717,0.165852,0.109359,-0.363003,0.413808,24.802000
0.175,-0.018500,-0.026490,0.130000,-0.019496,-0.010146,0.129718,0.165845,0.109367,-0.363034,0.413835,23.890000
0.200,-0.018500,-0.026405,0.130000,-0.019498,-0.010145,0.129717,0.165828,0.109374,-0.363085,0.413874,24.518000
0.225,-0.018500,-0.026320,0.130000,-0.019502,-0.010146,0.129715,0.165818,0.109381,-0.363132,0.413914,25.880000
0.250,-0.018500,-0.026235,0.130000,-0.019506,-0.010147,0.129714,0.165820,0.109387,-0.363152,0.413934,26.423000
0.275,-0.018500,-0.026150,0.130000,-0.019506,-0.010146,0.129713,0.165826,0.109389,-0.363141,0.413927,24.160000
0.300,-0.018500,-0.026065,0.130000,-0.019505,-0.010143,0.129714,0.165825,0.109388,-0.363116,0.413904,22.134000
0.325,-0.018500,-0.025980,0.130000,-0.019504,-0.010141,0.129715,0.165819,0.109385,-0.363104,0.413891,20.506000
0.350,-0.018500,-0.025895,0.130000,-0.019504,-0.010141,0.129715,0.165812,0.109381,-0.363115,0.413897,28.330000
0.375,-0.018500,-0.025810,0.130000,-0.019506,-0.010145,0.129714,0.165813,0.109376,-0.363132,0.413911,27.720000
0.400,-0.018500,-0.025725,0.130000,-0.019506,-0.010150,0.129713,0.165829,0.109370,-0.363129,0.413913,27.861000
0.425,-0.018500,-0.025725,0.130000,-0.019504,-0.010153,0.129713,0.165854,0.109366,-0.363097,0.413894,27.861000
0.450,-0.018500,-0.025640,0.130000,-0.019500,-0.010153,0.129715,0.165873,0.109362,-0.363053,0.413861,27.681000
0.475,-0.018500,-0.025555,0.130000,-0.019495,-0.010150,0.129718,0.165881,0.109357,-0.363025,0.413838,21.517000
0.500,-0.018500,-0.025385,0.130000,-0.019493,-0.010150,0.129719,0.165883,0.109352,-0.363036,0.413848,26.488000
0.525,-0.018500,-0.025385,0.130000,-0.019493,-0.010155,0.129718,0.165889,0.109352,-0.363082,0.413890,26.488000
0.550,-0.018500,-0.025300,0.130000,-0.019495,-0.010161,0.129716,0.165902,0.109356,-0.363135,0.413943,27.379000
0.575,-0.018500,-0.025215,0.130000,-0.019496,-0.010165,0.129715,0.165924,0.109361,-0.363169,0.413983,28.160000
0.600,-0.018500,-0.025130,0.130000,-0.019494,-0.010166,0.129716,0.165947,0.109366,-0.363179,0.414003,27.629000
0.625,-0.018500,-0.025045,0.130000,-0.019492,-0.010165,0.129717,0.165965,0.109369,-0.363178,0.414009,27.263000
0.650,-0.018500,-0.024960,0.130000,-0.019489,-0.010163,0.129718,0.165972,0.109371,-0.363175,0.414010,22.159000
0.675,-0.018500,-0.024790,0.130000,-0.019488,-0.010162,0.129718,0.165975,0.109372,-0.363171,0.414009,18.721000
0.700,-0.018500,-0.024705,0.130000,-0.019488,-0.010161,0.129719,0.165978,0.109369,-0.363166,0.414005,23.297000
0.725,-0.018500,-0.024620,0.130000,-0.019487,-0.010162,0.129719,0.165984,0.109367,-0.363158,0.414000,21.029000
0.750,-0.018500,-0.024535,0.130000,-0.019486,-0.010163,0.129719,0.165987,0.109366,-0.363144,0.413988,19.366000
0.775,-0.018500,-0.024450,0.130000,-0.019485,-0.010162,0.129720,0.165988,0.109362,-0.363122,0.413968,19.715000
0.800,-0.018500,-0.024365,0.130000,-0.019484,-0.010161,0.129720,0.165990,0.109355,-0.363097,0.413945,18.910000
0.825,-0.018500,-0.024280,0.130000,-0.019482,-0.010163,0.129721,0.165994,0.109347,-0.363067,0.413918,19.082000
0.850,-0.018500,-0.024195,0.130000,-0.019481,-0.010165,0.129721,0.166001,0.109338,-0.363029,0.413886,23.845000
0.875,-0.018500,-0.024195,0.130000,-0.019478,-0.010165,0.129723,0.166010,0.109329,-0.362985,0.413848,16.923000
0.900,-0.018500,-0.024025,0.130000,-0.019475,-0.010166,0.129724,0.166017,0.109321,-0.362946,0.413814,24.819000
0.925,-0.018500,-0.023940,0.130000,-0.019471,-0.010167,0.129725,0.166019,0.109317,-0.362927,0.413798,16.916000
0.950,-0.018500,-0.023855,0.130000,-0.019471,-0.010167,0.129725,0.166019,0.109318,-0.362936,0.413806,22.382000
0.975,-0.018500,-0.023770,0.130000,-0.019472,-0.010167,0.129725,0.166019,0.109324,-0.362967,0.413835,17.309000
1.000,-0.018500,-0.023685,0.130000,-0.019473,-0.010167,0.129725,0.166023,0.109331,-0.363001,0.413868,23.863000
1.025,-0.018500,-0.023600,0.130000,-0.019474,-0.010168,0.129724,0.166030,0.109337,-0.363019,0.413888,16.314000
1.050,-0.018500,-0.023515,0.130000,-0.019474,-0.010166,0.129724,0.166037,0.109341,-0.363009,0.413883,19.819000
1.075,-0.018500,-0.023430,0.130000,-0.019472,-0.010162,0.129725,0.166035,0.109342,-0.362976,0.413854,17.078000
1.100,-0.018500,-0.023345,0.130000,-0.019471,-0.010158,0.129726,0.166021,0.109340,-0.362940,0.413816,21.008000
1.125,-0.018500,-0.023260,0.130000,-0.019471,-0.010155,0.129727,0.165993,0.109339,-0.362922,0.413789,16.868000
1.150,-0.018500,-0.023175,0.130000,-0.019474,-0.010152,0.129726,0.165960,0.109343,-0.362935,0.413788,22.546000
1.175,-0.018500,-0.023090,0.130000,-0.019479,-0.010151,0.129724,0.165931,0.109348,-0.362967,0.413806,17.041000
1.200,-0.018500,-0.023005,0.130000,-0.019484,-0.010151,0.129722,0.165914,0.109350,-0.362992,0.413822,22.213000
1.225,-0.018500,-0.022920,0.130000,-0.019487,-0.010152,0.129721,0.165906,0.109349,-0.362986,0.413812,17.164000
1.250,-0.018500,-0.022835,0.130000,-0.019488,-0.010152,0.129720,0.165898,0.109343,-0.362940,0.413768,22.624000
1.275,-0.018500,-0.022750,0.130000,-0.019487,-0.010149,0.129721,0.165886,0.109335,-0.362871,0.413700,17.370000
1.300,-0.018500,-0.022665,0.130000,-0.019485,-0.010146,0.129723,0.165867,0.109327,-0.362812,0.413639,19.868000
1.325,-0.018500,-0.022580,0.130000,-0.019485,-0.010144,0.129723,0.165841,0.109321,-0.362791,0.413608,17.353000
1.350,-0.018500,-0.022495,0.130000,-0.019488,-0.010144,0.129722,0.165815,0.109320,-0.362808,0.413613,22.393000
1.375,-0.018500,-0.022410,0.130000,-0.019492,-0.010146,0.129720,0.165797,0.109324,-0.362839,0.413633,17.323000
1.400,-0.018500,-0.022325,0.130000,-0.019496,-0.010147,0.129719,0.165788,0.109326,-0.362849,0.413639,21.807000
1.425,-0.018500,-0.022240,0.130000,-0.019497,-0.010146,0.129718,0.165784,0.109323,-0.362816,0.413607,17.143000
1.450,-0.018500,-0.022155,0.130000,-0.019496,-0.010145,0.129719,0.165776,0.109314,-0.362746,0.413541,23.407000
1.475,-0.018500,-0.022070,0.130000,-0.019494,-0.010142,0.129720,0.165761,0.109304,-0.362672,0.413467,16.795000
1.500,-0.018500,-0.021985,0.130000,-0.019493,-0.010139,0.129722,0.165740,0.109295,-0.362624,0.413414,21.139000
1.525,-0.018500,-0.021900,0.130000,-0.019494,-0.010138,0.129722,0.165714,0.109289,-0.362612,0.413392,16.713000
1.550,-0.018500,-0.021815,0.130000,-0.019496,-0.010140,0.129720,0.165690,0.109287,-0.362625,0.413393,21.216000
1.575,-0.018500,-0.021730,0.130000,-0.019500,-0.010142,0.129719,0.165674,0.109286,-0.362637,0.413397,17.232000
1.600,-0.018500,-0.021645,0.130000,-0.019503,-0.010144,0.129717,0.165668,0.109283,-0.362628,0.413386,21.921000
1.625,-0.018500,-0.021560,0.130000,-0.019503,-0.010144,0.129717,0.165671,0.109276,-0.362590,0.413352,16.895000
1.650,-0.018500,-0.021475,0.130000,-0.019501,-0.010144,0.129718,0.165678,0.109266,-0.362533,0.413302,21.766000
1.675,-0.018500,-0.021390,0.130000,-0.019498,-0.010144,0.129720,0.165683,0.109255,-0.362478,0.413253,17.048000
1.700,-0.018500,-0.021305,0.130000,-0.019495,-0.010144,0.129721,0.165681,0.109248,-0.362447,0.413223,18.675000
1.725,-0.018500,-0.021220,0.130000,-0.019494,-0.010145,0.129722,0.165676,0.109245,-0.362444,0.413218,17.655000
1.750,-0.018500,-0.021135,0.130000,-0.019494,-0.010146,0.129721,0.165675,0.109244,-0.362464,0.413234,18.912000
1.775,-0.018500,-0.021050,0.130000,-0.019495,-0.010149,0.129720,0.165682,0.109245,-0.362489,0.413259,17.278000
1.800,-0.018500,-0.020965,0.130000,-0.019496,-0.010151,0.129720,0.165700,0.109246,-0.362499,0.413276,19.279000
1.825,-0.018500,-0.020880,0.130000,-0.019494,-0.010153,0.129720,0.165724,0.109244,-0.362485,0.413272,17.636000
1.850,-0.018500,-0.020795,0.130000,-0.019490,-0.010153,0.129722,0.165746,0.109239,-0.362457,0.413256,18.943000
1.875,-0.018500,-0.020710,0.130000,-0.019486,-0.010153,0.129723,0.165758,0.109234,-0.362444,0.413248,16.786000
1.900,-0.018500,-0.020625,0.130000,-0.019484,-0.010155,0.129724,0.165760,0.109235,-0.362472,0.413273,19.686000
1.925,-0.018500,-0.020625,0.130000,-0.019485,-0.010157,0.129723,0.165760,0.109244,-0.362548,0.413342,16.947000
1.950,-0.018500,-0.020455,0.130000,-0.019488,-0.010161,0.129721,0.165772,0.109258,-0.362652,0.413442,19.034000
1.975,-0.018500,-0.020370,0.130000,-0.019491,-0.010165,0.129719,0.165800,0.109273,-0.362751,0.413544,17.231000
2.000,-0.018500,-0.020285,0.130000,-0.019492,-0.010168,0.129718,0.165839,0.109286,-0.362819,0.413623,20.056000
2.025,-0.018500,-0.020200,0.130000,-0.019490,-0.010169,0.129718,0.165880,0.109296,-0.362850,0.413669,17.086000
2.050,-0.018500,-0.020115,0.130000,-0.019486,-0.010167,0.129720,0.165914,0.109304,-0.362862,0.413695,19.599000
2.075,-0.018500,-0.020030,0.130000,-0.019482,-0.010165,0.129722,0.165937,0.109311,-0.362885,0.413727,17.113000
2.100,-0.018500,-0.019945,0.130000,-0.019486,-0.010173,0.129726,0.166029,0.109506,-0.363007,0.413922,18.958000
2.125,-0.018500,-0.019860,0.130000,-0.019470,-0.010384,0.129754,0.165879,0.110098,-0.363209,0.414196,17.217000
2.150,-0.018500,-0.019775,0.130000,-0.019440,-0.010665,0.129784,0.165698,0.110862,-0.363550,0.414626,21.191000
2.175,-0.018500,-0.019690,0.130000,-0.019425,-0.010627,0.129830,0.165363,0.111953,-0.363979,0.415162,17.039000
2.200,-0.018500,-0.019605,0.130000,-0.019408,-0.010818,0.129865,0.164930,0.113308,-0.364549,0.415857,20.508000
2.225,-0.018500,-0.019520,0.130000,-0.019399,-0.010685,0.129944,0.164683,0.114178,-0.365482,0.416814,17.046000
2.250,-0.018500,-0.019435,0.130000,-0.019363,-0.010989,0.129946,0.164225,0.115430,-0.366235,0.417639,20.848000
2.275,-0.018500,-0.019350,0.130000,-0.019403,-0.010837,0.129983,0.163736,0.117018,-0.367088,0.418636,17.137000
2.300,-0.018500,-0.019265,0.130000,-0.019342,-0.011001,0.130029,0.163286,0.118353,-0.368297,0.419896,19.523000
2.325,-0.018500,-0.019180,0.130000,-0.019287,-0.011590,0.130008,0.162498,0.120390,-0.369031,0.420813,17.269000
2.350,-0.018500,-0.019095,0.130000,-0.019333,-0.011020,0.130102,0.162107,0.122079,-0.370400,0.422349,18.276000
2.375,-0.018500,-0.019010,0.130000,-0.019369,-0.010977,0.130136,0.162179,0.123124,-0.371661,0.423785,16.986000
2.400,-0.018500,-0.018925,0.130000,-0.019295,-0.011212,0.130148,0.162366,0.124150,-0.372616,0.424993,16.948000
2.425,-0.018500,-0.018840,0.130000,-0.019203,-0.011619,0.130141,0.162284,0.125919,-0.372945,0.425770,17.503000
2.450,-0.018500,-0.018755,0.130000,-0.019021,-0.011879,0.130188,0.161889,0.128046,-0.373373,0.426627,20.910000
2.475,-0.018500,-0.018670,0.130000,-0.018971,-0.011530,0.130279,0.161749,0.129580,-0.374390,0.427927,17.054000
2.500,-0.018500,-0.018585,0.130000,-0.018907,-0.011945,0.130267,0.161859,0.130794,-0.375229,0.429071,16.537000
2.525,-0.018500,-0.018500,0.130000,-0.018854,-0.012067,0.130287,0.161874,0.132227,-0.375816,0.430028,17.261000
2.550,-0.018500,-0.018415,0.130000,-0.018722,-0.012243,0.130356,0.161822,0.133436,-0.376539,0.431014,19.240000
2.575,-0.018500,-0.018330,0.130000,-0.018599,-0.012635,0.130350,0.161309,0.135517,-0.376270,0.431236,17.288000
2.600,-0.018500,-0.018245,0.130000,-0.018560,-0.012732,0.130369,0.161381,0.137014,-0.376879,0.432267,18.304000
2.625,-0.018500,-0.018160,0.130000,-0.018520,-0.012686,0.130410,0.161330,0.138664,-0.377083,0.432951,17.374000
2.650,-0.018500,-0.018075,0.130000,-0.018425,-0.012778,0.130472,0.161384,0.140169,-0.377465,0.433788,21.174000
2.675,-0.018500,-0.017990,0.130000,-0.018366,-0.012856,0.130511,0.161599,0.141242,-0.377826,0.434529,17.374000
2.700,-0.018500,-0.017905,0.130000,-0.018264,-0.013035,0.130508,0.161650,0.142368,-0.377905,0.434984,18.753000
2.725,-0.018500,-0.017820,0.130000,-0.018184,-0.013124,0.130513,0.161338,0.143995,-0.377575,0.435117,17.626000
2.750,-0.018500,-0.017735,0.130000,-0.018120,-0.013147,0.130496,0.161039,0.145582,-0.377411,0.435393,21.534000
2.775,-0.018500,-0.017650,0.130000,-0.018094,-0.013170,0.130483,0.160880,0.146717,-0.377460,0.435757,16.977000
2.800,-0.018500,-0.017565,0.130000,-0.018133,-0.013049,0.130495,0.160740,0.148045,-0.377259,0.435981,20.526000
2.825,-0.018500,-0.017480,0.130000,-0.018199,-0.012640,0.130556,0.160714,0.148939,-0.377365,0.436367,17.653000
2.850,-0.018500,-0.017395,0.130000,-0.018076,-0.013029,0.130540,0.160319,0.150193,-0.377240,0.436544,21.632000
2.875,-0.018500,-0.017310,0.130000,-0.018089,-0.012830,0.130597,0.159984,0.151424,-0.377456,0.437032,17.233000
2.900,-0.018500,-0.017225,0.130000,-0.018127,-0.012999,0.130610,0.159924,0.152337,-0.377906,0.437716,19.377000
2.925,-0.018500,-0.017140,0.130000,-0.018167,-0.013045,0.130623,0.159701,0.153779,-0.378097,0.438303,17.755000
2.950,-0.018500,-0.017055,0.130000,-0.018126,-0.013017,0.130634,0.159684,0.154719,-0.378707,0.439154,21.382000
2.975,-0.018500,-0.016970,0.130000,-0.018053,-0.013228,0.130622,0.159439,0.156209,-0.378964,0.439814,17.492000
3.000,-0.018500,-0.016885,0.130000,-0.018115,-0.013198,0.130629,0.159637,0.157269,-0.379745,0.440935,20.882000
3.025,-0.018500,-0.016800,0.130000,-0.018144,-0.013008,0.130653,0.159742,0.158403,-0.380497,0.442026,18.261000
3.050,-0.018500,-0.016715,0.130000,-0.018109,-0.013088,0.130669,0.159946,0.159550,-0.381433,0.443317,20.678000
3.075,-0.018500,-0.016630,0.130000,-0.017973,-0.013534,0.130655,0.159983,0.160834,-0.382405,0.444630,17.863000
3.100,-0.018500,-0.016545,0.130000,-0.018060,-0.013288,0.130680,0.160253,0.161822,-0.383582,0.446097,19.097000
3.125,-0.018500,-0.016460,0.130000,-0.018027,-0.013481,0.130659,0.160481,0.162930,-0.384734,0.447572,17.896000
3.150,-0.018500,-0.016460,0.130000,-0.017977,-0.013513,0.130667,0.160418,0.164306,-0.385827,0.448991,17.896000
3.175,-0.018500,-0.016375,0.130000,-0.017983,-0.013403,0.130681,0.160343,0.165462,-0.387094,0.450477,17.487000
3.200,-0.018500,-0.016205,0.130000,-0.017913,-0.013688,0.130650,0.160483,0.166354,-0.388325,0.451912,17.732000
3.225,-0.018500,-0.016120,0.130000,-0.017966,-0.013482,0.130667,0.160539,0.167048,-0.389447,0.453152,18.221000
3.250,-0.018500,-0.016035,0.130000,-0.017774,-0.014125,0.130598,0.160506,0.167982,-0.390334,0.454248,22.549000
3.275,-0.018500,-0.015950,0.130000,-0.017604,-0.014563,0.130566,0.160196,0.169249,-0.391024,0.455201,17.497000
3.300,-0.018500,-0.015865,0.130000,-0.017852,-0.013881,0.130636,0.160345,0.169948,-0.392000,0.456352,24.104000
3.325,-0.018500,-0.015780,0.130000,-0.017907,-0.013757,0.130649,0.160550,0.170449,-0.393000,0.457470,17.378000
3.350,-0.018500,-0.015695,0.130000,-0.017837,-0.014006,0.130604,0.160617,0.171171,-0.393924,0.458556,21.413000
3.375,-0.018500,-0.015610,0.130000,-0.017779,-0.014076,0.130608,0.160798,0.171772,-0.394953,0.459728,21.747000
3.400,-0.018500,-0.015525,0.130000,-0.017764,-0.014269,0.130591,0.161111,0.172263,-0.396119,0.461022,24.374000
3.425,-0.018500,-0.015440,0.130000,-0.017713,-0.014430,0.130571,0.161142,0.173038,-0.397344,0.462376,18.702000
3.450,-0.018500,-0.015355,0.130000,-0.017776,-0.014169,0.130597,0.161441,0.173269,-0.398745,0.463770,19.713000
3.475,-0.018500,-0.015270,0.130000,-0.017648,-0.014573,0.130545,0.161560,0.173785,-0.400096,0.465166,23.021000
3.500,-0.018500,-0.015185,0.130000,-0.017741,-0.014339,0.130544,0.161805,0.173965,-0.401415,0.466453,21.868000
3.525,-0.018500,-0.015100,0.130000,-0.017733,-0.014449,0.130509,0.162044,0.174327,-0.402782,0.467848,22.558000
3.550,-0.018500,-0.015015,0.130000,-0.017804,-0.014374,0.130526,0.162294,0.174785,-0.404267,0.469384,21.705000
3.575,-0.018500,-0.014930,0.130000,-0.017684,-0.014715,0.130513,0.162391,0.175473,-0.405813,0.471005,21.666000
3.600,-0.018500,-0.014845,0.130000,-0.017765,-0.014565,0.130574,0.162750,0.175864,-0.407593,0.472808,21.209000
3.625,-0.018500,-0.014760,0.130000,-0.017737,-0.014789,0.130603,0.163155,0.176436,-0.409628,0.474915,20.429000
3.650,-0.018500,-0.014675,0.130000,-0.017822,-0.014645,0.130650,0.163807,0.176774,-0.411887,0.477213,21.617000
3.675,-0.018500,-0.014590,0.130000,-0.017770,-0.014943,0.130642,0.164256,0.177382,-0.413967,0.479388,22.455000
3.700,-0.018500,-0.014505,0.130000,-0.017849,-0.014771,0.130705,0.164775,0.177614,-0.415768,0.481208,22.029000
3.725,-0.018500,-0.014420,0.130000,-0.017872,-0.014867,0.130738,0.165268,0.177879,-0.417487,0.482959,22.970000
3.750,-0.018500,-0.014335,0.130000,-0.017938,-0.014803,0.130782,0.165775,0.178218,-0.419219,0.484756,19.898000
3.775,-0.018500,-0.014250,0.130000,-0.017733,-0.015366,0.130766,0.166011,0.178914,-0.420802,0.486460,27.769000
3.800,-0.018500,-0.014165,0.130000,-0.017825,-0.015141,0.130866,0.166351,0.179265,-0.422345,0.488041,17.504000
3.825,-0.018500,-0.014080,0.130000,-0.017834,-0.015215,0.130890,0.166487,0.179834,-0.423810,0.489564,28.022000
3.850,-0.018500,-0.013995,0.130000,-0.017888,-0.015102,0.130973,0.166725,0.180059,-0.425043,0.490795,19.908000
3.875,-0.018500,-0.013995,0.130000,-0.017888,-0.015341,0.130985,0.167005,0.180439,-0.426016,0.491873,19.908000
3.900,-0.018500,-0.013825,0.130000,-0.017899,-0.015353,0.131025,0.167261,0.180761,-0.426753,0.492716,20.444000
3.925,-0.018500,-0.013825,0.130000,-0.018047,-0.014944,0.131122,0.167644,0.180890,-0.427447,0.493494,27.769000
3.950,-0.018500,-0.013655,0.130000,-0.018022,-0.015111,0.131171,0.167987,0.181110,-0.428036,0.494202,18.438000
3.975,-0.018500,-0.013655,0.130000,-0.017898,-0.015454,0.131181,0.168028,0.181481,-0.428449,0.494709,18.438000
4.000,-0.018500,-0.013485,0.130000,-0.017981,-0.015223,0.131287,0.168141,0.181499,-0.428908,0.495152,17.221000
4.025,-0.018500,-0.013400,0.130000,-0.017975,-0.015380,0.131299,0.168213,0.181686,-0.429436,0.495702,20.145000
4.050,-0.018500,-0.013315,0.130000,-0.018033,-0.015320,0.131371,0.168293,0.181707,-0.429979,0.496207,20.633000
4.075,-0.018500,-0.013230,0.130000,-0.017997,-0.015602,0.131358,0.168385,0.181845,-0.430480,0.496723,24.801000
4.100,-0.018500,-0.013145,0.130000,-0.018179,-0.015165,0.131441,0.168530,0.181687,-0.430879,0.497061,18.067000
4.125,-0.018500,-0.013060,0.130000,-0.018298,-0.015051,0.131452,0.168854,0.181545,-0.431151,0.497354,25.518000
4.150,-0.018500,-0.012975,0.130000,-0.018301,-0.015144,0.131472,0.169158,0.181358,-0.431315,0.497532,17.829000
4.175,-0.018500,-0.012975,0.130000,-0.018034,-0.015971,0.131397,0.169175,0.181653,-0.431312,0.497643,17.829000
4.200,-0.018500,-0.012805,0.130000,-0.018185,-0.015524,0.131504,0.169304,0.181569,-0.431449,0.497774,17.634000
4.225,-0.018500,-0.012805,0.130000,-0.018180,-0.015611,0.131529,0.169460,0.181559,-0.431577,0.497935,17.634000
4.250,-0.018500,-0.012635,0.130000,-0.018281,-0.015581,0.131660,0.169803,0.181346,-0.431697,0.498078,18.401000
4.275,-0.018500,-0.012635,0.130000,-0.018281,-0.015581,0.131660,0.170060,0.181360,-0.431809,0.498268,18.401000
4.300,-0.018500,-0.012465,0.130000,-0.018211,-0.015764,0.131689,0.170144,0.181391,-0.431777,0.498281,18.231000
4.325,-0.018500,-0.012465,0.130000,-0.018345,-0.015452,0.131808,0.170306,0.181223,-0.431739,0.498241,27.041000
4.350,-0.018500,-0.012295,0.130000,-0.018310,-0.015561,0.131823,0.170485,0.180915,-0.431542,0.498020,18.154000
4.375,-0.018500,-0.012295,0.130000,-0.018398,-0.015386,0.131923,0.170819,0.180631,-0.431277,0.497802,18.154000
4.400,-0.018500,-0.012125,0.130000,-0.018432,-0.015453,0.131987,0.171078,0.180374,-0.431035,0.497588,18.359000
4.425,-0.018500,-0.012125,0.130000,-0.018265,-0.016057,0.131990,0.171109,0.180390,-0.430618,0.497243,18.359000
4.450,-0.018500,-0.011955,0.130000,-0.018397,-0.015651,0.132102,0.171230,0.180046,-0.430261,0.496851,18.658000
4.475,-0.018500,-0.011955,0.130000,-0.018480,-0.015635,0.132132,0.171529,0.179764,-0.429797,0.496450,27.743000
4.500,-0.018500,-0.011785,0.130000,-0.018618,-0.015508,0.132202,0.171949,0.179309,-0.429429,0.496112,18.681000
4.525,-0.018500,-0.011785,0.130000,-0.018505,-0.015870,0.132261,0.172013,0.179104,-0.428970,0.495663,18.681000
4.550,-0.018500,-0.011615,0.130000,-0.018619,-0.015532,0.132358,0.172059,0.178669,-0.428420,0.495046,18.813000
4.575,-0.018500,-0.011615,0.130000,-0.018617,-0.015642,0.132400,0.172248,0.178199,-0.427862,0.494459,18.813000
4.600,-0.018500,-0.011445,0.130000,-0.018802,-0.015396,0.132482,0.172431,0.177707,-0.427235,0.493803,17.710000
4.625,-0.018500,-0.011445,0.130000,-0.018648,-0.015960,0.132462,0.172766,0.177259,-0.426559,0.493175,17.710000
4.650,-0.018500,-0.011275,0.130000,-0.018752,-0.015784,0.132561,0.172929,0.176798,-0.425952,0.492542,18.171000
4.675,-0.018500,-0.011275,0.130000,-0.018775,-0.015891,0.132585,0.173277,0.176310,-0.425311,0.491934,18.171000
4.700,-0.018500,-0.011105,0.130000,-0.018900,-0.015714,0.132666,0.173642,0.175760,-0.424767,0.491396,17.630000
4.725,-0.018500,-0.011105,0.130000,-0.018732,-0.016191,0.132682,0.173855,0.175263,-0.424132,0.490745,17.630000
4.750,-0.018500,-0.010935,0.130000,-0.018892,-0.015845,0.132802,0.173898,0.174694,-0.423524,0.490032,17.193000
4.775,-0.018500,-0.010850,0.130000,-0.018804,-0.016247,0.132802,0.174109,0.174109,-0.422807,0.489279,20.401000
4.800,-0.018500,-0.010765,0.130000,-0.019063,-0.015740,0.132919,0.174152,0.173612,-0.421995,0.488416,18.623000
4.825,-0.018500,-0.010765,0.130000,-0.019195,-0.015498,0.132986,0.174666,0.172734,-0.421328,0.487712,18.623000
4.850,-0.018500,-0.010595,0.130000,-0.019226,-0.015525,0.133061,0.175020,0.171933,-0.420666,0.486983,16.986000
4.875,-0.018500,-0.010595,0.130000,-0.018984,-0.016351,0.132996,0.174867,0.171402,-0.419764,0.485962,16.986000
4.900,-0.018500,-0.010425,0.130000,-0.019068,-0.016101,0.133081,0.174714,0.170705,-0.418778,0.484809,18.212000
4.925,-0.018500,-0.010425,0.130000,-0.019183,-0.015825,0.133144,0.174597,0.170069,-0.417654,0.483572,27.590000
4.950,-0.018500,-0.010255,0.130000,-0.019374,-0.015355,0.133235,0.174772,0.169288,-0.416565,0.482421,18.457000
4.975,-0.018500,-0.010255,0.130000,-0.019544,-0.014963,0.133337,0.175269,0.168426,-0.415559,0.481431,18.457000
5.000,-0.018500,-0.010085,0.130000,-0.019238,-0.015878,0.133303,0.175381,0.167786,-0.414384,0.480234,18.278000
5.025,-0.018500,-0.010085,0.130000,-0.019348,-0.015639,0.133397,0.175584,0.167062,-0.413191,0.479026,18.278000
5.050,-0.018500,-0.009915,0.130000,-0.019299,-0.015820,0.133442,0.175772,0.166192,-0.412077,0.477832,17.803000
5.075,-0.018500,-0.009915,0.130000,-0.019224,-0.016198,0.133435,0.176096,0.165268,-0.410850,0.476573,17.803000
5.100,-0.018500,-0.009745,0.130000,-0.019454,-0.015624,0.133569,0.176179,0.164455,-0.409408,0.475078,17.911000
5.125,-0.018500,-0.009745,0.130000,-0.019375,-0.015954,0.133591,0.176466,0.163506,-0.408036,0.473674,27.198000
5.150,-0.018500,-0.009575,0.130000,-0.019381,-0.015974,0.133682,0.176527,0.162586,-0.406709,0.472237,16.697000
5.175,-0.018500,-0.009490,0.130000,-0.019630,-0.015361,0.133824,0.176688,0.161671,-0.405273,0.470746,20.829000
5.200,-0.018500,-0.009405,0.130000,-0.019452,-0.016032,0.133803,0.176782,0.160679,-0.403892,0.469253,17.645000
5.225,-0.018500,-0.009320,0.130000,-0.019392,-0.016446,0.133788,0.176657,0.159766,-0.402445,0.467648,27.777000
5.250,-0.018500,-0.009235,0.130000,-0.019673,-0.015835,0.133931,0.176463,0.158918,-0.401018,0.466057,17.375000
5.275,-0.018500,-0.009150,0.130000,-0.019950,-0.015117,0.134071,0.176490,0.157901,-0.399796,0.464670,19.718000
5.300,-0.018500,-0.009065,0.130000,-0.019760,-0.016039,0.133984,0.176373,0.156941,-0.398620,0.463288,16.753000
5.325,-0.018500,-0.008980,0.130000,-0.019642,-0.016594,0.133945,0.176241,0.156062,-0.397257,0.461768,23.490000
5.350,-0.018500,-0.008895,0.130000,-0.020002,-0.015603,0.134093,0.176491,0.154942,-0.395896,0.460315,17.640000
5.375,-0.018500,-0.008895,0.130000,-0.020088,-0.015679,0.134087,0.176398,0.154015,-0.394246,0.458549,17.640000
5.400,-0.018500,-0.008725,0.130000,-0.020004,-0.016138,0.134046,0.176112,0.153156,-0.392386,0.456551,17.736000
5.425,-0.018500,-0.008640,0.130000,-0.020212,-0.015351,0.134188,0.175890,0.152036,-0.390489,0.454460,23.184000
5.450,-0.018500,-0.008555,0.130000,-0.020000,-0.016239,0.134095,0.175347,0.151111,-0.388381,0.452129,17.228000
5.475,-0.018500,-0.008470,0.130000,-0.020124,-0.016102,0.134127,0.175320,0.149936,-0.386422,0.450045,27.803000
5.500,-0.018500,-0.008385,0.130000,-0.020225,-0.015822,0.134207,0.174937,0.148920,-0.384390,0.447812,17.342000
5.525,-0.018500,-0.008385,0.130000,-0.020205,-0.016006,0.134197,0.174708,0.147689,-0.382383,0.445591,27.652000
5.550,-0.018500,-0.008215,0.130000,-0.020225,-0.016005,0.134211,0.174466,0.146439,-0.380218,0.443225,17.079000
5.575,-0.018500,-0.008215,0.130000,-0.020118,-0.016670,0.134127,0.174122,0.145345,-0.377873,0.440717,17.079000
5.600,-0.018500,-0.008045,0.130000,-0.020444,-0.015713,0.134289,0.173710,0.144236,-0.375545,0.438193,17.377000
5.625,-0.018500,-0.007960,0.130000,-0.020788,-0.014700,0.134460,0.173688,0.142935,-0.373528,0.436029,22.599000
5.650,-0.018500,-0.007875,0.130000,-0.020623,-0.015639,0.134390,0.173366,0.141874,-0.371467,0.433788,17.659000
5.675,-0.018500,-0.007875,0.130000,-0.020945,-0.014607,0.134580,0.173361,0.140608,-0.369674,0.431838,17.659000
5.700,-0.018500,-0.007705,0.130000,-0.020616,-0.016089,0.134455,0.172713,0.139653,-0.367676,0.429556,17.017000
5.725,-0.018500,-0.007620,0.130000,-0.020904,-0.015226,0.134601,0.172561,0.138217,-0.366001,0.427596,18.597000
5.750,-0.018500,-0.007535,0.130000,-0.020821,-0.015781,0.134590,0.171925,0.137146,-0.363922,0.425213,17.008000
5.775,-0.018500,-0.007450,0.130000,-0.021318,-0.014434,0.134749,0.172611,0.135587,-0.362204,0.423521,18.751000
5.800,-0.018500,-0.007365,0.130000,-0.020843,-0.016294,0.134594,0.172176,0.134407,-0.359993,0.421076,16.710000
5.825,-0.018500,-0.007280,0.130000,-0.021109,-0.015557,0.134748,0.172067,0.133005,-0.357970,0.418856,19.095000
5.850,-0.018500,-0.007195,0.130000,-0.021267,-0.015173,0.134815,0.171584,0.131750,-0.355728,0.416343,16.401000
5.875,-0.018500,-0.007110,0.130000,-0.021781,-0.013221,0.135018,0.171931,0.130131,-0.353787,0.414318,18.203000
5.900,-0.018500,-0.007025,0.130000,-0.021261,-0.015605,0.134772,0.171560,0.128608,-0.351639,0.411853,16.895000
5.925,-0.018500,-0.006940,0.130000,-0.021286,-0.016100,0.134663,0.171000,0.127287,-0.349331,0.409237,17.398000
5.950,-0.018500,-0.006855,0.130000,-0.021515,-0.015455,0.134705,0.170777,0.125768,-0.347084,0.406755,16.922000
5.975,-0.018500,-0.006770,0.130000,-0.021487,-0.015949,0.134594,0.170251,0.124356,-0.344630,0.404004,17.273000
6.000,-0.018500,-0.006685,0.130000,-0.021682,-0.015007,0.134672,0.169884,0.122661,-0.342246,0.401296,16.833000
6.025,-0.018500,-0.006600,0.130000,-0.021397,-0.016420,0.134428,0.168845,0.121296,-0.339450,0.398055,17.829000
6.050,-0.018500,-0.006515,0.130000,-0.021885,-0.014759,0.134516,0.168636,0.119503,-0.336677,0.395058,16.723000
6.075,-0.018500,-0.006430,0.130000,-0.021671,-0.015935,0.134294,0.167927,0.117980,-0.333459,0.391553,17.992000
6.100,-0.018500,-0.006345,0.130000,-0.021882,-0.015036,0.134321,0.167407,0.116196,-0.330242,0.388054,16.334000
6.125,-0.018500,-0.006260,0.130000,-0.021709,-0.016073,0.134130,0.166564,0.114619,-0.326919,0.384392,17.360000
6.150,-0.018500,-0.006175,0.130000,-0.022005,-0.014844,0.134191,0.165956,0.112818,-0.323648,0.380811,17.193000
6.175,-0.018500,-0.006090,0.130000,-0.021888,-0.015814,0.133978,0.165288,0.111198,-0.320269,0.377170,17.876000
6.200,-0.018500,-0.006005,0.130000,-0.022175,-0.014524,0.134043,0.164541,0.109640,-0.317078,0.373675,16.727000
6.225,-0.018500,-0.005920,0.130000,-0.022181,-0.014575,0.133956,0.163954,0.107720,-0.314158,0.370378,17.278000
6.250,-0.018500,-0.005835,0.130000,-0.022150,-0.014575,0.133805,0.162746,0.106163,-0.311055,0.366759,16.379000
6.275,-0.018500,-0.005750,0.130000,-0.022345,-0.014336,0.133644,0.162294,0.104126,-0.308031,0.363407,16.494000
6.300,-0.018500,-0.005665,0.130000,-0.022263,-0.014326,0.133455,0.161188,0.102542,-0.304837,0.359752,16.829000
6.325,-0.018500,-0.005580,0.130000,-0.022355,-0.014081,0.133313,0.160903,0.100254,-0.301701,0.356320,16.881000
6.350,-0.018500,-0.005495,0.130000,-0.022128,-0.014097,0.133132,0.159446,0.098544,-0.298384,0.352373,16.862000
6.375,-0.018500,-0.005410,0.130000,-0.022124,-0.013937,0.132996,0.157617,0.096319,-0.295088,0.348134,16.422000
6.400,-0.018500,-0.005325,0.130000,-0.022134,-0.013404,0.132800,0.155279,0.094362,-0.291752,0.343707,16.339000
6.425,-0.018500,-0.005325,0.130000,-0.022250,-0.013713,0.132522,0.153022,0.092140,-0.288246,0.339103,16.570000
6.450,-0.018500,-0.005155,0.130000,-0.022483,-0.013057,0.132246,0.151083,0.090208,-0.284680,0.334674,17.191000
6.475,-0.018500,-0.005070,0.130000,-0.022613,-0.012878,0.132041,0.149437,0.087914,-0.281091,0.330261,16.341000
6.500,-0.018500,-0.004985,0.130000,-0.022578,-0.012711,0.131814,0.148217,0.085433,-0.277476,0.325976,16.092000
6.525,-0.018500,-0.004900,0.130000,-0.022388,-0.013675,0.131552,0.146642,0.083504,-0.273952,0.321756,16.663000
6.550,-0.018500,-0.004815,0.130000,-0.022380,-0.012689,0.131444,0.145127,0.081817,-0.270664,0.317828,16.700000
6.575,-0.018500,-0.004730,0.130000,-0.022321,-0.012308,0.131335,0.143283,0.079300,-0.267547,0.313688,16.610000
6.600,-0.018500,-0.004645,0.130000,-0.022237,-0.012205,0.131087,0.141207,0.076951,-0.264730,0.309747,16.539000
6.625,-0.018500,-0.004560,0.130000,-0.022288,-0.012851,0.130790,0.139200,0.075117,-0.262046,0.306084,16.713000
6.650,-0.018500,-0.004475,0.130000,-0.022262,-0.011684,0.130681,0.137325,0.072762,-0.259302,0.302307,16.263000
6.675,-0.018500,-0.004390,0.130000,-0.022221,-0.012492,0.130392,0.135740,0.070964,-0.256586,0.298827,16.845000
6.700,-0.018500,-0.004305,0.130000,-0.022138,-0.011531,0.130332,0.134270,0.068492,-0.253696,0.295095,16.246000
6.725,-0.018500,-0.004220,0.130000,-0.022013,-0.011288,0.130205,0.132765,0.066748,-0.251168,0.291834,17.579000
6.750,-0.018500,-0.004135,0.130000,-0.021933,-0.011052,0.130111,0.131037,0.064288,-0.248591,0.288273,16.521000
6.775,-0.018500,-0.004050,0.130000,-0.021779,-0.010772,0.129965,0.129433,0.062402,-0.246331,0.285177,17.314000
6.800,-0.018500,-0.003965,0.130000,-0.021783,-0.010981,0.129838,0.127912,0.060848,-0.244128,0.282246,16.474000
6.825,-0.018500,-0.003880,0.130000,-0.021582,-0.009882,0.129850,0.126108,0.058388,-0.241707,0.278809,17.310000
6.850,-0.018500,-0.003795,0.130000,-0.021644,-0.010545,0.129665,0.124358,0.056006,-0.239466,0.275582,16.799000
6.875,-0.018500,-0.003710,0.130000,-0.021674,-0.011051,0.129470,0.122809,0.054304,-0.237349,0.272700,16.979000
6.900,-0.018500,-0.003625,0.130000,-0.021536,-0.010315,0.129481,0.121174,0.052174,-0.235105,0.269592,16.709000
6.925,-0.018500,-0.003540,0.130000,-0.021526,-0.010532,0.129369,0.119726,0.050378,-0.233088,0.266838,17.290000
6.950,-0.018500,-0.003455,0.130000,-0.021374,-0.009900,0.129420,0.118083,0.048183,-0.231080,0.263938,16.862000
6.975,-0.018500,-0.003370,0.130000,-0.021398,-0.010169,0.129332,0.116586,0.046584,-0.229398,0.261507,17.195000
7.000,-0.018500,-0.003285,0.130000,-0.021236,-0.009403,0.129403,0.114887,0.044277,-0.227478,0.258662,16.889000
7.025,-0.018500,-0.003200,0.130000,-0.021307,-0.009777,0.129298,0.113568,0.042588,-0.225842,0.256352,17.445000
7.050,-0.018500,-0.003115,0.130000,-0.021132,-0.009164,0.129348,0.112266,0.040994,-0.224066,0.253948,16.773000
7.075,-0.018500,-0.003030,0.130000,-0.021079,-0.009010,0.129359,0.110624,0.038702,-0.222116,0.251140,16.887000
7.100,-0.018500,-0.002945,0.130000,-0.021013,-0.008830,0.129350,0.109287,0.037180,-0.220591,0.248971,17.153000
7.125,-0.018500,-0.002860,0.130000,-0.020997,-0.008733,0.129335,0.107663,0.035010,-0.218802,0.246356,16.848000
7.150,-0.018500,-0.002775,0.130000,-0.020945,-0.008522,0.129370,0.106093,0.032722,-0.217270,0.243993,16.810000
7.175,-0.018500,-0.002690,0.130000,-0.020896,-0.008365,0.129399,0.104890,0.031268,-0.216003,0.242151,17.393000
7.200,-0.018500,-0.002605,0.130000,-0.020861,-0.008204,0.129410,0.103239,0.029080,-0.214497,0.239818,16.769000
7.225,-0.018500,-0.002520,0.130000,-0.020982,-0.008486,0.129374,0.101918,0.027431,-0.213552,0.238210,19.136000
7.250,-0.018500,-0.002435,0.130000,-0.020862,-0.008025,0.129468,0.100399,0.025490,-0.212399,0.236311,17.940000
7.275,-0.018500,-0.002350,0.130000,-0.020959,-0.008222,0.129400,0.099208,0.023919,-0.211334,0.234684,18.358000
7.300,-0.018500,-0.002265,0.130000,-0.020782,-0.007637,0.129502,0.098030,0.022369,-0.210115,0.232935,18.022000
7.325,-0.018500,-0.002180,0.130000,-0.020590,-0.007091,0.129593,0.096428,0.020031,-0.208534,0.230621,18.478000
7.350,-0.018500,-0.002095,0.130000,-0.020743,-0.007444,0.129505,0.095251,0.018330,-0.207229,0.228807,17.933000
7.375,-0.018500,-0.002010,0.130000,-0.020545,-0.006962,0.129641,0.093648,0.016112,-0.205552,0.226453,17.785000
7.400,-0.018500,-0.001925,0.130000,-0.020672,-0.007253,0.129572,0.092115,0.013937,-0.203930,0.224202,18.241000
7.425,-0.018500,-0.001840,0.130000,-0.020793,-0.007515,0.129511,0.090918,0.012328,-0.202432,0.222254,18.241000
7.450,-0.018500,-0.001755,0.130000,-0.020598,-0.006951,0.129634,0.089791,0.010947,-0.200907,0.220331,18.067000
7.475,-0.018500,-0.001670,0.130000,-0.020545,-0.006748,0.129695,0.088023,0.008442,-0.199066,0.217822,18.256000
7.500,-0.018500,-0.001585,0.130000,-0.020581,-0.006715,0.129727,0.086966,0.006860,-0.197983,0.216350,17.688000
7.525,-0.018500,-0.001500,0.130000,-0.020581,-0.006636,0.129747,0.085337,0.004528,-0.196471,0.214251,17.677000
7.550,-0.018500,-0.001415,0.130000,-0.020592,-0.006496,0.129757,0.083789,0.002039,-0.195243,0.212473,17.290000
7.575,-0.018500,-0.001330,0.130000,-0.020840,-0.006946,0.129633,0.082817,0.000395,-0.194400,0.211306,17.424000
7.600,-0.018500,-0.001245,0.130000,-0.020727,-0.006525,0.129703,0.081975,-0.000747,-0.193588,0.210230,16.792000
7.625,-0.018500,-0.001160,0.130000,-0.020459,-0.005841,0.129822,0.080637,-0.002398,-0.192628,0.208838,17.199000
7.650,-0.018500,-0.001075,0.130000,-0.020577,-0.005888,0.129803,0.079801,-0.003422,-0.192131,0.208073,17.207000
7.675,-0.018500,-0.000990,0.130000,-0.020490,-0.005613,0.129835,0.078525,-0.005041,-0.191318,0.206868,17.164000
7.700,-0.018500,-0.000905,0.130000,-0.020343,-0.005131,0.129921,0.077726,-0.006077,-0.190856,0.206166,16.870000
7.725,-0.018500,-0.000820,0.130000,-0.019977,-0.004344,0.130075,0.076589,-0.007586,-0.189960,0.204959,18.405000
7.750,-0.018500,-0.000735,0.130000,-0.020113,-0.004435,0.130031,0.076192,-0.008190,-0.189146,0.204080,17.073000
7.775,-0.018500,-0.000650,0.130000,-0.019621,-0.003614,0.130214,0.075196,-0.009393,-0.187928,0.202631,18.004000
7.800,-0.018500,-0.000565,0.130000,-0.019598,-0.003451,0.130225,0.074559,-0.010204,-0.186859,0.201444,17.297000
7.825,-0.018500,-0.000480,0.130000,-0.019409,-0.003083,0.130289,0.073495,-0.011584,-0.185536,0.199898,16.489000
7.850,-0.018500,-0.000395,0.130000,-0.019316,-0.002791,0.130322,0.072611,-0.012869,-0.184436,0.198632,17.330000
7.875,-0.018500,-0.000310,0.130000,-0.019229,-0.002521,0.130332,0.071895,-0.013711,-0.183433,0.197495,16.160000
7.900,-0.018500,-0.000225,0.130000,-0.019173,-0.002305,0.130337,0.071080,-0.014543,-0.182404,0.196304,16.663000
7.925,-0.018500,-0.000140,0.130000,-0.019197,-0.002191,0.130333,0.069981,-0.015819,-0.181327,0.195005,16.180000
7.950,-0.018500,-0.000055,0.130000,-0.019228,-0.002026,0.130328,0.069319,-0.016651,-0.180459,0.194030,17.030000
7.975,-0.018500,0.000030,0.130000,-0.019047,-0.001664,0.130396,0.068411,-0.017919,-0.179524,0.192951,16.383000
8.000,-0.018500,0.000115,0.130000,-0.019335,-0.001948,0.130312,0.068156,-0.018521,-0.178774,0.192220,16.834000
8.025,-0.018500,0.000200,0.130000,-0.018899,-0.001297,0.130408,0.067246,-0.020151,-0.177706,0.191070,16.346000
8.050,-0.018500,0.000285,0.130000,-0.019115,-0.001479,0.130340,0.066755,-0.021689,-0.176880,0.190298,17.093000
8.075,-0.018500,0.000370,0.130000,-0.019179,-0.001576,0.130311,0.066547,-0.022656,-0.176039,0.189556,16.551000
8.100,-0.018500,0.000455,0.130000,-0.018969,-0.001285,0.130356,0.066495,-0.023321,-0.175165,0.188808,16.285000
8.125,-0.018500,0.000540,0.130000,-0.018755,-0.001068,0.130406,0.066128,-0.024299,-0.174300,0.187999,16.568000
8.150,-0.018500,0.000625,0.130000,-0.018555,-0.000787,0.130456,0.065790,-0.025182,-0.173686,0.187428,15.903000
8.175,-0.018500,0.000710,0.130000,-0.018469,-0.000646,0.130477,0.065151,-0.026584,-0.173128,0.186881,16.522000
8.200,-0.018500,0.000795,0.130000,-0.018592,-0.000595,0.130439,0.064977,-0.027756,-0.172790,0.186679,16.462000
8.225,-0.018500,0.000880,0.130000,-0.018665,-0.000666,0.130410,0.064928,-0.028988,-0.172308,0.186403,16.729000
8.250,-0.018500,0.000965,0.130000,-0.018633,-0.000508,0.130390,0.065043,-0.029867,-0.171704,0.186024,16.185000
8.275,-0.018500,0.001050,0.130000,-0.018365,-0.000204,0.130448,0.064771,-0.030712,-0.170939,0.185361,16.179000
8.300,-0.018500,0.001135,0.130000,-0.018347,-0.000118,0.130447,0.064460,-0.031364,-0.170153,0.184637,16.365000
8.325,-0.018500,0.001220,0.130000,-0.018248,0.000143,0.130456,0.064412,-0.031469,-0.169472,0.184011,16.480000
8.350,-0.018500,0.001305,0.130000,-0.018088,0.000401,0.130491,0.064386,-0.031505,-0.168878,0.183461,16.118000
8.375,-0.018500,0.001390,0.130000,-0.017935,0.000649,0.130500,0.064236,-0.032022,-0.168147,0.182825,16.047000
8.400,-0.018500,0.001475,0.130000,-0.017894,0.000875,0.130499,0.064134,-0.032427,-0.167431,0.182203,16.344000
8.425,-0.018500,0.001560,0.130000,-0.017871,0.000986,0.130492,0.064013,-0.033062,-0.166500,0.181419,15.975000
8.450,-0.018500,0.001645,0.130000,-0.017892,0.001112,0.130457,0.063983,-0.033362,-0.165460,0.180510,16.183000
8.475,-0.018500,0.001730,0.130000,-0.017872,0.001310,0.130411,0.063961,-0.033785,-0.164224,0.179449,16.093000
8.500,-0.018500,0.001815,0.130000,-0.017816,0.001384,0.130416,0.063797,-0.033932,-0.163026,0.178322,16.065000
8.525,-0.018500,0.001900,0.130000,-0.017800,0.001491,0.130402,0.063564,-0.034001,-0.161739,0.177076,16.018000
8.550,-0.018500,0.001985,0.130000,-0.017821,0.001662,0.130367,0.063230,-0.033551,-0.160550,0.175784,16.144000
8.575,-0.018500,0.002070,0.130000,-0.017836,0.001900,0.130357,0.062884,-0.033097,-0.159507,0.174621,16.364000
8.600,-0.018500,0.002155,0.130000,-0.017882,0.002089,0.130310,0.062679,-0.032924,-0.158432,0.173532,16.013000
8.625,-0.018500,0.002240,0.130000,-0.017895,0.002269,0.130269,0.062522,-0.033004,-0.157379,0.172529,16.407000
8.650,-0.018500,0.002325,0.130000,-0.017925,0.002324,0.130225,0.062453,-0.033229,-0.156310,0.171573,15.946000
8.675,-0.018500,0.002410,0.130000,-0.017980,0.002380,0.130164,0.062511,-0.033573,-0.155226,0.170675,16.283000
8.700,-0.018500,0.002495,0.130000,-0.017950,0.002391,0.130169,0.062562,-0.033825,-0.154299,0.169901,15.991000
8.725,-0.018500,0.002580,0.130000,-0.017953,0.002451,0.130158,0.062540,-0.033866,-0.153574,0.169242,18.094000
8.750,-0.018500,0.002665,0.130000,-0.017958,0.002501,0.130163,0.062522,-0.033787,-0.153021,0.168719,16.665000
8.775,-0.018500,0.002750,0.130000,-0.018002,0.002616,0.130135,0.062615,-0.033913,-0.152475,0.168284,16.526000
8.800,-0.018500,0.002835,0.130000,-0.017971,0.002672,0.130149,0.062769,-0.034220,-0.151934,0.167913,16.053000
8.825,-0.018500,0.002920,0.130000,-0.017975,0.002686,0.130146,0.062875,-0.034620,-0.151423,0.167573,16.343000
8.850,-0.018500,0.003005,0.130000,-0.018014,0.002740,0.130132,0.063056,-0.035129,-0.150938,0.167309,16.045000
8.875,-0.018500,0.003090,0.130000,-0.018063,0.002742,0.130120,0.063397,-0.035717,-0.150478,0.167148,15.976000
8.900,-0.018500,0.003175,0.130000,-0.018008,0.002750,0.130148,0.063765,-0.036419,-0.150108,0.167107,16.140000
8.925,-0.018500,0.003260,0.130000,-0.017998,0.002731,0.130156,0.064082,-0.037023,-0.149815,0.167098,16.274000
8.950,-0.018500,0.003345,0.130000,-0.017975,0.002794,0.130170,0.064336,-0.037511,-0.149603,0.167115,16.213000
8.975,-0.018500,0.003430,0.130000,-0.017997,0.002804,0.130157,0.064697,-0.038033,-0.149319,0.167118,16.381000
9.000,-0.018500,0.003515,0.130000,-0.017982,0.002889,0.130156,0.065070,-0.038619,-0.149027,0.167136,16.479000
9.025,-0.018500,0.003600,0.130000,-0.017982,0.002991,0.130159,0.065384,-0.039252,-0.148697,0.167112,16.376000
9.050,-0.018500,0.003685,0.130000,-0.017973,0.003001,0.130170,0.065776,-0.039957,-0.148279,0.167062,16.184000
9.075,-0.018500,0.003770,0.130000,-0.017918,0.003032,0.130184,0.066187,-0.040468,-0.147790,0.166914,16.265000
9.100,-0.018500,0.003855,0.130000,-0.017873,0.003160,0.130197,0.066345,-0.040680,-0.147293,0.166589,16.106000
9.125,-0.018500,0.003940,0.130000,-0.017867,0.003253,0.130213,0.066490,-0.040849,-0.146771,0.166227,16.542000
9.150,-0.018500,0.004025,0.130000,-0.017915,0.003403,0.130201,0.066749,-0.041029,-0.146202,0.165873,15.815000
9.175,-0.018500,0.004110,0.130000,-0.017898,0.003570,0.130191,0.066864,-0.041084,-0.145805,0.165583,16.461000
9.200,-0.018500,0.004195,0.130000,-0.017908,0.003683,0.130187,0.067117,-0.041220,-0.145472,0.165426,16.122000
9.225,-0.018500,0.004280,0.130000,-0.017883,0.003796,0.130179,0.067261,-0.041121,-0.145227,0.165245,16.240000
9.250,-0.018500,0.004365,0.130000,-0.017931,0.003965,0.130137,0.067292,-0.040808,-0.145039,0.165015,16.271000
9.275,-0.018500,0.004450,0.130000,-0.018004,0.004152,0.130087,0.067298,-0.040575,-0.144815,0.164762,15.977000
9.300,-0.018500,0.004535,0.130000,-0.018054,0.004280,0.130052,0.067191,-0.040324,-0.144565,0.164437,16.430000
9.325,-0.018500,0.004620,0.130000,-0.018142,0.004352,0.130024,0.067150,-0.040014,-0.144263,0.164079,16.167000
9.350,-0.018500,0.004705,0.130000,-0.018231,0.004484,0.129998,0.067042,-0.039637,-0.143924,0.163645,16.088000
9.375,-0.018500,0.004790,0.130000,-0.018291,0.004586,0.129973,0.067094,-0.039386,-0.143405,0.163150,16.125000
9.400,-0.018500,0.004875,0.130000,-0.018298,0.004730,0.129977,0.067135,-0.039365,-0.142836,0.162662,16.166000
9.425,-0.018500,0.004960,0.130000,-0.018286,0.004780,0.129989,0.067196,-0.039465,-0.142260,0.162206,16.249000
9.450,-0.018500,0.005045,0.130000,-0.018316,0.004811,0.129996,0.067315,-0.039575,-0.141754,0.161838,16.107000
9.475,-0.018500,0.005130,0.130000,-0.018342,0.004835,0.130001,0.067496,-0.039641,-0.141379,0.161602,16.119000
9.500,-0.018500,0.005215,0.130000,-0.018281,0.004889,0.130024,0.067554,-0.039594,-0.141189,0.161448,16.232000
9.525,-0.018500,0.005300,0.130000,-0.018270,0.004965,0.130022,0.067664,-0.039559,-0.141063,0.161376,16.447000
9.550,-0.018500,0.005385,0.130000,-0.018259,0.005034,0.130022,0.067878,-0.039554,-0.140940,0.161356,16.219000
9.575,-0.018500,0.005470,0.130000,-0.018284,0.005172,0.130010,0.068045,-0.039491,-0.140862,0.161344,16.571000
9.600,-0.018500,0.005555,0.130000,-0.018231,0.005249,0.130024,0.068104,-0.039263,-0.140799,0.161258,16.349000
9.625,-0.018500,0.005640,0.130000,-0.018233,0.005349,0.130019,0.068196,-0.039081,-0.140639,0.161112,16.541000
9.650,-0.018500,0.005725,0.130000,-0.018244,0.005461,0.130013,0.068252,-0.038903,-0.140342,0.160834,16.130000
9.675,-0.018500,0.005810,0.130000,-0.018250,0.005532,0.130012,0.068365,-0.038832,-0.139902,0.160481,16.717000
9.700,-0.018500,0.005895,0.130000,-0.018246,0.005617,0.130023,0.068421,-0.038731,-0.139429,0.160069,15.973000
9.725,-0.018500,0.005980,0.130000,-0.018242,0.005682,0.130031,0.068547,-0.038630,-0.138963,0.159692,16.453000
9.750,-0.018500,0.006065,0.130000,-0.018232,0.005758,0.130042,0.068700,-0.038557,-0.138558,0.159388,16.307000
9.775,-0.018500,0.006150,0.130000,-0.018196,0.005828,0.130052,0.068886,-0.038347,-0.138230,0.159133,16.291000
9.800,-0.018500,0.006235,0.130000,-0.018167,0.005943,0.130058,0.069058,-0.037898,-0.137970,0.158874,16.368000
9.825,-0.018500,0.006320,0.130000,-0.018144,0.006078,0.130054,0.069130,-0.037016,-0.137738,0.158496,16.275000
9.850,-0.018500,0.006405,0.130000,-0.018078,0.006262,0.130050,0.069184,-0.036007,-0.137439,0.158026,16.740000
9.875,-0.018500,0.006490,0.130000,-0.018081,0.006454,0.130022,0.069161,-0.035110,-0.137005,0.157436,16.361000
9.900,-0.018500,0.006575,0.130000,-0.018063,0.006606,0.130008,0.069118,-0.034348,-0.136365,0.156692,16.470000
9.925,-0.018500,0.006660,0.130000,-0.018118,0.006712,0.129983,0.069212,-0.033615,-0.135491,0.155814,16.083000
9.950,-0.018500,0.006745,0.130000,-0.018062,0.006827,0.129987,0.069190,-0.032899,-0.134455,0.154750,15.881000
9.975,-0.018500,0.006830,0.130000,-0.018040,0.006892,0.129993,0.069220,-0.032363,-0.133383,0.153720,16.550000
10.000,-0.018500,0.006915,0.130000,-0.018047,0.006939,0.130017,0.068907,-0.032438,-0.132638,0.152948,16.150000
10.025,-0.018500,0.007000,0.130000,-0.018249,0.006857,0.129978,0.067524,-0.032479,-0.132456,0.152181,16.718000
10.050,-0.018500,0.007085,0.130000,-0.018702,0.006723,0.129865,0.065176,-0.031688,-0.132807,0.151293,16.237000
10.075,-0.018500,0.007170,0.130000,-0.019515,0.006575,0.129627,0.063363,-0.029989,-0.133075,0.150410,16.885000
10.100,-0.018500,0.007255,0.130000,-0.019997,0.006696,0.129482,0.061938,-0.028178,-0.132956,0.149357,16.365000
10.125,-0.018500,0.007340,0.130000,-0.020276,0.006885,0.129387,0.060625,-0.026656,-0.132672,0.148282,16.486000
10.150,-0.018500,0.007425,0.130000,-0.020394,0.007123,0.129333,0.058804,-0.025527,-0.132217,0.146939,16.204000
10.175,-0.018500,0.007510,0.130000,-0.020513,0.007345,0.129314,0.057028,-0.024761,-0.131697,0.145634,16.620000
10.200,-0.018500,0.007595,0.130000,-0.020575,0.007539,0.129345,0.055324,-0.024410,-0.131137,0.144408,16.440000
10.225,-0.018500,0.007680,0.130000,-0.020657,0.007614,0.129345,0.054044,-0.024134,-0.130617,0.143401,16.812000
10.250,-0.018500,0.007765,0.130000,-0.020713,0.007657,0.129359,0.052601,-0.024036,-0.130263,0.142524,16.383000
10.275,-0.018500,0.007850,0.130000,-0.020811,0.007639,0.129362,0.051371,-0.023932,-0.130135,0.141940,16.592000
10.300,-0.018500,0.007935,0.130000,-0.020726,0.007683,0.129431,0.050355,-0.023772,-0.130089,0.141505,16.397000
10.325,-0.018500,0.008020,0.130000,-0.020702,0.007730,0.129463,0.048882,-0.023681,-0.130089,0.140974,16.459000
10.350,-0.018500,0.008105,0.130000,-0.020659,0.007786,0.129512,0.047327,-0.023532,-0.130223,0.140541,16.432000
10.375,-0.018500,0.008190,0.130000,-0.020610,0.007854,0.129536,0.046063,-0.023315,-0.130368,0.140218,16.428000
10.400,-0.018500,0.008275,0.130000,-0.020686,0.007889,0.129512,0.044628,-0.023163,-0.130411,0.139769,16.409000
10.425,-0.018500,0.008360,0.130000,-0.020633,0.007981,0.129563,0.043438,-0.023052,-0.130506,0.139463,16.577000
10.450,-0.018500,0.008445,0.130000,-0.020652,0.008020,0.129565,0.042289,-0.022952,-0.130481,0.139070,16.065000
10.475,-0.018500,0.008530,0.130000,-0.020643,0.008069,0.129552,0.040654,-0.023040,-0.130206,0.138337,17.395000
10.500,-0.018500,0.008615,0.130000,-0.020611,0.008133,0.129589,0.039034,-0.023324,-0.129991,0.137714,16.825000
10.525,-0.018500,0.008700,0.130000,-0.020741,0.008117,0.129575,0.037755,-0.023636,-0.129797,0.137227,16.690000
10.550,-0.018500,0.008785,0.130000,-0.020629,0.008175,0.129630,0.036573,-0.023924,-0.129519,0.136694,16.473000
10.575,-0.018500,0.008870,0.130000,-0.020483,0.008253,0.129715,0.034981,-0.024341,-0.129243,0.136088,16.450000
10.600,-0.018500,0.008955,0.130000,-0.020608,0.008223,0.129711,0.033778,-0.024748,-0.129241,0.135855,16.730000
10.625,-0.018460,0.009000,0.130000,-0.020489,0.008285,0.129765,0.032274,-0.025197,-0.129265,0.135595,16.498000
10.650,-0.018375,0.009000,0.130000,-0.020604,0.008286,0.129749,0.030636,-0.025778,-0.129473,0.135522,16.724000
10.675,-0.018290,0.009000,0.130000,-0.020623,0.008331,0.129768,0.029520,-0.026272,-0.129936,0.135813,16.576000
10.700,-0.018205,0.009000,0.130000,-0.020651,0.008365,0.129760,0.028489,-0.026797,-0.130382,0.136122,16.561000
10.725,-0.018120,0.009000,0.130000,-0.020654,0.008366,0.129743,0.027138,-0.027333,-0.130713,0.136270,17.020000
10.750,-0.018035,0.009000,0.130000,-0.020537,0.008415,0.129783,0.026077,-0.027659,-0.131177,0.136574,17.123000
10.775,-0.017950,0.009000,0.130000,-0.020505,0.008448,0.129793,0.025596,-0.027711,-0.131640,0.136938,16.597000
10.800,-0.017865,0.009000,0.130000,-0.020111,0.008601,0.129906,0.025013,-0.027756,-0.131996,0.137182,16.299000
10.825,-0.017780,0.009000,0.130000,-0.019914,0.008695,0.129945,0.023262,-0.027693,-0.131994,0.136859,16.749000
10.850,-0.017695,0.009000,0.130000,-0.020010,0.008728,0.129902,0.021377,-0.027395,-0.131978,0.136476,16.290000
10.875,-0.017610,0.009000,0.130000,-0.020029,0.008813,0.129833,0.020776,-0.027030,-0.131854,0.136190,16.830000
10.900,-0.017525,0.009000,0.130000,-0.019664,0.008974,0.129876,0.020084,-0.026989,-0.131521,0.135756,15.993000
10.925,-0.017440,0.009000,0.130000,-0.019292,0.009071,0.129948,0.019336,-0.027108,-0.131248,0.135406,16.559000
10.950,-0.017355,0.009000,0.130000,-0.019129,0.009068,0.129951,0.018264,-0.027202,-0.130876,0.134915,16.110000
10.975,-0.017270,0.009000,0.130000,-0.019051,0.009070,0.129963,0.016425,-0.027213,-0.130341,0.134160,16.906000
11.000,-0.017185,0.009000,0.130000,-0.019016,0.009067,0.129949,0.014829,-0.027029,-0.129981,0.133587,16.660000
11.025,-0.017100,0.009000,0.130000,-0.019149,0.009073,0.129884,0.014008,-0.026579,-0.129356,0.132799,16.795000
11.050,-0.017015,0.009000,0.130000,-0.018866,0.009121,0.129856,0.013781,-0.025965,-0.128306,0.131630,16.321000
11.075,-0.016930,0.009000,0.130000,-0.018529,0.009192,0.129912,0.013442,-0.025222,-0.127226,0.130397,16.306000
11.100,-0.016845,0.009000,0.130000,-0.018066,0.009261,0.130004,0.012629,-0.024351,-0.126324,0.129268,16.393000
11.125,-0.016760,0.009000,0.130000,-0.017917,0.009344,0.130023,0.011663,-0.023727,-0.125705,0.128455,16.524000
11.150,-0.016675,0.009000,0.130000,-0.017744,0.009387,0.130013,0.010702,-0.023308,-0.125199,0.127799,16.403000
11.175,-0.016590,0.009000,0.130000,-0.017584,0.009404,0.129943,0.009320,-0.022944,-0.124373,0.126814,16.177000
11.200,-0.016505,0.009000,0.130000,-0.017703,0.009407,0.129857,0.008313,-0.022668,-0.123468,0.125807,16.302000
11.225,-0.016420,0.009000,0.130000,-0.017602,0.009365,0.129855,0.007197,-0.022210,-0.122477,0.124682,16.154000
11.250,-0.016335,0.009000,0.130000,-0.017650,0.009355,0.129821,0.006516,-0.021811,-0.121549,0.123662,16.629000
11.275,-0.016250,0.009000,0.130000,-0.017422,0.009346,0.129862,0.006176,-0.021482,-0.120753,0.122804,15.991000
11.300,-0.016165,0.009000,0.130000,-0.017190,0.009342,0.129901,0.006630,-0.021075,-0.120192,0.122205,16.903000
11.325,-0.016080,0.009000,0.130000,-0.016807,0.009351,0.129988,0.006668,-0.020196,-0.119661,0.121536,17.331000
11.350,-0.015995,0.009000,0.130000,-0.016424,0.009397,0.130039,0.006127,-0.019109,-0.118836,0.120518,16.998000
11.375,-0.015910,0.009000,0.130000,-0.016239,0.009459,0.130021,0.005063,-0.018091,-0.117647,0.119138,16.925000
11.400,-0.015825,0.009000,0.130000,-0.016327,0.009478,0.129935,0.004192,-0.017075,-0.116143,0.117467,16.663000
11.425,-0.015740,0.009000,0.130000,-0.016404,0.009494,0.129883,0.003910,-0.016050,-0.114343,0.115531,16.373000
11.450,-0.015655,0.009000,0.130000,-0.016225,0.009459,0.129886,0.004833,-0.015077,-0.112488,0.113597,15.829000
11.475,-0.015570,0.009000,0.130000,-0.015776,0.009446,0.129990,0.006564,-0.014228,-0.111176,0.112274,16.720000
11.500,-0.015485,0.009000,0.130000,-0.015066,0.009408,0.130134,0.007941,-0.013226,-0.109983,0.111059,16.153000
11.525,-0.015400,0.009000,0.130000,-0.014546,0.009399,0.130225,0.008826,-0.012083,-0.108520,0.109546,16.581000
11.550,-0.015315,0.009000,0.130000,-0.014173,0.009355,0.130258,0.009597,-0.010821,-0.106909,0.107883,16.238000
11.575,-0.015230,0.009000,0.130000,-0.013954,0.009361,0.130262,0.010459,-0.009680,-0.105208,0.106169,16.550000
11.600,-0.015145,0.009000,0.130000,-0.013789,0.009329,0.130233,0.011466,-0.008630,-0.103408,0.104399,16.274000
11.625,-0.015060,0.009000,0.130000,-0.013646,0.009295,0.130211,0.012467,-0.007742,-0.101729,0.102782,16.592000
11.650,-0.014975,0.009000,0.130000,-0.013498,0.009258,0.130203,0.013613,-0.006922,-0.100138,0.101296,16.602000
11.675,-0.014890,0.009000,0.130000,-0.013304,0.009235,0.130225,0.014827,-0.006095,-0.098690,0.099983,16.053000
11.700,-0.014805,0.009000,0.130000,-0.013225,0.009178,0.130219,0.016071,-0.005289,-0.097358,0.098818,16.219000
11.725,-0.014720,0.009000,0.130000,-0.013064,0.009154,0.130233,0.017058,-0.004816,-0.096261,0.097880,17.062000
11.750,-0.014635,0.009000,0.130000,-0.013057,0.009105,0.130194,0.018021,-0.004793,-0.095137,0.096947,16.650000
11.775,-0.014550,0.009000,0.130000,-0.013055,0.009014,0.130163,0.019245,-0.005036,-0.093861,0.095946,16.235000
11.800,-0.014465,0.009000,0.130000,-0.012920,0.008903,0.130182,0.020417,-0.005334,-0.092782,0.095152,16.235000
11.825,-0.014380,0.009000,0.130000,-0.012894,0.008796,0.130192,0.021574,-0.005469,-0.091808,0.094467,16.257000
11.850,-0.014295,0.009000,0.130000,-0.012781,0.008714,0.130205,0.022340,-0.005424,-0.090934,0.093795,16.403000
11.875,-0.014210,0.009000,0.130000,-0.012782,0.008672,0.130194,0.022760,-0.005239,-0.090150,0.093126,16.126000
11.900,-0.014125,0.009000,0.130000,-0.012966,0.008661,0.130139,0.023327,-0.005082,-0.089383,0.092517,16.162000
11.925,-0.014040,0.009000,0.130000,-0.013021,0.008657,0.130117,0.023798,-0.005058,-0.088767,0.092041,16.209000
11.950,-0.013955,0.009000,0.130000,-0.013081,0.008644,0.130098,0.023909,-0.005202,-0.088311,0.091638,16.308000
11.975,-0.013870,0.009000,0.130000,-0.013286,0.008631,0.130016,0.024575,-0.005493,-0.087530,0.091080,16.591000
12.000,-0.013785,0.009000,0.130000,-0.013334,0.008589,0.129997,0.025093,-0.005831,-0.086967,0.090703,16.092000
12.025,-0.013700,0.009000,0.130000,-0.013407,0.008557,0.129986,0.025923,-0.006165,-0.086400,0.090416,15.963000
12.050,-0.013615,0.009000,0.130000,-0.013306,0.008509,0.130027,0.026670,-0.006405,-0.086113,0.090376,15.865000
12.075,-0.013530,0.009000,0.130000,-0.013236,0.008506,0.130054,0.027405,-0.006562,-0.085943,0.090445,16.159000
12.100,-0.013445,0.009000,0.130000,-0.013197,0.008521,0.130079,0.027782,-0.006500,-0.085919,0.090532,15.805000
12.125,-0.013360,0.009000,0.130000,-0.013197,0.008554,0.130066,0.028028,-0.006324,-0.085889,0.090568,16.258000
12.150,-0.013275,0.009000,0.130000,-0.013251,0.008626,0.130033,0.028337,-0.006141,-0.085831,0.090596,16.222000
12.175,-0.013190,0.009000,0.130000,-0.013291,0.008681,0.130011,0.028671,-0.005980,-0.085758,0.090621,16.044000
12.200,-0.013105,0.009000,0.130000,-0.013273,0.008733,0.130005,0.028909,-0.005923,-0.085653,0.090594,15.653000
12.225,-0.013020,0.009000,0.130000,-0.013249,0.008764,0.129997,0.029012,-0.005955,-0.085485,0.090470,16.083000
12.250,-0.012935,0.009000,0.130000,-0.013244,0.008810,0.129995,0.028880,-0.006080,-0.085292,0.090254,16.291000
12.275,-0.012850,0.009000,0.130000,-0.013261,0.008837,0.129991,0.028814,-0.006234,-0.085017,0.089983,15.808000
12.300,-0.012765,0.009000,0.130000,-0.013241,0.008862,0.129979,0.028697,-0.006328,-0.084733,0.089685,16.430000
12.325,-0.012680,0.009000,0.130000,-0.013220,0.008876,0.129972,0.028414,-0.006364,-0.084457,0.089336,15.804000
12.350,-0.012680,0.009000,0.130000,-0.013194,0.008920,0.129973,0.028122,-0.006358,-0.084223,0.089021,16.027000
12.375,-0.012510,0.009000,0.130000,-0.013184,0.008951,0.129964,0.027695,-0.006391,-0.084012,0.088690,15.915000
12.400,-0.012425,0.009000,0.130000,-0.013163,0.008997,0.129959,0.027216,-0.006439,-0.083865,0.088405,16.074000
12.425,-0.012340,0.009000,0.130000,-0.013177,0.009016,0.129953,0.026763,-0.006557,-0.083748,0.088165,16.316000
12.450,-0.012255,0.009000,0.130000,-0.013126,0.009049,0.129948,0.026290,-0.006827,-0.083563,0.087867,15.769000
12.475,-0.012170,0.009000,0.130000,-0.013106,0.009050,0.129967,0.025602,-0.007179,-0.083380,0.087517,16.282000
12.500,-0.012085,0.009000,0.130000,-0.013069,0.009046,0.129978,0.025052,-0.007486,-0.083272,0.087280,16.157000
12.525,-0.012000,0.009000,0.130000,-0.012985,0.009038,0.129994,0.024333,-0.007654,-0.083284,0.087103,16.511000
12.550,-0.011915,0.009000,0.130000,-0.012999,0.009044,0.129987,0.023510,-0.007773,-0.083447,0.087043,16.119000
12.575,-0.011830,0.009000,0.130000,-0.013022,0.009068,0.129978,0.022764,-0.007884,-0.083738,0.087135,16.575000
12.600,-0.011745,0.009000,0.130000,-0.012976,0.009093,0.129978,0.022133,-0.008008,-0.084088,0.087320,15.786000
12.625,-0.011660,0.009000,0.130000,-0.012955,0.009109,0.129979,0.021182,-0.008145,-0.084369,0.087368,16.364000
12.650,-0.011575,0.009000,0.130000,-0.012914,0.009133,0.129974,0.020268,-0.008371,-0.084624,0.087419,16.458000
12.675,-0.011500,0.008990,0.130000,-0.012926,0.009142,0.129976,0.019352,-0.008647,-0.084799,0.087408,16.217000
12.700,-0.011500,0.008905,0.130000,-0.012835,0.009137,0.129977,0.017941,-0.008853,-0.084677,0.087008,15.826000
12.725,-0.011500,0.008820,0.130000,-0.012824,0.009151,0.129971,0.016791,-0.009113,-0.084721,0.086848,16.955000
12.750,-0.011500,0.008735,0.130000,-0.012841,0.009154,0.129970,0.015468,-0.009255,-0.084657,0.086554,16.393000
12.775,-0.011500,0.008650,0.130000,-0.012807,0.009160,0.129972,0.014341,-0.009318,-0.084719,0.086428,16.325000
12.800,-0.011500,0.008565,0.130000,-0.012856,0.009150,0.129975,0.013416,-0.009153,-0.084884,0.086424,16.158000
12.825,-0.011500,0.008480,0.130000,-0.012873,0.009145,0.129971,0.012351,-0.008653,-0.084998,0.086325,16.021000
12.850,-0.011500,0.008395,0.130000,-0.012839,0.009140,0.129976,0.011456,-0.008149,-0.085172,0.086324,16.230000
12.875,-0.011500,0.008310,0.130000,-0.012843,0.009160,0.129959,0.010353,-0.007545,-0.085125,0.086083,15.577000
12.900,-0.011500,0.008225,0.130000,-0.012773,0.009169,0.129947,0.009537,-0.007077,-0.085119,0.085943,15.976000
12.925,-0.011500,0.008140,0.130000,-0.012742,0.009172,0.129931,0.008848,-0.006466,-0.084919,0.085623,15.836000
12.950,-0.011500,0.008055,0.130000,-0.012595,0.009134,0.129937,0.008809,-0.005862,-0.084729,0.085387,15.906000
12.975,-0.011500,0.007970,0.130000,-0.012429,0.009097,0.129947,0.008548,-0.004744,-0.084396,0.084960,16.030000
13.000,-0.011500,0.007885,0.130000,-0.012237,0.009060,0.129956,0.007972,-0.003065,-0.084009,0.084442,16.180000
13.025,-0.011500,0.007800,0.130000,-0.012220,0.009126,0.129906,0.007427,-0.001273,-0.083829,0.084167,16.442000
13.050,-0.011500,0.007715,0.130000,-0.012112,0.009136,0.129842,0.006963,0.000443,-0.083573,0.083863,15.952000
13.075,-0.011500,0.007630,0.130000,-0.012130,0.009211,0.129778,0.006839,0.002064,-0.083071,0.083378,16.394000
13.100,-0.011500,0.007545,0.130000,-0.012049,0.009140,0.129755,0.007463,0.003655,-0.082380,0.082798,16.102000
13.125,-0.011500,0.007460,0.130000,-0.011805,0.008978,0.129777,0.008704,0.005044,-0.081773,0.082390,16.573000
13.150,-0.011500,0.007375,0.130000,-0.011555,0.008904,0.129810,0.009960,0.006315,-0.081371,0.082221,16.243000
13.175,-0.011500,0.007290,0.130000,-0.011233,0.008694,0.129857,0.010698,0.008029,-0.080981,0.082078,16.403000
13.200,-0.011500,0.007205,0.130000,-0.011101,0.008643,0.129845,0.011410,0.009682,-0.080684,0.082060,16.215000
13.225,-0.011500,0.007120,0.130000,-0.010979,0.008504,0.129824,0.012251,0.011555,-0.080366,0.082112,16.477000
13.250,-0.011500,0.007035,0.130000,-0.010889,0.008490,0.129809,0.013395,0.013272,-0.080078,0.082268,16.772000
13.275,-0.011500,0.006950,0.130000,-0.010764,0.008448,0.129790,0.014738,0.014132,-0.079821,0.082391,16.560000
13.300,-0.011500,0.006865,0.130000,-0.010587,0.008221,0.129778,0.016068,0.014530,-0.079601,0.082496,16.416000
13.325,-0.011500,0.006780,0.130000,-0.010403,0.008039,0.129794,0.017237,0.014540,-0.079450,0.082588,16.333000
13.350,-0.011500,0.006695,0.130000,-0.010253,0.007741,0.129822,0.018469,0.014552,-0.079361,0.082771,16.227000
13.375,-0.011500,0.006610,0.130000,-0.010112,0.007538,0.129850,0.020241,0.014957,-0.079194,0.083097,16.040000
13.400,-0.011500,0.006525,0.130000,-0.009969,0.007285,0.129859,0.021974,0.015533,-0.078945,0.083405,16.465000
13.425,-0.011500,0.006440,0.130000,-0.009825,0.007152,0.129872,0.023132,0.016101,-0.078781,0.083671,16.279000
13.450,-0.011500,0.006355,0.130000,-0.009823,0.006982,0.129863,0.024117,0.016633,-0.078672,0.083950,16.191000
13.475,-0.011500,0.006270,0.130000,-0.009803,0.006889,0.129857,0.025325,0.017224,-0.078477,0.084242,16.377000
13.500,-0.011500,0.006185,0.130000,-0.009838,0.006772,0.129842,0.026738,0.017645,-0.078195,0.084503,16.565000
13.525,-0.011500,0.006100,0.130000,-0.009794,0.006689,0.129838,0.028067,0.017941,-0.077984,0.084801,17.103000
13.550,-0.011500,0.006015,0.130000,-0.009836,0.006558,0.129820,0.029219,0.018238,-0.077876,0.085153,16.124000
13.575,-0.011500,0.005930,0.130000,-0.009918,0.006433,0.129799,0.030681,0.018806,-0.077628,0.085564,16.659000
13.600,-0.011500,0.005845,0.130000,-0.009896,0.006369,0.129801,0.032540,0.019574,-0.077336,0.086155,16.209000
13.625,-0.011500,0.005760,0.130000,-0.009816,0.006327,0.129801,0.034195,0.020361,-0.077324,0.086965,16.735000
13.650,-0.011500,0.005675,0.130000,-0.009844,0.006262,0.129793,0.035237,0.021251,-0.077343,0.087608,16.100000
13.675,-0.011500,0.005590,0.130000,-0.009893,0.006260,0.129765,0.035543,0.021961,-0.077503,0.088047,17.057000
13.700,-0.011500,0.005505,0.130000,-0.010118,0.006235,0.129728,0.035901,0.022481,-0.077631,0.088436,16.510000
13.725,-0.011500,0.005420,0.130000,-0.010331,0.006181,0.129693,0.037018,0.023148,-0.077450,0.088908,16.853000
13.750,-0.011500,0.005335,0.130000,-0.010363,0.006142,0.129677,0.038468,0.023983,-0.077173,0.089502,16.745000
13.775,-0.011500,0.005250,0.130000,-0.010347,0.006103,0.129668,0.039704,0.024685,-0.077104,0.090171,17.238000
13.800,-0.011500,0.005165,0.130000,-0.010388,0.006008,0.129673,0.040834,0.025331,-0.077160,0.090900,17.938000
13.825,-0.011500,0.005080,0.130000,-0.010455,0.005899,0.129682,0.042048,0.026136,-0.077180,0.091695,16.621000
13.850,-0.011500,0.004995,0.130000,-0.010442,0.005868,0.129693,0.043035,0.026800,-0.077364,0.092496,16.394000
13.875,-0.011500,0.004910,0.130000,-0.010476,0.005815,0.129695,0.044438,0.027629,-0.077330,0.093370,16.518000
13.900,-0.011500,0.004825,0.130000,-0.010535,0.005725,0.129689,0.046128,0.028474,-0.077247,0.094370,17.090000
13.925,-0.011500,0.004740,0.130000,-0.010494,0.005671,0.129711,0.047796,0.029231,-0.077361,0.095518,16.800000
13.950,-0.011500,0.004655,0.130000,-0.010516,0.005529,0.129742,0.049569,0.030150,-0.077410,0.096739,16.512000
13.975,-0.011500,0.004570,0.130000,-0.010380,0.005486,0.129768,0.050690,0.030793,-0.077820,0.097845,16.647000
14.000,-0.011500,0.004485,0.130000,-0.010310,0.005465,0.129758,0.051183,0.031309,-0.078293,0.098639,17.068000
14.025,-0.011500,0.004400,0.130000,-0.010327,0.005440,0.129745,0.051332,0.031737,-0.078809,0.099263,16.831000
14.050,-0.011500,0.004315,0.130000,-0.010397,0.005428,0.129710,0.051614,0.032173,-0.079254,0.099901,16.412000
14.075,-0.011500,0.004230,0.130000,-0.010462,0.005398,0.129672,0.052119,0.032623,-0.079626,0.100603,17.580000
14.100,-0.011500,0.004145,0.130000,-0.010536,0.005312,0.129634,0.052758,0.033215,-0.079993,0.101418,17.206000
14.125,-0.011500,0.004060,0.130000,-0.010554,0.005268,0.129612,0.053544,0.034103,-0.080345,0.102398,16.816000
14.150,-0.011500,0.003975,0.130000,-0.010591,0.005189,0.129600,0.054363,0.035245,-0.080760,0.103536,16.020000
14.175,-0.011500,0.003890,0.130000,-0.010594,0.005182,0.129597,0.055067,0.036316,-0.081291,0.104687,17.009000
14.200,-0.011500,0.003805,0.130000,-0.010626,0.005113,0.129589,0.055789,0.037516,-0.081824,0.105901,16.474000
14.225,-0.011500,0.003720,0.130000,-0.010634,0.005109,0.129590,0.056486,0.038634,-0.082410,0.107120,16.754000
14.250,-0.011500,0.003635,0.130000,-0.010664,0.005019,0.129589,0.057246,0.039874,-0.082978,0.108408,16.476000
14.275,-0.011500,0.003550,0.130000,-0.010647,0.005016,0.129586,0.057927,0.041041,-0.083579,0.109660,16.670000
14.300,-0.011500,0.003465,0.130000,-0.010673,0.004929,0.129560,0.058525,0.041953,-0.084221,0.110808,16.174000
14.325,-0.011500,0.003380,0.130000,-0.010667,0.004880,0.129563,0.059043,0.042764,-0.084888,0.111897,16.746000
14.350,-0.011500,0.003295,0.130000,-0.010702,0.004743,0.129554,0.059383,0.043481,-0.085553,0.112855,16.116000
14.375,-0.011500,0.003210,0.130000,-0.010737,0.004637,0.129558,0.059590,0.043808,-0.086224,0.113598,16.556000
14.400,-0.011500,0.003125,0.130000,-0.010765,0.004533,0.129553,0.059772,0.044019,-0.086853,0.114254,16.375000
14.425,-0.011500,0.003040,0.130000,-0.010814,0.004360,0.129548,0.060073,0.044383,-0.087414,0.114977,16.506000
14.450,-0.011500,0.002955,0.130000,-0.010834,0.004265,0.129548,0.060496,0.044861,-0.087933,0.115778,16.557000
14.475,-0.011500,0.002870,0.130000,-0.010824,0.004174,0.129561,0.060945,0.045241,-0.088495,0.116586,16.191000
14.500,-0.011500,0.002870,0.130000,-0.010833,0.004019,0.129582,0.061318,0.045488,-0.089125,0.117355,16.706000
14.525,-0.011500,0.002700,0.130000,-0.010839,0.003919,0.129590,0.061660,0.045864,-0.089768,0.118168,16.353000
14.550,-0.011500,0.002615,0.130000,-0.010858,0.003774,0.129609,0.061905,0.046103,-0.090468,0.118921,16.630000
14.575,-0.011500,0.002530,0.130000,-0.010895,0.003613,0.129628,0.062158,0.046448,-0.091165,0.119716,16.347000
14.600,-0.011500,0.002445,0.130000,-0.010910,0.003548,0.129639,0.062399,0.046569,-0.091863,0.120420,16.071000
14.625,-0.011500,0.002360,0.130000,-0.010925,0.003453,0.129652,0.062729,0.046794,-0.092497,0.121162,16.200000
14.650,-0.011500,0.002275,0.130000,-0.010945,0.003311,0.129667,0.063090,0.046822,-0.093128,0.121842,16.554000
14.675,-0.011500,0.002190,0.130000,-0.010940,0.003209,0.129681,0.063557,0.046999,-0.093747,0.122625,16.453000
14.700,-0.011500,0.002105,0.130000,-0.010939,0.003071,0.129706,0.063992,0.047082,-0.094472,0.123436,16.536000
14.725,-0.011500,0.002020,0.130000,-0.010944,0.002931,0.129721,0.064424,0.047330,-0.095235,0.124340,17.029000
14.750,-0.011500,0.001935,0.130000,-0.010941,0.002859,0.129725,0.064851,0.047712,-0.096048,0.125329,16.533000
14.775,-0.011500,0.001850,0.130000,-0.010939,0.002796,0.129728,0.065294,0.048003,-0.096945,0.126356,16.491000
14.800,-0.011500,0.001765,0.130000,-0.010946,0.002685,0.129734,0.065809,0.048331,-0.097873,0.127459,16.040000
14.825,-0.011500,0.001680,0.130000,-0.010969,0.002574,0.129737,0.066371,0.048563,-0.098849,0.128587,16.254000
14.850,-0.011500,0.001595,0.130000,-0.010943,0.002516,0.129743,0.066955,0.048863,-0.099874,0.129790,16.150000
14.875,-0.011500,0.001510,0.130000,-0.010922,0.002454,0.129749,0.067539,0.049087,-0.100977,0.131024,16.268000
14.900,-0.011500,0.001425,0.130000,-0.010923,0.002344,0.129749,0.068166,0.049390,-0.102065,0.132299,16.461000
14.925,-0.011500,0.001340,0.130000,-0.010923,0.002240,0.129745,0.068729,0.049595,-0.103187,0.133532,16.146000
14.950,-0.011500,0.001255,0.130000,-0.010915,0.002173,0.129741,0.069310,0.049863,-0.104225,0.134733,16.314000
14.975,-0.011500,0.001170,0.130000,-0.010895,0.002112,0.129744,0.069805,0.049980,-0.105276,0.135845,16.297000
15.000,-0.011500,0.001085,0.130000,-0.010922,0.001997,0.129730,0.070244,0.050046,-0.106269,0.136865,16.537000
15.025,-0.011500,0.001000,0.130000,-0.010925,0.001922,0.129732,0.070774,0.050241,-0.107139,0.137884,16.487000
15.050,-0.011500,0.000915,0.130000,-0.010946,0.001811,0.129717,0.071335,0.050435,-0.107943,0.138867,16.236000
15.075,-0.011500,0.000830,0.130000,-0.010934,0.001739,0.129710,0.071992,0.050828,-0.108636,0.139886,16.186000
15.100,-0.011500,0.000745,0.130000,-0.010926,0.001645,0.129713,0.072595,0.051161,-0.109433,0.140937,16.103000
15.125,-0.011500,0.000660,0.130000,-0.010903,0.001592,0.129719,0.073185,0.051598,-0.110253,0.142035,16.006000
15.150,-0.011500,0.000575,0.130000,-0.010914,0.001505,0.129715,0.073706,0.051947,-0.111185,0.143155,15.883000
15.175,-0.011500,0.000490,0.130000,-0.010911,0.001456,0.129717,0.074279,0.052399,-0.112142,0.144357,16.438000
15.200,-0.011500,0.000405,0.130000,-0.010931,0.001370,0.129707,0.074846,0.052667,-0.113210,0.145576,16.029000
15.225,-0.011500,0.000320,0.130000,-0.010923,0.001312,0.129704,0.075511,0.053013,-0.114224,0.146831,16.961000
15.250,-0.011500,0.000235,0.130000,-0.010929,0.001211,0.129693,0.076258,0.053481,-0.115187,0.148133,16.040000
15.275,-0.011500,0.000150,0.130000,-0.010905,0.001170,0.129698,0.077001,0.053916,-0.116250,0.149499,16.488000
15.300,-0.011500,0.000065,0.130000,-0.010903,0.001074,0.129694,0.077724,0.054311,-0.117363,0.150880,16.440000
15.325,-0.011500,-0.000020,0.130000,-0.010871,0.001025,0.129698,0.078433,0.054823,-0.118432,0.152261,16.384000
15.350,-0.011500,-0.000105,0.130000,-0.010885,0.000932,0.129678,0.079055,0.055268,-0.119501,0.153573,16.220000
15.375,-0.011500,-0.000190,0.130000,-0.010872,0.000881,0.129679,0.079668,0.055807,-0.120407,0.154788,16.169000
15.400,-0.011500,-0.000275,0.130000,-0.010893,0.000795,0.129663,0.080210,0.056155,-0.121255,0.155852,16.293000
15.425,-0.011500,-0.000360,0.130000,-0.010919,0.000690,0.129663,0.080848,0.056509,-0.121933,0.156835,16.439000
15.450,-0.011500,-0.000445,0.130000,-0.010900,0.000627,0.129657,0.081492,0.056737,-0.122588,0.157759,16.127000
15.475,-0.011500,-0.000530,0.130000,-0.010919,0.000503,0.129661,0.082244,0.057084,-0.123194,0.158744,16.231000
15.500,-0.011500,-0.000615,0.130000,-0.010881,0.000449,0.129664,0.082986,0.057359,-0.124001,0.159853,16.397000
15.525,-0.011500,-0.000700,0.130000,-0.010895,0.000321,0.129654,0.083094,0.058464,-0.124723,0.160868,16.346000
15.550,-0.011500,-0.000785,0.130000,-0.010911,0.000366,0.129643,0.079570,0.060805,-0.126406,0.161267,16.408000
15.575,-0.011500,-0.000870,0.130000,-0.011485,0.000379,0.129521,0.073186,0.062488,-0.133572,0.164628,16.518000
15.600,-0.011500,-0.000955,0.130000,-0.012574,0.000281,0.129270,0.069568,0.062689,-0.143665,0.171492,16.622000
15.625,-0.011500,-0.001040,0.130000,-0.013381,0.000128,0.129064,0.068960,0.062519,-0.146712,0.173748,16.377000
15.650,-0.011500,-0.001125,0.130000,-0.013537,-0.000072,0.129058,0.069633,0.062491,-0.147725,0.174862,16.107000
15.675,-0.011500,-0.001210,0.130000,-0.013378,-0.000178,0.129135,0.070299,0.062663,-0.149091,0.176343,15.960000
15.700,-0.011500,-0.001295,0.130000,-0.013109,-0.000323,0.129266,0.070138,0.063087,-0.150758,0.177841,15.983000
15.725,-0.011500,-0.001380,0.130000,-0.012869,-0.000431,0.129411,0.069052,0.063696,-0.152730,0.179310,16.652000
15.750,-0.011500,-0.001465,0.130000,-0.012830,-0.000497,0.129490,0.067549,0.064277,-0.155310,0.181151,16.175000
15.775,-0.011500,-0.001550,0.130000,-0.012900,-0.000585,0.129510,0.066565,0.064571,-0.158598,0.183722,16.395000
15.800,-0.011500,-0.001635,0.130000,-0.012855,-0.000735,0.129565,0.065987,0.064573,-0.162084,0.186535,15.929000
15.825,-0.011500,-0.001720,0.130000,-0.012872,-0.000855,0.129577,0.065252,0.064617,-0.165507,0.189277,16.231000
15.850,-0.011500,-0.001805,0.130000,-0.012791,-0.001026,0.129626,0.064698,0.064520,-0.168983,0.192104,15.831000
15.875,-0.011500,-0.001890,0.130000,-0.012736,-0.001181,0.129664,0.064114,0.064465,-0.172462,0.194960,16.169000
15.900,-0.011500,-0.001975,0.130000,-0.012752,-0.001300,0.129670,0.063460,0.064476,-0.176026,0.197912,15.962000
15.925,-0.011500,-0.002060,0.130000,-0.012767,-0.001407,0.129680,0.063119,0.064378,-0.179887,0.201216,16.191000
15.950,-0.011500,-0.002145,0.130000,-0.012667,-0.001561,0.129717,0.062723,0.064215,-0.183897,0.204636,16.117000
15.975,-0.011500,-0.002230,0.130000,-0.012569,-0.001716,0.129761,0.062519,0.063861,-0.188199,0.208340,16.074000
16.000,-0.011500,-0.002315,0.130000,-0.012585,-0.001835,0.129763,0.062564,0.063328,-0.192716,0.212283,16.119000
16.025,-0.011500,-0.002400,0.130000,-0.012569,-0.001970,0.129774,0.062472,0.062783,-0.197324,0.216290,16.155000
16.050,-0.011500,-0.002485,0.130000,-0.012478,-0.002148,0.129801,0.062458,0.062200,-0.202108,0.220494,16.076000
16.075,-0.011500,-0.002570,0.130000,-0.012489,-0.002278,0.129804,0.062698,0.061512,-0.207054,0.224914,16.313000
16.100,-0.011500,-0.002655,0.130000,-0.012381,-0.002436,0.129842,0.062930,0.060855,-0.211994,0.229358,16.266000
16.125,-0.011500,-0.002740,0.130000,-0.012368,-0.002550,0.129855,0.062879,0.060253,-0.216859,0.233692,16.019000
16.150,-0.011500,-0.002825,0.130000,-0.012312,-0.002693,0.129873,0.062731,0.059798,-0.221611,0.237954,16.027000
16.175,-0.011500,-0.002910,0.130000,-0.012368,-0.002808,0.129862,0.062792,0.059407,-0.226202,0.242156,16.316000
16.200,-0.011500,-0.002995,0.130000,-0.012305,-0.002907,0.129874,0.062960,0.059032,-0.230602,0.246224,15.808000
16.225,-0.011500,-0.003080,0.130000,-0.012296,-0.002969,0.129877,0.062787,0.058671,-0.234865,0.250092,15.964000
16.250,-0.011500,-0.003165,0.130000,-0.012245,-0.003045,0.129886,0.062476,0.058379,-0.239222,0.254044,16.204000
16.275,-0.011500,-0.003250,0.130000,-0.012248,-0.003115,0.129894,0.062551,0.058106,-0.243731,0.258252,16.008000
16.300,-0.011500,-0.003335,0.130000,-0.012267,-0.003192,0.129879,0.062518,0.057830,-0.248217,0.262421,15.847000
16.325,-0.011500,-0.003420,0.130000,-0.012308,-0.003268,0.129875,0.062745,0.057549,-0.252864,0.266812,15.988000
16.350,-0.011500,-0.003505,0.130000,-0.012225,-0.003327,0.129893,0.062766,0.057276,-0.257509,0.271166,15.844000
16.375,-0.011500,-0.003590,0.130000,-0.012185,-0.003402,0.129900,0.062921,0.057141,-0.262148,0.275583,15.869000
16.400,-0.011500,-0.003675,0.130000,-0.012190,-0.003464,0.129882,0.063030,0.057114,-0.266559,0.279801,16.053000
16.425,-0.011500,-0.003760,0.130000,-0.012193,-0.003502,0.129876,0.062845,0.057132,-0.270758,0.283766,16.025000
16.450,-0.011500,-0.003845,0.130000,-0.012177,-0.003558,0.129869,0.062795,0.057052,-0.274885,0.287680,15.970000
16.475,-0.011500,-0.003930,0.130000,-0.012229,-0.003648,0.129861,0.063110,0.056674,-0.278806,0.291424,16.079000
16.500,-0.011500,-0.004015,0.130000,-0.012130,-0.003737,0.129874,0.063465,0.055965,-0.282558,0.294956,16.503000
16.525,-0.011500,-0.004100,0.130000,-0.012117,-0.003884,0.129879,0.064083,0.055252,-0.286247,0.298491,16.363000
16.550,-0.011500,-0.004185,0.130000,-0.011960,-0.004010,0.129913,0.064687,0.054652,-0.289717,0.301840,15.872000
16.575,-0.011500,-0.004270,0.130000,-0.011778,-0.004122,0.129948,0.064973,0.054233,-0.293001,0.304979,16.104000
16.600,-0.011500,-0.004355,0.130000,-0.011764,-0.004222,0.129937,0.065171,0.053912,-0.296133,0.307975,15.724000
16.625,-0.011500,-0.004440,0.130000,-0.011752,-0.004303,0.129938,0.065585,0.053642,-0.299165,0.310932,15.819000
16.650,-0.011500,-0.004525,0.130000,-0.011659,-0.004374,0.129956,0.065946,0.053473,-0.302088,0.313792,15.840000
16.675,-0.011500,-0.004610,0.130000,-0.011575,-0.004428,0.129978,0.066455,0.053273,-0.304908,0.316581,15.836000
16.700,-0.011500,-0.004695,0.130000,-0.011486,-0.004448,0.129992,0.066968,0.052888,-0.307613,0.319230,16.118000
16.725,-0.011500,-0.004780,0.130000,-0.011415,-0.004556,0.130012,0.067514,0.052611,-0.310289,0.321878,16.641000
16.750,-0.011500,-0.004865,0.130000,-0.011384,-0.004624,0.130013,0.068068,0.052388,-0.312839,0.324417,16.090000
16.775,-0.011500,-0.004950,0.130000,-0.011306,-0.004688,0.130022,0.068651,0.052229,-0.315189,0.326780,16.071000
16.800,-0.011500,-0.005035,0.130000,-0.011225,-0.004709,0.130032,0.069090,0.052032,-0.317458,0.329029,16.025000
16.825,-0.011500,-0.005120,0.130000,-0.011228,-0.004782,0.130030,0.069638,0.052027,-0.319718,0.331324,16.210000
16.850,-0.011500,-0.005205,0.130000,-0.011153,-0.004819,0.130042,0.070175,0.051989,-0.322011,0.333644,16.134000
16.875,-0.011500,-0.005290,0.130000,-0.011168,-0.004902,0.130024,0.070838,0.052171,-0.324228,0.335952,15.798000
16.900,-0.011500,-0.005375,0.130000,-0.011073,-0.004893,0.130042,0.071440,0.052246,-0.326483,0.338267,16.153000
16.925,-0.011500,-0.005460,0.130000,-0.011069,-0.004963,0.130025,0.072133,0.052549,-0.328526,0.340432,16.288000
16.950,-0.011500,-0.005545,0.130000,-0.010988,-0.004974,0.130046,0.072821,0.052879,-0.330583,0.342614,15.995000
16.975,-0.011500,-0.005630,0.130000,-0.010931,-0.004975,0.130051,0.073444,0.053083,-0.332599,0.344723,16.772000
17.000,-0.011500,-0.005715,0.130000,-0.010935,-0.005072,0.130059,0.074040,0.053347,-0.334512,0.346737,16.041000
17.025,-0.011500,-0.005800,0.130000,-0.010914,-0.005104,0.130051,0.074633,0.053715,-0.336215,0.348563,16.503000
17.050,-0.011500,-0.005885,0.130000,-0.010939,-0.005177,0.130042,0.075282,0.054270,-0.337632,0.350155,15.675000
17.075,-0.011500,-0.005970,0.130000,-0.010910,-0.005230,0.130037,0.075799,0.054716,-0.338945,0.351601,16.321000
17.100,-0.011500,-0.006055,0.130000,-0.010873,-0.005223,0.130046,0.076286,0.055212,-0.340117,0.352912,15.844000
17.125,-0.011500,-0.006140,0.130000,-0.010831,-0.005244,0.130048,0.076735,0.055711,-0.341199,0.354131,16.176000
17.150,-0.011500,-0.006225,0.130000,-0.010882,-0.005364,0.130026,0.077213,0.056354,-0.342125,0.355228,15.708000
17.175,-0.011500,-0.006310,0.130000,-0.010831,-0.005349,0.130031,0.077666,0.056948,-0.343045,0.356307,16.708000
17.200,-0.011500,-0.006395,0.130000,-0.010892,-0.005480,0.130012,0.078158,0.057672,-0.343922,0.357376,16.177000
17.225,-0.011500,-0.006480,0.130000,-0.010830,-0.005457,0.130032,0.078616,0.058331,-0.344958,0.358579,16.477000
17.250,-0.011500,-0.006565,0.130000,-0.010867,-0.005545,0.130034,0.079153,0.059159,-0.346028,0.359862,16.290000
17.275,-0.011500,-0.006650,0.130000,-0.010810,-0.005506,0.130046,0.079618,0.059948,-0.347249,0.361268,16.570000
17.300,-0.011500,-0.006735,0.130000,-0.010890,-0.005633,0.130026,0.080143,0.060922,-0.348408,0.362660,16.348000
17.325,-0.011500,-0.006820,0.130000,-0.010828,-0.005576,0.130037,0.080529,0.061776,-0.349644,0.364077,16.507000
17.350,-0.011500,-0.006905,0.130000,-0.010899,-0.005692,0.130013,0.080962,0.062820,-0.350683,0.365349,16.250000
17.375,-0.011500,-0.006990,0.130000,-0.010866,-0.005656,0.130016,0.081315,0.063751,-0.351694,0.366559,16.013000
17.400,-0.011500,-0.007075,0.130000,-0.010978,-0.005834,0.129970,0.081781,0.064999,-0.352336,0.367497,16.390000
17.425,-0.011500,-0.007160,0.130000,-0.010969,-0.005872,0.129965,0.082050,0.065983,-0.353057,0.368423,16.040000
17.450,-0.011500,-0.007245,0.130000,-0.010962,-0.005872,0.129959,0.082277,0.066934,-0.353598,0.369163,16.023000
17.475,-0.011500,-0.007330,0.130000,-0.011052,-0.006044,0.129933,0.082617,0.068187,-0.353912,0.369769,16.117000
17.500,-0.011500,-0.007415,0.130000,-0.010970,-0.005931,0.129951,0.083039,0.069495,-0.354238,0.370418,16.341000
17.525,-0.011500,-0.007500,0.130000,-0.010860,-0.005813,0.129975,0.083299,0.070488,-0.354828,0.371228,16.107000
17.550,-0.011415,-0.007500,0.130000,-0.010938,-0.005972,0.129949,0.083618,0.071407,-0.355444,0.372064,16.238000
17.575,-0.011330,-0.007500,0.130000,-0.011045,-0.006186,0.129924,0.084159,0.072624,-0.355991,0.372943,16.016000
17.600,-0.011245,-0.007500,0.130000,-0.010983,-0.006154,0.129952,0.084801,0.073998,-0.356622,0.373960,16.089000
17.625,-0.011160,-0.007500,0.130000,-0.010814,-0.005999,0.129991,0.085183,0.075032,-0.357405,0.374999,16.273000
17.650,-0.011075,-0.007500,0.130000,-0.010830,-0.006154,0.129967,0.085608,0.076294,-0.357783,0.375710,15.544000
17.675,-0.010990,-0.007500,0.130000,-0.010709,-0.006068,0.129979,0.085884,0.077321,-0.358180,0.376361,16.186000
17.700,-0.010905,-0.007500,0.130000,-0.010770,-0.006232,0.129954,0.085994,0.078106,-0.358577,0.376926,15.645000
17.725,-0.010820,-0.007500,0.130000,-0.010780,-0.006347,0.129917,0.086069,0.079323,-0.358651,0.377267,18.066000
17.750,-0.010735,-0.007500,0.130000,-0.010802,-0.006461,0.129889,0.086161,0.080600,-0.358869,0.377765,16.306000
17.775,-0.010650,-0.007500,0.130000,-0.010681,-0.006350,0.129909,0.086229,0.081607,-0.359280,0.378388,16.021000
17.800,-0.010565,-0.007500,0.130000,-0.010691,-0.006516,0.129868,0.086288,0.082498,-0.359696,0.378989,16.238000
17.825,-0.010480,-0.007500,0.130000,-0.010655,-0.006542,0.129875,0.086368,0.083645,-0.359988,0.379536,15.505000
17.850,-0.010395,-0.007500,0.130000,-0.010605,-0.006609,0.129885,0.086411,0.084770,-0.360311,0.380101,16.237000
17.875,-0.010310,-0.007500,0.130000,-0.010554,-0.006699,0.129874,0.086457,0.085653,-0.360596,0.380580,16.033000
17.900,-0.010225,-0.007500,0.130000,-0.010476,-0.006648,0.129879,0.086551,0.086224,-0.360800,0.380923,16.339000
17.925,-0.010140,-0.007500,0.130000,-0.010437,-0.006734,0.129882,0.086676,0.087076,-0.360771,0.381117,16.127000
17.950,-0.010055,-0.007500,0.130000,-0.010362,-0.006830,0.129870,0.086712,0.087732,-0.360791,0.381295,16.015000
17.975,-0.009970,-0.007500,0.130000,-0.010287,-0.006851,0.129881,0.086597,0.088671,-0.360749,0.381446,16.042000
18.000,-0.009885,-0.007500,0.130000,-0.010208,-0.006932,0.129879,0.086453,0.089372,-0.360853,0.381675,16.731000
18.025,-0.009800,-0.007500,0.130000,-0.010172,-0.006937,0.129890,0.086360,0.090102,-0.360996,0.381961,16.458000
18.050,-0.009715,-0.007500,0.130000,-0.010114,-0.007038,0.129901,0.086317,0.090706,-0.361187,0.382275,16.280000
18.075,-0.009630,-0.007500,0.130000,-0.010099,-0.007058,0.129895,0.086314,0.091310,-0.361374,0.382595,16.509000
18.100,-0.009545,-0.007500,0.130000,-0.010001,-0.007121,0.129909,0.086391,0.091745,-0.361691,0.383016,16.192000
18.125,-0.009460,-0.007500,0.130000,-0.009954,-0.007193,0.129900,0.086475,0.092366,-0.361982,0.383458,16.311000
18.150,-0.009375,-0.007500,0.130000,-0.009836,-0.007212,0.129921,0.086510,0.092758,-0.362429,0.383983,15.880000
18.175,-0.009290,-0.007500,0.130000,-0.009802,-0.007405,0.129889,0.086402,0.093508,-0.362681,0.384378,16.491000
18.200,-0.009205,-0.007500,0.130000,-0.009691,-0.007298,0.129918,0.086057,0.094265,-0.362928,0.384719,16.023000
18.225,-0.009120,-0.007500,0.130000,-0.009686,-0.007310,0.129907,0.085689,0.094758,-0.363194,0.385009,16.402000
18.250,-0.009035,-0.007500,0.130000,-0.009623,-0.007327,0.129920,0.085377,0.095175,-0.363407,0.385243,16.374000
18.275,-0.008950,-0.007500,0.130000,-0.009626,-0.007360,0.129907,0.085124,0.095658,-0.363480,0.385375,16.525000
18.300,-0.008865,-0.007500,0.130000,-0.009586,-0.007424,0.129897,0.084894,0.096087,-0.363498,0.385448,16.848000
18.325,-0.008780,-0.007500,0.130000,-0.009542,-0.007428,0.129894,0.084565,0.096449,-0.363503,0.385471,16.627000
18.350,-0.008695,-0.007500,0.130000,-0.009420,-0.007356,0.129915,0.084275,0.096691,-0.363544,0.385507,16.319000
18.375,-0.008610,-0.007500,0.130000,-0.009439,-0.007483,0.129886,0.084149,0.096929,-0.363583,0.385576,16.542000
18.400,-0.008525,-0.007500,0.130000,-0.009331,-0.007548,0.129886,0.083944,0.097242,-0.363638,0.385662,16.348000
18.425,-0.008440,-0.007500,0.130000,-0.009341,-0.007632,0.129866,0.083771,0.097617,-0.363720,0.385796,16.275000
18.450,-0.008355,-0.007500,0.130000,-0.009181,-0.007570,0.129892,0.083432,0.097695,-0.363954,0.385963,16.808000
18.475,-0.008270,-0.007500,0.130000,-0.009143,-0.007728,0.129872,0.083035,0.098005,-0.364155,0.386146,16.656000
18.500,-0.008185,-0.007500,0.130000,-0.009150,-0.007773,0.129857,0.082842,0.098257,-0.364354,0.386356,17.215000
18.525,-0.008100,-0.007500,0.130000,-0.009145,-0.007877,0.129835,0.082718,0.098605,-0.364498,0.386554,17.649000
18.550,-0.008015,-0.007500,0.130000,-0.008898,-0.007662,0.129893,0.082456,0.098382,-0.364785,0.386712,17.243000
18.575,-0.007930,-0.007500,0.130000,-0.009006,-0.007984,0.129831,0.082541,0.098541,-0.364954,0.386930,17.166000
18.600,-0.007845,-0.007500,0.130000,-0.008737,-0.007789,0.129891,0.082596,0.098127,-0.365276,0.387140,17.741000
18.625,-0.007760,-0.007500,0.130000,-0.008911,-0.008313,0.129792,0.083243,0.098364,-0.365329,0.387389,17.974000
18.650,-0.007675,-0.007500,0.130000,-0.008608,-0.008003,0.129874,0.083572,0.097946,-0.365692,0.387697,17.871000
18.675,-0.007590,-0.007500,0.130000,-0.008632,-0.008278,0.129837,0.083683,0.097573,-0.366184,0.388090,17.817000
18.700,-0.007505,-0.007500,0.130000,-0.008406,-0.008148,0.129888,0.083758,0.097179,-0.366813,0.388601,17.924000
18.725,-0.007420,-0.007500,0.130000,-0.008481,-0.008505,0.129827,0.083814,0.097167,-0.367490,0.389250,18.416000
18.750,-0.007335,-0.007500,0.130000,-0.008369,-0.008438,0.129847,0.083406,0.096731,-0.368398,0.389911,17.617000
18.775,-0.007250,-0.007500,0.130000,-0.008617,-0.008975,0.129731,0.083106,0.096854,-0.369276,0.390707,18.987000
18.800,-0.007165,-0.007500,0.130000,-0.008496,-0.008849,0.129757,0.082300,0.096254,-0.370299,0.391356,17.034000
18.825,-0.007080,-0.007500,0.130000,-0.008492,-0.008987,0.129735,0.081637,0.095796,-0.371496,0.392238,19.080000
18.850,-0.006995,-0.007500,0.130000,-0.008576,-0.009230,0.129686,0.081166,0.095498,-0.372618,0.393131,16.632000
18.875,-0.006910,-0.007500,0.130000,-0.008628,-0.009484,0.129632,0.080589,0.095314,-0.373633,0.393930,17.839000
18.900,-0.006825,-0.007500,0.130000,-0.008454,-0.009340,0.129662,0.079646,0.094717,-0.374673,0.394582,17.022000
18.925,-0.006740,-0.007500,0.130000,-0.008535,-0.009574,0.129600,0.078809,0.094422,-0.375893,0.395502,19.236000
18.950,-0.006655,-0.007500,0.130000,-0.008433,-0.009472,0.129617,0.078113,0.094103,-0.377153,0.396486,17.236000
18.975,-0.006570,-0.007500,0.130000,-0.008531,-0.009760,0.129545,0.077452,0.094004,-0.378318,0.397442,19.001000
19.000,-0.006485,-0.007500,0.130000,-0.008458,-0.009715,0.129551,0.077092,0.093851,-0.379407,0.398373,17.331000
19.025,-0.006400,-0.007500,0.130000,-0.008314,-0.009649,0.129570,0.076315,0.093350,-0.380435,0.399085,18.467000
19.050,-0.006315,-0.007500,0.130000,-0.008253,-0.009704,0.129567,0.075882,0.093161,-0.381473,0.399948,17.388000
19.075,-0.006230,-0.007500,0.130000,-0.008181,-0.009746,0.129561,0.075152,0.092827,-0.382372,0.400591,18.770000
19.100,-0.006145,-0.007500,0.130000,-0.008062,-0.009656,0.129584,0.074458,0.092379,-0.383215,0.401163,17.620000
19.125,-0.006060,-0.007500,0.130000,-0.008114,-0.009904,0.129532,0.073921,0.092168,-0.383887,0.401657,17.673000
19.150,-0.005975,-0.007500,0.130000,-0.007939,-0.009709,0.129581,0.073393,0.091604,-0.384475,0.401994,17.482000
19.175,-0.005890,-0.007500,0.130000,-0.007847,-0.009817,0.129576,0.073058,0.091413,-0.384997,0.402388,18.717000
19.200,-0.005805,-0.007500,0.130000,-0.007774,-0.009722,0.129597,0.072797,0.091056,-0.385580,0.402818,17.779000
19.225,-0.005720,-0.007500,0.130000,-0.007716,-0.009925,0.129571,0.072175,0.090890,-0.386147,0.403211,18.930000
19.250,-0.005635,-0.007500,0.130000,-0.007562,-0.009770,0.129610,0.071626,0.090575,-0.386767,0.403637,17.997000
19.275,-0.005550,-0.007500,0.130000,-0.007605,-0.010026,0.129563,0.071325,0.090286,-0.387430,0.404155,18.399000
19.300,-0.005465,-0.007500,0.130000,-0.007520,-0.010047,0.129571,0.071147,0.090300,-0.387964,0.404638,17.687000
19.325,-0.005380,-0.007500,0.130000,-0.007448,-0.010079,0.129571,0.071064,0.090244,-0.388459,0.405086,24.909000
19.350,-0.005295,-0.007500,0.130000,-0.007231,-0.009741,0.129652,0.070913,0.089638,-0.389036,0.405478,17.987000
19.375,-0.005210,-0.007500,0.130000,-0.007249,-0.009980,0.129620,0.070809,0.089536,-0.389533,0.405915,18.499000
19.400,-0.005125,-0.007500,0.130000,-0.007028,-0.009648,0.129700,0.070630,0.089064,-0.390082,0.406307,17.472000
19.425,-0.005040,-0.007500,0.130000,-0.006894,-0.009506,0.129746,0.070308,0.088406,-0.390710,0.406710,18.415000
19.450,-0.004955,-0.007500,0.130000,-0.006955,-0.009750,0.129711,0.070146,0.087950,-0.391273,0.407124,17.134000
19.475,-0.004870,-0.007500,0.130000,-0.006967,-0.010068,0.129667,0.069728,0.087553,-0.391660,0.407339,18.831000
19.500,-0.004785,-0.007500,0.130000,-0.006871,-0.009954,0.129701,0.069315,0.087040,-0.391901,0.407390,17.797000
19.525,-0.004700,-0.007500,0.130000,-0.006832,-0.010174,0.129677,0.068995,0.086686,-0.391985,0.407341,18.846000
19.550,-0.004615,-0.007500,0.130000,-0.006557,-0.009787,0.129775,0.068678,0.086133,-0.392043,0.407227,17.419000
19.575,-0.004530,-0.007500,0.130000,-0.006506,-0.009957,0.129765,0.068053,0.085360,-0.392081,0.406995,19.102000
19.600,-0.004445,-0.007500,0.130000,-0.006343,-0.009738,0.129829,0.067648,0.084877,-0.392102,0.406847,17.456000
19.625,-0.004360,-0.007500,0.130000,-0.006290,-0.009851,0.129823,0.067065,0.084322,-0.392065,0.406599,17.746000
19.650,-0.004275,-0.007500,0.130000,-0.006074,-0.009615,0.129872,0.066522,0.083591,-0.391916,0.406215,17.202000
19.675,-0.004190,-0.007500,0.130000,-0.006053,-0.009836,0.129830,0.066190,0.083013,-0.391695,0.405829,18.981000
19.700,-0.004105,-0.007500,0.130000,-0.005758,-0.009511,0.129891,0.065600,0.082349,-0.391401,0.405314,17.454000
19.725,-0.004020,-0.007500,0.130000,-0.005830,-0.009958,0.129806,0.065094,0.082011,-0.391011,0.404788,18.809000
19.750,-0.003935,-0.007500,0.130000,-0.005546,-0.009470,0.129884,0.064393,0.081284,-0.390504,0.404038,18.391000
19.775,-0.003850,-0.007500,0.130000,-0.005622,-0.009869,0.129805,0.063888,0.080846,-0.389844,0.403232,18.992000
19.800,-0.003765,-0.007500,0.130000,-0.005376,-0.009519,0.129861,0.063471,0.080122,-0.389131,0.402332,18.017000
19.825,-0.003680,-0.007500,0.130000,-0.005387,-0.009826,0.129808,0.062956,0.079291,-0.388370,0.401349,20.214000
19.850,-0.003595,-0.007500,0.130000,-0.005303,-0.009947,0.129787,0.062644,0.078943,-0.387483,0.400373,17.614000
19.875,-0.003510,-0.007500,0.130000,-0.005076,-0.009758,0.129820,0.062117,0.078436,-0.386609,0.399345,19.215000
19.900,-0.003425,-0.007500,0.130000,-0.004963,-0.009504,0.129858,0.061428,0.077615,-0.385887,0.398379,18.069000
19.925,-0.003340,-0.007500,0.130000,-0.005043,-0.009943,0.129776,0.060948,0.077139,-0.385266,0.397612,19.049000
19.950,-0.003255,-0.007500,0.130000,-0.004795,-0.009509,0.129846,0.060572,0.076436,-0.384709,0.396879,17.878000
19.975,-0.003170,-0.007500,0.130000,-0.004863,-0.010013,0.129758,0.060151,0.076124,-0.384027,0.396093,18.966000
20.000,-0.003085,-0.007500,0.130000,-0.004688,-0.009678,0.129806,0.059900,0.075518,-0.383418,0.395348,18.584000
20.025,-0.003000,-0.007500,0.130000,-0.004687,-0.009975,0.129755,0.059499,0.074968,-0.382745,0.394530,19.302000
20.050,-0.002915,-0.007500,0.130000,-0.004404,-0.009407,0.129850,0.059110,0.074150,-0.382061,0.393653,17.727000
20.075,-0.002830,-0.007500,0.130000,-0.004450,-0.009835,0.129779,0.058540,0.073545,-0.381226,0.392643,18.905000
20.100,-0.002745,-0.007500,0.130000,-0.004334,-0.009599,0.129810,0.058161,0.072948,-0.380360,0.391635,18.019000
20.125,-0.002660,-0.007500,0.130000,-0.004321,-0.009861,0.129766,0.057515,0.072376,-0.379444,0.390543,18.937000
20.150,-0.002575,-0.007500,0.130000,-0.004210,-0.009624,0.129796,0.057010,0.071786,-0.378536,0.389478,17.667000
20.175,-0.002490,-0.007500,0.130000,-0.004208,-0.009830,0.129757,0.056664,0.071408,-0.377614,0.388461,18.835000
20.200,-0.002405,-0.007500,0.130000,-0.003943,-0.009318,0.129838,0.056423,0.070728,-0.376803,0.387513,18.521000
20.225,-0.002320,-0.007500,0.130000,-0.003889,-0.009457,0.129818,0.056054,0.069734,-0.376075,0.386572,18.861000
20.250,-0.002235,-0.007500,0.130000,-0.003744,-0.009229,0.129856,0.055858,0.069004,-0.375402,0.385757,17.945000
20.275,-0.002150,-0.007500,0.130000,-0.003761,-0.009592,0.129799,0.055612,0.068452,-0.374670,0.384910,18.864000
20.300,-0.002065,-0.007500,0.130000,-0.003614,-0.009327,0.129838,0.055506,0.067844,-0.373978,0.384113,17.974000
20.325,-0.001980,-0.007500,0.130000,-0.003562,-0.009594,0.129799,0.055039,0.067261,-0.373241,0.383226,18.914000
20.350,-0.001895,-0.007500,0.130000,-0.003328,-0.009059,0.129878,0.054453,0.066604,-0.372470,0.382276,17.931000
20.375,-0.001810,-0.007500,0.130000,-0.003405,-0.009473,0.129803,0.054045,0.066189,-0.371557,0.381256,19.226000
20.400,-0.001725,-0.007500,0.130000,-0.003250,-0.009141,0.129846,0.053671,0.065547,-0.370499,0.380061,18.165000
20.425,-0.001640,-0.007500,0.130000,-0.003086,-0.008877,0.129881,0.053458,0.064699,-0.369421,0.378834,18.966000
20.450,-0.001555,-0.007500,0.130000,-0.003056,-0.008953,0.129875,0.053206,0.063784,-0.368341,0.377590,17.661000
20.475,-0.001470,-0.007500,0.130000,-0.003133,-0.009526,0.129790,0.053031,0.063311,-0.367201,0.376374,19.276000
20.500,-0.001385,-0.007500,0.130000,-0.002902,-0.008850,0.129892,0.053002,0.062609,-0.366157,0.375233,18.246000
20.525,-0.001300,-0.007500,0.130000,-0.002824,-0.008816,0.129903,0.052857,0.061805,-0.365147,0.374094,19.173000
20.550,-0.001215,-0.007500,0.130000,-0.002645,-0.008505,0.129951,0.052620,0.060555,-0.364162,0.372894,17.623000
20.575,-0.001130,-0.007500,0.130000,-0.002697,-0.008954,0.129893,0.052508,0.059750,-0.363102,0.371713,19.301000
20.600,-0.001045,-0.007500,0.130000,-0.002559,-0.008664,0.129937,0.052450,0.058922,-0.361984,0.370480,18.186000
20.625,-0.000960,-0.007500,0.130000,-0.002461,-0.008791,0.129922,0.052250,0.058234,-0.360790,0.369175,18.602000
20.650,-0.000875,-0.007500,0.130000,-0.002436,-0.008804,0.129922,0.052029,0.057567,-0.359588,0.367865,17.928000
20.675,-0.000790,-0.007500,0.130000,-0.002317,-0.008825,0.129915,0.051827,0.057055,-0.358435,0.366629,18.693000
20.700,-0.000705,-0.007500,0.130000,-0.002151,-0.008335,0.129987,0.051616,0.056224,-0.357405,0.365463,18.015000
20.725,-0.000620,-0.007500,0.130000,-0.002092,-0.008658,0.129939,0.051264,0.055684,-0.356310,0.364261,19.217000
20.750,-0.000535,-0.007500,0.130000,-0.002019,-0.008369,0.129975,0.051067,0.054907,-0.355297,0.363123,18.475000
20.775,-0.000450,-0.007500,0.130000,-0.002062,-0.008809,0.129913,0.050950,0.054080,-0.354321,0.362027,18.552000
20.800,-0.000365,-0.007500,0.130000,-0.001928,-0.008423,0.129966,0.051014,0.053308,-0.353382,0.361003,18.065000
20.825,-0.000280,-0.007500,0.130000,-0.001918,-0.008887,0.129904,0.050961,0.052640,-0.352399,0.359935,18.482000
20.850,-0.000195,-0.007500,0.130000,-0.001773,-0.008503,0.129958,0.050916,0.051679,-0.351504,0.358912,17.678000
20.875,-0.000110,-0.007500,0.130000,-0.001770,-0.008831,0.129915,0.050822,0.051173,-0.350597,0.357938,18.800000
20.900,-0.000025,-0.007500,0.130000,-0.001591,-0.008326,0.129981,0.050814,0.050499,-0.349754,0.357016,17.765000
20.925,0.000060,-0.007500,0.130000,-0.001533,-0.008769,0.129912,0.050661,0.050222,-0.348825,0.356044,18.577000
20.950,0.000145,-0.007500,0.130000,-0.001398,-0.008145,0.129993,0.050509,0.049408,-0.347980,0.355081,17.942000
20.975,0.000230,-0.007500,0.130000,-0.001333,-0.008188,0.129981,0.050460,0.048758,-0.347104,0.354125,18.598000
21.000,0.000315,-0.007500,0.130000,-0.001264,-0.008047,0.129999,0.050503,0.047973,-0.346146,0.353085,17.970000
21.025,0.000400,-0.007500,0.130000,-0.001217,-0.008365,0.129949,0.050484,0.047397,-0.345028,0.351908,18.176000
21.050,0.000485,-0.007500,0.130000,-0.001197,-0.008446,0.129938,0.050566,0.046878,-0.343894,0.350738,17.824000
21.075,0.000485,-0.007500,0.130000,-0.001105,-0.008573,0.129919,0.050431,0.046285,-0.342727,0.349496,18.937000
21.100,0.000655,-0.007500,0.130000,-0.000969,-0.008105,0.129973,0.050414,0.045589,-0.341649,0.348344,17.664000
21.125,0.000740,-0.007500,0.130000,-0.000952,-0.008529,0.129913,0.050342,0.044951,-0.340605,0.347228,18.687000
21.150,0.000825,-0.007500,0.130000,-0.000821,-0.007916,0.129988,0.050385,0.044252,-0.339665,0.346221,17.355000
21.175,0.000910,-0.007500,0.130000,-0.000783,-0.008309,0.129926,0.050434,0.043881,-0.338687,0.345221,17.957000
21.200,0.000995,-0.007500,0.130000,-0.000712,-0.008369,0.129906,0.050512,0.043574,-0.337670,0.344197,17.968000
21.225,0.001080,-0.007500,0.130000,-0.000529,-0.008031,0.129931,0.050391,0.043027,-0.336554,0.343015,18.393000
21.250,0.001165,-0.007500,0.130000,-0.000499,-0.008047,0.129916,0.050202,0.042543,-0.335368,0.341763,18.377000
21.275,0.001165,-0.007500,0.130000,-0.000470,-0.008356,0.129856,0.049979,0.042193,-0.334228,0.340568,17.958000
21.300,0.001335,-0.007500,0.130000,-0.000361,-0.007840,0.129895,0.049923,0.041639,-0.333197,0.339479,18.659000
21.325,0.001420,-0.007500,0.130000,-0.000356,-0.008421,0.129785,0.049941,0.041593,-0.331973,0.338275,18.023000
21.350,0.001505,-0.007500,0.130000,-0.000205,-0.007732,0.129830,0.050107,0.041017,-0.330891,0.337167,18.037000
21.375,0.001590,-0.007500,0.130000,-0.000103,-0.007761,0.129781,0.050299,0.040503,-0.329831,0.336093,18.078000
21.400,0.001675,-0.007500,0.130000,-0.000047,-0.008311,0.129681,0.050385,0.040515,-0.328663,0.334961,17.904000
21.425,0.001760,-0.007500,0.130000,0.000050,-0.008236,0.129663,0.050394,0.040395,-0.327588,0.333894,18.185000
21.450,0.001845,-0.007500,0.130000,0.000183,-0.007735,0.129684,0.050355,0.039997,-0.326596,0.332867,17.558000
21.475,0.001930,-0.007500,0.130000,0.000341,-0.007866,0.129618,0.049989,0.039727,-0.325493,0.331697,17.954000
21.500,0.002015,-0.007500,0.130000,0.000398,-0.007650,0.129624,0.049546,0.039561,-0.324355,0.330494,18.578000
21.525,0.002100,-0.007500,0.130000,0.000399,-0.008073,0.129535,0.049199,0.039592,-0.323219,0.329330,18.031000
21.550,0.002185,-0.007500,0.130000,0.000512,-0.007588,0.129552,0.048899,0.039157,-0.322223,0.328256,18.456000
21.575,0.002270,-0.007500,0.130000,0.000570,-0.007632,0.129498,0.048605,0.038763,-0.321233,0.327194,17.922000
21.600,0.002355,-0.007500,0.130000,0.000603,-0.007474,0.129487,0.048412,0.038255,-0.320306,0.326195,18.643000
21.625,0.002440,-0.007500,0.130000,0.000623,-0.008207,0.129358,0.048199,0.038231,-0.319206,0.325080,18.488000
21.650,0.002525,-0.007500,0.130000,0.000693,-0.007623,0.129388,0.048178,0.037842,-0.318212,0.324056,18.239000
21.675,0.002610,-0.007500,0.130000,0.000771,-0.008140,0.129289,0.048161,0.037809,-0.317041,0.322899,18.584000
21.700,0.002695,-0.007500,0.130000,0.000877,-0.007533,0.129323,0.048281,0.037333,-0.315889,0.321731,18.286000
21.725,0.002780,-0.007500,0.130000,0.000976,-0.008000,0.129239,0.048279,0.037007,-0.314689,0.320514,19.247000
21.750,0.002865,-0.007500,0.130000,0.001115,-0.007522,0.129273,0.048278,0.036533,-0.313611,0.319402,18.245000
21.775,0.002865,-0.007500,0.130000,0.001222,-0.008057,0.129179,0.048038,0.036455,-0.312453,0.318219,18.030000
21.800,0.003035,-0.007500,0.130000,0.001301,-0.007439,0.129224,0.047842,0.035946,-0.311428,0.317125,17.912000
21.825,0.003120,-0.007500,0.130000,0.001355,-0.007582,0.129190,0.047438,0.035496,-0.310393,0.315997,17.936000
21.850,0.003205,-0.007500,0.130000,0.001367,-0.007474,0.129199,0.047134,0.035022,-0.309396,0.314919,17.650000
21.875,0.003290,-0.007500,0.130000,0.001416,-0.007685,0.129152,0.046837,0.034719,-0.308349,0.313812,17.399000
21.900,0.003375,-0.007500,0.130000,0.001417,-0.007494,0.129154,0.046756,0.034223,-0.307267,0.312683,17.252000
21.925,0.003460,-0.007500,0.130000,0.001521,-0.007833,0.129103,0.046931,0.034095,-0.306203,0.311650,17.126000
21.950,0.003545,-0.007500,0.130000,0.001588,-0.007385,0.129172,0.047103,0.033464,-0.305398,0.310816,17.578000
21.975,0.003630,-0.007500,0.130000,0.001750,-0.007726,0.129149,0.047210,0.033338,-0.304784,0.310215,17.298000
22.000,0.003715,-0.007500,0.130000,0.001802,-0.007275,0.129215,0.047205,0.032769,-0.304436,0.309812,17.310000
22.025,0.003800,-0.007500,0.130000,0.001900,-0.007667,0.129174,0.047122,0.032857,-0.304190,0.309567,17.281000
22.050,0.003885,-0.007500,0.130000,0.001952,-0.007433,0.129215,0.047094,0.032506,-0.303958,0.309298,17.580000
22.075,0.003970,-0.007500,0.130000,0.002024,-0.007825,0.129167,0.046946,0.032120,-0.303605,0.308888,17.097000
22.100,0.004055,-0.007500,0.130000,0.002049,-0.007410,0.129226,0.046780,0.031702,-0.303268,0.308488,17.483000
22.125,0.004140,-0.007500,0.130000,0.002136,-0.007978,0.129157,0.046703,0.031837,-0.303016,0.308242,17.195000
22.150,0.004225,-0.007500,0.130000,0.002172,-0.007289,0.129228,0.046915,0.031451,-0.302982,0.308202,18.211000
22.175,0.004310,-0.007500,0.130000,0.002365,-0.007624,0.129181,0.047119,0.031425,-0.303073,0.308320,17.027000
22.200,0.004395,-0.007500,0.130000,0.002432,-0.007373,0.129222,0.047437,0.031227,-0.303274,0.308546,18.098000
22.225,0.004480,-0.007500,0.130000,0.002676,-0.008077,0.129135,0.047286,0.031736,-0.303219,0.308520,17.083000
22.250,0.004565,-0.007500,0.130000,0.002716,-0.007512,0.129223,0.046951,0.031613,-0.303241,0.308478,17.265000
22.275,0.004565,-0.007500,0.130000,0.002787,-0.007774,0.129206,0.046423,0.031370,-0.303382,0.308512,17.157000
22.300,0.004735,-0.007500,0.130000,0.002739,-0.007245,0.129286,0.046059,0.031047,-0.303688,0.308726,18.020000
22.325,0.004820,-0.007500,0.130000,0.002905,-0.007757,0.129208,0.045567,0.031134,-0.303940,0.308909,17.137000
22.350,0.004905,-0.007500,0.130000,0.002858,-0.007362,0.129248,0.045266,0.030869,-0.304203,0.309098,17.215000
22.375,0.004990,-0.007500,0.130000,0.003016,-0.007956,0.129172,0.044880,0.031118,-0.304368,0.309229,17.246000
22.400,0.005075,-0.007500,0.130000,0.003025,-0.007369,0.129273,0.044653,0.030901,-0.304632,0.309434,17.354000
22.425,0.005160,-0.007500,0.130000,0.003173,-0.007589,0.129263,0.044321,0.030915,-0.304913,0.309664,17.259000
22.450,0.005245,-0.007500,0.130000,0.003170,-0.007243,0.129326,0.043911,0.030600,-0.305260,0.309916,16.746000
22.475,0.005330,-0.007500,0.130000,0.003335,-0.007839,0.129254,0.043434,0.030786,-0.305538,0.310142,16.983000
22.500,0.005415,-0.007500,0.130000,0.003384,-0.007367,0.129320,0.042779,0.030812,-0.305825,0.310336,17.200000
22.525,0.005500,-0.007500,0.130000,0.003528,-0.007593,0.129270,0.042264,0.030912,-0.306106,0.310552,17.002000
22.550,0.005585,-0.007500,0.130000,0.003528,-0.007281,0.129310,0.041709,0.030967,-0.306320,0.310694,17.145000
22.575,0.005670,-0.007500,0.130000,0.003744,-0.007754,0.129228,0.041328,0.031292,-0.306425,0.310779,17.223000
22.600,0.005755,-0.007500,0.130000,0.003672,-0.007124,0.129313,0.041129,0.031049,-0.306572,0.310873,16.864000
22.625,0.005840,-0.007500,0.130000,0.003824,-0.007152,0.129309,0.040764,0.030816,-0.306761,0.310988,17.298000
22.650,0.005925,-0.007500,0.130000,0.003863,-0.007052,0.129326,0.040341,0.030467,-0.307101,0.311234,16.998000
22.675,0.006010,-0.007500,0.130000,0.004078,-0.007650,0.129234,0.040055,0.030777,-0.307471,0.311593,17.268000
22.700,0.006095,-0.007500,0.130000,0.004100,-0.007120,0.129313,0.040029,0.030668,-0.307967,0.312068,16.893000
22.725,0.006180,-0.007500,0.130000,0.004427,-0.007750,0.129218,0.039693,0.031181,-0.308282,0.312387,17.600000
22.750,0.006265,-0.007500,0.130000,0.004410,-0.006970,0.129341,0.039580,0.030855,-0.308643,0.312697,17.347000
22.775,0.006350,-0.007500,0.130000,0.004588,-0.007104,0.129329,0.039584,0.031208,-0.308711,0.312799,17.391000
22.800,0.006435,-0.007500,0.130000,0.004748,-0.006944,0.129352,0.039601,0.031614,-0.308449,0.312584,16.989000
22.825,0.006520,-0.007500,0.130000,0.004905,-0.006932,0.129355,0.039692,0.031697,-0.307820,0.311983,17.418000
22.850,0.006605,-0.007500,0.130000,0.004899,-0.006153,0.129477,0.039166,0.031950,-0.306968,0.311102,16.364000
22.875,0.006690,-0.007500,0.130000,0.004903,-0.005960,0.129504,0.038280,0.032709,-0.306138,0.310251,17.602000
22.900,0.006775,-0.007500,0.130000,0.004789,-0.005181,0.129599,0.037392,0.033443,-0.305441,0.309534,18.121000
22.925,0.006860,-0.007500,0.130000,0.004659,-0.004582,0.129658,0.036464,0.034259,-0.304754,0.308834,17.664000
22.950,0.006945,-0.007500,0.130000,0.004540,-0.003747,0.129744,0.035795,0.034915,-0.304142,0.308225,17.386000
22.975,0.007030,-0.007500,0.130000,0.004451,-0.003306,0.129771,0.035431,0.035637,-0.303513,0.307645,17.610000
23.000,0.007115,-0.007500,0.130000,0.004648,-0.003738,0.129748,0.034895,0.037125,-0.302713,0.306971,17.008000
23.025,0.007200,-0.007500,0.130000,0.004726,-0.003512,0.129773,0.034399,0.038240,-0.302127,0.306474,17.490000
23.050,0.007285,-0.007500,0.130000,0.004742,-0.003336,0.129797,0.033740,0.039746,-0.301332,0.305809,16.645000
23.075,0.007285,-0.007500,0.130000,0.004759,-0.003044,0.129820,0.033211,0.040676,-0.300799,0.305348,17.236000
23.100,0.007455,-0.007500,0.130000,0.004813,-0.003024,0.129823,0.032620,0.041674,-0.300251,0.304879,16.899000
23.125,0.007540,-0.007500,0.130000,0.005063,-0.003512,0.129787,0.031734,0.043206,-0.299550,0.304309,17.323000
23.150,0.007625,-0.007500,0.130000,0.004922,-0.002975,0.129835,0.030814,0.044848,-0.298951,0.303862,16.544000
23.175,0.007710,-0.007500,0.130000,0.004953,-0.002907,0.129835,0.029991,0.045810,-0.298479,0.303460,17.495000
23.200,0.007795,-0.007500,0.130000,0.004956,-0.002995,0.129835,0.029233,0.046794,-0.297919,0.302985,17.113000
23.225,0.007880,-0.007500,0.130000,0.005105,-0.003343,0.129810,0.028420,0.048136,-0.297352,0.302561,17.411000
23.250,0.007965,-0.007500,0.130000,0.005039,-0.003092,0.129838,0.027705,0.050068,-0.296828,0.302293,16.992000
23.275,0.008050,-0.007500,0.130000,0.005205,-0.003346,0.129821,0.027255,0.051684,-0.296608,0.302308,16.952000
23.300,0.008135,-0.007500,0.130000,0.005103,-0.002795,0.129864,0.026974,0.052712,-0.296434,0.302290,17.246000
23.325,0.008220,-0.007500,0.130000,0.005191,-0.002817,0.129860,0.026331,0.054164,-0.295971,0.302036,16.972000
23.350,0.008305,-0.007500,0.130000,0.005385,-0.003224,0.129838,0.025454,0.056160,-0.295424,0.301790,16.824000
23.375,0.008390,-0.007500,0.130000,0.005515,-0.003362,0.129827,0.024712,0.057554,-0.295277,0.301847,16.886000
23.400,0.008475,-0.007500,0.130000,0.005475,-0.003233,0.129845,0.024123,0.058725,-0.295106,0.301858,17.035000
23.425,0.008560,-0.007500,0.130000,0.005439,-0.003081,0.129854,0.023444,0.060214,-0.294831,0.301828,17.098000
23.450,0.008645,-0.007500,0.130000,0.005577,-0.003325,0.129838,0.022774,0.061833,-0.294669,0.301947,17.126000
23.475,0.008730,-0.007500,0.130000,0.005875,-0.003918,0.129790,0.022082,0.063339,-0.294543,0.302085,16.960000
23.500,0.008815,-0.007500,0.130000,0.005725,-0.003537,0.129827,0.021550,0.064287,-0.294506,0.302210,17.725000
23.525,0.008900,-0.007500,0.130000,0.005735,-0.003585,0.129816,0.020856,0.065697,-0.294163,0.302131,16.991000
23.550,0.008985,-0.007500,0.130000,0.005892,-0.003907,0.129791,0.020167,0.066888,-0.294012,0.302198,17.745000
23.575,0.009070,-0.007500,0.130000,0.005938,-0.003981,0.129780,0.019097,0.068828,-0.293418,0.301987,16.642000
23.600,0.009155,-0.007500,0.130000,0.005858,-0.003810,0.129808,0.018176,0.070251,-0.293365,0.302207,18.247000
23.625,0.009240,-0.007500,0.130000,0.005605,-0.003351,0.129847,0.017533,0.071222,-0.293370,0.302400,17.574000
23.650,0.009325,-0.007500,0.130000,0.005896,-0.003954,0.129789,0.016739,0.072768,-0.293147,0.302507,17.318000
23.675,0.009410,-0.007500,0.130000,0.005696,-0.003553,0.129830,0.016074,0.074193,-0.293220,0.302888,16.861000
23.700,0.009495,-0.007500,0.130000,0.006112,-0.004240,0.129772,0.015142,0.076175,-0.293075,0.303192,17.489000
23.725,0.009580,-0.007500,0.130000,0.006197,-0.004281,0.129770,0.014334,0.077678,-0.293350,0.303798,17.057000
23.750,0.009665,-0.007500,0.130000,0.006071,-0.004050,0.129804,0.013333,0.079520,-0.293386,0.304264,18.082000
23.775,0.009750,-0.007500,0.130000,0.005813,-0.003574,0.129863,0.012413,0.080943,-0.293687,0.304890,16.843000
23.800,0.009835,-0.007500,0.130000,0.006056,-0.003976,0.129827,0.011335,0.082598,-0.293781,0.305382,17.669000
23.825,0.009920,-0.007500,0.130000,0.006143,-0.004101,0.129818,0.010428,0.083821,-0.294074,0.305964,16.828000
23.850,0.010005,-0.007500,0.130000,0.006166,-0.004147,0.129820,0.009249,0.085646,-0.293966,0.306328,17.849000
23.875,0.010090,-0.007500,0.130000,0.005823,-0.003598,0.129883,0.008266,0.087060,-0.294241,0.306962,17.066000
23.900,0.010175,-0.007500,0.130000,0.006064,-0.003986,0.129856,0.007480,0.088163,-0.294493,0.307497,17.631000
23.925,0.010260,-0.007500,0.130000,0.006606,-0.004751,0.129756,0.006252,0.090108,-0.294215,0.307768,17.341000
23.950,0.010345,-0.007500,0.130000,0.006129,-0.004084,0.129852,0.005059,0.092000,-0.294326,0.308411,18.716000
23.975,0.010430,-0.007500,0.130000,0.005828,-0.003630,0.129903,0.004097,0.093404,-0.294544,0.309026,16.913000
24.000,0.010515,-0.007500,0.130000,0.006166,-0.004119,0.129855,0.003199,0.094657,-0.294693,0.309538,17.960000
24.025,0.010600,-0.007500,0.130000,0.006443,-0.004498,0.129808,0.002088,0.096347,-0.294611,0.309973,16.532000
24.050,0.010685,-0.007500,0.130000,0.006067,-0.003982,0.129883,0.000885,0.098195,-0.294629,0.310563,18.536000
24.075,0.010770,-0.007500,0.130000,0.005959,-0.003831,0.129904,-0.000118,0.099710,-0.294869,0.311271,17.016000
24.100,0.010855,-0.007500,0.130000,0.006228,-0.004191,0.129872,-0.001037,0.101083,-0.295105,0.311939,19.351000
24.125,0.010940,-0.007500,0.130000,0.006093,-0.004011,0.129895,-0.002292,0.102995,-0.295074,0.312541,16.662000
24.150,0.011025,-0.007500,0.130000,0.006126,-0.004013,0.129905,-0.003562,0.104773,-0.295382,0.313434,19.596000
24.175,0.011110,-0.007500,0.130000,0.005882,-0.003704,0.129941,-0.004646,0.106258,-0.295777,0.314319,17.080000
24.200,0.011195,-0.007500,0.130000,0.006211,-0.004123,0.129896,-0.005601,0.107518,-0.296188,0.315149,17.822000
24.225,0.011280,-0.007500,0.130000,0.006223,-0.004152,0.129896,-0.006840,0.109304,-0.296303,0.315895,16.931000
24.250,0.011365,-0.007500,0.130000,0.006362,-0.004299,0.129875,-0.007912,0.110791,-0.296758,0.316864,19.323000
24.275,0.011450,-0.007500,0.130000,0.006534,-0.004496,0.129841,-0.009958,0.112491,-0.296832,0.317589,16.758000
24.300,0.011500,-0.007465,0.130000,0.006239,-0.004329,0.129880,-0.012317,0.112836,-0.297420,0.318343,20.153000
24.325,0.011500,-0.007380,0.130000,0.005788,-0.004233,0.129890,-0.013282,0.112397,-0.297586,0.318382,17.101000
24.350,0.011500,-0.007295,0.130000,0.006698,-0.005473,0.129707,-0.013635,0.112764,-0.297236,0.318199,18.306000
24.375,0.011500,-0.007210,0.130000,0.007694,-0.006453,0.129510,-0.014081,0.113372,-0.297291,0.318486,17.323000
24.400,0.011500,-0.007125,0.130000,0.008220,-0.006871,0.129389,-0.015748,0.115046,-0.296992,0.318885,18.329000
24.425,0.011500,-0.007040,0.130000,0.007933,-0.006622,0.129446,-0.017360,0.116494,-0.297615,0.320074,17.795000
24.450,0.011500,-0.006955,0.130000,0.008188,-0.006817,0.129390,-0.018652,0.117495,-0.298293,0.321141,18.728000
24.475,0.011500,-0.006870,0.130000,0.007910,-0.006605,0.129438,-0.020039,0.118652,-0.298624,0.321956,17.351000
24.500,0.011500,-0.006785,0.130000,0.008028,-0.006698,0.129416,-0.021009,0.119552,-0.299094,0.322787,19.562000
24.525,0.011500,-0.006700,0.130000,0.008228,-0.006809,0.129369,-0.022089,0.120550,-0.299329,0.323447,17.266000
24.550,0.011500,-0.006615,0.130000,0.008031,-0.006639,0.129413,-0.022944,0.121288,-0.299716,0.324140,20.120000
24.575,0.011500,-0.006530,0.130000,0.008116,-0.006682,0.129390,-0.024406,0.122415,-0.299751,0.324702,17.118000
24.600,0.011500,-0.006445,0.130000,0.008159,-0.006702,0.129385,-0.025892,0.123430,-0.300063,0.325489,19.153000
24.625,0.011500,-0.006360,0.130000,0.007818,-0.006472,0.129445,-0.026932,0.123942,-0.300635,0.326294,17.052000
24.650,0.011500,-0.006275,0.130000,0.008206,-0.006771,0.129365,-0.027675,0.124246,-0.301148,0.326945,18.316000
24.675,0.011500,-0.006190,0.130000,0.008249,-0.006811,0.129342,-0.028272,0.124647,-0.301502,0.327475,17.324000
24.700,0.011500,-0.006105,0.130000,0.008951,-0.007207,0.129199,-0.029078,0.125176,-0.301797,0.328019,19.106000
24.725,0.011500,-0.006020,0.130000,0.009128,-0.007270,0.129158,-0.030577,0.125670,-0.301884,0.328423,17.867000
24.750,0.011500,-0.005935,0.130000,0.008756,-0.007034,0.129229,-0.031630,0.125450,-0.302339,0.328857,19.447000
24.775,0.011500,-0.005850,0.130000,0.008666,-0.007050,0.129227,-0.032820,0.124989,-0.302648,0.329082,19.995000
24.800,0.011500,-0.005765,0.130000,0.008660,-0.007093,0.129207,-0.033529,0.124302,-0.302997,0.329215,18.950000
24.825,0.011500,-0.005680,0.130000,0.008959,-0.007361,0.129112,-0.034644,0.124080,-0.303107,0.329348,17.714000
24.850,0.011500,-0.005595,0.130000,0.009159,-0.007462,0.129069,-0.035550,0.123858,-0.303418,0.329647,18.959000
24.875,0.011500,-0.005510,0.130000,0.008869,-0.007273,0.129106,-0.036623,0.123632,-0.303625,0.329870,17.560000
24.900,0.011500,-0.005425,0.130000,0.008869,-0.007273,0.129106,-0.037503,0.122922,-0.303888,0.329946,21.043000
24.925,0.011500,-0.005340,0.130000,0.008900,-0.007342,0.129073,-0.038307,0.122409,-0.304065,0.330010,17.711000
24.950,0.011500,-0.005255,0.130000,0.009077,-0.007376,0.129039,-0.039027,0.121920,-0.304270,0.330102,18.950000
24.975,0.011500,-0.005170,0.130000,0.009168,-0.007416,0.129015,-0.040037,0.121541,-0.304393,0.330197,17.405000
25.000,0.011500,-0.005085,0.130000,0.009070,-0.007305,0.129024,-0.040696,0.120954,-0.304652,0.330301,18.832000
25.025,0.011500,-0.005000,0.130000,0.009468,-0.007439,0.128927,-0.041819,0.120335,-0.304639,0.330203,17.745000
25.050,0.011500,-0.004915,0.130000,0.008969,-0.007208,0.129010,-0.042358,0.119339,-0.304777,0.330038,20.574000
25.075,0.011500,-0.004830,0.130000,0.009270,-0.007255,0.128946,-0.043248,0.118167,-0.304756,0.329712,18.130000
25.100,0.011500,-0.004745,0.130000,0.009011,-0.007147,0.128984,-0.043971,0.116546,-0.304751,0.329226,20.583000
25.125,0.011500,-0.004660,0.130000,0.009291,-0.007304,0.128900,-0.044603,0.115308,-0.304676,0.328805,18.189000
25.150,0.011500,-0.004575,0.130000,0.009107,-0.007226,0.128926,-0.044805,0.113898,-0.304598,0.328269,19.096000
25.175,0.011500,-0.004490,0.130000,0.009361,-0.007349,0.128866,-0.045405,0.112541,-0.304427,0.327724,18.933000
25.200,0.011500,-0.004405,0.130000,0.009404,-0.007330,0.128846,-0.046091,0.111157,-0.304289,0.327219,18.871000
25.225,0.011500,-0.004320,0.130000,0.009606,-0.007533,0.128763,-0.046821,0.110223,-0.304101,0.326832,18.282000
25.250,0.011500,-0.004235,0.130000,0.009477,-0.007435,0.128773,-0.046983,0.109215,-0.303963,0.326387,18.946000
25.275,0.011500,-0.004150,0.130000,0.009762,-0.007569,0.128698,-0.047022,0.108576,-0.303737,0.325969,18.337000
25.300,0.011500,-0.004065,0.130000,0.009558,-0.007298,0.128763,-0.046899,0.107757,-0.303426,0.325389,17.984000
25.325,0.011500,-0.003980,0.130000,0.010003,-0.007358,0.128678,-0.047112,0.107273,-0.302976,0.324841,19.090000
25.350,0.011500,-0.003895,0.130000,0.009914,-0.007234,0.128706,-0.047370,0.106586,-0.302524,0.324230,18.158000
25.375,0.011500,-0.003810,0.130000,0.010172,-0.007215,0.128650,-0.047581,0.106037,-0.302038,0.323627,18.150000
25.400,0.011500,-0.003725,0.130000,0.010107,-0.007111,0.128668,-0.047550,0.105484,-0.301549,0.322986,18.486000
25.425,0.011500,-0.003640,0.130000,0.010436,-0.007148,0.128602,-0.048029,0.104897,-0.300863,0.322224,17.971000
25.450,0.011500,-0.003555,0.130000,0.010184,-0.006922,0.128660,-0.047885,0.104197,-0.300381,0.321526,19.709000
25.475,0.011500,-0.003470,0.130000,0.010599,-0.006950,0.128582,-0.048129,0.103596,-0.299834,0.320857,18.595000
25.500,0.011500,-0.003385,0.130000,0.010292,-0.006772,0.128652,-0.047838,0.102895,-0.299439,0.320218,18.634000
25.525,0.011500,-0.003300,0.130000,0.010784,-0.006883,0.128554,-0.048002,0.102398,-0.298993,0.319666,17.440000
25.550,0.011500,-0.003215,0.130000,0.010608,-0.006664,0.128611,-0.048088,0.101775,-0.298614,0.319125,19.593000
25.575,0.011500,-0.003130,0.130000,0.010933,-0.006747,0.128536,-0.048314,0.101465,-0.298150,0.318626,17.603000
25.600,0.011500,-0.003045,0.130000,0.010900,-0.006588,0.128556,-0.048155,0.101090,-0.297722,0.318083,18.766000
25.625,0.011500,-0.002960,0.130000,0.011250,-0.006627,0.128487,-0.048107,0.100629,-0.297257,0.317494,17.977000
25.650,0.011500,-0.002875,0.130000,0.010918,-0.006354,0.128581,-0.047824,0.099963,-0.296875,0.316882,18.880000
25.675,0.011500,-0.002790,0.130000,0.011331,-0.006424,0.128498,-0.047886,0.099714,-0.296418,0.316385,18.426000
25.700,0.011500,-0.002705,0.130000,0.011035,-0.006157,0.128587,-0.047417,0.099083,-0.296076,0.315795,18.282000
25.725,0.011500,-0.002620,0.130000,0.011384,-0.006108,0.128536,-0.047463,0.098774,-0.295736,0.315387,18.561000
25.750,0.011500,-0.002620,0.130000,0.011135,-0.005946,0.128601,-0.047441,0.098433,-0.295548,0.315101,18.552000
25.775,0.011500,-0.002450,0.130000,0.011456,-0.005971,0.128536,-0.047641,0.098375,-0.295420,0.314993,18.636000
25.800,0.011500,-0.002365,0.130000,0.011257,-0.005749,0.128598,-0.047346,0.098106,-0.295508,0.314947,18.507000
25.825,0.011500,-0.002280,0.130000,0.011417,-0.005617,0.128588,-0.047223,0.097612,-0.295687,0.314943,18.810000
25.850,0.011500,-0.002195,0.130000,0.011336,-0.005525,0.128613,-0.046906,0.097101,-0.295963,0.314997,18.331000
25.875,0.011500,-0.002110,0.130000,0.011859,-0.005610,0.128506,-0.047065,0.096700,-0.296214,0.315133,18.478000
25.900,0.011500,-0.002025,0.130000,0.011617,-0.005426,0.128569,-0.046934,0.096441,-0.296665,0.315458,18.100000
25.925,0.011500,-0.001940,0.130000,0.012070,-0.005454,0.128477,-0.047375,0.096325,-0.297151,0.315946,18.526000
25.950,0.011500,-0.001855,0.130000,0.011652,-0.005207,0.128577,-0.047270,0.096037,-0.297912,0.316559,18.121000
25.975,0.011500,-0.001770,0.130000,0.012072,-0.005215,0.128491,-0.047826,0.095690,-0.298579,0.317164,18.848000
26.000,0.011500,-0.001685,0.130000,0.011779,-0.005041,0.128556,-0.047815,0.095332,-0.299419,0.317847,19.502000
26.025,0.011500,-0.001685,0.130000,0.012057,-0.005060,0.128495,-0.047675,0.094827,-0.300355,0.318557,18.508000
26.050,0.011500,-0.001515,0.130000,0.011842,-0.004886,0.128556,-0.047609,0.094286,-0.301333,0.319309,18.487000
26.075,0.011500,-0.001430,0.130000,0.012326,-0.004970,0.128446,-0.047938,0.094011,-0.302250,0.320142,18.012000
26.100,0.011500,-0.001345,0.130000,0.011938,-0.004772,0.128536,-0.048160,0.093685,-0.303223,0.320999,19.438000
26.125,0.011500,-0.001260,0.130000,0.012278,-0.004764,0.128463,-0.048380,0.093517,-0.304213,0.321919,18.481000
26.150,0.011500,-0.001175,0.130000,0.011927,-0.004611,0.128542,-0.047980,0.092941,-0.305327,0.322746,18.538000
26.175,0.011500,-0.001090,0.130000,0.012286,-0.004636,0.128470,-0.048359,0.092684,-0.306330,0.323678,18.273000
26.200,0.011500,-0.001005,0.130000,0.012103,-0.004508,0.128513,-0.048214,0.092352,-0.307433,0.324605,20.082000
26.225,0.011500,-0.000920,0.130000,0.012570,-0.004544,0.128414,-0.048176,0.091937,-0.308544,0.325535,18.381000
26.250,0.011500,-0.000835,0.130000,0.012318,-0.004364,0.128489,-0.048093,0.091720,-0.309558,0.326423,18.389000
26.275,0.011500,-0.000750,0.130000,0.012711,-0.004311,0.128414,-0.048361,0.091502,-0.310324,0.327128,18.392000
26.300,0.011500,-0.000665,0.130000,0.012329,-0.004170,0.128500,-0.048356,0.090913,-0.311042,0.327644,18.628000
26.325,0.011500,-0.000580,0.130000,0.012630,-0.004158,0.128435,-0.048422,0.090313,-0.311737,0.328148,19.063000
26.350,0.011500,-0.000495,0.130000,0.012382,-0.004035,0.128493,-0.048609,0.089867,-0.312381,0.328665,18.062000
26.375,0.011500,-0.000410,0.130000,0.012762,-0.004080,0.128404,-0.048900,0.089783,-0.312891,0.329171,18.758000
26.400,0.011500,-0.000325,0.130000,0.012533,-0.003917,0.128465,-0.048787,0.089754,-0.313381,0.329612,20.298000
26.425,0.011500,-0.000240,0.130000,0.012841,-0.003853,0.128409,-0.048576,0.089427,-0.313832,0.329921,19.177000
26.450,0.011500,-0.000155,0.130000,0.012474,-0.003679,0.128507,-0.048318,0.089051,-0.314247,0.330176,17.626000
26.475,0.011500,-0.000070,0.130000,0.013007,-0.003665,0.128401,-0.048520,0.088699,-0.314545,0.330394,18.408000
26.500,0.011500,0.000015,0.130000,0.012464,-0.003550,0.128522,-0.048080,0.088105,-0.315004,0.330608,18.622000
26.525,0.011500,0.000100,0.130000,0.012980,-0.003507,0.128422,-0.048278,0.087727,-0.315395,0.330909,19.807000
26.550,0.011500,0.000185,0.130000,0.012460,-0.003410,0.128535,-0.047847,0.087232,-0.315859,0.331158,19.268000
26.575,0.011500,0.000270,0.130000,0.012830,-0.003363,0.128468,-0.047891,0.087081,-0.316210,0.331459,18.283000
26.600,0.011500,0.000355,0.130000,0.012515,-0.003242,0.128543,-0.047606,0.086889,-0.316483,0.331629,18.399000
26.625,0.011500,0.000440,0.130000,0.012998,-0.003116,0.128456,-0.047738,0.086491,-0.316498,0.331558,18.570000
26.650,0.011500,0.000525,0.130000,0.012596,-0.003031,0.128550,-0.047419,0.085986,-0.316474,0.331357,19.591000
26.675,0.011500,0.000610,0.130000,0.012957,-0.003008,0.128482,-0.047147,0.085736,-0.316422,0.331205,18.284000
26.700,0.011500,0.000695,0.130000,0.012549,-0.002829,0.128596,-0.046766,0.085406,-0.316471,0.331112,18.439000
26.725,0.011500,0.000780,0.130000,0.013161,-0.002822,0.128475,-0.047105,0.085310,-0.316414,0.331081,18.754000
26.750,0.011500,0.000865,0.130000,0.012394,-0.002630,0.128653,-0.046922,0.084823,-0.316420,0.330936,19.978000
26.775,0.011500,0.000950,0.130000,0.012583,-0.002520,0.128626,-0.046804,0.084439,-0.316452,0.330851,18.682000
26.800,0.011500,0.001035,0.130000,0.012297,-0.002464,0.128691,-0.046425,0.084276,-0.316592,0.330890,17.849000
26.825,0.011500,0.001120,0.130000,0.012344,-0.002386,0.128694,-0.046354,0.084200,-0.316736,0.330998,18.469000
26.850,0.011500,0.001205,0.130000,0.012461,-0.002279,0.128686,-0.046276,0.084076,-0.316910,0.331123,17.799000
26.875,0.011500,0.001290,0.130000,0.012629,-0.002189,0.128660,-0.045778,0.083842,-0.317038,0.331116,18.605000
26.900,0.011500,0.001375,0.130000,0.012373,-0.002054,0.128734,-0.045433,0.083518,-0.316924,0.330878,17.617000
26.925,0.011500,0.001460,0.130000,0.012744,-0.001996,0.128666,-0.045202,0.082902,-0.316596,0.330377,18.925000
26.950,0.011500,0.001545,0.130000,0.012491,-0.001903,0.128735,-0.044932,0.082459,-0.316256,0.329903,17.681000
26.975,0.011500,0.001630,0.130000,0.012629,-0.001742,0.128726,-0.044805,0.081794,-0.315914,0.329392,18.582000
27.000,0.011500,0.001715,0.130000,0.012242,-0.001727,0.128811,-0.044321,0.081343,-0.315615,0.328929,18.287000
27.025,0.011500,0.001800,0.130000,0.012523,-0.001606,0.128777,-0.044039,0.080798,-0.315179,0.328337,18.043000
27.050,0.011500,0.001885,0.130000,0.012438,-0.001577,0.128807,-0.043668,0.080352,-0.314733,0.327750,17.895000
27.075,0.011500,0.001970,0.130000,0.012872,-0.001527,0.128733,-0.043318,0.080126,-0.314321,0.327253,18.269000
27.100,0.011500,0.002055,0.130000,0.012457,-0.001377,0.128850,-0.042902,0.079773,-0.313965,0.326770,18.007000
27.125,0.011500,0.002140,0.130000,0.012709,-0.001237,0.128820,-0.042837,0.079335,-0.313588,0.326292,17.957000
27.150,0.011500,0.002225,0.130000,0.012349,-0.001201,0.128901,-0.042488,0.078907,-0.313279,0.325846,18.283000
27.175,0.011500,0.002310,0.130000,0.012700,-0.001121,0.128839,-0.042334,0.078239,-0.312894,0.325294,18.221000
27.200,0.011500,0.002395,0.130000,0.012284,-0.001064,0.128932,-0.042047,0.077711,-0.312503,0.324754,18.062000
27.225,0.011500,0.002480,0.130000,0.012673,-0.000972,0.128863,-0.042008,0.077531,-0.312080,0.324298,18.045000
27.250,0.011500,0.002565,0.130000,0.012272,-0.000906,0.128955,-0.041677,0.077615,-0.311675,0.323886,18.374000
27.275,0.011500,0.002650,0.130000,0.012130,-0.000704,0.129012,-0.041277,0.077500,-0.311199,0.323349,18.007000
27.300,0.011500,0.002735,0.130000,0.012125,-0.000609,0.129036,-0.040867,0.077393,-0.310710,0.322801,18.037000
27.325,0.011500,0.002820,0.130000,0.012549,-0.000489,0.128970,-0.040590,0.076943,-0.310228,0.322195,18.318000
27.350,0.011500,0.002905,0.130000,0.012213,-0.000382,0.129060,-0.040224,0.076517,-0.309791,0.321626,17.625000
27.375,0.011500,0.002990,0.130000,0.012426,-0.000196,0.129035,-0.040096,0.075671,-0.309296,0.320932,18.124000
27.400,0.011500,0.003075,0.130000,0.012042,-0.000199,0.129101,-0.039809,0.074715,-0.308709,0.320107,17.748000
27.425,0.011500,0.003160,0.130000,0.011925,-0.000135,0.129117,-0.039324,0.073999,-0.308053,0.319247,18.359000
27.450,0.011500,0.003245,0.130000,0.011934,-0.000097,0.129118,-0.038761,0.073188,-0.307293,0.318257,17.629000
27.475,0.011500,0.003330,0.130000,0.012469,-0.000055,0.129011,-0.038490,0.072520,-0.306445,0.317253,17.915000
27.500,0.011500,0.003415,0.130000,0.012208,0.000048,0.129070,-0.038182,0.072154,-0.305706,0.316418,17.659000
27.525,0.011500,0.003500,0.130000,0.012392,0.000177,0.129036,-0.037976,0.071584,-0.305004,0.315585,17.571000
27.550,0.011500,0.003585,0.130000,0.012090,0.000331,0.129100,-0.037563,0.071126,-0.304382,0.314831,17.802000
27.575,0.011500,0.003670,0.130000,0.012042,0.000541,0.129122,-0.037133,0.070239,-0.303715,0.313935,17.616000
27.600,0.011500,0.003755,0.130000,0.011991,0.000588,0.129142,-0.036671,0.069321,-0.303069,0.313051,17.698000
27.625,0.011500,0.003840,0.130000,0.012420,0.000661,0.129059,-0.036288,0.068118,-0.302380,0.312075,17.640000
27.650,0.011500,0.003925,0.130000,0.012141,0.000727,0.129120,-0.035939,0.066825,-0.301735,0.311129,17.689000
27.675,0.011500,0.004010,0.130000,0.012334,0.000858,0.129082,-0.035664,0.065873,-0.301180,0.310356,17.284000
27.700,0.011500,0.004095,0.130000,0.012196,0.000920,0.129123,-0.035223,0.065138,-0.300728,0.309711,17.608000
27.725,0.011500,0.004180,0.130000,0.012463,0.001043,0.129075,-0.034702,0.064270,-0.300247,0.309004,17.621000
27.750,0.011500,0.004265,0.130000,0.012133,0.001107,0.129149,-0.034086,0.063496,-0.299724,0.308266,17.957000
27.775,0.011500,0.004350,0.130000,0.012362,0.001293,0.129109,-0.033733,0.062853,-0.299149,0.307536,17.381000
27.800,0.011500,0.004435,0.130000,0.012287,0.001363,0.129135,-0.033310,0.062403,-0.298609,0.306873,17.733000
27.825,0.011500,0.004520,0.130000,0.012619,0.001559,0.129076,-0.033034,0.061607,-0.298062,0.306149,17.364000
27.850,0.011500,0.004605,0.130000,0.012112,0.001695,0.129199,-0.032471,0.060930,-0.297691,0.305592,17.574000
27.875,0.011500,0.004690,0.130000,0.012224,0.001830,0.129192,-0.032026,0.060038,-0.297413,0.305098,17.215000
27.900,0.011500,0.004775,0.130000,0.012226,0.002018,0.129205,-0.031441,0.059120,-0.297204,0.304654,17.187000
27.925,0.011500,0.004860,0.130000,0.012299,0.002173,0.129202,-0.030945,0.058532,-0.297014,0.304304,17.054000
27.950,0.011500,0.004945,0.130000,0.012308,0.002259,0.129208,-0.030305,0.057858,-0.296836,0.303937,17.075000
27.975,0.011500,0.005030,0.130000,0.012752,0.002423,0.129116,-0.029998,0.057330,-0.296529,0.303506,16.785000
28.000,0.011500,0.005115,0.130000,0.012300,0.002543,0.129227,-0.029440,0.057139,-0.296206,0.303100,17.301000
28.025,0.011500,0.005200,0.130000,0.012395,0.002729,0.129223,-0.028859,0.056793,-0.295972,0.302750,16.999000
28.050,0.011500,0.005285,0.130000,0.012385,0.002971,0.129242,-0.028455,0.056760,-0.295774,0.302512,17.138000
28.075,0.011500,0.005370,0.130000,0.012702,0.003240,0.129184,-0.028404,0.056421,-0.295353,0.302032,16.747000
28.100,0.011500,0.005370,0.130000,0.012277,0.003373,0.129289,-0.027787,0.056015,-0.294781,0.301340,17.297000
28.125,0.011500,0.005540,0.130000,0.012232,0.003563,0.129317,-0.027148,0.055819,-0.294106,0.300585,16.870000
28.150,0.011500,0.005625,0.130000,0.012248,0.003718,0.129333,-0.026351,0.055420,-0.293355,0.299705,16.866000
28.175,0.011500,0.005710,0.130000,0.012709,0.004009,0.129249,-0.026195,0.055163,-0.292391,0.298700,16.675000
28.200,0.011500,0.005795,0.130000,0.012441,0.004079,0.129326,-0.025779,0.054979,-0.291327,0.297588,16.658000
28.225,0.011500,0.005880,0.130000,0.012439,0.004245,0.129334,-0.025387,0.054724,-0.290115,0.296320,17.056000
28.250,0.011500,0.005965,0.130000,0.012093,0.004231,0.129422,-0.024833,0.054449,-0.288873,0.295007,16.951000
28.275,0.011500,0.006050,0.130000,0.012458,0.004427,0.129353,-0.024528,0.054217,-0.287551,0.293643,17.204000
28.300,0.011500,0.006135,0.130000,0.012259,0.004546,0.129415,-0.024166,0.053647,-0.285945,0.291936,17.076000
28.325,0.011500,0.006135,0.130000,0.012227,0.004612,0.129438,-0.023603,0.053103,-0.284085,0.289968,17.453000
28.350,0.011500,0.006305,0.130000,0.011738,0.004642,0.129581,-0.023277,0.052771,-0.282495,0.288323,16.628000
28.375,0.011500,0.006390,0.130000,0.011786,0.004784,0.129585,-0.023566,0.052443,-0.281379,0.287193,17.176000
28.400,0.011500,0.006475,0.130000,0.011349,0.004861,0.129680,-0.024062,0.052499,-0.280572,0.286454,17.003000
28.425,0.011500,0.006560,0.130000,0.010879,0.004944,0.129767,-0.024677,0.052597,-0.279803,0.285771,17.161000
28.450,0.011500,0.006645,0.130000,0.009996,0.004880,0.129941,-0.025172,0.052626,-0.278944,0.284979,16.813000
28.475,0.011500,0.006730,0.130000,0.009931,0.005047,0.129961,-0.025874,0.052753,-0.277920,0.284063,17.238000
28.500,0.011500,0.006815,0.130000,0.009188,0.005017,0.130095,-0.026373,0.052686,-0.277039,0.283235,17.154000
28.525,0.011500,0.006900,0.130000,0.009096,0.005193,0.130127,-0.027163,0.052453,-0.276213,0.282459,17.084000
28.550,0.011500,0.006985,0.130000,0.008640,0.005180,0.130209,-0.027898,0.051968,-0.275438,0.281683,16.768000
28.575,0.011500,0.007070,0.130000,0.008580,0.005325,0.130230,-0.028700,0.051499,-0.274652,0.280909,17.573000
28.600,0.011500,0.007155,0.130000,0.008309,0.005325,0.130281,-0.029387,0.051233,-0.273891,0.280187,16.403000
28.625,0.011500,0.007240,0.130000,0.008518,0.005479,0.130249,-0.030428,0.051088,-0.272997,0.279398,17.312000
28.650,0.011500,0.007325,0.130000,0.008267,0.005465,0.130293,-0.031796,0.051054,-0.272110,0.278678,16.507000
28.675,0.011500,0.007410,0.130000,0.007765,0.005433,0.130360,-0.032849,0.050974,-0.271394,0.278087,17.684000
28.700,0.011500,0.007495,0.130000,0.007907,0.005567,0.130345,-0.033677,0.050816,-0.270729,0.277507,16.255000
28.725,0.011500,0.007580,0.130000,0.007880,0.005614,0.130349,-0.035165,0.050440,-0.269863,0.276780,18.153000
28.750,0.011500,0.007665,0.130000,0.008050,0.005699,0.130339,-0.036297,0.050135,-0.269248,0.276270,17.229000
28.775,0.011500,0.007750,0.130000,0.008295,0.005815,0.130299,-0.037696,0.049797,-0.268452,0.275621,17.323000
28.800,0.011500,0.007835,0.130000,0.007948,0.005723,0.130352,-0.039114,0.049501,-0.267650,0.274985,16.874000
28.825,0.011500,0.007920,0.130000,0.007471,0.005621,0.130408,-0.040005,0.049226,-0.266909,0.274343,18.059000
28.850,0.011500,0.008005,0.130000,0.008126,0.005845,0.130320,-0.041173,0.048790,-0.265977,0.273531,16.638000
28.875,0.011500,0.008090,0.130000,0.007877,0.005795,0.130349,-0.042641,0.048030,-0.264915,0.272589,17.740000
28.900,0.011500,0.008175,0.130000,0.007940,0.005832,0.130336,-0.043602,0.047442,-0.264098,0.271844,16.916000
28.925,0.011500,0.008260,0.130000,0.008027,0.005861,0.130317,-0.045131,0.046761,-0.262966,0.270877,17.708000
28.950,0.011500,0.008345,0.130000,0.008179,0.005934,0.130315,-0.046412,0.046257,-0.262156,0.270221,16.403000
28.975,0.011500,0.008430,0.130000,0.008370,0.006019,0.130309,-0.047924,0.045735,-0.261277,0.269544,17.535000
29.000,0.011500,0.008515,0.130000,0.008003,0.005898,0.130384,-0.049507,0.045115,-0.260506,0.268979,16.993000
29.025,0.011500,0.008600,0.130000,0.007989,0.005917,0.130410,-0.050546,0.044633,-0.259985,0.268588,17.026000
29.050,0.011500,0.008685,0.130000,0.008113,0.005973,0.130412,-0.051740,0.044101,-0.259380,0.268142,16.944000
29.075,0.011500,0.008770,0.130000,0.008093,0.006006,0.130404,-0.053596,0.043189,-0.258398,0.267409,16.395000
29.100,0.011500,0.008855,0.130000,0.008101,0.006032,0.130383,-0.054802,0.042529,-0.257880,0.267047,16.730000
29.125,0.011500,0.008940,0.130000,0.008134,0.006052,0.130396,-0.056646,0.041597,-0.256979,0.266416,16.689000
29.150,0.011525,0.009000,0.130000,0.008150,0.006093,0.130411,-0.057937,0.040848,-0.256559,0.266173,16.636000
29.175,0.011610,0.009000,0.130000,0.008037,0.006055,0.130437,-0.059916,0.039769,-0.255635,0.265557,16.967000
29.200,0.011695,0.009000,0.130000,0.007959,0.006032,0.130465,-0.060996,0.039055,-0.255387,0.265459,16.590000
29.225,0.011780,0.009000,0.130000,0.007994,0.006058,0.130473,-0.062679,0.038016,-0.254650,0.264991,17.154000
29.250,0.011865,0.009000,0.130000,0.008142,0.006127,0.130459,-0.064016,0.037271,-0.254332,0.264900,16.614000
29.275,0.011865,0.009000,0.130000,0.008128,0.006116,0.130478,-0.065941,0.036350,-0.253714,0.264651,17.188000
29.300,0.012035,0.009000,0.130000,0.008174,0.006139,0.130509,-0.067431,0.035841,-0.253689,0.264933,16.428000
29.325,0.012120,0.009000,0.130000,0.008186,0.006154,0.130519,-0.069750,0.035067,-0.253099,0.264866,17.279000
29.350,0.012205,0.009000,0.130000,0.008116,0.006133,0.130562,-0.072116,0.034347,-0.252937,0.265250,16.142000
29.375,0.012290,0.009000,0.130000,0.007633,0.005864,0.130653,-0.073981,0.033913,-0.253072,0.265836,17.175000
29.400,0.012375,0.009000,0.130000,0.008003,0.006042,0.130627,-0.075502,0.033677,-0.253194,0.266349,16.224000
29.425,0.012460,0.009000,0.130000,0.008643,0.006470,0.130529,-0.077797,0.033066,-0.252748,0.266510,16.838000
29.450,0.012545,0.009000,0.130000,0.008347,0.006306,0.130592,-0.079786,0.032611,-0.252881,0.267167,16.358000
29.475,0.012630,0.009000,0.130000,0.008348,0.006334,0.130602,-0.082707,0.031731,-0.252277,0.267378,16.290000
29.500,0.012715,0.009000,0.130000,0.008153,0.006206,0.130636,-0.085193,0.031155,-0.252636,0.268428,16.525000
29.525,0.012800,0.009000,0.130000,0.007696,0.005914,0.130717,-0.087030,0.030813,-0.253162,0.269471,17.231000
29.550,0.012885,0.009000,0.130000,0.008234,0.006256,0.130623,-0.089606,0.030175,-0.253092,0.270176,16.395000
29.575,0.012970,0.009000,0.130000,0.007732,0.005876,0.130740,-0.091396,0.029557,-0.253371,0.270968,16.679000
29.600,0.013055,0.009000,0.130000,0.008286,0.006143,0.130666,-0.092644,0.028321,-0.253208,0.271108,16.280000
29.625,0.013140,0.009000,0.130000,0.009109,0.006460,0.130536,-0.092639,0.027751,-0.254367,0.272130,16.671000
29.650,0.013225,0.009000,0.130000,0.010060,0.007027,0.130330,-0.091763,0.027621,-0.256694,0.273999,16.189000
29.675,0.013310,0.009000,0.130000,0.011724,0.008311,0.129883,-0.092011,0.026193,-0.257559,0.274753,16.194000
29.700,0.013395,0.009000,0.130000,0.012645,0.008848,0.129614,-0.092417,0.024787,-0.258198,0.275357,16.313000
29.725,0.013395,0.009000,0.130000,0.013313,0.009219,0.129446,-0.093684,0.023245,-0.258161,0.275616,16.675000
29.750,0.013565,0.009000,0.130000,0.012795,0.008318,0.129723,-0.094281,0.022856,-0.258816,0.276400,17.254000
29.775,0.013650,0.009000,0.130000,0.012831,0.008230,0.129746,-0.094561,0.022739,-0.259349,0.276986,16.516000
29.800,0.013735,0.009000,0.130000,0.013155,0.008481,0.129669,-0.094577,0.022704,-0.259745,0.277358,16.867000
29.825,0.013820,0.009000,0.130000,0.013779,0.009109,0.129492,-0.095487,0.022110,-0.259759,0.277635,16.493000
29.850,0.013905,0.009000,0.130000,0.013793,0.008979,0.129551,-0.096411,0.021621,-0.259912,0.278059,17.180000
29.875,0.013990,0.009000,0.130000,0.013706,0.008807,0.129624,-0.096905,0.021395,-0.259972,0.278270,16.469000
29.900,0.014075,0.009000,0.130000,0.013650,0.008636,0.129699,-0.097172,0.021259,-0.259739,0.278134,17.703000
29.925,0.014160,0.009000,0.130000,0.013768,0.008722,0.129672,-0.097447,0.021012,-0.259154,0.277666,17.107000
29.950,0.014245,0.009000,0.130000,0.013938,0.008817,0.129650,-0.097904,0.020729,-0.258345,0.277050,17.877000
29.975,0.014330,0.009000,0.130000,0.013876,0.008631,0.129708,-0.097883,0.020975,-0.257561,0.276331,16.547000
30.000,0.014415,0.009000,0.130000,0.013964,0.008530,0.129733,-0.097772,0.021250,-0.256674,0.275486,18.431000
30.025,0.014500,0.009000,0.130000,0.014238,0.008835,0.129640,-0.097809,0.021219,-0.255551,0.274451,17.946000
30.050,0.014585,0.009000,0.130000,0.014439,0.008945,0.129595,-0.097915,0.021033,-0.254270,0.273282,19.933000
30.075,0.014670,0.009000,0.130000,0.014470,0.008873,0.129614,-0.097720,0.020997,-0.253044,0.272069,17.383000
30.100,0.014755,0.009000,0.130000,0.014441,0.008727,0.129673,-0.097180,0.021187,-0.251954,0.270876,18.636000
30.125,0.014840,0.009000,0.130000,0.014576,0.008836,0.129647,-0.096979,0.020955,-0.250826,0.269736,18.120000
30.150,0.014925,0.009000,0.130000,0.014635,0.008746,0.129667,-0.096807,0.021020,-0.249851,0.268773,18.257000
30.175,0.015010,0.009000,0.130000,0.014714,0.008759,0.129672,-0.096458,0.021112,-0.248863,0.267737,17.532000
30.200,0.015095,0.009000,0.130000,0.014696,0.008671,0.129708,-0.095865,0.021137,-0.247824,0.266559,18.576000
30.225,0.015180,0.009000,0.130000,0.014957,0.008959,0.129613,-0.095335,0.020847,-0.246488,0.265103,18.332000
30.250,0.015265,0.009000,0.130000,0.014916,0.008698,0.129680,-0.094527,0.020804,-0.244874,0.263309,18.660000
30.275,0.015265,0.009000,0.130000,0.015238,0.008891,0.129590,-0.094099,0.020652,-0.242903,0.261311,17.267000
30.300,0.015435,0.009000,0.130000,0.015043,0.008511,0.129714,-0.093287,0.020789,-0.241098,0.259351,18.735000
30.325,0.015520,0.009000,0.130000,0.015123,0.008513,0.129717,-0.092779,0.020778,-0.239327,0.257521,17.542000
30.350,0.015605,0.009000,0.130000,0.015212,0.008527,0.129720,-0.092196,0.020848,-0.237568,0.255682,17.977000
30.375,0.015690,0.009000,0.130000,0.015177,0.008411,0.129779,-0.091516,0.021040,-0.235792,0.253803,17.600000
30.400,0.015775,0.009000,0.130000,0.015205,0.008407,0.129799,-0.090819,0.021289,-0.233982,0.251891,18.204000
30.425,0.015860,0.009000,0.130000,0.015453,0.008752,0.129711,-0.090429,0.021328,-0.232013,0.249925,19.906000
30.450,0.015945,0.009000,0.130000,0.015350,0.008514,0.129807,-0.090086,0.021532,-0.229999,0.247950,17.730000
30.475,0.016030,0.009000,0.130000,0.015487,0.008724,0.129771,-0.090069,0.021479,-0.227780,0.245881,18.575000
30.500,0.016115,0.009000,0.130000,0.015173,0.008273,0.129954,-0.089534,0.021798,-0.225764,0.243846,17.245000
30.525,0.016200,0.009000,0.130000,0.015443,0.008707,0.129860,-0.089345,0.021679,-0.223633,0.241794,19.239000
30.550,0.016285,0.009000,0.130000,0.015186,0.008283,0.130017,-0.088780,0.021943,-0.221527,0.239661,17.112000
30.575,0.016370,0.009000,0.130000,0.015306,0.008449,0.129993,-0.088296,0.022196,-0.219258,0.237408,18.711000
30.600,0.016455,0.009000,0.130000,0.015446,0.008607,0.129951,-0.088134,0.022275,-0.216915,0.235193,18.078000
30.625,0.016540,0.009000,0.130000,0.015447,0.008627,0.129972,-0.088119,0.022502,-0.214567,0.233046,17.912000
30.650,0.016625,0.009000,0.130000,0.015306,0.008393,0.130058,-0.087871,0.023054,-0.212144,0.230777,16.746000
30.675,0.016710,0.009000,0.130000,0.015322,0.008488,0.130070,-0.087686,0.023341,-0.209708,0.228497,16.929000
30.700,0.016795,0.009000,0.130000,0.015416,0.008460,0.130104,-0.087458,0.023767,-0.207435,0.226369,16.325000
30.725,0.016880,0.009000,0.130000,0.015562,0.008642,0.130095,-0.087371,0.024106,-0.205217,0.224340,16.856000
30.750,0.016965,0.009000,0.130000,0.015541,0.008492,0.130147,-0.087361,0.024535,-0.203153,0.222497,17.068000
30.775,0.017050,0.009000,0.130000,0.015657,0.008685,0.130147,-0.087593,0.024716,-0.201105,0.220741,16.670000
30.800,0.017135,0.009000,0.130000,0.015623,0.008551,0.130224,-0.087615,0.024880,-0.198960,0.218816,16.798000
30.825,0.017220,0.009000,0.130000,0.015649,0.008458,0.130263,-0.087180,0.025074,-0.196861,0.216757,16.739000
30.850,0.017305,0.009000,0.130000,0.015825,0.008420,0.130209,-0.086822,0.025483,-0.194782,0.214773,16.682000
30.875,0.017305,0.009000,0.130000,0.016222,0.009265,0.129923,-0.086690,0.024950,-0.192515,0.212602,16.556000
30.900,0.017475,0.009000,0.130000,0.015970,0.008774,0.130070,-0.086235,0.024752,-0.190317,0.210404,16.704000
30.925,0.017560,0.009000,0.130000,0.016041,0.008714,0.130076,-0.085973,0.024620,-0.187900,0.208096,16.319000
30.950,0.017645,0.009000,0.130000,0.015996,0.008364,0.130172,-0.085551,0.024856,-0.185489,0.205774,16.605000
30.975,0.017730,0.009000,0.130000,0.016082,0.008403,0.130175,-0.085091,0.024966,-0.182974,0.203330,16.215000
31.000,0.017815,0.009000,0.130000,0.016310,0.008470,0.130147,-0.084845,0.025050,-0.180504,0.201017,16.411000
31.025,0.017900,0.009000,0.130000,0.016412,0.008496,0.130158,-0.085131,0.025041,-0.178058,0.198945,16.246000
31.050,0.017985,0.009000,0.130000,0.016391,0.008267,0.130232,-0.085519,0.025225,-0.175874,0.197184,16.294000
31.075,0.018070,0.009000,0.130000,0.016350,0.008289,0.130279,-0.085918,0.025268,-0.173825,0.195539,17.004000
31.100,0.018155,0.009000,0.130000,0.016401,0.008315,0.130297,-0.086170,0.025418,-0.171949,0.194005,16.525000
31.125,0.018240,0.009000,0.130000,0.016593,0.008467,0.130272,-0.086795,0.025476,-0.170045,0.192608,17.012000
31.150,0.018325,0.009000,0.130000,0.016493,0.008282,0.130372,-0.087248,0.025754,-0.168376,0.191379,16.296000
31.175,0.018410,0.009000,0.130000,0.016523,0.008370,0.130400,-0.087917,0.025787,-0.166770,0.190280,16.522000
31.200,0.018495,0.009000,0.130000,0.016625,0.008428,0.130407,-0.088818,0.025779,-0.165240,0.189361,16.495000
31.225,0.018500,0.008920,0.130000,0.016535,0.008304,0.130478,-0.089626,0.025873,-0.163938,0.188621,16.526000
31.250,0.018500,0.008835,0.130000,0.016627,0.008318,0.130493,-0.090296,0.026106,-0.162817,0.188000,16.104000
31.275,0.018500,0.008750,0.130000,0.016696,0.008442,0.130486,-0.091429,0.026025,-0.161564,0.187455,16.822000
31.300,0.018500,0.008665,0.130000,0.016737,0.008358,0.130527,-0.092282,0.026180,-0.160558,0.187030,16.567000
31.325,0.018500,0.008580,0.130000,0.016753,0.008428,0.130540,-0.093274,0.025929,-0.159304,0.186414,16.413000
31.350,0.018500,0.008495,0.130000,0.016782,0.008246,0.130583,-0.094206,0.025817,-0.158079,0.185823,16.279000
31.375,0.018500,0.008410,0.130000,0.016771,0.008064,0.130629,-0.094702,0.025698,-0.156991,0.185135,16.327000
31.400,0.018500,0.008325,0.130000,0.016818,0.007987,0.130629,-0.095127,0.025500,-0.155958,0.184451,16.258000
31.425,0.018500,0.008240,0.130000,0.016839,0.007849,0.130642,-0.095895,0.025243,-0.154847,0.183876,16.114000
31.450,0.018500,0.008155,0.130000,0.016953,0.007763,0.130632,-0.096921,0.025105,-0.153690,0.183425,16.044000
31.475,0.018500,0.008070,0.130000,0.016850,0.007586,0.130691,-0.097677,0.025094,-0.152587,0.182902,16.345000
31.500,0.018500,0.007985,0.130000,0.016987,0.007642,0.130639,-0.098590,0.025086,-0.151309,0.182329,16.224000
31.525,0.018500,0.007900,0.130000,0.016906,0.007534,0.130686,-0.099446,0.025009,-0.150136,0.181812,16.310000
31.550,0.018500,0.007815,0.130000,0.017003,0.007555,0.130652,-0.100142,0.024858,-0.149065,0.181292,16.293000
31.575,0.018500,0.007730,0.130000,0.016978,0.007465,0.130673,-0.100979,0.024491,-0.147864,0.180722,16.313000
31.600,0.018500,0.007645,0.130000,0.016972,0.007254,0.130674,-0.101475,0.024261,-0.146816,0.180113,15.861000
31.625,0.018500,0.007560,0.130000,0.016998,0.007171,0.130674,-0.102108,0.023887,-0.145636,0.179462,16.233000
31.650,0.018500,0.007475,0.130000,0.016909,0.006902,0.130711,-0.102910,0.023593,-0.144424,0.178901,16.098000
31.675,0.018500,0.007390,0.130000,0.016953,0.006783,0.130704,-0.103409,0.023363,-0.143362,0.178303,16.136000
31.700,0.018500,0.007305,0.130000,0.017099,0.006800,0.130619,-0.104158,0.023032,-0.141985,0.177593,16.277000
31.725,0.018500,0.007220,0.130000,0.016981,0.006556,0.130669,-0.104802,0.022792,-0.140628,0.176860,16.475000
31.750,0.018500,0.007135,0.130000,0.017081,0.006585,0.130620,-0.105495,0.022490,-0.139160,0.176069,16.359000
31.775,0.018500,0.007050,0.130000,0.017124,0.006530,0.130610,-0.105944,0.022272,-0.137750,0.175201,16.272000
31.800,0.018500,0.006965,0.130000,0.017110,0.006455,0.130612,-0.106191,0.022010,-0.136275,0.174160,16.037000
31.825,0.018500,0.006880,0.130000,0.017138,0.006426,0.130593,-0.106549,0.021524,-0.134625,0.173031,16.491000
31.850,0.018500,0.006795,0.130000,0.017202,0.006345,0.130553,-0.107004,0.021069,-0.132980,0.171981,16.148000
31.875,0.018500,0.006710,0.130000,0.017104,0.006103,0.130582,-0.107319,0.020741,-0.131384,0.170907,16.153000
31.900,0.018500,0.006625,0.130000,0.017232,0.006116,0.130499,-0.107488,0.020404,-0.129746,0.169717,16.269000
31.925,0.018500,0.006540,0.130000,0.017193,0.005961,0.130514,-0.107723,0.019922,-0.128043,0.168512,16.335000
31.950,0.018500,0.006455,0.130000,0.017262,0.005862,0.130481,-0.107749,0.019468,-0.126471,0.167283,15.875000
31.975,0.018500,0.006370,0.130000,0.017399,0.005899,0.130397,-0.107872,0.018757,-0.124637,0.165899,16.237000
32.000,0.018500,0.006285,0.130000,0.017302,0.005581,0.130422,-0.108046,0.018169,-0.122682,0.164484,16.465000
32.025,0.018500,0.006200,0.130000,0.017208,0.005326,0.130446,-0.107830,0.017856,-0.120538,0.162713,16.152000
32.050,0.018500,0.006115,0.130000,0.017364,0.005429,0.130371,-0.107298,0.017256,-0.117729,0.160221,15.814000
32.075,0.018500,0.006030,0.130000,0.017374,0.005287,0.130365,-0.105791,0.017000,-0.115198,0.157325,16.249000
32.100,0.018500,0.005945,0.130000,0.017766,0.005592,0.130210,-0.103776,0.016958,-0.113370,0.154628,16.029000
32.125,0.018500,0.005860,0.130000,0.018216,0.006007,0.130019,-0.101806,0.016962,-0.111895,0.152225,16.122000
32.150,0.018500,0.005775,0.130000,0.018728,0.006507,0.129787,-0.100041,0.016804,-0.110189,0.149774,16.211000
32.175,0.018500,0.005690,0.130000,0.019014,0.006703,0.129658,-0.097964,0.017030,-0.108603,0.147247,16.169000
32.200,0.018500,0.005605,0.130000,0.019384,0.006906,0.129552,-0.096148,0.017256,-0.107187,0.145021,16.095000
32.225,0.018500,0.005520,0.130000,0.019651,0.007042,0.129468,-0.094717,0.017580,-0.105863,0.143134,16.105000
32.250,0.018500,0.005435,0.130000,0.019788,0.007008,0.129454,-0.093301,0.017952,-0.104544,0.141269,16.233000
32.275,0.018500,0.005350,0.130000,0.019879,0.006968,0.129447,-0.091957,0.018412,-0.103196,0.139443,16.059000
32.300,0.018500,0.005265,0.130000,0.019972,0.006963,0.129436,-0.090799,0.018902,-0.101820,0.137728,16.102000
32.325,0.018500,0.005180,0.130000,0.020028,0.006936,0.129462,-0.089640,0.019706,-0.100567,0.136152,16.226000
32.350,0.018500,0.005095,0.130000,0.020031,0.006911,0.129505,-0.088714,0.020323,-0.099478,0.134830,16.083000
32.375,0.018500,0.005010,0.130000,0.020034,0.006889,0.129520,-0.087596,0.021306,-0.098391,0.133446,16.124000
32.400,0.018500,0.004925,0.130000,0.020040,0.006935,0.129535,-0.086576,0.022181,-0.097406,0.132194,16.815000
32.425,0.018500,0.004840,0.130000,0.020083,0.007028,0.129536,-0.085633,0.022964,-0.096432,0.130994,16.214000
32.450,0.018500,0.004755,0.130000,0.020014,0.006882,0.129593,-0.084727,0.023645,-0.095444,0.129797,16.756000
32.475,0.018500,0.004670,0.130000,0.019919,0.006687,0.129656,-0.083573,0.024647,-0.094478,0.128522,16.082000
32.500,0.018500,0.004585,0.130000,0.019987,0.006773,0.129634,-0.082593,0.025487,-0.093686,0.127469,16.929000
32.525,0.018500,0.004500,0.130000,0.019905,0.006583,0.129691,-0.081316,0.026523,-0.092928,0.126299,16.547000
32.550,0.018500,0.004415,0.130000,0.020024,0.006697,0.129656,-0.080207,0.027036,-0.092336,0.125260,16.901000
32.575,0.018500,0.004330,0.130000,0.020088,0.006681,0.129652,-0.078923,0.027548,-0.091809,0.124164,16.785000
32.600,0.018500,0.004245,0.130000,0.020062,0.006415,0.129691,-0.077557,0.028312,-0.091368,0.123145,16.613000
32.625,0.018500,0.004160,0.130000,0.020180,0.006466,0.129657,-0.076472,0.028850,-0.091105,0.122395,16.581000
32.650,0.018500,0.004075,0.130000,0.020119,0.006164,0.129693,-0.075521,0.029372,-0.090870,0.121752,16.261000
32.675,0.018500,0.003990,0.130000,0.020138,0.006094,0.129690,-0.074399,0.030261,-0.090640,0.121106,16.264000
32.700,0.018500,0.003905,0.130000,0.020123,0.006003,0.129667,-0.073502,0.030875,-0.090488,0.120598,16.416000
32.725,0.018500,0.003820,0.130000,0.020034,0.005870,0.129658,-0.072345,0.031568,-0.090203,0.119862,16.743000
32.750,0.018500,0.003735,0.130000,0.020087,0.005869,0.129592,-0.071370,0.032127,-0.089879,0.119181,16.803000
32.775,0.018500,0.003650,0.130000,0.020109,0.005877,0.129549,-0.070215,0.032767,-0.089473,0.118360,16.237000
32.800,0.018500,0.003565,0.130000,0.020056,0.005780,0.129519,-0.069203,0.033225,-0.089064,0.117581,16.672000
32.825,0.018500,0.003480,0.130000,0.020054,0.005712,0.129491,-0.067859,0.034064,-0.088463,0.116580,16.396000
32.850,0.018500,0.003395,0.130000,0.020024,0.005593,0.129439,-0.066487,0.035032,-0.087815,0.115582,16.686000
32.875,0.018500,0.003310,0.130000,0.020025,0.005543,0.129401,-0.065408,0.035601,-0.087226,0.114691,16.265000
32.900,0.018500,0.003225,0.130000,0.020035,0.005489,0.129382,-0.064277,0.036152,-0.086635,0.113772,16.406000
32.925,0.018500,0.003140,0.130000,0.019927,0.005243,0.129394,-0.062895,0.037004,-0.086096,0.112861,16.318000
32.950,0.018500,0.003055,0.130000,0.020061,0.005376,0.129329,-0.061890,0.037443,-0.085824,0.112241,16.531000
32.975,0.018500,0.002970,0.130000,0.020047,0.005256,0.129311,-0.060550,0.038333,-0.085412,0.111494,16.541000
33.000,0.018500,0.002885,0.130000,0.019993,0.005093,0.129286,-0.059297,0.039314,-0.085096,0.110919,16.712000
33.025,0.018500,0.002800,0.130000,0.019990,0.005040,0.129251,-0.058317,0.040028,-0.084845,0.110462,16.818000
33.050,0.018500,0.002715,0.130000,0.020049,0.005078,0.129199,-0.057161,0.040939,-0.084456,0.109892,16.316000
33.075,0.018500,0.002630,0.130000,0.020120,0.005134,0.129151,-0.056216,0.041713,-0.084176,0.109480,16.553000
33.100,0.018500,0.002545,0.130000,0.020038,0.004983,0.129193,-0.055399,0.042492,-0.083848,0.109111,16.213000
33.125,0.018500,0.002460,0.130000,0.020013,0.004952,0.129191,-0.054135,0.043809,-0.083269,0.108552,16.452000
33.150,0.018500,0.002375,0.130000,0.019995,0.004934,0.129158,-0.052909,0.045088,-0.082772,0.108090,15.896000
33.175,0.018500,0.002290,0.130000,0.020103,0.005089,0.129088,-0.051916,0.046028,-0.082328,0.107665,16.678000
33.200,0.018500,0.002205,0.130000,0.020006,0.004898,0.129085,-0.051060,0.046770,-0.081864,0.107221,16.302000
33.225,0.018500,0.002120,0.130000,0.019998,0.004852,0.129078,-0.049837,0.047811,-0.081401,0.106751,16.300000
33.250,0.018500,0.002035,0.130000,0.019973,0.004747,0.129071,-0.048745,0.048625,-0.081299,0.106536,16.382000
33.275,0.018500,0.001950,0.130000,0.020050,0.004749,0.129031,-0.047822,0.049142,-0.081390,0.106425,16.090000
33.300,0.018500,0.001865,0.130000,0.019908,0.004416,0.129060,-0.046926,0.049721,-0.081482,0.106365,16.952000
33.325,0.018500,0.001780,0.130000,0.019914,0.004305,0.129047,-0.045668,0.050901,-0.081426,0.106332,16.584000
33.350,0.018500,0.001695,0.130000,0.019957,0.004236,0.129009,-0.044633,0.052141,-0.081610,0.106635,16.193000
33.375,0.018500,0.001610,0.130000,0.020099,0.004345,0.128948,-0.043922,0.053154,-0.081937,0.107089,16.079000
33.400,0.018500,0.001525,0.130000,0.020009,0.004153,0.129003,-0.043144,0.054253,-0.082336,0.107629,16.354000
33.425,0.018500,0.001440,0.130000,0.020096,0.004212,0.128985,-0.042641,0.055073,-0.082868,0.108251,16.151000
33.450,0.018500,0.001355,0.130000,0.019962,0.003979,0.129019,-0.042163,0.055888,-0.083325,0.108831,16.286000
33.475,0.018500,0.001270,0.130000,0.019774,0.003681,0.129080,-0.041292,0.057204,-0.083559,0.109359,16.173000
33.500,0.018500,0.001185,0.130000,0.019885,0.003782,0.129046,-0.040465,0.058619,-0.083851,0.110021,16.710000
33.525,0.018500,0.001100,0.130000,0.019845,0.003693,0.129049,-0.039975,0.059688,-0.084159,0.110650,16.576000
33.550,0.018500,0.001015,0.130000,0.019838,0.003646,0.129023,-0.039156,0.061115,-0.084276,0.111223,16.239000
33.575,0.018500,0.000930,0.130000,0.019788,0.003531,0.129056,-0.038718,0.062145,-0.084721,0.111976,16.743000
33.600,0.018500,0.000845,0.130000,0.019846,0.003567,0.129028,-0.038481,0.062772,-0.085198,0.112605,16.107000
33.625,0.018500,0.000760,0.130000,0.019577,0.003183,0.129120,-0.037748,0.063824,-0.085652,0.113290,16.656000
33.650,0.018500,0.000675,0.130000,0.019650,0.003191,0.129106,-0.036983,0.065048,-0.086352,0.114262,16.345000
33.675,0.018500,0.000590,0.130000,0.019604,0.002996,0.129094,-0.036465,0.066115,-0.087085,0.115259,16.426000
33.700,0.018500,0.000505,0.130000,0.019668,0.002990,0.129051,-0.035722,0.067379,-0.087563,0.116118,16.101000
33.725,0.018500,0.000420,0.130000,0.019802,0.003040,0.128986,-0.035304,0.068248,-0.088088,0.116892,16.753000
33.750,0.018500,0.000335,0.130000,0.019657,0.002768,0.129055,-0.034911,0.068641,-0.088600,0.117390,16.380000
33.775,0.018500,0.000250,0.130000,0.019418,0.002385,0.129160,-0.034165,0.069057,-0.089181,0.117854,16.417000
33.800,0.018500,0.000165,0.130000,0.019438,0.002231,0.129135,-0.033302,0.069708,-0.089859,0.118503,16.417000
33.825,0.018500,0.000080,0.130000,0.019334,0.001920,0.129141,-0.032772,0.070488,-0.090721,0.119470,16.425000
33.850,0.018500,-0.000005,0.130000,0.019417,0.001889,0.129103,-0.032534,0.071302,-0.091648,0.120589,16.578000
33.875,0.018500,-0.000090,0.130000,0.019413,0.001806,0.129109,-0.032080,0.072347,-0.092324,0.121602,15.967000
33.900,0.018500,-0.000175,0.130000,0.019313,0.001622,0.129159,-0.032128,0.072501,-0.092718,0.122005,16.063000
33.925,0.018500,-0.000260,0.130000,0.019033,0.001326,0.129258,-0.031680,0.072726,-0.093077,0.122294,15.936000
33.950,0.018500,-0.000345,0.130000,0.018800,0.000982,0.129349,-0.031325,0.072881,-0.093890,0.122916,16.090000
33.975,0.018500,-0.000430,0.130000,0.018585,0.000639,0.129397,-0.030683,0.073566,-0.094864,0.123906,16.080000
34.000,0.018500,-0.000515,0.130000,0.018788,0.000654,0.129362,-0.030521,0.074217,-0.096138,0.125229,16.240000
34.025,0.018500,-0.000600,0.130000,0.018841,0.000609,0.129382,-0.030331,0.075161,-0.097564,0.126838,16.334000
34.050,0.018500,-0.000685,0.130000,0.018904,0.000557,0.129415,-0.030580,0.075882,-0.099100,0.128507,15.906000
34.075,0.018500,-0.000770,0.130000,0.018831,0.000469,0.129446,-0.030597,0.076858,-0.100611,0.130253,16.619000
34.100,0.018500,-0.000855,0.130000,0.018768,0.000364,0.129500,-0.030634,0.077947,-0.102315,0.132221,16.057000
34.125,0.018500,-0.000940,0.130000,0.018852,0.000405,0.129499,-0.030956,0.078908,-0.104202,0.134323,16.601000
34.150,0.018500,-0.001025,0.130000,0.018752,0.000278,0.129572,-0.031606,0.079756,-0.106173,0.136501,15.872000
34.175,0.018500,-0.001110,0.130000,0.018540,0.000157,0.129643,-0.032369,0.080524,-0.108030,0.138572,16.372000
34.200,0.018500,-0.001195,0.130000,0.018118,-0.000134,0.129758,-0.033406,0.080476,-0.109679,0.140078,16.182000
34.225,0.018500,-0.001280,0.130000,0.017498,-0.000547,0.129907,-0.033940,0.080210,-0.111296,0.141324,16.614000
34.250,0.018500,-0.001365,0.130000,0.017113,-0.000957,0.129985,-0.034331,0.079817,-0.112850,0.142424,15.854000
34.275,0.018500,-0.001450,0.130000,0.017047,-0.001263,0.129996,-0.034764,0.079863,-0.114466,0.143837,16.507000
34.300,0.018500,-0.001535,0.130000,0.017078,-0.001395,0.129995,-0.035406,0.080235,-0.116167,0.145554,16.178000
34.325,0.018500,-0.001620,0.130000,0.017065,-0.001492,0.130028,-0.036085,0.080497,-0.117983,0.147315,16.029000
34.350,0.018500,-0.001705,0.130000,0.017157,-0.001589,0.130052,-0.036829,0.080347,-0.119756,0.148841,15.934000
34.375,0.018500,-0.001790,0.130000,0.017048,-0.001757,0.130066,-0.037633,0.079906,-0.121452,0.150173,15.832000
34.400,0.018500,-0.001875,0.130000,0.016955,-0.002001,0.130118,-0.038336,0.079210,-0.123238,0.151432,16.043000
34.425,0.018500,-0.001960,0.130000,0.016873,-0.002278,0.130163,-0.039049,0.078466,-0.124934,0.152611,16.174000
34.453,0.018500,-0.002045,0.130000,0.016695,-0.002558,0.130180,-0.039743,0.077836,-0.126364,0.153641,15.814000
34.475,0.018500,-0.002130,0.130000,0.016782,-0.002709,0.130148,-0.040486,0.077377,-0.127698,0.154703,16.008000
34.500,0.018500,-0.002215,0.130000,0.016747,-0.002852,0.130146,-0.041292,0.077164,-0.128951,0.155845,16.056000
34.525,0.018500,-0.002300,0.130000,0.016676,-0.002955,0.130149,-0.042262,0.077134,-0.130015,0.156970,16.246000
34.550,0.018500,-0.002385,0.130000,0.016672,-0.003014,0.130159,-0.043013,0.077155,-0.131047,0.158039,15.965000
34.575,0.018500,-0.002470,0.130000,0.016849,-0.002964,0.130123,-0.043955,0.077031,-0.131874,0.158923,16.289000
34.600,0.018500,-0.002555,0.130000,0.016718,-0.003021,0.130175,-0.044710,0.076851,-0.132802,0.159817,15.773000
34.625,0.018500,-0.002640,0.130000,0.016904,-0.003000,0.130128,-0.045701,0.076575,-0.133540,0.160578,16.227000
34.650,0.018500,-0.002725,0.130000,0.016697,-0.003119,0.130179,-0.046442,0.076376,-0.134397,0.161409,15.877000
34.675,0.018500,-0.002810,0.130000,0.016705,-0.003171,0.130171,-0.047507,0.076177,-0.135192,0.162286,16.130000
34.700,0.018500,-0.002895,0.130000,0.016646,-0.003248,0.130213,-0.048556,0.076110,-0.136144,0.163357,16.095000
34.725,0.018500,-0.002980,0.130000,0.016782,-0.003250,0.130195,-0.049526,0.076016,-0.137041,0.164352,16.314000
34.750,0.018500,-0.003065,0.130000,0.016622,-0.003346,0.130235,-0.050251,0.075883,-0.137829,0.165167,15.941000
34.775,0.018500,-0.003150,0.130000,0.016931,-0.003284,0.130179,-0.051338,0.075605,-0.138311,0.165776,16.235000
34.800,0.018500,-0.003235,0.130000,0.016712,-0.003422,0.130223,-0.052420,0.075462,-0.138729,0.166398,15.875000
34.825,0.018500,-0.003320,0.130000,0.016516,-0.003520,0.130277,-0.053220,0.075349,-0.139084,0.166896,16.300000
34.850,0.018500,-0.003405,0.130000,0.016718,-0.003495,0.130240,-0.053893,0.075229,-0.139254,0.167199,16.061000
34.875,0.018500,-0.003490,0.130000,0.016745,-0.003530,0.130239,-0.054897,0.075089,-0.139143,0.167370,16.181000
34.900,0.018500,-0.003575,0.130000,0.016801,-0.003556,0.130238,-0.055687,0.075041,-0.139051,0.167533,16.250000
34.925,0.018500,-0.003660,0.130000,0.016745,-0.003590,0.130260,-0.056740,0.074946,-0.138696,0.167549,15.977000
34.950,0.018500,-0.003745,0.130000,0.016719,-0.003644,0.130295,-0.057710,0.074969,-0.138366,0.167618,16.329000
34.975,0.018500,-0.003830,0.130000,0.016752,-0.003681,0.130301,-0.058400,0.075045,-0.138023,0.167609,15.807000
35.000,0.018500,-0.003915,0.130000,0.016745,-0.003695,0.130311,-0.059038,0.075027,-0.137499,0.167393,16.162000
35.025,0.018500,-0.004000,0.130000,0.016779,-0.003708,0.130322,-0.060072,0.074980,-0.136666,0.167057,16.099000
35.050,0.018500,-0.004085,0.130000,0.016774,-0.003774,0.130330,-0.060777,0.075126,-0.135983,0.166821,15.797000
35.075,0.018500,-0.004170,0.130000,0.016770,-0.003772,0.130342,-0.061854,0.075242,-0.135068,0.166525,15.901000
35.100,0.018500,-0.004255,0.130000,0.016699,-0.003841,0.130384,-0.062491,0.075461,-0.134412,0.166332,16.150000
35.125,0.018500,-0.004340,0.130000,0.016698,-0.003841,0.130404,-0.063461,0.075626,-0.133579,0.166103,15.937000
35.150,0.018500,-0.004425,0.130000,0.016812,-0.003841,0.130377,-0.064559,0.075796,-0.132796,0.165974,16.265000
35.175,0.018500,-0.004510,0.130000,0.016491,-0.003999,0.130471,-0.065295,0.076014,-0.132203,0.165889,16.113000
35.200,0.018500,-0.004595,0.130000,0.016707,-0.004007,0.130416,-0.065950,0.076238,-0.131562,0.165741,16.094000
35.225,0.018500,-0.004680,0.130000,0.016744,-0.004038,0.130409,-0.066928,0.076619,-0.130687,0.165617,16.032000
35.250,0.018500,-0.004765,0.130000,0.016868,-0.004050,0.130398,-0.068142,0.077048,-0.129763,0.165584,16.389000
35.275,0.018500,-0.004850,0.130000,0.016583,-0.004158,0.130488,-0.068984,0.077587,-0.129085,0.165654,16.330000
35.300,0.018500,-0.004935,0.130000,0.016767,-0.004145,0.130449,-0.070113,0.078051,-0.128249,0.165697,16.100000
35.325,0.018500,-0.005020,0.130000,0.016526,-0.004234,0.130510,-0.070980,0.078541,-0.127629,0.165819,16.642000
35.350,0.018500,-0.005105,0.130000,0.016757,-0.004217,0.130464,-0.072249,0.079009,-0.126829,0.165976,15.827000
35.375,0.018500,-0.005190,0.130000,0.016507,-0.004334,0.130540,-0.073223,0.079469,-0.126252,0.166182,16.780000
35.400,0.018500,-0.005275,0.130000,0.016740,-0.004312,0.130495,-0.074150,0.079753,-0.125701,0.166311,15.746000
35.425,0.018500,-0.005360,0.130000,0.016886,-0.004395,0.130446,-0.075331,0.080127,-0.125079,0.166553,16.557000
35.450,0.018500,-0.005445,0.130000,0.016719,-0.004493,0.130466,-0.076651,0.080557,-0.124388,0.166845,15.964000
35.475,0.018500,-0.005530,0.130000,0.016400,-0.004661,0.130510,-0.077617,0.081007,-0.123824,0.167089,16.436000
35.500,0.018500,-0.005615,0.130000,0.016634,-0.004684,0.130447,-0.078777,0.081388,-0.123062,0.167255,16.340000
35.525,0.018500,-0.005700,0.130000,0.016337,-0.004865,0.130504,-0.079736,0.081696,-0.122413,0.167383,16.669000
35.550,0.018500,-0.005785,0.130000,0.016585,-0.004900,0.130443,-0.080762,0.081884,-0.121814,0.167529,16.196000
35.575,0.018500,-0.005870,0.130000,0.016680,-0.005023,0.130398,-0.082109,0.082188,-0.121116,0.167827,16.695000
35.600,0.018500,-0.005955,0.130000,0.016395,-0.005196,0.130459,-0.083156,0.082472,-0.120605,0.168113,16.318000
35.625,0.018500,-0.006040,0.130000,0.016325,-0.005291,0.130470,-0.084417,0.082752,-0.119890,0.168368,16.367000
35.650,0.018500,-0.006125,0.130000,0.016317,-0.005430,0.130464,-0.085878,0.083093,-0.119179,0.168769,17.256000
35.675,0.018500,-0.006210,0.130000,0.015959,-0.005622,0.130542,-0.086890,0.083450,-0.118785,0.169185,16.604000
35.700,0.018500,-0.006295,0.130000,0.016212,-0.005639,0.130473,-0.087760,0.083721,-0.118372,0.169478,16.209000
35.725,0.018500,-0.006380,0.130000,0.016285,-0.005676,0.130457,-0.089183,0.084004,-0.117890,0.170025,16.650000
35.750,0.018500,-0.006465,0.130000,0.016296,-0.005796,0.130449,-0.090887,0.084503,-0.117946,0.171209,16.871000
35.775,0.018500,-0.006550,0.130000,0.016027,-0.005916,0.130488,-0.091859,0.084738,-0.118408,0.172160,16.567000
35.800,0.018500,-0.006635,0.130000,0.016437,-0.005901,0.130383,-0.091270,0.084121,-0.118746,0.171777,16.105000
35.825,0.018500,-0.006720,0.130000,0.017201,-0.005835,0.130187,-0.090530,0.082980,-0.118787,0.170856,16.025000
35.850,0.018500,-0.006805,0.130000,0.018129,-0.005803,0.129914,-0.090369,0.081776,-0.118517,0.170000,15.893000
35.875,0.018500,-0.006890,0.130000,0.018654,-0.005936,0.129756,-0.090747,0.080943,-0.118142,0.169542,16.029000
35.900,0.018500,-0.006975,0.130000,0.018312,-0.006395,0.129824,-0.090866,0.080727,-0.118040,0.169432,16.223000
35.925,0.018500,-0.007060,0.130000,0.018362,-0.006663,0.129853,-0.091171,0.080727,-0.118152,0.169673,16.110000
35.950,0.018500,-0.007145,0.130000,0.018388,-0.006735,0.129853,-0.091163,0.080989,-0.118848,0.170279,16.328000
35.975,0.018500,-0.007230,0.130000,0.018741,-0.006648,0.129781,-0.090651,0.081655,-0.120942,0.171791,15.975000
36.000,0.018500,-0.007315,0.130000,0.019727,-0.006209,0.129577,-0.090220,0.081314,-0.123546,0.173249,16.542000
36.025,0.018500,-0.007400,0.130000,0.020360,-0.006087,0.129392,-0.089863,0.079943,-0.125188,0.173604,16.024000
36.050,0.018500,-0.007485,0.130000,0.020328,-0.006570,0.129352,-0.089513,0.078812,-0.126028,0.173514,16.101000
36.075,0.018500,-0.007570,0.130000,0.020194,-0.006998,0.129350,-0.088968,0.078722,-0.126624,0.173626,16.034000
36.100,0.018500,-0.007655,0.130000,0.020114,-0.007249,0.129343,-0.088750,0.078941,-0.127178,0.174019,15.940000
36.125,0.018500,-0.007740,0.130000,0.020016,-0.007401,0.129365,-0.088447,0.079504,-0.127809,0.174581,16.280000
36.150,0.018500,-0.007825,0.130000,0.020384,-0.007111,0.129298,-0.088490,0.079749,-0.128594,0.175290,15.965000
36.175,0.018500,-0.007910,0.130000,0.020330,-0.007143,0.129311,-0.088451,0.079922,-0.129336,0.175895,15.952000
36.200,0.018500,-0.007995,0.130000,0.020217,-0.007217,0.129336,-0.087968,0.080194,-0.130111,0.176347,15.937000
36.225,0.018500,-0.008080,0.130000,0.020362,-0.007184,0.129305,-0.087668,0.080368,-0.130952,0.176899,16.485000
36.250,0.018500,-0.008165,0.130000,0.020306,-0.007278,0.129338,-0.087402,0.080567,-0.131768,0.177463,16.204000
36.275,0.018500,-0.008250,0.130000,0.020216,-0.007393,0.129375,-0.087020,0.080926,-0.132618,0.178070,16.101000
36.300,0.018500,-0.008335,0.130000,0.020368,-0.007340,0.129347,-0.086663,0.081539,-0.133695,0.178979,17.257000
36.325,0.018500,-0.008420,0.130000,0.020596,-0.007208,0.129292,-0.086405,0.082288,-0.135138,0.180276,17.864000
36.350,0.018500,-0.008505,0.130000,0.020651,-0.007208,0.129302,-0.085876,0.082812,-0.136680,0.181422,17.363000
36.375,0.018500,-0.008590,0.130000,0.020952,-0.007096,0.129223,-0.085209,0.082801,-0.137893,0.182019,17.489000
36.400,0.018500,-0.008675,0.130000,0.020966,-0.007251,0.129215,-0.084425,0.082498,-0.138750,0.182168,17.565000
36.425,0.018500,-0.008760,0.130000,0.021031,-0.007398,0.129145,-0.083159,0.082510,-0.139282,0.181997,16.179000
36.450,0.018500,-0.008845,0.130000,0.021203,-0.007463,0.129064,-0.082285,0.082449,-0.139886,0.182035,16.803000
36.475,0.018500,-0.008930,0.130000,0.021322,-0.007532,0.129011,-0.081155,0.082736,-0.140425,0.182073,17.523000
36.500,0.018500,-0.009015,0.130000,0.021420,-0.007571,0.128974,-0.080432,0.083036,-0.141062,0.182381,17.620000
36.525,0.018500,-0.009100,0.130000,0.021561,-0.007549,0.128934,-0.079574,0.083564,-0.141634,0.182689,17.827000
36.550,0.018500,-0.009185,0.130000,0.021501,-0.007632,0.128952,-0.078987,0.083999,-0.142228,0.183095,17.395000
36.575,0.018500,-0.009270,0.130000,0.021553,-0.007623,0.128953,-0.078095,0.084590,-0.142837,0.183457,17.315000
36.600,0.018500,-0.009355,0.130000,0.021520,-0.007674,0.128982,-0.077631,0.084899,-0.143536,0.183948,17.313000
36.625,0.018500,-0.009440,0.130000,0.021121,-0.007957,0.129059,-0.076645,0.085421,-0.144092,0.184211,17.740000
36.650,0.018500,-0.009525,0.130000,0.021348,-0.007867,0.129013,-0.075666,0.086006,-0.144852,0.184674,17.208000
36.675,0.018500,-0.009610,0.130000,0.021393,-0.007899,0.128990,-0.074962,0.086420,-0.145542,0.185122,16.866000
36.700,0.018500,-0.009695,0.130000,0.021435,-0.007935,0.128961,-0.074203,0.086844,-0.146029,0.185398,16.240000
36.725,0.018500,-0.009780,0.130000,0.021523,-0.007948,0.128950,-0.073161,0.087517,-0.146510,0.185680,16.441000
36.750,0.018500,-0.009865,0.130000,0.021600,-0.007960,0.128952,-0.072234,0.088263,-0.147157,0.186181,16.794000
36.775,0.018500,-0.009950,0.130000,0.021523,-0.008057,0.128986,-0.071668,0.088819,-0.147917,0.186828,16.362000
36.800,0.018500,-0.010035,0.130000,0.021818,-0.007905,0.128911,-0.071459,0.088907,-0.148582,0.187316,16.394000
36.825,0.018500,-0.010120,0.130000,0.021208,-0.008357,0.129068,-0.070124,0.089412,-0.149015,0.187396,16.609000
36.850,0.018500,-0.010205,0.130000,0.021404,-0.008376,0.128998,-0.069576,0.089472,-0.149615,0.187698,16.634000
36.875,0.018500,-0.010290,0.130000,0.020890,-0.008792,0.129112,-0.068435,0.089864,-0.150009,0.187781,16.351000
36.900,0.018500,-0.010375,0.130000,0.021221,-0.008715,0.129048,-0.067538,0.090428,-0.150622,0.188217,16.528000
36.925,0.018500,-0.010460,0.130000,0.021293,-0.008775,0.129033,-0.067085,0.090929,-0.151195,0.188755,16.426000
36.950,0.018500,-0.010545,0.130000,0.021263,-0.008838,0.129024,-0.066267,0.091687,-0.151619,0.189173,16.231000
36.975,0.018500,-0.010630,0.130000,0.021483,-0.008749,0.128977,-0.065808,0.092296,-0.152102,0.189695,16.308000
37.000,0.018500,-0.010715,0.130000,0.021117,-0.008981,0.129063,-0.065298,0.092839,-0.152493,0.190098,16.434000
37.025,0.018500,-0.010800,0.130000,0.020970,-0.009073,0.129109,-0.064189,0.093636,-0.152831,0.190382,16.415000
37.050,0.018500,-0.010885,0.130000,0.021017,-0.009118,0.129087,-0.063642,0.094190,-0.153295,0.190844,16.505000
37.075,0.018500,-0.010970,0.130000,0.020947,-0.009193,0.129115,-0.062703,0.094897,-0.153707,0.191215,16.607000
37.100,0.018500,-0.011055,0.130000,0.020996,-0.009252,0.129111,-0.061931,0.095721,-0.154286,0.191839,16.847000
37.125,0.018500,-0.011140,0.130000,0.020972,-0.009347,0.129130,-0.061556,0.096366,-0.155022,0.192633,16.515000
37.150,0.018500,-0.011225,0.130000,0.021007,-0.009378,0.129114,-0.060916,0.096995,-0.155748,0.193329,15.739000
37.175,0.018500,-0.011310,0.130000,0.021128,-0.009394,0.129085,-0.060385,0.097195,-0.156375,0.193769,16.248000
37.200,0.018500,-0.011395,0.130000,0.020746,-0.009721,0.129149,-0.059871,0.097109,-0.156788,0.193900,16.088000
37.225,0.018500,-0.011480,0.130000,0.020189,-0.010152,0.129257,-0.058846,0.097439,-0.157081,0.193989,16.250000
37.250,0.018500,-0.011565,0.130000,0.020424,-0.010164,0.129188,-0.058241,0.097756,-0.157472,0.194282,16.158000
37.275,0.018500,-0.011650,0.130000,0.020103,-0.010430,0.129273,-0.057418,0.098348,-0.157921,0.194700,16.720000
37.300,0.018500,-0.011735,0.130000,0.020490,-0.010344,0.129186,-0.056859,0.098973,-0.158482,0.195307,16.374000
37.325,0.018500,-0.011820,0.130000,0.020633,-0.010335,0.129155,-0.056515,0.099385,-0.159017,0.195852,16.558000
37.350,0.018500,-0.011905,0.130000,0.020245,-0.010587,0.129254,-0.056080,0.099568,-0.159469,0.196186,15.883000
37.375,0.018500,-0.011990,0.130000,0.020203,-0.010703,0.129265,-0.055352,0.099772,-0.159878,0.196416,16.151000
37.400,0.018500,-0.012075,0.130000,0.020000,-0.010923,0.129286,-0.054570,0.100063,-0.160262,0.196659,16.293000
37.425,0.018500,-0.012160,0.130000,0.020239,-0.010935,0.129228,-0.054084,0.100298,-0.160722,0.197018,16.290000
37.450,0.018500,-0.012245,0.130000,0.019950,-0.011181,0.129310,-0.053767,0.100539,-0.161281,0.197511,16.023000
37.475,0.018500,-0.012330,0.130000,0.019906,-0.011275,0.129320,-0.053142,0.100987,-0.161860,0.198043,16.196000
37.500,0.018500,-0.012415,0.130000,0.019740,-0.011433,0.129355,-0.052756,0.101281,-0.162365,0.198503,16.471000
37.525,0.018500,-0.012500,0.130000,0.019672,-0.011533,0.129378,-0.052100,0.101623,-0.162770,0.198836,16.257000
37.550,0.018500,-0.012585,0.130000,0.019664,-0.011636,0.129393,-0.051799,0.101849,-0.163140,0.199176,16.530000
37.575,0.018500,-0.012670,0.130000,0.019615,-0.011725,0.129401,-0.051323,0.102291,-0.163525,0.199594,16.330000
37.600,0.018500,-0.012755,0.130000,0.019476,-0.011851,0.129468,-0.051115,0.102605,-0.164060,0.200140,16.414000
37.625,0.018500,-0.012840,0.130000,0.019099,-0.012068,0.129562,-0.050611,0.103002,-0.164617,0.200673,16.310000
37.650,0.018500,-0.012925,0.130000,0.019253,-0.012094,0.129544,-0.050238,0.103295,-0.165196,0.201205,16.179000
37.675,0.018500,-0.013010,0.130000,0.019329,-0.012146,0.129527,-0.049997,0.103510,-0.165795,0.201748,16.132000
37.700,0.018500,-0.013095,0.130000,0.019064,-0.012357,0.129613,-0.049838,0.103738,-0.166460,0.202372,16.327000
37.725,0.018500,-0.013180,0.130000,0.019057,-0.012432,0.129617,-0.049512,0.104047,-0.167151,0.203019,16.520000
37.750,0.018500,-0.013265,0.130000,0.018846,-0.012614,0.129673,-0.049093,0.104407,-0.167747,0.203593,16.349000
37.775,0.018500,-0.013350,0.130000,0.019024,-0.012624,0.129638,-0.048839,0.104652,-0.168132,0.203975,16.455000
37.800,0.018500,-0.013435,0.130000,0.018930,-0.012753,0.129685,-0.048691,0.104890,-0.168420,0.204299,16.149000
37.825,0.018500,-0.013520,0.130000,0.018570,-0.012932,0.129757,-0.048249,0.105367,-0.168664,0.204640,16.538000
37.850,0.018500,-0.013605,0.130000,0.018927,-0.012837,0.129689,-0.048277,0.105655,-0.168905,0.204994,16.086000
37.875,0.018500,-0.013690,0.130000,0.018408,-0.013080,0.129820,-0.047928,0.106256,-0.169236,0.205495,16.546000
37.900,0.018500,-0.013775,0.130000,0.018631,-0.013039,0.129805,-0.047904,0.106626,-0.169607,0.205986,16.154000
37.925,0.018500,-0.013860,0.130000,0.018320,-0.013187,0.129891,-0.047645,0.106964,-0.169954,0.206387,16.653000
37.950,0.018500,-0.013945,0.130000,0.018411,-0.013225,0.129889,-0.047496,0.107055,-0.170170,0.206578,16.110000
37.975,0.018500,-0.014030,0.130000,0.018341,-0.013318,0.129915,-0.047225,0.107159,-0.170301,0.206677,16.596000
38.000,0.018500,-0.014115,0.130000,0.018398,-0.013441,0.129917,-0.047180,0.107215,-0.170437,0.206809,16.340000
38.025,0.018500,-0.014200,0.130000,0.018252,-0.013562,0.129952,-0.047049,0.107524,-0.170639,0.207106,16.582000
38.050,0.018500,-0.014285,0.130000,0.018215,-0.013669,0.129963,-0.046992,0.107759,-0.170799,0.207347,16.122000
38.075,0.018500,-0.014370,0.130000,0.018042,-0.013810,0.130016,-0.046826,0.108082,-0.170964,0.207612,16.418000
38.100,0.018500,-0.014455,0.130000,0.018165,-0.013836,0.130009,-0.046841,0.108274,-0.171094,0.207823,16.455000
38.125,0.018500,-0.014540,0.130000,0.018111,-0.013908,0.130029,-0.046804,0.108526,-0.171195,0.208030,16.357000
38.150,0.018500,-0.014625,0.130000,0.018052,-0.014019,0.130044,-0.046777,0.108738,-0.171265,0.208191,17.166000
38.175,0.018500,-0.014710,0.130000,0.017951,-0.014135,0.130063,-0.046789,0.108814,-0.171283,0.208249,18.467000
38.200,0.018500,-0.014795,0.130000,0.017930,-0.014218,0.130074,-0.046831,0.108981,-0.171227,0.208300,18.094000
38.225,0.018500,-0.014880,0.130000,0.017845,-0.014288,0.130098,-0.046859,0.109116,-0.171136,0.208302,20.691000
38.250,0.018500,-0.014965,0.130000,0.017760,-0.014416,0.130118,-0.046906,0.109343,-0.171068,0.208376,18.728000
38.275,0.018500,-0.015050,0.130000,0.017762,-0.014507,0.130155,-0.047075,0.109755,-0.171173,0.208716,16.264000
38.300,0.018500,-0.015135,0.130000,0.017690,-0.014560,0.130194,-0.047247,0.110193,-0.171353,0.209133,15.969000
38.325,0.018500,-0.015220,0.130000,0.017630,-0.014580,0.130228,-0.047353,0.110386,-0.171445,0.209334,16.466000
38.350,0.018500,-0.015305,0.130000,0.017570,-0.014697,0.130237,-0.047439,0.110452,-0.171425,0.209372,15.915000
38.375,0.018500,-0.015390,0.130000,0.017605,-0.014811,0.130229,-0.047644,0.110638,-0.171379,0.209479,16.286000
38.400,0.018500,-0.015475,0.130000,0.017532,-0.014881,0.130248,-0.047908,0.110983,-0.171314,0.209668,16.215000
38.425,0.018500,-0.015560,0.130000,0.017456,-0.014989,0.130280,-0.048089,0.111365,-0.171260,0.209869,16.243000
38.450,0.018500,-0.015645,0.130000,0.017389,-0.015017,0.130314,-0.048367,0.111776,-0.171149,0.210060,16.078000
38.475,0.018500,-0.015730,0.130000,0.017418,-0.015069,0.130310,-0.048593,0.112044,-0.170991,0.210126,16.174000
38.500,0.018500,-0.015815,0.130000,0.017414,-0.015104,0.130318,-0.048884,0.112156,-0.170784,0.210085,16.555000
38.525,0.018500,-0.015900,0.130000,0.017268,-0.015191,0.130351,-0.049272,0.112413,-0.170565,0.210135,16.385000
38.550,0.018500,-0.015985,0.130000,0.017205,-0.015290,0.130374,-0.049627,0.112739,-0.170389,0.210251,15.894000
38.575,0.018500,-0.016070,0.130000,0.017177,-0.015373,0.130379,-0.049853,0.113153,-0.170291,0.210447,16.276000
38.600,0.018500,-0.016155,0.130000,0.017277,-0.015385,0.130378,-0.050154,0.113654,-0.170337,0.210825,16.023000
38.625,0.018500,-0.016240,0.130000,0.017536,-0.015414,0.130336,-0.050553,0.114254,-0.170356,0.211260,16.245000
38.650,0.018500,-0.016325,0.130000,0.017489,-0.015423,0.130361,-0.050779,0.114699,-0.170420,0.211607,16.147000
38.675,0.018500,-0.016410,0.130000,0.017616,-0.015443,0.130345,-0.051233,0.115200,-0.170546,0.212089,16.555000
38.700,0.018500,-0.016495,0.130000,0.017575,-0.015541,0.130372,-0.051646,0.115417,-0.170749,0.212470,16.383000
38.725,0.018500,-0.016580,0.130000,0.017523,-0.015638,0.130364,-0.052181,0.115702,-0.170749,0.212755,16.674000
38.750,0.018500,-0.016665,0.130000,0.017332,-0.015819,0.130396,-0.052455,0.115954,-0.170826,0.213022,16.731000
38.775,0.018500,-0.016750,0.130000,0.017339,-0.015887,0.130380,-0.052814,0.116244,-0.170803,0.213250,16.679000
38.800,0.018500,-0.016835,0.130000,0.017375,-0.015981,0.130360,-0.053066,0.116520,-0.170767,0.213434,16.717000
38.825,0.018500,-0.016920,0.130000,0.017547,-0.016018,0.130329,-0.053512,0.117048,-0.170670,0.213757,16.859000
38.850,0.018500,-0.017005,0.130000,0.017506,-0.016108,0.130354,-0.053934,0.117588,-0.170570,0.214079,16.349000
38.875,0.018500,-0.017090,0.130000,0.017431,-0.016140,0.130386,-0.054245,0.117828,-0.170556,0.214279,16.595000
38.900,0.018500,-0.017175,0.130000,0.017452,-0.016266,0.130379,-0.054726,0.118049,-0.170617,0.214571,16.317000
38.925,0.018500,-0.017260,0.130000,0.017273,-0.016371,0.130416,-0.055230,0.118164,-0.170672,0.214807,16.637000
38.950,0.018500,-0.017345,0.130000,0.017260,-0.016519,0.130391,-0.055562,0.118259,-0.170652,0.214929,16.265000
38.975,0.018500,-0.017430,0.130000,0.017175,-0.016633,0.130402,-0.056045,0.118512,-0.170509,0.215080,16.854000
39.000,0.018500,-0.017515,0.130000,0.017217,-0.016734,0.130373,-0.056680,0.118821,-0.170315,0.215263,16.565000
39.025,0.018500,-0.017600,0.130000,0.017090,-0.016850,0.130404,-0.057087,0.119077,-0.170180,0.215406,16.775000
39.050,0.018500,-0.017685,0.130000,0.017107,-0.016901,0.130412,-0.057565,0.119292,-0.169982,0.215495,16.230000
39.075,0.018500,-0.017770,0.130000,0.016940,-0.016993,0.130455,-0.058126,0.119696,-0.169784,0.215714,16.613000
39.100,0.018500,-0.017855,0.130000,0.017021,-0.017039,0.130434,-0.058754,0.119986,-0.169652,0.215941,16.297000
39.125,0.018500,-0.017940,0.130000,0.016750,-0.017136,0.130502,-0.059514,0.120381,-0.169616,0.216340,17.696000
39.150,0.018500,-0.018025,0.130000,0.016673,-0.017218,0.130519,-0.060275,0.120772,-0.169617,0.216769,17.133000
39.175,0.018500,-0.018110,0.130000,0.016408,-0.017315,0.130591,-0.060817,0.121090,-0.169670,0.217139,16.592000
39.200,0.018500,-0.018195,0.130000,0.016547,-0.017388,0.130567,-0.061384,0.121337,-0.169664,0.217432,17.434000
39.225,0.018500,-0.018280,0.130000,0.016458,-0.017473,0.130589,-0.062152,0.121725,-0.169567,0.217791,17.336000
39.250,0.018500,-0.018365,0.130000,0.016532,-0.017563,0.130580,-0.062780,0.122044,-0.169497,0.218094,17.824000
39.275,0.018500,-0.018450,0.130000,0.016422,-0.017649,0.130609,-0.063529,0.122562,-0.169311,0.218457,16.502000
39.300,0.018500,-0.018535,0.130000,0.016399,-0.017728,0.130619,-0.064327,0.123165,-0.169168,0.218919,17.295000
39.325,0.018500,-0.018620,0.130000,0.016307,-0.017821,0.130659,-0.064954,0.123750,-0.169189,0.219449,16.934000
39.350,0.018500,-0.018705,0.130000,0.016351,-0.017825,0.130664,-0.065619,0.124199,-0.169165,0.219882,16.977000
39.375,0.018500,-0.018790,0.130000,0.016293,-0.017878,0.130681,-0.066662,0.124835,-0.169246,0.220617,16.657000
39.400,0.018500,-0.018875,0.130000,0.016242,-0.017951,0.130689,-0.067855,0.125591,-0.169873,0.221887,16.807000
39.425,0.018500,-0.018960,0.130000,0.015685,-0.018096,0.130794,-0.068486,0.126044,-0.170528,0.222838,17.268000
39.450,0.018500,-0.019045,0.130000,0.015977,-0.018179,0.130718,-0.068605,0.126211,-0.170649,0.223063,16.485000
39.475,0.018500,-0.019130,0.130000,0.016868,-0.018134,0.130541,-0.069234,0.126407,-0.170447,0.223213,17.518000
39.500,0.018500,-0.019215,0.130000,0.016835,-0.018221,0.130535,-0.069840,0.126554,-0.170481,0.223512,18.582000
39.525,0.018500,-0.019300,0.130000,0.017191,-0.018299,0.130450,-0.070674,0.126667,-0.170416,0.223787,17.112000
39.550,0.018500,-0.019385,0.130000,0.016714,-0.018526,0.130522,-0.070857,0.126555,-0.170176,0.223600,18.003000
39.575,0.018500,-0.019470,0.130000,0.017033,-0.018645,0.130450,-0.070679,0.126171,-0.169588,0.222879,17.941000
39.600,0.018500,-0.019555,0.130000,0.017589,-0.018655,0.130344,-0.070308,0.125325,-0.169216,0.221999,17.089000
39.625,0.018500,-0.019640,0.130000,0.018274,-0.018672,0.130167,-0.070747,0.124410,-0.169200,0.221611,17.653000
39.650,0.018500,-0.019725,0.130000,0.018093,-0.019020,0.130118,-0.071602,0.123981,-0.169321,0.221738,17.070000
39.675,0.018500,-0.019810,0.130000,0.017455,-0.019377,0.130179,-0.072047,0.124100,-0.169358,0.221977,17.833000
39.700,0.018500,-0.019895,0.130000,0.017082,-0.019634,0.130226,-0.072147,0.124467,-0.169381,0.222232,16.581000
39.725,0.018500,-0.019980,0.130000,0.017712,-0.019510,0.130142,-0.072736,0.124538,-0.169226,0.222346,18.221000
39.750,0.018500,-0.020065,0.130000,0.017506,-0.019582,0.130189,-0.073348,0.124368,-0.169011,0.222288,17.919000
39.775,0.018500,-0.020150,0.130000,0.017540,-0.019640,0.130175,-0.073788,0.124322,-0.169049,0.222437,17.436000
39.800,0.018500,-0.020235,0.130000,0.017321,-0.019773,0.130215,-0.074252,0.124520,-0.169473,0.223024,17.465000
39.825,0.018500,-0.020320,0.130000,0.017319,-0.019827,0.130230,-0.074806,0.124511,-0.169891,0.223522,17.845000
39.850,0.018500,-0.020405,0.130000,0.017495,-0.019877,0.130187,-0.075302,0.124380,-0.170076,0.223756,19.576000
39.875,0.018500,-0.020490,0.130000,0.017665,-0.019933,0.130145,-0.075975,0.124370,-0.170058,0.223964,18.265000
39.900,0.018500,-0.020575,0.130000,0.017153,-0.020134,0.130226,-0.076536,0.124504,-0.170031,0.224209,20.588000
39.925,0.018500,-0.020660,0.130000,0.017082,-0.020187,0.130268,-0.076761,0.124124,-0.169595,0.223744,17.424000
39.950,0.018500,-0.020745,0.130000,0.017157,-0.020293,0.130270,-0.076415,0.122425,-0.168345,0.221737,17.175000
39.975,0.018500,-0.020830,0.130000,0.017292,-0.020498,0.130193,-0.075660,0.120093,-0.166913,0.219105,17.364000
40.000,0.018500,-0.020915,0.130000,0.017874,-0.020671,0.129986,-0.075423,0.118758,-0.165770,0.217421,17.038000
40.025,0.018500,-0.021000,0.130000,0.018385,-0.020716,0.129912,-0.075392,0.118926,-0.165098,0.216990,16.490000
40.050,0.018500,-0.021085,0.130000,0.018385,-0.020716,0.129912,-0.075603,0.119544,-0.164847,0.217212,16.488000
40.075,0.018500,-0.021170,0.130000,0.018559,-0.020601,0.129953,-0.075956,0.119793,-0.164775,0.217418,16.670000
40.100,0.018500,-0.021255,0.130000,0.018564,-0.020618,0.129992,-0.076135,0.119621,-0.164673,0.217309,16.626000
40.125,0.018500,-0.021340,0.130000,0.018422,-0.020743,0.130045,-0.076252,0.119577,-0.164715,0.217357,16.956000
40.150,0.018500,-0.021425,0.130000,0.018405,-0.020853,0.130088,-0.076386,0.119643,-0.164859,0.217549,16.218000
40.175,0.018500,-0.021510,0.130000,0.018507,-0.020856,0.130077,-0.076623,0.119552,-0.164982,0.217676,16.863000
40.200,0.018500,-0.021595,0.130000,0.018483,-0.020957,0.130092,-0.076819,0.119478,-0.165117,0.217807,16.413000
40.225,0.018500,-0.021680,0.130000,0.018446,-0.021082,0.130123,-0.077030,0.119674,-0.165397,0.218201,17.349000
40.250,0.018500,-0.021765,0.130000,0.018457,-0.021111,0.130125,-0.077073,0.119807,-0.165589,0.218435,17.190000
40.275,0.018500,-0.021850,0.130000,0.018662,-0.021100,0.130098,-0.076981,0.119649,-0.165630,0.218347,16.810000
40.300,0.018500,-0.021935,0.130000,0.018850,-0.021112,0.130068,-0.076693,0.119195,-0.165628,0.217995,16.805000
40.325,0.018500,-0.022020,0.130000,0.019079,-0.021204,0.130028,-0.076166,0.118633,-0.165461,0.217376,20.181000
40.350,0.018500,-0.022105,0.130000,0.019340,-0.021258,0.129950,-0.075763,0.118363,-0.165274,0.216945,19.123000
40.375,0.018500,-0.022190,0.130000,0.019562,-0.021269,0.129886,-0.075566,0.118507,-0.165243,0.216932,19.118000
40.400,0.018500,-0.022275,0.130000,0.019713,-0.021279,0.129857,-0.075109,0.118702,-0.165178,0.216830,18.878000
40.425,0.018500,-0.022360,0.130000,0.019954,-0.021251,0.129813,-0.074421,0.118581,-0.164904,0.216318,19.383000
40.450,0.018500,-0.022445,0.130000,0.020330,-0.021171,0.129734,-0.073719,0.118428,-0.164468,0.215661,19.187000
40.475,0.018500,-0.022530,0.130000,0.020603,-0.021153,0.129671,-0.073329,0.118173,-0.163938,0.214984,17.370000
40.500,0.018500,-0.022615,0.130000,0.020432,-0.021314,0.129671,-0.072931,0.118068,-0.163389,0.214371,16.488000
40.525,0.018500,-0.022700,0.130000,0.020071,-0.021580,0.129716,-0.072369,0.118217,-0.162900,0.213890,16.602000
40.550,0.018500,-0.022785,0.130000,0.020121,-0.021595,0.129705,-0.071838,0.118469,-0.162487,0.213536,15.958000
40.575,0.018500,-0.022870,0.130000,0.020316,-0.021529,0.129694,-0.071536,0.118642,-0.162240,0.213343,16.883000
40.600,0.018500,-0.022955,0.130000,0.020077,-0.021704,0.129731,-0.071294,0.118717,-0.162089,0.213189,16.077000
40.625,0.018500,-0.023040,0.130000,0.019684,-0.021973,0.129780,-0.070789,0.118947,-0.161966,0.213056,16.616000
40.650,0.018500,-0.023125,0.130000,0.019741,-0.021994,0.129765,-0.070454,0.119122,-0.161955,0.213034,16.479000
40.675,0.018500,-0.023210,0.130000,0.019567,-0.022163,0.129779,-0.070128,0.119438,-0.162027,0.213157,16.707000
40.700,0.018500,-0.023295,0.130000,0.019564,-0.022217,0.129787,-0.069768,0.119900,-0.162117,0.213367,19.493000
40.725,0.018500,-0.023380,0.130000,0.019732,-0.022166,0.129793,-0.069561,0.120216,-0.162146,0.213499,17.797000
40.750,0.018500,-0.023465,0.130000,0.019514,-0.022336,0.129847,-0.069376,0.120395,-0.162109,0.213512,17.657000
40.775,0.018500,-0.023550,0.130000,0.019195,-0.022562,0.129899,-0.069030,0.120614,-0.162067,0.213491,16.386000
40.800,0.018500,-0.023635,0.130000,0.019198,-0.022613,0.129896,-0.068790,0.120790,-0.162069,0.213515,16.330000
40.825,0.018500,-0.023720,0.130000,0.019036,-0.022779,0.129930,-0.068733,0.120867,-0.162104,0.213567,16.504000
40.850,0.018500,-0.023805,0.130000,0.018815,-0.022935,0.129963,-0.068635,0.121013,-0.162176,0.213672,16.047000
40.875,0.018500,-0.023890,0.130000,0.018526,-0.023159,0.130012,-0.068413,0.121376,-0.162288,0.213893,16.581000
40.900,0.018500,-0.023975,0.130000,0.018578,-0.023173,0.130019,-0.068249,0.121783,-0.162409,0.214163,16.228000
40.925,0.018500,-0.024060,0.130000,0.018650,-0.023168,0.130036,-0.068256,0.122055,-0.162569,0.214441,16.479000
40.950,0.018500,-0.024145,0.130000,0.018444,-0.023335,0.130091,-0.068245,0.122310,-0.162703,0.214684,16.278000
40.975,0.018500,-0.024230,0.130000,0.018219,-0.023493,0.130112,-0.068181,0.122489,-0.162731,0.214787,16.653000
41.000,0.018500,-0.024315,0.130000,0.018151,-0.023564,0.130126,-0.068129,0.122607,-0.162656,0.214781,16.823000
41.025,0.018500,-0.024400,0.130000,0.018049,-0.023696,0.130173,-0.068100,0.122806,-0.162643,0.214876,16.753000
41.050,0.018500,-0.024485,0.130000,0.018006,-0.023771,0.130208,-0.068070,0.123033,-0.162680,0.215025,16.417000
41.075,0.018500,-0.024570,0.130000,0.018016,-0.023808,0.130235,-0.068148,0.123144,-0.162722,0.215144,16.708000
41.100,0.018500,-0.024655,0.130000,0.017849,-0.023964,0.130280,-0.068259,0.123393,-0.162832,0.215405,18.752000
41.125,0.018500,-0.024740,0.130000,0.017798,-0.024021,0.130317,-0.068441,0.123650,-0.162992,0.215731,24.643000
41.150,0.018500,-0.024825,0.130000,0.017605,-0.024168,0.130361,-0.068545,0.124049,-0.163166,0.216124,19.718000
41.175,0.018500,-0.024910,0.130000,0.017575,-0.024203,0.130400,-0.068651,0.124334,-0.163332,0.216447,17.838000
41.200,0.018500,-0.024995,0.130000,0.017624,-0.024257,0.130433,-0.068758,0.124550,-0.163446,0.216691,18.050000
41.225,0.018500,-0.025080,0.130000,0.017746,-0.024266,0.130428,-0.069006,0.124731,-0.163438,0.216868,18.680000
41.250,0.018500,-0.025165,0.130000,0.017509,-0.024380,0.130473,-0.069157,0.124872,-0.163389,0.216960,18.390000
41.275,0.018500,-0.025250,0.130000,0.017500,-0.024454,0.130497,-0.069233,0.124881,-0.163335,0.216949,18.132000
41.300,0.018500,-0.025335,0.130000,0.017389,-0.024561,0.130522,-0.069234,0.124853,-0.163314,0.216918,18.546000
41.325,0.018500,-0.025420,0.130000,0.017503,-0.024577,0.130513,-0.069461,0.124875,-0.163293,0.216987,17.469000
41.350,0.018500,-0.025505,0.130000,0.017400,-0.024703,0.130544,-0.069526,0.124934,-0.163272,0.217026,17.110000
41.375,0.018500,-0.025590,0.130000,0.017509,-0.024705,0.130544,-0.069736,0.125046,-0.163247,0.217138,17.624000
41.400,0.018500,-0.025675,0.130000,0.017432,-0.024809,0.130572,-0.069952,0.125276,-0.163267,0.217356,16.911000
41.425,0.018500,-0.025760,0.130000,0.017463,-0.024811,0.130590,-0.070200,0.125534,-0.163322,0.217626,20.246000
41.450,0.018500,-0.025845,0.130000,0.017447,-0.024861,0.130621,-0.070309,0.125627,-0.163387,0.217763,17.940000
41.475,0.018500,-0.025930,0.130000,0.017533,-0.024908,0.130629,-0.070445,0.125582,-0.163405,0.217795,17.082000
41.500,0.018500,-0.026015,0.130000,0.017472,-0.025000,0.130644,-0.070527,0.125498,-0.163356,0.217736,16.783000
41.525,0.018500,-0.026100,0.130000,0.017533,-0.025032,0.130636,-0.070526,0.125353,-0.163217,0.217548,17.293000
41.550,0.018500,-0.026185,0.130000,0.017557,-0.025129,0.130636,-0.070482,0.125256,-0.163095,0.217386,17.165000
41.575,0.018500,-0.026270,0.130000,0.017758,-0.025097,0.130613,-0.070625,0.125197,-0.162966,0.217302,17.363000
41.600,0.018500,-0.026355,0.130000,0.017527,-0.025333,0.130652,-0.070841,0.125179,-0.162904,0.217315,16.920000
41.625,0.018500,-0.026440,0.130000,0.017527,-0.025333,0.130652,-0.070988,0.125133,-0.162897,0.217332,16.908000
41.650,0.018500,-0.026525,0.130000,0.017471,-0.025444,0.130661,-0.071079,0.125149,-0.162867,0.217348,16.559000
41.675,0.018500,-0.026610,0.130000,0.017528,-0.025462,0.130669,-0.071129,0.125045,-0.162766,0.217229,17.034000
41.700,0.018500,-0.026695,0.130000,0.017613,-0.025504,0.130683,-0.071108,0.124846,-0.162687,0.217048,17.552000
41.725,0.018500,-0.026780,0.130000,0.017671,-0.025542,0.130673,-0.071194,0.124687,-0.162698,0.216993,17.280000
41.750,0.018500,-0.026865,0.130000,0.017659,-0.025638,0.130683,-0.071251,0.124523,-0.162741,0.216950,17.412000
41.775,0.018500,-0.026950,0.130000,0.017619,-0.025721,0.130681,-0.071360,0.124383,-0.162743,0.216907,17.504000
41.800,0.018465,-0.027000,0.130000,0.017540,-0.025837,0.130701,-0.071396,0.124243,-0.162709,0.216813,16.594000
41.825,0.018380,-0.027000,0.130000,0.017587,-0.025858,0.130699,-0.071476,0.124106,-0.162643,0.216711,16.561000
41.850,0.018295,-0.027000,0.130000,0.017530,-0.025950,0.130723,-0.071494,0.123954,-0.162521,0.216538,17.495000
41.875,0.018210,-0.027000,0.130000,0.017506,-0.026000,0.130734,-0.071447,0.123705,-0.162252,0.216179,17.459000
41.900,0.018125,-0.027000,0.130000,0.017543,-0.026036,0.130753,-0.071362,0.123439,-0.161969,0.215786,17.530000
41.925,0.018040,-0.027000,0.130000,0.017562,-0.026053,0.130745,-0.071328,0.123125,-0.161646,0.215353,18.820000
41.950,0.017955,-0.027000,0.130000,0.017519,-0.026102,0.130723,-0.071284,0.122824,-0.161257,0.214874,19.209000
41.975,0.017870,-0.027000,0.130000,0.017479,-0.026139,0.130711,-0.071226,0.122566,-0.160899,0.214439,20.457000
42.000,0.017785,-0.027000,0.130000,0.017402,-0.026188,0.130686,-0.071111,0.122238,-0.160422,0.213855,19.137000
42.025,0.017700,-0.027000,0.130000,0.017367,-0.026215,0.130666,-0.070845,0.121805,-0.159721,0.212994,20.268000
42.050,0.017615,-0.027000,0.130000,0.017455,-0.026169,0.130626,-0.070541,0.121284,-0.158838,0.211933,19.382000
42.075,0.017530,-0.027000,0.130000,0.017511,-0.026145,0.130596,-0.070241,0.120737,-0.157827,0.210762,19.103000
42.100,0.017445,-0.027000,0.130000,0.017524,-0.026133,0.130567,-0.069961,0.120259,-0.156859,0.209670,22.337000
42.125,0.017360,-0.027000,0.130000,0.017507,-0.026135,0.130548,-0.069605,0.119827,-0.155873,0.208566,22.760000
42.150,0.017275,-0.027000,0.130000,0.017593,-0.026064,0.130519,-0.069142,0.119363,-0.154822,0.207360,18.509000
42.175,0.017190,-0.027000,0.130000,0.017647,-0.026026,0.130496,-0.068726,0.118773,-0.153704,0.206047,18.666000
42.200,0.017105,-0.027000,0.130000,0.017640,-0.026021,0.130457,-0.068270,0.118118,-0.152466,0.204593,18.675000
42.225,0.017020,-0.027000,0.130000,0.017558,-0.026065,0.130421,-0.067826,0.117433,-0.151169,0.203084,20.600000
42.250,0.016935,-0.027000,0.130000,0.017496,-0.026101,0.130394,-0.067317,0.116753,-0.149805,0.201506,23.898000
42.275,0.016850,-0.027000,0.130000,0.017457,-0.026125,0.130373,-0.066662,0.116154,-0.148415,0.199906,20.939000
42.300,0.016765,-0.027000,0.130000,0.017496,-0.026089,0.130341,-0.065986,0.115619,-0.147080,0.198380,17.954000
42.325,0.016680,-0.027000,0.130000,0.017534,-0.026049,0.130309,-0.065395,0.115077,-0.145860,0.196963,19.642000
42.350,0.016595,-0.027000,0.130000,0.017623,-0.025992,0.130288,-0.064907,0.114511,-0.144746,0.195645,22.641000
42.375,0.016510,-0.027000,0.130000,0.017574,-0.026023,0.130265,-0.064278,0.114014,-0.143584,0.194286,17.023000
42.400,0.016425,-0.027000,0.130000,0.017494,-0.026061,0.130232,-0.063540,0.113541,-0.142346,0.192850,16.558000
42.425,0.016340,-0.027000,0.130000,0.017484,-0.026053,0.130200,-0.062909,0.112990,-0.141130,0.191421,16.939000
42.450,0.016255,-0.027000,0.130000,0.017509,-0.026037,0.130179,-0.062355,0.112419,-0.139941,0.190025,17.144000
42.475,0.016170,-0.027000,0.130000,0.017460,-0.026067,0.130160,-0.061669,0.111901,-0.138683,0.188568,17.178000
42.500,0.016085,-0.027000,0.130000,0.017309,-0.026147,0.130133,-0.061132,0.111249,-0.137408,0.187068,17.416000
42.525,0.016000,-0.027000,0.130000,0.017179,-0.026227,0.130114,-0.060827,0.110537,-0.136241,0.185688,17.134000
42.550,0.015915,-0.027000,0.130000,0.016761,-0.026478,0.130095,-0.060592,0.109928,-0.135184,0.184473,16.313000
42.575,0.015830,-0.027000,0.130000,0.016454,-0.026652,0.130081,-0.060106,0.109525,-0.134134,0.183304,20.324000
42.600,0.015745,-0.027000,0.130000,0.016292,-0.026722,0.130067,-0.059655,0.109182,-0.133193,0.182263,16.570000
42.625,0.015660,-0.027000,0.130000,0.016278,-0.026710,0.130056,-0.059311,0.108770,-0.132334,0.181276,18.646000
42.650,0.015575,-0.027000,0.130000,0.016129,-0.026779,0.130041,-0.059012,0.108248,-0.131523,0.180273,16.107000
42.675,0.015490,-0.027000,0.130000,0.015912,-0.026892,0.130002,-0.058628,0.107725,-0.130679,0.179217,17.916000
42.700,0.015405,-0.027000,0.130000,0.015846,-0.026940,0.129986,-0.058437,0.107242,-0.129946,0.178330,16.700000
42.725,0.015405,-0.027000,0.130000,0.015673,-0.027034,0.129971,-0.058233,0.106839,-0.129290,0.177543,16.700000
42.750,0.015320,-0.027000,0.130000,0.015492,-0.027103,0.129953,-0.057949,0.106480,-0.128683,0.176792,26.826000
42.775,0.015235,-0.027000,0.130000,0.015452,-0.027100,0.129938,-0.057709,0.106097,-0.128211,0.176139,32.971000
42.800,0.015235,-0.027000,0.130000,0.015287,-0.027153,0.129915,-0.057413,0.105688,-0.127900,0.175569,32.971000
42.825,0.015150,-0.027000,0.130000,0.015207,-0.027173,0.129890,-0.056798,0.105322,-0.127542,0.174888,39.823000
42.850,0.015065,-0.027000,0.130000,0.015392,-0.027068,0.129861,-0.056068,0.104901,-0.127068,0.174052,40.261000
42.875,0.014980,-0.027000,0.130000,0.015549,-0.026961,0.129837,-0.055297,0.104433,-0.126538,0.173135,23.015000
42.900,0.014810,-0.027000,0.130000,0.015760,-0.026850,0.129815,-0.054721,0.103953,-0.126014,0.172279,16.691000
42.925,0.014725,-0.027000,0.130000,0.015749,-0.026829,0.129790,-0.054089,0.103484,-0.125504,0.171423,16.324000
42.950,0.014640,-0.027000,0.130000,0.015712,-0.026844,0.129765,-0.053242,0.103083,-0.124996,0.170543,18.169000
42.977,0.014555,-0.027000,0.130000,0.015841,-0.026758,0.129737,-0.052619,0.102632,-0.124506,0.169717,18.772000
43.000,0.014470,-0.027000,0.130000,0.015723,-0.026784,0.129713,-0.051911,0.102164,-0.123973,0.168824,18.292000
43.025,0.014385,-0.027000,0.130000,0.015735,-0.026758,0.129687,-0.051260,0.101645,-0.123424,0.167907,19.488000
43.050,0.014385,-0.027000,0.130000,0.015553,-0.026817,0.129669,-0.050589,0.101150,-0.122914,0.167028,27.480000
43.075,0.014300,-0.027000,0.130000,0.015365,-0.026859,0.129646,-0.049696,0.100637,-0.122447,0.166105,27.480000
43.100,0.014215,-0.027000,0.130000,0.015411,-0.026825,0.129627,-0.049089,0.100061,-0.122113,0.165329,27.522000
43.125,0.014130,-0.027000,0.130000,0.015298,-0.026887,0.129604,-0.048405,0.099540,-0.121957,0.164696,27.247000
43.150,0.014045,-0.027000,0.130000,0.015111,-0.026955,0.129578,-0.047939,0.099082,-0.121910,0.164248,27.416000
43.175,0.013960,-0.027000,0.130000,0.014950,-0.027031,0.129553,-0.047540,0.098734,-0.121757,0.163809,23.564000
43.200,0.013790,-0.027000,0.130000,0.014672,-0.027118,0.129542,-0.047156,0.098477,-0.121465,0.163325,17.569000
43.225,0.013705,-0.027000,0.130000,0.014441,-0.027161,0.129546,-0.046568,0.098330,-0.121107,0.162802,18.568000
43.250,0.013620,-0.027000,0.130000,0.014485,-0.027082,0.129559,-0.046178,0.098244,-0.120806,0.162415,18.243000
43.275,0.013535,-0.027000,0.130000,0.014318,-0.027080,0.129590,-0.045536,0.098278,-0.120652,0.162139,18.282000
43.300,0.013450,-0.027000,0.130000,0.014403,-0.026973,0.129607,-0.044966,0.098218,-0.120718,0.161992,18.120000
43.325,0.013365,-0.027000,0.130000,0.014424,-0.026922,0.129614,-0.044626,0.098058,-0.120815,0.161874,17.976000
43.350,0.013280,-0.027000,0.130000,0.014233,-0.026946,0.129610,-0.044335,0.097895,-0.120847,0.161718,17.535000
43.375,0.013195,-0.027000,0.130000,0.014114,-0.026976,0.129619,-0.043834,0.097942,-0.120882,0.161637,17.625000
43.400,0.013110,-0.027000,0.130000,0.013972,-0.026959,0.129648,-0.043327,0.098176,-0.121028,0.161752,17.689000
43.425,0.013025,-0.027000,0.130000,0.013975,-0.026885,0.129672,-0.043274,0.098466,-0.121251,0.162080,17.610000
43.450,0.012940,-0.027000,0.130000,0.013758,-0.026873,0.129712,-0.043090,0.098804,-0.121524,0.162441,16.947000
43.475,0.012855,-0.027000,0.130000,0.013598,-0.026864,0.129755,-0.042970,0.099193,-0.121859,0.162896,17.023000
43.500,0.012770,-0.027000,0.130000,0.013501,-0.026840,0.129777,-0.042673,0.099608,-0.122264,0.163375,19.197000
43.525,0.012685,-0.027000,0.130000,0.013387,-0.026803,0.129810,-0.042618,0.099915,-0.122684,0.163862,17.402000
43.550,0.012600,-0.027000,0.130000,0.013261,-0.026801,0.129825,-0.042530,0.100178,-0.123043,0.164268,16.854000
43.575,0.012515,-0.027000,0.130000,0.013154,-0.026797,0.129840,-0.042205,0.100472,-0.123399,0.164630,23.498000
43.600,0.012430,-0.027000,0.130000,0.013034,-0.026787,0.129872,-0.042057,0.100816,-0.123848,0.165139,16.526000
43.625,0.012345,-0.027000,0.130000,0.012957,-0.026770,0.129893,-0.041699,0.101228,-0.124353,0.165679,16.480000
43.650,0.012260,-0.027000,0.130000,0.012859,-0.026733,0.129913,-0.041558,0.101621,-0.124881,0.166280,16.782000
43.675,0.012175,-0.027000,0.130000,0.012830,-0.026720,0.129932,-0.041446,0.102053,-0.125442,0.166938,16.976000
43.700,0.012090,-0.027000,0.130000,0.012697,-0.026732,0.129960,-0.041500,0.102454,-0.125984,0.167604,16.804000
43.725,0.012005,-0.027000,0.130000,0.012560,-0.026743,0.129965,-0.041309,0.102831,-0.126414,0.168111,16.748000
43.750,0.011920,-0.027000,0.130000,0.012420,-0.026744,0.129980,-0.040986,0.103209,-0.126857,0.168596,16.820000
43.775,0.011835,-0.027000,0.130000,0.012263,-0.026730,0.129997,-0.040812,0.103556,-0.127362,0.169147,17.103000
43.800,0.011750,-0.027000,0.130000,0.012263,-0.026730,0.129997,-0.040722,0.103831,-0.127865,0.169672,16.988000
43.825,0.011665,-0.027000,0.130000,0.012093,-0.026771,0.129997,-0.040481,0.104071,-0.128303,0.170091,16.672000
43.850,0.011580,-0.027000,0.130000,0.012079,-0.026770,0.129998,-0.040178,0.104368,-0.128762,0.170548,17.073000
43.875,0.011500,-0.026995,0.130000,0.011941,-0.026792,0.130001,-0.039882,0.104679,-0.129311,0.171084,16.808000
43.900,0.011500,-0.026910,0.130000,0.011980,-0.026763,0.130002,-0.039733,0.104964,-0.129909,0.171676,17.266000
43.925,0.011500,-0.026825,0.130000,0.011902,-0.026772,0.129996,-0.039314,0.105262,-0.130458,0.172177,17.010000
43.950,0.011500,-0.026740,0.130000,0.011877,-0.026749,0.129998,-0.038966,0.105504,-0.131070,0.172710,16.806000
43.975,0.011500,-0.026655,0.130000,0.011855,-0.026744,0.129991,-0.038781,0.105635,-0.131637,0.173179,17.041000
44.000,0.011500,-0.026570,0.130000,0.011807,-0.026756,0.129984,-0.038557,0.105751,-0.132087,0.173542,16.903000
44.025,0.011500,-0.026485,0.130000,0.011714,-0.026758,0.129968,-0.038272,0.105853,-0.132424,0.173798,17.207000
44.050,0.011500,-0.026400,0.130000,0.011758,-0.026715,0.129954,-0.038234,0.105891,-0.132710,0.174030,16.579000
44.075,0.011500,-0.026315,0.130000,0.011627,-0.026724,0.129938,-0.038365,0.105868,-0.133036,0.174294,17.272000
44.100,0.011500,-0.026230,0.130000,0.011513,-0.026751,0.129917,-0.038810,0.105804,-0.133445,0.174666,16.469000
44.125,0.011500,-0.026145,0.130000,0.011255,-0.026826,0.129899,-0.039410,0.105733,-0.133768,0.175004,17.463000
44.150,0.011500,-0.026060,0.130000,0.011001,-0.026920,0.129882,-0.039785,0.105635,-0.133814,0.175065,16.801000
44.175,0.011500,-0.025975,0.130000,0.010814,-0.026944,0.129876,-0.039913,0.105531,-0.133674,0.174924,17.458000
44.200,0.011500,-0.025890,0.130000,0.010809,-0.026893,0.129876,-0.040283,0.105438,-0.133579,0.174880,16.776000
44.225,0.011500,-0.025805,0.130000,0.010713,-0.026882,0.129873,-0.040841,0.105481,-0.133685,0.175117,16.997000
44.250,0.011500,-0.025720,0.130000,0.010709,-0.026798,0.129892,-0.041703,0.105609,-0.133978,0.175620,17.182000
44.275,0.011500,-0.025635,0.130000,0.010487,-0.026835,0.129892,-0.042804,0.105627,-0.134353,0.176182,17.448000
44.300,0.011500,-0.025550,0.130000,0.010282,-0.026848,0.129883,-0.043976,0.105715,-0.134820,0.176878,17.111000
44.325,0.011500,-0.025465,0.130000,0.010104,-0.026851,0.129890,-0.045173,0.105656,-0.135436,0.177614,17.990000
44.350,0.011500,-0.025380,0.130000,0.009848,-0.026960,0.129872,-0.046095,0.105673,-0.136160,0.178413,18.808000
44.375,0.011500,-0.025295,0.130000,0.009693,-0.027011,0.129848,-0.046900,0.105598,-0.136851,0.179106,17.743000
44.400,0.011500,-0.025210,0.130000,0.009789,-0.026938,0.129839,-0.047648,0.105681,-0.137643,0.179957,16.942000
44.425,0.011500,-0.025125,0.130000,0.009789,-0.026900,0.129809,-0.048041,0.106005,-0.138573,0.180963,17.466000
44.450,0.011500,-0.025040,0.130000,0.010168,-0.026639,0.129823,-0.048773,0.105913,-0.139486,0.181804,16.876000
44.475,0.011500,-0.024955,0.130000,0.010329,-0.026528,0.129801,-0.049280,0.105942,-0.140422,0.182676,17.419000
44.500,0.011500,-0.024870,0.130000,0.010440,-0.026467,0.129786,-0.049863,0.105856,-0.141374,0.183517,17.705000
44.525,0.011500,-0.024785,0.130000,0.010390,-0.026481,0.129740,-0.050215,0.105933,-0.142391,0.184441,18.710000
44.550,0.011500,-0.024700,0.130000,0.010699,-0.026262,0.129719,-0.050691,0.105864,-0.143326,0.185254,20.054000
44.575,0.011500,-0.024615,0.130000,0.010694,-0.026259,0.129682,-0.051078,0.105943,-0.144296,0.186157,20.416000
44.600,0.011500,-0.024530,0.130000,0.010963,-0.026062,0.129689,-0.051662,0.106116,-0.145374,0.187252,19.822000
44.625,0.011500,-0.024445,0.130000,0.011016,-0.026015,0.129678,-0.052508,0.106009,-0.146544,0.188336,19.834000
44.650,0.011500,-0.024360,0.130000,0.011017,-0.025997,0.129656,-0.053135,0.105892,-0.147634,0.189294,20.309000
44.675,0.011500,-0.024275,0.130000,0.011035,-0.025944,0.129636,-0.053238,0.105748,-0.148446,0.189877,20.198000
44.700,0.011500,-0.024190,0.130000,0.011149,-0.025897,0.129613,-0.053464,0.105354,-0.149138,0.190263,18.774000
44.725,0.011500,-0.024105,0.130000,0.011331,-0.025768,0.129599,-0.053659,0.105066,-0.149863,0.190728,18.102000
44.750,0.011500,-0.024020,0.130000,0.011449,-0.025715,0.129577,-0.053976,0.104831,-0.150665,0.191318,17.134000
44.775,0.011500,-0.023935,0.130000,0.011427,-0.025733,0.129543,-0.054304,0.104521,-0.151575,0.191960,18.202000
44.800,0.011500,-0.023850,0.130000,0.011541,-0.025643,0.129527,-0.054714,0.104310,-0.152530,0.192716,17.078000
44.825,0.011500,-0.023765,0.130000,0.011470,-0.025621,0.129506,-0.054940,0.103966,-0.153401,0.193285,17.974000
44.850,0.011500,-0.023680,0.130000,0.011523,-0.025619,0.129470,-0.055234,0.103625,-0.154059,0.193709,16.995000
44.875,0.011500,-0.023595,0.130000,0.011410,-0.025666,0.129440,-0.055282,0.103145,-0.154536,0.193846,17.866000
44.900,0.011500,-0.023510,0.130000,0.011520,-0.025539,0.129436,-0.055397,0.102728,-0.154861,0.193917,16.980000
44.925,0.011500,-0.023425,0.130000,0.011485,-0.025515,0.129424,-0.055595,0.102059,-0.155224,0.193910,18.134000
44.950,0.011500,-0.023340,0.130000,0.011605,-0.025412,0.129419,-0.055922,0.101442,-0.155706,0.194067,16.448000
44.975,0.011500,-0.023255,0.130000,0.011453,-0.025517,0.129375,-0.056018,0.101052,-0.156222,0.194306,18.156000
45.000,0.011500,-0.023170,0.130000,0.011598,-0.025333,0.129393,-0.056242,0.100725,-0.156635,0.194534,16.939000
45.025,0.011500,-0.023085,0.130000,0.011576,-0.025187,0.129417,-0.056304,0.100090,-0.156987,0.194507,17.474000
45.050,0.011500,-0.023000,0.130000,0.011614,-0.025180,0.129390,-0.056437,0.099503,-0.157231,0.194442,21.907000
45.075,0.011500,-0.022915,0.130000,0.011524,-0.025183,0.129376,-0.056353,0.098711,-0.157521,0.194248,17.673000
45.100,0.011500,-0.022830,0.130000,0.011564,-0.025093,0.129370,-0.056229,0.098214,-0.157827,0.194209,17.111000
45.125,0.011500,-0.022745,0.130000,0.011608,-0.025018,0.129362,-0.056253,0.097343,-0.158146,0.194036,18.224000
45.150,0.011500,-0.022660,0.130000,0.011695,-0.024932,0.129356,-0.056464,0.096495,-0.158568,0.194019,19.172000
45.175,0.011500,-0.022575,0.130000,0.011595,-0.024919,0.129341,-0.056615,0.096055,-0.159090,0.194272,17.914000
45.200,0.011500,-0.022490,0.130000,0.011589,-0.024890,0.129335,-0.056944,0.095457,-0.159563,0.194461,17.808000
45.225,0.011500,-0.022405,0.130000,0.011421,-0.024973,0.129304,-0.056965,0.094918,-0.159912,0.194489,17.820000
45.250,0.011500,-0.022320,0.130000,0.011547,-0.024745,0.129343,-0.057026,0.094353,-0.160093,0.194381,17.127000
45.275,0.011500,-0.022235,0.130000,0.011569,-0.024516,0.129390,-0.056963,0.093360,-0.160199,0.193970,17.757000
45.300,0.011500,-0.022150,0.130000,0.011515,-0.024590,0.129349,-0.056918,0.092544,-0.160221,0.193584,17.642000
45.325,0.011500,-0.022065,0.130000,0.011415,-0.024619,0.129332,-0.056919,0.091444,-0.160277,0.193107,19.197000
45.350,0.011500,-0.021980,0.130000,0.011406,-0.024593,0.129320,-0.057014,0.090447,-0.160364,0.192738,17.896000
45.375,0.011500,-0.021895,0.130000,0.011338,-0.024532,0.129324,-0.056933,0.089801,-0.160407,0.192447,19.487000
45.400,0.011500,-0.021810,0.130000,0.011365,-0.024428,0.129333,-0.056971,0.088779,-0.160457,0.192025,17.931000
45.425,0.011500,-0.021725,0.130000,0.011392,-0.024251,0.129357,-0.056957,0.087952,-0.160506,0.191682,18.753000
45.450,0.011500,-0.021640,0.130000,0.011362,-0.024276,0.129337,-0.056935,0.086904,-0.160443,0.191144,17.129000
45.475,0.011500,-0.021640,0.130000,0.011208,-0.024376,0.129299,-0.056727,0.085966,-0.160236,0.190483,18.438000
45.500,0.011500,-0.021470,0.130000,0.011309,-0.024168,0.129336,-0.056613,0.085232,-0.159882,0.189820,17.694000
45.525,0.011500,-0.021385,0.130000,0.011351,-0.024010,0.129365,-0.056656,0.083933,-0.159499,0.188930,18.959000
45.550,0.011500,-0.021300,0.130000,0.011313,-0.023933,0.129375,-0.056640,0.082700,-0.159165,0.188098,17.676000
45.575,0.011500,-0.021215,0.130000,0.011153,-0.024071,0.129330,-0.056454,0.081771,-0.158829,0.187350,19.576000
45.600,0.011500,-0.021130,0.130000,0.011217,-0.023857,0.129384,-0.056310,0.081048,-0.158553,0.186758,17.335000
45.625,0.011500,-0.021045,0.130000,0.011285,-0.023681,0.129432,-0.056408,0.079819,-0.158420,0.186145,18.684000
45.650,0.011500,-0.020960,0.130000,0.011196,-0.023668,0.129435,-0.056453,0.078829,-0.158328,0.185658,17.106000
45.675,0.011500,-0.020875,0.130000,0.011092,-0.023740,0.129412,-0.056430,0.078062,-0.158159,0.185182,18.244000
45.700,0.011500,-0.020790,0.130000,0.011155,-0.023464,0.129486,-0.056478,0.076985,-0.158038,0.184641,16.856000
45.725,0.011500,-0.020705,0.130000,0.011069,-0.023529,0.129473,-0.056447,0.076267,-0.157959,0.184266,18.134000
45.750,0.011500,-0.020620,0.130000,0.011129,-0.023249,0.129548,-0.056389,0.075617,-0.157961,0.183982,17.079000
45.775,0.011500,-0.020535,0.130000,0.011197,-0.023066,0.129598,-0.056337,0.074486,-0.158073,0.183600,16.919000
45.800,0.011500,-0.020450,0.130000,0.011145,-0.023036,0.129598,-0.056139,0.073843,-0.158040,0.183252,17.613000
45.825,0.011500,-0.020365,0.130000,0.011236,-0.022857,0.129643,-0.056305,0.072797,-0.157946,0.182802,18.431000
45.850,0.011500,-0.020280,0.130000,0.011199,-0.022722,0.129715,-0.056659,0.071851,-0.158012,0.182594,17.450000
45.875,0.011500,-0.020195,0.130000,0.011055,-0.022813,0.129715,-0.056924,0.071180,-0.158163,0.182544,17.647000
45.900,0.011500,-0.020110,0.130000,0.011081,-0.022558,0.129811,-0.056969,0.070419,-0.158345,0.182421,16.277000
45.925,0.011500,-0.020025,0.130000,0.011059,-0.022334,0.129856,-0.056876,0.069775,-0.158394,0.182187,17.554000
45.950,0.011500,-0.019940,0.130000,0.010925,-0.022400,0.129843,-0.056630,0.069355,-0.158319,0.181885,16.612000
45.975,0.011500,-0.019855,0.130000,0.010994,-0.021971,0.129935,-0.056222,0.068494,-0.158170,0.181301,16.946000
46.000,0.011500,-0.019770,0.130000,0.010920,-0.021978,0.129895,-0.055724,0.067406,-0.157843,0.180453,16.262000
46.025,0.011500,-0.019685,0.130000,0.010951,-0.021952,0.129841,-0.055304,0.066372,-0.157303,0.179466,17.007000
46.050,0.011500,-0.019600,0.130000,0.010961,-0.021804,0.129807,-0.054801,0.065219,-0.156640,0.178305,16.395000
46.075,0.011500,-0.019515,0.130000,0.010903,-0.021731,0.129777,-0.054448,0.064272,-0.156017,0.177304,18.053000
46.100,0.011500,-0.019430,0.130000,0.010864,-0.021730,0.129736,-0.054426,0.062971,-0.155376,0.176265,19.589000
46.125,0.011500,-0.019345,0.130000,0.010725,-0.021900,0.129637,-0.054788,0.061815,-0.154579,0.175264,19.917000
46.150,0.011500,-0.019260,0.130000,0.010580,-0.021850,0.129602,-0.055230,0.060733,-0.153644,0.174199,17.512000
46.175,0.011500,-0.019175,0.130000,0.010434,-0.021777,0.129618,-0.055468,0.059468,-0.152892,0.173174,20.108000
46.200,0.011500,-0.019090,0.130000,0.010268,-0.021940,0.129603,-0.055654,0.058127,-0.152521,0.172449,19.696000
46.225,0.011500,-0.019005,0.130000,0.010081,-0.022218,0.129539,-0.055728,0.057094,-0.152253,0.171891,17.209000
46.250,0.011500,-0.018920,0.130000,0.010091,-0.022051,0.129566,-0.055685,0.056187,-0.151971,0.171327,17.502000
46.275,0.011500,-0.018835,0.130000,0.010193,-0.021752,0.129606,-0.055764,0.054861,-0.151726,0.170705,17.182000
46.300,0.011500,-0.018750,0.130000,0.010047,-0.021961,0.129529,-0.055975,0.053500,-0.151495,0.170136,17.086000
46.325,0.011500,-0.018665,0.130000,0.009907,-0.022203,0.129425,-0.056085,0.052532,-0.151123,0.169538,17.332000
46.350,0.011500,-0.018580,0.130000,0.010004,-0.021850,0.129494,-0.056006,0.051697,-0.150536,0.168732,16.704000
46.375,0.011500,-0.018495,0.130000,0.010071,-0.021670,0.129508,-0.055987,0.050442,-0.149888,0.167766,16.945000
46.400,0.011500,-0.018410,0.130000,0.010142,-0.021435,0.129522,-0.056020,0.049105,-0.149408,0.166950,16.656000
46.425,0.011500,-0.018325,0.130000,0.010200,-0.021272,0.129508,-0.056038,0.048183,-0.149011,0.166332,16.761000
46.450,0.011500,-0.018240,0.130000,0.010213,-0.021145,0.129520,-0.055972,0.047326,-0.148632,0.165723,16.677000
46.475,0.011500,-0.018155,0.130000,0.010180,-0.021118,0.129499,-0.055834,0.046380,-0.148231,0.165048,16.519000
46.500,0.011500,-0.018070,0.130000,0.010345,-0.020668,0.129556,-0.055724,0.045216,-0.147826,0.164323,16.871000
46.525,0.011500,-0.017985,0.130000,0.010421,-0.020527,0.129529,-0.055638,0.044330,-0.147440,0.163705,17.167000
46.550,0.011500,-0.017900,0.130000,0.010454,-0.020413,0.129531,-0.055724,0.042906,-0.147091,0.163039,17.038000
46.575,0.011500,-0.017815,0.130000,0.010412,-0.020400,0.129492,-0.055840,0.042019,-0.146913,0.162687,17.289000
46.600,0.011500,-0.017730,0.130000,0.010353,-0.020472,0.129453,-0.055867,0.041351,-0.146779,0.162404,16.989000
46.625,0.011500,-0.017645,0.130000,0.010400,-0.020311,0.129480,-0.055853,0.040273,-0.146720,0.162074,16.789000
46.650,0.011500,-0.017560,0.130000,0.010397,-0.020219,0.129463,-0.055675,0.039733,-0.146727,0.161886,16.360000
46.675,0.011500,-0.017475,0.130000,0.010598,-0.019675,0.129539,-0.055670,0.038635,-0.146672,0.161569,17.420000
46.700,0.011500,-0.017390,0.130000,0.010520,-0.019812,0.129481,-0.055696,0.037492,-0.146693,0.161328,16.897000
46.725,0.011500,-0.017305,0.130000,0.010537,-0.019688,0.129457,-0.055773,0.036687,-0.146633,0.161114,18.537000
46.750,0.011500,-0.017220,0.130000,0.010534,-0.019624,0.129446,-0.055860,0.035962,-0.146433,0.160798,17.108000
46.775,0.011500,-0.017135,0.130000,0.010543,-0.019538,0.129452,-0.055925,0.034955,-0.146127,0.160320,17.966000
46.800,0.011500,-0.017050,0.130000,0.010532,-0.019378,0.129466,-0.055884,0.034456,-0.145827,0.159925,16.835000
46.825,0.011500,-0.016965,0.130000,0.010609,-0.019081,0.129529,-0.055841,0.033523,-0.145591,0.159496,17.819000
46.850,0.011500,-0.016880,0.130000,0.010646,-0.018855,0.129545,-0.055761,0.032951,-0.145462,0.159230,17.036000
46.875,0.011500,-0.016795,0.130000,0.010711,-0.018637,0.129578,-0.055805,0.031970,-0.145369,0.158960,17.529000
46.900,0.011500,-0.016710,0.130000,0.010731,-0.018504,0.129570,-0.055920,0.031278,-0.145317,0.158816,17.028000
46.925,0.011500,-0.016625,0.130000,0.010738,-0.018460,0.129567,-0.056154,0.030369,-0.145350,0.158752,17.508000
46.950,0.011500,-0.016540,0.130000,0.010736,-0.018385,0.129572,-0.056325,0.029946,-0.145604,0.158965,16.680000
46.975,0.011500,-0.016455,0.130000,0.010777,-0.018246,0.129588,-0.056484,0.029224,-0.145887,0.159146,17.699000
47.000,0.011500,-0.016370,0.130000,0.010780,-0.018115,0.129614,-0.056475,0.028796,-0.146181,0.159335,16.860000
47.025,0.011500,-0.016285,0.130000,0.010893,-0.017713,0.129677,-0.056466,0.027957,-0.146466,0.159444,17.249000
47.050,0.011500,-0.016200,0.130000,0.010881,-0.017881,0.129609,-0.056479,0.027151,-0.146795,0.159611,16.553000
47.075,0.011500,-0.016115,0.130000,0.010868,-0.018054,0.129538,-0.056428,0.026668,-0.147041,0.159738,17.290000
47.100,0.011500,-0.016030,0.130000,0.010970,-0.017743,0.129582,-0.056397,0.025858,-0.147201,0.159741,16.621000
47.125,0.011500,-0.015945,0.130000,0.010972,-0.017858,0.129528,-0.056415,0.025326,-0.147348,0.159798,16.768000
47.150,0.011500,-0.015860,0.130000,0.011021,-0.017583,0.129581,-0.056378,0.024862,-0.147474,0.159828,15.933000
47.175,0.011500,-0.015775,0.130000,0.011063,-0.017489,0.129579,-0.056377,0.024131,-0.147570,0.159805,16.631000
47.200,0.011500,-0.015690,0.130000,0.011062,-0.017274,0.129633,-0.056291,0.023362,-0.147755,0.159831,15.984000
47.225,0.011500,-0.015605,0.130000,0.011028,-0.017459,0.129574,-0.056349,0.023034,-0.147967,0.160000,16.967000
47.250,0.011500,-0.015520,0.130000,0.011088,-0.017090,0.129631,-0.056406,0.022760,-0.148268,0.160259,16.512000
47.275,0.011500,-0.015435,0.130000,0.011120,-0.016914,0.129648,-0.056255,0.022165,-0.148511,0.160347,16.472000
47.300,0.011500,-0.015350,0.130000,0.011162,-0.016687,0.129675,-0.055838,0.021529,-0.148707,0.160297,16.005000
47.325,0.011500,-0.015265,0.130000,0.011238,-0.016496,0.129683,-0.055550,0.020987,-0.148822,0.160232,17.094000
47.350,0.011500,-0.015180,0.130000,0.011255,-0.016544,0.129655,-0.055422,0.020522,-0.148891,0.160192,15.936000
47.375,0.011500,-0.015095,0.130000,0.011320,-0.016319,0.129668,-0.055531,0.019781,-0.148881,0.160127,17.041000
47.400,0.011500,-0.015010,0.130000,0.011273,-0.016484,0.129629,-0.055645,0.018995,-0.148868,0.160059,16.224000
47.425,0.011500,-0.014925,0.130000,0.011211,-0.016657,0.129583,-0.055681,0.018500,-0.148828,0.159976,16.968000
47.450,0.011500,-0.014840,0.130000,0.011215,-0.016410,0.129628,-0.055591,0.018092,-0.148863,0.159931,16.068000
47.475,0.011500,-0.014755,0.130000,0.011263,-0.016085,0.129673,-0.055439,0.017398,-0.148987,0.159917,16.725000
47.500,0.011500,-0.014670,0.130000,0.011244,-0.016186,0.129639,-0.055190,0.016939,-0.149123,0.159908,16.769000
47.525,0.011500,-0.014585,0.130000,0.011283,-0.016135,0.129618,-0.054946,0.016217,-0.149088,0.159717,18.549000
47.550,0.011500,-0.014500,0.130000,0.011306,-0.016016,0.129615,-0.054733,0.015547,-0.148991,0.159486,16.677000
47.575,0.011415,-0.014500,0.130000,0.011331,-0.015839,0.129622,-0.054567,0.015098,-0.148892,0.159294,17.066000
47.600,0.011330,-0.014500,0.130000,0.011348,-0.015721,0.129631,-0.054445,0.014625,-0.148889,0.159204,16.371000
47.625,0.011245,-0.014500,0.130000,0.011361,-0.015647,0.129627,-0.054333,0.013870,-0.149017,0.159218,16.944000
47.650,0.011160,-0.014500,0.130000,0.011345,-0.015572,0.129641,-0.054173,0.013122,-0.149232,0.159302,16.417000
47.675,0.011075,-0.014500,0.130000,0.011339,-0.015549,0.129650,-0.053990,0.012672,-0.149414,0.159374,16.764000
47.700,0.010990,-0.014500,0.130000,0.011331,-0.015582,0.129648,-0.053688,0.012175,-0.149651,0.159455,16.065000
47.725,0.010905,-0.014500,0.130000,0.011343,-0.015605,0.129644,-0.053431,0.011996,-0.149929,0.159617,16.965000
47.750,0.010820,-0.014500,0.130000,0.011359,-0.015215,0.129744,-0.053095,0.011711,-0.150239,0.159775,16.329000
47.775,0.010735,-0.014500,0.130000,0.011367,-0.015162,0.129762,-0.052791,0.011572,-0.150526,0.159934,16.805000
47.800,0.010650,-0.014500,0.130000,0.011381,-0.014959,0.129810,-0.052557,0.011473,-0.150845,0.160150,15.944000
47.825,0.010565,-0.014500,0.130000,0.011317,-0.014419,0.129922,-0.052047,0.010728,-0.151242,0.160306,16.693000
47.850,0.010480,-0.014500,0.130000,0.011316,-0.014768,0.129827,-0.051576,0.010195,-0.151588,0.160446,16.181000
47.875,0.010395,-0.014500,0.130000,0.011296,-0.015039,0.129745,-0.051018,0.010022,-0.151723,0.160384,16.560000
47.900,0.010310,-0.014500,0.130000,0.011244,-0.014910,0.129787,-0.050304,0.009861,-0.151923,0.160338,15.910000
47.925,0.010225,-0.014500,0.130000,0.011234,-0.014851,0.129807,-0.049338,0.009501,-0.152263,0.160339,16.502000
47.950,0.010140,-0.014500,0.130000,0.011230,-0.014776,0.129817,-0.048510,0.009207,-0.152527,0.160320,16.386000
47.975,0.010055,-0.014500,0.130000,0.011207,-0.014887,0.129775,-0.047452,0.008914,-0.152705,0.160156,16.331000
48.000,0.009970,-0.014500,0.130000,0.011151,-0.014851,0.129765,-0.046453,0.008697,-0.152798,0.159940,16.684000
48.025,0.009885,-0.014500,0.130000,0.011123,-0.014875,0.129733,-0.045142,0.008435,-0.152800,0.159552,16.434000
48.050,0.009800,-0.014500,0.130000,0.011070,-0.014817,0.129727,-0.043889,0.008213,-0.152742,0.159135,16.495000
48.075,0.009715,-0.014500,0.130000,0.010984,-0.014770,0.129717,-0.042315,0.008116,-0.152559,0.158526,16.675000
48.100,0.009630,-0.014500,0.130000,0.011009,-0.014676,0.129690,-0.040945,0.008349,-0.152032,0.157671,16.600000
48.125,0.009545,-0.014500,0.130000,0.010894,-0.014309,0.129738,-0.039938,0.008894,-0.151129,0.156570,16.894000
48.150,0.009460,-0.014500,0.130000,0.010844,-0.013792,0.129843,-0.039897,0.009811,-0.150044,0.155567,16.063000
48.175,0.009375,-0.014500,0.130000,0.010535,-0.012930,0.130041,-0.039837,0.010724,-0.149092,0.154694,16.713000
48.200,0.009290,-0.014500,0.130000,0.010322,-0.012301,0.130180,-0.039458,0.011646,-0.148131,0.153738,15.989000
48.225,0.009205,-0.014500,0.130000,0.010148,-0.011825,0.130280,-0.038914,0.012414,-0.147172,0.152735,16.896000
48.250,0.009120,-0.014500,0.130000,0.009941,-0.011630,0.130305,-0.038109,0.013157,-0.146308,0.151761,16.318000
48.275,0.009035,-0.014500,0.130000,0.009797,-0.011735,0.130266,-0.037632,0.013763,-0.145529,0.150944,16.867000
48.300,0.008950,-0.014500,0.130000,0.009694,-0.011801,0.130250,-0.037343,0.014702,-0.144547,0.150015,16.462000
48.325,0.008865,-0.014500,0.130000,0.009502,-0.011873,0.130243,-0.037199,0.015425,-0.143756,0.149290,16.990000
48.350,0.008780,-0.014500,0.130000,0.009374,-0.011878,0.130273,-0.036921,0.016292,-0.143188,0.148766,16.402000
48.375,0.008695,-0.014500,0.130000,0.009233,-0.012046,0.130213,-0.036527,0.017438,-0.142624,0.148256,17.168000
48.400,0.008610,-0.014500,0.130000,0.009165,-0.011884,0.130230,-0.036163,0.018520,-0.142179,0.147870,16.133000
48.425,0.008525,-0.014500,0.130000,0.009096,-0.011775,0.130258,-0.035901,0.019282,-0.141899,0.147635,17.152000
48.450,0.008440,-0.014500,0.130000,0.008975,-0.012086,0.130180,-0.035593,0.020373,-0.141478,0.147302,17.387000
48.475,0.008355,-0.014500,0.130000,0.008916,-0.011997,0.130203,-0.035482,0.021093,-0.141290,0.147196,17.820000
48.500,0.008270,-0.014500,0.130000,0.008787,-0.012364,0.130117,-0.035466,0.021830,-0.140970,0.146992,16.232000
48.525,0.008185,-0.014500,0.130000,0.008695,-0.012425,0.130083,-0.035498,0.022859,-0.140497,0.146704,16.516000
48.550,0.008100,-0.014500,0.130000,0.008561,-0.012572,0.130036,-0.035596,0.023609,-0.140340,0.146696,16.350000
48.575,0.008015,-0.014500,0.130000,0.008396,-0.012855,0.130010,-0.035399,0.024675,-0.140178,0.146669,16.669000
48.600,0.007930,-0.014500,0.130000,0.008345,-0.012743,0.130043,-0.035348,0.025255,-0.140290,0.146863,16.489000
48.625,0.007845,-0.014500,0.130000,0.008268,-0.012893,0.130028,-0.035265,0.026197,-0.140206,0.146928,16.460000
48.650,0.007760,-0.014500,0.130000,0.008145,-0.013060,0.130008,-0.035421,0.026674,-0.140428,0.147262,16.069000
48.675,0.007675,-0.014500,0.130000,0.008003,-0.013409,0.129923,-0.035562,0.027524,-0.140436,0.147460,16.249000
48.700,0.007590,-0.014500,0.130000,0.007912,-0.013372,0.129944,-0.035764,0.028170,-0.140633,0.147819,16.202000
48.725,0.007505,-0.014500,0.130000,0.007808,-0.013456,0.129946,-0.035825,0.029204,-0.140712,0.148109,16.441000
48.750,0.007420,-0.014500,0.130000,0.007692,-0.013464,0.129983,-0.035901,0.030177,-0.141038,0.148631,16.190000
48.775,0.007335,-0.014500,0.130000,0.007560,-0.013576,0.129979,-0.035932,0.030990,-0.141538,0.149280,16.613000
48.800,0.007250,-0.014500,0.130000,0.007520,-0.013496,0.129982,-0.035837,0.031866,-0.142045,0.149921,16.182000
48.825,0.007165,-0.014500,0.130000,0.007486,-0.013470,0.129993,-0.035820,0.032515,-0.142614,0.150595,16.627000
48.850,0.007080,-0.014500,0.130000,0.007400,-0.013653,0.129963,-0.035841,0.033394,-0.142983,0.151142,15.611000
48.875,0.006995,-0.014500,0.130000,0.007339,-0.013634,0.129967,-0.036102,0.033922,-0.143498,0.151808,16.571000
48.900,0.006910,-0.014500,0.130000,0.007251,-0.013698,0.129959,-0.036470,0.034167,-0.144075,0.152496,16.017000
48.925,0.006825,-0.014500,0.130000,0.007058,-0.014139,0.129864,-0.036396,0.035137,-0.144312,0.152922,16.666000
48.950,0.006740,-0.014500,0.130000,0.007023,-0.013984,0.129897,-0.036369,0.035690,-0.144836,0.153538,16.370000
48.975,0.006655,-0.014500,0.130000,0.006958,-0.014028,0.129902,-0.036114,0.036363,-0.145359,0.154129,16.407000
49.000,0.006570,-0.014500,0.130000,0.006884,-0.014082,0.129906,-0.035874,0.036802,-0.146089,0.154866,16.628000
49.025,0.006485,-0.014500,0.130000,0.006859,-0.014166,0.129905,-0.035644,0.037448,-0.146853,0.155688,16.516000
49.050,0.006400,-0.014500,0.130000,0.006786,-0.014261,0.129896,-0.035542,0.038047,-0.147665,0.156576,16.410000
49.075,0.006315,-0.014500,0.130000,0.006764,-0.014230,0.129891,-0.035510,0.038555,-0.148513,0.157491,16.508000
49.100,0.006230,-0.014500,0.130000,0.006668,-0.014327,0.129864,-0.035293,0.039188,-0.149328,0.158367,16.383000
49.125,0.006145,-0.014500,0.130000,0.006641,-0.014301,0.129874,-0.035166,0.039685,-0.150217,0.159301,16.485000
49.150,0.006060,-0.014500,0.130000,0.006558,-0.014392,0.129857,-0.035146,0.040131,-0.151024,0.160169,15.891000
49.175,0.005975,-0.014500,0.130000,0.006479,-0.014461,0.129842,-0.035237,0.040475,-0.151823,0.161029,16.388000
49.200,0.005890,-0.014500,0.130000,0.006384,-0.014540,0.129826,-0.035220,0.040896,-0.152572,0.161837,15.915000
49.225,0.005805,-0.014500,0.130000,0.006267,-0.014601,0.129816,-0.034991,0.041388,-0.153299,0.162597,16.751000
49.250,0.005720,-0.014500,0.130000,0.006207,-0.014578,0.129825,-0.034739,0.041803,-0.154107,0.163412,15.708000
49.275,0.005635,-0.014500,0.130000,0.006182,-0.014545,0.129837,-0.034453,0.042195,-0.155002,0.164295,17.030000
49.300,0.005550,-0.014500,0.130000,0.006094,-0.014583,0.129844,-0.034191,0.042484,-0.155961,0.165221,15.919000
49.325,0.005465,-0.014500,0.130000,0.006001,-0.014645,0.129835,-0.033772,0.042757,-0.156918,0.166109,16.723000
49.350,0.005380,-0.014500,0.130000,0.006021,-0.014667,0.129820,-0.033562,0.042925,-0.157905,0.167042,16.275000
49.375,0.005295,-0.014500,0.130000,0.005926,-0.014748,0.129812,-0.033061,0.043219,-0.158857,0.167918,16.371000
49.400,0.005210,-0.014500,0.130000,0.005852,-0.014764,0.129815,-0.032619,0.043491,-0.159844,0.168836,23.100000
49.425,0.005125,-0.014500,0.130000,0.005771,-0.014781,0.129820,-0.031976,0.043866,-0.160877,0.169789,20.119000
49.450,0.005040,-0.014500,0.130000,0.005764,-0.014749,0.129834,-0.031254,0.044217,-0.161996,0.170806,16.231000
49.475,0.004955,-0.014500,0.130000,0.005766,-0.014718,0.129845,-0.030740,0.044446,-0.163094,0.171814,16.075000
49.500,0.004870,-0.014500,0.130000,0.005686,-0.014728,0.129844,-0.030302,0.044590,-0.164129,0.172757,15.996000
49.525,0.004785,-0.014500,0.130000,0.005637,-0.014778,0.129825,-0.029946,0.044713,-0.165138,0.173685,16.502000
49.550,0.004700,-0.014500,0.130000,0.005490,-0.014815,0.129793,-0.029570,0.044916,-0.166103,0.174591,16.088000
49.575,0.004615,-0.014500,0.130000,0.005365,-0.014832,0.129795,-0.028989,0.045137,-0.167027,0.175430,16.503000
49.600,0.004530,-0.014500,0.130000,0.005323,-0.014813,0.129796,-0.028479,0.045275,-0.167917,0.176230,16.216000
49.625,0.004445,-0.014500,0.130000,0.005262,-0.014824,0.129797,-0.027788,0.045381,-0.168831,0.177019,16.620000
49.650,0.004360,-0.014500,0.130000,0.005150,-0.014835,0.129803,-0.026987,0.045544,-0.169845,0.177904,16.051000
49.675,0.004275,-0.014500,0.130000,0.005133,-0.014820,0.129799,-0.026340,0.045690,-0.170950,0.178900,16.340000
49.700,0.004190,-0.014500,0.130000,0.005034,-0.014812,0.129801,-0.025777,0.045762,-0.172002,0.179842,16.047000
49.725,0.004105,-0.014500,0.130000,0.004908,-0.014832,0.129791,-0.025019,0.045841,-0.172907,0.180621,17.367000
49.750,0.004020,-0.014500,0.130000,0.004858,-0.014853,0.129771,-0.024104,0.045974,-0.173714,0.181304,17.406000
49.775,0.003935,-0.014500,0.130000,0.004841,-0.014833,0.129769,-0.023409,0.046080,-0.174571,0.182062,17.300000
49.800,0.003850,-0.014500,0.130000,0.004729,-0.014804,0.129778,-0.022773,0.046187,-0.175479,0.182879,16.936000
49.825,0.003765,-0.014500,0.130000,0.004605,-0.014767,0.129796,-0.021899,0.046271,-0.176513,0.183786,17.555000
49.850,0.003680,-0.014500,0.130000,0.004563,-0.014784,0.129781,-0.020887,0.046362,-0.177595,0.184732,16.639000
49.875,0.003595,-0.014500,0.130000,0.004476,-0.014764,0.129773,-0.019995,0.046387,-0.178724,0.185725,17.404000
49.900,0.003510,-0.014500,0.130000,0.004441,-0.014807,0.129749,-0.018983,0.046342,-0.179860,0.186702,16.406000
49.925,0.003425,-0.014500,0.130000,0.004417,-0.014848,0.129729,-0.018168,0.046346,-0.181054,0.187773,16.642000
49.950,0.003340,-0.014500,0.130000,0.004305,-0.014870,0.129719,-0.017510,0.046457,-0.182299,0.188938,15.886000
49.975,0.003255,-0.014500,0.130000,0.004244,-0.014877,0.129718,-0.016619,0.046481,-0.183539,0.190061,16.767000
50.000,0.003170,-0.014500,0.130000,0.004187,-0.014881,0.129713,-0.015520,0.046433,-0.184671,0.191051,16.345000
50.025,0.003085,-0.014500,0.130000,0.004017,-0.014845,0.129723,-0.014543,0.046539,-0.185705,0.192000,16.302000
50.050,0.003000,-0.014500,0.130000,0.004000,-0.014838,0.129717,-0.013426,0.046797,-0.186701,0.192944,16.148000
50.075,0.002915,-0.014500,0.130000,0.003983,-0.014760,0.129731,-0.012389,0.047288,-0.187785,0.194044,16.522000
50.100,0.002830,-0.014500,0.130000,0.003890,-0.014594,0.129771,-0.011352,0.047772,-0.189000,0.195275,15.985000
50.125,0.002830,-0.014500,0.130000,0.003868,-0.014454,0.129801,-0.010669,0.048226,-0.190205,0.196514,16.536000
50.150,0.002660,-0.014500,0.130000,0.003813,-0.014358,0.129824,-0.009938,0.048425,-0.191263,0.197548,16.428000
50.175,0.002575,-0.014500,0.130000,0.003645,-0.014318,0.129823,-0.009427,0.048589,-0.192200,0.198471,16.581000
50.200,0.002490,-0.014500,0.130000,0.003457,-0.014330,0.129798,-0.008474,0.048802,-0.192988,0.199243,15.755000
50.225,0.002405,-0.014500,0.130000,0.003432,-0.014314,0.129789,-0.007498,0.049117,-0.193803,0.200071,16.750000
50.250,0.002320,-0.014500,0.130000,0.003307,-0.014287,0.129789,-0.006574,0.049402,-0.194686,0.200964,16.329000
50.275,0.002320,-0.014500,0.130000,0.003259,-0.014275,0.129789,-0.005490,0.049744,-0.195633,0.201933,16.534000
50.300,0.002150,-0.014500,0.130000,0.003142,-0.014265,0.129793,-0.004581,0.050058,-0.196748,0.203068,15.873000
50.325,0.002065,-0.014500,0.130000,0.003086,-0.014268,0.129789,-0.003550,0.050251,-0.197909,0.204220,16.936000
50.350,0.001980,-0.014500,0.130000,0.002977,-0.014309,0.129780,-0.002792,0.050384,-0.199035,0.205332,15.907000
50.375,0.001895,-0.014500,0.130000,0.002920,-0.014364,0.129765,-0.001898,0.050574,-0.200022,0.206325,16.589000
50.400,0.001810,-0.014500,0.130000,0.002787,-0.014392,0.129736,-0.000938,0.050970,-0.200945,0.207311,16.034000
50.425,0.001725,-0.014500,0.130000,0.002663,-0.014349,0.129751,-0.000113,0.051466,-0.202038,0.208490,16.666000
50.450,0.001640,-0.014500,0.130000,0.002616,-0.014302,0.129764,0.000547,0.052001,-0.203212,0.209761,16.316000
50.475,0.001555,-0.014500,0.130000,0.002459,-0.014243,0.129800,0.001349,0.052427,-0.204403,0.211024,16.449000
50.500,0.001470,-0.014500,0.130000,0.002494,-0.014215,0.129794,0.002081,0.052800,-0.205590,0.212272,16.550000
50.525,0.001385,-0.014500,0.130000,0.002357,-0.014204,0.129804,0.002531,0.053145,-0.206840,0.213574,16.371000
50.550,0.001300,-0.014500,0.130000,0.002200,-0.014233,0.129793,0.003140,0.053657,-0.207995,0.214828,16.288000
50.575,0.001215,-0.014500,0.130000,0.002137,-0.014204,0.129799,0.003578,0.054132,-0.209147,0.216069,16.681000
50.600,0.001130,-0.014500,0.130000,0.001966,-0.014197,0.129802,0.003865,0.054463,-0.210240,0.217214,16.094000
50.625,0.001045,-0.014500,0.130000,0.001859,-0.014200,0.129817,0.004319,0.054781,-0.211355,0.218382,16.355000
50.650,0.000960,-0.014500,0.130000,0.001692,-0.014256,0.129811,0.004900,0.055212,-0.212539,0.219648,16.071000
50.675,0.000875,-0.014500,0.130000,0.001557,-0.014272,0.129816,0.005579,0.055763,-0.213815,0.221038,18.140000
50.700,0.000790,-0.014500,0.130000,0.001516,-0.014255,0.129824,0.006448,0.056392,-0.215003,0.222369,15.956000
50.725,0.000705,-0.014500,0.130000,0.001404,-0.014239,0.129829,0.007171,0.056968,-0.216145,0.223642,16.675000
50.750,0.000620,-0.014500,0.130000,0.001369,-0.014195,0.129833,0.007650,0.057550,-0.217338,0.224958,16.565000
50.775,0.000535,-0.014500,0.130000,0.001308,-0.014149,0.129859,0.008156,0.058307,-0.218583,0.226373,16.856000
50.800,0.000450,-0.014500,0.130000,0.001198,-0.014095,0.129876,0.008642,0.059209,-0.219846,0.227843,17.125000
50.825,0.000365,-0.014500,0.130000,0.001149,-0.014006,0.129903,0.009000,0.060057,-0.221160,0.229346,16.728000
50.850,0.000280,-0.014500,0.130000,0.001012,-0.013973,0.129902,0.009499,0.060847,-0.222363,0.230734,16.087000
50.875,0.000195,-0.014500,0.130000,0.000952,-0.013904,0.129921,0.009961,0.061476,-0.223553,0.232065,16.768000
50.900,0.000110,-0.014500,0.130000,0.000801,-0.013936,0.129914,0.010520,0.062119,-0.224676,0.233342,16.386000
50.925,0.000025,-0.014500,0.130000,0.000730,-0.013947,0.129916,0.011489,0.063210,-0.225604,0.234573,16.636000
50.950,-0.000060,-0.014500,0.130000,0.000708,-0.013824,0.129940,0.012205,0.064284,-0.226814,0.236063,16.599000
50.975,-0.000145,-0.014500,0.130000,0.000771,-0.013631,0.129998,0.012533,0.065000,-0.228202,0.237610,16.506000
51.000,-0.000230,-0.014500,0.130000,0.000760,-0.013585,0.129997,0.012514,0.065521,-0.229506,0.239003,16.528000
51.025,-0.000315,-0.014500,0.130000,0.000598,-0.013739,0.129931,0.012657,0.066346,-0.230558,0.240248,16.499000
51.050,-0.000400,-0.014500,0.130000,0.000541,-0.013724,0.129910,0.012962,0.067156,-0.231465,0.241358,15.998000
51.075,-0.000485,-0.014500,0.130000,0.000433,-0.013753,0.129873,0.013439,0.067854,-0.232209,0.242293,16.842000
51.100,-0.000570,-0.014500,0.130000,0.000400,-0.013728,0.129846,0.014079,0.068445,-0.232778,0.243040,16.177000
51.125,-0.000655,-0.014500,0.130000,0.000326,-0.013773,0.129825,0.014988,0.069138,-0.233240,0.243732,16.412000
51.150,-0.000740,-0.014500,0.130000,0.000318,-0.013748,0.129821,0.016036,0.069899,-0.233725,0.244480,16.242000
51.175,-0.000825,-0.014500,0.130000,0.000355,-0.013689,0.129824,0.016940,0.070560,-0.234348,0.245326,16.097000
51.200,-0.000910,-0.014500,0.130000,0.000297,-0.013725,0.129803,0.017767,0.071144,-0.235006,0.246180,16.317000
51.225,-0.000995,-0.014500,0.130000,0.000278,-0.013731,0.129779,0.018879,0.071922,-0.235425,0.246889,15.918000
51.250,-0.001080,-0.014500,0.130000,0.000215,-0.013739,0.129756,0.019847,0.072479,-0.236026,0.247700,16.482000
51.275,-0.001165,-0.014500,0.130000,0.000202,-0.013734,0.129728,0.021006,0.073117,-0.236412,0.248350,16.192000
51.300,-0.001250,-0.014500,0.130000,0.000145,-0.013768,0.129698,0.022289,0.073785,-0.236734,0.248966,16.472000
51.325,-0.001335,-0.014500,0.130000,0.000157,-0.013737,0.129683,0.023407,0.074339,-0.237144,0.249622,16.371000
51.350,-0.001420,-0.014500,0.130000,0.000070,-0.013777,0.129648,0.024296,0.074770,-0.237696,0.250360,15.886000
51.375,-0.001505,-0.014500,0.130000,-0.000060,-0.013858,0.129610,0.025338,0.075284,-0.238275,0.251167,16.632000
51.400,-0.001590,-0.014500,0.130000,-0.000078,-0.013860,0.129602,0.026375,0.075761,-0.238963,0.252068,15.750000
51.425,-0.001675,-0.014500,0.130000,-0.000123,-0.013887,0.129571,0.027076,0.076019,-0.239771,0.252987,16.367000
51.450,-0.001760,-0.014500,0.130000,-0.000294,-0.014012,0.129524,0.027544,0.076174,-0.240652,0.253918,15.927000
51.475,-0.001845,-0.014500,0.130000,-0.000418,-0.014111,0.129483,0.028343,0.076509,-0.241395,0.254811,16.464000
51.500,-0.001930,-0.014500,0.130000,-0.000586,-0.014180,0.129453,0.029303,0.076897,-0.242223,0.255820,16.214000
51.525,-0.002015,-0.014500,0.130000,-0.000639,-0.014184,0.129445,0.030148,0.077294,-0.243184,0.256947,16.321000
51.550,-0.002100,-0.014500,0.130000,-0.000782,-0.014216,0.129431,0.031093,0.077729,-0.244100,0.258056,16.421000
51.575,-0.002185,-0.014500,0.130000,-0.000829,-0.014199,0.129431,0.031824,0.078041,-0.245052,0.259140,16.338000
51.600,-0.002270,-0.014500,0.130000,-0.000973,-0.014230,0.129443,0.032228,0.078256,-0.246041,0.260190,16.419000
51.625,-0.002355,-0.014500,0.130000,-0.001078,-0.014264,0.129445,0.032753,0.078556,-0.247037,0.261287,16.164000
51.650,-0.002440,-0.014500,0.130000,-0.001264,-0.014319,0.129427,0.033409,0.078913,-0.248048,0.262434,16.246000
51.675,-0.002525,-0.014500,0.130000,-0.001345,-0.014310,0.129424,0.033783,0.079218,-0.249157,0.263621,15.691000
51.700,-0.002610,-0.014500,0.130000,-0.001529,-0.014349,0.129424,0.034054,0.079648,-0.250296,0.264861,16.001000
51.725,-0.002695,-0.014500,0.130000,-0.001724,-0.014350,0.129435,0.034605,0.080214,-0.251456,0.266199,16.349000
51.750,-0.002780,-0.014500,0.130000,-0.001777,-0.014315,0.129452,0.035046,0.080798,-0.252693,0.267601,16.318000
51.775,-0.002865,-0.014500,0.130000,-0.001841,-0.014253,0.129478,0.035632,0.081314,-0.253980,0.269049,16.426000
51.800,-0.002950,-0.014500,0.130000,-0.001980,-0.014246,0.129491,0.036312,0.081804,-0.255332,0.270564,16.379000
51.825,-0.003035,-0.014500,0.130000,-0.002027,-0.014215,0.129507,0.036747,0.082230,-0.256903,0.272234,16.800000
51.850,-0.003120,-0.014500,0.130000,-0.002144,-0.014239,0.129539,0.036943,0.082718,-0.258616,0.274025,15.882000
51.875,-0.003205,-0.014500,0.130000,-0.002242,-0.014253,0.129546,0.037177,0.083367,-0.260335,0.275874,16.858000
51.900,-0.003290,-0.014500,0.130000,-0.002411,-0.014276,0.129547,0.037337,0.084111,-0.262017,0.277708,15.911000
51.925,-0.003375,-0.014500,0.130000,-0.002502,-0.014241,0.129557,0.037367,0.084875,-0.263776,0.279603,16.345000
51.950,-0.003460,-0.014500,0.130000,-0.002664,-0.014230,0.129577,0.037352,0.085694,-0.265652,0.281619,15.916000
51.975,-0.003545,-0.014500,0.130000,-0.002761,-0.014190,0.129597,0.037630,0.086636,-0.267716,0.283890,16.352000
52.000,-0.003630,-0.014500,0.130000,-0.002867,-0.014159,0.129626,0.037859,0.087553,-0.269971,0.286327,16.249000
52.025,-0.003715,-0.014500,0.130000,-0.002974,-0.014132,0.129654,0.038099,0.088435,-0.272320,0.288843,16.270000
52.050,-0.003800,-0.014500,0.130000,-0.003049,-0.014116,0.129669,0.038289,0.089333,-0.274704,0.291391,16.309000
52.075,-0.003885,-0.014500,0.130000,-0.003165,-0.014123,0.129679,0.038412,0.090130,-0.277157,0.293964,16.452000
52.100,-0.003970,-0.014500,0.130000,-0.003233,-0.014146,0.129676,0.038707,0.091059,-0.279630,0.296619,16.546000
52.125,-0.004055,-0.014500,0.130000,-0.003280,-0.014128,0.129683,0.039016,0.091963,-0.282150,0.299312,16.085000
52.150,-0.004140,-0.014500,0.130000,-0.003392,-0.014154,0.129678,0.039292,0.092936,-0.284627,0.301983,16.646000
52.175,-0.004225,-0.014500,0.130000,-0.003443,-0.014124,0.129681,0.039712,0.094041,-0.287019,0.304632,16.722000
52.200,-0.004310,-0.014500,0.130000,-0.003515,-0.014083,0.129687,0.040101,0.095147,-0.289436,0.307302,16.106000
52.225,-0.004395,-0.014500,0.130000,-0.003604,-0.014054,0.129698,0.040302,0.096160,-0.291950,0.310009,23.659000
52.250,-0.004480,-0.014500,0.130000,-0.003644,-0.014020,0.129704,0.040389,0.097114,-0.294529,0.312745,16.250000
52.275,-0.004565,-0.014500,0.130000,-0.003783,-0.014056,0.129702,0.040662,0.098125,-0.297173,0.315585,16.614000
52.300,-0.004650,-0.014500,0.130000,-0.003845,-0.014040,0.129695,0.041132,0.099198,-0.299792,0.318445,15.810000
52.325,-0.004735,-0.014500,0.130000,-0.003937,-0.014062,0.129693,0.041584,0.100154,-0.302417,0.321272,16.699000
52.350,-0.004820,-0.014500,0.130000,-0.003955,-0.014046,0.129692,0.041943,0.101092,-0.304968,0.324013,16.269000
52.375,-0.004905,-0.014500,0.130000,-0.004077,-0.014085,0.129682,0.042431,0.102192,-0.307423,0.326730,16.166000
52.400,-0.004990,-0.014500,0.130000,-0.004057,-0.014003,0.129702,0.042680,0.103215,-0.309914,0.329426,16.342000
52.425,-0.005075,-0.014500,0.130000,-0.004187,-0.014047,0.129695,0.043011,0.104418,-0.312369,0.332156,16.195000
52.450,-0.005160,-0.014500,0.130000,-0.004211,-0.013969,0.129707,0.043321,0.105536,-0.314922,0.334948,15.991000
52.475,-0.005245,-0.014500,0.130000,-0.004244,-0.013933,0.129717,0.043406,0.106358,-0.317613,0.337748,16.104000
52.500,-0.005330,-0.014500,0.130000,-0.004456,-0.014048,0.129678,0.043375,0.106909,-0.320338,0.340481,16.555000
52.525,-0.005415,-0.014500,0.130000,-0.004646,-0.014191,0.129631,0.043588,0.107573,-0.323064,0.343282,16.222000
52.550,-0.005500,-0.014500,0.130000,-0.004872,-0.014351,0.129573,0.043911,0.108226,-0.325787,0.346090,16.390000
52.575,-0.005585,-0.014500,0.130000,-0.004953,-0.014405,0.129556,0.044027,0.108671,-0.328466,0.348766,16.571000
52.600,-0.005670,-0.014500,0.130000,-0.005154,-0.014535,0.129528,0.044059,0.109088,-0.331030,0.351315,16.338000
52.625,-0.005755,-0.014500,0.130000,-0.005374,-0.014662,0.129516,0.044236,0.109701,-0.333656,0.354003,16.369000
52.650,-0.005840,-0.014500,0.130000,-0.005443,-0.014697,0.129519,0.044314,0.110381,-0.336486,0.356890,16.083000
52.675,-0.005925,-0.014500,0.130000,-0.005545,-0.014706,0.129516,0.044241,0.110957,-0.339398,0.359805,16.615000
52.700,-0.006010,-0.014500,0.130000,-0.005684,-0.014754,0.129505,0.044028,0.111369,-0.342224,0.362572,16.086000
52.725,-0.006095,-0.014500,0.130000,-0.005944,-0.014838,0.129512,0.044113,0.111565,-0.345125,0.365382,23.379000
52.750,-0.006180,-0.014500,0.130000,-0.006085,-0.014942,0.129490,0.044333,0.111741,-0.347993,0.368172,16.311000
52.775,-0.006265,-0.014500,0.130000,-0.006182,-0.015028,0.129481,0.044521,0.112073,-0.350729,0.370882,16.443000
52.800,-0.006350,-0.014500,0.130000,-0.006239,-0.015055,0.129491,0.044612,0.112324,-0.353510,0.373599,16.136000
52.825,-0.006435,-0.014500,0.130000,-0.006329,-0.015071,0.129531,0.044581,0.112644,-0.356205,0.376242,16.486000
52.850,-0.006520,-0.014500,0.130000,-0.006425,-0.015060,0.129576,0.044567,0.113018,-0.358802,0.378812,16.136000
52.875,-0.006605,-0.014500,0.130000,-0.006494,-0.015002,0.129628,0.044652,0.113183,-0.361470,0.381398,16.118000
52.900,-0.006690,-0.014500,0.130000,-0.006603,-0.015054,0.129618,0.044792,0.113417,-0.364037,0.383917,16.161000
52.925,-0.006775,-0.014500,0.130000,-0.006678,-0.015067,0.129622,0.044916,0.113539,-0.366540,0.386342,15.988000
52.950,-0.006860,-0.014500,0.130000,-0.006768,-0.015057,0.129641,0.044866,0.113793,-0.368753,0.388510,16.175000
52.975,-0.006945,-0.014500,0.130000,-0.006861,-0.015051,0.129647,0.044801,0.113892,-0.370739,0.390417,16.533000
53.000,-0.007030,-0.014500,0.130000,-0.006946,-0.015006,0.129650,0.044750,0.113887,-0.372470,0.392054,16.515000
53.025,-0.007115,-0.014500,0.130000,-0.007074,-0.014985,0.129671,0.044855,0.113982,-0.373986,0.393535,16.423000
53.050,-0.007200,-0.014500,0.130000,-0.007087,-0.014952,0.129692,0.044952,0.113920,-0.375424,0.394895,17.575000
53.075,-0.007285,-0.014500,0.130000,-0.007160,-0.014972,0.129695,0.045111,0.113914,-0.376814,0.396232,17.950000
53.100,-0.007370,-0.014500,0.130000,-0.007192,-0.014902,0.129737,0.045325,0.113794,-0.378236,0.397575,16.909000
53.125,-0.007455,-0.014500,0.130000,-0.007269,-0.014939,0.129722,0.045581,0.113699,-0.379607,0.398882,17.675000
53.150,-0.007540,-0.014500,0.130000,-0.007303,-0.014892,0.129740,0.045683,0.113551,-0.380881,0.400063,18.227000
53.175,-0.007625,-0.014500,0.130000,-0.007431,-0.014957,0.129702,0.045947,0.113378,-0.381973,0.401084,17.658000
53.200,-0.007710,-0.014500,0.130000,-0.007413,-0.014879,0.129732,0.046099,0.113039,-0.382937,0.401925,16.878000
53.225,-0.007710,-0.014500,0.130000,-0.007543,-0.014965,0.129694,0.046364,0.112899,-0.383742,0.402683,17.713000
53.250,-0.007880,-0.014500,0.130000,-0.007542,-0.014880,0.129726,0.046381,0.112813,-0.384495,0.403379,17.160000
53.275,-0.007880,-0.014500,0.130000,-0.007729,-0.014878,0.129707,0.046567,0.112754,-0.385181,0.404038,17.252000
53.300,-0.007965,-0.014500,0.130000,-0.007689,-0.014795,0.129734,0.046715,0.112555,-0.385840,0.404627,17.146000
53.325,-0.008135,-0.014500,0.130000,-0.007845,-0.014852,0.129698,0.046957,0.112453,-0.386453,0.405211,17.611000
53.350,-0.008220,-0.014500,0.130000,-0.007842,-0.014756,0.129734,0.047010,0.112227,-0.387157,0.405826,17.430000
53.375,-0.008305,-0.014500,0.130000,-0.008002,-0.014820,0.129695,0.046940,0.112149,-0.387835,0.406445,17.618000
53.400,-0.008390,-0.014500,0.130000,-0.008015,-0.014732,0.129733,0.046809,0.112143,-0.388408,0.406974,17.275000
53.425,-0.008475,-0.014500,0.130000,-0.008229,-0.014784,0.129691,0.046940,0.112098,-0.388828,0.407378,17.710000
53.450,-0.008560,-0.014500,0.130000,-0.008208,-0.014657,0.129740,0.046918,0.112056,-0.389140,0.407662,17.266000
53.475,-0.008645,-0.014500,0.130000,-0.008405,-0.014662,0.129719,0.047118,0.112052,-0.389360,0.407893,17.531000
53.500,-0.008730,-0.014500,0.130000,-0.008293,-0.014529,0.129779,0.047042,0.111913,-0.389607,0.408082,17.622000
53.525,-0.008815,-0.014500,0.130000,-0.008544,-0.014640,0.129719,0.047354,0.112021,-0.389781,0.408314,17.908000
53.550,-0.008900,-0.014500,0.130000,-0.008420,-0.014467,0.129796,0.047217,0.111893,-0.390099,0.408567,18.169000
53.575,-0.008985,-0.014500,0.130000,-0.008526,-0.014434,0.129807,0.047105,0.111753,-0.390482,0.408881,18.176000
53.600,-0.009070,-0.014500,0.130000,-0.008569,-0.014425,0.129814,0.046857,0.111739,-0.390857,0.409207,18.107000
53.625,-0.009155,-0.014500,0.130000,-0.008913,-0.014588,0.129726,0.046635,0.112187,-0.391089,0.409526,18.126000
53.650,-0.009240,-0.014500,0.130000,-0.008860,-0.014389,0.129804,0.046239,0.112774,-0.391287,0.409831,19.065000
53.675,-0.009325,-0.014500,0.130000,-0.009155,-0.014378,0.129775,0.045857,0.113537,-0.391453,0.410157,17.202000
53.700,-0.009410,-0.014500,0.130000,-0.008980,-0.014056,0.129899,0.045228,0.113820,-0.391729,0.410429,18.128000
53.725,-0.009495,-0.014500,0.130000,-0.009168,-0.014014,0.129895,0.045221,0.114402,-0.391860,0.410715,18.000000
53.750,-0.009580,-0.014500,0.130000,-0.009101,-0.013857,0.129957,0.044949,0.114629,-0.392060,0.410940,18.730000
53.775,-0.009665,-0.014500,0.130000,-0.009322,-0.013927,0.129911,0.044794,0.114805,-0.392243,0.411147,17.832000
53.800,-0.009750,-0.014500,0.130000,-0.009105,-0.013710,0.130016,0.044463,0.114817,-0.392389,0.411253,18.377000
53.825,-0.009835,-0.014500,0.130000,-0.009435,-0.013860,0.129932,0.044534,0.115152,-0.392317,0.411286,17.133000
53.850,-0.009920,-0.014500,0.130000,-0.009257,-0.013718,0.130007,0.044474,0.115439,-0.392181,0.411230,17.822000
53.875,-0.010005,-0.014500,0.130000,-0.009464,-0.013809,0.129954,0.044437,0.115824,-0.391957,0.411121,16.776000
53.900,-0.010090,-0.014500,0.130000,-0.009305,-0.013652,0.130033,0.044145,0.115920,-0.391799,0.410965,17.567000
53.925,-0.010175,-0.014500,0.130000,-0.009807,-0.013921,0.129892,0.044444,0.116413,-0.391524,0.410875,17.375000
53.950,-0.010260,-0.014500,0.130000,-0.009516,-0.013738,0.129991,0.044341,0.116666,-0.391447,0.410862,17.635000
53.975,-0.010345,-0.014500,0.130000,-0.009577,-0.013769,0.129983,0.044250,0.116987,-0.391415,0.410913,17.036000
54.000,-0.010430,-0.014500,0.130000,-0.009409,-0.013635,0.130053,0.043983,0.117152,-0.391479,0.410993,17.943000
54.025,-0.010515,-0.014500,0.130000,-0.009726,-0.013785,0.129969,0.044055,0.117502,-0.391475,0.411096,17.930000
54.050,-0.010600,-0.014500,0.130000,-0.009795,-0.013820,0.129953,0.044181,0.117944,-0.391414,0.411178,17.992000
54.075,-0.010685,-0.014500,0.130000,-0.009832,-0.013818,0.129949,0.044251,0.118418,-0.391308,0.411221,17.257000
54.100,-0.010770,-0.014500,0.130000,-0.009676,-0.013739,0.130004,0.044062,0.118699,-0.391232,0.411209,17.901000
54.125,-0.010855,-0.014500,0.130000,-0.010042,-0.013909,0.129908,0.044351,0.119180,-0.391029,0.411187,17.098000
54.150,-0.010940,-0.014500,0.130000,-0.009686,-0.013707,0.130023,0.044256,0.119324,-0.390926,0.411120,17.942000
54.175,-0.011025,-0.014500,0.130000,-0.010024,-0.013941,0.129911,0.044725,0.119973,-0.390608,0.411058,17.044000
54.200,-0.011110,-0.014500,0.130000,-0.009746,-0.013829,0.129992,0.044642,0.120197,-0.390509,0.411021,17.489000
54.225,-0.011195,-0.014500,0.130000,-0.009842,-0.013897,0.129970,0.044619,0.120465,-0.390405,0.410997,16.811000
54.250,-0.011280,-0.014500,0.130000,-0.010001,-0.013966,0.129930,0.044870,0.120967,-0.390162,0.410941,17.891000
54.275,-0.011365,-0.014500,0.130000,-0.009974,-0.013957,0.129939,0.044906,0.121467,-0.389923,0.410866,16.801000
54.300,-0.011450,-0.014500,0.130000,-0.010099,-0.013998,0.129927,0.045156,0.121996,-0.389612,0.410755,17.636000
54.325,-0.011500,-0.014535,0.130000,-0.010178,-0.014065,0.129900,0.045288,0.122436,-0.389278,0.410583,17.163000
54.350,-0.011500,-0.014620,0.130000,-0.010144,-0.014006,0.129937,0.045593,0.122856,-0.388952,0.410434,17.438000
54.375,-0.011500,-0.014705,0.130000,-0.010079,-0.013958,0.129962,0.045797,0.123243,-0.388654,0.410290,16.691000
54.400,-0.011500,-0.014790,0.130000,-0.010237,-0.014074,0.129922,0.046004,0.123596,-0.388397,0.410177,17.539000
54.425,-0.011500,-0.014875,0.130000,-0.010236,-0.014044,0.129937,0.046398,0.123957,-0.388188,0.410132,16.434000
54.450,-0.011500,-0.014960,0.130000,-0.010233,-0.014051,0.129959,0.046844,0.124276,-0.388078,0.410175,17.835000
54.475,-0.011500,-0.015045,0.130000,-0.010210,-0.014095,0.129954,0.047115,0.124743,-0.387951,0.410227,17.190000
54.500,-0.011500,-0.015130,0.130000,-0.010230,-0.014142,0.129953,0.047295,0.125068,-0.387822,0.410226,17.652000
54.525,-0.011500,-0.015215,0.130000,-0.010449,-0.014405,0.129850,0.047531,0.125935,-0.387464,0.410180,17.531000
54.550,-0.011500,-0.015300,0.130000,-0.010273,-0.014257,0.129936,0.047617,0.126668,-0.387138,0.410108,17.900000
54.575,-0.011500,-0.015300,0.130000,-0.010216,-0.014187,0.129983,0.047596,0.127259,-0.386811,0.409979,17.193000
54.600,-0.011500,-0.015470,0.130000,-0.010269,-0.014219,0.129991,0.047589,0.127749,-0.386508,0.409845,17.579000
54.625,-0.011500,-0.015555,0.130000,-0.010432,-0.014336,0.129941,0.047797,0.128597,-0.386095,0.409746,17.300000
54.650,-0.011500,-0.015640,0.130000,-0.010362,-0.014339,0.129972,0.047914,0.129352,-0.385816,0.409734,17.490000
54.675,-0.011500,-0.015725,0.130000,-0.010432,-0.014490,0.129929,0.047951,0.130141,-0.385514,0.409703,17.095000
54.700,-0.011500,-0.015810,0.130000,-0.010264,-0.014415,0.129986,0.047803,0.130700,-0.385248,0.409615,17.552000
54.725,-0.011500,-0.015895,0.130000,-0.010641,-0.014709,0.129849,0.048030,0.131706,-0.384759,0.409503,17.177000
54.750,-0.011500,-0.015980,0.130000,-0.010437,-0.014607,0.129924,0.048062,0.132475,-0.384378,0.409397,17.768000
54.775,-0.011500,-0.016065,0.130000,-0.010439,-0.014664,0.129913,0.048086,0.133435,-0.383937,0.409298,17.259000
54.800,-0.011500,-0.016150,0.130000,-0.010231,-0.014639,0.129972,0.047940,0.134100,-0.383616,0.409197,17.742000
54.825,-0.011500,-0.016235,0.130000,-0.010364,-0.014824,0.129925,0.048051,0.135137,-0.383185,0.409148,17.449000
54.850,-0.011500,-0.016320,0.130000,-0.010364,-0.014824,0.129925,0.048095,0.135911,-0.382912,0.409153,20.314000
54.875,-0.011500,-0.016405,0.130000,-0.010441,-0.014923,0.129888,0.048286,0.136949,-0.382486,0.409123,19.818000
54.900,-0.011500,-0.016490,0.130000,-0.010201,-0.014932,0.129940,0.048108,0.137579,-0.382146,0.408996,17.911000
54.925,-0.011500,-0.016575,0.130000,-0.010210,-0.014997,0.129935,0.048053,0.138415,-0.381746,0.408898,16.627000
54.950,-0.011500,-0.016660,0.130000,-0.010318,-0.015156,0.129898,0.048121,0.139109,-0.381412,0.408830,17.421000
54.975,-0.011500,-0.016745,0.130000,-0.010450,-0.015395,0.129821,0.048332,0.140122,-0.380979,0.408797,17.680000
55.000,-0.011500,-0.016830,0.130000,-0.010166,-0.015282,0.129916,0.048256,0.140757,-0.380745,0.408788,17.847000
55.025,-0.011500,-0.016915,0.130000,-0.010249,-0.015380,0.129893,0.048275,0.141774,-0.380472,0.408888,17.704000
55.050,-0.011500,-0.017000,0.130000,-0.010269,-0.015486,0.129884,0.048148,0.142633,-0.380315,0.409025,17.817000
55.075,-0.011500,-0.017085,0.130000,-0.010385,-0.015586,0.129847,0.048119,0.143773,-0.380033,0.409159,16.963000
55.100,-0.011500,-0.017170,0.130000,-0.010412,-0.015665,0.129868,0.048056,0.144627,-0.379749,0.409189,17.723000
55.125,-0.011500,-0.017255,0.130000,-0.010502,-0.015729,0.129848,0.048169,0.145692,-0.379269,0.409135,16.606000
55.150,-0.011500,-0.017340,0.130000,-0.010393,-0.015777,0.129880,0.048213,0.146726,-0.378827,0.409100,17.455000
55.175,-0.011500,-0.017425,0.130000,-0.010425,-0.015893,0.129858,0.048195,0.147559,-0.378468,0.409065,16.589000
55.200,-0.011500,-0.017510,0.130000,-0.010369,-0.015912,0.129890,0.048158,0.148241,-0.378166,0.409029,17.389000
55.225,-0.011500,-0.017595,0.130000,-0.010395,-0.015979,0.129890,0.048374,0.149121,-0.377770,0.409008,17.094000
55.250,-0.011500,-0.017680,0.130000,-0.010352,-0.016116,0.129875,0.048646,0.150169,-0.377388,0.409070,17.418000
55.275,-0.011500,-0.017765,0.130000,-0.010193,-0.016181,0.129902,0.048563,0.150897,-0.377105,0.409068,16.679000
55.300,-0.011500,-0.017850,0.130000,-0.010164,-0.016241,0.129905,0.048434,0.151610,-0.376747,0.408986,17.234000
55.325,-0.011500,-0.017935,0.130000,-0.010416,-0.016456,0.129816,0.048506,0.152635,-0.376192,0.408865,16.928000
55.350,-0.011500,-0.018020,0.130000,-0.010427,-0.016478,0.129828,0.048550,0.153616,-0.375690,0.408776,16.942000
55.375,-0.011500,-0.018105,0.130000,-0.010473,-0.016475,0.129831,0.048749,0.154637,-0.375129,0.408670,17.036000
55.400,-0.011500,-0.018190,0.130000,-0.010227,-0.016497,0.129879,0.048599,0.155334,-0.374650,0.408477,17.591000
55.425,-0.011500,-0.018275,0.130000,-0.010420,-0.016581,0.129833,0.048897,0.156140,-0.374042,0.408262,17.100000
55.450,-0.011500,-0.018360,0.130000,-0.010328,-0.016669,0.129836,0.049157,0.156916,-0.373529,0.408121,16.991000
55.475,-0.011500,-0.018445,0.130000,-0.010167,-0.016635,0.129880,0.049154,0.157564,-0.373160,0.408033,17.343000
55.500,-0.011500,-0.018530,0.130000,-0.010271,-0.016857,0.129841,0.049226,0.158376,-0.372793,0.408021,17.578000
55.525,-0.011500,-0.018615,0.130000,-0.010280,-0.016877,0.129846,0.049400,0.158984,-0.372366,0.407888,17.181000
55.550,-0.011500,-0.018700,0.130000,-0.010413,-0.017077,0.129804,0.049548,0.159659,-0.371909,0.407752,17.326000
55.575,-0.011500,-0.018785,0.130000,-0.010615,-0.017266,0.129755,0.049873,0.160616,-0.371396,0.407701,16.959000
55.600,-0.011500,-0.018870,0.130000,-0.010247,-0.017182,0.129871,0.049817,0.161348,-0.371007,0.407628,17.147000
55.625,-0.011500,-0.018955,0.130000,-0.010426,-0.017202,0.129842,0.050106,0.161987,-0.370464,0.407424,17.183000
55.650,-0.011500,-0.019040,0.130000,-0.010367,-0.017301,0.129841,0.050250,0.162490,-0.369932,0.407158,17.573000
55.675,-0.011500,-0.019125,0.130000,-0.010484,-0.017439,0.129799,0.050513,0.162995,-0.369326,0.406842,16.891000
55.700,-0.011500,-0.019125,0.130000,-0.010272,-0.017459,0.129844,0.050599,0.163285,-0.368853,0.406540,17.652000
55.725,-0.011500,-0.019295,0.130000,-0.010362,-0.017529,0.129816,0.051037,0.163544,-0.368337,0.406231,17.042000
55.750,-0.011500,-0.019380,0.130000,-0.010345,-0.017651,0.129789,0.051354,0.163661,-0.367890,0.405913,18.266000
55.775,-0.011500,-0.019465,0.130000,-0.010499,-0.017783,0.129731,0.051892,0.163769,-0.367388,0.405570,17.086000
55.800,-0.011500,-0.019550,0.130000,-0.010128,-0.017826,0.129785,0.052093,0.164137,-0.366858,0.405264,18.319000
55.825,-0.011500,-0.019635,0.130000,-0.009995,-0.017866,0.129803,0.052283,0.164350,-0.366287,0.404859,17.337000
55.850,-0.011500,-0.019720,0.130000,-0.010096,-0.017995,0.129762,0.052549,0.164735,-0.365623,0.404449,18.406000
55.875,-0.011500,-0.019805,0.130000,-0.010296,-0.018000,0.129739,0.052791,0.164869,-0.365013,0.403984,17.377000
55.900,-0.011500,-0.019890,0.130000,-0.010323,-0.018020,0.129744,0.053157,0.165038,-0.364362,0.403513,17.690000
55.925,-0.011500,-0.019975,0.130000,-0.010224,-0.018033,0.129764,0.053384,0.165083,-0.363779,0.403035,17.422000
55.950,-0.011500,-0.020060,0.130000,-0.010348,-0.018176,0.129712,0.053807,0.165123,-0.363157,0.402547,17.642000
55.975,-0.011500,-0.020145,0.130000,-0.010290,-0.018176,0.129726,0.054107,0.165137,-0.362579,0.402071,17.466000
56.000,-0.011500,-0.020230,0.130000,-0.010283,-0.018311,0.129697,0.054124,0.165314,-0.362024,0.401646,17.745000
56.025,-0.011500,-0.020315,0.130000,-0.010540,-0.018346,0.129654,0.054584,0.165410,-0.361423,0.401206,17.119000
56.050,-0.011500,-0.020400,0.130000,-0.010460,-0.018421,0.129656,0.054719,0.165578,-0.360901,0.400824,18.398000
56.075,-0.011500,-0.020485,0.130000,-0.010618,-0.018437,0.129633,0.055206,0.165676,-0.360309,0.400398,17.143000
56.100,-0.011500,-0.020570,0.130000,-0.010504,-0.018429,0.129667,0.055429,0.165855,-0.359750,0.400000,17.559000
56.125,-0.011500,-0.020655,0.130000,-0.010467,-0.018457,0.129671,0.055591,0.165951,-0.359177,0.399547,17.318000
56.150,-0.011500,-0.020740,0.130000,-0.010466,-0.018572,0.129654,0.055625,0.166190,-0.358563,0.399099,17.393000
56.175,-0.011500,-0.020825,0.130000,-0.010789,-0.018665,0.129585,0.055963,0.166427,-0.357859,0.398614,17.202000
56.200,-0.011500,-0.020910,0.130000,-0.010544,-0.018676,0.129631,0.056202,0.166740,-0.357148,0.398141,17.941000
56.225,-0.011500,-0.020995,0.130000,-0.010601,-0.018647,0.129641,0.056466,0.166797,-0.356512,0.397631,16.960000
56.250,-0.011500,-0.021080,0.130000,-0.010463,-0.018731,0.129651,0.056449,0.166851,-0.355992,0.397185,18.266000
56.275,-0.011500,-0.021165,0.130000,-0.010469,-0.018796,0.129642,0.056672,0.166923,-0.355489,0.396796,16.641000
56.300,-0.011500,-0.021250,0.130000,-0.010593,-0.018886,0.129607,0.056873,0.166928,-0.355044,0.396429,18.485000
56.325,-0.011500,-0.021335,0.130000,-0.010609,-0.018941,0.129593,0.057089,0.167088,-0.354600,0.396130,17.879000
56.350,-0.011500,-0.021420,0.130000,-0.010395,-0.019021,0.129618,0.057058,0.167289,-0.354244,0.395891,18.829000
56.375,-0.011500,-0.021420,0.130000,-0.010712,-0.019125,0.129544,0.057361,0.167516,-0.353771,0.395608,17.014000
56.400,-0.011500,-0.021590,0.130000,-0.010376,-0.019126,0.129607,0.057260,0.167763,-0.353266,0.395247,18.598000
56.425,-0.011500,-0.021675,0.130000,-0.010610,-0.019183,0.129564,0.057499,0.168052,-0.352595,0.394805,17.078000
56.450,-0.011500,-0.021760,0.130000,-0.010438,-0.019197,0.129604,0.057383,0.168325,-0.351949,0.394327,19.012000
56.475,-0.011500,-0.021845,0.130000,-0.010864,-0.019231,0.129539,0.057720,0.168423,-0.351241,0.393787,17.463000
56.500,-0.011500,-0.021930,0.130000,-0.010598,-0.019221,0.129598,0.057790,0.168466,-0.350702,0.393335,19.424000
56.525,-0.011500,-0.022015,0.130000,-0.010648,-0.019307,0.129574,0.057923,0.168609,-0.350252,0.393015,17.621000
56.550,-0.011500,-0.022100,0.130000,-0.010409,-0.019339,0.129613,0.057778,0.168835,-0.349907,0.392783,18.795000
56.575,-0.011500,-0.022185,0.130000,-0.010761,-0.019434,0.129538,0.057954,0.169101,-0.349488,0.392550,17.494000
56.600,-0.011500,-0.022270,0.130000,-0.010582,-0.019466,0.129569,0.057890,0.169392,-0.349025,0.392255,18.759000
56.625,-0.011500,-0.022355,0.130000,-0.010789,-0.019498,0.129537,0.058146,0.169606,-0.348377,0.391809,17.376000
56.650,-0.011500,-0.022440,0.130000,-0.010465,-0.019547,0.129589,0.057891,0.170033,-0.347662,0.391320,20.269000
56.675,-0.011500,-0.022525,0.130000,-0.010506,-0.019580,0.129590,0.057897,0.170378,-0.346904,0.390798,17.083000
56.700,-0.011500,-0.022610,0.130000,-0.010428,-0.019623,0.129608,0.057717,0.170700,-0.346226,0.390311,18.539000
56.725,-0.011500,-0.022695,0.130000,-0.010888,-0.019679,0.129532,0.058061,0.170858,-0.345549,0.389831,17.735000
56.750,-0.011500,-0.022780,0.130000,-0.010513,-0.019659,0.129612,0.058057,0.170919,-0.345068,0.389430,20.547000
56.775,-0.011500,-0.022865,0.130000,-0.010638,-0.019718,0.129579,0.058188,0.171022,-0.344591,0.389072,17.089000
56.800,-0.011500,-0.022950,0.130000,-0.010309,-0.019775,0.129626,0.057971,0.171138,-0.344192,0.388738,18.384000
56.825,-0.011500,-0.023035,0.130000,-0.010736,-0.019885,0.129538,0.058167,0.171270,-0.343727,0.388413,17.352000
56.850,-0.011500,-0.023120,0.130000,-0.010551,-0.019949,0.129558,0.058156,0.171519,-0.343248,0.388098,23.829000
56.875,-0.011500,-0.023205,0.130000,-0.010599,-0.020006,0.129545,0.058310,0.171858,-0.342657,0.387749,20.293000
56.900,-0.011500,-0.023290,0.130000,-0.010286,-0.020031,0.129602,0.057986,0.172335,-0.342077,0.387400,20.584000
56.925,-0.011500,-0.023375,0.130000,-0.010624,-0.020101,0.129547,0.058097,0.172634,-0.341440,0.386987,24.192000
56.950,-0.011500,-0.023460,0.130000,-0.010497,-0.020090,0.129588,0.058073,0.172846,-0.340846,0.386554,19.707000
56.975,-0.011500,-0.023460,0.130000,-0.010640,-0.020126,0.129563,0.058320,0.173084,-0.340129,0.386066,17.455000
57.000,-0.011500,-0.023630,0.130000,-0.010391,-0.020136,0.129615,0.058118,0.173280,-0.339493,0.385564,22.731000
57.025,-0.011500,-0.023715,0.130000,-0.010663,-0.020185,0.129569,0.058245,0.173510,-0.338783,0.385061,17.560000
57.050,-0.011500,-0.023800,0.130000,-0.010428,-0.020239,0.129606,0.058041,0.173781,-0.338112,0.384562,21.820000
57.075,-0.011500,-0.023885,0.130000,-0.010666,-0.020327,0.129560,0.058051,0.174095,-0.337434,0.384111,17.476000
57.100,-0.011500,-0.023970,0.130000,-0.010476,-0.020346,0.129601,0.057865,0.174400,-0.336873,0.383728,21.347000
57.125,-0.011500,-0.024055,0.130000,-0.010534,-0.020388,0.129595,0.057936,0.174727,-0.336299,0.383383,17.537000
57.150,-0.011500,-0.024140,0.130000,-0.010592,-0.020413,0.129597,0.057886,0.175060,-0.335802,0.383093,21.044000
57.175,-0.011500,-0.024225,0.130000,-0.010489,-0.020464,0.129611,0.057756,0.175218,-0.335395,0.382789,17.496000
57.200,-0.011500,-0.024310,0.130000,-0.010340,-0.020526,0.129624,0.057471,0.175623,-0.334912,0.382508,20.012000
57.225,-0.011500,-0.024395,0.130000,-0.010783,-0.020576,0.129559,0.057651,0.175763,-0.334343,0.382101,19.074000
57.250,-0.011500,-0.024480,0.130000,-0.010357,-0.020613,0.129624,0.057453,0.176023,-0.333709,0.381636,18.670000
57.275,-0.011500,-0.024565,0.130000,-0.010621,-0.020652,0.129596,0.057539,0.176190,-0.333000,0.381107,17.561000
57.300,-0.011500,-0.024650,0.130000,-0.010228,-0.020686,0.129662,0.057494,0.176331,-0.332263,0.380522,21.039000
57.325,-0.011500,-0.024735,0.130000,-0.010704,-0.020736,0.129589,0.057735,0.176230,-0.331521,0.379864,18.443000
57.350,-0.011500,-0.024820,0.130000,-0.010243,-0.020757,0.129662,0.057577,0.176196,-0.330905,0.379287,21.014000
57.375,-0.011500,-0.024905,0.130000,-0.010586,-0.020807,0.129607,0.057751,0.176226,-0.330339,0.378833,18.244000
57.400,-0.011500,-0.024990,0.130000,-0.010230,-0.020910,0.129642,0.057644,0.176576,-0.329851,0.378555,19.821000
57.425,-0.011500,-0.025075,0.130000,-0.010449,-0.020941,0.129610,0.057832,0.176639,-0.329393,0.378214,18.552000
57.450,-0.011500,-0.025160,0.130000,-0.010283,-0.021032,0.129620,0.057721,0.176846,-0.328873,0.377841,22.781000
57.475,-0.011500,-0.025245,0.130000,-0.010475,-0.021067,0.129591,0.057917,0.176994,-0.328219,0.377371,18.007000
57.500,-0.011500,-0.025330,0.130000,-0.010231,-0.021127,0.129625,0.057715,0.177372,-0.327541,0.376928,20.698000
57.525,-0.011500,-0.025415,0.130000,-0.010266,-0.021151,0.129631,0.057858,0.177540,-0.326794,0.376381,18.554000
57.550,-0.011500,-0.025500,0.130000,-0.010304,-0.021188,0.129631,0.057963,0.177704,-0.326032,0.375813,20.831000
57.575,-0.011500,-0.025585,0.130000,-0.010361,-0.021166,0.129646,0.057928,0.177840,-0.325361,0.375289,18.536000
57.600,-0.011500,-0.025670,0.130000,-0.010127,-0.021264,0.129666,0.057766,0.178181,-0.324752,0.374899,20.056000
57.625,-0.011500,-0.025755,0.130000,-0.010495,-0.021308,0.129615,0.057940,0.178247,-0.324204,0.374482,17.442000
57.650,-0.011500,-0.025840,0.130000,-0.010218,-0.021371,0.129648,0.057867,0.178408,-0.323669,0.374084,22.885000
57.675,-0.011500,-0.025925,0.130000,-0.010495,-0.021425,0.129615,0.058137,0.178522,-0.323100,0.373689,17.808000
57.700,-0.011500,-0.026010,0.130000,-0.009901,-0.021465,0.129704,0.057794,0.178689,-0.322605,0.373288,22.251000
57.725,-0.011500,-0.026095,0.130000,-0.010049,-0.021527,0.129677,0.057737,0.178907,-0.322048,0.372903,18.061000
57.750,-0.011500,-0.026180,0.130000,-0.010178,-0.021607,0.129650,0.057606,0.179205,-0.321465,0.372522,21.512000
57.775,-0.011500,-0.026265,0.130000,-0.010556,-0.021585,0.129621,0.057612,0.179506,-0.320867,0.372152,17.994000
57.800,-0.011500,-0.026350,0.130000,-0.010122,-0.021656,0.129680,0.057400,0.179821,-0.320304,0.371786,21.885000
57.825,-0.011500,-0.026435,0.130000,-0.010544,-0.021686,0.129628,0.057524,0.180036,-0.319687,0.371378,17.843000
57.850,-0.011500,-0.026520,0.130000,-0.009994,-0.021703,0.129716,0.057158,0.180513,-0.319053,0.371008,23.709000
57.875,-0.011500,-0.026605,0.130000,-0.010516,-0.021705,0.129660,0.057282,0.180636,-0.318343,0.370477,17.614000
57.900,-0.011500,-0.026690,0.130000,-0.009954,-0.021739,0.129748,0.056909,0.180874,-0.317617,0.369911,22.165000
57.925,-0.011500,-0.026775,0.130000,-0.010303,-0.021806,0.129697,0.056808,0.181175,-0.316862,0.369396,17.745000
57.950,-0.011500,-0.026860,0.130000,-0.010221,-0.021792,0.129734,0.056824,0.181431,-0.316144,0.368908,22.643000
57.975,-0.011500,-0.026945,0.130000,-0.010435,-0.021758,0.129733,0.056601,0.181671,-0.315524,0.368461,17.564000
58.000,-0.011530,-0.027000,0.130000,-0.010270,-0.021801,0.129762,0.056387,0.182033,-0.314967,0.368130,24.801000
58.025,-0.011615,-0.027000,0.130000,-0.010674,-0.021860,0.129705,0.056593,0.182127,-0.314470,0.367783,19.711000
58.050,-0.011700,-0.027000,0.130000,-0.010150,-0.021903,0.129778,0.056389,0.182316,-0.314056,0.367491,22.063000
58.075,-0.011785,-0.027000,0.130000,-0.010486,-0.021982,0.129748,0.056469,0.182468,-0.313695,0.367271,17.785000
58.100,-0.011870,-0.027000,0.130000,-0.009941,-0.022018,0.129832,0.056125,0.182621,-0.313414,0.367054,22.168000
58.125,-0.011955,-0.027000,0.130000,-0.010072,-0.022088,0.129813,0.056055,0.182765,-0.313087,0.366836,19.757000
58.150,-0.012040,-0.027000,0.130000,-0.010035,-0.022167,0.129801,0.055944,0.182989,-0.312635,0.366545,23.357000
58.175,-0.012125,-0.027000,0.130000,-0.010418,-0.022151,0.129769,0.055703,0.183180,-0.312076,0.366127,21.764000
58.200,-0.012210,-0.027000,0.130000,-0.010080,-0.022237,0.129808,0.055440,0.183386,-0.311448,0.365655,25.716000
58.225,-0.012295,-0.027000,0.130000,-0.010531,-0.022269,0.129770,0.055571,0.183526,-0.310845,0.365232,24.243000
58.250,-0.012380,-0.027000,0.130000,-0.009913,-0.022309,0.129864,0.055281,0.183836,-0.310320,0.364897,24.179000
58.275,-0.012465,-0.027000,0.130000,-0.010623,-0.022353,0.129798,0.055516,0.183769,-0.309841,0.364492,20.940000
58.300,-0.012550,-0.027000,0.130000,-0.010446,-0.022389,0.129843,0.055641,0.183520,-0.309410,0.364020,21.725000
58.325,-0.012635,-0.027000,0.130000,-0.009894,-0.022492,0.129909,0.055524,0.183386,-0.308948,0.363541,18.190000
58.350,-0.012720,-0.027000,0.130000,-0.009775,-0.022591,0.129898,0.055478,0.183281,-0.308381,0.362999,22.467000
58.375,-0.012805,-0.027000,0.130000,-0.010451,-0.022644,0.129800,0.055652,0.183028,-0.307714,0.362332,18.155000
58.400,-0.012890,-0.027000,0.130000,-0.010407,-0.022726,0.129792,0.055895,0.183034,-0.306949,0.361723,21.781000
58.425,-0.012975,-0.027000,0.130000,-0.010139,-0.022744,0.129843,0.055909,0.183093,-0.306246,0.361159,18.243000
58.450,-0.013060,-0.027000,0.130000,-0.009926,-0.022836,0.129861,0.055790,0.183337,-0.305591,0.360709,21.001000
58.475,-0.013145,-0.027000,0.130000,-0.010518,-0.022861,0.129794,0.056051,0.183542,-0.304936,0.360299,18.161000
58.500,-0.013230,-0.027000,0.130000,-0.010434,-0.022905,0.129811,0.056202,0.183738,-0.304286,0.359873,22.533000
58.525,-0.013315,-0.027000,0.130000,-0.010579,-0.022916,0.129823,0.056576,0.183810,-0.303604,0.359392,18.079000
58.550,-0.013400,-0.027000,0.130000,-0.010018,-0.022981,0.129902,0.056364,0.184156,-0.302915,0.358954,25.252000
58.575,-0.013485,-0.027000,0.130000,-0.010209,-0.022985,0.129898,0.056504,0.184361,-0.302207,0.358484,18.166000
58.600,-0.013570,-0.027000,0.130000,-0.010673,-0.022990,0.129855,0.056693,0.184556,-0.301514,0.358030,22.823000
58.625,-0.013655,-0.027000,0.130000,-0.010623,-0.023088,0.129856,0.056863,0.185033,-0.300810,0.357711,17.931000
58.650,-0.013740,-0.027000,0.130000,-0.010450,-0.023053,0.129918,0.056950,0.185474,-0.300201,0.357441,22.064000
58.675,-0.013825,-0.027000,0.130000,-0.010900,-0.023017,0.129891,0.057215,0.185601,-0.299683,0.357115,18.026000
58.700,-0.013910,-0.027000,0.130000,-0.010681,-0.023074,0.129921,0.057286,0.185819,-0.299233,0.356862,22.807000
58.725,-0.013995,-0.027000,0.130000,-0.010846,-0.023068,0.129913,0.057608,0.185923,-0.298666,0.356494,18.373000
58.750,-0.014080,-0.027000,0.130000,-0.010618,-0.023138,0.129944,0.057672,0.186242,-0.297953,0.356073,23.917000
58.775,-0.014165,-0.027000,0.130000,-0.010557,-0.023144,0.129973,0.057741,0.186410,-0.297274,0.355604,18.019000
58.800,-0.014250,-0.027000,0.130000,-0.010973,-0.023144,0.129938,0.057856,0.186554,-0.296688,0.355209,24.150000
58.825,-0.014335,-0.027000,0.130000,-0.011264,-0.023104,0.129926,0.058236,0.186646,-0.296073,0.354807,18.218000
58.850,-0.014420,-0.027000,0.130000,-0.011100,-0.023197,0.129944,0.058416,0.186731,-0.295544,0.354439,24.875000
58.875,-0.014505,-0.027000,0.130000,-0.011288,-0.023228,0.129946,0.058740,0.186763,-0.295187,0.354212,18.021000
58.900,-0.014590,-0.027000,0.130000,-0.010773,-0.023316,0.130003,0.058825,0.186979,-0.294930,0.354126,23.694000
58.925,-0.014675,-0.027000,0.130000,-0.011490,-0.023299,0.129921,0.059239,0.186949,-0.294719,0.354003,18.047000
58.950,-0.014760,-0.027000,0.130000,-0.011104,-0.023398,0.129954,0.059596,0.187170,-0.294504,0.354001,23.652000
58.975,-0.014845,-0.027000,0.130000,-0.011304,-0.023428,0.129932,0.059872,0.187284,-0.294187,0.353845,18.158000
59.000,-0.014845,-0.027000,0.130000,-0.011024,-0.023490,0.129966,0.060152,0.187445,-0.293656,0.353536,18.158000
59.025,-0.015015,-0.027000,0.130000,-0.011173,-0.023449,0.129977,0.060562,0.187552,-0.293093,0.353195,17.443000
59.050,-0.015100,-0.027000,0.130000,-0.011259,-0.023514,0.129977,0.060722,0.187623,-0.292670,0.352910,25.163000
59.075,-0.015185,-0.027000,0.130000,-0.011859,-0.023507,0.129939,0.061254,0.187685,-0.292312,0.352738,17.907000
59.100,-0.015185,-0.027000,0.130000,-0.011396,-0.023613,0.130013,0.061627,0.188033,-0.292047,0.352769,25.994000
59.125,-0.015355,-0.027000,0.130000,-0.011214,-0.023614,0.130077,0.062001,0.188177,-0.291872,0.352766,17.576000
59.150,-0.015355,-0.027000,0.130000,-0.011582,-0.023653,0.130056,0.062487,0.188407,-0.291794,0.352910,17.576000
59.175,-0.015525,-0.027000,0.130000,-0.011641,-0.023687,0.130063,0.062762,0.188429,-0.291804,0.352979,17.733000
59.200,-0.015525,-0.027000,0.130000,-0.011719,-0.023748,0.130050,0.063287,0.188456,-0.291710,0.353009,27.421000
59.225,-0.015695,-0.027000,0.130000,-0.012039,-0.023748,0.130046,0.063750,0.188422,-0.291532,0.352928,17.524000
59.250,-0.015695,-0.027000,0.130000,-0.011784,-0.023840,0.130092,0.064324,0.188637,-0.291368,0.353011,27.142000
59.275,-0.015865,-0.027000,0.130000,-0.011968,-0.023891,0.130137,0.064779,0.188852,-0.291346,0.353191,17.400000
59.300,-0.015865,-0.027000,0.130000,-0.011827,-0.023965,0.130198,0.065272,0.189264,-0.291393,0.353541,27.750000
59.325,-0.016035,-0.027000,0.130000,-0.011564,-0.024003,0.130283,0.065798,0.189514,-0.291475,0.353840,17.761000
59.350,-0.016035,-0.027000,0.130000,-0.011794,-0.024067,0.130321,0.066276,0.189887,-0.291664,0.354285,17.761000
59.375,-0.016205,-0.027000,0.130000,-0.012364,-0.024056,0.130331,0.066749,0.190063,-0.291824,0.354599,17.368000
59.400,-0.016205,-0.027000,0.130000,-0.012160,-0.024161,0.130391,0.067264,0.190378,-0.291880,0.354912,17.368000
59.425,-0.016375,-0.027000,0.130000,-0.012360,-0.024208,0.130428,0.067623,0.190646,-0.291693,0.354970,17.257000
59.450,-0.016460,-0.027000,0.130000,-0.012452,-0.024215,0.130466,0.068104,0.190946,-0.291372,0.354960,25.701000
59.475,-0.016545,-0.027000,0.130000,-0.012843,-0.024176,0.130517,0.068594,0.191053,-0.291034,0.354834,17.431000
59.500,-0.016545,-0.027000,0.130000,-0.012427,-0.024285,0.130614,0.069046,0.191259,-0.290701,0.354759,27.308000
59.525,-0.016715,-0.027000,0.130000,-0.012476,-0.024328,0.130690,0.069301,0.191346,-0.290437,0.354640,17.620000
59.550,-0.016715,-0.027000,0.130000,-0.012555,-0.024377,0.130735,0.069551,0.191412,-0.290348,0.354652,17.620000
59.575,-0.016885,-0.027000,0.130000,-0.012567,-0.024444,0.130779,0.069916,0.191481,-0.290469,0.354859,17.177000
59.600,-0.016970,-0.027000,0.130000,-0.013032,-0.024471,0.130820,0.070301,0.191535,-0.290579,0.355056,27.444000
59.625,-0.017055,-0.027000,0.130000,-0.013198,-0.024508,0.130866,0.070783,0.191697,-0.290615,0.355268,17.505000
59.650,-0.017055,-0.027000,0.130000,-0.012759,-0.024662,0.130940,0.070992,0.191903,-0.290427,0.355267,27.411000
59.675,-0.017225,-0.027000,0.130000,-0.013376,-0.024552,0.130936,0.071315,0.191818,-0.289874,0.354833,17.353000
59.700,-0.017225,-0.027000,0.130000,-0.012951,-0.024685,0.131010,0.071510,0.191893,-0.289133,0.354309,27.606000
59.725,-0.017395,-0.027000,0.130000,-0.012886,-0.024694,0.131086,0.071726,0.191831,-0.288443,0.353756,17.540000
59.750,-0.017480,-0.027000,0.130000,-0.013016,-0.024747,0.131148,0.071792,0.191877,-0.287993,0.353428,26.286000
59.775,-0.017565,-0.027000,0.130000,-0.013422,-0.024742,0.131196,0.072067,0.191958,-0.287843,0.353405,17.189000
59.800,-0.017650,-0.027000,0.130000,-0.013817,-0.024709,0.131232,0.072674,0.192039,-0.287901,0.353621,20.474000
59.825,-0.017735,-0.027000,0.130000,-0.013180,-0.024924,0.131349,0.072863,0.192172,-0.288103,0.353896,17.742000
59.850,-0.017820,-0.027000,0.130000,-0.013146,-0.025095,0.131451,0.073129,0.192347,-0.288353,0.354250,17.594000
59.875,-0.017905,-0.027000,0.130000,-0.014048,-0.024992,0.131487,0.073649,0.192352,-0.288439,0.354430,17.064000
59.900,-0.017990,-0.027000,0.130000,-0.013482,-0.025188,0.131564,0.074089,0.192346,-0.288286,0.354394,18.771000
59.925,-0.018075,-0.027000,0.130000,-0.013664,-0.025188,0.131635,0.074269,0.192124,-0.287811,0.353925,17.383000
59.950,-0.018160,-0.027000,0.130000,-0.012840,-0.025456,0.131722,0.074100,0.191948,-0.287029,0.353158,18.195000
59.975,-0.018245,-0.027000,0.130000,-0.013536,-0.025368,0.131740,0.074094,0.191527,-0.286094,0.352168,17.118000
60.000,-0.018330,-0.027000,0.130000,-0.013952,-0.025325,0.131754,0.074222,0.191031,-0.285172,0.351176,20.116000
60.025,-0.018330,-0.027000,0.130000,-0.013637,-0.025479,0.131836,0.074302,0.190766,-0.284443,0.350457,17.210000
60.050,-0.018500,-0.027000,0.130000,-0.013188,-0.025722,0.131952,0.074314,0.190706,-0.283799,0.349904,21.334000
60.075,-0.018500,-0.026915,0.130000,-0.014011,-0.025569,0.132006,0.074546,0.190432,-0.283226,0.349341,18.407000
60.100,-0.018500,-0.026830,0.130000,-0.013761,-0.025685,0.132079,0.074627,0.190076,-0.282785,0.348806,25.104000
60.125,-0.018500,-0.026745,0.130000,-0.013809,-0.025733,0.132097,0.074837,0.189559,-0.282445,0.348294,17.641000
60.150,-0.018500,-0.026745,0.130000,-0.013080,-0.026030,0.132130,0.074580,0.189104,-0.281968,0.347604,21.621000
60.175,-0.018500,-0.026575,0.130000,-0.013859,-0.025946,0.132092,0.074666,0.188578,-0.281340,0.346827,18.218000
60.200,-0.018500,-0.026490,0.130000,-0.013978,-0.025984,0.132095,0.075007,0.188044,-0.280602,0.346011,20.143000
60.225,-0.018500,-0.026405,0.130000,-0.013402,-0.026188,0.132090,0.074918,0.187536,-0.279544,0.344858,17.464000
60.250,-0.018500,-0.026320,0.130000,-0.013192,-0.026274,0.132065,0.074715,0.186933,-0.278168,0.343371,20.986000
60.275,-0.018500,-0.026235,0.130000,-0.013535,-0.026195,0.132015,0.074972,0.186120,-0.276396,0.341550,18.211000
60.300,-0.018500,-0.026150,0.130000,-0.014128,-0.026002,0.131964,0.075523,0.185218,-0.274377,0.339547,23.086000
60.325,-0.018500,-0.026065,0.130000,-0.013121,-0.026258,0.132036,0.075330,0.184517,-0.272227,0.337384,17.706000
60.350,-0.018500,-0.025980,0.130000,-0.012968,-0.026324,0.132055,0.075091,0.183931,-0.270162,0.335346,17.184000
60.375,-0.018500,-0.025895,0.130000,-0.012900,-0.026336,0.132082,0.074951,0.183393,-0.268353,0.333563,17.157000
60.400,-0.018500,-0.025810,0.130000,-0.013865,-0.026037,0.132036,0.075089,0.182671,-0.266853,0.331990,18.549000
60.425,-0.018500,-0.025725,0.130000,-0.014075,-0.025952,0.132006,0.075425,0.181852,-0.265502,0.330530,17.605000
60.450,-0.018500,-0.025640,0.130000,-0.013155,-0.026282,0.132027,0.075375,0.181187,-0.264177,0.329089,17.699000
60.475,-0.018500,-0.025555,0.130000,-0.013378,-0.026264,0.131994,0.075363,0.180543,-0.262757,0.327592,17.689000
60.500,-0.018500,-0.025470,0.130000,-0.013228,-0.026314,0.131978,0.075601,0.179795,-0.260850,0.325706,18.808000
60.525,-0.018500,-0.025385,0.130000,-0.012600,-0.026463,0.131990,0.075719,0.178962,-0.258708,0.323559,17.505000
60.550,-0.018500,-0.025300,0.130000,-0.013513,-0.026135,0.131942,0.076012,0.178003,-0.256935,0.321681,17.699000
60.575,-0.018500,-0.025215,0.130000,-0.013230,-0.026218,0.131937,0.076305,0.176996,-0.255723,0.320226,17.483000
60.600,-0.018500,-0.025130,0.130000,-0.013125,-0.026297,0.131879,0.076389,0.176063,-0.254941,0.319105,18.324000
60.625,-0.018500,-0.025045,0.130000,-0.012866,-0.026464,0.131824,0.076593,0.175192,-0.254387,0.318232,17.054000
60.650,-0.018500,-0.024960,0.130000,-0.013873,-0.026208,0.131736,0.076822,0.174492,-0.253917,0.317526,17.054000
60.675,-0.018500,-0.024875,0.130000,-0.013891,-0.026265,0.131700,0.077387,0.173881,-0.253435,0.316943,16.934000
60.700,-0.018500,-0.024790,0.130000,-0.014001,-0.026259,0.131679,0.077999,0.173347,-0.252938,0.316403,17.142000
60.725,-0.018500,-0.024705,0.130000,-0.013295,-0.026528,0.131690,0.078260,0.172938,-0.252291,0.315727,17.141000
60.750,-0.018500,-0.024620,0.130000,-0.014365,-0.026137,0.131653,0.078671,0.172416,-0.251479,0.314894,17.261000
60.775,-0.018500,-0.024535,0.130000,-0.014736,-0.025962,0.131621,0.079165,0.171734,-0.250643,0.313977,16.780000
60.800,-0.018500,-0.024450,0.130000,-0.014554,-0.026019,0.131606,0.079479,0.170989,-0.250025,0.313156,18.118000
60.825,-0.018500,-0.024365,0.130000,-0.014787,-0.025912,0.131511,0.079854,0.170165,-0.249412,0.312313,16.889000
60.850,-0.018500,-0.024280,0.130000,-0.014719,-0.025986,0.131482,0.080538,0.169402,-0.248832,0.311611,17.405000
60.875,-0.018500,-0.024195,0.130000,-0.013900,-0.026331,0.131484,0.080996,0.168779,-0.248186,0.310874,16.570000
60.900,-0.018500,-0.024110,0.130000,-0.014312,-0.026148,0.131436,0.081453,0.168159,-0.247479,0.310093,16.918000
60.925,-0.018500,-0.024110,0.130000,-0.014447,-0.026078,0.131400,0.081727,0.167614,-0.246826,0.309349,16.474000
60.950,-0.018500,-0.023940,0.130000,-0.014987,-0.025839,0.131366,0.082503,0.166912,-0.246144,0.308631,16.813000
60.975,-0.018500,-0.023855,0.130000,-0.014927,-0.025844,0.131340,0.083012,0.166328,-0.245524,0.307958,16.331000
61.000,-0.018500,-0.023770,0.130000,-0.014758,-0.025899,0.131321,0.083361,0.165744,-0.245025,0.307339,16.695000
61.025,-0.018500,-0.023685,0.130000,-0.014722,-0.025921,0.131283,0.084014,0.164932,-0.244778,0.306883,16.257000
61.050,-0.018500,-0.023600,0.130000,-0.015035,-0.025787,0.131214,0.084607,0.164100,-0.244856,0.306662,16.380000
61.075,-0.018500,-0.023515,0.130000,-0.014464,-0.026083,0.131141,0.084937,0.163482,-0.244789,0.306370,16.570000
61.100,-0.018500,-0.023430,0.130000,-0.015093,-0.025797,0.131024,0.085228,0.162966,-0.244210,0.305712,16.729000
61.125,-0.018500,-0.023345,0.130000,-0.015443,-0.025574,0.130947,0.085678,0.162337,-0.243109,0.304625,16.689000
61.150,-0.018500,-0.023260,0.130000,-0.015490,-0.025454,0.130914,0.086092,0.161596,-0.241959,0.303429,16.091000
61.175,-0.018500,-0.023175,0.130000,-0.015833,-0.025187,0.130846,0.086610,0.160643,-0.240964,0.302276,16.387000
61.200,-0.018500,-0.023090,0.130000,-0.015351,-0.025356,0.130776,0.086788,0.159708,-0.240051,0.301103,16.519000
61.225,-0.018500,-0.023005,0.130000,-0.015036,-0.025484,0.130693,0.086994,0.158599,-0.238870,0.299634,16.790000
61.250,-0.018500,-0.022920,0.130000,-0.015272,-0.025300,0.130558,0.087233,0.157339,-0.237590,0.298018,16.656000
61.275,-0.018500,-0.022835,0.130000,-0.014840,-0.025498,0.130494,0.087350,0.156224,-0.236442,0.296548,16.935000
61.300,-0.018500,-0.022750,0.130000,-0.015527,-0.025118,0.130388,0.087375,0.155290,-0.235344,0.295188,16.145000
61.325,-0.018500,-0.022665,0.130000,-0.015881,-0.024888,0.130308,0.087594,0.154319,-0.234272,0.293888,16.725000
61.350,-0.018500,-0.022580,0.130000,-0.016042,-0.024757,0.130237,0.087917,0.153384,-0.233340,0.292752,16.437000
61.375,-0.018500,-0.022495,0.130000,-0.016426,-0.024478,0.130173,0.088496,0.152349,-0.232576,0.291777,16.736000
61.400,-0.018500,-0.022410,0.130000,-0.015920,-0.024708,0.130141,0.088780,0.151647,-0.231979,0.291021,16.494000
61.425,-0.018500,-0.022325,0.130000,-0.015889,-0.024687,0.130113,0.089352,0.150840,-0.231315,0.290246,16.849000
61.450,-0.018500,-0.022240,0.130000,-0.016095,-0.024462,0.130056,0.090077,0.149862,-0.230500,0.289315,16.365000
61.475,-0.018500,-0.022155,0.130000,-0.016067,-0.024370,0.130030,0.090458,0.149133,-0.229773,0.288477,16.605000
61.500,-0.018500,-0.022070,0.130000,-0.016145,-0.024254,0.130012,0.090854,0.148381,-0.229188,0.287747,17.228000
61.525,-0.018500,-0.021985,0.130000,-0.016501,-0.023924,0.129966,0.091475,0.147343,-0.228767,0.287075,16.369000
61.550,-0.018500,-0.021900,0.130000,-0.016346,-0.023984,0.129932,0.092322,0.146188,-0.228537,0.286572,16.359000
61.575,-0.018500,-0.021815,0.130000,-0.015860,-0.024257,0.129916,0.092754,0.145510,-0.228605,0.286421,16.601000
61.600,-0.018500,-0.021730,0.130000,-0.016376,-0.023914,0.129880,0.093499,0.144675,-0.228727,0.286337,17.501000
61.625,-0.018500,-0.021645,0.130000,-0.016426,-0.023792,0.129846,0.094072,0.144206,-0.229046,0.286543,17.453000
61.650,-0.018500,-0.021560,0.130000,-0.016592,-0.023642,0.129817,0.095127,0.143521,-0.229259,0.286718,17.028000
61.675,-0.018500,-0.021475,0.130000,-0.016274,-0.023767,0.129820,0.096084,0.143314,-0.229558,0.287173,17.818000
61.700,-0.018500,-0.021390,0.130000,-0.016617,-0.023415,0.129832,0.097118,0.143307,-0.229701,0.287630,16.012000
61.725,-0.018500,-0.021305,0.130000,-0.016642,-0.023250,0.129871,0.098481,0.142956,-0.229792,0.287992,18.269000
61.750,-0.018500,-0.021220,0.130000,-0.016634,-0.023075,0.129906,0.099896,0.142429,-0.230135,0.288491,17.019000
61.775,-0.018500,-0.021135,0.130000,-0.016598,-0.022959,0.129921,0.100894,0.142315,-0.230733,0.289259,17.262000
61.800,-0.018500,-0.021050,0.130000,-0.016559,-0.022875,0.129940,0.101844,0.142308,-0.231382,0.290106,15.782000
61.825,-0.018500,-0.020965,0.130000,-0.016677,-0.022703,0.129956,0.103323,0.141875,-0.231880,0.290814,17.353000
61.850,-0.018500,-0.020880,0.130000,-0.016640,-0.022607,0.129986,0.104439,0.142040,-0.232586,0.291855,17.193000
61.875,-0.018500,-0.020795,0.130000,-0.016757,-0.022404,0.130025,0.105919,0.141751,-0.233133,0.292683,16.866000
61.900,-0.018500,-0.020710,0.130000,-0.016445,-0.022496,0.130036,0.107409,0.141459,-0.233848,0.293653,17.614000
61.925,-0.018500,-0.020625,0.130000,-0.016445,-0.022375,0.130047,0.108456,0.141651,-0.234766,0.294861,16.837000
61.950,-0.018500,-0.020540,0.130000,-0.016566,-0.022197,0.130059,0.109745,0.141545,-0.235615,0.295962,16.344000
61.975,-0.018500,-0.020455,0.130000,-0.017009,-0.021772,0.130071,0.110889,0.141657,-0.236663,0.297275,16.547000
62.000,-0.018500,-0.020370,0.130000,-0.017083,-0.021633,0.130079,0.112320,0.141404,-0.237520,0.298373,16.574000
62.025,-0.018500,-0.020285,0.130000,-0.016881,-0.021700,0.130083,0.113561,0.141414,-0.238402,0.299549,16.460000
62.050,-0.018500,-0.020200,0.130000,-0.017066,-0.021464,0.130081,0.114597,0.141550,-0.239148,0.300601,16.132000
62.075,-0.018500,-0.020115,0.130000,-0.017128,-0.021332,0.130096,0.115799,0.141334,-0.239788,0.301468,16.518000
62.100,-0.018500,-0.020030,0.130000,-0.017249,-0.021145,0.130093,0.116989,0.140989,-0.240608,0.302418,16.028000
62.125,-0.018500,-0.019945,0.130000,-0.017068,-0.021226,0.130087,0.117872,0.140892,-0.241679,0.303567,16.539000
62.150,-0.018500,-0.019860,0.130000,-0.017362,-0.020958,0.130072,0.118614,0.140951,-0.242817,0.304789,15.820000
62.175,-0.018500,-0.019775,0.130000,-0.017506,-0.020818,0.130060,0.119694,0.140690,-0.243789,0.305865,16.619000
62.200,-0.018500,-0.019690,0.130000,-0.017659,-0.020649,0.130046,0.120841,0.140475,-0.244705,0.306947,15.899000
62.225,-0.018500,-0.019605,0.130000,-0.017492,-0.020726,0.130041,0.121709,0.140593,-0.245509,0.307984,16.544000
62.250,-0.018500,-0.019520,0.130000,-0.017719,-0.020457,0.130029,0.122466,0.140765,-0.246171,0.308890,16.232000
62.275,-0.018500,-0.019520,0.130000,-0.017835,-0.020284,0.130031,0.123400,0.140558,-0.246757,0.309634,16.531000
62.300,-0.018500,-0.019350,0.130000,-0.017909,-0.020141,0.130024,0.124244,0.140387,-0.247605,0.310569,16.125000
62.325,-0.018500,-0.019265,0.130000,-0.017843,-0.020154,0.130015,0.124947,0.140365,-0.248705,0.311718,16.611000
62.350,-0.018500,-0.019180,0.130000,-0.017873,-0.020100,0.129997,0.125703,0.140233,-0.249960,0.312964,15.802000
62.375,-0.018500,-0.019095,0.130000,-0.017994,-0.019968,0.129973,0.126345,0.140206,-0.251395,0.314357,16.435000
62.400,-0.018500,-0.019010,0.130000,-0.018233,-0.019726,0.129935,0.126981,0.140179,-0.252862,0.315775,16.268000
62.425,-0.018500,-0.018925,0.130000,-0.018250,-0.019706,0.129904,0.127724,0.140106,-0.254183,0.317099,16.508000
62.450,-0.018500,-0.018840,0.130000,-0.018329,-0.019582,0.129858,0.128456,0.140246,-0.255252,0.318313,15.783000
62.475,-0.018500,-0.018755,0.130000,-0.018342,-0.019499,0.129845,0.129294,0.140192,-0.256019,0.319243,16.183000
62.500,-0.018500,-0.018670,0.130000,-0.018325,-0.019380,0.129838,0.129948,0.140184,-0.256808,0.320138,16.120000
62.525,-0.018500,-0.018585,0.130000,-0.018272,-0.019342,0.129835,0.130460,0.140235,-0.257725,0.321104,16.431000
62.550,-0.018500,-0.018500,0.130000,-0.018377,-0.019152,0.129827,0.130925,0.140339,-0.258837,0.322231,16.144000
62.575,-0.018500,-0.018415,0.130000,-0.018440,-0.019046,0.129814,0.131536,0.140180,-0.260110,0.323434,16.425000
62.600,-0.018500,-0.018330,0.130000,-0.018488,-0.018943,0.129798,0.132093,0.140368,-0.261440,0.324811,15.823000
62.625,-0.018500,-0.018245,0.130000,-0.018504,-0.018872,0.129788,0.132711,0.140555,-0.262557,0.326043,16.277000
62.650,-0.018500,-0.018160,0.130000,-0.018525,-0.018727,0.129797,0.133293,0.140735,-0.263533,0.327144,15.867000
62.675,-0.018500,-0.018075,0.130000,-0.018501,-0.018658,0.129809,0.133792,0.141023,-0.264486,0.328239,16.240000
62.700,-0.018500,-0.017990,0.130000,-0.018563,-0.018453,0.129820,0.134251,0.141429,-0.265491,0.329410,16.215000
62.725,-0.018500,-0.017905,0.130000,-0.018614,-0.018308,0.129834,0.134700,0.141680,-0.266690,0.330667,16.496000
62.750,-0.018500,-0.017820,0.130000,-0.018687,-0.018133,0.129845,0.134967,0.142085,-0.268109,0.332094,16.470000
62.775,-0.018500,-0.017735,0.130000,-0.018792,-0.017978,0.129842,0.135282,0.142589,-0.269602,0.333644,16.936000
62.800,-0.018500,-0.017650,0.130000,-0.018888,-0.017777,0.129849,0.135712,0.143119,-0.271095,0.335251,16.247000
62.825,-0.018500,-0.017565,0.130000,-0.018932,-0.017650,0.129851,0.136152,0.143549,-0.272521,0.336766,16.817000
62.850,-0.018500,-0.017480,0.130000,-0.018898,-0.017549,0.129849,0.136582,0.144036,-0.273890,0.338255,16.081000
62.875,-0.018500,-0.017395,0.130000,-0.018917,-0.017407,0.129855,0.137045,0.144398,-0.275241,0.339690,16.634000
62.900,-0.018500,-0.017310,0.130000,-0.018889,-0.017361,0.129851,0.137504,0.144738,-0.276538,0.341071,16.304000
62.925,-0.018500,-0.017225,0.130000,-0.018839,-0.017306,0.129857,0.137965,0.145231,-0.277849,0.342530,16.860000
62.950,-0.018500,-0.017140,0.130000,-0.018871,-0.017224,0.129841,0.138519,0.145728,-0.279238,0.344090,16.383000
62.975,-0.018500,-0.017055,0.130000,-0.018882,-0.017170,0.129829,0.139222,0.146214,-0.280627,0.345706,16.675000
63.000,-0.018500,-0.016970,0.130000,-0.018852,-0.017118,0.129806,0.139879,0.146857,-0.281939,0.347308,16.765000
63.025,-0.018500,-0.016885,0.130000,-0.018851,-0.017040,0.129803,0.140555,0.147470,-0.283094,0.348777,16.577000
63.050,-0.018500,-0.016800,0.130000,-0.018813,-0.016973,0.129795,0.141213,0.147958,-0.284119,0.350080,16.426000
63.075,-0.018500,-0.016715,0.130000,-0.018770,-0.016931,0.129791,0.141754,0.148422,-0.285148,0.351329,16.634000
63.100,-0.018500,-0.016630,0.130000,-0.018746,-0.016875,0.129783,0.142227,0.148785,-0.286249,0.352568,16.443000
63.125,-0.018500,-0.016545,0.130000,-0.018740,-0.016832,0.129769,0.142618,0.149180,-0.287467,0.353881,16.569000
63.150,-0.018500,-0.016460,0.130000,-0.018778,-0.016753,0.129756,0.143050,0.149564,-0.288813,0.355311,15.995000
63.175,-0.018500,-0.016375,0.130000,-0.018782,-0.016719,0.129739,0.143438,0.149939,-0.290266,0.356806,16.784000
63.200,-0.018500,-0.016290,0.130000,-0.018806,-0.016660,0.129715,0.143808,0.150358,-0.291838,0.358410,17.158000
63.225,-0.018500,-0.016205,0.130000,-0.018832,-0.016611,0.129690,0.144188,0.150646,-0.293402,0.359957,16.584000
63.250,-0.018500,-0.016120,0.130000,-0.018849,-0.016551,0.129650,0.144544,0.150917,-0.294890,0.361427,16.147000
63.275,-0.018500,-0.016035,0.130000,-0.018856,-0.016537,0.129626,0.144895,0.151238,-0.296290,0.362843,16.446000
63.300,-0.018500,-0.015950,0.130000,-0.018859,-0.016469,0.129589,0.145146,0.151673,-0.297555,0.364158,16.142000
63.325,-0.018500,-0.015865,0.130000,-0.018914,-0.016372,0.129573,0.145471,0.151988,-0.298651,0.365314,16.587000
63.350,-0.018500,-0.015780,0.130000,-0.018930,-0.016263,0.129545,0.145780,0.152281,-0.299571,0.366311,16.043000
63.375,-0.018500,-0.015695,0.130000,-0.018943,-0.016183,0.129529,0.146061,0.152634,-0.300464,0.367300,16.249000
63.400,-0.018500,-0.015610,0.130000,-0.018955,-0.016066,0.129515,0.146300,0.152986,-0.301418,0.368322,16.149000
63.425,-0.018500,-0.015525,0.130000,-0.018963,-0.015996,0.129506,0.146456,0.153268,-0.302470,0.369363,16.294000
63.450,-0.018500,-0.015440,0.130000,-0.018993,-0.015893,0.129491,0.146620,0.153457,-0.303602,0.370433,16.448000
63.475,-0.018500,-0.015355,0.130000,-0.018996,-0.015833,0.129473,0.146813,0.153633,-0.304792,0.371558,16.697000
63.500,-0.018500,-0.015270,0.130000,-0.019006,-0.015803,0.129458,0.146985,0.153764,-0.306060,0.372721,16.272000
63.525,-0.018500,-0.015185,0.130000,-0.019015,-0.015786,0.129438,0.147058,0.154014,-0.307396,0.373950,16.617000
63.550,-0.018500,-0.015100,0.130000,-0.019030,-0.015705,0.129413,0.147113,0.154190,-0.308759,0.375165,16.573000
63.575,-0.018500,-0.015015,0.130000,-0.019075,-0.015663,0.129392,0.147162,0.154490,-0.310108,0.376418,16.463000
63.600,-0.018500,-0.014930,0.130000,-0.019143,-0.015518,0.129374,0.147335,0.154794,-0.311420,0.377692,15.726000
63.625,-0.018500,-0.014930,0.130000,-0.019158,-0.015460,0.129360,0.147447,0.155084,-0.312682,0.378895,16.815000
63.650,-0.018500,-0.014760,0.130000,-0.019171,-0.015347,0.129335,0.147569,0.155275,-0.313885,0.380014,16.401000
63.675,-0.018500,-0.014675,0.130000,-0.019169,-0.015268,0.129322,0.147654,0.155523,-0.315028,0.381093,16.259000
63.700,-0.018500,-0.014590,0.130000,-0.019193,-0.015188,0.129303,0.147760,0.155747,-0.316068,0.382085,15.689000
63.725,-0.018500,-0.014505,0.130000,-0.019200,-0.015128,0.129296,0.147779,0.155911,-0.317048,0.382971,17.089000
63.750,-0.018500,-0.014420,0.130000,-0.019199,-0.015039,0.129286,0.147777,0.156131,-0.317976,0.383828,16.511000
63.775,-0.018500,-0.014335,0.130000,-0.019230,-0.014946,0.129283,0.147696,0.156305,-0.318922,0.384651,17.260000
63.800,-0.018500,-0.014250,0.130000,-0.019238,-0.014849,0.129280,0.147680,0.156471,-0.319920,0.385541,16.128000
63.825,-0.018500,-0.014165,0.130000,-0.019257,-0.014780,0.129273,0.147592,0.156570,-0.321085,0.386514,16.489000
63.850,-0.018500,-0.014080,0.130000,-0.019257,-0.014711,0.129262,0.147508,0.156714,-0.322389,0.387624,16.014000
63.875,-0.018500,-0.013995,0.130000,-0.019267,-0.014634,0.129254,0.147438,0.156794,-0.323737,0.388752,15.855000
63.900,-0.018500,-0.013910,0.130000,-0.019287,-0.014610,0.129239,0.147455,0.156921,-0.324968,0.389835,15.828000
63.925,-0.018500,-0.013825,0.130000,-0.019301,-0.014564,0.129233,0.147453,0.156978,-0.326036,0.390748,16.300000
63.950,-0.018500,-0.013740,0.130000,-0.019268,-0.014513,0.129228,0.147370,0.157027,-0.326950,0.391500,15.864000
63.975,-0.018500,-0.013655,0.130000,-0.019282,-0.014470,0.129231,0.147359,0.157048,-0.327781,0.392198,16.345000
64.000,-0.018500,-0.013570,0.130000,-0.019266,-0.014388,0.129240,0.147406,0.157093,-0.328593,0.392912,16.118000
64.025,-0.018500,-0.013485,0.130000,-0.019241,-0.014361,0.129246,0.147404,0.157004,-0.329531,0.393661,16.424000
64.050,-0.018500,-0.013400,0.130000,-0.019214,-0.014316,0.129253,0.147453,0.156970,-0.330616,0.394574,15.977000
64.075,-0.018500,-0.013315,0.130000,-0.019197,-0.014316,0.129248,0.147471,0.156815,-0.331895,0.395592,16.446000
64.100,-0.018500,-0.013230,0.130000,-0.019193,-0.014275,0.129249,0.147466,0.156613,-0.333328,0.396714,16.246000
64.125,-0.018500,-0.013145,0.130000,-0.019193,-0.014231,0.129246,0.147520,0.156479,-0.334791,0.397911,16.526000
64.150,-0.018500,-0.013060,0.130000,-0.019207,-0.014257,0.129232,0.147714,0.156267,-0.336178,0.399067,15.878000
64.175,-0.018500,-0.012975,0.130000,-0.019188,-0.014310,0.129224,0.148011,0.156123,-0.337409,0.400158,16.768000
64.200,-0.018500,-0.012890,0.130000,-0.019183,-0.014223,0.129244,0.148342,0.156088,-0.338489,0.401178,15.940000
64.225,-0.018500,-0.012805,0.130000,-0.019154,-0.014179,0.129242,0.148576,0.155901,-0.339387,0.401950,16.474000
64.250,-0.018500,-0.012720,0.130000,-0.019153,-0.014047,0.129261,0.148873,0.155500,-0.340203,0.402594,16.210000
64.275,-0.018500,-0.012635,0.130000,-0.019096,-0.014106,0.129265,0.149142,0.155239,-0.341039,0.403298,16.550000
64.300,-0.018500,-0.012550,0.130000,-0.019079,-0.013989,0.129283,0.149321,0.155134,-0.341971,0.404113,16.539000
64.325,-0.018500,-0.012465,0.130000,-0.019077,-0.013915,0.129295,0.149418,0.154760,-0.343092,0.404955,16.208000
64.350,-0.018500,-0.012380,0.130000,-0.019122,-0.013767,0.129310,0.149581,0.154481,-0.344374,0.405995,16.030000
64.375,-0.018500,-0.012295,0.130000,-0.019127,-0.013776,0.129319,0.149810,0.154052,-0.345750,0.407085,16.716000
64.400,-0.018500,-0.012210,0.130000,-0.019156,-0.013657,0.129343,0.150128,0.153558,-0.347111,0.408172,16.076000
64.425,-0.018500,-0.012210,0.130000,-0.019104,-0.013829,0.129325,0.150463,0.153329,-0.348364,0.409275,16.803000
64.450,-0.018500,-0.012040,0.130000,-0.019119,-0.013653,0.129360,0.150829,0.152829,-0.349417,0.410120,16.270000
64.475,-0.018500,-0.011955,0.130000,-0.019078,-0.013725,0.129367,0.151244,0.152410,-0.350402,0.410956,16.739000
64.500,-0.018500,-0.011870,0.130000,-0.019100,-0.013514,0.129398,0.151664,0.151988,-0.351373,0.411783,16.548000
64.525,-0.018500,-0.011785,0.130000,-0.019044,-0.013554,0.129405,0.151968,0.151407,-0.352464,0.412612,16.805000
64.550,-0.018500,-0.011700,0.130000,-0.019052,-0.013438,0.129423,0.152315,0.150654,-0.353695,0.413517,16.544000
64.575,-0.018500,-0.011615,0.130000,-0.018971,-0.013656,0.129391,0.152533,0.150364,-0.355037,0.414640,17.052000
64.600,-0.018500,-0.011530,0.130000,-0.019060,-0.013345,0.129419,0.152790,0.149748,-0.356227,0.415532,16.553000
64.625,-0.018500,-0.011445,0.130000,-0.019003,-0.013481,0.129391,0.153002,0.149383,-0.357355,0.416447,16.902000
64.650,-0.018500,-0.011360,0.130000,-0.019058,-0.013203,0.129416,0.153292,0.148998,-0.358244,0.417178,16.025000
64.675,-0.018500,-0.011275,0.130000,-0.019022,-0.013201,0.129420,0.153598,0.148271,-0.358968,0.417654,17.046000
64.700,-0.018500,-0.011190,0.130000,-0.019082,-0.012993,0.129450,0.153961,0.147821,-0.359767,0.418315,16.124000
64.725,-0.018500,-0.011105,0.130000,-0.019046,-0.012864,0.129483,0.154181,0.147237,-0.360568,0.418880,17.335000
64.750,-0.018500,-0.011020,0.130000,-0.019081,-0.012792,0.129481,0.154428,0.146349,-0.361361,0.419342,16.421000
64.775,-0.018500,-0.010935,0.130000,-0.019013,-0.012999,0.129462,0.154633,0.145813,-0.362339,0.420075,17.075000
64.800,-0.018500,-0.010850,0.130000,-0.019068,-0.012751,0.129485,0.154914,0.145307,-0.363318,0.420847,16.425000
64.825,-0.018500,-0.010765,0.130000,-0.019019,-0.012824,0.129475,0.154990,0.144799,-0.364254,0.421509,16.887000
64.850,-0.018500,-0.010680,0.130000,-0.019046,-0.012630,0.129487,0.155069,0.144373,-0.364994,0.422031,16.013000
64.875,-0.018500,-0.010595,0.130000,-0.019046,-0.012578,0.129481,0.155227,0.143501,-0.365424,0.422165,16.712000
64.900,-0.018500,-0.010510,0.130000,-0.019089,-0.012411,0.129494,0.155529,0.142940,-0.365792,0.422404,16.707000
64.925,-0.018500,-0.010425,0.130000,-0.019061,-0.012409,0.129496,0.155803,0.142093,-0.366000,0.422399,16.844000
64.950,-0.018500,-0.010340,0.130000,-0.019046,-0.012274,0.129523,0.156112,0.141401,-0.366266,0.422512,16.498000
64.975,-0.018500,-0.010255,0.130000,-0.019015,-0.012294,0.129529,0.156385,0.140434,-0.366545,0.422532,17.023000
65.000,-0.018500,-0.010170,0.130000,-0.018994,-0.012234,0.129544,0.156729,0.139759,-0.367018,0.422846,16.574000
65.025,-0.018500,-0.010085,0.130000,-0.018954,-0.012281,0.129546,0.157181,0.138760,-0.367499,0.423102,16.755000
65.050,-0.018500,-0.010000,0.130000,-0.018920,-0.012279,0.129557,0.157845,0.138184,-0.368155,0.423731,16.312000
65.075,-0.018500,-0.009915,0.130000,-0.018889,-0.012030,0.129617,0.158591,0.137204,-0.368794,0.424246,17.007000
65.100,-0.018500,-0.009830,0.130000,-0.018801,-0.012292,0.129604,0.159274,0.136709,-0.369628,0.425067,16.499000
65.125,-0.018500,-0.009745,0.130000,-0.018772,-0.012226,0.129631,0.159908,0.135892,-0.370348,0.425670,16.980000
65.150,-0.018500,-0.009660,0.130000,-0.018751,-0.012115,0.129662,0.160595,0.135052,-0.371131,0.426343,16.354000
65.175,-0.018500,-0.009575,0.130000,-0.018740,-0.011964,0.129705,0.161239,0.134568,-0.371906,0.427107,16.996000
65.200,-0.018500,-0.009490,0.130000,-0.018738,-0.011797,0.129729,0.161856,0.133975,-0.372629,0.427784,16.326000
65.225,-0.018500,-0.009405,0.130000,-0.018709,-0.011830,0.129737,0.162436,0.133236,-0.373551,0.428576,17.022000
65.250,-0.018500,-0.009320,0.130000,-0.018728,-0.011634,0.129756,0.162982,0.132798,-0.374665,0.429618,16.726000
65.275,-0.018500,-0.009235,0.130000,-0.018764,-0.011302,0.129776,0.163566,0.132011,-0.375645,0.430453,16.891000
65.300,-0.018500,-0.009150,0.130000,-0.018767,-0.011447,0.129750,0.164303,0.131151,-0.376570,0.431279,16.294000
65.325,-0.018500,-0.009065,0.130000,-0.018740,-0.011624,0.129726,0.164994,0.130548,-0.377385,0.432071,17.152000
65.350,-0.018500,-0.008980,0.130000,-0.018769,-0.011347,0.129752,0.165564,0.130149,-0.378035,0.432736,18.501000
65.375,-0.018500,-0.008895,0.130000,-0.018788,-0.010925,0.129789,0.166102,0.129292,-0.378530,0.433118,20.112000
65.400,-0.018500,-0.008810,0.130000,-0.018786,-0.011058,0.129770,0.166649,0.128770,-0.379159,0.433723,18.236000
65.425,-0.018500,-0.008725,0.130000,-0.018772,-0.010953,0.129780,0.167198,0.127731,-0.379656,0.434061,16.923000
65.450,-0.018500,-0.008640,0.130000,-0.018786,-0.010886,0.129779,0.167656,0.127234,-0.380311,0.434665,16.962000
65.475,-0.018500,-0.008555,0.130000,-0.018832,-0.010526,0.129805,0.168095,0.126349,-0.380841,0.435040,16.694000
65.500,-0.018500,-0.008470,0.130000,-0.018852,-0.010689,0.129775,0.168624,0.125368,-0.381466,0.435509,16.599000
65.525,-0.018500,-0.008385,0.130000,-0.018899,-0.010562,0.129786,0.169099,0.124746,-0.382238,0.436191,17.153000
65.550,-0.018500,-0.008300,0.130000,-0.018929,-0.010577,0.129772,0.169583,0.124222,-0.383041,0.436932,18.074000
65.575,-0.018500,-0.008215,0.130000,-0.018945,-0.010223,0.129796,0.170057,0.123343,-0.383851,0.437577,19.834000
65.600,-0.018500,-0.008130,0.130000,-0.018983,-0.010405,0.129759,0.170600,0.122815,-0.384752,0.438431,18.362000
65.625,-0.018500,-0.008045,0.130000,-0.018969,-0.010348,0.129769,0.171122,0.121848,-0.385504,0.439025,17.275000
65.650,-0.018500,-0.007960,0.130000,-0.019000,-0.010238,0.129771,0.171663,0.120921,-0.386225,0.439613,16.280000
65.675,-0.018500,-0.007875,0.130000,-0.018992,-0.010415,0.129750,0.172160,0.120262,-0.386724,0.440065,17.526000
65.700,-0.018500,-0.007790,0.130000,-0.019020,-0.010131,0.129767,0.172544,0.119712,-0.386963,0.440276,16.203000
65.725,-0.018500,-0.007705,0.130000,-0.019015,-0.009930,0.129787,0.172859,0.118637,-0.387004,0.440144,17.780000
65.750,-0.018500,-0.007620,0.130000,-0.019030,-0.009865,0.129775,0.173066,0.117935,-0.387127,0.440145,16.590000
65.775,-0.018500,-0.007535,0.130000,-0.019028,-0.009484,0.129797,0.173215,0.116821,-0.387147,0.439925,17.408000
65.800,-0.018500,-0.007450,0.130000,-0.019085,-0.009740,0.129750,0.173366,0.116142,-0.387394,0.440021,16.411000
65.825,-0.018500,-0.007365,0.130000,-0.019092,-0.009685,0.129740,0.173474,0.115062,-0.387681,0.440033,17.625000
65.850,-0.018500,-0.007280,0.130000,-0.019172,-0.009638,0.129713,0.173695,0.114475,-0.388157,0.440386,16.624000
65.875,-0.018500,-0.007195,0.130000,-0.019180,-0.009488,0.129727,0.173874,0.113297,-0.388542,0.440492,17.094000
65.900,-0.018500,-0.007110,0.130000,-0.019236,-0.009500,0.129707,0.174103,0.112687,-0.388934,0.440772,16.490000
65.925,-0.018500,-0.007025,0.130000,-0.019251,-0.009079,0.129740,0.174326,0.111639,-0.389036,0.440684,17.318000
65.950,-0.018500,-0.006940,0.130000,-0.019264,-0.009196,0.129734,0.174478,0.110413,-0.389138,0.440525,16.797000
65.975,-0.018500,-0.006940,0.130000,-0.019291,-0.009450,0.129709,0.174608,0.109670,-0.389216,0.440459,17.329000
66.000,-0.018500,-0.006770,0.130000,-0.019309,-0.009095,0.129739,0.174795,0.108954,-0.389124,0.440275,16.879000
66.025,-0.018500,-0.006685,0.130000,-0.019263,-0.009001,0.129758,0.174814,0.107832,-0.388999,0.439896,17.807000
66.050,-0.018500,-0.006600,0.130000,-0.019307,-0.008910,0.129750,0.174827,0.106647,-0.388988,0.439601,16.496000
66.075,-0.018500,-0.006515,0.130000,-0.019342,-0.009140,0.129712,0.174719,0.105836,-0.389043,0.439412,18.100000
66.100,-0.018500,-0.006430,0.130000,-0.019372,-0.008790,0.129730,0.174671,0.105076,-0.389032,0.439200,16.269000
66.125,-0.018500,-0.006345,0.130000,-0.019383,-0.008729,0.129725,0.174710,0.103874,-0.388972,0.438877,17.982000
66.150,-0.018500,-0.006260,0.130000,-0.019461,-0.008796,0.129693,0.174883,0.102884,-0.389042,0.438774,15.990000
66.175,-0.018500,-0.006175,0.130000,-0.019452,-0.008565,0.129721,0.174999,0.102113,-0.389152,0.438738,18.117000
66.200,-0.018500,-0.006090,0.130000,-0.019486,-0.008531,0.129715,0.175159,0.101392,-0.389247,0.438719,16.448000
66.225,-0.018500,-0.006005,0.130000,-0.019457,-0.008356,0.129749,0.175313,0.100029,-0.389257,0.438476,17.754000
66.250,-0.018500,-0.005920,0.130000,-0.019527,-0.008465,0.129718,0.175523,0.098911,-0.389235,0.438287,16.667000
66.275,-0.018500,-0.005835,0.130000,-0.019523,-0.008705,0.129688,0.175601,0.098071,-0.388985,0.437907,17.969000
66.300,-0.018500,-0.005750,0.130000,-0.019488,-0.008339,0.129725,0.175668,0.097262,-0.388611,0.437422,16.672000
66.325,-0.018500,-0.005665,0.130000,-0.019476,-0.008212,0.129753,0.175748,0.095886,-0.388261,0.436838,18.368000
66.350,-0.018500,-0.005580,0.130000,-0.019529,-0.008254,0.129735,0.175849,0.095159,-0.388109,0.436586,16.365000
66.375,-0.018500,-0.005495,0.130000,-0.019500,-0.008110,0.129754,0.175793,0.093983,-0.387973,0.436187,18.030000
66.400,-0.018500,-0.005410,0.130000,-0.019562,-0.008082,0.129737,0.175858,0.093312,-0.388018,0.436109,16.381000
66.425,-0.018500,-0.005325,0.130000,-0.019534,-0.007809,0.129782,0.175903,0.091952,-0.388093,0.435905,17.769000
66.450,-0.018500,-0.005240,0.130000,-0.019638,-0.007899,0.129744,0.176082,0.091299,-0.388264,0.435992,16.318000
66.475,-0.018500,-0.005155,0.130000,-0.019573,-0.007682,0.129782,0.176013,0.089934,-0.388234,0.435654,18.067000
66.500,-0.018500,-0.005070,0.130000,-0.019639,-0.007721,0.129758,0.176098,0.088822,-0.388183,0.435414,16.753000
66.525,-0.018500,-0.004985,0.130000,-0.019685,-0.007887,0.129741,0.176211,0.087915,-0.387886,0.435011,17.819000
66.550,-0.018500,-0.004900,0.130000,-0.019680,-0.007512,0.129773,0.176346,0.086629,-0.387375,0.434353,16.586000
66.575,-0.018500,-0.004815,0.130000,-0.019619,-0.007292,0.129822,0.176296,0.085639,-0.386914,0.433724,18.019000
66.600,-0.018500,-0.004730,0.130000,-0.019689,-0.007386,0.129799,0.176221,0.084465,-0.386496,0.433090,16.707000
66.625,-0.018500,-0.004645,0.130000,-0.019666,-0.007239,0.129816,0.175913,0.083753,-0.386332,0.432680,18.190000
66.650,-0.018500,-0.004560,0.130000,-0.019750,-0.007167,0.129796,0.175611,0.082624,-0.386309,0.432320,16.492000
66.675,-0.018500,-0.004475,0.130000,-0.019842,-0.007316,0.129766,0.175368,0.081839,-0.386469,0.432215,18.529000
66.700,-0.018500,-0.004390,0.130000,-0.019840,-0.006899,0.129798,0.175249,0.081079,-0.386535,0.432083,16.445000
66.725,-0.018500,-0.004305,0.130000,-0.019830,-0.006809,0.129811,0.175148,0.079852,-0.386490,0.431772,18.460000
66.750,-0.018500,-0.004220,0.130000,-0.019926,-0.006873,0.129776,0.175196,0.078825,-0.386339,0.431469,16.602000
66.775,-0.018500,-0.004135,0.130000,-0.019947,-0.006949,0.129778,0.175032,0.077893,-0.386026,0.430952,18.010000
66.800,-0.018500,-0.004050,0.130000,-0.019892,-0.006640,0.129815,0.174945,0.077120,-0.385508,0.430314,16.618000
66.825,-0.018500,-0.003965,0.130000,-0.019803,-0.006373,0.129872,0.174659,0.075752,-0.384929,0.429435,17.821000
66.850,-0.018500,-0.003880,0.130000,-0.019894,-0.006460,0.129842,0.174543,0.074593,-0.384395,0.428706,16.456000
66.875,-0.018500,-0.003795,0.130000,-0.019982,-0.006630,0.129810,0.174287,0.073722,-0.383849,0.427961,18.178000
66.900,-0.018500,-0.003710,0.130000,-0.019912,-0.006253,0.129854,0.173908,0.073029,-0.383329,0.427222,16.399000
66.925,-0.018500,-0.003625,0.130000,-0.019901,-0.006017,0.129876,0.173469,0.071744,-0.382846,0.426392,18.214000
66.950,-0.018500,-0.003540,0.130000,-0.020048,-0.006070,0.129823,0.173174,0.071069,-0.382476,0.425826,16.392000
66.975,-0.018500,-0.003455,0.130000,-0.019909,-0.005503,0.129883,0.172709,0.069859,-0.382004,0.425013,17.904000
67.000,-0.018500,-0.003370,0.130000,-0.020123,-0.005833,0.129804,0.172447,0.069074,-0.381478,0.424305,16.702000
67.025,-0.018500,-0.003285,0.130000,-0.020073,-0.005663,0.129840,0.171988,0.067726,-0.380785,0.423277,18.075000
67.050,-0.018500,-0.003200,0.130000,-0.020155,-0.005647,0.129818,0.171682,0.066438,-0.380061,0.422297,16.580000
67.075,-0.018500,-0.003115,0.130000,-0.020191,-0.005830,0.129807,0.171276,0.065453,-0.379287,0.421282,18.429000
67.100,-0.018500,-0.003030,0.130000,-0.020106,-0.005494,0.129853,0.170906,0.064688,-0.378458,0.420266,16.696000
67.125,-0.018500,-0.002945,0.130000,-0.020051,-0.005288,0.129889,0.170385,0.063491,-0.377685,0.419175,18.015000
67.150,-0.018500,-0.002860,0.130000,-0.020131,-0.005231,0.129864,0.169912,0.062316,-0.377073,0.418255,16.463000
67.175,-0.018500,-0.002775,0.130000,-0.020233,-0.005386,0.129836,0.169380,0.061428,-0.376524,0.417413,18.573000
67.200,-0.018500,-0.002690,0.130000,-0.020202,-0.005093,0.129856,0.168996,0.060593,-0.375821,0.416500,16.477000
67.225,-0.018500,-0.002605,0.130000,-0.020159,-0.004989,0.129876,0.168440,0.059240,-0.374921,0.415268,18.645000
67.250,-0.018500,-0.002520,0.130000,-0.020220,-0.004962,0.129864,0.168122,0.058316,-0.373924,0.414108,16.267000
67.275,-0.018500,-0.002435,0.130000,-0.020126,-0.004813,0.129916,0.167432,0.056895,-0.372906,0.412710,18.018000
67.300,-0.018500,-0.002350,0.130000,-0.020154,-0.004791,0.129920,0.166908,0.056076,-0.372075,0.411634,16.546000
67.325,-0.018500,-0.002265,0.130000,-0.020098,-0.004634,0.129953,0.166148,0.054808,-0.371360,0.410508,18.087000
67.350,-0.018500,-0.002180,0.130000,-0.020222,-0.004730,0.129910,0.165633,0.054139,-0.370768,0.409676,16.279000
67.375,-0.018500,-0.002095,0.130000,-0.020159,-0.004481,0.129946,0.164975,0.052781,-0.370039,0.408572,17.531000
67.400,-0.018500,-0.002010,0.130000,-0.020205,-0.004482,0.129932,0.164557,0.051862,-0.369176,0.407504,16.713000
67.425,-0.018500,-0.001925,0.130000,-0.020148,-0.004353,0.129969,0.163974,0.050454,-0.368064,0.406084,17.399000
67.450,-0.018500,-0.001840,0.130000,-0.020121,-0.004306,0.129985,0.163381,0.049505,-0.366896,0.404669,16.811000
67.475,-0.018500,-0.001755,0.130000,-0.020116,-0.004256,0.130004,0.162504,0.048233,-0.365729,0.403103,17.428000
67.500,-0.018500,-0.001670,0.130000,-0.020151,-0.004241,0.129991,0.161547,0.047163,-0.364764,0.401715,16.781000
67.525,-0.018500,-0.001585,0.130000,-0.020304,-0.004345,0.129949,0.160718,0.046409,-0.363935,0.400541,18.242000
67.550,-0.018500,-0.001500,0.130000,-0.020197,-0.003943,0.129989,0.159842,0.045300,-0.363114,0.399316,16.577000
67.575,-0.018500,-0.001415,0.130000,-0.020399,-0.004129,0.129934,0.159280,0.044446,-0.362219,0.398181,17.798000
67.600,-0.018500,-0.001330,0.130000,-0.020229,-0.003730,0.129995,0.158751,0.043433,-0.361033,0.396779,16.593000
67.625,-0.018500,-0.001245,0.130000,-0.020018,-0.003313,0.130077,0.158069,0.041901,-0.359580,0.395018,18.729000
67.650,-0.018500,-0.001160,0.130000,-0.020202,-0.003698,0.130026,0.157452,0.040879,-0.358009,0.393234,16.170000
67.675,-0.018500,-0.001075,0.130000,-0.019938,-0.003259,0.130126,0.156483,0.039501,-0.356389,0.391229,17.735000
67.700,-0.018500,-0.000990,0.130000,-0.020195,-0.003683,0.130049,0.155517,0.038346,-0.354995,0.389458,16.958000
67.725,-0.018500,-0.000905,0.130000,-0.020141,-0.003452,0.130087,0.154749,0.037509,-0.353746,0.387931,17.929000
67.750,-0.018500,-0.000820,0.130000,-0.020142,-0.003409,0.130090,0.153792,0.036324,-0.352546,0.386342,16.756000
67.775,-0.018500,-0.000820,0.130000,-0.020285,-0.003518,0.130059,0.153180,0.035363,-0.351412,0.384974,17.751000
67.800,-0.018500,-0.000650,0.130000,-0.020130,-0.003198,0.130116,0.152394,0.034047,-0.350151,0.383391,16.679000
67.825,-0.018500,-0.000565,0.130000,-0.020065,-0.003013,0.130143,0.151735,0.032878,-0.348785,0.381779,17.837000
67.850,-0.018500,-0.000480,0.130000,-0.020165,-0.003177,0.130122,0.151068,0.031958,-0.347214,0.380001,16.723000
67.875,-0.018500,-0.000395,0.130000,-0.020126,-0.003055,0.130160,0.150123,0.030487,-0.345526,0.377961,17.656000
67.900,-0.018500,-0.000310,0.130000,-0.020174,-0.003050,0.130162,0.149396,0.029612,-0.343932,0.376146,16.782000
67.925,-0.018500,-0.000225,0.130000,-0.020095,-0.002870,0.130209,0.148401,0.028135,-0.342399,0.374234,17.537000
67.950,-0.018500,-0.000140,0.130000,-0.020092,-0.002817,0.130222,0.147581,0.027261,-0.341137,0.372690,16.695000
67.975,-0.018500,-0.000055,0.130000,-0.020156,-0.002721,0.130221,0.146705,0.025803,-0.339869,0.371078,17.724000
68.000,-0.018500,0.000030,0.130000,-0.020148,-0.002667,0.130235,0.145972,0.024860,-0.338607,0.369568,18.427000
68.025,-0.018500,0.000115,0.130000,-0.020216,-0.002609,0.130230,0.145166,0.023497,-0.337046,0.367730,18.641000
68.050,-0.018500,0.000200,0.130000,-0.020155,-0.002586,0.130259,0.144127,0.022218,-0.335321,0.365659,16.833000
68.075,-0.018500,0.000285,0.130000,-0.020095,-0.002337,0.130295,0.143234,0.021090,-0.333458,0.363532,18.844000
68.100,-0.018500,0.000370,0.130000,-0.020179,-0.002492,0.130285,0.142289,0.020335,-0.331634,0.361442,16.914000
68.125,-0.018500,0.000455,0.130000,-0.020136,-0.002249,0.130312,0.141155,0.018878,-0.329893,0.359319,17.576000
68.150,-0.018500,0.000540,0.130000,-0.020224,-0.002327,0.130294,0.140245,0.018163,-0.328460,0.357610,16.841000
68.175,-0.018500,0.000625,0.130000,-0.020231,-0.002288,0.130300,0.139018,0.017194,-0.326997,0.355737,17.582000
68.200,-0.018500,0.000710,0.130000,-0.020225,-0.002165,0.130305,0.137970,0.016511,-0.325407,0.353834,17.220000
68.225,-0.018500,0.000710,0.130000,-0.020200,-0.001966,0.130327,0.136778,0.015120,-0.323482,0.351536,17.106000
68.250,-0.018500,0.000880,0.130000,-0.020227,-0.001869,0.130334,0.135650,0.013408,-0.321452,0.349160,18.415000
68.275,-0.018500,0.000965,0.130000,-0.020337,-0.001858,0.130316,0.134948,0.012215,-0.319435,0.346985,19.620000
68.300,-0.018500,0.001050,0.130000,-0.020326,-0.001941,0.130340,0.134105,0.011325,-0.317499,0.344845,17.036000
68.325,-0.018500,0.001135,0.130000,-0.020010,-0.001402,0.130441,0.132952,0.009897,-0.315614,0.342617,17.116000
68.350,-0.018500,0.001220,0.130000,-0.020230,-0.001699,0.130389,0.131729,0.008532,-0.313939,0.340563,16.394000
68.375,-0.018500,0.001305,0.130000,-0.020212,-0.001459,0.130396,0.130777,0.007524,-0.312299,0.338659,17.973000
68.400,-0.018500,0.001390,0.130000,-0.020301,-0.001494,0.130372,0.129600,0.006292,-0.310520,0.336539,17.477000
68.425,-0.018500,0.001475,0.130000,-0.020498,-0.001612,0.130319,0.128618,0.005241,-0.308645,0.334413,18.474000
68.450,-0.018500,0.001560,0.130000,-0.020255,-0.001276,0.130391,0.127604,0.004272,-0.306649,0.332167,16.919000
68.475,-0.018500,0.001645,0.130000,-0.019991,-0.000770,0.130465,0.126430,0.002559,-0.304438,0.329656,16.718000
68.500,-0.018500,0.001730,0.130000,-0.020273,-0.001185,0.130396,0.125490,0.001572,-0.302324,0.327338,16.733000
68.525,-0.018500,0.001815,0.130000,-0.020210,-0.001024,0.130430,0.124190,0.000027,-0.300063,0.324748,17.131000
68.550,-0.018500,0.001900,0.130000,-0.020260,-0.001054,0.130418,0.123094,-0.000716,-0.298033,0.322454,16.317000
68.575,-0.018500,0.001985,0.130000,-0.019948,-0.000431,0.130491,0.121689,-0.002224,-0.295900,0.319953,16.777000
68.600,-0.018500,0.002070,0.130000,-0.020325,-0.000779,0.130384,0.120670,-0.003002,-0.294065,0.317874,17.102000
68.625,-0.018500,0.002155,0.130000,-0.020288,-0.000579,0.130391,0.119390,-0.004266,-0.292158,0.315640,17.227000
68.650,-0.018500,0.002240,0.130000,-0.020319,-0.000513,0.130372,0.118413,-0.005142,-0.290382,0.313640,16.201000
68.675,-0.018500,0.002325,0.130000,-0.020090,-0.000078,0.130434,0.117233,-0.006582,-0.288447,0.311430,16.773000
68.700,-0.018500,0.002410,0.130000,-0.020534,-0.000575,0.130316,0.116516,-0.007127,-0.286518,0.309385,16.514000
68.725,-0.018500,0.002495,0.130000,-0.019778,0.000464,0.130524,0.114928,-0.009148,-0.284136,0.306635,17.156000
68.750,-0.018500,0.002580,0.130000,-0.020330,-0.000086,0.130381,0.113800,-0.010785,-0.282089,0.304370,16.478000
68.775,-0.018500,0.002665,0.130000,-0.020279,0.000115,0.130399,0.112862,-0.012015,-0.280016,0.302145,16.644000
68.800,-0.018500,0.002750,0.130000,-0.020253,0.000177,0.130398,0.111818,-0.013106,-0.277965,0.299899,16.267000
68.825,-0.018500,0.002835,0.130000,-0.020310,0.000210,0.130390,0.110457,-0.014526,-0.275995,0.297633,17.041000
68.850,-0.018500,0.002920,0.130000,-0.020334,0.000276,0.130374,0.109538,-0.015327,-0.274259,0.295722,15.897000
68.875,-0.018500,0.003005,0.130000,-0.020027,0.000744,0.130438,0.108330,-0.016684,-0.272418,0.293642,21.765000
68.900,-0.018500,0.003090,0.130000,-0.020180,0.000680,0.130386,0.107150,-0.018167,-0.270651,0.291656,18.097000
68.925,-0.018500,0.003175,0.130000,-0.020115,0.000883,0.130384,0.106174,-0.019227,-0.268937,0.289775,17.079000
68.950,-0.018500,0.003260,0.130000,-0.020179,0.000899,0.130364,0.104912,-0.020424,-0.267056,0.287650,17.937000
68.975,-0.018500,0.003345,0.130000,-0.020101,0.001159,0.130374,0.103884,-0.021188,-0.265145,0.285557,16.938000
69.000,-0.018500,0.003430,0.130000,-0.020088,0.001234,0.130368,0.102455,-0.022193,-0.263004,0.283126,16.531000
69.025,-0.018500,0.003515,0.130000,-0.020249,0.001232,0.130294,0.101199,-0.022924,-0.260907,0.280783,17.241000
69.050,-0.018500,0.003600,0.130000,-0.020113,0.001543,0.130278,0.099625,-0.023877,-0.258705,0.278251,16.023000
69.075,-0.018500,0.003685,0.130000,-0.020164,0.001670,0.130229,0.098512,-0.024450,-0.256685,0.276025,17.568000
69.100,-0.018500,0.003770,0.130000,-0.020087,0.001904,0.130209,0.097431,-0.024914,-0.254794,0.273923,16.198000
69.125,-0.018500,0.003855,0.130000,-0.020087,0.001904,0.130209,0.096025,-0.025849,-0.252986,0.271828,16.731000
69.150,-0.018500,0.003940,0.130000,-0.020091,0.002026,0.130193,0.094631,-0.026924,-0.251352,0.269922,15.785000
69.175,-0.018500,0.004025,0.130000,-0.020344,0.001921,0.130127,0.093784,-0.027724,-0.249747,0.268212,17.652000
69.200,-0.018500,0.004110,0.130000,-0.020098,0.002195,0.130190,0.092757,-0.028744,-0.248036,0.266368,19.026000
69.225,-0.018500,0.004195,0.130000,-0.019905,0.002426,0.130236,0.091879,-0.029464,-0.246348,0.264570,20.234000
69.250,-0.018500,0.004280,0.130000,-0.019867,0.002482,0.130252,0.090629,-0.030398,-0.244533,0.262553,19.620000
69.275,-0.018500,0.004365,0.130000,-0.020004,0.002499,0.130222,0.089602,-0.030975,-0.242766,0.260621,19.846000
69.300,-0.018500,0.004450,0.130000,-0.019862,0.002688,0.130240,0.088688,-0.031299,-0.241024,0.258723,16.140000
69.325,-0.018500,0.004535,0.130000,-0.019600,0.003014,0.130294,0.087438,-0.031994,-0.239304,0.256779,20.261000
69.350,-0.018500,0.004620,0.130000,-0.019757,0.002986,0.130249,0.086459,-0.032429,-0.237763,0.255064,20.057000
69.375,-0.018500,0.004705,0.130000,-0.019766,0.003127,0.130241,0.085301,-0.033317,-0.236160,0.253294,19.849000
69.400,-0.018500,0.004790,0.130000,-0.019781,0.003218,0.130232,0.084240,-0.034163,-0.234615,0.251610,18.913000
69.425,-0.018500,0.004875,0.130000,-0.019727,0.003364,0.130242,0.083411,-0.034826,-0.233008,0.249926,19.732000
69.450,-0.018500,0.004960,0.130000,-0.019702,0.003420,0.130249,0.082327,-0.035794,-0.231204,0.248021,18.909000
69.475,-0.018500,0.005045,0.130000,-0.019656,0.003556,0.130271,0.081431,-0.036499,-0.229452,0.246194,20.082000
69.500,-0.018500,0.005130,0.130000,-0.019651,0.003588,0.130288,0.080551,-0.037052,-0.227825,0.244470,19.231000
69.525,-0.018500,0.005215,0.130000,-0.019680,0.003645,0.130289,0.079523,-0.037892,-0.226374,0.242909,19.694000
69.550,-0.018500,0.005300,0.130000,-0.019623,0.003769,0.130303,0.078610,-0.038778,-0.225128,0.241590,18.981000
69.575,-0.018500,0.005385,0.130000,-0.019754,0.003751,0.130276,0.077876,-0.039426,-0.223925,0.240336,19.808000
69.600,-0.018500,0.005470,0.130000,-0.019587,0.003949,0.130299,0.077038,-0.039348,-0.222621,0.238837,19.069000
69.625,-0.018500,0.005555,0.130000,-0.019537,0.004121,0.130293,0.075879,-0.039159,-0.221145,0.237057,19.580000
69.650,-0.018500,0.005640,0.130000,-0.019460,0.004416,0.130280,0.074749,-0.039108,-0.219519,0.235171,18.298000
69.675,-0.018500,0.005725,0.130000,-0.019562,0.004565,0.130233,0.073714,-0.039086,-0.217842,0.233274,17.152000
69.700,-0.018500,0.005810,0.130000,-0.019434,0.004827,0.130236,0.072583,-0.039318,-0.216132,0.231359,16.089000
69.725,-0.018500,0.005895,0.130000,-0.019417,0.005017,0.130205,0.071613,-0.039553,-0.214494,0.229566,17.307000
69.750,-0.018500,0.005980,0.130000,-0.019512,0.005049,0.130173,0.070589,-0.039966,-0.212936,0.227864,16.257000
69.775,-0.018500,0.006065,0.130000,-0.019454,0.005208,0.130167,0.069811,-0.040263,-0.211553,0.226383,17.086000
69.800,-0.018500,0.006150,0.130000,-0.019475,0.005228,0.130159,0.069139,-0.040218,-0.210293,0.224991,16.266000
69.825,-0.018500,0.006235,0.130000,-0.019407,0.005354,0.130161,0.068142,-0.040299,-0.208960,0.223454,19.823000
69.850,-0.018500,0.006320,0.130000,-0.019337,0.005528,0.130149,0.067190,-0.040526,-0.207505,0.221845,17.691000
69.875,-0.018500,0.006405,0.130000,-0.019430,0.005560,0.130115,0.066349,-0.040789,-0.205983,0.220215,16.819000
69.900,-0.018500,0.006490,0.130000,-0.019280,0.005711,0.130134,0.065565,-0.041023,-0.204440,0.218580,16.260000
69.925,-0.018500,0.006575,0.130000,-0.019324,0.005756,0.130124,0.064577,-0.041522,-0.202865,0.216907,16.385000
69.950,-0.018500,0.006660,0.130000,-0.019215,0.005881,0.130162,0.063590,-0.042108,-0.201429,0.215384,16.336000
69.975,-0.018500,0.006745,0.130000,-0.019267,0.005930,0.130150,0.062939,-0.042548,-0.200188,0.214119,16.331000
70.000,-0.018500,0.006830,0.130000,-0.019304,0.005928,0.130154,0.062406,-0.042862,-0.199167,0.213071,16.509000
70.025,-0.018500,0.006915,0.130000,-0.019248,0.006006,0.130176,0.061634,-0.043418,-0.198233,0.212085,16.373000
70.050,-0.018500,0.007000,0.130000,-0.019206,0.006101,0.130180,0.061072,-0.043895,-0.197313,0.211161,16.399000
70.075,-0.018500,0.007085,0.130000,-0.019069,0.006255,0.130225,0.060377,-0.044572,-0.196343,0.210196,16.542000
70.100,-0.018500,0.007170,0.130000,-0.019167,0.006230,0.130204,0.059951,-0.045031,-0.195341,0.209236,16.170000
70.125,-0.018500,0.007255,0.130000,-0.019091,0.006292,0.130228,0.059263,-0.045663,-0.194202,0.208114,16.158000
70.150,-0.018500,0.007340,0.130000,-0.019045,0.006387,0.130238,0.058599,-0.046270,-0.192978,0.206919,15.900000
70.175,-0.018500,0.007425,0.130000,-0.019011,0.006488,0.130247,0.058094,-0.046733,-0.191675,0.205666,16.385000
70.200,-0.018500,0.007510,0.130000,-0.018985,0.006537,0.130260,0.057756,-0.047144,-0.190318,0.204399,15.847000
70.225,-0.018500,0.007595,0.130000,-0.018784,0.006690,0.130313,0.057396,-0.047713,-0.188996,0.203200,16.693000
70.250,-0.018500,0.007680,0.130000,-0.018646,0.006779,0.130360,0.057011,-0.048337,-0.187844,0.202169,16.056000
70.275,-0.018500,0.007765,0.130000,-0.018646,0.006788,0.130377,0.056824,-0.048648,-0.186923,0.201335,16.727000
70.300,-0.018500,0.007850,0.130000,-0.018426,0.006995,0.130429,0.056580,-0.048665,-0.186205,0.200603,15.741000
70.325,-0.018500,0.007935,0.130000,-0.018382,0.007128,0.130414,0.056217,-0.048414,-0.185587,0.199867,16.201000
70.350,-0.018500,0.008020,0.130000,-0.018335,0.007390,0.130384,0.055745,-0.047503,-0.185040,0.199007,15.773000
70.375,-0.018500,0.008105,0.130000,-0.018364,0.007659,0.130332,0.054982,-0.046809,-0.184248,0.197892,17.656000
70.400,-0.018500,0.008190,0.130000,-0.018539,0.007902,0.130222,0.054417,-0.046185,-0.183172,0.196587,18.857000
70.425,-0.018500,0.008275,0.130000,-0.018594,0.008146,0.130145,0.053875,-0.046056,-0.181778,0.195107,19.051000
70.450,-0.018500,0.008360,0.130000,-0.018645,0.008229,0.130100,0.053316,-0.046170,-0.180128,0.193443,18.682000
70.475,-0.018500,0.008445,0.130000,-0.018687,0.008272,0.130072,0.052738,-0.046188,-0.178455,0.191731,19.203000
70.500,-0.018500,0.008530,0.130000,-0.018721,0.008326,0.130075,0.052059,-0.046194,-0.176761,0.189970,19.015000
70.525,-0.018500,0.008615,0.130000,-0.018801,0.008323,0.130055,0.051474,-0.046041,-0.175063,0.188192,18.618000
70.550,-0.018500,0.008700,0.130000,-0.018774,0.008414,0.130065,0.050802,-0.045999,-0.173429,0.186479,18.710000
70.575,-0.018500,0.008785,0.130000,-0.018820,0.008466,0.130057,0.050267,-0.045871,-0.171868,0.184850,19.341000
70.600,-0.018500,0.008870,0.130000,-0.018821,0.008524,0.130078,0.049762,-0.045822,-0.170449,0.183382,18.877000
70.625,-0.018500,0.008955,0.130000,-0.018817,0.008570,0.130098,0.049237,-0.045950,-0.169180,0.182092,19.115000
70.650,-0.018460,0.009000,0.130000,-0.018822,0.008649,0.130092,0.048727,-0.046156,-0.168027,0.180936,18.819000
70.675,-0.018375,0.009000,0.130000,-0.018783,0.008741,0.130112,0.048324,-0.046280,-0.167008,0.179913,19.784000
70.700,-0.018290,0.009000,0.130000,-0.018902,0.008669,0.130089,0.048148,-0.046073,-0.166033,0.178908,19.587000
70.725,-0.018205,0.009000,0.130000,-0.018906,0.008652,0.130099,0.047965,-0.045585,-0.165113,0.177879,17.887000
70.750,-0.018120,0.009000,0.130000,-0.018887,0.008690,0.130105,0.047709,-0.044967,-0.164142,0.176751,19.202000
70.775,-0.018035,0.009000,0.130000,-0.018888,0.008743,0.130102,0.047479,-0.044334,-0.163053,0.175517,19.231000
70.800,-0.018035,0.009000,0.130000,-0.018866,0.008798,0.130106,0.047232,-0.043765,-0.161847,0.174186,19.204000
70.825,-0.017865,0.009000,0.130000,-0.018845,0.008840,0.130114,0.046937,-0.043300,-0.160541,0.172775,19.414000
70.850,-0.017780,0.009000,0.130000,-0.018841,0.008861,0.130122,0.046620,-0.042908,-0.159177,0.171324,18.721000
70.875,-0.017695,0.009000,0.130000,-0.018847,0.008869,0.130130,0.046298,-0.042536,-0.157859,0.169919,17.737000
70.900,-0.017610,0.009000,0.130000,-0.018859,0.008874,0.130137,0.046004,-0.042164,-0.156714,0.168681,18.841000
70.925,-0.017525,0.009000,0.130000,-0.018873,0.008883,0.130140,0.045763,-0.041833,-0.155736,0.167624,19.021000
70.950,-0.017440,0.009000,0.130000,-0.018879,0.008894,0.130144,0.045563,-0.041575,-0.154795,0.166632,18.636000
70.975,-0.017355,0.009000,0.130000,-0.018874,0.008899,0.130152,0.045370,-0.041353,-0.153819,0.165617,20.003000
71.000,-0.017270,0.009000,0.130000,-0.018865,0.008899,0.130163,0.045164,-0.041122,-0.152817,0.164572,19.871000
71.025,-0.017185,0.009000,0.130000,-0.018859,0.008898,0.130173,0.044944,-0.040873,-0.151820,0.163523,19.558000
71.050,-0.017100,0.009000,0.130000,-0.018858,0.008899,0.130181,0.044723,-0.040617,-0.150855,0.162502,18.861000
71.075,-0.017015,0.009000,0.130000,-0.018860,0.008901,0.130188,0.044514,-0.040362,-0.149945,0.161537,18.521000
71.100,-0.016930,0.009000,0.130000,-0.018861,0.008905,0.130194,0.044317,-0.040117,-0.149091,0.160628,19.109000
71.125,-0.016845,0.009000,0.130000,-0.018862,0.008909,0.130200,0.044133,-0.039892,-0.148268,0.159757,17.972000
